  0.00e+00	  0.00e+00	0.00000e+00
  0.00e+00	  5.21e-04	0.00000e+00
  0.00e+00	  1.04e-03	0.00000e+00
  0.00e+00	  1.56e-03	0.00000e+00
  0.00e+00	  2.08e-03	0.00000e+00
  0.00e+00	  2.60e-03	0.00000e+00
  0.00e+00	  3.12e-03	0.00000e+00
  0.00e+00	  3.65e-03	0.00000e+00
  0.00e+00	  4.17e-03	0.00000e+00
  0.00e+00	  4.69e-03	0.00000e+00
  0.00e+00	  5.21e-03	0.00000e+00
  0.00e+00	  5.73e-03	0.00000e+00
  0.00e+00	  6.25e-03	0.00000e+00
  0.00e+00	  6.77e-03	0.00000e+00
  0.00e+00	  7.29e-03	0.00000e+00
  0.00e+00	  7.81e-03	0.00000e+00
  0.00e+00	  8.33e-03	0.00000e+00
  0.00e+00	  8.85e-03	0.00000e+00
  0.00e+00	  9.37e-03	-1.64794e-28
  0.00e+00	  9.90e-03	7.26431e+00
  0.00e+00	  1.04e-02	5.23300e+00
  0.00e+00	  1.09e-02	3.86195e+00
  0.00e+00	  1.15e-02	3.02301e+00
  0.00e+00	  1.20e-02	2.46664e+00
  0.00e+00	  1.25e-02	2.08224e+00
  0.00e+00	  1.30e-02	1.80498e+00
  0.00e+00	  1.35e-02	1.59590e+00
  0.00e+00	  1.41e-02	1.43159e+00
  0.00e+00	  1.46e-02	1.29761e+00
  0.00e+00	  1.51e-02	1.18467e+00
  0.00e+00	  1.56e-02	1.08660e+00
  0.00e+00	  1.61e-02	9.99190e-01
  0.00e+00	  1.67e-02	9.19530e-01
  0.00e+00	  1.72e-02	8.45586e-01
  0.00e+00	  1.77e-02	7.75924e-01
  0.00e+00	  1.82e-02	7.09536e-01
  0.00e+00	  1.88e-02	6.45703e-01
  0.00e+00	  1.93e-02	5.83913e-01
  0.00e+00	  1.98e-02	5.23793e-01
  0.00e+00	  2.03e-02	4.65062e-01
  0.00e+00	  2.08e-02	4.07501e-01
  0.00e+00	  2.14e-02	3.50930e-01
  0.00e+00	  2.19e-02	2.95195e-01
  0.00e+00	  2.24e-02	2.40153e-01
  0.00e+00	  2.29e-02	1.85671e-01
  0.00e+00	  2.34e-02	1.31618e-01
  0.00e+00	  2.40e-02	7.78647e-02
  0.00e+00	  2.45e-02	2.42836e-02
  0.00e+00	  2.50e-02	-2.92534e-02
  0.00e+00	  2.55e-02	-8.28741e-02
  0.00e+00	  2.60e-02	-1.36705e-01
  0.00e+00	  2.66e-02	-1.90874e-01
  0.00e+00	  2.71e-02	-2.45506e-01
  0.00e+00	  2.76e-02	-3.00728e-01
  0.00e+00	  2.81e-02	-3.56670e-01
  0.00e+00	  2.86e-02	-4.13467e-01
  0.00e+00	  2.92e-02	-4.71269e-01
  0.00e+00	  2.97e-02	-5.30246e-01
  0.00e+00	  3.02e-02	-5.90608e-01
  0.00e+00	  3.07e-02	-6.52625e-01
  0.00e+00	  3.13e-02	-7.16659e-01
  0.00e+00	  3.18e-02	-7.83212e-01
  0.00e+00	  3.23e-02	-8.52988e-01
  0.00e+00	  3.28e-02	-9.26985e-01
  0.00e+00	  3.33e-02	-1.00663e+00
  0.00e+00	  3.39e-02	-1.09394e+00
  0.00e+00	  3.44e-02	-1.19182e+00
  0.00e+00	  3.49e-02	-1.30448e+00
  0.00e+00	  3.54e-02	-1.43808e+00
  0.00e+00	  3.59e-02	-1.60192e+00
  0.00e+00	  3.65e-02	-1.81044e+00
  0.00e+00	  3.70e-02	-2.08704e+00
  0.00e+00	  3.75e-02	-2.47070e+00
  0.00e+00	  3.80e-02	-3.02624e+00
  0.00e+00	  3.85e-02	-3.86428e+00
  0.00e+00	  3.91e-02	-5.23442e+00
  0.00e+00	  3.96e-02	-7.26488e+00
  0.00e+00	  4.01e-02	1.64811e-28
  0.00e+00	  4.06e-02	0.00000e+00
  0.00e+00	  4.11e-02	0.00000e+00
  0.00e+00	  4.17e-02	0.00000e+00
  0.00e+00	  4.22e-02	0.00000e+00
  0.00e+00	  4.27e-02	0.00000e+00
  0.00e+00	  4.32e-02	0.00000e+00
  0.00e+00	  4.37e-02	0.00000e+00
  0.00e+00	  4.43e-02	0.00000e+00
  0.00e+00	  4.48e-02	0.00000e+00
  0.00e+00	  4.53e-02	0.00000e+00
  0.00e+00	  4.58e-02	0.00000e+00
  0.00e+00	  4.64e-02	0.00000e+00
  0.00e+00	  4.69e-02	0.00000e+00
  0.00e+00	  4.74e-02	0.00000e+00
  0.00e+00	  4.79e-02	0.00000e+00
  0.00e+00	  4.84e-02	0.00000e+00
  0.00e+00	  4.90e-02	0.00000e+00
  0.00e+00	  4.95e-02	0.00000e+00

  0.00e+00	  0.00e+00	0.00000e+00
  0.00e+00	  5.21e-04	0.00000e+00
  0.00e+00	  1.04e-03	0.00000e+00
  0.00e+00	  1.56e-03	0.00000e+00
  0.00e+00	  2.08e-03	0.00000e+00
  0.00e+00	  2.60e-03	0.00000e+00
  0.00e+00	  3.12e-03	0.00000e+00
  0.00e+00	  3.65e-03	0.00000e+00
  0.00e+00	  4.17e-03	0.00000e+00
  0.00e+00	  4.69e-03	0.00000e+00
  0.00e+00	  5.21e-03	0.00000e+00
  0.00e+00	  5.73e-03	0.00000e+00
  0.00e+00	  6.25e-03	0.00000e+00
  0.00e+00	  6.77e-03	0.00000e+00
  0.00e+00	  7.29e-03	0.00000e+00
  0.00e+00	  7.81e-03	0.00000e+00
  0.00e+00	  8.33e-03	0.00000e+00
  0.00e+00	  8.85e-03	-3.84000e+02
  0.00e+00	  9.37e-03	5.90778e-31
  0.00e+00	  9.90e-03	8.06598e-01
  0.00e+00	  1.04e-02	1.32503e+00
  0.00e+00	  1.09e-02	1.30171e+00
  0.00e+00	  1.15e-02	1.19300e+00
  0.00e+00	  1.20e-02	1.07336e+00
  0.00e+00	  1.25e-02	9.63433e-01
  0.00e+00	  1.30e-02	8.70185e-01
  0.00e+00	  1.35e-02	7.92561e-01
  0.00e+00	  1.41e-02	7.27263e-01
  0.00e+00	  1.46e-02	6.71098e-01
  0.00e+00	  1.51e-02	6.21521e-01
  0.00e+00	  1.56e-02	5.76644e-01
  0.00e+00	  1.61e-02	5.35112e-01
  0.00e+00	  1.67e-02	4.95984e-01
  0.00e+00	  1.72e-02	4.58617e-01
  0.00e+00	  1.77e-02	4.22584e-01
  0.00e+00	  1.82e-02	3.87606e-01
  0.00e+00	  1.88e-02	3.53502e-01
  0.00e+00	  1.93e-02	3.20151e-01
  0.00e+00	  1.98e-02	2.87471e-01
  0.00e+00	  2.03e-02	2.55395e-01
  0.00e+00	  2.08e-02	2.23868e-01
  0.00e+00	  2.14e-02	1.92836e-01
  0.00e+00	  2.19e-02	1.62241e-01
  0.00e+00	  2.24e-02	1.32023e-01
  0.00e+00	  2.29e-02	1.02119e-01
  0.00e+00	  2.34e-02	7.24584e-02
  0.00e+00	  2.40e-02	4.29715e-02
  0.00e+00	  2.45e-02	1.35842e-02
  0.00e+00	  2.50e-02	-1.57784e-02
  0.00e+00	  2.55e-02	-4.51915e-02
  0.00e+00	  2.60e-02	-7.47296e-02
  0.00e+00	  2.66e-02	-1.04466e-01
  0.00e+00	  2.71e-02	-1.34469e-01
  0.00e+00	  2.76e-02	-1.64807e-01
  0.00e+00	  2.81e-02	-1.95541e-01
  0.00e+00	  2.86e-02	-2.26727e-01
  0.00e+00	  2.92e-02	-2.58420e-01
  0.00e+00	  2.97e-02	-2.90667e-01
  0.00e+00	  3.02e-02	-3.23521e-01
  0.00e+00	  3.07e-02	-3.57039e-01
  0.00e+00	  3.13e-02	-3.91297e-01
  0.00e+00	  3.18e-02	-4.26407e-01
  0.00e+00	  3.23e-02	-4.62542e-01
  0.00e+00	  3.28e-02	-4.99974e-01
  0.00e+00	  3.33e-02	-5.39122e-01
  0.00e+00	  3.39e-02	-5.80620e-01
  0.00e+00	  3.44e-02	-6.25407e-01
  0.00e+00	  3.49e-02	-6.74834e-01
  0.00e+00	  3.54e-02	-7.30790e-01
  0.00e+00	  3.59e-02	-7.95820e-01
  0.00e+00	  3.65e-02	-8.73124e-01
  0.00e+00	  3.70e-02	-9.66006e-01
  0.00e+00	  3.75e-02	-1.07553e+00
  0.00e+00	  3.80e-02	-1.19473e+00
  0.00e+00	  3.85e-02	-1.30298e+00
  0.00e+00	  3.91e-02	-1.32581e+00
  0.00e+00	  3.96e-02	3.83193e+02
  0.00e+00	  4.01e-02	-5.90640e-31
  0.00e+00	  4.06e-02	0.00000e+00
  0.00e+00	  4.11e-02	0.00000e+00
  0.00e+00	  4.17e-02	0.00000e+00
  0.00e+00	  4.22e-02	0.00000e+00
  0.00e+00	  4.27e-02	0.00000e+00
  0.00e+00	  4.32e-02	0.00000e+00
  0.00e+00	  4.37e-02	0.00000e+00
  0.00e+00	  4.43e-02	0.00000e+00
  0.00e+00	  4.48e-02	0.00000e+00
  0.00e+00	  4.53e-02	0.00000e+00
  0.00e+00	  4.58e-02	0.00000e+00
  0.00e+00	  4.64e-02	0.00000e+00
  0.00e+00	  4.69e-02	0.00000e+00
  0.00e+00	  4.74e-02	0.00000e+00
  0.00e+00	  4.79e-02	0.00000e+00
  0.00e+00	  4.84e-02	0.00000e+00
  0.00e+00	  4.90e-02	0.00000e+00
  0.00e+00	  4.95e-02	0.00000e+00

  7.81e-04	  0.00e+00	0.00000e+00
  7.81e-04	  5.21e-04	0.00000e+00
  7.81e-04	  1.04e-03	0.00000e+00
  7.81e-04	  1.56e-03	0.00000e+00
  7.81e-04	  2.08e-03	0.00000e+00
  7.81e-04	  2.60e-03	0.00000e+00
  7.81e-04	  3.12e-03	0.00000e+00
  7.81e-04	  3.65e-03	0.00000e+00
  7.81e-04	  4.17e-03	-3.75179e-293
  7.81e-04	  4.69e-03	-2.50199e-260
  7.81e-04	  5.21e-03	-1.66838e-227
  7.81e-04	  5.73e-03	-1.11243e-194
  7.81e-04	  6.25e-03	-7.41704e-162
  7.81e-04	  6.77e-03	-4.94508e-129
  7.81e-04	  7.29e-03	-3.29690e-96
  7.81e-04	  7.81e-03	-2.19802e-63
  7.81e-04	  8.33e-03	-1.46539e-30
  7.81e-04	  8.85e-03	-3.75828e+02
  7.81e-04	  9.37e-03	-1.04576e+01
  7.81e-04	  9.90e-03	9.70672e-01
  7.81e-04	  1.04e-02	1.32642e+00
  7.81e-04	  1.09e-02	1.17623e+00
  7.81e-04	  1.15e-02	1.08250e+00
  7.81e-04	  1.20e-02	9.98691e-01
  7.81e-04	  1.25e-02	9.21907e-01
  7.81e-04	  1.30e-02	8.54407e-01
  7.81e-04	  1.35e-02	7.95680e-01
  7.81e-04	  1.41e-02	7.43843e-01
  7.81e-04	  1.46e-02	6.96938e-01
  7.81e-04	  1.51e-02	6.53378e-01
  7.81e-04	  1.56e-02	6.12017e-01
  7.81e-04	  1.61e-02	5.72086e-01
  7.81e-04	  1.67e-02	5.33114e-01
  7.81e-04	  1.72e-02	4.94842e-01
  7.81e-04	  1.77e-02	4.57151e-01
  7.81e-04	  1.82e-02	4.20002e-01
  7.81e-04	  1.88e-02	3.83402e-01
  7.81e-04	  1.93e-02	3.47370e-01
  7.81e-04	  1.98e-02	3.11922e-01
  7.81e-04	  2.03e-02	2.77062e-01
  7.81e-04	  2.08e-02	2.42776e-01
  7.81e-04	  2.14e-02	2.09036e-01
  7.81e-04	  2.19e-02	1.75795e-01
  7.81e-04	  2.24e-02	1.42995e-01
  7.81e-04	  2.29e-02	1.10566e-01
  7.81e-04	  2.34e-02	7.84309e-02
  7.81e-04	  2.40e-02	4.65044e-02
  7.81e-04	  2.45e-02	1.46987e-02
  7.81e-04	  2.50e-02	-1.70769e-02
  7.81e-04	  2.55e-02	-4.89137e-02
  7.81e-04	  2.60e-02	-8.09026e-02
  7.81e-04	  2.66e-02	-1.13132e-01
  7.81e-04	  2.71e-02	-1.45687e-01
  7.81e-04	  2.76e-02	-1.78646e-01
  7.81e-04	  2.81e-02	-2.12082e-01
  7.81e-04	  2.86e-02	-2.46057e-01
  7.81e-04	  2.92e-02	-2.80622e-01
  7.81e-04	  2.97e-02	-3.15815e-01
  7.81e-04	  3.02e-02	-3.51660e-01
  7.81e-04	  3.07e-02	-3.88174e-01
  7.81e-04	  3.13e-02	-4.25367e-01
  7.81e-04	  3.18e-02	-4.63259e-01
  7.81e-04	  3.23e-02	-5.01906e-01
  7.81e-04	  3.28e-02	-5.41438e-01
  7.81e-04	  3.33e-02	-5.82125e-01
  7.81e-04	  3.39e-02	-6.24482e-01
  7.81e-04	  3.44e-02	-6.69428e-01
  7.81e-04	  3.49e-02	-7.18548e-01
  7.81e-04	  3.54e-02	-7.74540e-01
  7.81e-04	  3.59e-02	-8.41934e-01
  7.81e-04	  3.65e-02	-9.27902e-01
  7.81e-04	  3.70e-02	-1.04161e+00
  7.81e-04	  3.75e-02	-1.19855e+00
  7.81e-04	  3.80e-02	-1.48979e+00
  7.81e-04	  3.85e-02	-1.60290e+00
  7.81e-04	  3.91e-02	9.72825e+00
  7.81e-04	  3.96e-02	3.75599e+02
  7.81e-04	  4.01e-02	1.17077e-30
  7.81e-04	  4.06e-02	2.19802e-63
  7.81e-04	  4.11e-02	3.29689e-96
  7.81e-04	  4.17e-02	4.94505e-129
  7.81e-04	  4.22e-02	7.41698e-162
  7.81e-04	  4.27e-02	1.11242e-194
  7.81e-04	  4.32e-02	1.66836e-227
  7.81e-04	  4.37e-02	2.50197e-260
  7.81e-04	  4.43e-02	3.75176e-293
  7.81e-04	  4.48e-02	0.00000e+00
  7.81e-04	  4.53e-02	0.00000e+00
  7.81e-04	  4.58e-02	0.00000e+00
  7.81e-04	  4.64e-02	0.00000e+00
  7.81e-04	  4.69e-02	0.00000e+00
  7.81e-04	  4.74e-02	0.00000e+00
  7.81e-04	  4.79e-02	0.00000e+00
  7.81e-04	  4.84e-02	0.00000e+00
  7.81e-04	  4.90e-02	0.00000e+00
  7.81e-04	  4.95e-02	0.00000e+00

  1.56e-03	  0.00e+00	0.00000e+00
  1.56e-03	  5.21e-04	0.00000e+00
  1.56e-03	  1.04e-03	0.00000e+00
  1.56e-03	  1.56e-03	0.00000e+00
  1.56e-03	  2.08e-03	0.00000e+00
  1.56e-03	  2.60e-03	0.00000e+00
  1.56e-03	  3.12e-03	0.00000e+00
  1.56e-03	  3.65e-03	0.00000e+00
  1.56e-03	  4.17e-03	-3.46550e-293
  1.56e-03	  4.69e-03	-2.31346e-260
  1.56e-03	  5.21e-03	-1.54375e-227
  1.56e-03	  5.73e-03	-1.02981e-194
  1.56e-03	  6.25e-03	-6.86812e-162
  1.56e-03	  6.77e-03	-4.57993e-129
  1.56e-03	  7.29e-03	-3.05384e-96
  1.56e-03	  7.81e-03	-2.03617e-63
  1.56e-03	  8.33e-03	-1.35761e-30
  1.56e-03	  8.85e-03	-3.65833e+02
  1.56e-03	  9.37e-03	-2.15633e+01
  1.56e-03	  9.90e-03	3.10195e-01
  1.56e-03	  1.04e-02	1.46322e+00
  1.56e-03	  1.09e-02	1.22252e+00
  1.56e-03	  1.15e-02	1.09683e+00
  1.56e-03	  1.20e-02	1.00940e+00
  1.56e-03	  1.25e-02	9.37146e-01
  1.56e-03	  1.30e-02	8.77674e-01
  1.56e-03	  1.35e-02	8.27601e-01
  1.56e-03	  1.41e-02	7.83315e-01
  1.56e-03	  1.46e-02	7.42047e-01
  1.56e-03	  1.51e-02	7.02009e-01
  1.56e-03	  1.56e-02	6.62198e-01
  1.56e-03	  1.61e-02	6.22154e-01
  1.56e-03	  1.67e-02	5.81771e-01
  1.56e-03	  1.72e-02	5.41140e-01
  1.56e-03	  1.77e-02	5.00451e-01
  1.56e-03	  1.82e-02	4.59915e-01
  1.56e-03	  1.88e-02	4.19730e-01
  1.56e-03	  1.93e-02	3.80049e-01
  1.56e-03	  1.98e-02	3.40979e-01
  1.56e-03	  2.03e-02	3.02580e-01
  1.56e-03	  2.08e-02	2.64869e-01
  1.56e-03	  2.14e-02	2.27825e-01
  1.56e-03	  2.19e-02	1.91401e-01
  1.56e-03	  2.24e-02	1.55528e-01
  1.56e-03	  2.29e-02	1.20119e-01
  1.56e-03	  2.34e-02	8.50778e-02
  1.56e-03	  2.40e-02	5.02998e-02
  1.56e-03	  2.45e-02	1.56751e-02
  1.56e-03	  2.50e-02	-1.89088e-02
  1.56e-03	  2.55e-02	-5.35655e-02
  1.56e-03	  2.60e-02	-8.84083e-02
  1.56e-03	  2.66e-02	-1.23549e-01
  1.56e-03	  2.71e-02	-1.59095e-01
  1.56e-03	  2.76e-02	-1.95150e-01
  1.56e-03	  2.81e-02	-2.31808e-01
  1.56e-03	  2.86e-02	-2.69154e-01
  1.56e-03	  2.92e-02	-3.07259e-01
  1.56e-03	  2.97e-02	-3.46174e-01
  1.56e-03	  3.02e-02	-3.85930e-01
  1.56e-03	  3.07e-02	-4.26536e-01
  1.56e-03	  3.13e-02	-4.67977e-01
  1.56e-03	  3.18e-02	-5.10231e-01
  1.56e-03	  3.23e-02	-5.53284e-01
  1.56e-03	  3.28e-02	-5.97188e-01
  1.56e-03	  3.33e-02	-6.42146e-01
  1.56e-03	  3.39e-02	-6.88674e-01
  1.56e-03	  3.44e-02	-7.37865e-01
  1.56e-03	  3.49e-02	-7.91838e-01
  1.56e-03	  3.54e-02	-8.54403e-01
  1.56e-03	  3.59e-02	-9.31738e-01
  1.56e-03	  3.65e-02	-1.03175e+00
  1.56e-03	  3.70e-02	-1.16079e+00
  1.56e-03	  3.75e-02	-1.34454e+00
  1.56e-03	  3.80e-02	-1.69508e+00
  1.56e-03	  3.85e-02	-8.80315e-01
  1.56e-03	  3.91e-02	2.11022e+01
  1.56e-03	  3.96e-02	3.65786e+02
  1.56e-03	  4.01e-02	1.15891e-30
  1.56e-03	  4.06e-02	2.03615e-63
  1.56e-03	  4.11e-02	3.05379e-96
  1.56e-03	  4.17e-02	4.57985e-129
  1.56e-03	  4.22e-02	6.86798e-162
  1.56e-03	  4.27e-02	1.02979e-194
  1.56e-03	  4.32e-02	1.54372e-227
  1.56e-03	  4.37e-02	2.31342e-260
  1.56e-03	  4.43e-02	3.46544e-293
  1.56e-03	  4.48e-02	0.00000e+00
  1.56e-03	  4.53e-02	0.00000e+00
  1.56e-03	  4.58e-02	0.00000e+00
  1.56e-03	  4.64e-02	0.00000e+00
  1.56e-03	  4.69e-02	0.00000e+00
  1.56e-03	  4.74e-02	0.00000e+00
  1.56e-03	  4.79e-02	0.00000e+00
  1.56e-03	  4.84e-02	0.00000e+00
  1.56e-03	  4.90e-02	0.00000e+00
  1.56e-03	  4.95e-02	0.00000e+00

  2.34e-03	  0.00e+00	0.00000e+00
  2.34e-03	  5.21e-04	0.00000e+00
  2.34e-03	  1.04e-03	0.00000e+00
  2.34e-03	  1.56e-03	0.00000e+00
  2.34e-03	  2.08e-03	0.00000e+00
  2.34e-03	  2.60e-03	0.00000e+00
  2.34e-03	  3.12e-03	0.00000e+00
  2.34e-03	  3.65e-03	0.00000e+00
  2.34e-03	  4.17e-03	-3.33044e-293
  2.34e-03	  4.69e-03	-2.22382e-260
  2.34e-03	  5.21e-03	-1.48442e-227
  2.34e-03	  5.73e-03	-9.90542e-195
  2.34e-03	  6.25e-03	-6.60802e-162
  2.34e-03	  6.77e-03	-4.40746e-129
  2.34e-03	  7.29e-03	-2.93939e-96
  2.34e-03	  7.81e-03	-1.96020e-63
  2.34e-03	  8.33e-03	-1.30717e-30
  2.34e-03	  8.85e-03	-3.55329e+02
  2.34e-03	  9.37e-03	-3.20570e+01
  2.34e-03	  9.90e-03	-1.06573e+00
  2.34e-03	  1.04e-02	1.51900e+00
  2.34e-03	  1.09e-02	1.29818e+00
  2.34e-03	  1.15e-02	1.15372e+00
  2.34e-03	  1.20e-02	1.06607e+00
  2.34e-03	  1.25e-02	9.95253e-01
  2.34e-03	  1.30e-02	9.38427e-01
  2.34e-03	  1.35e-02	8.92008e-01
  2.34e-03	  1.41e-02	8.51164e-01
  2.34e-03	  1.46e-02	8.12095e-01
  2.34e-03	  1.51e-02	7.72540e-01
  2.34e-03	  1.56e-02	7.31482e-01
  2.34e-03	  1.61e-02	6.88728e-01
  2.34e-03	  1.67e-02	6.44544e-01
  2.34e-03	  1.72e-02	5.99402e-01
  2.34e-03	  1.77e-02	5.53814e-01
  2.34e-03	  1.82e-02	5.08245e-01
  2.34e-03	  1.88e-02	4.63067e-01
  2.34e-03	  1.93e-02	4.18545e-01
  2.34e-03	  1.98e-02	3.74846e-01
  2.34e-03	  2.03e-02	3.32055e-01
  2.34e-03	  2.08e-02	2.90186e-01
  2.34e-03	  2.14e-02	2.49205e-01
  2.34e-03	  2.19e-02	2.09037e-01
  2.34e-03	  2.24e-02	1.69586e-01
  2.34e-03	  2.29e-02	1.30735e-01
  2.34e-03	  2.34e-02	9.23555e-02
  2.34e-03	  2.40e-02	5.43138e-02
  2.34e-03	  2.45e-02	1.64713e-02
  2.34e-03	  2.50e-02	-2.13128e-02
  2.34e-03	  2.55e-02	-5.91799e-02
  2.34e-03	  2.60e-02	-9.72716e-02
  2.34e-03	  2.66e-02	-1.35728e-01
  2.34e-03	  2.71e-02	-1.74689e-01
  2.34e-03	  2.76e-02	-2.14291e-01
  2.34e-03	  2.81e-02	-2.54663e-01
  2.34e-03	  2.86e-02	-2.95932e-01
  2.34e-03	  2.92e-02	-3.38209e-01
  2.34e-03	  2.97e-02	-3.81592e-01
  2.34e-03	  3.02e-02	-4.26157e-01
  2.34e-03	  3.07e-02	-4.71952e-01
  2.34e-03	  3.13e-02	-5.18995e-01
  2.34e-03	  3.18e-02	-5.67272e-01
  2.34e-03	  3.23e-02	-6.16757e-01
  2.34e-03	  3.28e-02	-6.67457e-01
  2.34e-03	  3.33e-02	-7.19503e-01
  2.34e-03	  3.39e-02	-7.73344e-01
  2.34e-03	  3.44e-02	-8.30068e-01
  2.34e-03	  3.49e-02	-8.91905e-01
  2.34e-03	  3.54e-02	-9.62792e-01
  2.34e-03	  3.59e-02	-1.04819e+00
  2.34e-03	  3.65e-02	-1.15225e+00
  2.34e-03	  3.70e-02	-1.27630e+00
  2.34e-03	  3.75e-02	-1.46180e+00
  2.34e-03	  3.80e-02	-1.76820e+00
  2.34e-03	  3.85e-02	5.50423e-01
  2.34e-03	  3.91e-02	3.17210e+01
  2.34e-03	  3.96e-02	3.55347e+02
  2.34e-03	  4.01e-02	1.16003e-30
  2.34e-03	  4.06e-02	1.96014e-63
  2.34e-03	  4.11e-02	2.93929e-96
  2.34e-03	  4.17e-02	4.40729e-129
  2.34e-03	  4.22e-02	6.60774e-162
  2.34e-03	  4.27e-02	9.90498e-195
  2.34e-03	  4.32e-02	1.48436e-227
  2.34e-03	  4.37e-02	2.22373e-260
  2.34e-03	  4.43e-02	3.33031e-293
  2.34e-03	  4.48e-02	0.00000e+00
  2.34e-03	  4.53e-02	0.00000e+00
  2.34e-03	  4.58e-02	0.00000e+00
  2.34e-03	  4.64e-02	0.00000e+00
  2.34e-03	  4.69e-02	0.00000e+00
  2.34e-03	  4.74e-02	0.00000e+00
  2.34e-03	  4.79e-02	0.00000e+00
  2.34e-03	  4.84e-02	0.00000e+00
  2.34e-03	  4.90e-02	0.00000e+00
  2.34e-03	  4.95e-02	0.00000e+00

  3.12e-03	  0.00e+00	0.00000e+00
  3.12e-03	  5.21e-04	0.00000e+00
  3.12e-03	  1.04e-03	0.00000e+00
  3.12e-03	  1.56e-03	0.00000e+00
  3.12e-03	  2.08e-03	0.00000e+00
  3.12e-03	  2.60e-03	0.00000e+00
  3.12e-03	  3.12e-03	0.00000e+00
  3.12e-03	  3.65e-03	0.00000e+00
  3.12e-03	  4.17e-03	-3.19033e-293
  3.12e-03	  4.69e-03	-2.13103e-260
  3.12e-03	  5.21e-03	-1.42331e-227
  3.12e-03	  5.73e-03	-9.50341e-195
  3.12e-03	  6.25e-03	-6.34328e-162
  3.12e-03	  6.77e-03	-4.23281e-129
  3.12e-03	  7.29e-03	-2.82397e-96
  3.12e-03	  7.81e-03	-1.88382e-63
  3.12e-03	  8.33e-03	-1.25658e-30
  3.12e-03	  8.85e-03	-3.44727e+02
  3.12e-03	  9.37e-03	-4.17156e+01
  3.12e-03	  9.90e-03	-2.98845e+00
  3.12e-03	  1.04e-02	1.46909e+00
  3.12e-03	  1.09e-02	1.36789e+00
  3.12e-03	  1.15e-02	1.22053e+00
  3.12e-03	  1.20e-02	1.14303e+00
  3.12e-03	  1.25e-02	1.08169e+00
  3.12e-03	  1.30e-02	1.03103e+00
  3.12e-03	  1.35e-02	9.88661e-01
  3.12e-03	  1.41e-02	9.49825e-01
  3.12e-03	  1.46e-02	9.10416e-01
  3.12e-03	  1.51e-02	8.68164e-01
  3.12e-03	  1.56e-02	8.22413e-01
  3.12e-03	  1.61e-02	7.73531e-01
  3.12e-03	  1.67e-02	7.22374e-01
  3.12e-03	  1.72e-02	6.69919e-01
  3.12e-03	  1.77e-02	6.17056e-01
  3.12e-03	  1.82e-02	5.64492e-01
  3.12e-03	  1.88e-02	5.12731e-01
  3.12e-03	  1.93e-02	4.62095e-01
  3.12e-03	  1.98e-02	4.12750e-01
  3.12e-03	  2.03e-02	3.64747e-01
  3.12e-03	  2.08e-02	3.18054e-01
  3.12e-03	  2.14e-02	2.72580e-01
  3.12e-03	  2.19e-02	2.28198e-01
  3.12e-03	  2.24e-02	1.84756e-01
  3.12e-03	  2.29e-02	1.42090e-01
  3.12e-03	  2.34e-02	1.00030e-01
  3.12e-03	  2.40e-02	5.84019e-02
  3.12e-03	  2.45e-02	1.70315e-02
  3.12e-03	  2.50e-02	-2.42554e-02
  3.12e-03	  2.55e-02	-6.56324e-02
  3.12e-03	  2.60e-02	-1.07273e-01
  3.12e-03	  2.66e-02	-1.49350e-01
  3.12e-03	  2.71e-02	-1.92040e-01
  3.12e-03	  2.76e-02	-2.35516e-01
  3.12e-03	  2.81e-02	-2.79957e-01
  3.12e-03	  2.86e-02	-3.25541e-01
  3.12e-03	  2.92e-02	-3.72445e-01
  3.12e-03	  2.97e-02	-4.20844e-01
  3.12e-03	  3.02e-02	-4.70902e-01
  3.12e-03	  3.07e-02	-5.22770e-01
  3.12e-03	  3.13e-02	-5.76569e-01
  3.12e-03	  3.18e-02	-6.32384e-01
  3.12e-03	  3.23e-02	-6.90260e-01
  3.12e-03	  3.28e-02	-7.50212e-01
  3.12e-03	  3.33e-02	-8.12287e-01
  3.12e-03	  3.39e-02	-8.76715e-01
  3.12e-03	  3.44e-02	-9.44197e-01
  3.12e-03	  3.49e-02	-1.01631e+00
  3.12e-03	  3.54e-02	-1.09569e+00
  3.12e-03	  3.59e-02	-1.18477e+00
  3.12e-03	  3.65e-02	-1.28224e+00
  3.12e-03	  3.70e-02	-1.38896e+00
  3.12e-03	  3.75e-02	-1.56227e+00
  3.12e-03	  3.80e-02	-1.73468e+00
  3.12e-03	  3.85e-02	2.50123e+00
  3.12e-03	  3.91e-02	4.14382e+01
  3.12e-03	  3.96e-02	3.44765e+02
  3.12e-03	  4.01e-02	1.14177e-30
  3.12e-03	  4.06e-02	1.88372e-63
  3.12e-03	  4.11e-02	2.82379e-96
  3.12e-03	  4.17e-02	4.23251e-129
  3.12e-03	  4.22e-02	6.34281e-162
  3.12e-03	  4.27e-02	9.50270e-195
  3.12e-03	  4.32e-02	1.42321e-227
  3.12e-03	  4.37e-02	2.13088e-260
  3.12e-03	  4.43e-02	3.19010e-293
  3.12e-03	  4.48e-02	0.00000e+00
  3.12e-03	  4.53e-02	0.00000e+00
  3.12e-03	  4.58e-02	0.00000e+00
  3.12e-03	  4.64e-02	0.00000e+00
  3.12e-03	  4.69e-02	0.00000e+00
  3.12e-03	  4.74e-02	0.00000e+00
  3.12e-03	  4.79e-02	0.00000e+00
  3.12e-03	  4.84e-02	0.00000e+00
  3.12e-03	  4.90e-02	0.00000e+00
  3.12e-03	  4.95e-02	0.00000e+00

  3.91e-03	  0.00e+00	0.00000e+00
  3.91e-03	  5.21e-04	0.00000e+00
  3.91e-03	  1.04e-03	0.00000e+00
  3.91e-03	  1.56e-03	0.00000e+00
  3.91e-03	  2.08e-03	0.00000e+00
  3.91e-03	  2.60e-03	0.00000e+00
  3.91e-03	  3.12e-03	0.00000e+00
  3.91e-03	  3.65e-03	0.00000e+00
  3.91e-03	  4.17e-03	-3.05506e-293
  3.91e-03	  4.69e-03	-2.03987e-260
  3.91e-03	  5.21e-03	-1.36274e-227
  3.91e-03	  5.73e-03	-9.10358e-195
  3.91e-03	  6.25e-03	-6.07992e-162
  3.91e-03	  6.77e-03	-4.05932e-129
  3.91e-03	  7.29e-03	-2.70957e-96
  3.91e-03	  7.81e-03	-1.80830e-63
  3.91e-03	  8.33e-03	-1.20666e-30
  3.91e-03	  8.85e-03	-3.34180e+02
  3.91e-03	  9.37e-03	-5.05125e+01
  3.91e-03	  9.90e-03	-5.35133e+00
  3.91e-03	  1.04e-02	1.30717e+00
  3.91e-03	  1.09e-02	1.42477e+00
  3.91e-03	  1.15e-02	1.28892e+00
  3.91e-03	  1.20e-02	1.22776e+00
  3.91e-03	  1.25e-02	1.18408e+00
  3.91e-03	  1.30e-02	1.14582e+00
  3.91e-03	  1.35e-02	1.11047e+00
  3.91e-03	  1.41e-02	1.07378e+00
  3.91e-03	  1.46e-02	1.03209e+00
  3.91e-03	  1.51e-02	9.83932e-01
  3.91e-03	  1.56e-02	9.29712e-01
  3.91e-03	  1.61e-02	8.70933e-01
  3.91e-03	  1.67e-02	8.09420e-01
  3.91e-03	  1.72e-02	7.46845e-01
  3.91e-03	  1.77e-02	6.84514e-01
  3.91e-03	  1.82e-02	6.23329e-01
  3.91e-03	  1.88e-02	5.63833e-01
  3.91e-03	  1.93e-02	5.06294e-01
  3.91e-03	  1.98e-02	4.50785e-01
  3.91e-03	  2.03e-02	3.97245e-01
  3.91e-03	  2.08e-02	3.45534e-01
  3.91e-03	  2.14e-02	2.95461e-01
  3.91e-03	  2.19e-02	2.46813e-01
  3.91e-03	  2.24e-02	1.99367e-01
  3.91e-03	  2.29e-02	1.52896e-01
  3.91e-03	  2.34e-02	1.07179e-01
  3.91e-03	  2.40e-02	6.19953e-02
  3.91e-03	  2.45e-02	1.71337e-02
  3.91e-03	  2.50e-02	-2.76148e-02
  3.91e-03	  2.55e-02	-7.24557e-02
  3.91e-03	  2.60e-02	-1.17593e-01
  3.91e-03	  2.66e-02	-1.63231e-01
  3.91e-03	  2.71e-02	-2.09576e-01
  3.91e-03	  2.76e-02	-2.56843e-01
  3.91e-03	  2.81e-02	-3.05251e-01
  3.91e-03	  2.86e-02	-3.55034e-01
  3.91e-03	  2.92e-02	-4.06442e-01
  3.91e-03	  2.97e-02	-4.59744e-01
  3.91e-03	  3.02e-02	-5.15230e-01
  3.91e-03	  3.07e-02	-5.73212e-01
  3.91e-03	  3.13e-02	-6.34011e-01
  3.91e-03	  3.18e-02	-6.97941e-01
  3.91e-03	  3.23e-02	-7.65274e-01
  3.91e-03	  3.28e-02	-8.36197e-01
  3.91e-03	  3.33e-02	-9.10782e-01
  3.91e-03	  3.39e-02	-9.89006e-01
  3.91e-03	  3.44e-02	-1.07087e+00
  3.91e-03	  3.49e-02	-1.15656e+00
  3.91e-03	  3.54e-02	-1.24607e+00
  3.91e-03	  3.59e-02	-1.33727e+00
  3.91e-03	  3.65e-02	-1.42388e+00
  3.91e-03	  3.70e-02	-1.51040e+00
  3.91e-03	  3.75e-02	-1.66008e+00
  3.91e-03	  3.80e-02	-1.60216e+00
  3.91e-03	  3.85e-02	4.87158e+00
  3.91e-03	  3.91e-02	5.02635e+01
  3.91e-03	  3.96e-02	3.34220e+02
  3.91e-03	  4.01e-02	1.11554e-30
  3.91e-03	  4.06e-02	1.80813e-63
  3.91e-03	  4.11e-02	2.70928e-96
  3.91e-03	  4.17e-02	4.05886e-129
  3.91e-03	  4.22e-02	6.07921e-162
  3.91e-03	  4.27e-02	9.10252e-195
  3.91e-03	  4.32e-02	1.36258e-227
  3.91e-03	  4.37e-02	2.03963e-260
  3.91e-03	  4.43e-02	3.05464e-293
  3.91e-03	  4.48e-02	0.00000e+00
  3.91e-03	  4.53e-02	0.00000e+00
  3.91e-03	  4.58e-02	0.00000e+00
  3.91e-03	  4.64e-02	0.00000e+00
  3.91e-03	  4.69e-02	0.00000e+00
  3.91e-03	  4.74e-02	0.00000e+00
  3.91e-03	  4.79e-02	0.00000e+00
  3.91e-03	  4.84e-02	0.00000e+00
  3.91e-03	  4.90e-02	0.00000e+00
  3.91e-03	  4.95e-02	0.00000e+00

  4.69e-03	  0.00e+00	0.00000e+00
  4.69e-03	  5.21e-04	0.00000e+00
  4.69e-03	  1.04e-03	0.00000e+00
  4.69e-03	  1.56e-03	0.00000e+00
  4.69e-03	  2.08e-03	0.00000e+00
  4.69e-03	  2.60e-03	0.00000e+00
  4.69e-03	  3.12e-03	0.00000e+00
  4.69e-03	  3.65e-03	0.00000e+00
  4.69e-03	  4.17e-03	-2.92999e-293
  4.69e-03	  4.69e-03	-1.95284e-260
  4.69e-03	  5.21e-03	-1.30380e-227
  4.69e-03	  5.73e-03	-8.71053e-195
  4.69e-03	  6.25e-03	-5.81992e-162
  4.69e-03	  6.77e-03	-3.88794e-129
  4.69e-03	  7.29e-03	-2.59672e-96
  4.69e-03	  7.81e-03	-1.73397e-63
  4.69e-03	  8.33e-03	-1.15767e-30
  4.69e-03	  8.85e-03	-3.23748e+02
  4.69e-03	  9.37e-03	-5.84641e+01
  4.69e-03	  9.90e-03	-8.08220e+00
  4.69e-03	  1.04e-02	1.01991e+00
  4.69e-03	  1.09e-02	1.45996e+00
  4.69e-03	  1.15e-02	1.34716e+00
  4.69e-03	  1.20e-02	1.30071e+00
  4.69e-03	  1.25e-02	1.27560e+00
  4.69e-03	  1.30e-02	1.25174e+00
  4.69e-03	  1.35e-02	1.22444e+00
  4.69e-03	  1.41e-02	1.18962e+00
  4.69e-03	  1.46e-02	1.14447e+00
  4.69e-03	  1.51e-02	1.08874e+00
  4.69e-03	  1.56e-02	1.02436e+00
  4.69e-03	  1.61e-02	9.54309e-01
  4.69e-03	  1.67e-02	8.81593e-01
  4.69e-03	  1.72e-02	8.08649e-01
  4.69e-03	  1.77e-02	7.37148e-01
  4.69e-03	  1.82e-02	6.68063e-01
  4.69e-03	  1.88e-02	6.01838e-01
  4.69e-03	  1.93e-02	5.38565e-01
  4.69e-03	  1.98e-02	4.78126e-01
  4.69e-03	  2.03e-02	4.20290e-01
  4.69e-03	  2.08e-02	3.64770e-01
  4.69e-03	  2.14e-02	3.11260e-01
  4.69e-03	  2.19e-02	2.59457e-01
  4.69e-03	  2.24e-02	2.09065e-01
  4.69e-03	  2.29e-02	1.59804e-01
  4.69e-03	  2.34e-02	1.11408e-01
  4.69e-03	  2.40e-02	6.36237e-02
  4.69e-03	  2.45e-02	1.62095e-02
  4.69e-03	  2.50e-02	-3.10665e-02
  4.69e-03	  2.55e-02	-7.84295e-02
  4.69e-03	  2.60e-02	-1.26100e-01
  4.69e-03	  2.66e-02	-1.74296e-01
  4.69e-03	  2.71e-02	-2.23238e-01
  4.69e-03	  2.76e-02	-2.73150e-01
  4.69e-03	  2.81e-02	-3.24268e-01
  4.69e-03	  2.86e-02	-3.76844e-01
  4.69e-03	  2.92e-02	-4.31164e-01
  4.69e-03	  2.97e-02	-4.87554e-01
  4.69e-03	  3.02e-02	-5.46405e-01
  4.69e-03	  3.07e-02	-6.08188e-01
  4.69e-03	  3.13e-02	-6.73470e-01
  4.69e-03	  3.18e-02	-7.42908e-01
  4.69e-03	  3.23e-02	-8.17208e-01
  4.69e-03	  3.28e-02	-8.97042e-01
  4.69e-03	  3.33e-02	-9.82905e-01
  4.69e-03	  3.39e-02	-1.07496e+00
  4.69e-03	  3.44e-02	-1.17286e+00
  4.69e-03	  3.49e-02	-1.27546e+00
  4.69e-03	  3.54e-02	-1.37978e+00
  4.69e-03	  3.59e-02	-1.47875e+00
  4.69e-03	  3.65e-02	-1.56191e+00
  4.69e-03	  3.70e-02	-1.63670e+00
  4.69e-03	  3.75e-02	-1.75346e+00
  4.69e-03	  3.80e-02	-1.35700e+00
  4.69e-03	  3.85e-02	7.60328e+00
  4.69e-03	  3.91e-02	5.82385e+01
  4.69e-03	  3.96e-02	3.23784e+02
  4.69e-03	  4.01e-02	1.08460e-30
  4.69e-03	  4.06e-02	1.73372e-63
  4.69e-03	  4.11e-02	2.59631e-96
  4.69e-03	  4.17e-02	3.88730e-129
  4.69e-03	  4.22e-02	5.81893e-162
  4.69e-03	  4.27e-02	8.70902e-195
  4.69e-03	  4.32e-02	1.30356e-227
  4.69e-03	  4.37e-02	1.95245e-260
  4.69e-03	  4.43e-02	2.92928e-293
  4.69e-03	  4.48e-02	0.00000e+00
  4.69e-03	  4.53e-02	0.00000e+00
  4.69e-03	  4.58e-02	0.00000e+00
  4.69e-03	  4.64e-02	0.00000e+00
  4.69e-03	  4.69e-02	0.00000e+00
  4.69e-03	  4.74e-02	0.00000e+00
  4.69e-03	  4.79e-02	0.00000e+00
  4.69e-03	  4.84e-02	0.00000e+00
  4.69e-03	  4.90e-02	0.00000e+00
  4.69e-03	  4.95e-02	0.00000e+00

  5.47e-03	  0.00e+00	0.00000e+00
  5.47e-03	  5.21e-04	0.00000e+00
  5.47e-03	  1.04e-03	0.00000e+00
  5.47e-03	  1.56e-03	0.00000e+00
  5.47e-03	  2.08e-03	0.00000e+00
  5.47e-03	  2.60e-03	0.00000e+00
  5.47e-03	  3.12e-03	0.00000e+00
  5.47e-03	  3.65e-03	0.00000e+00
  5.47e-03	  4.17e-03	-2.82305e-293
  5.47e-03	  4.69e-03	-1.87402e-260
  5.47e-03	  5.21e-03	-1.24847e-227
  5.47e-03	  5.73e-03	-8.33331e-195
  5.47e-03	  6.25e-03	-5.56719e-162
  5.47e-03	  6.77e-03	-3.72029e-129
  5.47e-03	  7.29e-03	-2.48608e-96
  5.47e-03	  7.81e-03	-1.66112e-63
  5.47e-03	  8.33e-03	-1.10973e-30
  5.47e-03	  8.85e-03	-3.13450e+02
  5.47e-03	  9.37e-03	-6.55940e+01
  5.47e-03	  9.90e-03	-1.11223e+01
  5.47e-03	  1.04e-02	5.87496e-01
  5.47e-03	  1.09e-02	1.45343e+00
  5.47e-03	  1.15e-02	1.36458e+00
  5.47e-03	  1.20e-02	1.31245e+00
  5.47e-03	  1.25e-02	1.28448e+00
  5.47e-03	  1.30e-02	1.25763e+00
  5.47e-03	  1.35e-02	1.22680e+00
  5.47e-03	  1.41e-02	1.18904e+00
  5.47e-03	  1.46e-02	1.14201e+00
  5.47e-03	  1.51e-02	1.08513e+00
  5.47e-03	  1.56e-02	1.01978e+00
  5.47e-03	  1.61e-02	9.48703e-01
  5.47e-03	  1.67e-02	8.74970e-01
  5.47e-03	  1.72e-02	8.01226e-01
  5.47e-03	  1.77e-02	7.29285e-01
  5.47e-03	  1.82e-02	6.60139e-01
  5.47e-03	  1.88e-02	5.94157e-01
  5.47e-03	  1.93e-02	5.31326e-01
  5.47e-03	  1.98e-02	4.71427e-01
  5.47e-03	  2.03e-02	4.14155e-01
  5.47e-03	  2.08e-02	3.59179e-01
  5.47e-03	  2.14e-02	3.06170e-01
  5.47e-03	  2.19e-02	2.54815e-01
  5.47e-03	  2.24e-02	2.04821e-01
  5.47e-03	  2.29e-02	1.55913e-01
  5.47e-03	  2.34e-02	1.07835e-01
  5.47e-03	  2.40e-02	6.03439e-02
  5.47e-03	  2.45e-02	1.32112e-02
  5.47e-03	  2.50e-02	-3.37803e-02
  5.47e-03	  2.55e-02	-8.08369e-02
  5.47e-03	  2.60e-02	-1.28154e-01
  5.47e-03	  2.66e-02	-1.75917e-01
  5.47e-03	  2.71e-02	-2.24301e-01
  5.47e-03	  2.76e-02	-2.73471e-01
  5.47e-03	  2.81e-02	-3.23587e-01
  5.47e-03	  2.86e-02	-3.74806e-01
  5.47e-03	  2.92e-02	-4.27298e-01
  5.47e-03	  2.97e-02	-4.81264e-01
  5.47e-03	  3.02e-02	-5.36973e-01
  5.47e-03	  3.07e-02	-5.94806e-01
  5.47e-03	  3.13e-02	-6.55320e-01
  5.47e-03	  3.18e-02	-7.19310e-01
  5.47e-03	  3.23e-02	-7.87863e-01
  5.47e-03	  3.28e-02	-8.62399e-01
  5.47e-03	  3.33e-02	-9.44668e-01
  5.47e-03	  3.39e-02	-1.03668e+00
  5.47e-03	  3.44e-02	-1.14039e+00
  5.47e-03	  3.49e-02	-1.25671e+00
  5.47e-03	  3.54e-02	-1.38305e+00
  5.47e-03	  3.59e-02	-1.50982e+00
  5.47e-03	  3.65e-02	-1.62178e+00
  5.47e-03	  3.70e-02	-1.71987e+00
  5.47e-03	  3.75e-02	-1.81149e+00
  5.47e-03	  3.80e-02	-9.66476e-01
  5.47e-03	  3.85e-02	1.06603e+01
  5.47e-03	  3.91e-02	6.54149e+01
  5.47e-03	  3.96e-02	3.13491e+02
  5.47e-03	  4.01e-02	1.05097e-30
  5.47e-03	  4.06e-02	1.66078e-63
  5.47e-03	  4.11e-02	2.48553e-96
  5.47e-03	  4.17e-02	3.71943e-129
  5.47e-03	  4.22e-02	5.56587e-162
  5.47e-03	  4.27e-02	8.33123e-195
  5.47e-03	  4.32e-02	1.24813e-227
  5.47e-03	  4.37e-02	1.87342e-260
  5.47e-03	  4.43e-02	2.82191e-293
  5.47e-03	  4.48e-02	0.00000e+00
  5.47e-03	  4.53e-02	0.00000e+00
  5.47e-03	  4.58e-02	0.00000e+00
  5.47e-03	  4.64e-02	0.00000e+00
  5.47e-03	  4.69e-02	0.00000e+00
  5.47e-03	  4.74e-02	0.00000e+00
  5.47e-03	  4.79e-02	0.00000e+00
  5.47e-03	  4.84e-02	0.00000e+00
  5.47e-03	  4.90e-02	0.00000e+00
  5.47e-03	  4.95e-02	0.00000e+00

  6.25e-03	  0.00e+00	0.00000e+00
  6.25e-03	  5.21e-04	0.00000e+00
  6.25e-03	  1.04e-03	0.00000e+00
  6.25e-03	  1.56e-03	0.00000e+00
  6.25e-03	  2.08e-03	0.00000e+00
  6.25e-03	  2.60e-03	0.00000e+00
  6.25e-03	  3.12e-03	0.00000e+00
  6.25e-03	  3.65e-03	0.00000e+00
  6.25e-03	  4.17e-03	-2.74352e-293
  6.25e-03	  4.69e-03	-1.80862e-260
  6.25e-03	  5.21e-03	-1.19949e-227
  6.25e-03	  5.73e-03	-7.98550e-195
  6.25e-03	  6.25e-03	-5.32804e-162
  6.25e-03	  6.77e-03	-3.55910e-129
  6.25e-03	  7.29e-03	-2.37874e-96
  6.25e-03	  7.81e-03	-1.59014e-63
  6.25e-03	  8.33e-03	-1.06296e-30
  6.25e-03	  8.85e-03	-3.03300e+02
  6.25e-03	  9.37e-03	-7.19252e+01
  6.25e-03	  9.90e-03	-1.44104e+01
  6.25e-03	  1.04e-02	-7.79436e-03
  6.25e-03	  1.09e-02	1.37124e+00
  6.25e-03	  1.15e-02	1.27673e+00
  6.25e-03	  1.20e-02	1.15384e+00
  6.25e-03	  1.25e-02	1.04773e+00
  6.25e-03	  1.30e-02	9.50488e-01
  6.25e-03	  1.35e-02	8.70601e-01
  6.25e-03	  1.41e-02	8.13056e-01
  6.25e-03	  1.46e-02	7.74631e-01
  6.25e-03	  1.51e-02	7.47043e-01
  6.25e-03	  1.56e-02	7.21600e-01
  6.25e-03	  1.61e-02	6.92492e-01
  6.25e-03	  1.67e-02	6.57621e-01
  6.25e-03	  1.72e-02	6.17541e-01
  6.25e-03	  1.77e-02	5.73890e-01
  6.25e-03	  1.82e-02	5.28302e-01
  6.25e-03	  1.88e-02	4.81982e-01
  6.25e-03	  1.93e-02	4.35686e-01
  6.25e-03	  1.98e-02	3.89842e-01
  6.25e-03	  2.03e-02	3.44666e-01
  6.25e-03	  2.08e-02	3.00247e-01
  6.25e-03	  2.14e-02	2.56594e-01
  6.25e-03	  2.19e-02	2.13666e-01
  6.25e-03	  2.24e-02	1.71387e-01
  6.25e-03	  2.29e-02	1.29660e-01
  6.25e-03	  2.34e-02	8.83756e-02
  6.25e-03	  2.40e-02	4.74157e-02
  6.25e-03	  2.45e-02	6.66315e-03
  6.25e-03	  2.50e-02	-3.39938e-02
  6.25e-03	  2.55e-02	-7.46542e-02
  6.25e-03	  2.60e-02	-1.15397e-01
  6.25e-03	  2.66e-02	-1.56271e-01
  6.25e-03	  2.71e-02	-1.97283e-01
  6.25e-03	  2.76e-02	-2.38388e-01
  6.25e-03	  2.81e-02	-2.79465e-01
  6.25e-03	  2.86e-02	-3.20309e-01
  6.25e-03	  2.92e-02	-3.60612e-01
  6.25e-03	  2.97e-02	-3.99954e-01
  6.25e-03	  3.02e-02	-4.37806e-01
  6.25e-03	  3.07e-02	-4.73569e-01
  6.25e-03	  3.13e-02	-5.06655e-01
  6.25e-03	  3.18e-02	-5.36689e-01
  6.25e-03	  3.23e-02	-5.63917e-01
  6.25e-03	  3.28e-02	-5.89982e-01
  6.25e-03	  3.33e-02	-6.19123e-01
  6.25e-03	  3.39e-02	-6.59512e-01
  6.25e-03	  3.44e-02	-7.23719e-01
  6.25e-03	  3.49e-02	-8.26592e-01
  6.25e-03	  3.54e-02	-9.78978e-01
  6.25e-03	  3.59e-02	-1.17801e+00
  6.25e-03	  3.65e-02	-1.40158e+00
  6.25e-03	  3.70e-02	-1.62175e+00
  6.25e-03	  3.75e-02	-1.75289e+00
  6.25e-03	  3.80e-02	-3.78943e-01
  6.25e-03	  3.85e-02	1.40172e+01
  6.25e-03	  3.91e-02	7.18501e+01
  6.25e-03	  3.96e-02	3.03371e+02
  6.25e-03	  4.01e-02	1.01530e-30
  6.25e-03	  4.06e-02	1.58970e-63
  6.25e-03	  4.11e-02	2.37805e-96
  6.25e-03	  4.17e-02	3.55801e-129
  6.25e-03	  4.22e-02	5.32631e-162
  6.25e-03	  4.27e-02	7.98268e-195
  6.25e-03	  4.32e-02	1.19901e-227
  6.25e-03	  4.37e-02	1.80774e-260
  6.25e-03	  4.43e-02	2.74180e-293
  6.25e-03	  4.48e-02	0.00000e+00
  6.25e-03	  4.53e-02	0.00000e+00
  6.25e-03	  4.58e-02	0.00000e+00
  6.25e-03	  4.64e-02	0.00000e+00
  6.25e-03	  4.69e-02	0.00000e+00
  6.25e-03	  4.74e-02	0.00000e+00
  6.25e-03	  4.79e-02	0.00000e+00
  6.25e-03	  4.84e-02	0.00000e+00
  6.25e-03	  4.90e-02	0.00000e+00
  6.25e-03	  4.95e-02	0.00000e+00

  7.03e-03	  0.00e+00	0.00000e+00
  7.03e-03	  5.21e-04	0.00000e+00
  7.03e-03	  1.04e-03	0.00000e+00
  7.03e-03	  1.56e-03	0.00000e+00
  7.03e-03	  2.08e-03	0.00000e+00
  7.03e-03	  2.60e-03	0.00000e+00
  7.03e-03	  3.12e-03	0.00000e+00
  7.03e-03	  3.65e-03	0.00000e+00
  7.03e-03	  4.17e-03	-2.70074e-293
  7.03e-03	  4.69e-03	-1.76247e-260
  7.03e-03	  5.21e-03	-1.16026e-227
  7.03e-03	  5.73e-03	-7.68553e-195
  7.03e-03	  6.25e-03	-5.11191e-162
  7.03e-03	  6.77e-03	-3.40893e-129
  7.03e-03	  7.29e-03	-2.27678e-96
  7.03e-03	  7.81e-03	-1.52192e-63
  7.03e-03	  8.33e-03	-1.01771e-30
  7.03e-03	  8.85e-03	-2.93338e+02
  7.03e-03	  9.37e-03	-7.74818e+01
  7.03e-03	  9.90e-03	-1.78675e+01
  7.03e-03	  1.04e-02	-7.68373e-01
  7.03e-03	  1.09e-02	1.16610e+00
  7.03e-03	  1.15e-02	9.72306e-01
  7.03e-03	  1.20e-02	6.29773e-01
  7.03e-03	  1.25e-02	2.79561e-01
  7.03e-03	  1.30e-02	-2.97975e-02
  7.03e-03	  1.35e-02	-2.47153e-01
  7.03e-03	  1.41e-02	-3.50347e-01
  7.03e-03	  1.46e-02	-3.49929e-01
  7.03e-03	  1.51e-02	-2.77571e-01
  7.03e-03	  1.56e-02	-1.71019e-01
  7.03e-03	  1.61e-02	-6.18089e-02
  7.03e-03	  1.67e-02	3.08291e-02
  7.03e-03	  1.72e-02	9.96175e-02
  7.03e-03	  1.77e-02	1.45132e-01
  7.03e-03	  1.82e-02	1.71394e-01
  7.03e-03	  1.88e-02	1.83011e-01
  7.03e-03	  1.93e-02	1.83948e-01
  7.03e-03	  1.98e-02	1.77245e-01
  7.03e-03	  2.03e-02	1.65127e-01
  7.03e-03	  2.08e-02	1.49192e-01
  7.03e-03	  2.14e-02	1.30579e-01
  7.03e-03	  2.19e-02	1.10099e-01
  7.03e-03	  2.24e-02	8.83277e-02
  7.03e-03	  2.29e-02	6.56765e-02
  7.03e-03	  2.34e-02	4.24416e-02
  7.03e-03	  2.40e-02	1.88435e-02
  7.03e-03	  2.45e-02	-4.94133e-03
  7.03e-03	  2.50e-02	-2.87537e-02
  7.03e-03	  2.55e-02	-5.24256e-02
  7.03e-03	  2.60e-02	-7.57531e-02
  7.03e-03	  2.66e-02	-9.84653e-02
  7.03e-03	  2.71e-02	-1.20186e-01
  7.03e-03	  2.76e-02	-1.40384e-01
  7.03e-03	  2.81e-02	-1.58310e-01
  7.03e-03	  2.86e-02	-1.72913e-01
  7.03e-03	  2.92e-02	-1.82734e-01
  7.03e-03	  2.97e-02	-1.85770e-01
  7.03e-03	  3.02e-02	-1.79324e-01
  7.03e-03	  3.07e-02	-1.59869e-01
  7.03e-03	  3.13e-02	-1.23055e-01
  7.03e-03	  3.18e-02	-6.41383e-02
  7.03e-03	  3.23e-02	2.06282e-02
  7.03e-03	  3.28e-02	1.31020e-01
  7.03e-03	  3.33e-02	2.58132e-01
  7.03e-03	  3.39e-02	3.79319e-01
  7.03e-03	  3.44e-02	4.55991e-01
  7.03e-03	  3.49e-02	4.38004e-01
  7.03e-03	  3.54e-02	2.76933e-01
  7.03e-03	  3.59e-02	-5.21984e-02
  7.03e-03	  3.65e-02	-5.27146e-01
  7.03e-03	  3.70e-02	-1.06748e+00
  7.03e-03	  3.75e-02	-1.42084e+00
  7.03e-03	  3.80e-02	4.71156e-01
  7.03e-03	  3.85e-02	1.76401e+01
  7.03e-03	  3.91e-02	7.76045e+01
  7.03e-03	  3.96e-02	2.93478e+02
  7.03e-03	  4.01e-02	9.77868e-31
  7.03e-03	  4.06e-02	1.52137e-63
  7.03e-03	  4.11e-02	2.27592e-96
  7.03e-03	  4.17e-02	3.40756e-129
  7.03e-03	  4.22e-02	5.10969e-162
  7.03e-03	  4.27e-02	7.68177e-195
  7.03e-03	  4.32e-02	1.15958e-227
  7.03e-03	  4.37e-02	1.76121e-260
  7.03e-03	  4.43e-02	2.69829e-293
  7.03e-03	  4.48e-02	0.00000e+00
  7.03e-03	  4.53e-02	0.00000e+00
  7.03e-03	  4.58e-02	0.00000e+00
  7.03e-03	  4.64e-02	0.00000e+00
  7.03e-03	  4.69e-02	0.00000e+00
  7.03e-03	  4.74e-02	0.00000e+00
  7.03e-03	  4.79e-02	0.00000e+00
  7.03e-03	  4.84e-02	0.00000e+00
  7.03e-03	  4.90e-02	0.00000e+00
  7.03e-03	  4.95e-02	0.00000e+00

  7.81e-03	  0.00e+00	0.00000e+00
  7.81e-03	  5.21e-04	0.00000e+00
  7.81e-03	  1.04e-03	0.00000e+00
  7.81e-03	  1.56e-03	0.00000e+00
  7.81e-03	  2.08e-03	0.00000e+00
  7.81e-03	  2.60e-03	0.00000e+00
  7.81e-03	  3.12e-03	0.00000e+00
  7.81e-03	  3.65e-03	0.00000e+00
  7.81e-03	  4.17e-03	-2.70270e-293
  7.81e-03	  4.69e-03	-1.74117e-260
  7.81e-03	  5.21e-03	-1.13437e-227
  7.81e-03	  5.73e-03	-7.45513e-195
  7.81e-03	  6.25e-03	-4.93108e-162
  7.81e-03	  6.77e-03	-3.27632e-129
  7.81e-03	  7.29e-03	-2.18348e-96
  7.81e-03	  7.81e-03	-1.45800e-63
  7.81e-03	  8.33e-03	-9.74669e-31
  7.81e-03	  8.85e-03	-2.83662e+02
  7.81e-03	  9.37e-03	-8.22990e+01
  7.81e-03	  9.90e-03	-2.13832e+01
  7.81e-03	  1.04e-02	-1.66824e+00
  7.81e-03	  1.09e-02	7.75302e-01
  7.81e-03	  1.15e-02	2.92648e-01
  7.81e-03	  1.20e-02	-4.92816e-01
  7.81e-03	  1.25e-02	-1.26237e+00
  7.81e-03	  1.30e-02	-1.86942e+00
  7.81e-03	  1.35e-02	-2.23618e+00
  7.81e-03	  1.41e-02	-2.35770e+00
  7.81e-03	  1.46e-02	-2.27422e+00
  7.81e-03	  1.51e-02	-2.04656e+00
  7.81e-03	  1.56e-02	-1.74023e+00
  7.81e-03	  1.61e-02	-1.41377e+00
  7.81e-03	  1.67e-02	-1.10992e+00
  7.81e-03	  1.72e-02	-8.51926e-01
  7.81e-03	  1.77e-02	-6.46077e-01
  7.81e-03	  1.82e-02	-4.88067e-01
  7.81e-03	  1.88e-02	-3.69265e-01
  7.81e-03	  1.93e-02	-2.80696e-01
  7.81e-03	  1.98e-02	-2.14741e-01
  7.81e-03	  2.03e-02	-1.65483e-01
  7.81e-03	  2.08e-02	-1.28503e-01
  7.81e-03	  2.14e-02	-1.00546e-01
  7.81e-03	  2.19e-02	-7.92144e-02
  7.81e-03	  2.24e-02	-6.27263e-02
  7.81e-03	  2.29e-02	-4.97342e-02
  7.81e-03	  2.34e-02	-3.91939e-02
  7.81e-03	  2.40e-02	-3.02634e-02
  7.81e-03	  2.45e-02	-2.22262e-02
  7.81e-03	  2.50e-02	-1.44261e-02
  7.81e-03	  2.55e-02	-6.20882e-03
  7.81e-03	  2.60e-02	3.13776e-03
  7.81e-03	  2.66e-02	1.44509e-02
  7.81e-03	  2.71e-02	2.87757e-02
  7.81e-03	  2.76e-02	4.74728e-02
  7.81e-03	  2.81e-02	7.23642e-02
  7.81e-03	  2.86e-02	1.05933e-01
  7.81e-03	  2.92e-02	1.51597e-01
  7.81e-03	  2.97e-02	2.14064e-01
  7.81e-03	  3.02e-02	2.99759e-01
  7.81e-03	  3.07e-02	4.17177e-01
  7.81e-03	  3.13e-02	5.76773e-01
  7.81e-03	  3.18e-02	7.89560e-01
  7.81e-03	  3.23e-02	1.06323e+00
  7.81e-03	  3.28e-02	1.39528e+00
  7.81e-03	  3.33e-02	1.76484e+00
  7.81e-03	  3.39e-02	2.12763e+00
  7.81e-03	  3.44e-02	2.41721e+00
  7.81e-03	  3.49e-02	2.55184e+00
  7.81e-03	  3.54e-02	2.44474e+00
  7.81e-03	  3.59e-02	2.02203e+00
  7.81e-03	  3.65e-02	1.25766e+00
  7.81e-03	  3.70e-02	2.31629e-01
  7.81e-03	  3.75e-02	-6.14226e-01
  7.81e-03	  3.80e-02	1.63631e+00
  7.81e-03	  3.85e-02	2.14552e+01
  7.81e-03	  3.91e-02	8.27347e+01
  7.81e-03	  3.96e-02	2.83923e+02
  7.81e-03	  4.01e-02	9.39104e-31
  7.81e-03	  4.06e-02	1.45734e-63
  7.81e-03	  4.11e-02	2.18245e-96
  7.81e-03	  4.17e-02	3.27464e-129
  7.81e-03	  4.22e-02	4.92825e-162
  7.81e-03	  4.27e-02	7.45015e-195
  7.81e-03	  4.32e-02	1.13346e-227
  7.81e-03	  4.37e-02	1.73944e-260
  7.81e-03	  4.43e-02	2.69938e-293
  7.81e-03	  4.48e-02	0.00000e+00
  7.81e-03	  4.53e-02	0.00000e+00
  7.81e-03	  4.58e-02	0.00000e+00
  7.81e-03	  4.64e-02	0.00000e+00
  7.81e-03	  4.69e-02	0.00000e+00
  7.81e-03	  4.74e-02	0.00000e+00
  7.81e-03	  4.79e-02	0.00000e+00
  7.81e-03	  4.84e-02	0.00000e+00
  7.81e-03	  4.90e-02	0.00000e+00
  7.81e-03	  4.95e-02	0.00000e+00

  8.59e-03	  0.00e+00	0.00000e+00
  8.59e-03	  5.21e-04	0.00000e+00
  8.59e-03	  1.04e-03	0.00000e+00
  8.59e-03	  1.56e-03	0.00000e+00
  8.59e-03	  2.08e-03	0.00000e+00
  8.59e-03	  2.60e-03	0.00000e+00
  8.59e-03	  3.12e-03	0.00000e+00
  8.59e-03	  3.65e-03	0.00000e+00
  8.59e-03	  4.17e-03	-2.75486e-293
  8.59e-03	  4.69e-03	-1.74924e-260
  8.59e-03	  5.21e-03	-1.12513e-227
  8.59e-03	  5.73e-03	-7.31632e-195
  8.59e-03	  6.25e-03	-4.79925e-162
  8.59e-03	  6.77e-03	-3.16930e-129
  8.59e-03	  7.29e-03	-2.10329e-96
  8.59e-03	  7.81e-03	-1.40071e-63
  8.59e-03	  8.33e-03	-9.34988e-31
  8.59e-03	  8.85e-03	-2.74464e+02
  8.59e-03	  9.37e-03	-8.64363e+01
  8.59e-03	  9.90e-03	-2.48140e+01
  8.59e-03	  1.04e-02	-2.66083e+00
  8.59e-03	  1.09e-02	9.97083e-02
  8.59e-03	  1.15e-02	-9.07116e-01
  8.59e-03	  1.20e-02	-2.18251e+00
  8.59e-03	  1.25e-02	-3.17025e+00
  8.59e-03	  1.30e-02	-3.76719e+00
  8.59e-03	  1.35e-02	-4.02633e+00
  8.59e-03	  1.41e-02	-4.03722e+00
  8.59e-03	  1.46e-02	-3.87320e+00
  8.59e-03	  1.51e-02	-3.58553e+00
  8.59e-03	  1.56e-02	-3.21500e+00
  8.59e-03	  1.61e-02	-2.80130e+00
  8.59e-03	  1.67e-02	-2.38308e+00
  8.59e-03	  1.72e-02	-1.99216e+00
  8.59e-03	  1.77e-02	-1.64826e+00
  8.59e-03	  1.82e-02	-1.35831e+00
  8.59e-03	  1.88e-02	-1.11982e+00
  8.59e-03	  1.93e-02	-9.25502e-01
  8.59e-03	  1.98e-02	-7.66856e-01
  8.59e-03	  2.03e-02	-6.36060e-01
  8.59e-03	  2.08e-02	-5.26628e-01
  8.59e-03	  2.14e-02	-4.33437e-01
  8.59e-03	  2.19e-02	-3.52511e-01
  8.59e-03	  2.24e-02	-2.80767e-01
  8.59e-03	  2.29e-02	-2.15785e-01
  8.59e-03	  2.34e-02	-1.55618e-01
  8.59e-03	  2.40e-02	-9.86466e-02
  8.59e-03	  2.45e-02	-4.34589e-02
  8.59e-03	  2.50e-02	1.12530e-02
  8.59e-03	  2.55e-02	6.67841e-02
  8.59e-03	  2.60e-02	1.24510e-01
  8.59e-03	  2.66e-02	1.85992e-01
  8.59e-03	  2.71e-02	2.53101e-01
  8.59e-03	  2.76e-02	3.28182e-01
  8.59e-03	  2.81e-02	4.14270e-01
  8.59e-03	  2.86e-02	5.15376e-01
  8.59e-03	  2.92e-02	6.36857e-01
  8.59e-03	  2.97e-02	7.85836e-01
  8.59e-03	  3.02e-02	9.71528e-01
  8.59e-03	  3.07e-02	1.20502e+00
  8.59e-03	  3.13e-02	1.49764e+00
  8.59e-03	  3.18e-02	1.85682e+00
  8.59e-03	  3.23e-02	2.27937e+00
  8.59e-03	  3.28e-02	2.74542e+00
  8.59e-03	  3.33e-02	3.21881e+00
  8.59e-03	  3.39e-02	3.65556e+00
  8.59e-03	  3.44e-02	4.01227e+00
  8.59e-03	  3.49e-02	4.24250e+00
  8.59e-03	  3.54e-02	4.27905e+00
  8.59e-03	  3.59e-02	4.01487e+00
  8.59e-03	  3.65e-02	3.30789e+00
  8.59e-03	  3.70e-02	2.05779e+00
  8.59e-03	  3.75e-02	6.87335e-01
  8.59e-03	  3.80e-02	3.08024e+00
  8.59e-03	  3.85e-02	2.53079e+01
  8.59e-03	  3.91e-02	8.72834e+01
  8.59e-03	  3.96e-02	2.74891e+02
  8.59e-03	  4.01e-02	8.99879e-31
  8.59e-03	  4.06e-02	1.39996e-63
  8.59e-03	  4.11e-02	2.10207e-96
  8.59e-03	  4.17e-02	3.16725e-129
  8.59e-03	  4.22e-02	4.79567e-162
  8.59e-03	  4.27e-02	7.30982e-195
  8.59e-03	  4.32e-02	1.12392e-227
  8.59e-03	  4.37e-02	1.74694e-260
  8.59e-03	  4.43e-02	2.75051e-293
  8.59e-03	  4.48e-02	0.00000e+00
  8.59e-03	  4.53e-02	0.00000e+00
  8.59e-03	  4.58e-02	0.00000e+00
  8.59e-03	  4.64e-02	0.00000e+00
  8.59e-03	  4.69e-02	0.00000e+00
  8.59e-03	  4.74e-02	0.00000e+00
  8.59e-03	  4.79e-02	0.00000e+00
  8.59e-03	  4.84e-02	0.00000e+00
  8.59e-03	  4.90e-02	0.00000e+00
  8.59e-03	  4.95e-02	0.00000e+00

  9.37e-03	  0.00e+00	0.00000e+00
  9.37e-03	  5.21e-04	0.00000e+00
  9.37e-03	  1.04e-03	0.00000e+00
  9.37e-03	  1.56e-03	0.00000e+00
  9.37e-03	  2.08e-03	0.00000e+00
  9.37e-03	  2.60e-03	0.00000e+00
  9.37e-03	  3.12e-03	0.00000e+00
  9.37e-03	  3.65e-03	0.00000e+00
  9.37e-03	  4.17e-03	-2.85936e-293
  9.37e-03	  4.69e-03	-1.78944e-260
  9.37e-03	  5.21e-03	-1.13501e-227
  9.37e-03	  5.73e-03	-7.28796e-195
  9.37e-03	  6.25e-03	-4.72952e-162
  9.37e-03	  6.77e-03	-3.09631e-129
  9.37e-03	  7.29e-03	-2.04133e-96
  9.37e-03	  7.81e-03	-1.35303e-63
  9.37e-03	  8.33e-03	-9.00290e-31
  9.37e-03	  8.85e-03	-2.66052e+02
  9.37e-03	  9.37e-03	-8.99862e+01
  9.37e-03	  9.90e-03	-2.80036e+01
  9.37e-03	  1.04e-02	-3.73638e+00
  9.37e-03	  1.09e-02	-1.02285e+00
  9.37e-03	  1.15e-02	-2.55236e+00
  9.37e-03	  1.20e-02	-3.78484e+00
  9.37e-03	  1.25e-02	-4.32839e+00
  9.37e-03	  1.30e-02	-4.43813e+00
  9.37e-03	  1.35e-02	-4.34987e+00
  9.37e-03	  1.41e-02	-4.19604e+00
  9.37e-03	  1.46e-02	-4.02428e+00
  9.37e-03	  1.51e-02	-3.83382e+00
  9.37e-03	  1.56e-02	-3.60873e+00
  9.37e-03	  1.61e-02	-3.34023e+00
  9.37e-03	  1.67e-02	-3.03470e+00
  9.37e-03	  1.72e-02	-2.70958e+00
  9.37e-03	  1.77e-02	-2.38494e+00
  9.37e-03	  1.82e-02	-2.07701e+00
  9.37e-03	  1.88e-02	-1.79550e+00
  9.37e-03	  1.93e-02	-1.54398e+00
  9.37e-03	  1.98e-02	-1.32162e+00
  9.37e-03	  2.03e-02	-1.12527e+00
  9.37e-03	  2.08e-02	-9.50951e-01
  9.37e-03	  2.14e-02	-7.94649e-01
  9.37e-03	  2.19e-02	-6.52747e-01
  9.37e-03	  2.24e-02	-5.22099e-01
  9.37e-03	  2.29e-02	-4.00009e-01
  9.37e-03	  2.34e-02	-2.84157e-01
  9.37e-03	  2.40e-02	-1.72500e-01
  9.37e-03	  2.45e-02	-6.31806e-02
  9.37e-03	  2.50e-02	4.55606e-02
  9.37e-03	  2.55e-02	1.55479e-01
  9.37e-03	  2.60e-02	2.68418e-01
  9.37e-03	  2.66e-02	3.86411e-01
  9.37e-03	  2.71e-02	5.11804e-01
  9.37e-03	  2.76e-02	6.47400e-01
  9.37e-03	  2.81e-02	7.96629e-01
  9.37e-03	  2.86e-02	9.63737e-01
  9.37e-03	  2.92e-02	1.15393e+00
  9.37e-03	  2.97e-02	1.37332e+00
  9.37e-03	  3.02e-02	1.62829e+00
  9.37e-03	  3.07e-02	1.92359e+00
  9.37e-03	  3.13e-02	2.25849e+00
  9.37e-03	  3.18e-02	2.62176e+00
  9.37e-03	  3.23e-02	2.98931e+00
  9.37e-03	  3.28e-02	3.33046e+00
  9.37e-03	  3.33e-02	3.62338e+00
  9.37e-03	  3.39e-02	3.86910e+00
  9.37e-03	  3.44e-02	4.09061e+00
  9.37e-03	  3.49e-02	4.31319e+00
  9.37e-03	  3.54e-02	4.53033e+00
  9.37e-03	  3.59e-02	4.65954e+00
  9.37e-03	  3.65e-02	4.49132e+00
  9.37e-03	  3.70e-02	3.66362e+00
  9.37e-03	  3.75e-02	2.18282e+00
  9.37e-03	  3.80e-02	4.62399e+00
  9.37e-03	  3.85e-02	2.89548e+01
  9.37e-03	  3.91e-02	9.12777e+01
  9.37e-03	  3.96e-02	2.66667e+02
  9.37e-03	  4.01e-02	8.61934e-31
  9.37e-03	  4.06e-02	1.35217e-63
  9.37e-03	  4.11e-02	2.03990e-96
  9.37e-03	  4.17e-02	3.09381e-129
  9.37e-03	  4.22e-02	4.72498e-162
  9.37e-03	  4.27e-02	7.27956e-195
  9.37e-03	  4.32e-02	1.13344e-227
  9.37e-03	  4.37e-02	1.78649e-260
  9.37e-03	  4.43e-02	2.85389e-293
  9.37e-03	  4.48e-02	0.00000e+00
  9.37e-03	  4.53e-02	0.00000e+00
  9.37e-03	  4.58e-02	0.00000e+00
  9.37e-03	  4.64e-02	0.00000e+00
  9.37e-03	  4.69e-02	0.00000e+00
  9.37e-03	  4.74e-02	0.00000e+00
  9.37e-03	  4.79e-02	0.00000e+00
  9.37e-03	  4.84e-02	0.00000e+00
  9.37e-03	  4.90e-02	0.00000e+00
  9.37e-03	  4.95e-02	0.00000e+00

  1.02e-02	  0.00e+00	0.00000e+00
  1.02e-02	  5.21e-04	0.00000e+00
  1.02e-02	  1.04e-03	0.00000e+00
  1.02e-02	  1.56e-03	0.00000e+00
  1.02e-02	  2.08e-03	0.00000e+00
  1.02e-02	  2.60e-03	0.00000e+00
  1.02e-02	  3.12e-03	0.00000e+00
  1.02e-02	  3.65e-03	0.00000e+00
  1.02e-02	  4.17e-03	-3.01499e-293
  1.02e-02	  4.69e-03	-1.86244e-260
  1.02e-02	  5.21e-03	-1.16530e-227
  1.02e-02	  5.73e-03	-7.38296e-195
  1.02e-02	  6.25e-03	-4.73234e-162
  1.02e-02	  6.77e-03	-3.06493e-129
  1.02e-02	  7.29e-03	-2.00269e-96
  1.02e-02	  7.81e-03	-1.31813e-63
  1.02e-02	  8.33e-03	-8.72489e-31
  1.02e-02	  8.85e-03	-2.58832e+02
  1.02e-02	  9.37e-03	-9.30650e+01
  1.02e-02	  9.90e-03	-3.08153e+01
  1.02e-02	  1.04e-02	-4.97524e+00
  1.02e-02	  1.09e-02	-2.64337e+00
  1.02e-02	  1.15e-02	-4.06649e+00
  1.02e-02	  1.20e-02	-4.46771e+00
  1.02e-02	  1.25e-02	-4.23368e+00
  1.02e-02	  1.30e-02	-3.84075e+00
  1.02e-02	  1.35e-02	-3.49873e+00
  1.02e-02	  1.41e-02	-3.27109e+00
  1.02e-02	  1.46e-02	-3.14822e+00
  1.02e-02	  1.51e-02	-3.08845e+00
  1.02e-02	  1.56e-02	-3.04313e+00
  1.02e-02	  1.61e-02	-2.97348e+00
  1.02e-02	  1.67e-02	-2.85984e+00
  1.02e-02	  1.72e-02	-2.70138e+00
  1.02e-02	  1.77e-02	-2.50855e+00
  1.02e-02	  1.82e-02	-2.29497e+00
  1.02e-02	  1.88e-02	-2.07267e+00
  1.02e-02	  1.93e-02	-1.85063e+00
  1.02e-02	  1.98e-02	-1.63465e+00
  1.02e-02	  2.03e-02	-1.42789e+00
  1.02e-02	  2.08e-02	-1.23148e+00
  1.02e-02	  2.14e-02	-1.04528e+00
  1.02e-02	  2.19e-02	-8.68369e-01
  1.02e-02	  2.24e-02	-6.99431e-01
  1.02e-02	  2.29e-02	-5.36983e-01
  1.02e-02	  2.34e-02	-3.79485e-01
  1.02e-02	  2.40e-02	-2.25399e-01
  1.02e-02	  2.45e-02	-7.31935e-02
  1.02e-02	  2.50e-02	7.86633e-02
  1.02e-02	  2.55e-02	2.31735e-01
  1.02e-02	  2.60e-02	3.87653e-01
  1.02e-02	  2.66e-02	5.48157e-01
  1.02e-02	  2.71e-02	7.15143e-01
  1.02e-02	  2.76e-02	8.90695e-01
  1.02e-02	  2.81e-02	1.07709e+00
  1.02e-02	  2.86e-02	1.27673e+00
  1.02e-02	  2.92e-02	1.49180e+00
  1.02e-02	  2.97e-02	1.72355e+00
  1.02e-02	  3.02e-02	1.97057e+00
  1.02e-02	  3.07e-02	2.22610e+00
  1.02e-02	  3.13e-02	2.47502e+00
  1.02e-02	  3.18e-02	2.69385e+00
  1.02e-02	  3.23e-02	2.85778e+00
  1.02e-02	  3.28e-02	2.95463e+00
  1.02e-02	  3.33e-02	2.99759e+00
  1.02e-02	  3.39e-02	3.02734e+00
  1.02e-02	  3.44e-02	3.10229e+00
  1.02e-02	  3.49e-02	3.28223e+00
  1.02e-02	  3.54e-02	3.60708e+00
  1.02e-02	  3.59e-02	4.06326e+00
  1.02e-02	  3.65e-02	4.51714e+00
  1.02e-02	  3.70e-02	4.56854e+00
  1.02e-02	  3.75e-02	3.62585e+00
  1.02e-02	  3.80e-02	6.08819e+00
  1.02e-02	  3.85e-02	3.21335e+01
  1.02e-02	  3.91e-02	9.47479e+01
  1.02e-02	  3.96e-02	2.59627e+02
  1.02e-02	  4.01e-02	8.28210e-31
  1.02e-02	  4.06e-02	1.31715e-63
  1.02e-02	  4.11e-02	2.00097e-96
  1.02e-02	  4.17e-02	3.06182e-129
  1.02e-02	  4.22e-02	4.72658e-162
  1.02e-02	  4.27e-02	7.37223e-195
  1.02e-02	  4.32e-02	1.16331e-227
  1.02e-02	  4.37e-02	1.85877e-260
  1.02e-02	  4.43e-02	3.00833e-293
  1.02e-02	  4.48e-02	0.00000e+00
  1.02e-02	  4.53e-02	0.00000e+00
  1.02e-02	  4.58e-02	0.00000e+00
  1.02e-02	  4.64e-02	0.00000e+00
  1.02e-02	  4.69e-02	0.00000e+00
  1.02e-02	  4.74e-02	0.00000e+00
  1.02e-02	  4.79e-02	0.00000e+00
  1.02e-02	  4.84e-02	0.00000e+00
  1.02e-02	  4.90e-02	0.00000e+00
  1.02e-02	  4.95e-02	0.00000e+00

  1.09e-02	  0.00e+00	0.00000e+00
  1.09e-02	  5.21e-04	0.00000e+00
  1.09e-02	  1.04e-03	0.00000e+00
  1.09e-02	  1.56e-03	0.00000e+00
  1.09e-02	  2.08e-03	0.00000e+00
  1.09e-02	  2.60e-03	0.00000e+00
  1.09e-02	  3.12e-03	0.00000e+00
  1.09e-02	  3.65e-03	0.00000e+00
  1.09e-02	  4.17e-03	-3.21762e-293
  1.09e-02	  4.69e-03	-1.96695e-260
  1.09e-02	  5.21e-03	-1.21603e-227
  1.09e-02	  5.73e-03	-7.60680e-195
  1.09e-02	  6.25e-03	-4.81417e-162
  1.09e-02	  6.77e-03	-3.08077e-129
  1.09e-02	  7.29e-03	-1.99160e-96
  1.09e-02	  7.81e-03	-1.29897e-63
  1.09e-02	  8.33e-03	-8.53507e-31
  1.09e-02	  8.85e-03	-2.53262e+02
  1.09e-02	  9.37e-03	-9.57766e+01
  1.09e-02	  9.90e-03	-3.31323e+01
  1.09e-02	  1.04e-02	-6.42140e+00
  1.09e-02	  1.09e-02	-4.29974e+00
  1.09e-02	  1.15e-02	-4.68997e+00
  1.09e-02	  1.20e-02	-4.10221e+00
  1.09e-02	  1.25e-02	-3.35586e+00
  1.09e-02	  1.30e-02	-2.75363e+00
  1.09e-02	  1.35e-02	-2.35999e+00
  1.09e-02	  1.41e-02	-2.15608e+00
  1.09e-02	  1.46e-02	-2.09418e+00
  1.09e-02	  1.51e-02	-2.11956e+00
  1.09e-02	  1.56e-02	-2.18032e+00
  1.09e-02	  1.61e-02	-2.23389e+00
  1.09e-02	  1.67e-02	-2.25231e+00
  1.09e-02	  1.72e-02	-2.22429e+00
  1.09e-02	  1.77e-02	-2.15187e+00
  1.09e-02	  1.82e-02	-2.04382e+00
  1.09e-02	  1.88e-02	-1.90994e+00
  1.09e-02	  1.93e-02	-1.75854e+00
  1.09e-02	  1.98e-02	-1.59597e+00
  1.09e-02	  2.03e-02	-1.42696e+00
  1.09e-02	  2.08e-02	-1.25489e+00
  1.09e-02	  2.14e-02	-1.08204e+00
  1.09e-02	  2.19e-02	-9.09795e-01
  1.09e-02	  2.24e-02	-7.38873e-01
  1.09e-02	  2.29e-02	-5.69486e-01
  1.09e-02	  2.34e-02	-4.01498e-01
  1.09e-02	  2.40e-02	-2.34528e-01
  1.09e-02	  2.45e-02	-6.80327e-02
  1.09e-02	  2.50e-02	9.86387e-02
  1.09e-02	  2.55e-02	2.66208e-01
  1.09e-02	  2.60e-02	4.35434e-01
  1.09e-02	  2.66e-02	6.07085e-01
  1.09e-02	  2.71e-02	7.81894e-01
  1.09e-02	  2.76e-02	9.60479e-01
  1.09e-02	  2.81e-02	1.14319e+00
  1.09e-02	  2.86e-02	1.32977e+00
  1.09e-02	  2.92e-02	1.51876e+00
  1.09e-02	  2.97e-02	1.70635e+00
  1.09e-02	  3.02e-02	1.88480e+00
  1.09e-02	  3.07e-02	2.04097e+00
  1.09e-02	  3.13e-02	2.15693e+00
  1.09e-02	  3.18e-02	2.21471e+00
  1.09e-02	  3.23e-02	2.20528e+00
  1.09e-02	  3.28e-02	2.13731e+00
  1.09e-02	  3.33e-02	2.04009e+00
  1.09e-02	  3.39e-02	1.95973e+00
  1.09e-02	  3.44e-02	1.95282e+00
  1.09e-02	  3.49e-02	2.08094e+00
  1.09e-02	  3.54e-02	2.40441e+00
  1.09e-02	  3.59e-02	2.96835e+00
  1.09e-02	  3.65e-02	3.76396e+00
  1.09e-02	  3.70e-02	4.60509e+00
  1.09e-02	  3.75e-02	4.78041e+00
  1.09e-02	  3.80e-02	7.41635e+00
  1.09e-02	  3.85e-02	3.46302e+01
  1.09e-02	  3.91e-02	9.77314e+01
  1.09e-02	  3.96e-02	2.54199e+02
  1.09e-02	  4.01e-02	8.02400e-31
  1.09e-02	  4.06e-02	1.29782e-63
  1.09e-02	  4.11e-02	1.98949e-96
  1.09e-02	  4.17e-02	3.07687e-129
  1.09e-02	  4.22e-02	4.80690e-162
  1.09e-02	  4.27e-02	7.59336e-195
  1.09e-02	  4.32e-02	1.21358e-227
  1.09e-02	  4.37e-02	1.96253e-260
  1.09e-02	  4.43e-02	3.20976e-293
  1.09e-02	  4.48e-02	0.00000e+00
  1.09e-02	  4.53e-02	0.00000e+00
  1.09e-02	  4.58e-02	0.00000e+00
  1.09e-02	  4.64e-02	0.00000e+00
  1.09e-02	  4.69e-02	0.00000e+00
  1.09e-02	  4.74e-02	0.00000e+00
  1.09e-02	  4.79e-02	0.00000e+00
  1.09e-02	  4.84e-02	0.00000e+00
  1.09e-02	  4.90e-02	0.00000e+00
  1.09e-02	  4.95e-02	0.00000e+00

  1.17e-02	  0.00e+00	0.00000e+00
  1.17e-02	  5.21e-04	0.00000e+00
  1.17e-02	  1.04e-03	0.00000e+00
  1.17e-02	  1.56e-03	0.00000e+00
  1.17e-02	  2.08e-03	0.00000e+00
  1.17e-02	  2.60e-03	0.00000e+00
  1.17e-02	  3.12e-03	0.00000e+00
  1.17e-02	  3.65e-03	0.00000e+00
  1.17e-02	  4.17e-03	-3.46113e-293
  1.17e-02	  4.69e-03	-2.10009e-260
  1.17e-02	  5.21e-03	-1.28612e-227
  1.17e-02	  5.73e-03	-7.95750e-195
  1.17e-02	  6.25e-03	-4.97690e-162
  1.17e-02	  6.77e-03	-3.14687e-129
  1.17e-02	  7.29e-03	-2.01097e-96
  1.17e-02	  7.81e-03	-1.29786e-63
  1.17e-02	  8.33e-03	-8.45008e-31
  1.17e-02	  8.85e-03	-2.49773e+02
  1.17e-02	  9.37e-03	-9.81646e+01
  1.17e-02	  9.90e-03	-3.48160e+01
  1.17e-02	  1.04e-02	-7.83837e+00
  1.17e-02	  1.09e-02	-5.22525e+00
  1.17e-02	  1.15e-02	-4.29675e+00
  1.17e-02	  1.20e-02	-3.15441e+00
  1.17e-02	  1.25e-02	-2.27457e+00
  1.17e-02	  1.30e-02	-1.69682e+00
  1.17e-02	  1.35e-02	-1.37364e+00
  1.17e-02	  1.41e-02	-1.24076e+00
  1.17e-02	  1.46e-02	-1.23703e+00
  1.17e-02	  1.51e-02	-1.30978e+00
  1.17e-02	  1.56e-02	-1.41534e+00
  1.17e-02	  1.61e-02	-1.51908e+00
  1.17e-02	  1.67e-02	-1.59653e+00
  1.17e-02	  1.72e-02	-1.63468e+00
  1.17e-02	  1.77e-02	-1.63120e+00
  1.17e-02	  1.82e-02	-1.59091e+00
  1.17e-02	  1.88e-02	-1.52136e+00
  1.17e-02	  1.93e-02	-1.42969e+00
  1.17e-02	  1.98e-02	-1.32151e+00
  1.17e-02	  2.03e-02	-1.20099e+00
  1.17e-02	  2.08e-02	-1.07128e+00
  1.17e-02	  2.14e-02	-9.34782e-01
  1.17e-02	  2.19e-02	-7.93367e-01
  1.17e-02	  2.24e-02	-6.48451e-01
  1.17e-02	  2.29e-02	-5.01085e-01
  1.17e-02	  2.34e-02	-3.52014e-01
  1.17e-02	  2.40e-02	-2.01747e-01
  1.17e-02	  2.45e-02	-5.06159e-02
  1.17e-02	  2.50e-02	1.01169e-01
  1.17e-02	  2.55e-02	2.53463e-01
  1.17e-02	  2.60e-02	4.06135e-01
  1.17e-02	  2.66e-02	5.58997e-01
  1.17e-02	  2.71e-02	7.11718e-01
  1.17e-02	  2.76e-02	8.63675e-01
  1.17e-02	  2.81e-02	1.01371e+00
  1.17e-02	  2.86e-02	1.15971e+00
  1.17e-02	  2.92e-02	1.29794e+00
  1.17e-02	  2.97e-02	1.42226e+00
  1.17e-02	  3.02e-02	1.52336e+00
  1.17e-02	  3.07e-02	1.58918e+00
  1.17e-02	  3.13e-02	1.60731e+00
  1.17e-02	  3.18e-02	1.56977e+00
  1.17e-02	  3.23e-02	1.47837e+00
  1.17e-02	  3.28e-02	1.34761e+00
  1.17e-02	  3.33e-02	1.20401e+00
  1.17e-02	  3.39e-02	1.08364e+00
  1.17e-02	  3.44e-02	1.03075e+00
  1.17e-02	  3.49e-02	1.09872e+00
  1.17e-02	  3.54e-02	1.35170e+00
  1.17e-02	  3.59e-02	1.86363e+00
  1.17e-02	  3.65e-02	2.70883e+00
  1.17e-02	  3.70e-02	3.92198e+00
  1.17e-02	  3.75e-02	5.23495e+00
  1.17e-02	  3.80e-02	8.50008e+00
  1.17e-02	  3.85e-02	3.62768e+01
  1.17e-02	  3.91e-02	1.00241e+02
  1.17e-02	  3.96e-02	2.50796e+02
  1.17e-02	  4.01e-02	7.87758e-31
  1.17e-02	  4.06e-02	1.29646e-63
  1.17e-02	  4.11e-02	2.00835e-96
  1.17e-02	  4.17e-02	3.14197e-129
  1.17e-02	  4.22e-02	4.96786e-162
  1.17e-02	  4.27e-02	7.94105e-195
  1.17e-02	  4.32e-02	1.28318e-227
  1.17e-02	  4.37e-02	2.09491e-260
  1.17e-02	  4.43e-02	3.45214e-293
  1.17e-02	  4.48e-02	0.00000e+00
  1.17e-02	  4.53e-02	0.00000e+00
  1.17e-02	  4.58e-02	0.00000e+00
  1.17e-02	  4.64e-02	0.00000e+00
  1.17e-02	  4.69e-02	0.00000e+00
  1.17e-02	  4.74e-02	0.00000e+00
  1.17e-02	  4.79e-02	0.00000e+00
  1.17e-02	  4.84e-02	0.00000e+00
  1.17e-02	  4.90e-02	0.00000e+00
  1.17e-02	  4.95e-02	0.00000e+00

  1.25e-02	  0.00e+00	0.00000e+00
  1.25e-02	  5.21e-04	0.00000e+00
  1.25e-02	  1.04e-03	0.00000e+00
  1.25e-02	  1.56e-03	0.00000e+00
  1.25e-02	  2.08e-03	0.00000e+00
  1.25e-02	  2.60e-03	0.00000e+00
  1.25e-02	  3.12e-03	0.00000e+00
  1.25e-02	  3.65e-03	0.00000e+00
  1.25e-02	  4.17e-03	-3.73822e-293
  1.25e-02	  4.69e-03	-2.25788e-260
  1.25e-02	  5.21e-03	-1.37357e-227
  1.25e-02	  5.73e-03	-8.42655e-195
  1.25e-02	  6.25e-03	-5.21802e-162
  1.25e-02	  6.77e-03	-3.26351e-129
  1.25e-02	  7.29e-03	-2.06212e-96
  1.25e-02	  7.81e-03	-1.31625e-63
  1.25e-02	  8.33e-03	-8.48217e-31
  1.25e-02	  8.85e-03	-2.48711e+02
  1.25e-02	  9.37e-03	-1.00176e+02
  1.25e-02	  9.90e-03	-3.56621e+01
  1.25e-02	  1.04e-02	-8.72698e+00
  1.25e-02	  1.09e-02	-5.08689e+00
  1.25e-02	  1.15e-02	-3.30935e+00
  1.25e-02	  1.20e-02	-2.06452e+00
  1.25e-02	  1.25e-02	-1.27789e+00
  1.25e-02	  1.30e-02	-8.29148e-01
  1.25e-02	  1.35e-02	-6.18862e-01
  1.25e-02	  1.41e-02	-5.68200e-01
  1.25e-02	  1.46e-02	-6.16849e-01
  1.25e-02	  1.51e-02	-7.19675e-01
  1.25e-02	  1.56e-02	-8.42949e-01
  1.25e-02	  1.61e-02	-9.61539e-01
  1.25e-02	  1.67e-02	-1.05776e+00
  1.25e-02	  1.72e-02	-1.12142e+00
  1.25e-02	  1.77e-02	-1.14951e+00
  1.25e-02	  1.82e-02	-1.14467e+00
  1.25e-02	  1.88e-02	-1.11246e+00
  1.25e-02	  1.93e-02	-1.05893e+00
  1.25e-02	  1.98e-02	-9.89175e-01
  1.25e-02	  2.03e-02	-9.06999e-01
  1.25e-02	  2.08e-02	-8.15159e-01
  1.25e-02	  2.14e-02	-7.15689e-01
  1.25e-02	  2.19e-02	-6.10168e-01
  1.25e-02	  2.24e-02	-4.99874e-01
  1.25e-02	  2.29e-02	-3.85866e-01
  1.25e-02	  2.34e-02	-2.69042e-01
  1.25e-02	  2.40e-02	-1.50163e-01
  1.25e-02	  2.45e-02	-2.98920e-02
  1.25e-02	  2.50e-02	9.11732e-02
  1.25e-02	  2.55e-02	2.12460e-01
  1.25e-02	  2.60e-02	3.33371e-01
  1.25e-02	  2.66e-02	4.53208e-01
  1.25e-02	  2.71e-02	5.71074e-01
  1.25e-02	  2.76e-02	6.85700e-01
  1.25e-02	  2.81e-02	7.95196e-01
  1.25e-02	  2.86e-02	8.96689e-01
  1.25e-02	  2.92e-02	9.85882e-01
  1.25e-02	  2.97e-02	1.05669e+00
  1.25e-02	  3.02e-02	1.10131e+00
  1.25e-02	  3.07e-02	1.11126e+00
  1.25e-02	  3.13e-02	1.07960e+00
  1.25e-02	  3.18e-02	1.00385e+00
  1.25e-02	  3.23e-02	8.88394e-01
  1.25e-02	  3.28e-02	7.45134e-01
  1.25e-02	  3.33e-02	5.92791e-01
  1.25e-02	  3.39e-02	4.56417e-01
  1.25e-02	  3.44e-02	3.68661e-01
  1.25e-02	  3.49e-02	3.73280e-01
  1.25e-02	  3.54e-02	5.30144e-01
  1.25e-02	  3.59e-02	9.20645e-01
  1.25e-02	  3.65e-02	1.65440e+00
  1.25e-02	  3.70e-02	2.88531e+00
  1.25e-02	  3.75e-02	4.83433e+00
  1.25e-02	  3.80e-02	9.03818e+00
  1.25e-02	  3.85e-02	3.69145e+01
  1.25e-02	  3.91e-02	1.02223e+02
  1.25e-02	  3.96e-02	2.49750e+02
  1.25e-02	  4.01e-02	7.86008e-31
  1.25e-02	  4.06e-02	1.31450e-63
  1.25e-02	  4.11e-02	2.05884e-96
  1.25e-02	  4.17e-02	3.25745e-129
  1.25e-02	  4.22e-02	5.20701e-162
  1.25e-02	  4.27e-02	8.40698e-195
  1.25e-02	  4.32e-02	1.37015e-227
  1.25e-02	  4.37e-02	2.25200e-260
  1.25e-02	  4.43e-02	3.72823e-293
  1.25e-02	  4.48e-02	0.00000e+00
  1.25e-02	  4.53e-02	0.00000e+00
  1.25e-02	  4.58e-02	0.00000e+00
  1.25e-02	  4.64e-02	0.00000e+00
  1.25e-02	  4.69e-02	0.00000e+00
  1.25e-02	  4.74e-02	0.00000e+00
  1.25e-02	  4.79e-02	0.00000e+00
  1.25e-02	  4.84e-02	0.00000e+00
  1.25e-02	  4.90e-02	0.00000e+00
  1.25e-02	  4.95e-02	0.00000e+00

  1.33e-02	  0.00e+00	0.00000e+00
  1.33e-02	  5.21e-04	0.00000e+00
  1.33e-02	  1.04e-03	0.00000e+00
  1.33e-02	  1.56e-03	0.00000e+00
  1.33e-02	  2.08e-03	0.00000e+00
  1.33e-02	  2.60e-03	0.00000e+00
  1.33e-02	  3.12e-03	0.00000e+00
  1.33e-02	  3.65e-03	0.00000e+00
  1.33e-02	  4.17e-03	-4.04113e-293
  1.33e-02	  4.69e-03	-2.43578e-260
  1.33e-02	  5.21e-03	-1.47582e-227
  1.33e-02	  5.73e-03	-9.00058e-195
  1.33e-02	  6.25e-03	-5.53128e-162
  1.33e-02	  6.77e-03	-3.42841e-129
  1.33e-02	  7.29e-03	-2.14471e-96
  1.33e-02	  7.81e-03	-1.35462e-63
  1.33e-02	  8.33e-03	-8.63831e-31
  1.33e-02	  8.85e-03	-2.50305e+02
  1.33e-02	  9.37e-03	-1.01651e+02
  1.33e-02	  9.90e-03	-3.54079e+01
  1.33e-02	  1.04e-02	-8.67125e+00
  1.33e-02	  1.09e-02	-4.13523e+00
  1.33e-02	  1.15e-02	-2.14404e+00
  1.33e-02	  1.20e-02	-1.04843e+00
  1.33e-02	  1.25e-02	-4.45280e-01
  1.33e-02	  1.30e-02	-1.53034e-01
  1.33e-02	  1.35e-02	-5.87114e-02
  1.33e-02	  1.41e-02	-8.50028e-02
  1.33e-02	  1.46e-02	-1.78743e-01
  1.33e-02	  1.51e-02	-3.03833e-01
  1.33e-02	  1.56e-02	-4.35688e-01
  1.33e-02	  1.61e-02	-5.57335e-01
  1.33e-02	  1.67e-02	-6.57365e-01
  1.33e-02	  1.72e-02	-7.29255e-01
  1.33e-02	  1.77e-02	-7.71064e-01
  1.33e-02	  1.82e-02	-7.84645e-01
  1.33e-02	  1.88e-02	-7.74199e-01
  1.33e-02	  1.93e-02	-7.44663e-01
  1.33e-02	  1.98e-02	-7.00540e-01
  1.33e-02	  2.03e-02	-6.45392e-01
  1.33e-02	  2.08e-02	-5.81821e-01
  1.33e-02	  2.14e-02	-5.11691e-01
  1.33e-02	  2.19e-02	-4.36364e-01
  1.33e-02	  2.24e-02	-3.56890e-01
  1.33e-02	  2.29e-02	-2.74133e-01
  1.33e-02	  2.34e-02	-1.88837e-01
  1.33e-02	  2.40e-02	-1.01673e-01
  1.33e-02	  2.45e-02	-1.32707e-02
  1.33e-02	  2.50e-02	7.57535e-02
  1.33e-02	  2.55e-02	1.64764e-01
  1.33e-02	  2.60e-02	2.53057e-01
  1.33e-02	  2.66e-02	3.39794e-01
  1.33e-02	  2.71e-02	4.23896e-01
  1.33e-02	  2.76e-02	5.03901e-01
  1.33e-02	  2.81e-02	5.77752e-01
  1.33e-02	  2.86e-02	6.42562e-01
  1.33e-02	  2.92e-02	6.94393e-01
  1.33e-02	  2.97e-02	7.28211e-01
  1.33e-02	  3.02e-02	7.38232e-01
  1.33e-02	  3.07e-02	7.18854e-01
  1.33e-02	  3.13e-02	6.66115e-01
  1.33e-02	  3.18e-02	5.79238e-01
  1.33e-02	  3.23e-02	4.61613e-01
  1.33e-02	  3.28e-02	3.20937e-01
  1.33e-02	  3.33e-02	1.68997e-01
  1.33e-02	  3.39e-02	2.21400e-02
  1.33e-02	  3.44e-02	-9.65088e-02
  1.33e-02	  3.49e-02	-1.52568e-01
  1.33e-02	  3.54e-02	-9.38616e-02
  1.33e-02	  3.59e-02	1.57902e-01
  1.33e-02	  3.65e-02	7.20191e-01
  1.33e-02	  3.70e-02	1.78783e+00
  1.33e-02	  3.75e-02	3.83007e+00
  1.33e-02	  3.80e-02	8.74355e+00
  1.33e-02	  3.85e-02	3.63751e+01
  1.33e-02	  3.91e-02	1.03537e+02
  1.33e-02	  3.96e-02	2.51281e+02
  1.33e-02	  4.01e-02	7.97052e-31
  1.33e-02	  4.06e-02	1.35244e-63
  1.33e-02	  4.11e-02	2.14066e-96
  1.33e-02	  4.17e-02	3.42106e-129
  1.33e-02	  4.22e-02	5.51825e-162
  1.33e-02	  4.27e-02	8.97796e-195
  1.33e-02	  4.32e-02	1.47196e-227
  1.33e-02	  4.37e-02	2.42927e-260
  1.33e-02	  4.43e-02	4.03026e-293
  1.33e-02	  4.48e-02	0.00000e+00
  1.33e-02	  4.53e-02	0.00000e+00
  1.33e-02	  4.58e-02	0.00000e+00
  1.33e-02	  4.64e-02	0.00000e+00
  1.33e-02	  4.69e-02	0.00000e+00
  1.33e-02	  4.74e-02	0.00000e+00
  1.33e-02	  4.79e-02	0.00000e+00
  1.33e-02	  4.84e-02	0.00000e+00
  1.33e-02	  4.90e-02	0.00000e+00
  1.33e-02	  4.95e-02	0.00000e+00

  1.41e-02	  0.00e+00	0.00000e+00
  1.41e-02	  5.21e-04	0.00000e+00
  1.41e-02	  1.04e-03	0.00000e+00
  1.41e-02	  1.56e-03	0.00000e+00
  1.41e-02	  2.08e-03	0.00000e+00
  1.41e-02	  2.60e-03	0.00000e+00
  1.41e-02	  3.12e-03	0.00000e+00
  1.41e-02	  3.65e-03	0.00000e+00
  1.41e-02	  4.17e-03	-4.36230e-293
  1.41e-02	  4.69e-03	-2.62913e-260
  1.41e-02	  5.21e-03	-1.59009e-227
  1.41e-02	  5.73e-03	-9.66330e-195
  1.41e-02	  6.25e-03	-5.90779e-162
  1.41e-02	  6.77e-03	-3.63714e-129
  1.41e-02	  7.29e-03	-2.25691e-96
  1.41e-02	  7.81e-03	-1.41249e-63
  1.41e-02	  8.33e-03	-8.91961e-31
  1.41e-02	  8.85e-03	-2.54646e+02
  1.41e-02	  9.37e-03	-1.02352e+02
  1.41e-02	  9.90e-03	-3.38167e+01
  1.41e-02	  1.04e-02	-7.62004e+00
  1.41e-02	  1.09e-02	-2.80426e+00
  1.41e-02	  1.15e-02	-1.01537e+00
  1.41e-02	  1.20e-02	-1.68190e-01
  1.41e-02	  1.25e-02	2.30012e-01
  1.41e-02	  1.30e-02	3.69247e-01
  1.41e-02	  1.35e-02	3.58005e-01
  1.41e-02	  1.41e-02	2.65080e-01
  1.41e-02	  1.46e-02	1.33987e-01
  1.41e-02	  1.51e-02	-8.44584e-03
  1.41e-02	  1.56e-02	-1.45744e-01
  1.41e-02	  1.61e-02	-2.67558e-01
  1.41e-02	  1.67e-02	-3.67445e-01
  1.41e-02	  1.72e-02	-4.42029e-01
  1.41e-02	  1.77e-02	-4.90713e-01
  1.41e-02	  1.82e-02	-5.15264e-01
  1.41e-02	  1.88e-02	-5.19048e-01
  1.41e-02	  1.93e-02	-5.06070e-01
  1.41e-02	  1.98e-02	-4.80172e-01
  1.41e-02	  2.03e-02	-4.44567e-01
  1.41e-02	  2.08e-02	-4.01714e-01
  1.41e-02	  2.14e-02	-3.53405e-01
  1.41e-02	  2.19e-02	-3.00926e-01
  1.41e-02	  2.24e-02	-2.45222e-01
  1.41e-02	  2.29e-02	-1.87025e-01
  1.41e-02	  2.34e-02	-1.26938e-01
  1.41e-02	  2.40e-02	-6.54971e-02
  1.41e-02	  2.45e-02	-3.21561e-03
  1.41e-02	  2.50e-02	5.93844e-02
  1.41e-02	  2.55e-02	1.21733e-01
  1.41e-02	  2.60e-02	1.83167e-01
  1.41e-02	  2.66e-02	2.42865e-01
  1.41e-02	  2.71e-02	2.99756e-01
  1.41e-02	  2.76e-02	3.52408e-01
  1.41e-02	  2.81e-02	3.98881e-01
  1.41e-02	  2.86e-02	4.36595e-01
  1.41e-02	  2.92e-02	4.62251e-01
  1.41e-02	  2.97e-02	4.71911e-01
  1.41e-02	  3.02e-02	4.61345e-01
  1.41e-02	  3.07e-02	4.26684e-01
  1.41e-02	  3.13e-02	3.65274e-01
  1.41e-02	  3.18e-02	2.76458e-01
  1.41e-02	  3.23e-02	1.61994e-01
  1.41e-02	  3.28e-02	2.60573e-02
  1.41e-02	  3.33e-02	-1.24775e-01
  1.41e-02	  3.39e-02	-2.80831e-01
  1.41e-02	  3.44e-02	-4.27016e-01
  1.41e-02	  3.49e-02	-5.38061e-01
  1.41e-02	  3.54e-02	-5.71033e-01
  1.41e-02	  3.59e-02	-4.55171e-01
  1.41e-02	  3.65e-02	-7.66695e-02
  1.41e-02	  3.70e-02	7.62712e-01
  1.41e-02	  3.75e-02	2.57655e+00
  1.41e-02	  3.80e-02	7.60533e+00
  1.41e-02	  3.85e-02	3.45203e+01
  1.41e-02	  3.91e-02	1.03979e+02
  1.41e-02	  3.96e-02	2.55479e+02
  1.41e-02	  4.01e-02	8.19531e-31
  1.41e-02	  4.06e-02	1.40978e-63
  1.41e-02	  4.11e-02	2.25200e-96
  1.41e-02	  4.17e-02	3.62847e-129
  1.41e-02	  4.22e-02	5.89280e-162
  1.41e-02	  4.27e-02	9.63787e-195
  1.41e-02	  4.32e-02	1.58584e-227
  1.41e-02	  4.37e-02	2.62208e-260
  1.41e-02	  4.43e-02	4.35070e-293
  1.41e-02	  4.48e-02	0.00000e+00
  1.41e-02	  4.53e-02	0.00000e+00
  1.41e-02	  4.58e-02	0.00000e+00
  1.41e-02	  4.64e-02	0.00000e+00
  1.41e-02	  4.69e-02	0.00000e+00
  1.41e-02	  4.74e-02	0.00000e+00
  1.41e-02	  4.79e-02	0.00000e+00
  1.41e-02	  4.84e-02	0.00000e+00
  1.41e-02	  4.90e-02	0.00000e+00
  1.41e-02	  4.95e-02	0.00000e+00

  1.48e-02	  0.00e+00	0.00000e+00
  1.48e-02	  5.21e-04	0.00000e+00
  1.48e-02	  1.04e-03	0.00000e+00
  1.48e-02	  1.56e-03	0.00000e+00
  1.48e-02	  2.08e-03	0.00000e+00
  1.48e-02	  2.60e-03	0.00000e+00
  1.48e-02	  3.12e-03	0.00000e+00
  1.48e-02	  3.65e-03	0.00000e+00
  1.48e-02	  4.17e-03	-4.69473e-293
  1.48e-02	  4.69e-03	-2.83347e-260
  1.48e-02	  5.21e-03	-1.71356e-227
  1.48e-02	  5.73e-03	-1.03974e-194
  1.48e-02	  6.25e-03	-6.33720e-162
  1.48e-02	  6.77e-03	-3.88383e-129
  1.48e-02	  7.29e-03	-2.39564e-96
  1.48e-02	  7.81e-03	-1.48845e-63
  1.48e-02	  8.33e-03	-9.32124e-31
  1.48e-02	  8.85e-03	-2.61678e+02
  1.48e-02	  9.37e-03	-1.02019e+02
  1.48e-02	  9.90e-03	-3.08095e+01
  1.48e-02	  1.04e-02	-5.85036e+00
  1.48e-02	  1.09e-02	-1.39799e+00
  1.48e-02	  1.15e-02	1.29447e-02
  1.48e-02	  1.20e-02	5.84500e-01
  1.48e-02	  1.25e-02	7.79907e-01
  1.48e-02	  1.30e-02	7.76888e-01
  1.48e-02	  1.35e-02	6.72283e-01
  1.48e-02	  1.41e-02	5.23084e-01
  1.48e-02	  1.46e-02	3.61804e-01
  1.48e-02	  1.51e-02	2.05974e-01
  1.48e-02	  1.56e-02	6.48106e-02
  1.48e-02	  1.61e-02	-5.67166e-02
  1.48e-02	  1.67e-02	-1.55943e-01
  1.48e-02	  1.72e-02	-2.31865e-01
  1.48e-02	  1.77e-02	-2.85002e-01
  1.48e-02	  1.82e-02	-3.17233e-01
  1.48e-02	  1.88e-02	-3.31420e-01
  1.48e-02	  1.93e-02	-3.30860e-01
  1.48e-02	  1.98e-02	-3.18783e-01
  1.48e-02	  2.03e-02	-2.98000e-01
  1.48e-02	  2.08e-02	-2.70764e-01
  1.48e-02	  2.14e-02	-2.38778e-01
  1.48e-02	  2.19e-02	-2.03289e-01
  1.48e-02	  2.24e-02	-1.65209e-01
  1.48e-02	  2.29e-02	-1.25219e-01
  1.48e-02	  2.34e-02	-8.38599e-02
  1.48e-02	  2.40e-02	-4.15926e-02
  1.48e-02	  2.45e-02	1.14806e-03
  1.48e-02	  2.50e-02	4.39134e-02
  1.48e-02	  2.55e-02	8.61994e-02
  1.48e-02	  2.60e-02	1.27400e-01
  1.48e-02	  2.66e-02	1.66749e-01
  1.48e-02	  2.71e-02	2.03247e-01
  1.48e-02	  2.76e-02	2.35579e-01
  1.48e-02	  2.81e-02	2.62017e-01
  1.48e-02	  2.86e-02	2.80356e-01
  1.48e-02	  2.92e-02	2.87903e-01
  1.48e-02	  2.97e-02	2.81579e-01
  1.48e-02	  3.02e-02	2.58187e-01
  1.48e-02	  3.07e-02	2.14830e-01
  1.48e-02	  3.13e-02	1.49395e-01
  1.48e-02	  3.18e-02	6.09440e-02
  1.48e-02	  3.23e-02	-5.01397e-02
  1.48e-02	  3.28e-02	-1.82242e-01
  1.48e-02	  3.33e-02	-3.32598e-01
  1.48e-02	  3.39e-02	-4.96793e-01
  1.48e-02	  3.44e-02	-6.66813e-01
  1.48e-02	  3.49e-02	-8.26530e-01
  1.48e-02	  3.54e-02	-9.43614e-01
  1.48e-02	  3.59e-02	-9.57404e-01
  1.48e-02	  3.65e-02	-7.61659e-01
  1.48e-02	  3.70e-02	-1.66861e-01
  1.48e-02	  3.75e-02	1.29582e+00
  1.48e-02	  3.80e-02	5.87888e+00
  1.48e-02	  3.85e-02	3.13321e+01
  1.48e-02	  3.91e-02	1.03338e+02
  1.48e-02	  3.96e-02	2.62302e+02
  1.48e-02	  4.01e-02	8.51707e-31
  1.48e-02	  4.06e-02	1.48518e-63
  1.48e-02	  4.11e-02	2.38987e-96
  1.48e-02	  4.17e-02	3.87390e-129
  1.48e-02	  4.22e-02	6.32043e-162
  1.48e-02	  4.27e-02	1.03696e-194
  1.48e-02	  4.32e-02	1.70898e-227
  1.48e-02	  4.37e-02	2.82597e-260
  1.48e-02	  4.43e-02	4.68247e-293
  1.48e-02	  4.48e-02	0.00000e+00
  1.48e-02	  4.53e-02	0.00000e+00
  1.48e-02	  4.58e-02	0.00000e+00
  1.48e-02	  4.64e-02	0.00000e+00
  1.48e-02	  4.69e-02	0.00000e+00
  1.48e-02	  4.74e-02	0.00000e+00
  1.48e-02	  4.79e-02	0.00000e+00
  1.48e-02	  4.84e-02	0.00000e+00
  1.48e-02	  4.90e-02	0.00000e+00
  1.48e-02	  4.95e-02	0.00000e+00

  1.56e-02	  0.00e+00	0.00000e+00
  1.56e-02	  5.21e-04	0.00000e+00
  1.56e-02	  1.04e-03	0.00000e+00
  1.56e-02	  1.56e-03	0.00000e+00
  1.56e-02	  2.08e-03	0.00000e+00
  1.56e-02	  2.60e-03	0.00000e+00
  1.56e-02	  3.12e-03	0.00000e+00
  1.56e-02	  3.65e-03	0.00000e+00
  1.56e-02	  4.17e-03	-5.03151e-293
  1.56e-02	  4.69e-03	-3.04454e-260
  1.56e-02	  5.21e-03	-1.84357e-227
  1.56e-02	  5.73e-03	-1.11860e-194
  1.56e-02	  6.25e-03	-6.80885e-162
  1.56e-02	  6.77e-03	-4.16194e-129
  1.56e-02	  7.29e-03	-2.55706e-96
  1.56e-02	  7.81e-03	-1.58040e-63
  1.56e-02	  8.33e-03	-9.83302e-31
  1.56e-02	  8.85e-03	-2.71195e+02
  1.56e-02	  9.37e-03	-1.00433e+02
  1.56e-02	  9.90e-03	-2.65572e+01
  1.56e-02	  1.04e-02	-3.73353e+00
  1.56e-02	  1.09e-02	-3.21641e-02
  1.56e-02	  1.15e-02	9.55824e-01
  1.56e-02	  1.20e-02	1.24383e+00
  1.56e-02	  1.25e-02	1.23865e+00
  1.56e-02	  1.30e-02	1.10128e+00
  1.56e-02	  1.35e-02	9.13190e-01
  1.56e-02	  1.41e-02	7.16490e-01
  1.56e-02	  1.46e-02	5.31138e-01
  1.56e-02	  1.51e-02	3.65213e-01
  1.56e-02	  1.56e-02	2.21353e-01
  1.56e-02	  1.61e-02	1.00130e-01
  1.56e-02	  1.67e-02	1.36269e-03
  1.56e-02	  1.72e-02	-7.56497e-02
  1.56e-02	  1.77e-02	-1.32232e-01
  1.56e-02	  1.82e-02	-1.70383e-01
  1.56e-02	  1.88e-02	-1.92633e-01
  1.56e-02	  1.93e-02	-2.01768e-01
  1.56e-02	  1.98e-02	-2.00513e-01
  1.56e-02	  2.03e-02	-1.91301e-01
  1.56e-02	  2.08e-02	-1.76150e-01
  1.56e-02	  2.14e-02	-1.56643e-01
  1.56e-02	  2.19e-02	-1.33980e-01
  1.56e-02	  2.24e-02	-1.09054e-01
  1.56e-02	  2.29e-02	-8.25376e-02
  1.56e-02	  2.34e-02	-5.49565e-02
  1.56e-02	  2.40e-02	-2.67519e-02
  1.56e-02	  2.45e-02	1.66892e-03
  1.56e-02	  2.50e-02	2.98886e-02
  1.56e-02	  2.55e-02	5.74377e-02
  1.56e-02	  2.60e-02	8.37505e-02
  1.56e-02	  2.66e-02	1.08114e-01
  1.56e-02	  2.71e-02	1.29612e-01
  1.56e-02	  2.76e-02	1.47059e-01
  1.56e-02	  2.81e-02	1.58948e-01
  1.56e-02	  2.86e-02	1.63413e-01
  1.56e-02	  2.92e-02	1.58242e-01
  1.56e-02	  2.97e-02	1.40971e-01
  1.56e-02	  3.02e-02	1.09070e-01
  1.56e-02	  3.07e-02	6.01989e-02
  1.56e-02	  3.13e-02	-7.51666e-03
  1.56e-02	  3.18e-02	-9.53106e-02
  1.56e-02	  3.23e-02	-2.03786e-01
  1.56e-02	  3.28e-02	-3.33127e-01
  1.56e-02	  3.33e-02	-4.83369e-01
  1.56e-02	  3.39e-02	-6.54320e-01
  1.56e-02	  3.44e-02	-8.44358e-01
  1.56e-02	  3.49e-02	-1.04679e+00
  1.56e-02	  3.54e-02	-1.24191e+00
  1.56e-02	  3.59e-02	-1.38270e+00
  1.56e-02	  3.65e-02	-1.37320e+00
  1.56e-02	  3.70e-02	-1.03254e+00
  1.56e-02	  3.75e-02	5.15681e-02
  1.56e-02	  3.80e-02	3.87907e+00
  1.56e-02	  3.85e-02	2.69927e+01
  1.56e-02	  3.91e-02	1.01453e+02
  1.56e-02	  3.96e-02	2.71571e+02
  1.56e-02	  4.01e-02	8.92080e-31
  1.56e-02	  4.06e-02	1.57657e-63
  1.56e-02	  4.11e-02	2.55048e-96
  1.56e-02	  4.17e-02	4.15088e-129
  1.56e-02	  4.22e-02	6.79057e-162
  1.56e-02	  4.27e-02	1.11562e-194
  1.56e-02	  4.32e-02	1.83873e-227
  1.56e-02	  4.37e-02	3.03671e-260
  1.56e-02	  4.43e-02	5.01880e-293
  1.56e-02	  4.48e-02	0.00000e+00
  1.56e-02	  4.53e-02	0.00000e+00
  1.56e-02	  4.58e-02	0.00000e+00
  1.56e-02	  4.64e-02	0.00000e+00
  1.56e-02	  4.69e-02	0.00000e+00
  1.56e-02	  4.74e-02	0.00000e+00
  1.56e-02	  4.79e-02	0.00000e+00
  1.56e-02	  4.84e-02	0.00000e+00
  1.56e-02	  4.90e-02	0.00000e+00
  1.56e-02	  4.95e-02	0.00000e+00

  1.64e-02	  0.00e+00	0.00000e+00
  1.64e-02	  5.21e-04	0.00000e+00
  1.64e-02	  1.04e-03	0.00000e+00
  1.64e-02	  1.56e-03	0.00000e+00
  1.64e-02	  2.08e-03	0.00000e+00
  1.64e-02	  2.60e-03	0.00000e+00
  1.64e-02	  3.12e-03	0.00000e+00
  1.64e-02	  3.65e-03	0.00000e+00
  1.64e-02	  4.17e-03	-5.36700e-293
  1.64e-02	  4.69e-03	-3.25864e-260
  1.64e-02	  5.21e-03	-1.97771e-227
  1.64e-02	  5.73e-03	-1.20136e-194
  1.64e-02	  6.25e-03	-7.31266e-162
  1.64e-02	  6.77e-03	-4.46495e-129
  1.64e-02	  7.29e-03	-2.73706e-96
  1.64e-02	  7.81e-03	-1.68587e-63
  1.64e-02	  8.33e-03	-1.04409e-30
  1.64e-02	  8.85e-03	-2.82875e+02
  1.64e-02	  9.37e-03	-9.74755e+01
  1.64e-02	  9.90e-03	-2.14606e+01
  1.64e-02	  1.04e-02	-1.53225e+00
  1.64e-02	  1.09e-02	1.30226e+00
  1.64e-02	  1.15e-02	1.86130e+00
  1.64e-02	  1.20e-02	1.84883e+00
  1.64e-02	  1.25e-02	1.63458e+00
  1.64e-02	  1.30e-02	1.36487e+00
  1.64e-02	  1.35e-02	1.10036e+00
  1.64e-02	  1.41e-02	8.63357e-01
  1.64e-02	  1.46e-02	6.59025e-01
  1.64e-02	  1.51e-02	4.85731e-01
  1.64e-02	  1.56e-02	3.40149e-01
  1.64e-02	  1.61e-02	2.19270e-01
  1.64e-02	  1.67e-02	1.20778e-01
  1.64e-02	  1.72e-02	4.27715e-02
  1.64e-02	  1.77e-02	-1.66218e-02
  1.64e-02	  1.82e-02	-5.94773e-02
  1.64e-02	  1.88e-02	-8.80977e-02
  1.64e-02	  1.93e-02	-1.04892e-01
  1.64e-02	  1.98e-02	-1.12198e-01
  1.64e-02	  2.03e-02	-1.12131e-01
  1.64e-02	  2.08e-02	-1.06484e-01
  1.64e-02	  2.14e-02	-9.67129e-02
  1.64e-02	  2.19e-02	-8.39517e-02
  1.64e-02	  2.24e-02	-6.90726e-02
  1.64e-02	  2.29e-02	-5.27463e-02
  1.64e-02	  2.34e-02	-3.55042e-02
  1.64e-02	  2.40e-02	-1.77926e-02
  1.64e-02	  2.45e-02	-2.04036e-05
  1.64e-02	  2.50e-02	1.73996e-02
  1.64e-02	  2.55e-02	3.40103e-02
  1.64e-02	  2.60e-02	4.92707e-02
  1.64e-02	  2.66e-02	6.25121e-02
  1.64e-02	  2.71e-02	7.28927e-02
  1.64e-02	  2.76e-02	7.93517e-02
  1.64e-02	  2.81e-02	8.05711e-02
  1.64e-02	  2.86e-02	7.49575e-02
  1.64e-02	  2.92e-02	6.06608e-02
  1.64e-02	  2.97e-02	3.56444e-02
  1.64e-02	  3.02e-02	-2.18930e-03
  1.64e-02	  3.07e-02	-5.48389e-02
  1.64e-02	  3.13e-02	-1.24058e-01
  1.64e-02	  3.18e-02	-2.11302e-01
  1.64e-02	  3.23e-02	-3.17849e-01
  1.64e-02	  3.28e-02	-4.45133e-01
  1.64e-02	  3.33e-02	-5.95252e-01
  1.64e-02	  3.39e-02	-7.71405e-01
  1.64e-02	  3.44e-02	-9.77712e-01
  1.64e-02	  3.49e-02	-1.21724e+00
  1.64e-02	  3.54e-02	-1.48567e+00
  1.64e-02	  3.59e-02	-1.75589e+00
  1.64e-02	  3.65e-02	-1.94824e+00
  1.64e-02	  3.70e-02	-1.88617e+00
  1.64e-02	  3.75e-02	-1.18899e+00
  1.64e-02	  3.80e-02	1.80551e+00
  1.64e-02	  3.85e-02	2.18795e+01
  1.64e-02	  3.91e-02	9.82571e+01
  1.64e-02	  3.96e-02	2.82995e+02
  1.64e-02	  4.01e-02	9.39562e-31
  1.64e-02	  4.06e-02	1.68152e-63
  1.64e-02	  4.11e-02	2.72977e-96
  1.64e-02	  4.17e-02	4.45294e-129
  1.64e-02	  4.22e-02	7.29318e-162
  1.64e-02	  4.27e-02	1.19822e-194
  1.64e-02	  4.32e-02	1.97268e-227
  1.64e-02	  4.37e-02	3.25056e-260
  1.64e-02	  4.43e-02	5.35397e-293
  1.64e-02	  4.48e-02	0.00000e+00
  1.64e-02	  4.53e-02	0.00000e+00
  1.64e-02	  4.58e-02	0.00000e+00
  1.64e-02	  4.64e-02	0.00000e+00
  1.64e-02	  4.69e-02	0.00000e+00
  1.64e-02	  4.74e-02	0.00000e+00
  1.64e-02	  4.79e-02	0.00000e+00
  1.64e-02	  4.84e-02	0.00000e+00
  1.64e-02	  4.90e-02	0.00000e+00
  1.64e-02	  4.95e-02	0.00000e+00

  1.72e-02	  0.00e+00	0.00000e+00
  1.72e-02	  5.21e-04	0.00000e+00
  1.72e-02	  1.04e-03	0.00000e+00
  1.72e-02	  1.56e-03	0.00000e+00
  1.72e-02	  2.08e-03	0.00000e+00
  1.72e-02	  2.60e-03	0.00000e+00
  1.72e-02	  3.12e-03	0.00000e+00
  1.72e-02	  3.65e-03	0.00000e+00
  1.72e-02	  4.17e-03	-5.69572e-293
  1.72e-02	  4.69e-03	-3.47220e-260
  1.72e-02	  5.21e-03	-2.11374e-227
  1.72e-02	  5.73e-03	-1.28659e-194
  1.72e-02	  6.25e-03	-7.83947e-162
  1.72e-02	  6.77e-03	-4.78682e-129
  1.72e-02	  7.29e-03	-2.93168e-96
  1.72e-02	  7.81e-03	-1.80229e-63
  1.72e-02	  8.33e-03	-1.11288e-30
  1.72e-02	  8.85e-03	-2.96322e+02
  1.72e-02	  9.37e-03	-9.31573e+01
  1.72e-02	  9.90e-03	-1.60153e+01
  1.72e-02	  1.04e-02	6.62167e-01
  1.72e-02	  1.09e-02	2.66865e+00
  1.72e-02	  1.15e-02	2.78371e+00
  1.72e-02	  1.20e-02	2.43166e+00
  1.72e-02	  1.25e-02	1.98638e+00
  1.72e-02	  1.30e-02	1.58169e+00
  1.72e-02	  1.35e-02	1.24646e+00
  1.72e-02	  1.41e-02	9.75524e-01
  1.72e-02	  1.46e-02	7.56552e-01
  1.72e-02	  1.51e-02	5.78132e-01
  1.72e-02	  1.56e-02	4.31660e-01
  1.72e-02	  1.61e-02	3.11253e-01
  1.72e-02	  1.67e-02	2.13008e-01
  1.72e-02	  1.72e-02	1.34180e-01
  1.72e-02	  1.77e-02	7.25326e-02
  1.72e-02	  1.82e-02	2.59526e-02
  1.72e-02	  1.88e-02	-7.69272e-03
  1.72e-02	  1.93e-02	-3.05386e-02
  1.72e-02	  1.98e-02	-4.46306e-02
  1.72e-02	  2.03e-02	-5.18270e-02
  1.72e-02	  2.08e-02	-5.37321e-02
  1.72e-02	  2.14e-02	-5.16745e-02
  1.72e-02	  2.19e-02	-4.67199e-02
  1.72e-02	  2.24e-02	-3.97097e-02
  1.72e-02	  2.29e-02	-3.13088e-02
  1.72e-02	  2.34e-02	-2.20551e-02
  1.72e-02	  2.40e-02	-1.24061e-02
  1.72e-02	  2.45e-02	-2.78068e-03
  1.72e-02	  2.50e-02	6.40291e-03
  1.72e-02	  2.55e-02	1.46913e-02
  1.72e-02	  2.60e-02	2.15605e-02
  1.72e-02	  2.66e-02	2.63790e-02
  1.72e-02	  2.71e-02	2.83709e-02
  1.72e-02	  2.76e-02	2.65804e-02
  1.72e-02	  2.81e-02	1.98439e-02
  1.72e-02	  2.86e-02	6.77902e-03
  1.72e-02	  2.92e-02	-1.42003e-02
  1.72e-02	  2.97e-02	-4.48329e-02
  1.72e-02	  3.02e-02	-8.69269e-02
  1.72e-02	  3.07e-02	-1.42261e-01
  1.72e-02	  3.13e-02	-2.12515e-01
  1.72e-02	  3.18e-02	-2.99294e-01
  1.72e-02	  3.23e-02	-4.04329e-01
  1.72e-02	  3.28e-02	-5.29924e-01
  1.72e-02	  3.33e-02	-6.79689e-01
  1.72e-02	  3.39e-02	-8.59491e-01
  1.72e-02	  3.44e-02	-1.07844e+00
  1.72e-02	  3.49e-02	-1.34935e+00
  1.72e-02	  3.54e-02	-1.68628e+00
  1.72e-02	  3.59e-02	-2.09133e+00
  1.72e-02	  3.65e-02	-2.51429e+00
  1.72e-02	  3.70e-02	-2.77989e+00
  1.72e-02	  3.75e-02	-2.49617e+00
  1.72e-02	  3.80e-02	-2.93737e-01
  1.72e-02	  3.85e-02	1.64552e+01
  1.72e-02	  3.91e-02	9.37897e+01
  1.72e-02	  3.96e-02	2.96205e+02
  1.72e-02	  4.01e-02	9.93412e-31
  1.72e-02	  4.06e-02	1.79747e-63
  1.72e-02	  4.11e-02	2.92379e-96
  1.72e-02	  4.17e-02	4.77408e-129
  1.72e-02	  4.22e-02	7.81908e-162
  1.72e-02	  4.27e-02	1.28334e-194
  1.72e-02	  4.32e-02	2.10856e-227
  1.72e-02	  4.37e-02	3.46389e-260
  1.72e-02	  4.43e-02	5.68229e-293
  1.72e-02	  4.48e-02	0.00000e+00
  1.72e-02	  4.53e-02	0.00000e+00
  1.72e-02	  4.58e-02	0.00000e+00
  1.72e-02	  4.64e-02	0.00000e+00
  1.72e-02	  4.69e-02	0.00000e+00
  1.72e-02	  4.74e-02	0.00000e+00
  1.72e-02	  4.79e-02	0.00000e+00
  1.72e-02	  4.84e-02	0.00000e+00
  1.72e-02	  4.90e-02	0.00000e+00
  1.72e-02	  4.95e-02	0.00000e+00

  1.80e-02	  0.00e+00	0.00000e+00
  1.80e-02	  5.21e-04	0.00000e+00
  1.80e-02	  1.04e-03	0.00000e+00
  1.80e-02	  1.56e-03	0.00000e+00
  1.80e-02	  2.08e-03	0.00000e+00
  1.80e-02	  2.60e-03	0.00000e+00
  1.80e-02	  3.12e-03	0.00000e+00
  1.80e-02	  3.65e-03	0.00000e+00
  1.80e-02	  4.17e-03	-6.01149e-293
  1.80e-02	  4.69e-03	-3.68156e-260
  1.80e-02	  5.21e-03	-2.24948e-227
  1.80e-02	  5.73e-03	-1.37298e-194
  1.80e-02	  6.25e-03	-8.38102e-162
  1.80e-02	  6.77e-03	-5.12223e-129
  1.80e-02	  7.29e-03	-3.13733e-96
  1.80e-02	  7.81e-03	-1.92725e-63
  1.80e-02	  8.33e-03	-1.18810e-30
  1.80e-02	  8.85e-03	-3.11130e+02
  1.80e-02	  9.37e-03	-8.76294e+01
  1.80e-02	  9.90e-03	-1.06419e+01
  1.80e-02	  1.04e-02	2.88098e+00
  1.80e-02	  1.09e-02	4.14207e+00
  1.80e-02	  1.15e-02	3.76923e+00
  1.80e-02	  1.20e-02	3.01114e+00
  1.80e-02	  1.25e-02	2.30196e+00
  1.80e-02	  1.30e-02	1.75893e+00
  1.80e-02	  1.35e-02	1.35948e+00
  1.80e-02	  1.41e-02	1.06087e+00
  1.80e-02	  1.46e-02	8.31084e-01
  1.80e-02	  1.51e-02	6.49401e-01
  1.80e-02	  1.56e-02	5.02767e-01
  1.80e-02	  1.61e-02	3.83051e-01
  1.80e-02	  1.67e-02	2.85172e-01
  1.80e-02	  1.72e-02	2.05792e-01
  1.80e-02	  1.77e-02	1.42433e-01
  1.80e-02	  1.82e-02	9.29718e-02
  1.80e-02	  1.88e-02	5.54053e-02
  1.80e-02	  1.93e-02	2.78019e-02
  1.80e-02	  1.98e-02	8.33700e-03
  1.80e-02	  2.03e-02	-4.64747e-03
  1.80e-02	  2.08e-02	-1.25974e-02
  1.80e-02	  2.14e-02	-1.67291e-02
  1.80e-02	  2.19e-02	-1.80389e-02
  1.80e-02	  2.24e-02	-1.73318e-02
  1.80e-02	  2.29e-02	-1.52588e-02
  1.80e-02	  2.34e-02	-1.23582e-02
  1.80e-02	  2.40e-02	-9.09468e-03
  1.80e-02	  2.45e-02	-5.89505e-03
  1.80e-02	  2.50e-02	-3.18215e-03
  1.80e-02	  2.55e-02	-1.40613e-03
  1.80e-02	  2.60e-02	-1.07556e-03
  1.80e-02	  2.66e-02	-2.78864e-03
  1.80e-02	  2.71e-02	-7.26430e-03
  1.80e-02	  2.76e-02	-1.53710e-02
  1.80e-02	  2.81e-02	-2.81492e-02
  1.80e-02	  2.86e-02	-4.68206e-02
  1.80e-02	  2.92e-02	-7.27776e-02
  1.80e-02	  2.97e-02	-1.07548e-01
  1.80e-02	  3.02e-02	-1.52741e-01
  1.80e-02	  3.07e-02	-2.09985e-01
  1.80e-02	  3.13e-02	-2.80906e-01
  1.80e-02	  3.18e-02	-3.67208e-01
  1.80e-02	  3.23e-02	-4.70924e-01
  1.80e-02	  3.28e-02	-5.94968e-01
  1.80e-02	  3.33e-02	-7.44050e-01
  1.80e-02	  3.39e-02	-9.26080e-01
  1.80e-02	  3.44e-02	-1.15428e+00
  1.80e-02	  3.49e-02	-1.45048e+00
  1.80e-02	  3.54e-02	-1.84926e+00
  1.80e-02	  3.59e-02	-2.39342e+00
  1.80e-02	  3.65e-02	-3.08521e+00
  1.80e-02	  3.70e-02	-3.75518e+00
  1.80e-02	  3.75e-02	-3.94247e+00
  1.80e-02	  3.80e-02	-2.46260e+00
  1.80e-02	  3.85e-02	1.11148e+01
  1.80e-02	  3.91e-02	8.81966e+01
  1.80e-02	  3.96e-02	3.10812e+02
  1.80e-02	  4.01e-02	1.05313e-30
  1.80e-02	  4.06e-02	1.92206e-63
  1.80e-02	  4.11e-02	3.12900e-96
  1.80e-02	  4.17e-02	5.10895e-129
  1.80e-02	  4.22e-02	8.35998e-162
  1.80e-02	  4.27e-02	1.36965e-194
  1.80e-02	  4.32e-02	2.24417e-227
  1.80e-02	  4.37e-02	3.67302e-260
  1.80e-02	  4.43e-02	5.99764e-293
  1.80e-02	  4.48e-02	0.00000e+00
  1.80e-02	  4.53e-02	0.00000e+00
  1.80e-02	  4.58e-02	0.00000e+00
  1.80e-02	  4.64e-02	0.00000e+00
  1.80e-02	  4.69e-02	0.00000e+00
  1.80e-02	  4.74e-02	0.00000e+00
  1.80e-02	  4.79e-02	0.00000e+00
  1.80e-02	  4.84e-02	0.00000e+00
  1.80e-02	  4.90e-02	0.00000e+00
  1.80e-02	  4.95e-02	0.00000e+00

  1.88e-02	  0.00e+00	0.00000e+00
  1.88e-02	  5.21e-04	0.00000e+00
  1.88e-02	  1.04e-03	0.00000e+00
  1.88e-02	  1.56e-03	0.00000e+00
  1.88e-02	  2.08e-03	0.00000e+00
  1.88e-02	  2.60e-03	0.00000e+00
  1.88e-02	  3.12e-03	0.00000e+00
  1.88e-02	  3.65e-03	0.00000e+00
  1.88e-02	  4.17e-03	-6.30877e-293
  1.88e-02	  4.69e-03	-3.88319e-260
  1.88e-02	  5.21e-03	-2.38280e-227
  1.88e-02	  5.73e-03	-1.45925e-194
  1.88e-02	  6.25e-03	-8.92970e-162
  1.88e-02	  6.77e-03	-5.46640e-129
  1.88e-02	  7.29e-03	-3.35092e-96
  1.88e-02	  7.81e-03	-2.05865e-63
  1.88e-02	  8.33e-03	-1.26830e-30
  1.88e-02	  8.85e-03	-3.26928e+02
  1.88e-02	  9.37e-03	-8.11598e+01
  1.88e-02	  9.90e-03	-5.57776e+00
  1.88e-02	  1.04e-02	5.20119e+00
  1.88e-02	  1.09e-02	5.78976e+00
  1.88e-02	  1.15e-02	4.85007e+00
  1.88e-02	  1.20e-02	3.59105e+00
  1.88e-02	  1.25e-02	2.58023e+00
  1.88e-02	  1.30e-02	1.89963e+00
  1.88e-02	  1.35e-02	1.44482e+00
  1.88e-02	  1.41e-02	1.12495e+00
  1.88e-02	  1.46e-02	8.87712e-01
  1.88e-02	  1.51e-02	7.04297e-01
  1.88e-02	  1.56e-02	5.58146e-01
  1.88e-02	  1.61e-02	4.39413e-01
  1.88e-02	  1.67e-02	3.42136e-01
  1.88e-02	  1.72e-02	2.62548e-01
  1.88e-02	  1.77e-02	1.98013e-01
  1.88e-02	  1.82e-02	1.46409e-01
  1.88e-02	  1.88e-02	1.05839e-01
  1.88e-02	  1.93e-02	7.45267e-02
  1.88e-02	  1.98e-02	5.08164e-02
  1.88e-02	  2.03e-02	3.32083e-02
  1.88e-02	  2.08e-02	2.03872e-02
  1.88e-02	  2.14e-02	1.12350e-02
  1.88e-02	  2.19e-02	4.82191e-03
  1.88e-02	  2.24e-02	3.83333e-04
  1.88e-02	  2.29e-02	-2.71129e-03
  1.88e-02	  2.34e-02	-4.99262e-03
  1.88e-02	  2.40e-02	-6.92472e-03
  1.88e-02	  2.45e-02	-8.93622e-03
  1.88e-02	  2.50e-02	-1.14494e-02
  1.88e-02	  2.55e-02	-1.49077e-02
  1.88e-02	  2.60e-02	-1.98028e-02
  1.88e-02	  2.66e-02	-2.67019e-02
  1.88e-02	  2.71e-02	-3.62737e-02
  1.88e-02	  2.76e-02	-4.93141e-02
  1.88e-02	  2.81e-02	-6.67649e-02
  1.88e-02	  2.86e-02	-8.97241e-02
  1.88e-02	  2.92e-02	-1.19440e-01
  1.88e-02	  2.97e-02	-1.57286e-01
  1.88e-02	  3.02e-02	-2.04728e-01
  1.88e-02	  3.07e-02	-2.63288e-01
  1.88e-02	  3.13e-02	-3.34550e-01
  1.88e-02	  3.18e-02	-4.20274e-01
  1.88e-02	  3.23e-02	-5.22706e-01
  1.88e-02	  3.28e-02	-6.45190e-01
  1.88e-02	  3.33e-02	-7.93250e-01
  1.88e-02	  3.39e-02	-9.76324e-01
  1.88e-02	  3.44e-02	-1.21077e+00
  1.88e-02	  3.49e-02	-1.52601e+00
  1.88e-02	  3.54e-02	-1.97713e+00
  1.88e-02	  3.59e-02	-2.65876e+00
  1.88e-02	  3.65e-02	-3.66005e+00
  1.88e-02	  3.70e-02	-4.83785e+00
  1.88e-02	  3.75e-02	-5.58686e+00
  1.88e-02	  3.80e-02	-4.76881e+00
  1.88e-02	  3.85e-02	6.08138e+00
  1.88e-02	  3.91e-02	8.17176e+01
  1.88e-02	  3.96e-02	3.26447e+02
  1.88e-02	  4.01e-02	1.11831e-30
  1.88e-02	  4.06e-02	2.05319e-63
  1.88e-02	  4.11e-02	3.34227e-96
  1.88e-02	  4.17e-02	5.45276e-129
  1.88e-02	  4.22e-02	8.90820e-162
  1.88e-02	  4.27e-02	1.45585e-194
  1.88e-02	  4.32e-02	2.37736e-227
  1.88e-02	  4.37e-02	3.87441e-260
  1.88e-02	  4.43e-02	6.29442e-293
  1.88e-02	  4.48e-02	0.00000e+00
  1.88e-02	  4.53e-02	0.00000e+00
  1.88e-02	  4.58e-02	0.00000e+00
  1.88e-02	  4.64e-02	0.00000e+00
  1.88e-02	  4.69e-02	0.00000e+00
  1.88e-02	  4.74e-02	0.00000e+00
  1.88e-02	  4.79e-02	0.00000e+00
  1.88e-02	  4.84e-02	0.00000e+00
  1.88e-02	  4.90e-02	0.00000e+00
  1.88e-02	  4.95e-02	0.00000e+00

  1.95e-02	  0.00e+00	0.00000e+00
  1.95e-02	  5.21e-04	0.00000e+00
  1.95e-02	  1.04e-03	0.00000e+00
  1.95e-02	  1.56e-03	0.00000e+00
  1.95e-02	  2.08e-03	0.00000e+00
  1.95e-02	  2.60e-03	0.00000e+00
  1.95e-02	  3.12e-03	0.00000e+00
  1.95e-02	  3.65e-03	0.00000e+00
  1.95e-02	  4.17e-03	-6.58219e-293
  1.95e-02	  4.69e-03	-4.07358e-260
  1.95e-02	  5.21e-03	-2.51150e-227
  1.95e-02	  5.73e-03	-1.54412e-194
  1.95e-02	  6.25e-03	-9.47804e-162
  1.95e-02	  6.77e-03	-5.81496e-129
  1.95e-02	  7.29e-03	-3.56972e-96
  1.95e-02	  7.81e-03	-2.19470e-63
  1.95e-02	  8.33e-03	-1.35226e-30
  1.95e-02	  8.85e-03	-3.43399e+02
  1.95e-02	  9.37e-03	-7.40850e+01
  1.95e-02	  9.90e-03	-8.72193e-01
  1.95e-02	  1.04e-02	7.69738e+00
  1.95e-02	  1.09e-02	7.66502e+00
  1.95e-02	  1.15e-02	6.04303e+00
  1.95e-02	  1.20e-02	4.16147e+00
  1.95e-02	  1.25e-02	2.81492e+00
  1.95e-02	  1.30e-02	2.00582e+00
  1.95e-02	  1.35e-02	1.50714e+00
  1.95e-02	  1.41e-02	1.17218e+00
  1.95e-02	  1.46e-02	9.30186e-01
  1.95e-02	  1.51e-02	7.46215e-01
  1.95e-02	  1.56e-02	6.01108e-01
  1.95e-02	  1.61e-02	4.83697e-01
  1.95e-02	  1.67e-02	3.87336e-01
  1.95e-02	  1.72e-02	3.07932e-01
  1.95e-02	  1.77e-02	2.42737e-01
  1.95e-02	  1.82e-02	1.89644e-01
  1.95e-02	  1.88e-02	1.46840e-01
  1.95e-02	  1.93e-02	1.12671e-01
  1.95e-02	  1.98e-02	8.56183e-02
  1.95e-02	  2.03e-02	6.43086e-02
  1.95e-02	  2.08e-02	4.75367e-02
  1.95e-02	  2.14e-02	3.42710e-02
  1.95e-02	  2.19e-02	2.36446e-02
  1.95e-02	  2.24e-02	1.49354e-02
  1.95e-02	  2.29e-02	7.53898e-03
  1.95e-02	  2.34e-02	9.39600e-04
  1.95e-02	  2.40e-02	-5.31871e-03
  1.95e-02	  2.45e-02	-1.16591e-02
  1.95e-02	  2.50e-02	-1.84971e-02
  1.95e-02	  2.55e-02	-2.62650e-02
  1.95e-02	  2.60e-02	-3.54354e-02
  1.95e-02	  2.66e-02	-4.65448e-02
  1.95e-02	  2.71e-02	-6.02174e-02
  1.95e-02	  2.76e-02	-7.71871e-02
  1.95e-02	  2.81e-02	-9.83153e-02
  1.95e-02	  2.86e-02	-1.24602e-01
  1.95e-02	  2.92e-02	-1.57184e-01
  1.95e-02	  2.97e-02	-1.97320e-01
  1.95e-02	  3.02e-02	-2.46366e-01
  1.95e-02	  3.07e-02	-3.05762e-01
  1.95e-02	  3.13e-02	-3.77057e-01
  1.95e-02	  3.18e-02	-4.62048e-01
  1.95e-02	  3.23e-02	-5.63125e-01
  1.95e-02	  3.28e-02	-6.83959e-01
  1.95e-02	  3.33e-02	-8.30699e-01
  1.95e-02	  3.39e-02	-1.01394e+00
  1.95e-02	  3.44e-02	-1.25229e+00
  1.95e-02	  3.49e-02	-1.58070e+00
  1.95e-02	  3.54e-02	-2.07210e+00
  1.95e-02	  3.59e-02	-2.87978e+00
  1.95e-02	  3.65e-02	-4.22423e+00
  1.95e-02	  3.70e-02	-6.03699e+00
  1.95e-02	  3.75e-02	-7.47208e+00
  1.95e-02	  3.80e-02	-7.27129e+00
  1.95e-02	  3.85e-02	1.39741e+00
  1.95e-02	  3.91e-02	7.46553e+01
  1.95e-02	  3.96e-02	3.42795e+02
  1.95e-02	  4.01e-02	1.18842e-30
  1.95e-02	  4.06e-02	2.18906e-63
  1.95e-02	  4.11e-02	3.56087e-96
  1.95e-02	  4.17e-02	5.80106e-129
  1.95e-02	  4.22e-02	9.45616e-162
  1.95e-02	  4.27e-02	1.54065e-194
  1.95e-02	  4.32e-02	2.50592e-227
  1.95e-02	  4.37e-02	4.06450e-260
  1.95e-02	  4.43e-02	6.56724e-293
  1.95e-02	  4.48e-02	0.00000e+00
  1.95e-02	  4.53e-02	0.00000e+00
  1.95e-02	  4.58e-02	0.00000e+00
  1.95e-02	  4.64e-02	0.00000e+00
  1.95e-02	  4.69e-02	0.00000e+00
  1.95e-02	  4.74e-02	0.00000e+00
  1.95e-02	  4.79e-02	0.00000e+00
  1.95e-02	  4.84e-02	0.00000e+00
  1.95e-02	  4.90e-02	0.00000e+00
  1.95e-02	  4.95e-02	0.00000e+00

  2.03e-02	  0.00e+00	0.00000e+00
  2.03e-02	  5.21e-04	0.00000e+00
  2.03e-02	  1.04e-03	0.00000e+00
  2.03e-02	  1.56e-03	0.00000e+00
  2.03e-02	  2.08e-03	0.00000e+00
  2.03e-02	  2.60e-03	0.00000e+00
  2.03e-02	  3.12e-03	0.00000e+00
  2.03e-02	  3.65e-03	0.00000e+00
  2.03e-02	  4.17e-03	-6.82674e-293
  2.03e-02	  4.69e-03	-4.24922e-260
  2.03e-02	  5.21e-03	-2.63335e-227
  2.03e-02	  5.73e-03	-1.62624e-194
  2.03e-02	  6.25e-03	-1.00183e-161
  2.03e-02	  6.77e-03	-6.16350e-129
  2.03e-02	  7.29e-03	-3.79120e-96
  2.03e-02	  7.81e-03	-2.33384e-63
  2.03e-02	  8.33e-03	-1.43895e-30
  2.03e-02	  8.85e-03	-3.60294e+02
  2.03e-02	  9.37e-03	-6.67535e+01
  2.03e-02	  9.90e-03	3.55059e+00
  2.03e-02	  1.04e-02	1.04285e+01
  2.03e-02	  1.09e-02	9.80807e+00
  2.03e-02	  1.15e-02	7.34975e+00
  2.03e-02	  1.20e-02	4.70145e+00
  2.03e-02	  1.25e-02	2.99902e+00
  2.03e-02	  1.30e-02	2.08091e+00
  2.03e-02	  1.35e-02	1.55127e+00
  2.03e-02	  1.41e-02	1.20632e+00
  2.03e-02	  1.46e-02	9.61447e-01
  2.03e-02	  1.51e-02	7.77718e-01
  2.03e-02	  1.56e-02	6.34107e-01
  2.03e-02	  1.61e-02	5.18370e-01
  2.03e-02	  1.67e-02	4.23278e-01
  2.03e-02	  1.72e-02	3.44469e-01
  2.03e-02	  1.77e-02	2.79105e-01
  2.03e-02	  1.82e-02	2.25097e-01
  2.03e-02	  1.88e-02	1.80706e-01
  2.03e-02	  1.93e-02	1.44380e-01
  2.03e-02	  1.98e-02	1.14711e-01
  2.03e-02	  2.03e-02	9.04334e-02
  2.03e-02	  2.08e-02	7.04373e-02
  2.03e-02	  2.14e-02	5.37687e-02
  2.03e-02	  2.19e-02	3.96208e-02
  2.03e-02	  2.24e-02	2.73151e-02
  2.03e-02	  2.29e-02	1.62778e-02
  2.03e-02	  2.34e-02	6.01381e-03
  2.03e-02	  2.40e-02	-3.91809e-03
  2.03e-02	  2.45e-02	-1.39291e-02
  2.03e-02	  2.50e-02	-2.44225e-02
  2.03e-02	  2.55e-02	-3.58149e-02
  2.03e-02	  2.60e-02	-4.85573e-02
  2.03e-02	  2.66e-02	-6.31559e-02
  2.03e-02	  2.71e-02	-8.01936e-02
  2.03e-02	  2.76e-02	-1.00350e-01
  2.03e-02	  2.81e-02	-1.24419e-01
  2.03e-02	  2.86e-02	-1.53320e-01
  2.03e-02	  2.92e-02	-1.88100e-01
  2.03e-02	  2.97e-02	-2.29926e-01
  2.03e-02	  3.02e-02	-2.80068e-01
  2.03e-02	  3.07e-02	-3.39899e-01
  2.03e-02	  3.13e-02	-4.10937e-01
  2.03e-02	  3.18e-02	-4.95001e-01
  2.03e-02	  3.23e-02	-5.94592e-01
  2.03e-02	  3.28e-02	-7.13647e-01
  2.03e-02	  3.33e-02	-8.58843e-01
  2.03e-02	  3.39e-02	-1.04171e+00
  2.03e-02	  3.44e-02	-1.28245e+00
  2.03e-02	  3.49e-02	-1.61932e+00
  2.03e-02	  3.54e-02	-2.13790e+00
  2.03e-02	  3.59e-02	-3.04908e+00
  2.03e-02	  3.65e-02	-4.75263e+00
  2.03e-02	  3.70e-02	-7.34602e+00
  2.03e-02	  3.75e-02	-9.62843e+00
  2.03e-02	  3.80e-02	-1.00165e+01
  2.03e-02	  3.85e-02	-3.01566e+00
  2.03e-02	  3.91e-02	6.73305e+01
  2.03e-02	  3.96e-02	3.59596e+02
  2.03e-02	  4.01e-02	1.26268e-30
  2.03e-02	  4.06e-02	2.32808e-63
  2.03e-02	  4.11e-02	3.78221e-96
  2.03e-02	  4.17e-02	6.14941e-129
  2.03e-02	  4.22e-02	9.99602e-162
  2.03e-02	  4.27e-02	1.62268e-194
  2.03e-02	  4.32e-02	2.62759e-227
  2.03e-02	  4.37e-02	4.23978e-260
  2.03e-02	  4.43e-02	6.81106e-293
  2.03e-02	  4.48e-02	0.00000e+00
  2.03e-02	  4.53e-02	0.00000e+00
  2.03e-02	  4.58e-02	0.00000e+00
  2.03e-02	  4.64e-02	0.00000e+00
  2.03e-02	  4.69e-02	0.00000e+00
  2.03e-02	  4.74e-02	0.00000e+00
  2.03e-02	  4.79e-02	0.00000e+00
  2.03e-02	  4.84e-02	0.00000e+00
  2.03e-02	  4.90e-02	0.00000e+00
  2.03e-02	  4.95e-02	0.00000e+00

  2.11e-02	  0.00e+00	0.00000e+00
  2.11e-02	  5.21e-04	0.00000e+00
  2.11e-02	  1.04e-03	0.00000e+00
  2.11e-02	  1.56e-03	0.00000e+00
  2.11e-02	  2.08e-03	0.00000e+00
  2.11e-02	  2.60e-03	0.00000e+00
  2.11e-02	  3.12e-03	0.00000e+00
  2.11e-02	  3.65e-03	0.00000e+00
  2.11e-02	  4.17e-03	-7.03799e-293
  2.11e-02	  4.69e-03	-4.40682e-260
  2.11e-02	  5.21e-03	-2.74609e-227
  2.11e-02	  5.73e-03	-1.70419e-194
  2.11e-02	  6.25e-03	-1.05421e-161
  2.11e-02	  6.77e-03	-6.50737e-129
  2.11e-02	  7.29e-03	-4.01279e-96
  2.11e-02	  7.81e-03	-2.47462e-63
  2.11e-02	  8.33e-03	-1.52747e-30
  2.11e-02	  8.85e-03	-3.77414e+02
  2.11e-02	  9.37e-03	-5.94821e+01
  2.11e-02	  9.90e-03	7.81628e+00
  2.11e-02	  1.04e-02	1.34408e+01
  2.11e-02	  1.09e-02	1.22495e+01
  2.11e-02	  1.15e-02	8.75687e+00
  2.11e-02	  1.20e-02	5.18298e+00
  2.11e-02	  1.25e-02	3.12903e+00
  2.11e-02	  1.30e-02	2.13080e+00
  2.11e-02	  1.35e-02	1.58228e+00
  2.11e-02	  1.41e-02	1.23073e+00
  2.11e-02	  1.46e-02	9.83913e-01
  2.11e-02	  1.51e-02	8.00833e-01
  2.11e-02	  1.56e-02	6.59041e-01
  2.11e-02	  1.61e-02	5.45306e-01
  2.11e-02	  1.67e-02	4.51842e-01
  2.11e-02	  1.72e-02	3.74029e-01
  2.11e-02	  1.77e-02	3.08951e-01
  2.11e-02	  1.82e-02	2.54533e-01
  2.11e-02	  1.88e-02	2.09102e-01
  2.11e-02	  1.93e-02	1.71193e-01
  2.11e-02	  1.98e-02	1.39496e-01
  2.11e-02	  2.03e-02	1.12838e-01
  2.11e-02	  2.08e-02	9.01962e-02
  2.11e-02	  2.14e-02	7.06875e-02
  2.11e-02	  2.19e-02	5.35630e-02
  2.11e-02	  2.24e-02	3.81891e-02
  2.11e-02	  2.29e-02	2.40256e-02
  2.11e-02	  2.34e-02	1.06029e-02
  2.11e-02	  2.40e-02	-2.50039e-03
  2.11e-02	  2.45e-02	-1.56782e-02
  2.11e-02	  2.50e-02	-2.93168e-02
  2.11e-02	  2.55e-02	-4.38134e-02
  2.11e-02	  2.60e-02	-5.95953e-02
  2.11e-02	  2.66e-02	-7.71381e-02
  2.11e-02	  2.71e-02	-9.69856e-02
  2.11e-02	  2.76e-02	-1.19769e-01
  2.11e-02	  2.81e-02	-1.46221e-01
  2.11e-02	  2.86e-02	-1.77194e-01
  2.11e-02	  2.92e-02	-2.13659e-01
  2.11e-02	  2.97e-02	-2.56703e-01
  2.11e-02	  3.02e-02	-3.07528e-01
  2.11e-02	  3.07e-02	-3.67448e-01
  2.11e-02	  3.13e-02	-4.37952e-01
  2.11e-02	  3.18e-02	-5.20876e-01
  2.11e-02	  3.23e-02	-6.18819e-01
  2.11e-02	  3.28e-02	-7.35960e-01
  2.11e-02	  3.33e-02	-8.79477e-01
  2.11e-02	  3.39e-02	-1.06177e+00
  2.11e-02	  3.44e-02	-1.30422e+00
  2.11e-02	  3.49e-02	-1.64662e+00
  2.11e-02	  3.54e-02	-2.18056e+00
  2.11e-02	  3.59e-02	-3.16376e+00
  2.11e-02	  3.65e-02	-5.21471e+00
  2.11e-02	  3.70e-02	-8.74395e+00
  2.11e-02	  3.75e-02	-1.20782e+01
  2.11e-02	  3.80e-02	-1.30434e+01
  2.11e-02	  3.85e-02	-7.28480e+00
  2.11e-02	  3.91e-02	6.00422e+01
  2.11e-02	  3.96e-02	3.76644e+02
  2.11e-02	  4.01e-02	1.34001e-30
  2.11e-02	  4.06e-02	2.46880e-63
  2.11e-02	  4.11e-02	4.00370e-96
  2.11e-02	  4.17e-02	6.49308e-129
  2.11e-02	  4.22e-02	1.05193e-161
  2.11e-02	  4.27e-02	1.70052e-194
  2.11e-02	  4.32e-02	2.74010e-227
  2.11e-02	  4.37e-02	4.39691e-260
  2.11e-02	  4.43e-02	7.02142e-293
  2.11e-02	  4.48e-02	0.00000e+00
  2.11e-02	  4.53e-02	0.00000e+00
  2.11e-02	  4.58e-02	0.00000e+00
  2.11e-02	  4.64e-02	0.00000e+00
  2.11e-02	  4.69e-02	0.00000e+00
  2.11e-02	  4.74e-02	0.00000e+00
  2.11e-02	  4.79e-02	0.00000e+00
  2.11e-02	  4.84e-02	0.00000e+00
  2.11e-02	  4.90e-02	0.00000e+00
  2.11e-02	  4.95e-02	0.00000e+00

  2.19e-02	  0.00e+00	0.00000e+00
  2.19e-02	  5.21e-04	0.00000e+00
  2.19e-02	  1.04e-03	0.00000e+00
  2.19e-02	  1.56e-03	0.00000e+00
  2.19e-02	  2.08e-03	0.00000e+00
  2.19e-02	  2.60e-03	0.00000e+00
  2.19e-02	  3.12e-03	0.00000e+00
  2.19e-02	  3.65e-03	0.00000e+00
  2.19e-02	  4.17e-03	-7.21232e-293
  2.19e-02	  4.69e-03	-4.54336e-260
  2.19e-02	  5.21e-03	-2.84753e-227
  2.19e-02	  5.73e-03	-1.77650e-194
  2.19e-02	  6.25e-03	-1.10404e-161
  2.19e-02	  6.77e-03	-6.84141e-129
  2.19e-02	  7.29e-03	-4.23169e-96
  2.19e-02	  7.81e-03	-2.61554e-63
  2.19e-02	  8.33e-03	-1.61699e-30
  2.19e-02	  8.85e-03	-3.94601e+02
  2.19e-02	  9.37e-03	-5.25349e+01
  2.19e-02	  9.90e-03	1.20472e+01
  2.19e-02	  1.04e-02	1.67713e+01
  2.19e-02	  1.09e-02	1.50129e+01
  2.19e-02	  1.15e-02	1.02362e+01
  2.19e-02	  1.20e-02	5.57726e+00
  2.19e-02	  1.25e-02	3.20832e+00
  2.19e-02	  1.30e-02	2.16363e+00
  2.19e-02	  1.35e-02	1.60522e+00
  2.19e-02	  1.41e-02	1.24838e+00
  2.19e-02	  1.46e-02	9.99639e-01
  2.19e-02	  1.51e-02	8.17239e-01
  2.19e-02	  1.56e-02	6.77435e-01
  2.19e-02	  1.61e-02	5.65969e-01
  2.19e-02	  1.67e-02	4.74461e-01
  2.19e-02	  1.72e-02	3.98018e-01
  2.19e-02	  1.77e-02	3.33635e-01
  2.19e-02	  1.82e-02	2.79248e-01
  2.19e-02	  1.88e-02	2.33237e-01
  2.19e-02	  1.93e-02	1.94220e-01
  2.19e-02	  1.98e-02	1.60973e-01
  2.19e-02	  2.03e-02	1.32411e-01
  2.19e-02	  2.08e-02	1.07588e-01
  2.19e-02	  2.14e-02	8.56906e-02
  2.19e-02	  2.19e-02	6.60259e-02
  2.19e-02	  2.24e-02	4.80057e-02
  2.19e-02	  2.29e-02	3.11262e-02
  2.19e-02	  2.34e-02	1.49465e-02
  2.19e-02	  2.40e-02	-9.30724e-04
  2.19e-02	  2.45e-02	-1.68783e-02
  2.19e-02	  2.50e-02	-3.32616e-02
  2.19e-02	  2.55e-02	-5.04557e-02
  2.19e-02	  2.60e-02	-6.88619e-02
  2.19e-02	  2.66e-02	-8.89251e-02
  2.19e-02	  2.71e-02	-1.11151e-01
  2.19e-02	  2.76e-02	-1.36125e-01
  2.19e-02	  2.81e-02	-1.64527e-01
  2.19e-02	  2.86e-02	-1.97146e-01
  2.19e-02	  2.92e-02	-2.34885e-01
  2.19e-02	  2.97e-02	-2.78766e-01
  2.19e-02	  3.02e-02	-3.29925e-01
  2.19e-02	  3.07e-02	-3.89626e-01
  2.19e-02	  3.13e-02	-4.59332e-01
  2.19e-02	  3.18e-02	-5.40896e-01
  2.19e-02	  3.23e-02	-6.37018e-01
  2.19e-02	  3.28e-02	-7.52133e-01
  2.19e-02	  3.33e-02	-8.93945e-01
  2.19e-02	  3.39e-02	-1.07576e+00
  2.19e-02	  3.44e-02	-1.32008e+00
  2.19e-02	  3.49e-02	-1.66704e+00
  2.19e-02	  3.54e-02	-2.20809e+00
  2.19e-02	  3.59e-02	-3.22858e+00
  2.19e-02	  3.65e-02	-5.58155e+00
  2.19e-02	  3.70e-02	-1.01964e+01
  2.19e-02	  3.75e-02	-1.48377e+01
  2.19e-02	  3.80e-02	-1.63851e+01
  2.19e-02	  3.85e-02	-1.15330e+01
  2.19e-02	  3.91e-02	5.30455e+01
  2.19e-02	  3.96e-02	3.93766e+02
  2.19e-02	  4.01e-02	1.41911e-30
  2.19e-02	  4.06e-02	2.60967e-63
  2.19e-02	  4.11e-02	4.22249e-96
  2.19e-02	  4.17e-02	6.82685e-129
  2.19e-02	  4.22e-02	1.10171e-161
  2.19e-02	  4.27e-02	1.77269e-194
  2.19e-02	  4.32e-02	2.84125e-227
  2.19e-02	  4.37e-02	4.53287e-260
  2.19e-02	  4.43e-02	7.19469e-293
  2.19e-02	  4.48e-02	0.00000e+00
  2.19e-02	  4.53e-02	0.00000e+00
  2.19e-02	  4.58e-02	0.00000e+00
  2.19e-02	  4.64e-02	0.00000e+00
  2.19e-02	  4.69e-02	0.00000e+00
  2.19e-02	  4.74e-02	0.00000e+00
  2.19e-02	  4.79e-02	0.00000e+00
  2.19e-02	  4.84e-02	0.00000e+00
  2.19e-02	  4.90e-02	0.00000e+00
  2.19e-02	  4.95e-02	0.00000e+00

  2.27e-02	  0.00e+00	0.00000e+00
  2.27e-02	  5.21e-04	0.00000e+00
  2.27e-02	  1.04e-03	0.00000e+00
  2.27e-02	  1.56e-03	0.00000e+00
  2.27e-02	  2.08e-03	0.00000e+00
  2.27e-02	  2.60e-03	0.00000e+00
  2.27e-02	  3.12e-03	0.00000e+00
  2.27e-02	  3.65e-03	0.00000e+00
  2.27e-02	  4.17e-03	-7.34712e-293
  2.27e-02	  4.69e-03	-4.65635e-260
  2.27e-02	  5.21e-03	-2.93564e-227
  2.27e-02	  5.73e-03	-1.84172e-194
  2.27e-02	  6.25e-03	-1.15039e-161
  2.27e-02	  6.77e-03	-7.15993e-129
  2.27e-02	  7.29e-03	-4.44470e-96
  2.27e-02	  7.81e-03	-2.75490e-63
  2.27e-02	  8.33e-03	-1.70664e-30
  2.27e-02	  8.85e-03	-4.11712e+02
  2.27e-02	  9.37e-03	-4.61236e+01
  2.27e-02	  9.90e-03	1.63349e+01
  2.27e-02	  1.04e-02	2.04484e+01
  2.27e-02	  1.09e-02	1.81150e+01
  2.27e-02	  1.15e-02	1.17456e+01
  2.27e-02	  1.20e-02	5.86331e+00
  2.27e-02	  1.25e-02	3.24873e+00
  2.27e-02	  1.30e-02	2.18889e+00
  2.27e-02	  1.35e-02	1.62482e+00
  2.27e-02	  1.41e-02	1.26195e+00
  2.27e-02	  1.46e-02	1.01047e+00
  2.27e-02	  1.51e-02	8.28395e-01
  2.27e-02	  1.56e-02	6.90558e-01
  2.27e-02	  1.61e-02	5.81529e-01
  2.27e-02	  1.67e-02	4.92245e-01
  2.27e-02	  1.72e-02	4.17496e-01
  2.27e-02	  1.77e-02	3.54165e-01
  2.27e-02	  1.82e-02	3.00182e-01
  2.27e-02	  1.88e-02	2.53980e-01
  2.27e-02	  1.93e-02	2.14248e-01
  2.27e-02	  1.98e-02	1.79845e-01
  2.27e-02	  2.03e-02	1.49767e-01
  2.27e-02	  2.08e-02	1.23143e-01
  2.27e-02	  2.14e-02	9.92256e-02
  2.27e-02	  2.19e-02	7.73776e-02
  2.27e-02	  2.24e-02	5.70573e-02
  2.27e-02	  2.29e-02	3.77984e-02
  2.27e-02	  2.34e-02	1.91915e-02
  2.27e-02	  2.40e-02	8.66218e-04
  2.27e-02	  2.45e-02	-1.75260e-02
  2.27e-02	  2.50e-02	-3.63271e-02
  2.27e-02	  2.55e-02	-5.58876e-02
  2.27e-02	  2.60e-02	-7.65813e-02
  2.27e-02	  2.66e-02	-9.88217e-02
  2.27e-02	  2.71e-02	-1.23077e-01
  2.27e-02	  2.76e-02	-1.49890e-01
  2.27e-02	  2.81e-02	-1.79888e-01
  2.27e-02	  2.86e-02	-2.13803e-01
  2.27e-02	  2.92e-02	-2.52478e-01
  2.27e-02	  2.97e-02	-2.96869e-01
  2.27e-02	  3.02e-02	-3.48055e-01
  2.27e-02	  3.07e-02	-4.07254e-01
  2.27e-02	  3.13e-02	-4.75907e-01
  2.27e-02	  3.18e-02	-5.55894e-01
  2.27e-02	  3.23e-02	-6.50032e-01
  2.27e-02	  3.28e-02	-7.63052e-01
  2.27e-02	  3.33e-02	-9.03265e-01
  2.27e-02	  3.39e-02	-1.08503e+00
  2.27e-02	  3.44e-02	-1.33210e+00
  2.27e-02	  3.49e-02	-1.68462e+00
  2.27e-02	  3.54e-02	-2.22942e+00
  2.27e-02	  3.59e-02	-3.25686e+00
  2.27e-02	  3.65e-02	-5.83470e+00
  2.27e-02	  3.70e-02	-1.16575e+01
  2.27e-02	  3.75e-02	-1.79164e+01
  2.27e-02	  3.80e-02	-2.00677e+01
  2.27e-02	  3.85e-02	-1.58523e+01
  2.27e-02	  3.91e-02	4.65483e+01
  2.27e-02	  3.96e-02	4.10810e+02
  2.27e-02	  4.01e-02	1.49869e-30
  2.27e-02	  4.06e-02	2.74898e-63
  2.27e-02	  4.11e-02	4.43536e-96
  2.27e-02	  4.17e-02	7.14498e-129
  2.27e-02	  4.22e-02	1.14796e-161
  2.27e-02	  4.27e-02	1.83772e-194
  2.27e-02	  4.32e-02	2.92899e-227
  2.27e-02	  4.37e-02	4.64517e-260
  2.27e-02	  4.43e-02	7.32826e-293
  2.27e-02	  4.48e-02	0.00000e+00
  2.27e-02	  4.53e-02	0.00000e+00
  2.27e-02	  4.58e-02	0.00000e+00
  2.27e-02	  4.64e-02	0.00000e+00
  2.27e-02	  4.69e-02	0.00000e+00
  2.27e-02	  4.74e-02	0.00000e+00
  2.27e-02	  4.79e-02	0.00000e+00
  2.27e-02	  4.84e-02	0.00000e+00
  2.27e-02	  4.90e-02	0.00000e+00
  2.27e-02	  4.95e-02	0.00000e+00

  2.34e-02	  0.00e+00	0.00000e+00
  2.34e-02	  5.21e-04	0.00000e+00
  2.34e-02	  1.04e-03	0.00000e+00
  2.34e-02	  1.56e-03	0.00000e+00
  2.34e-02	  2.08e-03	0.00000e+00
  2.34e-02	  2.60e-03	0.00000e+00
  2.34e-02	  3.12e-03	0.00000e+00
  2.34e-02	  3.65e-03	0.00000e+00
  2.34e-02	  4.17e-03	-7.44098e-293
  2.34e-02	  4.69e-03	-4.74393e-260
  2.34e-02	  5.21e-03	-3.00871e-227
  2.34e-02	  5.73e-03	-1.89849e-194
  2.34e-02	  6.25e-03	-1.19227e-161
  2.34e-02	  6.77e-03	-7.45676e-129
  2.34e-02	  7.29e-03	-4.64823e-96
  2.34e-02	  7.81e-03	-2.89075e-63
  2.34e-02	  8.33e-03	-1.79540e-30
  2.34e-02	  8.85e-03	-4.28605e+02
  2.34e-02	  9.37e-03	-4.04201e+01
  2.34e-02	  9.90e-03	2.07295e+01
  2.34e-02	  1.04e-02	2.44891e+01
  2.34e-02	  1.09e-02	2.15628e+01
  2.34e-02	  1.15e-02	1.32341e+01
  2.34e-02	  1.20e-02	6.03752e+00
  2.34e-02	  1.25e-02	3.26954e+00
  2.34e-02	  1.30e-02	2.21625e+00
  2.34e-02	  1.35e-02	1.64549e+00
  2.34e-02	  1.41e-02	1.27396e+00
  2.34e-02	  1.46e-02	1.01814e+00
  2.34e-02	  1.51e-02	8.35632e-01
  2.34e-02	  1.56e-02	6.99505e-01
  2.34e-02	  1.61e-02	5.92938e-01
  2.34e-02	  1.67e-02	5.06058e-01
  2.34e-02	  1.72e-02	4.33258e-01
  2.34e-02	  1.77e-02	3.71271e-01
  2.34e-02	  1.82e-02	3.18006e-01
  2.34e-02	  1.88e-02	2.71934e-01
  2.34e-02	  1.93e-02	2.31813e-01
  2.34e-02	  1.98e-02	1.96580e-01
  2.34e-02	  2.03e-02	1.65308e-01
  2.34e-02	  2.08e-02	1.37201e-01
  2.34e-02	  2.14e-02	1.11573e-01
  2.34e-02	  2.19e-02	8.78433e-02
  2.34e-02	  2.24e-02	6.55170e-02
  2.34e-02	  2.29e-02	4.41665e-02
  2.34e-02	  2.34e-02	2.34156e-02
  2.34e-02	  2.40e-02	2.92256e-03
  2.34e-02	  2.45e-02	-1.76346e-02
  2.34e-02	  2.50e-02	-3.85723e-02
  2.34e-02	  2.55e-02	-6.02147e-02
  2.34e-02	  2.60e-02	-8.29073e-02
  2.34e-02	  2.66e-02	-1.07031e-01
  2.34e-02	  2.71e-02	-1.33019e-01
  2.34e-02	  2.76e-02	-1.61368e-01
  2.34e-02	  2.81e-02	-1.92659e-01
  2.34e-02	  2.86e-02	-2.27569e-01
  2.34e-02	  2.92e-02	-2.66880e-01
  2.34e-02	  2.97e-02	-3.11490e-01
  2.34e-02	  3.02e-02	-3.62421e-01
  2.34e-02	  3.07e-02	-4.20849e-01
  2.34e-02	  3.13e-02	-4.88202e-01
  2.34e-02	  3.18e-02	-5.66401e-01
  2.34e-02	  3.23e-02	-6.58415e-01
  2.34e-02	  3.28e-02	-7.69340e-01
  2.34e-02	  3.33e-02	-9.08225e-01
  2.34e-02	  3.39e-02	-1.09068e+00
  2.34e-02	  3.44e-02	-1.34210e+00
  2.34e-02	  3.49e-02	-1.70290e+00
  2.34e-02	  3.54e-02	-2.25324e+00
  2.34e-02	  3.59e-02	-3.26836e+00
  2.34e-02	  3.65e-02	-5.97478e+00
  2.34e-02	  3.70e-02	-1.30758e+01
  2.34e-02	  3.75e-02	-2.13144e+01
  2.34e-02	  3.80e-02	-2.41061e+01
  2.34e-02	  3.85e-02	-2.02940e+01
  2.34e-02	  3.91e-02	4.07216e+01
  2.34e-02	  3.96e-02	4.27624e+02
  2.34e-02	  4.01e-02	1.57761e-30
  2.34e-02	  4.06e-02	2.88474e-63
  2.34e-02	  4.11e-02	4.63865e-96
  2.34e-02	  4.17e-02	7.44125e-129
  2.34e-02	  4.22e-02	1.18973e-161
  2.34e-02	  4.27e-02	1.89425e-194
  2.34e-02	  4.32e-02	3.00160e-227
  2.34e-02	  4.37e-02	4.73194e-260
  2.34e-02	  4.43e-02	7.42073e-293
  2.34e-02	  4.48e-02	0.00000e+00
  2.34e-02	  4.53e-02	0.00000e+00
  2.34e-02	  4.58e-02	0.00000e+00
  2.34e-02	  4.64e-02	0.00000e+00
  2.34e-02	  4.69e-02	0.00000e+00
  2.34e-02	  4.74e-02	0.00000e+00
  2.34e-02	  4.79e-02	0.00000e+00
  2.34e-02	  4.84e-02	0.00000e+00
  2.34e-02	  4.90e-02	0.00000e+00
  2.34e-02	  4.95e-02	0.00000e+00

  2.42e-02	  0.00e+00	0.00000e+00
  2.42e-02	  5.21e-04	0.00000e+00
  2.42e-02	  1.04e-03	0.00000e+00
  2.42e-02	  1.56e-03	0.00000e+00
  2.42e-02	  2.08e-03	0.00000e+00
  2.42e-02	  2.60e-03	0.00000e+00
  2.42e-02	  3.12e-03	0.00000e+00
  2.42e-02	  3.65e-03	0.00000e+00
  2.42e-02	  4.17e-03	-7.49372e-293
  2.42e-02	  4.69e-03	-4.80505e-260
  2.42e-02	  5.21e-03	-3.06543e-227
  2.42e-02	  5.73e-03	-1.94563e-194
  2.42e-02	  6.25e-03	-1.22880e-161
  2.42e-02	  6.77e-03	-7.72557e-129
  2.42e-02	  7.29e-03	-4.83827e-96
  2.42e-02	  7.81e-03	-3.02079e-63
  2.42e-02	  8.33e-03	-1.88205e-30
  2.42e-02	  8.85e-03	-4.45119e+02
  2.42e-02	  9.37e-03	-3.55727e+01
  2.42e-02	  9.90e-03	2.52362e+01
  2.42e-02	  1.04e-02	2.88944e+01
  2.42e-02	  1.09e-02	2.53491e+01
  2.42e-02	  1.15e-02	1.46522e+01
  2.42e-02	  1.20e-02	6.12034e+00
  2.42e-02	  1.25e-02	3.29395e+00
  2.42e-02	  1.30e-02	2.25468e+00
  2.42e-02	  1.35e-02	1.67142e+00
  2.42e-02	  1.41e-02	1.28697e+00
  2.42e-02	  1.46e-02	1.02440e+00
  2.42e-02	  1.51e-02	8.40211e-01
  2.42e-02	  1.56e-02	7.05237e-01
  2.42e-02	  1.61e-02	6.00977e-01
  2.42e-02	  1.67e-02	5.16562e-01
  2.42e-02	  1.72e-02	4.45883e-01
  2.42e-02	  1.77e-02	3.85466e-01
  2.42e-02	  1.82e-02	3.33168e-01
  2.42e-02	  1.88e-02	2.87489e-01
  2.42e-02	  1.93e-02	2.47250e-01
  2.42e-02	  1.98e-02	2.11459e-01
  2.42e-02	  2.03e-02	1.79267e-01
  2.42e-02	  2.08e-02	1.49948e-01
  2.42e-02	  2.14e-02	1.22879e-01
  2.42e-02	  2.19e-02	9.75339e-02
  2.42e-02	  2.24e-02	7.34637e-02
  2.42e-02	  2.29e-02	5.02805e-02
  2.42e-02	  2.34e-02	2.76422e-02
  2.42e-02	  2.40e-02	5.23711e-03
  2.42e-02	  2.45e-02	-1.72290e-02
  2.42e-02	  2.50e-02	-4.00457e-02
  2.42e-02	  2.55e-02	-6.35097e-02
  2.42e-02	  2.60e-02	-8.79374e-02
  2.42e-02	  2.66e-02	-1.13677e-01
  2.42e-02	  2.71e-02	-1.41125e-01
  2.42e-02	  2.76e-02	-1.70735e-01
  2.42e-02	  2.81e-02	-2.03042e-01
  2.42e-02	  2.86e-02	-2.38668e-01
  2.42e-02	  2.92e-02	-2.78338e-01
  2.42e-02	  2.97e-02	-3.22891e-01
  2.42e-02	  3.02e-02	-3.73295e-01
  2.42e-02	  3.07e-02	-4.30690e-01
  2.42e-02	  3.13e-02	-4.96497e-01
  2.42e-02	  3.18e-02	-5.72705e-01
  2.42e-02	  3.23e-02	-6.62488e-01
  2.42e-02	  3.28e-02	-7.71410e-01
  2.42e-02	  3.33e-02	-9.09431e-01
  2.42e-02	  3.39e-02	-1.09372e+00
  2.42e-02	  3.44e-02	-1.35175e+00
  2.42e-02	  3.49e-02	-1.72502e+00
  2.42e-02	  3.54e-02	-2.28715e+00
  2.42e-02	  3.59e-02	-3.28523e+00
  2.42e-02	  3.65e-02	-6.02630e+00
  2.42e-02	  3.70e-02	-1.44051e+01
  2.42e-02	  3.75e-02	-2.50192e+01
  2.42e-02	  3.80e-02	-2.85003e+01
  2.42e-02	  3.85e-02	-2.48654e+01
  2.42e-02	  3.91e-02	3.57151e+01
  2.42e-02	  3.96e-02	4.44040e+02
  2.42e-02	  4.01e-02	1.65497e-30
  2.42e-02	  4.06e-02	3.01464e-63
  2.42e-02	  4.11e-02	4.82834e-96
  2.42e-02	  4.17e-02	7.70929e-129
  2.42e-02	  4.22e-02	1.22609e-161
  2.42e-02	  4.27e-02	1.94109e-194
  2.42e-02	  4.32e-02	3.05778e-227
  2.42e-02	  4.37e-02	4.79214e-260
  2.42e-02	  4.43e-02	7.47193e-293
  2.42e-02	  4.48e-02	0.00000e+00
  2.42e-02	  4.53e-02	0.00000e+00
  2.42e-02	  4.58e-02	0.00000e+00
  2.42e-02	  4.64e-02	0.00000e+00
  2.42e-02	  4.69e-02	0.00000e+00
  2.42e-02	  4.74e-02	0.00000e+00
  2.42e-02	  4.79e-02	0.00000e+00
  2.42e-02	  4.84e-02	0.00000e+00
  2.42e-02	  4.90e-02	0.00000e+00
  2.42e-02	  4.95e-02	0.00000e+00

  2.50e-02	  0.00e+00	0.00000e+00
  2.50e-02	  5.21e-04	0.00000e+00
  2.50e-02	  1.04e-03	0.00000e+00
  2.50e-02	  1.56e-03	0.00000e+00
  2.50e-02	  2.08e-03	0.00000e+00
  2.50e-02	  2.60e-03	0.00000e+00
  2.50e-02	  3.12e-03	0.00000e+00
  2.50e-02	  3.65e-03	0.00000e+00
  2.50e-02	  4.17e-03	-7.50639e-293
  2.50e-02	  4.69e-03	-4.83947e-260
  2.50e-02	  5.21e-03	-3.10502e-227
  2.50e-02	  5.73e-03	-1.98224e-194
  2.50e-02	  6.25e-03	-1.25915e-161
  2.50e-02	  6.77e-03	-7.96023e-129
  2.50e-02	  7.29e-03	-5.01066e-96
  2.50e-02	  7.81e-03	-3.14244e-63
  2.50e-02	  8.33e-03	-1.96514e-30
  2.50e-02	  8.85e-03	-4.61062e+02
  2.50e-02	  9.37e-03	-3.17198e+01
  2.50e-02	  9.90e-03	2.98135e+01
  2.50e-02	  1.04e-02	3.36427e+01
  2.50e-02	  1.09e-02	2.94473e+01
  2.50e-02	  1.15e-02	1.59693e+01
  2.50e-02	  1.20e-02	6.15607e+00
  2.50e-02	  1.25e-02	3.34466e+00
  2.50e-02	  1.30e-02	2.31211e+00
  2.50e-02	  1.35e-02	1.70669e+00
  2.50e-02	  1.41e-02	1.30357e+00
  2.50e-02	  1.46e-02	1.03099e+00
  2.50e-02	  1.51e-02	8.43317e-01
  2.50e-02	  1.56e-02	7.08597e-01
  2.50e-02	  1.61e-02	6.06274e-01
  2.50e-02	  1.67e-02	5.24248e-01
  2.50e-02	  1.72e-02	4.55766e-01
  2.50e-02	  1.77e-02	3.97072e-01
  2.50e-02	  1.82e-02	3.45933e-01
  2.50e-02	  1.88e-02	3.00859e-01
  2.50e-02	  1.93e-02	2.60724e-01
  2.50e-02	  1.98e-02	2.24609e-01
  2.50e-02	  2.03e-02	1.91737e-01
  2.50e-02	  2.08e-02	1.61448e-01
  2.50e-02	  2.14e-02	1.33183e-01
  2.50e-02	  2.19e-02	1.06468e-01
  2.50e-02	  2.24e-02	8.09000e-02
  2.50e-02	  2.29e-02	5.61305e-02
  2.50e-02	  2.34e-02	3.18514e-02
  2.50e-02	  2.40e-02	7.78176e-03
  2.50e-02	  2.45e-02	-1.63443e-02
  2.50e-02	  2.50e-02	-4.07888e-02
  2.50e-02	  2.55e-02	-6.58205e-02
  2.50e-02	  2.60e-02	-9.17258e-02
  2.50e-02	  2.66e-02	-1.18821e-01
  2.50e-02	  2.71e-02	-1.47464e-01
  2.50e-02	  2.76e-02	-1.78069e-01
  2.50e-02	  2.81e-02	-2.11121e-01
  2.50e-02	  2.86e-02	-2.47191e-01
  2.50e-02	  2.92e-02	-2.86946e-01
  2.50e-02	  2.97e-02	-3.31168e-01
  2.50e-02	  3.02e-02	-3.80773e-01
  2.50e-02	  3.07e-02	-4.36867e-01
  2.50e-02	  3.13e-02	-5.00880e-01
  2.50e-02	  3.18e-02	-5.74902e-01
  2.50e-02	  3.23e-02	-6.62383e-01
  2.50e-02	  3.28e-02	-7.69489e-01
  2.50e-02	  3.33e-02	-9.07328e-01
  2.50e-02	  3.39e-02	-1.09499e+00
  2.50e-02	  3.44e-02	-1.36263e+00
  2.50e-02	  3.49e-02	-1.75382e+00
  2.50e-02	  3.54e-02	-2.33738e+00
  2.50e-02	  3.59e-02	-3.32777e+00
  2.50e-02	  3.65e-02	-6.03539e+00
  2.50e-02	  3.70e-02	-1.56206e+01
  2.50e-02	  3.75e-02	-2.90037e+01
  2.50e-02	  3.80e-02	-3.32295e+01
  2.50e-02	  3.85e-02	-2.95288e+01
  2.50e-02	  3.91e-02	3.16709e+01
  2.50e-02	  3.96e-02	4.59863e+02
  2.50e-02	  4.01e-02	1.73012e-30
  2.50e-02	  4.06e-02	3.13607e-63
  2.50e-02	  4.11e-02	5.00024e-96
  2.50e-02	  4.17e-02	7.94294e-129
  2.50e-02	  4.22e-02	1.25625e-161
  2.50e-02	  4.27e-02	1.97735e-194
  2.50e-02	  4.32e-02	3.09677e-227
  2.50e-02	  4.37e-02	4.82555e-260
  2.50e-02	  4.43e-02	7.48296e-293
  2.50e-02	  4.48e-02	0.00000e+00
  2.50e-02	  4.53e-02	0.00000e+00
  2.50e-02	  4.58e-02	0.00000e+00
  2.50e-02	  4.64e-02	0.00000e+00
  2.50e-02	  4.69e-02	0.00000e+00
  2.50e-02	  4.74e-02	0.00000e+00
  2.50e-02	  4.79e-02	0.00000e+00
  2.50e-02	  4.84e-02	0.00000e+00
  2.50e-02	  4.90e-02	0.00000e+00
  2.50e-02	  4.95e-02	0.00000e+00

  2.58e-02	  0.00e+00	0.00000e+00
  2.58e-02	  5.21e-04	0.00000e+00
  2.58e-02	  1.04e-03	0.00000e+00
  2.58e-02	  1.56e-03	0.00000e+00
  2.58e-02	  2.08e-03	0.00000e+00
  2.58e-02	  2.60e-03	0.00000e+00
  2.58e-02	  3.12e-03	0.00000e+00
  2.58e-02	  3.65e-03	0.00000e+00
  2.58e-02	  4.17e-03	-7.48116e-293
  2.58e-02	  4.69e-03	-4.84781e-260
  2.58e-02	  5.21e-03	-3.12727e-227
  2.58e-02	  5.73e-03	-2.00775e-194
  2.58e-02	  6.25e-03	-1.28271e-161
  2.58e-02	  6.77e-03	-8.15530e-129
  2.58e-02	  7.29e-03	-5.16129e-96
  2.58e-02	  7.81e-03	-3.25294e-63
  2.58e-02	  8.33e-03	-2.04300e-30
  2.58e-02	  8.85e-03	-4.76199e+02
  2.58e-02	  9.37e-03	-2.89944e+01
  2.58e-02	  9.90e-03	3.43723e+01
  2.58e-02	  1.04e-02	3.86812e+01
  2.58e-02	  1.09e-02	3.38094e+01
  2.58e-02	  1.15e-02	1.71913e+01
  2.58e-02	  1.20e-02	6.20466e+00
  2.58e-02	  1.25e-02	3.44066e+00
  2.58e-02	  1.30e-02	2.39541e+00
  2.58e-02	  1.35e-02	1.75530e+00
  2.58e-02	  1.41e-02	1.32636e+00
  2.58e-02	  1.46e-02	1.03956e+00
  2.58e-02	  1.51e-02	8.46015e-01
  2.58e-02	  1.56e-02	7.10278e-01
  2.58e-02	  1.61e-02	6.09295e-01
  2.58e-02	  1.67e-02	5.29439e-01
  2.58e-02	  1.72e-02	4.63137e-01
  2.58e-02	  1.77e-02	4.06248e-01
  2.58e-02	  1.82e-02	3.56406e-01
  2.58e-02	  1.88e-02	3.12106e-01
  2.58e-02	  1.93e-02	2.72266e-01
  2.58e-02	  1.98e-02	2.36032e-01
  2.58e-02	  2.03e-02	2.02696e-01
  2.58e-02	  2.08e-02	1.71664e-01
  2.58e-02	  2.14e-02	1.42436e-01
  2.58e-02	  2.19e-02	1.14591e-01
  2.58e-02	  2.24e-02	8.77682e-02
  2.58e-02	  2.29e-02	6.16588e-02
  2.58e-02	  2.34e-02	3.59883e-02
  2.58e-02	  2.40e-02	1.05063e-02
  2.58e-02	  2.45e-02	-1.50249e-02
  2.58e-02	  2.50e-02	-4.08394e-02
  2.58e-02	  2.55e-02	-6.71778e-02
  2.58e-02	  2.60e-02	-9.42967e-02
  2.58e-02	  2.66e-02	-1.22479e-01
  2.58e-02	  2.71e-02	-1.52047e-01
  2.58e-02	  2.76e-02	-1.83373e-01
  2.58e-02	  2.81e-02	-2.16895e-01
  2.58e-02	  2.86e-02	-2.53130e-01
  2.58e-02	  2.92e-02	-2.92689e-01
  2.58e-02	  2.97e-02	-3.36297e-01
  2.58e-02	  3.02e-02	-3.84818e-01
  2.58e-02	  3.07e-02	-4.39331e-01
  2.58e-02	  3.13e-02	-5.01294e-01
  2.58e-02	  3.18e-02	-5.72935e-01
  2.58e-02	  3.23e-02	-6.58075e-01
  2.58e-02	  3.28e-02	-7.63651e-01
  2.58e-02	  3.33e-02	-9.02206e-01
  2.58e-02	  3.39e-02	-1.09520e+00
  2.58e-02	  3.44e-02	-1.37613e+00
  2.58e-02	  3.49e-02	-1.79188e+00
  2.58e-02	  3.54e-02	-2.40892e+00
  2.58e-02	  3.59e-02	-3.41185e+00
  2.58e-02	  3.65e-02	-6.06046e+00
  2.58e-02	  3.70e-02	-1.67351e+01
  2.58e-02	  3.75e-02	-3.32262e+01
  2.58e-02	  3.80e-02	-3.82459e+01
  2.58e-02	  3.85e-02	-3.41996e+01
  2.58e-02	  3.91e-02	2.87292e+01
  2.58e-02	  3.96e-02	4.74862e+02
  2.58e-02	  4.01e-02	1.80254e-30
  2.58e-02	  4.06e-02	3.24626e-63
  2.58e-02	  4.11e-02	5.15020e-96
  2.58e-02	  4.17e-02	8.13673e-129
  2.58e-02	  4.22e-02	1.27958e-161
  2.58e-02	  4.27e-02	2.00246e-194
  2.58e-02	  4.32e-02	3.11834e-227
  2.58e-02	  4.37e-02	4.83280e-260
  2.58e-02	  4.43e-02	7.45601e-293
  2.58e-02	  4.48e-02	0.00000e+00
  2.58e-02	  4.53e-02	0.00000e+00
  2.58e-02	  4.58e-02	0.00000e+00
  2.58e-02	  4.64e-02	0.00000e+00
  2.58e-02	  4.69e-02	0.00000e+00
  2.58e-02	  4.74e-02	0.00000e+00
  2.58e-02	  4.79e-02	0.00000e+00
  2.58e-02	  4.84e-02	0.00000e+00
  2.58e-02	  4.90e-02	0.00000e+00
  2.58e-02	  4.95e-02	0.00000e+00

  2.66e-02	  0.00e+00	0.00000e+00
  2.66e-02	  5.21e-04	0.00000e+00
  2.66e-02	  1.04e-03	0.00000e+00
  2.66e-02	  1.56e-03	0.00000e+00
  2.66e-02	  2.08e-03	0.00000e+00
  2.66e-02	  2.60e-03	0.00000e+00
  2.66e-02	  3.12e-03	0.00000e+00
  2.66e-02	  3.65e-03	0.00000e+00
  2.66e-02	  4.17e-03	-7.42110e-293
  2.66e-02	  4.69e-03	-4.83143e-260
  2.66e-02	  5.21e-03	-3.13252e-227
  2.66e-02	  5.73e-03	-2.02199e-194
  2.66e-02	  6.25e-03	-1.29907e-161
  2.66e-02	  6.77e-03	-8.30645e-129
  2.66e-02	  7.29e-03	-5.28646e-96
  2.66e-02	  7.81e-03	-3.34955e-63
  2.66e-02	  8.33e-03	-2.11381e-30
  2.66e-02	  8.85e-03	-4.90261e+02
  2.66e-02	  9.37e-03	-2.75189e+01
  2.66e-02	  9.90e-03	3.87765e+01
  2.66e-02	  1.04e-02	4.39180e+01
  2.66e-02	  1.09e-02	3.83677e+01
  2.66e-02	  1.15e-02	1.83710e+01
  2.66e-02	  1.20e-02	6.32877e+00
  2.66e-02	  1.25e-02	3.59592e+00
  2.66e-02	  1.30e-02	2.51046e+00
  2.66e-02	  1.35e-02	1.82101e+00
  2.66e-02	  1.41e-02	1.35770e+00
  2.66e-02	  1.46e-02	1.05156e+00
  2.66e-02	  1.51e-02	8.49154e-01
  2.66e-02	  1.56e-02	7.10772e-01
  2.66e-02	  1.61e-02	6.10317e-01
  2.66e-02	  1.67e-02	5.32282e-01
  2.66e-02	  1.72e-02	4.68058e-01
  2.66e-02	  1.77e-02	4.13005e-01
  2.66e-02	  1.82e-02	3.64558e-01
  2.66e-02	  1.88e-02	3.21171e-01
  2.66e-02	  1.93e-02	2.81794e-01
  2.66e-02	  1.98e-02	2.45630e-01
  2.66e-02	  2.03e-02	2.12037e-01
  2.66e-02	  2.08e-02	1.80484e-01
  2.66e-02	  2.14e-02	1.50526e-01
  2.66e-02	  2.19e-02	1.21792e-01
  2.66e-02	  2.24e-02	9.39650e-02
  2.66e-02	  2.29e-02	6.67718e-02
  2.66e-02	  2.34e-02	3.99711e-02
  2.66e-02	  2.40e-02	1.33422e-02
  2.66e-02	  2.45e-02	-1.33245e-02
  2.66e-02	  2.50e-02	-4.02358e-02
  2.66e-02	  2.55e-02	-6.76043e-02
  2.66e-02	  2.60e-02	-9.56570e-02
  2.66e-02	  2.66e-02	-1.24645e-01
  2.66e-02	  2.71e-02	-1.54852e-01
  2.66e-02	  2.76e-02	-1.86610e-01
  2.66e-02	  2.81e-02	-2.20310e-01
  2.66e-02	  2.86e-02	-2.56416e-01
  2.66e-02	  2.92e-02	-2.95482e-01
  2.66e-02	  2.97e-02	-3.38174e-01
  2.66e-02	  3.02e-02	-3.85309e-01
  2.66e-02	  3.07e-02	-4.37941e-01
  2.66e-02	  3.13e-02	-4.97577e-01
  2.66e-02	  3.18e-02	-5.66636e-01
  2.66e-02	  3.23e-02	-6.49415e-01
  2.66e-02	  3.28e-02	-7.53828e-01
  2.66e-02	  3.33e-02	-8.94199e-01
  2.66e-02	  3.39e-02	-1.09489e+00
  2.66e-02	  3.44e-02	-1.39352e+00
  2.66e-02	  3.49e-02	-1.84152e+00
  2.66e-02	  3.54e-02	-2.50585e+00
  2.66e-02	  3.59e-02	-3.54844e+00
  2.66e-02	  3.65e-02	-6.15979e+00
  2.66e-02	  3.70e-02	-1.78070e+01
  2.66e-02	  3.75e-02	-3.76325e+01
  2.66e-02	  3.80e-02	-4.34669e+01
  2.66e-02	  3.85e-02	-3.87449e+01
  2.66e-02	  3.91e-02	2.70242e+01
  2.66e-02	  3.96e-02	4.88774e+02
  2.66e-02	  4.01e-02	1.87164e-30
  2.66e-02	  4.06e-02	3.34244e-63
  2.66e-02	  4.11e-02	5.27453e-96
  2.66e-02	  4.17e-02	8.28635e-129
  2.66e-02	  4.22e-02	1.29567e-161
  2.66e-02	  4.27e-02	2.01625e-194
  2.66e-02	  4.32e-02	3.12287e-227
  2.66e-02	  4.37e-02	4.81527e-260
  2.66e-02	  4.43e-02	7.39420e-293
  2.66e-02	  4.48e-02	0.00000e+00
  2.66e-02	  4.53e-02	0.00000e+00
  2.66e-02	  4.58e-02	0.00000e+00
  2.66e-02	  4.64e-02	0.00000e+00
  2.66e-02	  4.69e-02	0.00000e+00
  2.66e-02	  4.74e-02	0.00000e+00
  2.66e-02	  4.79e-02	0.00000e+00
  2.66e-02	  4.84e-02	0.00000e+00
  2.66e-02	  4.90e-02	0.00000e+00
  2.66e-02	  4.95e-02	0.00000e+00

  2.73e-02	  0.00e+00	0.00000e+00
  2.73e-02	  5.21e-04	0.00000e+00
  2.73e-02	  1.04e-03	0.00000e+00
  2.73e-02	  1.56e-03	0.00000e+00
  2.73e-02	  2.08e-03	0.00000e+00
  2.73e-02	  2.60e-03	0.00000e+00
  2.73e-02	  3.12e-03	0.00000e+00
  2.73e-02	  3.65e-03	0.00000e+00
  2.73e-02	  4.17e-03	-7.32996e-293
  2.73e-02	  4.69e-03	-4.79232e-260
  2.73e-02	  5.21e-03	-3.12166e-227
  2.73e-02	  5.73e-03	-2.02515e-194
  2.73e-02	  6.25e-03	-1.30809e-161
  2.73e-02	  6.77e-03	-8.41086e-129
  2.73e-02	  7.29e-03	-5.38320e-96
  2.73e-02	  7.81e-03	-3.42977e-63
  2.73e-02	  8.33e-03	-2.17574e-30
  2.73e-02	  8.85e-03	-5.02954e+02
  2.73e-02	  9.37e-03	-2.73889e+01
  2.73e-02	  9.90e-03	4.28482e+01
  2.73e-02	  1.04e-02	4.92157e+01
  2.73e-02	  1.09e-02	4.30404e+01
  2.73e-02	  1.15e-02	1.96030e+01
  2.73e-02	  1.20e-02	6.58200e+00
  2.73e-02	  1.25e-02	3.81972e+00
  2.73e-02	  1.30e-02	2.66209e+00
  2.73e-02	  1.35e-02	1.90708e+00
  2.73e-02	  1.41e-02	1.39958e+00
  2.73e-02	  1.46e-02	1.06806e+00
  2.73e-02	  1.51e-02	8.53266e-01
  2.73e-02	  1.56e-02	7.10301e-01
  2.73e-02	  1.61e-02	6.09394e-01
  2.73e-02	  1.67e-02	5.32738e-01
  2.73e-02	  1.72e-02	4.70438e-01
  2.73e-02	  1.77e-02	4.17214e-01
  2.73e-02	  1.82e-02	3.70238e-01
  2.73e-02	  1.88e-02	3.27891e-01
  2.73e-02	  1.93e-02	2.89137e-01
  2.73e-02	  1.98e-02	2.53229e-01
  2.73e-02	  2.03e-02	2.19588e-01
  2.73e-02	  2.08e-02	1.87739e-01
  2.73e-02	  2.14e-02	1.57293e-01
  2.73e-02	  2.19e-02	1.27924e-01
  2.73e-02	  2.24e-02	9.93557e-02
  2.73e-02	  2.29e-02	7.13506e-02
  2.73e-02	  2.34e-02	4.36984e-02
  2.73e-02	  2.40e-02	1.62069e-02
  2.73e-02	  2.45e-02	-1.13062e-02
  2.73e-02	  2.50e-02	-3.90211e-02
  2.73e-02	  2.55e-02	-6.71230e-02
  2.73e-02	  2.60e-02	-9.58096e-02
  2.73e-02	  2.66e-02	-1.25299e-01
  2.73e-02	  2.71e-02	-1.55841e-01
  2.73e-02	  2.76e-02	-1.87723e-01
  2.73e-02	  2.81e-02	-2.21291e-01
  2.73e-02	  2.86e-02	-2.56954e-01
  2.73e-02	  2.92e-02	-2.95209e-01
  2.73e-02	  2.97e-02	-3.36663e-01
  2.73e-02	  3.02e-02	-3.82082e-01
  2.73e-02	  3.07e-02	-4.32508e-01
  2.73e-02	  3.13e-02	-4.89514e-01
  2.73e-02	  3.18e-02	-5.55771e-01
  2.73e-02	  3.23e-02	-6.36171e-01
  2.73e-02	  3.28e-02	-7.39844e-01
  2.73e-02	  3.33e-02	-8.83295e-01
  2.73e-02	  3.39e-02	-1.09440e+00
  2.73e-02	  3.44e-02	-1.41582e+00
  2.73e-02	  3.49e-02	-1.90484e+00
  2.73e-02	  3.54e-02	-2.63161e+00
  2.73e-02	  3.59e-02	-3.74474e+00
  2.73e-02	  3.65e-02	-6.38195e+00
  2.73e-02	  3.70e-02	-1.89355e+01
  2.73e-02	  3.75e-02	-4.21600e+01
  2.73e-02	  3.80e-02	-4.87691e+01
  2.73e-02	  3.85e-02	-4.29871e+01
  2.73e-02	  3.91e-02	2.66681e+01
  2.73e-02	  3.96e-02	5.01315e+02
  2.73e-02	  4.01e-02	1.93665e-30
  2.73e-02	  4.06e-02	3.42210e-63
  2.73e-02	  4.11e-02	5.37026e-96
  2.73e-02	  4.17e-02	8.38899e-129
  2.73e-02	  4.22e-02	1.30439e-161
  2.73e-02	  4.27e-02	2.01894e-194
  2.73e-02	  4.32e-02	3.11125e-227
  2.73e-02	  4.37e-02	4.77500e-260
  2.73e-02	  4.43e-02	7.30133e-293
  2.73e-02	  4.48e-02	0.00000e+00
  2.73e-02	  4.53e-02	0.00000e+00
  2.73e-02	  4.58e-02	0.00000e+00
  2.73e-02	  4.64e-02	0.00000e+00
  2.73e-02	  4.69e-02	0.00000e+00
  2.73e-02	  4.74e-02	0.00000e+00
  2.73e-02	  4.79e-02	0.00000e+00
  2.73e-02	  4.84e-02	0.00000e+00
  2.73e-02	  4.90e-02	0.00000e+00
  2.73e-02	  4.95e-02	0.00000e+00

  2.81e-02	  0.00e+00	0.00000e+00
  2.81e-02	  5.21e-04	0.00000e+00
  2.81e-02	  1.04e-03	0.00000e+00
  2.81e-02	  1.56e-03	0.00000e+00
  2.81e-02	  2.08e-03	0.00000e+00
  2.81e-02	  2.60e-03	0.00000e+00
  2.81e-02	  3.12e-03	0.00000e+00
  2.81e-02	  3.65e-03	0.00000e+00
  2.81e-02	  4.17e-03	-7.21193e-293
  2.81e-02	  4.69e-03	-4.73294e-260
  2.81e-02	  5.21e-03	-3.09597e-227
  2.81e-02	  5.73e-03	-2.01780e-194
  2.81e-02	  6.25e-03	-1.30989e-161
  2.81e-02	  6.77e-03	-8.46747e-129
  2.81e-02	  7.29e-03	-5.44955e-96
  2.81e-02	  7.81e-03	-3.49155e-63
  2.81e-02	  8.33e-03	-2.22710e-30
  2.81e-02	  8.85e-03	-5.13979e+02
  2.81e-02	  9.37e-03	-2.86527e+01
  2.81e-02	  9.90e-03	4.63805e+01
  2.81e-02	  1.04e-02	5.43937e+01
  2.81e-02	  1.09e-02	4.77369e+01
  2.81e-02	  1.15e-02	2.10049e+01
  2.81e-02	  1.20e-02	7.00298e+00
  2.81e-02	  1.25e-02	4.11748e+00
  2.81e-02	  1.30e-02	2.85389e+00
  2.81e-02	  1.35e-02	2.01600e+00
  2.81e-02	  1.41e-02	1.45334e+00
  2.81e-02	  1.46e-02	1.08963e+00
  2.81e-02	  1.51e-02	8.58472e-01
  2.81e-02	  1.56e-02	7.08772e-01
  2.81e-02	  1.61e-02	6.06336e-01
  2.81e-02	  1.67e-02	5.30576e-01
  2.81e-02	  1.72e-02	4.70029e-01
  2.81e-02	  1.77e-02	4.18628e-01
  2.81e-02	  1.82e-02	3.73202e-01
  2.81e-02	  1.88e-02	3.32026e-01
  2.81e-02	  1.93e-02	2.94061e-01
  2.81e-02	  1.98e-02	2.58607e-01
  2.81e-02	  2.03e-02	2.25135e-01
  2.81e-02	  2.08e-02	1.93231e-01
  2.81e-02	  2.14e-02	1.62552e-01
  2.81e-02	  2.19e-02	1.32818e-01
  2.81e-02	  2.24e-02	1.03789e-01
  2.81e-02	  2.29e-02	7.52627e-02
  2.81e-02	  2.34e-02	4.70571e-02
  2.81e-02	  2.40e-02	1.90076e-02
  2.81e-02	  2.45e-02	-9.04243e-03
  2.81e-02	  2.50e-02	-3.72472e-02
  2.81e-02	  2.55e-02	-6.57652e-02
  2.81e-02	  2.60e-02	-9.47654e-02
  2.81e-02	  2.66e-02	-1.24434e-01
  2.81e-02	  2.71e-02	-1.54985e-01
  2.81e-02	  2.76e-02	-1.86665e-01
  2.81e-02	  2.81e-02	-2.19770e-01
  2.81e-02	  2.86e-02	-2.54657e-01
  2.81e-02	  2.92e-02	-2.91762e-01
  2.81e-02	  2.97e-02	-3.31630e-01
  2.81e-02	  3.02e-02	-3.74980e-01
  2.81e-02	  3.07e-02	-4.22844e-01
  2.81e-02	  3.13e-02	-4.76887e-01
  2.81e-02	  3.18e-02	-5.40089e-01
  2.81e-02	  3.23e-02	-6.18075e-01
  2.81e-02	  3.28e-02	-7.21454e-01
  2.81e-02	  3.33e-02	-8.69372e-01
  2.81e-02	  3.39e-02	-1.09395e+00
  2.81e-02	  3.44e-02	-1.44390e+00
  2.81e-02	  3.49e-02	-1.98375e+00
  2.81e-02	  3.54e-02	-2.78924e+00
  2.81e-02	  3.59e-02	-4.00557e+00
  2.81e-02	  3.65e-02	-6.76206e+00
  2.81e-02	  3.70e-02	-2.02412e+01
  2.81e-02	  3.75e-02	-4.67389e+01
  2.81e-02	  3.80e-02	-5.39870e+01
  2.81e-02	  3.85e-02	-4.67141e+01
  2.81e-02	  3.91e-02	2.77284e+01
  2.81e-02	  3.96e-02	5.12196e+02
  2.81e-02	  4.01e-02	1.99649e-30
  2.81e-02	  4.06e-02	3.48321e-63
  2.81e-02	  4.11e-02	5.43544e-96
  2.81e-02	  4.17e-02	8.44362e-129
  2.81e-02	  4.22e-02	1.30587e-161
  2.81e-02	  4.27e-02	2.01108e-194
  2.81e-02	  4.32e-02	3.08479e-227
  2.81e-02	  4.37e-02	4.71447e-260
  2.81e-02	  4.43e-02	7.18162e-293
  2.81e-02	  4.48e-02	0.00000e+00
  2.81e-02	  4.53e-02	0.00000e+00
  2.81e-02	  4.58e-02	0.00000e+00
  2.81e-02	  4.64e-02	0.00000e+00
  2.81e-02	  4.69e-02	0.00000e+00
  2.81e-02	  4.74e-02	0.00000e+00
  2.81e-02	  4.79e-02	0.00000e+00
  2.81e-02	  4.84e-02	0.00000e+00
  2.81e-02	  4.90e-02	0.00000e+00
  2.81e-02	  4.95e-02	0.00000e+00

  2.89e-02	  0.00e+00	0.00000e+00
  2.89e-02	  5.21e-04	0.00000e+00
  2.89e-02	  1.04e-03	0.00000e+00
  2.89e-02	  1.56e-03	0.00000e+00
  2.89e-02	  2.08e-03	0.00000e+00
  2.89e-02	  2.60e-03	0.00000e+00
  2.89e-02	  3.12e-03	0.00000e+00
  2.89e-02	  3.65e-03	0.00000e+00
  2.89e-02	  4.17e-03	-7.07134e-293
  2.89e-02	  4.69e-03	-4.65605e-260
  2.89e-02	  5.21e-03	-3.05707e-227
  2.89e-02	  5.73e-03	-2.00078e-194
  2.89e-02	  6.25e-03	-1.30483e-161
  2.89e-02	  6.77e-03	-8.47697e-129
  2.89e-02	  7.29e-03	-5.48473e-96
  2.89e-02	  7.81e-03	-3.53355e-63
  2.89e-02	  8.33e-03	-2.26648e-30
  2.89e-02	  8.85e-03	-5.23060e+02
  2.89e-02	  9.37e-03	-3.12901e+01
  2.89e-02	  9.90e-03	4.91591e+01
  2.89e-02	  1.04e-02	5.92378e+01
  2.89e-02	  1.09e-02	5.23573e+01
  2.89e-02	  1.15e-02	2.26889e+01
  2.89e-02	  1.20e-02	7.61547e+00
  2.89e-02	  1.25e-02	4.49146e+00
  2.89e-02	  1.30e-02	3.08777e+00
  2.89e-02	  1.35e-02	2.14924e+00
  2.89e-02	  1.41e-02	1.51961e+00
  2.89e-02	  1.46e-02	1.11624e+00
  2.89e-02	  1.51e-02	8.64438e-01
  2.89e-02	  1.56e-02	7.05747e-01
  2.89e-02	  1.61e-02	6.00698e-01
  2.89e-02	  1.67e-02	5.25380e-01
  2.89e-02	  1.72e-02	4.66452e-01
  2.89e-02	  1.77e-02	4.16899e-01
  2.89e-02	  1.82e-02	3.73132e-01
  2.89e-02	  1.88e-02	3.33283e-01
  2.89e-02	  1.93e-02	2.96299e-01
  2.89e-02	  1.98e-02	2.61513e-01
  2.89e-02	  2.03e-02	2.28452e-01
  2.89e-02	  2.08e-02	1.96749e-01
  2.89e-02	  2.14e-02	1.66112e-01
  2.89e-02	  2.19e-02	1.36301e-01
  2.89e-02	  2.24e-02	1.07112e-01
  2.89e-02	  2.29e-02	7.83725e-02
  2.89e-02	  2.34e-02	4.99300e-02
  2.89e-02	  2.40e-02	2.16449e-02
  2.89e-02	  2.45e-02	-6.61447e-03
  2.89e-02	  2.50e-02	-3.49777e-02
  2.89e-02	  2.55e-02	-6.35773e-02
  2.89e-02	  2.60e-02	-9.25540e-02
  2.89e-02	  2.66e-02	-1.22063e-01
  2.89e-02	  2.71e-02	-1.52282e-01
  2.89e-02	  2.76e-02	-1.83416e-01
  2.89e-02	  2.81e-02	-2.15714e-01
  2.89e-02	  2.86e-02	-2.49474e-01
  2.89e-02	  2.92e-02	-2.85072e-01
  2.89e-02	  2.97e-02	-3.22990e-01
  2.89e-02	  3.02e-02	-3.63894e-01
  2.89e-02	  3.07e-02	-4.08813e-01
  2.89e-02	  3.13e-02	-4.59524e-01
  2.89e-02	  3.18e-02	-5.19379e-01
  2.89e-02	  3.23e-02	-5.94881e-01
  2.89e-02	  3.28e-02	-6.98404e-01
  2.89e-02	  3.33e-02	-8.52253e-01
  2.89e-02	  3.39e-02	-1.09363e+00
  2.89e-02	  3.44e-02	-1.47849e+00
  2.89e-02	  3.49e-02	-2.08000e+00
  2.89e-02	  3.54e-02	-2.98140e+00
  2.89e-02	  3.59e-02	-4.33439e+00
  2.89e-02	  3.65e-02	-7.32348e+00
  2.89e-02	  3.70e-02	-2.18405e+01
  2.89e-02	  3.75e-02	-5.12894e+01
  2.89e-02	  3.80e-02	-5.89182e+01
  2.89e-02	  3.85e-02	-4.96996e+01
  2.89e-02	  3.91e-02	3.02052e+01
  2.89e-02	  3.96e-02	5.21152e+02
  2.89e-02	  4.01e-02	2.04981e-30
  2.89e-02	  4.06e-02	3.52443e-63
  2.89e-02	  4.11e-02	5.46930e-96
  2.89e-02	  4.17e-02	8.45099e-129
  2.89e-02	  4.22e-02	1.30048e-161
  2.89e-02	  4.27e-02	1.99355e-194
  2.89e-02	  4.32e-02	3.04513e-227
  2.89e-02	  4.37e-02	4.63647e-260
  2.89e-02	  4.43e-02	7.03944e-293
  2.89e-02	  4.48e-02	0.00000e+00
  2.89e-02	  4.53e-02	0.00000e+00
  2.89e-02	  4.58e-02	0.00000e+00
  2.89e-02	  4.64e-02	0.00000e+00
  2.89e-02	  4.69e-02	0.00000e+00
  2.89e-02	  4.74e-02	0.00000e+00
  2.89e-02	  4.79e-02	0.00000e+00
  2.89e-02	  4.84e-02	0.00000e+00
  2.89e-02	  4.90e-02	0.00000e+00
  2.89e-02	  4.95e-02	0.00000e+00

  2.97e-02	  0.00e+00	0.00000e+00
  2.97e-02	  5.21e-04	0.00000e+00
  2.97e-02	  1.04e-03	0.00000e+00
  2.97e-02	  1.56e-03	0.00000e+00
  2.97e-02	  2.08e-03	0.00000e+00
  2.97e-02	  2.60e-03	0.00000e+00
  2.97e-02	  3.12e-03	0.00000e+00
  2.97e-02	  3.65e-03	0.00000e+00
  2.97e-02	  4.17e-03	-6.91250e-293
  2.97e-02	  4.69e-03	-4.56451e-260
  2.97e-02	  5.21e-03	-3.00678e-227
  2.97e-02	  5.73e-03	-1.97516e-194
  2.97e-02	  6.25e-03	-1.29347e-161
  2.97e-02	  6.77e-03	-8.44171e-129
  2.97e-02	  7.29e-03	-5.48916e-96
  2.97e-02	  7.81e-03	-3.55519e-63
  2.97e-02	  8.33e-03	-2.29296e-30
  2.97e-02	  8.85e-03	-5.29973e+02
  2.97e-02	  9.37e-03	-3.52006e+01
  2.97e-02	  9.90e-03	5.09913e+01
  2.97e-02	  1.04e-02	6.35201e+01
  2.97e-02	  1.09e-02	5.67871e+01
  2.97e-02	  1.15e-02	2.47367e+01
  2.97e-02	  1.20e-02	8.43228e+00
  2.97e-02	  1.25e-02	4.94113e+00
  2.97e-02	  1.30e-02	3.36363e+00
  2.97e-02	  1.35e-02	2.30703e+00
  2.97e-02	  1.41e-02	1.59820e+00
  2.97e-02	  1.46e-02	1.14730e+00
  2.97e-02	  1.51e-02	8.70399e-01
  2.97e-02	  1.56e-02	7.00476e-01
  2.97e-02	  1.61e-02	5.91818e-01
  2.97e-02	  1.67e-02	5.16586e-01
  2.97e-02	  1.72e-02	4.59229e-01
  2.97e-02	  1.77e-02	4.11619e-01
  2.97e-02	  1.82e-02	3.69674e-01
  2.97e-02	  1.88e-02	3.31352e-01
  2.97e-02	  1.93e-02	2.95574e-01
  2.97e-02	  1.98e-02	2.61703e-01
  2.97e-02	  2.03e-02	2.29315e-01
  2.97e-02	  2.08e-02	1.98095e-01
  2.97e-02	  2.14e-02	1.67795e-01
  2.97e-02	  2.19e-02	1.38212e-01
  2.97e-02	  2.24e-02	1.09179e-01
  2.97e-02	  2.29e-02	8.05514e-02
  2.97e-02	  2.34e-02	5.22026e-02
  2.97e-02	  2.40e-02	2.40179e-02
  2.97e-02	  2.45e-02	-4.11095e-03
  2.97e-02	  2.50e-02	-3.22896e-02
  2.97e-02	  2.55e-02	-6.06254e-02
  2.97e-02	  2.60e-02	-8.92318e-02
  2.97e-02	  2.66e-02	-1.18233e-01
  2.97e-02	  2.71e-02	-1.47770e-01
  2.97e-02	  2.76e-02	-1.78008e-01
  2.97e-02	  2.81e-02	-2.09144e-01
  2.97e-02	  2.86e-02	-2.41420e-01
  2.97e-02	  2.92e-02	-2.75146e-01
  2.97e-02	  2.97e-02	-3.10736e-01
  2.97e-02	  3.02e-02	-3.48803e-01
  2.97e-02	  3.07e-02	-3.90371e-01
  2.97e-02	  3.13e-02	-4.37351e-01
  2.97e-02	  3.18e-02	-4.93526e-01
  2.97e-02	  3.23e-02	-5.66424e-01
  2.97e-02	  3.28e-02	-6.70494e-01
  2.97e-02	  3.33e-02	-8.31789e-01
  2.97e-02	  3.39e-02	-1.09356e+00
  2.97e-02	  3.44e-02	-1.52031e+00
  2.97e-02	  3.49e-02	-2.19516e+00
  2.97e-02	  3.54e-02	-3.21017e+00
  2.97e-02	  3.59e-02	-4.73369e+00
  2.97e-02	  3.65e-02	-8.08160e+00
  2.97e-02	  3.70e-02	-2.38207e+01
  2.97e-02	  3.75e-02	-5.57119e+01
  2.97e-02	  3.80e-02	-6.33382e+01
  2.97e-02	  3.85e-02	-5.17324e+01
  2.97e-02	  3.91e-02	3.40149e+01
  2.97e-02	  3.96e-02	5.27966e+02
  2.97e-02	  4.01e-02	2.09514e-30
  2.97e-02	  4.06e-02	3.54520e-63
  2.97e-02	  4.11e-02	5.47232e-96
  2.97e-02	  4.17e-02	8.41351e-129
  2.97e-02	  4.22e-02	1.28878e-161
  2.97e-02	  4.27e-02	1.96743e-194
  2.97e-02	  4.32e-02	2.99411e-227
  2.97e-02	  4.37e-02	4.54387e-260
  2.97e-02	  4.43e-02	6.87913e-293
  2.97e-02	  4.48e-02	0.00000e+00
  2.97e-02	  4.53e-02	0.00000e+00
  2.97e-02	  4.58e-02	0.00000e+00
  2.97e-02	  4.64e-02	0.00000e+00
  2.97e-02	  4.69e-02	0.00000e+00
  2.97e-02	  4.74e-02	0.00000e+00
  2.97e-02	  4.79e-02	0.00000e+00
  2.97e-02	  4.84e-02	0.00000e+00
  2.97e-02	  4.90e-02	0.00000e+00
  2.97e-02	  4.95e-02	0.00000e+00

  3.05e-02	  0.00e+00	0.00000e+00
  3.05e-02	  5.21e-04	0.00000e+00
  3.05e-02	  1.04e-03	0.00000e+00
  3.05e-02	  1.56e-03	0.00000e+00
  3.05e-02	  2.08e-03	0.00000e+00
  3.05e-02	  2.60e-03	0.00000e+00
  3.05e-02	  3.12e-03	0.00000e+00
  3.05e-02	  3.65e-03	0.00000e+00
  3.05e-02	  4.17e-03	-6.73950e-293
  3.05e-02	  4.69e-03	-4.46116e-260
  3.05e-02	  5.21e-03	-2.94700e-227
  3.05e-02	  5.73e-03	-1.94215e-194
  3.05e-02	  6.25e-03	-1.27652e-161
  3.05e-02	  6.77e-03	-8.36542e-129
  3.05e-02	  7.29e-03	-5.46439e-96
  3.05e-02	  7.81e-03	-3.55676e-63
  3.05e-02	  8.33e-03	-2.30614e-30
  3.05e-02	  8.85e-03	-5.34573e+02
  3.05e-02	  9.37e-03	-4.02043e+01
  3.05e-02	  9.90e-03	5.17357e+01
  3.05e-02	  1.04e-02	6.70250e+01
  3.05e-02	  1.09e-02	6.08891e+01
  3.05e-02	  1.15e-02	2.71808e+01
  3.05e-02	  1.20e-02	9.45970e+00
  3.05e-02	  1.25e-02	5.46362e+00
  3.05e-02	  1.30e-02	3.67896e+00
  3.05e-02	  1.35e-02	2.48821e+00
  3.05e-02	  1.41e-02	1.68816e+00
  3.05e-02	  1.46e-02	1.18173e+00
  3.05e-02	  1.51e-02	8.75250e-01
  3.05e-02	  1.56e-02	6.91971e-01
  3.05e-02	  1.61e-02	5.78879e-01
  3.05e-02	  1.67e-02	5.03539e-01
  3.05e-02	  1.72e-02	4.47836e-01
  3.05e-02	  1.77e-02	4.02361e-01
  3.05e-02	  1.82e-02	3.62475e-01
  3.05e-02	  1.88e-02	3.25937e-01
  3.05e-02	  1.93e-02	2.91634e-01
  3.05e-02	  1.98e-02	2.58960e-01
  3.05e-02	  2.03e-02	2.27538e-01
  3.05e-02	  2.08e-02	1.97103e-01
  3.05e-02	  2.14e-02	1.67451e-01
  3.05e-02	  2.19e-02	1.38418e-01
  3.05e-02	  2.24e-02	1.09869e-01
  3.05e-02	  2.29e-02	8.16868e-02
  3.05e-02	  2.34e-02	5.37703e-02
  3.05e-02	  2.40e-02	2.60278e-02
  3.05e-02	  2.45e-02	-1.62605e-03
  3.05e-02	  2.50e-02	-2.92739e-02
  3.05e-02	  2.55e-02	-5.69986e-02
  3.05e-02	  2.60e-02	-8.48867e-02
  3.05e-02	  2.66e-02	-1.13032e-01
  3.05e-02	  2.71e-02	-1.41539e-01
  3.05e-02	  2.76e-02	-1.70531e-01
  3.05e-02	  2.81e-02	-2.00155e-01
  3.05e-02	  2.86e-02	-2.30592e-01
  3.05e-02	  2.92e-02	-2.62084e-01
  3.05e-02	  2.97e-02	-2.94971e-01
  3.05e-02	  3.02e-02	-3.29807e-01
  3.05e-02	  3.07e-02	-3.67611e-01
  3.05e-02	  3.13e-02	-4.10440e-01
  3.05e-02	  3.18e-02	-4.62564e-01
  3.05e-02	  3.23e-02	-5.32684e-01
  3.05e-02	  3.28e-02	-6.37661e-01
  3.05e-02	  3.33e-02	-8.07948e-01
  3.05e-02	  3.39e-02	-1.09394e+00
  3.05e-02	  3.44e-02	-1.57012e+00
  3.05e-02	  3.49e-02	-2.33056e+00
  3.05e-02	  3.54e-02	-3.47658e+00
  3.05e-02	  3.59e-02	-5.20486e+00
  3.05e-02	  3.65e-02	-9.04762e+00
  3.05e-02	  3.70e-02	-2.62225e+01
  3.05e-02	  3.75e-02	-5.98771e+01
  3.05e-02	  3.80e-02	-6.70234e+01
  3.05e-02	  3.85e-02	-5.26494e+01
  3.05e-02	  3.91e-02	3.89884e+01
  3.05e-02	  3.96e-02	5.32493e+02
  3.05e-02	  4.01e-02	2.13099e-30
  3.05e-02	  4.06e-02	3.54583e-63
  3.05e-02	  4.11e-02	5.44608e-96
  3.05e-02	  4.17e-02	8.33498e-129
  3.05e-02	  4.22e-02	1.27150e-161
  3.05e-02	  4.27e-02	1.93393e-194
  3.05e-02	  4.32e-02	2.93363e-227
  3.05e-02	  4.37e-02	4.43956e-260
  3.05e-02	  4.43e-02	6.70481e-293
  3.05e-02	  4.48e-02	0.00000e+00
  3.05e-02	  4.53e-02	0.00000e+00
  3.05e-02	  4.58e-02	0.00000e+00
  3.05e-02	  4.64e-02	0.00000e+00
  3.05e-02	  4.69e-02	0.00000e+00
  3.05e-02	  4.74e-02	0.00000e+00
  3.05e-02	  4.79e-02	0.00000e+00
  3.05e-02	  4.84e-02	0.00000e+00
  3.05e-02	  4.90e-02	0.00000e+00
  3.05e-02	  4.95e-02	0.00000e+00

  3.13e-02	  0.00e+00	0.00000e+00
  3.13e-02	  5.21e-04	0.00000e+00
  3.13e-02	  1.04e-03	0.00000e+00
  3.13e-02	  1.56e-03	0.00000e+00
  3.13e-02	  2.08e-03	0.00000e+00
  3.13e-02	  2.60e-03	0.00000e+00
  3.13e-02	  3.12e-03	0.00000e+00
  3.13e-02	  3.65e-03	0.00000e+00
  3.13e-02	  4.17e-03	-6.55612e-293
  3.13e-02	  4.69e-03	-4.34869e-260
  3.13e-02	  5.21e-03	-2.87960e-227
  3.13e-02	  5.73e-03	-1.90300e-194
  3.13e-02	  6.25e-03	-1.25477e-161
  3.13e-02	  6.77e-03	-8.25282e-129
  3.13e-02	  7.29e-03	-5.41291e-96
  3.13e-02	  7.81e-03	-3.53928e-63
  3.13e-02	  8.33e-03	-2.30621e-30
  3.13e-02	  8.85e-03	-5.36801e+02
  3.13e-02	  9.37e-03	-4.60583e+01
  3.13e-02	  9.90e-03	5.13275e+01
  3.13e-02	  1.04e-02	6.95779e+01
  3.13e-02	  1.09e-02	6.45025e+01
  3.13e-02	  1.15e-02	2.99935e+01
  3.13e-02	  1.20e-02	1.07007e+01
  3.13e-02	  1.25e-02	6.05451e+00
  3.13e-02	  1.30e-02	4.02870e+00
  3.13e-02	  1.35e-02	2.69005e+00
  3.13e-02	  1.41e-02	1.78783e+00
  3.13e-02	  1.46e-02	1.21808e+00
  3.13e-02	  1.51e-02	8.77690e-01
  3.13e-02	  1.56e-02	6.79137e-01
  3.13e-02	  1.61e-02	5.61018e-01
  3.13e-02	  1.67e-02	4.85580e-01
  3.13e-02	  1.72e-02	4.31770e-01
  3.13e-02	  1.77e-02	3.88741e-01
  3.13e-02	  1.82e-02	3.51234e-01
  3.13e-02	  1.88e-02	3.16798e-01
  3.13e-02	  1.93e-02	2.84284e-01
  3.13e-02	  1.98e-02	2.53121e-01
  3.13e-02	  2.03e-02	2.22983e-01
  3.13e-02	  2.08e-02	1.93654e-01
  3.13e-02	  2.14e-02	1.64977e-01
  3.13e-02	  2.19e-02	1.36824e-01
  3.13e-02	  2.24e-02	1.09091e-01
  3.13e-02	  2.29e-02	8.16904e-02
  3.13e-02	  2.34e-02	5.45438e-02
  3.13e-02	  2.40e-02	2.75826e-02
  3.13e-02	  2.45e-02	7.43358e-04
  3.13e-02	  2.50e-02	-2.60341e-02
  3.13e-02	  2.55e-02	-5.28087e-02
  3.13e-02	  2.60e-02	-7.96404e-02
  3.13e-02	  2.66e-02	-1.06592e-01
  3.13e-02	  2.71e-02	-1.33734e-01
  3.13e-02	  2.76e-02	-1.61146e-01
  3.13e-02	  2.81e-02	-1.88921e-01
  3.13e-02	  2.86e-02	-2.17182e-01
  3.13e-02	  2.92e-02	-2.46094e-01
  3.13e-02	  2.97e-02	-2.75921e-01
  3.13e-02	  3.02e-02	-3.07149e-01
  3.13e-02	  3.07e-02	-3.40786e-01
  3.13e-02	  3.13e-02	-3.79040e-01
  3.13e-02	  3.18e-02	-4.26718e-01
  3.13e-02	  3.23e-02	-4.93842e-01
  3.13e-02	  3.28e-02	-6.00042e-01
  3.13e-02	  3.33e-02	-7.80902e-01
  3.13e-02	  3.39e-02	-1.09517e+00
  3.13e-02	  3.44e-02	-1.62868e+00
  3.13e-02	  3.49e-02	-2.48687e+00
  3.13e-02	  3.54e-02	-3.77991e+00
  3.13e-02	  3.59e-02	-5.74804e+00
  3.13e-02	  3.65e-02	-1.02309e+01
  3.13e-02	  3.70e-02	-2.90275e+01
  3.13e-02	  3.75e-02	-6.36225e+01
  3.13e-02	  3.80e-02	-6.97799e+01
  3.13e-02	  3.85e-02	-5.23645e+01
  3.13e-02	  3.91e-02	4.48848e+01
  3.13e-02	  3.96e-02	5.34675e+02
  3.13e-02	  4.01e-02	2.15611e-30
  3.13e-02	  4.06e-02	3.52738e-63
  3.13e-02	  4.11e-02	5.39311e-96
  3.13e-02	  4.17e-02	8.22017e-129
  3.13e-02	  4.22e-02	1.24943e-161
  3.13e-02	  4.27e-02	1.89432e-194
  3.13e-02	  4.32e-02	2.86560e-227
  3.13e-02	  4.37e-02	4.32623e-260
  3.13e-02	  4.43e-02	6.52028e-293
  3.13e-02	  4.48e-02	0.00000e+00
  3.13e-02	  4.53e-02	0.00000e+00
  3.13e-02	  4.58e-02	0.00000e+00
  3.13e-02	  4.64e-02	0.00000e+00
  3.13e-02	  4.69e-02	0.00000e+00
  3.13e-02	  4.74e-02	0.00000e+00
  3.13e-02	  4.79e-02	0.00000e+00
  3.13e-02	  4.84e-02	0.00000e+00
  3.13e-02	  4.90e-02	0.00000e+00
  3.13e-02	  4.95e-02	0.00000e+00

  3.20e-02	  0.00e+00	0.00000e+00
  3.20e-02	  5.21e-04	0.00000e+00
  3.20e-02	  1.04e-03	0.00000e+00
  3.20e-02	  1.56e-03	0.00000e+00
  3.20e-02	  2.08e-03	0.00000e+00
  3.20e-02	  2.60e-03	0.00000e+00
  3.20e-02	  3.12e-03	0.00000e+00
  3.20e-02	  3.65e-03	0.00000e+00
  3.20e-02	  4.17e-03	-6.36571e-293
  3.20e-02	  4.69e-03	-4.22958e-260
  3.20e-02	  5.21e-03	-2.80635e-227
  3.20e-02	  5.73e-03	-1.85895e-194
  3.20e-02	  6.25e-03	-1.22907e-161
  3.20e-02	  6.77e-03	-8.10919e-129
  3.20e-02	  7.29e-03	-5.33786e-96
  3.20e-02	  7.81e-03	-3.50442e-63
  3.20e-02	  8.33e-03	-2.29384e-30
  3.20e-02	  8.85e-03	-5.36696e+02
  3.20e-02	  9.37e-03	-5.24829e+01
  3.20e-02	  9.90e-03	4.97893e+01
  3.20e-02	  1.04e-02	7.10695e+01
  3.20e-02	  1.09e-02	6.74531e+01
  3.20e-02	  1.15e-02	3.30833e+01
  3.20e-02	  1.20e-02	1.21557e+01
  3.20e-02	  1.25e-02	6.70920e+00
  3.20e-02	  1.30e-02	4.40551e+00
  3.20e-02	  1.35e-02	2.90815e+00
  3.20e-02	  1.41e-02	1.89482e+00
  3.20e-02	  1.46e-02	1.25473e+00
  3.20e-02	  1.51e-02	8.76400e-01
  3.20e-02	  1.56e-02	6.60925e-01
  3.20e-02	  1.61e-02	5.37447e-01
  3.20e-02	  1.67e-02	4.62140e-01
  3.20e-02	  1.72e-02	4.10631e-01
  3.20e-02	  1.77e-02	3.70474e-01
  3.20e-02	  1.82e-02	3.35749e-01
  3.20e-02	  1.88e-02	3.03789e-01
  3.20e-02	  1.93e-02	2.73419e-01
  3.20e-02	  1.98e-02	2.44108e-01
  3.20e-02	  2.03e-02	2.15588e-01
  3.20e-02	  2.08e-02	1.87699e-01
  3.20e-02	  2.14e-02	1.60326e-01
  3.20e-02	  2.19e-02	1.33383e-01
  3.20e-02	  2.24e-02	1.06796e-01
  3.20e-02	  2.29e-02	8.05046e-02
  3.20e-02	  2.34e-02	5.44553e-02
  3.20e-02	  2.40e-02	2.86015e-02
  3.20e-02	  2.45e-02	2.90123e-03
  3.20e-02	  2.50e-02	-2.26835e-02
  3.20e-02	  2.55e-02	-4.81881e-02
  3.20e-02	  2.60e-02	-7.36463e-02
  3.20e-02	  2.66e-02	-9.90913e-02
  3.20e-02	  2.71e-02	-1.24557e-01
  3.20e-02	  2.76e-02	-1.50080e-01
  3.20e-02	  2.81e-02	-1.75702e-01
  3.20e-02	  2.86e-02	-2.01480e-01
  3.20e-02	  2.92e-02	-2.27503e-01
  3.20e-02	  2.97e-02	-2.53950e-01
  3.20e-02	  3.02e-02	-2.81228e-01
  3.20e-02	  3.07e-02	-3.10325e-01
  3.20e-02	  3.13e-02	-3.43602e-01
  3.20e-02	  3.18e-02	-3.86437e-01
  3.20e-02	  3.23e-02	-4.50321e-01
  3.20e-02	  3.28e-02	-5.58038e-01
  3.20e-02	  3.33e-02	-7.51097e-01
  3.20e-02	  3.39e-02	-1.09785e+00
  3.20e-02	  3.44e-02	-1.69661e+00
  3.20e-02	  3.49e-02	-2.66360e+00
  3.20e-02	  3.54e-02	-4.11710e+00
  3.20e-02	  3.59e-02	-6.36259e+00
  3.20e-02	  3.65e-02	-1.16393e+01
  3.20e-02	  3.70e-02	-3.21525e+01
  3.20e-02	  3.75e-02	-6.67612e+01
  3.20e-02	  3.80e-02	-7.14717e+01
  3.20e-02	  3.85e-02	-5.08845e+01
  3.20e-02	  3.91e-02	5.14182e+01
  3.20e-02	  3.96e-02	5.34545e+02
  3.20e-02	  4.01e-02	2.16962e-30
  3.20e-02	  4.06e-02	3.49153e-63
  3.20e-02	  4.11e-02	5.31661e-96
  3.20e-02	  4.17e-02	8.07444e-129
  3.20e-02	  4.22e-02	1.22343e-161
  3.20e-02	  4.27e-02	1.84986e-194
  3.20e-02	  4.32e-02	2.79178e-227
  3.20e-02	  4.37e-02	4.20637e-260
  3.20e-02	  4.43e-02	6.32892e-293
  3.20e-02	  4.48e-02	0.00000e+00
  3.20e-02	  4.53e-02	0.00000e+00
  3.20e-02	  4.58e-02	0.00000e+00
  3.20e-02	  4.64e-02	0.00000e+00
  3.20e-02	  4.69e-02	0.00000e+00
  3.20e-02	  4.74e-02	0.00000e+00
  3.20e-02	  4.79e-02	0.00000e+00
  3.20e-02	  4.84e-02	0.00000e+00
  3.20e-02	  4.90e-02	0.00000e+00
  3.20e-02	  4.95e-02	0.00000e+00

  3.28e-02	  0.00e+00	0.00000e+00
  3.28e-02	  5.21e-04	0.00000e+00
  3.28e-02	  1.04e-03	0.00000e+00
  3.28e-02	  1.56e-03	0.00000e+00
  3.28e-02	  2.08e-03	0.00000e+00
  3.28e-02	  2.60e-03	0.00000e+00
  3.28e-02	  3.12e-03	0.00000e+00
  3.28e-02	  3.65e-03	0.00000e+00
  3.28e-02	  4.17e-03	-6.17122e-293
  3.28e-02	  4.69e-03	-4.10603e-260
  3.28e-02	  5.21e-03	-2.72888e-227
  3.28e-02	  5.73e-03	-1.81116e-194
  3.28e-02	  6.25e-03	-1.20022e-161
  3.28e-02	  6.77e-03	-7.94007e-129
  3.28e-02	  7.29e-03	-5.24278e-96
  3.28e-02	  7.81e-03	-3.45429e-63
  3.28e-02	  8.33e-03	-2.27017e-30
  3.28e-02	  8.85e-03	-5.34383e+02
  3.28e-02	  9.37e-03	-5.91935e+01
  3.28e-02	  9.90e-03	4.72267e+01
  3.28e-02	  1.04e-02	7.14713e+01
  3.28e-02	  1.09e-02	6.95764e+01
  3.28e-02	  1.15e-02	3.62970e+01
  3.28e-02	  1.20e-02	1.38208e+01
  3.28e-02	  1.25e-02	7.42448e+00
  3.28e-02	  1.30e-02	4.80063e+00
  3.28e-02	  1.35e-02	3.13653e+00
  3.28e-02	  1.41e-02	2.00610e+00
  3.28e-02	  1.46e-02	1.28997e+00
  3.28e-02	  1.51e-02	8.70223e-01
  3.28e-02	  1.56e-02	6.36502e-01
  3.28e-02	  1.61e-02	5.07590e-01
  3.28e-02	  1.67e-02	4.32849e-01
  3.28e-02	  1.72e-02	3.84197e-01
  3.28e-02	  1.77e-02	3.47440e-01
  3.28e-02	  1.82e-02	3.15964e-01
  3.28e-02	  1.88e-02	2.86894e-01
  3.28e-02	  1.93e-02	2.59046e-01
  3.28e-02	  1.98e-02	2.31943e-01
  3.28e-02	  2.03e-02	2.05382e-01
  3.28e-02	  2.08e-02	1.79262e-01
  3.28e-02	  2.14e-02	1.53519e-01
  3.28e-02	  2.19e-02	1.28104e-01
  3.28e-02	  2.24e-02	1.02978e-01
  3.28e-02	  2.29e-02	7.81071e-02
  3.28e-02	  2.34e-02	5.34621e-02
  3.28e-02	  2.40e-02	2.90186e-02
  3.28e-02	  2.45e-02	4.75640e-03
  3.28e-02	  2.50e-02	-1.93409e-02
  3.28e-02	  2.55e-02	-4.32854e-02
  3.28e-02	  2.60e-02	-6.70850e-02
  3.28e-02	  2.66e-02	-9.07432e-02
  3.28e-02	  2.71e-02	-1.14258e-01
  3.28e-02	  2.76e-02	-1.37625e-01
  3.28e-02	  2.81e-02	-1.60831e-01
  3.28e-02	  2.86e-02	-1.83868e-01
  3.28e-02	  2.92e-02	-2.06744e-01
  3.28e-02	  2.97e-02	-2.29546e-01
  3.28e-02	  3.02e-02	-2.52593e-01
  3.28e-02	  3.07e-02	-2.76836e-01
  3.28e-02	  3.13e-02	-3.04779e-01
  3.28e-02	  3.18e-02	-3.42403e-01
  3.28e-02	  3.23e-02	-4.02813e-01
  3.28e-02	  3.28e-02	-5.12348e-01
  3.28e-02	  3.33e-02	-7.19268e-01
  3.28e-02	  3.39e-02	-1.10270e+00
  3.28e-02	  3.44e-02	-1.77401e+00
  3.28e-02	  3.49e-02	-2.85852e+00
  3.28e-02	  3.54e-02	-4.48275e+00
  3.28e-02	  3.59e-02	-7.04832e+00
  3.28e-02	  3.65e-02	-1.32768e+01
  3.28e-02	  3.70e-02	-3.54488e+01
  3.28e-02	  3.75e-02	-6.91061e+01
  3.28e-02	  3.80e-02	-7.20423e+01
  3.28e-02	  3.85e-02	-4.83080e+01
  3.28e-02	  3.91e-02	5.82907e+01
  3.28e-02	  3.96e-02	5.32222e+02
  3.28e-02	  4.01e-02	2.17115e-30
  3.28e-02	  4.06e-02	3.44044e-63
  3.28e-02	  4.11e-02	5.22015e-96
  3.28e-02	  4.17e-02	7.90337e-129
  3.28e-02	  4.22e-02	1.19431e-161
  3.28e-02	  4.27e-02	1.80170e-194
  3.28e-02	  4.32e-02	2.71383e-227
  3.28e-02	  4.37e-02	4.08221e-260
  3.28e-02	  4.43e-02	6.13368e-293
  3.28e-02	  4.48e-02	0.00000e+00
  3.28e-02	  4.53e-02	0.00000e+00
  3.28e-02	  4.58e-02	0.00000e+00
  3.28e-02	  4.64e-02	0.00000e+00
  3.28e-02	  4.69e-02	0.00000e+00
  3.28e-02	  4.74e-02	0.00000e+00
  3.28e-02	  4.79e-02	0.00000e+00
  3.28e-02	  4.84e-02	0.00000e+00
  3.28e-02	  4.90e-02	0.00000e+00
  3.28e-02	  4.95e-02	0.00000e+00

  3.36e-02	  0.00e+00	0.00000e+00
  3.36e-02	  5.21e-04	0.00000e+00
  3.36e-02	  1.04e-03	0.00000e+00
  3.36e-02	  1.56e-03	0.00000e+00
  3.36e-02	  2.08e-03	0.00000e+00
  3.36e-02	  2.60e-03	0.00000e+00
  3.36e-02	  3.12e-03	0.00000e+00
  3.36e-02	  3.65e-03	0.00000e+00
  3.36e-02	  4.17e-03	-5.97519e-293
  3.36e-02	  4.69e-03	-3.97997e-260
  3.36e-02	  5.21e-03	-2.64863e-227
  3.36e-02	  5.73e-03	-1.76070e-194
  3.36e-02	  6.25e-03	-1.16899e-161
  3.36e-02	  6.77e-03	-7.75084e-129
  3.36e-02	  7.29e-03	-5.13133e-96
  3.36e-02	  7.81e-03	-3.39123e-63
  3.36e-02	  8.33e-03	-2.23662e-30
  3.36e-02	  8.85e-03	-5.30053e+02
  3.36e-02	  9.37e-03	-6.59284e+01
  3.36e-02	  9.90e-03	4.38086e+01
  3.36e-02	  1.04e-02	7.08375e+01
  3.36e-02	  1.09e-02	7.07463e+01
  3.36e-02	  1.15e-02	3.94330e+01
  3.36e-02	  1.20e-02	1.56824e+01
  3.36e-02	  1.25e-02	8.19987e+00
  3.36e-02	  1.30e-02	5.20541e+00
  3.36e-02	  1.35e-02	3.36800e+00
  3.36e-02	  1.41e-02	2.11802e+00
  3.36e-02	  1.46e-02	1.32214e+00
  3.36e-02	  1.51e-02	8.58314e-01
  3.36e-02	  1.56e-02	6.05395e-01
  3.36e-02	  1.61e-02	4.71205e-01
  3.36e-02	  1.67e-02	3.97628e-01
  3.36e-02	  1.72e-02	3.52494e-01
  3.36e-02	  1.77e-02	3.19730e-01
  3.36e-02	  1.82e-02	2.92005e-01
  3.36e-02	  1.88e-02	2.66254e-01
  3.36e-02	  1.93e-02	2.41309e-01
  3.36e-02	  1.98e-02	2.16764e-01
  3.36e-02	  2.03e-02	1.92492e-01
  3.36e-02	  2.08e-02	1.68457e-01
  3.36e-02	  2.14e-02	1.44649e-01
  3.36e-02	  2.19e-02	1.21059e-01
  3.36e-02	  2.24e-02	9.76832e-02
  3.36e-02	  2.29e-02	7.45151e-02
  3.36e-02	  2.34e-02	5.15505e-02
  3.36e-02	  2.40e-02	2.87874e-02
  3.36e-02	  2.45e-02	6.22694e-03
  3.36e-02	  2.50e-02	-1.61255e-02
  3.36e-02	  2.55e-02	-3.82593e-02
  3.36e-02	  2.60e-02	-6.01570e-02
  3.36e-02	  2.66e-02	-8.17930e-02
  3.36e-02	  2.71e-02	-1.03131e-01
  3.36e-02	  2.76e-02	-1.24124e-01
  3.36e-02	  2.81e-02	-1.44707e-01
  3.36e-02	  2.86e-02	-1.64805e-01
  3.36e-02	  2.92e-02	-1.84345e-01
  3.36e-02	  2.97e-02	-2.03312e-01
  3.36e-02	  3.02e-02	-2.21925e-01
  3.36e-02	  3.07e-02	-2.41081e-01
  3.36e-02	  3.13e-02	-2.63411e-01
  3.36e-02	  3.18e-02	-2.95522e-01
  3.36e-02	  3.23e-02	-3.52273e-01
  3.36e-02	  3.28e-02	-4.63966e-01
  3.36e-02	  3.33e-02	-6.86403e-01
  3.36e-02	  3.39e-02	-1.11041e+00
  3.36e-02	  3.44e-02	-1.86015e+00
  3.36e-02	  3.49e-02	-3.06737e+00
  3.36e-02	  3.54e-02	-4.87022e+00
  3.36e-02	  3.59e-02	-7.80690e+00
  3.36e-02	  3.65e-02	-1.51366e+01
  3.36e-02	  3.70e-02	-3.87122e+01
  3.36e-02	  3.75e-02	-7.05019e+01
  3.36e-02	  3.80e-02	-7.15232e+01
  3.36e-02	  3.85e-02	-4.48064e+01
  3.36e-02	  3.91e-02	6.52236e+01
  3.36e-02	  3.96e-02	5.27892e+02
  3.36e-02	  4.01e-02	2.16084e-30
  3.36e-02	  4.06e-02	3.37648e-63
  3.36e-02	  4.11e-02	5.10743e-96
  3.36e-02	  4.17e-02	7.71240e-129
  3.36e-02	  4.22e-02	1.16285e-161
  3.36e-02	  4.27e-02	1.75093e-194
  3.36e-02	  4.32e-02	2.63319e-227
  3.36e-02	  4.37e-02	3.95567e-260
  3.36e-02	  4.43e-02	5.93709e-293
  3.36e-02	  4.48e-02	0.00000e+00
  3.36e-02	  4.53e-02	0.00000e+00
  3.36e-02	  4.58e-02	0.00000e+00
  3.36e-02	  4.64e-02	0.00000e+00
  3.36e-02	  4.69e-02	0.00000e+00
  3.36e-02	  4.74e-02	0.00000e+00
  3.36e-02	  4.79e-02	0.00000e+00
  3.36e-02	  4.84e-02	0.00000e+00
  3.36e-02	  4.90e-02	0.00000e+00
  3.36e-02	  4.95e-02	0.00000e+00

  3.44e-02	  0.00e+00	0.00000e+00
  3.44e-02	  5.21e-04	0.00000e+00
  3.44e-02	  1.04e-03	0.00000e+00
  3.44e-02	  1.56e-03	0.00000e+00
  3.44e-02	  2.08e-03	0.00000e+00
  3.44e-02	  2.60e-03	0.00000e+00
  3.44e-02	  3.12e-03	0.00000e+00
  3.44e-02	  3.65e-03	0.00000e+00
  3.44e-02	  4.17e-03	-5.77974e-293
  3.44e-02	  4.69e-03	-3.85305e-260
  3.44e-02	  5.21e-03	-2.56685e-227
  3.44e-02	  5.73e-03	-1.70852e-194
  3.44e-02	  6.25e-03	-1.13609e-161
  3.44e-02	  6.77e-03	-7.54659e-129
  3.44e-02	  7.29e-03	-5.00708e-96
  3.44e-02	  7.81e-03	-3.31770e-63
  3.44e-02	  8.33e-03	-2.19475e-30
  3.44e-02	  8.85e-03	-5.23950e+02
  3.44e-02	  9.37e-03	-7.24702e+01
  3.44e-02	  9.90e-03	3.97395e+01
  3.44e-02	  1.04e-02	6.92930e+01
  3.44e-02	  1.09e-02	7.08997e+01
  3.44e-02	  1.15e-02	4.22640e+01
  3.44e-02	  1.20e-02	1.77101e+01
  3.44e-02	  1.25e-02	9.03763e+00
  3.44e-02	  1.30e-02	5.61334e+00
  3.44e-02	  1.35e-02	3.59510e+00
  3.44e-02	  1.41e-02	2.22652e+00
  3.44e-02	  1.46e-02	1.34970e+00
  3.44e-02	  1.51e-02	8.40241e-01
  3.44e-02	  1.56e-02	5.67606e-01
  3.44e-02	  1.61e-02	4.28482e-01
  3.44e-02	  1.67e-02	3.56755e-01
  3.44e-02	  1.72e-02	3.15846e-01
  3.44e-02	  1.77e-02	2.87681e-01
  3.44e-02	  1.82e-02	2.64201e-01
  3.44e-02	  1.88e-02	2.42183e-01
  3.44e-02	  1.93e-02	2.20498e-01
  3.44e-02	  1.98e-02	1.98833e-01
  3.44e-02	  2.03e-02	1.77149e-01
  3.44e-02	  2.08e-02	1.55484e-01
  3.44e-02	  2.14e-02	1.33882e-01
  3.44e-02	  2.19e-02	1.12380e-01
  3.44e-02	  2.24e-02	9.10063e-02
  3.44e-02	  2.29e-02	6.97854e-02
  3.44e-02	  2.34e-02	4.87374e-02
  3.44e-02	  2.40e-02	2.78829e-02
  3.44e-02	  2.45e-02	7.24438e-03
  3.44e-02	  2.50e-02	-1.31513e-02
  3.44e-02	  2.55e-02	-3.32712e-02
  3.44e-02	  2.60e-02	-5.30735e-02
  3.44e-02	  2.66e-02	-7.25046e-02
  3.44e-02	  2.71e-02	-9.14956e-02
  3.44e-02	  2.76e-02	-1.09957e-01
  3.44e-02	  2.81e-02	-1.27776e-01
  3.44e-02	  2.86e-02	-1.44810e-01
  3.44e-02	  2.92e-02	-1.60902e-01
  3.44e-02	  2.97e-02	-1.75934e-01
  3.44e-02	  3.02e-02	-1.90009e-01
  3.44e-02	  3.07e-02	-2.03949e-01
  3.44e-02	  3.13e-02	-2.20493e-01
  3.44e-02	  3.18e-02	-2.46889e-01
  3.44e-02	  3.23e-02	-2.99887e-01
  3.44e-02	  3.28e-02	-4.14131e-01
  3.44e-02	  3.33e-02	-6.53634e-01
  3.44e-02	  3.39e-02	-1.12138e+00
  3.44e-02	  3.44e-02	-1.95308e+00
  3.44e-02	  3.49e-02	-3.28418e+00
  3.44e-02	  3.54e-02	-5.27353e+00
  3.44e-02	  3.59e-02	-8.64243e+00
  3.44e-02	  3.65e-02	-1.71924e+01
  3.44e-02	  3.70e-02	-4.17060e+01
  3.44e-02	  3.75e-02	-7.08564e+01
  3.44e-02	  3.80e-02	-7.00257e+01
  3.44e-02	  3.85e-02	-4.05947e+01
  3.44e-02	  3.91e-02	7.19814e+01
  3.44e-02	  3.96e-02	5.21793e+02
  3.44e-02	  4.01e-02	2.13933e-30
  3.44e-02	  4.06e-02	3.30212e-63
  3.44e-02	  4.11e-02	4.98205e-96
  3.44e-02	  4.17e-02	7.50663e-129
  3.44e-02	  4.22e-02	1.12975e-161
  3.44e-02	  4.27e-02	1.69850e-194
  3.44e-02	  4.32e-02	2.55110e-227
  3.44e-02	  4.37e-02	3.82840e-260
  3.44e-02	  4.43e-02	5.74128e-293
  3.44e-02	  4.48e-02	0.00000e+00
  3.44e-02	  4.53e-02	0.00000e+00
  3.44e-02	  4.58e-02	0.00000e+00
  3.44e-02	  4.64e-02	0.00000e+00
  3.44e-02	  4.69e-02	0.00000e+00
  3.44e-02	  4.74e-02	0.00000e+00
  3.44e-02	  4.79e-02	0.00000e+00
  3.44e-02	  4.84e-02	0.00000e+00
  3.44e-02	  4.90e-02	0.00000e+00
  3.44e-02	  4.95e-02	0.00000e+00

  3.52e-02	  0.00e+00	0.00000e+00
  3.52e-02	  5.21e-04	0.00000e+00
  3.52e-02	  1.04e-03	0.00000e+00
  3.52e-02	  1.56e-03	0.00000e+00
  3.52e-02	  2.08e-03	0.00000e+00
  3.52e-02	  2.60e-03	0.00000e+00
  3.52e-02	  3.12e-03	0.00000e+00
  3.52e-02	  3.65e-03	0.00000e+00
  3.52e-02	  4.17e-03	-5.58665e-293
  3.52e-02	  4.69e-03	-3.72664e-260
  3.52e-02	  5.21e-03	-2.48462e-227
  3.52e-02	  5.73e-03	-1.65542e-194
  3.52e-02	  6.25e-03	-1.10213e-161
  3.52e-02	  6.77e-03	-7.33189e-129
  3.52e-02	  7.29e-03	-4.87337e-96
  3.52e-02	  7.81e-03	-3.23605e-63
  3.52e-02	  8.33e-03	-2.14619e-30
  3.52e-02	  8.85e-03	-5.16341e+02
  3.52e-02	  9.37e-03	-7.86551e+01
  3.52e-02	  9.90e-03	3.52305e+01
  3.52e-02	  1.04e-02	6.70109e+01
  3.52e-02	  1.09e-02	7.00499e+01
  3.52e-02	  1.15e-02	4.45696e+01
  3.52e-02	  1.20e-02	1.98501e+01
  3.52e-02	  1.25e-02	9.94105e+00
  3.52e-02	  1.30e-02	6.02169e+00
  3.52e-02	  1.35e-02	3.81134e+00
  3.52e-02	  1.41e-02	2.32750e+00
  3.52e-02	  1.46e-02	1.37128e+00
  3.52e-02	  1.51e-02	8.16023e-01
  3.52e-02	  1.56e-02	5.23652e-01
  3.52e-02	  1.61e-02	3.80074e-01
  3.52e-02	  1.67e-02	3.10900e-01
  3.52e-02	  1.72e-02	2.74892e-01
  3.52e-02	  1.77e-02	2.51883e-01
  3.52e-02	  1.82e-02	2.33093e-01
  3.52e-02	  1.88e-02	2.15165e-01
  3.52e-02	  1.93e-02	1.97044e-01
  3.52e-02	  1.98e-02	1.78530e-01
  3.52e-02	  2.03e-02	1.59686e-01
  3.52e-02	  2.08e-02	1.40627e-01
  3.52e-02	  2.14e-02	1.21456e-01
  3.52e-02	  2.19e-02	1.02256e-01
  3.52e-02	  2.24e-02	8.30910e-02
  3.52e-02	  2.29e-02	6.40140e-02
  3.52e-02	  2.34e-02	4.50707e-02
  3.52e-02	  2.40e-02	2.63039e-02
  3.52e-02	  2.45e-02	7.75739e-03
  3.52e-02	  2.50e-02	-1.05213e-02
  3.52e-02	  2.55e-02	-2.84776e-02
  3.52e-02	  2.60e-02	-4.60465e-02
  3.52e-02	  2.66e-02	-6.31481e-02
  3.52e-02	  2.71e-02	-7.96825e-02
  3.52e-02	  2.76e-02	-9.55227e-02
  3.52e-02	  2.81e-02	-1.10507e-01
  3.52e-02	  2.86e-02	-1.24430e-01
  3.52e-02	  2.92e-02	-1.37052e-01
  3.52e-02	  2.97e-02	-1.48146e-01
  3.52e-02	  3.02e-02	-1.57687e-01
  3.52e-02	  3.07e-02	-1.66402e-01
  3.52e-02	  3.13e-02	-1.77116e-01
  3.52e-02	  3.18e-02	-1.97731e-01
  3.52e-02	  3.23e-02	-2.47004e-01
  3.52e-02	  3.28e-02	-3.64233e-01
  3.52e-02	  3.33e-02	-6.22070e-01
  3.52e-02	  3.39e-02	-1.13549e+00
  3.52e-02	  3.44e-02	-2.04969e+00
  3.52e-02	  3.49e-02	-3.50243e+00
  3.52e-02	  3.54e-02	-5.68948e+00
  3.52e-02	  3.59e-02	-9.55988e+00
  3.52e-02	  3.65e-02	-1.93907e+01
  3.52e-02	  3.70e-02	-4.41937e+01
  3.52e-02	  3.75e-02	-7.01584e+01
  3.52e-02	  3.80e-02	-6.77203e+01
  3.52e-02	  3.85e-02	-3.58997e+01
  3.52e-02	  3.91e-02	7.83844e+01
  3.52e-02	  3.96e-02	5.14188e+02
  3.52e-02	  4.01e-02	2.10764e-30
  3.52e-02	  4.06e-02	3.21974e-63
  3.52e-02	  4.11e-02	4.84736e-96
  3.52e-02	  4.17e-02	7.29066e-129
  3.52e-02	  4.22e-02	1.09563e-161
  3.52e-02	  4.27e-02	1.64522e-194
  3.52e-02	  4.32e-02	2.46865e-227
  3.52e-02	  4.37e-02	3.70177e-260
  3.52e-02	  4.43e-02	5.54804e-293
  3.52e-02	  4.48e-02	0.00000e+00
  3.52e-02	  4.53e-02	0.00000e+00
  3.52e-02	  4.58e-02	0.00000e+00
  3.52e-02	  4.64e-02	0.00000e+00
  3.52e-02	  4.69e-02	0.00000e+00
  3.52e-02	  4.74e-02	0.00000e+00
  3.52e-02	  4.79e-02	0.00000e+00
  3.52e-02	  4.84e-02	0.00000e+00
  3.52e-02	  4.90e-02	0.00000e+00
  3.52e-02	  4.95e-02	0.00000e+00

  3.59e-02	  0.00e+00	0.00000e+00
  3.59e-02	  5.21e-04	0.00000e+00
  3.59e-02	  1.04e-03	0.00000e+00
  3.59e-02	  1.56e-03	0.00000e+00
  3.59e-02	  2.08e-03	0.00000e+00
  3.59e-02	  2.60e-03	0.00000e+00
  3.59e-02	  3.12e-03	0.00000e+00
  3.59e-02	  3.65e-03	0.00000e+00
  3.59e-02	  4.17e-03	-5.39738e-293
  3.59e-02	  4.69e-03	-3.60189e-260
  3.59e-02	  5.21e-03	-2.40282e-227
  3.59e-02	  5.73e-03	-1.60211e-194
  3.59e-02	  6.25e-03	-1.06764e-161
  3.59e-02	  6.77e-03	-7.11076e-129
  3.59e-02	  7.29e-03	-4.73319e-96
  3.59e-02	  7.81e-03	-3.14847e-63
  3.59e-02	  8.33e-03	-2.09250e-30
  3.59e-02	  8.85e-03	-5.07500e+02
  3.59e-02	  9.37e-03	-8.43745e+01
  3.59e-02	  9.90e-03	3.04757e+01
  3.59e-02	  1.04e-02	6.41849e+01
  3.59e-02	  1.09e-02	6.82839e+01
  3.59e-02	  1.15e-02	4.61674e+01
  3.59e-02	  1.20e-02	2.20254e+01
  3.59e-02	  1.25e-02	1.09111e+01
  3.59e-02	  1.30e-02	6.43199e+00
  3.59e-02	  1.35e-02	4.01254e+00
  3.59e-02	  1.41e-02	2.41740e+00
  3.59e-02	  1.46e-02	1.38580e+00
  3.59e-02	  1.51e-02	7.86104e-01
  3.59e-02	  1.56e-02	4.74543e-01
  3.59e-02	  1.61e-02	3.27087e-01
  3.59e-02	  1.67e-02	2.61099e-01
  3.59e-02	  1.72e-02	2.30561e-01
  3.59e-02	  1.77e-02	2.13162e-01
  3.59e-02	  1.82e-02	1.99405e-01
  3.59e-02	  1.88e-02	1.85837e-01
  3.59e-02	  1.93e-02	1.71504e-01
  3.59e-02	  1.98e-02	1.56340e-01
  3.59e-02	  2.03e-02	1.40520e-01
  3.59e-02	  2.08e-02	1.24241e-01
  3.59e-02	  2.14e-02	1.07668e-01
  3.59e-02	  2.19e-02	9.09287e-02
  3.59e-02	  2.24e-02	7.41230e-02
  3.59e-02	  2.29e-02	5.73326e-02
  3.59e-02	  2.34e-02	4.06279e-02
  3.59e-02	  2.40e-02	2.40739e-02
  3.59e-02	  2.45e-02	7.73468e-03
  3.59e-02	  2.50e-02	-8.32224e-03
  3.59e-02	  2.55e-02	-2.40221e-02
  3.59e-02	  2.60e-02	-3.92781e-02
  3.59e-02	  2.66e-02	-5.39865e-02
  3.59e-02	  2.71e-02	-6.80192e-02
  3.59e-02	  2.76e-02	-8.12150e-02
  3.59e-02	  2.81e-02	-9.33678e-02
  3.59e-02	  2.86e-02	-1.04214e-01
  3.59e-02	  2.92e-02	-1.13433e-01
  3.59e-02	  2.97e-02	-1.20685e-01
  3.59e-02	  3.02e-02	-1.25810e-01
  3.59e-02	  3.07e-02	-1.29419e-01
  3.59e-02	  3.13e-02	-1.34403e-01
  3.59e-02	  3.18e-02	-1.49324e-01
  3.59e-02	  3.23e-02	-1.95033e-01
  3.59e-02	  3.28e-02	-3.15669e-01
  3.59e-02	  3.33e-02	-5.92608e-01
  3.59e-02	  3.39e-02	-1.15198e+00
  3.59e-02	  3.44e-02	-2.14606e+00
  3.59e-02	  3.49e-02	-3.71658e+00
  3.59e-02	  3.54e-02	-6.11854e+00
  3.59e-02	  3.59e-02	-1.05613e+01
  3.59e-02	  3.65e-02	-2.16507e+01
  3.59e-02	  3.70e-02	-4.59745e+01
  3.59e-02	  3.75e-02	-6.84801e+01
  3.59e-02	  3.80e-02	-6.48077e+01
  3.59e-02	  3.85e-02	-3.09331e+01
  3.59e-02	  3.91e-02	8.43115e+01
  3.59e-02	  3.96e-02	5.05351e+02
  3.59e-02	  4.01e-02	2.06706e-30
  3.59e-02	  4.06e-02	3.13155e-63
  3.59e-02	  4.11e-02	4.70639e-96
  3.59e-02	  4.17e-02	7.06853e-129
  3.59e-02	  4.22e-02	1.06102e-161
  3.59e-02	  4.27e-02	1.59177e-194
  3.59e-02	  4.32e-02	2.38673e-227
  3.59e-02	  4.37e-02	3.57694e-260
  3.59e-02	  4.43e-02	5.35881e-293
  3.59e-02	  4.48e-02	0.00000e+00
  3.59e-02	  4.53e-02	0.00000e+00
  3.59e-02	  4.58e-02	0.00000e+00
  3.59e-02	  4.64e-02	0.00000e+00
  3.59e-02	  4.69e-02	0.00000e+00
  3.59e-02	  4.74e-02	0.00000e+00
  3.59e-02	  4.79e-02	0.00000e+00
  3.59e-02	  4.84e-02	0.00000e+00
  3.59e-02	  4.90e-02	0.00000e+00
  3.59e-02	  4.95e-02	0.00000e+00

  3.67e-02	  0.00e+00	0.00000e+00
  3.67e-02	  5.21e-04	0.00000e+00
  3.67e-02	  1.04e-03	0.00000e+00
  3.67e-02	  1.56e-03	0.00000e+00
  3.67e-02	  2.08e-03	0.00000e+00
  3.67e-02	  2.60e-03	0.00000e+00
  3.67e-02	  3.12e-03	0.00000e+00
  3.67e-02	  3.65e-03	0.00000e+00
  3.67e-02	  4.17e-03	-5.21311e-293
  3.67e-02	  4.69e-03	-3.47974e-260
  3.67e-02	  5.21e-03	-2.32219e-227
  3.67e-02	  5.73e-03	-1.54916e-194
  3.67e-02	  6.25e-03	-1.03307e-161
  3.67e-02	  6.77e-03	-6.88663e-129
  3.67e-02	  7.29e-03	-4.58917e-96
  3.67e-02	  7.81e-03	-3.05694e-63
  3.67e-02	  8.33e-03	-2.03513e-30
  3.67e-02	  8.85e-03	-4.97695e+02
  3.67e-02	  9.37e-03	-8.95690e+01
  3.67e-02	  9.90e-03	2.56372e+01
  3.67e-02	  1.04e-02	6.10037e+01
  3.67e-02	  1.09e-02	6.57464e+01
  3.67e-02	  1.15e-02	4.69372e+01
  3.67e-02	  1.20e-02	2.41439e+01
  3.67e-02	  1.25e-02	1.19423e+01
  3.67e-02	  1.30e-02	6.84874e+00
  3.67e-02	  1.35e-02	4.19769e+00
  3.67e-02	  1.41e-02	2.49380e+00
  3.67e-02	  1.46e-02	1.39254e+00
  3.67e-02	  1.51e-02	7.51277e-01
  3.67e-02	  1.56e-02	4.21673e-01
  3.67e-02	  1.61e-02	2.70986e-01
  3.67e-02	  1.67e-02	2.08689e-01
  3.67e-02	  1.72e-02	1.84021e-01
  3.67e-02	  1.77e-02	1.72524e-01
  3.67e-02	  1.82e-02	1.64008e-01
  3.67e-02	  1.88e-02	1.54951e-01
  3.67e-02	  1.93e-02	1.44530e-01
  3.67e-02	  1.98e-02	1.32827e-01
  3.67e-02	  2.03e-02	1.20135e-01
  3.67e-02	  2.08e-02	1.06739e-01
  3.67e-02	  2.14e-02	9.28622e-02
  3.67e-02	  2.19e-02	7.86785e-02
  3.67e-02	  2.24e-02	6.43220e-02
  3.67e-02	  2.29e-02	4.99020e-02
  3.67e-02	  2.34e-02	3.55125e-02
  3.67e-02	  2.40e-02	2.12396e-02
  3.67e-02	  2.45e-02	7.16656e-03
  3.67e-02	  2.50e-02	-6.62057e-03
  3.67e-02	  2.55e-02	-2.00284e-02
  3.67e-02	  2.60e-02	-3.29509e-02
  3.67e-02	  2.66e-02	-4.52628e-02
  3.67e-02	  2.71e-02	-5.68118e-02
  3.67e-02	  2.76e-02	-6.74066e-02
  3.67e-02	  2.81e-02	-7.68026e-02
  3.67e-02	  2.86e-02	-8.46831e-02
  3.67e-02	  2.92e-02	-9.06486e-02
  3.67e-02	  2.97e-02	-9.42509e-02
  3.67e-02	  3.02e-02	-9.51867e-02
  3.67e-02	  3.07e-02	-9.39345e-02
  3.67e-02	  3.13e-02	-9.34354e-02
  3.67e-02	  3.18e-02	-1.02908e-01
  3.67e-02	  3.23e-02	-1.45326e-01
  3.67e-02	  3.28e-02	-2.69692e-01
  3.67e-02	  3.33e-02	-5.65779e-01
  3.67e-02	  3.39e-02	-1.16948e+00
  3.67e-02	  3.44e-02	-2.23829e+00
  3.67e-02	  3.49e-02	-3.92354e+00
  3.67e-02	  3.54e-02	-6.56395e+00
  3.67e-02	  3.59e-02	-1.16408e+01
  3.67e-02	  3.65e-02	-2.38731e+01
  3.67e-02	  3.70e-02	-4.69107e+01
  3.67e-02	  3.75e-02	-6.59616e+01
  3.67e-02	  3.80e-02	-6.14892e+01
  3.67e-02	  3.85e-02	-2.58730e+01
  3.67e-02	  3.91e-02	8.96943e+01
  3.67e-02	  3.96e-02	4.95547e+02
  3.67e-02	  4.01e-02	2.01902e-30
  3.67e-02	  4.06e-02	3.03951e-63
  3.67e-02	  4.11e-02	4.56174e-96
  3.67e-02	  4.17e-02	6.84365e-129
  3.67e-02	  4.22e-02	1.02636e-161
  3.67e-02	  4.27e-02	1.53874e-194
  3.67e-02	  4.32e-02	2.30606e-227
  3.67e-02	  4.37e-02	3.45483e-260
  3.67e-02	  4.43e-02	5.17477e-293
  3.67e-02	  4.48e-02	0.00000e+00
  3.67e-02	  4.53e-02	0.00000e+00
  3.67e-02	  4.58e-02	0.00000e+00
  3.67e-02	  4.64e-02	0.00000e+00
  3.67e-02	  4.69e-02	0.00000e+00
  3.67e-02	  4.74e-02	0.00000e+00
  3.67e-02	  4.79e-02	0.00000e+00
  3.67e-02	  4.84e-02	0.00000e+00
  3.67e-02	  4.90e-02	0.00000e+00
  3.67e-02	  4.95e-02	0.00000e+00

  3.75e-02	  0.00e+00	0.00000e+00
  3.75e-02	  5.21e-04	0.00000e+00
  3.75e-02	  1.04e-03	0.00000e+00
  3.75e-02	  1.56e-03	0.00000e+00
  3.75e-02	  2.08e-03	0.00000e+00
  3.75e-02	  2.60e-03	0.00000e+00
  3.75e-02	  3.12e-03	0.00000e+00
  3.75e-02	  3.65e-03	0.00000e+00
  3.75e-02	  4.17e-03	-5.03481e-293
  3.75e-02	  4.69e-03	-3.36094e-260
  3.75e-02	  5.21e-03	-2.24333e-227
  3.75e-02	  5.73e-03	-1.49703e-194
  3.75e-02	  6.25e-03	-9.98777e-162
  3.75e-02	  6.77e-03	-6.66235e-129
  3.75e-02	  7.29e-03	-4.44351e-96
  3.75e-02	  7.81e-03	-2.96314e-63
  3.75e-02	  8.33e-03	-1.97536e-30
  3.75e-02	  8.85e-03	-4.87170e+02
  3.75e-02	  9.37e-03	-9.42188e+01
  3.75e-02	  9.90e-03	2.08383e+01
  3.75e-02	  1.04e-02	5.76320e+01
  3.75e-02	  1.09e-02	6.26169e+01
  3.75e-02	  1.15e-02	4.68304e+01
  3.75e-02	  1.20e-02	2.61119e+01
  3.75e-02	  1.25e-02	1.30193e+01
  3.75e-02	  1.30e-02	7.27726e+00
  3.75e-02	  1.35e-02	4.36920e+00
  3.75e-02	  1.41e-02	2.55602e+00
  3.75e-02	  1.46e-02	1.39133e+00
  3.75e-02	  1.51e-02	7.12577e-01
  3.75e-02	  1.56e-02	3.66669e-01
  3.75e-02	  1.61e-02	2.13457e-01
  3.75e-02	  1.67e-02	1.55191e-01
  3.75e-02	  1.72e-02	1.36580e-01
  3.75e-02	  1.77e-02	1.31085e-01
  3.75e-02	  1.82e-02	1.27856e-01
  3.75e-02	  1.88e-02	1.23330e-01
  3.75e-02	  1.93e-02	1.16830e-01
  3.75e-02	  1.98e-02	1.08599e-01
  3.75e-02	  2.03e-02	9.90543e-02
  3.75e-02	  2.08e-02	8.85635e-02
  3.75e-02	  2.14e-02	7.74111e-02
  3.75e-02	  2.19e-02	6.58115e-02
  3.75e-02	  2.24e-02	5.39312e-02
  3.75e-02	  2.29e-02	4.19052e-02
  3.75e-02	  2.34e-02	2.98495e-02
  3.75e-02	  2.40e-02	1.78692e-02
  3.75e-02	  2.45e-02	6.06534e-03
  3.75e-02	  2.50e-02	-5.45941e-03
  3.75e-02	  2.55e-02	-1.65953e-02
  3.75e-02	  2.60e-02	-2.72195e-02
  3.75e-02	  2.66e-02	-3.71888e-02
  3.75e-02	  2.71e-02	-4.63305e-02
  3.75e-02	  2.76e-02	-5.44289e-02
  3.75e-02	  2.81e-02	-6.12066e-02
  3.75e-02	  2.86e-02	-6.63002e-02
  3.75e-02	  2.92e-02	-6.92388e-02
  3.75e-02	  2.97e-02	-6.94664e-02
  3.75e-02	  3.02e-02	-6.65340e-02
  3.75e-02	  3.07e-02	-6.07791e-02
  3.75e-02	  3.13e-02	-5.51766e-02
  3.75e-02	  3.18e-02	-5.95845e-02
  3.75e-02	  3.23e-02	-9.90619e-02
  3.75e-02	  3.28e-02	-2.27279e-01
  3.75e-02	  3.33e-02	-5.41686e-01
  3.75e-02	  3.39e-02	-1.18629e+00
  3.75e-02	  3.44e-02	-2.32342e+00
  3.75e-02	  3.49e-02	-4.12322e+00
  3.75e-02	  3.54e-02	-7.02921e+00
  3.75e-02	  3.59e-02	-1.27807e+01
  3.75e-02	  3.65e-02	-2.59580e+01
  3.75e-02	  3.70e-02	-4.69418e+01
  3.75e-02	  3.75e-02	-6.27856e+01
  3.75e-02	  3.80e-02	-5.79446e+01
  3.75e-02	  3.85e-02	-2.08558e+01
  3.75e-02	  3.91e-02	9.45082e+01
  3.75e-02	  3.96e-02	4.85023e+02
  3.75e-02	  4.01e-02	1.96495e-30
  3.75e-02	  4.06e-02	2.94533e-63
  3.75e-02	  4.11e-02	4.41564e-96
  3.75e-02	  4.17e-02	6.61891e-129
  3.75e-02	  4.22e-02	9.92033e-162
  3.75e-02	  4.27e-02	1.48660e-194
  3.75e-02	  4.32e-02	2.22725e-227
  3.75e-02	  4.37e-02	3.33621e-260
  3.75e-02	  4.43e-02	4.99689e-293
  3.75e-02	  4.48e-02	0.00000e+00
  3.75e-02	  4.53e-02	0.00000e+00
  3.75e-02	  4.58e-02	0.00000e+00
  3.75e-02	  4.64e-02	0.00000e+00
  3.75e-02	  4.69e-02	0.00000e+00
  3.75e-02	  4.74e-02	0.00000e+00
  3.75e-02	  4.79e-02	0.00000e+00
  3.75e-02	  4.84e-02	0.00000e+00
  3.75e-02	  4.90e-02	0.00000e+00
  3.75e-02	  4.95e-02	0.00000e+00

  3.83e-02	  0.00e+00	0.00000e+00
  3.83e-02	  5.21e-04	0.00000e+00
  3.83e-02	  1.04e-03	0.00000e+00
  3.83e-02	  1.56e-03	0.00000e+00
  3.83e-02	  2.08e-03	0.00000e+00
  3.83e-02	  2.60e-03	0.00000e+00
  3.83e-02	  3.12e-03	0.00000e+00
  3.83e-02	  3.65e-03	0.00000e+00
  3.83e-02	  4.17e-03	-4.86324e-293
  3.83e-02	  4.69e-03	-3.24612e-260
  3.83e-02	  5.21e-03	-2.16674e-227
  3.83e-02	  5.73e-03	-1.44612e-194
  3.83e-02	  6.25e-03	-9.65071e-162
  3.83e-02	  6.77e-03	-6.44031e-129
  3.83e-02	  7.29e-03	-4.29806e-96
  3.83e-02	  7.81e-03	-2.86850e-63
  3.83e-02	  8.33e-03	-1.91428e-30
  3.83e-02	  8.85e-03	-4.76149e+02
  3.83e-02	  9.37e-03	-9.83328e+01
  3.83e-02	  9.90e-03	1.61648e+01
  3.83e-02	  1.04e-02	5.41992e+01
  3.83e-02	  1.09e-02	5.90855e+01
  3.83e-02	  1.15e-02	4.58699e+01
  3.83e-02	  1.20e-02	2.78426e+01
  3.83e-02	  1.25e-02	1.41196e+01
  3.83e-02	  1.30e-02	7.72187e+00
  3.83e-02	  1.35e-02	4.53209e+00
  3.83e-02	  1.41e-02	2.60531e+00
  3.83e-02	  1.46e-02	1.38260e+00
  3.83e-02	  1.51e-02	6.71152e-01
  3.83e-02	  1.56e-02	3.11194e-01
  3.83e-02	  1.61e-02	1.56228e-01
  3.83e-02	  1.67e-02	1.02168e-01
  3.83e-02	  1.72e-02	8.95807e-02
  3.83e-02	  1.77e-02	8.99841e-02
  3.83e-02	  1.82e-02	9.19193e-02
  3.83e-02	  1.88e-02	9.18048e-02
  3.83e-02	  1.93e-02	8.91219e-02
  3.83e-02	  1.98e-02	8.42768e-02
  3.83e-02	  2.03e-02	7.78091e-02
  3.83e-02	  2.08e-02	7.01696e-02
  3.83e-02	  2.14e-02	6.16970e-02
  3.83e-02	  2.19e-02	5.26438e-02
  3.83e-02	  2.24e-02	4.32049e-02
  3.83e-02	  2.29e-02	3.35382e-02
  3.83e-02	  2.34e-02	2.37787e-02
  3.83e-02	  2.40e-02	1.40486e-02
  3.83e-02	  2.45e-02	4.46436e-03
  3.83e-02	  2.50e-02	-4.85705e-03
  3.83e-02	  2.55e-02	-1.37921e-02
  3.83e-02	  2.60e-02	-2.22040e-02
  3.83e-02	  2.66e-02	-2.99356e-02
  3.83e-02	  2.71e-02	-3.67983e-02
  3.83e-02	  2.76e-02	-4.25573e-02
  3.83e-02	  2.81e-02	-4.69093e-02
  3.83e-02	  2.86e-02	-4.94514e-02
  3.83e-02	  2.92e-02	-4.96485e-02
  3.83e-02	  2.97e-02	-4.68422e-02
  3.83e-02	  3.02e-02	-4.04390e-02
  3.83e-02	  3.07e-02	-3.06314e-02
  3.83e-02	  3.13e-02	-2.04150e-02
  3.83e-02	  3.18e-02	-2.02498e-02
  3.83e-02	  3.23e-02	-5.71512e-02
  3.83e-02	  3.28e-02	-1.89051e-01
  3.83e-02	  3.33e-02	-5.20050e-01
  3.83e-02	  3.39e-02	-1.20083e+00
  3.83e-02	  3.44e-02	-2.40001e+00
  3.83e-02	  3.49e-02	-4.31780e+00
  3.83e-02	  3.54e-02	-7.51512e+00
  3.83e-02	  3.59e-02	-1.39504e+01
  3.83e-02	  3.65e-02	-2.78246e+01
  3.83e-02	  3.70e-02	-4.60877e+01
  3.83e-02	  3.75e-02	-5.91401e+01
  3.83e-02	  3.80e-02	-5.43181e+01
  3.83e-02	  3.85e-02	-1.59771e+01
  3.83e-02	  3.91e-02	9.87594e+01
  3.83e-02	  3.96e-02	4.74002e+02
  3.83e-02	  4.01e-02	1.90623e-30
  3.83e-02	  4.06e-02	2.85042e-63
  3.83e-02	  4.11e-02	4.26991e-96
  3.83e-02	  4.17e-02	6.39664e-129
  3.83e-02	  4.22e-02	9.58324e-162
  3.83e-02	  4.27e-02	1.43572e-194
  3.83e-02	  4.32e-02	2.15078e-227
  3.83e-02	  4.37e-02	3.22168e-260
  3.83e-02	  4.43e-02	4.82591e-293
  3.83e-02	  4.48e-02	0.00000e+00
  3.83e-02	  4.53e-02	0.00000e+00
  3.83e-02	  4.58e-02	0.00000e+00
  3.83e-02	  4.64e-02	0.00000e+00
  3.83e-02	  4.69e-02	0.00000e+00
  3.83e-02	  4.74e-02	0.00000e+00
  3.83e-02	  4.79e-02	0.00000e+00
  3.83e-02	  4.84e-02	0.00000e+00
  3.83e-02	  4.90e-02	0.00000e+00
  3.83e-02	  4.95e-02	0.00000e+00

  3.91e-02	  0.00e+00	0.00000e+00
  3.91e-02	  5.21e-04	0.00000e+00
  3.91e-02	  1.04e-03	0.00000e+00
  3.91e-02	  1.56e-03	0.00000e+00
  3.91e-02	  2.08e-03	0.00000e+00
  3.91e-02	  2.60e-03	0.00000e+00
  3.91e-02	  3.12e-03	0.00000e+00
  3.91e-02	  3.65e-03	0.00000e+00
  3.91e-02	  4.17e-03	-4.69900e-293
  3.91e-02	  4.69e-03	-3.13575e-260
  3.91e-02	  5.21e-03	-2.09279e-227
  3.91e-02	  5.73e-03	-1.39672e-194
  3.91e-02	  6.25e-03	-9.32195e-162
  3.91e-02	  6.77e-03	-6.22239e-129
  3.91e-02	  7.29e-03	-4.15432e-96
  3.91e-02	  7.81e-03	-2.77421e-63
  3.91e-02	  8.33e-03	-1.85282e-30
  3.91e-02	  8.85e-03	-4.64822e+02
  3.91e-02	  9.37e-03	-1.01939e+02
  3.91e-02	  9.90e-03	1.16687e+01
  3.91e-02	  1.04e-02	5.07954e+01
  3.91e-02	  1.09e-02	5.53332e+01
  3.91e-02	  1.15e-02	4.41403e+01
  3.91e-02	  1.20e-02	2.92617e+01
  3.91e-02	  1.25e-02	1.52167e+01
  3.91e-02	  1.30e-02	8.18187e+00
  3.91e-02	  1.35e-02	4.69140e+00
  3.91e-02	  1.41e-02	2.64407e+00
  3.91e-02	  1.46e-02	1.36727e+00
  3.91e-02	  1.51e-02	6.28115e-01
  3.91e-02	  1.56e-02	2.56767e-01
  3.91e-02	  1.61e-02	1.00906e-01
  3.91e-02	  1.67e-02	5.10914e-02
  3.91e-02	  1.72e-02	4.42915e-02
  3.91e-02	  1.77e-02	5.02996e-02
  3.91e-02	  1.82e-02	5.71185e-02
  3.91e-02	  1.88e-02	6.11673e-02
  3.91e-02	  1.93e-02	6.20890e-02
  3.91e-02	  1.98e-02	6.04512e-02
  3.91e-02	  2.03e-02	5.69109e-02
  3.91e-02	  2.08e-02	5.19954e-02
  3.91e-02	  2.14e-02	4.60921e-02
  3.91e-02	  2.19e-02	3.94863e-02
  3.91e-02	  2.24e-02	3.23968e-02
  3.91e-02	  2.29e-02	2.50005e-02
  3.91e-02	  2.34e-02	1.74486e-02
  3.91e-02	  2.40e-02	9.87746e-03
  3.91e-02	  2.45e-02	2.41609e-03
  3.91e-02	  2.50e-02	-4.80677e-03
  3.91e-02	  2.55e-02	-1.16566e-02
  3.91e-02	  2.60e-02	-1.79863e-02
  3.91e-02	  2.66e-02	-2.36280e-02
  3.91e-02	  2.71e-02	-2.83823e-02
  3.91e-02	  2.76e-02	-3.20008e-02
  3.91e-02	  2.81e-02	-3.41611e-02
  3.91e-02	  2.86e-02	-3.44285e-02
  3.91e-02	  2.92e-02	-3.22116e-02
  3.91e-02	  2.97e-02	-2.67574e-02
  3.91e-02	  3.02e-02	-1.73332e-02
  3.91e-02	  3.07e-02	-3.98783e-03
  3.91e-02	  3.13e-02	1.02755e-02
  3.91e-02	  3.18e-02	1.44581e-02
  3.91e-02	  3.23e-02	-2.01940e-02
  3.91e-02	  3.28e-02	-1.55281e-01
  3.91e-02	  3.33e-02	-5.00391e-01
  3.91e-02	  3.39e-02	-1.21198e+00
  3.91e-02	  3.44e-02	-2.46826e+00
  3.91e-02	  3.49e-02	-4.51008e+00
  3.91e-02	  3.54e-02	-8.01679e+00
  3.91e-02	  3.59e-02	-1.51069e+01
  3.91e-02	  3.65e-02	-2.94199e+01
  3.91e-02	  3.70e-02	-4.44427e+01
  3.91e-02	  3.75e-02	-5.51959e+01
  3.91e-02	  3.80e-02	-5.07081e+01
  3.91e-02	  3.85e-02	-1.12976e+01
  3.91e-02	  3.91e-02	1.02476e+02
  3.91e-02	  3.96e-02	4.62675e+02
  3.91e-02	  4.01e-02	1.84414e-30
  3.91e-02	  4.06e-02	2.75598e-63
  3.91e-02	  4.11e-02	4.12607e-96
  3.91e-02	  4.17e-02	6.17877e-129
  3.91e-02	  4.22e-02	9.25481e-162
  3.91e-02	  4.27e-02	1.38642e-194
  3.91e-02	  4.32e-02	2.07704e-227
  3.91e-02	  4.37e-02	3.11173e-260
  3.91e-02	  4.43e-02	4.66245e-293
  3.91e-02	  4.48e-02	0.00000e+00
  3.91e-02	  4.53e-02	0.00000e+00
  3.91e-02	  4.58e-02	0.00000e+00
  3.91e-02	  4.64e-02	0.00000e+00
  3.91e-02	  4.69e-02	0.00000e+00
  3.91e-02	  4.74e-02	0.00000e+00
  3.91e-02	  4.79e-02	0.00000e+00
  3.91e-02	  4.84e-02	0.00000e+00
  3.91e-02	  4.90e-02	0.00000e+00
  3.91e-02	  4.95e-02	0.00000e+00

  3.98e-02	  0.00e+00	0.00000e+00
  3.98e-02	  5.21e-04	0.00000e+00
  3.98e-02	  1.04e-03	0.00000e+00
  3.98e-02	  1.56e-03	0.00000e+00
  3.98e-02	  2.08e-03	0.00000e+00
  3.98e-02	  2.60e-03	0.00000e+00
  3.98e-02	  3.12e-03	0.00000e+00
  3.98e-02	  3.65e-03	0.00000e+00
  3.98e-02	  4.17e-03	-4.54256e-293
  3.98e-02	  4.69e-03	-3.03023e-260
  3.98e-02	  5.21e-03	-2.02179e-227
  3.98e-02	  5.73e-03	-1.34909e-194
  3.98e-02	  6.25e-03	-9.00343e-162
  3.98e-02	  6.77e-03	-6.01016e-129
  3.98e-02	  7.29e-03	-4.01350e-96
  3.98e-02	  7.81e-03	-2.68121e-63
  3.98e-02	  8.33e-03	-1.79173e-30
  3.98e-02	  8.85e-03	-4.53353e+02
  3.98e-02	  9.37e-03	-1.05079e+02
  3.98e-02	  9.90e-03	7.37454e+00
  3.98e-02	  1.04e-02	4.74722e+01
  3.98e-02	  1.09e-02	5.14840e+01
  3.98e-02	  1.15e-02	4.18100e+01
  3.98e-02	  1.20e-02	3.03727e+01
  3.98e-02	  1.25e-02	1.62510e+01
  3.98e-02	  1.30e-02	8.64270e+00
  3.98e-02	  1.35e-02	4.84905e+00
  3.98e-02	  1.41e-02	2.67505e+00
  3.98e-02	  1.46e-02	1.34664e+00
  3.98e-02	  1.51e-02	5.84551e-01
  3.98e-02	  1.56e-02	2.04687e-01
  3.98e-02	  1.61e-02	4.88616e-02
  3.98e-02	  1.67e-02	3.23178e-03
  3.98e-02	  1.72e-02	1.81916e-03
  3.98e-02	  1.77e-02	1.29779e-02
  3.98e-02	  1.82e-02	2.42654e-02
  3.98e-02	  1.88e-02	3.21207e-02
  3.98e-02	  1.93e-02	3.63446e-02
  3.98e-02	  1.98e-02	3.76576e-02
  3.98e-02	  2.03e-02	3.68256e-02
  3.98e-02	  2.08e-02	3.44440e-02
  3.98e-02	  2.14e-02	3.09418e-02
  3.98e-02	  2.19e-02	2.66309e-02
  3.98e-02	  2.24e-02	2.17489e-02
  3.98e-02	  2.29e-02	1.64875e-02
  3.98e-02	  2.34e-02	1.10105e-02
  3.98e-02	  2.40e-02	5.46488e-03
  3.98e-02	  2.45e-02	-1.03245e-05
  3.98e-02	  2.50e-02	-5.27766e-03
  3.98e-02	  2.55e-02	-1.01947e-02
  3.98e-02	  2.60e-02	-1.46071e-02
  3.98e-02	  2.66e-02	-1.83407e-02
  3.98e-02	  2.71e-02	-2.11891e-02
  3.98e-02	  2.76e-02	-2.28963e-02
  3.98e-02	  2.81e-02	-2.31270e-02
  3.98e-02	  2.86e-02	-2.14222e-02
  3.98e-02	  2.92e-02	-1.71430e-02
  3.98e-02	  2.97e-02	-9.45058e-03
  3.98e-02	  3.02e-02	2.51702e-03
  3.98e-02	  3.07e-02	1.88490e-02
  3.98e-02	  3.13e-02	3.65490e-02
  3.98e-02	  3.18e-02	4.41685e-02
  3.98e-02	  3.23e-02	1.15095e-02
  3.98e-02	  3.28e-02	-1.25985e-01
  3.98e-02	  3.33e-02	-4.82273e-01
  3.98e-02	  3.39e-02	-1.21946e+00
  3.98e-02	  3.44e-02	-2.52982e+00
  3.98e-02	  3.49e-02	-4.70251e+00
  3.98e-02	  3.54e-02	-8.52432e+00
  3.98e-02	  3.59e-02	-1.62008e+01
  3.98e-02	  3.65e-02	-3.06687e+01
  3.98e-02	  3.70e-02	-4.21964e+01
  3.98e-02	  3.75e-02	-5.11516e+01
  3.98e-02	  3.80e-02	-4.71517e+01
  3.98e-02	  3.85e-02	-6.84407e+00
  3.98e-02	  3.91e-02	1.05699e+02
  3.98e-02	  3.96e-02	4.51210e+02
  3.98e-02	  4.01e-02	1.78004e-30
  3.98e-02	  4.06e-02	2.66294e-63
  3.98e-02	  4.11e-02	3.98530e-96
  3.98e-02	  4.17e-02	5.96681e-129
  3.98e-02	  4.22e-02	8.93699e-162
  3.98e-02	  4.27e-02	1.33894e-194
  3.98e-02	  4.32e-02	2.00633e-227
  3.98e-02	  4.37e-02	3.00674e-260
  3.98e-02	  4.43e-02	4.50695e-293
  3.98e-02	  4.48e-02	0.00000e+00
  3.98e-02	  4.53e-02	0.00000e+00
  3.98e-02	  4.58e-02	0.00000e+00
  3.98e-02	  4.64e-02	0.00000e+00
  3.98e-02	  4.69e-02	0.00000e+00
  3.98e-02	  4.74e-02	0.00000e+00
  3.98e-02	  4.79e-02	0.00000e+00
  3.98e-02	  4.84e-02	0.00000e+00
  3.98e-02	  4.90e-02	0.00000e+00
  3.98e-02	  4.95e-02	0.00000e+00

  4.06e-02	  0.00e+00	0.00000e+00
  4.06e-02	  5.21e-04	0.00000e+00
  4.06e-02	  1.04e-03	0.00000e+00
  4.06e-02	  1.56e-03	0.00000e+00
  4.06e-02	  2.08e-03	0.00000e+00
  4.06e-02	  2.60e-03	0.00000e+00
  4.06e-02	  3.12e-03	0.00000e+00
  4.06e-02	  3.65e-03	0.00000e+00
  4.06e-02	  4.17e-03	-4.39427e-293
  4.06e-02	  4.69e-03	-2.92985e-260
  4.06e-02	  5.21e-03	-1.95400e-227
  4.06e-02	  5.73e-03	-1.30342e-194
  4.06e-02	  6.25e-03	-8.69670e-162
  4.06e-02	  6.77e-03	-5.80483e-129
  4.06e-02	  7.29e-03	-3.87656e-96
  4.06e-02	  7.81e-03	-2.59027e-63
  4.06e-02	  8.33e-03	-1.73160e-30
  4.06e-02	  8.85e-03	-4.41878e+02
  4.06e-02	  9.37e-03	-1.07795e+02
  4.06e-02	  9.90e-03	3.28751e+00
  4.06e-02	  1.04e-02	4.42341e+01
  4.06e-02	  1.09e-02	4.75394e+01
  4.06e-02	  1.15e-02	3.93443e+01
  4.06e-02	  1.20e-02	3.10170e+01
  4.06e-02	  1.25e-02	1.71809e+01
  4.06e-02	  1.30e-02	9.10336e+00
  4.06e-02	  1.35e-02	5.01053e+00
  4.06e-02	  1.41e-02	2.70285e+00
  4.06e-02	  1.46e-02	1.32299e+00
  4.06e-02	  1.51e-02	5.41711e-01
  4.06e-02	  1.56e-02	1.56063e-01
  4.06e-02	  1.61e-02	1.19112e-03
  4.06e-02	  1.67e-02	-4.03965e-02
  4.06e-02	  1.72e-02	-3.69458e-02
  4.06e-02	  1.77e-02	-2.12122e-02
  4.06e-02	  1.82e-02	-5.97273e-03
  4.06e-02	  1.88e-02	5.24940e-03
  4.06e-02	  1.93e-02	1.24043e-02
  4.06e-02	  1.98e-02	1.63521e-02
  4.06e-02	  2.03e-02	1.79553e-02
  4.06e-02	  2.08e-02	1.78678e-02
  4.06e-02	  2.14e-02	1.65523e-02
  4.06e-02	  2.19e-02	1.43405e-02
  4.06e-02	  2.24e-02	1.14836e-02
  4.06e-02	  2.29e-02	8.18356e-03
  4.06e-02	  2.34e-02	4.61274e-03
  4.06e-02	  2.40e-02	9.25830e-04
  4.06e-02	  2.45e-02	-2.73159e-03
  4.06e-02	  2.50e-02	-6.21622e-03
  4.06e-02	  2.55e-02	-9.38077e-03
  4.06e-02	  2.60e-02	-1.20671e-02
  4.06e-02	  2.66e-02	-1.40979e-02
  4.06e-02	  2.71e-02	-1.52645e-02
  4.06e-02	  2.76e-02	-1.53077e-02
  4.06e-02	  2.81e-02	-1.38857e-02
  4.06e-02	  2.86e-02	-1.05220e-02
  4.06e-02	  2.92e-02	-4.53879e-03
  4.06e-02	  2.97e-02	4.97755e-03
  4.06e-02	  3.02e-02	1.90060e-02
  4.06e-02	  3.07e-02	3.77643e-02
  4.06e-02	  3.13e-02	5.82793e-02
  4.06e-02	  3.18e-02	6.87618e-02
  4.06e-02	  3.23e-02	3.79156e-02
  4.06e-02	  3.28e-02	-1.01028e-01
  4.06e-02	  3.33e-02	-4.65494e-01
  4.06e-02	  3.39e-02	-1.22389e+00
  4.06e-02	  3.44e-02	-2.58735e+00
  4.06e-02	  3.49e-02	-4.89718e+00
  4.06e-02	  3.54e-02	-9.02861e+00
  4.06e-02	  3.59e-02	-1.72061e+01
  4.06e-02	  3.65e-02	-3.14080e+01
  4.06e-02	  3.70e-02	-3.97570e+01
  4.06e-02	  3.75e-02	-4.70576e+01
  4.06e-02	  3.80e-02	-4.36950e+01
  4.06e-02	  3.85e-02	-2.61232e+00
  4.06e-02	  3.91e-02	1.08482e+02
  4.06e-02	  3.96e-02	4.39741e+02
  4.06e-02	  4.01e-02	1.71529e-30
  4.06e-02	  4.06e-02	2.57205e-63
  4.06e-02	  4.11e-02	3.84858e-96
  4.06e-02	  4.17e-02	5.76198e-129
  4.06e-02	  4.22e-02	8.63130e-162
  4.06e-02	  4.27e-02	1.29347e-194
  4.06e-02	  4.32e-02	1.93889e-227
  4.06e-02	  4.37e-02	2.90699e-260
  4.06e-02	  4.43e-02	4.35977e-293
  4.06e-02	  4.48e-02	0.00000e+00
  4.06e-02	  4.53e-02	0.00000e+00
  4.06e-02	  4.58e-02	0.00000e+00
  4.06e-02	  4.64e-02	0.00000e+00
  4.06e-02	  4.69e-02	0.00000e+00
  4.06e-02	  4.74e-02	0.00000e+00
  4.06e-02	  4.79e-02	0.00000e+00
  4.06e-02	  4.84e-02	0.00000e+00
  4.06e-02	  4.90e-02	0.00000e+00
  4.06e-02	  4.95e-02	0.00000e+00

  4.14e-02	  0.00e+00	0.00000e+00
  4.14e-02	  5.21e-04	0.00000e+00
  4.14e-02	  1.04e-03	0.00000e+00
  4.14e-02	  1.56e-03	0.00000e+00
  4.14e-02	  2.08e-03	0.00000e+00
  4.14e-02	  2.60e-03	0.00000e+00
  4.14e-02	  3.12e-03	0.00000e+00
  4.14e-02	  3.65e-03	0.00000e+00
  4.14e-02	  4.17e-03	-4.25439e-293
  4.14e-02	  4.69e-03	-2.83482e-260
  4.14e-02	  5.21e-03	-1.88959e-227
  4.14e-02	  5.73e-03	-1.25987e-194
  4.14e-02	  6.25e-03	-8.40300e-162
  4.14e-02	  6.77e-03	-5.60738e-129
  4.14e-02	  7.29e-03	-3.74428e-96
  4.14e-02	  7.81e-03	-2.50198e-63
  4.14e-02	  8.33e-03	-1.67291e-30
  4.14e-02	  8.85e-03	-4.30503e+02
  4.14e-02	  9.37e-03	-1.10135e+02
  4.14e-02	  9.90e-03	-5.94436e-01
  4.14e-02	  1.04e-02	4.09833e+01
  4.14e-02	  1.09e-02	4.36655e+01
  4.14e-02	  1.15e-02	3.70084e+01
  4.14e-02	  1.20e-02	3.11102e+01
  4.14e-02	  1.25e-02	1.80157e+01
  4.14e-02	  1.30e-02	9.54537e+00
  4.14e-02	  1.35e-02	5.17341e+00
  4.14e-02	  1.41e-02	2.72969e+00
  4.14e-02	  1.46e-02	1.29813e+00
  4.14e-02	  1.51e-02	5.00655e-01
  4.14e-02	  1.56e-02	1.11716e-01
  4.14e-02	  1.61e-02	-4.13283e-02
  4.14e-02	  1.67e-02	-7.90687e-02
  4.14e-02	  1.72e-02	-7.13556e-02
  4.14e-02	  1.77e-02	-5.17003e-02
  4.14e-02	  1.82e-02	-3.30920e-02
  4.14e-02	  1.88e-02	-1.89963e-02
  4.14e-02	  1.93e-02	-9.32671e-03
  4.14e-02	  1.98e-02	-3.10035e-03
  4.14e-02	  2.03e-02	6.27937e-04
  4.14e-02	  2.08e-02	2.55967e-03
  4.14e-02	  2.14e-02	3.18272e-03
  4.14e-02	  2.19e-02	2.84253e-03
  4.14e-02	  2.24e-02	1.79823e-03
  4.14e-02	  2.29e-02	2.57695e-04
  4.14e-02	  2.34e-02	-1.60194e-03
  4.14e-02	  2.40e-02	-3.62178e-03
  4.14e-02	  2.45e-02	-5.65263e-03
  4.14e-02	  2.50e-02	-7.54838e-03
  4.14e-02	  2.55e-02	-9.15977e-03
  4.14e-02	  2.60e-02	-1.03278e-02
  4.14e-02	  2.66e-02	-1.08755e-02
  4.14e-02	  2.71e-02	-1.05954e-02
  4.14e-02	  2.76e-02	-9.22970e-03
  4.14e-02	  2.81e-02	-6.43466e-03
  4.14e-02	  2.86e-02	-1.72303e-03
  4.14e-02	  2.92e-02	5.61346e-03
  4.14e-02	  2.97e-02	1.65517e-02
  4.14e-02	  3.02e-02	3.21726e-02
  4.14e-02	  3.07e-02	5.28104e-02
  4.14e-02	  3.13e-02	7.55329e-02
  4.14e-02	  3.18e-02	8.83331e-02
  4.14e-02	  3.23e-02	5.91821e-02
  4.14e-02	  3.28e-02	-8.01890e-02
  4.14e-02	  3.33e-02	-4.50035e-01
  4.14e-02	  3.39e-02	-1.22617e+00
  4.14e-02	  3.44e-02	-2.64259e+00
  4.14e-02	  3.49e-02	-5.09171e+00
  4.14e-02	  3.54e-02	-9.51100e+00
  4.14e-02	  3.59e-02	-1.81068e+01
  4.14e-02	  3.65e-02	-3.15632e+01
  4.14e-02	  3.70e-02	-3.73991e+01
  4.14e-02	  3.75e-02	-4.31015e+01
  4.14e-02	  3.80e-02	-4.02403e+01
  4.14e-02	  3.85e-02	1.40000e+00
  4.14e-02	  3.91e-02	1.10874e+02
  4.14e-02	  3.96e-02	4.28381e+02
  4.14e-02	  4.01e-02	1.65099e-30
  4.14e-02	  4.06e-02	2.48393e-63
  4.14e-02	  4.11e-02	3.71666e-96
  4.14e-02	  4.17e-02	5.56526e-129
  4.14e-02	  4.22e-02	8.33895e-162
  4.14e-02	  4.27e-02	1.25016e-194
  4.14e-02	  4.32e-02	1.87492e-227
  4.14e-02	  4.37e-02	2.81270e-260
  4.14e-02	  4.43e-02	4.22114e-293
  4.14e-02	  4.48e-02	0.00000e+00
  4.14e-02	  4.53e-02	0.00000e+00
  4.14e-02	  4.58e-02	0.00000e+00
  4.14e-02	  4.64e-02	0.00000e+00
  4.14e-02	  4.69e-02	0.00000e+00
  4.14e-02	  4.74e-02	0.00000e+00
  4.14e-02	  4.79e-02	0.00000e+00
  4.14e-02	  4.84e-02	0.00000e+00
  4.14e-02	  4.90e-02	0.00000e+00
  4.14e-02	  4.95e-02	0.00000e+00

  4.22e-02	  0.00e+00	0.00000e+00
  4.22e-02	  5.21e-04	0.00000e+00
  4.22e-02	  1.04e-03	0.00000e+00
  4.22e-02	  1.56e-03	0.00000e+00
  4.22e-02	  2.08e-03	0.00000e+00
  4.22e-02	  2.60e-03	0.00000e+00
  4.22e-02	  3.12e-03	0.00000e+00
  4.22e-02	  3.65e-03	0.00000e+00
  4.22e-02	  4.17e-03	-4.12308e-293
  4.22e-02	  4.69e-03	-2.74531e-260
  4.22e-02	  5.21e-03	-1.82870e-227
  4.22e-02	  5.73e-03	-1.21855e-194
  4.22e-02	  6.25e-03	-8.12327e-162
  4.22e-02	  6.77e-03	-5.41858e-129
  4.22e-02	  7.29e-03	-3.61726e-96
  4.22e-02	  7.81e-03	-2.41682e-63
  4.22e-02	  8.33e-03	-1.61603e-30
  4.22e-02	  8.85e-03	-4.19319e+02
  4.22e-02	  9.37e-03	-1.12143e+02
  4.22e-02	  9.90e-03	-4.28464e+00
  4.22e-02	  1.04e-02	3.76545e+01
  4.22e-02	  1.09e-02	4.00046e+01
  4.22e-02	  1.15e-02	3.48864e+01
  4.22e-02	  1.20e-02	3.07693e+01
  4.22e-02	  1.25e-02	1.87093e+01
  4.22e-02	  1.30e-02	9.95051e+00
  4.22e-02	  1.35e-02	5.33446e+00
  4.22e-02	  1.41e-02	2.75727e+00
  4.22e-02	  1.46e-02	1.27393e+00
  4.22e-02	  1.51e-02	4.62460e-01
  4.22e-02	  1.56e-02	7.23033e-02
  4.22e-02	  1.61e-02	-7.81782e-02
  4.22e-02	  1.67e-02	-1.12323e-01
  4.22e-02	  1.72e-02	-1.00994e-01
  4.22e-02	  1.77e-02	-7.81112e-02
  4.22e-02	  1.82e-02	-5.67502e-02
  4.22e-02	  1.88e-02	-4.03007e-02
  4.22e-02	  1.93e-02	-2.85552e-02
  4.22e-02	  1.98e-02	-2.04275e-02
  4.22e-02	  2.03e-02	-1.49051e-02
  4.22e-02	  2.08e-02	-1.12499e-02
  4.22e-02	  2.14e-02	-8.95695e-03
  4.22e-02	  2.19e-02	-7.67344e-03
  4.22e-02	  2.24e-02	-7.13712e-03
  4.22e-02	  2.29e-02	-7.13847e-03
  4.22e-02	  2.34e-02	-7.49914e-03
  4.22e-02	  2.40e-02	-8.05922e-03
  4.22e-02	  2.45e-02	-8.66889e-03
  4.22e-02	  2.50e-02	-9.18195e-03
  4.22e-02	  2.55e-02	-9.44990e-03
  4.22e-02	  2.60e-02	-9.31561e-03
  4.22e-02	  2.66e-02	-8.60522e-03
  4.22e-02	  2.71e-02	-7.11577e-03
  4.22e-02	  2.76e-02	-4.59404e-03
  4.22e-02	  2.81e-02	-6.98856e-04
  4.22e-02	  2.86e-02	5.06227e-03
  4.22e-02	  2.92e-02	1.34200e-02
  4.22e-02	  2.97e-02	2.54021e-02
  4.22e-02	  3.02e-02	4.21749e-02
  4.22e-02	  3.07e-02	6.41748e-02
  4.22e-02	  3.13e-02	8.85283e-02
  4.22e-02	  3.18e-02	1.03134e-01
  4.22e-02	  3.23e-02	7.55833e-02
  4.22e-02	  3.28e-02	-6.32767e-02
  4.22e-02	  3.33e-02	-4.36148e-01
  4.22e-02	  3.39e-02	-1.22751e+00
  4.22e-02	  3.44e-02	-2.69679e+00
  4.22e-02	  3.49e-02	-5.28238e+00
  4.22e-02	  3.54e-02	-9.95167e+00
  4.22e-02	  3.59e-02	-1.88386e+01
  4.22e-02	  3.65e-02	-3.12502e+01
  4.22e-02	  3.70e-02	-3.52552e+01
  4.22e-02	  3.75e-02	-3.94070e+01
  4.22e-02	  3.80e-02	-3.67278e+01
  4.22e-02	  3.85e-02	5.20795e+00
  4.22e-02	  3.91e-02	1.12923e+02
  4.22e-02	  3.96e-02	4.17217e+02
  4.22e-02	  4.01e-02	1.58800e-30
  4.22e-02	  4.06e-02	2.39904e-63
  4.22e-02	  4.11e-02	3.59015e-96
  4.22e-02	  4.17e-02	5.37739e-129
  4.22e-02	  4.22e-02	8.06089e-162
  4.22e-02	  4.27e-02	1.20913e-194
  4.22e-02	  4.32e-02	1.81453e-227
  4.22e-02	  4.37e-02	2.72403e-260
  4.22e-02	  4.43e-02	4.09121e-293
  4.22e-02	  4.48e-02	0.00000e+00
  4.22e-02	  4.53e-02	0.00000e+00
  4.22e-02	  4.58e-02	0.00000e+00
  4.22e-02	  4.64e-02	0.00000e+00
  4.22e-02	  4.69e-02	0.00000e+00
  4.22e-02	  4.74e-02	0.00000e+00
  4.22e-02	  4.79e-02	0.00000e+00
  4.22e-02	  4.84e-02	0.00000e+00
  4.22e-02	  4.90e-02	0.00000e+00
  4.22e-02	  4.95e-02	0.00000e+00

  4.30e-02	  0.00e+00	0.00000e+00
  4.30e-02	  5.21e-04	0.00000e+00
  4.30e-02	  1.04e-03	0.00000e+00
  4.30e-02	  1.56e-03	0.00000e+00
  4.30e-02	  2.08e-03	0.00000e+00
  4.30e-02	  2.60e-03	0.00000e+00
  4.30e-02	  3.12e-03	0.00000e+00
  4.30e-02	  3.65e-03	0.00000e+00
  4.30e-02	  4.17e-03	-4.00040e-293
  4.30e-02	  4.69e-03	-2.66141e-260
  4.30e-02	  5.21e-03	-1.77143e-227
  4.30e-02	  5.73e-03	-1.17954e-194
  4.30e-02	  6.25e-03	-7.85822e-162
  4.30e-02	  6.77e-03	-5.23900e-129
  4.30e-02	  7.29e-03	-3.49597e-96
  4.30e-02	  7.81e-03	-2.33518e-63
  4.30e-02	  8.33e-03	-1.56126e-30
  4.30e-02	  8.85e-03	-4.08399e+02
  4.30e-02	  9.37e-03	-1.13865e+02
  4.30e-02	  9.90e-03	-7.80436e+00
  4.30e-02	  1.04e-02	3.42387e+01
  4.30e-02	  1.09e-02	3.66247e+01
  4.30e-02	  1.15e-02	3.29951e+01
  4.30e-02	  1.20e-02	3.01832e+01
  4.30e-02	  1.25e-02	1.91958e+01
  4.30e-02	  1.30e-02	1.03053e+01
  4.30e-02	  1.35e-02	5.49089e+00
  4.30e-02	  1.41e-02	2.78697e+00
  4.30e-02	  1.46e-02	1.25222e+00
  4.30e-02	  1.51e-02	4.28237e-01
  4.30e-02	  1.56e-02	3.83794e-02
  4.30e-02	  1.61e-02	-1.09038e-01
  4.30e-02	  1.67e-02	-1.39919e-01
  4.30e-02	  1.72e-02	-1.25647e-01
  4.30e-02	  1.77e-02	-1.00242e-01
  4.30e-02	  1.82e-02	-7.67510e-02
  4.30e-02	  1.88e-02	-5.84711e-02
  4.30e-02	  1.93e-02	-4.50916e-02
  4.30e-02	  1.98e-02	-3.54441e-02
  4.30e-02	  2.03e-02	-2.84648e-02
  4.30e-02	  2.08e-02	-2.33899e-02
  4.30e-02	  2.14e-02	-1.97048e-02
  4.30e-02	  2.19e-02	-1.70551e-02
  4.30e-02	  2.24e-02	-1.51798e-02
  4.30e-02	  2.29e-02	-1.38714e-02
  4.30e-02	  2.34e-02	-1.29538e-02
  4.30e-02	  2.40e-02	-1.22688e-02
  4.30e-02	  2.45e-02	-1.16688e-02
  4.30e-02	  2.50e-02	-1.10099e-02
  4.30e-02	  2.55e-02	-1.01469e-02
  4.30e-02	  2.60e-02	-8.92679e-03
  4.30e-02	  2.66e-02	-7.18131e-03
  4.30e-02	  2.71e-02	-4.71434e-03
  4.30e-02	  2.76e-02	-1.28018e-03
  4.30e-02	  2.81e-02	3.45647e-03
  4.30e-02	  2.86e-02	9.98845e-03
  4.30e-02	  2.92e-02	1.90611e-02
  4.30e-02	  2.97e-02	3.17408e-02
  4.30e-02	  3.02e-02	4.92610e-02
  4.30e-02	  3.07e-02	7.21442e-02
  4.30e-02	  3.13e-02	9.75900e-02
  4.30e-02	  3.18e-02	1.13517e-01
  4.30e-02	  3.23e-02	8.74475e-02
  4.30e-02	  3.28e-02	-5.01577e-02
  4.30e-02	  3.33e-02	-4.24251e-01
  4.30e-02	  3.39e-02	-1.22902e+00
  4.30e-02	  3.44e-02	-2.75041e+00
  4.30e-02	  3.49e-02	-5.46471e+00
  4.30e-02	  3.54e-02	-1.03339e+01
  4.30e-02	  3.59e-02	-1.93378e+01
  4.30e-02	  3.65e-02	-3.06678e+01
  4.30e-02	  3.70e-02	-3.33551e+01
  4.30e-02	  3.75e-02	-3.60300e+01
  4.30e-02	  3.80e-02	-3.31538e+01
  4.30e-02	  3.85e-02	8.83440e+00
  4.30e-02	  3.91e-02	1.14676e+02
  4.30e-02	  3.96e-02	4.06327e+02
  4.30e-02	  4.01e-02	1.52698e-30
  4.30e-02	  4.06e-02	2.31775e-63
  4.30e-02	  4.11e-02	3.46951e-96
  4.30e-02	  4.17e-02	5.19895e-129
  4.30e-02	  4.22e-02	7.79781e-162
  4.30e-02	  4.27e-02	1.17046e-194
  4.30e-02	  4.32e-02	1.75782e-227
  4.30e-02	  4.37e-02	2.64106e-260
  4.30e-02	  4.43e-02	3.97006e-293
  4.30e-02	  4.48e-02	0.00000e+00
  4.30e-02	  4.53e-02	0.00000e+00
  4.30e-02	  4.58e-02	0.00000e+00
  4.30e-02	  4.64e-02	0.00000e+00
  4.30e-02	  4.69e-02	0.00000e+00
  4.30e-02	  4.74e-02	0.00000e+00
  4.30e-02	  4.79e-02	0.00000e+00
  4.30e-02	  4.84e-02	0.00000e+00
  4.30e-02	  4.90e-02	0.00000e+00
  4.30e-02	  4.95e-02	0.00000e+00

  4.37e-02	  0.00e+00	0.00000e+00
  4.37e-02	  5.21e-04	0.00000e+00
  4.37e-02	  1.04e-03	0.00000e+00
  4.37e-02	  1.56e-03	0.00000e+00
  4.37e-02	  2.08e-03	0.00000e+00
  4.37e-02	  2.60e-03	0.00000e+00
  4.37e-02	  3.12e-03	0.00000e+00
  4.37e-02	  3.65e-03	0.00000e+00
  4.37e-02	  4.17e-03	-3.88636e-293
  4.37e-02	  4.69e-03	-2.58315e-260
  4.37e-02	  5.21e-03	-1.71783e-227
  4.37e-02	  5.73e-03	-1.14290e-194
  4.37e-02	  6.25e-03	-7.60837e-162
  4.37e-02	  6.77e-03	-5.06909e-129
  4.37e-02	  7.29e-03	-3.38079e-96
  4.37e-02	  7.81e-03	-2.25735e-63
  4.37e-02	  8.33e-03	-1.50884e-30
  4.37e-02	  8.85e-03	-3.97805e+02
  4.37e-02	  9.37e-03	-1.15342e+02
  4.37e-02	  9.90e-03	-1.11785e+01
  4.37e-02	  1.04e-02	3.07611e+01
  4.37e-02	  1.09e-02	3.35492e+01
  4.37e-02	  1.15e-02	3.13433e+01
  4.37e-02	  1.20e-02	2.94900e+01
  4.37e-02	  1.25e-02	1.94551e+01
  4.37e-02	  1.30e-02	1.05984e+01
  4.37e-02	  1.35e-02	5.63837e+00
  4.37e-02	  1.41e-02	2.81877e+00
  4.37e-02	  1.46e-02	1.23420e+00
  4.37e-02	  1.51e-02	3.98874e-01
  4.37e-02	  1.56e-02	1.03426e-02
  4.37e-02	  1.61e-02	-1.33767e-01
  4.37e-02	  1.67e-02	-1.61797e-01
  4.37e-02	  1.72e-02	-1.45267e-01
  4.37e-02	  1.77e-02	-1.18036e-01
  4.37e-02	  1.82e-02	-9.30215e-02
  4.37e-02	  1.88e-02	-7.34198e-02
  4.37e-02	  1.93e-02	-5.88363e-02
  4.37e-02	  1.98e-02	-4.80418e-02
  4.37e-02	  2.03e-02	-3.99372e-02
  4.37e-02	  2.08e-02	-3.37434e-02
  4.37e-02	  2.14e-02	-2.89431e-02
  4.37e-02	  2.19e-02	-2.51850e-02
  4.37e-02	  2.24e-02	-2.22133e-02
  4.37e-02	  2.29e-02	-1.98260e-02
  4.37e-02	  2.34e-02	-1.78515e-02
  4.37e-02	  2.40e-02	-1.61364e-02
  4.37e-02	  2.45e-02	-1.45373e-02
  4.37e-02	  2.50e-02	-1.29151e-02
  4.37e-02	  2.55e-02	-1.11298e-02
  4.37e-02	  2.60e-02	-9.03467e-03
  4.37e-02	  2.66e-02	-6.46893e-03
  4.37e-02	  2.71e-02	-3.24528e-03
  4.37e-02	  2.76e-02	8.72424e-04
  4.37e-02	  2.81e-02	6.21083e-03
  4.37e-02	  2.86e-02	1.32590e-02
  4.37e-02	  2.92e-02	2.27697e-02
  4.37e-02	  2.97e-02	3.58352e-02
  4.37e-02	  3.02e-02	5.37375e-02
  4.37e-02	  3.07e-02	7.70670e-02
  4.37e-02	  3.13e-02	1.03106e-01
  4.37e-02	  3.18e-02	1.19887e-01
  4.37e-02	  3.23e-02	9.51219e-02
  4.37e-02	  3.28e-02	-4.07293e-02
  4.37e-02	  3.33e-02	-4.14733e-01
  4.37e-02	  3.39e-02	-1.23138e+00
  4.37e-02	  3.44e-02	-2.80263e+00
  4.37e-02	  3.49e-02	-5.63304e+00
  4.37e-02	  3.54e-02	-1.06453e+01
  4.37e-02	  3.59e-02	-1.95909e+01
  4.37e-02	  3.65e-02	-2.99605e+01
  4.37e-02	  3.70e-02	-3.17107e+01
  4.37e-02	  3.75e-02	-3.29858e+01
  4.37e-02	  3.80e-02	-2.95481e+01
  4.37e-02	  3.85e-02	1.23058e+01
  4.37e-02	  3.91e-02	1.16179e+02
  4.37e-02	  3.96e-02	3.95772e+02
  4.37e-02	  4.01e-02	1.46849e-30
  4.37e-02	  4.06e-02	2.24036e-63
  4.37e-02	  4.11e-02	3.35509e-96
  4.37e-02	  4.17e-02	5.03037e-129
  4.37e-02	  4.22e-02	7.55021e-162
  4.37e-02	  4.27e-02	1.13419e-194
  4.37e-02	  4.32e-02	1.70483e-227
  4.37e-02	  4.37e-02	2.56381e-260
  4.37e-02	  4.43e-02	3.85766e-293
  4.37e-02	  4.48e-02	0.00000e+00
  4.37e-02	  4.53e-02	0.00000e+00
  4.37e-02	  4.58e-02	0.00000e+00
  4.37e-02	  4.64e-02	0.00000e+00
  4.37e-02	  4.69e-02	0.00000e+00
  4.37e-02	  4.74e-02	0.00000e+00
  4.37e-02	  4.79e-02	0.00000e+00
  4.37e-02	  4.84e-02	0.00000e+00
  4.37e-02	  4.90e-02	0.00000e+00
  4.37e-02	  4.95e-02	0.00000e+00

  4.45e-02	  0.00e+00	0.00000e+00
  4.45e-02	  5.21e-04	0.00000e+00
  4.45e-02	  1.04e-03	0.00000e+00
  4.45e-02	  1.56e-03	0.00000e+00
  4.45e-02	  2.08e-03	0.00000e+00
  4.45e-02	  2.60e-03	0.00000e+00
  4.45e-02	  3.12e-03	0.00000e+00
  4.45e-02	  3.65e-03	0.00000e+00
  4.45e-02	  4.17e-03	-3.78089e-293
  4.45e-02	  4.69e-03	-2.51053e-260
  4.45e-02	  5.21e-03	-1.66792e-227
  4.45e-02	  5.73e-03	-1.10866e-194
  4.45e-02	  6.25e-03	-7.37406e-162
  4.45e-02	  6.77e-03	-4.90917e-129
  4.45e-02	  7.29e-03	-3.27196e-96
  4.45e-02	  7.81e-03	-2.18354e-63
  4.45e-02	  8.33e-03	-1.45895e-30
  4.45e-02	  8.85e-03	-3.87590e+02
  4.45e-02	  9.37e-03	-1.16613e+02
  4.45e-02	  9.90e-03	-1.44307e+01
  4.45e-02	  1.04e-02	2.72629e+01
  4.45e-02	  1.09e-02	3.07833e+01
  4.45e-02	  1.15e-02	2.99342e+01
  4.45e-02	  1.20e-02	2.87726e+01
  4.45e-02	  1.25e-02	1.95009e+01
  4.45e-02	  1.30e-02	1.08240e+01
  4.45e-02	  1.35e-02	5.77210e+00
  4.45e-02	  1.41e-02	2.85141e+00
  4.45e-02	  1.46e-02	1.22031e+00
  4.45e-02	  1.51e-02	3.74919e-01
  4.45e-02	  1.56e-02	-1.15945e-02
  4.45e-02	  1.61e-02	-1.52377e-01
  4.45e-02	  1.67e-02	-1.78043e-01
  4.45e-02	  1.72e-02	-1.59938e-01
  4.45e-02	  1.77e-02	-1.31548e-01
  4.45e-02	  1.82e-02	-1.05586e-01
  4.45e-02	  1.88e-02	-8.51436e-02
  4.45e-02	  1.93e-02	-6.97632e-02
  4.45e-02	  1.98e-02	-5.81764e-02
  4.45e-02	  2.03e-02	-4.92637e-02
  4.45e-02	  2.08e-02	-4.22408e-02
  4.45e-02	  2.14e-02	-3.65936e-02
  4.45e-02	  2.19e-02	-3.19782e-02
  4.45e-02	  2.24e-02	-2.81470e-02
  4.45e-02	  2.29e-02	-2.49058e-02
  4.45e-02	  2.34e-02	-2.20906e-02
  4.45e-02	  2.40e-02	-1.95545e-02
  4.45e-02	  2.45e-02	-1.71605e-02
  4.45e-02	  2.50e-02	-1.47762e-02
  4.45e-02	  2.55e-02	-1.22686e-02
  4.45e-02	  2.60e-02	-9.49883e-03
  4.45e-02	  2.66e-02	-6.31521e-03
  4.45e-02	  2.71e-02	-2.54070e-03
  4.45e-02	  2.76e-02	2.04961e-03
  4.45e-02	  2.81e-02	7.77164e-03
  4.45e-02	  2.86e-02	1.51070e-02
  4.45e-02	  2.92e-02	2.48089e-02
  4.45e-02	  2.97e-02	3.79827e-02
  4.45e-02	  3.02e-02	5.59398e-02
  4.45e-02	  3.07e-02	7.93184e-02
  4.45e-02	  3.13e-02	1.05484e-01
  4.45e-02	  3.18e-02	1.22660e-01
  4.45e-02	  3.23e-02	9.89408e-02
  4.45e-02	  3.28e-02	-3.49094e-02
  4.45e-02	  3.33e-02	-4.07891e-01
  4.45e-02	  3.39e-02	-1.23480e+00
  4.45e-02	  3.44e-02	-2.85191e+00
  4.45e-02	  3.49e-02	-5.78229e+00
  4.45e-02	  3.54e-02	-1.08807e+01
  4.45e-02	  3.59e-02	-1.96179e+01
  4.45e-02	  3.65e-02	-2.92158e+01
  4.45e-02	  3.70e-02	-3.03233e+01
  4.45e-02	  3.75e-02	-3.02748e+01
  4.45e-02	  3.80e-02	-2.59553e+01
  4.45e-02	  3.85e-02	1.56476e+01
  4.45e-02	  3.91e-02	1.17471e+02
  4.45e-02	  3.96e-02	3.85603e+02
  4.45e-02	  4.01e-02	1.41295e-30
  4.45e-02	  4.06e-02	2.16707e-63
  4.45e-02	  4.11e-02	3.24717e-96
  4.45e-02	  4.17e-02	4.87195e-129
  4.45e-02	  4.22e-02	7.31841e-162
  4.45e-02	  4.27e-02	1.10037e-194
  4.45e-02	  4.32e-02	1.65559e-227
  4.45e-02	  4.37e-02	2.49228e-260
  4.45e-02	  4.43e-02	3.75393e-293
  4.45e-02	  4.48e-02	0.00000e+00
  4.45e-02	  4.53e-02	0.00000e+00
  4.45e-02	  4.58e-02	0.00000e+00
  4.45e-02	  4.64e-02	0.00000e+00
  4.45e-02	  4.69e-02	0.00000e+00
  4.45e-02	  4.74e-02	0.00000e+00
  4.45e-02	  4.79e-02	0.00000e+00
  4.45e-02	  4.84e-02	0.00000e+00
  4.45e-02	  4.90e-02	0.00000e+00
  4.45e-02	  4.95e-02	0.00000e+00

  4.53e-02	  0.00e+00	0.00000e+00
  4.53e-02	  5.21e-04	0.00000e+00
  4.53e-02	  1.04e-03	0.00000e+00
  4.53e-02	  1.56e-03	0.00000e+00
  4.53e-02	  2.08e-03	0.00000e+00
  4.53e-02	  2.60e-03	0.00000e+00
  4.53e-02	  3.12e-03	0.00000e+00
  4.53e-02	  3.65e-03	0.00000e+00
  4.53e-02	  4.17e-03	-3.68385e-293
  4.53e-02	  4.69e-03	-2.44349e-260
  4.53e-02	  5.21e-03	-1.62168e-227
  4.53e-02	  5.73e-03	-1.07684e-194
  4.53e-02	  6.25e-03	-7.15547e-162
  4.53e-02	  6.77e-03	-4.75943e-129
  4.53e-02	  7.29e-03	-3.16970e-96
  4.53e-02	  7.81e-03	-2.11392e-63
  4.53e-02	  8.33e-03	-1.41171e-30
  4.53e-02	  8.85e-03	-3.77794e+02
  4.53e-02	  9.37e-03	-1.17714e+02
  4.53e-02	  9.90e-03	-1.75797e+01
  4.53e-02	  1.04e-02	2.37896e+01
  4.53e-02	  1.09e-02	2.83277e+01
  4.53e-02	  1.15e-02	2.87656e+01
  4.53e-02	  1.20e-02	2.80697e+01
  4.53e-02	  1.25e-02	1.93663e+01
  4.53e-02	  1.30e-02	1.09819e+01
  4.53e-02	  1.35e-02	5.88788e+00
  4.53e-02	  1.41e-02	2.88300e+00
  4.53e-02	  1.46e-02	1.21041e+00
  4.53e-02	  1.51e-02	3.56614e-01
  4.53e-02	  1.56e-02	-2.73742e-02
  4.53e-02	  1.61e-02	-1.64993e-01
  4.53e-02	  1.67e-02	-1.88842e-01
  4.53e-02	  1.72e-02	-1.69830e-01
  4.53e-02	  1.77e-02	-1.40913e-01
  4.53e-02	  1.82e-02	-1.14541e-01
  4.53e-02	  1.88e-02	-9.37047e-02
  4.53e-02	  1.93e-02	-7.79054e-02
  4.53e-02	  1.98e-02	-6.58566e-02
  4.53e-02	  2.03e-02	-5.64333e-02
  4.53e-02	  2.08e-02	-4.88545e-02
  4.53e-02	  2.14e-02	-4.26148e-02
  4.53e-02	  2.19e-02	-3.73807e-02
  4.53e-02	  2.24e-02	-3.29157e-02
  4.53e-02	  2.29e-02	-2.90358e-02
  4.53e-02	  2.34e-02	-2.55858e-02
  4.53e-02	  2.40e-02	-2.24276e-02
  4.53e-02	  2.45e-02	-1.94324e-02
  4.53e-02	  2.50e-02	-1.64759e-02
  4.53e-02	  2.55e-02	-1.34336e-02
  4.53e-02	  2.60e-02	-1.01760e-02
  4.53e-02	  2.66e-02	-6.56152e-03
  4.53e-02	  2.71e-02	-2.42472e-03
  4.53e-02	  2.76e-02	2.44693e-03
  4.53e-02	  2.81e-02	8.35677e-03
  4.53e-02	  2.86e-02	1.57756e-02
  4.53e-02	  2.92e-02	2.54502e-02
  4.53e-02	  2.97e-02	3.84865e-02
  4.53e-02	  3.02e-02	5.62054e-02
  4.53e-02	  3.07e-02	7.92703e-02
  4.53e-02	  3.13e-02	1.05125e-01
  4.53e-02	  3.18e-02	1.22225e-01
  4.53e-02	  3.23e-02	9.91998e-02
  4.53e-02	  3.28e-02	-3.26390e-02
  4.53e-02	  3.33e-02	-4.03934e-01
  4.53e-02	  3.39e-02	-1.23919e+00
  4.53e-02	  3.44e-02	-2.89652e+00
  4.53e-02	  3.49e-02	-5.90871e+00
  4.53e-02	  3.54e-02	-1.10423e+01
  4.53e-02	  3.59e-02	-1.94571e+01
  4.53e-02	  3.65e-02	-2.84738e+01
  4.53e-02	  3.70e-02	-2.91870e+01
  4.53e-02	  3.75e-02	-2.78951e+01
  4.53e-02	  3.80e-02	-2.24217e+01
  4.53e-02	  3.85e-02	1.88792e+01
  4.53e-02	  3.91e-02	1.18590e+02
  4.53e-02	  3.96e-02	3.75864e+02
  4.53e-02	  4.01e-02	1.36068e-30
  4.53e-02	  4.06e-02	2.09806e-63
  4.53e-02	  4.11e-02	3.14591e-96
  4.53e-02	  4.17e-02	4.72389e-129
  4.53e-02	  4.22e-02	7.10256e-162
  4.53e-02	  4.27e-02	1.06899e-194
  4.53e-02	  4.32e-02	1.61008e-227
  4.53e-02	  4.37e-02	2.42639e-260
  4.53e-02	  4.43e-02	3.65871e-293
  4.53e-02	  4.48e-02	0.00000e+00
  4.53e-02	  4.53e-02	0.00000e+00
  4.53e-02	  4.58e-02	0.00000e+00
  4.53e-02	  4.64e-02	0.00000e+00
  4.53e-02	  4.69e-02	0.00000e+00
  4.53e-02	  4.74e-02	0.00000e+00
  4.53e-02	  4.79e-02	0.00000e+00
  4.53e-02	  4.84e-02	0.00000e+00
  4.53e-02	  4.90e-02	0.00000e+00
  4.53e-02	  4.95e-02	0.00000e+00

  4.61e-02	  0.00e+00	0.00000e+00
  4.61e-02	  5.21e-04	0.00000e+00
  4.61e-02	  1.04e-03	0.00000e+00
  4.61e-02	  1.56e-03	0.00000e+00
  4.61e-02	  2.08e-03	0.00000e+00
  4.61e-02	  2.60e-03	0.00000e+00
  4.61e-02	  3.12e-03	0.00000e+00
  4.61e-02	  3.65e-03	0.00000e+00
  4.61e-02	  4.17e-03	-3.59503e-293
  4.61e-02	  4.69e-03	-2.38193e-260
  4.61e-02	  5.21e-03	-1.57908e-227
  4.61e-02	  5.73e-03	-1.04740e-194
  4.61e-02	  6.25e-03	-6.95260e-162
  4.61e-02	  6.77e-03	-4.61996e-129
  4.61e-02	  7.29e-03	-3.07409e-96
  4.61e-02	  7.81e-03	-2.04860e-63
  4.61e-02	  8.33e-03	-1.36722e-30
  4.61e-02	  8.85e-03	-3.68454e+02
  4.61e-02	  9.37e-03	-1.18678e+02
  4.61e-02	  9.90e-03	-2.06372e+01
  4.61e-02	  1.04e-02	2.03855e+01
  4.61e-02	  1.09e-02	2.61835e+01
  4.61e-02	  1.15e-02	2.78303e+01
  4.61e-02	  1.20e-02	2.73882e+01
  4.61e-02	  1.25e-02	1.90930e+01
  4.61e-02	  1.30e-02	1.10773e+01
  4.61e-02	  1.35e-02	5.98293e+00
  4.61e-02	  1.41e-02	2.91165e+00
  4.61e-02	  1.46e-02	1.20411e+00
  4.61e-02	  1.51e-02	3.44013e-01
  4.61e-02	  1.56e-02	-3.70385e-02
  4.61e-02	  1.61e-02	-1.71800e-01
  4.61e-02	  1.67e-02	-1.94435e-01
  4.61e-02	  1.72e-02	-1.75174e-01
  4.61e-02	  1.77e-02	-1.46322e-01
  4.61e-02	  1.82e-02	-1.20036e-01
  4.61e-02	  1.88e-02	-9.92157e-02
  4.61e-02	  1.93e-02	-8.33439e-02
  4.61e-02	  1.98e-02	-7.11366e-02
  4.61e-02	  2.03e-02	-6.14770e-02
  4.61e-02	  2.08e-02	-5.35956e-02
  4.61e-02	  2.14e-02	-4.69999e-02
  4.61e-02	  2.19e-02	-4.13702e-02
  4.61e-02	  2.24e-02	-3.64827e-02
  4.61e-02	  2.29e-02	-3.21651e-02
  4.61e-02	  2.34e-02	-2.82732e-02
  4.61e-02	  2.40e-02	-2.46788e-02
  4.61e-02	  2.45e-02	-2.12626e-02
  4.61e-02	  2.50e-02	-1.79098e-02
  4.61e-02	  2.55e-02	-1.45058e-02
  4.61e-02	  2.60e-02	-1.09314e-02
  4.61e-02	  2.66e-02	-7.05638e-03
  4.61e-02	  2.71e-02	-2.72749e-03
  4.61e-02	  2.76e-02	2.25425e-03
  4.61e-02	  2.81e-02	8.17800e-03
  4.61e-02	  2.86e-02	1.55005e-02
  4.61e-02	  2.92e-02	2.49551e-02
  4.61e-02	  2.97e-02	3.76359e-02
  4.61e-02	  3.02e-02	5.48525e-02
  4.61e-02	  3.07e-02	7.72689e-02
  4.61e-02	  3.13e-02	1.02390e-01
  4.61e-02	  3.18e-02	1.18930e-01
  4.61e-02	  3.23e-02	9.61501e-02
  4.61e-02	  3.28e-02	-3.38743e-02
  4.61e-02	  3.33e-02	-4.02998e-01
  4.61e-02	  3.39e-02	-1.24436e+00
  4.61e-02	  3.44e-02	-2.93494e+00
  4.61e-02	  3.49e-02	-6.01037e+00
  4.61e-02	  3.54e-02	-1.11372e+01
  4.61e-02	  3.59e-02	-1.91552e+01
  4.61e-02	  3.65e-02	-2.77406e+01
  4.61e-02	  3.70e-02	-2.82900e+01
  4.61e-02	  3.75e-02	-2.58463e+01
  4.61e-02	  3.80e-02	-1.89910e+01
  4.61e-02	  3.85e-02	2.20120e+01
  4.61e-02	  3.91e-02	1.19569e+02
  4.61e-02	  3.96e-02	3.66590e+02
  4.61e-02	  4.01e-02	1.31192e-30
  4.61e-02	  4.06e-02	2.03341e-63
  4.61e-02	  4.11e-02	3.05142e-96
  4.61e-02	  4.17e-02	4.58624e-129
  4.61e-02	  4.22e-02	6.90266e-162
  4.61e-02	  4.27e-02	1.04003e-194
  4.61e-02	  4.32e-02	1.56823e-227
  4.61e-02	  4.37e-02	2.36603e-260
  4.61e-02	  4.43e-02	3.57178e-293
  4.61e-02	  4.48e-02	0.00000e+00
  4.61e-02	  4.53e-02	0.00000e+00
  4.61e-02	  4.58e-02	0.00000e+00
  4.61e-02	  4.64e-02	0.00000e+00
  4.61e-02	  4.69e-02	0.00000e+00
  4.61e-02	  4.74e-02	0.00000e+00
  4.61e-02	  4.79e-02	0.00000e+00
  4.61e-02	  4.84e-02	0.00000e+00
  4.61e-02	  4.90e-02	0.00000e+00
  4.61e-02	  4.95e-02	0.00000e+00

  4.69e-02	  0.00e+00	0.00000e+00
  4.69e-02	  5.21e-04	0.00000e+00
  4.69e-02	  1.04e-03	0.00000e+00
  4.69e-02	  1.56e-03	0.00000e+00
  4.69e-02	  2.08e-03	0.00000e+00
  4.69e-02	  2.60e-03	0.00000e+00
  4.69e-02	  3.12e-03	0.00000e+00
  4.69e-02	  3.65e-03	0.00000e+00
  4.69e-02	  4.17e-03	-3.51417e-293
  4.69e-02	  4.69e-03	-2.32570e-260
  4.69e-02	  5.21e-03	-1.54003e-227
  4.69e-02	  5.73e-03	-1.02033e-194
  4.69e-02	  6.25e-03	-6.76533e-162
  4.69e-02	  6.77e-03	-4.49074e-129
  4.69e-02	  7.29e-03	-2.98520e-96
  4.69e-02	  7.81e-03	-1.98763e-63
  4.69e-02	  8.33e-03	-1.32555e-30
  4.69e-02	  8.85e-03	-3.59597e+02
  4.69e-02	  9.37e-03	-1.19535e+02
  4.69e-02	  9.90e-03	-2.36094e+01
  4.69e-02	  1.04e-02	1.70935e+01
  4.69e-02	  1.09e-02	2.43531e+01
  4.69e-02	  1.15e-02	2.71164e+01
  4.69e-02	  1.20e-02	2.67119e+01
  4.69e-02	  1.25e-02	1.87252e+01
  4.69e-02	  1.30e-02	1.11185e+01
  4.69e-02	  1.35e-02	6.05625e+00
  4.69e-02	  1.41e-02	2.93601e+00
  4.69e-02	  1.46e-02	1.20100e+00
  4.69e-02	  1.51e-02	3.37076e-01
  4.69e-02	  1.56e-02	-4.06955e-02
  4.69e-02	  1.61e-02	-1.73030e-01
  4.69e-02	  1.67e-02	-1.95099e-01
  4.69e-02	  1.72e-02	-1.76234e-01
  4.69e-02	  1.77e-02	-1.48006e-01
  4.69e-02	  1.82e-02	-1.22263e-01
  4.69e-02	  1.88e-02	-1.01832e-01
  4.69e-02	  1.93e-02	-8.62023e-02
  4.69e-02	  1.98e-02	-7.41122e-02
  4.69e-02	  2.03e-02	-6.44660e-02
  4.69e-02	  2.08e-02	-5.65131e-02
  4.69e-02	  2.14e-02	-4.97783e-02
  4.69e-02	  2.19e-02	-4.39577e-02
  4.69e-02	  2.24e-02	-3.88421e-02
  4.69e-02	  2.29e-02	-3.42721e-02
  4.69e-02	  2.34e-02	-3.01157e-02
  4.69e-02	  2.40e-02	-2.62557e-02
  4.69e-02	  2.45e-02	-2.25837e-02
  4.69e-02	  2.50e-02	-1.89954e-02
  4.69e-02	  2.55e-02	-1.53869e-02
  4.69e-02	  2.60e-02	-1.16502e-02
  4.69e-02	  2.66e-02	-7.66721e-03
  4.69e-02	  2.71e-02	-3.29787e-03
  4.69e-02	  2.76e-02	1.64247e-03
  4.69e-02	  2.81e-02	7.42722e-03
  4.69e-02	  2.86e-02	1.44957e-02
  4.69e-02	  2.92e-02	2.35612e-02
  4.69e-02	  2.97e-02	3.56925e-02
  4.69e-02	  3.02e-02	5.21676e-02
  4.69e-02	  3.07e-02	7.36238e-02
  4.69e-02	  3.13e-02	9.76040e-02
  4.69e-02	  3.18e-02	1.13081e-01
  4.69e-02	  3.23e-02	9.00132e-02
  4.69e-02	  3.28e-02	-3.85592e-02
  4.69e-02	  3.33e-02	-4.05152e-01
  4.69e-02	  3.39e-02	-1.25010e+00
  4.69e-02	  3.44e-02	-2.96611e+00
  4.69e-02	  3.49e-02	-6.08692e+00
  4.69e-02	  3.54e-02	-1.11764e+01
  4.69e-02	  3.59e-02	-1.87627e+01
  4.69e-02	  3.65e-02	-2.69990e+01
  4.69e-02	  3.70e-02	-2.76124e+01
  4.69e-02	  3.75e-02	-2.41294e+01
  4.69e-02	  3.80e-02	-1.57051e+01
  4.69e-02	  3.85e-02	2.50502e+01
  4.69e-02	  3.91e-02	1.20441e+02
  4.69e-02	  3.96e-02	3.57808e+02
  4.69e-02	  4.01e-02	1.26678e-30
  4.69e-02	  4.06e-02	1.97319e-63
  4.69e-02	  4.11e-02	2.96375e-96
  4.69e-02	  4.17e-02	4.45900e-129
  4.69e-02	  4.22e-02	6.71855e-162
  4.69e-02	  4.27e-02	1.01347e-194
  4.69e-02	  4.32e-02	1.52998e-227
  4.69e-02	  4.37e-02	2.31104e-260
  4.69e-02	  4.43e-02	3.49288e-293
  4.69e-02	  4.48e-02	0.00000e+00
  4.69e-02	  4.53e-02	0.00000e+00
  4.69e-02	  4.58e-02	0.00000e+00
  4.69e-02	  4.64e-02	0.00000e+00
  4.69e-02	  4.69e-02	0.00000e+00
  4.69e-02	  4.74e-02	0.00000e+00
  4.69e-02	  4.79e-02	0.00000e+00
  4.69e-02	  4.84e-02	0.00000e+00
  4.69e-02	  4.90e-02	0.00000e+00
  4.69e-02	  4.95e-02	0.00000e+00

  4.77e-02	  0.00e+00	0.00000e+00
  4.77e-02	  5.21e-04	0.00000e+00
  4.77e-02	  1.04e-03	0.00000e+00
  4.77e-02	  1.56e-03	0.00000e+00
  4.77e-02	  2.08e-03	0.00000e+00
  4.77e-02	  2.60e-03	0.00000e+00
  4.77e-02	  3.12e-03	0.00000e+00
  4.77e-02	  3.65e-03	0.00000e+00
  4.77e-02	  4.17e-03	-3.44098e-293
  4.77e-02	  4.69e-03	-2.27462e-260
  4.77e-02	  5.21e-03	-1.50444e-227
  4.77e-02	  5.73e-03	-9.95575e-195
  4.77e-02	  6.25e-03	-6.59343e-162
  4.77e-02	  6.77e-03	-4.37169e-129
  4.77e-02	  7.29e-03	-2.90299e-96
  4.77e-02	  7.81e-03	-1.93105e-63
  4.77e-02	  8.33e-03	-1.28672e-30
  4.77e-02	  8.85e-03	-3.51246e+02
  4.77e-02	  9.37e-03	-1.20312e+02
  4.77e-02	  9.90e-03	-2.64978e+01
  4.77e-02	  1.04e-02	1.39562e+01
  4.77e-02	  1.09e-02	2.28383e+01
  4.77e-02	  1.15e-02	2.66086e+01
  4.77e-02	  1.20e-02	2.60107e+01
  4.77e-02	  1.25e-02	1.83020e+01
  4.77e-02	  1.30e-02	1.11182e+01
  4.77e-02	  1.35e-02	6.10880e+00
  4.77e-02	  1.41e-02	2.95536e+00
  4.77e-02	  1.46e-02	1.20076e+00
  4.77e-02	  1.51e-02	3.35678e-01
  4.77e-02	  1.56e-02	-3.85339e-02
  4.77e-02	  1.61e-02	-1.68963e-01
  4.77e-02	  1.67e-02	-1.91150e-01
  4.77e-02	  1.72e-02	-1.73313e-01
  4.77e-02	  1.77e-02	-1.46233e-01
  4.77e-02	  1.82e-02	-1.21453e-01
  4.77e-02	  1.88e-02	-1.01750e-01
  4.77e-02	  1.93e-02	-8.66456e-02
  4.77e-02	  1.98e-02	-7.49202e-02
  4.77e-02	  2.03e-02	-6.55117e-02
  4.77e-02	  2.08e-02	-5.76954e-02
  4.77e-02	  2.14e-02	-5.10172e-02
  4.77e-02	  2.19e-02	-4.51909e-02
  4.77e-02	  2.24e-02	-4.00231e-02
  4.77e-02	  2.29e-02	-3.53686e-02
  4.77e-02	  2.34e-02	-3.11084e-02
  4.77e-02	  2.40e-02	-2.71373e-02
  4.77e-02	  2.45e-02	-2.33584e-02
  4.77e-02	  2.50e-02	-1.96790e-02
  4.77e-02	  2.55e-02	-1.60065e-02
  4.77e-02	  2.60e-02	-1.22451e-02
  4.77e-02	  2.66e-02	-8.28930e-03
  4.77e-02	  2.71e-02	-4.01272e-03
  4.77e-02	  2.76e-02	7.53993e-04
  4.77e-02	  2.81e-02	6.26689e-03
  4.77e-02	  2.86e-02	1.29445e-02
  4.77e-02	  2.92e-02	2.14732e-02
  4.77e-02	  2.97e-02	3.28836e-02
  4.77e-02	  3.02e-02	4.84008e-02
  4.77e-02	  3.07e-02	6.86068e-02
  4.77e-02	  3.13e-02	9.10526e-02
  4.77e-02	  3.18e-02	1.04956e-01
  4.77e-02	  3.23e-02	8.10096e-02
  4.77e-02	  3.28e-02	-4.65882e-02
  4.77e-02	  3.33e-02	-4.10375e-01
  4.77e-02	  3.39e-02	-1.25618e+00
  4.77e-02	  3.44e-02	-2.98942e+00
  4.77e-02	  3.49e-02	-6.13907e+00
  4.77e-02	  3.54e-02	-1.11711e+01
  4.77e-02	  3.59e-02	-1.83342e+01
  4.77e-02	  3.65e-02	-2.62184e+01
  4.77e-02	  3.70e-02	-2.71212e+01
  4.77e-02	  3.75e-02	-2.27460e+01
  4.77e-02	  3.80e-02	-1.26073e+01
  4.77e-02	  3.85e-02	2.79933e+01
  4.77e-02	  3.91e-02	1.21232e+02
  4.77e-02	  3.96e-02	3.49541e+02
  4.77e-02	  4.01e-02	1.22530e-30
  4.77e-02	  4.06e-02	1.91742e-63
  4.77e-02	  4.11e-02	2.88284e-96
  4.77e-02	  4.17e-02	4.34203e-129
  4.77e-02	  4.22e-02	6.54995e-162
  4.77e-02	  4.27e-02	9.89227e-195
  4.77e-02	  4.32e-02	1.49521e-227
  4.77e-02	  4.37e-02	2.26125e-260
  4.77e-02	  4.43e-02	3.42166e-293
  4.77e-02	  4.48e-02	0.00000e+00
  4.77e-02	  4.53e-02	0.00000e+00
  4.77e-02	  4.58e-02	0.00000e+00
  4.77e-02	  4.64e-02	0.00000e+00
  4.77e-02	  4.69e-02	0.00000e+00
  4.77e-02	  4.74e-02	0.00000e+00
  4.77e-02	  4.79e-02	0.00000e+00
  4.77e-02	  4.84e-02	0.00000e+00
  4.77e-02	  4.90e-02	0.00000e+00
  4.77e-02	  4.95e-02	0.00000e+00

  4.84e-02	  0.00e+00	0.00000e+00
  4.84e-02	  5.21e-04	0.00000e+00
  4.84e-02	  1.04e-03	0.00000e+00
  4.84e-02	  1.56e-03	0.00000e+00
  4.84e-02	  2.08e-03	0.00000e+00
  4.84e-02	  2.60e-03	0.00000e+00
  4.84e-02	  3.12e-03	0.00000e+00
  4.84e-02	  3.65e-03	0.00000e+00
  4.84e-02	  4.17e-03	-3.37511e-293
  4.84e-02	  4.69e-03	-2.22850e-260
  4.84e-02	  5.21e-03	-1.47219e-227
  4.84e-02	  5.73e-03	-9.73056e-195
  4.84e-02	  6.25e-03	-6.43651e-162
  4.84e-02	  6.77e-03	-4.26262e-129
  4.84e-02	  7.29e-03	-2.82740e-96
  4.84e-02	  7.81e-03	-1.87882e-63
  4.84e-02	  8.33e-03	-1.25075e-30
  4.84e-02	  8.85e-03	-3.43419e+02
  4.84e-02	  9.37e-03	-1.21034e+02
  4.84e-02	  9.90e-03	-2.93009e+01
  4.84e-02	  1.04e-02	1.10175e+01
  4.84e-02	  1.09e-02	2.16360e+01
  4.84e-02	  1.15e-02	2.62806e+01
  4.84e-02	  1.20e-02	2.52459e+01
  4.84e-02	  1.25e-02	1.78769e+01
  4.84e-02	  1.30e-02	1.10841e+01
  4.84e-02	  1.35e-02	6.14063e+00
  4.84e-02	  1.41e-02	2.96887e+00
  4.84e-02	  1.46e-02	1.20292e+00
  4.84e-02	  1.51e-02	3.39531e-01
  4.84e-02	  1.56e-02	-3.08667e-02
  4.84e-02	  1.61e-02	-1.59963e-01
  4.84e-02	  1.67e-02	-1.82962e-01
  4.84e-02	  1.72e-02	-1.66762e-01
  4.84e-02	  1.77e-02	-1.41316e-01
  4.84e-02	  1.82e-02	-1.17880e-01
  4.84e-02	  1.88e-02	-9.92087e-02
  4.84e-02	  1.93e-02	-8.48819e-02
  4.84e-02	  1.98e-02	-7.37402e-02
  4.84e-02	  2.03e-02	-6.47675e-02
  4.84e-02	  2.08e-02	-5.72718e-02
  4.84e-02	  2.14e-02	-5.08232e-02
  4.84e-02	  2.19e-02	-4.51555e-02
  4.84e-02	  2.24e-02	-4.00919e-02
  4.84e-02	  2.29e-02	-3.55024e-02
  4.84e-02	  2.34e-02	-3.12813e-02
  4.84e-02	  2.40e-02	-2.73364e-02
  4.84e-02	  2.45e-02	-2.35830e-02
  4.84e-02	  2.50e-02	-1.99402e-02
  4.84e-02	  2.55e-02	-1.63277e-02
  4.84e-02	  2.60e-02	-1.26619e-02
  4.84e-02	  2.66e-02	-8.85056e-03
  4.84e-02	  2.71e-02	-4.78168e-03
  4.84e-02	  2.76e-02	-3.01891e-04
  4.84e-02	  2.81e-02	4.82595e-03
  4.84e-02	  2.86e-02	1.09962e-02
  4.84e-02	  2.92e-02	1.88614e-02
  4.84e-02	  2.97e-02	2.94014e-02
  4.84e-02	  3.02e-02	4.37679e-02
  4.84e-02	  3.07e-02	6.24583e-02
  4.84e-02	  3.13e-02	8.29983e-02
  4.84e-02	  3.18e-02	9.48248e-02
  4.84e-02	  3.23e-02	6.93863e-02
  4.84e-02	  3.28e-02	-5.77816e-02
  4.84e-02	  3.33e-02	-4.18554e-01
  4.84e-02	  3.39e-02	-1.26246e+00
  4.84e-02	  3.44e-02	-3.00462e+00
  4.84e-02	  3.49e-02	-6.16797e+00
  4.84e-02	  3.54e-02	-1.11303e+01
  4.84e-02	  3.59e-02	-1.79176e+01
  4.84e-02	  3.65e-02	-2.53695e+01
  4.84e-02	  3.70e-02	-2.67902e+01
  4.84e-02	  3.75e-02	-2.16848e+01
  4.84e-02	  3.80e-02	-9.74005e+00
  4.84e-02	  3.85e-02	3.08383e+01
  4.84e-02	  3.91e-02	1.21967e+02
  4.84e-02	  3.96e-02	3.41806e+02
  4.84e-02	  4.01e-02	1.18746e-30
  4.84e-02	  4.06e-02	1.86605e-63
  4.84e-02	  4.11e-02	2.80863e-96
  4.84e-02	  4.17e-02	4.23515e-129
  4.84e-02	  4.22e-02	6.39647e-162
  4.84e-02	  4.27e-02	9.67245e-195
  4.84e-02	  4.32e-02	1.46379e-227
  4.84e-02	  4.37e-02	2.21641e-260
  4.84e-02	  4.43e-02	3.35778e-293
  4.84e-02	  4.48e-02	0.00000e+00
  4.84e-02	  4.53e-02	0.00000e+00
  4.84e-02	  4.58e-02	0.00000e+00
  4.84e-02	  4.64e-02	0.00000e+00
  4.84e-02	  4.69e-02	0.00000e+00
  4.84e-02	  4.74e-02	0.00000e+00
  4.84e-02	  4.79e-02	0.00000e+00
  4.84e-02	  4.84e-02	0.00000e+00
  4.84e-02	  4.90e-02	0.00000e+00
  4.84e-02	  4.95e-02	0.00000e+00

  4.92e-02	  0.00e+00	0.00000e+00
  4.92e-02	  5.21e-04	0.00000e+00
  4.92e-02	  1.04e-03	0.00000e+00
  4.92e-02	  1.56e-03	0.00000e+00
  4.92e-02	  2.08e-03	0.00000e+00
  4.92e-02	  2.60e-03	0.00000e+00
  4.92e-02	  3.12e-03	0.00000e+00
  4.92e-02	  3.65e-03	0.00000e+00
  4.92e-02	  4.17e-03	-3.31616e-293
  4.92e-02	  4.69e-03	-2.18709e-260
  4.92e-02	  5.21e-03	-1.44313e-227
  4.92e-02	  5.73e-03	-9.52693e-195
  4.92e-02	  6.25e-03	-6.29411e-162
  4.92e-02	  6.77e-03	-4.16327e-129
  4.92e-02	  7.29e-03	-2.75829e-96
  4.92e-02	  7.81e-03	-1.83089e-63
  4.92e-02	  8.33e-03	-1.21762e-30
  4.92e-02	  8.85e-03	-3.36125e+02
  4.92e-02	  9.37e-03	-1.21722e+02
  4.92e-02	  9.90e-03	-3.20137e+01
  4.92e-02	  1.04e-02	8.32508e+00
  4.92e-02	  1.09e-02	2.07400e+01
  4.92e-02	  1.15e-02	2.60632e+01
  4.92e-02	  1.20e-02	2.44342e+01
  4.92e-02	  1.25e-02	1.74774e+01
  4.92e-02	  1.30e-02	1.10234e+01
  4.92e-02	  1.35e-02	6.15323e+00
  4.92e-02	  1.41e-02	2.97653e+00
  4.92e-02	  1.46e-02	1.20723e+00
  4.92e-02	  1.51e-02	3.48296e-01
  4.92e-02	  1.56e-02	-1.81094e-02
  4.92e-02	  1.61e-02	-1.46480e-01
  4.92e-02	  1.67e-02	-1.70975e-01
  4.92e-02	  1.72e-02	-1.56985e-01
  4.92e-02	  1.77e-02	-1.33620e-01
  4.92e-02	  1.82e-02	-1.11869e-01
  4.92e-02	  1.88e-02	-9.44952e-02
  4.92e-02	  1.93e-02	-8.11642e-02
  4.92e-02	  1.98e-02	-7.07950e-02
  4.92e-02	  2.03e-02	-6.24287e-02
  4.92e-02	  2.08e-02	-5.54118e-02
  4.92e-02	  2.14e-02	-4.93424e-02
  4.92e-02	  2.19e-02	-4.39754e-02
  4.92e-02	  2.24e-02	-3.91518e-02
  4.92e-02	  2.29e-02	-3.47571e-02
  4.92e-02	  2.34e-02	-3.06997e-02
  4.92e-02	  2.40e-02	-2.69005e-02
  4.92e-02	  2.45e-02	-2.32874e-02
  4.92e-02	  2.50e-02	-1.97918e-02
  4.92e-02	  2.55e-02	-1.63458e-02
  4.92e-02	  2.60e-02	-1.28787e-02
  4.92e-02	  2.66e-02	-9.31143e-03
  4.92e-02	  2.71e-02	-5.54684e-03
  4.92e-02	  2.76e-02	-1.44824e-03
  4.92e-02	  2.81e-02	3.20108e-03
  4.92e-02	  2.86e-02	8.76813e-03
  4.92e-02	  2.92e-02	1.58650e-02
  4.92e-02	  2.97e-02	2.54088e-02
  4.92e-02	  3.02e-02	3.84583e-02
  4.92e-02	  3.07e-02	5.53985e-02
  4.92e-02	  3.13e-02	7.36953e-02
  4.92e-02	  3.18e-02	8.29732e-02
  4.92e-02	  3.23e-02	5.54389e-02
  4.92e-02	  3.28e-02	-7.18761e-02
  4.92e-02	  3.33e-02	-4.29522e-01
  4.92e-02	  3.39e-02	-1.26896e+00
  4.92e-02	  3.44e-02	-3.01226e+00
  4.92e-02	  3.49e-02	-6.17630e+00
  4.92e-02	  3.54e-02	-1.10629e+01
  4.92e-02	  3.59e-02	-1.75213e+01
  4.92e-02	  3.65e-02	-2.45019e+01
  4.92e-02	  3.70e-02	-2.65412e+01
  4.92e-02	  3.75e-02	-2.09246e+01
  4.92e-02	  3.80e-02	-7.15113e+00
  4.92e-02	  3.85e-02	3.35772e+01
  4.92e-02	  3.91e-02	1.22665e+02
  4.92e-02	  3.96e-02	3.34613e+02
  4.92e-02	  4.01e-02	1.15311e-30
  4.92e-02	  4.06e-02	1.81904e-63
  4.92e-02	  4.11e-02	2.74096e-96
  4.92e-02	  4.17e-02	4.13806e-129
  4.92e-02	  4.22e-02	6.25759e-162
  4.92e-02	  4.27e-02	9.47430e-195
  4.92e-02	  4.32e-02	1.43557e-227
  4.92e-02	  4.37e-02	2.17630e-260
  4.92e-02	  4.43e-02	3.30082e-293
  4.92e-02	  4.48e-02	0.00000e+00
  4.92e-02	  4.53e-02	0.00000e+00
  4.92e-02	  4.58e-02	0.00000e+00
  4.92e-02	  4.64e-02	0.00000e+00
  4.92e-02	  4.69e-02	0.00000e+00
  4.92e-02	  4.74e-02	0.00000e+00
  4.92e-02	  4.79e-02	0.00000e+00
  4.92e-02	  4.84e-02	0.00000e+00
  4.92e-02	  4.90e-02	0.00000e+00
  4.92e-02	  4.95e-02	0.00000e+00

  5.00e-02	  0.00e+00	0.00000e+00
  5.00e-02	  5.21e-04	0.00000e+00
  5.00e-02	  1.04e-03	0.00000e+00
  5.00e-02	  1.56e-03	0.00000e+00
  5.00e-02	  2.08e-03	0.00000e+00
  5.00e-02	  2.60e-03	0.00000e+00
  5.00e-02	  3.12e-03	0.00000e+00
  5.00e-02	  3.65e-03	0.00000e+00
  5.00e-02	  4.17e-03	-3.26373e-293
  5.00e-02	  4.69e-03	-2.15013e-260
  5.00e-02	  5.21e-03	-1.41710e-227
  5.00e-02	  5.73e-03	-9.34390e-195
  5.00e-02	  6.25e-03	-6.16563e-162
  5.00e-02	  6.77e-03	-4.07332e-129
  5.00e-02	  7.29e-03	-2.69548e-96
  5.00e-02	  7.81e-03	-1.78718e-63
  5.00e-02	  8.33e-03	-1.18729e-30
  5.00e-02	  8.85e-03	-3.29373e+02
  5.00e-02	  9.37e-03	-1.22393e+02
  5.00e-02	  9.90e-03	-3.46292e+01
  5.00e-02	  1.04e-02	5.93137e+00
  5.00e-02	  1.09e-02	2.01386e+01
  5.00e-02	  1.15e-02	2.58576e+01
  5.00e-02	  1.20e-02	2.36328e+01
  5.00e-02	  1.25e-02	1.71058e+01
  5.00e-02	  1.30e-02	1.09453e+01
  5.00e-02	  1.35e-02	6.14986e+00
  5.00e-02	  1.41e-02	2.97914e+00
  5.00e-02	  1.46e-02	1.21367e+00
  5.00e-02	  1.51e-02	3.61584e-01
  5.00e-02	  1.56e-02	-7.91240e-04
  5.00e-02	  1.61e-02	-1.29067e-01
  5.00e-02	  1.67e-02	-1.55711e-01
  5.00e-02	  1.72e-02	-1.44454e-01
  5.00e-02	  1.77e-02	-1.23562e-01
  5.00e-02	  1.82e-02	-1.03790e-01
  5.00e-02	  1.88e-02	-8.79406e-02
  5.00e-02	  1.93e-02	-7.57883e-02
  5.00e-02	  1.98e-02	-6.63482e-02
  5.00e-02	  2.03e-02	-5.87291e-02
  5.00e-02	  2.08e-02	-5.23221e-02
  5.00e-02	  2.14e-02	-4.67561e-02
  5.00e-02	  2.19e-02	-4.18085e-02
  5.00e-02	  2.24e-02	-3.73389e-02
  5.00e-02	  2.29e-02	-3.32483e-02
  5.00e-02	  2.34e-02	-2.94596e-02
  5.00e-02	  2.40e-02	-2.59071e-02
  5.00e-02	  2.45e-02	-2.25311e-02
  5.00e-02	  2.50e-02	-1.92757e-02
  5.00e-02	  2.55e-02	-1.60852e-02
  5.00e-02	  2.60e-02	-1.29018e-02
  5.00e-02	  2.66e-02	-9.66015e-03
  5.00e-02	  2.71e-02	-6.27773e-03
  5.00e-02	  2.76e-02	-2.63515e-03
  5.00e-02	  2.81e-02	1.46258e-03
  5.00e-02	  2.86e-02	6.35216e-03
  5.00e-02	  2.92e-02	1.25993e-02
  5.00e-02	  2.97e-02	2.10478e-02
  5.00e-02	  3.02e-02	3.26458e-02
  5.00e-02	  3.07e-02	4.76406e-02
  5.00e-02	  3.13e-02	6.34058e-02
  5.00e-02	  3.18e-02	6.97192e-02
  5.00e-02	  3.23e-02	3.95362e-02
  5.00e-02	  3.28e-02	-8.84905e-02
  5.00e-02	  3.33e-02	-4.42989e-01
  5.00e-02	  3.39e-02	-1.27568e+00
  5.00e-02	  3.44e-02	-3.01313e+00
  5.00e-02	  3.49e-02	-6.16676e+00
  5.00e-02	  3.54e-02	-1.09754e+01
  5.00e-02	  3.59e-02	-1.71455e+01
  5.00e-02	  3.65e-02	-2.36834e+01
  5.00e-02	  3.70e-02	-2.62829e+01
  5.00e-02	  3.75e-02	-2.04386e+01
  5.00e-02	  3.80e-02	-4.88473e+00
  5.00e-02	  3.85e-02	3.61986e+01
  5.00e-02	  3.91e-02	1.23344e+02
  5.00e-02	  3.96e-02	3.27968e+02
  5.00e-02	  4.01e-02	1.12209e-30
  5.00e-02	  4.06e-02	1.77627e-63
  5.00e-02	  4.11e-02	2.67964e-96
  5.00e-02	  4.17e-02	4.05041e-129
  5.00e-02	  4.22e-02	6.13270e-162
  5.00e-02	  4.27e-02	9.29678e-195
  5.00e-02	  4.32e-02	1.41039e-227
  5.00e-02	  4.37e-02	2.14063e-260
  5.00e-02	  4.43e-02	3.25035e-293
  5.00e-02	  4.48e-02	0.00000e+00
  5.00e-02	  4.53e-02	0.00000e+00
  5.00e-02	  4.58e-02	0.00000e+00
  5.00e-02	  4.64e-02	0.00000e+00
  5.00e-02	  4.69e-02	0.00000e+00
  5.00e-02	  4.74e-02	0.00000e+00
  5.00e-02	  4.79e-02	0.00000e+00
  5.00e-02	  4.84e-02	0.00000e+00
  5.00e-02	  4.90e-02	0.00000e+00
  5.00e-02	  4.95e-02	0.00000e+00

  5.08e-02	  0.00e+00	0.00000e+00
  5.08e-02	  5.21e-04	0.00000e+00
  5.08e-02	  1.04e-03	0.00000e+00
  5.08e-02	  1.56e-03	0.00000e+00
  5.08e-02	  2.08e-03	0.00000e+00
  5.08e-02	  2.60e-03	0.00000e+00
  5.08e-02	  3.12e-03	0.00000e+00
  5.08e-02	  3.65e-03	0.00000e+00
  5.08e-02	  4.17e-03	-3.21738e-293
  5.08e-02	  4.69e-03	-2.11734e-260
  5.08e-02	  5.21e-03	-1.39393e-227
  5.08e-02	  5.73e-03	-9.18038e-195
  5.08e-02	  6.25e-03	-6.05044e-162
  5.08e-02	  6.77e-03	-3.99235e-129
  5.08e-02	  7.29e-03	-2.63874e-96
  5.08e-02	  7.81e-03	-1.74754e-63
  5.08e-02	  8.33e-03	-1.15968e-30
  5.08e-02	  8.85e-03	-3.23164e+02
  5.08e-02	  9.37e-03	-1.23063e+02
  5.08e-02	  9.90e-03	-3.71403e+01
  5.08e-02	  1.04e-02	3.88430e+00
  5.08e-02	  1.09e-02	1.97905e+01
  5.08e-02	  1.15e-02	2.55983e+01
  5.08e-02	  1.20e-02	2.29044e+01
  5.08e-02	  1.25e-02	1.67565e+01
  5.08e-02	  1.30e-02	1.08527e+01
  5.08e-02	  1.35e-02	6.13236e+00
  5.08e-02	  1.41e-02	2.97725e+00
  5.08e-02	  1.46e-02	1.22200e+00
  5.08e-02	  1.51e-02	3.78811e-01
  5.08e-02	  1.56e-02	2.03943e-02
  5.08e-02	  1.61e-02	-1.08399e-01
  5.08e-02	  1.67e-02	-1.37779e-01
  5.08e-02	  1.72e-02	-1.29706e-01
  5.08e-02	  1.77e-02	-1.11616e-01
  5.08e-02	  1.82e-02	-9.40612e-02
  5.08e-02	  1.88e-02	-7.99166e-02
  5.08e-02	  1.93e-02	-6.90862e-02
  5.08e-02	  1.98e-02	-6.06968e-02
  5.08e-02	  2.03e-02	-5.39341e-02
  5.08e-02	  2.08e-02	-4.82392e-02
  5.08e-02	  2.14e-02	-4.32739e-02
  5.08e-02	  2.19e-02	-3.88397e-02
  5.08e-02	  2.24e-02	-3.48148e-02
  5.08e-02	  2.29e-02	-3.11162e-02
  5.08e-02	  2.34e-02	-2.76810e-02
  5.08e-02	  2.40e-02	-2.44565e-02
  5.08e-02	  2.45e-02	-2.13958e-02
  5.08e-02	  2.50e-02	-1.84550e-02
  5.08e-02	  2.55e-02	-1.55909e-02
  5.08e-02	  2.60e-02	-1.27582e-02
  5.08e-02	  2.66e-02	-9.90484e-03
  5.08e-02	  2.71e-02	-6.96321e-03
  5.08e-02	  2.76e-02	-3.83139e-03
  5.08e-02	  2.81e-02	-3.37046e-04
  5.08e-02	  2.86e-02	3.82378e-03
  5.08e-02	  2.92e-02	9.16546e-03
  5.08e-02	  2.97e-02	1.64493e-02
  5.08e-02	  3.02e-02	2.64986e-02
  5.08e-02	  3.07e-02	3.94015e-02
  5.08e-02	  3.13e-02	5.24111e-02
  5.08e-02	  3.18e-02	5.54256e-02
  5.08e-02	  3.23e-02	2.21282e-02
  5.08e-02	  3.28e-02	-1.07121e-01
  5.08e-02	  3.33e-02	-4.58523e-01
  5.08e-02	  3.39e-02	-1.28258e+00
  5.08e-02	  3.44e-02	-3.00807e+00
  5.08e-02	  3.49e-02	-6.14195e+00
  5.08e-02	  3.54e-02	-1.08725e+01
  5.08e-02	  3.59e-02	-1.67906e+01
  5.08e-02	  3.65e-02	-2.29484e+01
  5.08e-02	  3.70e-02	-2.59677e+01
  5.08e-02	  3.75e-02	-2.01864e+01
  5.08e-02	  3.80e-02	-2.98923e+00
  5.08e-02	  3.85e-02	3.86977e+01
  5.08e-02	  3.91e-02	1.24019e+02
  5.08e-02	  3.96e-02	3.21871e+02
  5.08e-02	  4.01e-02	1.09430e-30
  5.08e-02	  4.06e-02	1.73761e-63
  5.08e-02	  4.11e-02	2.62441e-96
  5.08e-02	  4.17e-02	3.97179e-129
  5.08e-02	  4.22e-02	6.02110e-162
  5.08e-02	  4.27e-02	9.13876e-195
  5.08e-02	  4.32e-02	1.38806e-227
  5.08e-02	  4.37e-02	2.10912e-260
  5.08e-02	  4.43e-02	3.20593e-293
  5.08e-02	  4.48e-02	0.00000e+00
  5.08e-02	  4.53e-02	0.00000e+00
  5.08e-02	  4.58e-02	0.00000e+00
  5.08e-02	  4.64e-02	0.00000e+00
  5.08e-02	  4.69e-02	0.00000e+00
  5.08e-02	  4.74e-02	0.00000e+00
  5.08e-02	  4.79e-02	0.00000e+00
  5.08e-02	  4.84e-02	0.00000e+00
  5.08e-02	  4.90e-02	0.00000e+00
  5.08e-02	  4.95e-02	0.00000e+00

  5.16e-02	  0.00e+00	0.00000e+00
  5.16e-02	  5.21e-04	0.00000e+00
  5.16e-02	  1.04e-03	0.00000e+00
  5.16e-02	  1.56e-03	0.00000e+00
  5.16e-02	  2.08e-03	0.00000e+00
  5.16e-02	  2.60e-03	0.00000e+00
  5.16e-02	  3.12e-03	0.00000e+00
  5.16e-02	  3.65e-03	0.00000e+00
  5.16e-02	  4.17e-03	-3.17666e-293
  5.16e-02	  4.69e-03	-2.08844e-260
  5.16e-02	  5.21e-03	-1.37343e-227
  5.16e-02	  5.73e-03	-9.03520e-195
  5.16e-02	  6.25e-03	-5.94778e-162
  5.16e-02	  6.77e-03	-3.91993e-129
  5.16e-02	  7.29e-03	-2.58780e-96
  5.16e-02	  7.81e-03	-1.71182e-63
  5.16e-02	  8.33e-03	-1.13471e-30
  5.16e-02	  8.85e-03	-3.17491e+02
  5.16e-02	  9.37e-03	-1.23742e+02
  5.16e-02	  9.90e-03	-3.95350e+01
  5.16e-02	  1.04e-02	2.20190e+00
  5.16e-02	  1.09e-02	1.96446e+01
  5.16e-02	  1.15e-02	2.52934e+01
  5.16e-02	  1.20e-02	2.22498e+01
  5.16e-02	  1.25e-02	1.64310e+01
  5.16e-02	  1.30e-02	1.07500e+01
  5.16e-02	  1.35e-02	6.10319e+00
  5.16e-02	  1.41e-02	2.97162e+00
  5.16e-02	  1.46e-02	1.23196e+00
  5.16e-02	  1.51e-02	3.99257e-01
  5.16e-02	  1.56e-02	4.46193e-02
  5.16e-02	  1.61e-02	-8.52549e-02
  5.16e-02	  1.67e-02	-1.17864e-01
  5.16e-02	  1.72e-02	-1.13333e-01
  5.16e-02	  1.77e-02	-9.82937e-02
  5.16e-02	  1.82e-02	-8.31336e-02
  5.16e-02	  1.88e-02	-7.08225e-02
  5.16e-02	  1.93e-02	-6.14142e-02
  5.16e-02	  1.98e-02	-5.41597e-02
  5.16e-02	  2.03e-02	-4.83291e-02
  5.16e-02	  2.08e-02	-4.34178e-02
  5.16e-02	  2.14e-02	-3.91228e-02
  5.16e-02	  2.19e-02	-3.52702e-02
  5.16e-02	  2.24e-02	-3.17568e-02
  5.16e-02	  2.29e-02	-2.85156e-02
  5.16e-02	  2.34e-02	-2.54973e-02
  5.16e-02	  2.40e-02	-2.26622e-02
  5.16e-02	  2.45e-02	-1.99754e-02
  5.16e-02	  2.50e-02	-1.74049e-02
  5.16e-02	  2.55e-02	-1.49193e-02
  5.16e-02	  2.60e-02	-1.24853e-02
  5.16e-02	  2.66e-02	-1.00640e-02
  5.16e-02	  2.71e-02	-7.60206e-03
  5.16e-02	  2.76e-02	-5.01506e-03
  5.16e-02	  2.81e-02	-2.15391e-03
  5.16e-02	  2.86e-02	1.25090e-03
  5.16e-02	  2.92e-02	5.65864e-03
  5.16e-02	  2.97e-02	1.17413e-02
  5.16e-02	  3.02e-02	2.01863e-02
  5.16e-02	  3.07e-02	3.09072e-02
  5.16e-02	  3.13e-02	4.10145e-02
  5.16e-02	  3.18e-02	4.04962e-02
  5.16e-02	  3.23e-02	3.73340e-03
  5.16e-02	  3.28e-02	-1.27166e-01
  5.16e-02	  3.33e-02	-4.75595e-01
  5.16e-02	  3.39e-02	-1.28959e+00
  5.16e-02	  3.44e-02	-2.99816e+00
  5.16e-02	  3.49e-02	-6.10489e+00
  5.16e-02	  3.54e-02	-1.07593e+01
  5.16e-02	  3.59e-02	-1.64592e+01
  5.16e-02	  3.65e-02	-2.22872e+01
  5.16e-02	  3.70e-02	-2.56085e+01
  5.16e-02	  3.75e-02	-2.01203e+01
  5.16e-02	  3.80e-02	-1.47623e+00
  5.16e-02	  3.85e-02	4.10621e+01
  5.16e-02	  3.91e-02	1.24700e+02
  5.16e-02	  3.96e-02	3.16315e+02
  5.16e-02	  4.01e-02	1.06956e-30
  5.16e-02	  4.06e-02	1.70288e-63
  5.16e-02	  4.11e-02	2.57500e-96
  5.16e-02	  4.17e-02	3.90172e-129
  5.16e-02	  4.22e-02	5.92202e-162
  5.16e-02	  4.27e-02	8.99903e-195
  5.16e-02	  4.32e-02	1.36839e-227
  5.16e-02	  4.37e-02	2.08146e-260
  5.16e-02	  4.43e-02	3.16710e-293
  5.16e-02	  4.48e-02	0.00000e+00
  5.16e-02	  4.53e-02	0.00000e+00
  5.16e-02	  4.58e-02	0.00000e+00
  5.16e-02	  4.64e-02	0.00000e+00
  5.16e-02	  4.69e-02	0.00000e+00
  5.16e-02	  4.74e-02	0.00000e+00
  5.16e-02	  4.79e-02	0.00000e+00
  5.16e-02	  4.84e-02	0.00000e+00
  5.16e-02	  4.90e-02	0.00000e+00
  5.16e-02	  4.95e-02	0.00000e+00

  5.23e-02	  0.00e+00	0.00000e+00
  5.23e-02	  5.21e-04	0.00000e+00
  5.23e-02	  1.04e-03	0.00000e+00
  5.23e-02	  1.56e-03	0.00000e+00
  5.23e-02	  2.08e-03	0.00000e+00
  5.23e-02	  2.60e-03	0.00000e+00
  5.23e-02	  3.12e-03	0.00000e+00
  5.23e-02	  3.65e-03	0.00000e+00
  5.23e-02	  4.17e-03	-3.14113e-293
  5.23e-02	  4.69e-03	-2.06313e-260
  5.23e-02	  5.21e-03	-1.35542e-227
  5.23e-02	  5.73e-03	-8.90712e-195
  5.23e-02	  6.25e-03	-5.85688e-162
  5.23e-02	  6.77e-03	-3.85557e-129
  5.23e-02	  7.29e-03	-2.54236e-96
  5.23e-02	  7.81e-03	-1.67983e-63
  5.23e-02	  8.33e-03	-1.11227e-30
  5.23e-02	  8.85e-03	-3.12343e+02
  5.23e-02	  9.37e-03	-1.24437e+02
  5.23e-02	  9.90e-03	-4.18000e+01
  5.23e-02	  1.04e-02	8.83437e-01
  5.23e-02	  1.09e-02	1.96617e+01
  5.23e-02	  1.15e-02	2.49549e+01
  5.23e-02	  1.20e-02	2.16595e+01
  5.23e-02	  1.25e-02	1.61299e+01
  5.23e-02	  1.30e-02	1.06410e+01
  5.23e-02	  1.35e-02	6.06502e+00
  5.23e-02	  1.41e-02	2.96315e+00
  5.23e-02	  1.46e-02	1.24327e+00
  5.23e-02	  1.51e-02	4.22101e-01
  5.23e-02	  1.56e-02	7.09609e-02
  5.23e-02	  1.61e-02	-6.04846e-02
  5.23e-02	  1.67e-02	-9.66984e-02
  5.23e-02	  1.72e-02	-9.59567e-02
  5.23e-02	  1.77e-02	-8.41302e-02
  5.23e-02	  1.82e-02	-7.14715e-02
  5.23e-02	  1.88e-02	-6.10680e-02
  5.23e-02	  1.93e-02	-5.31369e-02
  5.23e-02	  1.98e-02	-4.70625e-02
  5.23e-02	  2.03e-02	-4.22053e-02
  5.23e-02	  2.08e-02	-3.81182e-02
  5.23e-02	  2.14e-02	-3.45345e-02
  5.23e-02	  2.19e-02	-3.13052e-02
  5.23e-02	  2.24e-02	-2.83459e-02
  5.23e-02	  2.29e-02	-2.56045e-02
  5.23e-02	  2.34e-02	-2.30452e-02
  5.23e-02	  2.40e-02	-2.06403e-02
  5.23e-02	  2.45e-02	-1.83664e-02
  5.23e-02	  2.50e-02	-1.62026e-02
  5.23e-02	  2.55e-02	-1.41286e-02
  5.23e-02	  2.60e-02	-1.21224e-02
  5.23e-02	  2.66e-02	-1.01575e-02
  5.23e-02	  2.71e-02	-8.19427e-03
  5.23e-02	  2.76e-02	-6.16538e-03
  5.23e-02	  2.81e-02	-3.94497e-03
  5.23e-02	  2.86e-02	-1.29896e-03
  5.23e-02	  2.92e-02	2.17445e-03
  5.23e-02	  2.97e-02	7.05368e-03
  5.23e-02	  3.02e-02	1.38835e-02
  5.23e-02	  3.07e-02	2.23934e-02
  5.23e-02	  3.13e-02	2.95366e-02
  5.23e-02	  3.18e-02	2.53657e-02
  5.23e-02	  3.23e-02	-1.50797e-02
  5.23e-02	  3.28e-02	-1.47950e-01
  5.23e-02	  3.33e-02	-4.93579e-01
  5.23e-02	  3.39e-02	-1.29655e+00
  5.23e-02	  3.44e-02	-2.98444e+00
  5.23e-02	  3.49e-02	-6.05844e+00
  5.23e-02	  3.54e-02	-1.06398e+01
  5.23e-02	  3.59e-02	-1.61520e+01
  5.23e-02	  3.65e-02	-2.16904e+01
  5.23e-02	  3.70e-02	-2.52179e+01
  5.23e-02	  3.75e-02	-2.01991e+01
  5.23e-02	  3.80e-02	-3.40613e-01
  5.23e-02	  3.85e-02	4.32785e+01
  5.23e-02	  3.91e-02	1.25393e+02
  5.23e-02	  3.96e-02	3.11287e+02
  5.23e-02	  4.01e-02	1.04768e-30
  5.23e-02	  4.06e-02	1.67189e-63
  5.23e-02	  4.11e-02	2.53109e-96
  5.23e-02	  4.17e-02	3.83968e-129
  5.23e-02	  4.22e-02	5.83465e-162
  5.23e-02	  4.27e-02	8.87629e-195
  5.23e-02	  4.32e-02	1.35118e-227
  5.23e-02	  4.37e-02	2.05736e-260
  5.23e-02	  4.43e-02	3.13337e-293
  5.23e-02	  4.48e-02	0.00000e+00
  5.23e-02	  4.53e-02	0.00000e+00
  5.23e-02	  4.58e-02	0.00000e+00
  5.23e-02	  4.64e-02	0.00000e+00
  5.23e-02	  4.69e-02	0.00000e+00
  5.23e-02	  4.74e-02	0.00000e+00
  5.23e-02	  4.79e-02	0.00000e+00
  5.23e-02	  4.84e-02	0.00000e+00
  5.23e-02	  4.90e-02	0.00000e+00
  5.23e-02	  4.95e-02	0.00000e+00

  5.31e-02	  0.00e+00	0.00000e+00
  5.31e-02	  5.21e-04	0.00000e+00
  5.31e-02	  1.04e-03	0.00000e+00
  5.31e-02	  1.56e-03	0.00000e+00
  5.31e-02	  2.08e-03	0.00000e+00
  5.31e-02	  2.60e-03	0.00000e+00
  5.31e-02	  3.12e-03	0.00000e+00
  5.31e-02	  3.65e-03	0.00000e+00
  5.31e-02	  4.17e-03	-3.11032e-293
  5.31e-02	  4.69e-03	-2.04110e-260
  5.31e-02	  5.21e-03	-1.33969e-227
  5.31e-02	  5.73e-03	-8.79486e-195
  5.31e-02	  6.25e-03	-5.77691e-162
  5.31e-02	  6.77e-03	-3.79874e-129
  5.31e-02	  7.29e-03	-2.50208e-96
  5.31e-02	  7.81e-03	-1.65138e-63
  5.31e-02	  8.33e-03	-1.09223e-30
  5.31e-02	  8.85e-03	-3.07704e+02
  5.31e-02	  9.37e-03	-1.25151e+02
  5.31e-02	  9.90e-03	-4.39217e+01
  5.31e-02	  1.04e-02	-7.91416e-02
  5.31e-02	  1.09e-02	1.98026e+01
  5.31e-02	  1.15e-02	2.45916e+01
  5.31e-02	  1.20e-02	2.11261e+01
  5.31e-02	  1.25e-02	1.58531e+01
  5.31e-02	  1.30e-02	1.05288e+01
  5.31e-02	  1.35e-02	6.02025e+00
  5.31e-02	  1.41e-02	2.95259e+00
  5.31e-02	  1.46e-02	1.25549e+00
  5.31e-02	  1.51e-02	4.46424e-01
  5.31e-02	  1.56e-02	9.84357e-02
  5.31e-02	  1.61e-02	-3.49692e-02
  5.31e-02	  1.67e-02	-7.50282e-02
  5.31e-02	  1.72e-02	-7.82031e-02
  5.31e-02	  1.77e-02	-6.96549e-02
  5.31e-02	  1.82e-02	-5.95319e-02
  5.31e-02	  1.88e-02	-5.10535e-02
  5.31e-02	  1.93e-02	-4.46089e-02
  5.31e-02	  1.98e-02	-3.97212e-02
  5.31e-02	  2.03e-02	-3.58449e-02
  5.31e-02	  2.08e-02	-3.25917e-02
  5.31e-02	  2.14e-02	-2.97324e-02
  5.31e-02	  2.19e-02	-2.71426e-02
  5.31e-02	  2.24e-02	-2.47557e-02
  5.31e-02	  2.29e-02	-2.25342e-02
  5.31e-02	  2.34e-02	-2.04546e-02
  5.31e-02	  2.40e-02	-1.85004e-02
  5.31e-02	  2.45e-02	-1.66588e-02
  5.31e-02	  2.50e-02	-1.49189e-02
  5.31e-02	  2.55e-02	-1.32707e-02
  5.31e-02	  2.60e-02	-1.17028e-02
  5.31e-02	  2.66e-02	-1.01996e-02
  5.31e-02	  2.71e-02	-8.73470e-03
  5.31e-02	  2.76e-02	-7.25686e-03
  5.31e-02	  2.81e-02	-5.66309e-03
  5.31e-02	  2.86e-02	-3.75477e-03
  5.31e-02	  2.92e-02	-1.18843e-03
  5.31e-02	  2.97e-02	2.51913e-03
  5.31e-02	  3.02e-02	7.76794e-03
  5.31e-02	  3.07e-02	1.41003e-02
  5.31e-02	  3.13e-02	1.83058e-02
  5.31e-02	  3.18e-02	1.04819e-02
  5.31e-02	  3.23e-02	-3.37184e-02
  5.31e-02	  3.28e-02	-1.68751e-01
  5.31e-02	  3.33e-02	-5.11769e-01
  5.31e-02	  3.39e-02	-1.30317e+00
  5.31e-02	  3.44e-02	-2.96775e+00
  5.31e-02	  3.49e-02	-6.00508e+00
  5.31e-02	  3.54e-02	-1.05171e+01
  5.31e-02	  3.59e-02	-1.58686e+01
  5.31e-02	  3.65e-02	-2.11511e+01
  5.31e-02	  3.70e-02	-2.48057e+01
  5.31e-02	  3.75e-02	-2.03820e+01
  5.31e-02	  3.80e-02	4.30831e-01
  5.31e-02	  3.85e-02	4.53336e+01
  5.31e-02	  3.91e-02	1.26104e+02
  5.31e-02	  3.96e-02	3.06770e+02
  5.31e-02	  4.01e-02	1.02842e-30
  5.31e-02	  4.06e-02	1.64443e-63
  5.31e-02	  4.11e-02	2.49232e-96
  5.31e-02	  4.17e-02	3.78514e-129
  5.31e-02	  4.22e-02	5.75813e-162
  5.31e-02	  4.27e-02	8.76921e-195
  5.31e-02	  4.32e-02	1.33622e-227
  5.31e-02	  4.37e-02	2.03650e-260
  5.31e-02	  4.43e-02	3.10431e-293
  5.31e-02	  4.48e-02	0.00000e+00
  5.31e-02	  4.53e-02	0.00000e+00
  5.31e-02	  4.58e-02	0.00000e+00
  5.31e-02	  4.64e-02	0.00000e+00
  5.31e-02	  4.69e-02	0.00000e+00
  5.31e-02	  4.74e-02	0.00000e+00
  5.31e-02	  4.79e-02	0.00000e+00
  5.31e-02	  4.84e-02	0.00000e+00
  5.31e-02	  4.90e-02	0.00000e+00
  5.31e-02	  4.95e-02	0.00000e+00

  5.39e-02	  0.00e+00	0.00000e+00
  5.39e-02	  5.21e-04	0.00000e+00
  5.39e-02	  1.04e-03	0.00000e+00
  5.39e-02	  1.56e-03	0.00000e+00
  5.39e-02	  2.08e-03	0.00000e+00
  5.39e-02	  2.60e-03	0.00000e+00
  5.39e-02	  3.12e-03	0.00000e+00
  5.39e-02	  3.65e-03	0.00000e+00
  5.39e-02	  4.17e-03	-3.08380e-293
  5.39e-02	  4.69e-03	-2.02207e-260
  5.39e-02	  5.21e-03	-1.32604e-227
  5.39e-02	  5.73e-03	-8.69712e-195
  5.39e-02	  6.25e-03	-5.70702e-162
  5.39e-02	  6.77e-03	-3.74888e-129
  5.39e-02	  7.29e-03	-2.46662e-96
  5.39e-02	  7.81e-03	-1.62624e-63
  5.39e-02	  8.33e-03	-1.07446e-30
  5.39e-02	  8.85e-03	-3.03554e+02
  5.39e-02	  9.37e-03	-1.25887e+02
  5.39e-02	  9.90e-03	-4.58867e+01
  5.39e-02	  1.04e-02	-7.00640e-01
  5.39e-02	  1.09e-02	2.00286e+01
  5.39e-02	  1.15e-02	2.42102e+01
  5.39e-02	  1.20e-02	2.06443e+01
  5.39e-02	  1.25e-02	1.55992e+01
  5.39e-02	  1.30e-02	1.04157e+01
  5.39e-02	  1.35e-02	5.97084e+00
  5.39e-02	  1.41e-02	2.94047e+00
  5.39e-02	  1.46e-02	1.26806e+00
  5.39e-02	  1.51e-02	4.71241e-01
  5.39e-02	  1.56e-02	1.26042e-01
  5.39e-02	  1.61e-02	-9.58028e-03
  5.39e-02	  1.67e-02	-5.35764e-02
  5.39e-02	  1.72e-02	-6.06690e-02
  5.39e-02	  1.77e-02	-5.53679e-02
  5.39e-02	  1.82e-02	-4.77423e-02
  5.39e-02	  1.88e-02	-4.11512e-02
  5.39e-02	  1.93e-02	-3.61586e-02
  5.39e-02	  1.98e-02	-3.24275e-02
  5.39e-02	  2.03e-02	-2.95072e-02
  5.39e-02	  2.08e-02	-2.70692e-02
  5.39e-02	  2.14e-02	-2.49210e-02
  5.39e-02	  2.19e-02	-2.29622e-02
  5.39e-02	  2.24e-02	-2.11434e-02
  5.39e-02	  2.29e-02	-1.94404e-02
  5.39e-02	  2.34e-02	-1.78408e-02
  5.39e-02	  2.40e-02	-1.63383e-02
  5.39e-02	  2.45e-02	-1.49294e-02
  5.39e-02	  2.50e-02	-1.36125e-02
  5.39e-02	  2.55e-02	-1.23864e-02
  5.39e-02	  2.60e-02	-1.12491e-02
  5.39e-02	  2.66e-02	-1.01951e-02
  5.39e-02	  2.71e-02	-9.20974e-03
  5.39e-02	  2.76e-02	-8.25689e-03
  5.39e-02	  2.81e-02	-7.25542e-03
  5.39e-02	  2.86e-02	-6.04145e-03
  5.39e-02	  2.92e-02	-4.32913e-03
  5.39e-02	  2.97e-02	-1.72947e-03
  5.39e-02	  3.02e-02	2.01515e-03
  5.39e-02	  3.07e-02	6.26358e-03
  5.39e-02	  3.13e-02	7.64339e-03
  5.39e-02	  3.18e-02	-3.71621e-03
  5.39e-02	  3.23e-02	-5.15972e-02
  5.39e-02	  3.28e-02	-1.88844e-01
  5.39e-02	  3.33e-02	-5.29416e-01
  5.39e-02	  3.39e-02	-1.30907e+00
  5.39e-02	  3.44e-02	-2.94872e+00
  5.39e-02	  3.49e-02	-5.94682e+00
  5.39e-02	  3.54e-02	-1.03935e+01
  5.39e-02	  3.59e-02	-1.56078e+01
  5.39e-02	  3.65e-02	-2.06645e+01
  5.39e-02	  3.70e-02	-2.43793e+01
  5.39e-02	  3.75e-02	-2.06300e+01
  5.39e-02	  3.80e-02	8.58614e-01
  5.39e-02	  3.85e-02	4.72153e+01
  5.39e-02	  3.91e-02	1.26830e+02
  5.39e-02	  3.96e-02	3.02742e+02
  5.39e-02	  4.01e-02	1.01157e-30
  5.39e-02	  4.06e-02	1.62027e-63
  5.39e-02	  4.11e-02	2.45834e-96
  5.39e-02	  4.17e-02	3.73751e-129
  5.39e-02	  4.22e-02	5.69158e-162
  5.39e-02	  4.27e-02	8.67647e-195
  5.39e-02	  4.32e-02	1.32332e-227
  5.39e-02	  4.37e-02	2.01858e-260
  5.39e-02	  4.43e-02	3.07944e-293
  5.39e-02	  4.48e-02	0.00000e+00
  5.39e-02	  4.53e-02	0.00000e+00
  5.39e-02	  4.58e-02	0.00000e+00
  5.39e-02	  4.64e-02	0.00000e+00
  5.39e-02	  4.69e-02	0.00000e+00
  5.39e-02	  4.74e-02	0.00000e+00
  5.39e-02	  4.79e-02	0.00000e+00
  5.39e-02	  4.84e-02	0.00000e+00
  5.39e-02	  4.90e-02	0.00000e+00
  5.39e-02	  4.95e-02	0.00000e+00

  5.47e-02	  0.00e+00	0.00000e+00
  5.47e-02	  5.21e-04	0.00000e+00
  5.47e-02	  1.04e-03	0.00000e+00
  5.47e-02	  1.56e-03	0.00000e+00
  5.47e-02	  2.08e-03	0.00000e+00
  5.47e-02	  2.60e-03	0.00000e+00
  5.47e-02	  3.12e-03	0.00000e+00
  5.47e-02	  3.65e-03	0.00000e+00
  5.47e-02	  4.17e-03	-3.06114e-293
  5.47e-02	  4.69e-03	-2.00574e-260
  5.47e-02	  5.21e-03	-1.31428e-227
  5.47e-02	  5.73e-03	-8.61258e-195
  5.47e-02	  6.25e-03	-5.64634e-162
  5.47e-02	  6.77e-03	-3.70544e-129
  5.47e-02	  7.29e-03	-2.43561e-96
  5.47e-02	  7.81e-03	-1.60417e-63
  5.47e-02	  8.33e-03	-1.05880e-30
  5.47e-02	  8.85e-03	-2.99869e+02
  5.47e-02	  9.37e-03	-1.26640e+02
  5.47e-02	  9.90e-03	-4.76829e+01
  5.47e-02	  1.04e-02	-1.00267e+00
  5.47e-02	  1.09e-02	2.03029e+01
  5.47e-02	  1.15e-02	2.38160e+01
  5.47e-02	  1.20e-02	2.02096e+01
  5.47e-02	  1.25e-02	1.53665e+01
  5.47e-02	  1.30e-02	1.03032e+01
  5.47e-02	  1.35e-02	5.91826e+00
  5.47e-02	  1.41e-02	2.92702e+00
  5.47e-02	  1.46e-02	1.28028e+00
  5.47e-02	  1.51e-02	4.95544e-01
  5.47e-02	  1.56e-02	1.52813e-01
  5.47e-02	  1.61e-02	1.48634e-02
  5.47e-02	  1.67e-02	-3.30088e-02
  5.47e-02	  1.72e-02	-4.38956e-02
  5.47e-02	  1.77e-02	-4.17171e-02
  5.47e-02	  1.82e-02	-3.64820e-02
  5.47e-02	  1.88e-02	-3.16893e-02
  5.47e-02	  1.93e-02	-2.80739e-02
  5.47e-02	  1.98e-02	-2.54361e-02
  5.47e-02	  2.03e-02	-2.34185e-02
  5.47e-02	  2.08e-02	-2.17509e-02
  5.47e-02	  2.14e-02	-2.02768e-02
  5.47e-02	  2.19e-02	-1.89187e-02
  5.47e-02	  2.24e-02	-1.76430e-02
  5.47e-02	  2.29e-02	-1.64374e-02
  5.47e-02	  2.34e-02	-1.52994e-02
  5.47e-02	  2.40e-02	-1.42316e-02
  5.47e-02	  2.45e-02	-1.32388e-02
  5.47e-02	  2.50e-02	-1.23269e-02
  5.47e-02	  2.55e-02	-1.15027e-02
  5.47e-02	  2.60e-02	-1.07720e-02
  5.47e-02	  2.66e-02	-1.01383e-02
  5.47e-02	  2.71e-02	-9.59717e-03
  5.47e-02	  2.76e-02	-9.12626e-03
  5.47e-02	  2.81e-02	-8.66492e-03
  5.47e-02	  2.86e-02	-8.08244e-03
  5.47e-02	  2.92e-02	-7.14851e-03
  5.47e-02	  2.97e-02	-5.56467e-03
  5.47e-02	  3.02e-02	-3.20929e-03
  5.47e-02	  3.07e-02	-8.97023e-04
  5.47e-02	  3.13e-02	-2.15311e-03
  5.47e-02	  3.18e-02	-1.68225e-02
  5.47e-02	  3.23e-02	-6.81712e-02
  5.47e-02	  3.28e-02	-2.07538e-01
  5.47e-02	  3.33e-02	-5.45776e-01
  5.47e-02	  3.39e-02	-1.31376e+00
  5.47e-02	  3.44e-02	-2.92771e+00
  5.47e-02	  3.49e-02	-5.88527e+00
  5.47e-02	  3.54e-02	-1.02707e+01
  5.47e-02	  3.59e-02	-1.53679e+01
  5.47e-02	  3.65e-02	-2.02264e+01
  5.47e-02	  3.70e-02	-2.39451e+01
  5.47e-02	  3.75e-02	-2.09069e+01
  5.47e-02	  3.80e-02	9.70188e-01
  5.47e-02	  3.85e-02	4.89132e+01
  5.47e-02	  3.91e-02	1.27570e+02
  5.47e-02	  3.96e-02	2.99178e+02
  5.47e-02	  4.01e-02	9.96871e-31
  5.47e-02	  4.06e-02	1.59916e-63
  5.47e-02	  4.11e-02	2.42877e-96
  5.47e-02	  4.17e-02	3.69622e-129
  5.47e-02	  4.22e-02	5.63412e-162
  5.47e-02	  4.27e-02	8.59671e-195
  5.47e-02	  4.32e-02	1.31228e-227
  5.47e-02	  4.37e-02	2.00330e-260
  5.47e-02	  4.43e-02	3.05835e-293
  5.47e-02	  4.48e-02	0.00000e+00
  5.47e-02	  4.53e-02	0.00000e+00
  5.47e-02	  4.58e-02	0.00000e+00
  5.47e-02	  4.64e-02	0.00000e+00
  5.47e-02	  4.69e-02	0.00000e+00
  5.47e-02	  4.74e-02	0.00000e+00
  5.47e-02	  4.79e-02	0.00000e+00
  5.47e-02	  4.84e-02	0.00000e+00
  5.47e-02	  4.90e-02	0.00000e+00
  5.47e-02	  4.95e-02	0.00000e+00

  5.55e-02	  0.00e+00	0.00000e+00
  5.55e-02	  5.21e-04	0.00000e+00
  5.55e-02	  1.04e-03	0.00000e+00
  5.55e-02	  1.56e-03	0.00000e+00
  5.55e-02	  2.08e-03	0.00000e+00
  5.55e-02	  2.60e-03	0.00000e+00
  5.55e-02	  3.12e-03	0.00000e+00
  5.55e-02	  3.65e-03	0.00000e+00
  5.55e-02	  4.17e-03	-3.04194e-293
  5.55e-02	  4.69e-03	-1.99184e-260
  5.55e-02	  5.21e-03	-1.30423e-227
  5.55e-02	  5.73e-03	-8.53999e-195
  5.55e-02	  6.25e-03	-5.59403e-162
  5.55e-02	  6.77e-03	-3.66785e-129
  5.55e-02	  7.29e-03	-2.40868e-96
  5.55e-02	  7.81e-03	-1.58494e-63
  5.55e-02	  8.33e-03	-1.04511e-30
  5.55e-02	  8.85e-03	-2.96620e+02
  5.55e-02	  9.37e-03	-1.27407e+02
  5.55e-02	  9.90e-03	-4.93000e+01
  5.55e-02	  1.04e-02	-1.01328e+00
  5.55e-02	  1.09e-02	2.05922e+01
  5.55e-02	  1.15e-02	2.34144e+01
  5.55e-02	  1.20e-02	1.98181e+01
  5.55e-02	  1.25e-02	1.51529e+01
  5.55e-02	  1.30e-02	1.01922e+01
  5.55e-02	  1.35e-02	5.86354e+00
  5.55e-02	  1.41e-02	2.91223e+00
  5.55e-02	  1.46e-02	1.29140e+00
  5.55e-02	  1.51e-02	5.18367e-01
  5.55e-02	  1.56e-02	1.77864e-01
  5.55e-02	  1.61e-02	3.76358e-02
  5.55e-02	  1.67e-02	-1.39044e-02
  5.55e-02	  1.72e-02	-2.83465e-02
  5.55e-02	  1.77e-02	-2.90811e-02
  5.55e-02	  1.82e-02	-2.60685e-02
  5.55e-02	  1.88e-02	-2.29406e-02
  5.55e-02	  1.93e-02	-2.05933e-02
  5.55e-02	  1.98e-02	-1.89575e-02
  5.55e-02	  2.03e-02	-1.77649e-02
  5.55e-02	  2.08e-02	-1.68013e-02
  5.55e-02	  2.14e-02	-1.59443e-02
  5.55e-02	  2.19e-02	-1.51377e-02
  5.55e-02	  2.24e-02	-1.43621e-02
  5.55e-02	  2.29e-02	-1.36157e-02
  5.55e-02	  2.34e-02	-1.29047e-02
  5.55e-02	  2.40e-02	-1.22390e-02
  5.55e-02	  2.45e-02	-1.16301e-02
  5.55e-02	  2.50e-02	-1.10906e-02
  5.55e-02	  2.55e-02	-1.06334e-02
  5.55e-02	  2.60e-02	-1.02713e-02
  5.55e-02	  2.66e-02	-1.00148e-02
  5.55e-02	  2.71e-02	-9.86851e-03
  5.55e-02	  2.76e-02	-9.82225e-03
  5.55e-02	  2.81e-02	-9.83409e-03
  5.55e-02	  2.86e-02	-9.80428e-03
  5.55e-02	  2.92e-02	-9.55462e-03
  5.55e-02	  2.97e-02	-8.87135e-03
  5.55e-02	  3.02e-02	-7.75856e-03
  5.55e-02	  3.07e-02	-7.18909e-03
  5.55e-02	  3.13e-02	-1.08249e-02
  5.55e-02	  3.18e-02	-2.84845e-02
  5.55e-02	  3.23e-02	-8.29641e-02
  5.55e-02	  3.28e-02	-2.24221e-01
  5.55e-02	  3.33e-02	-5.60157e-01
  5.55e-02	  3.39e-02	-1.31672e+00
  5.55e-02	  3.44e-02	-2.90490e+00
  5.55e-02	  3.49e-02	-5.82156e+00
  5.55e-02	  3.54e-02	-1.01496e+01
  5.55e-02	  3.59e-02	-1.51472e+01
  5.55e-02	  3.65e-02	-1.98324e+01
  5.55e-02	  3.70e-02	-2.35092e+01
  5.55e-02	  3.75e-02	-2.11816e+01
  5.55e-02	  3.80e-02	7.99194e-01
  5.55e-02	  3.85e-02	5.04189e+01
  5.55e-02	  3.91e-02	1.28320e+02
  5.55e-02	  3.96e-02	2.96049e+02
  5.55e-02	  4.01e-02	9.84111e-31
  5.55e-02	  4.06e-02	1.58085e-63
  5.55e-02	  4.11e-02	2.40322e-96
  5.55e-02	  4.17e-02	3.66068e-129
  5.55e-02	  4.22e-02	5.58486e-162
  5.55e-02	  4.27e-02	8.52864e-195
  5.55e-02	  4.32e-02	1.30289e-227
  5.55e-02	  4.37e-02	1.99039e-260
  5.55e-02	  4.43e-02	3.04061e-293
  5.55e-02	  4.48e-02	0.00000e+00
  5.55e-02	  4.53e-02	0.00000e+00
  5.55e-02	  4.58e-02	0.00000e+00
  5.55e-02	  4.64e-02	0.00000e+00
  5.55e-02	  4.69e-02	0.00000e+00
  5.55e-02	  4.74e-02	0.00000e+00
  5.55e-02	  4.79e-02	0.00000e+00
  5.55e-02	  4.84e-02	0.00000e+00
  5.55e-02	  4.90e-02	0.00000e+00
  5.55e-02	  4.95e-02	0.00000e+00

  5.62e-02	  0.00e+00	0.00000e+00
  5.62e-02	  5.21e-04	0.00000e+00
  5.62e-02	  1.04e-03	0.00000e+00
  5.62e-02	  1.56e-03	0.00000e+00
  5.62e-02	  2.08e-03	0.00000e+00
  5.62e-02	  2.60e-03	0.00000e+00
  5.62e-02	  3.12e-03	0.00000e+00
  5.62e-02	  3.65e-03	0.00000e+00
  5.62e-02	  4.17e-03	-3.02580e-293
  5.62e-02	  4.69e-03	-1.98009e-260
  5.62e-02	  5.21e-03	-1.29569e-227
  5.62e-02	  5.73e-03	-8.47809e-195
  5.62e-02	  6.25e-03	-5.54924e-162
  5.62e-02	  6.77e-03	-3.63554e-129
  5.62e-02	  7.29e-03	-2.38544e-96
  5.62e-02	  7.81e-03	-1.56828e-63
  5.62e-02	  8.33e-03	-1.03321e-30
  5.62e-02	  8.85e-03	-2.93779e+02
  5.62e-02	  9.37e-03	-1.28182e+02
  5.62e-02	  9.90e-03	-5.07302e+01
  5.62e-02	  1.04e-02	-7.66105e-01
  5.62e-02	  1.09e-02	2.08685e+01
  5.62e-02	  1.15e-02	2.30106e+01
  5.62e-02	  1.20e-02	1.94654e+01
  5.62e-02	  1.25e-02	1.49560e+01
  5.62e-02	  1.30e-02	1.00830e+01
  5.62e-02	  1.35e-02	5.80730e+00
  5.62e-02	  1.41e-02	2.89588e+00
  5.62e-02	  1.46e-02	1.30063e+00
  5.62e-02	  1.51e-02	5.38833e-01
  5.62e-02	  1.56e-02	2.00435e-01
  5.62e-02	  1.61e-02	5.81326e-02
  5.62e-02	  1.67e-02	3.26571e-03
  5.62e-02	  1.72e-02	-1.43928e-02
  5.62e-02	  1.77e-02	-1.77595e-02
  5.62e-02	  1.82e-02	-1.67507e-02
  5.62e-02	  1.88e-02	-1.51174e-02
  5.62e-02	  1.93e-02	-1.39016e-02
  5.62e-02	  1.98e-02	-1.31544e-02
  5.62e-02	  2.03e-02	-1.26902e-02
  5.62e-02	  2.08e-02	-1.23470e-02
  5.62e-02	  2.14e-02	-1.20341e-02
  5.62e-02	  2.19e-02	-1.17146e-02
  5.62e-02	  2.24e-02	-1.13816e-02
  5.62e-02	  2.29e-02	-1.10423e-02
  5.62e-02	  2.34e-02	-1.07101e-02
  5.62e-02	  2.40e-02	-1.04007e-02
  5.62e-02	  2.45e-02	-1.01310e-02
  5.62e-02	  2.50e-02	-9.91879e-03
  5.62e-02	  2.55e-02	-9.78202e-03
  5.62e-02	  2.60e-02	-9.73856e-03
  5.62e-02	  2.66e-02	-9.80485e-03
  5.62e-02	  2.71e-02	-9.99286e-03
  5.62e-02	  2.76e-02	-1.03029e-02
  5.62e-02	  2.81e-02	-1.07098e-02
  5.62e-02	  2.86e-02	-1.11418e-02
  5.62e-02	  2.92e-02	-1.14687e-02
  5.62e-02	  2.97e-02	-1.15533e-02
  5.62e-02	  3.02e-02	-1.15123e-02
  5.62e-02	  3.07e-02	-1.24569e-02
  5.62e-02	  3.13e-02	-1.81638e-02
  5.62e-02	  3.18e-02	-3.84184e-02
  5.62e-02	  3.23e-02	-9.55893e-02
  5.62e-02	  3.28e-02	-2.38381e-01
  5.62e-02	  3.33e-02	-5.71955e-01
  5.62e-02	  3.39e-02	-1.31743e+00
  5.62e-02	  3.44e-02	-2.88027e+00
  5.62e-02	  3.49e-02	-5.75645e+00
  5.62e-02	  3.54e-02	-1.00308e+01
  5.62e-02	  3.59e-02	-1.49432e+01
  5.62e-02	  3.65e-02	-1.94780e+01
  5.62e-02	  3.70e-02	-2.30772e+01
  5.62e-02	  3.75e-02	-2.14287e+01
  5.62e-02	  3.80e-02	3.84290e-01
  5.62e-02	  3.85e-02	5.17270e+01
  5.62e-02	  3.91e-02	1.29073e+02
  5.62e-02	  3.96e-02	2.93323e+02
  5.62e-02	  4.01e-02	9.73077e-31
  5.62e-02	  4.06e-02	1.56509e-63
  5.62e-02	  4.11e-02	2.38130e-96
  5.62e-02	  4.17e-02	3.63032e-129
  5.62e-02	  4.22e-02	5.54295e-162
  5.62e-02	  4.27e-02	8.47099e-195
  5.62e-02	  4.32e-02	1.29499e-227
  5.62e-02	  4.37e-02	1.97957e-260
  5.62e-02	  4.43e-02	3.02584e-293
  5.62e-02	  4.48e-02	0.00000e+00
  5.62e-02	  4.53e-02	0.00000e+00
  5.62e-02	  4.58e-02	0.00000e+00
  5.62e-02	  4.64e-02	0.00000e+00
  5.62e-02	  4.69e-02	0.00000e+00
  5.62e-02	  4.74e-02	0.00000e+00
  5.62e-02	  4.79e-02	0.00000e+00
  5.62e-02	  4.84e-02	0.00000e+00
  5.62e-02	  4.90e-02	0.00000e+00
  5.62e-02	  4.95e-02	0.00000e+00

  5.70e-02	  0.00e+00	0.00000e+00
  5.70e-02	  5.21e-04	0.00000e+00
  5.70e-02	  1.04e-03	0.00000e+00
  5.70e-02	  1.56e-03	0.00000e+00
  5.70e-02	  2.08e-03	0.00000e+00
  5.70e-02	  2.60e-03	0.00000e+00
  5.70e-02	  3.12e-03	0.00000e+00
  5.70e-02	  3.65e-03	0.00000e+00
  5.70e-02	  4.17e-03	-3.01238e-293
  5.70e-02	  4.69e-03	-1.97026e-260
  5.70e-02	  5.21e-03	-1.28851e-227
  5.70e-02	  5.73e-03	-8.42572e-195
  5.70e-02	  6.25e-03	-5.51117e-162
  5.70e-02	  6.77e-03	-3.60796e-129
  5.70e-02	  7.29e-03	-2.36554e-96
  5.70e-02	  7.81e-03	-1.55397e-63
  5.70e-02	  8.33e-03	-1.02295e-30
  5.70e-02	  8.85e-03	-2.91313e+02
  5.70e-02	  9.37e-03	-1.28956e+02
  5.70e-02	  9.90e-03	-5.19684e+01
  5.70e-02	  1.04e-02	-2.99072e-01
  5.70e-02	  1.09e-02	2.11097e+01
  5.70e-02	  1.15e-02	2.26096e+01
  5.70e-02	  1.20e-02	1.91472e+01
  5.70e-02	  1.25e-02	1.47734e+01
  5.70e-02	  1.30e-02	9.97577e+00
  5.70e-02	  1.35e-02	5.74975e+00
  5.70e-02	  1.41e-02	2.87762e+00
  5.70e-02	  1.46e-02	1.30724e+00
  5.70e-02	  1.51e-02	5.56202e-01
  5.70e-02	  1.56e-02	2.19919e-01
  5.70e-02	  1.61e-02	7.58879e-02
  5.70e-02	  1.67e-02	1.81475e-02
  5.70e-02	  1.72e-02	-2.30781e-03
  5.70e-02	  1.77e-02	-7.96946e-03
  5.70e-02	  1.82e-02	-8.70731e-03
  5.70e-02	  1.88e-02	-8.37126e-03
  5.70e-02	  1.93e-02	-8.13062e-03
  5.70e-02	  1.98e-02	-8.14268e-03
  5.70e-02	  2.03e-02	-8.29667e-03
  5.70e-02	  2.08e-02	-8.47792e-03
  5.70e-02	  2.14e-02	-8.62429e-03
  5.70e-02	  2.19e-02	-8.71615e-03
  5.70e-02	  2.24e-02	-8.75740e-03
  5.70e-02	  2.29e-02	-8.76259e-03
  5.70e-02	  2.34e-02	-8.75048e-03
  5.70e-02	  2.40e-02	-8.74145e-03
  5.70e-02	  2.45e-02	-8.75651e-03
  5.70e-02	  2.50e-02	-8.81705e-03
  5.70e-02	  2.55e-02	-8.94475e-03
  5.70e-02	  2.60e-02	-9.16128e-03
  5.70e-02	  2.66e-02	-9.48754e-03
  5.70e-02	  2.71e-02	-9.94129e-03
  5.70e-02	  2.76e-02	-1.05316e-02
  5.70e-02	  2.81e-02	-1.12478e-02
  5.70e-02	  2.86e-02	-1.20433e-02
  5.70e-02	  2.92e-02	-1.28300e-02
  5.70e-02	  2.97e-02	-1.35386e-02
  5.70e-02	  3.02e-02	-1.43824e-02
  5.70e-02	  3.07e-02	-1.65876e-02
  5.70e-02	  3.13e-02	-2.40198e-02
  5.70e-02	  3.18e-02	-4.64186e-02
  5.70e-02	  3.23e-02	-1.05761e-01
  5.70e-02	  3.28e-02	-2.49628e-01
  5.70e-02	  3.33e-02	-5.80672e-01
  5.70e-02	  3.39e-02	-1.31541e+00
  5.70e-02	  3.44e-02	-2.85366e+00
  5.70e-02	  3.49e-02	-5.69028e+00
  5.70e-02	  3.54e-02	-9.91434e+00
  5.70e-02	  3.59e-02	-1.47537e+01
  5.70e-02	  3.65e-02	-1.91584e+01
  5.70e-02	  3.70e-02	-2.26543e+01
  5.70e-02	  3.75e-02	-2.16296e+01
  5.70e-02	  3.80e-02	-2.32373e-01
  5.70e-02	  3.85e-02	5.28350e+01
  5.70e-02	  3.91e-02	1.29822e+02
  5.70e-02	  3.96e-02	2.90968e+02
  5.70e-02	  4.01e-02	9.63570e-31
  5.70e-02	  4.06e-02	1.55161e-63
  5.70e-02	  4.11e-02	2.36264e-96
  5.70e-02	  4.17e-02	3.60457e-129
  5.70e-02	  4.22e-02	5.50758e-162
  5.70e-02	  4.27e-02	8.42260e-195
  5.70e-02	  4.32e-02	1.28839e-227
  5.70e-02	  4.37e-02	1.97060e-260
  5.70e-02	  4.43e-02	3.01369e-293
  5.70e-02	  4.48e-02	0.00000e+00
  5.70e-02	  4.53e-02	0.00000e+00
  5.70e-02	  4.58e-02	0.00000e+00
  5.70e-02	  4.64e-02	0.00000e+00
  5.70e-02	  4.69e-02	0.00000e+00
  5.70e-02	  4.74e-02	0.00000e+00
  5.70e-02	  4.79e-02	0.00000e+00
  5.70e-02	  4.84e-02	0.00000e+00
  5.70e-02	  4.90e-02	0.00000e+00
  5.70e-02	  4.95e-02	0.00000e+00

  5.78e-02	  0.00e+00	0.00000e+00
  5.78e-02	  5.21e-04	0.00000e+00
  5.78e-02	  1.04e-03	0.00000e+00
  5.78e-02	  1.56e-03	0.00000e+00
  5.78e-02	  2.08e-03	0.00000e+00
  5.78e-02	  2.60e-03	0.00000e+00
  5.78e-02	  3.12e-03	0.00000e+00
  5.78e-02	  3.65e-03	0.00000e+00
  5.78e-02	  4.17e-03	-3.00135e-293
  5.78e-02	  4.69e-03	-1.96212e-260
  5.78e-02	  5.21e-03	-1.28252e-227
  5.78e-02	  5.73e-03	-8.38177e-195
  5.78e-02	  6.25e-03	-5.47906e-162
  5.78e-02	  6.77e-03	-3.58459e-129
  5.78e-02	  7.29e-03	-2.34861e-96
  5.78e-02	  7.81e-03	-1.54175e-63
  5.78e-02	  8.33e-03	-1.01416e-30
  5.78e-02	  8.85e-03	-2.89188e+02
  5.78e-02	  9.37e-03	-1.29723e+02
  5.78e-02	  9.90e-03	-5.30128e+01
  5.78e-02	  1.04e-02	3.47142e-01
  5.78e-02	  1.09e-02	2.13003e+01
  5.78e-02	  1.15e-02	2.22161e+01
  5.78e-02	  1.20e-02	1.88586e+01
  5.78e-02	  1.25e-02	1.46024e+01
  5.78e-02	  1.30e-02	9.86999e+00
  5.78e-02	  1.35e-02	5.69083e+00
  5.78e-02	  1.41e-02	2.85698e+00
  5.78e-02	  1.46e-02	1.31059e+00
  5.78e-02	  1.51e-02	5.69887e-01
  5.78e-02	  1.56e-02	2.35868e-01
  5.78e-02	  1.61e-02	9.05778e-02
  5.78e-02	  1.67e-02	3.05044e-02
  5.78e-02	  1.72e-02	7.73074e-03
  5.78e-02	  1.77e-02	1.50456e-04
  5.78e-02	  1.82e-02	-2.05054e-03
  5.78e-02	  1.88e-02	-2.79690e-03
  5.78e-02	  1.93e-02	-3.36232e-03
  5.78e-02	  1.98e-02	-3.99475e-03
  5.78e-02	  2.03e-02	-4.64842e-03
  5.78e-02	  2.08e-02	-5.25050e-03
  5.78e-02	  2.14e-02	-5.76402e-03
  5.78e-02	  2.19e-02	-6.18423e-03
  5.78e-02	  2.24e-02	-6.52395e-03
  5.78e-02	  2.29e-02	-6.80348e-03
  5.78e-02	  2.34e-02	-7.04568e-03
  5.78e-02	  2.40e-02	-7.27410e-03
  5.78e-02	  2.45e-02	-7.51248e-03
  5.78e-02	  2.50e-02	-7.78465e-03
  5.78e-02	  2.55e-02	-8.11465e-03
  5.78e-02	  2.60e-02	-8.52669e-03
  5.78e-02	  2.66e-02	-9.04469e-03
  5.78e-02	  2.71e-02	-9.69076e-03
  5.78e-02	  2.76e-02	-1.04810e-02
  5.78e-02	  2.81e-02	-1.14170e-02
  5.78e-02	  2.86e-02	-1.24738e-02
  5.78e-02	  2.92e-02	-1.35998e-02
  5.78e-02	  2.97e-02	-1.47829e-02
  5.78e-02	  3.02e-02	-1.63157e-02
  5.78e-02	  3.07e-02	-1.95142e-02
  5.78e-02	  3.13e-02	-2.83031e-02
  5.78e-02	  3.18e-02	-5.23593e-02
  5.78e-02	  3.23e-02	-1.13296e-01
  5.78e-02	  3.28e-02	-2.57691e-01
  5.78e-02	  3.33e-02	-5.85935e-01
  5.78e-02	  3.39e-02	-1.31024e+00
  5.78e-02	  3.44e-02	-2.82479e+00
  5.78e-02	  3.49e-02	-5.62310e+00
  5.78e-02	  3.54e-02	-9.79997e+00
  5.78e-02	  3.59e-02	-1.45762e+01
  5.78e-02	  3.65e-02	-1.88687e+01
  5.78e-02	  3.70e-02	-2.22447e+01
  5.78e-02	  3.75e-02	-2.17723e+01
  5.78e-02	  3.80e-02	-1.00689e+00
  5.78e-02	  3.85e-02	5.37432e+01
  5.78e-02	  3.91e-02	1.30560e+02
  5.78e-02	  3.96e-02	2.88949e+02
  5.78e-02	  4.01e-02	9.55412e-31
  5.78e-02	  4.06e-02	1.54018e-63
  5.78e-02	  4.11e-02	2.34686e-96
  5.78e-02	  4.17e-02	3.58291e-129
  5.78e-02	  4.22e-02	5.47798e-162
  5.78e-02	  4.27e-02	8.38233e-195
  5.78e-02	  4.32e-02	1.28294e-227
  5.78e-02	  4.37e-02	1.96326e-260
  5.78e-02	  4.43e-02	3.00384e-293
  5.78e-02	  4.48e-02	0.00000e+00
  5.78e-02	  4.53e-02	0.00000e+00
  5.78e-02	  4.58e-02	0.00000e+00
  5.78e-02	  4.64e-02	0.00000e+00
  5.78e-02	  4.69e-02	0.00000e+00
  5.78e-02	  4.74e-02	0.00000e+00
  5.78e-02	  4.79e-02	0.00000e+00
  5.78e-02	  4.84e-02	0.00000e+00
  5.78e-02	  4.90e-02	0.00000e+00
  5.78e-02	  4.95e-02	0.00000e+00

  5.86e-02	  0.00e+00	0.00000e+00
  5.86e-02	  5.21e-04	0.00000e+00
  5.86e-02	  1.04e-03	0.00000e+00
  5.86e-02	  1.56e-03	0.00000e+00
  5.86e-02	  2.08e-03	0.00000e+00
  5.86e-02	  2.60e-03	0.00000e+00
  5.86e-02	  3.12e-03	0.00000e+00
  5.86e-02	  3.65e-03	0.00000e+00
  5.86e-02	  4.17e-03	-2.99241e-293
  5.86e-02	  4.69e-03	-1.95545e-260
  5.86e-02	  5.21e-03	-1.27757e-227
  5.86e-02	  5.73e-03	-8.34522e-195
  5.86e-02	  6.25e-03	-5.45219e-162
  5.86e-02	  6.77e-03	-3.56494e-129
  5.86e-02	  7.29e-03	-2.33430e-96
  5.86e-02	  7.81e-03	-1.53139e-63
  5.86e-02	  8.33e-03	-1.00669e-30
  5.86e-02	  8.85e-03	-2.87371e+02
  5.86e-02	  9.37e-03	-1.30474e+02
  5.86e-02	  9.90e-03	-5.38640e+01
  5.86e-02	  1.04e-02	1.13083e+00
  5.86e-02	  1.09e-02	2.14312e+01
  5.86e-02	  1.15e-02	2.18343e+01
  5.86e-02	  1.20e-02	1.85951e+01
  5.86e-02	  1.25e-02	1.44407e+01
  5.86e-02	  1.30e-02	9.76506e+00
  5.86e-02	  1.35e-02	5.63023e+00
  5.86e-02	  1.41e-02	2.83348e+00
  5.86e-02	  1.46e-02	1.31014e+00
  5.86e-02	  1.51e-02	5.79466e-01
  5.86e-02	  1.56e-02	2.47996e-01
  5.86e-02	  1.61e-02	1.02015e-01
  5.86e-02	  1.67e-02	4.02101e-02
  5.86e-02	  1.72e-02	1.56333e-02
  5.86e-02	  1.77e-02	6.53340e-03
  5.86e-02	  1.82e-02	3.16670e-03
  5.86e-02	  1.88e-02	1.56155e-03
  5.86e-02	  1.93e-02	3.64716e-04
  5.86e-02	  1.98e-02	-7.45075e-04
  5.86e-02	  2.03e-02	-1.77652e-03
  5.86e-02	  2.08e-02	-2.69244e-03
  5.86e-02	  2.14e-02	-3.47744e-03
  5.86e-02	  2.19e-02	-4.13919e-03
  5.86e-02	  2.24e-02	-4.69765e-03
  5.86e-02	  2.29e-02	-5.17738e-03
  5.86e-02	  2.34e-02	-5.60393e-03
  5.86e-02	  2.40e-02	-6.00277e-03
  5.86e-02	  2.45e-02	-6.39912e-03
  5.86e-02	  2.50e-02	-6.81807e-03
  5.86e-02	  2.55e-02	-7.28483e-03
  5.86e-02	  2.60e-02	-7.82489e-03
  5.86e-02	  2.66e-02	-8.46398e-03
  5.86e-02	  2.71e-02	-9.22712e-03
  5.86e-02	  2.76e-02	-1.01358e-02
  5.86e-02	  2.81e-02	-1.12016e-02
  5.86e-02	  2.86e-02	-1.24175e-02
  5.86e-02	  2.92e-02	-1.37623e-02
  5.86e-02	  2.97e-02	-1.52702e-02
  5.86e-02	  3.02e-02	-1.72948e-02
  5.86e-02	  3.07e-02	-2.12149e-02
  5.86e-02	  3.13e-02	-3.09829e-02
  5.86e-02	  3.18e-02	-5.61919e-02
  5.86e-02	  3.23e-02	-1.18111e-01
  5.86e-02	  3.28e-02	-2.62423e-01
  5.86e-02	  3.33e-02	-5.87493e-01
  5.86e-02	  3.39e-02	-1.30156e+00
  5.86e-02	  3.44e-02	-2.79332e+00
  5.86e-02	  3.49e-02	-5.55465e+00
  5.86e-02	  3.54e-02	-9.68703e+00
  5.86e-02	  3.59e-02	-1.44083e+01
  5.86e-02	  3.65e-02	-1.86041e+01
  5.86e-02	  3.70e-02	-2.18521e+01
  5.86e-02	  3.75e-02	-2.18509e+01
  5.86e-02	  3.80e-02	-1.89539e+00
  5.86e-02	  3.85e-02	5.44548e+01
  5.86e-02	  3.91e-02	1.31280e+02
  5.86e-02	  3.96e-02	2.87232e+02
  5.86e-02	  4.01e-02	9.48440e-31
  5.86e-02	  4.06e-02	1.53056e-63
  5.86e-02	  4.11e-02	2.33364e-96
  5.86e-02	  4.17e-02	3.56484e-129
  5.86e-02	  4.22e-02	5.45343e-162
  5.86e-02	  4.27e-02	8.34918e-195
  5.86e-02	  4.32e-02	1.27849e-227
  5.86e-02	  4.37e-02	1.95732e-260
  5.86e-02	  4.43e-02	2.99597e-293
  5.86e-02	  4.48e-02	0.00000e+00
  5.86e-02	  4.53e-02	0.00000e+00
  5.86e-02	  4.58e-02	0.00000e+00
  5.86e-02	  4.64e-02	0.00000e+00
  5.86e-02	  4.69e-02	0.00000e+00
  5.86e-02	  4.74e-02	0.00000e+00
  5.86e-02	  4.79e-02	0.00000e+00
  5.86e-02	  4.84e-02	0.00000e+00
  5.86e-02	  4.90e-02	0.00000e+00
  5.86e-02	  4.95e-02	0.00000e+00

  5.94e-02	  0.00e+00	0.00000e+00
  5.94e-02	  5.21e-04	0.00000e+00
  5.94e-02	  1.04e-03	0.00000e+00
  5.94e-02	  1.56e-03	0.00000e+00
  5.94e-02	  2.08e-03	0.00000e+00
  5.94e-02	  2.60e-03	0.00000e+00
  5.94e-02	  3.12e-03	0.00000e+00
  5.94e-02	  3.65e-03	0.00000e+00
  5.94e-02	  4.17e-03	-2.98530e-293
  5.94e-02	  4.69e-03	-1.95007e-260
  5.94e-02	  5.21e-03	-1.27353e-227
  5.94e-02	  5.73e-03	-8.31514e-195
  5.94e-02	  6.25e-03	-5.42992e-162
  5.94e-02	  6.77e-03	-3.54854e-129
  5.94e-02	  7.29e-03	-2.32232e-96
  5.94e-02	  7.81e-03	-1.52268e-63
  5.94e-02	  8.33e-03	-1.00038e-30
  5.94e-02	  8.85e-03	-2.85829e+02
  5.94e-02	  9.37e-03	-1.31202e+02
  5.94e-02	  9.90e-03	-5.45255e+01
  5.94e-02	  1.04e-02	2.01098e+00
  5.94e-02	  1.09e-02	2.14985e+01
  5.94e-02	  1.15e-02	2.14673e+01
  5.94e-02	  1.20e-02	1.83522e+01
  5.94e-02	  1.25e-02	1.42860e+01
  5.94e-02	  1.30e-02	9.66017e+00
  5.94e-02	  1.35e-02	5.56746e+00
  5.94e-02	  1.41e-02	2.80659e+00
  5.94e-02	  1.46e-02	1.30546e+00
  5.94e-02	  1.51e-02	5.84675e-01
  5.94e-02	  1.56e-02	2.56167e-01
  5.94e-02	  1.61e-02	1.10134e-01
  5.94e-02	  1.67e-02	4.72356e-02
  5.94e-02	  1.72e-02	2.13876e-02
  5.94e-02	  1.77e-02	1.11744e-02
  5.94e-02	  1.82e-02	6.94240e-03
  5.94e-02	  1.88e-02	4.70281e-03
  5.94e-02	  1.93e-02	3.04880e-03
  5.94e-02	  1.98e-02	1.60381e-03
  5.94e-02	  2.03e-02	3.15781e-04
  5.94e-02	  2.08e-02	-8.07392e-04
  5.94e-02	  2.14e-02	-1.76810e-03
  5.94e-02	  2.19e-02	-2.58409e-03
  5.94e-02	  2.24e-02	-3.28072e-03
  5.94e-02	  2.29e-02	-3.88535e-03
  5.94e-02	  2.34e-02	-4.42503e-03
  5.94e-02	  2.40e-02	-4.92597e-03
  5.94e-02	  2.45e-02	-5.41373e-03
  5.94e-02	  2.50e-02	-5.91358e-03
  5.94e-02	  2.55e-02	-6.45083e-03
  5.94e-02	  2.60e-02	-7.05117e-03
  5.94e-02	  2.66e-02	-7.74093e-03
  5.94e-02	  2.71e-02	-8.54682e-03
  5.94e-02	  2.76e-02	-9.49409e-03
  5.94e-02	  2.81e-02	-1.06021e-02
  5.94e-02	  2.86e-02	-1.18783e-02
  5.94e-02	  2.92e-02	-1.33254e-02
  5.94e-02	  2.97e-02	-1.50126e-02
  5.94e-02	  3.02e-02	-1.73361e-02
  5.94e-02	  3.07e-02	-2.17103e-02
  5.94e-02	  3.13e-02	-3.20830e-02
  5.94e-02	  3.18e-02	-5.79390e-02
  5.94e-02	  3.23e-02	-1.20215e-01
  5.94e-02	  3.28e-02	-2.63786e-01
  5.94e-02	  3.33e-02	-5.85210e-01
  5.94e-02	  3.39e-02	-1.28909e+00
  5.94e-02	  3.44e-02	-2.75884e+00
  5.94e-02	  3.49e-02	-5.48450e+00
  5.94e-02	  3.54e-02	-9.57468e+00
  5.94e-02	  3.59e-02	-1.42477e+01
  5.94e-02	  3.65e-02	-1.83602e+01
  5.94e-02	  3.70e-02	-2.14786e+01
  5.94e-02	  3.75e-02	-2.18646e+01
  5.94e-02	  3.80e-02	-2.85582e+00
  5.94e-02	  3.85e-02	5.49756e+01
  5.94e-02	  3.91e-02	1.31973e+02
  5.94e-02	  3.96e-02	2.85784e+02
  5.94e-02	  4.01e-02	9.42508e-31
  5.94e-02	  4.06e-02	1.52252e-63
  5.94e-02	  4.11e-02	2.32265e-96
  5.94e-02	  4.17e-02	3.54990e-129
  5.94e-02	  4.22e-02	5.43328e-162
  5.94e-02	  4.27e-02	8.32222e-195
  5.94e-02	  4.32e-02	1.27491e-227
  5.94e-02	  4.37e-02	1.95261e-260
  5.94e-02	  4.43e-02	2.98984e-293
  5.94e-02	  4.48e-02	0.00000e+00
  5.94e-02	  4.53e-02	0.00000e+00
  5.94e-02	  4.58e-02	0.00000e+00
  5.94e-02	  4.64e-02	0.00000e+00
  5.94e-02	  4.69e-02	0.00000e+00
  5.94e-02	  4.74e-02	0.00000e+00
  5.94e-02	  4.79e-02	0.00000e+00
  5.94e-02	  4.84e-02	0.00000e+00
  5.94e-02	  4.90e-02	0.00000e+00
  5.94e-02	  4.95e-02	0.00000e+00

  6.02e-02	  0.00e+00	0.00000e+00
  6.02e-02	  5.21e-04	0.00000e+00
  6.02e-02	  1.04e-03	0.00000e+00
  6.02e-02	  1.56e-03	0.00000e+00
  6.02e-02	  2.08e-03	0.00000e+00
  6.02e-02	  2.60e-03	0.00000e+00
  6.02e-02	  3.12e-03	0.00000e+00
  6.02e-02	  3.65e-03	0.00000e+00
  6.02e-02	  4.17e-03	-2.97978e-293
  6.02e-02	  4.69e-03	-1.94581e-260
  6.02e-02	  5.21e-03	-1.27029e-227
  6.02e-02	  5.73e-03	-8.29069e-195
  6.02e-02	  6.25e-03	-5.41164e-162
  6.02e-02	  6.77e-03	-3.53499e-129
  6.02e-02	  7.29e-03	-2.31235e-96
  6.02e-02	  7.81e-03	-1.51539e-63
  6.02e-02	  8.33e-03	-9.95087e-31
  6.02e-02	  8.85e-03	-2.84530e+02
  6.02e-02	  9.37e-03	-1.31899e+02
  6.02e-02	  9.90e-03	-5.50032e+01
  6.02e-02	  1.04e-02	2.94879e+00
  6.02e-02	  1.09e-02	2.15030e+01
  6.02e-02	  1.15e-02	2.11173e+01
  6.02e-02	  1.20e-02	1.81262e+01
  6.02e-02	  1.25e-02	1.41360e+01
  6.02e-02	  1.30e-02	9.55435e+00
  6.02e-02	  1.35e-02	5.50192e+00
  6.02e-02	  1.41e-02	2.77584e+00
  6.02e-02	  1.46e-02	1.29626e+00
  6.02e-02	  1.51e-02	5.85398e-01
  6.02e-02	  1.56e-02	2.60373e-01
  6.02e-02	  1.61e-02	1.14977e-01
  6.02e-02	  1.67e-02	5.16357e-02
  6.02e-02	  1.72e-02	2.50465e-02
  6.02e-02	  1.77e-02	1.41202e-02
  6.02e-02	  1.82e-02	9.31669e-03
  6.02e-02	  1.88e-02	6.66090e-03
  6.02e-02	  1.93e-02	4.71847e-03
  6.02e-02	  1.98e-02	3.07559e-03
  6.02e-02	  2.03e-02	1.64795e-03
  6.02e-02	  2.08e-02	4.20598e-04
  6.02e-02	  2.14e-02	-6.22941e-04
  6.02e-02	  2.19e-02	-1.50815e-03
  6.02e-02	  2.24e-02	-2.26419e-03
  6.02e-02	  2.29e-02	-2.91996e-03
  6.02e-02	  2.34e-02	-3.50283e-03
  6.02e-02	  2.40e-02	-4.03873e-03
  6.02e-02	  2.45e-02	-4.55260e-03
  6.02e-02	  2.50e-02	-5.06890e-03
  6.02e-02	  2.55e-02	-5.61209e-03
  6.02e-02	  2.60e-02	-6.20708e-03
  6.02e-02	  2.66e-02	-6.87981e-03
  6.02e-02	  2.71e-02	-7.65745e-03
  6.02e-02	  2.76e-02	-8.56762e-03
  6.02e-02	  2.81e-02	-9.63529e-03
  6.02e-02	  2.86e-02	-1.08788e-02
  6.02e-02	  2.92e-02	-1.23185e-02
  6.02e-02	  2.97e-02	-1.40477e-02
  6.02e-02	  3.02e-02	-1.64869e-02
  6.02e-02	  3.07e-02	-2.10592e-02
  6.02e-02	  3.13e-02	-3.16758e-02
  6.02e-02	  3.18e-02	-5.76857e-02
  6.02e-02	  3.23e-02	-1.19694e-01
  6.02e-02	  3.28e-02	-2.61840e-01
  6.02e-02	  3.33e-02	-5.79060e-01
  6.02e-02	  3.39e-02	-1.27263e+00
  6.02e-02	  3.44e-02	-2.72096e+00
  6.02e-02	  3.49e-02	-5.41203e+00
  6.02e-02	  3.54e-02	-9.46190e+00
  6.02e-02	  3.59e-02	-1.40921e+01
  6.02e-02	  3.65e-02	-1.81330e+01
  6.02e-02	  3.70e-02	-2.11258e+01
  6.02e-02	  3.75e-02	-2.18165e+01
  6.02e-02	  3.80e-02	-3.84940e+00
  6.02e-02	  3.85e-02	5.53133e+01
  6.02e-02	  3.91e-02	1.32634e+02
  6.02e-02	  3.96e-02	2.84571e+02
  6.02e-02	  4.01e-02	9.37485e-31
  6.02e-02	  4.06e-02	1.51586e-63
  6.02e-02	  4.11e-02	2.31359e-96
  6.02e-02	  4.17e-02	3.53768e-129
  6.02e-02	  4.22e-02	5.41694e-162
  6.02e-02	  4.27e-02	8.30060e-195
  6.02e-02	  4.32e-02	1.27208e-227
  6.02e-02	  4.37e-02	1.94896e-260
  6.02e-02	  4.43e-02	2.98521e-293
  6.02e-02	  4.48e-02	0.00000e+00
  6.02e-02	  4.53e-02	0.00000e+00
  6.02e-02	  4.58e-02	0.00000e+00
  6.02e-02	  4.64e-02	0.00000e+00
  6.02e-02	  4.69e-02	0.00000e+00
  6.02e-02	  4.74e-02	0.00000e+00
  6.02e-02	  4.79e-02	0.00000e+00
  6.02e-02	  4.84e-02	0.00000e+00
  6.02e-02	  4.90e-02	0.00000e+00
  6.02e-02	  4.95e-02	0.00000e+00

  6.09e-02	  0.00e+00	0.00000e+00
  6.09e-02	  5.21e-04	0.00000e+00
  6.09e-02	  1.04e-03	0.00000e+00
  6.09e-02	  1.56e-03	0.00000e+00
  6.09e-02	  2.08e-03	0.00000e+00
  6.09e-02	  2.60e-03	0.00000e+00
  6.09e-02	  3.12e-03	0.00000e+00
  6.09e-02	  3.65e-03	0.00000e+00
  6.09e-02	  4.17e-03	-2.97563e-293
  6.09e-02	  4.69e-03	-1.94253e-260
  6.09e-02	  5.21e-03	-1.26774e-227
  6.09e-02	  5.73e-03	-8.27111e-195
  6.09e-02	  6.25e-03	-5.39682e-162
  6.09e-02	  6.77e-03	-3.52391e-129
  6.09e-02	  7.29e-03	-2.30413e-96
  6.09e-02	  7.81e-03	-1.50936e-63
  6.09e-02	  8.33e-03	-9.90683e-31
  6.09e-02	  8.85e-03	-2.83444e+02
  6.09e-02	  9.37e-03	-1.32560e+02
  6.09e-02	  9.90e-03	-5.53052e+01
  6.09e-02	  1.04e-02	3.90907e+00
  6.09e-02	  1.09e-02	2.14489e+01
  6.09e-02	  1.15e-02	2.07856e+01
  6.09e-02	  1.20e-02	1.79136e+01
  6.09e-02	  1.25e-02	1.39888e+01
  6.09e-02	  1.30e-02	9.44659e+00
  6.09e-02	  1.35e-02	5.43294e+00
  6.09e-02	  1.41e-02	2.74081e+00
  6.09e-02	  1.46e-02	1.28237e+00
  6.09e-02	  1.51e-02	5.81647e-01
  6.09e-02	  1.56e-02	2.60721e-01
  6.09e-02	  1.61e-02	1.16676e-01
  6.09e-02	  1.67e-02	5.35345e-02
  6.09e-02	  1.72e-02	2.67165e-02
  6.09e-02	  1.77e-02	1.54596e-02
  6.09e-02	  1.82e-02	1.03639e-02
  6.09e-02	  1.88e-02	7.49844e-03
  6.09e-02	  1.93e-02	5.42670e-03
  6.09e-02	  1.98e-02	3.71512e-03
  6.09e-02	  2.03e-02	2.25783e-03
  6.09e-02	  2.08e-02	1.02330e-03
  6.09e-02	  2.14e-02	-1.54826e-05
  6.09e-02	  2.19e-02	-8.89564e-04
  6.09e-02	  2.24e-02	-1.63040e-03
  6.09e-02	  2.29e-02	-2.26728e-03
  6.09e-02	  2.34e-02	-2.82692e-03
  6.09e-02	  2.40e-02	-3.33404e-03
  6.09e-02	  2.45e-02	-3.81212e-03
  6.09e-02	  2.50e-02	-4.28398e-03
  6.09e-02	  2.55e-02	-4.77238e-03
  6.09e-02	  2.60e-02	-5.30064e-03
  6.09e-02	  2.66e-02	-5.89338e-03
  6.09e-02	  2.71e-02	-6.57724e-03
  6.09e-02	  2.76e-02	-7.38082e-03
  6.09e-02	  2.81e-02	-8.33272e-03
  6.09e-02	  2.86e-02	-9.45875e-03
  6.09e-02	  2.92e-02	-1.07910e-02
  6.09e-02	  2.97e-02	-1.24361e-02
  6.09e-02	  3.02e-02	-1.48215e-02
  6.09e-02	  3.07e-02	-1.93539e-02
  6.09e-02	  3.13e-02	-2.98756e-02
  6.09e-02	  3.18e-02	-5.55711e-02
  6.09e-02	  3.23e-02	-1.16707e-01
  6.09e-02	  3.28e-02	-2.56733e-01
  6.09e-02	  3.33e-02	-5.69113e-01
  6.09e-02	  3.39e-02	-1.25208e+00
  6.09e-02	  3.44e-02	-2.67929e+00
  6.09e-02	  3.49e-02	-5.33658e+00
  6.09e-02	  3.54e-02	-9.34758e+00
  6.09e-02	  3.59e-02	-1.39395e+01
  6.09e-02	  3.65e-02	-1.79192e+01
  6.09e-02	  3.70e-02	-2.07940e+01
  6.09e-02	  3.75e-02	-2.17125e+01
  6.09e-02	  3.80e-02	-4.84188e+00
  6.09e-02	  3.85e-02	5.54779e+01
  6.09e-02	  3.91e-02	1.33257e+02
  6.09e-02	  3.96e-02	2.83564e+02
  6.09e-02	  4.01e-02	9.33252e-31
  6.09e-02	  4.06e-02	1.51039e-63
  6.09e-02	  4.11e-02	2.30620e-96
  6.09e-02	  4.17e-02	3.52780e-129
  6.09e-02	  4.22e-02	5.40389e-162
  6.09e-02	  4.27e-02	8.28360e-195
  6.09e-02	  4.32e-02	1.26990e-227
  6.09e-02	  4.37e-02	1.94623e-260
  6.09e-02	  4.43e-02	2.98188e-293
  6.09e-02	  4.48e-02	0.00000e+00
  6.09e-02	  4.53e-02	0.00000e+00
  6.09e-02	  4.58e-02	0.00000e+00
  6.09e-02	  4.64e-02	0.00000e+00
  6.09e-02	  4.69e-02	0.00000e+00
  6.09e-02	  4.74e-02	0.00000e+00
  6.09e-02	  4.79e-02	0.00000e+00
  6.09e-02	  4.84e-02	0.00000e+00
  6.09e-02	  4.90e-02	0.00000e+00
  6.09e-02	  4.95e-02	0.00000e+00

  6.17e-02	  0.00e+00	0.00000e+00
  6.17e-02	  5.21e-04	0.00000e+00
  6.17e-02	  1.04e-03	0.00000e+00
  6.17e-02	  1.56e-03	0.00000e+00
  6.17e-02	  2.08e-03	0.00000e+00
  6.17e-02	  2.60e-03	0.00000e+00
  6.17e-02	  3.12e-03	0.00000e+00
  6.17e-02	  3.65e-03	0.00000e+00
  6.17e-02	  4.17e-03	-2.97268e-293
  6.17e-02	  4.69e-03	-1.94009e-260
  6.17e-02	  5.21e-03	-1.26578e-227
  6.17e-02	  5.73e-03	-8.25576e-195
  6.17e-02	  6.25e-03	-5.38500e-162
  6.17e-02	  6.77e-03	-3.51495e-129
  6.17e-02	  7.29e-03	-2.29743e-96
  6.17e-02	  7.81e-03	-1.50440e-63
  6.17e-02	  8.33e-03	-9.87046e-31
  6.17e-02	  8.85e-03	-2.82543e+02
  6.17e-02	  9.37e-03	-1.33178e+02
  6.17e-02	  9.90e-03	-5.54413e+01
  6.17e-02	  1.04e-02	4.86113e+00
  6.17e-02	  1.09e-02	2.13426e+01
  6.17e-02	  1.15e-02	2.04725e+01
  6.17e-02	  1.20e-02	1.77115e+01
  6.17e-02	  1.25e-02	1.38426e+01
  6.17e-02	  1.30e-02	9.33586e+00
  6.17e-02	  1.35e-02	5.35987e+00
  6.17e-02	  1.41e-02	2.70115e+00
  6.17e-02	  1.46e-02	1.26373e+00
  6.17e-02	  1.51e-02	5.73553e-01
  6.17e-02	  1.56e-02	2.57413e-01
  6.17e-02	  1.61e-02	1.15436e-01
  6.17e-02	  1.67e-02	5.31129e-02
  6.17e-02	  1.72e-02	2.65477e-02
  6.17e-02	  1.77e-02	1.53160e-02
  6.17e-02	  1.82e-02	1.01861e-02
  6.17e-02	  1.88e-02	7.30113e-03
  6.17e-02	  1.93e-02	5.24628e-03
  6.17e-02	  1.98e-02	3.58443e-03
  6.17e-02	  2.03e-02	2.19823e-03
  6.17e-02	  2.08e-02	1.04535e-03
  6.17e-02	  2.14e-02	9.16161e-05
  6.17e-02	  2.19e-02	-6.97580e-04
  6.17e-02	  2.24e-02	-1.35466e-03
  6.17e-02	  2.29e-02	-1.90828e-03
  6.17e-02	  2.34e-02	-2.38363e-03
  6.17e-02	  2.40e-02	-2.80350e-03
  6.17e-02	  2.45e-02	-3.18913e-03
  6.17e-02	  2.50e-02	-3.56101e-03
  6.17e-02	  2.55e-02	-3.93953e-03
  6.17e-02	  2.60e-02	-4.34567e-03
  6.17e-02	  2.66e-02	-4.80199e-03
  6.17e-02	  2.71e-02	-5.33368e-03
  6.17e-02	  2.76e-02	-5.96914e-03
  6.17e-02	  2.81e-02	-6.73874e-03
  6.17e-02	  2.86e-02	-7.67259e-03
  6.17e-02	  2.92e-02	-8.80886e-03
  6.17e-02	  2.97e-02	-1.02577e-02
  6.17e-02	  3.02e-02	-1.24377e-02
  6.17e-02	  3.07e-02	-1.67149e-02
  6.17e-02	  3.13e-02	-2.68330e-02
  6.17e-02	  3.18e-02	-5.17810e-02
  6.17e-02	  3.23e-02	-1.11471e-01
  6.17e-02	  3.28e-02	-2.48687e-01
  6.17e-02	  3.33e-02	-5.55532e-01
  6.17e-02	  3.39e-02	-1.22742e+00
  6.17e-02	  3.44e-02	-2.63350e+00
  6.17e-02	  3.49e-02	-5.25743e+00
  6.17e-02	  3.54e-02	-9.23059e+00
  6.17e-02	  3.59e-02	-1.37881e+01
  6.17e-02	  3.65e-02	-1.77158e+01
  6.17e-02	  3.70e-02	-2.04827e+01
  6.17e-02	  3.75e-02	-2.15605e+01
  6.17e-02	  3.80e-02	-5.80435e+00
  6.17e-02	  3.85e-02	5.54809e+01
  6.17e-02	  3.91e-02	1.33836e+02
  6.17e-02	  3.96e-02	2.82735e+02
  6.17e-02	  4.01e-02	9.29705e-31
  6.17e-02	  4.06e-02	1.50595e-63
  6.17e-02	  4.11e-02	2.30025e-96
  6.17e-02	  4.17e-02	3.51993e-129
  6.17e-02	  4.22e-02	5.39365e-162
  6.17e-02	  4.27e-02	8.27055e-195
  6.17e-02	  4.32e-02	1.26828e-227
  6.17e-02	  4.37e-02	1.94428e-260
  6.17e-02	  4.43e-02	2.97965e-293
  6.17e-02	  4.48e-02	0.00000e+00
  6.17e-02	  4.53e-02	0.00000e+00
  6.17e-02	  4.58e-02	0.00000e+00
  6.17e-02	  4.64e-02	0.00000e+00
  6.17e-02	  4.69e-02	0.00000e+00
  6.17e-02	  4.74e-02	0.00000e+00
  6.17e-02	  4.79e-02	0.00000e+00
  6.17e-02	  4.84e-02	0.00000e+00
  6.17e-02	  4.90e-02	0.00000e+00
  6.17e-02	  4.95e-02	0.00000e+00

  6.25e-02	  0.00e+00	0.00000e+00
  6.25e-02	  5.21e-04	0.00000e+00
  6.25e-02	  1.04e-03	0.00000e+00
  6.25e-02	  1.56e-03	0.00000e+00
  6.25e-02	  2.08e-03	0.00000e+00
  6.25e-02	  2.60e-03	0.00000e+00
  6.25e-02	  3.12e-03	0.00000e+00
  6.25e-02	  3.65e-03	0.00000e+00
  6.25e-02	  4.17e-03	-2.97077e-293
  6.25e-02	  4.69e-03	-1.93837e-260
  6.25e-02	  5.21e-03	-1.26433e-227
  6.25e-02	  5.73e-03	-8.24403e-195
  6.25e-02	  6.25e-03	-5.37576e-162
  6.25e-02	  6.77e-03	-3.50782e-129
  6.25e-02	  7.29e-03	-2.29203e-96
  6.25e-02	  7.81e-03	-1.50037e-63
  6.25e-02	  8.33e-03	-9.84069e-31
  6.25e-02	  8.85e-03	-2.81801e+02
  6.25e-02	  9.37e-03	-1.33749e+02
  6.25e-02	  9.90e-03	-5.54228e+01
  6.25e-02	  1.04e-02	5.77950e+00
  6.25e-02	  1.09e-02	2.11920e+01
  6.25e-02	  1.15e-02	2.01778e+01
  6.25e-02	  1.20e-02	1.75176e+01
  6.25e-02	  1.25e-02	1.36959e+01
  6.25e-02	  1.30e-02	9.22115e+00
  6.25e-02	  1.35e-02	5.28206e+00
  6.25e-02	  1.41e-02	2.65657e+00
  6.25e-02	  1.46e-02	1.24038e+00
  6.25e-02	  1.51e-02	5.61343e-01
  6.25e-02	  1.56e-02	2.50729e-01
  6.25e-02	  1.61e-02	1.11524e-01
  6.25e-02	  1.67e-02	5.05980e-02
  6.25e-02	  1.72e-02	2.47261e-02
  6.25e-02	  1.77e-02	1.38407e-02
  6.25e-02	  1.82e-02	8.90800e-03
  6.25e-02	  1.88e-02	6.17379e-03
  6.25e-02	  1.93e-02	4.26637e-03
  6.25e-02	  1.98e-02	2.75980e-03
  6.25e-02	  2.03e-02	1.53432e-03
  6.25e-02	  2.08e-02	5.42063e-04
  6.25e-02	  2.14e-02	-2.55258e-04
  6.25e-02	  2.19e-02	-8.94021e-04
  6.25e-02	  2.24e-02	-1.40642e-03
  6.25e-02	  2.29e-02	-1.81961e-03
  6.25e-02	  2.34e-02	-2.15656e-03
  6.25e-02	  2.40e-02	-2.43743e-03
  6.25e-02	  2.45e-02	-2.68069e-03
  6.25e-02	  2.50e-02	-2.90390e-03
  6.25e-02	  2.55e-02	-3.12451e-03
  6.25e-02	  2.60e-02	-3.36060e-03
  6.25e-02	  2.66e-02	-3.63201e-03
  6.25e-02	  2.71e-02	-3.96176e-03
  6.25e-02	  2.76e-02	-4.37695e-03
  6.25e-02	  2.81e-02	-4.90809e-03
  6.25e-02	  2.86e-02	-5.58673e-03
  6.25e-02	  2.92e-02	-6.45201e-03
  6.25e-02	  2.97e-02	-7.60900e-03
  6.25e-02	  3.02e-02	-9.45274e-03
  6.25e-02	  3.07e-02	-1.32878e-02
  6.25e-02	  3.13e-02	-2.27300e-02
  6.25e-02	  3.18e-02	-4.65418e-02
  6.25e-02	  3.23e-02	-1.04256e-01
  6.25e-02	  3.28e-02	-2.37994e-01
  6.25e-02	  3.33e-02	-5.38560e-01
  6.25e-02	  3.39e-02	-1.19872e+00
  6.25e-02	  3.44e-02	-2.58333e+00
  6.25e-02	  3.49e-02	-5.17391e+00
  6.25e-02	  3.54e-02	-9.10980e+00
  6.25e-02	  3.59e-02	-1.36361e+01
  6.25e-02	  3.65e-02	-1.75205e+01
  6.25e-02	  3.70e-02	-2.01909e+01
  6.25e-02	  3.75e-02	-2.13690e+01
  6.25e-02	  3.80e-02	-6.71374e+00
  6.25e-02	  3.85e-02	5.53354e+01
  6.25e-02	  3.91e-02	1.34367e+02
  6.25e-02	  3.96e-02	2.82058e+02
  6.25e-02	  4.01e-02	9.26747e-31
  6.25e-02	  4.06e-02	1.50238e-63
  6.25e-02	  4.11e-02	2.29552e-96
  6.25e-02	  4.17e-02	3.51378e-129
  6.25e-02	  4.22e-02	5.38583e-162
  6.25e-02	  4.27e-02	8.26090e-195
  6.25e-02	  4.32e-02	1.26714e-227
  6.25e-02	  4.37e-02	1.94300e-260
  6.25e-02	  4.43e-02	2.97837e-293
  6.25e-02	  4.48e-02	0.00000e+00
  6.25e-02	  4.53e-02	0.00000e+00
  6.25e-02	  4.58e-02	0.00000e+00
  6.25e-02	  4.64e-02	0.00000e+00
  6.25e-02	  4.69e-02	0.00000e+00
  6.25e-02	  4.74e-02	0.00000e+00
  6.25e-02	  4.79e-02	0.00000e+00
  6.25e-02	  4.84e-02	0.00000e+00
  6.25e-02	  4.90e-02	0.00000e+00
  6.25e-02	  4.95e-02	0.00000e+00

  6.33e-02	  0.00e+00	0.00000e+00
  6.33e-02	  5.21e-04	0.00000e+00
  6.33e-02	  1.04e-03	0.00000e+00
  6.33e-02	  1.56e-03	0.00000e+00
  6.33e-02	  2.08e-03	0.00000e+00
  6.33e-02	  2.60e-03	0.00000e+00
  6.33e-02	  3.12e-03	0.00000e+00
  6.33e-02	  3.65e-03	0.00000e+00
  6.33e-02	  4.17e-03	-2.96973e-293
  6.33e-02	  4.69e-03	-1.93728e-260
  6.33e-02	  5.21e-03	-1.26333e-227
  6.33e-02	  5.73e-03	-8.23544e-195
  6.33e-02	  6.25e-03	-5.36873e-162
  6.33e-02	  6.77e-03	-3.50226e-129
  6.33e-02	  7.29e-03	-2.28775e-96
  6.33e-02	  7.81e-03	-1.49713e-63
  6.33e-02	  8.33e-03	-9.81657e-31
  6.33e-02	  8.85e-03	-2.81195e+02
  6.33e-02	  9.37e-03	-1.34270e+02
  6.33e-02	  9.90e-03	-5.52627e+01
  6.33e-02	  1.04e-02	6.64419e+00
  6.33e-02	  1.09e-02	2.10056e+01
  6.33e-02	  1.15e-02	1.99007e+01
  6.33e-02	  1.20e-02	1.73299e+01
  6.33e-02	  1.25e-02	1.35471e+01
  6.33e-02	  1.30e-02	9.10152e+00
  6.33e-02	  1.35e-02	5.19896e+00
  6.33e-02	  1.41e-02	2.60694e+00
  6.33e-02	  1.46e-02	1.21250e+00
  6.33e-02	  1.51e-02	5.45335e-01
  6.33e-02	  1.56e-02	2.41020e-01
  6.33e-02	  1.61e-02	1.05258e-01
  6.33e-02	  1.67e-02	4.62566e-02
  6.33e-02	  1.72e-02	2.14680e-02
  6.33e-02	  1.77e-02	1.12089e-02
  6.33e-02	  1.82e-02	6.67414e-03
  6.33e-02	  1.88e-02	4.23759e-03
  6.33e-02	  1.93e-02	2.59010e-03
  6.33e-02	  1.98e-02	1.32963e-03
  6.33e-02	  2.03e-02	3.41801e-04
  6.33e-02	  2.08e-02	-4.22156e-04
  6.33e-02	  2.14e-02	-1.00202e-03
  6.33e-02	  2.19e-02	-1.43433e-03
  6.33e-02	  2.24e-02	-1.75006e-03
  6.33e-02	  2.29e-02	-1.97411e-03
  6.33e-02	  2.34e-02	-2.12667e-03
  6.33e-02	  2.40e-02	-2.22477e-03
  6.33e-02	  2.45e-02	-2.28361e-03
  6.33e-02	  2.50e-02	-2.31744e-03
  6.33e-02	  2.55e-02	-2.34032e-03
  6.33e-02	  2.60e-02	-2.36698e-03
  6.33e-02	  2.66e-02	-2.41408e-03
  6.33e-02	  2.71e-02	-2.50183e-03
  6.33e-02	  2.76e-02	-2.65518e-03
  6.33e-02	  2.81e-02	-2.90332e-03
  6.33e-02	  2.86e-02	-3.27682e-03
  6.33e-02	  2.92e-02	-3.81146e-03
  6.33e-02	  2.97e-02	-4.59968e-03
  6.33e-02	  3.02e-02	-6.00084e-03
  6.33e-02	  3.07e-02	-9.23893e-03
  6.33e-02	  3.13e-02	-1.77764e-02
  6.33e-02	  3.18e-02	-4.01165e-02
  6.33e-02	  3.23e-02	-9.53801e-02
  6.33e-02	  3.28e-02	-2.25008e-01
  6.33e-02	  3.33e-02	-5.18525e-01
  6.33e-02	  3.39e-02	-1.16614e+00
  6.33e-02	  3.44e-02	-2.52861e+00
  6.33e-02	  3.49e-02	-5.08539e+00
  6.33e-02	  3.54e-02	-8.98417e+00
  6.33e-02	  3.59e-02	-1.34819e+01
  6.33e-02	  3.65e-02	-1.73312e+01
  6.33e-02	  3.70e-02	-1.99172e+01
  6.33e-02	  3.75e-02	-2.11467e+01
  6.33e-02	  3.80e-02	-7.55290e+00
  6.33e-02	  3.85e-02	5.50554e+01
  6.33e-02	  3.91e-02	1.34847e+02
  6.33e-02	  3.96e-02	2.81512e+02
  6.33e-02	  4.01e-02	9.24296e-31
  6.33e-02	  4.06e-02	1.49955e-63
  6.33e-02	  4.11e-02	2.29184e-96
  6.33e-02	  4.17e-02	3.50910e-129
  6.33e-02	  4.22e-02	5.38007e-162
  6.33e-02	  4.27e-02	8.25415e-195
  6.33e-02	  4.32e-02	1.26640e-227
  6.33e-02	  4.37e-02	1.94230e-260
  6.33e-02	  4.43e-02	2.97789e-293
  6.33e-02	  4.48e-02	0.00000e+00
  6.33e-02	  4.53e-02	0.00000e+00
  6.33e-02	  4.58e-02	0.00000e+00
  6.33e-02	  4.64e-02	0.00000e+00
  6.33e-02	  4.69e-02	0.00000e+00
  6.33e-02	  4.74e-02	0.00000e+00
  6.33e-02	  4.79e-02	0.00000e+00
  6.33e-02	  4.84e-02	0.00000e+00
  6.33e-02	  4.90e-02	0.00000e+00
  6.33e-02	  4.95e-02	0.00000e+00

  6.41e-02	  0.00e+00	0.00000e+00
  6.41e-02	  5.21e-04	0.00000e+00
  6.41e-02	  1.04e-03	0.00000e+00
  6.41e-02	  1.56e-03	0.00000e+00
  6.41e-02	  2.08e-03	0.00000e+00
  6.41e-02	  2.60e-03	0.00000e+00
  6.41e-02	  3.12e-03	0.00000e+00
  6.41e-02	  3.65e-03	0.00000e+00
  6.41e-02	  4.17e-03	-2.96945e-293
  6.41e-02	  4.69e-03	-1.93673e-260
  6.41e-02	  5.21e-03	-1.26271e-227
  6.41e-02	  5.73e-03	-8.22955e-195
  6.41e-02	  6.25e-03	-5.36362e-162
  6.41e-02	  6.77e-03	-3.49806e-129
  6.41e-02	  7.29e-03	-2.28443e-96
  6.41e-02	  7.81e-03	-1.49457e-63
  6.41e-02	  8.33e-03	-9.79727e-31
  6.41e-02	  8.85e-03	-2.80705e+02
  6.41e-02	  9.37e-03	-1.34739e+02
  6.41e-02	  9.90e-03	-5.49747e+01
  6.41e-02	  1.04e-02	7.44068e+00
  6.41e-02	  1.09e-02	2.07917e+01
  6.41e-02	  1.15e-02	1.96401e+01
  6.41e-02	  1.20e-02	1.71467e+01
  6.41e-02	  1.25e-02	1.33951e+01
  6.41e-02	  1.30e-02	8.97612e+00
  6.41e-02	  1.35e-02	5.11011e+00
  6.41e-02	  1.41e-02	2.55220e+00
  6.41e-02	  1.46e-02	1.18034e+00
  6.41e-02	  1.51e-02	5.25930e-01
  6.41e-02	  1.56e-02	2.28698e-01
  6.41e-02	  1.61e-02	9.70027e-02
  6.41e-02	  1.67e-02	4.03902e-02
  6.41e-02	  1.72e-02	1.70170e-02
  6.41e-02	  1.77e-02	7.61787e-03
  6.41e-02	  1.82e-02	3.64643e-03
  6.41e-02	  1.88e-02	1.62829e-03
  6.41e-02	  1.93e-02	3.32996e-04
  6.41e-02	  1.98e-02	-6.07091e-04
  6.41e-02	  2.03e-02	-1.29450e-03
  6.41e-02	  2.08e-02	-1.77510e-03
  6.41e-02	  2.14e-02	-2.08793e-03
  6.41e-02	  2.19e-02	-2.26841e-03
  6.41e-02	  2.24e-02	-2.34542e-03
  6.41e-02	  2.29e-02	-2.34107e-03
  6.41e-02	  2.34e-02	-2.27230e-03
  6.41e-02	  2.40e-02	-2.15267e-03
  6.41e-02	  2.45e-02	-1.99381e-03
  6.41e-02	  2.50e-02	-1.80634e-03
  6.41e-02	  2.55e-02	-1.60065e-03
  6.41e-02	  2.60e-02	-1.38787e-03
  6.41e-02	  2.66e-02	-1.18113e-03
  6.41e-02	  2.71e-02	-9.97381e-04
  6.41e-02	  2.76e-02	-8.58766e-04
  6.41e-02	  2.81e-02	-7.92069e-04
  6.41e-02	  2.86e-02	-8.24878e-04
  6.41e-02	  2.92e-02	-9.86184e-04
  6.41e-02	  2.97e-02	-1.34982e-03
  6.41e-02	  3.02e-02	-2.22960e-03
  6.41e-02	  3.07e-02	-4.75331e-03
  6.41e-02	  3.13e-02	-1.22067e-02
  6.41e-02	  3.18e-02	-3.28020e-02
  6.41e-02	  3.23e-02	-8.52093e-02
  6.41e-02	  3.28e-02	-2.10147e-01
  6.41e-02	  3.33e-02	-4.95842e-01
  6.41e-02	  3.39e-02	-1.12998e+00
  6.41e-02	  3.44e-02	-2.46931e+00
  6.41e-02	  3.49e-02	-4.99141e+00
  6.41e-02	  3.54e-02	-8.85276e+00
  6.41e-02	  3.59e-02	-1.33241e+01
  6.41e-02	  3.65e-02	-1.71459e+01
  6.41e-02	  3.70e-02	-1.96597e+01
  6.41e-02	  3.75e-02	-2.09021e+01
  6.41e-02	  3.80e-02	-8.31037e+00
  6.41e-02	  3.85e-02	5.46563e+01
  6.41e-02	  3.91e-02	1.35274e+02
  6.41e-02	  3.96e-02	2.81075e+02
  6.41e-02	  4.01e-02	9.22277e-31
  6.41e-02	  4.06e-02	1.49736e-63
  6.41e-02	  4.11e-02	2.28904e-96
  6.41e-02	  4.17e-02	3.50566e-129
  6.41e-02	  4.22e-02	5.37607e-162
  6.41e-02	  4.27e-02	8.24987e-195
  6.41e-02	  4.32e-02	1.26601e-227
  6.41e-02	  4.37e-02	1.94208e-260
  6.41e-02	  4.43e-02	2.97808e-293
  6.41e-02	  4.48e-02	0.00000e+00
  6.41e-02	  4.53e-02	0.00000e+00
  6.41e-02	  4.58e-02	0.00000e+00
  6.41e-02	  4.64e-02	0.00000e+00
  6.41e-02	  4.69e-02	0.00000e+00
  6.41e-02	  4.74e-02	0.00000e+00
  6.41e-02	  4.79e-02	0.00000e+00
  6.41e-02	  4.84e-02	0.00000e+00
  6.41e-02	  4.90e-02	0.00000e+00
  6.41e-02	  4.95e-02	0.00000e+00

  6.48e-02	  0.00e+00	0.00000e+00
  6.48e-02	  5.21e-04	0.00000e+00
  6.48e-02	  1.04e-03	0.00000e+00
  6.48e-02	  1.56e-03	0.00000e+00
  6.48e-02	  2.08e-03	0.00000e+00
  6.48e-02	  2.60e-03	0.00000e+00
  6.48e-02	  3.12e-03	0.00000e+00
  6.48e-02	  3.65e-03	0.00000e+00
  6.48e-02	  4.17e-03	-2.96980e-293
  6.48e-02	  4.69e-03	-1.93663e-260
  6.48e-02	  5.21e-03	-1.26241e-227
  6.48e-02	  5.73e-03	-8.22596e-195
  6.48e-02	  6.25e-03	-5.36013e-162
  6.48e-02	  6.77e-03	-3.49501e-129
  6.48e-02	  7.29e-03	-2.28192e-96
  6.48e-02	  7.81e-03	-1.49259e-63
  6.48e-02	  8.33e-03	-9.78206e-31
  6.48e-02	  8.85e-03	-2.80315e+02
  6.48e-02	  9.37e-03	-1.35153e+02
  6.48e-02	  9.90e-03	-5.45736e+01
  6.48e-02	  1.04e-02	8.15959e+00
  6.48e-02	  1.09e-02	2.05586e+01
  6.48e-02	  1.15e-02	1.93946e+01
  6.48e-02	  1.20e-02	1.69665e+01
  6.48e-02	  1.25e-02	1.32387e+01
  6.48e-02	  1.30e-02	8.84424e+00
  6.48e-02	  1.35e-02	5.01520e+00
  6.48e-02	  1.41e-02	2.49246e+00
  6.48e-02	  1.46e-02	1.14429e+00
  6.48e-02	  1.51e-02	5.03611e-01
  6.48e-02	  1.56e-02	2.14233e-01
  6.48e-02	  1.61e-02	8.71660e-02
  6.48e-02	  1.67e-02	3.33330e-02
  6.48e-02	  1.72e-02	1.16415e-02
  6.48e-02	  1.77e-02	3.28425e-03
  6.48e-02	  1.82e-02	2.83329e-06
  6.48e-02	  1.88e-02	-1.50522e-03
  6.48e-02	  1.93e-02	-2.37853e-03
  6.48e-02	  1.98e-02	-2.94218e-03
  6.48e-02	  2.03e-02	-3.28195e-03
  6.48e-02	  2.08e-02	-3.43790e-03
  6.48e-02	  2.14e-02	-3.44664e-03
  6.48e-02	  2.19e-02	-3.34140e-03
  6.48e-02	  2.24e-02	-3.14839e-03
  6.48e-02	  2.29e-02	-2.88652e-03
  6.48e-02	  2.34e-02	-2.56919e-03
  6.48e-02	  2.40e-02	-2.20629e-03
  6.48e-02	  2.45e-02	-1.80572e-03
  6.48e-02	  2.50e-02	-1.37433e-03
  6.48e-02	  2.55e-02	-9.18743e-04
  6.48e-02	  2.60e-02	-4.46328e-04
  6.48e-02	  2.66e-02	3.34361e-05
  6.48e-02	  2.71e-02	5.07102e-04
  6.48e-02	  2.76e-02	9.55730e-04
  6.48e-02	  2.81e-02	1.35570e-03
  6.48e-02	  2.86e-02	1.68374e-03
  6.48e-02	  2.92e-02	1.92007e-03
  6.48e-02	  2.97e-02	2.01363e-03
  6.48e-02	  3.02e-02	1.70337e-03
  6.48e-02	  3.07e-02	-3.02701e-05
  6.48e-02	  3.13e-02	-6.27651e-03
  6.48e-02	  3.18e-02	-2.49262e-02
  6.48e-02	  3.23e-02	-7.41535e-02
  6.48e-02	  3.28e-02	-1.93897e-01
  6.48e-02	  3.33e-02	-4.71019e-01
  6.48e-02	  3.39e-02	-1.09065e+00
  6.48e-02	  3.44e-02	-2.40555e+00
  6.48e-02	  3.49e-02	-4.89163e+00
  6.48e-02	  3.54e-02	-8.71477e+00
  6.48e-02	  3.59e-02	-1.31614e+01
  6.48e-02	  3.65e-02	-1.69629e+01
  6.48e-02	  3.70e-02	-1.94168e+01
  6.48e-02	  3.75e-02	-2.06431e+01
  6.48e-02	  3.80e-02	-8.97988e+00
  6.48e-02	  3.85e-02	5.41535e+01
  6.48e-02	  3.91e-02	1.35646e+02
  6.48e-02	  3.96e-02	2.80732e+02
  6.48e-02	  4.01e-02	9.20624e-31
  6.48e-02	  4.06e-02	1.49570e-63
  6.48e-02	  4.11e-02	2.28701e-96
  6.48e-02	  4.17e-02	3.50329e-129
  6.48e-02	  4.22e-02	5.37357e-162
  6.48e-02	  4.27e-02	8.24768e-195
  6.48e-02	  4.32e-02	1.26591e-227
  6.48e-02	  4.37e-02	1.94226e-260
  6.48e-02	  4.43e-02	2.97882e-293
  6.48e-02	  4.48e-02	0.00000e+00
  6.48e-02	  4.53e-02	0.00000e+00
  6.48e-02	  4.58e-02	0.00000e+00
  6.48e-02	  4.64e-02	0.00000e+00
  6.48e-02	  4.69e-02	0.00000e+00
  6.48e-02	  4.74e-02	0.00000e+00
  6.48e-02	  4.79e-02	0.00000e+00
  6.48e-02	  4.84e-02	0.00000e+00
  6.48e-02	  4.90e-02	0.00000e+00
  6.48e-02	  4.95e-02	0.00000e+00

  6.56e-02	  0.00e+00	0.00000e+00
  6.56e-02	  5.21e-04	0.00000e+00
  6.56e-02	  1.04e-03	0.00000e+00
  6.56e-02	  1.56e-03	0.00000e+00
  6.56e-02	  2.08e-03	0.00000e+00
  6.56e-02	  2.60e-03	0.00000e+00
  6.56e-02	  3.12e-03	0.00000e+00
  6.56e-02	  3.65e-03	0.00000e+00
  6.56e-02	  4.17e-03	-2.97066e-293
  6.56e-02	  4.69e-03	-1.93691e-260
  6.56e-02	  5.21e-03	-1.26239e-227
  6.56e-02	  5.73e-03	-8.22434e-195
  6.56e-02	  6.25e-03	-5.35806e-162
  6.56e-02	  6.77e-03	-3.49296e-129
  6.56e-02	  7.29e-03	-2.28012e-96
  6.56e-02	  7.81e-03	-1.49111e-63
  6.56e-02	  8.33e-03	-9.77035e-31
  6.56e-02	  8.85e-03	-2.80009e+02
  6.56e-02	  9.37e-03	-1.35512e+02
  6.56e-02	  9.90e-03	-5.40745e+01
  6.56e-02	  1.04e-02	8.79625e+00
  6.56e-02	  1.09e-02	2.03139e+01
  6.56e-02	  1.15e-02	1.91628e+01
  6.56e-02	  1.20e-02	1.67880e+01
  6.56e-02	  1.25e-02	1.30770e+01
  6.56e-02	  1.30e-02	8.70532e+00
  6.56e-02	  1.35e-02	4.91410e+00
  6.56e-02	  1.41e-02	2.42798e+00
  6.56e-02	  1.46e-02	1.10485e+00
  6.56e-02	  1.51e-02	4.78947e-01
  6.56e-02	  1.56e-02	1.98154e-01
  6.56e-02	  1.61e-02	7.61963e-02
  6.56e-02	  1.67e-02	2.54489e-02
  6.56e-02	  1.72e-02	5.63307e-03
  6.56e-02	  1.77e-02	-1.55740e-03
  6.56e-02	  1.82e-02	-4.06472e-03
  6.56e-02	  1.88e-02	-5.00283e-03
  6.56e-02	  1.93e-02	-5.40890e-03
  6.56e-02	  1.98e-02	-5.55991e-03
  6.56e-02	  2.03e-02	-5.52165e-03
  6.56e-02	  2.08e-02	-5.32645e-03
  6.56e-02	  2.14e-02	-5.00731e-03
  6.56e-02	  2.19e-02	-4.59466e-03
  6.56e-02	  2.24e-02	-4.11162e-03
  6.56e-02	  2.29e-02	-3.57368e-03
  6.56e-02	  2.34e-02	-2.99064e-03
  6.56e-02	  2.40e-02	-2.36866e-03
  6.56e-02	  2.45e-02	-1.71189e-03
  6.56e-02	  2.50e-02	-1.02346e-03
  6.56e-02	  2.55e-02	-3.06290e-04
  6.56e-02	  2.60e-02	4.35967e-04
  6.56e-02	  2.66e-02	1.19745e-03
  6.56e-02	  2.71e-02	1.96819e-03
  6.56e-02	  2.76e-02	2.73258e-03
  6.56e-02	  2.81e-02	3.47046e-03
  6.56e-02	  2.86e-02	4.16352e-03
  6.56e-02	  2.92e-02	4.80239e-03
  6.56e-02	  2.97e-02	5.36101e-03
  6.56e-02	  3.02e-02	5.63519e-03
  6.56e-02	  3.07e-02	4.72162e-03
  6.56e-02	  3.13e-02	-2.57107e-04
  6.56e-02	  3.18e-02	-1.68420e-02
  6.56e-02	  3.23e-02	-6.26632e-02
  6.56e-02	  3.28e-02	-1.76804e-01
  6.56e-02	  3.33e-02	-4.44661e-01
  6.56e-02	  3.39e-02	-1.04869e+00
  6.56e-02	  3.44e-02	-2.33766e+00
  6.56e-02	  3.49e-02	-4.78595e+00
  6.56e-02	  3.54e-02	-8.56963e+00
  6.56e-02	  3.59e-02	-1.29928e+01
  6.56e-02	  3.65e-02	-1.67808e+01
  6.56e-02	  3.70e-02	-1.91867e+01
  6.56e-02	  3.75e-02	-2.03769e+01
  6.56e-02	  3.80e-02	-9.55975e+00
  6.56e-02	  3.85e-02	5.35633e+01
  6.56e-02	  3.91e-02	1.35963e+02
  6.56e-02	  3.96e-02	2.80467e+02
  6.56e-02	  4.01e-02	9.19279e-31
  6.56e-02	  4.06e-02	1.49450e-63
  6.56e-02	  4.11e-02	2.28561e-96
  6.56e-02	  4.17e-02	3.50183e-129
  6.56e-02	  4.22e-02	5.37233e-162
  6.56e-02	  4.27e-02	8.24726e-195
  6.56e-02	  4.32e-02	1.26606e-227
  6.56e-02	  4.37e-02	1.94277e-260
  6.56e-02	  4.43e-02	2.97999e-293
  6.56e-02	  4.48e-02	0.00000e+00
  6.56e-02	  4.53e-02	0.00000e+00
  6.56e-02	  4.58e-02	0.00000e+00
  6.56e-02	  4.64e-02	0.00000e+00
  6.56e-02	  4.69e-02	0.00000e+00
  6.56e-02	  4.74e-02	0.00000e+00
  6.56e-02	  4.79e-02	0.00000e+00
  6.56e-02	  4.84e-02	0.00000e+00
  6.56e-02	  4.90e-02	0.00000e+00
  6.56e-02	  4.95e-02	0.00000e+00

  6.64e-02	  0.00e+00	0.00000e+00
  6.64e-02	  5.21e-04	0.00000e+00
  6.64e-02	  1.04e-03	0.00000e+00
  6.64e-02	  1.56e-03	0.00000e+00
  6.64e-02	  2.08e-03	0.00000e+00
  6.64e-02	  2.60e-03	0.00000e+00
  6.64e-02	  3.12e-03	0.00000e+00
  6.64e-02	  3.65e-03	0.00000e+00
  6.64e-02	  4.17e-03	-2.97191e-293
  6.64e-02	  4.69e-03	-1.93750e-260
  6.64e-02	  5.21e-03	-1.26259e-227
  6.64e-02	  5.73e-03	-8.22439e-195
  6.64e-02	  6.25e-03	-5.35717e-162
  6.64e-02	  6.77e-03	-3.49175e-129
  6.64e-02	  7.29e-03	-2.27891e-96
  6.64e-02	  7.81e-03	-1.49005e-63
  6.64e-02	  8.33e-03	-9.76162e-31
  6.64e-02	  8.85e-03	-2.79773e+02
  6.64e-02	  9.37e-03	-1.35816e+02
  6.64e-02	  9.90e-03	-5.34930e+01
  6.64e-02	  1.04e-02	9.34998e+00
  6.64e-02	  1.09e-02	2.00644e+01
  6.64e-02	  1.15e-02	1.89436e+01
  6.64e-02	  1.20e-02	1.66101e+01
  6.64e-02	  1.25e-02	1.29091e+01
  6.64e-02	  1.30e-02	8.55904e+00
  6.64e-02	  1.35e-02	4.80689e+00
  6.64e-02	  1.41e-02	2.35920e+00
  6.64e-02	  1.46e-02	1.06265e+00
  6.64e-02	  1.51e-02	4.52595e-01
  6.64e-02	  1.56e-02	1.81047e-01
  6.64e-02	  1.61e-02	6.45803e-02
  6.64e-02	  1.67e-02	1.71281e-02
  6.64e-02	  1.72e-02	-6.98518e-04
  6.64e-02	  1.77e-02	-6.65877e-03
  6.64e-02	  1.82e-02	-8.35371e-03
  6.64e-02	  1.88e-02	-8.69622e-03
  6.64e-02	  1.93e-02	-8.61608e-03
  6.64e-02	  1.98e-02	-8.33942e-03
  6.64e-02	  2.03e-02	-7.91052e-03
  6.64e-02	  2.08e-02	-7.35315e-03
  6.64e-02	  2.14e-02	-6.69619e-03
  6.64e-02	  2.19e-02	-5.96695e-03
  6.64e-02	  2.24e-02	-5.18540e-03
  6.64e-02	  2.29e-02	-4.36364e-03
  6.64e-02	  2.34e-02	-3.50789e-03
  6.64e-02	  2.40e-02	-2.62075e-03
  6.64e-02	  2.45e-02	-1.70282e-03
  6.64e-02	  2.50e-02	-7.53678e-04
  6.64e-02	  2.55e-02	2.27254e-04
  6.64e-02	  2.60e-02	1.23976e-03
  6.64e-02	  2.66e-02	2.28135e-03
  6.64e-02	  2.71e-02	3.34529e-03
  6.64e-02	  2.76e-02	4.41908e-03
  6.64e-02	  2.81e-02	5.48583e-03
  6.64e-02	  2.86e-02	6.53207e-03
  6.64e-02	  2.92e-02	7.55875e-03
  6.64e-02	  2.97e-02	8.56483e-03
  6.64e-02	  3.02e-02	9.40384e-03
  6.64e-02	  3.07e-02	9.29205e-03
  6.64e-02	  3.13e-02	5.57400e-03
  6.64e-02	  3.18e-02	-8.91740e-03
  6.64e-02	  3.23e-02	-5.12192e-02
  6.64e-02	  3.28e-02	-1.59472e-01
  6.64e-02	  3.33e-02	-4.17470e-01
  6.64e-02	  3.39e-02	-1.00483e+00
  6.64e-02	  3.44e-02	-2.26617e+00
  6.64e-02	  3.49e-02	-4.67455e+00
  6.64e-02	  3.54e-02	-8.41702e+00
  6.64e-02	  3.59e-02	-1.28174e+01
  6.64e-02	  3.65e-02	-1.65980e+01
  6.64e-02	  3.70e-02	-1.89680e+01
  6.64e-02	  3.75e-02	-2.01099e+01
  6.64e-02	  3.80e-02	-1.00520e+01
  6.64e-02	  3.85e-02	5.29018e+01
  6.64e-02	  3.91e-02	1.36224e+02
  6.64e-02	  3.96e-02	2.80268e+02
  6.64e-02	  4.01e-02	9.18190e-31
  6.64e-02	  4.06e-02	1.49368e-63
  6.64e-02	  4.11e-02	2.28476e-96
  6.64e-02	  4.17e-02	3.50113e-129
  6.64e-02	  4.22e-02	5.37216e-162
  6.64e-02	  4.27e-02	8.24829e-195
  6.64e-02	  4.32e-02	1.26640e-227
  6.64e-02	  4.37e-02	1.94354e-260
  6.64e-02	  4.43e-02	2.98149e-293
  6.64e-02	  4.48e-02	0.00000e+00
  6.64e-02	  4.53e-02	0.00000e+00
  6.64e-02	  4.58e-02	0.00000e+00
  6.64e-02	  4.64e-02	0.00000e+00
  6.64e-02	  4.69e-02	0.00000e+00
  6.64e-02	  4.74e-02	0.00000e+00
  6.64e-02	  4.79e-02	0.00000e+00
  6.64e-02	  4.84e-02	0.00000e+00
  6.64e-02	  4.90e-02	0.00000e+00
  6.64e-02	  4.95e-02	0.00000e+00

  6.72e-02	  0.00e+00	0.00000e+00
  6.72e-02	  5.21e-04	0.00000e+00
  6.72e-02	  1.04e-03	0.00000e+00
  6.72e-02	  1.56e-03	0.00000e+00
  6.72e-02	  2.08e-03	0.00000e+00
  6.72e-02	  2.60e-03	0.00000e+00
  6.72e-02	  3.12e-03	0.00000e+00
  6.72e-02	  3.65e-03	0.00000e+00
  6.72e-02	  4.17e-03	-2.97347e-293
  6.72e-02	  4.69e-03	-1.93832e-260
  6.72e-02	  5.21e-03	-1.26298e-227
  6.72e-02	  5.73e-03	-8.22580e-195
  6.72e-02	  6.25e-03	-5.35729e-162
  6.72e-02	  6.77e-03	-3.49127e-129
  6.72e-02	  7.29e-03	-2.27822e-96
  6.72e-02	  7.81e-03	-1.48935e-63
  6.72e-02	  8.33e-03	-9.75542e-31
  6.72e-02	  8.85e-03	-2.79599e+02
  6.72e-02	  9.37e-03	-1.36066e+02
  6.72e-02	  9.90e-03	-5.28445e+01
  6.72e-02	  1.04e-02	9.82336e+00
  6.72e-02	  1.09e-02	1.98163e+01
  6.72e-02	  1.15e-02	1.87360e+01
  6.72e-02	  1.20e-02	1.64317e+01
  6.72e-02	  1.25e-02	1.27345e+01
  6.72e-02	  1.30e-02	8.40535e+00
  6.72e-02	  1.35e-02	4.69394e+00
  6.72e-02	  1.41e-02	2.28678e+00
  6.72e-02	  1.46e-02	1.01847e+00
  6.72e-02	  1.51e-02	4.25298e-01
  6.72e-02	  1.56e-02	1.63551e-01
  6.72e-02	  1.61e-02	5.28336e-02
  6.72e-02	  1.67e-02	8.77785e-03
  6.72e-02	  1.72e-02	-7.03255e-03
  6.72e-02	  1.77e-02	-1.17644e-02
  6.72e-02	  1.82e-02	-1.26567e-02
  6.72e-02	  1.88e-02	-1.24136e-02
  6.72e-02	  1.93e-02	-1.18556e-02
  6.72e-02	  1.98e-02	-1.11581e-02
  6.72e-02	  2.03e-02	-1.03442e-02
  6.72e-02	  2.08e-02	-9.42933e-03
  6.72e-02	  2.14e-02	-8.43851e-03
  6.72e-02	  2.19e-02	-7.39608e-03
  6.72e-02	  2.24e-02	-6.31903e-03
  6.72e-02	  2.29e-02	-5.21628e-03
  6.72e-02	  2.34e-02	-4.09082e-03
  6.72e-02	  2.40e-02	-2.94198e-03
  6.72e-02	  2.45e-02	-1.76711e-03
  6.72e-02	  2.50e-02	-5.62643e-04
  6.72e-02	  2.55e-02	6.75103e-04
  6.72e-02	  2.60e-02	1.94893e-03
  6.72e-02	  2.66e-02	3.25927e-03
  6.72e-02	  2.71e-02	4.60213e-03
  6.72e-02	  2.76e-02	5.96752e-03
  6.72e-02	  2.81e-02	7.34118e-03
  6.72e-02	  2.86e-02	8.71352e-03
  6.72e-02	  2.92e-02	1.00944e-02
  6.72e-02	  2.97e-02	1.15056e-02
  6.72e-02	  3.02e-02	1.28557e-02
  6.72e-02	  3.07e-02	1.34789e-02
  6.72e-02	  3.13e-02	1.09456e-02
  6.72e-02	  3.18e-02	-1.51960e-03
  6.72e-02	  3.23e-02	-4.03144e-02
  6.72e-02	  3.28e-02	-1.42543e-01
  6.72e-02	  3.33e-02	-3.90234e-01
  6.72e-02	  3.39e-02	-9.59919e-01
  6.72e-02	  3.44e-02	-2.19187e+00
  6.72e-02	  3.49e-02	-4.55789e+00
  6.72e-02	  3.54e-02	-8.25698e+00
  6.72e-02	  3.59e-02	-1.26346e+01
  6.72e-02	  3.65e-02	-1.64136e+01
  6.72e-02	  3.70e-02	-1.87596e+01
  6.72e-02	  3.75e-02	-1.98479e+01
  6.72e-02	  3.80e-02	-1.04617e+01
  6.72e-02	  3.85e-02	5.21851e+01
  6.72e-02	  3.91e-02	1.36432e+02
  6.72e-02	  3.96e-02	2.80125e+02
  6.72e-02	  4.01e-02	9.17310e-31
  6.72e-02	  4.06e-02	1.49319e-63
  6.72e-02	  4.11e-02	2.28436e-96
  6.72e-02	  4.17e-02	3.50106e-129
  6.72e-02	  4.22e-02	5.37285e-162
  6.72e-02	  4.27e-02	8.25048e-195
  6.72e-02	  4.32e-02	1.26689e-227
  6.72e-02	  4.37e-02	1.94449e-260
  6.72e-02	  4.43e-02	2.98321e-293
  6.72e-02	  4.48e-02	0.00000e+00
  6.72e-02	  4.53e-02	0.00000e+00
  6.72e-02	  4.58e-02	0.00000e+00
  6.72e-02	  4.64e-02	0.00000e+00
  6.72e-02	  4.69e-02	0.00000e+00
  6.72e-02	  4.74e-02	0.00000e+00
  6.72e-02	  4.79e-02	0.00000e+00
  6.72e-02	  4.84e-02	0.00000e+00
  6.72e-02	  4.90e-02	0.00000e+00
  6.72e-02	  4.95e-02	0.00000e+00

  6.80e-02	  0.00e+00	0.00000e+00
  6.80e-02	  5.21e-04	0.00000e+00
  6.80e-02	  1.04e-03	0.00000e+00
  6.80e-02	  1.56e-03	0.00000e+00
  6.80e-02	  2.08e-03	0.00000e+00
  6.80e-02	  2.60e-03	0.00000e+00
  6.80e-02	  3.12e-03	0.00000e+00
  6.80e-02	  3.65e-03	0.00000e+00
  6.80e-02	  4.17e-03	-2.97523e-293
  6.80e-02	  4.69e-03	-1.93932e-260
  6.80e-02	  5.21e-03	-1.26351e-227
  6.80e-02	  5.73e-03	-8.22831e-195
  6.80e-02	  6.25e-03	-5.35824e-162
  6.80e-02	  6.77e-03	-3.49140e-129
  6.80e-02	  7.29e-03	-2.27797e-96
  6.80e-02	  7.81e-03	-1.48896e-63
  6.80e-02	  8.33e-03	-9.75141e-31
  6.80e-02	  8.85e-03	-2.79476e+02
  6.80e-02	  9.37e-03	-1.36264e+02
  6.80e-02	  9.90e-03	-5.21448e+01
  6.80e-02	  1.04e-02	1.02214e+01
  6.80e-02	  1.09e-02	1.95753e+01
  6.80e-02	  1.15e-02	1.85391e+01
  6.80e-02	  1.20e-02	1.62523e+01
  6.80e-02	  1.25e-02	1.25532e+01
  6.80e-02	  1.30e-02	8.24454e+00
  6.80e-02	  1.35e-02	4.57591e+00
  6.80e-02	  1.41e-02	2.21163e+00
  6.80e-02	  1.46e-02	9.73243e-01
  6.80e-02	  1.51e-02	3.97877e-01
  6.80e-02	  1.56e-02	1.46338e-01
  6.80e-02	  1.61e-02	4.14859e-02
  6.80e-02	  1.67e-02	8.08655e-04
  6.80e-02	  1.72e-02	-1.30496e-02
  6.80e-02	  1.77e-02	-1.66217e-02
  6.80e-02	  1.82e-02	-1.67696e-02
  6.80e-02	  1.88e-02	-1.59863e-02
  6.80e-02	  1.93e-02	-1.49859e-02
  6.80e-02	  1.98e-02	-1.38958e-02
  6.80e-02	  2.03e-02	-1.27204e-02
  6.80e-02	  2.08e-02	-1.14681e-02
  6.80e-02	  2.14e-02	-1.01609e-02
  6.80e-02	  2.19e-02	-8.82083e-03
  6.80e-02	  2.24e-02	-7.46228e-03
  6.80e-02	  2.29e-02	-6.09158e-03
  6.80e-02	  2.34e-02	-4.70890e-03
  6.80e-02	  2.40e-02	-3.31079e-03
  6.80e-02	  2.45e-02	-1.89189e-03
  6.80e-02	  2.50e-02	-4.45968e-04
  6.80e-02	  2.55e-02	1.03321e-03
  6.80e-02	  2.60e-02	2.55088e-03
  6.80e-02	  2.66e-02	4.10974e-03
  6.80e-02	  2.71e-02	5.70781e-03
  6.80e-02	  2.76e-02	7.33679e-03
  6.80e-02	  2.81e-02	8.98387e-03
  6.80e-02	  2.86e-02	1.06416e-02
  6.80e-02	  2.92e-02	1.23261e-02
  6.80e-02	  2.97e-02	1.40778e-02
  6.80e-02	  3.02e-02	1.58540e-02
  6.80e-02	  3.07e-02	1.71000e-02
  6.80e-02	  3.13e-02	1.56085e-02
  6.80e-02	  3.18e-02	5.00561e-03
  6.80e-02	  3.23e-02	-3.04279e-02
  6.80e-02	  3.28e-02	-1.26667e-01
  6.80e-02	  3.33e-02	-3.63793e-01
  6.80e-02	  3.39e-02	-9.14969e-01
  6.80e-02	  3.44e-02	-2.11579e+00
  6.80e-02	  3.49e-02	-4.43685e+00
  6.80e-02	  3.54e-02	-8.08997e+00
  6.80e-02	  3.59e-02	-1.24445e+01
  6.80e-02	  3.65e-02	-1.62269e+01
  6.80e-02	  3.70e-02	-1.85607e+01
  6.80e-02	  3.75e-02	-1.95960e+01
  6.80e-02	  3.80e-02	-1.07957e+01
  6.80e-02	  3.85e-02	5.14291e+01
  6.80e-02	  3.91e-02	1.36588e+02
  6.80e-02	  3.96e-02	2.80029e+02
  6.80e-02	  4.01e-02	9.16598e-31
  6.80e-02	  4.06e-02	1.49298e-63
  6.80e-02	  4.11e-02	2.28436e-96
  6.80e-02	  4.17e-02	3.50153e-129
  6.80e-02	  4.22e-02	5.37425e-162
  6.80e-02	  4.27e-02	8.25358e-195
  6.80e-02	  4.32e-02	1.26749e-227
  6.80e-02	  4.37e-02	1.94558e-260
  6.80e-02	  4.43e-02	2.98508e-293
  6.80e-02	  4.48e-02	0.00000e+00
  6.80e-02	  4.53e-02	0.00000e+00
  6.80e-02	  4.58e-02	0.00000e+00
  6.80e-02	  4.64e-02	0.00000e+00
  6.80e-02	  4.69e-02	0.00000e+00
  6.80e-02	  4.74e-02	0.00000e+00
  6.80e-02	  4.79e-02	0.00000e+00
  6.80e-02	  4.84e-02	0.00000e+00
  6.80e-02	  4.90e-02	0.00000e+00
  6.80e-02	  4.95e-02	0.00000e+00

  6.87e-02	  0.00e+00	0.00000e+00
  6.87e-02	  5.21e-04	0.00000e+00
  6.87e-02	  1.04e-03	0.00000e+00
  6.87e-02	  1.56e-03	0.00000e+00
  6.87e-02	  2.08e-03	0.00000e+00
  6.87e-02	  2.60e-03	0.00000e+00
  6.87e-02	  3.12e-03	0.00000e+00
  6.87e-02	  3.65e-03	0.00000e+00
  6.87e-02	  4.17e-03	-2.97711e-293
  6.87e-02	  4.69e-03	-1.94043e-260
  6.87e-02	  5.21e-03	-1.26414e-227
  6.87e-02	  5.73e-03	-8.23166e-195
  6.87e-02	  6.25e-03	-5.35984e-162
  6.87e-02	  6.77e-03	-3.49202e-129
  6.87e-02	  7.29e-03	-2.27808e-96
  6.87e-02	  7.81e-03	-1.48883e-63
  6.87e-02	  8.33e-03	-9.74925e-31
  6.87e-02	  8.85e-03	-2.79398e+02
  6.87e-02	  9.37e-03	-1.36412e+02
  6.87e-02	  9.90e-03	-5.14092e+01
  6.87e-02	  1.04e-02	1.05509e+01
  6.87e-02	  1.09e-02	1.93460e+01
  6.87e-02	  1.15e-02	1.83527e+01
  6.87e-02	  1.20e-02	1.60715e+01
  6.87e-02	  1.25e-02	1.23653e+01
  6.87e-02	  1.30e-02	8.07737e+00
  6.87e-02	  1.35e-02	4.45384e+00
  6.87e-02	  1.41e-02	2.13487e+00
  6.87e-02	  1.46e-02	9.28003e-01
  6.87e-02	  1.51e-02	3.71204e-01
  6.87e-02	  1.56e-02	1.30090e-01
  6.87e-02	  1.61e-02	3.10569e-02
  6.87e-02	  1.67e-02	-6.38578e-03
  6.87e-02	  1.72e-02	-1.84479e-02
  6.87e-02	  1.77e-02	-2.09939e-02
  6.87e-02	  1.82e-02	-2.05014e-02
  6.87e-02	  1.88e-02	-1.92569e-02
  6.87e-02	  1.93e-02	-1.78746e-02
  6.87e-02	  1.98e-02	-1.64403e-02
  6.87e-02	  2.03e-02	-1.49434e-02
  6.87e-02	  2.08e-02	-1.33880e-02
  6.87e-02	  2.14e-02	-1.17943e-02
  6.87e-02	  2.19e-02	-1.01832e-02
  6.87e-02	  2.24e-02	-8.56730e-03
  6.87e-02	  2.29e-02	-6.95099e-03
  6.87e-02	  2.34e-02	-5.33230e-03
  6.87e-02	  2.40e-02	-3.70563e-03
  6.87e-02	  2.45e-02	-2.06349e-03
  6.87e-02	  2.50e-02	-3.97646e-04
  6.87e-02	  2.55e-02	1.30003e-03
  6.87e-02	  2.60e-02	3.03651e-03
  6.87e-02	  2.66e-02	4.81598e-03
  6.87e-02	  2.71e-02	6.63758e-03
  6.87e-02	  2.76e-02	8.49357e-03
  6.87e-02	  2.81e-02	1.03711e-02
  6.87e-02	  2.86e-02	1.22626e-02
  6.87e-02	  2.92e-02	1.41865e-02
  6.87e-02	  2.97e-02	1.61958e-02
  6.87e-02	  3.02e-02	1.82871e-02
  6.87e-02	  3.07e-02	2.00048e-02
  6.87e-02	  3.13e-02	1.93526e-02
  6.87e-02	  3.18e-02	1.03576e-02
  6.87e-02	  3.23e-02	-2.19936e-02
  6.87e-02	  3.28e-02	-1.12460e-01
  6.87e-02	  3.33e-02	-3.38994e-01
  6.87e-02	  3.39e-02	-8.71065e-01
  6.87e-02	  3.44e-02	-2.03918e+00
  6.87e-02	  3.49e-02	-4.31263e+00
  6.87e-02	  3.54e-02	-7.91697e+00
  6.87e-02	  3.59e-02	-1.22475e+01
  6.87e-02	  3.65e-02	-1.60378e+01
  6.87e-02	  3.70e-02	-1.83712e+01
  6.87e-02	  3.75e-02	-1.93587e+01
  6.87e-02	  3.80e-02	-1.10627e+01
  6.87e-02	  3.85e-02	5.06495e+01
  6.87e-02	  3.91e-02	1.36694e+02
  6.87e-02	  3.96e-02	2.79973e+02
  6.87e-02	  4.01e-02	9.16017e-31
  6.87e-02	  4.06e-02	1.49300e-63
  6.87e-02	  4.11e-02	2.28466e-96
  6.87e-02	  4.17e-02	3.50241e-129
  6.87e-02	  4.22e-02	5.37618e-162
  6.87e-02	  4.27e-02	8.25733e-195
  6.87e-02	  4.32e-02	1.26817e-227
  6.87e-02	  4.37e-02	1.94674e-260
  6.87e-02	  4.43e-02	2.98701e-293
  6.87e-02	  4.48e-02	0.00000e+00
  6.87e-02	  4.53e-02	0.00000e+00
  6.87e-02	  4.58e-02	0.00000e+00
  6.87e-02	  4.64e-02	0.00000e+00
  6.87e-02	  4.69e-02	0.00000e+00
  6.87e-02	  4.74e-02	0.00000e+00
  6.87e-02	  4.79e-02	0.00000e+00
  6.87e-02	  4.84e-02	0.00000e+00
  6.87e-02	  4.90e-02	0.00000e+00
  6.87e-02	  4.95e-02	0.00000e+00

  6.95e-02	  0.00e+00	0.00000e+00
  6.95e-02	  5.21e-04	0.00000e+00
  6.95e-02	  1.04e-03	0.00000e+00
  6.95e-02	  1.56e-03	0.00000e+00
  6.95e-02	  2.08e-03	0.00000e+00
  6.95e-02	  2.60e-03	0.00000e+00
  6.95e-02	  3.12e-03	0.00000e+00
  6.95e-02	  3.65e-03	0.00000e+00
  6.95e-02	  4.17e-03	-2.97903e-293
  6.95e-02	  4.69e-03	-1.94160e-260
  6.95e-02	  5.21e-03	-1.26483e-227
  6.95e-02	  5.73e-03	-8.23560e-195
  6.95e-02	  6.25e-03	-5.36194e-162
  6.95e-02	  6.77e-03	-3.49304e-129
  6.95e-02	  7.29e-03	-2.27849e-96
  6.95e-02	  7.81e-03	-1.48893e-63
  6.95e-02	  8.33e-03	-9.74868e-31
  6.95e-02	  8.85e-03	-2.79357e+02
  6.95e-02	  9.37e-03	-1.36513e+02
  6.95e-02	  9.90e-03	-5.06529e+01
  6.95e-02	  1.04e-02	1.08194e+01
  6.95e-02	  1.09e-02	1.91325e+01
  6.95e-02	  1.15e-02	1.81766e+01
  6.95e-02	  1.20e-02	1.58895e+01
  6.95e-02	  1.25e-02	1.21718e+01
  6.95e-02	  1.30e-02	7.90506e+00
  6.95e-02	  1.35e-02	4.32913e+00
  6.95e-02	  1.41e-02	2.05784e+00
  6.95e-02	  1.46e-02	8.83892e-01
  6.95e-02	  1.51e-02	3.46160e-01
  6.95e-02	  1.56e-02	1.15462e-01
  6.95e-02	  1.61e-02	2.20256e-02
  6.95e-02	  1.67e-02	-1.24529e-02
  6.95e-02	  1.72e-02	-2.29618e-02
  6.95e-02	  1.77e-02	-2.46745e-02
  6.95e-02	  1.82e-02	-2.36863e-02
  6.95e-02	  1.88e-02	-2.20881e-02
  6.95e-02	  1.93e-02	-2.04060e-02
  6.95e-02	  1.98e-02	-1.86927e-02
  6.95e-02	  2.03e-02	-1.69284e-02
  6.95e-02	  2.08e-02	-1.51161e-02
  6.95e-02	  2.14e-02	-1.32766e-02
  6.95e-02	  2.19e-02	-1.14307e-02
  6.95e-02	  2.24e-02	-9.59046e-03
  6.95e-02	  2.29e-02	-7.75909e-03
  6.95e-02	  2.34e-02	-5.93326e-03
  6.95e-02	  2.40e-02	-4.10595e-03
  6.95e-02	  2.45e-02	-2.26826e-03
  6.95e-02	  2.50e-02	-4.10672e-04
  6.95e-02	  2.55e-02	1.47612e-03
  6.95e-02	  2.60e-02	3.40006e-03
  6.95e-02	  2.66e-02	5.36595e-03
  6.95e-02	  2.71e-02	7.37307e-03
  6.95e-02	  2.76e-02	9.41299e-03
  6.95e-02	  2.81e-02	1.14710e-02
  6.95e-02	  2.86e-02	1.35368e-02
  6.95e-02	  2.92e-02	1.56266e-02
  6.95e-02	  2.97e-02	1.77980e-02
  6.95e-02	  3.02e-02	2.00753e-02
  6.95e-02	  3.07e-02	2.20849e-02
  6.95e-02	  3.13e-02	2.20227e-02
  6.95e-02	  3.18e-02	1.43039e-02
  6.95e-02	  3.23e-02	-1.53664e-02
  6.95e-02	  3.28e-02	-1.00464e-01
  6.95e-02	  3.33e-02	-3.16636e-01
  6.95e-02	  3.39e-02	-8.29324e-01
  6.95e-02	  3.44e-02	-1.96348e+00
  6.95e-02	  3.49e-02	-4.18682e+00
  6.95e-02	  3.54e-02	-7.73946e+00
  6.95e-02	  3.59e-02	-1.20447e+01
  6.95e-02	  3.65e-02	-1.58467e+01
  6.95e-02	  3.70e-02	-1.81913e+01
  6.95e-02	  3.75e-02	-1.91398e+01
  6.95e-02	  3.80e-02	-1.12714e+01
  6.95e-02	  3.85e-02	4.98616e+01
  6.95e-02	  3.91e-02	1.36754e+02
  6.95e-02	  3.96e-02	2.79951e+02
  6.95e-02	  4.01e-02	9.15533e-31
  6.95e-02	  4.06e-02	1.49320e-63
  6.95e-02	  4.11e-02	2.28522e-96
  6.95e-02	  4.17e-02	3.50360e-129
  6.95e-02	  4.22e-02	5.37849e-162
  6.95e-02	  4.27e-02	8.26150e-195
  6.95e-02	  4.32e-02	1.26889e-227
  6.95e-02	  4.37e-02	1.94794e-260
  6.95e-02	  4.43e-02	2.98895e-293
  6.95e-02	  4.48e-02	0.00000e+00
  6.95e-02	  4.53e-02	0.00000e+00
  6.95e-02	  4.58e-02	0.00000e+00
  6.95e-02	  4.64e-02	0.00000e+00
  6.95e-02	  4.69e-02	0.00000e+00
  6.95e-02	  4.74e-02	0.00000e+00
  6.95e-02	  4.79e-02	0.00000e+00
  6.95e-02	  4.84e-02	0.00000e+00
  6.95e-02	  4.90e-02	0.00000e+00
  6.95e-02	  4.95e-02	0.00000e+00

  7.03e-02	  0.00e+00	0.00000e+00
  7.03e-02	  5.21e-04	0.00000e+00
  7.03e-02	  1.04e-03	0.00000e+00
  7.03e-02	  1.56e-03	0.00000e+00
  7.03e-02	  2.08e-03	0.00000e+00
  7.03e-02	  2.60e-03	0.00000e+00
  7.03e-02	  3.12e-03	0.00000e+00
  7.03e-02	  3.65e-03	0.00000e+00
  7.03e-02	  4.17e-03	-2.98094e-293
  7.03e-02	  4.69e-03	-1.94280e-260
  7.03e-02	  5.21e-03	-1.26556e-227
  7.03e-02	  5.73e-03	-8.23990e-195
  7.03e-02	  6.25e-03	-5.36438e-162
  7.03e-02	  6.77e-03	-3.49435e-129
  7.03e-02	  7.29e-03	-2.27914e-96
  7.03e-02	  7.81e-03	-1.48920e-63
  7.03e-02	  8.33e-03	-9.74942e-31
  7.03e-02	  8.85e-03	-2.79349e+02
  7.03e-02	  9.37e-03	-1.36571e+02
  7.03e-02	  9.90e-03	-4.98908e+01
  7.03e-02	  1.04e-02	1.10351e+01
  7.03e-02	  1.09e-02	1.89382e+01
  7.03e-02	  1.15e-02	1.80111e+01
  7.03e-02	  1.20e-02	1.57069e+01
  7.03e-02	  1.25e-02	1.19739e+01
  7.03e-02	  1.30e-02	7.72930e+00
  7.03e-02	  1.35e-02	4.20350e+00
  7.03e-02	  1.41e-02	1.98206e+00
  7.03e-02	  1.46e-02	8.42069e-01
  7.03e-02	  1.51e-02	3.23580e-01
  7.03e-02	  1.56e-02	1.03038e-01
  7.03e-02	  1.61e-02	1.47961e-02
  7.03e-02	  1.67e-02	-1.71067e-02
  7.03e-02	  1.72e-02	-2.63812e-02
  7.03e-02	  1.77e-02	-2.75015e-02
  7.03e-02	  1.82e-02	-2.61936e-02
  7.03e-02	  1.88e-02	-2.43710e-02
  7.03e-02	  1.93e-02	-2.24871e-02
  7.03e-02	  1.98e-02	-2.05726e-02
  7.03e-02	  2.03e-02	-1.86055e-02
  7.03e-02	  2.08e-02	-1.65919e-02
  7.03e-02	  2.14e-02	-1.45555e-02
  7.03e-02	  2.19e-02	-1.25187e-02
  7.03e-02	  2.24e-02	-1.04943e-02
  7.03e-02	  2.29e-02	-8.48505e-03
  7.03e-02	  2.34e-02	-6.48727e-03
  7.03e-02	  2.40e-02	-4.49324e-03
  7.03e-02	  2.45e-02	-2.49342e-03
  7.03e-02	  2.50e-02	-4.77710e-04
  7.03e-02	  2.55e-02	1.56363e-03
  7.03e-02	  2.60e-02	3.63872e-03
  7.03e-02	  2.66e-02	5.75217e-03
  7.03e-02	  2.71e-02	7.90236e-03
  7.03e-02	  2.76e-02	1.00789e-02
  7.03e-02	  2.81e-02	1.22635e-02
  7.03e-02	  2.86e-02	1.44401e-02
  7.03e-02	  2.92e-02	1.66177e-02
  7.03e-02	  2.97e-02	1.88502e-02
  7.03e-02	  3.02e-02	2.11754e-02
  7.03e-02	  3.07e-02	2.32810e-02
  7.03e-02	  3.13e-02	2.35291e-02
  7.03e-02	  3.18e-02	1.66986e-02
  7.03e-02	  3.23e-02	-1.07938e-02
  7.03e-02	  3.28e-02	-9.10962e-02
  7.03e-02	  3.33e-02	-2.97404e-01
  7.03e-02	  3.39e-02	-7.90806e-01
  7.03e-02	  3.44e-02	-1.89018e+00
  7.03e-02	  3.49e-02	-4.06130e+00
  7.03e-02	  3.54e-02	-7.55944e+00
  7.03e-02	  3.59e-02	-1.18379e+01
  7.03e-02	  3.65e-02	-1.56545e+01
  7.03e-02	  3.70e-02	-1.80215e+01
  7.03e-02	  3.75e-02	-1.89426e+01
  7.03e-02	  3.80e-02	-1.14310e+01
  7.03e-02	  3.85e-02	4.90802e+01
  7.03e-02	  3.91e-02	1.36772e+02
  7.03e-02	  3.96e-02	2.79956e+02
  7.03e-02	  4.01e-02	9.15117e-31
  7.03e-02	  4.06e-02	1.49355e-63
  7.03e-02	  4.11e-02	2.28596e-96
  7.03e-02	  4.17e-02	3.50502e-129
  7.03e-02	  4.22e-02	5.38104e-162
  7.03e-02	  4.27e-02	8.26591e-195
  7.03e-02	  4.32e-02	1.26962e-227
  7.03e-02	  4.37e-02	1.94913e-260
  7.03e-02	  4.43e-02	2.99085e-293
  7.03e-02	  4.48e-02	0.00000e+00
  7.03e-02	  4.53e-02	0.00000e+00
  7.03e-02	  4.58e-02	0.00000e+00
  7.03e-02	  4.64e-02	0.00000e+00
  7.03e-02	  4.69e-02	0.00000e+00
  7.03e-02	  4.74e-02	0.00000e+00
  7.03e-02	  4.79e-02	0.00000e+00
  7.03e-02	  4.84e-02	0.00000e+00
  7.03e-02	  4.90e-02	0.00000e+00
  7.03e-02	  4.95e-02	0.00000e+00

  7.11e-02	  0.00e+00	0.00000e+00
  7.11e-02	  5.21e-04	0.00000e+00
  7.11e-02	  1.04e-03	0.00000e+00
  7.11e-02	  1.56e-03	0.00000e+00
  7.11e-02	  2.08e-03	0.00000e+00
  7.11e-02	  2.60e-03	0.00000e+00
  7.11e-02	  3.12e-03	0.00000e+00
  7.11e-02	  3.65e-03	0.00000e+00
  7.11e-02	  4.17e-03	-2.98280e-293
  7.11e-02	  4.69e-03	-1.94398e-260
  7.11e-02	  5.21e-03	-1.26630e-227
  7.11e-02	  5.73e-03	-8.24438e-195
  7.11e-02	  6.25e-03	-5.36703e-162
  7.11e-02	  6.77e-03	-3.49587e-129
  7.11e-02	  7.29e-03	-2.27996e-96
  7.11e-02	  7.81e-03	-1.48961e-63
  7.11e-02	  8.33e-03	-9.75124e-31
  7.11e-02	  8.85e-03	-2.79368e+02
  7.11e-02	  9.37e-03	-1.36589e+02
  7.11e-02	  9.90e-03	-4.91373e+01
  7.11e-02	  1.04e-02	1.12057e+01
  7.11e-02	  1.09e-02	1.87656e+01
  7.11e-02	  1.15e-02	1.78565e+01
  7.11e-02	  1.20e-02	1.55247e+01
  7.11e-02	  1.25e-02	1.17735e+01
  7.11e-02	  1.30e-02	7.55226e+00
  7.11e-02	  1.35e-02	4.07896e+00
  7.11e-02	  1.41e-02	1.90909e+00
  7.11e-02	  1.46e-02	8.03639e-01
  7.11e-02	  1.51e-02	3.04192e-01
  7.11e-02	  1.56e-02	9.32796e-02
  7.11e-02	  1.61e-02	9.66556e-03
  7.11e-02	  1.67e-02	-2.01503e-02
  7.11e-02	  1.72e-02	-2.85671e-02
  7.11e-02	  1.77e-02	-2.93689e-02
  7.11e-02	  1.82e-02	-2.79369e-02
  7.11e-02	  1.88e-02	-2.60315e-02
  7.11e-02	  1.93e-02	-2.40529e-02
  7.11e-02	  1.98e-02	-2.20222e-02
  7.11e-02	  2.03e-02	-1.99234e-02
  7.11e-02	  2.08e-02	-1.77698e-02
  7.11e-02	  2.14e-02	-1.55909e-02
  7.11e-02	  2.19e-02	-1.34125e-02
  7.11e-02	  2.24e-02	-1.12489e-02
  7.11e-02	  2.29e-02	-9.10395e-03
  7.11e-02	  2.34e-02	-6.97417e-03
  7.11e-02	  2.40e-02	-4.85194e-03
  7.11e-02	  2.45e-02	-2.72778e-03
  7.11e-02	  2.50e-02	-5.91694e-04
  7.11e-02	  2.55e-02	1.56579e-03
  7.11e-02	  2.60e-02	3.75227e-03
  7.11e-02	  2.66e-02	5.97136e-03
  7.11e-02	  2.71e-02	8.21967e-03
  7.11e-02	  2.76e-02	1.04837e-02
  7.11e-02	  2.81e-02	1.27398e-02
  7.11e-02	  2.86e-02	1.49633e-02
  7.11e-02	  2.92e-02	1.71514e-02
  7.11e-02	  2.97e-02	1.93453e-02
  7.11e-02	  3.02e-02	2.15811e-02
  7.11e-02	  3.07e-02	2.35850e-02
  7.11e-02	  3.13e-02	2.38531e-02
  7.11e-02	  3.18e-02	1.74918e-02
  7.11e-02	  3.23e-02	-8.39673e-03
  7.11e-02	  3.28e-02	-8.46204e-02
  7.11e-02	  3.33e-02	-2.81817e-01
  7.11e-02	  3.39e-02	-7.56438e-01
  7.11e-02	  3.44e-02	-1.82076e+00
  7.11e-02	  3.49e-02	-3.93814e+00
  7.11e-02	  3.54e-02	-7.37932e+00
  7.11e-02	  3.59e-02	-1.16293e+01
  7.11e-02	  3.65e-02	-1.54628e+01
  7.11e-02	  3.70e-02	-1.78626e+01
  7.11e-02	  3.75e-02	-1.87694e+01
  7.11e-02	  3.80e-02	-1.15503e+01
  7.11e-02	  3.85e-02	4.83190e+01
  7.11e-02	  3.91e-02	1.36751e+02
  7.11e-02	  3.96e-02	2.79984e+02
  7.11e-02	  4.01e-02	9.14745e-31
  7.11e-02	  4.06e-02	1.49402e-63
  7.11e-02	  4.11e-02	2.28683e-96
  7.11e-02	  4.17e-02	3.50658e-129
  7.11e-02	  4.22e-02	5.38372e-162
  7.11e-02	  4.27e-02	8.27037e-195
  7.11e-02	  4.32e-02	1.27035e-227
  7.11e-02	  4.37e-02	1.95030e-260
  7.11e-02	  4.43e-02	2.99268e-293
  7.11e-02	  4.48e-02	0.00000e+00
  7.11e-02	  4.53e-02	0.00000e+00
  7.11e-02	  4.58e-02	0.00000e+00
  7.11e-02	  4.64e-02	0.00000e+00
  7.11e-02	  4.69e-02	0.00000e+00
  7.11e-02	  4.74e-02	0.00000e+00
  7.11e-02	  4.79e-02	0.00000e+00
  7.11e-02	  4.84e-02	0.00000e+00
  7.11e-02	  4.90e-02	0.00000e+00
  7.11e-02	  4.95e-02	0.00000e+00

  7.19e-02	  0.00e+00	0.00000e+00
  7.19e-02	  5.21e-04	0.00000e+00
  7.19e-02	  1.04e-03	0.00000e+00
  7.19e-02	  1.56e-03	0.00000e+00
  7.19e-02	  2.08e-03	0.00000e+00
  7.19e-02	  2.60e-03	0.00000e+00
  7.19e-02	  3.12e-03	0.00000e+00
  7.19e-02	  3.65e-03	0.00000e+00
  7.19e-02	  4.17e-03	-2.98457e-293
  7.19e-02	  4.69e-03	-1.94511e-260
  7.19e-02	  5.21e-03	-1.26702e-227
  7.19e-02	  5.73e-03	-8.24888e-195
  7.19e-02	  6.25e-03	-5.36977e-162
  7.19e-02	  6.77e-03	-3.49750e-129
  7.19e-02	  7.29e-03	-2.28090e-96
  7.19e-02	  7.81e-03	-1.49013e-63
  7.19e-02	  8.33e-03	-9.75390e-31
  7.19e-02	  8.85e-03	-2.79408e+02
  7.19e-02	  9.37e-03	-1.36572e+02
  7.19e-02	  9.90e-03	-4.84059e+01
  7.19e-02	  1.04e-02	1.13389e+01
  7.19e-02	  1.09e-02	1.86165e+01
  7.19e-02	  1.15e-02	1.77133e+01
  7.19e-02	  1.20e-02	1.53443e+01
  7.19e-02	  1.25e-02	1.15728e+01
  7.19e-02	  1.30e-02	7.37642e+00
  7.19e-02	  1.35e-02	3.95763e+00
  7.19e-02	  1.41e-02	1.84046e+00
  7.19e-02	  1.46e-02	7.69567e-01
  7.19e-02	  1.51e-02	2.88553e-01
  7.19e-02	  1.56e-02	8.64951e-02
  7.19e-02	  1.61e-02	6.79940e-03
  7.19e-02	  1.67e-02	-2.14913e-02
  7.19e-02	  1.72e-02	-2.94613e-02
  7.19e-02	  1.77e-02	-3.02332e-02
  7.19e-02	  1.82e-02	-2.88783e-02
  7.19e-02	  1.88e-02	-2.70342e-02
  7.19e-02	  1.93e-02	-2.50692e-02
  7.19e-02	  1.98e-02	-2.30089e-02
  7.19e-02	  2.03e-02	-2.08509e-02
  7.19e-02	  2.08e-02	-1.86207e-02
  7.19e-02	  2.14e-02	-1.63561e-02
  7.19e-02	  2.19e-02	-1.40878e-02
  7.19e-02	  2.24e-02	-1.18332e-02
  7.19e-02	  2.29e-02	-9.59771e-03
  7.19e-02	  2.34e-02	-7.37892e-03
  7.19e-02	  2.40e-02	-5.17004e-03
  7.19e-02	  2.45e-02	-2.96225e-03
  7.19e-02	  2.50e-02	-7.46266e-04
  7.19e-02	  2.55e-02	1.48655e-03
  7.19e-02	  2.60e-02	3.74267e-03
  7.19e-02	  2.66e-02	6.02407e-03
  7.19e-02	  2.71e-02	8.32488e-03
  7.19e-02	  2.76e-02	1.06275e-02
  7.19e-02	  2.81e-02	1.29016e-02
  7.19e-02	  2.86e-02	1.51115e-02
  7.19e-02	  2.92e-02	1.72378e-02
  7.19e-02	  2.97e-02	1.93010e-02
  7.19e-02	  3.02e-02	2.13207e-02
  7.19e-02	  3.07e-02	2.30368e-02
  7.19e-02	  3.13e-02	2.30435e-02
  7.19e-02	  3.18e-02	1.67292e-02
  7.19e-02	  3.23e-02	-8.16456e-03
  7.19e-02	  3.28e-02	-8.11270e-02
  7.19e-02	  3.33e-02	-2.70186e-01
  7.19e-02	  3.39e-02	-7.26941e-01
  7.19e-02	  3.44e-02	-1.75660e+00
  7.19e-02	  3.49e-02	-3.81945e+00
  7.19e-02	  3.54e-02	-7.20177e+00
  7.19e-02	  3.59e-02	-1.14216e+01
  7.19e-02	  3.65e-02	-1.52732e+01
  7.19e-02	  3.70e-02	-1.77153e+01
  7.19e-02	  3.75e-02	-1.86218e+01
  7.19e-02	  3.80e-02	-1.16372e+01
  7.19e-02	  3.85e-02	4.75912e+01
  7.19e-02	  3.91e-02	1.36697e+02
  7.19e-02	  3.96e-02	2.80030e+02
  7.19e-02	  4.01e-02	9.14397e-31
  7.19e-02	  4.06e-02	1.49455e-63
  7.19e-02	  4.11e-02	2.28778e-96
  7.19e-02	  4.17e-02	3.50820e-129
  7.19e-02	  4.22e-02	5.38642e-162
  7.19e-02	  4.27e-02	8.27477e-195
  7.19e-02	  4.32e-02	1.27105e-227
  7.19e-02	  4.37e-02	1.95141e-260
  7.19e-02	  4.43e-02	2.99442e-293
  7.19e-02	  4.48e-02	0.00000e+00
  7.19e-02	  4.53e-02	0.00000e+00
  7.19e-02	  4.58e-02	0.00000e+00
  7.19e-02	  4.64e-02	0.00000e+00
  7.19e-02	  4.69e-02	0.00000e+00
  7.19e-02	  4.74e-02	0.00000e+00
  7.19e-02	  4.79e-02	0.00000e+00
  7.19e-02	  4.84e-02	0.00000e+00
  7.19e-02	  4.90e-02	0.00000e+00
  7.19e-02	  4.95e-02	0.00000e+00

  7.27e-02	  0.00e+00	0.00000e+00
  7.27e-02	  5.21e-04	0.00000e+00
  7.27e-02	  1.04e-03	0.00000e+00
  7.27e-02	  1.56e-03	0.00000e+00
  7.27e-02	  2.08e-03	0.00000e+00
  7.27e-02	  2.60e-03	0.00000e+00
  7.27e-02	  3.12e-03	0.00000e+00
  7.27e-02	  3.65e-03	0.00000e+00
  7.27e-02	  4.17e-03	-2.98624e-293
  7.27e-02	  4.69e-03	-1.94620e-260
  7.27e-02	  5.21e-03	-1.26771e-227
  7.27e-02	  5.73e-03	-8.25326e-195
  7.27e-02	  6.25e-03	-5.37250e-162
  7.27e-02	  6.77e-03	-3.49917e-129
  7.27e-02	  7.29e-03	-2.28190e-96
  7.27e-02	  7.81e-03	-1.49071e-63
  7.27e-02	  8.33e-03	-9.75716e-31
  7.27e-02	  8.85e-03	-2.79465e+02
  7.27e-02	  9.37e-03	-1.36525e+02
  7.27e-02	  9.90e-03	-4.77089e+01
  7.27e-02	  1.04e-02	1.14416e+01
  7.27e-02	  1.09e-02	1.84916e+01
  7.27e-02	  1.15e-02	1.75814e+01
  7.27e-02	  1.20e-02	1.51671e+01
  7.27e-02	  1.25e-02	1.13745e+01
  7.27e-02	  1.30e-02	7.20444e+00
  7.27e-02	  1.35e-02	3.84165e+00
  7.27e-02	  1.41e-02	1.77755e+00
  7.27e-02	  1.46e-02	7.40595e-01
  7.27e-02	  1.51e-02	2.77005e-01
  7.27e-02	  1.56e-02	8.28083e-02
  7.27e-02	  1.61e-02	6.21963e-03
  7.27e-02	  1.67e-02	-2.11460e-02
  7.27e-02	  1.72e-02	-2.90877e-02
  7.27e-02	  1.77e-02	-3.01134e-02
  7.27e-02	  1.82e-02	-2.90285e-02
  7.27e-02	  1.88e-02	-2.73818e-02
  7.27e-02	  1.93e-02	-2.55325e-02
  7.27e-02	  1.98e-02	-2.35248e-02
  7.27e-02	  2.03e-02	-2.13775e-02
  7.27e-02	  2.08e-02	-1.91326e-02
  7.27e-02	  2.14e-02	-1.68384e-02
  7.27e-02	  2.19e-02	-1.45322e-02
  7.27e-02	  2.24e-02	-1.22352e-02
  7.27e-02	  2.29e-02	-9.95538e-03
  7.27e-02	  2.34e-02	-7.69191e-03
  7.27e-02	  2.40e-02	-5.43936e-03
  7.27e-02	  2.45e-02	-3.19011e-03
  7.27e-02	  2.50e-02	-9.35992e-04
  7.27e-02	  2.55e-02	1.33033e-03
  7.27e-02	  2.60e-02	3.61376e-03
  7.27e-02	  2.66e-02	5.91425e-03
  7.27e-02	  2.71e-02	8.22290e-03
  7.27e-02	  2.76e-02	1.05174e-02
  7.27e-02	  2.81e-02	1.27597e-02
  7.27e-02	  2.86e-02	1.49013e-02
  7.27e-02	  2.92e-02	1.69026e-02
  7.27e-02	  2.97e-02	1.87556e-02
  7.27e-02	  3.02e-02	2.04500e-02
  7.27e-02	  3.07e-02	2.17153e-02
  7.27e-02	  3.13e-02	2.12060e-02
  7.27e-02	  3.18e-02	1.45395e-02
  7.27e-02	  3.23e-02	-9.96576e-03
  7.27e-02	  3.28e-02	-8.05365e-02
  7.27e-02	  3.33e-02	-2.62599e-01
  7.27e-02	  3.39e-02	-7.02778e-01
  7.27e-02	  3.44e-02	-1.69881e+00
  7.27e-02	  3.49e-02	-3.70727e+00
  7.27e-02	  3.54e-02	-7.02959e+00
  7.27e-02	  3.59e-02	-1.12176e+01
  7.27e-02	  3.65e-02	-1.50878e+01
  7.27e-02	  3.70e-02	-1.75799e+01
  7.27e-02	  3.75e-02	-1.85004e+01
  7.27e-02	  3.80e-02	-1.16992e+01
  7.27e-02	  3.85e-02	4.69080e+01
  7.27e-02	  3.91e-02	1.36616e+02
  7.27e-02	  3.96e-02	2.80089e+02
  7.27e-02	  4.01e-02	9.14060e-31
  7.27e-02	  4.06e-02	1.49514e-63
  7.27e-02	  4.11e-02	2.28877e-96
  7.27e-02	  4.17e-02	3.50983e-129
  7.27e-02	  4.22e-02	5.38907e-162
  7.27e-02	  4.27e-02	8.27903e-195
  7.27e-02	  4.32e-02	1.27173e-227
  7.27e-02	  4.37e-02	1.95247e-260
  7.27e-02	  4.43e-02	2.99606e-293
  7.27e-02	  4.48e-02	0.00000e+00
  7.27e-02	  4.53e-02	0.00000e+00
  7.27e-02	  4.58e-02	0.00000e+00
  7.27e-02	  4.64e-02	0.00000e+00
  7.27e-02	  4.69e-02	0.00000e+00
  7.27e-02	  4.74e-02	0.00000e+00
  7.27e-02	  4.79e-02	0.00000e+00
  7.27e-02	  4.84e-02	0.00000e+00
  7.27e-02	  4.90e-02	0.00000e+00
  7.27e-02	  4.95e-02	0.00000e+00

  7.34e-02	  0.00e+00	0.00000e+00
  7.34e-02	  5.21e-04	0.00000e+00
  7.34e-02	  1.04e-03	0.00000e+00
  7.34e-02	  1.56e-03	0.00000e+00
  7.34e-02	  2.08e-03	0.00000e+00
  7.34e-02	  2.60e-03	0.00000e+00
  7.34e-02	  3.12e-03	0.00000e+00
  7.34e-02	  3.65e-03	0.00000e+00
  7.34e-02	  4.17e-03	-2.98781e-293
  7.34e-02	  4.69e-03	-1.94721e-260
  7.34e-02	  5.21e-03	-1.26837e-227
  7.34e-02	  5.73e-03	-8.25744e-195
  7.34e-02	  6.25e-03	-5.37515e-162
  7.34e-02	  6.77e-03	-3.50082e-129
  7.34e-02	  7.29e-03	-2.28292e-96
  7.34e-02	  7.81e-03	-1.49133e-63
  7.34e-02	  8.33e-03	-9.76080e-31
  7.34e-02	  8.85e-03	-2.79535e+02
  7.34e-02	  9.37e-03	-1.36451e+02
  7.34e-02	  9.90e-03	-4.70572e+01
  7.34e-02	  1.04e-02	1.15201e+01
  7.34e-02	  1.09e-02	1.83909e+01
  7.34e-02	  1.15e-02	1.74610e+01
  7.34e-02	  1.20e-02	1.49948e+01
  7.34e-02	  1.25e-02	1.11811e+01
  7.34e-02	  1.30e-02	7.03896e+00
  7.34e-02	  1.35e-02	3.73297e+00
  7.34e-02	  1.41e-02	1.72146e+00
  7.34e-02	  1.46e-02	7.17190e-01
  7.34e-02	  1.51e-02	2.69649e-01
  7.34e-02	  1.56e-02	8.21559e-02
  7.34e-02	  1.61e-02	7.80916e-03
  7.34e-02	  1.67e-02	-1.92322e-02
  7.34e-02	  1.72e-02	-2.75445e-02
  7.34e-02	  1.77e-02	-2.90837e-02
  7.34e-02	  1.82e-02	-2.84406e-02
  7.34e-02	  1.88e-02	-2.71108e-02
  7.34e-02	  1.93e-02	-2.54670e-02
  7.34e-02	  1.98e-02	-2.35847e-02
  7.34e-02	  2.03e-02	-2.15113e-02
  7.34e-02	  2.08e-02	-1.93087e-02
  7.34e-02	  2.14e-02	-1.70379e-02
  7.34e-02	  2.19e-02	-1.47436e-02
  7.34e-02	  2.24e-02	-1.24516e-02
  7.34e-02	  2.29e-02	-1.01729e-02
  7.34e-02	  2.34e-02	-7.90872e-03
  7.34e-02	  2.40e-02	-5.65544e-03
  7.34e-02	  2.45e-02	-3.40689e-03
  7.34e-02	  2.50e-02	-1.15637e-03
  7.34e-02	  2.55e-02	1.10190e-03
  7.34e-02	  2.60e-02	3.37106e-03
  7.34e-02	  2.66e-02	5.64875e-03
  7.34e-02	  2.71e-02	7.92285e-03
  7.34e-02	  2.76e-02	1.01661e-02
  7.34e-02	  2.81e-02	1.23320e-02
  7.34e-02	  2.86e-02	1.43582e-02
  7.34e-02	  2.92e-02	1.61821e-02
  7.34e-02	  2.97e-02	1.77615e-02
  7.34e-02	  3.02e-02	1.90439e-02
  7.34e-02	  3.07e-02	1.97261e-02
  7.34e-02	  3.13e-02	1.84860e-02
  7.34e-02	  3.18e-02	1.11135e-02
  7.34e-02	  3.23e-02	-1.35722e-02
  7.34e-02	  3.28e-02	-8.26228e-02
  7.34e-02	  3.33e-02	-2.58935e-01
  7.34e-02	  3.39e-02	-6.84142e-01
  7.34e-02	  3.44e-02	-1.64824e+00
  7.34e-02	  3.49e-02	-3.60337e+00
  7.34e-02	  3.54e-02	-6.86543e+00
  7.34e-02	  3.59e-02	-1.10203e+01
  7.34e-02	  3.65e-02	-1.49083e+01
  7.34e-02	  3.70e-02	-1.74565e+01
  7.34e-02	  3.75e-02	-1.84049e+01
  7.34e-02	  3.80e-02	-1.17428e+01
  7.34e-02	  3.85e-02	4.62791e+01
  7.34e-02	  3.91e-02	1.36512e+02
  7.34e-02	  3.96e-02	2.80158e+02
  7.34e-02	  4.01e-02	9.13727e-31
  7.34e-02	  4.06e-02	1.49574e-63
  7.34e-02	  4.11e-02	2.28975e-96
  7.34e-02	  4.17e-02	3.51142e-129
  7.34e-02	  4.22e-02	5.39163e-162
  7.34e-02	  4.27e-02	8.28310e-195
  7.34e-02	  4.32e-02	1.27237e-227
  7.34e-02	  4.37e-02	1.95347e-260
  7.34e-02	  4.43e-02	2.99761e-293
  7.34e-02	  4.48e-02	0.00000e+00
  7.34e-02	  4.53e-02	0.00000e+00
  7.34e-02	  4.58e-02	0.00000e+00
  7.34e-02	  4.64e-02	0.00000e+00
  7.34e-02	  4.69e-02	0.00000e+00
  7.34e-02	  4.74e-02	0.00000e+00
  7.34e-02	  4.79e-02	0.00000e+00
  7.34e-02	  4.84e-02	0.00000e+00
  7.34e-02	  4.90e-02	0.00000e+00
  7.34e-02	  4.95e-02	0.00000e+00

  7.42e-02	  0.00e+00	0.00000e+00
  7.42e-02	  5.21e-04	0.00000e+00
  7.42e-02	  1.04e-03	0.00000e+00
  7.42e-02	  1.56e-03	0.00000e+00
  7.42e-02	  2.08e-03	0.00000e+00
  7.42e-02	  2.60e-03	0.00000e+00
  7.42e-02	  3.12e-03	0.00000e+00
  7.42e-02	  3.65e-03	0.00000e+00
  7.42e-02	  4.17e-03	-2.98927e-293
  7.42e-02	  4.69e-03	-1.94817e-260
  7.42e-02	  5.21e-03	-1.26898e-227
  7.42e-02	  5.73e-03	-8.26140e-195
  7.42e-02	  6.25e-03	-5.37768e-162
  7.42e-02	  6.77e-03	-3.50243e-129
  7.42e-02	  7.29e-03	-2.28393e-96
  7.42e-02	  7.81e-03	-1.49196e-63
  7.42e-02	  8.33e-03	-9.76463e-31
  7.42e-02	  8.85e-03	-2.79612e+02
  7.42e-02	  9.37e-03	-1.36358e+02
  7.42e-02	  9.90e-03	-4.64596e+01
  7.42e-02	  1.04e-02	1.15800e+01
  7.42e-02	  1.09e-02	1.83134e+01
  7.42e-02	  1.15e-02	1.73513e+01
  7.42e-02	  1.20e-02	1.48286e+01
  7.42e-02	  1.25e-02	1.09952e+01
  7.42e-02	  1.30e-02	6.88242e+00
  7.42e-02	  1.35e-02	3.63326e+00
  7.42e-02	  1.41e-02	1.67297e+00
  7.42e-02	  1.46e-02	6.99510e-01
  7.42e-02	  1.51e-02	2.66351e-01
  7.42e-02	  1.56e-02	8.43042e-02
  7.42e-02	  1.61e-02	1.13323e-02
  7.42e-02	  1.67e-02	-1.59500e-02
  7.42e-02	  1.72e-02	-2.49880e-02
  7.42e-02	  1.77e-02	-2.72614e-02
  7.42e-02	  1.82e-02	-2.72006e-02
  7.42e-02	  1.88e-02	-2.62837e-02
  7.42e-02	  1.93e-02	-2.49179e-02
  7.42e-02	  1.98e-02	-2.32215e-02
  7.42e-02	  2.03e-02	-2.12757e-02
  7.42e-02	  2.08e-02	-1.91656e-02
  7.42e-02	  2.14e-02	-1.69657e-02
  7.42e-02	  2.19e-02	-1.47291e-02
  7.42e-02	  2.24e-02	-1.24865e-02
  7.42e-02	  2.29e-02	-1.02520e-02
  7.42e-02	  2.34e-02	-8.02951e-03
  7.42e-02	  2.40e-02	-5.81701e-03
  7.42e-02	  2.45e-02	-3.61010e-03
  7.42e-02	  2.50e-02	-1.40366e-03
  7.42e-02	  2.55e-02	8.06446e-04
  7.42e-02	  2.60e-02	3.02150e-03
  7.42e-02	  2.66e-02	5.23683e-03
  7.42e-02	  2.71e-02	7.43712e-03
  7.42e-02	  2.76e-02	9.59013e-03
  7.42e-02	  2.81e-02	1.16411e-02
  7.42e-02	  2.86e-02	1.35130e-02
  7.42e-02	  2.92e-02	1.51188e-02
  7.42e-02	  2.97e-02	1.63777e-02
  7.42e-02	  3.02e-02	1.71855e-02
  7.42e-02	  3.07e-02	1.71872e-02
  7.42e-02	  3.13e-02	1.50490e-02
  7.42e-02	  3.18e-02	6.67696e-03
  7.42e-02	  3.23e-02	-1.86936e-02
  7.42e-02	  3.28e-02	-8.70527e-02
  7.42e-02	  3.33e-02	-2.58898e-01
  7.42e-02	  3.39e-02	-6.70965e-01
  7.42e-02	  3.44e-02	-1.60539e+00
  7.42e-02	  3.49e-02	-3.50921e+00
  7.42e-02	  3.54e-02	-6.71165e+00
  7.42e-02	  3.59e-02	-1.08320e+01
  7.42e-02	  3.65e-02	-1.47363e+01
  7.42e-02	  3.70e-02	-1.73447e+01
  7.42e-02	  3.75e-02	-1.83339e+01
  7.42e-02	  3.80e-02	-1.17738e+01
  7.42e-02	  3.85e-02	4.57116e+01
  7.42e-02	  3.91e-02	1.36391e+02
  7.42e-02	  3.96e-02	2.80231e+02
  7.42e-02	  4.01e-02	9.13395e-31
  7.42e-02	  4.06e-02	1.49633e-63
  7.42e-02	  4.11e-02	2.29071e-96
  7.42e-02	  4.17e-02	3.51296e-129
  7.42e-02	  4.22e-02	5.39406e-162
  7.42e-02	  4.27e-02	8.28695e-195
  7.42e-02	  4.32e-02	1.27298e-227
  7.42e-02	  4.37e-02	1.95441e-260
  7.42e-02	  4.43e-02	2.99905e-293
  7.42e-02	  4.48e-02	0.00000e+00
  7.42e-02	  4.53e-02	0.00000e+00
  7.42e-02	  4.58e-02	0.00000e+00
  7.42e-02	  4.64e-02	0.00000e+00
  7.42e-02	  4.69e-02	0.00000e+00
  7.42e-02	  4.74e-02	0.00000e+00
  7.42e-02	  4.79e-02	0.00000e+00
  7.42e-02	  4.84e-02	0.00000e+00
  7.42e-02	  4.90e-02	0.00000e+00
  7.42e-02	  4.95e-02	0.00000e+00

  7.50e-02	  0.00e+00	0.00000e+00
  7.50e-02	  5.21e-04	0.00000e+00
  7.50e-02	  1.04e-03	0.00000e+00
  7.50e-02	  1.56e-03	0.00000e+00
  7.50e-02	  2.08e-03	0.00000e+00
  7.50e-02	  2.60e-03	0.00000e+00
  7.50e-02	  3.12e-03	0.00000e+00
  7.50e-02	  3.65e-03	0.00000e+00
  7.50e-02	  4.17e-03	-2.99063e-293
  7.50e-02	  4.69e-03	-1.94906e-260
  7.50e-02	  5.21e-03	-1.26956e-227
  7.50e-02	  5.73e-03	-8.26511e-195
  7.50e-02	  6.25e-03	-5.38005e-162
  7.50e-02	  6.77e-03	-3.50394e-129
  7.50e-02	  7.29e-03	-2.28490e-96
  7.50e-02	  7.81e-03	-1.49258e-63
  7.50e-02	  8.33e-03	-9.76849e-31
  7.50e-02	  8.85e-03	-2.79692e+02
  7.50e-02	  9.37e-03	-1.36248e+02
  7.50e-02	  9.90e-03	-4.59225e+01
  7.50e-02	  1.04e-02	1.16265e+01
  7.50e-02	  1.09e-02	1.82574e+01
  7.50e-02	  1.15e-02	1.72517e+01
  7.50e-02	  1.20e-02	1.46698e+01
  7.50e-02	  1.25e-02	1.08188e+01
  7.50e-02	  1.30e-02	6.73685e+00
  7.50e-02	  1.35e-02	3.54375e+00
  7.50e-02	  1.41e-02	1.63245e+00
  7.50e-02	  1.46e-02	6.87420e-01
  7.50e-02	  1.51e-02	2.66771e-01
  7.50e-02	  1.56e-02	8.88860e-02
  7.50e-02	  1.61e-02	1.64689e-02
  7.50e-02	  1.67e-02	-1.15530e-02
  7.50e-02	  1.72e-02	-2.16100e-02
  7.50e-02	  1.77e-02	-2.47886e-02
  7.50e-02	  1.82e-02	-2.54138e-02
  7.50e-02	  1.88e-02	-2.49791e-02
  7.50e-02	  1.93e-02	-2.39444e-02
  7.50e-02	  1.98e-02	-2.24798e-02
  7.50e-02	  2.03e-02	-2.07049e-02
  7.50e-02	  2.08e-02	-1.87289e-02
  7.50e-02	  2.14e-02	-1.66411e-02
  7.50e-02	  2.19e-02	-1.45028e-02
  7.50e-02	  2.24e-02	-1.23498e-02
  7.50e-02	  2.29e-02	-1.01994e-02
  7.50e-02	  2.34e-02	-8.05793e-03
  7.50e-02	  2.40e-02	-5.92526e-03
  7.50e-02	  2.45e-02	-3.79865e-03
  7.50e-02	  2.50e-02	-1.67456e-03
  7.50e-02	  2.55e-02	4.49548e-04
  7.50e-02	  2.60e-02	2.57320e-03
  7.50e-02	  2.66e-02	4.68958e-03
  7.50e-02	  2.71e-02	6.78040e-03
  7.50e-02	  2.76e-02	8.80877e-03
  7.50e-02	  2.81e-02	1.07119e-02
  7.50e-02	  2.86e-02	1.23985e-02
  7.50e-02	  2.92e-02	1.37563e-02
  7.50e-02	  2.97e-02	1.46635e-02
  7.50e-02	  3.02e-02	1.49570e-02
  7.50e-02	  3.07e-02	1.42145e-02
  7.50e-02	  3.13e-02	1.10602e-02
  7.50e-02	  3.18e-02	1.46199e-03
  7.50e-02	  3.23e-02	-2.50160e-02
  7.50e-02	  3.28e-02	-9.34341e-02
  7.50e-02	  3.33e-02	-2.62072e-01
  7.50e-02	  3.39e-02	-6.62966e-01
  7.50e-02	  3.44e-02	-1.57043e+00
  7.50e-02	  3.49e-02	-3.42579e+00
  7.50e-02	  3.54e-02	-6.57014e+00
  7.50e-02	  3.59e-02	-1.06551e+01
  7.50e-02	  3.65e-02	-1.45731e+01
  7.50e-02	  3.70e-02	-1.72434e+01
  7.50e-02	  3.75e-02	-1.82853e+01
  7.50e-02	  3.80e-02	-1.17973e+01
  7.50e-02	  3.85e-02	4.52105e+01
  7.50e-02	  3.91e-02	1.36258e+02
  7.50e-02	  3.96e-02	2.80306e+02
  7.50e-02	  4.01e-02	9.13067e-31
  7.50e-02	  4.06e-02	1.49691e-63
  7.50e-02	  4.11e-02	2.29163e-96
  7.50e-02	  4.17e-02	3.51442e-129
  7.50e-02	  4.22e-02	5.39637e-162
  7.50e-02	  4.27e-02	8.29060e-195
  7.50e-02	  4.32e-02	1.27355e-227
  7.50e-02	  4.37e-02	1.95530e-260
  7.50e-02	  4.43e-02	3.00040e-293
  7.50e-02	  4.48e-02	0.00000e+00
  7.50e-02	  4.53e-02	0.00000e+00
  7.50e-02	  4.58e-02	0.00000e+00
  7.50e-02	  4.64e-02	0.00000e+00
  7.50e-02	  4.69e-02	0.00000e+00
  7.50e-02	  4.74e-02	0.00000e+00
  7.50e-02	  4.79e-02	0.00000e+00
  7.50e-02	  4.84e-02	0.00000e+00
  7.50e-02	  4.90e-02	0.00000e+00
  7.50e-02	  4.95e-02	0.00000e+00

  7.58e-02	  0.00e+00	0.00000e+00
  7.58e-02	  5.21e-04	0.00000e+00
  7.58e-02	  1.04e-03	0.00000e+00
  7.58e-02	  1.56e-03	0.00000e+00
  7.58e-02	  2.08e-03	0.00000e+00
  7.58e-02	  2.60e-03	0.00000e+00
  7.58e-02	  3.12e-03	0.00000e+00
  7.58e-02	  3.65e-03	0.00000e+00
  7.58e-02	  4.17e-03	-2.99188e-293
  7.58e-02	  4.69e-03	-1.94988e-260
  7.58e-02	  5.21e-03	-1.27010e-227
  7.58e-02	  5.73e-03	-8.26858e-195
  7.58e-02	  6.25e-03	-5.38228e-162
  7.58e-02	  6.77e-03	-3.50537e-129
  7.58e-02	  7.29e-03	-2.28582e-96
  7.58e-02	  7.81e-03	-1.49317e-63
  7.58e-02	  8.33e-03	-9.77226e-31
  7.58e-02	  8.85e-03	-2.79773e+02
  7.58e-02	  9.37e-03	-1.36128e+02
  7.58e-02	  9.90e-03	-4.54499e+01
  7.58e-02	  1.04e-02	1.16646e+01
  7.58e-02	  1.09e-02	1.82206e+01
  7.58e-02	  1.15e-02	1.71609e+01
  7.58e-02	  1.20e-02	1.45191e+01
  7.58e-02	  1.25e-02	1.06537e+01
  7.58e-02	  1.30e-02	6.60378e+00
  7.58e-02	  1.35e-02	3.46518e+00
  7.58e-02	  1.41e-02	1.59991e+00
  7.58e-02	  1.46e-02	6.80536e-01
  7.58e-02	  1.51e-02	2.70420e-01
  7.58e-02	  1.56e-02	9.54522e-02
  7.58e-02	  1.61e-02	2.28563e-02
  7.58e-02	  1.67e-02	-6.31641e-03
  7.58e-02	  1.72e-02	-1.76134e-02
  7.58e-02	  1.77e-02	-2.18145e-02
  7.58e-02	  1.82e-02	-2.31909e-02
  7.58e-02	  1.88e-02	-2.32806e-02
  7.58e-02	  1.93e-02	-2.26108e-02
  7.58e-02	  1.98e-02	-2.14099e-02
  7.58e-02	  2.03e-02	-1.98380e-02
  7.58e-02	  2.08e-02	-1.80296e-02
  7.58e-02	  2.14e-02	-1.60881e-02
  7.58e-02	  2.19e-02	-1.40831e-02
  7.58e-02	  2.24e-02	-1.20551e-02
  7.58e-02	  2.29e-02	-1.00246e-02
  7.58e-02	  2.34e-02	-7.99995e-03
  7.58e-02	  2.40e-02	-5.98291e-03
  7.58e-02	  2.45e-02	-3.97225e-03
  7.58e-02	  2.50e-02	-1.96588e-03
  7.58e-02	  2.55e-02	3.73197e-05
  7.58e-02	  2.60e-02	2.03530e-03
  7.58e-02	  2.66e-02	4.01940e-03
  7.58e-02	  2.71e-02	5.96875e-03
  7.58e-02	  2.76e-02	7.84231e-03
  7.58e-02	  2.81e-02	9.56995e-03
  7.58e-02	  2.86e-02	1.10467e-02
  7.58e-02	  2.92e-02	1.21353e-02
  7.58e-02	  2.97e-02	1.26722e-02
  7.58e-02	  3.02e-02	1.24310e-02
  7.58e-02	  3.07e-02	1.09105e-02
  7.58e-02	  3.13e-02	6.66715e-03
  7.58e-02	  3.18e-02	-4.31787e-03
  7.58e-02	  3.23e-02	-3.22379e-02
  7.58e-02	  3.28e-02	-1.01366e-01
  7.58e-02	  3.33e-02	-2.67982e-01
  7.58e-02	  3.39e-02	-6.59715e-01
  7.58e-02	  3.44e-02	-1.54323e+00
  7.58e-02	  3.49e-02	-3.35368e+00
  7.58e-02	  3.54e-02	-6.44226e+00
  7.58e-02	  3.59e-02	-1.04911e+01
  7.58e-02	  3.65e-02	-1.44194e+01
  7.58e-02	  3.70e-02	-1.71514e+01
  7.58e-02	  3.75e-02	-1.82566e+01
  7.58e-02	  3.80e-02	-1.18180e+01
  7.58e-02	  3.85e-02	4.47780e+01
  7.58e-02	  3.91e-02	1.36118e+02
  7.58e-02	  3.96e-02	2.80381e+02
  7.58e-02	  4.01e-02	9.12749e-31
  7.58e-02	  4.06e-02	1.49747e-63
  7.58e-02	  4.11e-02	2.29251e-96
  7.58e-02	  4.17e-02	3.51581e-129
  7.58e-02	  4.22e-02	5.39857e-162
  7.58e-02	  4.27e-02	8.29406e-195
  7.58e-02	  4.32e-02	1.27409e-227
  7.58e-02	  4.37e-02	1.95613e-260
  7.58e-02	  4.43e-02	3.00164e-293
  7.58e-02	  4.48e-02	0.00000e+00
  7.58e-02	  4.53e-02	0.00000e+00
  7.58e-02	  4.58e-02	0.00000e+00
  7.58e-02	  4.64e-02	0.00000e+00
  7.58e-02	  4.69e-02	0.00000e+00
  7.58e-02	  4.74e-02	0.00000e+00
  7.58e-02	  4.79e-02	0.00000e+00
  7.58e-02	  4.84e-02	0.00000e+00
  7.58e-02	  4.90e-02	0.00000e+00
  7.58e-02	  4.95e-02	0.00000e+00

  7.66e-02	  0.00e+00	0.00000e+00
  7.66e-02	  5.21e-04	0.00000e+00
  7.66e-02	  1.04e-03	0.00000e+00
  7.66e-02	  1.56e-03	0.00000e+00
  7.66e-02	  2.08e-03	0.00000e+00
  7.66e-02	  2.60e-03	0.00000e+00
  7.66e-02	  3.12e-03	0.00000e+00
  7.66e-02	  3.65e-03	0.00000e+00
  7.66e-02	  4.17e-03	-2.99303e-293
  7.66e-02	  4.69e-03	-1.95065e-260
  7.66e-02	  5.21e-03	-1.27060e-227
  7.66e-02	  5.73e-03	-8.27184e-195
  7.66e-02	  6.25e-03	-5.38437e-162
  7.66e-02	  6.77e-03	-3.50672e-129
  7.66e-02	  7.29e-03	-2.28668e-96
  7.66e-02	  7.81e-03	-1.49372e-63
  7.66e-02	  8.33e-03	-9.77586e-31
  7.66e-02	  8.85e-03	-2.79852e+02
  7.66e-02	  9.37e-03	-1.36001e+02
  7.66e-02	  9.90e-03	-4.50432e+01
  7.66e-02	  1.04e-02	1.16985e+01
  7.66e-02	  1.09e-02	1.82006e+01
  7.66e-02	  1.15e-02	1.70777e+01
  7.66e-02	  1.20e-02	1.43771e+01
  7.66e-02	  1.25e-02	1.05010e+01
  7.66e-02	  1.30e-02	6.48418e+00
  7.66e-02	  1.35e-02	3.39784e+00
  7.66e-02	  1.41e-02	1.57504e+00
  7.66e-02	  1.46e-02	6.78297e-01
  7.66e-02	  1.51e-02	2.76732e-01
  7.66e-02	  1.56e-02	1.03529e-01
  7.66e-02	  1.61e-02	3.01330e-02
  7.66e-02	  1.67e-02	-5.04200e-04
  7.66e-02	  1.72e-02	-1.31887e-02
  7.66e-02	  1.77e-02	-1.84774e-02
  7.66e-02	  1.82e-02	-2.06348e-02
  7.66e-02	  1.88e-02	-2.12670e-02
  7.66e-02	  1.93e-02	-2.09789e-02
  7.66e-02	  1.98e-02	-2.00610e-02
  7.66e-02	  2.03e-02	-1.87149e-02
  7.66e-02	  2.08e-02	-1.70996e-02
  7.66e-02	  2.14e-02	-1.53324e-02
  7.66e-02	  2.19e-02	-1.34901e-02
  7.66e-02	  2.24e-02	-1.16177e-02
  7.66e-02	  2.29e-02	-9.73848e-03
  7.66e-02	  2.34e-02	-7.86256e-03
  7.66e-02	  2.40e-02	-5.99330e-03
  7.66e-02	  2.45e-02	-4.13078e-03
  7.66e-02	  2.50e-02	-2.27416e-03
  7.66e-02	  2.55e-02	-4.23528e-04
  7.66e-02	  2.60e-02	1.41778e-03
  7.66e-02	  2.66e-02	3.23959e-03
  7.66e-02	  2.71e-02	5.01888e-03
  7.66e-02	  2.76e-02	6.71111e-03
  7.66e-02	  2.81e-02	8.23958e-03
  7.66e-02	  2.86e-02	9.48664e-03
  7.66e-02	  2.92e-02	1.02913e-02
  7.66e-02	  2.97e-02	1.04482e-02
  7.66e-02	  3.02e-02	9.66591e-03
  7.66e-02	  3.07e-02	7.35626e-03
  7.66e-02	  3.13e-02	1.98831e-03
  7.66e-02	  3.18e-02	-1.04862e-02
  7.66e-02	  3.23e-02	-4.00991e-02
  7.66e-02	  3.28e-02	-1.10481e-01
  7.66e-02	  3.33e-02	-2.76156e-01
  7.66e-02	  3.39e-02	-6.60700e-01
  7.66e-02	  3.44e-02	-1.52347e+00
  7.66e-02	  3.49e-02	-3.29303e+00
  7.66e-02	  3.54e-02	-6.32882e+00
  7.66e-02	  3.59e-02	-1.03410e+01
  7.66e-02	  3.65e-02	-1.42757e+01
  7.66e-02	  3.70e-02	-1.70672e+01
  7.66e-02	  3.75e-02	-1.82446e+01
  7.66e-02	  3.80e-02	-1.18400e+01
  7.66e-02	  3.85e-02	4.44140e+01
  7.66e-02	  3.91e-02	1.35976e+02
  7.66e-02	  3.96e-02	2.80454e+02
  7.66e-02	  4.01e-02	9.12448e-31
  7.66e-02	  4.06e-02	1.49800e-63
  7.66e-02	  4.11e-02	2.29336e-96
  7.66e-02	  4.17e-02	3.51714e-129
  7.66e-02	  4.22e-02	5.40068e-162
  7.66e-02	  4.27e-02	8.29735e-195
  7.66e-02	  4.32e-02	1.27459e-227
  7.66e-02	  4.37e-02	1.95689e-260
  7.66e-02	  4.43e-02	3.00276e-293
  7.66e-02	  4.48e-02	0.00000e+00
  7.66e-02	  4.53e-02	0.00000e+00
  7.66e-02	  4.58e-02	0.00000e+00
  7.66e-02	  4.64e-02	0.00000e+00
  7.66e-02	  4.69e-02	0.00000e+00
  7.66e-02	  4.74e-02	0.00000e+00
  7.66e-02	  4.79e-02	0.00000e+00
  7.66e-02	  4.84e-02	0.00000e+00
  7.66e-02	  4.90e-02	0.00000e+00
  7.66e-02	  4.95e-02	0.00000e+00

  7.73e-02	  0.00e+00	0.00000e+00
  7.73e-02	  5.21e-04	0.00000e+00
  7.73e-02	  1.04e-03	0.00000e+00
  7.73e-02	  1.56e-03	0.00000e+00
  7.73e-02	  2.08e-03	0.00000e+00
  7.73e-02	  2.60e-03	0.00000e+00
  7.73e-02	  3.12e-03	0.00000e+00
  7.73e-02	  3.65e-03	0.00000e+00
  7.73e-02	  4.17e-03	-2.99406e-293
  7.73e-02	  4.69e-03	-1.95136e-260
  7.73e-02	  5.21e-03	-1.27107e-227
  7.73e-02	  5.73e-03	-8.27490e-195
  7.73e-02	  6.25e-03	-5.38635e-162
  7.73e-02	  6.77e-03	-3.50798e-129
  7.73e-02	  7.29e-03	-2.28750e-96
  7.73e-02	  7.81e-03	-1.49425e-63
  7.73e-02	  8.33e-03	-9.77926e-31
  7.73e-02	  8.85e-03	-2.79926e+02
  7.73e-02	  9.37e-03	-1.35872e+02
  7.73e-02	  9.90e-03	-4.47017e+01
  7.73e-02	  1.04e-02	1.17324e+01
  7.73e-02	  1.09e-02	1.81946e+01
  7.73e-02	  1.15e-02	1.70006e+01
  7.73e-02	  1.20e-02	1.42439e+01
  7.73e-02	  1.25e-02	1.03615e+01
  7.73e-02	  1.30e-02	6.37847e+00
  7.73e-02	  1.35e-02	3.34156e+00
  7.73e-02	  1.41e-02	1.55729e+00
  7.73e-02	  1.46e-02	6.80055e-01
  7.73e-02	  1.51e-02	2.85133e-01
  7.73e-02	  1.56e-02	1.12674e-01
  7.73e-02	  1.61e-02	3.79775e-02
  7.73e-02	  1.67e-02	5.65717e-03
  7.73e-02	  1.72e-02	-8.49517e-03
  7.73e-02	  1.77e-02	-1.48920e-02
  7.73e-02	  1.82e-02	-1.78310e-02
  7.73e-02	  1.88e-02	-1.90045e-02
  7.73e-02	  1.93e-02	-1.91020e-02
  7.73e-02	  1.98e-02	-1.84770e-02
  7.73e-02	  2.03e-02	-1.73719e-02
  7.73e-02	  2.08e-02	-1.59691e-02
  7.73e-02	  2.14e-02	-1.43983e-02
  7.73e-02	  2.19e-02	-1.27434e-02
  7.73e-02	  2.24e-02	-1.10528e-02
  7.73e-02	  2.29e-02	-9.35200e-03
  7.73e-02	  2.34e-02	-7.65274e-03
  7.73e-02	  2.40e-02	-5.95961e-03
  7.73e-02	  2.45e-02	-4.27378e-03
  7.73e-02	  2.50e-02	-2.59542e-03
  7.73e-02	  2.55e-02	-9.25603e-04
  7.73e-02	  2.60e-02	7.31333e-04
  7.73e-02	  2.66e-02	2.36400e-03
  7.73e-02	  2.71e-02	3.94772e-03
  7.73e-02	  2.76e-02	5.43503e-03
  7.73e-02	  2.81e-02	6.74352e-03
  7.73e-02	  2.86e-02	7.74407e-03
  7.73e-02	  2.92e-02	8.25329e-03
  7.73e-02	  2.97e-02	8.02557e-03
  7.73e-02	  3.02e-02	6.70402e-03
  7.73e-02	  3.07e-02	3.60926e-03
  7.73e-02	  3.13e-02	-2.89199e-03
  7.73e-02	  3.18e-02	-1.69129e-02
  7.73e-02	  3.23e-02	-4.83980e-02
  7.73e-02	  3.28e-02	-1.20476e-01
  7.73e-02	  3.33e-02	-2.86167e-01
  7.73e-02	  3.39e-02	-6.65400e-01
  7.73e-02	  3.44e-02	-1.51065e+00
  7.73e-02	  3.49e-02	-3.24366e+00
  7.73e-02	  3.54e-02	-6.23010e+00
  7.73e-02	  3.59e-02	-1.02055e+01
  7.73e-02	  3.65e-02	-1.41422e+01
  7.73e-02	  3.70e-02	-1.69894e+01
  7.73e-02	  3.75e-02	-1.82464e+01
  7.73e-02	  3.80e-02	-1.18669e+01
  7.73e-02	  3.85e-02	4.41164e+01
  7.73e-02	  3.91e-02	1.35834e+02
  7.73e-02	  3.96e-02	2.80525e+02
  7.73e-02	  4.01e-02	9.12171e-31
  7.73e-02	  4.06e-02	1.49852e-63
  7.73e-02	  4.11e-02	2.29417e-96
  7.73e-02	  4.17e-02	3.51842e-129
  7.73e-02	  4.22e-02	5.40269e-162
  7.73e-02	  4.27e-02	8.30047e-195
  7.73e-02	  4.32e-02	1.27507e-227
  7.73e-02	  4.37e-02	1.95759e-260
  7.73e-02	  4.43e-02	3.00376e-293
  7.73e-02	  4.48e-02	0.00000e+00
  7.73e-02	  4.53e-02	0.00000e+00
  7.73e-02	  4.58e-02	0.00000e+00
  7.73e-02	  4.64e-02	0.00000e+00
  7.73e-02	  4.69e-02	0.00000e+00
  7.73e-02	  4.74e-02	0.00000e+00
  7.73e-02	  4.79e-02	0.00000e+00
  7.73e-02	  4.84e-02	0.00000e+00
  7.73e-02	  4.90e-02	0.00000e+00
  7.73e-02	  4.95e-02	0.00000e+00

  7.81e-02	  0.00e+00	0.00000e+00
  7.81e-02	  5.21e-04	0.00000e+00
  7.81e-02	  1.04e-03	0.00000e+00
  7.81e-02	  1.56e-03	0.00000e+00
  7.81e-02	  2.08e-03	0.00000e+00
  7.81e-02	  2.60e-03	0.00000e+00
  7.81e-02	  3.12e-03	0.00000e+00
  7.81e-02	  3.65e-03	0.00000e+00
  7.81e-02	  4.17e-03	-2.99496e-293
  7.81e-02	  4.69e-03	-1.95199e-260
  7.81e-02	  5.21e-03	-1.27150e-227
  7.81e-02	  5.73e-03	-8.27776e-195
  7.81e-02	  6.25e-03	-5.38821e-162
  7.81e-02	  6.77e-03	-3.50919e-129
  7.81e-02	  7.29e-03	-2.28827e-96
  7.81e-02	  7.81e-03	-1.49474e-63
  7.81e-02	  8.33e-03	-9.78246e-31
  7.81e-02	  8.85e-03	-2.79997e+02
  7.81e-02	  9.37e-03	-1.35743e+02
  7.81e-02	  9.90e-03	-4.44227e+01
  7.81e-02	  1.04e-02	1.17698e+01
  7.81e-02	  1.09e-02	1.81999e+01
  7.81e-02	  1.15e-02	1.69285e+01
  7.81e-02	  1.20e-02	1.41199e+01
  7.81e-02	  1.25e-02	1.02355e+01
  7.81e-02	  1.30e-02	6.28659e+00
  7.81e-02	  1.35e-02	3.29590e+00
  7.81e-02	  1.41e-02	1.54599e+00
  7.81e-02	  1.46e-02	6.85161e-01
  7.81e-02	  1.51e-02	2.95108e-01
  7.81e-02	  1.56e-02	1.22514e-01
  7.81e-02	  1.61e-02	4.61356e-02
  7.81e-02	  1.67e-02	1.19966e-02
  7.81e-02	  1.72e-02	-3.64944e-03
  7.81e-02	  1.77e-02	-1.11409e-02
  7.81e-02	  1.82e-02	-1.48417e-02
  7.81e-02	  1.88e-02	-1.65428e-02
  7.81e-02	  1.93e-02	-1.70213e-02
  7.81e-02	  1.98e-02	-1.66931e-02
  7.81e-02	  2.03e-02	-1.58392e-02
  7.81e-02	  2.08e-02	-1.46638e-02
  7.81e-02	  2.14e-02	-1.33079e-02
  7.81e-02	  2.19e-02	-1.18608e-02
  7.81e-02	  2.24e-02	-1.03742e-02
  7.81e-02	  2.29e-02	-8.87513e-03
  7.81e-02	  2.34e-02	-7.37665e-03
  7.81e-02	  2.40e-02	-5.88429e-03
  7.81e-02	  2.45e-02	-4.40005e-03
  7.81e-02	  2.50e-02	-2.92493e-03
  7.81e-02	  2.55e-02	-1.46076e-03
  7.81e-02	  2.60e-02	-1.26821e-05
  7.81e-02	  2.66e-02	1.40700e-03
  7.81e-02	  2.71e-02	2.77229e-03
  7.81e-02	  2.76e-02	4.03334e-03
  7.81e-02	  2.81e-02	5.10286e-03
  7.81e-02	  2.86e-02	5.84139e-03
  7.81e-02	  2.92e-02	6.04484e-03
  7.81e-02	  2.97e-02	5.42916e-03
  7.81e-02	  3.02e-02	3.57348e-03
  7.81e-02	  3.07e-02	-2.94796e-04
  7.81e-02	  3.13e-02	-7.92170e-03
  7.81e-02	  3.18e-02	-2.35145e-02
  7.81e-02	  3.23e-02	-5.69958e-02
  7.81e-02	  3.28e-02	-1.31125e-01
  7.81e-02	  3.33e-02	-2.97671e-01
  7.81e-02	  3.39e-02	-6.73338e-01
  7.81e-02	  3.44e-02	-1.50422e+00
  7.81e-02	  3.49e-02	-3.20512e+00
  7.81e-02	  3.54e-02	-6.14598e+00
  7.81e-02	  3.59e-02	-1.00848e+01
  7.81e-02	  3.65e-02	-1.40191e+01
  7.81e-02	  3.70e-02	-1.69171e+01
  7.81e-02	  3.75e-02	-1.82591e+01
  7.81e-02	  3.80e-02	-1.19016e+01
  7.81e-02	  3.85e-02	4.38815e+01
  7.81e-02	  3.91e-02	1.35696e+02
  7.81e-02	  3.96e-02	2.80593e+02
  7.81e-02	  4.01e-02	9.11925e-31
  7.81e-02	  4.06e-02	1.49902e-63
  7.81e-02	  4.11e-02	2.29496e-96
  7.81e-02	  4.17e-02	3.51967e-129
  7.81e-02	  4.22e-02	5.40462e-162
  7.81e-02	  4.27e-02	8.30342e-195
  7.81e-02	  4.32e-02	1.27551e-227
  7.81e-02	  4.37e-02	1.95822e-260
  7.81e-02	  4.43e-02	3.00461e-293
  7.81e-02	  4.48e-02	0.00000e+00
  7.81e-02	  4.53e-02	0.00000e+00
  7.81e-02	  4.58e-02	0.00000e+00
  7.81e-02	  4.64e-02	0.00000e+00
  7.81e-02	  4.69e-02	0.00000e+00
  7.81e-02	  4.74e-02	0.00000e+00
  7.81e-02	  4.79e-02	0.00000e+00
  7.81e-02	  4.84e-02	0.00000e+00
  7.81e-02	  4.90e-02	0.00000e+00
  7.81e-02	  4.95e-02	0.00000e+00

  7.89e-02	  0.00e+00	0.00000e+00
  7.89e-02	  5.21e-04	0.00000e+00
  7.89e-02	  1.04e-03	0.00000e+00
  7.89e-02	  1.56e-03	0.00000e+00
  7.89e-02	  2.08e-03	0.00000e+00
  7.89e-02	  2.60e-03	0.00000e+00
  7.89e-02	  3.12e-03	0.00000e+00
  7.89e-02	  3.65e-03	0.00000e+00
  7.89e-02	  4.17e-03	-2.99571e-293
  7.89e-02	  4.69e-03	-1.95255e-260
  7.89e-02	  5.21e-03	-1.27190e-227
  7.89e-02	  5.73e-03	-8.28043e-195
  7.89e-02	  6.25e-03	-5.38998e-162
  7.89e-02	  6.77e-03	-3.51033e-129
  7.89e-02	  7.29e-03	-2.28901e-96
  7.89e-02	  7.81e-03	-1.49522e-63
  7.89e-02	  8.33e-03	-9.78551e-31
  7.89e-02	  8.85e-03	-2.80064e+02
  7.89e-02	  9.37e-03	-1.35618e+02
  7.89e-02	  9.90e-03	-4.42023e+01
  7.89e-02	  1.04e-02	1.18137e+01
  7.89e-02	  1.09e-02	1.82142e+01
  7.89e-02	  1.15e-02	1.68609e+01
  7.89e-02	  1.20e-02	1.40052e+01
  7.89e-02	  1.25e-02	1.01230e+01
  7.89e-02	  1.30e-02	6.20819e+00
  7.89e-02	  1.35e-02	3.26018e+00
  7.89e-02	  1.41e-02	1.54042e+00
  7.89e-02	  1.46e-02	6.93033e-01
  7.89e-02	  1.51e-02	3.06243e-01
  7.89e-02	  1.56e-02	1.32777e-01
  7.89e-02	  1.61e-02	5.44340e-02
  7.89e-02	  1.67e-02	1.84048e-02
  7.89e-02	  1.72e-02	1.27740e-03
  7.89e-02	  1.77e-02	-7.27403e-03
  7.89e-02	  1.82e-02	-1.17052e-02
  7.89e-02	  1.88e-02	-1.39142e-02
  7.89e-02	  1.93e-02	-1.47655e-02
  7.89e-02	  1.98e-02	-1.47353e-02
  7.89e-02	  2.03e-02	-1.41406e-02
  7.89e-02	  2.08e-02	-1.32049e-02
  7.89e-02	  2.14e-02	-1.20792e-02
  7.89e-02	  2.19e-02	-1.08575e-02
  7.89e-02	  2.24e-02	-9.59379e-03
  7.89e-02	  2.29e-02	-8.31642e-03
  7.89e-02	  2.34e-02	-7.03933e-03
  7.89e-02	  2.40e-02	-5.76879e-03
  7.89e-02	  2.45e-02	-4.50749e-03
  7.89e-02	  2.50e-02	-3.25708e-03
  7.89e-02	  2.55e-02	-2.02003e-03
  7.89e-02	  2.60e-02	-8.02150e-04
  7.89e-02	  2.66e-02	3.83537e-04
  7.89e-02	  2.71e-02	1.50996e-03
  7.89e-02	  2.76e-02	2.52528e-03
  7.89e-02	  2.81e-02	3.33795e-03
  7.89e-02	  2.86e-02	3.79927e-03
  7.89e-02	  2.92e-02	3.68606e-03
  7.89e-02	  2.97e-02	2.67812e-03
  7.89e-02	  3.02e-02	2.92758e-04
  7.89e-02	  3.07e-02	-4.33584e-03
  7.89e-02	  3.13e-02	-1.30736e-02
  7.89e-02	  3.18e-02	-3.02457e-02
  7.89e-02	  3.23e-02	-6.58105e-02
  7.89e-02	  3.28e-02	-1.42281e-01
  7.89e-02	  3.33e-02	-3.10412e-01
  7.89e-02	  3.39e-02	-6.84111e-01
  7.89e-02	  3.44e-02	-1.50364e+00
  7.89e-02	  3.49e-02	-3.17684e+00
  7.89e-02	  3.54e-02	-6.07610e+00
  7.89e-02	  3.59e-02	-9.97878e+00
  7.89e-02	  3.65e-02	-1.39067e+01
  7.89e-02	  3.70e-02	-1.68495e+01
  7.89e-02	  3.75e-02	-1.82803e+01
  7.89e-02	  3.80e-02	-1.19465e+01
  7.89e-02	  3.85e-02	4.37048e+01
  7.89e-02	  3.91e-02	1.35563e+02
  7.89e-02	  3.96e-02	2.80660e+02
  7.89e-02	  4.01e-02	9.11714e-31
  7.89e-02	  4.06e-02	1.49951e-63
  7.89e-02	  4.11e-02	2.29573e-96
  7.89e-02	  4.17e-02	3.52087e-129
  7.89e-02	  4.22e-02	5.40646e-162
  7.89e-02	  4.27e-02	8.30614e-195
  7.89e-02	  4.32e-02	1.27590e-227
  7.89e-02	  4.37e-02	1.95875e-260
  7.89e-02	  4.43e-02	3.00528e-293
  7.89e-02	  4.48e-02	0.00000e+00
  7.89e-02	  4.53e-02	0.00000e+00
  7.89e-02	  4.58e-02	0.00000e+00
  7.89e-02	  4.64e-02	0.00000e+00
  7.89e-02	  4.69e-02	0.00000e+00
  7.89e-02	  4.74e-02	0.00000e+00
  7.89e-02	  4.79e-02	0.00000e+00
  7.89e-02	  4.84e-02	0.00000e+00
  7.89e-02	  4.90e-02	0.00000e+00
  7.89e-02	  4.95e-02	0.00000e+00

  7.97e-02	  0.00e+00	0.00000e+00
  7.97e-02	  5.21e-04	0.00000e+00
  7.97e-02	  1.04e-03	0.00000e+00
  7.97e-02	  1.56e-03	0.00000e+00
  7.97e-02	  2.08e-03	0.00000e+00
  7.97e-02	  2.60e-03	0.00000e+00
  7.97e-02	  3.12e-03	0.00000e+00
  7.97e-02	  3.65e-03	0.00000e+00
  7.97e-02	  4.17e-03	-2.99630e-293
  7.97e-02	  4.69e-03	-1.95302e-260
  7.97e-02	  5.21e-03	-1.27224e-227
  7.97e-02	  5.73e-03	-8.28286e-195
  7.97e-02	  6.25e-03	-5.39163e-162
  7.97e-02	  6.77e-03	-3.51143e-129
  7.97e-02	  7.29e-03	-2.28972e-96
  7.97e-02	  7.81e-03	-1.49568e-63
  7.97e-02	  8.33e-03	-9.78845e-31
  7.97e-02	  8.85e-03	-2.80128e+02
  7.97e-02	  9.37e-03	-1.35498e+02
  7.97e-02	  9.90e-03	-4.40356e+01
  7.97e-02	  1.04e-02	1.18662e+01
  7.97e-02	  1.09e-02	1.82355e+01
  7.97e-02	  1.15e-02	1.67973e+01
  7.97e-02	  1.20e-02	1.39000e+01
  7.97e-02	  1.25e-02	1.00238e+01
  7.97e-02	  1.30e-02	6.14269e+00
  7.97e-02	  1.35e-02	3.23368e+00
  7.97e-02	  1.41e-02	1.53995e+00
  7.97e-02	  1.46e-02	7.03211e-01
  7.97e-02	  1.51e-02	3.18249e-01
  7.97e-02	  1.56e-02	1.43295e-01
  7.97e-02	  1.61e-02	6.27796e-02
  7.97e-02	  1.67e-02	2.48305e-02
  7.97e-02	  1.72e-02	6.25513e-03
  7.97e-02	  1.77e-02	-3.31232e-03
  7.97e-02	  1.82e-02	-8.43967e-03
  7.97e-02	  1.88e-02	-1.11364e-02
  7.97e-02	  1.93e-02	-1.23530e-02
  7.97e-02	  1.98e-02	-1.26222e-02
  7.97e-02	  2.03e-02	-1.22940e-02
  7.97e-02	  2.08e-02	-1.16093e-02
  7.97e-02	  2.14e-02	-1.07275e-02
  7.97e-02	  2.19e-02	-9.74642e-03
  7.97e-02	  2.24e-02	-8.72179e-03
  7.97e-02	  2.29e-02	-7.68301e-03
  7.97e-02	  2.34e-02	-6.64465e-03
  7.97e-02	  2.40e-02	-5.61359e-03
  7.97e-02	  2.45e-02	-4.59311e-03
  7.97e-02	  2.50e-02	-3.58543e-03
  7.97e-02	  2.55e-02	-2.59364e-03
  7.97e-02	  2.60e-02	-1.62412e-03
  7.97e-02	  2.66e-02	-6.90603e-04
  7.97e-02	  2.71e-02	1.78896e-04
  7.97e-02	  2.76e-02	9.30775e-04
  7.97e-02	  2.81e-02	1.46969e-03
  7.97e-02	  2.86e-02	1.63858e-03
  7.97e-02	  2.92e-02	1.19676e-03
  7.97e-02	  2.97e-02	-2.09869e-04
  7.97e-02	  3.02e-02	-3.12316e-03
  7.97e-02	  3.07e-02	-8.50106e-03
  7.97e-02	  3.13e-02	-1.83343e-02
  7.97e-02	  3.18e-02	-3.70858e-02
  7.97e-02	  3.23e-02	-7.48004e-02
  7.97e-02	  3.28e-02	-1.53855e-01
  7.97e-02	  3.33e-02	-3.24216e-01
  7.97e-02	  3.39e-02	-6.97404e-01
  7.97e-02	  3.44e-02	-1.50841e+00
  7.97e-02	  3.49e-02	-3.15820e+00
  7.97e-02	  3.54e-02	-6.01993e+00
  7.97e-02	  3.59e-02	-9.88741e+00
  7.97e-02	  3.65e-02	-1.38052e+01
  7.97e-02	  3.70e-02	-1.67866e+01
  7.97e-02	  3.75e-02	-1.83079e+01
  7.97e-02	  3.80e-02	-1.20027e+01
  7.97e-02	  3.85e-02	4.35811e+01
  7.97e-02	  3.91e-02	1.35437e+02
  7.97e-02	  3.96e-02	2.80726e+02
  7.97e-02	  4.01e-02	9.11539e-31
  7.97e-02	  4.06e-02	1.50000e-63
  7.97e-02	  4.11e-02	2.29649e-96
  7.97e-02	  4.17e-02	3.52203e-129
  7.97e-02	  4.22e-02	5.40818e-162
  7.97e-02	  4.27e-02	8.30860e-195
  7.97e-02	  4.32e-02	1.27623e-227
  7.97e-02	  4.37e-02	1.95917e-260
  7.97e-02	  4.43e-02	3.00576e-293
  7.97e-02	  4.48e-02	0.00000e+00
  7.97e-02	  4.53e-02	0.00000e+00
  7.97e-02	  4.58e-02	0.00000e+00
  7.97e-02	  4.64e-02	0.00000e+00
  7.97e-02	  4.69e-02	0.00000e+00
  7.97e-02	  4.74e-02	0.00000e+00
  7.97e-02	  4.79e-02	0.00000e+00
  7.97e-02	  4.84e-02	0.00000e+00
  7.97e-02	  4.90e-02	0.00000e+00
  7.97e-02	  4.95e-02	0.00000e+00

  8.05e-02	  0.00e+00	0.00000e+00
  8.05e-02	  5.21e-04	0.00000e+00
  8.05e-02	  1.04e-03	0.00000e+00
  8.05e-02	  1.56e-03	0.00000e+00
  8.05e-02	  2.08e-03	0.00000e+00
  8.05e-02	  2.60e-03	0.00000e+00
  8.05e-02	  3.12e-03	0.00000e+00
  8.05e-02	  3.65e-03	0.00000e+00
  8.05e-02	  4.17e-03	-2.99670e-293
  8.05e-02	  4.69e-03	-1.95338e-260
  8.05e-02	  5.21e-03	-1.27253e-227
  8.05e-02	  5.73e-03	-8.28501e-195
  8.05e-02	  6.25e-03	-5.39315e-162
  8.05e-02	  6.77e-03	-3.51247e-129
  8.05e-02	  7.29e-03	-2.29041e-96
  8.05e-02	  7.81e-03	-1.49613e-63
  8.05e-02	  8.33e-03	-9.79132e-31
  8.05e-02	  8.85e-03	-2.80190e+02
  8.05e-02	  9.37e-03	-1.35386e+02
  8.05e-02	  9.90e-03	-4.39178e+01
  8.05e-02	  1.04e-02	1.19285e+01
  8.05e-02	  1.09e-02	1.82622e+01
  8.05e-02	  1.15e-02	1.67380e+01
  8.05e-02	  1.20e-02	1.38050e+01
  8.05e-02	  1.25e-02	9.93783e+00
  8.05e-02	  1.30e-02	6.08949e+00
  8.05e-02	  1.35e-02	3.21568e+00
  8.05e-02	  1.41e-02	1.54402e+00
  8.05e-02	  1.46e-02	7.15366e-01
  8.05e-02	  1.51e-02	3.30956e-01
  8.05e-02	  1.56e-02	1.53993e-01
  8.05e-02	  1.61e-02	7.11451e-02
  8.05e-02	  1.67e-02	3.12672e-02
  8.05e-02	  1.72e-02	1.12834e-02
  8.05e-02	  1.77e-02	7.43065e-04
  8.05e-02	  1.82e-02	-5.04958e-03
  8.05e-02	  1.88e-02	-8.21783e-03
  8.05e-02	  1.93e-02	-9.79518e-03
  8.05e-02	  1.98e-02	-1.03672e-02
  8.05e-02	  2.03e-02	-1.03138e-02
  8.05e-02	  2.08e-02	-9.89120e-03
  8.05e-02	  2.14e-02	-9.26588e-03
  8.05e-02	  2.19e-02	-8.53886e-03
  8.05e-02	  2.24e-02	-7.76720e-03
  8.05e-02	  2.29e-02	-6.98110e-03
  8.05e-02	  2.34e-02	-6.19572e-03
  8.05e-02	  2.40e-02	-5.41846e-03
  8.05e-02	  2.45e-02	-4.65321e-03
  8.05e-02	  2.50e-02	-3.90280e-03
  8.05e-02	  2.55e-02	-3.17095e-03
  8.05e-02	  2.60e-02	-2.46470e-03
  8.05e-02	  2.66e-02	-1.79851e-03
  8.05e-02	  2.71e-02	-1.20137e-03
  8.05e-02	  2.76e-02	-7.28582e-04
  8.05e-02	  2.81e-02	-4.78996e-04
  8.05e-02	  2.86e-02	-6.17324e-04
  8.05e-02	  2.92e-02	-1.40042e-03
  8.05e-02	  2.97e-02	-3.21399e-03
  8.05e-02	  3.02e-02	-6.65636e-03
  8.05e-02	  3.07e-02	-1.27760e-02
  8.05e-02	  3.13e-02	-2.36922e-02
  8.05e-02	  3.18e-02	-4.40227e-02
  8.05e-02	  3.23e-02	-8.39446e-02
  8.05e-02	  3.28e-02	-1.65800e-01
  8.05e-02	  3.33e-02	-3.38972e-01
  8.05e-02	  3.39e-02	-7.12981e-01
  8.05e-02	  3.44e-02	-1.51811e+00
  8.05e-02	  3.49e-02	-3.14860e+00
  8.05e-02	  3.54e-02	-5.97695e+00
  8.05e-02	  3.59e-02	-9.81063e+00
  8.05e-02	  3.65e-02	-1.37155e+01
  8.05e-02	  3.70e-02	-1.67289e+01
  8.05e-02	  3.75e-02	-1.83404e+01
  8.05e-02	  3.80e-02	-1.20708e+01
  8.05e-02	  3.85e-02	4.35055e+01
  8.05e-02	  3.91e-02	1.35321e+02
  8.05e-02	  3.96e-02	2.80792e+02
  8.05e-02	  4.01e-02	9.11398e-31
  8.05e-02	  4.06e-02	1.50048e-63
  8.05e-02	  4.11e-02	2.29723e-96
  8.05e-02	  4.17e-02	3.52313e-129
  8.05e-02	  4.22e-02	5.40974e-162
  8.05e-02	  4.27e-02	8.31072e-195
  8.05e-02	  4.32e-02	1.27650e-227
  8.05e-02	  4.37e-02	1.95947e-260
  8.05e-02	  4.43e-02	3.00603e-293
  8.05e-02	  4.48e-02	0.00000e+00
  8.05e-02	  4.53e-02	0.00000e+00
  8.05e-02	  4.58e-02	0.00000e+00
  8.05e-02	  4.64e-02	0.00000e+00
  8.05e-02	  4.69e-02	0.00000e+00
  8.05e-02	  4.74e-02	0.00000e+00
  8.05e-02	  4.79e-02	0.00000e+00
  8.05e-02	  4.84e-02	0.00000e+00
  8.05e-02	  4.90e-02	0.00000e+00
  8.05e-02	  4.95e-02	0.00000e+00

  8.12e-02	  0.00e+00	0.00000e+00
  8.12e-02	  5.21e-04	0.00000e+00
  8.12e-02	  1.04e-03	0.00000e+00
  8.12e-02	  1.56e-03	0.00000e+00
  8.12e-02	  2.08e-03	0.00000e+00
  8.12e-02	  2.60e-03	0.00000e+00
  8.12e-02	  3.12e-03	0.00000e+00
  8.12e-02	  3.65e-03	0.00000e+00
  8.12e-02	  4.17e-03	-2.99689e-293
  8.12e-02	  4.69e-03	-1.95362e-260
  8.12e-02	  5.21e-03	-1.27275e-227
  8.12e-02	  5.73e-03	-8.28681e-195
  8.12e-02	  6.25e-03	-5.39450e-162
  8.12e-02	  6.77e-03	-3.51343e-129
  8.12e-02	  7.29e-03	-2.29107e-96
  8.12e-02	  7.81e-03	-1.49656e-63
  8.12e-02	  8.33e-03	-9.79416e-31
  8.12e-02	  8.85e-03	-2.80251e+02
  8.12e-02	  9.37e-03	-1.35282e+02
  8.12e-02	  9.90e-03	-4.38440e+01
  8.12e-02	  1.04e-02	1.20008e+01
  8.12e-02	  1.09e-02	1.82928e+01
  8.12e-02	  1.15e-02	1.66837e+01
  8.12e-02	  1.20e-02	1.37206e+01
  8.12e-02	  1.25e-02	9.86504e+00
  8.12e-02	  1.30e-02	6.04803e+00
  8.12e-02	  1.35e-02	3.20558e+00
  8.12e-02	  1.41e-02	1.55223e+00
  8.12e-02	  1.46e-02	7.29298e-01
  8.12e-02	  1.51e-02	3.44294e-01
  8.12e-02	  1.56e-02	1.64863e-01
  8.12e-02	  1.61e-02	7.95466e-02
  8.12e-02	  1.67e-02	3.77345e-02
  8.12e-02	  1.72e-02	1.63771e-02
  8.12e-02	  1.77e-02	4.89961e-03
  8.12e-02	  1.82e-02	-1.53469e-03
  8.12e-02	  1.88e-02	-5.16411e-03
  8.12e-02	  1.93e-02	-7.10198e-03
  8.12e-02	  1.98e-02	-7.98293e-03
  8.12e-02	  2.03e-02	-8.21388e-03
  8.12e-02	  2.08e-02	-8.06449e-03
  8.12e-02	  2.14e-02	-7.70731e-03
  8.12e-02	  2.19e-02	-7.24602e-03
  8.12e-02	  2.24e-02	-6.73886e-03
  8.12e-02	  2.29e-02	-6.21675e-03
  8.12e-02	  2.34e-02	-5.69542e-03
  8.12e-02	  2.40e-02	-5.18290e-03
  8.12e-02	  2.45e-02	-4.68375e-03
  8.12e-02	  2.50e-02	-4.20151e-03
  8.12e-02	  2.55e-02	-3.74064e-03
  8.12e-02	  2.60e-02	-3.30900e-03
  8.12e-02	  2.66e-02	-2.92191e-03
  8.12e-02	  2.71e-02	-2.60947e-03
  8.12e-02	  2.76e-02	-2.42871e-03
  8.12e-02	  2.81e-02	-2.48187e-03
  8.12e-02	  2.86e-02	-2.94076e-03
  8.12e-02	  2.92e-02	-4.07717e-03
  8.12e-02	  2.97e-02	-6.30636e-03
  8.12e-02	  3.02e-02	-1.02804e-02
  8.12e-02	  3.07e-02	-1.71366e-02
  8.12e-02	  3.13e-02	-2.91260e-02
  8.12e-02	  3.18e-02	-5.10372e-02
  8.12e-02	  3.23e-02	-9.32214e-02
  8.12e-02	  3.28e-02	-1.78078e-01
  8.12e-02	  3.33e-02	-3.54597e-01
  8.12e-02	  3.39e-02	-7.30658e-01
  8.12e-02	  3.44e-02	-1.53236e+00
  8.12e-02	  3.49e-02	-3.14753e+00
  8.12e-02	  3.54e-02	-5.94670e+00
  8.12e-02	  3.59e-02	-9.74850e+00
  8.12e-02	  3.65e-02	-1.36383e+01
  8.12e-02	  3.70e-02	-1.66774e+01
  8.12e-02	  3.75e-02	-1.83767e+01
  8.12e-02	  3.80e-02	-1.21500e+01
  8.12e-02	  3.85e-02	4.34732e+01
  8.12e-02	  3.91e-02	1.35214e+02
  8.12e-02	  3.96e-02	2.80859e+02
  8.12e-02	  4.01e-02	9.11287e-31
  8.12e-02	  4.06e-02	1.50096e-63
  8.12e-02	  4.11e-02	2.29794e-96
  8.12e-02	  4.17e-02	3.52413e-129
  8.12e-02	  4.22e-02	5.41110e-162
  8.12e-02	  4.27e-02	8.31242e-195
  8.12e-02	  4.32e-02	1.27669e-227
  8.12e-02	  4.37e-02	1.95964e-260
  8.12e-02	  4.43e-02	3.00606e-293
  8.12e-02	  4.48e-02	0.00000e+00
  8.12e-02	  4.53e-02	0.00000e+00
  8.12e-02	  4.58e-02	0.00000e+00
  8.12e-02	  4.64e-02	0.00000e+00
  8.12e-02	  4.69e-02	0.00000e+00
  8.12e-02	  4.74e-02	0.00000e+00
  8.12e-02	  4.79e-02	0.00000e+00
  8.12e-02	  4.84e-02	0.00000e+00
  8.12e-02	  4.90e-02	0.00000e+00
  8.12e-02	  4.95e-02	0.00000e+00

  8.20e-02	  0.00e+00	0.00000e+00
  8.20e-02	  5.21e-04	0.00000e+00
  8.20e-02	  1.04e-03	0.00000e+00
  8.20e-02	  1.56e-03	0.00000e+00
  8.20e-02	  2.08e-03	0.00000e+00
  8.20e-02	  2.60e-03	0.00000e+00
  8.20e-02	  3.12e-03	0.00000e+00
  8.20e-02	  3.65e-03	0.00000e+00
  8.20e-02	  4.17e-03	-2.99686e-293
  8.20e-02	  4.69e-03	-1.95373e-260
  8.20e-02	  5.21e-03	-1.27290e-227
  8.20e-02	  5.73e-03	-8.28819e-195
  8.20e-02	  6.25e-03	-5.39564e-162
  8.20e-02	  6.77e-03	-3.51429e-129
  8.20e-02	  7.29e-03	-2.29169e-96
  8.20e-02	  7.81e-03	-1.49699e-63
  8.20e-02	  8.33e-03	-9.79695e-31
  8.20e-02	  8.85e-03	-2.80312e+02
  8.20e-02	  9.37e-03	-1.35187e+02
  8.20e-02	  9.90e-03	-4.38098e+01
  8.20e-02	  1.04e-02	1.20821e+01
  8.20e-02	  1.09e-02	1.83265e+01
  8.20e-02	  1.15e-02	1.66353e+01
  8.20e-02	  1.20e-02	1.36478e+01
  8.20e-02	  1.25e-02	9.80542e+00
  8.20e-02	  1.30e-02	6.01784e+00
  8.20e-02	  1.35e-02	3.20290e+00
  8.20e-02	  1.41e-02	1.56428e+00
  8.20e-02	  1.46e-02	7.44895e-01
  8.20e-02	  1.51e-02	3.58253e-01
  8.20e-02	  1.56e-02	1.75933e-01
  8.20e-02	  1.61e-02	8.80170e-02
  8.20e-02	  1.67e-02	4.42578e-02
  8.20e-02	  1.72e-02	2.15507e-02
  8.20e-02	  1.77e-02	9.16189e-03
  8.20e-02	  1.82e-02	2.10147e-03
  8.20e-02	  1.88e-02	-1.98469e-03
  8.20e-02	  1.93e-02	-4.28672e-03
  8.20e-02	  1.98e-02	-5.48485e-03
  8.20e-02	  2.03e-02	-6.01040e-03
  8.20e-02	  2.08e-02	-6.14488e-03
  8.20e-02	  2.14e-02	-6.06617e-03
  8.20e-02	  2.19e-02	-5.88025e-03
  8.20e-02	  2.24e-02	-5.64653e-03
  8.20e-02	  2.29e-02	-5.39667e-03
  8.20e-02	  2.34e-02	-5.14714e-03
  8.20e-02	  2.40e-02	-4.90670e-03
  8.20e-02	  2.45e-02	-4.68073e-03
  8.20e-02	  2.50e-02	-4.47365e-03
  8.20e-02	  2.55e-02	-4.29087e-03
  8.20e-02	  2.60e-02	-4.14122e-03
  8.20e-02	  2.66e-02	-4.04110e-03
  8.20e-02	  2.71e-02	-4.02191e-03
  8.20e-02	  2.76e-02	-4.14257e-03
  8.20e-02	  2.81e-02	-4.50858e-03
  8.20e-02	  2.86e-02	-5.29845e-03
  8.20e-02	  2.92e-02	-6.79775e-03
  8.20e-02	  2.97e-02	-9.44935e-03
  8.20e-02	  3.02e-02	-1.39565e-02
  8.20e-02	  3.07e-02	-2.15437e-02
  8.20e-02	  3.13e-02	-3.45971e-02
  8.20e-02	  3.18e-02	-5.80913e-02
  8.20e-02	  3.23e-02	-1.02591e-01
  8.20e-02	  3.28e-02	-1.90641e-01
  8.20e-02	  3.33e-02	-3.71012e-01
  8.20e-02	  3.39e-02	-7.50276e-01
  8.20e-02	  3.44e-02	-1.55089e+00
  8.20e-02	  3.49e-02	-3.15451e+00
  8.20e-02	  3.54e-02	-5.92879e+00
  8.20e-02	  3.59e-02	-9.70113e+00
  8.20e-02	  3.65e-02	-1.35745e+01
  8.20e-02	  3.70e-02	-1.66334e+01
  8.20e-02	  3.75e-02	-1.84161e+01
  8.20e-02	  3.80e-02	-1.22385e+01
  8.20e-02	  3.85e-02	4.34804e+01
  8.20e-02	  3.91e-02	1.35117e+02
  8.20e-02	  3.96e-02	2.80927e+02
  8.20e-02	  4.01e-02	9.11199e-31
  8.20e-02	  4.06e-02	1.50142e-63
  8.20e-02	  4.11e-02	2.29860e-96
  8.20e-02	  4.17e-02	3.52502e-129
  8.20e-02	  4.22e-02	5.41219e-162
  8.20e-02	  4.27e-02	8.31362e-195
  8.20e-02	  4.32e-02	1.27679e-227
  8.20e-02	  4.37e-02	1.95964e-260
  8.20e-02	  4.43e-02	3.00584e-293
  8.20e-02	  4.48e-02	0.00000e+00
  8.20e-02	  4.53e-02	0.00000e+00
  8.20e-02	  4.58e-02	0.00000e+00
  8.20e-02	  4.64e-02	0.00000e+00
  8.20e-02	  4.69e-02	0.00000e+00
  8.20e-02	  4.74e-02	0.00000e+00
  8.20e-02	  4.79e-02	0.00000e+00
  8.20e-02	  4.84e-02	0.00000e+00
  8.20e-02	  4.90e-02	0.00000e+00
  8.20e-02	  4.95e-02	0.00000e+00

  8.28e-02	  0.00e+00	0.00000e+00
  8.28e-02	  5.21e-04	0.00000e+00
  8.28e-02	  1.04e-03	0.00000e+00
  8.28e-02	  1.56e-03	0.00000e+00
  8.28e-02	  2.08e-03	0.00000e+00
  8.28e-02	  2.60e-03	0.00000e+00
  8.28e-02	  3.12e-03	0.00000e+00
  8.28e-02	  3.65e-03	0.00000e+00
  8.28e-02	  4.17e-03	-2.99660e-293
  8.28e-02	  4.69e-03	-1.95369e-260
  8.28e-02	  5.21e-03	-1.27296e-227
  8.28e-02	  5.73e-03	-8.28908e-195
  8.28e-02	  6.25e-03	-5.39652e-162
  8.28e-02	  6.77e-03	-3.51503e-129
  8.28e-02	  7.29e-03	-2.29224e-96
  8.28e-02	  7.81e-03	-1.49739e-63
  8.28e-02	  8.33e-03	-9.79968e-31
  8.28e-02	  8.85e-03	-2.80373e+02
  8.28e-02	  9.37e-03	-1.35101e+02
  8.28e-02	  9.90e-03	-4.38115e+01
  8.28e-02	  1.04e-02	1.21706e+01
  8.28e-02	  1.09e-02	1.83625e+01
  8.28e-02	  1.15e-02	1.65938e+01
  8.28e-02	  1.20e-02	1.35873e+01
  8.28e-02	  1.25e-02	9.75907e+00
  8.28e-02	  1.30e-02	5.99857e+00
  8.28e-02	  1.35e-02	3.20724e+00
  8.28e-02	  1.41e-02	1.57998e+00
  8.28e-02	  1.46e-02	7.62097e-01
  8.28e-02	  1.51e-02	3.72842e-01
  8.28e-02	  1.56e-02	1.87231e-01
  8.28e-02	  1.61e-02	9.65796e-02
  8.28e-02	  1.67e-02	5.08493e-02
  8.28e-02	  1.72e-02	2.68052e-02
  8.28e-02	  1.77e-02	1.35216e-02
  8.28e-02	  1.82e-02	5.84413e-03
  8.28e-02	  1.88e-02	1.30162e-03
  8.28e-02	  1.93e-02	-1.37035e-03
  8.28e-02	  1.98e-02	-2.89454e-03
  8.28e-02	  2.03e-02	-3.72440e-03
  8.28e-02	  2.08e-02	-4.15200e-03
  8.28e-02	  2.14e-02	-4.35993e-03
  8.28e-02	  2.19e-02	-4.45636e-03
  8.28e-02	  2.24e-02	-4.50190e-03
  8.28e-02	  2.29e-02	-4.52912e-03
  8.28e-02	  2.34e-02	-4.55539e-03
  8.28e-02	  2.40e-02	-4.59044e-03
  8.28e-02	  2.45e-02	-4.64063e-03
  8.28e-02	  2.50e-02	-4.71149e-03
  8.28e-02	  2.55e-02	-4.80955e-03
  8.28e-02	  2.60e-02	-4.94485e-03
  8.28e-02	  2.66e-02	-5.13510e-03
  8.28e-02	  2.71e-02	-5.41321e-03
  8.28e-02	  2.76e-02	-5.84008e-03
  8.28e-02	  2.81e-02	-6.52449e-03
  8.28e-02	  2.86e-02	-7.65117e-03
  8.28e-02	  2.92e-02	-9.51842e-03
  8.28e-02	  2.97e-02	-1.25947e-02
  8.28e-02	  3.02e-02	-1.76321e-02
  8.28e-02	  3.07e-02	-2.59408e-02
  8.28e-02	  3.13e-02	-4.00450e-02
  8.28e-02	  3.18e-02	-6.51208e-02
  8.28e-02	  3.23e-02	-1.11985e-01
  8.28e-02	  3.28e-02	-2.03408e-01
  8.28e-02	  3.33e-02	-3.88108e-01
  8.28e-02	  3.39e-02	-7.71666e-01
  8.28e-02	  3.44e-02	-1.57339e+00
  8.28e-02	  3.49e-02	-3.16916e+00
  8.28e-02	  3.54e-02	-5.92290e+00
  8.28e-02	  3.59e-02	-9.66867e+00
  8.28e-02	  3.65e-02	-1.35251e+01
  8.28e-02	  3.70e-02	-1.65981e+01
  8.28e-02	  3.75e-02	-1.84579e+01
  8.28e-02	  3.80e-02	-1.23337e+01
  8.28e-02	  3.85e-02	4.35237e+01
  8.28e-02	  3.91e-02	1.35032e+02
  8.28e-02	  3.96e-02	2.80995e+02
  8.28e-02	  4.01e-02	9.11126e-31
  8.28e-02	  4.06e-02	1.50186e-63
  8.28e-02	  4.11e-02	2.29918e-96
  8.28e-02	  4.17e-02	3.52574e-129
  8.28e-02	  4.22e-02	5.41297e-162
  8.28e-02	  4.27e-02	8.31424e-195
  8.28e-02	  4.32e-02	1.27678e-227
  8.28e-02	  4.37e-02	1.95949e-260
  8.28e-02	  4.43e-02	3.00537e-293
  8.28e-02	  4.48e-02	0.00000e+00
  8.28e-02	  4.53e-02	0.00000e+00
  8.28e-02	  4.58e-02	0.00000e+00
  8.28e-02	  4.64e-02	0.00000e+00
  8.28e-02	  4.69e-02	0.00000e+00
  8.28e-02	  4.74e-02	0.00000e+00
  8.28e-02	  4.79e-02	0.00000e+00
  8.28e-02	  4.84e-02	0.00000e+00
  8.28e-02	  4.90e-02	0.00000e+00
  8.28e-02	  4.95e-02	0.00000e+00

  8.36e-02	  0.00e+00	0.00000e+00
  8.36e-02	  5.21e-04	0.00000e+00
  8.36e-02	  1.04e-03	0.00000e+00
  8.36e-02	  1.56e-03	0.00000e+00
  8.36e-02	  2.08e-03	0.00000e+00
  8.36e-02	  2.60e-03	0.00000e+00
  8.36e-02	  3.12e-03	0.00000e+00
  8.36e-02	  3.65e-03	0.00000e+00
  8.36e-02	  4.17e-03	-2.99610e-293
  8.36e-02	  4.69e-03	-1.95349e-260
  8.36e-02	  5.21e-03	-1.27292e-227
  8.36e-02	  5.73e-03	-8.28941e-195
  8.36e-02	  6.25e-03	-5.39708e-162
  8.36e-02	  6.77e-03	-3.51559e-129
  8.36e-02	  7.29e-03	-2.29272e-96
  8.36e-02	  7.81e-03	-1.49775e-63
  8.36e-02	  8.33e-03	-9.80227e-31
  8.36e-02	  8.85e-03	-2.80433e+02
  8.36e-02	  9.37e-03	-1.35027e+02
  8.36e-02	  9.90e-03	-4.38460e+01
  8.36e-02	  1.04e-02	1.22635e+01
  8.36e-02	  1.09e-02	1.84001e+01
  8.36e-02	  1.15e-02	1.65603e+01
  8.36e-02	  1.20e-02	1.35399e+01
  8.36e-02	  1.25e-02	9.72605e+00
  8.36e-02	  1.30e-02	5.98993e+00
  8.36e-02	  1.35e-02	3.21830e+00
  8.36e-02	  1.41e-02	1.59913e+00
  8.36e-02	  1.46e-02	7.80840e-01
  8.36e-02	  1.51e-02	3.88047e-01
  8.36e-02	  1.56e-02	1.98754e-01
  8.36e-02	  1.61e-02	1.05228e-01
  8.36e-02	  1.67e-02	5.74935e-02
  8.36e-02	  1.72e-02	3.21175e-02
  8.36e-02	  1.77e-02	1.79505e-02
  8.36e-02	  1.82e-02	9.66230e-03
  8.36e-02	  1.88e-02	4.66285e-03
  8.36e-02	  1.93e-02	1.61563e-03
  8.36e-02	  1.98e-02	-2.41987e-04
  8.36e-02	  2.03e-02	-1.38362e-03
  8.36e-02	  2.08e-02	-2.11076e-03
  8.36e-02	  2.14e-02	-2.61030e-03
  8.36e-02	  2.19e-02	-2.99251e-03
  8.36e-02	  2.24e-02	-3.31932e-03
  8.36e-02	  2.29e-02	-3.62446e-03
  8.36e-02	  2.34e-02	-3.92637e-03
  8.36e-02	  2.40e-02	-4.23597e-03
  8.36e-02	  2.45e-02	-4.56086e-03
  8.36e-02	  2.50e-02	-4.90782e-03
  8.36e-02	  2.55e-02	-5.28474e-03
  8.36e-02	  2.60e-02	-5.70308e-03
  8.36e-02	  2.66e-02	-6.18204e-03
  8.36e-02	  2.71e-02	-6.75622e-03
  8.36e-02	  2.76e-02	-7.48864e-03
  8.36e-02	  2.81e-02	-8.49122e-03
  8.36e-02	  2.86e-02	-9.95443e-03
  8.36e-02	  2.92e-02	-1.21882e-02
  8.36e-02	  2.97e-02	-1.56845e-02
  8.36e-02	  3.02e-02	-2.12417e-02
  8.36e-02	  3.07e-02	-3.02542e-02
  8.36e-02	  3.13e-02	-4.53876e-02
  8.36e-02	  3.18e-02	-7.20336e-02
  8.36e-02	  3.23e-02	-1.21300e-01
  8.36e-02	  3.28e-02	-2.16260e-01
  8.36e-02	  3.33e-02	-4.05736e-01
  8.36e-02	  3.39e-02	-7.94621e-01
  8.36e-02	  3.44e-02	-1.59957e+00
  8.36e-02	  3.49e-02	-3.19108e+00
  8.36e-02	  3.54e-02	-5.92871e+00
  8.36e-02	  3.59e-02	-9.65117e+00
  8.36e-02	  3.65e-02	-1.34907e+01
  8.36e-02	  3.70e-02	-1.65726e+01
  8.36e-02	  3.75e-02	-1.85018e+01
  8.36e-02	  3.80e-02	-1.24321e+01
  8.36e-02	  3.85e-02	4.36003e+01
  8.36e-02	  3.91e-02	1.34959e+02
  8.36e-02	  3.96e-02	2.81061e+02
  8.36e-02	  4.01e-02	9.11062e-31
  8.36e-02	  4.06e-02	1.50224e-63
  8.36e-02	  4.11e-02	2.29966e-96
  8.36e-02	  4.17e-02	3.52625e-129
  8.36e-02	  4.22e-02	5.41337e-162
  8.36e-02	  4.27e-02	8.31421e-195
  8.36e-02	  4.32e-02	1.27668e-227
  8.36e-02	  4.37e-02	1.95917e-260
  8.36e-02	  4.43e-02	3.00464e-293
  8.36e-02	  4.48e-02	0.00000e+00
  8.36e-02	  4.53e-02	0.00000e+00
  8.36e-02	  4.58e-02	0.00000e+00
  8.36e-02	  4.64e-02	0.00000e+00
  8.36e-02	  4.69e-02	0.00000e+00
  8.36e-02	  4.74e-02	0.00000e+00
  8.36e-02	  4.79e-02	0.00000e+00
  8.36e-02	  4.84e-02	0.00000e+00
  8.36e-02	  4.90e-02	0.00000e+00
  8.36e-02	  4.95e-02	0.00000e+00

  8.44e-02	  0.00e+00	0.00000e+00
  8.44e-02	  5.21e-04	0.00000e+00
  8.44e-02	  1.04e-03	0.00000e+00
  8.44e-02	  1.56e-03	0.00000e+00
  8.44e-02	  2.08e-03	0.00000e+00
  8.44e-02	  2.60e-03	0.00000e+00
  8.44e-02	  3.12e-03	0.00000e+00
  8.44e-02	  3.65e-03	0.00000e+00
  8.44e-02	  4.17e-03	-2.99535e-293
  8.44e-02	  4.69e-03	-1.95314e-260
  8.44e-02	  5.21e-03	-1.27278e-227
  8.44e-02	  5.73e-03	-8.28911e-195
  8.44e-02	  6.25e-03	-5.39727e-162
  8.44e-02	  6.77e-03	-3.51595e-129
  8.44e-02	  7.29e-03	-2.29309e-96
  8.44e-02	  7.81e-03	-1.49806e-63
  8.44e-02	  8.33e-03	-9.80464e-31
  8.44e-02	  8.85e-03	-2.80490e+02
  8.44e-02	  9.37e-03	-1.34963e+02
  8.44e-02	  9.90e-03	-4.39108e+01
  8.44e-02	  1.04e-02	1.23576e+01
  8.44e-02	  1.09e-02	1.84387e+01
  8.44e-02	  1.15e-02	1.65356e+01
  8.44e-02	  1.20e-02	1.35059e+01
  8.44e-02	  1.25e-02	9.70632e+00
  8.44e-02	  1.30e-02	5.99164e+00
  8.44e-02	  1.35e-02	3.23578e+00
  8.44e-02	  1.41e-02	1.62154e+00
  8.44e-02	  1.46e-02	8.01014e-01
  8.44e-02	  1.51e-02	4.03801e-01
  8.44e-02	  1.56e-02	2.10450e-01
  8.44e-02	  1.61e-02	1.13911e-01
  8.44e-02	  1.67e-02	6.41393e-02
  8.44e-02	  1.72e-02	3.74359e-02
  8.44e-02	  1.77e-02	2.23974e-02
  8.44e-02	  1.82e-02	1.35066e-02
  8.44e-02	  1.88e-02	8.05243e-03
  8.44e-02	  1.93e-02	4.62812e-03
  8.44e-02	  1.98e-02	2.43359e-03
  8.44e-02	  2.03e-02	9.76885e-04
  8.44e-02	  2.08e-02	-5.19265e-05
  8.44e-02	  2.14e-02	-8.43633e-04
  8.44e-02	  2.19e-02	-1.51058e-03
  8.44e-02	  2.24e-02	-2.11618e-03
  8.44e-02	  2.29e-02	-2.69547e-03
  8.44e-02	  2.34e-02	-3.26825e-03
  8.44e-02	  2.40e-02	-3.84678e-03
  8.44e-02	  2.45e-02	-4.44007e-03
  8.44e-02	  2.50e-02	-5.05639e-03
  8.44e-02	  2.55e-02	-5.70512e-03
  8.44e-02	  2.60e-02	-6.39930e-03
  8.44e-02	  2.66e-02	-7.15980e-03
  8.44e-02	  2.71e-02	-8.02300e-03
  8.44e-02	  2.76e-02	-9.05405e-03
  8.44e-02	  2.81e-02	-1.03679e-02
  8.44e-02	  2.86e-02	-1.21600e-02
  8.44e-02	  2.92e-02	-1.47506e-02
  8.44e-02	  2.97e-02	-1.86534e-02
  8.44e-02	  3.02e-02	-2.47100e-02
  8.44e-02	  3.07e-02	-3.43971e-02
  8.44e-02	  3.13e-02	-5.05244e-02
  8.44e-02	  3.18e-02	-7.87133e-02
  8.44e-02	  3.23e-02	-1.30396e-01
  8.44e-02	  3.28e-02	-2.29030e-01
  8.44e-02	  3.33e-02	-4.23692e-01
  8.44e-02	  3.39e-02	-8.18879e-01
  8.44e-02	  3.44e-02	-1.62908e+00
  8.44e-02	  3.49e-02	-3.21985e+00
  8.44e-02	  3.54e-02	-5.94583e+00
  8.44e-02	  3.59e-02	-9.64849e+00
  8.44e-02	  3.65e-02	-1.34717e+01
  8.44e-02	  3.70e-02	-1.65578e+01
  8.44e-02	  3.75e-02	-1.85472e+01
  8.44e-02	  3.80e-02	-1.25301e+01
  8.44e-02	  3.85e-02	4.37078e+01
  8.44e-02	  3.91e-02	1.34898e+02
  8.44e-02	  3.96e-02	2.81123e+02
  8.44e-02	  4.01e-02	9.10997e-31
  8.44e-02	  4.06e-02	1.50256e-63
  8.44e-02	  4.11e-02	2.30000e-96
  8.44e-02	  4.17e-02	3.52652e-129
  8.44e-02	  4.22e-02	5.41335e-162
  8.44e-02	  4.27e-02	8.31348e-195
  8.44e-02	  4.32e-02	1.27646e-227
  8.44e-02	  4.37e-02	1.95868e-260
  8.44e-02	  4.43e-02	3.00367e-293
  8.44e-02	  4.48e-02	0.00000e+00
  8.44e-02	  4.53e-02	0.00000e+00
  8.44e-02	  4.58e-02	0.00000e+00
  8.44e-02	  4.64e-02	0.00000e+00
  8.44e-02	  4.69e-02	0.00000e+00
  8.44e-02	  4.74e-02	0.00000e+00
  8.44e-02	  4.79e-02	0.00000e+00
  8.44e-02	  4.84e-02	0.00000e+00
  8.44e-02	  4.90e-02	0.00000e+00
  8.44e-02	  4.95e-02	0.00000e+00

  8.52e-02	  0.00e+00	0.00000e+00
  8.52e-02	  5.21e-04	0.00000e+00
  8.52e-02	  1.04e-03	0.00000e+00
  8.52e-02	  1.56e-03	0.00000e+00
  8.52e-02	  2.08e-03	0.00000e+00
  8.52e-02	  2.60e-03	0.00000e+00
  8.52e-02	  3.12e-03	0.00000e+00
  8.52e-02	  3.65e-03	0.00000e+00
  8.52e-02	  4.17e-03	-2.99438e-293
  8.52e-02	  4.69e-03	-1.95263e-260
  8.52e-02	  5.21e-03	-1.27254e-227
  8.52e-02	  5.73e-03	-8.28815e-195
  8.52e-02	  6.25e-03	-5.39706e-162
  8.52e-02	  6.77e-03	-3.51608e-129
  8.52e-02	  7.29e-03	-2.29333e-96
  8.52e-02	  7.81e-03	-1.49830e-63
  8.52e-02	  8.33e-03	-9.80668e-31
  8.52e-02	  8.85e-03	-2.80542e+02
  8.52e-02	  9.37e-03	-1.34909e+02
  8.52e-02	  9.90e-03	-4.40036e+01
  8.52e-02	  1.04e-02	1.24494e+01
  8.52e-02	  1.09e-02	1.84779e+01
  8.52e-02	  1.15e-02	1.65201e+01
  8.52e-02	  1.20e-02	1.34854e+01
  8.52e-02	  1.25e-02	9.69964e+00
  8.52e-02	  1.30e-02	6.00329e+00
  8.52e-02	  1.35e-02	3.25931e+00
  8.52e-02	  1.41e-02	1.64695e+00
  8.52e-02	  1.46e-02	8.22435e-01
  8.52e-02	  1.51e-02	4.19967e-01
  8.52e-02	  1.56e-02	2.22205e-01
  8.52e-02	  1.61e-02	1.22530e-01
  8.52e-02	  1.67e-02	7.06980e-02
  8.52e-02	  1.72e-02	4.26795e-02
  8.52e-02	  1.77e-02	2.67887e-02
  8.52e-02	  1.82e-02	1.73100e-02
  8.52e-02	  1.88e-02	1.14099e-02
  8.52e-02	  1.93e-02	7.61299e-03
  8.52e-02	  1.98e-02	5.08424e-03
  8.52e-02	  2.03e-02	3.31510e-03
  8.52e-02	  2.08e-02	1.98819e-03
  8.52e-02	  2.14e-02	9.09245e-04
  8.52e-02	  2.19e-02	-3.60960e-05
  8.52e-02	  2.24e-02	-9.12813e-04
  8.52e-02	  2.29e-02	-1.75743e-03
  8.52e-02	  2.34e-02	-2.59125e-03
  8.52e-02	  2.40e-02	-3.42807e-03
  8.52e-02	  2.45e-02	-4.27844e-03
  8.52e-02	  2.50e-02	-5.15222e-03
  8.52e-02	  2.55e-02	-6.06042e-03
  8.52e-02	  2.60e-02	-7.01774e-03
  8.52e-02	  2.66e-02	-8.04679e-03
  8.52e-02	  2.71e-02	-9.18577e-03
  8.52e-02	  2.76e-02	-1.05019e-02
  8.52e-02	  2.81e-02	-1.21126e-02
  8.52e-02	  2.86e-02	-1.42179e-02
  8.52e-02	  2.92e-02	-1.71469e-02
  8.52e-02	  2.97e-02	-2.14322e-02
  8.52e-02	  3.02e-02	-2.79558e-02
  8.52e-02	  3.07e-02	-3.82746e-02
  8.52e-02	  3.13e-02	-5.53435e-02
  8.52e-02	  3.18e-02	-8.50256e-02
  8.52e-02	  3.23e-02	-1.39113e-01
  8.52e-02	  3.28e-02	-2.41517e-01
  8.52e-02	  3.33e-02	-4.41719e-01
  8.52e-02	  3.39e-02	-8.44111e-01
  8.52e-02	  3.44e-02	-1.66149e+00
  8.52e-02	  3.49e-02	-3.25495e+00
  8.52e-02	  3.54e-02	-5.97370e+00
  8.52e-02	  3.59e-02	-9.66019e+00
  8.52e-02	  3.65e-02	-1.34679e+01
  8.52e-02	  3.70e-02	-1.65540e+01
  8.52e-02	  3.75e-02	-1.85936e+01
  8.52e-02	  3.80e-02	-1.26238e+01
  8.52e-02	  3.85e-02	4.38440e+01
  8.52e-02	  3.91e-02	1.34849e+02
  8.52e-02	  3.96e-02	2.81179e+02
  8.52e-02	  4.01e-02	9.10926e-31
  8.52e-02	  4.06e-02	1.50279e-63
  8.52e-02	  4.11e-02	2.30019e-96
  8.52e-02	  4.17e-02	3.52651e-129
  8.52e-02	  4.22e-02	5.41287e-162
  8.52e-02	  4.27e-02	8.31201e-195
  8.52e-02	  4.32e-02	1.27613e-227
  8.52e-02	  4.37e-02	1.95802e-260
  8.52e-02	  4.43e-02	3.00246e-293
  8.52e-02	  4.48e-02	0.00000e+00
  8.52e-02	  4.53e-02	0.00000e+00
  8.52e-02	  4.58e-02	0.00000e+00
  8.52e-02	  4.64e-02	0.00000e+00
  8.52e-02	  4.69e-02	0.00000e+00
  8.52e-02	  4.74e-02	0.00000e+00
  8.52e-02	  4.79e-02	0.00000e+00
  8.52e-02	  4.84e-02	0.00000e+00
  8.52e-02	  4.90e-02	0.00000e+00
  8.52e-02	  4.95e-02	0.00000e+00

  8.59e-02	  0.00e+00	0.00000e+00
  8.59e-02	  5.21e-04	0.00000e+00
  8.59e-02	  1.04e-03	0.00000e+00
  8.59e-02	  1.56e-03	0.00000e+00
  8.59e-02	  2.08e-03	0.00000e+00
  8.59e-02	  2.60e-03	0.00000e+00
  8.59e-02	  3.12e-03	0.00000e+00
  8.59e-02	  3.65e-03	0.00000e+00
  8.59e-02	  4.17e-03	-2.99318e-293
  8.59e-02	  4.69e-03	-1.95196e-260
  8.59e-02	  5.21e-03	-1.27219e-227
  8.59e-02	  5.73e-03	-8.28650e-195
  8.59e-02	  6.25e-03	-5.39641e-162
  8.59e-02	  6.77e-03	-3.51594e-129
  8.59e-02	  7.29e-03	-2.29341e-96
  8.59e-02	  7.81e-03	-1.49846e-63
  8.59e-02	  8.33e-03	-9.80827e-31
  8.59e-02	  8.85e-03	-2.80588e+02
  8.59e-02	  9.37e-03	-1.34866e+02
  8.59e-02	  9.90e-03	-4.41223e+01
  8.59e-02	  1.04e-02	1.25354e+01
  8.59e-02	  1.09e-02	1.85171e+01
  8.59e-02	  1.15e-02	1.65140e+01
  8.59e-02	  1.20e-02	1.34780e+01
  8.59e-02	  1.25e-02	9.70548e+00
  8.59e-02	  1.30e-02	6.02434e+00
  8.59e-02	  1.35e-02	3.28840e+00
  8.59e-02	  1.41e-02	1.67499e+00
  8.59e-02	  1.46e-02	8.44824e-01
  8.59e-02	  1.51e-02	4.36328e-01
  8.59e-02	  1.56e-02	2.33846e-01
  8.59e-02	  1.61e-02	1.30942e-01
  8.59e-02	  1.67e-02	7.70476e-02
  8.59e-02	  1.72e-02	4.77431e-02
  8.59e-02	  1.77e-02	3.10320e-02
  8.59e-02	  1.82e-02	2.09910e-02
  8.59e-02	  1.88e-02	1.46634e-02
  8.59e-02	  1.93e-02	1.05073e-02
  8.59e-02	  1.98e-02	7.65503e-03
  8.59e-02	  2.03e-02	5.58345e-03
  8.59e-02	  2.08e-02	3.96884e-03
  8.59e-02	  2.14e-02	2.61392e-03
  8.59e-02	  2.19e-02	1.40249e-03
  8.59e-02	  2.24e-02	2.67974e-04
  8.59e-02	  2.29e-02	-8.27730e-04
  8.59e-02	  2.34e-02	-1.90752e-03
  8.59e-02	  2.40e-02	-2.98679e-03
  8.59e-02	  2.45e-02	-4.07776e-03
  8.59e-02	  2.50e-02	-5.19189e-03
  8.59e-02	  2.55e-02	-6.34187e-03
  8.59e-02	  2.60e-02	-7.54408e-03
  8.59e-02	  2.66e-02	-8.82283e-03
  8.59e-02	  2.71e-02	-1.02181e-02
  8.59e-02	  2.76e-02	-1.17988e-02
  8.59e-02	  2.81e-02	-1.36847e-02
  8.59e-02	  2.86e-02	-1.60792e-02
  8.59e-02	  2.92e-02	-1.93184e-02
  8.59e-02	  2.97e-02	-2.39517e-02
  8.59e-02	  3.02e-02	-3.08977e-02
  8.59e-02	  3.07e-02	-4.17898e-02
  8.59e-02	  3.13e-02	-5.97286e-02
  8.59e-02	  3.18e-02	-9.08285e-02
  8.59e-02	  3.23e-02	-1.47271e-01
  8.59e-02	  3.28e-02	-2.53490e-01
  8.59e-02	  3.33e-02	-4.59518e-01
  8.59e-02	  3.39e-02	-8.69920e-01
  8.59e-02	  3.44e-02	-1.69629e+00
  8.59e-02	  3.49e-02	-3.29570e+00
  8.59e-02	  3.54e-02	-6.01155e+00
  8.59e-02	  3.59e-02	-9.68543e+00
  8.59e-02	  3.65e-02	-1.34785e+01
  8.59e-02	  3.70e-02	-1.65610e+01
  8.59e-02	  3.75e-02	-1.86405e+01
  8.59e-02	  3.80e-02	-1.27095e+01
  8.59e-02	  3.85e-02	4.40068e+01
  8.59e-02	  3.91e-02	1.34813e+02
  8.59e-02	  3.96e-02	2.81225e+02
  8.59e-02	  4.01e-02	9.10843e-31
  8.59e-02	  4.06e-02	1.50291e-63
  8.59e-02	  4.11e-02	2.30019e-96
  8.59e-02	  4.17e-02	3.52621e-129
  8.59e-02	  4.22e-02	5.41191e-162
  8.59e-02	  4.27e-02	8.30981e-195
  8.59e-02	  4.32e-02	1.27569e-227
  8.59e-02	  4.37e-02	1.95720e-260
  8.59e-02	  4.43e-02	3.00102e-293
  8.59e-02	  4.48e-02	0.00000e+00
  8.59e-02	  4.53e-02	0.00000e+00
  8.59e-02	  4.58e-02	0.00000e+00
  8.59e-02	  4.64e-02	0.00000e+00
  8.59e-02	  4.69e-02	0.00000e+00
  8.59e-02	  4.74e-02	0.00000e+00
  8.59e-02	  4.79e-02	0.00000e+00
  8.59e-02	  4.84e-02	0.00000e+00
  8.59e-02	  4.90e-02	0.00000e+00
  8.59e-02	  4.95e-02	0.00000e+00

  8.67e-02	  0.00e+00	0.00000e+00
  8.67e-02	  5.21e-04	0.00000e+00
  8.67e-02	  1.04e-03	0.00000e+00
  8.67e-02	  1.56e-03	0.00000e+00
  8.67e-02	  2.08e-03	0.00000e+00
  8.67e-02	  2.60e-03	0.00000e+00
  8.67e-02	  3.12e-03	0.00000e+00
  8.67e-02	  3.65e-03	0.00000e+00
  8.67e-02	  4.17e-03	-2.99177e-293
  8.67e-02	  4.69e-03	-1.95115e-260
  8.67e-02	  5.21e-03	-1.27174e-227
  8.67e-02	  5.73e-03	-8.28415e-195
  8.67e-02	  6.25e-03	-5.39531e-162
  8.67e-02	  6.77e-03	-3.51551e-129
  8.67e-02	  7.29e-03	-2.29332e-96
  8.67e-02	  7.81e-03	-1.49852e-63
  8.67e-02	  8.33e-03	-9.80929e-31
  8.67e-02	  8.85e-03	-2.80623e+02
  8.67e-02	  9.37e-03	-1.34834e+02
  8.67e-02	  9.90e-03	-4.42646e+01
  8.67e-02	  1.04e-02	1.26125e+01
  8.67e-02	  1.09e-02	1.85558e+01
  8.67e-02	  1.15e-02	1.65170e+01
  8.67e-02	  1.20e-02	1.34831e+01
  8.67e-02	  1.25e-02	9.72295e+00
  8.67e-02	  1.30e-02	6.05401e+00
  8.67e-02	  1.35e-02	3.32243e+00
  8.67e-02	  1.41e-02	1.70516e+00
  8.67e-02	  1.46e-02	8.67806e-01
  8.67e-02	  1.51e-02	4.52597e-01
  8.67e-02	  1.56e-02	2.45147e-01
  8.67e-02	  1.61e-02	1.38968e-01
  8.67e-02	  1.67e-02	8.30418e-02
  8.67e-02	  1.72e-02	5.25036e-02
  8.67e-02	  1.77e-02	3.50221e-02
  8.67e-02	  1.82e-02	2.44590e-02
  8.67e-02	  1.88e-02	1.77342e-02
  8.67e-02	  1.93e-02	1.32425e-02
  8.67e-02	  1.98e-02	1.00867e-02
  8.67e-02	  2.03e-02	7.73096e-03
  8.67e-02	  2.08e-02	5.84652e-03
  8.67e-02	  2.14e-02	4.23374e-03
  8.67e-02	  2.19e-02	2.77482e-03
  8.67e-02	  2.24e-02	1.40169e-03
  8.67e-02	  2.29e-02	7.46857e-05
  8.67e-02	  2.34e-02	-1.23068e-03
  8.67e-02	  2.40e-02	-2.53145e-03
  8.67e-02	  2.45e-02	-3.84143e-03
  8.67e-02	  2.50e-02	-5.17371e-03
  8.67e-02	  2.55e-02	-6.54259e-03
  8.67e-02	  2.60e-02	-7.96606e-03
  8.67e-02	  2.66e-02	-9.47002e-03
  8.67e-02	  2.71e-02	-1.10960e-02
  8.67e-02	  2.76e-02	-1.29144e-02
  8.67e-02	  2.81e-02	-1.50465e-02
  8.67e-02	  2.86e-02	-1.76981e-02
  8.67e-02	  2.92e-02	-2.12108e-02
  8.67e-02	  2.97e-02	-2.61471e-02
  8.67e-02	  3.02e-02	-3.34587e-02
  8.67e-02	  3.07e-02	-4.48509e-02
  8.67e-02	  3.13e-02	-6.35678e-02
  8.67e-02	  3.18e-02	-9.59812e-02
  8.67e-02	  3.23e-02	-1.54686e-01
  8.67e-02	  3.28e-02	-2.64706e-01
  8.67e-02	  3.33e-02	-4.76757e-01
  8.67e-02	  3.39e-02	-8.95856e-01
  8.67e-02	  3.44e-02	-1.73287e+00
  8.67e-02	  3.49e-02	-3.34130e+00
  8.67e-02	  3.54e-02	-6.05833e+00
  8.67e-02	  3.59e-02	-9.72298e+00
  8.67e-02	  3.65e-02	-1.35025e+01
  8.67e-02	  3.70e-02	-1.65781e+01
  8.67e-02	  3.75e-02	-1.86872e+01
  8.67e-02	  3.80e-02	-1.27840e+01
  8.67e-02	  3.85e-02	4.41936e+01
  8.67e-02	  3.91e-02	1.34789e+02
  8.67e-02	  3.96e-02	2.81259e+02
  8.67e-02	  4.01e-02	9.10744e-31
  8.67e-02	  4.06e-02	1.50292e-63
  8.67e-02	  4.11e-02	2.30000e-96
  8.67e-02	  4.17e-02	3.52558e-129
  8.67e-02	  4.22e-02	5.41046e-162
  8.67e-02	  4.27e-02	8.30688e-195
  8.67e-02	  4.32e-02	1.27514e-227
  8.67e-02	  4.37e-02	1.95624e-260
  8.67e-02	  4.43e-02	2.99938e-293
  8.67e-02	  4.48e-02	0.00000e+00
  8.67e-02	  4.53e-02	0.00000e+00
  8.67e-02	  4.58e-02	0.00000e+00
  8.67e-02	  4.64e-02	0.00000e+00
  8.67e-02	  4.69e-02	0.00000e+00
  8.67e-02	  4.74e-02	0.00000e+00
  8.67e-02	  4.79e-02	0.00000e+00
  8.67e-02	  4.84e-02	0.00000e+00
  8.67e-02	  4.90e-02	0.00000e+00
  8.67e-02	  4.95e-02	0.00000e+00

  8.75e-02	  0.00e+00	0.00000e+00
  8.75e-02	  5.21e-04	0.00000e+00
  8.75e-02	  1.04e-03	0.00000e+00
  8.75e-02	  1.56e-03	0.00000e+00
  8.75e-02	  2.08e-03	0.00000e+00
  8.75e-02	  2.60e-03	0.00000e+00
  8.75e-02	  3.12e-03	0.00000e+00
  8.75e-02	  3.65e-03	0.00000e+00
  8.75e-02	  4.17e-03	-2.99018e-293
  8.75e-02	  4.69e-03	-1.95019e-260
  8.75e-02	  5.21e-03	-1.27118e-227
  8.75e-02	  5.73e-03	-8.28111e-195
  8.75e-02	  6.25e-03	-5.39375e-162
  8.75e-02	  6.77e-03	-3.51479e-129
  8.75e-02	  7.29e-03	-2.29304e-96
  8.75e-02	  7.81e-03	-1.49845e-63
  8.75e-02	  8.33e-03	-9.80963e-31
  8.75e-02	  8.85e-03	-2.80645e+02
  8.75e-02	  9.37e-03	-1.34812e+02
  8.75e-02	  9.90e-03	-4.44281e+01
  8.75e-02	  1.04e-02	1.26780e+01
  8.75e-02	  1.09e-02	1.85935e+01
  8.75e-02	  1.15e-02	1.65282e+01
  8.75e-02	  1.20e-02	1.34993e+01
  8.75e-02	  1.25e-02	9.75083e+00
  8.75e-02	  1.30e-02	6.09125e+00
  8.75e-02	  1.35e-02	3.36059e+00
  8.75e-02	  1.41e-02	1.73685e+00
  8.75e-02	  1.46e-02	8.90926e-01
  8.75e-02	  1.51e-02	4.68430e-01
  8.75e-02	  1.56e-02	2.55850e-01
  8.75e-02	  1.61e-02	1.46406e-01
  8.75e-02	  1.67e-02	8.85209e-02
  8.75e-02	  1.72e-02	5.68302e-02
  8.75e-02	  1.77e-02	3.86490e-02
  8.75e-02	  1.82e-02	2.76196e-02
  8.75e-02	  1.88e-02	2.05411e-02
  8.75e-02	  1.93e-02	1.57486e-02
  8.75e-02	  1.98e-02	1.23188e-02
  8.75e-02	  2.03e-02	9.70581e-03
  8.75e-02	  2.08e-02	7.57710e-03
  8.75e-02	  2.14e-02	5.73149e-03
  8.75e-02	  2.19e-02	4.04997e-03
  8.75e-02	  2.24e-02	2.46321e-03
  8.75e-02	  2.29e-02	9.30101e-04
  8.75e-02	  2.34e-02	-5.75357e-04
  8.75e-02	  2.40e-02	-2.07173e-03
  8.75e-02	  2.45e-02	-3.57435e-03
  8.75e-02	  2.50e-02	-5.09781e-03
  8.75e-02	  2.55e-02	-6.65789e-03
  8.75e-02	  2.60e-02	-8.27403e-03
  8.75e-02	  2.66e-02	-9.97352e-03
  8.75e-02	  2.71e-02	-1.17991e-02
  8.75e-02	  2.76e-02	-1.38223e-02
  8.75e-02	  2.81e-02	-1.61652e-02
  8.75e-02	  2.86e-02	-1.90348e-02
  8.75e-02	  2.92e-02	-2.27759e-02
  8.75e-02	  2.97e-02	-2.79614e-02
  8.75e-02	  3.02e-02	-3.55708e-02
  8.75e-02	  3.07e-02	-4.73760e-02
  8.75e-02	  3.13e-02	-6.67601e-02
  8.75e-02	  3.18e-02	-1.00354e-01
  8.75e-02	  3.23e-02	-1.61186e-01
  8.75e-02	  3.28e-02	-2.74921e-01
  8.75e-02	  3.33e-02	-4.93089e-01
  8.75e-02	  3.39e-02	-9.21422e-01
  8.75e-02	  3.44e-02	-1.77051e+00
  8.75e-02	  3.49e-02	-3.39074e+00
  8.75e-02	  3.54e-02	-6.11270e+00
  8.75e-02	  3.59e-02	-9.77122e+00
  8.75e-02	  3.65e-02	-1.35381e+01
  8.75e-02	  3.70e-02	-1.66043e+01
  8.75e-02	  3.75e-02	-1.87330e+01
  8.75e-02	  3.80e-02	-1.28448e+01
  8.75e-02	  3.85e-02	4.44016e+01
  8.75e-02	  3.91e-02	1.34776e+02
  8.75e-02	  3.96e-02	2.81277e+02
  8.75e-02	  4.01e-02	9.10627e-31
  8.75e-02	  4.06e-02	1.50280e-63
  8.75e-02	  4.11e-02	2.29959e-96
  8.75e-02	  4.17e-02	3.52464e-129
  8.75e-02	  4.22e-02	5.40853e-162
  8.75e-02	  4.27e-02	8.30323e-195
  8.75e-02	  4.32e-02	1.27449e-227
  8.75e-02	  4.37e-02	1.95513e-260
  8.75e-02	  4.43e-02	2.99756e-293
  8.75e-02	  4.48e-02	0.00000e+00
  8.75e-02	  4.53e-02	0.00000e+00
  8.75e-02	  4.58e-02	0.00000e+00
  8.75e-02	  4.64e-02	0.00000e+00
  8.75e-02	  4.69e-02	0.00000e+00
  8.75e-02	  4.74e-02	0.00000e+00
  8.75e-02	  4.79e-02	0.00000e+00
  8.75e-02	  4.84e-02	0.00000e+00
  8.75e-02	  4.90e-02	0.00000e+00
  8.75e-02	  4.95e-02	0.00000e+00

  8.83e-02	  0.00e+00	0.00000e+00
  8.83e-02	  5.21e-04	0.00000e+00
  8.83e-02	  1.04e-03	0.00000e+00
  8.83e-02	  1.56e-03	0.00000e+00
  8.83e-02	  2.08e-03	0.00000e+00
  8.83e-02	  2.60e-03	0.00000e+00
  8.83e-02	  3.12e-03	0.00000e+00
  8.83e-02	  3.65e-03	0.00000e+00
  8.83e-02	  4.17e-03	-2.98842e-293
  8.83e-02	  4.69e-03	-1.94911e-260
  8.83e-02	  5.21e-03	-1.27054e-227
  8.83e-02	  5.73e-03	-8.27743e-195
  8.83e-02	  6.25e-03	-5.39174e-162
  8.83e-02	  6.77e-03	-3.51376e-129
  8.83e-02	  7.29e-03	-2.29256e-96
  8.83e-02	  7.81e-03	-1.49827e-63
  8.83e-02	  8.33e-03	-9.80919e-31
  8.83e-02	  8.85e-03	-2.80651e+02
  8.83e-02	  9.37e-03	-1.34799e+02
  8.83e-02	  9.90e-03	-4.46100e+01
  8.83e-02	  1.04e-02	1.27301e+01
  8.83e-02	  1.09e-02	1.86296e+01
  8.83e-02	  1.15e-02	1.65467e+01
  8.83e-02	  1.20e-02	1.35251e+01
  8.83e-02	  1.25e-02	9.78757e+00
  8.83e-02	  1.30e-02	6.13479e+00
  8.83e-02	  1.35e-02	3.40188e+00
  8.83e-02	  1.41e-02	1.76935e+00
  8.83e-02	  1.46e-02	9.13662e-01
  8.83e-02	  1.51e-02	4.83450e-01
  8.83e-02	  1.56e-02	2.65678e-01
  8.83e-02	  1.61e-02	1.53050e-01
  8.83e-02	  1.67e-02	9.33242e-02
  8.83e-02	  1.72e-02	6.05936e-02
  8.83e-02	  1.77e-02	4.18053e-02
  8.83e-02	  1.82e-02	3.03817e-02
  8.83e-02	  1.88e-02	2.30057e-02
  8.83e-02	  1.93e-02	1.79580e-02
  8.83e-02	  1.98e-02	1.42932e-02
  8.83e-02	  2.03e-02	1.14581e-02
  8.83e-02	  2.08e-02	9.11803e-03
  8.83e-02	  2.14e-02	7.07120e-03
  8.83e-02	  2.19e-02	5.19795e-03
  8.83e-02	  2.24e-02	3.42795e-03
  8.83e-02	  2.29e-02	1.71894e-03
  8.83e-02	  2.34e-02	4.35704e-05
  8.83e-02	  2.40e-02	-1.61807e-03
  8.83e-02	  2.45e-02	-3.28266e-03
  8.83e-02	  2.50e-02	-4.96609e-03
  8.83e-02	  2.55e-02	-6.68544e-03
  8.83e-02	  2.60e-02	-8.46134e-03
  8.83e-02	  2.66e-02	-1.03222e-02
  8.83e-02	  2.71e-02	-1.23116e-02
  8.83e-02	  2.76e-02	-1.45016e-02
  8.83e-02	  2.81e-02	-1.70144e-02
  8.83e-02	  2.86e-02	-2.00568e-02
  8.83e-02	  2.92e-02	-2.39748e-02
  8.83e-02	  2.97e-02	-2.93481e-02
  8.83e-02	  3.02e-02	-3.71790e-02
  8.83e-02	  3.07e-02	-4.92985e-02
  8.83e-02	  3.13e-02	-6.92216e-02
  8.83e-02	  3.18e-02	-1.03836e-01
  8.83e-02	  3.23e-02	-1.66614e-01
  8.83e-02	  3.28e-02	-2.83906e-01
  8.83e-02	  3.33e-02	-5.08170e-01
  8.83e-02	  3.39e-02	-9.46098e-01
  8.83e-02	  3.44e-02	-1.80844e+00
  8.83e-02	  3.49e-02	-3.44289e+00
  8.83e-02	  3.54e-02	-6.17307e+00
  8.83e-02	  3.59e-02	-9.82818e+00
  8.83e-02	  3.65e-02	-1.35833e+01
  8.83e-02	  3.70e-02	-1.66379e+01
  8.83e-02	  3.75e-02	-1.87772e+01
  8.83e-02	  3.80e-02	-1.28901e+01
  8.83e-02	  3.85e-02	4.46275e+01
  8.83e-02	  3.91e-02	1.34774e+02
  8.83e-02	  3.96e-02	2.81278e+02
  8.83e-02	  4.01e-02	9.10490e-31
  8.83e-02	  4.06e-02	1.50253e-63
  8.83e-02	  4.11e-02	2.29898e-96
  8.83e-02	  4.17e-02	3.52337e-129
  8.83e-02	  4.22e-02	5.40613e-162
  8.83e-02	  4.27e-02	8.29892e-195
  8.83e-02	  4.32e-02	1.27375e-227
  8.83e-02	  4.37e-02	1.95390e-260
  8.83e-02	  4.43e-02	2.99557e-293
  8.83e-02	  4.48e-02	0.00000e+00
  8.83e-02	  4.53e-02	0.00000e+00
  8.83e-02	  4.58e-02	0.00000e+00
  8.83e-02	  4.64e-02	0.00000e+00
  8.83e-02	  4.69e-02	0.00000e+00
  8.83e-02	  4.74e-02	0.00000e+00
  8.83e-02	  4.79e-02	0.00000e+00
  8.83e-02	  4.84e-02	0.00000e+00
  8.83e-02	  4.90e-02	0.00000e+00
  8.83e-02	  4.95e-02	0.00000e+00

  8.91e-02	  0.00e+00	0.00000e+00
  8.91e-02	  5.21e-04	0.00000e+00
  8.91e-02	  1.04e-03	0.00000e+00
  8.91e-02	  1.56e-03	0.00000e+00
  8.91e-02	  2.08e-03	0.00000e+00
  8.91e-02	  2.60e-03	0.00000e+00
  8.91e-02	  3.12e-03	0.00000e+00
  8.91e-02	  3.65e-03	0.00000e+00
  8.91e-02	  4.17e-03	-2.98652e-293
  8.91e-02	  4.69e-03	-1.94792e-260
  8.91e-02	  5.21e-03	-1.26981e-227
  8.91e-02	  5.73e-03	-8.27313e-195
  8.91e-02	  6.25e-03	-5.38930e-162
  8.91e-02	  6.77e-03	-3.51243e-129
  8.91e-02	  7.29e-03	-2.29189e-96
  8.91e-02	  7.81e-03	-1.49795e-63
  8.91e-02	  8.33e-03	-9.80793e-31
  8.91e-02	  8.85e-03	-2.80641e+02
  8.91e-02	  9.37e-03	-1.34795e+02
  8.91e-02	  9.90e-03	-4.48072e+01
  8.91e-02	  1.04e-02	1.27673e+01
  8.91e-02	  1.09e-02	1.86637e+01
  8.91e-02	  1.15e-02	1.65712e+01
  8.91e-02	  1.20e-02	1.35587e+01
  8.91e-02	  1.25e-02	9.83135e+00
  8.91e-02	  1.30e-02	6.18310e+00
  8.91e-02	  1.35e-02	3.44518e+00
  8.91e-02	  1.41e-02	1.80186e+00
  8.91e-02	  1.46e-02	9.35460e-01
  8.91e-02	  1.51e-02	4.97271e-01
  8.91e-02	  1.56e-02	2.74357e-01
  8.91e-02	  1.61e-02	1.58702e-01
  8.91e-02	  1.67e-02	9.73021e-02
  8.91e-02	  1.72e-02	6.36753e-02
  8.91e-02	  1.77e-02	4.43931e-02
  8.91e-02	  1.82e-02	3.26624e-02
  8.91e-02	  1.88e-02	2.50569e-02
  8.91e-02	  1.93e-02	1.98094e-02
  8.91e-02	  1.98e-02	1.59571e-02
  8.91e-02	  2.03e-02	1.29425e-02
  8.91e-02	  2.08e-02	1.04306e-02
  8.91e-02	  2.14e-02	8.22001e-03
  8.91e-02	  2.19e-02	6.19112e-03
  8.91e-02	  2.24e-02	4.27306e-03
  8.91e-02	  2.29e-02	2.42269e-03
  8.91e-02	  2.34e-02	6.11616e-04
  8.91e-02	  2.40e-02	-1.18117e-03
  8.91e-02	  2.45e-02	-2.97343e-03
  8.91e-02	  2.50e-02	-4.78212e-03
  8.91e-02	  2.55e-02	-6.62530e-03
  8.91e-02	  2.60e-02	-8.52452e-03
  8.91e-02	  2.66e-02	-1.05089e-02
  8.91e-02	  2.71e-02	-1.26226e-02
  8.91e-02	  2.76e-02	-1.49374e-02
  8.91e-02	  2.81e-02	-1.75750e-02
  8.91e-02	  2.86e-02	-2.07407e-02
  8.91e-02	  2.92e-02	-2.47793e-02
  8.91e-02	  2.97e-02	-3.02736e-02
  8.91e-02	  3.02e-02	-3.82429e-02
  8.91e-02	  3.07e-02	-5.05691e-02
  8.91e-02	  3.13e-02	-7.08892e-02
  8.91e-02	  3.18e-02	-1.06339e-01
  8.91e-02	  3.23e-02	-1.70838e-01
  8.91e-02	  3.28e-02	-2.91456e-01
  8.91e-02	  3.33e-02	-5.21670e-01
  8.91e-02	  3.39e-02	-9.69355e-01
  8.91e-02	  3.44e-02	-1.84582e+00
  8.91e-02	  3.49e-02	-3.49645e+00
  8.91e-02	  3.54e-02	-6.23764e+00
  8.91e-02	  3.59e-02	-9.89167e+00
  8.91e-02	  3.65e-02	-1.36360e+01
  8.91e-02	  3.70e-02	-1.66775e+01
  8.91e-02	  3.75e-02	-1.88193e+01
  8.91e-02	  3.80e-02	-1.29188e+01
  8.91e-02	  3.85e-02	4.48676e+01
  8.91e-02	  3.91e-02	1.34781e+02
  8.91e-02	  3.96e-02	2.81259e+02
  8.91e-02	  4.01e-02	9.10332e-31
  8.91e-02	  4.06e-02	1.50213e-63
  8.91e-02	  4.11e-02	2.29815e-96
  8.91e-02	  4.17e-02	3.52180e-129
  8.91e-02	  4.22e-02	5.40329e-162
  8.91e-02	  4.27e-02	8.29400e-195
  8.91e-02	  4.32e-02	1.27293e-227
  8.91e-02	  4.37e-02	1.95257e-260
  8.91e-02	  4.43e-02	2.99346e-293
  8.91e-02	  4.48e-02	0.00000e+00
  8.91e-02	  4.53e-02	0.00000e+00
  8.91e-02	  4.58e-02	0.00000e+00
  8.91e-02	  4.64e-02	0.00000e+00
  8.91e-02	  4.69e-02	0.00000e+00
  8.91e-02	  4.74e-02	0.00000e+00
  8.91e-02	  4.79e-02	0.00000e+00
  8.91e-02	  4.84e-02	0.00000e+00
  8.91e-02	  4.90e-02	0.00000e+00
  8.91e-02	  4.95e-02	0.00000e+00

  8.98e-02	  0.00e+00	0.00000e+00
  8.98e-02	  5.21e-04	0.00000e+00
  8.98e-02	  1.04e-03	0.00000e+00
  8.98e-02	  1.56e-03	0.00000e+00
  8.98e-02	  2.08e-03	0.00000e+00
  8.98e-02	  2.60e-03	0.00000e+00
  8.98e-02	  3.12e-03	0.00000e+00
  8.98e-02	  3.65e-03	0.00000e+00
  8.98e-02	  4.17e-03	-2.98450e-293
  8.98e-02	  4.69e-03	-1.94663e-260
  8.98e-02	  5.21e-03	-1.26901e-227
  8.98e-02	  5.73e-03	-8.26829e-195
  8.98e-02	  6.25e-03	-5.38646e-162
  8.98e-02	  6.77e-03	-3.51083e-129
  8.98e-02	  7.29e-03	-2.29102e-96
  8.98e-02	  7.81e-03	-1.49750e-63
  8.98e-02	  8.33e-03	-9.80579e-31
  8.98e-02	  8.85e-03	-2.80611e+02
  8.98e-02	  9.37e-03	-1.34798e+02
  8.98e-02	  9.90e-03	-4.50160e+01
  8.98e-02	  1.04e-02	1.27892e+01
  8.98e-02	  1.09e-02	1.86954e+01
  8.98e-02	  1.15e-02	1.66003e+01
  8.98e-02	  1.20e-02	1.35981e+01
  8.98e-02	  1.25e-02	9.88020e+00
  8.98e-02	  1.30e-02	6.23451e+00
  8.98e-02	  1.35e-02	3.48925e+00
  8.98e-02	  1.41e-02	1.83352e+00
  8.98e-02	  1.46e-02	9.55757e-01
  8.98e-02	  1.51e-02	5.09520e-01
  8.98e-02	  1.56e-02	2.81637e-01
  8.98e-02	  1.61e-02	1.63185e-01
  8.98e-02	  1.67e-02	1.00326e-01
  8.98e-02	  1.72e-02	6.59750e-02
  8.98e-02	  1.77e-02	4.63305e-02
  8.98e-02	  1.82e-02	3.43925e-02
  8.98e-02	  1.88e-02	2.66352e-02
  8.98e-02	  1.93e-02	2.12513e-02
  8.98e-02	  1.98e-02	1.72660e-02
  8.98e-02	  2.03e-02	1.41206e-02
  8.98e-02	  2.08e-02	1.14817e-02
  8.98e-02	  2.14e-02	9.14975e-03
  8.98e-02	  2.19e-02	7.00562e-03
  8.98e-02	  2.24e-02	4.97852e-03
  8.98e-02	  2.29e-02	3.02480e-03
  8.98e-02	  2.34e-02	1.11541e-03
  8.98e-02	  2.40e-02	-7.71448e-04
  8.98e-02	  2.45e-02	-2.65432e-03
  8.98e-02	  2.50e-02	-4.55090e-03
  8.98e-02	  2.55e-02	-6.47991e-03
  8.98e-02	  2.60e-02	-8.46345e-03
  8.98e-02	  2.66e-02	-1.05310e-02
  8.98e-02	  2.71e-02	-1.27267e-02
  8.98e-02	  2.76e-02	-1.51218e-02
  8.98e-02	  2.81e-02	-1.78362e-02
  8.98e-02	  2.86e-02	-2.10726e-02
  8.98e-02	  2.92e-02	-2.51725e-02
  8.98e-02	  2.97e-02	-3.07179e-02
  8.98e-02	  3.02e-02	-3.87386e-02
  8.98e-02	  3.07e-02	-5.11583e-02
  8.98e-02	  3.13e-02	-7.17227e-02
  8.98e-02	  3.18e-02	-1.07803e-01
  8.98e-02	  3.23e-02	-1.73760e-01
  8.98e-02	  3.28e-02	-2.97397e-01
  8.98e-02	  3.33e-02	-5.33289e-01
  8.98e-02	  3.39e-02	-9.90678e-01
  8.98e-02	  3.44e-02	-1.88178e+00
  8.98e-02	  3.49e-02	-3.55007e+00
  8.98e-02	  3.54e-02	-6.30447e+00
  8.98e-02	  3.59e-02	-9.95936e+00
  8.98e-02	  3.65e-02	-1.36937e+01
  8.98e-02	  3.70e-02	-1.67213e+01
  8.98e-02	  3.75e-02	-1.88585e+01
  8.98e-02	  3.80e-02	-1.29307e+01
  8.98e-02	  3.85e-02	4.51179e+01
  8.98e-02	  3.91e-02	1.34796e+02
  8.98e-02	  3.96e-02	2.81219e+02
  8.98e-02	  4.01e-02	9.10154e-31
  8.98e-02	  4.06e-02	1.50158e-63
  8.98e-02	  4.11e-02	2.29712e-96
  8.98e-02	  4.17e-02	3.51994e-129
  8.98e-02	  4.22e-02	5.40004e-162
  8.98e-02	  4.27e-02	8.28853e-195
  8.98e-02	  4.32e-02	1.27203e-227
  8.98e-02	  4.37e-02	1.95114e-260
  8.98e-02	  4.43e-02	2.99123e-293
  8.98e-02	  4.48e-02	0.00000e+00
  8.98e-02	  4.53e-02	0.00000e+00
  8.98e-02	  4.58e-02	0.00000e+00
  8.98e-02	  4.64e-02	0.00000e+00
  8.98e-02	  4.69e-02	0.00000e+00
  8.98e-02	  4.74e-02	0.00000e+00
  8.98e-02	  4.79e-02	0.00000e+00
  8.98e-02	  4.84e-02	0.00000e+00
  8.98e-02	  4.90e-02	0.00000e+00
  8.98e-02	  4.95e-02	0.00000e+00

  9.06e-02	  0.00e+00	0.00000e+00
  9.06e-02	  5.21e-04	0.00000e+00
  9.06e-02	  1.04e-03	0.00000e+00
  9.06e-02	  1.56e-03	0.00000e+00
  9.06e-02	  2.08e-03	0.00000e+00
  9.06e-02	  2.60e-03	0.00000e+00
  9.06e-02	  3.12e-03	0.00000e+00
  9.06e-02	  3.65e-03	0.00000e+00
  9.06e-02	  4.17e-03	-2.98238e-293
  9.06e-02	  4.69e-03	-1.94527e-260
  9.06e-02	  5.21e-03	-1.26815e-227
  9.06e-02	  5.73e-03	-8.26295e-195
  9.06e-02	  6.25e-03	-5.38325e-162
  9.06e-02	  6.77e-03	-3.50896e-129
  9.06e-02	  7.29e-03	-2.28996e-96
  9.06e-02	  7.81e-03	-1.49692e-63
  9.06e-02	  8.33e-03	-9.80276e-31
  9.06e-02	  8.85e-03	-2.80562e+02
  9.06e-02	  9.37e-03	-1.34807e+02
  9.06e-02	  9.90e-03	-4.52325e+01
  9.06e-02	  1.04e-02	1.27959e+01
  9.06e-02	  1.09e-02	1.87243e+01
  9.06e-02	  1.15e-02	1.66325e+01
  9.06e-02	  1.20e-02	1.36413e+01
  9.06e-02	  1.25e-02	9.93205e+00
  9.06e-02	  1.30e-02	6.28724e+00
  9.06e-02	  1.35e-02	3.53279e+00
  9.06e-02	  1.41e-02	1.86349e+00
  9.06e-02	  1.46e-02	9.74011e-01
  9.06e-02	  1.51e-02	5.19856e-01
  9.06e-02	  1.56e-02	2.87301e-01
  9.06e-02	  1.61e-02	1.66358e-01
  9.06e-02	  1.67e-02	1.02294e-01
  9.06e-02	  1.72e-02	6.74162e-02
  9.06e-02	  1.77e-02	4.75557e-02
  9.06e-02	  1.82e-02	3.55199e-02
  9.06e-02	  1.88e-02	2.76956e-02
  9.06e-02	  1.93e-02	2.22446e-02
  9.06e-02	  1.98e-02	1.81858e-02
  9.06e-02	  2.03e-02	1.49627e-02
  9.06e-02	  2.08e-02	1.22459e-02
  9.06e-02	  2.14e-02	9.83830e-03
  9.06e-02	  2.19e-02	7.62246e-03
  9.06e-02	  2.24e-02	5.52807e-03
  9.06e-02	  2.29e-02	3.51149e-03
  9.06e-02	  2.34e-02	1.54334e-03
  9.06e-02	  2.40e-02	-3.98557e-04
  9.06e-02	  2.45e-02	-2.33318e-03
  9.06e-02	  2.50e-02	-4.27860e-03
  9.06e-02	  2.55e-02	-6.25385e-03
  9.06e-02	  2.60e-02	-8.28121e-03
  9.06e-02	  2.66e-02	-1.03901e-02
  9.06e-02	  2.71e-02	-1.26242e-02
  9.06e-02	  2.76e-02	-1.50534e-02
  9.06e-02	  2.81e-02	-1.77954e-02
  9.06e-02	  2.86e-02	-2.10487e-02
  9.06e-02	  2.92e-02	-2.51494e-02
  9.06e-02	  2.97e-02	-3.06749e-02
  9.06e-02	  3.02e-02	-3.86589e-02
  9.06e-02	  3.07e-02	-5.10560e-02
  9.06e-02	  3.13e-02	-7.17057e-02
  9.06e-02	  3.18e-02	-1.08196e-01
  9.06e-02	  3.23e-02	-1.75312e-01
  9.06e-02	  3.28e-02	-3.01596e-01
  9.06e-02	  3.33e-02	-5.42765e-01
  9.06e-02	  3.39e-02	-1.00958e+00
  9.06e-02	  3.44e-02	-1.91547e+00
  9.06e-02	  3.49e-02	-3.60234e+00
  9.06e-02	  3.54e-02	-6.37158e+00
  9.06e-02	  3.59e-02	-1.00289e+01
  9.06e-02	  3.65e-02	-1.37543e+01
  9.06e-02	  3.70e-02	-1.67675e+01
  9.06e-02	  3.75e-02	-1.88944e+01
  9.06e-02	  3.80e-02	-1.29263e+01
  9.06e-02	  3.85e-02	4.53740e+01
  9.06e-02	  3.91e-02	1.34819e+02
  9.06e-02	  3.96e-02	2.81157e+02
  9.06e-02	  4.01e-02	9.09956e-31
  9.06e-02	  4.06e-02	1.50090e-63
  9.06e-02	  4.11e-02	2.29589e-96
  9.06e-02	  4.17e-02	3.51780e-129
  9.06e-02	  4.22e-02	5.39643e-162
  9.06e-02	  4.27e-02	8.28258e-195
  9.06e-02	  4.32e-02	1.27107e-227
  9.06e-02	  4.37e-02	1.94963e-260
  9.06e-02	  4.43e-02	2.98891e-293
  9.06e-02	  4.48e-02	0.00000e+00
  9.06e-02	  4.53e-02	0.00000e+00
  9.06e-02	  4.58e-02	0.00000e+00
  9.06e-02	  4.64e-02	0.00000e+00
  9.06e-02	  4.69e-02	0.00000e+00
  9.06e-02	  4.74e-02	0.00000e+00
  9.06e-02	  4.79e-02	0.00000e+00
  9.06e-02	  4.84e-02	0.00000e+00
  9.06e-02	  4.90e-02	0.00000e+00
  9.06e-02	  4.95e-02	0.00000e+00

  9.14e-02	  0.00e+00	0.00000e+00
  9.14e-02	  5.21e-04	0.00000e+00
  9.14e-02	  1.04e-03	0.00000e+00
  9.14e-02	  1.56e-03	0.00000e+00
  9.14e-02	  2.08e-03	0.00000e+00
  9.14e-02	  2.60e-03	0.00000e+00
  9.14e-02	  3.12e-03	0.00000e+00
  9.14e-02	  3.65e-03	0.00000e+00
  9.14e-02	  4.17e-03	-2.98018e-293
  9.14e-02	  4.69e-03	-1.94383e-260
  9.14e-02	  5.21e-03	-1.26723e-227
  9.14e-02	  5.73e-03	-8.25719e-195
  9.14e-02	  6.25e-03	-5.37973e-162
  9.14e-02	  6.77e-03	-3.50685e-129
  9.14e-02	  7.29e-03	-2.28872e-96
  9.14e-02	  7.81e-03	-1.49622e-63
  9.14e-02	  8.33e-03	-9.79887e-31
  9.14e-02	  8.85e-03	-2.80492e+02
  9.14e-02	  9.37e-03	-1.34822e+02
  9.14e-02	  9.90e-03	-4.54528e+01
  9.14e-02	  1.04e-02	1.27881e+01
  9.14e-02	  1.09e-02	1.87499e+01
  9.14e-02	  1.15e-02	1.66664e+01
  9.14e-02	  1.20e-02	1.36863e+01
  9.14e-02	  1.25e-02	9.98482e+00
  9.14e-02	  1.30e-02	6.33949e+00
  9.14e-02	  1.35e-02	3.57450e+00
  9.14e-02	  1.41e-02	1.89093e+00
  9.14e-02	  1.46e-02	9.89727e-01
  9.14e-02	  1.51e-02	5.27991e-01
  9.14e-02	  1.56e-02	2.91180e-01
  9.14e-02	  1.61e-02	1.68118e-01
  9.14e-02	  1.67e-02	1.03141e-01
  9.14e-02	  1.72e-02	6.79507e-02
  9.14e-02	  1.77e-02	4.80302e-02
  9.14e-02	  1.82e-02	3.60116e-02
  9.14e-02	  1.88e-02	2.82094e-02
  9.14e-02	  1.93e-02	2.27639e-02
  9.14e-02	  1.98e-02	1.86942e-02
  9.14e-02	  2.03e-02	1.54494e-02
  9.14e-02	  2.08e-02	1.27059e-02
  9.14e-02	  2.14e-02	1.02707e-02
  9.14e-02	  2.19e-02	8.02840e-03
  9.14e-02	  2.24e-02	5.91002e-03
  9.14e-02	  2.29e-02	3.87233e-03
  9.14e-02	  2.34e-02	1.88608e-03
  9.14e-02	  2.40e-02	-7.09128e-05
  9.14e-02	  2.45e-02	-2.01766e-03
  9.14e-02	  2.50e-02	-3.97226e-03
  9.14e-02	  2.55e-02	-5.95365e-03
  9.14e-02	  2.60e-02	-7.98391e-03
  9.14e-02	  2.66e-02	-1.00920e-02
  9.14e-02	  2.71e-02	-1.23205e-02
  9.14e-02	  2.76e-02	-1.47379e-02
  9.14e-02	  2.81e-02	-1.74583e-02
  9.14e-02	  2.86e-02	-2.06750e-02
  9.14e-02	  2.92e-02	-2.47166e-02
  9.14e-02	  2.97e-02	-3.01522e-02
  9.14e-02	  3.02e-02	-3.80125e-02
  9.14e-02	  3.07e-02	-5.02714e-02
  9.14e-02	  3.13e-02	-7.08447e-02
  9.14e-02	  3.18e-02	-1.07514e-01
  9.14e-02	  3.23e-02	-1.75466e-01
  9.14e-02	  3.28e-02	-3.03961e-01
  9.14e-02	  3.33e-02	-5.49884e-01
  9.14e-02	  3.39e-02	-1.02562e+00
  9.14e-02	  3.44e-02	-1.94607e+00
  9.14e-02	  3.49e-02	-3.65189e+00
  9.14e-02	  3.54e-02	-6.43702e+00
  9.14e-02	  3.59e-02	-1.00981e+01
  9.14e-02	  3.65e-02	-1.38155e+01
  9.14e-02	  3.70e-02	-1.68144e+01
  9.14e-02	  3.75e-02	-1.89263e+01
  9.14e-02	  3.80e-02	-1.29064e+01
  9.14e-02	  3.85e-02	4.56316e+01
  9.14e-02	  3.91e-02	1.34846e+02
  9.14e-02	  3.96e-02	2.81075e+02
  9.14e-02	  4.01e-02	9.09739e-31
  9.14e-02	  4.06e-02	1.50009e-63
  9.14e-02	  4.11e-02	2.29449e-96
  9.14e-02	  4.17e-02	3.51543e-129
  9.14e-02	  4.22e-02	5.39251e-162
  9.14e-02	  4.27e-02	8.27623e-195
  9.14e-02	  4.32e-02	1.27007e-227
  9.14e-02	  4.37e-02	1.94807e-260
  9.14e-02	  4.43e-02	2.98652e-293
  9.14e-02	  4.48e-02	0.00000e+00
  9.14e-02	  4.53e-02	0.00000e+00
  9.14e-02	  4.58e-02	0.00000e+00
  9.14e-02	  4.64e-02	0.00000e+00
  9.14e-02	  4.69e-02	0.00000e+00
  9.14e-02	  4.74e-02	0.00000e+00
  9.14e-02	  4.79e-02	0.00000e+00
  9.14e-02	  4.84e-02	0.00000e+00
  9.14e-02	  4.90e-02	0.00000e+00
  9.14e-02	  4.95e-02	0.00000e+00

  9.22e-02	  0.00e+00	0.00000e+00
  9.22e-02	  5.21e-04	0.00000e+00
  9.22e-02	  1.04e-03	0.00000e+00
  9.22e-02	  1.56e-03	0.00000e+00
  9.22e-02	  2.08e-03	0.00000e+00
  9.22e-02	  2.60e-03	0.00000e+00
  9.22e-02	  3.12e-03	0.00000e+00
  9.22e-02	  3.65e-03	0.00000e+00
  9.22e-02	  4.17e-03	-2.97793e-293
  9.22e-02	  4.69e-03	-1.94235e-260
  9.22e-02	  5.21e-03	-1.26627e-227
  9.22e-02	  5.73e-03	-8.25108e-195
  9.22e-02	  6.25e-03	-5.37593e-162
  9.22e-02	  6.77e-03	-3.50453e-129
  9.22e-02	  7.29e-03	-2.28733e-96
  9.22e-02	  7.81e-03	-1.49540e-63
  9.22e-02	  8.33e-03	-9.79415e-31
  9.22e-02	  8.85e-03	-2.80402e+02
  9.22e-02	  9.37e-03	-1.34840e+02
  9.22e-02	  9.90e-03	-4.56725e+01
  9.22e-02	  1.04e-02	1.27668e+01
  9.22e-02	  1.09e-02	1.87721e+01
  9.22e-02	  1.15e-02	1.67006e+01
  9.22e-02	  1.20e-02	1.37314e+01
  9.22e-02	  1.25e-02	1.00365e+01
  9.22e-02	  1.30e-02	6.38953e+00
  9.22e-02	  1.35e-02	3.61312e+00
  9.22e-02	  1.41e-02	1.91507e+00
  9.22e-02	  1.46e-02	1.00248e+00
  9.22e-02	  1.51e-02	5.33700e-01
  9.22e-02	  1.56e-02	2.93160e-01
  9.22e-02	  1.61e-02	1.68406e-01
  9.22e-02	  1.67e-02	1.02835e-01
  9.22e-02	  1.72e-02	6.75595e-02
  9.22e-02	  1.77e-02	4.77397e-02
  9.22e-02	  1.82e-02	3.58557e-02
  9.22e-02	  1.88e-02	2.81656e-02
  9.22e-02	  1.93e-02	2.27993e-02
  9.22e-02	  1.98e-02	1.87820e-02
  9.22e-02	  2.03e-02	1.55722e-02
  9.22e-02	  2.08e-02	1.28540e-02
  9.22e-02	  2.14e-02	1.04395e-02
  9.22e-02	  2.19e-02	8.21656e-03
  9.22e-02	  2.24e-02	6.11771e-03
  9.22e-02	  2.29e-02	4.10075e-03
  9.22e-02	  2.34e-02	2.13700e-03
  9.22e-02	  2.40e-02	2.04667e-04
  9.22e-02	  2.45e-02	-1.71492e-03
  9.22e-02	  2.50e-02	-3.63946e-03
  9.22e-02	  2.55e-02	-5.58746e-03
  9.22e-02	  2.60e-02	-7.58040e-03
  9.22e-02	  2.66e-02	-9.64635e-03
  9.22e-02	  2.71e-02	-1.18265e-02
  9.22e-02	  2.76e-02	-1.41870e-02
  9.22e-02	  2.81e-02	-1.68380e-02
  9.22e-02	  2.86e-02	-1.99665e-02
  9.22e-02	  2.92e-02	-2.38916e-02
  9.22e-02	  2.97e-02	-2.91701e-02
  9.22e-02	  3.02e-02	-3.68229e-02
  9.22e-02	  3.07e-02	-4.88314e-02
  9.22e-02	  3.13e-02	-6.91683e-02
  9.22e-02	  3.18e-02	-1.05781e-01
  9.22e-02	  3.23e-02	-1.74222e-01
  9.22e-02	  3.28e-02	-3.04444e-01
  9.22e-02	  3.33e-02	-5.54487e-01
  9.22e-02	  3.39e-02	-1.03842e+00
  9.22e-02	  3.44e-02	-1.97281e+00
  9.22e-02	  3.49e-02	-3.69742e+00
  9.22e-02	  3.54e-02	-6.49892e+00
  9.22e-02	  3.59e-02	-1.01647e+01
  9.22e-02	  3.65e-02	-1.38753e+01
  9.22e-02	  3.70e-02	-1.68605e+01
  9.22e-02	  3.75e-02	-1.89539e+01
  9.22e-02	  3.80e-02	-1.28723e+01
  9.22e-02	  3.85e-02	4.58860e+01
  9.22e-02	  3.91e-02	1.34876e+02
  9.22e-02	  3.96e-02	2.80971e+02
  9.22e-02	  4.01e-02	9.09504e-31
  9.22e-02	  4.06e-02	1.49916e-63
  9.22e-02	  4.11e-02	2.29293e-96
  9.22e-02	  4.17e-02	3.51285e-129
  9.22e-02	  4.22e-02	5.38832e-162
  9.22e-02	  4.27e-02	8.26953e-195
  9.22e-02	  4.32e-02	1.26902e-227
  9.22e-02	  4.37e-02	1.94646e-260
  9.22e-02	  4.43e-02	2.98408e-293
  9.22e-02	  4.48e-02	0.00000e+00
  9.22e-02	  4.53e-02	0.00000e+00
  9.22e-02	  4.58e-02	0.00000e+00
  9.22e-02	  4.64e-02	0.00000e+00
  9.22e-02	  4.69e-02	0.00000e+00
  9.22e-02	  4.74e-02	0.00000e+00
  9.22e-02	  4.79e-02	0.00000e+00
  9.22e-02	  4.84e-02	0.00000e+00
  9.22e-02	  4.90e-02	0.00000e+00
  9.22e-02	  4.95e-02	0.00000e+00

  9.30e-02	  0.00e+00	0.00000e+00
  9.30e-02	  5.21e-04	0.00000e+00
  9.30e-02	  1.04e-03	0.00000e+00
  9.30e-02	  1.56e-03	0.00000e+00
  9.30e-02	  2.08e-03	0.00000e+00
  9.30e-02	  2.60e-03	0.00000e+00
  9.30e-02	  3.12e-03	0.00000e+00
  9.30e-02	  3.65e-03	0.00000e+00
  9.30e-02	  4.17e-03	-2.97565e-293
  9.30e-02	  4.69e-03	-1.94083e-260
  9.30e-02	  5.21e-03	-1.26527e-227
  9.30e-02	  5.73e-03	-8.24471e-195
  9.30e-02	  6.25e-03	-5.37190e-162
  9.30e-02	  6.77e-03	-3.50203e-129
  9.30e-02	  7.29e-03	-2.28581e-96
  9.30e-02	  7.81e-03	-1.49448e-63
  9.30e-02	  8.33e-03	-9.78867e-31
  9.30e-02	  8.85e-03	-2.80294e+02
  9.30e-02	  9.37e-03	-1.34860e+02
  9.30e-02	  9.90e-03	-4.58877e+01
  9.30e-02	  1.04e-02	1.27335e+01
  9.30e-02	  1.09e-02	1.87903e+01
  9.30e-02	  1.15e-02	1.67337e+01
  9.30e-02	  1.20e-02	1.37747e+01
  9.30e-02	  1.25e-02	1.00854e+01
  9.30e-02	  1.30e-02	6.43573e+00
  9.30e-02	  1.35e-02	3.64749e+00
  9.30e-02	  1.41e-02	1.93524e+00
  9.30e-02	  1.46e-02	1.01191e+00
  9.30e-02	  1.51e-02	5.36829e-01
  9.30e-02	  1.56e-02	2.93186e-01
  9.30e-02	  1.61e-02	1.67214e-01
  9.30e-02	  1.67e-02	1.01383e-01
  9.30e-02	  1.72e-02	6.62536e-02
  9.30e-02	  1.77e-02	4.66949e-02
  9.30e-02	  1.82e-02	3.50607e-02
  9.30e-02	  1.88e-02	2.75709e-02
  9.30e-02	  1.93e-02	2.23557e-02
  9.30e-02	  1.98e-02	1.84528e-02
  9.30e-02	  2.03e-02	1.53336e-02
  9.30e-02	  2.08e-02	1.26918e-02
  9.30e-02	  2.14e-02	1.03456e-02
  9.30e-02	  2.19e-02	8.18664e-03
  9.30e-02	  2.24e-02	6.14981e-03
  9.30e-02	  2.29e-02	4.19431e-03
  9.30e-02	  2.34e-02	2.29246e-03
  9.30e-02	  2.40e-02	4.23245e-04
  9.30e-02	  2.45e-02	-1.43126e-03
  9.30e-02	  2.50e-02	-3.28802e-03
  9.30e-02	  2.55e-02	-5.16473e-03
  9.30e-02	  2.60e-02	-7.08188e-03
  9.30e-02	  2.66e-02	-9.06629e-03
  9.30e-02	  2.71e-02	-1.11574e-02
  9.30e-02	  2.76e-02	-1.34183e-02
  9.30e-02	  2.81e-02	-1.59550e-02
  9.30e-02	  2.86e-02	-1.89469e-02
  9.30e-02	  2.92e-02	-2.27016e-02
  9.30e-02	  2.97e-02	-2.77604e-02
  9.30e-02	  3.02e-02	-3.51277e-02
  9.30e-02	  3.07e-02	-4.67794e-02
  9.30e-02	  3.13e-02	-6.67250e-02
  9.30e-02	  3.18e-02	-1.03047e-01
  9.30e-02	  3.23e-02	-1.71620e-01
  9.30e-02	  3.28e-02	-3.03041e-01
  9.30e-02	  3.33e-02	-5.56470e-01
  9.30e-02	  3.39e-02	-1.04768e+00
  9.30e-02	  3.44e-02	-1.99503e+00
  9.30e-02	  3.49e-02	-3.73773e+00
  9.30e-02	  3.54e-02	-6.55561e+00
  9.30e-02	  3.59e-02	-1.02269e+01
  9.30e-02	  3.65e-02	-1.39320e+01
  9.30e-02	  3.70e-02	-1.69045e+01
  9.30e-02	  3.75e-02	-1.89767e+01
  9.30e-02	  3.80e-02	-1.28258e+01
  9.30e-02	  3.85e-02	4.61330e+01
  9.30e-02	  3.91e-02	1.34909e+02
  9.30e-02	  3.96e-02	2.80848e+02
  9.30e-02	  4.01e-02	9.09252e-31
  9.30e-02	  4.06e-02	1.49813e-63
  9.30e-02	  4.11e-02	2.29123e-96
  9.30e-02	  4.17e-02	3.51010e-129
  9.30e-02	  4.22e-02	5.38391e-162
  9.30e-02	  4.27e-02	8.26258e-195
  9.30e-02	  4.32e-02	1.26794e-227
  9.30e-02	  4.37e-02	1.94481e-260
  9.30e-02	  4.43e-02	2.98162e-293
  9.30e-02	  4.48e-02	0.00000e+00
  9.30e-02	  4.53e-02	0.00000e+00
  9.30e-02	  4.58e-02	0.00000e+00
  9.30e-02	  4.64e-02	0.00000e+00
  9.30e-02	  4.69e-02	0.00000e+00
  9.30e-02	  4.74e-02	0.00000e+00
  9.30e-02	  4.79e-02	0.00000e+00
  9.30e-02	  4.84e-02	0.00000e+00
  9.30e-02	  4.90e-02	0.00000e+00
  9.30e-02	  4.95e-02	0.00000e+00

  9.37e-02	  0.00e+00	0.00000e+00
  9.37e-02	  5.21e-04	0.00000e+00
  9.37e-02	  1.04e-03	0.00000e+00
  9.37e-02	  1.56e-03	0.00000e+00
  9.37e-02	  2.08e-03	0.00000e+00
  9.37e-02	  2.60e-03	0.00000e+00
  9.37e-02	  3.12e-03	0.00000e+00
  9.37e-02	  3.65e-03	0.00000e+00
  9.37e-02	  4.17e-03	-2.97334e-293
  9.37e-02	  4.69e-03	-1.93929e-260
  9.37e-02	  5.21e-03	-1.26426e-227
  9.37e-02	  5.73e-03	-8.23812e-195
  9.37e-02	  6.25e-03	-5.36770e-162
  9.37e-02	  6.77e-03	-3.49939e-129
  9.37e-02	  7.29e-03	-2.28416e-96
  9.37e-02	  7.81e-03	-1.49347e-63
  9.37e-02	  8.33e-03	-9.78249e-31
  9.37e-02	  8.85e-03	-2.80168e+02
  9.37e-02	  9.37e-03	-1.34881e+02
  9.37e-02	  9.90e-03	-4.60941e+01
  9.37e-02	  1.04e-02	1.26898e+01
  9.37e-02	  1.09e-02	1.88044e+01
  9.37e-02	  1.15e-02	1.67647e+01
  9.37e-02	  1.20e-02	1.38148e+01
  9.37e-02	  1.25e-02	1.01298e+01
  9.37e-02	  1.30e-02	6.47664e+00
  9.37e-02	  1.35e-02	3.67660e+00
  9.37e-02	  1.41e-02	1.95087e+00
  9.37e-02	  1.46e-02	1.01779e+00
  9.37e-02	  1.51e-02	5.37304e-01
  9.37e-02	  1.56e-02	2.91263e-01
  9.37e-02	  1.61e-02	1.64576e-01
  9.37e-02	  1.67e-02	9.88284e-02
  9.37e-02	  1.72e-02	6.40734e-02
  9.37e-02	  1.77e-02	4.49303e-02
  9.37e-02	  1.82e-02	3.36555e-02
  9.37e-02	  1.88e-02	2.64491e-02
  9.37e-02	  1.93e-02	2.14530e-02
  9.37e-02	  1.98e-02	1.77233e-02
  9.37e-02	  2.03e-02	1.47475e-02
  9.37e-02	  2.08e-02	1.22304e-02
  9.37e-02	  2.14e-02	9.99749e-03
  9.37e-02	  2.19e-02	7.94493e-03
  9.37e-02	  2.24e-02	6.01032e-03
  9.37e-02	  2.29e-02	4.15473e-03
  9.37e-02	  2.34e-02	2.35188e-03
  9.37e-02	  2.40e-02	5.81931e-04
  9.37e-02	  2.45e-02	-1.17196e-03
  9.37e-02	  2.50e-02	-2.92569e-03
  9.37e-02	  2.55e-02	-4.69579e-03
  9.37e-02	  2.60e-02	-6.50145e-03
  9.37e-02	  2.66e-02	-8.36786e-03
  9.37e-02	  2.71e-02	-1.03323e-02
  9.37e-02	  2.76e-02	-1.24547e-02
  9.37e-02	  2.81e-02	-1.48358e-02
  9.37e-02	  2.86e-02	-1.76470e-02
  9.37e-02	  2.92e-02	-2.11828e-02
  9.37e-02	  2.97e-02	-2.59654e-02
  9.37e-02	  3.02e-02	-3.29762e-02
  9.37e-02	  3.07e-02	-4.41737e-02
  9.37e-02	  3.13e-02	-6.35821e-02
  9.37e-02	  3.18e-02	-9.93842e-02
  9.37e-02	  3.23e-02	-1.67730e-01
  9.37e-02	  3.28e-02	-2.99795e-01
  9.37e-02	  3.33e-02	-5.55795e-01
  9.37e-02	  3.39e-02	-1.05317e+00
  9.37e-02	  3.44e-02	-2.01219e+00
  9.37e-02	  3.49e-02	-3.77182e+00
  9.37e-02	  3.54e-02	-6.60564e+00
  9.37e-02	  3.59e-02	-1.02831e+01
  9.37e-02	  3.65e-02	-1.39840e+01
  9.37e-02	  3.70e-02	-1.69449e+01
  9.37e-02	  3.75e-02	-1.89944e+01
  9.37e-02	  3.80e-02	-1.27686e+01
  9.37e-02	  3.85e-02	4.63684e+01
  9.37e-02	  3.91e-02	1.34942e+02
  9.37e-02	  3.96e-02	2.80707e+02
  9.37e-02	  4.01e-02	9.08985e-31
  9.37e-02	  4.06e-02	1.49700e-63
  9.37e-02	  4.11e-02	2.28941e-96
  9.37e-02	  4.17e-02	3.50720e-129
  9.37e-02	  4.22e-02	5.37933e-162
  9.37e-02	  4.27e-02	8.25544e-195
  9.37e-02	  4.32e-02	1.26684e-227
  9.37e-02	  4.37e-02	1.94315e-260
  9.37e-02	  4.43e-02	2.97915e-293
  9.37e-02	  4.48e-02	0.00000e+00
  9.37e-02	  4.53e-02	0.00000e+00
  9.37e-02	  4.58e-02	0.00000e+00
  9.37e-02	  4.64e-02	0.00000e+00
  9.37e-02	  4.69e-02	0.00000e+00
  9.37e-02	  4.74e-02	0.00000e+00
  9.37e-02	  4.79e-02	0.00000e+00
  9.37e-02	  4.84e-02	0.00000e+00
  9.37e-02	  4.90e-02	0.00000e+00
  9.37e-02	  4.95e-02	0.00000e+00

  9.45e-02	  0.00e+00	0.00000e+00
  9.45e-02	  5.21e-04	0.00000e+00
  9.45e-02	  1.04e-03	0.00000e+00
  9.45e-02	  1.56e-03	0.00000e+00
  9.45e-02	  2.08e-03	0.00000e+00
  9.45e-02	  2.60e-03	0.00000e+00
  9.45e-02	  3.12e-03	0.00000e+00
  9.45e-02	  3.65e-03	0.00000e+00
  9.45e-02	  4.17e-03	-2.97104e-293
  9.45e-02	  4.69e-03	-1.93774e-260
  9.45e-02	  5.21e-03	-1.26323e-227
  9.45e-02	  5.73e-03	-8.23141e-195
  9.45e-02	  6.25e-03	-5.36338e-162
  9.45e-02	  6.77e-03	-3.49664e-129
  9.45e-02	  7.29e-03	-2.28242e-96
  9.45e-02	  7.81e-03	-1.49238e-63
  9.45e-02	  8.33e-03	-9.77572e-31
  9.45e-02	  8.85e-03	-2.80026e+02
  9.45e-02	  9.37e-03	-1.34902e+02
  9.45e-02	  9.90e-03	-4.62881e+01
  9.45e-02	  1.04e-02	1.26373e+01
  9.45e-02	  1.09e-02	1.88139e+01
  9.45e-02	  1.15e-02	1.67924e+01
  9.45e-02	  1.20e-02	1.38504e+01
  9.45e-02	  1.25e-02	1.01683e+01
  9.45e-02	  1.30e-02	6.51103e+00
  9.45e-02	  1.35e-02	3.69962e+00
  9.45e-02	  1.41e-02	1.96154e+00
  9.45e-02	  1.46e-02	1.01997e+00
  9.45e-02	  1.51e-02	5.35129e-01
  9.45e-02	  1.56e-02	2.87457e-01
  9.45e-02	  1.61e-02	1.60575e-01
  9.45e-02	  1.67e-02	9.52487e-02
  9.45e-02	  1.72e-02	6.10865e-02
  9.45e-02	  1.77e-02	4.25028e-02
  9.45e-02	  1.82e-02	3.16876e-02
  9.45e-02	  1.88e-02	2.48403e-02
  9.45e-02	  1.93e-02	2.01250e-02
  9.45e-02	  1.98e-02	1.66221e-02
  9.45e-02	  2.03e-02	1.38377e-02
  9.45e-02	  2.08e-02	1.14897e-02
  9.45e-02	  2.14e-02	9.41134e-03
  9.45e-02	  2.19e-02	7.50394e-03
  9.45e-02	  2.24e-02	5.70830e-03
  9.45e-02	  2.29e-02	3.98774e-03
  9.45e-02	  2.34e-02	2.31774e-03
  9.45e-02	  2.40e-02	6.79942e-04
  9.45e-02	  2.45e-02	-9.41100e-04
  9.45e-02	  2.50e-02	-2.55989e-03
  9.45e-02	  2.55e-02	-4.19153e-03
  9.45e-02	  2.60e-02	-5.85360e-03
  9.45e-02	  2.66e-02	-7.56940e-03
  9.45e-02	  2.71e-02	-9.37371e-03
  9.45e-02	  2.76e-02	-1.13229e-02
  9.45e-02	  2.81e-02	-1.35123e-02
  9.45e-02	  2.86e-02	-1.61041e-02
  9.45e-02	  2.92e-02	-1.93786e-02
  9.45e-02	  2.97e-02	-2.38361e-02
  9.45e-02	  3.02e-02	-3.04285e-02
  9.45e-02	  3.07e-02	-4.10852e-02
  9.45e-02	  3.13e-02	-5.98236e-02
  9.45e-02	  3.18e-02	-9.48904e-02
  9.45e-02	  3.23e-02	-1.62655e-01
  9.45e-02	  3.28e-02	-2.94795e-01
  9.45e-02	  3.33e-02	-5.52490e-01
  9.45e-02	  3.39e-02	-1.05478e+00
  9.45e-02	  3.44e-02	-2.02387e+00
  9.45e-02	  3.49e-02	-3.79883e+00
  9.45e-02	  3.54e-02	-6.64776e+00
  9.45e-02	  3.59e-02	-1.03320e+01
  9.45e-02	  3.65e-02	-1.40301e+01
  9.45e-02	  3.70e-02	-1.69809e+01
  9.45e-02	  3.75e-02	-1.90064e+01
  9.45e-02	  3.80e-02	-1.27026e+01
  9.45e-02	  3.85e-02	4.65884e+01
  9.45e-02	  3.91e-02	1.34974e+02
  9.45e-02	  3.96e-02	2.80550e+02
  9.45e-02	  4.01e-02	9.08703e-31
  9.45e-02	  4.06e-02	1.49580e-63
  9.45e-02	  4.11e-02	2.28751e-96
  9.45e-02	  4.17e-02	3.50419e-129
  9.45e-02	  4.22e-02	5.37463e-162
  9.45e-02	  4.27e-02	8.24818e-195
  9.45e-02	  4.32e-02	1.26573e-227
  9.45e-02	  4.37e-02	1.94149e-260
  9.45e-02	  4.43e-02	2.97668e-293
  9.45e-02	  4.48e-02	0.00000e+00
  9.45e-02	  4.53e-02	0.00000e+00
  9.45e-02	  4.58e-02	0.00000e+00
  9.45e-02	  4.64e-02	0.00000e+00
  9.45e-02	  4.69e-02	0.00000e+00
  9.45e-02	  4.74e-02	0.00000e+00
  9.45e-02	  4.79e-02	0.00000e+00
  9.45e-02	  4.84e-02	0.00000e+00
  9.45e-02	  4.90e-02	0.00000e+00
  9.45e-02	  4.95e-02	0.00000e+00

  9.53e-02	  0.00e+00	0.00000e+00
  9.53e-02	  5.21e-04	0.00000e+00
  9.53e-02	  1.04e-03	0.00000e+00
  9.53e-02	  1.56e-03	0.00000e+00
  9.53e-02	  2.08e-03	0.00000e+00
  9.53e-02	  2.60e-03	0.00000e+00
  9.53e-02	  3.12e-03	0.00000e+00
  9.53e-02	  3.65e-03	0.00000e+00
  9.53e-02	  4.17e-03	-2.96876e-293
  9.53e-02	  4.69e-03	-1.93620e-260
  9.53e-02	  5.21e-03	-1.26220e-227
  9.53e-02	  5.73e-03	-8.22464e-195
  9.53e-02	  6.25e-03	-5.35898e-162
  9.53e-02	  6.77e-03	-3.49381e-129
  9.53e-02	  7.29e-03	-2.28062e-96
  9.53e-02	  7.81e-03	-1.49123e-63
  9.53e-02	  8.33e-03	-9.76844e-31
  9.53e-02	  8.85e-03	-2.79871e+02
  9.53e-02	  9.37e-03	-1.34922e+02
  9.53e-02	  9.90e-03	-4.64662e+01
  9.53e-02	  1.04e-02	1.25779e+01
  9.53e-02	  1.09e-02	1.88186e+01
  9.53e-02	  1.15e-02	1.68159e+01
  9.53e-02	  1.20e-02	1.38804e+01
  9.53e-02	  1.25e-02	1.01998e+01
  9.53e-02	  1.30e-02	6.53789e+00
  9.53e-02	  1.35e-02	3.71589e+00
  9.53e-02	  1.41e-02	1.96697e+00
  9.53e-02	  1.46e-02	1.01842e+00
  9.53e-02	  1.51e-02	5.30391e-01
  9.53e-02	  1.56e-02	2.81891e-01
  9.53e-02	  1.61e-02	1.55334e-01
  9.53e-02	  1.67e-02	9.07537e-02
  9.53e-02	  1.72e-02	5.73853e-02
  9.53e-02	  1.77e-02	3.94894e-02
  9.53e-02	  1.82e-02	2.92214e-02
  9.53e-02	  1.88e-02	2.27988e-02
  9.53e-02	  1.93e-02	1.84179e-02
  9.53e-02	  1.98e-02	1.51883e-02
  9.53e-02	  2.03e-02	1.26376e-02
  9.53e-02	  2.08e-02	1.04974e-02
  9.53e-02	  2.14e-02	8.60992e-03
  9.53e-02	  2.19e-02	6.88180e-03
  9.53e-02	  2.24e-02	5.25746e-03
  9.53e-02	  2.29e-02	3.70282e-03
  9.53e-02	  2.34e-02	2.19537e-03
  9.53e-02	  2.40e-02	7.18548e-04
  9.53e-02	  2.45e-02	-7.41451e-04
  9.53e-02	  2.50e-02	-2.19750e-03
  9.53e-02	  2.55e-02	-3.66302e-03
  9.53e-02	  2.60e-02	-5.15377e-03
  9.53e-02	  2.66e-02	-6.69091e-03
  9.53e-02	  2.71e-02	-8.30650e-03
  9.53e-02	  2.76e-02	-1.00532e-02
  9.53e-02	  2.81e-02	-1.20202e-02
  9.53e-02	  2.86e-02	-1.43605e-02
  9.53e-02	  2.92e-02	-1.73387e-02
  9.53e-02	  2.97e-02	-2.14306e-02
  9.53e-02	  3.02e-02	-2.75536e-02
  9.53e-02	  3.07e-02	-3.75966e-02
  9.53e-02	  3.13e-02	-5.55486e-02
  9.53e-02	  3.18e-02	-8.96832e-02
  9.53e-02	  3.23e-02	-1.56529e-01
  9.53e-02	  3.28e-02	-2.88176e-01
  9.53e-02	  3.33e-02	-5.46654e-01
  9.53e-02	  3.39e-02	-1.05249e+00
  9.53e-02	  3.44e-02	-2.02980e+00
  9.53e-02	  3.49e-02	-3.81816e+00
  9.53e-02	  3.54e-02	-6.68102e+00
  9.53e-02	  3.59e-02	-1.03723e+01
  9.53e-02	  3.65e-02	-1.40692e+01
  9.53e-02	  3.70e-02	-1.70113e+01
  9.53e-02	  3.75e-02	-1.90125e+01
  9.53e-02	  3.80e-02	-1.26296e+01
  9.53e-02	  3.85e-02	4.67895e+01
  9.53e-02	  3.91e-02	1.35004e+02
  9.53e-02	  3.96e-02	2.80379e+02
  9.53e-02	  4.01e-02	9.08408e-31
  9.53e-02	  4.06e-02	1.49454e-63
  9.53e-02	  4.11e-02	2.28553e-96
  9.53e-02	  4.17e-02	3.50112e-129
  9.53e-02	  4.22e-02	5.36986e-162
  9.53e-02	  4.27e-02	8.24086e-195
  9.53e-02	  4.32e-02	1.26463e-227
  9.53e-02	  4.37e-02	1.93983e-260
  9.53e-02	  4.43e-02	2.97423e-293
  9.53e-02	  4.48e-02	0.00000e+00
  9.53e-02	  4.53e-02	0.00000e+00
  9.53e-02	  4.58e-02	0.00000e+00
  9.53e-02	  4.64e-02	0.00000e+00
  9.53e-02	  4.69e-02	0.00000e+00
  9.53e-02	  4.74e-02	0.00000e+00
  9.53e-02	  4.79e-02	0.00000e+00
  9.53e-02	  4.84e-02	0.00000e+00
  9.53e-02	  4.90e-02	0.00000e+00
  9.53e-02	  4.95e-02	0.00000e+00

  9.61e-02	  0.00e+00	0.00000e+00
  9.61e-02	  5.21e-04	0.00000e+00
  9.61e-02	  1.04e-03	0.00000e+00
  9.61e-02	  1.56e-03	0.00000e+00
  9.61e-02	  2.08e-03	0.00000e+00
  9.61e-02	  2.60e-03	0.00000e+00
  9.61e-02	  3.12e-03	0.00000e+00
  9.61e-02	  3.65e-03	0.00000e+00
  9.61e-02	  4.17e-03	-2.96650e-293
  9.61e-02	  4.69e-03	-1.93467e-260
  9.61e-02	  5.21e-03	-1.26118e-227
  9.61e-02	  5.73e-03	-8.21787e-195
  9.61e-02	  6.25e-03	-5.35455e-162
  9.61e-02	  6.77e-03	-3.49094e-129
  9.61e-02	  7.29e-03	-2.27876e-96
  9.61e-02	  7.81e-03	-1.49003e-63
  9.61e-02	  8.33e-03	-9.76076e-31
  9.61e-02	  8.85e-03	-2.79704e+02
  9.61e-02	  9.37e-03	-1.34939e+02
  9.61e-02	  9.90e-03	-4.66255e+01
  9.61e-02	  1.04e-02	1.25131e+01
  9.61e-02	  1.09e-02	1.88182e+01
  9.61e-02	  1.15e-02	1.68344e+01
  9.61e-02	  1.20e-02	1.39039e+01
  9.61e-02	  1.25e-02	1.02233e+01
  9.61e-02	  1.30e-02	6.55647e+00
  9.61e-02	  1.35e-02	3.72499e+00
  9.61e-02	  1.41e-02	1.96707e+00
  9.61e-02	  1.46e-02	1.01322e+00
  9.61e-02	  1.51e-02	5.23258e-01
  9.61e-02	  1.56e-02	2.74748e-01
  9.61e-02	  1.61e-02	1.49017e-01
  9.61e-02	  1.67e-02	8.54827e-02
  9.61e-02	  1.72e-02	5.30849e-02
  9.61e-02	  1.77e-02	3.59850e-02
  9.61e-02	  1.82e-02	2.63361e-02
  9.61e-02	  1.88e-02	2.03914e-02
  9.61e-02	  1.93e-02	1.63885e-02
  9.61e-02	  1.98e-02	1.34704e-02
  9.61e-02	  2.03e-02	1.11881e-02
  9.61e-02	  2.08e-02	9.28808e-03
  9.61e-02	  2.14e-02	7.62167e-03
  9.61e-02	  2.19e-02	6.10134e-03
  9.61e-02	  2.24e-02	4.67541e-03
  9.61e-02	  2.29e-02	3.31257e-03
  9.61e-02	  2.34e-02	1.99260e-03
  9.61e-02	  2.40e-02	7.00902e-04
  9.61e-02	  2.45e-02	-5.74490e-04
  9.61e-02	  2.50e-02	-1.84465e-03
  9.61e-02	  2.55e-02	-3.12113e-03
  9.61e-02	  2.60e-02	-4.41772e-03
  9.61e-02	  2.66e-02	-5.75328e-03
  9.61e-02	  2.71e-02	-7.15702e-03
  9.61e-02	  2.76e-02	-8.67757e-03
  9.61e-02	  2.81e-02	-1.03982e-02
  9.61e-02	  2.86e-02	-1.24619e-02
  9.61e-02	  2.92e-02	-1.51169e-02
  9.61e-02	  2.97e-02	-1.88128e-02
  9.61e-02	  3.02e-02	-2.44276e-02
  9.61e-02	  3.07e-02	-3.37996e-02
  9.61e-02	  3.13e-02	-5.08695e-02
  9.61e-02	  3.18e-02	-8.39000e-02
  9.61e-02	  3.23e-02	-1.49515e-01
  9.61e-02	  3.28e-02	-2.80120e-01
  9.61e-02	  3.33e-02	-5.38458e-01
  9.61e-02	  3.39e-02	-1.04639e+00
  9.61e-02	  3.44e-02	-2.02990e+00
  9.61e-02	  3.49e-02	-3.82940e+00
  9.61e-02	  3.54e-02	-6.70472e+00
  9.61e-02	  3.59e-02	-1.04032e+01
  9.61e-02	  3.65e-02	-1.41003e+01
  9.61e-02	  3.70e-02	-1.70354e+01
  9.61e-02	  3.75e-02	-1.90124e+01
  9.61e-02	  3.80e-02	-1.25515e+01
  9.61e-02	  3.85e-02	4.69687e+01
  9.61e-02	  3.91e-02	1.35031e+02
  9.61e-02	  3.96e-02	2.80197e+02
  9.61e-02	  4.01e-02	9.08102e-31
  9.61e-02	  4.06e-02	1.49323e-63
  9.61e-02	  4.11e-02	2.28351e-96
  9.61e-02	  4.17e-02	3.49800e-129
  9.61e-02	  4.22e-02	5.36507e-162
  9.61e-02	  4.27e-02	8.23355e-195
  9.61e-02	  4.32e-02	1.26352e-227
  9.61e-02	  4.37e-02	1.93819e-260
  9.61e-02	  4.43e-02	2.97181e-293
  9.61e-02	  4.48e-02	0.00000e+00
  9.61e-02	  4.53e-02	0.00000e+00
  9.61e-02	  4.58e-02	0.00000e+00
  9.61e-02	  4.64e-02	0.00000e+00
  9.61e-02	  4.69e-02	0.00000e+00
  9.61e-02	  4.74e-02	0.00000e+00
  9.61e-02	  4.79e-02	0.00000e+00
  9.61e-02	  4.84e-02	0.00000e+00
  9.61e-02	  4.90e-02	0.00000e+00
  9.61e-02	  4.95e-02	0.00000e+00

  9.69e-02	  0.00e+00	0.00000e+00
  9.69e-02	  5.21e-04	0.00000e+00
  9.69e-02	  1.04e-03	0.00000e+00
  9.69e-02	  1.56e-03	0.00000e+00
  9.69e-02	  2.08e-03	0.00000e+00
  9.69e-02	  2.60e-03	0.00000e+00
  9.69e-02	  3.12e-03	0.00000e+00
  9.69e-02	  3.65e-03	0.00000e+00
  9.69e-02	  4.17e-03	-2.96427e-293
  9.69e-02	  4.69e-03	-1.93316e-260
  9.69e-02	  5.21e-03	-1.26016e-227
  9.69e-02	  5.73e-03	-8.21115e-195
  9.69e-02	  6.25e-03	-5.35014e-162
  9.69e-02	  6.77e-03	-3.48805e-129
  9.69e-02	  7.29e-03	-2.27689e-96
  9.69e-02	  7.81e-03	-1.48881e-63
  9.69e-02	  8.33e-03	-9.75280e-31
  9.69e-02	  8.85e-03	-2.79528e+02
  9.69e-02	  9.37e-03	-1.34952e+02
  9.69e-02	  9.90e-03	-4.67632e+01
  9.69e-02	  1.04e-02	1.24446e+01
  9.69e-02	  1.09e-02	1.88125e+01
  9.69e-02	  1.15e-02	1.68473e+01
  9.69e-02	  1.20e-02	1.39201e+01
  9.69e-02	  1.25e-02	1.02382e+01
  9.69e-02	  1.30e-02	6.56627e+00
  9.69e-02	  1.35e-02	3.72672e+00
  9.69e-02	  1.41e-02	1.96188e+00
  9.69e-02	  1.46e-02	1.00459e+00
  9.69e-02	  1.51e-02	5.13977e-01
  9.69e-02	  1.56e-02	2.66260e-01
  9.69e-02	  1.61e-02	1.41827e-01
  9.69e-02	  1.67e-02	7.96002e-02
  9.69e-02	  1.72e-02	4.83189e-02
  9.69e-02	  1.77e-02	3.20989e-02
  9.69e-02	  1.82e-02	2.31224e-02
  9.69e-02	  1.88e-02	1.76945e-02
  9.69e-02	  1.93e-02	1.41016e-02
  9.69e-02	  1.98e-02	1.15237e-02
  9.69e-02	  2.03e-02	9.53626e-03
  9.69e-02	  2.08e-02	7.90114e-03
  9.69e-02	  2.14e-02	6.47926e-03
  9.69e-02	  2.19e-02	5.18902e-03
  9.69e-02	  2.24e-02	3.98275e-03
  9.69e-02	  2.29e-02	2.83213e-03
  9.69e-02	  2.34e-02	1.71931e-03
  9.69e-02	  2.40e-02	6.31779e-04
  9.69e-02	  2.45e-02	-4.40456e-04
  9.69e-02	  2.50e-02	-1.50657e-03
  9.69e-02	  2.55e-02	-2.57620e-03
  9.69e-02	  2.60e-02	-3.66103e-03
  9.69e-02	  2.66e-02	-4.77758e-03
  9.69e-02	  2.71e-02	-5.95214e-03
  9.69e-02	  2.76e-02	-7.22931e-03
  9.69e-02	  2.81e-02	-8.68623e-03
  9.69e-02	  2.86e-02	-1.04559e-02
  9.69e-02	  2.92e-02	-1.27699e-02
  9.69e-02	  2.97e-02	-1.60500e-02
  9.69e-02	  3.02e-02	-2.11314e-02
  9.69e-02	  3.07e-02	-2.97932e-02
  9.69e-02	  3.13e-02	-4.59094e-02
  9.69e-02	  3.18e-02	-7.76955e-02
  9.69e-02	  3.23e-02	-1.41805e-01
  9.69e-02	  3.28e-02	-2.70856e-01
  9.69e-02	  3.33e-02	-5.28148e-01
  9.69e-02	  3.39e-02	-1.03668e+00
  9.69e-02	  3.44e-02	-2.02424e+00
  9.69e-02	  3.49e-02	-3.83237e+00
  9.69e-02	  3.54e-02	-6.71840e+00
  9.69e-02	  3.59e-02	-1.04241e+01
  9.69e-02	  3.65e-02	-1.41227e+01
  9.69e-02	  3.70e-02	-1.70524e+01
  9.69e-02	  3.75e-02	-1.90058e+01
  9.69e-02	  3.80e-02	-1.24699e+01
  9.69e-02	  3.85e-02	4.71236e+01
  9.69e-02	  3.91e-02	1.35053e+02
  9.69e-02	  3.96e-02	2.80005e+02
  9.69e-02	  4.01e-02	9.07786e-31
  9.69e-02	  4.06e-02	1.49189e-63
  9.69e-02	  4.11e-02	2.28147e-96
  9.69e-02	  4.17e-02	3.49487e-129
  9.69e-02	  4.22e-02	5.36030e-162
  9.69e-02	  4.27e-02	8.22631e-195
  9.69e-02	  4.32e-02	1.26244e-227
  9.69e-02	  4.37e-02	1.93657e-260
  9.69e-02	  4.43e-02	2.96943e-293
  9.69e-02	  4.48e-02	0.00000e+00
  9.69e-02	  4.53e-02	0.00000e+00
  9.69e-02	  4.58e-02	0.00000e+00
  9.69e-02	  4.64e-02	0.00000e+00
  9.69e-02	  4.69e-02	0.00000e+00
  9.69e-02	  4.74e-02	0.00000e+00
  9.69e-02	  4.79e-02	0.00000e+00
  9.69e-02	  4.84e-02	0.00000e+00
  9.69e-02	  4.90e-02	0.00000e+00
  9.69e-02	  4.95e-02	0.00000e+00

  9.77e-02	  0.00e+00	0.00000e+00
  9.77e-02	  5.21e-04	0.00000e+00
  9.77e-02	  1.04e-03	0.00000e+00
  9.77e-02	  1.56e-03	0.00000e+00
  9.77e-02	  2.08e-03	0.00000e+00
  9.77e-02	  2.60e-03	0.00000e+00
  9.77e-02	  3.12e-03	0.00000e+00
  9.77e-02	  3.65e-03	0.00000e+00
  9.77e-02	  4.17e-03	-2.96209e-293
  9.77e-02	  4.69e-03	-1.93168e-260
  9.77e-02	  5.21e-03	-1.25917e-227
  9.77e-02	  5.73e-03	-8.20453e-195
  9.77e-02	  6.25e-03	-5.34578e-162
  9.77e-02	  6.77e-03	-3.48519e-129
  9.77e-02	  7.29e-03	-2.27500e-96
  9.77e-02	  7.81e-03	-1.48757e-63
  9.77e-02	  8.33e-03	-9.74464e-31
  9.77e-02	  8.85e-03	-2.79345e+02
  9.77e-02	  9.37e-03	-1.34962e+02
  9.77e-02	  9.90e-03	-4.68774e+01
  9.77e-02	  1.04e-02	1.23739e+01
  9.77e-02	  1.09e-02	1.88012e+01
  9.77e-02	  1.15e-02	1.68539e+01
  9.77e-02	  1.20e-02	1.39285e+01
  9.77e-02	  1.25e-02	1.02441e+01
  9.77e-02	  1.30e-02	6.56706e+00
  9.77e-02	  1.35e-02	3.72110e+00
  9.77e-02	  1.41e-02	1.95165e+00
  9.77e-02	  1.46e-02	9.92850e-01
  9.77e-02	  1.51e-02	5.02870e-01
  9.77e-02	  1.56e-02	2.56711e-01
  9.77e-02	  1.61e-02	1.33993e-01
  9.77e-02	  1.67e-02	7.32914e-02
  9.77e-02	  1.72e-02	4.32352e-02
  9.77e-02	  1.77e-02	2.79509e-02
  9.77e-02	  1.82e-02	1.96792e-02
  9.77e-02	  1.88e-02	1.47911e-02
  9.77e-02	  1.93e-02	1.16276e-02
  9.77e-02	  1.98e-02	9.40791e-03
  9.77e-02	  2.03e-02	7.73261e-03
  9.77e-02	  2.08e-02	6.37918e-03
  9.77e-02	  2.14e-02	5.21802e-03
  9.77e-02	  2.19e-02	4.17351e-03
  9.77e-02	  2.24e-02	3.20203e-03
  9.77e-02	  2.29e-02	2.27826e-03
  9.77e-02	  2.34e-02	1.38678e-03
  9.77e-02	  2.40e-02	5.17216e-04
  9.77e-02	  2.45e-02	-3.38470e-04
  9.77e-02	  2.50e-02	-1.18753e-03
  9.77e-02	  2.55e-02	-2.03766e-03
  9.77e-02	  2.60e-02	-2.89849e-03
  9.77e-02	  2.66e-02	-3.78419e-03
  9.77e-02	  2.71e-02	-4.71818e-03
  9.77e-02	  2.76e-02	-5.74110e-03
  9.77e-02	  2.81e-02	-6.92410e-03
  9.77e-02	  2.86e-02	-8.39038e-03
  9.77e-02	  2.92e-02	-1.03546e-02
  9.77e-02	  2.97e-02	-1.32104e-02
  9.77e-02	  3.02e-02	-1.77479e-02
  9.77e-02	  3.07e-02	-2.56804e-02
  9.77e-02	  3.13e-02	-4.07989e-02
  9.77e-02	  3.18e-02	-7.12378e-02
  9.77e-02	  3.23e-02	-1.33617e-01
  9.77e-02	  3.28e-02	-2.60653e-01
  9.77e-02	  3.33e-02	-5.16039e-01
  9.77e-02	  3.39e-02	-1.02371e+00
  9.77e-02	  3.44e-02	-2.01307e+00
  9.77e-02	  3.49e-02	-3.82714e+00
  9.77e-02	  3.54e-02	-6.72187e+00
  9.77e-02	  3.59e-02	-1.04346e+01
  9.77e-02	  3.65e-02	-1.41360e+01
  9.77e-02	  3.70e-02	-1.70619e+01
  9.77e-02	  3.75e-02	-1.89924e+01
  9.77e-02	  3.80e-02	-1.23864e+01
  9.77e-02	  3.85e-02	4.72520e+01
  9.77e-02	  3.91e-02	1.35070e+02
  9.77e-02	  3.96e-02	2.79806e+02
  9.77e-02	  4.01e-02	9.07461e-31
  9.77e-02	  4.06e-02	1.49055e-63
  9.77e-02	  4.11e-02	2.27942e-96
  9.77e-02	  4.17e-02	3.49176e-129
  9.77e-02	  4.22e-02	5.35558e-162
  9.77e-02	  4.27e-02	8.21918e-195
  9.77e-02	  4.32e-02	1.26137e-227
  9.77e-02	  4.37e-02	1.93499e-260
  9.77e-02	  4.43e-02	2.96710e-293
  9.77e-02	  4.48e-02	0.00000e+00
  9.77e-02	  4.53e-02	0.00000e+00
  9.77e-02	  4.58e-02	0.00000e+00
  9.77e-02	  4.64e-02	0.00000e+00
  9.77e-02	  4.69e-02	0.00000e+00
  9.77e-02	  4.74e-02	0.00000e+00
  9.77e-02	  4.79e-02	0.00000e+00
  9.77e-02	  4.84e-02	0.00000e+00
  9.77e-02	  4.90e-02	0.00000e+00
  9.77e-02	  4.95e-02	0.00000e+00

  9.84e-02	  0.00e+00	0.00000e+00
  9.84e-02	  5.21e-04	0.00000e+00
  9.84e-02	  1.04e-03	0.00000e+00
  9.84e-02	  1.56e-03	0.00000e+00
  9.84e-02	  2.08e-03	0.00000e+00
  9.84e-02	  2.60e-03	0.00000e+00
  9.84e-02	  3.12e-03	0.00000e+00
  9.84e-02	  3.65e-03	0.00000e+00
  9.84e-02	  4.17e-03	-2.95995e-293
  9.84e-02	  4.69e-03	-1.93023e-260
  9.84e-02	  5.21e-03	-1.25820e-227
  9.84e-02	  5.73e-03	-8.19807e-195
  9.84e-02	  6.25e-03	-5.34150e-162
  9.84e-02	  6.77e-03	-3.48237e-129
  9.84e-02	  7.29e-03	-2.27314e-96
  9.84e-02	  7.81e-03	-1.48634e-63
  9.84e-02	  8.33e-03	-9.73641e-31
  9.84e-02	  8.85e-03	-2.79158e+02
  9.84e-02	  9.37e-03	-1.34966e+02
  9.84e-02	  9.90e-03	-4.69665e+01
  9.84e-02	  1.04e-02	1.23021e+01
  9.84e-02	  1.09e-02	1.87841e+01
  9.84e-02	  1.15e-02	1.68539e+01
  9.84e-02	  1.20e-02	1.39288e+01
  9.84e-02	  1.25e-02	1.02408e+01
  9.84e-02	  1.30e-02	6.55886e+00
  9.84e-02	  1.35e-02	3.70839e+00
  9.84e-02	  1.41e-02	1.93678e+00
  9.84e-02	  1.46e-02	9.78423e-01
  9.84e-02	  1.51e-02	4.90329e-01
  9.84e-02	  1.56e-02	2.46422e-01
  9.84e-02	  1.61e-02	1.25771e-01
  9.84e-02	  1.67e-02	6.67559e-02
  9.84e-02	  1.72e-02	3.79907e-02
  9.84e-02	  1.77e-02	2.36667e-02
  9.84e-02	  1.82e-02	1.61094e-02
  9.84e-02	  1.88e-02	1.17668e-02
  9.84e-02	  1.93e-02	9.03880e-03
  9.84e-02	  1.98e-02	7.18426e-03
  9.84e-02	  2.03e-02	5.82901e-03
  9.84e-02	  2.08e-02	4.76573e-03
  9.84e-02	  2.14e-02	3.87407e-03
  9.84e-02	  2.19e-02	3.08423e-03
  9.84e-02	  2.24e-02	2.35650e-03
  9.84e-02	  2.29e-02	1.66848e-03
  9.84e-02	  2.34e-02	1.00711e-03
  9.84e-02	  2.40e-02	3.64091e-04
  9.84e-02	  2.45e-02	-2.66722e-04
  9.84e-02	  2.50e-02	-8.90743e-04
  9.84e-02	  2.55e-02	-1.51380e-03
  9.84e-02	  2.60e-02	-2.14358e-03
  9.84e-02	  2.66e-02	-2.79204e-03
  9.84e-02	  2.71e-02	-3.47984e-03
  9.84e-02	  2.76e-02	-4.24391e-03
  9.84e-02	  2.81e-02	-5.14970e-03
  9.84e-02	  2.86e-02	-6.31095e-03
  9.84e-02	  2.92e-02	-7.92605e-03
  9.84e-02	  2.97e-02	-1.03607e-02
  9.84e-02	  3.02e-02	-1.43590e-02
  9.84e-02	  3.07e-02	-2.15642e-02
  9.84e-02	  3.13e-02	-3.56714e-02
  9.84e-02	  3.18e-02	-6.47034e-02
  9.84e-02	  3.23e-02	-1.25184e-01
  9.84e-02	  3.28e-02	-2.49819e-01
  9.84e-02	  3.33e-02	-5.02514e-01
  9.84e-02	  3.39e-02	-1.00789e+00
  9.84e-02	  3.44e-02	-1.99681e+00
  9.84e-02	  3.49e-02	-3.81400e+00
  9.84e-02	  3.54e-02	-6.71519e+00
  9.84e-02	  3.59e-02	-1.04346e+01
  9.84e-02	  3.65e-02	-1.41397e+01
  9.84e-02	  3.70e-02	-1.70633e+01
  9.84e-02	  3.75e-02	-1.89722e+01
  9.84e-02	  3.80e-02	-1.23022e+01
  9.84e-02	  3.85e-02	4.73526e+01
  9.84e-02	  3.91e-02	1.35082e+02
  9.84e-02	  3.96e-02	2.79603e+02
  9.84e-02	  4.01e-02	9.07130e-31
  9.84e-02	  4.06e-02	1.48920e-63
  9.84e-02	  4.11e-02	2.27739e-96
  9.84e-02	  4.17e-02	3.48870e-129
  9.84e-02	  4.22e-02	5.35096e-162
  9.84e-02	  4.27e-02	8.21222e-195
  9.84e-02	  4.32e-02	1.26033e-227
  9.84e-02	  4.37e-02	1.93344e-260
  9.84e-02	  4.43e-02	2.96482e-293
  9.84e-02	  4.48e-02	0.00000e+00
  9.84e-02	  4.53e-02	0.00000e+00
  9.84e-02	  4.58e-02	0.00000e+00
  9.84e-02	  4.64e-02	0.00000e+00
  9.84e-02	  4.69e-02	0.00000e+00
  9.84e-02	  4.74e-02	0.00000e+00
  9.84e-02	  4.79e-02	0.00000e+00
  9.84e-02	  4.84e-02	0.00000e+00
  9.84e-02	  4.90e-02	0.00000e+00
  9.84e-02	  4.95e-02	0.00000e+00

  9.92e-02	  0.00e+00	0.00000e+00
  9.92e-02	  5.21e-04	0.00000e+00
  9.92e-02	  1.04e-03	0.00000e+00
  9.92e-02	  1.56e-03	0.00000e+00
  9.92e-02	  2.08e-03	0.00000e+00
  9.92e-02	  2.60e-03	0.00000e+00
  9.92e-02	  3.12e-03	0.00000e+00
  9.92e-02	  3.65e-03	0.00000e+00
  9.92e-02	  4.17e-03	-2.95787e-293
  9.92e-02	  4.69e-03	-1.92883e-260
  9.92e-02	  5.21e-03	-1.25726e-227
  9.92e-02	  5.73e-03	-8.19179e-195
  9.92e-02	  6.25e-03	-5.33734e-162
  9.92e-02	  6.77e-03	-3.47961e-129
  9.92e-02	  7.29e-03	-2.27131e-96
  9.92e-02	  7.81e-03	-1.48511e-63
  9.92e-02	  8.33e-03	-9.72820e-31
  9.92e-02	  8.85e-03	-2.78969e+02
  9.92e-02	  9.37e-03	-1.34965e+02
  9.92e-02	  9.90e-03	-4.70296e+01
  9.92e-02	  1.04e-02	1.22304e+01
  9.92e-02	  1.09e-02	1.87614e+01
  9.92e-02	  1.15e-02	1.68470e+01
  9.92e-02	  1.20e-02	1.39208e+01
  9.92e-02	  1.25e-02	1.02281e+01
  9.92e-02	  1.30e-02	6.54195e+00
  9.92e-02	  1.35e-02	3.68908e+00
  9.92e-02	  1.41e-02	1.91783e+00
  9.92e-02	  1.46e-02	9.61845e-01
  9.92e-02	  1.51e-02	4.76798e-01
  9.92e-02	  1.56e-02	2.35746e-01
  9.92e-02	  1.61e-02	1.17432e-01
  9.92e-02	  1.67e-02	6.01993e-02
  9.92e-02	  1.72e-02	3.27443e-02
  9.92e-02	  1.77e-02	1.93717e-02
  9.92e-02	  1.82e-02	1.25145e-02
  9.92e-02	  1.88e-02	8.70575e-03
  9.92e-02	  1.93e-02	6.40566e-03
  9.92e-02	  1.98e-02	4.91231e-03
  9.92e-02	  2.03e-02	3.87571e-03
  9.92e-02	  2.08e-02	3.10300e-03
  9.92e-02	  2.14e-02	2.48247e-03
  9.92e-02	  2.19e-02	1.94975e-03
  9.92e-02	  2.24e-02	1.46884e-03
  9.92e-02	  2.29e-02	1.02002e-03
  9.92e-02	  2.34e-02	5.92431e-04
  9.92e-02	  2.40e-02	1.79655e-04
  9.92e-02	  2.45e-02	-2.22694e-04
  9.92e-02	  2.50e-02	-6.18359e-04
  9.92e-02	  2.55e-02	-1.01149e-03
  9.92e-02	  2.60e-02	-1.40799e-03
  9.92e-02	  2.66e-02	-1.81781e-03
  9.92e-02	  2.71e-02	-2.25917e-03
  9.92e-02	  2.76e-02	-2.76559e-03
  9.92e-02	  2.81e-02	-3.39731e-03
  9.92e-02	  2.86e-02	-4.25933e-03
  9.92e-02	  2.92e-02	-5.53478e-03
  9.92e-02	  2.97e-02	-7.56261e-03
  9.92e-02	  3.02e-02	-1.10417e-02
  9.92e-02	  3.07e-02	-1.75434e-02
  9.92e-02	  3.13e-02	-3.06578e-02
  9.92e-02	  3.18e-02	-5.82701e-02
  9.92e-02	  3.23e-02	-1.16751e-01
  9.92e-02	  3.28e-02	-2.38687e-01
  9.92e-02	  3.33e-02	-4.88012e-01
  9.92e-02	  3.39e-02	-9.89780e-01
  9.92e-02	  3.44e-02	-1.97605e+00
  9.92e-02	  3.49e-02	-3.79347e+00
  9.92e-02	  3.54e-02	-6.69868e+00
  9.92e-02	  3.59e-02	-1.04239e+01
  9.92e-02	  3.65e-02	-1.41336e+01
  9.92e-02	  3.70e-02	-1.70563e+01
  9.92e-02	  3.75e-02	-1.89450e+01
  9.92e-02	  3.80e-02	-1.22187e+01
  9.92e-02	  3.85e-02	4.74244e+01
  9.92e-02	  3.91e-02	1.35087e+02
  9.92e-02	  3.96e-02	2.79398e+02
  9.92e-02	  4.01e-02	9.06794e-31
  9.92e-02	  4.06e-02	1.48786e-63
  9.92e-02	  4.11e-02	2.27540e-96
  9.92e-02	  4.17e-02	3.48571e-129
  9.92e-02	  4.22e-02	5.34646e-162
  9.92e-02	  4.27e-02	8.20546e-195
  9.92e-02	  4.32e-02	1.25931e-227
  9.92e-02	  4.37e-02	1.93194e-260
  9.92e-02	  4.43e-02	2.96261e-293
  9.92e-02	  4.48e-02	0.00000e+00
  9.92e-02	  4.53e-02	0.00000e+00
  9.92e-02	  4.58e-02	0.00000e+00
  9.92e-02	  4.64e-02	0.00000e+00
  9.92e-02	  4.69e-02	0.00000e+00
  9.92e-02	  4.74e-02	0.00000e+00
  9.92e-02	  4.79e-02	0.00000e+00
  9.92e-02	  4.84e-02	0.00000e+00
  9.92e-02	  4.90e-02	0.00000e+00
  9.92e-02	  4.95e-02	0.00000e+00

  1.00e-01	  0.00e+00	0.00000e+00
  1.00e-01	  5.21e-04	0.00000e+00
  1.00e-01	  1.04e-03	0.00000e+00
  1.00e-01	  1.56e-03	0.00000e+00
  1.00e-01	  2.08e-03	0.00000e+00
  1.00e-01	  2.60e-03	0.00000e+00
  1.00e-01	  3.12e-03	0.00000e+00
  1.00e-01	  3.65e-03	0.00000e+00
  1.00e-01	  4.17e-03	-2.95586e-293
  1.00e-01	  4.69e-03	-1.92747e-260
  1.00e-01	  5.21e-03	-1.25634e-227
  1.00e-01	  5.73e-03	-8.18572e-195
  1.00e-01	  6.25e-03	-5.33332e-162
  1.00e-01	  6.77e-03	-3.47695e-129
  1.00e-01	  7.29e-03	-2.26954e-96
  1.00e-01	  7.81e-03	-1.48392e-63
  1.00e-01	  8.33e-03	-9.72011e-31
  1.00e-01	  8.85e-03	-2.78781e+02
  1.00e-01	  9.37e-03	-1.34959e+02
  1.00e-01	  9.90e-03	-4.70661e+01
  1.00e-01	  1.04e-02	1.21597e+01
  1.00e-01	  1.09e-02	1.87328e+01
  1.00e-01	  1.15e-02	1.68331e+01
  1.00e-01	  1.20e-02	1.39044e+01
  1.00e-01	  1.25e-02	1.02066e+01
  1.00e-01	  1.30e-02	6.51686e+00
  1.00e-01	  1.35e-02	3.66385e+00
  1.00e-01	  1.41e-02	1.89550e+00
  1.00e-01	  1.46e-02	9.43729e-01
  1.00e-01	  1.51e-02	4.62764e-01
  1.00e-01	  1.56e-02	2.25049e-01
  1.00e-01	  1.61e-02	1.09246e-01
  1.00e-01	  1.67e-02	5.38228e-02
  1.00e-01	  1.72e-02	2.76478e-02
  1.00e-01	  1.77e-02	1.51841e-02
  1.00e-01	  1.82e-02	8.98925e-03
  1.00e-01	  1.88e-02	5.68571e-03
  1.00e-01	  1.93e-02	3.79306e-03
  1.00e-01	  1.98e-02	2.64661e-03
  1.00e-01	  2.03e-02	1.91867e-03
  1.00e-01	  2.08e-02	1.42951e-03
  1.00e-01	  2.14e-02	1.07522e-03
  1.00e-01	  2.19e-02	7.96300e-04
  1.00e-01	  2.24e-02	5.59973e-04
  1.00e-01	  2.29e-02	3.48928e-04
  1.00e-01	  2.34e-02	1.54212e-04
  1.00e-01	  2.40e-02	-2.89434e-05
  1.00e-01	  2.45e-02	-2.03422e-04
  1.00e-01	  2.50e-02	-3.71527e-04
  1.00e-01	  2.55e-02	-5.35975e-04
  1.00e-01	  2.60e-02	-7.01156e-04
  1.00e-01	  2.66e-02	-8.75335e-04
  1.00e-01	  2.71e-02	-1.07461e-03
  1.00e-01	  2.76e-02	-1.32961e-03
  1.00e-01	  2.81e-02	-1.69600e-03
  1.00e-01	  2.86e-02	-2.27110e-03
  1.00e-01	  2.92e-02	-3.22426e-03
  1.00e-01	  2.97e-02	-4.86984e-03
  1.00e-01	  3.02e-02	-7.86392e-03
  1.00e-01	  3.07e-02	-1.37070e-02
  1.00e-01	  3.13e-02	-2.58790e-02
  1.00e-01	  3.18e-02	-5.21079e-02
  1.00e-01	  3.23e-02	-1.08561e-01
  1.00e-01	  3.28e-02	-2.27600e-01
  1.00e-01	  3.33e-02	-4.73006e-01
  1.00e-01	  3.39e-02	-9.69984e-01
  1.00e-01	  3.44e-02	-1.95151e+00
  1.00e-01	  3.49e-02	-3.76626e+00
  1.00e-01	  3.54e-02	-6.67288e+00
  1.00e-01	  3.59e-02	-1.04030e+01
  1.00e-01	  3.65e-02	-1.41179e+01
  1.00e-01	  3.70e-02	-1.70410e+01
  1.00e-01	  3.75e-02	-1.89109e+01
  1.00e-01	  3.80e-02	-1.21367e+01
  1.00e-01	  3.85e-02	4.74670e+01
  1.00e-01	  3.91e-02	1.35085e+02
  1.00e-01	  3.96e-02	2.79193e+02
  1.00e-01	  4.01e-02	9.06455e-31
  1.00e-01	  4.06e-02	1.48656e-63
  1.00e-01	  4.11e-02	2.27347e-96
  1.00e-01	  4.17e-02	3.48282e-129
  1.00e-01	  4.22e-02	5.34211e-162
  1.00e-01	  4.27e-02	8.19892e-195
  1.00e-01	  4.32e-02	1.25834e-227
  1.00e-01	  4.37e-02	1.93049e-260
  1.00e-01	  4.43e-02	2.96046e-293
  1.00e-01	  4.48e-02	0.00000e+00
  1.00e-01	  4.53e-02	0.00000e+00
  1.00e-01	  4.58e-02	0.00000e+00
  1.00e-01	  4.64e-02	0.00000e+00
  1.00e-01	  4.69e-02	0.00000e+00
  1.00e-01	  4.74e-02	0.00000e+00
  1.00e-01	  4.79e-02	0.00000e+00
  1.00e-01	  4.84e-02	0.00000e+00
  1.00e-01	  4.90e-02	0.00000e+00
  1.00e-01	  4.95e-02	0.00000e+00

  1.01e-01	  0.00e+00	0.00000e+00
  1.01e-01	  5.21e-04	0.00000e+00
  1.01e-01	  1.04e-03	0.00000e+00
  1.01e-01	  1.56e-03	0.00000e+00
  1.01e-01	  2.08e-03	0.00000e+00
  1.01e-01	  2.60e-03	0.00000e+00
  1.01e-01	  3.12e-03	0.00000e+00
  1.01e-01	  3.65e-03	0.00000e+00
  1.01e-01	  4.17e-03	-2.95390e-293
  1.01e-01	  4.69e-03	-1.92615e-260
  1.01e-01	  5.21e-03	-1.25546e-227
  1.01e-01	  5.73e-03	-8.17988e-195
  1.01e-01	  6.25e-03	-5.32946e-162
  1.01e-01	  6.77e-03	-3.47439e-129
  1.01e-01	  7.29e-03	-2.26783e-96
  1.01e-01	  7.81e-03	-1.48276e-63
  1.01e-01	  8.33e-03	-9.71221e-31
  1.01e-01	  8.85e-03	-2.78596e+02
  1.01e-01	  9.37e-03	-1.34946e+02
  1.01e-01	  9.90e-03	-4.70763e+01
  1.01e-01	  1.04e-02	1.20906e+01
  1.01e-01	  1.09e-02	1.86984e+01
  1.01e-01	  1.15e-02	1.68121e+01
  1.01e-01	  1.20e-02	1.38799e+01
  1.01e-01	  1.25e-02	1.01765e+01
  1.01e-01	  1.30e-02	6.48434e+00
  1.01e-01	  1.35e-02	3.63360e+00
  1.01e-01	  1.41e-02	1.87062e+00
  1.01e-01	  1.46e-02	9.24741e-01
  1.01e-01	  1.51e-02	4.48724e-01
  1.01e-01	  1.56e-02	2.14690e-01
  1.01e-01	  1.61e-02	1.01469e-01
  1.01e-01	  1.67e-02	4.78105e-02
  1.01e-01	  1.72e-02	2.28372e-02
  1.01e-01	  1.77e-02	1.12076e-02
  1.01e-01	  1.82e-02	5.61555e-03
  1.01e-01	  1.88e-02	2.77326e-03
  1.01e-01	  1.93e-02	1.25628e-03
  1.01e-01	  1.98e-02	4.33534e-04
  1.01e-01	  2.03e-02	-3.05913e-06
  1.01e-01	  2.08e-02	-2.21930e-04
  1.01e-01	  2.14e-02	-3.20327e-04
  1.01e-01	  2.19e-02	-3.53680e-04
  1.01e-01	  2.24e-02	-3.52059e-04
  1.01e-01	  2.29e-02	-3.30816e-04
  1.01e-01	  2.34e-02	-2.97351e-04
  1.01e-01	  2.40e-02	-2.55105e-04
  1.01e-01	  2.45e-02	-2.05761e-04
  1.01e-01	  2.50e-02	-1.50482e-04
  1.01e-01	  2.55e-02	-9.08536e-05
  1.01e-01	  2.60e-02	-3.00815e-05
  1.01e-01	  2.66e-02	2.48997e-05
  1.01e-01	  2.71e-02	5.96504e-05
  1.01e-01	  2.76e-02	4.58841e-05
  1.01e-01	  2.81e-02	-6.83795e-05
  1.01e-01	  2.86e-02	-3.73991e-04
  1.01e-01	  2.92e-02	-1.02858e-03
  1.01e-01	  2.97e-02	-2.32496e-03
  1.01e-01	  3.02e-02	-4.88047e-03
  1.01e-01	  3.07e-02	-1.01285e-02
  1.01e-01	  3.13e-02	-2.14389e-02
  1.01e-01	  3.18e-02	-4.63687e-02
  1.01e-01	  3.23e-02	-1.00840e-01
  1.01e-01	  3.28e-02	-2.16896e-01
  1.01e-01	  3.33e-02	-4.57987e-01
  1.01e-01	  3.39e-02	-9.49182e-01
  1.01e-01	  3.44e-02	-1.92404e+00
  1.01e-01	  3.49e-02	-3.73330e+00
  1.01e-01	  3.54e-02	-6.63857e+00
  1.01e-01	  3.59e-02	-1.03724e+01
  1.01e-01	  3.65e-02	-1.40926e+01
  1.01e-01	  3.70e-02	-1.70173e+01
  1.01e-01	  3.75e-02	-1.88701e+01
  1.01e-01	  3.80e-02	-1.20571e+01
  1.01e-01	  3.85e-02	4.74803e+01
  1.01e-01	  3.91e-02	1.35077e+02
  1.01e-01	  3.96e-02	2.78992e+02
  1.01e-01	  4.01e-02	9.06116e-31
  1.01e-01	  4.06e-02	1.48530e-63
  1.01e-01	  4.11e-02	2.27160e-96
  1.01e-01	  4.17e-02	3.48004e-129
  1.01e-01	  4.22e-02	5.33794e-162
  1.01e-01	  4.27e-02	8.19265e-195
  1.01e-01	  4.32e-02	1.25739e-227
  1.01e-01	  4.37e-02	1.92908e-260
  1.01e-01	  4.43e-02	2.95838e-293
  1.01e-01	  4.48e-02	0.00000e+00
  1.01e-01	  4.53e-02	0.00000e+00
  1.01e-01	  4.58e-02	0.00000e+00
  1.01e-01	  4.64e-02	0.00000e+00
  1.01e-01	  4.69e-02	0.00000e+00
  1.01e-01	  4.74e-02	0.00000e+00
  1.01e-01	  4.79e-02	0.00000e+00
  1.01e-01	  4.84e-02	0.00000e+00
  1.01e-01	  4.90e-02	0.00000e+00
  1.01e-01	  4.95e-02	0.00000e+00

  1.02e-01	  0.00e+00	0.00000e+00
  1.02e-01	  5.21e-04	0.00000e+00
  1.02e-01	  1.04e-03	0.00000e+00
  1.02e-01	  1.56e-03	0.00000e+00
  1.02e-01	  2.08e-03	0.00000e+00
  1.02e-01	  2.60e-03	0.00000e+00
  1.02e-01	  3.12e-03	0.00000e+00
  1.02e-01	  3.65e-03	0.00000e+00
  1.02e-01	  4.17e-03	-2.95202e-293
  1.02e-01	  4.69e-03	-1.92489e-260
  1.02e-01	  5.21e-03	-1.25462e-227
  1.02e-01	  5.73e-03	-8.17430e-195
  1.02e-01	  6.25e-03	-5.32578e-162
  1.02e-01	  6.77e-03	-3.47195e-129
  1.02e-01	  7.29e-03	-2.26619e-96
  1.02e-01	  7.81e-03	-1.48165e-63
  1.02e-01	  8.33e-03	-9.70459e-31
  1.02e-01	  8.85e-03	-2.78415e+02
  1.02e-01	  9.37e-03	-1.34928e+02
  1.02e-01	  9.90e-03	-4.70607e+01
  1.02e-01	  1.04e-02	1.20238e+01
  1.02e-01	  1.09e-02	1.86585e+01
  1.02e-01	  1.15e-02	1.67842e+01
  1.02e-01	  1.20e-02	1.38477e+01
  1.02e-01	  1.25e-02	1.01387e+01
  1.02e-01	  1.30e-02	6.44538e+00
  1.02e-01	  1.35e-02	3.59936e+00
  1.02e-01	  1.41e-02	1.84408e+00
  1.02e-01	  1.46e-02	9.05560e-01
  1.02e-01	  1.51e-02	4.35161e-01
  1.02e-01	  1.56e-02	2.05000e-01
  1.02e-01	  1.61e-02	9.43265e-02
  1.02e-01	  1.67e-02	4.23171e-02
  1.02e-01	  1.72e-02	1.84225e-02
  1.02e-01	  1.77e-02	7.52393e-03
  1.02e-01	  1.82e-02	2.45698e-03
  1.02e-01	  1.88e-02	1.96862e-05
  1.02e-01	  1.93e-02	-1.16225e-03
  1.02e-01	  1.98e-02	-1.69128e-03
  1.02e-01	  2.03e-02	-1.85939e-03
  1.02e-01	  2.08e-02	-1.82590e-03
  1.02e-01	  2.14e-02	-1.68285e-03
  1.02e-01	  2.19e-02	-1.48251e-03
  1.02e-01	  2.24e-02	-1.25291e-03
  1.02e-01	  2.29e-02	-1.00793e-03
  1.02e-01	  2.34e-02	-7.53856e-04
  1.02e-01	  2.40e-02	-4.93157e-04
  1.02e-01	  2.45e-02	-2.26658e-04
  1.02e-01	  2.50e-02	4.52868e-05
  1.02e-01	  2.55e-02	3.21888e-04
  1.02e-01	  2.60e-02	6.00765e-04
  1.02e-01	  2.66e-02	8.75911e-04
  1.02e-01	  2.71e-02	1.13405e-03
  1.02e-01	  2.76e-02	1.34858e-03
  1.02e-01	  2.81e-02	1.47027e-03
  1.02e-01	  2.86e-02	1.41322e-03
  1.02e-01	  2.92e-02	1.02912e-03
  1.02e-01	  2.97e-02	4.28251e-05
  1.02e-01	  3.02e-02	-2.12982e-03
  1.02e-01	  3.07e-02	-6.86178e-03
  1.02e-01	  3.13e-02	-1.74169e-02
  1.02e-01	  3.18e-02	-4.11755e-02
  1.02e-01	  3.23e-02	-9.37820e-02
  1.02e-01	  3.28e-02	-2.06882e-01
  1.02e-01	  3.33e-02	-4.43427e-01
  1.02e-01	  3.39e-02	-9.28063e-01
  1.02e-01	  3.44e-02	-1.89458e+00
  1.02e-01	  3.49e-02	-3.69566e+00
  1.02e-01	  3.54e-02	-6.59677e+00
  1.02e-01	  3.59e-02	-1.03326e+01
  1.02e-01	  3.65e-02	-1.40583e+01
  1.02e-01	  3.70e-02	-1.69855e+01
  1.02e-01	  3.75e-02	-1.88228e+01
  1.02e-01	  3.80e-02	-1.19805e+01
  1.02e-01	  3.85e-02	4.74652e+01
  1.02e-01	  3.91e-02	1.35062e+02
  1.02e-01	  3.96e-02	2.78795e+02
  1.02e-01	  4.01e-02	9.05780e-31
  1.02e-01	  4.06e-02	1.48408e-63
  1.02e-01	  4.11e-02	2.26982e-96
  1.02e-01	  4.17e-02	3.47740e-129
  1.02e-01	  4.22e-02	5.33397e-162
  1.02e-01	  4.27e-02	8.18665e-195
  1.02e-01	  4.32e-02	1.25649e-227
  1.02e-01	  4.37e-02	1.92774e-260
  1.02e-01	  4.43e-02	2.95639e-293
  1.02e-01	  4.48e-02	0.00000e+00
  1.02e-01	  4.53e-02	0.00000e+00
  1.02e-01	  4.58e-02	0.00000e+00
  1.02e-01	  4.64e-02	0.00000e+00
  1.02e-01	  4.69e-02	0.00000e+00
  1.02e-01	  4.74e-02	0.00000e+00
  1.02e-01	  4.79e-02	0.00000e+00
  1.02e-01	  4.84e-02	0.00000e+00
  1.02e-01	  4.90e-02	0.00000e+00
  1.02e-01	  4.95e-02	0.00000e+00

  1.02e-01	  0.00e+00	0.00000e+00
  1.02e-01	  5.21e-04	0.00000e+00
  1.02e-01	  1.04e-03	0.00000e+00
  1.02e-01	  1.56e-03	0.00000e+00
  1.02e-01	  2.08e-03	0.00000e+00
  1.02e-01	  2.60e-03	0.00000e+00
  1.02e-01	  3.12e-03	0.00000e+00
  1.02e-01	  3.65e-03	0.00000e+00
  1.02e-01	  4.17e-03	-2.95022e-293
  1.02e-01	  4.69e-03	-1.92367e-260
  1.02e-01	  5.21e-03	-1.25381e-227
  1.02e-01	  5.73e-03	-8.16898e-195
  1.02e-01	  6.25e-03	-5.32228e-162
  1.02e-01	  6.77e-03	-3.46964e-129
  1.02e-01	  7.29e-03	-2.26465e-96
  1.02e-01	  7.81e-03	-1.48060e-63
  1.02e-01	  8.33e-03	-9.69731e-31
  1.02e-01	  8.85e-03	-2.78241e+02
  1.02e-01	  9.37e-03	-1.34904e+02
  1.02e-01	  9.90e-03	-4.70204e+01
  1.02e-01	  1.04e-02	1.19595e+01
  1.02e-01	  1.09e-02	1.86133e+01
  1.02e-01	  1.15e-02	1.67497e+01
  1.02e-01	  1.20e-02	1.38083e+01
  1.02e-01	  1.25e-02	1.00940e+01
  1.02e-01	  1.30e-02	6.40110e+00
  1.02e-01	  1.35e-02	3.56224e+00
  1.02e-01	  1.41e-02	1.81680e+00
  1.02e-01	  1.46e-02	8.86836e-01
  1.02e-01	  1.51e-02	4.22504e-01
  1.02e-01	  1.56e-02	1.96253e-01
  1.02e-01	  1.61e-02	8.79916e-02
  1.02e-01	  1.67e-02	3.74552e-02
  1.02e-01	  1.72e-02	1.44797e-02
  1.02e-01	  1.77e-02	4.18738e-03
  1.02e-01	  1.82e-02	-4.45246e-04
  1.02e-01	  1.88e-02	-2.54202e-03
  1.02e-01	  1.93e-02	-3.43513e-03
  1.02e-01	  1.98e-02	-3.70460e-03
  1.02e-01	  2.03e-02	-3.63037e-03
  1.02e-01	  2.08e-02	-3.36528e-03
  1.02e-01	  2.14e-02	-2.99771e-03
  1.02e-01	  2.19e-02	-2.57784e-03
  1.02e-01	  2.24e-02	-2.13234e-03
  1.02e-01	  2.29e-02	-1.67420e-03
  1.02e-01	  2.34e-02	-1.20899e-03
  1.02e-01	  2.40e-02	-7.38624e-04
  1.02e-01	  2.45e-02	-2.63398e-04
  1.02e-01	  2.50e-02	2.16804e-04
  1.02e-01	  2.55e-02	7.01651e-04
  1.02e-01	  2.60e-02	1.18923e-03
  1.02e-01	  2.66e-02	1.67405e-03
  1.02e-01	  2.71e-02	2.14351e-03
  1.02e-01	  2.76e-02	2.57199e-03
  1.02e-01	  2.81e-02	2.91203e-03
  1.02e-01	  2.86e-02	3.08102e-03
  1.02e-01	  2.92e-02	2.93725e-03
  1.02e-01	  2.97e-02	2.21881e-03
  1.02e-01	  3.02e-02	3.67861e-04
  1.02e-01	  3.07e-02	-3.93711e-03
  1.02e-01	  3.13e-02	-1.38627e-02
  1.02e-01	  3.18e-02	-3.66137e-02
  1.02e-01	  3.23e-02	-8.75372e-02
  1.02e-01	  3.28e-02	-1.97814e-01
  1.02e-01	  3.33e-02	-4.29752e-01
  1.02e-01	  3.39e-02	-9.07296e-01
  1.02e-01	  3.44e-02	-1.86406e+00
  1.02e-01	  3.49e-02	-3.65452e+00
  1.02e-01	  3.54e-02	-6.54866e+00
  1.02e-01	  3.59e-02	-1.02847e+01
  1.02e-01	  3.65e-02	-1.40155e+01
  1.02e-01	  3.70e-02	-1.69460e+01
  1.02e-01	  3.75e-02	-1.87695e+01
  1.02e-01	  3.80e-02	-1.19073e+01
  1.02e-01	  3.85e-02	4.74225e+01
  1.02e-01	  3.91e-02	1.35041e+02
  1.02e-01	  3.96e-02	2.78604e+02
  1.02e-01	  4.01e-02	9.05449e-31
  1.02e-01	  4.06e-02	1.48293e-63
  1.02e-01	  4.11e-02	2.26813e-96
  1.02e-01	  4.17e-02	3.47489e-129
  1.02e-01	  4.22e-02	5.33020e-162
  1.02e-01	  4.27e-02	8.18096e-195
  1.02e-01	  4.32e-02	1.25563e-227
  1.02e-01	  4.37e-02	1.92645e-260
  1.02e-01	  4.43e-02	2.95447e-293
  1.02e-01	  4.48e-02	0.00000e+00
  1.02e-01	  4.53e-02	0.00000e+00
  1.02e-01	  4.58e-02	0.00000e+00
  1.02e-01	  4.64e-02	0.00000e+00
  1.02e-01	  4.69e-02	0.00000e+00
  1.02e-01	  4.74e-02	0.00000e+00
  1.02e-01	  4.79e-02	0.00000e+00
  1.02e-01	  4.84e-02	0.00000e+00
  1.02e-01	  4.90e-02	0.00000e+00
  1.02e-01	  4.95e-02	0.00000e+00

  1.03e-01	  0.00e+00	0.00000e+00
  1.03e-01	  5.21e-04	0.00000e+00
  1.03e-01	  1.04e-03	0.00000e+00
  1.03e-01	  1.56e-03	0.00000e+00
  1.03e-01	  2.08e-03	0.00000e+00
  1.03e-01	  2.60e-03	0.00000e+00
  1.03e-01	  3.12e-03	0.00000e+00
  1.03e-01	  3.65e-03	0.00000e+00
  1.03e-01	  4.17e-03	-2.94850e-293
  1.03e-01	  4.69e-03	-1.92252e-260
  1.03e-01	  5.21e-03	-1.25305e-227
  1.03e-01	  5.73e-03	-8.16394e-195
  1.03e-01	  6.25e-03	-5.31899e-162
  1.03e-01	  6.77e-03	-3.46747e-129
  1.03e-01	  7.29e-03	-2.26319e-96
  1.03e-01	  7.81e-03	-1.47961e-63
  1.03e-01	  8.33e-03	-9.69042e-31
  1.03e-01	  8.85e-03	-2.78075e+02
  1.03e-01	  9.37e-03	-1.34874e+02
  1.03e-01	  9.90e-03	-4.69569e+01
  1.03e-01	  1.04e-02	1.18982e+01
  1.03e-01	  1.09e-02	1.85630e+01
  1.03e-01	  1.15e-02	1.67089e+01
  1.03e-01	  1.20e-02	1.37623e+01
  1.03e-01	  1.25e-02	1.00434e+01
  1.03e-01	  1.30e-02	6.35274e+00
  1.03e-01	  1.35e-02	3.52341e+00
  1.03e-01	  1.41e-02	1.78964e+00
  1.03e-01	  1.46e-02	8.69141e-01
  1.03e-01	  1.51e-02	4.11098e-01
  1.03e-01	  1.56e-02	1.88646e-01
  1.03e-01	  1.61e-02	8.25755e-02
  1.03e-01	  1.67e-02	3.32871e-02
  1.03e-01	  1.72e-02	1.10453e-02
  1.03e-01	  1.77e-02	1.22142e-03
  1.03e-01	  1.82e-02	-3.07422e-03
  1.03e-01	  1.88e-02	-4.89829e-03
  1.03e-01	  1.93e-02	-5.55062e-03
  1.03e-01	  1.98e-02	-5.59581e-03
  1.03e-01	  2.03e-02	-5.30631e-03
  1.03e-01	  2.08e-02	-4.83121e-03
  1.03e-01	  2.14e-02	-4.25693e-03
  1.03e-01	  2.19e-02	-3.63257e-03
  1.03e-01	  2.24e-02	-2.98421e-03
  1.03e-01	  2.29e-02	-2.32446e-03
  1.03e-01	  2.34e-02	-1.65861e-03
  1.03e-01	  2.40e-02	-9.88358e-04
  1.03e-01	  2.45e-02	-3.13813e-04
  1.03e-01	  2.50e-02	3.65310e-04
  1.03e-01	  2.55e-02	1.04884e-03
  1.03e-01	  2.60e-02	1.73499e-03
  1.03e-01	  2.66e-02	2.41844e-03
  1.03e-01	  2.71e-02	3.08676e-03
  1.03e-01	  2.76e-02	3.71471e-03
  1.03e-01	  2.81e-02	4.25554e-03
  1.03e-01	  2.86e-02	4.62832e-03
  1.03e-01	  2.92e-02	4.69508e-03
  1.03e-01	  2.97e-02	4.20227e-03
  1.03e-01	  3.02e-02	2.61070e-03
  1.03e-01	  3.07e-02	-1.36061e-03
  1.03e-01	  3.13e-02	-1.07934e-02
  1.03e-01	  3.18e-02	-3.27252e-02
  1.03e-01	  3.23e-02	-8.21973e-02
  1.03e-01	  3.28e-02	-1.89879e-01
  1.03e-01	  3.33e-02	-4.17307e-01
  1.03e-01	  3.39e-02	-8.87473e-01
  1.03e-01	  3.44e-02	-1.83342e+00
  1.03e-01	  3.49e-02	-3.61110e+00
  1.03e-01	  3.54e-02	-6.49553e+00
  1.03e-01	  3.59e-02	-1.02298e+01
  1.03e-01	  3.65e-02	-1.39650e+01
  1.03e-01	  3.70e-02	-1.68992e+01
  1.03e-01	  3.75e-02	-1.87104e+01
  1.03e-01	  3.80e-02	-1.18379e+01
  1.03e-01	  3.85e-02	4.73539e+01
  1.03e-01	  3.91e-02	1.35013e+02
  1.03e-01	  3.96e-02	2.78422e+02
  1.03e-01	  4.01e-02	9.05127e-31
  1.03e-01	  4.06e-02	1.48184e-63
  1.03e-01	  4.11e-02	2.26655e-96
  1.03e-01	  4.17e-02	3.47253e-129
  1.03e-01	  4.22e-02	5.32664e-162
  1.03e-01	  4.27e-02	8.17557e-195
  1.03e-01	  4.32e-02	1.25482e-227
  1.03e-01	  4.37e-02	1.92522e-260
  1.03e-01	  4.43e-02	2.95265e-293
  1.03e-01	  4.48e-02	0.00000e+00
  1.03e-01	  4.53e-02	0.00000e+00
  1.03e-01	  4.58e-02	0.00000e+00
  1.03e-01	  4.64e-02	0.00000e+00
  1.03e-01	  4.69e-02	0.00000e+00
  1.03e-01	  4.74e-02	0.00000e+00
  1.03e-01	  4.79e-02	0.00000e+00
  1.03e-01	  4.84e-02	0.00000e+00
  1.03e-01	  4.90e-02	0.00000e+00
  1.03e-01	  4.95e-02	0.00000e+00

  1.04e-01	  0.00e+00	0.00000e+00
  1.04e-01	  5.21e-04	0.00000e+00
  1.04e-01	  1.04e-03	0.00000e+00
  1.04e-01	  1.56e-03	0.00000e+00
  1.04e-01	  2.08e-03	0.00000e+00
  1.04e-01	  2.60e-03	0.00000e+00
  1.04e-01	  3.12e-03	0.00000e+00
  1.04e-01	  3.65e-03	0.00000e+00
  1.04e-01	  4.17e-03	-2.94687e-293
  1.04e-01	  4.69e-03	-1.92143e-260
  1.04e-01	  5.21e-03	-1.25232e-227
  1.04e-01	  5.73e-03	-8.15920e-195
  1.04e-01	  6.25e-03	-5.31589e-162
  1.04e-01	  6.77e-03	-3.46544e-129
  1.04e-01	  7.29e-03	-2.26184e-96
  1.04e-01	  7.81e-03	-1.47868e-63
  1.04e-01	  8.33e-03	-9.68396e-31
  1.04e-01	  8.85e-03	-2.77918e+02
  1.04e-01	  9.37e-03	-1.34841e+02
  1.04e-01	  9.90e-03	-4.68721e+01
  1.04e-01	  1.04e-02	1.18400e+01
  1.04e-01	  1.09e-02	1.85081e+01
  1.04e-01	  1.15e-02	1.66624e+01
  1.04e-01	  1.20e-02	1.37106e+01
  1.04e-01	  1.25e-02	9.98801e+00
  1.04e-01	  1.30e-02	6.30155e+00
  1.04e-01	  1.35e-02	3.48396e+00
  1.04e-01	  1.41e-02	1.76338e+00
  1.04e-01	  1.46e-02	8.52926e-01
  1.04e-01	  1.51e-02	4.01179e-01
  1.04e-01	  1.56e-02	1.82288e-01
  1.04e-01	  1.61e-02	7.81179e-02
  1.04e-01	  1.67e-02	2.98213e-02
  1.04e-01	  1.72e-02	8.11554e-03
  1.04e-01	  1.77e-02	-1.38093e-03
  1.04e-01	  1.82e-02	-5.43637e-03
  1.04e-01	  1.88e-02	-7.05371e-03
  1.04e-01	  1.93e-02	-7.51128e-03
  1.04e-01	  1.98e-02	-7.36571e-03
  1.04e-01	  2.03e-02	-6.88663e-03
  1.04e-01	  2.08e-02	-6.22211e-03
  1.04e-01	  2.14e-02	-5.45827e-03
  1.04e-01	  2.19e-02	-4.64415e-03
  1.04e-01	  2.24e-02	-3.80591e-03
  1.04e-01	  2.29e-02	-2.95622e-03
  1.04e-01	  2.34e-02	-2.10050e-03
  1.04e-01	  2.40e-02	-1.24051e-03
  1.04e-01	  2.45e-02	-3.76435e-04
  1.04e-01	  2.50e-02	4.91926e-04
  1.04e-01	  2.55e-02	1.36431e-03
  1.04e-01	  2.60e-02	2.23884e-03
  1.04e-01	  2.66e-02	3.11000e-03
  1.04e-01	  2.71e-02	3.96520e-03
  1.04e-01	  2.76e-02	4.77896e-03
  1.04e-01	  2.81e-02	5.50437e-03
  1.04e-01	  2.86e-02	6.06059e-03
  1.04e-01	  2.92e-02	6.31054e-03
  1.04e-01	  2.97e-02	6.00415e-03
  1.04e-01	  3.02e-02	4.61269e-03
  1.04e-01	  3.07e-02	8.83717e-04
  1.04e-01	  3.13e-02	-8.19493e-03
  1.04e-01	  3.18e-02	-2.95076e-02
  1.04e-01	  3.23e-02	-7.77925e-02
  1.04e-01	  3.28e-02	-1.83178e-01
  1.04e-01	  3.33e-02	-4.06336e-01
  1.04e-01	  3.39e-02	-8.69079e-01
  1.04e-01	  3.44e-02	-1.80348e+00
  1.04e-01	  3.49e-02	-3.56657e+00
  1.04e-01	  3.54e-02	-6.43873e+00
  1.04e-01	  3.59e-02	-1.01691e+01
  1.04e-01	  3.65e-02	-1.39077e+01
  1.04e-01	  3.70e-02	-1.68459e+01
  1.04e-01	  3.75e-02	-1.86463e+01
  1.04e-01	  3.80e-02	-1.17727e+01
  1.04e-01	  3.85e-02	4.72611e+01
  1.04e-01	  3.91e-02	1.34980e+02
  1.04e-01	  3.96e-02	2.78250e+02
  1.04e-01	  4.01e-02	9.04817e-31
  1.04e-01	  4.06e-02	1.48083e-63
  1.04e-01	  4.11e-02	2.26507e-96
  1.04e-01	  4.17e-02	3.47033e-129
  1.04e-01	  4.22e-02	5.32332e-162
  1.04e-01	  4.27e-02	8.17050e-195
  1.04e-01	  4.32e-02	1.25405e-227
  1.04e-01	  4.37e-02	1.92407e-260
  1.04e-01	  4.43e-02	2.95092e-293
  1.04e-01	  4.48e-02	0.00000e+00
  1.04e-01	  4.53e-02	0.00000e+00
  1.04e-01	  4.58e-02	0.00000e+00
  1.04e-01	  4.64e-02	0.00000e+00
  1.04e-01	  4.69e-02	0.00000e+00
  1.04e-01	  4.74e-02	0.00000e+00
  1.04e-01	  4.79e-02	0.00000e+00
  1.04e-01	  4.84e-02	0.00000e+00
  1.04e-01	  4.90e-02	0.00000e+00
  1.04e-01	  4.95e-02	0.00000e+00

  1.05e-01	  0.00e+00	0.00000e+00
  1.05e-01	  5.21e-04	0.00000e+00
  1.05e-01	  1.04e-03	0.00000e+00
  1.05e-01	  1.56e-03	0.00000e+00
  1.05e-01	  2.08e-03	0.00000e+00
  1.05e-01	  2.60e-03	0.00000e+00
  1.05e-01	  3.12e-03	0.00000e+00
  1.05e-01	  3.65e-03	0.00000e+00
  1.05e-01	  4.17e-03	-2.94534e-293
  1.05e-01	  4.69e-03	-1.92040e-260
  1.05e-01	  5.21e-03	-1.25164e-227
  1.05e-01	  5.73e-03	-8.15476e-195
  1.05e-01	  6.25e-03	-5.31301e-162
  1.05e-01	  6.77e-03	-3.46356e-129
  1.05e-01	  7.29e-03	-2.26059e-96
  1.05e-01	  7.81e-03	-1.47783e-63
  1.05e-01	  8.33e-03	-9.67796e-31
  1.05e-01	  8.85e-03	-2.77771e+02
  1.05e-01	  9.37e-03	-1.34803e+02
  1.05e-01	  9.90e-03	-4.67682e+01
  1.05e-01	  1.04e-02	1.17854e+01
  1.05e-01	  1.09e-02	1.84489e+01
  1.05e-01	  1.15e-02	1.66107e+01
  1.05e-01	  1.20e-02	1.36539e+01
  1.05e-01	  1.25e-02	9.92895e+00
  1.05e-01	  1.30e-02	6.24870e+00
  1.05e-01	  1.35e-02	3.44485e+00
  1.05e-01	  1.41e-02	1.73861e+00
  1.05e-01	  1.46e-02	8.38494e-01
  1.05e-01	  1.51e-02	3.92855e-01
  1.05e-01	  1.56e-02	1.77188e-01
  1.05e-01	  1.61e-02	7.45882e-02
  1.05e-01	  1.67e-02	2.70159e-02
  1.05e-01	  1.72e-02	5.65065e-03
  1.05e-01	  1.77e-02	-3.65279e-03
  1.05e-01	  1.82e-02	-7.55741e-03
  1.05e-01	  1.88e-02	-9.02740e-03
  1.05e-01	  1.93e-02	-9.33079e-03
  1.05e-01	  1.98e-02	-9.02369e-03
  1.05e-01	  2.03e-02	-8.37740e-03
  1.05e-01	  2.08e-02	-7.54160e-03
  1.05e-01	  2.14e-02	-6.60359e-03
  1.05e-01	  2.19e-02	-5.61323e-03
  1.05e-01	  2.24e-02	-4.59729e-03
  1.05e-01	  2.29e-02	-3.56893e-03
  1.05e-01	  2.34e-02	-2.53391e-03
  1.05e-01	  2.40e-02	-1.49430e-03
  1.05e-01	  2.45e-02	-4.50545e-04
  1.05e-01	  2.50e-02	5.97330e-04
  1.05e-01	  2.55e-02	1.64882e-03
  1.05e-01	  2.60e-02	2.70174e-03
  1.05e-01	  2.66e-02	3.75025e-03
  1.05e-01	  2.71e-02	4.78126e-03
  1.05e-01	  2.76e-02	5.76865e-03
  1.05e-01	  2.81e-02	6.66460e-03
  1.05e-01	  2.86e-02	7.38691e-03
  1.05e-01	  2.92e-02	7.79683e-03
  1.05e-01	  2.97e-02	7.64298e-03
  1.05e-01	  3.02e-02	6.39913e-03
  1.05e-01	  3.07e-02	2.82884e-03
  1.05e-01	  3.13e-02	-6.02721e-03
  1.05e-01	  3.18e-02	-2.69187e-02
  1.05e-01	  3.23e-02	-7.42937e-02
  1.05e-01	  3.28e-02	-1.77730e-01
  1.05e-01	  3.33e-02	-3.96968e-01
  1.05e-01	  3.39e-02	-8.52454e-01
  1.05e-01	  3.44e-02	-1.77492e+00
  1.05e-01	  3.49e-02	-3.52202e+00
  1.05e-01	  3.54e-02	-6.37957e+00
  1.05e-01	  3.59e-02	-1.01038e+01
  1.05e-01	  3.65e-02	-1.38446e+01
  1.05e-01	  3.70e-02	-1.67867e+01
  1.05e-01	  3.75e-02	-1.85778e+01
  1.05e-01	  3.80e-02	-1.17119e+01
  1.05e-01	  3.85e-02	4.71463e+01
  1.05e-01	  3.91e-02	1.34942e+02
  1.05e-01	  3.96e-02	2.78089e+02
  1.05e-01	  4.01e-02	9.04524e-31
  1.05e-01	  4.06e-02	1.47989e-63
  1.05e-01	  4.11e-02	2.26371e-96
  1.05e-01	  4.17e-02	3.46830e-129
  1.05e-01	  4.22e-02	5.32023e-162
  1.05e-01	  4.27e-02	8.16577e-195
  1.05e-01	  4.32e-02	1.25333e-227
  1.05e-01	  4.37e-02	1.92298e-260
  1.05e-01	  4.43e-02	2.94930e-293
  1.05e-01	  4.48e-02	0.00000e+00
  1.05e-01	  4.53e-02	0.00000e+00
  1.05e-01	  4.58e-02	0.00000e+00
  1.05e-01	  4.64e-02	0.00000e+00
  1.05e-01	  4.69e-02	0.00000e+00
  1.05e-01	  4.74e-02	0.00000e+00
  1.05e-01	  4.79e-02	0.00000e+00
  1.05e-01	  4.84e-02	0.00000e+00
  1.05e-01	  4.90e-02	0.00000e+00
  1.05e-01	  4.95e-02	0.00000e+00

  1.05e-01	  0.00e+00	0.00000e+00
  1.05e-01	  5.21e-04	0.00000e+00
  1.05e-01	  1.04e-03	0.00000e+00
  1.05e-01	  1.56e-03	0.00000e+00
  1.05e-01	  2.08e-03	0.00000e+00
  1.05e-01	  2.60e-03	0.00000e+00
  1.05e-01	  3.12e-03	0.00000e+00
  1.05e-01	  3.65e-03	0.00000e+00
  1.05e-01	  4.17e-03	-2.94392e-293
  1.05e-01	  4.69e-03	-1.91944e-260
  1.05e-01	  5.21e-03	-1.25101e-227
  1.05e-01	  5.73e-03	-8.15064e-195
  1.05e-01	  6.25e-03	-5.31035e-162
  1.05e-01	  6.77e-03	-3.46183e-129
  1.05e-01	  7.29e-03	-2.25944e-96
  1.05e-01	  7.81e-03	-1.47704e-63
  1.05e-01	  8.33e-03	-9.67246e-31
  1.05e-01	  8.85e-03	-2.77635e+02
  1.05e-01	  9.37e-03	-1.34762e+02
  1.05e-01	  9.90e-03	-4.66473e+01
  1.05e-01	  1.04e-02	1.17349e+01
  1.05e-01	  1.09e-02	1.83861e+01
  1.05e-01	  1.15e-02	1.65542e+01
  1.05e-01	  1.20e-02	1.35930e+01
  1.05e-01	  1.25e-02	9.86719e+00
  1.05e-01	  1.30e-02	6.19524e+00
  1.05e-01	  1.35e-02	3.40687e+00
  1.05e-01	  1.41e-02	1.71576e+00
  1.05e-01	  1.46e-02	8.25981e-01
  1.05e-01	  1.51e-02	3.86113e-01
  1.05e-01	  1.56e-02	1.73270e-01
  1.05e-01	  1.61e-02	7.18963e-02
  1.05e-01	  1.67e-02	2.47891e-02
  1.05e-01	  1.72e-02	3.58399e-03
  1.05e-01	  1.77e-02	-5.64544e-03
  1.05e-01	  1.82e-02	-9.47560e-03
  1.05e-01	  1.88e-02	-1.08473e-02
  1.05e-01	  1.93e-02	-1.10291e-02
  1.05e-01	  1.98e-02	-1.05837e-02
  1.05e-01	  2.03e-02	-9.78806e-03
  1.05e-01	  2.08e-02	-8.79579e-03
  1.05e-01	  2.14e-02	-7.69658e-03
  1.05e-01	  2.19e-02	-6.54185e-03
  1.05e-01	  2.24e-02	-5.35935e-03
  1.05e-01	  2.29e-02	-4.16293e-03
  1.05e-01	  2.34e-02	-2.95889e-03
  1.05e-01	  2.40e-02	-1.74970e-03
  1.05e-01	  2.45e-02	-5.36132e-04
  1.05e-01	  2.50e-02	6.81488e-04
  1.05e-01	  2.55e-02	1.90235e-03
  1.05e-01	  2.60e-02	3.12394e-03
  1.05e-01	  2.66e-02	4.33996e-03
  1.05e-01	  2.71e-02	5.53673e-03
  1.05e-01	  2.76e-02	6.68718e-03
  1.05e-01	  2.81e-02	7.74200e-03
  1.05e-01	  2.86e-02	8.61656e-03
  1.05e-01	  2.92e-02	9.16812e-03
  1.05e-01	  2.97e-02	9.13976e-03
  1.05e-01	  3.02e-02	8.00019e-03
  1.05e-01	  3.07e-02	4.51702e-03
  1.05e-01	  3.13e-02	-4.23353e-03
  1.05e-01	  3.18e-02	-2.48878e-02
  1.05e-01	  3.23e-02	-7.16235e-02
  1.05e-01	  3.28e-02	-1.73475e-01
  1.05e-01	  3.33e-02	-3.89215e-01
  1.05e-01	  3.39e-02	-8.37785e-01
  1.05e-01	  3.44e-02	-1.74823e+00
  1.05e-01	  3.49e-02	-3.47835e+00
  1.05e-01	  3.54e-02	-6.31925e+00
  1.05e-01	  3.59e-02	-1.00350e+01
  1.05e-01	  3.65e-02	-1.37765e+01
  1.05e-01	  3.70e-02	-1.67223e+01
  1.05e-01	  3.75e-02	-1.85054e+01
  1.05e-01	  3.80e-02	-1.16561e+01
  1.05e-01	  3.85e-02	4.70120e+01
  1.05e-01	  3.91e-02	1.34900e+02
  1.05e-01	  3.96e-02	2.77940e+02
  1.05e-01	  4.01e-02	9.04252e-31
  1.05e-01	  4.06e-02	1.47903e-63
  1.05e-01	  4.11e-02	2.26246e-96
  1.05e-01	  4.17e-02	3.46644e-129
  1.05e-01	  4.22e-02	5.31739e-162
  1.05e-01	  4.27e-02	8.16140e-195
  1.05e-01	  4.32e-02	1.25266e-227
  1.05e-01	  4.37e-02	1.92196e-260
  1.05e-01	  4.43e-02	2.94779e-293
  1.05e-01	  4.48e-02	0.00000e+00
  1.05e-01	  4.53e-02	0.00000e+00
  1.05e-01	  4.58e-02	0.00000e+00
  1.05e-01	  4.64e-02	0.00000e+00
  1.05e-01	  4.69e-02	0.00000e+00
  1.05e-01	  4.74e-02	0.00000e+00
  1.05e-01	  4.79e-02	0.00000e+00
  1.05e-01	  4.84e-02	0.00000e+00
  1.05e-01	  4.90e-02	0.00000e+00
  1.05e-01	  4.95e-02	0.00000e+00

  1.06e-01	  0.00e+00	0.00000e+00
  1.06e-01	  5.21e-04	0.00000e+00
  1.06e-01	  1.04e-03	0.00000e+00
  1.06e-01	  1.56e-03	0.00000e+00
  1.06e-01	  2.08e-03	0.00000e+00
  1.06e-01	  2.60e-03	0.00000e+00
  1.06e-01	  3.12e-03	0.00000e+00
  1.06e-01	  3.65e-03	0.00000e+00
  1.06e-01	  4.17e-03	-2.94261e-293
  1.06e-01	  4.69e-03	-1.91856e-260
  1.06e-01	  5.21e-03	-1.25043e-227
  1.06e-01	  5.73e-03	-8.14685e-195
  1.06e-01	  6.25e-03	-5.30792e-162
  1.06e-01	  6.77e-03	-3.46026e-129
  1.06e-01	  7.29e-03	-2.25840e-96
  1.06e-01	  7.81e-03	-1.47634e-63
  1.06e-01	  8.33e-03	-9.66745e-31
  1.06e-01	  8.85e-03	-2.77510e+02
  1.06e-01	  9.37e-03	-1.34720e+02
  1.06e-01	  9.90e-03	-4.65120e+01
  1.06e-01	  1.04e-02	1.16890e+01
  1.06e-01	  1.09e-02	1.83203e+01
  1.06e-01	  1.15e-02	1.64935e+01
  1.06e-01	  1.20e-02	1.35286e+01
  1.06e-01	  1.25e-02	9.80360e+00
  1.06e-01	  1.30e-02	6.14198e+00
  1.06e-01	  1.35e-02	3.37056e+00
  1.06e-01	  1.41e-02	1.69503e+00
  1.06e-01	  1.46e-02	8.15374e-01
  1.06e-01	  1.51e-02	3.80834e-01
  1.06e-01	  1.56e-02	1.70390e-01
  1.06e-01	  1.61e-02	6.99110e-02
  1.06e-01	  1.67e-02	2.30348e-02
  1.06e-01	  1.72e-02	1.83511e-03
  1.06e-01	  1.77e-02	-7.41777e-03
  1.06e-01	  1.82e-02	-1.12332e-02
  1.06e-01	  1.88e-02	-1.25432e-02
  1.06e-01	  1.93e-02	-1.26270e-02
  1.06e-01	  1.98e-02	-1.20597e-02
  1.06e-01	  2.03e-02	-1.11277e-02
  1.06e-01	  2.08e-02	-9.99020e-03
  1.06e-01	  2.14e-02	-8.74036e-03
  1.06e-01	  2.19e-02	-7.43151e-03
  1.06e-01	  2.24e-02	-6.09262e-03
  1.06e-01	  2.29e-02	-4.73832e-03
  1.06e-01	  2.34e-02	-3.37546e-03
  1.06e-01	  2.40e-02	-2.00689e-03
  1.06e-01	  2.45e-02	-6.33695e-04
  1.06e-01	  2.50e-02	7.43547e-04
  1.06e-01	  2.55e-02	2.12378e-03
  1.06e-01	  2.60e-02	3.50418e-03
  1.06e-01	  2.66e-02	4.87807e-03
  1.06e-01	  2.71e-02	6.23113e-03
  1.06e-01	  2.76e-02	7.53529e-03
  1.06e-01	  2.81e-02	8.73939e-03
  1.06e-01	  2.86e-02	9.75553e-03
  1.06e-01	  2.92e-02	1.04352e-02
  1.06e-01	  2.97e-02	1.05123e-02
  1.06e-01	  3.02e-02	9.44393e-03
  1.06e-01	  3.07e-02	5.99075e-03
  1.06e-01	  3.13e-02	-2.75188e-03
  1.06e-01	  3.18e-02	-2.33289e-02
  1.06e-01	  3.23e-02	-6.96733e-02
  1.06e-01	  3.28e-02	-1.70296e-01
  1.06e-01	  3.33e-02	-3.82994e-01
  1.06e-01	  3.39e-02	-8.25112e-01
  1.06e-01	  3.44e-02	-1.72371e+00
  1.06e-01	  3.49e-02	-3.43623e+00
  1.06e-01	  3.54e-02	-6.25876e+00
  1.06e-01	  3.59e-02	-9.96382e+00
  1.06e-01	  3.65e-02	-1.37045e+01
  1.06e-01	  3.70e-02	-1.66533e+01
  1.06e-01	  3.75e-02	-1.84299e+01
  1.06e-01	  3.80e-02	-1.16057e+01
  1.06e-01	  3.85e-02	4.68607e+01
  1.06e-01	  3.91e-02	1.34856e+02
  1.06e-01	  3.96e-02	2.77803e+02
  1.06e-01	  4.01e-02	9.04006e-31
  1.06e-01	  4.06e-02	1.47826e-63
  1.06e-01	  4.11e-02	2.26134e-96
  1.06e-01	  4.17e-02	3.46475e-129
  1.06e-01	  4.22e-02	5.31480e-162
  1.06e-01	  4.27e-02	8.15739e-195
  1.06e-01	  4.32e-02	1.25204e-227
  1.06e-01	  4.37e-02	1.92103e-260
  1.06e-01	  4.43e-02	2.94641e-293
  1.06e-01	  4.48e-02	0.00000e+00
  1.06e-01	  4.53e-02	0.00000e+00
  1.06e-01	  4.58e-02	0.00000e+00
  1.06e-01	  4.64e-02	0.00000e+00
  1.06e-01	  4.69e-02	0.00000e+00
  1.06e-01	  4.74e-02	0.00000e+00
  1.06e-01	  4.79e-02	0.00000e+00
  1.06e-01	  4.84e-02	0.00000e+00
  1.06e-01	  4.90e-02	0.00000e+00
  1.06e-01	  4.95e-02	0.00000e+00

  1.07e-01	  0.00e+00	0.00000e+00
  1.07e-01	  5.21e-04	0.00000e+00
  1.07e-01	  1.04e-03	0.00000e+00
  1.07e-01	  1.56e-03	0.00000e+00
  1.07e-01	  2.08e-03	0.00000e+00
  1.07e-01	  2.60e-03	0.00000e+00
  1.07e-01	  3.12e-03	0.00000e+00
  1.07e-01	  3.65e-03	0.00000e+00
  1.07e-01	  4.17e-03	-2.94143e-293
  1.07e-01	  4.69e-03	-1.91776e-260
  1.07e-01	  5.21e-03	-1.24989e-227
  1.07e-01	  5.73e-03	-8.14342e-195
  1.07e-01	  6.25e-03	-5.30573e-162
  1.07e-01	  6.77e-03	-3.45885e-129
  1.07e-01	  7.29e-03	-2.25747e-96
  1.07e-01	  7.81e-03	-1.47570e-63
  1.07e-01	  8.33e-03	-9.66296e-31
  1.07e-01	  8.85e-03	-2.77398e+02
  1.07e-01	  9.37e-03	-1.34677e+02
  1.07e-01	  9.90e-03	-4.63647e+01
  1.07e-01	  1.04e-02	1.16486e+01
  1.07e-01	  1.09e-02	1.82521e+01
  1.07e-01	  1.15e-02	1.64291e+01
  1.07e-01	  1.20e-02	1.34612e+01
  1.07e-01	  1.25e-02	9.73883e+00
  1.07e-01	  1.30e-02	6.08951e+00
  1.07e-01	  1.35e-02	3.33623e+00
  1.07e-01	  1.41e-02	1.67645e+00
  1.07e-01	  1.46e-02	8.06536e-01
  1.07e-01	  1.51e-02	3.76829e-01
  1.07e-01	  1.56e-02	1.68368e-01
  1.07e-01	  1.61e-02	6.84850e-02
  1.07e-01	  1.67e-02	2.16420e-02
  1.07e-01	  1.72e-02	3.24558e-04
  1.07e-01	  1.77e-02	-9.02491e-03
  1.07e-01	  1.82e-02	-1.28675e-02
  1.07e-01	  1.88e-02	-1.41397e-02
  1.07e-01	  1.93e-02	-1.41401e-02
  1.07e-01	  1.98e-02	-1.34611e-02
  1.07e-01	  2.03e-02	-1.24013e-02
  1.07e-01	  2.08e-02	-1.11269e-02
  1.07e-01	  2.14e-02	-9.73511e-03
  1.07e-01	  2.19e-02	-8.28134e-03
  1.07e-01	  2.24e-02	-6.79581e-03
  1.07e-01	  2.29e-02	-5.29387e-03
  1.07e-01	  2.34e-02	-3.78281e-03
  1.07e-01	  2.40e-02	-2.26574e-03
  1.07e-01	  2.45e-02	-7.43942e-04
  1.07e-01	  2.50e-02	7.81907e-04
  1.07e-01	  2.55e-02	2.31063e-03
  1.07e-01	  2.60e-02	3.83927e-03
  1.07e-01	  2.66e-02	5.36088e-03
  1.07e-01	  2.71e-02	6.86065e-03
  1.07e-01	  2.76e-02	8.30955e-03
  1.07e-01	  2.81e-02	9.65450e-03
  1.07e-01	  2.86e-02	1.08038e-02
  1.07e-01	  2.92e-02	1.16018e-02
  1.07e-01	  2.97e-02	1.17704e-02
  1.07e-01	  3.02e-02	1.07496e-02
  1.07e-01	  3.07e-02	7.28391e-03
  1.07e-01	  3.13e-02	-1.52710e-03
  1.07e-01	  3.18e-02	-2.21582e-02
  1.07e-01	  3.23e-02	-6.83252e-02
  1.07e-01	  3.28e-02	-1.68046e-01
  1.07e-01	  3.33e-02	-3.78157e-01
  1.07e-01	  3.39e-02	-8.14354e-01
  1.07e-01	  3.44e-02	-1.70149e+00
  1.07e-01	  3.49e-02	-3.39610e+00
  1.07e-01	  3.54e-02	-6.19884e+00
  1.07e-01	  3.59e-02	-9.89109e+00
  1.07e-01	  3.65e-02	-1.36291e+01
  1.07e-01	  3.70e-02	-1.65805e+01
  1.07e-01	  3.75e-02	-1.83521e+01
  1.07e-01	  3.80e-02	-1.15616e+01
  1.07e-01	  3.85e-02	4.66950e+01
  1.07e-01	  3.91e-02	1.34810e+02
  1.07e-01	  3.96e-02	2.77679e+02
  1.07e-01	  4.01e-02	9.03789e-31
  1.07e-01	  4.06e-02	1.47757e-63
  1.07e-01	  4.11e-02	2.26033e-96
  1.07e-01	  4.17e-02	3.46324e-129
  1.07e-01	  4.22e-02	5.31247e-162
  1.07e-01	  4.27e-02	8.15376e-195
  1.07e-01	  4.32e-02	1.25148e-227
  1.07e-01	  4.37e-02	1.92018e-260
  1.07e-01	  4.43e-02	2.94516e-293
  1.07e-01	  4.48e-02	0.00000e+00
  1.07e-01	  4.53e-02	0.00000e+00
  1.07e-01	  4.58e-02	0.00000e+00
  1.07e-01	  4.64e-02	0.00000e+00
  1.07e-01	  4.69e-02	0.00000e+00
  1.07e-01	  4.74e-02	0.00000e+00
  1.07e-01	  4.79e-02	0.00000e+00
  1.07e-01	  4.84e-02	0.00000e+00
  1.07e-01	  4.90e-02	0.00000e+00
  1.07e-01	  4.95e-02	0.00000e+00

  1.08e-01	  0.00e+00	0.00000e+00
  1.08e-01	  5.21e-04	0.00000e+00
  1.08e-01	  1.04e-03	0.00000e+00
  1.08e-01	  1.56e-03	0.00000e+00
  1.08e-01	  2.08e-03	0.00000e+00
  1.08e-01	  2.60e-03	0.00000e+00
  1.08e-01	  3.12e-03	0.00000e+00
  1.08e-01	  3.65e-03	0.00000e+00
  1.08e-01	  4.17e-03	-2.94040e-293
  1.08e-01	  4.69e-03	-1.91704e-260
  1.08e-01	  5.21e-03	-1.24942e-227
  1.08e-01	  5.73e-03	-8.14036e-195
  1.08e-01	  6.25e-03	-5.30379e-162
  1.08e-01	  6.77e-03	-3.45761e-129
  1.08e-01	  7.29e-03	-2.25666e-96
  1.08e-01	  7.81e-03	-1.47515e-63
  1.08e-01	  8.33e-03	-9.65900e-31
  1.08e-01	  8.85e-03	-2.77297e+02
  1.08e-01	  9.37e-03	-1.34634e+02
  1.08e-01	  9.90e-03	-4.62078e+01
  1.08e-01	  1.04e-02	1.16149e+01
  1.08e-01	  1.09e-02	1.81822e+01
  1.08e-01	  1.15e-02	1.63614e+01
  1.08e-01	  1.20e-02	1.33914e+01
  1.08e-01	  1.25e-02	9.67337e+00
  1.08e-01	  1.30e-02	6.03817e+00
  1.08e-01	  1.35e-02	3.30398e+00
  1.08e-01	  1.41e-02	1.65992e+00
  1.08e-01	  1.46e-02	7.99259e-01
  1.08e-01	  1.51e-02	3.73881e-01
  1.08e-01	  1.56e-02	1.67022e-01
  1.08e-01	  1.61e-02	6.74803e-02
  1.08e-01	  1.67e-02	2.05139e-02
  1.08e-01	  1.72e-02	-1.01203e-03
  1.08e-01	  1.77e-02	-1.05077e-02
  1.08e-01	  1.82e-02	-1.44031e-02
  1.08e-01	  1.88e-02	-1.56505e-02
  1.08e-01	  1.93e-02	-1.55746e-02
  1.08e-01	  1.98e-02	-1.47893e-02
  1.08e-01	  2.03e-02	-1.36072e-02
  1.08e-01	  2.08e-02	-1.22025e-02
  1.08e-01	  2.14e-02	-1.06764e-02
  1.08e-01	  2.19e-02	-9.08679e-03
  1.08e-01	  2.24e-02	-7.46474e-03
  1.08e-01	  2.29e-02	-5.82620e-03
  1.08e-01	  2.34e-02	-4.17865e-03
  1.08e-01	  2.40e-02	-2.52531e-03
  1.08e-01	  2.45e-02	-8.67383e-04
  1.08e-01	  2.50e-02	7.94509e-04
  1.08e-01	  2.55e-02	2.45930e-03
  1.08e-01	  2.60e-02	4.12410e-03
  1.08e-01	  2.66e-02	5.78195e-03
  1.08e-01	  2.71e-02	7.41777e-03
  1.08e-01	  2.76e-02	9.00174e-03
  1.08e-01	  2.81e-02	1.04789e-02
  1.08e-01	  2.86e-02	1.17536e-02
  1.08e-01	  2.92e-02	1.26621e-02
  1.08e-01	  2.97e-02	1.29123e-02
  1.08e-01	  3.02e-02	1.19230e-02
  1.08e-01	  3.07e-02	8.41459e-03
  1.08e-01	  3.13e-02	-5.21358e-04
  1.08e-01	  3.18e-02	-2.13088e-02
  1.08e-01	  3.23e-02	-6.74739e-02
  1.08e-01	  3.28e-02	-1.66577e-01
  1.08e-01	  3.33e-02	-3.74526e-01
  1.08e-01	  3.39e-02	-8.05355e-01
  1.08e-01	  3.44e-02	-1.68153e+00
  1.08e-01	  3.49e-02	-3.35820e+00
  1.08e-01	  3.54e-02	-6.13999e+00
  1.08e-01	  3.59e-02	-9.81744e+00
  1.08e-01	  3.65e-02	-1.35510e+01
  1.08e-01	  3.70e-02	-1.65042e+01
  1.08e-01	  3.75e-02	-1.82726e+01
  1.08e-01	  3.80e-02	-1.15246e+01
  1.08e-01	  3.85e-02	4.65176e+01
  1.08e-01	  3.91e-02	1.34765e+02
  1.08e-01	  3.96e-02	2.77569e+02
  1.08e-01	  4.01e-02	9.03606e-31
  1.08e-01	  4.06e-02	1.47696e-63
  1.08e-01	  4.11e-02	2.25946e-96
  1.08e-01	  4.17e-02	3.46192e-129
  1.08e-01	  4.22e-02	5.31041e-162
  1.08e-01	  4.27e-02	8.15053e-195
  1.08e-01	  4.32e-02	1.25098e-227
  1.08e-01	  4.37e-02	1.91943e-260
  1.08e-01	  4.43e-02	2.94405e-293
  1.08e-01	  4.48e-02	0.00000e+00
  1.08e-01	  4.53e-02	0.00000e+00
  1.08e-01	  4.58e-02	0.00000e+00
  1.08e-01	  4.64e-02	0.00000e+00
  1.08e-01	  4.69e-02	0.00000e+00
  1.08e-01	  4.74e-02	0.00000e+00
  1.08e-01	  4.79e-02	0.00000e+00
  1.08e-01	  4.84e-02	0.00000e+00
  1.08e-01	  4.90e-02	0.00000e+00
  1.08e-01	  4.95e-02	0.00000e+00

  1.09e-01	  0.00e+00	0.00000e+00
  1.09e-01	  5.21e-04	0.00000e+00
  1.09e-01	  1.04e-03	0.00000e+00
  1.09e-01	  1.56e-03	0.00000e+00
  1.09e-01	  2.08e-03	0.00000e+00
  1.09e-01	  2.60e-03	0.00000e+00
  1.09e-01	  3.12e-03	0.00000e+00
  1.09e-01	  3.65e-03	0.00000e+00
  1.09e-01	  4.17e-03	-2.93953e-293
  1.09e-01	  4.69e-03	-1.91643e-260
  1.09e-01	  5.21e-03	-1.24901e-227
  1.09e-01	  5.73e-03	-8.13771e-195
  1.09e-01	  6.25e-03	-5.30211e-162
  1.09e-01	  6.77e-03	-3.45655e-129
  1.09e-01	  7.29e-03	-2.25597e-96
  1.09e-01	  7.81e-03	-1.47467e-63
  1.09e-01	  8.33e-03	-9.65557e-31
  1.09e-01	  8.85e-03	-2.77209e+02
  1.09e-01	  9.37e-03	-1.34593e+02
  1.09e-01	  9.90e-03	-4.60440e+01
  1.09e-01	  1.04e-02	1.15889e+01
  1.09e-01	  1.09e-02	1.81115e+01
  1.09e-01	  1.15e-02	1.62909e+01
  1.09e-01	  1.20e-02	1.33195e+01
  1.09e-01	  1.25e-02	9.60753e+00
  1.09e-01	  1.30e-02	5.98812e+00
  1.09e-01	  1.35e-02	3.27376e+00
  1.09e-01	  1.41e-02	1.64524e+00
  1.09e-01	  1.46e-02	7.93316e-01
  1.09e-01	  1.51e-02	3.71790e-01
  1.09e-01	  1.56e-02	1.66198e-01
  1.09e-01	  1.61e-02	6.67918e-02
  1.09e-01	  1.67e-02	1.95842e-02
  1.09e-01	  1.72e-02	-2.21286e-03
  1.09e-01	  1.77e-02	-1.18851e-02
  1.09e-01	  1.82e-02	-1.58464e-02
  1.09e-01	  1.88e-02	-1.70742e-02
  1.09e-01	  1.93e-02	-1.69245e-02
  1.09e-01	  1.98e-02	-1.60357e-02
  1.09e-01	  2.03e-02	-1.47354e-02
  1.09e-01	  2.08e-02	-1.32066e-02
  1.09e-01	  2.14e-02	-1.15546e-02
  1.09e-01	  2.19e-02	-9.83897e-03
  1.09e-01	  2.24e-02	-8.09184e-03
  1.09e-01	  2.29e-02	-6.32930e-03
  1.09e-01	  2.34e-02	-4.55881e-03
  1.09e-01	  2.40e-02	-2.78336e-03
  1.09e-01	  2.45e-02	-1.00390e-03
  1.09e-01	  2.50e-02	7.79295e-04
  1.09e-01	  2.55e-02	2.56551e-03
  1.09e-01	  2.60e-02	4.35219e-03
  1.09e-01	  2.66e-02	6.13260e-03
  1.09e-01	  2.71e-02	7.89170e-03
  1.09e-01	  2.76e-02	9.59915e-03
  1.09e-01	  2.81e-02	1.11983e-02
  1.09e-01	  2.86e-02	1.25895e-02
  1.09e-01	  2.92e-02	1.36005e-02
  1.09e-01	  2.97e-02	1.39238e-02
  1.09e-01	  3.02e-02	1.29537e-02
  1.09e-01	  3.07e-02	9.38089e-03
  1.09e-01	  3.13e-02	2.78632e-04
  1.09e-01	  3.18e-02	-2.07428e-02
  1.09e-01	  3.23e-02	-6.70458e-02
  1.09e-01	  3.28e-02	-1.65770e-01
  1.09e-01	  3.33e-02	-3.71939e-01
  1.09e-01	  3.39e-02	-7.97935e-01
  1.09e-01	  3.44e-02	-1.66371e+00
  1.09e-01	  3.49e-02	-3.32257e+00
  1.09e-01	  3.54e-02	-6.08251e+00
  1.09e-01	  3.59e-02	-9.74327e+00
  1.09e-01	  3.65e-02	-1.34707e+01
  1.09e-01	  3.70e-02	-1.64250e+01
  1.09e-01	  3.75e-02	-1.81922e+01
  1.09e-01	  3.80e-02	-1.14958e+01
  1.09e-01	  3.85e-02	4.63313e+01
  1.09e-01	  3.91e-02	1.34720e+02
  1.09e-01	  3.96e-02	2.77473e+02
  1.09e-01	  4.01e-02	9.03460e-31
  1.09e-01	  4.06e-02	1.47645e-63
  1.09e-01	  4.11e-02	2.25871e-96
  1.09e-01	  4.17e-02	3.46079e-129
  1.09e-01	  4.22e-02	5.30864e-162
  1.09e-01	  4.27e-02	8.14773e-195
  1.09e-01	  4.32e-02	1.25054e-227
  1.09e-01	  4.37e-02	1.91878e-260
  1.09e-01	  4.43e-02	2.94310e-293
  1.09e-01	  4.48e-02	0.00000e+00
  1.09e-01	  4.53e-02	0.00000e+00
  1.09e-01	  4.58e-02	0.00000e+00
  1.09e-01	  4.64e-02	0.00000e+00
  1.09e-01	  4.69e-02	0.00000e+00
  1.09e-01	  4.74e-02	0.00000e+00
  1.09e-01	  4.79e-02	0.00000e+00
  1.09e-01	  4.84e-02	0.00000e+00
  1.09e-01	  4.90e-02	0.00000e+00
  1.09e-01	  4.95e-02	0.00000e+00

  1.09e-01	  0.00e+00	0.00000e+00
  1.09e-01	  5.21e-04	0.00000e+00
  1.09e-01	  1.04e-03	0.00000e+00
  1.09e-01	  1.56e-03	0.00000e+00
  1.09e-01	  2.08e-03	0.00000e+00
  1.09e-01	  2.60e-03	0.00000e+00
  1.09e-01	  3.12e-03	0.00000e+00
  1.09e-01	  3.65e-03	0.00000e+00
  1.09e-01	  4.17e-03	-2.93884e-293
  1.09e-01	  4.69e-03	-1.91592e-260
  1.09e-01	  5.21e-03	-1.24866e-227
  1.09e-01	  5.73e-03	-8.13547e-195
  1.09e-01	  6.25e-03	-5.30071e-162
  1.09e-01	  6.77e-03	-3.45567e-129
  1.09e-01	  7.29e-03	-2.25540e-96
  1.09e-01	  7.81e-03	-1.47428e-63
  1.09e-01	  8.33e-03	-9.65270e-31
  1.09e-01	  8.85e-03	-2.77134e+02
  1.09e-01	  9.37e-03	-1.34553e+02
  1.09e-01	  9.90e-03	-4.58757e+01
  1.09e-01	  1.04e-02	1.15718e+01
  1.09e-01	  1.09e-02	1.80408e+01
  1.09e-01	  1.15e-02	1.62181e+01
  1.09e-01	  1.20e-02	1.32460e+01
  1.09e-01	  1.25e-02	9.54150e+00
  1.09e-01	  1.30e-02	5.93940e+00
  1.09e-01	  1.35e-02	3.24546e+00
  1.09e-01	  1.41e-02	1.63222e+00
  1.09e-01	  1.46e-02	7.88521e-01
  1.09e-01	  1.51e-02	3.70411e-01
  1.09e-01	  1.56e-02	1.65801e-01
  1.09e-01	  1.61e-02	6.63639e-02
  1.09e-01	  1.67e-02	1.88271e-02
  1.09e-01	  1.72e-02	-3.28349e-03
  1.09e-01	  1.77e-02	-1.31501e-02
  1.09e-01	  1.82e-02	-1.71832e-02
  1.09e-01	  1.88e-02	-1.83930e-02
  1.09e-01	  1.93e-02	-1.81706e-02
  1.09e-01	  1.98e-02	-1.71810e-02
  1.09e-01	  2.03e-02	-1.57679e-02
  1.09e-01	  2.08e-02	-1.41226e-02
  1.09e-01	  2.14e-02	-1.23545e-02
  1.09e-01	  2.19e-02	-1.05249e-02
  1.09e-01	  2.24e-02	-8.66624e-03
  1.09e-01	  2.29e-02	-6.79462e-03
  1.09e-01	  2.34e-02	-4.91711e-03
  1.09e-01	  2.40e-02	-3.03622e-03
  1.09e-01	  2.45e-02	-1.15237e-03
  1.09e-01	  2.50e-02	7.34768e-04
  1.09e-01	  2.55e-02	2.62505e-03
  1.09e-01	  2.60e-02	4.51653e-03
  1.09e-01	  2.66e-02	6.40297e-03
  1.09e-01	  2.71e-02	8.26964e-03
  1.09e-01	  2.76e-02	1.00860e-02
  1.09e-01	  2.81e-02	1.17939e-02
  1.09e-01	  2.86e-02	1.32898e-02
  1.09e-01	  2.92e-02	1.43929e-02
  1.09e-01	  2.97e-02	1.47791e-02
  1.09e-01	  3.02e-02	1.38160e-02
  1.09e-01	  3.07e-02	1.01604e-02
  1.09e-01	  3.13e-02	8.58981e-04
  1.09e-01	  3.18e-02	-2.04578e-02
  1.09e-01	  3.23e-02	-6.70117e-02
  1.09e-01	  3.28e-02	-1.65557e-01
  1.09e-01	  3.33e-02	-3.70280e-01
  1.09e-01	  3.39e-02	-7.91942e-01
  1.09e-01	  3.44e-02	-1.64789e+00
  1.09e-01	  3.49e-02	-3.28918e+00
  1.09e-01	  3.54e-02	-6.02651e+00
  1.09e-01	  3.59e-02	-9.66887e+00
  1.09e-01	  3.65e-02	-1.33884e+01
  1.09e-01	  3.70e-02	-1.63433e+01
  1.09e-01	  3.75e-02	-1.81117e+01
  1.09e-01	  3.80e-02	-1.14763e+01
  1.09e-01	  3.85e-02	4.61390e+01
  1.09e-01	  3.91e-02	1.34678e+02
  1.09e-01	  3.96e-02	2.77390e+02
  1.09e-01	  4.01e-02	9.03353e-31
  1.09e-01	  4.06e-02	1.47602e-63
  1.09e-01	  4.11e-02	2.25810e-96
  1.09e-01	  4.17e-02	3.45986e-129
  1.09e-01	  4.22e-02	5.30716e-162
  1.09e-01	  4.27e-02	8.14537e-195
  1.09e-01	  4.32e-02	1.25018e-227
  1.09e-01	  4.37e-02	1.91823e-260
  1.09e-01	  4.43e-02	2.94233e-293
  1.09e-01	  4.48e-02	0.00000e+00
  1.09e-01	  4.53e-02	0.00000e+00
  1.09e-01	  4.58e-02	0.00000e+00
  1.09e-01	  4.64e-02	0.00000e+00
  1.09e-01	  4.69e-02	0.00000e+00
  1.09e-01	  4.74e-02	0.00000e+00
  1.09e-01	  4.79e-02	0.00000e+00
  1.09e-01	  4.84e-02	0.00000e+00
  1.09e-01	  4.90e-02	0.00000e+00
  1.09e-01	  4.95e-02	0.00000e+00

  1.10e-01	  0.00e+00	0.00000e+00
  1.10e-01	  5.21e-04	0.00000e+00
  1.10e-01	  1.04e-03	0.00000e+00
  1.10e-01	  1.56e-03	0.00000e+00
  1.10e-01	  2.08e-03	0.00000e+00
  1.10e-01	  2.60e-03	0.00000e+00
  1.10e-01	  3.12e-03	0.00000e+00
  1.10e-01	  3.65e-03	0.00000e+00
  1.10e-01	  4.17e-03	-2.93835e-293
  1.10e-01	  4.69e-03	-1.91554e-260
  1.10e-01	  5.21e-03	-1.24839e-227
  1.10e-01	  5.73e-03	-8.13370e-195
  1.10e-01	  6.25e-03	-5.29961e-162
  1.10e-01	  6.77e-03	-3.45499e-129
  1.10e-01	  7.29e-03	-2.25496e-96
  1.10e-01	  7.81e-03	-1.47397e-63
  1.10e-01	  8.33e-03	-9.65040e-31
  1.10e-01	  8.85e-03	-2.77071e+02
  1.10e-01	  9.37e-03	-1.34517e+02
  1.10e-01	  9.90e-03	-4.57059e+01
  1.10e-01	  1.04e-02	1.15647e+01
  1.10e-01	  1.09e-02	1.79708e+01
  1.10e-01	  1.15e-02	1.61436e+01
  1.10e-01	  1.20e-02	1.31711e+01
  1.10e-01	  1.25e-02	9.47548e+00
  1.10e-01	  1.30e-02	5.89200e+00
  1.10e-01	  1.35e-02	3.21897e+00
  1.10e-01	  1.41e-02	1.62074e+00
  1.10e-01	  1.46e-02	7.84770e-01
  1.10e-01	  1.51e-02	3.69683e-01
  1.10e-01	  1.56e-02	1.65807e-01
  1.10e-01	  1.61e-02	6.61990e-02
  1.10e-01	  1.67e-02	1.82614e-02
  1.10e-01	  1.72e-02	-4.19575e-03
  1.10e-01	  1.77e-02	-1.42701e-02
  1.10e-01	  1.82e-02	-1.83800e-02
  1.10e-01	  1.88e-02	-1.95741e-02
  1.10e-01	  1.93e-02	-1.92825e-02
  1.10e-01	  1.98e-02	-1.81975e-02
  1.10e-01	  2.03e-02	-1.66796e-02
  1.10e-01	  2.08e-02	-1.49283e-02
  1.10e-01	  2.14e-02	-1.30571e-02
  1.10e-01	  2.19e-02	-1.11283e-02
  1.10e-01	  2.24e-02	-9.17452e-03
  1.10e-01	  2.29e-02	-7.21149e-03
  1.10e-01	  2.34e-02	-5.24561e-03
  1.10e-01	  2.40e-02	-3.27868e-03
  1.10e-01	  2.45e-02	-1.31033e-03
  1.10e-01	  2.50e-02	6.60539e-04
  1.10e-01	  2.55e-02	2.63462e-03
  1.10e-01	  2.60e-02	4.61074e-03
  1.10e-01	  2.66e-02	6.58343e-03
  1.10e-01	  2.71e-02	8.53849e-03
  1.10e-01	  2.76e-02	1.04454e-02
  1.10e-01	  2.81e-02	1.22449e-02
  1.10e-01	  2.86e-02	1.38294e-02
  1.10e-01	  2.92e-02	1.50095e-02
  1.10e-01	  2.97e-02	1.54439e-02
  1.10e-01	  3.02e-02	1.44722e-02
  1.10e-01	  3.07e-02	1.07133e-02
  1.10e-01	  3.13e-02	1.18073e-03
  1.10e-01	  3.18e-02	-2.04868e-02
  1.10e-01	  3.23e-02	-6.73912e-02
  1.10e-01	  3.28e-02	-1.65935e-01
  1.10e-01	  3.33e-02	-3.69510e-01
  1.10e-01	  3.39e-02	-7.87294e-01
  1.10e-01	  3.44e-02	-1.63396e+00
  1.10e-01	  3.49e-02	-3.25796e+00
  1.10e-01	  3.54e-02	-5.97206e+00
  1.10e-01	  3.59e-02	-9.59445e+00
  1.10e-01	  3.65e-02	-1.33047e+01
  1.10e-01	  3.70e-02	-1.62596e+01
  1.10e-01	  3.75e-02	-1.80319e+01
  1.10e-01	  3.80e-02	-1.14672e+01
  1.10e-01	  3.85e-02	4.59436e+01
  1.10e-01	  3.91e-02	1.34639e+02
  1.10e-01	  3.96e-02	2.77322e+02
  1.10e-01	  4.01e-02	9.03286e-31
  1.10e-01	  4.06e-02	1.47569e-63
  1.10e-01	  4.11e-02	2.25763e-96
  1.10e-01	  4.17e-02	3.45913e-129
  1.10e-01	  4.22e-02	5.30599e-162
  1.10e-01	  4.27e-02	8.14348e-195
  1.10e-01	  4.32e-02	1.24988e-227
  1.10e-01	  4.37e-02	1.91780e-260
  1.10e-01	  4.43e-02	2.94176e-293
  1.10e-01	  4.48e-02	0.00000e+00
  1.10e-01	  4.53e-02	0.00000e+00
  1.10e-01	  4.58e-02	0.00000e+00
  1.10e-01	  4.64e-02	0.00000e+00
  1.10e-01	  4.69e-02	0.00000e+00
  1.10e-01	  4.74e-02	0.00000e+00
  1.10e-01	  4.79e-02	0.00000e+00
  1.10e-01	  4.84e-02	0.00000e+00
  1.10e-01	  4.90e-02	0.00000e+00
  1.10e-01	  4.95e-02	0.00000e+00

  1.11e-01	  0.00e+00	0.00000e+00
  1.11e-01	  5.21e-04	0.00000e+00
  1.11e-01	  1.04e-03	0.00000e+00
  1.11e-01	  1.56e-03	0.00000e+00
  1.11e-01	  2.08e-03	0.00000e+00
  1.11e-01	  2.60e-03	0.00000e+00
  1.11e-01	  3.12e-03	0.00000e+00
  1.11e-01	  3.65e-03	0.00000e+00
  1.11e-01	  4.17e-03	-2.93810e-293
  1.11e-01	  4.69e-03	-1.91529e-260
  1.11e-01	  5.21e-03	-1.24820e-227
  1.11e-01	  5.73e-03	-8.13242e-195
  1.11e-01	  6.25e-03	-5.29882e-162
  1.11e-01	  6.77e-03	-3.45451e-129
  1.11e-01	  7.29e-03	-2.25465e-96
  1.11e-01	  7.81e-03	-1.47375e-63
  1.11e-01	  8.33e-03	-9.64869e-31
  1.11e-01	  8.85e-03	-2.77022e+02
  1.11e-01	  9.37e-03	-1.34483e+02
  1.11e-01	  9.90e-03	-4.55372e+01
  1.11e-01	  1.04e-02	1.15685e+01
  1.11e-01	  1.09e-02	1.79024e+01
  1.11e-01	  1.15e-02	1.60679e+01
  1.11e-01	  1.20e-02	1.30954e+01
  1.11e-01	  1.25e-02	9.40976e+00
  1.11e-01	  1.30e-02	5.84605e+00
  1.11e-01	  1.35e-02	3.19430e+00
  1.11e-01	  1.41e-02	1.61078e+00
  1.11e-01	  1.46e-02	7.82072e-01
  1.11e-01	  1.51e-02	3.69642e-01
  1.11e-01	  1.56e-02	1.66267e-01
  1.11e-01	  1.61e-02	6.63562e-02
  1.11e-01	  1.67e-02	1.79473e-02
  1.11e-01	  1.72e-02	-4.89176e-03
  1.11e-01	  1.77e-02	-1.51912e-02
  1.11e-01	  1.82e-02	-1.93876e-02
  1.11e-01	  1.88e-02	-2.05738e-02
  1.11e-01	  1.93e-02	-2.02212e-02
  1.11e-01	  1.98e-02	-1.90513e-02
  1.11e-01	  2.03e-02	-1.74410e-02
  1.11e-01	  2.08e-02	-1.55987e-02
  1.11e-01	  2.14e-02	-1.36408e-02
  1.11e-01	  2.19e-02	-1.16311e-02
  1.11e-01	  2.24e-02	-9.60179e-03
  1.11e-01	  2.29e-02	-7.56795e-03
  1.11e-01	  2.34e-02	-5.53514e-03
  1.11e-01	  2.40e-02	-3.50425e-03
  1.11e-01	  2.45e-02	-1.47396e-03
  1.11e-01	  2.50e-02	5.57774e-04
  1.11e-01	  2.55e-02	2.59257e-03
  1.11e-01	  2.60e-02	4.63022e-03
  1.11e-01	  2.66e-02	6.66612e-03
  1.11e-01	  2.71e-02	8.68677e-03
  1.11e-01	  2.76e-02	1.06618e-02
  1.11e-01	  2.81e-02	1.25309e-02
  1.11e-01	  2.86e-02	1.41828e-02
  1.11e-01	  2.92e-02	1.54192e-02
  1.11e-01	  2.97e-02	1.58809e-02
  1.11e-01	  3.02e-02	1.48779e-02
  1.11e-01	  3.07e-02	1.09882e-02
  1.11e-01	  3.13e-02	1.18619e-03
  1.11e-01	  3.18e-02	-2.08926e-02
  1.11e-01	  3.23e-02	-6.82490e-02
  1.11e-01	  3.28e-02	-1.66963e-01
  1.11e-01	  3.33e-02	-3.69674e-01
  1.11e-01	  3.39e-02	-7.84012e-01
  1.11e-01	  3.44e-02	-1.62192e+00
  1.11e-01	  3.49e-02	-3.22893e+00
  1.11e-01	  3.54e-02	-5.91928e+00
  1.11e-01	  3.59e-02	-9.52031e+00
  1.11e-01	  3.65e-02	-1.32199e+01
  1.11e-01	  3.70e-02	-1.61744e+01
  1.11e-01	  3.75e-02	-1.79536e+01
  1.11e-01	  3.80e-02	-1.14695e+01
  1.11e-01	  3.85e-02	4.57484e+01
  1.11e-01	  3.91e-02	1.34604e+02
  1.11e-01	  3.96e-02	2.77269e+02
  1.11e-01	  4.01e-02	9.03262e-31
  1.11e-01	  4.06e-02	1.47546e-63
  1.11e-01	  4.11e-02	2.25730e-96
  1.11e-01	  4.17e-02	3.45862e-129
  1.11e-01	  4.22e-02	5.30514e-162
  1.11e-01	  4.27e-02	8.14210e-195
  1.11e-01	  4.32e-02	1.24967e-227
  1.11e-01	  4.37e-02	1.91750e-260
  1.11e-01	  4.43e-02	2.94141e-293
  1.11e-01	  4.48e-02	0.00000e+00
  1.11e-01	  4.53e-02	0.00000e+00
  1.11e-01	  4.58e-02	0.00000e+00
  1.11e-01	  4.64e-02	0.00000e+00
  1.11e-01	  4.69e-02	0.00000e+00
  1.11e-01	  4.74e-02	0.00000e+00
  1.11e-01	  4.79e-02	0.00000e+00
  1.11e-01	  4.84e-02	0.00000e+00
  1.11e-01	  4.90e-02	0.00000e+00
  1.11e-01	  4.95e-02	0.00000e+00

  1.12e-01	  0.00e+00	0.00000e+00
  1.12e-01	  5.21e-04	0.00000e+00
  1.12e-01	  1.04e-03	0.00000e+00
  1.12e-01	  1.56e-03	0.00000e+00
  1.12e-01	  2.08e-03	0.00000e+00
  1.12e-01	  2.60e-03	0.00000e+00
  1.12e-01	  3.12e-03	0.00000e+00
  1.12e-01	  3.65e-03	0.00000e+00
  1.12e-01	  4.17e-03	-2.93811e-293
  1.12e-01	  4.69e-03	-1.91519e-260
  1.12e-01	  5.21e-03	-1.24810e-227
  1.12e-01	  5.73e-03	-8.13168e-195
  1.12e-01	  6.25e-03	-5.29836e-162
  1.12e-01	  6.77e-03	-3.45425e-129
  1.12e-01	  7.29e-03	-2.25448e-96
  1.12e-01	  7.81e-03	-1.47363e-63
  1.12e-01	  8.33e-03	-9.64758e-31
  1.12e-01	  8.85e-03	-2.76986e+02
  1.12e-01	  9.37e-03	-1.34453e+02
  1.12e-01	  9.90e-03	-4.53727e+01
  1.12e-01	  1.04e-02	1.15836e+01
  1.12e-01	  1.09e-02	1.78364e+01
  1.12e-01	  1.15e-02	1.59919e+01
  1.12e-01	  1.20e-02	1.30196e+01
  1.12e-01	  1.25e-02	9.34480e+00
  1.12e-01	  1.30e-02	5.80179e+00
  1.12e-01	  1.35e-02	3.17160e+00
  1.12e-01	  1.41e-02	1.60247e+00
  1.12e-01	  1.46e-02	7.80561e-01
  1.12e-01	  1.51e-02	3.70419e-01
  1.12e-01	  1.56e-02	1.67303e-01
  1.12e-01	  1.61e-02	6.69420e-02
  1.12e-01	  1.67e-02	1.79770e-02
  1.12e-01	  1.72e-02	-5.29207e-03
  1.12e-01	  1.77e-02	-1.58452e-02
  1.12e-01	  1.82e-02	-2.01475e-02
  1.12e-01	  1.88e-02	-2.13419e-02
  1.12e-01	  1.93e-02	-2.09442e-02
  1.12e-01	  1.98e-02	-1.97061e-02
  1.12e-01	  2.03e-02	-1.80218e-02
  1.12e-01	  2.08e-02	-1.61078e-02
  1.12e-01	  2.14e-02	-1.40842e-02
  1.12e-01	  2.19e-02	-1.20153e-02
  1.12e-01	  2.24e-02	-9.93310e-03
  1.12e-01	  2.29e-02	-7.85179e-03
  1.12e-01	  2.34e-02	-5.77597e-03
  1.12e-01	  2.40e-02	-3.70548e-03
  1.12e-01	  2.45e-02	-1.63803e-03
  1.12e-01	  2.50e-02	4.29446e-04
  1.12e-01	  2.55e-02	2.49955e-03
  1.12e-01	  2.60e-02	4.57305e-03
  1.12e-01	  2.66e-02	6.64627e-03
  1.12e-01	  2.71e-02	8.70645e-03
  1.12e-01	  2.76e-02	1.07234e-02
  1.12e-01	  2.81e-02	1.26358e-02
  1.12e-01	  2.86e-02	1.43284e-02
  1.12e-01	  2.92e-02	1.55937e-02
  1.12e-01	  2.97e-02	1.60543e-02
  1.12e-01	  3.02e-02	1.49887e-02
  1.12e-01	  3.07e-02	1.09304e-02
  1.12e-01	  3.13e-02	8.08326e-04
  1.12e-01	  3.18e-02	-2.17566e-02
  1.12e-01	  3.23e-02	-6.96830e-02
  1.12e-01	  3.28e-02	-1.68756e-01
  1.12e-01	  3.33e-02	-3.70901e-01
  1.12e-01	  3.39e-02	-7.82227e-01
  1.12e-01	  3.44e-02	-1.61191e+00
  1.12e-01	  3.49e-02	-3.20225e+00
  1.12e-01	  3.54e-02	-5.86842e+00
  1.12e-01	  3.59e-02	-9.44689e+00
  1.12e-01	  3.65e-02	-1.31348e+01
  1.12e-01	  3.70e-02	-1.60886e+01
  1.12e-01	  3.75e-02	-1.78776e+01
  1.12e-01	  3.80e-02	-1.14837e+01
  1.12e-01	  3.85e-02	4.55566e+01
  1.12e-01	  3.91e-02	1.34572e+02
  1.12e-01	  3.96e-02	2.77230e+02
  1.12e-01	  4.01e-02	9.03280e-31
  1.12e-01	  4.06e-02	1.47532e-63
  1.12e-01	  4.11e-02	2.25712e-96
  1.12e-01	  4.17e-02	3.45832e-129
  1.12e-01	  4.22e-02	5.30463e-162
  1.12e-01	  4.27e-02	8.14124e-195
  1.12e-01	  4.32e-02	1.24954e-227
  1.12e-01	  4.37e-02	1.91735e-260
  1.12e-01	  4.43e-02	2.94130e-293
  1.12e-01	  4.48e-02	0.00000e+00
  1.12e-01	  4.53e-02	0.00000e+00
  1.12e-01	  4.58e-02	0.00000e+00
  1.12e-01	  4.64e-02	0.00000e+00
  1.12e-01	  4.69e-02	0.00000e+00
  1.12e-01	  4.74e-02	0.00000e+00
  1.12e-01	  4.79e-02	0.00000e+00
  1.12e-01	  4.84e-02	0.00000e+00
  1.12e-01	  4.90e-02	0.00000e+00
  1.12e-01	  4.95e-02	0.00000e+00

  1.12e-01	  0.00e+00	0.00000e+00
  1.12e-01	  5.21e-04	0.00000e+00
  1.12e-01	  1.04e-03	0.00000e+00
  1.12e-01	  1.56e-03	0.00000e+00
  1.12e-01	  2.08e-03	0.00000e+00
  1.12e-01	  2.60e-03	0.00000e+00
  1.12e-01	  3.12e-03	0.00000e+00
  1.12e-01	  3.65e-03	0.00000e+00
  1.12e-01	  4.17e-03	-2.93842e-293
  1.12e-01	  4.69e-03	-1.91526e-260
  1.12e-01	  5.21e-03	-1.24810e-227
  1.12e-01	  5.73e-03	-8.13154e-195
  1.12e-01	  6.25e-03	-5.29828e-162
  1.12e-01	  6.77e-03	-3.45421e-129
  1.12e-01	  7.29e-03	-2.25446e-96
  1.12e-01	  7.81e-03	-1.47359e-63
  1.12e-01	  8.33e-03	-9.64710e-31
  1.12e-01	  8.85e-03	-2.76965e+02
  1.12e-01	  9.37e-03	-1.34426e+02
  1.12e-01	  9.90e-03	-4.52156e+01
  1.12e-01	  1.04e-02	1.16102e+01
  1.12e-01	  1.09e-02	1.77736e+01
  1.12e-01	  1.15e-02	1.59164e+01
  1.12e-01	  1.20e-02	1.29445e+01
  1.12e-01	  1.25e-02	9.28132e+00
  1.12e-01	  1.30e-02	5.75972e+00
  1.12e-01	  1.35e-02	3.15123e+00
  1.12e-01	  1.41e-02	1.59609e+00
  1.12e-01	  1.46e-02	7.80481e-01
  1.12e-01	  1.51e-02	3.72223e-01
  1.12e-01	  1.56e-02	1.69085e-01
  1.12e-01	  1.61e-02	6.80948e-02
  1.12e-01	  1.67e-02	1.84620e-02
  1.12e-01	  1.72e-02	-5.30637e-03
  1.12e-01	  1.77e-02	-1.61581e-02
  1.12e-01	  1.82e-02	-2.05986e-02
  1.12e-01	  1.88e-02	-2.18280e-02
  1.12e-01	  1.93e-02	-2.14098e-02
  1.12e-01	  1.98e-02	-2.01275e-02
  1.12e-01	  2.03e-02	-1.83932e-02
  1.12e-01	  2.08e-02	-1.64321e-02
  1.12e-01	  2.14e-02	-1.43675e-02
  1.12e-01	  2.19e-02	-1.22645e-02
  1.12e-01	  2.24e-02	-1.01548e-02
  1.12e-01	  2.29e-02	-8.05162e-03
  1.12e-01	  2.34e-02	-5.95857e-03
  1.12e-01	  2.40e-02	-3.87454e-03
  1.12e-01	  2.45e-02	-1.79622e-03
  1.12e-01	  2.50e-02	2.80370e-04
  1.12e-01	  2.55e-02	2.35878e-03
  1.12e-01	  2.60e-02	4.44067e-03
  1.12e-01	  2.66e-02	6.52322e-03
  1.12e-01	  2.71e-02	8.59429e-03
  1.12e-01	  2.76e-02	1.06238e-02
  1.12e-01	  2.81e-02	1.25491e-02
  1.12e-01	  2.86e-02	1.42510e-02
  1.12e-01	  2.92e-02	1.55121e-02
  1.12e-01	  2.97e-02	1.59356e-02
  1.12e-01	  3.02e-02	1.47665e-02
  1.12e-01	  3.07e-02	1.04900e-02
  1.12e-01	  3.13e-02	-1.86233e-05
  1.12e-01	  3.18e-02	-2.31660e-02
  1.12e-01	  3.23e-02	-7.18087e-02
  1.12e-01	  3.28e-02	-1.71466e-01
  1.12e-01	  3.33e-02	-3.73380e-01
  1.12e-01	  3.39e-02	-7.82168e-01
  1.12e-01	  3.44e-02	-1.60419e+00
  1.12e-01	  3.49e-02	-3.17826e+00
  1.12e-01	  3.54e-02	-5.81998e+00
  1.12e-01	  3.59e-02	-9.37491e+00
  1.12e-01	  3.65e-02	-1.30501e+01
  1.12e-01	  3.70e-02	-1.60032e+01
  1.12e-01	  3.75e-02	-1.78048e+01
  1.12e-01	  3.80e-02	-1.15104e+01
  1.12e-01	  3.85e-02	4.53716e+01
  1.12e-01	  3.91e-02	1.34545e+02
  1.12e-01	  3.96e-02	2.77207e+02
  1.12e-01	  4.01e-02	9.03341e-31
  1.12e-01	  4.06e-02	1.47528e-63
  1.12e-01	  4.11e-02	2.25708e-96
  1.12e-01	  4.17e-02	3.45826e-129
  1.12e-01	  4.22e-02	5.30449e-162
  1.12e-01	  4.27e-02	8.14096e-195
  1.12e-01	  4.32e-02	1.24951e-227
  1.12e-01	  4.37e-02	1.91735e-260
  1.12e-01	  4.43e-02	2.94147e-293
  1.12e-01	  4.48e-02	0.00000e+00
  1.12e-01	  4.53e-02	0.00000e+00
  1.12e-01	  4.58e-02	0.00000e+00
  1.12e-01	  4.64e-02	0.00000e+00
  1.12e-01	  4.69e-02	0.00000e+00
  1.12e-01	  4.74e-02	0.00000e+00
  1.12e-01	  4.79e-02	0.00000e+00
  1.12e-01	  4.84e-02	0.00000e+00
  1.12e-01	  4.90e-02	0.00000e+00
  1.12e-01	  4.95e-02	0.00000e+00

  1.13e-01	  0.00e+00	0.00000e+00
  1.13e-01	  5.21e-04	0.00000e+00
  1.13e-01	  1.04e-03	0.00000e+00
  1.13e-01	  1.56e-03	0.00000e+00
  1.13e-01	  2.08e-03	0.00000e+00
  1.13e-01	  2.60e-03	0.00000e+00
  1.13e-01	  3.12e-03	0.00000e+00
  1.13e-01	  3.65e-03	0.00000e+00
  1.13e-01	  4.17e-03	-2.93906e-293
  1.13e-01	  4.69e-03	-1.91553e-260
  1.13e-01	  5.21e-03	-1.24820e-227
  1.13e-01	  5.73e-03	-8.13206e-195
  1.13e-01	  6.25e-03	-5.29858e-162
  1.13e-01	  6.77e-03	-3.45442e-129
  1.13e-01	  7.29e-03	-2.25460e-96
  1.13e-01	  7.81e-03	-1.47366e-63
  1.13e-01	  8.33e-03	-9.64726e-31
  1.13e-01	  8.85e-03	-2.76958e+02
  1.13e-01	  9.37e-03	-1.34401e+02
  1.13e-01	  9.90e-03	-4.50691e+01
  1.13e-01	  1.04e-02	1.16480e+01
  1.13e-01	  1.09e-02	1.77148e+01
  1.13e-01	  1.15e-02	1.58427e+01
  1.13e-01	  1.20e-02	1.28714e+01
  1.13e-01	  1.25e-02	9.22031e+00
  1.13e-01	  1.30e-02	5.72060e+00
  1.13e-01	  1.35e-02	3.13373e+00
  1.13e-01	  1.41e-02	1.59206e+00
  1.13e-01	  1.46e-02	7.82163e-01
  1.13e-01	  1.51e-02	3.75311e-01
  1.13e-01	  1.56e-02	1.71813e-01
  1.13e-01	  1.61e-02	6.99656e-02
  1.13e-01	  1.67e-02	1.95177e-02
  1.13e-01	  1.72e-02	-4.84512e-03
  1.13e-01	  1.77e-02	-1.60595e-02
  1.13e-01	  1.82e-02	-2.06852e-02
  1.13e-01	  1.88e-02	-2.19873e-02
  1.13e-01	  1.93e-02	-2.15820e-02
  1.13e-01	  1.98e-02	-2.02865e-02
  1.13e-01	  2.03e-02	-1.85320e-02
  1.13e-01	  2.08e-02	-1.65526e-02
  1.13e-01	  2.14e-02	-1.44752e-02
  1.13e-01	  2.19e-02	-1.23658e-02
  1.13e-01	  2.24e-02	-1.02559e-02
  1.13e-01	  2.29e-02	-8.15782e-03
  1.13e-01	  2.34e-02	-6.07443e-03
  1.13e-01	  2.40e-02	-4.00368e-03
  1.13e-01	  2.45e-02	-1.94146e-03
  1.13e-01	  2.50e-02	1.17017e-04
  1.13e-01	  2.55e-02	2.17607e-03
  1.13e-01	  2.60e-02	4.23809e-03
  1.13e-01	  2.66e-02	6.30088e-03
  1.13e-01	  2.71e-02	8.35273e-03
  1.13e-01	  2.76e-02	1.03633e-02
  1.13e-01	  2.81e-02	1.22685e-02
  1.13e-01	  2.86e-02	1.39445e-02
  1.13e-01	  2.92e-02	1.51633e-02
  1.13e-01	  2.97e-02	1.55074e-02
  1.13e-01	  3.02e-02	1.41856e-02
  1.13e-01	  3.07e-02	9.62944e-03
  1.13e-01	  3.13e-02	-1.34876e-03
  1.13e-01	  3.18e-02	-2.51990e-02
  1.13e-01	  3.23e-02	-7.47395e-02
  1.13e-01	  3.28e-02	-1.75253e-01
  1.13e-01	  3.33e-02	-3.77338e-01
  1.13e-01	  3.39e-02	-7.84139e-01
  1.13e-01	  3.44e-02	-1.59916e+00
  1.13e-01	  3.49e-02	-3.15749e+00
  1.13e-01	  3.54e-02	-5.77471e+00
  1.13e-01	  3.59e-02	-9.30538e+00
  1.13e-01	  3.65e-02	-1.29673e+01
  1.13e-01	  3.70e-02	-1.59193e+01
  1.13e-01	  3.75e-02	-1.77364e+01
  1.13e-01	  3.80e-02	-1.15492e+01
  1.13e-01	  3.85e-02	4.51972e+01
  1.13e-01	  3.91e-02	1.34522e+02
  1.13e-01	  3.96e-02	2.77199e+02
  1.13e-01	  4.01e-02	9.03445e-31
  1.13e-01	  4.06e-02	1.47534e-63
  1.13e-01	  4.11e-02	2.25721e-96
  1.13e-01	  4.17e-02	3.45845e-129
  1.13e-01	  4.22e-02	5.30472e-162
  1.13e-01	  4.27e-02	8.14130e-195
  1.13e-01	  4.32e-02	1.24958e-227
  1.13e-01	  4.37e-02	1.91753e-260
  1.13e-01	  4.43e-02	2.94195e-293
  1.13e-01	  4.48e-02	0.00000e+00
  1.13e-01	  4.53e-02	0.00000e+00
  1.13e-01	  4.58e-02	0.00000e+00
  1.13e-01	  4.64e-02	0.00000e+00
  1.13e-01	  4.69e-02	0.00000e+00
  1.13e-01	  4.74e-02	0.00000e+00
  1.13e-01	  4.79e-02	0.00000e+00
  1.13e-01	  4.84e-02	0.00000e+00
  1.13e-01	  4.90e-02	0.00000e+00
  1.13e-01	  4.95e-02	0.00000e+00

  1.14e-01	  0.00e+00	0.00000e+00
  1.14e-01	  5.21e-04	0.00000e+00
  1.14e-01	  1.04e-03	0.00000e+00
  1.14e-01	  1.56e-03	0.00000e+00
  1.14e-01	  2.08e-03	0.00000e+00
  1.14e-01	  2.60e-03	0.00000e+00
  1.14e-01	  3.12e-03	0.00000e+00
  1.14e-01	  3.65e-03	0.00000e+00
  1.14e-01	  4.17e-03	-2.94009e-293
  1.14e-01	  4.69e-03	-1.91601e-260
  1.14e-01	  5.21e-03	-1.24844e-227
  1.14e-01	  5.73e-03	-8.13330e-195
  1.14e-01	  6.25e-03	-5.29933e-162
  1.14e-01	  6.77e-03	-3.45490e-129
  1.14e-01	  7.29e-03	-2.25490e-96
  1.14e-01	  7.81e-03	-1.47384e-63
  1.14e-01	  8.33e-03	-9.64810e-31
  1.14e-01	  8.85e-03	-2.76966e+02
  1.14e-01	  9.37e-03	-1.34380e+02
  1.14e-01	  9.90e-03	-4.49365e+01
  1.14e-01	  1.04e-02	1.16960e+01
  1.14e-01	  1.09e-02	1.76609e+01
  1.14e-01	  1.15e-02	1.57720e+01
  1.14e-01	  1.20e-02	1.28015e+01
  1.14e-01	  1.25e-02	9.16303e+00
  1.14e-01	  1.30e-02	5.68542e+00
  1.14e-01	  1.35e-02	3.11983e+00
  1.14e-01	  1.41e-02	1.59091e+00
  1.14e-01	  1.46e-02	7.85985e-01
  1.14e-01	  1.51e-02	3.79959e-01
  1.14e-01	  1.56e-02	1.75685e-01
  1.14e-01	  1.61e-02	7.26986e-02
  1.14e-01	  1.67e-02	2.12492e-02
  1.14e-01	  1.72e-02	-3.83062e-03
  1.14e-01	  1.77e-02	-1.54909e-02
  1.14e-01	  1.82e-02	-2.03623e-02
  1.14e-01	  1.88e-02	-2.17855e-02
  1.14e-01	  1.93e-02	-2.14341e-02
  1.14e-01	  1.98e-02	-2.01626e-02
  1.14e-01	  2.03e-02	-1.84221e-02
  1.14e-01	  2.08e-02	-1.64565e-02
  1.14e-01	  2.14e-02	-1.43970e-02
  1.14e-01	  2.19e-02	-1.23107e-02
  1.14e-01	  2.24e-02	-1.02288e-02
  1.14e-01	  2.29e-02	-8.16340e-03
  1.14e-01	  2.34e-02	-6.11666e-03
  1.14e-01	  2.40e-02	-4.08590e-03
  1.14e-01	  2.45e-02	-2.06641e-03
  1.14e-01	  2.50e-02	-5.28440e-05
  1.14e-01	  2.55e-02	1.95960e-03
  1.14e-01	  2.60e-02	3.97377e-03
  1.14e-01	  2.66e-02	5.98780e-03
  1.14e-01	  2.71e-02	7.99005e-03
  1.14e-01	  2.76e-02	9.94968e-03
  1.14e-01	  2.81e-02	1.18004e-02
  1.14e-01	  2.86e-02	1.34132e-02
  1.14e-01	  2.92e-02	1.45488e-02
  1.14e-01	  2.97e-02	1.47668e-02
  1.14e-01	  3.02e-02	1.32366e-02
  1.14e-01	  3.07e-02	8.32979e-03
  1.14e-01	  3.13e-02	-3.21593e-03
  1.14e-01	  3.18e-02	-2.79131e-02
  1.14e-01	  3.23e-02	-7.85692e-02
  1.14e-01	  3.28e-02	-1.80269e-01
  1.14e-01	  3.33e-02	-3.83002e-01
  1.14e-01	  3.39e-02	-7.88475e-01
  1.14e-01	  3.44e-02	-1.59731e+00
  1.14e-01	  3.49e-02	-3.14064e+00
  1.14e-01	  3.54e-02	-5.73361e+00
  1.14e-01	  3.59e-02	-9.23965e+00
  1.14e-01	  3.65e-02	-1.28876e+01
  1.14e-01	  3.70e-02	-1.58384e+01
  1.14e-01	  3.75e-02	-1.76732e+01
  1.14e-01	  3.80e-02	-1.15998e+01
  1.14e-01	  3.85e-02	4.50369e+01
  1.14e-01	  3.91e-02	1.34503e+02
  1.14e-01	  3.96e-02	2.77207e+02
  1.14e-01	  4.01e-02	9.03596e-31
  1.14e-01	  4.06e-02	1.47551e-63
  1.14e-01	  4.11e-02	2.25750e-96
  1.14e-01	  4.17e-02	3.45889e-129
  1.14e-01	  4.22e-02	5.30537e-162
  1.14e-01	  4.27e-02	8.14232e-195
  1.14e-01	  4.32e-02	1.24976e-227
  1.14e-01	  4.37e-02	1.91791e-260
  1.14e-01	  4.43e-02	2.94278e-293
  1.14e-01	  4.48e-02	0.00000e+00
  1.14e-01	  4.53e-02	0.00000e+00
  1.14e-01	  4.58e-02	0.00000e+00
  1.14e-01	  4.64e-02	0.00000e+00
  1.14e-01	  4.69e-02	0.00000e+00
  1.14e-01	  4.74e-02	0.00000e+00
  1.14e-01	  4.79e-02	0.00000e+00
  1.14e-01	  4.84e-02	0.00000e+00
  1.14e-01	  4.90e-02	0.00000e+00
  1.14e-01	  4.95e-02	0.00000e+00

  1.15e-01	  0.00e+00	0.00000e+00
  1.15e-01	  5.21e-04	0.00000e+00
  1.15e-01	  1.04e-03	0.00000e+00
  1.15e-01	  1.56e-03	0.00000e+00
  1.15e-01	  2.08e-03	0.00000e+00
  1.15e-01	  2.60e-03	0.00000e+00
  1.15e-01	  3.12e-03	0.00000e+00
  1.15e-01	  3.65e-03	0.00000e+00
  1.15e-01	  4.17e-03	-2.94154e-293
  1.15e-01	  4.69e-03	-1.91673e-260
  1.15e-01	  5.21e-03	-1.24881e-227
  1.15e-01	  5.73e-03	-8.13534e-195
  1.15e-01	  6.25e-03	-5.30054e-162
  1.15e-01	  6.77e-03	-3.45566e-129
  1.15e-01	  7.29e-03	-2.25537e-96
  1.15e-01	  7.81e-03	-1.47412e-63
  1.15e-01	  8.33e-03	-9.64965e-31
  1.15e-01	  8.85e-03	-2.76990e+02
  1.15e-01	  9.37e-03	-1.34361e+02
  1.15e-01	  9.90e-03	-4.48208e+01
  1.15e-01	  1.04e-02	1.17532e+01
  1.15e-01	  1.09e-02	1.76126e+01
  1.15e-01	  1.15e-02	1.57056e+01
  1.15e-01	  1.20e-02	1.27365e+01
  1.15e-01	  1.25e-02	9.11097e+00
  1.15e-01	  1.30e-02	5.65535e+00
  1.15e-01	  1.35e-02	3.11034e+00
  1.15e-01	  1.41e-02	1.59318e+00
  1.15e-01	  1.46e-02	7.92327e-01
  1.15e-01	  1.51e-02	3.86425e-01
  1.15e-01	  1.56e-02	1.80877e-01
  1.15e-01	  1.61e-02	7.64120e-02
  1.15e-01	  1.67e-02	2.37375e-02
  1.15e-01	  1.72e-02	-2.20644e-03
  1.15e-01	  1.77e-02	-1.44125e-02
  1.15e-01	  1.82e-02	-1.96018e-02
  1.15e-01	  1.88e-02	-2.12023e-02
  1.15e-01	  1.93e-02	-2.09522e-02
  1.15e-01	  1.98e-02	-1.97459e-02
  1.15e-01	  2.03e-02	-1.80567e-02
  1.15e-01	  2.08e-02	-1.61393e-02
  1.15e-01	  2.14e-02	-1.41294e-02
  1.15e-01	  2.19e-02	-1.20958e-02
  1.15e-01	  2.24e-02	-1.00702e-02
  1.15e-01	  2.29e-02	-8.06456e-03
  1.15e-01	  2.34e-02	-6.08059e-03
  1.15e-01	  2.40e-02	-4.11536e-03
  1.15e-01	  2.45e-02	-2.16390e-03
  1.15e-01	  2.50e-02	-2.20630e-04
  1.15e-01	  2.55e-02	1.71942e-03
  1.15e-01	  2.60e-02	3.65918e-03
  1.15e-01	  2.66e-02	5.59676e-03
  1.15e-01	  2.71e-02	7.52015e-03
  1.15e-01	  2.76e-02	9.39748e-03
  1.15e-01	  2.81e-02	1.11599e-02
  1.15e-01	  2.86e-02	1.26723e-02
  1.15e-01	  2.92e-02	1.36826e-02
  1.15e-01	  2.97e-02	1.37262e-02
  1.15e-01	  3.02e-02	1.19286e-02
  1.15e-01	  3.07e-02	6.59417e-03
  1.15e-01	  3.13e-02	-5.62776e-03
  1.15e-01	  3.18e-02	-3.13347e-02
  1.15e-01	  3.23e-02	-8.33573e-02
  1.15e-01	  3.28e-02	-1.86624e-01
  1.15e-01	  3.33e-02	-3.90570e-01
  1.15e-01	  3.39e-02	-7.95504e-01
  1.15e-01	  3.44e-02	-1.59916e+00
  1.15e-01	  3.49e-02	-3.12854e+00
  1.15e-01	  3.54e-02	-5.69791e+00
  1.15e-01	  3.59e-02	-9.17931e+00
  1.15e-01	  3.65e-02	-1.28130e+01
  1.15e-01	  3.70e-02	-1.57621e+01
  1.15e-01	  3.75e-02	-1.76163e+01
  1.15e-01	  3.80e-02	-1.16609e+01
  1.15e-01	  3.85e-02	4.48943e+01
  1.15e-01	  3.91e-02	1.34487e+02
  1.15e-01	  3.96e-02	2.77231e+02
  1.15e-01	  4.01e-02	9.03796e-31
  1.15e-01	  4.06e-02	1.47579e-63
  1.15e-01	  4.11e-02	2.25796e-96
  1.15e-01	  4.17e-02	3.45960e-129
  1.15e-01	  4.22e-02	5.30647e-162
  1.15e-01	  4.27e-02	8.14409e-195
  1.15e-01	  4.32e-02	1.25007e-227
  1.15e-01	  4.37e-02	1.91852e-260
  1.15e-01	  4.43e-02	2.94400e-293
  1.15e-01	  4.48e-02	0.00000e+00
  1.15e-01	  4.53e-02	0.00000e+00
  1.15e-01	  4.58e-02	0.00000e+00
  1.15e-01	  4.64e-02	0.00000e+00
  1.15e-01	  4.69e-02	0.00000e+00
  1.15e-01	  4.74e-02	0.00000e+00
  1.15e-01	  4.79e-02	0.00000e+00
  1.15e-01	  4.84e-02	0.00000e+00
  1.15e-01	  4.90e-02	0.00000e+00
  1.15e-01	  4.95e-02	0.00000e+00

  1.16e-01	  0.00e+00	0.00000e+00
  1.16e-01	  5.21e-04	0.00000e+00
  1.16e-01	  1.04e-03	0.00000e+00
  1.16e-01	  1.56e-03	0.00000e+00
  1.16e-01	  2.08e-03	0.00000e+00
  1.16e-01	  2.60e-03	0.00000e+00
  1.16e-01	  3.12e-03	0.00000e+00
  1.16e-01	  3.65e-03	0.00000e+00
  1.16e-01	  4.17e-03	-2.94346e-293
  1.16e-01	  4.69e-03	-1.91771e-260
  1.16e-01	  5.21e-03	-1.24933e-227
  1.16e-01	  5.73e-03	-8.13826e-195
  1.16e-01	  6.25e-03	-5.30227e-162
  1.16e-01	  6.77e-03	-3.45673e-129
  1.16e-01	  7.29e-03	-2.25604e-96
  1.16e-01	  7.81e-03	-1.47452e-63
  1.16e-01	  8.33e-03	-9.65193e-31
  1.16e-01	  8.85e-03	-2.77030e+02
  1.16e-01	  9.37e-03	-1.34344e+02
  1.16e-01	  9.90e-03	-4.47248e+01
  1.16e-01	  1.04e-02	1.18178e+01
  1.16e-01	  1.09e-02	1.75709e+01
  1.16e-01	  1.15e-02	1.56451e+01
  1.16e-01	  1.20e-02	1.26780e+01
  1.16e-01	  1.25e-02	9.06571e+00
  1.16e-01	  1.30e-02	5.63167e+00
  1.16e-01	  1.35e-02	3.10614e+00
  1.16e-01	  1.41e-02	1.59944e+00
  1.16e-01	  1.46e-02	8.01526e-01
  1.16e-01	  1.51e-02	3.94916e-01
  1.16e-01	  1.56e-02	1.87515e-01
  1.16e-01	  1.61e-02	8.11838e-02
  1.16e-01	  1.67e-02	2.70299e-02
  1.16e-01	  1.72e-02	5.56132e-05
  1.16e-01	  1.77e-02	-1.28080e-02
  1.16e-01	  1.82e-02	-1.83952e-02
  1.16e-01	  1.88e-02	-2.02346e-02
  1.16e-01	  1.93e-02	-2.01363e-02
  1.16e-01	  1.98e-02	-1.90387e-02
  1.16e-01	  2.03e-02	-1.74392e-02
  1.16e-01	  2.08e-02	-1.56046e-02
  1.16e-01	  2.14e-02	-1.36758e-02
  1.16e-01	  2.19e-02	-1.17240e-02
  1.16e-01	  2.24e-02	-9.78171e-03
  1.16e-01	  2.29e-02	-7.86111e-03
  1.16e-01	  2.34e-02	-5.96413e-03
  1.16e-01	  2.40e-02	-4.08787e-03
  1.16e-01	  2.45e-02	-2.22745e-03
  1.16e-01	  2.50e-02	-3.77462e-04
  1.16e-01	  2.55e-02	1.46687e-03
  1.16e-01	  2.60e-02	3.30816e-03
  1.16e-01	  2.66e-02	5.14406e-03
  1.16e-01	  2.71e-02	6.96177e-03
  1.16e-01	  2.76e-02	8.72783e-03
  1.16e-01	  2.81e-02	1.03701e-02
  1.16e-01	  2.86e-02	1.17467e-02
  1.16e-01	  2.92e-02	1.25918e-02
  1.16e-01	  2.97e-02	1.24135e-02
  1.16e-01	  3.02e-02	1.02899e-02
  1.16e-01	  3.07e-02	4.44912e-03
  1.16e-01	  3.13e-02	-8.56283e-03
  1.16e-01	  3.18e-02	-3.54544e-02
  1.16e-01	  3.23e-02	-8.91180e-02
  1.16e-01	  3.28e-02	-1.94380e-01
  1.16e-01	  3.33e-02	-4.00181e-01
  1.16e-01	  3.39e-02	-8.05503e-01
  1.16e-01	  3.44e-02	-1.60521e+00
  1.16e-01	  3.49e-02	-3.12205e+00
  1.16e-01	  3.54e-02	-5.66896e+00
  1.16e-01	  3.59e-02	-9.12611e+00
  1.16e-01	  3.65e-02	-1.27452e+01
  1.16e-01	  3.70e-02	-1.56922e+01
  1.16e-01	  3.75e-02	-1.75668e+01
  1.16e-01	  3.80e-02	-1.17312e+01
  1.16e-01	  3.85e-02	4.47727e+01
  1.16e-01	  3.91e-02	1.34475e+02
  1.16e-01	  3.96e-02	2.77272e+02
  1.16e-01	  4.01e-02	9.04051e-31
  1.16e-01	  4.06e-02	1.47619e-63
  1.16e-01	  4.11e-02	2.25860e-96
  1.16e-01	  4.17e-02	3.46060e-129
  1.16e-01	  4.22e-02	5.30804e-162
  1.16e-01	  4.27e-02	8.14666e-195
  1.16e-01	  4.32e-02	1.25053e-227
  1.16e-01	  4.37e-02	1.91937e-260
  1.16e-01	  4.43e-02	2.94566e-293
  1.16e-01	  4.48e-02	0.00000e+00
  1.16e-01	  4.53e-02	0.00000e+00
  1.16e-01	  4.58e-02	0.00000e+00
  1.16e-01	  4.64e-02	0.00000e+00
  1.16e-01	  4.69e-02	0.00000e+00
  1.16e-01	  4.74e-02	0.00000e+00
  1.16e-01	  4.79e-02	0.00000e+00
  1.16e-01	  4.84e-02	0.00000e+00
  1.16e-01	  4.90e-02	0.00000e+00
  1.16e-01	  4.95e-02	0.00000e+00

  1.16e-01	  0.00e+00	0.00000e+00
  1.16e-01	  5.21e-04	0.00000e+00
  1.16e-01	  1.04e-03	0.00000e+00
  1.16e-01	  1.56e-03	0.00000e+00
  1.16e-01	  2.08e-03	0.00000e+00
  1.16e-01	  2.60e-03	0.00000e+00
  1.16e-01	  3.12e-03	0.00000e+00
  1.16e-01	  3.65e-03	0.00000e+00
  1.16e-01	  4.17e-03	-2.94592e-293
  1.16e-01	  4.69e-03	-1.91900e-260
  1.16e-01	  5.21e-03	-1.25002e-227
  1.16e-01	  5.73e-03	-8.14216e-195
  1.16e-01	  6.25e-03	-5.30458e-162
  1.16e-01	  6.77e-03	-3.45813e-129
  1.16e-01	  7.29e-03	-2.25690e-96
  1.16e-01	  7.81e-03	-1.47504e-63
  1.16e-01	  8.33e-03	-9.65498e-31
  1.16e-01	  8.85e-03	-2.77086e+02
  1.16e-01	  9.37e-03	-1.34328e+02
  1.16e-01	  9.90e-03	-4.46511e+01
  1.16e-01	  1.04e-02	1.18880e+01
  1.16e-01	  1.09e-02	1.75365e+01
  1.16e-01	  1.15e-02	1.55918e+01
  1.16e-01	  1.20e-02	1.26276e+01
  1.16e-01	  1.25e-02	9.02887e+00
  1.16e-01	  1.30e-02	5.61565e+00
  1.16e-01	  1.35e-02	3.10806e+00
  1.16e-01	  1.41e-02	1.61015e+00
  1.16e-01	  1.46e-02	8.13843e-01
  1.16e-01	  1.51e-02	4.05569e-01
  1.16e-01	  1.56e-02	1.95665e-01
  1.16e-01	  1.61e-02	8.70413e-02
  1.16e-01	  1.67e-02	3.11330e-02
  1.16e-01	  1.72e-02	2.95122e-03
  1.16e-01	  1.77e-02	-1.06877e-02
  1.16e-01	  1.82e-02	-1.67558e-02
  1.16e-01	  1.88e-02	-1.88970e-02
  1.16e-01	  1.93e-02	-1.90014e-02
  1.16e-01	  1.98e-02	-1.80557e-02
  1.16e-01	  2.03e-02	-1.65835e-02
  1.16e-01	  2.08e-02	-1.48648e-02
  1.16e-01	  2.14e-02	-1.30469e-02
  1.16e-01	  2.19e-02	-1.12038e-02
  1.16e-01	  2.24e-02	-9.36939e-03
  1.16e-01	  2.29e-02	-7.55664e-03
  1.16e-01	  2.34e-02	-5.76804e-03
  1.16e-01	  2.40e-02	-4.00118e-03
  1.16e-01	  2.45e-02	-2.25168e-03
  1.16e-01	  2.50e-02	-5.14675e-04
  1.16e-01	  2.55e-02	1.21399e-03
  1.16e-01	  2.60e-02	2.93622e-03
  1.16e-01	  2.66e-02	4.64878e-03
  1.16e-01	  2.71e-02	6.33757e-03
  1.16e-01	  2.76e-02	7.96706e-03
  1.16e-01	  2.81e-02	9.46123e-03
  1.16e-01	  2.86e-02	1.06706e-02
  1.16e-01	  2.92e-02	1.13140e-02
  1.16e-01	  2.97e-02	1.08706e-02
  1.16e-01	  3.02e-02	8.36597e-03
  1.16e-01	  3.07e-02	1.94361e-03
  1.16e-01	  3.13e-02	-1.19707e-02
  1.16e-01	  3.18e-02	-4.02245e-02
  1.16e-01	  3.23e-02	-9.58162e-02
  1.16e-01	  3.28e-02	-2.03531e-01
  1.16e-01	  3.33e-02	-4.11898e-01
  1.16e-01	  3.39e-02	-8.18662e-01
  1.16e-01	  3.44e-02	-1.61591e+00
  1.16e-01	  3.49e-02	-3.12202e+00
  1.16e-01	  3.54e-02	-5.64812e+00
  1.16e-01	  3.59e-02	-9.08184e+00
  1.16e-01	  3.65e-02	-1.26862e+01
  1.16e-01	  3.70e-02	-1.56303e+01
  1.16e-01	  3.75e-02	-1.75258e+01
  1.16e-01	  3.80e-02	-1.18087e+01
  1.16e-01	  3.85e-02	4.46753e+01
  1.16e-01	  3.91e-02	1.34465e+02
  1.16e-01	  3.96e-02	2.77329e+02
  1.16e-01	  4.01e-02	9.04367e-31
  1.16e-01	  4.06e-02	1.47670e-63
  1.16e-01	  4.11e-02	2.25943e-96
  1.16e-01	  4.17e-02	3.46192e-129
  1.16e-01	  4.22e-02	5.31014e-162
  1.16e-01	  4.27e-02	8.15014e-195
  1.16e-01	  4.32e-02	1.25113e-227
  1.16e-01	  4.37e-02	1.92049e-260
  1.16e-01	  4.43e-02	2.94782e-293
  1.16e-01	  4.48e-02	0.00000e+00
  1.16e-01	  4.53e-02	0.00000e+00
  1.16e-01	  4.58e-02	0.00000e+00
  1.16e-01	  4.64e-02	0.00000e+00
  1.16e-01	  4.69e-02	0.00000e+00
  1.16e-01	  4.74e-02	0.00000e+00
  1.16e-01	  4.79e-02	0.00000e+00
  1.16e-01	  4.84e-02	0.00000e+00
  1.16e-01	  4.90e-02	0.00000e+00
  1.16e-01	  4.95e-02	0.00000e+00

  1.17e-01	  0.00e+00	0.00000e+00
  1.17e-01	  5.21e-04	0.00000e+00
  1.17e-01	  1.04e-03	0.00000e+00
  1.17e-01	  1.56e-03	0.00000e+00
  1.17e-01	  2.08e-03	0.00000e+00
  1.17e-01	  2.60e-03	0.00000e+00
  1.17e-01	  3.12e-03	0.00000e+00
  1.17e-01	  3.65e-03	0.00000e+00
  1.17e-01	  4.17e-03	-2.94896e-293
  1.17e-01	  4.69e-03	-1.92062e-260
  1.17e-01	  5.21e-03	-1.25091e-227
  1.17e-01	  5.73e-03	-8.14714e-195
  1.17e-01	  6.25e-03	-5.30750e-162
  1.17e-01	  6.77e-03	-3.45991e-129
  1.17e-01	  7.29e-03	-2.25799e-96
  1.17e-01	  7.81e-03	-1.47570e-63
  1.17e-01	  8.33e-03	-9.65885e-31
  1.17e-01	  8.85e-03	-2.77160e+02
  1.17e-01	  9.37e-03	-1.34313e+02
  1.17e-01	  9.90e-03	-4.46015e+01
  1.17e-01	  1.04e-02	1.19616e+01
  1.17e-01	  1.09e-02	1.75101e+01
  1.17e-01	  1.15e-02	1.55470e+01
  1.17e-01	  1.20e-02	1.25868e+01
  1.17e-01	  1.25e-02	9.00194e+00
  1.17e-01	  1.30e-02	5.60847e+00
  1.17e-01	  1.35e-02	3.11681e+00
  1.17e-01	  1.41e-02	1.62568e+00
  1.17e-01	  1.46e-02	8.29427e-01
  1.17e-01	  1.51e-02	4.18424e-01
  1.17e-01	  1.56e-02	2.05319e-01
  1.17e-01	  1.61e-02	9.39552e-02
  1.17e-01	  1.67e-02	3.60102e-02
  1.17e-01	  1.72e-02	6.44217e-03
  1.17e-01	  1.77e-02	-8.08866e-03
  1.17e-01	  1.82e-02	-1.47185e-02
  1.17e-01	  1.88e-02	-1.72220e-02
  1.17e-01	  1.93e-02	-1.75774e-02
  1.17e-01	  1.98e-02	-1.68239e-02
  1.17e-01	  2.03e-02	-1.55136e-02
  1.17e-01	  2.08e-02	-1.39410e-02
  1.17e-01	  2.14e-02	-1.22605e-02
  1.17e-01	  2.19e-02	-1.05496e-02
  1.17e-01	  2.24e-02	-8.84418e-03
  1.17e-01	  2.29e-02	-7.15849e-03
  1.17e-01	  2.34e-02	-5.49599e-03
  1.17e-01	  2.40e-02	-3.85518e-03
  1.17e-01	  2.45e-02	-2.23259e-03
  1.17e-01	  2.50e-02	-6.24272e-04
  1.17e-01	  2.55e-02	9.72917e-04
  1.17e-01	  2.60e-02	2.55978e-03
  1.17e-01	  2.66e-02	4.13177e-03
  1.17e-01	  2.71e-02	5.67306e-03
  1.17e-01	  2.76e-02	7.14556e-03
  1.17e-01	  2.81e-02	8.46879e-03
  1.17e-01	  2.86e-02	9.48491e-03
  1.17e-01	  2.92e-02	9.89643e-03
  1.17e-01	  2.97e-02	9.15106e-03
  1.17e-01	  3.02e-02	6.21784e-03
  1.17e-01	  3.07e-02	-8.53602e-04
  1.17e-01	  3.13e-02	-1.57746e-02
  1.17e-01	  3.18e-02	-4.55618e-02
  1.17e-01	  3.23e-02	-1.03367e-01
  1.17e-01	  3.28e-02	-2.14006e-01
  1.17e-01	  3.33e-02	-4.25693e-01
  1.17e-01	  3.39e-02	-8.35065e-01
  1.17e-01	  3.44e-02	-1.63155e+00
  1.17e-01	  3.49e-02	-3.12914e+00
  1.17e-01	  3.54e-02	-5.63665e+00
  1.17e-01	  3.59e-02	-9.04820e+00
  1.17e-01	  3.65e-02	-1.26377e+01
  1.17e-01	  3.70e-02	-1.55781e+01
  1.17e-01	  3.75e-02	-1.74942e+01
  1.17e-01	  3.80e-02	-1.18913e+01
  1.17e-01	  3.85e-02	4.46044e+01
  1.17e-01	  3.91e-02	1.34457e+02
  1.17e-01	  3.96e-02	2.77403e+02
  1.17e-01	  4.01e-02	9.04753e-31
  1.17e-01	  4.06e-02	1.47734e-63
  1.17e-01	  4.11e-02	2.26046e-96
  1.17e-01	  4.17e-02	3.46357e-129
  1.17e-01	  4.22e-02	5.31281e-162
  1.17e-01	  4.27e-02	8.15460e-195
  1.17e-01	  4.32e-02	1.25192e-227
  1.17e-01	  4.37e-02	1.92193e-260
  1.17e-01	  4.43e-02	2.95052e-293
  1.17e-01	  4.48e-02	0.00000e+00
  1.17e-01	  4.53e-02	0.00000e+00
  1.17e-01	  4.58e-02	0.00000e+00
  1.17e-01	  4.64e-02	0.00000e+00
  1.17e-01	  4.69e-02	0.00000e+00
  1.17e-01	  4.74e-02	0.00000e+00
  1.17e-01	  4.79e-02	0.00000e+00
  1.17e-01	  4.84e-02	0.00000e+00
  1.17e-01	  4.90e-02	0.00000e+00
  1.17e-01	  4.95e-02	0.00000e+00

  1.18e-01	  0.00e+00	0.00000e+00
  1.18e-01	  5.21e-04	0.00000e+00
  1.18e-01	  1.04e-03	0.00000e+00
  1.18e-01	  1.56e-03	0.00000e+00
  1.18e-01	  2.08e-03	0.00000e+00
  1.18e-01	  2.60e-03	0.00000e+00
  1.18e-01	  3.12e-03	0.00000e+00
  1.18e-01	  3.65e-03	0.00000e+00
  1.18e-01	  4.17e-03	-2.95265e-293
  1.18e-01	  4.69e-03	-1.92261e-260
  1.18e-01	  5.21e-03	-1.25200e-227
  1.18e-01	  5.73e-03	-8.15331e-195
  1.18e-01	  6.25e-03	-5.31112e-162
  1.18e-01	  6.77e-03	-3.46208e-129
  1.18e-01	  7.29e-03	-2.25931e-96
  1.18e-01	  7.81e-03	-1.47650e-63
  1.18e-01	  8.33e-03	-9.66358e-31
  1.18e-01	  8.85e-03	-2.77253e+02
  1.18e-01	  9.37e-03	-1.34297e+02
  1.18e-01	  9.90e-03	-4.45773e+01
  1.18e-01	  1.04e-02	1.20366e+01
  1.18e-01	  1.09e-02	1.74924e+01
  1.18e-01	  1.15e-02	1.55117e+01
  1.18e-01	  1.20e-02	1.25569e+01
  1.18e-01	  1.25e-02	8.98617e+00
  1.18e-01	  1.30e-02	5.61110e+00
  1.18e-01	  1.35e-02	3.13293e+00
  1.18e-01	  1.41e-02	1.64623e+00
  1.18e-01	  1.46e-02	8.48299e-01
  1.18e-01	  1.51e-02	4.33424e-01
  1.18e-01	  1.56e-02	2.16394e-01
  1.18e-01	  1.61e-02	1.01839e-01
  1.18e-01	  1.67e-02	4.15818e-02
  1.18e-01	  1.72e-02	1.04576e-02
  1.18e-01	  1.77e-02	-5.07344e-03
  1.18e-01	  1.82e-02	-1.23386e-02
  1.18e-01	  1.88e-02	-1.52586e-02
  1.18e-01	  1.93e-02	-1.59075e-02
  1.18e-01	  1.98e-02	-1.53814e-02
  1.18e-01	  2.03e-02	-1.42628e-02
  1.18e-01	  2.08e-02	-1.28618e-02
  1.18e-01	  2.14e-02	-1.13407e-02
  1.18e-01	  2.19e-02	-9.78109e-03
  1.18e-01	  2.24e-02	-8.22144e-03
  1.18e-01	  2.29e-02	-6.67764e-03
  1.18e-01	  2.34e-02	-5.15457e-03
  1.18e-01	  2.40e-02	-3.65203e-03
  1.18e-01	  2.45e-02	-2.16782e-03
  1.18e-01	  2.50e-02	-6.99287e-04
  1.18e-01	  2.55e-02	7.55369e-04
  1.18e-01	  2.60e-02	2.19548e-03
  1.18e-01	  2.66e-02	3.61482e-03
  1.18e-01	  2.71e-02	4.99548e-03
  1.18e-01	  2.76e-02	6.29635e-03
  1.18e-01	  2.81e-02	7.43209e-03
  1.18e-01	  2.86e-02	8.23583e-03
  1.18e-01	  2.92e-02	8.39277e-03
  1.18e-01	  2.97e-02	7.31738e-03
  1.18e-01	  3.02e-02	3.91797e-03
  1.18e-01	  3.07e-02	-3.85809e-03
  1.18e-01	  3.13e-02	-1.98760e-02
  1.18e-01	  3.18e-02	-5.13517e-02
  1.18e-01	  3.23e-02	-1.11641e-01
  1.18e-01	  3.28e-02	-2.25668e-01
  1.18e-01	  3.33e-02	-4.41448e-01
  1.18e-01	  3.39e-02	-8.54673e-01
  1.18e-01	  3.44e-02	-1.65230e+00
  1.18e-01	  3.49e-02	-3.14398e+00
  1.18e-01	  3.54e-02	-5.63561e+00
  1.18e-01	  3.59e-02	-9.02662e+00
  1.18e-01	  3.65e-02	-1.26011e+01
  1.18e-01	  3.70e-02	-1.55367e+01
  1.18e-01	  3.75e-02	-1.74727e+01
  1.18e-01	  3.80e-02	-1.19767e+01
  1.18e-01	  3.85e-02	4.45620e+01
  1.18e-01	  3.91e-02	1.34449e+02
  1.18e-01	  3.96e-02	2.77495e+02
  1.18e-01	  4.01e-02	9.05220e-31
  1.18e-01	  4.06e-02	1.47810e-63
  1.18e-01	  4.11e-02	2.26171e-96
  1.18e-01	  4.17e-02	3.46559e-129
  1.18e-01	  4.22e-02	5.31611e-162
  1.18e-01	  4.27e-02	8.16017e-195
  1.18e-01	  4.32e-02	1.25289e-227
  1.18e-01	  4.37e-02	1.92371e-260
  1.18e-01	  4.43e-02	2.95384e-293
  1.18e-01	  4.48e-02	0.00000e+00
  1.18e-01	  4.53e-02	0.00000e+00
  1.18e-01	  4.58e-02	0.00000e+00
  1.18e-01	  4.64e-02	0.00000e+00
  1.18e-01	  4.69e-02	0.00000e+00
  1.18e-01	  4.74e-02	0.00000e+00
  1.18e-01	  4.79e-02	0.00000e+00
  1.18e-01	  4.84e-02	0.00000e+00
  1.18e-01	  4.90e-02	0.00000e+00
  1.18e-01	  4.95e-02	0.00000e+00

  1.19e-01	  0.00e+00	0.00000e+00
  1.19e-01	  5.21e-04	0.00000e+00
  1.19e-01	  1.04e-03	0.00000e+00
  1.19e-01	  1.56e-03	0.00000e+00
  1.19e-01	  2.08e-03	0.00000e+00
  1.19e-01	  2.60e-03	0.00000e+00
  1.19e-01	  3.12e-03	0.00000e+00
  1.19e-01	  3.65e-03	0.00000e+00
  1.19e-01	  4.17e-03	-2.95706e-293
  1.19e-01	  4.69e-03	-1.92501e-260
  1.19e-01	  5.21e-03	-1.25332e-227
  1.19e-01	  5.73e-03	-8.16079e-195
  1.19e-01	  6.25e-03	-5.31549e-162
  1.19e-01	  6.77e-03	-3.46469e-129
  1.19e-01	  7.29e-03	-2.26089e-96
  1.19e-01	  7.81e-03	-1.47745e-63
  1.19e-01	  8.33e-03	-9.66922e-31
  1.19e-01	  8.85e-03	-2.77364e+02
  1.19e-01	  9.37e-03	-1.34280e+02
  1.19e-01	  9.90e-03	-4.45790e+01
  1.19e-01	  1.04e-02	1.21105e+01
  1.19e-01	  1.09e-02	1.74840e+01
  1.19e-01	  1.15e-02	1.54869e+01
  1.19e-01	  1.20e-02	1.25386e+01
  1.19e-01	  1.25e-02	8.98251e+00
  1.19e-01	  1.30e-02	5.62421e+00
  1.19e-01	  1.35e-02	3.15672e+00
  1.19e-01	  1.41e-02	1.67182e+00
  1.19e-01	  1.46e-02	8.70342e-01
  1.19e-01	  1.51e-02	4.50409e-01
  1.19e-01	  1.56e-02	2.28731e-01
  1.19e-01	  1.61e-02	1.10555e-01
  1.19e-01	  1.67e-02	4.77297e-02
  1.19e-01	  1.72e-02	1.48978e-02
  1.19e-01	  1.77e-02	-1.72681e-03
  1.19e-01	  1.82e-02	-9.68903e-03
  1.19e-01	  1.88e-02	-1.30699e-02
  1.19e-01	  1.93e-02	-1.40469e-02
  1.19e-01	  1.98e-02	-1.37761e-02
  1.19e-01	  2.03e-02	-1.28724e-02
  1.19e-01	  2.08e-02	-1.16625e-02
  1.19e-01	  2.14e-02	-1.03172e-02
  1.19e-01	  2.19e-02	-8.92273e-03
  1.19e-01	  2.24e-02	-7.52042e-03
  1.19e-01	  2.29e-02	-6.12832e-03
  1.19e-01	  2.34e-02	-4.75306e-03
  1.19e-01	  2.40e-02	-3.39609e-03
  1.19e-01	  2.45e-02	-2.05677e-03
  1.19e-01	  2.50e-02	-7.34057e-04
  1.19e-01	  2.55e-02	5.72201e-04
  1.19e-01	  2.60e-02	1.85958e-03
  1.19e-01	  2.66e-02	3.11987e-03
  1.19e-01	  2.71e-02	4.33275e-03
  1.19e-01	  2.76e-02	5.45383e-03
  1.19e-01	  2.81e-02	6.39249e-03
  1.19e-01	  2.86e-02	6.97248e-03
  1.19e-01	  2.92e-02	6.86094e-03
  1.19e-01	  2.97e-02	5.43761e-03
  1.19e-01	  3.02e-02	1.54663e-03
  1.19e-01	  3.07e-02	-6.97444e-03
  1.19e-01	  3.13e-02	-2.41604e-02
  1.19e-01	  3.18e-02	-5.74558e-02
  1.19e-01	  3.23e-02	-1.20472e-01
  1.19e-01	  3.28e-02	-2.38324e-01
  1.19e-01	  3.33e-02	-4.58959e-01
  1.19e-01	  3.39e-02	-8.77322e-01
  1.19e-01	  3.44e-02	-1.67814e+00
  1.19e-01	  3.49e-02	-3.16685e+00
  1.19e-01	  3.54e-02	-5.64577e+00
  1.19e-01	  3.59e-02	-9.01821e+00
  1.19e-01	  3.65e-02	-1.25776e+01
  1.19e-01	  3.70e-02	-1.55071e+01
  1.19e-01	  3.75e-02	-1.74621e+01
  1.19e-01	  3.80e-02	-1.20624e+01
  1.19e-01	  3.85e-02	4.45490e+01
  1.19e-01	  3.91e-02	1.34441e+02
  1.19e-01	  3.96e-02	2.77605e+02
  1.19e-01	  4.01e-02	9.05779e-31
  1.19e-01	  4.06e-02	1.47901e-63
  1.19e-01	  4.11e-02	2.26319e-96
  1.19e-01	  4.17e-02	3.46801e-129
  1.19e-01	  4.22e-02	5.32011e-162
  1.19e-01	  4.27e-02	8.16696e-195
  1.19e-01	  4.32e-02	1.25409e-227
  1.19e-01	  4.37e-02	1.92587e-260
  1.19e-01	  4.43e-02	2.95784e-293
  1.19e-01	  4.48e-02	0.00000e+00
  1.19e-01	  4.53e-02	0.00000e+00
  1.19e-01	  4.58e-02	0.00000e+00
  1.19e-01	  4.64e-02	0.00000e+00
  1.19e-01	  4.69e-02	0.00000e+00
  1.19e-01	  4.74e-02	0.00000e+00
  1.19e-01	  4.79e-02	0.00000e+00
  1.19e-01	  4.84e-02	0.00000e+00
  1.19e-01	  4.90e-02	0.00000e+00
  1.19e-01	  4.95e-02	0.00000e+00

  1.20e-01	  0.00e+00	0.00000e+00
  1.20e-01	  5.21e-04	0.00000e+00
  1.20e-01	  1.04e-03	0.00000e+00
  1.20e-01	  1.56e-03	0.00000e+00
  1.20e-01	  2.08e-03	0.00000e+00
  1.20e-01	  2.60e-03	0.00000e+00
  1.20e-01	  3.12e-03	0.00000e+00
  1.20e-01	  3.65e-03	0.00000e+00
  1.20e-01	  4.17e-03	-2.96228e-293
  1.20e-01	  4.69e-03	-1.92786e-260
  1.20e-01	  5.21e-03	-1.25490e-227
  1.20e-01	  5.73e-03	-8.16974e-195
  1.20e-01	  6.25e-03	-5.32069e-162
  1.20e-01	  6.77e-03	-3.46778e-129
  1.20e-01	  7.29e-03	-2.26274e-96
  1.20e-01	  7.81e-03	-1.47856e-63
  1.20e-01	  8.33e-03	-9.67584e-31
  1.20e-01	  8.85e-03	-2.77496e+02
  1.20e-01	  9.37e-03	-1.34259e+02
  1.20e-01	  9.90e-03	-4.46063e+01
  1.20e-01	  1.04e-02	1.21813e+01
  1.20e-01	  1.09e-02	1.74851e+01
  1.20e-01	  1.15e-02	1.54730e+01
  1.20e-01	  1.20e-02	1.25326e+01
  1.20e-01	  1.25e-02	8.99149e+00
  1.20e-01	  1.30e-02	5.64815e+00
  1.20e-01	  1.35e-02	3.18822e+00
  1.20e-01	  1.41e-02	1.70228e+00
  1.20e-01	  1.46e-02	8.95307e-01
  1.20e-01	  1.51e-02	4.69127e-01
  1.20e-01	  1.56e-02	2.42109e-01
  1.20e-01	  1.61e-02	1.19918e-01
  1.20e-01	  1.67e-02	5.43041e-02
  1.20e-01	  1.72e-02	1.96400e-02
  1.20e-01	  1.77e-02	1.84898e-03
  1.20e-01	  1.82e-02	-6.85633e-03
  1.20e-01	  1.88e-02	-1.07301e-02
  1.20e-01	  1.93e-02	-1.20594e-02
  1.20e-01	  1.98e-02	-1.20633e-02
  1.20e-01	  2.03e-02	-1.13902e-02
  1.20e-01	  2.08e-02	-1.03840e-02
  1.20e-01	  2.14e-02	-9.22438e-03
  1.20e-01	  2.19e-02	-8.00281e-03
  1.20e-01	  2.24e-02	-6.76375e-03
  1.20e-01	  2.29e-02	-5.52766e-03
  1.20e-01	  2.34e-02	-4.30325e-03
  1.20e-01	  2.40e-02	-3.09383e-03
  1.20e-01	  2.45e-02	-1.90063e-03
  1.20e-01	  2.50e-02	-7.24423e-04
  1.20e-01	  2.55e-02	4.33053e-04
  1.20e-01	  2.60e-02	1.56739e-03
  1.20e-01	  2.66e-02	2.66818e-03
  1.20e-01	  2.71e-02	3.71250e-03
  1.20e-01	  2.76e-02	4.65241e-03
  1.20e-01	  2.81e-02	5.39188e-03
  1.20e-01	  2.86e-02	5.74500e-03
  1.20e-01	  2.92e-02	5.36047e-03
  1.20e-01	  2.97e-02	3.58230e-03
  1.20e-01	  3.02e-02	-8.12126e-04
  1.20e-01	  3.07e-02	-1.01014e-02
  1.20e-01	  3.13e-02	-2.85035e-02
  1.20e-01	  3.18e-02	-6.37195e-02
  1.20e-01	  3.23e-02	-1.29666e-01
  1.20e-01	  3.28e-02	-2.51736e-01
  1.20e-01	  3.33e-02	-4.77951e-01
  1.20e-01	  3.39e-02	-9.02736e-01
  1.20e-01	  3.44e-02	-1.70890e+00
  1.20e-01	  3.49e-02	-3.19779e+00
  1.20e-01	  3.54e-02	-5.66755e+00
  1.20e-01	  3.59e-02	-9.02363e+00
  1.20e-01	  3.65e-02	-1.25678e+01
  1.20e-01	  3.70e-02	-1.54901e+01
  1.20e-01	  3.75e-02	-1.74625e+01
  1.20e-01	  3.80e-02	-1.21460e+01
  1.20e-01	  3.85e-02	4.45655e+01
  1.20e-01	  3.91e-02	1.34431e+02
  1.20e-01	  3.96e-02	2.77734e+02
  1.20e-01	  4.01e-02	9.06444e-31
  1.20e-01	  4.06e-02	1.48007e-63
  1.20e-01	  4.11e-02	2.26493e-96
  1.20e-01	  4.17e-02	3.47088e-129
  1.20e-01	  4.22e-02	5.32489e-162
  1.20e-01	  4.27e-02	8.17511e-195
  1.20e-01	  4.32e-02	1.25552e-227
  1.20e-01	  4.37e-02	1.92847e-260
  1.20e-01	  4.43e-02	2.96262e-293
  1.20e-01	  4.48e-02	0.00000e+00
  1.20e-01	  4.53e-02	0.00000e+00
  1.20e-01	  4.58e-02	0.00000e+00
  1.20e-01	  4.64e-02	0.00000e+00
  1.20e-01	  4.69e-02	0.00000e+00
  1.20e-01	  4.74e-02	0.00000e+00
  1.20e-01	  4.79e-02	0.00000e+00
  1.20e-01	  4.84e-02	0.00000e+00
  1.20e-01	  4.90e-02	0.00000e+00
  1.20e-01	  4.95e-02	0.00000e+00

  1.20e-01	  0.00e+00	0.00000e+00
  1.20e-01	  5.21e-04	0.00000e+00
  1.20e-01	  1.04e-03	0.00000e+00
  1.20e-01	  1.56e-03	0.00000e+00
  1.20e-01	  2.08e-03	0.00000e+00
  1.20e-01	  2.60e-03	0.00000e+00
  1.20e-01	  3.12e-03	0.00000e+00
  1.20e-01	  3.65e-03	0.00000e+00
  1.20e-01	  4.17e-03	-2.96839e-293
  1.20e-01	  4.69e-03	-1.93122e-260
  1.20e-01	  5.21e-03	-1.25676e-227
  1.20e-01	  5.73e-03	-8.18032e-195
  1.20e-01	  6.25e-03	-5.32682e-162
  1.20e-01	  6.77e-03	-3.47140e-129
  1.20e-01	  7.29e-03	-2.26490e-96
  1.20e-01	  7.81e-03	-1.47985e-63
  1.20e-01	  8.33e-03	-9.68349e-31
  1.20e-01	  8.85e-03	-2.77649e+02
  1.20e-01	  9.37e-03	-1.34234e+02
  1.20e-01	  9.90e-03	-4.46579e+01
  1.20e-01	  1.04e-02	1.22469e+01
  1.20e-01	  1.09e-02	1.74958e+01
  1.20e-01	  1.15e-02	1.54701e+01
  1.20e-01	  1.20e-02	1.25391e+01
  1.20e-01	  1.25e-02	9.01323e+00
  1.20e-01	  1.30e-02	5.68289e+00
  1.20e-01	  1.35e-02	3.22722e+00
  1.20e-01	  1.41e-02	1.73727e+00
  1.20e-01	  1.46e-02	9.22823e-01
  1.20e-01	  1.51e-02	4.89247e-01
  1.20e-01	  1.56e-02	2.56256e-01
  1.20e-01	  1.61e-02	1.29711e-01
  1.20e-01	  1.67e-02	6.11330e-02
  1.20e-01	  1.72e-02	2.45456e-02
  1.20e-01	  1.77e-02	5.53986e-03
  1.20e-01	  1.82e-02	-3.93631e-03
  1.20e-01	  1.88e-02	-8.32097e-03
  1.20e-01	  1.93e-02	-1.00155e-02
  1.20e-01	  1.98e-02	-1.03037e-02
  1.20e-01	  2.03e-02	-9.86827e-03
  1.20e-01	  2.08e-02	-9.07071e-03
  1.20e-01	  2.14e-02	-8.09997e-03
  1.20e-01	  2.19e-02	-7.05264e-03
  1.20e-01	  2.24e-02	-5.97667e-03
  1.20e-01	  2.29e-02	-4.89514e-03
  1.20e-01	  2.34e-02	-3.81900e-03
  1.20e-01	  2.40e-02	-2.75367e-03
  1.20e-01	  2.45e-02	-1.70236e-03
  1.20e-01	  2.50e-02	-6.67881e-04
  1.20e-01	  2.55e-02	3.46025e-04
  1.20e-01	  2.60e-02	1.33281e-03
  1.20e-01	  2.66e-02	2.27972e-03
  1.20e-01	  2.71e-02	3.16109e-03
  1.20e-01	  2.76e-02	3.92540e-03
  1.20e-01	  2.81e-02	4.47110e-03
  1.20e-01	  2.86e-02	4.60261e-03
  1.20e-01	  2.92e-02	3.95012e-03
  1.20e-01	  2.97e-02	1.82150e-03
  1.20e-01	  3.02e-02	-3.07427e-03
  1.20e-01	  3.07e-02	-1.31366e-02
  1.20e-01	  3.13e-02	-3.27782e-02
  1.20e-01	  3.18e-02	-6.99807e-02
  1.20e-01	  3.23e-02	-1.39013e-01
  1.20e-01	  3.28e-02	-2.65634e-01
  1.20e-01	  3.33e-02	-4.98089e-01
  1.20e-01	  3.39e-02	-9.30534e-01
  1.20e-01	  3.44e-02	-1.74422e+00
  1.20e-01	  3.49e-02	-3.23660e+00
  1.20e-01	  3.54e-02	-5.70097e+00
  1.20e-01	  3.59e-02	-9.04307e+00
  1.20e-01	  3.65e-02	-1.25720e+01
  1.20e-01	  3.70e-02	-1.54858e+01
  1.20e-01	  3.75e-02	-1.74743e+01
  1.20e-01	  3.80e-02	-1.22252e+01
  1.20e-01	  3.85e-02	4.46108e+01
  1.20e-01	  3.91e-02	1.34418e+02
  1.20e-01	  3.96e-02	2.77883e+02
  1.20e-01	  4.01e-02	9.07230e-31
  1.20e-01	  4.06e-02	1.48129e-63
  1.20e-01	  4.11e-02	2.26695e-96
  1.20e-01	  4.17e-02	3.47423e-129
  1.20e-01	  4.22e-02	5.33052e-162
  1.20e-01	  4.27e-02	8.18479e-195
  1.20e-01	  4.32e-02	1.25723e-227
  1.20e-01	  4.37e-02	1.93155e-260
  1.20e-01	  4.43e-02	2.96825e-293
  1.20e-01	  4.48e-02	0.00000e+00
  1.20e-01	  4.53e-02	0.00000e+00
  1.20e-01	  4.58e-02	0.00000e+00
  1.20e-01	  4.64e-02	0.00000e+00
  1.20e-01	  4.69e-02	0.00000e+00
  1.20e-01	  4.74e-02	0.00000e+00
  1.20e-01	  4.79e-02	0.00000e+00
  1.20e-01	  4.84e-02	0.00000e+00
  1.20e-01	  4.90e-02	0.00000e+00
  1.20e-01	  4.95e-02	0.00000e+00

  1.21e-01	  0.00e+00	0.00000e+00
  1.21e-01	  5.21e-04	0.00000e+00
  1.21e-01	  1.04e-03	0.00000e+00
  1.21e-01	  1.56e-03	0.00000e+00
  1.21e-01	  2.08e-03	0.00000e+00
  1.21e-01	  2.60e-03	0.00000e+00
  1.21e-01	  3.12e-03	0.00000e+00
  1.21e-01	  3.65e-03	0.00000e+00
  1.21e-01	  4.17e-03	-2.97549e-293
  1.21e-01	  4.69e-03	-1.93514e-260
  1.21e-01	  5.21e-03	-1.25895e-227
  1.21e-01	  5.73e-03	-8.19270e-195
  1.21e-01	  6.25e-03	-5.33397e-162
  1.21e-01	  6.77e-03	-3.47560e-129
  1.21e-01	  7.29e-03	-2.26739e-96
  1.21e-01	  7.81e-03	-1.48133e-63
  1.21e-01	  8.33e-03	-9.69227e-31
  1.21e-01	  8.85e-03	-2.77825e+02
  1.21e-01	  9.37e-03	-1.34202e+02
  1.21e-01	  9.90e-03	-4.47313e+01
  1.21e-01	  1.04e-02	1.23053e+01
  1.21e-01	  1.09e-02	1.75161e+01
  1.21e-01	  1.15e-02	1.54782e+01
  1.21e-01	  1.20e-02	1.25576e+01
  1.21e-01	  1.25e-02	9.04740e+00
  1.21e-01	  1.30e-02	5.72804e+00
  1.21e-01	  1.35e-02	3.27320e+00
  1.21e-01	  1.41e-02	1.77625e+00
  1.21e-01	  1.46e-02	9.52418e-01
  1.21e-01	  1.51e-02	5.10379e-01
  1.21e-01	  1.56e-02	2.70864e-01
  1.21e-01	  1.61e-02	1.39698e-01
  1.21e-01	  1.67e-02	6.80317e-02
  1.21e-01	  1.72e-02	2.94679e-02
  1.21e-01	  1.77e-02	9.22600e-03
  1.21e-01	  1.82e-02	-1.02931e-03
  1.21e-01	  1.88e-02	-5.92803e-03
  1.21e-01	  1.93e-02	-7.98877e-03
  1.21e-01	  1.98e-02	-8.56087e-03
  1.21e-01	  2.03e-02	-8.36156e-03
  1.21e-01	  2.08e-02	-7.76985e-03
  1.21e-01	  2.14e-02	-6.98389e-03
  1.21e-01	  2.19e-02	-6.10557e-03
  1.21e-01	  2.24e-02	-5.18636e-03
  1.21e-01	  2.29e-02	-4.25207e-03
  1.21e-01	  2.34e-02	-3.31602e-03
  1.21e-01	  2.40e-02	-2.38581e-03
  1.21e-01	  2.45e-02	-1.46677e-03
  1.21e-01	  2.50e-02	-5.63769e-04
  1.21e-01	  2.55e-02	3.17313e-04
  1.21e-01	  2.60e-02	1.16773e-03
  1.21e-01	  2.66e-02	1.97235e-03
  1.21e-01	  2.71e-02	2.70274e-03
  1.21e-01	  2.76e-02	3.30378e-03
  1.21e-01	  2.81e-02	3.66849e-03
  1.21e-01	  2.86e-02	3.59182e-03
  1.21e-01	  2.92e-02	2.68571e-03
  1.21e-01	  2.97e-02	2.22002e-04
  1.21e-01	  3.02e-02	-5.15927e-03
  1.21e-01	  3.07e-02	-1.59812e-02
  1.21e-01	  3.13e-02	-3.68598e-02
  1.21e-01	  3.18e-02	-7.60777e-02
  1.21e-01	  3.23e-02	-1.48300e-01
  1.21e-01	  3.28e-02	-2.79732e-01
  1.21e-01	  3.33e-02	-5.19001e-01
  1.21e-01	  3.39e-02	-9.60259e-01
  1.21e-01	  3.44e-02	-1.78358e+00
  1.21e-01	  3.49e-02	-3.28280e+00
  1.21e-01	  3.54e-02	-5.74567e+00
  1.21e-01	  3.59e-02	-9.07625e+00
  1.21e-01	  3.65e-02	-1.25898e+01
  1.21e-01	  3.70e-02	-1.54941e+01
  1.21e-01	  3.75e-02	-1.74971e+01
  1.21e-01	  3.80e-02	-1.22977e+01
  1.21e-01	  3.85e-02	4.46828e+01
  1.21e-01	  3.91e-02	1.34399e+02
  1.21e-01	  3.96e-02	2.78052e+02
  1.21e-01	  4.01e-02	9.08152e-31
  1.21e-01	  4.06e-02	1.48269e-63
  1.21e-01	  4.11e-02	2.26928e-96
  1.21e-01	  4.17e-02	3.47812e-129
  1.21e-01	  4.22e-02	5.33712e-162
  1.21e-01	  4.27e-02	8.19619e-195
  1.21e-01	  4.32e-02	1.25924e-227
  1.21e-01	  4.37e-02	1.93517e-260
  1.21e-01	  4.43e-02	2.97484e-293
  1.21e-01	  4.48e-02	0.00000e+00
  1.21e-01	  4.53e-02	0.00000e+00
  1.21e-01	  4.58e-02	0.00000e+00
  1.21e-01	  4.64e-02	0.00000e+00
  1.21e-01	  4.69e-02	0.00000e+00
  1.21e-01	  4.74e-02	0.00000e+00
  1.21e-01	  4.79e-02	0.00000e+00
  1.21e-01	  4.84e-02	0.00000e+00
  1.21e-01	  4.90e-02	0.00000e+00
  1.21e-01	  4.95e-02	0.00000e+00

  1.22e-01	  0.00e+00	0.00000e+00
  1.22e-01	  5.21e-04	0.00000e+00
  1.22e-01	  1.04e-03	0.00000e+00
  1.22e-01	  1.56e-03	0.00000e+00
  1.22e-01	  2.08e-03	0.00000e+00
  1.22e-01	  2.60e-03	0.00000e+00
  1.22e-01	  3.12e-03	0.00000e+00
  1.22e-01	  3.65e-03	0.00000e+00
  1.22e-01	  4.17e-03	-2.98368e-293
  1.22e-01	  4.69e-03	-1.93968e-260
  1.22e-01	  5.21e-03	-1.26149e-227
  1.22e-01	  5.73e-03	-8.20709e-195
  1.22e-01	  6.25e-03	-5.34226e-162
  1.22e-01	  6.77e-03	-3.48045e-129
  1.22e-01	  7.29e-03	-2.27025e-96
  1.22e-01	  7.81e-03	-1.48303e-63
  1.22e-01	  8.33e-03	-9.70225e-31
  1.22e-01	  8.85e-03	-2.78024e+02
  1.22e-01	  9.37e-03	-1.34162e+02
  1.22e-01	  9.90e-03	-4.48233e+01
  1.22e-01	  1.04e-02	1.23551e+01
  1.22e-01	  1.09e-02	1.75454e+01
  1.22e-01	  1.15e-02	1.54969e+01
  1.22e-01	  1.20e-02	1.25877e+01
  1.22e-01	  1.25e-02	9.09327e+00
  1.22e-01	  1.30e-02	5.78282e+00
  1.22e-01	  1.35e-02	3.32545e+00
  1.22e-01	  1.41e-02	1.81858e+00
  1.22e-01	  1.46e-02	9.83545e-01
  1.22e-01	  1.51e-02	5.32096e-01
  1.22e-01	  1.56e-02	2.85612e-01
  1.22e-01	  1.61e-02	1.49635e-01
  1.22e-01	  1.67e-02	7.48136e-02
  1.22e-01	  1.72e-02	3.42596e-02
  1.22e-01	  1.77e-02	1.27874e-02
  1.22e-01	  1.82e-02	1.76404e-03
  1.22e-01	  1.88e-02	-3.63723e-03
  1.22e-01	  1.93e-02	-6.05342e-03
  1.22e-01	  1.98e-02	-6.89922e-03
  1.22e-01	  2.03e-02	-6.92583e-03
  1.22e-01	  2.08e-02	-6.52944e-03
  1.22e-01	  2.14e-02	-5.91718e-03
  1.22e-01	  2.19e-02	-5.19615e-03
  1.22e-01	  2.24e-02	-4.42132e-03
  1.22e-01	  2.29e-02	-3.62124e-03
  1.22e-01	  2.34e-02	-2.81162e-03
  1.22e-01	  2.40e-02	-2.00226e-03
  1.22e-01	  2.45e-02	-1.20060e-03
  1.22e-01	  2.50e-02	-4.13614e-04
  1.22e-01	  2.55e-02	3.50702e-04
  1.22e-01	  2.60e-02	1.08141e-03
  1.22e-01	  2.66e-02	1.76103e-03
  1.22e-01	  2.71e-02	2.35840e-03
  1.22e-01	  2.76e-02	2.81492e-03
  1.22e-01	  2.81e-02	3.01841e-03
  1.22e-01	  2.86e-02	2.75468e-03
  1.22e-01	  2.92e-02	1.61799e-03
  1.22e-01	  2.97e-02	-1.15511e-03
  1.22e-01	  3.02e-02	-6.99307e-03
  1.22e-01	  3.07e-02	-1.85437e-02
  1.22e-01	  3.13e-02	-4.06316e-02
  1.22e-01	  3.18e-02	-8.18562e-02
  1.22e-01	  3.23e-02	-1.57316e-01
  1.22e-01	  3.28e-02	-2.93741e-01
  1.22e-01	  3.33e-02	-5.40292e-01
  1.22e-01	  3.39e-02	-9.91393e-01
  1.22e-01	  3.44e-02	-1.82635e+00
  1.22e-01	  3.49e-02	-3.33568e+00
  1.22e-01	  3.54e-02	-5.80090e+00
  1.22e-01	  3.59e-02	-9.12244e+00
  1.22e-01	  3.65e-02	-1.26206e+01
  1.22e-01	  3.70e-02	-1.55145e+01
  1.22e-01	  3.75e-02	-1.75305e+01
  1.22e-01	  3.80e-02	-1.23617e+01
  1.22e-01	  3.85e-02	4.47784e+01
  1.22e-01	  3.91e-02	1.34373e+02
  1.22e-01	  3.96e-02	2.78244e+02
  1.22e-01	  4.01e-02	9.09229e-31
  1.22e-01	  4.06e-02	1.48428e-63
  1.22e-01	  4.11e-02	2.27195e-96
  1.22e-01	  4.17e-02	3.48263e-129
  1.22e-01	  4.22e-02	5.34480e-162
  1.22e-01	  4.27e-02	8.20950e-195
  1.22e-01	  4.32e-02	1.26160e-227
  1.22e-01	  4.37e-02	1.93939e-260
  1.22e-01	  4.43e-02	2.98248e-293
  1.22e-01	  4.48e-02	0.00000e+00
  1.22e-01	  4.53e-02	0.00000e+00
  1.22e-01	  4.58e-02	0.00000e+00
  1.22e-01	  4.64e-02	0.00000e+00
  1.22e-01	  4.69e-02	0.00000e+00
  1.22e-01	  4.74e-02	0.00000e+00
  1.22e-01	  4.79e-02	0.00000e+00
  1.22e-01	  4.84e-02	0.00000e+00
  1.22e-01	  4.90e-02	0.00000e+00
  1.22e-01	  4.95e-02	0.00000e+00

  1.23e-01	  0.00e+00	0.00000e+00
  1.23e-01	  5.21e-04	0.00000e+00
  1.23e-01	  1.04e-03	0.00000e+00
  1.23e-01	  1.56e-03	0.00000e+00
  1.23e-01	  2.08e-03	0.00000e+00
  1.23e-01	  2.60e-03	0.00000e+00
  1.23e-01	  3.12e-03	0.00000e+00
  1.23e-01	  3.65e-03	0.00000e+00
  1.23e-01	  4.17e-03	-2.99307e-293
  1.23e-01	  4.69e-03	-1.94491e-260
  1.23e-01	  5.21e-03	-1.26442e-227
  1.23e-01	  5.73e-03	-8.22373e-195
  1.23e-01	  6.25e-03	-5.35183e-162
  1.23e-01	  6.77e-03	-3.48602e-129
  1.23e-01	  7.29e-03	-2.27352e-96
  1.23e-01	  7.81e-03	-1.48495e-63
  1.23e-01	  8.33e-03	-9.71356e-31
  1.23e-01	  8.85e-03	-2.78250e+02
  1.23e-01	  9.37e-03	-1.34111e+02
  1.23e-01	  9.90e-03	-4.49295e+01
  1.23e-01	  1.04e-02	1.23949e+01
  1.23e-01	  1.09e-02	1.75833e+01
  1.23e-01	  1.15e-02	1.55255e+01
  1.23e-01	  1.20e-02	1.26283e+01
  1.23e-01	  1.25e-02	9.14973e+00
  1.23e-01	  1.30e-02	5.84618e+00
  1.23e-01	  1.35e-02	3.38300e+00
  1.23e-01	  1.41e-02	1.86348e+00
  1.23e-01	  1.46e-02	1.01561e+00
  1.23e-01	  1.51e-02	5.53957e-01
  1.23e-01	  1.56e-02	3.00175e-01
  1.23e-01	  1.61e-02	1.59283e-01
  1.23e-01	  1.67e-02	8.12981e-02
  1.23e-01	  1.72e-02	3.87789e-02
  1.23e-01	  1.77e-02	1.61082e-02
  1.23e-01	  1.82e-02	4.34636e-03
  1.23e-01	  1.88e-02	-1.53226e-03
  1.23e-01	  1.93e-02	-4.28217e-03
  1.23e-01	  1.98e-02	-5.38217e-03
  1.23e-01	  2.03e-02	-5.61635e-03
  1.23e-01	  2.08e-02	-5.39743e-03
  1.23e-01	  2.14e-02	-4.94113e-03
  1.23e-01	  2.19e-02	-4.35954e-03
  1.23e-01	  2.24e-02	-3.71100e-03
  1.23e-01	  2.29e-02	-3.02673e-03
  1.23e-01	  2.34e-02	-2.32474e-03
  1.23e-01	  2.40e-02	-1.61700e-03
  1.23e-01	  2.45e-02	-9.12997e-04
  1.23e-01	  2.50e-02	-2.21736e-04
  1.23e-01	  2.55e-02	4.46756e-04
  1.23e-01	  2.60e-02	1.07943e-03
  1.23e-01	  2.66e-02	1.65655e-03
  1.23e-01	  2.71e-02	2.14439e-03
  1.23e-01	  2.76e-02	2.48104e-03
  1.23e-01	  2.81e-02	2.54945e-03
  1.23e-01	  2.86e-02	2.12681e-03
  1.23e-01	  2.92e-02	7.90526e-04
  1.23e-01	  2.97e-02	-2.25689e-03
  1.23e-01	  3.02e-02	-8.51086e-03
  1.23e-01	  3.07e-02	-2.07430e-02
  1.23e-01	  3.13e-02	-4.39888e-02
  1.23e-01	  3.18e-02	-8.71751e-02
  1.23e-01	  3.23e-02	-1.65863e-01
  1.23e-01	  3.28e-02	-3.07380e-01
  1.23e-01	  3.33e-02	-5.61563e-01
  1.23e-01	  3.39e-02	-1.02338e+00
  1.23e-01	  3.44e-02	-1.87180e+00
  1.23e-01	  3.49e-02	-3.39431e+00
  1.23e-01	  3.54e-02	-5.86560e+00
  1.23e-01	  3.59e-02	-9.18048e+00
  1.23e-01	  3.65e-02	-1.26634e+01
  1.23e-01	  3.70e-02	-1.55462e+01
  1.23e-01	  3.75e-02	-1.75739e+01
  1.23e-01	  3.80e-02	-1.24155e+01
  1.23e-01	  3.85e-02	4.48934e+01
  1.23e-01	  3.91e-02	1.34337e+02
  1.23e-01	  3.96e-02	2.78460e+02
  1.23e-01	  4.01e-02	9.10480e-31
  1.23e-01	  4.06e-02	1.48608e-63
  1.23e-01	  4.11e-02	2.27501e-96
  1.23e-01	  4.17e-02	3.48781e-129
  1.23e-01	  4.22e-02	5.35369e-162
  1.23e-01	  4.27e-02	8.22497e-195
  1.23e-01	  4.32e-02	1.26433e-227
  1.23e-01	  4.37e-02	1.94428e-260
  1.23e-01	  4.43e-02	2.99130e-293
  1.23e-01	  4.48e-02	0.00000e+00
  1.23e-01	  4.53e-02	0.00000e+00
  1.23e-01	  4.58e-02	0.00000e+00
  1.23e-01	  4.64e-02	0.00000e+00
  1.23e-01	  4.69e-02	0.00000e+00
  1.23e-01	  4.74e-02	0.00000e+00
  1.23e-01	  4.79e-02	0.00000e+00
  1.23e-01	  4.84e-02	0.00000e+00
  1.23e-01	  4.90e-02	0.00000e+00
  1.23e-01	  4.95e-02	0.00000e+00

  1.23e-01	  0.00e+00	0.00000e+00
  1.23e-01	  5.21e-04	0.00000e+00
  1.23e-01	  1.04e-03	0.00000e+00
  1.23e-01	  1.56e-03	0.00000e+00
  1.23e-01	  2.08e-03	0.00000e+00
  1.23e-01	  2.60e-03	0.00000e+00
  1.23e-01	  3.12e-03	0.00000e+00
  1.23e-01	  3.65e-03	0.00000e+00
  1.23e-01	  4.17e-03	-3.00379e-293
  1.23e-01	  4.69e-03	-1.95090e-260
  1.23e-01	  5.21e-03	-1.26779e-227
  1.23e-01	  5.73e-03	-8.24285e-195
  1.23e-01	  6.25e-03	-5.36281e-162
  1.23e-01	  6.77e-03	-3.49239e-129
  1.23e-01	  7.29e-03	-2.27725e-96
  1.23e-01	  7.81e-03	-1.48713e-63
  1.23e-01	  8.33e-03	-9.72632e-31
  1.23e-01	  8.85e-03	-2.78504e+02
  1.23e-01	  9.37e-03	-1.34047e+02
  1.23e-01	  9.90e-03	-4.50441e+01
  1.23e-01	  1.04e-02	1.24236e+01
  1.23e-01	  1.09e-02	1.76291e+01
  1.23e-01	  1.15e-02	1.55632e+01
  1.23e-01	  1.20e-02	1.26783e+01
  1.23e-01	  1.25e-02	9.21541e+00
  1.23e-01	  1.30e-02	5.91677e+00
  1.23e-01	  1.35e-02	3.44477e+00
  1.23e-01	  1.41e-02	1.91012e+00
  1.23e-01	  1.46e-02	1.04801e+00
  1.23e-01	  1.51e-02	5.75526e-01
  1.23e-01	  1.56e-02	3.14243e-01
  1.23e-01	  1.61e-02	1.68418e-01
  1.23e-01	  1.67e-02	8.73167e-02
  1.23e-01	  1.72e-02	4.28936e-02
  1.23e-01	  1.77e-02	1.90803e-02
  1.23e-01	  1.82e-02	6.62598e-03
  1.23e-01	  1.88e-02	3.07552e-04
  1.23e-01	  1.93e-02	-2.74446e-03
  1.23e-01	  1.98e-02	-4.07070e-03
  1.23e-01	  2.03e-02	-4.48670e-03
  1.23e-01	  2.08e-02	-4.42074e-03
  1.23e-01	  2.14e-02	-4.09661e-03
  1.23e-01	  2.19e-02	-3.63105e-03
  1.23e-01	  2.24e-02	-3.08558e-03
  1.23e-01	  2.29e-02	-2.49391e-03
  1.23e-01	  2.34e-02	-1.87624e-03
  1.23e-01	  2.40e-02	-1.24654e-03
  1.23e-01	  2.45e-02	-6.16230e-04
  1.23e-01	  2.50e-02	3.80609e-06
  1.23e-01	  2.55e-02	6.01655e-04
  1.23e-01	  2.60e-02	1.16233e-03
  1.23e-01	  2.66e-02	1.66401e-03
  1.23e-01	  2.71e-02	2.07060e-03
  1.23e-01	  2.76e-02	2.31720e-03
  1.23e-01	  2.81e-02	2.28227e-03
  1.23e-01	  2.86e-02	1.73506e-03
  1.23e-01	  2.92e-02	2.37207e-04
  1.23e-01	  2.97e-02	-3.04111e-03
  1.23e-01	  3.02e-02	-9.65984e-03
  1.23e-01	  3.07e-02	-2.25117e-02
  1.23e-01	  3.13e-02	-4.68420e-02
  1.23e-01	  3.18e-02	-9.19107e-02
  1.23e-01	  3.23e-02	-1.73765e-01
  1.23e-01	  3.28e-02	-3.20386e-01
  1.23e-01	  3.33e-02	-5.82424e-01
  1.23e-01	  3.39e-02	-1.05565e+00
  1.23e-01	  3.44e-02	-1.91912e+00
  1.23e-01	  3.49e-02	-3.45761e+00
  1.23e-01	  3.54e-02	-5.93839e+00
  1.23e-01	  3.59e-02	-9.24892e+00
  1.23e-01	  3.65e-02	-1.27169e+01
  1.23e-01	  3.70e-02	-1.55883e+01
  1.23e-01	  3.75e-02	-1.76262e+01
  1.23e-01	  3.80e-02	-1.24577e+01
  1.23e-01	  3.85e-02	4.50223e+01
  1.23e-01	  3.91e-02	1.34290e+02
  1.23e-01	  3.96e-02	2.78702e+02
  1.23e-01	  4.01e-02	9.11926e-31
  1.23e-01	  4.06e-02	1.48813e-63
  1.23e-01	  4.11e-02	2.27849e-96
  1.23e-01	  4.17e-02	3.49377e-129
  1.23e-01	  4.22e-02	5.36394e-162
  1.23e-01	  4.27e-02	8.24284e-195
  1.23e-01	  4.32e-02	1.26749e-227
  1.23e-01	  4.37e-02	1.94992e-260
  1.23e-01	  4.43e-02	3.00142e-293
  1.23e-01	  4.48e-02	0.00000e+00
  1.23e-01	  4.53e-02	0.00000e+00
  1.23e-01	  4.58e-02	0.00000e+00
  1.23e-01	  4.64e-02	0.00000e+00
  1.23e-01	  4.69e-02	0.00000e+00
  1.23e-01	  4.74e-02	0.00000e+00
  1.23e-01	  4.79e-02	0.00000e+00
  1.23e-01	  4.84e-02	0.00000e+00
  1.23e-01	  4.90e-02	0.00000e+00
  1.23e-01	  4.95e-02	0.00000e+00

  1.24e-01	  0.00e+00	0.00000e+00
  1.24e-01	  5.21e-04	0.00000e+00
  1.24e-01	  1.04e-03	0.00000e+00
  1.24e-01	  1.56e-03	0.00000e+00
  1.24e-01	  2.08e-03	0.00000e+00
  1.24e-01	  2.60e-03	0.00000e+00
  1.24e-01	  3.12e-03	0.00000e+00
  1.24e-01	  3.65e-03	0.00000e+00
  1.24e-01	  4.17e-03	-3.01595e-293
  1.24e-01	  4.69e-03	-1.95773e-260
  1.24e-01	  5.21e-03	-1.27164e-227
  1.24e-01	  5.73e-03	-8.26475e-195
  1.24e-01	  6.25e-03	-5.37537e-162
  1.24e-01	  6.77e-03	-3.49966e-129
  1.24e-01	  7.29e-03	-2.28148e-96
  1.24e-01	  7.81e-03	-1.48960e-63
  1.24e-01	  8.33e-03	-9.74069e-31
  1.24e-01	  8.85e-03	-2.78789e+02
  1.24e-01	  9.37e-03	-1.33969e+02
  1.24e-01	  9.90e-03	-4.51608e+01
  1.24e-01	  1.04e-02	1.24404e+01
  1.24e-01	  1.09e-02	1.76817e+01
  1.24e-01	  1.15e-02	1.56090e+01
  1.24e-01	  1.20e-02	1.27364e+01
  1.24e-01	  1.25e-02	9.28866e+00
  1.24e-01	  1.30e-02	5.99306e+00
  1.24e-01	  1.35e-02	3.50953e+00
  1.24e-01	  1.41e-02	1.95760e+00
  1.24e-01	  1.46e-02	1.08011e+00
  1.24e-01	  1.51e-02	5.96380e-01
  1.24e-01	  1.56e-02	3.27525e-01
  1.24e-01	  1.61e-02	1.76833e-01
  1.24e-01	  1.67e-02	9.27167e-02
  1.24e-01	  1.72e-02	4.64840e-02
  1.24e-01	  1.77e-02	2.16051e-02
  1.24e-01	  1.82e-02	8.51890e-03
  1.24e-01	  1.88e-02	1.80899e-03
  1.24e-01	  1.93e-02	-1.50481e-03
  1.24e-01	  1.98e-02	-3.02199e-03
  1.24e-01	  2.03e-02	-3.58754e-03
  1.24e-01	  2.08e-02	-3.64423e-03
  1.24e-01	  2.14e-02	-3.42326e-03
  1.24e-01	  2.19e-02	-3.04561e-03
  1.24e-01	  2.24e-02	-2.57569e-03
  1.24e-01	  2.29e-02	-2.04948e-03
  1.24e-01	  2.34e-02	-1.48915e-03
  1.24e-01	  2.40e-02	-9.10470e-04
  1.24e-01	  2.45e-02	-3.26561e-04
  1.24e-01	  2.50e-02	2.50026e-04
  1.24e-01	  2.55e-02	8.05720e-04
  1.24e-01	  2.60e-02	1.32383e-03
  1.24e-01	  2.66e-02	1.78071e-03
  1.24e-01	  2.71e-02	2.13821e-03
  1.24e-01	  2.76e-02	2.32878e-03
  1.24e-01	  2.81e-02	2.22690e-03
  1.24e-01	  2.86e-02	1.59465e-03
  1.24e-01	  2.92e-02	-2.07857e-05
  1.24e-01	  2.97e-02	-3.47940e-03
  1.24e-01	  3.02e-02	-1.04024e-02
  1.24e-01	  3.07e-02	-2.37992e-02
  1.24e-01	  3.13e-02	-4.91208e-02
  1.24e-01	  3.18e-02	-9.59605e-02
  1.24e-01	  3.23e-02	-1.80865e-01
  1.24e-01	  3.28e-02	-3.32520e-01
  1.24e-01	  3.33e-02	-6.02500e-01
  1.24e-01	  3.39e-02	-1.08763e+00
  1.24e-01	  3.44e-02	-1.96744e+00
  1.24e-01	  3.49e-02	-3.52435e+00
  1.24e-01	  3.54e-02	-6.01772e+00
  1.24e-01	  3.59e-02	-9.32602e+00
  1.24e-01	  3.65e-02	-1.27795e+01
  1.24e-01	  3.70e-02	-1.56396e+01
  1.24e-01	  3.75e-02	-1.76865e+01
  1.24e-01	  3.80e-02	-1.24873e+01
  1.24e-01	  3.85e-02	4.51585e+01
  1.24e-01	  3.91e-02	1.34230e+02
  1.24e-01	  3.96e-02	2.78973e+02
  1.24e-01	  4.01e-02	9.13589e-31
  1.24e-01	  4.06e-02	1.49044e-63
  1.24e-01	  4.11e-02	2.28246e-96
  1.24e-01	  4.17e-02	3.50058e-129
  1.24e-01	  4.22e-02	5.37572e-162
  1.24e-01	  4.27e-02	8.26340e-195
  1.24e-01	  4.32e-02	1.27111e-227
  1.24e-01	  4.37e-02	1.95638e-260
  1.24e-01	  4.43e-02	3.01296e-293
  1.24e-01	  4.48e-02	0.00000e+00
  1.24e-01	  4.53e-02	0.00000e+00
  1.24e-01	  4.58e-02	0.00000e+00
  1.24e-01	  4.64e-02	0.00000e+00
  1.24e-01	  4.69e-02	0.00000e+00
  1.24e-01	  4.74e-02	0.00000e+00
  1.24e-01	  4.79e-02	0.00000e+00
  1.24e-01	  4.84e-02	0.00000e+00
  1.24e-01	  4.90e-02	0.00000e+00
  1.24e-01	  4.95e-02	0.00000e+00

  1.25e-01	  0.00e+00	0.00000e+00
  1.25e-01	  5.21e-04	0.00000e+00
  1.25e-01	  1.04e-03	0.00000e+00
  1.25e-01	  1.56e-03	0.00000e+00
  1.25e-01	  2.08e-03	0.00000e+00
  1.25e-01	  2.60e-03	0.00000e+00
  1.25e-01	  3.12e-03	0.00000e+00
  1.25e-01	  3.65e-03	0.00000e+00
  1.25e-01	  4.17e-03	-3.02970e-293
  1.25e-01	  4.69e-03	-1.96549e-260
  1.25e-01	  5.21e-03	-1.27603e-227
  1.25e-01	  5.73e-03	-8.28972e-195
  1.25e-01	  6.25e-03	-5.38970e-162
  1.25e-01	  6.77e-03	-3.50793e-129
  1.25e-01	  7.29e-03	-2.28628e-96
  1.25e-01	  7.81e-03	-1.49238e-63
  1.25e-01	  8.33e-03	-9.75686e-31
  1.25e-01	  8.85e-03	-2.79109e+02
  1.25e-01	  9.37e-03	-1.33873e+02
  1.25e-01	  9.90e-03	-4.52720e+01
  1.25e-01	  1.04e-02	1.24449e+01
  1.25e-01	  1.09e-02	1.77401e+01
  1.25e-01	  1.15e-02	1.56620e+01
  1.25e-01	  1.20e-02	1.28010e+01
  1.25e-01	  1.25e-02	9.36773e+00
  1.25e-01	  1.30e-02	6.07338e+00
  1.25e-01	  1.35e-02	3.57597e+00
  1.25e-01	  1.41e-02	2.00502e+00
  1.25e-01	  1.46e-02	1.11132e+00
  1.25e-01	  1.51e-02	6.16120e-01
  1.25e-01	  1.56e-02	3.39755e-01
  1.25e-01	  1.61e-02	1.84343e-01
  1.25e-01	  1.67e-02	9.73621e-02
  1.25e-01	  1.72e-02	4.94445e-02
  1.25e-01	  1.77e-02	2.35959e-02
  1.25e-01	  1.82e-02	9.95091e-03
  1.25e-01	  1.88e-02	2.90714e-03
  1.25e-01	  1.93e-02	-6.20747e-04
  1.25e-01	  1.98e-02	-2.28731e-03
  1.25e-01	  2.03e-02	-2.96479e-03
  1.25e-01	  2.08e-02	-3.10915e-03
  1.25e-01	  2.14e-02	-2.95823e-03
  1.25e-01	  2.19e-02	-2.63681e-03
  1.25e-01	  2.24e-02	-2.21182e-03
  1.25e-01	  2.29e-02	-1.72120e-03
  1.25e-01	  2.34e-02	-1.18881e-03
  1.25e-01	  2.40e-02	-6.31913e-04
  1.25e-01	  2.45e-02	-6.50548e-05
  1.25e-01	  2.50e-02	4.97853e-04
  1.25e-01	  2.55e-02	1.04189e-03
  1.25e-01	  2.60e-02	1.54898e-03
  1.25e-01	  2.66e-02	1.99401e-03
  1.25e-01	  2.71e-02	2.33711e-03
  1.25e-01	  2.76e-02	2.50856e-03
  1.25e-01	  2.81e-02	2.37945e-03
  1.25e-01	  2.86e-02	1.70562e-03
  1.25e-01	  2.92e-02	2.13145e-05
  1.25e-01	  2.97e-02	-3.56111e-03
  1.25e-01	  3.02e-02	-1.07200e-02
  1.25e-01	  3.07e-02	-2.45755e-02
  1.25e-01	  3.13e-02	-5.07771e-02
  1.25e-01	  3.18e-02	-9.92464e-02
  1.25e-01	  3.23e-02	-1.87036e-01
  1.25e-01	  3.28e-02	-3.43568e-01
  1.25e-01	  3.33e-02	-6.21443e-01
  1.25e-01	  3.39e-02	-1.11876e+00
  1.25e-01	  3.44e-02	-2.01589e+00
  1.25e-01	  3.49e-02	-3.59323e+00
  1.25e-01	  3.54e-02	-6.10184e+00
  1.25e-01	  3.59e-02	-9.40990e+00
  1.25e-01	  3.65e-02	-1.28497e+01
  1.25e-01	  3.70e-02	-1.56990e+01
  1.25e-01	  3.75e-02	-1.77536e+01
  1.25e-01	  3.80e-02	-1.25035e+01
  1.25e-01	  3.85e-02	4.52946e+01
  1.25e-01	  3.91e-02	1.34153e+02
  1.25e-01	  3.96e-02	2.79277e+02
  1.25e-01	  4.01e-02	9.15493e-31
  1.25e-01	  4.06e-02	1.49307e-63
  1.25e-01	  4.11e-02	2.28697e-96
  1.25e-01	  4.17e-02	3.50836e-129
  1.25e-01	  4.22e-02	5.38921e-162
  1.25e-01	  4.27e-02	8.28697e-195
  1.25e-01	  4.32e-02	1.27526e-227
  1.25e-01	  4.37e-02	1.96374e-260
  1.25e-01	  4.43e-02	3.02607e-293
  1.25e-01	  4.48e-02	0.00000e+00
  1.25e-01	  4.53e-02	0.00000e+00
  1.25e-01	  4.58e-02	0.00000e+00
  1.25e-01	  4.64e-02	0.00000e+00
  1.25e-01	  4.69e-02	0.00000e+00
  1.25e-01	  4.74e-02	0.00000e+00
  1.25e-01	  4.79e-02	0.00000e+00
  1.25e-01	  4.84e-02	0.00000e+00
  1.25e-01	  4.90e-02	0.00000e+00
  1.25e-01	  4.95e-02	0.00000e+00

  1.26e-01	  0.00e+00	0.00000e+00
  1.26e-01	  5.21e-04	0.00000e+00
  1.26e-01	  1.04e-03	0.00000e+00
  1.26e-01	  1.56e-03	0.00000e+00
  1.26e-01	  2.08e-03	0.00000e+00
  1.26e-01	  2.60e-03	0.00000e+00
  1.26e-01	  3.12e-03	0.00000e+00
  1.26e-01	  3.65e-03	0.00000e+00
  1.26e-01	  4.17e-03	-3.04518e-293
  1.26e-01	  4.69e-03	-1.97425e-260
  1.26e-01	  5.21e-03	-1.28100e-227
  1.26e-01	  5.73e-03	-8.31808e-195
  1.26e-01	  6.25e-03	-5.40597e-162
  1.26e-01	  6.77e-03	-3.51732e-129
  1.26e-01	  7.29e-03	-2.29171e-96
  1.26e-01	  7.81e-03	-1.49553e-63
  1.26e-01	  8.33e-03	-9.77504e-31
  1.26e-01	  8.85e-03	-2.79466e+02
  1.26e-01	  9.37e-03	-1.33757e+02
  1.26e-01	  9.90e-03	-4.53694e+01
  1.26e-01	  1.04e-02	1.24371e+01
  1.26e-01	  1.09e-02	1.78033e+01
  1.26e-01	  1.15e-02	1.57209e+01
  1.26e-01	  1.20e-02	1.28707e+01
  1.26e-01	  1.25e-02	9.45071e+00
  1.26e-01	  1.30e-02	6.15594e+00
  1.26e-01	  1.35e-02	3.64274e+00
  1.26e-01	  1.41e-02	2.05145e+00
  1.26e-01	  1.46e-02	1.14104e+00
  1.26e-01	  1.51e-02	6.34369e-01
  1.26e-01	  1.56e-02	3.50688e-01
  1.26e-01	  1.61e-02	1.90785e-01
  1.26e-01	  1.67e-02	1.01136e-01
  1.26e-01	  1.72e-02	5.16858e-02
  1.26e-01	  1.77e-02	2.49804e-02
  1.26e-01	  1.82e-02	1.08610e-02
  1.26e-01	  1.88e-02	3.54886e-03
  1.26e-01	  1.93e-02	-1.39317e-04
  1.26e-01	  1.98e-02	-1.90883e-03
  1.26e-01	  2.03e-02	-2.65662e-03
  1.26e-01	  2.08e-02	-2.85041e-03
  1.26e-01	  2.14e-02	-2.73387e-03
  1.26e-01	  2.19e-02	-2.43499e-03
  1.26e-01	  2.24e-02	-2.02279e-03
  1.26e-01	  2.29e-02	-1.53680e-03
  1.26e-01	  2.34e-02	-1.00217e-03
  1.26e-01	  2.40e-02	-4.37312e-04
  1.26e-01	  2.45e-02	1.42192e-04
  1.26e-01	  2.50e-02	7.21455e-04
  1.26e-01	  2.55e-02	1.28460e-03
  1.26e-01	  2.60e-02	1.81258e-03
  1.26e-01	  2.66e-02	2.27921e-03
  1.26e-01	  2.71e-02	2.64342e-03
  1.26e-01	  2.76e-02	2.83382e-03
  1.26e-01	  2.81e-02	2.71883e-03
  1.26e-01	  2.86e-02	2.04914e-03
  1.26e-01	  2.92e-02	3.47740e-04
  1.26e-01	  2.97e-02	-3.29770e-03
  1.26e-01	  3.02e-02	-1.06177e-02
  1.26e-01	  3.07e-02	-2.48358e-02
  1.26e-01	  3.13e-02	-5.17898e-02
  1.26e-01	  3.18e-02	-1.01719e-01
  1.26e-01	  3.23e-02	-1.92178e-01
  1.26e-01	  3.28e-02	-3.53347e-01
  1.26e-01	  3.33e-02	-6.38929e-01
  1.26e-01	  3.39e-02	-1.14848e+00
  1.26e-01	  3.44e-02	-2.06355e+00
  1.26e-01	  3.49e-02	-3.66287e+00
  1.26e-01	  3.54e-02	-6.18890e+00
  1.26e-01	  3.59e-02	-9.49853e+00
  1.26e-01	  3.65e-02	-1.29257e+01
  1.26e-01	  3.70e-02	-1.57651e+01
  1.26e-01	  3.75e-02	-1.78261e+01
  1.26e-01	  3.80e-02	-1.25061e+01
  1.26e-01	  3.85e-02	4.54219e+01
  1.26e-01	  3.91e-02	1.34058e+02
  1.26e-01	  3.96e-02	2.79617e+02
  1.26e-01	  4.01e-02	9.17666e-31
  1.26e-01	  4.06e-02	1.49603e-63
  1.26e-01	  4.11e-02	2.29209e-96
  1.26e-01	  4.17e-02	3.51722e-129
  1.26e-01	  4.22e-02	5.40460e-162
  1.26e-01	  4.27e-02	8.31386e-195
  1.26e-01	  4.32e-02	1.27999e-227
  1.26e-01	  4.37e-02	1.97210e-260
  1.26e-01	  4.43e-02	3.04089e-293
  1.26e-01	  4.48e-02	0.00000e+00
  1.26e-01	  4.53e-02	0.00000e+00
  1.26e-01	  4.58e-02	0.00000e+00
  1.26e-01	  4.64e-02	0.00000e+00
  1.26e-01	  4.69e-02	0.00000e+00
  1.26e-01	  4.74e-02	0.00000e+00
  1.26e-01	  4.79e-02	0.00000e+00
  1.26e-01	  4.84e-02	0.00000e+00
  1.26e-01	  4.90e-02	0.00000e+00
  1.26e-01	  4.95e-02	0.00000e+00

  1.27e-01	  0.00e+00	0.00000e+00
  1.27e-01	  5.21e-04	0.00000e+00
  1.27e-01	  1.04e-03	0.00000e+00
  1.27e-01	  1.56e-03	0.00000e+00
  1.27e-01	  2.08e-03	0.00000e+00
  1.27e-01	  2.60e-03	0.00000e+00
  1.27e-01	  3.12e-03	0.00000e+00
  1.27e-01	  3.65e-03	0.00000e+00
  1.27e-01	  4.17e-03	-3.06254e-293
  1.27e-01	  4.69e-03	-1.98412e-260
  1.27e-01	  5.21e-03	-1.28662e-227
  1.27e-01	  5.73e-03	-8.35019e-195
  1.27e-01	  6.25e-03	-5.42441e-162
  1.27e-01	  6.77e-03	-3.52795e-129
  1.27e-01	  7.29e-03	-2.29785e-96
  1.27e-01	  7.81e-03	-1.49907e-63
  1.27e-01	  8.33e-03	-9.79547e-31
  1.27e-01	  8.85e-03	-2.79867e+02
  1.27e-01	  9.37e-03	-1.33620e+02
  1.27e-01	  9.90e-03	-4.54439e+01
  1.27e-01	  1.04e-02	1.24173e+01
  1.27e-01	  1.09e-02	1.78700e+01
  1.27e-01	  1.15e-02	1.57845e+01
  1.27e-01	  1.20e-02	1.29438e+01
  1.27e-01	  1.25e-02	9.53569e+00
  1.27e-01	  1.30e-02	6.23892e+00
  1.27e-01	  1.35e-02	3.70843e+00
  1.27e-01	  1.41e-02	2.09597e+00
  1.27e-01	  1.46e-02	1.16869e+00
  1.27e-01	  1.51e-02	6.50770e-01
  1.27e-01	  1.56e-02	3.60104e-01
  1.27e-01	  1.61e-02	1.96018e-01
  1.27e-01	  1.67e-02	1.03945e-01
  1.27e-01	  1.72e-02	5.31400e-02
  1.27e-01	  1.77e-02	2.57063e-02
  1.27e-01	  1.82e-02	1.12065e-02
  1.27e-01	  1.88e-02	3.69815e-03
  1.27e-01	  1.93e-02	-9.19407e-05
  1.27e-01	  1.98e-02	-1.91469e-03
  1.27e-01	  2.03e-02	-2.68894e-03
  1.27e-01	  2.08e-02	-2.89256e-03
  1.27e-01	  2.14e-02	-2.77408e-03
  1.27e-01	  2.19e-02	-2.46405e-03
  1.27e-01	  2.24e-02	-2.03307e-03
  1.27e-01	  2.29e-02	-1.52175e-03
  1.27e-01	  2.34e-02	-9.56091e-04
  1.27e-01	  2.40e-02	-3.55188e-04
  1.27e-01	  2.45e-02	2.64811e-04
  1.27e-01	  2.50e-02	8.88509e-04
  1.27e-01	  2.55e-02	1.49956e-03
  1.27e-01	  2.60e-02	2.07842e-03
  1.27e-01	  2.66e-02	2.59839e-03
  1.27e-01	  2.71e-02	3.01772e-03
  1.27e-01	  2.76e-02	3.26403e-03
  1.27e-01	  2.81e-02	3.20393e-03
  1.27e-01	  2.86e-02	2.58409e-03
  1.27e-01	  2.92e-02	9.18281e-04
  1.27e-01	  2.97e-02	-2.72721e-03
  1.27e-01	  3.02e-02	-1.01295e-02
  1.27e-01	  3.07e-02	-2.46061e-02
  1.27e-01	  3.13e-02	-5.21702e-02
  1.27e-01	  3.18e-02	-1.03363e-01
  1.27e-01	  3.23e-02	-1.96229e-01
  1.27e-01	  3.28e-02	-3.61710e-01
  1.27e-01	  3.33e-02	-6.54663e-01
  1.27e-01	  3.39e-02	-1.17625e+00
  1.27e-01	  3.44e-02	-2.10953e+00
  1.27e-01	  3.49e-02	-3.73184e+00
  1.27e-01	  3.54e-02	-6.27700e+00
  1.27e-01	  3.59e-02	-9.58988e+00
  1.27e-01	  3.65e-02	-1.30058e+01
  1.27e-01	  3.70e-02	-1.58367e+01
  1.27e-01	  3.75e-02	-1.79027e+01
  1.27e-01	  3.80e-02	-1.24951e+01
  1.27e-01	  3.85e-02	4.55312e+01
  1.27e-01	  3.91e-02	1.33942e+02
  1.27e-01	  3.96e-02	2.79998e+02
  1.27e-01	  4.01e-02	9.20137e-31
  1.27e-01	  4.06e-02	1.49938e-63
  1.27e-01	  4.11e-02	2.29790e-96
  1.27e-01	  4.17e-02	3.52730e-129
  1.27e-01	  4.22e-02	5.42211e-162
  1.27e-01	  4.27e-02	8.34443e-195
  1.27e-01	  4.32e-02	1.28536e-227
  1.27e-01	  4.37e-02	1.98155e-260
  1.27e-01	  4.43e-02	3.05757e-293
  1.27e-01	  4.48e-02	0.00000e+00
  1.27e-01	  4.53e-02	0.00000e+00
  1.27e-01	  4.58e-02	0.00000e+00
  1.27e-01	  4.64e-02	0.00000e+00
  1.27e-01	  4.69e-02	0.00000e+00
  1.27e-01	  4.74e-02	0.00000e+00
  1.27e-01	  4.79e-02	0.00000e+00
  1.27e-01	  4.84e-02	0.00000e+00
  1.27e-01	  4.90e-02	0.00000e+00
  1.27e-01	  4.95e-02	0.00000e+00

  1.27e-01	  0.00e+00	0.00000e+00
  1.27e-01	  5.21e-04	0.00000e+00
  1.27e-01	  1.04e-03	0.00000e+00
  1.27e-01	  1.56e-03	0.00000e+00
  1.27e-01	  2.08e-03	0.00000e+00
  1.27e-01	  2.60e-03	0.00000e+00
  1.27e-01	  3.12e-03	0.00000e+00
  1.27e-01	  3.65e-03	0.00000e+00
  1.27e-01	  4.17e-03	-3.08192e-293
  1.27e-01	  4.69e-03	-1.99518e-260
  1.27e-01	  5.21e-03	-1.29294e-227
  1.27e-01	  5.73e-03	-8.38641e-195
  1.27e-01	  6.25e-03	-5.44524e-162
  1.27e-01	  6.77e-03	-3.53996e-129
  1.27e-01	  7.29e-03	-2.30478e-96
  1.27e-01	  7.81e-03	-1.50306e-63
  1.27e-01	  8.33e-03	-9.81843e-31
  1.27e-01	  8.85e-03	-2.80315e+02
  1.27e-01	  9.37e-03	-1.33460e+02
  1.27e-01	  9.90e-03	-4.54860e+01
  1.27e-01	  1.04e-02	1.23861e+01
  1.27e-01	  1.09e-02	1.79389e+01
  1.27e-01	  1.15e-02	1.58516e+01
  1.27e-01	  1.20e-02	1.30187e+01
  1.27e-01	  1.25e-02	9.62070e+00
  1.27e-01	  1.30e-02	6.32045e+00
  1.27e-01	  1.35e-02	3.77163e+00
  1.27e-01	  1.41e-02	2.13763e+00
  1.27e-01	  1.46e-02	1.19370e+00
  1.27e-01	  1.51e-02	6.64992e-01
  1.27e-01	  1.56e-02	3.67811e-01
  1.27e-01	  1.61e-02	1.99930e-01
  1.27e-01	  1.67e-02	1.05721e-01
  1.27e-01	  1.72e-02	5.37674e-02
  1.27e-01	  1.77e-02	2.57486e-02
  1.27e-01	  1.82e-02	1.09709e-02
  1.27e-01	  1.88e-02	3.34316e-03
  1.27e-01	  1.93e-02	-4.87787e-04
  1.27e-01	  1.98e-02	-2.31291e-03
  1.27e-01	  2.03e-02	-3.06975e-03
  1.27e-01	  2.08e-02	-3.24456e-03
  1.27e-01	  2.14e-02	-3.08962e-03
  1.27e-01	  2.19e-02	-2.73725e-03
  1.27e-01	  2.24e-02	-2.25899e-03
  1.27e-01	  2.29e-02	-1.69596e-03
  1.27e-01	  2.34e-02	-1.07445e-03
  1.27e-01	  2.40e-02	-4.13675e-04
  1.27e-01	  2.45e-02	2.70187e-04
  1.27e-01	  2.50e-02	9.61792e-04
  1.27e-01	  2.55e-02	1.64488e-03
  1.27e-01	  2.60e-02	2.30002e-03
  1.27e-01	  2.66e-02	2.90059e-03
  1.27e-01	  2.71e-02	3.40482e-03
  1.27e-01	  2.76e-02	3.74011e-03
  1.27e-01	  2.81e-02	3.77219e-03
  1.27e-01	  2.86e-02	3.24513e-03
  1.27e-01	  2.92e-02	1.66561e-03
  1.27e-01	  2.97e-02	-1.91766e-03
  1.27e-01	  3.02e-02	-9.32189e-03
  1.27e-01	  3.07e-02	-2.39480e-02
  1.27e-01	  3.13e-02	-5.19679e-02
  1.27e-01	  3.18e-02	-1.04204e-01
  1.27e-01	  3.23e-02	-1.99166e-01
  1.27e-01	  3.28e-02	-3.68546e-01
  1.27e-01	  3.33e-02	-6.68385e-01
  1.27e-01	  3.39e-02	-1.20157e+00
  1.27e-01	  3.44e-02	-2.15290e+00
  1.27e-01	  3.49e-02	-3.79870e+00
  1.27e-01	  3.54e-02	-6.36418e+00
  1.27e-01	  3.59e-02	-9.68186e+00
  1.27e-01	  3.65e-02	-1.30883e+01
  1.27e-01	  3.70e-02	-1.59122e+01
  1.27e-01	  3.75e-02	-1.79820e+01
  1.27e-01	  3.80e-02	-1.24709e+01
  1.27e-01	  3.85e-02	4.56126e+01
  1.27e-01	  3.91e-02	1.33804e+02
  1.27e-01	  3.96e-02	2.80424e+02
  1.27e-01	  4.01e-02	9.22935e-31
  1.27e-01	  4.06e-02	1.50316e-63
  1.27e-01	  4.11e-02	2.30448e-96
  1.27e-01	  4.17e-02	3.53873e-129
  1.27e-01	  4.22e-02	5.44198e-162
  1.27e-01	  4.27e-02	8.37907e-195
  1.27e-01	  4.32e-02	1.29142e-227
  1.27e-01	  4.37e-02	1.99219e-260
  1.27e-01	  4.43e-02	3.07626e-293
  1.27e-01	  4.48e-02	0.00000e+00
  1.27e-01	  4.53e-02	0.00000e+00
  1.27e-01	  4.58e-02	0.00000e+00
  1.27e-01	  4.64e-02	0.00000e+00
  1.27e-01	  4.69e-02	0.00000e+00
  1.27e-01	  4.74e-02	0.00000e+00
  1.27e-01	  4.79e-02	0.00000e+00
  1.27e-01	  4.84e-02	0.00000e+00
  1.27e-01	  4.90e-02	0.00000e+00
  1.27e-01	  4.95e-02	0.00000e+00

  1.28e-01	  0.00e+00	0.00000e+00
  1.28e-01	  5.21e-04	0.00000e+00
  1.28e-01	  1.04e-03	0.00000e+00
  1.28e-01	  1.56e-03	0.00000e+00
  1.28e-01	  2.08e-03	0.00000e+00
  1.28e-01	  2.60e-03	0.00000e+00
  1.28e-01	  3.12e-03	0.00000e+00
  1.28e-01	  3.65e-03	0.00000e+00
  1.28e-01	  4.17e-03	-3.10347e-293
  1.28e-01	  4.69e-03	-2.00754e-260
  1.28e-01	  5.21e-03	-1.30003e-227
  1.28e-01	  5.73e-03	-8.42714e-195
  1.28e-01	  6.25e-03	-5.46870e-162
  1.28e-01	  6.77e-03	-3.55350e-129
  1.28e-01	  7.29e-03	-2.31258e-96
  1.28e-01	  7.81e-03	-1.50756e-63
  1.28e-01	  8.33e-03	-9.84422e-31
  1.28e-01	  8.85e-03	-2.80817e+02
  1.28e-01	  9.37e-03	-1.33273e+02
  1.28e-01	  9.90e-03	-4.54855e+01
  1.28e-01	  1.04e-02	1.23448e+01
  1.28e-01	  1.09e-02	1.80089e+01
  1.28e-01	  1.15e-02	1.59208e+01
  1.28e-01	  1.20e-02	1.30938e+01
  1.28e-01	  1.25e-02	9.70378e+00
  1.28e-01	  1.30e-02	6.39863e+00
  1.28e-01	  1.35e-02	3.83090e+00
  1.28e-01	  1.41e-02	2.17553e+00
  1.28e-01	  1.46e-02	1.21554e+00
  1.28e-01	  1.51e-02	6.76733e-01
  1.28e-01	  1.56e-02	3.73651e-01
  1.28e-01	  1.61e-02	2.02448e-01
  1.28e-01	  1.67e-02	1.06439e-01
  1.28e-01	  1.72e-02	5.35659e-02
  1.28e-01	  1.77e-02	2.51183e-02
  1.28e-01	  1.82e-02	1.01715e-02
  1.28e-01	  1.88e-02	2.50381e-03
  1.28e-01	  1.93e-02	-1.30680e-03
  1.28e-01	  1.98e-02	-3.08492e-03
  1.28e-01	  2.03e-02	-3.78324e-03
  1.28e-01	  2.08e-02	-3.89437e-03
  1.28e-01	  2.14e-02	-3.67306e-03
  1.28e-01	  2.19e-02	-3.25251e-03
  1.28e-01	  2.24e-02	-2.70440e-03
  1.28e-01	  2.29e-02	-2.06972e-03
  1.28e-01	  2.34e-02	-1.37435e-03
  1.28e-01	  2.40e-02	-6.37027e-04
  1.28e-01	  2.45e-02	1.26702e-04
  1.28e-01	  2.50e-02	9.02168e-04
  1.28e-01	  2.55e-02	1.67385e-03
  1.28e-01	  2.60e-02	2.42307e-03
  1.28e-01	  2.66e-02	3.12397e-03
  1.28e-01	  2.71e-02	3.73554e-03
  1.28e-01	  2.76e-02	4.18578e-03
  1.28e-01	  2.81e-02	4.34062e-03
  1.28e-01	  2.86e-02	3.94305e-03
  1.28e-01	  2.92e-02	2.49507e-03
  1.28e-01	  2.97e-02	-9.68054e-04
  1.28e-01	  3.02e-02	-8.29629e-03
  1.28e-01	  3.07e-02	-2.29615e-02
  1.28e-01	  3.13e-02	-5.12750e-02
  1.28e-01	  3.18e-02	-1.04311e-01
  1.28e-01	  3.23e-02	-2.01014e-01
  1.28e-01	  3.28e-02	-3.73797e-01
  1.28e-01	  3.33e-02	-6.79881e-01
  1.28e-01	  3.39e-02	-1.22396e+00
  1.28e-01	  3.44e-02	-2.19278e+00
  1.28e-01	  3.49e-02	-3.86201e+00
  1.28e-01	  3.54e-02	-6.44849e+00
  1.28e-01	  3.59e-02	-9.77240e+00
  1.28e-01	  3.65e-02	-1.31715e+01
  1.28e-01	  3.70e-02	-1.59904e+01
  1.28e-01	  3.75e-02	-1.80626e+01
  1.28e-01	  3.80e-02	-1.24343e+01
  1.28e-01	  3.85e-02	4.56556e+01
  1.28e-01	  3.91e-02	1.33640e+02
  1.28e-01	  3.96e-02	2.80904e+02
  1.28e-01	  4.01e-02	9.26095e-31
  1.28e-01	  4.06e-02	1.50744e-63
  1.28e-01	  4.11e-02	2.31192e-96
  1.28e-01	  4.17e-02	3.55166e-129
  1.28e-01	  4.22e-02	5.46444e-162
  1.28e-01	  4.27e-02	8.41816e-195
  1.28e-01	  4.32e-02	1.29824e-227
  1.28e-01	  4.37e-02	2.00412e-260
  1.28e-01	  4.43e-02	3.09712e-293
  1.28e-01	  4.48e-02	0.00000e+00
  1.28e-01	  4.53e-02	0.00000e+00
  1.28e-01	  4.58e-02	0.00000e+00
  1.28e-01	  4.64e-02	0.00000e+00
  1.28e-01	  4.69e-02	0.00000e+00
  1.28e-01	  4.74e-02	0.00000e+00
  1.28e-01	  4.79e-02	0.00000e+00
  1.28e-01	  4.84e-02	0.00000e+00
  1.28e-01	  4.90e-02	0.00000e+00
  1.28e-01	  4.95e-02	0.00000e+00

  1.29e-01	  0.00e+00	0.00000e+00
  1.29e-01	  5.21e-04	0.00000e+00
  1.29e-01	  1.04e-03	0.00000e+00
  1.29e-01	  1.56e-03	0.00000e+00
  1.29e-01	  2.08e-03	0.00000e+00
  1.29e-01	  2.60e-03	0.00000e+00
  1.29e-01	  3.12e-03	0.00000e+00
  1.29e-01	  3.65e-03	0.00000e+00
  1.29e-01	  4.17e-03	-3.12734e-293
  1.29e-01	  4.69e-03	-2.02129e-260
  1.29e-01	  5.21e-03	-1.30795e-227
  1.29e-01	  5.73e-03	-8.47278e-195
  1.29e-01	  6.25e-03	-5.49505e-162
  1.29e-01	  6.77e-03	-3.56872e-129
  1.29e-01	  7.29e-03	-2.32136e-96
  1.29e-01	  7.81e-03	-1.51261e-63
  1.29e-01	  8.33e-03	-9.87318e-31
  1.29e-01	  8.85e-03	-2.81379e+02
  1.29e-01	  9.37e-03	-1.33059e+02
  1.29e-01	  9.90e-03	-4.54322e+01
  1.29e-01	  1.04e-02	1.22950e+01
  1.29e-01	  1.09e-02	1.80787e+01
  1.29e-01	  1.15e-02	1.59909e+01
  1.29e-01	  1.20e-02	1.31674e+01
  1.29e-01	  1.25e-02	9.78299e+00
  1.29e-01	  1.30e-02	6.47162e+00
  1.29e-01	  1.35e-02	3.88482e+00
  1.29e-01	  1.41e-02	2.20875e+00
  1.29e-01	  1.46e-02	1.23369e+00
  1.29e-01	  1.51e-02	6.85743e-01
  1.29e-01	  1.56e-02	3.77523e-01
  1.29e-01	  1.61e-02	2.03551e-01
  1.29e-01	  1.67e-02	1.06122e-01
  1.29e-01	  1.72e-02	5.25814e-02
  1.29e-01	  1.77e-02	2.38711e-02
  1.29e-01	  1.82e-02	8.86704e-03
  1.29e-01	  1.88e-02	1.23812e-03
  1.29e-01	  1.93e-02	-2.49406e-03
  1.29e-01	  1.98e-02	-4.18052e-03
  1.29e-01	  2.03e-02	-4.78511e-03
  1.29e-01	  2.08e-02	-4.80455e-03
  1.29e-01	  2.14e-02	-4.49463e-03
  1.29e-01	  2.19e-02	-3.98836e-03
  1.29e-01	  2.24e-02	-3.35672e-03
  1.29e-01	  2.29e-02	-2.63974e-03
  1.29e-01	  2.34e-02	-1.86220e-03
  1.29e-01	  2.40e-02	-1.04161e-03
  1.29e-01	  2.45e-02	-1.92211e-04
  1.29e-01	  2.50e-02	6.72701e-04
  1.29e-01	  2.55e-02	1.53903e-03
  1.29e-01	  2.60e-02	2.38959e-03
  1.29e-01	  2.66e-02	3.20003e-03
  1.29e-01	  2.71e-02	3.93088e-03
  1.29e-01	  2.76e-02	4.51169e-03
  1.29e-01	  2.81e-02	4.80973e-03
  1.29e-01	  2.86e-02	4.56851e-03
  1.29e-01	  2.92e-02	3.28794e-03
  1.29e-01	  2.97e-02	-5.69028e-06
  1.29e-01	  3.02e-02	-7.18708e-03
  1.29e-01	  3.07e-02	-2.17850e-02
  1.29e-01	  3.13e-02	-5.02272e-02
  1.29e-01	  3.18e-02	-1.03807e-01
  1.29e-01	  3.23e-02	-2.01856e-01
  1.29e-01	  3.28e-02	-3.77461e-01
  1.29e-01	  3.33e-02	-6.88996e-01
  1.29e-01	  3.39e-02	-1.24298e+00
  1.29e-01	  3.44e-02	-2.22832e+00
  1.29e-01	  3.49e-02	-3.92033e+00
  1.29e-01	  3.54e-02	-6.52801e+00
  1.29e-01	  3.59e-02	-9.85946e+00
  1.29e-01	  3.65e-02	-1.32535e+01
  1.29e-01	  3.70e-02	-1.60696e+01
  1.29e-01	  3.75e-02	-1.81430e+01
  1.29e-01	  3.80e-02	-1.23868e+01
  1.29e-01	  3.85e-02	4.56496e+01
  1.29e-01	  3.91e-02	1.33450e+02
  1.29e-01	  3.96e-02	2.81441e+02
  1.29e-01	  4.01e-02	9.29652e-31
  1.29e-01	  4.06e-02	1.51226e-63
  1.29e-01	  4.11e-02	2.32032e-96
  1.29e-01	  4.17e-02	3.56624e-129
  1.29e-01	  4.22e-02	5.48975e-162
  1.29e-01	  4.27e-02	8.46211e-195
  1.29e-01	  4.32e-02	1.30588e-227
  1.29e-01	  4.37e-02	2.01743e-260
  1.29e-01	  4.43e-02	3.12028e-293
  1.29e-01	  4.48e-02	0.00000e+00
  1.29e-01	  4.53e-02	0.00000e+00
  1.29e-01	  4.58e-02	0.00000e+00
  1.29e-01	  4.64e-02	0.00000e+00
  1.29e-01	  4.69e-02	0.00000e+00
  1.29e-01	  4.74e-02	0.00000e+00
  1.29e-01	  4.79e-02	0.00000e+00
  1.29e-01	  4.84e-02	0.00000e+00
  1.29e-01	  4.90e-02	0.00000e+00
  1.29e-01	  4.95e-02	0.00000e+00

  1.30e-01	  0.00e+00	0.00000e+00
  1.30e-01	  5.21e-04	0.00000e+00
  1.30e-01	  1.04e-03	0.00000e+00
  1.30e-01	  1.56e-03	0.00000e+00
  1.30e-01	  2.08e-03	0.00000e+00
  1.30e-01	  2.60e-03	0.00000e+00
  1.30e-01	  3.12e-03	0.00000e+00
  1.30e-01	  3.65e-03	0.00000e+00
  1.30e-01	  4.17e-03	-3.15366e-293
  1.30e-01	  4.69e-03	-2.03652e-260
  1.30e-01	  5.21e-03	-1.31675e-227
  1.30e-01	  5.73e-03	-8.52371e-195
  1.30e-01	  6.25e-03	-5.52453e-162
  1.30e-01	  6.77e-03	-3.58578e-129
  1.30e-01	  7.29e-03	-2.33121e-96
  1.30e-01	  7.81e-03	-1.51828e-63
  1.30e-01	  8.33e-03	-9.90567e-31
  1.30e-01	  8.85e-03	-2.82010e+02
  1.30e-01	  9.37e-03	-1.32815e+02
  1.30e-01	  9.90e-03	-4.53158e+01
  1.30e-01	  1.04e-02	1.22391e+01
  1.30e-01	  1.09e-02	1.81471e+01
  1.30e-01	  1.15e-02	1.60604e+01
  1.30e-01	  1.20e-02	1.32379e+01
  1.30e-01	  1.25e-02	9.85647e+00
  1.30e-01	  1.30e-02	6.53760e+00
  1.30e-01	  1.35e-02	3.93205e+00
  1.30e-01	  1.41e-02	2.23649e+00
  1.30e-01	  1.46e-02	1.24774e+00
  1.30e-01	  1.51e-02	6.91851e-01
  1.30e-01	  1.56e-02	3.79398e-01
  1.30e-01	  1.61e-02	2.03287e-01
  1.30e-01	  1.67e-02	1.04856e-01
  1.30e-01	  1.72e-02	5.09157e-02
  1.30e-01	  1.77e-02	2.21131e-02
  1.30e-01	  1.82e-02	7.16193e-03
  1.30e-01	  1.88e-02	-3.54704e-04
  1.30e-01	  1.93e-02	-3.95739e-03
  1.30e-01	  1.98e-02	-5.51577e-03
  1.30e-01	  2.03e-02	-6.00065e-03
  1.30e-01	  2.08e-02	-5.91035e-03
  1.30e-01	  2.14e-02	-5.50015e-03
  1.30e-01	  2.19e-02	-4.90170e-03
  1.30e-01	  2.24e-02	-4.18433e-03
  1.30e-01	  2.29e-02	-3.38625e-03
  1.30e-01	  2.34e-02	-2.53036e-03
  1.30e-01	  2.40e-02	-1.63217e-03
  1.30e-01	  2.45e-02	-7.03903e-04
  1.30e-01	  2.50e-02	2.43261e-04
  1.30e-01	  2.55e-02	1.19738e-03
  1.30e-01	  2.60e-02	2.14348e-03
  1.30e-01	  2.66e-02	3.05951e-03
  1.30e-01	  2.71e-02	3.90835e-03
  1.30e-01	  2.76e-02	4.62207e-03
  1.30e-01	  2.81e-02	5.07043e-03
  1.30e-01	  2.86e-02	4.99909e-03
  1.30e-01	  2.92e-02	3.90850e-03
  1.30e-01	  2.97e-02	8.20658e-04
  1.30e-01	  3.02e-02	-6.15534e-03
  1.30e-01	  3.07e-02	-2.05898e-02
  1.30e-01	  3.13e-02	-4.90010e-02
  1.30e-01	  3.18e-02	-1.02860e-01
  1.30e-01	  3.23e-02	-2.01832e-01
  1.30e-01	  3.28e-02	-3.79610e-01
  1.30e-01	  3.33e-02	-6.95655e-01
  1.30e-01	  3.39e-02	-1.25831e+00
  1.30e-01	  3.44e-02	-2.25872e+00
  1.30e-01	  3.49e-02	-3.97231e+00
  1.30e-01	  3.54e-02	-6.60086e+00
  1.30e-01	  3.59e-02	-9.94107e+00
  1.30e-01	  3.65e-02	-1.33327e+01
  1.30e-01	  3.70e-02	-1.61485e+01
  1.30e-01	  3.75e-02	-1.82218e+01
  1.30e-01	  3.80e-02	-1.23304e+01
  1.30e-01	  3.85e-02	4.55837e+01
  1.30e-01	  3.91e-02	1.33231e+02
  1.30e-01	  3.96e-02	2.82045e+02
  1.30e-01	  4.01e-02	9.33644e-31
  1.30e-01	  4.06e-02	1.51768e-63
  1.30e-01	  4.11e-02	2.32977e-96
  1.30e-01	  4.17e-02	3.58265e-129
  1.30e-01	  4.22e-02	5.51818e-162
  1.30e-01	  4.27e-02	8.51133e-195
  1.30e-01	  4.32e-02	1.31441e-227
  1.30e-01	  4.37e-02	2.03221e-260
  1.30e-01	  4.43e-02	3.14591e-293
  1.30e-01	  4.48e-02	0.00000e+00
  1.30e-01	  4.53e-02	0.00000e+00
  1.30e-01	  4.58e-02	0.00000e+00
  1.30e-01	  4.64e-02	0.00000e+00
  1.30e-01	  4.69e-02	0.00000e+00
  1.30e-01	  4.74e-02	0.00000e+00
  1.30e-01	  4.79e-02	0.00000e+00
  1.30e-01	  4.84e-02	0.00000e+00
  1.30e-01	  4.90e-02	0.00000e+00
  1.30e-01	  4.95e-02	0.00000e+00

  1.30e-01	  0.00e+00	0.00000e+00
  1.30e-01	  5.21e-04	0.00000e+00
  1.30e-01	  1.04e-03	0.00000e+00
  1.30e-01	  1.56e-03	0.00000e+00
  1.30e-01	  2.08e-03	0.00000e+00
  1.30e-01	  2.60e-03	0.00000e+00
  1.30e-01	  3.12e-03	0.00000e+00
  1.30e-01	  3.65e-03	0.00000e+00
  1.30e-01	  4.17e-03	-3.18257e-293
  1.30e-01	  4.69e-03	-2.05332e-260
  1.30e-01	  5.21e-03	-1.32651e-227
  1.30e-01	  5.73e-03	-8.58036e-195
  1.30e-01	  6.25e-03	-5.55742e-162
  1.30e-01	  6.77e-03	-3.60484e-129
  1.30e-01	  7.29e-03	-2.34224e-96
  1.30e-01	  7.81e-03	-1.52463e-63
  1.30e-01	  8.33e-03	-9.94210e-31
  1.30e-01	  8.85e-03	-2.82715e+02
  1.30e-01	  9.37e-03	-1.32539e+02
  1.30e-01	  9.90e-03	-4.51260e+01
  1.30e-01	  1.04e-02	1.21799e+01
  1.30e-01	  1.09e-02	1.82131e+01
  1.30e-01	  1.15e-02	1.61280e+01
  1.30e-01	  1.20e-02	1.33038e+01
  1.30e-01	  1.25e-02	9.92245e+00
  1.30e-01	  1.30e-02	6.59490e+00
  1.30e-01	  1.35e-02	3.97134e+00
  1.30e-01	  1.41e-02	2.25802e+00
  1.30e-01	  1.46e-02	1.25739e+00
  1.30e-01	  1.51e-02	6.94998e-01
  1.30e-01	  1.56e-02	3.79343e-01
  1.30e-01	  1.61e-02	2.01786e-01
  1.30e-01	  1.67e-02	1.02796e-01
  1.30e-01	  1.72e-02	4.87297e-02
  1.30e-01	  1.77e-02	2.00016e-02
  1.30e-01	  1.82e-02	5.20523e-03
  1.30e-01	  1.88e-02	-2.13579e-03
  1.30e-01	  1.93e-02	-5.56918e-03
  1.30e-01	  1.98e-02	-6.97500e-03
  1.30e-01	  2.03e-02	-7.32649e-03
  1.30e-01	  2.08e-02	-7.12110e-03
  1.30e-01	  2.14e-02	-6.61192e-03
  1.30e-01	  2.19e-02	-5.92807e-03
  1.30e-01	  2.24e-02	-5.13623e-03
  1.30e-01	  2.29e-02	-4.27192e-03
  1.30e-01	  2.34e-02	-3.35533e-03
  1.30e-01	  2.40e-02	-2.39924e-03
  1.30e-01	  2.45e-02	-1.41307e-03
  1.30e-01	  2.50e-02	-4.05199e-04
  1.30e-01	  2.55e-02	6.15319e-04
  1.30e-01	  2.60e-02	1.63645e-03
  1.30e-01	  2.66e-02	2.63918e-03
  1.30e-01	  2.71e-02	3.58959e-03
  1.30e-01	  2.76e-02	4.42311e-03
  1.30e-01	  2.81e-02	5.01313e-03
  1.30e-01	  2.86e-02	5.10904e-03
  1.30e-01	  2.92e-02	4.21436e-03
  1.30e-01	  2.97e-02	1.35141e-03
  1.30e-01	  3.02e-02	-5.37817e-03
  1.30e-01	  3.07e-02	-1.95701e-02
  1.30e-01	  3.13e-02	-4.78046e-02
  1.30e-01	  3.18e-02	-1.01686e-01
  1.30e-01	  3.23e-02	-2.01143e-01
  1.30e-01	  3.28e-02	-3.80389e-01
  1.30e-01	  3.33e-02	-6.99880e-01
  1.30e-01	  3.39e-02	-1.26971e+00
  1.30e-01	  3.44e-02	-2.28335e+00
  1.30e-01	  3.49e-02	-4.01671e+00
  1.30e-01	  3.54e-02	-6.66531e+00
  1.30e-01	  3.59e-02	-1.00154e+01
  1.30e-01	  3.65e-02	-1.34074e+01
  1.30e-01	  3.70e-02	-1.62255e+01
  1.30e-01	  3.75e-02	-1.82977e+01
  1.30e-01	  3.80e-02	-1.22676e+01
  1.30e-01	  3.85e-02	4.54471e+01
  1.30e-01	  3.91e-02	1.32980e+02
  1.30e-01	  3.96e-02	2.82723e+02
  1.30e-01	  4.01e-02	9.38109e-31
  1.30e-01	  4.06e-02	1.52378e-63
  1.30e-01	  4.11e-02	2.34039e-96
  1.30e-01	  4.17e-02	3.60105e-129
  1.30e-01	  4.22e-02	5.54998e-162
  1.30e-01	  4.27e-02	8.56624e-195
  1.30e-01	  4.32e-02	1.32389e-227
  1.30e-01	  4.37e-02	2.04857e-260
  1.30e-01	  4.43e-02	3.17411e-293
  1.30e-01	  4.48e-02	0.00000e+00
  1.30e-01	  4.53e-02	0.00000e+00
  1.30e-01	  4.58e-02	0.00000e+00
  1.30e-01	  4.64e-02	0.00000e+00
  1.30e-01	  4.69e-02	0.00000e+00
  1.30e-01	  4.74e-02	0.00000e+00
  1.30e-01	  4.79e-02	0.00000e+00
  1.30e-01	  4.84e-02	0.00000e+00
  1.30e-01	  4.90e-02	0.00000e+00
  1.30e-01	  4.95e-02	0.00000e+00

  1.31e-01	  0.00e+00	0.00000e+00
  1.31e-01	  5.21e-04	0.00000e+00
  1.31e-01	  1.04e-03	0.00000e+00
  1.31e-01	  1.56e-03	0.00000e+00
  1.31e-01	  2.08e-03	0.00000e+00
  1.31e-01	  2.60e-03	0.00000e+00
  1.31e-01	  3.12e-03	0.00000e+00
  1.31e-01	  3.65e-03	0.00000e+00
  1.31e-01	  4.17e-03	-3.21417e-293
  1.31e-01	  4.69e-03	-2.07177e-260
  1.31e-01	  5.21e-03	-1.33727e-227
  1.31e-01	  5.73e-03	-8.64309e-195
  1.31e-01	  6.25e-03	-5.59396e-162
  1.31e-01	  6.77e-03	-3.62609e-129
  1.31e-01	  7.29e-03	-2.35456e-96
  1.31e-01	  7.81e-03	-1.53173e-63
  1.31e-01	  8.33e-03	-9.98287e-31
  1.31e-01	  8.85e-03	-2.83505e+02
  1.31e-01	  9.37e-03	-1.32229e+02
  1.31e-01	  9.90e-03	-4.48531e+01
  1.31e-01	  1.04e-02	1.21208e+01
  1.31e-01	  1.09e-02	1.82759e+01
  1.31e-01	  1.15e-02	1.61927e+01
  1.31e-01	  1.20e-02	1.33638e+01
  1.31e-01	  1.25e-02	9.97937e+00
  1.31e-01	  1.30e-02	6.64206e+00
  1.31e-01	  1.35e-02	4.00169e+00
  1.31e-01	  1.41e-02	2.27286e+00
  1.31e-01	  1.46e-02	1.26251e+00
  1.31e-01	  1.51e-02	6.95263e-01
  1.31e-01	  1.56e-02	3.77541e-01
  1.31e-01	  1.61e-02	1.99268e-01
  1.31e-01	  1.67e-02	1.00167e-01
  1.31e-01	  1.72e-02	4.62401e-02
  1.31e-01	  1.77e-02	1.77396e-02
  1.31e-01	  1.82e-02	3.18454e-03
  1.31e-01	  1.88e-02	-3.93322e-03
  1.31e-01	  1.93e-02	-7.17293e-03
  1.31e-01	  1.98e-02	-8.41678e-03
  1.31e-01	  2.03e-02	-8.63610e-03
  1.31e-01	  2.08e-02	-8.32494e-03
  1.31e-01	  2.14e-02	-7.73268e-03
  1.31e-01	  2.19e-02	-6.98473e-03
  1.31e-01	  2.24e-02	-6.14417e-03
  1.31e-01	  2.29e-02	-5.24299e-03
  1.31e-01	  2.34e-02	-4.29789e-03
  1.31e-01	  2.40e-02	-3.31817e-03
  1.31e-01	  2.45e-02	-2.30979e-03
  1.31e-01	  2.50e-02	-1.27760e-03
  1.31e-01	  2.55e-02	-2.27108e-04
  1.31e-01	  2.60e-02	8.33265e-04
  1.31e-01	  2.66e-02	1.88823e-03
  1.31e-01	  2.71e-02	2.90779e-03
  1.31e-01	  2.76e-02	3.83155e-03
  1.31e-01	  2.81e-02	4.53752e-03
  1.31e-01	  2.86e-02	4.78014e-03
  1.31e-01	  2.92e-02	4.06832e-03
  1.31e-01	  2.97e-02	1.42900e-03
  1.31e-01	  3.02e-02	-5.03515e-03
  1.31e-01	  3.07e-02	-1.89289e-02
  1.31e-01	  3.13e-02	-4.68647e-02
  1.31e-01	  3.18e-02	-1.00529e-01
  1.31e-01	  3.23e-02	-2.00042e-01
  1.31e-01	  3.28e-02	-3.80028e-01
  1.31e-01	  3.33e-02	-7.01803e-01
  1.31e-01	  3.39e-02	-1.27709e+00
  1.31e-01	  3.44e-02	-2.30171e+00
  1.31e-01	  3.49e-02	-4.05249e+00
  1.31e-01	  3.54e-02	-6.71983e+00
  1.31e-01	  3.59e-02	-1.00807e+01
  1.31e-01	  3.65e-02	-1.34761e+01
  1.31e-01	  3.70e-02	-1.62993e+01
  1.31e-01	  3.75e-02	-1.83697e+01
  1.31e-01	  3.80e-02	-1.22014e+01
  1.31e-01	  3.85e-02	4.52294e+01
  1.31e-01	  3.91e-02	1.32697e+02
  1.31e-01	  3.96e-02	2.83483e+02
  1.31e-01	  4.01e-02	9.43088e-31
  1.31e-01	  4.06e-02	1.53062e-63
  1.31e-01	  4.11e-02	2.35227e-96
  1.31e-01	  4.17e-02	3.62161e-129
  1.31e-01	  4.22e-02	5.58542e-162
  1.31e-01	  4.27e-02	8.62722e-195
  1.31e-01	  4.32e-02	1.33437e-227
  1.31e-01	  4.37e-02	2.06658e-260
  1.31e-01	  4.43e-02	3.20502e-293
  1.31e-01	  4.48e-02	0.00000e+00
  1.31e-01	  4.53e-02	0.00000e+00
  1.31e-01	  4.58e-02	0.00000e+00
  1.31e-01	  4.64e-02	0.00000e+00
  1.31e-01	  4.69e-02	0.00000e+00
  1.31e-01	  4.74e-02	0.00000e+00
  1.31e-01	  4.79e-02	0.00000e+00
  1.31e-01	  4.84e-02	0.00000e+00
  1.31e-01	  4.90e-02	0.00000e+00
  1.31e-01	  4.95e-02	0.00000e+00

  1.32e-01	  0.00e+00	0.00000e+00
  1.32e-01	  5.21e-04	0.00000e+00
  1.32e-01	  1.04e-03	0.00000e+00
  1.32e-01	  1.56e-03	0.00000e+00
  1.32e-01	  2.08e-03	0.00000e+00
  1.32e-01	  2.60e-03	0.00000e+00
  1.32e-01	  3.12e-03	0.00000e+00
  1.32e-01	  3.65e-03	0.00000e+00
  1.32e-01	  4.17e-03	-3.24856e-293
  1.32e-01	  4.69e-03	-2.09194e-260
  1.32e-01	  5.21e-03	-1.34909e-227
  1.32e-01	  5.73e-03	-8.71228e-195
  1.32e-01	  6.25e-03	-5.63440e-162
  1.32e-01	  6.77e-03	-3.64968e-129
  1.32e-01	  7.29e-03	-2.36826e-96
  1.32e-01	  7.81e-03	-1.53966e-63
  1.32e-01	  8.33e-03	-1.00284e-30
  1.32e-01	  8.85e-03	-2.84387e+02
  1.32e-01	  9.37e-03	-1.31885e+02
  1.32e-01	  9.90e-03	-4.44880e+01
  1.32e-01	  1.04e-02	1.20655e+01
  1.32e-01	  1.09e-02	1.83347e+01
  1.32e-01	  1.15e-02	1.62533e+01
  1.32e-01	  1.20e-02	1.34167e+01
  1.32e-01	  1.25e-02	1.00259e+01
  1.32e-01	  1.30e-02	6.67791e+00
  1.32e-01	  1.35e-02	4.02236e+00
  1.32e-01	  1.41e-02	2.28075e+00
  1.32e-01	  1.46e-02	1.26317e+00
  1.32e-01	  1.51e-02	6.92887e-01
  1.32e-01	  1.56e-02	3.74290e-01
  1.32e-01	  1.61e-02	1.96036e-01
  1.32e-01	  1.67e-02	9.72551e-02
  1.32e-01	  1.72e-02	4.37100e-02
  1.32e-01	  1.77e-02	1.55652e-02
  1.32e-01	  1.82e-02	1.31493e-03
  1.32e-01	  1.88e-02	-5.55271e-03
  1.32e-01	  1.93e-02	-8.59328e-03
  1.32e-01	  1.98e-02	-9.68328e-03
  1.32e-01	  2.03e-02	-9.78811e-03
  1.32e-01	  2.08e-02	-9.39626e-03
  1.32e-01	  2.14e-02	-8.75201e-03
  1.32e-01	  2.19e-02	-7.97605e-03
  1.32e-01	  2.24e-02	-7.12700e-03
  1.32e-01	  2.29e-02	-6.23257e-03
  1.32e-01	  2.34e-02	-5.30527e-03
  1.32e-01	  2.40e-02	-4.35029e-03
  1.32e-01	  2.45e-02	-3.36946e-03
  1.32e-01	  2.50e-02	-2.36355e-03
  1.32e-01	  2.55e-02	-1.33391e-03
  1.32e-01	  2.60e-02	-2.84760e-04
  1.32e-01	  2.66e-02	7.72930e-04
  1.32e-01	  2.71e-02	1.81366e-03
  1.32e-01	  2.76e-02	2.78189e-03
  1.32e-01	  2.81e-02	3.56096e-03
  1.32e-01	  2.86e-02	3.91149e-03
  1.32e-01	  2.92e-02	3.34958e-03
  1.32e-01	  2.97e-02	9.10519e-04
  1.32e-01	  3.02e-02	-5.29428e-03
  1.32e-01	  3.07e-02	-1.88629e-02
  1.32e-01	  3.13e-02	-4.64107e-02
  1.32e-01	  3.18e-02	-9.96552e-02
  1.32e-01	  3.23e-02	-1.98821e-01
  1.32e-01	  3.28e-02	-3.78825e-01
  1.32e-01	  3.33e-02	-7.01678e-01
  1.32e-01	  3.39e-02	-1.28056e+00
  1.32e-01	  3.44e-02	-2.31356e+00
  1.32e-01	  3.49e-02	-4.07890e+00
  1.32e-01	  3.54e-02	-6.76319e+00
  1.32e-01	  3.59e-02	-1.01357e+01
  1.32e-01	  3.65e-02	-1.35375e+01
  1.32e-01	  3.70e-02	-1.63687e+01
  1.32e-01	  3.75e-02	-1.84368e+01
  1.32e-01	  3.80e-02	-1.21357e+01
  1.32e-01	  3.85e-02	4.49209e+01
  1.32e-01	  3.91e-02	1.32378e+02
  1.32e-01	  3.96e-02	2.84335e+02
  1.32e-01	  4.01e-02	9.48622e-31
  1.32e-01	  4.06e-02	1.53827e-63
  1.32e-01	  4.11e-02	2.36554e-96
  1.32e-01	  4.17e-02	3.64450e-129
  1.32e-01	  4.22e-02	5.62476e-162
  1.32e-01	  4.27e-02	8.69464e-195
  1.32e-01	  4.32e-02	1.34592e-227
  1.32e-01	  4.37e-02	2.08632e-260
  1.32e-01	  4.43e-02	3.23873e-293
  1.32e-01	  4.48e-02	0.00000e+00
  1.32e-01	  4.53e-02	0.00000e+00
  1.32e-01	  4.58e-02	0.00000e+00
  1.32e-01	  4.64e-02	0.00000e+00
  1.32e-01	  4.69e-02	0.00000e+00
  1.32e-01	  4.74e-02	0.00000e+00
  1.32e-01	  4.79e-02	0.00000e+00
  1.32e-01	  4.84e-02	0.00000e+00
  1.32e-01	  4.90e-02	0.00000e+00
  1.32e-01	  4.95e-02	0.00000e+00

  1.33e-01	  0.00e+00	0.00000e+00
  1.33e-01	  5.21e-04	0.00000e+00
  1.33e-01	  1.04e-03	0.00000e+00
  1.33e-01	  1.56e-03	0.00000e+00
  1.33e-01	  2.08e-03	0.00000e+00
  1.33e-01	  2.60e-03	0.00000e+00
  1.33e-01	  3.12e-03	0.00000e+00
  1.33e-01	  3.65e-03	0.00000e+00
  1.33e-01	  4.17e-03	-3.28583e-293
  1.33e-01	  4.69e-03	-2.11390e-260
  1.33e-01	  5.21e-03	-1.36201e-227
  1.33e-01	  5.73e-03	-8.78823e-195
  1.33e-01	  6.25e-03	-5.67897e-162
  1.33e-01	  6.77e-03	-3.67576e-129
  1.33e-01	  7.29e-03	-2.38346e-96
  1.33e-01	  7.81e-03	-1.54847e-63
  1.33e-01	  8.33e-03	-1.00792e-30
  1.33e-01	  8.85e-03	-2.85370e+02
  1.33e-01	  9.37e-03	-1.31502e+02
  1.33e-01	  9.90e-03	-4.40226e+01
  1.33e-01	  1.04e-02	1.20182e+01
  1.33e-01	  1.09e-02	1.83893e+01
  1.33e-01	  1.15e-02	1.63091e+01
  1.33e-01	  1.20e-02	1.34615e+01
  1.33e-01	  1.25e-02	1.00612e+01
  1.33e-01	  1.30e-02	6.70169e+00
  1.33e-01	  1.35e-02	4.03299e+00
  1.33e-01	  1.41e-02	2.28175e+00
  1.33e-01	  1.46e-02	1.25968e+00
  1.33e-01	  1.51e-02	6.88276e-01
  1.33e-01	  1.56e-02	3.70000e-01
  1.33e-01	  1.61e-02	1.92468e-01
  1.33e-01	  1.67e-02	9.43962e-02
  1.33e-01	  1.72e-02	4.14325e-02
  1.33e-01	  1.77e-02	1.37363e-02
  1.33e-01	  1.82e-02	-1.75330e-04
  1.33e-01	  1.88e-02	-6.79071e-03
  1.33e-01	  1.93e-02	-9.64794e-03
  1.33e-01	  1.98e-02	-1.06110e-02
  1.33e-01	  2.03e-02	-1.06361e-02
  1.33e-01	  2.08e-02	-1.02044e-02
  1.33e-01	  2.14e-02	-9.55401e-03
  1.33e-01	  2.19e-02	-8.80016e-03
  1.33e-01	  2.24e-02	-7.99634e-03
  1.33e-01	  2.29e-02	-7.16536e-03
  1.33e-01	  2.34e-02	-6.31498e-03
  1.33e-01	  2.40e-02	-5.44573e-03
  1.33e-01	  2.45e-02	-4.55481e-03
  1.33e-01	  2.50e-02	-3.63839e-03
  1.33e-01	  2.55e-02	-2.69320e-03
  1.33e-01	  2.60e-02	-1.71880e-03
  1.33e-01	  2.66e-02	-7.21385e-04
  1.33e-01	  2.71e-02	2.78500e-04
  1.33e-01	  2.76e-02	1.23058e-03
  1.33e-01	  2.81e-02	2.02405e-03
  1.33e-01	  2.86e-02	2.42636e-03
  1.33e-01	  2.92e-02	1.96212e-03
  1.33e-01	  2.97e-02	-3.22255e-04
  1.33e-01	  3.02e-02	-6.30013e-03
  1.33e-01	  3.07e-02	-1.95491e-02
  1.33e-01	  3.13e-02	-4.66592e-02
  1.33e-01	  3.18e-02	-9.93276e-02
  1.33e-01	  3.23e-02	-1.97799e-01
  1.33e-01	  3.28e-02	-3.77141e-01
  1.33e-01	  3.33e-02	-6.99870e-01
  1.33e-01	  3.39e-02	-1.28038e+00
  1.33e-01	  3.44e-02	-2.31890e+00
  1.33e-01	  3.49e-02	-4.09549e+00
  1.33e-01	  3.54e-02	-6.79453e+00
  1.33e-01	  3.59e-02	-1.01792e+01
  1.33e-01	  3.65e-02	-1.35906e+01
  1.33e-01	  3.70e-02	-1.64328e+01
  1.33e-01	  3.75e-02	-1.84983e+01
  1.33e-01	  3.80e-02	-1.20745e+01
  1.33e-01	  3.85e-02	4.45126e+01
  1.33e-01	  3.91e-02	1.32022e+02
  1.33e-01	  3.96e-02	2.85287e+02
  1.33e-01	  4.01e-02	9.54753e-31
  1.33e-01	  4.06e-02	1.54681e-63
  1.33e-01	  4.11e-02	2.38030e-96
  1.33e-01	  4.17e-02	3.66988e-129
  1.33e-01	  4.22e-02	5.66822e-162
  1.33e-01	  4.27e-02	8.76885e-195
  1.33e-01	  4.32e-02	1.35856e-227
  1.33e-01	  4.37e-02	2.10785e-260
  1.33e-01	  4.43e-02	3.27533e-293
  1.33e-01	  4.48e-02	0.00000e+00
  1.33e-01	  4.53e-02	0.00000e+00
  1.33e-01	  4.58e-02	0.00000e+00
  1.33e-01	  4.64e-02	0.00000e+00
  1.33e-01	  4.69e-02	0.00000e+00
  1.33e-01	  4.74e-02	0.00000e+00
  1.33e-01	  4.79e-02	0.00000e+00
  1.33e-01	  4.84e-02	0.00000e+00
  1.33e-01	  4.90e-02	0.00000e+00
  1.33e-01	  4.95e-02	0.00000e+00

  1.34e-01	  0.00e+00	0.00000e+00
  1.34e-01	  5.21e-04	0.00000e+00
  1.34e-01	  1.04e-03	0.00000e+00
  1.34e-01	  1.56e-03	0.00000e+00
  1.34e-01	  2.08e-03	0.00000e+00
  1.34e-01	  2.60e-03	0.00000e+00
  1.34e-01	  3.12e-03	0.00000e+00
  1.34e-01	  3.65e-03	0.00000e+00
  1.34e-01	  4.17e-03	-3.32602e-293
  1.34e-01	  4.69e-03	-2.13769e-260
  1.34e-01	  5.21e-03	-1.37607e-227
  1.34e-01	  5.73e-03	-8.87124e-195
  1.34e-01	  6.25e-03	-5.72788e-162
  1.34e-01	  6.77e-03	-3.70448e-129
  1.34e-01	  7.29e-03	-2.40025e-96
  1.34e-01	  7.81e-03	-1.55823e-63
  1.34e-01	  8.33e-03	-1.01356e-30
  1.34e-01	  8.85e-03	-2.86465e+02
  1.34e-01	  9.37e-03	-1.31081e+02
  1.34e-01	  9.90e-03	-4.34499e+01
  1.34e-01	  1.04e-02	1.19829e+01
  1.34e-01	  1.09e-02	1.84395e+01
  1.34e-01	  1.15e-02	1.63595e+01
  1.34e-01	  1.20e-02	1.34977e+01
  1.34e-01	  1.25e-02	1.00847e+01
  1.34e-01	  1.30e-02	6.71307e+00
  1.34e-01	  1.35e-02	4.03362e+00
  1.34e-01	  1.41e-02	2.27622e+00
  1.34e-01	  1.46e-02	1.25257e+00
  1.34e-01	  1.51e-02	6.81977e-01
  1.34e-01	  1.56e-02	3.65170e-01
  1.34e-01	  1.61e-02	1.88991e-01
  1.34e-01	  1.67e-02	9.19494e-02
  1.34e-01	  1.72e-02	3.97117e-02
  1.34e-01	  1.77e-02	1.25133e-02
  1.34e-01	  1.82e-02	-1.05953e-03
  1.34e-01	  1.88e-02	-7.44748e-03
  1.34e-01	  1.93e-02	-1.01593e-02
  1.34e-01	  1.98e-02	-1.10412e-02
  1.34e-01	  2.03e-02	-1.10377e-02
  1.34e-01	  2.08e-02	-1.06218e-02
  1.34e-01	  2.14e-02	-1.00248e-02
  1.34e-01	  2.19e-02	-9.35576e-03
  1.34e-01	  2.24e-02	-8.66271e-03
  1.34e-01	  2.29e-02	-7.96314e-03
  1.34e-01	  2.34e-02	-7.25965e-03
  1.34e-01	  2.40e-02	-6.54768e-03
  1.34e-01	  2.45e-02	-5.81947e-03
  1.34e-01	  2.50e-02	-5.06618e-03
  1.34e-01	  2.55e-02	-4.27960e-03
  1.34e-01	  2.60e-02	-3.45428e-03
  1.34e-01	  2.66e-02	-2.59135e-03
  1.34e-01	  2.71e-02	-1.70614e-03
  1.34e-01	  2.76e-02	-8.43417e-04
  1.34e-01	  2.81e-02	-1.07933e-04
  1.34e-01	  2.86e-02	2.74845e-04
  1.34e-01	  2.92e-02	-1.61382e-04
  1.34e-01	  2.97e-02	-2.35729e-03
  1.34e-01	  3.02e-02	-8.16630e-03
  1.34e-01	  3.07e-02	-2.11339e-02
  1.34e-01	  3.13e-02	-4.78004e-02
  1.34e-01	  3.18e-02	-9.97943e-02
  1.34e-01	  3.23e-02	-1.97293e-01
  1.34e-01	  3.28e-02	-3.75376e-01
  1.34e-01	  3.33e-02	-6.96840e-01
  1.34e-01	  3.39e-02	-1.27700e+00
  1.34e-01	  3.44e-02	-2.31804e+00
  1.34e-01	  3.49e-02	-4.10225e+00
  1.34e-01	  3.54e-02	-6.81343e+00
  1.34e-01	  3.59e-02	-1.02108e+01
  1.34e-01	  3.65e-02	-1.36347e+01
  1.34e-01	  3.70e-02	-1.64910e+01
  1.34e-01	  3.75e-02	-1.85542e+01
  1.34e-01	  3.80e-02	-1.20221e+01
  1.34e-01	  3.85e-02	4.39968e+01
  1.34e-01	  3.91e-02	1.31626e+02
  1.34e-01	  3.96e-02	2.86348e+02
  1.34e-01	  4.01e-02	9.61522e-31
  1.34e-01	  4.06e-02	1.55629e-63
  1.34e-01	  4.11e-02	2.39665e-96
  1.34e-01	  4.17e-02	3.69791e-129
  1.34e-01	  4.22e-02	5.71603e-162
  1.34e-01	  4.27e-02	8.85014e-195
  1.34e-01	  4.32e-02	1.37236e-227
  1.34e-01	  4.37e-02	2.13123e-260
  1.34e-01	  4.43e-02	3.31488e-293
  1.34e-01	  4.48e-02	0.00000e+00
  1.34e-01	  4.53e-02	0.00000e+00
  1.34e-01	  4.58e-02	0.00000e+00
  1.34e-01	  4.64e-02	0.00000e+00
  1.34e-01	  4.69e-02	0.00000e+00
  1.34e-01	  4.74e-02	0.00000e+00
  1.34e-01	  4.79e-02	0.00000e+00
  1.34e-01	  4.84e-02	0.00000e+00
  1.34e-01	  4.90e-02	0.00000e+00
  1.34e-01	  4.95e-02	0.00000e+00

  1.34e-01	  0.00e+00	0.00000e+00
  1.34e-01	  5.21e-04	0.00000e+00
  1.34e-01	  1.04e-03	0.00000e+00
  1.34e-01	  1.56e-03	0.00000e+00
  1.34e-01	  2.08e-03	0.00000e+00
  1.34e-01	  2.60e-03	0.00000e+00
  1.34e-01	  3.12e-03	0.00000e+00
  1.34e-01	  3.65e-03	0.00000e+00
  1.34e-01	  4.17e-03	-3.36918e-293
  1.34e-01	  4.69e-03	-2.16335e-260
  1.34e-01	  5.21e-03	-1.39130e-227
  1.34e-01	  5.73e-03	-8.96154e-195
  1.34e-01	  6.25e-03	-5.78130e-162
  1.34e-01	  6.77e-03	-3.73598e-129
  1.34e-01	  7.29e-03	-2.41873e-96
  1.34e-01	  7.81e-03	-1.56901e-63
  1.34e-01	  8.33e-03	-1.01981e-30
  1.34e-01	  8.85e-03	-2.87680e+02
  1.34e-01	  9.37e-03	-1.30617e+02
  1.34e-01	  9.90e-03	-4.27645e+01
  1.34e-01	  1.04e-02	1.19639e+01
  1.34e-01	  1.09e-02	1.84854e+01
  1.34e-01	  1.15e-02	1.64044e+01
  1.34e-01	  1.20e-02	1.35250e+01
  1.34e-01	  1.25e-02	1.00963e+01
  1.34e-01	  1.30e-02	6.71220e+00
  1.34e-01	  1.35e-02	4.02471e+00
  1.34e-01	  1.41e-02	2.26484e+00
  1.34e-01	  1.46e-02	1.24257e+00
  1.34e-01	  1.51e-02	6.74650e-01
  1.34e-01	  1.56e-02	3.60350e-01
  1.34e-01	  1.61e-02	1.86052e-01
  1.34e-01	  1.67e-02	9.02759e-02
  1.34e-01	  1.72e-02	3.88434e-02
  1.34e-01	  1.77e-02	1.21437e-02
  1.34e-01	  1.82e-02	-1.12582e-03
  1.34e-01	  1.88e-02	-7.33824e-03
  1.34e-01	  1.93e-02	-9.96404e-03
  1.34e-01	  1.98e-02	-1.08281e-02
  1.34e-01	  2.03e-02	-1.08625e-02
  1.34e-01	  2.08e-02	-1.05312e-02
  1.34e-01	  2.14e-02	-1.00587e-02
  1.34e-01	  2.19e-02	-9.54787e-03
  1.34e-01	  2.24e-02	-9.04096e-03
  1.34e-01	  2.29e-02	-8.54992e-03
  1.34e-01	  2.34e-02	-8.07194e-03
  1.34e-01	  2.40e-02	-7.59717e-03
  1.34e-01	  2.45e-02	-7.11259e-03
  1.34e-01	  2.50e-02	-6.60415e-03
  1.34e-01	  2.55e-02	-6.05848e-03
  1.34e-01	  2.60e-02	-5.46491e-03
  1.34e-01	  2.66e-02	-4.81938e-03
  1.34e-01	  2.71e-02	-4.13187e-03
  1.34e-01	  2.76e-02	-3.44165e-03
  1.34e-01	  2.81e-02	-2.84750e-03
  1.34e-01	  2.86e-02	-2.56798e-03
  1.34e-01	  2.92e-02	-3.06038e-03
  1.34e-01	  2.97e-02	-5.25187e-03
  1.34e-01	  3.02e-02	-1.09731e-02
  1.34e-01	  3.07e-02	-2.37294e-02
  1.34e-01	  3.13e-02	-4.99908e-02
  1.34e-01	  3.18e-02	-1.01275e-01
  1.34e-01	  3.23e-02	-1.97610e-01
  1.34e-01	  3.28e-02	-3.73943e-01
  1.34e-01	  3.33e-02	-6.93115e-01
  1.34e-01	  3.39e-02	-1.27103e+00
  1.34e-01	  3.44e-02	-2.31153e+00
  1.34e-01	  3.49e-02	-4.09950e+00
  1.34e-01	  3.54e-02	-6.81996e+00
  1.34e-01	  3.59e-02	-1.02302e+01
  1.34e-01	  3.65e-02	-1.36696e+01
  1.34e-01	  3.70e-02	-1.65428e+01
  1.34e-01	  3.75e-02	-1.86043e+01
  1.34e-01	  3.80e-02	-1.19828e+01
  1.34e-01	  3.85e-02	4.33674e+01
  1.34e-01	  3.91e-02	1.31188e+02
  1.34e-01	  3.96e-02	2.87528e+02
  1.34e-01	  4.01e-02	9.68971e-31
  1.34e-01	  4.06e-02	1.56678e-63
  1.34e-01	  4.11e-02	2.41468e-96
  1.34e-01	  4.17e-02	3.72870e-129
  1.34e-01	  4.22e-02	5.76836e-162
  1.34e-01	  4.27e-02	8.93876e-195
  1.34e-01	  4.32e-02	1.38733e-227
  1.34e-01	  4.37e-02	2.15648e-260
  1.34e-01	  4.43e-02	3.35744e-293
  1.34e-01	  4.48e-02	0.00000e+00
  1.34e-01	  4.53e-02	0.00000e+00
  1.34e-01	  4.58e-02	0.00000e+00
  1.34e-01	  4.64e-02	0.00000e+00
  1.34e-01	  4.69e-02	0.00000e+00
  1.34e-01	  4.74e-02	0.00000e+00
  1.34e-01	  4.79e-02	0.00000e+00
  1.34e-01	  4.84e-02	0.00000e+00
  1.34e-01	  4.90e-02	0.00000e+00
  1.34e-01	  4.95e-02	0.00000e+00

  1.35e-01	  0.00e+00	0.00000e+00
  1.35e-01	  5.21e-04	0.00000e+00
  1.35e-01	  1.04e-03	0.00000e+00
  1.35e-01	  1.56e-03	0.00000e+00
  1.35e-01	  2.08e-03	0.00000e+00
  1.35e-01	  2.60e-03	0.00000e+00
  1.35e-01	  3.12e-03	0.00000e+00
  1.35e-01	  3.65e-03	0.00000e+00
  1.35e-01	  4.17e-03	-3.41533e-293
  1.35e-01	  4.69e-03	-2.19090e-260
  1.35e-01	  5.21e-03	-1.40773e-227
  1.35e-01	  5.73e-03	-9.05933e-195
  1.35e-01	  6.25e-03	-5.83937e-162
  1.35e-01	  6.77e-03	-3.77035e-129
  1.35e-01	  7.29e-03	-2.43897e-96
  1.35e-01	  7.81e-03	-1.58086e-63
  1.35e-01	  8.33e-03	-1.02671e-30
  1.35e-01	  8.85e-03	-2.89022e+02
  1.35e-01	  9.37e-03	-1.30110e+02
  1.35e-01	  9.90e-03	-4.19627e+01
  1.35e-01	  1.04e-02	1.19649e+01
  1.35e-01	  1.09e-02	1.85274e+01
  1.35e-01	  1.15e-02	1.64435e+01
  1.35e-01	  1.20e-02	1.35436e+01
  1.35e-01	  1.25e-02	1.00963e+01
  1.35e-01	  1.30e-02	6.69968e+00
  1.35e-01	  1.35e-02	4.00709e+00
  1.35e-01	  1.41e-02	2.24854e+00
  1.35e-01	  1.46e-02	1.23053e+00
  1.35e-01	  1.51e-02	6.67012e-01
  1.35e-01	  1.56e-02	3.56107e-01
  1.35e-01	  1.61e-02	1.84087e-01
  1.35e-01	  1.67e-02	8.97147e-02
  1.35e-01	  1.72e-02	3.90973e-02
  1.35e-01	  1.77e-02	1.28492e-02
  1.35e-01	  1.82e-02	-1.86930e-04
  1.35e-01	  1.88e-02	-6.30092e-03
  1.35e-01	  1.93e-02	-8.91944e-03
  1.35e-01	  1.98e-02	-9.84479e-03
  1.35e-01	  2.03e-02	-9.99628e-03
  1.35e-01	  2.08e-02	-9.82963e-03
  1.35e-01	  2.14e-02	-9.56251e-03
  1.35e-01	  2.19e-02	-9.29193e-03
  1.35e-01	  2.24e-02	-9.05433e-03
  1.35e-01	  2.29e-02	-8.85609e-03
  1.35e-01	  2.34e-02	-8.68892e-03
  1.35e-01	  2.40e-02	-8.53753e-03
  1.35e-01	  2.45e-02	-8.38355e-03
  1.35e-01	  2.50e-02	-8.20764e-03
  1.35e-01	  2.55e-02	-7.99111e-03
  1.35e-01	  2.60e-02	-7.71806e-03
  1.35e-01	  2.66e-02	-7.37917e-03
  1.35e-01	  2.71e-02	-6.97915e-03
  1.35e-01	  2.76e-02	-6.55192e-03
  1.35e-01	  2.81e-02	-6.19063e-03
  1.35e-01	  2.86e-02	-6.10745e-03
  1.35e-01	  2.92e-02	-6.75140e-03
  1.35e-01	  2.97e-02	-9.03674e-03
  1.35e-01	  3.02e-02	-1.47706e-02
  1.35e-01	  3.07e-02	-2.74131e-02
  1.35e-01	  3.13e-02	-5.33494e-02
  1.35e-01	  3.18e-02	-1.03951e-01
  1.35e-01	  3.23e-02	-1.99024e-01
  1.35e-01	  3.28e-02	-3.73244e-01
  1.35e-01	  3.33e-02	-6.89254e-01
  1.35e-01	  3.39e-02	-1.26318e+00
  1.35e-01	  3.44e-02	-2.30017e+00
  1.35e-01	  3.49e-02	-4.08796e+00
  1.35e-01	  3.54e-02	-6.81460e+00
  1.35e-01	  3.59e-02	-1.02377e+01
  1.35e-01	  3.65e-02	-1.36953e+01
  1.35e-01	  3.70e-02	-1.65885e+01
  1.35e-01	  3.75e-02	-1.86491e+01
  1.35e-01	  3.80e-02	-1.19610e+01
  1.35e-01	  3.85e-02	4.26196e+01
  1.35e-01	  3.91e-02	1.30706e+02
  1.35e-01	  3.96e-02	2.88835e+02
  1.35e-01	  4.01e-02	9.77145e-31
  1.35e-01	  4.06e-02	1.57835e-63
  1.35e-01	  4.11e-02	2.43448e-96
  1.35e-01	  4.17e-02	3.76238e-129
  1.35e-01	  4.22e-02	5.82537e-162
  1.35e-01	  4.27e-02	9.03491e-195
  1.35e-01	  4.32e-02	1.40351e-227
  1.35e-01	  4.37e-02	2.18365e-260
  1.35e-01	  4.43e-02	3.40301e-293
  1.35e-01	  4.48e-02	0.00000e+00
  1.35e-01	  4.53e-02	0.00000e+00
  1.35e-01	  4.58e-02	0.00000e+00
  1.35e-01	  4.64e-02	0.00000e+00
  1.35e-01	  4.69e-02	0.00000e+00
  1.35e-01	  4.74e-02	0.00000e+00
  1.35e-01	  4.79e-02	0.00000e+00
  1.35e-01	  4.84e-02	0.00000e+00
  1.35e-01	  4.90e-02	0.00000e+00
  1.35e-01	  4.95e-02	0.00000e+00

  1.36e-01	  0.00e+00	0.00000e+00
  1.36e-01	  5.21e-04	0.00000e+00
  1.36e-01	  1.04e-03	0.00000e+00
  1.36e-01	  1.56e-03	0.00000e+00
  1.36e-01	  2.08e-03	0.00000e+00
  1.36e-01	  2.60e-03	0.00000e+00
  1.36e-01	  3.12e-03	0.00000e+00
  1.36e-01	  3.65e-03	0.00000e+00
  1.36e-01	  4.17e-03	-3.46449e-293
  1.36e-01	  4.69e-03	-2.22036e-260
  1.36e-01	  5.21e-03	-1.42537e-227
  1.36e-01	  5.73e-03	-9.16473e-195
  1.36e-01	  6.25e-03	-5.90222e-162
  1.36e-01	  6.77e-03	-3.80769e-129
  1.36e-01	  7.29e-03	-2.46105e-96
  1.36e-01	  7.81e-03	-1.59383e-63
  1.36e-01	  8.33e-03	-1.03428e-30
  1.36e-01	  8.85e-03	-2.90501e+02
  1.36e-01	  9.37e-03	-1.29557e+02
  1.36e-01	  9.90e-03	-4.10422e+01
  1.36e-01	  1.04e-02	1.19892e+01
  1.36e-01	  1.09e-02	1.85658e+01
  1.36e-01	  1.15e-02	1.64773e+01
  1.36e-01	  1.20e-02	1.35539e+01
  1.36e-01	  1.25e-02	1.00855e+01
  1.36e-01	  1.30e-02	6.67647e+00
  1.36e-01	  1.35e-02	3.98189e+00
  1.36e-01	  1.41e-02	2.22842e+00
  1.36e-01	  1.46e-02	1.21740e+00
  1.36e-01	  1.51e-02	6.59784e-01
  1.36e-01	  1.56e-02	3.52976e-01
  1.36e-01	  1.61e-02	1.83493e-01
  1.36e-01	  1.67e-02	9.05643e-02
  1.36e-01	  1.72e-02	4.07056e-02
  1.36e-01	  1.77e-02	1.48172e-02
  1.36e-01	  1.82e-02	1.91431e-03
  1.36e-01	  1.88e-02	-4.19993e-03
  1.36e-01	  1.93e-02	-6.90619e-03
  1.36e-01	  1.98e-02	-7.98468e-03
  1.36e-01	  2.03e-02	-8.34325e-03
  1.36e-01	  2.08e-02	-8.43023e-03
  1.36e-01	  2.14e-02	-8.45730e-03
  1.36e-01	  2.19e-02	-8.51587e-03
  1.36e-01	  2.24e-02	-8.63688e-03
  1.36e-01	  2.29e-02	-8.82122e-03
  1.36e-01	  2.34e-02	-9.05518e-03
  1.36e-01	  2.40e-02	-9.31805e-03
  1.36e-01	  2.45e-02	-9.58611e-03
  1.36e-01	  2.50e-02	-9.83467e-03
  1.36e-01	  2.55e-02	-1.00398e-02
  1.36e-01	  2.60e-02	-1.01804e-02
  1.36e-01	  2.66e-02	-1.02418e-02
  1.36e-01	  2.71e-02	-1.02238e-02
  1.36e-01	  2.76e-02	-1.01552e-02
  1.36e-01	  2.81e-02	-1.01239e-02
  1.36e-01	  2.86e-02	-1.03367e-02
  1.36e-01	  2.92e-02	-1.12356e-02
  1.36e-01	  2.97e-02	-1.37234e-02
  1.36e-01	  3.02e-02	-1.95850e-02
  1.36e-01	  3.07e-02	-3.22337e-02
  1.36e-01	  3.13e-02	-5.79610e-02
  1.36e-01	  3.18e-02	-1.07965e-01
  1.36e-01	  3.23e-02	-2.01770e-01
  1.36e-01	  3.28e-02	-3.73649e-01
  1.36e-01	  3.33e-02	-6.85813e-01
  1.36e-01	  3.39e-02	-1.25422e+00
  1.36e-01	  3.44e-02	-2.28491e+00
  1.36e-01	  3.49e-02	-4.06867e+00
  1.36e-01	  3.54e-02	-6.79828e+00
  1.36e-01	  3.59e-02	-1.02339e+01
  1.36e-01	  3.65e-02	-1.37123e+01
  1.36e-01	  3.70e-02	-1.66281e+01
  1.36e-01	  3.75e-02	-1.86891e+01
  1.36e-01	  3.80e-02	-1.19604e+01
  1.36e-01	  3.85e-02	4.17507e+01
  1.36e-01	  3.91e-02	1.30177e+02
  1.36e-01	  3.96e-02	2.90276e+02
  1.36e-01	  4.01e-02	9.86088e-31
  1.36e-01	  4.06e-02	1.59104e-63
  1.36e-01	  4.11e-02	2.45612e-96
  1.36e-01	  4.17e-02	3.79905e-129
  1.36e-01	  4.22e-02	5.88719e-162
  1.36e-01	  4.27e-02	9.13874e-195
  1.36e-01	  4.32e-02	1.42090e-227
  1.36e-01	  4.37e-02	2.21275e-260
  1.36e-01	  4.43e-02	3.45162e-293
  1.36e-01	  4.48e-02	0.00000e+00
  1.36e-01	  4.53e-02	0.00000e+00
  1.36e-01	  4.58e-02	0.00000e+00
  1.36e-01	  4.64e-02	0.00000e+00
  1.36e-01	  4.69e-02	0.00000e+00
  1.36e-01	  4.74e-02	0.00000e+00
  1.36e-01	  4.79e-02	0.00000e+00
  1.36e-01	  4.84e-02	0.00000e+00
  1.36e-01	  4.90e-02	0.00000e+00
  1.36e-01	  4.95e-02	0.00000e+00

  1.37e-01	  0.00e+00	0.00000e+00
  1.37e-01	  5.21e-04	0.00000e+00
  1.37e-01	  1.04e-03	0.00000e+00
  1.37e-01	  1.56e-03	0.00000e+00
  1.37e-01	  2.08e-03	0.00000e+00
  1.37e-01	  2.60e-03	0.00000e+00
  1.37e-01	  3.12e-03	0.00000e+00
  1.37e-01	  3.65e-03	0.00000e+00
  1.37e-01	  4.17e-03	-3.51663e-293
  1.37e-01	  4.69e-03	-2.25173e-260
  1.37e-01	  5.21e-03	-1.44422e-227
  1.37e-01	  5.73e-03	-9.27785e-195
  1.37e-01	  6.25e-03	-5.96993e-162
  1.37e-01	  6.77e-03	-3.84806e-129
  1.37e-01	  7.29e-03	-2.48500e-96
  1.37e-01	  7.81e-03	-1.60796e-63
  1.37e-01	  8.33e-03	-1.04257e-30
  1.37e-01	  8.85e-03	-2.92121e+02
  1.37e-01	  9.37e-03	-1.28955e+02
  1.37e-01	  9.90e-03	-4.00028e+01
  1.37e-01	  1.04e-02	1.20395e+01
  1.37e-01	  1.09e-02	1.86014e+01
  1.37e-01	  1.15e-02	1.65059e+01
  1.37e-01	  1.20e-02	1.35563e+01
  1.37e-01	  1.25e-02	1.00646e+01
  1.37e-01	  1.30e-02	6.64382e+00
  1.37e-01	  1.35e-02	3.95046e+00
  1.37e-01	  1.41e-02	2.20567e+00
  1.37e-01	  1.46e-02	1.20409e+00
  1.37e-01	  1.51e-02	6.53641e-01
  1.37e-01	  1.56e-02	3.51435e-01
  1.37e-01	  1.61e-02	1.84608e-01
  1.37e-01	  1.67e-02	9.30707e-02
  1.37e-01	  1.72e-02	4.38559e-02
  1.37e-01	  1.77e-02	1.81982e-02
  1.37e-01	  1.82e-02	5.30390e-03
  1.37e-01	  1.88e-02	-9.26265e-04
  1.37e-01	  1.93e-02	-3.82792e-03
  1.37e-01	  1.98e-02	-5.16149e-03
  1.37e-01	  2.03e-02	-5.82540e-03
  1.37e-01	  2.08e-02	-6.26214e-03
  1.37e-01	  2.14e-02	-6.67835e-03
  1.37e-01	  2.19e-02	-7.16044e-03
  1.37e-01	  2.24e-02	-7.73419e-03
  1.37e-01	  2.29e-02	-8.39526e-03
  1.37e-01	  2.34e-02	-9.12463e-03
  1.37e-01	  2.40e-02	-9.89630e-03
  1.37e-01	  2.45e-02	-1.06812e-02
  1.37e-01	  2.50e-02	-1.14495e-02
  1.37e-01	  2.55e-02	-1.21720e-02
  1.37e-01	  2.60e-02	-1.28224e-02
  1.37e-01	  2.66e-02	-1.33812e-02
  1.37e-01	  2.71e-02	-1.38430e-02
  1.37e-01	  2.76e-02	-1.42321e-02
  1.37e-01	  2.81e-02	-1.46319e-02
  1.37e-01	  2.86e-02	-1.52446e-02
  1.37e-01	  2.92e-02	-1.65068e-02
  1.37e-01	  2.97e-02	-1.93125e-02
  1.37e-01	  3.02e-02	-2.54270e-02
  1.37e-01	  3.07e-02	-3.82185e-02
  1.37e-01	  3.13e-02	-6.38813e-02
  1.37e-01	  3.18e-02	-1.13423e-01
  1.37e-01	  3.23e-02	-2.06034e-01
  1.37e-01	  3.28e-02	-3.75478e-01
  1.37e-01	  3.33e-02	-6.83309e-01
  1.37e-01	  3.39e-02	-1.24494e+00
  1.37e-01	  3.44e-02	-2.26682e+00
  1.37e-01	  3.49e-02	-4.04285e+00
  1.37e-01	  3.54e-02	-6.77220e+00
  1.37e-01	  3.59e-02	-1.02200e+01
  1.37e-01	  3.65e-02	-1.37212e+01
  1.37e-01	  3.70e-02	-1.66623e+01
  1.37e-01	  3.75e-02	-1.87253e+01
  1.37e-01	  3.80e-02	-1.19845e+01
  1.37e-01	  3.85e-02	4.07596e+01
  1.37e-01	  3.91e-02	1.29597e+02
  1.37e-01	  3.96e-02	2.91859e+02
  1.37e-01	  4.01e-02	9.95850e-31
  1.37e-01	  4.06e-02	1.60489e-63
  1.37e-01	  4.11e-02	2.47964e-96
  1.37e-01	  4.17e-02	3.83877e-129
  1.37e-01	  4.22e-02	5.95390e-162
  1.37e-01	  4.27e-02	9.25035e-195
  1.37e-01	  4.32e-02	1.43953e-227
  1.37e-01	  4.37e-02	2.24378e-260
  1.37e-01	  4.43e-02	3.50326e-293
  1.37e-01	  4.48e-02	0.00000e+00
  1.37e-01	  4.53e-02	0.00000e+00
  1.37e-01	  4.58e-02	0.00000e+00
  1.37e-01	  4.64e-02	0.00000e+00
  1.37e-01	  4.69e-02	0.00000e+00
  1.37e-01	  4.74e-02	0.00000e+00
  1.37e-01	  4.79e-02	0.00000e+00
  1.37e-01	  4.84e-02	0.00000e+00
  1.37e-01	  4.90e-02	0.00000e+00
  1.37e-01	  4.95e-02	0.00000e+00

  1.37e-01	  0.00e+00	0.00000e+00
  1.37e-01	  5.21e-04	0.00000e+00
  1.37e-01	  1.04e-03	0.00000e+00
  1.37e-01	  1.56e-03	0.00000e+00
  1.37e-01	  2.08e-03	0.00000e+00
  1.37e-01	  2.60e-03	0.00000e+00
  1.37e-01	  3.12e-03	0.00000e+00
  1.37e-01	  3.65e-03	0.00000e+00
  1.37e-01	  4.17e-03	-3.57173e-293
  1.37e-01	  4.69e-03	-2.28500e-260
  1.37e-01	  5.21e-03	-1.46428e-227
  1.37e-01	  5.73e-03	-9.39871e-195
  1.37e-01	  6.25e-03	-6.04253e-162
  1.37e-01	  6.77e-03	-3.89151e-129
  1.37e-01	  7.29e-03	-2.51087e-96
  1.37e-01	  7.81e-03	-1.62328e-63
  1.37e-01	  8.33e-03	-1.05158e-30
  1.37e-01	  8.85e-03	-2.93888e+02
  1.37e-01	  9.37e-03	-1.28302e+02
  1.37e-01	  9.90e-03	-3.88457e+01
  1.37e-01	  1.04e-02	1.21181e+01
  1.37e-01	  1.09e-02	1.86348e+01
  1.37e-01	  1.15e-02	1.65298e+01
  1.37e-01	  1.20e-02	1.35515e+01
  1.37e-01	  1.25e-02	1.00350e+01
  1.37e-01	  1.30e-02	6.60318e+00
  1.37e-01	  1.35e-02	3.91424e+00
  1.37e-01	  1.41e-02	2.18149e+00
  1.37e-01	  1.46e-02	1.19148e+00
  1.37e-01	  1.51e-02	6.49174e-01
  1.37e-01	  1.56e-02	3.51878e-01
  1.37e-01	  1.61e-02	1.87700e-01
  1.37e-01	  1.67e-02	9.74239e-02
  1.37e-01	  1.72e-02	4.86916e-02
  1.37e-01	  1.77e-02	2.31074e-02
  1.37e-01	  1.82e-02	1.00793e-02
  1.37e-01	  1.88e-02	3.60537e-03
  1.37e-01	  1.93e-02	3.91541e-04
  1.37e-01	  1.98e-02	-1.30640e-03
  1.37e-01	  2.03e-02	-2.38025e-03
  1.37e-01	  2.08e-02	-3.26843e-03
  1.37e-01	  2.14e-02	-4.17370e-03
  1.37e-01	  2.19e-02	-5.17814e-03
  1.37e-01	  2.24e-02	-6.30282e-03
  1.37e-01	  2.29e-02	-7.53846e-03
  1.37e-01	  2.34e-02	-8.86093e-03
  1.37e-01	  2.40e-02	-1.02391e-02
  1.37e-01	  2.45e-02	-1.16387e-02
  1.37e-01	  2.50e-02	-1.30248e-02
  1.37e-01	  2.55e-02	-1.43630e-02
  1.37e-01	  2.60e-02	-1.56221e-02
  1.37e-01	  2.66e-02	-1.67777e-02
  1.37e-01	  2.71e-02	-1.78198e-02
  1.37e-01	  2.76e-02	-1.87682e-02
  1.37e-01	  2.81e-02	-1.97026e-02
  1.37e-01	  2.86e-02	-2.08218e-02
  1.37e-01	  2.92e-02	-2.25589e-02
  1.37e-01	  2.97e-02	-2.58019e-02
  1.37e-01	  3.02e-02	-3.23004e-02
  1.37e-01	  3.07e-02	-4.53822e-02
  1.37e-01	  3.13e-02	-7.11452e-02
  1.37e-01	  3.18e-02	-1.20397e-01
  1.37e-01	  3.23e-02	-2.11959e-01
  1.37e-01	  3.28e-02	-3.78994e-01
  1.37e-01	  3.33e-02	-6.82199e-01
  1.37e-01	  3.39e-02	-1.23607e+00
  1.37e-01	  3.44e-02	-2.24698e+00
  1.37e-01	  3.49e-02	-4.01189e+00
  1.37e-01	  3.54e-02	-6.73777e+00
  1.37e-01	  3.59e-02	-1.01969e+01
  1.37e-01	  3.65e-02	-1.37228e+01
  1.37e-01	  3.70e-02	-1.66916e+01
  1.37e-01	  3.75e-02	-1.87585e+01
  1.37e-01	  3.80e-02	-1.20359e+01
  1.37e-01	  3.85e-02	3.96469e+01
  1.37e-01	  3.91e-02	1.28965e+02
  1.37e-01	  3.96e-02	2.93588e+02
  1.37e-01	  4.01e-02	1.00648e-30
  1.37e-01	  4.06e-02	1.61993e-63
  1.37e-01	  4.11e-02	2.50510e-96
  1.37e-01	  4.17e-02	3.88159e-129
  1.37e-01	  4.22e-02	6.02556e-162
  1.37e-01	  4.27e-02	9.36978e-195
  1.37e-01	  4.32e-02	1.45938e-227
  1.37e-01	  4.37e-02	2.27673e-260
  1.37e-01	  4.43e-02	3.55789e-293
  1.37e-01	  4.48e-02	0.00000e+00
  1.37e-01	  4.53e-02	0.00000e+00
  1.37e-01	  4.58e-02	0.00000e+00
  1.37e-01	  4.64e-02	0.00000e+00
  1.37e-01	  4.69e-02	0.00000e+00
  1.37e-01	  4.74e-02	0.00000e+00
  1.37e-01	  4.79e-02	0.00000e+00
  1.37e-01	  4.84e-02	0.00000e+00
  1.37e-01	  4.90e-02	0.00000e+00
  1.37e-01	  4.95e-02	0.00000e+00

  1.38e-01	  0.00e+00	0.00000e+00
  1.38e-01	  5.21e-04	0.00000e+00
  1.38e-01	  1.04e-03	0.00000e+00
  1.38e-01	  1.56e-03	0.00000e+00
  1.38e-01	  2.08e-03	0.00000e+00
  1.38e-01	  2.60e-03	0.00000e+00
  1.38e-01	  3.12e-03	0.00000e+00
  1.38e-01	  3.65e-03	0.00000e+00
  1.38e-01	  4.17e-03	-3.62973e-293
  1.38e-01	  4.69e-03	-2.32015e-260
  1.38e-01	  5.21e-03	-1.48556e-227
  1.38e-01	  5.73e-03	-9.52730e-195
  1.38e-01	  6.25e-03	-6.12005e-162
  1.38e-01	  6.77e-03	-3.93806e-129
  1.38e-01	  7.29e-03	-2.53869e-96
  1.38e-01	  7.81e-03	-1.63980e-63
  1.38e-01	  8.33e-03	-1.06134e-30
  1.38e-01	  8.85e-03	-2.95805e+02
  1.38e-01	  9.37e-03	-1.27596e+02
  1.38e-01	  9.90e-03	-3.75735e+01
  1.38e-01	  1.04e-02	1.22265e+01
  1.38e-01	  1.09e-02	1.86669e+01
  1.38e-01	  1.15e-02	1.65496e+01
  1.38e-01	  1.20e-02	1.35403e+01
  1.38e-01	  1.25e-02	9.99762e+00
  1.38e-01	  1.30e-02	6.55604e+00
  1.38e-01	  1.35e-02	3.87470e+00
  1.38e-01	  1.41e-02	2.15701e+00
  1.38e-01	  1.46e-02	1.18034e+00
  1.38e-01	  1.51e-02	6.46872e-01
  1.38e-01	  1.56e-02	3.54610e-01
  1.38e-01	  1.61e-02	1.92966e-01
  1.38e-01	  1.67e-02	1.03762e-01
  1.38e-01	  1.72e-02	5.53170e-02
  1.38e-01	  1.77e-02	2.96303e-02
  1.38e-01	  1.82e-02	1.63146e-02
  1.38e-01	  1.88e-02	9.46119e-03
  1.38e-01	  1.93e-02	5.81230e-03
  1.38e-01	  1.98e-02	3.63540e-03
  1.38e-01	  2.03e-02	2.04223e-03
  1.38e-01	  2.08e-02	5.96456e-04
  1.38e-01	  2.14e-02	-9.01953e-04
  1.38e-01	  2.19e-02	-2.53148e-03
  1.38e-01	  2.24e-02	-4.30895e-03
  1.38e-01	  2.29e-02	-6.22041e-03
  1.38e-01	  2.34e-02	-8.23686e-03
  1.38e-01	  2.40e-02	-1.03222e-02
  1.38e-01	  2.45e-02	-1.24372e-02
  1.38e-01	  2.50e-02	-1.45418e-02
  1.38e-01	  2.55e-02	-1.65968e-02
  1.38e-01	  2.60e-02	-1.85660e-02
  1.38e-01	  2.66e-02	-2.04203e-02
  1.38e-01	  2.71e-02	-2.21452e-02
  1.38e-01	  2.76e-02	-2.37567e-02
  1.38e-01	  2.81e-02	-2.53313e-02
  1.38e-01	  2.86e-02	-2.70653e-02
  1.38e-01	  2.92e-02	-2.93906e-02
  1.38e-01	  2.97e-02	-3.31921e-02
  1.38e-01	  3.02e-02	-4.02091e-02
  1.38e-01	  3.07e-02	-5.37343e-02
  1.38e-01	  3.13e-02	-7.97747e-02
  1.38e-01	  3.18e-02	-1.28935e-01
  1.38e-01	  3.23e-02	-2.19648e-01
  1.38e-01	  3.28e-02	-3.84400e-01
  1.38e-01	  3.33e-02	-6.82864e-01
  1.38e-01	  3.39e-02	-1.22827e+00
  1.38e-01	  3.44e-02	-2.22643e+00
  1.38e-01	  3.49e-02	-3.97719e+00
  1.38e-01	  3.54e-02	-6.69652e+00
  1.38e-01	  3.59e-02	-1.01660e+01
  1.38e-01	  3.65e-02	-1.37180e+01
  1.38e-01	  3.70e-02	-1.67167e+01
  1.38e-01	  3.75e-02	-1.87897e+01
  1.38e-01	  3.80e-02	-1.21169e+01
  1.38e-01	  3.85e-02	3.84149e+01
  1.38e-01	  3.91e-02	1.28279e+02
  1.38e-01	  3.96e-02	2.95467e+02
  1.38e-01	  4.01e-02	1.01805e-30
  1.38e-01	  4.06e-02	1.63619e-63
  1.38e-01	  4.11e-02	2.53251e-96
  1.38e-01	  4.17e-02	3.92754e-129
  1.38e-01	  4.22e-02	6.10218e-162
  1.38e-01	  4.27e-02	9.49704e-195
  1.38e-01	  4.32e-02	1.48046e-227
  1.38e-01	  4.37e-02	2.31159e-260
  1.38e-01	  4.43e-02	3.61546e-293
  1.38e-01	  4.48e-02	0.00000e+00
  1.38e-01	  4.53e-02	0.00000e+00
  1.38e-01	  4.58e-02	0.00000e+00
  1.38e-01	  4.64e-02	0.00000e+00
  1.38e-01	  4.69e-02	0.00000e+00
  1.38e-01	  4.74e-02	0.00000e+00
  1.38e-01	  4.79e-02	0.00000e+00
  1.38e-01	  4.84e-02	0.00000e+00
  1.38e-01	  4.90e-02	0.00000e+00
  1.38e-01	  4.95e-02	0.00000e+00

  1.39e-01	  0.00e+00	0.00000e+00
  1.39e-01	  5.21e-04	0.00000e+00
  1.39e-01	  1.04e-03	0.00000e+00
  1.39e-01	  1.56e-03	0.00000e+00
  1.39e-01	  2.08e-03	0.00000e+00
  1.39e-01	  2.60e-03	0.00000e+00
  1.39e-01	  3.12e-03	0.00000e+00
  1.39e-01	  3.65e-03	0.00000e+00
  1.39e-01	  4.17e-03	-3.69056e-293
  1.39e-01	  4.69e-03	-2.35713e-260
  1.39e-01	  5.21e-03	-1.50803e-227
  1.39e-01	  5.73e-03	-9.66356e-195
  1.39e-01	  6.25e-03	-6.20246e-162
  1.39e-01	  6.77e-03	-3.98771e-129
  1.39e-01	  7.29e-03	-2.56845e-96
  1.39e-01	  7.81e-03	-1.65755e-63
  1.39e-01	  8.33e-03	-1.07186e-30
  1.39e-01	  8.85e-03	-2.97875e+02
  1.39e-01	  9.37e-03	-1.26833e+02
  1.39e-01	  9.90e-03	-3.61904e+01
  1.39e-01	  1.04e-02	1.23658e+01
  1.39e-01	  1.09e-02	1.86986e+01
  1.39e-01	  1.15e-02	1.65657e+01
  1.39e-01	  1.20e-02	1.35233e+01
  1.39e-01	  1.25e-02	9.95374e+00
  1.39e-01	  1.30e-02	6.50388e+00
  1.39e-01	  1.35e-02	3.83323e+00
  1.39e-01	  1.41e-02	2.13327e+00
  1.39e-01	  1.46e-02	1.17131e+00
  1.39e-01	  1.51e-02	6.47115e-01
  1.39e-01	  1.56e-02	3.59856e-01
  1.39e-01	  1.61e-02	2.00545e-01
  1.39e-01	  1.67e-02	1.12180e-01
  1.39e-01	  1.72e-02	6.38063e-02
  1.39e-01	  1.77e-02	3.78302e-02
  1.39e-01	  1.82e-02	2.40667e-02
  1.39e-01	  1.88e-02	1.66936e-02
  1.39e-01	  1.93e-02	1.24827e-02
  1.39e-01	  1.98e-02	9.70832e-03
  1.39e-01	  2.03e-02	7.48255e-03
  1.39e-01	  2.08e-02	5.36921e-03
  1.39e-01	  2.14e-02	3.16982e-03
  1.39e-01	  2.19e-02	8.08835e-04
  1.39e-01	  2.24e-02	-1.72674e-03
  1.39e-01	  2.29e-02	-4.41859e-03
  1.39e-01	  2.34e-02	-7.23309e-03
  1.39e-01	  2.40e-02	-1.01293e-02
  1.39e-01	  2.45e-02	-1.30633e-02
  1.39e-01	  2.50e-02	-1.59900e-02
  1.39e-01	  2.55e-02	-1.88654e-02
  1.39e-01	  2.60e-02	-2.16486e-02
  1.39e-01	  2.66e-02	-2.43059e-02
  1.39e-01	  2.71e-02	-2.68187e-02
  1.39e-01	  2.76e-02	-2.91993e-02
  1.39e-01	  2.81e-02	-3.15213e-02
  1.39e-01	  2.86e-02	-3.39801e-02
  1.39e-01	  2.92e-02	-3.70079e-02
  1.39e-01	  2.97e-02	-4.14902e-02
  1.39e-01	  3.02e-02	-4.91607e-02
  1.39e-01	  3.07e-02	-6.32849e-02
  1.39e-01	  3.13e-02	-8.97862e-02
  1.39e-01	  3.18e-02	-1.39071e-01
  1.39e-01	  3.23e-02	-2.29169e-01
  1.39e-01	  3.28e-02	-3.91845e-01
  1.39e-01	  3.33e-02	-6.85608e-01
  1.39e-01	  3.39e-02	-1.22213e+00
  1.39e-01	  3.44e-02	-2.20616e+00
  1.39e-01	  3.49e-02	-3.94013e+00
  1.39e-01	  3.54e-02	-6.64994e+00
  1.39e-01	  3.59e-02	-1.01285e+01
  1.39e-01	  3.65e-02	-1.37075e+01
  1.39e-01	  3.70e-02	-1.67382e+01
  1.39e-01	  3.75e-02	-1.88201e+01
  1.39e-01	  3.80e-02	-1.22291e+01
  1.39e-01	  3.85e-02	3.70673e+01
  1.39e-01	  3.91e-02	1.27534e+02
  1.39e-01	  3.96e-02	2.97498e+02
  1.39e-01	  4.01e-02	1.03063e-30
  1.39e-01	  4.06e-02	1.65367e-63
  1.39e-01	  4.11e-02	2.56189e-96
  1.39e-01	  4.17e-02	3.97662e-129
  1.39e-01	  4.22e-02	6.18375e-162
  1.39e-01	  4.27e-02	9.63206e-195
  1.39e-01	  4.32e-02	1.50274e-227
  1.39e-01	  4.37e-02	2.34831e-260
  1.39e-01	  4.43e-02	3.67591e-293
  1.39e-01	  4.48e-02	0.00000e+00
  1.39e-01	  4.53e-02	0.00000e+00
  1.39e-01	  4.58e-02	0.00000e+00
  1.39e-01	  4.64e-02	0.00000e+00
  1.39e-01	  4.69e-02	0.00000e+00
  1.39e-01	  4.74e-02	0.00000e+00
  1.39e-01	  4.79e-02	0.00000e+00
  1.39e-01	  4.84e-02	0.00000e+00
  1.39e-01	  4.90e-02	0.00000e+00
  1.39e-01	  4.95e-02	0.00000e+00

  1.40e-01	  0.00e+00	0.00000e+00
  1.40e-01	  5.21e-04	0.00000e+00
  1.40e-01	  1.04e-03	0.00000e+00
  1.40e-01	  1.56e-03	0.00000e+00
  1.40e-01	  2.08e-03	0.00000e+00
  1.40e-01	  2.60e-03	0.00000e+00
  1.40e-01	  3.12e-03	0.00000e+00
  1.40e-01	  3.65e-03	0.00000e+00
  1.40e-01	  4.17e-03	-3.75411e-293
  1.40e-01	  4.69e-03	-2.39591e-260
  1.40e-01	  5.21e-03	-1.53167e-227
  1.40e-01	  5.73e-03	-9.80737e-195
  1.40e-01	  6.25e-03	-6.28972e-162
  1.40e-01	  6.77e-03	-4.04043e-129
  1.40e-01	  7.29e-03	-2.60015e-96
  1.40e-01	  7.81e-03	-1.67650e-63
  1.40e-01	  8.33e-03	-1.08314e-30
  1.40e-01	  8.85e-03	-3.00096e+02
  1.40e-01	  9.37e-03	-1.26013e+02
  1.40e-01	  9.90e-03	-3.47012e+01
  1.40e-01	  1.04e-02	1.25366e+01
  1.40e-01	  1.09e-02	1.87306e+01
  1.40e-01	  1.15e-02	1.65786e+01
  1.40e-01	  1.20e-02	1.35011e+01
  1.40e-01	  1.25e-02	9.90442e+00
  1.40e-01	  1.30e-02	6.44813e+00
  1.40e-01	  1.35e-02	3.79113e+00
  1.40e-01	  1.41e-02	2.11116e+00
  1.40e-01	  1.46e-02	1.16493e+00
  1.40e-01	  1.51e-02	6.50194e-01
  1.40e-01	  1.56e-02	3.67775e-01
  1.40e-01	  1.61e-02	2.10534e-01
  1.40e-01	  1.67e-02	1.22745e-01
  1.40e-01	  1.72e-02	7.42141e-02
  1.40e-01	  1.77e-02	4.77561e-02
  1.40e-01	  1.82e-02	3.33815e-02
  1.40e-01	  1.88e-02	2.53455e-02
  1.40e-01	  1.93e-02	2.04427e-02
  1.40e-01	  1.98e-02	1.69491e-02
  1.40e-01	  2.03e-02	1.39739e-02
  1.40e-01	  2.08e-02	1.10795e-02
  1.40e-01	  2.14e-02	8.06771e-03
  1.40e-01	  2.19e-02	4.86542e-03
  1.40e-01	  2.24e-02	1.46305e-03
  1.40e-01	  2.29e-02	-2.11701e-03
  1.40e-01	  2.34e-02	-5.83672e-03
  1.40e-01	  2.40e-02	-9.65058e-03
  1.40e-01	  2.45e-02	-1.35099e-02
  1.40e-01	  2.50e-02	-1.73650e-02
  1.40e-01	  2.55e-02	-2.11673e-02
  1.40e-01	  2.60e-02	-2.48711e-02
  1.40e-01	  2.66e-02	-2.84384e-02
  1.40e-01	  2.71e-02	-3.18465e-02
  1.40e-01	  2.76e-02	-3.51041e-02
  1.40e-01	  2.81e-02	-3.82830e-02
  1.40e-01	  2.86e-02	-4.15782e-02
  1.40e-01	  2.92e-02	-4.54239e-02
  1.40e-01	  2.97e-02	-5.07097e-02
  1.40e-01	  3.02e-02	-5.91689e-02
  1.40e-01	  3.07e-02	-7.40474e-02
  1.40e-01	  3.13e-02	-1.01195e-01
  1.40e-01	  3.18e-02	-1.50828e-01
  1.40e-01	  3.23e-02	-2.40571e-01
  1.40e-01	  3.28e-02	-4.01435e-01
  1.40e-01	  3.33e-02	-6.90667e-01
  1.40e-01	  3.39e-02	-1.21812e+00
  1.40e-01	  3.44e-02	-2.18702e+00
  1.40e-01	  3.49e-02	-3.90197e+00
  1.40e-01	  3.54e-02	-6.59946e+00
  1.40e-01	  3.59e-02	-1.00856e+01
  1.40e-01	  3.65e-02	-1.36920e+01
  1.40e-01	  3.70e-02	-1.67568e+01
  1.40e-01	  3.75e-02	-1.88507e+01
  1.40e-01	  3.80e-02	-1.23735e+01
  1.40e-01	  3.85e-02	3.56089e+01
  1.40e-01	  3.91e-02	1.26730e+02
  1.40e-01	  3.96e-02	2.99681e+02
  1.40e-01	  4.01e-02	1.04430e-30
  1.40e-01	  4.06e-02	1.67238e-63
  1.40e-01	  4.11e-02	2.59323e-96
  1.40e-01	  4.17e-02	4.02881e-129
  1.40e-01	  4.22e-02	6.27022e-162
  1.40e-01	  4.27e-02	9.77473e-195
  1.40e-01	  4.32e-02	1.52621e-227
  1.40e-01	  4.37e-02	2.38685e-260
  1.40e-01	  4.43e-02	3.73912e-293
  1.40e-01	  4.48e-02	0.00000e+00
  1.40e-01	  4.53e-02	0.00000e+00
  1.40e-01	  4.58e-02	0.00000e+00
  1.40e-01	  4.64e-02	0.00000e+00
  1.40e-01	  4.69e-02	0.00000e+00
  1.40e-01	  4.74e-02	0.00000e+00
  1.40e-01	  4.79e-02	0.00000e+00
  1.40e-01	  4.84e-02	0.00000e+00
  1.40e-01	  4.90e-02	0.00000e+00
  1.40e-01	  4.95e-02	0.00000e+00

  1.41e-01	  0.00e+00	0.00000e+00
  1.41e-01	  5.21e-04	0.00000e+00
  1.41e-01	  1.04e-03	0.00000e+00
  1.41e-01	  1.56e-03	0.00000e+00
  1.41e-01	  2.08e-03	0.00000e+00
  1.41e-01	  2.60e-03	0.00000e+00
  1.41e-01	  3.12e-03	0.00000e+00
  1.41e-01	  3.65e-03	0.00000e+00
  1.41e-01	  4.17e-03	-3.82025e-293
  1.41e-01	  4.69e-03	-2.43640e-260
  1.41e-01	  5.21e-03	-1.55643e-227
  1.41e-01	  5.73e-03	-9.95853e-195
  1.41e-01	  6.25e-03	-6.38171e-162
  1.41e-01	  6.77e-03	-4.09618e-129
  1.41e-01	  7.29e-03	-2.63376e-96
  1.41e-01	  7.81e-03	-1.69666e-63
  1.41e-01	  8.33e-03	-1.09516e-30
  1.41e-01	  8.85e-03	-3.02467e+02
  1.41e-01	  9.37e-03	-1.25133e+02
  1.41e-01	  9.90e-03	-3.31120e+01
  1.41e-01	  1.04e-02	1.27396e+01
  1.41e-01	  1.09e-02	1.87641e+01
  1.41e-01	  1.15e-02	1.65887e+01
  1.41e-01	  1.20e-02	1.34743e+01
  1.41e-01	  1.25e-02	9.85069e+00
  1.41e-01	  1.30e-02	6.39012e+00
  1.41e-01	  1.35e-02	3.74958e+00
  1.41e-01	  1.41e-02	2.09147e+00
  1.41e-01	  1.46e-02	1.16163e+00
  1.41e-01	  1.51e-02	6.56335e-01
  1.41e-01	  1.56e-02	3.78485e-01
  1.41e-01	  1.61e-02	2.23002e-01
  1.41e-01	  1.67e-02	1.35509e-01
  1.41e-01	  1.72e-02	8.65849e-02
  1.41e-01	  1.77e-02	5.94499e-02
  1.41e-01	  1.82e-02	4.42984e-02
  1.41e-01	  1.88e-02	3.54541e-02
  1.41e-01	  1.93e-02	2.97263e-02
  1.41e-01	  1.98e-02	2.53881e-02
  1.41e-01	  2.03e-02	2.15433e-02
  1.41e-01	  2.08e-02	1.77506e-02
  1.41e-01	  2.14e-02	1.38116e-02
  1.41e-01	  2.19e-02	9.65479e-03
  1.41e-01	  2.24e-02	5.27380e-03
  1.41e-01	  2.29e-02	6.94762e-04
  1.41e-01	  2.34e-02	-4.04011e-03
  1.41e-01	  2.40e-02	-8.88098e-03
  1.41e-01	  2.45e-02	-1.37747e-02
  1.41e-01	  2.50e-02	-1.86671e-02
  1.41e-01	  2.55e-02	-2.35050e-02
  1.41e-01	  2.60e-02	-2.82385e-02
  1.41e-01	  2.66e-02	-3.28251e-02
  1.41e-01	  2.71e-02	-3.72382e-02
  1.41e-01	  2.76e-02	-4.14835e-02
  1.41e-01	  2.81e-02	-4.56308e-02
  1.41e-01	  2.86e-02	-4.98757e-02
  1.41e-01	  2.92e-02	-5.46564e-02
  1.41e-01	  2.97e-02	-6.08690e-02
  1.41e-01	  3.02e-02	-7.02520e-02
  1.41e-01	  3.07e-02	-8.60391e-02
  1.41e-01	  3.13e-02	-1.14017e-01
  1.41e-01	  3.18e-02	-1.64223e-01
  1.41e-01	  3.23e-02	-2.53884e-01
  1.41e-01	  3.28e-02	-4.13245e-01
  1.41e-01	  3.33e-02	-6.98214e-01
  1.41e-01	  3.39e-02	-1.21663e+00
  1.41e-01	  3.44e-02	-2.16974e+00
  1.41e-01	  3.49e-02	-3.86388e+00
  1.41e-01	  3.54e-02	-6.54641e+00
  1.41e-01	  3.59e-02	-1.00382e+01
  1.41e-01	  3.65e-02	-1.36722e+01
  1.41e-01	  3.70e-02	-1.67729e+01
  1.41e-01	  3.75e-02	-1.88825e+01
  1.41e-01	  3.80e-02	-1.25511e+01
  1.41e-01	  3.85e-02	3.40452e+01
  1.41e-01	  3.91e-02	1.25864e+02
  1.41e-01	  3.96e-02	3.02014e+02
  1.41e-01	  4.01e-02	1.05919e-30
  1.41e-01	  4.06e-02	1.69230e-63
  1.41e-01	  4.11e-02	2.62650e-96
  1.41e-01	  4.17e-02	4.08406e-129
  1.41e-01	  4.22e-02	6.36149e-162
  1.41e-01	  4.27e-02	9.92485e-195
  1.41e-01	  4.32e-02	1.55083e-227
  1.41e-01	  4.37e-02	2.42713e-260
  1.41e-01	  4.43e-02	3.80497e-293
  1.41e-01	  4.48e-02	0.00000e+00
  1.41e-01	  4.53e-02	0.00000e+00
  1.41e-01	  4.58e-02	0.00000e+00
  1.41e-01	  4.64e-02	0.00000e+00
  1.41e-01	  4.69e-02	0.00000e+00
  1.41e-01	  4.74e-02	0.00000e+00
  1.41e-01	  4.79e-02	0.00000e+00
  1.41e-01	  4.84e-02	0.00000e+00
  1.41e-01	  4.90e-02	0.00000e+00
  1.41e-01	  4.95e-02	0.00000e+00

  1.41e-01	  0.00e+00	0.00000e+00
  1.41e-01	  5.21e-04	0.00000e+00
  1.41e-01	  1.04e-03	0.00000e+00
  1.41e-01	  1.56e-03	0.00000e+00
  1.41e-01	  2.08e-03	0.00000e+00
  1.41e-01	  2.60e-03	0.00000e+00
  1.41e-01	  3.12e-03	0.00000e+00
  1.41e-01	  3.65e-03	0.00000e+00
  1.41e-01	  4.17e-03	-3.88879e-293
  1.41e-01	  4.69e-03	-2.47851e-260
  1.41e-01	  5.21e-03	-1.58227e-227
  1.41e-01	  5.73e-03	-1.01168e-194
  1.41e-01	  6.25e-03	-6.47828e-162
  1.41e-01	  6.77e-03	-4.15486e-129
  1.41e-01	  7.29e-03	-2.66923e-96
  1.41e-01	  7.81e-03	-1.71798e-63
  1.41e-01	  8.33e-03	-1.10791e-30
  1.41e-01	  8.85e-03	-3.04983e+02
  1.41e-01	  9.37e-03	-1.24192e+02
  1.41e-01	  9.90e-03	-3.14297e+01
  1.41e-01	  1.04e-02	1.29751e+01
  1.41e-01	  1.09e-02	1.88003e+01
  1.41e-01	  1.15e-02	1.65967e+01
  1.41e-01	  1.20e-02	1.34435e+01
  1.41e-01	  1.25e-02	9.79353e+00
  1.41e-01	  1.30e-02	6.33110e+00
  1.41e-01	  1.35e-02	3.70968e+00
  1.41e-01	  1.41e-02	2.07491e+00
  1.41e-01	  1.46e-02	1.16179e+00
  1.41e-01	  1.51e-02	6.65728e-01
  1.41e-01	  1.56e-02	3.92089e-01
  1.41e-01	  1.61e-02	2.38014e-01
  1.41e-01	  1.67e-02	1.50519e-01
  1.41e-01	  1.72e-02	1.00961e-01
  1.41e-01	  1.77e-02	7.29497e-02
  1.41e-01	  1.82e-02	5.68527e-02
  1.41e-01	  1.88e-02	4.70507e-02
  1.41e-01	  1.93e-02	4.03610e-02
  1.41e-01	  1.98e-02	3.50492e-02
  1.41e-01	  2.03e-02	3.02105e-02
  1.41e-01	  2.08e-02	2.53987e-02
  1.41e-01	  2.14e-02	2.04143e-02
  1.41e-01	  2.19e-02	1.51870e-02
  1.41e-01	  2.24e-02	9.71292e-03
  1.41e-01	  2.29e-02	4.02183e-03
  1.41e-01	  2.34e-02	-1.84022e-03
  1.41e-01	  2.40e-02	-7.81934e-03
  1.41e-01	  2.45e-02	-1.38582e-02
  1.41e-01	  2.50e-02	-1.98985e-02
  1.41e-01	  2.55e-02	-2.58827e-02
  1.41e-01	  2.60e-02	-3.17567e-02
  1.41e-01	  2.66e-02	-3.74738e-02
  1.41e-01	  2.71e-02	-4.30039e-02
  1.41e-01	  2.76e-02	-4.83494e-02
  1.41e-01	  2.81e-02	-5.35789e-02
  1.41e-01	  2.86e-02	-5.88892e-02
  1.41e-01	  2.92e-02	-6.47236e-02
  1.41e-01	  2.97e-02	-7.19877e-02
  1.41e-01	  3.02e-02	-8.24296e-02
  1.41e-01	  3.07e-02	-9.92788e-02
  1.41e-01	  3.13e-02	-1.28269e-01
  1.41e-01	  3.18e-02	-1.79273e-01
  1.41e-01	  3.23e-02	-2.69132e-01
  1.41e-01	  3.28e-02	-4.27325e-01
  1.41e-01	  3.33e-02	-7.08381e-01
  1.41e-01	  3.39e-02	-1.21796e+00
  1.41e-01	  3.44e-02	-2.15497e+00
  1.41e-01	  3.49e-02	-3.82687e+00
  1.41e-01	  3.54e-02	-6.49198e+00
  1.41e-01	  3.59e-02	-9.98732e+00
  1.41e-01	  3.65e-02	-1.36485e+01
  1.41e-01	  3.70e-02	-1.67871e+01
  1.41e-01	  3.75e-02	-1.89170e+01
  1.41e-01	  3.80e-02	-1.27626e+01
  1.41e-01	  3.85e-02	3.23828e+01
  1.41e-01	  3.91e-02	1.24933e+02
  1.41e-01	  3.96e-02	3.04492e+02
  1.41e-01	  4.01e-02	1.07543e-30
  1.41e-01	  4.06e-02	1.71340e-63
  1.41e-01	  4.11e-02	2.66165e-96
  1.41e-01	  4.17e-02	4.14228e-129
  1.41e-01	  4.22e-02	6.45741e-162
  1.41e-01	  4.27e-02	1.00821e-194
  1.41e-01	  4.32e-02	1.57654e-227
  1.41e-01	  4.37e-02	2.46906e-260
  1.41e-01	  4.43e-02	3.87326e-293
  1.41e-01	  4.48e-02	0.00000e+00
  1.41e-01	  4.53e-02	0.00000e+00
  1.41e-01	  4.58e-02	0.00000e+00
  1.41e-01	  4.64e-02	0.00000e+00
  1.41e-01	  4.69e-02	0.00000e+00
  1.41e-01	  4.74e-02	0.00000e+00
  1.41e-01	  4.79e-02	0.00000e+00
  1.41e-01	  4.84e-02	0.00000e+00
  1.41e-01	  4.90e-02	0.00000e+00
  1.41e-01	  4.95e-02	0.00000e+00

  1.42e-01	  0.00e+00	0.00000e+00
  1.42e-01	  5.21e-04	-9.71373e-317
  1.42e-01	  1.04e-03	5.43969e-316
  1.42e-01	  1.56e-03	0.00000e+00
  1.42e-01	  2.08e-03	0.00000e+00
  1.42e-01	  2.60e-03	0.00000e+00
  1.42e-01	  3.12e-03	-9.51945e-316
  1.42e-01	  3.65e-03	9.51945e-316
  1.42e-01	  4.17e-03	-3.95950e-293
  1.42e-01	  4.69e-03	-2.52211e-260
  1.42e-01	  5.21e-03	-1.60911e-227
  1.42e-01	  5.73e-03	-1.02817e-194
  1.42e-01	  6.25e-03	-6.57921e-162
  1.42e-01	  6.77e-03	-4.21635e-129
  1.42e-01	  7.29e-03	-2.70648e-96
  1.42e-01	  7.81e-03	-1.74042e-63
  1.42e-01	  8.33e-03	-1.12137e-30
  1.42e-01	  8.85e-03	-3.07638e+02
  1.42e-01	  9.37e-03	-1.23188e+02
  1.42e-01	  9.90e-03	-2.96618e+01
  1.42e-01	  1.04e-02	1.32437e+01
  1.42e-01	  1.09e-02	1.88406e+01
  1.42e-01	  1.15e-02	1.66034e+01
  1.42e-01	  1.20e-02	1.34093e+01
  1.42e-01	  1.25e-02	9.73400e+00
  1.42e-01	  1.30e-02	6.27235e+00
  1.42e-01	  1.35e-02	3.67249e+00
  1.42e-01	  1.41e-02	2.06213e+00
  1.42e-01	  1.46e-02	1.16577e+00
  1.42e-01	  1.51e-02	6.78560e-01
  1.42e-01	  1.56e-02	4.08689e-01
  1.42e-01	  1.61e-02	2.55634e-01
  1.42e-01	  1.67e-02	1.67825e-01
  1.42e-01	  1.72e-02	1.17382e-01
  1.42e-01	  1.77e-02	8.82905e-02
  1.42e-01	  1.82e-02	7.10737e-02
  1.42e-01	  1.88e-02	6.01596e-02
  1.42e-01	  1.93e-02	5.23662e-02
  1.42e-01	  1.98e-02	4.59469e-02
  1.42e-01	  2.03e-02	3.99859e-02
  1.42e-01	  2.08e-02	3.40309e-02
  1.42e-01	  2.14e-02	2.78800e-02
  1.42e-01	  2.19e-02	2.14638e-02
  1.42e-01	  2.24e-02	1.47806e-02
  1.42e-01	  2.29e-02	7.86328e-03
  1.42e-01	  2.34e-02	7.61316e-04
  1.42e-01	  2.40e-02	-6.46774e-03
  1.42e-01	  2.45e-02	-1.37628e-02
  1.42e-01	  2.50e-02	-2.10618e-02
  1.42e-01	  2.55e-02	-2.83032e-02
  1.42e-01	  2.60e-02	-3.54291e-02
  1.42e-01	  2.66e-02	-4.23891e-02
  1.42e-01	  2.71e-02	-4.91492e-02
  1.42e-01	  2.76e-02	-5.57093e-02
  1.42e-01	  2.81e-02	-6.21366e-02
  1.42e-01	  2.86e-02	-6.86300e-02
  1.42e-01	  2.92e-02	-7.56391e-02
  1.42e-01	  2.97e-02	-8.40811e-02
  1.42e-01	  3.02e-02	-9.57183e-02
  1.42e-01	  3.07e-02	-1.13782e-01
  1.42e-01	  3.13e-02	-1.43966e-01
  1.42e-01	  3.18e-02	-1.95990e-01
  1.42e-01	  3.23e-02	-2.86331e-01
  1.42e-01	  3.28e-02	-4.43709e-01
  1.42e-01	  3.33e-02	-7.21261e-01
  1.42e-01	  3.39e-02	-1.22236e+00
  1.42e-01	  3.44e-02	-2.14322e+00
  1.42e-01	  3.49e-02	-3.79184e+00
  1.42e-01	  3.54e-02	-6.43724e+00
  1.42e-01	  3.59e-02	-9.93378e+00
  1.42e-01	  3.65e-02	-1.36214e+01
  1.42e-01	  3.70e-02	-1.68000e+01
  1.42e-01	  3.75e-02	-1.89553e+01
  1.42e-01	  3.80e-02	-1.30086e+01
  1.42e-01	  3.85e-02	3.06288e+01
  1.42e-01	  3.91e-02	1.23935e+02
  1.42e-01	  3.96e-02	3.07108e+02
  1.42e-01	  4.01e-02	1.09322e-30
  1.42e-01	  4.06e-02	1.73563e-63
  1.42e-01	  4.11e-02	2.69860e-96
  1.42e-01	  4.17e-02	4.20334e-129
  1.42e-01	  4.22e-02	6.55775e-162
  1.42e-01	  4.27e-02	1.02462e-194
  1.42e-01	  4.32e-02	1.60327e-227
  1.42e-01	  4.37e-02	2.51250e-260
  1.42e-01	  4.43e-02	3.94378e-293
  1.42e-01	  4.48e-02	0.00000e+00
  1.42e-01	  4.53e-02	0.00000e+00
  1.42e-01	  4.58e-02	0.00000e+00
  1.42e-01	  4.64e-02	0.00000e+00
  1.42e-01	  4.69e-02	0.00000e+00
  1.42e-01	  4.74e-02	0.00000e+00
  1.42e-01	  4.79e-02	0.00000e+00
  1.42e-01	  4.84e-02	0.00000e+00
  1.42e-01	  4.90e-02	0.00000e+00
  1.42e-01	  4.95e-02	2.70378e-301

  1.43e-01	  0.00e+00	0.00000e+00
  1.43e-01	  5.21e-04	-5.04365e-284
  1.43e-01	  1.04e-03	3.27838e-283
  1.43e-01	  1.56e-03	0.00000e+00
  1.43e-01	  2.08e-03	0.00000e+00
  1.43e-01	  2.60e-03	0.00000e+00
  1.43e-01	  3.12e-03	-5.92629e-283
  1.43e-01	  3.65e-03	5.92629e-283
  1.43e-01	  4.17e-03	0.00000e+00
  1.43e-01	  4.69e-03	-2.56702e-260
  1.43e-01	  5.21e-03	-1.63686e-227
  1.43e-01	  5.73e-03	-1.04527e-194
  1.43e-01	  6.25e-03	-6.68417e-162
  1.43e-01	  6.77e-03	-4.28044e-129
  1.43e-01	  7.29e-03	-2.74539e-96
  1.43e-01	  7.81e-03	-1.76391e-63
  1.43e-01	  8.33e-03	-1.13548e-30
  1.43e-01	  8.85e-03	-3.10421e+02
  1.43e-01	  9.37e-03	-1.22120e+02
  1.43e-01	  9.90e-03	-2.78167e+01
  1.43e-01	  1.04e-02	1.35458e+01
  1.43e-01	  1.09e-02	1.88869e+01
  1.43e-01	  1.15e-02	1.66097e+01
  1.43e-01	  1.20e-02	1.33727e+01
  1.43e-01	  1.25e-02	9.67330e+00
  1.43e-01	  1.30e-02	6.21519e+00
  1.43e-01	  1.35e-02	3.63906e+00
  1.43e-01	  1.41e-02	2.05380e+00
  1.43e-01	  1.46e-02	1.17393e+00
  1.43e-01	  1.51e-02	6.95028e-01
  1.43e-01	  1.56e-02	4.28400e-01
  1.43e-01	  1.61e-02	2.75937e-01
  1.43e-01	  1.67e-02	1.87478e-01
  1.43e-01	  1.72e-02	1.35886e-01
  1.43e-01	  1.77e-02	1.05499e-01
  1.43e-01	  1.82e-02	8.69806e-02
  1.43e-01	  1.88e-02	7.47929e-02
  1.43e-01	  1.93e-02	6.57476e-02
  1.43e-01	  1.98e-02	5.80817e-02
  1.43e-01	  2.03e-02	5.08661e-02
  1.43e-01	  2.08e-02	4.36405e-02
  1.43e-01	  2.14e-02	3.62003e-02
  1.43e-01	  2.19e-02	2.84759e-02
  1.43e-01	  2.24e-02	2.04675e-02
  1.43e-01	  2.29e-02	1.22105e-02
  1.43e-01	  2.34e-02	3.75719e-03
  1.43e-01	  2.40e-02	-4.83174e-03
  1.43e-01	  2.45e-02	-1.34921e-02
  1.43e-01	  2.50e-02	-2.21586e-02
  1.43e-01	  2.55e-02	-3.07665e-02
  1.43e-01	  2.60e-02	-3.92543e-02
  1.43e-01	  2.66e-02	-4.75683e-02
  1.43e-01	  2.71e-02	-5.56713e-02
  1.43e-01	  2.76e-02	-6.35607e-02
  1.43e-01	  2.81e-02	-7.13030e-02
  1.43e-01	  2.86e-02	-7.90991e-02
  1.43e-01	  2.92e-02	-8.74061e-02
  1.43e-01	  2.97e-02	-9.71550e-02
  1.43e-01	  3.02e-02	-1.10125e-01
  1.43e-01	  3.07e-02	-1.29558e-01
  1.43e-01	  3.13e-02	-1.61115e-01
  1.43e-01	  3.18e-02	-2.14381e-01
  1.43e-01	  3.23e-02	-3.05486e-01
  1.43e-01	  3.28e-02	-4.62418e-01
  1.43e-01	  3.33e-02	-7.36920e-01
  1.43e-01	  3.39e-02	-1.23001e+00
  1.43e-01	  3.44e-02	-2.13492e+00
  1.43e-01	  3.49e-02	-3.75955e+00
  1.43e-01	  3.54e-02	-6.38315e+00
  1.43e-01	  3.59e-02	-9.87835e+00
  1.43e-01	  3.65e-02	-1.35915e+01
  1.43e-01	  3.70e-02	-1.68123e+01
  1.43e-01	  3.75e-02	-1.89993e+01
  1.43e-01	  3.80e-02	-1.32901e+01
  1.43e-01	  3.85e-02	2.87909e+01
  1.43e-01	  3.91e-02	1.22869e+02
  1.43e-01	  3.96e-02	3.09852e+02
  1.43e-01	  4.01e-02	1.11285e-30
  1.43e-01	  4.06e-02	1.75892e-63
  1.43e-01	  4.11e-02	2.73724e-96
  1.43e-01	  4.17e-02	4.26706e-129
  1.43e-01	  4.22e-02	6.66219e-162
  1.43e-01	  4.27e-02	1.04165e-194
  1.43e-01	  4.32e-02	1.63093e-227
  1.43e-01	  4.37e-02	2.55730e-260
  1.43e-01	  4.43e-02	0.00000e+00
  1.43e-01	  4.48e-02	0.00000e+00
  1.43e-01	  4.53e-02	0.00000e+00
  1.43e-01	  4.58e-02	0.00000e+00
  1.43e-01	  4.64e-02	0.00000e+00
  1.43e-01	  4.69e-02	0.00000e+00
  1.43e-01	  4.74e-02	0.00000e+00
  1.43e-01	  4.79e-02	0.00000e+00
  1.43e-01	  4.84e-02	0.00000e+00
  1.43e-01	  4.90e-02	0.00000e+00
  1.43e-01	  4.95e-02	1.87913e-268

  1.44e-01	  0.00e+00	0.00000e+00
  1.44e-01	  5.21e-04	-2.45514e-251
  1.44e-01	  1.04e-03	1.63676e-250
  1.44e-01	  1.56e-03	0.00000e+00
  1.44e-01	  2.08e-03	0.00000e+00
  1.44e-01	  2.60e-03	0.00000e+00
  1.44e-01	  3.12e-03	-3.27352e-250
  1.44e-01	  3.65e-03	3.27352e-250
  1.44e-01	  4.17e-03	0.00000e+00
  1.44e-01	  4.69e-03	0.00000e+00
  1.44e-01	  5.21e-03	-1.66539e-227
  1.44e-01	  5.73e-03	-1.06290e-194
  1.44e-01	  6.25e-03	-6.79271e-162
  1.44e-01	  6.77e-03	-4.34687e-129
  1.44e-01	  7.29e-03	-2.78580e-96
  1.44e-01	  7.81e-03	-1.78834e-63
  1.44e-01	  8.33e-03	-1.15018e-30
  1.44e-01	  8.85e-03	-3.13317e+02
  1.44e-01	  9.37e-03	-1.20990e+02
  1.44e-01	  9.90e-03	-2.59042e+01
  1.44e-01	  1.04e-02	1.38828e+01
  1.44e-01	  1.09e-02	1.89419e+01
  1.44e-01	  1.15e-02	1.66176e+01
  1.44e-01	  1.20e-02	1.33352e+01
  1.44e-01	  1.25e-02	9.61302e+00
  1.44e-01	  1.30e-02	6.16114e+00
  1.44e-01	  1.35e-02	3.61053e+00
  1.44e-01	  1.41e-02	2.05060e+00
  1.44e-01	  1.46e-02	1.18664e+00
  1.44e-01	  1.51e-02	7.15332e-01
  1.44e-01	  1.56e-02	4.51333e-01
  1.44e-01	  1.61e-02	2.98986e-01
  1.44e-01	  1.67e-02	2.09516e-01
  1.44e-01	  1.72e-02	1.56495e-01
  1.44e-01	  1.77e-02	1.24586e-01
  1.44e-01	  1.82e-02	1.04574e-01
  1.44e-01	  1.88e-02	9.09428e-02
  1.44e-01	  1.93e-02	8.04908e-02
  1.44e-01	  1.98e-02	7.14340e-02
  1.44e-01	  2.03e-02	6.28275e-02
  1.44e-01	  2.08e-02	5.42020e-02
  1.44e-01	  2.14e-02	4.53489e-02
  1.44e-01	  2.19e-02	3.61981e-02
  1.44e-01	  2.24e-02	2.67508e-02
  1.44e-01	  2.29e-02	1.70441e-02
  1.44e-01	  2.34e-02	7.13245e-03
  1.44e-01	  2.40e-02	-2.92133e-03
  1.44e-01	  2.45e-02	-1.30508e-02
  1.44e-01	  2.50e-02	-2.31884e-02
  1.44e-01	  2.55e-02	-3.32669e-02
  1.44e-01	  2.60e-02	-4.32223e-02
  1.44e-01	  2.66e-02	-5.29980e-02
  1.44e-01	  2.71e-02	-6.25543e-02
  1.44e-01	  2.76e-02	-7.18865e-02
  1.44e-01	  2.81e-02	-8.10606e-02
  1.44e-01	  2.86e-02	-9.02803e-02
  1.44e-01	  2.92e-02	-1.00011e-01
  1.44e-01	  2.97e-02	-1.11198e-01
  1.44e-01	  3.02e-02	-1.25643e-01
  1.44e-01	  3.07e-02	-1.46601e-01
  1.44e-01	  3.13e-02	-1.79711e-01
  1.44e-01	  3.18e-02	-2.34441e-01
  1.44e-01	  3.23e-02	-3.26594e-01
  1.44e-01	  3.28e-02	-4.83453e-01
  1.44e-01	  3.33e-02	-7.55393e-01
  1.44e-01	  3.39e-02	-1.24103e+00
  1.44e-01	  3.44e-02	-2.13040e+00
  1.44e-01	  3.49e-02	-3.73064e+00
  1.44e-01	  3.54e-02	-6.33056e+00
  1.44e-01	  3.59e-02	-9.82181e+00
  1.44e-01	  3.65e-02	-1.35593e+01
  1.44e-01	  3.70e-02	-1.68250e+01
  1.44e-01	  3.75e-02	-1.90511e+01
  1.44e-01	  3.80e-02	-1.36084e+01
  1.44e-01	  3.85e-02	2.68774e+01
  1.44e-01	  3.91e-02	1.21732e+02
  1.44e-01	  3.96e-02	3.12706e+02
  1.44e-01	  4.01e-02	1.13470e-30
  1.44e-01	  4.06e-02	1.78317e-63
  1.44e-01	  4.11e-02	2.77740e-96
  1.44e-01	  4.17e-02	4.33316e-129
  1.44e-01	  4.22e-02	6.77028e-162
  1.44e-01	  4.27e-02	1.05923e-194
  1.44e-01	  4.32e-02	1.65937e-227
  1.44e-01	  4.37e-02	0.00000e+00
  1.44e-01	  4.43e-02	0.00000e+00
  1.44e-01	  4.48e-02	0.00000e+00
  1.44e-01	  4.53e-02	0.00000e+00
  1.44e-01	  4.58e-02	0.00000e+00
  1.44e-01	  4.64e-02	0.00000e+00
  1.44e-01	  4.69e-02	0.00000e+00
  1.44e-01	  4.74e-02	0.00000e+00
  1.44e-01	  4.79e-02	0.00000e+00
  1.44e-01	  4.84e-02	0.00000e+00
  1.44e-01	  4.90e-02	0.00000e+00
  1.44e-01	  4.95e-02	1.17735e-235

  1.45e-01	  0.00e+00	0.00000e+00
  1.45e-01	  5.21e-04	-2.12464e-218
  1.45e-01	  1.04e-03	8.49854e-218
  1.45e-01	  1.56e-03	0.00000e+00
  1.45e-01	  2.08e-03	0.00000e+00
  1.45e-01	  2.60e-03	0.00000e+00
  1.45e-01	  3.12e-03	-1.59348e-217
  1.45e-01	  3.65e-03	1.59348e-217
  1.45e-01	  4.17e-03	0.00000e+00
  1.45e-01	  4.69e-03	0.00000e+00
  1.45e-01	  5.21e-03	0.00000e+00
  1.45e-01	  5.73e-03	-1.08096e-194
  1.45e-01	  6.25e-03	-6.90415e-162
  1.45e-01	  6.77e-03	-4.41523e-129
  1.45e-01	  7.29e-03	-2.82745e-96
  1.45e-01	  7.81e-03	-1.81355e-63
  1.45e-01	  8.33e-03	-1.16537e-30
  1.45e-01	  8.85e-03	-3.16307e+02
  1.45e-01	  9.37e-03	-1.19800e+02
  1.45e-01	  9.90e-03	-2.39351e+01
  1.45e-01	  1.04e-02	1.42564e+01
  1.45e-01	  1.09e-02	1.90094e+01
  1.45e-01	  1.15e-02	1.66300e+01
  1.45e-01	  1.20e-02	1.32993e+01
  1.45e-01	  1.25e-02	9.55526e+00
  1.45e-01	  1.30e-02	6.11197e+00
  1.45e-01	  1.35e-02	3.58810e+00
  1.45e-01	  1.41e-02	2.05320e+00
  1.45e-01	  1.46e-02	1.20425e+00
  1.45e-01	  1.51e-02	7.39640e-01
  1.45e-01	  1.56e-02	4.77566e-01
  1.45e-01	  1.61e-02	3.24815e-01
  1.45e-01	  1.67e-02	2.33948e-01
  1.45e-01	  1.72e-02	1.79201e-01
  1.45e-01	  1.77e-02	1.45532e-01
  1.45e-01	  1.82e-02	1.23825e-01
  1.45e-01	  1.88e-02	1.08572e-01
  1.45e-01	  1.93e-02	9.65519e-02
  1.45e-01	  1.98e-02	8.59548e-02
  1.45e-01	  2.03e-02	7.58183e-02
  1.45e-01	  2.08e-02	6.56628e-02
  1.45e-01	  2.14e-02	5.52751e-02
  1.45e-01	  2.19e-02	4.45834e-02
  1.45e-01	  2.24e-02	3.35891e-02
  1.45e-01	  2.29e-02	2.23300e-02
  1.45e-01	  2.34e-02	1.08615e-02
  1.45e-01	  2.40e-02	-7.52793e-04
  1.45e-01	  2.45e-02	-1.24455e-02
  1.45e-01	  2.50e-02	-2.41479e-02
  1.45e-01	  2.55e-02	-3.57919e-02
  1.45e-01	  2.60e-02	-4.73118e-02
  1.45e-01	  2.66e-02	-5.86496e-02
  1.45e-01	  2.71e-02	-6.97637e-02
  1.45e-01	  2.76e-02	-8.06482e-02
  1.45e-01	  2.81e-02	-9.13691e-02
  1.45e-01	  2.86e-02	-1.02133e-01
  1.45e-01	  2.92e-02	-1.13415e-01
  1.45e-01	  2.97e-02	-1.26176e-01
  1.45e-01	  3.02e-02	-1.42242e-01
  1.45e-01	  3.07e-02	-1.64885e-01
  1.45e-01	  3.13e-02	-1.99734e-01
  1.45e-01	  3.18e-02	-2.56151e-01
  1.45e-01	  3.23e-02	-3.49636e-01
  1.45e-01	  3.28e-02	-5.06800e-01
  1.45e-01	  3.33e-02	-7.76679e-01
  1.45e-01	  3.39e-02	-1.25549e+00
  1.45e-01	  3.44e-02	-2.12986e+00
  1.45e-01	  3.49e-02	-3.70559e+00
  1.45e-01	  3.54e-02	-6.28019e+00
  1.45e-01	  3.59e-02	-9.76484e+00
  1.45e-01	  3.65e-02	-1.35256e+01
  1.45e-01	  3.70e-02	-1.68393e+01
  1.45e-01	  3.75e-02	-1.91132e+01
  1.45e-01	  3.80e-02	-1.39652e+01
  1.45e-01	  3.85e-02	2.48973e+01
  1.45e-01	  3.91e-02	1.20522e+02
  1.45e-01	  3.96e-02	3.15649e+02
  1.45e-01	  4.01e-02	1.15939e-30
  1.45e-01	  4.06e-02	1.80823e-63
  1.45e-01	  4.11e-02	2.81883e-96
  1.45e-01	  4.17e-02	4.40122e-129
  1.45e-01	  4.22e-02	6.88134e-162
  1.45e-01	  4.27e-02	1.07723e-194
  1.45e-01	  4.32e-02	0.00000e+00
  1.45e-01	  4.37e-02	0.00000e+00
  1.45e-01	  4.43e-02	0.00000e+00
  1.45e-01	  4.48e-02	0.00000e+00
  1.45e-01	  4.53e-02	0.00000e+00
  1.45e-01	  4.58e-02	0.00000e+00
  1.45e-01	  4.64e-02	0.00000e+00
  1.45e-01	  4.69e-02	0.00000e+00
  1.45e-01	  4.74e-02	0.00000e+00
  1.45e-01	  4.79e-02	0.00000e+00
  1.45e-01	  4.84e-02	0.00000e+00
  1.45e-01	  4.90e-02	0.00000e+00
  1.45e-01	  4.95e-02	6.54801e-203

  1.45e-01	  0.00e+00	0.00000e+00
  1.45e-01	  5.21e-04	-6.89484e-186
  1.45e-01	  1.04e-03	4.13690e-185
  1.45e-01	  1.56e-03	0.00000e+00
  1.45e-01	  2.08e-03	0.00000e+00
  1.45e-01	  2.60e-03	0.00000e+00
  1.45e-01	  3.12e-03	-6.55009e-185
  1.45e-01	  3.65e-03	6.55009e-185
  1.45e-01	  4.17e-03	0.00000e+00
  1.45e-01	  4.69e-03	0.00000e+00
  1.45e-01	  5.21e-03	0.00000e+00
  1.45e-01	  5.73e-03	0.00000e+00
  1.45e-01	  6.25e-03	-7.01751e-162
  1.45e-01	  6.77e-03	-4.48491e-129
  1.45e-01	  7.29e-03	-2.86997e-96
  1.45e-01	  7.81e-03	-1.83932e-63
  1.45e-01	  8.33e-03	-1.18090e-30
  1.45e-01	  8.85e-03	-3.19358e+02
  1.45e-01	  9.37e-03	-1.18554e+02
  1.45e-01	  9.90e-03	-2.19223e+01
  1.45e-01	  1.04e-02	1.46699e+01
  1.45e-01	  1.09e-02	1.90956e+01
  1.45e-01	  1.15e-02	1.66516e+01
  1.45e-01	  1.20e-02	1.32683e+01
  1.45e-01	  1.25e-02	9.50283e+00
  1.45e-01	  1.30e-02	6.06967e+00
  1.45e-01	  1.35e-02	3.57294e+00
  1.45e-01	  1.41e-02	2.06216e+00
  1.45e-01	  1.46e-02	1.22696e+00
  1.45e-01	  1.51e-02	7.68001e-01
  1.45e-01	  1.56e-02	5.07091e-01
  1.45e-01	  1.61e-02	3.53392e-01
  1.45e-01	  1.67e-02	2.60732e-01
  1.45e-01	  1.72e-02	2.03956e-01
  1.45e-01	  1.77e-02	1.68280e-01
  1.45e-01	  1.82e-02	1.44666e-01
  1.45e-01	  1.88e-02	1.27605e-01
  1.45e-01	  1.93e-02	1.13846e-01
  1.45e-01	  1.98e-02	1.01555e-01
  1.45e-01	  2.03e-02	8.97470e-02
  1.45e-01	  2.08e-02	7.79331e-02
  1.45e-01	  2.14e-02	6.58935e-02
  1.45e-01	  2.19e-02	5.35541e-02
  1.45e-01	  2.24e-02	4.09151e-02
  1.45e-01	  2.29e-02	2.80133e-02
  1.45e-01	  2.34e-02	1.49035e-02
  1.45e-01	  2.40e-02	1.64848e-03
  1.45e-01	  2.45e-02	-1.16855e-02
  1.45e-01	  2.50e-02	-2.50306e-02
  1.45e-01	  2.55e-02	-3.83194e-02
  1.45e-01	  2.60e-02	-5.14867e-02
  1.45e-01	  2.66e-02	-6.44742e-02
  1.45e-01	  2.71e-02	-7.72401e-02
  1.45e-01	  2.76e-02	-8.97783e-02
  1.45e-01	  2.81e-02	-1.02156e-01
  1.45e-01	  2.86e-02	-1.14584e-01
  1.45e-01	  2.92e-02	-1.27546e-01
  1.45e-01	  2.97e-02	-1.42022e-01
  1.45e-01	  3.02e-02	-1.59860e-01
  1.45e-01	  3.07e-02	-1.84361e-01
  1.45e-01	  3.13e-02	-2.21145e-01
  1.45e-01	  3.18e-02	-2.79481e-01
  1.45e-01	  3.23e-02	-3.74591e-01
  1.45e-01	  3.28e-02	-5.32439e-01
  1.45e-01	  3.33e-02	-8.00758e-01
  1.45e-01	  3.39e-02	-1.27338e+00
  1.45e-01	  3.44e-02	-2.13339e+00
  1.45e-01	  3.49e-02	-3.68466e+00
  1.45e-01	  3.54e-02	-6.23250e+00
  1.45e-01	  3.59e-02	-9.70796e+00
  1.45e-01	  3.65e-02	-1.34910e+01
  1.45e-01	  3.70e-02	-1.68566e+01
  1.45e-01	  3.75e-02	-1.91886e+01
  1.45e-01	  3.80e-02	-1.43627e+01
  1.45e-01	  3.85e-02	2.28602e+01
  1.45e-01	  3.91e-02	1.19236e+02
  1.45e-01	  3.96e-02	3.18644e+02
  1.45e-01	  4.01e-02	1.18789e-30
  1.45e-01	  4.06e-02	1.83384e-63
  1.45e-01	  4.11e-02	2.86115e-96
  1.45e-01	  4.17e-02	4.47066e-129
  1.45e-01	  4.22e-02	6.99440e-162
  1.45e-01	  4.27e-02	0.00000e+00
  1.45e-01	  4.32e-02	0.00000e+00
  1.45e-01	  4.37e-02	0.00000e+00
  1.45e-01	  4.43e-02	0.00000e+00
  1.45e-01	  4.48e-02	0.00000e+00
  1.45e-01	  4.53e-02	0.00000e+00
  1.45e-01	  4.58e-02	0.00000e+00
  1.45e-01	  4.64e-02	0.00000e+00
  1.45e-01	  4.69e-02	0.00000e+00
  1.45e-01	  4.74e-02	0.00000e+00
  1.45e-01	  4.79e-02	0.00000e+00
  1.45e-01	  4.84e-02	0.00000e+00
  1.45e-01	  4.90e-02	0.00000e+00
  1.45e-01	  4.95e-02	3.16780e-170

  1.46e-01	  0.00e+00	0.00000e+00
  1.46e-01	  5.21e-04	-4.47500e-153
  1.46e-01	  1.04e-03	1.79000e-152
  1.46e-01	  1.56e-03	0.00000e+00
  1.46e-01	  2.08e-03	0.00000e+00
  1.46e-01	  2.60e-03	0.00000e+00
  1.46e-01	  3.12e-03	-1.90188e-152
  1.46e-01	  3.65e-03	1.90188e-152
  1.46e-01	  4.17e-03	0.00000e+00
  1.46e-01	  4.69e-03	0.00000e+00
  1.46e-01	  5.21e-03	0.00000e+00
  1.46e-01	  5.73e-03	0.00000e+00
  1.46e-01	  6.25e-03	0.00000e+00
  1.46e-01	  6.77e-03	-4.55498e-129
  1.46e-01	  7.29e-03	-2.91277e-96
  1.46e-01	  7.81e-03	-1.86527e-63
  1.46e-01	  8.33e-03	-1.19655e-30
  1.46e-01	  8.85e-03	-3.22427e+02
  1.46e-01	  9.37e-03	-1.17262e+02
  1.46e-01	  9.90e-03	-1.98812e+01
  1.46e-01	  1.04e-02	1.51300e+01
  1.46e-01	  1.09e-02	1.92107e+01
  1.46e-01	  1.15e-02	1.66903e+01
  1.46e-01	  1.20e-02	1.32478e+01
  1.46e-01	  1.25e-02	9.45910e+00
  1.46e-01	  1.30e-02	6.03611e+00
  1.46e-01	  1.35e-02	3.56579e+00
  1.46e-01	  1.41e-02	2.07757e+00
  1.46e-01	  1.46e-02	1.25464e+00
  1.46e-01	  1.51e-02	8.00240e-01
  1.46e-01	  1.56e-02	5.39760e-01
  1.46e-01	  1.61e-02	3.84604e-01
  1.46e-01	  1.67e-02	2.89771e-01
  1.46e-01	  1.72e-02	2.30664e-01
  1.46e-01	  1.77e-02	1.92726e-01
  1.46e-01	  1.82e-02	1.66980e-01
  1.46e-01	  1.88e-02	1.47910e-01
  1.46e-01	  1.93e-02	1.32235e-01
  1.46e-01	  1.98e-02	1.18088e-01
  1.46e-01	  2.03e-02	1.04468e-01
  1.46e-01	  2.08e-02	9.08717e-02
  1.46e-01	  2.14e-02	7.70721e-02
  1.46e-01	  2.19e-02	6.29912e-02
  1.46e-01	  2.24e-02	4.86260e-02
  1.46e-01	  2.29e-02	3.40108e-02
  1.46e-01	  2.34e-02	1.91970e-02
  1.46e-01	  2.40e-02	4.24413e-03
  1.46e-01	  2.45e-02	-1.07851e-02
  1.46e-01	  2.50e-02	-2.58266e-02
  1.46e-01	  2.55e-02	-4.08160e-02
  1.46e-01	  2.60e-02	-5.56912e-02
  1.46e-01	  2.66e-02	-7.03961e-02
  1.46e-01	  2.71e-02	-8.48907e-02
  1.46e-01	  2.76e-02	-9.91705e-02
  1.46e-01	  2.81e-02	-1.13305e-01
  1.46e-01	  2.86e-02	-1.27511e-01
  1.46e-01	  2.92e-02	-1.42282e-01
  1.46e-01	  2.97e-02	-1.58619e-01
  1.46e-01	  3.02e-02	-1.78397e-01
  1.46e-01	  3.07e-02	-2.04943e-01
  1.46e-01	  3.13e-02	-2.43881e-01
  1.46e-01	  3.18e-02	-3.04399e-01
  1.46e-01	  3.23e-02	-4.01451e-01
  1.46e-01	  3.28e-02	-5.60378e-01
  1.46e-01	  3.33e-02	-8.27639e-01
  1.46e-01	  3.39e-02	-1.29469e+00
  1.46e-01	  3.44e-02	-2.14097e+00
  1.46e-01	  3.49e-02	-3.66787e+00
  1.46e-01	  3.54e-02	-6.18753e+00
  1.46e-01	  3.59e-02	-9.65108e+00
  1.46e-01	  3.65e-02	-1.34552e+01
  1.46e-01	  3.70e-02	-1.68776e+01
  1.46e-01	  3.75e-02	-1.92802e+01
  1.46e-01	  3.80e-02	-1.48031e+01
  1.46e-01	  3.85e-02	2.07771e+01
  1.46e-01	  3.91e-02	1.17868e+02
  1.46e-01	  3.96e-02	3.21638e+02
  1.46e-01	  4.01e-02	1.22186e-30
  1.46e-01	  4.06e-02	1.85967e-63
  1.46e-01	  4.11e-02	2.90380e-96
  1.46e-01	  4.17e-02	4.54054e-129
  1.46e-01	  4.22e-02	0.00000e+00
  1.46e-01	  4.27e-02	0.00000e+00
  1.46e-01	  4.32e-02	0.00000e+00
  1.46e-01	  4.37e-02	0.00000e+00
  1.46e-01	  4.43e-02	0.00000e+00
  1.46e-01	  4.48e-02	0.00000e+00
  1.46e-01	  4.53e-02	0.00000e+00
  1.46e-01	  4.58e-02	0.00000e+00
  1.46e-01	  4.64e-02	0.00000e+00
  1.46e-01	  4.69e-02	0.00000e+00
  1.46e-01	  4.74e-02	0.00000e+00
  1.46e-01	  4.79e-02	0.00000e+00
  1.46e-01	  4.84e-02	0.00000e+00
  1.46e-01	  4.90e-02	0.00000e+00
  1.46e-01	  4.95e-02	1.29650e-137

  1.47e-01	  0.00e+00	0.00000e+00
  1.47e-01	  5.21e-04	-1.08917e-120
  1.47e-01	  1.04e-03	3.63055e-120
  1.47e-01	  1.56e-03	0.00000e+00
  1.47e-01	  2.08e-03	0.00000e+00
  1.47e-01	  2.60e-03	0.00000e+00
  1.47e-01	  3.12e-03	-5.08278e-120
  1.47e-01	  3.65e-03	5.08278e-120
  1.47e-01	  4.17e-03	0.00000e+00
  1.47e-01	  4.69e-03	0.00000e+00
  1.47e-01	  5.21e-03	0.00000e+00
  1.47e-01	  5.73e-03	0.00000e+00
  1.47e-01	  6.25e-03	0.00000e+00
  1.47e-01	  6.77e-03	0.00000e+00
  1.47e-01	  7.29e-03	-2.95492e-96
  1.47e-01	  7.81e-03	-1.89082e-63
  1.47e-01	  8.33e-03	-1.21195e-30
  1.47e-01	  8.85e-03	-3.25441e+02
  1.47e-01	  9.37e-03	-1.15942e+02
  1.47e-01	  9.90e-03	-1.78286e+01
  1.47e-01	  1.04e-02	1.56519e+01
  1.47e-01	  1.09e-02	1.93734e+01
  1.47e-01	  1.15e-02	1.67582e+01
  1.47e-01	  1.20e-02	1.32443e+01
  1.47e-01	  1.25e-02	9.42698e+00
  1.47e-01	  1.30e-02	6.01191e+00
  1.47e-01	  1.35e-02	3.56610e+00
  1.47e-01	  1.41e-02	2.09858e+00
  1.47e-01	  1.46e-02	1.28655e+00
  1.47e-01	  1.51e-02	8.35887e-01
  1.47e-01	  1.56e-02	5.75305e-01
  1.47e-01	  1.61e-02	4.18294e-01
  1.47e-01	  1.67e-02	3.20949e-01
  1.47e-01	  1.72e-02	2.59204e-01
  1.47e-01	  1.77e-02	2.18723e-01
  1.47e-01	  1.82e-02	1.90594e-01
  1.47e-01	  1.88e-02	1.69292e-01
  1.47e-01	  1.93e-02	1.51504e-01
  1.47e-01	  1.98e-02	1.35337e-01
  1.47e-01	  2.03e-02	1.19764e-01
  1.47e-01	  2.08e-02	1.04268e-01
  1.47e-01	  2.14e-02	8.86151e-02
  1.47e-01	  2.19e-02	7.27189e-02
  1.47e-01	  2.24e-02	5.65711e-02
  1.47e-01	  2.29e-02	4.02003e-02
  1.47e-01	  2.34e-02	2.36515e-02
  1.47e-01	  2.40e-02	6.97759e-03
  1.47e-01	  2.45e-02	-9.76599e-03
  1.47e-01	  2.50e-02	-2.65222e-02
  1.47e-01	  2.55e-02	-4.32338e-02
  1.47e-01	  2.60e-02	-5.98449e-02
  1.47e-01	  2.66e-02	-7.63052e-02
  1.47e-01	  2.71e-02	-9.25793e-02
  1.47e-01	  2.76e-02	-1.08667e-01
  1.47e-01	  2.81e-02	-1.24643e-01
  1.47e-01	  2.86e-02	-1.40731e-01
  1.47e-01	  2.92e-02	-1.57438e-01
  1.47e-01	  2.97e-02	-1.75786e-01
  1.47e-01	  3.02e-02	-1.97684e-01
  1.47e-01	  3.07e-02	-2.26493e-01
  1.47e-01	  3.13e-02	-2.67848e-01
  1.47e-01	  3.18e-02	-3.30868e-01
  1.47e-01	  3.23e-02	-4.30253e-01
  1.47e-01	  3.28e-02	-5.90732e-01
  1.47e-01	  3.33e-02	-8.57494e-01
  1.47e-01	  3.39e-02	-1.31959e+00
  1.47e-01	  3.44e-02	-2.15270e+00
  1.47e-01	  3.49e-02	-3.65515e+00
  1.47e-01	  3.54e-02	-6.14483e+00
  1.47e-01	  3.59e-02	-9.59304e+00
  1.47e-01	  3.65e-02	-1.34166e+01
  1.47e-01	  3.70e-02	-1.69007e+01
  1.47e-01	  3.75e-02	-1.93885e+01
  1.47e-01	  3.80e-02	-1.52865e+01
  1.47e-01	  3.85e-02	1.86610e+01
  1.47e-01	  3.91e-02	1.16405e+02
  1.47e-01	  3.96e-02	3.24537e+02
  1.47e-01	  4.01e-02	1.26427e-30
  1.47e-01	  4.06e-02	1.88512e-63
  1.47e-01	  4.11e-02	2.94582e-96
  1.47e-01	  4.17e-02	0.00000e+00
  1.47e-01	  4.22e-02	0.00000e+00
  1.47e-01	  4.27e-02	0.00000e+00
  1.47e-01	  4.32e-02	0.00000e+00
  1.47e-01	  4.37e-02	0.00000e+00
  1.47e-01	  4.43e-02	0.00000e+00
  1.47e-01	  4.48e-02	0.00000e+00
  1.47e-01	  4.53e-02	0.00000e+00
  1.47e-01	  4.58e-02	0.00000e+00
  1.47e-01	  4.64e-02	0.00000e+00
  1.47e-01	  4.69e-02	0.00000e+00
  1.47e-01	  4.74e-02	0.00000e+00
  1.47e-01	  4.79e-02	0.00000e+00
  1.47e-01	  4.84e-02	0.00000e+00
  1.47e-01	  4.90e-02	0.00000e+00
  1.47e-01	  4.95e-02	4.31117e-105

  1.48e-01	  0.00e+00	0.00000e+00
  1.48e-01	  5.21e-04	0.00000e+00
  1.48e-01	  1.04e-03	8.24728e-88
  1.48e-01	  1.56e-03	0.00000e+00
  1.48e-01	  2.08e-03	0.00000e+00
  1.48e-01	  2.60e-03	0.00000e+00
  1.48e-01	  3.12e-03	-9.42546e-88
  1.48e-01	  3.65e-03	9.42546e-88
  1.48e-01	  4.17e-03	0.00000e+00
  1.48e-01	  4.69e-03	0.00000e+00
  1.48e-01	  5.21e-03	0.00000e+00
  1.48e-01	  5.73e-03	0.00000e+00
  1.48e-01	  6.25e-03	0.00000e+00
  1.48e-01	  6.77e-03	0.00000e+00
  1.48e-01	  7.29e-03	-1.88509e-87
  1.48e-01	  7.81e-03	-1.91497e-63
  1.48e-01	  8.33e-03	-1.22647e-30
  1.48e-01	  8.85e-03	-3.28281e+02
  1.48e-01	  9.37e-03	-1.14629e+02
  1.48e-01	  9.90e-03	-1.57763e+01
  1.48e-01	  1.04e-02	1.62752e+01
  1.48e-01	  1.09e-02	1.96164e+01
  1.48e-01	  1.15e-02	1.68717e+01
  1.48e-01	  1.20e-02	1.32629e+01
  1.48e-01	  1.25e-02	9.40556e+00
  1.48e-01	  1.30e-02	5.99375e+00
  1.48e-01	  1.35e-02	3.57041e+00
  1.48e-01	  1.41e-02	2.12270e+00
  1.48e-01	  1.46e-02	1.32136e+00
  1.48e-01	  1.51e-02	8.74390e-01
  1.48e-01	  1.56e-02	6.13576e-01
  1.48e-01	  1.61e-02	4.54443e-01
  1.48e-01	  1.67e-02	3.54231e-01
  1.48e-01	  1.72e-02	2.89467e-01
  1.48e-01	  1.77e-02	2.46085e-01
  1.48e-01	  1.82e-02	2.15257e-01
  1.48e-01	  1.88e-02	1.91455e-01
  1.48e-01	  1.93e-02	1.71336e-01
  1.48e-01	  1.98e-02	1.52971e-01
  1.48e-01	  2.03e-02	1.35309e-01
  1.48e-01	  2.08e-02	1.17813e-01
  1.48e-01	  2.14e-02	1.00235e-01
  1.48e-01	  2.19e-02	8.24801e-02
  1.48e-01	  2.24e-02	6.45298e-02
  1.48e-01	  2.29e-02	4.64029e-02
  1.48e-01	  2.34e-02	2.81342e-02
  1.48e-01	  2.40e-02	9.76486e-03
  1.48e-01	  2.45e-02	-8.66135e-03
  1.48e-01	  2.50e-02	-2.70997e-02
  1.48e-01	  2.55e-02	-4.55050e-02
  1.48e-01	  2.60e-02	-6.38324e-02
  1.48e-01	  2.66e-02	-8.20420e-02
  1.48e-01	  2.71e-02	-1.00107e-01
  1.48e-01	  2.76e-02	-1.18037e-01
  1.48e-01	  2.81e-02	-1.35912e-01
  1.48e-01	  2.86e-02	-1.53968e-01
  1.48e-01	  2.92e-02	-1.72728e-01
  1.48e-01	  2.97e-02	-1.93241e-01
  1.48e-01	  3.02e-02	-2.17455e-01
  1.48e-01	  3.07e-02	-2.48779e-01
  1.48e-01	  3.13e-02	-2.92877e-01
  1.48e-01	  3.18e-02	-3.58826e-01
  1.48e-01	  3.23e-02	-4.61095e-01
  1.48e-01	  3.28e-02	-6.23813e-01
  1.48e-01	  3.33e-02	-8.90884e-01
  1.48e-01	  3.39e-02	-1.34888e+00
  1.48e-01	  3.44e-02	-2.16943e+00
  1.48e-01	  3.49e-02	-3.64702e+00
  1.48e-01	  3.54e-02	-6.10385e+00
  1.48e-01	  3.59e-02	-9.53110e+00
  1.48e-01	  3.65e-02	-1.33693e+01
  1.48e-01	  3.70e-02	-1.69182e+01
  1.48e-01	  3.75e-02	-1.95061e+01
  1.48e-01	  3.80e-02	-1.58023e+01
  1.48e-01	  3.85e-02	1.65348e+01
  1.48e-01	  3.91e-02	1.14815e+02
  1.48e-01	  3.96e-02	3.27170e+02
  1.48e-01	  4.01e-02	1.32098e-30
  1.48e-01	  4.06e-02	1.90919e-63
  1.48e-01	  4.11e-02	0.00000e+00
  1.48e-01	  4.17e-02	0.00000e+00
  1.48e-01	  4.22e-02	0.00000e+00
  1.48e-01	  4.27e-02	0.00000e+00
  1.48e-01	  4.32e-02	0.00000e+00
  1.48e-01	  4.37e-02	0.00000e+00
  1.48e-01	  4.43e-02	0.00000e+00
  1.48e-01	  4.48e-02	0.00000e+00
  1.48e-01	  4.53e-02	0.00000e+00
  1.48e-01	  4.58e-02	0.00000e+00
  1.48e-01	  4.64e-02	0.00000e+00
  1.48e-01	  4.69e-02	0.00000e+00
  1.48e-01	  4.74e-02	0.00000e+00
  1.48e-01	  4.79e-02	0.00000e+00
  1.48e-01	  4.84e-02	0.00000e+00
  1.48e-01	  4.90e-02	0.00000e+00
  1.48e-01	  4.95e-02	1.09243e-72

  1.48e-01	  0.00e+00	0.00000e+00
  1.48e-01	  5.21e-04	0.00000e+00
  1.48e-01	  1.04e-03	1.33820e-55
  1.48e-01	  1.56e-03	0.00000e+00
  1.48e-01	  2.08e-03	0.00000e+00
  1.48e-01	  2.60e-03	0.00000e+00
  1.48e-01	  3.12e-03	-1.33820e-55
  1.48e-01	  3.65e-03	1.33820e-55
  1.48e-01	  4.17e-03	0.00000e+00
  1.48e-01	  4.69e-03	0.00000e+00
  1.48e-01	  5.21e-03	0.00000e+00
  1.48e-01	  5.73e-03	0.00000e+00
  1.48e-01	  6.25e-03	0.00000e+00
  1.48e-01	  6.77e-03	0.00000e+00
  1.48e-01	  7.29e-03	-2.10288e-55
  1.48e-01	  7.81e-03	2.10288e-55
  1.48e-01	  8.33e-03	-1.23897e-30
  1.48e-01	  8.85e-03	-3.30731e+02
  1.48e-01	  9.37e-03	-1.13405e+02
  1.48e-01	  9.90e-03	-1.37006e+01
  1.48e-01	  1.04e-02	1.71012e+01
  1.48e-01	  1.09e-02	1.99749e+01
  1.48e-01	  1.15e-02	1.70318e+01
  1.48e-01	  1.20e-02	1.32931e+01
  1.48e-01	  1.25e-02	9.37955e+00
  1.48e-01	  1.30e-02	5.96756e+00
  1.48e-01	  1.35e-02	3.56930e+00
  1.48e-01	  1.41e-02	2.14557e+00
  1.48e-01	  1.46e-02	1.35812e+00
  1.48e-01	  1.51e-02	9.16443e-01
  1.48e-01	  1.56e-02	6.55754e-01
  1.48e-01	  1.61e-02	4.94183e-01
  1.48e-01	  1.67e-02	3.90537e-01
  1.48e-01	  1.72e-02	3.22168e-01
  1.48e-01	  1.77e-02	2.75374e-01
  1.48e-01	  1.82e-02	2.41438e-01
  1.48e-01	  1.88e-02	2.14822e-01
  1.48e-01	  1.93e-02	1.92128e-01
  1.48e-01	  1.98e-02	1.71374e-01
  1.48e-01	  2.03e-02	1.51470e-01
  1.48e-01	  2.08e-02	1.31851e-01
  1.48e-01	  2.14e-02	1.12249e-01
  1.48e-01	  2.19e-02	9.25550e-02
  1.48e-01	  2.24e-02	7.27377e-02
  1.48e-01	  2.29e-02	5.28028e-02
  1.48e-01	  2.34e-02	3.27715e-02
  1.48e-01	  2.40e-02	1.26705e-02
  1.48e-01	  2.45e-02	-7.47182e-03
  1.48e-01	  2.50e-02	-2.76259e-02
  1.48e-01	  2.55e-02	-4.77618e-02
  1.48e-01	  2.60e-02	-6.78491e-02
  1.48e-01	  2.66e-02	-8.78612e-02
  1.48e-01	  2.71e-02	-1.07784e-01
  1.48e-01	  2.76e-02	-1.27635e-01
  1.48e-01	  2.81e-02	-1.47510e-01
  1.48e-01	  2.86e-02	-1.67653e-01
  1.48e-01	  2.92e-02	-1.88609e-01
  1.48e-01	  2.97e-02	-2.11458e-01
  1.48e-01	  3.02e-02	-2.38198e-01
  1.48e-01	  3.07e-02	-2.72309e-01
  1.48e-01	  3.13e-02	-3.19524e-01
  1.48e-01	  3.18e-02	-3.88932e-01
  1.48e-01	  3.23e-02	-4.94851e-01
  1.48e-01	  3.28e-02	-6.60883e-01
  1.48e-01	  3.33e-02	-9.29678e-01
  1.48e-01	  3.39e-02	-1.38523e+00
  1.48e-01	  3.44e-02	-2.19460e+00
  1.48e-01	  3.49e-02	-3.64697e+00
  1.48e-01	  3.54e-02	-6.06610e+00
  1.48e-01	  3.59e-02	-9.46135e+00
  1.48e-01	  3.65e-02	-1.33010e+01
  1.48e-01	  3.70e-02	-1.69081e+01
  1.48e-01	  3.75e-02	-1.96006e+01
  1.48e-01	  3.80e-02	-1.62952e+01
  1.48e-01	  3.85e-02	1.44815e+01
  1.48e-01	  3.91e-02	1.13026e+02
  1.48e-01	  3.96e-02	3.29171e+02
  1.48e-01	  4.01e-02	1.39957e-30
  1.48e-01	  4.06e-02	0.00000e+00
  1.48e-01	  4.11e-02	0.00000e+00
  1.48e-01	  4.17e-02	0.00000e+00
  1.48e-01	  4.22e-02	0.00000e+00
  1.48e-01	  4.27e-02	0.00000e+00
  1.48e-01	  4.32e-02	0.00000e+00
  1.48e-01	  4.37e-02	0.00000e+00
  1.48e-01	  4.43e-02	0.00000e+00
  1.48e-01	  4.48e-02	0.00000e+00
  1.48e-01	  4.53e-02	0.00000e+00
  1.48e-01	  4.58e-02	0.00000e+00
  1.48e-01	  4.64e-02	0.00000e+00
  1.48e-01	  4.69e-02	0.00000e+00
  1.48e-01	  4.74e-02	0.00000e+00
  1.48e-01	  4.79e-02	0.00000e+00
  1.48e-01	  4.84e-02	0.00000e+00
  1.48e-01	  4.90e-02	0.00000e+00
  1.48e-01	  4.95e-02	1.87598e-40

  1.49e-01	  0.00e+00	0.00000e+00
  1.49e-01	  5.21e-04	0.00000e+00
  1.49e-01	  1.04e-03	0.00000e+00
  1.49e-01	  1.56e-03	0.00000e+00
  1.49e-01	  2.08e-03	0.00000e+00
  1.49e-01	  2.60e-03	0.00000e+00
  1.49e-01	  3.12e-03	0.00000e+00
  1.49e-01	  3.65e-03	0.00000e+00
  1.49e-01	  4.17e-03	0.00000e+00
  1.49e-01	  4.69e-03	0.00000e+00
  1.49e-01	  5.21e-03	0.00000e+00
  1.49e-01	  5.73e-03	0.00000e+00
  1.49e-01	  6.25e-03	0.00000e+00
  1.49e-01	  6.77e-03	0.00000e+00
  1.49e-01	  7.29e-03	0.00000e+00
  1.49e-01	  7.81e-03	0.00000e+00
  1.49e-01	  8.33e-03	0.00000e+00
  1.49e-01	  8.85e-03	-3.32361e+02
  1.49e-01	  9.37e-03	-1.12484e+02
  1.49e-01	  9.90e-03	-1.32652e+01
  1.49e-01	  1.04e-02	1.61385e+01
  1.49e-01	  1.09e-02	1.89888e+01
  1.49e-01	  1.15e-02	1.62207e+01
  1.49e-01	  1.20e-02	1.26352e+01
  1.49e-01	  1.25e-02	8.86944e+00
  1.49e-01	  1.30e-02	5.57889e+00
  1.49e-01	  1.35e-02	3.26401e+00
  1.49e-01	  1.41e-02	1.88827e+00
  1.49e-01	  1.46e-02	1.12741e+00
  1.49e-01	  1.51e-02	7.03244e-01
  1.49e-01	  1.56e-02	4.57288e-01
  1.49e-01	  1.61e-02	3.09962e-01
  1.49e-01	  1.67e-02	2.20635e-01
  1.49e-01	  1.72e-02	1.66594e-01
  1.49e-01	  1.77e-02	1.33936e-01
  1.49e-01	  1.82e-02	1.13748e-01
  1.49e-01	  1.88e-02	1.00375e-01
  1.49e-01	  1.93e-02	9.03704e-02
  1.49e-01	  1.98e-02	8.17525e-02
  1.49e-01	  2.03e-02	7.34579e-02
  1.49e-01	  2.08e-02	6.49623e-02
  1.49e-01	  2.14e-02	5.60457e-02
  1.49e-01	  2.19e-02	4.66480e-02
  1.49e-01	  2.24e-02	3.67896e-02
  1.49e-01	  2.29e-02	2.65298e-02
  1.49e-01	  2.34e-02	1.59456e-02
  1.49e-01	  2.40e-02	5.12181e-03
  1.49e-01	  2.45e-02	-5.85300e-03
  1.49e-01	  2.50e-02	-1.68879e-02
  1.49e-01	  2.55e-02	-2.78906e-02
  1.49e-01	  2.60e-02	-3.87690e-02
  1.49e-01	  2.66e-02	-4.94350e-02
  1.49e-01	  2.71e-02	-5.98147e-02
  1.49e-01	  2.76e-02	-6.98691e-02
  1.49e-01	  2.81e-02	-7.96362e-02
  1.49e-01	  2.86e-02	-8.93103e-02
  1.49e-01	  2.92e-02	-9.93868e-02
  1.49e-01	  2.97e-02	-1.10906e-01
  1.49e-01	  3.02e-02	-1.25845e-01
  1.49e-01	  3.07e-02	-1.47676e-01
  1.49e-01	  3.13e-02	-1.82163e-01
  1.49e-01	  3.18e-02	-2.38445e-01
  1.49e-01	  3.23e-02	-3.30893e-01
  1.49e-01	  3.28e-02	-4.83091e-01
  1.49e-01	  3.33e-02	-7.37364e-01
  1.49e-01	  3.39e-02	-1.17656e+00
  1.49e-01	  3.44e-02	-1.96475e+00
  1.49e-01	  3.49e-02	-3.38576e+00
  1.49e-01	  3.54e-02	-5.75885e+00
  1.49e-01	  3.59e-02	-9.09518e+00
  1.49e-01	  3.65e-02	-1.28658e+01
  1.49e-01	  3.70e-02	-1.63922e+01
  1.49e-01	  3.75e-02	-1.89615e+01
  1.49e-01	  3.80e-02	-1.56730e+01
  1.49e-01	  3.85e-02	1.42228e+01
  1.49e-01	  3.91e-02	1.13165e+02
  1.49e-01	  3.96e-02	3.31496e+02
  1.49e-01	  4.01e-02	6.53251e-31
  1.49e-01	  4.06e-02	0.00000e+00
  1.49e-01	  4.11e-02	0.00000e+00
  1.49e-01	  4.17e-02	0.00000e+00
  1.49e-01	  4.22e-02	0.00000e+00
  1.49e-01	  4.27e-02	0.00000e+00
  1.49e-01	  4.32e-02	0.00000e+00
  1.49e-01	  4.37e-02	0.00000e+00
  1.49e-01	  4.43e-02	0.00000e+00
  1.49e-01	  4.48e-02	0.00000e+00
  1.49e-01	  4.53e-02	0.00000e+00
  1.49e-01	  4.58e-02	0.00000e+00
  1.49e-01	  4.64e-02	0.00000e+00
  1.49e-01	  4.69e-02	0.00000e+00
  1.49e-01	  4.74e-02	0.00000e+00
  1.49e-01	  4.79e-02	0.00000e+00
  1.49e-01	  4.84e-02	0.00000e+00
  1.49e-01	  4.90e-02	0.00000e+00
  1.49e-01	  4.95e-02	1.63839e-08

