  0.00e+00	  2.60e-04	0.00000e+00
  0.00e+00	  7.81e-04	0.00000e+00
  0.00e+00	  1.30e-03	0.00000e+00
  0.00e+00	  1.82e-03	0.00000e+00
  0.00e+00	  2.34e-03	0.00000e+00
  0.00e+00	  2.86e-03	0.00000e+00
  0.00e+00	  3.39e-03	0.00000e+00
  0.00e+00	  3.91e-03	0.00000e+00
  0.00e+00	  4.43e-03	0.00000e+00
  0.00e+00	  4.95e-03	0.00000e+00
  0.00e+00	  5.47e-03	0.00000e+00
  0.00e+00	  5.99e-03	0.00000e+00
  0.00e+00	  6.51e-03	0.00000e+00
  0.00e+00	  7.03e-03	0.00000e+00
  0.00e+00	  7.55e-03	0.00000e+00
  0.00e+00	  8.07e-03	0.00000e+00
  0.00e+00	  8.59e-03	0.00000e+00
  0.00e+00	  9.11e-03	0.00000e+00
  0.00e+00	  9.64e-03	0.00000e+00
  0.00e+00	  1.02e-02	0.00000e+00
  0.00e+00	  1.07e-02	0.00000e+00
  0.00e+00	  1.12e-02	0.00000e+00
  0.00e+00	  1.17e-02	0.00000e+00
  0.00e+00	  1.22e-02	0.00000e+00
  0.00e+00	  1.28e-02	0.00000e+00
  0.00e+00	  1.33e-02	0.00000e+00
  0.00e+00	  1.38e-02	0.00000e+00
  0.00e+00	  1.43e-02	0.00000e+00
  0.00e+00	  1.48e-02	0.00000e+00
  0.00e+00	  1.54e-02	0.00000e+00
  0.00e+00	  1.59e-02	0.00000e+00
  0.00e+00	  1.64e-02	0.00000e+00
  0.00e+00	  1.69e-02	0.00000e+00
  0.00e+00	  1.74e-02	0.00000e+00
  0.00e+00	  1.80e-02	0.00000e+00
  0.00e+00	  1.85e-02	0.00000e+00
  0.00e+00	  1.90e-02	0.00000e+00
  0.00e+00	  1.95e-02	0.00000e+00
  0.00e+00	  2.01e-02	0.00000e+00
  0.00e+00	  2.06e-02	0.00000e+00
  0.00e+00	  2.11e-02	0.00000e+00
  0.00e+00	  2.16e-02	0.00000e+00
  0.00e+00	  2.21e-02	0.00000e+00
  0.00e+00	  2.27e-02	0.00000e+00
  0.00e+00	  2.32e-02	0.00000e+00
  0.00e+00	  2.37e-02	0.00000e+00
  0.00e+00	  2.42e-02	0.00000e+00
  0.00e+00	  2.47e-02	0.00000e+00
  0.00e+00	  2.53e-02	0.00000e+00
  0.00e+00	  2.58e-02	0.00000e+00
  0.00e+00	  2.63e-02	0.00000e+00
  0.00e+00	  2.68e-02	0.00000e+00
  0.00e+00	  2.73e-02	0.00000e+00
  0.00e+00	  2.79e-02	0.00000e+00
  0.00e+00	  2.84e-02	0.00000e+00
  0.00e+00	  2.89e-02	0.00000e+00
  0.00e+00	  2.94e-02	0.00000e+00
  0.00e+00	  2.99e-02	0.00000e+00
  0.00e+00	  3.05e-02	0.00000e+00
  0.00e+00	  3.10e-02	0.00000e+00
  0.00e+00	  3.15e-02	0.00000e+00
  0.00e+00	  3.20e-02	0.00000e+00
  0.00e+00	  3.26e-02	0.00000e+00
  0.00e+00	  3.31e-02	0.00000e+00
  0.00e+00	  3.36e-02	0.00000e+00
  0.00e+00	  3.41e-02	0.00000e+00
  0.00e+00	  3.46e-02	0.00000e+00
  0.00e+00	  3.52e-02	0.00000e+00
  0.00e+00	  3.57e-02	0.00000e+00
  0.00e+00	  3.62e-02	0.00000e+00
  0.00e+00	  3.67e-02	0.00000e+00
  0.00e+00	  3.72e-02	0.00000e+00
  0.00e+00	  3.78e-02	0.00000e+00
  0.00e+00	  3.83e-02	0.00000e+00
  0.00e+00	  3.88e-02	0.00000e+00
  0.00e+00	  3.93e-02	0.00000e+00
  0.00e+00	  3.98e-02	0.00000e+00
  0.00e+00	  4.04e-02	0.00000e+00
  0.00e+00	  4.09e-02	0.00000e+00
  0.00e+00	  4.14e-02	0.00000e+00
  0.00e+00	  4.19e-02	0.00000e+00
  0.00e+00	  4.24e-02	0.00000e+00
  0.00e+00	  4.30e-02	0.00000e+00
  0.00e+00	  4.35e-02	0.00000e+00
  0.00e+00	  4.40e-02	0.00000e+00
  0.00e+00	  4.45e-02	0.00000e+00
  0.00e+00	  4.51e-02	0.00000e+00
  0.00e+00	  4.56e-02	0.00000e+00
  0.00e+00	  4.61e-02	0.00000e+00
  0.00e+00	  4.66e-02	0.00000e+00
  0.00e+00	  4.71e-02	0.00000e+00
  0.00e+00	  4.77e-02	0.00000e+00
  0.00e+00	  4.82e-02	0.00000e+00
  0.00e+00	  4.87e-02	0.00000e+00
  0.00e+00	  4.92e-02	0.00000e+00
  0.00e+00	  4.97e-02	0.00000e+00

  0.00e+00	  2.60e-04	0.00000e+00
  0.00e+00	  7.81e-04	0.00000e+00
  0.00e+00	  1.30e-03	0.00000e+00
  0.00e+00	  1.82e-03	0.00000e+00
  0.00e+00	  2.34e-03	0.00000e+00
  0.00e+00	  2.86e-03	0.00000e+00
  0.00e+00	  3.39e-03	0.00000e+00
  0.00e+00	  3.91e-03	0.00000e+00
  0.00e+00	  4.43e-03	0.00000e+00
  0.00e+00	  4.95e-03	0.00000e+00
  0.00e+00	  5.47e-03	0.00000e+00
  0.00e+00	  5.99e-03	0.00000e+00
  0.00e+00	  6.51e-03	0.00000e+00
  0.00e+00	  7.03e-03	0.00000e+00
  0.00e+00	  7.55e-03	0.00000e+00
  0.00e+00	  8.07e-03	0.00000e+00
  0.00e+00	  8.59e-03	0.00000e+00
  0.00e+00	  9.11e-03	0.00000e+00
  0.00e+00	  9.64e-03	5.00000e-01
  0.00e+00	  1.02e-02	5.00000e-01
  0.00e+00	  1.07e-02	5.00000e-01
  0.00e+00	  1.12e-02	5.00000e-01
  0.00e+00	  1.17e-02	5.00000e-01
  0.00e+00	  1.22e-02	5.00000e-01
  0.00e+00	  1.28e-02	5.00000e-01
  0.00e+00	  1.33e-02	5.00000e-01
  0.00e+00	  1.38e-02	5.00000e-01
  0.00e+00	  1.43e-02	5.00000e-01
  0.00e+00	  1.48e-02	5.00000e-01
  0.00e+00	  1.54e-02	5.00000e-01
  0.00e+00	  1.59e-02	5.00000e-01
  0.00e+00	  1.64e-02	5.00000e-01
  0.00e+00	  1.69e-02	5.00000e-01
  0.00e+00	  1.74e-02	5.00000e-01
  0.00e+00	  1.80e-02	5.00000e-01
  0.00e+00	  1.85e-02	5.00000e-01
  0.00e+00	  1.90e-02	5.00000e-01
  0.00e+00	  1.95e-02	5.00000e-01
  0.00e+00	  2.01e-02	5.00000e-01
  0.00e+00	  2.06e-02	5.00000e-01
  0.00e+00	  2.11e-02	5.00000e-01
  0.00e+00	  2.16e-02	5.00000e-01
  0.00e+00	  2.21e-02	5.00000e-01
  0.00e+00	  2.27e-02	5.00000e-01
  0.00e+00	  2.32e-02	5.00000e-01
  0.00e+00	  2.37e-02	5.00000e-01
  0.00e+00	  2.42e-02	5.00000e-01
  0.00e+00	  2.47e-02	5.00000e-01
  0.00e+00	  2.53e-02	5.00000e-01
  0.00e+00	  2.58e-02	5.00000e-01
  0.00e+00	  2.63e-02	5.00000e-01
  0.00e+00	  2.68e-02	5.00000e-01
  0.00e+00	  2.73e-02	5.00000e-01
  0.00e+00	  2.79e-02	5.00000e-01
  0.00e+00	  2.84e-02	5.00000e-01
  0.00e+00	  2.89e-02	5.00000e-01
  0.00e+00	  2.94e-02	5.00000e-01
  0.00e+00	  2.99e-02	5.00000e-01
  0.00e+00	  3.05e-02	5.00000e-01
  0.00e+00	  3.10e-02	5.00000e-01
  0.00e+00	  3.15e-02	5.00000e-01
  0.00e+00	  3.20e-02	5.00000e-01
  0.00e+00	  3.26e-02	5.00000e-01
  0.00e+00	  3.31e-02	5.00000e-01
  0.00e+00	  3.36e-02	5.00000e-01
  0.00e+00	  3.41e-02	5.00000e-01
  0.00e+00	  3.46e-02	5.00000e-01
  0.00e+00	  3.52e-02	5.00000e-01
  0.00e+00	  3.57e-02	5.00000e-01
  0.00e+00	  3.62e-02	5.00000e-01
  0.00e+00	  3.67e-02	5.00000e-01
  0.00e+00	  3.72e-02	5.00000e-01
  0.00e+00	  3.78e-02	5.00000e-01
  0.00e+00	  3.83e-02	5.00000e-01
  0.00e+00	  3.88e-02	5.00000e-01
  0.00e+00	  3.93e-02	5.00000e-01
  0.00e+00	  3.98e-02	5.00000e-01
  0.00e+00	  4.04e-02	0.00000e+00
  0.00e+00	  4.09e-02	0.00000e+00
  0.00e+00	  4.14e-02	0.00000e+00
  0.00e+00	  4.19e-02	0.00000e+00
  0.00e+00	  4.24e-02	0.00000e+00
  0.00e+00	  4.30e-02	0.00000e+00
  0.00e+00	  4.35e-02	0.00000e+00
  0.00e+00	  4.40e-02	0.00000e+00
  0.00e+00	  4.45e-02	0.00000e+00
  0.00e+00	  4.51e-02	0.00000e+00
  0.00e+00	  4.56e-02	0.00000e+00
  0.00e+00	  4.61e-02	0.00000e+00
  0.00e+00	  4.66e-02	0.00000e+00
  0.00e+00	  4.71e-02	0.00000e+00
  0.00e+00	  4.77e-02	0.00000e+00
  0.00e+00	  4.82e-02	0.00000e+00
  0.00e+00	  4.87e-02	0.00000e+00
  0.00e+00	  4.92e-02	0.00000e+00
  0.00e+00	  4.97e-02	0.00000e+00

  7.81e-04	  2.60e-04	0.00000e+00
  7.81e-04	  7.81e-04	0.00000e+00
  7.81e-04	  1.30e-03	0.00000e+00
  7.81e-04	  1.82e-03	0.00000e+00
  7.81e-04	  2.34e-03	0.00000e+00
  7.81e-04	  2.86e-03	0.00000e+00
  7.81e-04	  3.39e-03	0.00000e+00
  7.81e-04	  3.91e-03	0.00000e+00
  7.81e-04	  4.43e-03	0.00000e+00
  7.81e-04	  4.95e-03	6.86661e-296
  7.81e-04	  5.47e-03	4.57770e-263
  7.81e-04	  5.99e-03	3.05177e-230
  7.81e-04	  6.51e-03	2.03450e-197
  7.81e-04	  7.03e-03	1.35632e-164
  7.81e-04	  7.55e-03	9.04205e-132
  7.81e-04	  8.07e-03	6.02798e-99
  7.81e-04	  8.59e-03	4.01862e-66
  7.81e-04	  9.11e-03	2.67905e-33
  7.81e-04	  9.64e-03	4.94045e-01
  7.81e-04	  1.02e-02	5.01789e-01
  7.81e-04	  1.07e-02	5.01130e-01
  7.81e-04	  1.12e-02	5.00707e-01
  7.81e-04	  1.17e-02	5.00466e-01
  7.81e-04	  1.22e-02	5.00322e-01
  7.81e-04	  1.28e-02	5.00234e-01
  7.81e-04	  1.33e-02	5.00177e-01
  7.81e-04	  1.38e-02	5.00140e-01
  7.81e-04	  1.43e-02	5.00114e-01
  7.81e-04	  1.48e-02	5.00095e-01
  7.81e-04	  1.54e-02	5.00081e-01
  7.81e-04	  1.59e-02	5.00070e-01
  7.81e-04	  1.64e-02	5.00062e-01
  7.81e-04	  1.69e-02	5.00055e-01
  7.81e-04	  1.74e-02	5.00050e-01
  7.81e-04	  1.80e-02	5.00046e-01
  7.81e-04	  1.85e-02	5.00043e-01
  7.81e-04	  1.90e-02	5.00040e-01
  7.81e-04	  1.95e-02	5.00037e-01
  7.81e-04	  2.01e-02	5.00036e-01
  7.81e-04	  2.06e-02	5.00034e-01
  7.81e-04	  2.11e-02	5.00033e-01
  7.81e-04	  2.16e-02	5.00032e-01
  7.81e-04	  2.21e-02	5.00031e-01
  7.81e-04	  2.27e-02	5.00030e-01
  7.81e-04	  2.32e-02	5.00030e-01
  7.81e-04	  2.37e-02	5.00030e-01
  7.81e-04	  2.42e-02	5.00029e-01
  7.81e-04	  2.47e-02	5.00029e-01
  7.81e-04	  2.53e-02	5.00029e-01
  7.81e-04	  2.58e-02	5.00030e-01
  7.81e-04	  2.63e-02	5.00030e-01
  7.81e-04	  2.68e-02	5.00030e-01
  7.81e-04	  2.73e-02	5.00031e-01
  7.81e-04	  2.79e-02	5.00032e-01
  7.81e-04	  2.84e-02	5.00033e-01
  7.81e-04	  2.89e-02	5.00034e-01
  7.81e-04	  2.94e-02	5.00036e-01
  7.81e-04	  2.99e-02	5.00037e-01
  7.81e-04	  3.05e-02	5.00040e-01
  7.81e-04	  3.10e-02	5.00043e-01
  7.81e-04	  3.15e-02	5.00046e-01
  7.81e-04	  3.20e-02	5.00050e-01
  7.81e-04	  3.26e-02	5.00055e-01
  7.81e-04	  3.31e-02	5.00062e-01
  7.81e-04	  3.36e-02	5.00070e-01
  7.81e-04	  3.41e-02	5.00081e-01
  7.81e-04	  3.46e-02	5.00095e-01
  7.81e-04	  3.52e-02	5.00114e-01
  7.81e-04	  3.57e-02	5.00140e-01
  7.81e-04	  3.62e-02	5.00177e-01
  7.81e-04	  3.67e-02	5.00234e-01
  7.81e-04	  3.72e-02	5.00322e-01
  7.81e-04	  3.78e-02	5.00466e-01
  7.81e-04	  3.83e-02	5.00707e-01
  7.81e-04	  3.88e-02	5.01130e-01
  7.81e-04	  3.93e-02	5.01789e-01
  7.81e-04	  3.98e-02	4.94045e-01
  7.81e-04	  4.04e-02	2.67905e-33
  7.81e-04	  4.09e-02	4.01862e-66
  7.81e-04	  4.14e-02	6.02798e-99
  7.81e-04	  4.19e-02	9.04205e-132
  7.81e-04	  4.24e-02	1.35632e-164
  7.81e-04	  4.30e-02	2.03450e-197
  7.81e-04	  4.35e-02	3.05177e-230
  7.81e-04	  4.40e-02	4.57770e-263
  7.81e-04	  4.45e-02	6.86661e-296
  7.81e-04	  4.51e-02	0.00000e+00
  7.81e-04	  4.56e-02	0.00000e+00
  7.81e-04	  4.61e-02	0.00000e+00
  7.81e-04	  4.66e-02	0.00000e+00
  7.81e-04	  4.71e-02	0.00000e+00
  7.81e-04	  4.77e-02	0.00000e+00
  7.81e-04	  4.82e-02	0.00000e+00
  7.81e-04	  4.87e-02	0.00000e+00
  7.81e-04	  4.92e-02	0.00000e+00
  7.81e-04	  4.97e-02	0.00000e+00

  1.56e-03	  2.60e-04	0.00000e+00
  1.56e-03	  7.81e-04	0.00000e+00
  1.56e-03	  1.30e-03	0.00000e+00
  1.56e-03	  1.82e-03	0.00000e+00
  1.56e-03	  2.34e-03	0.00000e+00
  1.56e-03	  2.86e-03	0.00000e+00
  1.56e-03	  3.39e-03	0.00000e+00
  1.56e-03	  3.91e-03	0.00000e+00
  1.56e-03	  4.43e-03	0.00000e+00
  1.56e-03	  4.95e-03	6.28248e-296
  1.56e-03	  5.47e-03	4.18829e-263
  1.56e-03	  5.99e-03	2.79217e-230
  1.56e-03	  6.51e-03	1.86143e-197
  1.56e-03	  7.03e-03	1.24094e-164
  1.56e-03	  7.55e-03	8.27287e-132
  1.56e-03	  8.07e-03	5.51520e-99
  1.56e-03	  8.59e-03	3.67677e-66
  1.56e-03	  9.11e-03	2.45116e-33
  1.56e-03	  9.64e-03	4.86798e-01
  1.56e-03	  1.02e-02	5.02879e-01
  1.56e-03	  1.07e-02	5.02289e-01
  1.56e-03	  1.12e-02	5.01600e-01
  1.56e-03	  1.17e-02	5.01147e-01
  1.56e-03	  1.22e-02	5.00840e-01
  1.56e-03	  1.28e-02	5.00634e-01
  1.56e-03	  1.33e-02	5.00494e-01
  1.56e-03	  1.38e-02	5.00397e-01
  1.56e-03	  1.43e-02	5.00327e-01
  1.56e-03	  1.48e-02	5.00275e-01
  1.56e-03	  1.54e-02	5.00236e-01
  1.56e-03	  1.59e-02	5.00206e-01
  1.56e-03	  1.64e-02	5.00182e-01
  1.56e-03	  1.69e-02	5.00163e-01
  1.56e-03	  1.74e-02	5.00148e-01
  1.56e-03	  1.80e-02	5.00136e-01
  1.56e-03	  1.85e-02	5.00126e-01
  1.56e-03	  1.90e-02	5.00118e-01
  1.56e-03	  1.95e-02	5.00112e-01
  1.56e-03	  2.01e-02	5.00106e-01
  1.56e-03	  2.06e-02	5.00102e-01
  1.56e-03	  2.11e-02	5.00098e-01
  1.56e-03	  2.16e-02	5.00095e-01
  1.56e-03	  2.21e-02	5.00093e-01
  1.56e-03	  2.27e-02	5.00091e-01
  1.56e-03	  2.32e-02	5.00089e-01
  1.56e-03	  2.37e-02	5.00088e-01
  1.56e-03	  2.42e-02	5.00088e-01
  1.56e-03	  2.47e-02	5.00088e-01
  1.56e-03	  2.53e-02	5.00088e-01
  1.56e-03	  2.58e-02	5.00088e-01
  1.56e-03	  2.63e-02	5.00089e-01
  1.56e-03	  2.68e-02	5.00091e-01
  1.56e-03	  2.73e-02	5.00093e-01
  1.56e-03	  2.79e-02	5.00095e-01
  1.56e-03	  2.84e-02	5.00098e-01
  1.56e-03	  2.89e-02	5.00102e-01
  1.56e-03	  2.94e-02	5.00106e-01
  1.56e-03	  2.99e-02	5.00111e-01
  1.56e-03	  3.05e-02	5.00118e-01
  1.56e-03	  3.10e-02	5.00126e-01
  1.56e-03	  3.15e-02	5.00136e-01
  1.56e-03	  3.20e-02	5.00148e-01
  1.56e-03	  3.26e-02	5.00163e-01
  1.56e-03	  3.31e-02	5.00182e-01
  1.56e-03	  3.36e-02	5.00206e-01
  1.56e-03	  3.41e-02	5.00236e-01
  1.56e-03	  3.46e-02	5.00275e-01
  1.56e-03	  3.52e-02	5.00327e-01
  1.56e-03	  3.57e-02	5.00397e-01
  1.56e-03	  3.62e-02	5.00494e-01
  1.56e-03	  3.67e-02	5.00634e-01
  1.56e-03	  3.72e-02	5.00840e-01
  1.56e-03	  3.78e-02	5.01147e-01
  1.56e-03	  3.83e-02	5.01600e-01
  1.56e-03	  3.88e-02	5.02290e-01
  1.56e-03	  3.93e-02	5.02879e-01
  1.56e-03	  3.98e-02	4.86798e-01
  1.56e-03	  4.04e-02	2.45116e-33
  1.56e-03	  4.09e-02	3.67677e-66
  1.56e-03	  4.14e-02	5.51520e-99
  1.56e-03	  4.19e-02	8.27287e-132
  1.56e-03	  4.24e-02	1.24094e-164
  1.56e-03	  4.30e-02	1.86143e-197
  1.56e-03	  4.35e-02	2.79217e-230
  1.56e-03	  4.40e-02	4.18829e-263
  1.56e-03	  4.45e-02	6.28248e-296
  1.56e-03	  4.51e-02	0.00000e+00
  1.56e-03	  4.56e-02	0.00000e+00
  1.56e-03	  4.61e-02	0.00000e+00
  1.56e-03	  4.66e-02	0.00000e+00
  1.56e-03	  4.71e-02	0.00000e+00
  1.56e-03	  4.77e-02	0.00000e+00
  1.56e-03	  4.82e-02	0.00000e+00
  1.56e-03	  4.87e-02	0.00000e+00
  1.56e-03	  4.92e-02	0.00000e+00
  1.56e-03	  4.97e-02	0.00000e+00

  2.34e-03	  2.60e-04	0.00000e+00
  2.34e-03	  7.81e-04	0.00000e+00
  2.34e-03	  1.30e-03	0.00000e+00
  2.34e-03	  1.82e-03	0.00000e+00
  2.34e-03	  2.34e-03	0.00000e+00
  2.34e-03	  2.86e-03	0.00000e+00
  2.34e-03	  3.39e-03	0.00000e+00
  2.34e-03	  3.91e-03	0.00000e+00
  2.34e-03	  4.43e-03	0.00000e+00
  2.34e-03	  4.95e-03	6.14936e-296
  2.34e-03	  5.47e-03	4.09954e-263
  2.34e-03	  5.99e-03	2.73300e-230
  2.34e-03	  6.51e-03	1.82199e-197
  2.34e-03	  7.03e-03	1.21465e-164
  2.34e-03	  7.55e-03	8.09758e-132
  2.34e-03	  8.07e-03	5.39834e-99
  2.34e-03	  8.59e-03	3.59886e-66
  2.34e-03	  9.11e-03	2.39922e-33
  2.34e-03	  9.64e-03	4.79121e-01
  2.34e-03	  1.02e-02	5.03362e-01
  2.34e-03	  1.07e-02	5.03275e-01
  2.34e-03	  1.12e-02	5.02464e-01
  2.34e-03	  1.17e-02	5.01875e-01
  2.34e-03	  1.22e-02	5.01440e-01
  2.34e-03	  1.28e-02	5.01126e-01
  2.34e-03	  1.33e-02	5.00901e-01
  2.34e-03	  1.38e-02	5.00737e-01
  2.34e-03	  1.43e-02	5.00615e-01
  2.34e-03	  1.48e-02	5.00523e-01
  2.34e-03	  1.54e-02	5.00453e-01
  2.34e-03	  1.59e-02	5.00398e-01
  2.34e-03	  1.64e-02	5.00354e-01
  2.34e-03	  1.69e-02	5.00319e-01
  2.34e-03	  1.74e-02	5.00291e-01
  2.34e-03	  1.80e-02	5.00268e-01
  2.34e-03	  1.85e-02	5.00249e-01
  2.34e-03	  1.90e-02	5.00233e-01
  2.34e-03	  1.95e-02	5.00221e-01
  2.34e-03	  2.01e-02	5.00210e-01
  2.34e-03	  2.06e-02	5.00202e-01
  2.34e-03	  2.11e-02	5.00194e-01
  2.34e-03	  2.16e-02	5.00189e-01
  2.34e-03	  2.21e-02	5.00184e-01
  2.34e-03	  2.27e-02	5.00180e-01
  2.34e-03	  2.32e-02	5.00178e-01
  2.34e-03	  2.37e-02	5.00176e-01
  2.34e-03	  2.42e-02	5.00175e-01
  2.34e-03	  2.47e-02	5.00174e-01
  2.34e-03	  2.53e-02	5.00175e-01
  2.34e-03	  2.58e-02	5.00176e-01
  2.34e-03	  2.63e-02	5.00178e-01
  2.34e-03	  2.68e-02	5.00180e-01
  2.34e-03	  2.73e-02	5.00184e-01
  2.34e-03	  2.79e-02	5.00189e-01
  2.34e-03	  2.84e-02	5.00194e-01
  2.34e-03	  2.89e-02	5.00201e-01
  2.34e-03	  2.94e-02	5.00210e-01
  2.34e-03	  2.99e-02	5.00221e-01
  2.34e-03	  3.05e-02	5.00233e-01
  2.34e-03	  3.10e-02	5.00249e-01
  2.34e-03	  3.15e-02	5.00268e-01
  2.34e-03	  3.20e-02	5.00291e-01
  2.34e-03	  3.26e-02	5.00319e-01
  2.34e-03	  3.31e-02	5.00354e-01
  2.34e-03	  3.36e-02	5.00398e-01
  2.34e-03	  3.41e-02	5.00453e-01
  2.34e-03	  3.46e-02	5.00523e-01
  2.34e-03	  3.52e-02	5.00615e-01
  2.34e-03	  3.57e-02	5.00737e-01
  2.34e-03	  3.62e-02	5.00901e-01
  2.34e-03	  3.67e-02	5.01126e-01
  2.34e-03	  3.72e-02	5.01441e-01
  2.34e-03	  3.78e-02	5.01876e-01
  2.34e-03	  3.83e-02	5.02464e-01
  2.34e-03	  3.88e-02	5.03275e-01
  2.34e-03	  3.93e-02	5.03362e-01
  2.34e-03	  3.98e-02	4.79122e-01
  2.34e-03	  4.04e-02	2.39922e-33
  2.34e-03	  4.09e-02	3.59887e-66
  2.34e-03	  4.14e-02	5.39834e-99
  2.34e-03	  4.19e-02	8.09758e-132
  2.34e-03	  4.24e-02	1.21465e-164
  2.34e-03	  4.30e-02	1.82199e-197
  2.34e-03	  4.35e-02	2.73300e-230
  2.34e-03	  4.40e-02	4.09954e-263
  2.34e-03	  4.45e-02	6.14936e-296
  2.34e-03	  4.51e-02	0.00000e+00
  2.34e-03	  4.56e-02	0.00000e+00
  2.34e-03	  4.61e-02	0.00000e+00
  2.34e-03	  4.66e-02	0.00000e+00
  2.34e-03	  4.71e-02	0.00000e+00
  2.34e-03	  4.77e-02	0.00000e+00
  2.34e-03	  4.82e-02	0.00000e+00
  2.34e-03	  4.87e-02	0.00000e+00
  2.34e-03	  4.92e-02	0.00000e+00
  2.34e-03	  4.97e-02	0.00000e+00

  3.12e-03	  2.60e-04	0.00000e+00
  3.12e-03	  7.81e-04	0.00000e+00
  3.12e-03	  1.30e-03	0.00000e+00
  3.12e-03	  1.82e-03	0.00000e+00
  3.12e-03	  2.34e-03	0.00000e+00
  3.12e-03	  2.86e-03	0.00000e+00
  3.12e-03	  3.39e-03	0.00000e+00
  3.12e-03	  3.91e-03	0.00000e+00
  3.12e-03	  4.43e-03	0.00000e+00
  3.12e-03	  4.95e-03	6.01462e-296
  3.12e-03	  5.47e-03	4.00972e-263
  3.12e-03	  5.99e-03	2.67312e-230
  3.12e-03	  6.51e-03	1.78207e-197
  3.12e-03	  7.03e-03	1.18804e-164
  3.12e-03	  7.55e-03	7.92018e-132
  3.12e-03	  8.07e-03	5.28008e-99
  3.12e-03	  8.59e-03	3.52002e-66
  3.12e-03	  9.11e-03	2.34666e-33
  3.12e-03	  9.64e-03	4.71315e-01
  3.12e-03	  1.02e-02	5.03375e-01
  3.12e-03	  1.07e-02	5.04085e-01
  3.12e-03	  1.12e-02	5.03242e-01
  3.12e-03	  1.17e-02	5.02578e-01
  3.12e-03	  1.22e-02	5.02055e-01
  3.12e-03	  1.28e-02	5.01655e-01
  3.12e-03	  1.33e-02	5.01354e-01
  3.12e-03	  1.38e-02	5.01128e-01
  3.12e-03	  1.43e-02	5.00956e-01
  3.12e-03	  1.48e-02	5.00822e-01
  3.12e-03	  1.54e-02	5.00718e-01
  3.12e-03	  1.59e-02	5.00635e-01
  3.12e-03	  1.64e-02	5.00569e-01
  3.12e-03	  1.69e-02	5.00516e-01
  3.12e-03	  1.74e-02	5.00472e-01
  3.12e-03	  1.80e-02	5.00436e-01
  3.12e-03	  1.85e-02	5.00407e-01
  3.12e-03	  1.90e-02	5.00383e-01
  3.12e-03	  1.95e-02	5.00363e-01
  3.12e-03	  2.01e-02	5.00346e-01
  3.12e-03	  2.06e-02	5.00332e-01
  3.12e-03	  2.11e-02	5.00321e-01
  3.12e-03	  2.16e-02	5.00312e-01
  3.12e-03	  2.21e-02	5.00305e-01
  3.12e-03	  2.27e-02	5.00299e-01
  3.12e-03	  2.32e-02	5.00295e-01
  3.12e-03	  2.37e-02	5.00292e-01
  3.12e-03	  2.42e-02	5.00290e-01
  3.12e-03	  2.47e-02	5.00289e-01
  3.12e-03	  2.53e-02	5.00290e-01
  3.12e-03	  2.58e-02	5.00291e-01
  3.12e-03	  2.63e-02	5.00294e-01
  3.12e-03	  2.68e-02	5.00299e-01
  3.12e-03	  2.73e-02	5.00304e-01
  3.12e-03	  2.79e-02	5.00312e-01
  3.12e-03	  2.84e-02	5.00321e-01
  3.12e-03	  2.89e-02	5.00332e-01
  3.12e-03	  2.94e-02	5.00346e-01
  3.12e-03	  2.99e-02	5.00362e-01
  3.12e-03	  3.05e-02	5.00382e-01
  3.12e-03	  3.10e-02	5.00407e-01
  3.12e-03	  3.15e-02	5.00436e-01
  3.12e-03	  3.20e-02	5.00472e-01
  3.12e-03	  3.26e-02	5.00515e-01
  3.12e-03	  3.31e-02	5.00569e-01
  3.12e-03	  3.36e-02	5.00635e-01
  3.12e-03	  3.41e-02	5.00718e-01
  3.12e-03	  3.46e-02	5.00822e-01
  3.12e-03	  3.52e-02	5.00956e-01
  3.12e-03	  3.57e-02	5.01128e-01
  3.12e-03	  3.62e-02	5.01355e-01
  3.12e-03	  3.67e-02	5.01655e-01
  3.12e-03	  3.72e-02	5.02056e-01
  3.12e-03	  3.78e-02	5.02578e-01
  3.12e-03	  3.83e-02	5.03243e-01
  3.12e-03	  3.88e-02	5.04085e-01
  3.12e-03	  3.93e-02	5.03375e-01
  3.12e-03	  3.98e-02	4.71315e-01
  3.12e-03	  4.04e-02	2.34666e-33
  3.12e-03	  4.09e-02	3.52003e-66
  3.12e-03	  4.14e-02	5.28008e-99
  3.12e-03	  4.19e-02	7.92018e-132
  3.12e-03	  4.24e-02	1.18804e-164
  3.12e-03	  4.30e-02	1.78207e-197
  3.12e-03	  4.35e-02	2.67313e-230
  3.12e-03	  4.40e-02	4.00972e-263
  3.12e-03	  4.45e-02	6.01463e-296
  3.12e-03	  4.51e-02	0.00000e+00
  3.12e-03	  4.56e-02	0.00000e+00
  3.12e-03	  4.61e-02	0.00000e+00
  3.12e-03	  4.66e-02	0.00000e+00
  3.12e-03	  4.71e-02	0.00000e+00
  3.12e-03	  4.77e-02	0.00000e+00
  3.12e-03	  4.82e-02	0.00000e+00
  3.12e-03	  4.87e-02	0.00000e+00
  3.12e-03	  4.92e-02	0.00000e+00
  3.12e-03	  4.97e-02	0.00000e+00

  3.91e-03	  2.60e-04	0.00000e+00
  3.91e-03	  7.81e-04	0.00000e+00
  3.91e-03	  1.30e-03	0.00000e+00
  3.91e-03	  1.82e-03	0.00000e+00
  3.91e-03	  2.34e-03	0.00000e+00
  3.91e-03	  2.86e-03	0.00000e+00
  3.91e-03	  3.39e-03	0.00000e+00
  3.91e-03	  3.91e-03	0.00000e+00
  3.91e-03	  4.43e-03	0.00000e+00
  3.91e-03	  4.95e-03	5.88066e-296
  3.91e-03	  5.47e-03	3.92041e-263
  3.91e-03	  5.99e-03	2.61359e-230
  3.91e-03	  6.51e-03	1.74238e-197
  3.91e-03	  7.03e-03	1.16158e-164
  3.91e-03	  7.55e-03	7.74380e-132
  3.91e-03	  8.07e-03	5.16249e-99
  3.91e-03	  8.59e-03	3.44164e-66
  3.91e-03	  9.11e-03	2.29441e-33
  3.91e-03	  9.64e-03	4.63508e-01
  3.91e-03	  1.02e-02	5.03012e-01
  3.91e-03	  1.07e-02	5.04749e-01
  3.91e-03	  1.12e-02	5.03932e-01
  3.91e-03	  1.17e-02	5.03229e-01
  3.91e-03	  1.22e-02	5.02652e-01
  3.91e-03	  1.28e-02	5.02189e-01
  3.91e-03	  1.33e-02	5.01827e-01
  3.91e-03	  1.38e-02	5.01547e-01
  3.91e-03	  1.43e-02	5.01328e-01
  3.91e-03	  1.48e-02	5.01156e-01
  3.91e-03	  1.54e-02	5.01019e-01
  3.91e-03	  1.59e-02	5.00909e-01
  3.91e-03	  1.64e-02	5.00819e-01
  3.91e-03	  1.69e-02	5.00746e-01
  3.91e-03	  1.74e-02	5.00687e-01
  3.91e-03	  1.80e-02	5.00637e-01
  3.91e-03	  1.85e-02	5.00596e-01
  3.91e-03	  1.90e-02	5.00563e-01
  3.91e-03	  1.95e-02	5.00535e-01
  3.91e-03	  2.01e-02	5.00511e-01
  3.91e-03	  2.06e-02	5.00492e-01
  3.91e-03	  2.11e-02	5.00476e-01
  3.91e-03	  2.16e-02	5.00463e-01
  3.91e-03	  2.21e-02	5.00453e-01
  3.91e-03	  2.27e-02	5.00445e-01
  3.91e-03	  2.32e-02	5.00438e-01
  3.91e-03	  2.37e-02	5.00434e-01
  3.91e-03	  2.42e-02	5.00432e-01
  3.91e-03	  2.47e-02	5.00431e-01
  3.91e-03	  2.53e-02	5.00432e-01
  3.91e-03	  2.58e-02	5.00434e-01
  3.91e-03	  2.63e-02	5.00438e-01
  3.91e-03	  2.68e-02	5.00444e-01
  3.91e-03	  2.73e-02	5.00452e-01
  3.91e-03	  2.79e-02	5.00463e-01
  3.91e-03	  2.84e-02	5.00476e-01
  3.91e-03	  2.89e-02	5.00492e-01
  3.91e-03	  2.94e-02	5.00511e-01
  3.91e-03	  2.99e-02	5.00534e-01
  3.91e-03	  3.05e-02	5.00562e-01
  3.91e-03	  3.10e-02	5.00596e-01
  3.91e-03	  3.15e-02	5.00637e-01
  3.91e-03	  3.20e-02	5.00686e-01
  3.91e-03	  3.26e-02	5.00746e-01
  3.91e-03	  3.31e-02	5.00819e-01
  3.91e-03	  3.36e-02	5.00909e-01
  3.91e-03	  3.41e-02	5.01019e-01
  3.91e-03	  3.46e-02	5.01156e-01
  3.91e-03	  3.52e-02	5.01328e-01
  3.91e-03	  3.57e-02	5.01547e-01
  3.91e-03	  3.62e-02	5.01828e-01
  3.91e-03	  3.67e-02	5.02189e-01
  3.91e-03	  3.72e-02	5.02653e-01
  3.91e-03	  3.78e-02	5.03229e-01
  3.91e-03	  3.83e-02	5.03933e-01
  3.91e-03	  3.88e-02	5.04749e-01
  3.91e-03	  3.93e-02	5.03012e-01
  3.91e-03	  3.98e-02	4.63508e-01
  3.91e-03	  4.04e-02	2.29441e-33
  3.91e-03	  4.09e-02	3.44164e-66
  3.91e-03	  4.14e-02	5.16250e-99
  3.91e-03	  4.19e-02	7.74381e-132
  3.91e-03	  4.24e-02	1.16158e-164
  3.91e-03	  4.30e-02	1.74238e-197
  3.91e-03	  4.35e-02	2.61359e-230
  3.91e-03	  4.40e-02	3.92042e-263
  3.91e-03	  4.45e-02	5.88067e-296
  3.91e-03	  4.51e-02	0.00000e+00
  3.91e-03	  4.56e-02	0.00000e+00
  3.91e-03	  4.61e-02	0.00000e+00
  3.91e-03	  4.66e-02	0.00000e+00
  3.91e-03	  4.71e-02	0.00000e+00
  3.91e-03	  4.77e-02	0.00000e+00
  3.91e-03	  4.82e-02	0.00000e+00
  3.91e-03	  4.87e-02	0.00000e+00
  3.91e-03	  4.92e-02	0.00000e+00
  3.91e-03	  4.97e-02	0.00000e+00

  4.69e-03	  2.60e-04	0.00000e+00
  4.69e-03	  7.81e-04	0.00000e+00
  4.69e-03	  1.30e-03	0.00000e+00
  4.69e-03	  1.82e-03	0.00000e+00
  4.69e-03	  2.34e-03	0.00000e+00
  4.69e-03	  2.86e-03	0.00000e+00
  4.69e-03	  3.39e-03	0.00000e+00
  4.69e-03	  3.91e-03	0.00000e+00
  4.69e-03	  4.43e-03	0.00000e+00
  4.69e-03	  4.95e-03	5.74864e-296
  4.69e-03	  5.47e-03	3.83240e-263
  4.69e-03	  5.99e-03	2.55492e-230
  4.69e-03	  6.51e-03	1.70327e-197
  4.69e-03	  7.03e-03	1.13550e-164
  4.69e-03	  7.55e-03	7.56998e-132
  4.69e-03	  8.07e-03	5.04662e-99
  4.69e-03	  8.59e-03	3.36439e-66
  4.69e-03	  9.11e-03	2.24291e-33
  4.69e-03	  9.64e-03	4.55766e-01
  4.69e-03	  1.02e-02	5.02335e-01
  4.69e-03	  1.07e-02	5.05293e-01
  4.69e-03	  1.12e-02	5.04545e-01
  4.69e-03	  1.17e-02	5.03827e-01
  4.69e-03	  1.22e-02	5.03218e-01
  4.69e-03	  1.28e-02	5.02711e-01
  4.69e-03	  1.33e-02	5.02302e-01
  4.69e-03	  1.38e-02	5.01976e-01
  4.69e-03	  1.43e-02	5.01718e-01
  4.69e-03	  1.48e-02	5.01511e-01
  4.69e-03	  1.54e-02	5.01344e-01
  4.69e-03	  1.59e-02	5.01208e-01
  4.69e-03	  1.64e-02	5.01096e-01
  4.69e-03	  1.69e-02	5.01005e-01
  4.69e-03	  1.74e-02	5.00929e-01
  4.69e-03	  1.80e-02	5.00866e-01
  4.69e-03	  1.85e-02	5.00814e-01
  4.69e-03	  1.90e-02	5.00770e-01
  4.69e-03	  1.95e-02	5.00734e-01
  4.69e-03	  2.01e-02	5.00704e-01
  4.69e-03	  2.06e-02	5.00678e-01
  4.69e-03	  2.11e-02	5.00658e-01
  4.69e-03	  2.16e-02	5.00641e-01
  4.69e-03	  2.21e-02	5.00627e-01
  4.69e-03	  2.27e-02	5.00616e-01
  4.69e-03	  2.32e-02	5.00608e-01
  4.69e-03	  2.37e-02	5.00603e-01
  4.69e-03	  2.42e-02	5.00600e-01
  4.69e-03	  2.47e-02	5.00598e-01
  4.69e-03	  2.53e-02	5.00599e-01
  4.69e-03	  2.58e-02	5.00603e-01
  4.69e-03	  2.63e-02	5.00608e-01
  4.69e-03	  2.68e-02	5.00616e-01
  4.69e-03	  2.73e-02	5.00627e-01
  4.69e-03	  2.79e-02	5.00640e-01
  4.69e-03	  2.84e-02	5.00657e-01
  4.69e-03	  2.89e-02	5.00678e-01
  4.69e-03	  2.94e-02	5.00703e-01
  4.69e-03	  2.99e-02	5.00733e-01
  4.69e-03	  3.05e-02	5.00770e-01
  4.69e-03	  3.10e-02	5.00813e-01
  4.69e-03	  3.15e-02	5.00866e-01
  4.69e-03	  3.20e-02	5.00929e-01
  4.69e-03	  3.26e-02	5.01005e-01
  4.69e-03	  3.31e-02	5.01096e-01
  4.69e-03	  3.36e-02	5.01208e-01
  4.69e-03	  3.41e-02	5.01344e-01
  4.69e-03	  3.46e-02	5.01511e-01
  4.69e-03	  3.52e-02	5.01718e-01
  4.69e-03	  3.57e-02	5.01977e-01
  4.69e-03	  3.62e-02	5.02302e-01
  4.69e-03	  3.67e-02	5.02711e-01
  4.69e-03	  3.72e-02	5.03218e-01
  4.69e-03	  3.78e-02	5.03827e-01
  4.69e-03	  3.83e-02	5.04545e-01
  4.69e-03	  3.88e-02	5.05293e-01
  4.69e-03	  3.93e-02	5.02335e-01
  4.69e-03	  3.98e-02	4.55767e-01
  4.69e-03	  4.04e-02	2.24292e-33
  4.69e-03	  4.09e-02	3.36440e-66
  4.69e-03	  4.14e-02	5.04663e-99
  4.69e-03	  4.19e-02	7.56999e-132
  4.69e-03	  4.24e-02	1.13551e-164
  4.69e-03	  4.30e-02	1.70327e-197
  4.69e-03	  4.35e-02	2.55492e-230
  4.69e-03	  4.40e-02	3.83241e-263
  4.69e-03	  4.45e-02	5.74865e-296
  4.69e-03	  4.51e-02	0.00000e+00
  4.69e-03	  4.56e-02	0.00000e+00
  4.69e-03	  4.61e-02	0.00000e+00
  4.69e-03	  4.66e-02	0.00000e+00
  4.69e-03	  4.71e-02	0.00000e+00
  4.69e-03	  4.77e-02	0.00000e+00
  4.69e-03	  4.82e-02	0.00000e+00
  4.69e-03	  4.87e-02	0.00000e+00
  4.69e-03	  4.92e-02	0.00000e+00
  4.69e-03	  4.97e-02	0.00000e+00

  5.47e-03	  2.60e-04	0.00000e+00
  5.47e-03	  7.81e-04	0.00000e+00
  5.47e-03	  1.30e-03	0.00000e+00
  5.47e-03	  1.82e-03	0.00000e+00
  5.47e-03	  2.34e-03	0.00000e+00
  5.47e-03	  2.86e-03	0.00000e+00
  5.47e-03	  3.39e-03	0.00000e+00
  5.47e-03	  3.91e-03	0.00000e+00
  5.47e-03	  4.43e-03	0.00000e+00
  5.47e-03	  4.95e-03	5.61920e-296
  5.47e-03	  5.47e-03	3.74611e-263
  5.47e-03	  5.99e-03	2.49739e-230
  5.47e-03	  6.51e-03	1.66492e-197
  5.47e-03	  7.03e-03	1.10994e-164
  5.47e-03	  7.55e-03	7.39956e-132
  5.47e-03	  8.07e-03	4.93301e-99
  5.47e-03	  8.59e-03	3.28865e-66
  5.47e-03	  9.11e-03	2.19242e-33
  5.47e-03	  9.64e-03	4.48127e-01
  5.47e-03	  1.02e-02	5.01386e-01
  5.47e-03	  1.07e-02	5.05735e-01
  5.47e-03	  1.12e-02	5.05092e-01
  5.47e-03	  1.17e-02	5.04374e-01
  5.47e-03	  1.22e-02	5.03748e-01
  5.47e-03	  1.28e-02	5.03212e-01
  5.47e-03	  1.33e-02	5.02768e-01
  5.47e-03	  1.38e-02	5.02407e-01
  5.47e-03	  1.43e-02	5.02115e-01
  5.47e-03	  1.48e-02	5.01878e-01
  5.47e-03	  1.54e-02	5.01684e-01
  5.47e-03	  1.59e-02	5.01525e-01
  5.47e-03	  1.64e-02	5.01394e-01
  5.47e-03	  1.69e-02	5.01285e-01
  5.47e-03	  1.74e-02	5.01194e-01
  5.47e-03	  1.80e-02	5.01118e-01
  5.47e-03	  1.85e-02	5.01055e-01
  5.47e-03	  1.90e-02	5.01002e-01
  5.47e-03	  1.95e-02	5.00957e-01
  5.47e-03	  2.01e-02	5.00920e-01
  5.47e-03	  2.06e-02	5.00890e-01
  5.47e-03	  2.11e-02	5.00864e-01
  5.47e-03	  2.16e-02	5.00843e-01
  5.47e-03	  2.21e-02	5.00826e-01
  5.47e-03	  2.27e-02	5.00813e-01
  5.47e-03	  2.32e-02	5.00803e-01
  5.47e-03	  2.37e-02	5.00796e-01
  5.47e-03	  2.42e-02	5.00792e-01
  5.47e-03	  2.47e-02	5.00791e-01
  5.47e-03	  2.53e-02	5.00792e-01
  5.47e-03	  2.58e-02	5.00796e-01
  5.47e-03	  2.63e-02	5.00803e-01
  5.47e-03	  2.68e-02	5.00813e-01
  5.47e-03	  2.73e-02	5.00826e-01
  5.47e-03	  2.79e-02	5.00843e-01
  5.47e-03	  2.84e-02	5.00863e-01
  5.47e-03	  2.89e-02	5.00889e-01
  5.47e-03	  2.94e-02	5.00920e-01
  5.47e-03	  2.99e-02	5.00957e-01
  5.47e-03	  3.05e-02	5.01001e-01
  5.47e-03	  3.10e-02	5.01054e-01
  5.47e-03	  3.15e-02	5.01118e-01
  5.47e-03	  3.20e-02	5.01194e-01
  5.47e-03	  3.26e-02	5.01284e-01
  5.47e-03	  3.31e-02	5.01394e-01
  5.47e-03	  3.36e-02	5.01525e-01
  5.47e-03	  3.41e-02	5.01684e-01
  5.47e-03	  3.46e-02	5.01878e-01
  5.47e-03	  3.52e-02	5.02115e-01
  5.47e-03	  3.57e-02	5.02407e-01
  5.47e-03	  3.62e-02	5.02768e-01
  5.47e-03	  3.67e-02	5.03213e-01
  5.47e-03	  3.72e-02	5.03749e-01
  5.47e-03	  3.78e-02	5.04375e-01
  5.47e-03	  3.83e-02	5.05093e-01
  5.47e-03	  3.88e-02	5.05736e-01
  5.47e-03	  3.93e-02	5.01387e-01
  5.47e-03	  3.98e-02	4.48128e-01
  5.47e-03	  4.04e-02	2.19243e-33
  5.47e-03	  4.09e-02	3.28866e-66
  5.47e-03	  4.14e-02	4.93302e-99
  5.47e-03	  4.19e-02	7.39958e-132
  5.47e-03	  4.24e-02	1.10994e-164
  5.47e-03	  4.30e-02	1.66492e-197
  5.47e-03	  4.35e-02	2.49740e-230
  5.47e-03	  4.40e-02	3.74612e-263
  5.47e-03	  4.45e-02	5.61921e-296
  5.47e-03	  4.51e-02	0.00000e+00
  5.47e-03	  4.56e-02	0.00000e+00
  5.47e-03	  4.61e-02	0.00000e+00
  5.47e-03	  4.66e-02	0.00000e+00
  5.47e-03	  4.71e-02	0.00000e+00
  5.47e-03	  4.77e-02	0.00000e+00
  5.47e-03	  4.82e-02	0.00000e+00
  5.47e-03	  4.87e-02	0.00000e+00
  5.47e-03	  4.92e-02	0.00000e+00
  5.47e-03	  4.97e-02	0.00000e+00

  6.25e-03	  2.60e-04	0.00000e+00
  6.25e-03	  7.81e-04	0.00000e+00
  6.25e-03	  1.30e-03	0.00000e+00
  6.25e-03	  1.82e-03	0.00000e+00
  6.25e-03	  2.34e-03	0.00000e+00
  6.25e-03	  2.86e-03	0.00000e+00
  6.25e-03	  3.39e-03	0.00000e+00
  6.25e-03	  3.91e-03	0.00000e+00
  6.25e-03	  4.43e-03	0.00000e+00
  6.25e-03	  4.95e-03	5.49270e-296
  6.25e-03	  5.47e-03	3.66178e-263
  6.25e-03	  5.99e-03	2.44118e-230
  6.25e-03	  6.51e-03	1.62744e-197
  6.25e-03	  7.03e-03	1.08496e-164
  6.25e-03	  7.55e-03	7.23302e-132
  6.25e-03	  8.07e-03	4.82199e-99
  6.25e-03	  8.59e-03	3.21465e-66
  6.25e-03	  9.11e-03	2.14309e-33
  6.25e-03	  9.64e-03	4.40614e-01
  6.25e-03	  1.02e-02	5.00197e-01
  6.25e-03	  1.07e-02	5.06089e-01
  6.25e-03	  1.12e-02	5.05584e-01
  6.25e-03	  1.17e-02	5.04877e-01
  6.25e-03	  1.22e-02	5.04244e-01
  6.25e-03	  1.28e-02	5.03690e-01
  6.25e-03	  1.33e-02	5.03220e-01
  6.25e-03	  1.38e-02	5.02831e-01
  6.25e-03	  1.43e-02	5.02512e-01
  6.25e-03	  1.48e-02	5.02250e-01
  6.25e-03	  1.54e-02	5.02034e-01
  6.25e-03	  1.59e-02	5.01855e-01
  6.25e-03	  1.64e-02	5.01706e-01
  6.25e-03	  1.69e-02	5.01581e-01
  6.25e-03	  1.74e-02	5.01477e-01
  6.25e-03	  1.80e-02	5.01390e-01
  6.25e-03	  1.85e-02	5.01316e-01
  6.25e-03	  1.90e-02	5.01255e-01
  6.25e-03	  1.95e-02	5.01203e-01
  6.25e-03	  2.01e-02	5.01160e-01
  6.25e-03	  2.06e-02	5.01124e-01
  6.25e-03	  2.11e-02	5.01094e-01
  6.25e-03	  2.16e-02	5.01069e-01
  6.25e-03	  2.21e-02	5.01049e-01
  6.25e-03	  2.27e-02	5.01033e-01
  6.25e-03	  2.32e-02	5.01022e-01
  6.25e-03	  2.37e-02	5.01013e-01
  6.25e-03	  2.42e-02	5.01009e-01
  6.25e-03	  2.47e-02	5.01007e-01
  6.25e-03	  2.53e-02	5.01008e-01
  6.25e-03	  2.58e-02	5.01013e-01
  6.25e-03	  2.63e-02	5.01021e-01
  6.25e-03	  2.68e-02	5.01033e-01
  6.25e-03	  2.73e-02	5.01048e-01
  6.25e-03	  2.79e-02	5.01068e-01
  6.25e-03	  2.84e-02	5.01093e-01
  6.25e-03	  2.89e-02	5.01123e-01
  6.25e-03	  2.94e-02	5.01159e-01
  6.25e-03	  2.99e-02	5.01202e-01
  6.25e-03	  3.05e-02	5.01254e-01
  6.25e-03	  3.10e-02	5.01316e-01
  6.25e-03	  3.15e-02	5.01389e-01
  6.25e-03	  3.20e-02	5.01477e-01
  6.25e-03	  3.26e-02	5.01581e-01
  6.25e-03	  3.31e-02	5.01705e-01
  6.25e-03	  3.36e-02	5.01854e-01
  6.25e-03	  3.41e-02	5.02034e-01
  6.25e-03	  3.46e-02	5.02250e-01
  6.25e-03	  3.52e-02	5.02512e-01
  6.25e-03	  3.57e-02	5.02831e-01
  6.25e-03	  3.62e-02	5.03221e-01
  6.25e-03	  3.67e-02	5.03691e-01
  6.25e-03	  3.72e-02	5.04245e-01
  6.25e-03	  3.78e-02	5.04878e-01
  6.25e-03	  3.83e-02	5.05585e-01
  6.25e-03	  3.88e-02	5.06090e-01
  6.25e-03	  3.93e-02	5.00198e-01
  6.25e-03	  3.98e-02	4.40615e-01
  6.25e-03	  4.04e-02	2.14310e-33
  6.25e-03	  4.09e-02	3.21466e-66
  6.25e-03	  4.14e-02	4.82201e-99
  6.25e-03	  4.19e-02	7.23305e-132
  6.25e-03	  4.24e-02	1.08496e-164
  6.25e-03	  4.30e-02	1.62745e-197
  6.25e-03	  4.35e-02	2.44119e-230
  6.25e-03	  4.40e-02	3.66179e-263
  6.25e-03	  4.45e-02	5.49272e-296
  6.25e-03	  4.51e-02	0.00000e+00
  6.25e-03	  4.56e-02	0.00000e+00
  6.25e-03	  4.61e-02	0.00000e+00
  6.25e-03	  4.66e-02	0.00000e+00
  6.25e-03	  4.71e-02	0.00000e+00
  6.25e-03	  4.77e-02	0.00000e+00
  6.25e-03	  4.82e-02	0.00000e+00
  6.25e-03	  4.87e-02	0.00000e+00
  6.25e-03	  4.92e-02	0.00000e+00
  6.25e-03	  4.97e-02	0.00000e+00

  7.03e-03	  2.60e-04	0.00000e+00
  7.03e-03	  7.81e-04	0.00000e+00
  7.03e-03	  1.30e-03	0.00000e+00
  7.03e-03	  1.82e-03	0.00000e+00
  7.03e-03	  2.34e-03	0.00000e+00
  7.03e-03	  2.86e-03	0.00000e+00
  7.03e-03	  3.39e-03	0.00000e+00
  7.03e-03	  3.91e-03	0.00000e+00
  7.03e-03	  4.43e-03	0.00000e+00
  7.03e-03	  4.95e-03	5.36936e-296
  7.03e-03	  5.47e-03	3.57956e-263
  7.03e-03	  5.99e-03	2.38637e-230
  7.03e-03	  6.51e-03	1.59091e-197
  7.03e-03	  7.03e-03	1.06060e-164
  7.03e-03	  7.55e-03	7.07067e-132
  7.03e-03	  8.07e-03	4.71376e-99
  7.03e-03	  8.59e-03	3.14250e-66
  7.03e-03	  9.11e-03	2.09499e-33
  7.03e-03	  9.64e-03	4.33242e-01
  7.03e-03	  1.02e-02	4.98793e-01
  7.03e-03	  1.07e-02	5.06361e-01
  7.03e-03	  1.12e-02	5.06029e-01
  7.03e-03	  1.17e-02	5.05341e-01
  7.03e-03	  1.22e-02	5.04708e-01
  7.03e-03	  1.28e-02	5.04144e-01
  7.03e-03	  1.33e-02	5.03656e-01
  7.03e-03	  1.38e-02	5.03245e-01
  7.03e-03	  1.43e-02	5.02904e-01
  7.03e-03	  1.48e-02	5.02622e-01
  7.03e-03	  1.54e-02	5.02387e-01
  7.03e-03	  1.59e-02	5.02192e-01
  7.03e-03	  1.64e-02	5.02028e-01
  7.03e-03	  1.69e-02	5.01891e-01
  7.03e-03	  1.74e-02	5.01775e-01
  7.03e-03	  1.80e-02	5.01678e-01
  7.03e-03	  1.85e-02	5.01596e-01
  7.03e-03	  1.90e-02	5.01526e-01
  7.03e-03	  1.95e-02	5.01468e-01
  7.03e-03	  2.01e-02	5.01419e-01
  7.03e-03	  2.06e-02	5.01378e-01
  7.03e-03	  2.11e-02	5.01344e-01
  7.03e-03	  2.16e-02	5.01316e-01
  7.03e-03	  2.21e-02	5.01294e-01
  7.03e-03	  2.27e-02	5.01276e-01
  7.03e-03	  2.32e-02	5.01263e-01
  7.03e-03	  2.37e-02	5.01253e-01
  7.03e-03	  2.42e-02	5.01248e-01
  7.03e-03	  2.47e-02	5.01246e-01
  7.03e-03	  2.53e-02	5.01247e-01
  7.03e-03	  2.58e-02	5.01253e-01
  7.03e-03	  2.63e-02	5.01262e-01
  7.03e-03	  2.68e-02	5.01275e-01
  7.03e-03	  2.73e-02	5.01293e-01
  7.03e-03	  2.79e-02	5.01315e-01
  7.03e-03	  2.84e-02	5.01343e-01
  7.03e-03	  2.89e-02	5.01377e-01
  7.03e-03	  2.94e-02	5.01418e-01
  7.03e-03	  2.99e-02	5.01467e-01
  7.03e-03	  3.05e-02	5.01525e-01
  7.03e-03	  3.10e-02	5.01594e-01
  7.03e-03	  3.15e-02	5.01677e-01
  7.03e-03	  3.20e-02	5.01774e-01
  7.03e-03	  3.26e-02	5.01890e-01
  7.03e-03	  3.31e-02	5.02027e-01
  7.03e-03	  3.36e-02	5.02191e-01
  7.03e-03	  3.41e-02	5.02387e-01
  7.03e-03	  3.46e-02	5.02622e-01
  7.03e-03	  3.52e-02	5.02905e-01
  7.03e-03	  3.57e-02	5.03246e-01
  7.03e-03	  3.62e-02	5.03657e-01
  7.03e-03	  3.67e-02	5.04145e-01
  7.03e-03	  3.72e-02	5.04709e-01
  7.03e-03	  3.78e-02	5.05343e-01
  7.03e-03	  3.83e-02	5.06030e-01
  7.03e-03	  3.88e-02	5.06362e-01
  7.03e-03	  3.93e-02	4.98795e-01
  7.03e-03	  3.98e-02	4.33244e-01
  7.03e-03	  4.04e-02	2.09500e-33
  7.03e-03	  4.09e-02	3.14251e-66
  7.03e-03	  4.14e-02	4.71378e-99
  7.03e-03	  4.19e-02	7.07070e-132
  7.03e-03	  4.24e-02	1.06061e-164
  7.03e-03	  4.30e-02	1.59092e-197
  7.03e-03	  4.35e-02	2.38638e-230
  7.03e-03	  4.40e-02	3.57958e-263
  7.03e-03	  4.45e-02	5.36939e-296
  7.03e-03	  4.51e-02	0.00000e+00
  7.03e-03	  4.56e-02	0.00000e+00
  7.03e-03	  4.61e-02	0.00000e+00
  7.03e-03	  4.66e-02	0.00000e+00
  7.03e-03	  4.71e-02	0.00000e+00
  7.03e-03	  4.77e-02	0.00000e+00
  7.03e-03	  4.82e-02	0.00000e+00
  7.03e-03	  4.87e-02	0.00000e+00
  7.03e-03	  4.92e-02	0.00000e+00
  7.03e-03	  4.97e-02	0.00000e+00

  7.81e-03	  2.60e-04	0.00000e+00
  7.81e-03	  7.81e-04	0.00000e+00
  7.81e-03	  1.30e-03	0.00000e+00
  7.81e-03	  1.82e-03	0.00000e+00
  7.81e-03	  2.34e-03	0.00000e+00
  7.81e-03	  2.86e-03	0.00000e+00
  7.81e-03	  3.39e-03	0.00000e+00
  7.81e-03	  3.91e-03	0.00000e+00
  7.81e-03	  4.43e-03	0.00000e+00
  7.81e-03	  4.95e-03	5.24932e-296
  7.81e-03	  5.47e-03	3.49954e-263
  7.81e-03	  5.99e-03	2.33303e-230
  7.81e-03	  6.51e-03	1.55535e-197
  7.81e-03	  7.03e-03	1.03690e-164
  7.81e-03	  7.55e-03	6.91265e-132
  7.81e-03	  8.07e-03	4.60843e-99
  7.81e-03	  8.59e-03	3.07228e-66
  7.81e-03	  9.11e-03	2.04819e-33
  7.81e-03	  9.64e-03	4.26022e-01
  7.81e-03	  1.02e-02	4.97194e-01
  7.81e-03	  1.07e-02	5.06557e-01
  7.81e-03	  1.12e-02	5.06431e-01
  7.81e-03	  1.17e-02	5.05771e-01
  7.81e-03	  1.22e-02	5.05143e-01
  7.81e-03	  1.28e-02	5.04574e-01
  7.81e-03	  1.33e-02	5.04074e-01
  7.81e-03	  1.38e-02	5.03648e-01
  7.81e-03	  1.43e-02	5.03290e-01
  7.81e-03	  1.48e-02	5.02991e-01
  7.81e-03	  1.54e-02	5.02741e-01
  7.81e-03	  1.59e-02	5.02532e-01
  7.81e-03	  1.64e-02	5.02357e-01
  7.81e-03	  1.69e-02	5.02209e-01
  7.81e-03	  1.74e-02	5.02084e-01
  7.81e-03	  1.80e-02	5.01979e-01
  7.81e-03	  1.85e-02	5.01890e-01
  7.81e-03	  1.90e-02	5.01814e-01
  7.81e-03	  1.95e-02	5.01751e-01
  7.81e-03	  2.01e-02	5.01697e-01
  7.81e-03	  2.06e-02	5.01652e-01
  7.81e-03	  2.11e-02	5.01615e-01
  7.81e-03	  2.16e-02	5.01584e-01
  7.81e-03	  2.21e-02	5.01560e-01
  7.81e-03	  2.27e-02	5.01540e-01
  7.81e-03	  2.32e-02	5.01525e-01
  7.81e-03	  2.37e-02	5.01515e-01
  7.81e-03	  2.42e-02	5.01508e-01
  7.81e-03	  2.47e-02	5.01506e-01
  7.81e-03	  2.53e-02	5.01508e-01
  7.81e-03	  2.58e-02	5.01514e-01
  7.81e-03	  2.63e-02	5.01524e-01
  7.81e-03	  2.68e-02	5.01539e-01
  7.81e-03	  2.73e-02	5.01558e-01
  7.81e-03	  2.79e-02	5.01583e-01
  7.81e-03	  2.84e-02	5.01614e-01
  7.81e-03	  2.89e-02	5.01651e-01
  7.81e-03	  2.94e-02	5.01696e-01
  7.81e-03	  2.99e-02	5.01749e-01
  7.81e-03	  3.05e-02	5.01813e-01
  7.81e-03	  3.10e-02	5.01888e-01
  7.81e-03	  3.15e-02	5.01977e-01
  7.81e-03	  3.20e-02	5.02083e-01
  7.81e-03	  3.26e-02	5.02208e-01
  7.81e-03	  3.31e-02	5.02356e-01
  7.81e-03	  3.36e-02	5.02532e-01
  7.81e-03	  3.41e-02	5.02741e-01
  7.81e-03	  3.46e-02	5.02991e-01
  7.81e-03	  3.52e-02	5.03290e-01
  7.81e-03	  3.57e-02	5.03648e-01
  7.81e-03	  3.62e-02	5.04075e-01
  7.81e-03	  3.67e-02	5.04575e-01
  7.81e-03	  3.72e-02	5.05144e-01
  7.81e-03	  3.78e-02	5.05772e-01
  7.81e-03	  3.83e-02	5.06433e-01
  7.81e-03	  3.88e-02	5.06559e-01
  7.81e-03	  3.93e-02	4.97196e-01
  7.81e-03	  3.98e-02	4.26024e-01
  7.81e-03	  4.04e-02	2.04820e-33
  7.81e-03	  4.09e-02	3.07230e-66
  7.81e-03	  4.14e-02	4.60846e-99
  7.81e-03	  4.19e-02	6.91269e-132
  7.81e-03	  4.24e-02	1.03691e-164
  7.81e-03	  4.30e-02	1.55536e-197
  7.81e-03	  4.35e-02	2.33304e-230
  7.81e-03	  4.40e-02	3.49957e-263
  7.81e-03	  4.45e-02	5.24935e-296
  7.81e-03	  4.51e-02	0.00000e+00
  7.81e-03	  4.56e-02	0.00000e+00
  7.81e-03	  4.61e-02	0.00000e+00
  7.81e-03	  4.66e-02	0.00000e+00
  7.81e-03	  4.71e-02	0.00000e+00
  7.81e-03	  4.77e-02	0.00000e+00
  7.81e-03	  4.82e-02	0.00000e+00
  7.81e-03	  4.87e-02	0.00000e+00
  7.81e-03	  4.92e-02	0.00000e+00
  7.81e-03	  4.97e-02	0.00000e+00

  8.59e-03	  2.60e-04	0.00000e+00
  8.59e-03	  7.81e-04	0.00000e+00
  8.59e-03	  1.30e-03	0.00000e+00
  8.59e-03	  1.82e-03	0.00000e+00
  8.59e-03	  2.34e-03	0.00000e+00
  8.59e-03	  2.86e-03	0.00000e+00
  8.59e-03	  3.39e-03	0.00000e+00
  8.59e-03	  3.91e-03	0.00000e+00
  8.59e-03	  4.43e-03	0.00000e+00
  8.59e-03	  4.95e-03	5.13264e-296
  8.59e-03	  5.47e-03	3.42177e-263
  8.59e-03	  5.99e-03	2.28118e-230
  8.59e-03	  6.51e-03	1.52079e-197
  8.59e-03	  7.03e-03	1.01386e-164
  8.59e-03	  7.55e-03	6.75909e-132
  8.59e-03	  8.07e-03	4.50606e-99
  8.59e-03	  8.59e-03	3.00404e-66
  8.59e-03	  9.11e-03	2.00270e-33
  8.59e-03	  9.64e-03	4.18960e-01
  8.59e-03	  1.02e-02	4.95416e-01
  8.59e-03	  1.07e-02	5.06680e-01
  8.59e-03	  1.12e-02	5.06796e-01
  8.59e-03	  1.17e-02	5.06168e-01
  8.59e-03	  1.22e-02	5.05549e-01
  8.59e-03	  1.28e-02	5.04981e-01
  8.59e-03	  1.33e-02	5.04474e-01
  8.59e-03	  1.38e-02	5.04036e-01
  8.59e-03	  1.43e-02	5.03666e-01
  8.59e-03	  1.48e-02	5.03354e-01
  8.59e-03	  1.54e-02	5.03094e-01
  8.59e-03	  1.59e-02	5.02874e-01
  8.59e-03	  1.64e-02	5.02690e-01
  8.59e-03	  1.69e-02	5.02534e-01
  8.59e-03	  1.74e-02	5.02403e-01
  8.59e-03	  1.80e-02	5.02291e-01
  8.59e-03	  1.85e-02	5.02197e-01
  8.59e-03	  1.90e-02	5.02117e-01
  8.59e-03	  1.95e-02	5.02050e-01
  8.59e-03	  2.01e-02	5.01993e-01
  8.59e-03	  2.06e-02	5.01945e-01
  8.59e-03	  2.11e-02	5.01905e-01
  8.59e-03	  2.16e-02	5.01872e-01
  8.59e-03	  2.21e-02	5.01845e-01
  8.59e-03	  2.27e-02	5.01824e-01
  8.59e-03	  2.32e-02	5.01808e-01
  8.59e-03	  2.37e-02	5.01797e-01
  8.59e-03	  2.42e-02	5.01790e-01
  8.59e-03	  2.47e-02	5.01788e-01
  8.59e-03	  2.53e-02	5.01790e-01
  8.59e-03	  2.58e-02	5.01796e-01
  8.59e-03	  2.63e-02	5.01807e-01
  8.59e-03	  2.68e-02	5.01823e-01
  8.59e-03	  2.73e-02	5.01844e-01
  8.59e-03	  2.79e-02	5.01870e-01
  8.59e-03	  2.84e-02	5.01903e-01
  8.59e-03	  2.89e-02	5.01943e-01
  8.59e-03	  2.94e-02	5.01990e-01
  8.59e-03	  2.99e-02	5.02047e-01
  8.59e-03	  3.05e-02	5.02115e-01
  8.59e-03	  3.10e-02	5.02195e-01
  8.59e-03	  3.15e-02	5.02289e-01
  8.59e-03	  3.20e-02	5.02401e-01
  8.59e-03	  3.26e-02	5.02533e-01
  8.59e-03	  3.31e-02	5.02689e-01
  8.59e-03	  3.36e-02	5.02874e-01
  8.59e-03	  3.41e-02	5.03094e-01
  8.59e-03	  3.46e-02	5.03355e-01
  8.59e-03	  3.52e-02	5.03666e-01
  8.59e-03	  3.57e-02	5.04037e-01
  8.59e-03	  3.62e-02	5.04475e-01
  8.59e-03	  3.67e-02	5.04982e-01
  8.59e-03	  3.72e-02	5.05551e-01
  8.59e-03	  3.78e-02	5.06170e-01
  8.59e-03	  3.83e-02	5.06798e-01
  8.59e-03	  3.88e-02	5.06682e-01
  8.59e-03	  3.93e-02	4.95419e-01
  8.59e-03	  3.98e-02	4.18963e-01
  8.59e-03	  4.04e-02	2.00271e-33
  8.59e-03	  4.09e-02	3.00407e-66
  8.59e-03	  4.14e-02	4.50610e-99
  8.59e-03	  4.19e-02	6.75914e-132
  8.59e-03	  4.24e-02	1.01387e-164
  8.59e-03	  4.30e-02	1.52080e-197
  8.59e-03	  4.35e-02	2.28120e-230
  8.59e-03	  4.40e-02	3.42180e-263
  8.59e-03	  4.45e-02	5.13268e-296
  8.59e-03	  4.51e-02	0.00000e+00
  8.59e-03	  4.56e-02	0.00000e+00
  8.59e-03	  4.61e-02	0.00000e+00
  8.59e-03	  4.66e-02	0.00000e+00
  8.59e-03	  4.71e-02	0.00000e+00
  8.59e-03	  4.77e-02	0.00000e+00
  8.59e-03	  4.82e-02	0.00000e+00
  8.59e-03	  4.87e-02	0.00000e+00
  8.59e-03	  4.92e-02	0.00000e+00
  8.59e-03	  4.97e-02	0.00000e+00

  9.37e-03	  2.60e-04	0.00000e+00
  9.37e-03	  7.81e-04	0.00000e+00
  9.37e-03	  1.30e-03	0.00000e+00
  9.37e-03	  1.82e-03	0.00000e+00
  9.37e-03	  2.34e-03	0.00000e+00
  9.37e-03	  2.86e-03	0.00000e+00
  9.37e-03	  3.39e-03	0.00000e+00
  9.37e-03	  3.91e-03	0.00000e+00
  9.37e-03	  4.43e-03	0.00000e+00
  9.37e-03	  4.95e-03	5.01937e-296
  9.37e-03	  5.47e-03	3.34626e-263
  9.37e-03	  5.99e-03	2.23085e-230
  9.37e-03	  6.51e-03	1.48724e-197
  9.37e-03	  7.03e-03	9.91497e-165
  9.37e-03	  7.55e-03	6.61000e-132
  9.37e-03	  8.07e-03	4.40669e-99
  9.37e-03	  8.59e-03	2.93780e-66
  9.37e-03	  9.11e-03	1.95854e-33
  9.37e-03	  9.64e-03	4.12061e-01
  9.37e-03	  1.02e-02	4.93474e-01
  9.37e-03	  1.07e-02	5.06731e-01
  9.37e-03	  1.12e-02	5.07124e-01
  9.37e-03	  1.17e-02	5.06537e-01
  9.37e-03	  1.22e-02	5.05930e-01
  9.37e-03	  1.28e-02	5.05364e-01
  9.37e-03	  1.33e-02	5.04855e-01
  9.37e-03	  1.38e-02	5.04410e-01
  9.37e-03	  1.43e-02	5.04031e-01
  9.37e-03	  1.48e-02	5.03711e-01
  9.37e-03	  1.54e-02	5.03442e-01
  9.37e-03	  1.59e-02	5.03216e-01
  9.37e-03	  1.64e-02	5.03025e-01
  9.37e-03	  1.69e-02	5.02864e-01
  9.37e-03	  1.74e-02	5.02729e-01
  9.37e-03	  1.80e-02	5.02613e-01
  9.37e-03	  1.85e-02	5.02516e-01
  9.37e-03	  1.90e-02	5.02433e-01
  9.37e-03	  1.95e-02	5.02363e-01
  9.37e-03	  2.01e-02	5.02304e-01
  9.37e-03	  2.06e-02	5.02255e-01
  9.37e-03	  2.11e-02	5.02213e-01
  9.37e-03	  2.16e-02	5.02178e-01
  9.37e-03	  2.21e-02	5.02150e-01
  9.37e-03	  2.27e-02	5.02128e-01
  9.37e-03	  2.32e-02	5.02111e-01
  9.37e-03	  2.37e-02	5.02099e-01
  9.37e-03	  2.42e-02	5.02092e-01
  9.37e-03	  2.47e-02	5.02089e-01
  9.37e-03	  2.53e-02	5.02091e-01
  9.37e-03	  2.58e-02	5.02098e-01
  9.37e-03	  2.63e-02	5.02110e-01
  9.37e-03	  2.68e-02	5.02126e-01
  9.37e-03	  2.73e-02	5.02148e-01
  9.37e-03	  2.79e-02	5.02176e-01
  9.37e-03	  2.84e-02	5.02210e-01
  9.37e-03	  2.89e-02	5.02252e-01
  9.37e-03	  2.94e-02	5.02301e-01
  9.37e-03	  2.99e-02	5.02360e-01
  9.37e-03	  3.05e-02	5.02430e-01
  9.37e-03	  3.10e-02	5.02513e-01
  9.37e-03	  3.15e-02	5.02611e-01
  9.37e-03	  3.20e-02	5.02726e-01
  9.37e-03	  3.26e-02	5.02863e-01
  9.37e-03	  3.31e-02	5.03024e-01
  9.37e-03	  3.36e-02	5.03215e-01
  9.37e-03	  3.41e-02	5.03442e-01
  9.37e-03	  3.46e-02	5.03711e-01
  9.37e-03	  3.52e-02	5.04031e-01
  9.37e-03	  3.57e-02	5.04411e-01
  9.37e-03	  3.62e-02	5.04856e-01
  9.37e-03	  3.67e-02	5.05366e-01
  9.37e-03	  3.72e-02	5.05932e-01
  9.37e-03	  3.78e-02	5.06539e-01
  9.37e-03	  3.83e-02	5.07126e-01
  9.37e-03	  3.88e-02	5.06734e-01
  9.37e-03	  3.93e-02	4.93477e-01
  9.37e-03	  3.98e-02	4.12064e-01
  9.37e-03	  4.04e-02	1.95856e-33
  9.37e-03	  4.09e-02	2.93783e-66
  9.37e-03	  4.14e-02	4.40673e-99
  9.37e-03	  4.19e-02	6.61007e-132
  9.37e-03	  4.24e-02	9.91507e-165
  9.37e-03	  4.30e-02	1.48725e-197
  9.37e-03	  4.35e-02	2.23087e-230
  9.37e-03	  4.40e-02	3.34629e-263
  9.37e-03	  4.45e-02	5.01942e-296
  9.37e-03	  4.51e-02	0.00000e+00
  9.37e-03	  4.56e-02	0.00000e+00
  9.37e-03	  4.61e-02	0.00000e+00
  9.37e-03	  4.66e-02	0.00000e+00
  9.37e-03	  4.71e-02	0.00000e+00
  9.37e-03	  4.77e-02	0.00000e+00
  9.37e-03	  4.82e-02	0.00000e+00
  9.37e-03	  4.87e-02	0.00000e+00
  9.37e-03	  4.92e-02	0.00000e+00
  9.37e-03	  4.97e-02	0.00000e+00

  1.02e-02	  2.60e-04	0.00000e+00
  1.02e-02	  7.81e-04	0.00000e+00
  1.02e-02	  1.30e-03	0.00000e+00
  1.02e-02	  1.82e-03	0.00000e+00
  1.02e-02	  2.34e-03	0.00000e+00
  1.02e-02	  2.86e-03	0.00000e+00
  1.02e-02	  3.39e-03	0.00000e+00
  1.02e-02	  3.91e-03	0.00000e+00
  1.02e-02	  4.43e-03	0.00000e+00
  1.02e-02	  4.95e-03	4.90951e-296
  1.02e-02	  5.47e-03	3.27303e-263
  1.02e-02	  5.99e-03	2.18204e-230
  1.02e-02	  6.51e-03	1.45470e-197
  1.02e-02	  7.03e-03	9.69808e-165
  1.02e-02	  7.55e-03	6.46543e-132
  1.02e-02	  8.07e-03	4.31032e-99
  1.02e-02	  8.59e-03	2.87356e-66
  1.02e-02	  9.11e-03	1.91572e-33
  1.02e-02	  9.64e-03	4.05328e-01
  1.02e-02	  1.02e-02	4.91381e-01
  1.02e-02	  1.07e-02	5.06711e-01
  1.02e-02	  1.12e-02	5.07417e-01
  1.02e-02	  1.17e-02	5.06877e-01
  1.02e-02	  1.22e-02	5.06284e-01
  1.02e-02	  1.28e-02	5.05724e-01
  1.02e-02	  1.33e-02	5.05215e-01
  1.02e-02	  1.38e-02	5.04767e-01
  1.02e-02	  1.43e-02	5.04383e-01
  1.02e-02	  1.48e-02	5.04058e-01
  1.02e-02	  1.54e-02	5.03784e-01
  1.02e-02	  1.59e-02	5.03555e-01
  1.02e-02	  1.64e-02	5.03361e-01
  1.02e-02	  1.69e-02	5.03199e-01
  1.02e-02	  1.74e-02	5.03061e-01
  1.02e-02	  1.80e-02	5.02945e-01
  1.02e-02	  1.85e-02	5.02846e-01
  1.02e-02	  1.90e-02	5.02763e-01
  1.02e-02	  1.95e-02	5.02692e-01
  1.02e-02	  2.01e-02	5.02632e-01
  1.02e-02	  2.06e-02	5.02581e-01
  1.02e-02	  2.11e-02	5.02539e-01
  1.02e-02	  2.16e-02	5.02503e-01
  1.02e-02	  2.21e-02	5.02474e-01
  1.02e-02	  2.27e-02	5.02451e-01
  1.02e-02	  2.32e-02	5.02434e-01
  1.02e-02	  2.37e-02	5.02421e-01
  1.02e-02	  2.42e-02	5.02414e-01
  1.02e-02	  2.47e-02	5.02411e-01
  1.02e-02	  2.53e-02	5.02413e-01
  1.02e-02	  2.58e-02	5.02420e-01
  1.02e-02	  2.63e-02	5.02432e-01
  1.02e-02	  2.68e-02	5.02449e-01
  1.02e-02	  2.73e-02	5.02471e-01
  1.02e-02	  2.79e-02	5.02500e-01
  1.02e-02	  2.84e-02	5.02535e-01
  1.02e-02	  2.89e-02	5.02577e-01
  1.02e-02	  2.94e-02	5.02628e-01
  1.02e-02	  2.99e-02	5.02688e-01
  1.02e-02	  3.05e-02	5.02759e-01
  1.02e-02	  3.10e-02	5.02842e-01
  1.02e-02	  3.15e-02	5.02941e-01
  1.02e-02	  3.20e-02	5.03058e-01
  1.02e-02	  3.26e-02	5.03196e-01
  1.02e-02	  3.31e-02	5.03360e-01
  1.02e-02	  3.36e-02	5.03554e-01
  1.02e-02	  3.41e-02	5.03784e-01
  1.02e-02	  3.46e-02	5.04058e-01
  1.02e-02	  3.52e-02	5.04384e-01
  1.02e-02	  3.57e-02	5.04769e-01
  1.02e-02	  3.62e-02	5.05218e-01
  1.02e-02	  3.67e-02	5.05727e-01
  1.02e-02	  3.72e-02	5.06287e-01
  1.02e-02	  3.78e-02	5.06881e-01
  1.02e-02	  3.83e-02	5.07421e-01
  1.02e-02	  3.88e-02	5.06714e-01
  1.02e-02	  3.93e-02	4.91385e-01
  1.02e-02	  3.98e-02	4.05332e-01
  1.02e-02	  4.04e-02	1.91575e-33
  1.02e-02	  4.09e-02	2.87360e-66
  1.02e-02	  4.14e-02	4.31037e-99
  1.02e-02	  4.19e-02	6.46551e-132
  1.02e-02	  4.24e-02	9.69820e-165
  1.02e-02	  4.30e-02	1.45472e-197
  1.02e-02	  4.35e-02	2.18206e-230
  1.02e-02	  4.40e-02	3.27307e-263
  1.02e-02	  4.45e-02	4.90957e-296
  1.02e-02	  4.51e-02	0.00000e+00
  1.02e-02	  4.56e-02	0.00000e+00
  1.02e-02	  4.61e-02	0.00000e+00
  1.02e-02	  4.66e-02	0.00000e+00
  1.02e-02	  4.71e-02	0.00000e+00
  1.02e-02	  4.77e-02	0.00000e+00
  1.02e-02	  4.82e-02	0.00000e+00
  1.02e-02	  4.87e-02	0.00000e+00
  1.02e-02	  4.92e-02	0.00000e+00
  1.02e-02	  4.97e-02	0.00000e+00

  1.09e-02	  2.60e-04	0.00000e+00
  1.09e-02	  7.81e-04	0.00000e+00
  1.09e-02	  1.30e-03	0.00000e+00
  1.09e-02	  1.82e-03	0.00000e+00
  1.09e-02	  2.34e-03	0.00000e+00
  1.09e-02	  2.86e-03	0.00000e+00
  1.09e-02	  3.39e-03	0.00000e+00
  1.09e-02	  3.91e-03	0.00000e+00
  1.09e-02	  4.43e-03	0.00000e+00
  1.09e-02	  4.95e-03	4.80307e-296
  1.09e-02	  5.47e-03	3.20208e-263
  1.09e-02	  5.99e-03	2.13474e-230
  1.09e-02	  6.51e-03	1.42318e-197
  1.09e-02	  7.03e-03	9.48794e-165
  1.09e-02	  7.55e-03	6.32536e-132
  1.09e-02	  8.07e-03	4.21695e-99
  1.09e-02	  8.59e-03	2.81133e-66
  1.09e-02	  9.11e-03	1.87424e-33
  1.09e-02	  9.64e-03	3.98765e-01
  1.09e-02	  1.02e-02	4.89148e-01
  1.09e-02	  1.07e-02	5.06619e-01
  1.09e-02	  1.12e-02	5.07677e-01
  1.09e-02	  1.17e-02	5.07190e-01
  1.09e-02	  1.22e-02	5.06612e-01
  1.09e-02	  1.28e-02	5.06060e-01
  1.09e-02	  1.33e-02	5.05554e-01
  1.09e-02	  1.38e-02	5.05106e-01
  1.09e-02	  1.43e-02	5.04720e-01
  1.09e-02	  1.48e-02	5.04393e-01
  1.09e-02	  1.54e-02	5.04119e-01
  1.09e-02	  1.59e-02	5.03889e-01
  1.09e-02	  1.64e-02	5.03697e-01
  1.09e-02	  1.69e-02	5.03536e-01
  1.09e-02	  1.74e-02	5.03400e-01
  1.09e-02	  1.80e-02	5.03285e-01
  1.09e-02	  1.85e-02	5.03188e-01
  1.09e-02	  1.90e-02	5.03105e-01
  1.09e-02	  1.95e-02	5.03035e-01
  1.09e-02	  2.01e-02	5.02976e-01
  1.09e-02	  2.06e-02	5.02925e-01
  1.09e-02	  2.11e-02	5.02882e-01
  1.09e-02	  2.16e-02	5.02847e-01
  1.09e-02	  2.21e-02	5.02817e-01
  1.09e-02	  2.27e-02	5.02794e-01
  1.09e-02	  2.32e-02	5.02776e-01
  1.09e-02	  2.37e-02	5.02763e-01
  1.09e-02	  2.42e-02	5.02755e-01
  1.09e-02	  2.47e-02	5.02752e-01
  1.09e-02	  2.53e-02	5.02754e-01
  1.09e-02	  2.58e-02	5.02761e-01
  1.09e-02	  2.63e-02	5.02773e-01
  1.09e-02	  2.68e-02	5.02791e-01
  1.09e-02	  2.73e-02	5.02814e-01
  1.09e-02	  2.79e-02	5.02842e-01
  1.09e-02	  2.84e-02	5.02878e-01
  1.09e-02	  2.89e-02	5.02920e-01
  1.09e-02	  2.94e-02	5.02970e-01
  1.09e-02	  2.99e-02	5.03030e-01
  1.09e-02	  3.05e-02	5.03100e-01
  1.09e-02	  3.10e-02	5.03183e-01
  1.09e-02	  3.15e-02	5.03280e-01
  1.09e-02	  3.20e-02	5.03396e-01
  1.09e-02	  3.26e-02	5.03533e-01
  1.09e-02	  3.31e-02	5.03695e-01
  1.09e-02	  3.36e-02	5.03888e-01
  1.09e-02	  3.41e-02	5.04119e-01
  1.09e-02	  3.46e-02	5.04394e-01
  1.09e-02	  3.52e-02	5.04722e-01
  1.09e-02	  3.57e-02	5.05109e-01
  1.09e-02	  3.62e-02	5.05558e-01
  1.09e-02	  3.67e-02	5.06064e-01
  1.09e-02	  3.72e-02	5.06616e-01
  1.09e-02	  3.78e-02	5.07194e-01
  1.09e-02	  3.83e-02	5.07681e-01
  1.09e-02	  3.88e-02	5.06623e-01
  1.09e-02	  3.93e-02	4.89153e-01
  1.09e-02	  3.98e-02	3.98769e-01
  1.09e-02	  4.04e-02	1.87427e-33
  1.09e-02	  4.09e-02	2.81137e-66
  1.09e-02	  4.14e-02	4.21701e-99
  1.09e-02	  4.19e-02	6.32545e-132
  1.09e-02	  4.24e-02	9.48808e-165
  1.09e-02	  4.30e-02	1.42320e-197
  1.09e-02	  4.35e-02	2.13477e-230
  1.09e-02	  4.40e-02	3.20213e-263
  1.09e-02	  4.45e-02	4.80314e-296
  1.09e-02	  4.51e-02	0.00000e+00
  1.09e-02	  4.56e-02	0.00000e+00
  1.09e-02	  4.61e-02	0.00000e+00
  1.09e-02	  4.66e-02	0.00000e+00
  1.09e-02	  4.71e-02	0.00000e+00
  1.09e-02	  4.77e-02	0.00000e+00
  1.09e-02	  4.82e-02	0.00000e+00
  1.09e-02	  4.87e-02	0.00000e+00
  1.09e-02	  4.92e-02	0.00000e+00
  1.09e-02	  4.97e-02	0.00000e+00

  1.17e-02	  2.60e-04	0.00000e+00
  1.17e-02	  7.81e-04	0.00000e+00
  1.17e-02	  1.30e-03	0.00000e+00
  1.17e-02	  1.82e-03	0.00000e+00
  1.17e-02	  2.34e-03	0.00000e+00
  1.17e-02	  2.86e-03	0.00000e+00
  1.17e-02	  3.39e-03	0.00000e+00
  1.17e-02	  3.91e-03	0.00000e+00
  1.17e-02	  4.43e-03	0.00000e+00
  1.17e-02	  4.95e-03	4.70006e-296
  1.17e-02	  5.47e-03	3.13342e-263
  1.17e-02	  5.99e-03	2.08897e-230
  1.17e-02	  6.51e-03	1.39267e-197
  1.17e-02	  7.03e-03	9.28458e-165
  1.17e-02	  7.55e-03	6.18981e-132
  1.17e-02	  8.07e-03	4.12659e-99
  1.17e-02	  8.59e-03	2.75110e-66
  1.17e-02	  9.11e-03	1.83409e-33
  1.17e-02	  9.64e-03	3.92373e-01
  1.17e-02	  1.02e-02	4.86787e-01
  1.17e-02	  1.07e-02	5.06456e-01
  1.17e-02	  1.12e-02	5.07901e-01
  1.17e-02	  1.17e-02	5.07474e-01
  1.17e-02	  1.22e-02	5.06912e-01
  1.17e-02	  1.28e-02	5.06369e-01
  1.17e-02	  1.33e-02	5.05869e-01
  1.17e-02	  1.38e-02	5.05424e-01
  1.17e-02	  1.43e-02	5.05040e-01
  1.17e-02	  1.48e-02	5.04716e-01
  1.17e-02	  1.54e-02	5.04445e-01
  1.17e-02	  1.59e-02	5.04220e-01
  1.17e-02	  1.64e-02	5.04032e-01
  1.17e-02	  1.69e-02	5.03876e-01
  1.17e-02	  1.74e-02	5.03745e-01
  1.17e-02	  1.80e-02	5.03635e-01
  1.17e-02	  1.85e-02	5.03541e-01
  1.17e-02	  1.90e-02	5.03462e-01
  1.17e-02	  1.95e-02	5.03394e-01
  1.17e-02	  2.01e-02	5.03336e-01
  1.17e-02	  2.06e-02	5.03287e-01
  1.17e-02	  2.11e-02	5.03245e-01
  1.17e-02	  2.16e-02	5.03209e-01
  1.17e-02	  2.21e-02	5.03179e-01
  1.17e-02	  2.27e-02	5.03155e-01
  1.17e-02	  2.32e-02	5.03137e-01
  1.17e-02	  2.37e-02	5.03124e-01
  1.17e-02	  2.42e-02	5.03115e-01
  1.17e-02	  2.47e-02	5.03112e-01
  1.17e-02	  2.53e-02	5.03114e-01
  1.17e-02	  2.58e-02	5.03122e-01
  1.17e-02	  2.63e-02	5.03134e-01
  1.17e-02	  2.68e-02	5.03151e-01
  1.17e-02	  2.73e-02	5.03174e-01
  1.17e-02	  2.79e-02	5.03203e-01
  1.17e-02	  2.84e-02	5.03238e-01
  1.17e-02	  2.89e-02	5.03280e-01
  1.17e-02	  2.94e-02	5.03329e-01
  1.17e-02	  2.99e-02	5.03387e-01
  1.17e-02	  3.05e-02	5.03455e-01
  1.17e-02	  3.10e-02	5.03535e-01
  1.17e-02	  3.15e-02	5.03628e-01
  1.17e-02	  3.20e-02	5.03740e-01
  1.17e-02	  3.26e-02	5.03872e-01
  1.17e-02	  3.31e-02	5.04029e-01
  1.17e-02	  3.36e-02	5.04218e-01
  1.17e-02	  3.41e-02	5.04445e-01
  1.17e-02	  3.46e-02	5.04717e-01
  1.17e-02	  3.52e-02	5.05043e-01
  1.17e-02	  3.57e-02	5.05428e-01
  1.17e-02	  3.62e-02	5.05873e-01
  1.17e-02	  3.67e-02	5.06374e-01
  1.17e-02	  3.72e-02	5.06918e-01
  1.17e-02	  3.78e-02	5.07479e-01
  1.17e-02	  3.83e-02	5.07906e-01
  1.17e-02	  3.88e-02	5.06461e-01
  1.17e-02	  3.93e-02	4.86792e-01
  1.17e-02	  3.98e-02	3.92379e-01
  1.17e-02	  4.04e-02	1.83412e-33
  1.17e-02	  4.09e-02	2.75114e-66
  1.17e-02	  4.14e-02	4.12666e-99
  1.17e-02	  4.19e-02	6.18991e-132
  1.17e-02	  4.24e-02	9.28474e-165
  1.17e-02	  4.30e-02	1.39269e-197
  1.17e-02	  4.35e-02	2.08901e-230
  1.17e-02	  4.40e-02	3.13347e-263
  1.17e-02	  4.45e-02	4.70014e-296
  1.17e-02	  4.51e-02	0.00000e+00
  1.17e-02	  4.56e-02	0.00000e+00
  1.17e-02	  4.61e-02	0.00000e+00
  1.17e-02	  4.66e-02	0.00000e+00
  1.17e-02	  4.71e-02	0.00000e+00
  1.17e-02	  4.77e-02	0.00000e+00
  1.17e-02	  4.82e-02	0.00000e+00
  1.17e-02	  4.87e-02	0.00000e+00
  1.17e-02	  4.92e-02	0.00000e+00
  1.17e-02	  4.97e-02	0.00000e+00

  1.25e-02	  2.60e-04	0.00000e+00
  1.25e-02	  7.81e-04	0.00000e+00
  1.25e-02	  1.30e-03	0.00000e+00
  1.25e-02	  1.82e-03	0.00000e+00
  1.25e-02	  2.34e-03	0.00000e+00
  1.25e-02	  2.86e-03	0.00000e+00
  1.25e-02	  3.39e-03	0.00000e+00
  1.25e-02	  3.91e-03	0.00000e+00
  1.25e-02	  4.43e-03	0.00000e+00
  1.25e-02	  4.95e-03	4.60053e-296
  1.25e-02	  5.47e-03	3.06707e-263
  1.25e-02	  5.99e-03	2.04475e-230
  1.25e-02	  6.51e-03	1.36319e-197
  1.25e-02	  7.03e-03	9.08806e-165
  1.25e-02	  7.55e-03	6.05880e-132
  1.25e-02	  8.07e-03	4.03927e-99
  1.25e-02	  8.59e-03	2.69289e-66
  1.25e-02	  9.11e-03	1.79529e-33
  1.25e-02	  9.64e-03	3.86158e-01
  1.25e-02	  1.02e-02	4.84310e-01
  1.25e-02	  1.07e-02	5.06220e-01
  1.25e-02	  1.12e-02	5.08089e-01
  1.25e-02	  1.17e-02	5.07726e-01
  1.25e-02	  1.22e-02	5.07181e-01
  1.25e-02	  1.28e-02	5.06647e-01
  1.25e-02	  1.33e-02	5.06154e-01
  1.25e-02	  1.38e-02	5.05716e-01
  1.25e-02	  1.43e-02	5.05338e-01
  1.25e-02	  1.48e-02	5.05021e-01
  1.25e-02	  1.54e-02	5.04759e-01
  1.25e-02	  1.59e-02	5.04544e-01
  1.25e-02	  1.64e-02	5.04366e-01
  1.25e-02	  1.69e-02	5.04220e-01
  1.25e-02	  1.74e-02	5.04098e-01
  1.25e-02	  1.80e-02	5.03996e-01
  1.25e-02	  1.85e-02	5.03909e-01
  1.25e-02	  1.90e-02	5.03835e-01
  1.25e-02	  1.95e-02	5.03771e-01
  1.25e-02	  2.01e-02	5.03716e-01
  1.25e-02	  2.06e-02	5.03668e-01
  1.25e-02	  2.11e-02	5.03626e-01
  1.25e-02	  2.16e-02	5.03591e-01
  1.25e-02	  2.21e-02	5.03561e-01
  1.25e-02	  2.27e-02	5.03537e-01
  1.25e-02	  2.32e-02	5.03517e-01
  1.25e-02	  2.37e-02	5.03504e-01
  1.25e-02	  2.42e-02	5.03495e-01
  1.25e-02	  2.47e-02	5.03492e-01
  1.25e-02	  2.53e-02	5.03494e-01
  1.25e-02	  2.58e-02	5.03501e-01
  1.25e-02	  2.63e-02	5.03514e-01
  1.25e-02	  2.68e-02	5.03531e-01
  1.25e-02	  2.73e-02	5.03555e-01
  1.25e-02	  2.79e-02	5.03584e-01
  1.25e-02	  2.84e-02	5.03618e-01
  1.25e-02	  2.89e-02	5.03659e-01
  1.25e-02	  2.94e-02	5.03706e-01
  1.25e-02	  2.99e-02	5.03761e-01
  1.25e-02	  3.05e-02	5.03825e-01
  1.25e-02	  3.10e-02	5.03900e-01
  1.25e-02	  3.15e-02	5.03987e-01
  1.25e-02	  3.20e-02	5.04091e-01
  1.25e-02	  3.26e-02	5.04214e-01
  1.25e-02	  3.31e-02	5.04362e-01
  1.25e-02	  3.36e-02	5.04542e-01
  1.25e-02	  3.41e-02	5.04760e-01
  1.25e-02	  3.46e-02	5.05024e-01
  1.25e-02	  3.52e-02	5.05342e-01
  1.25e-02	  3.57e-02	5.05721e-01
  1.25e-02	  3.62e-02	5.06161e-01
  1.25e-02	  3.67e-02	5.06655e-01
  1.25e-02	  3.72e-02	5.07189e-01
  1.25e-02	  3.78e-02	5.07733e-01
  1.25e-02	  3.83e-02	5.08095e-01
  1.25e-02	  3.88e-02	5.06226e-01
  1.25e-02	  3.93e-02	4.84315e-01
  1.25e-02	  3.98e-02	3.86163e-01
  1.25e-02	  4.04e-02	1.79532e-33
  1.25e-02	  4.09e-02	2.69293e-66
  1.25e-02	  4.14e-02	4.03933e-99
  1.25e-02	  4.19e-02	6.05890e-132
  1.25e-02	  4.24e-02	9.08821e-165
  1.25e-02	  4.30e-02	1.36321e-197
  1.25e-02	  4.35e-02	2.04478e-230
  1.25e-02	  4.40e-02	3.06712e-263
  1.25e-02	  4.45e-02	4.60061e-296
  1.25e-02	  4.51e-02	0.00000e+00
  1.25e-02	  4.56e-02	0.00000e+00
  1.25e-02	  4.61e-02	0.00000e+00
  1.25e-02	  4.66e-02	0.00000e+00
  1.25e-02	  4.71e-02	0.00000e+00
  1.25e-02	  4.77e-02	0.00000e+00
  1.25e-02	  4.82e-02	0.00000e+00
  1.25e-02	  4.87e-02	0.00000e+00
  1.25e-02	  4.92e-02	0.00000e+00
  1.25e-02	  4.97e-02	0.00000e+00

  1.33e-02	  2.60e-04	0.00000e+00
  1.33e-02	  7.81e-04	0.00000e+00
  1.33e-02	  1.30e-03	0.00000e+00
  1.33e-02	  1.82e-03	0.00000e+00
  1.33e-02	  2.34e-03	0.00000e+00
  1.33e-02	  2.86e-03	0.00000e+00
  1.33e-02	  3.39e-03	0.00000e+00
  1.33e-02	  3.91e-03	0.00000e+00
  1.33e-02	  4.43e-03	0.00000e+00
  1.33e-02	  4.95e-03	4.50461e-296
  1.33e-02	  5.47e-03	3.00312e-263
  1.33e-02	  5.99e-03	2.00211e-230
  1.33e-02	  6.51e-03	1.33476e-197
  1.33e-02	  7.03e-03	8.89856e-165
  1.33e-02	  7.55e-03	5.93247e-132
  1.33e-02	  8.07e-03	3.95505e-99
  1.33e-02	  8.59e-03	2.63674e-66
  1.33e-02	  9.11e-03	1.75786e-33
  1.33e-02	  9.64e-03	3.80125e-01
  1.33e-02	  1.02e-02	4.81730e-01
  1.33e-02	  1.07e-02	5.05913e-01
  1.33e-02	  1.12e-02	5.08239e-01
  1.33e-02	  1.17e-02	5.07943e-01
  1.33e-02	  1.22e-02	5.07413e-01
  1.33e-02	  1.28e-02	5.06888e-01
  1.33e-02	  1.33e-02	5.06403e-01
  1.33e-02	  1.38e-02	5.05975e-01
  1.33e-02	  1.43e-02	5.05610e-01
  1.33e-02	  1.48e-02	5.05307e-01
  1.33e-02	  1.54e-02	5.05060e-01
  1.33e-02	  1.59e-02	5.04861e-01
  1.33e-02	  1.64e-02	5.04701e-01
  1.33e-02	  1.69e-02	5.04570e-01
  1.33e-02	  1.74e-02	5.04462e-01
  1.33e-02	  1.80e-02	5.04371e-01
  1.33e-02	  1.85e-02	5.04294e-01
  1.33e-02	  1.90e-02	5.04227e-01
  1.33e-02	  1.95e-02	5.04168e-01
  1.33e-02	  2.01e-02	5.04116e-01
  1.33e-02	  2.06e-02	5.04070e-01
  1.33e-02	  2.11e-02	5.04029e-01
  1.33e-02	  2.16e-02	5.03993e-01
  1.33e-02	  2.21e-02	5.03963e-01
  1.33e-02	  2.27e-02	5.03937e-01
  1.33e-02	  2.32e-02	5.03917e-01
  1.33e-02	  2.37e-02	5.03903e-01
  1.33e-02	  2.42e-02	5.03893e-01
  1.33e-02	  2.47e-02	5.03890e-01
  1.33e-02	  2.53e-02	5.03892e-01
  1.33e-02	  2.58e-02	5.03899e-01
  1.33e-02	  2.63e-02	5.03912e-01
  1.33e-02	  2.68e-02	5.03931e-01
  1.33e-02	  2.73e-02	5.03955e-01
  1.33e-02	  2.79e-02	5.03984e-01
  1.33e-02	  2.84e-02	5.04019e-01
  1.33e-02	  2.89e-02	5.04058e-01
  1.33e-02	  2.94e-02	5.04104e-01
  1.33e-02	  2.99e-02	5.04155e-01
  1.33e-02	  3.05e-02	5.04214e-01
  1.33e-02	  3.10e-02	5.04282e-01
  1.33e-02	  3.15e-02	5.04360e-01
  1.33e-02	  3.20e-02	5.04452e-01
  1.33e-02	  3.26e-02	5.04562e-01
  1.33e-02	  3.31e-02	5.04695e-01
  1.33e-02	  3.36e-02	5.04859e-01
  1.33e-02	  3.41e-02	5.05061e-01
  1.33e-02	  3.46e-02	5.05311e-01
  1.33e-02	  3.52e-02	5.05616e-01
  1.33e-02	  3.57e-02	5.05983e-01
  1.33e-02	  3.62e-02	5.06413e-01
  1.33e-02	  3.67e-02	5.06898e-01
  1.33e-02	  3.72e-02	5.07423e-01
  1.33e-02	  3.78e-02	5.07953e-01
  1.33e-02	  3.83e-02	5.08247e-01
  1.33e-02	  3.88e-02	5.05919e-01
  1.33e-02	  3.93e-02	4.81735e-01
  1.33e-02	  3.98e-02	3.80129e-01
  1.33e-02	  4.04e-02	1.75788e-33
  1.33e-02	  4.09e-02	2.63678e-66
  1.33e-02	  4.14e-02	3.95510e-99
  1.33e-02	  4.19e-02	5.93254e-132
  1.33e-02	  4.24e-02	8.89866e-165
  1.33e-02	  4.30e-02	1.33478e-197
  1.33e-02	  4.35e-02	2.00213e-230
  1.33e-02	  4.40e-02	3.00315e-263
  1.33e-02	  4.45e-02	4.50465e-296
  1.33e-02	  4.51e-02	0.00000e+00
  1.33e-02	  4.56e-02	0.00000e+00
  1.33e-02	  4.61e-02	0.00000e+00
  1.33e-02	  4.66e-02	0.00000e+00
  1.33e-02	  4.71e-02	0.00000e+00
  1.33e-02	  4.77e-02	0.00000e+00
  1.33e-02	  4.82e-02	0.00000e+00
  1.33e-02	  4.87e-02	0.00000e+00
  1.33e-02	  4.92e-02	0.00000e+00
  1.33e-02	  4.97e-02	0.00000e+00

  1.41e-02	  2.60e-04	0.00000e+00
  1.41e-02	  7.81e-04	0.00000e+00
  1.41e-02	  1.30e-03	0.00000e+00
  1.41e-02	  1.82e-03	0.00000e+00
  1.41e-02	  2.34e-03	0.00000e+00
  1.41e-02	  2.86e-03	0.00000e+00
  1.41e-02	  3.39e-03	0.00000e+00
  1.41e-02	  3.91e-03	0.00000e+00
  1.41e-02	  4.43e-03	0.00000e+00
  1.41e-02	  4.95e-03	4.41253e-296
  1.41e-02	  5.47e-03	2.94172e-263
  1.41e-02	  5.99e-03	1.96116e-230
  1.41e-02	  6.51e-03	1.30746e-197
  1.41e-02	  7.03e-03	8.71648e-165
  1.41e-02	  7.55e-03	5.81106e-132
  1.41e-02	  8.07e-03	3.87409e-99
  1.41e-02	  8.59e-03	2.58276e-66
  1.41e-02	  9.11e-03	1.72186e-33
  1.41e-02	  9.64e-03	3.74287e-01
  1.41e-02	  1.02e-02	4.79066e-01
  1.41e-02	  1.07e-02	5.05535e-01
  1.41e-02	  1.12e-02	5.08347e-01
  1.41e-02	  1.17e-02	5.08117e-01
  1.41e-02	  1.22e-02	5.07597e-01
  1.41e-02	  1.28e-02	5.07077e-01
  1.41e-02	  1.33e-02	5.06603e-01
  1.41e-02	  1.38e-02	5.06191e-01
  1.41e-02	  1.43e-02	5.05846e-01
  1.41e-02	  1.48e-02	5.05566e-01
  1.41e-02	  1.54e-02	5.05346e-01
  1.41e-02	  1.59e-02	5.05173e-01
  1.41e-02	  1.64e-02	5.05038e-01
  1.41e-02	  1.69e-02	5.04931e-01
  1.41e-02	  1.74e-02	5.04842e-01
  1.41e-02	  1.80e-02	5.04767e-01
  1.41e-02	  1.85e-02	5.04702e-01
  1.41e-02	  1.90e-02	5.04643e-01
  1.41e-02	  1.95e-02	5.04589e-01
  1.41e-02	  2.01e-02	5.04540e-01
  1.41e-02	  2.06e-02	5.04495e-01
  1.41e-02	  2.11e-02	5.04454e-01
  1.41e-02	  2.16e-02	5.04418e-01
  1.41e-02	  2.21e-02	5.04386e-01
  1.41e-02	  2.27e-02	5.04358e-01
  1.41e-02	  2.32e-02	5.04336e-01
  1.41e-02	  2.37e-02	5.04320e-01
  1.41e-02	  2.42e-02	5.04310e-01
  1.41e-02	  2.47e-02	5.04306e-01
  1.41e-02	  2.53e-02	5.04308e-01
  1.41e-02	  2.58e-02	5.04316e-01
  1.41e-02	  2.63e-02	5.04330e-01
  1.41e-02	  2.68e-02	5.04350e-01
  1.41e-02	  2.73e-02	5.04376e-01
  1.41e-02	  2.79e-02	5.04406e-01
  1.41e-02	  2.84e-02	5.04442e-01
  1.41e-02	  2.89e-02	5.04481e-01
  1.41e-02	  2.94e-02	5.04525e-01
  1.41e-02	  2.99e-02	5.04573e-01
  1.41e-02	  3.05e-02	5.04626e-01
  1.41e-02	  3.10e-02	5.04685e-01
  1.41e-02	  3.15e-02	5.04751e-01
  1.41e-02	  3.20e-02	5.04827e-01
  1.41e-02	  3.26e-02	5.04918e-01
  1.41e-02	  3.31e-02	5.05030e-01
  1.41e-02	  3.36e-02	5.05170e-01
  1.41e-02	  3.41e-02	5.05348e-01
  1.41e-02	  3.46e-02	5.05573e-01
  1.41e-02	  3.52e-02	5.05856e-01
  1.41e-02	  3.57e-02	5.06204e-01
  1.41e-02	  3.62e-02	5.06618e-01
  1.41e-02	  3.67e-02	5.07092e-01
  1.41e-02	  3.72e-02	5.07612e-01
  1.41e-02	  3.78e-02	5.08130e-01
  1.41e-02	  3.83e-02	5.08357e-01
  1.41e-02	  3.88e-02	5.05542e-01
  1.41e-02	  3.93e-02	4.79069e-01
  1.41e-02	  3.98e-02	3.74289e-01
  1.41e-02	  4.04e-02	1.72187e-33
  1.41e-02	  4.09e-02	2.58277e-66
  1.41e-02	  4.14e-02	3.87409e-99
  1.41e-02	  4.19e-02	5.81106e-132
  1.41e-02	  4.24e-02	8.71647e-165
  1.41e-02	  4.30e-02	1.30745e-197
  1.41e-02	  4.35e-02	1.96116e-230
  1.41e-02	  4.40e-02	2.94170e-263
  1.41e-02	  4.45e-02	4.41250e-296
  1.41e-02	  4.51e-02	0.00000e+00
  1.41e-02	  4.56e-02	0.00000e+00
  1.41e-02	  4.61e-02	0.00000e+00
  1.41e-02	  4.66e-02	0.00000e+00
  1.41e-02	  4.71e-02	0.00000e+00
  1.41e-02	  4.77e-02	0.00000e+00
  1.41e-02	  4.82e-02	0.00000e+00
  1.41e-02	  4.87e-02	0.00000e+00
  1.41e-02	  4.92e-02	0.00000e+00
  1.41e-02	  4.97e-02	0.00000e+00

  1.48e-02	  2.60e-04	0.00000e+00
  1.48e-02	  7.81e-04	0.00000e+00
  1.48e-02	  1.30e-03	0.00000e+00
  1.48e-02	  1.82e-03	0.00000e+00
  1.48e-02	  2.34e-03	0.00000e+00
  1.48e-02	  2.86e-03	0.00000e+00
  1.48e-02	  3.39e-03	0.00000e+00
  1.48e-02	  3.91e-03	0.00000e+00
  1.48e-02	  4.43e-03	0.00000e+00
  1.48e-02	  4.95e-03	4.32481e-296
  1.48e-02	  5.47e-03	2.88318e-263
  1.48e-02	  5.99e-03	1.92211e-230
  1.48e-02	  6.51e-03	1.28140e-197
  1.48e-02	  7.03e-03	8.54264e-165
  1.48e-02	  7.55e-03	5.69509e-132
  1.48e-02	  8.07e-03	3.79672e-99
  1.48e-02	  8.59e-03	2.53115e-66
  1.48e-02	  9.11e-03	1.68744e-33
  1.48e-02	  9.64e-03	3.68668e-01
  1.48e-02	  1.02e-02	4.76343e-01
  1.48e-02	  1.07e-02	5.05094e-01
  1.48e-02	  1.12e-02	5.08407e-01
  1.48e-02	  1.17e-02	5.08234e-01
  1.48e-02	  1.22e-02	5.07712e-01
  1.48e-02	  1.28e-02	5.07193e-01
  1.48e-02	  1.33e-02	5.06734e-01
  1.48e-02	  1.38e-02	5.06348e-01
  1.48e-02	  1.43e-02	5.06036e-01
  1.48e-02	  1.48e-02	5.05794e-01
  1.48e-02	  1.54e-02	5.05613e-01
  1.48e-02	  1.59e-02	5.05481e-01
  1.48e-02	  1.64e-02	5.05385e-01
  1.48e-02	  1.69e-02	5.05310e-01
  1.48e-02	  1.74e-02	5.05248e-01
  1.48e-02	  1.80e-02	5.05193e-01
  1.48e-02	  1.85e-02	5.05140e-01
  1.48e-02	  1.90e-02	5.05090e-01
  1.48e-02	  1.95e-02	5.05041e-01
  1.48e-02	  2.01e-02	5.04993e-01
  1.48e-02	  2.06e-02	5.04948e-01
  1.48e-02	  2.11e-02	5.04905e-01
  1.48e-02	  2.16e-02	5.04865e-01
  1.48e-02	  2.21e-02	5.04830e-01
  1.48e-02	  2.27e-02	5.04799e-01
  1.48e-02	  2.32e-02	5.04774e-01
  1.48e-02	  2.37e-02	5.04755e-01
  1.48e-02	  2.42e-02	5.04743e-01
  1.48e-02	  2.47e-02	5.04739e-01
  1.48e-02	  2.53e-02	5.04741e-01
  1.48e-02	  2.58e-02	5.04750e-01
  1.48e-02	  2.63e-02	5.04767e-01
  1.48e-02	  2.68e-02	5.04789e-01
  1.48e-02	  2.73e-02	5.04818e-01
  1.48e-02	  2.79e-02	5.04852e-01
  1.48e-02	  2.84e-02	5.04889e-01
  1.48e-02	  2.89e-02	5.04931e-01
  1.48e-02	  2.94e-02	5.04975e-01
  1.48e-02	  2.99e-02	5.05020e-01
  1.48e-02	  3.05e-02	5.05068e-01
  1.48e-02	  3.10e-02	5.05117e-01
  1.48e-02	  3.15e-02	5.05169e-01
  1.48e-02	  3.20e-02	5.05226e-01
  1.48e-02	  3.26e-02	5.05291e-01
  1.48e-02	  3.31e-02	5.05372e-01
  1.48e-02	  3.36e-02	5.05477e-01
  1.48e-02	  3.41e-02	5.05617e-01
  1.48e-02	  3.46e-02	5.05805e-01
  1.48e-02	  3.52e-02	5.06052e-01
  1.48e-02	  3.57e-02	5.06366e-01
  1.48e-02	  3.62e-02	5.06755e-01
  1.48e-02	  3.67e-02	5.07217e-01
  1.48e-02	  3.72e-02	5.07735e-01
  1.48e-02	  3.78e-02	5.08252e-01
  1.48e-02	  3.83e-02	5.08420e-01
  1.48e-02	  3.88e-02	5.05100e-01
  1.48e-02	  3.93e-02	4.76342e-01
  1.48e-02	  3.98e-02	3.68663e-01
  1.48e-02	  4.04e-02	1.68740e-33
  1.48e-02	  4.09e-02	2.53109e-66
  1.48e-02	  4.14e-02	3.79662e-99
  1.48e-02	  4.19e-02	5.69492e-132
  1.48e-02	  4.24e-02	8.54237e-165
  1.48e-02	  4.30e-02	1.28136e-197
  1.48e-02	  4.35e-02	1.92204e-230
  1.48e-02	  4.40e-02	2.88306e-263
  1.48e-02	  4.45e-02	4.32462e-296
  1.48e-02	  4.51e-02	0.00000e+00
  1.48e-02	  4.56e-02	0.00000e+00
  1.48e-02	  4.61e-02	0.00000e+00
  1.48e-02	  4.66e-02	0.00000e+00
  1.48e-02	  4.71e-02	0.00000e+00
  1.48e-02	  4.77e-02	0.00000e+00
  1.48e-02	  4.82e-02	0.00000e+00
  1.48e-02	  4.87e-02	0.00000e+00
  1.48e-02	  4.92e-02	0.00000e+00
  1.48e-02	  4.97e-02	0.00000e+00

  1.56e-02	  2.60e-04	0.00000e+00
  1.56e-02	  7.81e-04	0.00000e+00
  1.56e-02	  1.30e-03	0.00000e+00
  1.56e-02	  1.82e-03	0.00000e+00
  1.56e-02	  2.34e-03	0.00000e+00
  1.56e-02	  2.86e-03	0.00000e+00
  1.56e-02	  3.39e-03	0.00000e+00
  1.56e-02	  3.91e-03	0.00000e+00
  1.56e-02	  4.43e-03	0.00000e+00
  1.56e-02	  4.95e-03	4.24236e-296
  1.56e-02	  5.47e-03	2.82811e-263
  1.56e-02	  5.99e-03	1.88532e-230
  1.56e-02	  6.51e-03	1.25683e-197
  1.56e-02	  7.03e-03	8.37857e-165
  1.56e-02	  7.55e-03	5.58553e-132
  1.56e-02	  8.07e-03	3.72357e-99
  1.56e-02	  8.59e-03	2.48232e-66
  1.56e-02	  9.11e-03	1.65484e-33
  1.56e-02	  9.64e-03	3.63309e-01
  1.56e-02	  1.02e-02	4.73604e-01
  1.56e-02	  1.07e-02	5.04601e-01
  1.56e-02	  1.12e-02	5.08413e-01
  1.56e-02	  1.17e-02	5.08269e-01
  1.56e-02	  1.22e-02	5.07723e-01
  1.56e-02	  1.28e-02	5.07194e-01
  1.56e-02	  1.33e-02	5.06757e-01
  1.56e-02	  1.38e-02	5.06424e-01
  1.56e-02	  1.43e-02	5.06170e-01
  1.56e-02	  1.48e-02	5.05979e-01
  1.56e-02	  1.54e-02	5.05860e-01
  1.56e-02	  1.59e-02	5.05791e-01
  1.56e-02	  1.64e-02	5.05752e-01
  1.56e-02	  1.69e-02	5.05725e-01
  1.56e-02	  1.74e-02	5.05696e-01
  1.56e-02	  1.80e-02	5.05661e-01
  1.56e-02	  1.85e-02	5.05621e-01
  1.56e-02	  1.90e-02	5.05576e-01
  1.56e-02	  1.95e-02	5.05529e-01
  1.56e-02	  2.01e-02	5.05479e-01
  1.56e-02	  2.06e-02	5.05430e-01
  1.56e-02	  2.11e-02	5.05382e-01
  1.56e-02	  2.16e-02	5.05338e-01
  1.56e-02	  2.21e-02	5.05296e-01
  1.56e-02	  2.27e-02	5.05260e-01
  1.56e-02	  2.32e-02	5.05229e-01
  1.56e-02	  2.37e-02	5.05206e-01
  1.56e-02	  2.42e-02	5.05192e-01
  1.56e-02	  2.47e-02	5.05186e-01
  1.56e-02	  2.53e-02	5.05189e-01
  1.56e-02	  2.58e-02	5.05200e-01
  1.56e-02	  2.63e-02	5.05220e-01
  1.56e-02	  2.68e-02	5.05247e-01
  1.56e-02	  2.73e-02	5.05281e-01
  1.56e-02	  2.79e-02	5.05321e-01
  1.56e-02	  2.84e-02	5.05364e-01
  1.56e-02	  2.89e-02	5.05410e-01
  1.56e-02	  2.94e-02	5.05457e-01
  1.56e-02	  2.99e-02	5.05504e-01
  1.56e-02	  3.05e-02	5.05549e-01
  1.56e-02	  3.10e-02	5.05591e-01
  1.56e-02	  3.15e-02	5.05628e-01
  1.56e-02	  3.20e-02	5.05661e-01
  1.56e-02	  3.26e-02	5.05692e-01
  1.56e-02	  3.31e-02	5.05730e-01
  1.56e-02	  3.36e-02	5.05784e-01
  1.56e-02	  3.41e-02	5.05868e-01
  1.56e-02	  3.46e-02	5.06003e-01
  1.56e-02	  3.52e-02	5.06196e-01
  1.56e-02	  3.57e-02	5.06447e-01
  1.56e-02	  3.62e-02	5.06786e-01
  1.56e-02	  3.67e-02	5.07233e-01
  1.56e-02	  3.72e-02	5.07760e-01
  1.56e-02	  3.78e-02	5.08298e-01
  1.56e-02	  3.83e-02	5.08430e-01
  1.56e-02	  3.88e-02	5.04604e-01
  1.56e-02	  3.93e-02	4.73593e-01
  1.56e-02	  3.98e-02	3.63291e-01
  1.56e-02	  4.04e-02	1.65472e-33
  1.56e-02	  4.09e-02	2.48212e-66
  1.56e-02	  4.14e-02	3.72327e-99
  1.56e-02	  4.19e-02	5.58504e-132
  1.56e-02	  4.24e-02	8.37779e-165
  1.56e-02	  4.30e-02	1.25671e-197
  1.56e-02	  4.35e-02	1.88512e-230
  1.56e-02	  4.40e-02	2.82779e-263
  1.56e-02	  4.45e-02	4.24186e-296
  1.56e-02	  4.51e-02	0.00000e+00
  1.56e-02	  4.56e-02	0.00000e+00
  1.56e-02	  4.61e-02	0.00000e+00
  1.56e-02	  4.66e-02	0.00000e+00
  1.56e-02	  4.71e-02	0.00000e+00
  1.56e-02	  4.77e-02	0.00000e+00
  1.56e-02	  4.82e-02	0.00000e+00
  1.56e-02	  4.87e-02	0.00000e+00
  1.56e-02	  4.92e-02	0.00000e+00
  1.56e-02	  4.97e-02	0.00000e+00

  1.64e-02	  2.60e-04	0.00000e+00
  1.64e-02	  7.81e-04	0.00000e+00
  1.64e-02	  1.30e-03	0.00000e+00
  1.64e-02	  1.82e-03	0.00000e+00
  1.64e-02	  2.34e-03	0.00000e+00
  1.64e-02	  2.86e-03	0.00000e+00
  1.64e-02	  3.39e-03	0.00000e+00
  1.64e-02	  3.91e-03	0.00000e+00
  1.64e-02	  4.43e-03	0.00000e+00
  1.64e-02	  4.95e-03	4.16675e-296
  1.64e-02	  5.47e-03	2.77749e-263
  1.64e-02	  5.99e-03	1.85145e-230
  1.64e-02	  6.51e-03	1.23416e-197
  1.64e-02	  7.03e-03	8.22692e-165
  1.64e-02	  7.55e-03	5.48409e-132
  1.64e-02	  8.07e-03	3.65573e-99
  1.64e-02	  8.59e-03	2.43695e-66
  1.64e-02	  9.11e-03	1.62450e-33
  1.64e-02	  9.64e-03	3.58284e-01
  1.64e-02	  1.02e-02	4.70919e-01
  1.64e-02	  1.07e-02	5.04087e-01
  1.64e-02	  1.12e-02	5.08356e-01
  1.64e-02	  1.17e-02	5.08179e-01
  1.64e-02	  1.22e-02	5.07565e-01
  1.64e-02	  1.28e-02	5.06993e-01
  1.64e-02	  1.33e-02	5.06605e-01
  1.64e-02	  1.38e-02	5.06448e-01
  1.64e-02	  1.43e-02	5.06409e-01
  1.64e-02	  1.48e-02	5.06394e-01
  1.64e-02	  1.54e-02	5.06372e-01
  1.64e-02	  1.59e-02	5.06339e-01
  1.64e-02	  1.64e-02	5.06295e-01
  1.64e-02	  1.69e-02	5.06241e-01
  1.64e-02	  1.74e-02	5.06183e-01
  1.64e-02	  1.80e-02	5.06123e-01
  1.64e-02	  1.85e-02	5.06063e-01
  1.64e-02	  1.90e-02	5.06003e-01
  1.64e-02	  1.95e-02	5.05944e-01
  1.64e-02	  2.01e-02	5.05887e-01
  1.64e-02	  2.06e-02	5.05834e-01
  1.64e-02	  2.11e-02	5.05784e-01
  1.64e-02	  2.16e-02	5.05738e-01
  1.64e-02	  2.21e-02	5.05698e-01
  1.64e-02	  2.27e-02	5.05664e-01
  1.64e-02	  2.32e-02	5.05637e-01
  1.64e-02	  2.37e-02	5.05617e-01
  1.64e-02	  2.42e-02	5.05604e-01
  1.64e-02	  2.47e-02	5.05600e-01
  1.64e-02	  2.53e-02	5.05603e-01
  1.64e-02	  2.58e-02	5.05615e-01
  1.64e-02	  2.63e-02	5.05634e-01
  1.64e-02	  2.68e-02	5.05660e-01
  1.64e-02	  2.73e-02	5.05694e-01
  1.64e-02	  2.79e-02	5.05733e-01
  1.64e-02	  2.84e-02	5.05777e-01
  1.64e-02	  2.89e-02	5.05827e-01
  1.64e-02	  2.94e-02	5.05880e-01
  1.64e-02	  2.99e-02	5.05936e-01
  1.64e-02	  3.05e-02	5.05994e-01
  1.64e-02	  3.10e-02	5.06053e-01
  1.64e-02	  3.15e-02	5.06112e-01
  1.64e-02	  3.20e-02	5.06171e-01
  1.64e-02	  3.26e-02	5.06225e-01
  1.64e-02	  3.31e-02	5.06272e-01
  1.64e-02	  3.36e-02	5.06309e-01
  1.64e-02	  3.41e-02	5.06336e-01
  1.64e-02	  3.46e-02	5.06352e-01
  1.64e-02	  3.52e-02	5.06367e-01
  1.64e-02	  3.57e-02	5.06426e-01
  1.64e-02	  3.62e-02	5.06633e-01
  1.64e-02	  3.67e-02	5.07071e-01
  1.64e-02	  3.72e-02	5.07629e-01
  1.64e-02	  3.78e-02	5.08226e-01
  1.64e-02	  3.83e-02	5.08379e-01
  1.64e-02	  3.88e-02	5.04082e-01
  1.64e-02	  3.93e-02	4.70888e-01
  1.64e-02	  3.98e-02	3.58242e-01
  1.64e-02	  4.04e-02	1.62423e-33
  1.64e-02	  4.09e-02	2.43651e-66
  1.64e-02	  4.14e-02	3.65504e-99
  1.64e-02	  4.19e-02	5.48300e-132
  1.64e-02	  4.24e-02	8.22520e-165
  1.64e-02	  4.30e-02	1.23389e-197
  1.64e-02	  4.35e-02	1.85102e-230
  1.64e-02	  4.40e-02	2.77682e-263
  1.64e-02	  4.45e-02	4.16568e-296
  1.64e-02	  4.51e-02	0.00000e+00
  1.64e-02	  4.56e-02	0.00000e+00
  1.64e-02	  4.61e-02	0.00000e+00
  1.64e-02	  4.66e-02	0.00000e+00
  1.64e-02	  4.71e-02	0.00000e+00
  1.64e-02	  4.77e-02	0.00000e+00
  1.64e-02	  4.82e-02	0.00000e+00
  1.64e-02	  4.87e-02	0.00000e+00
  1.64e-02	  4.92e-02	0.00000e+00
  1.64e-02	  4.97e-02	0.00000e+00

  1.72e-02	  2.60e-04	0.00000e+00
  1.72e-02	  7.81e-04	0.00000e+00
  1.72e-02	  1.30e-03	0.00000e+00
  1.72e-02	  1.82e-03	0.00000e+00
  1.72e-02	  2.34e-03	0.00000e+00
  1.72e-02	  2.86e-03	0.00000e+00
  1.72e-02	  3.39e-03	0.00000e+00
  1.72e-02	  3.91e-03	0.00000e+00
  1.72e-02	  4.43e-03	0.00000e+00
  1.72e-02	  4.95e-03	4.10030e-296
  1.72e-02	  5.47e-03	2.73286e-263
  1.72e-02	  5.99e-03	1.82147e-230
  1.72e-02	  6.51e-03	1.21404e-197
  1.72e-02	  7.03e-03	8.09184e-165
  1.72e-02	  7.55e-03	5.39345e-132
  1.72e-02	  8.07e-03	3.59493e-99
  1.72e-02	  8.59e-03	2.39617e-66
  1.72e-02	  9.11e-03	1.59716e-33
  1.72e-02	  9.64e-03	3.53715e-01
  1.72e-02	  1.02e-02	4.68406e-01
  1.72e-02	  1.07e-02	5.03630e-01
  1.72e-02	  1.12e-02	5.08228e-01
  1.72e-02	  1.17e-02	5.07862e-01
  1.72e-02	  1.22e-02	5.07269e-01
  1.72e-02	  1.28e-02	5.07055e-01
  1.72e-02	  1.33e-02	5.06996e-01
  1.72e-02	  1.38e-02	5.06954e-01
  1.72e-02	  1.43e-02	5.06909e-01
  1.72e-02	  1.48e-02	5.06860e-01
  1.72e-02	  1.54e-02	5.06805e-01
  1.72e-02	  1.59e-02	5.06745e-01
  1.72e-02	  1.64e-02	5.06680e-01
  1.72e-02	  1.69e-02	5.06612e-01
  1.72e-02	  1.74e-02	5.06543e-01
  1.72e-02	  1.80e-02	5.06474e-01
  1.72e-02	  1.85e-02	5.06406e-01
  1.72e-02	  1.90e-02	5.06340e-01
  1.72e-02	  1.95e-02	5.06276e-01
  1.72e-02	  2.01e-02	5.06215e-01
  1.72e-02	  2.06e-02	5.06158e-01
  1.72e-02	  2.11e-02	5.06105e-01
  1.72e-02	  2.16e-02	5.06058e-01
  1.72e-02	  2.21e-02	5.06016e-01
  1.72e-02	  2.27e-02	5.05981e-01
  1.72e-02	  2.32e-02	5.05953e-01
  1.72e-02	  2.37e-02	5.05933e-01
  1.72e-02	  2.42e-02	5.05921e-01
  1.72e-02	  2.47e-02	5.05916e-01
  1.72e-02	  2.53e-02	5.05921e-01
  1.72e-02	  2.58e-02	5.05933e-01
  1.72e-02	  2.63e-02	5.05953e-01
  1.72e-02	  2.68e-02	5.05981e-01
  1.72e-02	  2.73e-02	5.06017e-01
  1.72e-02	  2.79e-02	5.06058e-01
  1.72e-02	  2.84e-02	5.06106e-01
  1.72e-02	  2.89e-02	5.06159e-01
  1.72e-02	  2.94e-02	5.06216e-01
  1.72e-02	  2.99e-02	5.06278e-01
  1.72e-02	  3.05e-02	5.06341e-01
  1.72e-02	  3.10e-02	5.06408e-01
  1.72e-02	  3.15e-02	5.06475e-01
  1.72e-02	  3.20e-02	5.06544e-01
  1.72e-02	  3.26e-02	5.06612e-01
  1.72e-02	  3.31e-02	5.06679e-01
  1.72e-02	  3.36e-02	5.06741e-01
  1.72e-02	  3.41e-02	5.06798e-01
  1.72e-02	  3.46e-02	5.06850e-01
  1.72e-02	  3.52e-02	5.06895e-01
  1.72e-02	  3.57e-02	5.06935e-01
  1.72e-02	  3.62e-02	5.06969e-01
  1.72e-02	  3.67e-02	5.07033e-01
  1.72e-02	  3.72e-02	5.07299e-01
  1.72e-02	  3.78e-02	5.07942e-01
  1.72e-02	  3.83e-02	5.08259e-01
  1.72e-02	  3.88e-02	5.03602e-01
  1.72e-02	  3.93e-02	4.68338e-01
  1.72e-02	  3.98e-02	3.53630e-01
  1.72e-02	  4.04e-02	1.59662e-33
  1.72e-02	  4.09e-02	2.39531e-66
  1.72e-02	  4.14e-02	3.59359e-99
  1.72e-02	  4.19e-02	5.39135e-132
  1.72e-02	  4.24e-02	8.08855e-165
  1.72e-02	  4.30e-02	1.21352e-197
  1.72e-02	  4.35e-02	1.82066e-230
  1.72e-02	  4.40e-02	2.73159e-263
  1.72e-02	  4.45e-02	4.09832e-296
  1.72e-02	  4.51e-02	0.00000e+00
  1.72e-02	  4.56e-02	0.00000e+00
  1.72e-02	  4.61e-02	0.00000e+00
  1.72e-02	  4.66e-02	0.00000e+00
  1.72e-02	  4.71e-02	0.00000e+00
  1.72e-02	  4.77e-02	0.00000e+00
  1.72e-02	  4.82e-02	0.00000e+00
  1.72e-02	  4.87e-02	0.00000e+00
  1.72e-02	  4.92e-02	0.00000e+00
  1.72e-02	  4.97e-02	0.00000e+00

  1.80e-02	  2.60e-04	0.00000e+00
  1.80e-02	  7.81e-04	0.00000e+00
  1.80e-02	  1.30e-03	0.00000e+00
  1.80e-02	  1.82e-03	0.00000e+00
  1.80e-02	  2.34e-03	0.00000e+00
  1.80e-02	  2.86e-03	0.00000e+00
  1.80e-02	  3.39e-03	0.00000e+00
  1.80e-02	  3.91e-03	0.00000e+00
  1.80e-02	  4.43e-03	0.00000e+00
  1.80e-02	  4.95e-03	4.04590e-296
  1.80e-02	  5.47e-03	2.69609e-263
  1.80e-02	  5.99e-03	1.79663e-230
  1.80e-02	  6.51e-03	1.19727e-197
  1.80e-02	  7.03e-03	7.97869e-165
  1.80e-02	  7.55e-03	5.31713e-132
  1.80e-02	  8.07e-03	3.54347e-99
  1.80e-02	  8.59e-03	2.36149e-66
  1.80e-02	  9.11e-03	1.57380e-33
  1.80e-02	  9.64e-03	3.49771e-01
  1.80e-02	  1.02e-02	4.66249e-01
  1.80e-02	  1.07e-02	5.03444e-01
  1.80e-02	  1.12e-02	5.07980e-01
  1.80e-02	  1.17e-02	5.07648e-01
  1.80e-02	  1.22e-02	5.07500e-01
  1.80e-02	  1.28e-02	5.07404e-01
  1.80e-02	  1.33e-02	5.07335e-01
  1.80e-02	  1.38e-02	5.07278e-01
  1.80e-02	  1.43e-02	5.07219e-01
  1.80e-02	  1.48e-02	5.07155e-01
  1.80e-02	  1.54e-02	5.07090e-01
  1.80e-02	  1.59e-02	5.07022e-01
  1.80e-02	  1.64e-02	5.06955e-01
  1.80e-02	  1.69e-02	5.06887e-01
  1.80e-02	  1.74e-02	5.06818e-01
  1.80e-02	  1.80e-02	5.06749e-01
  1.80e-02	  1.85e-02	5.06680e-01
  1.80e-02	  1.90e-02	5.06612e-01
  1.80e-02	  1.95e-02	5.06545e-01
  1.80e-02	  2.01e-02	5.06481e-01
  1.80e-02	  2.06e-02	5.06420e-01
  1.80e-02	  2.11e-02	5.06364e-01
  1.80e-02	  2.16e-02	5.06314e-01
  1.80e-02	  2.21e-02	5.06269e-01
  1.80e-02	  2.27e-02	5.06232e-01
  1.80e-02	  2.32e-02	5.06203e-01
  1.80e-02	  2.37e-02	5.06181e-01
  1.80e-02	  2.42e-02	5.06168e-01
  1.80e-02	  2.47e-02	5.06164e-01
  1.80e-02	  2.53e-02	5.06169e-01
  1.80e-02	  2.58e-02	5.06183e-01
  1.80e-02	  2.63e-02	5.06205e-01
  1.80e-02	  2.68e-02	5.06236e-01
  1.80e-02	  2.73e-02	5.06274e-01
  1.80e-02	  2.79e-02	5.06319e-01
  1.80e-02	  2.84e-02	5.06371e-01
  1.80e-02	  2.89e-02	5.06427e-01
  1.80e-02	  2.94e-02	5.06489e-01
  1.80e-02	  2.99e-02	5.06554e-01
  1.80e-02	  3.05e-02	5.06621e-01
  1.80e-02	  3.10e-02	5.06690e-01
  1.80e-02	  3.15e-02	5.06760e-01
  1.80e-02	  3.20e-02	5.06830e-01
  1.80e-02	  3.26e-02	5.06899e-01
  1.80e-02	  3.31e-02	5.06968e-01
  1.80e-02	  3.36e-02	5.07036e-01
  1.80e-02	  3.41e-02	5.07103e-01
  1.80e-02	  3.46e-02	5.07169e-01
  1.80e-02	  3.52e-02	5.07230e-01
  1.80e-02	  3.57e-02	5.07286e-01
  1.80e-02	  3.62e-02	5.07340e-01
  1.80e-02	  3.67e-02	5.07406e-01
  1.80e-02	  3.72e-02	5.07497e-01
  1.80e-02	  3.78e-02	5.07675e-01
  1.80e-02	  3.83e-02	5.08026e-01
  1.80e-02	  3.88e-02	5.03352e-01
  1.80e-02	  3.93e-02	4.66119e-01
  1.80e-02	  3.98e-02	3.49619e-01
  1.80e-02	  4.04e-02	1.57284e-33
  1.80e-02	  4.09e-02	2.36000e-66
  1.80e-02	  4.14e-02	3.54114e-99
  1.80e-02	  4.19e-02	5.31350e-132
  1.80e-02	  4.24e-02	7.97304e-165
  1.80e-02	  4.30e-02	1.19639e-197
  1.80e-02	  4.35e-02	1.79527e-230
  1.80e-02	  4.40e-02	2.69396e-263
  1.80e-02	  4.45e-02	4.04259e-296
  1.80e-02	  4.51e-02	0.00000e+00
  1.80e-02	  4.56e-02	0.00000e+00
  1.80e-02	  4.61e-02	0.00000e+00
  1.80e-02	  4.66e-02	0.00000e+00
  1.80e-02	  4.71e-02	0.00000e+00
  1.80e-02	  4.77e-02	0.00000e+00
  1.80e-02	  4.82e-02	0.00000e+00
  1.80e-02	  4.87e-02	0.00000e+00
  1.80e-02	  4.92e-02	0.00000e+00
  1.80e-02	  4.97e-02	0.00000e+00

  1.88e-02	  2.60e-04	0.00000e+00
  1.88e-02	  7.81e-04	0.00000e+00
  1.88e-02	  1.30e-03	0.00000e+00
  1.88e-02	  1.82e-03	0.00000e+00
  1.88e-02	  2.34e-03	0.00000e+00
  1.88e-02	  2.86e-03	0.00000e+00
  1.88e-02	  3.39e-03	0.00000e+00
  1.88e-02	  3.91e-03	0.00000e+00
  1.88e-02	  4.43e-03	0.00000e+00
  1.88e-02	  4.95e-03	4.00702e-296
  1.88e-02	  5.47e-03	2.66944e-263
  1.88e-02	  5.99e-03	1.77839e-230
  1.88e-02	  6.51e-03	1.18480e-197
  1.88e-02	  7.03e-03	7.89357e-165
  1.88e-02	  7.55e-03	5.25908e-132
  1.88e-02	  8.07e-03	3.50393e-99
  1.88e-02	  8.59e-03	2.33459e-66
  1.88e-02	  9.11e-03	1.55552e-33
  1.88e-02	  9.64e-03	3.46638e-01
  1.88e-02	  1.02e-02	4.64667e-01
  1.88e-02	  1.07e-02	5.04104e-01
  1.88e-02	  1.12e-02	5.07573e-01
  1.88e-02	  1.17e-02	5.07688e-01
  1.88e-02	  1.22e-02	5.07613e-01
  1.88e-02	  1.28e-02	5.07536e-01
  1.88e-02	  1.33e-02	5.07473e-01
  1.88e-02	  1.38e-02	5.07419e-01
  1.88e-02	  1.43e-02	5.07364e-01
  1.88e-02	  1.48e-02	5.07310e-01
  1.88e-02	  1.54e-02	5.07257e-01
  1.88e-02	  1.59e-02	5.07202e-01
  1.88e-02	  1.64e-02	5.07145e-01
  1.88e-02	  1.69e-02	5.07084e-01
  1.88e-02	  1.74e-02	5.07021e-01
  1.88e-02	  1.80e-02	5.06954e-01
  1.88e-02	  1.85e-02	5.06886e-01
  1.88e-02	  1.90e-02	5.06818e-01
  1.88e-02	  1.95e-02	5.06750e-01
  1.88e-02	  2.01e-02	5.06684e-01
  1.88e-02	  2.06e-02	5.06620e-01
  1.88e-02	  2.11e-02	5.06562e-01
  1.88e-02	  2.16e-02	5.06508e-01
  1.88e-02	  2.21e-02	5.06461e-01
  1.88e-02	  2.27e-02	5.06422e-01
  1.88e-02	  2.32e-02	5.06391e-01
  1.88e-02	  2.37e-02	5.06368e-01
  1.88e-02	  2.42e-02	5.06355e-01
  1.88e-02	  2.47e-02	5.06351e-01
  1.88e-02	  2.53e-02	5.06356e-01
  1.88e-02	  2.58e-02	5.06371e-01
  1.88e-02	  2.63e-02	5.06396e-01
  1.88e-02	  2.68e-02	5.06429e-01
  1.88e-02	  2.73e-02	5.06470e-01
  1.88e-02	  2.79e-02	5.06519e-01
  1.88e-02	  2.84e-02	5.06574e-01
  1.88e-02	  2.89e-02	5.06634e-01
  1.88e-02	  2.94e-02	5.06699e-01
  1.88e-02	  2.99e-02	5.06766e-01
  1.88e-02	  3.05e-02	5.06836e-01
  1.88e-02	  3.10e-02	5.06906e-01
  1.88e-02	  3.15e-02	5.06976e-01
  1.88e-02	  3.20e-02	5.07043e-01
  1.88e-02	  3.26e-02	5.07108e-01
  1.88e-02	  3.31e-02	5.07170e-01
  1.88e-02	  3.36e-02	5.07230e-01
  1.88e-02	  3.41e-02	5.07287e-01
  1.88e-02	  3.46e-02	5.07342e-01
  1.88e-02	  3.52e-02	5.07398e-01
  1.88e-02	  3.57e-02	5.07454e-01
  1.88e-02	  3.62e-02	5.07509e-01
  1.88e-02	  3.67e-02	5.07571e-01
  1.88e-02	  3.72e-02	5.07647e-01
  1.88e-02	  3.78e-02	5.07725e-01
  1.88e-02	  3.83e-02	5.07661e-01
  1.88e-02	  3.88e-02	5.03855e-01
  1.88e-02	  3.93e-02	4.64445e-01
  1.88e-02	  3.98e-02	3.46395e-01
  1.88e-02	  4.04e-02	1.55398e-33
  1.88e-02	  4.09e-02	2.33219e-66
  1.88e-02	  4.14e-02	3.50019e-99
  1.88e-02	  4.19e-02	5.25326e-132
  1.88e-02	  4.24e-02	7.88453e-165
  1.88e-02	  4.30e-02	1.18340e-197
  1.88e-02	  4.35e-02	1.77622e-230
  1.88e-02	  4.40e-02	2.66607e-263
  1.88e-02	  4.45e-02	4.00181e-296
  1.88e-02	  4.51e-02	0.00000e+00
  1.88e-02	  4.56e-02	0.00000e+00
  1.88e-02	  4.61e-02	0.00000e+00
  1.88e-02	  4.66e-02	0.00000e+00
  1.88e-02	  4.71e-02	0.00000e+00
  1.88e-02	  4.77e-02	0.00000e+00
  1.88e-02	  4.82e-02	0.00000e+00
  1.88e-02	  4.87e-02	0.00000e+00
  1.88e-02	  4.92e-02	0.00000e+00
  1.88e-02	  4.97e-02	0.00000e+00

  1.95e-02	  2.60e-04	0.00000e+00
  1.95e-02	  7.81e-04	0.00000e+00
  1.95e-02	  1.30e-03	0.00000e+00
  1.95e-02	  1.82e-03	0.00000e+00
  1.95e-02	  2.34e-03	0.00000e+00
  1.95e-02	  2.86e-03	0.00000e+00
  1.95e-02	  3.39e-03	0.00000e+00
  1.95e-02	  3.91e-03	0.00000e+00
  1.95e-02	  4.43e-03	0.00000e+00
  1.95e-02	  4.95e-03	3.98648e-296
  1.95e-02	  5.47e-03	2.65499e-263
  1.95e-02	  5.99e-03	1.76825e-230
  1.95e-02	  6.51e-03	1.17769e-197
  1.95e-02	  7.03e-03	7.84378e-165
  1.95e-02	  7.55e-03	5.22430e-132
  1.95e-02	  8.07e-03	3.47969e-99
  1.95e-02	  8.59e-03	2.31772e-66
  1.95e-02	  9.11e-03	1.54380e-33
  1.95e-02	  9.64e-03	3.44575e-01
  1.95e-02	  1.02e-02	4.64162e-01
  1.95e-02	  1.07e-02	5.05424e-01
  1.95e-02	  1.12e-02	5.07148e-01
  1.95e-02	  1.17e-02	5.07419e-01
  1.95e-02	  1.22e-02	5.07449e-01
  1.95e-02	  1.28e-02	5.07431e-01
  1.95e-02	  1.33e-02	5.07411e-01
  1.95e-02	  1.38e-02	5.07392e-01
  1.95e-02	  1.43e-02	5.07372e-01
  1.95e-02	  1.48e-02	5.07349e-01
  1.95e-02	  1.54e-02	5.07321e-01
  1.95e-02	  1.59e-02	5.07287e-01
  1.95e-02	  1.64e-02	5.07246e-01
  1.95e-02	  1.69e-02	5.07198e-01
  1.95e-02	  1.74e-02	5.07144e-01
  1.95e-02	  1.80e-02	5.07084e-01
  1.95e-02	  1.85e-02	5.07020e-01
  1.95e-02	  1.90e-02	5.06953e-01
  1.95e-02	  1.95e-02	5.06886e-01
  1.95e-02	  2.01e-02	5.06819e-01
  1.95e-02	  2.06e-02	5.06754e-01
  1.95e-02	  2.11e-02	5.06694e-01
  1.95e-02	  2.16e-02	5.06638e-01
  1.95e-02	  2.21e-02	5.06589e-01
  1.95e-02	  2.27e-02	5.06547e-01
  1.95e-02	  2.32e-02	5.06514e-01
  1.95e-02	  2.37e-02	5.06491e-01
  1.95e-02	  2.42e-02	5.06477e-01
  1.95e-02	  2.47e-02	5.06473e-01
  1.95e-02	  2.53e-02	5.06479e-01
  1.95e-02	  2.58e-02	5.06496e-01
  1.95e-02	  2.63e-02	5.06522e-01
  1.95e-02	  2.68e-02	5.06557e-01
  1.95e-02	  2.73e-02	5.06601e-01
  1.95e-02	  2.79e-02	5.06653e-01
  1.95e-02	  2.84e-02	5.06711e-01
  1.95e-02	  2.89e-02	5.06774e-01
  1.95e-02	  2.94e-02	5.06841e-01
  1.95e-02	  2.99e-02	5.06910e-01
  1.95e-02	  3.05e-02	5.06980e-01
  1.95e-02	  3.10e-02	5.07049e-01
  1.95e-02	  3.15e-02	5.07116e-01
  1.95e-02	  3.20e-02	5.07178e-01
  1.95e-02	  3.26e-02	5.07235e-01
  1.95e-02	  3.31e-02	5.07286e-01
  1.95e-02	  3.36e-02	5.07331e-01
  1.95e-02	  3.41e-02	5.07368e-01
  1.95e-02	  3.46e-02	5.07400e-01
  1.95e-02	  3.52e-02	5.07427e-01
  1.95e-02	  3.57e-02	5.07452e-01
  1.95e-02	  3.62e-02	5.07476e-01
  1.95e-02	  3.67e-02	5.07501e-01
  1.95e-02	  3.72e-02	5.07525e-01
  1.95e-02	  3.78e-02	5.07502e-01
  1.95e-02	  3.83e-02	5.07218e-01
  1.95e-02	  3.88e-02	5.05204e-01
  1.95e-02	  3.93e-02	4.63737e-01
  1.95e-02	  3.98e-02	3.44194e-01
  1.95e-02	  4.04e-02	1.54145e-33
  1.95e-02	  4.09e-02	2.31408e-66
  1.95e-02	  4.14e-02	3.47408e-99
  1.95e-02	  4.19e-02	5.21568e-132
  1.95e-02	  4.24e-02	7.83054e-165
  1.95e-02	  4.30e-02	1.17566e-197
  1.95e-02	  4.35e-02	1.76514e-230
  1.95e-02	  4.40e-02	2.65024e-263
  1.95e-02	  4.45e-02	3.97924e-296
  1.95e-02	  4.51e-02	0.00000e+00
  1.95e-02	  4.56e-02	0.00000e+00
  1.95e-02	  4.61e-02	0.00000e+00
  1.95e-02	  4.66e-02	0.00000e+00
  1.95e-02	  4.71e-02	0.00000e+00
  1.95e-02	  4.77e-02	0.00000e+00
  1.95e-02	  4.82e-02	0.00000e+00
  1.95e-02	  4.87e-02	0.00000e+00
  1.95e-02	  4.92e-02	0.00000e+00
  1.95e-02	  4.97e-02	0.00000e+00

  2.03e-02	  2.60e-04	0.00000e+00
  2.03e-02	  7.81e-04	0.00000e+00
  2.03e-02	  1.30e-03	0.00000e+00
  2.03e-02	  1.82e-03	0.00000e+00
  2.03e-02	  2.34e-03	0.00000e+00
  2.03e-02	  2.86e-03	0.00000e+00
  2.03e-02	  3.39e-03	0.00000e+00
  2.03e-02	  3.91e-03	0.00000e+00
  2.03e-02	  4.43e-03	0.00000e+00
  2.03e-02	  4.95e-03	3.98167e-296
  2.03e-02	  5.47e-03	2.65117e-263
  2.03e-02	  5.99e-03	1.76530e-230
  2.03e-02	  6.51e-03	1.17547e-197
  2.03e-02	  7.03e-03	7.82724e-165
  2.03e-02	  7.55e-03	5.21213e-132
  2.03e-02	  8.07e-03	3.47080e-99
  2.03e-02	  8.59e-03	2.31127e-66
  2.03e-02	  9.11e-03	1.53914e-33
  2.03e-02	  9.64e-03	3.43763e-01
  2.03e-02	  1.02e-02	4.66123e-01
  2.03e-02	  1.07e-02	5.05760e-01
  2.03e-02	  1.12e-02	5.06657e-01
  2.03e-02	  1.17e-02	5.06930e-01
  2.03e-02	  1.22e-02	5.07051e-01
  2.03e-02	  1.28e-02	5.07115e-01
  2.03e-02	  1.33e-02	5.07170e-01
  2.03e-02	  1.38e-02	5.07213e-01
  2.03e-02	  1.43e-02	5.07246e-01
  2.03e-02	  1.48e-02	5.07267e-01
  2.03e-02	  1.54e-02	5.07275e-01
  2.03e-02	  1.59e-02	5.07270e-01
  2.03e-02	  1.64e-02	5.07253e-01
  2.03e-02	  1.69e-02	5.07223e-01
  2.03e-02	  1.74e-02	5.07183e-01
  2.03e-02	  1.80e-02	5.07133e-01
  2.03e-02	  1.85e-02	5.07077e-01
  2.03e-02	  1.90e-02	5.07015e-01
  2.03e-02	  1.95e-02	5.06950e-01
  2.03e-02	  2.01e-02	5.06884e-01
  2.03e-02	  2.06e-02	5.06819e-01
  2.03e-02	  2.11e-02	5.06758e-01
  2.03e-02	  2.16e-02	5.06700e-01
  2.03e-02	  2.21e-02	5.06650e-01
  2.03e-02	  2.27e-02	5.06606e-01
  2.03e-02	  2.32e-02	5.06572e-01
  2.03e-02	  2.37e-02	5.06547e-01
  2.03e-02	  2.42e-02	5.06533e-01
  2.03e-02	  2.47e-02	5.06529e-01
  2.03e-02	  2.53e-02	5.06536e-01
  2.03e-02	  2.58e-02	5.06554e-01
  2.03e-02	  2.63e-02	5.06582e-01
  2.03e-02	  2.68e-02	5.06620e-01
  2.03e-02	  2.73e-02	5.06666e-01
  2.03e-02	  2.79e-02	5.06720e-01
  2.03e-02	  2.84e-02	5.06781e-01
  2.03e-02	  2.89e-02	5.06846e-01
  2.03e-02	  2.94e-02	5.06914e-01
  2.03e-02	  2.99e-02	5.06983e-01
  2.03e-02	  3.05e-02	5.07051e-01
  2.03e-02	  3.10e-02	5.07117e-01
  2.03e-02	  3.15e-02	5.07177e-01
  2.03e-02	  3.20e-02	5.07230e-01
  2.03e-02	  3.26e-02	5.07274e-01
  2.03e-02	  3.31e-02	5.07308e-01
  2.03e-02	  3.36e-02	5.07330e-01
  2.03e-02	  3.41e-02	5.07340e-01
  2.03e-02	  3.46e-02	5.07337e-01
  2.03e-02	  3.52e-02	5.07322e-01
  2.03e-02	  3.57e-02	5.07296e-01
  2.03e-02	  3.62e-02	5.07261e-01
  2.03e-02	  3.67e-02	5.07213e-01
  2.03e-02	  3.72e-02	5.07157e-01
  2.03e-02	  3.78e-02	5.07042e-01
  2.03e-02	  3.83e-02	5.06767e-01
  2.03e-02	  3.88e-02	5.05833e-01
  2.03e-02	  3.93e-02	4.65211e-01
  2.03e-02	  3.98e-02	3.43250e-01
  2.03e-02	  4.04e-02	1.53610e-33
  2.03e-02	  4.09e-02	2.30665e-66
  2.03e-02	  4.14e-02	3.46377e-99
  2.03e-02	  4.19e-02	5.20145e-132
  2.03e-02	  4.24e-02	7.81099e-165
  2.03e-02	  4.30e-02	1.17299e-197
  2.03e-02	  4.35e-02	1.76153e-230
  2.03e-02	  4.40e-02	2.64542e-263
  2.03e-02	  4.45e-02	3.97290e-296
  2.03e-02	  4.51e-02	0.00000e+00
  2.03e-02	  4.56e-02	0.00000e+00
  2.03e-02	  4.61e-02	0.00000e+00
  2.03e-02	  4.66e-02	0.00000e+00
  2.03e-02	  4.71e-02	0.00000e+00
  2.03e-02	  4.77e-02	0.00000e+00
  2.03e-02	  4.82e-02	0.00000e+00
  2.03e-02	  4.87e-02	0.00000e+00
  2.03e-02	  4.92e-02	0.00000e+00
  2.03e-02	  4.97e-02	0.00000e+00

  2.11e-02	  2.60e-04	0.00000e+00
  2.11e-02	  7.81e-04	0.00000e+00
  2.11e-02	  1.30e-03	0.00000e+00
  2.11e-02	  1.82e-03	0.00000e+00
  2.11e-02	  2.34e-03	0.00000e+00
  2.11e-02	  2.86e-03	0.00000e+00
  2.11e-02	  3.39e-03	0.00000e+00
  2.11e-02	  3.91e-03	0.00000e+00
  2.11e-02	  4.43e-03	0.00000e+00
  2.11e-02	  4.95e-03	3.99973e-296
  2.11e-02	  5.47e-03	2.66137e-263
  2.11e-02	  5.99e-03	1.77099e-230
  2.11e-02	  6.51e-03	1.17859e-197
  2.11e-02	  7.03e-03	7.84404e-165
  2.11e-02	  7.55e-03	5.22094e-132
  2.11e-02	  8.07e-03	3.47528e-99
  2.11e-02	  8.59e-03	2.31345e-66
  2.11e-02	  9.11e-03	1.54013e-33
  2.11e-02	  9.64e-03	3.43846e-01
  2.11e-02	  1.02e-02	4.72912e-01
  2.11e-02	  1.07e-02	5.03534e-01
  2.11e-02	  1.12e-02	5.05643e-01
  2.11e-02	  1.17e-02	5.06192e-01
  2.11e-02	  1.22e-02	5.06456e-01
  2.11e-02	  1.28e-02	5.06625e-01
  2.11e-02	  1.33e-02	5.06764e-01
  2.11e-02	  1.38e-02	5.06884e-01
  2.11e-02	  1.43e-02	5.06982e-01
  2.11e-02	  1.48e-02	5.07059e-01
  2.11e-02	  1.54e-02	5.07114e-01
  2.11e-02	  1.59e-02	5.07148e-01
  2.11e-02	  1.64e-02	5.07161e-01
  2.11e-02	  1.69e-02	5.07157e-01
  2.11e-02	  1.74e-02	5.07136e-01
  2.11e-02	  1.80e-02	5.07101e-01
  2.11e-02	  1.85e-02	5.07056e-01
  2.11e-02	  1.90e-02	5.07001e-01
  2.11e-02	  1.95e-02	5.06941e-01
  2.11e-02	  2.01e-02	5.06878e-01
  2.11e-02	  2.06e-02	5.06815e-01
  2.11e-02	  2.11e-02	5.06753e-01
  2.11e-02	  2.16e-02	5.06695e-01
  2.11e-02	  2.21e-02	5.06643e-01
  2.11e-02	  2.27e-02	5.06598e-01
  2.11e-02	  2.32e-02	5.06563e-01
  2.11e-02	  2.37e-02	5.06537e-01
  2.11e-02	  2.42e-02	5.06522e-01
  2.11e-02	  2.47e-02	5.06519e-01
  2.11e-02	  2.53e-02	5.06526e-01
  2.11e-02	  2.58e-02	5.06545e-01
  2.11e-02	  2.63e-02	5.06575e-01
  2.11e-02	  2.68e-02	5.06615e-01
  2.11e-02	  2.73e-02	5.06663e-01
  2.11e-02	  2.79e-02	5.06720e-01
  2.11e-02	  2.84e-02	5.06782e-01
  2.11e-02	  2.89e-02	5.06848e-01
  2.11e-02	  2.94e-02	5.06915e-01
  2.11e-02	  2.99e-02	5.06983e-01
  2.11e-02	  3.05e-02	5.07047e-01
  2.11e-02	  3.10e-02	5.07106e-01
  2.11e-02	  3.15e-02	5.07156e-01
  2.11e-02	  3.20e-02	5.07196e-01
  2.11e-02	  3.26e-02	5.07222e-01
  2.11e-02	  3.31e-02	5.07232e-01
  2.11e-02	  3.36e-02	5.07225e-01
  2.11e-02	  3.41e-02	5.07198e-01
  2.11e-02	  3.46e-02	5.07151e-01
  2.11e-02	  3.52e-02	5.07082e-01
  2.11e-02	  3.57e-02	5.06992e-01
  2.11e-02	  3.62e-02	5.06881e-01
  2.11e-02	  3.67e-02	5.06752e-01
  2.11e-02	  3.72e-02	5.06596e-01
  2.11e-02	  3.78e-02	5.06352e-01
  2.11e-02	  3.83e-02	5.05860e-01
  2.11e-02	  3.88e-02	5.03995e-01
  2.11e-02	  3.93e-02	4.71284e-01
  2.11e-02	  3.98e-02	3.43254e-01
  2.11e-02	  4.04e-02	1.53646e-33
  2.11e-02	  4.09e-02	2.30778e-66
  2.11e-02	  4.14e-02	3.46646e-99
  2.11e-02	  4.19e-02	5.20716e-132
  2.11e-02	  4.24e-02	7.82244e-165
  2.11e-02	  4.30e-02	1.17520e-197
  2.11e-02	  4.35e-02	1.76569e-230
  2.11e-02	  4.40e-02	2.65306e-263
  2.11e-02	  4.45e-02	3.98670e-296
  2.11e-02	  4.51e-02	0.00000e+00
  2.11e-02	  4.56e-02	0.00000e+00
  2.11e-02	  4.61e-02	0.00000e+00
  2.11e-02	  4.66e-02	0.00000e+00
  2.11e-02	  4.71e-02	0.00000e+00
  2.11e-02	  4.77e-02	0.00000e+00
  2.11e-02	  4.82e-02	0.00000e+00
  2.11e-02	  4.87e-02	0.00000e+00
  2.11e-02	  4.92e-02	0.00000e+00
  2.11e-02	  4.97e-02	0.00000e+00

  2.19e-02	  2.60e-04	0.00000e+00
  2.19e-02	  7.81e-04	0.00000e+00
  2.19e-02	  1.30e-03	0.00000e+00
  2.19e-02	  1.82e-03	0.00000e+00
  2.19e-02	  2.34e-03	0.00000e+00
  2.19e-02	  2.86e-03	0.00000e+00
  2.19e-02	  3.39e-03	0.00000e+00
  2.19e-02	  3.91e-03	0.00000e+00
  2.19e-02	  4.43e-03	0.00000e+00
  2.19e-02	  4.95e-03	4.07250e-296
  2.19e-02	  5.47e-03	2.70589e-263
  2.19e-02	  5.99e-03	1.79813e-230
  2.19e-02	  6.51e-03	1.19508e-197
  2.19e-02	  7.03e-03	7.94382e-165
  2.19e-02	  7.55e-03	5.28108e-132
  2.19e-02	  8.07e-03	3.51136e-99
  2.19e-02	  8.59e-03	2.33499e-66
  2.19e-02	  9.11e-03	1.55293e-33
  2.19e-02	  9.64e-03	3.45574e-01
  2.19e-02	  1.02e-02	4.82227e-01
  2.19e-02	  1.07e-02	5.00601e-01
  2.19e-02	  1.12e-02	5.03975e-01
  2.19e-02	  1.17e-02	5.05095e-01
  2.19e-02	  1.22e-02	5.05612e-01
  2.19e-02	  1.28e-02	5.05933e-01
  2.19e-02	  1.33e-02	5.06186e-01
  2.19e-02	  1.38e-02	5.06402e-01
  2.19e-02	  1.43e-02	5.06582e-01
  2.19e-02	  1.48e-02	5.06728e-01
  2.19e-02	  1.54e-02	5.06840e-01
  2.19e-02	  1.59e-02	5.06922e-01
  2.19e-02	  1.64e-02	5.06975e-01
  2.19e-02	  1.69e-02	5.07001e-01
  2.19e-02	  1.74e-02	5.07005e-01
  2.19e-02	  1.80e-02	5.06990e-01
  2.19e-02	  1.85e-02	5.06958e-01
  2.19e-02	  1.90e-02	5.06914e-01
  2.19e-02	  1.95e-02	5.06861e-01
  2.19e-02	  2.01e-02	5.06802e-01
  2.19e-02	  2.06e-02	5.06741e-01
  2.19e-02	  2.11e-02	5.06680e-01
  2.19e-02	  2.16e-02	5.06622e-01
  2.19e-02	  2.21e-02	5.06570e-01
  2.19e-02	  2.27e-02	5.06524e-01
  2.19e-02	  2.32e-02	5.06488e-01
  2.19e-02	  2.37e-02	5.06461e-01
  2.19e-02	  2.42e-02	5.06446e-01
  2.19e-02	  2.47e-02	5.06443e-01
  2.19e-02	  2.53e-02	5.06451e-01
  2.19e-02	  2.58e-02	5.06471e-01
  2.19e-02	  2.63e-02	5.06502e-01
  2.19e-02	  2.68e-02	5.06544e-01
  2.19e-02	  2.73e-02	5.06594e-01
  2.19e-02	  2.79e-02	5.06652e-01
  2.19e-02	  2.84e-02	5.06715e-01
  2.19e-02	  2.89e-02	5.06780e-01
  2.19e-02	  2.94e-02	5.06847e-01
  2.19e-02	  2.99e-02	5.06911e-01
  2.19e-02	  3.05e-02	5.06969e-01
  2.19e-02	  3.10e-02	5.07019e-01
  2.19e-02	  3.15e-02	5.07056e-01
  2.19e-02	  3.20e-02	5.07078e-01
  2.19e-02	  3.26e-02	5.07081e-01
  2.19e-02	  3.31e-02	5.07061e-01
  2.19e-02	  3.36e-02	5.07016e-01
  2.19e-02	  3.41e-02	5.06943e-01
  2.19e-02	  3.46e-02	5.06840e-01
  2.19e-02	  3.52e-02	5.06705e-01
  2.19e-02	  3.57e-02	5.06536e-01
  2.19e-02	  3.62e-02	5.06334e-01
  2.19e-02	  3.67e-02	5.06095e-01
  2.19e-02	  3.72e-02	5.05793e-01
  2.19e-02	  3.78e-02	5.05309e-01
  2.19e-02	  3.83e-02	5.04253e-01
  2.19e-02	  3.88e-02	5.00916e-01
  2.19e-02	  3.93e-02	4.80709e-01
  2.19e-02	  3.98e-02	3.44649e-01
  2.19e-02	  4.04e-02	1.54700e-33
  2.19e-02	  4.09e-02	2.32564e-66
  2.19e-02	  4.14e-02	3.49658e-99
  2.19e-02	  4.19e-02	5.25772e-132
  2.19e-02	  4.24e-02	7.90691e-165
  2.19e-02	  4.30e-02	1.18925e-197
  2.19e-02	  4.35e-02	1.78896e-230
  2.19e-02	  4.40e-02	2.69144e-263
  2.19e-02	  4.45e-02	4.04979e-296
  2.19e-02	  4.51e-02	0.00000e+00
  2.19e-02	  4.56e-02	0.00000e+00
  2.19e-02	  4.61e-02	0.00000e+00
  2.19e-02	  4.66e-02	0.00000e+00
  2.19e-02	  4.71e-02	0.00000e+00
  2.19e-02	  4.77e-02	0.00000e+00
  2.19e-02	  4.82e-02	0.00000e+00
  2.19e-02	  4.87e-02	0.00000e+00
  2.19e-02	  4.92e-02	0.00000e+00
  2.19e-02	  4.97e-02	0.00000e+00

  2.27e-02	  2.60e-04	0.00000e+00
  2.27e-02	  7.81e-04	0.00000e+00
  2.27e-02	  1.30e-03	0.00000e+00
  2.27e-02	  1.82e-03	0.00000e+00
  2.27e-02	  2.34e-03	0.00000e+00
  2.27e-02	  2.86e-03	0.00000e+00
  2.27e-02	  3.39e-03	0.00000e+00
  2.27e-02	  3.91e-03	0.00000e+00
  2.27e-02	  4.43e-03	0.00000e+00
  2.27e-02	  4.95e-03	4.23627e-296
  2.27e-02	  5.47e-03	2.80926e-263
  2.27e-02	  5.99e-03	1.86325e-230
  2.27e-02	  6.51e-03	1.23602e-197
  2.27e-02	  7.03e-03	8.20070e-165
  2.27e-02	  7.55e-03	5.44189e-132
  2.27e-02	  8.07e-03	3.61178e-99
  2.27e-02	  8.59e-03	2.39754e-66
  2.27e-02	  9.11e-03	1.59179e-33
  2.27e-02	  9.64e-03	3.51441e-01
  2.27e-02	  1.02e-02	4.88337e-01
  2.27e-02	  1.07e-02	4.99158e-01
  2.27e-02	  1.12e-02	5.02358e-01
  2.27e-02	  1.17e-02	5.03802e-01
  2.27e-02	  1.22e-02	5.04559e-01
  2.27e-02	  1.28e-02	5.05053e-01
  2.27e-02	  1.33e-02	5.05444e-01
  2.27e-02	  1.38e-02	5.05776e-01
  2.27e-02	  1.43e-02	5.06054e-01
  2.27e-02	  1.48e-02	5.06282e-01
  2.27e-02	  1.54e-02	5.06463e-01
  2.27e-02	  1.59e-02	5.06601e-01
  2.27e-02	  1.64e-02	5.06700e-01
  2.27e-02	  1.69e-02	5.06763e-01
  2.27e-02	  1.74e-02	5.06796e-01
  2.27e-02	  1.80e-02	5.06803e-01
  2.27e-02	  1.85e-02	5.06789e-01
  2.27e-02	  1.90e-02	5.06757e-01
  2.27e-02	  1.95e-02	5.06712e-01
  2.27e-02	  2.01e-02	5.06659e-01
  2.27e-02	  2.06e-02	5.06602e-01
  2.27e-02	  2.11e-02	5.06542e-01
  2.27e-02	  2.16e-02	5.06485e-01
  2.27e-02	  2.21e-02	5.06432e-01
  2.27e-02	  2.27e-02	5.06386e-01
  2.27e-02	  2.32e-02	5.06349e-01
  2.27e-02	  2.37e-02	5.06322e-01
  2.27e-02	  2.42e-02	5.06307e-01
  2.27e-02	  2.47e-02	5.06304e-01
  2.27e-02	  2.53e-02	5.06313e-01
  2.27e-02	  2.58e-02	5.06334e-01
  2.27e-02	  2.63e-02	5.06366e-01
  2.27e-02	  2.68e-02	5.06409e-01
  2.27e-02	  2.73e-02	5.06461e-01
  2.27e-02	  2.79e-02	5.06519e-01
  2.27e-02	  2.84e-02	5.06582e-01
  2.27e-02	  2.89e-02	5.06647e-01
  2.27e-02	  2.94e-02	5.06711e-01
  2.27e-02	  2.99e-02	5.06770e-01
  2.27e-02	  3.05e-02	5.06821e-01
  2.27e-02	  3.10e-02	5.06859e-01
  2.27e-02	  3.15e-02	5.06881e-01
  2.27e-02	  3.20e-02	5.06881e-01
  2.27e-02	  3.26e-02	5.06856e-01
  2.27e-02	  3.31e-02	5.06801e-01
  2.27e-02	  3.36e-02	5.06712e-01
  2.27e-02	  3.41e-02	5.06584e-01
  2.27e-02	  3.46e-02	5.06414e-01
  2.27e-02	  3.52e-02	5.06199e-01
  2.27e-02	  3.57e-02	5.05935e-01
  2.27e-02	  3.62e-02	5.05618e-01
  2.27e-02	  3.67e-02	5.05244e-01
  2.27e-02	  3.72e-02	5.04768e-01
  2.27e-02	  3.78e-02	5.04030e-01
  2.27e-02	  3.83e-02	5.02593e-01
  2.27e-02	  3.88e-02	4.99288e-01
  2.27e-02	  3.93e-02	4.87554e-01
  2.27e-02	  3.98e-02	3.49801e-01
  2.27e-02	  4.04e-02	1.58139e-33
  2.27e-02	  4.09e-02	2.38124e-66
  2.27e-02	  4.14e-02	3.58622e-99
  2.27e-02	  4.19e-02	5.40186e-132
  2.27e-02	  4.24e-02	8.13810e-165
  2.27e-02	  4.30e-02	1.22624e-197
  2.27e-02	  4.35e-02	1.84800e-230
  2.27e-02	  4.40e-02	2.78548e-263
  2.27e-02	  4.45e-02	4.19925e-296
  2.27e-02	  4.51e-02	0.00000e+00
  2.27e-02	  4.56e-02	0.00000e+00
  2.27e-02	  4.61e-02	0.00000e+00
  2.27e-02	  4.66e-02	0.00000e+00
  2.27e-02	  4.71e-02	0.00000e+00
  2.27e-02	  4.77e-02	0.00000e+00
  2.27e-02	  4.82e-02	0.00000e+00
  2.27e-02	  4.87e-02	0.00000e+00
  2.27e-02	  4.92e-02	0.00000e+00
  2.27e-02	  4.97e-02	0.00000e+00

  2.34e-02	  2.60e-04	0.00000e+00
  2.34e-02	  7.81e-04	0.00000e+00
  2.34e-02	  1.30e-03	0.00000e+00
  2.34e-02	  1.82e-03	0.00000e+00
  2.34e-02	  2.34e-03	0.00000e+00
  2.34e-02	  2.86e-03	0.00000e+00
  2.34e-02	  3.39e-03	0.00000e+00
  2.34e-02	  3.91e-03	0.00000e+00
  2.34e-02	  4.43e-03	0.00000e+00
  2.34e-02	  4.95e-03	4.50967e-296
  2.34e-02	  5.47e-03	2.98531e-263
  2.34e-02	  5.99e-03	1.97645e-230
  2.34e-02	  6.51e-03	1.30868e-197
  2.34e-02	  7.03e-03	8.66646e-165
  2.34e-02	  7.55e-03	5.73996e-132
  2.34e-02	  8.07e-03	3.80223e-99
  2.34e-02	  8.59e-03	2.51903e-66
  2.34e-02	  9.11e-03	1.66916e-33
  2.34e-02	  9.64e-03	3.63623e-01
  2.34e-02	  1.02e-02	4.89397e-01
  2.34e-02	  1.07e-02	4.98054e-01
  2.34e-02	  1.12e-02	5.00972e-01
  2.34e-02	  1.17e-02	5.02504e-01
  2.34e-02	  1.22e-02	5.03415e-01
  2.34e-02	  1.28e-02	5.04057e-01
  2.34e-02	  1.33e-02	5.04585e-01
  2.34e-02	  1.38e-02	5.05040e-01
  2.34e-02	  1.43e-02	5.05425e-01
  2.34e-02	  1.48e-02	5.05744e-01
  2.34e-02	  1.54e-02	5.06001e-01
  2.34e-02	  1.59e-02	5.06201e-01
  2.34e-02	  1.64e-02	5.06350e-01
  2.34e-02	  1.69e-02	5.06454e-01
  2.34e-02	  1.74e-02	5.06519e-01
  2.34e-02	  1.80e-02	5.06550e-01
  2.34e-02	  1.85e-02	5.06554e-01
  2.34e-02	  1.90e-02	5.06536e-01
  2.34e-02	  1.95e-02	5.06502e-01
  2.34e-02	  2.01e-02	5.06455e-01
  2.34e-02	  2.06e-02	5.06401e-01
  2.34e-02	  2.11e-02	5.06344e-01
  2.34e-02	  2.16e-02	5.06287e-01
  2.34e-02	  2.21e-02	5.06235e-01
  2.34e-02	  2.27e-02	5.06188e-01
  2.34e-02	  2.32e-02	5.06150e-01
  2.34e-02	  2.37e-02	5.06123e-01
  2.34e-02	  2.42e-02	5.06107e-01
  2.34e-02	  2.47e-02	5.06104e-01
  2.34e-02	  2.53e-02	5.06114e-01
  2.34e-02	  2.58e-02	5.06136e-01
  2.34e-02	  2.63e-02	5.06170e-01
  2.34e-02	  2.68e-02	5.06214e-01
  2.34e-02	  2.73e-02	5.06267e-01
  2.34e-02	  2.79e-02	5.06326e-01
  2.34e-02	  2.84e-02	5.06389e-01
  2.34e-02	  2.89e-02	5.06453e-01
  2.34e-02	  2.94e-02	5.06514e-01
  2.34e-02	  2.99e-02	5.06567e-01
  2.34e-02	  3.05e-02	5.06609e-01
  2.34e-02	  3.10e-02	5.06634e-01
  2.34e-02	  3.15e-02	5.06638e-01
  2.34e-02	  3.20e-02	5.06615e-01
  2.34e-02	  3.26e-02	5.06559e-01
  2.34e-02	  3.31e-02	5.06464e-01
  2.34e-02	  3.36e-02	5.06326e-01
  2.34e-02	  3.41e-02	5.06137e-01
  2.34e-02	  3.46e-02	5.05893e-01
  2.34e-02	  3.52e-02	5.05588e-01
  2.34e-02	  3.57e-02	5.05219e-01
  2.34e-02	  3.62e-02	5.04780e-01
  2.34e-02	  3.67e-02	5.04268e-01
  2.34e-02	  3.72e-02	5.03641e-01
  2.34e-02	  3.78e-02	5.02739e-01
  2.34e-02	  3.83e-02	5.01198e-01
  2.34e-02	  3.88e-02	4.98225e-01
  2.34e-02	  3.93e-02	4.89399e-01
  2.34e-02	  3.98e-02	3.61033e-01
  2.34e-02	  4.04e-02	1.65289e-33
  2.34e-02	  4.09e-02	2.49380e-66
  2.34e-02	  4.14e-02	3.76313e-99
  2.34e-02	  4.19e-02	5.67948e-132
  2.34e-02	  4.24e-02	8.57303e-165
  2.34e-02	  4.30e-02	1.29427e-197
  2.34e-02	  4.35e-02	1.95425e-230
  2.34e-02	  4.40e-02	2.95115e-263
  2.34e-02	  4.45e-02	4.45719e-296
  2.34e-02	  4.51e-02	0.00000e+00
  2.34e-02	  4.56e-02	0.00000e+00
  2.34e-02	  4.61e-02	0.00000e+00
  2.34e-02	  4.66e-02	0.00000e+00
  2.34e-02	  4.71e-02	0.00000e+00
  2.34e-02	  4.77e-02	0.00000e+00
  2.34e-02	  4.82e-02	0.00000e+00
  2.34e-02	  4.87e-02	0.00000e+00
  2.34e-02	  4.92e-02	0.00000e+00
  2.34e-02	  4.97e-02	0.00000e+00

  2.42e-02	  2.60e-04	0.00000e+00
  2.42e-02	  7.81e-04	0.00000e+00
  2.42e-02	  1.30e-03	0.00000e+00
  2.42e-02	  1.82e-03	0.00000e+00
  2.42e-02	  2.34e-03	0.00000e+00
  2.42e-02	  2.86e-03	0.00000e+00
  2.42e-02	  3.39e-03	0.00000e+00
  2.42e-02	  3.91e-03	0.00000e+00
  2.42e-02	  4.43e-03	0.00000e+00
  2.42e-02	  4.95e-03	4.87239e-296
  2.42e-02	  5.47e-03	3.22332e-263
  2.42e-02	  5.99e-03	2.13237e-230
  2.42e-02	  6.51e-03	1.41067e-197
  2.42e-02	  7.03e-03	9.33238e-165
  2.42e-02	  7.55e-03	6.17409e-132
  2.42e-02	  8.07e-03	4.08479e-99
  2.42e-02	  8.59e-03	2.70264e-66
  2.42e-02	  9.11e-03	1.78828e-33
  2.42e-02	  9.64e-03	3.82597e-01
  2.42e-02	  1.02e-02	4.86078e-01
  2.42e-02	  1.07e-02	4.96211e-01
  2.42e-02	  1.12e-02	4.99440e-01
  2.42e-02	  1.17e-02	5.01134e-01
  2.42e-02	  1.22e-02	5.02197e-01
  2.42e-02	  1.28e-02	5.02984e-01
  2.42e-02	  1.33e-02	5.03650e-01
  2.42e-02	  1.38e-02	5.04232e-01
  2.42e-02	  1.43e-02	5.04727e-01
  2.42e-02	  1.48e-02	5.05140e-01
  2.42e-02	  1.54e-02	5.05475e-01
  2.42e-02	  1.59e-02	5.05740e-01
  2.42e-02	  1.64e-02	5.05941e-01
  2.42e-02	  1.69e-02	5.06087e-01
  2.42e-02	  1.74e-02	5.06185e-01
  2.42e-02	  1.80e-02	5.06242e-01
  2.42e-02	  1.85e-02	5.06265e-01
  2.42e-02	  1.90e-02	5.06261e-01
  2.42e-02	  1.95e-02	5.06236e-01
  2.42e-02	  2.01e-02	5.06196e-01
  2.42e-02	  2.06e-02	5.06146e-01
  2.42e-02	  2.11e-02	5.06091e-01
  2.42e-02	  2.16e-02	5.06035e-01
  2.42e-02	  2.21e-02	5.05982e-01
  2.42e-02	  2.27e-02	5.05935e-01
  2.42e-02	  2.32e-02	5.05896e-01
  2.42e-02	  2.37e-02	5.05868e-01
  2.42e-02	  2.42e-02	5.05853e-01
  2.42e-02	  2.47e-02	5.05849e-01
  2.42e-02	  2.53e-02	5.05860e-01
  2.42e-02	  2.58e-02	5.05883e-01
  2.42e-02	  2.63e-02	5.05918e-01
  2.42e-02	  2.68e-02	5.05963e-01
  2.42e-02	  2.73e-02	5.06018e-01
  2.42e-02	  2.79e-02	5.06078e-01
  2.42e-02	  2.84e-02	5.06141e-01
  2.42e-02	  2.89e-02	5.06204e-01
  2.42e-02	  2.94e-02	5.06261e-01
  2.42e-02	  2.99e-02	5.06309e-01
  2.42e-02	  3.05e-02	5.06342e-01
  2.42e-02	  3.10e-02	5.06354e-01
  2.42e-02	  3.15e-02	5.06339e-01
  2.42e-02	  3.20e-02	5.06291e-01
  2.42e-02	  3.26e-02	5.06203e-01
  2.42e-02	  3.31e-02	5.06067e-01
  2.42e-02	  3.36e-02	5.05877e-01
  2.42e-02	  3.41e-02	5.05625e-01
  2.42e-02	  3.46e-02	5.05303e-01
  2.42e-02	  3.52e-02	5.04905e-01
  2.42e-02	  3.57e-02	5.04427e-01
  2.42e-02	  3.62e-02	5.03863e-01
  2.42e-02	  3.67e-02	5.03215e-01
  2.42e-02	  3.72e-02	5.02447e-01
  2.42e-02	  3.78e-02	5.01399e-01
  2.42e-02	  3.83e-02	4.99724e-01
  2.42e-02	  3.88e-02	4.96546e-01
  2.42e-02	  3.93e-02	4.86647e-01
  2.42e-02	  3.98e-02	3.79105e-01
  2.42e-02	  4.04e-02	1.76639e-33
  2.42e-02	  4.09e-02	2.66917e-66
  2.42e-02	  4.14e-02	4.03371e-99
  2.42e-02	  4.19e-02	6.09628e-132
  2.42e-02	  4.24e-02	9.21410e-165
  2.42e-02	  4.30e-02	1.39271e-197
  2.42e-02	  4.35e-02	2.10516e-230
  2.42e-02	  4.40e-02	3.18215e-263
  2.42e-02	  4.45e-02	4.81018e-296
  2.42e-02	  4.51e-02	0.00000e+00
  2.42e-02	  4.56e-02	0.00000e+00
  2.42e-02	  4.61e-02	0.00000e+00
  2.42e-02	  4.66e-02	0.00000e+00
  2.42e-02	  4.71e-02	0.00000e+00
  2.42e-02	  4.77e-02	0.00000e+00
  2.42e-02	  4.82e-02	0.00000e+00
  2.42e-02	  4.87e-02	0.00000e+00
  2.42e-02	  4.92e-02	0.00000e+00
  2.42e-02	  4.97e-02	0.00000e+00

  2.50e-02	  2.60e-04	0.00000e+00
  2.50e-02	  7.81e-04	0.00000e+00
  2.50e-02	  1.30e-03	0.00000e+00
  2.50e-02	  1.82e-03	0.00000e+00
  2.50e-02	  2.34e-03	0.00000e+00
  2.50e-02	  2.86e-03	0.00000e+00
  2.50e-02	  3.39e-03	0.00000e+00
  2.50e-02	  3.91e-03	0.00000e+00
  2.50e-02	  4.43e-03	0.00000e+00
  2.50e-02	  4.95e-03	5.25872e-296
  2.50e-02	  5.47e-03	3.48177e-263
  2.50e-02	  5.99e-03	2.30494e-230
  2.50e-02	  6.51e-03	1.52568e-197
  2.50e-02	  7.03e-03	1.00976e-164
  2.50e-02	  7.55e-03	6.68226e-132
  2.50e-02	  8.07e-03	4.42167e-99
  2.50e-02	  8.59e-03	2.92560e-66
  2.50e-02	  9.11e-03	1.93561e-33
  2.50e-02	  9.64e-03	4.06111e-01
  2.50e-02	  1.02e-02	4.81145e-01
  2.50e-02	  1.07e-02	4.93294e-01
  2.50e-02	  1.12e-02	4.97446e-01
  2.50e-02	  1.17e-02	4.99548e-01
  2.50e-02	  1.22e-02	5.00862e-01
  2.50e-02	  1.28e-02	5.01840e-01
  2.50e-02	  1.33e-02	5.02665e-01
  2.50e-02	  1.38e-02	5.03382e-01
  2.50e-02	  1.43e-02	5.03991e-01
  2.50e-02	  1.48e-02	5.04499e-01
  2.50e-02	  1.54e-02	5.04912e-01
  2.50e-02	  1.59e-02	5.05241e-01
  2.50e-02	  1.64e-02	5.05494e-01
  2.50e-02	  1.69e-02	5.05681e-01
  2.50e-02	  1.74e-02	5.05810e-01
  2.50e-02	  1.80e-02	5.05892e-01
  2.50e-02	  1.85e-02	5.05933e-01
  2.50e-02	  1.90e-02	5.05942e-01
  2.50e-02	  1.95e-02	5.05926e-01
  2.50e-02	  2.01e-02	5.05892e-01
  2.50e-02	  2.06e-02	5.05845e-01
  2.50e-02	  2.11e-02	5.05791e-01
  2.50e-02	  2.16e-02	5.05735e-01
  2.50e-02	  2.21e-02	5.05681e-01
  2.50e-02	  2.27e-02	5.05633e-01
  2.50e-02	  2.32e-02	5.05593e-01
  2.50e-02	  2.37e-02	5.05565e-01
  2.50e-02	  2.42e-02	5.05548e-01
  2.50e-02	  2.47e-02	5.05545e-01
  2.50e-02	  2.53e-02	5.05556e-01
  2.50e-02	  2.58e-02	5.05580e-01
  2.50e-02	  2.63e-02	5.05617e-01
  2.50e-02	  2.68e-02	5.05664e-01
  2.50e-02	  2.73e-02	5.05720e-01
  2.50e-02	  2.79e-02	5.05782e-01
  2.50e-02	  2.84e-02	5.05846e-01
  2.50e-02	  2.89e-02	5.05907e-01
  2.50e-02	  2.94e-02	5.05962e-01
  2.50e-02	  2.99e-02	5.06005e-01
  2.50e-02	  3.05e-02	5.06029e-01
  2.50e-02	  3.10e-02	5.06029e-01
  2.50e-02	  3.15e-02	5.05997e-01
  2.50e-02	  3.20e-02	5.05925e-01
  2.50e-02	  3.26e-02	5.05805e-01
  2.50e-02	  3.31e-02	5.05629e-01
  2.50e-02	  3.36e-02	5.05388e-01
  2.50e-02	  3.41e-02	5.05072e-01
  2.50e-02	  3.46e-02	5.04673e-01
  2.50e-02	  3.52e-02	5.04181e-01
  2.50e-02	  3.57e-02	5.03590e-01
  2.50e-02	  3.62e-02	5.02893e-01
  2.50e-02	  3.67e-02	5.02093e-01
  2.50e-02	  3.72e-02	5.01144e-01
  2.50e-02	  3.78e-02	4.99867e-01
  2.50e-02	  3.83e-02	4.97827e-01
  2.50e-02	  3.88e-02	4.93801e-01
  2.50e-02	  3.93e-02	4.81765e-01
  2.50e-02	  3.98e-02	4.02205e-01
  2.50e-02	  4.04e-02	1.91106e-33
  2.50e-02	  4.09e-02	2.88869e-66
  2.50e-02	  4.14e-02	4.36627e-99
  2.50e-02	  4.19e-02	6.59931e-132
  2.50e-02	  4.24e-02	9.97371e-165
  2.50e-02	  4.30e-02	1.50722e-197
  2.50e-02	  4.35e-02	2.27749e-230
  2.50e-02	  4.40e-02	3.44102e-263
  2.50e-02	  4.45e-02	5.19834e-296
  2.50e-02	  4.51e-02	0.00000e+00
  2.50e-02	  4.56e-02	0.00000e+00
  2.50e-02	  4.61e-02	0.00000e+00
  2.50e-02	  4.66e-02	0.00000e+00
  2.50e-02	  4.71e-02	0.00000e+00
  2.50e-02	  4.77e-02	0.00000e+00
  2.50e-02	  4.82e-02	0.00000e+00
  2.50e-02	  4.87e-02	0.00000e+00
  2.50e-02	  4.92e-02	0.00000e+00
  2.50e-02	  4.97e-02	0.00000e+00

  2.58e-02	  2.60e-04	0.00000e+00
  2.58e-02	  7.81e-04	0.00000e+00
  2.58e-02	  1.30e-03	0.00000e+00
  2.58e-02	  1.82e-03	0.00000e+00
  2.58e-02	  2.34e-03	0.00000e+00
  2.58e-02	  2.86e-03	0.00000e+00
  2.58e-02	  3.39e-03	0.00000e+00
  2.58e-02	  3.91e-03	0.00000e+00
  2.58e-02	  4.43e-03	0.00000e+00
  2.58e-02	  4.95e-03	5.59059e-296
  2.58e-02	  5.47e-03	3.70800e-263
  2.58e-02	  5.99e-03	2.45893e-230
  2.58e-02	  6.51e-03	1.63034e-197
  2.58e-02	  7.03e-03	1.08076e-164
  2.58e-02	  7.55e-03	7.16321e-132
  2.58e-02	  8.07e-03	4.74688e-99
  2.58e-02	  8.59e-03	3.14510e-66
  2.58e-02	  9.11e-03	2.08347e-33
  2.58e-02	  9.64e-03	4.29660e-01
  2.58e-02	  1.02e-02	4.77930e-01
  2.58e-02	  1.07e-02	4.89977e-01
  2.58e-02	  1.12e-02	4.95080e-01
  2.58e-02	  1.17e-02	4.97757e-01
  2.58e-02	  1.22e-02	4.99423e-01
  2.58e-02	  1.28e-02	5.00651e-01
  2.58e-02	  1.33e-02	5.01662e-01
  2.58e-02	  1.38e-02	5.02525e-01
  2.58e-02	  1.43e-02	5.03250e-01
  2.58e-02	  1.48e-02	5.03850e-01
  2.58e-02	  1.54e-02	5.04339e-01
  2.58e-02	  1.59e-02	5.04727e-01
  2.58e-02	  1.64e-02	5.05027e-01
  2.58e-02	  1.69e-02	5.05251e-01
  2.58e-02	  1.74e-02	5.05410e-01
  2.58e-02	  1.80e-02	5.05513e-01
  2.58e-02	  1.85e-02	5.05570e-01
  2.58e-02	  1.90e-02	5.05590e-01
  2.58e-02	  1.95e-02	5.05581e-01
  2.58e-02	  2.01e-02	5.05550e-01
  2.58e-02	  2.06e-02	5.05505e-01
  2.58e-02	  2.11e-02	5.05452e-01
  2.58e-02	  2.16e-02	5.05395e-01
  2.58e-02	  2.21e-02	5.05339e-01
  2.58e-02	  2.27e-02	5.05289e-01
  2.58e-02	  2.32e-02	5.05248e-01
  2.58e-02	  2.37e-02	5.05218e-01
  2.58e-02	  2.42e-02	5.05201e-01
  2.58e-02	  2.47e-02	5.05198e-01
  2.58e-02	  2.53e-02	5.05209e-01
  2.58e-02	  2.58e-02	5.05235e-01
  2.58e-02	  2.63e-02	5.05273e-01
  2.58e-02	  2.68e-02	5.05323e-01
  2.58e-02	  2.73e-02	5.05381e-01
  2.58e-02	  2.79e-02	5.05445e-01
  2.58e-02	  2.84e-02	5.05511e-01
  2.58e-02	  2.89e-02	5.05573e-01
  2.58e-02	  2.94e-02	5.05626e-01
  2.58e-02	  2.99e-02	5.05665e-01
  2.58e-02	  3.05e-02	5.05683e-01
  2.58e-02	  3.10e-02	5.05672e-01
  2.58e-02	  3.15e-02	5.05625e-01
  2.58e-02	  3.20e-02	5.05531e-01
  2.58e-02	  3.26e-02	5.05383e-01
  2.58e-02	  3.31e-02	5.05170e-01
  2.58e-02	  3.36e-02	5.04881e-01
  2.58e-02	  3.41e-02	5.04505e-01
  2.58e-02	  3.46e-02	5.04031e-01
  2.58e-02	  3.52e-02	5.03447e-01
  2.58e-02	  3.57e-02	5.02741e-01
  2.58e-02	  3.62e-02	5.01901e-01
  2.58e-02	  3.67e-02	5.00919e-01
  2.58e-02	  3.72e-02	4.99728e-01
  2.58e-02	  3.78e-02	4.98111e-01
  2.58e-02	  3.83e-02	4.95505e-01
  2.58e-02	  3.88e-02	4.90483e-01
  2.58e-02	  3.93e-02	4.78190e-01
  2.58e-02	  3.98e-02	4.26074e-01
  2.58e-02	  4.04e-02	2.06087e-33
  2.58e-02	  4.09e-02	3.11179e-66
  2.58e-02	  4.14e-02	4.69789e-99
  2.58e-02	  4.19e-02	7.09131e-132
  2.58e-02	  4.24e-02	1.07023e-164
  2.58e-02	  4.30e-02	1.61493e-197
  2.58e-02	  4.35e-02	2.43643e-230
  2.58e-02	  4.40e-02	3.67518e-263
  2.58e-02	  4.45e-02	5.54276e-296
  2.58e-02	  4.51e-02	0.00000e+00
  2.58e-02	  4.56e-02	0.00000e+00
  2.58e-02	  4.61e-02	0.00000e+00
  2.58e-02	  4.66e-02	0.00000e+00
  2.58e-02	  4.71e-02	0.00000e+00
  2.58e-02	  4.77e-02	0.00000e+00
  2.58e-02	  4.82e-02	0.00000e+00
  2.58e-02	  4.87e-02	0.00000e+00
  2.58e-02	  4.92e-02	0.00000e+00
  2.58e-02	  4.97e-02	0.00000e+00

  2.66e-02	  2.60e-04	0.00000e+00
  2.66e-02	  7.81e-04	0.00000e+00
  2.66e-02	  1.30e-03	0.00000e+00
  2.66e-02	  1.82e-03	0.00000e+00
  2.66e-02	  2.34e-03	0.00000e+00
  2.66e-02	  2.86e-03	0.00000e+00
  2.66e-02	  3.39e-03	0.00000e+00
  2.66e-02	  3.91e-03	0.00000e+00
  2.66e-02	  4.43e-03	0.00000e+00
  2.66e-02	  4.95e-03	5.83171e-296
  2.66e-02	  5.47e-03	3.87447e-263
  2.66e-02	  5.99e-03	2.57375e-230
  2.66e-02	  6.51e-03	1.70946e-197
  2.66e-02	  7.03e-03	1.13523e-164
  2.66e-02	  7.55e-03	7.53775e-132
  2.66e-02	  8.07e-03	5.00415e-99
  2.66e-02	  8.59e-03	3.32160e-66
  2.66e-02	  9.11e-03	2.20440e-33
  2.66e-02	  9.64e-03	4.48725e-01
  2.66e-02	  1.02e-02	4.77832e-01
  2.66e-02	  1.07e-02	4.87714e-01
  2.66e-02	  1.12e-02	4.92998e-01
  2.66e-02	  1.17e-02	4.96068e-01
  2.66e-02	  1.22e-02	4.98047e-01
  2.66e-02	  1.28e-02	4.99515e-01
  2.66e-02	  1.33e-02	5.00713e-01
  2.66e-02	  1.38e-02	5.01714e-01
  2.66e-02	  1.43e-02	5.02545e-01
  2.66e-02	  1.48e-02	5.03229e-01
  2.66e-02	  1.54e-02	5.03783e-01
  2.66e-02	  1.59e-02	5.04223e-01
  2.66e-02	  1.64e-02	5.04563e-01
  2.66e-02	  1.69e-02	5.04818e-01
  2.66e-02	  1.74e-02	5.05000e-01
  2.66e-02	  1.80e-02	5.05120e-01
  2.66e-02	  1.85e-02	5.05189e-01
  2.66e-02	  1.90e-02	5.05216e-01
  2.66e-02	  1.95e-02	5.05211e-01
  2.66e-02	  2.01e-02	5.05183e-01
  2.66e-02	  2.06e-02	5.05137e-01
  2.66e-02	  2.11e-02	5.05082e-01
  2.66e-02	  2.16e-02	5.05023e-01
  2.66e-02	  2.21e-02	5.04965e-01
  2.66e-02	  2.27e-02	5.04912e-01
  2.66e-02	  2.32e-02	5.04868e-01
  2.66e-02	  2.37e-02	5.04837e-01
  2.66e-02	  2.42e-02	5.04819e-01
  2.66e-02	  2.47e-02	5.04815e-01
  2.66e-02	  2.53e-02	5.04828e-01
  2.66e-02	  2.58e-02	5.04855e-01
  2.66e-02	  2.63e-02	5.04895e-01
  2.66e-02	  2.68e-02	5.04948e-01
  2.66e-02	  2.73e-02	5.05010e-01
  2.66e-02	  2.79e-02	5.05077e-01
  2.66e-02	  2.84e-02	5.05145e-01
  2.66e-02	  2.89e-02	5.05209e-01
  2.66e-02	  2.94e-02	5.05263e-01
  2.66e-02	  2.99e-02	5.05301e-01
  2.66e-02	  3.05e-02	5.05315e-01
  2.66e-02	  3.10e-02	5.05297e-01
  2.66e-02	  3.15e-02	5.05238e-01
  2.66e-02	  3.20e-02	5.05127e-01
  2.66e-02	  3.26e-02	5.04956e-01
  2.66e-02	  3.31e-02	5.04711e-01
  2.66e-02	  3.36e-02	5.04381e-01
  2.66e-02	  3.41e-02	5.03953e-01
  2.66e-02	  3.46e-02	5.03413e-01
  2.66e-02	  3.52e-02	5.02744e-01
  2.66e-02	  3.57e-02	5.01929e-01
  2.66e-02	  3.62e-02	5.00949e-01
  2.66e-02	  3.67e-02	4.99779e-01
  2.66e-02	  3.72e-02	4.98342e-01
  2.66e-02	  3.78e-02	4.96396e-01
  2.66e-02	  3.83e-02	4.93351e-01
  2.66e-02	  3.88e-02	4.88011e-01
  2.66e-02	  3.93e-02	4.77678e-01
  2.66e-02	  3.98e-02	4.46025e-01
  2.66e-02	  4.04e-02	2.18716e-33
  2.66e-02	  4.09e-02	3.29658e-66
  2.66e-02	  4.14e-02	4.96790e-99
  2.66e-02	  4.19e-02	7.48530e-132
  2.66e-02	  4.24e-02	1.12765e-164
  2.66e-02	  4.30e-02	1.69850e-197
  2.66e-02	  4.35e-02	2.55794e-230
  2.66e-02	  4.40e-02	3.85166e-263
  2.66e-02	  4.45e-02	5.79882e-296
  2.66e-02	  4.51e-02	0.00000e+00
  2.66e-02	  4.56e-02	0.00000e+00
  2.66e-02	  4.61e-02	0.00000e+00
  2.66e-02	  4.66e-02	0.00000e+00
  2.66e-02	  4.71e-02	0.00000e+00
  2.66e-02	  4.77e-02	0.00000e+00
  2.66e-02	  4.82e-02	0.00000e+00
  2.66e-02	  4.87e-02	0.00000e+00
  2.66e-02	  4.92e-02	0.00000e+00
  2.66e-02	  4.97e-02	0.00000e+00

  2.73e-02	  2.60e-04	0.00000e+00
  2.73e-02	  7.81e-04	0.00000e+00
  2.73e-02	  1.30e-03	0.00000e+00
  2.73e-02	  1.82e-03	0.00000e+00
  2.73e-02	  2.34e-03	0.00000e+00
  2.73e-02	  2.86e-03	0.00000e+00
  2.73e-02	  3.39e-03	0.00000e+00
  2.73e-02	  3.91e-03	0.00000e+00
  2.73e-02	  4.43e-03	0.00000e+00
  2.73e-02	  4.95e-03	5.99237e-296
  2.73e-02	  5.47e-03	3.98592e-263
  2.73e-02	  5.99e-03	2.65105e-230
  2.73e-02	  6.51e-03	1.76305e-197
  2.73e-02	  7.03e-03	1.17238e-164
  2.73e-02	  7.55e-03	7.79522e-132
  2.73e-02	  8.07e-03	5.18250e-99
  2.73e-02	  8.59e-03	3.44510e-66
  2.73e-02	  9.11e-03	2.28988e-33
  2.73e-02	  9.64e-03	4.62031e-01
  2.73e-02	  1.02e-02	4.79762e-01
  2.73e-02	  1.07e-02	4.87081e-01
  2.73e-02	  1.12e-02	4.91784e-01
  2.73e-02	  1.17e-02	4.94846e-01
  2.73e-02	  1.22e-02	4.96962e-01
  2.73e-02	  1.28e-02	4.98577e-01
  2.73e-02	  1.33e-02	4.99908e-01
  2.73e-02	  1.38e-02	5.01012e-01
  2.73e-02	  1.43e-02	5.01924e-01
  2.73e-02	  1.48e-02	5.02670e-01
  2.73e-02	  1.54e-02	5.03273e-01
  2.73e-02	  1.59e-02	5.03752e-01
  2.73e-02	  1.64e-02	5.04122e-01
  2.73e-02	  1.69e-02	5.04399e-01
  2.73e-02	  1.74e-02	5.04596e-01
  2.73e-02	  1.80e-02	5.04727e-01
  2.73e-02	  1.85e-02	5.04802e-01
  2.73e-02	  1.90e-02	5.04833e-01
  2.73e-02	  1.95e-02	5.04829e-01
  2.73e-02	  2.01e-02	5.04798e-01
  2.73e-02	  2.06e-02	5.04750e-01
  2.73e-02	  2.11e-02	5.04691e-01
  2.73e-02	  2.16e-02	5.04628e-01
  2.73e-02	  2.21e-02	5.04565e-01
  2.73e-02	  2.27e-02	5.04509e-01
  2.73e-02	  2.32e-02	5.04462e-01
  2.73e-02	  2.37e-02	5.04428e-01
  2.73e-02	  2.42e-02	5.04409e-01
  2.73e-02	  2.47e-02	5.04405e-01
  2.73e-02	  2.53e-02	5.04418e-01
  2.73e-02	  2.58e-02	5.04447e-01
  2.73e-02	  2.63e-02	5.04491e-01
  2.73e-02	  2.68e-02	5.04547e-01
  2.73e-02	  2.73e-02	5.04613e-01
  2.73e-02	  2.79e-02	5.04685e-01
  2.73e-02	  2.84e-02	5.04757e-01
  2.73e-02	  2.89e-02	5.04826e-01
  2.73e-02	  2.94e-02	5.04883e-01
  2.73e-02	  2.99e-02	5.04923e-01
  2.73e-02	  3.05e-02	5.04937e-01
  2.73e-02	  3.10e-02	5.04915e-01
  2.73e-02	  3.15e-02	5.04849e-01
  2.73e-02	  3.20e-02	5.04728e-01
  2.73e-02	  3.26e-02	5.04540e-01
  2.73e-02	  3.31e-02	5.04273e-01
  2.73e-02	  3.36e-02	5.03912e-01
  2.73e-02	  3.41e-02	5.03444e-01
  2.73e-02	  3.46e-02	5.02852e-01
  2.73e-02	  3.52e-02	5.02118e-01
  2.73e-02	  3.57e-02	5.01218e-01
  2.73e-02	  3.62e-02	5.00129e-01
  2.73e-02	  3.67e-02	4.98815e-01
  2.73e-02	  3.72e-02	4.97214e-01
  2.73e-02	  3.78e-02	4.95103e-01
  2.73e-02	  3.83e-02	4.92004e-01
  2.73e-02	  3.88e-02	4.87158e-01
  2.73e-02	  3.93e-02	4.79424e-01
  2.73e-02	  3.98e-02	4.60233e-01
  2.73e-02	  4.04e-02	2.27827e-33
  2.73e-02	  4.09e-02	3.42839e-66
  2.73e-02	  4.14e-02	5.15845e-99
  2.73e-02	  4.19e-02	7.76062e-132
  2.73e-02	  4.24e-02	1.16741e-164
  2.73e-02	  4.30e-02	1.75590e-197
  2.73e-02	  4.35e-02	2.64077e-230
  2.73e-02	  4.40e-02	3.97115e-263
  2.73e-02	  4.45e-02	5.97117e-296
  2.73e-02	  4.51e-02	0.00000e+00
  2.73e-02	  4.56e-02	0.00000e+00
  2.73e-02	  4.61e-02	0.00000e+00
  2.73e-02	  4.66e-02	0.00000e+00
  2.73e-02	  4.71e-02	0.00000e+00
  2.73e-02	  4.77e-02	0.00000e+00
  2.73e-02	  4.82e-02	0.00000e+00
  2.73e-02	  4.87e-02	0.00000e+00
  2.73e-02	  4.92e-02	0.00000e+00
  2.73e-02	  4.97e-02	0.00000e+00

  2.81e-02	  2.60e-04	0.00000e+00
  2.81e-02	  7.81e-04	0.00000e+00
  2.81e-02	  1.30e-03	0.00000e+00
  2.81e-02	  1.82e-03	0.00000e+00
  2.81e-02	  2.34e-03	0.00000e+00
  2.81e-02	  2.86e-03	0.00000e+00
  2.81e-02	  3.39e-03	0.00000e+00
  2.81e-02	  3.91e-03	0.00000e+00
  2.81e-02	  4.43e-03	0.00000e+00
  2.81e-02	  4.95e-03	6.09807e-296
  2.81e-02	  5.47e-03	4.05921e-263
  2.81e-02	  5.99e-03	2.70188e-230
  2.81e-02	  6.51e-03	1.79831e-197
  2.81e-02	  7.03e-03	1.19684e-164
  2.81e-02	  7.55e-03	7.96489e-132
  2.81e-02	  8.07e-03	5.30021e-99
  2.81e-02	  8.59e-03	3.52676e-66
  2.81e-02	  9.11e-03	2.34652e-33
  2.81e-02	  9.64e-03	4.70742e-01
  2.81e-02	  1.02e-02	4.82302e-01
  2.81e-02	  1.07e-02	4.87596e-01
  2.81e-02	  1.12e-02	4.91451e-01
  2.81e-02	  1.17e-02	4.94213e-01
  2.81e-02	  1.22e-02	4.96277e-01
  2.81e-02	  1.28e-02	4.97932e-01
  2.81e-02	  1.33e-02	4.99315e-01
  2.81e-02	  1.38e-02	5.00468e-01
  2.81e-02	  1.43e-02	5.01422e-01
  2.81e-02	  1.48e-02	5.02203e-01
  2.81e-02	  1.54e-02	5.02834e-01
  2.81e-02	  1.59e-02	5.03333e-01
  2.81e-02	  1.64e-02	5.03720e-01
  2.81e-02	  1.69e-02	5.04008e-01
  2.81e-02	  1.74e-02	5.04212e-01
  2.81e-02	  1.80e-02	5.04346e-01
  2.81e-02	  1.85e-02	5.04422e-01
  2.81e-02	  1.90e-02	5.04450e-01
  2.81e-02	  1.95e-02	5.04442e-01
  2.81e-02	  2.01e-02	5.04407e-01
  2.81e-02	  2.06e-02	5.04353e-01
  2.81e-02	  2.11e-02	5.04287e-01
  2.81e-02	  2.16e-02	5.04218e-01
  2.81e-02	  2.21e-02	5.04150e-01
  2.81e-02	  2.27e-02	5.04088e-01
  2.81e-02	  2.32e-02	5.04037e-01
  2.81e-02	  2.37e-02	5.04000e-01
  2.81e-02	  2.42e-02	5.03979e-01
  2.81e-02	  2.47e-02	5.03975e-01
  2.81e-02	  2.53e-02	5.03989e-01
  2.81e-02	  2.58e-02	5.04020e-01
  2.81e-02	  2.63e-02	5.04068e-01
  2.81e-02	  2.68e-02	5.04128e-01
  2.81e-02	  2.73e-02	5.04200e-01
  2.81e-02	  2.79e-02	5.04278e-01
  2.81e-02	  2.84e-02	5.04357e-01
  2.81e-02	  2.89e-02	5.04432e-01
  2.81e-02	  2.94e-02	5.04496e-01
  2.81e-02	  2.99e-02	5.04541e-01
  2.81e-02	  3.05e-02	5.04558e-01
  2.81e-02	  3.10e-02	5.04539e-01
  2.81e-02	  3.15e-02	5.04473e-01
  2.81e-02	  3.20e-02	5.04348e-01
  2.81e-02	  3.26e-02	5.04152e-01
  2.81e-02	  3.31e-02	5.03873e-01
  2.81e-02	  3.36e-02	5.03495e-01
  2.81e-02	  3.41e-02	5.03003e-01
  2.81e-02	  3.46e-02	5.02381e-01
  2.81e-02	  3.52e-02	5.01607e-01
  2.81e-02	  3.57e-02	5.00661e-01
  2.81e-02	  3.62e-02	4.99514e-01
  2.81e-02	  3.67e-02	4.98135e-01
  2.81e-02	  3.72e-02	4.96481e-01
  2.81e-02	  3.78e-02	4.94396e-01
  2.81e-02	  3.83e-02	4.91567e-01
  2.81e-02	  3.88e-02	4.87561e-01
  2.81e-02	  3.93e-02	4.81964e-01
  2.81e-02	  3.98e-02	4.69593e-01
  2.81e-02	  4.04e-02	2.33906e-33
  2.81e-02	  4.09e-02	3.51603e-66
  2.81e-02	  4.14e-02	5.28482e-99
  2.81e-02	  4.19e-02	7.94281e-132
  2.81e-02	  4.24e-02	1.19367e-164
  2.81e-02	  4.30e-02	1.79377e-197
  2.81e-02	  4.35e-02	2.69536e-230
  2.81e-02	  4.40e-02	4.04987e-263
  2.81e-02	  4.45e-02	6.08467e-296
  2.81e-02	  4.51e-02	0.00000e+00
  2.81e-02	  4.56e-02	0.00000e+00
  2.81e-02	  4.61e-02	0.00000e+00
  2.81e-02	  4.66e-02	0.00000e+00
  2.81e-02	  4.71e-02	0.00000e+00
  2.81e-02	  4.77e-02	0.00000e+00
  2.81e-02	  4.82e-02	0.00000e+00
  2.81e-02	  4.87e-02	0.00000e+00
  2.81e-02	  4.92e-02	0.00000e+00
  2.81e-02	  4.97e-02	0.00000e+00

  2.89e-02	  2.60e-04	0.00000e+00
  2.89e-02	  7.81e-04	0.00000e+00
  2.89e-02	  1.30e-03	0.00000e+00
  2.89e-02	  1.82e-03	0.00000e+00
  2.89e-02	  2.34e-03	0.00000e+00
  2.89e-02	  2.86e-03	0.00000e+00
  2.89e-02	  3.39e-03	0.00000e+00
  2.89e-02	  3.91e-03	0.00000e+00
  2.89e-02	  4.43e-03	0.00000e+00
  2.89e-02	  4.95e-03	6.16920e-296
  2.89e-02	  5.47e-03	4.10841e-263
  2.89e-02	  5.99e-03	2.73592e-230
  2.89e-02	  6.51e-03	1.82187e-197
  2.89e-02	  7.03e-03	1.21315e-164
  2.89e-02	  7.55e-03	8.07780e-132
  2.89e-02	  8.07e-03	5.37841e-99
  2.89e-02	  8.59e-03	3.58092e-66
  2.89e-02	  9.11e-03	2.38405e-33
  2.89e-02	  9.64e-03	4.76473e-01
  2.89e-02	  1.02e-02	4.84674e-01
  2.89e-02	  1.07e-02	4.88602e-01
  2.89e-02	  1.12e-02	4.91688e-01
  2.89e-02	  1.17e-02	4.94066e-01
  2.89e-02	  1.22e-02	4.95976e-01
  2.89e-02	  1.28e-02	4.97586e-01
  2.89e-02	  1.33e-02	4.98952e-01
  2.89e-02	  1.38e-02	5.00101e-01
  2.89e-02	  1.43e-02	5.01057e-01
  2.89e-02	  1.48e-02	5.01843e-01
  2.89e-02	  1.54e-02	5.02478e-01
  2.89e-02	  1.59e-02	5.02981e-01
  2.89e-02	  1.64e-02	5.03369e-01
  2.89e-02	  1.69e-02	5.03656e-01
  2.89e-02	  1.74e-02	5.03857e-01
  2.89e-02	  1.80e-02	5.03987e-01
  2.89e-02	  1.85e-02	5.04056e-01
  2.89e-02	  1.90e-02	5.04077e-01
  2.89e-02	  1.95e-02	5.04061e-01
  2.89e-02	  2.01e-02	5.04016e-01
  2.89e-02	  2.06e-02	5.03953e-01
  2.89e-02	  2.11e-02	5.03879e-01
  2.89e-02	  2.16e-02	5.03801e-01
  2.89e-02	  2.21e-02	5.03726e-01
  2.89e-02	  2.27e-02	5.03658e-01
  2.89e-02	  2.32e-02	5.03602e-01
  2.89e-02	  2.37e-02	5.03561e-01
  2.89e-02	  2.42e-02	5.03537e-01
  2.89e-02	  2.47e-02	5.03533e-01
  2.89e-02	  2.53e-02	5.03548e-01
  2.89e-02	  2.58e-02	5.03582e-01
  2.89e-02	  2.63e-02	5.03634e-01
  2.89e-02	  2.68e-02	5.03700e-01
  2.89e-02	  2.73e-02	5.03779e-01
  2.89e-02	  2.79e-02	5.03865e-01
  2.89e-02	  2.84e-02	5.03953e-01
  2.89e-02	  2.89e-02	5.04037e-01
  2.89e-02	  2.94e-02	5.04110e-01
  2.89e-02	  2.99e-02	5.04164e-01
  2.89e-02	  3.05e-02	5.04190e-01
  2.89e-02	  3.10e-02	5.04178e-01
  2.89e-02	  3.15e-02	5.04117e-01
  2.89e-02	  3.20e-02	5.03996e-01
  2.89e-02	  3.26e-02	5.03803e-01
  2.89e-02	  3.31e-02	5.03523e-01
  2.89e-02	  3.36e-02	5.03143e-01
  2.89e-02	  3.41e-02	5.02646e-01
  2.89e-02	  3.46e-02	5.02016e-01
  2.89e-02	  3.52e-02	5.01234e-01
  2.89e-02	  3.57e-02	5.00280e-01
  2.89e-02	  3.62e-02	4.99131e-01
  2.89e-02	  3.67e-02	4.97760e-01
  2.89e-02	  3.72e-02	4.96139e-01
  2.89e-02	  3.78e-02	4.94200e-01
  2.89e-02	  3.83e-02	4.91755e-01
  2.89e-02	  3.88e-02	4.88543e-01
  2.89e-02	  3.93e-02	4.84411e-01
  2.89e-02	  3.98e-02	4.75747e-01
  2.89e-02	  4.04e-02	2.37932e-33
  2.89e-02	  4.09e-02	3.57414e-66
  2.89e-02	  4.14e-02	5.36870e-99
  2.89e-02	  4.19e-02	8.06389e-132
  2.89e-02	  4.24e-02	1.21116e-164
  2.89e-02	  4.30e-02	1.81902e-197
  2.89e-02	  4.35e-02	2.73184e-230
  2.89e-02	  4.40e-02	4.10258e-263
  2.89e-02	  4.45e-02	6.16085e-296
  2.89e-02	  4.51e-02	0.00000e+00
  2.89e-02	  4.56e-02	0.00000e+00
  2.89e-02	  4.61e-02	0.00000e+00
  2.89e-02	  4.66e-02	0.00000e+00
  2.89e-02	  4.71e-02	0.00000e+00
  2.89e-02	  4.77e-02	0.00000e+00
  2.89e-02	  4.82e-02	0.00000e+00
  2.89e-02	  4.87e-02	0.00000e+00
  2.89e-02	  4.92e-02	0.00000e+00
  2.89e-02	  4.97e-02	0.00000e+00

  2.97e-02	  2.60e-04	0.00000e+00
  2.97e-02	  7.81e-04	0.00000e+00
  2.97e-02	  1.30e-03	0.00000e+00
  2.97e-02	  1.82e-03	0.00000e+00
  2.97e-02	  2.34e-03	0.00000e+00
  2.97e-02	  2.86e-03	0.00000e+00
  2.97e-02	  3.39e-03	0.00000e+00
  2.97e-02	  3.91e-03	0.00000e+00
  2.97e-02	  4.43e-03	0.00000e+00
  2.97e-02	  4.95e-03	6.21880e-296
  2.97e-02	  5.47e-03	4.14261e-263
  2.97e-02	  5.99e-03	2.75950e-230
  2.97e-02	  6.51e-03	1.83814e-197
  2.97e-02	  7.03e-03	1.22437e-164
  2.97e-02	  7.55e-03	8.15529e-132
  2.97e-02	  8.07e-03	5.43191e-99
  2.97e-02	  8.59e-03	3.61788e-66
  2.97e-02	  9.11e-03	2.40958e-33
  2.97e-02	  9.64e-03	4.80350e-01
  2.97e-02	  1.02e-02	4.86658e-01
  2.97e-02	  1.07e-02	4.89705e-01
  2.97e-02	  1.12e-02	4.92199e-01
  2.97e-02	  1.17e-02	4.94236e-01
  2.97e-02	  1.22e-02	4.95976e-01
  2.97e-02	  1.28e-02	4.97490e-01
  2.97e-02	  1.33e-02	4.98793e-01
  2.97e-02	  1.38e-02	4.99900e-01
  2.97e-02	  1.43e-02	5.00827e-01
  2.97e-02	  1.48e-02	5.01592e-01
  2.97e-02	  1.54e-02	5.02211e-01
  2.97e-02	  1.59e-02	5.02700e-01
  2.97e-02	  1.64e-02	5.03075e-01
  2.97e-02	  1.69e-02	5.03350e-01
  2.97e-02	  1.74e-02	5.03539e-01
  2.97e-02	  1.80e-02	5.03656e-01
  2.97e-02	  1.85e-02	5.03713e-01
  2.97e-02	  1.90e-02	5.03721e-01
  2.97e-02	  1.95e-02	5.03692e-01
  2.97e-02	  2.01e-02	5.03635e-01
  2.97e-02	  2.06e-02	5.03560e-01
  2.97e-02	  2.11e-02	5.03474e-01
  2.97e-02	  2.16e-02	5.03386e-01
  2.97e-02	  2.21e-02	5.03301e-01
  2.97e-02	  2.27e-02	5.03225e-01
  2.97e-02	  2.32e-02	5.03163e-01
  2.97e-02	  2.37e-02	5.03118e-01
  2.97e-02	  2.42e-02	5.03092e-01
  2.97e-02	  2.47e-02	5.03086e-01
  2.97e-02	  2.53e-02	5.03103e-01
  2.97e-02	  2.58e-02	5.03140e-01
  2.97e-02	  2.63e-02	5.03196e-01
  2.97e-02	  2.68e-02	5.03270e-01
  2.97e-02	  2.73e-02	5.03356e-01
  2.97e-02	  2.79e-02	5.03452e-01
  2.97e-02	  2.84e-02	5.03551e-01
  2.97e-02	  2.89e-02	5.03647e-01
  2.97e-02	  2.94e-02	5.03732e-01
  2.97e-02	  2.99e-02	5.03799e-01
  2.97e-02	  3.05e-02	5.03838e-01
  2.97e-02	  3.10e-02	5.03839e-01
  2.97e-02	  3.15e-02	5.03791e-01
  2.97e-02	  3.20e-02	5.03682e-01
  2.97e-02	  3.26e-02	5.03500e-01
  2.97e-02	  3.31e-02	5.03232e-01
  2.97e-02	  3.36e-02	5.02863e-01
  2.97e-02	  3.41e-02	5.02378e-01
  2.97e-02	  3.46e-02	5.01762e-01
  2.97e-02	  3.52e-02	5.00998e-01
  2.97e-02	  3.57e-02	5.00069e-01
  2.97e-02	  3.62e-02	4.98957e-01
  2.97e-02	  3.67e-02	4.97645e-01
  2.97e-02	  3.72e-02	4.96114e-01
  2.97e-02	  3.78e-02	4.94347e-01
  2.97e-02	  3.83e-02	4.92257e-01
  2.97e-02	  3.88e-02	4.89668e-01
  2.97e-02	  3.93e-02	4.86486e-01
  2.97e-02	  3.98e-02	4.79899e-01
  2.97e-02	  4.04e-02	2.40664e-33
  2.97e-02	  4.09e-02	3.61367e-66
  2.97e-02	  4.14e-02	5.42591e-99
  2.97e-02	  4.19e-02	8.14673e-132
  2.97e-02	  4.24e-02	1.22315e-164
  2.97e-02	  4.30e-02	1.83640e-197
  2.97e-02	  4.35e-02	2.75703e-230
  2.97e-02	  4.40e-02	4.13909e-263
  2.97e-02	  4.45e-02	6.21380e-296
  2.97e-02	  4.51e-02	0.00000e+00
  2.97e-02	  4.56e-02	0.00000e+00
  2.97e-02	  4.61e-02	0.00000e+00
  2.97e-02	  4.66e-02	0.00000e+00
  2.97e-02	  4.71e-02	0.00000e+00
  2.97e-02	  4.77e-02	0.00000e+00
  2.97e-02	  4.82e-02	0.00000e+00
  2.97e-02	  4.87e-02	0.00000e+00
  2.97e-02	  4.92e-02	0.00000e+00
  2.97e-02	  4.97e-02	0.00000e+00

  3.05e-02	  2.60e-04	0.00000e+00
  3.05e-02	  7.81e-04	0.00000e+00
  3.05e-02	  1.30e-03	0.00000e+00
  3.05e-02	  1.82e-03	0.00000e+00
  3.05e-02	  2.34e-03	0.00000e+00
  3.05e-02	  2.86e-03	0.00000e+00
  3.05e-02	  3.39e-03	0.00000e+00
  3.05e-02	  3.91e-03	0.00000e+00
  3.05e-02	  4.43e-03	0.00000e+00
  3.05e-02	  4.95e-03	6.25466e-296
  3.05e-02	  5.47e-03	4.16726e-263
  3.05e-02	  5.99e-03	2.77645e-230
  3.05e-02	  6.51e-03	1.84979e-197
  3.05e-02	  7.03e-03	1.23239e-164
  3.05e-02	  7.55e-03	8.21045e-132
  3.05e-02	  8.07e-03	5.46988e-99
  3.05e-02	  8.59e-03	3.64401e-66
  3.05e-02	  9.11e-03	2.42758e-33
  3.05e-02	  9.64e-03	4.83073e-01
  3.05e-02	  1.02e-02	4.88250e-01
  3.05e-02	  1.07e-02	4.90730e-01
  3.05e-02	  1.12e-02	4.92804e-01
  3.05e-02	  1.17e-02	4.94587e-01
  3.05e-02	  1.22e-02	4.96172e-01
  3.05e-02	  1.28e-02	4.97573e-01
  3.05e-02	  1.33e-02	4.98791e-01
  3.05e-02	  1.38e-02	4.99834e-01
  3.05e-02	  1.43e-02	5.00712e-01
  3.05e-02	  1.48e-02	5.01438e-01
  3.05e-02	  1.54e-02	5.02025e-01
  3.05e-02	  1.59e-02	5.02488e-01
  3.05e-02	  1.64e-02	5.02839e-01
  3.05e-02	  1.69e-02	5.03092e-01
  3.05e-02	  1.74e-02	5.03261e-01
  3.05e-02	  1.80e-02	5.03358e-01
  3.05e-02	  1.85e-02	5.03397e-01
  3.05e-02	  1.90e-02	5.03387e-01
  3.05e-02	  1.95e-02	5.03341e-01
  3.05e-02	  2.01e-02	5.03268e-01
  3.05e-02	  2.06e-02	5.03177e-01
  3.05e-02	  2.11e-02	5.03078e-01
  3.05e-02	  2.16e-02	5.02977e-01
  3.05e-02	  2.21e-02	5.02882e-01
  3.05e-02	  2.27e-02	5.02797e-01
  3.05e-02	  2.32e-02	5.02728e-01
  3.05e-02	  2.37e-02	5.02677e-01
  3.05e-02	  2.42e-02	5.02648e-01
  3.05e-02	  2.47e-02	5.02643e-01
  3.05e-02	  2.53e-02	5.02660e-01
  3.05e-02	  2.58e-02	5.02701e-01
  3.05e-02	  2.63e-02	5.02763e-01
  3.05e-02	  2.68e-02	5.02844e-01
  3.05e-02	  2.73e-02	5.02940e-01
  3.05e-02	  2.79e-02	5.03047e-01
  3.05e-02	  2.84e-02	5.03159e-01
  3.05e-02	  2.89e-02	5.03269e-01
  3.05e-02	  2.94e-02	5.03369e-01
  3.05e-02	  2.99e-02	5.03452e-01
  3.05e-02	  3.05e-02	5.03509e-01
  3.05e-02	  3.10e-02	5.03527e-01
  3.05e-02	  3.15e-02	5.03498e-01
  3.05e-02	  3.20e-02	5.03408e-01
  3.05e-02	  3.26e-02	5.03246e-01
  3.05e-02	  3.31e-02	5.02999e-01
  3.05e-02	  3.36e-02	5.02653e-01
  3.05e-02	  3.41e-02	5.02194e-01
  3.05e-02	  3.46e-02	5.01608e-01
  3.05e-02	  3.52e-02	5.00881e-01
  3.05e-02	  3.57e-02	4.99999e-01
  3.05e-02	  3.62e-02	4.98949e-01
  3.05e-02	  3.67e-02	4.97720e-01
  3.05e-02	  3.72e-02	4.96302e-01
  3.05e-02	  3.78e-02	4.94693e-01
  3.05e-02	  3.83e-02	4.92874e-01
  3.05e-02	  3.88e-02	4.90734e-01
  3.05e-02	  3.93e-02	4.88163e-01
  3.05e-02	  3.98e-02	4.82803e-01
  3.05e-02	  4.04e-02	2.42584e-33
  3.05e-02	  4.09e-02	3.64154e-66
  3.05e-02	  4.14e-02	5.46638e-99
  3.05e-02	  4.19e-02	8.20552e-132
  3.05e-02	  4.24e-02	1.23170e-164
  3.05e-02	  4.30e-02	1.84882e-197
  3.05e-02	  4.35e-02	2.77508e-230
  3.05e-02	  4.40e-02	4.16534e-263
  3.05e-02	  4.45e-02	6.25199e-296
  3.05e-02	  4.51e-02	0.00000e+00
  3.05e-02	  4.56e-02	0.00000e+00
  3.05e-02	  4.61e-02	0.00000e+00
  3.05e-02	  4.66e-02	0.00000e+00
  3.05e-02	  4.71e-02	0.00000e+00
  3.05e-02	  4.77e-02	0.00000e+00
  3.05e-02	  4.82e-02	0.00000e+00
  3.05e-02	  4.87e-02	0.00000e+00
  3.05e-02	  4.92e-02	0.00000e+00
  3.05e-02	  4.97e-02	0.00000e+00

  3.13e-02	  2.60e-04	0.00000e+00
  3.13e-02	  7.81e-04	0.00000e+00
  3.13e-02	  1.30e-03	0.00000e+00
  3.13e-02	  1.82e-03	0.00000e+00
  3.13e-02	  2.34e-03	0.00000e+00
  3.13e-02	  2.86e-03	0.00000e+00
  3.13e-02	  3.39e-03	0.00000e+00
  3.13e-02	  3.91e-03	0.00000e+00
  3.13e-02	  4.43e-03	0.00000e+00
  3.13e-02	  4.95e-03	6.28138e-296
  3.13e-02	  5.47e-03	4.18558e-263
  3.13e-02	  5.99e-03	2.78902e-230
  3.13e-02	  6.51e-03	1.85841e-197
  3.13e-02	  7.03e-03	1.23830e-164
  3.13e-02	  7.55e-03	8.25103e-132
  3.13e-02	  8.07e-03	5.49773e-99
  3.13e-02	  8.59e-03	3.66314e-66
  3.13e-02	  9.11e-03	2.44071e-33
  3.13e-02	  9.64e-03	4.85052e-01
  3.13e-02	  1.02e-02	4.89513e-01
  3.13e-02	  1.07e-02	4.91618e-01
  3.13e-02	  1.12e-02	4.93416e-01
  3.13e-02	  1.17e-02	4.95024e-01
  3.13e-02	  1.22e-02	4.96477e-01
  3.13e-02	  1.28e-02	4.97768e-01
  3.13e-02	  1.33e-02	4.98898e-01
  3.13e-02	  1.38e-02	4.99869e-01
  3.13e-02	  1.43e-02	5.00688e-01
  3.13e-02	  1.48e-02	5.01365e-01
  3.13e-02	  1.54e-02	5.01911e-01
  3.13e-02	  1.59e-02	5.02337e-01
  3.13e-02	  1.64e-02	5.02656e-01
  3.13e-02	  1.69e-02	5.02880e-01
  3.13e-02	  1.74e-02	5.03022e-01
  3.13e-02	  1.80e-02	5.03095e-01
  3.13e-02	  1.85e-02	5.03109e-01
  3.13e-02	  1.90e-02	5.03078e-01
  3.13e-02	  1.95e-02	5.03011e-01
  3.13e-02	  2.01e-02	5.02919e-01
  3.13e-02	  2.06e-02	5.02812e-01
  3.13e-02	  2.11e-02	5.02697e-01
  3.13e-02	  2.16e-02	5.02582e-01
  3.13e-02	  2.21e-02	5.02475e-01
  3.13e-02	  2.27e-02	5.02380e-01
  3.13e-02	  2.32e-02	5.02303e-01
  3.13e-02	  2.37e-02	5.02247e-01
  3.13e-02	  2.42e-02	5.02214e-01
  3.13e-02	  2.47e-02	5.02207e-01
  3.13e-02	  2.53e-02	5.02227e-01
  3.13e-02	  2.58e-02	5.02271e-01
  3.13e-02	  2.63e-02	5.02339e-01
  3.13e-02	  2.68e-02	5.02429e-01
  3.13e-02	  2.73e-02	5.02536e-01
  3.13e-02	  2.79e-02	5.02655e-01
  3.13e-02	  2.84e-02	5.02781e-01
  3.13e-02	  2.89e-02	5.02907e-01
  3.13e-02	  2.94e-02	5.03026e-01
  3.13e-02	  2.99e-02	5.03128e-01
  3.13e-02	  3.05e-02	5.03205e-01
  3.13e-02	  3.10e-02	5.03246e-01
  3.13e-02	  3.15e-02	5.03240e-01
  3.13e-02	  3.20e-02	5.03175e-01
  3.13e-02	  3.26e-02	5.03040e-01
  3.13e-02	  3.31e-02	5.02821e-01
  3.13e-02	  3.36e-02	5.02507e-01
  3.13e-02	  3.41e-02	5.02084e-01
  3.13e-02	  3.46e-02	5.01539e-01
  3.13e-02	  3.52e-02	5.00861e-01
  3.13e-02	  3.57e-02	5.00037e-01
  3.13e-02	  3.62e-02	4.99059e-01
  3.13e-02	  3.67e-02	4.97919e-01
  3.13e-02	  3.72e-02	4.96613e-01
  3.13e-02	  3.78e-02	4.95140e-01
  3.13e-02	  3.83e-02	4.93507e-01
  3.13e-02	  3.88e-02	4.91667e-01
  3.13e-02	  3.93e-02	4.89499e-01
  3.13e-02	  3.98e-02	4.84911e-01
  3.13e-02	  4.04e-02	2.43981e-33
  3.13e-02	  4.09e-02	3.66189e-66
  3.13e-02	  4.14e-02	5.49602e-99
  3.13e-02	  4.19e-02	8.24870e-132
  3.13e-02	  4.24e-02	1.23799e-164
  3.13e-02	  4.30e-02	1.85799e-197
  3.13e-02	  4.35e-02	2.78845e-230
  3.13e-02	  4.40e-02	4.18484e-263
  3.13e-02	  4.45e-02	6.28043e-296
  3.13e-02	  4.51e-02	0.00000e+00
  3.13e-02	  4.56e-02	0.00000e+00
  3.13e-02	  4.61e-02	0.00000e+00
  3.13e-02	  4.66e-02	0.00000e+00
  3.13e-02	  4.71e-02	0.00000e+00
  3.13e-02	  4.77e-02	0.00000e+00
  3.13e-02	  4.82e-02	0.00000e+00
  3.13e-02	  4.87e-02	0.00000e+00
  3.13e-02	  4.92e-02	0.00000e+00
  3.13e-02	  4.97e-02	0.00000e+00

  3.20e-02	  2.60e-04	0.00000e+00
  3.20e-02	  7.81e-04	0.00000e+00
  3.20e-02	  1.30e-03	0.00000e+00
  3.20e-02	  1.82e-03	0.00000e+00
  3.20e-02	  2.34e-03	0.00000e+00
  3.20e-02	  2.86e-03	0.00000e+00
  3.20e-02	  3.39e-03	0.00000e+00
  3.20e-02	  3.91e-03	0.00000e+00
  3.20e-02	  4.43e-03	0.00000e+00
  3.20e-02	  4.95e-03	6.30170e-296
  3.20e-02	  5.47e-03	4.19950e-263
  3.20e-02	  5.99e-03	2.79855e-230
  3.20e-02	  6.51e-03	1.86494e-197
  3.20e-02	  7.03e-03	1.24278e-164
  3.20e-02	  7.55e-03	8.28168e-132
  3.20e-02	  8.07e-03	5.51873e-99
  3.20e-02	  8.59e-03	3.67752e-66
  3.20e-02	  9.11e-03	2.45057e-33
  3.20e-02	  9.64e-03	4.86535e-01
  3.20e-02	  1.02e-02	4.90514e-01
  3.20e-02	  1.07e-02	4.92372e-01
  3.20e-02	  1.12e-02	4.94002e-01
  3.20e-02	  1.17e-02	4.95487e-01
  3.20e-02	  1.22e-02	4.96830e-01
  3.20e-02	  1.28e-02	4.98027e-01
  3.20e-02	  1.33e-02	4.99073e-01
  3.20e-02	  1.38e-02	4.99973e-01
  3.20e-02	  1.43e-02	5.00730e-01
  3.20e-02	  1.48e-02	5.01354e-01
  3.20e-02	  1.54e-02	5.01853e-01
  3.20e-02	  1.59e-02	5.02237e-01
  3.20e-02	  1.64e-02	5.02519e-01
  3.20e-02	  1.69e-02	5.02709e-01
  3.20e-02	  1.74e-02	5.02820e-01
  3.20e-02	  1.80e-02	5.02864e-01
  3.20e-02	  1.85e-02	5.02852e-01
  3.20e-02	  1.90e-02	5.02796e-01
  3.20e-02	  1.95e-02	5.02706e-01
  3.20e-02	  2.01e-02	5.02593e-01
  3.20e-02	  2.06e-02	5.02466e-01
  3.20e-02	  2.11e-02	5.02334e-01
  3.20e-02	  2.16e-02	5.02204e-01
  3.20e-02	  2.21e-02	5.02084e-01
  3.20e-02	  2.27e-02	5.01978e-01
  3.20e-02	  2.32e-02	5.01892e-01
  3.20e-02	  2.37e-02	5.01830e-01
  3.20e-02	  2.42e-02	5.01795e-01
  3.20e-02	  2.47e-02	5.01787e-01
  3.20e-02	  2.53e-02	5.01808e-01
  3.20e-02	  2.58e-02	5.01856e-01
  3.20e-02	  2.63e-02	5.01931e-01
  3.20e-02	  2.68e-02	5.02030e-01
  3.20e-02	  2.73e-02	5.02148e-01
  3.20e-02	  2.79e-02	5.02281e-01
  3.20e-02	  2.84e-02	5.02423e-01
  3.20e-02	  2.89e-02	5.02567e-01
  3.20e-02	  2.94e-02	5.02705e-01
  3.20e-02	  2.99e-02	5.02829e-01
  3.20e-02	  3.05e-02	5.02929e-01
  3.20e-02	  3.10e-02	5.02995e-01
  3.20e-02	  3.15e-02	5.03016e-01
  3.20e-02	  3.20e-02	5.02980e-01
  3.20e-02	  3.26e-02	5.02876e-01
  3.20e-02	  3.31e-02	5.02692e-01
  3.20e-02	  3.36e-02	5.02415e-01
  3.20e-02	  3.41e-02	5.02033e-01
  3.20e-02	  3.46e-02	5.01535e-01
  3.20e-02	  3.52e-02	5.00911e-01
  3.20e-02	  3.57e-02	5.00149e-01
  3.20e-02	  3.62e-02	4.99244e-01
  3.20e-02	  3.67e-02	4.98188e-01
  3.20e-02	  3.72e-02	4.96980e-01
  3.20e-02	  3.78e-02	4.95621e-01
  3.20e-02	  3.83e-02	4.94118e-01
  3.20e-02	  3.88e-02	4.92464e-01
  3.20e-02	  3.93e-02	4.90562e-01
  3.20e-02	  3.98e-02	4.86488e-01
  3.20e-02	  4.04e-02	2.45030e-33
  3.20e-02	  4.09e-02	3.67721e-66
  3.20e-02	  4.14e-02	5.51838e-99
  3.20e-02	  4.19e-02	8.28135e-132
  3.20e-02	  4.24e-02	1.24276e-164
  3.20e-02	  4.30e-02	1.86495e-197
  3.20e-02	  4.35e-02	2.79862e-230
  3.20e-02	  4.40e-02	4.19969e-263
  3.20e-02	  4.45e-02	6.30212e-296
  3.20e-02	  4.51e-02	0.00000e+00
  3.20e-02	  4.56e-02	0.00000e+00
  3.20e-02	  4.61e-02	0.00000e+00
  3.20e-02	  4.66e-02	0.00000e+00
  3.20e-02	  4.71e-02	0.00000e+00
  3.20e-02	  4.77e-02	0.00000e+00
  3.20e-02	  4.82e-02	0.00000e+00
  3.20e-02	  4.87e-02	0.00000e+00
  3.20e-02	  4.92e-02	0.00000e+00
  3.20e-02	  4.97e-02	0.00000e+00

  3.28e-02	  2.60e-04	0.00000e+00
  3.28e-02	  7.81e-04	0.00000e+00
  3.28e-02	  1.30e-03	0.00000e+00
  3.28e-02	  1.82e-03	0.00000e+00
  3.28e-02	  2.34e-03	0.00000e+00
  3.28e-02	  2.86e-03	0.00000e+00
  3.28e-02	  3.39e-03	0.00000e+00
  3.28e-02	  3.91e-03	0.00000e+00
  3.28e-02	  4.43e-03	0.00000e+00
  3.28e-02	  4.95e-03	6.31728e-296
  3.28e-02	  5.47e-03	4.21018e-263
  3.28e-02	  5.99e-03	2.80587e-230
  3.28e-02	  6.51e-03	1.86996e-197
  3.28e-02	  7.03e-03	1.24621e-164
  3.28e-02	  7.55e-03	8.30519e-132
  3.28e-02	  8.07e-03	5.53482e-99
  3.28e-02	  8.59e-03	3.68854e-66
  3.28e-02	  9.11e-03	2.45812e-33
  3.28e-02	  9.64e-03	4.87670e-01
  3.28e-02	  1.02e-02	4.91313e-01
  3.28e-02	  1.07e-02	4.93015e-01
  3.28e-02	  1.12e-02	4.94543e-01
  3.28e-02	  1.17e-02	4.95938e-01
  3.28e-02	  1.22e-02	4.97196e-01
  3.28e-02	  1.28e-02	4.98311e-01
  3.28e-02	  1.33e-02	4.99285e-01
  3.28e-02	  1.38e-02	5.00118e-01
  3.28e-02	  1.43e-02	5.00817e-01
  3.28e-02	  1.48e-02	5.01387e-01
  3.28e-02	  1.54e-02	5.01838e-01
  3.28e-02	  1.59e-02	5.02179e-01
  3.28e-02	  1.64e-02	5.02420e-01
  3.28e-02	  1.69e-02	5.02574e-01
  3.28e-02	  1.74e-02	5.02652e-01
  3.28e-02	  1.80e-02	5.02665e-01
  3.28e-02	  1.85e-02	5.02624e-01
  3.28e-02	  1.90e-02	5.02541e-01
  3.28e-02	  1.95e-02	5.02427e-01
  3.28e-02	  2.01e-02	5.02292e-01
  3.28e-02	  2.06e-02	5.02144e-01
  3.28e-02	  2.11e-02	5.01994e-01
  3.28e-02	  2.16e-02	5.01848e-01
  3.28e-02	  2.21e-02	5.01713e-01
  3.28e-02	  2.27e-02	5.01597e-01
  3.28e-02	  2.32e-02	5.01502e-01
  3.28e-02	  2.37e-02	5.01434e-01
  3.28e-02	  2.42e-02	5.01394e-01
  3.28e-02	  2.47e-02	5.01386e-01
  3.28e-02	  2.53e-02	5.01408e-01
  3.28e-02	  2.58e-02	5.01461e-01
  3.28e-02	  2.63e-02	5.01543e-01
  3.28e-02	  2.68e-02	5.01651e-01
  3.28e-02	  2.73e-02	5.01781e-01
  3.28e-02	  2.79e-02	5.01928e-01
  3.28e-02	  2.84e-02	5.02087e-01
  3.28e-02	  2.89e-02	5.02250e-01
  3.28e-02	  2.94e-02	5.02409e-01
  3.28e-02	  2.99e-02	5.02556e-01
  3.28e-02	  3.05e-02	5.02681e-01
  3.28e-02	  3.10e-02	5.02774e-01
  3.28e-02	  3.15e-02	5.02824e-01
  3.28e-02	  3.20e-02	5.02820e-01
  3.28e-02	  3.26e-02	5.02750e-01
  3.28e-02	  3.31e-02	5.02603e-01
  3.28e-02	  3.36e-02	5.02366e-01
  3.28e-02	  3.41e-02	5.02028e-01
  3.28e-02	  3.46e-02	5.01579e-01
  3.28e-02	  3.52e-02	5.01008e-01
  3.28e-02	  3.57e-02	5.00308e-01
  3.28e-02	  3.62e-02	4.99470e-01
  3.28e-02	  3.67e-02	4.98489e-01
  3.28e-02	  3.72e-02	4.97364e-01
  3.28e-02	  3.78e-02	4.96096e-01
  3.28e-02	  3.83e-02	4.94687e-01
  3.28e-02	  3.88e-02	4.93143e-01
  3.28e-02	  3.93e-02	4.91414e-01
  3.28e-02	  3.98e-02	4.87698e-01
  3.28e-02	  4.04e-02	2.45836e-33
  3.28e-02	  4.09e-02	3.68897e-66
  3.28e-02	  4.14e-02	5.53558e-99
  3.28e-02	  4.19e-02	8.30648e-132
  3.28e-02	  4.24e-02	1.24643e-164
  3.28e-02	  4.30e-02	1.87032e-197
  3.28e-02	  4.35e-02	2.80646e-230
  3.28e-02	  4.40e-02	4.21114e-263
  3.28e-02	  4.45e-02	6.31885e-296
  3.28e-02	  4.51e-02	0.00000e+00
  3.28e-02	  4.56e-02	0.00000e+00
  3.28e-02	  4.61e-02	0.00000e+00
  3.28e-02	  4.66e-02	0.00000e+00
  3.28e-02	  4.71e-02	0.00000e+00
  3.28e-02	  4.77e-02	0.00000e+00
  3.28e-02	  4.82e-02	0.00000e+00
  3.28e-02	  4.87e-02	0.00000e+00
  3.28e-02	  4.92e-02	0.00000e+00
  3.28e-02	  4.97e-02	0.00000e+00

  3.36e-02	  2.60e-04	0.00000e+00
  3.36e-02	  7.81e-04	0.00000e+00
  3.36e-02	  1.30e-03	0.00000e+00
  3.36e-02	  1.82e-03	0.00000e+00
  3.36e-02	  2.34e-03	0.00000e+00
  3.36e-02	  2.86e-03	0.00000e+00
  3.36e-02	  3.39e-03	0.00000e+00
  3.36e-02	  3.91e-03	0.00000e+00
  3.36e-02	  4.43e-03	0.00000e+00
  3.36e-02	  4.95e-03	6.32925e-296
  3.36e-02	  5.47e-03	4.21837e-263
  3.36e-02	  5.99e-03	2.81148e-230
  3.36e-02	  6.51e-03	1.87380e-197
  3.36e-02	  7.03e-03	1.24885e-164
  3.36e-02	  7.55e-03	8.32327e-132
  3.36e-02	  8.07e-03	5.54722e-99
  3.36e-02	  8.59e-03	3.69704e-66
  3.36e-02	  9.11e-03	2.46394e-33
  3.36e-02	  9.64e-03	4.88546e-01
  3.36e-02	  1.02e-02	4.91960e-01
  3.36e-02	  1.07e-02	4.93571e-01
  3.36e-02	  1.12e-02	4.95033e-01
  3.36e-02	  1.17e-02	4.96361e-01
  3.36e-02	  1.22e-02	4.97551e-01
  3.36e-02	  1.28e-02	4.98600e-01
  3.36e-02	  1.33e-02	4.99510e-01
  3.36e-02	  1.38e-02	5.00285e-01
  3.36e-02	  1.43e-02	5.00929e-01
  3.36e-02	  1.48e-02	5.01448e-01
  3.36e-02	  1.54e-02	5.01853e-01
  3.36e-02	  1.59e-02	5.02150e-01
  3.36e-02	  1.64e-02	5.02352e-01
  3.36e-02	  1.69e-02	5.02469e-01
  3.36e-02	  1.74e-02	5.02513e-01
  3.36e-02	  1.80e-02	5.02493e-01
  3.36e-02	  1.85e-02	5.02423e-01
  3.36e-02	  1.90e-02	5.02313e-01
  3.36e-02	  1.95e-02	5.02174e-01
  3.36e-02	  2.01e-02	5.02015e-01
  3.36e-02	  2.06e-02	5.01847e-01
  3.36e-02	  2.11e-02	5.01678e-01
  3.36e-02	  2.16e-02	5.01515e-01
  3.36e-02	  2.21e-02	5.01367e-01
  3.36e-02	  2.27e-02	5.01239e-01
  3.36e-02	  2.32e-02	5.01135e-01
  3.36e-02	  2.37e-02	5.01061e-01
  3.36e-02	  2.42e-02	5.01017e-01
  3.36e-02	  2.47e-02	5.01008e-01
  3.36e-02	  2.53e-02	5.01032e-01
  3.36e-02	  2.58e-02	5.01089e-01
  3.36e-02	  2.63e-02	5.01178e-01
  3.36e-02	  2.68e-02	5.01296e-01
  3.36e-02	  2.73e-02	5.01438e-01
  3.36e-02	  2.79e-02	5.01600e-01
  3.36e-02	  2.84e-02	5.01776e-01
  3.36e-02	  2.89e-02	5.01958e-01
  3.36e-02	  2.94e-02	5.02139e-01
  3.36e-02	  2.99e-02	5.02310e-01
  3.36e-02	  3.05e-02	5.02461e-01
  3.36e-02	  3.10e-02	5.02582e-01
  3.36e-02	  3.15e-02	5.02662e-01
  3.36e-02	  3.20e-02	5.02691e-01
  3.36e-02	  3.26e-02	5.02656e-01
  3.36e-02	  3.31e-02	5.02546e-01
  3.36e-02	  3.36e-02	5.02349e-01
  3.36e-02	  3.41e-02	5.02056e-01
  3.36e-02	  3.46e-02	5.01654e-01
  3.36e-02	  3.52e-02	5.01135e-01
  3.36e-02	  3.57e-02	5.00490e-01
  3.36e-02	  3.62e-02	4.99713e-01
  3.36e-02	  3.67e-02	4.98798e-01
  3.36e-02	  3.72e-02	4.97741e-01
  3.36e-02	  3.78e-02	4.96544e-01
  3.36e-02	  3.83e-02	4.95206e-01
  3.36e-02	  3.88e-02	4.93732e-01
  3.36e-02	  3.93e-02	4.92104e-01
  3.36e-02	  3.98e-02	4.88638e-01
  3.36e-02	  4.04e-02	2.46461e-33
  3.36e-02	  4.09e-02	3.69812e-66
  3.36e-02	  4.14e-02	5.54893e-99
  3.36e-02	  4.19e-02	8.32598e-132
  3.36e-02	  4.24e-02	1.24928e-164
  3.36e-02	  4.30e-02	1.87447e-197
  3.36e-02	  4.35e-02	2.81253e-230
  3.36e-02	  4.40e-02	4.22001e-263
  3.36e-02	  4.45e-02	6.33180e-296
  3.36e-02	  4.51e-02	0.00000e+00
  3.36e-02	  4.56e-02	0.00000e+00
  3.36e-02	  4.61e-02	0.00000e+00
  3.36e-02	  4.66e-02	0.00000e+00
  3.36e-02	  4.71e-02	0.00000e+00
  3.36e-02	  4.77e-02	0.00000e+00
  3.36e-02	  4.82e-02	0.00000e+00
  3.36e-02	  4.87e-02	0.00000e+00
  3.36e-02	  4.92e-02	0.00000e+00
  3.36e-02	  4.97e-02	0.00000e+00

  3.44e-02	  2.60e-04	0.00000e+00
  3.44e-02	  7.81e-04	0.00000e+00
  3.44e-02	  1.30e-03	0.00000e+00
  3.44e-02	  1.82e-03	0.00000e+00
  3.44e-02	  2.34e-03	0.00000e+00
  3.44e-02	  2.86e-03	0.00000e+00
  3.44e-02	  3.39e-03	0.00000e+00
  3.44e-02	  3.91e-03	0.00000e+00
  3.44e-02	  4.43e-03	0.00000e+00
  3.44e-02	  4.95e-03	6.33859e-296
  3.44e-02	  5.47e-03	4.22474e-263
  3.44e-02	  5.99e-03	2.81583e-230
  3.44e-02	  6.51e-03	1.87678e-197
  3.44e-02	  7.03e-03	1.25088e-164
  3.44e-02	  7.55e-03	8.33718e-132
  3.44e-02	  8.07e-03	5.55674e-99
  3.44e-02	  8.59e-03	3.70357e-66
  3.44e-02	  9.11e-03	2.46842e-33
  3.44e-02	  9.64e-03	4.89218e-01
  3.44e-02	  1.02e-02	4.92499e-01
  3.44e-02	  1.07e-02	4.94056e-01
  3.44e-02	  1.12e-02	4.95472e-01
  3.44e-02	  1.17e-02	4.96748e-01
  3.44e-02	  1.22e-02	4.97883e-01
  3.44e-02	  1.28e-02	4.98878e-01
  3.44e-02	  1.33e-02	4.99735e-01
  3.44e-02	  1.38e-02	5.00458e-01
  3.44e-02	  1.43e-02	5.01053e-01
  3.44e-02	  1.48e-02	5.01526e-01
  3.44e-02	  1.54e-02	5.01887e-01
  3.44e-02	  1.59e-02	5.02144e-01
  3.44e-02	  1.64e-02	5.02308e-01
  3.44e-02	  1.69e-02	5.02389e-01
  3.44e-02	  1.74e-02	5.02398e-01
  3.44e-02	  1.80e-02	5.02348e-01
  3.44e-02	  1.85e-02	5.02248e-01
  3.44e-02	  1.90e-02	5.02111e-01
  3.44e-02	  1.95e-02	5.01946e-01
  3.44e-02	  2.01e-02	5.01764e-01
  3.44e-02	  2.06e-02	5.01575e-01
  3.44e-02	  2.11e-02	5.01387e-01
  3.44e-02	  2.16e-02	5.01209e-01
  3.44e-02	  2.21e-02	5.01047e-01
  3.44e-02	  2.27e-02	5.00907e-01
  3.44e-02	  2.32e-02	5.00795e-01
  3.44e-02	  2.37e-02	5.00714e-01
  3.44e-02	  2.42e-02	5.00667e-01
  3.44e-02	  2.47e-02	5.00656e-01
  3.44e-02	  2.53e-02	5.00682e-01
  3.44e-02	  2.58e-02	5.00744e-01
  3.44e-02	  2.63e-02	5.00840e-01
  3.44e-02	  2.68e-02	5.00967e-01
  3.44e-02	  2.73e-02	5.01122e-01
  3.44e-02	  2.79e-02	5.01298e-01
  3.44e-02	  2.84e-02	5.01491e-01
  3.44e-02	  2.89e-02	5.01693e-01
  3.44e-02	  2.94e-02	5.01895e-01
  3.44e-02	  2.99e-02	5.02090e-01
  3.44e-02	  3.05e-02	5.02267e-01
  3.44e-02	  3.10e-02	5.02416e-01
  3.44e-02	  3.15e-02	5.02527e-01
  3.44e-02	  3.20e-02	5.02587e-01
  3.44e-02	  3.26e-02	5.02587e-01
  3.44e-02	  3.31e-02	5.02514e-01
  3.44e-02	  3.36e-02	5.02357e-01
  3.44e-02	  3.41e-02	5.02105e-01
  3.44e-02	  3.46e-02	5.01748e-01
  3.44e-02	  3.52e-02	5.01277e-01
  3.44e-02	  3.57e-02	5.00682e-01
  3.44e-02	  3.62e-02	4.99958e-01
  3.44e-02	  3.67e-02	4.99097e-01
  3.44e-02	  3.72e-02	4.98098e-01
  3.44e-02	  3.78e-02	4.96956e-01
  3.44e-02	  3.83e-02	4.95673e-01
  3.44e-02	  3.88e-02	4.94248e-01
  3.44e-02	  3.93e-02	4.92680e-01
  3.44e-02	  3.98e-02	4.89367e-01
  3.44e-02	  4.04e-02	2.46947e-33
  3.44e-02	  4.09e-02	3.70520e-66
  3.44e-02	  4.14e-02	5.55928e-99
  3.44e-02	  4.19e-02	8.34109e-132
  3.44e-02	  4.24e-02	1.25149e-164
  3.44e-02	  4.30e-02	1.87770e-197
  3.44e-02	  4.35e-02	2.81726e-230
  3.44e-02	  4.40e-02	4.22693e-263
  3.44e-02	  4.45e-02	6.34194e-296
  3.44e-02	  4.51e-02	0.00000e+00
  3.44e-02	  4.56e-02	0.00000e+00
  3.44e-02	  4.61e-02	0.00000e+00
  3.44e-02	  4.66e-02	0.00000e+00
  3.44e-02	  4.71e-02	0.00000e+00
  3.44e-02	  4.77e-02	0.00000e+00
  3.44e-02	  4.82e-02	0.00000e+00
  3.44e-02	  4.87e-02	0.00000e+00
  3.44e-02	  4.92e-02	0.00000e+00
  3.44e-02	  4.97e-02	0.00000e+00

  3.52e-02	  2.60e-04	0.00000e+00
  3.52e-02	  7.81e-04	0.00000e+00
  3.52e-02	  1.30e-03	0.00000e+00
  3.52e-02	  1.82e-03	0.00000e+00
  3.52e-02	  2.34e-03	0.00000e+00
  3.52e-02	  2.86e-03	0.00000e+00
  3.52e-02	  3.39e-03	0.00000e+00
  3.52e-02	  3.91e-03	0.00000e+00
  3.52e-02	  4.43e-03	0.00000e+00
  3.52e-02	  4.95e-03	6.34617e-296
  3.52e-02	  5.47e-03	4.22988e-263
  3.52e-02	  5.99e-03	2.81932e-230
  3.52e-02	  6.51e-03	1.87914e-197
  3.52e-02	  7.03e-03	1.25249e-164
  3.52e-02	  7.55e-03	8.34813e-132
  3.52e-02	  8.07e-03	5.56420e-99
  3.52e-02	  8.59e-03	3.70865e-66
  3.52e-02	  9.11e-03	2.47188e-33
  3.52e-02	  9.64e-03	4.89735e-01
  3.52e-02	  1.02e-02	4.92959e-01
  3.52e-02	  1.07e-02	4.94480e-01
  3.52e-02	  1.12e-02	4.95858e-01
  3.52e-02	  1.17e-02	4.97093e-01
  3.52e-02	  1.22e-02	4.98185e-01
  3.52e-02	  1.28e-02	4.99135e-01
  3.52e-02	  1.33e-02	4.99948e-01
  3.52e-02	  1.38e-02	5.00627e-01
  3.52e-02	  1.43e-02	5.01179e-01
  3.52e-02	  1.48e-02	5.01612e-01
  3.52e-02	  1.54e-02	5.01933e-01
  3.52e-02	  1.59e-02	5.02152e-01
  3.52e-02	  1.64e-02	5.02280e-01
  3.52e-02	  1.69e-02	5.02327e-01
  3.52e-02	  1.74e-02	5.02304e-01
  3.52e-02	  1.80e-02	5.02224e-01
  3.52e-02	  1.85e-02	5.02096e-01
  3.52e-02	  1.90e-02	5.01932e-01
  3.52e-02	  1.95e-02	5.01743e-01
  3.52e-02	  2.01e-02	5.01539e-01
  3.52e-02	  2.06e-02	5.01330e-01
  3.52e-02	  2.11e-02	5.01124e-01
  3.52e-02	  2.16e-02	5.00930e-01
  3.52e-02	  2.21e-02	5.00754e-01
  3.52e-02	  2.27e-02	5.00603e-01
  3.52e-02	  2.32e-02	5.00483e-01
  3.52e-02	  2.37e-02	5.00396e-01
  3.52e-02	  2.42e-02	5.00346e-01
  3.52e-02	  2.47e-02	5.00334e-01
  3.52e-02	  2.53e-02	5.00362e-01
  3.52e-02	  2.58e-02	5.00428e-01
  3.52e-02	  2.63e-02	5.00530e-01
  3.52e-02	  2.68e-02	5.00667e-01
  3.52e-02	  2.73e-02	5.00834e-01
  3.52e-02	  2.79e-02	5.01025e-01
  3.52e-02	  2.84e-02	5.01234e-01
  3.52e-02	  2.89e-02	5.01455e-01
  3.52e-02	  2.94e-02	5.01678e-01
  3.52e-02	  2.99e-02	5.01896e-01
  3.52e-02	  3.05e-02	5.02098e-01
  3.52e-02	  3.10e-02	5.02275e-01
  3.52e-02	  3.15e-02	5.02414e-01
  3.52e-02	  3.20e-02	5.02506e-01
  3.52e-02	  3.26e-02	5.02538e-01
  3.52e-02	  3.31e-02	5.02500e-01
  3.52e-02	  3.36e-02	5.02380e-01
  3.52e-02	  3.41e-02	5.02167e-01
  3.52e-02	  3.46e-02	5.01851e-01
  3.52e-02	  3.52e-02	5.01422e-01
  3.52e-02	  3.57e-02	5.00872e-01
  3.52e-02	  3.62e-02	5.00193e-01
  3.52e-02	  3.67e-02	4.99379e-01
  3.52e-02	  3.72e-02	4.98425e-01
  3.52e-02	  3.78e-02	4.97329e-01
  3.52e-02	  3.83e-02	4.96088e-01
  3.52e-02	  3.88e-02	4.94702e-01
  3.52e-02	  3.93e-02	4.93172e-01
  3.52e-02	  3.98e-02	4.89931e-01
  3.52e-02	  4.04e-02	2.47324e-33
  3.52e-02	  4.09e-02	3.71073e-66
  3.52e-02	  4.14e-02	5.56739e-99
  3.52e-02	  4.19e-02	8.35300e-132
  3.52e-02	  4.24e-02	1.25323e-164
  3.52e-02	  4.30e-02	1.88028e-197
  3.52e-02	  4.35e-02	2.82105e-230
  3.52e-02	  4.40e-02	4.23251e-263
  3.52e-02	  4.45e-02	6.35017e-296
  3.52e-02	  4.51e-02	0.00000e+00
  3.52e-02	  4.56e-02	0.00000e+00
  3.52e-02	  4.61e-02	0.00000e+00
  3.52e-02	  4.66e-02	0.00000e+00
  3.52e-02	  4.71e-02	0.00000e+00
  3.52e-02	  4.77e-02	0.00000e+00
  3.52e-02	  4.82e-02	0.00000e+00
  3.52e-02	  4.87e-02	0.00000e+00
  3.52e-02	  4.92e-02	0.00000e+00
  3.52e-02	  4.97e-02	0.00000e+00

  3.59e-02	  2.60e-04	0.00000e+00
  3.59e-02	  7.81e-04	0.00000e+00
  3.59e-02	  1.30e-03	0.00000e+00
  3.59e-02	  1.82e-03	0.00000e+00
  3.59e-02	  2.34e-03	0.00000e+00
  3.59e-02	  2.86e-03	0.00000e+00
  3.59e-02	  3.39e-03	0.00000e+00
  3.59e-02	  3.91e-03	0.00000e+00
  3.59e-02	  4.43e-03	0.00000e+00
  3.59e-02	  4.95e-03	6.35247e-296
  3.59e-02	  5.47e-03	4.23414e-263
  3.59e-02	  5.99e-03	2.82220e-230
  3.59e-02	  6.51e-03	1.88109e-197
  3.59e-02	  7.03e-03	1.25381e-164
  3.59e-02	  7.55e-03	8.35708e-132
  3.59e-02	  8.07e-03	5.57026e-99
  3.59e-02	  8.59e-03	3.71276e-66
  3.59e-02	  9.11e-03	2.47467e-33
  3.59e-02	  9.64e-03	4.90150e-01
  3.59e-02	  1.02e-02	4.93347e-01
  3.59e-02	  1.07e-02	4.94843e-01
  3.59e-02	  1.12e-02	4.96193e-01
  3.59e-02	  1.17e-02	4.97396e-01
  3.59e-02	  1.22e-02	4.98454e-01
  3.59e-02	  1.28e-02	4.99368e-01
  3.59e-02	  1.33e-02	5.00143e-01
  3.59e-02	  1.38e-02	5.00786e-01
  3.59e-02	  1.43e-02	5.01301e-01
  3.59e-02	  1.48e-02	5.01697e-01
  3.59e-02	  1.54e-02	5.01983e-01
  3.59e-02	  1.59e-02	5.02168e-01
  3.59e-02	  1.64e-02	5.02263e-01
  3.59e-02	  1.69e-02	5.02279e-01
  3.59e-02	  1.74e-02	5.02227e-01
  3.59e-02	  1.80e-02	5.02119e-01
  3.59e-02	  1.85e-02	5.01965e-01
  3.59e-02	  1.90e-02	5.01776e-01
  3.59e-02	  1.95e-02	5.01565e-01
  3.59e-02	  2.01e-02	5.01340e-01
  3.59e-02	  2.06e-02	5.01111e-01
  3.59e-02	  2.11e-02	5.00889e-01
  3.59e-02	  2.16e-02	5.00679e-01
  3.59e-02	  2.21e-02	5.00491e-01
  3.59e-02	  2.27e-02	5.00330e-01
  3.59e-02	  2.32e-02	5.00201e-01
  3.59e-02	  2.37e-02	5.00108e-01
  3.59e-02	  2.42e-02	5.00055e-01
  3.59e-02	  2.47e-02	5.00042e-01
  3.59e-02	  2.53e-02	5.00072e-01
  3.59e-02	  2.58e-02	5.00142e-01
  3.59e-02	  2.63e-02	5.00251e-01
  3.59e-02	  2.68e-02	5.00397e-01
  3.59e-02	  2.73e-02	5.00575e-01
  3.59e-02	  2.79e-02	5.00779e-01
  3.59e-02	  2.84e-02	5.01005e-01
  3.59e-02	  2.89e-02	5.01243e-01
  3.59e-02	  2.94e-02	5.01487e-01
  3.59e-02	  2.99e-02	5.01727e-01
  3.59e-02	  3.05e-02	5.01953e-01
  3.59e-02	  3.10e-02	5.02155e-01
  3.59e-02	  3.15e-02	5.02322e-01
  3.59e-02	  3.20e-02	5.02442e-01
  3.59e-02	  3.26e-02	5.02505e-01
  3.59e-02	  3.31e-02	5.02499e-01
  3.59e-02	  3.36e-02	5.02413e-01
  3.59e-02	  3.41e-02	5.02235e-01
  3.59e-02	  3.46e-02	5.01955e-01
  3.59e-02	  3.52e-02	5.01564e-01
  3.59e-02	  3.57e-02	5.01052e-01
  3.59e-02	  3.62e-02	5.00411e-01
  3.59e-02	  3.67e-02	4.99636e-01
  3.59e-02	  3.72e-02	4.98720e-01
  3.59e-02	  3.78e-02	4.97659e-01
  3.59e-02	  3.83e-02	4.96452e-01
  3.59e-02	  3.88e-02	4.95096e-01
  3.59e-02	  3.93e-02	4.93593e-01
  3.59e-02	  3.98e-02	4.90384e-01
  3.59e-02	  4.04e-02	2.47628e-33
  3.59e-02	  4.09e-02	3.71521e-66
  3.59e-02	  4.14e-02	5.57400e-99
  3.59e-02	  4.19e-02	8.36275e-132
  3.59e-02	  4.24e-02	1.25467e-164
  3.59e-02	  4.30e-02	1.88240e-197
  3.59e-02	  4.35e-02	2.82419e-230
  3.59e-02	  4.40e-02	4.23715e-263
  3.59e-02	  4.45e-02	6.35703e-296
  3.59e-02	  4.51e-02	0.00000e+00
  3.59e-02	  4.56e-02	0.00000e+00
  3.59e-02	  4.61e-02	0.00000e+00
  3.59e-02	  4.66e-02	0.00000e+00
  3.59e-02	  4.71e-02	0.00000e+00
  3.59e-02	  4.77e-02	0.00000e+00
  3.59e-02	  4.82e-02	0.00000e+00
  3.59e-02	  4.87e-02	0.00000e+00
  3.59e-02	  4.92e-02	0.00000e+00
  3.59e-02	  4.97e-02	0.00000e+00

  3.67e-02	  2.60e-04	0.00000e+00
  3.67e-02	  7.81e-04	0.00000e+00
  3.67e-02	  1.30e-03	0.00000e+00
  3.67e-02	  1.82e-03	0.00000e+00
  3.67e-02	  2.34e-03	0.00000e+00
  3.67e-02	  2.86e-03	0.00000e+00
  3.67e-02	  3.39e-03	0.00000e+00
  3.67e-02	  3.91e-03	0.00000e+00
  3.67e-02	  4.43e-03	0.00000e+00
  3.67e-02	  4.95e-03	6.35773e-296
  3.67e-02	  5.47e-03	4.23770e-263
  3.67e-02	  5.99e-03	2.82461e-230
  3.67e-02	  6.51e-03	1.88272e-197
  3.67e-02	  7.03e-03	1.25491e-164
  3.67e-02	  7.55e-03	8.36451e-132
  3.67e-02	  8.07e-03	5.57529e-99
  3.67e-02	  8.59e-03	3.71616e-66
  3.67e-02	  9.11e-03	2.47697e-33
  3.67e-02	  9.64e-03	4.90492e-01
  3.67e-02	  1.02e-02	4.93672e-01
  3.67e-02	  1.07e-02	4.95151e-01
  3.67e-02	  1.12e-02	4.96480e-01
  3.67e-02	  1.17e-02	4.97658e-01
  3.67e-02	  1.22e-02	4.98687e-01
  3.67e-02	  1.28e-02	4.99573e-01
  3.67e-02	  1.33e-02	5.00318e-01
  3.67e-02	  1.38e-02	5.00928e-01
  3.67e-02	  1.43e-02	5.01412e-01
  3.67e-02	  1.48e-02	5.01777e-01
  3.67e-02	  1.54e-02	5.02033e-01
  3.67e-02	  1.59e-02	5.02188e-01
  3.67e-02	  1.64e-02	5.02255e-01
  3.67e-02	  1.69e-02	5.02243e-01
  3.67e-02	  1.74e-02	5.02164e-01
  3.67e-02	  1.80e-02	5.02030e-01
  3.67e-02	  1.85e-02	5.01852e-01
  3.67e-02	  1.90e-02	5.01642e-01
  3.67e-02	  1.95e-02	5.01409e-01
  3.67e-02	  2.01e-02	5.01165e-01
  3.67e-02	  2.06e-02	5.00919e-01
  3.67e-02	  2.11e-02	5.00680e-01
  3.67e-02	  2.16e-02	5.00457e-01
  3.67e-02	  2.21e-02	5.00257e-01
  3.67e-02	  2.27e-02	5.00086e-01
  3.67e-02	  2.32e-02	4.99950e-01
  3.67e-02	  2.37e-02	4.99852e-01
  3.67e-02	  2.42e-02	4.99796e-01
  3.67e-02	  2.47e-02	4.99783e-01
  3.67e-02	  2.53e-02	4.99813e-01
  3.67e-02	  2.58e-02	4.99888e-01
  3.67e-02	  2.63e-02	5.00003e-01
  3.67e-02	  2.68e-02	5.00157e-01
  3.67e-02	  2.73e-02	5.00346e-01
  3.67e-02	  2.79e-02	5.00563e-01
  3.67e-02	  2.84e-02	5.00803e-01
  3.67e-02	  2.89e-02	5.01059e-01
  3.67e-02	  2.94e-02	5.01321e-01
  3.67e-02	  2.99e-02	5.01581e-01
  3.67e-02	  3.05e-02	5.01829e-01
  3.67e-02	  3.10e-02	5.02054e-01
  3.67e-02	  3.15e-02	5.02246e-01
  3.67e-02	  3.20e-02	5.02393e-01
  3.67e-02	  3.26e-02	5.02484e-01
  3.67e-02	  3.31e-02	5.02507e-01
  3.67e-02	  3.36e-02	5.02451e-01
  3.67e-02	  3.41e-02	5.02304e-01
  3.67e-02	  3.46e-02	5.02056e-01
  3.67e-02	  3.52e-02	5.01696e-01
  3.67e-02	  3.57e-02	5.01217e-01
  3.67e-02	  3.62e-02	5.00609e-01
  3.67e-02	  3.67e-02	4.99865e-01
  3.67e-02	  3.72e-02	4.98980e-01
  3.67e-02	  3.78e-02	4.97948e-01
  3.67e-02	  3.83e-02	4.96767e-01
  3.67e-02	  3.88e-02	4.95434e-01
  3.67e-02	  3.93e-02	4.93948e-01
  3.67e-02	  3.98e-02	4.90758e-01
  3.67e-02	  4.04e-02	2.47881e-33
  3.67e-02	  4.09e-02	3.71894e-66
  3.67e-02	  4.14e-02	5.57951e-99
  3.67e-02	  4.19e-02	8.37090e-132
  3.67e-02	  4.24e-02	1.25588e-164
  3.67e-02	  4.30e-02	1.88419e-197
  3.67e-02	  4.35e-02	2.82683e-230
  3.67e-02	  4.40e-02	4.24106e-263
  3.67e-02	  4.45e-02	6.36282e-296
  3.67e-02	  4.51e-02	0.00000e+00
  3.67e-02	  4.56e-02	0.00000e+00
  3.67e-02	  4.61e-02	0.00000e+00
  3.67e-02	  4.66e-02	0.00000e+00
  3.67e-02	  4.71e-02	0.00000e+00
  3.67e-02	  4.77e-02	0.00000e+00
  3.67e-02	  4.82e-02	0.00000e+00
  3.67e-02	  4.87e-02	0.00000e+00
  3.67e-02	  4.92e-02	0.00000e+00
  3.67e-02	  4.97e-02	0.00000e+00

  3.75e-02	  2.60e-04	0.00000e+00
  3.75e-02	  7.81e-04	0.00000e+00
  3.75e-02	  1.30e-03	0.00000e+00
  3.75e-02	  1.82e-03	0.00000e+00
  3.75e-02	  2.34e-03	0.00000e+00
  3.75e-02	  2.86e-03	0.00000e+00
  3.75e-02	  3.39e-03	0.00000e+00
  3.75e-02	  3.91e-03	0.00000e+00
  3.75e-02	  4.43e-03	0.00000e+00
  3.75e-02	  4.95e-03	6.36210e-296
  3.75e-02	  5.47e-03	4.24065e-263
  3.75e-02	  5.99e-03	2.82660e-230
  3.75e-02	  6.51e-03	1.88407e-197
  3.75e-02	  7.03e-03	1.25582e-164
  3.75e-02	  7.55e-03	8.37068e-132
  3.75e-02	  8.07e-03	5.57947e-99
  3.75e-02	  8.59e-03	3.71898e-66
  3.75e-02	  9.11e-03	2.47888e-33
  3.75e-02	  9.64e-03	4.90776e-01
  3.75e-02	  1.02e-02	4.93942e-01
  3.75e-02	  1.07e-02	4.95409e-01
  3.75e-02	  1.12e-02	4.96721e-01
  3.75e-02	  1.17e-02	4.97879e-01
  3.75e-02	  1.22e-02	4.98887e-01
  3.75e-02	  1.28e-02	4.99748e-01
  3.75e-02	  1.33e-02	5.00468e-01
  3.75e-02	  1.38e-02	5.01053e-01
  3.75e-02	  1.43e-02	5.01511e-01
  3.75e-02	  1.48e-02	5.01850e-01
  3.75e-02	  1.54e-02	5.02079e-01
  3.75e-02	  1.59e-02	5.02209e-01
  3.75e-02	  1.64e-02	5.02251e-01
  3.75e-02	  1.69e-02	5.02215e-01
  3.75e-02	  1.74e-02	5.02113e-01
  3.75e-02	  1.80e-02	5.01956e-01
  3.75e-02	  1.85e-02	5.01757e-01
  3.75e-02	  1.90e-02	5.01526e-01
  3.75e-02	  1.95e-02	5.01275e-01
  3.75e-02	  2.01e-02	5.01014e-01
  3.75e-02	  2.06e-02	5.00752e-01
  3.75e-02	  2.11e-02	5.00499e-01
  3.75e-02	  2.16e-02	5.00264e-01
  3.75e-02	  2.21e-02	5.00053e-01
  3.75e-02	  2.27e-02	4.99874e-01
  3.75e-02	  2.32e-02	4.99731e-01
  3.75e-02	  2.37e-02	4.99628e-01
  3.75e-02	  2.42e-02	4.99569e-01
  3.75e-02	  2.47e-02	4.99555e-01
  3.75e-02	  2.53e-02	4.99588e-01
  3.75e-02	  2.58e-02	4.99666e-01
  3.75e-02	  2.63e-02	4.99787e-01
  3.75e-02	  2.68e-02	4.99949e-01
  3.75e-02	  2.73e-02	5.00147e-01
  3.75e-02	  2.79e-02	5.00376e-01
  3.75e-02	  2.84e-02	5.00629e-01
  3.75e-02	  2.89e-02	5.00900e-01
  3.75e-02	  2.94e-02	5.01179e-01
  3.75e-02	  2.99e-02	5.01457e-01
  3.75e-02	  3.05e-02	5.01725e-01
  3.75e-02	  3.10e-02	5.01971e-01
  3.75e-02	  3.15e-02	5.02186e-01
  3.75e-02	  3.20e-02	5.02356e-01
  3.75e-02	  3.26e-02	5.02472e-01
  3.75e-02	  3.31e-02	5.02520e-01
  3.75e-02	  3.36e-02	5.02490e-01
  3.75e-02	  3.41e-02	5.02369e-01
  3.75e-02	  3.46e-02	5.02149e-01
  3.75e-02	  3.52e-02	5.01817e-01
  3.75e-02	  3.57e-02	5.01365e-01
  3.75e-02	  3.62e-02	5.00784e-01
  3.75e-02	  3.67e-02	5.00066e-01
  3.75e-02	  3.72e-02	4.99205e-01
  3.75e-02	  3.78e-02	4.98197e-01
  3.75e-02	  3.83e-02	4.97036e-01
  3.75e-02	  3.88e-02	4.95721e-01
  3.75e-02	  3.93e-02	4.94249e-01
  3.75e-02	  3.98e-02	4.91072e-01
  3.75e-02	  4.04e-02	2.48092e-33
  3.75e-02	  4.09e-02	3.72207e-66
  3.75e-02	  4.14e-02	5.58414e-99
  3.75e-02	  4.19e-02	8.37776e-132
  3.75e-02	  4.24e-02	1.25690e-164
  3.75e-02	  4.30e-02	1.88569e-197
  3.75e-02	  4.35e-02	2.82906e-230
  3.75e-02	  4.40e-02	4.24436e-263
  3.75e-02	  4.45e-02	6.36771e-296
  3.75e-02	  4.51e-02	0.00000e+00
  3.75e-02	  4.56e-02	0.00000e+00
  3.75e-02	  4.61e-02	0.00000e+00
  3.75e-02	  4.66e-02	0.00000e+00
  3.75e-02	  4.71e-02	0.00000e+00
  3.75e-02	  4.77e-02	0.00000e+00
  3.75e-02	  4.82e-02	0.00000e+00
  3.75e-02	  4.87e-02	0.00000e+00
  3.75e-02	  4.92e-02	0.00000e+00
  3.75e-02	  4.97e-02	0.00000e+00

  3.83e-02	  2.60e-04	0.00000e+00
  3.83e-02	  7.81e-04	0.00000e+00
  3.83e-02	  1.30e-03	0.00000e+00
  3.83e-02	  1.82e-03	0.00000e+00
  3.83e-02	  2.34e-03	0.00000e+00
  3.83e-02	  2.86e-03	0.00000e+00
  3.83e-02	  3.39e-03	0.00000e+00
  3.83e-02	  3.91e-03	0.00000e+00
  3.83e-02	  4.43e-03	0.00000e+00
  3.83e-02	  4.95e-03	6.36568e-296
  3.83e-02	  5.47e-03	4.24308e-263
  3.83e-02	  5.99e-03	2.82824e-230
  3.83e-02	  6.51e-03	1.88518e-197
  3.83e-02	  7.03e-03	1.25658e-164
  3.83e-02	  7.55e-03	8.37577e-132
  3.83e-02	  8.07e-03	5.58291e-99
  3.83e-02	  8.59e-03	3.72131e-66
  3.83e-02	  9.11e-03	2.48046e-33
  3.83e-02	  9.64e-03	4.91010e-01
  3.83e-02	  1.02e-02	4.94165e-01
  3.83e-02	  1.07e-02	4.95621e-01
  3.83e-02	  1.12e-02	4.96920e-01
  3.83e-02	  1.17e-02	4.98063e-01
  3.83e-02	  1.22e-02	4.99053e-01
  3.83e-02	  1.28e-02	4.99895e-01
  3.83e-02	  1.33e-02	5.00595e-01
  3.83e-02	  1.38e-02	5.01159e-01
  3.83e-02	  1.43e-02	5.01595e-01
  3.83e-02	  1.48e-02	5.01912e-01
  3.83e-02	  1.54e-02	5.02120e-01
  3.83e-02	  1.59e-02	5.02229e-01
  3.83e-02	  1.64e-02	5.02249e-01
  3.83e-02	  1.69e-02	5.02192e-01
  3.83e-02	  1.74e-02	5.02070e-01
  3.83e-02	  1.80e-02	5.01895e-01
  3.83e-02	  1.85e-02	5.01677e-01
  3.83e-02	  1.90e-02	5.01429e-01
  3.83e-02	  1.95e-02	5.01162e-01
  3.83e-02	  2.01e-02	5.00885e-01
  3.83e-02	  2.06e-02	5.00610e-01
  3.83e-02	  2.11e-02	5.00345e-01
  3.83e-02	  2.16e-02	5.00099e-01
  3.83e-02	  2.21e-02	4.99879e-01
  3.83e-02	  2.27e-02	4.99692e-01
  3.83e-02	  2.32e-02	4.99543e-01
  3.83e-02	  2.37e-02	4.99436e-01
  3.83e-02	  2.42e-02	4.99375e-01
  3.83e-02	  2.47e-02	4.99361e-01
  3.83e-02	  2.53e-02	4.99395e-01
  3.83e-02	  2.58e-02	4.99476e-01
  3.83e-02	  2.63e-02	4.99602e-01
  3.83e-02	  2.68e-02	4.99771e-01
  3.83e-02	  2.73e-02	4.99978e-01
  3.83e-02	  2.79e-02	5.00217e-01
  3.83e-02	  2.84e-02	5.00482e-01
  3.83e-02	  2.89e-02	5.00766e-01
  3.83e-02	  2.94e-02	5.01060e-01
  3.83e-02	  2.99e-02	5.01354e-01
  3.83e-02	  3.05e-02	5.01640e-01
  3.83e-02	  3.10e-02	5.01905e-01
  3.83e-02	  3.15e-02	5.02138e-01
  3.83e-02	  3.20e-02	5.02329e-01
  3.83e-02	  3.26e-02	5.02466e-01
  3.83e-02	  3.31e-02	5.02536e-01
  3.83e-02	  3.36e-02	5.02527e-01
  3.83e-02	  3.41e-02	5.02430e-01
  3.83e-02	  3.46e-02	5.02232e-01
  3.83e-02	  3.52e-02	5.01923e-01
  3.83e-02	  3.57e-02	5.01493e-01
  3.83e-02	  3.62e-02	5.00934e-01
  3.83e-02	  3.67e-02	5.00238e-01
  3.83e-02	  3.72e-02	4.99397e-01
  3.83e-02	  3.78e-02	4.98407e-01
  3.83e-02	  3.83e-02	4.97263e-01
  3.83e-02	  3.88e-02	4.95961e-01
  3.83e-02	  3.93e-02	4.94500e-01
  3.83e-02	  3.98e-02	4.91335e-01
  3.83e-02	  4.04e-02	2.48269e-33
  3.83e-02	  4.09e-02	3.72470e-66
  3.83e-02	  4.14e-02	5.58802e-99
  3.83e-02	  4.19e-02	8.38351e-132
  3.83e-02	  4.24e-02	1.25775e-164
  3.83e-02	  4.30e-02	1.88695e-197
  3.83e-02	  4.35e-02	2.83092e-230
  3.83e-02	  4.40e-02	4.24712e-263
  3.83e-02	  4.45e-02	6.37178e-296
  3.83e-02	  4.51e-02	0.00000e+00
  3.83e-02	  4.56e-02	0.00000e+00
  3.83e-02	  4.61e-02	0.00000e+00
  3.83e-02	  4.66e-02	0.00000e+00
  3.83e-02	  4.71e-02	0.00000e+00
  3.83e-02	  4.77e-02	0.00000e+00
  3.83e-02	  4.82e-02	0.00000e+00
  3.83e-02	  4.87e-02	0.00000e+00
  3.83e-02	  4.92e-02	0.00000e+00
  3.83e-02	  4.97e-02	0.00000e+00

  3.91e-02	  2.60e-04	0.00000e+00
  3.91e-02	  7.81e-04	0.00000e+00
  3.91e-02	  1.30e-03	0.00000e+00
  3.91e-02	  1.82e-03	0.00000e+00
  3.91e-02	  2.34e-03	0.00000e+00
  3.91e-02	  2.86e-03	0.00000e+00
  3.91e-02	  3.39e-03	0.00000e+00
  3.91e-02	  3.91e-03	0.00000e+00
  3.91e-02	  4.43e-03	0.00000e+00
  3.91e-02	  4.95e-03	6.36853e-296
  3.91e-02	  5.47e-03	4.24501e-263
  3.91e-02	  5.99e-03	2.82956e-230
  3.91e-02	  6.51e-03	1.88607e-197
  3.91e-02	  7.03e-03	1.25718e-164
  3.91e-02	  7.55e-03	8.37987e-132
  3.91e-02	  8.07e-03	5.58569e-99
  3.91e-02	  8.59e-03	3.72320e-66
  3.91e-02	  9.11e-03	2.48173e-33
  3.91e-02	  9.64e-03	4.91200e-01
  3.91e-02	  1.02e-02	4.94345e-01
  3.91e-02	  1.07e-02	4.95792e-01
  3.91e-02	  1.12e-02	4.97080e-01
  3.91e-02	  1.17e-02	4.98211e-01
  3.91e-02	  1.22e-02	4.99187e-01
  3.91e-02	  1.28e-02	5.00014e-01
  3.91e-02	  1.33e-02	5.00698e-01
  3.91e-02	  1.38e-02	5.01245e-01
  3.91e-02	  1.43e-02	5.01664e-01
  3.91e-02	  1.48e-02	5.01963e-01
  3.91e-02	  1.54e-02	5.02153e-01
  3.91e-02	  1.59e-02	5.02244e-01
  3.91e-02	  1.64e-02	5.02247e-01
  3.91e-02	  1.69e-02	5.02174e-01
  3.91e-02	  1.74e-02	5.02035e-01
  3.91e-02	  1.80e-02	5.01844e-01
  3.91e-02	  1.85e-02	5.01611e-01
  3.91e-02	  1.90e-02	5.01349e-01
  3.91e-02	  1.95e-02	5.01068e-01
  3.91e-02	  2.01e-02	5.00779e-01
  3.91e-02	  2.06e-02	5.00492e-01
  3.91e-02	  2.11e-02	5.00216e-01
  3.91e-02	  2.16e-02	4.99961e-01
  3.91e-02	  2.21e-02	4.99733e-01
  3.91e-02	  2.27e-02	4.99540e-01
  3.91e-02	  2.32e-02	4.99386e-01
  3.91e-02	  2.37e-02	4.99276e-01
  3.91e-02	  2.42e-02	4.99213e-01
  3.91e-02	  2.47e-02	4.99198e-01
  3.91e-02	  2.53e-02	4.99234e-01
  3.91e-02	  2.58e-02	4.99318e-01
  3.91e-02	  2.63e-02	4.99449e-01
  3.91e-02	  2.68e-02	4.99624e-01
  3.91e-02	  2.73e-02	4.99838e-01
  3.91e-02	  2.79e-02	5.00086e-01
  3.91e-02	  2.84e-02	5.00362e-01
  3.91e-02	  2.89e-02	5.00657e-01
  3.91e-02	  2.94e-02	5.00963e-01
  3.91e-02	  2.99e-02	5.01272e-01
  3.91e-02	  3.05e-02	5.01571e-01
  3.91e-02	  3.10e-02	5.01852e-01
  3.91e-02	  3.15e-02	5.02102e-01
  3.91e-02	  3.20e-02	5.02310e-01
  3.91e-02	  3.26e-02	5.02464e-01
  3.91e-02	  3.31e-02	5.02552e-01
  3.91e-02	  3.36e-02	5.02562e-01
  3.91e-02	  3.41e-02	5.02483e-01
  3.91e-02	  3.46e-02	5.02304e-01
  3.91e-02	  3.52e-02	5.02014e-01
  3.91e-02	  3.57e-02	5.01602e-01
  3.91e-02	  3.62e-02	5.01061e-01
  3.91e-02	  3.67e-02	5.00382e-01
  3.91e-02	  3.72e-02	4.99557e-01
  3.91e-02	  3.78e-02	4.98582e-01
  3.91e-02	  3.83e-02	4.97450e-01
  3.91e-02	  3.88e-02	4.96160e-01
  3.91e-02	  3.93e-02	4.94708e-01
  3.91e-02	  3.98e-02	4.91553e-01
  3.91e-02	  4.04e-02	2.48416e-33
  3.91e-02	  4.09e-02	3.72687e-66
  3.91e-02	  4.14e-02	5.59123e-99
  3.91e-02	  4.19e-02	8.38824e-132
  3.91e-02	  4.24e-02	1.25845e-164
  3.91e-02	  4.30e-02	1.88798e-197
  3.91e-02	  4.35e-02	2.83245e-230
  3.91e-02	  4.40e-02	4.24938e-263
  3.91e-02	  4.45e-02	6.37512e-296
  3.91e-02	  4.51e-02	0.00000e+00
  3.91e-02	  4.56e-02	0.00000e+00
  3.91e-02	  4.61e-02	0.00000e+00
  3.91e-02	  4.66e-02	0.00000e+00
  3.91e-02	  4.71e-02	0.00000e+00
  3.91e-02	  4.77e-02	0.00000e+00
  3.91e-02	  4.82e-02	0.00000e+00
  3.91e-02	  4.87e-02	0.00000e+00
  3.91e-02	  4.92e-02	0.00000e+00
  3.91e-02	  4.97e-02	0.00000e+00

  3.98e-02	  2.60e-04	0.00000e+00
  3.98e-02	  7.81e-04	0.00000e+00
  3.98e-02	  1.30e-03	0.00000e+00
  3.98e-02	  1.82e-03	0.00000e+00
  3.98e-02	  2.34e-03	0.00000e+00
  3.98e-02	  2.86e-03	0.00000e+00
  3.98e-02	  3.39e-03	0.00000e+00
  3.98e-02	  3.91e-03	0.00000e+00
  3.98e-02	  4.43e-03	0.00000e+00
  3.98e-02	  4.95e-03	6.37072e-296
  3.98e-02	  5.47e-03	4.24650e-263
  3.98e-02	  5.99e-03	2.83057e-230
  3.98e-02	  6.51e-03	1.88676e-197
  3.98e-02	  7.03e-03	1.25765e-164
  3.98e-02	  7.55e-03	8.38307e-132
  3.98e-02	  8.07e-03	5.58787e-99
  3.98e-02	  8.59e-03	3.72468e-66
  3.98e-02	  9.11e-03	2.48274e-33
  3.98e-02	  9.64e-03	4.91350e-01
  3.98e-02	  1.02e-02	4.94486e-01
  3.98e-02	  1.07e-02	4.95926e-01
  3.98e-02	  1.12e-02	4.97205e-01
  3.98e-02	  1.17e-02	4.98325e-01
  3.98e-02	  1.22e-02	4.99291e-01
  3.98e-02	  1.28e-02	5.00106e-01
  3.98e-02	  1.33e-02	5.00777e-01
  3.98e-02	  1.38e-02	5.01311e-01
  3.98e-02	  1.43e-02	5.01717e-01
  3.98e-02	  1.48e-02	5.02002e-01
  3.98e-02	  1.54e-02	5.02179e-01
  3.98e-02	  1.59e-02	5.02256e-01
  3.98e-02	  1.64e-02	5.02245e-01
  3.98e-02	  1.69e-02	5.02159e-01
  3.98e-02	  1.74e-02	5.02007e-01
  3.98e-02	  1.80e-02	5.01803e-01
  3.98e-02	  1.85e-02	5.01558e-01
  3.98e-02	  1.90e-02	5.01284e-01
  3.98e-02	  1.95e-02	5.00992e-01
  3.98e-02	  2.01e-02	5.00693e-01
  3.98e-02	  2.06e-02	5.00397e-01
  3.98e-02	  2.11e-02	5.00113e-01
  3.98e-02	  2.16e-02	4.99850e-01
  3.98e-02	  2.21e-02	4.99616e-01
  3.98e-02	  2.27e-02	4.99417e-01
  3.98e-02	  2.32e-02	4.99259e-01
  3.98e-02	  2.37e-02	4.99147e-01
  3.98e-02	  2.42e-02	4.99082e-01
  3.98e-02	  2.47e-02	4.99068e-01
  3.98e-02	  2.53e-02	4.99104e-01
  3.98e-02	  2.58e-02	4.99191e-01
  3.98e-02	  2.63e-02	4.99326e-01
  3.98e-02	  2.68e-02	4.99506e-01
  3.98e-02	  2.73e-02	4.99726e-01
  3.98e-02	  2.79e-02	4.99982e-01
  3.98e-02	  2.84e-02	5.00266e-01
  3.98e-02	  2.89e-02	5.00571e-01
  3.98e-02	  2.94e-02	5.00888e-01
  3.98e-02	  2.99e-02	5.01207e-01
  3.98e-02	  3.05e-02	5.01519e-01
  3.98e-02	  3.10e-02	5.01812e-01
  3.98e-02	  3.15e-02	5.02076e-01
  3.98e-02	  3.20e-02	5.02297e-01
  3.98e-02	  3.26e-02	5.02465e-01
  3.98e-02	  3.31e-02	5.02568e-01
  3.98e-02	  3.36e-02	5.02593e-01
  3.98e-02	  3.41e-02	5.02529e-01
  3.98e-02	  3.46e-02	5.02364e-01
  3.98e-02	  3.52e-02	5.02088e-01
  3.98e-02	  3.57e-02	5.01692e-01
  3.98e-02	  3.62e-02	5.01164e-01
  3.98e-02	  3.67e-02	5.00498e-01
  3.98e-02	  3.72e-02	4.99686e-01
  3.98e-02	  3.78e-02	4.98722e-01
  3.98e-02	  3.83e-02	4.97602e-01
  3.98e-02	  3.88e-02	4.96320e-01
  3.98e-02	  3.93e-02	4.94876e-01
  3.98e-02	  3.98e-02	4.91730e-01
  3.98e-02	  4.04e-02	2.48535e-33
  3.98e-02	  4.09e-02	3.72862e-66
  3.98e-02	  4.14e-02	5.59382e-99
  3.98e-02	  4.19e-02	8.39207e-132
  3.98e-02	  4.24e-02	1.25901e-164
  3.98e-02	  4.30e-02	1.88881e-197
  3.98e-02	  4.35e-02	2.83367e-230
  3.98e-02	  4.40e-02	4.25118e-263
  3.98e-02	  4.45e-02	6.37778e-296
  3.98e-02	  4.51e-02	0.00000e+00
  3.98e-02	  4.56e-02	0.00000e+00
  3.98e-02	  4.61e-02	0.00000e+00
  3.98e-02	  4.66e-02	0.00000e+00
  3.98e-02	  4.71e-02	0.00000e+00
  3.98e-02	  4.77e-02	0.00000e+00
  3.98e-02	  4.82e-02	0.00000e+00
  3.98e-02	  4.87e-02	0.00000e+00
  3.98e-02	  4.92e-02	0.00000e+00
  3.98e-02	  4.97e-02	0.00000e+00

  4.06e-02	  2.60e-04	0.00000e+00
  4.06e-02	  7.81e-04	0.00000e+00
  4.06e-02	  1.30e-03	0.00000e+00
  4.06e-02	  1.82e-03	0.00000e+00
  4.06e-02	  2.34e-03	0.00000e+00
  4.06e-02	  2.86e-03	0.00000e+00
  4.06e-02	  3.39e-03	0.00000e+00
  4.06e-02	  3.91e-03	0.00000e+00
  4.06e-02	  4.43e-03	0.00000e+00
  4.06e-02	  4.95e-03	6.37229e-296
  4.06e-02	  5.47e-03	4.24758e-263
  4.06e-02	  5.99e-03	2.83131e-230
  4.06e-02	  6.51e-03	1.88727e-197
  4.06e-02	  7.03e-03	1.25800e-164
  4.06e-02	  7.55e-03	8.38545e-132
  4.06e-02	  8.07e-03	5.58949e-99
  4.06e-02	  8.59e-03	3.72579e-66
  4.06e-02	  9.11e-03	2.48350e-33
  4.06e-02	  9.64e-03	4.91464e-01
  4.06e-02	  1.02e-02	4.94591e-01
  4.06e-02	  1.07e-02	4.96025e-01
  4.06e-02	  1.12e-02	4.97297e-01
  4.06e-02	  1.17e-02	4.98409e-01
  4.06e-02	  1.22e-02	4.99366e-01
  4.06e-02	  1.28e-02	5.00172e-01
  4.06e-02	  1.33e-02	5.00834e-01
  4.06e-02	  1.38e-02	5.01358e-01
  4.06e-02	  1.43e-02	5.01753e-01
  4.06e-02	  1.48e-02	5.02029e-01
  4.06e-02	  1.54e-02	5.02195e-01
  4.06e-02	  1.59e-02	5.02263e-01
  4.06e-02	  1.64e-02	5.02242e-01
  4.06e-02	  1.69e-02	5.02145e-01
  4.06e-02	  1.74e-02	5.01984e-01
  4.06e-02	  1.80e-02	5.01771e-01
  4.06e-02	  1.85e-02	5.01517e-01
  4.06e-02	  1.90e-02	5.01234e-01
  4.06e-02	  1.95e-02	5.00934e-01
  4.06e-02	  2.01e-02	5.00627e-01
  4.06e-02	  2.06e-02	5.00323e-01
  4.06e-02	  2.11e-02	5.00033e-01
  4.06e-02	  2.16e-02	4.99765e-01
  4.06e-02	  2.21e-02	4.99526e-01
  4.06e-02	  2.27e-02	4.99323e-01
  4.06e-02	  2.32e-02	4.99162e-01
  4.06e-02	  2.37e-02	4.99047e-01
  4.06e-02	  2.42e-02	4.98982e-01
  4.06e-02	  2.47e-02	4.98968e-01
  4.06e-02	  2.53e-02	4.99005e-01
  4.06e-02	  2.58e-02	4.99094e-01
  4.06e-02	  2.63e-02	4.99232e-01
  4.06e-02	  2.68e-02	4.99416e-01
  4.06e-02	  2.73e-02	4.99642e-01
  4.06e-02	  2.79e-02	4.99903e-01
  4.06e-02	  2.84e-02	5.00194e-01
  4.06e-02	  2.89e-02	5.00507e-01
  4.06e-02	  2.94e-02	5.00832e-01
  4.06e-02	  2.99e-02	5.01160e-01
  4.06e-02	  3.05e-02	5.01481e-01
  4.06e-02	  3.10e-02	5.01785e-01
  4.06e-02	  3.15e-02	5.02058e-01
  4.06e-02	  3.20e-02	5.02290e-01
  4.06e-02	  3.26e-02	5.02469e-01
  4.06e-02	  3.31e-02	5.02583e-01
  4.06e-02	  3.36e-02	5.02619e-01
  4.06e-02	  3.41e-02	5.02566e-01
  4.06e-02	  3.46e-02	5.02412e-01
  4.06e-02	  3.52e-02	5.02147e-01
  4.06e-02	  3.57e-02	5.01761e-01
  4.06e-02	  3.62e-02	5.01245e-01
  4.06e-02	  3.67e-02	5.00589e-01
  4.06e-02	  3.72e-02	4.99787e-01
  4.06e-02	  3.78e-02	4.98832e-01
  4.06e-02	  3.83e-02	4.97719e-01
  4.06e-02	  3.88e-02	4.96445e-01
  4.06e-02	  3.93e-02	4.95007e-01
  4.06e-02	  3.98e-02	4.91870e-01
  4.06e-02	  4.04e-02	2.48629e-33
  4.06e-02	  4.09e-02	3.73000e-66
  4.06e-02	  4.14e-02	5.59585e-99
  4.06e-02	  4.19e-02	8.39505e-132
  4.06e-02	  4.24e-02	1.25945e-164
  4.06e-02	  4.30e-02	1.88946e-197
  4.06e-02	  4.35e-02	2.83462e-230
  4.06e-02	  4.40e-02	4.25257e-263
  4.06e-02	  4.45e-02	6.37981e-296
  4.06e-02	  4.51e-02	0.00000e+00
  4.06e-02	  4.56e-02	0.00000e+00
  4.06e-02	  4.61e-02	0.00000e+00
  4.06e-02	  4.66e-02	0.00000e+00
  4.06e-02	  4.71e-02	0.00000e+00
  4.06e-02	  4.77e-02	0.00000e+00
  4.06e-02	  4.82e-02	0.00000e+00
  4.06e-02	  4.87e-02	0.00000e+00
  4.06e-02	  4.92e-02	0.00000e+00
  4.06e-02	  4.97e-02	0.00000e+00

  4.14e-02	  2.60e-04	0.00000e+00
  4.14e-02	  7.81e-04	0.00000e+00
  4.14e-02	  1.30e-03	0.00000e+00
  4.14e-02	  1.82e-03	0.00000e+00
  4.14e-02	  2.34e-03	0.00000e+00
  4.14e-02	  2.86e-03	0.00000e+00
  4.14e-02	  3.39e-03	0.00000e+00
  4.14e-02	  3.91e-03	0.00000e+00
  4.14e-02	  4.43e-03	0.00000e+00
  4.14e-02	  4.95e-03	6.37329e-296
  4.14e-02	  5.47e-03	4.24828e-263
  4.14e-02	  5.99e-03	2.83180e-230
  4.14e-02	  6.51e-03	1.88760e-197
  4.14e-02	  7.03e-03	1.25823e-164
  4.14e-02	  7.55e-03	8.38705e-132
  4.14e-02	  8.07e-03	5.59060e-99
  4.14e-02	  8.59e-03	3.72655e-66
  4.14e-02	  9.11e-03	2.48403e-33
  4.14e-02	  9.64e-03	4.91544e-01
  4.14e-02	  1.02e-02	4.94663e-01
  4.14e-02	  1.07e-02	4.96092e-01
  4.14e-02	  1.12e-02	4.97358e-01
  4.14e-02	  1.17e-02	4.98464e-01
  4.14e-02	  1.22e-02	4.99414e-01
  4.14e-02	  1.28e-02	5.00214e-01
  4.14e-02	  1.33e-02	5.00869e-01
  4.14e-02	  1.38e-02	5.01386e-01
  4.14e-02	  1.43e-02	5.01775e-01
  4.14e-02	  1.48e-02	5.02044e-01
  4.14e-02	  1.54e-02	5.02204e-01
  4.14e-02	  1.59e-02	5.02264e-01
  4.14e-02	  1.64e-02	5.02237e-01
  4.14e-02	  1.69e-02	5.02133e-01
  4.14e-02	  1.74e-02	5.01966e-01
  4.14e-02	  1.80e-02	5.01746e-01
  4.14e-02	  1.85e-02	5.01486e-01
  4.14e-02	  1.90e-02	5.01197e-01
  4.14e-02	  1.95e-02	5.00891e-01
  4.14e-02	  2.01e-02	5.00579e-01
  4.14e-02	  2.06e-02	5.00271e-01
  4.14e-02	  2.11e-02	4.99976e-01
  4.14e-02	  2.16e-02	4.99704e-01
  4.14e-02	  2.21e-02	4.99462e-01
  4.14e-02	  2.27e-02	4.99256e-01
  4.14e-02	  2.32e-02	4.99093e-01
  4.14e-02	  2.37e-02	4.98977e-01
  4.14e-02	  2.42e-02	4.98911e-01
  4.14e-02	  2.47e-02	4.98897e-01
  4.14e-02	  2.53e-02	4.98935e-01
  4.14e-02	  2.58e-02	4.99026e-01
  4.14e-02	  2.63e-02	4.99166e-01
  4.14e-02	  2.68e-02	4.99354e-01
  4.14e-02	  2.73e-02	4.99583e-01
  4.14e-02	  2.79e-02	4.99849e-01
  4.14e-02	  2.84e-02	5.00145e-01
  4.14e-02	  2.89e-02	5.00463e-01
  4.14e-02	  2.94e-02	5.00795e-01
  4.14e-02	  2.99e-02	5.01130e-01
  4.14e-02	  3.05e-02	5.01458e-01
  4.14e-02	  3.10e-02	5.01768e-01
  4.14e-02	  3.15e-02	5.02048e-01
  4.14e-02	  3.20e-02	5.02288e-01
  4.14e-02	  3.26e-02	5.02474e-01
  4.14e-02	  3.31e-02	5.02596e-01
  4.14e-02	  3.36e-02	5.02639e-01
  4.14e-02	  3.41e-02	5.02594e-01
  4.14e-02	  3.46e-02	5.02448e-01
  4.14e-02	  3.52e-02	5.02191e-01
  4.14e-02	  3.57e-02	5.01812e-01
  4.14e-02	  3.62e-02	5.01303e-01
  4.14e-02	  3.67e-02	5.00654e-01
  4.14e-02	  3.72e-02	4.99859e-01
  4.14e-02	  3.78e-02	4.98911e-01
  4.14e-02	  3.83e-02	4.97805e-01
  4.14e-02	  3.88e-02	4.96537e-01
  4.14e-02	  3.93e-02	4.95105e-01
  4.14e-02	  3.98e-02	4.91976e-01
  4.14e-02	  4.04e-02	2.48699e-33
  4.14e-02	  4.09e-02	3.73103e-66
  4.14e-02	  4.14e-02	5.59736e-99
  4.14e-02	  4.19e-02	8.39725e-132
  4.14e-02	  4.24e-02	1.25977e-164
  4.14e-02	  4.30e-02	1.88993e-197
  4.14e-02	  4.35e-02	2.83530e-230
  4.14e-02	  4.40e-02	4.25356e-263
  4.14e-02	  4.45e-02	6.38126e-296
  4.14e-02	  4.51e-02	0.00000e+00
  4.14e-02	  4.56e-02	0.00000e+00
  4.14e-02	  4.61e-02	0.00000e+00
  4.14e-02	  4.66e-02	0.00000e+00
  4.14e-02	  4.71e-02	0.00000e+00
  4.14e-02	  4.77e-02	0.00000e+00
  4.14e-02	  4.82e-02	0.00000e+00
  4.14e-02	  4.87e-02	0.00000e+00
  4.14e-02	  4.92e-02	0.00000e+00
  4.14e-02	  4.97e-02	0.00000e+00

  4.22e-02	  2.60e-04	0.00000e+00
  4.22e-02	  7.81e-04	0.00000e+00
  4.22e-02	  1.30e-03	0.00000e+00
  4.22e-02	  1.82e-03	0.00000e+00
  4.22e-02	  2.34e-03	0.00000e+00
  4.22e-02	  2.86e-03	0.00000e+00
  4.22e-02	  3.39e-03	0.00000e+00
  4.22e-02	  3.91e-03	0.00000e+00
  4.22e-02	  4.43e-03	0.00000e+00
  4.22e-02	  4.95e-03	6.37375e-296
  4.22e-02	  5.47e-03	4.24861e-263
  4.22e-02	  5.99e-03	2.83204e-230
  4.22e-02	  6.51e-03	1.88778e-197
  4.22e-02	  7.03e-03	1.25836e-164
  4.22e-02	  7.55e-03	8.38794e-132
  4.22e-02	  8.07e-03	5.59123e-99
  4.22e-02	  8.59e-03	3.72700e-66
  4.22e-02	  9.11e-03	2.48434e-33
  4.22e-02	  9.64e-03	4.91592e-01
  4.22e-02	  1.02e-02	4.94705e-01
  4.22e-02	  1.07e-02	4.96128e-01
  4.22e-02	  1.12e-02	4.97390e-01
  4.22e-02	  1.17e-02	4.98491e-01
  4.22e-02	  1.22e-02	4.99437e-01
  4.22e-02	  1.28e-02	5.00233e-01
  4.22e-02	  1.33e-02	5.00884e-01
  4.22e-02	  1.38e-02	5.01397e-01
  4.22e-02	  1.43e-02	5.01782e-01
  4.22e-02	  1.48e-02	5.02048e-01
  4.22e-02	  1.54e-02	5.02203e-01
  4.22e-02	  1.59e-02	5.02260e-01
  4.22e-02	  1.64e-02	5.02229e-01
  4.22e-02	  1.69e-02	5.02123e-01
  4.22e-02	  1.74e-02	5.01952e-01
  4.22e-02	  1.80e-02	5.01729e-01
  4.22e-02	  1.85e-02	5.01465e-01
  4.22e-02	  1.90e-02	5.01173e-01
  4.22e-02	  1.95e-02	5.00864e-01
  4.22e-02	  2.01e-02	5.00549e-01
  4.22e-02	  2.06e-02	5.00238e-01
  4.22e-02	  2.11e-02	4.99941e-01
  4.22e-02	  2.16e-02	4.99666e-01
  4.22e-02	  2.21e-02	4.99422e-01
  4.22e-02	  2.27e-02	4.99215e-01
  4.22e-02	  2.32e-02	4.99051e-01
  4.22e-02	  2.37e-02	4.98934e-01
  4.22e-02	  2.42e-02	4.98868e-01
  4.22e-02	  2.47e-02	4.98854e-01
  4.22e-02	  2.53e-02	4.98894e-01
  4.22e-02	  2.58e-02	4.98985e-01
  4.22e-02	  2.63e-02	4.99128e-01
  4.22e-02	  2.68e-02	4.99317e-01
  4.22e-02	  2.73e-02	4.99550e-01
  4.22e-02	  2.79e-02	4.99819e-01
  4.22e-02	  2.84e-02	5.00118e-01
  4.22e-02	  2.89e-02	5.00440e-01
  4.22e-02	  2.94e-02	5.00775e-01
  4.22e-02	  2.99e-02	5.01114e-01
  4.22e-02	  3.05e-02	5.01446e-01
  4.22e-02	  3.10e-02	5.01761e-01
  4.22e-02	  3.15e-02	5.02046e-01
  4.22e-02	  3.20e-02	5.02290e-01
  4.22e-02	  3.26e-02	5.02481e-01
  4.22e-02	  3.31e-02	5.02606e-01
  4.22e-02	  3.36e-02	5.02654e-01
  4.22e-02	  3.41e-02	5.02613e-01
  4.22e-02	  3.46e-02	5.02472e-01
  4.22e-02	  3.52e-02	5.02219e-01
  4.22e-02	  3.57e-02	5.01845e-01
  4.22e-02	  3.62e-02	5.01341e-01
  4.22e-02	  3.67e-02	5.00697e-01
  4.22e-02	  3.72e-02	4.99906e-01
  4.22e-02	  3.78e-02	4.98963e-01
  4.22e-02	  3.83e-02	4.97862e-01
  4.22e-02	  3.88e-02	4.96599e-01
  4.22e-02	  3.93e-02	4.95172e-01
  4.22e-02	  3.98e-02	4.92049e-01
  4.22e-02	  4.04e-02	2.48748e-33
  4.22e-02	  4.09e-02	3.73173e-66
  4.22e-02	  4.14e-02	5.59837e-99
  4.22e-02	  4.19e-02	8.39871e-132
  4.22e-02	  4.24e-02	1.25998e-164
  4.22e-02	  4.30e-02	1.89023e-197
  4.22e-02	  4.35e-02	2.83574e-230
  4.22e-02	  4.40e-02	4.25419e-263
  4.22e-02	  4.45e-02	6.38216e-296
  4.22e-02	  4.51e-02	0.00000e+00
  4.22e-02	  4.56e-02	0.00000e+00
  4.22e-02	  4.61e-02	0.00000e+00
  4.22e-02	  4.66e-02	0.00000e+00
  4.22e-02	  4.71e-02	0.00000e+00
  4.22e-02	  4.77e-02	0.00000e+00
  4.22e-02	  4.82e-02	0.00000e+00
  4.22e-02	  4.87e-02	0.00000e+00
  4.22e-02	  4.92e-02	0.00000e+00
  4.22e-02	  4.97e-02	0.00000e+00

  4.30e-02	  2.60e-04	0.00000e+00
  4.30e-02	  7.81e-04	0.00000e+00
  4.30e-02	  1.30e-03	0.00000e+00
  4.30e-02	  1.82e-03	0.00000e+00
  4.30e-02	  2.34e-03	0.00000e+00
  4.30e-02	  2.86e-03	0.00000e+00
  4.30e-02	  3.39e-03	0.00000e+00
  4.30e-02	  3.91e-03	0.00000e+00
  4.30e-02	  4.43e-03	0.00000e+00
  4.30e-02	  4.95e-03	6.37372e-296
  4.30e-02	  5.47e-03	4.24862e-263
  4.30e-02	  5.99e-03	2.83206e-230
  4.30e-02	  6.51e-03	1.88781e-197
  4.30e-02	  7.03e-03	1.25838e-164
  4.30e-02	  7.55e-03	8.38817e-132
  4.30e-02	  8.07e-03	5.59142e-99
  4.30e-02	  8.59e-03	3.72715e-66
  4.30e-02	  9.11e-03	2.48446e-33
  4.30e-02	  9.64e-03	4.91611e-01
  4.30e-02	  1.02e-02	4.94718e-01
  4.30e-02	  1.07e-02	4.96137e-01
  4.30e-02	  1.12e-02	4.97395e-01
  4.30e-02	  1.17e-02	4.98494e-01
  4.30e-02	  1.22e-02	4.99437e-01
  4.30e-02	  1.28e-02	5.00230e-01
  4.30e-02	  1.33e-02	5.00879e-01
  4.30e-02	  1.38e-02	5.01392e-01
  4.30e-02	  1.43e-02	5.01776e-01
  4.30e-02	  1.48e-02	5.02040e-01
  4.30e-02	  1.54e-02	5.02195e-01
  4.30e-02	  1.59e-02	5.02251e-01
  4.30e-02	  1.64e-02	5.02220e-01
  4.30e-02	  1.69e-02	5.02113e-01
  4.30e-02	  1.74e-02	5.01941e-01
  4.30e-02	  1.80e-02	5.01718e-01
  4.30e-02	  1.85e-02	5.01454e-01
  4.30e-02	  1.90e-02	5.01161e-01
  4.30e-02	  1.95e-02	5.00851e-01
  4.30e-02	  2.01e-02	5.00535e-01
  4.30e-02	  2.06e-02	5.00224e-01
  4.30e-02	  2.11e-02	4.99926e-01
  4.30e-02	  2.16e-02	4.99651e-01
  4.30e-02	  2.21e-02	4.99406e-01
  4.30e-02	  2.27e-02	4.99199e-01
  4.30e-02	  2.32e-02	4.99034e-01
  4.30e-02	  2.37e-02	4.98918e-01
  4.30e-02	  2.42e-02	4.98851e-01
  4.30e-02	  2.47e-02	4.98838e-01
  4.30e-02	  2.53e-02	4.98878e-01
  4.30e-02	  2.58e-02	4.98971e-01
  4.30e-02	  2.63e-02	4.99114e-01
  4.30e-02	  2.68e-02	4.99305e-01
  4.30e-02	  2.73e-02	4.99539e-01
  4.30e-02	  2.79e-02	4.99810e-01
  4.30e-02	  2.84e-02	5.00111e-01
  4.30e-02	  2.89e-02	5.00435e-01
  4.30e-02	  2.94e-02	5.00772e-01
  4.30e-02	  2.99e-02	5.01113e-01
  4.30e-02	  3.05e-02	5.01447e-01
  4.30e-02	  3.10e-02	5.01763e-01
  4.30e-02	  3.15e-02	5.02050e-01
  4.30e-02	  3.20e-02	5.02295e-01
  4.30e-02	  3.26e-02	5.02488e-01
  4.30e-02	  3.31e-02	5.02615e-01
  4.30e-02	  3.36e-02	5.02664e-01
  4.30e-02	  3.41e-02	5.02625e-01
  4.30e-02	  3.46e-02	5.02485e-01
  4.30e-02	  3.52e-02	5.02234e-01
  4.30e-02	  3.57e-02	5.01862e-01
  4.30e-02	  3.62e-02	5.01359e-01
  4.30e-02	  3.67e-02	5.00717e-01
  4.30e-02	  3.72e-02	4.99929e-01
  4.30e-02	  3.78e-02	4.98989e-01
  4.30e-02	  3.83e-02	4.97891e-01
  4.30e-02	  3.88e-02	4.96632e-01
  4.30e-02	  3.93e-02	4.95209e-01
  4.30e-02	  3.98e-02	4.92093e-01
  4.30e-02	  4.04e-02	2.48776e-33
  4.30e-02	  4.09e-02	3.73213e-66
  4.30e-02	  4.14e-02	5.59893e-99
  4.30e-02	  4.19e-02	8.39950e-132
  4.30e-02	  4.24e-02	1.26009e-164
  4.30e-02	  4.30e-02	1.89038e-197
  4.30e-02	  4.35e-02	2.83595e-230
  4.30e-02	  4.40e-02	4.25448e-263
  4.30e-02	  4.45e-02	6.38255e-296
  4.30e-02	  4.51e-02	0.00000e+00
  4.30e-02	  4.56e-02	0.00000e+00
  4.30e-02	  4.61e-02	0.00000e+00
  4.30e-02	  4.66e-02	0.00000e+00
  4.30e-02	  4.71e-02	0.00000e+00
  4.30e-02	  4.77e-02	0.00000e+00
  4.30e-02	  4.82e-02	0.00000e+00
  4.30e-02	  4.87e-02	0.00000e+00
  4.30e-02	  4.92e-02	0.00000e+00
  4.30e-02	  4.97e-02	0.00000e+00

  4.37e-02	  2.60e-04	0.00000e+00
  4.37e-02	  7.81e-04	0.00000e+00
  4.37e-02	  1.30e-03	0.00000e+00
  4.37e-02	  1.82e-03	0.00000e+00
  4.37e-02	  2.34e-03	0.00000e+00
  4.37e-02	  2.86e-03	0.00000e+00
  4.37e-02	  3.39e-03	0.00000e+00
  4.37e-02	  3.91e-03	0.00000e+00
  4.37e-02	  4.43e-03	0.00000e+00
  4.37e-02	  4.95e-03	6.37321e-296
  4.37e-02	  5.47e-03	4.24831e-263
  4.37e-02	  5.99e-03	2.83187e-230
  4.37e-02	  6.51e-03	1.88769e-197
  4.37e-02	  7.03e-03	1.25831e-164
  4.37e-02	  7.55e-03	8.38778e-132
  4.37e-02	  8.07e-03	5.59119e-99
  4.37e-02	  8.59e-03	3.72702e-66
  4.37e-02	  9.11e-03	2.48439e-33
  4.37e-02	  9.64e-03	4.91604e-01
  4.37e-02	  1.02e-02	4.94703e-01
  4.37e-02	  1.07e-02	4.96120e-01
  4.37e-02	  1.12e-02	4.97375e-01
  4.37e-02	  1.17e-02	4.98472e-01
  4.37e-02	  1.22e-02	4.99415e-01
  4.37e-02	  1.28e-02	5.00208e-01
  4.37e-02	  1.33e-02	5.00857e-01
  4.37e-02	  1.38e-02	5.01371e-01
  4.37e-02	  1.43e-02	5.01756e-01
  4.37e-02	  1.48e-02	5.02022e-01
  4.37e-02	  1.54e-02	5.02179e-01
  4.37e-02	  1.59e-02	5.02238e-01
  4.37e-02	  1.64e-02	5.02209e-01
  4.37e-02	  1.69e-02	5.02104e-01
  4.37e-02	  1.74e-02	5.01934e-01
  4.37e-02	  1.80e-02	5.01713e-01
  4.37e-02	  1.85e-02	5.01451e-01
  4.37e-02	  1.90e-02	5.01160e-01
  4.37e-02	  1.95e-02	5.00852e-01
  4.37e-02	  2.01e-02	5.00537e-01
  4.37e-02	  2.06e-02	5.00227e-01
  4.37e-02	  2.11e-02	4.99930e-01
  4.37e-02	  2.16e-02	4.99656e-01
  4.37e-02	  2.21e-02	4.99412e-01
  4.37e-02	  2.27e-02	4.99205e-01
  4.37e-02	  2.32e-02	4.99041e-01
  4.37e-02	  2.37e-02	4.98925e-01
  4.37e-02	  2.42e-02	4.98860e-01
  4.37e-02	  2.47e-02	4.98847e-01
  4.37e-02	  2.53e-02	4.98888e-01
  4.37e-02	  2.58e-02	4.98981e-01
  4.37e-02	  2.63e-02	4.99125e-01
  4.37e-02	  2.68e-02	4.99316e-01
  4.37e-02	  2.73e-02	4.99551e-01
  4.37e-02	  2.79e-02	4.99822e-01
  4.37e-02	  2.84e-02	5.00124e-01
  4.37e-02	  2.89e-02	5.00447e-01
  4.37e-02	  2.94e-02	5.00784e-01
  4.37e-02	  2.99e-02	5.01125e-01
  4.37e-02	  3.05e-02	5.01458e-01
  4.37e-02	  3.10e-02	5.01774e-01
  4.37e-02	  3.15e-02	5.02060e-01
  4.37e-02	  3.20e-02	5.02304e-01
  4.37e-02	  3.26e-02	5.02495e-01
  4.37e-02	  3.31e-02	5.02621e-01
  4.37e-02	  3.36e-02	5.02669e-01
  4.37e-02	  3.41e-02	5.02628e-01
  4.37e-02	  3.46e-02	5.02487e-01
  4.37e-02	  3.52e-02	5.02235e-01
  4.37e-02	  3.57e-02	5.01862e-01
  4.37e-02	  3.62e-02	5.01359e-01
  4.37e-02	  3.67e-02	5.00717e-01
  4.37e-02	  3.72e-02	4.99930e-01
  4.37e-02	  3.78e-02	4.98990e-01
  4.37e-02	  3.83e-02	4.97894e-01
  4.37e-02	  3.88e-02	4.96638e-01
  4.37e-02	  3.93e-02	4.95218e-01
  4.37e-02	  3.98e-02	4.92108e-01
  4.37e-02	  4.04e-02	2.48785e-33
  4.37e-02	  4.09e-02	3.73225e-66
  4.37e-02	  4.14e-02	5.59907e-99
  4.37e-02	  4.19e-02	8.39965e-132
  4.37e-02	  4.24e-02	1.26010e-164
  4.37e-02	  4.30e-02	1.89039e-197
  4.37e-02	  4.35e-02	2.83594e-230
  4.37e-02	  4.40e-02	4.25444e-263
  4.37e-02	  4.45e-02	6.38246e-296
  4.37e-02	  4.51e-02	0.00000e+00
  4.37e-02	  4.56e-02	0.00000e+00
  4.37e-02	  4.61e-02	0.00000e+00
  4.37e-02	  4.66e-02	0.00000e+00
  4.37e-02	  4.71e-02	0.00000e+00
  4.37e-02	  4.77e-02	0.00000e+00
  4.37e-02	  4.82e-02	0.00000e+00
  4.37e-02	  4.87e-02	0.00000e+00
  4.37e-02	  4.92e-02	0.00000e+00
  4.37e-02	  4.97e-02	0.00000e+00

  4.45e-02	  2.60e-04	0.00000e+00
  4.45e-02	  7.81e-04	0.00000e+00
  4.45e-02	  1.30e-03	0.00000e+00
  4.45e-02	  1.82e-03	0.00000e+00
  4.45e-02	  2.34e-03	0.00000e+00
  4.45e-02	  2.86e-03	0.00000e+00
  4.45e-02	  3.39e-03	0.00000e+00
  4.45e-02	  3.91e-03	0.00000e+00
  4.45e-02	  4.43e-03	0.00000e+00
  4.45e-02	  4.95e-03	6.37226e-296
  4.45e-02	  5.47e-03	4.24770e-263
  4.45e-02	  5.99e-03	2.83149e-230
  4.45e-02	  6.51e-03	1.88745e-197
  4.45e-02	  7.03e-03	1.25816e-164
  4.45e-02	  7.55e-03	8.38679e-132
  4.45e-02	  8.07e-03	5.59057e-99
  4.45e-02	  8.59e-03	3.72663e-66
  4.45e-02	  9.11e-03	2.48414e-33
  4.45e-02	  9.64e-03	4.91570e-01
  4.45e-02	  1.02e-02	4.94664e-01
  4.45e-02	  1.07e-02	4.96077e-01
  4.45e-02	  1.12e-02	4.97331e-01
  4.45e-02	  1.17e-02	4.98428e-01
  4.45e-02	  1.22e-02	4.99372e-01
  4.45e-02	  1.28e-02	5.00167e-01
  4.45e-02	  1.33e-02	5.00819e-01
  4.45e-02	  1.38e-02	5.01336e-01
  4.45e-02	  1.43e-02	5.01725e-01
  4.45e-02	  1.48e-02	5.01995e-01
  4.45e-02	  1.54e-02	5.02157e-01
  4.45e-02	  1.59e-02	5.02220e-01
  4.45e-02	  1.64e-02	5.02196e-01
  4.45e-02	  1.69e-02	5.02095e-01
  4.45e-02	  1.74e-02	5.01931e-01
  4.45e-02	  1.80e-02	5.01714e-01
  4.45e-02	  1.85e-02	5.01456e-01
  4.45e-02	  1.90e-02	5.01169e-01
  4.45e-02	  1.95e-02	5.00864e-01
  4.45e-02	  2.01e-02	5.00553e-01
  4.45e-02	  2.06e-02	5.00246e-01
  4.45e-02	  2.11e-02	4.99952e-01
  4.45e-02	  2.16e-02	4.99680e-01
  4.45e-02	  2.21e-02	4.99438e-01
  4.45e-02	  2.27e-02	4.99233e-01
  4.45e-02	  2.32e-02	4.99070e-01
  4.45e-02	  2.37e-02	4.98955e-01
  4.45e-02	  2.42e-02	4.98891e-01
  4.45e-02	  2.47e-02	4.98879e-01
  4.45e-02	  2.53e-02	4.98920e-01
  4.45e-02	  2.58e-02	4.99014e-01
  4.45e-02	  2.63e-02	4.99158e-01
  4.45e-02	  2.68e-02	4.99349e-01
  4.45e-02	  2.73e-02	4.99583e-01
  4.45e-02	  2.79e-02	4.99853e-01
  4.45e-02	  2.84e-02	5.00153e-01
  4.45e-02	  2.89e-02	5.00476e-01
  4.45e-02	  2.94e-02	5.00811e-01
  4.45e-02	  2.99e-02	5.01149e-01
  4.45e-02	  3.05e-02	5.01480e-01
  4.45e-02	  3.10e-02	5.01793e-01
  4.45e-02	  3.15e-02	5.02075e-01
  4.45e-02	  3.20e-02	5.02316e-01
  4.45e-02	  3.26e-02	5.02504e-01
  4.45e-02	  3.31e-02	5.02625e-01
  4.45e-02	  3.36e-02	5.02670e-01
  4.45e-02	  3.41e-02	5.02625e-01
  4.45e-02	  3.46e-02	5.02480e-01
  4.45e-02	  3.52e-02	5.02224e-01
  4.45e-02	  3.57e-02	5.01848e-01
  4.45e-02	  3.62e-02	5.01342e-01
  4.45e-02	  3.67e-02	5.00698e-01
  4.45e-02	  3.72e-02	4.99909e-01
  4.45e-02	  3.78e-02	4.98969e-01
  4.45e-02	  3.83e-02	4.97873e-01
  4.45e-02	  3.88e-02	4.96618e-01
  4.45e-02	  3.93e-02	4.95201e-01
  4.45e-02	  3.98e-02	4.92097e-01
  4.45e-02	  4.04e-02	2.48776e-33
  4.45e-02	  4.09e-02	3.73208e-66
  4.45e-02	  4.14e-02	5.59879e-99
  4.45e-02	  4.19e-02	8.39918e-132
  4.45e-02	  4.24e-02	1.26003e-164
  4.45e-02	  4.30e-02	1.89026e-197
  4.45e-02	  4.35e-02	2.83573e-230
  4.45e-02	  4.40e-02	4.25410e-263
  4.45e-02	  4.45e-02	6.38190e-296
  4.45e-02	  4.51e-02	0.00000e+00
  4.45e-02	  4.56e-02	0.00000e+00
  4.45e-02	  4.61e-02	0.00000e+00
  4.45e-02	  4.66e-02	0.00000e+00
  4.45e-02	  4.71e-02	0.00000e+00
  4.45e-02	  4.77e-02	0.00000e+00
  4.45e-02	  4.82e-02	0.00000e+00
  4.45e-02	  4.87e-02	0.00000e+00
  4.45e-02	  4.92e-02	0.00000e+00
  4.45e-02	  4.97e-02	0.00000e+00

  4.53e-02	  2.60e-04	0.00000e+00
  4.53e-02	  7.81e-04	0.00000e+00
  4.53e-02	  1.30e-03	0.00000e+00
  4.53e-02	  1.82e-03	0.00000e+00
  4.53e-02	  2.34e-03	0.00000e+00
  4.53e-02	  2.86e-03	0.00000e+00
  4.53e-02	  3.39e-03	0.00000e+00
  4.53e-02	  3.91e-03	0.00000e+00
  4.53e-02	  4.43e-03	0.00000e+00
  4.53e-02	  4.95e-03	6.37085e-296
  4.53e-02	  5.47e-03	4.24679e-263
  4.53e-02	  5.99e-03	2.83089e-230
  4.53e-02	  6.51e-03	1.88706e-197
  4.53e-02	  7.03e-03	1.25791e-164
  4.53e-02	  7.55e-03	8.38519e-132
  4.53e-02	  8.07e-03	5.58954e-99
  4.53e-02	  8.59e-03	3.72596e-66
  4.53e-02	  9.11e-03	2.48371e-33
  4.53e-02	  9.64e-03	4.91510e-01
  4.53e-02	  1.02e-02	4.94599e-01
  4.53e-02	  1.07e-02	4.96011e-01
  4.53e-02	  1.12e-02	4.97266e-01
  4.53e-02	  1.17e-02	4.98364e-01
  4.53e-02	  1.22e-02	4.99310e-01
  4.53e-02	  1.28e-02	5.00109e-01
  4.53e-02	  1.33e-02	5.00766e-01
  4.53e-02	  1.38e-02	5.01288e-01
  4.53e-02	  1.43e-02	5.01683e-01
  4.53e-02	  1.48e-02	5.01960e-01
  4.53e-02	  1.54e-02	5.02128e-01
  4.53e-02	  1.59e-02	5.02198e-01
  4.53e-02	  1.64e-02	5.02181e-01
  4.53e-02	  1.69e-02	5.02088e-01
  4.53e-02	  1.74e-02	5.01931e-01
  4.53e-02	  1.80e-02	5.01720e-01
  4.53e-02	  1.85e-02	5.01469e-01
  4.53e-02	  1.90e-02	5.01188e-01
  4.53e-02	  1.95e-02	5.00889e-01
  4.53e-02	  2.01e-02	5.00583e-01
  4.53e-02	  2.06e-02	5.00280e-01
  4.53e-02	  2.11e-02	4.99990e-01
  4.53e-02	  2.16e-02	4.99721e-01
  4.53e-02	  2.21e-02	4.99483e-01
  4.53e-02	  2.27e-02	4.99280e-01
  4.53e-02	  2.32e-02	4.99120e-01
  4.53e-02	  2.37e-02	4.99007e-01
  4.53e-02	  2.42e-02	4.98944e-01
  4.53e-02	  2.47e-02	4.98932e-01
  4.53e-02	  2.53e-02	4.98974e-01
  4.53e-02	  2.58e-02	4.99067e-01
  4.53e-02	  2.63e-02	4.99211e-01
  4.53e-02	  2.68e-02	4.99401e-01
  4.53e-02	  2.73e-02	4.99633e-01
  4.53e-02	  2.79e-02	4.99902e-01
  4.53e-02	  2.84e-02	5.00200e-01
  4.53e-02	  2.89e-02	5.00519e-01
  4.53e-02	  2.94e-02	5.00851e-01
  4.53e-02	  2.99e-02	5.01185e-01
  4.53e-02	  3.05e-02	5.01511e-01
  4.53e-02	  3.10e-02	5.01819e-01
  4.53e-02	  3.15e-02	5.02096e-01
  4.53e-02	  3.20e-02	5.02331e-01
  4.53e-02	  3.26e-02	5.02513e-01
  4.53e-02	  3.31e-02	5.02628e-01
  4.53e-02	  3.36e-02	5.02666e-01
  4.53e-02	  3.41e-02	5.02615e-01
  4.53e-02	  3.46e-02	5.02464e-01
  4.53e-02	  3.52e-02	5.02202e-01
  4.53e-02	  3.57e-02	5.01820e-01
  4.53e-02	  3.62e-02	5.01309e-01
  4.53e-02	  3.67e-02	5.00661e-01
  4.53e-02	  3.72e-02	4.99869e-01
  4.53e-02	  3.78e-02	4.98927e-01
  4.53e-02	  3.83e-02	4.97829e-01
  4.53e-02	  3.88e-02	4.96574e-01
  4.53e-02	  3.93e-02	4.95157e-01
  4.53e-02	  3.98e-02	4.92059e-01
  4.53e-02	  4.04e-02	2.48748e-33
  4.53e-02	  4.09e-02	3.73164e-66
  4.53e-02	  4.14e-02	5.59809e-99
  4.53e-02	  4.19e-02	8.39807e-132
  4.53e-02	  4.24e-02	1.25985e-164
  4.53e-02	  4.30e-02	1.88999e-197
  4.53e-02	  4.35e-02	2.83530e-230
  4.53e-02	  4.40e-02	4.25342e-263
  4.53e-02	  4.45e-02	6.38085e-296
  4.53e-02	  4.51e-02	0.00000e+00
  4.53e-02	  4.56e-02	0.00000e+00
  4.53e-02	  4.61e-02	0.00000e+00
  4.53e-02	  4.66e-02	0.00000e+00
  4.53e-02	  4.71e-02	0.00000e+00
  4.53e-02	  4.77e-02	0.00000e+00
  4.53e-02	  4.82e-02	0.00000e+00
  4.53e-02	  4.87e-02	0.00000e+00
  4.53e-02	  4.92e-02	0.00000e+00
  4.53e-02	  4.97e-02	0.00000e+00

  4.61e-02	  2.60e-04	0.00000e+00
  4.61e-02	  7.81e-04	0.00000e+00
  4.61e-02	  1.30e-03	0.00000e+00
  4.61e-02	  1.82e-03	0.00000e+00
  4.61e-02	  2.34e-03	0.00000e+00
  4.61e-02	  2.86e-03	0.00000e+00
  4.61e-02	  3.39e-03	0.00000e+00
  4.61e-02	  3.91e-03	0.00000e+00
  4.61e-02	  4.43e-03	0.00000e+00
  4.61e-02	  4.95e-03	6.36885e-296
  4.61e-02	  5.47e-03	4.24548e-263
  4.61e-02	  5.99e-03	2.83005e-230
  4.61e-02	  6.51e-03	1.88651e-197
  4.61e-02	  7.03e-03	1.25755e-164
  4.61e-02	  7.55e-03	8.38285e-132
  4.61e-02	  8.07e-03	5.58802e-99
  4.61e-02	  8.59e-03	3.72498e-66
  4.61e-02	  9.11e-03	2.48307e-33
  4.61e-02	  9.64e-03	4.91419e-01
  4.61e-02	  1.02e-02	4.94509e-01
  4.61e-02	  1.07e-02	4.95924e-01
  4.61e-02	  1.12e-02	4.97181e-01
  4.61e-02	  1.17e-02	4.98282e-01
  4.61e-02	  1.22e-02	4.99233e-01
  4.61e-02	  1.28e-02	5.00036e-01
  4.61e-02	  1.33e-02	5.00700e-01
  4.61e-02	  1.38e-02	5.01229e-01
  4.61e-02	  1.43e-02	5.01632e-01
  4.61e-02	  1.48e-02	5.01917e-01
  4.61e-02	  1.54e-02	5.02095e-01
  4.61e-02	  1.59e-02	5.02174e-01
  4.61e-02	  1.64e-02	5.02166e-01
  4.61e-02	  1.69e-02	5.02082e-01
  4.61e-02	  1.74e-02	5.01934e-01
  4.61e-02	  1.80e-02	5.01732e-01
  4.61e-02	  1.85e-02	5.01489e-01
  4.61e-02	  1.90e-02	5.01216e-01
  4.61e-02	  1.95e-02	5.00924e-01
  4.61e-02	  2.01e-02	5.00625e-01
  4.61e-02	  2.06e-02	5.00328e-01
  4.61e-02	  2.11e-02	5.00043e-01
  4.61e-02	  2.16e-02	4.99780e-01
  4.61e-02	  2.21e-02	4.99545e-01
  4.61e-02	  2.27e-02	4.99346e-01
  4.61e-02	  2.32e-02	4.99189e-01
  4.61e-02	  2.37e-02	4.99078e-01
  4.61e-02	  2.42e-02	4.99016e-01
  4.61e-02	  2.47e-02	4.99006e-01
  4.61e-02	  2.53e-02	4.99047e-01
  4.61e-02	  2.58e-02	4.99141e-01
  4.61e-02	  2.63e-02	4.99283e-01
  4.61e-02	  2.68e-02	4.99472e-01
  4.61e-02	  2.73e-02	4.99702e-01
  4.61e-02	  2.79e-02	4.99967e-01
  4.61e-02	  2.84e-02	5.00261e-01
  4.61e-02	  2.89e-02	5.00576e-01
  4.61e-02	  2.94e-02	5.00903e-01
  4.61e-02	  2.99e-02	5.01231e-01
  4.61e-02	  3.05e-02	5.01551e-01
  4.61e-02	  3.10e-02	5.01852e-01
  4.61e-02	  3.15e-02	5.02122e-01
  4.61e-02	  3.20e-02	5.02350e-01
  4.61e-02	  3.26e-02	5.02523e-01
  4.61e-02	  3.31e-02	5.02630e-01
  4.61e-02	  3.36e-02	5.02659e-01
  4.61e-02	  3.41e-02	5.02600e-01
  4.61e-02	  3.46e-02	5.02440e-01
  4.61e-02	  3.52e-02	5.02171e-01
  4.61e-02	  3.57e-02	5.01781e-01
  4.61e-02	  3.62e-02	5.01264e-01
  4.61e-02	  3.67e-02	5.00609e-01
  4.61e-02	  3.72e-02	4.99812e-01
  4.61e-02	  3.78e-02	4.98866e-01
  4.61e-02	  3.83e-02	4.97765e-01
  4.61e-02	  3.88e-02	4.96507e-01
  4.61e-02	  3.93e-02	4.95089e-01
  4.61e-02	  3.98e-02	4.91987e-01
  4.61e-02	  4.04e-02	2.48697e-33
  4.61e-02	  4.09e-02	3.73084e-66
  4.61e-02	  4.14e-02	5.59686e-99
  4.61e-02	  4.19e-02	8.39617e-132
  4.61e-02	  4.24e-02	1.25956e-164
  4.61e-02	  4.30e-02	1.88953e-197
  4.61e-02	  4.35e-02	2.83460e-230
  4.61e-02	  4.40e-02	4.25234e-263
  4.61e-02	  4.45e-02	6.37918e-296
  4.61e-02	  4.51e-02	0.00000e+00
  4.61e-02	  4.56e-02	0.00000e+00
  4.61e-02	  4.61e-02	0.00000e+00
  4.61e-02	  4.66e-02	0.00000e+00
  4.61e-02	  4.71e-02	0.00000e+00
  4.61e-02	  4.77e-02	0.00000e+00
  4.61e-02	  4.82e-02	0.00000e+00
  4.61e-02	  4.87e-02	0.00000e+00
  4.61e-02	  4.92e-02	0.00000e+00
  4.61e-02	  4.97e-02	0.00000e+00

  4.69e-02	  2.60e-04	0.00000e+00
  4.69e-02	  7.81e-04	0.00000e+00
  4.69e-02	  1.30e-03	0.00000e+00
  4.69e-02	  1.82e-03	0.00000e+00
  4.69e-02	  2.34e-03	0.00000e+00
  4.69e-02	  2.86e-03	0.00000e+00
  4.69e-02	  3.39e-03	0.00000e+00
  4.69e-02	  3.91e-03	0.00000e+00
  4.69e-02	  4.43e-03	0.00000e+00
  4.69e-02	  4.95e-03	6.36599e-296
  4.69e-02	  5.47e-03	4.24362e-263
  4.69e-02	  5.99e-03	2.82882e-230
  4.69e-02	  6.51e-03	1.88571e-197
  4.69e-02	  7.03e-03	1.25703e-164
  4.69e-02	  7.55e-03	8.37943e-132
  4.69e-02	  8.07e-03	5.58578e-99
  4.69e-02	  8.59e-03	3.72352e-66
  4.69e-02	  9.11e-03	2.48212e-33
  4.69e-02	  9.64e-03	4.91283e-01
  4.69e-02	  1.02e-02	4.94399e-01
  4.69e-02	  1.07e-02	4.95821e-01
  4.69e-02	  1.12e-02	4.97080e-01
  4.69e-02	  1.17e-02	4.98185e-01
  4.69e-02	  1.22e-02	4.99141e-01
  4.69e-02	  1.28e-02	4.99951e-01
  4.69e-02	  1.33e-02	5.00622e-01
  4.69e-02	  1.38e-02	5.01160e-01
  4.69e-02	  1.43e-02	5.01573e-01
  4.69e-02	  1.48e-02	5.01869e-01
  4.69e-02	  1.54e-02	5.02057e-01
  4.69e-02	  1.59e-02	5.02148e-01
  4.69e-02	  1.64e-02	5.02151e-01
  4.69e-02	  1.69e-02	5.02078e-01
  4.69e-02	  1.74e-02	5.01940e-01
  4.69e-02	  1.80e-02	5.01749e-01
  4.69e-02	  1.85e-02	5.01516e-01
  4.69e-02	  1.90e-02	5.01252e-01
  4.69e-02	  1.95e-02	5.00970e-01
  4.69e-02	  2.01e-02	5.00678e-01
  4.69e-02	  2.06e-02	5.00389e-01
  4.69e-02	  2.11e-02	5.00111e-01
  4.69e-02	  2.16e-02	4.99853e-01
  4.69e-02	  2.21e-02	4.99624e-01
  4.69e-02	  2.27e-02	4.99429e-01
  4.69e-02	  2.32e-02	4.99275e-01
  4.69e-02	  2.37e-02	4.99167e-01
  4.69e-02	  2.42e-02	4.99107e-01
  4.69e-02	  2.47e-02	4.99097e-01
  4.69e-02	  2.53e-02	4.99139e-01
  4.69e-02	  2.58e-02	4.99232e-01
  4.69e-02	  2.63e-02	4.99373e-01
  4.69e-02	  2.68e-02	4.99559e-01
  4.69e-02	  2.73e-02	4.99786e-01
  4.69e-02	  2.79e-02	5.00047e-01
  4.69e-02	  2.84e-02	5.00337e-01
  4.69e-02	  2.89e-02	5.00646e-01
  4.69e-02	  2.94e-02	5.00966e-01
  4.69e-02	  2.99e-02	5.01288e-01
  4.69e-02	  3.05e-02	5.01600e-01
  4.69e-02	  3.10e-02	5.01892e-01
  4.69e-02	  3.15e-02	5.02153e-01
  4.69e-02	  3.20e-02	5.02371e-01
  4.69e-02	  3.26e-02	5.02534e-01
  4.69e-02	  3.31e-02	5.02631e-01
  4.69e-02	  3.36e-02	5.02650e-01
  4.69e-02	  3.41e-02	5.02580e-01
  4.69e-02	  3.46e-02	5.02410e-01
  4.69e-02	  3.52e-02	5.02131e-01
  4.69e-02	  3.57e-02	5.01732e-01
  4.69e-02	  3.62e-02	5.01206e-01
  4.69e-02	  3.67e-02	5.00545e-01
  4.69e-02	  3.72e-02	4.99741e-01
  4.69e-02	  3.78e-02	4.98789e-01
  4.69e-02	  3.83e-02	4.97685e-01
  4.69e-02	  3.88e-02	4.96425e-01
  4.69e-02	  3.93e-02	4.94999e-01
  4.69e-02	  3.98e-02	4.91867e-01
  4.69e-02	  4.04e-02	2.48612e-33
  4.69e-02	  4.09e-02	3.72954e-66
  4.69e-02	  4.14e-02	5.59486e-99
  4.69e-02	  4.19e-02	8.39310e-132
  4.69e-02	  4.24e-02	1.25909e-164
  4.69e-02	  4.30e-02	1.88881e-197
  4.69e-02	  4.35e-02	2.83349e-230
  4.69e-02	  4.40e-02	4.25065e-263
  4.69e-02	  4.45e-02	6.37658e-296
  4.69e-02	  4.51e-02	0.00000e+00
  4.69e-02	  4.56e-02	0.00000e+00
  4.69e-02	  4.61e-02	0.00000e+00
  4.69e-02	  4.66e-02	0.00000e+00
  4.69e-02	  4.71e-02	0.00000e+00
  4.69e-02	  4.77e-02	0.00000e+00
  4.69e-02	  4.82e-02	0.00000e+00
  4.69e-02	  4.87e-02	0.00000e+00
  4.69e-02	  4.92e-02	0.00000e+00
  4.69e-02	  4.97e-02	0.00000e+00

  4.77e-02	  2.60e-04	0.00000e+00
  4.77e-02	  7.81e-04	0.00000e+00
  4.77e-02	  1.30e-03	0.00000e+00
  4.77e-02	  1.82e-03	0.00000e+00
  4.77e-02	  2.34e-03	0.00000e+00
  4.77e-02	  2.86e-03	0.00000e+00
  4.77e-02	  3.39e-03	0.00000e+00
  4.77e-02	  3.91e-03	0.00000e+00
  4.77e-02	  4.43e-03	0.00000e+00
  4.77e-02	  4.95e-03	6.36208e-296
  4.77e-02	  5.47e-03	4.24105e-263
  4.77e-02	  5.99e-03	2.82714e-230
  4.77e-02	  6.51e-03	1.88461e-197
  4.77e-02	  7.03e-03	1.25630e-164
  4.77e-02	  7.55e-03	8.37468e-132
  4.77e-02	  8.07e-03	5.58267e-99
  4.77e-02	  8.59e-03	3.72147e-66
  4.77e-02	  9.11e-03	2.48078e-33
  4.77e-02	  9.64e-03	4.91090e-01
  4.77e-02	  1.02e-02	4.94270e-01
  4.77e-02	  1.07e-02	4.95705e-01
  4.77e-02	  1.12e-02	4.96966e-01
  4.77e-02	  1.17e-02	4.98076e-01
  4.77e-02	  1.22e-02	4.99038e-01
  4.77e-02	  1.28e-02	4.99856e-01
  4.77e-02	  1.33e-02	5.00536e-01
  4.77e-02	  1.38e-02	5.01085e-01
  4.77e-02	  1.43e-02	5.01508e-01
  4.77e-02	  1.48e-02	5.01816e-01
  4.77e-02	  1.54e-02	5.02017e-01
  4.77e-02	  1.59e-02	5.02120e-01
  4.77e-02	  1.64e-02	5.02136e-01
  4.77e-02	  1.69e-02	5.02076e-01
  4.77e-02	  1.74e-02	5.01950e-01
  4.77e-02	  1.80e-02	5.01771e-01
  4.77e-02	  1.85e-02	5.01550e-01
  4.77e-02	  1.90e-02	5.01297e-01
  4.77e-02	  1.95e-02	5.01024e-01
  4.77e-02	  2.01e-02	5.00743e-01
  4.77e-02	  2.06e-02	5.00462e-01
  4.77e-02	  2.11e-02	5.00192e-01
  4.77e-02	  2.16e-02	4.99941e-01
  4.77e-02	  2.21e-02	4.99717e-01
  4.77e-02	  2.27e-02	4.99527e-01
  4.77e-02	  2.32e-02	4.99377e-01
  4.77e-02	  2.37e-02	4.99272e-01
  4.77e-02	  2.42e-02	4.99214e-01
  4.77e-02	  2.47e-02	4.99206e-01
  4.77e-02	  2.53e-02	4.99248e-01
  4.77e-02	  2.58e-02	4.99339e-01
  4.77e-02	  2.63e-02	4.99478e-01
  4.77e-02	  2.68e-02	4.99662e-01
  4.77e-02	  2.73e-02	4.99885e-01
  4.77e-02	  2.79e-02	5.00142e-01
  4.77e-02	  2.84e-02	5.00425e-01
  4.77e-02	  2.89e-02	5.00728e-01
  4.77e-02	  2.94e-02	5.01041e-01
  4.77e-02	  2.99e-02	5.01354e-01
  4.77e-02	  3.05e-02	5.01657e-01
  4.77e-02	  3.10e-02	5.01939e-01
  4.77e-02	  3.15e-02	5.02189e-01
  4.77e-02	  3.20e-02	5.02396e-01
  4.77e-02	  3.26e-02	5.02547e-01
  4.77e-02	  3.31e-02	5.02632e-01
  4.77e-02	  3.36e-02	5.02639e-01
  4.77e-02	  3.41e-02	5.02557e-01
  4.77e-02	  3.46e-02	5.02376e-01
  4.77e-02	  3.52e-02	5.02085e-01
  4.77e-02	  3.57e-02	5.01676e-01
  4.77e-02	  3.62e-02	5.01139e-01
  4.77e-02	  3.67e-02	5.00469e-01
  4.77e-02	  3.72e-02	4.99657e-01
  4.77e-02	  3.78e-02	4.98700e-01
  4.77e-02	  3.83e-02	4.97592e-01
  4.77e-02	  3.88e-02	4.96330e-01
  4.77e-02	  3.93e-02	4.94888e-01
  4.77e-02	  3.98e-02	4.91687e-01
  4.77e-02	  4.04e-02	2.48487e-33
  4.77e-02	  4.09e-02	3.72763e-66
  4.77e-02	  4.14e-02	5.59195e-99
  4.77e-02	  4.19e-02	8.38866e-132
  4.77e-02	  4.24e-02	1.25841e-164
  4.77e-02	  4.30e-02	1.88778e-197
  4.77e-02	  4.35e-02	2.83191e-230
  4.77e-02	  4.40e-02	4.24824e-263
  4.77e-02	  4.45e-02	6.37291e-296
  4.77e-02	  4.51e-02	0.00000e+00
  4.77e-02	  4.56e-02	0.00000e+00
  4.77e-02	  4.61e-02	0.00000e+00
  4.77e-02	  4.66e-02	0.00000e+00
  4.77e-02	  4.71e-02	0.00000e+00
  4.77e-02	  4.77e-02	0.00000e+00
  4.77e-02	  4.82e-02	0.00000e+00
  4.77e-02	  4.87e-02	0.00000e+00
  4.77e-02	  4.92e-02	0.00000e+00
  4.77e-02	  4.97e-02	0.00000e+00

  4.84e-02	  2.60e-04	0.00000e+00
  4.84e-02	  7.81e-04	0.00000e+00
  4.84e-02	  1.30e-03	0.00000e+00
  4.84e-02	  1.82e-03	0.00000e+00
  4.84e-02	  2.34e-03	0.00000e+00
  4.84e-02	  2.86e-03	0.00000e+00
  4.84e-02	  3.39e-03	0.00000e+00
  4.84e-02	  3.91e-03	0.00000e+00
  4.84e-02	  4.43e-03	0.00000e+00
  4.84e-02	  4.95e-03	6.35719e-296
  4.84e-02	  5.47e-03	4.23783e-263
  4.84e-02	  5.99e-03	2.82502e-230
  4.84e-02	  6.51e-03	1.88322e-197
  4.84e-02	  7.03e-03	1.25539e-164
  4.84e-02	  7.55e-03	8.36866e-132
  4.84e-02	  8.07e-03	5.57870e-99
  4.84e-02	  8.59e-03	3.71887e-66
  4.84e-02	  9.11e-03	2.47906e-33
  4.84e-02	  9.64e-03	4.90842e-01
  4.84e-02	  1.02e-02	4.94114e-01
  4.84e-02	  1.07e-02	4.95575e-01
  4.84e-02	  1.12e-02	4.96842e-01
  4.84e-02	  1.17e-02	4.97957e-01
  4.84e-02	  1.22e-02	4.98926e-01
  4.84e-02	  1.28e-02	4.99753e-01
  4.84e-02	  1.33e-02	5.00443e-01
  4.84e-02	  1.38e-02	5.01003e-01
  4.84e-02	  1.43e-02	5.01439e-01
  4.84e-02	  1.48e-02	5.01760e-01
  4.84e-02	  1.54e-02	5.01974e-01
  4.84e-02	  1.59e-02	5.02092e-01
  4.84e-02	  1.64e-02	5.02122e-01
  4.84e-02	  1.69e-02	5.02076e-01
  4.84e-02	  1.74e-02	5.01964e-01
  4.84e-02	  1.80e-02	5.01798e-01
  4.84e-02	  1.85e-02	5.01590e-01
  4.84e-02	  1.90e-02	5.01350e-01
  4.84e-02	  1.95e-02	5.01088e-01
  4.84e-02	  2.01e-02	5.00817e-01
  4.84e-02	  2.06e-02	5.00546e-01
  4.84e-02	  2.11e-02	5.00284e-01
  4.84e-02	  2.16e-02	5.00041e-01
  4.84e-02	  2.21e-02	4.99824e-01
  4.84e-02	  2.27e-02	4.99640e-01
  4.84e-02	  2.32e-02	4.99494e-01
  4.84e-02	  2.37e-02	4.99392e-01
  4.84e-02	  2.42e-02	4.99336e-01
  4.84e-02	  2.47e-02	4.99329e-01
  4.84e-02	  2.53e-02	4.99371e-01
  4.84e-02	  2.58e-02	4.99461e-01
  4.84e-02	  2.63e-02	4.99598e-01
  4.84e-02	  2.68e-02	4.99779e-01
  4.84e-02	  2.73e-02	4.99997e-01
  4.84e-02	  2.79e-02	5.00249e-01
  4.84e-02	  2.84e-02	5.00526e-01
  4.84e-02	  2.89e-02	5.00821e-01
  4.84e-02	  2.94e-02	5.01125e-01
  4.84e-02	  2.99e-02	5.01428e-01
  4.84e-02	  3.05e-02	5.01721e-01
  4.84e-02	  3.10e-02	5.01992e-01
  4.84e-02	  3.15e-02	5.02230e-01
  4.84e-02	  3.20e-02	5.02424e-01
  4.84e-02	  3.26e-02	5.02562e-01
  4.84e-02	  3.31e-02	5.02634e-01
  4.84e-02	  3.36e-02	5.02627e-01
  4.84e-02	  3.41e-02	5.02532e-01
  4.84e-02	  3.46e-02	5.02337e-01
  4.84e-02	  3.52e-02	5.02034e-01
  4.84e-02	  3.57e-02	5.01612e-01
  4.84e-02	  3.62e-02	5.01065e-01
  4.84e-02	  3.67e-02	5.00385e-01
  4.84e-02	  3.72e-02	4.99565e-01
  4.84e-02	  3.78e-02	4.98600e-01
  4.84e-02	  3.83e-02	4.97487e-01
  4.84e-02	  3.88e-02	4.96218e-01
  4.84e-02	  3.93e-02	4.94749e-01
  4.84e-02	  3.98e-02	4.91453e-01
  4.84e-02	  4.04e-02	2.48325e-33
  4.84e-02	  4.09e-02	3.72517e-66
  4.84e-02	  4.14e-02	5.58819e-99
  4.84e-02	  4.19e-02	8.38295e-132
  4.84e-02	  4.24e-02	1.25754e-164
  4.84e-02	  4.30e-02	1.88646e-197
  4.84e-02	  4.35e-02	2.82990e-230
  4.84e-02	  4.40e-02	4.24518e-263
  4.84e-02	  4.45e-02	6.36825e-296
  4.84e-02	  4.51e-02	0.00000e+00
  4.84e-02	  4.56e-02	0.00000e+00
  4.84e-02	  4.61e-02	0.00000e+00
  4.84e-02	  4.66e-02	0.00000e+00
  4.84e-02	  4.71e-02	0.00000e+00
  4.84e-02	  4.77e-02	0.00000e+00
  4.84e-02	  4.82e-02	0.00000e+00
  4.84e-02	  4.87e-02	0.00000e+00
  4.84e-02	  4.92e-02	0.00000e+00
  4.84e-02	  4.97e-02	0.00000e+00

  4.92e-02	  2.60e-04	0.00000e+00
  4.92e-02	  7.81e-04	0.00000e+00
  4.92e-02	  1.30e-03	0.00000e+00
  4.92e-02	  1.82e-03	0.00000e+00
  4.92e-02	  2.34e-03	0.00000e+00
  4.92e-02	  2.86e-03	0.00000e+00
  4.92e-02	  3.39e-03	0.00000e+00
  4.92e-02	  3.91e-03	0.00000e+00
  4.92e-02	  4.43e-03	0.00000e+00
  4.92e-02	  4.95e-03	6.35142e-296
  4.92e-02	  5.47e-03	4.23403e-263
  4.92e-02	  5.99e-03	2.82252e-230
  4.92e-02	  6.51e-03	1.88157e-197
  4.92e-02	  7.03e-03	1.25430e-164
  4.92e-02	  7.55e-03	8.36149e-132
  4.92e-02	  8.07e-03	5.57398e-99
  4.92e-02	  8.59e-03	3.71575e-66
  4.92e-02	  9.11e-03	2.47701e-33
  4.92e-02	  9.64e-03	4.90545e-01
  4.92e-02	  1.02e-02	4.93925e-01
  4.92e-02	  1.07e-02	4.95426e-01
  4.92e-02	  1.12e-02	4.96708e-01
  4.92e-02	  1.17e-02	4.97829e-01
  4.92e-02	  1.22e-02	4.98806e-01
  4.92e-02	  1.28e-02	4.99643e-01
  4.92e-02	  1.33e-02	5.00345e-01
  4.92e-02	  1.38e-02	5.00917e-01
  4.92e-02	  1.43e-02	5.01367e-01
  4.92e-02	  1.48e-02	5.01702e-01
  4.92e-02	  1.54e-02	5.01932e-01
  4.92e-02	  1.59e-02	5.02064e-01
  4.92e-02	  1.64e-02	5.02110e-01
  4.92e-02	  1.69e-02	5.02079e-01
  4.92e-02	  1.74e-02	5.01982e-01
  4.92e-02	  1.80e-02	5.01831e-01
  4.92e-02	  1.85e-02	5.01636e-01
  4.92e-02	  1.90e-02	5.01409e-01
  4.92e-02	  1.95e-02	5.01161e-01
  4.92e-02	  2.01e-02	5.00901e-01
  4.92e-02	  2.06e-02	5.00640e-01
  4.92e-02	  2.11e-02	5.00388e-01
  4.92e-02	  2.16e-02	5.00153e-01
  4.92e-02	  2.21e-02	4.99943e-01
  4.92e-02	  2.27e-02	4.99765e-01
  4.92e-02	  2.32e-02	4.99624e-01
  4.92e-02	  2.37e-02	4.99525e-01
  4.92e-02	  2.42e-02	4.99472e-01
  4.92e-02	  2.47e-02	4.99466e-01
  4.92e-02	  2.53e-02	4.99508e-01
  4.92e-02	  2.58e-02	4.99597e-01
  4.92e-02	  2.63e-02	4.99732e-01
  4.92e-02	  2.68e-02	4.99908e-01
  4.92e-02	  2.73e-02	5.00122e-01
  4.92e-02	  2.79e-02	5.00367e-01
  4.92e-02	  2.84e-02	5.00637e-01
  4.92e-02	  2.89e-02	5.00924e-01
  4.92e-02	  2.94e-02	5.01218e-01
  4.92e-02	  2.99e-02	5.01511e-01
  4.92e-02	  3.05e-02	5.01792e-01
  4.92e-02	  3.10e-02	5.02051e-01
  4.92e-02	  3.15e-02	5.02276e-01
  4.92e-02	  3.20e-02	5.02456e-01
  4.92e-02	  3.26e-02	5.02580e-01
  4.92e-02	  3.31e-02	5.02637e-01
  4.92e-02	  3.36e-02	5.02616e-01
  4.92e-02	  3.41e-02	5.02505e-01
  4.92e-02	  3.46e-02	5.02296e-01
  4.92e-02	  3.52e-02	5.01979e-01
  4.92e-02	  3.57e-02	5.01544e-01
  4.92e-02	  3.62e-02	5.00985e-01
  4.92e-02	  3.67e-02	5.00293e-01
  4.92e-02	  3.72e-02	4.99464e-01
  4.92e-02	  3.78e-02	4.98491e-01
  4.92e-02	  3.83e-02	4.97372e-01
  4.92e-02	  3.88e-02	4.96086e-01
  4.92e-02	  3.93e-02	4.94576e-01
  4.92e-02	  3.98e-02	4.91170e-01
  4.92e-02	  4.04e-02	2.48129e-33
  4.92e-02	  4.09e-02	3.72220e-66
  4.92e-02	  4.14e-02	5.58368e-99
  4.92e-02	  4.19e-02	8.37610e-132
  4.92e-02	  4.24e-02	1.25650e-164
  4.92e-02	  4.30e-02	1.88488e-197
  4.92e-02	  4.35e-02	2.82751e-230
  4.92e-02	  4.40e-02	4.24154e-263
  4.92e-02	  4.45e-02	6.36273e-296
  4.92e-02	  4.51e-02	0.00000e+00
  4.92e-02	  4.56e-02	0.00000e+00
  4.92e-02	  4.61e-02	0.00000e+00
  4.92e-02	  4.66e-02	0.00000e+00
  4.92e-02	  4.71e-02	0.00000e+00
  4.92e-02	  4.77e-02	0.00000e+00
  4.92e-02	  4.82e-02	0.00000e+00
  4.92e-02	  4.87e-02	0.00000e+00
  4.92e-02	  4.92e-02	0.00000e+00
  4.92e-02	  4.97e-02	0.00000e+00

  5.00e-02	  2.60e-04	0.00000e+00
  5.00e-02	  7.81e-04	0.00000e+00
  5.00e-02	  1.30e-03	0.00000e+00
  5.00e-02	  1.82e-03	0.00000e+00
  5.00e-02	  2.34e-03	0.00000e+00
  5.00e-02	  2.86e-03	0.00000e+00
  5.00e-02	  3.39e-03	0.00000e+00
  5.00e-02	  3.91e-03	0.00000e+00
  5.00e-02	  4.43e-03	0.00000e+00
  5.00e-02	  4.95e-03	6.34484e-296
  5.00e-02	  5.47e-03	4.22969e-263
  5.00e-02	  5.99e-03	2.81965e-230
  5.00e-02	  6.51e-03	1.87967e-197
  5.00e-02	  7.03e-03	1.25305e-164
  5.00e-02	  7.55e-03	8.35325e-132
  5.00e-02	  8.07e-03	5.56854e-99
  5.00e-02	  8.59e-03	3.71217e-66
  5.00e-02	  9.11e-03	2.47465e-33
  5.00e-02	  9.64e-03	4.90202e-01
  5.00e-02	  1.02e-02	4.93703e-01
  5.00e-02	  1.07e-02	4.95255e-01
  5.00e-02	  1.12e-02	4.96565e-01
  5.00e-02	  1.17e-02	4.97696e-01
  5.00e-02	  1.22e-02	4.98682e-01
  5.00e-02	  1.28e-02	4.99529e-01
  5.00e-02	  1.33e-02	5.00243e-01
  5.00e-02	  1.38e-02	5.00829e-01
  5.00e-02	  1.43e-02	5.01293e-01
  5.00e-02	  1.48e-02	5.01644e-01
  5.00e-02	  1.54e-02	5.01889e-01
  5.00e-02	  1.59e-02	5.02038e-01
  5.00e-02	  1.64e-02	5.02100e-01
  5.00e-02	  1.69e-02	5.02085e-01
  5.00e-02	  1.74e-02	5.02005e-01
  5.00e-02	  1.80e-02	5.01869e-01
  5.00e-02	  1.85e-02	5.01689e-01
  5.00e-02	  1.90e-02	5.01476e-01
  5.00e-02	  1.95e-02	5.01241e-01
  5.00e-02	  2.01e-02	5.00993e-01
  5.00e-02	  2.06e-02	5.00744e-01
  5.00e-02	  2.11e-02	5.00502e-01
  5.00e-02	  2.16e-02	5.00276e-01
  5.00e-02	  2.21e-02	5.00073e-01
  5.00e-02	  2.27e-02	4.99901e-01
  5.00e-02	  2.32e-02	4.99766e-01
  5.00e-02	  2.37e-02	4.99671e-01
  5.00e-02	  2.42e-02	4.99620e-01
  5.00e-02	  2.47e-02	4.99615e-01
  5.00e-02	  2.53e-02	4.99657e-01
  5.00e-02	  2.58e-02	4.99745e-01
  5.00e-02	  2.63e-02	4.99877e-01
  5.00e-02	  2.68e-02	5.00049e-01
  5.00e-02	  2.73e-02	5.00258e-01
  5.00e-02	  2.79e-02	5.00496e-01
  5.00e-02	  2.84e-02	5.00758e-01
  5.00e-02	  2.89e-02	5.01036e-01
  5.00e-02	  2.94e-02	5.01320e-01
  5.00e-02	  2.99e-02	5.01602e-01
  5.00e-02	  3.05e-02	5.01871e-01
  5.00e-02	  3.10e-02	5.02116e-01
  5.00e-02	  3.15e-02	5.02327e-01
  5.00e-02	  3.20e-02	5.02492e-01
  5.00e-02	  3.26e-02	5.02601e-01
  5.00e-02	  3.31e-02	5.02642e-01
  5.00e-02	  3.36e-02	5.02605e-01
  5.00e-02	  3.41e-02	5.02479e-01
  5.00e-02	  3.46e-02	5.02255e-01
  5.00e-02	  3.52e-02	5.01922e-01
  5.00e-02	  3.57e-02	5.01473e-01
  5.00e-02	  3.62e-02	5.00901e-01
  5.00e-02	  3.67e-02	5.00197e-01
  5.00e-02	  3.72e-02	4.99357e-01
  5.00e-02	  3.78e-02	4.98376e-01
  5.00e-02	  3.83e-02	4.97245e-01
  5.00e-02	  3.88e-02	4.95930e-01
  5.00e-02	  3.93e-02	4.94368e-01
  5.00e-02	  3.98e-02	4.90841e-01
  5.00e-02	  4.04e-02	2.47902e-33
  5.00e-02	  4.09e-02	3.71875e-66
  5.00e-02	  4.14e-02	5.57846e-99
  5.00e-02	  4.19e-02	8.36818e-132
  5.00e-02	  4.24e-02	1.25530e-164
  5.00e-02	  4.30e-02	1.88306e-197
  5.00e-02	  4.35e-02	2.82474e-230
  5.00e-02	  4.40e-02	4.23735e-263
  5.00e-02	  4.45e-02	6.35638e-296
  5.00e-02	  4.51e-02	0.00000e+00
  5.00e-02	  4.56e-02	0.00000e+00
  5.00e-02	  4.61e-02	0.00000e+00
  5.00e-02	  4.66e-02	0.00000e+00
  5.00e-02	  4.71e-02	0.00000e+00
  5.00e-02	  4.77e-02	0.00000e+00
  5.00e-02	  4.82e-02	0.00000e+00
  5.00e-02	  4.87e-02	0.00000e+00
  5.00e-02	  4.92e-02	0.00000e+00
  5.00e-02	  4.97e-02	0.00000e+00

  5.08e-02	  2.60e-04	0.00000e+00
  5.08e-02	  7.81e-04	0.00000e+00
  5.08e-02	  1.30e-03	0.00000e+00
  5.08e-02	  1.82e-03	0.00000e+00
  5.08e-02	  2.34e-03	0.00000e+00
  5.08e-02	  2.86e-03	0.00000e+00
  5.08e-02	  3.39e-03	0.00000e+00
  5.08e-02	  3.91e-03	0.00000e+00
  5.08e-02	  4.43e-03	0.00000e+00
  5.08e-02	  4.95e-03	6.33748e-296
  5.08e-02	  5.47e-03	4.22483e-263
  5.08e-02	  5.99e-03	2.81644e-230
  5.08e-02	  6.51e-03	1.87755e-197
  5.08e-02	  7.03e-03	1.25165e-164
  5.08e-02	  7.55e-03	8.34400e-132
  5.08e-02	  8.07e-03	5.56243e-99
  5.08e-02	  8.59e-03	3.70813e-66
  5.08e-02	  9.11e-03	2.47198e-33
  5.08e-02	  9.64e-03	4.89815e-01
  5.08e-02	  1.02e-02	4.93447e-01
  5.08e-02	  1.07e-02	4.95057e-01
  5.08e-02	  1.12e-02	4.96409e-01
  5.08e-02	  1.17e-02	4.97558e-01
  5.08e-02	  1.22e-02	4.98554e-01
  5.08e-02	  1.28e-02	4.99413e-01
  5.08e-02	  1.33e-02	5.00140e-01
  5.08e-02	  1.38e-02	5.00740e-01
  5.08e-02	  1.43e-02	5.01219e-01
  5.08e-02	  1.48e-02	5.01586e-01
  5.08e-02	  1.54e-02	5.01848e-01
  5.08e-02	  1.59e-02	5.02014e-01
  5.08e-02	  1.64e-02	5.02093e-01
  5.08e-02	  1.69e-02	5.02095e-01
  5.08e-02	  1.74e-02	5.02031e-01
  5.08e-02	  1.80e-02	5.01912e-01
  5.08e-02	  1.85e-02	5.01748e-01
  5.08e-02	  1.90e-02	5.01550e-01
  5.08e-02	  1.95e-02	5.01329e-01
  5.08e-02	  2.01e-02	5.01094e-01
  5.08e-02	  2.06e-02	5.00856e-01
  5.08e-02	  2.11e-02	5.00625e-01
  5.08e-02	  2.16e-02	5.00408e-01
  5.08e-02	  2.21e-02	5.00214e-01
  5.08e-02	  2.27e-02	5.00048e-01
  5.08e-02	  2.32e-02	4.99918e-01
  5.08e-02	  2.37e-02	4.99827e-01
  5.08e-02	  2.42e-02	4.99779e-01
  5.08e-02	  2.47e-02	4.99776e-01
  5.08e-02	  2.53e-02	4.99817e-01
  5.08e-02	  2.58e-02	4.99904e-01
  5.08e-02	  2.63e-02	5.00032e-01
  5.08e-02	  2.68e-02	5.00201e-01
  5.08e-02	  2.73e-02	5.00403e-01
  5.08e-02	  2.79e-02	5.00635e-01
  5.08e-02	  2.84e-02	5.00889e-01
  5.08e-02	  2.89e-02	5.01157e-01
  5.08e-02	  2.94e-02	5.01430e-01
  5.08e-02	  2.99e-02	5.01700e-01
  5.08e-02	  3.05e-02	5.01955e-01
  5.08e-02	  3.10e-02	5.02186e-01
  5.08e-02	  3.15e-02	5.02382e-01
  5.08e-02	  3.20e-02	5.02532e-01
  5.08e-02	  3.26e-02	5.02625e-01
  5.08e-02	  3.31e-02	5.02650e-01
  5.08e-02	  3.36e-02	5.02596e-01
  5.08e-02	  3.41e-02	5.02453e-01
  5.08e-02	  3.46e-02	5.02213e-01
  5.08e-02	  3.52e-02	5.01865e-01
  5.08e-02	  3.57e-02	5.01401e-01
  5.08e-02	  3.62e-02	5.00814e-01
  5.08e-02	  3.67e-02	5.00098e-01
  5.08e-02	  3.72e-02	4.99246e-01
  5.08e-02	  3.78e-02	4.98255e-01
  5.08e-02	  3.83e-02	4.97105e-01
  5.08e-02	  3.88e-02	4.95747e-01
  5.08e-02	  3.93e-02	4.94127e-01
  5.08e-02	  3.98e-02	4.90467e-01
  5.08e-02	  4.04e-02	2.47645e-33
  5.08e-02	  4.09e-02	3.71485e-66
  5.08e-02	  4.14e-02	5.57255e-99
  5.08e-02	  4.19e-02	8.35923e-132
  5.08e-02	  4.24e-02	1.25394e-164
  5.08e-02	  4.30e-02	1.88100e-197
  5.08e-02	  4.35e-02	2.82164e-230
  5.08e-02	  4.40e-02	4.23265e-263
  5.08e-02	  4.45e-02	6.34925e-296
  5.08e-02	  4.51e-02	0.00000e+00
  5.08e-02	  4.56e-02	0.00000e+00
  5.08e-02	  4.61e-02	0.00000e+00
  5.08e-02	  4.66e-02	0.00000e+00
  5.08e-02	  4.71e-02	0.00000e+00
  5.08e-02	  4.77e-02	0.00000e+00
  5.08e-02	  4.82e-02	0.00000e+00
  5.08e-02	  4.87e-02	0.00000e+00
  5.08e-02	  4.92e-02	0.00000e+00
  5.08e-02	  4.97e-02	0.00000e+00

  5.16e-02	  2.60e-04	0.00000e+00
  5.16e-02	  7.81e-04	0.00000e+00
  5.16e-02	  1.30e-03	0.00000e+00
  5.16e-02	  1.82e-03	0.00000e+00
  5.16e-02	  2.34e-03	0.00000e+00
  5.16e-02	  2.86e-03	0.00000e+00
  5.16e-02	  3.39e-03	0.00000e+00
  5.16e-02	  3.91e-03	0.00000e+00
  5.16e-02	  4.43e-03	0.00000e+00
  5.16e-02	  4.95e-03	6.32940e-296
  5.16e-02	  5.47e-03	4.21948e-263
  5.16e-02	  5.99e-03	2.81291e-230
  5.16e-02	  6.51e-03	1.87522e-197
  5.16e-02	  7.03e-03	1.25011e-164
  5.16e-02	  7.55e-03	8.33379e-132
  5.16e-02	  8.07e-03	5.55569e-99
  5.16e-02	  8.59e-03	3.70367e-66
  5.16e-02	  9.11e-03	2.46903e-33
  5.16e-02	  9.64e-03	4.89386e-01
  5.16e-02	  1.02e-02	4.93161e-01
  5.16e-02	  1.07e-02	4.94833e-01
  5.16e-02	  1.12e-02	4.96235e-01
  5.16e-02	  1.17e-02	4.97416e-01
  5.16e-02	  1.22e-02	4.98425e-01
  5.16e-02	  1.28e-02	4.99296e-01
  5.16e-02	  1.33e-02	5.00036e-01
  5.16e-02	  1.38e-02	5.00651e-01
  5.16e-02	  1.43e-02	5.01147e-01
  5.16e-02	  1.48e-02	5.01530e-01
  5.16e-02	  1.54e-02	5.01809e-01
  5.16e-02	  1.59e-02	5.01992e-01
  5.16e-02	  1.64e-02	5.02089e-01
  5.16e-02	  1.69e-02	5.02109e-01
  5.16e-02	  1.74e-02	5.02063e-01
  5.16e-02	  1.80e-02	5.01961e-01
  5.16e-02	  1.85e-02	5.01813e-01
  5.16e-02	  1.90e-02	5.01630e-01
  5.16e-02	  1.95e-02	5.01423e-01
  5.16e-02	  2.01e-02	5.01202e-01
  5.16e-02	  2.06e-02	5.00977e-01
  5.16e-02	  2.11e-02	5.00756e-01
  5.16e-02	  2.16e-02	5.00549e-01
  5.16e-02	  2.21e-02	5.00363e-01
  5.16e-02	  2.27e-02	5.00205e-01
  5.16e-02	  2.32e-02	5.00080e-01
  5.16e-02	  2.37e-02	4.99994e-01
  5.16e-02	  2.42e-02	4.99948e-01
  5.16e-02	  2.47e-02	4.99946e-01
  5.16e-02	  2.53e-02	4.99987e-01
  5.16e-02	  2.58e-02	5.00072e-01
  5.16e-02	  2.63e-02	5.00198e-01
  5.16e-02	  2.68e-02	5.00361e-01
  5.16e-02	  2.73e-02	5.00558e-01
  5.16e-02	  2.79e-02	5.00782e-01
  5.16e-02	  2.84e-02	5.01027e-01
  5.16e-02	  2.89e-02	5.01285e-01
  5.16e-02	  2.94e-02	5.01547e-01
  5.16e-02	  2.99e-02	5.01804e-01
  5.16e-02	  3.05e-02	5.02046e-01
  5.16e-02	  3.10e-02	5.02263e-01
  5.16e-02	  3.15e-02	5.02443e-01
  5.16e-02	  3.20e-02	5.02577e-01
  5.16e-02	  3.26e-02	5.02653e-01
  5.16e-02	  3.31e-02	5.02660e-01
  5.16e-02	  3.36e-02	5.02589e-01
  5.16e-02	  3.41e-02	5.02430e-01
  5.16e-02	  3.46e-02	5.02172e-01
  5.16e-02	  3.52e-02	5.01808e-01
  5.16e-02	  3.57e-02	5.01328e-01
  5.16e-02	  3.62e-02	5.00727e-01
  5.16e-02	  3.67e-02	4.99997e-01
  5.16e-02	  3.72e-02	4.99134e-01
  5.16e-02	  3.78e-02	4.98127e-01
  5.16e-02	  3.83e-02	4.96945e-01
  5.16e-02	  3.88e-02	4.95537e-01
  5.16e-02	  3.93e-02	4.93855e-01
  5.16e-02	  3.98e-02	4.90051e-01
  5.16e-02	  4.04e-02	2.47359e-33
  5.16e-02	  4.09e-02	3.71052e-66
  5.16e-02	  4.14e-02	5.56600e-99
  5.16e-02	  4.19e-02	8.34931e-132
  5.16e-02	  4.24e-02	1.25244e-164
  5.16e-02	  4.30e-02	1.87873e-197
  5.16e-02	  4.35e-02	2.81820e-230
  5.16e-02	  4.40e-02	4.22745e-263
  5.16e-02	  4.45e-02	6.34139e-296
  5.16e-02	  4.51e-02	0.00000e+00
  5.16e-02	  4.56e-02	0.00000e+00
  5.16e-02	  4.61e-02	0.00000e+00
  5.16e-02	  4.66e-02	0.00000e+00
  5.16e-02	  4.71e-02	0.00000e+00
  5.16e-02	  4.77e-02	0.00000e+00
  5.16e-02	  4.82e-02	0.00000e+00
  5.16e-02	  4.87e-02	0.00000e+00
  5.16e-02	  4.92e-02	0.00000e+00
  5.16e-02	  4.97e-02	0.00000e+00

  5.23e-02	  2.60e-04	0.00000e+00
  5.23e-02	  7.81e-04	0.00000e+00
  5.23e-02	  1.30e-03	0.00000e+00
  5.23e-02	  1.82e-03	0.00000e+00
  5.23e-02	  2.34e-03	0.00000e+00
  5.23e-02	  2.86e-03	0.00000e+00
  5.23e-02	  3.39e-03	0.00000e+00
  5.23e-02	  3.91e-03	0.00000e+00
  5.23e-02	  4.43e-03	0.00000e+00
  5.23e-02	  4.95e-03	6.32063e-296
  5.23e-02	  5.47e-03	4.21368e-263
  5.23e-02	  5.99e-03	2.80907e-230
  5.23e-02	  6.51e-03	1.87268e-197
  5.23e-02	  7.03e-03	1.24843e-164
  5.23e-02	  7.55e-03	8.32267e-132
  5.23e-02	  8.07e-03	5.54833e-99
  5.23e-02	  8.59e-03	3.69880e-66
  5.23e-02	  9.11e-03	2.46581e-33
  5.23e-02	  9.64e-03	4.88917e-01
  5.23e-02	  1.02e-02	4.92846e-01
  5.23e-02	  1.07e-02	4.94583e-01
  5.23e-02	  1.12e-02	4.96040e-01
  5.23e-02	  1.17e-02	4.97263e-01
  5.23e-02	  1.22e-02	4.98296e-01
  5.23e-02	  1.28e-02	4.99180e-01
  5.23e-02	  1.33e-02	4.99934e-01
  5.23e-02	  1.38e-02	5.00564e-01
  5.23e-02	  1.43e-02	5.01076e-01
  5.23e-02	  1.48e-02	5.01477e-01
  5.23e-02	  1.54e-02	5.01773e-01
  5.23e-02	  1.59e-02	5.01975e-01
  5.23e-02	  1.64e-02	5.02090e-01
  5.23e-02	  1.69e-02	5.02128e-01
  5.23e-02	  1.74e-02	5.02100e-01
  5.23e-02	  1.80e-02	5.02015e-01
  5.23e-02	  1.85e-02	5.01884e-01
  5.23e-02	  1.90e-02	5.01717e-01
  5.23e-02	  1.95e-02	5.01525e-01
  5.23e-02	  2.01e-02	5.01317e-01
  5.23e-02	  2.06e-02	5.01105e-01
  5.23e-02	  2.11e-02	5.00895e-01
  5.23e-02	  2.16e-02	5.00698e-01
  5.23e-02	  2.21e-02	5.00521e-01
  5.23e-02	  2.27e-02	5.00370e-01
  5.23e-02	  2.32e-02	5.00251e-01
  5.23e-02	  2.37e-02	5.00169e-01
  5.23e-02	  2.42e-02	5.00126e-01
  5.23e-02	  2.47e-02	5.00125e-01
  5.23e-02	  2.53e-02	5.00166e-01
  5.23e-02	  2.58e-02	5.00249e-01
  5.23e-02	  2.63e-02	5.00371e-01
  5.23e-02	  2.68e-02	5.00530e-01
  5.23e-02	  2.73e-02	5.00721e-01
  5.23e-02	  2.79e-02	5.00937e-01
  5.23e-02	  2.84e-02	5.01173e-01
  5.23e-02	  2.89e-02	5.01421e-01
  5.23e-02	  2.94e-02	5.01671e-01
  5.23e-02	  2.99e-02	5.01915e-01
  5.23e-02	  3.05e-02	5.02143e-01
  5.23e-02	  3.10e-02	5.02344e-01
  5.23e-02	  3.15e-02	5.02509e-01
  5.23e-02	  3.20e-02	5.02626e-01
  5.23e-02	  3.26e-02	5.02684e-01
  5.23e-02	  3.31e-02	5.02674e-01
  5.23e-02	  3.36e-02	5.02586e-01
  5.23e-02	  3.41e-02	5.02408e-01
  5.23e-02	  3.46e-02	5.02133e-01
  5.23e-02	  3.52e-02	5.01752e-01
  5.23e-02	  3.57e-02	5.01257e-01
  5.23e-02	  3.62e-02	5.00640e-01
  5.23e-02	  3.67e-02	4.99897e-01
  5.23e-02	  3.72e-02	4.99020e-01
  5.23e-02	  3.78e-02	4.97990e-01
  5.23e-02	  3.83e-02	4.96764e-01
  5.23e-02	  3.88e-02	4.95302e-01
  5.23e-02	  3.93e-02	4.93553e-01
  5.23e-02	  3.98e-02	4.89595e-01
  5.23e-02	  4.04e-02	2.47045e-33
  5.23e-02	  4.09e-02	3.70578e-66
  5.23e-02	  4.14e-02	5.55883e-99
  5.23e-02	  4.19e-02	8.33848e-132
  5.23e-02	  4.24e-02	1.25081e-164
  5.23e-02	  4.30e-02	1.87626e-197
  5.23e-02	  4.35e-02	2.81446e-230
  5.23e-02	  4.40e-02	4.22179e-263
  5.23e-02	  4.45e-02	6.33284e-296
  5.23e-02	  4.51e-02	0.00000e+00
  5.23e-02	  4.56e-02	0.00000e+00
  5.23e-02	  4.61e-02	0.00000e+00
  5.23e-02	  4.66e-02	0.00000e+00
  5.23e-02	  4.71e-02	0.00000e+00
  5.23e-02	  4.77e-02	0.00000e+00
  5.23e-02	  4.82e-02	0.00000e+00
  5.23e-02	  4.87e-02	0.00000e+00
  5.23e-02	  4.92e-02	0.00000e+00
  5.23e-02	  4.97e-02	0.00000e+00

  5.31e-02	  2.60e-04	0.00000e+00
  5.31e-02	  7.81e-04	0.00000e+00
  5.31e-02	  1.30e-03	0.00000e+00
  5.31e-02	  1.82e-03	0.00000e+00
  5.31e-02	  2.34e-03	0.00000e+00
  5.31e-02	  2.86e-03	0.00000e+00
  5.31e-02	  3.39e-03	0.00000e+00
  5.31e-02	  3.91e-03	0.00000e+00
  5.31e-02	  4.43e-03	0.00000e+00
  5.31e-02	  4.95e-03	6.31123e-296
  5.31e-02	  5.47e-03	4.20745e-263
  5.31e-02	  5.99e-03	2.80494e-230
  5.31e-02	  6.51e-03	1.86995e-197
  5.31e-02	  7.03e-03	1.24662e-164
  5.31e-02	  7.55e-03	8.31070e-132
  5.31e-02	  8.07e-03	5.54040e-99
  5.31e-02	  8.59e-03	3.69356e-66
  5.31e-02	  9.11e-03	2.46234e-33
  5.31e-02	  9.64e-03	4.88411e-01
  5.31e-02	  1.02e-02	4.92504e-01
  5.31e-02	  1.07e-02	4.94311e-01
  5.31e-02	  1.12e-02	4.95825e-01
  5.31e-02	  1.17e-02	4.97097e-01
  5.31e-02	  1.22e-02	4.98164e-01
  5.31e-02	  1.28e-02	4.99067e-01
  5.31e-02	  1.33e-02	4.99835e-01
  5.31e-02	  1.38e-02	5.00481e-01
  5.31e-02	  1.43e-02	5.01009e-01
  5.31e-02	  1.48e-02	5.01427e-01
  5.31e-02	  1.54e-02	5.01741e-01
  5.31e-02	  1.59e-02	5.01961e-01
  5.31e-02	  1.64e-02	5.02095e-01
  5.31e-02	  1.69e-02	5.02152e-01
  5.31e-02	  1.74e-02	5.02141e-01
  5.31e-02	  1.80e-02	5.02074e-01
  5.31e-02	  1.85e-02	5.01960e-01
  5.31e-02	  1.90e-02	5.01809e-01
  5.31e-02	  1.95e-02	5.01632e-01
  5.31e-02	  2.01e-02	5.01439e-01
  5.31e-02	  2.06e-02	5.01239e-01
  5.31e-02	  2.11e-02	5.01041e-01
  5.31e-02	  2.16e-02	5.00855e-01
  5.31e-02	  2.21e-02	5.00686e-01
  5.31e-02	  2.27e-02	5.00542e-01
  5.31e-02	  2.32e-02	5.00429e-01
  5.31e-02	  2.37e-02	5.00351e-01
  5.31e-02	  2.42e-02	5.00311e-01
  5.31e-02	  2.47e-02	5.00311e-01
  5.31e-02	  2.53e-02	5.00352e-01
  5.31e-02	  2.58e-02	5.00434e-01
  5.31e-02	  2.63e-02	5.00553e-01
  5.31e-02	  2.68e-02	5.00707e-01
  5.31e-02	  2.73e-02	5.00891e-01
  5.31e-02	  2.79e-02	5.01099e-01
  5.31e-02	  2.84e-02	5.01326e-01
  5.31e-02	  2.89e-02	5.01563e-01
  5.31e-02	  2.94e-02	5.01801e-01
  5.31e-02	  2.99e-02	5.02032e-01
  5.31e-02	  3.05e-02	5.02245e-01
  5.31e-02	  3.10e-02	5.02431e-01
  5.31e-02	  3.15e-02	5.02579e-01
  5.31e-02	  3.20e-02	5.02679e-01
  5.31e-02	  3.26e-02	5.02720e-01
  5.31e-02	  3.31e-02	5.02693e-01
  5.31e-02	  3.36e-02	5.02586e-01
  5.31e-02	  3.41e-02	5.02390e-01
  5.31e-02	  3.46e-02	5.02098e-01
  5.31e-02	  3.52e-02	5.01699e-01
  5.31e-02	  3.57e-02	5.01188e-01
  5.31e-02	  3.62e-02	5.00556e-01
  5.31e-02	  3.67e-02	4.99798e-01
  5.31e-02	  3.72e-02	4.98902e-01
  5.31e-02	  3.78e-02	4.97837e-01
  5.31e-02	  3.83e-02	4.96563e-01
  5.31e-02	  3.88e-02	4.95043e-01
  5.31e-02	  3.93e-02	4.93224e-01
  5.31e-02	  3.98e-02	4.89101e-01
  5.31e-02	  4.04e-02	2.46705e-33
  5.31e-02	  4.09e-02	3.70065e-66
  5.31e-02	  4.14e-02	5.55108e-99
  5.31e-02	  4.19e-02	8.32677e-132
  5.31e-02	  4.24e-02	1.24904e-164
  5.31e-02	  4.30e-02	1.87359e-197
  5.31e-02	  4.35e-02	2.81042e-230
  5.31e-02	  4.40e-02	4.21570e-263
  5.31e-02	  4.45e-02	6.32364e-296
  5.31e-02	  4.51e-02	0.00000e+00
  5.31e-02	  4.56e-02	0.00000e+00
  5.31e-02	  4.61e-02	0.00000e+00
  5.31e-02	  4.66e-02	0.00000e+00
  5.31e-02	  4.71e-02	0.00000e+00
  5.31e-02	  4.77e-02	0.00000e+00
  5.31e-02	  4.82e-02	0.00000e+00
  5.31e-02	  4.87e-02	0.00000e+00
  5.31e-02	  4.92e-02	0.00000e+00
  5.31e-02	  4.97e-02	0.00000e+00

  5.39e-02	  2.60e-04	0.00000e+00
  5.39e-02	  7.81e-04	0.00000e+00
  5.39e-02	  1.30e-03	0.00000e+00
  5.39e-02	  1.82e-03	0.00000e+00
  5.39e-02	  2.34e-03	0.00000e+00
  5.39e-02	  2.86e-03	0.00000e+00
  5.39e-02	  3.39e-03	0.00000e+00
  5.39e-02	  3.91e-03	0.00000e+00
  5.39e-02	  4.43e-03	0.00000e+00
  5.39e-02	  4.95e-03	6.30122e-296
  5.39e-02	  5.47e-03	4.20082e-263
  5.39e-02	  5.99e-03	2.80055e-230
  5.39e-02	  6.51e-03	1.86704e-197
  5.39e-02	  7.03e-03	1.24469e-164
  5.39e-02	  7.55e-03	8.29792e-132
  5.39e-02	  8.07e-03	5.53194e-99
  5.39e-02	  8.59e-03	3.68795e-66
  5.39e-02	  9.11e-03	2.45862e-33
  5.39e-02	  9.64e-03	4.87869e-01
  5.39e-02	  1.02e-02	4.92137e-01
  5.39e-02	  1.07e-02	4.94019e-01
  5.39e-02	  1.12e-02	4.95593e-01
  5.39e-02	  1.17e-02	4.96914e-01
  5.39e-02	  1.22e-02	4.98024e-01
  5.39e-02	  1.28e-02	4.98955e-01
  5.39e-02	  1.33e-02	4.99741e-01
  5.39e-02	  1.38e-02	5.00401e-01
  5.39e-02	  1.43e-02	5.00946e-01
  5.39e-02	  1.48e-02	5.01381e-01
  5.39e-02	  1.54e-02	5.01714e-01
  5.39e-02	  1.59e-02	5.01952e-01
  5.39e-02	  1.64e-02	5.02105e-01
  5.39e-02	  1.69e-02	5.02180e-01
  5.39e-02	  1.74e-02	5.02188e-01
  5.39e-02	  1.80e-02	5.02138e-01
  5.39e-02	  1.85e-02	5.02041e-01
  5.39e-02	  1.90e-02	5.01907e-01
  5.39e-02	  1.95e-02	5.01746e-01
  5.39e-02	  2.01e-02	5.01567e-01
  5.39e-02	  2.06e-02	5.01380e-01
  5.39e-02	  2.11e-02	5.01194e-01
  5.39e-02	  2.16e-02	5.01017e-01
  5.39e-02	  2.21e-02	5.00858e-01
  5.39e-02	  2.27e-02	5.00722e-01
  5.39e-02	  2.32e-02	5.00614e-01
  5.39e-02	  2.37e-02	5.00541e-01
  5.39e-02	  2.42e-02	5.00504e-01
  5.39e-02	  2.47e-02	5.00505e-01
  5.39e-02	  2.53e-02	5.00546e-01
  5.39e-02	  2.58e-02	5.00625e-01
  5.39e-02	  2.63e-02	5.00741e-01
  5.39e-02	  2.68e-02	5.00890e-01
  5.39e-02	  2.73e-02	5.01067e-01
  5.39e-02	  2.79e-02	5.01268e-01
  5.39e-02	  2.84e-02	5.01485e-01
  5.39e-02	  2.89e-02	5.01711e-01
  5.39e-02	  2.94e-02	5.01937e-01
  5.39e-02	  2.99e-02	5.02154e-01
  5.39e-02	  3.05e-02	5.02353e-01
  5.39e-02	  3.10e-02	5.02523e-01
  5.39e-02	  3.15e-02	5.02655e-01
  5.39e-02	  3.20e-02	5.02738e-01
  5.39e-02	  3.26e-02	5.02761e-01
  5.39e-02	  3.31e-02	5.02715e-01
  5.39e-02	  3.36e-02	5.02590e-01
  5.39e-02	  3.41e-02	5.02376e-01
  5.39e-02	  3.46e-02	5.02066e-01
  5.39e-02	  3.52e-02	5.01650e-01
  5.39e-02	  3.57e-02	5.01122e-01
  5.39e-02	  3.62e-02	5.00475e-01
  5.39e-02	  3.67e-02	4.99700e-01
  5.39e-02	  3.72e-02	4.98775e-01
  5.39e-02	  3.78e-02	4.97667e-01
  5.39e-02	  3.83e-02	4.96344e-01
  5.39e-02	  3.88e-02	4.94763e-01
  5.39e-02	  3.93e-02	4.92869e-01
  5.39e-02	  3.98e-02	4.88570e-01
  5.39e-02	  4.04e-02	2.46342e-33
  5.39e-02	  4.09e-02	3.69516e-66
  5.39e-02	  4.14e-02	5.54279e-99
  5.39e-02	  4.19e-02	8.31426e-132
  5.39e-02	  4.24e-02	1.24715e-164
  5.39e-02	  4.30e-02	1.87073e-197
  5.39e-02	  4.35e-02	2.80612e-230
  5.39e-02	  4.40e-02	4.20920e-263
  5.39e-02	  4.45e-02	6.31383e-296
  5.39e-02	  4.51e-02	0.00000e+00
  5.39e-02	  4.56e-02	0.00000e+00
  5.39e-02	  4.61e-02	0.00000e+00
  5.39e-02	  4.66e-02	0.00000e+00
  5.39e-02	  4.71e-02	0.00000e+00
  5.39e-02	  4.77e-02	0.00000e+00
  5.39e-02	  4.82e-02	0.00000e+00
  5.39e-02	  4.87e-02	0.00000e+00
  5.39e-02	  4.92e-02	0.00000e+00
  5.39e-02	  4.97e-02	0.00000e+00

  5.47e-02	  2.60e-04	0.00000e+00
  5.47e-02	  7.81e-04	0.00000e+00
  5.47e-02	  1.30e-03	0.00000e+00
  5.47e-02	  1.82e-03	0.00000e+00
  5.47e-02	  2.34e-03	0.00000e+00
  5.47e-02	  2.86e-03	0.00000e+00
  5.47e-02	  3.39e-03	0.00000e+00
  5.47e-02	  3.91e-03	0.00000e+00
  5.47e-02	  4.43e-03	0.00000e+00
  5.47e-02	  4.95e-03	6.29066e-296
  5.47e-02	  5.47e-03	4.19382e-263
  5.47e-02	  5.99e-03	2.79591e-230
  5.47e-02	  6.51e-03	1.86396e-197
  5.47e-02	  7.03e-03	1.24265e-164
  5.47e-02	  7.55e-03	8.28440e-132
  5.47e-02	  8.07e-03	5.52297e-99
  5.47e-02	  8.59e-03	3.68201e-66
  5.47e-02	  9.11e-03	2.45469e-33
  5.47e-02	  9.64e-03	4.87294e-01
  5.47e-02	  1.02e-02	4.91747e-01
  5.47e-02	  1.07e-02	4.93707e-01
  5.47e-02	  1.12e-02	4.95344e-01
  5.47e-02	  1.17e-02	4.96719e-01
  5.47e-02	  1.22e-02	4.97873e-01
  5.47e-02	  1.28e-02	4.98841e-01
  5.47e-02	  1.33e-02	4.99650e-01
  5.47e-02	  1.38e-02	5.00327e-01
  5.47e-02	  1.43e-02	5.00889e-01
  5.47e-02	  1.48e-02	5.01341e-01
  5.47e-02	  1.54e-02	5.01692e-01
  5.47e-02	  1.59e-02	5.01949e-01
  5.47e-02	  1.64e-02	5.02120e-01
  5.47e-02	  1.69e-02	5.02214e-01
  5.47e-02	  1.74e-02	5.02240e-01
  5.47e-02	  1.80e-02	5.02208e-01
  5.47e-02	  1.85e-02	5.02129e-01
  5.47e-02	  1.90e-02	5.02011e-01
  5.47e-02	  1.95e-02	5.01865e-01
  5.47e-02	  2.01e-02	5.01700e-01
  5.47e-02	  2.06e-02	5.01526e-01
  5.47e-02	  2.11e-02	5.01352e-01
  5.47e-02	  2.16e-02	5.01186e-01
  5.47e-02	  2.21e-02	5.01035e-01
  5.47e-02	  2.27e-02	5.00907e-01
  5.47e-02	  2.32e-02	5.00805e-01
  5.47e-02	  2.37e-02	5.00736e-01
  5.47e-02	  2.42e-02	5.00702e-01
  5.47e-02	  2.47e-02	5.00705e-01
  5.47e-02	  2.53e-02	5.00745e-01
  5.47e-02	  2.58e-02	5.00822e-01
  5.47e-02	  2.63e-02	5.00935e-01
  5.47e-02	  2.68e-02	5.01078e-01
  5.47e-02	  2.73e-02	5.01249e-01
  5.47e-02	  2.79e-02	5.01442e-01
  5.47e-02	  2.84e-02	5.01649e-01
  5.47e-02	  2.89e-02	5.01864e-01
  5.47e-02	  2.94e-02	5.02078e-01
  5.47e-02	  2.99e-02	5.02282e-01
  5.47e-02	  3.05e-02	5.02466e-01
  5.47e-02	  3.10e-02	5.02620e-01
  5.47e-02	  3.15e-02	5.02735e-01
  5.47e-02	  3.20e-02	5.02801e-01
  5.47e-02	  3.26e-02	5.02806e-01
  5.47e-02	  3.31e-02	5.02742e-01
  5.47e-02	  3.36e-02	5.02599e-01
  5.47e-02	  3.41e-02	5.02367e-01
  5.47e-02	  3.46e-02	5.02039e-01
  5.47e-02	  3.52e-02	5.01606e-01
  5.47e-02	  3.57e-02	5.01062e-01
  5.47e-02	  3.62e-02	5.00398e-01
  5.47e-02	  3.67e-02	4.99598e-01
  5.47e-02	  3.72e-02	4.98637e-01
  5.47e-02	  3.78e-02	4.97484e-01
  5.47e-02	  3.83e-02	4.96108e-01
  5.47e-02	  3.88e-02	4.94465e-01
  5.47e-02	  3.93e-02	4.92492e-01
  5.47e-02	  3.98e-02	4.88006e-01
  5.47e-02	  4.04e-02	2.45955e-33
  5.47e-02	  4.09e-02	3.68933e-66
  5.47e-02	  4.14e-02	5.53400e-99
  5.47e-02	  4.19e-02	8.30099e-132
  5.47e-02	  4.24e-02	1.24515e-164
  5.47e-02	  4.30e-02	1.86771e-197
  5.47e-02	  4.35e-02	2.80156e-230
  5.47e-02	  4.40e-02	4.20233e-263
  5.47e-02	  4.45e-02	6.30346e-296
  5.47e-02	  4.51e-02	0.00000e+00
  5.47e-02	  4.56e-02	0.00000e+00
  5.47e-02	  4.61e-02	0.00000e+00
  5.47e-02	  4.66e-02	0.00000e+00
  5.47e-02	  4.71e-02	0.00000e+00
  5.47e-02	  4.77e-02	0.00000e+00
  5.47e-02	  4.82e-02	0.00000e+00
  5.47e-02	  4.87e-02	0.00000e+00
  5.47e-02	  4.92e-02	0.00000e+00
  5.47e-02	  4.97e-02	0.00000e+00

  5.55e-02	  2.60e-04	0.00000e+00
  5.55e-02	  7.81e-04	0.00000e+00
  5.55e-02	  1.30e-03	0.00000e+00
  5.55e-02	  1.82e-03	0.00000e+00
  5.55e-02	  2.34e-03	0.00000e+00
  5.55e-02	  2.86e-03	0.00000e+00
  5.55e-02	  3.39e-03	0.00000e+00
  5.55e-02	  3.91e-03	0.00000e+00
  5.55e-02	  4.43e-03	0.00000e+00
  5.55e-02	  4.95e-03	6.27958e-296
  5.55e-02	  5.47e-03	4.18647e-263
  5.55e-02	  5.99e-03	2.79104e-230
  5.55e-02	  6.51e-03	1.86073e-197
  5.55e-02	  7.03e-03	1.24051e-164
  5.55e-02	  7.55e-03	8.27018e-132
  5.55e-02	  8.07e-03	5.51355e-99
  5.55e-02	  8.59e-03	3.67575e-66
  5.55e-02	  9.11e-03	2.45054e-33
  5.55e-02	  9.64e-03	4.86687e-01
  5.55e-02	  1.02e-02	4.91336e-01
  5.55e-02	  1.07e-02	4.93380e-01
  5.55e-02	  1.12e-02	4.95083e-01
  5.55e-02	  1.17e-02	4.96511e-01
  5.55e-02	  1.22e-02	4.97712e-01
  5.55e-02	  1.28e-02	4.98719e-01
  5.55e-02	  1.33e-02	4.99560e-01
  5.55e-02	  1.38e-02	5.00259e-01
  5.55e-02	  1.43e-02	5.00837e-01
  5.55e-02	  1.48e-02	5.01307e-01
  5.55e-02	  1.54e-02	5.01676e-01
  5.55e-02	  1.59e-02	5.01951e-01
  5.55e-02	  1.64e-02	5.02140e-01
  5.55e-02	  1.69e-02	5.02253e-01
  5.55e-02	  1.74e-02	5.02298e-01
  5.55e-02	  1.80e-02	5.02284e-01
  5.55e-02	  1.85e-02	5.02221e-01
  5.55e-02	  1.90e-02	5.02119e-01
  5.55e-02	  1.95e-02	5.01989e-01
  5.55e-02	  2.01e-02	5.01838e-01
  5.55e-02	  2.06e-02	5.01678e-01
  5.55e-02	  2.11e-02	5.01515e-01
  5.55e-02	  2.16e-02	5.01360e-01
  5.55e-02	  2.21e-02	5.01218e-01
  5.55e-02	  2.27e-02	5.01097e-01
  5.55e-02	  2.32e-02	5.01002e-01
  5.55e-02	  2.37e-02	5.00937e-01
  5.55e-02	  2.42e-02	5.00906e-01
  5.55e-02	  2.47e-02	5.00910e-01
  5.55e-02	  2.53e-02	5.00950e-01
  5.55e-02	  2.58e-02	5.01025e-01
  5.55e-02	  2.63e-02	5.01134e-01
  5.55e-02	  2.68e-02	5.01272e-01
  5.55e-02	  2.73e-02	5.01437e-01
  5.55e-02	  2.79e-02	5.01621e-01
  5.55e-02	  2.84e-02	5.01819e-01
  5.55e-02	  2.89e-02	5.02023e-01
  5.55e-02	  2.94e-02	5.02224e-01
  5.55e-02	  2.99e-02	5.02414e-01
  5.55e-02	  3.05e-02	5.02583e-01
  5.55e-02	  3.10e-02	5.02722e-01
  5.55e-02	  3.15e-02	5.02821e-01
  5.55e-02	  3.20e-02	5.02869e-01
  5.55e-02	  3.26e-02	5.02856e-01
  5.55e-02	  3.31e-02	5.02774e-01
  5.55e-02	  3.36e-02	5.02613e-01
  5.55e-02	  3.41e-02	5.02363e-01
  5.55e-02	  3.46e-02	5.02017e-01
  5.55e-02	  3.52e-02	5.01567e-01
  5.55e-02	  3.57e-02	5.01006e-01
  5.55e-02	  3.62e-02	5.00320e-01
  5.55e-02	  3.67e-02	4.99489e-01
  5.55e-02	  3.72e-02	4.98488e-01
  5.55e-02	  3.78e-02	4.97289e-01
  5.55e-02	  3.83e-02	4.95859e-01
  5.55e-02	  3.88e-02	4.94149e-01
  5.55e-02	  3.93e-02	4.92093e-01
  5.55e-02	  3.98e-02	4.87411e-01
  5.55e-02	  4.04e-02	2.45548e-33
  5.55e-02	  4.09e-02	3.68319e-66
  5.55e-02	  4.14e-02	5.52473e-99
  5.55e-02	  4.19e-02	8.28701e-132
  5.55e-02	  4.24e-02	1.24304e-164
  5.55e-02	  4.30e-02	1.86454e-197
  5.55e-02	  4.35e-02	2.79677e-230
  5.55e-02	  4.40e-02	4.19510e-263
  5.55e-02	  4.45e-02	6.29257e-296
  5.55e-02	  4.51e-02	0.00000e+00
  5.55e-02	  4.56e-02	0.00000e+00
  5.55e-02	  4.61e-02	0.00000e+00
  5.55e-02	  4.66e-02	0.00000e+00
  5.55e-02	  4.71e-02	0.00000e+00
  5.55e-02	  4.77e-02	0.00000e+00
  5.55e-02	  4.82e-02	0.00000e+00
  5.55e-02	  4.87e-02	0.00000e+00
  5.55e-02	  4.92e-02	0.00000e+00
  5.55e-02	  4.97e-02	0.00000e+00

  5.62e-02	  2.60e-04	0.00000e+00
  5.62e-02	  7.81e-04	0.00000e+00
  5.62e-02	  1.30e-03	0.00000e+00
  5.62e-02	  1.82e-03	0.00000e+00
  5.62e-02	  2.34e-03	0.00000e+00
  5.62e-02	  2.86e-03	0.00000e+00
  5.62e-02	  3.39e-03	0.00000e+00
  5.62e-02	  3.91e-03	0.00000e+00
  5.62e-02	  4.43e-03	0.00000e+00
  5.62e-02	  4.95e-03	6.26802e-296
  5.62e-02	  5.47e-03	4.17880e-263
  5.62e-02	  5.99e-03	2.78594e-230
  5.62e-02	  6.51e-03	1.85735e-197
  5.62e-02	  7.03e-03	1.23826e-164
  5.62e-02	  7.55e-03	8.25531e-132
  5.62e-02	  8.07e-03	5.50368e-99
  5.62e-02	  8.59e-03	3.66921e-66
  5.62e-02	  9.11e-03	2.44620e-33
  5.62e-02	  9.64e-03	4.86052e-01
  5.62e-02	  1.02e-02	4.90907e-01
  5.62e-02	  1.07e-02	4.93037e-01
  5.62e-02	  1.12e-02	4.94809e-01
  5.62e-02	  1.17e-02	4.96294e-01
  5.62e-02	  1.22e-02	4.97542e-01
  5.62e-02	  1.28e-02	4.98590e-01
  5.62e-02	  1.33e-02	4.99466e-01
  5.62e-02	  1.38e-02	5.00194e-01
  5.62e-02	  1.43e-02	5.00792e-01
  5.62e-02	  1.48e-02	5.01279e-01
  5.62e-02	  1.54e-02	5.01666e-01
  5.62e-02	  1.59e-02	5.01959e-01
  5.62e-02	  1.64e-02	5.02167e-01
  5.62e-02	  1.69e-02	5.02298e-01
  5.62e-02	  1.74e-02	5.02360e-01
  5.62e-02	  1.80e-02	5.02364e-01
  5.62e-02	  1.85e-02	5.02319e-01
  5.62e-02	  1.90e-02	5.02233e-01
  5.62e-02	  1.95e-02	5.02118e-01
  5.62e-02	  2.01e-02	5.01982e-01
  5.62e-02	  2.06e-02	5.01834e-01
  5.62e-02	  2.11e-02	5.01684e-01
  5.62e-02	  2.16e-02	5.01538e-01
  5.62e-02	  2.21e-02	5.01406e-01
  5.62e-02	  2.27e-02	5.01292e-01
  5.62e-02	  2.32e-02	5.01203e-01
  5.62e-02	  2.37e-02	5.01142e-01
  5.62e-02	  2.42e-02	5.01114e-01
  5.62e-02	  2.47e-02	5.01119e-01
  5.62e-02	  2.53e-02	5.01159e-01
  5.62e-02	  2.58e-02	5.01232e-01
  5.62e-02	  2.63e-02	5.01337e-01
  5.62e-02	  2.68e-02	5.01471e-01
  5.62e-02	  2.73e-02	5.01629e-01
  5.62e-02	  2.79e-02	5.01805e-01
  5.62e-02	  2.84e-02	5.01993e-01
  5.62e-02	  2.89e-02	5.02186e-01
  5.62e-02	  2.94e-02	5.02375e-01
  5.62e-02	  2.99e-02	5.02551e-01
  5.62e-02	  3.05e-02	5.02706e-01
  5.62e-02	  3.10e-02	5.02829e-01
  5.62e-02	  3.15e-02	5.02911e-01
  5.62e-02	  3.20e-02	5.02942e-01
  5.62e-02	  3.26e-02	5.02912e-01
  5.62e-02	  3.31e-02	5.02811e-01
  5.62e-02	  3.36e-02	5.02632e-01
  5.62e-02	  3.41e-02	5.02364e-01
  5.62e-02	  3.46e-02	5.02001e-01
  5.62e-02	  3.52e-02	5.01533e-01
  5.62e-02	  3.57e-02	5.00952e-01
  5.62e-02	  3.62e-02	5.00238e-01
  5.62e-02	  3.67e-02	4.99372e-01
  5.62e-02	  3.72e-02	4.98330e-01
  5.62e-02	  3.78e-02	4.97084e-01
  5.62e-02	  3.83e-02	4.95598e-01
  5.62e-02	  3.88e-02	4.93819e-01
  5.62e-02	  3.93e-02	4.91676e-01
  5.62e-02	  3.98e-02	4.86786e-01
  5.62e-02	  4.04e-02	2.45120e-33
  5.62e-02	  4.09e-02	3.67674e-66
  5.62e-02	  4.14e-02	5.51501e-99
  5.62e-02	  4.19e-02	8.27237e-132
  5.62e-02	  4.24e-02	1.24083e-164
  5.62e-02	  4.30e-02	1.86121e-197
  5.62e-02	  4.35e-02	2.79176e-230
  5.62e-02	  4.40e-02	4.18754e-263
  5.62e-02	  4.45e-02	6.28118e-296
  5.62e-02	  4.51e-02	0.00000e+00
  5.62e-02	  4.56e-02	0.00000e+00
  5.62e-02	  4.61e-02	0.00000e+00
  5.62e-02	  4.66e-02	0.00000e+00
  5.62e-02	  4.71e-02	0.00000e+00
  5.62e-02	  4.77e-02	0.00000e+00
  5.62e-02	  4.82e-02	0.00000e+00
  5.62e-02	  4.87e-02	0.00000e+00
  5.62e-02	  4.92e-02	0.00000e+00
  5.62e-02	  4.97e-02	0.00000e+00

  5.70e-02	  2.60e-04	0.00000e+00
  5.70e-02	  7.81e-04	0.00000e+00
  5.70e-02	  1.30e-03	0.00000e+00
  5.70e-02	  1.82e-03	0.00000e+00
  5.70e-02	  2.34e-03	0.00000e+00
  5.70e-02	  2.86e-03	0.00000e+00
  5.70e-02	  3.39e-03	0.00000e+00
  5.70e-02	  3.91e-03	0.00000e+00
  5.70e-02	  4.43e-03	0.00000e+00
  5.70e-02	  4.95e-03	6.25599e-296
  5.70e-02	  5.47e-03	4.17082e-263
  5.70e-02	  5.99e-03	2.78065e-230
  5.70e-02	  6.51e-03	1.85383e-197
  5.70e-02	  7.03e-03	1.23593e-164
  5.70e-02	  7.55e-03	8.23982e-132
  5.70e-02	  8.07e-03	5.49340e-99
  5.70e-02	  8.59e-03	3.66239e-66
  5.70e-02	  9.11e-03	2.44167e-33
  5.70e-02	  9.64e-03	4.85389e-01
  5.70e-02	  1.02e-02	4.90461e-01
  5.70e-02	  1.07e-02	4.92682e-01
  5.70e-02	  1.12e-02	4.94525e-01
  5.70e-02	  1.17e-02	4.96068e-01
  5.70e-02	  1.22e-02	4.97365e-01
  5.70e-02	  1.28e-02	4.98455e-01
  5.70e-02	  1.33e-02	4.99368e-01
  5.70e-02	  1.38e-02	5.00127e-01
  5.70e-02	  1.43e-02	5.00751e-01
  5.70e-02	  1.48e-02	5.01258e-01
  5.70e-02	  1.54e-02	5.01662e-01
  5.70e-02	  1.59e-02	5.01973e-01
  5.70e-02	  1.64e-02	5.02199e-01
  5.70e-02	  1.69e-02	5.02348e-01
  5.70e-02	  1.74e-02	5.02428e-01
  5.70e-02	  1.80e-02	5.02450e-01
  5.70e-02	  1.85e-02	5.02421e-01
  5.70e-02	  1.90e-02	5.02352e-01
  5.70e-02	  1.95e-02	5.02252e-01
  5.70e-02	  2.01e-02	5.02130e-01
  5.70e-02	  2.06e-02	5.01995e-01
  5.70e-02	  2.11e-02	5.01856e-01
  5.70e-02	  2.16e-02	5.01721e-01
  5.70e-02	  2.21e-02	5.01598e-01
  5.70e-02	  2.27e-02	5.01491e-01
  5.70e-02	  2.32e-02	5.01408e-01
  5.70e-02	  2.37e-02	5.01352e-01
  5.70e-02	  2.42e-02	5.01326e-01
  5.70e-02	  2.47e-02	5.01333e-01
  5.70e-02	  2.53e-02	5.01372e-01
  5.70e-02	  2.58e-02	5.01443e-01
  5.70e-02	  2.63e-02	5.01545e-01
  5.70e-02	  2.68e-02	5.01673e-01
  5.70e-02	  2.73e-02	5.01824e-01
  5.70e-02	  2.79e-02	5.01993e-01
  5.70e-02	  2.84e-02	5.02171e-01
  5.70e-02	  2.89e-02	5.02353e-01
  5.70e-02	  2.94e-02	5.02530e-01
  5.70e-02	  2.99e-02	5.02693e-01
  5.70e-02	  3.05e-02	5.02833e-01
  5.70e-02	  3.10e-02	5.02940e-01
  5.70e-02	  3.15e-02	5.03006e-01
  5.70e-02	  3.20e-02	5.03019e-01
  5.70e-02	  3.26e-02	5.02972e-01
  5.70e-02	  3.31e-02	5.02854e-01
  5.70e-02	  3.36e-02	5.02657e-01
  5.70e-02	  3.41e-02	5.02371e-01
  5.70e-02	  3.46e-02	5.01990e-01
  5.70e-02	  3.52e-02	5.01504e-01
  5.70e-02	  3.57e-02	5.00896e-01
  5.70e-02	  3.62e-02	5.00151e-01
  5.70e-02	  3.67e-02	4.99248e-01
  5.70e-02	  3.72e-02	4.98165e-01
  5.70e-02	  3.78e-02	4.96871e-01
  5.70e-02	  3.83e-02	4.95326e-01
  5.70e-02	  3.88e-02	4.93476e-01
  5.70e-02	  3.93e-02	4.91241e-01
  5.70e-02	  3.98e-02	4.86133e-01
  5.70e-02	  4.04e-02	2.44674e-33
  5.70e-02	  4.09e-02	3.67002e-66
  5.70e-02	  4.14e-02	5.50488e-99
  5.70e-02	  4.19e-02	8.25710e-132
  5.70e-02	  4.24e-02	1.23853e-164
  5.70e-02	  4.30e-02	1.85774e-197
  5.70e-02	  4.35e-02	2.78653e-230
  5.70e-02	  4.40e-02	4.17967e-263
  5.70e-02	  4.45e-02	6.26932e-296
  5.70e-02	  4.51e-02	0.00000e+00
  5.70e-02	  4.56e-02	0.00000e+00
  5.70e-02	  4.61e-02	0.00000e+00
  5.70e-02	  4.66e-02	0.00000e+00
  5.70e-02	  4.71e-02	0.00000e+00
  5.70e-02	  4.77e-02	0.00000e+00
  5.70e-02	  4.82e-02	0.00000e+00
  5.70e-02	  4.87e-02	0.00000e+00
  5.70e-02	  4.92e-02	0.00000e+00
  5.70e-02	  4.97e-02	0.00000e+00

  5.78e-02	  2.60e-04	0.00000e+00
  5.78e-02	  7.81e-04	0.00000e+00
  5.78e-02	  1.30e-03	0.00000e+00
  5.78e-02	  1.82e-03	0.00000e+00
  5.78e-02	  2.34e-03	0.00000e+00
  5.78e-02	  2.86e-03	0.00000e+00
  5.78e-02	  3.39e-03	0.00000e+00
  5.78e-02	  3.91e-03	0.00000e+00
  5.78e-02	  4.43e-03	0.00000e+00
  5.78e-02	  4.95e-03	6.24353e-296
  5.78e-02	  5.47e-03	4.16254e-263
  5.78e-02	  5.99e-03	2.77515e-230
  5.78e-02	  6.51e-03	1.85018e-197
  5.78e-02	  7.03e-03	1.23351e-164
  5.78e-02	  7.55e-03	8.22375e-132
  5.78e-02	  8.07e-03	5.48273e-99
  5.78e-02	  8.59e-03	3.65530e-66
  5.78e-02	  9.11e-03	2.43697e-33
  5.78e-02	  9.64e-03	4.84700e-01
  5.78e-02	  1.02e-02	4.89999e-01
  5.78e-02	  1.07e-02	4.92315e-01
  5.78e-02	  1.12e-02	4.94232e-01
  5.78e-02	  1.17e-02	4.95836e-01
  5.78e-02	  1.22e-02	4.97183e-01
  5.78e-02	  1.28e-02	4.98315e-01
  5.78e-02	  1.33e-02	4.99266e-01
  5.78e-02	  1.38e-02	5.00058e-01
  5.78e-02	  1.43e-02	5.00711e-01
  5.78e-02	  1.48e-02	5.01241e-01
  5.78e-02	  1.54e-02	5.01665e-01
  5.78e-02	  1.59e-02	5.01994e-01
  5.78e-02	  1.64e-02	5.02237e-01
  5.78e-02	  1.69e-02	5.02404e-01
  5.78e-02	  1.74e-02	5.02502e-01
  5.78e-02	  1.80e-02	5.02540e-01
  5.78e-02	  1.85e-02	5.02528e-01
  5.78e-02	  1.90e-02	5.02475e-01
  5.78e-02	  1.95e-02	5.02390e-01
  5.78e-02	  2.01e-02	5.02282e-01
  5.78e-02	  2.06e-02	5.02160e-01
  5.78e-02	  2.11e-02	5.02033e-01
  5.78e-02	  2.16e-02	5.01908e-01
  5.78e-02	  2.21e-02	5.01793e-01
  5.78e-02	  2.27e-02	5.01694e-01
  5.78e-02	  2.32e-02	5.01617e-01
  5.78e-02	  2.37e-02	5.01565e-01
  5.78e-02	  2.42e-02	5.01542e-01
  5.78e-02	  2.47e-02	5.01550e-01
  5.78e-02	  2.53e-02	5.01589e-01
  5.78e-02	  2.58e-02	5.01658e-01
  5.78e-02	  2.63e-02	5.01756e-01
  5.78e-02	  2.68e-02	5.01879e-01
  5.78e-02	  2.73e-02	5.02024e-01
  5.78e-02	  2.79e-02	5.02184e-01
  5.78e-02	  2.84e-02	5.02353e-01
  5.78e-02	  2.89e-02	5.02524e-01
  5.78e-02	  2.94e-02	5.02688e-01
  5.78e-02	  2.99e-02	5.02838e-01
  5.78e-02	  3.05e-02	5.02964e-01
  5.78e-02	  3.10e-02	5.03056e-01
  5.78e-02	  3.15e-02	5.03105e-01
  5.78e-02	  3.20e-02	5.03102e-01
  5.78e-02	  3.26e-02	5.03037e-01
  5.78e-02	  3.31e-02	5.02902e-01
  5.78e-02	  3.36e-02	5.02687e-01
  5.78e-02	  3.41e-02	5.02384e-01
  5.78e-02	  3.46e-02	5.01984e-01
  5.78e-02	  3.52e-02	5.01474e-01
  5.78e-02	  3.57e-02	5.00838e-01
  5.78e-02	  3.62e-02	5.00060e-01
  5.78e-02	  3.67e-02	4.99120e-01
  5.78e-02	  3.72e-02	4.97994e-01
  5.78e-02	  3.78e-02	4.96650e-01
  5.78e-02	  3.83e-02	4.95045e-01
  5.78e-02	  3.88e-02	4.93120e-01
  5.78e-02	  3.93e-02	4.90790e-01
  5.78e-02	  3.98e-02	4.85453e-01
  5.78e-02	  4.04e-02	2.44210e-33
  5.78e-02	  4.09e-02	3.66303e-66
  5.78e-02	  4.14e-02	5.49435e-99
  5.78e-02	  4.19e-02	8.24123e-132
  5.78e-02	  4.24e-02	1.23614e-164
  5.78e-02	  4.30e-02	1.85414e-197
  5.78e-02	  4.35e-02	2.78111e-230
  5.78e-02	  4.40e-02	4.17150e-263
  5.78e-02	  4.45e-02	6.25701e-296
  5.78e-02	  4.51e-02	0.00000e+00
  5.78e-02	  4.56e-02	0.00000e+00
  5.78e-02	  4.61e-02	0.00000e+00
  5.78e-02	  4.66e-02	0.00000e+00
  5.78e-02	  4.71e-02	0.00000e+00
  5.78e-02	  4.77e-02	0.00000e+00
  5.78e-02	  4.82e-02	0.00000e+00
  5.78e-02	  4.87e-02	0.00000e+00
  5.78e-02	  4.92e-02	0.00000e+00
  5.78e-02	  4.97e-02	0.00000e+00

  5.86e-02	  2.60e-04	0.00000e+00
  5.86e-02	  7.81e-04	0.00000e+00
  5.86e-02	  1.30e-03	0.00000e+00
  5.86e-02	  1.82e-03	0.00000e+00
  5.86e-02	  2.34e-03	0.00000e+00
  5.86e-02	  2.86e-03	0.00000e+00
  5.86e-02	  3.39e-03	0.00000e+00
  5.86e-02	  3.91e-03	0.00000e+00
  5.86e-02	  4.43e-03	0.00000e+00
  5.86e-02	  4.95e-03	6.23064e-296
  5.86e-02	  5.47e-03	4.15399e-263
  5.86e-02	  5.99e-03	2.76947e-230
  5.86e-02	  6.51e-03	1.84641e-197
  5.86e-02	  7.03e-03	1.23100e-164
  5.86e-02	  7.55e-03	8.20711e-132
  5.86e-02	  8.07e-03	5.47168e-99
  5.86e-02	  8.59e-03	3.64797e-66
  5.86e-02	  9.11e-03	2.43210e-33
  5.86e-02	  9.64e-03	4.83985e-01
  5.86e-02	  1.02e-02	4.89522e-01
  5.86e-02	  1.07e-02	4.91938e-01
  5.86e-02	  1.12e-02	4.93932e-01
  5.86e-02	  1.17e-02	4.95597e-01
  5.86e-02	  1.22e-02	4.96996e-01
  5.86e-02	  1.28e-02	4.98173e-01
  5.86e-02	  1.33e-02	4.99161e-01
  5.86e-02	  1.38e-02	4.99987e-01
  5.86e-02	  1.43e-02	5.00669e-01
  5.86e-02	  1.48e-02	5.01226e-01
  5.86e-02	  1.54e-02	5.01672e-01
  5.86e-02	  1.59e-02	5.02020e-01
  5.86e-02	  1.64e-02	5.02281e-01
  5.86e-02	  1.69e-02	5.02465e-01
  5.86e-02	  1.74e-02	5.02581e-01
  5.86e-02	  1.80e-02	5.02636e-01
  5.86e-02	  1.85e-02	5.02640e-01
  5.86e-02	  1.90e-02	5.02603e-01
  5.86e-02	  1.95e-02	5.02532e-01
  5.86e-02	  2.01e-02	5.02438e-01
  5.86e-02	  2.06e-02	5.02329e-01
  5.86e-02	  2.11e-02	5.02213e-01
  5.86e-02	  2.16e-02	5.02098e-01
  5.86e-02	  2.21e-02	5.01992e-01
  5.86e-02	  2.27e-02	5.01900e-01
  5.86e-02	  2.32e-02	5.01829e-01
  5.86e-02	  2.37e-02	5.01781e-01
  5.86e-02	  2.42e-02	5.01761e-01
  5.86e-02	  2.47e-02	5.01770e-01
  5.86e-02	  2.53e-02	5.01808e-01
  5.86e-02	  2.58e-02	5.01876e-01
  5.86e-02	  2.63e-02	5.01970e-01
  5.86e-02	  2.68e-02	5.02089e-01
  5.86e-02	  2.73e-02	5.02227e-01
  5.86e-02	  2.79e-02	5.02379e-01
  5.86e-02	  2.84e-02	5.02538e-01
  5.86e-02	  2.89e-02	5.02698e-01
  5.86e-02	  2.94e-02	5.02851e-01
  5.86e-02	  2.99e-02	5.02987e-01
  5.86e-02	  3.05e-02	5.03099e-01
  5.86e-02	  3.10e-02	5.03176e-01
  5.86e-02	  3.15e-02	5.03209e-01
  5.86e-02	  3.20e-02	5.03189e-01
  5.86e-02	  3.26e-02	5.03108e-01
  5.86e-02	  3.31e-02	5.02955e-01
  5.86e-02	  3.36e-02	5.02723e-01
  5.86e-02	  3.41e-02	5.02401e-01
  5.86e-02	  3.46e-02	5.01979e-01
  5.86e-02	  3.52e-02	5.01443e-01
  5.86e-02	  3.57e-02	5.00778e-01
  5.86e-02	  3.62e-02	4.99967e-01
  5.86e-02	  3.67e-02	4.98989e-01
  5.86e-02	  3.72e-02	4.97819e-01
  5.86e-02	  3.78e-02	4.96423e-01
  5.86e-02	  3.83e-02	4.94756e-01
  5.86e-02	  3.88e-02	4.92754e-01
  5.86e-02	  3.93e-02	4.90324e-01
  5.86e-02	  3.98e-02	4.84748e-01
  5.86e-02	  4.04e-02	2.43729e-33
  5.86e-02	  4.09e-02	3.65578e-66
  5.86e-02	  4.14e-02	5.48344e-99
  5.86e-02	  4.19e-02	8.22479e-132
  5.86e-02	  4.24e-02	1.23366e-164
  5.86e-02	  4.30e-02	1.85041e-197
  5.86e-02	  4.35e-02	2.77549e-230
  5.86e-02	  4.40e-02	4.16304e-263
  5.86e-02	  4.45e-02	6.24427e-296
  5.86e-02	  4.51e-02	0.00000e+00
  5.86e-02	  4.56e-02	0.00000e+00
  5.86e-02	  4.61e-02	0.00000e+00
  5.86e-02	  4.66e-02	0.00000e+00
  5.86e-02	  4.71e-02	0.00000e+00
  5.86e-02	  4.77e-02	0.00000e+00
  5.86e-02	  4.82e-02	0.00000e+00
  5.86e-02	  4.87e-02	0.00000e+00
  5.86e-02	  4.92e-02	0.00000e+00
  5.86e-02	  4.97e-02	0.00000e+00

  5.94e-02	  2.60e-04	0.00000e+00
  5.94e-02	  7.81e-04	0.00000e+00
  5.94e-02	  1.30e-03	0.00000e+00
  5.94e-02	  1.82e-03	0.00000e+00
  5.94e-02	  2.34e-03	0.00000e+00
  5.94e-02	  2.86e-03	0.00000e+00
  5.94e-02	  3.39e-03	0.00000e+00
  5.94e-02	  3.91e-03	0.00000e+00
  5.94e-02	  4.43e-03	0.00000e+00
  5.94e-02	  4.95e-03	6.21734e-296
  5.94e-02	  5.47e-03	4.14515e-263
  5.94e-02	  5.99e-03	2.76361e-230
  5.94e-02	  6.51e-03	1.84252e-197
  5.94e-02	  7.03e-03	1.22842e-164
  5.94e-02	  7.55e-03	8.18993e-132
  5.94e-02	  8.07e-03	5.46027e-99
  5.94e-02	  8.59e-03	3.64039e-66
  5.94e-02	  9.11e-03	2.42706e-33
  5.94e-02	  9.64e-03	4.83247e-01
  5.94e-02	  1.02e-02	4.89032e-01
  5.94e-02	  1.07e-02	4.91551e-01
  5.94e-02	  1.12e-02	4.93625e-01
  5.94e-02	  1.17e-02	4.95355e-01
  5.94e-02	  1.22e-02	4.96806e-01
  5.94e-02	  1.28e-02	4.98028e-01
  5.94e-02	  1.33e-02	4.99055e-01
  5.94e-02	  1.38e-02	4.99915e-01
  5.94e-02	  1.43e-02	5.00628e-01
  5.94e-02	  1.48e-02	5.01212e-01
  5.94e-02	  1.54e-02	5.01682e-01
  5.94e-02	  1.59e-02	5.02051e-01
  5.94e-02	  1.64e-02	5.02331e-01
  5.94e-02	  1.69e-02	5.02533e-01
  5.94e-02	  1.74e-02	5.02665e-01
  5.94e-02	  1.80e-02	5.02737e-01
  5.94e-02	  1.85e-02	5.02757e-01
  5.94e-02	  1.90e-02	5.02735e-01
  5.94e-02	  1.95e-02	5.02679e-01
  5.94e-02	  2.01e-02	5.02598e-01
  5.94e-02	  2.06e-02	5.02501e-01
  5.94e-02	  2.11e-02	5.02396e-01
  5.94e-02	  2.16e-02	5.02292e-01
  5.94e-02	  2.21e-02	5.02194e-01
  5.94e-02	  2.27e-02	5.02109e-01
  5.94e-02	  2.32e-02	5.02043e-01
  5.94e-02	  2.37e-02	5.02000e-01
  5.94e-02	  2.42e-02	5.01982e-01
  5.94e-02	  2.47e-02	5.01992e-01
  5.94e-02	  2.53e-02	5.02030e-01
  5.94e-02	  2.58e-02	5.02096e-01
  5.94e-02	  2.63e-02	5.02187e-01
  5.94e-02	  2.68e-02	5.02300e-01
  5.94e-02	  2.73e-02	5.02432e-01
  5.94e-02	  2.79e-02	5.02576e-01
  5.94e-02	  2.84e-02	5.02726e-01
  5.94e-02	  2.89e-02	5.02876e-01
  5.94e-02	  2.94e-02	5.03017e-01
  5.94e-02	  2.99e-02	5.03140e-01
  5.94e-02	  3.05e-02	5.03237e-01
  5.94e-02	  3.10e-02	5.03300e-01
  5.94e-02	  3.15e-02	5.03317e-01
  5.94e-02	  3.20e-02	5.03282e-01
  5.94e-02	  3.26e-02	5.03183e-01
  5.94e-02	  3.31e-02	5.03014e-01
  5.94e-02	  3.36e-02	5.02763e-01
  5.94e-02	  3.41e-02	5.02421e-01
  5.94e-02	  3.46e-02	5.01975e-01
  5.94e-02	  3.52e-02	5.01412e-01
  5.94e-02	  3.57e-02	5.00716e-01
  5.94e-02	  3.62e-02	4.99871e-01
  5.94e-02	  3.67e-02	4.98855e-01
  5.94e-02	  3.72e-02	4.97640e-01
  5.94e-02	  3.78e-02	4.96191e-01
  5.94e-02	  3.83e-02	4.94460e-01
  5.94e-02	  3.88e-02	4.92378e-01
  5.94e-02	  3.93e-02	4.89844e-01
  5.94e-02	  3.98e-02	4.84018e-01
  5.94e-02	  4.04e-02	2.43231e-33
  5.94e-02	  4.09e-02	3.64828e-66
  5.94e-02	  4.14e-02	5.47215e-99
  5.94e-02	  4.19e-02	8.20780e-132
  5.94e-02	  4.24e-02	1.23111e-164
  5.94e-02	  4.30e-02	1.84656e-197
  5.94e-02	  4.35e-02	2.76969e-230
  5.94e-02	  4.40e-02	4.15431e-263
  5.94e-02	  4.45e-02	6.23111e-296
  5.94e-02	  4.51e-02	0.00000e+00
  5.94e-02	  4.56e-02	0.00000e+00
  5.94e-02	  4.61e-02	0.00000e+00
  5.94e-02	  4.66e-02	0.00000e+00
  5.94e-02	  4.71e-02	0.00000e+00
  5.94e-02	  4.77e-02	0.00000e+00
  5.94e-02	  4.82e-02	0.00000e+00
  5.94e-02	  4.87e-02	0.00000e+00
  5.94e-02	  4.92e-02	0.00000e+00
  5.94e-02	  4.97e-02	0.00000e+00

  6.02e-02	  2.60e-04	0.00000e+00
  6.02e-02	  7.81e-04	0.00000e+00
  6.02e-02	  1.30e-03	0.00000e+00
  6.02e-02	  1.82e-03	0.00000e+00
  6.02e-02	  2.34e-03	0.00000e+00
  6.02e-02	  2.86e-03	0.00000e+00
  6.02e-02	  3.39e-03	0.00000e+00
  6.02e-02	  3.91e-03	0.00000e+00
  6.02e-02	  4.43e-03	0.00000e+00
  6.02e-02	  4.95e-03	6.20365e-296
  6.02e-02	  5.47e-03	4.13606e-263
  6.02e-02	  5.99e-03	2.75756e-230
  6.02e-02	  6.51e-03	1.83850e-197
  6.02e-02	  7.03e-03	1.22575e-164
  6.02e-02	  7.55e-03	8.17222e-132
  6.02e-02	  8.07e-03	5.44851e-99
  6.02e-02	  8.59e-03	3.63258e-66
  6.02e-02	  9.11e-03	2.42187e-33
  6.02e-02	  9.64e-03	4.82484e-01
  6.02e-02	  1.02e-02	4.88529e-01
  6.02e-02	  1.07e-02	4.91156e-01
  6.02e-02	  1.12e-02	4.93313e-01
  6.02e-02	  1.17e-02	4.95108e-01
  6.02e-02	  1.22e-02	4.96614e-01
  6.02e-02	  1.28e-02	4.97882e-01
  6.02e-02	  1.33e-02	4.98949e-01
  6.02e-02	  1.38e-02	4.99843e-01
  6.02e-02	  1.43e-02	5.00587e-01
  6.02e-02	  1.48e-02	5.01199e-01
  6.02e-02	  1.54e-02	5.01694e-01
  6.02e-02	  1.59e-02	5.02086e-01
  6.02e-02	  1.64e-02	5.02386e-01
  6.02e-02	  1.69e-02	5.02605e-01
  6.02e-02	  1.74e-02	5.02754e-01
  6.02e-02	  1.80e-02	5.02842e-01
  6.02e-02	  1.85e-02	5.02878e-01
  6.02e-02	  1.90e-02	5.02871e-01
  6.02e-02	  1.95e-02	5.02829e-01
  6.02e-02	  2.01e-02	5.02761e-01
  6.02e-02	  2.06e-02	5.02676e-01
  6.02e-02	  2.11e-02	5.02583e-01
  6.02e-02	  2.16e-02	5.02488e-01
  6.02e-02	  2.21e-02	5.02398e-01
  6.02e-02	  2.27e-02	5.02321e-01
  6.02e-02	  2.32e-02	5.02260e-01
  6.02e-02	  2.37e-02	5.02221e-01
  6.02e-02	  2.42e-02	5.02206e-01
  6.02e-02	  2.47e-02	5.02217e-01
  6.02e-02	  2.53e-02	5.02255e-01
  6.02e-02	  2.58e-02	5.02319e-01
  6.02e-02	  2.63e-02	5.02406e-01
  6.02e-02	  2.68e-02	5.02515e-01
  6.02e-02	  2.73e-02	5.02640e-01
  6.02e-02	  2.79e-02	5.02776e-01
  6.02e-02	  2.84e-02	5.02917e-01
  6.02e-02	  2.89e-02	5.03057e-01
  6.02e-02	  2.94e-02	5.03186e-01
  6.02e-02	  2.99e-02	5.03296e-01
  6.02e-02	  3.05e-02	5.03380e-01
  6.02e-02	  3.10e-02	5.03428e-01
  6.02e-02	  3.15e-02	5.03430e-01
  6.02e-02	  3.20e-02	5.03378e-01
  6.02e-02	  3.26e-02	5.03264e-01
  6.02e-02	  3.31e-02	5.03077e-01
  6.02e-02	  3.36e-02	5.02806e-01
  6.02e-02	  3.41e-02	5.02442e-01
  6.02e-02	  3.46e-02	5.01971e-01
  6.02e-02	  3.52e-02	5.01381e-01
  6.02e-02	  3.57e-02	5.00655e-01
  6.02e-02	  3.62e-02	4.99775e-01
  6.02e-02	  3.67e-02	4.98719e-01
  6.02e-02	  3.72e-02	4.97458e-01
  6.02e-02	  3.78e-02	4.95955e-01
  6.02e-02	  3.83e-02	4.94158e-01
  6.02e-02	  3.88e-02	4.91993e-01
  6.02e-02	  3.93e-02	4.89350e-01
  6.02e-02	  3.98e-02	4.83264e-01
  6.02e-02	  4.04e-02	2.42717e-33
  6.02e-02	  4.09e-02	3.64055e-66
  6.02e-02	  4.14e-02	5.46050e-99
  6.02e-02	  4.19e-02	8.19026e-132
  6.02e-02	  4.24e-02	1.22846e-164
  6.02e-02	  4.30e-02	1.84258e-197
  6.02e-02	  4.35e-02	2.76370e-230
  6.02e-02	  4.40e-02	4.14529e-263
  6.02e-02	  4.45e-02	6.21754e-296
  6.02e-02	  4.51e-02	0.00000e+00
  6.02e-02	  4.56e-02	0.00000e+00
  6.02e-02	  4.61e-02	0.00000e+00
  6.02e-02	  4.66e-02	0.00000e+00
  6.02e-02	  4.71e-02	0.00000e+00
  6.02e-02	  4.77e-02	0.00000e+00
  6.02e-02	  4.82e-02	0.00000e+00
  6.02e-02	  4.87e-02	0.00000e+00
  6.02e-02	  4.92e-02	0.00000e+00
  6.02e-02	  4.97e-02	0.00000e+00

  6.09e-02	  2.60e-04	0.00000e+00
  6.09e-02	  7.81e-04	0.00000e+00
  6.09e-02	  1.30e-03	0.00000e+00
  6.09e-02	  1.82e-03	0.00000e+00
  6.09e-02	  2.34e-03	0.00000e+00
  6.09e-02	  2.86e-03	0.00000e+00
  6.09e-02	  3.39e-03	0.00000e+00
  6.09e-02	  3.91e-03	0.00000e+00
  6.09e-02	  4.43e-03	0.00000e+00
  6.09e-02	  4.95e-03	6.18955e-296
  6.09e-02	  5.47e-03	4.12670e-263
  6.09e-02	  5.99e-03	2.75135e-230
  6.09e-02	  6.51e-03	1.83437e-197
  6.09e-02	  7.03e-03	1.22301e-164
  6.09e-02	  7.55e-03	8.15400e-132
  6.09e-02	  8.07e-03	5.43640e-99
  6.09e-02	  8.59e-03	3.62453e-66
  6.09e-02	  9.11e-03	2.41653e-33
  6.09e-02	  9.64e-03	4.81699e-01
  6.09e-02	  1.02e-02	4.88014e-01
  6.09e-02	  1.07e-02	4.90753e-01
  6.09e-02	  1.12e-02	4.92994e-01
  6.09e-02	  1.17e-02	4.94857e-01
  6.09e-02	  1.22e-02	4.96419e-01
  6.09e-02	  1.28e-02	4.97734e-01
  6.09e-02	  1.33e-02	4.98842e-01
  6.09e-02	  1.38e-02	4.99772e-01
  6.09e-02	  1.43e-02	5.00547e-01
  6.09e-02	  1.48e-02	5.01188e-01
  6.09e-02	  1.54e-02	5.01708e-01
  6.09e-02	  1.59e-02	5.02123e-01
  6.09e-02	  1.64e-02	5.02444e-01
  6.09e-02	  1.69e-02	5.02682e-01
  6.09e-02	  1.74e-02	5.02848e-01
  6.09e-02	  1.80e-02	5.02952e-01
  6.09e-02	  1.85e-02	5.03003e-01
  6.09e-02	  1.90e-02	5.03010e-01
  6.09e-02	  1.95e-02	5.02982e-01
  6.09e-02	  2.01e-02	5.02928e-01
  6.09e-02	  2.06e-02	5.02855e-01
  6.09e-02	  2.11e-02	5.02772e-01
  6.09e-02	  2.16e-02	5.02686e-01
  6.09e-02	  2.21e-02	5.02605e-01
  6.09e-02	  2.27e-02	5.02535e-01
  6.09e-02	  2.32e-02	5.02480e-01
  6.09e-02	  2.37e-02	5.02444e-01
  6.09e-02	  2.42e-02	5.02432e-01
  6.09e-02	  2.47e-02	5.02444e-01
  6.09e-02	  2.53e-02	5.02481e-01
  6.09e-02	  2.58e-02	5.02543e-01
  6.09e-02	  2.63e-02	5.02627e-01
  6.09e-02	  2.68e-02	5.02731e-01
  6.09e-02	  2.73e-02	5.02850e-01
  6.09e-02	  2.79e-02	5.02979e-01
  6.09e-02	  2.84e-02	5.03111e-01
  6.09e-02	  2.89e-02	5.03240e-01
  6.09e-02	  2.94e-02	5.03358e-01
  6.09e-02	  2.99e-02	5.03456e-01
  6.09e-02	  3.05e-02	5.03526e-01
  6.09e-02	  3.10e-02	5.03559e-01
  6.09e-02	  3.15e-02	5.03547e-01
  6.09e-02	  3.20e-02	5.03480e-01
  6.09e-02	  3.26e-02	5.03349e-01
  6.09e-02	  3.31e-02	5.03143e-01
  6.09e-02	  3.36e-02	5.02852e-01
  6.09e-02	  3.41e-02	5.02465e-01
  6.09e-02	  3.46e-02	5.01969e-01
  6.09e-02	  3.52e-02	5.01350e-01
  6.09e-02	  3.57e-02	5.00593e-01
  6.09e-02	  3.62e-02	4.99678e-01
  6.09e-02	  3.67e-02	4.98582e-01
  6.09e-02	  3.72e-02	4.97274e-01
  6.09e-02	  3.78e-02	4.95715e-01
  6.09e-02	  3.83e-02	4.93850e-01
  6.09e-02	  3.88e-02	4.91599e-01
  6.09e-02	  3.93e-02	4.88844e-01
  6.09e-02	  3.98e-02	4.82486e-01
  6.09e-02	  4.04e-02	2.42188e-33
  6.09e-02	  4.09e-02	3.63258e-66
  6.09e-02	  4.14e-02	5.44850e-99
  6.09e-02	  4.19e-02	8.17220e-132
  6.09e-02	  4.24e-02	1.22574e-164
  6.09e-02	  4.30e-02	1.83849e-197
  6.09e-02	  4.35e-02	2.75754e-230
  6.09e-02	  4.40e-02	4.13601e-263
  6.09e-02	  4.45e-02	6.20357e-296
  6.09e-02	  4.51e-02	0.00000e+00
  6.09e-02	  4.56e-02	0.00000e+00
  6.09e-02	  4.61e-02	0.00000e+00
  6.09e-02	  4.66e-02	0.00000e+00
  6.09e-02	  4.71e-02	0.00000e+00
  6.09e-02	  4.77e-02	0.00000e+00
  6.09e-02	  4.82e-02	0.00000e+00
  6.09e-02	  4.87e-02	0.00000e+00
  6.09e-02	  4.92e-02	0.00000e+00
  6.09e-02	  4.97e-02	0.00000e+00

  6.17e-02	  2.60e-04	0.00000e+00
  6.17e-02	  7.81e-04	0.00000e+00
  6.17e-02	  1.30e-03	0.00000e+00
  6.17e-02	  1.82e-03	0.00000e+00
  6.17e-02	  2.34e-03	0.00000e+00
  6.17e-02	  2.86e-03	0.00000e+00
  6.17e-02	  3.39e-03	0.00000e+00
  6.17e-02	  3.91e-03	0.00000e+00
  6.17e-02	  4.43e-03	0.00000e+00
  6.17e-02	  4.95e-03	6.17508e-296
  6.17e-02	  5.47e-03	4.11708e-263
  6.17e-02	  5.99e-03	2.74496e-230
  6.17e-02	  6.51e-03	1.83013e-197
  6.17e-02	  7.03e-03	1.22019e-164
  6.17e-02	  7.55e-03	8.13526e-132
  6.17e-02	  8.07e-03	5.42395e-99
  6.17e-02	  8.59e-03	3.61626e-66
  6.17e-02	  9.11e-03	2.41104e-33
  6.17e-02	  9.64e-03	4.80891e-01
  6.17e-02	  1.02e-02	4.87487e-01
  6.17e-02	  1.07e-02	4.90342e-01
  6.17e-02	  1.12e-02	4.92672e-01
  6.17e-02	  1.17e-02	4.94604e-01
  6.17e-02	  1.22e-02	4.96222e-01
  6.17e-02	  1.28e-02	4.97585e-01
  6.17e-02	  1.33e-02	4.98734e-01
  6.17e-02	  1.38e-02	4.99700e-01
  6.17e-02	  1.43e-02	5.00508e-01
  6.17e-02	  1.48e-02	5.01178e-01
  6.17e-02	  1.54e-02	5.01724e-01
  6.17e-02	  1.59e-02	5.02163e-01
  6.17e-02	  1.64e-02	5.02505e-01
  6.17e-02	  1.69e-02	5.02763e-01
  6.17e-02	  1.74e-02	5.02947e-01
  6.17e-02	  1.80e-02	5.03067e-01
  6.17e-02	  1.85e-02	5.03133e-01
  6.17e-02	  1.90e-02	5.03154e-01
  6.17e-02	  1.95e-02	5.03139e-01
  6.17e-02	  2.01e-02	5.03097e-01
  6.17e-02	  2.06e-02	5.03036e-01
  6.17e-02	  2.11e-02	5.02964e-01
  6.17e-02	  2.16e-02	5.02887e-01
  6.17e-02	  2.21e-02	5.02814e-01
  6.17e-02	  2.27e-02	5.02750e-01
  6.17e-02	  2.32e-02	5.02701e-01
  6.17e-02	  2.37e-02	5.02669e-01
  6.17e-02	  2.42e-02	5.02659e-01
  6.17e-02	  2.47e-02	5.02673e-01
  6.17e-02	  2.53e-02	5.02709e-01
  6.17e-02	  2.58e-02	5.02769e-01
  6.17e-02	  2.63e-02	5.02850e-01
  6.17e-02	  2.68e-02	5.02949e-01
  6.17e-02	  2.73e-02	5.03062e-01
  6.17e-02	  2.79e-02	5.03183e-01
  6.17e-02	  2.84e-02	5.03307e-01
  6.17e-02	  2.89e-02	5.03426e-01
  6.17e-02	  2.94e-02	5.03532e-01
  6.17e-02	  2.99e-02	5.03618e-01
  6.17e-02	  3.05e-02	5.03676e-01
  6.17e-02	  3.10e-02	5.03696e-01
  6.17e-02	  3.15e-02	5.03669e-01
  6.17e-02	  3.20e-02	5.03586e-01
  6.17e-02	  3.26e-02	5.03437e-01
  6.17e-02	  3.31e-02	5.03212e-01
  6.17e-02	  3.36e-02	5.02900e-01
  6.17e-02	  3.41e-02	5.02490e-01
  6.17e-02	  3.46e-02	5.01968e-01
  6.17e-02	  3.52e-02	5.01321e-01
  6.17e-02	  3.57e-02	5.00531e-01
  6.17e-02	  3.62e-02	4.99580e-01
  6.17e-02	  3.67e-02	4.98443e-01
  6.17e-02	  3.72e-02	4.97087e-01
  6.17e-02	  3.78e-02	4.95471e-01
  6.17e-02	  3.83e-02	4.93536e-01
  6.17e-02	  3.88e-02	4.91198e-01
  6.17e-02	  3.93e-02	4.88326e-01
  6.17e-02	  3.98e-02	4.81684e-01
  6.17e-02	  4.04e-02	2.41643e-33
  6.17e-02	  4.09e-02	3.62437e-66
  6.17e-02	  4.14e-02	5.43615e-99
  6.17e-02	  4.19e-02	8.15360e-132
  6.17e-02	  4.24e-02	1.22295e-164
  6.17e-02	  4.30e-02	1.83428e-197
  6.17e-02	  4.35e-02	2.75120e-230
  6.17e-02	  4.40e-02	4.12647e-263
  6.17e-02	  4.45e-02	6.18920e-296
  6.17e-02	  4.51e-02	0.00000e+00
  6.17e-02	  4.56e-02	0.00000e+00
  6.17e-02	  4.61e-02	0.00000e+00
  6.17e-02	  4.66e-02	0.00000e+00
  6.17e-02	  4.71e-02	0.00000e+00
  6.17e-02	  4.77e-02	0.00000e+00
  6.17e-02	  4.82e-02	0.00000e+00
  6.17e-02	  4.87e-02	0.00000e+00
  6.17e-02	  4.92e-02	0.00000e+00
  6.17e-02	  4.97e-02	0.00000e+00

  6.25e-02	  2.60e-04	0.00000e+00
  6.25e-02	  7.81e-04	0.00000e+00
  6.25e-02	  1.30e-03	0.00000e+00
  6.25e-02	  1.82e-03	0.00000e+00
  6.25e-02	  2.34e-03	0.00000e+00
  6.25e-02	  2.86e-03	0.00000e+00
  6.25e-02	  3.39e-03	0.00000e+00
  6.25e-02	  3.91e-03	0.00000e+00
  6.25e-02	  4.43e-03	0.00000e+00
  6.25e-02	  4.95e-03	6.16022e-296
  6.25e-02	  5.47e-03	4.10720e-263
  6.25e-02	  5.99e-03	2.73840e-230
  6.25e-02	  6.51e-03	1.82577e-197
  6.25e-02	  7.03e-03	1.21729e-164
  6.25e-02	  7.55e-03	8.11602e-132
  6.25e-02	  8.07e-03	5.41117e-99
  6.25e-02	  8.59e-03	3.60777e-66
  6.25e-02	  9.11e-03	2.40539e-33
  6.25e-02	  9.64e-03	4.80060e-01
  6.25e-02	  1.02e-02	4.86949e-01
  6.25e-02	  1.07e-02	4.89924e-01
  6.25e-02	  1.12e-02	4.92344e-01
  6.25e-02	  1.17e-02	4.94348e-01
  6.25e-02	  1.22e-02	4.96024e-01
  6.25e-02	  1.28e-02	4.97436e-01
  6.25e-02	  1.33e-02	4.98627e-01
  6.25e-02	  1.38e-02	4.99630e-01
  6.25e-02	  1.43e-02	5.00470e-01
  6.25e-02	  1.48e-02	5.01169e-01
  6.25e-02	  1.54e-02	5.01742e-01
  6.25e-02	  1.59e-02	5.02204e-01
  6.25e-02	  1.64e-02	5.02568e-01
  6.25e-02	  1.69e-02	5.02847e-01
  6.25e-02	  1.74e-02	5.03049e-01
  6.25e-02	  1.80e-02	5.03186e-01
  6.25e-02	  1.85e-02	5.03268e-01
  6.25e-02	  1.90e-02	5.03303e-01
  6.25e-02	  1.95e-02	5.03301e-01
  6.25e-02	  2.01e-02	5.03271e-01
  6.25e-02	  2.06e-02	5.03221e-01
  6.25e-02	  2.11e-02	5.03158e-01
  6.25e-02	  2.16e-02	5.03091e-01
  6.25e-02	  2.21e-02	5.03025e-01
  6.25e-02	  2.27e-02	5.02968e-01
  6.25e-02	  2.32e-02	5.02923e-01
  6.25e-02	  2.37e-02	5.02896e-01
  6.25e-02	  2.42e-02	5.02888e-01
  6.25e-02	  2.47e-02	5.02902e-01
  6.25e-02	  2.53e-02	5.02939e-01
  6.25e-02	  2.58e-02	5.02997e-01
  6.25e-02	  2.63e-02	5.03075e-01
  6.25e-02	  2.68e-02	5.03169e-01
  6.25e-02	  2.73e-02	5.03276e-01
  6.25e-02	  2.79e-02	5.03390e-01
  6.25e-02	  2.84e-02	5.03505e-01
  6.25e-02	  2.89e-02	5.03615e-01
  6.25e-02	  2.94e-02	5.03711e-01
  6.25e-02	  2.99e-02	5.03785e-01
  6.25e-02	  3.05e-02	5.03830e-01
  6.25e-02	  3.10e-02	5.03837e-01
  6.25e-02	  3.15e-02	5.03795e-01
  6.25e-02	  3.20e-02	5.03695e-01
  6.25e-02	  3.26e-02	5.03528e-01
  6.25e-02	  3.31e-02	5.03284e-01
  6.25e-02	  3.36e-02	5.02950e-01
  6.25e-02	  3.41e-02	5.02516e-01
  6.25e-02	  3.46e-02	5.01968e-01
  6.25e-02	  3.52e-02	5.01292e-01
  6.25e-02	  3.57e-02	5.00470e-01
  6.25e-02	  3.62e-02	4.99482e-01
  6.25e-02	  3.67e-02	4.98303e-01
  6.25e-02	  3.72e-02	4.96899e-01
  6.25e-02	  3.78e-02	4.95225e-01
  6.25e-02	  3.83e-02	4.93219e-01
  6.25e-02	  3.88e-02	4.90790e-01
  6.25e-02	  3.93e-02	4.87797e-01
  6.25e-02	  3.98e-02	4.80860e-01
  6.25e-02	  4.04e-02	2.41083e-33
  6.25e-02	  4.09e-02	3.61594e-66
  6.25e-02	  4.14e-02	5.42346e-99
  6.25e-02	  4.19e-02	8.13450e-132
  6.25e-02	  4.24e-02	1.22007e-164
  6.25e-02	  4.30e-02	1.82995e-197
  6.25e-02	  4.35e-02	2.74468e-230
  6.25e-02	  4.40e-02	4.11666e-263
  6.25e-02	  4.45e-02	6.17444e-296
  6.25e-02	  4.51e-02	0.00000e+00
  6.25e-02	  4.56e-02	0.00000e+00
  6.25e-02	  4.61e-02	0.00000e+00
  6.25e-02	  4.66e-02	0.00000e+00
  6.25e-02	  4.71e-02	0.00000e+00
  6.25e-02	  4.77e-02	0.00000e+00
  6.25e-02	  4.82e-02	0.00000e+00
  6.25e-02	  4.87e-02	0.00000e+00
  6.25e-02	  4.92e-02	0.00000e+00
  6.25e-02	  4.97e-02	0.00000e+00

  6.33e-02	  2.60e-04	0.00000e+00
  6.33e-02	  7.81e-04	0.00000e+00
  6.33e-02	  1.30e-03	0.00000e+00
  6.33e-02	  1.82e-03	0.00000e+00
  6.33e-02	  2.34e-03	0.00000e+00
  6.33e-02	  2.86e-03	0.00000e+00
  6.33e-02	  3.39e-03	0.00000e+00
  6.33e-02	  3.91e-03	0.00000e+00
  6.33e-02	  4.43e-03	0.00000e+00
  6.33e-02	  4.95e-03	6.14498e-296
  6.33e-02	  5.47e-03	4.09708e-263
  6.33e-02	  5.99e-03	2.73167e-230
  6.33e-02	  6.51e-03	1.82130e-197
  6.33e-02	  7.03e-03	1.21432e-164
  6.33e-02	  7.55e-03	8.09628e-132
  6.33e-02	  8.07e-03	5.39806e-99
  6.33e-02	  8.59e-03	3.59906e-66
  6.33e-02	  9.11e-03	2.39960e-33
  6.33e-02	  9.64e-03	4.79207e-01
  6.33e-02	  1.02e-02	4.86401e-01
  6.33e-02	  1.07e-02	4.89501e-01
  6.33e-02	  1.12e-02	4.92014e-01
  6.33e-02	  1.17e-02	4.94090e-01
  6.33e-02	  1.22e-02	4.95825e-01
  6.33e-02	  1.28e-02	4.97287e-01
  6.33e-02	  1.33e-02	4.98520e-01
  6.33e-02	  1.38e-02	4.99560e-01
  6.33e-02	  1.43e-02	5.00433e-01
  6.33e-02	  1.48e-02	5.01161e-01
  6.33e-02	  1.54e-02	5.01761e-01
  6.33e-02	  1.59e-02	5.02248e-01
  6.33e-02	  1.64e-02	5.02634e-01
  6.33e-02	  1.69e-02	5.02932e-01
  6.33e-02	  1.74e-02	5.03154e-01
  6.33e-02	  1.80e-02	5.03308e-01
  6.33e-02	  1.85e-02	5.03405e-01
  6.33e-02	  1.90e-02	5.03455e-01
  6.33e-02	  1.95e-02	5.03466e-01
  6.33e-02	  2.01e-02	5.03448e-01
  6.33e-02	  2.06e-02	5.03408e-01
  6.33e-02	  2.11e-02	5.03355e-01
  6.33e-02	  2.16e-02	5.03297e-01
  6.33e-02	  2.21e-02	5.03239e-01
  6.33e-02	  2.27e-02	5.03187e-01
  6.33e-02	  2.32e-02	5.03148e-01
  6.33e-02	  2.37e-02	5.03124e-01
  6.33e-02	  2.42e-02	5.03119e-01
  6.33e-02	  2.47e-02	5.03134e-01
  6.33e-02	  2.53e-02	5.03170e-01
  6.33e-02	  2.58e-02	5.03226e-01
  6.33e-02	  2.63e-02	5.03301e-01
  6.33e-02	  2.68e-02	5.03391e-01
  6.33e-02	  2.73e-02	5.03492e-01
  6.33e-02	  2.79e-02	5.03599e-01
  6.33e-02	  2.84e-02	5.03706e-01
  6.33e-02	  2.89e-02	5.03807e-01
  6.33e-02	  2.94e-02	5.03892e-01
  6.33e-02	  2.99e-02	5.03956e-01
  6.33e-02	  3.05e-02	5.03988e-01
  6.33e-02	  3.10e-02	5.03980e-01
  6.33e-02	  3.15e-02	5.03923e-01
  6.33e-02	  3.20e-02	5.03807e-01
  6.33e-02	  3.26e-02	5.03622e-01
  6.33e-02	  3.31e-02	5.03357e-01
  6.33e-02	  3.36e-02	5.03001e-01
  6.33e-02	  3.41e-02	5.02543e-01
  6.33e-02	  3.46e-02	5.01969e-01
  6.33e-02	  3.52e-02	5.01263e-01
  6.33e-02	  3.57e-02	5.00409e-01
  6.33e-02	  3.62e-02	4.99384e-01
  6.33e-02	  3.67e-02	4.98163e-01
  6.33e-02	  3.72e-02	4.96709e-01
  6.33e-02	  3.78e-02	4.94976e-01
  6.33e-02	  3.83e-02	4.92897e-01
  6.33e-02	  3.88e-02	4.90374e-01
  6.33e-02	  3.93e-02	4.87256e-01
  6.33e-02	  3.98e-02	4.80013e-01
  6.33e-02	  4.04e-02	2.40507e-33
  6.33e-02	  4.09e-02	3.60728e-66
  6.33e-02	  4.14e-02	5.41043e-99
  6.33e-02	  4.19e-02	8.11489e-132
  6.33e-02	  4.24e-02	1.21712e-164
  6.33e-02	  4.30e-02	1.82551e-197
  6.33e-02	  4.35e-02	2.73800e-230
  6.33e-02	  4.40e-02	4.10660e-263
  6.33e-02	  4.45e-02	6.15929e-296
  6.33e-02	  4.51e-02	0.00000e+00
  6.33e-02	  4.56e-02	0.00000e+00
  6.33e-02	  4.61e-02	0.00000e+00
  6.33e-02	  4.66e-02	0.00000e+00
  6.33e-02	  4.71e-02	0.00000e+00
  6.33e-02	  4.77e-02	0.00000e+00
  6.33e-02	  4.82e-02	0.00000e+00
  6.33e-02	  4.87e-02	0.00000e+00
  6.33e-02	  4.92e-02	0.00000e+00
  6.33e-02	  4.97e-02	0.00000e+00

  6.41e-02	  2.60e-04	0.00000e+00
  6.41e-02	  7.81e-04	0.00000e+00
  6.41e-02	  1.30e-03	0.00000e+00
  6.41e-02	  1.82e-03	0.00000e+00
  6.41e-02	  2.34e-03	0.00000e+00
  6.41e-02	  2.86e-03	0.00000e+00
  6.41e-02	  3.39e-03	0.00000e+00
  6.41e-02	  3.91e-03	0.00000e+00
  6.41e-02	  4.43e-03	0.00000e+00
  6.41e-02	  4.95e-03	6.12937e-296
  6.41e-02	  5.47e-03	4.08671e-263
  6.41e-02	  5.99e-03	2.72477e-230
  6.41e-02	  6.51e-03	1.81672e-197
  6.41e-02	  7.03e-03	1.21128e-164
  6.41e-02	  7.55e-03	8.07606e-132
  6.41e-02	  8.07e-03	5.38461e-99
  6.41e-02	  8.59e-03	3.59012e-66
  6.41e-02	  9.11e-03	2.39367e-33
  6.41e-02	  9.64e-03	4.78332e-01
  6.41e-02	  1.02e-02	4.85842e-01
  6.41e-02	  1.07e-02	4.89071e-01
  6.41e-02	  1.12e-02	4.91679e-01
  6.41e-02	  1.17e-02	4.93830e-01
  6.41e-02	  1.22e-02	4.95626e-01
  6.41e-02	  1.28e-02	4.97137e-01
  6.41e-02	  1.33e-02	4.98414e-01
  6.41e-02	  1.38e-02	4.99491e-01
  6.41e-02	  1.43e-02	5.00398e-01
  6.41e-02	  1.48e-02	5.01155e-01
  6.41e-02	  1.54e-02	5.01782e-01
  6.41e-02	  1.59e-02	5.02293e-01
  6.41e-02	  1.64e-02	5.02702e-01
  6.41e-02	  1.69e-02	5.03021e-01
  6.41e-02	  1.74e-02	5.03261e-01
  6.41e-02	  1.80e-02	5.03432e-01
  6.41e-02	  1.85e-02	5.03545e-01
  6.41e-02	  1.90e-02	5.03609e-01
  6.41e-02	  1.95e-02	5.03634e-01
  6.41e-02	  2.01e-02	5.03628e-01
  6.41e-02	  2.06e-02	5.03599e-01
  6.41e-02	  2.11e-02	5.03556e-01
  6.41e-02	  2.16e-02	5.03505e-01
  6.41e-02	  2.21e-02	5.03454e-01
  6.41e-02	  2.27e-02	5.03409e-01
  6.41e-02	  2.32e-02	5.03374e-01
  6.41e-02	  2.37e-02	5.03354e-01
  6.41e-02	  2.42e-02	5.03351e-01
  6.41e-02	  2.47e-02	5.03367e-01
  6.41e-02	  2.53e-02	5.03402e-01
  6.41e-02	  2.58e-02	5.03457e-01
  6.41e-02	  2.63e-02	5.03529e-01
  6.41e-02	  2.68e-02	5.03615e-01
  6.41e-02	  2.73e-02	5.03710e-01
  6.41e-02	  2.79e-02	5.03811e-01
  6.41e-02	  2.84e-02	5.03910e-01
  6.41e-02	  2.89e-02	5.04001e-01
  6.41e-02	  2.94e-02	5.04077e-01
  6.41e-02	  2.99e-02	5.04129e-01
  6.41e-02	  3.05e-02	5.04148e-01
  6.41e-02	  3.10e-02	5.04126e-01
  6.41e-02	  3.15e-02	5.04054e-01
  6.41e-02	  3.20e-02	5.03920e-01
  6.41e-02	  3.26e-02	5.03717e-01
  6.41e-02	  3.31e-02	5.03432e-01
  6.41e-02	  3.36e-02	5.03054e-01
  6.41e-02	  3.41e-02	5.02572e-01
  6.41e-02	  3.46e-02	5.01971e-01
  6.41e-02	  3.52e-02	5.01236e-01
  6.41e-02	  3.57e-02	5.00348e-01
  6.41e-02	  3.62e-02	4.99287e-01
  6.41e-02	  3.67e-02	4.98022e-01
  6.41e-02	  3.72e-02	4.96518e-01
  6.41e-02	  3.78e-02	4.94725e-01
  6.41e-02	  3.83e-02	4.92571e-01
  6.41e-02	  3.88e-02	4.89953e-01
  6.41e-02	  3.93e-02	4.86705e-01
  6.41e-02	  3.98e-02	4.79143e-01
  6.41e-02	  4.04e-02	2.39917e-33
  6.41e-02	  4.09e-02	3.59840e-66
  6.41e-02	  4.14e-02	5.39706e-99
  6.41e-02	  4.19e-02	8.09477e-132
  6.41e-02	  4.24e-02	1.21409e-164
  6.41e-02	  4.30e-02	1.82095e-197
  6.41e-02	  4.35e-02	2.73114e-230
  6.41e-02	  4.40e-02	4.09628e-263
  6.41e-02	  4.45e-02	6.14377e-296
  6.41e-02	  4.51e-02	0.00000e+00
  6.41e-02	  4.56e-02	0.00000e+00
  6.41e-02	  4.61e-02	0.00000e+00
  6.41e-02	  4.66e-02	0.00000e+00
  6.41e-02	  4.71e-02	0.00000e+00
  6.41e-02	  4.77e-02	0.00000e+00
  6.41e-02	  4.82e-02	0.00000e+00
  6.41e-02	  4.87e-02	0.00000e+00
  6.41e-02	  4.92e-02	0.00000e+00
  6.41e-02	  4.97e-02	0.00000e+00

  6.48e-02	  2.60e-04	0.00000e+00
  6.48e-02	  7.81e-04	0.00000e+00
  6.48e-02	  1.30e-03	0.00000e+00
  6.48e-02	  1.82e-03	0.00000e+00
  6.48e-02	  2.34e-03	0.00000e+00
  6.48e-02	  2.86e-03	0.00000e+00
  6.48e-02	  3.39e-03	0.00000e+00
  6.48e-02	  3.91e-03	0.00000e+00
  6.48e-02	  4.43e-03	0.00000e+00
  6.48e-02	  4.95e-03	6.11339e-296
  6.48e-02	  5.47e-03	4.07609e-263
  6.48e-02	  5.99e-03	2.71772e-230
  6.48e-02	  6.51e-03	1.81203e-197
  6.48e-02	  7.03e-03	1.20816e-164
  6.48e-02	  7.55e-03	8.05534e-132
  6.48e-02	  8.07e-03	5.37085e-99
  6.48e-02	  8.59e-03	3.58098e-66
  6.48e-02	  9.11e-03	2.38759e-33
  6.48e-02	  9.64e-03	4.77434e-01
  6.48e-02	  1.02e-02	4.85273e-01
  6.48e-02	  1.07e-02	4.88636e-01
  6.48e-02	  1.12e-02	4.91342e-01
  6.48e-02	  1.17e-02	4.93569e-01
  6.48e-02	  1.22e-02	4.95426e-01
  6.48e-02	  1.28e-02	4.96988e-01
  6.48e-02	  1.33e-02	4.98308e-01
  6.48e-02	  1.38e-02	4.99423e-01
  6.48e-02	  1.43e-02	5.00363e-01
  6.48e-02	  1.48e-02	5.01151e-01
  6.48e-02	  1.54e-02	5.01804e-01
  6.48e-02	  1.59e-02	5.02340e-01
  6.48e-02	  1.64e-02	5.02771e-01
  6.48e-02	  1.69e-02	5.03111e-01
  6.48e-02	  1.74e-02	5.03370e-01
  6.48e-02	  1.80e-02	5.03559e-01
  6.48e-02	  1.85e-02	5.03688e-01
  6.48e-02	  1.90e-02	5.03766e-01
  6.48e-02	  1.95e-02	5.03804e-01
  6.48e-02	  2.01e-02	5.03810e-01
  6.48e-02	  2.06e-02	5.03792e-01
  6.48e-02	  2.11e-02	5.03758e-01
  6.48e-02	  2.16e-02	5.03716e-01
  6.48e-02	  2.21e-02	5.03672e-01
  6.48e-02	  2.27e-02	5.03633e-01
  6.48e-02	  2.32e-02	5.03603e-01
  6.48e-02	  2.37e-02	5.03586e-01
  6.48e-02	  2.42e-02	5.03585e-01
  6.48e-02	  2.47e-02	5.03602e-01
  6.48e-02	  2.53e-02	5.03637e-01
  6.48e-02	  2.58e-02	5.03690e-01
  6.48e-02	  2.63e-02	5.03759e-01
  6.48e-02	  2.68e-02	5.03841e-01
  6.48e-02	  2.73e-02	5.03931e-01
  6.48e-02	  2.79e-02	5.04025e-01
  6.48e-02	  2.84e-02	5.04116e-01
  6.48e-02	  2.89e-02	5.04198e-01
  6.48e-02	  2.94e-02	5.04263e-01
  6.48e-02	  2.99e-02	5.04304e-01
  6.48e-02	  3.05e-02	5.04310e-01
  6.48e-02	  3.10e-02	5.04274e-01
  6.48e-02	  3.15e-02	5.04186e-01
  6.48e-02	  3.20e-02	5.04036e-01
  6.48e-02	  3.26e-02	5.03814e-01
  6.48e-02	  3.31e-02	5.03509e-01
  6.48e-02	  3.36e-02	5.03109e-01
  6.48e-02	  3.41e-02	5.02602e-01
  6.48e-02	  3.46e-02	5.01974e-01
  6.48e-02	  3.52e-02	5.01210e-01
  6.48e-02	  3.57e-02	5.00289e-01
  6.48e-02	  3.62e-02	4.99189e-01
  6.48e-02	  3.67e-02	4.97881e-01
  6.48e-02	  3.72e-02	4.96326e-01
  6.48e-02	  3.78e-02	4.94472e-01
  6.48e-02	  3.83e-02	4.92242e-01
  6.48e-02	  3.88e-02	4.89525e-01
  6.48e-02	  3.93e-02	4.86143e-01
  6.48e-02	  3.98e-02	4.78251e-01
  6.48e-02	  4.04e-02	2.39312e-33
  6.48e-02	  4.09e-02	3.58929e-66
  6.48e-02	  4.14e-02	5.38336e-99
  6.48e-02	  4.19e-02	8.07415e-132
  6.48e-02	  4.24e-02	1.21099e-164
  6.48e-02	  4.30e-02	1.81628e-197
  6.48e-02	  4.35e-02	2.72411e-230
  6.48e-02	  4.40e-02	4.08571e-263
  6.48e-02	  4.45e-02	6.12786e-296
  6.48e-02	  4.51e-02	0.00000e+00
  6.48e-02	  4.56e-02	0.00000e+00
  6.48e-02	  4.61e-02	0.00000e+00
  6.48e-02	  4.66e-02	0.00000e+00
  6.48e-02	  4.71e-02	0.00000e+00
  6.48e-02	  4.77e-02	0.00000e+00
  6.48e-02	  4.82e-02	0.00000e+00
  6.48e-02	  4.87e-02	0.00000e+00
  6.48e-02	  4.92e-02	0.00000e+00
  6.48e-02	  4.97e-02	0.00000e+00

  6.56e-02	  2.60e-04	0.00000e+00
  6.56e-02	  7.81e-04	0.00000e+00
  6.56e-02	  1.30e-03	0.00000e+00
  6.56e-02	  1.82e-03	0.00000e+00
  6.56e-02	  2.34e-03	0.00000e+00
  6.56e-02	  2.86e-03	0.00000e+00
  6.56e-02	  3.39e-03	0.00000e+00
  6.56e-02	  3.91e-03	0.00000e+00
  6.56e-02	  4.43e-03	0.00000e+00
  6.56e-02	  4.95e-03	6.09704e-296
  6.56e-02	  5.47e-03	4.06522e-263
  6.56e-02	  5.99e-03	2.71050e-230
  6.56e-02	  6.51e-03	1.80723e-197
  6.56e-02	  7.03e-03	1.20497e-164
  6.56e-02	  7.55e-03	8.03414e-132
  6.56e-02	  8.07e-03	5.35676e-99
  6.56e-02	  8.59e-03	3.57161e-66
  6.56e-02	  9.11e-03	2.38136e-33
  6.56e-02	  9.64e-03	4.76515e-01
  6.56e-02	  1.02e-02	4.84695e-01
  6.56e-02	  1.07e-02	4.88195e-01
  6.56e-02	  1.12e-02	4.91003e-01
  6.56e-02	  1.17e-02	4.93307e-01
  6.56e-02	  1.22e-02	4.95226e-01
  6.56e-02	  1.28e-02	4.96840e-01
  6.56e-02	  1.33e-02	4.98204e-01
  6.56e-02	  1.38e-02	4.99357e-01
  6.56e-02	  1.43e-02	5.00330e-01
  6.56e-02	  1.48e-02	5.01148e-01
  6.56e-02	  1.54e-02	5.01829e-01
  6.56e-02	  1.59e-02	5.02389e-01
  6.56e-02	  1.64e-02	5.02843e-01
  6.56e-02	  1.69e-02	5.03203e-01
  6.56e-02	  1.74e-02	5.03481e-01
  6.56e-02	  1.80e-02	5.03687e-01
  6.56e-02	  1.85e-02	5.03832e-01
  6.56e-02	  1.90e-02	5.03925e-01
  6.56e-02	  1.95e-02	5.03976e-01
  6.56e-02	  2.01e-02	5.03994e-01
  6.56e-02	  2.06e-02	5.03987e-01
  6.56e-02	  2.11e-02	5.03962e-01
  6.56e-02	  2.16e-02	5.03929e-01
  6.56e-02	  2.21e-02	5.03892e-01
  6.56e-02	  2.27e-02	5.03858e-01
  6.56e-02	  2.32e-02	5.03833e-01
  6.56e-02	  2.37e-02	5.03819e-01
  6.56e-02	  2.42e-02	5.03821e-01
  6.56e-02	  2.47e-02	5.03838e-01
  6.56e-02	  2.53e-02	5.03873e-01
  6.56e-02	  2.58e-02	5.03925e-01
  6.56e-02	  2.63e-02	5.03991e-01
  6.56e-02	  2.68e-02	5.04068e-01
  6.56e-02	  2.73e-02	5.04153e-01
  6.56e-02	  2.79e-02	5.04241e-01
  6.56e-02	  2.84e-02	5.04324e-01
  6.56e-02	  2.89e-02	5.04397e-01
  6.56e-02	  2.94e-02	5.04452e-01
  6.56e-02	  2.99e-02	5.04481e-01
  6.56e-02	  3.05e-02	5.04475e-01
  6.56e-02	  3.10e-02	5.04424e-01
  6.56e-02	  3.15e-02	5.04321e-01
  6.56e-02	  3.20e-02	5.04154e-01
  6.56e-02	  3.26e-02	5.03913e-01
  6.56e-02	  3.31e-02	5.03587e-01
  6.56e-02	  3.36e-02	5.03165e-01
  6.56e-02	  3.41e-02	5.02634e-01
  6.56e-02	  3.46e-02	5.01979e-01
  6.56e-02	  3.52e-02	5.01185e-01
  6.56e-02	  3.57e-02	5.00231e-01
  6.56e-02	  3.62e-02	4.99093e-01
  6.56e-02	  3.67e-02	4.97741e-01
  6.56e-02	  3.72e-02	4.96135e-01
  6.56e-02	  3.78e-02	4.94218e-01
  6.56e-02	  3.83e-02	4.91910e-01
  6.56e-02	  3.88e-02	4.89093e-01
  6.56e-02	  3.93e-02	4.85572e-01
  6.56e-02	  3.98e-02	4.77337e-01
  6.56e-02	  4.04e-02	2.38692e-33
  6.56e-02	  4.09e-02	3.57997e-66
  6.56e-02	  4.14e-02	5.36933e-99
  6.56e-02	  4.19e-02	8.05304e-132
  6.56e-02	  4.24e-02	1.20781e-164
  6.56e-02	  4.30e-02	1.81150e-197
  6.56e-02	  4.35e-02	2.71692e-230
  6.56e-02	  4.40e-02	4.07489e-263
  6.56e-02	  4.45e-02	6.11158e-296
  6.56e-02	  4.51e-02	0.00000e+00
  6.56e-02	  4.56e-02	0.00000e+00
  6.56e-02	  4.61e-02	0.00000e+00
  6.56e-02	  4.66e-02	0.00000e+00
  6.56e-02	  4.71e-02	0.00000e+00
  6.56e-02	  4.77e-02	0.00000e+00
  6.56e-02	  4.82e-02	0.00000e+00
  6.56e-02	  4.87e-02	0.00000e+00
  6.56e-02	  4.92e-02	0.00000e+00
  6.56e-02	  4.97e-02	0.00000e+00

  6.64e-02	  2.60e-04	0.00000e+00
  6.64e-02	  7.81e-04	0.00000e+00
  6.64e-02	  1.30e-03	0.00000e+00
  6.64e-02	  1.82e-03	0.00000e+00
  6.64e-02	  2.34e-03	0.00000e+00
  6.64e-02	  2.86e-03	0.00000e+00
  6.64e-02	  3.39e-03	0.00000e+00
  6.64e-02	  3.91e-03	0.00000e+00
  6.64e-02	  4.43e-03	0.00000e+00
  6.64e-02	  4.95e-03	6.08033e-296
  6.64e-02	  5.47e-03	4.05412e-263
  6.64e-02	  5.99e-03	2.70311e-230
  6.64e-02	  6.51e-03	1.80232e-197
  6.64e-02	  7.03e-03	1.20171e-164
  6.64e-02	  7.55e-03	8.01247e-132
  6.64e-02	  8.07e-03	5.34235e-99
  6.64e-02	  8.59e-03	3.56204e-66
  6.64e-02	  9.11e-03	2.37500e-33
  6.64e-02	  9.64e-03	4.75574e-01
  6.64e-02	  1.02e-02	4.84108e-01
  6.64e-02	  1.07e-02	4.87750e-01
  6.64e-02	  1.12e-02	4.90661e-01
  6.64e-02	  1.17e-02	4.93044e-01
  6.64e-02	  1.22e-02	4.95026e-01
  6.64e-02	  1.28e-02	4.96693e-01
  6.64e-02	  1.33e-02	4.98100e-01
  6.64e-02	  1.38e-02	4.99292e-01
  6.64e-02	  1.43e-02	5.00299e-01
  6.64e-02	  1.48e-02	5.01147e-01
  6.64e-02	  1.54e-02	5.01855e-01
  6.64e-02	  1.59e-02	5.02440e-01
  6.64e-02	  1.64e-02	5.02917e-01
  6.64e-02	  1.69e-02	5.03297e-01
  6.64e-02	  1.74e-02	5.03594e-01
  6.64e-02	  1.80e-02	5.03818e-01
  6.64e-02	  1.85e-02	5.03978e-01
  6.64e-02	  1.90e-02	5.04086e-01
  6.64e-02	  1.95e-02	5.04151e-01
  6.64e-02	  2.01e-02	5.04180e-01
  6.64e-02	  2.06e-02	5.04184e-01
  6.64e-02	  2.11e-02	5.04169e-01
  6.64e-02	  2.16e-02	5.04143e-01
  6.64e-02	  2.21e-02	5.04114e-01
  6.64e-02	  2.27e-02	5.04086e-01
  6.64e-02	  2.32e-02	5.04065e-01
  6.64e-02	  2.37e-02	5.04055e-01
  6.64e-02	  2.42e-02	5.04058e-01
  6.64e-02	  2.47e-02	5.04077e-01
  6.64e-02	  2.53e-02	5.04111e-01
  6.64e-02	  2.58e-02	5.04161e-01
  6.64e-02	  2.63e-02	5.04224e-01
  6.64e-02	  2.68e-02	5.04298e-01
  6.64e-02	  2.73e-02	5.04377e-01
  6.64e-02	  2.79e-02	5.04458e-01
  6.64e-02	  2.84e-02	5.04534e-01
  6.64e-02	  2.89e-02	5.04598e-01
  6.64e-02	  2.94e-02	5.04643e-01
  6.64e-02	  2.99e-02	5.04660e-01
  6.64e-02	  3.05e-02	5.04641e-01
  6.64e-02	  3.10e-02	5.04576e-01
  6.64e-02	  3.15e-02	5.04457e-01
  6.64e-02	  3.20e-02	5.04273e-01
  6.64e-02	  3.26e-02	5.04013e-01
  6.64e-02	  3.31e-02	5.03667e-01
  6.64e-02	  3.36e-02	5.03223e-01
  6.64e-02	  3.41e-02	5.02667e-01
  6.64e-02	  3.46e-02	5.01986e-01
  6.64e-02	  3.52e-02	5.01161e-01
  6.64e-02	  3.57e-02	5.00173e-01
  6.64e-02	  3.62e-02	4.98998e-01
  6.64e-02	  3.67e-02	4.97602e-01
  6.64e-02	  3.72e-02	4.95943e-01
  6.64e-02	  3.78e-02	4.93963e-01
  6.64e-02	  3.83e-02	4.91576e-01
  6.64e-02	  3.88e-02	4.88655e-01
  6.64e-02	  3.93e-02	4.84991e-01
  6.64e-02	  3.98e-02	4.76400e-01
  6.64e-02	  4.04e-02	2.38058e-33
  6.64e-02	  4.09e-02	3.57043e-66
  6.64e-02	  4.14e-02	5.35497e-99
  6.64e-02	  4.19e-02	8.03145e-132
  6.64e-02	  4.24e-02	1.20456e-164
  6.64e-02	  4.30e-02	1.80661e-197
  6.64e-02	  4.35e-02	2.70957e-230
  6.64e-02	  4.40e-02	4.06382e-263
  6.64e-02	  4.45e-02	6.09492e-296
  6.64e-02	  4.51e-02	0.00000e+00
  6.64e-02	  4.56e-02	0.00000e+00
  6.64e-02	  4.61e-02	0.00000e+00
  6.64e-02	  4.66e-02	0.00000e+00
  6.64e-02	  4.71e-02	0.00000e+00
  6.64e-02	  4.77e-02	0.00000e+00
  6.64e-02	  4.82e-02	0.00000e+00
  6.64e-02	  4.87e-02	0.00000e+00
  6.64e-02	  4.92e-02	0.00000e+00
  6.64e-02	  4.97e-02	0.00000e+00

  6.72e-02	  2.60e-04	0.00000e+00
  6.72e-02	  7.81e-04	0.00000e+00
  6.72e-02	  1.30e-03	0.00000e+00
  6.72e-02	  1.82e-03	0.00000e+00
  6.72e-02	  2.34e-03	0.00000e+00
  6.72e-02	  2.86e-03	0.00000e+00
  6.72e-02	  3.39e-03	0.00000e+00
  6.72e-02	  3.91e-03	0.00000e+00
  6.72e-02	  4.43e-03	0.00000e+00
  6.72e-02	  4.95e-03	6.06326e-296
  6.72e-02	  5.47e-03	4.04277e-263
  6.72e-02	  5.99e-03	2.69557e-230
  6.72e-02	  6.51e-03	1.79731e-197
  6.72e-02	  7.03e-03	1.19838e-164
  6.72e-02	  7.55e-03	7.99032e-132
  6.72e-02	  8.07e-03	5.32763e-99
  6.72e-02	  8.59e-03	3.55225e-66
  6.72e-02	  9.11e-03	2.36849e-33
  6.72e-02	  9.64e-03	4.74612e-01
  6.72e-02	  1.02e-02	4.83511e-01
  6.72e-02	  1.07e-02	4.87301e-01
  6.72e-02	  1.12e-02	4.90317e-01
  6.72e-02	  1.17e-02	4.92781e-01
  6.72e-02	  1.22e-02	4.94827e-01
  6.72e-02	  1.28e-02	4.96546e-01
  6.72e-02	  1.33e-02	4.97999e-01
  6.72e-02	  1.38e-02	4.99229e-01
  6.72e-02	  1.43e-02	5.00270e-01
  6.72e-02	  1.48e-02	5.01148e-01
  6.72e-02	  1.54e-02	5.01883e-01
  6.72e-02	  1.59e-02	5.02493e-01
  6.72e-02	  1.64e-02	5.02992e-01
  6.72e-02	  1.69e-02	5.03393e-01
  6.72e-02	  1.74e-02	5.03709e-01
  6.72e-02	  1.80e-02	5.03950e-01
  6.72e-02	  1.85e-02	5.04127e-01
  6.72e-02	  1.90e-02	5.04249e-01
  6.72e-02	  1.95e-02	5.04327e-01
  6.72e-02	  2.01e-02	5.04368e-01
  6.72e-02	  2.06e-02	5.04382e-01
  6.72e-02	  2.11e-02	5.04377e-01
  6.72e-02	  2.16e-02	5.04359e-01
  6.72e-02	  2.21e-02	5.04337e-01
  6.72e-02	  2.27e-02	5.04315e-01
  6.72e-02	  2.32e-02	5.04298e-01
  6.72e-02	  2.37e-02	5.04291e-01
  6.72e-02	  2.42e-02	5.04297e-01
  6.72e-02	  2.47e-02	5.04316e-01
  6.72e-02	  2.53e-02	5.04351e-01
  6.72e-02	  2.58e-02	5.04399e-01
  6.72e-02	  2.63e-02	5.04459e-01
  6.72e-02	  2.68e-02	5.04529e-01
  6.72e-02	  2.73e-02	5.04603e-01
  6.72e-02	  2.79e-02	5.04677e-01
  6.72e-02	  2.84e-02	5.04745e-01
  6.72e-02	  2.89e-02	5.04800e-01
  6.72e-02	  2.94e-02	5.04835e-01
  6.72e-02	  2.99e-02	5.04840e-01
  6.72e-02	  3.05e-02	5.04809e-01
  6.72e-02	  3.10e-02	5.04730e-01
  6.72e-02	  3.15e-02	5.04595e-01
  6.72e-02	  3.20e-02	5.04394e-01
  6.72e-02	  3.26e-02	5.04116e-01
  6.72e-02	  3.31e-02	5.03749e-01
  6.72e-02	  3.36e-02	5.03283e-01
  6.72e-02	  3.41e-02	5.02702e-01
  6.72e-02	  3.46e-02	5.01994e-01
  6.72e-02	  3.52e-02	5.01139e-01
  6.72e-02	  3.57e-02	5.00118e-01
  6.72e-02	  3.62e-02	4.98903e-01
  6.72e-02	  3.67e-02	4.97463e-01
  6.72e-02	  3.72e-02	4.95751e-01
  6.72e-02	  3.78e-02	4.93707e-01
  6.72e-02	  3.83e-02	4.91240e-01
  6.72e-02	  3.88e-02	4.88212e-01
  6.72e-02	  3.93e-02	4.84401e-01
  6.72e-02	  3.98e-02	4.75441e-01
  6.72e-02	  4.04e-02	2.37410e-33
  6.72e-02	  4.09e-02	3.56067e-66
  6.72e-02	  4.14e-02	5.34030e-99
  6.72e-02	  4.19e-02	8.00936e-132
  6.72e-02	  4.24e-02	1.20124e-164
  6.72e-02	  4.30e-02	1.80161e-197
  6.72e-02	  4.35e-02	2.70205e-230
  6.72e-02	  4.40e-02	4.05251e-263
  6.72e-02	  4.45e-02	6.07790e-296
  6.72e-02	  4.51e-02	0.00000e+00
  6.72e-02	  4.56e-02	0.00000e+00
  6.72e-02	  4.61e-02	0.00000e+00
  6.72e-02	  4.66e-02	0.00000e+00
  6.72e-02	  4.71e-02	0.00000e+00
  6.72e-02	  4.77e-02	0.00000e+00
  6.72e-02	  4.82e-02	0.00000e+00
  6.72e-02	  4.87e-02	0.00000e+00
  6.72e-02	  4.92e-02	0.00000e+00
  6.72e-02	  4.97e-02	0.00000e+00

  6.80e-02	  2.60e-04	0.00000e+00
  6.80e-02	  7.81e-04	0.00000e+00
  6.80e-02	  1.30e-03	0.00000e+00
  6.80e-02	  1.82e-03	0.00000e+00
  6.80e-02	  2.34e-03	0.00000e+00
  6.80e-02	  2.86e-03	0.00000e+00
  6.80e-02	  3.39e-03	0.00000e+00
  6.80e-02	  3.91e-03	0.00000e+00
  6.80e-02	  4.43e-03	0.00000e+00
  6.80e-02	  4.95e-03	6.04583e-296
  6.80e-02	  5.47e-03	4.03118e-263
  6.80e-02	  5.99e-03	2.68787e-230
  6.80e-02	  6.51e-03	1.79219e-197
  6.80e-02	  7.03e-03	1.19497e-164
  6.80e-02	  7.55e-03	7.96769e-132
  6.80e-02	  8.07e-03	5.31259e-99
  6.80e-02	  8.59e-03	3.54225e-66
  6.80e-02	  9.11e-03	2.36185e-33
  6.80e-02	  9.64e-03	4.73628e-01
  6.80e-02	  1.02e-02	4.82907e-01
  6.80e-02	  1.07e-02	4.86848e-01
  6.80e-02	  1.12e-02	4.89972e-01
  6.80e-02	  1.17e-02	4.92518e-01
  6.80e-02	  1.22e-02	4.94629e-01
  6.80e-02	  1.28e-02	4.96401e-01
  6.80e-02	  1.33e-02	4.97899e-01
  6.80e-02	  1.38e-02	4.99168e-01
  6.80e-02	  1.43e-02	5.00243e-01
  6.80e-02	  1.48e-02	5.01151e-01
  6.80e-02	  1.54e-02	5.01913e-01
  6.80e-02	  1.59e-02	5.02548e-01
  6.80e-02	  1.64e-02	5.03069e-01
  6.80e-02	  1.69e-02	5.03491e-01
  6.80e-02	  1.74e-02	5.03826e-01
  6.80e-02	  1.80e-02	5.04084e-01
  6.80e-02	  1.85e-02	5.04277e-01
  6.80e-02	  1.90e-02	5.04413e-01
  6.80e-02	  1.95e-02	5.04504e-01
  6.80e-02	  2.01e-02	5.04557e-01
  6.80e-02	  2.06e-02	5.04582e-01
  6.80e-02	  2.11e-02	5.04586e-01
  6.80e-02	  2.16e-02	5.04577e-01
  6.80e-02	  2.21e-02	5.04561e-01
  6.80e-02	  2.27e-02	5.04545e-01
  6.80e-02	  2.32e-02	5.04533e-01
  6.80e-02	  2.37e-02	5.04529e-01
  6.80e-02	  2.42e-02	5.04537e-01
  6.80e-02	  2.47e-02	5.04557e-01
  6.80e-02	  2.53e-02	5.04591e-01
  6.80e-02	  2.58e-02	5.04638e-01
  6.80e-02	  2.63e-02	5.04695e-01
  6.80e-02	  2.68e-02	5.04761e-01
  6.80e-02	  2.73e-02	5.04830e-01
  6.80e-02	  2.79e-02	5.04898e-01
  6.80e-02	  2.84e-02	5.04958e-01
  6.80e-02	  2.89e-02	5.05004e-01
  6.80e-02	  2.94e-02	5.05028e-01
  6.80e-02	  2.99e-02	5.05022e-01
  6.80e-02	  3.05e-02	5.04978e-01
  6.80e-02	  3.10e-02	5.04885e-01
  6.80e-02	  3.15e-02	5.04735e-01
  6.80e-02	  3.20e-02	5.04516e-01
  6.80e-02	  3.26e-02	5.04220e-01
  6.80e-02	  3.31e-02	5.03833e-01
  6.80e-02	  3.36e-02	5.03344e-01
  6.80e-02	  3.41e-02	5.02739e-01
  6.80e-02	  3.46e-02	5.02004e-01
  6.80e-02	  3.52e-02	5.01119e-01
  6.80e-02	  3.57e-02	5.00063e-01
  6.80e-02	  3.62e-02	4.98810e-01
  6.80e-02	  3.67e-02	4.97325e-01
  6.80e-02	  3.72e-02	4.95560e-01
  6.80e-02	  3.78e-02	4.93451e-01
  6.80e-02	  3.83e-02	4.90902e-01
  6.80e-02	  3.88e-02	4.87766e-01
  6.80e-02	  3.93e-02	4.83802e-01
  6.80e-02	  3.98e-02	4.74461e-01
  6.80e-02	  4.04e-02	2.36747e-33
  6.80e-02	  4.09e-02	3.55070e-66
  6.80e-02	  4.14e-02	5.32530e-99
  6.80e-02	  4.19e-02	7.98680e-132
  6.80e-02	  4.24e-02	1.19785e-164
  6.80e-02	  4.30e-02	1.79651e-197
  6.80e-02	  4.35e-02	2.69437e-230
  6.80e-02	  4.40e-02	4.04095e-263
  6.80e-02	  4.45e-02	6.06052e-296
  6.80e-02	  4.51e-02	0.00000e+00
  6.80e-02	  4.56e-02	0.00000e+00
  6.80e-02	  4.61e-02	0.00000e+00
  6.80e-02	  4.66e-02	0.00000e+00
  6.80e-02	  4.71e-02	0.00000e+00
  6.80e-02	  4.77e-02	0.00000e+00
  6.80e-02	  4.82e-02	0.00000e+00
  6.80e-02	  4.87e-02	0.00000e+00
  6.80e-02	  4.92e-02	0.00000e+00
  6.80e-02	  4.97e-02	0.00000e+00

  6.87e-02	  2.60e-04	0.00000e+00
  6.87e-02	  7.81e-04	0.00000e+00
  6.87e-02	  1.30e-03	0.00000e+00
  6.87e-02	  1.82e-03	0.00000e+00
  6.87e-02	  2.34e-03	0.00000e+00
  6.87e-02	  2.86e-03	0.00000e+00
  6.87e-02	  3.39e-03	0.00000e+00
  6.87e-02	  3.91e-03	0.00000e+00
  6.87e-02	  4.43e-03	0.00000e+00
  6.87e-02	  4.95e-03	6.02805e-296
  6.87e-02	  5.47e-03	4.01936e-263
  6.87e-02	  5.99e-03	2.68001e-230
  6.87e-02	  6.51e-03	1.78696e-197
  6.87e-02	  7.03e-03	1.19150e-164
  6.87e-02	  7.55e-03	7.94460e-132
  6.87e-02	  8.07e-03	5.29724e-99
  6.87e-02	  8.59e-03	3.53205e-66
  6.87e-02	  9.11e-03	2.35507e-33
  6.87e-02	  9.64e-03	4.72623e-01
  6.87e-02	  1.02e-02	4.82294e-01
  6.87e-02	  1.07e-02	4.86392e-01
  6.87e-02	  1.12e-02	4.89626e-01
  6.87e-02	  1.17e-02	4.92255e-01
  6.87e-02	  1.22e-02	4.94432e-01
  6.87e-02	  1.28e-02	4.96258e-01
  6.87e-02	  1.33e-02	4.97800e-01
  6.87e-02	  1.38e-02	4.99108e-01
  6.87e-02	  1.43e-02	5.00217e-01
  6.87e-02	  1.48e-02	5.01156e-01
  6.87e-02	  1.54e-02	5.01945e-01
  6.87e-02	  1.59e-02	5.02604e-01
  6.87e-02	  1.64e-02	5.03148e-01
  6.87e-02	  1.69e-02	5.03591e-01
  6.87e-02	  1.74e-02	5.03944e-01
  6.87e-02	  1.80e-02	5.04220e-01
  6.87e-02	  1.85e-02	5.04428e-01
  6.87e-02	  1.90e-02	5.04579e-01
  6.87e-02	  1.95e-02	5.04683e-01
  6.87e-02	  2.01e-02	5.04748e-01
  6.87e-02	  2.06e-02	5.04783e-01
  6.87e-02	  2.11e-02	5.04797e-01
  6.87e-02	  2.16e-02	5.04796e-01
  6.87e-02	  2.21e-02	5.04787e-01
  6.87e-02	  2.27e-02	5.04776e-01
  6.87e-02	  2.32e-02	5.04769e-01
  6.87e-02	  2.37e-02	5.04768e-01
  6.87e-02	  2.42e-02	5.04778e-01
  6.87e-02	  2.47e-02	5.04799e-01
  6.87e-02	  2.53e-02	5.04833e-01
  6.87e-02	  2.58e-02	5.04878e-01
  6.87e-02	  2.63e-02	5.04932e-01
  6.87e-02	  2.68e-02	5.04994e-01
  6.87e-02	  2.73e-02	5.05058e-01
  6.87e-02	  2.79e-02	5.05119e-01
  6.87e-02	  2.84e-02	5.05172e-01
  6.87e-02	  2.89e-02	5.05209e-01
  6.87e-02	  2.94e-02	5.05223e-01
  6.87e-02	  2.99e-02	5.05206e-01
  6.87e-02	  3.05e-02	5.05148e-01
  6.87e-02	  3.10e-02	5.05042e-01
  6.87e-02	  3.15e-02	5.04876e-01
  6.87e-02	  3.20e-02	5.04641e-01
  6.87e-02	  3.26e-02	5.04325e-01
  6.87e-02	  3.31e-02	5.03918e-01
  6.87e-02	  3.36e-02	5.03407e-01
  6.87e-02	  3.41e-02	5.02778e-01
  6.87e-02	  3.46e-02	5.02015e-01
  6.87e-02	  3.52e-02	5.01100e-01
  6.87e-02	  3.57e-02	5.00011e-01
  6.87e-02	  3.62e-02	4.98719e-01
  6.87e-02	  3.67e-02	4.97188e-01
  6.87e-02	  3.72e-02	4.95370e-01
  6.87e-02	  3.78e-02	4.93195e-01
  6.87e-02	  3.83e-02	4.90562e-01
  6.87e-02	  3.88e-02	4.87315e-01
  6.87e-02	  3.93e-02	4.83194e-01
  6.87e-02	  3.98e-02	4.73459e-01
  6.87e-02	  4.04e-02	2.36070e-33
  6.87e-02	  4.09e-02	3.54052e-66
  6.87e-02	  4.14e-02	5.30998e-99
  6.87e-02	  4.19e-02	7.96376e-132
  6.87e-02	  4.24e-02	1.19438e-164
  6.87e-02	  4.30e-02	1.79129e-197
  6.87e-02	  4.35e-02	2.68652e-230
  6.87e-02	  4.40e-02	4.02915e-263
  6.87e-02	  4.45e-02	6.04277e-296
  6.87e-02	  4.51e-02	0.00000e+00
  6.87e-02	  4.56e-02	0.00000e+00
  6.87e-02	  4.61e-02	0.00000e+00
  6.87e-02	  4.66e-02	0.00000e+00
  6.87e-02	  4.71e-02	0.00000e+00
  6.87e-02	  4.77e-02	0.00000e+00
  6.87e-02	  4.82e-02	0.00000e+00
  6.87e-02	  4.87e-02	0.00000e+00
  6.87e-02	  4.92e-02	0.00000e+00
  6.87e-02	  4.97e-02	0.00000e+00

  6.95e-02	  2.60e-04	0.00000e+00
  6.95e-02	  7.81e-04	0.00000e+00
  6.95e-02	  1.30e-03	0.00000e+00
  6.95e-02	  1.82e-03	0.00000e+00
  6.95e-02	  2.34e-03	0.00000e+00
  6.95e-02	  2.86e-03	0.00000e+00
  6.95e-02	  3.39e-03	0.00000e+00
  6.95e-02	  3.91e-03	0.00000e+00
  6.95e-02	  4.43e-03	0.00000e+00
  6.95e-02	  4.95e-03	6.00990e-296
  6.95e-02	  5.47e-03	4.00730e-263
  6.95e-02	  5.99e-03	2.67199e-230
  6.95e-02	  6.51e-03	1.78163e-197
  6.95e-02	  7.03e-03	1.18796e-164
  6.95e-02	  7.55e-03	7.92104e-132
  6.95e-02	  8.07e-03	5.28158e-99
  6.95e-02	  8.59e-03	3.52164e-66
  6.95e-02	  9.11e-03	2.34814e-33
  6.95e-02	  9.64e-03	4.71596e-01
  6.95e-02	  1.02e-02	4.81673e-01
  6.95e-02	  1.07e-02	4.85932e-01
  6.95e-02	  1.12e-02	4.89279e-01
  6.95e-02	  1.17e-02	4.91992e-01
  6.95e-02	  1.22e-02	4.94236e-01
  6.95e-02	  1.28e-02	4.96116e-01
  6.95e-02	  1.33e-02	4.97704e-01
  6.95e-02	  1.38e-02	4.99051e-01
  6.95e-02	  1.43e-02	5.00194e-01
  6.95e-02	  1.48e-02	5.01163e-01
  6.95e-02	  1.54e-02	5.01979e-01
  6.95e-02	  1.59e-02	5.02663e-01
  6.95e-02	  1.64e-02	5.03229e-01
  6.95e-02	  1.69e-02	5.03692e-01
  6.95e-02	  1.74e-02	5.04064e-01
  6.95e-02	  1.80e-02	5.04357e-01
  6.95e-02	  1.85e-02	5.04581e-01
  6.95e-02	  1.90e-02	5.04747e-01
  6.95e-02	  1.95e-02	5.04863e-01
  6.95e-02	  2.01e-02	5.04940e-01
  6.95e-02	  2.06e-02	5.04986e-01
  6.95e-02	  2.11e-02	5.05009e-01
  6.95e-02	  2.16e-02	5.05015e-01
  6.95e-02	  2.21e-02	5.05013e-01
  6.95e-02	  2.27e-02	5.05008e-01
  6.95e-02	  2.32e-02	5.05005e-01
  6.95e-02	  2.37e-02	5.05008e-01
  6.95e-02	  2.42e-02	5.05020e-01
  6.95e-02	  2.47e-02	5.05042e-01
  6.95e-02	  2.53e-02	5.05075e-01
  6.95e-02	  2.58e-02	5.05119e-01
  6.95e-02	  2.63e-02	5.05170e-01
  6.95e-02	  2.68e-02	5.05228e-01
  6.95e-02	  2.73e-02	5.05287e-01
  6.95e-02	  2.79e-02	5.05342e-01
  6.95e-02	  2.84e-02	5.05387e-01
  6.95e-02	  2.89e-02	5.05415e-01
  6.95e-02	  2.94e-02	5.05419e-01
  6.95e-02	  2.99e-02	5.05390e-01
  6.95e-02	  3.05e-02	5.05320e-01
  6.95e-02	  3.10e-02	5.05199e-01
  6.95e-02	  3.15e-02	5.05018e-01
  6.95e-02	  3.20e-02	5.04766e-01
  6.95e-02	  3.26e-02	5.04432e-01
  6.95e-02	  3.31e-02	5.04005e-01
  6.95e-02	  3.36e-02	5.03472e-01
  6.95e-02	  3.41e-02	5.02818e-01
  6.95e-02	  3.46e-02	5.02028e-01
  6.95e-02	  3.52e-02	5.01083e-01
  6.95e-02	  3.57e-02	4.99960e-01
  6.95e-02	  3.62e-02	4.98629e-01
  6.95e-02	  3.67e-02	4.97053e-01
  6.95e-02	  3.72e-02	4.95180e-01
  6.95e-02	  3.78e-02	4.92939e-01
  6.95e-02	  3.83e-02	4.90222e-01
  6.95e-02	  3.88e-02	4.86861e-01
  6.95e-02	  3.93e-02	4.82579e-01
  6.95e-02	  3.98e-02	4.72434e-01
  6.95e-02	  4.04e-02	2.35379e-33
  6.95e-02	  4.09e-02	3.53013e-66
  6.95e-02	  4.14e-02	5.29435e-99
  6.95e-02	  4.19e-02	7.94024e-132
  6.95e-02	  4.24e-02	1.19084e-164
  6.95e-02	  4.30e-02	1.78597e-197
  6.95e-02	  4.35e-02	2.67852e-230
  6.95e-02	  4.40e-02	4.01711e-263
  6.95e-02	  4.45e-02	6.02466e-296
  6.95e-02	  4.51e-02	0.00000e+00
  6.95e-02	  4.56e-02	0.00000e+00
  6.95e-02	  4.61e-02	0.00000e+00
  6.95e-02	  4.66e-02	0.00000e+00
  6.95e-02	  4.71e-02	0.00000e+00
  6.95e-02	  4.77e-02	0.00000e+00
  6.95e-02	  4.82e-02	0.00000e+00
  6.95e-02	  4.87e-02	0.00000e+00
  6.95e-02	  4.92e-02	0.00000e+00
  6.95e-02	  4.97e-02	0.00000e+00

  7.03e-02	  2.60e-04	0.00000e+00
  7.03e-02	  7.81e-04	0.00000e+00
  7.03e-02	  1.30e-03	0.00000e+00
  7.03e-02	  1.82e-03	0.00000e+00
  7.03e-02	  2.34e-03	0.00000e+00
  7.03e-02	  2.86e-03	0.00000e+00
  7.03e-02	  3.39e-03	0.00000e+00
  7.03e-02	  3.91e-03	0.00000e+00
  7.03e-02	  4.43e-03	0.00000e+00
  7.03e-02	  4.95e-03	5.99141e-296
  7.03e-02	  5.47e-03	3.99500e-263
  7.03e-02	  5.99e-03	2.66382e-230
  7.03e-02	  6.51e-03	1.77620e-197
  7.03e-02	  7.03e-03	1.18434e-164
  7.03e-02	  7.55e-03	7.89702e-132
  7.03e-02	  8.07e-03	5.26561e-99
  7.03e-02	  8.59e-03	3.51102e-66
  7.03e-02	  9.11e-03	2.34108e-33
  7.03e-02	  9.64e-03	4.70548e-01
  7.03e-02	  1.02e-02	4.81044e-01
  7.03e-02	  1.07e-02	4.85469e-01
  7.03e-02	  1.12e-02	4.88932e-01
  7.03e-02	  1.17e-02	4.91730e-01
  7.03e-02	  1.22e-02	4.94041e-01
  7.03e-02	  1.28e-02	4.95975e-01
  7.03e-02	  1.33e-02	4.97609e-01
  7.03e-02	  1.38e-02	4.98995e-01
  7.03e-02	  1.43e-02	5.00173e-01
  7.03e-02	  1.48e-02	5.01172e-01
  7.03e-02	  1.54e-02	5.02016e-01
  7.03e-02	  1.59e-02	5.02724e-01
  7.03e-02	  1.64e-02	5.03312e-01
  7.03e-02	  1.69e-02	5.03795e-01
  7.03e-02	  1.74e-02	5.04186e-01
  7.03e-02	  1.80e-02	5.04496e-01
  7.03e-02	  1.85e-02	5.04736e-01
  7.03e-02	  1.90e-02	5.04915e-01
  7.03e-02	  1.95e-02	5.05045e-01
  7.03e-02	  2.01e-02	5.05133e-01
  7.03e-02	  2.06e-02	5.05189e-01
  7.03e-02	  2.11e-02	5.05221e-01
  7.03e-02	  2.16e-02	5.05236e-01
  7.03e-02	  2.21e-02	5.05241e-01
  7.03e-02	  2.27e-02	5.05242e-01
  7.03e-02	  2.32e-02	5.05243e-01
  7.03e-02	  2.37e-02	5.05249e-01
  7.03e-02	  2.42e-02	5.05263e-01
  7.03e-02	  2.47e-02	5.05286e-01
  7.03e-02	  2.53e-02	5.05318e-01
  7.03e-02	  2.58e-02	5.05360e-01
  7.03e-02	  2.63e-02	5.05409e-01
  7.03e-02	  2.68e-02	5.05463e-01
  7.03e-02	  2.73e-02	5.05516e-01
  7.03e-02	  2.79e-02	5.05565e-01
  7.03e-02	  2.84e-02	5.05602e-01
  7.03e-02	  2.89e-02	5.05622e-01
  7.03e-02	  2.94e-02	5.05616e-01
  7.03e-02	  2.99e-02	5.05576e-01
  7.03e-02	  3.05e-02	5.05493e-01
  7.03e-02	  3.10e-02	5.05359e-01
  7.03e-02	  3.15e-02	5.05162e-01
  7.03e-02	  3.20e-02	5.04893e-01
  7.03e-02	  3.26e-02	5.04541e-01
  7.03e-02	  3.31e-02	5.04094e-01
  7.03e-02	  3.36e-02	5.03538e-01
  7.03e-02	  3.41e-02	5.02860e-01
  7.03e-02	  3.46e-02	5.02044e-01
  7.03e-02	  3.52e-02	5.01068e-01
  7.03e-02	  3.57e-02	4.99911e-01
  7.03e-02	  3.62e-02	4.98541e-01
  7.03e-02	  3.67e-02	4.96919e-01
  7.03e-02	  3.72e-02	4.94992e-01
  7.03e-02	  3.78e-02	4.92683e-01
  7.03e-02	  3.83e-02	4.89880e-01
  7.03e-02	  3.88e-02	4.86404e-01
  7.03e-02	  3.93e-02	4.81955e-01
  7.03e-02	  3.98e-02	4.71389e-01
  7.03e-02	  4.04e-02	2.34674e-33
  7.03e-02	  4.09e-02	3.51953e-66
  7.03e-02	  4.14e-02	5.27840e-99
  7.03e-02	  4.19e-02	7.91625e-132
  7.03e-02	  4.24e-02	1.18723e-164
  7.03e-02	  4.30e-02	1.78054e-197
  7.03e-02	  4.35e-02	2.67035e-230
  7.03e-02	  4.40e-02	4.00483e-263
  7.03e-02	  4.45e-02	6.00618e-296
  7.03e-02	  4.51e-02	0.00000e+00
  7.03e-02	  4.56e-02	0.00000e+00
  7.03e-02	  4.61e-02	0.00000e+00
  7.03e-02	  4.66e-02	0.00000e+00
  7.03e-02	  4.71e-02	0.00000e+00
  7.03e-02	  4.77e-02	0.00000e+00
  7.03e-02	  4.82e-02	0.00000e+00
  7.03e-02	  4.87e-02	0.00000e+00
  7.03e-02	  4.92e-02	0.00000e+00
  7.03e-02	  4.97e-02	0.00000e+00

  7.11e-02	  2.60e-04	0.00000e+00
  7.11e-02	  7.81e-04	0.00000e+00
  7.11e-02	  1.30e-03	0.00000e+00
  7.11e-02	  1.82e-03	0.00000e+00
  7.11e-02	  2.34e-03	0.00000e+00
  7.11e-02	  2.86e-03	0.00000e+00
  7.11e-02	  3.39e-03	0.00000e+00
  7.11e-02	  3.91e-03	0.00000e+00
  7.11e-02	  4.43e-03	0.00000e+00
  7.11e-02	  4.95e-03	5.97255e-296
  7.11e-02	  5.47e-03	3.98247e-263
  7.11e-02	  5.99e-03	2.65548e-230
  7.11e-02	  6.51e-03	1.77066e-197
  7.11e-02	  7.03e-03	1.18066e-164
  7.11e-02	  7.55e-03	7.87253e-132
  7.11e-02	  8.07e-03	5.24932e-99
  7.11e-02	  8.59e-03	3.50019e-66
  7.11e-02	  9.11e-03	2.33389e-33
  7.11e-02	  9.64e-03	4.69479e-01
  7.11e-02	  1.02e-02	4.80408e-01
  7.11e-02	  1.07e-02	4.85003e-01
  7.11e-02	  1.12e-02	4.88584e-01
  7.11e-02	  1.17e-02	4.91469e-01
  7.11e-02	  1.22e-02	4.93848e-01
  7.11e-02	  1.28e-02	4.95837e-01
  7.11e-02	  1.33e-02	4.97517e-01
  7.11e-02	  1.38e-02	4.98942e-01
  7.11e-02	  1.43e-02	5.00154e-01
  7.11e-02	  1.48e-02	5.01183e-01
  7.11e-02	  1.54e-02	5.02054e-01
  7.11e-02	  1.59e-02	5.02786e-01
  7.11e-02	  1.64e-02	5.03397e-01
  7.11e-02	  1.69e-02	5.03900e-01
  7.11e-02	  1.74e-02	5.04309e-01
  7.11e-02	  1.80e-02	5.04636e-01
  7.11e-02	  1.85e-02	5.04891e-01
  7.11e-02	  1.90e-02	5.05085e-01
  7.11e-02	  1.95e-02	5.05228e-01
  7.11e-02	  2.01e-02	5.05328e-01
  7.11e-02	  2.06e-02	5.05394e-01
  7.11e-02	  2.11e-02	5.05435e-01
  7.11e-02	  2.16e-02	5.05458e-01
  7.11e-02	  2.21e-02	5.05469e-01
  7.11e-02	  2.27e-02	5.05475e-01
  7.11e-02	  2.32e-02	5.05481e-01
  7.11e-02	  2.37e-02	5.05490e-01
  7.11e-02	  2.42e-02	5.05506e-01
  7.11e-02	  2.47e-02	5.05530e-01
  7.11e-02	  2.53e-02	5.05562e-01
  7.11e-02	  2.58e-02	5.05602e-01
  7.11e-02	  2.63e-02	5.05649e-01
  7.11e-02	  2.68e-02	5.05698e-01
  7.11e-02	  2.73e-02	5.05747e-01
  7.11e-02	  2.79e-02	5.05789e-01
  7.11e-02	  2.84e-02	5.05819e-01
  7.11e-02	  2.89e-02	5.05830e-01
  7.11e-02	  2.94e-02	5.05814e-01
  7.11e-02	  2.99e-02	5.05763e-01
  7.11e-02	  3.05e-02	5.05667e-01
  7.11e-02	  3.10e-02	5.05519e-01
  7.11e-02	  3.15e-02	5.05307e-01
  7.11e-02	  3.20e-02	5.05022e-01
  7.11e-02	  3.26e-02	5.04651e-01
  7.11e-02	  3.31e-02	5.04184e-01
  7.11e-02	  3.36e-02	5.03606e-01
  7.11e-02	  3.41e-02	5.02904e-01
  7.11e-02	  3.46e-02	5.02061e-01
  7.11e-02	  3.52e-02	5.01055e-01
  7.11e-02	  3.57e-02	4.99864e-01
  7.11e-02	  3.62e-02	4.98455e-01
  7.11e-02	  3.67e-02	4.96787e-01
  7.11e-02	  3.72e-02	4.94805e-01
  7.11e-02	  3.78e-02	4.92428e-01
  7.11e-02	  3.83e-02	4.89538e-01
  7.11e-02	  3.88e-02	4.85944e-01
  7.11e-02	  3.93e-02	4.81323e-01
  7.11e-02	  3.98e-02	4.70321e-01
  7.11e-02	  4.04e-02	2.33955e-33
  7.11e-02	  4.09e-02	3.50871e-66
  7.11e-02	  4.14e-02	5.26213e-99
  7.11e-02	  4.19e-02	7.89179e-132
  7.11e-02	  4.24e-02	1.18355e-164
  7.11e-02	  4.30e-02	1.77501e-197
  7.11e-02	  4.35e-02	2.66203e-230
  7.11e-02	  4.40e-02	3.99231e-263
  7.11e-02	  4.45e-02	5.98735e-296
  7.11e-02	  4.51e-02	0.00000e+00
  7.11e-02	  4.56e-02	0.00000e+00
  7.11e-02	  4.61e-02	0.00000e+00
  7.11e-02	  4.66e-02	0.00000e+00
  7.11e-02	  4.71e-02	0.00000e+00
  7.11e-02	  4.77e-02	0.00000e+00
  7.11e-02	  4.82e-02	0.00000e+00
  7.11e-02	  4.87e-02	0.00000e+00
  7.11e-02	  4.92e-02	0.00000e+00
  7.11e-02	  4.97e-02	0.00000e+00

  7.19e-02	  2.60e-04	0.00000e+00
  7.19e-02	  7.81e-04	0.00000e+00
  7.19e-02	  1.30e-03	0.00000e+00
  7.19e-02	  1.82e-03	0.00000e+00
  7.19e-02	  2.34e-03	0.00000e+00
  7.19e-02	  2.86e-03	0.00000e+00
  7.19e-02	  3.39e-03	0.00000e+00
  7.19e-02	  3.91e-03	0.00000e+00
  7.19e-02	  4.43e-03	0.00000e+00
  7.19e-02	  4.95e-03	5.95335e-296
  7.19e-02	  5.47e-03	3.96970e-263
  7.19e-02	  5.99e-03	2.64699e-230
  7.19e-02	  6.51e-03	1.76501e-197
  7.19e-02	  7.03e-03	1.17691e-164
  7.19e-02	  7.55e-03	7.84757e-132
  7.19e-02	  8.07e-03	5.23273e-99
  7.19e-02	  8.59e-03	3.48916e-66
  7.19e-02	  9.11e-03	2.32655e-33
  7.19e-02	  9.64e-03	4.68388e-01
  7.19e-02	  1.02e-02	4.79765e-01
  7.19e-02	  1.07e-02	4.84535e-01
  7.19e-02	  1.12e-02	4.88235e-01
  7.19e-02	  1.17e-02	4.91209e-01
  7.19e-02	  1.22e-02	4.93656e-01
  7.19e-02	  1.28e-02	4.95701e-01
  7.19e-02	  1.33e-02	4.97426e-01
  7.19e-02	  1.38e-02	4.98891e-01
  7.19e-02	  1.43e-02	5.00137e-01
  7.19e-02	  1.48e-02	5.01196e-01
  7.19e-02	  1.54e-02	5.02094e-01
  7.19e-02	  1.59e-02	5.02850e-01
  7.19e-02	  1.64e-02	5.03483e-01
  7.19e-02	  1.69e-02	5.04007e-01
  7.19e-02	  1.74e-02	5.04434e-01
  7.19e-02	  1.80e-02	5.04778e-01
  7.19e-02	  1.85e-02	5.05048e-01
  7.19e-02	  1.90e-02	5.05256e-01
  7.19e-02	  1.95e-02	5.05411e-01
  7.19e-02	  2.01e-02	5.05523e-01
  7.19e-02	  2.06e-02	5.05599e-01
  7.19e-02	  2.11e-02	5.05649e-01
  7.19e-02	  2.16e-02	5.05680e-01
  7.19e-02	  2.21e-02	5.05698e-01
  7.19e-02	  2.27e-02	5.05710e-01
  7.19e-02	  2.32e-02	5.05720e-01
  7.19e-02	  2.37e-02	5.05732e-01
  7.19e-02	  2.42e-02	5.05750e-01
  7.19e-02	  2.47e-02	5.05774e-01
  7.19e-02	  2.53e-02	5.05806e-01
  7.19e-02	  2.58e-02	5.05845e-01
  7.19e-02	  2.63e-02	5.05889e-01
  7.19e-02	  2.68e-02	5.05935e-01
  7.19e-02	  2.73e-02	5.05978e-01
  7.19e-02	  2.79e-02	5.06014e-01
  7.19e-02	  2.84e-02	5.06036e-01
  7.19e-02	  2.89e-02	5.06038e-01
  7.19e-02	  2.94e-02	5.06012e-01
  7.19e-02	  2.99e-02	5.05950e-01
  7.19e-02	  3.05e-02	5.05843e-01
  7.19e-02	  3.10e-02	5.05680e-01
  7.19e-02	  3.15e-02	5.05454e-01
  7.19e-02	  3.20e-02	5.05151e-01
  7.19e-02	  3.26e-02	5.04763e-01
  7.19e-02	  3.31e-02	5.04276e-01
  7.19e-02	  3.36e-02	5.03676e-01
  7.19e-02	  3.41e-02	5.02950e-01
  7.19e-02	  3.46e-02	5.02080e-01
  7.19e-02	  3.52e-02	5.01044e-01
  7.19e-02	  3.57e-02	4.99819e-01
  7.19e-02	  3.62e-02	4.98370e-01
  7.19e-02	  3.67e-02	4.96657e-01
  7.19e-02	  3.72e-02	4.94619e-01
  7.19e-02	  3.78e-02	4.92174e-01
  7.19e-02	  3.83e-02	4.89195e-01
  7.19e-02	  3.88e-02	4.85481e-01
  7.19e-02	  3.93e-02	4.80684e-01
  7.19e-02	  3.98e-02	4.69232e-01
  7.19e-02	  4.04e-02	2.33222e-33
  7.19e-02	  4.09e-02	3.49769e-66
  7.19e-02	  4.14e-02	5.24555e-99
  7.19e-02	  4.19e-02	7.86685e-132
  7.19e-02	  4.24e-02	1.17980e-164
  7.19e-02	  4.30e-02	1.76937e-197
  7.19e-02	  4.35e-02	2.65354e-230
  7.19e-02	  4.40e-02	3.97955e-263
  7.19e-02	  4.45e-02	5.96816e-296
  7.19e-02	  4.51e-02	0.00000e+00
  7.19e-02	  4.56e-02	0.00000e+00
  7.19e-02	  4.61e-02	0.00000e+00
  7.19e-02	  4.66e-02	0.00000e+00
  7.19e-02	  4.71e-02	0.00000e+00
  7.19e-02	  4.77e-02	0.00000e+00
  7.19e-02	  4.82e-02	0.00000e+00
  7.19e-02	  4.87e-02	0.00000e+00
  7.19e-02	  4.92e-02	0.00000e+00
  7.19e-02	  4.97e-02	0.00000e+00

  7.27e-02	  2.60e-04	0.00000e+00
  7.27e-02	  7.81e-04	0.00000e+00
  7.27e-02	  1.30e-03	0.00000e+00
  7.27e-02	  1.82e-03	0.00000e+00
  7.27e-02	  2.34e-03	0.00000e+00
  7.27e-02	  2.86e-03	0.00000e+00
  7.27e-02	  3.39e-03	0.00000e+00
  7.27e-02	  3.91e-03	0.00000e+00
  7.27e-02	  4.43e-03	0.00000e+00
  7.27e-02	  4.95e-03	5.93379e-296
  7.27e-02	  5.47e-03	3.95669e-263
  7.27e-02	  5.99e-03	2.63835e-230
  7.27e-02	  6.51e-03	1.75926e-197
  7.27e-02	  7.03e-03	1.17308e-164
  7.27e-02	  7.55e-03	7.82215e-132
  7.27e-02	  8.07e-03	5.21583e-99
  7.27e-02	  8.59e-03	3.47792e-66
  7.27e-02	  9.11e-03	2.31908e-33
  7.27e-02	  9.64e-03	4.67275e-01
  7.27e-02	  1.02e-02	4.79115e-01
  7.27e-02	  1.07e-02	4.84065e-01
  7.27e-02	  1.12e-02	4.87887e-01
  7.27e-02	  1.17e-02	4.90951e-01
  7.27e-02	  1.22e-02	4.93466e-01
  7.27e-02	  1.28e-02	4.95567e-01
  7.27e-02	  1.33e-02	4.97338e-01
  7.27e-02	  1.38e-02	4.98842e-01
  7.27e-02	  1.43e-02	5.00122e-01
  7.27e-02	  1.48e-02	5.01211e-01
  7.27e-02	  1.54e-02	5.02136e-01
  7.27e-02	  1.59e-02	5.02917e-01
  7.27e-02	  1.64e-02	5.03571e-01
  7.27e-02	  1.69e-02	5.04115e-01
  7.27e-02	  1.74e-02	5.04561e-01
  7.27e-02	  1.80e-02	5.04921e-01
  7.27e-02	  1.85e-02	5.05206e-01
  7.27e-02	  1.90e-02	5.05428e-01
  7.27e-02	  1.95e-02	5.05596e-01
  7.27e-02	  2.01e-02	5.05719e-01
  7.27e-02	  2.06e-02	5.05806e-01
  7.27e-02	  2.11e-02	5.05865e-01
  7.27e-02	  2.16e-02	5.05903e-01
  7.27e-02	  2.21e-02	5.05928e-01
  7.27e-02	  2.27e-02	5.05945e-01
  7.27e-02	  2.32e-02	5.05959e-01
  7.27e-02	  2.37e-02	5.05975e-01
  7.27e-02	  2.42e-02	5.05994e-01
  7.27e-02	  2.47e-02	5.06020e-01
  7.27e-02	  2.53e-02	5.06051e-01
  7.27e-02	  2.58e-02	5.06089e-01
  7.27e-02	  2.63e-02	5.06130e-01
  7.27e-02	  2.68e-02	5.06171e-01
  7.27e-02	  2.73e-02	5.06209e-01
  7.27e-02	  2.79e-02	5.06239e-01
  7.27e-02	  2.84e-02	5.06254e-01
  7.27e-02	  2.89e-02	5.06248e-01
  7.27e-02	  2.94e-02	5.06212e-01
  7.27e-02	  2.99e-02	5.06139e-01
  7.27e-02	  3.05e-02	5.06019e-01
  7.27e-02	  3.10e-02	5.05843e-01
  7.27e-02	  3.15e-02	5.05601e-01
  7.27e-02	  3.20e-02	5.05283e-01
  7.27e-02	  3.26e-02	5.04876e-01
  7.27e-02	  3.31e-02	5.04369e-01
  7.27e-02	  3.36e-02	5.03748e-01
  7.27e-02	  3.41e-02	5.02998e-01
  7.27e-02	  3.46e-02	5.02101e-01
  7.27e-02	  3.52e-02	5.01035e-01
  7.27e-02	  3.57e-02	4.99775e-01
  7.27e-02	  3.62e-02	4.98288e-01
  7.27e-02	  3.67e-02	4.96528e-01
  7.27e-02	  3.72e-02	4.94435e-01
  7.27e-02	  3.78e-02	4.91921e-01
  7.27e-02	  3.83e-02	4.88852e-01
  7.27e-02	  3.88e-02	4.85016e-01
  7.27e-02	  3.93e-02	4.80038e-01
  7.27e-02	  3.98e-02	4.68121e-01
  7.27e-02	  4.04e-02	2.32476e-33
  7.27e-02	  4.09e-02	3.48646e-66
  7.27e-02	  4.14e-02	5.22866e-99
  7.27e-02	  4.19e-02	7.84144e-132
  7.27e-02	  4.24e-02	1.17598e-164
  7.27e-02	  4.30e-02	1.76362e-197
  7.27e-02	  4.35e-02	2.64490e-230
  7.27e-02	  4.40e-02	3.96655e-263
  7.27e-02	  4.45e-02	5.94861e-296
  7.27e-02	  4.51e-02	0.00000e+00
  7.27e-02	  4.56e-02	0.00000e+00
  7.27e-02	  4.61e-02	0.00000e+00
  7.27e-02	  4.66e-02	0.00000e+00
  7.27e-02	  4.71e-02	0.00000e+00
  7.27e-02	  4.77e-02	0.00000e+00
  7.27e-02	  4.82e-02	0.00000e+00
  7.27e-02	  4.87e-02	0.00000e+00
  7.27e-02	  4.92e-02	0.00000e+00
  7.27e-02	  4.97e-02	0.00000e+00

  7.34e-02	  2.60e-04	0.00000e+00
  7.34e-02	  7.81e-04	0.00000e+00
  7.34e-02	  1.30e-03	0.00000e+00
  7.34e-02	  1.82e-03	0.00000e+00
  7.34e-02	  2.34e-03	0.00000e+00
  7.34e-02	  2.86e-03	0.00000e+00
  7.34e-02	  3.39e-03	0.00000e+00
  7.34e-02	  3.91e-03	0.00000e+00
  7.34e-02	  4.43e-03	0.00000e+00
  7.34e-02	  4.95e-03	5.91388e-296
  7.34e-02	  5.47e-03	3.94345e-263
  7.34e-02	  5.99e-03	2.62954e-230
  7.34e-02	  6.51e-03	1.75341e-197
  7.34e-02	  7.03e-03	1.16919e-164
  7.34e-02	  7.55e-03	7.79628e-132
  7.34e-02	  8.07e-03	5.19862e-99
  7.34e-02	  8.59e-03	3.46648e-66
  7.34e-02	  9.11e-03	2.31147e-33
  7.34e-02	  9.64e-03	4.66142e-01
  7.34e-02	  1.02e-02	4.78457e-01
  7.34e-02	  1.07e-02	4.83592e-01
  7.34e-02	  1.12e-02	4.87539e-01
  7.34e-02	  1.17e-02	4.90693e-01
  7.34e-02	  1.22e-02	4.93279e-01
  7.34e-02	  1.28e-02	4.95435e-01
  7.34e-02	  1.33e-02	4.97252e-01
  7.34e-02	  1.38e-02	4.98795e-01
  7.34e-02	  1.43e-02	5.00109e-01
  7.34e-02	  1.48e-02	5.01229e-01
  7.34e-02	  1.54e-02	5.02180e-01
  7.34e-02	  1.59e-02	5.02985e-01
  7.34e-02	  1.64e-02	5.03661e-01
  7.34e-02	  1.69e-02	5.04225e-01
  7.34e-02	  1.74e-02	5.04688e-01
  7.34e-02	  1.80e-02	5.05065e-01
  7.34e-02	  1.85e-02	5.05366e-01
  7.34e-02	  1.90e-02	5.05601e-01
  7.34e-02	  1.95e-02	5.05782e-01
  7.34e-02	  2.01e-02	5.05916e-01
  7.34e-02	  2.06e-02	5.06013e-01
  7.34e-02	  2.11e-02	5.06080e-01
  7.34e-02	  2.16e-02	5.06127e-01
  7.34e-02	  2.21e-02	5.06158e-01
  7.34e-02	  2.27e-02	5.06180e-01
  7.34e-02	  2.32e-02	5.06199e-01
  7.34e-02	  2.37e-02	5.06218e-01
  7.34e-02	  2.42e-02	5.06239e-01
  7.34e-02	  2.47e-02	5.06265e-01
  7.34e-02	  2.53e-02	5.06296e-01
  7.34e-02	  2.58e-02	5.06332e-01
  7.34e-02	  2.63e-02	5.06370e-01
  7.34e-02	  2.68e-02	5.06408e-01
  7.34e-02	  2.73e-02	5.06442e-01
  7.34e-02	  2.79e-02	5.06465e-01
  7.34e-02	  2.84e-02	5.06473e-01
  7.34e-02	  2.89e-02	5.06458e-01
  7.34e-02	  2.94e-02	5.06412e-01
  7.34e-02	  2.99e-02	5.06328e-01
  7.34e-02	  3.05e-02	5.06196e-01
  7.34e-02	  3.10e-02	5.06007e-01
  7.34e-02	  3.15e-02	5.05750e-01
  7.34e-02	  3.20e-02	5.05415e-01
  7.34e-02	  3.26e-02	5.04991e-01
  7.34e-02	  3.31e-02	5.04464e-01
  7.34e-02	  3.36e-02	5.03821e-01
  7.34e-02	  3.41e-02	5.03047e-01
  7.34e-02	  3.46e-02	5.02123e-01
  7.34e-02	  3.52e-02	5.01028e-01
  7.34e-02	  3.57e-02	4.99735e-01
  7.34e-02	  3.62e-02	4.98208e-01
  7.34e-02	  3.67e-02	4.96402e-01
  7.34e-02	  3.72e-02	4.94253e-01
  7.34e-02	  3.78e-02	4.91669e-01
  7.34e-02	  3.83e-02	4.88510e-01
  7.34e-02	  3.88e-02	4.84548e-01
  7.34e-02	  3.93e-02	4.79384e-01
  7.34e-02	  3.98e-02	4.66988e-01
  7.34e-02	  4.04e-02	2.31715e-33
  7.34e-02	  4.09e-02	3.47502e-66
  7.34e-02	  4.14e-02	5.21146e-99
  7.34e-02	  4.19e-02	7.81557e-132
  7.34e-02	  4.24e-02	1.17209e-164
  7.34e-02	  4.30e-02	1.75777e-197
  7.34e-02	  4.35e-02	2.63610e-230
  7.34e-02	  4.40e-02	3.95331e-263
  7.34e-02	  4.45e-02	5.92870e-296
  7.34e-02	  4.51e-02	0.00000e+00
  7.34e-02	  4.56e-02	0.00000e+00
  7.34e-02	  4.61e-02	0.00000e+00
  7.34e-02	  4.66e-02	0.00000e+00
  7.34e-02	  4.71e-02	0.00000e+00
  7.34e-02	  4.77e-02	0.00000e+00
  7.34e-02	  4.82e-02	0.00000e+00
  7.34e-02	  4.87e-02	0.00000e+00
  7.34e-02	  4.92e-02	0.00000e+00
  7.34e-02	  4.97e-02	0.00000e+00

  7.42e-02	  2.60e-04	0.00000e+00
  7.42e-02	  7.81e-04	0.00000e+00
  7.42e-02	  1.30e-03	0.00000e+00
  7.42e-02	  1.82e-03	0.00000e+00
  7.42e-02	  2.34e-03	0.00000e+00
  7.42e-02	  2.86e-03	0.00000e+00
  7.42e-02	  3.39e-03	0.00000e+00
  7.42e-02	  3.91e-03	0.00000e+00
  7.42e-02	  4.43e-03	0.00000e+00
  7.42e-02	  4.95e-03	5.89361e-296
  7.42e-02	  5.47e-03	3.92998e-263
  7.42e-02	  5.99e-03	2.62058e-230
  7.42e-02	  6.51e-03	1.74745e-197
  7.42e-02	  7.03e-03	1.16523e-164
  7.42e-02	  7.55e-03	7.76993e-132
  7.42e-02	  8.07e-03	5.18110e-99
  7.42e-02	  8.59e-03	3.45483e-66
  7.42e-02	  9.11e-03	2.30372e-33
  7.42e-02	  9.64e-03	4.64986e-01
  7.42e-02	  1.02e-02	4.77792e-01
  7.42e-02	  1.07e-02	4.83118e-01
  7.42e-02	  1.12e-02	4.87191e-01
  7.42e-02	  1.17e-02	4.90437e-01
  7.42e-02	  1.22e-02	4.93093e-01
  7.42e-02	  1.28e-02	4.95305e-01
  7.42e-02	  1.33e-02	4.97169e-01
  7.42e-02	  1.38e-02	4.98751e-01
  7.42e-02	  1.43e-02	5.00099e-01
  7.42e-02	  1.48e-02	5.01248e-01
  7.42e-02	  1.54e-02	5.02226e-01
  7.42e-02	  1.59e-02	5.03055e-01
  7.42e-02	  1.64e-02	5.03753e-01
  7.42e-02	  1.69e-02	5.04336e-01
  7.42e-02	  1.74e-02	5.04818e-01
  7.42e-02	  1.80e-02	5.05211e-01
  7.42e-02	  1.85e-02	5.05526e-01
  7.42e-02	  1.90e-02	5.05776e-01
  7.42e-02	  1.95e-02	5.05968e-01
  7.42e-02	  2.01e-02	5.06113e-01
  7.42e-02	  2.06e-02	5.06220e-01
  7.42e-02	  2.11e-02	5.06297e-01
  7.42e-02	  2.16e-02	5.06351e-01
  7.42e-02	  2.21e-02	5.06388e-01
  7.42e-02	  2.27e-02	5.06416e-01
  7.42e-02	  2.32e-02	5.06439e-01
  7.42e-02	  2.37e-02	5.06461e-01
  7.42e-02	  2.42e-02	5.06484e-01
  7.42e-02	  2.47e-02	5.06511e-01
  7.42e-02	  2.53e-02	5.06542e-01
  7.42e-02	  2.58e-02	5.06576e-01
  7.42e-02	  2.63e-02	5.06612e-01
  7.42e-02	  2.68e-02	5.06646e-01
  7.42e-02	  2.73e-02	5.06674e-01
  7.42e-02	  2.79e-02	5.06691e-01
  7.42e-02	  2.84e-02	5.06692e-01
  7.42e-02	  2.89e-02	5.06668e-01
  7.42e-02	  2.94e-02	5.06613e-01
  7.42e-02	  2.99e-02	5.06518e-01
  7.42e-02	  3.05e-02	5.06374e-01
  7.42e-02	  3.10e-02	5.06171e-01
  7.42e-02	  3.15e-02	5.05900e-01
  7.42e-02	  3.20e-02	5.05549e-01
  7.42e-02	  3.26e-02	5.05107e-01
  7.42e-02	  3.31e-02	5.04560e-01
  7.42e-02	  3.36e-02	5.03896e-01
  7.42e-02	  3.41e-02	5.03099e-01
  7.42e-02	  3.46e-02	5.02148e-01
  7.42e-02	  3.52e-02	5.01023e-01
  7.42e-02	  3.57e-02	4.99696e-01
  7.42e-02	  3.62e-02	4.98130e-01
  7.42e-02	  3.67e-02	4.96278e-01
  7.42e-02	  3.72e-02	4.94073e-01
  7.42e-02	  3.78e-02	4.91418e-01
  7.42e-02	  3.83e-02	4.88167e-01
  7.42e-02	  3.88e-02	4.84078e-01
  7.42e-02	  3.93e-02	4.78723e-01
  7.42e-02	  3.98e-02	4.65834e-01
  7.42e-02	  4.04e-02	2.30940e-33
  7.42e-02	  4.09e-02	3.46337e-66
  7.42e-02	  4.14e-02	5.19394e-99
  7.42e-02	  4.19e-02	7.78922e-132
  7.42e-02	  4.24e-02	1.16813e-164
  7.42e-02	  4.30e-02	1.75181e-197
  7.42e-02	  4.35e-02	2.62714e-230
  7.42e-02	  4.40e-02	3.93983e-263
  7.42e-02	  4.45e-02	5.90842e-296
  7.42e-02	  4.51e-02	0.00000e+00
  7.42e-02	  4.56e-02	0.00000e+00
  7.42e-02	  4.61e-02	0.00000e+00
  7.42e-02	  4.66e-02	0.00000e+00
  7.42e-02	  4.71e-02	0.00000e+00
  7.42e-02	  4.77e-02	0.00000e+00
  7.42e-02	  4.82e-02	0.00000e+00
  7.42e-02	  4.87e-02	0.00000e+00
  7.42e-02	  4.92e-02	0.00000e+00
  7.42e-02	  4.97e-02	0.00000e+00

  7.50e-02	  2.60e-04	0.00000e+00
  7.50e-02	  7.81e-04	0.00000e+00
  7.50e-02	  1.30e-03	0.00000e+00
  7.50e-02	  1.82e-03	0.00000e+00
  7.50e-02	  2.34e-03	0.00000e+00
  7.50e-02	  2.86e-03	0.00000e+00
  7.50e-02	  3.39e-03	0.00000e+00
  7.50e-02	  3.91e-03	0.00000e+00
  7.50e-02	  4.43e-03	0.00000e+00
  7.50e-02	  4.95e-03	5.87299e-296
  7.50e-02	  5.47e-03	3.91626e-263
  7.50e-02	  5.99e-03	2.61146e-230
  7.50e-02	  6.51e-03	1.74139e-197
  7.50e-02	  7.03e-03	1.16120e-164
  7.50e-02	  7.55e-03	7.74311e-132
  7.50e-02	  8.07e-03	5.16327e-99
  7.50e-02	  8.59e-03	3.44297e-66
  7.50e-02	  9.11e-03	2.29584e-33
  7.50e-02	  9.64e-03	4.63809e-01
  7.50e-02	  1.02e-02	4.77121e-01
  7.50e-02	  1.07e-02	4.82641e-01
  7.50e-02	  1.12e-02	4.86844e-01
  7.50e-02	  1.17e-02	4.90183e-01
  7.50e-02	  1.22e-02	4.92909e-01
  7.50e-02	  1.28e-02	4.95177e-01
  7.50e-02	  1.33e-02	4.97088e-01
  7.50e-02	  1.38e-02	4.98709e-01
  7.50e-02	  1.43e-02	5.00091e-01
  7.50e-02	  1.48e-02	5.01270e-01
  7.50e-02	  1.54e-02	5.02274e-01
  7.50e-02	  1.59e-02	5.03127e-01
  7.50e-02	  1.64e-02	5.03846e-01
  7.50e-02	  1.69e-02	5.04449e-01
  7.50e-02	  1.74e-02	5.04948e-01
  7.50e-02	  1.80e-02	5.05357e-01
  7.50e-02	  1.85e-02	5.05688e-01
  7.50e-02	  1.90e-02	5.05951e-01
  7.50e-02	  1.95e-02	5.06155e-01
  7.50e-02	  2.01e-02	5.06312e-01
  7.50e-02	  2.06e-02	5.06428e-01
  7.50e-02	  2.11e-02	5.06514e-01
  7.50e-02	  2.16e-02	5.06575e-01
  7.50e-02	  2.21e-02	5.06619e-01
  7.50e-02	  2.27e-02	5.06652e-01
  7.50e-02	  2.32e-02	5.06679e-01
  7.50e-02	  2.37e-02	5.06704e-01
  7.50e-02	  2.42e-02	5.06729e-01
  7.50e-02	  2.47e-02	5.06757e-01
  7.50e-02	  2.53e-02	5.06787e-01
  7.50e-02	  2.58e-02	5.06820e-01
  7.50e-02	  2.63e-02	5.06853e-01
  7.50e-02	  2.68e-02	5.06883e-01
  7.50e-02	  2.73e-02	5.06907e-01
  7.50e-02	  2.79e-02	5.06918e-01
  7.50e-02	  2.84e-02	5.06911e-01
  7.50e-02	  2.89e-02	5.06879e-01
  7.50e-02	  2.94e-02	5.06815e-01
  7.50e-02	  2.99e-02	5.06709e-01
  7.50e-02	  3.05e-02	5.06553e-01
  7.50e-02	  3.10e-02	5.06337e-01
  7.50e-02	  3.15e-02	5.06051e-01
  7.50e-02	  3.20e-02	5.05684e-01
  7.50e-02	  3.26e-02	5.05224e-01
  7.50e-02	  3.31e-02	5.04658e-01
  7.50e-02	  3.36e-02	5.03973e-01
  7.50e-02	  3.41e-02	5.03152e-01
  7.50e-02	  3.46e-02	5.02175e-01
  7.50e-02	  3.52e-02	5.01021e-01
  7.50e-02	  3.57e-02	4.99659e-01
  7.50e-02	  3.62e-02	4.98054e-01
  7.50e-02	  3.67e-02	4.96156e-01
  7.50e-02	  3.72e-02	4.93894e-01
  7.50e-02	  3.78e-02	4.91169e-01
  7.50e-02	  3.83e-02	4.87825e-01
  7.50e-02	  3.88e-02	4.83606e-01
  7.50e-02	  3.93e-02	4.78054e-01
  7.50e-02	  3.98e-02	4.64657e-01
  7.50e-02	  4.04e-02	2.30152e-33
  7.50e-02	  4.09e-02	3.45150e-66
  7.50e-02	  4.14e-02	5.17610e-99
  7.50e-02	  4.19e-02	7.76240e-132
  7.50e-02	  4.24e-02	1.16409e-164
  7.50e-02	  4.30e-02	1.74574e-197
  7.50e-02	  4.35e-02	2.61801e-230
  7.50e-02	  4.40e-02	3.92611e-263
  7.50e-02	  4.45e-02	5.88779e-296
  7.50e-02	  4.51e-02	0.00000e+00
  7.50e-02	  4.56e-02	0.00000e+00
  7.50e-02	  4.61e-02	0.00000e+00
  7.50e-02	  4.66e-02	0.00000e+00
  7.50e-02	  4.71e-02	0.00000e+00
  7.50e-02	  4.77e-02	0.00000e+00
  7.50e-02	  4.82e-02	0.00000e+00
  7.50e-02	  4.87e-02	0.00000e+00
  7.50e-02	  4.92e-02	0.00000e+00
  7.50e-02	  4.97e-02	0.00000e+00

  7.58e-02	  2.60e-04	0.00000e+00
  7.58e-02	  7.81e-04	0.00000e+00
  7.58e-02	  1.30e-03	0.00000e+00
  7.58e-02	  1.82e-03	0.00000e+00
  7.58e-02	  2.34e-03	0.00000e+00
  7.58e-02	  2.86e-03	0.00000e+00
  7.58e-02	  3.39e-03	0.00000e+00
  7.58e-02	  3.91e-03	0.00000e+00
  7.58e-02	  4.43e-03	0.00000e+00
  7.58e-02	  4.95e-03	5.85199e-296
  7.58e-02	  5.47e-03	3.90230e-263
  7.58e-02	  5.99e-03	2.60218e-230
  7.58e-02	  6.51e-03	1.73521e-197
  7.58e-02	  7.03e-03	1.15709e-164
  7.58e-02	  7.55e-03	7.71583e-132
  7.58e-02	  8.07e-03	5.14513e-99
  7.58e-02	  8.59e-03	3.43091e-66
  7.58e-02	  9.11e-03	2.28782e-33
  7.58e-02	  9.64e-03	4.62610e-01
  7.58e-02	  1.02e-02	4.76440e-01
  7.58e-02	  1.07e-02	4.82164e-01
  7.58e-02	  1.12e-02	4.86499e-01
  7.58e-02	  1.17e-02	4.89931e-01
  7.58e-02	  1.22e-02	4.92728e-01
  7.58e-02	  1.28e-02	4.95053e-01
  7.58e-02	  1.33e-02	4.97010e-01
  7.58e-02	  1.38e-02	4.98670e-01
  7.58e-02	  1.43e-02	5.00085e-01
  7.58e-02	  1.48e-02	5.01294e-01
  7.58e-02	  1.54e-02	5.02324e-01
  7.58e-02	  1.59e-02	5.03200e-01
  7.58e-02	  1.64e-02	5.03941e-01
  7.58e-02	  1.69e-02	5.04563e-01
  7.58e-02	  1.74e-02	5.05080e-01
  7.58e-02	  1.80e-02	5.05505e-01
  7.58e-02	  1.85e-02	5.05851e-01
  7.58e-02	  1.90e-02	5.06127e-01
  7.58e-02	  1.95e-02	5.06343e-01
  7.58e-02	  2.01e-02	5.06511e-01
  7.58e-02	  2.06e-02	5.06637e-01
  7.58e-02	  2.11e-02	5.06731e-01
  7.58e-02	  2.16e-02	5.06800e-01
  7.58e-02	  2.21e-02	5.06850e-01
  7.58e-02	  2.27e-02	5.06889e-01
  7.58e-02	  2.32e-02	5.06920e-01
  7.58e-02	  2.37e-02	5.06947e-01
  7.58e-02	  2.42e-02	5.06975e-01
  7.58e-02	  2.47e-02	5.07003e-01
  7.58e-02	  2.53e-02	5.07033e-01
  7.58e-02	  2.58e-02	5.07064e-01
  7.58e-02	  2.63e-02	5.07095e-01
  7.58e-02	  2.68e-02	5.07121e-01
  7.58e-02	  2.73e-02	5.07140e-01
  7.58e-02	  2.79e-02	5.07145e-01
  7.58e-02	  2.84e-02	5.07131e-01
  7.58e-02	  2.89e-02	5.07091e-01
  7.58e-02	  2.94e-02	5.07017e-01
  7.58e-02	  2.99e-02	5.06900e-01
  7.58e-02	  3.05e-02	5.06732e-01
  7.58e-02	  3.10e-02	5.06503e-01
  7.58e-02	  3.15e-02	5.06203e-01
  7.58e-02	  3.20e-02	5.05820e-01
  7.58e-02	  3.26e-02	5.05343e-01
  7.58e-02	  3.31e-02	5.04758e-01
  7.58e-02	  3.36e-02	5.04052e-01
  7.58e-02	  3.41e-02	5.03207e-01
  7.58e-02	  3.46e-02	5.02204e-01
  7.58e-02	  3.52e-02	5.01020e-01
  7.58e-02	  3.57e-02	4.99625e-01
  7.58e-02	  3.62e-02	4.97981e-01
  7.58e-02	  3.67e-02	4.96036e-01
  7.58e-02	  3.72e-02	4.93718e-01
  7.58e-02	  3.78e-02	4.90922e-01
  7.58e-02	  3.83e-02	4.87483e-01
  7.58e-02	  3.88e-02	4.83132e-01
  7.58e-02	  3.93e-02	4.77377e-01
  7.58e-02	  3.98e-02	4.63458e-01
  7.58e-02	  4.04e-02	2.29349e-33
  7.58e-02	  4.09e-02	3.43943e-66
  7.58e-02	  4.14e-02	5.15794e-99
  7.58e-02	  4.19e-02	7.73509e-132
  7.58e-02	  4.24e-02	1.15999e-164
  7.58e-02	  4.30e-02	1.73957e-197
  7.58e-02	  4.35e-02	2.60872e-230
  7.58e-02	  4.40e-02	3.91214e-263
  7.58e-02	  4.45e-02	5.86678e-296
  7.58e-02	  4.51e-02	0.00000e+00
  7.58e-02	  4.56e-02	0.00000e+00
  7.58e-02	  4.61e-02	0.00000e+00
  7.58e-02	  4.66e-02	0.00000e+00
  7.58e-02	  4.71e-02	0.00000e+00
  7.58e-02	  4.77e-02	0.00000e+00
  7.58e-02	  4.82e-02	0.00000e+00
  7.58e-02	  4.87e-02	0.00000e+00
  7.58e-02	  4.92e-02	0.00000e+00
  7.58e-02	  4.97e-02	0.00000e+00

  7.66e-02	  2.60e-04	0.00000e+00
  7.66e-02	  7.81e-04	0.00000e+00
  7.66e-02	  1.30e-03	0.00000e+00
  7.66e-02	  1.82e-03	0.00000e+00
  7.66e-02	  2.34e-03	0.00000e+00
  7.66e-02	  2.86e-03	0.00000e+00
  7.66e-02	  3.39e-03	0.00000e+00
  7.66e-02	  3.91e-03	0.00000e+00
  7.66e-02	  4.43e-03	0.00000e+00
  7.66e-02	  4.95e-03	5.83064e-296
  7.66e-02	  5.47e-03	3.88810e-263
  7.66e-02	  5.99e-03	2.59274e-230
  7.66e-02	  6.51e-03	1.72893e-197
  7.66e-02	  7.03e-03	1.15292e-164
  7.66e-02	  7.55e-03	7.68805e-132
  7.66e-02	  8.07e-03	5.12666e-99
  7.66e-02	  8.59e-03	3.41863e-66
  7.66e-02	  9.11e-03	2.27965e-33
  7.66e-02	  9.64e-03	4.61388e-01
  7.66e-02	  1.02e-02	4.75754e-01
  7.66e-02	  1.07e-02	4.81685e-01
  7.66e-02	  1.12e-02	4.86153e-01
  7.66e-02	  1.17e-02	4.89680e-01
  7.66e-02	  1.22e-02	4.92549e-01
  7.66e-02	  1.28e-02	4.94931e-01
  7.66e-02	  1.33e-02	4.96934e-01
  7.66e-02	  1.38e-02	4.98633e-01
  7.66e-02	  1.43e-02	5.00082e-01
  7.66e-02	  1.48e-02	5.01320e-01
  7.66e-02	  1.54e-02	5.02376e-01
  7.66e-02	  1.59e-02	5.03276e-01
  7.66e-02	  1.64e-02	5.04038e-01
  7.66e-02	  1.69e-02	5.04679e-01
  7.66e-02	  1.74e-02	5.05213e-01
  7.66e-02	  1.80e-02	5.05654e-01
  7.66e-02	  1.85e-02	5.06014e-01
  7.66e-02	  1.90e-02	5.06303e-01
  7.66e-02	  1.95e-02	5.06532e-01
  7.66e-02	  2.01e-02	5.06710e-01
  7.66e-02	  2.06e-02	5.06846e-01
  7.66e-02	  2.11e-02	5.06949e-01
  7.66e-02	  2.16e-02	5.07025e-01
  7.66e-02	  2.21e-02	5.07082e-01
  7.66e-02	  2.27e-02	5.07125e-01
  7.66e-02	  2.32e-02	5.07160e-01
  7.66e-02	  2.37e-02	5.07191e-01
  7.66e-02	  2.42e-02	5.07220e-01
  7.66e-02	  2.47e-02	5.07249e-01
  7.66e-02	  2.53e-02	5.07279e-01
  7.66e-02	  2.58e-02	5.07309e-01
  7.66e-02	  2.63e-02	5.07336e-01
  7.66e-02	  2.68e-02	5.07359e-01
  7.66e-02	  2.73e-02	5.07373e-01
  7.66e-02	  2.79e-02	5.07372e-01
  7.66e-02	  2.84e-02	5.07351e-01
  7.66e-02	  2.89e-02	5.07303e-01
  7.66e-02	  2.94e-02	5.07219e-01
  7.66e-02	  2.99e-02	5.07092e-01
  7.66e-02	  3.05e-02	5.06913e-01
  7.66e-02	  3.10e-02	5.06671e-01
  7.66e-02	  3.15e-02	5.06356e-01
  7.66e-02	  3.20e-02	5.05957e-01
  7.66e-02	  3.26e-02	5.05463e-01
  7.66e-02	  3.31e-02	5.04859e-01
  7.66e-02	  3.36e-02	5.04132e-01
  7.66e-02	  3.41e-02	5.03264e-01
  7.66e-02	  3.46e-02	5.02235e-01
  7.66e-02	  3.52e-02	5.01022e-01
  7.66e-02	  3.57e-02	4.99593e-01
  7.66e-02	  3.62e-02	4.97910e-01
  7.66e-02	  3.67e-02	4.95919e-01
  7.66e-02	  3.72e-02	4.93544e-01
  7.66e-02	  3.78e-02	4.90676e-01
  7.66e-02	  3.83e-02	4.87143e-01
  7.66e-02	  3.88e-02	4.82657e-01
  7.66e-02	  3.93e-02	4.76694e-01
  7.66e-02	  3.98e-02	4.62236e-01
  7.66e-02	  4.04e-02	2.28532e-33
  7.66e-02	  4.09e-02	3.42714e-66
  7.66e-02	  4.14e-02	5.13946e-99
  7.66e-02	  4.19e-02	7.70730e-132
  7.66e-02	  4.24e-02	1.15581e-164
  7.66e-02	  4.30e-02	1.73328e-197
  7.66e-02	  4.35e-02	2.59927e-230
  7.66e-02	  4.40e-02	3.89793e-263
  7.66e-02	  4.45e-02	5.84541e-296
  7.66e-02	  4.51e-02	0.00000e+00
  7.66e-02	  4.56e-02	0.00000e+00
  7.66e-02	  4.61e-02	0.00000e+00
  7.66e-02	  4.66e-02	0.00000e+00
  7.66e-02	  4.71e-02	0.00000e+00
  7.66e-02	  4.77e-02	0.00000e+00
  7.66e-02	  4.82e-02	0.00000e+00
  7.66e-02	  4.87e-02	0.00000e+00
  7.66e-02	  4.92e-02	0.00000e+00
  7.66e-02	  4.97e-02	0.00000e+00

  7.73e-02	  2.60e-04	0.00000e+00
  7.73e-02	  7.81e-04	0.00000e+00
  7.73e-02	  1.30e-03	0.00000e+00
  7.73e-02	  1.82e-03	0.00000e+00
  7.73e-02	  2.34e-03	0.00000e+00
  7.73e-02	  2.86e-03	0.00000e+00
  7.73e-02	  3.39e-03	0.00000e+00
  7.73e-02	  3.91e-03	0.00000e+00
  7.73e-02	  4.43e-03	0.00000e+00
  7.73e-02	  4.95e-03	5.80894e-296
  7.73e-02	  5.47e-03	3.87367e-263
  7.73e-02	  5.99e-03	2.58314e-230
  7.73e-02	  6.51e-03	1.72255e-197
  7.73e-02	  7.03e-03	1.14867e-164
  7.73e-02	  7.55e-03	7.65982e-132
  7.73e-02	  8.07e-03	5.10788e-99
  7.73e-02	  8.59e-03	3.40614e-66
  7.73e-02	  9.11e-03	2.27135e-33
  7.73e-02	  9.64e-03	4.60144e-01
  7.73e-02	  1.02e-02	4.75062e-01
  7.73e-02	  1.07e-02	4.81204e-01
  7.73e-02	  1.12e-02	4.85809e-01
  7.73e-02	  1.17e-02	4.89432e-01
  7.73e-02	  1.22e-02	4.92373e-01
  7.73e-02	  1.28e-02	4.94811e-01
  7.73e-02	  1.33e-02	4.96860e-01
  7.73e-02	  1.38e-02	4.98599e-01
  7.73e-02	  1.43e-02	5.00081e-01
  7.73e-02	  1.48e-02	5.01348e-01
  7.73e-02	  1.54e-02	5.02431e-01
  7.73e-02	  1.59e-02	5.03353e-01
  7.73e-02	  1.64e-02	5.04136e-01
  7.73e-02	  1.69e-02	5.04796e-01
  7.73e-02	  1.74e-02	5.05348e-01
  7.73e-02	  1.80e-02	5.05805e-01
  7.73e-02	  1.85e-02	5.06179e-01
  7.73e-02	  1.90e-02	5.06481e-01
  7.73e-02	  1.95e-02	5.06722e-01
  7.73e-02	  2.01e-02	5.06910e-01
  7.73e-02	  2.06e-02	5.07056e-01
  7.73e-02	  2.11e-02	5.07167e-01
  7.73e-02	  2.16e-02	5.07250e-01
  7.73e-02	  2.21e-02	5.07313e-01
  7.73e-02	  2.27e-02	5.07362e-01
  7.73e-02	  2.32e-02	5.07401e-01
  7.73e-02	  2.37e-02	5.07435e-01
  7.73e-02	  2.42e-02	5.07466e-01
  7.73e-02	  2.47e-02	5.07495e-01
  7.73e-02	  2.53e-02	5.07525e-01
  7.73e-02	  2.58e-02	5.07553e-01
  7.73e-02	  2.63e-02	5.07578e-01
  7.73e-02	  2.68e-02	5.07597e-01
  7.73e-02	  2.73e-02	5.07606e-01
  7.73e-02	  2.79e-02	5.07600e-01
  7.73e-02	  2.84e-02	5.07572e-01
  7.73e-02	  2.89e-02	5.07515e-01
  7.73e-02	  2.94e-02	5.07422e-01
  7.73e-02	  2.99e-02	5.07285e-01
  7.73e-02	  3.05e-02	5.07094e-01
  7.73e-02	  3.10e-02	5.06839e-01
  7.73e-02	  3.15e-02	5.06510e-01
  7.73e-02	  3.20e-02	5.06096e-01
  7.73e-02	  3.26e-02	5.05584e-01
  7.73e-02	  3.31e-02	5.04962e-01
  7.73e-02	  3.36e-02	5.04214e-01
  7.73e-02	  3.41e-02	5.03322e-01
  7.73e-02	  3.46e-02	5.02268e-01
  7.73e-02	  3.52e-02	5.01025e-01
  7.73e-02	  3.57e-02	4.99563e-01
  7.73e-02	  3.62e-02	4.97841e-01
  7.73e-02	  3.67e-02	4.95804e-01
  7.73e-02	  3.72e-02	4.93373e-01
  7.73e-02	  3.78e-02	4.90432e-01
  7.73e-02	  3.83e-02	4.86803e-01
  7.73e-02	  3.88e-02	4.82181e-01
  7.73e-02	  3.93e-02	4.76005e-01
  7.73e-02	  3.98e-02	4.60992e-01
  7.73e-02	  4.04e-02	2.27700e-33
  7.73e-02	  4.09e-02	3.41464e-66
  7.73e-02	  4.14e-02	5.12067e-99
  7.73e-02	  4.19e-02	7.67904e-132
  7.73e-02	  4.24e-02	1.15156e-164
  7.73e-02	  4.30e-02	1.72689e-197
  7.73e-02	  4.35e-02	2.58967e-230
  7.73e-02	  4.40e-02	3.88348e-263
  7.73e-02	  4.45e-02	5.82369e-296
  7.73e-02	  4.51e-02	0.00000e+00
  7.73e-02	  4.56e-02	0.00000e+00
  7.73e-02	  4.61e-02	0.00000e+00
  7.73e-02	  4.66e-02	0.00000e+00
  7.73e-02	  4.71e-02	0.00000e+00
  7.73e-02	  4.77e-02	0.00000e+00
  7.73e-02	  4.82e-02	0.00000e+00
  7.73e-02	  4.87e-02	0.00000e+00
  7.73e-02	  4.92e-02	0.00000e+00
  7.73e-02	  4.97e-02	0.00000e+00

  7.81e-02	  2.60e-04	0.00000e+00
  7.81e-02	  7.81e-04	0.00000e+00
  7.81e-02	  1.30e-03	0.00000e+00
  7.81e-02	  1.82e-03	0.00000e+00
  7.81e-02	  2.34e-03	0.00000e+00
  7.81e-02	  2.86e-03	0.00000e+00
  7.81e-02	  3.39e-03	0.00000e+00
  7.81e-02	  3.91e-03	0.00000e+00
  7.81e-02	  4.43e-03	0.00000e+00
  7.81e-02	  4.95e-03	5.78689e-296
  7.81e-02	  5.47e-03	3.85901e-263
  7.81e-02	  5.99e-03	2.57339e-230
  7.81e-02	  6.51e-03	1.71606e-197
  7.81e-02	  7.03e-03	1.14436e-164
  7.81e-02	  7.55e-03	7.63113e-132
  7.81e-02	  8.07e-03	5.08880e-99
  7.81e-02	  8.59e-03	3.39345e-66
  7.81e-02	  9.11e-03	2.26291e-33
  7.81e-02	  9.64e-03	4.58879e-01
  7.81e-02	  1.02e-02	4.74364e-01
  7.81e-02	  1.07e-02	4.80723e-01
  7.81e-02	  1.12e-02	4.85466e-01
  7.81e-02	  1.17e-02	4.89185e-01
  7.81e-02	  1.22e-02	4.92199e-01
  7.81e-02	  1.28e-02	4.94694e-01
  7.81e-02	  1.33e-02	4.96789e-01
  7.81e-02	  1.38e-02	4.98567e-01
  7.81e-02	  1.43e-02	5.00082e-01
  7.81e-02	  1.48e-02	5.01378e-01
  7.81e-02	  1.54e-02	5.02487e-01
  7.81e-02	  1.59e-02	5.03432e-01
  7.81e-02	  1.64e-02	5.04236e-01
  7.81e-02	  1.69e-02	5.04914e-01
  7.81e-02	  1.74e-02	5.05483e-01
  7.81e-02	  1.80e-02	5.05956e-01
  7.81e-02	  1.85e-02	5.06344e-01
  7.81e-02	  1.90e-02	5.06660e-01
  7.81e-02	  1.95e-02	5.06912e-01
  7.81e-02	  2.01e-02	5.07111e-01
  7.81e-02	  2.06e-02	5.07266e-01
  7.81e-02	  2.11e-02	5.07385e-01
  7.81e-02	  2.16e-02	5.07476e-01
  7.81e-02	  2.21e-02	5.07545e-01
  7.81e-02	  2.27e-02	5.07599e-01
  7.81e-02	  2.32e-02	5.07642e-01
  7.81e-02	  2.37e-02	5.07678e-01
  7.81e-02	  2.42e-02	5.07711e-01
  7.81e-02	  2.47e-02	5.07742e-01
  7.81e-02	  2.53e-02	5.07771e-01
  7.81e-02	  2.58e-02	5.07797e-01
  7.81e-02	  2.63e-02	5.07820e-01
  7.81e-02	  2.68e-02	5.07835e-01
  7.81e-02	  2.73e-02	5.07840e-01
  7.81e-02	  2.79e-02	5.07827e-01
  7.81e-02	  2.84e-02	5.07792e-01
  7.81e-02	  2.89e-02	5.07728e-01
  7.81e-02	  2.94e-02	5.07626e-01
  7.81e-02	  2.99e-02	5.07478e-01
  7.81e-02	  3.05e-02	5.07276e-01
  7.81e-02	  3.10e-02	5.07008e-01
  7.81e-02	  3.15e-02	5.06665e-01
  7.81e-02	  3.20e-02	5.06236e-01
  7.81e-02	  3.26e-02	5.05707e-01
  7.81e-02	  3.31e-02	5.05066e-01
  7.81e-02	  3.36e-02	5.04297e-01
  7.81e-02	  3.41e-02	5.03383e-01
  7.81e-02	  3.46e-02	5.02303e-01
  7.81e-02	  3.52e-02	5.01031e-01
  7.81e-02	  3.57e-02	4.99536e-01
  7.81e-02	  3.62e-02	4.97775e-01
  7.81e-02	  3.67e-02	4.95691e-01
  7.81e-02	  3.72e-02	4.93203e-01
  7.81e-02	  3.78e-02	4.90190e-01
  7.81e-02	  3.83e-02	4.86463e-01
  7.81e-02	  3.88e-02	4.81703e-01
  7.81e-02	  3.93e-02	4.75310e-01
  7.81e-02	  3.98e-02	4.59726e-01
  7.81e-02	  4.04e-02	2.26856e-33
  7.81e-02	  4.09e-02	3.40194e-66
  7.81e-02	  4.14e-02	5.10157e-99
  7.81e-02	  4.19e-02	7.65033e-132
  7.81e-02	  4.24e-02	1.14724e-164
  7.81e-02	  4.30e-02	1.72040e-197
  7.81e-02	  4.35e-02	2.57991e-230
  7.81e-02	  4.40e-02	3.86881e-263
  7.81e-02	  4.45e-02	5.80162e-296
  7.81e-02	  4.51e-02	0.00000e+00
  7.81e-02	  4.56e-02	0.00000e+00
  7.81e-02	  4.61e-02	0.00000e+00
  7.81e-02	  4.66e-02	0.00000e+00
  7.81e-02	  4.71e-02	0.00000e+00
  7.81e-02	  4.77e-02	0.00000e+00
  7.81e-02	  4.82e-02	0.00000e+00
  7.81e-02	  4.87e-02	0.00000e+00
  7.81e-02	  4.92e-02	0.00000e+00
  7.81e-02	  4.97e-02	0.00000e+00

  7.89e-02	  2.60e-04	0.00000e+00
  7.89e-02	  7.81e-04	0.00000e+00
  7.89e-02	  1.30e-03	0.00000e+00
  7.89e-02	  1.82e-03	0.00000e+00
  7.89e-02	  2.34e-03	0.00000e+00
  7.89e-02	  2.86e-03	0.00000e+00
  7.89e-02	  3.39e-03	0.00000e+00
  7.89e-02	  3.91e-03	0.00000e+00
  7.89e-02	  4.43e-03	0.00000e+00
  7.89e-02	  4.95e-03	5.76451e-296
  7.89e-02	  5.47e-03	3.84412e-263
  7.89e-02	  5.99e-03	2.56349e-230
  7.89e-02	  6.51e-03	1.70948e-197
  7.89e-02	  7.03e-03	1.13998e-164
  7.89e-02	  7.55e-03	7.60201e-132
  7.89e-02	  8.07e-03	5.06943e-99
  7.89e-02	  8.59e-03	3.38057e-66
  7.89e-02	  9.11e-03	2.25434e-33
  7.89e-02	  9.64e-03	4.57592e-01
  7.89e-02	  1.02e-02	4.73660e-01
  7.89e-02	  1.07e-02	4.80240e-01
  7.89e-02	  1.12e-02	4.85123e-01
  7.89e-02	  1.17e-02	4.88941e-01
  7.89e-02	  1.22e-02	4.92027e-01
  7.89e-02	  1.28e-02	4.94579e-01
  7.89e-02	  1.33e-02	4.96721e-01
  7.89e-02	  1.38e-02	4.98537e-01
  7.89e-02	  1.43e-02	5.00086e-01
  7.89e-02	  1.48e-02	5.01411e-01
  7.89e-02	  1.54e-02	5.02545e-01
  7.89e-02	  1.59e-02	5.03513e-01
  7.89e-02	  1.64e-02	5.04337e-01
  7.89e-02	  1.69e-02	5.05034e-01
  7.89e-02	  1.74e-02	5.05620e-01
  7.89e-02	  1.80e-02	5.06108e-01
  7.89e-02	  1.85e-02	5.06511e-01
  7.89e-02	  1.90e-02	5.06839e-01
  7.89e-02	  1.95e-02	5.07103e-01
  7.89e-02	  2.01e-02	5.07312e-01
  7.89e-02	  2.06e-02	5.07477e-01
  7.89e-02	  2.11e-02	5.07604e-01
  7.89e-02	  2.16e-02	5.07702e-01
  7.89e-02	  2.21e-02	5.07777e-01
  7.89e-02	  2.27e-02	5.07836e-01
  7.89e-02	  2.32e-02	5.07883e-01
  7.89e-02	  2.37e-02	5.07922e-01
  7.89e-02	  2.42e-02	5.07957e-01
  7.89e-02	  2.47e-02	5.07988e-01
  7.89e-02	  2.53e-02	5.08016e-01
  7.89e-02	  2.58e-02	5.08042e-01
  7.89e-02	  2.63e-02	5.08062e-01
  7.89e-02	  2.68e-02	5.08074e-01
  7.89e-02	  2.73e-02	5.08073e-01
  7.89e-02	  2.79e-02	5.08055e-01
  7.89e-02	  2.84e-02	5.08013e-01
  7.89e-02	  2.89e-02	5.07941e-01
  7.89e-02	  2.94e-02	5.07830e-01
  7.89e-02	  2.99e-02	5.07672e-01
  7.89e-02	  3.05e-02	5.07458e-01
  7.89e-02	  3.10e-02	5.07178e-01
  7.89e-02	  3.15e-02	5.06821e-01
  7.89e-02	  3.20e-02	5.06376e-01
  7.89e-02	  3.26e-02	5.05831e-01
  7.89e-02	  3.31e-02	5.05171e-01
  7.89e-02	  3.36e-02	5.04382e-01
  7.89e-02	  3.41e-02	5.03445e-01
  7.89e-02	  3.46e-02	5.02340e-01
  7.89e-02	  3.52e-02	5.01039e-01
  7.89e-02	  3.57e-02	4.99511e-01
  7.89e-02	  3.62e-02	4.97711e-01
  7.89e-02	  3.67e-02	4.95581e-01
  7.89e-02	  3.72e-02	4.93036e-01
  7.89e-02	  3.78e-02	4.89950e-01
  7.89e-02	  3.83e-02	4.86125e-01
  7.89e-02	  3.88e-02	4.81224e-01
  7.89e-02	  3.93e-02	4.74608e-01
  7.89e-02	  3.98e-02	4.58439e-01
  7.89e-02	  4.04e-02	2.25998e-33
  7.89e-02	  4.09e-02	3.38905e-66
  7.89e-02	  4.14e-02	5.08218e-99
  7.89e-02	  4.19e-02	7.62117e-132
  7.89e-02	  4.24e-02	1.14286e-164
  7.89e-02	  4.30e-02	1.71381e-197
  7.89e-02	  4.35e-02	2.56999e-230
  7.89e-02	  4.40e-02	3.85390e-263
  7.89e-02	  4.45e-02	5.77921e-296
  7.89e-02	  4.51e-02	0.00000e+00
  7.89e-02	  4.56e-02	0.00000e+00
  7.89e-02	  4.61e-02	0.00000e+00
  7.89e-02	  4.66e-02	0.00000e+00
  7.89e-02	  4.71e-02	0.00000e+00
  7.89e-02	  4.77e-02	0.00000e+00
  7.89e-02	  4.82e-02	0.00000e+00
  7.89e-02	  4.87e-02	0.00000e+00
  7.89e-02	  4.92e-02	0.00000e+00
  7.89e-02	  4.97e-02	0.00000e+00

  7.97e-02	  2.60e-04	0.00000e+00
  7.97e-02	  7.81e-04	0.00000e+00
  7.97e-02	  1.30e-03	0.00000e+00
  7.97e-02	  1.82e-03	0.00000e+00
  7.97e-02	  2.34e-03	0.00000e+00
  7.97e-02	  2.86e-03	0.00000e+00
  7.97e-02	  3.39e-03	0.00000e+00
  7.97e-02	  3.91e-03	0.00000e+00
  7.97e-02	  4.43e-03	0.00000e+00
  7.97e-02	  4.95e-03	5.74179e-296
  7.97e-02	  5.47e-03	3.82901e-263
  7.97e-02	  5.99e-03	2.55344e-230
  7.97e-02	  6.51e-03	1.70280e-197
  7.97e-02	  7.03e-03	1.13553e-164
  7.97e-02	  7.55e-03	7.57244e-132
  7.97e-02	  8.07e-03	5.04977e-99
  7.97e-02	  8.59e-03	3.36749e-66
  7.97e-02	  9.11e-03	2.24564e-33
  7.97e-02	  9.64e-03	4.56285e-01
  7.97e-02	  1.02e-02	4.72950e-01
  7.97e-02	  1.07e-02	4.79755e-01
  7.97e-02	  1.12e-02	4.84782e-01
  7.97e-02	  1.17e-02	4.88699e-01
  7.97e-02	  1.22e-02	4.91858e-01
  7.97e-02	  1.28e-02	4.94467e-01
  7.97e-02	  1.33e-02	4.96655e-01
  7.97e-02	  1.38e-02	4.98510e-01
  7.97e-02	  1.43e-02	5.00092e-01
  7.97e-02	  1.48e-02	5.01445e-01
  7.97e-02	  1.54e-02	5.02604e-01
  7.97e-02	  1.59e-02	5.03595e-01
  7.97e-02	  1.64e-02	5.04440e-01
  7.97e-02	  1.69e-02	5.05156e-01
  7.97e-02	  1.74e-02	5.05758e-01
  7.97e-02	  1.80e-02	5.06262e-01
  7.97e-02	  1.85e-02	5.06678e-01
  7.97e-02	  1.90e-02	5.07019e-01
  7.97e-02	  1.95e-02	5.07294e-01
  7.97e-02	  2.01e-02	5.07514e-01
  7.97e-02	  2.06e-02	5.07688e-01
  7.97e-02	  2.11e-02	5.07823e-01
  7.97e-02	  2.16e-02	5.07928e-01
  7.97e-02	  2.21e-02	5.08009e-01
  7.97e-02	  2.27e-02	5.08073e-01
  7.97e-02	  2.32e-02	5.08124e-01
  7.97e-02	  2.37e-02	5.08166e-01
  7.97e-02	  2.42e-02	5.08202e-01
  7.97e-02	  2.47e-02	5.08234e-01
  7.97e-02	  2.53e-02	5.08262e-01
  7.97e-02	  2.58e-02	5.08286e-01
  7.97e-02	  2.63e-02	5.08304e-01
  7.97e-02	  2.68e-02	5.08312e-01
  7.97e-02	  2.73e-02	5.08307e-01
  7.97e-02	  2.79e-02	5.08283e-01
  7.97e-02	  2.84e-02	5.08234e-01
  7.97e-02	  2.89e-02	5.08154e-01
  7.97e-02	  2.94e-02	5.08034e-01
  7.97e-02	  2.99e-02	5.07866e-01
  7.97e-02	  3.05e-02	5.07641e-01
  7.97e-02	  3.10e-02	5.07349e-01
  7.97e-02	  3.15e-02	5.06978e-01
  7.97e-02	  3.20e-02	5.06518e-01
  7.97e-02	  3.26e-02	5.05956e-01
  7.97e-02	  3.31e-02	5.05278e-01
  7.97e-02	  3.36e-02	5.04469e-01
  7.97e-02	  3.41e-02	5.03509e-01
  7.97e-02	  3.46e-02	5.02378e-01
  7.97e-02	  3.52e-02	5.01049e-01
  7.97e-02	  3.57e-02	4.99488e-01
  7.97e-02	  3.62e-02	4.97650e-01
  7.97e-02	  3.67e-02	4.95473e-01
  7.97e-02	  3.72e-02	4.92871e-01
  7.97e-02	  3.78e-02	4.89712e-01
  7.97e-02	  3.83e-02	4.85788e-01
  7.97e-02	  3.88e-02	4.80742e-01
  7.97e-02	  3.93e-02	4.73901e-01
  7.97e-02	  3.98e-02	4.57132e-01
  7.97e-02	  4.04e-02	2.25127e-33
  7.97e-02	  4.09e-02	3.37595e-66
  7.97e-02	  4.14e-02	5.06249e-99
  7.97e-02	  4.19e-02	7.59157e-132
  7.97e-02	  4.24e-02	1.13841e-164
  7.97e-02	  4.30e-02	1.70712e-197
  7.97e-02	  4.35e-02	2.55993e-230
  7.97e-02	  4.40e-02	3.83877e-263
  7.97e-02	  4.45e-02	5.75647e-296
  7.97e-02	  4.51e-02	0.00000e+00
  7.97e-02	  4.56e-02	0.00000e+00
  7.97e-02	  4.61e-02	0.00000e+00
  7.97e-02	  4.66e-02	0.00000e+00
  7.97e-02	  4.71e-02	0.00000e+00
  7.97e-02	  4.77e-02	0.00000e+00
  7.97e-02	  4.82e-02	0.00000e+00
  7.97e-02	  4.87e-02	0.00000e+00
  7.97e-02	  4.92e-02	0.00000e+00
  7.97e-02	  4.97e-02	0.00000e+00

  8.05e-02	  2.60e-04	0.00000e+00
  8.05e-02	  7.81e-04	0.00000e+00
  8.05e-02	  1.30e-03	0.00000e+00
  8.05e-02	  1.82e-03	0.00000e+00
  8.05e-02	  2.34e-03	0.00000e+00
  8.05e-02	  2.86e-03	0.00000e+00
  8.05e-02	  3.39e-03	0.00000e+00
  8.05e-02	  3.91e-03	0.00000e+00
  8.05e-02	  4.43e-03	0.00000e+00
  8.05e-02	  4.95e-03	5.71873e-296
  8.05e-02	  5.47e-03	3.81368e-263
  8.05e-02	  5.99e-03	2.54324e-230
  8.05e-02	  6.51e-03	1.69601e-197
  8.05e-02	  7.03e-03	1.13102e-164
  8.05e-02	  7.55e-03	7.54243e-132
  8.05e-02	  8.07e-03	5.02981e-99
  8.05e-02	  8.59e-03	3.35421e-66
  8.05e-02	  9.11e-03	2.23681e-33
  8.05e-02	  9.64e-03	4.54957e-01
  8.05e-02	  1.02e-02	4.72235e-01
  8.05e-02	  1.07e-02	4.79271e-01
  8.05e-02	  1.12e-02	4.84443e-01
  8.05e-02	  1.17e-02	4.88458e-01
  8.05e-02	  1.22e-02	4.91691e-01
  8.05e-02	  1.28e-02	4.94357e-01
  8.05e-02	  1.33e-02	4.96591e-01
  8.05e-02	  1.38e-02	4.98485e-01
  8.05e-02	  1.43e-02	5.00100e-01
  8.05e-02	  1.48e-02	5.01482e-01
  8.05e-02	  1.54e-02	5.02666e-01
  8.05e-02	  1.59e-02	5.03680e-01
  8.05e-02	  1.64e-02	5.04544e-01
  8.05e-02	  1.69e-02	5.05278e-01
  8.05e-02	  1.74e-02	5.05898e-01
  8.05e-02	  1.80e-02	5.06416e-01
  8.05e-02	  1.85e-02	5.06846e-01
  8.05e-02	  1.90e-02	5.07199e-01
  8.05e-02	  1.95e-02	5.07486e-01
  8.05e-02	  2.01e-02	5.07716e-01
  8.05e-02	  2.06e-02	5.07899e-01
  8.05e-02	  2.11e-02	5.08042e-01
  8.05e-02	  2.16e-02	5.08154e-01
  8.05e-02	  2.21e-02	5.08241e-01
  8.05e-02	  2.27e-02	5.08310e-01
  8.05e-02	  2.32e-02	5.08364e-01
  8.05e-02	  2.37e-02	5.08409e-01
  8.05e-02	  2.42e-02	5.08447e-01
  8.05e-02	  2.47e-02	5.08480e-01
  8.05e-02	  2.53e-02	5.08508e-01
  8.05e-02	  2.58e-02	5.08530e-01
  8.05e-02	  2.63e-02	5.08545e-01
  8.05e-02	  2.68e-02	5.08550e-01
  8.05e-02	  2.73e-02	5.08540e-01
  8.05e-02	  2.79e-02	5.08511e-01
  8.05e-02	  2.84e-02	5.08456e-01
  8.05e-02	  2.89e-02	5.08368e-01
  8.05e-02	  2.94e-02	5.08239e-01
  8.05e-02	  2.99e-02	5.08061e-01
  8.05e-02	  3.05e-02	5.07825e-01
  8.05e-02	  3.10e-02	5.07520e-01
  8.05e-02	  3.15e-02	5.07136e-01
  8.05e-02	  3.20e-02	5.06661e-01
  8.05e-02	  3.26e-02	5.06083e-01
  8.05e-02	  3.31e-02	5.05387e-01
  8.05e-02	  3.36e-02	5.04557e-01
  8.05e-02	  3.41e-02	5.03575e-01
  8.05e-02	  3.46e-02	5.02419e-01
  8.05e-02	  3.52e-02	5.01061e-01
  8.05e-02	  3.57e-02	4.99467e-01
  8.05e-02	  3.62e-02	4.97590e-01
  8.05e-02	  3.67e-02	4.95367e-01
  8.05e-02	  3.72e-02	4.92708e-01
  8.05e-02	  3.78e-02	4.89475e-01
  8.05e-02	  3.83e-02	4.85452e-01
  8.05e-02	  3.88e-02	4.80261e-01
  8.05e-02	  3.93e-02	4.73188e-01
  8.05e-02	  3.98e-02	4.55802e-01
  8.05e-02	  4.04e-02	2.24243e-33
  8.05e-02	  4.09e-02	3.36266e-66
  8.05e-02	  4.14e-02	5.04250e-99
  8.05e-02	  4.19e-02	7.56151e-132
  8.05e-02	  4.24e-02	1.13389e-164
  8.05e-02	  4.30e-02	1.70032e-197
  8.05e-02	  4.35e-02	2.54972e-230
  8.05e-02	  4.40e-02	3.82342e-263
  8.05e-02	  4.45e-02	5.73338e-296
  8.05e-02	  4.51e-02	0.00000e+00
  8.05e-02	  4.56e-02	0.00000e+00
  8.05e-02	  4.61e-02	0.00000e+00
  8.05e-02	  4.66e-02	0.00000e+00
  8.05e-02	  4.71e-02	0.00000e+00
  8.05e-02	  4.77e-02	0.00000e+00
  8.05e-02	  4.82e-02	0.00000e+00
  8.05e-02	  4.87e-02	0.00000e+00
  8.05e-02	  4.92e-02	0.00000e+00
  8.05e-02	  4.97e-02	0.00000e+00

  8.12e-02	  2.60e-04	0.00000e+00
  8.12e-02	  7.81e-04	0.00000e+00
  8.12e-02	  1.30e-03	0.00000e+00
  8.12e-02	  1.82e-03	0.00000e+00
  8.12e-02	  2.34e-03	0.00000e+00
  8.12e-02	  2.86e-03	0.00000e+00
  8.12e-02	  3.39e-03	0.00000e+00
  8.12e-02	  3.91e-03	0.00000e+00
  8.12e-02	  4.43e-03	0.00000e+00
  8.12e-02	  4.95e-03	5.69535e-296
  8.12e-02	  5.47e-03	3.79812e-263
  8.12e-02	  5.99e-03	2.53289e-230
  8.12e-02	  6.51e-03	1.68913e-197
  8.12e-02	  7.03e-03	1.12644e-164
  8.12e-02	  7.55e-03	7.51198e-132
  8.12e-02	  8.07e-03	5.00955e-99
  8.12e-02	  8.59e-03	3.34074e-66
  8.12e-02	  9.11e-03	2.22785e-33
  8.12e-02	  9.64e-03	4.53607e-01
  8.12e-02	  1.02e-02	4.71514e-01
  8.12e-02	  1.07e-02	4.78786e-01
  8.12e-02	  1.12e-02	4.84104e-01
  8.12e-02	  1.17e-02	4.88220e-01
  8.12e-02	  1.22e-02	4.91526e-01
  8.12e-02	  1.28e-02	4.94250e-01
  8.12e-02	  1.33e-02	4.96530e-01
  8.12e-02	  1.38e-02	4.98462e-01
  8.12e-02	  1.43e-02	5.00110e-01
  8.12e-02	  1.48e-02	5.01520e-01
  8.12e-02	  1.54e-02	5.02730e-01
  8.12e-02	  1.59e-02	5.03765e-01
  8.12e-02	  1.64e-02	5.04650e-01
  8.12e-02	  1.69e-02	5.05402e-01
  8.12e-02	  1.74e-02	5.06038e-01
  8.12e-02	  1.80e-02	5.06571e-01
  8.12e-02	  1.85e-02	5.07015e-01
  8.12e-02	  1.90e-02	5.07381e-01
  8.12e-02	  1.95e-02	5.07678e-01
  8.12e-02	  2.01e-02	5.07919e-01
  8.12e-02	  2.06e-02	5.08110e-01
  8.12e-02	  2.11e-02	5.08262e-01
  8.12e-02	  2.16e-02	5.08380e-01
  8.12e-02	  2.21e-02	5.08473e-01
  8.12e-02	  2.27e-02	5.08547e-01
  8.12e-02	  2.32e-02	5.08605e-01
  8.12e-02	  2.37e-02	5.08653e-01
  8.12e-02	  2.42e-02	5.08692e-01
  8.12e-02	  2.47e-02	5.08726e-01
  8.12e-02	  2.53e-02	5.08753e-01
  8.12e-02	  2.58e-02	5.08774e-01
  8.12e-02	  2.63e-02	5.08787e-01
  8.12e-02	  2.68e-02	5.08788e-01
  8.12e-02	  2.73e-02	5.08774e-01
  8.12e-02	  2.79e-02	5.08739e-01
  8.12e-02	  2.84e-02	5.08677e-01
  8.12e-02	  2.89e-02	5.08582e-01
  8.12e-02	  2.94e-02	5.08444e-01
  8.12e-02	  2.99e-02	5.08257e-01
  8.12e-02	  3.05e-02	5.08009e-01
  8.12e-02	  3.10e-02	5.07692e-01
  8.12e-02	  3.15e-02	5.07295e-01
  8.12e-02	  3.20e-02	5.06805e-01
  8.12e-02	  3.26e-02	5.06210e-01
  8.12e-02	  3.31e-02	5.05496e-01
  8.12e-02	  3.36e-02	5.04647e-01
  8.12e-02	  3.41e-02	5.03643e-01
  8.12e-02	  3.46e-02	5.02462e-01
  8.12e-02	  3.52e-02	5.01076e-01
  8.12e-02	  3.57e-02	4.99449e-01
  8.12e-02	  3.62e-02	4.97533e-01
  8.12e-02	  3.67e-02	4.95264e-01
  8.12e-02	  3.72e-02	4.92547e-01
  8.12e-02	  3.78e-02	4.89241e-01
  8.12e-02	  3.83e-02	4.85117e-01
  8.12e-02	  3.88e-02	4.79780e-01
  8.12e-02	  3.93e-02	4.72469e-01
  8.12e-02	  3.98e-02	4.54452e-01
  8.12e-02	  4.04e-02	2.23346e-33
  8.12e-02	  4.09e-02	3.34917e-66
  8.12e-02	  4.14e-02	5.02222e-99
  8.12e-02	  4.19e-02	7.53103e-132
  8.12e-02	  4.24e-02	1.12931e-164
  8.12e-02	  4.30e-02	1.69343e-197
  8.12e-02	  4.35e-02	2.53936e-230
  8.12e-02	  4.40e-02	3.80784e-263
  8.12e-02	  4.45e-02	5.70996e-296
  8.12e-02	  4.51e-02	0.00000e+00
  8.12e-02	  4.56e-02	0.00000e+00
  8.12e-02	  4.61e-02	0.00000e+00
  8.12e-02	  4.66e-02	0.00000e+00
  8.12e-02	  4.71e-02	0.00000e+00
  8.12e-02	  4.77e-02	0.00000e+00
  8.12e-02	  4.82e-02	0.00000e+00
  8.12e-02	  4.87e-02	0.00000e+00
  8.12e-02	  4.92e-02	0.00000e+00
  8.12e-02	  4.97e-02	0.00000e+00

  8.20e-02	  2.60e-04	0.00000e+00
  8.20e-02	  7.81e-04	0.00000e+00
  8.20e-02	  1.30e-03	0.00000e+00
  8.20e-02	  1.82e-03	0.00000e+00
  8.20e-02	  2.34e-03	0.00000e+00
  8.20e-02	  2.86e-03	0.00000e+00
  8.20e-02	  3.39e-03	0.00000e+00
  8.20e-02	  3.91e-03	0.00000e+00
  8.20e-02	  4.43e-03	0.00000e+00
  8.20e-02	  4.95e-03	5.67164e-296
  8.20e-02	  5.47e-03	3.78235e-263
  8.20e-02	  5.99e-03	2.52240e-230
  8.20e-02	  6.51e-03	1.68215e-197
  8.20e-02	  7.03e-03	1.12180e-164
  8.20e-02	  7.55e-03	7.48111e-132
  8.20e-02	  8.07e-03	4.98902e-99
  8.20e-02	  8.59e-03	3.32708e-66
  8.20e-02	  9.11e-03	2.21876e-33
  8.20e-02	  9.64e-03	4.52237e-01
  8.20e-02	  1.02e-02	4.70788e-01
  8.20e-02	  1.07e-02	4.78301e-01
  8.20e-02	  1.12e-02	4.83767e-01
  8.20e-02	  1.17e-02	4.87984e-01
  8.20e-02	  1.22e-02	4.91364e-01
  8.20e-02	  1.28e-02	4.94145e-01
  8.20e-02	  1.33e-02	4.96472e-01
  8.20e-02	  1.38e-02	4.98442e-01
  8.20e-02	  1.43e-02	5.00122e-01
  8.20e-02	  1.48e-02	5.01561e-01
  8.20e-02	  1.54e-02	5.02795e-01
  8.20e-02	  1.59e-02	5.03853e-01
  8.20e-02	  1.64e-02	5.04757e-01
  8.20e-02	  1.69e-02	5.05527e-01
  8.20e-02	  1.74e-02	5.06179e-01
  8.20e-02	  1.80e-02	5.06728e-01
  8.20e-02	  1.85e-02	5.07185e-01
  8.20e-02	  1.90e-02	5.07562e-01
  8.20e-02	  1.95e-02	5.07871e-01
  8.20e-02	  2.01e-02	5.08122e-01
  8.20e-02	  2.06e-02	5.08322e-01
  8.20e-02	  2.11e-02	5.08481e-01
  8.20e-02	  2.16e-02	5.08607e-01
  8.20e-02	  2.21e-02	5.08706e-01
  8.20e-02	  2.27e-02	5.08784e-01
  8.20e-02	  2.32e-02	5.08846e-01
  8.20e-02	  2.37e-02	5.08896e-01
  8.20e-02	  2.42e-02	5.08937e-01
  8.20e-02	  2.47e-02	5.08971e-01
  8.20e-02	  2.53e-02	5.08999e-01
  8.20e-02	  2.58e-02	5.09018e-01
  8.20e-02	  2.63e-02	5.09029e-01
  8.20e-02	  2.68e-02	5.09026e-01
  8.20e-02	  2.73e-02	5.09008e-01
  8.20e-02	  2.79e-02	5.08967e-01
  8.20e-02	  2.84e-02	5.08899e-01
  8.20e-02	  2.89e-02	5.08796e-01
  8.20e-02	  2.94e-02	5.08650e-01
  8.20e-02	  2.99e-02	5.08452e-01
  8.20e-02	  3.05e-02	5.08194e-01
  8.20e-02	  3.10e-02	5.07865e-01
  8.20e-02	  3.15e-02	5.07454e-01
  8.20e-02	  3.20e-02	5.06950e-01
  8.20e-02	  3.26e-02	5.06339e-01
  8.20e-02	  3.31e-02	5.05607e-01
  8.20e-02	  3.36e-02	5.04738e-01
  8.20e-02	  3.41e-02	5.03712e-01
  8.20e-02	  3.46e-02	5.02506e-01
  8.20e-02	  3.52e-02	5.01092e-01
  8.20e-02	  3.57e-02	4.99432e-01
  8.20e-02	  3.62e-02	4.97479e-01
  8.20e-02	  3.67e-02	4.95163e-01
  8.20e-02	  3.72e-02	4.92389e-01
  8.20e-02	  3.78e-02	4.89009e-01
  8.20e-02	  3.83e-02	4.84784e-01
  8.20e-02	  3.88e-02	4.79298e-01
  8.20e-02	  3.93e-02	4.71745e-01
  8.20e-02	  3.98e-02	4.53081e-01
  8.20e-02	  4.04e-02	2.22436e-33
  8.20e-02	  4.09e-02	3.33549e-66
  8.20e-02	  4.14e-02	5.00166e-99
  8.20e-02	  4.19e-02	7.50011e-132
  8.20e-02	  4.24e-02	1.12466e-164
  8.20e-02	  4.30e-02	1.68645e-197
  8.20e-02	  4.35e-02	2.52885e-230
  8.20e-02	  4.40e-02	3.79205e-263
  8.20e-02	  4.45e-02	5.68622e-296
  8.20e-02	  4.51e-02	0.00000e+00
  8.20e-02	  4.56e-02	0.00000e+00
  8.20e-02	  4.61e-02	0.00000e+00
  8.20e-02	  4.66e-02	0.00000e+00
  8.20e-02	  4.71e-02	0.00000e+00
  8.20e-02	  4.77e-02	0.00000e+00
  8.20e-02	  4.82e-02	0.00000e+00
  8.20e-02	  4.87e-02	0.00000e+00
  8.20e-02	  4.92e-02	0.00000e+00
  8.20e-02	  4.97e-02	0.00000e+00

  8.28e-02	  2.60e-04	0.00000e+00
  8.28e-02	  7.81e-04	0.00000e+00
  8.28e-02	  1.30e-03	0.00000e+00
  8.28e-02	  1.82e-03	0.00000e+00
  8.28e-02	  2.34e-03	0.00000e+00
  8.28e-02	  2.86e-03	0.00000e+00
  8.28e-02	  3.39e-03	0.00000e+00
  8.28e-02	  3.91e-03	0.00000e+00
  8.28e-02	  4.43e-03	0.00000e+00
  8.28e-02	  4.95e-03	5.64762e-296
  8.28e-02	  5.47e-03	3.76637e-263
  8.28e-02	  5.99e-03	2.51177e-230
  8.28e-02	  6.51e-03	1.67508e-197
  8.28e-02	  7.03e-03	1.11710e-164
  8.28e-02	  7.55e-03	7.44982e-132
  8.28e-02	  8.07e-03	4.96821e-99
  8.28e-02	  8.59e-03	3.31324e-66
  8.28e-02	  9.11e-03	2.20955e-33
  8.28e-02	  9.64e-03	4.50846e-01
  8.28e-02	  1.02e-02	4.70056e-01
  8.28e-02	  1.07e-02	4.77816e-01
  8.28e-02	  1.12e-02	4.83432e-01
  8.28e-02	  1.17e-02	4.87750e-01
  8.28e-02	  1.22e-02	4.91205e-01
  8.28e-02	  1.28e-02	4.94042e-01
  8.28e-02	  1.33e-02	4.96415e-01
  8.28e-02	  1.38e-02	4.98423e-01
  8.28e-02	  1.43e-02	5.00136e-01
  8.28e-02	  1.48e-02	5.01603e-01
  8.28e-02	  1.54e-02	5.02862e-01
  8.28e-02	  1.59e-02	5.03942e-01
  8.28e-02	  1.64e-02	5.04866e-01
  8.28e-02	  1.69e-02	5.05654e-01
  8.28e-02	  1.74e-02	5.06322e-01
  8.28e-02	  1.80e-02	5.06885e-01
  8.28e-02	  1.85e-02	5.07355e-01
  8.28e-02	  1.90e-02	5.07745e-01
  8.28e-02	  1.95e-02	5.08065e-01
  8.28e-02	  2.01e-02	5.08325e-01
  8.28e-02	  2.06e-02	5.08534e-01
  8.28e-02	  2.11e-02	5.08701e-01
  8.28e-02	  2.16e-02	5.08833e-01
  8.28e-02	  2.21e-02	5.08938e-01
  8.28e-02	  2.27e-02	5.09020e-01
  8.28e-02	  2.32e-02	5.09086e-01
  8.28e-02	  2.37e-02	5.09139e-01
  8.28e-02	  2.42e-02	5.09182e-01
  8.28e-02	  2.47e-02	5.09217e-01
  8.28e-02	  2.53e-02	5.09244e-01
  8.28e-02	  2.58e-02	5.09262e-01
  8.28e-02	  2.63e-02	5.09270e-01
  8.28e-02	  2.68e-02	5.09264e-01
  8.28e-02	  2.73e-02	5.09241e-01
  8.28e-02	  2.79e-02	5.09195e-01
  8.28e-02	  2.84e-02	5.09121e-01
  8.28e-02	  2.89e-02	5.09010e-01
  8.28e-02	  2.94e-02	5.08855e-01
  8.28e-02	  2.99e-02	5.08648e-01
  8.28e-02	  3.05e-02	5.08379e-01
  8.28e-02	  3.10e-02	5.08038e-01
  8.28e-02	  3.15e-02	5.07615e-01
  8.28e-02	  3.20e-02	5.07096e-01
  8.28e-02	  3.26e-02	5.06469e-01
  8.28e-02	  3.31e-02	5.05719e-01
  8.28e-02	  3.36e-02	5.04830e-01
  8.28e-02	  3.41e-02	5.03782e-01
  8.28e-02	  3.46e-02	5.02552e-01
  8.28e-02	  3.52e-02	5.01110e-01
  8.28e-02	  3.57e-02	4.99418e-01
  8.28e-02	  3.62e-02	4.97426e-01
  8.28e-02	  3.67e-02	4.95065e-01
  8.28e-02	  3.72e-02	4.92233e-01
  8.28e-02	  3.78e-02	4.88779e-01
  8.28e-02	  3.83e-02	4.84452e-01
  8.28e-02	  3.88e-02	4.78816e-01
  8.28e-02	  3.93e-02	4.71016e-01
  8.28e-02	  3.98e-02	4.51689e-01
  8.28e-02	  4.04e-02	2.21513e-33
  8.28e-02	  4.09e-02	3.32162e-66
  8.28e-02	  4.14e-02	4.98081e-99
  8.28e-02	  4.19e-02	7.46878e-132
  8.28e-02	  4.24e-02	1.11995e-164
  8.28e-02	  4.30e-02	1.67936e-197
  8.28e-02	  4.35e-02	2.51821e-230
  8.28e-02	  4.40e-02	3.77605e-263
  8.28e-02	  4.45e-02	5.66216e-296
  8.28e-02	  4.51e-02	0.00000e+00
  8.28e-02	  4.56e-02	0.00000e+00
  8.28e-02	  4.61e-02	0.00000e+00
  8.28e-02	  4.66e-02	0.00000e+00
  8.28e-02	  4.71e-02	0.00000e+00
  8.28e-02	  4.77e-02	0.00000e+00
  8.28e-02	  4.82e-02	0.00000e+00
  8.28e-02	  4.87e-02	0.00000e+00
  8.28e-02	  4.92e-02	0.00000e+00
  8.28e-02	  4.97e-02	0.00000e+00

  8.36e-02	  2.60e-04	0.00000e+00
  8.36e-02	  7.81e-04	0.00000e+00
  8.36e-02	  1.30e-03	0.00000e+00
  8.36e-02	  1.82e-03	0.00000e+00
  8.36e-02	  2.34e-03	0.00000e+00
  8.36e-02	  2.86e-03	0.00000e+00
  8.36e-02	  3.39e-03	0.00000e+00
  8.36e-02	  3.91e-03	0.00000e+00
  8.36e-02	  4.43e-03	0.00000e+00
  8.36e-02	  4.95e-03	5.62329e-296
  8.36e-02	  5.47e-03	3.75019e-263
  8.36e-02	  5.99e-03	2.50100e-230
  8.36e-02	  6.51e-03	1.66792e-197
  8.36e-02	  7.03e-03	1.11233e-164
  8.36e-02	  7.55e-03	7.41813e-132
  8.36e-02	  8.07e-03	4.94712e-99
  8.36e-02	  8.59e-03	3.29921e-66
  8.36e-02	  9.11e-03	2.20022e-33
  8.36e-02	  9.64e-03	4.49435e-01
  8.36e-02	  1.02e-02	4.69320e-01
  8.36e-02	  1.07e-02	4.77331e-01
  8.36e-02	  1.12e-02	4.83097e-01
  8.36e-02	  1.17e-02	4.87519e-01
  8.36e-02	  1.22e-02	4.91048e-01
  8.36e-02	  1.28e-02	4.93943e-01
  8.36e-02	  1.33e-02	4.96361e-01
  8.36e-02	  1.38e-02	4.98407e-01
  8.36e-02	  1.43e-02	5.00152e-01
  8.36e-02	  1.48e-02	5.01647e-01
  8.36e-02	  1.54e-02	5.02930e-01
  8.36e-02	  1.59e-02	5.04032e-01
  8.36e-02	  1.64e-02	5.04976e-01
  8.36e-02	  1.69e-02	5.05781e-01
  8.36e-02	  1.74e-02	5.06465e-01
  8.36e-02	  1.80e-02	5.07042e-01
  8.36e-02	  1.85e-02	5.07526e-01
  8.36e-02	  1.90e-02	5.07928e-01
  8.36e-02	  1.95e-02	5.08259e-01
  8.36e-02	  2.01e-02	5.08528e-01
  8.36e-02	  2.06e-02	5.08746e-01
  8.36e-02	  2.11e-02	5.08921e-01
  8.36e-02	  2.16e-02	5.09060e-01
  8.36e-02	  2.21e-02	5.09170e-01
  8.36e-02	  2.27e-02	5.09257e-01
  8.36e-02	  2.32e-02	5.09327e-01
  8.36e-02	  2.37e-02	5.09382e-01
  8.36e-02	  2.42e-02	5.09427e-01
  8.36e-02	  2.47e-02	5.09462e-01
  8.36e-02	  2.53e-02	5.09489e-01
  8.36e-02	  2.58e-02	5.09506e-01
  8.36e-02	  2.63e-02	5.09511e-01
  8.36e-02	  2.68e-02	5.09502e-01
  8.36e-02	  2.73e-02	5.09475e-01
  8.36e-02	  2.79e-02	5.09424e-01
  8.36e-02	  2.84e-02	5.09342e-01
  8.36e-02	  2.89e-02	5.09224e-01
  8.36e-02	  2.94e-02	5.09061e-01
  8.36e-02	  2.99e-02	5.08845e-01
  8.36e-02	  3.05e-02	5.08565e-01
  8.36e-02	  3.10e-02	5.08213e-01
  8.36e-02	  3.15e-02	5.07776e-01
  8.36e-02	  3.20e-02	5.07242e-01
  8.36e-02	  3.26e-02	5.06600e-01
  8.36e-02	  3.31e-02	5.05833e-01
  8.36e-02	  3.36e-02	5.04924e-01
  8.36e-02	  3.41e-02	5.03855e-01
  8.36e-02	  3.46e-02	5.02600e-01
  8.36e-02	  3.52e-02	5.01130e-01
  8.36e-02	  3.57e-02	4.99406e-01
  8.36e-02	  3.62e-02	4.97376e-01
  8.36e-02	  3.67e-02	4.94969e-01
  8.36e-02	  3.72e-02	4.92080e-01
  8.36e-02	  3.78e-02	4.88551e-01
  8.36e-02	  3.83e-02	4.84121e-01
  8.36e-02	  3.88e-02	4.78334e-01
  8.36e-02	  3.93e-02	4.70282e-01
  8.36e-02	  3.98e-02	4.50277e-01
  8.36e-02	  4.04e-02	2.20579e-33
  8.36e-02	  4.09e-02	3.30758e-66
  8.36e-02	  4.14e-02	4.95970e-99
  8.36e-02	  4.19e-02	7.43703e-132
  8.36e-02	  4.24e-02	1.11518e-164
  8.36e-02	  4.30e-02	1.67219e-197
  8.36e-02	  4.35e-02	2.50742e-230
  8.36e-02	  4.40e-02	3.75984e-263
  8.36e-02	  4.45e-02	5.63779e-296
  8.36e-02	  4.51e-02	0.00000e+00
  8.36e-02	  4.56e-02	0.00000e+00
  8.36e-02	  4.61e-02	0.00000e+00
  8.36e-02	  4.66e-02	0.00000e+00
  8.36e-02	  4.71e-02	0.00000e+00
  8.36e-02	  4.77e-02	0.00000e+00
  8.36e-02	  4.82e-02	0.00000e+00
  8.36e-02	  4.87e-02	0.00000e+00
  8.36e-02	  4.92e-02	0.00000e+00
  8.36e-02	  4.97e-02	0.00000e+00

  8.44e-02	  2.60e-04	0.00000e+00
  8.44e-02	  7.81e-04	0.00000e+00
  8.44e-02	  1.30e-03	0.00000e+00
  8.44e-02	  1.82e-03	0.00000e+00
  8.44e-02	  2.34e-03	0.00000e+00
  8.44e-02	  2.86e-03	0.00000e+00
  8.44e-02	  3.39e-03	0.00000e+00
  8.44e-02	  3.91e-03	0.00000e+00
  8.44e-02	  4.43e-03	0.00000e+00
  8.44e-02	  4.95e-03	5.59865e-296
  8.44e-02	  5.47e-03	3.73380e-263
  8.44e-02	  5.99e-03	2.49010e-230
  8.44e-02	  6.51e-03	1.66067e-197
  8.44e-02	  7.03e-03	1.10751e-164
  8.44e-02	  7.55e-03	7.38603e-132
  8.44e-02	  8.07e-03	4.92577e-99
  8.44e-02	  8.59e-03	3.28501e-66
  8.44e-02	  9.11e-03	2.19077e-33
  8.44e-02	  9.64e-03	4.48005e-01
  8.44e-02	  1.02e-02	4.68579e-01
  8.44e-02	  1.07e-02	4.76846e-01
  8.44e-02	  1.12e-02	4.82765e-01
  8.44e-02	  1.17e-02	4.87289e-01
  8.44e-02	  1.22e-02	4.90893e-01
  8.44e-02	  1.28e-02	4.93845e-01
  8.44e-02	  1.33e-02	4.96310e-01
  8.44e-02	  1.38e-02	4.98394e-01
  8.44e-02	  1.43e-02	5.00170e-01
  8.44e-02	  1.48e-02	5.01693e-01
  8.44e-02	  1.54e-02	5.03000e-01
  8.44e-02	  1.59e-02	5.04124e-01
  8.44e-02	  1.64e-02	5.05087e-01
  8.44e-02	  1.69e-02	5.05910e-01
  8.44e-02	  1.74e-02	5.06609e-01
  8.44e-02	  1.80e-02	5.07201e-01
  8.44e-02	  1.85e-02	5.07698e-01
  8.44e-02	  1.90e-02	5.08111e-01
  8.44e-02	  1.95e-02	5.08453e-01
  8.44e-02	  2.01e-02	5.08732e-01
  8.44e-02	  2.06e-02	5.08958e-01
  8.44e-02	  2.11e-02	5.09141e-01
  8.44e-02	  2.16e-02	5.09286e-01
  8.44e-02	  2.21e-02	5.09402e-01
  8.44e-02	  2.27e-02	5.09494e-01
  8.44e-02	  2.32e-02	5.09567e-01
  8.44e-02	  2.37e-02	5.09625e-01
  8.44e-02	  2.42e-02	5.09671e-01
  8.44e-02	  2.47e-02	5.09707e-01
  8.44e-02	  2.53e-02	5.09733e-01
  8.44e-02	  2.58e-02	5.09749e-01
  8.44e-02	  2.63e-02	5.09752e-01
  8.44e-02	  2.68e-02	5.09740e-01
  8.44e-02	  2.73e-02	5.09708e-01
  8.44e-02	  2.79e-02	5.09652e-01
  8.44e-02	  2.84e-02	5.09564e-01
  8.44e-02	  2.89e-02	5.09439e-01
  8.44e-02	  2.94e-02	5.09267e-01
  8.44e-02	  2.99e-02	5.09042e-01
  8.44e-02	  3.05e-02	5.08751e-01
  8.44e-02	  3.10e-02	5.08387e-01
  8.44e-02	  3.15e-02	5.07937e-01
  8.44e-02	  3.20e-02	5.07390e-01
  8.44e-02	  3.26e-02	5.06732e-01
  8.44e-02	  3.31e-02	5.05947e-01
  8.44e-02	  3.36e-02	5.05020e-01
  8.44e-02	  3.41e-02	5.03929e-01
  8.44e-02	  3.46e-02	5.02649e-01
  8.44e-02	  3.52e-02	5.01152e-01
  8.44e-02	  3.57e-02	4.99395e-01
  8.44e-02	  3.62e-02	4.97328e-01
  8.44e-02	  3.67e-02	4.94875e-01
  8.44e-02	  3.72e-02	4.91929e-01
  8.44e-02	  3.78e-02	4.88325e-01
  8.44e-02	  3.83e-02	4.83792e-01
  8.44e-02	  3.88e-02	4.77852e-01
  8.44e-02	  3.93e-02	4.69543e-01
  8.44e-02	  3.98e-02	4.48846e-01
  8.44e-02	  4.04e-02	2.19632e-33
  8.44e-02	  4.09e-02	3.29335e-66
  8.44e-02	  4.14e-02	4.93831e-99
  8.44e-02	  4.19e-02	7.40488e-132
  8.44e-02	  4.24e-02	1.11034e-164
  8.44e-02	  4.30e-02	1.66493e-197
  8.44e-02	  4.35e-02	2.49650e-230
  8.44e-02	  4.40e-02	3.74342e-263
  8.44e-02	  4.45e-02	5.61311e-296
  8.44e-02	  4.51e-02	0.00000e+00
  8.44e-02	  4.56e-02	0.00000e+00
  8.44e-02	  4.61e-02	0.00000e+00
  8.44e-02	  4.66e-02	0.00000e+00
  8.44e-02	  4.71e-02	0.00000e+00
  8.44e-02	  4.77e-02	0.00000e+00
  8.44e-02	  4.82e-02	0.00000e+00
  8.44e-02	  4.87e-02	0.00000e+00
  8.44e-02	  4.92e-02	0.00000e+00
  8.44e-02	  4.97e-02	0.00000e+00

  8.52e-02	  2.60e-04	0.00000e+00
  8.52e-02	  7.81e-04	0.00000e+00
  8.52e-02	  1.30e-03	0.00000e+00
  8.52e-02	  1.82e-03	0.00000e+00
  8.52e-02	  2.34e-03	0.00000e+00
  8.52e-02	  2.86e-03	0.00000e+00
  8.52e-02	  3.39e-03	0.00000e+00
  8.52e-02	  3.91e-03	0.00000e+00
  8.52e-02	  4.43e-03	0.00000e+00
  8.52e-02	  4.95e-03	5.57371e-296
  8.52e-02	  5.47e-03	3.71721e-263
  8.52e-02	  5.99e-03	2.47907e-230
  8.52e-02	  6.51e-03	1.65333e-197
  8.52e-02	  7.03e-03	1.10262e-164
  8.52e-02	  7.55e-03	7.35354e-132
  8.52e-02	  8.07e-03	4.90415e-99
  8.52e-02	  8.59e-03	3.27063e-66
  8.52e-02	  9.11e-03	2.18121e-33
  8.52e-02	  9.64e-03	4.46555e-01
  8.52e-02	  1.02e-02	4.67834e-01
  8.52e-02	  1.07e-02	4.76361e-01
  8.52e-02	  1.12e-02	4.82435e-01
  8.52e-02	  1.17e-02	4.87063e-01
  8.52e-02	  1.22e-02	4.90741e-01
  8.52e-02	  1.28e-02	4.93750e-01
  8.52e-02	  1.33e-02	4.96260e-01
  8.52e-02	  1.38e-02	4.98382e-01
  8.52e-02	  1.43e-02	5.00190e-01
  8.52e-02	  1.48e-02	5.01740e-01
  8.52e-02	  1.54e-02	5.03072e-01
  8.52e-02	  1.59e-02	5.04217e-01
  8.52e-02	  1.64e-02	5.05199e-01
  8.52e-02	  1.69e-02	5.06039e-01
  8.52e-02	  1.74e-02	5.06755e-01
  8.52e-02	  1.80e-02	5.07361e-01
  8.52e-02	  1.85e-02	5.07870e-01
  8.52e-02	  1.90e-02	5.08295e-01
  8.52e-02	  1.95e-02	5.08647e-01
  8.52e-02	  2.01e-02	5.08936e-01
  8.52e-02	  2.06e-02	5.09171e-01
  8.52e-02	  2.11e-02	5.09361e-01
  8.52e-02	  2.16e-02	5.09513e-01
  8.52e-02	  2.21e-02	5.09634e-01
  8.52e-02	  2.27e-02	5.09730e-01
  8.52e-02	  2.32e-02	5.09807e-01
  8.52e-02	  2.37e-02	5.09868e-01
  8.52e-02	  2.42e-02	5.09916e-01
  8.52e-02	  2.47e-02	5.09952e-01
  8.52e-02	  2.53e-02	5.09978e-01
  8.52e-02	  2.58e-02	5.09992e-01
  8.52e-02	  2.63e-02	5.09993e-01
  8.52e-02	  2.68e-02	5.09978e-01
  8.52e-02	  2.73e-02	5.09942e-01
  8.52e-02	  2.79e-02	5.09880e-01
  8.52e-02	  2.84e-02	5.09786e-01
  8.52e-02	  2.89e-02	5.09653e-01
  8.52e-02	  2.94e-02	5.09474e-01
  8.52e-02	  2.99e-02	5.09239e-01
  8.52e-02	  3.05e-02	5.08938e-01
  8.52e-02	  3.10e-02	5.08562e-01
  8.52e-02	  3.15e-02	5.08100e-01
  8.52e-02	  3.20e-02	5.07538e-01
  8.52e-02	  3.26e-02	5.06864e-01
  8.52e-02	  3.31e-02	5.06063e-01
  8.52e-02	  3.36e-02	5.05116e-01
  8.52e-02	  3.41e-02	5.04004e-01
  8.52e-02	  3.46e-02	5.02701e-01
  8.52e-02	  3.52e-02	5.01175e-01
  8.52e-02	  3.57e-02	4.99387e-01
  8.52e-02	  3.62e-02	4.97282e-01
  8.52e-02	  3.67e-02	4.94784e-01
  8.52e-02	  3.72e-02	4.91780e-01
  8.52e-02	  3.78e-02	4.88101e-01
  8.52e-02	  3.83e-02	4.83465e-01
  8.52e-02	  3.88e-02	4.77370e-01
  8.52e-02	  3.93e-02	4.68799e-01
  8.52e-02	  3.98e-02	4.47394e-01
  8.52e-02	  4.04e-02	2.18674e-33
  8.52e-02	  4.09e-02	3.27895e-66
  8.52e-02	  4.14e-02	4.91666e-99
  8.52e-02	  4.19e-02	7.37233e-132
  8.52e-02	  4.24e-02	1.10545e-164
  8.52e-02	  4.30e-02	1.65757e-197
  8.52e-02	  4.35e-02	2.48545e-230
  8.52e-02	  4.40e-02	3.72680e-263
  8.52e-02	  4.45e-02	5.58813e-296
  8.52e-02	  4.51e-02	0.00000e+00
  8.52e-02	  4.56e-02	0.00000e+00
  8.52e-02	  4.61e-02	0.00000e+00
  8.52e-02	  4.66e-02	0.00000e+00
  8.52e-02	  4.71e-02	0.00000e+00
  8.52e-02	  4.77e-02	0.00000e+00
  8.52e-02	  4.82e-02	0.00000e+00
  8.52e-02	  4.87e-02	0.00000e+00
  8.52e-02	  4.92e-02	0.00000e+00
  8.52e-02	  4.97e-02	0.00000e+00

  8.59e-02	  2.60e-04	0.00000e+00
  8.59e-02	  7.81e-04	0.00000e+00
  8.59e-02	  1.30e-03	0.00000e+00
  8.59e-02	  1.82e-03	0.00000e+00
  8.59e-02	  2.34e-03	0.00000e+00
  8.59e-02	  2.86e-03	0.00000e+00
  8.59e-02	  3.39e-03	0.00000e+00
  8.59e-02	  3.91e-03	0.00000e+00
  8.59e-02	  4.43e-03	0.00000e+00
  8.59e-02	  4.95e-03	5.54849e-296
  8.59e-02	  5.47e-03	3.70042e-263
  8.59e-02	  5.99e-03	2.46790e-230
  8.59e-02	  6.51e-03	1.64590e-197
  8.59e-02	  7.03e-03	1.09768e-164
  8.59e-02	  7.55e-03	7.32066e-132
  8.59e-02	  8.07e-03	4.88228e-99
  8.59e-02	  8.59e-03	3.25607e-66
  8.59e-02	  9.11e-03	2.17152e-33
  8.59e-02	  9.64e-03	4.45086e-01
  8.59e-02	  1.02e-02	4.67084e-01
  8.59e-02	  1.07e-02	4.75876e-01
  8.59e-02	  1.12e-02	4.82106e-01
  8.59e-02	  1.17e-02	4.86838e-01
  8.59e-02	  1.22e-02	4.90591e-01
  8.59e-02	  1.28e-02	4.93657e-01
  8.59e-02	  1.33e-02	4.96213e-01
  8.59e-02	  1.38e-02	4.98372e-01
  8.59e-02	  1.43e-02	5.00212e-01
  8.59e-02	  1.48e-02	5.01790e-01
  8.59e-02	  1.54e-02	5.03145e-01
  8.59e-02	  1.59e-02	5.04311e-01
  8.59e-02	  1.64e-02	5.05312e-01
  8.59e-02	  1.69e-02	5.06170e-01
  8.59e-02	  1.74e-02	5.06901e-01
  8.59e-02	  1.80e-02	5.07521e-01
  8.59e-02	  1.85e-02	5.08043e-01
  8.59e-02	  1.90e-02	5.08480e-01
  8.59e-02	  1.95e-02	5.08842e-01
  8.59e-02	  2.01e-02	5.09140e-01
  8.59e-02	  2.06e-02	5.09384e-01
  8.59e-02	  2.11e-02	5.09581e-01
  8.59e-02	  2.16e-02	5.09739e-01
  8.59e-02	  2.21e-02	5.09866e-01
  8.59e-02	  2.27e-02	5.09966e-01
  8.59e-02	  2.32e-02	5.10047e-01
  8.59e-02	  2.37e-02	5.10110e-01
  8.59e-02	  2.42e-02	5.10159e-01
  8.59e-02	  2.47e-02	5.10197e-01
  8.59e-02	  2.53e-02	5.10222e-01
  8.59e-02	  2.58e-02	5.10235e-01
  8.59e-02	  2.63e-02	5.10234e-01
  8.59e-02	  2.68e-02	5.10215e-01
  8.59e-02	  2.73e-02	5.10175e-01
  8.59e-02	  2.79e-02	5.10108e-01
  8.59e-02	  2.84e-02	5.10008e-01
  8.59e-02	  2.89e-02	5.09868e-01
  8.59e-02	  2.94e-02	5.09680e-01
  8.59e-02	  2.99e-02	5.09436e-01
  8.59e-02	  3.05e-02	5.09125e-01
  8.59e-02	  3.10e-02	5.08738e-01
  8.59e-02	  3.15e-02	5.08263e-01
  8.59e-02	  3.20e-02	5.07688e-01
  8.59e-02	  3.26e-02	5.06998e-01
  8.59e-02	  3.31e-02	5.06180e-01
  8.59e-02	  3.36e-02	5.05214e-01
  8.59e-02	  3.41e-02	5.04081e-01
  8.59e-02	  3.46e-02	5.02753e-01
  8.59e-02	  3.52e-02	5.01201e-01
  8.59e-02	  3.57e-02	4.99381e-01
  8.59e-02	  3.62e-02	4.97238e-01
  8.59e-02	  3.67e-02	4.94694e-01
  8.59e-02	  3.72e-02	4.91634e-01
  8.59e-02	  3.78e-02	4.87880e-01
  8.59e-02	  3.83e-02	4.83139e-01
  8.59e-02	  3.88e-02	4.76888e-01
  8.59e-02	  3.93e-02	4.68051e-01
  8.59e-02	  3.98e-02	4.45924e-01
  8.59e-02	  4.04e-02	2.17704e-33
  8.59e-02	  4.09e-02	3.26437e-66
  8.59e-02	  4.14e-02	4.89475e-99
  8.59e-02	  4.19e-02	7.33940e-132
  8.59e-02	  4.24e-02	1.10050e-164
  8.59e-02	  4.30e-02	1.65013e-197
  8.59e-02	  4.35e-02	2.47426e-230
  8.59e-02	  4.40e-02	3.70999e-263
  8.59e-02	  4.45e-02	5.56287e-296
  8.59e-02	  4.51e-02	0.00000e+00
  8.59e-02	  4.56e-02	0.00000e+00
  8.59e-02	  4.61e-02	0.00000e+00
  8.59e-02	  4.66e-02	0.00000e+00
  8.59e-02	  4.71e-02	0.00000e+00
  8.59e-02	  4.77e-02	0.00000e+00
  8.59e-02	  4.82e-02	0.00000e+00
  8.59e-02	  4.87e-02	0.00000e+00
  8.59e-02	  4.92e-02	0.00000e+00
  8.59e-02	  4.97e-02	0.00000e+00

  8.67e-02	  2.60e-04	0.00000e+00
  8.67e-02	  7.81e-04	0.00000e+00
  8.67e-02	  1.30e-03	0.00000e+00
  8.67e-02	  1.82e-03	0.00000e+00
  8.67e-02	  2.34e-03	0.00000e+00
  8.67e-02	  2.86e-03	0.00000e+00
  8.67e-02	  3.39e-03	0.00000e+00
  8.67e-02	  3.91e-03	0.00000e+00
  8.67e-02	  4.43e-03	0.00000e+00
  8.67e-02	  4.95e-03	5.52298e-296
  8.67e-02	  5.47e-03	3.68345e-263
  8.67e-02	  5.99e-03	2.45661e-230
  8.67e-02	  6.51e-03	1.63838e-197
  8.67e-02	  7.03e-03	1.09268e-164
  8.67e-02	  7.55e-03	7.28741e-132
  8.67e-02	  8.07e-03	4.86016e-99
  8.67e-02	  8.59e-03	3.24135e-66
  8.67e-02	  9.11e-03	2.16173e-33
  8.67e-02	  9.64e-03	4.43598e-01
  8.67e-02	  1.02e-02	4.66329e-01
  8.67e-02	  1.07e-02	4.75392e-01
  8.67e-02	  1.12e-02	4.81780e-01
  8.67e-02	  1.17e-02	4.86616e-01
  8.67e-02	  1.22e-02	4.90444e-01
  8.67e-02	  1.28e-02	4.93567e-01
  8.67e-02	  1.33e-02	4.96168e-01
  8.67e-02	  1.38e-02	4.98364e-01
  8.67e-02	  1.43e-02	5.00236e-01
  8.67e-02	  1.48e-02	5.01841e-01
  8.67e-02	  1.54e-02	5.03220e-01
  8.67e-02	  1.59e-02	5.04407e-01
  8.67e-02	  1.64e-02	5.05427e-01
  8.67e-02	  1.69e-02	5.06301e-01
  8.67e-02	  1.74e-02	5.07048e-01
  8.67e-02	  1.80e-02	5.07681e-01
  8.67e-02	  1.85e-02	5.08216e-01
  8.67e-02	  1.90e-02	5.08665e-01
  8.67e-02	  1.95e-02	5.09037e-01
  8.67e-02	  2.01e-02	5.09345e-01
  8.67e-02	  2.06e-02	5.09596e-01
  8.67e-02	  2.11e-02	5.09801e-01
  8.67e-02	  2.16e-02	5.09965e-01
  8.67e-02	  2.21e-02	5.10097e-01
  8.67e-02	  2.27e-02	5.10203e-01
  8.67e-02	  2.32e-02	5.10286e-01
  8.67e-02	  2.37e-02	5.10352e-01
  8.67e-02	  2.42e-02	5.10403e-01
  8.67e-02	  2.47e-02	5.10441e-01
  8.67e-02	  2.53e-02	5.10466e-01
  8.67e-02	  2.58e-02	5.10478e-01
  8.67e-02	  2.63e-02	5.10474e-01
  8.67e-02	  2.68e-02	5.10452e-01
  8.67e-02	  2.73e-02	5.10408e-01
  8.67e-02	  2.79e-02	5.10336e-01
  8.67e-02	  2.84e-02	5.10230e-01
  8.67e-02	  2.89e-02	5.10083e-01
  8.67e-02	  2.94e-02	5.09887e-01
  8.67e-02	  2.99e-02	5.09634e-01
  8.67e-02	  3.05e-02	5.09313e-01
  8.67e-02	  3.10e-02	5.08914e-01
  8.67e-02	  3.15e-02	5.08427e-01
  8.67e-02	  3.20e-02	5.07838e-01
  8.67e-02	  3.26e-02	5.07133e-01
  8.67e-02	  3.31e-02	5.06298e-01
  8.67e-02	  3.36e-02	5.05313e-01
  8.67e-02	  3.41e-02	5.04159e-01
  8.67e-02	  3.46e-02	5.02808e-01
  8.67e-02	  3.52e-02	5.01228e-01
  8.67e-02	  3.57e-02	4.99377e-01
  8.67e-02	  3.62e-02	4.97197e-01
  8.67e-02	  3.67e-02	4.94607e-01
  8.67e-02	  3.72e-02	4.91490e-01
  8.67e-02	  3.78e-02	4.87661e-01
  8.67e-02	  3.83e-02	4.82816e-01
  8.67e-02	  3.88e-02	4.76406e-01
  8.67e-02	  3.93e-02	4.67298e-01
  8.67e-02	  3.98e-02	4.44434e-01
  8.67e-02	  4.04e-02	2.16724e-33
  8.67e-02	  4.09e-02	3.24963e-66
  8.67e-02	  4.14e-02	4.87259e-99
  8.67e-02	  4.19e-02	7.30609e-132
  8.67e-02	  4.24e-02	1.09549e-164
  8.67e-02	  4.30e-02	1.64261e-197
  8.67e-02	  4.35e-02	2.46295e-230
  8.67e-02	  4.40e-02	3.69299e-263
  8.67e-02	  4.45e-02	5.53731e-296
  8.67e-02	  4.51e-02	0.00000e+00
  8.67e-02	  4.56e-02	0.00000e+00
  8.67e-02	  4.61e-02	0.00000e+00
  8.67e-02	  4.66e-02	0.00000e+00
  8.67e-02	  4.71e-02	0.00000e+00
  8.67e-02	  4.77e-02	0.00000e+00
  8.67e-02	  4.82e-02	0.00000e+00
  8.67e-02	  4.87e-02	0.00000e+00
  8.67e-02	  4.92e-02	0.00000e+00
  8.67e-02	  4.97e-02	0.00000e+00

  8.75e-02	  2.60e-04	0.00000e+00
  8.75e-02	  7.81e-04	0.00000e+00
  8.75e-02	  1.30e-03	0.00000e+00
  8.75e-02	  1.82e-03	0.00000e+00
  8.75e-02	  2.34e-03	0.00000e+00
  8.75e-02	  2.86e-03	0.00000e+00
  8.75e-02	  3.39e-03	0.00000e+00
  8.75e-02	  3.91e-03	0.00000e+00
  8.75e-02	  4.43e-03	0.00000e+00
  8.75e-02	  4.95e-03	5.49720e-296
  8.75e-02	  5.47e-03	3.66630e-263
  8.75e-02	  5.99e-03	2.44520e-230
  8.75e-02	  6.51e-03	1.63079e-197
  8.75e-02	  7.03e-03	1.08763e-164
  8.75e-02	  7.55e-03	7.25379e-132
  8.75e-02	  8.07e-03	4.83779e-99
  8.75e-02	  8.59e-03	3.22647e-66
  8.75e-02	  9.11e-03	2.15183e-33
  8.75e-02	  9.64e-03	4.42091e-01
  8.75e-02	  1.02e-02	4.65570e-01
  8.75e-02	  1.07e-02	4.74908e-01
  8.75e-02	  1.12e-02	4.81455e-01
  8.75e-02	  1.17e-02	4.86395e-01
  8.75e-02	  1.22e-02	4.90299e-01
  8.75e-02	  1.28e-02	4.93479e-01
  8.75e-02	  1.33e-02	4.96125e-01
  8.75e-02	  1.38e-02	4.98359e-01
  8.75e-02	  1.43e-02	5.00262e-01
  8.75e-02	  1.48e-02	5.01894e-01
  8.75e-02	  1.54e-02	5.03297e-01
  8.75e-02	  1.59e-02	5.04504e-01
  8.75e-02	  1.64e-02	5.05543e-01
  8.75e-02	  1.69e-02	5.06434e-01
  8.75e-02	  1.74e-02	5.07195e-01
  8.75e-02	  1.80e-02	5.07843e-01
  8.75e-02	  1.85e-02	5.08390e-01
  8.75e-02	  1.90e-02	5.08850e-01
  8.75e-02	  1.95e-02	5.09233e-01
  8.75e-02	  2.01e-02	5.09549e-01
  8.75e-02	  2.06e-02	5.09809e-01
  8.75e-02	  2.11e-02	5.10021e-01
  8.75e-02	  2.16e-02	5.10192e-01
  8.75e-02	  2.21e-02	5.10329e-01
  8.75e-02	  2.27e-02	5.10438e-01
  8.75e-02	  2.32e-02	5.10526e-01
  8.75e-02	  2.37e-02	5.10594e-01
  8.75e-02	  2.42e-02	5.10646e-01
  8.75e-02	  2.47e-02	5.10685e-01
  8.75e-02	  2.53e-02	5.10710e-01
  8.75e-02	  2.58e-02	5.10720e-01
  8.75e-02	  2.63e-02	5.10714e-01
  8.75e-02	  2.68e-02	5.10689e-01
  8.75e-02	  2.73e-02	5.10641e-01
  8.75e-02	  2.79e-02	5.10563e-01
  8.75e-02	  2.84e-02	5.10452e-01
  8.75e-02	  2.89e-02	5.10298e-01
  8.75e-02	  2.94e-02	5.10094e-01
  8.75e-02	  2.99e-02	5.09831e-01
  8.75e-02	  3.05e-02	5.09501e-01
  8.75e-02	  3.10e-02	5.09091e-01
  8.75e-02	  3.15e-02	5.08591e-01
  8.75e-02	  3.20e-02	5.07988e-01
  8.75e-02	  3.26e-02	5.07269e-01
  8.75e-02	  3.31e-02	5.06417e-01
  8.75e-02	  3.36e-02	5.05414e-01
  8.75e-02	  3.41e-02	5.04238e-01
  8.75e-02	  3.46e-02	5.02864e-01
  8.75e-02	  3.52e-02	5.01257e-01
  8.75e-02	  3.57e-02	4.99375e-01
  8.75e-02	  3.62e-02	4.97158e-01
  8.75e-02	  3.67e-02	4.94523e-01
  8.75e-02	  3.72e-02	4.91348e-01
  8.75e-02	  3.78e-02	4.87444e-01
  8.75e-02	  3.83e-02	4.82494e-01
  8.75e-02	  3.88e-02	4.75925e-01
  8.75e-02	  3.93e-02	4.66541e-01
  8.75e-02	  3.98e-02	4.42926e-01
  8.75e-02	  4.04e-02	2.15732e-33
  8.75e-02	  4.09e-02	3.23472e-66
  8.75e-02	  4.14e-02	4.85018e-99
  8.75e-02	  4.19e-02	7.27242e-132
  8.75e-02	  4.24e-02	1.09043e-164
  8.75e-02	  4.30e-02	1.63500e-197
  8.75e-02	  4.35e-02	2.45152e-230
  8.75e-02	  4.40e-02	3.67581e-263
  8.75e-02	  4.45e-02	5.51149e-296
  8.75e-02	  4.51e-02	0.00000e+00
  8.75e-02	  4.56e-02	0.00000e+00
  8.75e-02	  4.61e-02	0.00000e+00
  8.75e-02	  4.66e-02	0.00000e+00
  8.75e-02	  4.71e-02	0.00000e+00
  8.75e-02	  4.77e-02	0.00000e+00
  8.75e-02	  4.82e-02	0.00000e+00
  8.75e-02	  4.87e-02	0.00000e+00
  8.75e-02	  4.92e-02	0.00000e+00
  8.75e-02	  4.97e-02	0.00000e+00

  8.83e-02	  2.60e-04	0.00000e+00
  8.83e-02	  7.81e-04	0.00000e+00
  8.83e-02	  1.30e-03	0.00000e+00
  8.83e-02	  1.82e-03	0.00000e+00
  8.83e-02	  2.34e-03	0.00000e+00
  8.83e-02	  2.86e-03	0.00000e+00
  8.83e-02	  3.39e-03	0.00000e+00
  8.83e-02	  3.91e-03	0.00000e+00
  8.83e-02	  4.43e-03	0.00000e+00
  8.83e-02	  4.95e-03	5.47115e-296
  8.83e-02	  5.47e-03	3.64897e-263
  8.83e-02	  5.99e-03	2.43366e-230
  8.83e-02	  6.51e-03	1.62312e-197
  8.83e-02	  7.03e-03	1.08253e-164
  8.83e-02	  7.55e-03	7.21983e-132
  8.83e-02	  8.07e-03	4.81519e-99
  8.83e-02	  8.59e-03	3.21144e-66
  8.83e-02	  9.11e-03	2.14183e-33
  8.83e-02	  9.64e-03	4.40567e-01
  8.83e-02	  1.02e-02	4.64807e-01
  8.83e-02	  1.07e-02	4.74425e-01
  8.83e-02	  1.12e-02	4.81132e-01
  8.83e-02	  1.17e-02	4.86177e-01
  8.83e-02	  1.22e-02	4.90157e-01
  8.83e-02	  1.28e-02	4.93394e-01
  8.83e-02	  1.33e-02	4.96085e-01
  8.83e-02	  1.38e-02	4.98355e-01
  8.83e-02	  1.43e-02	5.00290e-01
  8.83e-02	  1.48e-02	5.01948e-01
  8.83e-02	  1.54e-02	5.03374e-01
  8.83e-02	  1.59e-02	5.04603e-01
  8.83e-02	  1.64e-02	5.05660e-01
  8.83e-02	  1.69e-02	5.06567e-01
  8.83e-02	  1.74e-02	5.07344e-01
  8.83e-02	  1.80e-02	5.08005e-01
  8.83e-02	  1.85e-02	5.08565e-01
  8.83e-02	  1.90e-02	5.09036e-01
  8.83e-02	  1.95e-02	5.09429e-01
  8.83e-02	  2.01e-02	5.09754e-01
  8.83e-02	  2.06e-02	5.10022e-01
  8.83e-02	  2.11e-02	5.10241e-01
  8.83e-02	  2.16e-02	5.10418e-01
  8.83e-02	  2.21e-02	5.10560e-01
  8.83e-02	  2.27e-02	5.10674e-01
  8.83e-02	  2.32e-02	5.10765e-01
  8.83e-02	  2.37e-02	5.10835e-01
  8.83e-02	  2.42e-02	5.10889e-01
  8.83e-02	  2.47e-02	5.10928e-01
  8.83e-02	  2.53e-02	5.10953e-01
  8.83e-02	  2.58e-02	5.10962e-01
  8.83e-02	  2.63e-02	5.10954e-01
  8.83e-02	  2.68e-02	5.10926e-01
  8.83e-02	  2.73e-02	5.10873e-01
  8.83e-02	  2.79e-02	5.10791e-01
  8.83e-02	  2.84e-02	5.10673e-01
  8.83e-02	  2.89e-02	5.10513e-01
  8.83e-02	  2.94e-02	5.10301e-01
  8.83e-02	  2.99e-02	5.10030e-01
  8.83e-02	  3.05e-02	5.09689e-01
  8.83e-02	  3.10e-02	5.09268e-01
  8.83e-02	  3.15e-02	5.08756e-01
  8.83e-02	  3.20e-02	5.08140e-01
  8.83e-02	  3.26e-02	5.07405e-01
  8.83e-02	  3.31e-02	5.06537e-01
  8.83e-02	  3.36e-02	5.05515e-01
  8.83e-02	  3.41e-02	5.04319e-01
  8.83e-02	  3.46e-02	5.02922e-01
  8.83e-02	  3.52e-02	5.01288e-01
  8.83e-02	  3.57e-02	4.99374e-01
  8.83e-02	  3.62e-02	4.97120e-01
  8.83e-02	  3.67e-02	4.94441e-01
  8.83e-02	  3.72e-02	4.91209e-01
  8.83e-02	  3.78e-02	4.87229e-01
  8.83e-02	  3.83e-02	4.82174e-01
  8.83e-02	  3.88e-02	4.75445e-01
  8.83e-02	  3.93e-02	4.65780e-01
  8.83e-02	  3.98e-02	4.41400e-01
  8.83e-02	  4.04e-02	2.14730e-33
  8.83e-02	  4.09e-02	3.21966e-66
  8.83e-02	  4.14e-02	4.82755e-99
  8.83e-02	  4.19e-02	7.23839e-132
  8.83e-02	  4.24e-02	1.08532e-164
  8.83e-02	  4.30e-02	1.62731e-197
  8.83e-02	  4.35e-02	2.43997e-230
  8.83e-02	  4.40e-02	3.65844e-263
  8.83e-02	  4.45e-02	5.48539e-296
  8.83e-02	  4.51e-02	0.00000e+00
  8.83e-02	  4.56e-02	0.00000e+00
  8.83e-02	  4.61e-02	0.00000e+00
  8.83e-02	  4.66e-02	0.00000e+00
  8.83e-02	  4.71e-02	0.00000e+00
  8.83e-02	  4.77e-02	0.00000e+00
  8.83e-02	  4.82e-02	0.00000e+00
  8.83e-02	  4.87e-02	0.00000e+00
  8.83e-02	  4.92e-02	0.00000e+00
  8.83e-02	  4.97e-02	0.00000e+00

  8.91e-02	  2.60e-04	0.00000e+00
  8.91e-02	  7.81e-04	0.00000e+00
  8.91e-02	  1.30e-03	0.00000e+00
  8.91e-02	  1.82e-03	0.00000e+00
  8.91e-02	  2.34e-03	0.00000e+00
  8.91e-02	  2.86e-03	0.00000e+00
  8.91e-02	  3.39e-03	0.00000e+00
  8.91e-02	  3.91e-03	0.00000e+00
  8.91e-02	  4.43e-03	0.00000e+00
  8.91e-02	  4.95e-03	5.44484e-296
  8.91e-02	  5.47e-03	3.63146e-263
  8.91e-02	  5.99e-03	2.42202e-230
  8.91e-02	  6.51e-03	1.61537e-197
  8.91e-02	  7.03e-03	1.07737e-164
  8.91e-02	  7.55e-03	7.18552e-132
  8.91e-02	  8.07e-03	4.79236e-99
  8.91e-02	  8.59e-03	3.19625e-66
  8.91e-02	  9.11e-03	2.13172e-33
  8.91e-02	  9.64e-03	4.39025e-01
  8.91e-02	  1.02e-02	4.64040e-01
  8.91e-02	  1.07e-02	4.73942e-01
  8.91e-02	  1.12e-02	4.80811e-01
  8.91e-02	  1.17e-02	4.85962e-01
  8.91e-02	  1.22e-02	4.90016e-01
  8.91e-02	  1.28e-02	4.93310e-01
  8.91e-02	  1.33e-02	4.96046e-01
  8.91e-02	  1.38e-02	4.98354e-01
  8.91e-02	  1.43e-02	5.00319e-01
  8.91e-02	  1.48e-02	5.02004e-01
  8.91e-02	  1.54e-02	5.03453e-01
  8.91e-02	  1.59e-02	5.04702e-01
  8.91e-02	  1.64e-02	5.05778e-01
  8.91e-02	  1.69e-02	5.06702e-01
  8.91e-02	  1.74e-02	5.07493e-01
  8.91e-02	  1.80e-02	5.08168e-01
  8.91e-02	  1.85e-02	5.08740e-01
  8.91e-02	  1.90e-02	5.09222e-01
  8.91e-02	  1.95e-02	5.09625e-01
  8.91e-02	  2.01e-02	5.09959e-01
  8.91e-02	  2.06e-02	5.10235e-01
  8.91e-02	  2.11e-02	5.10461e-01
  8.91e-02	  2.16e-02	5.10644e-01
  8.91e-02	  2.21e-02	5.10791e-01
  8.91e-02	  2.27e-02	5.10910e-01
  8.91e-02	  2.32e-02	5.11003e-01
  8.91e-02	  2.37e-02	5.11077e-01
  8.91e-02	  2.42e-02	5.11132e-01
  8.91e-02	  2.47e-02	5.11172e-01
  8.91e-02	  2.53e-02	5.11196e-01
  8.91e-02	  2.58e-02	5.11204e-01
  8.91e-02	  2.63e-02	5.11194e-01
  8.91e-02	  2.68e-02	5.11162e-01
  8.91e-02	  2.73e-02	5.11106e-01
  8.91e-02	  2.79e-02	5.11019e-01
  8.91e-02	  2.84e-02	5.10895e-01
  8.91e-02	  2.89e-02	5.10727e-01
  8.91e-02	  2.94e-02	5.10508e-01
  8.91e-02	  2.99e-02	5.10228e-01
  8.91e-02	  3.05e-02	5.09877e-01
  8.91e-02	  3.10e-02	5.09446e-01
  8.91e-02	  3.15e-02	5.08921e-01
  8.91e-02	  3.20e-02	5.08292e-01
  8.91e-02	  3.26e-02	5.07543e-01
  8.91e-02	  3.31e-02	5.06658e-01
  8.91e-02	  3.36e-02	5.05618e-01
  8.91e-02	  3.41e-02	5.04401e-01
  8.91e-02	  3.46e-02	5.02981e-01
  8.91e-02	  3.52e-02	5.01321e-01
  8.91e-02	  3.57e-02	4.99376e-01
  8.91e-02	  3.62e-02	4.97085e-01
  8.91e-02	  3.67e-02	4.94360e-01
  8.91e-02	  3.72e-02	4.91072e-01
  8.91e-02	  3.78e-02	4.87017e-01
  8.91e-02	  3.83e-02	4.81856e-01
  8.91e-02	  3.88e-02	4.74964e-01
  8.91e-02	  3.93e-02	4.65014e-01
  8.91e-02	  3.98e-02	4.39856e-01
  8.91e-02	  4.04e-02	2.13717e-33
  8.91e-02	  4.09e-02	3.20444e-66
  8.91e-02	  4.14e-02	4.80468e-99
  8.91e-02	  4.19e-02	7.20403e-132
  8.91e-02	  4.24e-02	1.08015e-164
  8.91e-02	  4.30e-02	1.61955e-197
  8.91e-02	  4.35e-02	2.42830e-230
  8.91e-02	  4.40e-02	3.64091e-263
  8.91e-02	  4.45e-02	5.45904e-296
  8.91e-02	  4.51e-02	0.00000e+00
  8.91e-02	  4.56e-02	0.00000e+00
  8.91e-02	  4.61e-02	0.00000e+00
  8.91e-02	  4.66e-02	0.00000e+00
  8.91e-02	  4.71e-02	0.00000e+00
  8.91e-02	  4.77e-02	0.00000e+00
  8.91e-02	  4.82e-02	0.00000e+00
  8.91e-02	  4.87e-02	0.00000e+00
  8.91e-02	  4.92e-02	0.00000e+00
  8.91e-02	  4.97e-02	0.00000e+00

  8.98e-02	  2.60e-04	0.00000e+00
  8.98e-02	  7.81e-04	0.00000e+00
  8.98e-02	  1.30e-03	0.00000e+00
  8.98e-02	  1.82e-03	0.00000e+00
  8.98e-02	  2.34e-03	0.00000e+00
  8.98e-02	  2.86e-03	0.00000e+00
  8.98e-02	  3.39e-03	0.00000e+00
  8.98e-02	  3.91e-03	0.00000e+00
  8.98e-02	  4.43e-03	0.00000e+00
  8.98e-02	  4.95e-03	5.41829e-296
  8.98e-02	  5.47e-03	3.61380e-263
  8.98e-02	  5.99e-03	2.41026e-230
  8.98e-02	  6.51e-03	1.60755e-197
  8.98e-02	  7.03e-03	1.07217e-164
  8.98e-02	  7.55e-03	7.15088e-132
  8.98e-02	  8.07e-03	4.76932e-99
  8.98e-02	  8.59e-03	3.18091e-66
  8.98e-02	  9.11e-03	2.12152e-33
  8.98e-02	  9.64e-03	4.37465e-01
  8.98e-02	  1.02e-02	4.63270e-01
  8.98e-02	  1.07e-02	4.73460e-01
  8.98e-02	  1.12e-02	4.80492e-01
  8.98e-02	  1.17e-02	4.85749e-01
  8.98e-02	  1.22e-02	4.89879e-01
  8.98e-02	  1.28e-02	4.93229e-01
  8.98e-02	  1.33e-02	4.96010e-01
  8.98e-02	  1.38e-02	4.98354e-01
  8.98e-02	  1.43e-02	5.00350e-01
  8.98e-02	  1.48e-02	5.02061e-01
  8.98e-02	  1.54e-02	5.03534e-01
  8.98e-02	  1.59e-02	5.04803e-01
  8.98e-02	  1.64e-02	5.05897e-01
  8.98e-02	  1.69e-02	5.06837e-01
  8.98e-02	  1.74e-02	5.07643e-01
  8.98e-02	  1.80e-02	5.08331e-01
  8.98e-02	  1.85e-02	5.08915e-01
  8.98e-02	  1.90e-02	5.09408e-01
  8.98e-02	  1.95e-02	5.09821e-01
  8.98e-02	  2.01e-02	5.10164e-01
  8.98e-02	  2.06e-02	5.10448e-01
  8.98e-02	  2.11e-02	5.10680e-01
  8.98e-02	  2.16e-02	5.10870e-01
  8.98e-02	  2.21e-02	5.11022e-01
  8.98e-02	  2.27e-02	5.11145e-01
  8.98e-02	  2.32e-02	5.11242e-01
  8.98e-02	  2.37e-02	5.11317e-01
  8.98e-02	  2.42e-02	5.11375e-01
  8.98e-02	  2.47e-02	5.11415e-01
  8.98e-02	  2.53e-02	5.11438e-01
  8.98e-02	  2.58e-02	5.11445e-01
  8.98e-02	  2.63e-02	5.11433e-01
  8.98e-02	  2.68e-02	5.11398e-01
  8.98e-02	  2.73e-02	5.11338e-01
  8.98e-02	  2.79e-02	5.11246e-01
  8.98e-02	  2.84e-02	5.11116e-01
  8.98e-02	  2.89e-02	5.10942e-01
  8.98e-02	  2.94e-02	5.10715e-01
  8.98e-02	  2.99e-02	5.10426e-01
  8.98e-02	  3.05e-02	5.10066e-01
  8.98e-02	  3.10e-02	5.09624e-01
  8.98e-02	  3.15e-02	5.09087e-01
  8.98e-02	  3.20e-02	5.08445e-01
  8.98e-02	  3.26e-02	5.07681e-01
  8.98e-02	  3.31e-02	5.06779e-01
  8.98e-02	  3.36e-02	5.05722e-01
  8.98e-02	  3.41e-02	5.04485e-01
  8.98e-02	  3.46e-02	5.03041e-01
  8.98e-02	  3.52e-02	5.01355e-01
  8.98e-02	  3.57e-02	4.99379e-01
  8.98e-02	  3.62e-02	4.97052e-01
  8.98e-02	  3.67e-02	4.94282e-01
  8.98e-02	  3.72e-02	4.90938e-01
  8.98e-02	  3.78e-02	4.86807e-01
  8.98e-02	  3.83e-02	4.81540e-01
  8.98e-02	  3.88e-02	4.74485e-01
  8.98e-02	  3.93e-02	4.64245e-01
  8.98e-02	  3.98e-02	4.38296e-01
  8.98e-02	  4.04e-02	2.12695e-33
  8.98e-02	  4.09e-02	3.18908e-66
  8.98e-02	  4.14e-02	4.78159e-99
  8.98e-02	  4.19e-02	7.16933e-132
  8.98e-02	  4.24e-02	1.07494e-164
  8.98e-02	  4.30e-02	1.61171e-197
  8.98e-02	  4.35e-02	2.41653e-230
  8.98e-02	  4.40e-02	3.62321e-263
  8.98e-02	  4.45e-02	5.43244e-296
  8.98e-02	  4.51e-02	0.00000e+00
  8.98e-02	  4.56e-02	0.00000e+00
  8.98e-02	  4.61e-02	0.00000e+00
  8.98e-02	  4.66e-02	0.00000e+00
  8.98e-02	  4.71e-02	0.00000e+00
  8.98e-02	  4.77e-02	0.00000e+00
  8.98e-02	  4.82e-02	0.00000e+00
  8.98e-02	  4.87e-02	0.00000e+00
  8.98e-02	  4.92e-02	0.00000e+00
  8.98e-02	  4.97e-02	0.00000e+00

  9.06e-02	  2.60e-04	0.00000e+00
  9.06e-02	  7.81e-04	0.00000e+00
  9.06e-02	  1.30e-03	0.00000e+00
  9.06e-02	  1.82e-03	0.00000e+00
  9.06e-02	  2.34e-03	0.00000e+00
  9.06e-02	  2.86e-03	0.00000e+00
  9.06e-02	  3.39e-03	0.00000e+00
  9.06e-02	  3.91e-03	0.00000e+00
  9.06e-02	  4.43e-03	0.00000e+00
  9.06e-02	  4.95e-03	5.39150e-296
  9.06e-02	  5.47e-03	3.59597e-263
  9.06e-02	  5.99e-03	2.39840e-230
  9.06e-02	  6.51e-03	1.59965e-197
  9.06e-02	  7.03e-03	1.06691e-164
  9.06e-02	  7.55e-03	7.11593e-132
  9.06e-02	  8.07e-03	4.74606e-99
  9.06e-02	  8.59e-03	3.16543e-66
  9.06e-02	  9.11e-03	2.11122e-33
  9.06e-02	  9.64e-03	4.35889e-01
  9.06e-02	  1.02e-02	4.62495e-01
  9.06e-02	  1.07e-02	4.72979e-01
  9.06e-02	  1.12e-02	4.80175e-01
  9.06e-02	  1.17e-02	4.85539e-01
  9.06e-02	  1.22e-02	4.89743e-01
  9.06e-02	  1.28e-02	4.93150e-01
  9.06e-02	  1.33e-02	4.95976e-01
  9.06e-02	  1.38e-02	4.98356e-01
  9.06e-02	  1.43e-02	5.00382e-01
  9.06e-02	  1.48e-02	5.02120e-01
  9.06e-02	  1.54e-02	5.03615e-01
  9.06e-02	  1.59e-02	5.04905e-01
  9.06e-02	  1.64e-02	5.06016e-01
  9.06e-02	  1.69e-02	5.06973e-01
  9.06e-02	  1.74e-02	5.07794e-01
  9.06e-02	  1.80e-02	5.08495e-01
  9.06e-02	  1.85e-02	5.09091e-01
  9.06e-02	  1.90e-02	5.09594e-01
  9.06e-02	  1.95e-02	5.10017e-01
  9.06e-02	  2.01e-02	5.10369e-01
  9.06e-02	  2.06e-02	5.10661e-01
  9.06e-02	  2.11e-02	5.10900e-01
  9.06e-02	  2.16e-02	5.11095e-01
  9.06e-02	  2.21e-02	5.11253e-01
  9.06e-02	  2.27e-02	5.11380e-01
  9.06e-02	  2.32e-02	5.11480e-01
  9.06e-02	  2.37e-02	5.11558e-01
  9.06e-02	  2.42e-02	5.11617e-01
  9.06e-02	  2.47e-02	5.11657e-01
  9.06e-02	  2.53e-02	5.11681e-01
  9.06e-02	  2.58e-02	5.11686e-01
  9.06e-02	  2.63e-02	5.11672e-01
  9.06e-02	  2.68e-02	5.11634e-01
  9.06e-02	  2.73e-02	5.11570e-01
  9.06e-02	  2.79e-02	5.11473e-01
  9.06e-02	  2.84e-02	5.11338e-01
  9.06e-02	  2.89e-02	5.11157e-01
  9.06e-02	  2.94e-02	5.10922e-01
  9.06e-02	  2.99e-02	5.10625e-01
  9.06e-02	  3.05e-02	5.10255e-01
  9.06e-02	  3.10e-02	5.09802e-01
  9.06e-02	  3.15e-02	5.09254e-01
  9.06e-02	  3.20e-02	5.08598e-01
  9.06e-02	  3.26e-02	5.07820e-01
  9.06e-02	  3.31e-02	5.06902e-01
  9.06e-02	  3.36e-02	5.05827e-01
  9.06e-02	  3.41e-02	5.04570e-01
  9.06e-02	  3.46e-02	5.03103e-01
  9.06e-02	  3.52e-02	5.01390e-01
  9.06e-02	  3.57e-02	4.99385e-01
  9.06e-02	  3.62e-02	4.97021e-01
  9.06e-02	  3.67e-02	4.94207e-01
  9.06e-02	  3.72e-02	4.90805e-01
  9.06e-02	  3.78e-02	4.86600e-01
  9.06e-02	  3.83e-02	4.81226e-01
  9.06e-02	  3.88e-02	4.74005e-01
  9.06e-02	  3.93e-02	4.63472e-01
  9.06e-02	  3.98e-02	4.36718e-01
  9.06e-02	  4.04e-02	2.11663e-33
  9.06e-02	  4.09e-02	3.17357e-66
  9.06e-02	  4.14e-02	4.75829e-99
  9.06e-02	  4.19e-02	7.13432e-132
  9.06e-02	  4.24e-02	1.06968e-164
  9.06e-02	  4.30e-02	1.60381e-197
  9.06e-02	  4.35e-02	2.40464e-230
  9.06e-02	  4.40e-02	3.60536e-263
  9.06e-02	  4.45e-02	5.40561e-296
  9.06e-02	  4.51e-02	0.00000e+00
  9.06e-02	  4.56e-02	0.00000e+00
  9.06e-02	  4.61e-02	0.00000e+00
  9.06e-02	  4.66e-02	0.00000e+00
  9.06e-02	  4.71e-02	0.00000e+00
  9.06e-02	  4.77e-02	0.00000e+00
  9.06e-02	  4.82e-02	0.00000e+00
  9.06e-02	  4.87e-02	0.00000e+00
  9.06e-02	  4.92e-02	0.00000e+00
  9.06e-02	  4.97e-02	0.00000e+00

  9.14e-02	  2.60e-04	0.00000e+00
  9.14e-02	  7.81e-04	0.00000e+00
  9.14e-02	  1.30e-03	0.00000e+00
  9.14e-02	  1.82e-03	0.00000e+00
  9.14e-02	  2.34e-03	0.00000e+00
  9.14e-02	  2.86e-03	0.00000e+00
  9.14e-02	  3.39e-03	0.00000e+00
  9.14e-02	  3.91e-03	0.00000e+00
  9.14e-02	  4.43e-03	0.00000e+00
  9.14e-02	  4.95e-03	5.36449e-296
  9.14e-02	  5.47e-03	3.57800e-263
  9.14e-02	  5.99e-03	2.38644e-230
  9.14e-02	  6.51e-03	1.59169e-197
  9.14e-02	  7.03e-03	1.06162e-164
  9.14e-02	  7.55e-03	7.08068e-132
  9.14e-02	  8.07e-03	4.72260e-99
  9.14e-02	  8.59e-03	3.14982e-66
  9.14e-02	  9.11e-03	2.10083e-33
  9.14e-02	  9.64e-03	4.34297e-01
  9.14e-02	  1.02e-02	4.61717e-01
  9.14e-02	  1.07e-02	4.72498e-01
  9.14e-02	  1.12e-02	4.79860e-01
  9.14e-02	  1.17e-02	4.85330e-01
  9.14e-02	  1.22e-02	4.89610e-01
  9.14e-02	  1.28e-02	4.93074e-01
  9.14e-02	  1.33e-02	4.95944e-01
  9.14e-02	  1.38e-02	4.98360e-01
  9.14e-02	  1.43e-02	5.00417e-01
  9.14e-02	  1.48e-02	5.02180e-01
  9.14e-02	  1.54e-02	5.03698e-01
  9.14e-02	  1.59e-02	5.05008e-01
  9.14e-02	  1.64e-02	5.06137e-01
  9.14e-02	  1.69e-02	5.07110e-01
  9.14e-02	  1.74e-02	5.07945e-01
  9.14e-02	  1.80e-02	5.08659e-01
  9.14e-02	  1.85e-02	5.09267e-01
  9.14e-02	  1.90e-02	5.09781e-01
  9.14e-02	  1.95e-02	5.10214e-01
  9.14e-02	  2.01e-02	5.10575e-01
  9.14e-02	  2.06e-02	5.10874e-01
  9.14e-02	  2.11e-02	5.11120e-01
  9.14e-02	  2.16e-02	5.11321e-01
  9.14e-02	  2.21e-02	5.11484e-01
  9.14e-02	  2.27e-02	5.11614e-01
  9.14e-02	  2.32e-02	5.11718e-01
  9.14e-02	  2.37e-02	5.11798e-01
  9.14e-02	  2.42e-02	5.11858e-01
  9.14e-02	  2.47e-02	5.11899e-01
  9.14e-02	  2.53e-02	5.11923e-01
  9.14e-02	  2.58e-02	5.11927e-01
  9.14e-02	  2.63e-02	5.11910e-01
  9.14e-02	  2.68e-02	5.11870e-01
  9.14e-02	  2.73e-02	5.11802e-01
  9.14e-02	  2.79e-02	5.11700e-01
  9.14e-02	  2.84e-02	5.11559e-01
  9.14e-02	  2.89e-02	5.11372e-01
  9.14e-02	  2.94e-02	5.11129e-01
  9.14e-02	  2.99e-02	5.10824e-01
  9.14e-02	  3.05e-02	5.10444e-01
  9.14e-02	  3.10e-02	5.09981e-01
  9.14e-02	  3.15e-02	5.09421e-01
  9.14e-02	  3.20e-02	5.08752e-01
  9.14e-02	  3.26e-02	5.07959e-01
  9.14e-02	  3.31e-02	5.07026e-01
  9.14e-02	  3.36e-02	5.05933e-01
  9.14e-02	  3.41e-02	5.04656e-01
  9.14e-02	  3.46e-02	5.03166e-01
  9.14e-02	  3.52e-02	5.01428e-01
  9.14e-02	  3.57e-02	4.99392e-01
  9.14e-02	  3.62e-02	4.96992e-01
  9.14e-02	  3.67e-02	4.94133e-01
  9.14e-02	  3.72e-02	4.90675e-01
  9.14e-02	  3.78e-02	4.86394e-01
  9.14e-02	  3.83e-02	4.80914e-01
  9.14e-02	  3.88e-02	4.73527e-01
  9.14e-02	  3.93e-02	4.62695e-01
  9.14e-02	  3.98e-02	4.35125e-01
  9.14e-02	  4.04e-02	2.10623e-33
  9.14e-02	  4.09e-02	3.15794e-66
  9.14e-02	  4.14e-02	4.73479e-99
  9.14e-02	  4.19e-02	7.09900e-132
  9.14e-02	  4.24e-02	1.06437e-164
  9.14e-02	  4.30e-02	1.59583e-197
  9.14e-02	  4.35e-02	2.39266e-230
  9.14e-02	  4.40e-02	3.58735e-263
  9.14e-02	  4.45e-02	5.37855e-296
  9.14e-02	  4.51e-02	0.00000e+00
  9.14e-02	  4.56e-02	0.00000e+00
  9.14e-02	  4.61e-02	0.00000e+00
  9.14e-02	  4.66e-02	0.00000e+00
  9.14e-02	  4.71e-02	0.00000e+00
  9.14e-02	  4.77e-02	0.00000e+00
  9.14e-02	  4.82e-02	0.00000e+00
  9.14e-02	  4.87e-02	0.00000e+00
  9.14e-02	  4.92e-02	0.00000e+00
  9.14e-02	  4.97e-02	0.00000e+00

  9.22e-02	  2.60e-04	0.00000e+00
  9.22e-02	  7.81e-04	0.00000e+00
  9.22e-02	  1.30e-03	0.00000e+00
  9.22e-02	  1.82e-03	0.00000e+00
  9.22e-02	  2.34e-03	0.00000e+00
  9.22e-02	  2.86e-03	0.00000e+00
  9.22e-02	  3.39e-03	0.00000e+00
  9.22e-02	  3.91e-03	0.00000e+00
  9.22e-02	  4.43e-03	0.00000e+00
  9.22e-02	  4.95e-03	5.33726e-296
  9.22e-02	  5.47e-03	3.55988e-263
  9.22e-02	  5.99e-03	2.37438e-230
  9.22e-02	  6.51e-03	1.58367e-197
  9.22e-02	  7.03e-03	1.05628e-164
  9.22e-02	  7.55e-03	7.04514e-132
  9.22e-02	  8.07e-03	4.69895e-99
  9.22e-02	  8.59e-03	3.13408e-66
  9.22e-02	  9.11e-03	2.09035e-33
  9.22e-02	  9.64e-03	4.32690e-01
  9.22e-02	  1.02e-02	4.60935e-01
  9.22e-02	  1.07e-02	4.72017e-01
  9.22e-02	  1.12e-02	4.79547e-01
  9.22e-02	  1.17e-02	4.85124e-01
  9.22e-02	  1.22e-02	4.89479e-01
  9.22e-02	  1.28e-02	4.92999e-01
  9.22e-02	  1.33e-02	4.95913e-01
  9.22e-02	  1.38e-02	4.98366e-01
  9.22e-02	  1.43e-02	5.00453e-01
  9.22e-02	  1.48e-02	5.02242e-01
  9.22e-02	  1.54e-02	5.03783e-01
  9.22e-02	  1.59e-02	5.05112e-01
  9.22e-02	  1.64e-02	5.06259e-01
  9.22e-02	  1.69e-02	5.07247e-01
  9.22e-02	  1.74e-02	5.08097e-01
  9.22e-02	  1.80e-02	5.08824e-01
  9.22e-02	  1.85e-02	5.09444e-01
  9.22e-02	  1.90e-02	5.09968e-01
  9.22e-02	  1.95e-02	5.10410e-01
  9.22e-02	  2.01e-02	5.10780e-01
  9.22e-02	  2.06e-02	5.11087e-01
  9.22e-02	  2.11e-02	5.11339e-01
  9.22e-02	  2.16e-02	5.11546e-01
  9.22e-02	  2.21e-02	5.11714e-01
  9.22e-02	  2.27e-02	5.11849e-01
  9.22e-02	  2.32e-02	5.11955e-01
  9.22e-02	  2.37e-02	5.12038e-01
  9.22e-02	  2.42e-02	5.12099e-01
  9.22e-02	  2.47e-02	5.12141e-01
  9.22e-02	  2.53e-02	5.12164e-01
  9.22e-02	  2.58e-02	5.12167e-01
  9.22e-02	  2.63e-02	5.12148e-01
  9.22e-02	  2.68e-02	5.12105e-01
  9.22e-02	  2.73e-02	5.12033e-01
  9.22e-02	  2.79e-02	5.11927e-01
  9.22e-02	  2.84e-02	5.11780e-01
  9.22e-02	  2.89e-02	5.11586e-01
  9.22e-02	  2.94e-02	5.11337e-01
  9.22e-02	  2.99e-02	5.11022e-01
  9.22e-02	  3.05e-02	5.10634e-01
  9.22e-02	  3.10e-02	5.10159e-01
  9.22e-02	  3.15e-02	5.09588e-01
  9.22e-02	  3.20e-02	5.08907e-01
  9.22e-02	  3.26e-02	5.08100e-01
  9.22e-02	  3.31e-02	5.07151e-01
  9.22e-02	  3.36e-02	5.06040e-01
  9.22e-02	  3.41e-02	5.04743e-01
  9.22e-02	  3.46e-02	5.03231e-01
  9.22e-02	  3.52e-02	5.01467e-01
  9.22e-02	  3.57e-02	4.99400e-01
  9.22e-02	  3.62e-02	4.96964e-01
  9.22e-02	  3.67e-02	4.94061e-01
  9.22e-02	  3.72e-02	4.90547e-01
  9.22e-02	  3.78e-02	4.86191e-01
  9.22e-02	  3.83e-02	4.80603e-01
  9.22e-02	  3.88e-02	4.73049e-01
  9.22e-02	  3.93e-02	4.61914e-01
  9.22e-02	  3.98e-02	4.33516e-01
  9.22e-02	  4.04e-02	2.09573e-33
  9.22e-02	  4.09e-02	3.14217e-66
  9.22e-02	  4.14e-02	4.71110e-99
  9.22e-02	  4.19e-02	7.06340e-132
  9.22e-02	  4.24e-02	1.05902e-164
  9.22e-02	  4.30e-02	1.58779e-197
  9.22e-02	  4.35e-02	2.38058e-230
  9.22e-02	  4.40e-02	3.56920e-263
  9.22e-02	  4.45e-02	5.35128e-296
  9.22e-02	  4.51e-02	0.00000e+00
  9.22e-02	  4.56e-02	0.00000e+00
  9.22e-02	  4.61e-02	0.00000e+00
  9.22e-02	  4.66e-02	0.00000e+00
  9.22e-02	  4.71e-02	0.00000e+00
  9.22e-02	  4.77e-02	0.00000e+00
  9.22e-02	  4.82e-02	0.00000e+00
  9.22e-02	  4.87e-02	0.00000e+00
  9.22e-02	  4.92e-02	0.00000e+00
  9.22e-02	  4.97e-02	0.00000e+00

  9.30e-02	  2.60e-04	0.00000e+00
  9.30e-02	  7.81e-04	0.00000e+00
  9.30e-02	  1.30e-03	0.00000e+00
  9.30e-02	  1.82e-03	0.00000e+00
  9.30e-02	  2.34e-03	0.00000e+00
  9.30e-02	  2.86e-03	0.00000e+00
  9.30e-02	  3.39e-03	0.00000e+00
  9.30e-02	  3.91e-03	0.00000e+00
  9.30e-02	  4.43e-03	0.00000e+00
  9.30e-02	  4.95e-03	5.30983e-296
  9.30e-02	  5.47e-03	3.54162e-263
  9.30e-02	  5.99e-03	2.36223e-230
  9.30e-02	  6.51e-03	1.57558e-197
  9.30e-02	  7.03e-03	1.05089e-164
  9.30e-02	  7.55e-03	7.00933e-132
  9.30e-02	  8.07e-03	4.67511e-99
  9.30e-02	  8.59e-03	3.11822e-66
  9.30e-02	  9.11e-03	2.07980e-33
  9.30e-02	  9.64e-03	4.31068e-01
  9.30e-02	  1.02e-02	4.60150e-01
  9.30e-02	  1.07e-02	4.71538e-01
  9.30e-02	  1.12e-02	4.79235e-01
  9.30e-02	  1.17e-02	4.84920e-01
  9.30e-02	  1.22e-02	4.89350e-01
  9.30e-02	  1.28e-02	4.92927e-01
  9.30e-02	  1.33e-02	4.95885e-01
  9.30e-02	  1.38e-02	4.98373e-01
  9.30e-02	  1.43e-02	5.00490e-01
  9.30e-02	  1.48e-02	5.02305e-01
  9.30e-02	  1.54e-02	5.03868e-01
  9.30e-02	  1.59e-02	5.05217e-01
  9.30e-02	  1.64e-02	5.06382e-01
  9.30e-02	  1.69e-02	5.07386e-01
  9.30e-02	  1.74e-02	5.08249e-01
  9.30e-02	  1.80e-02	5.08989e-01
  9.30e-02	  1.85e-02	5.09621e-01
  9.30e-02	  1.90e-02	5.10156e-01
  9.30e-02	  1.95e-02	5.10607e-01
  9.30e-02	  2.01e-02	5.10985e-01
  9.30e-02	  2.06e-02	5.11299e-01
  9.30e-02	  2.11e-02	5.11559e-01
  9.30e-02	  2.16e-02	5.11771e-01
  9.30e-02	  2.21e-02	5.11944e-01
  9.30e-02	  2.27e-02	5.12083e-01
  9.30e-02	  2.32e-02	5.12193e-01
  9.30e-02	  2.37e-02	5.12277e-01
  9.30e-02	  2.42e-02	5.12340e-01
  9.30e-02	  2.47e-02	5.12383e-01
  9.30e-02	  2.53e-02	5.12405e-01
  9.30e-02	  2.58e-02	5.12407e-01
  9.30e-02	  2.63e-02	5.12386e-01
  9.30e-02	  2.68e-02	5.12340e-01
  9.30e-02	  2.73e-02	5.12264e-01
  9.30e-02	  2.79e-02	5.12153e-01
  9.30e-02	  2.84e-02	5.12001e-01
  9.30e-02	  2.89e-02	5.11801e-01
  9.30e-02	  2.94e-02	5.11544e-01
  9.30e-02	  2.99e-02	5.11221e-01
  9.30e-02	  3.05e-02	5.10823e-01
  9.30e-02	  3.10e-02	5.10339e-01
  9.30e-02	  3.15e-02	5.09756e-01
  9.30e-02	  3.20e-02	5.09062e-01
  9.30e-02	  3.26e-02	5.08241e-01
  9.30e-02	  3.31e-02	5.07276e-01
  9.30e-02	  3.36e-02	5.06147e-01
  9.30e-02	  3.41e-02	5.04831e-01
  9.30e-02	  3.46e-02	5.03297e-01
  9.30e-02	  3.52e-02	5.01507e-01
  9.30e-02	  3.57e-02	4.99411e-01
  9.30e-02	  3.62e-02	4.96939e-01
  9.30e-02	  3.67e-02	4.93992e-01
  9.30e-02	  3.72e-02	4.90421e-01
  9.30e-02	  3.78e-02	4.85990e-01
  9.30e-02	  3.83e-02	4.80295e-01
  9.30e-02	  3.88e-02	4.72572e-01
  9.30e-02	  3.93e-02	4.61130e-01
  9.30e-02	  3.98e-02	4.31892e-01
  9.30e-02	  4.04e-02	2.08516e-33
  9.30e-02	  4.09e-02	3.12628e-66
  9.30e-02	  4.14e-02	4.68723e-99
  9.30e-02	  4.19e-02	7.02753e-132
  9.30e-02	  4.24e-02	1.05363e-164
  9.30e-02	  4.30e-02	1.57970e-197
  9.30e-02	  4.35e-02	2.36841e-230
  9.30e-02	  4.40e-02	3.55091e-263
  9.30e-02	  4.45e-02	5.32380e-296
  9.30e-02	  4.51e-02	0.00000e+00
  9.30e-02	  4.56e-02	0.00000e+00
  9.30e-02	  4.61e-02	0.00000e+00
  9.30e-02	  4.66e-02	0.00000e+00
  9.30e-02	  4.71e-02	0.00000e+00
  9.30e-02	  4.77e-02	0.00000e+00
  9.30e-02	  4.82e-02	0.00000e+00
  9.30e-02	  4.87e-02	0.00000e+00
  9.30e-02	  4.92e-02	0.00000e+00
  9.30e-02	  4.97e-02	0.00000e+00

  9.37e-02	  2.60e-04	0.00000e+00
  9.37e-02	  7.81e-04	0.00000e+00
  9.37e-02	  1.30e-03	0.00000e+00
  9.37e-02	  1.82e-03	0.00000e+00
  9.37e-02	  2.34e-03	0.00000e+00
  9.37e-02	  2.86e-03	0.00000e+00
  9.37e-02	  3.39e-03	0.00000e+00
  9.37e-02	  3.91e-03	0.00000e+00
  9.37e-02	  4.43e-03	0.00000e+00
  9.37e-02	  4.95e-03	5.28221e-296
  9.37e-02	  5.47e-03	3.52324e-263
  9.37e-02	  5.99e-03	2.34999e-230
  9.37e-02	  6.51e-03	1.56744e-197
  9.37e-02	  7.03e-03	1.04548e-164
  9.37e-02	  7.55e-03	6.97326e-132
  9.37e-02	  8.07e-03	4.65111e-99
  9.37e-02	  8.59e-03	3.10225e-66
  9.37e-02	  9.11e-03	2.06916e-33
  9.37e-02	  9.64e-03	4.29431e-01
  9.37e-02	  1.02e-02	4.59361e-01
  9.37e-02	  1.07e-02	4.71059e-01
  9.37e-02	  1.12e-02	4.78926e-01
  9.37e-02	  1.17e-02	4.84718e-01
  9.37e-02	  1.22e-02	4.89223e-01
  9.37e-02	  1.28e-02	4.92856e-01
  9.37e-02	  1.33e-02	4.95858e-01
  9.37e-02	  1.38e-02	4.98382e-01
  9.37e-02	  1.43e-02	5.00529e-01
  9.37e-02	  1.48e-02	5.02369e-01
  9.37e-02	  1.54e-02	5.03955e-01
  9.37e-02	  1.59e-02	5.05323e-01
  9.37e-02	  1.64e-02	5.06505e-01
  9.37e-02	  1.69e-02	5.07525e-01
  9.37e-02	  1.74e-02	5.08402e-01
  9.37e-02	  1.80e-02	5.09155e-01
  9.37e-02	  1.85e-02	5.09798e-01
  9.37e-02	  1.90e-02	5.10343e-01
  9.37e-02	  1.95e-02	5.10804e-01
  9.37e-02	  2.01e-02	5.11190e-01
  9.37e-02	  2.06e-02	5.11512e-01
  9.37e-02	  2.11e-02	5.11778e-01
  9.37e-02	  2.16e-02	5.11996e-01
  9.37e-02	  2.21e-02	5.12174e-01
  9.37e-02	  2.27e-02	5.12316e-01
  9.37e-02	  2.32e-02	5.12429e-01
  9.37e-02	  2.37e-02	5.12516e-01
  9.37e-02	  2.42e-02	5.12581e-01
  9.37e-02	  2.47e-02	5.12624e-01
  9.37e-02	  2.53e-02	5.12646e-01
  9.37e-02	  2.58e-02	5.12646e-01
  9.37e-02	  2.63e-02	5.12624e-01
  9.37e-02	  2.68e-02	5.12575e-01
  9.37e-02	  2.73e-02	5.12495e-01
  9.37e-02	  2.79e-02	5.12380e-01
  9.37e-02	  2.84e-02	5.12222e-01
  9.37e-02	  2.89e-02	5.12015e-01
  9.37e-02	  2.94e-02	5.11751e-01
  9.37e-02	  2.99e-02	5.11420e-01
  9.37e-02	  3.05e-02	5.11013e-01
  9.37e-02	  3.10e-02	5.10518e-01
  9.37e-02	  3.15e-02	5.09924e-01
  9.37e-02	  3.20e-02	5.09217e-01
  9.37e-02	  3.26e-02	5.08382e-01
  9.37e-02	  3.31e-02	5.07402e-01
  9.37e-02	  3.36e-02	5.06256e-01
  9.37e-02	  3.41e-02	5.04921e-01
  9.37e-02	  3.46e-02	5.03364e-01
  9.37e-02	  3.52e-02	5.01549e-01
  9.37e-02	  3.57e-02	4.99423e-01
  9.37e-02	  3.62e-02	4.96915e-01
  9.37e-02	  3.67e-02	4.93924e-01
  9.37e-02	  3.72e-02	4.90297e-01
  9.37e-02	  3.78e-02	4.85791e-01
  9.37e-02	  3.83e-02	4.79988e-01
  9.37e-02	  3.88e-02	4.72095e-01
  9.37e-02	  3.93e-02	4.60343e-01
  9.37e-02	  3.98e-02	4.30254e-01
  9.37e-02	  4.04e-02	2.07451e-33
  9.37e-02	  4.09e-02	3.11028e-66
  9.37e-02	  4.14e-02	4.66318e-99
  9.37e-02	  4.19e-02	6.99140e-132
  9.37e-02	  4.24e-02	1.04820e-164
  9.37e-02	  4.30e-02	1.57154e-197
  9.37e-02	  4.35e-02	2.35616e-230
  9.37e-02	  4.40e-02	3.53250e-263
  9.37e-02	  4.45e-02	5.29613e-296
  9.37e-02	  4.51e-02	0.00000e+00
  9.37e-02	  4.56e-02	0.00000e+00
  9.37e-02	  4.61e-02	0.00000e+00
  9.37e-02	  4.66e-02	0.00000e+00
  9.37e-02	  4.71e-02	0.00000e+00
  9.37e-02	  4.77e-02	0.00000e+00
  9.37e-02	  4.82e-02	0.00000e+00
  9.37e-02	  4.87e-02	0.00000e+00
  9.37e-02	  4.92e-02	0.00000e+00
  9.37e-02	  4.97e-02	0.00000e+00

  9.45e-02	  2.60e-04	0.00000e+00
  9.45e-02	  7.81e-04	0.00000e+00
  9.45e-02	  1.30e-03	0.00000e+00
  9.45e-02	  1.82e-03	0.00000e+00
  9.45e-02	  2.34e-03	0.00000e+00
  9.45e-02	  2.86e-03	0.00000e+00
  9.45e-02	  3.39e-03	0.00000e+00
  9.45e-02	  3.91e-03	0.00000e+00
  9.45e-02	  4.43e-03	0.00000e+00
  9.45e-02	  4.95e-03	5.25441e-296
  9.45e-02	  5.47e-03	3.50474e-263
  9.45e-02	  5.99e-03	2.33768e-230
  9.45e-02	  6.51e-03	1.55924e-197
  9.45e-02	  7.03e-03	1.04002e-164
  9.45e-02	  7.55e-03	6.93695e-132
  9.45e-02	  8.07e-03	4.62694e-99
  9.45e-02	  8.59e-03	3.08616e-66
  9.45e-02	  9.11e-03	2.05846e-33
  9.45e-02	  9.64e-03	4.27781e-01
  9.45e-02	  1.02e-02	4.58569e-01
  9.45e-02	  1.07e-02	4.70580e-01
  9.45e-02	  1.12e-02	4.78618e-01
  9.45e-02	  1.17e-02	4.84518e-01
  9.45e-02	  1.22e-02	4.89099e-01
  9.45e-02	  1.28e-02	4.92788e-01
  9.45e-02	  1.33e-02	4.95834e-01
  9.45e-02	  1.38e-02	4.98393e-01
  9.45e-02	  1.43e-02	5.00570e-01
  9.45e-02	  1.48e-02	5.02435e-01
  9.45e-02	  1.54e-02	5.04042e-01
  9.45e-02	  1.59e-02	5.05430e-01
  9.45e-02	  1.64e-02	5.06629e-01
  9.45e-02	  1.69e-02	5.07664e-01
  9.45e-02	  1.74e-02	5.08556e-01
  9.45e-02	  1.80e-02	5.09321e-01
  9.45e-02	  1.85e-02	5.09975e-01
  9.45e-02	  1.90e-02	5.10531e-01
  9.45e-02	  1.95e-02	5.11001e-01
  9.45e-02	  2.01e-02	5.11396e-01
  9.45e-02	  2.06e-02	5.11725e-01
  9.45e-02	  2.11e-02	5.11997e-01
  9.45e-02	  2.16e-02	5.12221e-01
  9.45e-02	  2.21e-02	5.12403e-01
  9.45e-02	  2.27e-02	5.12550e-01
  9.45e-02	  2.32e-02	5.12666e-01
  9.45e-02	  2.37e-02	5.12755e-01
  9.45e-02	  2.42e-02	5.12821e-01
  9.45e-02	  2.47e-02	5.12864e-01
  9.45e-02	  2.53e-02	5.12886e-01
  9.45e-02	  2.58e-02	5.12885e-01
  9.45e-02	  2.63e-02	5.12861e-01
  9.45e-02	  2.68e-02	5.12809e-01
  9.45e-02	  2.73e-02	5.12726e-01
  9.45e-02	  2.79e-02	5.12606e-01
  9.45e-02	  2.84e-02	5.12443e-01
  9.45e-02	  2.89e-02	5.12230e-01
  9.45e-02	  2.94e-02	5.11958e-01
  9.45e-02	  2.99e-02	5.11619e-01
  9.45e-02	  3.05e-02	5.11203e-01
  9.45e-02	  3.10e-02	5.10698e-01
  9.45e-02	  3.15e-02	5.10093e-01
  9.45e-02	  3.20e-02	5.09373e-01
  9.45e-02	  3.26e-02	5.08525e-01
  9.45e-02	  3.31e-02	5.07529e-01
  9.45e-02	  3.36e-02	5.06366e-01
  9.45e-02	  3.41e-02	5.05011e-01
  9.45e-02	  3.46e-02	5.03433e-01
  9.45e-02	  3.52e-02	5.01592e-01
  9.45e-02	  3.57e-02	4.99437e-01
  9.45e-02	  3.62e-02	4.96894e-01
  9.45e-02	  3.67e-02	4.93859e-01
  9.45e-02	  3.72e-02	4.90176e-01
  9.45e-02	  3.78e-02	4.85594e-01
  9.45e-02	  3.83e-02	4.79683e-01
  9.45e-02	  3.88e-02	4.71619e-01
  9.45e-02	  3.93e-02	4.59552e-01
  9.45e-02	  3.98e-02	4.28602e-01
  9.45e-02	  4.04e-02	2.06379e-33
  9.45e-02	  4.09e-02	3.09417e-66
  9.45e-02	  4.14e-02	4.63898e-99
  9.45e-02	  4.19e-02	6.95503e-132
  9.45e-02	  4.24e-02	1.04274e-164
  9.45e-02	  4.30e-02	1.56333e-197
  9.45e-02	  4.35e-02	2.34382e-230
  9.45e-02	  4.40e-02	3.51397e-263
  9.45e-02	  4.45e-02	5.26829e-296
  9.45e-02	  4.51e-02	0.00000e+00
  9.45e-02	  4.56e-02	0.00000e+00
  9.45e-02	  4.61e-02	0.00000e+00
  9.45e-02	  4.66e-02	0.00000e+00
  9.45e-02	  4.71e-02	0.00000e+00
  9.45e-02	  4.77e-02	0.00000e+00
  9.45e-02	  4.82e-02	0.00000e+00
  9.45e-02	  4.87e-02	0.00000e+00
  9.45e-02	  4.92e-02	0.00000e+00
  9.45e-02	  4.97e-02	0.00000e+00

  9.53e-02	  2.60e-04	0.00000e+00
  9.53e-02	  7.81e-04	0.00000e+00
  9.53e-02	  1.30e-03	0.00000e+00
  9.53e-02	  1.82e-03	0.00000e+00
  9.53e-02	  2.34e-03	0.00000e+00
  9.53e-02	  2.86e-03	0.00000e+00
  9.53e-02	  3.39e-03	0.00000e+00
  9.53e-02	  3.91e-03	0.00000e+00
  9.53e-02	  4.43e-03	0.00000e+00
  9.53e-02	  4.95e-03	5.22645e-296
  9.53e-02	  5.47e-03	3.48612e-263
  9.53e-02	  5.99e-03	2.32529e-230
  9.53e-02	  6.51e-03	1.55100e-197
  9.53e-02	  7.03e-03	1.03453e-164
  9.53e-02	  7.55e-03	6.90042e-132
  9.53e-02	  8.07e-03	4.60263e-99
  9.53e-02	  8.59e-03	3.06998e-66
  9.53e-02	  9.11e-03	2.04769e-33
  9.53e-02	  9.64e-03	4.26118e-01
  9.53e-02	  1.02e-02	4.57773e-01
  9.53e-02	  1.07e-02	4.70103e-01
  9.53e-02	  1.12e-02	4.78312e-01
  9.53e-02	  1.17e-02	4.84321e-01
  9.53e-02	  1.22e-02	4.88976e-01
  9.53e-02	  1.28e-02	4.92721e-01
  9.53e-02	  1.33e-02	4.95811e-01
  9.53e-02	  1.38e-02	4.98406e-01
  9.53e-02	  1.43e-02	5.00612e-01
  9.53e-02	  1.48e-02	5.02502e-01
  9.53e-02	  1.54e-02	5.04131e-01
  9.53e-02	  1.59e-02	5.05538e-01
  9.53e-02	  1.64e-02	5.06754e-01
  9.53e-02	  1.69e-02	5.07805e-01
  9.53e-02	  1.74e-02	5.08710e-01
  9.53e-02	  1.80e-02	5.09488e-01
  9.53e-02	  1.85e-02	5.10153e-01
  9.53e-02	  1.90e-02	5.10719e-01
  9.53e-02	  1.95e-02	5.11198e-01
  9.53e-02	  2.01e-02	5.11601e-01
  9.53e-02	  2.06e-02	5.11937e-01
  9.53e-02	  2.11e-02	5.12216e-01
  9.53e-02	  2.16e-02	5.12445e-01
  9.53e-02	  2.21e-02	5.12632e-01
  9.53e-02	  2.27e-02	5.12783e-01
  9.53e-02	  2.32e-02	5.12902e-01
  9.53e-02	  2.37e-02	5.12993e-01
  9.53e-02	  2.42e-02	5.13060e-01
  9.53e-02	  2.47e-02	5.13104e-01
  9.53e-02	  2.53e-02	5.13126e-01
  9.53e-02	  2.58e-02	5.13124e-01
  9.53e-02	  2.63e-02	5.13098e-01
  9.53e-02	  2.68e-02	5.13043e-01
  9.53e-02	  2.73e-02	5.12956e-01
  9.53e-02	  2.79e-02	5.12831e-01
  9.53e-02	  2.84e-02	5.12663e-01
  9.53e-02	  2.89e-02	5.12444e-01
  9.53e-02	  2.94e-02	5.12165e-01
  9.53e-02	  2.99e-02	5.11818e-01
  9.53e-02	  3.05e-02	5.11393e-01
  9.53e-02	  3.10e-02	5.10878e-01
  9.53e-02	  3.15e-02	5.10262e-01
  9.53e-02	  3.20e-02	5.09530e-01
  9.53e-02	  3.26e-02	5.08668e-01
  9.53e-02	  3.31e-02	5.07657e-01
  9.53e-02	  3.36e-02	5.06477e-01
  9.53e-02	  3.41e-02	5.05103e-01
  9.53e-02	  3.46e-02	5.03503e-01
  9.53e-02	  3.52e-02	5.01637e-01
  9.53e-02	  3.57e-02	4.99452e-01
  9.53e-02	  3.62e-02	4.96874e-01
  9.53e-02	  3.67e-02	4.93795e-01
  9.53e-02	  3.72e-02	4.90056e-01
  9.53e-02	  3.78e-02	4.85399e-01
  9.53e-02	  3.83e-02	4.79379e-01
  9.53e-02	  3.88e-02	4.71143e-01
  9.53e-02	  3.93e-02	4.58758e-01
  9.53e-02	  3.98e-02	4.26937e-01
  9.53e-02	  4.04e-02	2.05300e-33
  9.53e-02	  4.09e-02	3.07796e-66
  9.53e-02	  4.14e-02	4.61462e-99
  9.53e-02	  4.19e-02	6.91844e-132
  9.53e-02	  4.24e-02	1.03724e-164
  9.53e-02	  4.30e-02	1.55507e-197
  9.53e-02	  4.35e-02	2.33141e-230
  9.53e-02	  4.40e-02	3.49532e-263
  9.53e-02	  4.45e-02	5.24028e-296
  9.53e-02	  4.51e-02	0.00000e+00
  9.53e-02	  4.56e-02	0.00000e+00
  9.53e-02	  4.61e-02	0.00000e+00
  9.53e-02	  4.66e-02	0.00000e+00
  9.53e-02	  4.71e-02	0.00000e+00
  9.53e-02	  4.77e-02	0.00000e+00
  9.53e-02	  4.82e-02	0.00000e+00
  9.53e-02	  4.87e-02	0.00000e+00
  9.53e-02	  4.92e-02	0.00000e+00
  9.53e-02	  4.97e-02	0.00000e+00

  9.61e-02	  2.60e-04	0.00000e+00
  9.61e-02	  7.81e-04	0.00000e+00
  9.61e-02	  1.30e-03	0.00000e+00
  9.61e-02	  1.82e-03	0.00000e+00
  9.61e-02	  2.34e-03	0.00000e+00
  9.61e-02	  2.86e-03	0.00000e+00
  9.61e-02	  3.39e-03	0.00000e+00
  9.61e-02	  3.91e-03	0.00000e+00
  9.61e-02	  4.43e-03	0.00000e+00
  9.61e-02	  4.95e-03	5.19833e-296
  9.61e-02	  5.47e-03	3.46741e-263
  9.61e-02	  5.99e-03	2.31283e-230
  9.61e-02	  6.51e-03	1.54271e-197
  9.61e-02	  7.03e-03	1.02901e-164
  9.61e-02	  7.55e-03	6.86368e-132
  9.61e-02	  8.07e-03	4.57817e-99
  9.61e-02	  8.59e-03	3.05370e-66
  9.61e-02	  9.11e-03	2.03685e-33
  9.61e-02	  9.64e-03	4.24442e-01
  9.61e-02	  1.02e-02	4.56975e-01
  9.61e-02	  1.07e-02	4.69626e-01
  9.61e-02	  1.12e-02	4.78008e-01
  9.61e-02	  1.17e-02	4.84125e-01
  9.61e-02	  1.22e-02	4.88856e-01
  9.61e-02	  1.28e-02	4.92657e-01
  9.61e-02	  1.33e-02	4.95790e-01
  9.61e-02	  1.38e-02	4.98420e-01
  9.61e-02	  1.43e-02	5.00655e-01
  9.61e-02	  1.48e-02	5.02570e-01
  9.61e-02	  1.54e-02	5.04221e-01
  9.61e-02	  1.59e-02	5.05647e-01
  9.61e-02	  1.64e-02	5.06880e-01
  9.61e-02	  1.69e-02	5.07946e-01
  9.61e-02	  1.74e-02	5.08865e-01
  9.61e-02	  1.80e-02	5.09655e-01
  9.61e-02	  1.85e-02	5.10331e-01
  9.61e-02	  1.90e-02	5.10907e-01
  9.61e-02	  1.95e-02	5.11395e-01
  9.61e-02	  2.01e-02	5.11806e-01
  9.61e-02	  2.06e-02	5.12150e-01
  9.61e-02	  2.11e-02	5.12435e-01
  9.61e-02	  2.16e-02	5.12670e-01
  9.61e-02	  2.21e-02	5.12861e-01
  9.61e-02	  2.27e-02	5.13015e-01
  9.61e-02	  2.32e-02	5.13137e-01
  9.61e-02	  2.37e-02	5.13231e-01
  9.61e-02	  2.42e-02	5.13299e-01
  9.61e-02	  2.47e-02	5.13344e-01
  9.61e-02	  2.53e-02	5.13365e-01
  9.61e-02	  2.58e-02	5.13362e-01
  9.61e-02	  2.63e-02	5.13334e-01
  9.61e-02	  2.68e-02	5.13276e-01
  9.61e-02	  2.73e-02	5.13186e-01
  9.61e-02	  2.79e-02	5.13057e-01
  9.61e-02	  2.84e-02	5.12883e-01
  9.61e-02	  2.89e-02	5.12658e-01
  9.61e-02	  2.94e-02	5.12372e-01
  9.61e-02	  2.99e-02	5.12017e-01
  9.61e-02	  3.05e-02	5.11583e-01
  9.61e-02	  3.10e-02	5.11058e-01
  9.61e-02	  3.15e-02	5.10431e-01
  9.61e-02	  3.20e-02	5.09687e-01
  9.61e-02	  3.26e-02	5.08811e-01
  9.61e-02	  3.31e-02	5.07785e-01
  9.61e-02	  3.36e-02	5.06589e-01
  9.61e-02	  3.41e-02	5.05195e-01
  9.61e-02	  3.46e-02	5.03574e-01
  9.61e-02	  3.52e-02	5.01683e-01
  9.61e-02	  3.57e-02	4.99469e-01
  9.61e-02	  3.62e-02	4.96856e-01
  9.61e-02	  3.67e-02	4.93734e-01
  9.61e-02	  3.72e-02	4.89938e-01
  9.61e-02	  3.78e-02	4.85206e-01
  9.61e-02	  3.83e-02	4.79077e-01
  9.61e-02	  3.88e-02	4.70668e-01
  9.61e-02	  3.93e-02	4.57960e-01
  9.61e-02	  3.98e-02	4.25261e-01
  9.61e-02	  4.04e-02	2.04214e-33
  9.61e-02	  4.09e-02	3.06165e-66
  9.61e-02	  4.14e-02	4.59013e-99
  9.61e-02	  4.19e-02	6.88164e-132
  9.61e-02	  4.24e-02	1.03171e-164
  9.61e-02	  4.30e-02	1.54676e-197
  9.61e-02	  4.35e-02	2.31894e-230
  9.61e-02	  4.40e-02	3.47658e-263
  9.61e-02	  4.45e-02	5.21212e-296
  9.61e-02	  4.51e-02	0.00000e+00
  9.61e-02	  4.56e-02	0.00000e+00
  9.61e-02	  4.61e-02	0.00000e+00
  9.61e-02	  4.66e-02	0.00000e+00
  9.61e-02	  4.71e-02	0.00000e+00
  9.61e-02	  4.77e-02	0.00000e+00
  9.61e-02	  4.82e-02	0.00000e+00
  9.61e-02	  4.87e-02	0.00000e+00
  9.61e-02	  4.92e-02	0.00000e+00
  9.61e-02	  4.97e-02	0.00000e+00

  9.69e-02	  2.60e-04	0.00000e+00
  9.69e-02	  7.81e-04	0.00000e+00
  9.69e-02	  1.30e-03	0.00000e+00
  9.69e-02	  1.82e-03	0.00000e+00
  9.69e-02	  2.34e-03	0.00000e+00
  9.69e-02	  2.86e-03	0.00000e+00
  9.69e-02	  3.39e-03	0.00000e+00
  9.69e-02	  3.91e-03	0.00000e+00
  9.69e-02	  4.43e-03	0.00000e+00
  9.69e-02	  4.95e-03	5.17008e-296
  9.69e-02	  5.47e-03	3.44860e-263
  9.69e-02	  5.99e-03	2.30031e-230
  9.69e-02	  6.51e-03	1.53437e-197
  9.69e-02	  7.03e-03	1.02346e-164
  9.69e-02	  7.55e-03	6.82675e-132
  9.69e-02	  8.07e-03	4.55359e-99
  9.69e-02	  8.59e-03	3.03734e-66
  9.69e-02	  9.11e-03	2.02596e-33
  9.69e-02	  9.64e-03	4.22755e-01
  9.69e-02	  1.02e-02	4.56174e-01
  9.69e-02	  1.07e-02	4.69149e-01
  9.69e-02	  1.12e-02	4.77705e-01
  9.69e-02	  1.17e-02	4.83931e-01
  9.69e-02	  1.22e-02	4.88737e-01
  9.69e-02	  1.28e-02	4.92594e-01
  9.69e-02	  1.33e-02	4.95771e-01
  9.69e-02	  1.38e-02	4.98435e-01
  9.69e-02	  1.43e-02	5.00700e-01
  9.69e-02	  1.48e-02	5.02640e-01
  9.69e-02	  1.54e-02	5.04312e-01
  9.69e-02	  1.59e-02	5.05757e-01
  9.69e-02	  1.64e-02	5.07007e-01
  9.69e-02	  1.69e-02	5.08087e-01
  9.69e-02	  1.74e-02	5.09020e-01
  9.69e-02	  1.80e-02	5.09822e-01
  9.69e-02	  1.85e-02	5.10509e-01
  9.69e-02	  1.90e-02	5.11095e-01
  9.69e-02	  1.95e-02	5.11592e-01
  9.69e-02	  2.01e-02	5.12011e-01
  9.69e-02	  2.06e-02	5.12362e-01
  9.69e-02	  2.11e-02	5.12653e-01
  9.69e-02	  2.16e-02	5.12893e-01
  9.69e-02	  2.21e-02	5.13089e-01
  9.69e-02	  2.27e-02	5.13247e-01
  9.69e-02	  2.32e-02	5.13372e-01
  9.69e-02	  2.37e-02	5.13468e-01
  9.69e-02	  2.42e-02	5.13538e-01
  9.69e-02	  2.47e-02	5.13583e-01
  9.69e-02	  2.53e-02	5.13604e-01
  9.69e-02	  2.58e-02	5.13600e-01
  9.69e-02	  2.63e-02	5.13570e-01
  9.69e-02	  2.68e-02	5.13509e-01
  9.69e-02	  2.73e-02	5.13415e-01
  9.69e-02	  2.79e-02	5.13282e-01
  9.69e-02	  2.84e-02	5.13103e-01
  9.69e-02	  2.89e-02	5.12872e-01
  9.69e-02	  2.94e-02	5.12579e-01
  9.69e-02	  2.99e-02	5.12216e-01
  9.69e-02	  3.05e-02	5.11773e-01
  9.69e-02	  3.10e-02	5.11239e-01
  9.69e-02	  3.15e-02	5.10600e-01
  9.69e-02	  3.20e-02	5.09844e-01
  9.69e-02	  3.26e-02	5.08955e-01
  9.69e-02	  3.31e-02	5.07914e-01
  9.69e-02	  3.36e-02	5.06701e-01
  9.69e-02	  3.41e-02	5.05289e-01
  9.69e-02	  3.46e-02	5.03646e-01
  9.69e-02	  3.52e-02	5.01731e-01
  9.69e-02	  3.57e-02	4.99488e-01
  9.69e-02	  3.62e-02	4.96839e-01
  9.69e-02	  3.67e-02	4.93674e-01
  9.69e-02	  3.72e-02	4.89823e-01
  9.69e-02	  3.78e-02	4.85014e-01
  9.69e-02	  3.83e-02	4.78777e-01
  9.69e-02	  3.88e-02	4.70194e-01
  9.69e-02	  3.93e-02	4.57160e-01
  9.69e-02	  3.98e-02	4.23572e-01
  9.69e-02	  4.04e-02	2.03123e-33
  9.69e-02	  4.09e-02	3.04526e-66
  9.69e-02	  4.14e-02	4.56550e-99
  9.69e-02	  4.19e-02	6.84466e-132
  9.69e-02	  4.24e-02	1.02616e-164
  9.69e-02	  4.30e-02	1.53842e-197
  9.69e-02	  4.35e-02	2.30640e-230
  9.69e-02	  4.40e-02	3.45774e-263
  9.69e-02	  4.45e-02	5.18382e-296
  9.69e-02	  4.51e-02	0.00000e+00
  9.69e-02	  4.56e-02	0.00000e+00
  9.69e-02	  4.61e-02	0.00000e+00
  9.69e-02	  4.66e-02	0.00000e+00
  9.69e-02	  4.71e-02	0.00000e+00
  9.69e-02	  4.77e-02	0.00000e+00
  9.69e-02	  4.82e-02	0.00000e+00
  9.69e-02	  4.87e-02	0.00000e+00
  9.69e-02	  4.92e-02	0.00000e+00
  9.69e-02	  4.97e-02	0.00000e+00

  9.77e-02	  2.60e-04	0.00000e+00
  9.77e-02	  7.81e-04	0.00000e+00
  9.77e-02	  1.30e-03	0.00000e+00
  9.77e-02	  1.82e-03	0.00000e+00
  9.77e-02	  2.34e-03	0.00000e+00
  9.77e-02	  2.86e-03	0.00000e+00
  9.77e-02	  3.39e-03	0.00000e+00
  9.77e-02	  3.91e-03	0.00000e+00
  9.77e-02	  4.43e-03	0.00000e+00
  9.77e-02	  4.95e-03	5.14170e-296
  9.77e-02	  5.47e-03	3.42971e-263
  9.77e-02	  5.99e-03	2.28774e-230
  9.77e-02	  6.51e-03	1.52600e-197
  9.77e-02	  7.03e-03	1.01789e-164
  9.77e-02	  7.55e-03	6.78964e-132
  9.77e-02	  8.07e-03	4.52889e-99
  9.77e-02	  8.59e-03	3.02089e-66
  9.77e-02	  9.11e-03	2.01501e-33
  9.77e-02	  9.64e-03	4.21058e-01
  9.77e-02	  1.02e-02	4.55369e-01
  9.77e-02	  1.07e-02	4.68673e-01
  9.77e-02	  1.12e-02	4.77404e-01
  9.77e-02	  1.17e-02	4.83739e-01
  9.77e-02	  1.22e-02	4.88621e-01
  9.77e-02	  1.28e-02	4.92533e-01
  9.77e-02	  1.33e-02	4.95753e-01
  9.77e-02	  1.38e-02	4.98453e-01
  9.77e-02	  1.43e-02	5.00746e-01
  9.77e-02	  1.48e-02	5.02711e-01
  9.77e-02	  1.54e-02	5.04404e-01
  9.77e-02	  1.59e-02	5.05867e-01
  9.77e-02	  1.64e-02	5.07134e-01
  9.77e-02	  1.69e-02	5.08229e-01
  9.77e-02	  1.74e-02	5.09175e-01
  9.77e-02	  1.80e-02	5.09989e-01
  9.77e-02	  1.85e-02	5.10687e-01
  9.77e-02	  1.90e-02	5.11283e-01
  9.77e-02	  1.95e-02	5.11789e-01
  9.77e-02	  2.01e-02	5.12216e-01
  9.77e-02	  2.06e-02	5.12574e-01
  9.77e-02	  2.11e-02	5.12871e-01
  9.77e-02	  2.16e-02	5.13117e-01
  9.77e-02	  2.21e-02	5.13318e-01
  9.77e-02	  2.27e-02	5.13479e-01
  9.77e-02	  2.32e-02	5.13607e-01
  9.77e-02	  2.37e-02	5.13705e-01
  9.77e-02	  2.42e-02	5.13776e-01
  9.77e-02	  2.47e-02	5.13821e-01
  9.77e-02	  2.53e-02	5.13842e-01
  9.77e-02	  2.58e-02	5.13837e-01
  9.77e-02	  2.63e-02	5.13805e-01
  9.77e-02	  2.68e-02	5.13742e-01
  9.77e-02	  2.73e-02	5.13644e-01
  9.77e-02	  2.79e-02	5.13507e-01
  9.77e-02	  2.84e-02	5.13323e-01
  9.77e-02	  2.89e-02	5.13085e-01
  9.77e-02	  2.94e-02	5.12786e-01
  9.77e-02	  2.99e-02	5.12415e-01
  9.77e-02	  3.05e-02	5.11964e-01
  9.77e-02	  3.10e-02	5.11419e-01
  9.77e-02	  3.15e-02	5.10770e-01
  9.77e-02	  3.20e-02	5.10002e-01
  9.77e-02	  3.26e-02	5.09100e-01
  9.77e-02	  3.31e-02	5.08044e-01
  9.77e-02	  3.36e-02	5.06814e-01
  9.77e-02	  3.41e-02	5.05384e-01
  9.77e-02	  3.46e-02	5.03720e-01
  9.77e-02	  3.52e-02	5.01780e-01
  9.77e-02	  3.57e-02	4.99507e-01
  9.77e-02	  3.62e-02	4.96824e-01
  9.77e-02	  3.67e-02	4.93616e-01
  9.77e-02	  3.72e-02	4.89709e-01
  9.77e-02	  3.78e-02	4.84825e-01
  9.77e-02	  3.83e-02	4.78478e-01
  9.77e-02	  3.88e-02	4.69720e-01
  9.77e-02	  3.93e-02	4.56357e-01
  9.77e-02	  3.98e-02	4.21873e-01
  9.77e-02	  4.04e-02	2.02027e-33
  9.77e-02	  4.09e-02	3.02880e-66
  9.77e-02	  4.14e-02	4.54077e-99
  9.77e-02	  4.19e-02	6.80750e-132
  9.77e-02	  4.24e-02	1.02057e-164
  9.77e-02	  4.30e-02	1.53003e-197
  9.77e-02	  4.35e-02	2.29380e-230
  9.77e-02	  4.40e-02	3.43882e-263
  9.77e-02	  4.45e-02	5.15540e-296
  9.77e-02	  4.51e-02	0.00000e+00
  9.77e-02	  4.56e-02	0.00000e+00
  9.77e-02	  4.61e-02	0.00000e+00
  9.77e-02	  4.66e-02	0.00000e+00
  9.77e-02	  4.71e-02	0.00000e+00
  9.77e-02	  4.77e-02	0.00000e+00
  9.77e-02	  4.82e-02	0.00000e+00
  9.77e-02	  4.87e-02	0.00000e+00
  9.77e-02	  4.92e-02	0.00000e+00
  9.77e-02	  4.97e-02	0.00000e+00

  9.84e-02	  2.60e-04	0.00000e+00
  9.84e-02	  7.81e-04	0.00000e+00
  9.84e-02	  1.30e-03	0.00000e+00
  9.84e-02	  1.82e-03	0.00000e+00
  9.84e-02	  2.34e-03	0.00000e+00
  9.84e-02	  2.86e-03	0.00000e+00
  9.84e-02	  3.39e-03	0.00000e+00
  9.84e-02	  3.91e-03	0.00000e+00
  9.84e-02	  4.43e-03	0.00000e+00
  9.84e-02	  4.95e-03	5.11321e-296
  9.84e-02	  5.47e-03	3.41074e-263
  9.84e-02	  5.99e-03	2.27511e-230
  9.84e-02	  6.51e-03	1.51759e-197
  9.84e-02	  7.03e-03	1.01229e-164
  9.84e-02	  7.55e-03	6.75239e-132
  9.84e-02	  8.07e-03	4.50409e-99
  9.84e-02	  8.59e-03	3.00438e-66
  9.84e-02	  9.11e-03	2.00402e-33
  9.84e-02	  9.64e-03	4.19350e-01
  9.84e-02	  1.02e-02	4.54562e-01
  9.84e-02	  1.07e-02	4.68197e-01
  9.84e-02	  1.12e-02	4.77104e-01
  9.84e-02	  1.17e-02	4.83548e-01
  9.84e-02	  1.22e-02	4.88506e-01
  9.84e-02	  1.28e-02	4.92474e-01
  9.84e-02	  1.33e-02	4.95737e-01
  9.84e-02	  1.38e-02	4.98471e-01
  9.84e-02	  1.43e-02	5.00793e-01
  9.84e-02	  1.48e-02	5.02782e-01
  9.84e-02	  1.54e-02	5.04497e-01
  9.84e-02	  1.59e-02	5.05979e-01
  9.84e-02	  1.64e-02	5.07262e-01
  9.84e-02	  1.69e-02	5.08372e-01
  9.84e-02	  1.74e-02	5.09331e-01
  9.84e-02	  1.80e-02	5.10157e-01
  9.84e-02	  1.85e-02	5.10866e-01
  9.84e-02	  1.90e-02	5.11472e-01
  9.84e-02	  1.95e-02	5.11986e-01
  9.84e-02	  2.01e-02	5.12421e-01
  9.84e-02	  2.06e-02	5.12785e-01
  9.84e-02	  2.11e-02	5.13089e-01
  9.84e-02	  2.16e-02	5.13340e-01
  9.84e-02	  2.21e-02	5.13545e-01
  9.84e-02	  2.27e-02	5.13711e-01
  9.84e-02	  2.32e-02	5.13841e-01
  9.84e-02	  2.37e-02	5.13941e-01
  9.84e-02	  2.42e-02	5.14013e-01
  9.84e-02	  2.47e-02	5.14060e-01
  9.84e-02	  2.53e-02	5.14080e-01
  9.84e-02	  2.58e-02	5.14074e-01
  9.84e-02	  2.63e-02	5.14040e-01
  9.84e-02	  2.68e-02	5.13974e-01
  9.84e-02	  2.73e-02	5.13873e-01
  9.84e-02	  2.79e-02	5.13731e-01
  9.84e-02	  2.84e-02	5.13542e-01
  9.84e-02	  2.89e-02	5.13299e-01
  9.84e-02	  2.94e-02	5.12992e-01
  9.84e-02	  2.99e-02	5.12614e-01
  9.84e-02	  3.05e-02	5.12154e-01
  9.84e-02	  3.10e-02	5.11600e-01
  9.84e-02	  3.15e-02	5.10940e-01
  9.84e-02	  3.20e-02	5.10161e-01
  9.84e-02	  3.26e-02	5.09245e-01
  9.84e-02	  3.31e-02	5.08175e-01
  9.84e-02	  3.36e-02	5.06928e-01
  9.84e-02	  3.41e-02	5.05479e-01
  9.84e-02	  3.46e-02	5.03794e-01
  9.84e-02	  3.52e-02	5.01830e-01
  9.84e-02	  3.57e-02	4.99529e-01
  9.84e-02	  3.62e-02	4.96811e-01
  9.84e-02	  3.67e-02	4.93559e-01
  9.84e-02	  3.72e-02	4.89597e-01
  9.84e-02	  3.78e-02	4.84637e-01
  9.84e-02	  3.83e-02	4.78181e-01
  9.84e-02	  3.88e-02	4.69246e-01
  9.84e-02	  3.93e-02	4.55551e-01
  9.84e-02	  3.98e-02	4.20164e-01
  9.84e-02	  4.04e-02	2.00926e-33
  9.84e-02	  4.09e-02	3.01226e-66
  9.84e-02	  4.14e-02	4.51593e-99
  9.84e-02	  4.19e-02	6.77019e-132
  9.84e-02	  4.24e-02	1.01497e-164
  9.84e-02	  4.30e-02	1.52161e-197
  9.84e-02	  4.35e-02	2.28115e-230
  9.84e-02	  4.40e-02	3.41982e-263
  9.84e-02	  4.45e-02	5.12686e-296
  9.84e-02	  4.51e-02	0.00000e+00
  9.84e-02	  4.56e-02	0.00000e+00
  9.84e-02	  4.61e-02	0.00000e+00
  9.84e-02	  4.66e-02	0.00000e+00
  9.84e-02	  4.71e-02	0.00000e+00
  9.84e-02	  4.77e-02	0.00000e+00
  9.84e-02	  4.82e-02	0.00000e+00
  9.84e-02	  4.87e-02	0.00000e+00
  9.84e-02	  4.92e-02	0.00000e+00
  9.84e-02	  4.97e-02	0.00000e+00

  9.92e-02	  2.60e-04	0.00000e+00
  9.92e-02	  7.81e-04	0.00000e+00
  9.92e-02	  1.30e-03	0.00000e+00
  9.92e-02	  1.82e-03	0.00000e+00
  9.92e-02	  2.34e-03	0.00000e+00
  9.92e-02	  2.86e-03	0.00000e+00
  9.92e-02	  3.39e-03	0.00000e+00
  9.92e-02	  3.91e-03	0.00000e+00
  9.92e-02	  4.43e-03	0.00000e+00
  9.92e-02	  4.95e-03	5.08462e-296
  9.92e-02	  5.47e-03	3.39171e-263
  9.92e-02	  5.99e-03	2.26244e-230
  9.92e-02	  6.51e-03	1.50916e-197
  9.92e-02	  7.03e-03	1.00668e-164
  9.92e-02	  7.55e-03	6.71500e-132
  9.92e-02	  8.07e-03	4.47919e-99
  9.92e-02	  8.59e-03	2.98781e-66
  9.92e-02	  9.11e-03	1.99299e-33
  9.92e-02	  9.64e-03	4.17633e-01
  9.92e-02	  1.02e-02	4.53752e-01
  9.92e-02	  1.07e-02	4.67722e-01
  9.92e-02	  1.12e-02	4.76805e-01
  9.92e-02	  1.17e-02	4.83360e-01
  9.92e-02	  1.22e-02	4.88393e-01
  9.92e-02	  1.28e-02	4.92416e-01
  9.92e-02	  1.33e-02	4.95722e-01
  9.92e-02	  1.38e-02	4.98491e-01
  9.92e-02	  1.43e-02	5.00842e-01
  9.92e-02	  1.48e-02	5.02855e-01
  9.92e-02	  1.54e-02	5.04590e-01
  9.92e-02	  1.59e-02	5.06091e-01
  9.92e-02	  1.64e-02	5.07390e-01
  9.92e-02	  1.69e-02	5.08515e-01
  9.92e-02	  1.74e-02	5.09487e-01
  9.92e-02	  1.80e-02	5.10325e-01
  9.92e-02	  1.85e-02	5.11045e-01
  9.92e-02	  1.90e-02	5.11660e-01
  9.92e-02	  1.95e-02	5.12183e-01
  9.92e-02	  2.01e-02	5.12625e-01
  9.92e-02	  2.06e-02	5.12997e-01
  9.92e-02	  2.11e-02	5.13307e-01
  9.92e-02	  2.16e-02	5.13563e-01
  9.92e-02	  2.21e-02	5.13772e-01
  9.92e-02	  2.27e-02	5.13941e-01
  9.92e-02	  2.32e-02	5.14075e-01
  9.92e-02	  2.37e-02	5.14177e-01
  9.92e-02	  2.42e-02	5.14251e-01
  9.92e-02	  2.47e-02	5.14297e-01
  9.92e-02	  2.53e-02	5.14317e-01
  9.92e-02	  2.58e-02	5.14310e-01
  9.92e-02	  2.63e-02	5.14274e-01
  9.92e-02	  2.68e-02	5.14206e-01
  9.92e-02	  2.73e-02	5.14101e-01
  9.92e-02	  2.79e-02	5.13955e-01
  9.92e-02	  2.84e-02	5.13761e-01
  9.92e-02	  2.89e-02	5.13512e-01
  9.92e-02	  2.94e-02	5.13199e-01
  9.92e-02	  2.99e-02	5.12813e-01
  9.92e-02	  3.05e-02	5.12344e-01
  9.92e-02	  3.10e-02	5.11781e-01
  9.92e-02	  3.15e-02	5.11111e-01
  9.92e-02	  3.20e-02	5.10319e-01
  9.92e-02	  3.26e-02	5.09390e-01
  9.92e-02	  3.31e-02	5.08306e-01
  9.92e-02	  3.36e-02	5.07043e-01
  9.92e-02	  3.41e-02	5.05576e-01
  9.92e-02	  3.46e-02	5.03870e-01
  9.92e-02	  3.52e-02	5.01881e-01
  9.92e-02	  3.57e-02	4.99552e-01
  9.92e-02	  3.62e-02	4.96799e-01
  9.92e-02	  3.67e-02	4.93504e-01
  9.92e-02	  3.72e-02	4.89486e-01
  9.92e-02	  3.78e-02	4.84451e-01
  9.92e-02	  3.83e-02	4.77885e-01
  9.92e-02	  3.88e-02	4.68773e-01
  9.92e-02	  3.93e-02	4.54741e-01
  9.92e-02	  3.98e-02	4.18446e-01
  9.92e-02	  4.04e-02	1.99821e-33
  9.92e-02	  4.09e-02	2.99566e-66
  9.92e-02	  4.14e-02	4.49100e-99
  9.92e-02	  4.19e-02	6.73274e-132
  9.92e-02	  4.24e-02	1.00935e-164
  9.92e-02	  4.30e-02	1.51317e-197
  9.92e-02	  4.35e-02	2.26846e-230
  9.92e-02	  4.40e-02	3.40076e-263
  9.92e-02	  4.45e-02	5.09823e-296
  9.92e-02	  4.51e-02	0.00000e+00
  9.92e-02	  4.56e-02	0.00000e+00
  9.92e-02	  4.61e-02	0.00000e+00
  9.92e-02	  4.66e-02	0.00000e+00
  9.92e-02	  4.71e-02	0.00000e+00
  9.92e-02	  4.77e-02	0.00000e+00
  9.92e-02	  4.82e-02	0.00000e+00
  9.92e-02	  4.87e-02	0.00000e+00
  9.92e-02	  4.92e-02	0.00000e+00
  9.92e-02	  4.97e-02	0.00000e+00

  1.00e-01	  2.60e-04	0.00000e+00
  1.00e-01	  7.81e-04	0.00000e+00
  1.00e-01	  1.30e-03	0.00000e+00
  1.00e-01	  1.82e-03	0.00000e+00
  1.00e-01	  2.34e-03	0.00000e+00
  1.00e-01	  2.86e-03	0.00000e+00
  1.00e-01	  3.39e-03	0.00000e+00
  1.00e-01	  3.91e-03	0.00000e+00
  1.00e-01	  4.43e-03	0.00000e+00
  1.00e-01	  4.95e-03	5.05595e-296
  1.00e-01	  5.47e-03	3.37262e-263
  1.00e-01	  5.99e-03	2.24973e-230
  1.00e-01	  6.51e-03	1.50069e-197
  1.00e-01	  7.03e-03	1.00104e-164
  1.00e-01	  7.55e-03	6.67749e-132
  1.00e-01	  8.07e-03	4.45422e-99
  1.00e-01	  8.59e-03	2.97118e-66
  1.00e-01	  9.11e-03	1.98192e-33
  1.00e-01	  9.64e-03	4.15908e-01
  1.00e-01	  1.02e-02	4.52939e-01
  1.00e-01	  1.07e-02	4.67247e-01
  1.00e-01	  1.12e-02	4.76508e-01
  1.00e-01	  1.17e-02	4.83173e-01
  1.00e-01	  1.22e-02	4.88281e-01
  1.00e-01	  1.28e-02	4.92360e-01
  1.00e-01	  1.33e-02	4.95709e-01
  1.00e-01	  1.38e-02	4.98513e-01
  1.00e-01	  1.43e-02	5.00892e-01
  1.00e-01	  1.48e-02	5.02929e-01
  1.00e-01	  1.54e-02	5.04685e-01
  1.00e-01	  1.59e-02	5.06204e-01
  1.00e-01	  1.64e-02	5.07519e-01
  1.00e-01	  1.69e-02	5.08658e-01
  1.00e-01	  1.74e-02	5.09644e-01
  1.00e-01	  1.80e-02	5.10493e-01
  1.00e-01	  1.85e-02	5.11223e-01
  1.00e-01	  1.90e-02	5.11848e-01
  1.00e-01	  1.95e-02	5.12380e-01
  1.00e-01	  2.01e-02	5.12830e-01
  1.00e-01	  2.06e-02	5.13208e-01
  1.00e-01	  2.11e-02	5.13524e-01
  1.00e-01	  2.16e-02	5.13785e-01
  1.00e-01	  2.21e-02	5.13999e-01
  1.00e-01	  2.27e-02	5.14172e-01
  1.00e-01	  2.32e-02	5.14308e-01
  1.00e-01	  2.37e-02	5.14412e-01
  1.00e-01	  2.42e-02	5.14487e-01
  1.00e-01	  2.47e-02	5.14534e-01
  1.00e-01	  2.53e-02	5.14554e-01
  1.00e-01	  2.58e-02	5.14546e-01
  1.00e-01	  2.63e-02	5.14508e-01
  1.00e-01	  2.68e-02	5.14437e-01
  1.00e-01	  2.73e-02	5.14329e-01
  1.00e-01	  2.79e-02	5.14179e-01
  1.00e-01	  2.84e-02	5.13980e-01
  1.00e-01	  2.89e-02	5.13725e-01
  1.00e-01	  2.94e-02	5.13405e-01
  1.00e-01	  2.99e-02	5.13012e-01
  1.00e-01	  3.05e-02	5.12535e-01
  1.00e-01	  3.10e-02	5.11962e-01
  1.00e-01	  3.15e-02	5.11281e-01
  1.00e-01	  3.20e-02	5.10478e-01
  1.00e-01	  3.26e-02	5.09536e-01
  1.00e-01	  3.31e-02	5.08437e-01
  1.00e-01	  3.36e-02	5.07159e-01
  1.00e-01	  3.41e-02	5.05673e-01
  1.00e-01	  3.46e-02	5.03946e-01
  1.00e-01	  3.52e-02	5.01934e-01
  1.00e-01	  3.57e-02	4.99576e-01
  1.00e-01	  3.62e-02	4.96789e-01
  1.00e-01	  3.67e-02	4.93451e-01
  1.00e-01	  3.72e-02	4.89377e-01
  1.00e-01	  3.78e-02	4.84267e-01
  1.00e-01	  3.83e-02	4.77590e-01
  1.00e-01	  3.88e-02	4.68300e-01
  1.00e-01	  3.93e-02	4.53930e-01
  1.00e-01	  3.98e-02	4.16719e-01
  1.00e-01	  4.04e-02	1.98713e-33
  1.00e-01	  4.09e-02	2.97901e-66
  1.00e-01	  4.14e-02	4.46599e-99
  1.00e-01	  4.19e-02	6.69518e-132
  1.00e-01	  4.24e-02	1.00370e-164
  1.00e-01	  4.30e-02	1.50469e-197
  1.00e-01	  4.35e-02	2.25574e-230
  1.00e-01	  4.40e-02	3.38165e-263
  1.00e-01	  4.45e-02	5.06952e-296
  1.00e-01	  4.51e-02	0.00000e+00
  1.00e-01	  4.56e-02	0.00000e+00
  1.00e-01	  4.61e-02	0.00000e+00
  1.00e-01	  4.66e-02	0.00000e+00
  1.00e-01	  4.71e-02	0.00000e+00
  1.00e-01	  4.77e-02	0.00000e+00
  1.00e-01	  4.82e-02	0.00000e+00
  1.00e-01	  4.87e-02	0.00000e+00
  1.00e-01	  4.92e-02	0.00000e+00
  1.00e-01	  4.97e-02	0.00000e+00

  1.01e-01	  2.60e-04	0.00000e+00
  1.01e-01	  7.81e-04	0.00000e+00
  1.01e-01	  1.30e-03	0.00000e+00
  1.01e-01	  1.82e-03	0.00000e+00
  1.01e-01	  2.34e-03	0.00000e+00
  1.01e-01	  2.86e-03	0.00000e+00
  1.01e-01	  3.39e-03	0.00000e+00
  1.01e-01	  3.91e-03	0.00000e+00
  1.01e-01	  4.43e-03	0.00000e+00
  1.01e-01	  4.95e-03	5.02721e-296
  1.01e-01	  5.47e-03	3.35348e-263
  1.01e-01	  5.99e-03	2.23699e-230
  1.01e-01	  6.51e-03	1.49221e-197
  1.01e-01	  7.03e-03	9.95396e-165
  1.01e-01	  7.55e-03	6.63988e-132
  1.01e-01	  8.07e-03	4.42918e-99
  1.01e-01	  8.59e-03	2.95451e-66
  1.01e-01	  9.11e-03	1.97082e-33
  1.01e-01	  9.64e-03	4.14175e-01
  1.01e-01	  1.02e-02	4.52123e-01
  1.01e-01	  1.07e-02	4.66773e-01
  1.01e-01	  1.12e-02	4.76212e-01
  1.01e-01	  1.17e-02	4.82987e-01
  1.01e-01	  1.22e-02	4.88171e-01
  1.01e-01	  1.28e-02	4.92306e-01
  1.01e-01	  1.33e-02	4.95698e-01
  1.01e-01	  1.38e-02	4.98536e-01
  1.01e-01	  1.43e-02	5.00943e-01
  1.01e-01	  1.48e-02	5.03004e-01
  1.01e-01	  1.54e-02	5.04781e-01
  1.01e-01	  1.59e-02	5.06318e-01
  1.01e-01	  1.64e-02	5.07649e-01
  1.01e-01	  1.69e-02	5.08803e-01
  1.01e-01	  1.74e-02	5.09800e-01
  1.01e-01	  1.80e-02	5.10662e-01
  1.01e-01	  1.85e-02	5.11402e-01
  1.01e-01	  1.90e-02	5.12037e-01
  1.01e-01	  1.95e-02	5.12577e-01
  1.01e-01	  2.01e-02	5.13034e-01
  1.01e-01	  2.06e-02	5.13420e-01
  1.01e-01	  2.11e-02	5.13741e-01
  1.01e-01	  2.16e-02	5.14008e-01
  1.01e-01	  2.21e-02	5.14226e-01
  1.01e-01	  2.27e-02	5.14402e-01
  1.01e-01	  2.32e-02	5.14541e-01
  1.01e-01	  2.37e-02	5.14647e-01
  1.01e-01	  2.42e-02	5.14723e-01
  1.01e-01	  2.47e-02	5.14771e-01
  1.01e-01	  2.53e-02	5.14790e-01
  1.01e-01	  2.58e-02	5.14781e-01
  1.01e-01	  2.63e-02	5.14741e-01
  1.01e-01	  2.68e-02	5.14668e-01
  1.01e-01	  2.73e-02	5.14557e-01
  1.01e-01	  2.79e-02	5.14402e-01
  1.01e-01	  2.84e-02	5.14198e-01
  1.01e-01	  2.89e-02	5.13937e-01
  1.01e-01	  2.94e-02	5.13611e-01
  1.01e-01	  2.99e-02	5.13211e-01
  1.01e-01	  3.05e-02	5.12725e-01
  1.01e-01	  3.10e-02	5.12143e-01
  1.01e-01	  3.15e-02	5.11452e-01
  1.01e-01	  3.20e-02	5.10637e-01
  1.01e-01	  3.26e-02	5.09683e-01
  1.01e-01	  3.31e-02	5.08570e-01
  1.01e-01	  3.36e-02	5.07275e-01
  1.01e-01	  3.41e-02	5.05771e-01
  1.01e-01	  3.46e-02	5.04024e-01
  1.01e-01	  3.52e-02	5.01988e-01
  1.01e-01	  3.57e-02	4.99601e-01
  1.01e-01	  3.62e-02	4.96780e-01
  1.01e-01	  3.67e-02	4.93400e-01
  1.01e-01	  3.72e-02	4.89270e-01
  1.01e-01	  3.78e-02	4.84084e-01
  1.01e-01	  3.83e-02	4.77296e-01
  1.01e-01	  3.88e-02	4.67827e-01
  1.01e-01	  3.93e-02	4.53115e-01
  1.01e-01	  3.98e-02	4.14985e-01
  1.01e-01	  4.04e-02	1.97601e-33
  1.01e-01	  4.09e-02	2.96232e-66
  1.01e-01	  4.14e-02	4.44092e-99
  1.01e-01	  4.19e-02	6.65752e-132
  1.01e-01	  4.24e-02	9.98048e-165
  1.01e-01	  4.30e-02	1.49620e-197
  1.01e-01	  4.35e-02	2.24298e-230
  1.01e-01	  4.40e-02	3.36249e-263
  1.01e-01	  4.45e-02	5.04074e-296
  1.01e-01	  4.51e-02	0.00000e+00
  1.01e-01	  4.56e-02	0.00000e+00
  1.01e-01	  4.61e-02	0.00000e+00
  1.01e-01	  4.66e-02	0.00000e+00
  1.01e-01	  4.71e-02	0.00000e+00
  1.01e-01	  4.77e-02	0.00000e+00
  1.01e-01	  4.82e-02	0.00000e+00
  1.01e-01	  4.87e-02	0.00000e+00
  1.01e-01	  4.92e-02	0.00000e+00
  1.01e-01	  4.97e-02	0.00000e+00

  1.02e-01	  2.60e-04	0.00000e+00
  1.02e-01	  7.81e-04	0.00000e+00
  1.02e-01	  1.30e-03	0.00000e+00
  1.02e-01	  1.82e-03	0.00000e+00
  1.02e-01	  2.34e-03	0.00000e+00
  1.02e-01	  2.86e-03	0.00000e+00
  1.02e-01	  3.39e-03	0.00000e+00
  1.02e-01	  3.91e-03	0.00000e+00
  1.02e-01	  4.43e-03	0.00000e+00
  1.02e-01	  4.95e-03	4.99841e-296
  1.02e-01	  5.47e-03	3.33431e-263
  1.02e-01	  5.99e-03	2.22422e-230
  1.02e-01	  6.51e-03	1.48371e-197
  1.02e-01	  7.03e-03	9.89736e-165
  1.02e-01	  7.55e-03	6.60219e-132
  1.02e-01	  8.07e-03	4.40409e-99
  1.02e-01	  8.59e-03	2.93780e-66
  1.02e-01	  9.11e-03	1.95969e-33
  1.02e-01	  9.64e-03	4.12435e-01
  1.02e-01	  1.02e-02	4.51305e-01
  1.02e-01	  1.07e-02	4.66298e-01
  1.02e-01	  1.12e-02	4.75918e-01
  1.02e-01	  1.17e-02	4.82803e-01
  1.02e-01	  1.22e-02	4.88062e-01
  1.02e-01	  1.28e-02	4.92253e-01
  1.02e-01	  1.33e-02	4.95688e-01
  1.02e-01	  1.38e-02	4.98560e-01
  1.02e-01	  1.43e-02	5.00995e-01
  1.02e-01	  1.48e-02	5.03080e-01
  1.02e-01	  1.54e-02	5.04877e-01
  1.02e-01	  1.59e-02	5.06432e-01
  1.02e-01	  1.64e-02	5.07779e-01
  1.02e-01	  1.69e-02	5.08947e-01
  1.02e-01	  1.74e-02	5.09958e-01
  1.02e-01	  1.80e-02	5.10830e-01
  1.02e-01	  1.85e-02	5.11581e-01
  1.02e-01	  1.90e-02	5.12225e-01
  1.02e-01	  1.95e-02	5.12774e-01
  1.02e-01	  2.01e-02	5.13239e-01
  1.02e-01	  2.06e-02	5.13630e-01
  1.02e-01	  2.11e-02	5.13958e-01
  1.02e-01	  2.16e-02	5.14229e-01
  1.02e-01	  2.21e-02	5.14452e-01
  1.02e-01	  2.27e-02	5.14631e-01
  1.02e-01	  2.32e-02	5.14773e-01
  1.02e-01	  2.37e-02	5.14881e-01
  1.02e-01	  2.42e-02	5.14959e-01
  1.02e-01	  2.47e-02	5.15007e-01
  1.02e-01	  2.53e-02	5.15026e-01
  1.02e-01	  2.58e-02	5.15016e-01
  1.02e-01	  2.63e-02	5.14974e-01
  1.02e-01	  2.68e-02	5.14898e-01
  1.02e-01	  2.73e-02	5.14784e-01
  1.02e-01	  2.79e-02	5.14625e-01
  1.02e-01	  2.84e-02	5.14416e-01
  1.02e-01	  2.89e-02	5.14150e-01
  1.02e-01	  2.94e-02	5.13817e-01
  1.02e-01	  2.99e-02	5.13409e-01
  1.02e-01	  3.05e-02	5.12915e-01
  1.02e-01	  3.10e-02	5.12324e-01
  1.02e-01	  3.15e-02	5.11623e-01
  1.02e-01	  3.20e-02	5.10797e-01
  1.02e-01	  3.26e-02	5.09830e-01
  1.02e-01	  3.31e-02	5.08702e-01
  1.02e-01	  3.36e-02	5.07392e-01
  1.02e-01	  3.41e-02	5.05871e-01
  1.02e-01	  3.46e-02	5.04103e-01
  1.02e-01	  3.52e-02	5.02043e-01
  1.02e-01	  3.57e-02	4.99628e-01
  1.02e-01	  3.62e-02	4.96773e-01
  1.02e-01	  3.67e-02	4.93349e-01
  1.02e-01	  3.72e-02	4.89164e-01
  1.02e-01	  3.78e-02	4.83902e-01
  1.02e-01	  3.83e-02	4.77004e-01
  1.02e-01	  3.88e-02	4.67355e-01
  1.02e-01	  3.93e-02	4.52298e-01
  1.02e-01	  3.98e-02	4.13245e-01
  1.02e-01	  4.04e-02	1.96487e-33
  1.02e-01	  4.09e-02	2.94559e-66
  1.02e-01	  4.14e-02	4.41579e-99
  1.02e-01	  4.19e-02	6.61979e-132
  1.02e-01	  4.24e-02	9.92380e-165
  1.02e-01	  4.30e-02	1.48769e-197
  1.02e-01	  4.35e-02	2.23020e-230
  1.02e-01	  4.40e-02	3.34329e-263
  1.02e-01	  4.45e-02	5.01191e-296
  1.02e-01	  4.51e-02	0.00000e+00
  1.02e-01	  4.56e-02	0.00000e+00
  1.02e-01	  4.61e-02	0.00000e+00
  1.02e-01	  4.66e-02	0.00000e+00
  1.02e-01	  4.71e-02	0.00000e+00
  1.02e-01	  4.77e-02	0.00000e+00
  1.02e-01	  4.82e-02	0.00000e+00
  1.02e-01	  4.87e-02	0.00000e+00
  1.02e-01	  4.92e-02	0.00000e+00
  1.02e-01	  4.97e-02	0.00000e+00

  1.02e-01	  2.60e-04	0.00000e+00
  1.02e-01	  7.81e-04	0.00000e+00
  1.02e-01	  1.30e-03	0.00000e+00
  1.02e-01	  1.82e-03	0.00000e+00
  1.02e-01	  2.34e-03	0.00000e+00
  1.02e-01	  2.86e-03	0.00000e+00
  1.02e-01	  3.39e-03	0.00000e+00
  1.02e-01	  3.91e-03	0.00000e+00
  1.02e-01	  4.43e-03	0.00000e+00
  1.02e-01	  4.95e-03	4.96958e-296
  1.02e-01	  5.47e-03	3.31511e-263
  1.02e-01	  5.99e-03	2.21144e-230
  1.02e-01	  6.51e-03	1.47520e-197
  1.02e-01	  7.03e-03	9.84067e-165
  1.02e-01	  7.55e-03	6.56445e-132
  1.02e-01	  8.07e-03	4.37895e-99
  1.02e-01	  8.59e-03	2.92107e-66
  1.02e-01	  9.11e-03	1.94855e-33
  1.02e-01	  9.64e-03	4.10689e-01
  1.02e-01	  1.02e-02	4.50484e-01
  1.02e-01	  1.07e-02	4.65824e-01
  1.02e-01	  1.12e-02	4.75624e-01
  1.02e-01	  1.17e-02	4.82620e-01
  1.02e-01	  1.22e-02	4.87955e-01
  1.02e-01	  1.28e-02	4.92201e-01
  1.02e-01	  1.33e-02	4.95679e-01
  1.02e-01	  1.38e-02	4.98585e-01
  1.02e-01	  1.43e-02	5.01048e-01
  1.02e-01	  1.48e-02	5.03157e-01
  1.02e-01	  1.54e-02	5.04975e-01
  1.02e-01	  1.59e-02	5.06547e-01
  1.02e-01	  1.64e-02	5.07910e-01
  1.02e-01	  1.69e-02	5.09092e-01
  1.02e-01	  1.74e-02	5.10115e-01
  1.02e-01	  1.80e-02	5.10999e-01
  1.02e-01	  1.85e-02	5.11760e-01
  1.02e-01	  1.90e-02	5.12413e-01
  1.02e-01	  1.95e-02	5.12970e-01
  1.02e-01	  2.01e-02	5.13443e-01
  1.02e-01	  2.06e-02	5.13841e-01
  1.02e-01	  2.11e-02	5.14174e-01
  1.02e-01	  2.16e-02	5.14451e-01
  1.02e-01	  2.21e-02	5.14677e-01
  1.02e-01	  2.27e-02	5.14860e-01
  1.02e-01	  2.32e-02	5.15005e-01
  1.02e-01	  2.37e-02	5.15115e-01
  1.02e-01	  2.42e-02	5.15194e-01
  1.02e-01	  2.47e-02	5.15242e-01
  1.02e-01	  2.53e-02	5.15261e-01
  1.02e-01	  2.58e-02	5.15250e-01
  1.02e-01	  2.63e-02	5.15207e-01
  1.02e-01	  2.68e-02	5.15128e-01
  1.02e-01	  2.73e-02	5.15010e-01
  1.02e-01	  2.79e-02	5.14848e-01
  1.02e-01	  2.84e-02	5.14634e-01
  1.02e-01	  2.89e-02	5.14362e-01
  1.02e-01	  2.94e-02	5.14023e-01
  1.02e-01	  2.99e-02	5.13608e-01
  1.02e-01	  3.05e-02	5.13106e-01
  1.02e-01	  3.10e-02	5.12505e-01
  1.02e-01	  3.15e-02	5.11794e-01
  1.02e-01	  3.20e-02	5.10957e-01
  1.02e-01	  3.26e-02	5.09977e-01
  1.02e-01	  3.31e-02	5.08836e-01
  1.02e-01	  3.36e-02	5.07510e-01
  1.02e-01	  3.41e-02	5.05971e-01
  1.02e-01	  3.46e-02	5.04182e-01
  1.02e-01	  3.52e-02	5.02099e-01
  1.02e-01	  3.57e-02	4.99656e-01
  1.02e-01	  3.62e-02	4.96767e-01
  1.02e-01	  3.67e-02	4.93300e-01
  1.02e-01	  3.72e-02	4.89060e-01
  1.02e-01	  3.78e-02	4.83722e-01
  1.02e-01	  3.83e-02	4.76712e-01
  1.02e-01	  3.88e-02	4.66883e-01
  1.02e-01	  3.93e-02	4.51478e-01
  1.02e-01	  3.98e-02	4.11498e-01
  1.02e-01	  4.04e-02	1.95371e-33
  1.02e-01	  4.09e-02	2.92883e-66
  1.02e-01	  4.14e-02	4.39062e-99
  1.02e-01	  4.19e-02	6.58199e-132
  1.02e-01	  4.24e-02	9.86704e-165
  1.02e-01	  4.30e-02	1.47916e-197
  1.02e-01	  4.35e-02	2.21740e-230
  1.02e-01	  4.40e-02	3.32406e-263
  1.02e-01	  4.45e-02	4.98304e-296
  1.02e-01	  4.51e-02	0.00000e+00
  1.02e-01	  4.56e-02	0.00000e+00
  1.02e-01	  4.61e-02	0.00000e+00
  1.02e-01	  4.66e-02	0.00000e+00
  1.02e-01	  4.71e-02	0.00000e+00
  1.02e-01	  4.77e-02	0.00000e+00
  1.02e-01	  4.82e-02	0.00000e+00
  1.02e-01	  4.87e-02	0.00000e+00
  1.02e-01	  4.92e-02	0.00000e+00
  1.02e-01	  4.97e-02	0.00000e+00

  1.03e-01	  2.60e-04	0.00000e+00
  1.03e-01	  7.81e-04	0.00000e+00
  1.03e-01	  1.30e-03	0.00000e+00
  1.03e-01	  1.82e-03	0.00000e+00
  1.03e-01	  2.34e-03	0.00000e+00
  1.03e-01	  2.86e-03	0.00000e+00
  1.03e-01	  3.39e-03	0.00000e+00
  1.03e-01	  3.91e-03	0.00000e+00
  1.03e-01	  4.43e-03	0.00000e+00
  1.03e-01	  4.95e-03	4.94072e-296
  1.03e-01	  5.47e-03	3.29589e-263
  1.03e-01	  5.99e-03	2.19864e-230
  1.03e-01	  6.51e-03	1.46668e-197
  1.03e-01	  7.03e-03	9.78392e-165
  1.03e-01	  7.55e-03	6.52666e-132
  1.03e-01	  8.07e-03	4.35379e-99
  1.03e-01	  8.59e-03	2.90431e-66
  1.03e-01	  9.11e-03	1.93739e-33
  1.03e-01	  9.64e-03	4.08938e-01
  1.03e-01	  1.02e-02	4.49660e-01
  1.03e-01	  1.07e-02	4.65350e-01
  1.03e-01	  1.12e-02	4.75331e-01
  1.03e-01	  1.17e-02	4.82438e-01
  1.03e-01	  1.22e-02	4.87849e-01
  1.03e-01	  1.28e-02	4.92151e-01
  1.03e-01	  1.33e-02	4.95671e-01
  1.03e-01	  1.38e-02	4.98611e-01
  1.03e-01	  1.43e-02	5.01103e-01
  1.03e-01	  1.48e-02	5.03235e-01
  1.03e-01	  1.54e-02	5.05073e-01
  1.03e-01	  1.59e-02	5.06663e-01
  1.03e-01	  1.64e-02	5.08042e-01
  1.03e-01	  1.69e-02	5.09237e-01
  1.03e-01	  1.74e-02	5.10273e-01
  1.03e-01	  1.80e-02	5.11168e-01
  1.03e-01	  1.85e-02	5.11940e-01
  1.03e-01	  1.90e-02	5.12601e-01
  1.03e-01	  1.95e-02	5.13167e-01
  1.03e-01	  2.01e-02	5.13646e-01
  1.03e-01	  2.06e-02	5.14051e-01
  1.03e-01	  2.11e-02	5.14390e-01
  1.03e-01	  2.16e-02	5.14672e-01
  1.03e-01	  2.21e-02	5.14902e-01
  1.03e-01	  2.27e-02	5.15089e-01
  1.03e-01	  2.32e-02	5.15236e-01
  1.03e-01	  2.37e-02	5.15348e-01
  1.03e-01	  2.42e-02	5.15428e-01
  1.03e-01	  2.47e-02	5.15477e-01
  1.03e-01	  2.53e-02	5.15496e-01
  1.03e-01	  2.58e-02	5.15483e-01
  1.03e-01	  2.63e-02	5.15438e-01
  1.03e-01	  2.68e-02	5.15358e-01
  1.03e-01	  2.73e-02	5.15236e-01
  1.03e-01	  2.79e-02	5.15070e-01
  1.03e-01	  2.84e-02	5.14851e-01
  1.03e-01	  2.89e-02	5.14574e-01
  1.03e-01	  2.94e-02	5.14228e-01
  1.03e-01	  2.99e-02	5.13806e-01
  1.03e-01	  3.05e-02	5.13296e-01
  1.03e-01	  3.10e-02	5.12687e-01
  1.03e-01	  3.15e-02	5.11965e-01
  1.03e-01	  3.20e-02	5.11117e-01
  1.03e-01	  3.26e-02	5.10125e-01
  1.03e-01	  3.31e-02	5.08970e-01
  1.03e-01	  3.36e-02	5.07628e-01
  1.03e-01	  3.41e-02	5.06071e-01
  1.03e-01	  3.46e-02	5.04263e-01
  1.03e-01	  3.52e-02	5.02156e-01
  1.03e-01	  3.57e-02	4.99686e-01
  1.03e-01	  3.62e-02	4.96762e-01
  1.03e-01	  3.67e-02	4.93253e-01
  1.03e-01	  3.72e-02	4.88957e-01
  1.03e-01	  3.78e-02	4.83543e-01
  1.03e-01	  3.83e-02	4.76422e-01
  1.03e-01	  3.88e-02	4.66410e-01
  1.03e-01	  3.93e-02	4.50655e-01
  1.03e-01	  3.98e-02	4.09746e-01
  1.03e-01	  4.04e-02	1.94254e-33
  1.03e-01	  4.09e-02	2.91205e-66
  1.03e-01	  4.14e-02	4.36543e-99
  1.03e-01	  4.19e-02	6.54415e-132
  1.03e-01	  4.24e-02	9.81022e-165
  1.03e-01	  4.30e-02	1.47063e-197
  1.03e-01	  4.35e-02	2.20458e-230
  1.03e-01	  4.40e-02	3.30482e-263
  1.03e-01	  4.45e-02	4.95415e-296
  1.03e-01	  4.51e-02	0.00000e+00
  1.03e-01	  4.56e-02	0.00000e+00
  1.03e-01	  4.61e-02	0.00000e+00
  1.03e-01	  4.66e-02	0.00000e+00
  1.03e-01	  4.71e-02	0.00000e+00
  1.03e-01	  4.77e-02	0.00000e+00
  1.03e-01	  4.82e-02	0.00000e+00
  1.03e-01	  4.87e-02	0.00000e+00
  1.03e-01	  4.92e-02	0.00000e+00
  1.03e-01	  4.97e-02	0.00000e+00

  1.04e-01	  2.60e-04	0.00000e+00
  1.04e-01	  7.81e-04	0.00000e+00
  1.04e-01	  1.30e-03	0.00000e+00
  1.04e-01	  1.82e-03	0.00000e+00
  1.04e-01	  2.34e-03	0.00000e+00
  1.04e-01	  2.86e-03	0.00000e+00
  1.04e-01	  3.39e-03	0.00000e+00
  1.04e-01	  3.91e-03	0.00000e+00
  1.04e-01	  4.43e-03	0.00000e+00
  1.04e-01	  4.95e-03	4.91186e-296
  1.04e-01	  5.47e-03	3.27667e-263
  1.04e-01	  5.99e-03	2.18584e-230
  1.04e-01	  6.51e-03	1.45815e-197
  1.04e-01	  7.03e-03	9.72714e-165
  1.04e-01	  7.55e-03	6.48884e-132
  1.04e-01	  8.07e-03	4.32861e-99
  1.04e-01	  8.59e-03	2.88754e-66
  1.04e-01	  9.11e-03	1.92622e-33
  1.04e-01	  9.64e-03	4.07183e-01
  1.04e-01	  1.02e-02	4.48834e-01
  1.04e-01	  1.07e-02	4.64876e-01
  1.04e-01	  1.12e-02	4.75039e-01
  1.04e-01	  1.17e-02	4.82258e-01
  1.04e-01	  1.22e-02	4.87745e-01
  1.04e-01	  1.28e-02	4.92101e-01
  1.04e-01	  1.33e-02	4.95664e-01
  1.04e-01	  1.38e-02	4.98639e-01
  1.04e-01	  1.43e-02	5.01158e-01
  1.04e-01	  1.48e-02	5.03314e-01
  1.04e-01	  1.54e-02	5.05172e-01
  1.04e-01	  1.59e-02	5.06780e-01
  1.04e-01	  1.64e-02	5.08174e-01
  1.04e-01	  1.69e-02	5.09383e-01
  1.04e-01	  1.74e-02	5.10431e-01
  1.04e-01	  1.80e-02	5.11337e-01
  1.04e-01	  1.85e-02	5.12119e-01
  1.04e-01	  1.90e-02	5.12790e-01
  1.04e-01	  1.95e-02	5.13363e-01
  1.04e-01	  2.01e-02	5.13850e-01
  1.04e-01	  2.06e-02	5.14261e-01
  1.04e-01	  2.11e-02	5.14606e-01
  1.04e-01	  2.16e-02	5.14892e-01
  1.04e-01	  2.21e-02	5.15127e-01
  1.04e-01	  2.27e-02	5.15317e-01
  1.04e-01	  2.32e-02	5.15467e-01
  1.04e-01	  2.37e-02	5.15581e-01
  1.04e-01	  2.42e-02	5.15662e-01
  1.04e-01	  2.47e-02	5.15711e-01
  1.04e-01	  2.53e-02	5.15730e-01
  1.04e-01	  2.58e-02	5.15716e-01
  1.04e-01	  2.63e-02	5.15670e-01
  1.04e-01	  2.68e-02	5.15586e-01
  1.04e-01	  2.73e-02	5.15462e-01
  1.04e-01	  2.79e-02	5.15292e-01
  1.04e-01	  2.84e-02	5.15068e-01
  1.04e-01	  2.89e-02	5.14785e-01
  1.04e-01	  2.94e-02	5.14434e-01
  1.04e-01	  2.99e-02	5.14004e-01
  1.04e-01	  3.05e-02	5.13486e-01
  1.04e-01	  3.10e-02	5.12868e-01
  1.04e-01	  3.15e-02	5.12136e-01
  1.04e-01	  3.20e-02	5.11277e-01
  1.04e-01	  3.26e-02	5.10273e-01
  1.04e-01	  3.31e-02	5.09104e-01
  1.04e-01	  3.36e-02	5.07747e-01
  1.04e-01	  3.41e-02	5.06173e-01
  1.04e-01	  3.46e-02	5.04345e-01
  1.04e-01	  3.52e-02	5.02214e-01
  1.04e-01	  3.57e-02	4.99716e-01
  1.04e-01	  3.62e-02	4.96758e-01
  1.04e-01	  3.67e-02	4.93206e-01
  1.04e-01	  3.72e-02	4.88855e-01
  1.04e-01	  3.78e-02	4.83365e-01
  1.04e-01	  3.83e-02	4.76132e-01
  1.04e-01	  3.88e-02	4.65938e-01
  1.04e-01	  3.93e-02	4.49830e-01
  1.04e-01	  3.98e-02	4.07990e-01
  1.04e-01	  4.04e-02	1.93136e-33
  1.04e-01	  4.09e-02	2.89526e-66
  1.04e-01	  4.14e-02	4.34022e-99
  1.04e-01	  4.19e-02	6.50630e-132
  1.04e-01	  4.24e-02	9.75338e-165
  1.04e-01	  4.30e-02	1.46209e-197
  1.04e-01	  4.35e-02	2.19176e-230
  1.04e-01	  4.40e-02	3.28558e-263
  1.04e-01	  4.45e-02	4.92525e-296
  1.04e-01	  4.51e-02	0.00000e+00
  1.04e-01	  4.56e-02	0.00000e+00
  1.04e-01	  4.61e-02	0.00000e+00
  1.04e-01	  4.66e-02	0.00000e+00
  1.04e-01	  4.71e-02	0.00000e+00
  1.04e-01	  4.77e-02	0.00000e+00
  1.04e-01	  4.82e-02	0.00000e+00
  1.04e-01	  4.87e-02	0.00000e+00
  1.04e-01	  4.92e-02	0.00000e+00
  1.04e-01	  4.97e-02	0.00000e+00

  1.05e-01	  2.60e-04	0.00000e+00
  1.05e-01	  7.81e-04	0.00000e+00
  1.05e-01	  1.30e-03	0.00000e+00
  1.05e-01	  1.82e-03	0.00000e+00
  1.05e-01	  2.34e-03	0.00000e+00
  1.05e-01	  2.86e-03	0.00000e+00
  1.05e-01	  3.39e-03	0.00000e+00
  1.05e-01	  3.91e-03	0.00000e+00
  1.05e-01	  4.43e-03	0.00000e+00
  1.05e-01	  4.95e-03	4.88299e-296
  1.05e-01	  5.47e-03	3.25744e-263
  1.05e-01	  5.99e-03	2.17303e-230
  1.05e-01	  6.51e-03	1.44962e-197
  1.05e-01	  7.03e-03	9.67036e-165
  1.05e-01	  7.55e-03	6.45103e-132
  1.05e-01	  8.07e-03	4.30342e-99
  1.05e-01	  8.59e-03	2.87077e-66
  1.05e-01	  9.11e-03	1.91505e-33
  1.05e-01	  9.64e-03	4.05425e-01
  1.05e-01	  1.02e-02	4.48006e-01
  1.05e-01	  1.07e-02	4.64401e-01
  1.05e-01	  1.12e-02	4.74748e-01
  1.05e-01	  1.17e-02	4.82078e-01
  1.05e-01	  1.22e-02	4.87641e-01
  1.05e-01	  1.28e-02	4.92053e-01
  1.05e-01	  1.33e-02	4.95659e-01
  1.05e-01	  1.38e-02	4.98667e-01
  1.05e-01	  1.43e-02	5.01215e-01
  1.05e-01	  1.48e-02	5.03394e-01
  1.05e-01	  1.54e-02	5.05272e-01
  1.05e-01	  1.59e-02	5.06897e-01
  1.05e-01	  1.64e-02	5.08306e-01
  1.05e-01	  1.69e-02	5.09529e-01
  1.05e-01	  1.74e-02	5.10589e-01
  1.05e-01	  1.80e-02	5.11507e-01
  1.05e-01	  1.85e-02	5.12298e-01
  1.05e-01	  1.90e-02	5.12978e-01
  1.05e-01	  1.95e-02	5.13559e-01
  1.05e-01	  2.01e-02	5.14053e-01
  1.05e-01	  2.06e-02	5.14471e-01
  1.05e-01	  2.11e-02	5.14821e-01
  1.05e-01	  2.16e-02	5.15112e-01
  1.05e-01	  2.21e-02	5.15351e-01
  1.05e-01	  2.27e-02	5.15544e-01
  1.05e-01	  2.32e-02	5.15697e-01
  1.05e-01	  2.37e-02	5.15813e-01
  1.05e-01	  2.42e-02	5.15895e-01
  1.05e-01	  2.47e-02	5.15945e-01
  1.05e-01	  2.53e-02	5.15963e-01
  1.05e-01	  2.58e-02	5.15949e-01
  1.05e-01	  2.63e-02	5.15900e-01
  1.05e-01	  2.68e-02	5.15815e-01
  1.05e-01	  2.73e-02	5.15687e-01
  1.05e-01	  2.79e-02	5.15513e-01
  1.05e-01	  2.84e-02	5.15285e-01
  1.05e-01	  2.89e-02	5.14996e-01
  1.05e-01	  2.94e-02	5.14639e-01
  1.05e-01	  2.99e-02	5.14202e-01
  1.05e-01	  3.05e-02	5.13676e-01
  1.05e-01	  3.10e-02	5.13049e-01
  1.05e-01	  3.15e-02	5.12308e-01
  1.05e-01	  3.20e-02	5.11438e-01
  1.05e-01	  3.26e-02	5.10421e-01
  1.05e-01	  3.31e-02	5.09239e-01
  1.05e-01	  3.36e-02	5.07867e-01
  1.05e-01	  3.41e-02	5.06275e-01
  1.05e-01	  3.46e-02	5.04427e-01
  1.05e-01	  3.52e-02	5.02273e-01
  1.05e-01	  3.57e-02	4.99747e-01
  1.05e-01	  3.62e-02	4.96755e-01
  1.05e-01	  3.67e-02	4.93161e-01
  1.05e-01	  3.72e-02	4.88754e-01
  1.05e-01	  3.78e-02	4.83188e-01
  1.05e-01	  3.83e-02	4.75843e-01
  1.05e-01	  3.88e-02	4.65465e-01
  1.05e-01	  3.93e-02	4.49003e-01
  1.05e-01	  3.98e-02	4.06231e-01
  1.05e-01	  4.04e-02	1.92018e-33
  1.05e-01	  4.09e-02	2.87847e-66
  1.05e-01	  4.14e-02	4.31500e-99
  1.05e-01	  4.19e-02	6.46844e-132
  1.05e-01	  4.24e-02	9.69653e-165
  1.05e-01	  4.30e-02	1.45356e-197
  1.05e-01	  4.35e-02	2.17895e-230
  1.05e-01	  4.40e-02	3.26633e-263
  1.05e-01	  4.45e-02	4.89635e-296
  1.05e-01	  4.51e-02	0.00000e+00
  1.05e-01	  4.56e-02	0.00000e+00
  1.05e-01	  4.61e-02	0.00000e+00
  1.05e-01	  4.66e-02	0.00000e+00
  1.05e-01	  4.71e-02	0.00000e+00
  1.05e-01	  4.77e-02	0.00000e+00
  1.05e-01	  4.82e-02	0.00000e+00
  1.05e-01	  4.87e-02	0.00000e+00
  1.05e-01	  4.92e-02	0.00000e+00
  1.05e-01	  4.97e-02	0.00000e+00

  1.05e-01	  2.60e-04	0.00000e+00
  1.05e-01	  7.81e-04	0.00000e+00
  1.05e-01	  1.30e-03	0.00000e+00
  1.05e-01	  1.82e-03	0.00000e+00
  1.05e-01	  2.34e-03	0.00000e+00
  1.05e-01	  2.86e-03	0.00000e+00
  1.05e-01	  3.39e-03	0.00000e+00
  1.05e-01	  3.91e-03	0.00000e+00
  1.05e-01	  4.43e-03	0.00000e+00
  1.05e-01	  4.95e-03	4.85415e-296
  1.05e-01	  5.47e-03	3.23823e-263
  1.05e-01	  5.99e-03	2.16024e-230
  1.05e-01	  6.51e-03	1.44110e-197
  1.05e-01	  7.03e-03	9.61360e-165
  1.05e-01	  7.55e-03	6.41322e-132
  1.05e-01	  8.07e-03	4.27824e-99
  1.05e-01	  8.59e-03	2.85400e-66
  1.05e-01	  9.11e-03	1.90388e-33
  1.05e-01	  9.64e-03	4.03663e-01
  1.05e-01	  1.02e-02	4.47175e-01
  1.05e-01	  1.07e-02	4.63927e-01
  1.05e-01	  1.12e-02	4.74457e-01
  1.05e-01	  1.17e-02	4.81900e-01
  1.05e-01	  1.22e-02	4.87539e-01
  1.05e-01	  1.28e-02	4.92006e-01
  1.05e-01	  1.33e-02	4.95655e-01
  1.05e-01	  1.38e-02	4.98697e-01
  1.05e-01	  1.43e-02	5.01272e-01
  1.05e-01	  1.48e-02	5.03475e-01
  1.05e-01	  1.54e-02	5.05372e-01
  1.05e-01	  1.59e-02	5.07014e-01
  1.05e-01	  1.64e-02	5.08439e-01
  1.05e-01	  1.69e-02	5.09676e-01
  1.05e-01	  1.74e-02	5.10748e-01
  1.05e-01	  1.80e-02	5.11676e-01
  1.05e-01	  1.85e-02	5.12477e-01
  1.05e-01	  1.90e-02	5.13166e-01
  1.05e-01	  1.95e-02	5.13755e-01
  1.05e-01	  2.01e-02	5.14256e-01
  1.05e-01	  2.06e-02	5.14680e-01
  1.05e-01	  2.11e-02	5.15036e-01
  1.05e-01	  2.16e-02	5.15332e-01
  1.05e-01	  2.21e-02	5.15575e-01
  1.05e-01	  2.27e-02	5.15771e-01
  1.05e-01	  2.32e-02	5.15926e-01
  1.05e-01	  2.37e-02	5.16044e-01
  1.05e-01	  2.42e-02	5.16127e-01
  1.05e-01	  2.47e-02	5.16178e-01
  1.05e-01	  2.53e-02	5.16196e-01
  1.05e-01	  2.58e-02	5.16181e-01
  1.05e-01	  2.63e-02	5.16130e-01
  1.05e-01	  2.68e-02	5.16042e-01
  1.05e-01	  2.73e-02	5.15912e-01
  1.05e-01	  2.79e-02	5.15733e-01
  1.05e-01	  2.84e-02	5.15501e-01
  1.05e-01	  2.89e-02	5.15207e-01
  1.05e-01	  2.94e-02	5.14843e-01
  1.05e-01	  2.99e-02	5.14400e-01
  1.05e-01	  3.05e-02	5.13866e-01
  1.05e-01	  3.10e-02	5.13230e-01
  1.05e-01	  3.15e-02	5.12480e-01
  1.05e-01	  3.20e-02	5.11599e-01
  1.05e-01	  3.26e-02	5.10570e-01
  1.05e-01	  3.31e-02	5.09374e-01
  1.05e-01	  3.36e-02	5.07987e-01
  1.05e-01	  3.41e-02	5.06378e-01
  1.05e-01	  3.46e-02	5.04510e-01
  1.05e-01	  3.52e-02	5.02334e-01
  1.05e-01	  3.57e-02	4.99780e-01
  1.05e-01	  3.62e-02	4.96754e-01
  1.05e-01	  3.67e-02	4.93117e-01
  1.05e-01	  3.72e-02	4.88654e-01
  1.05e-01	  3.78e-02	4.83012e-01
  1.05e-01	  3.83e-02	4.75555e-01
  1.05e-01	  3.88e-02	4.64993e-01
  1.05e-01	  3.93e-02	4.48173e-01
  1.05e-01	  3.98e-02	4.04469e-01
  1.05e-01	  4.04e-02	1.90900e-33
  1.05e-01	  4.09e-02	2.86168e-66
  1.05e-01	  4.14e-02	4.28980e-99
  1.05e-01	  4.19e-02	6.43059e-132
  1.05e-01	  4.24e-02	9.63970e-165
  1.05e-01	  4.30e-02	1.44503e-197
  1.05e-01	  4.35e-02	2.16614e-230
  1.05e-01	  4.40e-02	3.24710e-263
  1.05e-01	  4.45e-02	4.86747e-296
  1.05e-01	  4.51e-02	0.00000e+00
  1.05e-01	  4.56e-02	0.00000e+00
  1.05e-01	  4.61e-02	0.00000e+00
  1.05e-01	  4.66e-02	0.00000e+00
  1.05e-01	  4.71e-02	0.00000e+00
  1.05e-01	  4.77e-02	0.00000e+00
  1.05e-01	  4.82e-02	0.00000e+00
  1.05e-01	  4.87e-02	0.00000e+00
  1.05e-01	  4.92e-02	0.00000e+00
  1.05e-01	  4.97e-02	0.00000e+00

  1.06e-01	  2.60e-04	0.00000e+00
  1.06e-01	  7.81e-04	0.00000e+00
  1.06e-01	  1.30e-03	0.00000e+00
  1.06e-01	  1.82e-03	0.00000e+00
  1.06e-01	  2.34e-03	0.00000e+00
  1.06e-01	  2.86e-03	0.00000e+00
  1.06e-01	  3.39e-03	0.00000e+00
  1.06e-01	  3.91e-03	0.00000e+00
  1.06e-01	  4.43e-03	0.00000e+00
  1.06e-01	  4.95e-03	4.82533e-296
  1.06e-01	  5.47e-03	3.21904e-263
  1.06e-01	  5.99e-03	2.14746e-230
  1.06e-01	  6.51e-03	1.43259e-197
  1.06e-01	  7.03e-03	9.55689e-165
  1.06e-01	  7.55e-03	6.37545e-132
  1.06e-01	  8.07e-03	4.25309e-99
  1.06e-01	  8.59e-03	2.83724e-66
  1.06e-01	  9.11e-03	1.89272e-33
  1.06e-01	  9.64e-03	4.01900e-01
  1.06e-01	  1.02e-02	4.46342e-01
  1.06e-01	  1.07e-02	4.63452e-01
  1.06e-01	  1.12e-02	4.74167e-01
  1.06e-01	  1.17e-02	4.81722e-01
  1.06e-01	  1.22e-02	4.87437e-01
  1.06e-01	  1.28e-02	4.91960e-01
  1.06e-01	  1.33e-02	4.95651e-01
  1.06e-01	  1.38e-02	4.98727e-01
  1.06e-01	  1.43e-02	5.01330e-01
  1.06e-01	  1.48e-02	5.03556e-01
  1.06e-01	  1.54e-02	5.05473e-01
  1.06e-01	  1.59e-02	5.07133e-01
  1.06e-01	  1.64e-02	5.08572e-01
  1.06e-01	  1.69e-02	5.09822e-01
  1.06e-01	  1.74e-02	5.10907e-01
  1.06e-01	  1.80e-02	5.11846e-01
  1.06e-01	  1.85e-02	5.12656e-01
  1.06e-01	  1.90e-02	5.13354e-01
  1.06e-01	  1.95e-02	5.13951e-01
  1.06e-01	  2.01e-02	5.14459e-01
  1.06e-01	  2.06e-02	5.14889e-01
  1.06e-01	  2.11e-02	5.15250e-01
  1.06e-01	  2.16e-02	5.15551e-01
  1.06e-01	  2.21e-02	5.15798e-01
  1.06e-01	  2.27e-02	5.15998e-01
  1.06e-01	  2.32e-02	5.16155e-01
  1.06e-01	  2.37e-02	5.16275e-01
  1.06e-01	  2.42e-02	5.16359e-01
  1.06e-01	  2.47e-02	5.16410e-01
  1.06e-01	  2.53e-02	5.16428e-01
  1.06e-01	  2.58e-02	5.16412e-01
  1.06e-01	  2.63e-02	5.16360e-01
  1.06e-01	  2.68e-02	5.16269e-01
  1.06e-01	  2.73e-02	5.16136e-01
  1.06e-01	  2.79e-02	5.15954e-01
  1.06e-01	  2.84e-02	5.15717e-01
  1.06e-01	  2.89e-02	5.15418e-01
  1.06e-01	  2.94e-02	5.15048e-01
  1.06e-01	  2.99e-02	5.14597e-01
  1.06e-01	  3.05e-02	5.14056e-01
  1.06e-01	  3.10e-02	5.13412e-01
  1.06e-01	  3.15e-02	5.12651e-01
  1.06e-01	  3.20e-02	5.11760e-01
  1.06e-01	  3.26e-02	5.10719e-01
  1.06e-01	  3.31e-02	5.09510e-01
  1.06e-01	  3.36e-02	5.08108e-01
  1.06e-01	  3.41e-02	5.06482e-01
  1.06e-01	  3.46e-02	5.04595e-01
  1.06e-01	  3.52e-02	5.02395e-01
  1.06e-01	  3.57e-02	4.99813e-01
  1.06e-01	  3.62e-02	4.96753e-01
  1.06e-01	  3.67e-02	4.93073e-01
  1.06e-01	  3.72e-02	4.88555e-01
  1.06e-01	  3.78e-02	4.82837e-01
  1.06e-01	  3.83e-02	4.75267e-01
  1.06e-01	  3.88e-02	4.64520e-01
  1.06e-01	  3.93e-02	4.47341e-01
  1.06e-01	  3.98e-02	4.02706e-01
  1.06e-01	  4.04e-02	1.89783e-33
  1.06e-01	  4.09e-02	2.84491e-66
  1.06e-01	  4.14e-02	4.26461e-99
  1.06e-01	  4.19e-02	6.39278e-132
  1.06e-01	  4.24e-02	9.58294e-165
  1.06e-01	  4.30e-02	1.43650e-197
  1.06e-01	  4.35e-02	2.15334e-230
  1.06e-01	  4.40e-02	3.22789e-263
  1.06e-01	  4.45e-02	4.83863e-296
  1.06e-01	  4.51e-02	0.00000e+00
  1.06e-01	  4.56e-02	0.00000e+00
  1.06e-01	  4.61e-02	0.00000e+00
  1.06e-01	  4.66e-02	0.00000e+00
  1.06e-01	  4.71e-02	0.00000e+00
  1.06e-01	  4.77e-02	0.00000e+00
  1.06e-01	  4.82e-02	0.00000e+00
  1.06e-01	  4.87e-02	0.00000e+00
  1.06e-01	  4.92e-02	0.00000e+00
  1.06e-01	  4.97e-02	0.00000e+00

  1.07e-01	  2.60e-04	0.00000e+00
  1.07e-01	  7.81e-04	0.00000e+00
  1.07e-01	  1.30e-03	0.00000e+00
  1.07e-01	  1.82e-03	0.00000e+00
  1.07e-01	  2.34e-03	0.00000e+00
  1.07e-01	  2.86e-03	0.00000e+00
  1.07e-01	  3.39e-03	0.00000e+00
  1.07e-01	  3.91e-03	0.00000e+00
  1.07e-01	  4.43e-03	0.00000e+00
  1.07e-01	  4.95e-03	4.79656e-296
  1.07e-01	  5.47e-03	3.19988e-263
  1.07e-01	  5.99e-03	2.13469e-230
  1.07e-01	  6.51e-03	1.42409e-197
  1.07e-01	  7.03e-03	9.50026e-165
  1.07e-01	  7.55e-03	6.33774e-132
  1.07e-01	  8.07e-03	4.22796e-99
  1.07e-01	  8.59e-03	2.82051e-66
  1.07e-01	  9.11e-03	1.88158e-33
  1.07e-01	  9.64e-03	4.00136e-01
  1.07e-01	  1.02e-02	4.45507e-01
  1.07e-01	  1.07e-02	4.62977e-01
  1.07e-01	  1.12e-02	4.73877e-01
  1.07e-01	  1.17e-02	4.81545e-01
  1.07e-01	  1.22e-02	4.87336e-01
  1.07e-01	  1.28e-02	4.91915e-01
  1.07e-01	  1.33e-02	4.95649e-01
  1.07e-01	  1.38e-02	4.98759e-01
  1.07e-01	  1.43e-02	5.01389e-01
  1.07e-01	  1.48e-02	5.03638e-01
  1.07e-01	  1.54e-02	5.05575e-01
  1.07e-01	  1.59e-02	5.07252e-01
  1.07e-01	  1.64e-02	5.08706e-01
  1.07e-01	  1.69e-02	5.09969e-01
  1.07e-01	  1.74e-02	5.11066e-01
  1.07e-01	  1.80e-02	5.12015e-01
  1.07e-01	  1.85e-02	5.12836e-01
  1.07e-01	  1.90e-02	5.13542e-01
  1.07e-01	  1.95e-02	5.14146e-01
  1.07e-01	  2.01e-02	5.14662e-01
  1.07e-01	  2.06e-02	5.15098e-01
  1.07e-01	  2.11e-02	5.15464e-01
  1.07e-01	  2.16e-02	5.15769e-01
  1.07e-01	  2.21e-02	5.16020e-01
  1.07e-01	  2.27e-02	5.16223e-01
  1.07e-01	  2.32e-02	5.16384e-01
  1.07e-01	  2.37e-02	5.16505e-01
  1.07e-01	  2.42e-02	5.16590e-01
  1.07e-01	  2.47e-02	5.16642e-01
  1.07e-01	  2.53e-02	5.16659e-01
  1.07e-01	  2.58e-02	5.16642e-01
  1.07e-01	  2.63e-02	5.16589e-01
  1.07e-01	  2.68e-02	5.16496e-01
  1.07e-01	  2.73e-02	5.16359e-01
  1.07e-01	  2.79e-02	5.16174e-01
  1.07e-01	  2.84e-02	5.15932e-01
  1.07e-01	  2.89e-02	5.15628e-01
  1.07e-01	  2.94e-02	5.15252e-01
  1.07e-01	  2.99e-02	5.14795e-01
  1.07e-01	  3.05e-02	5.14246e-01
  1.07e-01	  3.10e-02	5.13593e-01
  1.07e-01	  3.15e-02	5.12823e-01
  1.07e-01	  3.20e-02	5.11921e-01
  1.07e-01	  3.26e-02	5.10869e-01
  1.07e-01	  3.31e-02	5.09647e-01
  1.07e-01	  3.36e-02	5.08229e-01
  1.07e-01	  3.41e-02	5.06587e-01
  1.07e-01	  3.46e-02	5.04680e-01
  1.07e-01	  3.52e-02	5.02457e-01
  1.07e-01	  3.57e-02	4.99847e-01
  1.07e-01	  3.62e-02	4.96753e-01
  1.07e-01	  3.67e-02	4.93031e-01
  1.07e-01	  3.72e-02	4.88457e-01
  1.07e-01	  3.78e-02	4.82662e-01
  1.07e-01	  3.83e-02	4.74979e-01
  1.07e-01	  3.88e-02	4.64046e-01
  1.07e-01	  3.93e-02	4.46506e-01
  1.07e-01	  3.98e-02	4.00941e-01
  1.07e-01	  4.04e-02	1.88667e-33
  1.07e-01	  4.09e-02	2.82816e-66
  1.07e-01	  4.14e-02	4.23946e-99
  1.07e-01	  4.19e-02	6.35502e-132
  1.07e-01	  4.24e-02	9.52625e-165
  1.07e-01	  4.30e-02	1.42799e-197
  1.07e-01	  4.35e-02	2.14056e-230
  1.07e-01	  4.40e-02	3.20870e-263
  1.07e-01	  4.45e-02	4.80983e-296
  1.07e-01	  4.51e-02	0.00000e+00
  1.07e-01	  4.56e-02	0.00000e+00
  1.07e-01	  4.61e-02	0.00000e+00
  1.07e-01	  4.66e-02	0.00000e+00
  1.07e-01	  4.71e-02	0.00000e+00
  1.07e-01	  4.77e-02	0.00000e+00
  1.07e-01	  4.82e-02	0.00000e+00
  1.07e-01	  4.87e-02	0.00000e+00
  1.07e-01	  4.92e-02	0.00000e+00
  1.07e-01	  4.97e-02	0.00000e+00

  1.08e-01	  2.60e-04	0.00000e+00
  1.08e-01	  7.81e-04	0.00000e+00
  1.08e-01	  1.30e-03	0.00000e+00
  1.08e-01	  1.82e-03	0.00000e+00
  1.08e-01	  2.34e-03	0.00000e+00
  1.08e-01	  2.86e-03	0.00000e+00
  1.08e-01	  3.39e-03	0.00000e+00
  1.08e-01	  3.91e-03	0.00000e+00
  1.08e-01	  4.43e-03	0.00000e+00
  1.08e-01	  4.95e-03	4.76785e-296
  1.08e-01	  5.47e-03	3.18075e-263
  1.08e-01	  5.99e-03	2.12195e-230
  1.08e-01	  6.51e-03	1.41560e-197
  1.08e-01	  7.03e-03	9.44374e-165
  1.08e-01	  7.55e-03	6.30008e-132
  1.08e-01	  8.07e-03	4.20288e-99
  1.08e-01	  8.59e-03	2.80380e-66
  1.08e-01	  9.11e-03	1.87045e-33
  1.08e-01	  9.64e-03	3.98372e-01
  1.08e-01	  1.02e-02	4.44669e-01
  1.08e-01	  1.07e-02	4.62501e-01
  1.08e-01	  1.12e-02	4.73588e-01
  1.08e-01	  1.17e-02	4.81369e-01
  1.08e-01	  1.22e-02	4.87237e-01
  1.08e-01	  1.28e-02	4.91871e-01
  1.08e-01	  1.33e-02	4.95647e-01
  1.08e-01	  1.38e-02	4.98791e-01
  1.08e-01	  1.43e-02	5.01449e-01
  1.08e-01	  1.48e-02	5.03721e-01
  1.08e-01	  1.54e-02	5.05678e-01
  1.08e-01	  1.59e-02	5.07371e-01
  1.08e-01	  1.64e-02	5.08841e-01
  1.08e-01	  1.69e-02	5.10117e-01
  1.08e-01	  1.74e-02	5.11225e-01
  1.08e-01	  1.80e-02	5.12185e-01
  1.08e-01	  1.85e-02	5.13015e-01
  1.08e-01	  1.90e-02	5.13729e-01
  1.08e-01	  1.95e-02	5.14342e-01
  1.08e-01	  2.01e-02	5.14864e-01
  1.08e-01	  2.06e-02	5.15306e-01
  1.08e-01	  2.11e-02	5.15678e-01
  1.08e-01	  2.16e-02	5.15987e-01
  1.08e-01	  2.21e-02	5.16242e-01
  1.08e-01	  2.27e-02	5.16448e-01
  1.08e-01	  2.32e-02	5.16611e-01
  1.08e-01	  2.37e-02	5.16734e-01
  1.08e-01	  2.42e-02	5.16821e-01
  1.08e-01	  2.47e-02	5.16873e-01
  1.08e-01	  2.53e-02	5.16890e-01
  1.08e-01	  2.58e-02	5.16872e-01
  1.08e-01	  2.63e-02	5.16817e-01
  1.08e-01	  2.68e-02	5.16722e-01
  1.08e-01	  2.73e-02	5.16582e-01
  1.08e-01	  2.79e-02	5.16393e-01
  1.08e-01	  2.84e-02	5.16147e-01
  1.08e-01	  2.89e-02	5.15838e-01
  1.08e-01	  2.94e-02	5.15456e-01
  1.08e-01	  2.99e-02	5.14992e-01
  1.08e-01	  3.05e-02	5.14435e-01
  1.08e-01	  3.10e-02	5.13774e-01
  1.08e-01	  3.15e-02	5.12995e-01
  1.08e-01	  3.20e-02	5.12082e-01
  1.08e-01	  3.26e-02	5.11019e-01
  1.08e-01	  3.31e-02	5.09783e-01
  1.08e-01	  3.36e-02	5.08352e-01
  1.08e-01	  3.41e-02	5.06692e-01
  1.08e-01	  3.46e-02	5.04766e-01
  1.08e-01	  3.52e-02	5.02519e-01
  1.08e-01	  3.57e-02	4.99882e-01
  1.08e-01	  3.62e-02	4.96755e-01
  1.08e-01	  3.67e-02	4.92990e-01
  1.08e-01	  3.72e-02	4.88360e-01
  1.08e-01	  3.78e-02	4.82488e-01
  1.08e-01	  3.83e-02	4.74692e-01
  1.08e-01	  3.88e-02	4.63572e-01
  1.08e-01	  3.93e-02	4.45669e-01
  1.08e-01	  3.98e-02	3.99177e-01
  1.08e-01	  4.04e-02	1.87553e-33
  1.08e-01	  4.09e-02	2.81144e-66
  1.08e-01	  4.14e-02	4.21436e-99
  1.08e-01	  4.19e-02	6.31734e-132
  1.08e-01	  4.24e-02	9.46967e-165
  1.08e-01	  4.30e-02	1.41950e-197
  1.08e-01	  4.35e-02	2.12781e-230
  1.08e-01	  4.40e-02	3.18956e-263
  1.08e-01	  4.45e-02	4.78109e-296
  1.08e-01	  4.51e-02	0.00000e+00
  1.08e-01	  4.56e-02	0.00000e+00
  1.08e-01	  4.61e-02	0.00000e+00
  1.08e-01	  4.66e-02	0.00000e+00
  1.08e-01	  4.71e-02	0.00000e+00
  1.08e-01	  4.77e-02	0.00000e+00
  1.08e-01	  4.82e-02	0.00000e+00
  1.08e-01	  4.87e-02	0.00000e+00
  1.08e-01	  4.92e-02	0.00000e+00
  1.08e-01	  4.97e-02	0.00000e+00

  1.09e-01	  2.60e-04	0.00000e+00
  1.09e-01	  7.81e-04	0.00000e+00
  1.09e-01	  1.30e-03	0.00000e+00
  1.09e-01	  1.82e-03	0.00000e+00
  1.09e-01	  2.34e-03	0.00000e+00
  1.09e-01	  2.86e-03	0.00000e+00
  1.09e-01	  3.39e-03	0.00000e+00
  1.09e-01	  3.91e-03	0.00000e+00
  1.09e-01	  4.43e-03	0.00000e+00
  1.09e-01	  4.95e-03	4.73922e-296
  1.09e-01	  5.47e-03	3.16168e-263
  1.09e-01	  5.99e-03	2.10925e-230
  1.09e-01	  6.51e-03	1.40713e-197
  1.09e-01	  7.03e-03	9.38735e-165
  1.09e-01	  7.55e-03	6.26252e-132
  1.09e-01	  8.07e-03	4.17786e-99
  1.09e-01	  8.59e-03	2.78713e-66
  1.09e-01	  9.11e-03	1.85935e-33
  1.09e-01	  9.64e-03	3.96609e-01
  1.09e-01	  1.02e-02	4.43829e-01
  1.09e-01	  1.07e-02	4.62025e-01
  1.09e-01	  1.12e-02	4.73298e-01
  1.09e-01	  1.17e-02	4.81193e-01
  1.09e-01	  1.22e-02	4.87137e-01
  1.09e-01	  1.28e-02	4.91827e-01
  1.09e-01	  1.33e-02	4.95646e-01
  1.09e-01	  1.38e-02	4.98824e-01
  1.09e-01	  1.43e-02	5.01510e-01
  1.09e-01	  1.48e-02	5.03805e-01
  1.09e-01	  1.54e-02	5.05781e-01
  1.09e-01	  1.59e-02	5.07491e-01
  1.09e-01	  1.64e-02	5.08975e-01
  1.09e-01	  1.69e-02	5.10265e-01
  1.09e-01	  1.74e-02	5.11384e-01
  1.09e-01	  1.80e-02	5.12355e-01
  1.09e-01	  1.85e-02	5.13194e-01
  1.09e-01	  1.90e-02	5.13917e-01
  1.09e-01	  1.95e-02	5.14537e-01
  1.09e-01	  2.01e-02	5.15066e-01
  1.09e-01	  2.06e-02	5.15514e-01
  1.09e-01	  2.11e-02	5.15891e-01
  1.09e-01	  2.16e-02	5.16205e-01
  1.09e-01	  2.21e-02	5.16464e-01
  1.09e-01	  2.27e-02	5.16673e-01
  1.09e-01	  2.32e-02	5.16838e-01
  1.09e-01	  2.37e-02	5.16963e-01
  1.09e-01	  2.42e-02	5.17051e-01
  1.09e-01	  2.47e-02	5.17103e-01
  1.09e-01	  2.53e-02	5.17120e-01
  1.09e-01	  2.58e-02	5.17101e-01
  1.09e-01	  2.63e-02	5.17045e-01
  1.09e-01	  2.68e-02	5.16947e-01
  1.09e-01	  2.73e-02	5.16805e-01
  1.09e-01	  2.79e-02	5.16612e-01
  1.09e-01	  2.84e-02	5.16362e-01
  1.09e-01	  2.89e-02	5.16047e-01
  1.09e-01	  2.94e-02	5.15659e-01
  1.09e-01	  2.99e-02	5.15189e-01
  1.09e-01	  3.05e-02	5.14625e-01
  1.09e-01	  3.10e-02	5.13956e-01
  1.09e-01	  3.15e-02	5.13167e-01
  1.09e-01	  3.20e-02	5.12244e-01
  1.09e-01	  3.26e-02	5.11169e-01
  1.09e-01	  3.31e-02	5.09921e-01
  1.09e-01	  3.36e-02	5.08474e-01
  1.09e-01	  3.41e-02	5.06798e-01
  1.09e-01	  3.46e-02	5.04852e-01
  1.09e-01	  3.52e-02	5.02583e-01
  1.09e-01	  3.57e-02	4.99918e-01
  1.09e-01	  3.62e-02	4.96756e-01
  1.09e-01	  3.67e-02	4.92949e-01
  1.09e-01	  3.72e-02	4.88263e-01
  1.09e-01	  3.78e-02	4.82315e-01
  1.09e-01	  3.83e-02	4.74405e-01
  1.09e-01	  3.88e-02	4.63098e-01
  1.09e-01	  3.93e-02	4.44830e-01
  1.09e-01	  3.98e-02	3.97413e-01
  1.09e-01	  4.04e-02	1.86441e-33
  1.09e-01	  4.09e-02	2.79475e-66
  1.09e-01	  4.14e-02	4.18931e-99
  1.09e-01	  4.19e-02	6.27974e-132
  1.09e-01	  4.24e-02	9.41323e-165
  1.09e-01	  4.30e-02	1.41102e-197
  1.09e-01	  4.35e-02	2.11509e-230
  1.09e-01	  4.40e-02	3.17047e-263
  1.09e-01	  4.45e-02	4.75243e-296
  1.09e-01	  4.51e-02	0.00000e+00
  1.09e-01	  4.56e-02	0.00000e+00
  1.09e-01	  4.61e-02	0.00000e+00
  1.09e-01	  4.66e-02	0.00000e+00
  1.09e-01	  4.71e-02	0.00000e+00
  1.09e-01	  4.77e-02	0.00000e+00
  1.09e-01	  4.82e-02	0.00000e+00
  1.09e-01	  4.87e-02	0.00000e+00
  1.09e-01	  4.92e-02	0.00000e+00
  1.09e-01	  4.97e-02	0.00000e+00

  1.09e-01	  2.60e-04	0.00000e+00
  1.09e-01	  7.81e-04	0.00000e+00
  1.09e-01	  1.30e-03	0.00000e+00
  1.09e-01	  1.82e-03	0.00000e+00
  1.09e-01	  2.34e-03	0.00000e+00
  1.09e-01	  2.86e-03	0.00000e+00
  1.09e-01	  3.39e-03	0.00000e+00
  1.09e-01	  3.91e-03	0.00000e+00
  1.09e-01	  4.43e-03	0.00000e+00
  1.09e-01	  4.95e-03	4.71066e-296
  1.09e-01	  5.47e-03	3.14266e-263
  1.09e-01	  5.99e-03	2.09657e-230
  1.09e-01	  6.51e-03	1.39869e-197
  1.09e-01	  7.03e-03	9.33112e-165
  1.09e-01	  7.55e-03	6.22506e-132
  1.09e-01	  8.07e-03	4.15291e-99
  1.09e-01	  8.59e-03	2.77051e-66
  1.09e-01	  9.11e-03	1.84827e-33
  1.09e-01	  9.64e-03	3.94847e-01
  1.09e-01	  1.02e-02	4.42987e-01
  1.09e-01	  1.07e-02	4.61548e-01
  1.09e-01	  1.12e-02	4.73009e-01
  1.09e-01	  1.17e-02	4.81018e-01
  1.09e-01	  1.22e-02	4.87039e-01
  1.09e-01	  1.28e-02	4.91784e-01
  1.09e-01	  1.33e-02	4.95645e-01
  1.09e-01	  1.38e-02	4.98857e-01
  1.09e-01	  1.43e-02	5.01571e-01
  1.09e-01	  1.48e-02	5.03889e-01
  1.09e-01	  1.54e-02	5.05885e-01
  1.09e-01	  1.59e-02	5.07612e-01
  1.09e-01	  1.64e-02	5.09110e-01
  1.09e-01	  1.69e-02	5.10413e-01
  1.09e-01	  1.74e-02	5.11544e-01
  1.09e-01	  1.80e-02	5.12525e-01
  1.09e-01	  1.85e-02	5.13373e-01
  1.09e-01	  1.90e-02	5.14104e-01
  1.09e-01	  1.95e-02	5.14732e-01
  1.09e-01	  2.01e-02	5.15267e-01
  1.09e-01	  2.06e-02	5.15721e-01
  1.09e-01	  2.11e-02	5.16104e-01
  1.09e-01	  2.16e-02	5.16422e-01
  1.09e-01	  2.21e-02	5.16685e-01
  1.09e-01	  2.27e-02	5.16897e-01
  1.09e-01	  2.32e-02	5.17065e-01
  1.09e-01	  2.37e-02	5.17191e-01
  1.09e-01	  2.42e-02	5.17280e-01
  1.09e-01	  2.47e-02	5.17333e-01
  1.09e-01	  2.53e-02	5.17349e-01
  1.09e-01	  2.58e-02	5.17330e-01
  1.09e-01	  2.63e-02	5.17272e-01
  1.09e-01	  2.68e-02	5.17172e-01
  1.09e-01	  2.73e-02	5.17027e-01
  1.09e-01	  2.79e-02	5.16830e-01
  1.09e-01	  2.84e-02	5.16576e-01
  1.09e-01	  2.89e-02	5.16256e-01
  1.09e-01	  2.94e-02	5.15863e-01
  1.09e-01	  2.99e-02	5.15386e-01
  1.09e-01	  3.05e-02	5.14814e-01
  1.09e-01	  3.10e-02	5.14137e-01
  1.09e-01	  3.15e-02	5.13339e-01
  1.09e-01	  3.20e-02	5.12406e-01
  1.09e-01	  3.26e-02	5.11319e-01
  1.09e-01	  3.31e-02	5.10058e-01
  1.09e-01	  3.36e-02	5.08597e-01
  1.09e-01	  3.41e-02	5.06905e-01
  1.09e-01	  3.46e-02	5.04939e-01
  1.09e-01	  3.52e-02	5.02647e-01
  1.09e-01	  3.57e-02	4.99954e-01
  1.09e-01	  3.62e-02	4.96759e-01
  1.09e-01	  3.67e-02	4.92909e-01
  1.09e-01	  3.72e-02	4.88168e-01
  1.09e-01	  3.78e-02	4.82142e-01
  1.09e-01	  3.83e-02	4.74119e-01
  1.09e-01	  3.88e-02	4.62622e-01
  1.09e-01	  3.93e-02	4.43989e-01
  1.09e-01	  3.98e-02	3.95651e-01
  1.09e-01	  4.04e-02	1.85333e-33
  1.09e-01	  4.09e-02	2.77811e-66
  1.09e-01	  4.14e-02	4.16434e-99
  1.09e-01	  4.19e-02	6.24224e-132
  1.09e-01	  4.24e-02	9.35694e-165
  1.09e-01	  4.30e-02	1.40258e-197
  1.09e-01	  4.35e-02	2.10241e-230
  1.09e-01	  4.40e-02	3.15143e-263
  1.09e-01	  4.45e-02	4.72385e-296
  1.09e-01	  4.51e-02	0.00000e+00
  1.09e-01	  4.56e-02	0.00000e+00
  1.09e-01	  4.61e-02	0.00000e+00
  1.09e-01	  4.66e-02	0.00000e+00
  1.09e-01	  4.71e-02	0.00000e+00
  1.09e-01	  4.77e-02	0.00000e+00
  1.09e-01	  4.82e-02	0.00000e+00
  1.09e-01	  4.87e-02	0.00000e+00
  1.09e-01	  4.92e-02	0.00000e+00
  1.09e-01	  4.97e-02	0.00000e+00

  1.10e-01	  2.60e-04	0.00000e+00
  1.10e-01	  7.81e-04	0.00000e+00
  1.10e-01	  1.30e-03	0.00000e+00
  1.10e-01	  1.82e-03	0.00000e+00
  1.10e-01	  2.34e-03	0.00000e+00
  1.10e-01	  2.86e-03	0.00000e+00
  1.10e-01	  3.39e-03	0.00000e+00
  1.10e-01	  3.91e-03	0.00000e+00
  1.10e-01	  4.43e-03	0.00000e+00
  1.10e-01	  4.95e-03	4.68221e-296
  1.10e-01	  5.47e-03	3.12370e-263
  1.10e-01	  5.99e-03	2.08395e-230
  1.10e-01	  6.51e-03	1.39028e-197
  1.10e-01	  7.03e-03	9.27507e-165
  1.10e-01	  7.55e-03	6.18772e-132
  1.10e-01	  8.07e-03	4.12803e-99
  1.10e-01	  8.59e-03	2.75394e-66
  1.10e-01	  9.11e-03	1.83723e-33
  1.10e-01	  9.64e-03	3.93088e-01
  1.10e-01	  1.02e-02	4.42143e-01
  1.10e-01	  1.07e-02	4.61070e-01
  1.10e-01	  1.12e-02	4.72720e-01
  1.10e-01	  1.17e-02	4.80843e-01
  1.10e-01	  1.22e-02	4.86941e-01
  1.10e-01	  1.28e-02	4.91742e-01
  1.10e-01	  1.33e-02	4.95646e-01
  1.10e-01	  1.38e-02	4.98891e-01
  1.10e-01	  1.43e-02	5.01633e-01
  1.10e-01	  1.48e-02	5.03974e-01
  1.10e-01	  1.54e-02	5.05989e-01
  1.10e-01	  1.59e-02	5.07733e-01
  1.10e-01	  1.64e-02	5.09246e-01
  1.10e-01	  1.69e-02	5.10561e-01
  1.10e-01	  1.74e-02	5.11704e-01
  1.10e-01	  1.80e-02	5.12695e-01
  1.10e-01	  1.85e-02	5.13552e-01
  1.10e-01	  1.90e-02	5.14292e-01
  1.10e-01	  1.95e-02	5.14927e-01
  1.10e-01	  2.01e-02	5.15469e-01
  1.10e-01	  2.06e-02	5.15929e-01
  1.10e-01	  2.11e-02	5.16316e-01
  1.10e-01	  2.16e-02	5.16639e-01
  1.10e-01	  2.21e-02	5.16905e-01
  1.10e-01	  2.27e-02	5.17120e-01
  1.10e-01	  2.32e-02	5.17290e-01
  1.10e-01	  2.37e-02	5.17419e-01
  1.10e-01	  2.42e-02	5.17509e-01
  1.10e-01	  2.47e-02	5.17562e-01
  1.10e-01	  2.53e-02	5.17578e-01
  1.10e-01	  2.58e-02	5.17558e-01
  1.10e-01	  2.63e-02	5.17498e-01
  1.10e-01	  2.68e-02	5.17396e-01
  1.10e-01	  2.73e-02	5.17248e-01
  1.10e-01	  2.79e-02	5.17048e-01
  1.10e-01	  2.84e-02	5.16789e-01
  1.10e-01	  2.89e-02	5.16465e-01
  1.10e-01	  2.94e-02	5.16065e-01
  1.10e-01	  2.99e-02	5.15582e-01
  1.10e-01	  3.05e-02	5.15004e-01
  1.10e-01	  3.10e-02	5.14318e-01
  1.10e-01	  3.15e-02	5.13511e-01
  1.10e-01	  3.20e-02	5.12568e-01
  1.10e-01	  3.26e-02	5.11470e-01
  1.10e-01	  3.31e-02	5.10197e-01
  1.10e-01	  3.36e-02	5.08721e-01
  1.10e-01	  3.41e-02	5.07012e-01
  1.10e-01	  3.46e-02	5.05027e-01
  1.10e-01	  3.52e-02	5.02711e-01
  1.10e-01	  3.57e-02	4.99991e-01
  1.10e-01	  3.62e-02	4.96762e-01
  1.10e-01	  3.67e-02	4.92869e-01
  1.10e-01	  3.72e-02	4.88072e-01
  1.10e-01	  3.78e-02	4.81970e-01
  1.10e-01	  3.83e-02	4.73832e-01
  1.10e-01	  3.88e-02	4.62146e-01
  1.10e-01	  3.93e-02	4.43146e-01
  1.10e-01	  3.98e-02	3.93892e-01
  1.10e-01	  4.04e-02	1.84228e-33
  1.10e-01	  4.09e-02	2.76152e-66
  1.10e-01	  4.14e-02	4.13944e-99
  1.10e-01	  4.19e-02	6.20487e-132
  1.10e-01	  4.24e-02	9.30085e-165
  1.10e-01	  4.30e-02	1.39416e-197
  1.10e-01	  4.35e-02	2.08977e-230
  1.10e-01	  4.40e-02	3.13246e-263
  1.10e-01	  4.45e-02	4.69538e-296
  1.10e-01	  4.51e-02	0.00000e+00
  1.10e-01	  4.56e-02	0.00000e+00
  1.10e-01	  4.61e-02	0.00000e+00
  1.10e-01	  4.66e-02	0.00000e+00
  1.10e-01	  4.71e-02	0.00000e+00
  1.10e-01	  4.77e-02	0.00000e+00
  1.10e-01	  4.82e-02	0.00000e+00
  1.10e-01	  4.87e-02	0.00000e+00
  1.10e-01	  4.92e-02	0.00000e+00
  1.10e-01	  4.97e-02	0.00000e+00

  1.11e-01	  2.60e-04	0.00000e+00
  1.11e-01	  7.81e-04	0.00000e+00
  1.11e-01	  1.30e-03	0.00000e+00
  1.11e-01	  1.82e-03	0.00000e+00
  1.11e-01	  2.34e-03	0.00000e+00
  1.11e-01	  2.86e-03	0.00000e+00
  1.11e-01	  3.39e-03	0.00000e+00
  1.11e-01	  3.91e-03	0.00000e+00
  1.11e-01	  4.43e-03	0.00000e+00
  1.11e-01	  4.95e-03	4.65387e-296
  1.11e-01	  5.47e-03	3.10482e-263
  1.11e-01	  5.99e-03	2.07136e-230
  1.11e-01	  6.51e-03	1.38190e-197
  1.11e-01	  7.03e-03	9.21922e-165
  1.11e-01	  7.55e-03	6.15051e-132
  1.11e-01	  8.07e-03	4.10324e-99
  1.11e-01	  8.59e-03	2.73742e-66
  1.11e-01	  9.11e-03	1.82623e-33
  1.11e-01	  9.64e-03	3.91332e-01
  1.11e-01	  1.02e-02	4.41297e-01
  1.11e-01	  1.07e-02	4.60592e-01
  1.11e-01	  1.12e-02	4.72431e-01
  1.11e-01	  1.17e-02	4.80668e-01
  1.11e-01	  1.22e-02	4.86843e-01
  1.11e-01	  1.28e-02	4.91700e-01
  1.11e-01	  1.33e-02	4.95646e-01
  1.11e-01	  1.38e-02	4.98926e-01
  1.11e-01	  1.43e-02	5.01695e-01
  1.11e-01	  1.48e-02	5.04060e-01
  1.11e-01	  1.54e-02	5.06094e-01
  1.11e-01	  1.59e-02	5.07855e-01
  1.11e-01	  1.64e-02	5.09382e-01
  1.11e-01	  1.69e-02	5.10710e-01
  1.11e-01	  1.74e-02	5.11864e-01
  1.11e-01	  1.80e-02	5.12865e-01
  1.11e-01	  1.85e-02	5.13732e-01
  1.11e-01	  1.90e-02	5.14479e-01
  1.11e-01	  1.95e-02	5.15121e-01
  1.11e-01	  2.01e-02	5.15670e-01
  1.11e-01	  2.06e-02	5.16135e-01
  1.11e-01	  2.11e-02	5.16528e-01
  1.11e-01	  2.16e-02	5.16855e-01
  1.11e-01	  2.21e-02	5.17125e-01
  1.11e-01	  2.27e-02	5.17343e-01
  1.11e-01	  2.32e-02	5.17515e-01
  1.11e-01	  2.37e-02	5.17646e-01
  1.11e-01	  2.42e-02	5.17737e-01
  1.11e-01	  2.47e-02	5.17790e-01
  1.11e-01	  2.53e-02	5.17806e-01
  1.11e-01	  2.58e-02	5.17785e-01
  1.11e-01	  2.63e-02	5.17724e-01
  1.11e-01	  2.68e-02	5.17620e-01
  1.11e-01	  2.73e-02	5.17469e-01
  1.11e-01	  2.79e-02	5.17265e-01
  1.11e-01	  2.84e-02	5.17002e-01
  1.11e-01	  2.89e-02	5.16673e-01
  1.11e-01	  2.94e-02	5.16268e-01
  1.11e-01	  2.99e-02	5.15779e-01
  1.11e-01	  3.05e-02	5.15193e-01
  1.11e-01	  3.10e-02	5.14499e-01
  1.11e-01	  3.15e-02	5.13684e-01
  1.11e-01	  3.20e-02	5.12731e-01
  1.11e-01	  3.26e-02	5.11622e-01
  1.11e-01	  3.31e-02	5.10335e-01
  1.11e-01	  3.36e-02	5.08846e-01
  1.11e-01	  3.41e-02	5.07120e-01
  1.11e-01	  3.46e-02	5.05115e-01
  1.11e-01	  3.52e-02	5.02776e-01
  1.11e-01	  3.57e-02	5.00029e-01
  1.11e-01	  3.62e-02	4.96766e-01
  1.11e-01	  3.67e-02	4.92830e-01
  1.11e-01	  3.72e-02	4.87977e-01
  1.11e-01	  3.78e-02	4.81798e-01
  1.11e-01	  3.83e-02	4.73545e-01
  1.11e-01	  3.88e-02	4.61670e-01
  1.11e-01	  3.93e-02	4.42301e-01
  1.11e-01	  3.98e-02	3.92135e-01
  1.11e-01	  4.04e-02	1.83127e-33
  1.11e-01	  4.09e-02	2.74500e-66
  1.11e-01	  4.14e-02	4.11463e-99
  1.11e-01	  4.19e-02	6.16763e-132
  1.11e-01	  4.24e-02	9.24496e-165
  1.11e-01	  4.30e-02	1.38577e-197
  1.11e-01	  4.35e-02	2.07718e-230
  1.11e-01	  4.40e-02	3.11356e-263
  1.11e-01	  4.45e-02	4.66701e-296
  1.11e-01	  4.51e-02	0.00000e+00
  1.11e-01	  4.56e-02	0.00000e+00
  1.11e-01	  4.61e-02	0.00000e+00
  1.11e-01	  4.66e-02	0.00000e+00
  1.11e-01	  4.71e-02	0.00000e+00
  1.11e-01	  4.77e-02	0.00000e+00
  1.11e-01	  4.82e-02	0.00000e+00
  1.11e-01	  4.87e-02	0.00000e+00
  1.11e-01	  4.92e-02	0.00000e+00
  1.11e-01	  4.97e-02	0.00000e+00

  1.12e-01	  2.60e-04	0.00000e+00
  1.12e-01	  7.81e-04	0.00000e+00
  1.12e-01	  1.30e-03	0.00000e+00
  1.12e-01	  1.82e-03	0.00000e+00
  1.12e-01	  2.34e-03	0.00000e+00
  1.12e-01	  2.86e-03	0.00000e+00
  1.12e-01	  3.39e-03	0.00000e+00
  1.12e-01	  3.91e-03	0.00000e+00
  1.12e-01	  4.43e-03	0.00000e+00
  1.12e-01	  4.95e-03	4.62565e-296
  1.12e-01	  5.47e-03	3.08601e-263
  1.12e-01	  5.99e-03	2.05884e-230
  1.12e-01	  6.51e-03	1.37355e-197
  1.12e-01	  7.03e-03	9.16361e-165
  1.12e-01	  7.55e-03	6.11346e-132
  1.12e-01	  8.07e-03	4.07855e-99
  1.12e-01	  8.59e-03	2.72097e-66
  1.12e-01	  9.11e-03	1.81527e-33
  1.12e-01	  9.64e-03	3.89579e-01
  1.12e-01	  1.02e-02	4.40449e-01
  1.12e-01	  1.07e-02	4.60112e-01
  1.12e-01	  1.12e-02	4.72142e-01
  1.12e-01	  1.17e-02	4.80494e-01
  1.12e-01	  1.22e-02	4.86746e-01
  1.12e-01	  1.28e-02	4.91659e-01
  1.12e-01	  1.33e-02	4.95648e-01
  1.12e-01	  1.38e-02	4.98961e-01
  1.12e-01	  1.43e-02	5.01758e-01
  1.12e-01	  1.48e-02	5.04145e-01
  1.12e-01	  1.54e-02	5.06200e-01
  1.12e-01	  1.59e-02	5.07977e-01
  1.12e-01	  1.64e-02	5.09519e-01
  1.12e-01	  1.69e-02	5.10859e-01
  1.12e-01	  1.74e-02	5.12024e-01
  1.12e-01	  1.80e-02	5.13035e-01
  1.12e-01	  1.85e-02	5.13911e-01
  1.12e-01	  1.90e-02	5.14666e-01
  1.12e-01	  1.95e-02	5.15315e-01
  1.12e-01	  2.01e-02	5.15870e-01
  1.12e-01	  2.06e-02	5.16342e-01
  1.12e-01	  2.11e-02	5.16739e-01
  1.12e-01	  2.16e-02	5.17070e-01
  1.12e-01	  2.21e-02	5.17344e-01
  1.12e-01	  2.27e-02	5.17565e-01
  1.12e-01	  2.32e-02	5.17740e-01
  1.12e-01	  2.37e-02	5.17872e-01
  1.12e-01	  2.42e-02	5.17964e-01
  1.12e-01	  2.47e-02	5.18018e-01
  1.12e-01	  2.53e-02	5.18034e-01
  1.12e-01	  2.58e-02	5.18011e-01
  1.12e-01	  2.63e-02	5.17949e-01
  1.12e-01	  2.68e-02	5.17843e-01
  1.12e-01	  2.73e-02	5.17689e-01
  1.12e-01	  2.79e-02	5.17482e-01
  1.12e-01	  2.84e-02	5.17215e-01
  1.12e-01	  2.89e-02	5.16881e-01
  1.12e-01	  2.94e-02	5.16471e-01
  1.12e-01	  2.99e-02	5.15975e-01
  1.12e-01	  3.05e-02	5.15382e-01
  1.12e-01	  3.10e-02	5.14681e-01
  1.12e-01	  3.15e-02	5.13856e-01
  1.12e-01	  3.20e-02	5.12893e-01
  1.12e-01	  3.26e-02	5.11773e-01
  1.12e-01	  3.31e-02	5.10474e-01
  1.12e-01	  3.36e-02	5.08971e-01
  1.12e-01	  3.41e-02	5.07228e-01
  1.12e-01	  3.46e-02	5.05204e-01
  1.12e-01	  3.52e-02	5.02842e-01
  1.12e-01	  3.57e-02	5.00067e-01
  1.12e-01	  3.62e-02	4.96770e-01
  1.12e-01	  3.67e-02	4.92792e-01
  1.12e-01	  3.72e-02	4.87883e-01
  1.12e-01	  3.78e-02	4.81626e-01
  1.12e-01	  3.83e-02	4.73258e-01
  1.12e-01	  3.88e-02	4.61192e-01
  1.12e-01	  3.93e-02	4.41454e-01
  1.12e-01	  3.98e-02	3.90383e-01
  1.12e-01	  4.04e-02	1.82030e-33
  1.12e-01	  4.09e-02	2.72853e-66
  1.12e-01	  4.14e-02	4.08992e-99
  1.12e-01	  4.19e-02	6.13055e-132
  1.12e-01	  4.24e-02	9.18930e-165
  1.12e-01	  4.30e-02	1.37741e-197
  1.12e-01	  4.35e-02	2.06464e-230
  1.12e-01	  4.40e-02	3.09474e-263
  1.12e-01	  4.45e-02	4.63877e-296
  1.12e-01	  4.51e-02	0.00000e+00
  1.12e-01	  4.56e-02	0.00000e+00
  1.12e-01	  4.61e-02	0.00000e+00
  1.12e-01	  4.66e-02	0.00000e+00
  1.12e-01	  4.71e-02	0.00000e+00
  1.12e-01	  4.77e-02	0.00000e+00
  1.12e-01	  4.82e-02	0.00000e+00
  1.12e-01	  4.87e-02	0.00000e+00
  1.12e-01	  4.92e-02	0.00000e+00
  1.12e-01	  4.97e-02	0.00000e+00

  1.12e-01	  2.60e-04	0.00000e+00
  1.12e-01	  7.81e-04	0.00000e+00
  1.12e-01	  1.30e-03	0.00000e+00
  1.12e-01	  1.82e-03	0.00000e+00
  1.12e-01	  2.34e-03	0.00000e+00
  1.12e-01	  2.86e-03	0.00000e+00
  1.12e-01	  3.39e-03	0.00000e+00
  1.12e-01	  3.91e-03	0.00000e+00
  1.12e-01	  4.43e-03	0.00000e+00
  1.12e-01	  4.95e-03	4.59756e-296
  1.12e-01	  5.47e-03	3.06730e-263
  1.12e-01	  5.99e-03	2.04637e-230
  1.12e-01	  6.51e-03	1.36524e-197
  1.12e-01	  7.03e-03	9.10825e-165
  1.12e-01	  7.55e-03	6.07657e-132
  1.12e-01	  8.07e-03	4.05397e-99
  1.12e-01	  8.59e-03	2.70460e-66
  1.12e-01	  9.11e-03	1.80436e-33
  1.12e-01	  9.64e-03	3.87831e-01
  1.12e-01	  1.02e-02	4.39599e-01
  1.12e-01	  1.07e-02	4.59632e-01
  1.12e-01	  1.12e-02	4.71852e-01
  1.12e-01	  1.17e-02	4.80319e-01
  1.12e-01	  1.22e-02	4.86649e-01
  1.12e-01	  1.28e-02	4.91618e-01
  1.12e-01	  1.33e-02	4.95649e-01
  1.12e-01	  1.38e-02	4.98996e-01
  1.12e-01	  1.43e-02	5.01821e-01
  1.12e-01	  1.48e-02	5.04231e-01
  1.12e-01	  1.54e-02	5.06305e-01
  1.12e-01	  1.59e-02	5.08099e-01
  1.12e-01	  1.64e-02	5.09656e-01
  1.12e-01	  1.69e-02	5.11008e-01
  1.12e-01	  1.74e-02	5.12184e-01
  1.12e-01	  1.80e-02	5.13205e-01
  1.12e-01	  1.85e-02	5.14090e-01
  1.12e-01	  1.90e-02	5.14853e-01
  1.12e-01	  1.95e-02	5.15510e-01
  1.12e-01	  2.01e-02	5.16071e-01
  1.12e-01	  2.06e-02	5.16548e-01
  1.12e-01	  2.11e-02	5.16950e-01
  1.12e-01	  2.16e-02	5.17286e-01
  1.12e-01	  2.21e-02	5.17562e-01
  1.12e-01	  2.27e-02	5.17787e-01
  1.12e-01	  2.32e-02	5.17964e-01
  1.12e-01	  2.37e-02	5.18097e-01
  1.12e-01	  2.42e-02	5.18190e-01
  1.12e-01	  2.47e-02	5.18244e-01
  1.12e-01	  2.53e-02	5.18260e-01
  1.12e-01	  2.58e-02	5.18237e-01
  1.12e-01	  2.63e-02	5.18173e-01
  1.12e-01	  2.68e-02	5.18065e-01
  1.12e-01	  2.73e-02	5.17908e-01
  1.12e-01	  2.79e-02	5.17698e-01
  1.12e-01	  2.84e-02	5.17427e-01
  1.12e-01	  2.89e-02	5.17088e-01
  1.12e-01	  2.94e-02	5.16673e-01
  1.12e-01	  2.99e-02	5.16171e-01
  1.12e-01	  3.05e-02	5.15571e-01
  1.12e-01	  3.10e-02	5.14862e-01
  1.12e-01	  3.15e-02	5.14029e-01
  1.12e-01	  3.20e-02	5.13056e-01
  1.12e-01	  3.26e-02	5.11925e-01
  1.12e-01	  3.31e-02	5.10614e-01
  1.12e-01	  3.36e-02	5.09096e-01
  1.12e-01	  3.41e-02	5.07336e-01
  1.12e-01	  3.46e-02	5.05293e-01
  1.12e-01	  3.52e-02	5.02908e-01
  1.12e-01	  3.57e-02	5.00105e-01
  1.12e-01	  3.62e-02	4.96774e-01
  1.12e-01	  3.67e-02	4.92753e-01
  1.12e-01	  3.72e-02	4.87788e-01
  1.12e-01	  3.78e-02	4.81454e-01
  1.12e-01	  3.83e-02	4.72970e-01
  1.12e-01	  3.88e-02	4.60713e-01
  1.12e-01	  3.93e-02	4.40605e-01
  1.12e-01	  3.98e-02	3.88635e-01
  1.12e-01	  4.04e-02	1.80938e-33
  1.12e-01	  4.09e-02	2.71215e-66
  1.12e-01	  4.14e-02	4.06533e-99
  1.12e-01	  4.19e-02	6.09363e-132
  1.12e-01	  4.24e-02	9.13390e-165
  1.12e-01	  4.30e-02	1.36910e-197
  1.12e-01	  4.35e-02	2.05216e-230
  1.12e-01	  4.40e-02	3.07601e-263
  1.12e-01	  4.45e-02	4.61066e-296
  1.12e-01	  4.51e-02	0.00000e+00
  1.12e-01	  4.56e-02	0.00000e+00
  1.12e-01	  4.61e-02	0.00000e+00
  1.12e-01	  4.66e-02	0.00000e+00
  1.12e-01	  4.71e-02	0.00000e+00
  1.12e-01	  4.77e-02	0.00000e+00
  1.12e-01	  4.82e-02	0.00000e+00
  1.12e-01	  4.87e-02	0.00000e+00
  1.12e-01	  4.92e-02	0.00000e+00
  1.12e-01	  4.97e-02	0.00000e+00

  1.13e-01	  2.60e-04	0.00000e+00
  1.13e-01	  7.81e-04	0.00000e+00
  1.13e-01	  1.30e-03	0.00000e+00
  1.13e-01	  1.82e-03	0.00000e+00
  1.13e-01	  2.34e-03	0.00000e+00
  1.13e-01	  2.86e-03	0.00000e+00
  1.13e-01	  3.39e-03	0.00000e+00
  1.13e-01	  3.91e-03	0.00000e+00
  1.13e-01	  4.43e-03	0.00000e+00
  1.13e-01	  4.95e-03	4.56962e-296
  1.13e-01	  5.47e-03	3.04868e-263
  1.13e-01	  5.99e-03	2.03396e-230
  1.13e-01	  6.51e-03	1.35698e-197
  1.13e-01	  7.03e-03	9.05316e-165
  1.13e-01	  7.55e-03	6.03986e-132
  1.13e-01	  8.07e-03	4.02952e-99
  1.13e-01	  8.59e-03	2.68830e-66
  1.13e-01	  9.11e-03	1.79350e-33
  1.13e-01	  9.64e-03	3.86089e-01
  1.13e-01	  1.02e-02	4.38747e-01
  1.13e-01	  1.07e-02	4.59150e-01
  1.13e-01	  1.12e-02	4.71562e-01
  1.13e-01	  1.17e-02	4.80145e-01
  1.13e-01	  1.22e-02	4.86552e-01
  1.13e-01	  1.28e-02	4.91577e-01
  1.13e-01	  1.33e-02	4.95651e-01
  1.13e-01	  1.38e-02	4.99032e-01
  1.13e-01	  1.43e-02	5.01884e-01
  1.13e-01	  1.48e-02	5.04318e-01
  1.13e-01	  1.54e-02	5.06411e-01
  1.13e-01	  1.59e-02	5.08222e-01
  1.13e-01	  1.64e-02	5.09793e-01
  1.13e-01	  1.69e-02	5.11158e-01
  1.13e-01	  1.74e-02	5.12345e-01
  1.13e-01	  1.80e-02	5.13376e-01
  1.13e-01	  1.85e-02	5.14269e-01
  1.13e-01	  1.90e-02	5.15040e-01
  1.13e-01	  1.95e-02	5.15703e-01
  1.13e-01	  2.01e-02	5.16271e-01
  1.13e-01	  2.06e-02	5.16753e-01
  1.13e-01	  2.11e-02	5.17160e-01
  1.13e-01	  2.16e-02	5.17500e-01
  1.13e-01	  2.21e-02	5.17781e-01
  1.13e-01	  2.27e-02	5.18008e-01
  1.13e-01	  2.32e-02	5.18187e-01
  1.13e-01	  2.37e-02	5.18322e-01
  1.13e-01	  2.42e-02	5.18416e-01
  1.13e-01	  2.47e-02	5.18471e-01
  1.13e-01	  2.53e-02	5.18486e-01
  1.13e-01	  2.58e-02	5.18462e-01
  1.13e-01	  2.63e-02	5.18397e-01
  1.13e-01	  2.68e-02	5.18287e-01
  1.13e-01	  2.73e-02	5.18127e-01
  1.13e-01	  2.79e-02	5.17913e-01
  1.13e-01	  2.84e-02	5.17639e-01
  1.13e-01	  2.89e-02	5.17295e-01
  1.13e-01	  2.94e-02	5.16874e-01
  1.13e-01	  2.99e-02	5.16366e-01
  1.13e-01	  3.05e-02	5.15760e-01
  1.13e-01	  3.10e-02	5.15043e-01
  1.13e-01	  3.15e-02	5.14201e-01
  1.13e-01	  3.20e-02	5.13219e-01
  1.13e-01	  3.26e-02	5.12077e-01
  1.13e-01	  3.31e-02	5.10754e-01
  1.13e-01	  3.36e-02	5.09221e-01
  1.13e-01	  3.41e-02	5.07445e-01
  1.13e-01	  3.46e-02	5.05382e-01
  1.13e-01	  3.52e-02	5.02974e-01
  1.13e-01	  3.57e-02	5.00144e-01
  1.13e-01	  3.62e-02	4.96779e-01
  1.13e-01	  3.67e-02	4.92715e-01
  1.13e-01	  3.72e-02	4.87694e-01
  1.13e-01	  3.78e-02	4.81282e-01
  1.13e-01	  3.83e-02	4.72682e-01
  1.13e-01	  3.88e-02	4.60233e-01
  1.13e-01	  3.93e-02	4.39754e-01
  1.13e-01	  3.98e-02	3.86892e-01
  1.13e-01	  4.04e-02	1.79851e-33
  1.13e-01	  4.09e-02	2.69584e-66
  1.13e-01	  4.14e-02	4.04085e-99
  1.13e-01	  4.19e-02	6.05690e-132
  1.13e-01	  4.24e-02	9.07877e-165
  1.13e-01	  4.30e-02	1.36083e-197
  1.13e-01	  4.35e-02	2.03975e-230
  1.13e-01	  4.40e-02	3.05738e-263
  1.13e-01	  4.45e-02	4.58270e-296
  1.13e-01	  4.51e-02	0.00000e+00
  1.13e-01	  4.56e-02	0.00000e+00
  1.13e-01	  4.61e-02	0.00000e+00
  1.13e-01	  4.66e-02	0.00000e+00
  1.13e-01	  4.71e-02	0.00000e+00
  1.13e-01	  4.77e-02	0.00000e+00
  1.13e-01	  4.82e-02	0.00000e+00
  1.13e-01	  4.87e-02	0.00000e+00
  1.13e-01	  4.92e-02	0.00000e+00
  1.13e-01	  4.97e-02	0.00000e+00

  1.14e-01	  2.60e-04	0.00000e+00
  1.14e-01	  7.81e-04	0.00000e+00
  1.14e-01	  1.30e-03	0.00000e+00
  1.14e-01	  1.82e-03	0.00000e+00
  1.14e-01	  2.34e-03	0.00000e+00
  1.14e-01	  2.86e-03	0.00000e+00
  1.14e-01	  3.39e-03	0.00000e+00
  1.14e-01	  3.91e-03	0.00000e+00
  1.14e-01	  4.43e-03	0.00000e+00
  1.14e-01	  4.95e-03	4.54183e-296
  1.14e-01	  5.47e-03	3.03016e-263
  1.14e-01	  5.99e-03	2.02162e-230
  1.14e-01	  6.51e-03	1.34875e-197
  1.14e-01	  7.03e-03	8.99837e-165
  1.14e-01	  7.55e-03	6.00335e-132
  1.14e-01	  8.07e-03	4.00519e-99
  1.14e-01	  8.59e-03	2.67209e-66
  1.14e-01	  9.11e-03	1.78270e-33
  1.14e-01	  9.64e-03	3.84352e-01
  1.14e-01	  1.02e-02	4.37894e-01
  1.14e-01	  1.07e-02	4.58667e-01
  1.14e-01	  1.12e-02	4.71272e-01
  1.14e-01	  1.17e-02	4.79970e-01
  1.14e-01	  1.22e-02	4.86455e-01
  1.14e-01	  1.28e-02	4.91536e-01
  1.14e-01	  1.33e-02	4.95653e-01
  1.14e-01	  1.38e-02	4.99068e-01
  1.14e-01	  1.43e-02	5.01948e-01
  1.14e-01	  1.48e-02	5.04405e-01
  1.14e-01	  1.54e-02	5.06518e-01
  1.14e-01	  1.59e-02	5.08345e-01
  1.14e-01	  1.64e-02	5.09930e-01
  1.14e-01	  1.69e-02	5.11308e-01
  1.14e-01	  1.74e-02	5.12506e-01
  1.14e-01	  1.80e-02	5.13546e-01
  1.14e-01	  1.85e-02	5.14448e-01
  1.14e-01	  1.90e-02	5.15227e-01
  1.14e-01	  1.95e-02	5.15897e-01
  1.14e-01	  2.01e-02	5.16471e-01
  1.14e-01	  2.06e-02	5.16958e-01
  1.14e-01	  2.11e-02	5.17370e-01
  1.14e-01	  2.16e-02	5.17714e-01
  1.14e-01	  2.21e-02	5.17998e-01
  1.14e-01	  2.27e-02	5.18228e-01
  1.14e-01	  2.32e-02	5.18409e-01
  1.14e-01	  2.37e-02	5.18546e-01
  1.14e-01	  2.42e-02	5.18641e-01
  1.14e-01	  2.47e-02	5.18696e-01
  1.14e-01	  2.53e-02	5.18712e-01
  1.14e-01	  2.58e-02	5.18687e-01
  1.14e-01	  2.63e-02	5.18620e-01
  1.14e-01	  2.68e-02	5.18508e-01
  1.14e-01	  2.73e-02	5.18346e-01
  1.14e-01	  2.79e-02	5.18129e-01
  1.14e-01	  2.84e-02	5.17850e-01
  1.14e-01	  2.89e-02	5.17502e-01
  1.14e-01	  2.94e-02	5.17076e-01
  1.14e-01	  2.99e-02	5.16562e-01
  1.14e-01	  3.05e-02	5.15949e-01
  1.14e-01	  3.10e-02	5.15224e-01
  1.14e-01	  3.15e-02	5.14374e-01
  1.14e-01	  3.20e-02	5.13382e-01
  1.14e-01	  3.26e-02	5.12230e-01
  1.14e-01	  3.31e-02	5.10894e-01
  1.14e-01	  3.36e-02	5.09347e-01
  1.14e-01	  3.41e-02	5.07554e-01
  1.14e-01	  3.46e-02	5.05472e-01
  1.14e-01	  3.52e-02	5.03041e-01
  1.14e-01	  3.57e-02	5.00183e-01
  1.14e-01	  3.62e-02	4.96784e-01
  1.14e-01	  3.67e-02	4.92678e-01
  1.14e-01	  3.72e-02	4.87600e-01
  1.14e-01	  3.78e-02	4.81110e-01
  1.14e-01	  3.83e-02	4.72394e-01
  1.14e-01	  3.88e-02	4.59752e-01
  1.14e-01	  3.93e-02	4.38901e-01
  1.14e-01	  3.98e-02	3.85156e-01
  1.14e-01	  4.04e-02	1.78770e-33
  1.14e-01	  4.09e-02	2.67961e-66
  1.14e-01	  4.14e-02	4.01650e-99
  1.14e-01	  4.19e-02	6.02037e-132
  1.14e-01	  4.24e-02	9.02394e-165
  1.14e-01	  4.30e-02	1.35260e-197
  1.14e-01	  4.35e-02	2.02740e-230
  1.14e-01	  4.40e-02	3.03885e-263
  1.14e-01	  4.45e-02	4.55489e-296
  1.14e-01	  4.51e-02	0.00000e+00
  1.14e-01	  4.56e-02	0.00000e+00
  1.14e-01	  4.61e-02	0.00000e+00
  1.14e-01	  4.66e-02	0.00000e+00
  1.14e-01	  4.71e-02	0.00000e+00
  1.14e-01	  4.77e-02	0.00000e+00
  1.14e-01	  4.82e-02	0.00000e+00
  1.14e-01	  4.87e-02	0.00000e+00
  1.14e-01	  4.92e-02	0.00000e+00
  1.14e-01	  4.97e-02	0.00000e+00

  1.15e-01	  2.60e-04	0.00000e+00
  1.15e-01	  7.81e-04	0.00000e+00
  1.15e-01	  1.30e-03	0.00000e+00
  1.15e-01	  1.82e-03	0.00000e+00
  1.15e-01	  2.34e-03	0.00000e+00
  1.15e-01	  2.86e-03	0.00000e+00
  1.15e-01	  3.39e-03	0.00000e+00
  1.15e-01	  3.91e-03	0.00000e+00
  1.15e-01	  4.43e-03	0.00000e+00
  1.15e-01	  4.95e-03	4.51421e-296
  1.15e-01	  5.47e-03	3.01175e-263
  1.15e-01	  5.99e-03	2.00935e-230
  1.15e-01	  6.51e-03	1.34058e-197
  1.15e-01	  7.03e-03	8.94389e-165
  1.15e-01	  7.55e-03	5.96705e-132
  1.15e-01	  8.07e-03	3.98100e-99
  1.15e-01	  8.59e-03	2.65597e-66
  1.15e-01	  9.11e-03	1.77195e-33
  1.15e-01	  9.64e-03	3.82622e-01
  1.15e-01	  1.02e-02	4.37039e-01
  1.15e-01	  1.07e-02	4.58183e-01
  1.15e-01	  1.12e-02	4.70980e-01
  1.15e-01	  1.17e-02	4.79795e-01
  1.15e-01	  1.22e-02	4.86358e-01
  1.15e-01	  1.28e-02	4.91496e-01
  1.15e-01	  1.33e-02	4.95656e-01
  1.15e-01	  1.38e-02	4.99105e-01
  1.15e-01	  1.43e-02	5.02012e-01
  1.15e-01	  1.48e-02	5.04492e-01
  1.15e-01	  1.54e-02	5.06624e-01
  1.15e-01	  1.59e-02	5.08468e-01
  1.15e-01	  1.64e-02	5.10068e-01
  1.15e-01	  1.69e-02	5.11459e-01
  1.15e-01	  1.74e-02	5.12667e-01
  1.15e-01	  1.80e-02	5.13717e-01
  1.15e-01	  1.85e-02	5.14627e-01
  1.15e-01	  1.90e-02	5.15414e-01
  1.15e-01	  1.95e-02	5.16091e-01
  1.15e-01	  2.01e-02	5.16670e-01
  1.15e-01	  2.06e-02	5.17163e-01
  1.15e-01	  2.11e-02	5.17580e-01
  1.15e-01	  2.16e-02	5.17928e-01
  1.15e-01	  2.21e-02	5.18215e-01
  1.15e-01	  2.27e-02	5.18448e-01
  1.15e-01	  2.32e-02	5.18631e-01
  1.15e-01	  2.37e-02	5.18769e-01
  1.15e-01	  2.42e-02	5.18865e-01
  1.15e-01	  2.47e-02	5.18921e-01
  1.15e-01	  2.53e-02	5.18936e-01
  1.15e-01	  2.58e-02	5.18911e-01
  1.15e-01	  2.63e-02	5.18842e-01
  1.15e-01	  2.68e-02	5.18728e-01
  1.15e-01	  2.73e-02	5.18564e-01
  1.15e-01	  2.79e-02	5.18343e-01
  1.15e-01	  2.84e-02	5.18061e-01
  1.15e-01	  2.89e-02	5.17708e-01
  1.15e-01	  2.94e-02	5.17277e-01
  1.15e-01	  2.99e-02	5.16757e-01
  1.15e-01	  3.05e-02	5.16138e-01
  1.15e-01	  3.10e-02	5.15406e-01
  1.15e-01	  3.15e-02	5.14547e-01
  1.15e-01	  3.20e-02	5.13546e-01
  1.15e-01	  3.26e-02	5.12383e-01
  1.15e-01	  3.31e-02	5.11035e-01
  1.15e-01	  3.36e-02	5.09473e-01
  1.15e-01	  3.41e-02	5.07664e-01
  1.15e-01	  3.46e-02	5.05562e-01
  1.15e-01	  3.52e-02	5.03108e-01
  1.15e-01	  3.57e-02	5.00222e-01
  1.15e-01	  3.62e-02	4.96790e-01
  1.15e-01	  3.67e-02	4.92640e-01
  1.15e-01	  3.72e-02	4.87506e-01
  1.15e-01	  3.78e-02	4.80938e-01
  1.15e-01	  3.83e-02	4.72105e-01
  1.15e-01	  3.88e-02	4.59269e-01
  1.15e-01	  3.93e-02	4.38047e-01
  1.15e-01	  3.98e-02	3.83426e-01
  1.15e-01	  4.04e-02	1.77695e-33
  1.15e-01	  4.09e-02	2.66348e-66
  1.15e-01	  4.14e-02	3.99230e-99
  1.15e-01	  4.19e-02	5.98404e-132
  1.15e-01	  4.24e-02	8.96943e-165
  1.15e-01	  4.30e-02	1.34442e-197
  1.15e-01	  4.35e-02	2.01513e-230
  1.15e-01	  4.40e-02	3.02043e-263
  1.15e-01	  4.45e-02	4.52725e-296
  1.15e-01	  4.51e-02	0.00000e+00
  1.15e-01	  4.56e-02	0.00000e+00
  1.15e-01	  4.61e-02	0.00000e+00
  1.15e-01	  4.66e-02	0.00000e+00
  1.15e-01	  4.71e-02	0.00000e+00
  1.15e-01	  4.77e-02	0.00000e+00
  1.15e-01	  4.82e-02	0.00000e+00
  1.15e-01	  4.87e-02	0.00000e+00
  1.15e-01	  4.92e-02	0.00000e+00
  1.15e-01	  4.97e-02	0.00000e+00

  1.16e-01	  2.60e-04	0.00000e+00
  1.16e-01	  7.81e-04	0.00000e+00
  1.16e-01	  1.30e-03	0.00000e+00
  1.16e-01	  1.82e-03	0.00000e+00
  1.16e-01	  2.34e-03	0.00000e+00
  1.16e-01	  2.86e-03	0.00000e+00
  1.16e-01	  3.39e-03	0.00000e+00
  1.16e-01	  3.91e-03	0.00000e+00
  1.16e-01	  4.43e-03	0.00000e+00
  1.16e-01	  4.95e-03	4.48676e-296
  1.16e-01	  5.47e-03	2.99346e-263
  1.16e-01	  5.99e-03	1.99716e-230
  1.16e-01	  6.51e-03	1.33245e-197
  1.16e-01	  7.03e-03	8.88976e-165
  1.16e-01	  7.55e-03	5.93097e-132
  1.16e-01	  8.07e-03	3.95695e-99
  1.16e-01	  8.59e-03	2.63994e-66
  1.16e-01	  9.11e-03	1.76128e-33
  1.16e-01	  9.64e-03	3.80900e-01
  1.16e-01	  1.02e-02	4.36182e-01
  1.16e-01	  1.07e-02	4.57697e-01
  1.16e-01	  1.12e-02	4.70688e-01
  1.16e-01	  1.17e-02	4.79620e-01
  1.16e-01	  1.22e-02	4.86261e-01
  1.16e-01	  1.28e-02	4.91455e-01
  1.16e-01	  1.33e-02	4.95658e-01
  1.16e-01	  1.38e-02	4.99141e-01
  1.16e-01	  1.43e-02	5.02076e-01
  1.16e-01	  1.48e-02	5.04579e-01
  1.16e-01	  1.54e-02	5.06731e-01
  1.16e-01	  1.59e-02	5.08592e-01
  1.16e-01	  1.64e-02	5.10206e-01
  1.16e-01	  1.69e-02	5.11609e-01
  1.16e-01	  1.74e-02	5.12829e-01
  1.16e-01	  1.80e-02	5.13888e-01
  1.16e-01	  1.85e-02	5.14807e-01
  1.16e-01	  1.90e-02	5.15601e-01
  1.16e-01	  1.95e-02	5.16284e-01
  1.16e-01	  2.01e-02	5.16870e-01
  1.16e-01	  2.06e-02	5.17368e-01
  1.16e-01	  2.11e-02	5.17789e-01
  1.16e-01	  2.16e-02	5.18141e-01
  1.16e-01	  2.21e-02	5.18431e-01
  1.16e-01	  2.27e-02	5.18667e-01
  1.16e-01	  2.32e-02	5.18852e-01
  1.16e-01	  2.37e-02	5.18992e-01
  1.16e-01	  2.42e-02	5.19089e-01
  1.16e-01	  2.47e-02	5.19145e-01
  1.16e-01	  2.53e-02	5.19160e-01
  1.16e-01	  2.58e-02	5.19134e-01
  1.16e-01	  2.63e-02	5.19064e-01
  1.16e-01	  2.68e-02	5.18948e-01
  1.16e-01	  2.73e-02	5.18781e-01
  1.16e-01	  2.79e-02	5.18558e-01
  1.16e-01	  2.84e-02	5.18271e-01
  1.16e-01	  2.89e-02	5.17914e-01
  1.16e-01	  2.94e-02	5.17478e-01
  1.16e-01	  2.99e-02	5.16953e-01
  1.16e-01	  3.05e-02	5.16327e-01
  1.16e-01	  3.10e-02	5.15587e-01
  1.16e-01	  3.15e-02	5.14721e-01
  1.16e-01	  3.20e-02	5.13710e-01
  1.16e-01	  3.26e-02	5.12536e-01
  1.16e-01	  3.31e-02	5.11175e-01
  1.16e-01	  3.36e-02	5.09599e-01
  1.16e-01	  3.41e-02	5.07773e-01
  1.16e-01	  3.46e-02	5.05652e-01
  1.16e-01	  3.52e-02	5.03175e-01
  1.16e-01	  3.57e-02	5.00261e-01
  1.16e-01	  3.62e-02	4.96795e-01
  1.16e-01	  3.67e-02	4.92602e-01
  1.16e-01	  3.72e-02	4.87412e-01
  1.16e-01	  3.78e-02	4.80765e-01
  1.16e-01	  3.83e-02	4.71815e-01
  1.16e-01	  3.88e-02	4.58785e-01
  1.16e-01	  3.93e-02	4.37191e-01
  1.16e-01	  3.98e-02	3.81704e-01
  1.16e-01	  4.04e-02	1.76627e-33
  1.16e-01	  4.09e-02	2.64745e-66
  1.16e-01	  4.14e-02	3.96824e-99
  1.16e-01	  4.19e-02	5.94794e-132
  1.16e-01	  4.24e-02	8.91526e-165
  1.16e-01	  4.30e-02	1.33629e-197
  1.16e-01	  4.35e-02	2.00293e-230
  1.16e-01	  4.40e-02	3.00213e-263
  1.16e-01	  4.45e-02	4.49979e-296
  1.16e-01	  4.51e-02	0.00000e+00
  1.16e-01	  4.56e-02	0.00000e+00
  1.16e-01	  4.61e-02	0.00000e+00
  1.16e-01	  4.66e-02	0.00000e+00
  1.16e-01	  4.71e-02	0.00000e+00
  1.16e-01	  4.77e-02	0.00000e+00
  1.16e-01	  4.82e-02	0.00000e+00
  1.16e-01	  4.87e-02	0.00000e+00
  1.16e-01	  4.92e-02	0.00000e+00
  1.16e-01	  4.97e-02	0.00000e+00

  1.16e-01	  2.60e-04	0.00000e+00
  1.16e-01	  7.81e-04	0.00000e+00
  1.16e-01	  1.30e-03	0.00000e+00
  1.16e-01	  1.82e-03	0.00000e+00
  1.16e-01	  2.34e-03	0.00000e+00
  1.16e-01	  2.86e-03	0.00000e+00
  1.16e-01	  3.39e-03	0.00000e+00
  1.16e-01	  3.91e-03	0.00000e+00
  1.16e-01	  4.43e-03	0.00000e+00
  1.16e-01	  4.95e-03	4.45949e-296
  1.16e-01	  5.47e-03	2.97529e-263
  1.16e-01	  5.99e-03	1.98505e-230
  1.16e-01	  6.51e-03	1.32438e-197
  1.16e-01	  7.03e-03	8.83597e-165
  1.16e-01	  7.55e-03	5.89513e-132
  1.16e-01	  8.07e-03	3.93307e-99
  1.16e-01	  8.59e-03	2.62402e-66
  1.16e-01	  9.11e-03	1.75067e-33
  1.16e-01	  9.64e-03	3.79185e-01
  1.16e-01	  1.02e-02	4.35323e-01
  1.16e-01	  1.07e-02	4.57211e-01
  1.16e-01	  1.12e-02	4.70396e-01
  1.16e-01	  1.17e-02	4.79445e-01
  1.16e-01	  1.22e-02	4.86164e-01
  1.16e-01	  1.28e-02	4.91415e-01
  1.16e-01	  1.33e-02	4.95661e-01
  1.16e-01	  1.38e-02	4.99177e-01
  1.16e-01	  1.43e-02	5.02140e-01
  1.16e-01	  1.48e-02	5.04666e-01
  1.16e-01	  1.54e-02	5.06837e-01
  1.16e-01	  1.59e-02	5.08715e-01
  1.16e-01	  1.64e-02	5.10344e-01
  1.16e-01	  1.69e-02	5.11760e-01
  1.16e-01	  1.74e-02	5.12991e-01
  1.16e-01	  1.80e-02	5.14059e-01
  1.16e-01	  1.85e-02	5.14986e-01
  1.16e-01	  1.90e-02	5.15787e-01
  1.16e-01	  1.95e-02	5.16478e-01
  1.16e-01	  2.01e-02	5.17069e-01
  1.16e-01	  2.06e-02	5.17572e-01
  1.16e-01	  2.11e-02	5.17997e-01
  1.16e-01	  2.16e-02	5.18353e-01
  1.16e-01	  2.21e-02	5.18647e-01
  1.16e-01	  2.27e-02	5.18885e-01
  1.16e-01	  2.32e-02	5.19073e-01
  1.16e-01	  2.37e-02	5.19214e-01
  1.16e-01	  2.42e-02	5.19312e-01
  1.16e-01	  2.47e-02	5.19368e-01
  1.16e-01	  2.53e-02	5.19383e-01
  1.16e-01	  2.58e-02	5.19356e-01
  1.16e-01	  2.63e-02	5.19285e-01
  1.16e-01	  2.68e-02	5.19167e-01
  1.16e-01	  2.73e-02	5.18998e-01
  1.16e-01	  2.79e-02	5.18771e-01
  1.16e-01	  2.84e-02	5.18481e-01
  1.16e-01	  2.89e-02	5.18120e-01
  1.16e-01	  2.94e-02	5.17679e-01
  1.16e-01	  2.99e-02	5.17148e-01
  1.16e-01	  3.05e-02	5.16515e-01
  1.16e-01	  3.10e-02	5.15769e-01
  1.16e-01	  3.15e-02	5.14894e-01
  1.16e-01	  3.20e-02	5.13875e-01
  1.16e-01	  3.26e-02	5.12690e-01
  1.16e-01	  3.31e-02	5.11316e-01
  1.16e-01	  3.36e-02	5.09726e-01
  1.16e-01	  3.41e-02	5.07883e-01
  1.16e-01	  3.46e-02	5.05742e-01
  1.16e-01	  3.52e-02	5.03242e-01
  1.16e-01	  3.57e-02	5.00301e-01
  1.16e-01	  3.62e-02	4.96800e-01
  1.16e-01	  3.67e-02	4.92565e-01
  1.16e-01	  3.72e-02	4.87318e-01
  1.16e-01	  3.78e-02	4.80592e-01
  1.16e-01	  3.83e-02	4.71525e-01
  1.16e-01	  3.88e-02	4.58300e-01
  1.16e-01	  3.93e-02	4.36333e-01
  1.16e-01	  3.98e-02	3.79990e-01
  1.16e-01	  4.04e-02	1.75565e-33
  1.16e-01	  4.09e-02	2.63152e-66
  1.16e-01	  4.14e-02	3.94434e-99
  1.16e-01	  4.19e-02	5.91208e-132
  1.16e-01	  4.24e-02	8.86145e-165
  1.16e-01	  4.30e-02	1.32821e-197
  1.16e-01	  4.35e-02	1.99081e-230
  1.16e-01	  4.40e-02	2.98395e-263
  1.16e-01	  4.45e-02	4.47251e-296
  1.16e-01	  4.51e-02	0.00000e+00
  1.16e-01	  4.56e-02	0.00000e+00
  1.16e-01	  4.61e-02	0.00000e+00
  1.16e-01	  4.66e-02	0.00000e+00
  1.16e-01	  4.71e-02	0.00000e+00
  1.16e-01	  4.77e-02	0.00000e+00
  1.16e-01	  4.82e-02	0.00000e+00
  1.16e-01	  4.87e-02	0.00000e+00
  1.16e-01	  4.92e-02	0.00000e+00
  1.16e-01	  4.97e-02	0.00000e+00

  1.17e-01	  2.60e-04	0.00000e+00
  1.17e-01	  7.81e-04	0.00000e+00
  1.17e-01	  1.30e-03	0.00000e+00
  1.17e-01	  1.82e-03	0.00000e+00
  1.17e-01	  2.34e-03	0.00000e+00
  1.17e-01	  2.86e-03	0.00000e+00
  1.17e-01	  3.39e-03	0.00000e+00
  1.17e-01	  3.91e-03	0.00000e+00
  1.17e-01	  4.43e-03	0.00000e+00
  1.17e-01	  4.95e-03	4.43242e-296
  1.17e-01	  5.47e-03	2.95725e-263
  1.17e-01	  5.99e-03	1.97303e-230
  1.17e-01	  6.51e-03	1.31637e-197
  1.17e-01	  7.03e-03	8.78256e-165
  1.17e-01	  7.55e-03	5.85953e-132
  1.17e-01	  8.07e-03	3.90934e-99
  1.17e-01	  8.59e-03	2.60821e-66
  1.17e-01	  9.11e-03	1.74013e-33
  1.17e-01	  9.64e-03	3.77479e-01
  1.17e-01	  1.02e-02	4.34463e-01
  1.17e-01	  1.07e-02	4.56722e-01
  1.17e-01	  1.12e-02	4.70102e-01
  1.17e-01	  1.17e-02	4.79269e-01
  1.17e-01	  1.22e-02	4.86067e-01
  1.17e-01	  1.28e-02	4.91374e-01
  1.17e-01	  1.33e-02	4.95663e-01
  1.17e-01	  1.38e-02	4.99214e-01
  1.17e-01	  1.43e-02	5.02204e-01
  1.17e-01	  1.48e-02	5.04753e-01
  1.17e-01	  1.54e-02	5.06944e-01
  1.17e-01	  1.59e-02	5.08838e-01
  1.17e-01	  1.64e-02	5.10482e-01
  1.17e-01	  1.69e-02	5.11910e-01
  1.17e-01	  1.74e-02	5.13152e-01
  1.17e-01	  1.80e-02	5.14231e-01
  1.17e-01	  1.85e-02	5.15166e-01
  1.17e-01	  1.90e-02	5.15974e-01
  1.17e-01	  1.95e-02	5.16671e-01
  1.17e-01	  2.01e-02	5.17268e-01
  1.17e-01	  2.06e-02	5.17776e-01
  1.17e-01	  2.11e-02	5.18206e-01
  1.17e-01	  2.16e-02	5.18565e-01
  1.17e-01	  2.21e-02	5.18862e-01
  1.17e-01	  2.27e-02	5.19103e-01
  1.17e-01	  2.32e-02	5.19293e-01
  1.17e-01	  2.37e-02	5.19435e-01
  1.17e-01	  2.42e-02	5.19534e-01
  1.17e-01	  2.47e-02	5.19591e-01
  1.17e-01	  2.53e-02	5.19606e-01
  1.17e-01	  2.58e-02	5.19578e-01
  1.17e-01	  2.63e-02	5.19506e-01
  1.17e-01	  2.68e-02	5.19386e-01
  1.17e-01	  2.73e-02	5.19214e-01
  1.17e-01	  2.79e-02	5.18985e-01
  1.17e-01	  2.84e-02	5.18691e-01
  1.17e-01	  2.89e-02	5.18326e-01
  1.17e-01	  2.94e-02	5.17880e-01
  1.17e-01	  2.99e-02	5.17343e-01
  1.17e-01	  3.05e-02	5.16704e-01
  1.17e-01	  3.10e-02	5.15951e-01
  1.17e-01	  3.15e-02	5.15068e-01
  1.17e-01	  3.20e-02	5.14039e-01
  1.17e-01	  3.26e-02	5.12843e-01
  1.17e-01	  3.31e-02	5.11457e-01
  1.17e-01	  3.36e-02	5.09852e-01
  1.17e-01	  3.41e-02	5.07993e-01
  1.17e-01	  3.46e-02	5.05832e-01
  1.17e-01	  3.52e-02	5.03309e-01
  1.17e-01	  3.57e-02	5.00340e-01
  1.17e-01	  3.62e-02	4.96806e-01
  1.17e-01	  3.67e-02	4.92527e-01
  1.17e-01	  3.72e-02	4.87223e-01
  1.17e-01	  3.78e-02	4.80419e-01
  1.17e-01	  3.83e-02	4.71233e-01
  1.17e-01	  3.88e-02	4.57813e-01
  1.17e-01	  3.93e-02	4.35474e-01
  1.17e-01	  3.98e-02	3.78284e-01
  1.17e-01	  4.04e-02	1.74511e-33
  1.17e-01	  4.09e-02	2.61570e-66
  1.17e-01	  4.14e-02	3.92060e-99
  1.17e-01	  4.19e-02	5.87646e-132
  1.17e-01	  4.24e-02	8.80800e-165
  1.17e-01	  4.30e-02	1.32020e-197
  1.17e-01	  4.35e-02	1.97878e-230
  1.17e-01	  4.40e-02	2.96590e-263
  1.17e-01	  4.45e-02	4.44542e-296
  1.17e-01	  4.51e-02	0.00000e+00
  1.17e-01	  4.56e-02	0.00000e+00
  1.17e-01	  4.61e-02	0.00000e+00
  1.17e-01	  4.66e-02	0.00000e+00
  1.17e-01	  4.71e-02	0.00000e+00
  1.17e-01	  4.77e-02	0.00000e+00
  1.17e-01	  4.82e-02	0.00000e+00
  1.17e-01	  4.87e-02	0.00000e+00
  1.17e-01	  4.92e-02	0.00000e+00
  1.17e-01	  4.97e-02	0.00000e+00

  1.18e-01	  2.60e-04	0.00000e+00
  1.18e-01	  7.81e-04	0.00000e+00
  1.18e-01	  1.30e-03	0.00000e+00
  1.18e-01	  1.82e-03	0.00000e+00
  1.18e-01	  2.34e-03	0.00000e+00
  1.18e-01	  2.86e-03	0.00000e+00
  1.18e-01	  3.39e-03	0.00000e+00
  1.18e-01	  3.91e-03	0.00000e+00
  1.18e-01	  4.43e-03	0.00000e+00
  1.18e-01	  4.95e-03	4.40555e-296
  1.18e-01	  5.47e-03	2.93934e-263
  1.18e-01	  5.99e-03	1.96109e-230
  1.18e-01	  6.51e-03	1.30841e-197
  1.18e-01	  7.03e-03	8.72953e-165
  1.18e-01	  7.55e-03	5.82419e-132
  1.18e-01	  8.07e-03	3.88579e-99
  1.18e-01	  8.59e-03	2.59251e-66
  1.18e-01	  9.11e-03	1.72966e-33
  1.18e-01	  9.64e-03	3.75782e-01
  1.18e-01	  1.02e-02	4.33602e-01
  1.18e-01	  1.07e-02	4.56232e-01
  1.18e-01	  1.12e-02	4.69808e-01
  1.18e-01	  1.17e-02	4.79093e-01
  1.18e-01	  1.22e-02	4.85970e-01
  1.18e-01	  1.28e-02	4.91333e-01
  1.18e-01	  1.33e-02	4.95665e-01
  1.18e-01	  1.38e-02	4.99250e-01
  1.18e-01	  1.43e-02	5.02268e-01
  1.18e-01	  1.48e-02	5.04840e-01
  1.18e-01	  1.54e-02	5.07051e-01
  1.18e-01	  1.59e-02	5.08962e-01
  1.18e-01	  1.64e-02	5.10620e-01
  1.18e-01	  1.69e-02	5.12061e-01
  1.18e-01	  1.74e-02	5.13314e-01
  1.18e-01	  1.80e-02	5.14402e-01
  1.18e-01	  1.85e-02	5.15346e-01
  1.18e-01	  1.90e-02	5.16161e-01
  1.18e-01	  1.95e-02	5.16864e-01
  1.18e-01	  2.01e-02	5.17467e-01
  1.18e-01	  2.06e-02	5.17980e-01
  1.18e-01	  2.11e-02	5.18414e-01
  1.18e-01	  2.16e-02	5.18777e-01
  1.18e-01	  2.21e-02	5.19077e-01
  1.18e-01	  2.27e-02	5.19320e-01
  1.18e-01	  2.32e-02	5.19512e-01
  1.18e-01	  2.37e-02	5.19656e-01
  1.18e-01	  2.42e-02	5.19756e-01
  1.18e-01	  2.47e-02	5.19813e-01
  1.18e-01	  2.53e-02	5.19827e-01
  1.18e-01	  2.58e-02	5.19799e-01
  1.18e-01	  2.63e-02	5.19725e-01
  1.18e-01	  2.68e-02	5.19604e-01
  1.18e-01	  2.73e-02	5.19430e-01
  1.18e-01	  2.79e-02	5.19197e-01
  1.18e-01	  2.84e-02	5.18901e-01
  1.18e-01	  2.89e-02	5.18531e-01
  1.18e-01	  2.94e-02	5.18081e-01
  1.18e-01	  2.99e-02	5.17538e-01
  1.18e-01	  3.05e-02	5.16894e-01
  1.18e-01	  3.10e-02	5.16133e-01
  1.18e-01	  3.15e-02	5.15242e-01
  1.18e-01	  3.20e-02	5.14203e-01
  1.18e-01	  3.26e-02	5.12996e-01
  1.18e-01	  3.31e-02	5.11598e-01
  1.18e-01	  3.36e-02	5.09978e-01
  1.18e-01	  3.41e-02	5.08102e-01
  1.18e-01	  3.46e-02	5.05922e-01
  1.18e-01	  3.52e-02	5.03376e-01
  1.18e-01	  3.57e-02	5.00380e-01
  1.18e-01	  3.62e-02	4.96811e-01
  1.18e-01	  3.67e-02	4.92489e-01
  1.18e-01	  3.72e-02	4.87128e-01
  1.18e-01	  3.78e-02	4.80245e-01
  1.18e-01	  3.83e-02	4.70941e-01
  1.18e-01	  3.88e-02	4.57325e-01
  1.18e-01	  3.93e-02	4.34614e-01
  1.18e-01	  3.98e-02	3.76588e-01
  1.18e-01	  4.04e-02	1.73464e-33
  1.18e-01	  4.09e-02	2.59999e-66
  1.18e-01	  4.14e-02	3.89703e-99
  1.18e-01	  4.19e-02	5.84110e-132
  1.18e-01	  4.24e-02	8.75495e-165
  1.18e-01	  4.30e-02	1.31224e-197
  1.18e-01	  4.35e-02	1.96684e-230
  1.18e-01	  4.40e-02	2.94798e-263
  1.18e-01	  4.45e-02	4.41854e-296
  1.18e-01	  4.51e-02	0.00000e+00
  1.18e-01	  4.56e-02	0.00000e+00
  1.18e-01	  4.61e-02	0.00000e+00
  1.18e-01	  4.66e-02	0.00000e+00
  1.18e-01	  4.71e-02	0.00000e+00
  1.18e-01	  4.77e-02	0.00000e+00
  1.18e-01	  4.82e-02	0.00000e+00
  1.18e-01	  4.87e-02	0.00000e+00
  1.18e-01	  4.92e-02	0.00000e+00
  1.18e-01	  4.97e-02	0.00000e+00

  1.19e-01	  2.60e-04	0.00000e+00
  1.19e-01	  7.81e-04	0.00000e+00
  1.19e-01	  1.30e-03	0.00000e+00
  1.19e-01	  1.82e-03	0.00000e+00
  1.19e-01	  2.34e-03	0.00000e+00
  1.19e-01	  2.86e-03	0.00000e+00
  1.19e-01	  3.39e-03	0.00000e+00
  1.19e-01	  3.91e-03	0.00000e+00
  1.19e-01	  4.43e-03	0.00000e+00
  1.19e-01	  4.95e-03	4.37889e-296
  1.19e-01	  5.47e-03	2.92157e-263
  1.19e-01	  5.99e-03	1.94925e-230
  1.19e-01	  6.51e-03	1.30052e-197
  1.19e-01	  7.03e-03	8.67691e-165
  1.19e-01	  7.55e-03	5.78912e-132
  1.19e-01	  8.07e-03	3.86241e-99
  1.19e-01	  8.59e-03	2.57693e-66
  1.19e-01	  9.11e-03	1.71928e-33
  1.19e-01	  9.64e-03	3.74095e-01
  1.19e-01	  1.02e-02	4.32740e-01
  1.19e-01	  1.07e-02	4.55741e-01
  1.19e-01	  1.12e-02	4.69512e-01
  1.19e-01	  1.17e-02	4.78915e-01
  1.19e-01	  1.22e-02	4.85872e-01
  1.19e-01	  1.28e-02	4.91292e-01
  1.19e-01	  1.33e-02	4.95668e-01
  1.19e-01	  1.38e-02	4.99286e-01
  1.19e-01	  1.43e-02	5.02332e-01
  1.19e-01	  1.48e-02	5.04927e-01
  1.19e-01	  1.54e-02	5.07157e-01
  1.19e-01	  1.59e-02	5.09085e-01
  1.19e-01	  1.64e-02	5.10758e-01
  1.19e-01	  1.69e-02	5.12211e-01
  1.19e-01	  1.74e-02	5.13475e-01
  1.19e-01	  1.80e-02	5.14573e-01
  1.19e-01	  1.85e-02	5.15525e-01
  1.19e-01	  1.90e-02	5.16349e-01
  1.19e-01	  1.95e-02	5.17057e-01
  1.19e-01	  2.01e-02	5.17665e-01
  1.19e-01	  2.06e-02	5.18183e-01
  1.19e-01	  2.11e-02	5.18621e-01
  1.19e-01	  2.16e-02	5.18988e-01
  1.19e-01	  2.21e-02	5.19291e-01
  1.19e-01	  2.27e-02	5.19537e-01
  1.19e-01	  2.32e-02	5.19730e-01
  1.19e-01	  2.37e-02	5.19876e-01
  1.19e-01	  2.42e-02	5.19977e-01
  1.19e-01	  2.47e-02	5.20034e-01
  1.19e-01	  2.53e-02	5.20048e-01
  1.19e-01	  2.58e-02	5.20019e-01
  1.19e-01	  2.63e-02	5.19945e-01
  1.19e-01	  2.68e-02	5.19821e-01
  1.19e-01	  2.73e-02	5.19645e-01
  1.19e-01	  2.79e-02	5.19410e-01
  1.19e-01	  2.84e-02	5.19110e-01
  1.19e-01	  2.89e-02	5.18736e-01
  1.19e-01	  2.94e-02	5.18281e-01
  1.19e-01	  2.99e-02	5.17734e-01
  1.19e-01	  3.05e-02	5.17083e-01
  1.19e-01	  3.10e-02	5.16315e-01
  1.19e-01	  3.15e-02	5.15416e-01
  1.19e-01	  3.20e-02	5.14367e-01
  1.19e-01	  3.26e-02	5.13149e-01
  1.19e-01	  3.31e-02	5.11738e-01
  1.19e-01	  3.36e-02	5.10105e-01
  1.19e-01	  3.41e-02	5.08212e-01
  1.19e-01	  3.46e-02	5.06012e-01
  1.19e-01	  3.52e-02	5.03444e-01
  1.19e-01	  3.57e-02	5.00419e-01
  1.19e-01	  3.62e-02	4.96816e-01
  1.19e-01	  3.67e-02	4.92451e-01
  1.19e-01	  3.72e-02	4.87033e-01
  1.19e-01	  3.78e-02	4.80070e-01
  1.19e-01	  3.83e-02	4.70648e-01
  1.19e-01	  3.88e-02	4.56835e-01
  1.19e-01	  3.93e-02	4.33752e-01
  1.19e-01	  3.98e-02	3.74901e-01
  1.19e-01	  4.04e-02	1.72425e-33
  1.19e-01	  4.09e-02	2.58440e-66
  1.19e-01	  4.14e-02	3.87364e-99
  1.19e-01	  4.19e-02	5.80601e-132
  1.19e-01	  4.24e-02	8.70230e-165
  1.19e-01	  4.30e-02	1.30434e-197
  1.19e-01	  4.35e-02	1.95499e-230
  1.19e-01	  4.40e-02	2.93020e-263
  1.19e-01	  4.45e-02	4.39186e-296
  1.19e-01	  4.51e-02	0.00000e+00
  1.19e-01	  4.56e-02	0.00000e+00
  1.19e-01	  4.61e-02	0.00000e+00
  1.19e-01	  4.66e-02	0.00000e+00
  1.19e-01	  4.71e-02	0.00000e+00
  1.19e-01	  4.77e-02	0.00000e+00
  1.19e-01	  4.82e-02	0.00000e+00
  1.19e-01	  4.87e-02	0.00000e+00
  1.19e-01	  4.92e-02	0.00000e+00
  1.19e-01	  4.97e-02	0.00000e+00

  1.20e-01	  2.60e-04	0.00000e+00
  1.20e-01	  7.81e-04	0.00000e+00
  1.20e-01	  1.30e-03	0.00000e+00
  1.20e-01	  1.82e-03	0.00000e+00
  1.20e-01	  2.34e-03	0.00000e+00
  1.20e-01	  2.86e-03	0.00000e+00
  1.20e-01	  3.39e-03	0.00000e+00
  1.20e-01	  3.91e-03	0.00000e+00
  1.20e-01	  4.43e-03	0.00000e+00
  1.20e-01	  4.95e-03	4.35245e-296
  1.20e-01	  5.47e-03	2.90394e-263
  1.20e-01	  5.99e-03	1.93750e-230
  1.20e-01	  6.51e-03	1.29269e-197
  1.20e-01	  7.03e-03	8.62471e-165
  1.20e-01	  7.55e-03	5.75432e-132
  1.20e-01	  8.07e-03	3.83922e-99
  1.20e-01	  8.59e-03	2.56147e-66
  1.20e-01	  9.11e-03	1.70897e-33
  1.20e-01	  9.64e-03	3.72418e-01
  1.20e-01	  1.02e-02	4.31876e-01
  1.20e-01	  1.07e-02	4.55248e-01
  1.20e-01	  1.12e-02	4.69216e-01
  1.20e-01	  1.17e-02	4.78738e-01
  1.20e-01	  1.22e-02	4.85773e-01
  1.20e-01	  1.28e-02	4.91251e-01
  1.20e-01	  1.33e-02	4.95670e-01
  1.20e-01	  1.38e-02	4.99323e-01
  1.20e-01	  1.43e-02	5.02396e-01
  1.20e-01	  1.48e-02	5.05014e-01
  1.20e-01	  1.54e-02	5.07264e-01
  1.20e-01	  1.59e-02	5.09209e-01
  1.20e-01	  1.64e-02	5.10896e-01
  1.20e-01	  1.69e-02	5.12362e-01
  1.20e-01	  1.74e-02	5.13637e-01
  1.20e-01	  1.80e-02	5.14744e-01
  1.20e-01	  1.85e-02	5.15705e-01
  1.20e-01	  1.90e-02	5.16536e-01
  1.20e-01	  1.95e-02	5.17251e-01
  1.20e-01	  2.01e-02	5.17864e-01
  1.20e-01	  2.06e-02	5.18387e-01
  1.20e-01	  2.11e-02	5.18829e-01
  1.20e-01	  2.16e-02	5.19199e-01
  1.20e-01	  2.21e-02	5.19505e-01
  1.20e-01	  2.27e-02	5.19753e-01
  1.20e-01	  2.32e-02	5.19949e-01
  1.20e-01	  2.37e-02	5.20096e-01
  1.20e-01	  2.42e-02	5.20197e-01
  1.20e-01	  2.47e-02	5.20255e-01
  1.20e-01	  2.53e-02	5.20269e-01
  1.20e-01	  2.58e-02	5.20239e-01
  1.20e-01	  2.63e-02	5.20163e-01
  1.20e-01	  2.68e-02	5.20038e-01
  1.20e-01	  2.73e-02	5.19860e-01
  1.20e-01	  2.79e-02	5.19622e-01
  1.20e-01	  2.84e-02	5.19319e-01
  1.20e-01	  2.89e-02	5.18941e-01
  1.20e-01	  2.94e-02	5.18482e-01
  1.20e-01	  2.99e-02	5.17929e-01
  1.20e-01	  3.05e-02	5.17272e-01
  1.20e-01	  3.10e-02	5.16497e-01
  1.20e-01	  3.15e-02	5.15589e-01
  1.20e-01	  3.20e-02	5.14531e-01
  1.20e-01	  3.26e-02	5.13303e-01
  1.20e-01	  3.31e-02	5.11879e-01
  1.20e-01	  3.36e-02	5.10231e-01
  1.20e-01	  3.41e-02	5.08322e-01
  1.20e-01	  3.46e-02	5.06103e-01
  1.20e-01	  3.52e-02	5.03511e-01
  1.20e-01	  3.57e-02	5.00458e-01
  1.20e-01	  3.62e-02	4.96821e-01
  1.20e-01	  3.67e-02	4.92413e-01
  1.20e-01	  3.72e-02	4.86937e-01
  1.20e-01	  3.78e-02	4.79895e-01
  1.20e-01	  3.83e-02	4.70353e-01
  1.20e-01	  3.88e-02	4.56343e-01
  1.20e-01	  3.93e-02	4.32889e-01
  1.20e-01	  3.98e-02	3.73225e-01
  1.20e-01	  4.04e-02	1.71394e-33
  1.20e-01	  4.09e-02	2.56894e-66
  1.20e-01	  4.14e-02	3.85044e-99
  1.20e-01	  4.19e-02	5.77119e-132
  1.20e-01	  4.24e-02	8.65008e-165
  1.20e-01	  4.30e-02	1.29650e-197
  1.20e-01	  4.35e-02	1.94323e-230
  1.20e-01	  4.40e-02	2.91256e-263
  1.20e-01	  4.45e-02	4.36540e-296
  1.20e-01	  4.51e-02	0.00000e+00
  1.20e-01	  4.56e-02	0.00000e+00
  1.20e-01	  4.61e-02	0.00000e+00
  1.20e-01	  4.66e-02	0.00000e+00
  1.20e-01	  4.71e-02	0.00000e+00
  1.20e-01	  4.77e-02	0.00000e+00
  1.20e-01	  4.82e-02	0.00000e+00
  1.20e-01	  4.87e-02	0.00000e+00
  1.20e-01	  4.92e-02	0.00000e+00
  1.20e-01	  4.97e-02	0.00000e+00

  1.20e-01	  2.60e-04	0.00000e+00
  1.20e-01	  7.81e-04	0.00000e+00
  1.20e-01	  1.30e-03	0.00000e+00
  1.20e-01	  1.82e-03	0.00000e+00
  1.20e-01	  2.34e-03	0.00000e+00
  1.20e-01	  2.86e-03	0.00000e+00
  1.20e-01	  3.39e-03	0.00000e+00
  1.20e-01	  3.91e-03	0.00000e+00
  1.20e-01	  4.43e-03	0.00000e+00
  1.20e-01	  4.95e-03	4.32623e-296
  1.20e-01	  5.47e-03	2.88646e-263
  1.20e-01	  5.99e-03	1.92585e-230
  1.20e-01	  6.51e-03	1.28492e-197
  1.20e-01	  7.03e-03	8.57294e-165
  1.20e-01	  7.55e-03	5.71981e-132
  1.20e-01	  8.07e-03	3.81621e-99
  1.20e-01	  8.59e-03	2.54614e-66
  1.20e-01	  9.11e-03	1.69875e-33
  1.20e-01	  9.64e-03	3.70752e-01
  1.20e-01	  1.02e-02	4.31011e-01
  1.20e-01	  1.07e-02	4.54753e-01
  1.20e-01	  1.12e-02	4.68918e-01
  1.20e-01	  1.17e-02	4.78559e-01
  1.20e-01	  1.22e-02	4.85675e-01
  1.20e-01	  1.28e-02	4.91210e-01
  1.20e-01	  1.33e-02	4.95671e-01
  1.20e-01	  1.38e-02	4.99359e-01
  1.20e-01	  1.43e-02	5.02460e-01
  1.20e-01	  1.48e-02	5.05101e-01
  1.20e-01	  1.54e-02	5.07371e-01
  1.20e-01	  1.59e-02	5.09332e-01
  1.20e-01	  1.64e-02	5.11033e-01
  1.20e-01	  1.69e-02	5.12512e-01
  1.20e-01	  1.74e-02	5.13798e-01
  1.20e-01	  1.80e-02	5.14915e-01
  1.20e-01	  1.85e-02	5.15884e-01
  1.20e-01	  1.90e-02	5.16722e-01
  1.20e-01	  1.95e-02	5.17444e-01
  1.20e-01	  2.01e-02	5.18063e-01
  1.20e-01	  2.06e-02	5.18590e-01
  1.20e-01	  2.11e-02	5.19036e-01
  1.20e-01	  2.16e-02	5.19410e-01
  1.20e-01	  2.21e-02	5.19719e-01
  1.20e-01	  2.27e-02	5.19969e-01
  1.20e-01	  2.32e-02	5.20166e-01
  1.20e-01	  2.37e-02	5.20314e-01
  1.20e-01	  2.42e-02	5.20417e-01
  1.20e-01	  2.47e-02	5.20475e-01
  1.20e-01	  2.53e-02	5.20489e-01
  1.20e-01	  2.58e-02	5.20458e-01
  1.20e-01	  2.63e-02	5.20382e-01
  1.20e-01	  2.68e-02	5.20255e-01
  1.20e-01	  2.73e-02	5.20074e-01
  1.20e-01	  2.79e-02	5.19834e-01
  1.20e-01	  2.84e-02	5.19527e-01
  1.20e-01	  2.89e-02	5.19147e-01
  1.20e-01	  2.94e-02	5.18682e-01
  1.20e-01	  2.99e-02	5.18124e-01
  1.20e-01	  3.05e-02	5.17461e-01
  1.20e-01	  3.10e-02	5.16679e-01
  1.20e-01	  3.15e-02	5.15763e-01
  1.20e-01	  3.20e-02	5.14695e-01
  1.20e-01	  3.26e-02	5.13456e-01
  1.20e-01	  3.31e-02	5.12020e-01
  1.20e-01	  3.36e-02	5.10357e-01
  1.20e-01	  3.41e-02	5.08431e-01
  1.20e-01	  3.46e-02	5.06193e-01
  1.20e-01	  3.52e-02	5.03578e-01
  1.20e-01	  3.57e-02	5.00498e-01
  1.20e-01	  3.62e-02	4.96826e-01
  1.20e-01	  3.67e-02	4.92374e-01
  1.20e-01	  3.72e-02	4.86841e-01
  1.20e-01	  3.78e-02	4.79719e-01
  1.20e-01	  3.83e-02	4.70058e-01
  1.20e-01	  3.88e-02	4.55850e-01
  1.20e-01	  3.93e-02	4.32025e-01
  1.20e-01	  3.98e-02	3.71560e-01
  1.20e-01	  4.04e-02	1.70372e-33
  1.20e-01	  4.09e-02	2.55360e-66
  1.20e-01	  4.14e-02	3.82743e-99
  1.20e-01	  4.19e-02	5.73667e-132
  1.20e-01	  4.24e-02	8.59828e-165
  1.20e-01	  4.30e-02	1.28873e-197
  1.20e-01	  4.35e-02	1.93158e-230
  1.20e-01	  4.40e-02	2.89508e-263
  1.20e-01	  4.45e-02	4.33917e-296
  1.20e-01	  4.51e-02	0.00000e+00
  1.20e-01	  4.56e-02	0.00000e+00
  1.20e-01	  4.61e-02	0.00000e+00
  1.20e-01	  4.66e-02	0.00000e+00
  1.20e-01	  4.71e-02	0.00000e+00
  1.20e-01	  4.77e-02	0.00000e+00
  1.20e-01	  4.82e-02	0.00000e+00
  1.20e-01	  4.87e-02	0.00000e+00
  1.20e-01	  4.92e-02	0.00000e+00
  1.20e-01	  4.97e-02	0.00000e+00

  1.21e-01	  2.60e-04	0.00000e+00
  1.21e-01	  7.81e-04	0.00000e+00
  1.21e-01	  1.30e-03	0.00000e+00
  1.21e-01	  1.82e-03	0.00000e+00
  1.21e-01	  2.34e-03	0.00000e+00
  1.21e-01	  2.86e-03	0.00000e+00
  1.21e-01	  3.39e-03	0.00000e+00
  1.21e-01	  3.91e-03	0.00000e+00
  1.21e-01	  4.43e-03	0.00000e+00
  1.21e-01	  4.95e-03	4.30024e-296
  1.21e-01	  5.47e-03	2.86914e-263
  1.21e-01	  5.99e-03	1.91430e-230
  1.21e-01	  6.51e-03	1.27722e-197
  1.21e-01	  7.03e-03	8.52162e-165
  1.21e-01	  7.55e-03	5.68560e-132
  1.21e-01	  8.07e-03	3.79341e-99
  1.21e-01	  8.59e-03	2.53094e-66
  1.21e-01	  9.11e-03	1.68862e-33
  1.21e-01	  9.64e-03	3.69098e-01
  1.21e-01	  1.02e-02	4.30145e-01
  1.21e-01	  1.07e-02	4.54257e-01
  1.21e-01	  1.12e-02	4.68620e-01
  1.21e-01	  1.17e-02	4.78380e-01
  1.21e-01	  1.22e-02	4.85576e-01
  1.21e-01	  1.28e-02	4.91168e-01
  1.21e-01	  1.33e-02	4.95673e-01
  1.21e-01	  1.38e-02	4.99395e-01
  1.21e-01	  1.43e-02	5.02524e-01
  1.21e-01	  1.48e-02	5.05188e-01
  1.21e-01	  1.54e-02	5.07477e-01
  1.21e-01	  1.59e-02	5.09455e-01
  1.21e-01	  1.64e-02	5.11171e-01
  1.21e-01	  1.69e-02	5.12662e-01
  1.21e-01	  1.74e-02	5.13959e-01
  1.21e-01	  1.80e-02	5.15086e-01
  1.21e-01	  1.85e-02	5.16063e-01
  1.21e-01	  1.90e-02	5.16908e-01
  1.21e-01	  1.95e-02	5.17637e-01
  1.21e-01	  2.01e-02	5.18261e-01
  1.21e-01	  2.06e-02	5.18793e-01
  1.21e-01	  2.11e-02	5.19243e-01
  1.21e-01	  2.16e-02	5.19620e-01
  1.21e-01	  2.21e-02	5.19932e-01
  1.21e-01	  2.27e-02	5.20184e-01
  1.21e-01	  2.32e-02	5.20383e-01
  1.21e-01	  2.37e-02	5.20533e-01
  1.21e-01	  2.42e-02	5.20636e-01
  1.21e-01	  2.47e-02	5.20694e-01
  1.21e-01	  2.53e-02	5.20708e-01
  1.21e-01	  2.58e-02	5.20677e-01
  1.21e-01	  2.63e-02	5.20599e-01
  1.21e-01	  2.68e-02	5.20471e-01
  1.21e-01	  2.73e-02	5.20289e-01
  1.21e-01	  2.79e-02	5.20046e-01
  1.21e-01	  2.84e-02	5.19736e-01
  1.21e-01	  2.89e-02	5.19351e-01
  1.21e-01	  2.94e-02	5.18883e-01
  1.21e-01	  2.99e-02	5.18319e-01
  1.21e-01	  3.05e-02	5.17650e-01
  1.21e-01	  3.10e-02	5.16860e-01
  1.21e-01	  3.15e-02	5.15936e-01
  1.21e-01	  3.20e-02	5.14859e-01
  1.21e-01	  3.26e-02	5.13608e-01
  1.21e-01	  3.31e-02	5.12160e-01
  1.21e-01	  3.36e-02	5.10484e-01
  1.21e-01	  3.41e-02	5.08541e-01
  1.21e-01	  3.46e-02	5.06283e-01
  1.21e-01	  3.52e-02	5.03645e-01
  1.21e-01	  3.57e-02	5.00537e-01
  1.21e-01	  3.62e-02	4.96831e-01
  1.21e-01	  3.67e-02	4.92335e-01
  1.21e-01	  3.72e-02	4.86745e-01
  1.21e-01	  3.78e-02	4.79543e-01
  1.21e-01	  3.83e-02	4.69761e-01
  1.21e-01	  3.88e-02	4.55355e-01
  1.21e-01	  3.93e-02	4.31160e-01
  1.21e-01	  3.98e-02	3.69905e-01
  1.21e-01	  4.04e-02	1.69358e-33
  1.21e-01	  4.09e-02	2.53839e-66
  1.21e-01	  4.14e-02	3.80461e-99
  1.21e-01	  4.19e-02	5.70244e-132
  1.21e-01	  4.24e-02	8.54694e-165
  1.21e-01	  4.30e-02	1.28103e-197
  1.21e-01	  4.35e-02	1.92002e-230
  1.21e-01	  4.40e-02	2.87774e-263
  1.21e-01	  4.45e-02	4.31317e-296
  1.21e-01	  4.51e-02	0.00000e+00
  1.21e-01	  4.56e-02	0.00000e+00
  1.21e-01	  4.61e-02	0.00000e+00
  1.21e-01	  4.66e-02	0.00000e+00
  1.21e-01	  4.71e-02	0.00000e+00
  1.21e-01	  4.77e-02	0.00000e+00
  1.21e-01	  4.82e-02	0.00000e+00
  1.21e-01	  4.87e-02	0.00000e+00
  1.21e-01	  4.92e-02	0.00000e+00
  1.21e-01	  4.97e-02	0.00000e+00

  1.22e-01	  2.60e-04	0.00000e+00
  1.22e-01	  7.81e-04	0.00000e+00
  1.22e-01	  1.30e-03	0.00000e+00
  1.22e-01	  1.82e-03	0.00000e+00
  1.22e-01	  2.34e-03	0.00000e+00
  1.22e-01	  2.86e-03	0.00000e+00
  1.22e-01	  3.39e-03	0.00000e+00
  1.22e-01	  3.91e-03	0.00000e+00
  1.22e-01	  4.43e-03	0.00000e+00
  1.22e-01	  4.95e-03	4.27448e-296
  1.22e-01	  5.47e-03	2.85197e-263
  1.22e-01	  5.99e-03	1.90285e-230
  1.22e-01	  6.51e-03	1.26959e-197
  1.22e-01	  7.03e-03	8.47076e-165
  1.22e-01	  7.55e-03	5.65170e-132
  1.22e-01	  8.07e-03	3.77081e-99
  1.22e-01	  8.59e-03	2.51587e-66
  1.22e-01	  9.11e-03	1.67858e-33
  1.22e-01	  9.64e-03	3.67454e-01
  1.22e-01	  1.02e-02	4.29279e-01
  1.22e-01	  1.07e-02	4.53759e-01
  1.22e-01	  1.12e-02	4.68320e-01
  1.22e-01	  1.17e-02	4.78201e-01
  1.22e-01	  1.22e-02	4.85476e-01
  1.22e-01	  1.28e-02	4.91126e-01
  1.22e-01	  1.33e-02	4.95675e-01
  1.22e-01	  1.38e-02	4.99431e-01
  1.22e-01	  1.43e-02	5.02588e-01
  1.22e-01	  1.48e-02	5.05275e-01
  1.22e-01	  1.54e-02	5.07583e-01
  1.22e-01	  1.59e-02	5.09578e-01
  1.22e-01	  1.64e-02	5.11308e-01
  1.22e-01	  1.69e-02	5.12812e-01
  1.22e-01	  1.74e-02	5.14120e-01
  1.22e-01	  1.80e-02	5.15256e-01
  1.22e-01	  1.85e-02	5.16242e-01
  1.22e-01	  1.90e-02	5.17094e-01
  1.22e-01	  1.95e-02	5.17829e-01
  1.22e-01	  2.01e-02	5.18459e-01
  1.22e-01	  2.06e-02	5.18996e-01
  1.22e-01	  2.11e-02	5.19450e-01
  1.22e-01	  2.16e-02	5.19830e-01
  1.22e-01	  2.21e-02	5.20144e-01
  1.22e-01	  2.27e-02	5.20399e-01
  1.22e-01	  2.32e-02	5.20600e-01
  1.22e-01	  2.37e-02	5.20750e-01
  1.22e-01	  2.42e-02	5.20854e-01
  1.22e-01	  2.47e-02	5.20913e-01
  1.22e-01	  2.53e-02	5.20927e-01
  1.22e-01	  2.58e-02	5.20895e-01
  1.22e-01	  2.63e-02	5.20816e-01
  1.22e-01	  2.68e-02	5.20687e-01
  1.22e-01	  2.73e-02	5.20502e-01
  1.22e-01	  2.79e-02	5.20257e-01
  1.22e-01	  2.84e-02	5.19944e-01
  1.22e-01	  2.89e-02	5.19556e-01
  1.22e-01	  2.94e-02	5.19082e-01
  1.22e-01	  2.99e-02	5.18514e-01
  1.22e-01	  3.05e-02	5.17838e-01
  1.22e-01	  3.10e-02	5.17041e-01
  1.22e-01	  3.15e-02	5.16109e-01
  1.22e-01	  3.20e-02	5.15022e-01
  1.22e-01	  3.26e-02	5.13761e-01
  1.22e-01	  3.31e-02	5.12301e-01
  1.22e-01	  3.36e-02	5.10610e-01
  1.22e-01	  3.41e-02	5.08650e-01
  1.22e-01	  3.46e-02	5.06373e-01
  1.22e-01	  3.52e-02	5.03711e-01
  1.22e-01	  3.57e-02	5.00576e-01
  1.22e-01	  3.62e-02	4.96835e-01
  1.22e-01	  3.67e-02	4.92296e-01
  1.22e-01	  3.72e-02	4.86648e-01
  1.22e-01	  3.78e-02	4.79365e-01
  1.22e-01	  3.83e-02	4.69463e-01
  1.22e-01	  3.88e-02	4.54859e-01
  1.22e-01	  3.93e-02	4.30294e-01
  1.22e-01	  3.98e-02	3.68263e-01
  1.22e-01	  4.04e-02	1.68353e-33
  1.22e-01	  4.09e-02	2.52332e-66
  1.22e-01	  4.14e-02	3.78200e-99
  1.22e-01	  4.19e-02	5.66852e-132
  1.22e-01	  4.24e-02	8.49606e-165
  1.22e-01	  4.30e-02	1.27340e-197
  1.22e-01	  4.35e-02	1.90857e-230
  1.22e-01	  4.40e-02	2.86057e-263
  1.22e-01	  4.45e-02	4.28740e-296
  1.22e-01	  4.51e-02	0.00000e+00
  1.22e-01	  4.56e-02	0.00000e+00
  1.22e-01	  4.61e-02	0.00000e+00
  1.22e-01	  4.66e-02	0.00000e+00
  1.22e-01	  4.71e-02	0.00000e+00
  1.22e-01	  4.77e-02	0.00000e+00
  1.22e-01	  4.82e-02	0.00000e+00
  1.22e-01	  4.87e-02	0.00000e+00
  1.22e-01	  4.92e-02	0.00000e+00
  1.22e-01	  4.97e-02	0.00000e+00

  1.23e-01	  2.60e-04	0.00000e+00
  1.23e-01	  7.81e-04	0.00000e+00
  1.23e-01	  1.30e-03	0.00000e+00
  1.23e-01	  1.82e-03	0.00000e+00
  1.23e-01	  2.34e-03	0.00000e+00
  1.23e-01	  2.86e-03	0.00000e+00
  1.23e-01	  3.39e-03	0.00000e+00
  1.23e-01	  3.91e-03	0.00000e+00
  1.23e-01	  4.43e-03	0.00000e+00
  1.23e-01	  4.95e-03	4.24897e-296
  1.23e-01	  5.47e-03	2.83496e-263
  1.23e-01	  5.99e-03	1.89152e-230
  1.23e-01	  6.51e-03	1.26203e-197
  1.23e-01	  7.03e-03	8.42037e-165
  1.23e-01	  7.55e-03	5.61811e-132
  1.23e-01	  8.07e-03	3.74841e-99
  1.23e-01	  8.59e-03	2.50094e-66
  1.23e-01	  9.11e-03	1.66862e-33
  1.23e-01	  9.64e-03	3.65824e-01
  1.23e-01	  1.02e-02	4.28411e-01
  1.23e-01	  1.07e-02	4.53259e-01
  1.23e-01	  1.12e-02	4.68018e-01
  1.23e-01	  1.17e-02	4.78020e-01
  1.23e-01	  1.22e-02	4.85376e-01
  1.23e-01	  1.28e-02	4.91083e-01
  1.23e-01	  1.33e-02	4.95676e-01
  1.23e-01	  1.38e-02	4.99466e-01
  1.23e-01	  1.43e-02	5.02651e-01
  1.23e-01	  1.48e-02	5.05362e-01
  1.23e-01	  1.54e-02	5.07690e-01
  1.23e-01	  1.59e-02	5.09701e-01
  1.23e-01	  1.64e-02	5.11446e-01
  1.23e-01	  1.69e-02	5.12962e-01
  1.23e-01	  1.74e-02	5.14280e-01
  1.23e-01	  1.80e-02	5.15426e-01
  1.23e-01	  1.85e-02	5.16420e-01
  1.23e-01	  1.90e-02	5.17280e-01
  1.23e-01	  1.95e-02	5.18021e-01
  1.23e-01	  2.01e-02	5.18656e-01
  1.23e-01	  2.06e-02	5.19198e-01
  1.23e-01	  2.11e-02	5.19656e-01
  1.23e-01	  2.16e-02	5.20040e-01
  1.23e-01	  2.21e-02	5.20356e-01
  1.23e-01	  2.27e-02	5.20613e-01
  1.23e-01	  2.32e-02	5.20816e-01
  1.23e-01	  2.37e-02	5.20968e-01
  1.23e-01	  2.42e-02	5.21072e-01
  1.23e-01	  2.47e-02	5.21131e-01
  1.23e-01	  2.53e-02	5.21145e-01
  1.23e-01	  2.58e-02	5.21113e-01
  1.23e-01	  2.63e-02	5.21033e-01
  1.23e-01	  2.68e-02	5.20902e-01
  1.23e-01	  2.73e-02	5.20716e-01
  1.23e-01	  2.79e-02	5.20468e-01
  1.23e-01	  2.84e-02	5.20152e-01
  1.23e-01	  2.89e-02	5.19759e-01
  1.23e-01	  2.94e-02	5.19281e-01
  1.23e-01	  2.99e-02	5.18708e-01
  1.23e-01	  3.05e-02	5.18026e-01
  1.23e-01	  3.10e-02	5.17222e-01
  1.23e-01	  3.15e-02	5.16282e-01
  1.23e-01	  3.20e-02	5.15186e-01
  1.23e-01	  3.26e-02	5.13914e-01
  1.23e-01	  3.31e-02	5.12441e-01
  1.23e-01	  3.36e-02	5.10736e-01
  1.23e-01	  3.41e-02	5.08760e-01
  1.23e-01	  3.46e-02	5.06463e-01
  1.23e-01	  3.52e-02	5.03778e-01
  1.23e-01	  3.57e-02	5.00614e-01
  1.23e-01	  3.62e-02	4.96840e-01
  1.23e-01	  3.67e-02	4.92256e-01
  1.23e-01	  3.72e-02	4.86551e-01
  1.23e-01	  3.78e-02	4.79187e-01
  1.23e-01	  3.83e-02	4.69164e-01
  1.23e-01	  3.88e-02	4.54360e-01
  1.23e-01	  3.93e-02	4.29428e-01
  1.23e-01	  3.98e-02	3.66633e-01
  1.23e-01	  4.04e-02	1.67357e-33
  1.23e-01	  4.09e-02	2.50838e-66
  1.23e-01	  4.14e-02	3.75959e-99
  1.23e-01	  4.19e-02	5.63492e-132
  1.23e-01	  4.24e-02	8.44564e-165
  1.23e-01	  4.30e-02	1.26583e-197
  1.23e-01	  4.35e-02	1.89723e-230
  1.23e-01	  4.40e-02	2.84355e-263
  1.23e-01	  4.45e-02	4.26188e-296
  1.23e-01	  4.51e-02	0.00000e+00
  1.23e-01	  4.56e-02	0.00000e+00
  1.23e-01	  4.61e-02	0.00000e+00
  1.23e-01	  4.66e-02	0.00000e+00
  1.23e-01	  4.71e-02	0.00000e+00
  1.23e-01	  4.77e-02	0.00000e+00
  1.23e-01	  4.82e-02	0.00000e+00
  1.23e-01	  4.87e-02	0.00000e+00
  1.23e-01	  4.92e-02	0.00000e+00
  1.23e-01	  4.97e-02	0.00000e+00

  1.23e-01	  2.60e-04	0.00000e+00
  1.23e-01	  7.81e-04	0.00000e+00
  1.23e-01	  1.30e-03	0.00000e+00
  1.23e-01	  1.82e-03	0.00000e+00
  1.23e-01	  2.34e-03	0.00000e+00
  1.23e-01	  2.86e-03	0.00000e+00
  1.23e-01	  3.39e-03	0.00000e+00
  1.23e-01	  3.91e-03	0.00000e+00
  1.23e-01	  4.43e-03	0.00000e+00
  1.23e-01	  4.95e-03	4.22371e-296
  1.23e-01	  5.47e-03	2.81812e-263
  1.23e-01	  5.99e-03	1.88029e-230
  1.23e-01	  6.51e-03	1.25455e-197
  1.23e-01	  7.03e-03	8.37046e-165
  1.23e-01	  7.55e-03	5.58483e-132
  1.23e-01	  8.07e-03	3.72623e-99
  1.23e-01	  8.59e-03	2.48615e-66
  1.23e-01	  9.11e-03	1.65877e-33
  1.23e-01	  9.64e-03	3.64205e-01
  1.23e-01	  1.02e-02	4.27544e-01
  1.23e-01	  1.07e-02	4.52757e-01
  1.23e-01	  1.12e-02	4.67716e-01
  1.23e-01	  1.17e-02	4.77838e-01
  1.23e-01	  1.22e-02	4.85275e-01
  1.23e-01	  1.28e-02	4.91041e-01
  1.23e-01	  1.33e-02	4.95677e-01
  1.23e-01	  1.38e-02	4.99502e-01
  1.23e-01	  1.43e-02	5.02715e-01
  1.23e-01	  1.48e-02	5.05449e-01
  1.23e-01	  1.54e-02	5.07796e-01
  1.23e-01	  1.59e-02	5.09824e-01
  1.23e-01	  1.64e-02	5.11583e-01
  1.23e-01	  1.69e-02	5.13112e-01
  1.23e-01	  1.74e-02	5.14441e-01
  1.23e-01	  1.80e-02	5.15596e-01
  1.23e-01	  1.85e-02	5.16598e-01
  1.23e-01	  1.90e-02	5.17465e-01
  1.23e-01	  1.95e-02	5.18212e-01
  1.23e-01	  2.01e-02	5.18853e-01
  1.23e-01	  2.06e-02	5.19399e-01
  1.23e-01	  2.11e-02	5.19861e-01
  1.23e-01	  2.16e-02	5.20248e-01
  1.23e-01	  2.21e-02	5.20568e-01
  1.23e-01	  2.27e-02	5.20827e-01
  1.23e-01	  2.32e-02	5.21031e-01
  1.23e-01	  2.37e-02	5.21184e-01
  1.23e-01	  2.42e-02	5.21290e-01
  1.23e-01	  2.47e-02	5.21349e-01
  1.23e-01	  2.53e-02	5.21363e-01
  1.23e-01	  2.58e-02	5.21330e-01
  1.23e-01	  2.63e-02	5.21249e-01
  1.23e-01	  2.68e-02	5.21117e-01
  1.23e-01	  2.73e-02	5.20928e-01
  1.23e-01	  2.79e-02	5.20678e-01
  1.23e-01	  2.84e-02	5.20359e-01
  1.23e-01	  2.89e-02	5.19963e-01
  1.23e-01	  2.94e-02	5.19480e-01
  1.23e-01	  2.99e-02	5.18901e-01
  1.23e-01	  3.05e-02	5.18213e-01
  1.23e-01	  3.10e-02	5.17403e-01
  1.23e-01	  3.15e-02	5.16454e-01
  1.23e-01	  3.20e-02	5.15349e-01
  1.23e-01	  3.26e-02	5.14067e-01
  1.23e-01	  3.31e-02	5.12581e-01
  1.23e-01	  3.36e-02	5.10862e-01
  1.23e-01	  3.41e-02	5.08869e-01
  1.23e-01	  3.46e-02	5.06553e-01
  1.23e-01	  3.52e-02	5.03845e-01
  1.23e-01	  3.57e-02	5.00653e-01
  1.23e-01	  3.62e-02	4.96844e-01
  1.23e-01	  3.67e-02	4.92217e-01
  1.23e-01	  3.72e-02	4.86453e-01
  1.23e-01	  3.78e-02	4.79008e-01
  1.23e-01	  3.83e-02	4.68863e-01
  1.23e-01	  3.88e-02	4.53860e-01
  1.23e-01	  3.93e-02	4.28561e-01
  1.23e-01	  3.98e-02	3.65015e-01
  1.23e-01	  4.04e-02	1.66371e-33
  1.23e-01	  4.09e-02	2.49359e-66
  1.23e-01	  4.14e-02	3.73740e-99
  1.23e-01	  4.19e-02	5.60163e-132
  1.23e-01	  4.24e-02	8.39572e-165
  1.23e-01	  4.30e-02	1.25835e-197
  1.23e-01	  4.35e-02	1.88599e-230
  1.23e-01	  4.40e-02	2.82670e-263
  1.23e-01	  4.45e-02	4.23661e-296
  1.23e-01	  4.51e-02	0.00000e+00
  1.23e-01	  4.56e-02	0.00000e+00
  1.23e-01	  4.61e-02	0.00000e+00
  1.23e-01	  4.66e-02	0.00000e+00
  1.23e-01	  4.71e-02	0.00000e+00
  1.23e-01	  4.77e-02	0.00000e+00
  1.23e-01	  4.82e-02	0.00000e+00
  1.23e-01	  4.87e-02	0.00000e+00
  1.23e-01	  4.92e-02	0.00000e+00
  1.23e-01	  4.97e-02	0.00000e+00

  1.24e-01	  2.60e-04	0.00000e+00
  1.24e-01	  7.81e-04	0.00000e+00
  1.24e-01	  1.30e-03	0.00000e+00
  1.24e-01	  1.82e-03	0.00000e+00
  1.24e-01	  2.34e-03	0.00000e+00
  1.24e-01	  2.86e-03	0.00000e+00
  1.24e-01	  3.39e-03	0.00000e+00
  1.24e-01	  3.91e-03	0.00000e+00
  1.24e-01	  4.43e-03	0.00000e+00
  1.24e-01	  4.95e-03	4.19870e-296
  1.24e-01	  5.47e-03	2.80145e-263
  1.24e-01	  5.99e-03	1.86917e-230
  1.24e-01	  6.51e-03	1.24714e-197
  1.24e-01	  7.03e-03	8.32105e-165
  1.24e-01	  7.55e-03	5.55189e-132
  1.24e-01	  8.07e-03	3.70427e-99
  1.24e-01	  8.59e-03	2.47151e-66
  1.24e-01	  9.11e-03	1.64900e-33
  1.24e-01	  9.64e-03	3.62600e-01
  1.24e-01	  1.02e-02	4.26676e-01
  1.24e-01	  1.07e-02	4.52254e-01
  1.24e-01	  1.12e-02	4.67412e-01
  1.24e-01	  1.17e-02	4.77656e-01
  1.24e-01	  1.22e-02	4.85174e-01
  1.24e-01	  1.28e-02	4.90998e-01
  1.24e-01	  1.33e-02	4.95678e-01
  1.24e-01	  1.38e-02	4.99537e-01
  1.24e-01	  1.43e-02	5.02778e-01
  1.24e-01	  1.48e-02	5.05535e-01
  1.24e-01	  1.54e-02	5.07902e-01
  1.24e-01	  1.59e-02	5.09947e-01
  1.24e-01	  1.64e-02	5.11720e-01
  1.24e-01	  1.69e-02	5.13261e-01
  1.24e-01	  1.74e-02	5.14601e-01
  1.24e-01	  1.80e-02	5.15766e-01
  1.24e-01	  1.85e-02	5.16776e-01
  1.24e-01	  1.90e-02	5.17650e-01
  1.24e-01	  1.95e-02	5.18404e-01
  1.24e-01	  2.01e-02	5.19050e-01
  1.24e-01	  2.06e-02	5.19600e-01
  1.24e-01	  2.11e-02	5.20066e-01
  1.24e-01	  2.16e-02	5.20456e-01
  1.24e-01	  2.21e-02	5.20779e-01
  1.24e-01	  2.27e-02	5.21040e-01
  1.24e-01	  2.32e-02	5.21246e-01
  1.24e-01	  2.37e-02	5.21400e-01
  1.24e-01	  2.42e-02	5.21506e-01
  1.24e-01	  2.47e-02	5.21566e-01
  1.24e-01	  2.53e-02	5.21579e-01
  1.24e-01	  2.58e-02	5.21546e-01
  1.24e-01	  2.63e-02	5.21465e-01
  1.24e-01	  2.68e-02	5.21331e-01
  1.24e-01	  2.73e-02	5.21140e-01
  1.24e-01	  2.79e-02	5.20887e-01
  1.24e-01	  2.84e-02	5.20565e-01
  1.24e-01	  2.89e-02	5.20165e-01
  1.24e-01	  2.94e-02	5.19679e-01
  1.24e-01	  2.99e-02	5.19095e-01
  1.24e-01	  3.05e-02	5.18401e-01
  1.24e-01	  3.10e-02	5.17583e-01
  1.24e-01	  3.15e-02	5.16627e-01
  1.24e-01	  3.20e-02	5.15512e-01
  1.24e-01	  3.26e-02	5.14219e-01
  1.24e-01	  3.31e-02	5.12722e-01
  1.24e-01	  3.36e-02	5.10988e-01
  1.24e-01	  3.41e-02	5.08978e-01
  1.24e-01	  3.46e-02	5.06642e-01
  1.24e-01	  3.52e-02	5.03911e-01
  1.24e-01	  3.57e-02	5.00692e-01
  1.24e-01	  3.62e-02	4.96848e-01
  1.24e-01	  3.67e-02	4.92176e-01
  1.24e-01	  3.72e-02	4.86354e-01
  1.24e-01	  3.78e-02	4.78828e-01
  1.24e-01	  3.83e-02	4.68562e-01
  1.24e-01	  3.88e-02	4.53359e-01
  1.24e-01	  3.93e-02	4.27693e-01
  1.24e-01	  3.98e-02	3.63411e-01
  1.24e-01	  4.04e-02	1.65394e-33
  1.24e-01	  4.09e-02	2.47894e-66
  1.24e-01	  4.14e-02	3.71543e-99
  1.24e-01	  4.19e-02	5.56867e-132
  1.24e-01	  4.24e-02	8.34628e-165
  1.24e-01	  4.30e-02	1.25093e-197
  1.24e-01	  4.35e-02	1.87487e-230
  1.24e-01	  4.40e-02	2.81002e-263
  1.24e-01	  4.45e-02	4.21159e-296
  1.24e-01	  4.51e-02	0.00000e+00
  1.24e-01	  4.56e-02	0.00000e+00
  1.24e-01	  4.61e-02	0.00000e+00
  1.24e-01	  4.66e-02	0.00000e+00
  1.24e-01	  4.71e-02	0.00000e+00
  1.24e-01	  4.77e-02	0.00000e+00
  1.24e-01	  4.82e-02	0.00000e+00
  1.24e-01	  4.87e-02	0.00000e+00
  1.24e-01	  4.92e-02	0.00000e+00
  1.24e-01	  4.97e-02	0.00000e+00

  1.25e-01	  2.60e-04	0.00000e+00
  1.25e-01	  7.81e-04	0.00000e+00
  1.25e-01	  1.30e-03	0.00000e+00
  1.25e-01	  1.82e-03	0.00000e+00
  1.25e-01	  2.34e-03	0.00000e+00
  1.25e-01	  2.86e-03	0.00000e+00
  1.25e-01	  3.39e-03	0.00000e+00
  1.25e-01	  3.91e-03	0.00000e+00
  1.25e-01	  4.43e-03	0.00000e+00
  1.25e-01	  4.95e-03	4.17394e-296
  1.25e-01	  5.47e-03	2.78494e-263
  1.25e-01	  5.99e-03	1.85817e-230
  1.25e-01	  6.51e-03	1.23980e-197
  1.25e-01	  7.03e-03	8.27214e-165
  1.25e-01	  7.55e-03	5.51928e-132
  1.25e-01	  8.07e-03	3.68252e-99
  1.25e-01	  8.59e-03	2.45701e-66
  1.25e-01	  9.11e-03	1.63934e-33
  1.25e-01	  9.64e-03	3.61008e-01
  1.25e-01	  1.02e-02	4.25807e-01
  1.25e-01	  1.07e-02	4.51750e-01
  1.25e-01	  1.12e-02	4.67108e-01
  1.25e-01	  1.17e-02	4.77473e-01
  1.25e-01	  1.22e-02	4.85072e-01
  1.25e-01	  1.28e-02	4.90954e-01
  1.25e-01	  1.33e-02	4.95679e-01
  1.25e-01	  1.38e-02	4.99573e-01
  1.25e-01	  1.43e-02	5.02842e-01
  1.25e-01	  1.48e-02	5.05622e-01
  1.25e-01	  1.54e-02	5.08009e-01
  1.25e-01	  1.59e-02	5.10070e-01
  1.25e-01	  1.64e-02	5.11857e-01
  1.25e-01	  1.69e-02	5.13411e-01
  1.25e-01	  1.74e-02	5.14762e-01
  1.25e-01	  1.80e-02	5.15936e-01
  1.25e-01	  1.85e-02	5.16954e-01
  1.25e-01	  1.90e-02	5.17835e-01
  1.25e-01	  1.95e-02	5.18594e-01
  1.25e-01	  2.01e-02	5.19246e-01
  1.25e-01	  2.06e-02	5.19801e-01
  1.25e-01	  2.11e-02	5.20270e-01
  1.25e-01	  2.16e-02	5.20664e-01
  1.25e-01	  2.21e-02	5.20989e-01
  1.25e-01	  2.27e-02	5.21252e-01
  1.25e-01	  2.32e-02	5.21459e-01
  1.25e-01	  2.37e-02	5.21615e-01
  1.25e-01	  2.42e-02	5.21722e-01
  1.25e-01	  2.47e-02	5.21782e-01
  1.25e-01	  2.53e-02	5.21795e-01
  1.25e-01	  2.58e-02	5.21762e-01
  1.25e-01	  2.63e-02	5.21679e-01
  1.25e-01	  2.68e-02	5.21544e-01
  1.25e-01	  2.73e-02	5.21351e-01
  1.25e-01	  2.79e-02	5.21096e-01
  1.25e-01	  2.84e-02	5.20771e-01
  1.25e-01	  2.89e-02	5.20368e-01
  1.25e-01	  2.94e-02	5.19877e-01
  1.25e-01	  2.99e-02	5.19288e-01
  1.25e-01	  3.05e-02	5.18588e-01
  1.25e-01	  3.10e-02	5.17764e-01
  1.25e-01	  3.15e-02	5.16799e-01
  1.25e-01	  3.20e-02	5.15676e-01
  1.25e-01	  3.26e-02	5.14372e-01
  1.25e-01	  3.31e-02	5.12862e-01
  1.25e-01	  3.36e-02	5.11114e-01
  1.25e-01	  3.41e-02	5.09088e-01
  1.25e-01	  3.46e-02	5.06732e-01
  1.25e-01	  3.52e-02	5.03978e-01
  1.25e-01	  3.57e-02	5.00730e-01
  1.25e-01	  3.62e-02	4.96851e-01
  1.25e-01	  3.67e-02	4.92136e-01
  1.25e-01	  3.72e-02	4.86255e-01
  1.25e-01	  3.78e-02	4.78647e-01
  1.25e-01	  3.83e-02	4.68259e-01
  1.25e-01	  3.88e-02	4.52855e-01
  1.25e-01	  3.93e-02	4.26826e-01
  1.25e-01	  3.98e-02	3.61820e-01
  1.25e-01	  4.04e-02	1.64427e-33
  1.25e-01	  4.09e-02	2.46443e-66
  1.25e-01	  4.14e-02	3.69368e-99
  1.25e-01	  4.19e-02	5.53605e-132
  1.25e-01	  4.24e-02	8.29735e-165
  1.25e-01	  4.30e-02	1.24359e-197
  1.25e-01	  4.35e-02	1.86386e-230
  1.25e-01	  4.40e-02	2.79351e-263
  1.25e-01	  4.45e-02	4.18682e-296
  1.25e-01	  4.51e-02	0.00000e+00
  1.25e-01	  4.56e-02	0.00000e+00
  1.25e-01	  4.61e-02	0.00000e+00
  1.25e-01	  4.66e-02	0.00000e+00
  1.25e-01	  4.71e-02	0.00000e+00
  1.25e-01	  4.77e-02	0.00000e+00
  1.25e-01	  4.82e-02	0.00000e+00
  1.25e-01	  4.87e-02	0.00000e+00
  1.25e-01	  4.92e-02	0.00000e+00
  1.25e-01	  4.97e-02	0.00000e+00

  1.26e-01	  2.60e-04	0.00000e+00
  1.26e-01	  7.81e-04	0.00000e+00
  1.26e-01	  1.30e-03	0.00000e+00
  1.26e-01	  1.82e-03	0.00000e+00
  1.26e-01	  2.34e-03	0.00000e+00
  1.26e-01	  2.86e-03	0.00000e+00
  1.26e-01	  3.39e-03	0.00000e+00
  1.26e-01	  3.91e-03	0.00000e+00
  1.26e-01	  4.43e-03	0.00000e+00
  1.26e-01	  4.95e-03	4.14945e-296
  1.26e-01	  5.47e-03	2.76861e-263
  1.26e-01	  5.99e-03	1.84728e-230
  1.26e-01	  6.51e-03	1.23254e-197
  1.26e-01	  7.03e-03	8.22373e-165
  1.26e-01	  7.55e-03	5.48701e-132
  1.26e-01	  8.07e-03	3.66101e-99
  1.26e-01	  8.59e-03	2.44267e-66
  1.26e-01	  9.11e-03	1.62977e-33
  1.26e-01	  9.64e-03	3.59430e-01
  1.26e-01	  1.02e-02	4.24939e-01
  1.26e-01	  1.07e-02	4.51243e-01
  1.26e-01	  1.12e-02	4.66802e-01
  1.26e-01	  1.17e-02	4.77290e-01
  1.26e-01	  1.22e-02	4.84970e-01
  1.26e-01	  1.28e-02	4.90911e-01
  1.26e-01	  1.33e-02	4.95679e-01
  1.26e-01	  1.38e-02	4.99608e-01
  1.26e-01	  1.43e-02	5.02905e-01
  1.26e-01	  1.48e-02	5.05709e-01
  1.26e-01	  1.54e-02	5.08115e-01
  1.26e-01	  1.59e-02	5.10193e-01
  1.26e-01	  1.64e-02	5.11995e-01
  1.26e-01	  1.69e-02	5.13560e-01
  1.26e-01	  1.74e-02	5.14922e-01
  1.26e-01	  1.80e-02	5.16105e-01
  1.26e-01	  1.85e-02	5.17131e-01
  1.26e-01	  1.90e-02	5.18019e-01
  1.26e-01	  1.95e-02	5.18785e-01
  1.26e-01	  2.01e-02	5.19441e-01
  1.26e-01	  2.06e-02	5.20001e-01
  1.26e-01	  2.11e-02	5.20474e-01
  1.26e-01	  2.16e-02	5.20870e-01
  1.26e-01	  2.21e-02	5.21198e-01
  1.26e-01	  2.27e-02	5.21463e-01
  1.26e-01	  2.32e-02	5.21672e-01
  1.26e-01	  2.37e-02	5.21829e-01
  1.26e-01	  2.42e-02	5.21936e-01
  1.26e-01	  2.47e-02	5.21997e-01
  1.26e-01	  2.53e-02	5.22010e-01
  1.26e-01	  2.58e-02	5.21976e-01
  1.26e-01	  2.63e-02	5.21893e-01
  1.26e-01	  2.68e-02	5.21756e-01
  1.26e-01	  2.73e-02	5.21562e-01
  1.26e-01	  2.79e-02	5.21304e-01
  1.26e-01	  2.84e-02	5.20976e-01
  1.26e-01	  2.89e-02	5.20569e-01
  1.26e-01	  2.94e-02	5.20074e-01
  1.26e-01	  2.99e-02	5.19480e-01
  1.26e-01	  3.05e-02	5.18774e-01
  1.26e-01	  3.10e-02	5.17943e-01
  1.26e-01	  3.15e-02	5.16971e-01
  1.26e-01	  3.20e-02	5.15839e-01
  1.26e-01	  3.26e-02	5.14524e-01
  1.26e-01	  3.31e-02	5.13002e-01
  1.26e-01	  3.36e-02	5.11240e-01
  1.26e-01	  3.41e-02	5.09197e-01
  1.26e-01	  3.46e-02	5.06822e-01
  1.26e-01	  3.52e-02	5.04045e-01
  1.26e-01	  3.57e-02	5.00768e-01
  1.26e-01	  3.62e-02	4.96855e-01
  1.26e-01	  3.67e-02	4.92095e-01
  1.26e-01	  3.72e-02	4.86156e-01
  1.26e-01	  3.78e-02	4.78466e-01
  1.26e-01	  3.83e-02	4.67955e-01
  1.26e-01	  3.88e-02	4.52350e-01
  1.26e-01	  3.93e-02	4.25958e-01
  1.26e-01	  3.98e-02	3.60242e-01
  1.26e-01	  4.04e-02	1.63470e-33
  1.26e-01	  4.09e-02	2.45008e-66
  1.26e-01	  4.14e-02	3.67215e-99
  1.26e-01	  4.19e-02	5.50376e-132
  1.26e-01	  4.24e-02	8.24893e-165
  1.26e-01	  4.30e-02	1.23633e-197
  1.26e-01	  4.35e-02	1.85297e-230
  1.26e-01	  4.40e-02	2.77717e-263
  1.26e-01	  4.45e-02	4.16232e-296
  1.26e-01	  4.51e-02	0.00000e+00
  1.26e-01	  4.56e-02	0.00000e+00
  1.26e-01	  4.61e-02	0.00000e+00
  1.26e-01	  4.66e-02	0.00000e+00
  1.26e-01	  4.71e-02	0.00000e+00
  1.26e-01	  4.77e-02	0.00000e+00
  1.26e-01	  4.82e-02	0.00000e+00
  1.26e-01	  4.87e-02	0.00000e+00
  1.26e-01	  4.92e-02	0.00000e+00
  1.26e-01	  4.97e-02	0.00000e+00

  1.27e-01	  2.60e-04	0.00000e+00
  1.27e-01	  7.81e-04	0.00000e+00
  1.27e-01	  1.30e-03	0.00000e+00
  1.27e-01	  1.82e-03	0.00000e+00
  1.27e-01	  2.34e-03	0.00000e+00
  1.27e-01	  2.86e-03	0.00000e+00
  1.27e-01	  3.39e-03	0.00000e+00
  1.27e-01	  3.91e-03	0.00000e+00
  1.27e-01	  4.43e-03	0.00000e+00
  1.27e-01	  4.95e-03	4.12523e-296
  1.27e-01	  5.47e-03	2.75246e-263
  1.27e-01	  5.99e-03	1.83651e-230
  1.27e-01	  6.51e-03	1.22536e-197
  1.27e-01	  7.03e-03	8.17585e-165
  1.27e-01	  7.55e-03	5.45508e-132
  1.27e-01	  8.07e-03	3.63972e-99
  1.27e-01	  8.59e-03	2.42848e-66
  1.27e-01	  9.11e-03	1.62031e-33
  1.27e-01	  9.64e-03	3.57867e-01
  1.27e-01	  1.02e-02	4.24071e-01
  1.27e-01	  1.07e-02	4.50736e-01
  1.27e-01	  1.12e-02	4.66495e-01
  1.27e-01	  1.17e-02	4.77105e-01
  1.27e-01	  1.22e-02	4.84868e-01
  1.27e-01	  1.28e-02	4.90867e-01
  1.27e-01	  1.33e-02	4.95680e-01
  1.27e-01	  1.38e-02	4.99643e-01
  1.27e-01	  1.43e-02	5.02968e-01
  1.27e-01	  1.48e-02	5.05795e-01
  1.27e-01	  1.54e-02	5.08221e-01
  1.27e-01	  1.59e-02	5.10316e-01
  1.27e-01	  1.64e-02	5.12132e-01
  1.27e-01	  1.69e-02	5.13710e-01
  1.27e-01	  1.74e-02	5.15082e-01
  1.27e-01	  1.80e-02	5.16274e-01
  1.27e-01	  1.85e-02	5.17308e-01
  1.27e-01	  1.90e-02	5.18203e-01
  1.27e-01	  1.95e-02	5.18974e-01
  1.27e-01	  2.01e-02	5.19636e-01
  1.27e-01	  2.06e-02	5.20200e-01
  1.27e-01	  2.11e-02	5.20677e-01
  1.27e-01	  2.16e-02	5.21076e-01
  1.27e-01	  2.21e-02	5.21406e-01
  1.27e-01	  2.27e-02	5.21674e-01
  1.27e-01	  2.32e-02	5.21884e-01
  1.27e-01	  2.37e-02	5.22042e-01
  1.27e-01	  2.42e-02	5.22150e-01
  1.27e-01	  2.47e-02	5.22211e-01
  1.27e-01	  2.53e-02	5.22224e-01
  1.27e-01	  2.58e-02	5.22190e-01
  1.27e-01	  2.63e-02	5.22105e-01
  1.27e-01	  2.68e-02	5.21967e-01
  1.27e-01	  2.73e-02	5.21771e-01
  1.27e-01	  2.79e-02	5.21511e-01
  1.27e-01	  2.84e-02	5.21180e-01
  1.27e-01	  2.89e-02	5.20770e-01
  1.27e-01	  2.94e-02	5.20271e-01
  1.27e-01	  2.99e-02	5.19672e-01
  1.27e-01	  3.05e-02	5.18961e-01
  1.27e-01	  3.10e-02	5.18123e-01
  1.27e-01	  3.15e-02	5.17143e-01
  1.27e-01	  3.20e-02	5.16001e-01
  1.27e-01	  3.26e-02	5.14677e-01
  1.27e-01	  3.31e-02	5.13142e-01
  1.27e-01	  3.36e-02	5.11366e-01
  1.27e-01	  3.41e-02	5.09307e-01
  1.27e-01	  3.46e-02	5.06912e-01
  1.27e-01	  3.52e-02	5.04111e-01
  1.27e-01	  3.57e-02	5.00807e-01
  1.27e-01	  3.62e-02	4.96858e-01
  1.27e-01	  3.67e-02	4.92054e-01
  1.27e-01	  3.72e-02	4.86056e-01
  1.27e-01	  3.78e-02	4.78284e-01
  1.27e-01	  3.83e-02	4.67650e-01
  1.27e-01	  3.88e-02	4.51844e-01
  1.27e-01	  3.93e-02	4.25091e-01
  1.27e-01	  3.98e-02	3.58679e-01
  1.27e-01	  4.04e-02	1.62524e-33
  1.27e-01	  4.09e-02	2.43588e-66
  1.27e-01	  4.14e-02	3.65086e-99
  1.27e-01	  4.19e-02	5.47183e-132
  1.27e-01	  4.24e-02	8.20103e-165
  1.27e-01	  4.30e-02	1.22914e-197
  1.27e-01	  4.35e-02	1.84220e-230
  1.27e-01	  4.40e-02	2.76101e-263
  1.27e-01	  4.45e-02	4.13809e-296
  1.27e-01	  4.51e-02	0.00000e+00
  1.27e-01	  4.56e-02	0.00000e+00
  1.27e-01	  4.61e-02	0.00000e+00
  1.27e-01	  4.66e-02	0.00000e+00
  1.27e-01	  4.71e-02	0.00000e+00
  1.27e-01	  4.77e-02	0.00000e+00
  1.27e-01	  4.82e-02	0.00000e+00
  1.27e-01	  4.87e-02	0.00000e+00
  1.27e-01	  4.92e-02	0.00000e+00
  1.27e-01	  4.97e-02	0.00000e+00

  1.27e-01	  2.60e-04	0.00000e+00
  1.27e-01	  7.81e-04	0.00000e+00
  1.27e-01	  1.30e-03	0.00000e+00
  1.27e-01	  1.82e-03	0.00000e+00
  1.27e-01	  2.34e-03	0.00000e+00
  1.27e-01	  2.86e-03	0.00000e+00
  1.27e-01	  3.39e-03	0.00000e+00
  1.27e-01	  3.91e-03	0.00000e+00
  1.27e-01	  4.43e-03	0.00000e+00
  1.27e-01	  4.95e-03	4.10127e-296
  1.27e-01	  5.47e-03	2.73649e-263
  1.27e-01	  5.99e-03	1.82586e-230
  1.27e-01	  6.51e-03	1.21826e-197
  1.27e-01	  7.03e-03	8.12850e-165
  1.27e-01	  7.55e-03	5.42351e-132
  1.27e-01	  8.07e-03	3.61867e-99
  1.27e-01	  8.59e-03	2.41444e-66
  1.27e-01	  9.11e-03	1.61095e-33
  1.27e-01	  9.64e-03	3.56317e-01
  1.27e-01	  1.02e-02	4.23203e-01
  1.27e-01	  1.07e-02	4.50227e-01
  1.27e-01	  1.12e-02	4.66186e-01
  1.27e-01	  1.17e-02	4.76920e-01
  1.27e-01	  1.22e-02	4.84765e-01
  1.27e-01	  1.28e-02	4.90823e-01
  1.27e-01	  1.33e-02	4.95680e-01
  1.27e-01	  1.38e-02	4.99678e-01
  1.27e-01	  1.43e-02	5.03032e-01
  1.27e-01	  1.48e-02	5.05882e-01
  1.27e-01	  1.54e-02	5.08327e-01
  1.27e-01	  1.59e-02	5.10438e-01
  1.27e-01	  1.64e-02	5.12269e-01
  1.27e-01	  1.69e-02	5.13859e-01
  1.27e-01	  1.74e-02	5.15241e-01
  1.27e-01	  1.80e-02	5.16443e-01
  1.27e-01	  1.85e-02	5.17485e-01
  1.27e-01	  1.90e-02	5.18387e-01
  1.27e-01	  1.95e-02	5.19164e-01
  1.27e-01	  2.01e-02	5.19830e-01
  1.27e-01	  2.06e-02	5.20398e-01
  1.27e-01	  2.11e-02	5.20879e-01
  1.27e-01	  2.16e-02	5.21281e-01
  1.27e-01	  2.21e-02	5.21614e-01
  1.27e-01	  2.27e-02	5.21883e-01
  1.27e-01	  2.32e-02	5.22095e-01
  1.27e-01	  2.37e-02	5.22254e-01
  1.27e-01	  2.42e-02	5.22363e-01
  1.27e-01	  2.47e-02	5.22424e-01
  1.27e-01	  2.53e-02	5.22437e-01
  1.27e-01	  2.58e-02	5.22402e-01
  1.27e-01	  2.63e-02	5.22317e-01
  1.27e-01	  2.68e-02	5.22177e-01
  1.27e-01	  2.73e-02	5.21980e-01
  1.27e-01	  2.79e-02	5.21718e-01
  1.27e-01	  2.84e-02	5.21384e-01
  1.27e-01	  2.89e-02	5.20971e-01
  1.27e-01	  2.94e-02	5.20467e-01
  1.27e-01	  2.99e-02	5.19864e-01
  1.27e-01	  3.05e-02	5.19147e-01
  1.27e-01	  3.10e-02	5.18302e-01
  1.27e-01	  3.15e-02	5.17314e-01
  1.27e-01	  3.20e-02	5.16164e-01
  1.27e-01	  3.26e-02	5.14829e-01
  1.27e-01	  3.31e-02	5.13282e-01
  1.27e-01	  3.36e-02	5.11492e-01
  1.27e-01	  3.41e-02	5.09416e-01
  1.27e-01	  3.46e-02	5.07002e-01
  1.27e-01	  3.52e-02	5.04178e-01
  1.27e-01	  3.57e-02	5.00845e-01
  1.27e-01	  3.62e-02	4.96862e-01
  1.27e-01	  3.67e-02	4.92013e-01
  1.27e-01	  3.72e-02	4.85956e-01
  1.27e-01	  3.78e-02	4.78101e-01
  1.27e-01	  3.83e-02	4.67343e-01
  1.27e-01	  3.88e-02	4.51336e-01
  1.27e-01	  3.93e-02	4.24224e-01
  1.27e-01	  3.98e-02	3.57131e-01
  1.27e-01	  4.04e-02	1.61587e-33
  1.27e-01	  4.09e-02	2.42184e-66
  1.27e-01	  4.14e-02	3.62980e-99
  1.27e-01	  4.19e-02	5.44024e-132
  1.27e-01	  4.24e-02	8.15366e-165
  1.27e-01	  4.30e-02	1.22204e-197
  1.27e-01	  4.35e-02	1.83154e-230
  1.27e-01	  4.40e-02	2.74503e-263
  1.27e-01	  4.45e-02	4.11412e-296
  1.27e-01	  4.51e-02	0.00000e+00
  1.27e-01	  4.56e-02	0.00000e+00
  1.27e-01	  4.61e-02	0.00000e+00
  1.27e-01	  4.66e-02	0.00000e+00
  1.27e-01	  4.71e-02	0.00000e+00
  1.27e-01	  4.77e-02	0.00000e+00
  1.27e-01	  4.82e-02	0.00000e+00
  1.27e-01	  4.87e-02	0.00000e+00
  1.27e-01	  4.92e-02	0.00000e+00
  1.27e-01	  4.97e-02	0.00000e+00

  1.28e-01	  2.60e-04	0.00000e+00
  1.28e-01	  7.81e-04	0.00000e+00
  1.28e-01	  1.30e-03	0.00000e+00
  1.28e-01	  1.82e-03	0.00000e+00
  1.28e-01	  2.34e-03	0.00000e+00
  1.28e-01	  2.86e-03	0.00000e+00
  1.28e-01	  3.39e-03	0.00000e+00
  1.28e-01	  3.91e-03	0.00000e+00
  1.28e-01	  4.43e-03	0.00000e+00
  1.28e-01	  4.95e-03	4.07759e-296
  1.28e-01	  5.47e-03	2.72070e-263
  1.28e-01	  5.99e-03	1.81533e-230
  1.28e-01	  6.51e-03	1.21124e-197
  1.28e-01	  7.03e-03	8.08169e-165
  1.28e-01	  7.55e-03	5.39229e-132
  1.28e-01	  8.07e-03	3.59785e-99
  1.28e-01	  8.59e-03	2.40056e-66
  1.28e-01	  9.11e-03	1.60170e-33
  1.28e-01	  9.64e-03	3.54783e-01
  1.28e-01	  1.02e-02	4.22336e-01
  1.28e-01	  1.07e-02	4.49716e-01
  1.28e-01	  1.12e-02	4.65877e-01
  1.28e-01	  1.17e-02	4.76734e-01
  1.28e-01	  1.22e-02	4.84661e-01
  1.28e-01	  1.28e-02	4.90778e-01
  1.28e-01	  1.33e-02	4.95680e-01
  1.28e-01	  1.38e-02	4.99714e-01
  1.28e-01	  1.43e-02	5.03095e-01
  1.28e-01	  1.48e-02	5.05969e-01
  1.28e-01	  1.54e-02	5.08433e-01
  1.28e-01	  1.59e-02	5.10561e-01
  1.28e-01	  1.64e-02	5.12405e-01
  1.28e-01	  1.69e-02	5.14008e-01
  1.28e-01	  1.74e-02	5.15401e-01
  1.28e-01	  1.80e-02	5.16611e-01
  1.28e-01	  1.85e-02	5.17661e-01
  1.28e-01	  1.90e-02	5.18570e-01
  1.28e-01	  1.95e-02	5.19352e-01
  1.28e-01	  2.01e-02	5.20024e-01
  1.28e-01	  2.06e-02	5.20596e-01
  1.28e-01	  2.11e-02	5.21080e-01
  1.28e-01	  2.16e-02	5.21485e-01
  1.28e-01	  2.21e-02	5.21820e-01
  1.28e-01	  2.27e-02	5.22091e-01
  1.28e-01	  2.32e-02	5.22304e-01
  1.28e-01	  2.37e-02	5.22464e-01
  1.28e-01	  2.42e-02	5.22574e-01
  1.28e-01	  2.47e-02	5.22635e-01
  1.28e-01	  2.53e-02	5.22648e-01
  1.28e-01	  2.58e-02	5.22613e-01
  1.28e-01	  2.63e-02	5.22527e-01
  1.28e-01	  2.68e-02	5.22386e-01
  1.28e-01	  2.73e-02	5.22187e-01
  1.28e-01	  2.79e-02	5.21923e-01
  1.28e-01	  2.84e-02	5.21587e-01
  1.28e-01	  2.89e-02	5.21170e-01
  1.28e-01	  2.94e-02	5.20663e-01
  1.28e-01	  2.99e-02	5.20055e-01
  1.28e-01	  3.05e-02	5.19332e-01
  1.28e-01	  3.10e-02	5.18481e-01
  1.28e-01	  3.15e-02	5.17486e-01
  1.28e-01	  3.20e-02	5.16326e-01
  1.28e-01	  3.26e-02	5.14981e-01
  1.28e-01	  3.31e-02	5.13422e-01
  1.28e-01	  3.36e-02	5.11618e-01
  1.28e-01	  3.41e-02	5.09525e-01
  1.28e-01	  3.46e-02	5.07092e-01
  1.28e-01	  3.52e-02	5.04244e-01
  1.28e-01	  3.57e-02	5.00883e-01
  1.28e-01	  3.62e-02	4.96865e-01
  1.28e-01	  3.67e-02	4.91971e-01
  1.28e-01	  3.72e-02	4.85855e-01
  1.28e-01	  3.78e-02	4.77918e-01
  1.28e-01	  3.83e-02	4.67036e-01
  1.28e-01	  3.88e-02	4.50827e-01
  1.28e-01	  3.93e-02	4.23357e-01
  1.28e-01	  3.98e-02	3.55597e-01
  1.28e-01	  4.04e-02	1.60662e-33
  1.28e-01	  4.09e-02	2.40796e-66
  1.28e-01	  4.14e-02	3.60897e-99
  1.28e-01	  4.19e-02	5.40901e-132
  1.28e-01	  4.24e-02	8.10682e-165
  1.28e-01	  4.30e-02	1.21502e-197
  1.28e-01	  4.35e-02	1.82101e-230
  1.28e-01	  4.40e-02	2.72924e-263
  1.28e-01	  4.45e-02	4.09043e-296
  1.28e-01	  4.51e-02	0.00000e+00
  1.28e-01	  4.56e-02	0.00000e+00
  1.28e-01	  4.61e-02	0.00000e+00
  1.28e-01	  4.66e-02	0.00000e+00
  1.28e-01	  4.71e-02	0.00000e+00
  1.28e-01	  4.77e-02	0.00000e+00
  1.28e-01	  4.82e-02	0.00000e+00
  1.28e-01	  4.87e-02	0.00000e+00
  1.28e-01	  4.92e-02	0.00000e+00
  1.28e-01	  4.97e-02	0.00000e+00

  1.29e-01	  2.60e-04	0.00000e+00
  1.29e-01	  7.81e-04	0.00000e+00
  1.29e-01	  1.30e-03	0.00000e+00
  1.29e-01	  1.82e-03	0.00000e+00
  1.29e-01	  2.34e-03	0.00000e+00
  1.29e-01	  2.86e-03	0.00000e+00
  1.29e-01	  3.39e-03	0.00000e+00
  1.29e-01	  3.91e-03	0.00000e+00
  1.29e-01	  4.43e-03	0.00000e+00
  1.29e-01	  4.95e-03	4.05419e-296
  1.29e-01	  5.47e-03	2.70509e-263
  1.29e-01	  5.99e-03	1.80492e-230
  1.29e-01	  6.51e-03	1.20430e-197
  1.29e-01	  7.03e-03	8.03542e-165
  1.29e-01	  7.55e-03	5.36144e-132
  1.29e-01	  8.07e-03	3.57728e-99
  1.29e-01	  8.59e-03	2.38684e-66
  1.29e-01	  9.11e-03	1.59255e-33
  1.29e-01	  9.64e-03	3.53264e-01
  1.29e-01	  1.02e-02	4.21470e-01
  1.29e-01	  1.07e-02	4.49205e-01
  1.29e-01	  1.12e-02	4.65567e-01
  1.29e-01	  1.17e-02	4.76548e-01
  1.29e-01	  1.22e-02	4.84558e-01
  1.29e-01	  1.28e-02	4.90734e-01
  1.29e-01	  1.33e-02	4.95680e-01
  1.29e-01	  1.38e-02	4.99749e-01
  1.29e-01	  1.43e-02	5.03159e-01
  1.29e-01	  1.48e-02	5.06055e-01
  1.29e-01	  1.54e-02	5.08540e-01
  1.29e-01	  1.59e-02	5.10684e-01
  1.29e-01	  1.64e-02	5.12542e-01
  1.29e-01	  1.69e-02	5.14157e-01
  1.29e-01	  1.74e-02	5.15560e-01
  1.29e-01	  1.80e-02	5.16779e-01
  1.29e-01	  1.85e-02	5.17837e-01
  1.29e-01	  1.90e-02	5.18752e-01
  1.29e-01	  1.95e-02	5.19540e-01
  1.29e-01	  2.01e-02	5.20216e-01
  1.29e-01	  2.06e-02	5.20793e-01
  1.29e-01	  2.11e-02	5.21280e-01
  1.29e-01	  2.16e-02	5.21688e-01
  1.29e-01	  2.21e-02	5.22025e-01
  1.29e-01	  2.27e-02	5.22298e-01
  1.29e-01	  2.32e-02	5.22513e-01
  1.29e-01	  2.37e-02	5.22674e-01
  1.29e-01	  2.42e-02	5.22784e-01
  1.29e-01	  2.47e-02	5.22845e-01
  1.29e-01	  2.53e-02	5.22859e-01
  1.29e-01	  2.58e-02	5.22823e-01
  1.29e-01	  2.63e-02	5.22736e-01
  1.29e-01	  2.68e-02	5.22594e-01
  1.29e-01	  2.73e-02	5.22394e-01
  1.29e-01	  2.79e-02	5.22127e-01
  1.29e-01	  2.84e-02	5.21789e-01
  1.29e-01	  2.89e-02	5.21369e-01
  1.29e-01	  2.94e-02	5.20858e-01
  1.29e-01	  2.99e-02	5.20245e-01
  1.29e-01	  3.05e-02	5.19517e-01
  1.29e-01	  3.10e-02	5.18660e-01
  1.29e-01	  3.15e-02	5.17657e-01
  1.29e-01	  3.20e-02	5.16488e-01
  1.29e-01	  3.26e-02	5.15133e-01
  1.29e-01	  3.31e-02	5.13562e-01
  1.29e-01	  3.36e-02	5.11743e-01
  1.29e-01	  3.41e-02	5.09635e-01
  1.29e-01	  3.46e-02	5.07181e-01
  1.29e-01	  3.52e-02	5.04311e-01
  1.29e-01	  3.57e-02	5.00922e-01
  1.29e-01	  3.62e-02	4.96868e-01
  1.29e-01	  3.67e-02	4.91930e-01
  1.29e-01	  3.72e-02	4.85754e-01
  1.29e-01	  3.78e-02	4.77733e-01
  1.29e-01	  3.83e-02	4.66727e-01
  1.29e-01	  3.88e-02	4.50317e-01
  1.29e-01	  3.93e-02	4.22491e-01
  1.29e-01	  3.98e-02	3.54078e-01
  1.29e-01	  4.04e-02	1.59746e-33
  1.29e-01	  4.09e-02	2.39423e-66
  1.29e-01	  4.14e-02	3.58839e-99
  1.29e-01	  4.19e-02	5.37814e-132
  1.29e-01	  4.24e-02	8.06053e-165
  1.29e-01	  4.30e-02	1.20807e-197
  1.29e-01	  4.35e-02	1.81060e-230
  1.29e-01	  4.40e-02	2.71363e-263
  1.29e-01	  4.45e-02	4.06702e-296
  1.29e-01	  4.51e-02	0.00000e+00
  1.29e-01	  4.56e-02	0.00000e+00
  1.29e-01	  4.61e-02	0.00000e+00
  1.29e-01	  4.66e-02	0.00000e+00
  1.29e-01	  4.71e-02	0.00000e+00
  1.29e-01	  4.77e-02	0.00000e+00
  1.29e-01	  4.82e-02	0.00000e+00
  1.29e-01	  4.87e-02	0.00000e+00
  1.29e-01	  4.92e-02	0.00000e+00
  1.29e-01	  4.97e-02	0.00000e+00

  1.30e-01	  2.60e-04	0.00000e+00
  1.30e-01	  7.81e-04	0.00000e+00
  1.30e-01	  1.30e-03	0.00000e+00
  1.30e-01	  1.82e-03	0.00000e+00
  1.30e-01	  2.34e-03	0.00000e+00
  1.30e-01	  2.86e-03	0.00000e+00
  1.30e-01	  3.39e-03	0.00000e+00
  1.30e-01	  3.91e-03	0.00000e+00
  1.30e-01	  4.43e-03	0.00000e+00
  1.30e-01	  4.95e-03	4.03107e-296
  1.30e-01	  5.47e-03	2.68967e-263
  1.30e-01	  5.99e-03	1.79464e-230
  1.30e-01	  6.51e-03	1.19744e-197
  1.30e-01	  7.03e-03	7.98970e-165
  1.30e-01	  7.55e-03	5.33095e-132
  1.30e-01	  8.07e-03	3.55695e-99
  1.30e-01	  8.59e-03	2.37328e-66
  1.30e-01	  9.11e-03	1.58351e-33
  1.30e-01	  9.64e-03	3.51760e-01
  1.30e-01	  1.02e-02	4.20605e-01
  1.30e-01	  1.07e-02	4.48692e-01
  1.30e-01	  1.12e-02	4.65256e-01
  1.30e-01	  1.17e-02	4.76361e-01
  1.30e-01	  1.22e-02	4.84454e-01
  1.30e-01	  1.28e-02	4.90690e-01
  1.30e-01	  1.33e-02	4.95681e-01
  1.30e-01	  1.38e-02	4.99784e-01
  1.30e-01	  1.43e-02	5.03222e-01
  1.30e-01	  1.48e-02	5.06142e-01
  1.30e-01	  1.54e-02	5.08646e-01
  1.30e-01	  1.59e-02	5.10806e-01
  1.30e-01	  1.64e-02	5.12679e-01
  1.30e-01	  1.69e-02	5.14305e-01
  1.30e-01	  1.74e-02	5.15719e-01
  1.30e-01	  1.80e-02	5.16947e-01
  1.30e-01	  1.85e-02	5.18012e-01
  1.30e-01	  1.90e-02	5.18934e-01
  1.30e-01	  1.95e-02	5.19728e-01
  1.30e-01	  2.01e-02	5.20408e-01
  1.30e-01	  2.06e-02	5.20988e-01
  1.30e-01	  2.11e-02	5.21479e-01
  1.30e-01	  2.16e-02	5.21890e-01
  1.30e-01	  2.21e-02	5.22229e-01
  1.30e-01	  2.27e-02	5.22504e-01
  1.30e-01	  2.32e-02	5.22720e-01
  1.30e-01	  2.37e-02	5.22881e-01
  1.30e-01	  2.42e-02	5.22992e-01
  1.30e-01	  2.47e-02	5.23054e-01
  1.30e-01	  2.53e-02	5.23067e-01
  1.30e-01	  2.58e-02	5.23031e-01
  1.30e-01	  2.63e-02	5.22944e-01
  1.30e-01	  2.68e-02	5.22801e-01
  1.30e-01	  2.73e-02	5.22599e-01
  1.30e-01	  2.79e-02	5.22331e-01
  1.30e-01	  2.84e-02	5.21989e-01
  1.30e-01	  2.89e-02	5.21566e-01
  1.30e-01	  2.94e-02	5.21052e-01
  1.30e-01	  2.99e-02	5.20434e-01
  1.30e-01	  3.05e-02	5.19701e-01
  1.30e-01	  3.10e-02	5.18838e-01
  1.30e-01	  3.15e-02	5.17827e-01
  1.30e-01	  3.20e-02	5.16650e-01
  1.30e-01	  3.26e-02	5.15284e-01
  1.30e-01	  3.31e-02	5.13702e-01
  1.30e-01	  3.36e-02	5.11869e-01
  1.30e-01	  3.41e-02	5.09744e-01
  1.30e-01	  3.46e-02	5.07272e-01
  1.30e-01	  3.52e-02	5.04378e-01
  1.30e-01	  3.57e-02	5.00960e-01
  1.30e-01	  3.62e-02	4.96872e-01
  1.30e-01	  3.67e-02	4.91888e-01
  1.30e-01	  3.72e-02	4.85653e-01
  1.30e-01	  3.78e-02	4.77549e-01
  1.30e-01	  3.83e-02	4.66418e-01
  1.30e-01	  3.88e-02	4.49806e-01
  1.30e-01	  3.93e-02	4.21627e-01
  1.30e-01	  3.98e-02	3.52575e-01
  1.30e-01	  4.04e-02	1.58842e-33
  1.30e-01	  4.09e-02	2.38067e-66
  1.30e-01	  4.14e-02	3.56805e-99
  1.30e-01	  4.19e-02	5.34764e-132
  1.30e-01	  4.24e-02	8.01479e-165
  1.30e-01	  4.30e-02	1.20122e-197
  1.30e-01	  4.35e-02	1.80031e-230
  1.30e-01	  4.40e-02	2.69820e-263
  1.30e-01	  4.45e-02	4.04389e-296
  1.30e-01	  4.51e-02	0.00000e+00
  1.30e-01	  4.56e-02	0.00000e+00
  1.30e-01	  4.61e-02	0.00000e+00
  1.30e-01	  4.66e-02	0.00000e+00
  1.30e-01	  4.71e-02	0.00000e+00
  1.30e-01	  4.77e-02	0.00000e+00
  1.30e-01	  4.82e-02	0.00000e+00
  1.30e-01	  4.87e-02	0.00000e+00
  1.30e-01	  4.92e-02	0.00000e+00
  1.30e-01	  4.97e-02	0.00000e+00

  1.30e-01	  2.60e-04	0.00000e+00
  1.30e-01	  7.81e-04	0.00000e+00
  1.30e-01	  1.30e-03	0.00000e+00
  1.30e-01	  1.82e-03	0.00000e+00
  1.30e-01	  2.34e-03	0.00000e+00
  1.30e-01	  2.86e-03	0.00000e+00
  1.30e-01	  3.39e-03	0.00000e+00
  1.30e-01	  3.91e-03	0.00000e+00
  1.30e-01	  4.43e-03	0.00000e+00
  1.30e-01	  4.95e-03	4.00823e-296
  1.30e-01	  5.47e-03	2.67445e-263
  1.30e-01	  5.99e-03	1.78449e-230
  1.30e-01	  6.51e-03	1.19067e-197
  1.30e-01	  7.03e-03	7.94454e-165
  1.30e-01	  7.55e-03	5.30084e-132
  1.30e-01	  8.07e-03	3.53687e-99
  1.30e-01	  8.59e-03	2.35989e-66
  1.30e-01	  9.11e-03	1.57458e-33
  1.30e-01	  9.64e-03	3.50272e-01
  1.30e-01	  1.02e-02	4.19741e-01
  1.30e-01	  1.07e-02	4.48179e-01
  1.30e-01	  1.12e-02	4.64944e-01
  1.30e-01	  1.17e-02	4.76173e-01
  1.30e-01	  1.22e-02	4.84350e-01
  1.30e-01	  1.28e-02	4.90645e-01
  1.30e-01	  1.33e-02	4.95681e-01
  1.30e-01	  1.38e-02	4.99820e-01
  1.30e-01	  1.43e-02	5.03286e-01
  1.30e-01	  1.48e-02	5.06229e-01
  1.30e-01	  1.54e-02	5.08752e-01
  1.30e-01	  1.59e-02	5.10929e-01
  1.30e-01	  1.64e-02	5.12815e-01
  1.30e-01	  1.69e-02	5.14454e-01
  1.30e-01	  1.74e-02	5.15878e-01
  1.30e-01	  1.80e-02	5.17115e-01
  1.30e-01	  1.85e-02	5.18187e-01
  1.30e-01	  1.90e-02	5.19115e-01
  1.30e-01	  1.95e-02	5.19914e-01
  1.30e-01	  2.01e-02	5.20599e-01
  1.30e-01	  2.06e-02	5.21183e-01
  1.30e-01	  2.11e-02	5.21677e-01
  1.30e-01	  2.16e-02	5.22090e-01
  1.30e-01	  2.21e-02	5.22432e-01
  1.30e-01	  2.27e-02	5.22708e-01
  1.30e-01	  2.32e-02	5.22925e-01
  1.30e-01	  2.37e-02	5.23088e-01
  1.30e-01	  2.42e-02	5.23199e-01
  1.30e-01	  2.47e-02	5.23261e-01
  1.30e-01	  2.53e-02	5.23274e-01
  1.30e-01	  2.58e-02	5.23238e-01
  1.30e-01	  2.63e-02	5.23150e-01
  1.30e-01	  2.68e-02	5.23006e-01
  1.30e-01	  2.73e-02	5.22802e-01
  1.30e-01	  2.79e-02	5.22533e-01
  1.30e-01	  2.84e-02	5.22189e-01
  1.30e-01	  2.89e-02	5.21763e-01
  1.30e-01	  2.94e-02	5.21245e-01
  1.30e-01	  2.99e-02	5.20623e-01
  1.30e-01	  3.05e-02	5.19885e-01
  1.30e-01	  3.10e-02	5.19015e-01
  1.30e-01	  3.15e-02	5.17997e-01
  1.30e-01	  3.20e-02	5.16812e-01
  1.30e-01	  3.26e-02	5.15436e-01
  1.30e-01	  3.31e-02	5.13841e-01
  1.30e-01	  3.36e-02	5.11995e-01
  1.30e-01	  3.41e-02	5.09854e-01
  1.30e-01	  3.46e-02	5.07362e-01
  1.30e-01	  3.52e-02	5.04445e-01
  1.30e-01	  3.57e-02	5.00999e-01
  1.30e-01	  3.62e-02	4.96875e-01
  1.30e-01	  3.67e-02	4.91847e-01
  1.30e-01	  3.72e-02	4.85551e-01
  1.30e-01	  3.78e-02	4.77364e-01
  1.30e-01	  3.83e-02	4.66108e-01
  1.30e-01	  3.88e-02	4.49293e-01
  1.30e-01	  3.93e-02	4.20764e-01
  1.30e-01	  3.98e-02	3.51088e-01
  1.30e-01	  4.04e-02	1.57949e-33
  1.30e-01	  4.09e-02	2.36727e-66
  1.30e-01	  4.14e-02	3.54796e-99
  1.30e-01	  4.19e-02	5.31752e-132
  1.30e-01	  4.24e-02	7.96962e-165
  1.30e-01	  4.30e-02	1.19444e-197
  1.30e-01	  4.35e-02	1.79015e-230
  1.30e-01	  4.40e-02	2.68297e-263
  1.30e-01	  4.45e-02	4.02104e-296
  1.30e-01	  4.51e-02	0.00000e+00
  1.30e-01	  4.56e-02	0.00000e+00
  1.30e-01	  4.61e-02	0.00000e+00
  1.30e-01	  4.66e-02	0.00000e+00
  1.30e-01	  4.71e-02	0.00000e+00
  1.30e-01	  4.77e-02	0.00000e+00
  1.30e-01	  4.82e-02	0.00000e+00
  1.30e-01	  4.87e-02	0.00000e+00
  1.30e-01	  4.92e-02	0.00000e+00
  1.30e-01	  4.97e-02	0.00000e+00

  1.31e-01	  2.60e-04	0.00000e+00
  1.31e-01	  7.81e-04	0.00000e+00
  1.31e-01	  1.30e-03	0.00000e+00
  1.31e-01	  1.82e-03	0.00000e+00
  1.31e-01	  2.34e-03	0.00000e+00
  1.31e-01	  2.86e-03	0.00000e+00
  1.31e-01	  3.39e-03	0.00000e+00
  1.31e-01	  3.91e-03	0.00000e+00
  1.31e-01	  4.43e-03	0.00000e+00
  1.31e-01	  4.95e-03	3.98569e-296
  1.31e-01	  5.47e-03	2.65941e-263
  1.31e-01	  5.99e-03	1.77446e-230
  1.31e-01	  6.51e-03	1.18398e-197
  1.31e-01	  7.03e-03	7.89995e-165
  1.31e-01	  7.55e-03	5.27110e-132
  1.31e-01	  8.07e-03	3.51704e-99
  1.31e-01	  8.59e-03	2.34667e-66
  1.31e-01	  9.11e-03	1.56576e-33
  1.31e-01	  9.64e-03	3.48800e-01
  1.31e-01	  1.02e-02	4.18879e-01
  1.31e-01	  1.07e-02	4.47665e-01
  1.31e-01	  1.12e-02	4.64631e-01
  1.31e-01	  1.17e-02	4.75986e-01
  1.31e-01	  1.22e-02	4.84246e-01
  1.31e-01	  1.28e-02	4.90601e-01
  1.31e-01	  1.33e-02	4.95682e-01
  1.31e-01	  1.38e-02	4.99856e-01
  1.31e-01	  1.43e-02	5.03350e-01
  1.31e-01	  1.48e-02	5.06316e-01
  1.31e-01	  1.54e-02	5.08859e-01
  1.31e-01	  1.59e-02	5.11052e-01
  1.31e-01	  1.64e-02	5.12952e-01
  1.31e-01	  1.69e-02	5.14602e-01
  1.31e-01	  1.74e-02	5.16036e-01
  1.31e-01	  1.80e-02	5.17281e-01
  1.31e-01	  1.85e-02	5.18361e-01
  1.31e-01	  1.90e-02	5.19295e-01
  1.31e-01	  1.95e-02	5.20100e-01
  1.31e-01	  2.01e-02	5.20789e-01
  1.31e-01	  2.06e-02	5.21377e-01
  1.31e-01	  2.11e-02	5.21874e-01
  1.31e-01	  2.16e-02	5.22289e-01
  1.31e-01	  2.21e-02	5.22633e-01
  1.31e-01	  2.27e-02	5.22910e-01
  1.31e-01	  2.32e-02	5.23129e-01
  1.31e-01	  2.37e-02	5.23292e-01
  1.31e-01	  2.42e-02	5.23404e-01
  1.31e-01	  2.47e-02	5.23467e-01
  1.31e-01	  2.53e-02	5.23480e-01
  1.31e-01	  2.58e-02	5.23443e-01
  1.31e-01	  2.63e-02	5.23354e-01
  1.31e-01	  2.68e-02	5.23210e-01
  1.31e-01	  2.73e-02	5.23005e-01
  1.31e-01	  2.79e-02	5.22733e-01
  1.31e-01	  2.84e-02	5.22387e-01
  1.31e-01	  2.89e-02	5.21959e-01
  1.31e-01	  2.94e-02	5.21437e-01
  1.31e-01	  2.99e-02	5.20811e-01
  1.31e-01	  3.05e-02	5.20067e-01
  1.31e-01	  3.10e-02	5.19192e-01
  1.31e-01	  3.15e-02	5.18167e-01
  1.31e-01	  3.20e-02	5.16973e-01
  1.31e-01	  3.26e-02	5.15587e-01
  1.31e-01	  3.31e-02	5.13981e-01
  1.31e-01	  3.36e-02	5.12121e-01
  1.31e-01	  3.41e-02	5.09963e-01
  1.31e-01	  3.46e-02	5.07452e-01
  1.31e-01	  3.52e-02	5.04512e-01
  1.31e-01	  3.57e-02	5.01038e-01
  1.31e-01	  3.62e-02	4.96879e-01
  1.31e-01	  3.67e-02	4.91806e-01
  1.31e-01	  3.72e-02	4.85450e-01
  1.31e-01	  3.78e-02	4.77179e-01
  1.31e-01	  3.83e-02	4.65797e-01
  1.31e-01	  3.88e-02	4.48780e-01
  1.31e-01	  3.93e-02	4.19902e-01
  1.31e-01	  3.98e-02	3.49617e-01
  1.31e-01	  4.04e-02	1.57066e-33
  1.31e-01	  4.09e-02	2.35404e-66
  1.31e-01	  4.14e-02	3.52812e-99
  1.31e-01	  4.19e-02	5.28777e-132
  1.31e-01	  4.24e-02	7.92501e-165
  1.31e-01	  4.30e-02	1.18775e-197
  1.31e-01	  4.35e-02	1.78012e-230
  1.31e-01	  4.40e-02	2.66792e-263
  1.31e-01	  4.45e-02	3.99849e-296
  1.31e-01	  4.51e-02	0.00000e+00
  1.31e-01	  4.56e-02	0.00000e+00
  1.31e-01	  4.61e-02	0.00000e+00
  1.31e-01	  4.66e-02	0.00000e+00
  1.31e-01	  4.71e-02	0.00000e+00
  1.31e-01	  4.77e-02	0.00000e+00
  1.31e-01	  4.82e-02	0.00000e+00
  1.31e-01	  4.87e-02	0.00000e+00
  1.31e-01	  4.92e-02	0.00000e+00
  1.31e-01	  4.97e-02	0.00000e+00

  1.32e-01	  2.60e-04	0.00000e+00
  1.32e-01	  7.81e-04	0.00000e+00
  1.32e-01	  1.30e-03	0.00000e+00
  1.32e-01	  1.82e-03	0.00000e+00
  1.32e-01	  2.34e-03	0.00000e+00
  1.32e-01	  2.86e-03	0.00000e+00
  1.32e-01	  3.39e-03	0.00000e+00
  1.32e-01	  3.91e-03	0.00000e+00
  1.32e-01	  4.43e-03	0.00000e+00
  1.32e-01	  4.95e-03	3.96344e-296
  1.32e-01	  5.47e-03	2.64457e-263
  1.32e-01	  5.99e-03	1.76457e-230
  1.32e-01	  6.51e-03	1.17739e-197
  1.32e-01	  7.03e-03	7.85594e-165
  1.32e-01	  7.55e-03	5.24175e-132
  1.32e-01	  8.07e-03	3.49747e-99
  1.32e-01	  8.59e-03	2.33362e-66
  1.32e-01	  9.11e-03	1.55705e-33
  1.32e-01	  9.64e-03	3.47345e-01
  1.32e-01	  1.02e-02	4.18020e-01
  1.32e-01	  1.07e-02	4.47151e-01
  1.32e-01	  1.12e-02	4.64319e-01
  1.32e-01	  1.17e-02	4.75798e-01
  1.32e-01	  1.22e-02	4.84142e-01
  1.32e-01	  1.28e-02	4.90557e-01
  1.32e-01	  1.33e-02	4.95683e-01
  1.32e-01	  1.38e-02	4.99892e-01
  1.32e-01	  1.43e-02	5.03414e-01
  1.32e-01	  1.48e-02	5.06404e-01
  1.32e-01	  1.54e-02	5.08965e-01
  1.32e-01	  1.59e-02	5.11175e-01
  1.32e-01	  1.64e-02	5.13088e-01
  1.32e-01	  1.69e-02	5.14750e-01
  1.32e-01	  1.74e-02	5.16194e-01
  1.32e-01	  1.80e-02	5.17448e-01
  1.32e-01	  1.85e-02	5.18535e-01
  1.32e-01	  1.90e-02	5.19474e-01
  1.32e-01	  1.95e-02	5.20284e-01
  1.32e-01	  2.01e-02	5.20978e-01
  1.32e-01	  2.06e-02	5.21569e-01
  1.32e-01	  2.11e-02	5.22069e-01
  1.32e-01	  2.16e-02	5.22487e-01
  1.32e-01	  2.21e-02	5.22832e-01
  1.32e-01	  2.27e-02	5.23111e-01
  1.32e-01	  2.32e-02	5.23331e-01
  1.32e-01	  2.37e-02	5.23495e-01
  1.32e-01	  2.42e-02	5.23608e-01
  1.32e-01	  2.47e-02	5.23670e-01
  1.32e-01	  2.53e-02	5.23684e-01
  1.32e-01	  2.58e-02	5.23646e-01
  1.32e-01	  2.63e-02	5.23557e-01
  1.32e-01	  2.68e-02	5.23412e-01
  1.32e-01	  2.73e-02	5.23205e-01
  1.32e-01	  2.79e-02	5.22932e-01
  1.32e-01	  2.84e-02	5.22584e-01
  1.32e-01	  2.89e-02	5.22153e-01
  1.32e-01	  2.94e-02	5.21628e-01
  1.32e-01	  2.99e-02	5.20998e-01
  1.32e-01	  3.05e-02	5.20249e-01
  1.32e-01	  3.10e-02	5.19368e-01
  1.32e-01	  3.15e-02	5.18336e-01
  1.32e-01	  3.20e-02	5.17134e-01
  1.32e-01	  3.26e-02	5.15738e-01
  1.32e-01	  3.31e-02	5.14120e-01
  1.32e-01	  3.36e-02	5.12247e-01
  1.32e-01	  3.41e-02	5.10073e-01
  1.32e-01	  3.46e-02	5.07542e-01
  1.32e-01	  3.52e-02	5.04579e-01
  1.32e-01	  3.57e-02	5.01077e-01
  1.32e-01	  3.62e-02	4.96883e-01
  1.32e-01	  3.67e-02	4.91764e-01
  1.32e-01	  3.72e-02	4.85349e-01
  1.32e-01	  3.78e-02	4.76993e-01
  1.32e-01	  3.83e-02	4.65486e-01
  1.32e-01	  3.88e-02	4.48267e-01
  1.32e-01	  3.93e-02	4.19043e-01
  1.32e-01	  3.98e-02	3.48162e-01
  1.32e-01	  4.04e-02	1.56195e-33
  1.32e-01	  4.09e-02	2.34098e-66
  1.32e-01	  4.14e-02	3.50854e-99
  1.32e-01	  4.19e-02	5.25840e-132
  1.32e-01	  4.24e-02	7.88097e-165
  1.32e-01	  4.30e-02	1.18115e-197
  1.32e-01	  4.35e-02	1.77022e-230
  1.32e-01	  4.40e-02	2.65308e-263
  1.32e-01	  4.45e-02	3.97622e-296
  1.32e-01	  4.51e-02	0.00000e+00
  1.32e-01	  4.56e-02	0.00000e+00
  1.32e-01	  4.61e-02	0.00000e+00
  1.32e-01	  4.66e-02	0.00000e+00
  1.32e-01	  4.71e-02	0.00000e+00
  1.32e-01	  4.77e-02	0.00000e+00
  1.32e-01	  4.82e-02	0.00000e+00
  1.32e-01	  4.87e-02	0.00000e+00
  1.32e-01	  4.92e-02	0.00000e+00
  1.32e-01	  4.97e-02	0.00000e+00

  1.33e-01	  2.60e-04	0.00000e+00
  1.33e-01	  7.81e-04	0.00000e+00
  1.33e-01	  1.30e-03	0.00000e+00
  1.33e-01	  1.82e-03	0.00000e+00
  1.33e-01	  2.34e-03	0.00000e+00
  1.33e-01	  2.86e-03	0.00000e+00
  1.33e-01	  3.39e-03	0.00000e+00
  1.33e-01	  3.91e-03	0.00000e+00
  1.33e-01	  4.43e-03	0.00000e+00
  1.33e-01	  4.95e-03	3.94149e-296
  1.33e-01	  5.47e-03	2.62993e-263
  1.33e-01	  5.99e-03	1.75480e-230
  1.33e-01	  6.51e-03	1.17087e-197
  1.33e-01	  7.03e-03	7.81252e-165
  1.33e-01	  7.55e-03	5.21279e-132
  1.33e-01	  8.07e-03	3.47815e-99
  1.33e-01	  8.59e-03	2.32074e-66
  1.33e-01	  9.11e-03	1.54846e-33
  1.33e-01	  9.64e-03	3.45907e-01
  1.33e-01	  1.02e-02	4.17163e-01
  1.33e-01	  1.07e-02	4.46636e-01
  1.33e-01	  1.12e-02	4.64006e-01
  1.33e-01	  1.17e-02	4.75611e-01
  1.33e-01	  1.22e-02	4.84039e-01
  1.33e-01	  1.28e-02	4.90514e-01
  1.33e-01	  1.33e-02	4.95685e-01
  1.33e-01	  1.38e-02	4.99928e-01
  1.33e-01	  1.43e-02	5.03479e-01
  1.33e-01	  1.48e-02	5.06491e-01
  1.33e-01	  1.54e-02	5.09072e-01
  1.33e-01	  1.59e-02	5.11297e-01
  1.33e-01	  1.64e-02	5.13224e-01
  1.33e-01	  1.69e-02	5.14898e-01
  1.33e-01	  1.74e-02	5.16351e-01
  1.33e-01	  1.80e-02	5.17613e-01
  1.33e-01	  1.85e-02	5.18707e-01
  1.33e-01	  1.90e-02	5.19653e-01
  1.33e-01	  1.95e-02	5.20467e-01
  1.33e-01	  2.01e-02	5.21165e-01
  1.33e-01	  2.06e-02	5.21760e-01
  1.33e-01	  2.11e-02	5.22262e-01
  1.33e-01	  2.16e-02	5.22683e-01
  1.33e-01	  2.21e-02	5.23029e-01
  1.33e-01	  2.27e-02	5.23310e-01
  1.33e-01	  2.32e-02	5.23531e-01
  1.33e-01	  2.37e-02	5.23696e-01
  1.33e-01	  2.42e-02	5.23809e-01
  1.33e-01	  2.47e-02	5.23872e-01
  1.33e-01	  2.53e-02	5.23885e-01
  1.33e-01	  2.58e-02	5.23848e-01
  1.33e-01	  2.63e-02	5.23758e-01
  1.33e-01	  2.68e-02	5.23611e-01
  1.33e-01	  2.73e-02	5.23404e-01
  1.33e-01	  2.79e-02	5.23129e-01
  1.33e-01	  2.84e-02	5.22779e-01
  1.33e-01	  2.89e-02	5.22345e-01
  1.33e-01	  2.94e-02	5.21817e-01
  1.33e-01	  2.99e-02	5.21183e-01
  1.33e-01	  3.05e-02	5.20430e-01
  1.33e-01	  3.10e-02	5.19543e-01
  1.33e-01	  3.15e-02	5.18504e-01
  1.33e-01	  3.20e-02	5.17294e-01
  1.33e-01	  3.26e-02	5.15888e-01
  1.33e-01	  3.31e-02	5.14260e-01
  1.33e-01	  3.36e-02	5.12372e-01
  1.33e-01	  3.41e-02	5.10183e-01
  1.33e-01	  3.46e-02	5.07633e-01
  1.33e-01	  3.52e-02	5.04647e-01
  1.33e-01	  3.57e-02	5.01117e-01
  1.33e-01	  3.62e-02	4.96887e-01
  1.33e-01	  3.67e-02	4.91724e-01
  1.33e-01	  3.72e-02	4.85248e-01
  1.33e-01	  3.78e-02	4.76808e-01
  1.33e-01	  3.83e-02	4.65175e-01
  1.33e-01	  3.88e-02	4.47754e-01
  1.33e-01	  3.93e-02	4.18187e-01
  1.33e-01	  3.98e-02	3.46725e-01
  1.33e-01	  4.04e-02	1.55336e-33
  1.33e-01	  4.09e-02	2.32810e-66
  1.33e-01	  4.14e-02	3.48922e-99
  1.33e-01	  4.19e-02	5.22943e-132
  1.33e-01	  4.24e-02	7.83753e-165
  1.33e-01	  4.30e-02	1.17463e-197
  1.33e-01	  4.35e-02	1.76045e-230
  1.33e-01	  4.40e-02	2.63843e-263
  1.33e-01	  4.45e-02	3.95426e-296
  1.33e-01	  4.51e-02	0.00000e+00
  1.33e-01	  4.56e-02	0.00000e+00
  1.33e-01	  4.61e-02	0.00000e+00
  1.33e-01	  4.66e-02	0.00000e+00
  1.33e-01	  4.71e-02	0.00000e+00
  1.33e-01	  4.77e-02	0.00000e+00
  1.33e-01	  4.82e-02	0.00000e+00
  1.33e-01	  4.87e-02	0.00000e+00
  1.33e-01	  4.92e-02	0.00000e+00
  1.33e-01	  4.97e-02	0.00000e+00

  1.34e-01	  2.60e-04	0.00000e+00
  1.34e-01	  7.81e-04	0.00000e+00
  1.34e-01	  1.30e-03	0.00000e+00
  1.34e-01	  1.82e-03	0.00000e+00
  1.34e-01	  2.34e-03	0.00000e+00
  1.34e-01	  2.86e-03	0.00000e+00
  1.34e-01	  3.39e-03	0.00000e+00
  1.34e-01	  3.91e-03	0.00000e+00
  1.34e-01	  4.43e-03	0.00000e+00
  1.34e-01	  4.95e-03	3.91984e-296
  1.34e-01	  5.47e-03	2.61550e-263
  1.34e-01	  5.99e-03	1.74517e-230
  1.34e-01	  6.51e-03	1.16445e-197
  1.34e-01	  7.03e-03	7.76969e-165
  1.34e-01	  7.55e-03	5.18423e-132
  1.34e-01	  8.07e-03	3.45910e-99
  1.34e-01	  8.59e-03	2.30803e-66
  1.34e-01	  9.11e-03	1.53999e-33
  1.34e-01	  9.64e-03	3.44486e-01
  1.34e-01	  1.02e-02	4.16309e-01
  1.34e-01	  1.07e-02	4.46122e-01
  1.34e-01	  1.12e-02	4.63693e-01
  1.34e-01	  1.17e-02	4.75424e-01
  1.34e-01	  1.22e-02	4.83936e-01
  1.34e-01	  1.28e-02	4.90471e-01
  1.34e-01	  1.33e-02	4.95687e-01
  1.34e-01	  1.38e-02	4.99966e-01
  1.34e-01	  1.43e-02	5.03544e-01
  1.34e-01	  1.48e-02	5.06579e-01
  1.34e-01	  1.54e-02	5.09179e-01
  1.34e-01	  1.59e-02	5.11420e-01
  1.34e-01	  1.64e-02	5.13361e-01
  1.34e-01	  1.69e-02	5.15045e-01
  1.34e-01	  1.74e-02	5.16508e-01
  1.34e-01	  1.80e-02	5.17778e-01
  1.34e-01	  1.85e-02	5.18879e-01
  1.34e-01	  1.90e-02	5.19830e-01
  1.34e-01	  1.95e-02	5.20649e-01
  1.34e-01	  2.01e-02	5.21351e-01
  1.34e-01	  2.06e-02	5.21949e-01
  1.34e-01	  2.11e-02	5.22454e-01
  1.34e-01	  2.16e-02	5.22876e-01
  1.34e-01	  2.21e-02	5.23225e-01
  1.34e-01	  2.27e-02	5.23507e-01
  1.34e-01	  2.32e-02	5.23729e-01
  1.34e-01	  2.37e-02	5.23894e-01
  1.34e-01	  2.42e-02	5.24008e-01
  1.34e-01	  2.47e-02	5.24071e-01
  1.34e-01	  2.53e-02	5.24084e-01
  1.34e-01	  2.58e-02	5.24047e-01
  1.34e-01	  2.63e-02	5.23956e-01
  1.34e-01	  2.68e-02	5.23809e-01
  1.34e-01	  2.73e-02	5.23601e-01
  1.34e-01	  2.79e-02	5.23324e-01
  1.34e-01	  2.84e-02	5.22972e-01
  1.34e-01	  2.89e-02	5.22536e-01
  1.34e-01	  2.94e-02	5.22005e-01
  1.34e-01	  2.99e-02	5.21367e-01
  1.34e-01	  3.05e-02	5.20610e-01
  1.34e-01	  3.10e-02	5.19717e-01
  1.34e-01	  3.15e-02	5.18672e-01
  1.34e-01	  3.20e-02	5.17453e-01
  1.34e-01	  3.26e-02	5.16039e-01
  1.34e-01	  3.31e-02	5.14399e-01
  1.34e-01	  3.36e-02	5.12498e-01
  1.34e-01	  3.41e-02	5.10293e-01
  1.34e-01	  3.46e-02	5.07724e-01
  1.34e-01	  3.52e-02	5.04715e-01
  1.34e-01	  3.57e-02	5.01157e-01
  1.34e-01	  3.62e-02	4.96892e-01
  1.34e-01	  3.67e-02	4.91684e-01
  1.34e-01	  3.72e-02	4.85148e-01
  1.34e-01	  3.78e-02	4.76623e-01
  1.34e-01	  3.83e-02	4.64864e-01
  1.34e-01	  3.88e-02	4.47240e-01
  1.34e-01	  3.93e-02	4.17333e-01
  1.34e-01	  3.98e-02	3.45304e-01
  1.34e-01	  4.04e-02	1.54488e-33
  1.34e-01	  4.09e-02	2.31538e-66
  1.34e-01	  4.14e-02	3.47016e-99
  1.34e-01	  4.19e-02	5.20085e-132
  1.34e-01	  4.24e-02	7.79468e-165
  1.34e-01	  4.30e-02	1.16821e-197
  1.34e-01	  4.35e-02	1.75082e-230
  1.34e-01	  4.40e-02	2.62399e-263
  1.34e-01	  4.45e-02	3.93260e-296
  1.34e-01	  4.51e-02	0.00000e+00
  1.34e-01	  4.56e-02	0.00000e+00
  1.34e-01	  4.61e-02	0.00000e+00
  1.34e-01	  4.66e-02	0.00000e+00
  1.34e-01	  4.71e-02	0.00000e+00
  1.34e-01	  4.77e-02	0.00000e+00
  1.34e-01	  4.82e-02	0.00000e+00
  1.34e-01	  4.87e-02	0.00000e+00
  1.34e-01	  4.92e-02	0.00000e+00
  1.34e-01	  4.97e-02	0.00000e+00

  1.34e-01	  2.60e-04	0.00000e+00
  1.34e-01	  7.81e-04	0.00000e+00
  1.34e-01	  1.30e-03	0.00000e+00
  1.34e-01	  1.82e-03	0.00000e+00
  1.34e-01	  2.34e-03	0.00000e+00
  1.34e-01	  2.86e-03	0.00000e+00
  1.34e-01	  3.39e-03	0.00000e+00
  1.34e-01	  3.91e-03	0.00000e+00
  1.34e-01	  4.43e-03	0.00000e+00
  1.34e-01	  4.95e-03	3.89851e-296
  1.34e-01	  5.47e-03	2.60127e-263
  1.34e-01	  5.99e-03	1.73568e-230
  1.34e-01	  6.51e-03	1.15812e-197
  1.34e-01	  7.03e-03	7.72748e-165
  1.34e-01	  7.55e-03	5.15608e-132
  1.34e-01	  8.07e-03	3.44033e-99
  1.34e-01	  8.59e-03	2.29551e-66
  1.34e-01	  9.11e-03	1.53164e-33
  1.34e-01	  9.64e-03	3.43083e-01
  1.34e-01	  1.02e-02	4.15458e-01
  1.34e-01	  1.07e-02	4.45609e-01
  1.34e-01	  1.12e-02	4.63381e-01
  1.34e-01	  1.17e-02	4.75237e-01
  1.34e-01	  1.22e-02	4.83834e-01
  1.34e-01	  1.28e-02	4.90429e-01
  1.34e-01	  1.33e-02	4.95690e-01
  1.34e-01	  1.38e-02	5.00004e-01
  1.34e-01	  1.43e-02	5.03610e-01
  1.34e-01	  1.48e-02	5.06668e-01
  1.34e-01	  1.54e-02	5.09286e-01
  1.34e-01	  1.59e-02	5.11543e-01
  1.34e-01	  1.64e-02	5.13496e-01
  1.34e-01	  1.69e-02	5.15192e-01
  1.34e-01	  1.74e-02	5.16664e-01
  1.34e-01	  1.80e-02	5.17942e-01
  1.34e-01	  1.85e-02	5.19049e-01
  1.34e-01	  1.90e-02	5.20006e-01
  1.34e-01	  1.95e-02	5.20830e-01
  1.34e-01	  2.01e-02	5.21535e-01
  1.34e-01	  2.06e-02	5.22136e-01
  1.34e-01	  2.11e-02	5.22644e-01
  1.34e-01	  2.16e-02	5.23068e-01
  1.34e-01	  2.21e-02	5.23418e-01
  1.34e-01	  2.27e-02	5.23701e-01
  1.34e-01	  2.32e-02	5.23924e-01
  1.34e-01	  2.37e-02	5.24090e-01
  1.34e-01	  2.42e-02	5.24204e-01
  1.34e-01	  2.47e-02	5.24267e-01
  1.34e-01	  2.53e-02	5.24281e-01
  1.34e-01	  2.58e-02	5.24243e-01
  1.34e-01	  2.63e-02	5.24152e-01
  1.34e-01	  2.68e-02	5.24004e-01
  1.34e-01	  2.73e-02	5.23795e-01
  1.34e-01	  2.79e-02	5.23517e-01
  1.34e-01	  2.84e-02	5.23164e-01
  1.34e-01	  2.89e-02	5.22725e-01
  1.34e-01	  2.94e-02	5.22191e-01
  1.34e-01	  2.99e-02	5.21550e-01
  1.34e-01	  3.05e-02	5.20788e-01
  1.34e-01	  3.10e-02	5.19890e-01
  1.34e-01	  3.15e-02	5.18838e-01
  1.34e-01	  3.20e-02	5.17612e-01
  1.34e-01	  3.26e-02	5.16189e-01
  1.34e-01	  3.31e-02	5.14538e-01
  1.34e-01	  3.36e-02	5.12624e-01
  1.34e-01	  3.41e-02	5.10403e-01
  1.34e-01	  3.46e-02	5.07816e-01
  1.34e-01	  3.52e-02	5.04784e-01
  1.34e-01	  3.57e-02	5.01198e-01
  1.34e-01	  3.62e-02	4.96898e-01
  1.34e-01	  3.67e-02	4.91644e-01
  1.34e-01	  3.72e-02	4.85048e-01
  1.34e-01	  3.78e-02	4.76438e-01
  1.34e-01	  3.83e-02	4.64553e-01
  1.34e-01	  3.88e-02	4.46728e-01
  1.34e-01	  3.93e-02	4.16483e-01
  1.34e-01	  3.98e-02	3.43902e-01
  1.34e-01	  4.04e-02	1.53653e-33
  1.34e-01	  4.09e-02	2.30285e-66
  1.34e-01	  4.14e-02	3.45137e-99
  1.34e-01	  4.19e-02	5.17268e-132
  1.34e-01	  4.24e-02	7.75244e-165
  1.34e-01	  4.30e-02	1.16188e-197
  1.34e-01	  4.35e-02	1.74132e-230
  1.34e-01	  4.40e-02	2.60975e-263
  1.34e-01	  4.45e-02	3.91126e-296
  1.34e-01	  4.51e-02	0.00000e+00
  1.34e-01	  4.56e-02	0.00000e+00
  1.34e-01	  4.61e-02	0.00000e+00
  1.34e-01	  4.66e-02	0.00000e+00
  1.34e-01	  4.71e-02	0.00000e+00
  1.34e-01	  4.77e-02	0.00000e+00
  1.34e-01	  4.82e-02	0.00000e+00
  1.34e-01	  4.87e-02	0.00000e+00
  1.34e-01	  4.92e-02	0.00000e+00
  1.34e-01	  4.97e-02	0.00000e+00

  1.35e-01	  2.60e-04	0.00000e+00
  1.35e-01	  7.81e-04	0.00000e+00
  1.35e-01	  1.30e-03	0.00000e+00
  1.35e-01	  1.82e-03	0.00000e+00
  1.35e-01	  2.34e-03	0.00000e+00
  1.35e-01	  2.86e-03	0.00000e+00
  1.35e-01	  3.39e-03	0.00000e+00
  1.35e-01	  3.91e-03	0.00000e+00
  1.35e-01	  4.43e-03	0.00000e+00
  1.35e-01	  4.95e-03	3.87749e-296
  1.35e-01	  5.47e-03	2.58725e-263
  1.35e-01	  5.99e-03	1.72633e-230
  1.35e-01	  6.51e-03	1.15189e-197
  1.35e-01	  7.03e-03	7.68589e-165
  1.35e-01	  7.55e-03	5.12834e-132
  1.35e-01	  8.07e-03	3.42183e-99
  1.35e-01	  8.59e-03	2.28317e-66
  1.35e-01	  9.11e-03	1.52341e-33
  1.35e-01	  9.64e-03	3.41699e-01
  1.35e-01	  1.02e-02	4.14612e-01
  1.35e-01	  1.07e-02	4.45097e-01
  1.35e-01	  1.12e-02	4.63069e-01
  1.35e-01	  1.17e-02	4.75052e-01
  1.35e-01	  1.22e-02	4.83733e-01
  1.35e-01	  1.28e-02	4.90388e-01
  1.35e-01	  1.33e-02	4.95694e-01
  1.35e-01	  1.38e-02	5.00043e-01
  1.35e-01	  1.43e-02	5.03677e-01
  1.35e-01	  1.48e-02	5.06757e-01
  1.35e-01	  1.54e-02	5.09394e-01
  1.35e-01	  1.59e-02	5.11666e-01
  1.35e-01	  1.64e-02	5.13632e-01
  1.35e-01	  1.69e-02	5.15338e-01
  1.35e-01	  1.74e-02	5.16820e-01
  1.35e-01	  1.80e-02	5.18105e-01
  1.35e-01	  1.85e-02	5.19219e-01
  1.35e-01	  1.90e-02	5.20181e-01
  1.35e-01	  1.95e-02	5.21009e-01
  1.35e-01	  2.01e-02	5.21718e-01
  1.35e-01	  2.06e-02	5.22321e-01
  1.35e-01	  2.11e-02	5.22831e-01
  1.35e-01	  2.16e-02	5.23257e-01
  1.35e-01	  2.21e-02	5.23608e-01
  1.35e-01	  2.27e-02	5.23893e-01
  1.35e-01	  2.32e-02	5.24116e-01
  1.35e-01	  2.37e-02	5.24283e-01
  1.35e-01	  2.42e-02	5.24397e-01
  1.35e-01	  2.47e-02	5.24461e-01
  1.35e-01	  2.53e-02	5.24474e-01
  1.35e-01	  2.58e-02	5.24436e-01
  1.35e-01	  2.63e-02	5.24345e-01
  1.35e-01	  2.68e-02	5.24197e-01
  1.35e-01	  2.73e-02	5.23987e-01
  1.35e-01	  2.79e-02	5.23708e-01
  1.35e-01	  2.84e-02	5.23353e-01
  1.35e-01	  2.89e-02	5.22912e-01
  1.35e-01	  2.94e-02	5.22376e-01
  1.35e-01	  2.99e-02	5.21731e-01
  1.35e-01	  3.05e-02	5.20965e-01
  1.35e-01	  3.10e-02	5.20062e-01
  1.35e-01	  3.15e-02	5.19004e-01
  1.35e-01	  3.20e-02	5.17771e-01
  1.35e-01	  3.26e-02	5.16338e-01
  1.35e-01	  3.31e-02	5.14676e-01
  1.35e-01	  3.36e-02	5.12750e-01
  1.35e-01	  3.41e-02	5.10514e-01
  1.35e-01	  3.46e-02	5.07908e-01
  1.35e-01	  3.52e-02	5.04854e-01
  1.35e-01	  3.57e-02	5.01240e-01
  1.35e-01	  3.62e-02	4.96905e-01
  1.35e-01	  3.67e-02	4.91606e-01
  1.35e-01	  3.72e-02	4.84949e-01
  1.35e-01	  3.78e-02	4.76255e-01
  1.35e-01	  3.83e-02	4.64243e-01
  1.35e-01	  3.88e-02	4.46216e-01
  1.35e-01	  3.93e-02	4.15637e-01
  1.35e-01	  3.98e-02	3.42518e-01
  1.35e-01	  4.04e-02	1.52829e-33
  1.35e-01	  4.09e-02	2.29051e-66
  1.35e-01	  4.14e-02	3.43286e-99
  1.35e-01	  4.19e-02	5.14492e-132
  1.35e-01	  4.24e-02	7.71082e-165
  1.35e-01	  4.30e-02	1.15564e-197
  1.35e-01	  4.35e-02	1.73197e-230
  1.35e-01	  4.40e-02	2.59572e-263
  1.35e-01	  4.45e-02	3.89023e-296
  1.35e-01	  4.51e-02	0.00000e+00
  1.35e-01	  4.56e-02	0.00000e+00
  1.35e-01	  4.61e-02	0.00000e+00
  1.35e-01	  4.66e-02	0.00000e+00
  1.35e-01	  4.71e-02	0.00000e+00
  1.35e-01	  4.77e-02	0.00000e+00
  1.35e-01	  4.82e-02	0.00000e+00
  1.35e-01	  4.87e-02	0.00000e+00
  1.35e-01	  4.92e-02	0.00000e+00
  1.35e-01	  4.97e-02	0.00000e+00

  1.36e-01	  2.60e-04	0.00000e+00
  1.36e-01	  7.81e-04	0.00000e+00
  1.36e-01	  1.30e-03	0.00000e+00
  1.36e-01	  1.82e-03	0.00000e+00
  1.36e-01	  2.34e-03	0.00000e+00
  1.36e-01	  2.86e-03	0.00000e+00
  1.36e-01	  3.39e-03	0.00000e+00
  1.36e-01	  3.91e-03	0.00000e+00
  1.36e-01	  4.43e-03	0.00000e+00
  1.36e-01	  4.95e-03	3.85680e-296
  1.36e-01	  5.47e-03	2.57345e-263
  1.36e-01	  5.99e-03	1.71713e-230
  1.36e-01	  6.51e-03	1.14575e-197
  1.36e-01	  7.03e-03	7.64494e-165
  1.36e-01	  7.55e-03	5.10103e-132
  1.36e-01	  8.07e-03	3.40361e-99
  1.36e-01	  8.59e-03	2.27102e-66
  1.36e-01	  9.11e-03	1.51531e-33
  1.36e-01	  9.64e-03	3.40334e-01
  1.36e-01	  1.02e-02	4.13771e-01
  1.36e-01	  1.07e-02	4.44586e-01
  1.36e-01	  1.12e-02	4.62759e-01
  1.36e-01	  1.17e-02	4.74868e-01
  1.36e-01	  1.22e-02	4.83634e-01
  1.36e-01	  1.28e-02	4.90349e-01
  1.36e-01	  1.33e-02	4.95700e-01
  1.36e-01	  1.38e-02	5.00083e-01
  1.36e-01	  1.43e-02	5.03744e-01
  1.36e-01	  1.48e-02	5.06847e-01
  1.36e-01	  1.54e-02	5.09501e-01
  1.36e-01	  1.59e-02	5.11789e-01
  1.36e-01	  1.64e-02	5.13768e-01
  1.36e-01	  1.69e-02	5.15484e-01
  1.36e-01	  1.74e-02	5.16974e-01
  1.36e-01	  1.80e-02	5.18267e-01
  1.36e-01	  1.85e-02	5.19386e-01
  1.36e-01	  1.90e-02	5.20353e-01
  1.36e-01	  1.95e-02	5.21185e-01
  1.36e-01	  2.01e-02	5.21898e-01
  1.36e-01	  2.06e-02	5.22504e-01
  1.36e-01	  2.11e-02	5.23016e-01
  1.36e-01	  2.16e-02	5.23443e-01
  1.36e-01	  2.21e-02	5.23796e-01
  1.36e-01	  2.27e-02	5.24081e-01
  1.36e-01	  2.32e-02	5.24305e-01
  1.36e-01	  2.37e-02	5.24473e-01
  1.36e-01	  2.42e-02	5.24587e-01
  1.36e-01	  2.47e-02	5.24651e-01
  1.36e-01	  2.53e-02	5.24664e-01
  1.36e-01	  2.58e-02	5.24626e-01
  1.36e-01	  2.63e-02	5.24535e-01
  1.36e-01	  2.68e-02	5.24386e-01
  1.36e-01	  2.73e-02	5.24175e-01
  1.36e-01	  2.79e-02	5.23895e-01
  1.36e-01	  2.84e-02	5.23539e-01
  1.36e-01	  2.89e-02	5.23097e-01
  1.36e-01	  2.94e-02	5.22558e-01
  1.36e-01	  2.99e-02	5.21910e-01
  1.36e-01	  3.05e-02	5.21140e-01
  1.36e-01	  3.10e-02	5.20232e-01
  1.36e-01	  3.15e-02	5.19168e-01
  1.36e-01	  3.20e-02	5.17928e-01
  1.36e-01	  3.26e-02	5.16487e-01
  1.36e-01	  3.31e-02	5.14815e-01
  1.36e-01	  3.36e-02	5.12876e-01
  1.36e-01	  3.41e-02	5.10625e-01
  1.36e-01	  3.46e-02	5.08001e-01
  1.36e-01	  3.52e-02	5.04924e-01
  1.36e-01	  3.57e-02	5.01282e-01
  1.36e-01	  3.62e-02	4.96913e-01
  1.36e-01	  3.67e-02	4.91569e-01
  1.36e-01	  3.72e-02	4.84852e-01
  1.36e-01	  3.78e-02	4.76073e-01
  1.36e-01	  3.83e-02	4.63934e-01
  1.36e-01	  3.88e-02	4.45706e-01
  1.36e-01	  3.93e-02	4.14796e-01
  1.36e-01	  3.98e-02	3.41153e-01
  1.36e-01	  4.04e-02	1.52018e-33
  1.36e-01	  4.09e-02	2.27835e-66
  1.36e-01	  4.14e-02	3.41463e-99
  1.36e-01	  4.19e-02	5.11759e-132
  1.36e-01	  4.24e-02	7.66985e-165
  1.36e-01	  4.30e-02	1.14949e-197
  1.36e-01	  4.35e-02	1.72276e-230
  1.36e-01	  4.40e-02	2.58191e-263
  1.36e-01	  4.45e-02	3.86952e-296
  1.36e-01	  4.51e-02	0.00000e+00
  1.36e-01	  4.56e-02	0.00000e+00
  1.36e-01	  4.61e-02	0.00000e+00
  1.36e-01	  4.66e-02	0.00000e+00
  1.36e-01	  4.71e-02	0.00000e+00
  1.36e-01	  4.77e-02	0.00000e+00
  1.36e-01	  4.82e-02	0.00000e+00
  1.36e-01	  4.87e-02	0.00000e+00
  1.36e-01	  4.92e-02	0.00000e+00
  1.36e-01	  4.97e-02	0.00000e+00

  1.37e-01	  2.60e-04	0.00000e+00
  1.37e-01	  7.81e-04	0.00000e+00
  1.37e-01	  1.30e-03	0.00000e+00
  1.37e-01	  1.82e-03	0.00000e+00
  1.37e-01	  2.34e-03	0.00000e+00
  1.37e-01	  2.86e-03	0.00000e+00
  1.37e-01	  3.39e-03	0.00000e+00
  1.37e-01	  3.91e-03	0.00000e+00
  1.37e-01	  4.43e-03	0.00000e+00
  1.37e-01	  4.95e-03	3.83645e-296
  1.37e-01	  5.47e-03	2.55987e-263
  1.37e-01	  5.99e-03	1.70807e-230
  1.37e-01	  6.51e-03	1.13971e-197
  1.37e-01	  7.03e-03	7.60465e-165
  1.37e-01	  7.55e-03	5.07415e-132
  1.37e-01	  8.07e-03	3.38569e-99
  1.37e-01	  8.59e-03	2.25906e-66
  1.37e-01	  9.11e-03	1.50733e-33
  1.37e-01	  9.64e-03	3.38989e-01
  1.37e-01	  1.02e-02	4.12936e-01
  1.37e-01	  1.07e-02	4.44078e-01
  1.37e-01	  1.12e-02	4.62451e-01
  1.37e-01	  1.17e-02	4.74686e-01
  1.37e-01	  1.22e-02	4.83536e-01
  1.37e-01	  1.28e-02	4.90311e-01
  1.37e-01	  1.33e-02	4.95707e-01
  1.37e-01	  1.38e-02	5.00124e-01
  1.37e-01	  1.43e-02	5.03813e-01
  1.37e-01	  1.48e-02	5.06937e-01
  1.37e-01	  1.54e-02	5.09610e-01
  1.37e-01	  1.59e-02	5.11912e-01
  1.37e-01	  1.64e-02	5.13903e-01
  1.37e-01	  1.69e-02	5.15630e-01
  1.37e-01	  1.74e-02	5.17128e-01
  1.37e-01	  1.80e-02	5.18427e-01
  1.37e-01	  1.85e-02	5.19553e-01
  1.37e-01	  1.90e-02	5.20524e-01
  1.37e-01	  1.95e-02	5.21360e-01
  1.37e-01	  2.01e-02	5.22075e-01
  1.37e-01	  2.06e-02	5.22684e-01
  1.37e-01	  2.11e-02	5.23197e-01
  1.37e-01	  2.16e-02	5.23626e-01
  1.37e-01	  2.21e-02	5.23980e-01
  1.37e-01	  2.27e-02	5.24266e-01
  1.37e-01	  2.32e-02	5.24491e-01
  1.37e-01	  2.37e-02	5.24659e-01
  1.37e-01	  2.42e-02	5.24774e-01
  1.37e-01	  2.47e-02	5.24837e-01
  1.37e-01	  2.53e-02	5.24851e-01
  1.37e-01	  2.58e-02	5.24813e-01
  1.37e-01	  2.63e-02	5.24721e-01
  1.37e-01	  2.68e-02	5.24572e-01
  1.37e-01	  2.73e-02	5.24361e-01
  1.37e-01	  2.79e-02	5.24080e-01
  1.37e-01	  2.84e-02	5.23722e-01
  1.37e-01	  2.89e-02	5.23278e-01
  1.37e-01	  2.94e-02	5.22737e-01
  1.37e-01	  2.99e-02	5.22087e-01
  1.37e-01	  3.05e-02	5.21313e-01
  1.37e-01	  3.10e-02	5.20401e-01
  1.37e-01	  3.15e-02	5.19332e-01
  1.37e-01	  3.20e-02	5.18085e-01
  1.37e-01	  3.26e-02	5.16635e-01
  1.37e-01	  3.31e-02	5.14953e-01
  1.37e-01	  3.36e-02	5.13002e-01
  1.37e-01	  3.41e-02	5.10736e-01
  1.37e-01	  3.46e-02	5.08094e-01
  1.37e-01	  3.52e-02	5.04995e-01
  1.37e-01	  3.57e-02	5.01327e-01
  1.37e-01	  3.62e-02	4.96923e-01
  1.37e-01	  3.67e-02	4.91534e-01
  1.37e-01	  3.72e-02	4.84757e-01
  1.37e-01	  3.78e-02	4.75892e-01
  1.37e-01	  3.83e-02	4.63627e-01
  1.37e-01	  3.88e-02	4.45199e-01
  1.37e-01	  3.93e-02	4.13960e-01
  1.37e-01	  3.98e-02	3.39808e-01
  1.37e-01	  4.04e-02	1.51220e-33
  1.37e-01	  4.09e-02	2.26639e-66
  1.37e-01	  4.14e-02	3.39669e-99
  1.37e-01	  4.19e-02	5.09070e-132
  1.37e-01	  4.24e-02	7.62953e-165
  1.37e-01	  4.30e-02	1.14345e-197
  1.37e-01	  4.35e-02	1.71370e-230
  1.37e-01	  4.40e-02	2.56833e-263
  1.37e-01	  4.45e-02	3.84915e-296
  1.37e-01	  4.51e-02	0.00000e+00
  1.37e-01	  4.56e-02	0.00000e+00
  1.37e-01	  4.61e-02	0.00000e+00
  1.37e-01	  4.66e-02	0.00000e+00
  1.37e-01	  4.71e-02	0.00000e+00
  1.37e-01	  4.77e-02	0.00000e+00
  1.37e-01	  4.82e-02	0.00000e+00
  1.37e-01	  4.87e-02	0.00000e+00
  1.37e-01	  4.92e-02	0.00000e+00
  1.37e-01	  4.97e-02	0.00000e+00

  1.37e-01	  2.60e-04	0.00000e+00
  1.37e-01	  7.81e-04	0.00000e+00
  1.37e-01	  1.30e-03	0.00000e+00
  1.37e-01	  1.82e-03	0.00000e+00
  1.37e-01	  2.34e-03	0.00000e+00
  1.37e-01	  2.86e-03	0.00000e+00
  1.37e-01	  3.39e-03	0.00000e+00
  1.37e-01	  3.91e-03	0.00000e+00
  1.37e-01	  4.43e-03	0.00000e+00
  1.37e-01	  4.95e-03	3.81644e-296
  1.37e-01	  5.47e-03	2.54653e-263
  1.37e-01	  5.99e-03	1.69917e-230
  1.37e-01	  6.51e-03	1.13377e-197
  1.37e-01	  7.03e-03	7.56505e-165
  1.37e-01	  7.55e-03	5.04774e-132
  1.37e-01	  8.07e-03	3.36807e-99
  1.37e-01	  8.59e-03	2.24731e-66
  1.37e-01	  9.11e-03	1.49949e-33
  1.37e-01	  9.64e-03	3.37664e-01
  1.37e-01	  1.02e-02	4.12107e-01
  1.37e-01	  1.07e-02	4.43572e-01
  1.37e-01	  1.12e-02	4.62145e-01
  1.37e-01	  1.17e-02	4.74506e-01
  1.37e-01	  1.22e-02	4.83441e-01
  1.37e-01	  1.28e-02	4.90276e-01
  1.37e-01	  1.33e-02	4.95716e-01
  1.37e-01	  1.38e-02	5.00167e-01
  1.37e-01	  1.43e-02	5.03883e-01
  1.37e-01	  1.48e-02	5.07028e-01
  1.37e-01	  1.54e-02	5.09719e-01
  1.37e-01	  1.59e-02	5.12035e-01
  1.37e-01	  1.64e-02	5.14038e-01
  1.37e-01	  1.69e-02	5.15774e-01
  1.37e-01	  1.74e-02	5.17280e-01
  1.37e-01	  1.80e-02	5.18587e-01
  1.37e-01	  1.85e-02	5.19717e-01
  1.37e-01	  1.90e-02	5.20693e-01
  1.37e-01	  1.95e-02	5.21532e-01
  1.37e-01	  2.01e-02	5.22250e-01
  1.37e-01	  2.06e-02	5.22860e-01
  1.37e-01	  2.11e-02	5.23376e-01
  1.37e-01	  2.16e-02	5.23806e-01
  1.37e-01	  2.21e-02	5.24161e-01
  1.37e-01	  2.27e-02	5.24447e-01
  1.37e-01	  2.32e-02	5.24672e-01
  1.37e-01	  2.37e-02	5.24841e-01
  1.37e-01	  2.42e-02	5.24956e-01
  1.37e-01	  2.47e-02	5.25020e-01
  1.37e-01	  2.53e-02	5.25033e-01
  1.37e-01	  2.58e-02	5.24995e-01
  1.37e-01	  2.63e-02	5.24903e-01
  1.37e-01	  2.68e-02	5.24754e-01
  1.37e-01	  2.73e-02	5.24542e-01
  1.37e-01	  2.79e-02	5.24261e-01
  1.37e-01	  2.84e-02	5.23902e-01
  1.37e-01	  2.89e-02	5.23457e-01
  1.37e-01	  2.94e-02	5.22914e-01
  1.37e-01	  2.99e-02	5.22261e-01
  1.37e-01	  3.05e-02	5.21484e-01
  1.37e-01	  3.10e-02	5.20568e-01
  1.37e-01	  3.15e-02	5.19493e-01
  1.37e-01	  3.20e-02	5.18240e-01
  1.37e-01	  3.26e-02	5.16782e-01
  1.37e-01	  3.31e-02	5.15091e-01
  1.37e-01	  3.36e-02	5.13128e-01
  1.37e-01	  3.41e-02	5.10848e-01
  1.37e-01	  3.46e-02	5.08188e-01
  1.37e-01	  3.52e-02	5.05068e-01
  1.37e-01	  3.57e-02	5.01372e-01
  1.37e-01	  3.62e-02	4.96935e-01
  1.37e-01	  3.67e-02	4.91501e-01
  1.37e-01	  3.72e-02	4.84664e-01
  1.37e-01	  3.78e-02	4.75715e-01
  1.37e-01	  3.83e-02	4.63322e-01
  1.37e-01	  3.88e-02	4.44694e-01
  1.37e-01	  3.93e-02	4.13131e-01
  1.37e-01	  3.98e-02	3.38484e-01
  1.37e-01	  4.04e-02	1.50436e-33
  1.37e-01	  4.09e-02	2.25462e-66
  1.37e-01	  4.14e-02	3.37906e-99
  1.37e-01	  4.19e-02	5.06427e-132
  1.37e-01	  4.24e-02	7.58990e-165
  1.37e-01	  4.30e-02	1.13751e-197
  1.37e-01	  4.35e-02	1.70479e-230
  1.37e-01	  4.40e-02	2.55497e-263
  1.37e-01	  4.45e-02	3.82913e-296
  1.37e-01	  4.51e-02	0.00000e+00
  1.37e-01	  4.56e-02	0.00000e+00
  1.37e-01	  4.61e-02	0.00000e+00
  1.37e-01	  4.66e-02	0.00000e+00
  1.37e-01	  4.71e-02	0.00000e+00
  1.37e-01	  4.77e-02	0.00000e+00
  1.37e-01	  4.82e-02	0.00000e+00
  1.37e-01	  4.87e-02	0.00000e+00
  1.37e-01	  4.92e-02	0.00000e+00
  1.37e-01	  4.97e-02	0.00000e+00

  1.38e-01	  2.60e-04	0.00000e+00
  1.38e-01	  7.81e-04	0.00000e+00
  1.38e-01	  1.30e-03	0.00000e+00
  1.38e-01	  1.82e-03	0.00000e+00
  1.38e-01	  2.34e-03	0.00000e+00
  1.38e-01	  2.86e-03	0.00000e+00
  1.38e-01	  3.39e-03	0.00000e+00
  1.38e-01	  3.91e-03	0.00000e+00
  1.38e-01	  4.43e-03	0.00000e+00
  1.38e-01	  4.95e-03	3.79680e-296
  1.38e-01	  5.47e-03	2.53343e-263
  1.38e-01	  5.99e-03	1.69043e-230
  1.38e-01	  6.51e-03	1.12794e-197
  1.38e-01	  7.03e-03	7.52616e-165
  1.38e-01	  7.55e-03	5.02180e-132
  1.38e-01	  8.07e-03	3.35076e-99
  1.38e-01	  8.59e-03	2.23577e-66
  1.38e-01	  9.11e-03	1.49179e-33
  1.38e-01	  9.64e-03	3.36361e-01
  1.38e-01	  1.02e-02	4.11286e-01
  1.38e-01	  1.07e-02	4.43071e-01
  1.38e-01	  1.12e-02	4.61842e-01
  1.38e-01	  1.17e-02	4.74329e-01
  1.38e-01	  1.22e-02	4.83348e-01
  1.38e-01	  1.28e-02	4.90243e-01
  1.38e-01	  1.33e-02	4.95727e-01
  1.38e-01	  1.38e-02	5.00212e-01
  1.38e-01	  1.43e-02	5.03954e-01
  1.38e-01	  1.48e-02	5.07121e-01
  1.38e-01	  1.54e-02	5.09828e-01
  1.38e-01	  1.59e-02	5.12158e-01
  1.38e-01	  1.64e-02	5.14172e-01
  1.38e-01	  1.69e-02	5.15918e-01
  1.38e-01	  1.74e-02	5.17432e-01
  1.38e-01	  1.80e-02	5.18744e-01
  1.38e-01	  1.85e-02	5.19879e-01
  1.38e-01	  1.90e-02	5.20859e-01
  1.38e-01	  1.95e-02	5.21701e-01
  1.38e-01	  2.01e-02	5.22421e-01
  1.38e-01	  2.06e-02	5.23034e-01
  1.38e-01	  2.11e-02	5.23550e-01
  1.38e-01	  2.16e-02	5.23982e-01
  1.38e-01	  2.21e-02	5.24337e-01
  1.38e-01	  2.27e-02	5.24624e-01
  1.38e-01	  2.32e-02	5.24849e-01
  1.38e-01	  2.37e-02	5.25018e-01
  1.38e-01	  2.42e-02	5.25133e-01
  1.38e-01	  2.47e-02	5.25197e-01
  1.38e-01	  2.53e-02	5.25211e-01
  1.38e-01	  2.58e-02	5.25173e-01
  1.38e-01	  2.63e-02	5.25081e-01
  1.38e-01	  2.68e-02	5.24932e-01
  1.38e-01	  2.73e-02	5.24720e-01
  1.38e-01	  2.79e-02	5.24438e-01
  1.38e-01	  2.84e-02	5.24078e-01
  1.38e-01	  2.89e-02	5.23632e-01
  1.38e-01	  2.94e-02	5.23087e-01
  1.38e-01	  2.99e-02	5.22432e-01
  1.38e-01	  3.05e-02	5.21652e-01
  1.38e-01	  3.10e-02	5.20732e-01
  1.38e-01	  3.15e-02	5.19653e-01
  1.38e-01	  3.20e-02	5.18394e-01
  1.38e-01	  3.26e-02	5.16929e-01
  1.38e-01	  3.31e-02	5.15228e-01
  1.38e-01	  3.36e-02	5.13254e-01
  1.38e-01	  3.41e-02	5.10960e-01
  1.38e-01	  3.46e-02	5.08284e-01
  1.38e-01	  3.52e-02	5.05142e-01
  1.38e-01	  3.57e-02	5.01420e-01
  1.38e-01	  3.62e-02	4.96948e-01
  1.38e-01	  3.67e-02	4.91471e-01
  1.38e-01	  3.72e-02	4.84573e-01
  1.38e-01	  3.78e-02	4.75540e-01
  1.38e-01	  3.83e-02	4.63021e-01
  1.38e-01	  3.88e-02	4.44193e-01
  1.38e-01	  3.93e-02	4.12310e-01
  1.38e-01	  3.98e-02	3.37181e-01
  1.38e-01	  4.04e-02	1.49665e-33
  1.38e-01	  4.09e-02	2.24307e-66
  1.38e-01	  4.14e-02	3.36174e-99
  1.38e-01	  4.19e-02	5.03830e-132
  1.38e-01	  4.24e-02	7.55097e-165
  1.38e-01	  4.30e-02	1.13167e-197
  1.38e-01	  4.35e-02	1.69604e-230
  1.38e-01	  4.40e-02	2.54186e-263
  1.38e-01	  4.45e-02	3.80947e-296
  1.38e-01	  4.51e-02	0.00000e+00
  1.38e-01	  4.56e-02	0.00000e+00
  1.38e-01	  4.61e-02	0.00000e+00
  1.38e-01	  4.66e-02	0.00000e+00
  1.38e-01	  4.71e-02	0.00000e+00
  1.38e-01	  4.77e-02	0.00000e+00
  1.38e-01	  4.82e-02	0.00000e+00
  1.38e-01	  4.87e-02	0.00000e+00
  1.38e-01	  4.92e-02	0.00000e+00
  1.38e-01	  4.97e-02	0.00000e+00

  1.39e-01	  2.60e-04	0.00000e+00
  1.39e-01	  7.81e-04	0.00000e+00
  1.39e-01	  1.30e-03	0.00000e+00
  1.39e-01	  1.82e-03	0.00000e+00
  1.39e-01	  2.34e-03	0.00000e+00
  1.39e-01	  2.86e-03	0.00000e+00
  1.39e-01	  3.39e-03	0.00000e+00
  1.39e-01	  3.91e-03	0.00000e+00
  1.39e-01	  4.43e-03	0.00000e+00
  1.39e-01	  4.95e-03	3.77754e-296
  1.39e-01	  5.47e-03	2.52058e-263
  1.39e-01	  5.99e-03	1.68186e-230
  1.39e-01	  6.51e-03	1.12222e-197
  1.39e-01	  7.03e-03	7.48801e-165
  1.39e-01	  7.55e-03	4.99635e-132
  1.39e-01	  8.07e-03	3.33379e-99
  1.39e-01	  8.59e-03	2.22445e-66
  1.39e-01	  9.11e-03	1.48424e-33
  1.39e-01	  9.64e-03	3.35081e-01
  1.39e-01	  1.02e-02	4.10474e-01
  1.39e-01	  1.07e-02	4.42576e-01
  1.39e-01	  1.12e-02	4.61544e-01
  1.39e-01	  1.17e-02	4.74157e-01
  1.39e-01	  1.22e-02	4.83260e-01
  1.39e-01	  1.28e-02	4.90214e-01
  1.39e-01	  1.33e-02	4.95741e-01
  1.39e-01	  1.38e-02	5.00259e-01
  1.39e-01	  1.43e-02	5.04027e-01
  1.39e-01	  1.48e-02	5.07214e-01
  1.39e-01	  1.54e-02	5.09938e-01
  1.39e-01	  1.59e-02	5.12281e-01
  1.39e-01	  1.64e-02	5.14306e-01
  1.39e-01	  1.69e-02	5.16060e-01
  1.39e-01	  1.74e-02	5.17581e-01
  1.39e-01	  1.80e-02	5.18899e-01
  1.39e-01	  1.85e-02	5.20039e-01
  1.39e-01	  1.90e-02	5.21022e-01
  1.39e-01	  1.95e-02	5.21867e-01
  1.39e-01	  2.01e-02	5.22589e-01
  1.39e-01	  2.06e-02	5.23203e-01
  1.39e-01	  2.11e-02	5.23720e-01
  1.39e-01	  2.16e-02	5.24152e-01
  1.39e-01	  2.21e-02	5.24508e-01
  1.39e-01	  2.27e-02	5.24796e-01
  1.39e-01	  2.32e-02	5.25021e-01
  1.39e-01	  2.37e-02	5.25190e-01
  1.39e-01	  2.42e-02	5.25305e-01
  1.39e-01	  2.47e-02	5.25369e-01
  1.39e-01	  2.53e-02	5.25383e-01
  1.39e-01	  2.58e-02	5.25345e-01
  1.39e-01	  2.63e-02	5.25254e-01
  1.39e-01	  2.68e-02	5.25104e-01
  1.39e-01	  2.73e-02	5.24892e-01
  1.39e-01	  2.79e-02	5.24610e-01
  1.39e-01	  2.84e-02	5.24250e-01
  1.39e-01	  2.89e-02	5.23802e-01
  1.39e-01	  2.94e-02	5.23257e-01
  1.39e-01	  2.99e-02	5.22600e-01
  1.39e-01	  3.05e-02	5.21818e-01
  1.39e-01	  3.10e-02	5.20894e-01
  1.39e-01	  3.15e-02	5.19811e-01
  1.39e-01	  3.20e-02	5.18546e-01
  1.39e-01	  3.26e-02	5.17074e-01
  1.39e-01	  3.31e-02	5.15364e-01
  1.39e-01	  3.36e-02	5.13380e-01
  1.39e-01	  3.41e-02	5.11072e-01
  1.39e-01	  3.46e-02	5.08380e-01
  1.39e-01	  3.52e-02	5.05218e-01
  1.39e-01	  3.57e-02	5.01470e-01
  1.39e-01	  3.62e-02	4.96965e-01
  1.39e-01	  3.67e-02	4.91444e-01
  1.39e-01	  3.72e-02	4.84486e-01
  1.39e-01	  3.78e-02	4.75368e-01
  1.39e-01	  3.83e-02	4.62724e-01
  1.39e-01	  3.88e-02	4.43698e-01
  1.39e-01	  3.93e-02	4.11498e-01
  1.39e-01	  3.98e-02	3.35901e-01
  1.39e-01	  4.04e-02	1.48909e-33
  1.39e-01	  4.09e-02	2.23174e-66
  1.39e-01	  4.14e-02	3.34475e-99
  1.39e-01	  4.19e-02	5.01284e-132
  1.39e-01	  4.24e-02	7.51280e-165
  1.39e-01	  4.30e-02	1.12595e-197
  1.39e-01	  4.35e-02	1.68746e-230
  1.39e-01	  4.40e-02	2.52900e-263
  1.39e-01	  4.45e-02	3.79019e-296
  1.39e-01	  4.51e-02	0.00000e+00
  1.39e-01	  4.56e-02	0.00000e+00
  1.39e-01	  4.61e-02	0.00000e+00
  1.39e-01	  4.66e-02	0.00000e+00
  1.39e-01	  4.71e-02	0.00000e+00
  1.39e-01	  4.77e-02	0.00000e+00
  1.39e-01	  4.82e-02	0.00000e+00
  1.39e-01	  4.87e-02	0.00000e+00
  1.39e-01	  4.92e-02	0.00000e+00
  1.39e-01	  4.97e-02	0.00000e+00

  1.40e-01	  2.60e-04	0.00000e+00
  1.40e-01	  7.81e-04	0.00000e+00
  1.40e-01	  1.30e-03	0.00000e+00
  1.40e-01	  1.82e-03	0.00000e+00
  1.40e-01	  2.34e-03	0.00000e+00
  1.40e-01	  2.86e-03	0.00000e+00
  1.40e-01	  3.39e-03	0.00000e+00
  1.40e-01	  3.91e-03	0.00000e+00
  1.40e-01	  4.43e-03	0.00000e+00
  1.40e-01	  4.95e-03	3.75868e-296
  1.40e-01	  5.47e-03	2.50800e-263
  1.40e-01	  5.99e-03	1.67347e-230
  1.40e-01	  6.51e-03	1.11662e-197
  1.40e-01	  7.03e-03	7.45066e-165
  1.40e-01	  7.55e-03	4.97143e-132
  1.40e-01	  8.07e-03	3.31716e-99
  1.40e-01	  8.59e-03	2.21336e-66
  1.40e-01	  9.11e-03	1.47684e-33
  1.40e-01	  9.64e-03	3.33825e-01
  1.40e-01	  1.02e-02	4.09673e-01
  1.40e-01	  1.07e-02	4.42086e-01
  1.40e-01	  1.12e-02	4.61251e-01
  1.40e-01	  1.17e-02	4.73989e-01
  1.40e-01	  1.22e-02	4.83175e-01
  1.40e-01	  1.28e-02	4.90188e-01
  1.40e-01	  1.33e-02	4.95758e-01
  1.40e-01	  1.38e-02	5.00308e-01
  1.40e-01	  1.43e-02	5.04102e-01
  1.40e-01	  1.48e-02	5.07309e-01
  1.40e-01	  1.54e-02	5.10048e-01
  1.40e-01	  1.59e-02	5.12404e-01
  1.40e-01	  1.64e-02	5.14439e-01
  1.40e-01	  1.69e-02	5.16201e-01
  1.40e-01	  1.74e-02	5.17729e-01
  1.40e-01	  1.80e-02	5.19052e-01
  1.40e-01	  1.85e-02	5.20195e-01
  1.40e-01	  1.90e-02	5.21181e-01
  1.40e-01	  1.95e-02	5.22028e-01
  1.40e-01	  2.01e-02	5.22752e-01
  1.40e-01	  2.06e-02	5.23367e-01
  1.40e-01	  2.11e-02	5.23885e-01
  1.40e-01	  2.16e-02	5.24318e-01
  1.40e-01	  2.21e-02	5.24674e-01
  1.40e-01	  2.27e-02	5.24962e-01
  1.40e-01	  2.32e-02	5.25187e-01
  1.40e-01	  2.37e-02	5.25356e-01
  1.40e-01	  2.42e-02	5.25471e-01
  1.40e-01	  2.47e-02	5.25536e-01
  1.40e-01	  2.53e-02	5.25549e-01
  1.40e-01	  2.58e-02	5.25512e-01
  1.40e-01	  2.63e-02	5.25420e-01
  1.40e-01	  2.68e-02	5.25271e-01
  1.40e-01	  2.73e-02	5.25059e-01
  1.40e-01	  2.79e-02	5.24777e-01
  1.40e-01	  2.84e-02	5.24416e-01
  1.40e-01	  2.89e-02	5.23969e-01
  1.40e-01	  2.94e-02	5.23422e-01
  1.40e-01	  2.99e-02	5.22763e-01
  1.40e-01	  3.05e-02	5.21979e-01
  1.40e-01	  3.10e-02	5.21053e-01
  1.40e-01	  3.15e-02	5.19966e-01
  1.40e-01	  3.20e-02	5.18696e-01
  1.40e-01	  3.26e-02	5.17218e-01
  1.40e-01	  3.31e-02	5.15500e-01
  1.40e-01	  3.36e-02	5.13506e-01
  1.40e-01	  3.41e-02	5.11186e-01
  1.40e-01	  3.46e-02	5.08477e-01
  1.40e-01	  3.52e-02	5.05295e-01
  1.40e-01	  3.57e-02	5.01522e-01
  1.40e-01	  3.62e-02	4.96985e-01
  1.40e-01	  3.67e-02	4.91420e-01
  1.40e-01	  3.72e-02	4.84404e-01
  1.40e-01	  3.78e-02	4.75202e-01
  1.40e-01	  3.83e-02	4.62432e-01
  1.40e-01	  3.88e-02	4.43209e-01
  1.40e-01	  3.93e-02	4.10697e-01
  1.40e-01	  3.98e-02	3.34645e-01
  1.40e-01	  4.04e-02	1.48169e-33
  1.40e-01	  4.09e-02	2.22064e-66
  1.40e-01	  4.14e-02	3.32811e-99
  1.40e-01	  4.19e-02	4.98789e-132
  1.40e-01	  4.24e-02	7.47540e-165
  1.40e-01	  4.30e-02	1.12034e-197
  1.40e-01	  4.35e-02	1.67906e-230
  1.40e-01	  4.40e-02	2.51640e-263
  1.40e-01	  4.45e-02	3.77131e-296
  1.40e-01	  4.51e-02	0.00000e+00
  1.40e-01	  4.56e-02	0.00000e+00
  1.40e-01	  4.61e-02	0.00000e+00
  1.40e-01	  4.66e-02	0.00000e+00
  1.40e-01	  4.71e-02	0.00000e+00
  1.40e-01	  4.77e-02	0.00000e+00
  1.40e-01	  4.82e-02	0.00000e+00
  1.40e-01	  4.87e-02	0.00000e+00
  1.40e-01	  4.92e-02	0.00000e+00
  1.40e-01	  4.97e-02	0.00000e+00

  1.41e-01	  2.60e-04	0.00000e+00
  1.41e-01	  7.81e-04	0.00000e+00
  1.41e-01	  1.30e-03	0.00000e+00
  1.41e-01	  1.82e-03	0.00000e+00
  1.41e-01	  2.34e-03	0.00000e+00
  1.41e-01	  2.86e-03	0.00000e+00
  1.41e-01	  3.39e-03	0.00000e+00
  1.41e-01	  3.91e-03	0.00000e+00
  1.41e-01	  4.43e-03	0.00000e+00
  1.41e-01	  4.95e-03	3.74024e-296
  1.41e-01	  5.47e-03	2.49570e-263
  1.41e-01	  5.99e-03	1.66526e-230
  1.41e-01	  6.51e-03	1.11115e-197
  1.41e-01	  7.03e-03	7.41414e-165
  1.41e-01	  7.55e-03	4.94707e-132
  1.41e-01	  8.07e-03	3.30091e-99
  1.41e-01	  8.59e-03	2.20251e-66
  1.41e-01	  9.11e-03	1.46961e-33
  1.41e-01	  9.64e-03	3.32596e-01
  1.41e-01	  1.02e-02	4.08884e-01
  1.41e-01	  1.07e-02	4.41605e-01
  1.41e-01	  1.12e-02	4.60965e-01
  1.41e-01	  1.17e-02	4.73826e-01
  1.41e-01	  1.22e-02	4.83096e-01
  1.41e-01	  1.28e-02	4.90166e-01
  1.41e-01	  1.33e-02	4.95779e-01
  1.41e-01	  1.38e-02	5.00361e-01
  1.41e-01	  1.43e-02	5.04178e-01
  1.41e-01	  1.48e-02	5.07405e-01
  1.41e-01	  1.54e-02	5.10159e-01
  1.41e-01	  1.59e-02	5.12527e-01
  1.41e-01	  1.64e-02	5.14571e-01
  1.41e-01	  1.69e-02	5.16341e-01
  1.41e-01	  1.74e-02	5.17874e-01
  1.41e-01	  1.80e-02	5.19201e-01
  1.41e-01	  1.85e-02	5.20348e-01
  1.41e-01	  1.90e-02	5.21337e-01
  1.41e-01	  1.95e-02	5.22186e-01
  1.41e-01	  2.01e-02	5.22911e-01
  1.41e-01	  2.06e-02	5.23526e-01
  1.41e-01	  2.11e-02	5.24045e-01
  1.41e-01	  2.16e-02	5.24478e-01
  1.41e-01	  2.21e-02	5.24834e-01
  1.41e-01	  2.27e-02	5.25121e-01
  1.41e-01	  2.32e-02	5.25347e-01
  1.41e-01	  2.37e-02	5.25515e-01
  1.41e-01	  2.42e-02	5.25631e-01
  1.41e-01	  2.47e-02	5.25695e-01
  1.41e-01	  2.53e-02	5.25709e-01
  1.41e-01	  2.58e-02	5.25671e-01
  1.41e-01	  2.63e-02	5.25580e-01
  1.41e-01	  2.68e-02	5.25431e-01
  1.41e-01	  2.73e-02	5.25219e-01
  1.41e-01	  2.79e-02	5.24937e-01
  1.41e-01	  2.84e-02	5.24577e-01
  1.41e-01	  2.89e-02	5.24129e-01
  1.41e-01	  2.94e-02	5.23582e-01
  1.41e-01	  2.99e-02	5.22922e-01
  1.41e-01	  3.05e-02	5.22137e-01
  1.41e-01	  3.10e-02	5.21208e-01
  1.41e-01	  3.15e-02	5.20118e-01
  1.41e-01	  3.20e-02	5.18843e-01
  1.41e-01	  3.26e-02	5.17360e-01
  1.41e-01	  3.31e-02	5.15635e-01
  1.41e-01	  3.36e-02	5.13631e-01
  1.41e-01	  3.41e-02	5.11299e-01
  1.41e-01	  3.46e-02	5.08576e-01
  1.41e-01	  3.52e-02	5.05375e-01
  1.41e-01	  3.57e-02	5.01577e-01
  1.41e-01	  3.62e-02	4.97008e-01
  1.41e-01	  3.67e-02	4.91401e-01
  1.41e-01	  3.72e-02	4.84327e-01
  1.41e-01	  3.78e-02	4.75041e-01
  1.41e-01	  3.83e-02	4.62146e-01
  1.41e-01	  3.88e-02	4.42728e-01
  1.41e-01	  3.93e-02	4.09908e-01
  1.41e-01	  3.98e-02	3.33416e-01
  1.41e-01	  4.04e-02	1.47445e-33
  1.41e-01	  4.09e-02	2.20979e-66
  1.41e-01	  4.14e-02	3.31185e-99
  1.41e-01	  4.19e-02	4.96350e-132
  1.41e-01	  4.24e-02	7.43885e-165
  1.41e-01	  4.30e-02	1.11486e-197
  1.41e-01	  4.35e-02	1.67085e-230
  1.41e-01	  4.40e-02	2.50409e-263
  1.41e-01	  4.45e-02	3.75286e-296
  1.41e-01	  4.51e-02	0.00000e+00
  1.41e-01	  4.56e-02	0.00000e+00
  1.41e-01	  4.61e-02	0.00000e+00
  1.41e-01	  4.66e-02	0.00000e+00
  1.41e-01	  4.71e-02	0.00000e+00
  1.41e-01	  4.77e-02	0.00000e+00
  1.41e-01	  4.82e-02	0.00000e+00
  1.41e-01	  4.87e-02	0.00000e+00
  1.41e-01	  4.92e-02	0.00000e+00
  1.41e-01	  4.97e-02	0.00000e+00

  1.41e-01	  2.60e-04	0.00000e+00
  1.41e-01	  7.81e-04	0.00000e+00
  1.41e-01	  1.30e-03	0.00000e+00
  1.41e-01	  1.82e-03	0.00000e+00
  1.41e-01	  2.34e-03	0.00000e+00
  1.41e-01	  2.86e-03	0.00000e+00
  1.41e-01	  3.39e-03	0.00000e+00
  1.41e-01	  3.91e-03	0.00000e+00
  1.41e-01	  4.43e-03	0.00000e+00
  1.41e-01	  4.95e-03	3.72227e-296
  1.41e-01	  5.47e-03	2.48370e-263
  1.41e-01	  5.99e-03	1.65726e-230
  1.41e-01	  6.51e-03	1.10581e-197
  1.41e-01	  7.03e-03	7.37853e-165
  1.41e-01	  7.55e-03	4.92331e-132
  1.41e-01	  8.07e-03	3.28506e-99
  1.41e-01	  8.59e-03	2.19194e-66
  1.41e-01	  9.11e-03	1.46256e-33
  1.41e-01	  9.64e-03	3.31395e-01
  1.41e-01	  1.02e-02	4.08111e-01
  1.41e-01	  1.07e-02	4.41134e-01
  1.41e-01	  1.12e-02	4.60687e-01
  1.41e-01	  1.17e-02	4.73672e-01
  1.41e-01	  1.22e-02	4.83023e-01
  1.41e-01	  1.28e-02	4.90150e-01
  1.41e-01	  1.33e-02	4.95804e-01
  1.41e-01	  1.38e-02	5.00417e-01
  1.41e-01	  1.43e-02	5.04258e-01
  1.41e-01	  1.48e-02	5.07502e-01
  1.41e-01	  1.54e-02	5.10270e-01
  1.41e-01	  1.59e-02	5.12649e-01
  1.41e-01	  1.64e-02	5.14702e-01
  1.41e-01	  1.69e-02	5.16478e-01
  1.41e-01	  1.74e-02	5.18016e-01
  1.41e-01	  1.80e-02	5.19347e-01
  1.41e-01	  1.85e-02	5.20497e-01
  1.41e-01	  1.90e-02	5.21487e-01
  1.41e-01	  1.95e-02	5.22337e-01
  1.41e-01	  2.01e-02	5.23063e-01
  1.41e-01	  2.06e-02	5.23679e-01
  1.41e-01	  2.11e-02	5.24198e-01
  1.41e-01	  2.16e-02	5.24630e-01
  1.41e-01	  2.21e-02	5.24986e-01
  1.41e-01	  2.27e-02	5.25273e-01
  1.41e-01	  2.32e-02	5.25499e-01
  1.41e-01	  2.37e-02	5.25667e-01
  1.41e-01	  2.42e-02	5.25782e-01
  1.41e-01	  2.47e-02	5.25847e-01
  1.41e-01	  2.53e-02	5.25861e-01
  1.41e-01	  2.58e-02	5.25824e-01
  1.41e-01	  2.63e-02	5.25733e-01
  1.41e-01	  2.68e-02	5.25585e-01
  1.41e-01	  2.73e-02	5.25373e-01
  1.41e-01	  2.79e-02	5.25091e-01
  1.41e-01	  2.84e-02	5.24732e-01
  1.41e-01	  2.89e-02	5.24284e-01
  1.41e-01	  2.94e-02	5.23736e-01
  1.41e-01	  2.99e-02	5.23076e-01
  1.41e-01	  3.05e-02	5.22289e-01
  1.41e-01	  3.10e-02	5.21359e-01
  1.41e-01	  3.15e-02	5.20266e-01
  1.41e-01	  3.20e-02	5.18988e-01
  1.41e-01	  3.26e-02	5.17499e-01
  1.41e-01	  3.31e-02	5.15768e-01
  1.41e-01	  3.36e-02	5.13756e-01
  1.41e-01	  3.41e-02	5.11413e-01
  1.41e-01	  3.46e-02	5.08675e-01
  1.41e-01	  3.52e-02	5.05457e-01
  1.41e-01	  3.57e-02	5.01635e-01
  1.41e-01	  3.62e-02	4.97035e-01
  1.41e-01	  3.67e-02	4.91387e-01
  1.41e-01	  3.72e-02	4.84255e-01
  1.41e-01	  3.78e-02	4.74888e-01
  1.41e-01	  3.83e-02	4.61869e-01
  1.41e-01	  3.88e-02	4.42257e-01
  1.41e-01	  3.93e-02	4.09134e-01
  1.41e-01	  3.98e-02	3.32215e-01
  1.41e-01	  4.04e-02	1.46738e-33
  1.41e-01	  4.09e-02	2.19920e-66
  1.41e-01	  4.14e-02	3.29598e-99
  1.41e-01	  4.19e-02	4.93972e-132
  1.41e-01	  4.24e-02	7.40319e-165
  1.41e-01	  4.30e-02	1.10952e-197
  1.41e-01	  4.35e-02	1.66284e-230
  1.41e-01	  4.40e-02	2.49208e-263
  1.41e-01	  4.45e-02	3.73486e-296
  1.41e-01	  4.51e-02	0.00000e+00
  1.41e-01	  4.56e-02	0.00000e+00
  1.41e-01	  4.61e-02	0.00000e+00
  1.41e-01	  4.66e-02	0.00000e+00
  1.41e-01	  4.71e-02	0.00000e+00
  1.41e-01	  4.77e-02	0.00000e+00
  1.41e-01	  4.82e-02	0.00000e+00
  1.41e-01	  4.87e-02	0.00000e+00
  1.41e-01	  4.92e-02	0.00000e+00
  1.41e-01	  4.97e-02	0.00000e+00

  1.42e-01	  2.60e-04	9.88131e-324
  1.42e-01	  7.81e-04	9.88131e-324
  1.42e-01	  1.30e-03	9.88131e-324
  1.42e-01	  1.82e-03	9.88131e-324
  1.42e-01	  2.34e-03	9.88131e-324
  1.42e-01	  2.86e-03	9.88131e-324
  1.42e-01	  3.39e-03	9.88131e-324
  1.42e-01	  3.91e-03	9.88131e-324
  1.42e-01	  4.43e-03	9.88131e-324
  1.42e-01	  4.95e-03	3.70479e-296
  1.42e-01	  5.47e-03	2.47204e-263
  1.42e-01	  5.99e-03	1.64948e-230
  1.42e-01	  6.51e-03	1.10062e-197
  1.42e-01	  7.03e-03	7.34389e-165
  1.42e-01	  7.55e-03	4.90020e-132
  1.42e-01	  8.07e-03	3.26964e-99
  1.42e-01	  8.59e-03	2.18165e-66
  1.42e-01	  9.11e-03	1.45569e-33
  1.42e-01	  9.64e-03	3.30225e-01
  1.42e-01	  1.02e-02	4.07355e-01
  1.42e-01	  1.07e-02	4.40675e-01
  1.42e-01	  1.12e-02	4.60419e-01
  1.42e-01	  1.17e-02	4.73526e-01
  1.42e-01	  1.22e-02	4.82957e-01
  1.42e-01	  1.28e-02	4.90141e-01
  1.42e-01	  1.33e-02	4.95834e-01
  1.42e-01	  1.38e-02	5.00477e-01
  1.42e-01	  1.43e-02	5.04339e-01
  1.42e-01	  1.48e-02	5.07600e-01
  1.42e-01	  1.54e-02	5.10381e-01
  1.42e-01	  1.59e-02	5.12770e-01
  1.42e-01	  1.64e-02	5.14830e-01
  1.42e-01	  1.69e-02	5.16612e-01
  1.42e-01	  1.74e-02	5.18154e-01
  1.42e-01	  1.80e-02	5.19488e-01
  1.42e-01	  1.85e-02	5.20640e-01
  1.42e-01	  1.90e-02	5.21632e-01
  1.42e-01	  1.95e-02	5.22483e-01
  1.42e-01	  2.01e-02	5.23209e-01
  1.42e-01	  2.06e-02	5.23825e-01
  1.42e-01	  2.11e-02	5.24343e-01
  1.42e-01	  2.16e-02	5.24776e-01
  1.42e-01	  2.21e-02	5.25131e-01
  1.42e-01	  2.27e-02	5.25418e-01
  1.42e-01	  2.32e-02	5.25643e-01
  1.42e-01	  2.37e-02	5.25811e-01
  1.42e-01	  2.42e-02	5.25926e-01
  1.42e-01	  2.47e-02	5.25990e-01
  1.42e-01	  2.53e-02	5.26005e-01
  1.42e-01	  2.58e-02	5.25968e-01
  1.42e-01	  2.63e-02	5.25877e-01
  1.42e-01	  2.68e-02	5.25729e-01
  1.42e-01	  2.73e-02	5.25519e-01
  1.42e-01	  2.79e-02	5.25238e-01
  1.42e-01	  2.84e-02	5.24878e-01
  1.42e-01	  2.89e-02	5.24431e-01
  1.42e-01	  2.94e-02	5.23883e-01
  1.42e-01	  2.99e-02	5.23223e-01
  1.42e-01	  3.05e-02	5.22436e-01
  1.42e-01	  3.10e-02	5.21504e-01
  1.42e-01	  3.15e-02	5.20409e-01
  1.42e-01	  3.20e-02	5.19129e-01
  1.42e-01	  3.26e-02	5.17636e-01
  1.42e-01	  3.31e-02	5.15899e-01
  1.42e-01	  3.36e-02	5.13879e-01
  1.42e-01	  3.41e-02	5.11527e-01
  1.42e-01	  3.46e-02	5.08776e-01
  1.42e-01	  3.52e-02	5.05541e-01
  1.42e-01	  3.57e-02	5.01697e-01
  1.42e-01	  3.62e-02	4.97068e-01
  1.42e-01	  3.67e-02	4.91379e-01
  1.42e-01	  3.72e-02	4.84192e-01
  1.42e-01	  3.78e-02	4.74743e-01
  1.42e-01	  3.83e-02	4.61602e-01
  1.42e-01	  3.88e-02	4.41798e-01
  1.42e-01	  3.93e-02	4.08377e-01
  1.42e-01	  3.98e-02	3.31044e-01
  1.42e-01	  4.04e-02	1.46051e-33
  1.42e-01	  4.09e-02	2.18890e-66
  1.42e-01	  4.14e-02	3.28054e-99
  1.42e-01	  4.19e-02	4.91658e-132
  1.42e-01	  4.24e-02	7.36852e-165
  1.42e-01	  4.30e-02	1.10432e-197
  1.42e-01	  4.35e-02	1.65505e-230
  1.42e-01	  4.40e-02	2.48041e-263
  1.42e-01	  4.45e-02	3.71737e-296
  1.42e-01	  4.51e-02	9.88131e-324
  1.42e-01	  4.56e-02	9.88131e-324
  1.42e-01	  4.61e-02	9.88131e-324
  1.42e-01	  4.66e-02	9.88131e-324
  1.42e-01	  4.71e-02	9.88131e-324
  1.42e-01	  4.77e-02	9.88131e-324
  1.42e-01	  4.82e-02	9.88131e-324
  1.42e-01	  4.87e-02	9.88131e-324
  1.42e-01	  4.92e-02	9.88131e-324
  1.42e-01	  4.97e-02	9.88131e-324

  1.43e-01	  2.60e-04	9.88131e-324
  1.43e-01	  7.81e-04	9.88131e-324
  1.43e-01	  1.30e-03	9.88131e-324
  1.43e-01	  1.82e-03	9.88131e-324
  1.43e-01	  2.34e-03	9.88131e-324
  1.43e-01	  2.86e-03	9.88131e-324
  1.43e-01	  3.39e-03	9.88131e-324
  1.43e-01	  3.91e-03	9.88131e-324
  1.43e-01	  4.43e-03	9.88131e-324
  1.43e-01	  4.95e-03	3.68786e-296
  1.43e-01	  5.47e-03	2.46075e-263
  1.43e-01	  5.99e-03	1.64194e-230
  1.43e-01	  6.51e-03	1.09559e-197
  1.43e-01	  7.03e-03	7.31033e-165
  1.43e-01	  7.55e-03	4.87781e-132
  1.43e-01	  8.07e-03	3.25470e-99
  1.43e-01	  8.59e-03	2.17169e-66
  1.43e-01	  9.11e-03	1.44904e-33
  1.43e-01	  9.64e-03	3.29090e-01
  1.43e-01	  1.02e-02	4.06620e-01
  1.43e-01	  1.07e-02	4.40231e-01
  1.43e-01	  1.12e-02	4.60163e-01
  1.43e-01	  1.17e-02	4.73390e-01
  1.43e-01	  1.22e-02	4.82901e-01
  1.43e-01	  1.28e-02	4.90138e-01
  1.43e-01	  1.33e-02	4.95870e-01
  1.43e-01	  1.38e-02	5.00540e-01
  1.43e-01	  1.43e-02	5.04423e-01
  1.43e-01	  1.48e-02	5.07700e-01
  1.43e-01	  1.54e-02	5.10492e-01
  1.43e-01	  1.59e-02	5.12890e-01
  1.43e-01	  1.64e-02	5.14956e-01
  1.43e-01	  1.69e-02	5.16743e-01
  1.43e-01	  1.74e-02	5.18288e-01
  1.43e-01	  1.80e-02	5.19624e-01
  1.43e-01	  1.85e-02	5.20778e-01
  1.43e-01	  1.90e-02	5.21770e-01
  1.43e-01	  1.95e-02	5.22621e-01
  1.43e-01	  2.01e-02	5.23347e-01
  1.43e-01	  2.06e-02	5.23963e-01
  1.43e-01	  2.11e-02	5.24481e-01
  1.43e-01	  2.16e-02	5.24912e-01
  1.43e-01	  2.21e-02	5.25267e-01
  1.43e-01	  2.27e-02	5.25553e-01
  1.43e-01	  2.32e-02	5.25777e-01
  1.43e-01	  2.37e-02	5.25945e-01
  1.43e-01	  2.42e-02	5.26060e-01
  1.43e-01	  2.47e-02	5.26124e-01
  1.43e-01	  2.53e-02	5.26139e-01
  1.43e-01	  2.58e-02	5.26102e-01
  1.43e-01	  2.63e-02	5.26012e-01
  1.43e-01	  2.68e-02	5.25865e-01
  1.43e-01	  2.73e-02	5.25655e-01
  1.43e-01	  2.79e-02	5.25375e-01
  1.43e-01	  2.84e-02	5.25017e-01
  1.43e-01	  2.89e-02	5.24570e-01
  1.43e-01	  2.94e-02	5.24023e-01
  1.43e-01	  2.99e-02	5.23363e-01
  1.43e-01	  3.05e-02	5.22576e-01
  1.43e-01	  3.10e-02	5.21644e-01
  1.43e-01	  3.15e-02	5.20547e-01
  1.43e-01	  3.20e-02	5.19265e-01
  1.43e-01	  3.26e-02	5.17768e-01
  1.43e-01	  3.31e-02	5.16027e-01
  1.43e-01	  3.36e-02	5.14001e-01
  1.43e-01	  3.41e-02	5.11640e-01
  1.43e-01	  3.46e-02	5.08878e-01
  1.43e-01	  3.52e-02	5.05627e-01
  1.43e-01	  3.57e-02	5.01763e-01
  1.43e-01	  3.62e-02	4.97106e-01
  1.43e-01	  3.67e-02	4.91379e-01
  1.43e-01	  3.72e-02	4.84137e-01
  1.43e-01	  3.78e-02	4.74609e-01
  1.43e-01	  3.83e-02	4.61347e-01
  1.43e-01	  3.88e-02	4.41354e-01
  1.43e-01	  3.93e-02	4.07642e-01
  1.43e-01	  3.98e-02	3.29909e-01
  1.43e-01	  4.04e-02	1.45386e-33
  1.43e-01	  4.09e-02	2.17892e-66
  1.43e-01	  4.14e-02	3.26558e-99
  1.43e-01	  4.19e-02	4.89416e-132
  1.43e-01	  4.24e-02	7.33492e-165
  1.43e-01	  4.30e-02	1.09929e-197
  1.43e-01	  4.35e-02	1.64750e-230
  1.43e-01	  4.40e-02	2.46910e-263
  1.43e-01	  4.45e-02	3.70041e-296
  1.43e-01	  4.51e-02	9.88131e-324
  1.43e-01	  4.56e-02	9.88131e-324
  1.43e-01	  4.61e-02	9.88131e-324
  1.43e-01	  4.66e-02	9.88131e-324
  1.43e-01	  4.71e-02	9.88131e-324
  1.43e-01	  4.77e-02	9.88131e-324
  1.43e-01	  4.82e-02	9.88131e-324
  1.43e-01	  4.87e-02	9.88131e-324
  1.43e-01	  4.92e-02	9.88131e-324
  1.43e-01	  4.97e-02	9.88131e-324

  1.44e-01	  2.60e-04	9.88131e-324
  1.44e-01	  7.81e-04	9.88131e-324
  1.44e-01	  1.30e-03	9.88131e-324
  1.44e-01	  1.82e-03	9.88131e-324
  1.44e-01	  2.34e-03	9.88131e-324
  1.44e-01	  2.86e-03	9.88131e-324
  1.44e-01	  3.39e-03	9.88131e-324
  1.44e-01	  3.91e-03	9.88131e-324
  1.44e-01	  4.43e-03	9.88131e-324
  1.44e-01	  4.95e-03	3.67155e-296
  1.44e-01	  5.47e-03	2.44986e-263
  1.44e-01	  5.99e-03	1.63468e-230
  1.44e-01	  6.51e-03	1.09074e-197
  1.44e-01	  7.03e-03	7.27799e-165
  1.44e-01	  7.55e-03	4.85623e-132
  1.44e-01	  8.07e-03	3.24030e-99
  1.44e-01	  8.59e-03	2.16208e-66
  1.44e-01	  9.11e-03	1.44263e-33
  1.44e-01	  9.64e-03	3.27994e-01
  1.44e-01	  1.02e-02	4.05910e-01
  1.44e-01	  1.07e-02	4.39807e-01
  1.44e-01	  1.12e-02	4.59924e-01
  1.44e-01	  1.17e-02	4.73268e-01
  1.44e-01	  1.22e-02	4.82855e-01
  1.44e-01	  1.28e-02	4.90144e-01
  1.44e-01	  1.33e-02	4.95912e-01
  1.44e-01	  1.38e-02	5.00608e-01
  1.44e-01	  1.43e-02	5.04510e-01
  1.44e-01	  1.48e-02	5.07800e-01
  1.44e-01	  1.54e-02	5.10602e-01
  1.44e-01	  1.59e-02	5.13007e-01
  1.44e-01	  1.64e-02	5.15079e-01
  1.44e-01	  1.69e-02	5.16869e-01
  1.44e-01	  1.74e-02	5.18416e-01
  1.44e-01	  1.80e-02	5.19754e-01
  1.44e-01	  1.85e-02	5.20908e-01
  1.44e-01	  1.90e-02	5.21901e-01
  1.44e-01	  1.95e-02	5.22751e-01
  1.44e-01	  2.01e-02	5.23476e-01
  1.44e-01	  2.06e-02	5.24091e-01
  1.44e-01	  2.11e-02	5.24608e-01
  1.44e-01	  2.16e-02	5.25039e-01
  1.44e-01	  2.21e-02	5.25392e-01
  1.44e-01	  2.27e-02	5.25678e-01
  1.44e-01	  2.32e-02	5.25901e-01
  1.44e-01	  2.37e-02	5.26069e-01
  1.44e-01	  2.42e-02	5.26183e-01
  1.44e-01	  2.47e-02	5.26248e-01
  1.44e-01	  2.53e-02	5.26262e-01
  1.44e-01	  2.58e-02	5.26226e-01
  1.44e-01	  2.63e-02	5.26137e-01
  1.44e-01	  2.68e-02	5.25991e-01
  1.44e-01	  2.73e-02	5.25782e-01
  1.44e-01	  2.79e-02	5.25503e-01
  1.44e-01	  2.84e-02	5.25145e-01
  1.44e-01	  2.89e-02	5.24700e-01
  1.44e-01	  2.94e-02	5.24154e-01
  1.44e-01	  2.99e-02	5.23495e-01
  1.44e-01	  3.05e-02	5.22708e-01
  1.44e-01	  3.10e-02	5.21776e-01
  1.44e-01	  3.15e-02	5.20679e-01
  1.44e-01	  3.20e-02	5.19395e-01
  1.44e-01	  3.26e-02	5.17896e-01
  1.44e-01	  3.31e-02	5.16152e-01
  1.44e-01	  3.36e-02	5.14120e-01
  1.44e-01	  3.41e-02	5.11752e-01
  1.44e-01	  3.46e-02	5.08980e-01
  1.44e-01	  3.52e-02	5.05716e-01
  1.44e-01	  3.57e-02	5.01833e-01
  1.44e-01	  3.62e-02	4.97150e-01
  1.44e-01	  3.67e-02	4.91386e-01
  1.44e-01	  3.72e-02	4.84092e-01
  1.44e-01	  3.78e-02	4.74487e-01
  1.44e-01	  3.83e-02	4.61108e-01
  1.44e-01	  3.88e-02	4.40929e-01
  1.44e-01	  3.93e-02	4.06931e-01
  1.44e-01	  3.98e-02	3.28812e-01
  1.44e-01	  4.04e-02	1.44743e-33
  1.44e-01	  4.09e-02	2.16930e-66
  1.44e-01	  4.14e-02	3.25116e-99
  1.44e-01	  4.19e-02	4.87255e-132
  1.44e-01	  4.24e-02	7.30253e-165
  1.44e-01	  4.30e-02	1.09443e-197
  1.44e-01	  4.35e-02	1.64022e-230
  1.44e-01	  4.40e-02	2.45820e-263
  1.44e-01	  4.45e-02	3.68408e-296
  1.44e-01	  4.51e-02	9.88131e-324
  1.44e-01	  4.56e-02	9.88131e-324
  1.44e-01	  4.61e-02	9.88131e-324
  1.44e-01	  4.66e-02	9.88131e-324
  1.44e-01	  4.71e-02	9.88131e-324
  1.44e-01	  4.77e-02	9.88131e-324
  1.44e-01	  4.82e-02	9.88131e-324
  1.44e-01	  4.87e-02	9.88131e-324
  1.44e-01	  4.92e-02	9.88131e-324
  1.44e-01	  4.97e-02	9.88131e-324

  1.45e-01	  2.60e-04	9.88131e-324
  1.45e-01	  7.81e-04	9.88131e-324
  1.45e-01	  1.30e-03	9.88131e-324
  1.45e-01	  1.82e-03	9.88131e-324
  1.45e-01	  2.34e-03	9.88131e-324
  1.45e-01	  2.86e-03	9.88131e-324
  1.45e-01	  3.39e-03	9.88131e-324
  1.45e-01	  3.91e-03	9.88131e-324
  1.45e-01	  4.43e-03	9.88131e-324
  1.45e-01	  4.95e-03	3.65593e-296
  1.45e-01	  5.47e-03	2.43944e-263
  1.45e-01	  5.99e-03	1.62773e-230
  1.45e-01	  6.51e-03	1.08610e-197
  1.45e-01	  7.03e-03	7.24702e-165
  1.45e-01	  7.55e-03	4.83556e-132
  1.45e-01	  8.07e-03	3.22651e-99
  1.45e-01	  8.59e-03	2.15287e-66
  1.45e-01	  9.11e-03	1.43649e-33
  1.45e-01	  9.64e-03	3.26942e-01
  1.45e-01	  1.02e-02	4.05232e-01
  1.45e-01	  1.07e-02	4.39406e-01
  1.45e-01	  1.12e-02	4.59703e-01
  1.45e-01	  1.17e-02	4.73160e-01
  1.45e-01	  1.22e-02	4.82821e-01
  1.45e-01	  1.28e-02	4.90159e-01
  1.45e-01	  1.33e-02	4.95960e-01
  1.45e-01	  1.38e-02	5.00680e-01
  1.45e-01	  1.43e-02	5.04598e-01
  1.45e-01	  1.48e-02	5.07899e-01
  1.45e-01	  1.54e-02	5.10710e-01
  1.45e-01	  1.59e-02	5.13120e-01
  1.45e-01	  1.64e-02	5.15196e-01
  1.45e-01	  1.69e-02	5.16988e-01
  1.45e-01	  1.74e-02	5.18537e-01
  1.45e-01	  1.80e-02	5.19875e-01
  1.45e-01	  1.85e-02	5.21029e-01
  1.45e-01	  1.90e-02	5.22021e-01
  1.45e-01	  1.95e-02	5.22871e-01
  1.45e-01	  2.01e-02	5.23596e-01
  1.45e-01	  2.06e-02	5.24209e-01
  1.45e-01	  2.11e-02	5.24725e-01
  1.45e-01	  2.16e-02	5.25154e-01
  1.45e-01	  2.21e-02	5.25507e-01
  1.45e-01	  2.27e-02	5.25791e-01
  1.45e-01	  2.32e-02	5.26014e-01
  1.45e-01	  2.37e-02	5.26181e-01
  1.45e-01	  2.42e-02	5.26295e-01
  1.45e-01	  2.47e-02	5.26360e-01
  1.45e-01	  2.53e-02	5.26374e-01
  1.45e-01	  2.58e-02	5.26339e-01
  1.45e-01	  2.63e-02	5.26250e-01
  1.45e-01	  2.68e-02	5.26105e-01
  1.45e-01	  2.73e-02	5.25897e-01
  1.45e-01	  2.79e-02	5.25619e-01
  1.45e-01	  2.84e-02	5.25263e-01
  1.45e-01	  2.89e-02	5.24819e-01
  1.45e-01	  2.94e-02	5.24274e-01
  1.45e-01	  2.99e-02	5.23616e-01
  1.45e-01	  3.05e-02	5.22830e-01
  1.45e-01	  3.10e-02	5.21899e-01
  1.45e-01	  3.15e-02	5.20802e-01
  1.45e-01	  3.20e-02	5.19517e-01
  1.45e-01	  3.26e-02	5.18018e-01
  1.45e-01	  3.31e-02	5.16271e-01
  1.45e-01	  3.36e-02	5.14236e-01
  1.45e-01	  3.41e-02	5.11862e-01
  1.45e-01	  3.46e-02	5.09082e-01
  1.45e-01	  3.52e-02	5.05806e-01
  1.45e-01	  3.57e-02	5.01907e-01
  1.45e-01	  3.62e-02	4.97200e-01
  1.45e-01	  3.67e-02	4.91403e-01
  1.45e-01	  3.72e-02	4.84060e-01
  1.45e-01	  3.78e-02	4.74381e-01
  1.45e-01	  3.83e-02	4.60887e-01
  1.45e-01	  3.88e-02	4.40528e-01
  1.45e-01	  3.93e-02	4.06252e-01
  1.45e-01	  3.98e-02	3.27760e-01
  1.45e-01	  4.04e-02	1.44128e-33
  1.45e-01	  4.09e-02	2.16008e-66
  1.45e-01	  4.14e-02	3.23735e-99
  1.45e-01	  4.19e-02	4.85185e-132
  1.45e-01	  4.24e-02	7.27151e-165
  1.45e-01	  4.30e-02	1.08978e-197
  1.45e-01	  4.35e-02	1.63326e-230
  1.45e-01	  4.40e-02	2.44776e-263
  1.45e-01	  4.45e-02	3.66844e-296
  1.45e-01	  4.51e-02	9.88131e-324
  1.45e-01	  4.56e-02	9.88131e-324
  1.45e-01	  4.61e-02	9.88131e-324
  1.45e-01	  4.66e-02	9.88131e-324
  1.45e-01	  4.71e-02	9.88131e-324
  1.45e-01	  4.77e-02	9.88131e-324
  1.45e-01	  4.82e-02	9.88131e-324
  1.45e-01	  4.87e-02	9.88131e-324
  1.45e-01	  4.92e-02	9.88131e-324
  1.45e-01	  4.97e-02	9.88131e-324

  1.45e-01	  2.60e-04	4.49922e-309
  1.45e-01	  7.81e-04	4.49922e-309
  1.45e-01	  1.30e-03	4.49922e-309
  1.45e-01	  1.82e-03	4.49922e-309
  1.45e-01	  2.34e-03	4.49922e-309
  1.45e-01	  2.86e-03	4.49922e-309
  1.45e-01	  3.39e-03	4.49922e-309
  1.45e-01	  3.91e-03	4.49922e-309
  1.45e-01	  4.43e-03	4.49922e-309
  1.45e-01	  4.95e-03	3.64113e-296
  1.45e-01	  5.47e-03	2.42956e-263
  1.45e-01	  5.99e-03	1.62113e-230
  1.45e-01	  6.51e-03	1.08170e-197
  1.45e-01	  7.03e-03	7.21765e-165
  1.45e-01	  7.55e-03	4.81596e-132
  1.45e-01	  8.07e-03	3.21343e-99
  1.45e-01	  8.59e-03	2.14414e-66
  1.45e-01	  9.11e-03	1.43066e-33
  1.45e-01	  9.64e-03	3.25944e-01
  1.45e-01	  1.02e-02	4.04591e-01
  1.45e-01	  1.07e-02	4.39034e-01
  1.45e-01	  1.12e-02	4.59505e-01
  1.45e-01	  1.17e-02	4.73072e-01
  1.45e-01	  1.22e-02	4.82802e-01
  1.45e-01	  1.28e-02	4.90184e-01
  1.45e-01	  1.33e-02	4.96015e-01
  1.45e-01	  1.38e-02	5.00755e-01
  1.45e-01	  1.43e-02	5.04687e-01
  1.45e-01	  1.48e-02	5.07997e-01
  1.45e-01	  1.54e-02	5.10814e-01
  1.45e-01	  1.59e-02	5.13228e-01
  1.45e-01	  1.64e-02	5.15306e-01
  1.45e-01	  1.69e-02	5.17100e-01
  1.45e-01	  1.74e-02	5.18649e-01
  1.45e-01	  1.80e-02	5.19987e-01
  1.45e-01	  1.85e-02	5.21140e-01
  1.45e-01	  1.90e-02	5.22132e-01
  1.45e-01	  1.95e-02	5.22980e-01
  1.45e-01	  2.01e-02	5.23703e-01
  1.45e-01	  2.06e-02	5.24315e-01
  1.45e-01	  2.11e-02	5.24829e-01
  1.45e-01	  2.16e-02	5.25257e-01
  1.45e-01	  2.21e-02	5.25609e-01
  1.45e-01	  2.27e-02	5.25892e-01
  1.45e-01	  2.32e-02	5.26114e-01
  1.45e-01	  2.37e-02	5.26280e-01
  1.45e-01	  2.42e-02	5.26395e-01
  1.45e-01	  2.47e-02	5.26459e-01
  1.45e-01	  2.53e-02	5.26474e-01
  1.45e-01	  2.58e-02	5.26439e-01
  1.45e-01	  2.63e-02	5.26351e-01
  1.45e-01	  2.68e-02	5.26207e-01
  1.45e-01	  2.73e-02	5.26000e-01
  1.45e-01	  2.79e-02	5.25723e-01
  1.45e-01	  2.84e-02	5.25369e-01
  1.45e-01	  2.89e-02	5.24926e-01
  1.45e-01	  2.94e-02	5.24383e-01
  1.45e-01	  2.99e-02	5.23727e-01
  1.45e-01	  3.05e-02	5.22942e-01
  1.45e-01	  3.10e-02	5.22011e-01
  1.45e-01	  3.15e-02	5.20915e-01
  1.45e-01	  3.20e-02	5.19631e-01
  1.45e-01	  3.26e-02	5.18131e-01
  1.45e-01	  3.31e-02	5.16383e-01
  1.45e-01	  3.36e-02	5.14346e-01
  1.45e-01	  3.41e-02	5.11968e-01
  1.45e-01	  3.46e-02	5.09182e-01
  1.45e-01	  3.52e-02	5.05896e-01
  1.45e-01	  3.57e-02	5.01983e-01
  1.45e-01	  3.62e-02	4.97256e-01
  1.45e-01	  3.67e-02	4.91430e-01
  1.45e-01	  3.72e-02	4.84041e-01
  1.45e-01	  3.78e-02	4.74293e-01
  1.45e-01	  3.83e-02	4.60690e-01
  1.45e-01	  3.88e-02	4.40155e-01
  1.45e-01	  3.93e-02	4.05611e-01
  1.45e-01	  3.98e-02	3.26761e-01
  1.45e-01	  4.04e-02	1.43545e-33
  1.45e-01	  4.09e-02	2.15134e-66
  1.45e-01	  4.14e-02	3.22425e-99
  1.45e-01	  4.19e-02	4.83222e-132
  1.45e-01	  4.24e-02	7.24210e-165
  1.45e-01	  4.30e-02	1.08538e-197
  1.45e-01	  4.35e-02	1.62666e-230
  1.45e-01	  4.40e-02	2.43787e-263
  1.45e-01	  4.45e-02	3.65362e-296
  1.45e-01	  4.51e-02	4.49922e-309
  1.45e-01	  4.56e-02	4.49922e-309
  1.45e-01	  4.61e-02	4.49922e-309
  1.45e-01	  4.66e-02	4.49922e-309
  1.45e-01	  4.71e-02	4.49922e-309
  1.45e-01	  4.77e-02	4.49922e-309
  1.45e-01	  4.82e-02	4.49922e-309
  1.45e-01	  4.87e-02	4.49922e-309
  1.45e-01	  4.92e-02	4.49922e-309
  1.45e-01	  4.97e-02	4.49922e-309

  1.46e-01	  2.60e-04	1.12054e-277
  1.46e-01	  7.81e-04	1.12054e-277
  1.46e-01	  1.30e-03	1.12054e-277
  1.46e-01	  1.82e-03	1.12054e-277
  1.46e-01	  2.34e-03	1.12054e-277
  1.46e-01	  2.86e-03	1.12054e-277
  1.46e-01	  3.39e-03	1.12054e-277
  1.46e-01	  3.91e-03	1.12054e-277
  1.46e-01	  4.43e-03	1.12054e-277
  1.46e-01	  4.95e-03	1.12054e-277
  1.46e-01	  5.47e-03	2.42033e-263
  1.46e-01	  5.99e-03	1.61497e-230
  1.46e-01	  6.51e-03	1.07759e-197
  1.46e-01	  7.03e-03	7.19021e-165
  1.46e-01	  7.55e-03	4.79764e-132
  1.46e-01	  8.07e-03	3.20120e-99
  1.46e-01	  8.59e-03	2.13598e-66
  1.46e-01	  9.11e-03	1.42522e-33
  1.46e-01	  9.64e-03	3.25008e-01
  1.46e-01	  1.02e-02	4.03999e-01
  1.46e-01	  1.07e-02	4.38699e-01
  1.46e-01	  1.12e-02	4.59335e-01
  1.46e-01	  1.17e-02	4.73004e-01
  1.46e-01	  1.22e-02	4.82797e-01
  1.46e-01	  1.28e-02	4.90220e-01
  1.46e-01	  1.33e-02	4.96076e-01
  1.46e-01	  1.38e-02	5.00831e-01
  1.46e-01	  1.43e-02	5.04774e-01
  1.46e-01	  1.48e-02	5.08091e-01
  1.46e-01	  1.54e-02	5.10912e-01
  1.46e-01	  1.59e-02	5.13328e-01
  1.46e-01	  1.64e-02	5.15407e-01
  1.46e-01	  1.69e-02	5.17201e-01
  1.46e-01	  1.74e-02	5.18750e-01
  1.46e-01	  1.80e-02	5.20087e-01
  1.46e-01	  1.85e-02	5.21239e-01
  1.46e-01	  1.90e-02	5.22229e-01
  1.46e-01	  1.95e-02	5.23076e-01
  1.46e-01	  2.01e-02	5.23797e-01
  1.46e-01	  2.06e-02	5.24408e-01
  1.46e-01	  2.11e-02	5.24920e-01
  1.46e-01	  2.16e-02	5.25347e-01
  1.46e-01	  2.21e-02	5.25697e-01
  1.46e-01	  2.27e-02	5.25979e-01
  1.46e-01	  2.32e-02	5.26201e-01
  1.46e-01	  2.37e-02	5.26366e-01
  1.46e-01	  2.42e-02	5.26480e-01
  1.46e-01	  2.47e-02	5.26544e-01
  1.46e-01	  2.53e-02	5.26559e-01
  1.46e-01	  2.58e-02	5.26525e-01
  1.46e-01	  2.63e-02	5.26438e-01
  1.46e-01	  2.68e-02	5.26294e-01
  1.46e-01	  2.73e-02	5.26089e-01
  1.46e-01	  2.79e-02	5.25814e-01
  1.46e-01	  2.84e-02	5.25461e-01
  1.46e-01	  2.89e-02	5.25019e-01
  1.46e-01	  2.94e-02	5.24478e-01
  1.46e-01	  2.99e-02	5.23823e-01
  1.46e-01	  3.05e-02	5.23040e-01
  1.46e-01	  3.10e-02	5.22111e-01
  1.46e-01	  3.15e-02	5.21017e-01
  1.46e-01	  3.20e-02	5.19734e-01
  1.46e-01	  3.26e-02	5.18234e-01
  1.46e-01	  3.31e-02	5.16486e-01
  1.46e-01	  3.36e-02	5.14448e-01
  1.46e-01	  3.41e-02	5.12068e-01
  1.46e-01	  3.46e-02	5.09277e-01
  1.46e-01	  3.52e-02	5.05985e-01
  1.46e-01	  3.57e-02	5.02062e-01
  1.46e-01	  3.62e-02	4.97319e-01
  1.46e-01	  3.67e-02	4.91466e-01
  1.46e-01	  3.72e-02	4.84038e-01
  1.46e-01	  3.78e-02	4.74226e-01
  1.46e-01	  3.83e-02	4.60520e-01
  1.46e-01	  3.88e-02	4.39820e-01
  1.46e-01	  3.93e-02	4.05018e-01
  1.46e-01	  3.98e-02	3.25825e-01
  1.46e-01	  4.04e-02	1.42999e-33
  1.46e-01	  4.09e-02	2.14316e-66
  1.46e-01	  4.14e-02	3.21200e-99
  1.46e-01	  4.19e-02	4.81387e-132
  1.46e-01	  4.24e-02	7.21461e-165
  1.46e-01	  4.30e-02	1.08126e-197
  1.46e-01	  4.35e-02	1.62049e-230
  1.46e-01	  4.40e-02	2.42862e-263
  1.46e-01	  4.45e-02	1.12054e-277
  1.46e-01	  4.51e-02	1.12054e-277
  1.46e-01	  4.56e-02	1.12054e-277
  1.46e-01	  4.61e-02	1.12054e-277
  1.46e-01	  4.66e-02	1.12054e-277
  1.46e-01	  4.71e-02	1.12054e-277
  1.46e-01	  4.77e-02	1.12054e-277
  1.46e-01	  4.82e-02	1.12054e-277
  1.46e-01	  4.87e-02	1.12054e-277
  1.46e-01	  4.92e-02	1.12054e-277
  1.46e-01	  4.97e-02	1.12054e-277

  1.47e-01	  2.60e-04	2.23444e-246
  1.47e-01	  7.81e-04	2.23444e-246
  1.47e-01	  1.30e-03	2.23444e-246
  1.47e-01	  1.82e-03	2.23444e-246
  1.47e-01	  2.34e-03	2.23444e-246
  1.47e-01	  2.86e-03	2.23444e-246
  1.47e-01	  3.39e-03	2.23444e-246
  1.47e-01	  3.91e-03	2.23444e-246
  1.47e-01	  4.43e-03	2.23444e-246
  1.47e-01	  4.95e-03	2.23444e-246
  1.47e-01	  5.47e-03	2.23444e-246
  1.47e-01	  5.99e-03	1.60935e-230
  1.47e-01	  6.51e-03	1.07383e-197
  1.47e-01	  7.03e-03	7.16513e-165
  1.47e-01	  7.55e-03	4.78090e-132
  1.47e-01	  8.07e-03	3.19003e-99
  1.47e-01	  8.59e-03	2.12852e-66
  1.47e-01	  9.11e-03	1.42024e-33
  1.47e-01	  9.64e-03	3.24151e-01
  1.47e-01	  1.02e-02	4.03469e-01
  1.47e-01	  1.07e-02	4.38410e-01
  1.47e-01	  1.12e-02	4.59200e-01
  1.47e-01	  1.17e-02	4.72961e-01
  1.47e-01	  1.22e-02	4.82809e-01
  1.47e-01	  1.28e-02	4.90264e-01
  1.47e-01	  1.33e-02	4.96140e-01
  1.47e-01	  1.38e-02	5.00908e-01
  1.47e-01	  1.43e-02	5.04857e-01
  1.47e-01	  1.48e-02	5.08178e-01
  1.47e-01	  1.54e-02	5.11001e-01
  1.47e-01	  1.59e-02	5.13418e-01
  1.47e-01	  1.64e-02	5.15497e-01
  1.47e-01	  1.69e-02	5.17290e-01
  1.47e-01	  1.74e-02	5.18838e-01
  1.47e-01	  1.80e-02	5.20173e-01
  1.47e-01	  1.85e-02	5.21323e-01
  1.47e-01	  1.90e-02	5.22311e-01
  1.47e-01	  1.95e-02	5.23157e-01
  1.47e-01	  2.01e-02	5.23876e-01
  1.47e-01	  2.06e-02	5.24485e-01
  1.47e-01	  2.11e-02	5.24996e-01
  1.47e-01	  2.16e-02	5.25421e-01
  1.47e-01	  2.21e-02	5.25770e-01
  1.47e-01	  2.27e-02	5.26052e-01
  1.47e-01	  2.32e-02	5.26272e-01
  1.47e-01	  2.37e-02	5.26437e-01
  1.47e-01	  2.42e-02	5.26550e-01
  1.47e-01	  2.47e-02	5.26614e-01
  1.47e-01	  2.53e-02	5.26630e-01
  1.47e-01	  2.58e-02	5.26596e-01
  1.47e-01	  2.63e-02	5.26509e-01
  1.47e-01	  2.68e-02	5.26367e-01
  1.47e-01	  2.73e-02	5.26162e-01
  1.47e-01	  2.79e-02	5.25889e-01
  1.47e-01	  2.84e-02	5.25537e-01
  1.47e-01	  2.89e-02	5.25097e-01
  1.47e-01	  2.94e-02	5.24558e-01
  1.47e-01	  2.99e-02	5.23905e-01
  1.47e-01	  3.05e-02	5.23124e-01
  1.47e-01	  3.10e-02	5.22197e-01
  1.47e-01	  3.15e-02	5.21104e-01
  1.47e-01	  3.20e-02	5.19822e-01
  1.47e-01	  3.26e-02	5.18324e-01
  1.47e-01	  3.31e-02	5.16577e-01
  1.47e-01	  3.36e-02	5.14539e-01
  1.47e-01	  3.41e-02	5.12158e-01
  1.47e-01	  3.46e-02	5.09366e-01
  1.47e-01	  3.52e-02	5.06070e-01
  1.47e-01	  3.57e-02	5.02140e-01
  1.47e-01	  3.62e-02	4.97384e-01
  1.47e-01	  3.67e-02	4.91512e-01
  1.47e-01	  3.72e-02	4.84051e-01
  1.47e-01	  3.78e-02	4.74184e-01
  1.47e-01	  3.83e-02	4.60385e-01
  1.47e-01	  3.88e-02	4.39530e-01
  1.47e-01	  3.93e-02	4.04486e-01
  1.47e-01	  3.98e-02	3.24968e-01
  1.47e-01	  4.04e-02	1.42500e-33
  1.47e-01	  4.09e-02	2.13569e-66
  1.47e-01	  4.14e-02	3.20081e-99
  1.47e-01	  4.19e-02	4.79710e-132
  1.47e-01	  4.24e-02	7.18949e-165
  1.47e-01	  4.30e-02	1.07750e-197
  1.47e-01	  4.35e-02	1.61485e-230
  1.47e-01	  4.40e-02	2.23444e-246
  1.47e-01	  4.45e-02	2.23444e-246
  1.47e-01	  4.51e-02	2.23444e-246
  1.47e-01	  4.56e-02	2.23444e-246
  1.47e-01	  4.61e-02	2.23444e-246
  1.47e-01	  4.66e-02	2.23444e-246
  1.47e-01	  4.71e-02	2.23444e-246
  1.47e-01	  4.77e-02	2.23444e-246
  1.47e-01	  4.82e-02	2.23444e-246
  1.47e-01	  4.87e-02	2.23444e-246
  1.47e-01	  4.92e-02	2.23444e-246
  1.47e-01	  4.97e-02	2.23444e-246

  1.48e-01	  2.60e-04	3.34455e-215
  1.48e-01	  7.81e-04	3.34455e-215
  1.48e-01	  1.30e-03	3.34455e-215
  1.48e-01	  1.82e-03	3.34455e-215
  1.48e-01	  2.34e-03	3.34455e-215
  1.48e-01	  2.86e-03	3.34455e-215
  1.48e-01	  3.39e-03	3.34455e-215
  1.48e-01	  3.91e-03	3.34455e-215
  1.48e-01	  4.43e-03	3.34455e-215
  1.48e-01	  4.95e-03	3.34455e-215
  1.48e-01	  5.47e-03	3.34455e-215
  1.48e-01	  5.99e-03	3.34455e-215
  1.48e-01	  6.51e-03	1.07054e-197
  1.48e-01	  7.03e-03	7.14312e-165
  1.48e-01	  7.55e-03	4.76621e-132
  1.48e-01	  8.07e-03	3.18022e-99
  1.48e-01	  8.59e-03	2.12197e-66
  1.48e-01	  9.11e-03	1.41586e-33
  1.48e-01	  9.64e-03	3.23397e-01
  1.48e-01	  1.02e-02	4.03019e-01
  1.48e-01	  1.07e-02	4.38180e-01
  1.48e-01	  1.12e-02	4.59106e-01
  1.48e-01	  1.17e-02	4.72944e-01
  1.48e-01	  1.22e-02	4.82835e-01
  1.48e-01	  1.28e-02	4.90315e-01
  1.48e-01	  1.33e-02	4.96204e-01
  1.48e-01	  1.38e-02	5.00979e-01
  1.48e-01	  1.43e-02	5.04931e-01
  1.48e-01	  1.48e-02	5.08254e-01
  1.48e-01	  1.54e-02	5.11077e-01
  1.48e-01	  1.59e-02	5.13493e-01
  1.48e-01	  1.64e-02	5.15571e-01
  1.48e-01	  1.69e-02	5.17362e-01
  1.48e-01	  1.74e-02	5.18908e-01
  1.48e-01	  1.80e-02	5.20242e-01
  1.48e-01	  1.85e-02	5.21391e-01
  1.48e-01	  1.90e-02	5.22377e-01
  1.48e-01	  1.95e-02	5.23220e-01
  1.48e-01	  2.01e-02	5.23938e-01
  1.48e-01	  2.06e-02	5.24546e-01
  1.48e-01	  2.11e-02	5.25055e-01
  1.48e-01	  2.16e-02	5.25479e-01
  1.48e-01	  2.21e-02	5.25827e-01
  1.48e-01	  2.27e-02	5.26107e-01
  1.48e-01	  2.32e-02	5.26327e-01
  1.48e-01	  2.37e-02	5.26491e-01
  1.48e-01	  2.42e-02	5.26604e-01
  1.48e-01	  2.47e-02	5.26668e-01
  1.48e-01	  2.53e-02	5.26684e-01
  1.48e-01	  2.58e-02	5.26650e-01
  1.48e-01	  2.63e-02	5.26564e-01
  1.48e-01	  2.68e-02	5.26423e-01
  1.48e-01	  2.73e-02	5.26219e-01
  1.48e-01	  2.79e-02	5.25947e-01
  1.48e-01	  2.84e-02	5.25597e-01
  1.48e-01	  2.89e-02	5.25159e-01
  1.48e-01	  2.94e-02	5.24621e-01
  1.48e-01	  2.99e-02	5.23970e-01
  1.48e-01	  3.05e-02	5.23190e-01
  1.48e-01	  3.10e-02	5.22265e-01
  1.48e-01	  3.15e-02	5.21174e-01
  1.48e-01	  3.20e-02	5.19894e-01
  1.48e-01	  3.26e-02	5.18398e-01
  1.48e-01	  3.31e-02	5.16652e-01
  1.48e-01	  3.36e-02	5.14615e-01
  1.48e-01	  3.41e-02	5.12235e-01
  1.48e-01	  3.46e-02	5.09443e-01
  1.48e-01	  3.52e-02	5.06146e-01
  1.48e-01	  3.57e-02	5.02212e-01
  1.48e-01	  3.62e-02	4.97449e-01
  1.48e-01	  3.67e-02	4.91564e-01
  1.48e-01	  3.72e-02	4.84078e-01
  1.48e-01	  3.78e-02	4.74167e-01
  1.48e-01	  3.83e-02	4.60291e-01
  1.48e-01	  3.88e-02	4.39300e-01
  1.48e-01	  3.93e-02	4.04035e-01
  1.48e-01	  3.98e-02	3.24213e-01
  1.48e-01	  4.04e-02	1.42062e-33
  1.48e-01	  4.09e-02	2.12913e-66
  1.48e-01	  4.14e-02	3.19098e-99
  1.48e-01	  4.19e-02	4.78238e-132
  1.48e-01	  4.24e-02	7.16744e-165
  1.48e-01	  4.30e-02	1.07419e-197
  1.48e-01	  4.35e-02	3.34455e-215
  1.48e-01	  4.40e-02	3.34455e-215
  1.48e-01	  4.45e-02	3.34455e-215
  1.48e-01	  4.51e-02	3.34455e-215
  1.48e-01	  4.56e-02	3.34455e-215
  1.48e-01	  4.61e-02	3.34455e-215
  1.48e-01	  4.66e-02	3.34455e-215
  1.48e-01	  4.71e-02	3.34455e-215
  1.48e-01	  4.77e-02	3.34455e-215
  1.48e-01	  4.82e-02	3.34455e-215
  1.48e-01	  4.87e-02	3.34455e-215
  1.48e-01	  4.92e-02	3.34455e-215
  1.48e-01	  4.97e-02	3.34455e-215

  1.48e-01	  2.60e-04	3.34026e-184
  1.48e-01	  7.81e-04	3.34026e-184
  1.48e-01	  1.30e-03	3.34026e-184
  1.48e-01	  1.82e-03	3.34026e-184
  1.48e-01	  2.34e-03	3.34026e-184
  1.48e-01	  2.86e-03	3.34026e-184
  1.48e-01	  3.39e-03	3.34026e-184
  1.48e-01	  3.91e-03	3.34026e-184
  1.48e-01	  4.43e-03	3.34026e-184
  1.48e-01	  4.95e-03	3.34026e-184
  1.48e-01	  5.47e-03	3.34026e-184
  1.48e-01	  5.99e-03	3.34026e-184
  1.48e-01	  6.51e-03	3.34026e-184
  1.48e-01	  7.03e-03	7.12536e-165
  1.48e-01	  7.55e-03	4.75434e-132
  1.48e-01	  8.07e-03	3.17229e-99
  1.48e-01	  8.59e-03	2.11668e-66
  1.48e-01	  9.11e-03	1.41233e-33
  1.48e-01	  9.64e-03	3.22784e-01
  1.48e-01	  1.02e-02	4.02679e-01
  1.48e-01	  1.07e-02	4.38023e-01
  1.48e-01	  1.12e-02	4.59056e-01
  1.48e-01	  1.17e-02	4.72950e-01
  1.48e-01	  1.22e-02	4.82871e-01
  1.48e-01	  1.28e-02	4.90364e-01
  1.48e-01	  1.33e-02	4.96260e-01
  1.48e-01	  1.38e-02	5.01037e-01
  1.48e-01	  1.43e-02	5.04990e-01
  1.48e-01	  1.48e-02	5.08312e-01
  1.48e-01	  1.54e-02	5.11134e-01
  1.48e-01	  1.59e-02	5.13548e-01
  1.48e-01	  1.64e-02	5.15625e-01
  1.48e-01	  1.69e-02	5.17414e-01
  1.48e-01	  1.74e-02	5.18959e-01
  1.48e-01	  1.80e-02	5.20291e-01
  1.48e-01	  1.85e-02	5.21438e-01
  1.48e-01	  1.90e-02	5.22423e-01
  1.48e-01	  1.95e-02	5.23265e-01
  1.48e-01	  2.01e-02	5.23982e-01
  1.48e-01	  2.06e-02	5.24588e-01
  1.48e-01	  2.11e-02	5.25096e-01
  1.48e-01	  2.16e-02	5.25519e-01
  1.48e-01	  2.21e-02	5.25866e-01
  1.48e-01	  2.27e-02	5.26145e-01
  1.48e-01	  2.32e-02	5.26364e-01
  1.48e-01	  2.37e-02	5.26528e-01
  1.48e-01	  2.42e-02	5.26641e-01
  1.48e-01	  2.47e-02	5.26705e-01
  1.48e-01	  2.53e-02	5.26721e-01
  1.48e-01	  2.58e-02	5.26687e-01
  1.48e-01	  2.63e-02	5.26602e-01
  1.48e-01	  2.68e-02	5.26461e-01
  1.48e-01	  2.73e-02	5.26259e-01
  1.48e-01	  2.79e-02	5.25987e-01
  1.48e-01	  2.84e-02	5.25638e-01
  1.48e-01	  2.89e-02	5.25201e-01
  1.48e-01	  2.94e-02	5.24665e-01
  1.48e-01	  2.99e-02	5.24015e-01
  1.48e-01	  3.05e-02	5.23237e-01
  1.48e-01	  3.10e-02	5.22313e-01
  1.48e-01	  3.15e-02	5.21224e-01
  1.48e-01	  3.20e-02	5.19945e-01
  1.48e-01	  3.26e-02	5.18451e-01
  1.48e-01	  3.31e-02	5.16706e-01
  1.48e-01	  3.36e-02	5.14671e-01
  1.48e-01	  3.41e-02	5.12293e-01
  1.48e-01	  3.46e-02	5.09502e-01
  1.48e-01	  3.52e-02	5.06205e-01
  1.48e-01	  3.57e-02	5.02271e-01
  1.48e-01	  3.62e-02	4.97506e-01
  1.48e-01	  3.67e-02	4.91614e-01
  1.48e-01	  3.72e-02	4.84114e-01
  1.48e-01	  3.78e-02	4.74174e-01
  1.48e-01	  3.83e-02	4.60241e-01
  1.48e-01	  3.88e-02	4.39142e-01
  1.48e-01	  3.93e-02	4.03695e-01
  1.48e-01	  3.98e-02	3.23599e-01
  1.48e-01	  4.04e-02	1.41708e-33
  1.48e-01	  4.09e-02	2.12383e-66
  1.48e-01	  4.14e-02	3.18304e-99
  1.48e-01	  4.19e-02	4.77050e-132
  1.48e-01	  4.24e-02	7.14965e-165
  1.48e-01	  4.30e-02	3.34026e-184
  1.48e-01	  4.35e-02	3.34026e-184
  1.48e-01	  4.40e-02	3.34026e-184
  1.48e-01	  4.45e-02	3.34026e-184
  1.48e-01	  4.51e-02	3.34026e-184
  1.48e-01	  4.56e-02	3.34026e-184
  1.48e-01	  4.61e-02	3.34026e-184
  1.48e-01	  4.66e-02	3.34026e-184
  1.48e-01	  4.71e-02	3.34026e-184
  1.48e-01	  4.77e-02	3.34026e-184
  1.48e-01	  4.82e-02	3.34026e-184
  1.48e-01	  4.87e-02	3.34026e-184
  1.48e-01	  4.92e-02	3.34026e-184
  1.48e-01	  4.97e-02	3.34026e-184

  1.49e-01	  2.60e-04	1.66939e-153
  1.49e-01	  7.81e-04	1.66939e-153
  1.49e-01	  1.30e-03	1.66939e-153
  1.49e-01	  1.82e-03	1.66939e-153
  1.49e-01	  2.34e-03	1.66939e-153
  1.49e-01	  2.86e-03	1.66939e-153
  1.49e-01	  3.39e-03	1.66939e-153
  1.49e-01	  3.91e-03	1.66939e-153
  1.49e-01	  4.43e-03	1.66939e-153
  1.49e-01	  4.95e-03	1.66939e-153
  1.49e-01	  5.47e-03	1.66939e-153
  1.49e-01	  5.99e-03	1.66939e-153
  1.49e-01	  6.51e-03	1.66939e-153
  1.49e-01	  7.03e-03	1.66939e-153
  1.49e-01	  7.55e-03	4.74685e-132
  1.49e-01	  8.07e-03	3.16728e-99
  1.49e-01	  8.59e-03	2.11333e-66
  1.49e-01	  9.11e-03	1.41009e-33
  1.49e-01	  9.64e-03	3.22388e-01
  1.49e-01	  1.02e-02	4.02491e-01
  1.49e-01	  1.07e-02	4.37952e-01
  1.49e-01	  1.12e-02	4.59046e-01
  1.49e-01	  1.17e-02	4.72969e-01
  1.49e-01	  1.22e-02	4.82901e-01
  1.49e-01	  1.28e-02	4.90400e-01
  1.49e-01	  1.33e-02	4.96296e-01
  1.49e-01	  1.38e-02	5.01073e-01
  1.49e-01	  1.43e-02	5.05025e-01
  1.49e-01	  1.48e-02	5.08346e-01
  1.49e-01	  1.54e-02	5.11166e-01
  1.49e-01	  1.59e-02	5.13579e-01
  1.49e-01	  1.64e-02	5.15654e-01
  1.49e-01	  1.69e-02	5.17443e-01
  1.49e-01	  1.74e-02	5.18986e-01
  1.49e-01	  1.80e-02	5.20317e-01
  1.49e-01	  1.85e-02	5.21463e-01
  1.49e-01	  1.90e-02	5.22447e-01
  1.49e-01	  1.95e-02	5.23288e-01
  1.49e-01	  2.01e-02	5.24004e-01
  1.49e-01	  2.06e-02	5.24610e-01
  1.49e-01	  2.11e-02	5.25117e-01
  1.49e-01	  2.16e-02	5.25540e-01
  1.49e-01	  2.21e-02	5.25886e-01
  1.49e-01	  2.27e-02	5.26165e-01
  1.49e-01	  2.32e-02	5.26384e-01
  1.49e-01	  2.37e-02	5.26547e-01
  1.49e-01	  2.42e-02	5.26660e-01
  1.49e-01	  2.47e-02	5.26724e-01
  1.49e-01	  2.53e-02	5.26740e-01
  1.49e-01	  2.58e-02	5.26706e-01
  1.49e-01	  2.63e-02	5.26622e-01
  1.49e-01	  2.68e-02	5.26481e-01
  1.49e-01	  2.73e-02	5.26279e-01
  1.49e-01	  2.79e-02	5.26008e-01
  1.49e-01	  2.84e-02	5.25659e-01
  1.49e-01	  2.89e-02	5.25223e-01
  1.49e-01	  2.94e-02	5.24687e-01
  1.49e-01	  2.99e-02	5.24039e-01
  1.49e-01	  3.05e-02	5.23262e-01
  1.49e-01	  3.10e-02	5.22339e-01
  1.49e-01	  3.15e-02	5.21250e-01
  1.49e-01	  3.20e-02	5.19973e-01
  1.49e-01	  3.26e-02	5.18479e-01
  1.49e-01	  3.31e-02	5.16736e-01
  1.49e-01	  3.36e-02	5.14702e-01
  1.49e-01	  3.41e-02	5.12325e-01
  1.49e-01	  3.46e-02	5.09536e-01
  1.49e-01	  3.52e-02	5.06241e-01
  1.49e-01	  3.57e-02	5.02307e-01
  1.49e-01	  3.62e-02	4.97543e-01
  1.49e-01	  3.67e-02	4.91649e-01
  1.49e-01	  3.72e-02	4.84145e-01
  1.49e-01	  3.78e-02	4.74193e-01
  1.49e-01	  3.83e-02	4.60230e-01
  1.49e-01	  3.88e-02	4.39070e-01
  1.49e-01	  3.93e-02	4.03506e-01
  1.49e-01	  3.98e-02	3.23203e-01
  1.49e-01	  4.04e-02	1.41484e-33
  1.49e-01	  4.09e-02	2.12048e-66
  1.49e-01	  4.14e-02	3.17802e-99
  1.49e-01	  4.19e-02	4.76299e-132
  1.49e-01	  4.24e-02	1.66939e-153
  1.49e-01	  4.30e-02	1.66939e-153
  1.49e-01	  4.35e-02	1.66939e-153
  1.49e-01	  4.40e-02	1.66939e-153
  1.49e-01	  4.45e-02	1.66939e-153
  1.49e-01	  4.51e-02	1.66939e-153
  1.49e-01	  4.56e-02	1.66939e-153
  1.49e-01	  4.61e-02	1.66939e-153
  1.49e-01	  4.66e-02	1.66939e-153
  1.49e-01	  4.71e-02	1.66939e-153
  1.49e-01	  4.77e-02	1.66939e-153
  1.49e-01	  4.82e-02	1.66939e-153
  1.49e-01	  4.87e-02	1.66939e-153
  1.49e-01	  4.92e-02	1.66939e-153
  1.49e-01	  4.97e-02	1.66939e-153

