  0.00e+00	  0.00e+00	0.00000e+00
  0.00e+00	  5.21e-04	0.00000e+00
  0.00e+00	  1.04e-03	0.00000e+00
  0.00e+00	  1.56e-03	0.00000e+00
  0.00e+00	  2.08e-03	0.00000e+00
  0.00e+00	  2.60e-03	0.00000e+00
  0.00e+00	  3.12e-03	0.00000e+00
  0.00e+00	  3.65e-03	0.00000e+00
  0.00e+00	  4.17e-03	0.00000e+00
  0.00e+00	  4.69e-03	0.00000e+00
  0.00e+00	  5.21e-03	0.00000e+00
  0.00e+00	  5.73e-03	0.00000e+00
  0.00e+00	  6.25e-03	0.00000e+00
  0.00e+00	  6.77e-03	0.00000e+00
  0.00e+00	  7.29e-03	0.00000e+00
  0.00e+00	  7.81e-03	0.00000e+00
  0.00e+00	  8.33e-03	0.00000e+00
  0.00e+00	  8.85e-03	0.00000e+00
  0.00e+00	  9.37e-03	0.00000e+00
  0.00e+00	  9.90e-03	0.00000e+00
  0.00e+00	  1.04e-02	0.00000e+00
  0.00e+00	  1.09e-02	0.00000e+00
  0.00e+00	  1.15e-02	0.00000e+00
  0.00e+00	  1.20e-02	0.00000e+00
  0.00e+00	  1.25e-02	0.00000e+00
  0.00e+00	  1.30e-02	0.00000e+00
  0.00e+00	  1.35e-02	0.00000e+00
  0.00e+00	  1.41e-02	0.00000e+00
  0.00e+00	  1.46e-02	0.00000e+00
  0.00e+00	  1.51e-02	0.00000e+00
  0.00e+00	  1.56e-02	0.00000e+00
  0.00e+00	  1.61e-02	0.00000e+00
  0.00e+00	  1.67e-02	0.00000e+00
  0.00e+00	  1.72e-02	0.00000e+00
  0.00e+00	  1.77e-02	0.00000e+00
  0.00e+00	  1.82e-02	0.00000e+00
  0.00e+00	  1.88e-02	0.00000e+00
  0.00e+00	  1.93e-02	0.00000e+00
  0.00e+00	  1.98e-02	0.00000e+00
  0.00e+00	  2.03e-02	0.00000e+00
  0.00e+00	  2.08e-02	0.00000e+00
  0.00e+00	  2.14e-02	0.00000e+00
  0.00e+00	  2.19e-02	0.00000e+00
  0.00e+00	  2.24e-02	0.00000e+00
  0.00e+00	  2.29e-02	0.00000e+00
  0.00e+00	  2.34e-02	0.00000e+00
  0.00e+00	  2.40e-02	0.00000e+00
  0.00e+00	  2.45e-02	0.00000e+00
  0.00e+00	  2.50e-02	0.00000e+00
  0.00e+00	  2.55e-02	0.00000e+00
  0.00e+00	  2.60e-02	0.00000e+00
  0.00e+00	  2.66e-02	0.00000e+00
  0.00e+00	  2.71e-02	0.00000e+00
  0.00e+00	  2.76e-02	0.00000e+00
  0.00e+00	  2.81e-02	0.00000e+00
  0.00e+00	  2.86e-02	0.00000e+00
  0.00e+00	  2.92e-02	0.00000e+00
  0.00e+00	  2.97e-02	0.00000e+00
  0.00e+00	  3.02e-02	0.00000e+00
  0.00e+00	  3.07e-02	0.00000e+00
  0.00e+00	  3.13e-02	0.00000e+00
  0.00e+00	  3.18e-02	0.00000e+00
  0.00e+00	  3.23e-02	0.00000e+00
  0.00e+00	  3.28e-02	0.00000e+00
  0.00e+00	  3.33e-02	0.00000e+00
  0.00e+00	  3.39e-02	0.00000e+00
  0.00e+00	  3.44e-02	0.00000e+00
  0.00e+00	  3.49e-02	0.00000e+00
  0.00e+00	  3.54e-02	0.00000e+00
  0.00e+00	  3.59e-02	0.00000e+00
  0.00e+00	  3.65e-02	0.00000e+00
  0.00e+00	  3.70e-02	0.00000e+00
  0.00e+00	  3.75e-02	0.00000e+00
  0.00e+00	  3.80e-02	0.00000e+00
  0.00e+00	  3.85e-02	0.00000e+00
  0.00e+00	  3.91e-02	0.00000e+00
  0.00e+00	  3.96e-02	0.00000e+00
  0.00e+00	  4.01e-02	0.00000e+00
  0.00e+00	  4.06e-02	0.00000e+00
  0.00e+00	  4.11e-02	0.00000e+00
  0.00e+00	  4.17e-02	0.00000e+00
  0.00e+00	  4.22e-02	0.00000e+00
  0.00e+00	  4.27e-02	0.00000e+00
  0.00e+00	  4.32e-02	0.00000e+00
  0.00e+00	  4.37e-02	0.00000e+00
  0.00e+00	  4.43e-02	0.00000e+00
  0.00e+00	  4.48e-02	0.00000e+00
  0.00e+00	  4.53e-02	0.00000e+00
  0.00e+00	  4.58e-02	0.00000e+00
  0.00e+00	  4.64e-02	0.00000e+00
  0.00e+00	  4.69e-02	0.00000e+00
  0.00e+00	  4.74e-02	0.00000e+00
  0.00e+00	  4.79e-02	0.00000e+00
  0.00e+00	  4.84e-02	0.00000e+00
  0.00e+00	  4.90e-02	0.00000e+00
  0.00e+00	  4.95e-02	0.00000e+00

  3.91e-04	  0.00e+00	0.00000e+00
  3.91e-04	  5.21e-04	0.00000e+00
  3.91e-04	  1.04e-03	0.00000e+00
  3.91e-04	  1.56e-03	0.00000e+00
  3.91e-04	  2.08e-03	0.00000e+00
  3.91e-04	  2.60e-03	0.00000e+00
  3.91e-04	  3.12e-03	0.00000e+00
  3.91e-04	  3.65e-03	0.00000e+00
  3.91e-04	  4.17e-03	0.00000e+00
  3.91e-04	  4.69e-03	0.00000e+00
  3.91e-04	  5.21e-03	0.00000e+00
  3.91e-04	  5.73e-03	0.00000e+00
  3.91e-04	  6.25e-03	0.00000e+00
  3.91e-04	  6.77e-03	0.00000e+00
  3.91e-04	  7.29e-03	0.00000e+00
  3.91e-04	  7.81e-03	0.00000e+00
  3.91e-04	  8.33e-03	0.00000e+00
  3.91e-04	  8.85e-03	0.00000e+00
  3.91e-04	  9.37e-03	-3.20897e-30
  3.91e-04	  9.90e-03	3.97749e-03
  3.91e-04	  1.04e-02	2.79206e-03
  3.91e-04	  1.09e-02	2.04550e-03
  3.91e-04	  1.15e-02	1.58146e-03
  3.91e-04	  1.20e-02	1.27799e-03
  3.91e-04	  1.25e-02	1.07046e-03
  3.91e-04	  1.30e-02	9.21447e-04
  3.91e-04	  1.35e-02	8.09653e-04
  3.91e-04	  1.41e-02	7.22670e-04
  3.91e-04	  1.46e-02	6.52924e-04
  3.91e-04	  1.51e-02	5.95564e-04
  3.91e-04	  1.56e-02	5.47350e-04
  3.91e-04	  1.61e-02	5.06030e-04
  3.91e-04	  1.67e-02	4.69991e-04
  3.91e-04	  1.72e-02	4.38046e-04
  3.91e-04	  1.77e-02	4.09298e-04
  3.91e-04	  1.82e-02	3.83059e-04
  3.91e-04	  1.88e-02	3.58788e-04
  3.91e-04	  1.93e-02	3.36056e-04
  3.91e-04	  1.98e-02	3.14516e-04
  3.91e-04	  2.03e-02	2.93884e-04
  3.91e-04	  2.08e-02	2.73926e-04
  3.91e-04	  2.14e-02	2.54446e-04
  3.91e-04	  2.19e-02	2.35280e-04
  3.91e-04	  2.24e-02	2.16285e-04
  3.91e-04	  2.29e-02	1.97338e-04
  3.91e-04	  2.34e-02	1.78331e-04
  3.91e-04	  2.40e-02	1.59167e-04
  3.91e-04	  2.45e-02	1.39757e-04
  3.91e-04	  2.50e-02	1.20015e-04
  3.91e-04	  2.55e-02	9.98615e-05
  3.91e-04	  2.60e-02	7.92142e-05
  3.91e-04	  2.66e-02	5.79890e-05
  3.91e-04	  2.71e-02	3.60962e-05
  3.91e-04	  2.76e-02	1.34376e-05
  3.91e-04	  2.81e-02	-1.00971e-05
  3.91e-04	  2.86e-02	-3.46350e-05
  3.91e-04	  2.92e-02	-6.03246e-05
  3.91e-04	  2.97e-02	-8.73429e-05
  3.91e-04	  3.02e-02	-1.15903e-04
  3.91e-04	  3.07e-02	-1.46267e-04
  3.91e-04	  3.13e-02	-1.78756e-04
  3.91e-04	  3.18e-02	-2.13776e-04
  3.91e-04	  3.23e-02	-2.51842e-04
  3.91e-04	  3.28e-02	-2.93614e-04
  3.91e-04	  3.33e-02	-3.39963e-04
  3.91e-04	  3.39e-02	-3.92049e-04
  3.91e-04	  3.44e-02	-4.51457e-04
  3.91e-04	  3.49e-02	-5.20411e-04
  3.91e-04	  3.54e-02	-6.02127e-04
  3.91e-04	  3.59e-02	-7.01431e-04
  3.91e-04	  3.65e-02	-8.25876e-04
  3.91e-04	  3.70e-02	-9.87856e-04
  3.91e-04	  3.75e-02	-1.20864e-03
  3.91e-04	  3.80e-02	-1.52564e-03
  3.91e-04	  3.85e-02	-2.00339e-03
  3.91e-04	  3.91e-02	-2.76364e-03
  3.91e-04	  3.96e-02	-3.96310e-03
  3.91e-04	  4.01e-02	3.20770e-30
  3.91e-04	  4.06e-02	0.00000e+00
  3.91e-04	  4.11e-02	0.00000e+00
  3.91e-04	  4.17e-02	0.00000e+00
  3.91e-04	  4.22e-02	0.00000e+00
  3.91e-04	  4.27e-02	0.00000e+00
  3.91e-04	  4.32e-02	0.00000e+00
  3.91e-04	  4.37e-02	0.00000e+00
  3.91e-04	  4.43e-02	0.00000e+00
  3.91e-04	  4.48e-02	0.00000e+00
  3.91e-04	  4.53e-02	0.00000e+00
  3.91e-04	  4.58e-02	0.00000e+00
  3.91e-04	  4.64e-02	0.00000e+00
  3.91e-04	  4.69e-02	0.00000e+00
  3.91e-04	  4.74e-02	0.00000e+00
  3.91e-04	  4.79e-02	0.00000e+00
  3.91e-04	  4.84e-02	0.00000e+00
  3.91e-04	  4.90e-02	0.00000e+00
  3.91e-04	  4.95e-02	0.00000e+00

  1.17e-03	  0.00e+00	0.00000e+00
  1.17e-03	  5.21e-04	0.00000e+00
  1.17e-03	  1.04e-03	0.00000e+00
  1.17e-03	  1.56e-03	0.00000e+00
  1.17e-03	  2.08e-03	0.00000e+00
  1.17e-03	  2.60e-03	0.00000e+00
  1.17e-03	  3.12e-03	0.00000e+00
  1.17e-03	  3.65e-03	0.00000e+00
  1.17e-03	  4.17e-03	0.00000e+00
  1.17e-03	  4.69e-03	0.00000e+00
  1.17e-03	  5.21e-03	0.00000e+00
  1.17e-03	  5.73e-03	0.00000e+00
  1.17e-03	  6.25e-03	0.00000e+00
  1.17e-03	  6.77e-03	0.00000e+00
  1.17e-03	  7.29e-03	0.00000e+00
  1.17e-03	  7.81e-03	0.00000e+00
  1.17e-03	  8.33e-03	0.00000e+00
  1.17e-03	  8.85e-03	0.00000e+00
  1.17e-03	  9.37e-03	-3.20734e-30
  1.17e-03	  9.90e-03	4.84597e-03
  1.17e-03	  1.04e-02	4.13303e-03
  1.17e-03	  1.09e-02	3.37409e-03
  1.17e-03	  1.15e-02	2.79259e-03
  1.17e-03	  1.20e-02	2.35252e-03
  1.17e-03	  1.25e-02	2.02074e-03
  1.17e-03	  1.30e-02	1.76717e-03
  1.17e-03	  1.35e-02	1.56901e-03
  1.17e-03	  1.41e-02	1.41051e-03
  1.17e-03	  1.46e-02	1.28092e-03
  1.17e-03	  1.51e-02	1.17283e-03
  1.17e-03	  1.56e-02	1.08101e-03
  1.17e-03	  1.61e-02	1.00167e-03
  1.17e-03	  1.67e-02	9.32031e-04
  1.17e-03	  1.72e-02	8.69978e-04
  1.17e-03	  1.77e-02	8.13898e-04
  1.17e-03	  1.82e-02	7.62526e-04
  1.17e-03	  1.88e-02	7.14862e-04
  1.17e-03	  1.93e-02	6.70103e-04
  1.17e-03	  1.98e-02	6.27594e-04
  1.17e-03	  2.03e-02	5.86798e-04
  1.17e-03	  2.08e-02	5.47270e-04
  1.17e-03	  2.14e-02	5.08634e-04
  1.17e-03	  2.19e-02	4.70573e-04
  1.17e-03	  2.24e-02	4.32814e-04
  1.17e-03	  2.29e-02	3.95119e-04
  1.17e-03	  2.34e-02	3.57280e-04
  1.17e-03	  2.40e-02	3.19109e-04
  1.17e-03	  2.45e-02	2.80432e-04
  1.17e-03	  2.50e-02	2.41088e-04
  1.17e-03	  2.55e-02	2.00919e-04
  1.17e-03	  2.60e-02	1.59767e-04
  1.17e-03	  2.66e-02	1.17470e-04
  1.17e-03	  2.71e-02	7.38559e-05
  1.17e-03	  2.76e-02	2.87357e-05
  1.17e-03	  2.81e-02	-1.81024e-05
  1.17e-03	  2.86e-02	-6.69014e-05
  1.17e-03	  2.92e-02	-1.17945e-04
  1.17e-03	  2.97e-02	-1.71569e-04
  1.17e-03	  3.02e-02	-2.28179e-04
  1.17e-03	  3.07e-02	-2.88266e-04
  1.17e-03	  3.13e-02	-3.52436e-04
  1.17e-03	  3.18e-02	-4.21442e-04
  1.17e-03	  3.23e-02	-4.96232e-04
  1.17e-03	  3.28e-02	-5.78014e-04
  1.17e-03	  3.33e-02	-6.68351e-04
  1.17e-03	  3.39e-02	-7.69292e-04
  1.17e-03	  3.44e-02	-8.83575e-04
  1.17e-03	  3.49e-02	-1.01493e-03
  1.17e-03	  3.54e-02	-1.16853e-03
  1.17e-03	  3.59e-02	-1.35174e-03
  1.17e-03	  3.65e-02	-1.57525e-03
  1.17e-03	  3.70e-02	-1.85479e-03
  1.17e-03	  3.75e-02	-2.21309e-03
  1.17e-03	  3.80e-02	-2.68013e-03
  1.17e-03	  3.85e-02	-3.28889e-03
  1.17e-03	  3.91e-02	-4.07519e-03
  1.17e-03	  3.96e-02	-4.81661e-03
  1.17e-03	  4.01e-02	3.20606e-30
  1.17e-03	  4.06e-02	0.00000e+00
  1.17e-03	  4.11e-02	0.00000e+00
  1.17e-03	  4.17e-02	0.00000e+00
  1.17e-03	  4.22e-02	0.00000e+00
  1.17e-03	  4.27e-02	0.00000e+00
  1.17e-03	  4.32e-02	0.00000e+00
  1.17e-03	  4.37e-02	0.00000e+00
  1.17e-03	  4.43e-02	0.00000e+00
  1.17e-03	  4.48e-02	0.00000e+00
  1.17e-03	  4.53e-02	0.00000e+00
  1.17e-03	  4.58e-02	0.00000e+00
  1.17e-03	  4.64e-02	0.00000e+00
  1.17e-03	  4.69e-02	0.00000e+00
  1.17e-03	  4.74e-02	0.00000e+00
  1.17e-03	  4.79e-02	0.00000e+00
  1.17e-03	  4.84e-02	0.00000e+00
  1.17e-03	  4.90e-02	0.00000e+00
  1.17e-03	  4.95e-02	0.00000e+00

  1.95e-03	  0.00e+00	0.00000e+00
  1.95e-03	  5.21e-04	0.00000e+00
  1.95e-03	  1.04e-03	0.00000e+00
  1.95e-03	  1.56e-03	0.00000e+00
  1.95e-03	  2.08e-03	0.00000e+00
  1.95e-03	  2.60e-03	0.00000e+00
  1.95e-03	  3.12e-03	0.00000e+00
  1.95e-03	  3.65e-03	0.00000e+00
  1.95e-03	  4.17e-03	0.00000e+00
  1.95e-03	  4.69e-03	0.00000e+00
  1.95e-03	  5.21e-03	0.00000e+00
  1.95e-03	  5.73e-03	0.00000e+00
  1.95e-03	  6.25e-03	0.00000e+00
  1.95e-03	  6.77e-03	0.00000e+00
  1.95e-03	  7.29e-03	0.00000e+00
  1.95e-03	  7.81e-03	0.00000e+00
  1.95e-03	  8.33e-03	0.00000e+00
  1.95e-03	  8.85e-03	0.00000e+00
  1.95e-03	  9.37e-03	-3.20656e-30
  1.95e-03	  9.90e-03	5.14001e-03
  1.95e-03	  1.04e-02	4.84009e-03
  1.95e-03	  1.09e-02	4.20396e-03
  1.95e-03	  1.15e-02	3.64886e-03
  1.95e-03	  1.20e-02	3.18396e-03
  1.95e-03	  1.25e-02	2.80408e-03
  1.95e-03	  1.30e-02	2.49613e-03
  1.95e-03	  1.35e-02	2.24491e-03
  1.95e-03	  1.41e-02	2.03742e-03
  1.95e-03	  1.46e-02	1.86359e-03
  1.95e-03	  1.51e-02	1.71582e-03
  1.95e-03	  1.56e-02	1.58841e-03
  1.95e-03	  1.61e-02	1.47700e-03
  1.95e-03	  1.67e-02	1.37824e-03
  1.95e-03	  1.72e-02	1.28953e-03
  1.95e-03	  1.77e-02	1.20882e-03
  1.95e-03	  1.82e-02	1.13445e-03
  1.95e-03	  1.88e-02	1.06511e-03
  1.95e-03	  1.93e-02	9.99712e-04
  1.95e-03	  1.98e-02	9.37378e-04
  1.95e-03	  2.03e-02	8.77366e-04
  1.95e-03	  2.08e-02	8.19059e-04
  1.95e-03	  2.14e-02	7.61934e-04
  1.95e-03	  2.19e-02	7.05547e-04
  1.95e-03	  2.24e-02	6.49515e-04
  1.95e-03	  2.29e-02	5.93503e-04
  1.95e-03	  2.34e-02	5.37215e-04
  1.95e-03	  2.40e-02	4.80385e-04
  1.95e-03	  2.45e-02	4.22769e-04
  1.95e-03	  2.50e-02	3.64136e-04
  1.95e-03	  2.55e-02	3.04264e-04
  1.95e-03	  2.60e-02	2.42931e-04
  1.95e-03	  2.66e-02	1.79908e-04
  1.95e-03	  2.71e-02	1.14952e-04
  1.95e-03	  2.76e-02	4.77996e-05
  1.95e-03	  2.81e-02	-2.18458e-05
  1.95e-03	  2.86e-02	-9.43220e-05
  1.95e-03	  2.92e-02	-1.70022e-04
  1.95e-03	  2.97e-02	-2.49409e-04
  1.95e-03	  3.02e-02	-3.33036e-04
  1.95e-03	  3.07e-02	-4.21573e-04
  1.95e-03	  3.13e-02	-5.15832e-04
  1.95e-03	  3.18e-02	-6.16817e-04
  1.95e-03	  3.23e-02	-7.25769e-04
  1.95e-03	  3.28e-02	-8.44248e-04
  1.95e-03	  3.33e-02	-9.74225e-04
  1.95e-03	  3.39e-02	-1.11822e-03
  1.95e-03	  3.44e-02	-1.27950e-03
  1.95e-03	  3.49e-02	-1.46233e-03
  1.95e-03	  3.54e-02	-1.67234e-03
  1.95e-03	  3.59e-02	-1.91704e-03
  1.95e-03	  3.65e-02	-2.20643e-03
  1.95e-03	  3.70e-02	-2.55343e-03
  1.95e-03	  3.75e-02	-2.97315e-03
  1.95e-03	  3.80e-02	-3.47851e-03
  1.95e-03	  3.85e-02	-4.07447e-03
  1.95e-03	  3.91e-02	-4.75186e-03
  1.95e-03	  3.96e-02	-5.09516e-03
  1.95e-03	  4.01e-02	3.20526e-30
  1.95e-03	  4.06e-02	0.00000e+00
  1.95e-03	  4.11e-02	0.00000e+00
  1.95e-03	  4.17e-02	0.00000e+00
  1.95e-03	  4.22e-02	0.00000e+00
  1.95e-03	  4.27e-02	0.00000e+00
  1.95e-03	  4.32e-02	0.00000e+00
  1.95e-03	  4.37e-02	0.00000e+00
  1.95e-03	  4.43e-02	0.00000e+00
  1.95e-03	  4.48e-02	0.00000e+00
  1.95e-03	  4.53e-02	0.00000e+00
  1.95e-03	  4.58e-02	0.00000e+00
  1.95e-03	  4.64e-02	0.00000e+00
  1.95e-03	  4.69e-02	0.00000e+00
  1.95e-03	  4.74e-02	0.00000e+00
  1.95e-03	  4.79e-02	0.00000e+00
  1.95e-03	  4.84e-02	0.00000e+00
  1.95e-03	  4.90e-02	0.00000e+00
  1.95e-03	  4.95e-02	0.00000e+00

  2.73e-03	  0.00e+00	0.00000e+00
  2.73e-03	  5.21e-04	0.00000e+00
  2.73e-03	  1.04e-03	0.00000e+00
  2.73e-03	  1.56e-03	0.00000e+00
  2.73e-03	  2.08e-03	0.00000e+00
  2.73e-03	  2.60e-03	0.00000e+00
  2.73e-03	  3.12e-03	0.00000e+00
  2.73e-03	  3.65e-03	0.00000e+00
  2.73e-03	  4.17e-03	0.00000e+00
  2.73e-03	  4.69e-03	0.00000e+00
  2.73e-03	  5.21e-03	0.00000e+00
  2.73e-03	  5.73e-03	0.00000e+00
  2.73e-03	  6.25e-03	0.00000e+00
  2.73e-03	  6.77e-03	0.00000e+00
  2.73e-03	  7.29e-03	0.00000e+00
  2.73e-03	  7.81e-03	0.00000e+00
  2.73e-03	  8.33e-03	0.00000e+00
  2.73e-03	  8.85e-03	0.00000e+00
  2.73e-03	  9.37e-03	-3.20603e-30
  2.73e-03	  9.90e-03	5.23508e-03
  2.73e-03	  1.04e-02	5.25624e-03
  2.73e-03	  1.09e-02	4.74439e-03
  2.73e-03	  1.15e-02	4.25346e-03
  2.73e-03	  1.20e-02	3.81314e-03
  2.73e-03	  1.25e-02	3.43054e-03
  2.73e-03	  1.30e-02	3.10464e-03
  2.73e-03	  1.35e-02	2.82831e-03
  2.73e-03	  1.41e-02	2.59297e-03
  2.73e-03	  1.46e-02	2.39085e-03
  2.73e-03	  1.51e-02	2.21551e-03
  2.73e-03	  1.56e-02	2.06177e-03
  2.73e-03	  1.61e-02	1.92544e-03
  2.73e-03	  1.67e-02	1.80317e-03
  2.73e-03	  1.72e-02	1.69223e-03
  2.73e-03	  1.77e-02	1.59041e-03
  2.73e-03	  1.82e-02	1.49591e-03
  2.73e-03	  1.88e-02	1.40722e-03
  2.73e-03	  1.93e-02	1.32311e-03
  2.73e-03	  1.98e-02	1.24254e-03
  2.73e-03	  2.03e-02	1.16464e-03
  2.73e-03	  2.08e-02	1.08868e-03
  2.73e-03	  2.14e-02	1.01401e-03
  2.73e-03	  2.19e-02	9.40119e-04
  2.73e-03	  2.24e-02	8.66522e-04
  2.73e-03	  2.29e-02	7.92815e-04
  2.73e-03	  2.34e-02	7.18635e-04
  2.73e-03	  2.40e-02	6.43656e-04
  2.73e-03	  2.45e-02	5.67576e-04
  2.73e-03	  2.50e-02	4.90114e-04
  2.73e-03	  2.55e-02	4.10997e-04
  2.73e-03	  2.60e-02	3.29953e-04
  2.73e-03	  2.66e-02	2.46704e-04
  2.73e-03	  2.71e-02	1.60955e-04
  2.73e-03	  2.76e-02	7.23860e-05
  2.73e-03	  2.81e-02	-1.93593e-05
  2.73e-03	  2.86e-02	-1.14686e-04
  2.73e-03	  2.92e-02	-2.14062e-04
  2.73e-03	  2.97e-02	-3.18036e-04
  2.73e-03	  3.02e-02	-4.27257e-04
  2.73e-03	  3.07e-02	-5.42503e-04
  2.73e-03	  3.13e-02	-6.64708e-04
  2.73e-03	  3.18e-02	-7.95006e-04
  2.73e-03	  3.23e-02	-9.34781e-04
  2.73e-03	  3.28e-02	-1.08573e-03
  2.73e-03	  3.33e-02	-1.24995e-03
  2.73e-03	  3.39e-02	-1.43005e-03
  2.73e-03	  3.44e-02	-1.62927e-03
  2.73e-03	  3.49e-02	-1.85166e-03
  2.73e-03	  3.54e-02	-2.10232e-03
  2.73e-03	  3.59e-02	-2.38756e-03
  2.73e-03	  3.65e-02	-2.71505e-03
  2.73e-03	  3.70e-02	-3.09324e-03
  2.73e-03	  3.75e-02	-3.52913e-03
  2.73e-03	  3.80e-02	-4.02351e-03
  2.73e-03	  3.85e-02	-4.56905e-03
  2.73e-03	  3.91e-02	-5.13627e-03
  2.73e-03	  3.96e-02	-5.17398e-03
  2.73e-03	  4.01e-02	3.20471e-30
  2.73e-03	  4.06e-02	0.00000e+00
  2.73e-03	  4.11e-02	0.00000e+00
  2.73e-03	  4.17e-02	0.00000e+00
  2.73e-03	  4.22e-02	0.00000e+00
  2.73e-03	  4.27e-02	0.00000e+00
  2.73e-03	  4.32e-02	0.00000e+00
  2.73e-03	  4.37e-02	0.00000e+00
  2.73e-03	  4.43e-02	0.00000e+00
  2.73e-03	  4.48e-02	0.00000e+00
  2.73e-03	  4.53e-02	0.00000e+00
  2.73e-03	  4.58e-02	0.00000e+00
  2.73e-03	  4.64e-02	0.00000e+00
  2.73e-03	  4.69e-02	0.00000e+00
  2.73e-03	  4.74e-02	0.00000e+00
  2.73e-03	  4.79e-02	0.00000e+00
  2.73e-03	  4.84e-02	0.00000e+00
  2.73e-03	  4.90e-02	0.00000e+00
  2.73e-03	  4.95e-02	0.00000e+00

  3.52e-03	  0.00e+00	0.00000e+00
  3.52e-03	  5.21e-04	0.00000e+00
  3.52e-03	  1.04e-03	0.00000e+00
  3.52e-03	  1.56e-03	0.00000e+00
  3.52e-03	  2.08e-03	0.00000e+00
  3.52e-03	  2.60e-03	0.00000e+00
  3.52e-03	  3.12e-03	0.00000e+00
  3.52e-03	  3.65e-03	0.00000e+00
  3.52e-03	  4.17e-03	0.00000e+00
  3.52e-03	  4.69e-03	0.00000e+00
  3.52e-03	  5.21e-03	0.00000e+00
  3.52e-03	  5.73e-03	0.00000e+00
  3.52e-03	  6.25e-03	0.00000e+00
  3.52e-03	  6.77e-03	0.00000e+00
  3.52e-03	  7.29e-03	0.00000e+00
  3.52e-03	  7.81e-03	0.00000e+00
  3.52e-03	  8.33e-03	0.00000e+00
  3.52e-03	  8.85e-03	0.00000e+00
  3.52e-03	  9.37e-03	-3.20563e-30
  3.52e-03	  9.90e-03	5.24434e-03
  3.52e-03	  1.04e-02	5.52437e-03
  3.52e-03	  1.09e-02	5.11733e-03
  3.52e-03	  1.15e-02	4.69245e-03
  3.52e-03	  1.20e-02	4.29296e-03
  3.52e-03	  1.25e-02	3.92958e-03
  3.52e-03	  1.30e-02	3.60746e-03
  3.52e-03	  1.35e-02	3.32524e-03
  3.52e-03	  1.41e-02	3.07826e-03
  3.52e-03	  1.46e-02	2.86123e-03
  3.52e-03	  1.51e-02	2.66923e-03
  3.52e-03	  1.56e-02	2.49800e-03
  3.52e-03	  1.61e-02	2.34394e-03
  3.52e-03	  1.67e-02	2.20398e-03
  3.52e-03	  1.72e-02	2.07558e-03
  3.52e-03	  1.77e-02	1.95659e-03
  3.52e-03	  1.82e-02	1.84518e-03
  3.52e-03	  1.88e-02	1.73983e-03
  3.52e-03	  1.93e-02	1.63925e-03
  3.52e-03	  1.98e-02	1.54233e-03
  3.52e-03	  2.03e-02	1.44814e-03
  3.52e-03	  2.08e-02	1.35588e-03
  3.52e-03	  2.14e-02	1.26484e-03
  3.52e-03	  2.19e-02	1.17444e-03
  3.52e-03	  2.24e-02	1.08415e-03
  3.52e-03	  2.29e-02	9.93524e-04
  3.52e-03	  2.34e-02	9.02144e-04
  3.52e-03	  2.40e-02	8.09647e-04
  3.52e-03	  2.45e-02	7.15697e-04
  3.52e-03	  2.50e-02	6.19976e-04
  3.52e-03	  2.55e-02	5.22180e-04
  3.52e-03	  2.60e-02	4.22007e-04
  3.52e-03	  2.66e-02	3.19147e-04
  3.52e-03	  2.71e-02	2.13276e-04
  3.52e-03	  2.76e-02	1.04040e-04
  3.52e-03	  2.81e-02	-8.94914e-06
  3.52e-03	  2.86e-02	-1.26133e-04
  3.52e-03	  2.92e-02	-2.48016e-04
  3.52e-03	  2.97e-02	-3.75189e-04
  3.52e-03	  3.02e-02	-5.08340e-04
  3.52e-03	  3.07e-02	-6.48287e-04
  3.52e-03	  3.13e-02	-7.96000e-04
  3.52e-03	  3.18e-02	-9.52638e-04
  3.52e-03	  3.23e-02	-1.11959e-03
  3.52e-03	  3.28e-02	-1.29852e-03
  3.52e-03	  3.33e-02	-1.49143e-03
  3.52e-03	  3.39e-02	-1.70073e-03
  3.52e-03	  3.44e-02	-1.92931e-03
  3.52e-03	  3.49e-02	-2.18064e-03
  3.52e-03	  3.54e-02	-2.45883e-03
  3.52e-03	  3.59e-02	-2.76864e-03
  3.52e-03	  3.65e-02	-3.11524e-03
  3.52e-03	  3.70e-02	-3.50311e-03
  3.52e-03	  3.75e-02	-3.93343e-03
  3.52e-03	  3.80e-02	-4.40080e-03
  3.52e-03	  3.85e-02	-4.89425e-03
  3.52e-03	  3.91e-02	-5.37112e-03
  3.52e-03	  3.96e-02	-5.16615e-03
  3.52e-03	  4.01e-02	3.20427e-30
  3.52e-03	  4.06e-02	0.00000e+00
  3.52e-03	  4.11e-02	0.00000e+00
  3.52e-03	  4.17e-02	0.00000e+00
  3.52e-03	  4.22e-02	0.00000e+00
  3.52e-03	  4.27e-02	0.00000e+00
  3.52e-03	  4.32e-02	0.00000e+00
  3.52e-03	  4.37e-02	0.00000e+00
  3.52e-03	  4.43e-02	0.00000e+00
  3.52e-03	  4.48e-02	0.00000e+00
  3.52e-03	  4.53e-02	0.00000e+00
  3.52e-03	  4.58e-02	0.00000e+00
  3.52e-03	  4.64e-02	0.00000e+00
  3.52e-03	  4.69e-02	0.00000e+00
  3.52e-03	  4.74e-02	0.00000e+00
  3.52e-03	  4.79e-02	0.00000e+00
  3.52e-03	  4.84e-02	0.00000e+00
  3.52e-03	  4.90e-02	0.00000e+00
  3.52e-03	  4.95e-02	0.00000e+00

  4.30e-03	  0.00e+00	0.00000e+00
  4.30e-03	  5.21e-04	0.00000e+00
  4.30e-03	  1.04e-03	0.00000e+00
  4.30e-03	  1.56e-03	0.00000e+00
  4.30e-03	  2.08e-03	0.00000e+00
  4.30e-03	  2.60e-03	0.00000e+00
  4.30e-03	  3.12e-03	0.00000e+00
  4.30e-03	  3.65e-03	0.00000e+00
  4.30e-03	  4.17e-03	0.00000e+00
  4.30e-03	  4.69e-03	0.00000e+00
  4.30e-03	  5.21e-03	0.00000e+00
  4.30e-03	  5.73e-03	0.00000e+00
  4.30e-03	  6.25e-03	0.00000e+00
  4.30e-03	  6.77e-03	0.00000e+00
  4.30e-03	  7.29e-03	0.00000e+00
  4.30e-03	  7.81e-03	0.00000e+00
  4.30e-03	  8.33e-03	0.00000e+00
  4.30e-03	  8.85e-03	0.00000e+00
  4.30e-03	  9.37e-03	-3.20531e-30
  4.30e-03	  9.90e-03	5.21015e-03
  4.30e-03	  1.04e-02	5.70841e-03
  4.30e-03	  1.09e-02	5.38893e-03
  4.30e-03	  1.15e-02	5.02296e-03
  4.30e-03	  1.20e-02	4.66665e-03
  4.30e-03	  1.25e-02	4.33133e-03
  4.30e-03	  1.30e-02	4.02447e-03
  4.30e-03	  1.35e-02	3.74819e-03
  4.30e-03	  1.41e-02	3.50073e-03
  4.30e-03	  1.46e-02	3.27882e-03
  4.30e-03	  1.51e-02	3.07893e-03
  4.30e-03	  1.56e-02	2.89778e-03
  4.30e-03	  1.61e-02	2.73242e-03
  4.30e-03	  1.67e-02	2.58025e-03
  4.30e-03	  1.72e-02	2.43901e-03
  4.30e-03	  1.77e-02	2.30675e-03
  4.30e-03	  1.82e-02	2.18175e-03
  4.30e-03	  1.88e-02	2.06256e-03
  4.30e-03	  1.93e-02	1.94789e-03
  4.30e-03	  1.98e-02	1.83667e-03
  4.30e-03	  2.03e-02	1.72793e-03
  4.30e-03	  2.08e-02	1.62086e-03
  4.30e-03	  2.14e-02	1.51474e-03
  4.30e-03	  2.19e-02	1.40896e-03
  4.30e-03	  2.24e-02	1.30296e-03
  4.30e-03	  2.29e-02	1.19628e-03
  4.30e-03	  2.34e-02	1.08848e-03
  4.30e-03	  2.40e-02	9.79177e-04
  4.30e-03	  2.45e-02	8.68022e-04
  4.30e-03	  2.50e-02	7.54684e-04
  4.30e-03	  2.55e-02	6.38844e-04
  4.30e-03	  2.60e-02	5.20189e-04
  4.30e-03	  2.66e-02	3.98402e-04
  4.30e-03	  2.71e-02	2.73148e-04
  4.30e-03	  2.76e-02	1.44069e-04
  4.30e-03	  2.81e-02	1.07695e-05
  4.30e-03	  2.86e-02	-1.27195e-04
  4.30e-03	  2.92e-02	-2.70331e-04
  4.30e-03	  2.97e-02	-4.19224e-04
  4.30e-03	  3.02e-02	-5.74555e-04
  4.30e-03	  3.07e-02	-7.37121e-04
  4.30e-03	  3.13e-02	-9.07854e-04
  4.30e-03	  3.18e-02	-1.08785e-03
  4.30e-03	  3.23e-02	-1.27841e-03
  4.30e-03	  3.28e-02	-1.48105e-03
  4.30e-03	  3.33e-02	-1.69754e-03
  4.30e-03	  3.39e-02	-1.92995e-03
  4.30e-03	  3.44e-02	-2.18069e-03
  4.30e-03	  3.49e-02	-2.45252e-03
  4.30e-03	  3.54e-02	-2.74855e-03
  4.30e-03	  3.59e-02	-3.07210e-03
  4.30e-03	  3.65e-02	-3.42629e-03
  4.30e-03	  3.70e-02	-3.81265e-03
  4.30e-03	  3.75e-02	-4.22883e-03
  4.30e-03	  3.80e-02	-4.66709e-03
  4.30e-03	  3.85e-02	-5.11593e-03
  4.30e-03	  3.91e-02	-5.52011e-03
  4.30e-03	  3.96e-02	-5.11393e-03
  4.30e-03	  4.01e-02	3.20391e-30
  4.30e-03	  4.06e-02	0.00000e+00
  4.30e-03	  4.11e-02	0.00000e+00
  4.30e-03	  4.17e-02	0.00000e+00
  4.30e-03	  4.22e-02	0.00000e+00
  4.30e-03	  4.27e-02	0.00000e+00
  4.30e-03	  4.32e-02	0.00000e+00
  4.30e-03	  4.37e-02	0.00000e+00
  4.30e-03	  4.43e-02	0.00000e+00
  4.30e-03	  4.48e-02	0.00000e+00
  4.30e-03	  4.53e-02	0.00000e+00
  4.30e-03	  4.58e-02	0.00000e+00
  4.30e-03	  4.64e-02	0.00000e+00
  4.30e-03	  4.69e-02	0.00000e+00
  4.30e-03	  4.74e-02	0.00000e+00
  4.30e-03	  4.79e-02	0.00000e+00
  4.30e-03	  4.84e-02	0.00000e+00
  4.30e-03	  4.90e-02	0.00000e+00
  4.30e-03	  4.95e-02	0.00000e+00

  5.08e-03	  0.00e+00	0.00000e+00
  5.08e-03	  5.21e-04	0.00000e+00
  5.08e-03	  1.04e-03	0.00000e+00
  5.08e-03	  1.56e-03	0.00000e+00
  5.08e-03	  2.08e-03	0.00000e+00
  5.08e-03	  2.60e-03	0.00000e+00
  5.08e-03	  3.12e-03	0.00000e+00
  5.08e-03	  3.65e-03	0.00000e+00
  5.08e-03	  4.17e-03	0.00000e+00
  5.08e-03	  4.69e-03	0.00000e+00
  5.08e-03	  5.21e-03	0.00000e+00
  5.08e-03	  5.73e-03	0.00000e+00
  5.08e-03	  6.25e-03	0.00000e+00
  5.08e-03	  6.77e-03	0.00000e+00
  5.08e-03	  7.29e-03	0.00000e+00
  5.08e-03	  7.81e-03	0.00000e+00
  5.08e-03	  8.33e-03	0.00000e+00
  5.08e-03	  8.85e-03	0.00000e+00
  5.08e-03	  9.37e-03	-3.20504e-30
  5.08e-03	  9.90e-03	5.15139e-03
  5.08e-03	  1.04e-02	5.83990e-03
  5.08e-03	  1.09e-02	5.59592e-03
  5.08e-03	  1.15e-02	5.28094e-03
  5.08e-03	  1.20e-02	4.96539e-03
  5.08e-03	  1.25e-02	4.66062e-03
  5.08e-03	  1.30e-02	4.37450e-03
  5.08e-03	  1.35e-02	4.11096e-03
  5.08e-03	  1.41e-02	3.87021e-03
  5.08e-03	  1.46e-02	3.65047e-03
  5.08e-03	  1.51e-02	3.44932e-03
  5.08e-03	  1.56e-02	3.26429e-03
  5.08e-03	  1.61e-02	3.09304e-03
  5.08e-03	  1.67e-02	2.93343e-03
  5.08e-03	  1.72e-02	2.78355e-03
  5.08e-03	  1.77e-02	2.64166e-03
  5.08e-03	  1.82e-02	2.50625e-03
  5.08e-03	  1.88e-02	2.37595e-03
  5.08e-03	  1.93e-02	2.24958e-03
  5.08e-03	  1.98e-02	2.12610e-03
  5.08e-03	  2.03e-02	2.00460e-03
  5.08e-03	  2.08e-02	1.88427e-03
  5.08e-03	  2.14e-02	1.76441e-03
  5.08e-03	  2.19e-02	1.64442e-03
  5.08e-03	  2.24e-02	1.52375e-03
  5.08e-03	  2.29e-02	1.40192e-03
  5.08e-03	  2.34e-02	1.27852e-03
  5.08e-03	  2.40e-02	1.15317e-03
  5.08e-03	  2.45e-02	1.02551e-03
  5.08e-03	  2.50e-02	8.95216e-04
  5.08e-03	  2.55e-02	7.61989e-04
  5.08e-03	  2.60e-02	6.25521e-04
  5.08e-03	  2.66e-02	4.85506e-04
  5.08e-03	  2.71e-02	3.41624e-04
  5.08e-03	  2.76e-02	1.93536e-04
  5.08e-03	  2.81e-02	4.08660e-05
  5.08e-03	  2.86e-02	-1.16803e-04
  5.08e-03	  2.92e-02	-2.79946e-04
  5.08e-03	  2.97e-02	-4.49108e-04
  5.08e-03	  3.02e-02	-6.24916e-04
  5.08e-03	  3.07e-02	-8.08101e-04
  5.08e-03	  3.13e-02	-9.99507e-04
  5.08e-03	  3.18e-02	-1.20012e-03
  5.08e-03	  3.23e-02	-1.41106e-03
  5.08e-03	  3.28e-02	-1.63365e-03
  5.08e-03	  3.33e-02	-1.86937e-03
  5.08e-03	  3.39e-02	-2.11992e-03
  5.08e-03	  3.44e-02	-2.38721e-03
  5.08e-03	  3.49e-02	-2.67335e-03
  5.08e-03	  3.54e-02	-2.98057e-03
  5.08e-03	  3.59e-02	-3.31109e-03
  5.08e-03	  3.65e-02	-3.66643e-03
  5.08e-03	  3.70e-02	-4.04617e-03
  5.08e-03	  3.75e-02	-4.44608e-03
  5.08e-03	  3.80e-02	-4.85800e-03
  5.08e-03	  3.85e-02	-5.27048e-03
  5.08e-03	  3.91e-02	-5.61458e-03
  5.08e-03	  3.96e-02	-5.03614e-03
  5.08e-03	  4.01e-02	3.20359e-30
  5.08e-03	  4.06e-02	0.00000e+00
  5.08e-03	  4.11e-02	0.00000e+00
  5.08e-03	  4.17e-02	0.00000e+00
  5.08e-03	  4.22e-02	0.00000e+00
  5.08e-03	  4.27e-02	0.00000e+00
  5.08e-03	  4.32e-02	0.00000e+00
  5.08e-03	  4.37e-02	0.00000e+00
  5.08e-03	  4.43e-02	0.00000e+00
  5.08e-03	  4.48e-02	0.00000e+00
  5.08e-03	  4.53e-02	0.00000e+00
  5.08e-03	  4.58e-02	0.00000e+00
  5.08e-03	  4.64e-02	0.00000e+00
  5.08e-03	  4.69e-02	0.00000e+00
  5.08e-03	  4.74e-02	0.00000e+00
  5.08e-03	  4.79e-02	0.00000e+00
  5.08e-03	  4.84e-02	0.00000e+00
  5.08e-03	  4.90e-02	0.00000e+00
  5.08e-03	  4.95e-02	0.00000e+00

  5.86e-03	  0.00e+00	0.00000e+00
  5.86e-03	  5.21e-04	0.00000e+00
  5.86e-03	  1.04e-03	0.00000e+00
  5.86e-03	  1.56e-03	0.00000e+00
  5.86e-03	  2.08e-03	0.00000e+00
  5.86e-03	  2.60e-03	0.00000e+00
  5.86e-03	  3.12e-03	0.00000e+00
  5.86e-03	  3.65e-03	0.00000e+00
  5.86e-03	  4.17e-03	0.00000e+00
  5.86e-03	  4.69e-03	0.00000e+00
  5.86e-03	  5.21e-03	0.00000e+00
  5.86e-03	  5.73e-03	0.00000e+00
  5.86e-03	  6.25e-03	0.00000e+00
  5.86e-03	  6.77e-03	0.00000e+00
  5.86e-03	  7.29e-03	0.00000e+00
  5.86e-03	  7.81e-03	0.00000e+00
  5.86e-03	  8.33e-03	0.00000e+00
  5.86e-03	  8.85e-03	0.00000e+00
  5.86e-03	  9.37e-03	-3.20482e-30
  5.86e-03	  9.90e-03	5.07772e-03
  5.86e-03	  1.04e-02	5.93601e-03
  5.86e-03	  1.09e-02	5.75966e-03
  5.86e-03	  1.15e-02	5.48919e-03
  5.86e-03	  1.20e-02	5.21084e-03
  5.86e-03	  1.25e-02	4.93641e-03
  5.86e-03	  1.30e-02	4.67330e-03
  5.86e-03	  1.35e-02	4.42626e-03
  5.86e-03	  1.41e-02	4.19671e-03
  5.86e-03	  1.46e-02	3.98394e-03
  5.86e-03	  1.51e-02	3.78636e-03
  5.86e-03	  1.56e-02	3.60210e-03
  5.86e-03	  1.61e-02	3.42933e-03
  5.86e-03	  1.67e-02	3.26631e-03
  5.86e-03	  1.72e-02	3.11142e-03
  5.86e-03	  1.77e-02	2.96317e-03
  5.86e-03	  1.82e-02	2.82023e-03
  5.86e-03	  1.88e-02	2.68140e-03
  5.86e-03	  1.93e-02	2.54558e-03
  5.86e-03	  1.98e-02	2.41183e-03
  5.86e-03	  2.03e-02	2.27929e-03
  5.86e-03	  2.08e-02	2.14721e-03
  5.86e-03	  2.14e-02	2.01494e-03
  5.86e-03	  2.19e-02	1.88190e-03
  5.86e-03	  2.24e-02	1.74757e-03
  5.86e-03	  2.29e-02	1.61152e-03
  5.86e-03	  2.34e-02	1.47333e-03
  5.86e-03	  2.40e-02	1.33265e-03
  5.86e-03	  2.45e-02	1.18917e-03
  5.86e-03	  2.50e-02	1.04258e-03
  5.86e-03	  2.55e-02	8.92599e-04
  5.86e-03	  2.60e-02	7.38957e-04
  5.86e-03	  2.66e-02	5.81379e-04
  5.86e-03	  2.71e-02	4.19583e-04
  5.86e-03	  2.76e-02	2.53269e-04
  5.86e-03	  2.81e-02	8.21087e-05
  5.86e-03	  2.86e-02	-9.42636e-05
  5.86e-03	  2.92e-02	-2.76261e-04
  5.86e-03	  2.97e-02	-4.64358e-04
  5.86e-03	  3.02e-02	-6.59097e-04
  5.86e-03	  3.07e-02	-8.61106e-04
  5.86e-03	  3.13e-02	-1.07111e-03
  5.86e-03	  3.18e-02	-1.28993e-03
  5.86e-03	  3.23e-02	-1.51852e-03
  5.86e-03	  3.28e-02	-1.75795e-03
  5.86e-03	  3.33e-02	-2.00943e-03
  5.86e-03	  3.39e-02	-2.27429e-03
  5.86e-03	  3.44e-02	-2.55399e-03
  5.86e-03	  3.49e-02	-2.85012e-03
  5.86e-03	  3.54e-02	-3.16423e-03
  5.86e-03	  3.59e-02	-3.49768e-03
  5.86e-03	  3.65e-02	-3.85090e-03
  5.86e-03	  3.70e-02	-4.22217e-03
  5.86e-03	  3.75e-02	-4.60643e-03
  5.86e-03	  3.80e-02	-4.99598e-03
  5.86e-03	  3.85e-02	-5.37902e-03
  5.86e-03	  3.91e-02	-5.67154e-03
  5.86e-03	  3.96e-02	-4.94235e-03
  5.86e-03	  4.01e-02	3.20331e-30
  5.86e-03	  4.06e-02	0.00000e+00
  5.86e-03	  4.11e-02	0.00000e+00
  5.86e-03	  4.17e-02	0.00000e+00
  5.86e-03	  4.22e-02	0.00000e+00
  5.86e-03	  4.27e-02	0.00000e+00
  5.86e-03	  4.32e-02	0.00000e+00
  5.86e-03	  4.37e-02	0.00000e+00
  5.86e-03	  4.43e-02	0.00000e+00
  5.86e-03	  4.48e-02	0.00000e+00
  5.86e-03	  4.53e-02	0.00000e+00
  5.86e-03	  4.58e-02	0.00000e+00
  5.86e-03	  4.64e-02	0.00000e+00
  5.86e-03	  4.69e-02	0.00000e+00
  5.86e-03	  4.74e-02	0.00000e+00
  5.86e-03	  4.79e-02	0.00000e+00
  5.86e-03	  4.84e-02	0.00000e+00
  5.86e-03	  4.90e-02	0.00000e+00
  5.86e-03	  4.95e-02	0.00000e+00

  6.64e-03	  0.00e+00	0.00000e+00
  6.64e-03	  5.21e-04	0.00000e+00
  6.64e-03	  1.04e-03	0.00000e+00
  6.64e-03	  1.56e-03	0.00000e+00
  6.64e-03	  2.08e-03	0.00000e+00
  6.64e-03	  2.60e-03	0.00000e+00
  6.64e-03	  3.12e-03	0.00000e+00
  6.64e-03	  3.65e-03	0.00000e+00
  6.64e-03	  4.17e-03	0.00000e+00
  6.64e-03	  4.69e-03	0.00000e+00
  6.64e-03	  5.21e-03	0.00000e+00
  6.64e-03	  5.73e-03	0.00000e+00
  6.64e-03	  6.25e-03	0.00000e+00
  6.64e-03	  6.77e-03	0.00000e+00
  6.64e-03	  7.29e-03	0.00000e+00
  6.64e-03	  7.81e-03	0.00000e+00
  6.64e-03	  8.33e-03	0.00000e+00
  6.64e-03	  8.85e-03	0.00000e+00
  6.64e-03	  9.37e-03	-3.20462e-30
  6.64e-03	  9.90e-03	4.99459e-03
  6.64e-03	  1.04e-02	6.00691e-03
  6.64e-03	  1.09e-02	5.89330e-03
  6.64e-03	  1.15e-02	5.66254e-03
  6.64e-03	  1.20e-02	5.41808e-03
  6.64e-03	  1.25e-02	5.17281e-03
  6.64e-03	  1.30e-02	4.93346e-03
  6.64e-03	  1.35e-02	4.70495e-03
  6.64e-03	  1.41e-02	4.48942e-03
  6.64e-03	  1.46e-02	4.28692e-03
  6.64e-03	  1.51e-02	4.09640e-03
  6.64e-03	  1.56e-02	3.91647e-03
  6.64e-03	  1.61e-02	3.74566e-03
  6.64e-03	  1.67e-02	3.58252e-03
  6.64e-03	  1.72e-02	3.42570e-03
  6.64e-03	  1.77e-02	3.27393e-03
  6.64e-03	  1.82e-02	3.12604e-03
  6.64e-03	  1.88e-02	2.98098e-03
  6.64e-03	  1.93e-02	2.83778e-03
  6.64e-03	  1.98e-02	2.69559e-03
  6.64e-03	  2.03e-02	2.55363e-03
  6.64e-03	  2.08e-02	2.41123e-03
  6.64e-03	  2.14e-02	2.26779e-03
  6.64e-03	  2.19e-02	2.12280e-03
  6.64e-03	  2.24e-02	1.97578e-03
  6.64e-03	  2.29e-02	1.82633e-03
  6.64e-03	  2.34e-02	1.67411e-03
  6.64e-03	  2.40e-02	1.51880e-03
  6.64e-03	  2.45e-02	1.36012e-03
  6.64e-03	  2.50e-02	1.19781e-03
  6.64e-03	  2.55e-02	1.03164e-03
  6.64e-03	  2.60e-02	8.61393e-04
  6.64e-03	  2.66e-02	6.86836e-04
  6.64e-03	  2.71e-02	5.07746e-04
  6.64e-03	  2.76e-02	3.23886e-04
  6.64e-03	  2.81e-02	1.34995e-04
  6.64e-03	  2.86e-02	-5.92180e-05
  6.64e-03	  2.92e-02	-2.59081e-04
  6.64e-03	  2.97e-02	-4.64972e-04
  6.64e-03	  3.02e-02	-6.77326e-04
  6.64e-03	  3.07e-02	-8.96645e-04
  6.64e-03	  3.13e-02	-1.12351e-03
  6.64e-03	  3.18e-02	-1.35858e-03
  6.64e-03	  3.23e-02	-1.60260e-03
  6.64e-03	  3.28e-02	-1.85643e-03
  6.64e-03	  3.33e-02	-2.12099e-03
  6.64e-03	  3.39e-02	-2.39732e-03
  6.64e-03	  3.44e-02	-2.68652e-03
  6.64e-03	  3.49e-02	-2.98974e-03
  6.64e-03	  3.54e-02	-3.30806e-03
  6.64e-03	  3.59e-02	-3.64219e-03
  6.64e-03	  3.65e-02	-3.99178e-03
  6.64e-03	  3.70e-02	-4.35435e-03
  6.64e-03	  3.75e-02	-4.72462e-03
  6.64e-03	  3.80e-02	-5.09556e-03
  6.64e-03	  3.85e-02	-5.45447e-03
  6.64e-03	  3.91e-02	-5.70102e-03
  6.64e-03	  3.96e-02	-4.83800e-03
  6.64e-03	  4.01e-02	3.20305e-30
  6.64e-03	  4.06e-02	0.00000e+00
  6.64e-03	  4.11e-02	0.00000e+00
  6.64e-03	  4.17e-02	0.00000e+00
  6.64e-03	  4.22e-02	0.00000e+00
  6.64e-03	  4.27e-02	0.00000e+00
  6.64e-03	  4.32e-02	0.00000e+00
  6.64e-03	  4.37e-02	0.00000e+00
  6.64e-03	  4.43e-02	0.00000e+00
  6.64e-03	  4.48e-02	0.00000e+00
  6.64e-03	  4.53e-02	0.00000e+00
  6.64e-03	  4.58e-02	0.00000e+00
  6.64e-03	  4.64e-02	0.00000e+00
  6.64e-03	  4.69e-02	0.00000e+00
  6.64e-03	  4.74e-02	0.00000e+00
  6.64e-03	  4.79e-02	0.00000e+00
  6.64e-03	  4.84e-02	0.00000e+00
  6.64e-03	  4.90e-02	0.00000e+00
  6.64e-03	  4.95e-02	0.00000e+00

  7.42e-03	  0.00e+00	0.00000e+00
  7.42e-03	  5.21e-04	0.00000e+00
  7.42e-03	  1.04e-03	0.00000e+00
  7.42e-03	  1.56e-03	0.00000e+00
  7.42e-03	  2.08e-03	0.00000e+00
  7.42e-03	  2.60e-03	0.00000e+00
  7.42e-03	  3.12e-03	0.00000e+00
  7.42e-03	  3.65e-03	0.00000e+00
  7.42e-03	  4.17e-03	0.00000e+00
  7.42e-03	  4.69e-03	0.00000e+00
  7.42e-03	  5.21e-03	0.00000e+00
  7.42e-03	  5.73e-03	0.00000e+00
  7.42e-03	  6.25e-03	0.00000e+00
  7.42e-03	  6.77e-03	0.00000e+00
  7.42e-03	  7.29e-03	0.00000e+00
  7.42e-03	  7.81e-03	0.00000e+00
  7.42e-03	  8.33e-03	0.00000e+00
  7.42e-03	  8.85e-03	0.00000e+00
  7.42e-03	  9.37e-03	-3.20446e-30
  7.42e-03	  9.90e-03	4.90537e-03
  7.42e-03	  1.04e-02	6.05909e-03
  7.42e-03	  1.09e-02	6.00539e-03
  7.42e-03	  1.15e-02	5.81097e-03
  7.42e-03	  1.20e-02	5.59777e-03
  7.42e-03	  1.25e-02	5.38037e-03
  7.42e-03	  1.30e-02	5.16489e-03
  7.42e-03	  1.35e-02	4.95606e-03
  7.42e-03	  1.41e-02	4.75642e-03
  7.42e-03	  1.46e-02	4.56650e-03
  7.42e-03	  1.51e-02	4.38566e-03
  7.42e-03	  1.56e-02	4.21281e-03
  7.42e-03	  1.61e-02	4.04672e-03
  7.42e-03	  1.67e-02	3.88619e-03
  7.42e-03	  1.72e-02	3.73004e-03
  7.42e-03	  1.77e-02	3.57718e-03
  7.42e-03	  1.82e-02	3.42658e-03
  7.42e-03	  1.88e-02	3.27734e-03
  7.42e-03	  1.93e-02	3.12860e-03
  7.42e-03	  1.98e-02	2.97960e-03
  7.42e-03	  2.03e-02	2.82968e-03
  7.42e-03	  2.08e-02	2.67824e-03
  7.42e-03	  2.14e-02	2.52476e-03
  7.42e-03	  2.19e-02	2.36879e-03
  7.42e-03	  2.24e-02	2.20993e-03
  7.42e-03	  2.29e-02	2.04785e-03
  7.42e-03	  2.34e-02	1.88226e-03
  7.42e-03	  2.40e-02	1.71289e-03
  7.42e-03	  2.45e-02	1.53953e-03
  7.42e-03	  2.50e-02	1.36199e-03
  7.42e-03	  2.55e-02	1.18010e-03
  7.42e-03	  2.60e-02	9.93684e-04
  7.42e-03	  2.66e-02	8.02603e-04
  7.42e-03	  2.71e-02	6.06702e-04
  7.42e-03	  2.76e-02	4.05822e-04
  7.42e-03	  2.81e-02	1.99788e-04
  7.42e-03	  2.86e-02	-1.15942e-05
  7.42e-03	  2.92e-02	-2.28550e-04
  7.42e-03	  2.97e-02	-4.51341e-04
  7.42e-03	  3.02e-02	-6.80277e-04
  7.42e-03	  3.07e-02	-9.15720e-04
  7.42e-03	  3.13e-02	-1.15809e-03
  7.42e-03	  3.18e-02	-1.40788e-03
  7.42e-03	  3.23e-02	-1.66565e-03
  7.42e-03	  3.28e-02	-1.93203e-03
  7.42e-03	  3.33e-02	-2.20772e-03
  7.42e-03	  3.39e-02	-2.49350e-03
  7.42e-03	  3.44e-02	-2.79019e-03
  7.42e-03	  3.49e-02	-3.09863e-03
  7.42e-03	  3.54e-02	-3.41952e-03
  7.42e-03	  3.59e-02	-3.75313e-03
  7.42e-03	  3.65e-02	-4.09856e-03
  7.42e-03	  3.70e-02	-4.45289e-03
  7.42e-03	  3.75e-02	-4.81100e-03
  7.42e-03	  3.80e-02	-5.16650e-03
  7.42e-03	  3.85e-02	-5.50518e-03
  7.42e-03	  3.91e-02	-5.70940e-03
  7.42e-03	  3.96e-02	-4.72640e-03
  7.42e-03	  4.01e-02	3.20280e-30
  7.42e-03	  4.06e-02	0.00000e+00
  7.42e-03	  4.11e-02	0.00000e+00
  7.42e-03	  4.17e-02	0.00000e+00
  7.42e-03	  4.22e-02	0.00000e+00
  7.42e-03	  4.27e-02	0.00000e+00
  7.42e-03	  4.32e-02	0.00000e+00
  7.42e-03	  4.37e-02	0.00000e+00
  7.42e-03	  4.43e-02	0.00000e+00
  7.42e-03	  4.48e-02	0.00000e+00
  7.42e-03	  4.53e-02	0.00000e+00
  7.42e-03	  4.58e-02	0.00000e+00
  7.42e-03	  4.64e-02	0.00000e+00
  7.42e-03	  4.69e-02	0.00000e+00
  7.42e-03	  4.74e-02	0.00000e+00
  7.42e-03	  4.79e-02	0.00000e+00
  7.42e-03	  4.84e-02	0.00000e+00
  7.42e-03	  4.90e-02	0.00000e+00
  7.42e-03	  4.95e-02	0.00000e+00

  8.20e-03	  0.00e+00	0.00000e+00
  8.20e-03	  5.21e-04	0.00000e+00
  8.20e-03	  1.04e-03	0.00000e+00
  8.20e-03	  1.56e-03	0.00000e+00
  8.20e-03	  2.08e-03	0.00000e+00
  8.20e-03	  2.60e-03	0.00000e+00
  8.20e-03	  3.12e-03	0.00000e+00
  8.20e-03	  3.65e-03	0.00000e+00
  8.20e-03	  4.17e-03	0.00000e+00
  8.20e-03	  4.69e-03	0.00000e+00
  8.20e-03	  5.21e-03	0.00000e+00
  8.20e-03	  5.73e-03	0.00000e+00
  8.20e-03	  6.25e-03	0.00000e+00
  8.20e-03	  6.77e-03	0.00000e+00
  8.20e-03	  7.29e-03	0.00000e+00
  8.20e-03	  7.81e-03	0.00000e+00
  8.20e-03	  8.33e-03	0.00000e+00
  8.20e-03	  8.85e-03	0.00000e+00
  8.20e-03	  9.37e-03	-3.20431e-30
  8.20e-03	  9.90e-03	4.81223e-03
  8.20e-03	  1.04e-02	6.09693e-03
  8.20e-03	  1.09e-02	6.10172e-03
  8.20e-03	  1.15e-02	5.94145e-03
  8.20e-03	  1.20e-02	5.75761e-03
  8.20e-03	  1.25e-02	5.56702e-03
  8.20e-03	  1.30e-02	5.37537e-03
  8.20e-03	  1.35e-02	5.18702e-03
  8.20e-03	  1.41e-02	5.00466e-03
  8.20e-03	  1.46e-02	4.82910e-03
  8.20e-03	  1.51e-02	4.66000e-03
  8.20e-03	  1.56e-02	4.49645e-03
  8.20e-03	  1.61e-02	4.33738e-03
  8.20e-03	  1.67e-02	4.18173e-03
  8.20e-03	  1.72e-02	4.02845e-03
  8.20e-03	  1.77e-02	3.87657e-03
  8.20e-03	  1.82e-02	3.72522e-03
  8.20e-03	  1.88e-02	3.57356e-03
  8.20e-03	  1.93e-02	3.42087e-03
  8.20e-03	  1.98e-02	3.26651e-03
  8.20e-03	  2.03e-02	3.10989e-03
  8.20e-03	  2.08e-02	2.95051e-03
  8.20e-03	  2.14e-02	2.78796e-03
  8.20e-03	  2.19e-02	2.62184e-03
  8.20e-03	  2.24e-02	2.45187e-03
  8.20e-03	  2.29e-02	2.27776e-03
  8.20e-03	  2.34e-02	2.09931e-03
  8.20e-03	  2.40e-02	1.91634e-03
  8.20e-03	  2.45e-02	1.72869e-03
  8.20e-03	  2.50e-02	1.53626e-03
  8.20e-03	  2.55e-02	1.33894e-03
  8.20e-03	  2.60e-02	1.13666e-03
  8.20e-03	  2.66e-02	9.29348e-04
  8.20e-03	  2.71e-02	7.16937e-04
  8.20e-03	  2.76e-02	4.99366e-04
  8.20e-03	  2.81e-02	2.76564e-04
  8.20e-03	  2.86e-02	4.84482e-05
  8.20e-03	  2.92e-02	-1.85086e-04
  8.20e-03	  2.97e-02	-4.24172e-04
  8.20e-03	  3.02e-02	-6.68976e-04
  8.20e-03	  3.07e-02	-9.19708e-04
  8.20e-03	  3.13e-02	-1.17663e-03
  8.20e-03	  3.18e-02	-1.44005e-03
  8.20e-03	  3.23e-02	-1.71036e-03
  8.20e-03	  3.28e-02	-1.98798e-03
  8.20e-03	  3.33e-02	-2.27343e-03
  8.20e-03	  3.39e-02	-2.56726e-03
  8.20e-03	  3.44e-02	-2.87009e-03
  8.20e-03	  3.49e-02	-3.18253e-03
  8.20e-03	  3.54e-02	-3.50502e-03
  8.20e-03	  3.59e-02	-3.83749e-03
  8.20e-03	  3.65e-02	-4.17868e-03
  8.20e-03	  3.70e-02	-4.52547e-03
  8.20e-03	  3.75e-02	-4.87309e-03
  8.20e-03	  3.80e-02	-5.21562e-03
  8.20e-03	  3.85e-02	-5.53683e-03
  8.20e-03	  3.91e-02	-5.70103e-03
  8.20e-03	  3.96e-02	-4.60976e-03
  8.20e-03	  4.01e-02	3.20257e-30
  8.20e-03	  4.06e-02	0.00000e+00
  8.20e-03	  4.11e-02	0.00000e+00
  8.20e-03	  4.17e-02	0.00000e+00
  8.20e-03	  4.22e-02	0.00000e+00
  8.20e-03	  4.27e-02	0.00000e+00
  8.20e-03	  4.32e-02	0.00000e+00
  8.20e-03	  4.37e-02	0.00000e+00
  8.20e-03	  4.43e-02	0.00000e+00
  8.20e-03	  4.48e-02	0.00000e+00
  8.20e-03	  4.53e-02	0.00000e+00
  8.20e-03	  4.58e-02	0.00000e+00
  8.20e-03	  4.64e-02	0.00000e+00
  8.20e-03	  4.69e-02	0.00000e+00
  8.20e-03	  4.74e-02	0.00000e+00
  8.20e-03	  4.79e-02	0.00000e+00
  8.20e-03	  4.84e-02	0.00000e+00
  8.20e-03	  4.90e-02	0.00000e+00
  8.20e-03	  4.95e-02	0.00000e+00

  8.98e-03	  0.00e+00	0.00000e+00
  8.98e-03	  5.21e-04	0.00000e+00
  8.98e-03	  1.04e-03	0.00000e+00
  8.98e-03	  1.56e-03	0.00000e+00
  8.98e-03	  2.08e-03	0.00000e+00
  8.98e-03	  2.60e-03	0.00000e+00
  8.98e-03	  3.12e-03	0.00000e+00
  8.98e-03	  3.65e-03	0.00000e+00
  8.98e-03	  4.17e-03	0.00000e+00
  8.98e-03	  4.69e-03	0.00000e+00
  8.98e-03	  5.21e-03	0.00000e+00
  8.98e-03	  5.73e-03	0.00000e+00
  8.98e-03	  6.25e-03	0.00000e+00
  8.98e-03	  6.77e-03	0.00000e+00
  8.98e-03	  7.29e-03	0.00000e+00
  8.98e-03	  7.81e-03	0.00000e+00
  8.98e-03	  8.33e-03	0.00000e+00
  8.98e-03	  8.85e-03	0.00000e+00
  8.98e-03	  9.37e-03	-3.20418e-30
  8.98e-03	  9.90e-03	4.71665e-03
  8.98e-03	  1.04e-02	6.12350e-03
  8.98e-03	  1.09e-02	6.18634e-03
  8.98e-03	  1.15e-02	6.05897e-03
  8.98e-03	  1.20e-02	5.90328e-03
  8.98e-03	  1.25e-02	5.73885e-03
  8.98e-03	  1.30e-02	5.57109e-03
  8.98e-03	  1.35e-02	5.40397e-03
  8.98e-03	  1.41e-02	5.24010e-03
  8.98e-03	  1.46e-02	5.08048e-03
  8.98e-03	  1.51e-02	4.92490e-03
  8.98e-03	  1.56e-02	4.77257e-03
  8.98e-03	  1.61e-02	4.62251e-03
  8.98e-03	  1.67e-02	4.47370e-03
  8.98e-03	  1.72e-02	4.32520e-03
  8.98e-03	  1.77e-02	4.17613e-03
  8.98e-03	  1.82e-02	4.02567e-03
  8.98e-03	  1.88e-02	3.87312e-03
  8.98e-03	  1.93e-02	3.71786e-03
  8.98e-03	  1.98e-02	3.55933e-03
  8.98e-03	  2.03e-02	3.39706e-03
  8.98e-03	  2.08e-02	3.23066e-03
  8.98e-03	  2.14e-02	3.05980e-03
  8.98e-03	  2.19e-02	2.88419e-03
  8.98e-03	  2.24e-02	2.70363e-03
  8.98e-03	  2.29e-02	2.51794e-03
  8.98e-03	  2.34e-02	2.32699e-03
  8.98e-03	  2.40e-02	2.13069e-03
  8.98e-03	  2.45e-02	1.92898e-03
  8.98e-03	  2.50e-02	1.72183e-03
  8.98e-03	  2.55e-02	1.50922e-03
  8.98e-03	  2.60e-02	1.29117e-03
  8.98e-03	  2.66e-02	1.06771e-03
  8.98e-03	  2.71e-02	8.38869e-04
  8.98e-03	  2.76e-02	6.04704e-04
  8.98e-03	  2.81e-02	3.65257e-04
  8.98e-03	  2.86e-02	1.20570e-04
  8.98e-03	  2.92e-02	-1.29326e-04
  8.98e-03	  2.97e-02	-3.84418e-04
  8.98e-03	  3.02e-02	-6.44719e-04
  8.98e-03	  3.07e-02	-9.10276e-04
  8.98e-03	  3.13e-02	-1.18118e-03
  8.98e-03	  3.18e-02	-1.45757e-03
  8.98e-03	  3.23e-02	-1.73964e-03
  8.98e-03	  3.28e-02	-2.02765e-03
  8.98e-03	  3.33e-02	-2.32194e-03
  8.98e-03	  3.39e-02	-2.62291e-03
  8.98e-03	  3.44e-02	-2.93100e-03
  8.98e-03	  3.49e-02	-3.24665e-03
  8.98e-03	  3.54e-02	-3.57013e-03
  8.98e-03	  3.59e-02	-3.90111e-03
  8.98e-03	  3.65e-02	-4.23812e-03
  8.98e-03	  3.70e-02	-4.57805e-03
  8.98e-03	  3.75e-02	-4.91650e-03
  8.98e-03	  3.80e-02	-5.24786e-03
  8.98e-03	  3.85e-02	-5.55348e-03
  8.98e-03	  3.91e-02	-5.67902e-03
  8.98e-03	  3.96e-02	-4.48960e-03
  8.98e-03	  4.01e-02	3.20234e-30
  8.98e-03	  4.06e-02	0.00000e+00
  8.98e-03	  4.11e-02	0.00000e+00
  8.98e-03	  4.17e-02	0.00000e+00
  8.98e-03	  4.22e-02	0.00000e+00
  8.98e-03	  4.27e-02	0.00000e+00
  8.98e-03	  4.32e-02	0.00000e+00
  8.98e-03	  4.37e-02	0.00000e+00
  8.98e-03	  4.43e-02	0.00000e+00
  8.98e-03	  4.48e-02	0.00000e+00
  8.98e-03	  4.53e-02	0.00000e+00
  8.98e-03	  4.58e-02	0.00000e+00
  8.98e-03	  4.64e-02	0.00000e+00
  8.98e-03	  4.69e-02	0.00000e+00
  8.98e-03	  4.74e-02	0.00000e+00
  8.98e-03	  4.79e-02	0.00000e+00
  8.98e-03	  4.84e-02	0.00000e+00
  8.98e-03	  4.90e-02	0.00000e+00
  8.98e-03	  4.95e-02	0.00000e+00

  9.77e-03	  0.00e+00	0.00000e+00
  9.77e-03	  5.21e-04	0.00000e+00
  9.77e-03	  1.04e-03	0.00000e+00
  9.77e-03	  1.56e-03	0.00000e+00
  9.77e-03	  2.08e-03	0.00000e+00
  9.77e-03	  2.60e-03	0.00000e+00
  9.77e-03	  3.12e-03	0.00000e+00
  9.77e-03	  3.65e-03	0.00000e+00
  9.77e-03	  4.17e-03	0.00000e+00
  9.77e-03	  4.69e-03	0.00000e+00
  9.77e-03	  5.21e-03	0.00000e+00
  9.77e-03	  5.73e-03	0.00000e+00
  9.77e-03	  6.25e-03	0.00000e+00
  9.77e-03	  6.77e-03	0.00000e+00
  9.77e-03	  7.29e-03	0.00000e+00
  9.77e-03	  7.81e-03	0.00000e+00
  9.77e-03	  8.33e-03	0.00000e+00
  9.77e-03	  8.85e-03	0.00000e+00
  9.77e-03	  9.37e-03	-3.20407e-30
  9.77e-03	  9.90e-03	4.61961e-03
  9.77e-03	  1.04e-02	6.14096e-03
  9.77e-03	  1.09e-02	6.26211e-03
  9.77e-03	  1.15e-02	6.16711e-03
  9.77e-03	  1.20e-02	6.03899e-03
  9.77e-03	  1.25e-02	5.90050e-03
  9.77e-03	  1.30e-02	5.75701e-03
  9.77e-03	  1.35e-02	5.61201e-03
  9.77e-03	  1.41e-02	5.46795e-03
  9.77e-03	  1.46e-02	5.32582e-03
  9.77e-03	  1.51e-02	5.18550e-03
  9.77e-03	  1.56e-02	5.04621e-03
  9.77e-03	  1.61e-02	4.90699e-03
  9.77e-03	  1.67e-02	4.76684e-03
  9.77e-03	  1.72e-02	4.62483e-03
  9.77e-03	  1.77e-02	4.48013e-03
  9.77e-03	  1.82e-02	4.33202e-03
  9.77e-03	  1.88e-02	4.17987e-03
  9.77e-03	  1.93e-02	4.02315e-03
  9.77e-03	  1.98e-02	3.86142e-03
  9.77e-03	  2.03e-02	3.69433e-03
  9.77e-03	  2.08e-02	3.52159e-03
  9.77e-03	  2.14e-02	3.34297e-03
  9.77e-03	  2.19e-02	3.15831e-03
  9.77e-03	  2.24e-02	2.96750e-03
  9.77e-03	  2.29e-02	2.77047e-03
  9.77e-03	  2.34e-02	2.56718e-03
  9.77e-03	  2.40e-02	2.35764e-03
  9.77e-03	  2.45e-02	2.14189e-03
  9.77e-03	  2.50e-02	1.91997e-03
  9.77e-03	  2.55e-02	1.69200e-03
  9.77e-03	  2.60e-02	1.45806e-03
  9.77e-03	  2.66e-02	1.21831e-03
  9.77e-03	  2.71e-02	9.72888e-04
  9.77e-03	  2.76e-02	7.21961e-04
  9.77e-03	  2.81e-02	4.65706e-04
  9.77e-03	  2.86e-02	2.04304e-04
  9.77e-03	  2.92e-02	-6.20642e-05
  9.77e-03	  2.97e-02	-3.33225e-04
  9.77e-03	  3.02e-02	-6.09022e-04
  9.77e-03	  3.07e-02	-8.89325e-04
  9.77e-03	  3.13e-02	-1.17404e-03
  9.77e-03	  3.18e-02	-1.46313e-03
  9.77e-03	  3.23e-02	-1.75660e-03
  9.77e-03	  3.28e-02	-2.05455e-03
  9.77e-03	  3.33e-02	-2.35715e-03
  9.77e-03	  3.39e-02	-2.66466e-03
  9.77e-03	  3.44e-02	-2.97742e-03
  9.77e-03	  3.49e-02	-3.29573e-03
  9.77e-03	  3.54e-02	-3.61974e-03
  9.77e-03	  3.59e-02	-3.94897e-03
  9.77e-03	  3.65e-02	-4.28183e-03
  9.77e-03	  3.70e-02	-4.61534e-03
  9.77e-03	  3.75e-02	-4.94556e-03
  9.77e-03	  3.80e-02	-5.26697e-03
  9.77e-03	  3.85e-02	-5.55816e-03
  9.77e-03	  3.91e-02	-5.64571e-03
  9.77e-03	  3.96e-02	-4.36705e-03
  9.77e-03	  4.01e-02	3.20212e-30
  9.77e-03	  4.06e-02	0.00000e+00
  9.77e-03	  4.11e-02	0.00000e+00
  9.77e-03	  4.17e-02	0.00000e+00
  9.77e-03	  4.22e-02	0.00000e+00
  9.77e-03	  4.27e-02	0.00000e+00
  9.77e-03	  4.32e-02	0.00000e+00
  9.77e-03	  4.37e-02	0.00000e+00
  9.77e-03	  4.43e-02	0.00000e+00
  9.77e-03	  4.48e-02	0.00000e+00
  9.77e-03	  4.53e-02	0.00000e+00
  9.77e-03	  4.58e-02	0.00000e+00
  9.77e-03	  4.64e-02	0.00000e+00
  9.77e-03	  4.69e-02	0.00000e+00
  9.77e-03	  4.74e-02	0.00000e+00
  9.77e-03	  4.79e-02	0.00000e+00
  9.77e-03	  4.84e-02	0.00000e+00
  9.77e-03	  4.90e-02	0.00000e+00
  9.77e-03	  4.95e-02	0.00000e+00

  1.05e-02	  0.00e+00	0.00000e+00
  1.05e-02	  5.21e-04	0.00000e+00
  1.05e-02	  1.04e-03	0.00000e+00
  1.05e-02	  1.56e-03	0.00000e+00
  1.05e-02	  2.08e-03	0.00000e+00
  1.05e-02	  2.60e-03	0.00000e+00
  1.05e-02	  3.12e-03	0.00000e+00
  1.05e-02	  3.65e-03	0.00000e+00
  1.05e-02	  4.17e-03	0.00000e+00
  1.05e-02	  4.69e-03	0.00000e+00
  1.05e-02	  5.21e-03	0.00000e+00
  1.05e-02	  5.73e-03	0.00000e+00
  1.05e-02	  6.25e-03	0.00000e+00
  1.05e-02	  6.77e-03	0.00000e+00
  1.05e-02	  7.29e-03	0.00000e+00
  1.05e-02	  7.81e-03	0.00000e+00
  1.05e-02	  8.33e-03	0.00000e+00
  1.05e-02	  8.85e-03	0.00000e+00
  1.05e-02	  9.37e-03	-3.20398e-30
  1.05e-02	  9.90e-03	4.52172e-03
  1.05e-02	  1.04e-02	6.15074e-03
  1.05e-02	  1.09e-02	6.33094e-03
  1.05e-02	  1.15e-02	6.26836e-03
  1.05e-02	  1.20e-02	6.16781e-03
  1.05e-02	  1.25e-02	6.05557e-03
  1.05e-02	  1.30e-02	5.93711e-03
  1.05e-02	  1.35e-02	5.81547e-03
  1.05e-02	  1.41e-02	5.69278e-03
  1.05e-02	  1.46e-02	5.56992e-03
  1.05e-02	  1.51e-02	5.44673e-03
  1.05e-02	  1.56e-02	5.32237e-03
  1.05e-02	  1.61e-02	5.19583e-03
  1.05e-02	  1.67e-02	5.06605e-03
  1.05e-02	  1.72e-02	4.93211e-03
  1.05e-02	  1.77e-02	4.79321e-03
  1.05e-02	  1.82e-02	4.64868e-03
  1.05e-02	  1.88e-02	4.49798e-03
  1.05e-02	  1.93e-02	4.34069e-03
  1.05e-02	  1.98e-02	4.17649e-03
  1.05e-02	  2.03e-02	4.00514e-03
  1.05e-02	  2.08e-02	3.82648e-03
  1.05e-02	  2.14e-02	3.64042e-03
  1.05e-02	  2.19e-02	3.44692e-03
  1.05e-02	  2.24e-02	3.24596e-03
  1.05e-02	  2.29e-02	3.03761e-03
  1.05e-02	  2.34e-02	2.82192e-03
  1.05e-02	  2.40e-02	2.59902e-03
  1.05e-02	  2.45e-02	2.36902e-03
  1.05e-02	  2.50e-02	2.13210e-03
  1.05e-02	  2.55e-02	1.88845e-03
  1.05e-02	  2.60e-02	1.63828e-03
  1.05e-02	  2.66e-02	1.38184e-03
  1.05e-02	  2.71e-02	1.11940e-03
  1.05e-02	  2.76e-02	8.51246e-04
  1.05e-02	  2.81e-02	5.77704e-04
  1.05e-02	  2.86e-02	2.99105e-04
  1.05e-02	  2.92e-02	1.57923e-05
  1.05e-02	  2.97e-02	-2.71882e-04
  1.05e-02	  3.02e-02	-5.63575e-04
  1.05e-02	  3.07e-02	-8.58958e-04
  1.05e-02	  3.13e-02	-1.15774e-03
  1.05e-02	  3.18e-02	-1.45966e-03
  1.05e-02	  3.23e-02	-1.76456e-03
  1.05e-02	  3.28e-02	-2.07235e-03
  1.05e-02	  3.33e-02	-2.38304e-03
  1.05e-02	  3.39e-02	-2.69676e-03
  1.05e-02	  3.44e-02	-3.01375e-03
  1.05e-02	  3.49e-02	-3.33426e-03
  1.05e-02	  3.54e-02	-3.65833e-03
  1.05e-02	  3.59e-02	-3.98543e-03
  1.05e-02	  3.65e-02	-4.31399e-03
  1.05e-02	  3.70e-02	-4.64125e-03
  1.05e-02	  3.75e-02	-4.96370e-03
  1.05e-02	  3.80e-02	-5.27583e-03
  1.05e-02	  3.85e-02	-5.55314e-03
  1.05e-02	  3.91e-02	-5.60287e-03
  1.05e-02	  3.96e-02	-4.24291e-03
  1.05e-02	  4.01e-02	3.20191e-30
  1.05e-02	  4.06e-02	0.00000e+00
  1.05e-02	  4.11e-02	0.00000e+00
  1.05e-02	  4.17e-02	0.00000e+00
  1.05e-02	  4.22e-02	0.00000e+00
  1.05e-02	  4.27e-02	0.00000e+00
  1.05e-02	  4.32e-02	0.00000e+00
  1.05e-02	  4.37e-02	0.00000e+00
  1.05e-02	  4.43e-02	0.00000e+00
  1.05e-02	  4.48e-02	0.00000e+00
  1.05e-02	  4.53e-02	0.00000e+00
  1.05e-02	  4.58e-02	0.00000e+00
  1.05e-02	  4.64e-02	0.00000e+00
  1.05e-02	  4.69e-02	0.00000e+00
  1.05e-02	  4.74e-02	0.00000e+00
  1.05e-02	  4.79e-02	0.00000e+00
  1.05e-02	  4.84e-02	0.00000e+00
  1.05e-02	  4.90e-02	0.00000e+00
  1.05e-02	  4.95e-02	0.00000e+00

  1.13e-02	  0.00e+00	0.00000e+00
  1.13e-02	  5.21e-04	0.00000e+00
  1.13e-02	  1.04e-03	0.00000e+00
  1.13e-02	  1.56e-03	0.00000e+00
  1.13e-02	  2.08e-03	0.00000e+00
  1.13e-02	  2.60e-03	0.00000e+00
  1.13e-02	  3.12e-03	0.00000e+00
  1.13e-02	  3.65e-03	0.00000e+00
  1.13e-02	  4.17e-03	0.00000e+00
  1.13e-02	  4.69e-03	0.00000e+00
  1.13e-02	  5.21e-03	0.00000e+00
  1.13e-02	  5.73e-03	0.00000e+00
  1.13e-02	  6.25e-03	0.00000e+00
  1.13e-02	  6.77e-03	0.00000e+00
  1.13e-02	  7.29e-03	0.00000e+00
  1.13e-02	  7.81e-03	0.00000e+00
  1.13e-02	  8.33e-03	0.00000e+00
  1.13e-02	  8.85e-03	0.00000e+00
  1.13e-02	  9.37e-03	-3.20391e-30
  1.13e-02	  9.90e-03	4.42320e-03
  1.13e-02	  1.04e-02	6.15356e-03
  1.13e-02	  1.09e-02	6.39382e-03
  1.13e-02	  1.15e-02	6.36419e-03
  1.13e-02	  1.20e-02	6.29174e-03
  1.13e-02	  1.25e-02	6.20662e-03
  1.13e-02	  1.30e-02	6.11451e-03
  1.13e-02	  1.35e-02	6.01799e-03
  1.13e-02	  1.41e-02	5.91871e-03
  1.13e-02	  1.46e-02	5.81733e-03
  1.13e-02	  1.51e-02	5.71346e-03
  1.13e-02	  1.56e-02	5.60615e-03
  1.13e-02	  1.61e-02	5.49423e-03
  1.13e-02	  1.67e-02	5.37658e-03
  1.13e-02	  1.72e-02	5.25223e-03
  1.13e-02	  1.77e-02	5.12040e-03
  1.13e-02	  1.82e-02	4.98050e-03
  1.13e-02	  1.88e-02	4.83207e-03
  1.13e-02	  1.93e-02	4.67482e-03
  1.13e-02	  1.98e-02	4.50857e-03
  1.13e-02	  2.03e-02	4.33325e-03
  1.13e-02	  2.08e-02	4.14882e-03
  1.13e-02	  2.14e-02	3.95535e-03
  1.13e-02	  2.19e-02	3.75293e-03
  1.13e-02	  2.24e-02	3.54169e-03
  1.13e-02	  2.29e-02	3.32179e-03
  1.13e-02	  2.34e-02	3.09342e-03
  1.13e-02	  2.40e-02	2.85679e-03
  1.13e-02	  2.45e-02	2.61213e-03
  1.13e-02	  2.50e-02	2.35972e-03
  1.13e-02	  2.55e-02	2.09985e-03
  1.13e-02	  2.60e-02	1.83284e-03
  1.13e-02	  2.66e-02	1.55904e-03
  1.13e-02	  2.71e-02	1.27886e-03
  1.13e-02	  2.76e-02	9.92707e-04
  1.13e-02	  2.81e-02	7.01057e-04
  1.13e-02	  2.86e-02	4.04404e-04
  1.13e-02	  2.92e-02	1.03274e-04
  1.13e-02	  2.97e-02	-2.01786e-04
  1.13e-02	  3.02e-02	-5.10220e-04
  1.13e-02	  3.07e-02	-8.21475e-04
  1.13e-02	  3.13e-02	-1.13502e-03
  1.13e-02	  3.18e-02	-1.45038e-03
  1.13e-02	  3.23e-02	-1.76714e-03
  1.13e-02	  3.28e-02	-2.08501e-03
  1.13e-02	  3.33e-02	-2.40383e-03
  1.13e-02	  3.39e-02	-2.72361e-03
  1.13e-02	  3.44e-02	-3.04449e-03
  1.13e-02	  3.49e-02	-3.36667e-03
  1.13e-02	  3.54e-02	-3.69020e-03
  1.13e-02	  3.59e-02	-4.01456e-03
  1.13e-02	  3.65e-02	-4.33829e-03
  1.13e-02	  3.70e-02	-4.65902e-03
  1.13e-02	  3.75e-02	-4.97369e-03
  1.13e-02	  3.80e-02	-5.27664e-03
  1.13e-02	  3.85e-02	-5.54012e-03
  1.13e-02	  3.91e-02	-5.55183e-03
  1.13e-02	  3.96e-02	-4.11778e-03
  1.13e-02	  4.01e-02	3.20171e-30
  1.13e-02	  4.06e-02	0.00000e+00
  1.13e-02	  4.11e-02	0.00000e+00
  1.13e-02	  4.17e-02	0.00000e+00
  1.13e-02	  4.22e-02	0.00000e+00
  1.13e-02	  4.27e-02	0.00000e+00
  1.13e-02	  4.32e-02	0.00000e+00
  1.13e-02	  4.37e-02	0.00000e+00
  1.13e-02	  4.43e-02	0.00000e+00
  1.13e-02	  4.48e-02	0.00000e+00
  1.13e-02	  4.53e-02	0.00000e+00
  1.13e-02	  4.58e-02	0.00000e+00
  1.13e-02	  4.64e-02	0.00000e+00
  1.13e-02	  4.69e-02	0.00000e+00
  1.13e-02	  4.74e-02	0.00000e+00
  1.13e-02	  4.79e-02	0.00000e+00
  1.13e-02	  4.84e-02	0.00000e+00
  1.13e-02	  4.90e-02	0.00000e+00
  1.13e-02	  4.95e-02	0.00000e+00

  1.21e-02	  0.00e+00	0.00000e+00
  1.21e-02	  5.21e-04	0.00000e+00
  1.21e-02	  1.04e-03	0.00000e+00
  1.21e-02	  1.56e-03	0.00000e+00
  1.21e-02	  2.08e-03	0.00000e+00
  1.21e-02	  2.60e-03	0.00000e+00
  1.21e-02	  3.12e-03	0.00000e+00
  1.21e-02	  3.65e-03	0.00000e+00
  1.21e-02	  4.17e-03	0.00000e+00
  1.21e-02	  4.69e-03	0.00000e+00
  1.21e-02	  5.21e-03	0.00000e+00
  1.21e-02	  5.73e-03	0.00000e+00
  1.21e-02	  6.25e-03	0.00000e+00
  1.21e-02	  6.77e-03	0.00000e+00
  1.21e-02	  7.29e-03	0.00000e+00
  1.21e-02	  7.81e-03	0.00000e+00
  1.21e-02	  8.33e-03	0.00000e+00
  1.21e-02	  8.85e-03	0.00000e+00
  1.21e-02	  9.37e-03	-3.20385e-30
  1.21e-02	  9.90e-03	4.32381e-03
  1.21e-02	  1.04e-02	6.14928e-03
  1.21e-02	  1.09e-02	6.45067e-03
  1.21e-02	  1.15e-02	6.45489e-03
  1.21e-02	  1.20e-02	6.41165e-03
  1.21e-02	  1.25e-02	6.35521e-03
  1.21e-02	  1.30e-02	6.29156e-03
  1.21e-02	  1.35e-02	6.22267e-03
  1.21e-02	  1.41e-02	6.14960e-03
  1.21e-02	  1.46e-02	6.07253e-03
  1.21e-02	  1.51e-02	5.99073e-03
  1.21e-02	  1.56e-02	5.90297e-03
  1.21e-02	  1.61e-02	5.80787e-03
  1.21e-02	  1.67e-02	5.70419e-03
  1.21e-02	  1.72e-02	5.59091e-03
  1.21e-02	  1.77e-02	5.46728e-03
  1.21e-02	  1.82e-02	5.33280e-03
  1.21e-02	  1.88e-02	5.18717e-03
  1.21e-02	  1.93e-02	5.03026e-03
  1.21e-02	  1.98e-02	4.86207e-03
  1.21e-02	  2.03e-02	4.68270e-03
  1.21e-02	  2.08e-02	4.49233e-03
  1.21e-02	  2.14e-02	4.29118e-03
  1.21e-02	  2.19e-02	4.07949e-03
  1.21e-02	  2.24e-02	3.85754e-03
  1.21e-02	  2.29e-02	3.62561e-03
  1.21e-02	  2.34e-02	3.38402e-03
  1.21e-02	  2.40e-02	3.13307e-03
  1.21e-02	  2.45e-02	2.87311e-03
  1.21e-02	  2.50e-02	2.60450e-03
  1.21e-02	  2.55e-02	2.32763e-03
  1.21e-02	  2.60e-02	2.04291e-03
  1.21e-02	  2.66e-02	1.75081e-03
  1.21e-02	  2.71e-02	1.45186e-03
  1.21e-02	  2.76e-02	1.14659e-03
  1.21e-02	  2.81e-02	8.35642e-04
  1.21e-02	  2.86e-02	5.19674e-04
  1.21e-02	  2.92e-02	1.99408e-04
  1.21e-02	  2.97e-02	-1.24390e-04
  1.21e-02	  3.02e-02	-4.50921e-04
  1.21e-02	  3.07e-02	-7.79369e-04
  1.21e-02	  3.13e-02	-1.10892e-03
  1.21e-02	  3.18e-02	-1.43881e-03
  1.21e-02	  3.23e-02	-1.76833e-03
  1.21e-02	  3.28e-02	-2.09693e-03
  1.21e-02	  3.33e-02	-2.42422e-03
  1.21e-02	  3.39e-02	-2.75004e-03
  1.21e-02	  3.44e-02	-3.07445e-03
  1.21e-02	  3.49e-02	-3.39763e-03
  1.21e-02	  3.54e-02	-3.71968e-03
  1.21e-02	  3.59e-02	-4.04023e-03
  1.21e-02	  3.65e-02	-4.35810e-03
  1.21e-02	  3.70e-02	-4.67142e-03
  1.21e-02	  3.75e-02	-4.97765e-03
  1.21e-02	  3.80e-02	-5.27096e-03
  1.21e-02	  3.85e-02	-5.52015e-03
  1.21e-02	  3.91e-02	-5.49337e-03
  1.21e-02	  3.96e-02	-3.99195e-03
  1.21e-02	  4.01e-02	3.20151e-30
  1.21e-02	  4.06e-02	0.00000e+00
  1.21e-02	  4.11e-02	0.00000e+00
  1.21e-02	  4.17e-02	0.00000e+00
  1.21e-02	  4.22e-02	0.00000e+00
  1.21e-02	  4.27e-02	0.00000e+00
  1.21e-02	  4.32e-02	0.00000e+00
  1.21e-02	  4.37e-02	0.00000e+00
  1.21e-02	  4.43e-02	0.00000e+00
  1.21e-02	  4.48e-02	0.00000e+00
  1.21e-02	  4.53e-02	0.00000e+00
  1.21e-02	  4.58e-02	0.00000e+00
  1.21e-02	  4.64e-02	0.00000e+00
  1.21e-02	  4.69e-02	0.00000e+00
  1.21e-02	  4.74e-02	0.00000e+00
  1.21e-02	  4.79e-02	0.00000e+00
  1.21e-02	  4.84e-02	0.00000e+00
  1.21e-02	  4.90e-02	0.00000e+00
  1.21e-02	  4.95e-02	0.00000e+00

  1.29e-02	  0.00e+00	0.00000e+00
  1.29e-02	  5.21e-04	0.00000e+00
  1.29e-02	  1.04e-03	0.00000e+00
  1.29e-02	  1.56e-03	0.00000e+00
  1.29e-02	  2.08e-03	0.00000e+00
  1.29e-02	  2.60e-03	0.00000e+00
  1.29e-02	  3.12e-03	0.00000e+00
  1.29e-02	  3.65e-03	0.00000e+00
  1.29e-02	  4.17e-03	0.00000e+00
  1.29e-02	  4.69e-03	0.00000e+00
  1.29e-02	  5.21e-03	0.00000e+00
  1.29e-02	  5.73e-03	0.00000e+00
  1.29e-02	  6.25e-03	0.00000e+00
  1.29e-02	  6.77e-03	0.00000e+00
  1.29e-02	  7.29e-03	0.00000e+00
  1.29e-02	  7.81e-03	0.00000e+00
  1.29e-02	  8.33e-03	0.00000e+00
  1.29e-02	  8.85e-03	0.00000e+00
  1.29e-02	  9.37e-03	-3.20380e-30
  1.29e-02	  9.90e-03	4.22267e-03
  1.29e-02	  1.04e-02	6.13655e-03
  1.29e-02	  1.09e-02	6.49992e-03
  1.29e-02	  1.15e-02	6.53921e-03
  1.29e-02	  1.20e-02	6.52695e-03
  1.29e-02	  1.25e-02	6.50171e-03
  1.29e-02	  1.30e-02	6.46968e-03
  1.29e-02	  1.35e-02	6.43212e-03
  1.29e-02	  1.41e-02	6.38918e-03
  1.29e-02	  1.46e-02	6.34027e-03
  1.29e-02	  1.51e-02	6.28410e-03
  1.29e-02	  1.56e-02	6.21897e-03
  1.29e-02	  1.61e-02	6.14323e-03
  1.29e-02	  1.67e-02	6.05547e-03
  1.29e-02	  1.72e-02	5.95466e-03
  1.29e-02	  1.77e-02	5.84014e-03
  1.29e-02	  1.82e-02	5.71157e-03
  1.29e-02	  1.88e-02	5.56888e-03
  1.29e-02	  1.93e-02	5.41217e-03
  1.29e-02	  1.98e-02	5.24171e-03
  1.29e-02	  2.03e-02	5.05784e-03
  1.29e-02	  2.08e-02	4.86096e-03
  1.29e-02	  2.14e-02	4.65149e-03
  1.29e-02	  2.19e-02	4.42985e-03
  1.29e-02	  2.24e-02	4.19648e-03
  1.29e-02	  2.29e-02	3.95179e-03
  1.29e-02	  2.34e-02	3.69620e-03
  1.29e-02	  2.40e-02	3.43013e-03
  1.29e-02	  2.45e-02	3.15400e-03
  1.29e-02	  2.50e-02	2.86825e-03
  1.29e-02	  2.55e-02	2.57336e-03
  1.29e-02	  2.60e-02	2.26983e-03
  1.29e-02	  2.66e-02	1.95823e-03
  1.29e-02	  2.71e-02	1.63916e-03
  1.29e-02	  2.76e-02	1.31333e-03
  1.29e-02	  2.81e-02	9.81501e-04
  1.29e-02	  2.86e-02	6.44513e-04
  1.29e-02	  2.92e-02	3.03299e-04
  1.29e-02	  2.97e-02	-4.11366e-05
  1.29e-02	  3.02e-02	-3.87718e-04
  1.29e-02	  3.07e-02	-7.35318e-04
  1.29e-02	  3.13e-02	-1.08278e-03
  1.29e-02	  3.18e-02	-1.42895e-03
  1.29e-02	  3.23e-02	-1.77275e-03
  1.29e-02	  3.28e-02	-2.11323e-03
  1.29e-02	  3.33e-02	-2.44967e-03
  1.29e-02	  3.39e-02	-2.78167e-03
  1.29e-02	  3.44e-02	-3.10916e-03
  1.29e-02	  3.49e-02	-3.43234e-03
  1.29e-02	  3.54e-02	-3.75144e-03
  1.29e-02	  3.59e-02	-4.06640e-03
  1.29e-02	  3.65e-02	-4.37655e-03
  1.29e-02	  3.70e-02	-4.68071e-03
  1.29e-02	  3.75e-02	-4.97699e-03
  1.29e-02	  3.80e-02	-5.25947e-03
  1.29e-02	  3.85e-02	-5.49346e-03
  1.29e-02	  3.91e-02	-5.42759e-03
  1.29e-02	  3.96e-02	-3.86535e-03
  1.29e-02	  4.01e-02	3.20132e-30
  1.29e-02	  4.06e-02	0.00000e+00
  1.29e-02	  4.11e-02	0.00000e+00
  1.29e-02	  4.17e-02	0.00000e+00
  1.29e-02	  4.22e-02	0.00000e+00
  1.29e-02	  4.27e-02	0.00000e+00
  1.29e-02	  4.32e-02	0.00000e+00
  1.29e-02	  4.37e-02	0.00000e+00
  1.29e-02	  4.43e-02	0.00000e+00
  1.29e-02	  4.48e-02	0.00000e+00
  1.29e-02	  4.53e-02	0.00000e+00
  1.29e-02	  4.58e-02	0.00000e+00
  1.29e-02	  4.64e-02	0.00000e+00
  1.29e-02	  4.69e-02	0.00000e+00
  1.29e-02	  4.74e-02	0.00000e+00
  1.29e-02	  4.79e-02	0.00000e+00
  1.29e-02	  4.84e-02	0.00000e+00
  1.29e-02	  4.90e-02	0.00000e+00
  1.29e-02	  4.95e-02	0.00000e+00

  1.37e-02	  0.00e+00	0.00000e+00
  1.37e-02	  5.21e-04	0.00000e+00
  1.37e-02	  1.04e-03	0.00000e+00
  1.37e-02	  1.56e-03	0.00000e+00
  1.37e-02	  2.08e-03	0.00000e+00
  1.37e-02	  2.60e-03	0.00000e+00
  1.37e-02	  3.12e-03	0.00000e+00
  1.37e-02	  3.65e-03	0.00000e+00
  1.37e-02	  4.17e-03	0.00000e+00
  1.37e-02	  4.69e-03	0.00000e+00
  1.37e-02	  5.21e-03	0.00000e+00
  1.37e-02	  5.73e-03	0.00000e+00
  1.37e-02	  6.25e-03	0.00000e+00
  1.37e-02	  6.77e-03	0.00000e+00
  1.37e-02	  7.29e-03	0.00000e+00
  1.37e-02	  7.81e-03	0.00000e+00
  1.37e-02	  8.33e-03	0.00000e+00
  1.37e-02	  8.85e-03	0.00000e+00
  1.37e-02	  9.37e-03	-3.20377e-30
  1.37e-02	  9.90e-03	4.11791e-03
  1.37e-02	  1.04e-02	6.11219e-03
  1.37e-02	  1.09e-02	6.53777e-03
  1.37e-02	  1.15e-02	6.61360e-03
  1.37e-02	  1.20e-02	6.63498e-03
  1.37e-02	  1.25e-02	6.64482e-03
  1.37e-02	  1.30e-02	6.64928e-03
  1.37e-02	  1.35e-02	6.64852e-03
  1.37e-02	  1.41e-02	6.64135e-03
  1.37e-02	  1.46e-02	6.62597e-03
  1.37e-02	  1.51e-02	6.60015e-03
  1.37e-02	  1.56e-02	6.56153e-03
  1.37e-02	  1.61e-02	6.50807e-03
  1.37e-02	  1.67e-02	6.43826e-03
  1.37e-02	  1.72e-02	6.35112e-03
  1.37e-02	  1.77e-02	6.24623e-03
  1.37e-02	  1.82e-02	6.12355e-03
  1.37e-02	  1.88e-02	5.98337e-03
  1.37e-02	  1.93e-02	5.82618e-03
  1.37e-02	  1.98e-02	5.65257e-03
  1.37e-02	  2.03e-02	5.46322e-03
  1.37e-02	  2.08e-02	5.25880e-03
  1.37e-02	  2.14e-02	5.03998e-03
  1.37e-02	  2.19e-02	4.80737e-03
  1.37e-02	  2.24e-02	4.56157e-03
  1.37e-02	  2.29e-02	4.30312e-03
  1.37e-02	  2.34e-02	4.03254e-03
  1.37e-02	  2.40e-02	3.75033e-03
  1.37e-02	  2.45e-02	3.45698e-03
  1.37e-02	  2.50e-02	3.15298e-03
  1.37e-02	  2.55e-02	2.83887e-03
  1.37e-02	  2.60e-02	2.51521e-03
  1.37e-02	  2.66e-02	2.18263e-03
  1.37e-02	  2.71e-02	1.84184e-03
  1.37e-02	  2.76e-02	1.49365e-03
  1.37e-02	  2.81e-02	1.13895e-03
  1.37e-02	  2.86e-02	7.78768e-04
  1.37e-02	  2.92e-02	4.14248e-04
  1.37e-02	  2.97e-02	4.66535e-05
  1.37e-02	  3.02e-02	-3.22635e-04
  1.37e-02	  3.07e-02	-6.92129e-04
  1.37e-02	  3.13e-02	-1.06025e-03
  1.37e-02	  3.18e-02	-1.42535e-03
  1.37e-02	  3.23e-02	-1.78580e-03
  1.37e-02	  3.28e-02	-2.14006e-03
  1.37e-02	  3.33e-02	-2.48687e-03
  1.37e-02	  3.39e-02	-2.82541e-03
  1.37e-02	  3.44e-02	-3.15540e-03
  1.37e-02	  3.49e-02	-3.47705e-03
  1.37e-02	  3.54e-02	-3.79089e-03
  1.37e-02	  3.59e-02	-4.09736e-03
  1.37e-02	  3.65e-02	-4.39662e-03
  1.37e-02	  3.70e-02	-4.68851e-03
  1.37e-02	  3.75e-02	-4.97211e-03
  1.37e-02	  3.80e-02	-5.24161e-03
  1.37e-02	  3.85e-02	-5.45891e-03
  1.37e-02	  3.91e-02	-5.35343e-03
  1.37e-02	  3.96e-02	-3.73726e-03
  1.37e-02	  4.01e-02	3.20113e-30
  1.37e-02	  4.06e-02	0.00000e+00
  1.37e-02	  4.11e-02	0.00000e+00
  1.37e-02	  4.17e-02	0.00000e+00
  1.37e-02	  4.22e-02	0.00000e+00
  1.37e-02	  4.27e-02	0.00000e+00
  1.37e-02	  4.32e-02	0.00000e+00
  1.37e-02	  4.37e-02	0.00000e+00
  1.37e-02	  4.43e-02	0.00000e+00
  1.37e-02	  4.48e-02	0.00000e+00
  1.37e-02	  4.53e-02	0.00000e+00
  1.37e-02	  4.58e-02	0.00000e+00
  1.37e-02	  4.64e-02	0.00000e+00
  1.37e-02	  4.69e-02	0.00000e+00
  1.37e-02	  4.74e-02	0.00000e+00
  1.37e-02	  4.79e-02	0.00000e+00
  1.37e-02	  4.84e-02	0.00000e+00
  1.37e-02	  4.90e-02	0.00000e+00
  1.37e-02	  4.95e-02	0.00000e+00

  1.45e-02	  0.00e+00	0.00000e+00
  1.45e-02	  5.21e-04	0.00000e+00
  1.45e-02	  1.04e-03	0.00000e+00
  1.45e-02	  1.56e-03	0.00000e+00
  1.45e-02	  2.08e-03	0.00000e+00
  1.45e-02	  2.60e-03	0.00000e+00
  1.45e-02	  3.12e-03	0.00000e+00
  1.45e-02	  3.65e-03	0.00000e+00
  1.45e-02	  4.17e-03	0.00000e+00
  1.45e-02	  4.69e-03	0.00000e+00
  1.45e-02	  5.21e-03	0.00000e+00
  1.45e-02	  5.73e-03	0.00000e+00
  1.45e-02	  6.25e-03	0.00000e+00
  1.45e-02	  6.77e-03	0.00000e+00
  1.45e-02	  7.29e-03	0.00000e+00
  1.45e-02	  7.81e-03	0.00000e+00
  1.45e-02	  8.33e-03	0.00000e+00
  1.45e-02	  8.85e-03	0.00000e+00
  1.45e-02	  9.37e-03	-3.20375e-30
  1.45e-02	  9.90e-03	4.00606e-03
  1.45e-02	  1.04e-02	6.07010e-03
  1.45e-02	  1.09e-02	6.55685e-03
  1.45e-02	  1.15e-02	6.67091e-03
  1.45e-02	  1.20e-02	6.72991e-03
  1.45e-02	  1.25e-02	6.78087e-03
  1.45e-02	  1.30e-02	6.82938e-03
  1.45e-02	  1.35e-02	6.87374e-03
  1.45e-02	  1.41e-02	6.91069e-03
  1.45e-02	  1.46e-02	6.93649e-03
  1.45e-02	  1.51e-02	6.94739e-03
  1.45e-02	  1.56e-02	6.94011e-03
  1.45e-02	  1.61e-02	6.91221e-03
  1.45e-02	  1.67e-02	6.86220e-03
  1.45e-02	  1.72e-02	6.78945e-03
  1.45e-02	  1.77e-02	6.69400e-03
  1.45e-02	  1.82e-02	6.57639e-03
  1.45e-02	  1.88e-02	6.43749e-03
  1.45e-02	  1.93e-02	6.27831e-03
  1.45e-02	  1.98e-02	6.09996e-03
  1.45e-02	  2.03e-02	5.90351e-03
  1.45e-02	  2.08e-02	5.68999e-03
  1.45e-02	  2.14e-02	5.46033e-03
  1.45e-02	  2.19e-02	5.21536e-03
  1.45e-02	  2.24e-02	4.95583e-03
  1.45e-02	  2.29e-02	4.68240e-03
  1.45e-02	  2.34e-02	4.39566e-03
  1.45e-02	  2.40e-02	4.09614e-03
  1.45e-02	  2.45e-02	3.78438e-03
  1.45e-02	  2.50e-02	3.46089e-03
  1.45e-02	  2.55e-02	3.12621e-03
  1.45e-02	  2.60e-02	2.78094e-03
  1.45e-02	  2.66e-02	2.42573e-03
  1.45e-02	  2.71e-02	2.06135e-03
  1.45e-02	  2.76e-02	1.68868e-03
  1.45e-02	  2.81e-02	1.30873e-03
  1.45e-02	  2.86e-02	9.22700e-04
  1.45e-02	  2.92e-02	5.31934e-04
  1.45e-02	  2.97e-02	1.37964e-04
  1.45e-02	  3.02e-02	-2.57505e-04
  1.45e-02	  3.07e-02	-6.52592e-04
  1.45e-02	  3.13e-02	-1.04523e-03
  1.45e-02	  3.18e-02	-1.43316e-03
  1.45e-02	  3.23e-02	-1.81393e-03
  1.45e-02	  3.28e-02	-2.18510e-03
  1.45e-02	  3.33e-02	-2.54442e-03
  1.45e-02	  3.39e-02	-2.89030e-03
  1.45e-02	  3.44e-02	-3.22201e-03
  1.45e-02	  3.49e-02	-3.53984e-03
  1.45e-02	  3.54e-02	-3.84476e-03
  1.45e-02	  3.59e-02	-4.13811e-03
  1.45e-02	  3.65e-02	-4.42124e-03
  1.45e-02	  3.70e-02	-4.69557e-03
  1.45e-02	  3.75e-02	-4.96175e-03
  1.45e-02	  3.80e-02	-5.21466e-03
  1.45e-02	  3.85e-02	-5.41311e-03
  1.45e-02	  3.91e-02	-5.26789e-03
  1.45e-02	  3.96e-02	-3.60591e-03
  1.45e-02	  4.01e-02	3.20094e-30
  1.45e-02	  4.06e-02	0.00000e+00
  1.45e-02	  4.11e-02	0.00000e+00
  1.45e-02	  4.17e-02	0.00000e+00
  1.45e-02	  4.22e-02	0.00000e+00
  1.45e-02	  4.27e-02	0.00000e+00
  1.45e-02	  4.32e-02	0.00000e+00
  1.45e-02	  4.37e-02	0.00000e+00
  1.45e-02	  4.43e-02	0.00000e+00
  1.45e-02	  4.48e-02	0.00000e+00
  1.45e-02	  4.53e-02	0.00000e+00
  1.45e-02	  4.58e-02	0.00000e+00
  1.45e-02	  4.64e-02	0.00000e+00
  1.45e-02	  4.69e-02	0.00000e+00
  1.45e-02	  4.74e-02	0.00000e+00
  1.45e-02	  4.79e-02	0.00000e+00
  1.45e-02	  4.84e-02	0.00000e+00
  1.45e-02	  4.90e-02	0.00000e+00
  1.45e-02	  4.95e-02	0.00000e+00

  1.52e-02	  0.00e+00	0.00000e+00
  1.52e-02	  5.21e-04	0.00000e+00
  1.52e-02	  1.04e-03	0.00000e+00
  1.52e-02	  1.56e-03	0.00000e+00
  1.52e-02	  2.08e-03	0.00000e+00
  1.52e-02	  2.60e-03	0.00000e+00
  1.52e-02	  3.12e-03	0.00000e+00
  1.52e-02	  3.65e-03	0.00000e+00
  1.52e-02	  4.17e-03	0.00000e+00
  1.52e-02	  4.69e-03	0.00000e+00
  1.52e-02	  5.21e-03	0.00000e+00
  1.52e-02	  5.73e-03	0.00000e+00
  1.52e-02	  6.25e-03	0.00000e+00
  1.52e-02	  6.77e-03	0.00000e+00
  1.52e-02	  7.29e-03	0.00000e+00
  1.52e-02	  7.81e-03	0.00000e+00
  1.52e-02	  8.33e-03	0.00000e+00
  1.52e-02	  8.85e-03	0.00000e+00
  1.52e-02	  9.37e-03	-3.20374e-30
  1.52e-02	  9.90e-03	3.88117e-03
  1.52e-02	  1.04e-02	5.99950e-03
  1.52e-02	  1.09e-02	6.54399e-03
  1.52e-02	  1.15e-02	6.69810e-03
  1.52e-02	  1.20e-02	6.80083e-03
  1.52e-02	  1.25e-02	6.90259e-03
  1.52e-02	  1.30e-02	7.00719e-03
  1.52e-02	  1.35e-02	7.10970e-03
  1.52e-02	  1.41e-02	7.20343e-03
  1.52e-02	  1.46e-02	7.28152e-03
  1.52e-02	  1.51e-02	7.33781e-03
  1.52e-02	  1.56e-02	7.36772e-03
  1.52e-02	  1.61e-02	7.36863e-03
  1.52e-02	  1.67e-02	7.33958e-03
  1.52e-02	  1.72e-02	7.28082e-03
  1.52e-02	  1.77e-02	7.19336e-03
  1.52e-02	  1.82e-02	7.07871e-03
  1.52e-02	  1.88e-02	6.93860e-03
  1.52e-02	  1.93e-02	6.77484e-03
  1.52e-02	  1.98e-02	6.58919e-03
  1.52e-02	  2.03e-02	6.38325e-03
  1.52e-02	  2.08e-02	6.15844e-03
  1.52e-02	  2.14e-02	5.91599e-03
  1.52e-02	  2.19e-02	5.65694e-03
  1.52e-02	  2.24e-02	5.38214e-03
  1.52e-02	  2.29e-02	5.09233e-03
  1.52e-02	  2.34e-02	4.78813e-03
  1.52e-02	  2.40e-02	4.47008e-03
  1.52e-02	  2.45e-02	4.13868e-03
  1.52e-02	  2.50e-02	3.79442e-03
  1.52e-02	  2.55e-02	3.43778e-03
  1.52e-02	  2.60e-02	3.06934e-03
  1.52e-02	  2.66e-02	2.68972e-03
  1.52e-02	  2.71e-02	2.29969e-03
  1.52e-02	  2.76e-02	1.90016e-03
  1.52e-02	  2.81e-02	1.49223e-03
  1.52e-02	  2.86e-02	1.07721e-03
  1.52e-02	  2.92e-02	6.56651e-04
  1.52e-02	  2.97e-02	2.32356e-04
  1.52e-02	  3.02e-02	-1.93647e-04
  1.52e-02	  3.07e-02	-6.19123e-04
  1.52e-02	  3.13e-02	-1.04156e-03
  1.52e-02	  3.18e-02	-1.45800e-03
  1.52e-02	  3.23e-02	-1.86490e-03
  1.52e-02	  3.28e-02	-2.25824e-03
  1.52e-02	  3.33e-02	-2.63396e-03
  1.52e-02	  3.39e-02	-2.98887e-03
  1.52e-02	  3.44e-02	-3.32135e-03
  1.52e-02	  3.49e-02	-3.63179e-03
  1.52e-02	  3.54e-02	-3.92217e-03
  1.52e-02	  3.59e-02	-4.19509e-03
  1.52e-02	  3.65e-02	-4.45348e-03
  1.52e-02	  3.70e-02	-4.70123e-03
  1.52e-02	  3.75e-02	-4.94188e-03
  1.52e-02	  3.80e-02	-5.17215e-03
  1.52e-02	  3.85e-02	-5.34861e-03
  1.52e-02	  3.91e-02	-5.16454e-03
  1.52e-02	  3.96e-02	-3.46762e-03
  1.52e-02	  4.01e-02	3.20075e-30
  1.52e-02	  4.06e-02	0.00000e+00
  1.52e-02	  4.11e-02	0.00000e+00
  1.52e-02	  4.17e-02	0.00000e+00
  1.52e-02	  4.22e-02	0.00000e+00
  1.52e-02	  4.27e-02	0.00000e+00
  1.52e-02	  4.32e-02	0.00000e+00
  1.52e-02	  4.37e-02	0.00000e+00
  1.52e-02	  4.43e-02	0.00000e+00
  1.52e-02	  4.48e-02	0.00000e+00
  1.52e-02	  4.53e-02	0.00000e+00
  1.52e-02	  4.58e-02	0.00000e+00
  1.52e-02	  4.64e-02	0.00000e+00
  1.52e-02	  4.69e-02	0.00000e+00
  1.52e-02	  4.74e-02	0.00000e+00
  1.52e-02	  4.79e-02	0.00000e+00
  1.52e-02	  4.84e-02	0.00000e+00
  1.52e-02	  4.90e-02	0.00000e+00
  1.52e-02	  4.95e-02	0.00000e+00

  1.60e-02	  0.00e+00	0.00000e+00
  1.60e-02	  5.21e-04	0.00000e+00
  1.60e-02	  1.04e-03	0.00000e+00
  1.60e-02	  1.56e-03	0.00000e+00
  1.60e-02	  2.08e-03	0.00000e+00
  1.60e-02	  2.60e-03	0.00000e+00
  1.60e-02	  3.12e-03	0.00000e+00
  1.60e-02	  3.65e-03	0.00000e+00
  1.60e-02	  4.17e-03	0.00000e+00
  1.60e-02	  4.69e-03	0.00000e+00
  1.60e-02	  5.21e-03	0.00000e+00
  1.60e-02	  5.73e-03	0.00000e+00
  1.60e-02	  6.25e-03	0.00000e+00
  1.60e-02	  6.77e-03	0.00000e+00
  1.60e-02	  7.29e-03	0.00000e+00
  1.60e-02	  7.81e-03	0.00000e+00
  1.60e-02	  8.33e-03	0.00000e+00
  1.60e-02	  8.85e-03	0.00000e+00
  1.60e-02	  9.37e-03	-3.20373e-30
  1.60e-02	  9.90e-03	3.73327e-03
  1.60e-02	  1.04e-02	5.88205e-03
  1.60e-02	  1.09e-02	6.47637e-03
  1.60e-02	  1.15e-02	6.67227e-03
  1.60e-02	  1.20e-02	6.82840e-03
  1.60e-02	  1.25e-02	6.99703e-03
  1.60e-02	  1.30e-02	7.17761e-03
  1.60e-02	  1.35e-02	7.35904e-03
  1.60e-02	  1.41e-02	7.52933e-03
  1.60e-02	  1.46e-02	7.67638e-03
  1.60e-02	  1.51e-02	7.78971e-03
  1.60e-02	  1.56e-02	7.86320e-03
  1.60e-02	  1.61e-02	7.89501e-03
  1.60e-02	  1.67e-02	7.88615e-03
  1.60e-02	  1.72e-02	7.83882e-03
  1.60e-02	  1.77e-02	7.75576e-03
  1.60e-02	  1.82e-02	7.63993e-03
  1.60e-02	  1.88e-02	7.49437e-03
  1.60e-02	  1.93e-02	7.32195e-03
  1.60e-02	  1.98e-02	7.12527e-03
  1.60e-02	  2.03e-02	6.90654e-03
  1.60e-02	  2.08e-02	6.66761e-03
  1.60e-02	  2.14e-02	6.40996e-03
  1.60e-02	  2.19e-02	6.13478e-03
  1.60e-02	  2.24e-02	5.84300e-03
  1.60e-02	  2.29e-02	5.53536e-03
  1.60e-02	  2.34e-02	5.21242e-03
  1.60e-02	  2.40e-02	4.87466e-03
  1.60e-02	  2.45e-02	4.52247e-03
  1.60e-02	  2.50e-02	4.15624e-03
  1.60e-02	  2.55e-02	3.77635e-03
  1.60e-02	  2.60e-02	3.38322e-03
  1.60e-02	  2.66e-02	2.97741e-03
  1.60e-02	  2.71e-02	2.55960e-03
  1.60e-02	  2.76e-02	2.13066e-03
  1.60e-02	  2.81e-02	1.69170e-03
  1.60e-02	  2.86e-02	1.24411e-03
  1.60e-02	  2.92e-02	7.89615e-04
  1.60e-02	  2.97e-02	3.30308e-04
  1.60e-02	  3.02e-02	-1.31388e-04
  1.60e-02	  3.07e-02	-5.93050e-04
  1.60e-02	  3.13e-02	-1.05216e-03
  1.60e-02	  3.18e-02	-1.50527e-03
  1.60e-02	  3.23e-02	-1.94758e-03
  1.60e-02	  3.28e-02	-2.37250e-03
  1.60e-02	  3.33e-02	-2.77204e-03
  1.60e-02	  3.39e-02	-3.13968e-03
  1.60e-02	  3.44e-02	-3.47154e-03
  1.60e-02	  3.49e-02	-3.76879e-03
  1.60e-02	  3.54e-02	-4.03604e-03
  1.60e-02	  3.59e-02	-4.27776e-03
  1.60e-02	  3.65e-02	-4.49732e-03
  1.60e-02	  3.70e-02	-4.70267e-03
  1.60e-02	  3.75e-02	-4.90341e-03
  1.60e-02	  3.80e-02	-5.10073e-03
  1.60e-02	  3.85e-02	-5.25075e-03
  1.60e-02	  3.91e-02	-5.03096e-03
  1.60e-02	  3.96e-02	-3.31548e-03
  1.60e-02	  4.01e-02	3.20057e-30
  1.60e-02	  4.06e-02	0.00000e+00
  1.60e-02	  4.11e-02	0.00000e+00
  1.60e-02	  4.17e-02	0.00000e+00
  1.60e-02	  4.22e-02	0.00000e+00
  1.60e-02	  4.27e-02	0.00000e+00
  1.60e-02	  4.32e-02	0.00000e+00
  1.60e-02	  4.37e-02	0.00000e+00
  1.60e-02	  4.43e-02	0.00000e+00
  1.60e-02	  4.48e-02	0.00000e+00
  1.60e-02	  4.53e-02	0.00000e+00
  1.60e-02	  4.58e-02	0.00000e+00
  1.60e-02	  4.64e-02	0.00000e+00
  1.60e-02	  4.69e-02	0.00000e+00
  1.60e-02	  4.74e-02	0.00000e+00
  1.60e-02	  4.79e-02	0.00000e+00
  1.60e-02	  4.84e-02	0.00000e+00
  1.60e-02	  4.90e-02	0.00000e+00
  1.60e-02	  4.95e-02	0.00000e+00

  1.68e-02	  0.00e+00	0.00000e+00
  1.68e-02	  5.21e-04	0.00000e+00
  1.68e-02	  1.04e-03	0.00000e+00
  1.68e-02	  1.56e-03	0.00000e+00
  1.68e-02	  2.08e-03	0.00000e+00
  1.68e-02	  2.60e-03	0.00000e+00
  1.68e-02	  3.12e-03	0.00000e+00
  1.68e-02	  3.65e-03	0.00000e+00
  1.68e-02	  4.17e-03	0.00000e+00
  1.68e-02	  4.69e-03	0.00000e+00
  1.68e-02	  5.21e-03	0.00000e+00
  1.68e-02	  5.73e-03	0.00000e+00
  1.68e-02	  6.25e-03	0.00000e+00
  1.68e-02	  6.77e-03	0.00000e+00
  1.68e-02	  7.29e-03	0.00000e+00
  1.68e-02	  7.81e-03	0.00000e+00
  1.68e-02	  8.33e-03	0.00000e+00
  1.68e-02	  8.85e-03	0.00000e+00
  1.68e-02	  9.37e-03	-3.20372e-30
  1.68e-02	  9.90e-03	3.54638e-03
  1.68e-02	  1.04e-02	5.68759e-03
  1.68e-02	  1.09e-02	6.31514e-03
  1.68e-02	  1.15e-02	6.55315e-03
  1.68e-02	  1.20e-02	6.77845e-03
  1.68e-02	  1.25e-02	7.04218e-03
  1.68e-02	  1.30e-02	7.33334e-03
  1.68e-02	  1.35e-02	7.62667e-03
  1.68e-02	  1.41e-02	7.90503e-03
  1.68e-02	  1.46e-02	8.14710e-03
  1.68e-02	  1.51e-02	8.33175e-03
  1.68e-02	  1.56e-02	8.45106e-03
  1.68e-02	  1.61e-02	8.50737e-03
  1.68e-02	  1.67e-02	8.50823e-03
  1.68e-02	  1.72e-02	8.46248e-03
  1.68e-02	  1.77e-02	8.37795e-03
  1.68e-02	  1.82e-02	8.26061e-03
  1.68e-02	  1.88e-02	8.11454e-03
  1.68e-02	  1.93e-02	7.94234e-03
  1.68e-02	  1.98e-02	7.74561e-03
  1.68e-02	  2.03e-02	7.52536e-03
  1.68e-02	  2.08e-02	7.28235e-03
  1.68e-02	  2.14e-02	7.01732e-03
  1.68e-02	  2.19e-02	6.73110e-03
  1.68e-02	  2.24e-02	6.42467e-03
  1.68e-02	  2.29e-02	6.09911e-03
  1.68e-02	  2.34e-02	5.75556e-03
  1.68e-02	  2.40e-02	5.39514e-03
  1.68e-02	  2.45e-02	5.01892e-03
  1.68e-02	  2.50e-02	4.62784e-03
  1.68e-02	  2.55e-02	4.22269e-03
  1.68e-02	  2.60e-02	3.80409e-03
  1.68e-02	  2.66e-02	3.37252e-03
  1.68e-02	  2.71e-02	2.92833e-03
  1.68e-02	  2.76e-02	2.47178e-03
  1.68e-02	  2.81e-02	2.00308e-03
  1.68e-02	  2.86e-02	1.52244e-03
  1.68e-02	  2.92e-02	1.03013e-03
  1.68e-02	  2.97e-02	5.26732e-04
  1.68e-02	  3.02e-02	1.35348e-05
  1.68e-02	  3.07e-02	-5.06430e-04
  1.68e-02	  3.13e-02	-1.02820e-03
  1.68e-02	  3.18e-02	-1.54583e-03
  1.68e-02	  3.23e-02	-2.05186e-03
  1.68e-02	  3.28e-02	-2.53544e-03
  1.68e-02	  3.33e-02	-2.97896e-03
  1.68e-02	  3.39e-02	-3.37064e-03
  1.68e-02	  3.44e-02	-3.70000e-03
  1.68e-02	  3.49e-02	-3.97272e-03
  1.68e-02	  3.54e-02	-4.20420e-03
  1.68e-02	  3.59e-02	-4.40319e-03
  1.68e-02	  3.65e-02	-4.56061e-03
  1.68e-02	  3.70e-02	-4.69339e-03
  1.68e-02	  3.75e-02	-4.82776e-03
  1.68e-02	  3.80e-02	-4.97425e-03
  1.68e-02	  3.85e-02	-5.09178e-03
  1.68e-02	  3.91e-02	-4.84441e-03
  1.68e-02	  3.96e-02	-3.13710e-03
  1.68e-02	  4.01e-02	3.20038e-30
  1.68e-02	  4.06e-02	0.00000e+00
  1.68e-02	  4.11e-02	0.00000e+00
  1.68e-02	  4.17e-02	0.00000e+00
  1.68e-02	  4.22e-02	0.00000e+00
  1.68e-02	  4.27e-02	0.00000e+00
  1.68e-02	  4.32e-02	0.00000e+00
  1.68e-02	  4.37e-02	0.00000e+00
  1.68e-02	  4.43e-02	0.00000e+00
  1.68e-02	  4.48e-02	0.00000e+00
  1.68e-02	  4.53e-02	0.00000e+00
  1.68e-02	  4.58e-02	0.00000e+00
  1.68e-02	  4.64e-02	0.00000e+00
  1.68e-02	  4.69e-02	0.00000e+00
  1.68e-02	  4.74e-02	0.00000e+00
  1.68e-02	  4.79e-02	0.00000e+00
  1.68e-02	  4.84e-02	0.00000e+00
  1.68e-02	  4.90e-02	0.00000e+00
  1.68e-02	  4.95e-02	0.00000e+00

  1.76e-02	  0.00e+00	0.00000e+00
  1.76e-02	  5.21e-04	0.00000e+00
  1.76e-02	  1.04e-03	0.00000e+00
  1.76e-02	  1.56e-03	0.00000e+00
  1.76e-02	  2.08e-03	0.00000e+00
  1.76e-02	  2.60e-03	0.00000e+00
  1.76e-02	  3.12e-03	0.00000e+00
  1.76e-02	  3.65e-03	0.00000e+00
  1.76e-02	  4.17e-03	0.00000e+00
  1.76e-02	  4.69e-03	0.00000e+00
  1.76e-02	  5.21e-03	0.00000e+00
  1.76e-02	  5.73e-03	0.00000e+00
  1.76e-02	  6.25e-03	0.00000e+00
  1.76e-02	  6.77e-03	0.00000e+00
  1.76e-02	  7.29e-03	0.00000e+00
  1.76e-02	  7.81e-03	0.00000e+00
  1.76e-02	  8.33e-03	0.00000e+00
  1.76e-02	  8.85e-03	0.00000e+00
  1.76e-02	  9.37e-03	-3.20370e-30
  1.76e-02	  9.90e-03	3.29684e-03
  1.76e-02	  1.04e-02	5.36932e-03
  1.76e-02	  1.09e-02	5.99464e-03
  1.76e-02	  1.15e-02	6.26825e-03
  1.76e-02	  1.20e-02	6.59046e-03
  1.76e-02	  1.25e-02	7.00812e-03
  1.76e-02	  1.30e-02	7.48414e-03
  1.76e-02	  1.35e-02	7.91700e-03
  1.76e-02	  1.41e-02	8.23184e-03
  1.76e-02	  1.46e-02	8.41934e-03
  1.76e-02	  1.51e-02	8.51237e-03
  1.76e-02	  1.56e-02	8.54578e-03
  1.76e-02	  1.61e-02	8.54253e-03
  1.76e-02	  1.67e-02	8.51446e-03
  1.76e-02	  1.72e-02	8.46655e-03
  1.76e-02	  1.77e-02	8.40047e-03
  1.76e-02	  1.82e-02	8.31635e-03
  1.76e-02	  1.88e-02	8.21370e-03
  1.76e-02	  1.93e-02	8.09183e-03
  1.76e-02	  1.98e-02	7.95007e-03
  1.76e-02	  2.03e-02	7.78783e-03
  1.76e-02	  2.08e-02	7.60465e-03
  1.76e-02	  2.14e-02	7.40022e-03
  1.76e-02	  2.19e-02	7.17434e-03
  1.76e-02	  2.24e-02	6.92699e-03
  1.76e-02	  2.29e-02	6.65833e-03
  1.76e-02	  2.34e-02	6.36873e-03
  1.76e-02	  2.40e-02	6.05880e-03
  1.76e-02	  2.45e-02	5.72940e-03
  1.76e-02	  2.50e-02	5.38160e-03
  1.76e-02	  2.55e-02	5.01667e-03
  1.76e-02	  2.60e-02	4.63598e-03
  1.76e-02	  2.66e-02	4.24095e-03
  1.76e-02	  2.71e-02	3.83296e-03
  1.76e-02	  2.76e-02	3.41328e-03
  1.76e-02	  2.81e-02	2.98299e-03
  1.76e-02	  2.86e-02	2.54293e-03
  1.76e-02	  2.92e-02	2.09363e-03
  1.76e-02	  2.97e-02	1.63525e-03
  1.76e-02	  3.02e-02	1.16736e-03
  1.76e-02	  3.07e-02	6.88607e-04
  1.76e-02	  3.13e-02	1.96609e-04
  1.76e-02	  3.18e-02	-3.11723e-04
  1.76e-02	  3.23e-02	-8.40850e-04
  1.76e-02	  3.28e-02	-1.39831e-03
  1.76e-02	  3.33e-02	-1.99597e-03
  1.76e-02	  3.39e-02	-2.62771e-03
  1.76e-02	  3.44e-02	-3.27061e-03
  1.76e-02	  3.49e-02	-3.86436e-03
  1.76e-02	  3.54e-02	-4.32608e-03
  1.76e-02	  3.59e-02	-4.58586e-03
  1.76e-02	  3.65e-02	-4.66047e-03
  1.76e-02	  3.70e-02	-4.65703e-03
  1.76e-02	  3.75e-02	-4.67653e-03
  1.76e-02	  3.80e-02	-4.74113e-03
  1.76e-02	  3.85e-02	-4.82021e-03
  1.76e-02	  3.91e-02	-4.56551e-03
  1.76e-02	  3.96e-02	-2.91184e-03
  1.76e-02	  4.01e-02	3.20017e-30
  1.76e-02	  4.06e-02	0.00000e+00
  1.76e-02	  4.11e-02	0.00000e+00
  1.76e-02	  4.17e-02	0.00000e+00
  1.76e-02	  4.22e-02	0.00000e+00
  1.76e-02	  4.27e-02	0.00000e+00
  1.76e-02	  4.32e-02	0.00000e+00
  1.76e-02	  4.37e-02	0.00000e+00
  1.76e-02	  4.43e-02	0.00000e+00
  1.76e-02	  4.48e-02	0.00000e+00
  1.76e-02	  4.53e-02	0.00000e+00
  1.76e-02	  4.58e-02	0.00000e+00
  1.76e-02	  4.64e-02	0.00000e+00
  1.76e-02	  4.69e-02	0.00000e+00
  1.76e-02	  4.74e-02	0.00000e+00
  1.76e-02	  4.79e-02	0.00000e+00
  1.76e-02	  4.84e-02	0.00000e+00
  1.76e-02	  4.90e-02	0.00000e+00
  1.76e-02	  4.95e-02	0.00000e+00

  1.84e-02	  0.00e+00	0.00000e+00
  1.84e-02	  5.21e-04	0.00000e+00
  1.84e-02	  1.04e-03	0.00000e+00
  1.84e-02	  1.56e-03	0.00000e+00
  1.84e-02	  2.08e-03	0.00000e+00
  1.84e-02	  2.60e-03	0.00000e+00
  1.84e-02	  3.12e-03	0.00000e+00
  1.84e-02	  3.65e-03	0.00000e+00
  1.84e-02	  4.17e-03	0.00000e+00
  1.84e-02	  4.69e-03	0.00000e+00
  1.84e-02	  5.21e-03	0.00000e+00
  1.84e-02	  5.73e-03	0.00000e+00
  1.84e-02	  6.25e-03	0.00000e+00
  1.84e-02	  6.77e-03	0.00000e+00
  1.84e-02	  7.29e-03	0.00000e+00
  1.84e-02	  7.81e-03	0.00000e+00
  1.84e-02	  8.33e-03	0.00000e+00
  1.84e-02	  8.85e-03	0.00000e+00
  1.84e-02	  9.37e-03	-3.20365e-30
  1.84e-02	  9.90e-03	2.95587e-03
  1.84e-02	  1.04e-02	4.86466e-03
  1.84e-02	  1.09e-02	5.40702e-03
  1.84e-02	  1.15e-02	5.71561e-03
  1.84e-02	  1.20e-02	6.27499e-03
  1.84e-02	  1.25e-02	6.88710e-03
  1.84e-02	  1.30e-02	7.33229e-03
  1.84e-02	  1.35e-02	7.61484e-03
  1.84e-02	  1.41e-02	7.80127e-03
  1.84e-02	  1.46e-02	7.93659e-03
  1.84e-02	  1.51e-02	8.04057e-03
  1.84e-02	  1.56e-02	8.11899e-03
  1.84e-02	  1.61e-02	8.17281e-03
  1.84e-02	  1.67e-02	8.20317e-03
  1.84e-02	  1.72e-02	8.21119e-03
  1.84e-02	  1.77e-02	8.19740e-03
  1.84e-02	  1.82e-02	8.16187e-03
  1.84e-02	  1.88e-02	8.10441e-03
  1.84e-02	  1.93e-02	8.02480e-03
  1.84e-02	  1.98e-02	7.92285e-03
  1.84e-02	  2.03e-02	7.79855e-03
  1.84e-02	  2.08e-02	7.65201e-03
  1.84e-02	  2.14e-02	7.48343e-03
  1.84e-02	  2.19e-02	7.29307e-03
  1.84e-02	  2.24e-02	7.08122e-03
  1.84e-02	  2.29e-02	6.84825e-03
  1.84e-02	  2.34e-02	6.59466e-03
  1.84e-02	  2.40e-02	6.32105e-03
  1.84e-02	  2.45e-02	6.02821e-03
  1.84e-02	  2.50e-02	5.71712e-03
  1.84e-02	  2.55e-02	5.38888e-03
  1.84e-02	  2.60e-02	5.04477e-03
  1.84e-02	  2.66e-02	4.68617e-03
  1.84e-02	  2.71e-02	4.31450e-03
  1.84e-02	  2.76e-02	3.93124e-03
  1.84e-02	  2.81e-02	3.53782e-03
  1.84e-02	  2.86e-02	3.13564e-03
  1.84e-02	  2.92e-02	2.72597e-03
  1.84e-02	  2.97e-02	2.30996e-03
  1.84e-02	  3.02e-02	1.88852e-03
  1.84e-02	  3.07e-02	1.46227e-03
  1.84e-02	  3.13e-02	1.03145e-03
  1.84e-02	  3.18e-02	5.95767e-04
  1.84e-02	  3.23e-02	1.54448e-04
  1.84e-02	  3.28e-02	-2.93760e-04
  1.84e-02	  3.33e-02	-7.50636e-04
  1.84e-02	  3.39e-02	-1.22167e-03
  1.84e-02	  3.44e-02	-1.71236e-03
  1.84e-02	  3.49e-02	-2.23469e-03
  1.84e-02	  3.54e-02	-2.80129e-03
  1.84e-02	  3.59e-02	-3.41269e-03
  1.84e-02	  3.65e-02	-3.99457e-03
  1.84e-02	  3.70e-02	-4.34929e-03
  1.84e-02	  3.75e-02	-4.37013e-03
  1.84e-02	  3.80e-02	-4.30242e-03
  1.84e-02	  3.85e-02	-4.34178e-03
  1.84e-02	  3.91e-02	-4.13249e-03
  1.84e-02	  3.96e-02	-2.60964e-03
  1.84e-02	  4.01e-02	3.19994e-30
  1.84e-02	  4.06e-02	0.00000e+00
  1.84e-02	  4.11e-02	0.00000e+00
  1.84e-02	  4.17e-02	0.00000e+00
  1.84e-02	  4.22e-02	0.00000e+00
  1.84e-02	  4.27e-02	0.00000e+00
  1.84e-02	  4.32e-02	0.00000e+00
  1.84e-02	  4.37e-02	0.00000e+00
  1.84e-02	  4.43e-02	0.00000e+00
  1.84e-02	  4.48e-02	0.00000e+00
  1.84e-02	  4.53e-02	0.00000e+00
  1.84e-02	  4.58e-02	0.00000e+00
  1.84e-02	  4.64e-02	0.00000e+00
  1.84e-02	  4.69e-02	0.00000e+00
  1.84e-02	  4.74e-02	0.00000e+00
  1.84e-02	  4.79e-02	0.00000e+00
  1.84e-02	  4.84e-02	0.00000e+00
  1.84e-02	  4.90e-02	0.00000e+00
  1.84e-02	  4.95e-02	0.00000e+00

  1.91e-02	  0.00e+00	0.00000e+00
  1.91e-02	  5.21e-04	0.00000e+00
  1.91e-02	  1.04e-03	0.00000e+00
  1.91e-02	  1.56e-03	0.00000e+00
  1.91e-02	  2.08e-03	0.00000e+00
  1.91e-02	  2.60e-03	0.00000e+00
  1.91e-02	  3.12e-03	0.00000e+00
  1.91e-02	  3.65e-03	0.00000e+00
  1.91e-02	  4.17e-03	0.00000e+00
  1.91e-02	  4.69e-03	0.00000e+00
  1.91e-02	  5.21e-03	0.00000e+00
  1.91e-02	  5.73e-03	0.00000e+00
  1.91e-02	  6.25e-03	0.00000e+00
  1.91e-02	  6.77e-03	0.00000e+00
  1.91e-02	  7.29e-03	0.00000e+00
  1.91e-02	  7.81e-03	0.00000e+00
  1.91e-02	  8.33e-03	0.00000e+00
  1.91e-02	  8.85e-03	0.00000e+00
  1.91e-02	  9.37e-03	-3.20353e-30
  1.91e-02	  9.90e-03	2.50687e-03
  1.91e-02	  1.04e-02	4.12502e-03
  1.91e-02	  1.09e-02	4.38653e-03
  1.91e-02	  1.15e-02	4.93239e-03
  1.91e-02	  1.20e-02	5.69908e-03
  1.91e-02	  1.25e-02	6.21034e-03
  1.91e-02	  1.30e-02	6.57748e-03
  1.91e-02	  1.35e-02	6.87697e-03
  1.91e-02	  1.41e-02	7.13036e-03
  1.91e-02	  1.46e-02	7.34543e-03
  1.91e-02	  1.51e-02	7.52773e-03
  1.91e-02	  1.56e-02	7.68233e-03
  1.91e-02	  1.61e-02	7.81150e-03
  1.91e-02	  1.67e-02	7.91337e-03
  1.91e-02	  1.72e-02	7.98684e-03
  1.91e-02	  1.77e-02	8.03171e-03
  1.91e-02	  1.82e-02	8.04830e-03
  1.91e-02	  1.88e-02	8.03718e-03
  1.91e-02	  1.93e-02	7.99903e-03
  1.91e-02	  1.98e-02	7.93454e-03
  1.91e-02	  2.03e-02	7.84442e-03
  1.91e-02	  2.08e-02	7.72937e-03
  1.91e-02	  2.14e-02	7.59007e-03
  1.91e-02	  2.19e-02	7.42726e-03
  1.91e-02	  2.24e-02	7.24169e-03
  1.91e-02	  2.29e-02	7.03418e-03
  1.91e-02	  2.34e-02	6.80557e-03
  1.91e-02	  2.40e-02	6.55678e-03
  1.91e-02	  2.45e-02	6.28880e-03
  1.91e-02	  2.50e-02	6.00266e-03
  1.91e-02	  2.55e-02	5.69953e-03
  1.91e-02	  2.60e-02	5.38062e-03
  1.91e-02	  2.66e-02	5.04723e-03
  1.91e-02	  2.71e-02	4.70076e-03
  1.91e-02	  2.76e-02	4.34264e-03
  1.91e-02	  2.81e-02	3.97439e-03
  1.91e-02	  2.86e-02	3.59755e-03
  1.91e-02	  2.92e-02	3.21370e-03
  1.91e-02	  2.97e-02	2.82446e-03
  1.91e-02	  3.02e-02	2.43140e-03
  1.91e-02	  3.07e-02	2.03611e-03
  1.91e-02	  3.13e-02	1.64010e-03
  1.91e-02	  3.18e-02	1.24485e-03
  1.91e-02	  3.23e-02	8.51872e-04
  1.91e-02	  3.28e-02	4.62854e-04
  1.91e-02	  3.33e-02	7.96909e-05
  1.91e-02	  3.39e-02	-2.97051e-04
  1.91e-02	  3.44e-02	-6.74923e-04
  1.91e-02	  3.49e-02	-1.06206e-03
  1.91e-02	  3.54e-02	-1.46590e-03
  1.91e-02	  3.59e-02	-1.88945e-03
  1.91e-02	  3.65e-02	-2.34106e-03
  1.91e-02	  3.70e-02	-2.83729e-03
  1.91e-02	  3.75e-02	-3.30764e-03
  1.91e-02	  3.80e-02	-3.45216e-03
  1.91e-02	  3.85e-02	-3.48319e-03
  1.91e-02	  3.91e-02	-3.47207e-03
  1.91e-02	  3.96e-02	-2.20014e-03
  1.91e-02	  4.01e-02	3.19966e-30
  1.91e-02	  4.06e-02	0.00000e+00
  1.91e-02	  4.11e-02	0.00000e+00
  1.91e-02	  4.17e-02	0.00000e+00
  1.91e-02	  4.22e-02	0.00000e+00
  1.91e-02	  4.27e-02	0.00000e+00
  1.91e-02	  4.32e-02	0.00000e+00
  1.91e-02	  4.37e-02	0.00000e+00
  1.91e-02	  4.43e-02	0.00000e+00
  1.91e-02	  4.48e-02	0.00000e+00
  1.91e-02	  4.53e-02	0.00000e+00
  1.91e-02	  4.58e-02	0.00000e+00
  1.91e-02	  4.64e-02	0.00000e+00
  1.91e-02	  4.69e-02	0.00000e+00
  1.91e-02	  4.74e-02	0.00000e+00
  1.91e-02	  4.79e-02	0.00000e+00
  1.91e-02	  4.84e-02	0.00000e+00
  1.91e-02	  4.90e-02	0.00000e+00
  1.91e-02	  4.95e-02	0.00000e+00

  1.99e-02	  0.00e+00	0.00000e+00
  1.99e-02	  5.21e-04	0.00000e+00
  1.99e-02	  1.04e-03	0.00000e+00
  1.99e-02	  1.56e-03	0.00000e+00
  1.99e-02	  2.08e-03	0.00000e+00
  1.99e-02	  2.60e-03	0.00000e+00
  1.99e-02	  3.12e-03	0.00000e+00
  1.99e-02	  3.65e-03	0.00000e+00
  1.99e-02	  4.17e-03	0.00000e+00
  1.99e-02	  4.69e-03	0.00000e+00
  1.99e-02	  5.21e-03	0.00000e+00
  1.99e-02	  5.73e-03	0.00000e+00
  1.99e-02	  6.25e-03	0.00000e+00
  1.99e-02	  6.77e-03	0.00000e+00
  1.99e-02	  7.29e-03	0.00000e+00
  1.99e-02	  7.81e-03	0.00000e+00
  1.99e-02	  8.33e-03	0.00000e+00
  1.99e-02	  8.85e-03	0.00000e+00
  1.99e-02	  9.37e-03	-3.20333e-30
  1.99e-02	  9.90e-03	1.96991e-03
  1.99e-02	  1.04e-02	3.17731e-03
  1.99e-02	  1.09e-02	2.78840e-03
  1.99e-02	  1.15e-02	3.90684e-03
  1.99e-02	  1.20e-02	4.61508e-03
  1.99e-02	  1.25e-02	5.16604e-03
  1.99e-02	  1.30e-02	5.63643e-03
  1.99e-02	  1.35e-02	6.04957e-03
  1.99e-02	  1.41e-02	6.41064e-03
  1.99e-02	  1.46e-02	6.73312e-03
  1.99e-02	  1.51e-02	7.02089e-03
  1.99e-02	  1.56e-02	7.27135e-03
  1.99e-02	  1.61e-02	7.48391e-03
  1.99e-02	  1.67e-02	7.66008e-03
  1.99e-02	  1.72e-02	7.80072e-03
  1.99e-02	  1.77e-02	7.90660e-03
  1.99e-02	  1.82e-02	7.97860e-03
  1.99e-02	  1.88e-02	8.01774e-03
  1.99e-02	  1.93e-02	8.02513e-03
  1.99e-02	  1.98e-02	8.00192e-03
  1.99e-02	  2.03e-02	7.94924e-03
  1.99e-02	  2.08e-02	7.86822e-03
  1.99e-02	  2.14e-02	7.75997e-03
  1.99e-02	  2.19e-02	7.62563e-03
  1.99e-02	  2.24e-02	7.46635e-03
  1.99e-02	  2.29e-02	7.28332e-03
  1.99e-02	  2.34e-02	7.07776e-03
  1.99e-02	  2.40e-02	6.85090e-03
  1.99e-02	  2.45e-02	6.60403e-03
  1.99e-02	  2.50e-02	6.33846e-03
  1.99e-02	  2.55e-02	6.05555e-03
  1.99e-02	  2.60e-02	5.75670e-03
  1.99e-02	  2.66e-02	5.44339e-03
  1.99e-02	  2.71e-02	5.11712e-03
  1.99e-02	  2.76e-02	4.77947e-03
  1.99e-02	  2.81e-02	4.43211e-03
  1.99e-02	  2.86e-02	4.07674e-03
  1.99e-02	  2.92e-02	3.71515e-03
  1.99e-02	  2.97e-02	3.34919e-03
  1.99e-02	  3.02e-02	2.98079e-03
  1.99e-02	  3.07e-02	2.61196e-03
  1.99e-02	  3.13e-02	2.24477e-03
  1.99e-02	  3.18e-02	1.88139e-03
  1.99e-02	  3.23e-02	1.52410e-03
  1.99e-02	  3.28e-02	1.17524e-03
  1.99e-02	  3.33e-02	8.37063e-04
  1.99e-02	  3.39e-02	5.11373e-04
  1.99e-02	  3.44e-02	2.01051e-04
  1.99e-02	  3.49e-02	-9.32546e-05
  1.99e-02	  3.54e-02	-3.73834e-04
  1.99e-02	  3.59e-02	-6.52499e-04
  1.99e-02	  3.65e-02	-9.37559e-04
  1.99e-02	  3.70e-02	-1.23190e-03
  1.99e-02	  3.75e-02	-1.53813e-03
  1.99e-02	  3.80e-02	-1.84976e-03
  1.99e-02	  3.85e-02	-1.90571e-03
  1.99e-02	  3.91e-02	-2.56939e-03
  1.99e-02	  3.96e-02	-1.68397e-03
  1.99e-02	  4.01e-02	3.19929e-30
  1.99e-02	  4.06e-02	0.00000e+00
  1.99e-02	  4.11e-02	0.00000e+00
  1.99e-02	  4.17e-02	0.00000e+00
  1.99e-02	  4.22e-02	0.00000e+00
  1.99e-02	  4.27e-02	0.00000e+00
  1.99e-02	  4.32e-02	0.00000e+00
  1.99e-02	  4.37e-02	0.00000e+00
  1.99e-02	  4.43e-02	0.00000e+00
  1.99e-02	  4.48e-02	0.00000e+00
  1.99e-02	  4.53e-02	0.00000e+00
  1.99e-02	  4.58e-02	0.00000e+00
  1.99e-02	  4.64e-02	0.00000e+00
  1.99e-02	  4.69e-02	0.00000e+00
  1.99e-02	  4.74e-02	0.00000e+00
  1.99e-02	  4.79e-02	0.00000e+00
  1.99e-02	  4.84e-02	0.00000e+00
  1.99e-02	  4.90e-02	0.00000e+00
  1.99e-02	  4.95e-02	0.00000e+00

  2.07e-02	  0.00e+00	0.00000e+00
  2.07e-02	  5.21e-04	0.00000e+00
  2.07e-02	  1.04e-03	0.00000e+00
  2.07e-02	  1.56e-03	0.00000e+00
  2.07e-02	  2.08e-03	0.00000e+00
  2.07e-02	  2.60e-03	0.00000e+00
  2.07e-02	  3.12e-03	0.00000e+00
  2.07e-02	  3.65e-03	0.00000e+00
  2.07e-02	  4.17e-03	0.00000e+00
  2.07e-02	  4.69e-03	0.00000e+00
  2.07e-02	  5.21e-03	0.00000e+00
  2.07e-02	  5.73e-03	0.00000e+00
  2.07e-02	  6.25e-03	0.00000e+00
  2.07e-02	  6.77e-03	0.00000e+00
  2.07e-02	  7.29e-03	0.00000e+00
  2.07e-02	  7.81e-03	0.00000e+00
  2.07e-02	  8.33e-03	0.00000e+00
  2.07e-02	  8.85e-03	0.00000e+00
  2.07e-02	  9.37e-03	-3.20300e-30
  2.07e-02	  9.90e-03	1.28619e-03
  2.07e-02	  1.04e-02	1.70193e-03
  2.07e-02	  1.09e-02	1.31088e-03
  2.07e-02	  1.15e-02	2.40178e-03
  2.07e-02	  1.20e-02	3.26553e-03
  2.07e-02	  1.25e-02	3.98610e-03
  2.07e-02	  1.30e-02	4.61817e-03
  2.07e-02	  1.35e-02	5.17405e-03
  2.07e-02	  1.41e-02	5.67701e-03
  2.07e-02	  1.46e-02	6.12886e-03
  2.07e-02	  1.51e-02	6.52994e-03
  2.07e-02	  1.56e-02	6.88213e-03
  2.07e-02	  1.61e-02	7.18695e-03
  2.07e-02	  1.67e-02	7.44617e-03
  2.07e-02	  1.72e-02	7.66153e-03
  2.07e-02	  1.77e-02	7.83466e-03
  2.07e-02	  1.82e-02	7.96719e-03
  2.07e-02	  1.88e-02	8.06077e-03
  2.07e-02	  1.93e-02	8.11705e-03
  2.07e-02	  1.98e-02	8.13767e-03
  2.07e-02	  2.03e-02	8.12426e-03
  2.07e-02	  2.08e-02	8.07839e-03
  2.07e-02	  2.14e-02	8.00165e-03
  2.07e-02	  2.19e-02	7.89562e-03
  2.07e-02	  2.24e-02	7.76185e-03
  2.07e-02	  2.29e-02	7.60193e-03
  2.07e-02	  2.34e-02	7.41746e-03
  2.07e-02	  2.40e-02	7.21003e-03
  2.07e-02	  2.45e-02	6.98126e-03
  2.07e-02	  2.50e-02	6.73281e-03
  2.07e-02	  2.55e-02	6.46634e-03
  2.07e-02	  2.60e-02	6.18355e-03
  2.07e-02	  2.66e-02	5.88619e-03
  2.07e-02	  2.71e-02	5.57607e-03
  2.07e-02	  2.76e-02	5.25505e-03
  2.07e-02	  2.81e-02	4.92506e-03
  2.07e-02	  2.86e-02	4.58812e-03
  2.07e-02	  2.92e-02	4.24634e-03
  2.07e-02	  2.97e-02	3.90191e-03
  2.07e-02	  3.02e-02	3.55714e-03
  2.07e-02	  3.07e-02	3.21443e-03
  2.07e-02	  3.13e-02	2.87634e-03
  2.07e-02	  3.18e-02	2.54553e-03
  2.07e-02	  3.23e-02	2.22475e-03
  2.07e-02	  3.28e-02	1.91684e-03
  2.07e-02	  3.33e-02	1.62453e-03
  2.07e-02	  3.39e-02	1.35056e-03
  2.07e-02	  3.44e-02	1.09838e-03
  2.07e-02	  3.49e-02	8.71671e-04
  2.07e-02	  3.54e-02	6.73534e-04
  2.07e-02	  3.59e-02	5.07124e-04
  2.07e-02	  3.65e-02	3.68471e-04
  2.07e-02	  3.70e-02	2.53483e-04
  2.07e-02	  3.75e-02	1.67931e-04
  2.07e-02	  3.80e-02	1.33117e-04
  2.07e-02	  3.85e-02	1.52950e-04
  2.07e-02	  3.91e-02	-1.23675e-03
  2.07e-02	  3.96e-02	-1.02500e-03
  2.07e-02	  4.01e-02	3.19880e-30
  2.07e-02	  4.06e-02	0.00000e+00
  2.07e-02	  4.11e-02	0.00000e+00
  2.07e-02	  4.17e-02	0.00000e+00
  2.07e-02	  4.22e-02	0.00000e+00
  2.07e-02	  4.27e-02	0.00000e+00
  2.07e-02	  4.32e-02	0.00000e+00
  2.07e-02	  4.37e-02	0.00000e+00
  2.07e-02	  4.43e-02	0.00000e+00
  2.07e-02	  4.48e-02	0.00000e+00
  2.07e-02	  4.53e-02	0.00000e+00
  2.07e-02	  4.58e-02	0.00000e+00
  2.07e-02	  4.64e-02	0.00000e+00
  2.07e-02	  4.69e-02	0.00000e+00
  2.07e-02	  4.74e-02	0.00000e+00
  2.07e-02	  4.79e-02	0.00000e+00
  2.07e-02	  4.84e-02	0.00000e+00
  2.07e-02	  4.90e-02	0.00000e+00
  2.07e-02	  4.95e-02	0.00000e+00

  2.15e-02	  0.00e+00	0.00000e+00
  2.15e-02	  5.21e-04	0.00000e+00
  2.15e-02	  1.04e-03	0.00000e+00
  2.15e-02	  1.56e-03	0.00000e+00
  2.15e-02	  2.08e-03	0.00000e+00
  2.15e-02	  2.60e-03	0.00000e+00
  2.15e-02	  3.12e-03	0.00000e+00
  2.15e-02	  3.65e-03	0.00000e+00
  2.15e-02	  4.17e-03	0.00000e+00
  2.15e-02	  4.69e-03	0.00000e+00
  2.15e-02	  5.21e-03	0.00000e+00
  2.15e-02	  5.73e-03	0.00000e+00
  2.15e-02	  6.25e-03	0.00000e+00
  2.15e-02	  6.77e-03	0.00000e+00
  2.15e-02	  7.29e-03	0.00000e+00
  2.15e-02	  7.81e-03	0.00000e+00
  2.15e-02	  8.33e-03	0.00000e+00
  2.15e-02	  8.85e-03	0.00000e+00
  2.15e-02	  9.37e-03	-3.20251e-30
  2.15e-02	  9.90e-03	5.79159e-04
  2.15e-02	  1.04e-02	-8.11907e-04
  2.15e-02	  1.09e-02	-9.17817e-05
  2.15e-02	  1.15e-02	9.15571e-04
  2.15e-02	  1.20e-02	1.89680e-03
  2.15e-02	  1.25e-02	2.78734e-03
  2.15e-02	  1.30e-02	3.59209e-03
  2.15e-02	  1.35e-02	4.31732e-03
  2.15e-02	  1.41e-02	4.97215e-03
  2.15e-02	  1.46e-02	5.55975e-03
  2.15e-02	  1.51e-02	6.08330e-03
  2.15e-02	  1.56e-02	6.54571e-03
  2.15e-02	  1.61e-02	6.94969e-03
  2.15e-02	  1.67e-02	7.29793e-03
  2.15e-02	  1.72e-02	7.59302e-03
  2.15e-02	  1.77e-02	7.83746e-03
  2.15e-02	  1.82e-02	8.03365e-03
  2.15e-02	  1.88e-02	8.18394e-03
  2.15e-02	  1.93e-02	8.29059e-03
  2.15e-02	  1.98e-02	8.35580e-03
  2.15e-02	  2.03e-02	8.38171e-03
  2.15e-02	  2.08e-02	8.37042e-03
  2.15e-02	  2.14e-02	8.32398e-03
  2.15e-02	  2.19e-02	8.24443e-03
  2.15e-02	  2.24e-02	8.13379e-03
  2.15e-02	  2.29e-02	7.99407e-03
  2.15e-02	  2.34e-02	7.82729e-03
  2.15e-02	  2.40e-02	7.63545e-03
  2.15e-02	  2.45e-02	7.42058e-03
  2.15e-02	  2.50e-02	7.18472e-03
  2.15e-02	  2.55e-02	6.92993e-03
  2.15e-02	  2.60e-02	6.65830e-03
  2.15e-02	  2.66e-02	6.37196e-03
  2.15e-02	  2.71e-02	6.07309e-03
  2.15e-02	  2.76e-02	5.76395e-03
  2.15e-02	  2.81e-02	5.44684e-03
  2.15e-02	  2.86e-02	5.12419e-03
  2.15e-02	  2.92e-02	4.79850e-03
  2.15e-02	  2.97e-02	4.47239e-03
  2.15e-02	  3.02e-02	4.14861e-03
  2.15e-02	  3.07e-02	3.83004e-03
  2.15e-02	  3.13e-02	3.51969e-03
  2.15e-02	  3.18e-02	3.22074e-03
  2.15e-02	  3.23e-02	2.93648e-03
  2.15e-02	  3.28e-02	2.67032e-03
  2.15e-02	  3.33e-02	2.42578e-03
  2.15e-02	  3.39e-02	2.20651e-03
  2.15e-02	  3.44e-02	2.01656e-03
  2.15e-02	  3.49e-02	1.86035e-03
  2.15e-02	  3.54e-02	1.74263e-03
  2.15e-02	  3.59e-02	1.66943e-03
  2.15e-02	  3.65e-02	1.64648e-03
  2.15e-02	  3.70e-02	1.67660e-03
  2.15e-02	  3.75e-02	1.76010e-03
  2.15e-02	  3.80e-02	1.89779e-03
  2.15e-02	  3.85e-02	1.99465e-03
  2.15e-02	  3.91e-02	1.14500e-03
  2.15e-02	  3.96e-02	-1.94233e-04
  2.15e-02	  4.01e-02	3.19815e-30
  2.15e-02	  4.06e-02	0.00000e+00
  2.15e-02	  4.11e-02	0.00000e+00
  2.15e-02	  4.17e-02	0.00000e+00
  2.15e-02	  4.22e-02	0.00000e+00
  2.15e-02	  4.27e-02	0.00000e+00
  2.15e-02	  4.32e-02	0.00000e+00
  2.15e-02	  4.37e-02	0.00000e+00
  2.15e-02	  4.43e-02	0.00000e+00
  2.15e-02	  4.48e-02	0.00000e+00
  2.15e-02	  4.53e-02	0.00000e+00
  2.15e-02	  4.58e-02	0.00000e+00
  2.15e-02	  4.64e-02	0.00000e+00
  2.15e-02	  4.69e-02	0.00000e+00
  2.15e-02	  4.74e-02	0.00000e+00
  2.15e-02	  4.79e-02	0.00000e+00
  2.15e-02	  4.84e-02	0.00000e+00
  2.15e-02	  4.90e-02	0.00000e+00
  2.15e-02	  4.95e-02	0.00000e+00

  2.23e-02	  0.00e+00	0.00000e+00
  2.23e-02	  5.21e-04	0.00000e+00
  2.23e-02	  1.04e-03	0.00000e+00
  2.23e-02	  1.56e-03	0.00000e+00
  2.23e-02	  2.08e-03	0.00000e+00
  2.23e-02	  2.60e-03	0.00000e+00
  2.23e-02	  3.12e-03	0.00000e+00
  2.23e-02	  3.65e-03	0.00000e+00
  2.23e-02	  4.17e-03	0.00000e+00
  2.23e-02	  4.69e-03	0.00000e+00
  2.23e-02	  5.21e-03	0.00000e+00
  2.23e-02	  5.73e-03	0.00000e+00
  2.23e-02	  6.25e-03	0.00000e+00
  2.23e-02	  6.77e-03	0.00000e+00
  2.23e-02	  7.29e-03	0.00000e+00
  2.23e-02	  7.81e-03	0.00000e+00
  2.23e-02	  8.33e-03	0.00000e+00
  2.23e-02	  8.85e-03	0.00000e+00
  2.23e-02	  9.37e-03	-3.20190e-30
  2.23e-02	  9.90e-03	4.32832e-05
  2.23e-02	  1.04e-02	-4.63142e-03
  2.23e-02	  1.09e-02	-2.05812e-03
  2.23e-02	  1.15e-02	-6.02386e-04
  2.23e-02	  1.20e-02	5.97678e-04
  2.23e-02	  1.25e-02	1.66703e-03
  2.23e-02	  1.30e-02	2.63825e-03
  2.23e-02	  1.35e-02	3.53142e-03
  2.23e-02	  1.41e-02	4.34144e-03
  2.23e-02	  1.46e-02	5.07044e-03
  2.23e-02	  1.51e-02	5.72170e-03
  2.23e-02	  1.56e-02	6.29887e-03
  2.23e-02	  1.61e-02	6.80566e-03
  2.23e-02	  1.67e-02	7.24576e-03
  2.23e-02	  1.72e-02	7.62269e-03
  2.23e-02	  1.77e-02	7.93984e-03
  2.23e-02	  1.82e-02	8.20041e-03
  2.23e-02	  1.88e-02	8.40745e-03
  2.23e-02	  1.93e-02	8.56386e-03
  2.23e-02	  1.98e-02	8.67242e-03
  2.23e-02	  2.03e-02	8.73582e-03
  2.23e-02	  2.08e-02	8.75669e-03
  2.23e-02	  2.14e-02	8.73757e-03
  2.23e-02	  2.19e-02	8.68101e-03
  2.23e-02	  2.24e-02	8.58948e-03
  2.23e-02	  2.29e-02	8.46548e-03
  2.23e-02	  2.34e-02	8.31147e-03
  2.23e-02	  2.40e-02	8.12995e-03
  2.23e-02	  2.45e-02	7.92339e-03
  2.23e-02	  2.50e-02	7.69429e-03
  2.23e-02	  2.55e-02	7.44517e-03
  2.23e-02	  2.60e-02	7.17858e-03
  2.23e-02	  2.66e-02	6.89711e-03
  2.23e-02	  2.71e-02	6.60339e-03
  2.23e-02	  2.76e-02	6.30014e-03
  2.23e-02	  2.81e-02	5.99013e-03
  2.23e-02	  2.86e-02	5.67624e-03
  2.23e-02	  2.92e-02	5.36145e-03
  2.23e-02	  2.97e-02	5.04887e-03
  2.23e-02	  3.02e-02	4.74173e-03
  2.23e-02	  3.07e-02	4.44344e-03
  2.23e-02	  3.13e-02	4.15754e-03
  2.23e-02	  3.18e-02	3.88776e-03
  2.23e-02	  3.23e-02	3.63801e-03
  2.23e-02	  3.28e-02	3.41237e-03
  2.23e-02	  3.33e-02	3.21509e-03
  2.23e-02	  3.39e-02	3.05062e-03
  2.23e-02	  3.44e-02	2.92370e-03
  2.23e-02	  3.49e-02	2.83935e-03
  2.23e-02	  3.54e-02	2.80295e-03
  2.23e-02	  3.59e-02	2.82040e-03
  2.23e-02	  3.65e-02	2.89810e-03
  2.23e-02	  3.70e-02	3.03948e-03
  2.23e-02	  3.75e-02	3.24954e-03
  2.23e-02	  3.80e-02	3.54015e-03
  2.23e-02	  3.85e-02	3.95537e-03
  2.23e-02	  3.91e-02	4.87240e-03
  2.23e-02	  3.96e-02	4.31095e-04
  2.23e-02	  4.01e-02	3.19730e-30
  2.23e-02	  4.06e-02	0.00000e+00
  2.23e-02	  4.11e-02	0.00000e+00
  2.23e-02	  4.17e-02	0.00000e+00
  2.23e-02	  4.22e-02	0.00000e+00
  2.23e-02	  4.27e-02	0.00000e+00
  2.23e-02	  4.32e-02	0.00000e+00
  2.23e-02	  4.37e-02	0.00000e+00
  2.23e-02	  4.43e-02	0.00000e+00
  2.23e-02	  4.48e-02	0.00000e+00
  2.23e-02	  4.53e-02	0.00000e+00
  2.23e-02	  4.58e-02	0.00000e+00
  2.23e-02	  4.64e-02	0.00000e+00
  2.23e-02	  4.69e-02	0.00000e+00
  2.23e-02	  4.74e-02	0.00000e+00
  2.23e-02	  4.79e-02	0.00000e+00
  2.23e-02	  4.84e-02	0.00000e+00
  2.23e-02	  4.90e-02	0.00000e+00
  2.23e-02	  4.95e-02	0.00000e+00

  2.30e-02	  0.00e+00	0.00000e+00
  2.30e-02	  5.21e-04	0.00000e+00
  2.30e-02	  1.04e-03	0.00000e+00
  2.30e-02	  1.56e-03	0.00000e+00
  2.30e-02	  2.08e-03	0.00000e+00
  2.30e-02	  2.60e-03	0.00000e+00
  2.30e-02	  3.12e-03	0.00000e+00
  2.30e-02	  3.65e-03	0.00000e+00
  2.30e-02	  4.17e-03	0.00000e+00
  2.30e-02	  4.69e-03	0.00000e+00
  2.30e-02	  5.21e-03	0.00000e+00
  2.30e-02	  5.73e-03	0.00000e+00
  2.30e-02	  6.25e-03	0.00000e+00
  2.30e-02	  6.77e-03	0.00000e+00
  2.30e-02	  7.29e-03	0.00000e+00
  2.30e-02	  7.81e-03	0.00000e+00
  2.30e-02	  8.33e-03	0.00000e+00
  2.30e-02	  8.85e-03	0.00000e+00
  2.30e-02	  9.37e-03	-3.20138e-30
  2.30e-02	  9.90e-03	-1.30498e-03
  2.30e-02	  1.04e-02	-7.05941e-03
  2.30e-02	  1.09e-02	-4.21679e-03
  2.30e-02	  1.15e-02	-2.23102e-03
  2.30e-02	  1.20e-02	-7.01307e-04
  2.30e-02	  1.25e-02	6.12300e-04
  2.30e-02	  1.30e-02	1.79171e-03
  2.30e-02	  1.35e-02	2.86475e-03
  2.30e-02	  1.41e-02	3.83582e-03
  2.30e-02	  1.46e-02	4.70921e-03
  2.30e-02	  1.51e-02	5.48964e-03
  2.30e-02	  1.56e-02	6.18211e-03
  2.30e-02	  1.61e-02	6.79160e-03
  2.30e-02	  1.67e-02	7.32296e-03
  2.30e-02	  1.72e-02	7.78073e-03
  2.30e-02	  1.77e-02	8.16917e-03
  2.30e-02	  1.82e-02	8.49225e-03
  2.30e-02	  1.88e-02	8.75371e-03
  2.30e-02	  1.93e-02	8.95705e-03
  2.30e-02	  1.98e-02	9.10565e-03
  2.30e-02	  2.03e-02	9.20273e-03
  2.30e-02	  2.08e-02	9.25142e-03
  2.30e-02	  2.14e-02	9.25479e-03
  2.30e-02	  2.19e-02	9.21588e-03
  2.30e-02	  2.24e-02	9.13769e-03
  2.30e-02	  2.29e-02	9.02319e-03
  2.30e-02	  2.34e-02	8.87539e-03
  2.30e-02	  2.40e-02	8.69727e-03
  2.30e-02	  2.45e-02	8.49183e-03
  2.30e-02	  2.50e-02	8.26210e-03
  2.30e-02	  2.55e-02	8.01111e-03
  2.30e-02	  2.60e-02	7.74194e-03
  2.30e-02	  2.66e-02	7.45769e-03
  2.30e-02	  2.71e-02	7.16154e-03
  2.30e-02	  2.76e-02	6.85670e-03
  2.30e-02	  2.81e-02	6.54646e-03
  2.30e-02	  2.86e-02	6.23423e-03
  2.30e-02	  2.92e-02	5.92349e-03
  2.30e-02	  2.97e-02	5.61788e-03
  2.30e-02	  3.02e-02	5.32117e-03
  2.30e-02	  3.07e-02	5.03731e-03
  2.30e-02	  3.13e-02	4.77042e-03
  2.30e-02	  3.18e-02	4.52484e-03
  2.30e-02	  3.23e-02	4.30512e-03
  2.30e-02	  3.28e-02	4.11603e-03
  2.30e-02	  3.33e-02	3.96259e-03
  2.30e-02	  3.39e-02	3.85009e-03
  2.30e-02	  3.44e-02	3.78405e-03
  2.30e-02	  3.49e-02	3.77030e-03
  2.30e-02	  3.54e-02	3.81493e-03
  2.30e-02	  3.59e-02	3.92443e-03
  2.30e-02	  3.65e-02	4.10593e-03
  2.30e-02	  3.70e-02	4.36851e-03
  2.30e-02	  3.75e-02	4.73145e-03
  2.30e-02	  3.80e-02	5.25420e-03
  2.30e-02	  3.85e-02	6.15152e-03
  2.30e-02	  3.91e-02	8.09969e-03
  2.30e-02	  3.96e-02	1.26757e-03
  2.30e-02	  4.01e-02	3.19645e-30
  2.30e-02	  4.06e-02	0.00000e+00
  2.30e-02	  4.11e-02	0.00000e+00
  2.30e-02	  4.17e-02	0.00000e+00
  2.30e-02	  4.22e-02	0.00000e+00
  2.30e-02	  4.27e-02	0.00000e+00
  2.30e-02	  4.32e-02	0.00000e+00
  2.30e-02	  4.37e-02	0.00000e+00
  2.30e-02	  4.43e-02	0.00000e+00
  2.30e-02	  4.48e-02	0.00000e+00
  2.30e-02	  4.53e-02	0.00000e+00
  2.30e-02	  4.58e-02	0.00000e+00
  2.30e-02	  4.64e-02	0.00000e+00
  2.30e-02	  4.69e-02	0.00000e+00
  2.30e-02	  4.74e-02	0.00000e+00
  2.30e-02	  4.79e-02	0.00000e+00
  2.30e-02	  4.84e-02	0.00000e+00
  2.30e-02	  4.90e-02	0.00000e+00
  2.30e-02	  4.95e-02	0.00000e+00

  2.38e-02	  0.00e+00	0.00000e+00
  2.38e-02	  5.21e-04	0.00000e+00
  2.38e-02	  1.04e-03	0.00000e+00
  2.38e-02	  1.56e-03	0.00000e+00
  2.38e-02	  2.08e-03	0.00000e+00
  2.38e-02	  2.60e-03	0.00000e+00
  2.38e-02	  3.12e-03	0.00000e+00
  2.38e-02	  3.65e-03	0.00000e+00
  2.38e-02	  4.17e-03	0.00000e+00
  2.38e-02	  4.69e-03	0.00000e+00
  2.38e-02	  5.21e-03	0.00000e+00
  2.38e-02	  5.73e-03	0.00000e+00
  2.38e-02	  6.25e-03	0.00000e+00
  2.38e-02	  6.77e-03	0.00000e+00
  2.38e-02	  7.29e-03	0.00000e+00
  2.38e-02	  7.81e-03	0.00000e+00
  2.38e-02	  8.33e-03	0.00000e+00
  2.38e-02	  8.85e-03	0.00000e+00
  2.38e-02	  9.37e-03	-3.20103e-30
  2.38e-02	  9.90e-03	-4.40898e-03
  2.38e-02	  1.04e-02	-7.41657e-03
  2.38e-02	  1.09e-02	-5.55020e-03
  2.38e-02	  1.15e-02	-3.55341e-03
  2.38e-02	  1.20e-02	-1.80618e-03
  2.38e-02	  1.25e-02	-2.62880e-04
  2.38e-02	  1.30e-02	1.12664e-03
  2.38e-02	  1.35e-02	2.38282e-03
  2.38e-02	  1.41e-02	3.51431e-03
  2.38e-02	  1.46e-02	4.52907e-03
  2.38e-02	  1.51e-02	5.43462e-03
  2.38e-02	  1.56e-02	6.23807e-03
  2.38e-02	  1.61e-02	6.94600e-03
  2.38e-02	  1.67e-02	7.56445e-03
  2.38e-02	  1.72e-02	8.09891e-03
  2.38e-02	  1.77e-02	8.55442e-03
  2.38e-02	  1.82e-02	8.93563e-03
  2.38e-02	  1.88e-02	9.24685e-03
  2.38e-02	  1.93e-02	9.49213e-03
  2.38e-02	  1.98e-02	9.67536e-03
  2.38e-02	  2.03e-02	9.80025e-03
  2.38e-02	  2.08e-02	9.87046e-03
  2.38e-02	  2.14e-02	9.88955e-03
  2.38e-02	  2.19e-02	9.86107e-03
  2.38e-02	  2.24e-02	9.78855e-03
  2.38e-02	  2.29e-02	9.67551e-03
  2.38e-02	  2.34e-02	9.52548e-03
  2.38e-02	  2.40e-02	9.34204e-03
  2.38e-02	  2.45e-02	9.12875e-03
  2.38e-02	  2.50e-02	8.88922e-03
  2.38e-02	  2.55e-02	8.62708e-03
  2.38e-02	  2.60e-02	8.34597e-03
  2.38e-02	  2.66e-02	8.04960e-03
  2.38e-02	  2.71e-02	7.74170e-03
  2.38e-02	  2.76e-02	7.42606e-03
  2.38e-02	  2.81e-02	7.10654e-03
  2.38e-02	  2.86e-02	6.78708e-03
  2.38e-02	  2.92e-02	6.47172e-03
  2.38e-02	  2.97e-02	6.16464e-03
  2.38e-02	  3.02e-02	5.87017e-03
  2.38e-02	  3.07e-02	5.59280e-03
  2.38e-02	  3.13e-02	5.33724e-03
  2.38e-02	  3.18e-02	5.10843e-03
  2.38e-02	  3.23e-02	4.91154e-03
  2.38e-02	  3.28e-02	4.75205e-03
  2.38e-02	  3.33e-02	4.63573e-03
  2.38e-02	  3.39e-02	4.56866e-03
  2.38e-02	  3.44e-02	4.55731e-03
  2.38e-02	  3.49e-02	4.60848e-03
  2.38e-02	  3.54e-02	4.72948e-03
  2.38e-02	  3.59e-02	4.92823e-03
  2.38e-02	  3.65e-02	5.21392e-03
  2.38e-02	  3.70e-02	5.59842e-03
  2.38e-02	  3.75e-02	6.10589e-03
  2.38e-02	  3.80e-02	6.79520e-03
  2.38e-02	  3.85e-02	7.77898e-03
  2.38e-02	  3.91e-02	8.85351e-03
  2.38e-02	  3.96e-02	3.52794e-03
  2.38e-02	  4.01e-02	3.19576e-30
  2.38e-02	  4.06e-02	0.00000e+00
  2.38e-02	  4.11e-02	0.00000e+00
  2.38e-02	  4.17e-02	0.00000e+00
  2.38e-02	  4.22e-02	0.00000e+00
  2.38e-02	  4.27e-02	0.00000e+00
  2.38e-02	  4.32e-02	0.00000e+00
  2.38e-02	  4.37e-02	0.00000e+00
  2.38e-02	  4.43e-02	0.00000e+00
  2.38e-02	  4.48e-02	0.00000e+00
  2.38e-02	  4.53e-02	0.00000e+00
  2.38e-02	  4.58e-02	0.00000e+00
  2.38e-02	  4.64e-02	0.00000e+00
  2.38e-02	  4.69e-02	0.00000e+00
  2.38e-02	  4.74e-02	0.00000e+00
  2.38e-02	  4.79e-02	0.00000e+00
  2.38e-02	  4.84e-02	0.00000e+00
  2.38e-02	  4.90e-02	0.00000e+00
  2.38e-02	  4.95e-02	0.00000e+00

  2.46e-02	  0.00e+00	0.00000e+00
  2.46e-02	  5.21e-04	0.00000e+00
  2.46e-02	  1.04e-03	0.00000e+00
  2.46e-02	  1.56e-03	0.00000e+00
  2.46e-02	  2.08e-03	0.00000e+00
  2.46e-02	  2.60e-03	0.00000e+00
  2.46e-02	  3.12e-03	0.00000e+00
  2.46e-02	  3.65e-03	0.00000e+00
  2.46e-02	  4.17e-03	0.00000e+00
  2.46e-02	  4.69e-03	0.00000e+00
  2.46e-02	  5.21e-03	0.00000e+00
  2.46e-02	  5.73e-03	0.00000e+00
  2.46e-02	  6.25e-03	0.00000e+00
  2.46e-02	  6.77e-03	0.00000e+00
  2.46e-02	  7.29e-03	0.00000e+00
  2.46e-02	  7.81e-03	0.00000e+00
  2.46e-02	  8.33e-03	0.00000e+00
  2.46e-02	  8.85e-03	0.00000e+00
  2.46e-02	  9.37e-03	-3.20075e-30
  2.46e-02	  9.90e-03	-8.90732e-03
  2.46e-02	  1.04e-02	-8.15121e-03
  2.46e-02	  1.09e-02	-6.32233e-03
  2.46e-02	  1.15e-02	-4.36155e-03
  2.46e-02	  1.20e-02	-2.50384e-03
  2.46e-02	  1.25e-02	-7.99247e-04
  2.46e-02	  1.30e-02	7.57185e-04
  2.46e-02	  1.35e-02	2.16977e-03
  2.46e-02	  1.41e-02	3.44296e-03
  2.46e-02	  1.46e-02	4.58478e-03
  2.46e-02	  1.51e-02	5.60397e-03
  2.46e-02	  1.56e-02	6.50882e-03
  2.46e-02	  1.61e-02	7.30690e-03
  2.46e-02	  1.67e-02	8.00502e-03
  2.46e-02	  1.72e-02	8.60928e-03
  2.46e-02	  1.77e-02	9.12521e-03
  2.46e-02	  1.82e-02	9.55791e-03
  2.46e-02	  1.88e-02	9.91211e-03
  2.46e-02	  1.93e-02	1.01923e-02
  2.46e-02	  1.98e-02	1.04027e-02
  2.46e-02	  2.03e-02	1.05476e-02
  2.46e-02	  2.08e-02	1.06311e-02
  2.46e-02	  2.14e-02	1.06572e-02
  2.46e-02	  2.19e-02	1.06300e-02
  2.46e-02	  2.24e-02	1.05535e-02
  2.46e-02	  2.29e-02	1.04318e-02
  2.46e-02	  2.34e-02	1.02692e-02
  2.46e-02	  2.40e-02	1.00698e-02
  2.46e-02	  2.45e-02	9.83770e-03
  2.46e-02	  2.50e-02	9.57726e-03
  2.46e-02	  2.55e-02	9.29273e-03
  2.46e-02	  2.60e-02	8.98843e-03
  2.46e-02	  2.66e-02	8.66868e-03
  2.46e-02	  2.71e-02	8.33786e-03
  2.46e-02	  2.76e-02	8.00035e-03
  2.46e-02	  2.81e-02	7.66062e-03
  2.46e-02	  2.86e-02	7.32318e-03
  2.46e-02	  2.92e-02	6.99264e-03
  2.46e-02	  2.97e-02	6.67371e-03
  2.46e-02	  3.02e-02	6.37127e-03
  2.46e-02	  3.07e-02	6.09034e-03
  2.46e-02	  3.13e-02	5.83618e-03
  2.46e-02	  3.18e-02	5.61427e-03
  2.46e-02	  3.23e-02	5.43036e-03
  2.46e-02	  3.28e-02	5.29053e-03
  2.46e-02	  3.33e-02	5.20116e-03
  2.46e-02	  3.39e-02	5.16900e-03
  2.46e-02	  3.44e-02	5.20114e-03
  2.46e-02	  3.49e-02	5.30501e-03
  2.46e-02	  3.54e-02	5.48829e-03
  2.46e-02	  3.59e-02	5.75871e-03
  2.46e-02	  3.65e-02	6.12365e-03
  2.46e-02	  3.70e-02	6.58898e-03
  2.46e-02	  3.75e-02	7.16279e-03
  2.46e-02	  3.80e-02	7.85763e-03
  2.46e-02	  3.85e-02	8.64121e-03
  2.46e-02	  3.91e-02	9.18179e-03
  2.46e-02	  3.96e-02	7.15637e-03
  2.46e-02	  4.01e-02	3.19514e-30
  2.46e-02	  4.06e-02	0.00000e+00
  2.46e-02	  4.11e-02	0.00000e+00
  2.46e-02	  4.17e-02	0.00000e+00
  2.46e-02	  4.22e-02	0.00000e+00
  2.46e-02	  4.27e-02	0.00000e+00
  2.46e-02	  4.32e-02	0.00000e+00
  2.46e-02	  4.37e-02	0.00000e+00
  2.46e-02	  4.43e-02	0.00000e+00
  2.46e-02	  4.48e-02	0.00000e+00
  2.46e-02	  4.53e-02	0.00000e+00
  2.46e-02	  4.58e-02	0.00000e+00
  2.46e-02	  4.64e-02	0.00000e+00
  2.46e-02	  4.69e-02	0.00000e+00
  2.46e-02	  4.74e-02	0.00000e+00
  2.46e-02	  4.79e-02	0.00000e+00
  2.46e-02	  4.84e-02	0.00000e+00
  2.46e-02	  4.90e-02	0.00000e+00
  2.46e-02	  4.95e-02	0.00000e+00

  2.54e-02	  0.00e+00	0.00000e+00
  2.54e-02	  5.21e-04	0.00000e+00
  2.54e-02	  1.04e-03	0.00000e+00
  2.54e-02	  1.56e-03	0.00000e+00
  2.54e-02	  2.08e-03	0.00000e+00
  2.54e-02	  2.60e-03	0.00000e+00
  2.54e-02	  3.12e-03	0.00000e+00
  2.54e-02	  3.65e-03	0.00000e+00
  2.54e-02	  4.17e-03	0.00000e+00
  2.54e-02	  4.69e-03	0.00000e+00
  2.54e-02	  5.21e-03	0.00000e+00
  2.54e-02	  5.73e-03	0.00000e+00
  2.54e-02	  6.25e-03	0.00000e+00
  2.54e-02	  6.77e-03	0.00000e+00
  2.54e-02	  7.29e-03	0.00000e+00
  2.54e-02	  7.81e-03	0.00000e+00
  2.54e-02	  8.33e-03	0.00000e+00
  2.54e-02	  8.85e-03	0.00000e+00
  2.54e-02	  9.37e-03	-3.20063e-30
  2.54e-02	  9.90e-03	-1.33817e-02
  2.54e-02	  1.04e-02	-9.70619e-03
  2.54e-02	  1.09e-02	-7.12335e-03
  2.54e-02	  1.15e-02	-4.88270e-03
  2.54e-02	  1.20e-02	-2.83856e-03
  2.54e-02	  1.25e-02	-9.71449e-04
  2.54e-02	  1.30e-02	7.29886e-04
  2.54e-02	  1.35e-02	2.27456e-03
  2.54e-02	  1.41e-02	3.66807e-03
  2.54e-02	  1.46e-02	4.91929e-03
  2.54e-02	  1.51e-02	6.03758e-03
  2.54e-02	  1.56e-02	7.03168e-03
  2.54e-02	  1.61e-02	7.90943e-03
  2.54e-02	  1.67e-02	8.67782e-03
  2.54e-02	  1.72e-02	9.34311e-03
  2.54e-02	  1.77e-02	9.91100e-03
  2.54e-02	  1.82e-02	1.03868e-02
  2.54e-02	  1.88e-02	1.07754e-02
  2.54e-02	  1.93e-02	1.10816e-02
  2.54e-02	  1.98e-02	1.13101e-02
  2.54e-02	  2.03e-02	1.14653e-02
  2.54e-02	  2.08e-02	1.15518e-02
  2.54e-02	  2.14e-02	1.15743e-02
  2.54e-02	  2.19e-02	1.15371e-02
  2.54e-02	  2.24e-02	1.14450e-02
  2.54e-02	  2.29e-02	1.13027e-02
  2.54e-02	  2.34e-02	1.11150e-02
  2.54e-02	  2.40e-02	1.08868e-02
  2.54e-02	  2.45e-02	1.06229e-02
  2.54e-02	  2.50e-02	1.03283e-02
  2.54e-02	  2.55e-02	1.00081e-02
  2.54e-02	  2.60e-02	9.66728e-03
  2.54e-02	  2.66e-02	9.31087e-03
  2.54e-02	  2.71e-02	8.94394e-03
  2.54e-02	  2.76e-02	8.57154e-03
  2.54e-02	  2.81e-02	8.19875e-03
  2.54e-02	  2.86e-02	7.83067e-03
  2.54e-02	  2.92e-02	7.47248e-03
  2.54e-02	  2.97e-02	7.12941e-03
  2.54e-02	  3.02e-02	6.80684e-03
  2.54e-02	  3.07e-02	6.51031e-03
  2.54e-02	  3.13e-02	6.24553e-03
  2.54e-02	  3.18e-02	6.01847e-03
  2.54e-02	  3.23e-02	5.83535e-03
  2.54e-02	  3.28e-02	5.70271e-03
  2.54e-02	  3.33e-02	5.62739e-03
  2.54e-02	  3.39e-02	5.61654e-03
  2.54e-02	  3.44e-02	5.67761e-03
  2.54e-02	  3.49e-02	5.81816e-03
  2.54e-02	  3.54e-02	6.04563e-03
  2.54e-02	  3.59e-02	6.36668e-03
  2.54e-02	  3.65e-02	6.78580e-03
  2.54e-02	  3.70e-02	7.30257e-03
  2.54e-02	  3.75e-02	7.91429e-03
  2.54e-02	  3.80e-02	8.61602e-03
  2.54e-02	  3.85e-02	9.37915e-03
  2.54e-02	  3.91e-02	1.01718e-02
  2.54e-02	  3.96e-02	1.11762e-02
  2.54e-02	  4.01e-02	3.19453e-30
  2.54e-02	  4.06e-02	0.00000e+00
  2.54e-02	  4.11e-02	0.00000e+00
  2.54e-02	  4.17e-02	0.00000e+00
  2.54e-02	  4.22e-02	0.00000e+00
  2.54e-02	  4.27e-02	0.00000e+00
  2.54e-02	  4.32e-02	0.00000e+00
  2.54e-02	  4.37e-02	0.00000e+00
  2.54e-02	  4.43e-02	0.00000e+00
  2.54e-02	  4.48e-02	0.00000e+00
  2.54e-02	  4.53e-02	0.00000e+00
  2.54e-02	  4.58e-02	0.00000e+00
  2.54e-02	  4.64e-02	0.00000e+00
  2.54e-02	  4.69e-02	0.00000e+00
  2.54e-02	  4.74e-02	0.00000e+00
  2.54e-02	  4.79e-02	0.00000e+00
  2.54e-02	  4.84e-02	0.00000e+00
  2.54e-02	  4.90e-02	0.00000e+00
  2.54e-02	  4.95e-02	0.00000e+00

  2.62e-02	  0.00e+00	0.00000e+00
  2.62e-02	  5.21e-04	0.00000e+00
  2.62e-02	  1.04e-03	0.00000e+00
  2.62e-02	  1.56e-03	0.00000e+00
  2.62e-02	  2.08e-03	0.00000e+00
  2.62e-02	  2.60e-03	0.00000e+00
  2.62e-02	  3.12e-03	0.00000e+00
  2.62e-02	  3.65e-03	0.00000e+00
  2.62e-02	  4.17e-03	0.00000e+00
  2.62e-02	  4.69e-03	0.00000e+00
  2.62e-02	  5.21e-03	0.00000e+00
  2.62e-02	  5.73e-03	0.00000e+00
  2.62e-02	  6.25e-03	0.00000e+00
  2.62e-02	  6.77e-03	0.00000e+00
  2.62e-02	  7.29e-03	0.00000e+00
  2.62e-02	  7.81e-03	0.00000e+00
  2.62e-02	  8.33e-03	0.00000e+00
  2.62e-02	  8.85e-03	0.00000e+00
  2.62e-02	  9.37e-03	-3.20076e-30
  2.62e-02	  9.90e-03	-1.57065e-02
  2.62e-02	  1.04e-02	-1.14112e-02
  2.62e-02	  1.09e-02	-7.94238e-03
  2.62e-02	  1.15e-02	-5.20798e-03
  2.62e-02	  1.20e-02	-2.86995e-03
  2.62e-02	  1.25e-02	-8.00653e-04
  2.62e-02	  1.30e-02	1.05015e-03
  2.62e-02	  1.35e-02	2.71680e-03
  2.62e-02	  1.41e-02	4.21640e-03
  2.62e-02	  1.46e-02	5.56274e-03
  2.62e-02	  1.51e-02	6.76706e-03
  2.62e-02	  1.56e-02	7.83865e-03
  2.62e-02	  1.61e-02	8.78535e-03
  2.62e-02	  1.67e-02	9.61398e-03
  2.62e-02	  1.72e-02	1.03306e-02
  2.62e-02	  1.77e-02	1.09409e-02
  2.62e-02	  1.82e-02	1.14500e-02
  2.62e-02	  1.88e-02	1.18630e-02
  2.62e-02	  1.93e-02	1.21849e-02
  2.62e-02	  1.98e-02	1.24205e-02
  2.62e-02	  2.03e-02	1.25746e-02
  2.62e-02	  2.08e-02	1.26523e-02
  2.62e-02	  2.14e-02	1.26585e-02
  2.62e-02	  2.19e-02	1.25982e-02
  2.62e-02	  2.24e-02	1.24768e-02
  2.62e-02	  2.29e-02	1.22997e-02
  2.62e-02	  2.34e-02	1.20722e-02
  2.62e-02	  2.40e-02	1.18001e-02
  2.62e-02	  2.45e-02	1.14891e-02
  2.62e-02	  2.50e-02	1.11450e-02
  2.62e-02	  2.55e-02	1.07735e-02
  2.62e-02	  2.60e-02	1.03807e-02
  2.62e-02	  2.66e-02	9.97218e-03
  2.62e-02	  2.71e-02	9.55389e-03
  2.62e-02	  2.76e-02	9.13156e-03
  2.62e-02	  2.81e-02	8.71092e-03
  2.62e-02	  2.86e-02	8.29766e-03
  2.62e-02	  2.92e-02	7.89750e-03
  2.62e-02	  2.97e-02	7.51619e-03
  2.62e-02	  3.02e-02	7.15955e-03
  2.62e-02	  3.07e-02	6.83355e-03
  2.62e-02	  3.13e-02	6.54432e-03
  2.62e-02	  3.18e-02	6.29821e-03
  2.62e-02	  3.23e-02	6.10183e-03
  2.62e-02	  3.28e-02	5.96206e-03
  2.62e-02	  3.33e-02	5.88608e-03
  2.62e-02	  3.39e-02	5.88137e-03
  2.62e-02	  3.44e-02	5.95564e-03
  2.62e-02	  3.49e-02	6.11675e-03
  2.62e-02	  3.54e-02	6.37238e-03
  2.62e-02	  3.59e-02	6.72953e-03
  2.62e-02	  3.65e-02	7.19337e-03
  2.62e-02	  3.70e-02	7.76517e-03
  2.62e-02	  3.75e-02	8.44885e-03
  2.62e-02	  3.80e-02	9.25818e-03
  2.62e-02	  3.85e-02	1.02425e-02
  2.62e-02	  3.91e-02	1.16477e-02
  2.62e-02	  3.96e-02	1.43084e-02
  2.62e-02	  4.01e-02	3.19403e-30
  2.62e-02	  4.06e-02	0.00000e+00
  2.62e-02	  4.11e-02	0.00000e+00
  2.62e-02	  4.17e-02	0.00000e+00
  2.62e-02	  4.22e-02	0.00000e+00
  2.62e-02	  4.27e-02	0.00000e+00
  2.62e-02	  4.32e-02	0.00000e+00
  2.62e-02	  4.37e-02	0.00000e+00
  2.62e-02	  4.43e-02	0.00000e+00
  2.62e-02	  4.48e-02	0.00000e+00
  2.62e-02	  4.53e-02	0.00000e+00
  2.62e-02	  4.58e-02	0.00000e+00
  2.62e-02	  4.64e-02	0.00000e+00
  2.62e-02	  4.69e-02	0.00000e+00
  2.62e-02	  4.74e-02	0.00000e+00
  2.62e-02	  4.79e-02	0.00000e+00
  2.62e-02	  4.84e-02	0.00000e+00
  2.62e-02	  4.90e-02	0.00000e+00
  2.62e-02	  4.95e-02	0.00000e+00

  2.70e-02	  0.00e+00	0.00000e+00
  2.70e-02	  5.21e-04	0.00000e+00
  2.70e-02	  1.04e-03	0.00000e+00
  2.70e-02	  1.56e-03	0.00000e+00
  2.70e-02	  2.08e-03	0.00000e+00
  2.70e-02	  2.60e-03	0.00000e+00
  2.70e-02	  3.12e-03	0.00000e+00
  2.70e-02	  3.65e-03	0.00000e+00
  2.70e-02	  4.17e-03	0.00000e+00
  2.70e-02	  4.69e-03	0.00000e+00
  2.70e-02	  5.21e-03	0.00000e+00
  2.70e-02	  5.73e-03	0.00000e+00
  2.70e-02	  6.25e-03	0.00000e+00
  2.70e-02	  6.77e-03	0.00000e+00
  2.70e-02	  7.29e-03	0.00000e+00
  2.70e-02	  7.81e-03	0.00000e+00
  2.70e-02	  8.33e-03	0.00000e+00
  2.70e-02	  8.85e-03	0.00000e+00
  2.70e-02	  9.37e-03	-3.20108e-30
  2.70e-02	  9.90e-03	-1.44982e-02
  2.70e-02	  1.04e-02	-1.16676e-02
  2.70e-02	  1.09e-02	-8.08846e-03
  2.70e-02	  1.15e-02	-5.06171e-03
  2.70e-02	  1.20e-02	-2.48718e-03
  2.70e-02	  1.25e-02	-2.38223e-04
  2.70e-02	  1.30e-02	1.74774e-03
  2.70e-02	  1.35e-02	3.52155e-03
  2.70e-02	  1.41e-02	5.11325e-03
  2.70e-02	  1.46e-02	6.54200e-03
  2.70e-02	  1.51e-02	7.82081e-03
  2.70e-02	  1.56e-02	8.95919e-03
  2.70e-02	  1.61e-02	9.96464e-03
  2.70e-02	  1.67e-02	1.08435e-02
  2.70e-02	  1.72e-02	1.16014e-02
  2.70e-02	  1.77e-02	1.22437e-02
  2.70e-02	  1.82e-02	1.27755e-02
  2.70e-02	  1.88e-02	1.32018e-02
  2.70e-02	  1.93e-02	1.35276e-02
  2.70e-02	  1.98e-02	1.37580e-02
  2.70e-02	  2.03e-02	1.38981e-02
  2.70e-02	  2.08e-02	1.39531e-02
  2.70e-02	  2.14e-02	1.39286e-02
  2.70e-02	  2.19e-02	1.38302e-02
  2.70e-02	  2.24e-02	1.36637e-02
  2.70e-02	  2.29e-02	1.34352e-02
  2.70e-02	  2.34e-02	1.31510e-02
  2.70e-02	  2.40e-02	1.28177e-02
  2.70e-02	  2.45e-02	1.24418e-02
  2.70e-02	  2.50e-02	1.20302e-02
  2.70e-02	  2.55e-02	1.15896e-02
  2.70e-02	  2.60e-02	1.11268e-02
  2.70e-02	  2.66e-02	1.06486e-02
  2.70e-02	  2.71e-02	1.01616e-02
  2.70e-02	  2.76e-02	9.67225e-03
  2.70e-02	  2.81e-02	9.18706e-03
  2.70e-02	  2.86e-02	8.71228e-03
  2.70e-02	  2.92e-02	8.25414e-03
  2.70e-02	  2.97e-02	7.81883e-03
  2.70e-02	  3.02e-02	7.41257e-03
  2.70e-02	  3.07e-02	7.04169e-03
  2.70e-02	  3.13e-02	6.71263e-03
  2.70e-02	  3.18e-02	6.43207e-03
  2.70e-02	  3.23e-02	6.20690e-03
  2.70e-02	  3.28e-02	6.04429e-03
  2.70e-02	  3.33e-02	5.95173e-03
  2.70e-02	  3.39e-02	5.93700e-03
  2.70e-02	  3.44e-02	6.00824e-03
  2.70e-02	  3.49e-02	6.17397e-03
  2.70e-02	  3.54e-02	6.44312e-03
  2.70e-02	  3.59e-02	6.82513e-03
  2.70e-02	  3.65e-02	7.33011e-03
  2.70e-02	  3.70e-02	7.96918e-03
  2.70e-02	  3.75e-02	8.76439e-03
  2.70e-02	  3.80e-02	9.76075e-03
  2.70e-02	  3.85e-02	1.10741e-02
  2.70e-02	  3.91e-02	1.29880e-02
  2.70e-02	  3.96e-02	1.53578e-02
  2.70e-02	  4.01e-02	3.19364e-30
  2.70e-02	  4.06e-02	0.00000e+00
  2.70e-02	  4.11e-02	0.00000e+00
  2.70e-02	  4.17e-02	0.00000e+00
  2.70e-02	  4.22e-02	0.00000e+00
  2.70e-02	  4.27e-02	0.00000e+00
  2.70e-02	  4.32e-02	0.00000e+00
  2.70e-02	  4.37e-02	0.00000e+00
  2.70e-02	  4.43e-02	0.00000e+00
  2.70e-02	  4.48e-02	0.00000e+00
  2.70e-02	  4.53e-02	0.00000e+00
  2.70e-02	  4.58e-02	0.00000e+00
  2.70e-02	  4.64e-02	0.00000e+00
  2.70e-02	  4.69e-02	0.00000e+00
  2.70e-02	  4.74e-02	0.00000e+00
  2.70e-02	  4.79e-02	0.00000e+00
  2.70e-02	  4.84e-02	0.00000e+00
  2.70e-02	  4.90e-02	0.00000e+00
  2.70e-02	  4.95e-02	0.00000e+00

  2.77e-02	  0.00e+00	0.00000e+00
  2.77e-02	  5.21e-04	0.00000e+00
  2.77e-02	  1.04e-03	0.00000e+00
  2.77e-02	  1.56e-03	0.00000e+00
  2.77e-02	  2.08e-03	0.00000e+00
  2.77e-02	  2.60e-03	0.00000e+00
  2.77e-02	  3.12e-03	0.00000e+00
  2.77e-02	  3.65e-03	0.00000e+00
  2.77e-02	  4.17e-03	0.00000e+00
  2.77e-02	  4.69e-03	0.00000e+00
  2.77e-02	  5.21e-03	0.00000e+00
  2.77e-02	  5.73e-03	0.00000e+00
  2.77e-02	  6.25e-03	0.00000e+00
  2.77e-02	  6.77e-03	0.00000e+00
  2.77e-02	  7.29e-03	0.00000e+00
  2.77e-02	  7.81e-03	0.00000e+00
  2.77e-02	  8.33e-03	0.00000e+00
  2.77e-02	  8.85e-03	0.00000e+00
  2.77e-02	  9.37e-03	-3.20167e-30
  2.77e-02	  9.90e-03	-1.04877e-02
  2.77e-02	  1.04e-02	-9.57132e-03
  2.77e-02	  1.09e-02	-6.85180e-03
  2.77e-02	  1.15e-02	-4.04853e-03
  2.77e-02	  1.20e-02	-1.48434e-03
  2.77e-02	  1.25e-02	8.20841e-04
  2.77e-02	  1.30e-02	2.88082e-03
  2.77e-02	  1.35e-02	4.72701e-03
  2.77e-02	  1.41e-02	6.38945e-03
  2.77e-02	  1.46e-02	7.88592e-03
  2.77e-02	  1.51e-02	9.22770e-03
  2.77e-02	  1.56e-02	1.04227e-02
  2.77e-02	  1.61e-02	1.14770e-02
  2.77e-02	  1.67e-02	1.23961e-02
  2.77e-02	  1.72e-02	1.31850e-02
  2.77e-02	  1.77e-02	1.38485e-02
  2.77e-02	  1.82e-02	1.43914e-02
  2.77e-02	  1.88e-02	1.48189e-02
  2.77e-02	  1.93e-02	1.51358e-02
  2.77e-02	  1.98e-02	1.53474e-02
  2.77e-02	  2.03e-02	1.54590e-02
  2.77e-02	  2.08e-02	1.54762e-02
  2.77e-02	  2.14e-02	1.54048e-02
  2.77e-02	  2.19e-02	1.52510e-02
  2.77e-02	  2.24e-02	1.50214e-02
  2.77e-02	  2.29e-02	1.47229e-02
  2.77e-02	  2.34e-02	1.43625e-02
  2.77e-02	  2.40e-02	1.39480e-02
  2.77e-02	  2.45e-02	1.34869e-02
  2.77e-02	  2.50e-02	1.29872e-02
  2.77e-02	  2.55e-02	1.24569e-02
  2.77e-02	  2.60e-02	1.19039e-02
  2.77e-02	  2.66e-02	1.13359e-02
  2.77e-02	  2.71e-02	1.07605e-02
  2.77e-02	  2.76e-02	1.01852e-02
  2.77e-02	  2.81e-02	9.61690e-03
  2.77e-02	  2.86e-02	9.06259e-03
  2.77e-02	  2.92e-02	8.52892e-03
  2.77e-02	  2.97e-02	8.02245e-03
  2.77e-02	  3.02e-02	7.54970e-03
  2.77e-02	  3.07e-02	7.11722e-03
  2.77e-02	  3.13e-02	6.73170e-03
  2.77e-02	  3.18e-02	6.40003e-03
  2.77e-02	  3.23e-02	6.12933e-03
  2.77e-02	  3.28e-02	5.92700e-03
  2.77e-02	  3.33e-02	5.80078e-03
  2.77e-02	  3.39e-02	5.75872e-03
  2.77e-02	  3.44e-02	5.80933e-03
  2.77e-02	  3.49e-02	5.96175e-03
  2.77e-02	  3.54e-02	6.22618e-03
  2.77e-02	  3.59e-02	6.61462e-03
  2.77e-02	  3.65e-02	7.14234e-03
  2.77e-02	  3.70e-02	7.83047e-03
  2.77e-02	  3.75e-02	8.71130e-03
  2.77e-02	  3.80e-02	9.83613e-03
  2.77e-02	  3.85e-02	1.13006e-02
  2.77e-02	  3.91e-02	1.31375e-02
  2.77e-02	  3.96e-02	1.40446e-02
  2.77e-02	  4.01e-02	3.19328e-30
  2.77e-02	  4.06e-02	0.00000e+00
  2.77e-02	  4.11e-02	0.00000e+00
  2.77e-02	  4.17e-02	0.00000e+00
  2.77e-02	  4.22e-02	0.00000e+00
  2.77e-02	  4.27e-02	0.00000e+00
  2.77e-02	  4.32e-02	0.00000e+00
  2.77e-02	  4.37e-02	0.00000e+00
  2.77e-02	  4.43e-02	0.00000e+00
  2.77e-02	  4.48e-02	0.00000e+00
  2.77e-02	  4.53e-02	0.00000e+00
  2.77e-02	  4.58e-02	0.00000e+00
  2.77e-02	  4.64e-02	0.00000e+00
  2.77e-02	  4.69e-02	0.00000e+00
  2.77e-02	  4.74e-02	0.00000e+00
  2.77e-02	  4.79e-02	0.00000e+00
  2.77e-02	  4.84e-02	0.00000e+00
  2.77e-02	  4.90e-02	0.00000e+00
  2.77e-02	  4.95e-02	0.00000e+00

  2.85e-02	  0.00e+00	0.00000e+00
  2.85e-02	  5.21e-04	0.00000e+00
  2.85e-02	  1.04e-03	0.00000e+00
  2.85e-02	  1.56e-03	0.00000e+00
  2.85e-02	  2.08e-03	0.00000e+00
  2.85e-02	  2.60e-03	0.00000e+00
  2.85e-02	  3.12e-03	0.00000e+00
  2.85e-02	  3.65e-03	0.00000e+00
  2.85e-02	  4.17e-03	0.00000e+00
  2.85e-02	  4.69e-03	0.00000e+00
  2.85e-02	  5.21e-03	0.00000e+00
  2.85e-02	  5.73e-03	0.00000e+00
  2.85e-02	  6.25e-03	0.00000e+00
  2.85e-02	  6.77e-03	0.00000e+00
  2.85e-02	  7.29e-03	0.00000e+00
  2.85e-02	  7.81e-03	0.00000e+00
  2.85e-02	  8.33e-03	0.00000e+00
  2.85e-02	  8.85e-03	0.00000e+00
  2.85e-02	  9.37e-03	-3.20249e-30
  2.85e-02	  9.90e-03	-6.29795e-03
  2.85e-02	  1.04e-02	-6.24548e-03
  2.85e-02	  1.09e-02	-4.46021e-03
  2.85e-02	  1.15e-02	-2.15600e-03
  2.85e-02	  1.20e-02	1.93403e-04
  2.85e-02	  1.25e-02	2.42039e-03
  2.85e-02	  1.30e-02	4.48058e-03
  2.85e-02	  1.35e-02	6.36023e-03
  2.85e-02	  1.41e-02	8.07167e-03
  2.85e-02	  1.46e-02	9.62210e-03
  2.85e-02	  1.51e-02	1.10164e-02
  2.85e-02	  1.56e-02	1.22587e-02
  2.85e-02	  1.61e-02	1.33526e-02
  2.85e-02	  1.67e-02	1.43021e-02
  2.85e-02	  1.72e-02	1.51113e-02
  2.85e-02	  1.77e-02	1.57846e-02
  2.85e-02	  1.82e-02	1.63266e-02
  2.85e-02	  1.88e-02	1.67422e-02
  2.85e-02	  1.93e-02	1.70364e-02
  2.85e-02	  1.98e-02	1.72145e-02
  2.85e-02	  2.03e-02	1.72819e-02
  2.85e-02	  2.08e-02	1.72445e-02
  2.85e-02	  2.14e-02	1.71084e-02
  2.85e-02	  2.19e-02	1.68803e-02
  2.85e-02	  2.24e-02	1.65674e-02
  2.85e-02	  2.29e-02	1.61775e-02
  2.85e-02	  2.34e-02	1.57189e-02
  2.85e-02	  2.40e-02	1.52002e-02
  2.85e-02	  2.45e-02	1.46306e-02
  2.85e-02	  2.50e-02	1.40194e-02
  2.85e-02	  2.55e-02	1.33760e-02
  2.85e-02	  2.60e-02	1.27096e-02
  2.85e-02	  2.66e-02	1.20292e-02
  2.85e-02	  2.71e-02	1.13437e-02
  2.85e-02	  2.76e-02	1.06613e-02
  2.85e-02	  2.81e-02	9.98968e-03
  2.85e-02	  2.86e-02	9.33639e-03
  2.85e-02	  2.92e-02	8.70840e-03
  2.85e-02	  2.97e-02	8.11251e-03
  2.85e-02	  3.02e-02	7.55535e-03
  2.85e-02	  3.07e-02	7.04357e-03
  2.85e-02	  3.13e-02	6.58396e-03
  2.85e-02	  3.18e-02	6.18352e-03
  2.85e-02	  3.23e-02	5.84951e-03
  2.85e-02	  3.28e-02	5.58954e-03
  2.85e-02	  3.33e-02	5.41149e-03
  2.85e-02	  3.39e-02	5.32354e-03
  2.85e-02	  3.44e-02	5.33423e-03
  2.85e-02	  3.49e-02	5.45259e-03
  2.85e-02	  3.54e-02	5.68860e-03
  2.85e-02	  3.59e-02	6.05407e-03
  2.85e-02	  3.65e-02	6.56436e-03
  2.85e-02	  3.70e-02	7.24139e-03
  2.85e-02	  3.75e-02	8.10348e-03
  2.85e-02	  3.80e-02	9.16239e-03
  2.85e-02	  3.85e-02	1.03991e-02
  2.85e-02	  3.91e-02	1.15207e-02
  2.85e-02	  3.96e-02	1.09378e-02
  2.85e-02	  4.01e-02	3.19310e-30
  2.85e-02	  4.06e-02	0.00000e+00
  2.85e-02	  4.11e-02	0.00000e+00
  2.85e-02	  4.17e-02	0.00000e+00
  2.85e-02	  4.22e-02	0.00000e+00
  2.85e-02	  4.27e-02	0.00000e+00
  2.85e-02	  4.32e-02	0.00000e+00
  2.85e-02	  4.37e-02	0.00000e+00
  2.85e-02	  4.43e-02	0.00000e+00
  2.85e-02	  4.48e-02	0.00000e+00
  2.85e-02	  4.53e-02	0.00000e+00
  2.85e-02	  4.58e-02	0.00000e+00
  2.85e-02	  4.64e-02	0.00000e+00
  2.85e-02	  4.69e-02	0.00000e+00
  2.85e-02	  4.74e-02	0.00000e+00
  2.85e-02	  4.79e-02	0.00000e+00
  2.85e-02	  4.84e-02	0.00000e+00
  2.85e-02	  4.90e-02	0.00000e+00
  2.85e-02	  4.95e-02	0.00000e+00

  2.93e-02	  0.00e+00	0.00000e+00
  2.93e-02	  5.21e-04	0.00000e+00
  2.93e-02	  1.04e-03	0.00000e+00
  2.93e-02	  1.56e-03	0.00000e+00
  2.93e-02	  2.08e-03	0.00000e+00
  2.93e-02	  2.60e-03	0.00000e+00
  2.93e-02	  3.12e-03	0.00000e+00
  2.93e-02	  3.65e-03	0.00000e+00
  2.93e-02	  4.17e-03	0.00000e+00
  2.93e-02	  4.69e-03	0.00000e+00
  2.93e-02	  5.21e-03	0.00000e+00
  2.93e-02	  5.73e-03	0.00000e+00
  2.93e-02	  6.25e-03	0.00000e+00
  2.93e-02	  6.77e-03	0.00000e+00
  2.93e-02	  7.29e-03	0.00000e+00
  2.93e-02	  7.81e-03	0.00000e+00
  2.93e-02	  8.33e-03	0.00000e+00
  2.93e-02	  8.85e-03	0.00000e+00
  2.93e-02	  9.37e-03	-3.20338e-30
  2.93e-02	  9.90e-03	-3.24269e-03
  2.93e-02	  1.04e-02	-3.10818e-03
  2.93e-02	  1.09e-02	-1.73558e-03
  2.93e-02	  1.15e-02	2.15248e-04
  2.93e-02	  1.20e-02	2.36275e-03
  2.93e-02	  1.25e-02	4.48779e-03
  2.93e-02	  1.30e-02	6.52370e-03
  2.93e-02	  1.35e-02	8.42369e-03
  2.93e-02	  1.41e-02	1.01758e-02
  2.93e-02	  1.46e-02	1.17737e-02
  2.93e-02	  1.51e-02	1.32143e-02
  2.93e-02	  1.56e-02	1.44966e-02
  2.93e-02	  1.61e-02	1.56216e-02
  2.93e-02	  1.67e-02	1.65918e-02
  2.93e-02	  1.72e-02	1.74104e-02
  2.93e-02	  1.77e-02	1.80816e-02
  2.93e-02	  1.82e-02	1.86099e-02
  2.93e-02	  1.88e-02	1.90000e-02
  2.93e-02	  1.93e-02	1.92570e-02
  2.93e-02	  1.98e-02	1.93861e-02
  2.93e-02	  2.03e-02	1.93927e-02
  2.93e-02	  2.08e-02	1.92827e-02
  2.93e-02	  2.14e-02	1.90625e-02
  2.93e-02	  2.19e-02	1.87392e-02
  2.93e-02	  2.24e-02	1.83207e-02
  2.93e-02	  2.29e-02	1.78156e-02
  2.93e-02	  2.34e-02	1.72335e-02
  2.93e-02	  2.40e-02	1.65846e-02
  2.93e-02	  2.45e-02	1.58797e-02
  2.93e-02	  2.50e-02	1.51300e-02
  2.93e-02	  2.55e-02	1.43466e-02
  2.93e-02	  2.60e-02	1.35406e-02
  2.93e-02	  2.66e-02	1.27226e-02
  2.93e-02	  2.71e-02	1.19027e-02
  2.93e-02	  2.76e-02	1.10902e-02
  2.93e-02	  2.81e-02	1.02936e-02
  2.93e-02	  2.86e-02	9.52080e-03
  2.93e-02	  2.92e-02	8.77889e-03
  2.93e-02	  2.97e-02	8.07466e-03
  2.93e-02	  3.02e-02	7.41462e-03
  2.93e-02	  3.07e-02	6.80526e-03
  2.93e-02	  3.13e-02	6.25325e-03
  2.93e-02	  3.18e-02	5.76557e-03
  2.93e-02	  3.23e-02	5.34962e-03
  2.93e-02	  3.28e-02	5.01316e-03
  2.93e-02	  3.33e-02	4.76429e-03
  2.93e-02	  3.39e-02	4.61124e-03
  2.93e-02	  3.44e-02	4.56226e-03
  2.93e-02	  3.49e-02	4.62547e-03
  2.93e-02	  3.54e-02	4.80888e-03
  2.93e-02	  3.59e-02	5.12059e-03
  2.93e-02	  3.65e-02	5.56954e-03
  2.93e-02	  3.70e-02	6.16720e-03
  2.93e-02	  3.75e-02	6.90324e-03
  2.93e-02	  3.80e-02	7.73460e-03
  2.93e-02	  3.85e-02	8.52771e-03
  2.93e-02	  3.91e-02	8.86381e-03
  2.93e-02	  3.96e-02	7.56914e-03
  2.93e-02	  4.01e-02	3.19317e-30
  2.93e-02	  4.06e-02	0.00000e+00
  2.93e-02	  4.11e-02	0.00000e+00
  2.93e-02	  4.17e-02	0.00000e+00
  2.93e-02	  4.22e-02	0.00000e+00
  2.93e-02	  4.27e-02	0.00000e+00
  2.93e-02	  4.32e-02	0.00000e+00
  2.93e-02	  4.37e-02	0.00000e+00
  2.93e-02	  4.43e-02	0.00000e+00
  2.93e-02	  4.48e-02	0.00000e+00
  2.93e-02	  4.53e-02	0.00000e+00
  2.93e-02	  4.58e-02	0.00000e+00
  2.93e-02	  4.64e-02	0.00000e+00
  2.93e-02	  4.69e-02	0.00000e+00
  2.93e-02	  4.74e-02	0.00000e+00
  2.93e-02	  4.79e-02	0.00000e+00
  2.93e-02	  4.84e-02	0.00000e+00
  2.93e-02	  4.90e-02	0.00000e+00
  2.93e-02	  4.95e-02	0.00000e+00

  3.01e-02	  0.00e+00	0.00000e+00
  3.01e-02	  5.21e-04	0.00000e+00
  3.01e-02	  1.04e-03	0.00000e+00
  3.01e-02	  1.56e-03	0.00000e+00
  3.01e-02	  2.08e-03	0.00000e+00
  3.01e-02	  2.60e-03	0.00000e+00
  3.01e-02	  3.12e-03	0.00000e+00
  3.01e-02	  3.65e-03	0.00000e+00
  3.01e-02	  4.17e-03	0.00000e+00
  3.01e-02	  4.69e-03	0.00000e+00
  3.01e-02	  5.21e-03	0.00000e+00
  3.01e-02	  5.73e-03	0.00000e+00
  3.01e-02	  6.25e-03	0.00000e+00
  3.01e-02	  6.77e-03	0.00000e+00
  3.01e-02	  7.29e-03	0.00000e+00
  3.01e-02	  7.81e-03	0.00000e+00
  3.01e-02	  8.33e-03	0.00000e+00
  3.01e-02	  8.85e-03	0.00000e+00
  3.01e-02	  9.37e-03	-3.20422e-30
  3.01e-02	  9.90e-03	-1.19979e-03
  3.01e-02	  1.04e-02	-5.71072e-04
  3.01e-02	  1.09e-02	8.47063e-04
  3.01e-02	  1.15e-02	2.72359e-03
  3.01e-02	  1.20e-02	4.80328e-03
  3.01e-02	  1.25e-02	6.91846e-03
  3.01e-02	  1.30e-02	8.96752e-03
  3.01e-02	  1.35e-02	1.09078e-02
  3.01e-02	  1.41e-02	1.27116e-02
  3.01e-02	  1.46e-02	1.43616e-02
  3.01e-02	  1.51e-02	1.58479e-02
  3.01e-02	  1.56e-02	1.71660e-02
  3.01e-02	  1.61e-02	1.83148e-02
  3.01e-02	  1.67e-02	1.92958e-02
  3.01e-02	  1.72e-02	2.01125e-02
  3.01e-02	  1.77e-02	2.07690e-02
  3.01e-02	  1.82e-02	2.12700e-02
  3.01e-02	  1.88e-02	2.16205e-02
  3.01e-02	  1.93e-02	2.18254e-02
  3.01e-02	  1.98e-02	2.18897e-02
  3.01e-02	  2.03e-02	2.18184e-02
  3.01e-02	  2.08e-02	2.16173e-02
  3.01e-02	  2.14e-02	2.12925e-02
  3.01e-02	  2.19e-02	2.08515e-02
  3.01e-02	  2.24e-02	2.03025e-02
  3.01e-02	  2.29e-02	1.96555e-02
  3.01e-02	  2.34e-02	1.89213e-02
  3.01e-02	  2.40e-02	1.81121e-02
  3.01e-02	  2.45e-02	1.72410e-02
  3.01e-02	  2.50e-02	1.63215e-02
  3.01e-02	  2.55e-02	1.53673e-02
  3.01e-02	  2.60e-02	1.43918e-02
  3.01e-02	  2.66e-02	1.34078e-02
  3.01e-02	  2.71e-02	1.24269e-02
  3.01e-02	  2.76e-02	1.14596e-02
  3.01e-02	  2.81e-02	1.05152e-02
  3.01e-02	  2.86e-02	9.60170e-03
  3.01e-02	  2.92e-02	8.72612e-03
  3.01e-02	  2.97e-02	7.89472e-03
  3.01e-02	  3.02e-02	7.11342e-03
  3.01e-02	  3.07e-02	6.38814e-03
  3.01e-02	  3.13e-02	5.72511e-03
  3.01e-02	  3.18e-02	5.13114e-03
  3.01e-02	  3.23e-02	4.61373e-03
  3.01e-02	  3.28e-02	4.18103e-03
  3.01e-02	  3.33e-02	3.84161e-03
  3.01e-02	  3.39e-02	3.60413e-03
  3.01e-02	  3.44e-02	3.47684e-03
  3.01e-02	  3.49e-02	3.46700e-03
  3.01e-02	  3.54e-02	3.58020e-03
  3.01e-02	  3.59e-02	3.81971e-03
  3.01e-02	  3.65e-02	4.18561e-03
  3.01e-02	  3.70e-02	4.67348e-03
  3.01e-02	  3.75e-02	5.25420e-03
  3.01e-02	  3.80e-02	5.85272e-03
  3.01e-02	  3.85e-02	6.28422e-03
  3.01e-02	  3.91e-02	6.18861e-03
  3.01e-02	  3.96e-02	4.87144e-03
  3.01e-02	  4.01e-02	3.19331e-30
  3.01e-02	  4.06e-02	0.00000e+00
  3.01e-02	  4.11e-02	0.00000e+00
  3.01e-02	  4.17e-02	0.00000e+00
  3.01e-02	  4.22e-02	0.00000e+00
  3.01e-02	  4.27e-02	0.00000e+00
  3.01e-02	  4.32e-02	0.00000e+00
  3.01e-02	  4.37e-02	0.00000e+00
  3.01e-02	  4.43e-02	0.00000e+00
  3.01e-02	  4.48e-02	0.00000e+00
  3.01e-02	  4.53e-02	0.00000e+00
  3.01e-02	  4.58e-02	0.00000e+00
  3.01e-02	  4.64e-02	0.00000e+00
  3.01e-02	  4.69e-02	0.00000e+00
  3.01e-02	  4.74e-02	0.00000e+00
  3.01e-02	  4.79e-02	0.00000e+00
  3.01e-02	  4.84e-02	0.00000e+00
  3.01e-02	  4.90e-02	0.00000e+00
  3.01e-02	  4.95e-02	0.00000e+00

  3.09e-02	  0.00e+00	0.00000e+00
  3.09e-02	  5.21e-04	0.00000e+00
  3.09e-02	  1.04e-03	0.00000e+00
  3.09e-02	  1.56e-03	0.00000e+00
  3.09e-02	  2.08e-03	0.00000e+00
  3.09e-02	  2.60e-03	0.00000e+00
  3.09e-02	  3.12e-03	0.00000e+00
  3.09e-02	  3.65e-03	0.00000e+00
  3.09e-02	  4.17e-03	0.00000e+00
  3.09e-02	  4.69e-03	0.00000e+00
  3.09e-02	  5.21e-03	0.00000e+00
  3.09e-02	  5.73e-03	0.00000e+00
  3.09e-02	  6.25e-03	0.00000e+00
  3.09e-02	  6.77e-03	0.00000e+00
  3.09e-02	  7.29e-03	0.00000e+00
  3.09e-02	  7.81e-03	0.00000e+00
  3.09e-02	  8.33e-03	0.00000e+00
  3.09e-02	  8.85e-03	0.00000e+00
  3.09e-02	  9.37e-03	-3.20503e-30
  3.09e-02	  9.90e-03	2.13125e-04
  3.09e-02	  1.04e-02	1.46477e-03
  3.09e-02	  1.09e-02	3.20027e-03
  3.09e-02	  1.15e-02	5.24832e-03
  3.09e-02	  1.20e-02	7.42486e-03
  3.09e-02	  1.25e-02	9.63448e-03
  3.09e-02	  1.30e-02	1.17788e-02
  3.09e-02	  1.35e-02	1.38099e-02
  3.09e-02	  1.41e-02	1.56946e-02
  3.09e-02	  1.46e-02	1.74116e-02
  3.09e-02	  1.51e-02	1.89485e-02
  3.09e-02	  1.56e-02	2.02997e-02
  3.09e-02	  1.61e-02	2.14646e-02
  3.09e-02	  1.67e-02	2.24456e-02
  3.09e-02	  1.72e-02	2.32474e-02
  3.09e-02	  1.77e-02	2.38753e-02
  3.09e-02	  1.82e-02	2.43349e-02
  3.09e-02	  1.88e-02	2.46313e-02
  3.09e-02	  1.93e-02	2.47694e-02
  3.09e-02	  1.98e-02	2.47535e-02
  3.09e-02	  2.03e-02	2.45878e-02
  3.09e-02	  2.08e-02	2.42770e-02
  3.09e-02	  2.14e-02	2.38268e-02
  3.09e-02	  2.19e-02	2.32441e-02
  3.09e-02	  2.24e-02	2.25378e-02
  3.09e-02	  2.29e-02	2.17186e-02
  3.09e-02	  2.34e-02	2.07995e-02
  3.09e-02	  2.40e-02	1.97951e-02
  3.09e-02	  2.45e-02	1.87214e-02
  3.09e-02	  2.50e-02	1.75956e-02
  3.09e-02	  2.55e-02	1.64346e-02
  3.09e-02	  2.60e-02	1.52552e-02
  3.09e-02	  2.66e-02	1.40729e-02
  3.09e-02	  2.71e-02	1.29017e-02
  3.09e-02	  2.76e-02	1.17534e-02
  3.09e-02	  2.81e-02	1.06378e-02
  3.09e-02	  2.86e-02	9.56292e-03
  3.09e-02	  2.92e-02	8.53485e-03
  3.09e-02	  2.97e-02	7.55867e-03
  3.09e-02	  3.02e-02	6.63888e-03
  3.09e-02	  3.07e-02	5.78010e-03
  3.09e-02	  3.13e-02	4.98760e-03
  3.09e-02	  3.18e-02	4.26775e-03
  3.09e-02	  3.23e-02	3.62823e-03
  3.09e-02	  3.28e-02	3.07797e-03
  3.09e-02	  3.33e-02	2.62680e-03
  3.09e-02	  3.39e-02	2.28484e-03
  3.09e-02	  3.44e-02	2.06160e-03
  3.09e-02	  3.49e-02	1.96482e-03
  3.09e-02	  3.54e-02	1.99919e-03
  3.09e-02	  3.59e-02	2.16476e-03
  3.09e-02	  3.65e-02	2.45508e-03
  3.09e-02	  3.70e-02	2.85458e-03
  3.09e-02	  3.75e-02	3.33399e-03
  3.09e-02	  3.80e-02	3.80368e-03
  3.09e-02	  3.85e-02	4.09412e-03
  3.09e-02	  3.91e-02	3.95083e-03
  3.09e-02	  3.96e-02	2.99351e-03
  3.09e-02	  4.01e-02	3.19346e-30
  3.09e-02	  4.06e-02	0.00000e+00
  3.09e-02	  4.11e-02	0.00000e+00
  3.09e-02	  4.17e-02	0.00000e+00
  3.09e-02	  4.22e-02	0.00000e+00
  3.09e-02	  4.27e-02	0.00000e+00
  3.09e-02	  4.32e-02	0.00000e+00
  3.09e-02	  4.37e-02	0.00000e+00
  3.09e-02	  4.43e-02	0.00000e+00
  3.09e-02	  4.48e-02	0.00000e+00
  3.09e-02	  4.53e-02	0.00000e+00
  3.09e-02	  4.58e-02	0.00000e+00
  3.09e-02	  4.64e-02	0.00000e+00
  3.09e-02	  4.69e-02	0.00000e+00
  3.09e-02	  4.74e-02	0.00000e+00
  3.09e-02	  4.79e-02	0.00000e+00
  3.09e-02	  4.84e-02	0.00000e+00
  3.09e-02	  4.90e-02	0.00000e+00
  3.09e-02	  4.95e-02	0.00000e+00

  3.16e-02	  0.00e+00	0.00000e+00
  3.16e-02	  5.21e-04	0.00000e+00
  3.16e-02	  1.04e-03	0.00000e+00
  3.16e-02	  1.56e-03	0.00000e+00
  3.16e-02	  2.08e-03	0.00000e+00
  3.16e-02	  2.60e-03	0.00000e+00
  3.16e-02	  3.12e-03	0.00000e+00
  3.16e-02	  3.65e-03	0.00000e+00
  3.16e-02	  4.17e-03	0.00000e+00
  3.16e-02	  4.69e-03	0.00000e+00
  3.16e-02	  5.21e-03	0.00000e+00
  3.16e-02	  5.73e-03	0.00000e+00
  3.16e-02	  6.25e-03	0.00000e+00
  3.16e-02	  6.77e-03	0.00000e+00
  3.16e-02	  7.29e-03	0.00000e+00
  3.16e-02	  7.81e-03	0.00000e+00
  3.16e-02	  8.33e-03	0.00000e+00
  3.16e-02	  8.85e-03	0.00000e+00
  3.16e-02	  9.37e-03	-3.20587e-30
  3.16e-02	  9.90e-03	1.28859e-03
  3.16e-02	  1.04e-02	3.20559e-03
  3.16e-02	  1.09e-02	5.40983e-03
  3.16e-02	  1.15e-02	7.79243e-03
  3.16e-02	  1.20e-02	1.02433e-02
  3.16e-02	  1.25e-02	1.26632e-02
  3.16e-02	  1.30e-02	1.49866e-02
  3.16e-02	  1.35e-02	1.71650e-02
  3.16e-02	  1.41e-02	1.91651e-02
  3.16e-02	  1.46e-02	2.09662e-02
  3.16e-02	  1.51e-02	2.25577e-02
  3.16e-02	  1.56e-02	2.39369e-02
  3.16e-02	  1.61e-02	2.51065e-02
  3.16e-02	  1.67e-02	2.60726e-02
  3.16e-02	  1.72e-02	2.68433e-02
  3.16e-02	  1.77e-02	2.74264e-02
  3.16e-02	  1.82e-02	2.78291e-02
  3.16e-02	  1.88e-02	2.80574e-02
  3.16e-02	  1.93e-02	2.81152e-02
  3.16e-02	  1.98e-02	2.80056e-02
  3.16e-02	  2.03e-02	2.77310e-02
  3.16e-02	  2.08e-02	2.72938e-02
  3.16e-02	  2.14e-02	2.66979e-02
  3.16e-02	  2.19e-02	2.59492e-02
  3.16e-02	  2.24e-02	2.50563e-02
  3.16e-02	  2.29e-02	2.40312e-02
  3.16e-02	  2.34e-02	2.28890e-02
  3.16e-02	  2.40e-02	2.16478e-02
  3.16e-02	  2.45e-02	2.03282e-02
  3.16e-02	  2.50e-02	1.89519e-02
  3.16e-02	  2.55e-02	1.75412e-02
  3.16e-02	  2.60e-02	1.61174e-02
  3.16e-02	  2.66e-02	1.47002e-02
  3.16e-02	  2.71e-02	1.33063e-02
  3.16e-02	  2.76e-02	1.19496e-02
  3.16e-02	  2.81e-02	1.06401e-02
  3.16e-02	  2.86e-02	9.38497e-03
  3.16e-02	  2.92e-02	8.18842e-03
  3.16e-02	  2.97e-02	7.05297e-03
  3.16e-02	  3.02e-02	5.98034e-03
  3.16e-02	  3.07e-02	4.97257e-03
  3.16e-02	  3.13e-02	4.03302e-03
  3.16e-02	  3.18e-02	3.16711e-03
  3.16e-02	  3.23e-02	2.38279e-03
  3.16e-02	  3.28e-02	1.69049e-03
  3.16e-02	  3.33e-02	1.10264e-03
  3.16e-02	  3.39e-02	6.32723e-04
  3.16e-02	  3.44e-02	2.93917e-04
  3.16e-02	  3.49e-02	9.73453e-05
  3.16e-02	  3.54e-02	5.00869e-05
  3.16e-02	  3.59e-02	1.52969e-04
  3.16e-02	  3.65e-02	3.98223e-04
  3.16e-02	  3.70e-02	7.67121e-04
  3.16e-02	  3.75e-02	1.22811e-03
  3.16e-02	  3.80e-02	1.70364e-03
  3.16e-02	  3.85e-02	2.06527e-03
  3.16e-02	  3.91e-02	2.12633e-03
  3.16e-02	  3.96e-02	1.67020e-03
  3.16e-02	  4.01e-02	3.19357e-30
  3.16e-02	  4.06e-02	0.00000e+00
  3.16e-02	  4.11e-02	0.00000e+00
  3.16e-02	  4.17e-02	0.00000e+00
  3.16e-02	  4.22e-02	0.00000e+00
  3.16e-02	  4.27e-02	0.00000e+00
  3.16e-02	  4.32e-02	0.00000e+00
  3.16e-02	  4.37e-02	0.00000e+00
  3.16e-02	  4.43e-02	0.00000e+00
  3.16e-02	  4.48e-02	0.00000e+00
  3.16e-02	  4.53e-02	0.00000e+00
  3.16e-02	  4.58e-02	0.00000e+00
  3.16e-02	  4.64e-02	0.00000e+00
  3.16e-02	  4.69e-02	0.00000e+00
  3.16e-02	  4.74e-02	0.00000e+00
  3.16e-02	  4.79e-02	0.00000e+00
  3.16e-02	  4.84e-02	0.00000e+00
  3.16e-02	  4.90e-02	0.00000e+00
  3.16e-02	  4.95e-02	0.00000e+00

  3.24e-02	  0.00e+00	0.00000e+00
  3.24e-02	  5.21e-04	0.00000e+00
  3.24e-02	  1.04e-03	0.00000e+00
  3.24e-02	  1.56e-03	0.00000e+00
  3.24e-02	  2.08e-03	0.00000e+00
  3.24e-02	  2.60e-03	0.00000e+00
  3.24e-02	  3.12e-03	0.00000e+00
  3.24e-02	  3.65e-03	0.00000e+00
  3.24e-02	  4.17e-03	0.00000e+00
  3.24e-02	  4.69e-03	0.00000e+00
  3.24e-02	  5.21e-03	0.00000e+00
  3.24e-02	  5.73e-03	0.00000e+00
  3.24e-02	  6.25e-03	0.00000e+00
  3.24e-02	  6.77e-03	0.00000e+00
  3.24e-02	  7.29e-03	0.00000e+00
  3.24e-02	  7.81e-03	0.00000e+00
  3.24e-02	  8.33e-03	0.00000e+00
  3.24e-02	  8.85e-03	0.00000e+00
  3.24e-02	  9.37e-03	-3.20678e-30
  3.24e-02	  9.90e-03	2.22389e-03
  3.24e-02	  1.04e-02	4.85230e-03
  3.24e-02	  1.09e-02	7.64311e-03
  3.24e-02	  1.15e-02	1.04937e-02
  3.24e-02	  1.20e-02	1.33401e-02
  3.24e-02	  1.25e-02	1.60853e-02
  3.24e-02	  1.30e-02	1.86695e-02
  3.24e-02	  1.35e-02	2.10487e-02
  3.24e-02	  1.41e-02	2.31938e-02
  3.24e-02	  1.46e-02	2.50895e-02
  3.24e-02	  1.51e-02	2.67315e-02
  3.24e-02	  1.56e-02	2.81242e-02
  3.24e-02	  1.61e-02	2.92781e-02
  3.24e-02	  1.67e-02	3.02064e-02
  3.24e-02	  1.72e-02	3.09233e-02
  3.24e-02	  1.77e-02	3.14414e-02
  3.24e-02	  1.82e-02	3.17707e-02
  3.24e-02	  1.88e-02	3.19176e-02
  3.24e-02	  1.93e-02	3.18849e-02
  3.24e-02	  1.98e-02	3.16727e-02
  3.24e-02	  2.03e-02	3.12795e-02
  3.24e-02	  2.08e-02	3.07034e-02
  3.24e-02	  2.14e-02	2.99446e-02
  3.24e-02	  2.19e-02	2.90062e-02
  3.24e-02	  2.24e-02	2.78958e-02
  3.24e-02	  2.29e-02	2.66263e-02
  3.24e-02	  2.34e-02	2.52158e-02
  3.24e-02	  2.40e-02	2.36875e-02
  3.24e-02	  2.45e-02	2.20681e-02
  3.24e-02	  2.50e-02	2.03869e-02
  3.24e-02	  2.55e-02	1.86736e-02
  3.24e-02	  2.60e-02	1.69568e-02
  3.24e-02	  2.66e-02	1.52618e-02
  3.24e-02	  2.71e-02	1.36099e-02
  3.24e-02	  2.76e-02	1.20170e-02
  3.24e-02	  2.81e-02	1.04931e-02
  3.24e-02	  2.86e-02	9.04332e-03
  3.24e-02	  2.92e-02	7.66819e-03
  3.24e-02	  2.97e-02	6.36538e-03
  3.24e-02	  3.02e-02	5.13138e-03
  3.24e-02	  3.07e-02	3.96345e-03
  3.24e-02	  3.13e-02	2.86131e-03
  3.24e-02	  3.18e-02	1.82850e-03
  3.24e-02	  3.23e-02	8.73206e-04
  3.24e-02	  3.28e-02	8.36149e-06
  3.24e-02	  3.33e-02	-7.49007e-04
  3.24e-02	  3.39e-02	-1.37912e-03
  3.24e-02	  3.44e-02	-1.86144e-03
  3.24e-02	  3.49e-02	-2.17715e-03
  3.24e-02	  3.54e-02	-2.31199e-03
  3.24e-02	  3.59e-02	-2.25923e-03
  3.24e-02	  3.65e-02	-2.02256e-03
  3.24e-02	  3.70e-02	-1.61875e-03
  3.24e-02	  3.75e-02	-1.07978e-03
  3.24e-02	  3.80e-02	-4.62984e-04
  3.24e-02	  3.85e-02	1.29729e-04
  3.24e-02	  3.91e-02	5.51908e-04
  3.24e-02	  3.96e-02	6.59838e-04
  3.24e-02	  4.01e-02	3.19368e-30
  3.24e-02	  4.06e-02	0.00000e+00
  3.24e-02	  4.11e-02	0.00000e+00
  3.24e-02	  4.17e-02	0.00000e+00
  3.24e-02	  4.22e-02	0.00000e+00
  3.24e-02	  4.27e-02	0.00000e+00
  3.24e-02	  4.32e-02	0.00000e+00
  3.24e-02	  4.37e-02	0.00000e+00
  3.24e-02	  4.43e-02	0.00000e+00
  3.24e-02	  4.48e-02	0.00000e+00
  3.24e-02	  4.53e-02	0.00000e+00
  3.24e-02	  4.58e-02	0.00000e+00
  3.24e-02	  4.64e-02	0.00000e+00
  3.24e-02	  4.69e-02	0.00000e+00
  3.24e-02	  4.74e-02	0.00000e+00
  3.24e-02	  4.79e-02	0.00000e+00
  3.24e-02	  4.84e-02	0.00000e+00
  3.24e-02	  4.90e-02	0.00000e+00
  3.24e-02	  4.95e-02	0.00000e+00

  3.32e-02	  0.00e+00	0.00000e+00
  3.32e-02	  5.21e-04	0.00000e+00
  3.32e-02	  1.04e-03	0.00000e+00
  3.32e-02	  1.56e-03	0.00000e+00
  3.32e-02	  2.08e-03	0.00000e+00
  3.32e-02	  2.60e-03	0.00000e+00
  3.32e-02	  3.12e-03	0.00000e+00
  3.32e-02	  3.65e-03	0.00000e+00
  3.32e-02	  4.17e-03	0.00000e+00
  3.32e-02	  4.69e-03	0.00000e+00
  3.32e-02	  5.21e-03	0.00000e+00
  3.32e-02	  5.73e-03	0.00000e+00
  3.32e-02	  6.25e-03	0.00000e+00
  3.32e-02	  6.77e-03	0.00000e+00
  3.32e-02	  7.29e-03	0.00000e+00
  3.32e-02	  7.81e-03	0.00000e+00
  3.32e-02	  8.33e-03	0.00000e+00
  3.32e-02	  8.85e-03	0.00000e+00
  3.32e-02	  9.37e-03	-3.20783e-30
  3.32e-02	  9.90e-03	3.15779e-03
  3.32e-02	  1.04e-02	6.57800e-03
  3.32e-02	  1.09e-02	1.00637e-02
  3.32e-02	  1.15e-02	1.35317e-02
  3.32e-02	  1.20e-02	1.68864e-02
  3.32e-02	  1.25e-02	2.00494e-02
  3.32e-02	  1.30e-02	2.29609e-02
  3.32e-02	  1.35e-02	2.55804e-02
  3.32e-02	  1.41e-02	2.78855e-02
  3.32e-02	  1.46e-02	2.98697e-02
  3.32e-02	  1.51e-02	3.15403e-02
  3.32e-02	  1.56e-02	3.29144e-02
  3.32e-02	  1.61e-02	3.40153e-02
  3.32e-02	  1.67e-02	3.48687e-02
  3.32e-02	  1.72e-02	3.54987e-02
  3.32e-02	  1.77e-02	3.59257e-02
  3.32e-02	  1.82e-02	3.61635e-02
  3.32e-02	  1.88e-02	3.62190e-02
  3.32e-02	  1.93e-02	3.60922e-02
  3.32e-02	  1.98e-02	3.57775e-02
  3.32e-02	  2.03e-02	3.52658e-02
  3.32e-02	  2.08e-02	3.45474e-02
  3.32e-02	  2.14e-02	3.36150e-02
  3.32e-02	  2.19e-02	3.24662e-02
  3.32e-02	  2.24e-02	3.11061e-02
  3.32e-02	  2.29e-02	2.95482e-02
  3.32e-02	  2.34e-02	2.78146e-02
  3.32e-02	  2.40e-02	2.59357e-02
  3.32e-02	  2.45e-02	2.39481e-02
  3.32e-02	  2.50e-02	2.18921e-02
  3.32e-02	  2.55e-02	1.98090e-02
  3.32e-02	  2.60e-02	1.77384e-02
  3.32e-02	  2.66e-02	1.57147e-02
  3.32e-02	  2.71e-02	1.37653e-02
  3.32e-02	  2.76e-02	1.19091e-02
  3.32e-02	  2.81e-02	1.01556e-02
  3.32e-02	  2.86e-02	8.50567e-03
  3.32e-02	  2.92e-02	6.95302e-03
  3.32e-02	  2.97e-02	5.48658e-03
  3.32e-02	  3.02e-02	4.09354e-03
  3.32e-02	  3.07e-02	2.76251e-03
  3.32e-02	  3.13e-02	1.48655e-03
  3.32e-02	  3.18e-02	2.65529e-04
  3.32e-02	  3.23e-02	-8.92435e-04
  3.32e-02	  3.28e-02	-1.97063e-03
  3.32e-02	  3.33e-02	-2.94458e-03
  3.32e-02	  3.39e-02	-3.78401e-03
  3.32e-02	  3.44e-02	-4.45571e-03
  3.32e-02	  3.49e-02	-4.92721e-03
  3.32e-02	  3.54e-02	-5.17077e-03
  3.32e-02	  3.59e-02	-5.16758e-03
  3.32e-02	  3.65e-02	-4.91170e-03
  3.32e-02	  3.70e-02	-4.41339e-03
  3.32e-02	  3.75e-02	-3.70144e-03
  3.32e-02	  3.80e-02	-2.82385e-03
  3.32e-02	  3.85e-02	-1.87138e-03
  3.32e-02	  3.91e-02	-9.62898e-04
  3.32e-02	  3.96e-02	-2.24479e-04
  3.32e-02	  4.01e-02	3.19383e-30
  3.32e-02	  4.06e-02	0.00000e+00
  3.32e-02	  4.11e-02	0.00000e+00
  3.32e-02	  4.17e-02	0.00000e+00
  3.32e-02	  4.22e-02	0.00000e+00
  3.32e-02	  4.27e-02	0.00000e+00
  3.32e-02	  4.32e-02	0.00000e+00
  3.32e-02	  4.37e-02	0.00000e+00
  3.32e-02	  4.43e-02	0.00000e+00
  3.32e-02	  4.48e-02	0.00000e+00
  3.32e-02	  4.53e-02	0.00000e+00
  3.32e-02	  4.58e-02	0.00000e+00
  3.32e-02	  4.64e-02	0.00000e+00
  3.32e-02	  4.69e-02	0.00000e+00
  3.32e-02	  4.74e-02	0.00000e+00
  3.32e-02	  4.79e-02	0.00000e+00
  3.32e-02	  4.84e-02	0.00000e+00
  3.32e-02	  4.90e-02	0.00000e+00
  3.32e-02	  4.95e-02	0.00000e+00

  3.40e-02	  0.00e+00	0.00000e+00
  3.40e-02	  5.21e-04	0.00000e+00
  3.40e-02	  1.04e-03	0.00000e+00
  3.40e-02	  1.56e-03	0.00000e+00
  3.40e-02	  2.08e-03	0.00000e+00
  3.40e-02	  2.60e-03	0.00000e+00
  3.40e-02	  3.12e-03	0.00000e+00
  3.40e-02	  3.65e-03	0.00000e+00
  3.40e-02	  4.17e-03	0.00000e+00
  3.40e-02	  4.69e-03	0.00000e+00
  3.40e-02	  5.21e-03	0.00000e+00
  3.40e-02	  5.73e-03	0.00000e+00
  3.40e-02	  6.25e-03	0.00000e+00
  3.40e-02	  6.77e-03	0.00000e+00
  3.40e-02	  7.29e-03	0.00000e+00
  3.40e-02	  7.81e-03	0.00000e+00
  3.40e-02	  8.33e-03	0.00000e+00
  3.40e-02	  8.85e-03	0.00000e+00
  3.40e-02	  9.37e-03	-3.20912e-30
  3.40e-02	  9.90e-03	4.22299e-03
  3.40e-02	  1.04e-02	8.58089e-03
  3.40e-02	  1.09e-02	1.29022e-02
  3.40e-02	  1.15e-02	1.71085e-02
  3.40e-02	  1.20e-02	2.10865e-02
  3.40e-02	  1.25e-02	2.47517e-02
  3.40e-02	  1.30e-02	2.80429e-02
  3.40e-02	  1.35e-02	3.09231e-02
  3.40e-02	  1.41e-02	3.33791e-02
  3.40e-02	  1.46e-02	3.54185e-02
  3.40e-02	  1.51e-02	3.70664e-02
  3.40e-02	  1.56e-02	3.83603e-02
  3.40e-02	  1.61e-02	3.93441e-02
  3.40e-02	  1.67e-02	4.00629e-02
  3.40e-02	  1.72e-02	4.05569e-02
  3.40e-02	  1.77e-02	4.08578e-02
  3.40e-02	  1.82e-02	4.09854e-02
  3.40e-02	  1.88e-02	4.09464e-02
  3.40e-02	  1.93e-02	4.07348e-02
  3.40e-02	  1.98e-02	4.03344e-02
  3.40e-02	  2.03e-02	3.97226e-02
  3.40e-02	  2.08e-02	3.88751e-02
  3.40e-02	  2.14e-02	3.77714e-02
  3.40e-02	  2.19e-02	3.63988e-02
  3.40e-02	  2.24e-02	3.47570e-02
  3.40e-02	  2.29e-02	3.28593e-02
  3.40e-02	  2.34e-02	3.07339e-02
  3.40e-02	  2.40e-02	2.84219e-02
  3.40e-02	  2.45e-02	2.59749e-02
  3.40e-02	  2.50e-02	2.34508e-02
  3.40e-02	  2.55e-02	2.09090e-02
  3.40e-02	  2.60e-02	1.84061e-02
  3.40e-02	  2.66e-02	1.59905e-02
  3.40e-02	  2.71e-02	1.36994e-02
  3.40e-02	  2.76e-02	1.15557e-02
  3.40e-02	  2.81e-02	9.56736e-03
  3.40e-02	  2.86e-02	7.72775e-03
  3.40e-02	  2.92e-02	6.01845e-03
  3.40e-02	  2.97e-02	4.41313e-03
  3.40e-02	  3.02e-02	2.88268e-03
  3.40e-02	  3.07e-02	1.40058e-03
  3.40e-02	  3.13e-02	-5.19832e-05
  3.40e-02	  3.18e-02	-1.48207e-03
  3.40e-02	  3.23e-02	-2.88246e-03
  3.40e-02	  3.28e-02	-4.23098e-03
  3.40e-02	  3.33e-02	-5.49167e-03
  3.40e-02	  3.39e-02	-6.61766e-03
  3.40e-02	  3.44e-02	-7.55554e-03
  3.40e-02	  3.49e-02	-8.25067e-03
  3.40e-02	  3.54e-02	-8.65318e-03
  3.40e-02	  3.59e-02	-8.72405e-03
  3.40e-02	  3.65e-02	-8.44082e-03
  3.40e-02	  3.70e-02	-7.80223e-03
  3.40e-02	  3.75e-02	-6.83171e-03
  3.40e-02	  3.80e-02	-5.57886e-03
  3.40e-02	  3.85e-02	-4.13430e-03
  3.40e-02	  3.91e-02	-2.60453e-03
  3.40e-02	  3.96e-02	-1.12666e-03
  3.40e-02	  4.01e-02	3.19407e-30
  3.40e-02	  4.06e-02	0.00000e+00
  3.40e-02	  4.11e-02	0.00000e+00
  3.40e-02	  4.17e-02	0.00000e+00
  3.40e-02	  4.22e-02	0.00000e+00
  3.40e-02	  4.27e-02	0.00000e+00
  3.40e-02	  4.32e-02	0.00000e+00
  3.40e-02	  4.37e-02	0.00000e+00
  3.40e-02	  4.43e-02	0.00000e+00
  3.40e-02	  4.48e-02	0.00000e+00
  3.40e-02	  4.53e-02	0.00000e+00
  3.40e-02	  4.58e-02	0.00000e+00
  3.40e-02	  4.64e-02	0.00000e+00
  3.40e-02	  4.69e-02	0.00000e+00
  3.40e-02	  4.74e-02	0.00000e+00
  3.40e-02	  4.79e-02	0.00000e+00
  3.40e-02	  4.84e-02	0.00000e+00
  3.40e-02	  4.90e-02	0.00000e+00
  3.40e-02	  4.95e-02	0.00000e+00

  3.48e-02	  0.00e+00	0.00000e+00
  3.48e-02	  5.21e-04	0.00000e+00
  3.48e-02	  1.04e-03	0.00000e+00
  3.48e-02	  1.56e-03	0.00000e+00
  3.48e-02	  2.08e-03	0.00000e+00
  3.48e-02	  2.60e-03	0.00000e+00
  3.48e-02	  3.12e-03	0.00000e+00
  3.48e-02	  3.65e-03	0.00000e+00
  3.48e-02	  4.17e-03	0.00000e+00
  3.48e-02	  4.69e-03	0.00000e+00
  3.48e-02	  5.21e-03	0.00000e+00
  3.48e-02	  5.73e-03	0.00000e+00
  3.48e-02	  6.25e-03	0.00000e+00
  3.48e-02	  6.77e-03	0.00000e+00
  3.48e-02	  7.29e-03	0.00000e+00
  3.48e-02	  7.81e-03	0.00000e+00
  3.48e-02	  8.33e-03	0.00000e+00
  3.48e-02	  8.85e-03	0.00000e+00
  3.48e-02	  9.37e-03	-3.21082e-30
  3.48e-02	  9.90e-03	5.53739e-03
  3.48e-02	  1.04e-02	1.10523e-02
  3.48e-02	  1.09e-02	1.64021e-02
  3.48e-02	  1.15e-02	2.14884e-02
  3.48e-02	  1.20e-02	2.62012e-02
  3.48e-02	  1.25e-02	3.04445e-02
  3.48e-02	  1.30e-02	3.41503e-02
  3.48e-02	  1.35e-02	3.72853e-02
  3.48e-02	  1.41e-02	3.98487e-02
  3.48e-02	  1.46e-02	4.18686e-02
  3.48e-02	  1.51e-02	4.33976e-02
  3.48e-02	  1.56e-02	4.45046e-02
  3.48e-02	  1.61e-02	4.52659e-02
  3.48e-02	  1.67e-02	4.57562e-02
  3.48e-02	  1.72e-02	4.60409e-02
  3.48e-02	  1.77e-02	4.61691e-02
  3.48e-02	  1.82e-02	4.61690e-02
  3.48e-02	  1.88e-02	4.60456e-02
  3.48e-02	  1.93e-02	4.57818e-02
  3.48e-02	  1.98e-02	4.53425e-02
  3.48e-02	  2.03e-02	4.46813e-02
  3.48e-02	  2.08e-02	4.37481e-02
  3.48e-02	  2.14e-02	4.24988e-02
  3.48e-02	  2.19e-02	4.09028e-02
  3.48e-02	  2.24e-02	3.89493e-02
  3.48e-02	  2.29e-02	3.66508e-02
  3.48e-02	  2.34e-02	3.40441e-02
  3.48e-02	  2.40e-02	3.11873e-02
  3.48e-02	  2.45e-02	2.81556e-02
  3.48e-02	  2.50e-02	2.50341e-02
  3.48e-02	  2.55e-02	2.19112e-02
  3.48e-02	  2.60e-02	1.88701e-02
  3.48e-02	  2.66e-02	1.59815e-02
  3.48e-02	  2.71e-02	1.32978e-02
  3.48e-02	  2.76e-02	1.08484e-02
  3.48e-02	  2.81e-02	8.63781e-03
  3.48e-02	  2.86e-02	6.64661e-03
  3.48e-02	  2.92e-02	4.83557e-03
  3.48e-02	  2.97e-02	3.15224e-03
  3.48e-02	  3.02e-02	1.53947e-03
  3.48e-02	  3.07e-02	-5.53458e-05
  3.48e-02	  3.13e-02	-1.67168e-03
  3.48e-02	  3.18e-02	-3.32901e-03
  3.48e-02	  3.23e-02	-5.02268e-03
  3.48e-02	  3.28e-02	-6.72269e-03
  3.48e-02	  3.33e-02	-8.37562e-03
  3.48e-02	  3.39e-02	-9.90908e-03
  3.48e-02	  3.44e-02	-1.12383e-02
  3.48e-02	  3.49e-02	-1.22743e-02
  3.48e-02	  3.54e-02	-1.29327e-02
  3.48e-02	  3.59e-02	-1.31428e-02
  3.48e-02	  3.65e-02	-1.28564e-02
  3.48e-02	  3.70e-02	-1.20548e-02
  3.48e-02	  3.75e-02	-1.07539e-02
  3.48e-02	  3.80e-02	-9.00785e-03
  3.48e-02	  3.85e-02	-6.90934e-03
  3.48e-02	  3.91e-02	-4.58595e-03
  3.48e-02	  3.96e-02	-2.18764e-03
  3.48e-02	  4.01e-02	3.19451e-30
  3.48e-02	  4.06e-02	0.00000e+00
  3.48e-02	  4.11e-02	0.00000e+00
  3.48e-02	  4.17e-02	0.00000e+00
  3.48e-02	  4.22e-02	0.00000e+00
  3.48e-02	  4.27e-02	0.00000e+00
  3.48e-02	  4.32e-02	0.00000e+00
  3.48e-02	  4.37e-02	0.00000e+00
  3.48e-02	  4.43e-02	0.00000e+00
  3.48e-02	  4.48e-02	0.00000e+00
  3.48e-02	  4.53e-02	0.00000e+00
  3.48e-02	  4.58e-02	0.00000e+00
  3.48e-02	  4.64e-02	0.00000e+00
  3.48e-02	  4.69e-02	0.00000e+00
  3.48e-02	  4.74e-02	0.00000e+00
  3.48e-02	  4.79e-02	0.00000e+00
  3.48e-02	  4.84e-02	0.00000e+00
  3.48e-02	  4.90e-02	0.00000e+00
  3.48e-02	  4.95e-02	0.00000e+00

  3.55e-02	  0.00e+00	0.00000e+00
  3.55e-02	  5.21e-04	0.00000e+00
  3.55e-02	  1.04e-03	0.00000e+00
  3.55e-02	  1.56e-03	0.00000e+00
  3.55e-02	  2.08e-03	0.00000e+00
  3.55e-02	  2.60e-03	0.00000e+00
  3.55e-02	  3.12e-03	0.00000e+00
  3.55e-02	  3.65e-03	0.00000e+00
  3.55e-02	  4.17e-03	0.00000e+00
  3.55e-02	  4.69e-03	0.00000e+00
  3.55e-02	  5.21e-03	0.00000e+00
  3.55e-02	  5.73e-03	0.00000e+00
  3.55e-02	  6.25e-03	0.00000e+00
  3.55e-02	  6.77e-03	0.00000e+00
  3.55e-02	  7.29e-03	0.00000e+00
  3.55e-02	  7.81e-03	0.00000e+00
  3.55e-02	  8.33e-03	0.00000e+00
  3.55e-02	  8.85e-03	0.00000e+00
  3.55e-02	  9.37e-03	-3.21323e-30
  3.55e-02	  9.90e-03	7.19635e-03
  3.55e-02	  1.04e-02	1.41644e-02
  3.55e-02	  1.09e-02	2.08165e-02
  3.55e-02	  1.15e-02	2.69587e-02
  3.55e-02	  1.20e-02	3.25327e-02
  3.55e-02	  1.25e-02	3.74340e-02
  3.55e-02	  1.30e-02	4.15734e-02
  3.55e-02	  1.35e-02	4.49248e-02
  3.55e-02	  1.41e-02	4.75049e-02
  3.55e-02	  1.46e-02	4.93710e-02
  3.55e-02	  1.51e-02	5.06180e-02
  3.55e-02	  1.56e-02	5.13643e-02
  3.55e-02	  1.61e-02	5.17354e-02
  3.55e-02	  1.67e-02	5.18523e-02
  3.55e-02	  1.72e-02	5.18189e-02
  3.55e-02	  1.77e-02	5.17114e-02
  3.55e-02	  1.82e-02	5.15705e-02
  3.55e-02	  1.88e-02	5.13972e-02
  3.55e-02	  1.93e-02	5.11546e-02
  3.55e-02	  1.98e-02	5.07750e-02
  3.55e-02	  2.03e-02	5.01702e-02
  3.55e-02	  2.08e-02	4.92461e-02
  3.55e-02	  2.14e-02	4.79178e-02
  3.55e-02	  2.19e-02	4.61232e-02
  3.55e-02	  2.24e-02	4.38336e-02
  3.55e-02	  2.29e-02	4.10596e-02
  3.55e-02	  2.34e-02	3.78510e-02
  3.55e-02	  2.40e-02	3.42930e-02
  3.55e-02	  2.45e-02	3.04980e-02
  3.55e-02	  2.50e-02	2.65947e-02
  3.55e-02	  2.55e-02	2.27165e-02
  3.55e-02	  2.60e-02	1.89890e-02
  3.55e-02	  2.66e-02	1.55185e-02
  3.55e-02	  2.71e-02	1.23819e-02
  3.55e-02	  2.76e-02	9.61881e-03
  3.55e-02	  2.81e-02	7.22842e-03
  3.55e-02	  2.86e-02	5.16998e-03
  3.55e-02	  2.92e-02	3.36923e-03
  3.55e-02	  2.97e-02	1.72945e-03
  3.55e-02	  3.02e-02	1.45889e-04
  3.55e-02	  3.07e-02	-1.47843e-03
  3.55e-02	  3.13e-02	-3.21815e-03
  3.55e-02	  3.18e-02	-5.11416e-03
  3.55e-02	  3.23e-02	-7.16692e-03
  3.55e-02	  3.28e-02	-9.33495e-03
  3.55e-02	  3.33e-02	-1.15381e-02
  3.55e-02	  3.39e-02	-1.36650e-02
  3.55e-02	  3.44e-02	-1.55832e-02
  3.55e-02	  3.49e-02	-1.71511e-02
  3.55e-02	  3.54e-02	-1.82312e-02
  3.55e-02	  3.59e-02	-1.87049e-02
  3.55e-02	  3.65e-02	-1.84849e-02
  3.55e-02	  3.70e-02	-1.75254e-02
  3.55e-02	  3.75e-02	-1.58307e-02
  3.55e-02	  3.80e-02	-1.34610e-02
  3.55e-02	  3.85e-02	-1.05268e-02
  3.55e-02	  3.91e-02	-7.16384e-03
  3.55e-02	  3.96e-02	-3.56360e-03
  3.55e-02	  4.01e-02	3.19535e-30
  3.55e-02	  4.06e-02	0.00000e+00
  3.55e-02	  4.11e-02	0.00000e+00
  3.55e-02	  4.17e-02	0.00000e+00
  3.55e-02	  4.22e-02	0.00000e+00
  3.55e-02	  4.27e-02	0.00000e+00
  3.55e-02	  4.32e-02	0.00000e+00
  3.55e-02	  4.37e-02	0.00000e+00
  3.55e-02	  4.43e-02	0.00000e+00
  3.55e-02	  4.48e-02	0.00000e+00
  3.55e-02	  4.53e-02	0.00000e+00
  3.55e-02	  4.58e-02	0.00000e+00
  3.55e-02	  4.64e-02	0.00000e+00
  3.55e-02	  4.69e-02	0.00000e+00
  3.55e-02	  4.74e-02	0.00000e+00
  3.55e-02	  4.79e-02	0.00000e+00
  3.55e-02	  4.84e-02	0.00000e+00
  3.55e-02	  4.90e-02	0.00000e+00
  3.55e-02	  4.95e-02	0.00000e+00

  3.63e-02	  0.00e+00	0.00000e+00
  3.63e-02	  5.21e-04	0.00000e+00
  3.63e-02	  1.04e-03	0.00000e+00
  3.63e-02	  1.56e-03	0.00000e+00
  3.63e-02	  2.08e-03	0.00000e+00
  3.63e-02	  2.60e-03	0.00000e+00
  3.63e-02	  3.12e-03	0.00000e+00
  3.63e-02	  3.65e-03	0.00000e+00
  3.63e-02	  4.17e-03	0.00000e+00
  3.63e-02	  4.69e-03	0.00000e+00
  3.63e-02	  5.21e-03	0.00000e+00
  3.63e-02	  5.73e-03	0.00000e+00
  3.63e-02	  6.25e-03	0.00000e+00
  3.63e-02	  6.77e-03	0.00000e+00
  3.63e-02	  7.29e-03	0.00000e+00
  3.63e-02	  7.81e-03	0.00000e+00
  3.63e-02	  8.33e-03	0.00000e+00
  3.63e-02	  8.85e-03	0.00000e+00
  3.63e-02	  9.37e-03	-3.21671e-30
  3.63e-02	  9.90e-03	9.21242e-03
  3.63e-02	  1.04e-02	1.79797e-02
  3.63e-02	  1.09e-02	2.62741e-02
  3.63e-02	  1.15e-02	3.38479e-02
  3.63e-02	  1.20e-02	4.04828e-02
  3.63e-02	  1.25e-02	4.61017e-02
  3.63e-02	  1.30e-02	5.06679e-02
  3.63e-02	  1.35e-02	5.41587e-02
  3.63e-02	  1.41e-02	5.65995e-02
  3.63e-02	  1.46e-02	5.80901e-02
  3.63e-02	  1.51e-02	5.87945e-02
  3.63e-02	  1.56e-02	5.89078e-02
  3.63e-02	  1.61e-02	5.86297e-02
  3.63e-02	  1.67e-02	5.81514e-02
  3.63e-02	  1.72e-02	5.76378e-02
  3.63e-02	  1.77e-02	5.72084e-02
  3.63e-02	  1.82e-02	5.69230e-02
  3.63e-02	  1.88e-02	5.67757e-02
  3.63e-02	  1.93e-02	5.66962e-02
  3.63e-02	  1.98e-02	5.65609e-02
  3.63e-02	  2.03e-02	5.62110e-02
  3.63e-02	  2.08e-02	5.54768e-02
  3.63e-02	  2.14e-02	5.42039e-02
  3.63e-02	  2.19e-02	5.22772e-02
  3.63e-02	  2.24e-02	4.96380e-02
  3.63e-02	  2.29e-02	4.62929e-02
  3.63e-02	  2.34e-02	4.23140e-02
  3.63e-02	  2.40e-02	3.78299e-02
  3.63e-02	  2.45e-02	3.30121e-02
  3.63e-02	  2.50e-02	2.80575e-02
  3.63e-02	  2.55e-02	2.31702e-02
  3.63e-02	  2.60e-02	1.85427e-02
  3.63e-02	  2.66e-02	1.43379e-02
  3.63e-02	  2.71e-02	1.06725e-02
  3.63e-02	  2.76e-02	7.60450e-03
  3.63e-02	  2.81e-02	5.12529e-03
  3.63e-02	  2.86e-02	3.15960e-03
  3.63e-02	  2.92e-02	1.57503e-03
  3.63e-02	  2.97e-02	2.00464e-04
  3.63e-02	  3.02e-02	-1.14913e-03
  3.63e-02	  3.07e-02	-2.64549e-03
  3.63e-02	  3.13e-02	-4.42203e-03
  3.63e-02	  3.18e-02	-6.55508e-03
  3.63e-02	  3.23e-02	-9.05355e-03
  3.63e-02	  3.28e-02	-1.18578e-02
  3.63e-02	  3.33e-02	-1.48460e-02
  3.63e-02	  3.39e-02	-1.78472e-02
  3.63e-02	  3.44e-02	-2.06567e-02
  3.63e-02	  3.49e-02	-2.30542e-02
  3.63e-02	  3.54e-02	-2.48214e-02
  3.63e-02	  3.59e-02	-2.57659e-02
  3.63e-02	  3.65e-02	-2.57434e-02
  3.63e-02	  3.70e-02	-2.46665e-02
  3.63e-02	  3.75e-02	-2.25204e-02
  3.63e-02	  3.80e-02	-1.93771e-02
  3.63e-02	  3.85e-02	-1.53527e-02
  3.63e-02	  3.91e-02	-1.06015e-02
  3.63e-02	  3.96e-02	-5.40400e-03
  3.63e-02	  4.01e-02	3.19693e-30
  3.63e-02	  4.06e-02	0.00000e+00
  3.63e-02	  4.11e-02	0.00000e+00
  3.63e-02	  4.17e-02	0.00000e+00
  3.63e-02	  4.22e-02	0.00000e+00
  3.63e-02	  4.27e-02	0.00000e+00
  3.63e-02	  4.32e-02	0.00000e+00
  3.63e-02	  4.37e-02	0.00000e+00
  3.63e-02	  4.43e-02	0.00000e+00
  3.63e-02	  4.48e-02	0.00000e+00
  3.63e-02	  4.53e-02	0.00000e+00
  3.63e-02	  4.58e-02	0.00000e+00
  3.63e-02	  4.64e-02	0.00000e+00
  3.63e-02	  4.69e-02	0.00000e+00
  3.63e-02	  4.74e-02	0.00000e+00
  3.63e-02	  4.79e-02	0.00000e+00
  3.63e-02	  4.84e-02	0.00000e+00
  3.63e-02	  4.90e-02	0.00000e+00
  3.63e-02	  4.95e-02	0.00000e+00

  3.71e-02	  0.00e+00	0.00000e+00
  3.71e-02	  5.21e-04	0.00000e+00
  3.71e-02	  1.04e-03	0.00000e+00
  3.71e-02	  1.56e-03	0.00000e+00
  3.71e-02	  2.08e-03	0.00000e+00
  3.71e-02	  2.60e-03	0.00000e+00
  3.71e-02	  3.12e-03	0.00000e+00
  3.71e-02	  3.65e-03	0.00000e+00
  3.71e-02	  4.17e-03	0.00000e+00
  3.71e-02	  4.69e-03	0.00000e+00
  3.71e-02	  5.21e-03	0.00000e+00
  3.71e-02	  5.73e-03	0.00000e+00
  3.71e-02	  6.25e-03	0.00000e+00
  3.71e-02	  6.77e-03	0.00000e+00
  3.71e-02	  7.29e-03	0.00000e+00
  3.71e-02	  7.81e-03	0.00000e+00
  3.71e-02	  8.33e-03	0.00000e+00
  3.71e-02	  8.85e-03	0.00000e+00
  3.71e-02	  9.37e-03	-3.22158e-30
  3.71e-02	  9.90e-03	1.16465e-02
  3.71e-02	  1.04e-02	2.26656e-02
  3.71e-02	  1.09e-02	3.30234e-02
  3.71e-02	  1.15e-02	4.23813e-02
  3.71e-02	  1.20e-02	5.04467e-02
  3.71e-02	  1.25e-02	5.70154e-02
  3.71e-02	  1.30e-02	6.19953e-02
  3.71e-02	  1.35e-02	6.54194e-02
  3.71e-02	  1.41e-02	6.74278e-02
  3.71e-02	  1.46e-02	6.81929e-02
  3.71e-02	  1.51e-02	6.79604e-02
  3.71e-02	  1.56e-02	6.70280e-02
  3.71e-02	  1.61e-02	6.57057e-02
  3.71e-02	  1.67e-02	6.42949e-02
  3.71e-02	  1.72e-02	6.30578e-02
  3.71e-02	  1.77e-02	6.21844e-02
  3.71e-02	  1.82e-02	6.17664e-02
  3.71e-02	  1.88e-02	6.17873e-02
  3.71e-02	  1.93e-02	6.21230e-02
  3.71e-02	  1.98e-02	6.25573e-02
  3.71e-02	  2.03e-02	6.28120e-02
  3.71e-02	  2.08e-02	6.25893e-02
  3.71e-02	  2.14e-02	6.16174e-02
  3.71e-02	  2.19e-02	5.96921e-02
  3.71e-02	  2.24e-02	5.67065e-02
  3.71e-02	  2.29e-02	5.26634e-02
  3.71e-02	  2.34e-02	4.76725e-02
  3.71e-02	  2.40e-02	4.19336e-02
  3.71e-02	  2.45e-02	3.57116e-02
  3.71e-02	  2.50e-02	2.93086e-02
  3.71e-02	  2.55e-02	2.30378e-02
  3.71e-02	  2.60e-02	1.71960e-02
  3.71e-02	  2.66e-02	1.20357e-02
  3.71e-02	  2.71e-02	7.73982e-03
  3.71e-02	  2.76e-02	4.39966e-03
  3.71e-02	  2.81e-02	1.99823e-03
  3.71e-02	  2.86e-02	4.06085e-04
  3.71e-02	  2.92e-02	-6.04861e-04
  3.71e-02	  2.97e-02	-1.33036e-03
  3.71e-02	  3.02e-02	-2.09056e-03
  3.71e-02	  3.07e-02	-3.18225e-03
  3.71e-02	  3.13e-02	-4.83567e-03
  3.71e-02	  3.18e-02	-7.18329e-03
  3.71e-02	  3.23e-02	-1.02451e-02
  3.71e-02	  3.28e-02	-1.39300e-02
  3.71e-02	  3.33e-02	-1.80498e-02
  3.71e-02	  3.39e-02	-2.23414e-02
  3.71e-02	  3.44e-02	-2.64928e-02
  3.71e-02	  3.49e-02	-3.01690e-02
  3.71e-02	  3.54e-02	-3.30282e-02
  3.71e-02	  3.59e-02	-3.47644e-02
  3.71e-02	  3.65e-02	-3.51498e-02
  3.71e-02	  3.70e-02	-3.40431e-02
  3.71e-02	  3.75e-02	-3.14073e-02
  3.71e-02	  3.80e-02	-2.72799e-02
  3.71e-02	  3.85e-02	-2.17693e-02
  3.71e-02	  3.91e-02	-1.51628e-02
  3.71e-02	  3.96e-02	-7.84279e-03
  3.71e-02	  4.01e-02	3.19975e-30
  3.71e-02	  4.06e-02	0.00000e+00
  3.71e-02	  4.11e-02	0.00000e+00
  3.71e-02	  4.17e-02	0.00000e+00
  3.71e-02	  4.22e-02	0.00000e+00
  3.71e-02	  4.27e-02	0.00000e+00
  3.71e-02	  4.32e-02	0.00000e+00
  3.71e-02	  4.37e-02	0.00000e+00
  3.71e-02	  4.43e-02	0.00000e+00
  3.71e-02	  4.48e-02	0.00000e+00
  3.71e-02	  4.53e-02	0.00000e+00
  3.71e-02	  4.58e-02	0.00000e+00
  3.71e-02	  4.64e-02	0.00000e+00
  3.71e-02	  4.69e-02	0.00000e+00
  3.71e-02	  4.74e-02	0.00000e+00
  3.71e-02	  4.79e-02	0.00000e+00
  3.71e-02	  4.84e-02	0.00000e+00
  3.71e-02	  4.90e-02	0.00000e+00
  3.71e-02	  4.95e-02	0.00000e+00

  3.79e-02	  0.00e+00	0.00000e+00
  3.79e-02	  5.21e-04	0.00000e+00
  3.79e-02	  1.04e-03	0.00000e+00
  3.79e-02	  1.56e-03	0.00000e+00
  3.79e-02	  2.08e-03	0.00000e+00
  3.79e-02	  2.60e-03	0.00000e+00
  3.79e-02	  3.12e-03	0.00000e+00
  3.79e-02	  3.65e-03	0.00000e+00
  3.79e-02	  4.17e-03	0.00000e+00
  3.79e-02	  4.69e-03	0.00000e+00
  3.79e-02	  5.21e-03	0.00000e+00
  3.79e-02	  5.73e-03	0.00000e+00
  3.79e-02	  6.25e-03	0.00000e+00
  3.79e-02	  6.77e-03	0.00000e+00
  3.79e-02	  7.29e-03	0.00000e+00
  3.79e-02	  7.81e-03	0.00000e+00
  3.79e-02	  8.33e-03	0.00000e+00
  3.79e-02	  8.85e-03	0.00000e+00
  3.79e-02	  9.37e-03	-3.22800e-30
  3.79e-02	  9.90e-03	1.46652e-02
  3.79e-02	  1.04e-02	2.86312e-02
  3.79e-02	  1.09e-02	4.17228e-02
  3.79e-02	  1.15e-02	5.34250e-02
  3.79e-02	  1.20e-02	6.32893e-02
  3.79e-02	  1.25e-02	7.09952e-02
  3.79e-02	  1.30e-02	7.64005e-02
  3.79e-02	  1.35e-02	7.95446e-02
  3.79e-02	  1.41e-02	8.06327e-02
  3.79e-02	  1.46e-02	8.00286e-02
  3.79e-02	  1.51e-02	7.81749e-02
  3.79e-02	  1.56e-02	7.55258e-02
  3.79e-02	  1.61e-02	7.25453e-02
  3.79e-02	  1.67e-02	6.96912e-02
  3.79e-02	  1.72e-02	6.73650e-02
  3.79e-02	  1.77e-02	6.58681e-02
  3.79e-02	  1.82e-02	6.53470e-02
  3.79e-02	  1.88e-02	6.57767e-02
  3.79e-02	  1.93e-02	6.69514e-02
  3.79e-02	  1.98e-02	6.85035e-02
  3.79e-02	  2.03e-02	6.99547e-02
  3.79e-02	  2.08e-02	7.07898e-02
  3.79e-02	  2.14e-02	7.05393e-02
  3.79e-02	  2.19e-02	6.88529e-02
  3.79e-02	  2.24e-02	6.55490e-02
  3.79e-02	  2.29e-02	6.06311e-02
  3.79e-02	  2.34e-02	5.42759e-02
  3.79e-02	  2.40e-02	4.68007e-02
  3.79e-02	  2.45e-02	3.86163e-02
  3.79e-02	  2.50e-02	3.01827e-02
  3.79e-02	  2.55e-02	2.19769e-02
  3.79e-02	  2.60e-02	1.44547e-02
  3.79e-02	  2.66e-02	8.01021e-03
  3.79e-02	  2.71e-02	2.93535e-03
  3.79e-02	  2.76e-02	-6.13585e-04
  3.79e-02	  2.81e-02	-2.65676e-03
  3.79e-02	  2.86e-02	-3.40622e-03
  3.79e-02	  2.92e-02	-3.24642e-03
  3.79e-02	  2.97e-02	-2.68161e-03
  3.79e-02	  3.02e-02	-2.25916e-03
  3.79e-02	  3.07e-02	-2.48452e-03
  3.79e-02	  3.13e-02	-3.74495e-03
  3.79e-02	  3.18e-02	-6.25776e-03
  3.79e-02	  3.23e-02	-1.00515e-02
  3.79e-02	  3.28e-02	-1.49766e-02
  3.79e-02	  3.33e-02	-2.07359e-02
  3.79e-02	  3.39e-02	-2.69233e-02
  3.79e-02	  3.44e-02	-3.30663e-02
  3.79e-02	  3.49e-02	-3.86714e-02
  3.79e-02	  3.54e-02	-4.32183e-02
  3.79e-02	  3.59e-02	-4.62559e-02
  3.79e-02	  3.65e-02	-4.74336e-02
  3.79e-02	  3.70e-02	-4.65069e-02
  3.79e-02	  3.75e-02	-4.33130e-02
  3.79e-02	  3.80e-02	-3.78620e-02
  3.79e-02	  3.85e-02	-3.03804e-02
  3.79e-02	  3.91e-02	-2.12787e-02
  3.79e-02	  3.96e-02	-1.10935e-02
  3.79e-02	  4.01e-02	3.20439e-30
  3.79e-02	  4.06e-02	0.00000e+00
  3.79e-02	  4.11e-02	0.00000e+00
  3.79e-02	  4.17e-02	0.00000e+00
  3.79e-02	  4.22e-02	0.00000e+00
  3.79e-02	  4.27e-02	0.00000e+00
  3.79e-02	  4.32e-02	0.00000e+00
  3.79e-02	  4.37e-02	0.00000e+00
  3.79e-02	  4.43e-02	0.00000e+00
  3.79e-02	  4.48e-02	0.00000e+00
  3.79e-02	  4.53e-02	0.00000e+00
  3.79e-02	  4.58e-02	0.00000e+00
  3.79e-02	  4.64e-02	0.00000e+00
  3.79e-02	  4.69e-02	0.00000e+00
  3.79e-02	  4.74e-02	0.00000e+00
  3.79e-02	  4.79e-02	0.00000e+00
  3.79e-02	  4.84e-02	0.00000e+00
  3.79e-02	  4.90e-02	0.00000e+00
  3.79e-02	  4.95e-02	0.00000e+00

  3.87e-02	  0.00e+00	0.00000e+00
  3.87e-02	  5.21e-04	0.00000e+00
  3.87e-02	  1.04e-03	0.00000e+00
  3.87e-02	  1.56e-03	0.00000e+00
  3.87e-02	  2.08e-03	0.00000e+00
  3.87e-02	  2.60e-03	0.00000e+00
  3.87e-02	  3.12e-03	0.00000e+00
  3.87e-02	  3.65e-03	0.00000e+00
  3.87e-02	  4.17e-03	0.00000e+00
  3.87e-02	  4.69e-03	0.00000e+00
  3.87e-02	  5.21e-03	0.00000e+00
  3.87e-02	  5.73e-03	0.00000e+00
  3.87e-02	  6.25e-03	0.00000e+00
  3.87e-02	  6.77e-03	0.00000e+00
  3.87e-02	  7.29e-03	0.00000e+00
  3.87e-02	  7.81e-03	0.00000e+00
  3.87e-02	  8.33e-03	0.00000e+00
  3.87e-02	  8.85e-03	0.00000e+00
  3.87e-02	  9.37e-03	-3.23598e-30
  3.87e-02	  9.90e-03	1.85247e-02
  3.87e-02	  1.04e-02	3.65249e-02
  3.87e-02	  1.09e-02	5.34224e-02
  3.87e-02	  1.15e-02	6.84091e-02
  3.87e-02	  1.20e-02	8.07694e-02
  3.87e-02	  1.25e-02	8.99658e-02
  3.87e-02	  1.30e-02	9.57316e-02
  3.87e-02	  1.35e-02	9.81250e-02
  3.87e-02	  1.41e-02	9.75165e-02
  3.87e-02	  1.46e-02	9.45150e-02
  3.87e-02	  1.51e-02	8.98437e-02
  3.87e-02	  1.56e-02	8.42807e-02
  3.87e-02	  1.61e-02	7.85919e-02
  3.87e-02	  1.67e-02	7.34689e-02
  3.87e-02	  1.72e-02	6.94924e-02
  3.87e-02	  1.77e-02	6.70804e-02
  3.87e-02	  1.82e-02	6.64841e-02
  3.87e-02	  1.88e-02	6.76926e-02
  3.87e-02	  1.93e-02	7.03843e-02
  3.87e-02	  1.98e-02	7.39460e-02
  3.87e-02	  2.03e-02	7.75624e-02
  3.87e-02	  2.08e-02	8.03506e-02
  3.87e-02	  2.14e-02	8.15083e-02
  3.87e-02	  2.19e-02	8.04483e-02
  3.87e-02	  2.24e-02	7.68836e-02
  3.87e-02	  2.29e-02	7.08391e-02
  3.87e-02	  2.34e-02	6.26102e-02
  3.87e-02	  2.40e-02	5.27048e-02
  3.87e-02	  2.45e-02	4.17577e-02
  3.87e-02	  2.50e-02	3.04565e-02
  3.87e-02	  2.55e-02	1.95149e-02
  3.87e-02	  2.60e-02	9.62413e-03
  3.87e-02	  2.66e-02	1.39948e-03
  3.87e-02	  2.71e-02	-4.68559e-03
  3.87e-02	  2.76e-02	-8.34487e-03
  3.87e-02	  2.81e-02	-9.58528e-03
  3.87e-02	  2.86e-02	-8.73958e-03
  3.87e-02	  2.92e-02	-6.44463e-03
  3.87e-02	  2.97e-02	-3.55210e-03
  3.87e-02	  3.02e-02	-9.90692e-04
  3.87e-02	  3.07e-02	3.86848e-04
  3.87e-02	  3.13e-02	-5.87361e-05
  3.87e-02	  3.18e-02	-2.66423e-03
  3.87e-02	  3.23e-02	-7.44697e-03
  3.87e-02	  3.28e-02	-1.41447e-02
  3.87e-02	  3.33e-02	-2.22818e-02
  3.87e-02	  3.39e-02	-3.12384e-02
  3.87e-02	  3.44e-02	-4.03118e-02
  3.87e-02	  3.49e-02	-4.87831e-02
  3.87e-02	  3.54e-02	-5.60312e-02
  3.87e-02	  3.59e-02	-6.13587e-02
  3.87e-02	  3.65e-02	-6.40941e-02
  3.87e-02	  3.70e-02	-6.37016e-02
  3.87e-02	  3.75e-02	-5.98920e-02
  3.87e-02	  3.80e-02	-5.26769e-02
  3.87e-02	  3.85e-02	-4.24158e-02
  3.87e-02	  3.91e-02	-2.97588e-02
  3.87e-02	  3.96e-02	-1.55331e-02
  3.87e-02	  4.01e-02	3.21143e-30
  3.87e-02	  4.06e-02	0.00000e+00
  3.87e-02	  4.11e-02	0.00000e+00
  3.87e-02	  4.17e-02	0.00000e+00
  3.87e-02	  4.22e-02	0.00000e+00
  3.87e-02	  4.27e-02	0.00000e+00
  3.87e-02	  4.32e-02	0.00000e+00
  3.87e-02	  4.37e-02	0.00000e+00
  3.87e-02	  4.43e-02	0.00000e+00
  3.87e-02	  4.48e-02	0.00000e+00
  3.87e-02	  4.53e-02	0.00000e+00
  3.87e-02	  4.58e-02	0.00000e+00
  3.87e-02	  4.64e-02	0.00000e+00
  3.87e-02	  4.69e-02	0.00000e+00
  3.87e-02	  4.74e-02	0.00000e+00
  3.87e-02	  4.79e-02	0.00000e+00
  3.87e-02	  4.84e-02	0.00000e+00
  3.87e-02	  4.90e-02	0.00000e+00
  3.87e-02	  4.95e-02	0.00000e+00

  3.95e-02	  0.00e+00	0.00000e+00
  3.95e-02	  5.21e-04	0.00000e+00
  3.95e-02	  1.04e-03	0.00000e+00
  3.95e-02	  1.56e-03	0.00000e+00
  3.95e-02	  2.08e-03	0.00000e+00
  3.95e-02	  2.60e-03	0.00000e+00
  3.95e-02	  3.12e-03	0.00000e+00
  3.95e-02	  3.65e-03	0.00000e+00
  3.95e-02	  4.17e-03	0.00000e+00
  3.95e-02	  4.69e-03	0.00000e+00
  3.95e-02	  5.21e-03	0.00000e+00
  3.95e-02	  5.73e-03	0.00000e+00
  3.95e-02	  6.25e-03	0.00000e+00
  3.95e-02	  6.77e-03	0.00000e+00
  3.95e-02	  7.29e-03	0.00000e+00
  3.95e-02	  7.81e-03	0.00000e+00
  3.95e-02	  8.33e-03	0.00000e+00
  3.95e-02	  8.85e-03	0.00000e+00
  3.95e-02	  9.37e-03	-3.24528e-30
  3.95e-02	  9.90e-03	2.36225e-02
  3.95e-02	  1.04e-02	4.72237e-02
  3.95e-02	  1.09e-02	6.94825e-02
  3.95e-02	  1.15e-02	8.91742e-02
  3.95e-02	  1.20e-02	1.05146e-01
  3.95e-02	  1.25e-02	1.16431e-01
  3.95e-02	  1.30e-02	1.22492e-01
  3.95e-02	  1.35e-02	1.23423e-01
  3.95e-02	  1.41e-02	1.19898e-01
  3.95e-02	  1.46e-02	1.12956e-01
  3.95e-02	  1.51e-02	1.03787e-01
  3.95e-02	  1.56e-02	9.35998e-02
  3.95e-02	  1.61e-02	8.35408e-02
  3.95e-02	  1.67e-02	7.46481e-02
  3.95e-02	  1.72e-02	6.78298e-02
  3.95e-02	  1.77e-02	6.38289e-02
  3.95e-02	  1.82e-02	6.31106e-02
  3.95e-02	  1.88e-02	6.57360e-02
  3.95e-02	  1.93e-02	7.12272e-02
  3.95e-02	  1.98e-02	7.85310e-02
  3.95e-02	  2.03e-02	8.61802e-02
  3.95e-02	  2.08e-02	9.25645e-02
  3.95e-02	  2.14e-02	9.62394e-02
  3.95e-02	  2.19e-02	9.62236e-02
  3.95e-02	  2.24e-02	9.21782e-02
  3.95e-02	  2.29e-02	8.43468e-02
  3.95e-02	  2.34e-02	7.33638e-02
  3.95e-02	  2.40e-02	6.00185e-02
  3.95e-02	  2.45e-02	4.51859e-02
  3.95e-02	  2.50e-02	2.98602e-02
  3.95e-02	  2.55e-02	1.50650e-02
  3.95e-02	  2.60e-02	1.80612e-03
  3.95e-02	  2.66e-02	-8.97962e-03
  3.95e-02	  2.71e-02	-1.65133e-02
  3.95e-02	  2.76e-02	-2.03072e-02
  3.95e-02	  2.81e-02	-2.01986e-02
  3.95e-02	  2.86e-02	-1.65908e-02
  3.95e-02	  2.92e-02	-1.05161e-02
  3.95e-02	  2.97e-02	-3.46352e-03
  3.95e-02	  3.02e-02	2.91600e-03
  3.95e-02	  3.07e-02	7.12703e-03
  3.95e-02	  3.13e-02	8.11447e-03
  3.95e-02	  3.18e-02	5.42930e-03
  3.95e-02	  3.23e-02	-8.20565e-04
  3.95e-02	  3.28e-02	-1.01319e-02
  3.95e-02	  3.33e-02	-2.17693e-02
  3.95e-02	  3.39e-02	-3.48772e-02
  3.95e-02	  3.44e-02	-4.85339e-02
  3.95e-02	  3.49e-02	-6.17535e-02
  3.95e-02	  3.54e-02	-7.34564e-02
  3.95e-02	  3.59e-02	-8.25546e-02
  3.95e-02	  3.65e-02	-8.79515e-02
  3.95e-02	  3.70e-02	-8.86856e-02
  3.95e-02	  3.75e-02	-8.41566e-02
  3.95e-02	  3.80e-02	-7.43348e-02
  3.95e-02	  3.85e-02	-5.98524e-02
  3.95e-02	  3.91e-02	-4.18369e-02
  3.95e-02	  3.96e-02	-2.16570e-02
  3.95e-02	  4.01e-02	3.22133e-30
  3.95e-02	  4.06e-02	0.00000e+00
  3.95e-02	  4.11e-02	0.00000e+00
  3.95e-02	  4.17e-02	0.00000e+00
  3.95e-02	  4.22e-02	0.00000e+00
  3.95e-02	  4.27e-02	0.00000e+00
  3.95e-02	  4.32e-02	0.00000e+00
  3.95e-02	  4.37e-02	0.00000e+00
  3.95e-02	  4.43e-02	0.00000e+00
  3.95e-02	  4.48e-02	0.00000e+00
  3.95e-02	  4.53e-02	0.00000e+00
  3.95e-02	  4.58e-02	0.00000e+00
  3.95e-02	  4.64e-02	0.00000e+00
  3.95e-02	  4.69e-02	0.00000e+00
  3.95e-02	  4.74e-02	0.00000e+00
  3.95e-02	  4.79e-02	0.00000e+00
  3.95e-02	  4.84e-02	0.00000e+00
  3.95e-02	  4.90e-02	0.00000e+00
  3.95e-02	  4.95e-02	0.00000e+00

  4.02e-02	  0.00e+00	0.00000e+00
  4.02e-02	  5.21e-04	0.00000e+00
  4.02e-02	  1.04e-03	0.00000e+00
  4.02e-02	  1.56e-03	0.00000e+00
  4.02e-02	  2.08e-03	0.00000e+00
  4.02e-02	  2.60e-03	0.00000e+00
  4.02e-02	  3.12e-03	0.00000e+00
  4.02e-02	  3.65e-03	0.00000e+00
  4.02e-02	  4.17e-03	0.00000e+00
  4.02e-02	  4.69e-03	0.00000e+00
  4.02e-02	  5.21e-03	0.00000e+00
  4.02e-02	  5.73e-03	0.00000e+00
  4.02e-02	  6.25e-03	0.00000e+00
  4.02e-02	  6.77e-03	0.00000e+00
  4.02e-02	  7.29e-03	0.00000e+00
  4.02e-02	  7.81e-03	0.00000e+00
  4.02e-02	  8.33e-03	0.00000e+00
  4.02e-02	  8.85e-03	0.00000e+00
  4.02e-02	  9.37e-03	-3.25560e-30
  4.02e-02	  9.90e-03	3.05910e-02
  4.02e-02	  1.04e-02	6.15650e-02
  4.02e-02	  1.09e-02	9.10337e-02
  4.02e-02	  1.15e-02	1.17382e-01
  4.02e-02	  1.20e-02	1.38772e-01
  4.02e-02	  1.25e-02	1.53278e-01
  4.02e-02	  1.30e-02	1.59579e-01
  4.02e-02	  1.35e-02	1.57834e-01
  4.02e-02	  1.41e-02	1.49396e-01
  4.02e-02	  1.46e-02	1.36150e-01
  4.02e-02	  1.51e-02	1.20033e-01
  4.02e-02	  1.56e-02	1.02818e-01
  4.02e-02	  1.61e-02	8.60848e-02
  4.02e-02	  1.67e-02	7.12757e-02
  4.02e-02	  1.72e-02	5.97597e-02
  4.02e-02	  1.77e-02	5.28355e-02
  4.02e-02	  1.82e-02	5.15872e-02
  4.02e-02	  1.88e-02	5.65532e-02
  4.02e-02	  1.93e-02	6.72284e-02
  4.02e-02	  1.98e-02	8.17239e-02
  4.02e-02	  2.03e-02	9.72312e-02
  4.02e-02	  2.08e-02	1.10636e-01
  4.02e-02	  2.14e-02	1.19135e-01
  4.02e-02	  2.19e-02	1.20941e-01
  4.02e-02	  2.24e-02	1.15822e-01
  4.02e-02	  2.29e-02	1.04669e-01
  4.02e-02	  2.34e-02	8.88656e-02
  4.02e-02	  2.40e-02	6.98984e-02
  4.02e-02	  2.45e-02	4.91760e-02
  4.02e-02	  2.50e-02	2.79704e-02
  4.02e-02	  2.55e-02	7.49949e-03
  4.02e-02	  2.60e-02	-1.09889e-02
  4.02e-02	  2.66e-02	-2.61614e-02
  4.02e-02	  2.71e-02	-3.66094e-02
  4.02e-02	  2.76e-02	-4.10344e-02
  4.02e-02	  2.81e-02	-3.86942e-02
  4.02e-02	  2.86e-02	-2.99329e-02
  4.02e-02	  2.92e-02	-1.65863e-02
  4.02e-02	  2.97e-02	-1.49138e-03
  4.02e-02	  3.02e-02	1.21953e-02
  4.02e-02	  3.07e-02	2.16337e-02
  4.02e-02	  3.13e-02	2.49558e-02
  4.02e-02	  3.18e-02	2.17399e-02
  4.02e-02	  3.23e-02	1.26282e-02
  4.02e-02	  3.28e-02	-1.22777e-03
  4.02e-02	  3.33e-02	-1.85474e-02
  4.02e-02	  3.39e-02	-3.80795e-02
  4.02e-02	  3.44e-02	-5.86027e-02
  4.02e-02	  3.49e-02	-7.88440e-02
  4.02e-02	  3.54e-02	-9.73812e-02
  4.02e-02	  3.59e-02	-1.12602e-01
  4.02e-02	  3.65e-02	-1.22691e-01
  4.02e-02	  3.70e-02	-1.25813e-01
  4.02e-02	  3.75e-02	-1.20576e-01
  4.02e-02	  3.80e-02	-1.06723e-01
  4.02e-02	  3.85e-02	-8.55562e-02
  4.02e-02	  3.91e-02	-5.92258e-02
  4.02e-02	  3.96e-02	-3.00727e-02
  4.02e-02	  4.01e-02	3.23423e-30
  4.02e-02	  4.06e-02	0.00000e+00
  4.02e-02	  4.11e-02	0.00000e+00
  4.02e-02	  4.17e-02	0.00000e+00
  4.02e-02	  4.22e-02	0.00000e+00
  4.02e-02	  4.27e-02	0.00000e+00
  4.02e-02	  4.32e-02	0.00000e+00
  4.02e-02	  4.37e-02	0.00000e+00
  4.02e-02	  4.43e-02	0.00000e+00
  4.02e-02	  4.48e-02	0.00000e+00
  4.02e-02	  4.53e-02	0.00000e+00
  4.02e-02	  4.58e-02	0.00000e+00
  4.02e-02	  4.64e-02	0.00000e+00
  4.02e-02	  4.69e-02	0.00000e+00
  4.02e-02	  4.74e-02	0.00000e+00
  4.02e-02	  4.79e-02	0.00000e+00
  4.02e-02	  4.84e-02	0.00000e+00
  4.02e-02	  4.90e-02	0.00000e+00
  4.02e-02	  4.95e-02	0.00000e+00

  4.10e-02	  0.00e+00	0.00000e+00
  4.10e-02	  5.21e-04	0.00000e+00
  4.10e-02	  1.04e-03	0.00000e+00
  4.10e-02	  1.56e-03	0.00000e+00
  4.10e-02	  2.08e-03	0.00000e+00
  4.10e-02	  2.60e-03	0.00000e+00
  4.10e-02	  3.12e-03	0.00000e+00
  4.10e-02	  3.65e-03	0.00000e+00
  4.10e-02	  4.17e-03	0.00000e+00
  4.10e-02	  4.69e-03	0.00000e+00
  4.10e-02	  5.21e-03	0.00000e+00
  4.10e-02	  5.73e-03	0.00000e+00
  4.10e-02	  6.25e-03	0.00000e+00
  4.10e-02	  6.77e-03	0.00000e+00
  4.10e-02	  7.29e-03	0.00000e+00
  4.10e-02	  7.81e-03	0.00000e+00
  4.10e-02	  8.33e-03	0.00000e+00
  4.10e-02	  8.85e-03	0.00000e+00
  4.10e-02	  9.37e-03	-3.26679e-30
  4.10e-02	  9.90e-03	3.95773e-02
  4.10e-02	  1.04e-02	7.88593e-02
  4.10e-02	  1.09e-02	1.16947e-01
  4.10e-02	  1.15e-02	1.52320e-01
  4.10e-02	  1.20e-02	1.82218e-01
  4.10e-02	  1.25e-02	2.02487e-01
  4.10e-02	  1.30e-02	2.09130e-01
  4.10e-02	  1.35e-02	2.02710e-01
  4.10e-02	  1.41e-02	1.86329e-01
  4.10e-02	  1.46e-02	1.63551e-01
  4.10e-02	  1.51e-02	1.37425e-01
  4.10e-02	  1.56e-02	1.10318e-01
  4.10e-02	  1.61e-02	8.41021e-02
  4.10e-02	  1.67e-02	6.04748e-02
  4.10e-02	  1.72e-02	4.12717e-02
  4.10e-02	  1.77e-02	2.87033e-02
  4.10e-02	  1.82e-02	2.53519e-02
  4.10e-02	  1.88e-02	3.35801e-02
  4.10e-02	  1.93e-02	5.38371e-02
  4.10e-02	  1.98e-02	8.22850e-02
  4.10e-02	  2.03e-02	1.13203e-01
  4.10e-02	  2.08e-02	1.40403e-01
  4.10e-02	  2.14e-02	1.57997e-01
  4.10e-02	  2.19e-02	1.62092e-01
  4.10e-02	  2.24e-02	1.53678e-01
  4.10e-02	  2.29e-02	1.35845e-01
  4.10e-02	  2.34e-02	1.11759e-01
  4.10e-02	  2.40e-02	8.39707e-02
  4.10e-02	  2.45e-02	5.43642e-02
  4.10e-02	  2.50e-02	2.43637e-02
  4.10e-02	  2.55e-02	-4.77176e-03
  4.10e-02	  2.60e-02	-3.16614e-02
  4.10e-02	  2.66e-02	-5.45217e-02
  4.10e-02	  2.71e-02	-7.09271e-02
  4.10e-02	  2.76e-02	-7.78988e-02
  4.10e-02	  2.81e-02	-7.26356e-02
  4.10e-02	  2.86e-02	-5.43354e-02
  4.10e-02	  2.92e-02	-2.68120e-02
  4.10e-02	  2.97e-02	4.05210e-03
  4.10e-02	  3.02e-02	3.19418e-02
  4.10e-02	  3.07e-02	5.10020e-02
  4.10e-02	  3.13e-02	5.74038e-02
  4.10e-02	  3.18e-02	5.18012e-02
  4.10e-02	  3.23e-02	3.68023e-02
  4.10e-02	  3.28e-02	1.51633e-02
  4.10e-02	  3.33e-02	-1.08866e-02
  4.10e-02	  3.39e-02	-3.96706e-02
  4.10e-02	  3.44e-02	-6.98372e-02
  4.10e-02	  3.49e-02	-1.00080e-01
  4.10e-02	  3.54e-02	-1.28842e-01
  4.10e-02	  3.59e-02	-1.54004e-01
  4.10e-02	  3.65e-02	-1.72623e-01
  4.10e-02	  3.70e-02	-1.80977e-01
  4.10e-02	  3.75e-02	-1.75448e-01
  4.10e-02	  3.80e-02	-1.54788e-01
  4.10e-02	  3.85e-02	-1.22728e-01
  4.10e-02	  3.91e-02	-8.38116e-02
  4.10e-02	  3.96e-02	-4.17441e-02
  4.10e-02	  4.01e-02	3.24974e-30
  4.10e-02	  4.06e-02	0.00000e+00
  4.10e-02	  4.11e-02	0.00000e+00
  4.10e-02	  4.17e-02	0.00000e+00
  4.10e-02	  4.22e-02	0.00000e+00
  4.10e-02	  4.27e-02	0.00000e+00
  4.10e-02	  4.32e-02	0.00000e+00
  4.10e-02	  4.37e-02	0.00000e+00
  4.10e-02	  4.43e-02	0.00000e+00
  4.10e-02	  4.48e-02	0.00000e+00
  4.10e-02	  4.53e-02	0.00000e+00
  4.10e-02	  4.58e-02	0.00000e+00
  4.10e-02	  4.64e-02	0.00000e+00
  4.10e-02	  4.69e-02	0.00000e+00
  4.10e-02	  4.74e-02	0.00000e+00
  4.10e-02	  4.79e-02	0.00000e+00
  4.10e-02	  4.84e-02	0.00000e+00
  4.10e-02	  4.90e-02	0.00000e+00
  4.10e-02	  4.95e-02	0.00000e+00

  4.18e-02	  0.00e+00	0.00000e+00
  4.18e-02	  5.21e-04	0.00000e+00
  4.18e-02	  1.04e-03	0.00000e+00
  4.18e-02	  1.56e-03	0.00000e+00
  4.18e-02	  2.08e-03	0.00000e+00
  4.18e-02	  2.60e-03	0.00000e+00
  4.18e-02	  3.12e-03	0.00000e+00
  4.18e-02	  3.65e-03	0.00000e+00
  4.18e-02	  4.17e-03	0.00000e+00
  4.18e-02	  4.69e-03	0.00000e+00
  4.18e-02	  5.21e-03	0.00000e+00
  4.18e-02	  5.73e-03	0.00000e+00
  4.18e-02	  6.25e-03	0.00000e+00
  4.18e-02	  6.77e-03	0.00000e+00
  4.18e-02	  7.29e-03	0.00000e+00
  4.18e-02	  7.81e-03	0.00000e+00
  4.18e-02	  8.33e-03	0.00000e+00
  4.18e-02	  8.85e-03	0.00000e+00
  4.18e-02	  9.37e-03	-3.27895e-30
  4.18e-02	  9.90e-03	4.78480e-02
  4.18e-02	  1.04e-02	9.37155e-02
  4.18e-02	  1.09e-02	1.40068e-01
  4.18e-02	  1.15e-02	1.86656e-01
  4.18e-02	  1.20e-02	2.30342e-01
  4.18e-02	  1.25e-02	2.62709e-01
  4.18e-02	  1.30e-02	2.69528e-01
  4.18e-02	  1.35e-02	2.54809e-01
  4.18e-02	  1.41e-02	2.26418e-01
  4.18e-02	  1.46e-02	1.90823e-01
  4.18e-02	  1.51e-02	1.52262e-01
  4.18e-02	  1.56e-02	1.13242e-01
  4.18e-02	  1.61e-02	7.53081e-02
  4.18e-02	  1.67e-02	3.97732e-02
  4.18e-02	  1.72e-02	8.46217e-03
  4.18e-02	  1.77e-02	-1.54230e-02
  4.18e-02	  1.82e-02	-2.62915e-02
  4.18e-02	  1.88e-02	-1.58059e-02
  4.18e-02	  1.93e-02	2.29962e-02
  4.18e-02	  1.98e-02	7.80337e-02
  4.18e-02	  2.03e-02	1.37709e-01
  4.18e-02	  2.08e-02	1.91729e-01
  4.18e-02	  2.14e-02	2.27556e-01
  4.18e-02	  2.19e-02	2.31604e-01
  4.18e-02	  2.24e-02	2.12547e-01
  4.18e-02	  2.29e-02	1.80578e-01
  4.18e-02	  2.34e-02	1.42394e-01
  4.18e-02	  2.40e-02	1.01669e-01
  4.18e-02	  2.45e-02	6.01762e-02
  4.18e-02	  2.50e-02	1.87764e-02
  4.18e-02	  2.55e-02	-2.19179e-02
  4.18e-02	  2.60e-02	-6.10594e-02
  4.18e-02	  2.66e-02	-9.69956e-02
  4.18e-02	  2.71e-02	-1.26261e-01
  4.18e-02	  2.76e-02	-1.42595e-01
  4.18e-02	  2.81e-02	-1.36622e-01
  4.18e-02	  2.86e-02	-9.98580e-02
  4.18e-02	  2.92e-02	-4.46629e-02
  4.18e-02	  2.97e-02	1.62766e-02
  4.18e-02	  3.02e-02	7.18030e-02
  4.18e-02	  3.07e-02	1.09429e-01
  4.18e-02	  3.13e-02	1.16984e-01
  4.18e-02	  3.18e-02	1.02512e-01
  4.18e-02	  3.23e-02	7.50353e-02
  4.18e-02	  3.28e-02	4.05087e-02
  4.18e-02	  3.33e-02	2.13928e-03
  4.18e-02	  3.39e-02	-3.85010e-02
  4.18e-02	  3.44e-02	-8.05950e-02
  4.18e-02	  3.49e-02	-1.23500e-01
  4.18e-02	  3.54e-02	-1.66185e-01
  4.18e-02	  3.59e-02	-2.06491e-01
  4.18e-02	  3.65e-02	-2.40110e-01
  4.18e-02	  3.70e-02	-2.59636e-01
  4.18e-02	  3.75e-02	-2.55155e-01
  4.18e-02	  3.80e-02	-2.20332e-01
  4.18e-02	  3.85e-02	-1.70198e-01
  4.18e-02	  3.91e-02	-1.14389e-01
  4.18e-02	  3.96e-02	-5.69954e-02
  4.18e-02	  4.01e-02	3.26712e-30
  4.18e-02	  4.06e-02	0.00000e+00
  4.18e-02	  4.11e-02	0.00000e+00
  4.18e-02	  4.17e-02	0.00000e+00
  4.18e-02	  4.22e-02	0.00000e+00
  4.18e-02	  4.27e-02	0.00000e+00
  4.18e-02	  4.32e-02	0.00000e+00
  4.18e-02	  4.37e-02	0.00000e+00
  4.18e-02	  4.43e-02	0.00000e+00
  4.18e-02	  4.48e-02	0.00000e+00
  4.18e-02	  4.53e-02	0.00000e+00
  4.18e-02	  4.58e-02	0.00000e+00
  4.18e-02	  4.64e-02	0.00000e+00
  4.18e-02	  4.69e-02	0.00000e+00
  4.18e-02	  4.74e-02	0.00000e+00
  4.18e-02	  4.79e-02	0.00000e+00
  4.18e-02	  4.84e-02	0.00000e+00
  4.18e-02	  4.90e-02	0.00000e+00
  4.18e-02	  4.95e-02	0.00000e+00

  4.26e-02	  0.00e+00	0.00000e+00
  4.26e-02	  5.21e-04	0.00000e+00
  4.26e-02	  1.04e-03	0.00000e+00
  4.26e-02	  1.56e-03	0.00000e+00
  4.26e-02	  2.08e-03	0.00000e+00
  4.26e-02	  2.60e-03	0.00000e+00
  4.26e-02	  3.12e-03	0.00000e+00
  4.26e-02	  3.65e-03	0.00000e+00
  4.26e-02	  4.17e-03	0.00000e+00
  4.26e-02	  4.69e-03	0.00000e+00
  4.26e-02	  5.21e-03	0.00000e+00
  4.26e-02	  5.73e-03	0.00000e+00
  4.26e-02	  6.25e-03	0.00000e+00
  4.26e-02	  6.77e-03	0.00000e+00
  4.26e-02	  7.29e-03	0.00000e+00
  4.26e-02	  7.81e-03	0.00000e+00
  4.26e-02	  8.33e-03	0.00000e+00
  4.26e-02	  8.85e-03	0.00000e+00
  4.26e-02	  9.37e-03	-3.29148e-30
  4.26e-02	  9.90e-03	4.78276e-02
  4.26e-02	  1.04e-02	9.45248e-02
  4.26e-02	  1.09e-02	1.45028e-01
  4.26e-02	  1.15e-02	2.01849e-01
  4.26e-02	  1.20e-02	2.65456e-01
  4.26e-02	  1.25e-02	3.26225e-01
  4.26e-02	  1.30e-02	3.27517e-01
  4.26e-02	  1.35e-02	2.97462e-01
  4.26e-02	  1.41e-02	2.54010e-01
  4.26e-02	  1.46e-02	2.05836e-01
  4.26e-02	  1.51e-02	1.56652e-01
  4.26e-02	  1.56e-02	1.07720e-01
  4.26e-02	  1.61e-02	5.91440e-02
  4.26e-02	  1.67e-02	1.06966e-02
  4.26e-02	  1.72e-02	-3.72651e-02
  4.26e-02	  1.77e-02	-8.20182e-02
  4.26e-02	  1.82e-02	-1.14253e-01
  4.26e-02	  1.88e-02	-1.10173e-01
  4.26e-02	  1.93e-02	-2.88028e-02
  4.26e-02	  1.98e-02	6.84712e-02
  4.26e-02	  2.03e-02	1.68522e-01
  4.26e-02	  2.08e-02	2.67711e-01
  4.26e-02	  2.14e-02	3.51046e-01
  4.26e-02	  2.19e-02	3.44941e-01
  4.26e-02	  2.24e-02	2.96914e-01
  4.26e-02	  2.29e-02	2.36192e-01
  4.26e-02	  2.34e-02	1.76061e-01
  4.26e-02	  2.40e-02	1.19221e-01
  4.26e-02	  2.45e-02	6.49083e-02
  4.26e-02	  2.50e-02	1.18518e-02
  4.26e-02	  2.55e-02	-4.12379e-02
  4.26e-02	  2.60e-02	-9.54562e-02
  4.26e-02	  2.66e-02	-1.51517e-01
  4.26e-02	  2.71e-02	-2.08225e-01
  4.26e-02	  2.76e-02	-2.53887e-01
  4.26e-02	  2.81e-02	-2.59533e-01
  4.26e-02	  2.86e-02	-1.74444e-01
  4.26e-02	  2.92e-02	-7.04671e-02
  4.26e-02	  2.97e-02	3.57576e-02
  4.26e-02	  3.02e-02	1.39120e-01
  4.26e-02	  3.07e-02	2.23655e-01
  4.26e-02	  3.13e-02	2.20320e-01
  4.26e-02	  3.18e-02	1.78355e-01
  4.26e-02	  3.23e-02	1.25471e-01
  4.26e-02	  3.28e-02	7.16643e-02
  4.26e-02	  3.33e-02	1.85496e-02
  4.26e-02	  3.39e-02	-3.42059e-02
  4.26e-02	  3.44e-02	-8.75618e-02
  4.26e-02	  3.49e-02	-1.42595e-01
  4.26e-02	  3.54e-02	-1.99928e-01
  4.26e-02	  3.59e-02	-2.58686e-01
  4.26e-02	  3.65e-02	-3.14449e-01
  4.26e-02	  3.70e-02	-3.55696e-01
  4.26e-02	  3.75e-02	-3.58752e-01
  4.26e-02	  3.80e-02	-2.87427e-01
  4.26e-02	  3.85e-02	-2.09393e-01
  4.26e-02	  3.91e-02	-1.36665e-01
  4.26e-02	  3.96e-02	-6.86220e-02
  4.26e-02	  4.01e-02	3.28512e-30
  4.26e-02	  4.06e-02	0.00000e+00
  4.26e-02	  4.11e-02	0.00000e+00
  4.26e-02	  4.17e-02	0.00000e+00
  4.26e-02	  4.22e-02	0.00000e+00
  4.26e-02	  4.27e-02	0.00000e+00
  4.26e-02	  4.32e-02	0.00000e+00
  4.26e-02	  4.37e-02	0.00000e+00
  4.26e-02	  4.43e-02	0.00000e+00
  4.26e-02	  4.48e-02	0.00000e+00
  4.26e-02	  4.53e-02	0.00000e+00
  4.26e-02	  4.58e-02	0.00000e+00
  4.26e-02	  4.64e-02	0.00000e+00
  4.26e-02	  4.69e-02	0.00000e+00
  4.26e-02	  4.74e-02	0.00000e+00
  4.26e-02	  4.79e-02	0.00000e+00
  4.26e-02	  4.84e-02	0.00000e+00
  4.26e-02	  4.90e-02	0.00000e+00
  4.26e-02	  4.95e-02	0.00000e+00

  4.34e-02	  0.00e+00	0.00000e+00
  4.34e-02	  5.21e-04	0.00000e+00
  4.34e-02	  1.04e-03	0.00000e+00
  4.34e-02	  1.56e-03	0.00000e+00
  4.34e-02	  2.08e-03	0.00000e+00
  4.34e-02	  2.60e-03	0.00000e+00
  4.34e-02	  3.12e-03	0.00000e+00
  4.34e-02	  3.65e-03	0.00000e+00
  4.34e-02	  4.17e-03	0.00000e+00
  4.34e-02	  4.69e-03	0.00000e+00
  4.34e-02	  5.21e-03	0.00000e+00
  4.34e-02	  5.73e-03	0.00000e+00
  4.34e-02	  6.25e-03	0.00000e+00
  4.34e-02	  6.77e-03	0.00000e+00
  4.34e-02	  7.29e-03	0.00000e+00
  4.34e-02	  7.81e-03	0.00000e+00
  4.34e-02	  8.33e-03	0.00000e+00
  4.34e-02	  8.85e-03	0.00000e+00
  4.34e-02	  9.37e-03	-3.30134e-30
  4.34e-02	  9.90e-03	3.19970e-02
  4.34e-02	  1.04e-02	7.12662e-02
  4.34e-02	  1.09e-02	1.15309e-01
  4.34e-02	  1.15e-02	1.68838e-01
  4.34e-02	  1.20e-02	2.42519e-01
  4.34e-02	  1.25e-02	3.63112e-01
  4.34e-02	  1.30e-02	3.25491e-01
  4.34e-02	  1.35e-02	2.78142e-01
  4.34e-02	  1.41e-02	2.31643e-01
  4.34e-02	  1.46e-02	1.85449e-01
  4.34e-02	  1.51e-02	1.38596e-01
  4.34e-02	  1.56e-02	9.04298e-02
  4.34e-02	  1.61e-02	3.99928e-02
  4.34e-02	  1.67e-02	-1.44027e-02
  4.34e-02	  1.72e-02	-7.50277e-02
  4.34e-02	  1.77e-02	-1.42575e-01
  4.34e-02	  1.82e-02	-2.09476e-01
  4.34e-02	  1.88e-02	-2.47545e-01
  4.34e-02	  1.93e-02	-7.42183e-02
  4.34e-02	  1.98e-02	5.43399e-02
  4.34e-02	  2.03e-02	1.74690e-01
  4.34e-02	  2.08e-02	3.13660e-01
  4.34e-02	  2.14e-02	5.10704e-01
  4.34e-02	  2.19e-02	4.57277e-01
  4.34e-02	  2.24e-02	3.68237e-01
  4.34e-02	  2.29e-02	2.78581e-01
  4.34e-02	  2.34e-02	1.97650e-01
  4.34e-02	  2.40e-02	1.27524e-01
  4.34e-02	  2.45e-02	6.51920e-02
  4.34e-02	  2.50e-02	5.97855e-03
  4.34e-02	  2.55e-02	-5.49611e-02
  4.34e-02	  2.60e-02	-1.23028e-01
  4.34e-02	  2.66e-02	-2.03344e-01
  4.34e-02	  2.71e-02	-2.95272e-01
  4.34e-02	  2.76e-02	-3.89313e-01
  4.34e-02	  2.81e-02	-4.44594e-01
  4.34e-02	  2.86e-02	-2.36079e-01
  4.34e-02	  2.92e-02	-8.53433e-02
  4.34e-02	  2.97e-02	4.90783e-02
  4.34e-02	  3.02e-02	1.96683e-01
  4.34e-02	  3.07e-02	3.98048e-01
  4.34e-02	  3.13e-02	3.46629e-01
  4.34e-02	  3.18e-02	2.57899e-01
  4.34e-02	  3.23e-02	1.70576e-01
  4.34e-02	  3.28e-02	9.49150e-02
  4.34e-02	  3.33e-02	3.01164e-02
  4.34e-02	  3.39e-02	-2.86315e-02
  4.34e-02	  3.44e-02	-8.54004e-02
  4.34e-02	  3.49e-02	-1.43025e-01
  4.34e-02	  3.54e-02	-2.03362e-01
  4.34e-02	  3.59e-02	-2.67202e-01
  4.34e-02	  3.65e-02	-3.33985e-01
  4.34e-02	  3.70e-02	-4.00577e-01
  4.34e-02	  3.75e-02	-4.49015e-01
  4.34e-02	  3.80e-02	-2.94417e-01
  4.34e-02	  3.85e-02	-1.95467e-01
  4.34e-02	  3.91e-02	-1.20723e-01
  4.34e-02	  3.96e-02	-5.67102e-02
  4.34e-02	  4.01e-02	3.29970e-30
  4.34e-02	  4.06e-02	0.00000e+00
  4.34e-02	  4.11e-02	0.00000e+00
  4.34e-02	  4.17e-02	0.00000e+00
  4.34e-02	  4.22e-02	0.00000e+00
  4.34e-02	  4.27e-02	0.00000e+00
  4.34e-02	  4.32e-02	0.00000e+00
  4.34e-02	  4.37e-02	0.00000e+00
  4.34e-02	  4.43e-02	0.00000e+00
  4.34e-02	  4.48e-02	0.00000e+00
  4.34e-02	  4.53e-02	0.00000e+00
  4.34e-02	  4.58e-02	0.00000e+00
  4.34e-02	  4.64e-02	0.00000e+00
  4.34e-02	  4.69e-02	0.00000e+00
  4.34e-02	  4.74e-02	0.00000e+00
  4.34e-02	  4.79e-02	0.00000e+00
  4.34e-02	  4.84e-02	0.00000e+00
  4.34e-02	  4.90e-02	0.00000e+00
  4.34e-02	  4.95e-02	0.00000e+00

  4.41e-02	  0.00e+00	0.00000e+00
  4.41e-02	  5.21e-04	0.00000e+00
  4.41e-02	  1.04e-03	0.00000e+00
  4.41e-02	  1.56e-03	0.00000e+00
  4.41e-02	  2.08e-03	0.00000e+00
  4.41e-02	  2.60e-03	0.00000e+00
  4.41e-02	  3.12e-03	0.00000e+00
  4.41e-02	  3.65e-03	0.00000e+00
  4.41e-02	  4.17e-03	0.00000e+00
  4.41e-02	  4.69e-03	0.00000e+00
  4.41e-02	  5.21e-03	0.00000e+00
  4.41e-02	  5.73e-03	0.00000e+00
  4.41e-02	  6.25e-03	0.00000e+00
  4.41e-02	  6.77e-03	0.00000e+00
  4.41e-02	  7.29e-03	0.00000e+00
  4.41e-02	  7.81e-03	0.00000e+00
  4.41e-02	  8.33e-03	0.00000e+00
  4.41e-02	  8.85e-03	0.00000e+00
  4.41e-02	  9.37e-03	0.00000e+00
  4.41e-02	  9.90e-03	0.00000e+00
  4.41e-02	  1.04e-02	0.00000e+00
  4.41e-02	  1.09e-02	0.00000e+00
  4.41e-02	  1.15e-02	0.00000e+00
  4.41e-02	  1.20e-02	0.00000e+00
  4.41e-02	  1.25e-02	-2.76155e-30
  4.41e-02	  1.30e-02	5.80583e-02
  4.41e-02	  1.35e-02	1.02584e-01
  4.41e-02	  1.41e-02	1.19268e-01
  4.41e-02	  1.46e-02	1.13540e-01
  4.41e-02	  1.51e-02	9.26576e-02
  4.41e-02	  1.56e-02	6.23503e-02
  4.41e-02	  1.61e-02	2.68730e-02
  4.41e-02	  1.67e-02	-9.57891e-03
  4.41e-02	  1.72e-02	-4.02426e-02
  4.41e-02	  1.77e-02	-5.30689e-02
  4.41e-02	  1.82e-02	-3.53907e-02
  4.41e-02	  1.88e-02	2.92191e-30
  4.41e-02	  1.93e-02	0.00000e+00
  4.41e-02	  1.98e-02	0.00000e+00
  4.41e-02	  2.03e-02	0.00000e+00
  4.41e-02	  2.08e-02	0.00000e+00
  4.41e-02	  2.14e-02	-2.63856e-30
  4.41e-02	  2.19e-02	9.14216e-02
  4.41e-02	  2.24e-02	1.55355e-01
  4.41e-02	  2.29e-02	1.66878e-01
  4.41e-02	  2.34e-02	1.42957e-01
  4.41e-02	  2.40e-02	1.01463e-01
  4.41e-02	  2.45e-02	5.37070e-02
  4.41e-02	  2.50e-02	4.29301e-03
  4.41e-02	  2.55e-02	-4.49083e-02
  4.41e-02	  2.60e-02	-9.06594e-02
  4.41e-02	  2.66e-02	-1.23310e-01
  4.41e-02	  2.71e-02	-1.25426e-01
  4.41e-02	  2.76e-02	-7.73052e-02
  4.41e-02	  2.81e-02	2.71032e-30
  4.41e-02	  2.86e-02	0.00000e+00
  4.41e-02	  2.92e-02	0.00000e+00
  4.41e-02	  2.97e-02	0.00000e+00
  4.41e-02	  3.02e-02	0.00000e+00
  4.41e-02	  3.07e-02	-2.77034e-30
  4.41e-02	  3.13e-02	6.67066e-02
  4.41e-02	  3.18e-02	1.06531e-01
  4.41e-02	  3.23e-02	1.00477e-01
  4.41e-02	  3.28e-02	6.69896e-02
  4.41e-02	  3.33e-02	2.29222e-02
  4.41e-02	  3.39e-02	-2.30556e-02
  4.41e-02	  3.44e-02	-6.73032e-02
  4.41e-02	  3.49e-02	-1.06981e-01
  4.41e-02	  3.54e-02	-1.37216e-01
  4.41e-02	  3.59e-02	-1.49412e-01
  4.41e-02	  3.65e-02	-1.31856e-01
  4.41e-02	  3.70e-02	-7.58037e-02
  4.41e-02	  3.75e-02	2.67350e-30
  4.41e-02	  3.80e-02	0.00000e+00
  4.41e-02	  3.85e-02	0.00000e+00
  4.41e-02	  3.91e-02	0.00000e+00
  4.41e-02	  3.96e-02	0.00000e+00
  4.41e-02	  4.01e-02	0.00000e+00
  4.41e-02	  4.06e-02	0.00000e+00
  4.41e-02	  4.11e-02	0.00000e+00
  4.41e-02	  4.17e-02	0.00000e+00
  4.41e-02	  4.22e-02	0.00000e+00
  4.41e-02	  4.27e-02	0.00000e+00
  4.41e-02	  4.32e-02	0.00000e+00
  4.41e-02	  4.37e-02	0.00000e+00
  4.41e-02	  4.43e-02	0.00000e+00
  4.41e-02	  4.48e-02	0.00000e+00
  4.41e-02	  4.53e-02	0.00000e+00
  4.41e-02	  4.58e-02	0.00000e+00
  4.41e-02	  4.64e-02	0.00000e+00
  4.41e-02	  4.69e-02	0.00000e+00
  4.41e-02	  4.74e-02	0.00000e+00
  4.41e-02	  4.79e-02	0.00000e+00
  4.41e-02	  4.84e-02	0.00000e+00
  4.41e-02	  4.90e-02	0.00000e+00
  4.41e-02	  4.95e-02	0.00000e+00

  4.49e-02	  0.00e+00	0.00000e+00
  4.49e-02	  5.21e-04	0.00000e+00
  4.49e-02	  1.04e-03	0.00000e+00
  4.49e-02	  1.56e-03	0.00000e+00
  4.49e-02	  2.08e-03	0.00000e+00
  4.49e-02	  2.60e-03	0.00000e+00
  4.49e-02	  3.12e-03	0.00000e+00
  4.49e-02	  3.65e-03	0.00000e+00
  4.49e-02	  4.17e-03	0.00000e+00
  4.49e-02	  4.69e-03	0.00000e+00
  4.49e-02	  5.21e-03	0.00000e+00
  4.49e-02	  5.73e-03	0.00000e+00
  4.49e-02	  6.25e-03	0.00000e+00
  4.49e-02	  6.77e-03	0.00000e+00
  4.49e-02	  7.29e-03	0.00000e+00
  4.49e-02	  7.81e-03	0.00000e+00
  4.49e-02	  8.33e-03	0.00000e+00
  4.49e-02	  8.85e-03	0.00000e+00
  4.49e-02	  9.37e-03	0.00000e+00
  4.49e-02	  9.90e-03	0.00000e+00
  4.49e-02	  1.04e-02	0.00000e+00
  4.49e-02	  1.09e-02	0.00000e+00
  4.49e-02	  1.15e-02	0.00000e+00
  4.49e-02	  1.20e-02	0.00000e+00
  4.49e-02	  1.25e-02	-2.81121e-30
  4.49e-02	  1.30e-02	1.08464e-02
  4.49e-02	  1.35e-02	3.14142e-02
  4.49e-02	  1.41e-02	4.82141e-02
  4.49e-02	  1.46e-02	5.42616e-02
  4.49e-02	  1.51e-02	4.87714e-02
  4.49e-02	  1.56e-02	3.42768e-02
  4.49e-02	  1.61e-02	1.47974e-02
  4.49e-02	  1.67e-02	-4.52313e-03
  4.49e-02	  1.72e-02	-1.71767e-02
  4.49e-02	  1.77e-02	-1.73212e-02
  4.49e-02	  1.82e-02	-6.91068e-03
  4.49e-02	  1.88e-02	2.91395e-30
  4.49e-02	  1.93e-02	0.00000e+00
  4.49e-02	  1.98e-02	0.00000e+00
  4.49e-02	  2.03e-02	0.00000e+00
  4.49e-02	  2.08e-02	0.00000e+00
  4.49e-02	  2.14e-02	-2.69907e-30
  4.49e-02	  2.19e-02	2.11926e-02
  4.49e-02	  2.24e-02	5.76896e-02
  4.49e-02	  2.29e-02	8.25606e-02
  4.49e-02	  2.34e-02	8.41866e-02
  4.49e-02	  2.40e-02	6.64592e-02
  4.49e-02	  2.45e-02	3.73208e-02
  4.49e-02	  2.50e-02	3.80648e-03
  4.49e-02	  2.55e-02	-2.84971e-02
  4.49e-02	  2.60e-02	-5.29863e-02
  4.49e-02	  2.66e-02	-6.13896e-02
  4.49e-02	  2.71e-02	-4.73862e-02
  4.49e-02	  2.76e-02	-1.80704e-02
  4.49e-02	  2.81e-02	2.74673e-30
  4.49e-02	  2.86e-02	0.00000e+00
  4.49e-02	  2.92e-02	0.00000e+00
  4.49e-02	  2.97e-02	0.00000e+00
  4.49e-02	  3.02e-02	0.00000e+00
  4.49e-02	  3.07e-02	-2.79494e-30
  4.49e-02	  3.13e-02	1.45410e-02
  4.49e-02	  3.18e-02	3.79902e-02
  4.49e-02	  3.23e-02	4.71102e-02
  4.49e-02	  3.28e-02	3.62954e-02
  4.49e-02	  3.33e-02	1.22200e-02
  4.49e-02	  3.39e-02	-1.68676e-02
  4.49e-02	  3.44e-02	-4.47433e-02
  4.49e-02	  3.49e-02	-6.61709e-02
  4.49e-02	  3.54e-02	-7.58313e-02
  4.49e-02	  3.59e-02	-6.92161e-02
  4.49e-02	  3.65e-02	-4.63264e-02
  4.49e-02	  3.70e-02	-1.67612e-02
  4.49e-02	  3.75e-02	2.73064e-30
  4.49e-02	  3.80e-02	0.00000e+00
  4.49e-02	  3.85e-02	0.00000e+00
  4.49e-02	  3.91e-02	0.00000e+00
  4.49e-02	  3.96e-02	0.00000e+00
  4.49e-02	  4.01e-02	0.00000e+00
  4.49e-02	  4.06e-02	0.00000e+00
  4.49e-02	  4.11e-02	0.00000e+00
  4.49e-02	  4.17e-02	0.00000e+00
  4.49e-02	  4.22e-02	0.00000e+00
  4.49e-02	  4.27e-02	0.00000e+00
  4.49e-02	  4.32e-02	0.00000e+00
  4.49e-02	  4.37e-02	0.00000e+00
  4.49e-02	  4.43e-02	0.00000e+00
  4.49e-02	  4.48e-02	0.00000e+00
  4.49e-02	  4.53e-02	0.00000e+00
  4.49e-02	  4.58e-02	0.00000e+00
  4.49e-02	  4.64e-02	0.00000e+00
  4.49e-02	  4.69e-02	0.00000e+00
  4.49e-02	  4.74e-02	0.00000e+00
  4.49e-02	  4.79e-02	0.00000e+00
  4.49e-02	  4.84e-02	0.00000e+00
  4.49e-02	  4.90e-02	0.00000e+00
  4.49e-02	  4.95e-02	0.00000e+00

  4.57e-02	  0.00e+00	0.00000e+00
  4.57e-02	  5.21e-04	0.00000e+00
  4.57e-02	  1.04e-03	0.00000e+00
  4.57e-02	  1.56e-03	0.00000e+00
  4.57e-02	  2.08e-03	0.00000e+00
  4.57e-02	  2.60e-03	0.00000e+00
  4.57e-02	  3.12e-03	0.00000e+00
  4.57e-02	  3.65e-03	0.00000e+00
  4.57e-02	  4.17e-03	0.00000e+00
  4.57e-02	  4.69e-03	0.00000e+00
  4.57e-02	  5.21e-03	0.00000e+00
  4.57e-02	  5.73e-03	0.00000e+00
  4.57e-02	  6.25e-03	0.00000e+00
  4.57e-02	  6.77e-03	0.00000e+00
  4.57e-02	  7.29e-03	0.00000e+00
  4.57e-02	  7.81e-03	0.00000e+00
  4.57e-02	  8.33e-03	0.00000e+00
  4.57e-02	  8.85e-03	0.00000e+00
  4.57e-02	  9.37e-03	0.00000e+00
  4.57e-02	  9.90e-03	0.00000e+00
  4.57e-02	  1.04e-02	0.00000e+00
  4.57e-02	  1.09e-02	0.00000e+00
  4.57e-02	  1.15e-02	0.00000e+00
  4.57e-02	  1.20e-02	0.00000e+00
  4.57e-02	  1.25e-02	-2.81513e-30
  4.57e-02	  1.30e-02	3.23732e-04
  4.57e-02	  1.35e-02	5.94129e-03
  4.57e-02	  1.41e-02	1.35734e-02
  4.57e-02	  1.46e-02	1.84916e-02
  4.57e-02	  1.51e-02	1.80261e-02
  4.57e-02	  1.56e-02	1.22087e-02
  4.57e-02	  1.61e-02	3.19082e-03
  4.57e-02	  1.67e-02	-5.45165e-03
  4.57e-02	  1.72e-02	-9.67667e-03
  4.57e-02	  1.77e-02	-7.60385e-03
  4.57e-02	  1.82e-02	-2.52280e-03
  4.57e-02	  1.88e-02	2.88422e-30
  4.57e-02	  1.93e-02	0.00000e+00
  4.57e-02	  1.98e-02	0.00000e+00
  4.57e-02	  2.03e-02	0.00000e+00
  4.57e-02	  2.08e-02	0.00000e+00
  4.57e-02	  2.14e-02	-2.70730e-30
  4.57e-02	  2.19e-02	5.38293e-03
  4.57e-02	  2.24e-02	2.08790e-02
  4.57e-02	  2.29e-02	3.75004e-02
  4.57e-02	  2.34e-02	4.44130e-02
  4.57e-02	  2.40e-02	3.84054e-02
  4.57e-02	  2.45e-02	2.26391e-02
  4.57e-02	  2.50e-02	2.41425e-03
  4.57e-02	  2.55e-02	-1.65747e-02
  4.57e-02	  2.60e-02	-2.86232e-02
  4.57e-02	  2.66e-02	-2.90332e-02
  4.57e-02	  2.71e-02	-1.81317e-02
  4.57e-02	  2.76e-02	-5.17958e-03
  4.57e-02	  2.81e-02	2.74105e-30
  4.57e-02	  2.86e-02	0.00000e+00
  4.57e-02	  2.92e-02	0.00000e+00
  4.57e-02	  2.97e-02	0.00000e+00
  4.57e-02	  3.02e-02	0.00000e+00
  4.57e-02	  3.07e-02	-2.78288e-30
  4.57e-02	  3.13e-02	3.69540e-03
  4.57e-02	  3.18e-02	1.35412e-02
  4.57e-02	  3.23e-02	2.08289e-02
  4.57e-02	  3.28e-02	1.81340e-02
  4.57e-02	  3.33e-02	6.14289e-03
  4.57e-02	  3.39e-02	-1.01787e-02
  4.57e-02	  3.44e-02	-2.55611e-02
  4.57e-02	  3.49e-02	-3.55039e-02
  4.57e-02	  3.54e-02	-3.67425e-02
  4.57e-02	  3.59e-02	-2.86907e-02
  4.57e-02	  3.65e-02	-1.51543e-02
  4.57e-02	  3.70e-02	-3.66969e-03
  4.57e-02	  3.75e-02	2.73703e-30
  4.57e-02	  3.80e-02	0.00000e+00
  4.57e-02	  3.85e-02	0.00000e+00
  4.57e-02	  3.91e-02	0.00000e+00
  4.57e-02	  3.96e-02	0.00000e+00
  4.57e-02	  4.01e-02	0.00000e+00
  4.57e-02	  4.06e-02	0.00000e+00
  4.57e-02	  4.11e-02	0.00000e+00
  4.57e-02	  4.17e-02	0.00000e+00
  4.57e-02	  4.22e-02	0.00000e+00
  4.57e-02	  4.27e-02	0.00000e+00
  4.57e-02	  4.32e-02	0.00000e+00
  4.57e-02	  4.37e-02	0.00000e+00
  4.57e-02	  4.43e-02	0.00000e+00
  4.57e-02	  4.48e-02	0.00000e+00
  4.57e-02	  4.53e-02	0.00000e+00
  4.57e-02	  4.58e-02	0.00000e+00
  4.57e-02	  4.64e-02	0.00000e+00
  4.57e-02	  4.69e-02	0.00000e+00
  4.57e-02	  4.74e-02	0.00000e+00
  4.57e-02	  4.79e-02	0.00000e+00
  4.57e-02	  4.84e-02	0.00000e+00
  4.57e-02	  4.90e-02	0.00000e+00
  4.57e-02	  4.95e-02	0.00000e+00

  4.65e-02	  0.00e+00	0.00000e+00
  4.65e-02	  5.21e-04	0.00000e+00
  4.65e-02	  1.04e-03	0.00000e+00
  4.65e-02	  1.56e-03	0.00000e+00
  4.65e-02	  2.08e-03	0.00000e+00
  4.65e-02	  2.60e-03	0.00000e+00
  4.65e-02	  3.12e-03	0.00000e+00
  4.65e-02	  3.65e-03	0.00000e+00
  4.65e-02	  4.17e-03	0.00000e+00
  4.65e-02	  4.69e-03	0.00000e+00
  4.65e-02	  5.21e-03	0.00000e+00
  4.65e-02	  5.73e-03	0.00000e+00
  4.65e-02	  6.25e-03	0.00000e+00
  4.65e-02	  6.77e-03	0.00000e+00
  4.65e-02	  7.29e-03	0.00000e+00
  4.65e-02	  7.81e-03	0.00000e+00
  4.65e-02	  8.33e-03	0.00000e+00
  4.65e-02	  8.85e-03	0.00000e+00
  4.65e-02	  9.37e-03	0.00000e+00
  4.65e-02	  9.90e-03	0.00000e+00
  4.65e-02	  1.04e-02	0.00000e+00
  4.65e-02	  1.09e-02	0.00000e+00
  4.65e-02	  1.15e-02	0.00000e+00
  4.65e-02	  1.20e-02	0.00000e+00
  4.65e-02	  1.25e-02	-2.80122e-30
  4.65e-02	  1.30e-02	-2.66829e-03
  4.65e-02	  1.35e-02	-3.38675e-03
  4.65e-02	  1.41e-02	-2.05936e-03
  4.65e-02	  1.46e-02	-5.04471e-04
  4.65e-02	  1.51e-02	-5.46402e-04
  4.65e-02	  1.56e-02	-2.79663e-03
  4.65e-02	  1.61e-02	-6.37341e-03
  4.65e-02	  1.67e-02	-9.26820e-03
  4.65e-02	  1.72e-02	-9.36571e-03
  4.65e-02	  1.77e-02	-6.33247e-03
  4.65e-02	  1.82e-02	-2.44318e-03
  4.65e-02	  1.88e-02	2.84742e-30
  4.65e-02	  1.93e-02	0.00000e+00
  4.65e-02	  1.98e-02	0.00000e+00
  4.65e-02	  2.03e-02	0.00000e+00
  4.65e-02	  2.08e-02	0.00000e+00
  4.65e-02	  2.14e-02	-2.69656e-30
  4.65e-02	  2.19e-02	9.65602e-04
  4.65e-02	  2.24e-02	6.88469e-03
  4.65e-02	  2.29e-02	1.56367e-02
  4.65e-02	  2.34e-02	2.13578e-02
  4.65e-02	  2.40e-02	1.99294e-02
  4.65e-02	  2.45e-02	1.18214e-02
  4.65e-02	  2.50e-02	3.37692e-04
  4.65e-02	  2.55e-02	-1.02961e-02
  4.65e-02	  2.60e-02	-1.60069e-02
  4.65e-02	  2.66e-02	-1.44993e-02
  4.65e-02	  2.71e-02	-7.87960e-03
  4.65e-02	  2.76e-02	-1.99759e-03
  4.65e-02	  2.81e-02	2.72063e-30
  4.65e-02	  2.86e-02	0.00000e+00
  4.65e-02	  2.92e-02	0.00000e+00
  4.65e-02	  2.97e-02	0.00000e+00
  4.65e-02	  3.02e-02	0.00000e+00
  4.65e-02	  3.07e-02	-2.75785e-30
  4.65e-02	  3.13e-02	1.36703e-03
  4.65e-02	  3.18e-02	5.73075e-03
  4.65e-02	  3.23e-02	1.02217e-02
  4.65e-02	  3.28e-02	1.02036e-02
  4.65e-02	  3.33e-02	4.65933e-03
  4.65e-02	  3.39e-02	-3.84319e-03
  4.65e-02	  3.44e-02	-1.17070e-02
  4.65e-02	  3.49e-02	-1.59270e-02
  4.65e-02	  3.54e-02	-1.49854e-02
  4.65e-02	  3.59e-02	-9.76299e-03
  4.65e-02	  3.65e-02	-3.53035e-03
  4.65e-02	  3.70e-02	3.16798e-05
  4.65e-02	  3.75e-02	2.72463e-30
  4.65e-02	  3.80e-02	0.00000e+00
  4.65e-02	  3.85e-02	0.00000e+00
  4.65e-02	  3.91e-02	0.00000e+00
  4.65e-02	  3.96e-02	0.00000e+00
  4.65e-02	  4.01e-02	0.00000e+00
  4.65e-02	  4.06e-02	0.00000e+00
  4.65e-02	  4.11e-02	0.00000e+00
  4.65e-02	  4.17e-02	0.00000e+00
  4.65e-02	  4.22e-02	0.00000e+00
  4.65e-02	  4.27e-02	0.00000e+00
  4.65e-02	  4.32e-02	0.00000e+00
  4.65e-02	  4.37e-02	0.00000e+00
  4.65e-02	  4.43e-02	0.00000e+00
  4.65e-02	  4.48e-02	0.00000e+00
  4.65e-02	  4.53e-02	0.00000e+00
  4.65e-02	  4.58e-02	0.00000e+00
  4.65e-02	  4.64e-02	0.00000e+00
  4.65e-02	  4.69e-02	0.00000e+00
  4.65e-02	  4.74e-02	0.00000e+00
  4.65e-02	  4.79e-02	0.00000e+00
  4.65e-02	  4.84e-02	0.00000e+00
  4.65e-02	  4.90e-02	0.00000e+00
  4.65e-02	  4.95e-02	0.00000e+00

  4.73e-02	  0.00e+00	0.00000e+00
  4.73e-02	  5.21e-04	0.00000e+00
  4.73e-02	  1.04e-03	0.00000e+00
  4.73e-02	  1.56e-03	0.00000e+00
  4.73e-02	  2.08e-03	0.00000e+00
  4.73e-02	  2.60e-03	0.00000e+00
  4.73e-02	  3.12e-03	0.00000e+00
  4.73e-02	  3.65e-03	0.00000e+00
  4.73e-02	  4.17e-03	0.00000e+00
  4.73e-02	  4.69e-03	0.00000e+00
  4.73e-02	  5.21e-03	0.00000e+00
  4.73e-02	  5.73e-03	0.00000e+00
  4.73e-02	  6.25e-03	0.00000e+00
  4.73e-02	  6.77e-03	0.00000e+00
  4.73e-02	  7.29e-03	0.00000e+00
  4.73e-02	  7.81e-03	0.00000e+00
  4.73e-02	  8.33e-03	0.00000e+00
  4.73e-02	  8.85e-03	0.00000e+00
  4.73e-02	  9.37e-03	0.00000e+00
  4.73e-02	  9.90e-03	0.00000e+00
  4.73e-02	  1.04e-02	0.00000e+00
  4.73e-02	  1.09e-02	0.00000e+00
  4.73e-02	  1.15e-02	0.00000e+00
  4.73e-02	  1.20e-02	0.00000e+00
  4.73e-02	  1.25e-02	-2.77808e-30
  4.73e-02	  1.30e-02	-3.56618e-03
  4.73e-02	  1.35e-02	-6.77850e-03
  4.73e-02	  1.41e-02	-8.74408e-03
  4.73e-02	  1.46e-02	-9.77512e-03
  4.73e-02	  1.51e-02	-1.06634e-02
  4.73e-02	  1.56e-02	-1.18516e-02
  4.73e-02	  1.61e-02	-1.29794e-02
  4.73e-02	  1.67e-02	-1.29951e-02
  4.73e-02	  1.72e-02	-1.09283e-02
  4.73e-02	  1.77e-02	-7.06316e-03
  4.73e-02	  1.82e-02	-2.98521e-03
  4.73e-02	  1.88e-02	2.80802e-30
  4.73e-02	  1.93e-02	0.00000e+00
  4.73e-02	  1.98e-02	0.00000e+00
  4.73e-02	  2.03e-02	0.00000e+00
  4.73e-02	  2.08e-02	0.00000e+00
  4.73e-02	  2.14e-02	-2.67686e-30
  4.73e-02	  2.19e-02	-4.56666e-04
  4.73e-02	  2.24e-02	1.40568e-03
  4.73e-02	  2.29e-02	5.47473e-03
  4.73e-02	  2.34e-02	8.96687e-03
  4.73e-02	  2.40e-02	8.86229e-03
  4.73e-02	  2.45e-02	4.63605e-03
  4.73e-02	  2.50e-02	-1.85451e-03
  4.73e-02	  2.55e-02	-7.73479e-03
  4.73e-02	  2.60e-02	-1.02915e-02
  4.73e-02	  2.66e-02	-8.51545e-03
  4.73e-02	  2.71e-02	-4.41728e-03
  4.73e-02	  2.76e-02	-1.22380e-03
  4.73e-02	  2.81e-02	2.69372e-30
  4.73e-02	  2.86e-02	0.00000e+00
  4.73e-02	  2.92e-02	0.00000e+00
  4.73e-02	  2.97e-02	0.00000e+00
  4.73e-02	  3.02e-02	0.00000e+00
  4.73e-02	  3.07e-02	-2.72704e-30
  4.73e-02	  3.13e-02	1.07679e-03
  4.73e-02	  3.18e-02	3.69181e-03
  4.73e-02	  3.23e-02	6.79246e-03
  4.73e-02	  3.28e-02	7.81738e-03
  4.73e-02	  3.33e-02	5.60945e-03
  4.73e-02	  3.39e-02	1.43156e-03
  4.73e-02	  3.44e-02	-2.48219e-03
  4.73e-02	  3.49e-02	-4.32352e-03
  4.73e-02	  3.54e-02	-3.51101e-03
  4.73e-02	  3.59e-02	-1.05883e-03
  4.73e-02	  3.65e-02	1.02475e-03
  4.73e-02	  3.70e-02	1.26237e-03
  4.73e-02	  3.75e-02	2.70317e-30
  4.73e-02	  3.80e-02	0.00000e+00
  4.73e-02	  3.85e-02	0.00000e+00
  4.73e-02	  3.91e-02	0.00000e+00
  4.73e-02	  3.96e-02	0.00000e+00
  4.73e-02	  4.01e-02	0.00000e+00
  4.73e-02	  4.06e-02	0.00000e+00
  4.73e-02	  4.11e-02	0.00000e+00
  4.73e-02	  4.17e-02	0.00000e+00
  4.73e-02	  4.22e-02	0.00000e+00
  4.73e-02	  4.27e-02	0.00000e+00
  4.73e-02	  4.32e-02	0.00000e+00
  4.73e-02	  4.37e-02	0.00000e+00
  4.73e-02	  4.43e-02	0.00000e+00
  4.73e-02	  4.48e-02	0.00000e+00
  4.73e-02	  4.53e-02	0.00000e+00
  4.73e-02	  4.58e-02	0.00000e+00
  4.73e-02	  4.64e-02	0.00000e+00
  4.73e-02	  4.69e-02	0.00000e+00
  4.73e-02	  4.74e-02	0.00000e+00
  4.73e-02	  4.79e-02	0.00000e+00
  4.73e-02	  4.84e-02	0.00000e+00
  4.73e-02	  4.90e-02	0.00000e+00
  4.73e-02	  4.95e-02	0.00000e+00

  4.80e-02	  0.00e+00	0.00000e+00
  4.80e-02	  5.21e-04	0.00000e+00
  4.80e-02	  1.04e-03	0.00000e+00
  4.80e-02	  1.56e-03	0.00000e+00
  4.80e-02	  2.08e-03	0.00000e+00
  4.80e-02	  2.60e-03	0.00000e+00
  4.80e-02	  3.12e-03	0.00000e+00
  4.80e-02	  3.65e-03	0.00000e+00
  4.80e-02	  4.17e-03	0.00000e+00
  4.80e-02	  4.69e-03	0.00000e+00
  4.80e-02	  5.21e-03	0.00000e+00
  4.80e-02	  5.73e-03	0.00000e+00
  4.80e-02	  6.25e-03	0.00000e+00
  4.80e-02	  6.77e-03	0.00000e+00
  4.80e-02	  7.29e-03	0.00000e+00
  4.80e-02	  7.81e-03	0.00000e+00
  4.80e-02	  8.33e-03	0.00000e+00
  4.80e-02	  8.85e-03	0.00000e+00
  4.80e-02	  9.37e-03	0.00000e+00
  4.80e-02	  9.90e-03	0.00000e+00
  4.80e-02	  1.04e-02	0.00000e+00
  4.80e-02	  1.09e-02	0.00000e+00
  4.80e-02	  1.15e-02	0.00000e+00
  4.80e-02	  1.20e-02	0.00000e+00
  4.80e-02	  1.25e-02	-2.74912e-30
  4.80e-02	  1.30e-02	-3.70393e-03
  4.80e-02	  1.35e-02	-7.77037e-03
  4.80e-02	  1.41e-02	-1.12263e-02
  4.80e-02	  1.46e-02	-1.37597e-02
  4.80e-02	  1.51e-02	-1.54962e-02
  4.80e-02	  1.56e-02	-1.65555e-02
  4.80e-02	  1.61e-02	-1.66958e-02
  4.80e-02	  1.67e-02	-1.53473e-02
  4.80e-02	  1.72e-02	-1.21716e-02
  4.80e-02	  1.77e-02	-7.75199e-03
  4.80e-02	  1.82e-02	-3.36190e-03
  4.80e-02	  1.88e-02	2.76754e-30
  4.80e-02	  1.93e-02	0.00000e+00
  4.80e-02	  1.98e-02	0.00000e+00
  4.80e-02	  2.03e-02	0.00000e+00
  4.80e-02	  2.08e-02	0.00000e+00
  4.80e-02	  2.14e-02	-2.65205e-30
  4.80e-02	  2.19e-02	-9.06651e-04
  4.80e-02	  2.24e-02	-7.59906e-04
  4.80e-02	  2.29e-02	8.01322e-04
  4.80e-02	  2.34e-02	2.52491e-03
  4.80e-02	  2.40e-02	2.53126e-03
  4.80e-02	  2.45e-02	1.24261e-04
  4.80e-02	  2.50e-02	-3.67842e-03
  4.80e-02	  2.55e-02	-6.95489e-03
  4.80e-02	  2.60e-02	-7.92721e-03
  4.80e-02	  2.66e-02	-6.20975e-03
  4.80e-02	  2.71e-02	-3.32917e-03
  4.80e-02	  2.76e-02	-1.10234e-03
  4.80e-02	  2.81e-02	2.66345e-30
  4.80e-02	  2.86e-02	0.00000e+00
  4.80e-02	  2.92e-02	0.00000e+00
  4.80e-02	  2.97e-02	0.00000e+00
  4.80e-02	  3.02e-02	0.00000e+00
  4.80e-02	  3.07e-02	-2.69323e-30
  4.80e-02	  3.13e-02	1.27199e-03
  4.80e-02	  3.18e-02	3.50067e-03
  4.80e-02	  3.23e-02	6.15660e-03
  4.80e-02	  3.28e-02	7.74627e-03
  4.80e-02	  3.33e-02	7.30049e-03
  4.80e-02	  3.39e-02	5.39275e-03
  4.80e-02	  3.44e-02	3.37085e-03
  4.80e-02	  3.49e-02	2.30765e-03
  4.80e-02	  3.54e-02	2.40909e-03
  4.80e-02	  3.59e-02	2.94223e-03
  4.80e-02	  3.65e-02	2.85113e-03
  4.80e-02	  3.70e-02	1.67563e-03
  4.80e-02	  3.75e-02	2.67642e-30
  4.80e-02	  3.80e-02	0.00000e+00
  4.80e-02	  3.85e-02	0.00000e+00
  4.80e-02	  3.91e-02	0.00000e+00
  4.80e-02	  3.96e-02	0.00000e+00
  4.80e-02	  4.01e-02	0.00000e+00
  4.80e-02	  4.06e-02	0.00000e+00
  4.80e-02	  4.11e-02	0.00000e+00
  4.80e-02	  4.17e-02	0.00000e+00
  4.80e-02	  4.22e-02	0.00000e+00
  4.80e-02	  4.27e-02	0.00000e+00
  4.80e-02	  4.32e-02	0.00000e+00
  4.80e-02	  4.37e-02	0.00000e+00
  4.80e-02	  4.43e-02	0.00000e+00
  4.80e-02	  4.48e-02	0.00000e+00
  4.80e-02	  4.53e-02	0.00000e+00
  4.80e-02	  4.58e-02	0.00000e+00
  4.80e-02	  4.64e-02	0.00000e+00
  4.80e-02	  4.69e-02	0.00000e+00
  4.80e-02	  4.74e-02	0.00000e+00
  4.80e-02	  4.79e-02	0.00000e+00
  4.80e-02	  4.84e-02	0.00000e+00
  4.80e-02	  4.90e-02	0.00000e+00
  4.80e-02	  4.95e-02	0.00000e+00

  4.88e-02	  0.00e+00	0.00000e+00
  4.88e-02	  5.21e-04	0.00000e+00
  4.88e-02	  1.04e-03	0.00000e+00
  4.88e-02	  1.56e-03	0.00000e+00
  4.88e-02	  2.08e-03	0.00000e+00
  4.88e-02	  2.60e-03	0.00000e+00
  4.88e-02	  3.12e-03	0.00000e+00
  4.88e-02	  3.65e-03	0.00000e+00
  4.88e-02	  4.17e-03	0.00000e+00
  4.88e-02	  4.69e-03	0.00000e+00
  4.88e-02	  5.21e-03	0.00000e+00
  4.88e-02	  5.73e-03	0.00000e+00
  4.88e-02	  6.25e-03	0.00000e+00
  4.88e-02	  6.77e-03	0.00000e+00
  4.88e-02	  7.29e-03	0.00000e+00
  4.88e-02	  7.81e-03	0.00000e+00
  4.88e-02	  8.33e-03	0.00000e+00
  4.88e-02	  8.85e-03	0.00000e+00
  4.88e-02	  9.37e-03	0.00000e+00
  4.88e-02	  9.90e-03	0.00000e+00
  4.88e-02	  1.04e-02	0.00000e+00
  4.88e-02	  1.09e-02	0.00000e+00
  4.88e-02	  1.15e-02	0.00000e+00
  4.88e-02	  1.20e-02	0.00000e+00
  4.88e-02	  1.25e-02	-2.71595e-30
  4.88e-02	  1.30e-02	-3.52544e-03
  4.88e-02	  1.35e-02	-7.71706e-03
  4.88e-02	  1.41e-02	-1.16955e-02
  4.88e-02	  1.46e-02	-1.49288e-02
  4.88e-02	  1.51e-02	-1.71893e-02
  4.88e-02	  1.56e-02	-1.83393e-02
  4.88e-02	  1.61e-02	-1.81150e-02
  4.88e-02	  1.67e-02	-1.61756e-02
  4.88e-02	  1.72e-02	-1.25314e-02
  4.88e-02	  1.77e-02	-7.91746e-03
  4.88e-02	  1.82e-02	-3.45036e-03
  4.88e-02	  1.88e-02	2.72645e-30
  4.88e-02	  1.93e-02	0.00000e+00
  4.88e-02	  1.98e-02	0.00000e+00
  4.88e-02	  2.03e-02	0.00000e+00
  4.88e-02	  2.08e-02	0.00000e+00
  4.88e-02	  2.14e-02	-2.62389e-30
  4.88e-02	  2.19e-02	-1.00694e-03
  4.88e-02	  2.24e-02	-1.58221e-03
  4.88e-02	  2.29e-02	-1.31842e-03
  4.88e-02	  2.34e-02	-7.53132e-04
  4.88e-02	  2.40e-02	-9.78329e-04
  4.88e-02	  2.45e-02	-2.56713e-03
  4.88e-02	  2.50e-02	-4.93776e-03
  4.88e-02	  2.55e-02	-6.78460e-03
  4.88e-02	  2.60e-02	-6.93619e-03
  4.88e-02	  2.66e-02	-5.30104e-03
  4.88e-02	  2.71e-02	-2.99045e-03
  4.88e-02	  2.76e-02	-1.12338e-03
  4.88e-02	  2.81e-02	2.63119e-30
  4.88e-02	  2.86e-02	0.00000e+00
  4.88e-02	  2.92e-02	0.00000e+00
  4.88e-02	  2.97e-02	0.00000e+00
  4.88e-02	  3.02e-02	0.00000e+00
  4.88e-02	  3.07e-02	-2.65760e-30
  4.88e-02	  3.13e-02	1.50410e-03
  4.88e-02	  3.18e-02	3.74456e-03
  4.88e-02	  3.23e-02	6.33619e-03
  4.88e-02	  3.28e-02	8.29023e-03
  4.88e-02	  3.33e-02	8.81180e-03
  4.88e-02	  3.39e-02	8.08424e-03
  4.88e-02	  3.44e-02	6.92010e-03
  4.88e-02	  3.49e-02	5.99388e-03
  4.88e-02	  3.54e-02	5.41287e-03
  4.88e-02	  3.59e-02	4.75806e-03
  4.88e-02	  3.65e-02	3.55455e-03
  4.88e-02	  3.70e-02	1.78113e-03
  4.88e-02	  3.75e-02	2.64610e-30
  4.88e-02	  3.80e-02	0.00000e+00
  4.88e-02	  3.85e-02	0.00000e+00
  4.88e-02	  3.91e-02	0.00000e+00
  4.88e-02	  3.96e-02	0.00000e+00
  4.88e-02	  4.01e-02	0.00000e+00
  4.88e-02	  4.06e-02	0.00000e+00
  4.88e-02	  4.11e-02	0.00000e+00
  4.88e-02	  4.17e-02	0.00000e+00
  4.88e-02	  4.22e-02	0.00000e+00
  4.88e-02	  4.27e-02	0.00000e+00
  4.88e-02	  4.32e-02	0.00000e+00
  4.88e-02	  4.37e-02	0.00000e+00
  4.88e-02	  4.43e-02	0.00000e+00
  4.88e-02	  4.48e-02	0.00000e+00
  4.88e-02	  4.53e-02	0.00000e+00
  4.88e-02	  4.58e-02	0.00000e+00
  4.88e-02	  4.64e-02	0.00000e+00
  4.88e-02	  4.69e-02	0.00000e+00
  4.88e-02	  4.74e-02	0.00000e+00
  4.88e-02	  4.79e-02	0.00000e+00
  4.88e-02	  4.84e-02	0.00000e+00
  4.88e-02	  4.90e-02	0.00000e+00
  4.88e-02	  4.95e-02	0.00000e+00

  4.96e-02	  0.00e+00	0.00000e+00
  4.96e-02	  5.21e-04	0.00000e+00
  4.96e-02	  1.04e-03	0.00000e+00
  4.96e-02	  1.56e-03	0.00000e+00
  4.96e-02	  2.08e-03	0.00000e+00
  4.96e-02	  2.60e-03	0.00000e+00
  4.96e-02	  3.12e-03	0.00000e+00
  4.96e-02	  3.65e-03	0.00000e+00
  4.96e-02	  4.17e-03	0.00000e+00
  4.96e-02	  4.69e-03	0.00000e+00
  4.96e-02	  5.21e-03	0.00000e+00
  4.96e-02	  5.73e-03	0.00000e+00
  4.96e-02	  6.25e-03	0.00000e+00
  4.96e-02	  6.77e-03	0.00000e+00
  4.96e-02	  7.29e-03	0.00000e+00
  4.96e-02	  7.81e-03	0.00000e+00
  4.96e-02	  8.33e-03	0.00000e+00
  4.96e-02	  8.85e-03	0.00000e+00
  4.96e-02	  9.37e-03	0.00000e+00
  4.96e-02	  9.90e-03	0.00000e+00
  4.96e-02	  1.04e-02	0.00000e+00
  4.96e-02	  1.09e-02	0.00000e+00
  4.96e-02	  1.15e-02	0.00000e+00
  4.96e-02	  1.20e-02	0.00000e+00
  4.96e-02	  1.25e-02	-2.67951e-30
  4.96e-02	  1.30e-02	-3.21681e-03
  4.96e-02	  1.35e-02	-7.20362e-03
  4.96e-02	  1.41e-02	-1.12027e-02
  4.96e-02	  1.46e-02	-1.46313e-02
  4.96e-02	  1.51e-02	-1.70976e-02
  4.96e-02	  1.56e-02	-1.83064e-02
  4.96e-02	  1.61e-02	-1.79544e-02
  4.96e-02	  1.67e-02	-1.58205e-02
  4.96e-02	  1.72e-02	-1.21043e-02
  4.96e-02	  1.77e-02	-7.59834e-03
  4.96e-02	  1.82e-02	-3.30627e-03
  4.96e-02	  1.88e-02	2.68480e-30
  4.96e-02	  1.93e-02	0.00000e+00
  4.96e-02	  1.98e-02	0.00000e+00
  4.96e-02	  2.03e-02	0.00000e+00
  4.96e-02	  2.08e-02	0.00000e+00
  4.96e-02	  2.14e-02	-2.59328e-30
  4.96e-02	  2.19e-02	-9.81900e-04
  4.96e-02	  2.24e-02	-1.84838e-03
  4.96e-02	  2.29e-02	-2.24324e-03
  4.96e-02	  2.34e-02	-2.36935e-03
  4.96e-02	  2.40e-02	-2.84184e-03
  4.96e-02	  2.45e-02	-4.05121e-03
  4.96e-02	  2.50e-02	-5.62924e-03
  4.96e-02	  2.55e-02	-6.66152e-03
  4.96e-02	  2.60e-02	-6.36922e-03
  4.96e-02	  2.66e-02	-4.80710e-03
  4.96e-02	  2.71e-02	-2.80938e-03
  4.96e-02	  2.76e-02	-1.12659e-03
  4.96e-02	  2.81e-02	2.59757e-30
  4.96e-02	  2.86e-02	0.00000e+00
  4.96e-02	  2.92e-02	0.00000e+00
  4.96e-02	  2.97e-02	0.00000e+00
  4.96e-02	  3.02e-02	0.00000e+00
  4.96e-02	  3.07e-02	-2.62069e-30
  4.96e-02	  3.13e-02	1.64577e-03
  4.96e-02	  3.18e-02	3.94487e-03
  4.96e-02	  3.23e-02	6.55545e-03
  4.96e-02	  3.28e-02	8.73556e-03
  4.96e-02	  3.33e-02	9.79775e-03
  4.96e-02	  3.39e-02	9.69944e-03
  4.96e-02	  3.44e-02	8.92800e-03
  4.96e-02	  3.49e-02	7.94872e-03
  4.96e-02	  3.54e-02	6.87540e-03
  4.96e-02	  3.59e-02	5.53121e-03
  4.96e-02	  3.65e-02	3.77336e-03
  4.96e-02	  3.70e-02	1.76595e-03
  4.96e-02	  3.75e-02	2.61310e-30
  4.96e-02	  3.80e-02	0.00000e+00
  4.96e-02	  3.85e-02	0.00000e+00
  4.96e-02	  3.91e-02	0.00000e+00
  4.96e-02	  3.96e-02	0.00000e+00
  4.96e-02	  4.01e-02	0.00000e+00
  4.96e-02	  4.06e-02	0.00000e+00
  4.96e-02	  4.11e-02	0.00000e+00
  4.96e-02	  4.17e-02	0.00000e+00
  4.96e-02	  4.22e-02	0.00000e+00
  4.96e-02	  4.27e-02	0.00000e+00
  4.96e-02	  4.32e-02	0.00000e+00
  4.96e-02	  4.37e-02	0.00000e+00
  4.96e-02	  4.43e-02	0.00000e+00
  4.96e-02	  4.48e-02	0.00000e+00
  4.96e-02	  4.53e-02	0.00000e+00
  4.96e-02	  4.58e-02	0.00000e+00
  4.96e-02	  4.64e-02	0.00000e+00
  4.96e-02	  4.69e-02	0.00000e+00
  4.96e-02	  4.74e-02	0.00000e+00
  4.96e-02	  4.79e-02	0.00000e+00
  4.96e-02	  4.84e-02	0.00000e+00
  4.96e-02	  4.90e-02	0.00000e+00
  4.96e-02	  4.95e-02	0.00000e+00

  5.04e-02	  0.00e+00	0.00000e+00
  5.04e-02	  5.21e-04	0.00000e+00
  5.04e-02	  1.04e-03	0.00000e+00
  5.04e-02	  1.56e-03	0.00000e+00
  5.04e-02	  2.08e-03	0.00000e+00
  5.04e-02	  2.60e-03	0.00000e+00
  5.04e-02	  3.12e-03	0.00000e+00
  5.04e-02	  3.65e-03	0.00000e+00
  5.04e-02	  4.17e-03	0.00000e+00
  5.04e-02	  4.69e-03	0.00000e+00
  5.04e-02	  5.21e-03	0.00000e+00
  5.04e-02	  5.73e-03	0.00000e+00
  5.04e-02	  6.25e-03	0.00000e+00
  5.04e-02	  6.77e-03	0.00000e+00
  5.04e-02	  7.29e-03	0.00000e+00
  5.04e-02	  7.81e-03	0.00000e+00
  5.04e-02	  8.33e-03	0.00000e+00
  5.04e-02	  8.85e-03	0.00000e+00
  5.04e-02	  9.37e-03	0.00000e+00
  5.04e-02	  9.90e-03	0.00000e+00
  5.04e-02	  1.04e-02	0.00000e+00
  5.04e-02	  1.09e-02	0.00000e+00
  5.04e-02	  1.15e-02	0.00000e+00
  5.04e-02	  1.20e-02	0.00000e+00
  5.04e-02	  1.25e-02	-2.64036e-30
  5.04e-02	  1.30e-02	-2.86754e-03
  5.04e-02	  1.35e-02	-6.50996e-03
  5.04e-02	  1.41e-02	-1.02816e-02
  5.04e-02	  1.46e-02	-1.36169e-02
  5.04e-02	  1.51e-02	-1.60628e-02
  5.04e-02	  1.56e-02	-1.72472e-02
  5.04e-02	  1.61e-02	-1.68500e-02
  5.04e-02	  1.67e-02	-1.47249e-02
  5.04e-02	  1.72e-02	-1.11693e-02
  5.04e-02	  1.77e-02	-6.96931e-03
  5.04e-02	  1.82e-02	-3.02168e-03
  5.04e-02	  1.88e-02	2.64244e-30
  5.04e-02	  1.93e-02	0.00000e+00
  5.04e-02	  1.98e-02	0.00000e+00
  5.04e-02	  2.03e-02	0.00000e+00
  5.04e-02	  2.08e-02	0.00000e+00
  5.04e-02	  2.14e-02	-2.56073e-30
  5.04e-02	  2.19e-02	-9.18928e-04
  5.04e-02	  2.24e-02	-1.88652e-03
  5.04e-02	  2.29e-02	-2.60456e-03
  5.04e-02	  2.34e-02	-3.11478e-03
  5.04e-02	  2.40e-02	-3.75094e-03
  5.04e-02	  2.45e-02	-4.74738e-03
  5.04e-02	  2.50e-02	-5.84272e-03
  5.04e-02	  2.55e-02	-6.37883e-03
  5.04e-02	  2.60e-02	-5.84155e-03
  5.04e-02	  2.66e-02	-4.36593e-03
  5.04e-02	  2.71e-02	-2.59684e-03
  5.04e-02	  2.76e-02	-1.07358e-03
  5.04e-02	  2.81e-02	2.56288e-30
  5.04e-02	  2.86e-02	0.00000e+00
  5.04e-02	  2.92e-02	0.00000e+00
  5.04e-02	  2.97e-02	0.00000e+00
  5.04e-02	  3.02e-02	0.00000e+00
  5.04e-02	  3.07e-02	-2.58269e-30
  5.04e-02	  3.13e-02	1.68243e-03
  5.04e-02	  3.18e-02	3.97891e-03
  5.04e-02	  3.23e-02	6.57600e-03
  5.04e-02	  3.28e-02	8.86742e-03
  5.04e-02	  3.33e-02	1.02305e-02
  5.04e-02	  3.39e-02	1.04862e-02
  5.04e-02	  3.44e-02	9.91724e-03
  5.04e-02	  3.49e-02	8.87329e-03
  5.04e-02	  3.54e-02	7.50132e-03
  5.04e-02	  3.59e-02	5.78796e-03
  5.04e-02	  3.65e-02	3.77512e-03
  5.04e-02	  3.70e-02	1.70419e-03
  5.04e-02	  3.75e-02	2.57791e-30
  5.04e-02	  3.80e-02	0.00000e+00
  5.04e-02	  3.85e-02	0.00000e+00
  5.04e-02	  3.91e-02	0.00000e+00
  5.04e-02	  3.96e-02	0.00000e+00
  5.04e-02	  4.01e-02	0.00000e+00
  5.04e-02	  4.06e-02	0.00000e+00
  5.04e-02	  4.11e-02	0.00000e+00
  5.04e-02	  4.17e-02	0.00000e+00
  5.04e-02	  4.22e-02	0.00000e+00
  5.04e-02	  4.27e-02	0.00000e+00
  5.04e-02	  4.32e-02	0.00000e+00
  5.04e-02	  4.37e-02	0.00000e+00
  5.04e-02	  4.43e-02	0.00000e+00
  5.04e-02	  4.48e-02	0.00000e+00
  5.04e-02	  4.53e-02	0.00000e+00
  5.04e-02	  4.58e-02	0.00000e+00
  5.04e-02	  4.64e-02	0.00000e+00
  5.04e-02	  4.69e-02	0.00000e+00
  5.04e-02	  4.74e-02	0.00000e+00
  5.04e-02	  4.79e-02	0.00000e+00
  5.04e-02	  4.84e-02	0.00000e+00
  5.04e-02	  4.90e-02	0.00000e+00
  5.04e-02	  4.95e-02	0.00000e+00

  5.12e-02	  0.00e+00	0.00000e+00
  5.12e-02	  5.21e-04	0.00000e+00
  5.12e-02	  1.04e-03	0.00000e+00
  5.12e-02	  1.56e-03	0.00000e+00
  5.12e-02	  2.08e-03	0.00000e+00
  5.12e-02	  2.60e-03	0.00000e+00
  5.12e-02	  3.12e-03	0.00000e+00
  5.12e-02	  3.65e-03	0.00000e+00
  5.12e-02	  4.17e-03	0.00000e+00
  5.12e-02	  4.69e-03	0.00000e+00
  5.12e-02	  5.21e-03	0.00000e+00
  5.12e-02	  5.73e-03	0.00000e+00
  5.12e-02	  6.25e-03	0.00000e+00
  5.12e-02	  6.77e-03	0.00000e+00
  5.12e-02	  7.29e-03	0.00000e+00
  5.12e-02	  7.81e-03	0.00000e+00
  5.12e-02	  8.33e-03	0.00000e+00
  5.12e-02	  8.85e-03	0.00000e+00
  5.12e-02	  9.37e-03	0.00000e+00
  5.12e-02	  9.90e-03	0.00000e+00
  5.12e-02	  1.04e-02	0.00000e+00
  5.12e-02	  1.09e-02	0.00000e+00
  5.12e-02	  1.15e-02	0.00000e+00
  5.12e-02	  1.20e-02	0.00000e+00
  5.12e-02	  1.25e-02	-2.59891e-30
  5.12e-02	  1.30e-02	-2.52333e-03
  5.12e-02	  1.35e-02	-5.77878e-03
  5.12e-02	  1.41e-02	-9.21530e-03
  5.12e-02	  1.46e-02	-1.23097e-02
  5.12e-02	  1.51e-02	-1.46017e-02
  5.12e-02	  1.56e-02	-1.56962e-02
  5.12e-02	  1.61e-02	-1.52817e-02
  5.12e-02	  1.67e-02	-1.32671e-02
  5.12e-02	  1.72e-02	-9.99264e-03
  5.12e-02	  1.77e-02	-6.19943e-03
  5.12e-02	  1.82e-02	-2.67660e-03
  5.12e-02	  1.88e-02	2.59917e-30
  5.12e-02	  1.93e-02	0.00000e+00
  5.12e-02	  1.98e-02	0.00000e+00
  5.12e-02	  2.03e-02	0.00000e+00
  5.12e-02	  2.08e-02	0.00000e+00
  5.12e-02	  2.14e-02	-2.52654e-30
  5.12e-02	  2.19e-02	-8.50919e-04
  5.12e-02	  2.24e-02	-1.83385e-03
  5.12e-02	  2.29e-02	-2.69637e-03
  5.12e-02	  2.34e-02	-3.39777e-03
  5.12e-02	  2.40e-02	-4.10328e-03
  5.12e-02	  2.45e-02	-4.93845e-03
  5.12e-02	  2.50e-02	-5.69982e-03
  5.12e-02	  2.55e-02	-5.90986e-03
  5.12e-02	  2.60e-02	-5.24294e-03
  5.12e-02	  2.66e-02	-3.87875e-03
  5.12e-02	  2.71e-02	-2.31936e-03
  5.12e-02	  2.76e-02	-9.70466e-04
  5.12e-02	  2.81e-02	2.52722e-30
  5.12e-02	  2.86e-02	0.00000e+00
  5.12e-02	  2.92e-02	0.00000e+00
  5.12e-02	  2.97e-02	0.00000e+00
  5.12e-02	  3.02e-02	0.00000e+00
  5.12e-02	  3.07e-02	-2.54365e-30
  5.12e-02	  3.13e-02	1.63643e-03
  5.12e-02	  3.18e-02	3.85579e-03
  5.12e-02	  3.23e-02	6.38061e-03
  5.12e-02	  3.28e-02	8.69326e-03
  5.12e-02	  3.33e-02	1.02144e-02
  5.12e-02	  3.39e-02	1.06823e-02
  5.12e-02	  3.44e-02	1.02445e-02
  5.12e-02	  3.49e-02	9.17839e-03
  5.12e-02	  3.54e-02	7.65993e-03
  5.12e-02	  3.59e-02	5.77796e-03
  5.12e-02	  3.65e-02	3.67574e-03
  5.12e-02	  3.70e-02	1.62524e-03
  5.12e-02	  3.75e-02	2.54083e-30
  5.12e-02	  3.80e-02	0.00000e+00
  5.12e-02	  3.85e-02	0.00000e+00
  5.12e-02	  3.91e-02	0.00000e+00
  5.12e-02	  3.96e-02	0.00000e+00
  5.12e-02	  4.01e-02	0.00000e+00
  5.12e-02	  4.06e-02	0.00000e+00
  5.12e-02	  4.11e-02	0.00000e+00
  5.12e-02	  4.17e-02	0.00000e+00
  5.12e-02	  4.22e-02	0.00000e+00
  5.12e-02	  4.27e-02	0.00000e+00
  5.12e-02	  4.32e-02	0.00000e+00
  5.12e-02	  4.37e-02	0.00000e+00
  5.12e-02	  4.43e-02	0.00000e+00
  5.12e-02	  4.48e-02	0.00000e+00
  5.12e-02	  4.53e-02	0.00000e+00
  5.12e-02	  4.58e-02	0.00000e+00
  5.12e-02	  4.64e-02	0.00000e+00
  5.12e-02	  4.69e-02	0.00000e+00
  5.12e-02	  4.74e-02	0.00000e+00
  5.12e-02	  4.79e-02	0.00000e+00
  5.12e-02	  4.84e-02	0.00000e+00
  5.12e-02	  4.90e-02	0.00000e+00
  5.12e-02	  4.95e-02	0.00000e+00

  5.20e-02	  0.00e+00	0.00000e+00
  5.20e-02	  5.21e-04	0.00000e+00
  5.20e-02	  1.04e-03	0.00000e+00
  5.20e-02	  1.56e-03	0.00000e+00
  5.20e-02	  2.08e-03	0.00000e+00
  5.20e-02	  2.60e-03	0.00000e+00
  5.20e-02	  3.12e-03	0.00000e+00
  5.20e-02	  3.65e-03	0.00000e+00
  5.20e-02	  4.17e-03	0.00000e+00
  5.20e-02	  4.69e-03	0.00000e+00
  5.20e-02	  5.21e-03	0.00000e+00
  5.20e-02	  5.73e-03	0.00000e+00
  5.20e-02	  6.25e-03	0.00000e+00
  5.20e-02	  6.77e-03	0.00000e+00
  5.20e-02	  7.29e-03	0.00000e+00
  5.20e-02	  7.81e-03	0.00000e+00
  5.20e-02	  8.33e-03	0.00000e+00
  5.20e-02	  8.85e-03	0.00000e+00
  5.20e-02	  9.37e-03	0.00000e+00
  5.20e-02	  9.90e-03	0.00000e+00
  5.20e-02	  1.04e-02	0.00000e+00
  5.20e-02	  1.09e-02	0.00000e+00
  5.20e-02	  1.15e-02	0.00000e+00
  5.20e-02	  1.20e-02	0.00000e+00
  5.20e-02	  1.25e-02	-2.55542e-30
  5.20e-02	  1.30e-02	-2.20701e-03
  5.20e-02	  1.35e-02	-5.08309e-03
  5.20e-02	  1.41e-02	-8.15471e-03
  5.20e-02	  1.46e-02	-1.09478e-02
  5.20e-02	  1.51e-02	-1.30219e-02
  5.20e-02	  1.56e-02	-1.39917e-02
  5.20e-02	  1.61e-02	-1.35715e-02
  5.20e-02	  1.67e-02	-1.17134e-02
  5.20e-02	  1.72e-02	-8.76757e-03
  5.20e-02	  1.77e-02	-5.41019e-03
  5.20e-02	  1.82e-02	-2.32607e-03
  5.20e-02	  1.88e-02	2.55480e-30
  5.20e-02	  1.93e-02	0.00000e+00
  5.20e-02	  1.98e-02	0.00000e+00
  5.20e-02	  2.03e-02	0.00000e+00
  5.20e-02	  2.08e-02	0.00000e+00
  5.20e-02	  2.14e-02	-2.49088e-30
  5.20e-02	  2.19e-02	-7.87543e-04
  5.20e-02	  2.24e-02	-1.74629e-03
  5.20e-02	  2.29e-02	-2.65567e-03
  5.20e-02	  2.34e-02	-3.43044e-03
  5.20e-02	  2.40e-02	-4.13404e-03
  5.20e-02	  2.45e-02	-4.82039e-03
  5.20e-02	  2.50e-02	-5.32450e-03
  5.20e-02	  2.55e-02	-5.30593e-03
  5.20e-02	  2.60e-02	-4.57646e-03
  5.20e-02	  2.66e-02	-3.34051e-03
  5.20e-02	  2.71e-02	-1.99203e-03
  5.20e-02	  2.76e-02	-8.36007e-04
  5.20e-02	  2.81e-02	2.49061e-30
  5.20e-02	  2.86e-02	0.00000e+00
  5.20e-02	  2.92e-02	0.00000e+00
  5.20e-02	  2.97e-02	0.00000e+00
  5.20e-02	  3.02e-02	0.00000e+00
  5.20e-02	  3.07e-02	-2.50356e-30
  5.20e-02	  3.13e-02	1.53836e-03
  5.20e-02	  3.18e-02	3.62847e-03
  5.20e-02	  3.23e-02	6.03204e-03
  5.20e-02	  3.28e-02	8.29787e-03
  5.20e-02	  3.33e-02	9.88565e-03
  5.20e-02	  3.39e-02	1.04862e-02
  5.20e-02	  3.44e-02	1.01543e-02
  5.20e-02	  3.49e-02	9.11305e-03
  5.20e-02	  3.54e-02	7.55361e-03
  5.20e-02	  3.59e-02	5.62600e-03
  5.20e-02	  3.65e-02	3.52787e-03
  5.20e-02	  3.70e-02	1.54069e-03
  5.20e-02	  3.75e-02	2.50202e-30
  5.20e-02	  3.80e-02	0.00000e+00
  5.20e-02	  3.85e-02	0.00000e+00
  5.20e-02	  3.91e-02	0.00000e+00
  5.20e-02	  3.96e-02	0.00000e+00
  5.20e-02	  4.01e-02	0.00000e+00
  5.20e-02	  4.06e-02	0.00000e+00
  5.20e-02	  4.11e-02	0.00000e+00
  5.20e-02	  4.17e-02	0.00000e+00
  5.20e-02	  4.22e-02	0.00000e+00
  5.20e-02	  4.27e-02	0.00000e+00
  5.20e-02	  4.32e-02	0.00000e+00
  5.20e-02	  4.37e-02	0.00000e+00
  5.20e-02	  4.43e-02	0.00000e+00
  5.20e-02	  4.48e-02	0.00000e+00
  5.20e-02	  4.53e-02	0.00000e+00
  5.20e-02	  4.58e-02	0.00000e+00
  5.20e-02	  4.64e-02	0.00000e+00
  5.20e-02	  4.69e-02	0.00000e+00
  5.20e-02	  4.74e-02	0.00000e+00
  5.20e-02	  4.79e-02	0.00000e+00
  5.20e-02	  4.84e-02	0.00000e+00
  5.20e-02	  4.90e-02	0.00000e+00
  5.20e-02	  4.95e-02	0.00000e+00

  5.27e-02	  0.00e+00	0.00000e+00
  5.27e-02	  5.21e-04	0.00000e+00
  5.27e-02	  1.04e-03	0.00000e+00
  5.27e-02	  1.56e-03	0.00000e+00
  5.27e-02	  2.08e-03	0.00000e+00
  5.27e-02	  2.60e-03	0.00000e+00
  5.27e-02	  3.12e-03	0.00000e+00
  5.27e-02	  3.65e-03	0.00000e+00
  5.27e-02	  4.17e-03	0.00000e+00
  5.27e-02	  4.69e-03	0.00000e+00
  5.27e-02	  5.21e-03	0.00000e+00
  5.27e-02	  5.73e-03	0.00000e+00
  5.27e-02	  6.25e-03	0.00000e+00
  5.27e-02	  6.77e-03	0.00000e+00
  5.27e-02	  7.29e-03	0.00000e+00
  5.27e-02	  7.81e-03	0.00000e+00
  5.27e-02	  8.33e-03	0.00000e+00
  5.27e-02	  8.85e-03	0.00000e+00
  5.27e-02	  9.37e-03	0.00000e+00
  5.27e-02	  9.90e-03	0.00000e+00
  5.27e-02	  1.04e-02	0.00000e+00
  5.27e-02	  1.09e-02	0.00000e+00
  5.27e-02	  1.15e-02	0.00000e+00
  5.27e-02	  1.20e-02	0.00000e+00
  5.27e-02	  1.25e-02	-2.51008e-30
  5.27e-02	  1.30e-02	-1.92826e-03
  5.27e-02	  1.35e-02	-4.45698e-03
  5.27e-02	  1.41e-02	-7.17533e-03
  5.27e-02	  1.46e-02	-9.65740e-03
  5.27e-02	  1.51e-02	-1.14953e-02
  5.27e-02	  1.56e-02	-1.23304e-02
  5.27e-02	  1.61e-02	-1.19118e-02
  5.27e-02	  1.67e-02	-1.02248e-02
  5.27e-02	  1.72e-02	-7.61071e-03
  5.27e-02	  1.77e-02	-4.67342e-03
  5.27e-02	  1.82e-02	-2.00160e-03
  5.27e-02	  1.88e-02	2.50916e-30
  5.27e-02	  1.93e-02	0.00000e+00
  5.27e-02	  1.98e-02	0.00000e+00
  5.27e-02	  2.03e-02	0.00000e+00
  5.27e-02	  2.08e-02	0.00000e+00
  5.27e-02	  2.14e-02	-2.45387e-30
  5.27e-02	  2.19e-02	-7.30784e-04
  5.27e-02	  2.24e-02	-1.64747e-03
  5.27e-02	  2.29e-02	-2.55048e-03
  5.27e-02	  2.34e-02	-3.32987e-03
  5.27e-02	  2.40e-02	-3.98522e-03
  5.27e-02	  2.45e-02	-4.52433e-03
  5.27e-02	  2.50e-02	-4.81745e-03
  5.27e-02	  2.55e-02	-4.63157e-03
  5.27e-02	  2.60e-02	-3.88482e-03
  5.27e-02	  2.66e-02	-2.78386e-03
  5.27e-02	  2.71e-02	-1.64386e-03
  5.27e-02	  2.76e-02	-6.88311e-04
  5.27e-02	  2.81e-02	2.45304e-30
  5.27e-02	  2.86e-02	0.00000e+00
  5.27e-02	  2.92e-02	0.00000e+00
  5.27e-02	  2.97e-02	0.00000e+00
  5.27e-02	  3.02e-02	0.00000e+00
  5.27e-02	  3.07e-02	-2.46236e-30
  5.27e-02	  3.13e-02	1.41540e-03
  5.27e-02	  3.18e-02	3.34942e-03
  5.27e-02	  3.23e-02	5.60130e-03
  5.27e-02	  3.28e-02	7.77525e-03
  5.27e-02	  3.33e-02	9.36979e-03
  5.27e-02	  3.39e-02	1.00527e-02
  5.27e-02	  3.44e-02	9.81385e-03
  5.27e-02	  3.49e-02	8.83204e-03
  5.27e-02	  3.54e-02	7.29937e-03
  5.27e-02	  3.59e-02	5.39951e-03
  5.27e-02	  3.65e-02	3.35787e-03
  5.27e-02	  3.70e-02	1.45562e-03
  5.27e-02	  3.75e-02	2.46160e-30
  5.27e-02	  3.80e-02	0.00000e+00
  5.27e-02	  3.85e-02	0.00000e+00
  5.27e-02	  3.91e-02	0.00000e+00
  5.27e-02	  3.96e-02	0.00000e+00
  5.27e-02	  4.01e-02	0.00000e+00
  5.27e-02	  4.06e-02	0.00000e+00
  5.27e-02	  4.11e-02	0.00000e+00
  5.27e-02	  4.17e-02	0.00000e+00
  5.27e-02	  4.22e-02	0.00000e+00
  5.27e-02	  4.27e-02	0.00000e+00
  5.27e-02	  4.32e-02	0.00000e+00
  5.27e-02	  4.37e-02	0.00000e+00
  5.27e-02	  4.43e-02	0.00000e+00
  5.27e-02	  4.48e-02	0.00000e+00
  5.27e-02	  4.53e-02	0.00000e+00
  5.27e-02	  4.58e-02	0.00000e+00
  5.27e-02	  4.64e-02	0.00000e+00
  5.27e-02	  4.69e-02	0.00000e+00
  5.27e-02	  4.74e-02	0.00000e+00
  5.27e-02	  4.79e-02	0.00000e+00
  5.27e-02	  4.84e-02	0.00000e+00
  5.27e-02	  4.90e-02	0.00000e+00
  5.27e-02	  4.95e-02	0.00000e+00

  5.35e-02	  0.00e+00	0.00000e+00
  5.35e-02	  5.21e-04	0.00000e+00
  5.35e-02	  1.04e-03	0.00000e+00
  5.35e-02	  1.56e-03	0.00000e+00
  5.35e-02	  2.08e-03	0.00000e+00
  5.35e-02	  2.60e-03	0.00000e+00
  5.35e-02	  3.12e-03	0.00000e+00
  5.35e-02	  3.65e-03	0.00000e+00
  5.35e-02	  4.17e-03	0.00000e+00
  5.35e-02	  4.69e-03	0.00000e+00
  5.35e-02	  5.21e-03	0.00000e+00
  5.35e-02	  5.73e-03	0.00000e+00
  5.35e-02	  6.25e-03	0.00000e+00
  5.35e-02	  6.77e-03	0.00000e+00
  5.35e-02	  7.29e-03	0.00000e+00
  5.35e-02	  7.81e-03	0.00000e+00
  5.35e-02	  8.33e-03	0.00000e+00
  5.35e-02	  8.85e-03	0.00000e+00
  5.35e-02	  9.37e-03	0.00000e+00
  5.35e-02	  9.90e-03	0.00000e+00
  5.35e-02	  1.04e-02	0.00000e+00
  5.35e-02	  1.09e-02	0.00000e+00
  5.35e-02	  1.15e-02	0.00000e+00
  5.35e-02	  1.20e-02	0.00000e+00
  5.35e-02	  1.25e-02	-2.46302e-30
  5.35e-02	  1.30e-02	-1.68889e-03
  5.35e-02	  1.35e-02	-3.91171e-03
  5.35e-02	  1.41e-02	-6.30810e-03
  5.35e-02	  1.46e-02	-8.49642e-03
  5.35e-02	  1.51e-02	-1.01057e-02
  5.35e-02	  1.56e-02	-1.08117e-02
  5.35e-02	  1.61e-02	-1.04003e-02
  5.35e-02	  1.67e-02	-8.88206e-03
  5.35e-02	  1.72e-02	-6.57866e-03
  5.35e-02	  1.77e-02	-4.02251e-03
  5.35e-02	  1.82e-02	-1.71716e-03
  5.35e-02	  1.88e-02	2.46213e-30
  5.35e-02	  1.93e-02	0.00000e+00
  5.35e-02	  1.98e-02	0.00000e+00
  5.35e-02	  2.03e-02	0.00000e+00
  5.35e-02	  2.08e-02	0.00000e+00
  5.35e-02	  2.14e-02	-2.41555e-30
  5.35e-02	  2.19e-02	-6.80485e-04
  5.35e-02	  2.24e-02	-1.54787e-03
  5.35e-02	  2.29e-02	-2.41590e-03
  5.35e-02	  2.34e-02	-3.16050e-03
  5.35e-02	  2.40e-02	-3.74089e-03
  5.35e-02	  2.45e-02	-4.13863e-03
  5.35e-02	  2.50e-02	-4.25665e-03
  5.35e-02	  2.55e-02	-3.95078e-03
  5.35e-02	  2.60e-02	-3.21459e-03
  5.35e-02	  2.66e-02	-2.24757e-03
  5.35e-02	  2.71e-02	-1.30462e-03
  5.35e-02	  2.76e-02	-5.41940e-04
  5.35e-02	  2.81e-02	2.41446e-30
  5.35e-02	  2.86e-02	0.00000e+00
  5.35e-02	  2.92e-02	0.00000e+00
  5.35e-02	  2.97e-02	0.00000e+00
  5.35e-02	  3.02e-02	0.00000e+00
  5.35e-02	  3.07e-02	-2.41996e-30
  5.35e-02	  3.13e-02	1.28663e-03
  5.35e-02	  3.18e-02	3.05676e-03
  5.35e-02	  3.23e-02	5.14335e-03
  5.35e-02	  3.28e-02	7.20119e-03
  5.35e-02	  3.33e-02	8.76480e-03
  5.35e-02	  3.39e-02	9.49451e-03
  5.35e-02	  3.44e-02	9.33742e-03
  5.35e-02	  3.49e-02	8.43380e-03
  5.35e-02	  3.54e-02	6.96769e-03
  5.35e-02	  3.59e-02	5.13740e-03
  5.35e-02	  3.65e-02	3.18034e-03
  5.35e-02	  3.70e-02	1.37268e-03
  5.35e-02	  3.75e-02	2.41964e-30
  5.35e-02	  3.80e-02	0.00000e+00
  5.35e-02	  3.85e-02	0.00000e+00
  5.35e-02	  3.91e-02	0.00000e+00
  5.35e-02	  3.96e-02	0.00000e+00
  5.35e-02	  4.01e-02	0.00000e+00
  5.35e-02	  4.06e-02	0.00000e+00
  5.35e-02	  4.11e-02	0.00000e+00
  5.35e-02	  4.17e-02	0.00000e+00
  5.35e-02	  4.22e-02	0.00000e+00
  5.35e-02	  4.27e-02	0.00000e+00
  5.35e-02	  4.32e-02	0.00000e+00
  5.35e-02	  4.37e-02	0.00000e+00
  5.35e-02	  4.43e-02	0.00000e+00
  5.35e-02	  4.48e-02	0.00000e+00
  5.35e-02	  4.53e-02	0.00000e+00
  5.35e-02	  4.58e-02	0.00000e+00
  5.35e-02	  4.64e-02	0.00000e+00
  5.35e-02	  4.69e-02	0.00000e+00
  5.35e-02	  4.74e-02	0.00000e+00
  5.35e-02	  4.79e-02	0.00000e+00
  5.35e-02	  4.84e-02	0.00000e+00
  5.35e-02	  4.90e-02	0.00000e+00
  5.35e-02	  4.95e-02	0.00000e+00

  5.43e-02	  0.00e+00	0.00000e+00
  5.43e-02	  5.21e-04	0.00000e+00
  5.43e-02	  1.04e-03	0.00000e+00
  5.43e-02	  1.56e-03	0.00000e+00
  5.43e-02	  2.08e-03	0.00000e+00
  5.43e-02	  2.60e-03	0.00000e+00
  5.43e-02	  3.12e-03	0.00000e+00
  5.43e-02	  3.65e-03	0.00000e+00
  5.43e-02	  4.17e-03	0.00000e+00
  5.43e-02	  4.69e-03	0.00000e+00
  5.43e-02	  5.21e-03	0.00000e+00
  5.43e-02	  5.73e-03	0.00000e+00
  5.43e-02	  6.25e-03	0.00000e+00
  5.43e-02	  6.77e-03	0.00000e+00
  5.43e-02	  7.29e-03	0.00000e+00
  5.43e-02	  7.81e-03	0.00000e+00
  5.43e-02	  8.33e-03	0.00000e+00
  5.43e-02	  8.85e-03	0.00000e+00
  5.43e-02	  9.37e-03	0.00000e+00
  5.43e-02	  9.90e-03	0.00000e+00
  5.43e-02	  1.04e-02	0.00000e+00
  5.43e-02	  1.09e-02	0.00000e+00
  5.43e-02	  1.15e-02	0.00000e+00
  5.43e-02	  1.20e-02	0.00000e+00
  5.43e-02	  1.25e-02	-2.41433e-30
  5.43e-02	  1.30e-02	-1.48621e-03
  5.43e-02	  1.35e-02	-3.44535e-03
  5.43e-02	  1.41e-02	-5.55787e-03
  5.43e-02	  1.46e-02	-7.48154e-03
  5.43e-02	  1.51e-02	-8.88232e-03
  5.43e-02	  1.56e-02	-9.47247e-03
  5.43e-02	  1.61e-02	-9.07300e-03
  5.43e-02	  1.67e-02	-7.71253e-03
  5.43e-02	  1.72e-02	-5.68804e-03
  5.43e-02	  1.77e-02	-3.46562e-03
  5.43e-02	  1.82e-02	-1.47551e-03
  5.43e-02	  1.88e-02	2.41363e-30
  5.43e-02	  1.93e-02	0.00000e+00
  5.43e-02	  1.98e-02	0.00000e+00
  5.43e-02	  2.03e-02	0.00000e+00
  5.43e-02	  2.08e-02	0.00000e+00
  5.43e-02	  2.14e-02	-2.37596e-30
  5.43e-02	  2.19e-02	-6.35801e-04
  5.43e-02	  2.24e-02	-1.45250e-03
  5.43e-02	  2.29e-02	-2.27251e-03
  5.43e-02	  2.34e-02	-2.96189e-03
  5.43e-02	  2.40e-02	-3.45592e-03
  5.43e-02	  2.45e-02	-3.72509e-03
  5.43e-02	  2.50e-02	-3.70395e-03
  5.43e-02	  2.55e-02	-3.31513e-03
  5.43e-02	  2.60e-02	-2.60315e-03
  5.43e-02	  2.66e-02	-1.76188e-03
  5.43e-02	  2.71e-02	-9.96209e-04
  5.43e-02	  2.76e-02	-4.07805e-04
  5.43e-02	  2.81e-02	2.37480e-30
  5.43e-02	  2.86e-02	0.00000e+00
  5.43e-02	  2.92e-02	0.00000e+00
  5.43e-02	  2.97e-02	0.00000e+00
  5.43e-02	  3.02e-02	0.00000e+00
  5.43e-02	  3.07e-02	-2.37629e-30
  5.43e-02	  3.13e-02	1.16342e-03
  5.43e-02	  3.18e-02	2.77464e-03
  5.43e-02	  3.23e-02	4.69540e-03
  5.43e-02	  3.28e-02	6.62496e-03
  5.43e-02	  3.33e-02	8.13490e-03
  5.43e-02	  3.39e-02	8.88799e-03
  5.43e-02	  3.44e-02	8.80176e-03
  5.43e-02	  3.49e-02	7.98267e-03
  5.43e-02	  3.54e-02	6.60265e-03
  5.43e-02	  3.59e-02	4.86312e-03
  5.43e-02	  3.65e-02	3.00383e-03
  5.43e-02	  3.70e-02	1.29337e-03
  5.43e-02	  3.75e-02	2.37618e-30
  5.43e-02	  3.80e-02	0.00000e+00
  5.43e-02	  3.85e-02	0.00000e+00
  5.43e-02	  3.91e-02	0.00000e+00
  5.43e-02	  3.96e-02	0.00000e+00
  5.43e-02	  4.01e-02	0.00000e+00
  5.43e-02	  4.06e-02	0.00000e+00
  5.43e-02	  4.11e-02	0.00000e+00
  5.43e-02	  4.17e-02	0.00000e+00
  5.43e-02	  4.22e-02	0.00000e+00
  5.43e-02	  4.27e-02	0.00000e+00
  5.43e-02	  4.32e-02	0.00000e+00
  5.43e-02	  4.37e-02	0.00000e+00
  5.43e-02	  4.43e-02	0.00000e+00
  5.43e-02	  4.48e-02	0.00000e+00
  5.43e-02	  4.53e-02	0.00000e+00
  5.43e-02	  4.58e-02	0.00000e+00
  5.43e-02	  4.64e-02	0.00000e+00
  5.43e-02	  4.69e-02	0.00000e+00
  5.43e-02	  4.74e-02	0.00000e+00
  5.43e-02	  4.79e-02	0.00000e+00
  5.43e-02	  4.84e-02	0.00000e+00
  5.43e-02	  4.90e-02	0.00000e+00
  5.43e-02	  4.95e-02	0.00000e+00

  5.51e-02	  0.00e+00	0.00000e+00
  5.51e-02	  5.21e-04	0.00000e+00
  5.51e-02	  1.04e-03	0.00000e+00
  5.51e-02	  1.56e-03	0.00000e+00
  5.51e-02	  2.08e-03	0.00000e+00
  5.51e-02	  2.60e-03	0.00000e+00
  5.51e-02	  3.12e-03	0.00000e+00
  5.51e-02	  3.65e-03	0.00000e+00
  5.51e-02	  4.17e-03	0.00000e+00
  5.51e-02	  4.69e-03	0.00000e+00
  5.51e-02	  5.21e-03	0.00000e+00
  5.51e-02	  5.73e-03	0.00000e+00
  5.51e-02	  6.25e-03	0.00000e+00
  5.51e-02	  6.77e-03	0.00000e+00
  5.51e-02	  7.29e-03	0.00000e+00
  5.51e-02	  7.81e-03	0.00000e+00
  5.51e-02	  8.33e-03	0.00000e+00
  5.51e-02	  8.85e-03	0.00000e+00
  5.51e-02	  9.37e-03	0.00000e+00
  5.51e-02	  9.90e-03	0.00000e+00
  5.51e-02	  1.04e-02	0.00000e+00
  5.51e-02	  1.09e-02	0.00000e+00
  5.51e-02	  1.15e-02	0.00000e+00
  5.51e-02	  1.20e-02	0.00000e+00
  5.51e-02	  1.25e-02	-2.36407e-30
  5.51e-02	  1.30e-02	-1.31525e-03
  5.51e-02	  1.35e-02	-3.04913e-03
  5.51e-02	  1.41e-02	-4.91544e-03
  5.51e-02	  1.46e-02	-6.60653e-03
  5.51e-02	  1.51e-02	-7.82342e-03
  5.51e-02	  1.56e-02	-8.31357e-03
  5.51e-02	  1.61e-02	-7.92954e-03
  5.51e-02	  1.67e-02	-6.71226e-03
  5.51e-02	  1.72e-02	-4.93247e-03
  5.51e-02	  1.77e-02	-2.99673e-03
  5.51e-02	  1.82e-02	-1.27332e-03
  5.51e-02	  1.88e-02	2.36360e-30
  5.51e-02	  1.93e-02	0.00000e+00
  5.51e-02	  1.98e-02	0.00000e+00
  5.51e-02	  2.03e-02	0.00000e+00
  5.51e-02	  2.08e-02	0.00000e+00
  5.51e-02	  2.14e-02	-2.33511e-30
  5.51e-02	  2.19e-02	-5.96189e-04
  5.51e-02	  2.24e-02	-1.36402e-03
  5.51e-02	  2.29e-02	-2.13167e-03
  5.51e-02	  2.34e-02	-2.75801e-03
  5.51e-02	  2.40e-02	-3.16542e-03
  5.51e-02	  2.45e-02	-3.32318e-03
  5.51e-02	  2.50e-02	-3.19381e-03
  5.51e-02	  2.55e-02	-2.75027e-03
  5.51e-02	  2.60e-02	-2.07240e-03
  5.51e-02	  2.66e-02	-1.34475e-03
  5.51e-02	  2.71e-02	-7.31207e-04
  5.51e-02	  2.76e-02	-2.92109e-04
  5.51e-02	  2.81e-02	2.33403e-30
  5.51e-02	  2.86e-02	0.00000e+00
  5.51e-02	  2.92e-02	0.00000e+00
  5.51e-02	  2.97e-02	0.00000e+00
  5.51e-02	  3.02e-02	0.00000e+00
  5.51e-02	  3.07e-02	-2.33131e-30
  5.51e-02	  3.13e-02	1.05151e-03
  5.51e-02	  3.18e-02	2.51602e-03
  5.51e-02	  3.23e-02	4.27858e-03
  5.51e-02	  3.28e-02	6.07585e-03
  5.51e-02	  3.33e-02	7.51879e-03
  5.51e-02	  3.39e-02	8.28009e-03
  5.51e-02	  3.44e-02	8.25390e-03
  5.51e-02	  3.49e-02	7.51835e-03
  5.51e-02	  3.54e-02	6.23137e-03
  5.51e-02	  3.59e-02	4.59093e-03
  5.51e-02	  3.65e-02	2.83346e-03
  5.51e-02	  3.70e-02	1.21857e-03
  5.51e-02	  3.75e-02	2.33125e-30
  5.51e-02	  3.80e-02	0.00000e+00
  5.51e-02	  3.85e-02	0.00000e+00
  5.51e-02	  3.91e-02	0.00000e+00
  5.51e-02	  3.96e-02	0.00000e+00
  5.51e-02	  4.01e-02	0.00000e+00
  5.51e-02	  4.06e-02	0.00000e+00
  5.51e-02	  4.11e-02	0.00000e+00
  5.51e-02	  4.17e-02	0.00000e+00
  5.51e-02	  4.22e-02	0.00000e+00
  5.51e-02	  4.27e-02	0.00000e+00
  5.51e-02	  4.32e-02	0.00000e+00
  5.51e-02	  4.37e-02	0.00000e+00
  5.51e-02	  4.43e-02	0.00000e+00
  5.51e-02	  4.48e-02	0.00000e+00
  5.51e-02	  4.53e-02	0.00000e+00
  5.51e-02	  4.58e-02	0.00000e+00
  5.51e-02	  4.64e-02	0.00000e+00
  5.51e-02	  4.69e-02	0.00000e+00
  5.51e-02	  4.74e-02	0.00000e+00
  5.51e-02	  4.79e-02	0.00000e+00
  5.51e-02	  4.84e-02	0.00000e+00
  5.51e-02	  4.90e-02	0.00000e+00
  5.51e-02	  4.95e-02	0.00000e+00

  5.59e-02	  0.00e+00	0.00000e+00
  5.59e-02	  5.21e-04	0.00000e+00
  5.59e-02	  1.04e-03	0.00000e+00
  5.59e-02	  1.56e-03	0.00000e+00
  5.59e-02	  2.08e-03	0.00000e+00
  5.59e-02	  2.60e-03	0.00000e+00
  5.59e-02	  3.12e-03	0.00000e+00
  5.59e-02	  3.65e-03	0.00000e+00
  5.59e-02	  4.17e-03	0.00000e+00
  5.59e-02	  4.69e-03	0.00000e+00
  5.59e-02	  5.21e-03	0.00000e+00
  5.59e-02	  5.73e-03	0.00000e+00
  5.59e-02	  6.25e-03	0.00000e+00
  5.59e-02	  6.77e-03	0.00000e+00
  5.59e-02	  7.29e-03	0.00000e+00
  5.59e-02	  7.81e-03	0.00000e+00
  5.59e-02	  8.33e-03	0.00000e+00
  5.59e-02	  8.85e-03	0.00000e+00
  5.59e-02	  9.37e-03	0.00000e+00
  5.59e-02	  9.90e-03	0.00000e+00
  5.59e-02	  1.04e-02	0.00000e+00
  5.59e-02	  1.09e-02	0.00000e+00
  5.59e-02	  1.15e-02	0.00000e+00
  5.59e-02	  1.20e-02	0.00000e+00
  5.59e-02	  1.25e-02	-2.31228e-30
  5.59e-02	  1.30e-02	-1.17034e-03
  5.59e-02	  1.35e-02	-2.71162e-03
  5.59e-02	  1.41e-02	-4.36532e-03
  5.59e-02	  1.46e-02	-5.85423e-03
  5.59e-02	  1.51e-02	-6.91154e-03
  5.59e-02	  1.56e-02	-7.31724e-03
  5.59e-02	  1.61e-02	-6.95114e-03
  5.59e-02	  1.67e-02	-5.86203e-03
  5.59e-02	  1.72e-02	-4.29471e-03
  5.59e-02	  1.77e-02	-2.60352e-03
  5.59e-02	  1.82e-02	-1.10465e-03
  5.59e-02	  1.88e-02	2.31202e-30
  5.59e-02	  1.93e-02	0.00000e+00
  5.59e-02	  1.98e-02	0.00000e+00
  5.59e-02	  2.03e-02	0.00000e+00
  5.59e-02	  2.08e-02	0.00000e+00
  5.59e-02	  2.14e-02	-2.29301e-30
  5.59e-02	  2.19e-02	-5.61246e-04
  5.59e-02	  2.24e-02	-1.28334e-03
  5.59e-02	  2.29e-02	-1.99843e-03
  5.59e-02	  2.34e-02	-2.56193e-03
  5.59e-02	  2.40e-02	-2.89052e-03
  5.59e-02	  2.45e-02	-2.95640e-03
  5.59e-02	  2.50e-02	-2.74561e-03
  5.59e-02	  2.55e-02	-2.26892e-03
  5.59e-02	  2.60e-02	-1.62932e-03
  5.59e-02	  2.66e-02	-1.00050e-03
  5.59e-02	  2.71e-02	-5.13841e-04
  5.59e-02	  2.76e-02	-1.97383e-04
  5.59e-02	  2.81e-02	2.29207e-30
  5.59e-02	  2.86e-02	0.00000e+00
  5.59e-02	  2.92e-02	0.00000e+00
  5.59e-02	  2.97e-02	0.00000e+00
  5.59e-02	  3.02e-02	0.00000e+00
  5.59e-02	  3.07e-02	-2.28496e-30
  5.59e-02	  3.13e-02	9.52533e-04
  5.59e-02	  3.18e-02	2.28524e-03
  5.59e-02	  3.23e-02	3.90165e-03
  5.59e-02	  3.28e-02	5.57026e-03
  5.59e-02	  3.33e-02	6.93928e-03
  5.59e-02	  3.39e-02	7.69638e-03
  5.59e-02	  3.44e-02	7.71955e-03
  5.59e-02	  3.49e-02	7.06272e-03
  5.59e-02	  3.54e-02	5.86878e-03
  5.59e-02	  3.59e-02	4.32853e-03
  5.59e-02	  3.65e-02	2.67182e-03
  5.59e-02	  3.70e-02	1.14858e-03
  5.59e-02	  3.75e-02	2.28488e-30
  5.59e-02	  3.80e-02	0.00000e+00
  5.59e-02	  3.85e-02	0.00000e+00
  5.59e-02	  3.91e-02	0.00000e+00
  5.59e-02	  3.96e-02	0.00000e+00
  5.59e-02	  4.01e-02	0.00000e+00
  5.59e-02	  4.06e-02	0.00000e+00
  5.59e-02	  4.11e-02	0.00000e+00
  5.59e-02	  4.17e-02	0.00000e+00
  5.59e-02	  4.22e-02	0.00000e+00
  5.59e-02	  4.27e-02	0.00000e+00
  5.59e-02	  4.32e-02	0.00000e+00
  5.59e-02	  4.37e-02	0.00000e+00
  5.59e-02	  4.43e-02	0.00000e+00
  5.59e-02	  4.48e-02	0.00000e+00
  5.59e-02	  4.53e-02	0.00000e+00
  5.59e-02	  4.58e-02	0.00000e+00
  5.59e-02	  4.64e-02	0.00000e+00
  5.59e-02	  4.69e-02	0.00000e+00
  5.59e-02	  4.74e-02	0.00000e+00
  5.59e-02	  4.79e-02	0.00000e+00
  5.59e-02	  4.84e-02	0.00000e+00
  5.59e-02	  4.90e-02	0.00000e+00
  5.59e-02	  4.95e-02	0.00000e+00

  5.66e-02	  0.00e+00	0.00000e+00
  5.66e-02	  5.21e-04	0.00000e+00
  5.66e-02	  1.04e-03	0.00000e+00
  5.66e-02	  1.56e-03	0.00000e+00
  5.66e-02	  2.08e-03	0.00000e+00
  5.66e-02	  2.60e-03	0.00000e+00
  5.66e-02	  3.12e-03	0.00000e+00
  5.66e-02	  3.65e-03	0.00000e+00
  5.66e-02	  4.17e-03	0.00000e+00
  5.66e-02	  4.69e-03	0.00000e+00
  5.66e-02	  5.21e-03	0.00000e+00
  5.66e-02	  5.73e-03	0.00000e+00
  5.66e-02	  6.25e-03	0.00000e+00
  5.66e-02	  6.77e-03	0.00000e+00
  5.66e-02	  7.29e-03	0.00000e+00
  5.66e-02	  7.81e-03	0.00000e+00
  5.66e-02	  8.33e-03	0.00000e+00
  5.66e-02	  8.85e-03	0.00000e+00
  5.66e-02	  9.37e-03	0.00000e+00
  5.66e-02	  9.90e-03	0.00000e+00
  5.66e-02	  1.04e-02	0.00000e+00
  5.66e-02	  1.09e-02	0.00000e+00
  5.66e-02	  1.15e-02	0.00000e+00
  5.66e-02	  1.20e-02	0.00000e+00
  5.66e-02	  1.25e-02	-2.25899e-30
  5.66e-02	  1.30e-02	-1.04609e-03
  5.66e-02	  1.35e-02	-2.42131e-03
  5.66e-02	  1.41e-02	-3.89076e-03
  5.66e-02	  1.46e-02	-5.20412e-03
  5.66e-02	  1.51e-02	-6.12378e-03
  5.66e-02	  1.56e-02	-6.45892e-03
  5.66e-02	  1.61e-02	-6.11241e-03
  5.66e-02	  1.67e-02	-5.13751e-03
  5.66e-02	  1.72e-02	-3.75444e-03
  5.66e-02	  1.77e-02	-2.27213e-03
  5.66e-02	  1.82e-02	-9.63088e-04
  5.66e-02	  1.88e-02	2.25890e-30
  5.66e-02	  1.93e-02	0.00000e+00
  5.66e-02	  1.98e-02	0.00000e+00
  5.66e-02	  2.03e-02	0.00000e+00
  5.66e-02	  2.08e-02	0.00000e+00
  5.66e-02	  2.14e-02	-2.24965e-30
  5.66e-02	  2.19e-02	-5.30341e-04
  5.66e-02	  2.24e-02	-1.21032e-03
  5.66e-02	  2.29e-02	-1.87534e-03
  5.66e-02	  2.34e-02	-2.38041e-03
  5.66e-02	  2.40e-02	-2.64194e-03
  5.66e-02	  2.45e-02	-2.63617e-03
  5.66e-02	  2.50e-02	-2.36721e-03
  5.66e-02	  2.55e-02	-1.87341e-03
  5.66e-02	  2.60e-02	-1.27169e-03
  5.66e-02	  2.66e-02	-7.25858e-04
  5.66e-02	  2.71e-02	-3.42408e-04
  5.66e-02	  2.76e-02	-1.23195e-04
  5.66e-02	  2.81e-02	2.24889e-30
  5.66e-02	  2.86e-02	0.00000e+00
  5.66e-02	  2.92e-02	0.00000e+00
  5.66e-02	  2.97e-02	0.00000e+00
  5.66e-02	  3.02e-02	0.00000e+00
  5.66e-02	  3.07e-02	-2.23721e-30
  5.66e-02	  3.13e-02	8.66114e-04
  5.66e-02	  3.18e-02	2.08216e-03
  5.66e-02	  3.23e-02	3.56614e-03
  5.66e-02	  3.28e-02	5.11340e-03
  5.66e-02	  3.33e-02	6.40582e-03
  5.66e-02	  3.39e-02	7.14883e-03
  5.66e-02	  3.44e-02	7.21101e-03
  5.66e-02	  3.49e-02	6.62609e-03
  5.66e-02	  3.54e-02	5.52165e-03
  5.66e-02	  3.59e-02	4.07902e-03
  5.66e-02	  3.65e-02	2.51955e-03
  5.66e-02	  3.70e-02	1.08323e-03
  5.66e-02	  3.75e-02	2.23707e-30
  5.66e-02	  3.80e-02	0.00000e+00
  5.66e-02	  3.85e-02	0.00000e+00
  5.66e-02	  3.91e-02	0.00000e+00
  5.66e-02	  3.96e-02	0.00000e+00
  5.66e-02	  4.01e-02	0.00000e+00
  5.66e-02	  4.06e-02	0.00000e+00
  5.66e-02	  4.11e-02	0.00000e+00
  5.66e-02	  4.17e-02	0.00000e+00
  5.66e-02	  4.22e-02	0.00000e+00
  5.66e-02	  4.27e-02	0.00000e+00
  5.66e-02	  4.32e-02	0.00000e+00
  5.66e-02	  4.37e-02	0.00000e+00
  5.66e-02	  4.43e-02	0.00000e+00
  5.66e-02	  4.48e-02	0.00000e+00
  5.66e-02	  4.53e-02	0.00000e+00
  5.66e-02	  4.58e-02	0.00000e+00
  5.66e-02	  4.64e-02	0.00000e+00
  5.66e-02	  4.69e-02	0.00000e+00
  5.66e-02	  4.74e-02	0.00000e+00
  5.66e-02	  4.79e-02	0.00000e+00
  5.66e-02	  4.84e-02	0.00000e+00
  5.66e-02	  4.90e-02	0.00000e+00
  5.66e-02	  4.95e-02	0.00000e+00

  5.74e-02	  0.00e+00	0.00000e+00
  5.74e-02	  5.21e-04	0.00000e+00
  5.74e-02	  1.04e-03	0.00000e+00
  5.74e-02	  1.56e-03	0.00000e+00
  5.74e-02	  2.08e-03	0.00000e+00
  5.74e-02	  2.60e-03	0.00000e+00
  5.74e-02	  3.12e-03	0.00000e+00
  5.74e-02	  3.65e-03	0.00000e+00
  5.74e-02	  4.17e-03	0.00000e+00
  5.74e-02	  4.69e-03	0.00000e+00
  5.74e-02	  5.21e-03	0.00000e+00
  5.74e-02	  5.73e-03	0.00000e+00
  5.74e-02	  6.25e-03	0.00000e+00
  5.74e-02	  6.77e-03	0.00000e+00
  5.74e-02	  7.29e-03	0.00000e+00
  5.74e-02	  7.81e-03	0.00000e+00
  5.74e-02	  8.33e-03	0.00000e+00
  5.74e-02	  8.85e-03	0.00000e+00
  5.74e-02	  9.37e-03	0.00000e+00
  5.74e-02	  9.90e-03	0.00000e+00
  5.74e-02	  1.04e-02	0.00000e+00
  5.74e-02	  1.09e-02	0.00000e+00
  5.74e-02	  1.15e-02	0.00000e+00
  5.74e-02	  1.20e-02	0.00000e+00
  5.74e-02	  1.25e-02	-2.20423e-30
  5.74e-02	  1.30e-02	-9.37866e-04
  5.74e-02	  1.35e-02	-2.16812e-03
  5.74e-02	  1.41e-02	-3.47648e-03
  5.74e-02	  1.46e-02	-4.63672e-03
  5.74e-02	  1.51e-02	-5.43753e-03
  5.74e-02	  1.56e-02	-5.71394e-03
  5.74e-02	  1.61e-02	-5.38806e-03
  5.74e-02	  1.67e-02	-4.51509e-03
  5.74e-02	  1.72e-02	-3.29248e-03
  5.74e-02	  1.77e-02	-1.98987e-03
  5.74e-02	  1.82e-02	-8.42850e-04
  5.74e-02	  1.88e-02	2.20425e-30
  5.74e-02	  1.93e-02	0.00000e+00
  5.74e-02	  1.98e-02	0.00000e+00
  5.74e-02	  2.03e-02	0.00000e+00
  5.74e-02	  2.08e-02	0.00000e+00
  5.74e-02	  2.14e-02	-2.20502e-30
  5.74e-02	  2.19e-02	-5.02672e-04
  5.74e-02	  2.24e-02	-1.14426e-03
  5.74e-02	  2.29e-02	-1.76364e-03
  5.74e-02	  2.34e-02	-2.21769e-03
  5.74e-02	  2.40e-02	-2.42422e-03
  5.74e-02	  2.45e-02	-2.36444e-03
  5.74e-02	  2.50e-02	-2.05670e-03
  5.74e-02	  2.55e-02	-1.55846e-03
  5.74e-02	  2.60e-02	-9.93615e-04
  5.74e-02	  2.66e-02	-5.15424e-04
  5.74e-02	  2.71e-02	-2.12236e-04
  5.74e-02	  2.76e-02	-6.71833e-05
  5.74e-02	  2.81e-02	2.20444e-30
  5.74e-02	  2.86e-02	0.00000e+00
  5.74e-02	  2.92e-02	0.00000e+00
  5.74e-02	  2.97e-02	0.00000e+00
  5.74e-02	  3.02e-02	0.00000e+00
  5.74e-02	  3.07e-02	-2.18805e-30
  5.74e-02	  3.13e-02	7.90875e-04
  5.74e-02	  3.18e-02	1.90415e-03
  5.74e-02	  3.23e-02	3.26902e-03
  5.74e-02	  3.28e-02	4.70333e-03
  5.74e-02	  3.33e-02	5.91903e-03
  5.74e-02	  3.39e-02	6.64051e-03
  5.74e-02	  3.44e-02	6.73230e-03
  5.74e-02	  3.49e-02	6.21180e-03
  5.74e-02	  3.54e-02	5.19173e-03
  5.74e-02	  3.59e-02	3.84258e-03
  5.74e-02	  3.65e-02	2.37603e-03
  5.74e-02	  3.70e-02	1.02196e-03
  5.74e-02	  3.75e-02	2.18783e-30
  5.74e-02	  3.80e-02	0.00000e+00
  5.74e-02	  3.85e-02	0.00000e+00
  5.74e-02	  3.91e-02	0.00000e+00
  5.74e-02	  3.96e-02	0.00000e+00
  5.74e-02	  4.01e-02	0.00000e+00
  5.74e-02	  4.06e-02	0.00000e+00
  5.74e-02	  4.11e-02	0.00000e+00
  5.74e-02	  4.17e-02	0.00000e+00
  5.74e-02	  4.22e-02	0.00000e+00
  5.74e-02	  4.27e-02	0.00000e+00
  5.74e-02	  4.32e-02	0.00000e+00
  5.74e-02	  4.37e-02	0.00000e+00
  5.74e-02	  4.43e-02	0.00000e+00
  5.74e-02	  4.48e-02	0.00000e+00
  5.74e-02	  4.53e-02	0.00000e+00
  5.74e-02	  4.58e-02	0.00000e+00
  5.74e-02	  4.64e-02	0.00000e+00
  5.74e-02	  4.69e-02	0.00000e+00
  5.74e-02	  4.74e-02	0.00000e+00
  5.74e-02	  4.79e-02	0.00000e+00
  5.74e-02	  4.84e-02	0.00000e+00
  5.74e-02	  4.90e-02	0.00000e+00
  5.74e-02	  4.95e-02	0.00000e+00

  5.82e-02	  0.00e+00	0.00000e+00
  5.82e-02	  5.21e-04	0.00000e+00
  5.82e-02	  1.04e-03	0.00000e+00
  5.82e-02	  1.56e-03	0.00000e+00
  5.82e-02	  2.08e-03	0.00000e+00
  5.82e-02	  2.60e-03	0.00000e+00
  5.82e-02	  3.12e-03	0.00000e+00
  5.82e-02	  3.65e-03	0.00000e+00
  5.82e-02	  4.17e-03	0.00000e+00
  5.82e-02	  4.69e-03	0.00000e+00
  5.82e-02	  5.21e-03	0.00000e+00
  5.82e-02	  5.73e-03	0.00000e+00
  5.82e-02	  6.25e-03	0.00000e+00
  5.82e-02	  6.77e-03	0.00000e+00
  5.82e-02	  7.29e-03	0.00000e+00
  5.82e-02	  7.81e-03	0.00000e+00
  5.82e-02	  8.33e-03	0.00000e+00
  5.82e-02	  8.85e-03	0.00000e+00
  5.82e-02	  9.37e-03	0.00000e+00
  5.82e-02	  9.90e-03	0.00000e+00
  5.82e-02	  1.04e-02	0.00000e+00
  5.82e-02	  1.09e-02	0.00000e+00
  5.82e-02	  1.15e-02	0.00000e+00
  5.82e-02	  1.20e-02	0.00000e+00
  5.82e-02	  1.25e-02	-2.14801e-30
  5.82e-02	  1.30e-02	-8.42065e-04
  5.82e-02	  1.35e-02	-1.94399e-03
  5.82e-02	  1.41e-02	-3.11000e-03
  5.82e-02	  1.46e-02	-4.13565e-03
  5.82e-02	  1.51e-02	-4.83338e-03
  5.82e-02	  1.56e-02	-5.06090e-03
  5.82e-02	  1.61e-02	-4.75620e-03
  5.82e-02	  1.67e-02	-3.97463e-03
  5.82e-02	  1.72e-02	-2.89279e-03
  5.82e-02	  1.77e-02	-1.74628e-03
  5.82e-02	  1.82e-02	-7.39258e-04
  5.82e-02	  1.88e-02	2.14809e-30
  5.82e-02	  1.93e-02	0.00000e+00
  5.82e-02	  1.98e-02	0.00000e+00
  5.82e-02	  2.03e-02	0.00000e+00
  5.82e-02	  2.08e-02	0.00000e+00
  5.82e-02	  2.14e-02	-2.15909e-30
  5.82e-02	  2.19e-02	-4.77733e-04
  5.82e-02	  2.24e-02	-1.08471e-03
  5.82e-02	  2.29e-02	-1.66372e-03
  5.82e-02	  2.34e-02	-2.07476e-03
  5.82e-02	  2.40e-02	-2.23703e-03
  5.82e-02	  2.45e-02	-2.13823e-03
  5.82e-02	  2.50e-02	-1.80765e-03
  5.82e-02	  2.55e-02	-1.31441e-03
  5.82e-02	  2.60e-02	-7.84323e-04
  5.82e-02	  2.66e-02	-3.60583e-04
  5.82e-02	  2.71e-02	-1.17734e-04
  5.82e-02	  2.76e-02	-2.67865e-05
  5.82e-02	  2.81e-02	2.15870e-30
  5.82e-02	  2.86e-02	0.00000e+00
  5.82e-02	  2.92e-02	0.00000e+00
  5.82e-02	  2.97e-02	0.00000e+00
  5.82e-02	  3.02e-02	0.00000e+00
  5.82e-02	  3.07e-02	-2.13745e-30
  5.82e-02	  3.13e-02	7.24992e-04
  5.82e-02	  3.18e-02	1.74735e-03
  5.82e-02	  3.23e-02	3.00493e-03
  5.82e-02	  3.28e-02	4.33447e-03
  5.82e-02	  3.33e-02	5.47472e-03
  5.82e-02	  3.39e-02	6.16934e-03
  5.82e-02	  3.44e-02	6.28268e-03
  5.82e-02	  3.49e-02	5.81928e-03
  5.82e-02	  3.54e-02	4.87800e-03
  5.82e-02	  3.59e-02	3.61782e-03
  5.82e-02	  3.65e-02	2.23995e-03
  5.82e-02	  3.70e-02	9.64050e-04
  5.82e-02	  3.75e-02	2.13717e-30
  5.82e-02	  3.80e-02	0.00000e+00
  5.82e-02	  3.85e-02	0.00000e+00
  5.82e-02	  3.91e-02	0.00000e+00
  5.82e-02	  3.96e-02	0.00000e+00
  5.82e-02	  4.01e-02	0.00000e+00
  5.82e-02	  4.06e-02	0.00000e+00
  5.82e-02	  4.11e-02	0.00000e+00
  5.82e-02	  4.17e-02	0.00000e+00
  5.82e-02	  4.22e-02	0.00000e+00
  5.82e-02	  4.27e-02	0.00000e+00
  5.82e-02	  4.32e-02	0.00000e+00
  5.82e-02	  4.37e-02	0.00000e+00
  5.82e-02	  4.43e-02	0.00000e+00
  5.82e-02	  4.48e-02	0.00000e+00
  5.82e-02	  4.53e-02	0.00000e+00
  5.82e-02	  4.58e-02	0.00000e+00
  5.82e-02	  4.64e-02	0.00000e+00
  5.82e-02	  4.69e-02	0.00000e+00
  5.82e-02	  4.74e-02	0.00000e+00
  5.82e-02	  4.79e-02	0.00000e+00
  5.82e-02	  4.84e-02	0.00000e+00
  5.82e-02	  4.90e-02	0.00000e+00
  5.82e-02	  4.95e-02	0.00000e+00

  5.90e-02	  0.00e+00	0.00000e+00
  5.90e-02	  5.21e-04	0.00000e+00
  5.90e-02	  1.04e-03	0.00000e+00
  5.90e-02	  1.56e-03	0.00000e+00
  5.90e-02	  2.08e-03	0.00000e+00
  5.90e-02	  2.60e-03	0.00000e+00
  5.90e-02	  3.12e-03	0.00000e+00
  5.90e-02	  3.65e-03	0.00000e+00
  5.90e-02	  4.17e-03	0.00000e+00
  5.90e-02	  4.69e-03	0.00000e+00
  5.90e-02	  5.21e-03	0.00000e+00
  5.90e-02	  5.73e-03	0.00000e+00
  5.90e-02	  6.25e-03	0.00000e+00
  5.90e-02	  6.77e-03	0.00000e+00
  5.90e-02	  7.29e-03	0.00000e+00
  5.90e-02	  7.81e-03	0.00000e+00
  5.90e-02	  8.33e-03	0.00000e+00
  5.90e-02	  8.85e-03	0.00000e+00
  5.90e-02	  9.37e-03	0.00000e+00
  5.90e-02	  9.90e-03	0.00000e+00
  5.90e-02	  1.04e-02	0.00000e+00
  5.90e-02	  1.09e-02	0.00000e+00
  5.90e-02	  1.15e-02	0.00000e+00
  5.90e-02	  1.20e-02	0.00000e+00
  5.90e-02	  1.25e-02	-2.09035e-30
  5.90e-02	  1.30e-02	-7.56052e-04
  5.90e-02	  1.35e-02	-1.74294e-03
  5.90e-02	  1.41e-02	-2.78187e-03
  5.90e-02	  1.46e-02	-3.68831e-03
  5.90e-02	  1.51e-02	-4.29609e-03
  5.90e-02	  1.56e-02	-4.48280e-03
  5.90e-02	  1.61e-02	-4.19946e-03
  5.90e-02	  1.67e-02	-3.50029e-03
  5.90e-02	  1.72e-02	-2.54292e-03
  5.90e-02	  1.77e-02	-1.53336e-03
  5.90e-02	  1.82e-02	-6.48776e-04
  5.90e-02	  1.88e-02	2.09046e-30
  5.90e-02	  1.93e-02	0.00000e+00
  5.90e-02	  1.98e-02	0.00000e+00
  5.90e-02	  2.03e-02	0.00000e+00
  5.90e-02	  2.08e-02	0.00000e+00
  5.90e-02	  2.14e-02	-2.11187e-30
  5.90e-02	  2.19e-02	-4.55241e-04
  5.90e-02	  2.24e-02	-1.03114e-03
  5.90e-02	  2.29e-02	-1.57458e-03
  5.90e-02	  2.34e-02	-1.94929e-03
  5.90e-02	  2.40e-02	-2.07739e-03
  5.90e-02	  2.45e-02	-1.95225e-03
  5.90e-02	  2.50e-02	-1.61148e-03
  5.90e-02	  2.55e-02	-1.12952e-03
  5.90e-02	  2.60e-02	-6.30948e-04
  5.90e-02	  2.66e-02	-2.50949e-04
  5.90e-02	  2.71e-02	-5.24678e-05
  5.90e-02	  2.76e-02	7.54913e-07
  5.90e-02	  2.81e-02	2.11163e-30
  5.90e-02	  2.86e-02	0.00000e+00
  5.90e-02	  2.92e-02	0.00000e+00
  5.90e-02	  2.97e-02	0.00000e+00
  5.90e-02	  3.02e-02	0.00000e+00
  5.90e-02	  3.07e-02	-2.08541e-30
  5.90e-02	  3.13e-02	6.66564e-04
  5.90e-02	  3.18e-02	1.60763e-03
  5.90e-02	  3.23e-02	2.76781e-03
  5.90e-02	  3.28e-02	3.99994e-03
  5.90e-02	  3.33e-02	5.06677e-03
  5.90e-02	  3.39e-02	5.73085e-03
  5.90e-02	  3.44e-02	5.85909e-03
  5.90e-02	  3.49e-02	5.44619e-03
  5.90e-02	  3.54e-02	4.57833e-03
  5.90e-02	  3.59e-02	3.40278e-03
  5.90e-02	  3.65e-02	2.10981e-03
  5.90e-02	  3.70e-02	9.08737e-04
  5.90e-02	  3.75e-02	2.08510e-30
  5.90e-02	  3.80e-02	0.00000e+00
  5.90e-02	  3.85e-02	0.00000e+00
  5.90e-02	  3.91e-02	0.00000e+00
  5.90e-02	  3.96e-02	0.00000e+00
  5.90e-02	  4.01e-02	0.00000e+00
  5.90e-02	  4.06e-02	0.00000e+00
  5.90e-02	  4.11e-02	0.00000e+00
  5.90e-02	  4.17e-02	0.00000e+00
  5.90e-02	  4.22e-02	0.00000e+00
  5.90e-02	  4.27e-02	0.00000e+00
  5.90e-02	  4.32e-02	0.00000e+00
  5.90e-02	  4.37e-02	0.00000e+00
  5.90e-02	  4.43e-02	0.00000e+00
  5.90e-02	  4.48e-02	0.00000e+00
  5.90e-02	  4.53e-02	0.00000e+00
  5.90e-02	  4.58e-02	0.00000e+00
  5.90e-02	  4.64e-02	0.00000e+00
  5.90e-02	  4.69e-02	0.00000e+00
  5.90e-02	  4.74e-02	0.00000e+00
  5.90e-02	  4.79e-02	0.00000e+00
  5.90e-02	  4.84e-02	0.00000e+00
  5.90e-02	  4.90e-02	0.00000e+00
  5.90e-02	  4.95e-02	0.00000e+00

  5.98e-02	  0.00e+00	0.00000e+00
  5.98e-02	  5.21e-04	0.00000e+00
  5.98e-02	  1.04e-03	0.00000e+00
  5.98e-02	  1.56e-03	0.00000e+00
  5.98e-02	  2.08e-03	0.00000e+00
  5.98e-02	  2.60e-03	0.00000e+00
  5.98e-02	  3.12e-03	0.00000e+00
  5.98e-02	  3.65e-03	0.00000e+00
  5.98e-02	  4.17e-03	0.00000e+00
  5.98e-02	  4.69e-03	0.00000e+00
  5.98e-02	  5.21e-03	0.00000e+00
  5.98e-02	  5.73e-03	0.00000e+00
  5.98e-02	  6.25e-03	0.00000e+00
  5.98e-02	  6.77e-03	0.00000e+00
  5.98e-02	  7.29e-03	0.00000e+00
  5.98e-02	  7.81e-03	0.00000e+00
  5.98e-02	  8.33e-03	0.00000e+00
  5.98e-02	  8.85e-03	0.00000e+00
  5.98e-02	  9.37e-03	0.00000e+00
  5.98e-02	  9.90e-03	0.00000e+00
  5.98e-02	  1.04e-02	0.00000e+00
  5.98e-02	  1.09e-02	0.00000e+00
  5.98e-02	  1.15e-02	0.00000e+00
  5.98e-02	  1.20e-02	0.00000e+00
  5.98e-02	  1.25e-02	-2.03129e-30
  5.98e-02	  1.30e-02	-6.78043e-04
  5.98e-02	  1.35e-02	-1.56089e-03
  5.98e-02	  1.41e-02	-2.48548e-03
  5.98e-02	  1.46e-02	-3.28562e-03
  5.98e-02	  1.51e-02	-3.81448e-03
  5.98e-02	  1.56e-02	-3.96701e-03
  5.98e-02	  1.61e-02	-3.70488e-03
  5.98e-02	  1.67e-02	-3.08029e-03
  5.98e-02	  1.72e-02	-2.23372e-03
  5.98e-02	  1.77e-02	-1.34533e-03
  5.98e-02	  1.82e-02	-5.68872e-04
  5.98e-02	  1.88e-02	2.03140e-30
  5.98e-02	  1.93e-02	0.00000e+00
  5.98e-02	  1.98e-02	0.00000e+00
  5.98e-02	  2.03e-02	0.00000e+00
  5.98e-02	  2.08e-02	0.00000e+00
  5.98e-02	  2.14e-02	-2.06333e-30
  5.98e-02	  2.19e-02	-4.34683e-04
  5.98e-02	  2.24e-02	-9.82409e-04
  5.98e-02	  2.29e-02	-1.49447e-03
  5.98e-02	  2.34e-02	-1.83906e-03
  5.98e-02	  2.40e-02	-1.94204e-03
  5.98e-02	  2.45e-02	-1.80038e-03
  5.98e-02	  2.50e-02	-1.45743e-03
  5.98e-02	  2.55e-02	-9.90460e-04
  5.98e-02	  2.60e-02	-5.21095e-04
  5.98e-02	  2.66e-02	-1.76216e-04
  5.98e-02	  2.71e-02	-9.79775e-06
  5.98e-02	  2.76e-02	1.83231e-05
  5.98e-02	  2.81e-02	2.06321e-30
  5.98e-02	  2.86e-02	0.00000e+00
  5.98e-02	  2.92e-02	0.00000e+00
  5.98e-02	  2.97e-02	0.00000e+00
  5.98e-02	  3.02e-02	0.00000e+00
  5.98e-02	  3.07e-02	-2.03195e-30
  5.98e-02	  3.13e-02	6.13875e-04
  5.98e-02	  3.18e-02	1.48118e-03
  5.98e-02	  3.23e-02	2.55202e-03
  5.98e-02	  3.28e-02	3.69315e-03
  5.98e-02	  3.33e-02	4.68889e-03
  5.98e-02	  3.39e-02	5.32002e-03
  5.98e-02	  3.44e-02	5.45787e-03
  5.98e-02	  3.49e-02	5.08972e-03
  5.98e-02	  3.54e-02	4.29039e-03
  5.98e-02	  3.59e-02	3.19557e-03
  5.98e-02	  3.65e-02	1.98428e-03
  5.98e-02	  3.70e-02	8.55382e-04
  5.98e-02	  3.75e-02	2.03162e-30
  5.98e-02	  3.80e-02	0.00000e+00
  5.98e-02	  3.85e-02	0.00000e+00
  5.98e-02	  3.91e-02	0.00000e+00
  5.98e-02	  3.96e-02	0.00000e+00
  5.98e-02	  4.01e-02	0.00000e+00
  5.98e-02	  4.06e-02	0.00000e+00
  5.98e-02	  4.11e-02	0.00000e+00
  5.98e-02	  4.17e-02	0.00000e+00
  5.98e-02	  4.22e-02	0.00000e+00
  5.98e-02	  4.27e-02	0.00000e+00
  5.98e-02	  4.32e-02	0.00000e+00
  5.98e-02	  4.37e-02	0.00000e+00
  5.98e-02	  4.43e-02	0.00000e+00
  5.98e-02	  4.48e-02	0.00000e+00
  5.98e-02	  4.53e-02	0.00000e+00
  5.98e-02	  4.58e-02	0.00000e+00
  5.98e-02	  4.64e-02	0.00000e+00
  5.98e-02	  4.69e-02	0.00000e+00
  5.98e-02	  4.74e-02	0.00000e+00
  5.98e-02	  4.79e-02	0.00000e+00
  5.98e-02	  4.84e-02	0.00000e+00
  5.98e-02	  4.90e-02	0.00000e+00
  5.98e-02	  4.95e-02	0.00000e+00

  6.05e-02	  0.00e+00	0.00000e+00
  6.05e-02	  5.21e-04	0.00000e+00
  6.05e-02	  1.04e-03	0.00000e+00
  6.05e-02	  1.56e-03	0.00000e+00
  6.05e-02	  2.08e-03	0.00000e+00
  6.05e-02	  2.60e-03	0.00000e+00
  6.05e-02	  3.12e-03	0.00000e+00
  6.05e-02	  3.65e-03	0.00000e+00
  6.05e-02	  4.17e-03	0.00000e+00
  6.05e-02	  4.69e-03	0.00000e+00
  6.05e-02	  5.21e-03	0.00000e+00
  6.05e-02	  5.73e-03	0.00000e+00
  6.05e-02	  6.25e-03	0.00000e+00
  6.05e-02	  6.77e-03	0.00000e+00
  6.05e-02	  7.29e-03	0.00000e+00
  6.05e-02	  7.81e-03	0.00000e+00
  6.05e-02	  8.33e-03	0.00000e+00
  6.05e-02	  8.85e-03	0.00000e+00
  6.05e-02	  9.37e-03	0.00000e+00
  6.05e-02	  9.90e-03	0.00000e+00
  6.05e-02	  1.04e-02	0.00000e+00
  6.05e-02	  1.09e-02	0.00000e+00
  6.05e-02	  1.15e-02	0.00000e+00
  6.05e-02	  1.20e-02	0.00000e+00
  6.05e-02	  1.25e-02	-1.97084e-30
  6.05e-02	  1.30e-02	-6.06928e-04
  6.05e-02	  1.35e-02	-1.39521e-03
  6.05e-02	  1.41e-02	-2.21648e-03
  6.05e-02	  1.46e-02	-2.92146e-03
  6.05e-02	  1.51e-02	-3.38078e-03
  6.05e-02	  1.56e-02	-3.50457e-03
  6.05e-02	  1.61e-02	-3.26320e-03
  6.05e-02	  1.67e-02	-2.70626e-03
  6.05e-02	  1.72e-02	-1.95873e-03
  6.05e-02	  1.77e-02	-1.17812e-03
  6.05e-02	  1.82e-02	-4.97799e-04
  6.05e-02	  1.88e-02	1.97093e-30
  6.05e-02	  1.93e-02	0.00000e+00
  6.05e-02	  1.98e-02	0.00000e+00
  6.05e-02	  2.03e-02	0.00000e+00
  6.05e-02	  2.08e-02	0.00000e+00
  6.05e-02	  2.14e-02	-2.01346e-30
  6.05e-02	  2.19e-02	-4.15589e-04
  6.05e-02	  2.24e-02	-9.37521e-04
  6.05e-02	  2.29e-02	-1.42182e-03
  6.05e-02	  2.34e-02	-1.74161e-03
  6.05e-02	  2.40e-02	-1.82655e-03
  6.05e-02	  2.45e-02	-1.67570e-03
  6.05e-02	  2.50e-02	-1.33535e-03
  6.05e-02	  2.55e-02	-8.85218e-04
  6.05e-02	  2.60e-02	-4.43306e-04
  6.05e-02	  2.66e-02	-1.27092e-04
  6.05e-02	  2.71e-02	1.63216e-05
  6.05e-02	  2.76e-02	2.85819e-05
  6.05e-02	  2.81e-02	2.01344e-30
  6.05e-02	  2.86e-02	0.00000e+00
  6.05e-02	  2.92e-02	0.00000e+00
  6.05e-02	  2.97e-02	0.00000e+00
  6.05e-02	  3.02e-02	0.00000e+00
  6.05e-02	  3.07e-02	-1.97707e-30
  6.05e-02	  3.13e-02	5.65527e-04
  6.05e-02	  3.18e-02	1.36490e-03
  6.05e-02	  3.23e-02	2.35288e-03
  6.05e-02	  3.28e-02	3.40852e-03
  6.05e-02	  3.33e-02	4.33564e-03
  6.05e-02	  3.39e-02	4.93239e-03
  6.05e-02	  3.44e-02	5.07569e-03
  6.05e-02	  3.49e-02	4.74743e-03
  6.05e-02	  3.54e-02	4.01229e-03
  6.05e-02	  3.59e-02	2.99470e-03
  6.05e-02	  3.65e-02	1.86236e-03
  6.05e-02	  3.70e-02	8.03516e-04
  6.05e-02	  3.75e-02	1.97675e-30
  6.05e-02	  3.80e-02	0.00000e+00
  6.05e-02	  3.85e-02	0.00000e+00
  6.05e-02	  3.91e-02	0.00000e+00
  6.05e-02	  3.96e-02	0.00000e+00
  6.05e-02	  4.01e-02	0.00000e+00
  6.05e-02	  4.06e-02	0.00000e+00
  6.05e-02	  4.11e-02	0.00000e+00
  6.05e-02	  4.17e-02	0.00000e+00
  6.05e-02	  4.22e-02	0.00000e+00
  6.05e-02	  4.27e-02	0.00000e+00
  6.05e-02	  4.32e-02	0.00000e+00
  6.05e-02	  4.37e-02	0.00000e+00
  6.05e-02	  4.43e-02	0.00000e+00
  6.05e-02	  4.48e-02	0.00000e+00
  6.05e-02	  4.53e-02	0.00000e+00
  6.05e-02	  4.58e-02	0.00000e+00
  6.05e-02	  4.64e-02	0.00000e+00
  6.05e-02	  4.69e-02	0.00000e+00
  6.05e-02	  4.74e-02	0.00000e+00
  6.05e-02	  4.79e-02	0.00000e+00
  6.05e-02	  4.84e-02	0.00000e+00
  6.05e-02	  4.90e-02	0.00000e+00
  6.05e-02	  4.95e-02	0.00000e+00

  6.13e-02	  0.00e+00	0.00000e+00
  6.13e-02	  5.21e-04	0.00000e+00
  6.13e-02	  1.04e-03	0.00000e+00
  6.13e-02	  1.56e-03	0.00000e+00
  6.13e-02	  2.08e-03	0.00000e+00
  6.13e-02	  2.60e-03	0.00000e+00
  6.13e-02	  3.12e-03	0.00000e+00
  6.13e-02	  3.65e-03	0.00000e+00
  6.13e-02	  4.17e-03	0.00000e+00
  6.13e-02	  4.69e-03	0.00000e+00
  6.13e-02	  5.21e-03	0.00000e+00
  6.13e-02	  5.73e-03	0.00000e+00
  6.13e-02	  6.25e-03	0.00000e+00
  6.13e-02	  6.77e-03	0.00000e+00
  6.13e-02	  7.29e-03	0.00000e+00
  6.13e-02	  7.81e-03	0.00000e+00
  6.13e-02	  8.33e-03	0.00000e+00
  6.13e-02	  8.85e-03	0.00000e+00
  6.13e-02	  9.37e-03	0.00000e+00
  6.13e-02	  9.90e-03	0.00000e+00
  6.13e-02	  1.04e-02	0.00000e+00
  6.13e-02	  1.09e-02	0.00000e+00
  6.13e-02	  1.15e-02	0.00000e+00
  6.13e-02	  1.20e-02	0.00000e+00
  6.13e-02	  1.25e-02	-1.90904e-30
  6.13e-02	  1.30e-02	-5.42095e-04
  6.13e-02	  1.35e-02	-1.24439e-03
  6.13e-02	  1.41e-02	-1.97224e-03
  6.13e-02	  1.46e-02	-2.59193e-03
  6.13e-02	  1.51e-02	-2.98985e-03
  6.13e-02	  1.56e-02	-3.08936e-03
  6.13e-02	  1.61e-02	-2.86797e-03
  6.13e-02	  1.67e-02	-2.37232e-03
  6.13e-02	  1.72e-02	-1.71343e-03
  6.13e-02	  1.77e-02	-1.02896e-03
  6.13e-02	  1.82e-02	-4.34367e-04
  6.13e-02	  1.88e-02	1.90910e-30
  6.13e-02	  1.93e-02	0.00000e+00
  6.13e-02	  1.98e-02	0.00000e+00
  6.13e-02	  2.03e-02	0.00000e+00
  6.13e-02	  2.08e-02	0.00000e+00
  6.13e-02	  2.14e-02	-1.96224e-30
  6.13e-02	  2.19e-02	-3.97601e-04
  6.13e-02	  2.24e-02	-8.95613e-04
  6.13e-02	  2.29e-02	-1.35501e-03
  6.13e-02	  2.34e-02	-1.65401e-03
  6.13e-02	  2.40e-02	-1.72581e-03
  6.13e-02	  2.45e-02	-1.57087e-03
  6.13e-02	  2.50e-02	-1.23692e-03
  6.13e-02	  2.55e-02	-8.04816e-04
  6.13e-02	  2.60e-02	-3.88161e-04
  6.13e-02	  2.66e-02	-9.56523e-05
  6.13e-02	  2.71e-02	3.11418e-05
  6.13e-02	  2.76e-02	3.38782e-05
  6.13e-02	  2.81e-02	1.96229e-30
  6.13e-02	  2.86e-02	0.00000e+00
  6.13e-02	  2.92e-02	0.00000e+00
  6.13e-02	  2.97e-02	0.00000e+00
  6.13e-02	  3.02e-02	0.00000e+00
  6.13e-02	  3.07e-02	-1.92079e-30
  6.13e-02	  3.13e-02	5.20490e-04
  6.13e-02	  3.18e-02	1.25649e-03
  6.13e-02	  3.23e-02	2.16690e-03
  6.13e-02	  3.28e-02	3.14182e-03
  6.13e-02	  3.33e-02	4.00284e-03
  6.13e-02	  3.39e-02	4.56451e-03
  6.13e-02	  3.44e-02	4.71007e-03
  6.13e-02	  3.49e-02	4.41761e-03
  6.13e-02	  3.54e-02	3.74280e-03
  6.13e-02	  3.59e-02	2.79929e-03
  6.13e-02	  3.65e-02	1.74347e-03
  6.13e-02	  3.70e-02	7.52868e-04
  6.13e-02	  3.75e-02	1.92049e-30
  6.13e-02	  3.80e-02	0.00000e+00
  6.13e-02	  3.85e-02	0.00000e+00
  6.13e-02	  3.91e-02	0.00000e+00
  6.13e-02	  3.96e-02	0.00000e+00
  6.13e-02	  4.01e-02	0.00000e+00
  6.13e-02	  4.06e-02	0.00000e+00
  6.13e-02	  4.11e-02	0.00000e+00
  6.13e-02	  4.17e-02	0.00000e+00
  6.13e-02	  4.22e-02	0.00000e+00
  6.13e-02	  4.27e-02	0.00000e+00
  6.13e-02	  4.32e-02	0.00000e+00
  6.13e-02	  4.37e-02	0.00000e+00
  6.13e-02	  4.43e-02	0.00000e+00
  6.13e-02	  4.48e-02	0.00000e+00
  6.13e-02	  4.53e-02	0.00000e+00
  6.13e-02	  4.58e-02	0.00000e+00
  6.13e-02	  4.64e-02	0.00000e+00
  6.13e-02	  4.69e-02	0.00000e+00
  6.13e-02	  4.74e-02	0.00000e+00
  6.13e-02	  4.79e-02	0.00000e+00
  6.13e-02	  4.84e-02	0.00000e+00
  6.13e-02	  4.90e-02	0.00000e+00
  6.13e-02	  4.95e-02	0.00000e+00

  6.21e-02	  0.00e+00	0.00000e+00
  6.21e-02	  5.21e-04	0.00000e+00
  6.21e-02	  1.04e-03	0.00000e+00
  6.21e-02	  1.56e-03	0.00000e+00
  6.21e-02	  2.08e-03	0.00000e+00
  6.21e-02	  2.60e-03	0.00000e+00
  6.21e-02	  3.12e-03	0.00000e+00
  6.21e-02	  3.65e-03	0.00000e+00
  6.21e-02	  4.17e-03	0.00000e+00
  6.21e-02	  4.69e-03	0.00000e+00
  6.21e-02	  5.21e-03	0.00000e+00
  6.21e-02	  5.73e-03	0.00000e+00
  6.21e-02	  6.25e-03	0.00000e+00
  6.21e-02	  6.77e-03	0.00000e+00
  6.21e-02	  7.29e-03	0.00000e+00
  6.21e-02	  7.81e-03	0.00000e+00
  6.21e-02	  8.33e-03	0.00000e+00
  6.21e-02	  8.85e-03	0.00000e+00
  6.21e-02	  9.37e-03	0.00000e+00
  6.21e-02	  9.90e-03	0.00000e+00
  6.21e-02	  1.04e-02	0.00000e+00
  6.21e-02	  1.09e-02	0.00000e+00
  6.21e-02	  1.15e-02	0.00000e+00
  6.21e-02	  1.20e-02	0.00000e+00
  6.21e-02	  1.25e-02	-1.84591e-30
  6.21e-02	  1.30e-02	-4.83315e-04
  6.21e-02	  1.35e-02	-1.10778e-03
  6.21e-02	  1.41e-02	-1.75142e-03
  6.21e-02	  1.46e-02	-2.29478e-03
  6.21e-02	  1.51e-02	-2.63841e-03
  6.21e-02	  1.56e-02	-2.71728e-03
  6.21e-02	  1.61e-02	-2.51472e-03
  6.21e-02	  1.67e-02	-2.07434e-03
  6.21e-02	  1.72e-02	-1.49466e-03
  6.21e-02	  1.77e-02	-8.95879e-04
  6.21e-02	  1.82e-02	-3.77737e-04
  6.21e-02	  1.88e-02	1.84596e-30
  6.21e-02	  1.93e-02	0.00000e+00
  6.21e-02	  1.98e-02	0.00000e+00
  6.21e-02	  2.03e-02	0.00000e+00
  6.21e-02	  2.08e-02	0.00000e+00
  6.21e-02	  2.14e-02	-1.90967e-30
  6.21e-02	  2.19e-02	-3.80392e-04
  6.21e-02	  2.24e-02	-8.55822e-04
  6.21e-02	  2.29e-02	-1.29235e-03
  6.21e-02	  2.34e-02	-1.57328e-03
  6.21e-02	  2.40e-02	-1.63523e-03
  6.21e-02	  2.45e-02	-1.47978e-03
  6.21e-02	  2.50e-02	-1.15514e-03
  6.21e-02	  2.55e-02	-7.41811e-04
  6.21e-02	  2.60e-02	-3.48444e-04
  6.21e-02	  2.66e-02	-7.58907e-05
  6.21e-02	  2.71e-02	3.86798e-05
  6.21e-02	  2.76e-02	3.60259e-05
  6.21e-02	  2.81e-02	1.90977e-30
  6.21e-02	  2.86e-02	0.00000e+00
  6.21e-02	  2.92e-02	0.00000e+00
  6.21e-02	  2.97e-02	0.00000e+00
  6.21e-02	  3.02e-02	0.00000e+00
  6.21e-02	  3.07e-02	-1.86312e-30
  6.21e-02	  3.13e-02	4.78074e-04
  6.21e-02	  3.18e-02	1.15439e-03
  6.21e-02	  3.23e-02	1.99169e-03
  6.21e-02	  3.28e-02	2.89017e-03
  6.21e-02	  3.33e-02	3.68767e-03
  6.21e-02	  3.39e-02	4.21412e-03
  6.21e-02	  3.44e-02	4.35953e-03
  6.21e-02	  3.49e-02	4.09937e-03
  6.21e-02	  3.54e-02	3.48143e-03
  6.21e-02	  3.59e-02	2.60902e-03
  6.21e-02	  3.65e-02	1.62740e-03
  6.21e-02	  3.70e-02	7.03345e-04
  6.21e-02	  3.75e-02	1.86286e-30
  6.21e-02	  3.80e-02	0.00000e+00
  6.21e-02	  3.85e-02	0.00000e+00
  6.21e-02	  3.91e-02	0.00000e+00
  6.21e-02	  3.96e-02	0.00000e+00
  6.21e-02	  4.01e-02	0.00000e+00
  6.21e-02	  4.06e-02	0.00000e+00
  6.21e-02	  4.11e-02	0.00000e+00
  6.21e-02	  4.17e-02	0.00000e+00
  6.21e-02	  4.22e-02	0.00000e+00
  6.21e-02	  4.27e-02	0.00000e+00
  6.21e-02	  4.32e-02	0.00000e+00
  6.21e-02	  4.37e-02	0.00000e+00
  6.21e-02	  4.43e-02	0.00000e+00
  6.21e-02	  4.48e-02	0.00000e+00
  6.21e-02	  4.53e-02	0.00000e+00
  6.21e-02	  4.58e-02	0.00000e+00
  6.21e-02	  4.64e-02	0.00000e+00
  6.21e-02	  4.69e-02	0.00000e+00
  6.21e-02	  4.74e-02	0.00000e+00
  6.21e-02	  4.79e-02	0.00000e+00
  6.21e-02	  4.84e-02	0.00000e+00
  6.21e-02	  4.90e-02	0.00000e+00
  6.21e-02	  4.95e-02	0.00000e+00

  6.29e-02	  0.00e+00	0.00000e+00
  6.29e-02	  5.21e-04	0.00000e+00
  6.29e-02	  1.04e-03	0.00000e+00
  6.29e-02	  1.56e-03	0.00000e+00
  6.29e-02	  2.08e-03	0.00000e+00
  6.29e-02	  2.60e-03	0.00000e+00
  6.29e-02	  3.12e-03	0.00000e+00
  6.29e-02	  3.65e-03	0.00000e+00
  6.29e-02	  4.17e-03	0.00000e+00
  6.29e-02	  4.69e-03	0.00000e+00
  6.29e-02	  5.21e-03	0.00000e+00
  6.29e-02	  5.73e-03	0.00000e+00
  6.29e-02	  6.25e-03	0.00000e+00
  6.29e-02	  6.77e-03	0.00000e+00
  6.29e-02	  7.29e-03	0.00000e+00
  6.29e-02	  7.81e-03	0.00000e+00
  6.29e-02	  8.33e-03	0.00000e+00
  6.29e-02	  8.85e-03	0.00000e+00
  6.29e-02	  9.37e-03	0.00000e+00
  6.29e-02	  9.90e-03	0.00000e+00
  6.29e-02	  1.04e-02	0.00000e+00
  6.29e-02	  1.09e-02	0.00000e+00
  6.29e-02	  1.15e-02	0.00000e+00
  6.29e-02	  1.20e-02	0.00000e+00
  6.29e-02	  1.25e-02	-1.78149e-30
  6.29e-02	  1.30e-02	-4.30710e-04
  6.29e-02	  1.35e-02	-9.85458e-04
  6.29e-02	  1.41e-02	-1.55375e-03
  6.29e-02	  1.46e-02	-2.02907e-03
  6.29e-02	  1.51e-02	-2.32464e-03
  6.29e-02	  1.56e-02	-2.38561e-03
  6.29e-02	  1.61e-02	-2.20025e-03
  6.29e-02	  1.67e-02	-1.80921e-03
  6.29e-02	  1.72e-02	-1.29992e-03
  6.29e-02	  1.77e-02	-7.77296e-04
  6.29e-02	  1.82e-02	-3.27224e-04
  6.29e-02	  1.88e-02	1.78153e-30
  6.29e-02	  1.93e-02	0.00000e+00
  6.29e-02	  1.98e-02	0.00000e+00
  6.29e-02	  2.03e-02	0.00000e+00
  6.29e-02	  2.08e-02	0.00000e+00
  6.29e-02	  2.14e-02	-1.85575e-30
  6.29e-02	  2.19e-02	-3.63639e-04
  6.29e-02	  2.24e-02	-8.17307e-04
  6.29e-02	  2.29e-02	-1.23222e-03
  6.29e-02	  2.34e-02	-1.49683e-03
  6.29e-02	  2.40e-02	-1.55113e-03
  6.29e-02	  2.45e-02	-1.39767e-03
  6.29e-02	  2.50e-02	-1.08443e-03
  6.29e-02	  2.55e-02	-6.90309e-04
  6.29e-02	  2.60e-02	-3.18705e-04
  6.29e-02	  2.66e-02	-6.34394e-05
  6.29e-02	  2.71e-02	4.18019e-05
  6.29e-02	  2.76e-02	3.63085e-05
  6.29e-02	  2.81e-02	1.85586e-30
  6.29e-02	  2.86e-02	0.00000e+00
  6.29e-02	  2.92e-02	0.00000e+00
  6.29e-02	  2.97e-02	0.00000e+00
  6.29e-02	  3.02e-02	0.00000e+00
  6.29e-02	  3.07e-02	-1.80409e-30
  6.29e-02	  3.13e-02	4.37876e-04
  6.29e-02	  3.18e-02	1.05768e-03
  6.29e-02	  3.23e-02	1.82583e-03
  6.29e-02	  3.28e-02	2.65183e-03
  6.29e-02	  3.33e-02	3.38845e-03
  6.29e-02	  3.39e-02	3.88001e-03
  6.29e-02	  3.44e-02	4.02344e-03
  6.29e-02	  3.49e-02	3.79260e-03
  6.29e-02	  3.54e-02	3.22828e-03
  6.29e-02	  3.59e-02	2.42407e-03
  6.29e-02	  3.65e-02	1.51427e-03
  6.29e-02	  3.70e-02	6.55006e-04
  6.29e-02	  3.75e-02	1.80387e-30
  6.29e-02	  3.80e-02	0.00000e+00
  6.29e-02	  3.85e-02	0.00000e+00
  6.29e-02	  3.91e-02	0.00000e+00
  6.29e-02	  3.96e-02	0.00000e+00
  6.29e-02	  4.01e-02	0.00000e+00
  6.29e-02	  4.06e-02	0.00000e+00
  6.29e-02	  4.11e-02	0.00000e+00
  6.29e-02	  4.17e-02	0.00000e+00
  6.29e-02	  4.22e-02	0.00000e+00
  6.29e-02	  4.27e-02	0.00000e+00
  6.29e-02	  4.32e-02	0.00000e+00
  6.29e-02	  4.37e-02	0.00000e+00
  6.29e-02	  4.43e-02	0.00000e+00
  6.29e-02	  4.48e-02	0.00000e+00
  6.29e-02	  4.53e-02	0.00000e+00
  6.29e-02	  4.58e-02	0.00000e+00
  6.29e-02	  4.64e-02	0.00000e+00
  6.29e-02	  4.69e-02	0.00000e+00
  6.29e-02	  4.74e-02	0.00000e+00
  6.29e-02	  4.79e-02	0.00000e+00
  6.29e-02	  4.84e-02	0.00000e+00
  6.29e-02	  4.90e-02	0.00000e+00
  6.29e-02	  4.95e-02	0.00000e+00

  6.37e-02	  0.00e+00	0.00000e+00
  6.37e-02	  5.21e-04	0.00000e+00
  6.37e-02	  1.04e-03	0.00000e+00
  6.37e-02	  1.56e-03	0.00000e+00
  6.37e-02	  2.08e-03	0.00000e+00
  6.37e-02	  2.60e-03	0.00000e+00
  6.37e-02	  3.12e-03	0.00000e+00
  6.37e-02	  3.65e-03	0.00000e+00
  6.37e-02	  4.17e-03	0.00000e+00
  6.37e-02	  4.69e-03	0.00000e+00
  6.37e-02	  5.21e-03	0.00000e+00
  6.37e-02	  5.73e-03	0.00000e+00
  6.37e-02	  6.25e-03	0.00000e+00
  6.37e-02	  6.77e-03	0.00000e+00
  6.37e-02	  7.29e-03	0.00000e+00
  6.37e-02	  7.81e-03	0.00000e+00
  6.37e-02	  8.33e-03	0.00000e+00
  6.37e-02	  8.85e-03	0.00000e+00
  6.37e-02	  9.37e-03	0.00000e+00
  6.37e-02	  9.90e-03	0.00000e+00
  6.37e-02	  1.04e-02	0.00000e+00
  6.37e-02	  1.09e-02	0.00000e+00
  6.37e-02	  1.15e-02	0.00000e+00
  6.37e-02	  1.20e-02	0.00000e+00
  6.37e-02	  1.25e-02	-1.71582e-30
  6.37e-02	  1.30e-02	-3.84907e-04
  6.37e-02	  1.35e-02	-8.78497e-04
  6.37e-02	  1.41e-02	-1.38028e-03
  6.37e-02	  1.46e-02	-1.79521e-03
  6.37e-02	  1.51e-02	-2.04791e-03
  6.37e-02	  1.56e-02	-2.09264e-03
  6.37e-02	  1.61e-02	-1.92203e-03
  6.37e-02	  1.67e-02	-1.57416e-03
  6.37e-02	  1.72e-02	-1.12681e-03
  6.37e-02	  1.77e-02	-6.71564e-04
  6.37e-02	  1.82e-02	-2.82064e-04
  6.37e-02	  1.88e-02	1.71585e-30
  6.37e-02	  1.93e-02	0.00000e+00
  6.37e-02	  1.98e-02	0.00000e+00
  6.37e-02	  2.03e-02	0.00000e+00
  6.37e-02	  2.08e-02	0.00000e+00
  6.37e-02	  2.14e-02	-1.80046e-30
  6.37e-02	  2.19e-02	-3.47065e-04
  6.37e-02	  2.24e-02	-7.79366e-04
  6.37e-02	  2.29e-02	-1.17337e-03
  6.37e-02	  2.34e-02	-1.42270e-03
  6.37e-02	  2.40e-02	-1.47079e-03
  6.37e-02	  2.45e-02	-1.32102e-03
  6.37e-02	  2.50e-02	-1.02058e-03
  6.37e-02	  2.55e-02	-6.45911e-04
  6.37e-02	  2.60e-02	-2.94976e-04
  6.37e-02	  2.66e-02	-5.52213e-05
  6.37e-02	  2.71e-02	4.24720e-05
  6.37e-02	  2.76e-02	3.55892e-05
  6.37e-02	  2.81e-02	1.80058e-30
  6.37e-02	  2.86e-02	0.00000e+00
  6.37e-02	  2.92e-02	0.00000e+00
  6.37e-02	  2.97e-02	0.00000e+00
  6.37e-02	  3.02e-02	0.00000e+00
  6.37e-02	  3.07e-02	-1.74373e-30
  6.37e-02	  3.13e-02	3.99709e-04
  6.37e-02	  3.18e-02	9.65932e-04
  6.37e-02	  3.23e-02	1.66863e-03
  6.37e-02	  3.28e-02	2.42598e-03
  6.37e-02	  3.33e-02	3.10445e-03
  6.37e-02	  3.39e-02	3.56183e-03
  6.37e-02	  3.44e-02	3.70194e-03
  6.37e-02	  3.49e-02	3.49779e-03
  6.37e-02	  3.54e-02	2.98399e-03
  6.37e-02	  3.59e-02	2.24498e-03
  6.37e-02	  3.65e-02	1.40448e-03
  6.37e-02	  3.70e-02	6.08019e-04
  6.37e-02	  3.75e-02	1.74355e-30
  6.37e-02	  3.80e-02	0.00000e+00
  6.37e-02	  3.85e-02	0.00000e+00
  6.37e-02	  3.91e-02	0.00000e+00
  6.37e-02	  3.96e-02	0.00000e+00
  6.37e-02	  4.01e-02	0.00000e+00
  6.37e-02	  4.06e-02	0.00000e+00
  6.37e-02	  4.11e-02	0.00000e+00
  6.37e-02	  4.17e-02	0.00000e+00
  6.37e-02	  4.22e-02	0.00000e+00
  6.37e-02	  4.27e-02	0.00000e+00
  6.37e-02	  4.32e-02	0.00000e+00
  6.37e-02	  4.37e-02	0.00000e+00
  6.37e-02	  4.43e-02	0.00000e+00
  6.37e-02	  4.48e-02	0.00000e+00
  6.37e-02	  4.53e-02	0.00000e+00
  6.37e-02	  4.58e-02	0.00000e+00
  6.37e-02	  4.64e-02	0.00000e+00
  6.37e-02	  4.69e-02	0.00000e+00
  6.37e-02	  4.74e-02	0.00000e+00
  6.37e-02	  4.79e-02	0.00000e+00
  6.37e-02	  4.84e-02	0.00000e+00
  6.37e-02	  4.90e-02	0.00000e+00
  6.37e-02	  4.95e-02	0.00000e+00

  6.45e-02	  0.00e+00	0.00000e+00
  6.45e-02	  5.21e-04	0.00000e+00
  6.45e-02	  1.04e-03	0.00000e+00
  6.45e-02	  1.56e-03	0.00000e+00
  6.45e-02	  2.08e-03	0.00000e+00
  6.45e-02	  2.60e-03	0.00000e+00
  6.45e-02	  3.12e-03	0.00000e+00
  6.45e-02	  3.65e-03	0.00000e+00
  6.45e-02	  4.17e-03	0.00000e+00
  6.45e-02	  4.69e-03	0.00000e+00
  6.45e-02	  5.21e-03	0.00000e+00
  6.45e-02	  5.73e-03	0.00000e+00
  6.45e-02	  6.25e-03	0.00000e+00
  6.45e-02	  6.77e-03	0.00000e+00
  6.45e-02	  7.29e-03	0.00000e+00
  6.45e-02	  7.81e-03	0.00000e+00
  6.45e-02	  8.33e-03	0.00000e+00
  6.45e-02	  8.85e-03	0.00000e+00
  6.45e-02	  9.37e-03	0.00000e+00
  6.45e-02	  9.90e-03	0.00000e+00
  6.45e-02	  1.04e-02	0.00000e+00
  6.45e-02	  1.09e-02	0.00000e+00
  6.45e-02	  1.15e-02	0.00000e+00
  6.45e-02	  1.20e-02	0.00000e+00
  6.45e-02	  1.25e-02	-1.64891e-30
  6.45e-02	  1.30e-02	-3.47540e-04
  6.45e-02	  1.35e-02	-7.89832e-04
  6.45e-02	  1.41e-02	-1.23422e-03
  6.45e-02	  1.46e-02	-1.59564e-03
  6.45e-02	  1.51e-02	-1.80908e-03
  6.45e-02	  1.56e-02	-1.83738e-03
  6.45e-02	  1.61e-02	-1.67755e-03
  6.45e-02	  1.67e-02	-1.36589e-03
  6.45e-02	  1.72e-02	-9.72091e-04
  6.45e-02	  1.77e-02	-5.76232e-04
  6.45e-02	  1.82e-02	-2.41034e-04
  6.45e-02	  1.88e-02	1.64897e-30
  6.45e-02	  1.93e-02	0.00000e+00
  6.45e-02	  1.98e-02	0.00000e+00
  6.45e-02	  2.03e-02	0.00000e+00
  6.45e-02	  2.08e-02	0.00000e+00
  6.45e-02	  2.14e-02	-1.74380e-30
  6.45e-02	  2.19e-02	-3.30470e-04
  6.45e-02	  2.24e-02	-7.41501e-04
  6.45e-02	  2.29e-02	-1.11492e-03
  6.45e-02	  2.34e-02	-1.34957e-03
  6.45e-02	  2.40e-02	-1.39236e-03
  6.45e-02	  2.45e-02	-1.24741e-03
  6.45e-02	  2.50e-02	-9.60663e-04
  6.45e-02	  2.55e-02	-6.05542e-04
  6.45e-02	  2.60e-02	-2.74516e-04
  6.45e-02	  2.66e-02	-4.91595e-05
  6.45e-02	  2.71e-02	4.19818e-05
  6.45e-02	  2.76e-02	3.44241e-05
  6.45e-02	  2.81e-02	1.74392e-30
  6.45e-02	  2.86e-02	0.00000e+00
  6.45e-02	  2.92e-02	0.00000e+00
  6.45e-02	  2.97e-02	0.00000e+00
  6.45e-02	  3.02e-02	0.00000e+00
  6.45e-02	  3.07e-02	-1.68205e-30
  6.45e-02	  3.13e-02	3.63533e-04
  6.45e-02	  3.18e-02	8.79040e-04
  6.45e-02	  3.23e-02	1.51992e-03
  6.45e-02	  3.28e-02	2.21242e-03
  6.45e-02	  3.33e-02	2.83562e-03
  6.45e-02	  3.39e-02	3.25983e-03
  6.45e-02	  3.44e-02	3.39567e-03
  6.45e-02	  3.49e-02	3.21582e-03
  6.45e-02	  3.54e-02	2.74949e-03
  6.45e-02	  3.59e-02	2.07257e-03
  6.45e-02	  3.65e-02	1.29855e-03
  6.45e-02	  3.70e-02	5.62633e-04
  6.45e-02	  3.75e-02	1.68191e-30
  6.45e-02	  3.80e-02	0.00000e+00
  6.45e-02	  3.85e-02	0.00000e+00
  6.45e-02	  3.91e-02	0.00000e+00
  6.45e-02	  3.96e-02	0.00000e+00
  6.45e-02	  4.01e-02	0.00000e+00
  6.45e-02	  4.06e-02	0.00000e+00
  6.45e-02	  4.11e-02	0.00000e+00
  6.45e-02	  4.17e-02	0.00000e+00
  6.45e-02	  4.22e-02	0.00000e+00
  6.45e-02	  4.27e-02	0.00000e+00
  6.45e-02	  4.32e-02	0.00000e+00
  6.45e-02	  4.37e-02	0.00000e+00
  6.45e-02	  4.43e-02	0.00000e+00
  6.45e-02	  4.48e-02	0.00000e+00
  6.45e-02	  4.53e-02	0.00000e+00
  6.45e-02	  4.58e-02	0.00000e+00
  6.45e-02	  4.64e-02	0.00000e+00
  6.45e-02	  4.69e-02	0.00000e+00
  6.45e-02	  4.74e-02	0.00000e+00
  6.45e-02	  4.79e-02	0.00000e+00
  6.45e-02	  4.84e-02	0.00000e+00
  6.45e-02	  4.90e-02	0.00000e+00
  6.45e-02	  4.95e-02	0.00000e+00

  6.52e-02	  0.00e+00	0.00000e+00
  6.52e-02	  5.21e-04	0.00000e+00
  6.52e-02	  1.04e-03	0.00000e+00
  6.52e-02	  1.56e-03	0.00000e+00
  6.52e-02	  2.08e-03	0.00000e+00
  6.52e-02	  2.60e-03	0.00000e+00
  6.52e-02	  3.12e-03	0.00000e+00
  6.52e-02	  3.65e-03	0.00000e+00
  6.52e-02	  4.17e-03	0.00000e+00
  6.52e-02	  4.69e-03	0.00000e+00
  6.52e-02	  5.21e-03	0.00000e+00
  6.52e-02	  5.73e-03	0.00000e+00
  6.52e-02	  6.25e-03	0.00000e+00
  6.52e-02	  6.77e-03	0.00000e+00
  6.52e-02	  7.29e-03	0.00000e+00
  6.52e-02	  7.81e-03	0.00000e+00
  6.52e-02	  8.33e-03	0.00000e+00
  6.52e-02	  8.85e-03	0.00000e+00
  6.52e-02	  9.37e-03	0.00000e+00
  6.52e-02	  9.90e-03	0.00000e+00
  6.52e-02	  1.04e-02	0.00000e+00
  6.52e-02	  1.09e-02	0.00000e+00
  6.52e-02	  1.15e-02	0.00000e+00
  6.52e-02	  1.20e-02	0.00000e+00
  6.52e-02	  1.25e-02	-1.58079e-30
  6.52e-02	  1.30e-02	-3.22600e-04
  6.52e-02	  1.35e-02	-7.26531e-04
  6.52e-02	  1.41e-02	-1.12330e-03
  6.52e-02	  1.46e-02	-1.43639e-03
  6.52e-02	  1.51e-02	-1.61115e-03
  6.52e-02	  1.56e-02	-1.61943e-03
  6.52e-02	  1.61e-02	-1.46346e-03
  6.52e-02	  1.67e-02	-1.17912e-03
  6.52e-02	  1.72e-02	-8.30001e-04
  6.52e-02	  1.77e-02	-4.86602e-04
  6.52e-02	  1.82e-02	-2.01665e-04
  6.52e-02	  1.88e-02	1.58092e-30
  6.52e-02	  1.93e-02	0.00000e+00
  6.52e-02	  1.98e-02	0.00000e+00
  6.52e-02	  2.03e-02	0.00000e+00
  6.52e-02	  2.08e-02	0.00000e+00
  6.52e-02	  2.14e-02	-1.68578e-30
  6.52e-02	  2.19e-02	-3.13745e-04
  6.52e-02	  2.24e-02	-7.03440e-04
  6.52e-02	  2.29e-02	-1.05637e-03
  6.52e-02	  2.34e-02	-1.27668e-03
  6.52e-02	  2.40e-02	-1.31475e-03
  6.52e-02	  2.45e-02	-1.17533e-03
  6.52e-02	  2.50e-02	-9.02801e-04
  6.52e-02	  2.55e-02	-5.67217e-04
  6.52e-02	  2.60e-02	-2.55563e-04
  6.52e-02	  2.66e-02	-4.39407e-05
  6.52e-02	  2.71e-02	4.11308e-05
  6.52e-02	  2.76e-02	3.31507e-05
  6.52e-02	  2.81e-02	1.68590e-30
  6.52e-02	  2.86e-02	0.00000e+00
  6.52e-02	  2.92e-02	0.00000e+00
  6.52e-02	  2.97e-02	0.00000e+00
  6.52e-02	  3.02e-02	0.00000e+00
  6.52e-02	  3.07e-02	-1.61910e-30
  6.52e-02	  3.13e-02	3.29399e-04
  6.52e-02	  3.18e-02	7.97106e-04
  6.52e-02	  3.23e-02	1.37983e-03
  6.52e-02	  3.28e-02	2.01133e-03
  6.52e-02	  3.33e-02	2.58230e-03
  6.52e-02	  3.39e-02	2.97465e-03
  6.52e-02	  3.44e-02	3.10556e-03
  6.52e-02	  3.49e-02	2.94786e-03
  6.52e-02	  3.54e-02	2.52597e-03
  6.52e-02	  3.59e-02	1.90781e-03
  6.52e-02	  3.65e-02	1.19713e-03
  6.52e-02	  3.70e-02	5.19144e-04
  6.52e-02	  3.75e-02	1.61900e-30
  6.52e-02	  3.80e-02	0.00000e+00
  6.52e-02	  3.85e-02	0.00000e+00
  6.52e-02	  3.91e-02	0.00000e+00
  6.52e-02	  3.96e-02	0.00000e+00
  6.52e-02	  4.01e-02	0.00000e+00
  6.52e-02	  4.06e-02	0.00000e+00
  6.52e-02	  4.11e-02	0.00000e+00
  6.52e-02	  4.17e-02	0.00000e+00
  6.52e-02	  4.22e-02	0.00000e+00
  6.52e-02	  4.27e-02	0.00000e+00
  6.52e-02	  4.32e-02	0.00000e+00
  6.52e-02	  4.37e-02	0.00000e+00
  6.52e-02	  4.43e-02	0.00000e+00
  6.52e-02	  4.48e-02	0.00000e+00
  6.52e-02	  4.53e-02	0.00000e+00
  6.52e-02	  4.58e-02	0.00000e+00
  6.52e-02	  4.64e-02	0.00000e+00
  6.52e-02	  4.69e-02	0.00000e+00
  6.52e-02	  4.74e-02	0.00000e+00
  6.52e-02	  4.79e-02	0.00000e+00
  6.52e-02	  4.84e-02	0.00000e+00
  6.52e-02	  4.90e-02	0.00000e+00
  6.52e-02	  4.95e-02	0.00000e+00

  6.60e-02	  0.00e+00	0.00000e+00
  6.60e-02	  5.21e-04	0.00000e+00
  6.60e-02	  1.04e-03	0.00000e+00
  6.60e-02	  1.56e-03	0.00000e+00
  6.60e-02	  2.08e-03	0.00000e+00
  6.60e-02	  2.60e-03	0.00000e+00
  6.60e-02	  3.12e-03	0.00000e+00
  6.60e-02	  3.65e-03	0.00000e+00
  6.60e-02	  4.17e-03	0.00000e+00
  6.60e-02	  4.69e-03	0.00000e+00
  6.60e-02	  5.21e-03	0.00000e+00
  6.60e-02	  5.73e-03	0.00000e+00
  6.60e-02	  6.25e-03	0.00000e+00
  6.60e-02	  6.77e-03	0.00000e+00
  6.60e-02	  7.29e-03	0.00000e+00
  6.60e-02	  7.81e-03	0.00000e+00
  6.60e-02	  8.33e-03	0.00000e+00
  6.60e-02	  8.85e-03	0.00000e+00
  6.60e-02	  9.37e-03	0.00000e+00
  6.60e-02	  9.90e-03	0.00000e+00
  6.60e-02	  1.04e-02	0.00000e+00
  6.60e-02	  1.09e-02	0.00000e+00
  6.60e-02	  1.15e-02	0.00000e+00
  6.60e-02	  1.20e-02	0.00000e+00
  6.60e-02	  1.25e-02	-1.51148e-30
  6.60e-02	  1.30e-02	-3.19527e-04
  6.60e-02	  1.35e-02	-7.04875e-04
  6.60e-02	  1.41e-02	-1.06414e-03
  6.60e-02	  1.46e-02	-1.32986e-03
  6.60e-02	  1.51e-02	-1.46026e-03
  6.60e-02	  1.56e-02	-1.43845e-03
  6.60e-02	  1.61e-02	-1.27378e-03
  6.60e-02	  1.67e-02	-1.00388e-03
  6.60e-02	  1.72e-02	-6.88973e-04
  6.60e-02	  1.77e-02	-3.92596e-04
  6.60e-02	  1.82e-02	-1.58436e-04
  6.60e-02	  1.88e-02	1.51173e-30
  6.60e-02	  1.93e-02	0.00000e+00
  6.60e-02	  1.98e-02	0.00000e+00
  6.60e-02	  2.03e-02	0.00000e+00
  6.60e-02	  2.08e-02	0.00000e+00
  6.60e-02	  2.14e-02	-1.62642e-30
  6.60e-02	  2.19e-02	-2.96866e-04
  6.60e-02	  2.24e-02	-6.65107e-04
  6.60e-02	  2.29e-02	-9.97565e-04
  6.60e-02	  2.34e-02	-1.20374e-03
  6.60e-02	  2.40e-02	-1.23744e-03
  6.60e-02	  2.45e-02	-1.10397e-03
  6.60e-02	  2.50e-02	-8.45950e-04
  6.60e-02	  2.55e-02	-5.29795e-04
  6.60e-02	  2.60e-02	-2.37102e-04
  6.60e-02	  2.66e-02	-3.88177e-05
  6.60e-02	  2.71e-02	4.03647e-05
  6.60e-02	  2.76e-02	3.19532e-05
  6.60e-02	  2.81e-02	1.62651e-30
  6.60e-02	  2.86e-02	0.00000e+00
  6.60e-02	  2.92e-02	0.00000e+00
  6.60e-02	  2.97e-02	0.00000e+00
  6.60e-02	  3.02e-02	0.00000e+00
  6.60e-02	  3.07e-02	-1.55490e-30
  6.60e-02	  3.13e-02	2.97390e-04
  6.60e-02	  3.18e-02	7.20313e-04
  6.60e-02	  3.23e-02	1.24864e-03
  6.60e-02	  3.28e-02	1.82311e-03
  6.60e-02	  3.33e-02	2.34507e-03
  6.60e-02	  3.39e-02	2.70713e-03
  6.60e-02	  3.44e-02	2.83277e-03
  6.60e-02	  3.49e-02	2.69523e-03
  6.60e-02	  3.54e-02	2.31472e-03
  6.60e-02	  3.59e-02	1.75180e-03
  6.60e-02	  3.65e-02	1.10099e-03
  6.60e-02	  3.70e-02	4.77897e-04
  6.60e-02	  3.75e-02	1.55482e-30
  6.60e-02	  3.80e-02	0.00000e+00
  6.60e-02	  3.85e-02	0.00000e+00
  6.60e-02	  3.91e-02	0.00000e+00
  6.60e-02	  3.96e-02	0.00000e+00
  6.60e-02	  4.01e-02	0.00000e+00
  6.60e-02	  4.06e-02	0.00000e+00
  6.60e-02	  4.11e-02	0.00000e+00
  6.60e-02	  4.17e-02	0.00000e+00
  6.60e-02	  4.22e-02	0.00000e+00
  6.60e-02	  4.27e-02	0.00000e+00
  6.60e-02	  4.32e-02	0.00000e+00
  6.60e-02	  4.37e-02	0.00000e+00
  6.60e-02	  4.43e-02	0.00000e+00
  6.60e-02	  4.48e-02	0.00000e+00
  6.60e-02	  4.53e-02	0.00000e+00
  6.60e-02	  4.58e-02	0.00000e+00
  6.60e-02	  4.64e-02	0.00000e+00
  6.60e-02	  4.69e-02	0.00000e+00
  6.60e-02	  4.74e-02	0.00000e+00
  6.60e-02	  4.79e-02	0.00000e+00
  6.60e-02	  4.84e-02	0.00000e+00
  6.60e-02	  4.90e-02	0.00000e+00
  6.60e-02	  4.95e-02	0.00000e+00

  6.68e-02	  0.00e+00	0.00000e+00
  6.68e-02	  5.21e-04	0.00000e+00
  6.68e-02	  1.04e-03	0.00000e+00
  6.68e-02	  1.56e-03	0.00000e+00
  6.68e-02	  2.08e-03	0.00000e+00
  6.68e-02	  2.60e-03	0.00000e+00
  6.68e-02	  3.12e-03	0.00000e+00
  6.68e-02	  3.65e-03	0.00000e+00
  6.68e-02	  4.17e-03	0.00000e+00
  6.68e-02	  4.69e-03	0.00000e+00
  6.68e-02	  5.21e-03	0.00000e+00
  6.68e-02	  5.73e-03	0.00000e+00
  6.68e-02	  6.25e-03	0.00000e+00
  6.68e-02	  6.77e-03	0.00000e+00
  6.68e-02	  7.29e-03	0.00000e+00
  6.68e-02	  7.81e-03	0.00000e+00
  6.68e-02	  8.33e-03	0.00000e+00
  6.68e-02	  8.85e-03	0.00000e+00
  6.68e-02	  9.37e-03	0.00000e+00
  6.68e-02	  9.90e-03	0.00000e+00
  6.68e-02	  1.04e-02	0.00000e+00
  6.68e-02	  1.09e-02	0.00000e+00
  6.68e-02	  1.15e-02	0.00000e+00
  6.68e-02	  1.20e-02	0.00000e+00
  6.68e-02	  1.25e-02	-1.44093e-30
  6.68e-02	  1.30e-02	-3.58054e-04
  6.68e-02	  1.35e-02	-7.58850e-04
  6.68e-02	  1.41e-02	-1.08755e-03
  6.68e-02	  1.46e-02	-1.29643e-03
  6.68e-02	  1.51e-02	-1.36511e-03
  6.68e-02	  1.56e-02	-1.29238e-03
  6.68e-02	  1.61e-02	-1.09710e-03
  6.68e-02	  1.67e-02	-8.21269e-04
  6.68e-02	  1.72e-02	-5.25739e-04
  6.68e-02	  1.77e-02	-2.72320e-04
  6.68e-02	  1.82e-02	-9.90039e-05
  6.68e-02	  1.88e-02	1.44140e-30
  6.68e-02	  1.93e-02	0.00000e+00
  6.68e-02	  1.98e-02	0.00000e+00
  6.68e-02	  2.03e-02	0.00000e+00
  6.68e-02	  2.08e-02	0.00000e+00
  6.68e-02	  2.14e-02	-1.56571e-30
  6.68e-02	  2.19e-02	-2.79874e-04
  6.68e-02	  2.24e-02	-6.26583e-04
  6.68e-02	  2.29e-02	-9.38605e-04
  6.68e-02	  2.34e-02	-1.13079e-03
  6.68e-02	  2.40e-02	-1.16037e-03
  6.68e-02	  2.45e-02	-1.03311e-03
  6.68e-02	  2.50e-02	-7.89673e-04
  6.68e-02	  2.55e-02	-4.92753e-04
  6.68e-02	  2.60e-02	-2.18658e-04
  6.68e-02	  2.66e-02	-3.34454e-05
  6.68e-02	  2.71e-02	3.98836e-05
  6.68e-02	  2.76e-02	3.09118e-05
  6.68e-02	  2.81e-02	1.56579e-30
  6.68e-02	  2.86e-02	0.00000e+00
  6.68e-02	  2.92e-02	0.00000e+00
  6.68e-02	  2.97e-02	0.00000e+00
  6.68e-02	  3.02e-02	0.00000e+00
  6.68e-02	  3.07e-02	-1.48948e-30
  6.68e-02	  3.13e-02	2.67577e-04
  6.68e-02	  3.18e-02	6.48829e-04
  6.68e-02	  3.23e-02	1.12664e-03
  6.68e-02	  3.28e-02	1.64818e-03
  6.68e-02	  3.33e-02	2.12456e-03
  6.68e-02	  3.39e-02	2.45821e-03
  6.68e-02	  3.44e-02	2.57854e-03
  6.68e-02	  3.49e-02	2.45939e-03
  6.68e-02	  3.54e-02	2.11722e-03
  6.68e-02	  3.59e-02	1.60581e-03
  6.68e-02	  3.65e-02	1.01099e-03
  6.68e-02	  3.70e-02	4.39306e-04
  6.68e-02	  3.75e-02	1.48942e-30
  6.68e-02	  3.80e-02	0.00000e+00
  6.68e-02	  3.85e-02	0.00000e+00
  6.68e-02	  3.91e-02	0.00000e+00
  6.68e-02	  3.96e-02	0.00000e+00
  6.68e-02	  4.01e-02	0.00000e+00
  6.68e-02	  4.06e-02	0.00000e+00
  6.68e-02	  4.11e-02	0.00000e+00
  6.68e-02	  4.17e-02	0.00000e+00
  6.68e-02	  4.22e-02	0.00000e+00
  6.68e-02	  4.27e-02	0.00000e+00
  6.68e-02	  4.32e-02	0.00000e+00
  6.68e-02	  4.37e-02	0.00000e+00
  6.68e-02	  4.43e-02	0.00000e+00
  6.68e-02	  4.48e-02	0.00000e+00
  6.68e-02	  4.53e-02	0.00000e+00
  6.68e-02	  4.58e-02	0.00000e+00
  6.68e-02	  4.64e-02	0.00000e+00
  6.68e-02	  4.69e-02	0.00000e+00
  6.68e-02	  4.74e-02	0.00000e+00
  6.68e-02	  4.79e-02	0.00000e+00
  6.68e-02	  4.84e-02	0.00000e+00
  6.68e-02	  4.90e-02	0.00000e+00
  6.68e-02	  4.95e-02	0.00000e+00

  6.76e-02	  0.00e+00	0.00000e+00
  6.76e-02	  5.21e-04	0.00000e+00
  6.76e-02	  1.04e-03	0.00000e+00
  6.76e-02	  1.56e-03	0.00000e+00
  6.76e-02	  2.08e-03	0.00000e+00
  6.76e-02	  2.60e-03	0.00000e+00
  6.76e-02	  3.12e-03	0.00000e+00
  6.76e-02	  3.65e-03	0.00000e+00
  6.76e-02	  4.17e-03	0.00000e+00
  6.76e-02	  4.69e-03	0.00000e+00
  6.76e-02	  5.21e-03	0.00000e+00
  6.76e-02	  5.73e-03	0.00000e+00
  6.76e-02	  6.25e-03	0.00000e+00
  6.76e-02	  6.77e-03	0.00000e+00
  6.76e-02	  7.29e-03	0.00000e+00
  6.76e-02	  7.81e-03	0.00000e+00
  6.76e-02	  8.33e-03	0.00000e+00
  6.76e-02	  8.85e-03	0.00000e+00
  6.76e-02	  9.37e-03	0.00000e+00
  6.76e-02	  9.90e-03	0.00000e+00
  6.76e-02	  1.04e-02	0.00000e+00
  6.76e-02	  1.09e-02	0.00000e+00
  6.76e-02	  1.15e-02	0.00000e+00
  6.76e-02	  1.20e-02	0.00000e+00
  6.76e-02	  1.25e-02	-1.36899e-30
  6.76e-02	  1.30e-02	-4.58773e-04
  6.76e-02	  1.35e-02	-9.33628e-04
  6.76e-02	  1.41e-02	-1.22571e-03
  6.76e-02	  1.46e-02	-1.35258e-03
  6.76e-02	  1.51e-02	-1.32896e-03
  6.76e-02	  1.56e-02	-1.17300e-03
  6.76e-02	  1.61e-02	-9.14202e-04
  6.76e-02	  1.67e-02	-6.00928e-04
  6.76e-02	  1.72e-02	-3.00092e-04
  6.76e-02	  1.77e-02	-8.30955e-05
  6.76e-02	  1.82e-02	4.05955e-08
  6.76e-02	  1.88e-02	1.36988e-30
  6.76e-02	  1.93e-02	0.00000e+00
  6.76e-02	  1.98e-02	0.00000e+00
  6.76e-02	  2.03e-02	0.00000e+00
  6.76e-02	  2.08e-02	0.00000e+00
  6.76e-02	  2.14e-02	-1.50367e-30
  6.76e-02	  2.19e-02	-2.62861e-04
  6.76e-02	  2.24e-02	-5.88061e-04
  6.76e-02	  2.29e-02	-8.79764e-04
  6.76e-02	  2.34e-02	-1.05816e-03
  6.76e-02	  2.40e-02	-1.08381e-03
  6.76e-02	  2.45e-02	-9.62872e-04
  6.76e-02	  2.50e-02	-7.33963e-04
  6.76e-02	  2.55e-02	-4.55993e-04
  6.76e-02	  2.60e-02	-2.00119e-04
  6.76e-02	  2.66e-02	-2.77454e-05
  6.76e-02	  2.71e-02	3.97276e-05
  6.76e-02	  2.76e-02	3.00396e-05
  6.76e-02	  2.81e-02	1.50374e-30
  6.76e-02	  2.86e-02	0.00000e+00
  6.76e-02	  2.92e-02	0.00000e+00
  6.76e-02	  2.97e-02	0.00000e+00
  6.76e-02	  3.02e-02	0.00000e+00
  6.76e-02	  3.07e-02	-1.42289e-30
  6.76e-02	  3.13e-02	2.39951e-04
  6.76e-02	  3.18e-02	5.82674e-04
  6.76e-02	  3.23e-02	1.01392e-03
  6.76e-02	  3.28e-02	1.48680e-03
  6.76e-02	  3.33e-02	1.92130e-03
  6.76e-02	  3.39e-02	2.22884e-03
  6.76e-02	  3.44e-02	2.34426e-03
  6.76e-02	  3.49e-02	2.24205e-03
  6.76e-02	  3.54e-02	1.93528e-03
  6.76e-02	  3.59e-02	1.47144e-03
  6.76e-02	  3.65e-02	9.28293e-04
  6.76e-02	  3.70e-02	4.03933e-04
  6.76e-02	  3.75e-02	1.42282e-30
  6.76e-02	  3.80e-02	0.00000e+00
  6.76e-02	  3.85e-02	0.00000e+00
  6.76e-02	  3.91e-02	0.00000e+00
  6.76e-02	  3.96e-02	0.00000e+00
  6.76e-02	  4.01e-02	0.00000e+00
  6.76e-02	  4.06e-02	0.00000e+00
  6.76e-02	  4.11e-02	0.00000e+00
  6.76e-02	  4.17e-02	0.00000e+00
  6.76e-02	  4.22e-02	0.00000e+00
  6.76e-02	  4.27e-02	0.00000e+00
  6.76e-02	  4.32e-02	0.00000e+00
  6.76e-02	  4.37e-02	0.00000e+00
  6.76e-02	  4.43e-02	0.00000e+00
  6.76e-02	  4.48e-02	0.00000e+00
  6.76e-02	  4.53e-02	0.00000e+00
  6.76e-02	  4.58e-02	0.00000e+00
  6.76e-02	  4.64e-02	0.00000e+00
  6.76e-02	  4.69e-02	0.00000e+00
  6.76e-02	  4.74e-02	0.00000e+00
  6.76e-02	  4.79e-02	0.00000e+00
  6.76e-02	  4.84e-02	0.00000e+00
  6.76e-02	  4.90e-02	0.00000e+00
  6.76e-02	  4.95e-02	0.00000e+00

  6.84e-02	  0.00e+00	0.00000e+00
  6.84e-02	  5.21e-04	0.00000e+00
  6.84e-02	  1.04e-03	0.00000e+00
  6.84e-02	  1.56e-03	0.00000e+00
  6.84e-02	  2.08e-03	0.00000e+00
  6.84e-02	  2.60e-03	0.00000e+00
  6.84e-02	  3.12e-03	0.00000e+00
  6.84e-02	  3.65e-03	0.00000e+00
  6.84e-02	  4.17e-03	0.00000e+00
  6.84e-02	  4.69e-03	0.00000e+00
  6.84e-02	  5.21e-03	0.00000e+00
  6.84e-02	  5.73e-03	0.00000e+00
  6.84e-02	  6.25e-03	0.00000e+00
  6.84e-02	  6.77e-03	0.00000e+00
  6.84e-02	  7.29e-03	0.00000e+00
  6.84e-02	  7.81e-03	0.00000e+00
  6.84e-02	  8.33e-03	0.00000e+00
  6.84e-02	  8.85e-03	0.00000e+00
  6.84e-02	  9.37e-03	0.00000e+00
  6.84e-02	  9.90e-03	0.00000e+00
  6.84e-02	  1.04e-02	0.00000e+00
  6.84e-02	  1.09e-02	0.00000e+00
  6.84e-02	  1.15e-02	0.00000e+00
  6.84e-02	  1.20e-02	0.00000e+00
  6.84e-02	  1.25e-02	-1.29667e-30
  6.84e-02	  1.30e-02	-5.11347e-04
  6.84e-02	  1.35e-02	-1.08033e-03
  6.84e-02	  1.41e-02	-1.40178e-03
  6.84e-02	  1.46e-02	-1.45721e-03
  6.84e-02	  1.51e-02	-1.32662e-03
  6.84e-02	  1.56e-02	-1.06068e-03
  6.84e-02	  1.61e-02	-7.05000e-04
  6.84e-02	  1.67e-02	-3.17989e-04
  6.84e-02	  1.72e-02	2.02254e-05
  6.84e-02	  1.77e-02	2.07844e-04
  6.84e-02	  1.82e-02	1.48672e-04
  6.84e-02	  1.88e-02	1.29713e-30
  6.84e-02	  1.93e-02	0.00000e+00
  6.84e-02	  1.98e-02	0.00000e+00
  6.84e-02	  2.03e-02	0.00000e+00
  6.84e-02	  2.08e-02	0.00000e+00
  6.84e-02	  2.14e-02	-1.44034e-30
  6.84e-02	  2.19e-02	-2.45948e-04
  6.84e-02	  2.24e-02	-5.49811e-04
  6.84e-02	  2.29e-02	-8.21436e-04
  6.84e-02	  2.34e-02	-9.86303e-04
  6.84e-02	  2.40e-02	-1.00821e-03
  6.84e-02	  2.45e-02	-8.93630e-04
  6.84e-02	  2.50e-02	-6.79078e-04
  6.84e-02	  2.55e-02	-4.19682e-04
  6.84e-02	  2.60e-02	-1.81599e-04
  6.84e-02	  2.66e-02	-2.17983e-05
  6.84e-02	  2.71e-02	3.98439e-05
  6.84e-02	  2.76e-02	2.93116e-05
  6.84e-02	  2.81e-02	1.44038e-30
  6.84e-02	  2.86e-02	0.00000e+00
  6.84e-02	  2.92e-02	0.00000e+00
  6.84e-02	  2.97e-02	0.00000e+00
  6.84e-02	  3.02e-02	0.00000e+00
  6.84e-02	  3.07e-02	-1.35515e-30
  6.84e-02	  3.13e-02	2.14321e-04
  6.84e-02	  3.18e-02	5.21512e-04
  6.84e-02	  3.23e-02	9.10137e-04
  6.84e-02	  3.28e-02	1.33882e-03
  6.84e-02	  3.33e-02	1.73560e-03
  6.84e-02	  3.39e-02	2.01992e-03
  6.84e-02	  3.44e-02	2.13154e-03
  6.84e-02	  3.49e-02	2.04543e-03
  6.84e-02	  3.54e-02	1.77142e-03
  6.84e-02	  3.59e-02	1.35108e-03
  6.84e-02	  3.65e-02	8.54703e-04
  6.84e-02	  3.70e-02	3.72687e-04
  6.84e-02	  3.75e-02	1.35506e-30
  6.84e-02	  3.80e-02	0.00000e+00
  6.84e-02	  3.85e-02	0.00000e+00
  6.84e-02	  3.91e-02	0.00000e+00
  6.84e-02	  3.96e-02	0.00000e+00
  6.84e-02	  4.01e-02	0.00000e+00
  6.84e-02	  4.06e-02	0.00000e+00
  6.84e-02	  4.11e-02	0.00000e+00
  6.84e-02	  4.17e-02	0.00000e+00
  6.84e-02	  4.22e-02	0.00000e+00
  6.84e-02	  4.27e-02	0.00000e+00
  6.84e-02	  4.32e-02	0.00000e+00
  6.84e-02	  4.37e-02	0.00000e+00
  6.84e-02	  4.43e-02	0.00000e+00
  6.84e-02	  4.48e-02	0.00000e+00
  6.84e-02	  4.53e-02	0.00000e+00
  6.84e-02	  4.58e-02	0.00000e+00
  6.84e-02	  4.64e-02	0.00000e+00
  6.84e-02	  4.69e-02	0.00000e+00
  6.84e-02	  4.74e-02	0.00000e+00
  6.84e-02	  4.79e-02	0.00000e+00
  6.84e-02	  4.84e-02	0.00000e+00
  6.84e-02	  4.90e-02	0.00000e+00
  6.84e-02	  4.95e-02	0.00000e+00

  6.91e-02	  0.00e+00	0.00000e+00
  6.91e-02	  5.21e-04	0.00000e+00
  6.91e-02	  1.04e-03	0.00000e+00
  6.91e-02	  1.56e-03	0.00000e+00
  6.91e-02	  2.08e-03	0.00000e+00
  6.91e-02	  2.60e-03	0.00000e+00
  6.91e-02	  3.12e-03	0.00000e+00
  6.91e-02	  3.65e-03	0.00000e+00
  6.91e-02	  4.17e-03	0.00000e+00
  6.91e-02	  4.69e-03	0.00000e+00
  6.91e-02	  5.21e-03	0.00000e+00
  6.91e-02	  5.73e-03	0.00000e+00
  6.91e-02	  6.25e-03	0.00000e+00
  6.91e-02	  6.77e-03	0.00000e+00
  6.91e-02	  7.29e-03	0.00000e+00
  6.91e-02	  7.81e-03	0.00000e+00
  6.91e-02	  8.33e-03	0.00000e+00
  6.91e-02	  8.85e-03	0.00000e+00
  6.91e-02	  9.37e-03	0.00000e+00
  6.91e-02	  9.90e-03	0.00000e+00
  6.91e-02	  1.04e-02	0.00000e+00
  6.91e-02	  1.09e-02	0.00000e+00
  6.91e-02	  1.15e-02	0.00000e+00
  6.91e-02	  1.20e-02	0.00000e+00
  6.91e-02	  1.25e-02	-1.22471e-30
  6.91e-02	  1.30e-02	-4.62908e-04
  6.91e-02	  1.35e-02	-1.03382e-03
  6.91e-02	  1.41e-02	-1.43812e-03
  6.91e-02	  1.46e-02	-1.50638e-03
  6.91e-02	  1.51e-02	-1.30348e-03
  6.91e-02	  1.56e-02	-9.35217e-04
  6.91e-02	  1.61e-02	-4.79076e-04
  6.91e-02	  1.67e-02	-1.94938e-05
  6.91e-02	  1.72e-02	3.26454e-04
  6.91e-02	  1.77e-02	4.10385e-04
  6.91e-02	  1.82e-02	2.16855e-04
  6.91e-02	  1.88e-02	1.22433e-30
  6.91e-02	  1.93e-02	0.00000e+00
  6.91e-02	  1.98e-02	0.00000e+00
  6.91e-02	  2.03e-02	0.00000e+00
  6.91e-02	  2.08e-02	0.00000e+00
  6.91e-02	  2.14e-02	-1.37573e-30
  6.91e-02	  2.19e-02	-2.29279e-04
  6.91e-02	  2.24e-02	-5.12144e-04
  6.91e-02	  2.29e-02	-7.64085e-04
  6.91e-02	  2.34e-02	-9.15774e-04
  6.91e-02	  2.40e-02	-9.34145e-04
  6.91e-02	  2.45e-02	-8.25895e-04
  6.91e-02	  2.50e-02	-6.25428e-04
  6.91e-02	  2.55e-02	-3.84125e-04
  6.91e-02	  2.60e-02	-1.63323e-04
  6.91e-02	  2.66e-02	-1.57622e-05
  6.91e-02	  2.71e-02	4.01370e-05
  6.91e-02	  2.76e-02	2.86861e-05
  6.91e-02	  2.81e-02	1.37576e-30
  6.91e-02	  2.86e-02	0.00000e+00
  6.91e-02	  2.92e-02	0.00000e+00
  6.91e-02	  2.97e-02	0.00000e+00
  6.91e-02	  3.02e-02	0.00000e+00
  6.91e-02	  3.07e-02	-1.28630e-30
  6.91e-02	  3.13e-02	1.90089e-04
  6.91e-02	  3.18e-02	4.64242e-04
  6.91e-02	  3.23e-02	8.14004e-04
  6.91e-02	  3.28e-02	1.20319e-03
  6.91e-02	  3.33e-02	1.56710e-03
  6.91e-02	  3.39e-02	1.83223e-03
  6.91e-02	  3.44e-02	1.94244e-03
  6.91e-02	  3.49e-02	1.87277e-03
  6.91e-02	  3.54e-02	1.62965e-03
  6.91e-02	  3.59e-02	1.24882e-03
  6.91e-02	  3.65e-02	7.93501e-04
  6.91e-02	  3.70e-02	3.47294e-04
  6.91e-02	  3.75e-02	1.28616e-30
  6.91e-02	  3.80e-02	0.00000e+00
  6.91e-02	  3.85e-02	0.00000e+00
  6.91e-02	  3.91e-02	0.00000e+00
  6.91e-02	  3.96e-02	0.00000e+00
  6.91e-02	  4.01e-02	0.00000e+00
  6.91e-02	  4.06e-02	0.00000e+00
  6.91e-02	  4.11e-02	0.00000e+00
  6.91e-02	  4.17e-02	0.00000e+00
  6.91e-02	  4.22e-02	0.00000e+00
  6.91e-02	  4.27e-02	0.00000e+00
  6.91e-02	  4.32e-02	0.00000e+00
  6.91e-02	  4.37e-02	0.00000e+00
  6.91e-02	  4.43e-02	0.00000e+00
  6.91e-02	  4.48e-02	0.00000e+00
  6.91e-02	  4.53e-02	0.00000e+00
  6.91e-02	  4.58e-02	0.00000e+00
  6.91e-02	  4.64e-02	0.00000e+00
  6.91e-02	  4.69e-02	0.00000e+00
  6.91e-02	  4.74e-02	0.00000e+00
  6.91e-02	  4.79e-02	0.00000e+00
  6.91e-02	  4.84e-02	0.00000e+00
  6.91e-02	  4.90e-02	0.00000e+00
  6.91e-02	  4.95e-02	0.00000e+00

  6.99e-02	  0.00e+00	0.00000e+00
  6.99e-02	  5.21e-04	0.00000e+00
  6.99e-02	  1.04e-03	0.00000e+00
  6.99e-02	  1.56e-03	0.00000e+00
  6.99e-02	  2.08e-03	0.00000e+00
  6.99e-02	  2.60e-03	0.00000e+00
  6.99e-02	  3.12e-03	0.00000e+00
  6.99e-02	  3.65e-03	0.00000e+00
  6.99e-02	  4.17e-03	0.00000e+00
  6.99e-02	  4.69e-03	0.00000e+00
  6.99e-02	  5.21e-03	0.00000e+00
  6.99e-02	  5.73e-03	0.00000e+00
  6.99e-02	  6.25e-03	0.00000e+00
  6.99e-02	  6.77e-03	0.00000e+00
  6.99e-02	  7.29e-03	0.00000e+00
  6.99e-02	  7.81e-03	0.00000e+00
  6.99e-02	  8.33e-03	0.00000e+00
  6.99e-02	  8.85e-03	0.00000e+00
  6.99e-02	  9.37e-03	0.00000e+00
  6.99e-02	  9.90e-03	0.00000e+00
  6.99e-02	  1.04e-02	0.00000e+00
  6.99e-02	  1.09e-02	0.00000e+00
  6.99e-02	  1.15e-02	0.00000e+00
  6.99e-02	  1.20e-02	0.00000e+00
  6.99e-02	  1.25e-02	-1.15262e-30
  6.99e-02	  1.30e-02	-3.96166e-04
  6.99e-02	  1.35e-02	-8.78340e-04
  6.99e-02	  1.41e-02	-1.27422e-03
  6.99e-02	  1.46e-02	-1.39536e-03
  6.99e-02	  1.51e-02	-1.20270e-03
  6.99e-02	  1.56e-02	-7.91409e-04
  6.99e-02	  1.61e-02	-2.85734e-04
  6.99e-02	  1.67e-02	1.73570e-04
  6.99e-02	  1.72e-02	4.31514e-04
  6.99e-02	  1.77e-02	3.97261e-04
  6.99e-02	  1.82e-02	1.86757e-04
  6.99e-02	  1.88e-02	1.15207e-30
  6.99e-02	  1.93e-02	0.00000e+00
  6.99e-02	  1.98e-02	0.00000e+00
  6.99e-02	  2.03e-02	0.00000e+00
  6.99e-02	  2.08e-02	0.00000e+00
  6.99e-02	  2.14e-02	-1.30987e-30
  6.99e-02	  2.19e-02	-2.13003e-04
  6.99e-02	  2.24e-02	-4.75392e-04
  6.99e-02	  2.29e-02	-7.08204e-04
  6.99e-02	  2.34e-02	-8.47171e-04
  6.99e-02	  2.40e-02	-8.62225e-04
  6.99e-02	  2.45e-02	-7.60231e-04
  6.99e-02	  2.50e-02	-5.73476e-04
  6.99e-02	  2.55e-02	-3.49681e-04
  6.99e-02	  2.60e-02	-1.45553e-04
  6.99e-02	  2.66e-02	-9.81312e-06
  6.99e-02	  2.71e-02	4.05050e-05
  6.99e-02	  2.76e-02	2.81205e-05
  6.99e-02	  2.81e-02	1.30988e-30
  6.99e-02	  2.86e-02	0.00000e+00
  6.99e-02	  2.92e-02	0.00000e+00
  6.99e-02	  2.97e-02	0.00000e+00
  6.99e-02	  3.02e-02	0.00000e+00
  6.99e-02	  3.07e-02	-1.21639e-30
  6.99e-02	  3.13e-02	1.65773e-04
  6.99e-02	  3.18e-02	4.08106e-04
  6.99e-02	  3.23e-02	7.22230e-04
  6.99e-02	  3.28e-02	1.07704e-03
  6.99e-02	  3.33e-02	1.41421e-03
  6.99e-02	  3.39e-02	1.66611e-03
  6.99e-02	  3.44e-02	1.77969e-03
  6.99e-02	  3.49e-02	1.72922e-03
  6.99e-02	  3.54e-02	1.51704e-03
  6.99e-02	  3.59e-02	1.17247e-03
  6.99e-02	  3.65e-02	7.51410e-04
  6.99e-02	  3.70e-02	3.31463e-04
  6.99e-02	  3.75e-02	1.21614e-30
  6.99e-02	  3.80e-02	0.00000e+00
  6.99e-02	  3.85e-02	0.00000e+00
  6.99e-02	  3.91e-02	0.00000e+00
  6.99e-02	  3.96e-02	0.00000e+00
  6.99e-02	  4.01e-02	0.00000e+00
  6.99e-02	  4.06e-02	0.00000e+00
  6.99e-02	  4.11e-02	0.00000e+00
  6.99e-02	  4.17e-02	0.00000e+00
  6.99e-02	  4.22e-02	0.00000e+00
  6.99e-02	  4.27e-02	0.00000e+00
  6.99e-02	  4.32e-02	0.00000e+00
  6.99e-02	  4.37e-02	0.00000e+00
  6.99e-02	  4.43e-02	0.00000e+00
  6.99e-02	  4.48e-02	0.00000e+00
  6.99e-02	  4.53e-02	0.00000e+00
  6.99e-02	  4.58e-02	0.00000e+00
  6.99e-02	  4.64e-02	0.00000e+00
  6.99e-02	  4.69e-02	0.00000e+00
  6.99e-02	  4.74e-02	0.00000e+00
  6.99e-02	  4.79e-02	0.00000e+00
  6.99e-02	  4.84e-02	0.00000e+00
  6.99e-02	  4.90e-02	0.00000e+00
  6.99e-02	  4.95e-02	0.00000e+00

  7.07e-02	  0.00e+00	0.00000e+00
  7.07e-02	  5.21e-04	0.00000e+00
  7.07e-02	  1.04e-03	0.00000e+00
  7.07e-02	  1.56e-03	0.00000e+00
  7.07e-02	  2.08e-03	0.00000e+00
  7.07e-02	  2.60e-03	0.00000e+00
  7.07e-02	  3.12e-03	0.00000e+00
  7.07e-02	  3.65e-03	0.00000e+00
  7.07e-02	  4.17e-03	0.00000e+00
  7.07e-02	  4.69e-03	0.00000e+00
  7.07e-02	  5.21e-03	0.00000e+00
  7.07e-02	  5.73e-03	0.00000e+00
  7.07e-02	  6.25e-03	0.00000e+00
  7.07e-02	  6.77e-03	0.00000e+00
  7.07e-02	  7.29e-03	0.00000e+00
  7.07e-02	  7.81e-03	0.00000e+00
  7.07e-02	  8.33e-03	0.00000e+00
  7.07e-02	  8.85e-03	0.00000e+00
  7.07e-02	  9.37e-03	0.00000e+00
  7.07e-02	  9.90e-03	0.00000e+00
  7.07e-02	  1.04e-02	0.00000e+00
  7.07e-02	  1.09e-02	0.00000e+00
  7.07e-02	  1.15e-02	0.00000e+00
  7.07e-02	  1.20e-02	0.00000e+00
  7.07e-02	  1.25e-02	-1.08020e-30
  7.07e-02	  1.30e-02	-3.24394e-04
  7.07e-02	  1.35e-02	-7.08134e-04
  7.07e-02	  1.41e-02	-1.02108e-03
  7.07e-02	  1.46e-02	-1.14149e-03
  7.07e-02	  1.51e-02	-9.97339e-04
  7.07e-02	  1.56e-02	-6.33639e-04
  7.07e-02	  1.61e-02	-1.83389e-04
  7.07e-02	  1.67e-02	1.93191e-04
  7.07e-02	  1.72e-02	3.60806e-04
  7.07e-02	  1.77e-02	3.12189e-04
  7.07e-02	  1.82e-02	1.56657e-04
  7.07e-02	  1.88e-02	1.07966e-30
  7.07e-02	  1.93e-02	0.00000e+00
  7.07e-02	  1.98e-02	0.00000e+00
  7.07e-02	  2.03e-02	0.00000e+00
  7.07e-02	  2.08e-02	0.00000e+00
  7.07e-02	  2.14e-02	-1.24279e-30
  7.07e-02	  2.19e-02	-1.97276e-04
  7.07e-02	  2.24e-02	-4.39895e-04
  7.07e-02	  2.29e-02	-6.54296e-04
  7.07e-02	  2.34e-02	-7.81094e-04
  7.07e-02	  2.40e-02	-7.93071e-04
  7.07e-02	  2.45e-02	-6.97199e-04
  7.07e-02	  2.50e-02	-5.23680e-04
  7.07e-02	  2.55e-02	-3.16693e-04
  7.07e-02	  2.60e-02	-1.28527e-04
  7.07e-02	  2.66e-02	-4.10179e-06
  7.07e-02	  2.71e-02	4.08671e-05
  7.07e-02	  2.76e-02	2.75830e-05
  7.07e-02	  2.81e-02	1.24280e-30
  7.07e-02	  2.86e-02	0.00000e+00
  7.07e-02	  2.92e-02	0.00000e+00
  7.07e-02	  2.97e-02	0.00000e+00
  7.07e-02	  3.02e-02	0.00000e+00
  7.07e-02	  3.07e-02	-1.14543e-30
  7.07e-02	  3.13e-02	1.37861e-04
  7.07e-02	  3.18e-02	3.46709e-04
  7.07e-02	  3.23e-02	6.27354e-04
  7.07e-02	  3.28e-02	9.53724e-04
  7.07e-02	  3.33e-02	1.27263e-03
  7.07e-02	  3.39e-02	1.52077e-03
  7.07e-02	  3.44e-02	1.64677e-03
  7.07e-02	  3.49e-02	1.62295e-03
  7.07e-02	  3.54e-02	1.44624e-03
  7.07e-02	  3.59e-02	1.13758e-03
  7.07e-02	  3.65e-02	7.43182e-04
  7.07e-02	  3.70e-02	3.33718e-04
  7.07e-02	  3.75e-02	1.14502e-30
  7.07e-02	  3.80e-02	0.00000e+00
  7.07e-02	  3.85e-02	0.00000e+00
  7.07e-02	  3.91e-02	0.00000e+00
  7.07e-02	  3.96e-02	0.00000e+00
  7.07e-02	  4.01e-02	0.00000e+00
  7.07e-02	  4.06e-02	0.00000e+00
  7.07e-02	  4.11e-02	0.00000e+00
  7.07e-02	  4.17e-02	0.00000e+00
  7.07e-02	  4.22e-02	0.00000e+00
  7.07e-02	  4.27e-02	0.00000e+00
  7.07e-02	  4.32e-02	0.00000e+00
  7.07e-02	  4.37e-02	0.00000e+00
  7.07e-02	  4.43e-02	0.00000e+00
  7.07e-02	  4.48e-02	0.00000e+00
  7.07e-02	  4.53e-02	0.00000e+00
  7.07e-02	  4.58e-02	0.00000e+00
  7.07e-02	  4.64e-02	0.00000e+00
  7.07e-02	  4.69e-02	0.00000e+00
  7.07e-02	  4.74e-02	0.00000e+00
  7.07e-02	  4.79e-02	0.00000e+00
  7.07e-02	  4.84e-02	0.00000e+00
  7.07e-02	  4.90e-02	0.00000e+00
  7.07e-02	  4.95e-02	0.00000e+00

  7.15e-02	  0.00e+00	0.00000e+00
  7.15e-02	  5.21e-04	0.00000e+00
  7.15e-02	  1.04e-03	0.00000e+00
  7.15e-02	  1.56e-03	0.00000e+00
  7.15e-02	  2.08e-03	0.00000e+00
  7.15e-02	  2.60e-03	0.00000e+00
  7.15e-02	  3.12e-03	0.00000e+00
  7.15e-02	  3.65e-03	0.00000e+00
  7.15e-02	  4.17e-03	0.00000e+00
  7.15e-02	  4.69e-03	0.00000e+00
  7.15e-02	  5.21e-03	0.00000e+00
  7.15e-02	  5.73e-03	0.00000e+00
  7.15e-02	  6.25e-03	0.00000e+00
  7.15e-02	  6.77e-03	0.00000e+00
  7.15e-02	  7.29e-03	0.00000e+00
  7.15e-02	  7.81e-03	0.00000e+00
  7.15e-02	  8.33e-03	0.00000e+00
  7.15e-02	  8.85e-03	0.00000e+00
  7.15e-02	  9.37e-03	0.00000e+00
  7.15e-02	  9.90e-03	0.00000e+00
  7.15e-02	  1.04e-02	0.00000e+00
  7.15e-02	  1.09e-02	0.00000e+00
  7.15e-02	  1.15e-02	0.00000e+00
  7.15e-02	  1.20e-02	0.00000e+00
  7.15e-02	  1.25e-02	-1.00752e-30
  7.15e-02	  1.30e-02	-2.50972e-04
  7.15e-02	  1.35e-02	-5.43655e-04
  7.15e-02	  1.41e-02	-7.77799e-04
  7.15e-02	  1.46e-02	-8.63735e-04
  7.15e-02	  1.51e-02	-7.55444e-04
  7.15e-02	  1.56e-02	-4.84608e-04
  7.15e-02	  1.61e-02	-1.50525e-04
  7.15e-02	  1.67e-02	1.24710e-04
  7.15e-02	  1.72e-02	2.53280e-04
  7.15e-02	  1.77e-02	2.30145e-04
  7.15e-02	  1.82e-02	1.19325e-04
  7.15e-02	  1.88e-02	1.00702e-30
  7.15e-02	  1.93e-02	0.00000e+00
  7.15e-02	  1.98e-02	0.00000e+00
  7.15e-02	  2.03e-02	0.00000e+00
  7.15e-02	  2.08e-02	0.00000e+00
  7.15e-02	  2.14e-02	-1.17454e-30
  7.15e-02	  2.19e-02	-1.82260e-04
  7.15e-02	  2.24e-02	-4.06005e-04
  7.15e-02	  2.29e-02	-6.02871e-04
  7.15e-02	  2.34e-02	-7.18145e-04
  7.15e-02	  2.40e-02	-7.27287e-04
  7.15e-02	  2.45e-02	-6.37330e-04
  7.15e-02	  2.50e-02	-4.76452e-04
  7.15e-02	  2.55e-02	-2.85445e-04
  7.15e-02	  2.60e-02	-1.12420e-04
  7.15e-02	  2.66e-02	1.28190e-06
  7.15e-02	  2.71e-02	4.11875e-05
  7.15e-02	  2.76e-02	2.70643e-05
  7.15e-02	  2.81e-02	1.17454e-30
  7.15e-02	  2.86e-02	0.00000e+00
  7.15e-02	  2.92e-02	0.00000e+00
  7.15e-02	  2.97e-02	0.00000e+00
  7.15e-02	  3.02e-02	0.00000e+00
  7.15e-02	  3.07e-02	-1.07344e-30
  7.15e-02	  3.13e-02	9.81323e-05
  7.15e-02	  3.18e-02	2.65560e-04
  7.15e-02	  3.23e-02	5.13497e-04
  7.15e-02	  3.28e-02	8.19659e-04
  7.15e-02	  3.33e-02	1.13318e-03
  7.15e-02	  3.39e-02	1.39270e-03
  7.15e-02	  3.44e-02	1.54697e-03
  7.15e-02	  3.49e-02	1.56536e-03
  7.15e-02	  3.54e-02	1.43784e-03
  7.15e-02	  3.59e-02	1.17350e-03
  7.15e-02	  3.65e-02	8.00976e-04
  7.15e-02	  3.70e-02	3.73040e-04
  7.15e-02	  3.75e-02	1.07274e-30
  7.15e-02	  3.80e-02	0.00000e+00
  7.15e-02	  3.85e-02	0.00000e+00
  7.15e-02	  3.91e-02	0.00000e+00
  7.15e-02	  3.96e-02	0.00000e+00
  7.15e-02	  4.01e-02	0.00000e+00
  7.15e-02	  4.06e-02	0.00000e+00
  7.15e-02	  4.11e-02	0.00000e+00
  7.15e-02	  4.17e-02	0.00000e+00
  7.15e-02	  4.22e-02	0.00000e+00
  7.15e-02	  4.27e-02	0.00000e+00
  7.15e-02	  4.32e-02	0.00000e+00
  7.15e-02	  4.37e-02	0.00000e+00
  7.15e-02	  4.43e-02	0.00000e+00
  7.15e-02	  4.48e-02	0.00000e+00
  7.15e-02	  4.53e-02	0.00000e+00
  7.15e-02	  4.58e-02	0.00000e+00
  7.15e-02	  4.64e-02	0.00000e+00
  7.15e-02	  4.69e-02	0.00000e+00
  7.15e-02	  4.74e-02	0.00000e+00
  7.15e-02	  4.79e-02	0.00000e+00
  7.15e-02	  4.84e-02	0.00000e+00
  7.15e-02	  4.90e-02	0.00000e+00
  7.15e-02	  4.95e-02	0.00000e+00

  7.23e-02	  0.00e+00	0.00000e+00
  7.23e-02	  5.21e-04	0.00000e+00
  7.23e-02	  1.04e-03	0.00000e+00
  7.23e-02	  1.56e-03	0.00000e+00
  7.23e-02	  2.08e-03	0.00000e+00
  7.23e-02	  2.60e-03	0.00000e+00
  7.23e-02	  3.12e-03	0.00000e+00
  7.23e-02	  3.65e-03	0.00000e+00
  7.23e-02	  4.17e-03	0.00000e+00
  7.23e-02	  4.69e-03	0.00000e+00
  7.23e-02	  5.21e-03	0.00000e+00
  7.23e-02	  5.73e-03	0.00000e+00
  7.23e-02	  6.25e-03	0.00000e+00
  7.23e-02	  6.77e-03	0.00000e+00
  7.23e-02	  7.29e-03	0.00000e+00
  7.23e-02	  7.81e-03	0.00000e+00
  7.23e-02	  8.33e-03	0.00000e+00
  7.23e-02	  8.85e-03	0.00000e+00
  7.23e-02	  9.37e-03	0.00000e+00
  7.23e-02	  9.90e-03	0.00000e+00
  7.23e-02	  1.04e-02	0.00000e+00
  7.23e-02	  1.09e-02	0.00000e+00
  7.23e-02	  1.15e-02	0.00000e+00
  7.23e-02	  1.20e-02	0.00000e+00
  7.23e-02	  1.25e-02	-9.34662e-31
  7.23e-02	  1.30e-02	-1.84858e-04
  7.23e-02	  1.35e-02	-3.99402e-04
  7.23e-02	  1.41e-02	-5.68593e-04
  7.23e-02	  1.46e-02	-6.29196e-04
  7.23e-02	  1.51e-02	-5.53015e-04
  7.23e-02	  1.56e-02	-3.63764e-04
  7.23e-02	  1.61e-02	-1.30315e-04
  7.23e-02	  1.67e-02	6.40379e-05
  7.23e-02	  1.72e-02	1.61463e-04
  7.23e-02	  1.77e-02	1.55073e-04
  7.23e-02	  1.82e-02	8.24388e-05
  7.23e-02	  1.88e-02	9.34209e-31
  7.23e-02	  1.93e-02	0.00000e+00
  7.23e-02	  1.98e-02	0.00000e+00
  7.23e-02	  2.03e-02	0.00000e+00
  7.23e-02	  2.08e-02	0.00000e+00
  7.23e-02	  2.14e-02	-1.10515e-30
  7.23e-02	  2.19e-02	-1.68139e-04
  7.23e-02	  2.24e-02	-3.74108e-04
  7.23e-02	  2.29e-02	-5.54476e-04
  7.23e-02	  2.34e-02	-6.58942e-04
  7.23e-02	  2.40e-02	-6.65469e-04
  7.23e-02	  2.45e-02	-5.81112e-04
  7.23e-02	  2.50e-02	-4.32128e-04
  7.23e-02	  2.55e-02	-2.56122e-04
  7.23e-02	  2.60e-02	-9.72950e-05
  7.23e-02	  2.66e-02	6.35189e-06
  7.23e-02	  2.71e-02	4.15077e-05
  7.23e-02	  2.76e-02	2.65936e-05
  7.23e-02	  2.81e-02	1.10515e-30
  7.23e-02	  2.86e-02	0.00000e+00
  7.23e-02	  2.92e-02	0.00000e+00
  7.23e-02	  2.97e-02	0.00000e+00
  7.23e-02	  3.02e-02	0.00000e+00
  7.23e-02	  3.07e-02	-1.00040e-30
  7.23e-02	  3.13e-02	2.82105e-05
  7.23e-02	  3.18e-02	1.32893e-04
  7.23e-02	  3.23e-02	3.49698e-04
  7.23e-02	  3.28e-02	6.50539e-04
  7.23e-02	  3.33e-02	9.79428e-04
  7.23e-02	  3.39e-02	1.27328e-03
  7.23e-02	  3.44e-02	1.47987e-03
  7.23e-02	  3.49e-02	1.56573e-03
  7.23e-02	  3.54e-02	1.51398e-03
  7.23e-02	  3.59e-02	1.31915e-03
  7.23e-02	  3.65e-02	9.79071e-04
  7.23e-02	  3.70e-02	4.77679e-04
  7.23e-02	  3.75e-02	9.99186e-31
  7.23e-02	  3.80e-02	0.00000e+00
  7.23e-02	  3.85e-02	0.00000e+00
  7.23e-02	  3.91e-02	0.00000e+00
  7.23e-02	  3.96e-02	0.00000e+00
  7.23e-02	  4.01e-02	0.00000e+00
  7.23e-02	  4.06e-02	0.00000e+00
  7.23e-02	  4.11e-02	0.00000e+00
  7.23e-02	  4.17e-02	0.00000e+00
  7.23e-02	  4.22e-02	0.00000e+00
  7.23e-02	  4.27e-02	0.00000e+00
  7.23e-02	  4.32e-02	0.00000e+00
  7.23e-02	  4.37e-02	0.00000e+00
  7.23e-02	  4.43e-02	0.00000e+00
  7.23e-02	  4.48e-02	0.00000e+00
  7.23e-02	  4.53e-02	0.00000e+00
  7.23e-02	  4.58e-02	0.00000e+00
  7.23e-02	  4.64e-02	0.00000e+00
  7.23e-02	  4.69e-02	0.00000e+00
  7.23e-02	  4.74e-02	0.00000e+00
  7.23e-02	  4.79e-02	0.00000e+00
  7.23e-02	  4.84e-02	0.00000e+00
  7.23e-02	  4.90e-02	0.00000e+00
  7.23e-02	  4.95e-02	0.00000e+00

  7.30e-02	  0.00e+00	0.00000e+00
  7.30e-02	  5.21e-04	0.00000e+00
  7.30e-02	  1.04e-03	0.00000e+00
  7.30e-02	  1.56e-03	0.00000e+00
  7.30e-02	  2.08e-03	0.00000e+00
  7.30e-02	  2.60e-03	0.00000e+00
  7.30e-02	  3.12e-03	0.00000e+00
  7.30e-02	  3.65e-03	0.00000e+00
  7.30e-02	  4.17e-03	0.00000e+00
  7.30e-02	  4.69e-03	0.00000e+00
  7.30e-02	  5.21e-03	0.00000e+00
  7.30e-02	  5.73e-03	0.00000e+00
  7.30e-02	  6.25e-03	0.00000e+00
  7.30e-02	  6.77e-03	0.00000e+00
  7.30e-02	  7.29e-03	0.00000e+00
  7.30e-02	  7.81e-03	0.00000e+00
  7.30e-02	  8.33e-03	0.00000e+00
  7.30e-02	  8.85e-03	0.00000e+00
  7.30e-02	  9.37e-03	0.00000e+00
  7.30e-02	  9.90e-03	0.00000e+00
  7.30e-02	  1.04e-02	0.00000e+00
  7.30e-02	  1.09e-02	0.00000e+00
  7.30e-02	  1.15e-02	0.00000e+00
  7.30e-02	  1.20e-02	0.00000e+00
  7.30e-02	  1.25e-02	-8.61693e-31
  7.30e-02	  1.30e-02	-1.31331e-04
  7.30e-02	  1.35e-02	-2.84088e-04
  7.30e-02	  1.41e-02	-4.04252e-04
  7.30e-02	  1.46e-02	-4.47962e-04
  7.30e-02	  1.51e-02	-3.97355e-04
  7.30e-02	  1.56e-02	-2.69516e-04
  7.30e-02	  1.61e-02	-1.10747e-04
  7.30e-02	  1.67e-02	2.38658e-05
  7.30e-02	  1.72e-02	9.56760e-05
  7.30e-02	  1.77e-02	9.78614e-05
  7.30e-02	  1.82e-02	5.31941e-05
  7.30e-02	  1.88e-02	8.61301e-31
  7.30e-02	  1.93e-02	0.00000e+00
  7.30e-02	  1.98e-02	0.00000e+00
  7.30e-02	  2.03e-02	0.00000e+00
  7.30e-02	  2.08e-02	0.00000e+00
  7.30e-02	  2.14e-02	-1.03466e-30
  7.30e-02	  2.19e-02	-1.55155e-04
  7.30e-02	  2.24e-02	-3.44695e-04
  7.30e-02	  2.29e-02	-5.09777e-04
  7.30e-02	  2.34e-02	-6.04204e-04
  7.30e-02	  2.40e-02	-6.08258e-04
  7.30e-02	  2.45e-02	-5.29012e-04
  7.30e-02	  2.50e-02	-3.90955e-04
  7.30e-02	  2.55e-02	-2.28757e-04
  7.30e-02	  2.60e-02	-8.30298e-05
  7.30e-02	  2.66e-02	1.13017e-05
  7.30e-02	  2.71e-02	4.20074e-05
  7.30e-02	  2.76e-02	2.62717e-05
  7.30e-02	  2.81e-02	1.03466e-30
  7.30e-02	  2.86e-02	0.00000e+00
  7.30e-02	  2.92e-02	0.00000e+00
  7.30e-02	  2.97e-02	0.00000e+00
  7.30e-02	  3.02e-02	0.00000e+00
  7.30e-02	  3.07e-02	-9.26193e-31
  7.30e-02	  3.13e-02	-1.01354e-04
  7.30e-02	  3.18e-02	-1.07711e-04
  7.30e-02	  3.23e-02	9.06524e-05
  7.30e-02	  3.28e-02	4.14795e-04
  7.30e-02	  3.33e-02	7.89970e-04
  7.30e-02	  3.39e-02	1.14765e-03
  7.30e-02	  3.44e-02	1.43407e-03
  7.30e-02	  3.49e-02	1.61267e-03
  7.30e-02	  3.54e-02	1.65699e-03
  7.30e-02	  3.59e-02	1.53771e-03
  7.30e-02	  3.65e-02	1.19597e-03
  7.30e-02	  3.70e-02	5.85829e-04
  7.30e-02	  3.75e-02	9.25046e-31
  7.30e-02	  3.80e-02	0.00000e+00
  7.30e-02	  3.85e-02	0.00000e+00
  7.30e-02	  3.91e-02	0.00000e+00
  7.30e-02	  3.96e-02	0.00000e+00
  7.30e-02	  4.01e-02	0.00000e+00
  7.30e-02	  4.06e-02	0.00000e+00
  7.30e-02	  4.11e-02	0.00000e+00
  7.30e-02	  4.17e-02	0.00000e+00
  7.30e-02	  4.22e-02	0.00000e+00
  7.30e-02	  4.27e-02	0.00000e+00
  7.30e-02	  4.32e-02	0.00000e+00
  7.30e-02	  4.37e-02	0.00000e+00
  7.30e-02	  4.43e-02	0.00000e+00
  7.30e-02	  4.48e-02	0.00000e+00
  7.30e-02	  4.53e-02	0.00000e+00
  7.30e-02	  4.58e-02	0.00000e+00
  7.30e-02	  4.64e-02	0.00000e+00
  7.30e-02	  4.69e-02	0.00000e+00
  7.30e-02	  4.74e-02	0.00000e+00
  7.30e-02	  4.79e-02	0.00000e+00
  7.30e-02	  4.84e-02	0.00000e+00
  7.30e-02	  4.90e-02	0.00000e+00
  7.30e-02	  4.95e-02	0.00000e+00

  7.38e-02	  0.00e+00	0.00000e+00
  7.38e-02	  5.21e-04	0.00000e+00
  7.38e-02	  1.04e-03	0.00000e+00
  7.38e-02	  1.56e-03	0.00000e+00
  7.38e-02	  2.08e-03	0.00000e+00
  7.38e-02	  2.60e-03	0.00000e+00
  7.38e-02	  3.12e-03	0.00000e+00
  7.38e-02	  3.65e-03	0.00000e+00
  7.38e-02	  4.17e-03	0.00000e+00
  7.38e-02	  4.69e-03	0.00000e+00
  7.38e-02	  5.21e-03	0.00000e+00
  7.38e-02	  5.73e-03	0.00000e+00
  7.38e-02	  6.25e-03	0.00000e+00
  7.38e-02	  6.77e-03	0.00000e+00
  7.38e-02	  7.29e-03	0.00000e+00
  7.38e-02	  7.81e-03	0.00000e+00
  7.38e-02	  8.33e-03	0.00000e+00
  7.38e-02	  8.85e-03	0.00000e+00
  7.38e-02	  9.37e-03	0.00000e+00
  7.38e-02	  9.90e-03	0.00000e+00
  7.38e-02	  1.04e-02	0.00000e+00
  7.38e-02	  1.09e-02	0.00000e+00
  7.38e-02	  1.15e-02	0.00000e+00
  7.38e-02	  1.20e-02	0.00000e+00
  7.38e-02	  1.25e-02	-7.88665e-31
  7.38e-02	  1.30e-02	-9.10171e-05
  7.38e-02	  1.35e-02	-1.97595e-04
  7.38e-02	  1.41e-02	-2.82005e-04
  7.38e-02	  1.46e-02	-3.14034e-04
  7.38e-02	  1.51e-02	-2.81876e-04
  7.38e-02	  1.56e-02	-1.97237e-04
  7.38e-02	  1.61e-02	-9.07789e-05
  7.38e-02	  1.67e-02	1.29148e-06
  7.38e-02	  1.72e-02	5.30917e-05
  7.38e-02	  1.77e-02	5.89317e-05
  7.38e-02	  1.82e-02	3.28176e-05
  7.38e-02	  1.88e-02	7.88335e-31
  7.38e-02	  1.93e-02	0.00000e+00
  7.38e-02	  1.98e-02	0.00000e+00
  7.38e-02	  2.03e-02	0.00000e+00
  7.38e-02	  2.08e-02	0.00000e+00
  7.38e-02	  2.14e-02	-9.63113e-31
  7.38e-02	  2.19e-02	-1.43692e-04
  7.38e-02	  2.24e-02	-3.18518e-04
  7.38e-02	  2.29e-02	-4.69747e-04
  7.38e-02	  2.34e-02	-5.54926e-04
  7.38e-02	  2.40e-02	-5.56471e-04
  7.38e-02	  2.45e-02	-4.81529e-04
  7.38e-02	  2.50e-02	-3.53055e-04
  7.38e-02	  2.55e-02	-2.03133e-04
  7.38e-02	  2.60e-02	-6.91745e-05
  7.38e-02	  2.66e-02	1.66611e-05
  7.38e-02	  2.71e-02	4.31336e-05
  7.38e-02	  2.76e-02	2.63401e-05
  7.38e-02	  2.81e-02	9.63120e-31
  7.38e-02	  2.86e-02	0.00000e+00
  7.38e-02	  2.92e-02	0.00000e+00
  7.38e-02	  2.97e-02	0.00000e+00
  7.38e-02	  3.02e-02	0.00000e+00
  7.38e-02	  3.07e-02	-8.51346e-31
  7.38e-02	  3.13e-02	-2.48608e-04
  7.38e-02	  3.18e-02	-4.08960e-04
  7.38e-02	  3.23e-02	-2.52398e-04
  7.38e-02	  3.28e-02	1.09901e-04
  7.38e-02	  3.33e-02	5.56214e-04
  7.38e-02	  3.39e-02	1.00203e-03
  7.38e-02	  3.44e-02	1.38735e-03
  7.38e-02	  3.49e-02	1.66778e-03
  7.38e-02	  3.54e-02	1.79788e-03
  7.38e-02	  3.59e-02	1.70798e-03
  7.38e-02	  3.65e-02	1.27597e-03
  7.38e-02	  3.70e-02	5.83149e-04
  7.38e-02	  3.75e-02	8.51262e-31
  7.38e-02	  3.80e-02	0.00000e+00
  7.38e-02	  3.85e-02	0.00000e+00
  7.38e-02	  3.91e-02	0.00000e+00
  7.38e-02	  3.96e-02	0.00000e+00
  7.38e-02	  4.01e-02	0.00000e+00
  7.38e-02	  4.06e-02	0.00000e+00
  7.38e-02	  4.11e-02	0.00000e+00
  7.38e-02	  4.17e-02	0.00000e+00
  7.38e-02	  4.22e-02	0.00000e+00
  7.38e-02	  4.27e-02	0.00000e+00
  7.38e-02	  4.32e-02	0.00000e+00
  7.38e-02	  4.37e-02	0.00000e+00
  7.38e-02	  4.43e-02	0.00000e+00
  7.38e-02	  4.48e-02	0.00000e+00
  7.38e-02	  4.53e-02	0.00000e+00
  7.38e-02	  4.58e-02	0.00000e+00
  7.38e-02	  4.64e-02	0.00000e+00
  7.38e-02	  4.69e-02	0.00000e+00
  7.38e-02	  4.74e-02	0.00000e+00
  7.38e-02	  4.79e-02	0.00000e+00
  7.38e-02	  4.84e-02	0.00000e+00
  7.38e-02	  4.90e-02	0.00000e+00
  7.38e-02	  4.95e-02	0.00000e+00

  7.46e-02	  0.00e+00	0.00000e+00
  7.46e-02	  5.21e-04	0.00000e+00
  7.46e-02	  1.04e-03	0.00000e+00
  7.46e-02	  1.56e-03	0.00000e+00
  7.46e-02	  2.08e-03	0.00000e+00
  7.46e-02	  2.60e-03	0.00000e+00
  7.46e-02	  3.12e-03	0.00000e+00
  7.46e-02	  3.65e-03	0.00000e+00
  7.46e-02	  4.17e-03	0.00000e+00
  7.46e-02	  4.69e-03	0.00000e+00
  7.46e-02	  5.21e-03	0.00000e+00
  7.46e-02	  5.73e-03	0.00000e+00
  7.46e-02	  6.25e-03	0.00000e+00
  7.46e-02	  6.77e-03	0.00000e+00
  7.46e-02	  7.29e-03	0.00000e+00
  7.46e-02	  7.81e-03	0.00000e+00
  7.46e-02	  8.33e-03	0.00000e+00
  7.46e-02	  8.85e-03	0.00000e+00
  7.46e-02	  9.37e-03	0.00000e+00
  7.46e-02	  9.90e-03	0.00000e+00
  7.46e-02	  1.04e-02	0.00000e+00
  7.46e-02	  1.09e-02	0.00000e+00
  7.46e-02	  1.15e-02	0.00000e+00
  7.46e-02	  1.20e-02	0.00000e+00
  7.46e-02	  1.25e-02	-7.15605e-31
  7.46e-02	  1.30e-02	-6.20363e-05
  7.46e-02	  1.35e-02	-1.35350e-04
  7.46e-02	  1.41e-02	-1.94134e-04
  7.46e-02	  1.46e-02	-2.17677e-04
  7.46e-02	  1.51e-02	-1.97910e-04
  7.46e-02	  1.56e-02	-1.42530e-04
  7.46e-02	  1.61e-02	-7.16928e-05
  7.46e-02	  1.67e-02	-9.20974e-06
  7.46e-02	  1.72e-02	2.75962e-05
  7.46e-02	  1.77e-02	3.43526e-05
  7.46e-02	  1.82e-02	1.97048e-05
  7.46e-02	  1.88e-02	7.15335e-31
  7.46e-02	  1.93e-02	0.00000e+00
  7.46e-02	  1.98e-02	0.00000e+00
  7.46e-02	  2.03e-02	0.00000e+00
  7.46e-02	  2.08e-02	0.00000e+00
  7.46e-02	  2.14e-02	-8.90547e-31
  7.46e-02	  2.19e-02	-1.34470e-04
  7.46e-02	  2.24e-02	-2.96931e-04
  7.46e-02	  2.29e-02	-4.36072e-04
  7.46e-02	  2.34e-02	-5.12733e-04
  7.46e-02	  2.40e-02	-5.11341e-04
  7.46e-02	  2.45e-02	-4.39286e-04
  7.46e-02	  2.50e-02	-3.18370e-04
  7.46e-02	  2.55e-02	-1.78583e-04
  7.46e-02	  2.60e-02	-5.46498e-05
  7.46e-02	  2.66e-02	2.36302e-05
  7.46e-02	  2.71e-02	4.58847e-05
  7.46e-02	  2.76e-02	2.73382e-05
  7.46e-02	  2.81e-02	8.90566e-31
  7.46e-02	  2.86e-02	0.00000e+00
  7.46e-02	  2.92e-02	0.00000e+00
  7.46e-02	  2.97e-02	0.00000e+00
  7.46e-02	  3.02e-02	0.00000e+00
  7.46e-02	  3.07e-02	-7.76913e-31
  7.46e-02	  3.13e-02	-2.89146e-04
  7.46e-02	  3.18e-02	-5.83909e-04
  7.46e-02	  3.23e-02	-5.60106e-04
  7.46e-02	  3.28e-02	-2.03713e-04
  7.46e-02	  3.33e-02	3.02298e-04
  7.46e-02	  3.39e-02	8.36529e-04
  7.46e-02	  3.44e-02	1.31898e-03
  7.46e-02	  3.49e-02	1.68674e-03
  7.46e-02	  3.54e-02	1.86322e-03
  7.46e-02	  3.59e-02	1.72158e-03
  7.46e-02	  3.65e-02	1.19299e-03
  7.46e-02	  3.70e-02	5.16342e-04
  7.46e-02	  3.75e-02	7.77591e-31
  7.46e-02	  3.80e-02	0.00000e+00
  7.46e-02	  3.85e-02	0.00000e+00
  7.46e-02	  3.91e-02	0.00000e+00
  7.46e-02	  3.96e-02	0.00000e+00
  7.46e-02	  4.01e-02	0.00000e+00
  7.46e-02	  4.06e-02	0.00000e+00
  7.46e-02	  4.11e-02	0.00000e+00
  7.46e-02	  4.17e-02	0.00000e+00
  7.46e-02	  4.22e-02	0.00000e+00
  7.46e-02	  4.27e-02	0.00000e+00
  7.46e-02	  4.32e-02	0.00000e+00
  7.46e-02	  4.37e-02	0.00000e+00
  7.46e-02	  4.43e-02	0.00000e+00
  7.46e-02	  4.48e-02	0.00000e+00
  7.46e-02	  4.53e-02	0.00000e+00
  7.46e-02	  4.58e-02	0.00000e+00
  7.46e-02	  4.64e-02	0.00000e+00
  7.46e-02	  4.69e-02	0.00000e+00
  7.46e-02	  4.74e-02	0.00000e+00
  7.46e-02	  4.79e-02	0.00000e+00
  7.46e-02	  4.84e-02	0.00000e+00
  7.46e-02	  4.90e-02	0.00000e+00
  7.46e-02	  4.95e-02	0.00000e+00

  7.54e-02	  0.00e+00	0.00000e+00
  7.54e-02	  5.21e-04	0.00000e+00
  7.54e-02	  1.04e-03	0.00000e+00
  7.54e-02	  1.56e-03	0.00000e+00
  7.54e-02	  2.08e-03	0.00000e+00
  7.54e-02	  2.60e-03	0.00000e+00
  7.54e-02	  3.12e-03	0.00000e+00
  7.54e-02	  3.65e-03	0.00000e+00
  7.54e-02	  4.17e-03	0.00000e+00
  7.54e-02	  4.69e-03	0.00000e+00
  7.54e-02	  5.21e-03	0.00000e+00
  7.54e-02	  5.73e-03	0.00000e+00
  7.54e-02	  6.25e-03	0.00000e+00
  7.54e-02	  6.77e-03	0.00000e+00
  7.54e-02	  7.29e-03	0.00000e+00
  7.54e-02	  7.81e-03	0.00000e+00
  7.54e-02	  8.33e-03	0.00000e+00
  7.54e-02	  8.85e-03	0.00000e+00
  7.54e-02	  9.37e-03	0.00000e+00
  7.54e-02	  9.90e-03	0.00000e+00
  7.54e-02	  1.04e-02	0.00000e+00
  7.54e-02	  1.09e-02	0.00000e+00
  7.54e-02	  1.15e-02	0.00000e+00
  7.54e-02	  1.20e-02	0.00000e+00
  7.54e-02	  1.25e-02	-6.42530e-31
  7.54e-02	  1.30e-02	-4.18148e-05
  7.54e-02	  1.35e-02	-9.17461e-05
  7.54e-02	  1.41e-02	-1.32376e-04
  7.54e-02	  1.46e-02	-1.49567e-04
  7.54e-02	  1.51e-02	-1.37689e-04
  7.54e-02	  1.56e-02	-1.01666e-04
  7.54e-02	  1.61e-02	-5.46977e-05
  7.54e-02	  1.67e-02	-1.24814e-05
  7.54e-02	  1.72e-02	1.33839e-05
  7.54e-02	  1.77e-02	1.96660e-05
  7.54e-02	  1.82e-02	1.17020e-05
  7.54e-02	  1.88e-02	6.42314e-31
  7.54e-02	  1.93e-02	0.00000e+00
  7.54e-02	  1.98e-02	0.00000e+00
  7.54e-02	  2.03e-02	0.00000e+00
  7.54e-02	  2.08e-02	0.00000e+00
  7.54e-02	  2.14e-02	-8.17001e-31
  7.54e-02	  2.19e-02	-1.28991e-04
  7.54e-02	  2.24e-02	-2.82667e-04
  7.54e-02	  2.29e-02	-4.11985e-04
  7.54e-02	  2.34e-02	-4.80587e-04
  7.54e-02	  2.40e-02	-4.74967e-04
  7.54e-02	  2.45e-02	-4.03189e-04
  7.54e-02	  2.50e-02	-2.86527e-04
  7.54e-02	  2.55e-02	-1.53587e-04
  7.54e-02	  2.60e-02	-3.71375e-05
  7.54e-02	  2.66e-02	3.47893e-05
  7.54e-02	  2.71e-02	5.24446e-05
  7.54e-02	  2.76e-02	3.04665e-05
  7.54e-02	  2.81e-02	8.17040e-31
  7.54e-02	  2.86e-02	0.00000e+00
  7.54e-02	  2.92e-02	0.00000e+00
  7.54e-02	  2.97e-02	0.00000e+00
  7.54e-02	  3.02e-02	0.00000e+00
  7.54e-02	  3.07e-02	-7.02862e-31
  7.54e-02	  3.13e-02	-2.52683e-04
  7.54e-02	  3.18e-02	-5.69023e-04
  7.54e-02	  3.23e-02	-6.94309e-04
  7.54e-02	  3.28e-02	-4.39834e-04
  7.54e-02	  3.33e-02	7.39667e-05
  7.54e-02	  3.39e-02	6.65963e-04
  7.54e-02	  3.44e-02	1.21843e-03
  7.54e-02	  3.49e-02	1.63534e-03
  7.54e-02	  3.54e-02	1.79632e-03
  7.54e-02	  3.59e-02	1.57199e-03
  7.54e-02	  3.65e-02	1.03726e-03
  7.54e-02	  3.70e-02	4.55278e-04
  7.54e-02	  3.75e-02	7.03655e-31
  7.54e-02	  3.80e-02	0.00000e+00
  7.54e-02	  3.85e-02	0.00000e+00
  7.54e-02	  3.91e-02	0.00000e+00
  7.54e-02	  3.96e-02	0.00000e+00
  7.54e-02	  4.01e-02	0.00000e+00
  7.54e-02	  4.06e-02	0.00000e+00
  7.54e-02	  4.11e-02	0.00000e+00
  7.54e-02	  4.17e-02	0.00000e+00
  7.54e-02	  4.22e-02	0.00000e+00
  7.54e-02	  4.27e-02	0.00000e+00
  7.54e-02	  4.32e-02	0.00000e+00
  7.54e-02	  4.37e-02	0.00000e+00
  7.54e-02	  4.43e-02	0.00000e+00
  7.54e-02	  4.48e-02	0.00000e+00
  7.54e-02	  4.53e-02	0.00000e+00
  7.54e-02	  4.58e-02	0.00000e+00
  7.54e-02	  4.64e-02	0.00000e+00
  7.54e-02	  4.69e-02	0.00000e+00
  7.54e-02	  4.74e-02	0.00000e+00
  7.54e-02	  4.79e-02	0.00000e+00
  7.54e-02	  4.84e-02	0.00000e+00
  7.54e-02	  4.90e-02	0.00000e+00
  7.54e-02	  4.95e-02	0.00000e+00

  7.62e-02	  0.00e+00	0.00000e+00
  7.62e-02	  5.21e-04	0.00000e+00
  7.62e-02	  1.04e-03	0.00000e+00
  7.62e-02	  1.56e-03	0.00000e+00
  7.62e-02	  2.08e-03	0.00000e+00
  7.62e-02	  2.60e-03	0.00000e+00
  7.62e-02	  3.12e-03	0.00000e+00
  7.62e-02	  3.65e-03	0.00000e+00
  7.62e-02	  4.17e-03	0.00000e+00
  7.62e-02	  4.69e-03	0.00000e+00
  7.62e-02	  5.21e-03	0.00000e+00
  7.62e-02	  5.73e-03	0.00000e+00
  7.62e-02	  6.25e-03	0.00000e+00
  7.62e-02	  6.77e-03	0.00000e+00
  7.62e-02	  7.29e-03	0.00000e+00
  7.62e-02	  7.81e-03	0.00000e+00
  7.62e-02	  8.33e-03	0.00000e+00
  7.62e-02	  8.85e-03	0.00000e+00
  7.62e-02	  9.37e-03	0.00000e+00
  7.62e-02	  9.90e-03	0.00000e+00
  7.62e-02	  1.04e-02	0.00000e+00
  7.62e-02	  1.09e-02	0.00000e+00
  7.62e-02	  1.15e-02	0.00000e+00
  7.62e-02	  1.20e-02	0.00000e+00
  7.62e-02	  1.25e-02	-5.69450e-31
  7.62e-02	  1.30e-02	-2.79734e-05
  7.62e-02	  1.35e-02	-6.17362e-05
  7.62e-02	  1.41e-02	-8.96260e-05
  7.62e-02	  1.46e-02	-1.02025e-04
  7.62e-02	  1.51e-02	-9.49703e-05
  7.62e-02	  1.56e-02	-7.15582e-05
  7.62e-02	  1.61e-02	-4.04315e-05
  7.62e-02	  1.67e-02	-1.19694e-05
  7.62e-02	  1.72e-02	6.04418e-06
  7.62e-02	  1.77e-02	1.12646e-05
  7.62e-02	  1.82e-02	6.99392e-06
  7.62e-02	  1.88e-02	5.69280e-31
  7.62e-02	  1.93e-02	0.00000e+00
  7.62e-02	  1.98e-02	0.00000e+00
  7.62e-02	  2.03e-02	0.00000e+00
  7.62e-02	  2.08e-02	0.00000e+00
  7.62e-02	  2.14e-02	-7.42501e-31
  7.62e-02	  2.19e-02	-1.30658e-04
  7.62e-02	  2.24e-02	-2.81656e-04
  7.62e-02	  2.29e-02	-4.04044e-04
  7.62e-02	  2.34e-02	-4.64083e-04
  7.62e-02	  2.40e-02	-4.51049e-04
  7.62e-02	  2.45e-02	-3.74639e-04
  7.62e-02	  2.50e-02	-2.56573e-04
  7.62e-02	  2.55e-02	-1.25051e-04
  7.62e-02	  2.60e-02	-1.19074e-05
  7.62e-02	  2.66e-02	5.55979e-05
  7.62e-02	  2.71e-02	6.76521e-05
  7.62e-02	  2.76e-02	3.84724e-05
  7.62e-02	  2.81e-02	7.42574e-31
  7.62e-02	  2.86e-02	0.00000e+00
  7.62e-02	  2.92e-02	0.00000e+00
  7.62e-02	  2.97e-02	0.00000e+00
  7.62e-02	  3.02e-02	0.00000e+00
  7.62e-02	  3.07e-02	-6.28670e-31
  7.62e-02	  3.13e-02	-2.22801e-04
  7.62e-02	  3.18e-02	-4.81408e-04
  7.62e-02	  3.23e-02	-6.46827e-04
  7.62e-02	  3.28e-02	-5.23099e-04
  7.62e-02	  3.33e-02	-8.18535e-05
  7.62e-02	  3.39e-02	5.10582e-04
  7.62e-02	  3.44e-02	1.08258e-03
  7.62e-02	  3.49e-02	1.48757e-03
  7.62e-02	  3.54e-02	1.58806e-03
  7.62e-02	  3.59e-02	1.34086e-03
  7.62e-02	  3.65e-02	8.80695e-04
  7.62e-02	  3.70e-02	3.91669e-04
  7.62e-02	  3.75e-02	6.29451e-31
  7.62e-02	  3.80e-02	0.00000e+00
  7.62e-02	  3.85e-02	0.00000e+00
  7.62e-02	  3.91e-02	0.00000e+00
  7.62e-02	  3.96e-02	0.00000e+00
  7.62e-02	  4.01e-02	0.00000e+00
  7.62e-02	  4.06e-02	0.00000e+00
  7.62e-02	  4.11e-02	0.00000e+00
  7.62e-02	  4.17e-02	0.00000e+00
  7.62e-02	  4.22e-02	0.00000e+00
  7.62e-02	  4.27e-02	0.00000e+00
  7.62e-02	  4.32e-02	0.00000e+00
  7.62e-02	  4.37e-02	0.00000e+00
  7.62e-02	  4.43e-02	0.00000e+00
  7.62e-02	  4.48e-02	0.00000e+00
  7.62e-02	  4.53e-02	0.00000e+00
  7.62e-02	  4.58e-02	0.00000e+00
  7.62e-02	  4.64e-02	0.00000e+00
  7.62e-02	  4.69e-02	0.00000e+00
  7.62e-02	  4.74e-02	0.00000e+00
  7.62e-02	  4.79e-02	0.00000e+00
  7.62e-02	  4.84e-02	0.00000e+00
  7.62e-02	  4.90e-02	0.00000e+00
  7.62e-02	  4.95e-02	0.00000e+00

  7.70e-02	  0.00e+00	0.00000e+00
  7.70e-02	  5.21e-04	0.00000e+00
  7.70e-02	  1.04e-03	0.00000e+00
  7.70e-02	  1.56e-03	0.00000e+00
  7.70e-02	  2.08e-03	0.00000e+00
  7.70e-02	  2.60e-03	0.00000e+00
  7.70e-02	  3.12e-03	0.00000e+00
  7.70e-02	  3.65e-03	0.00000e+00
  7.70e-02	  4.17e-03	0.00000e+00
  7.70e-02	  4.69e-03	0.00000e+00
  7.70e-02	  5.21e-03	0.00000e+00
  7.70e-02	  5.73e-03	0.00000e+00
  7.70e-02	  6.25e-03	0.00000e+00
  7.70e-02	  6.77e-03	0.00000e+00
  7.70e-02	  7.29e-03	0.00000e+00
  7.70e-02	  7.81e-03	0.00000e+00
  7.70e-02	  8.33e-03	0.00000e+00
  7.70e-02	  8.85e-03	0.00000e+00
  7.70e-02	  9.37e-03	0.00000e+00
  7.70e-02	  9.90e-03	0.00000e+00
  7.70e-02	  1.04e-02	0.00000e+00
  7.70e-02	  1.09e-02	0.00000e+00
  7.70e-02	  1.15e-02	0.00000e+00
  7.70e-02	  1.20e-02	0.00000e+00
  7.70e-02	  1.25e-02	-4.96368e-31
  7.70e-02	  1.30e-02	-1.86171e-05
  7.70e-02	  1.35e-02	-4.13271e-05
  7.70e-02	  1.41e-02	-6.03512e-05
  7.70e-02	  1.46e-02	-6.91605e-05
  7.70e-02	  1.51e-02	-6.49632e-05
  7.70e-02	  1.56e-02	-4.96926e-05
  7.70e-02	  1.61e-02	-2.90216e-05
  7.70e-02	  1.67e-02	-9.84397e-06
  7.70e-02	  1.72e-02	2.59802e-06
  7.70e-02	  1.77e-02	6.62249e-06
  7.70e-02	  1.82e-02	4.28879e-06
  7.70e-02	  1.88e-02	4.96237e-31
  7.70e-02	  1.93e-02	0.00000e+00
  7.70e-02	  1.98e-02	0.00000e+00
  7.70e-02	  2.03e-02	0.00000e+00
  7.70e-02	  2.08e-02	0.00000e+00
  7.70e-02	  2.14e-02	-6.67058e-31
  7.70e-02	  2.19e-02	-1.47578e-04
  7.70e-02	  2.24e-02	-3.07451e-04
  7.70e-02	  2.29e-02	-4.25693e-04
  7.70e-02	  2.34e-02	-4.73555e-04
  7.70e-02	  2.40e-02	-4.45824e-04
  7.70e-02	  2.45e-02	-3.55694e-04
  7.70e-02	  2.50e-02	-2.26555e-04
  7.70e-02	  2.55e-02	-8.72147e-05
  7.70e-02	  2.60e-02	3.01971e-05
  7.70e-02	  2.66e-02	9.74596e-05
  7.70e-02	  2.71e-02	1.02528e-04
  7.70e-02	  2.76e-02	5.78819e-05
  7.70e-02	  2.81e-02	6.67184e-31
  7.70e-02	  2.86e-02	0.00000e+00
  7.70e-02	  2.92e-02	0.00000e+00
  7.70e-02	  2.97e-02	0.00000e+00
  7.70e-02	  3.02e-02	0.00000e+00
  7.70e-02	  3.07e-02	-5.54283e-31
  7.70e-02	  3.13e-02	-1.89365e-04
  7.70e-02	  3.18e-02	-3.98795e-04
  7.70e-02	  3.23e-02	-5.28896e-04
  7.70e-02	  3.28e-02	-4.60397e-04
  7.70e-02	  3.33e-02	-1.23931e-04
  7.70e-02	  3.39e-02	3.90886e-04
  7.70e-02	  3.44e-02	9.04276e-04
  7.70e-02	  3.49e-02	1.24737e-03
  7.70e-02	  3.54e-02	1.30950e-03
  7.70e-02	  3.59e-02	1.10225e-03
  7.70e-02	  3.65e-02	7.34307e-04
  7.70e-02	  3.70e-02	3.29514e-04
  7.70e-02	  3.75e-02	5.55002e-31
  7.70e-02	  3.80e-02	0.00000e+00
  7.70e-02	  3.85e-02	0.00000e+00
  7.70e-02	  3.91e-02	0.00000e+00
  7.70e-02	  3.96e-02	0.00000e+00
  7.70e-02	  4.01e-02	0.00000e+00
  7.70e-02	  4.06e-02	0.00000e+00
  7.70e-02	  4.11e-02	0.00000e+00
  7.70e-02	  4.17e-02	0.00000e+00
  7.70e-02	  4.22e-02	0.00000e+00
  7.70e-02	  4.27e-02	0.00000e+00
  7.70e-02	  4.32e-02	0.00000e+00
  7.70e-02	  4.37e-02	0.00000e+00
  7.70e-02	  4.43e-02	0.00000e+00
  7.70e-02	  4.48e-02	0.00000e+00
  7.70e-02	  4.53e-02	0.00000e+00
  7.70e-02	  4.58e-02	0.00000e+00
  7.70e-02	  4.64e-02	0.00000e+00
  7.70e-02	  4.69e-02	0.00000e+00
  7.70e-02	  4.74e-02	0.00000e+00
  7.70e-02	  4.79e-02	0.00000e+00
  7.70e-02	  4.84e-02	0.00000e+00
  7.70e-02	  4.90e-02	0.00000e+00
  7.70e-02	  4.95e-02	0.00000e+00

  7.77e-02	  0.00e+00	0.00000e+00
  7.77e-02	  5.21e-04	0.00000e+00
  7.77e-02	  1.04e-03	0.00000e+00
  7.77e-02	  1.56e-03	0.00000e+00
  7.77e-02	  2.08e-03	0.00000e+00
  7.77e-02	  2.60e-03	0.00000e+00
  7.77e-02	  3.12e-03	0.00000e+00
  7.77e-02	  3.65e-03	0.00000e+00
  7.77e-02	  4.17e-03	0.00000e+00
  7.77e-02	  4.69e-03	0.00000e+00
  7.77e-02	  5.21e-03	0.00000e+00
  7.77e-02	  5.73e-03	0.00000e+00
  7.77e-02	  6.25e-03	0.00000e+00
  7.77e-02	  6.77e-03	0.00000e+00
  7.77e-02	  7.29e-03	0.00000e+00
  7.77e-02	  7.81e-03	0.00000e+00
  7.77e-02	  8.33e-03	0.00000e+00
  7.77e-02	  8.85e-03	0.00000e+00
  7.77e-02	  9.37e-03	0.00000e+00
  7.77e-02	  9.90e-03	0.00000e+00
  7.77e-02	  1.04e-02	0.00000e+00
  7.77e-02	  1.09e-02	0.00000e+00
  7.77e-02	  1.15e-02	0.00000e+00
  7.77e-02	  1.20e-02	0.00000e+00
  7.77e-02	  1.25e-02	-4.23287e-31
  7.77e-02	  1.30e-02	-1.23458e-05
  7.77e-02	  1.35e-02	-2.75625e-05
  7.77e-02	  1.41e-02	-4.04647e-05
  7.77e-02	  1.46e-02	-4.66246e-05
  7.77e-02	  1.51e-02	-4.40820e-05
  7.77e-02	  1.56e-02	-3.40464e-05
  7.77e-02	  1.61e-02	-2.02617e-05
  7.77e-02	  1.67e-02	-7.33347e-06
  7.77e-02	  1.72e-02	1.19125e-06
  7.77e-02	  1.77e-02	4.11673e-06
  7.77e-02	  1.82e-02	2.74851e-06
  7.77e-02	  1.88e-02	4.23187e-31
  7.77e-02	  1.93e-02	0.00000e+00
  7.77e-02	  1.98e-02	0.00000e+00
  7.77e-02	  2.03e-02	0.00000e+00
  7.77e-02	  2.08e-02	0.00000e+00
  7.77e-02	  2.14e-02	-5.90629e-31
  7.77e-02	  2.19e-02	-1.98297e-04
  7.77e-02	  2.24e-02	-3.91026e-04
  7.77e-02	  2.29e-02	-5.02597e-04
  7.77e-02	  2.34e-02	-5.25848e-04
  7.77e-02	  2.40e-02	-4.68213e-04
  7.77e-02	  2.45e-02	-3.48777e-04
  7.77e-02	  2.50e-02	-1.93116e-04
  7.77e-02	  2.55e-02	-3.07850e-05
  7.77e-02	  2.60e-02	1.05103e-04
  7.77e-02	  2.66e-02	1.82963e-04
  7.77e-02	  2.71e-02	1.82455e-04
  7.77e-02	  2.76e-02	1.04093e-04
  7.77e-02	  2.81e-02	5.90847e-31
  7.77e-02	  2.86e-02	0.00000e+00
  7.77e-02	  2.92e-02	0.00000e+00
  7.77e-02	  2.97e-02	0.00000e+00
  7.77e-02	  3.02e-02	0.00000e+00
  7.77e-02	  3.07e-02	-4.79707e-31
  7.77e-02	  3.13e-02	-1.54558e-04
  7.77e-02	  3.18e-02	-3.19457e-04
  7.77e-02	  3.23e-02	-4.11819e-04
  7.77e-02	  3.28e-02	-3.48846e-04
  7.77e-02	  3.33e-02	-9.09190e-05
  7.77e-02	  3.39e-02	3.08081e-04
  7.77e-02	  3.44e-02	7.13327e-04
  7.77e-02	  3.49e-02	9.83870e-04
  7.77e-02	  3.54e-02	1.03872e-03
  7.77e-02	  3.59e-02	8.84516e-04
  7.77e-02	  3.65e-02	5.95522e-04
  7.77e-02	  3.70e-02	2.68822e-04
  7.77e-02	  3.75e-02	4.80346e-31
  7.77e-02	  3.80e-02	0.00000e+00
  7.77e-02	  3.85e-02	0.00000e+00
  7.77e-02	  3.91e-02	0.00000e+00
  7.77e-02	  3.96e-02	0.00000e+00
  7.77e-02	  4.01e-02	0.00000e+00
  7.77e-02	  4.06e-02	0.00000e+00
  7.77e-02	  4.11e-02	0.00000e+00
  7.77e-02	  4.17e-02	0.00000e+00
  7.77e-02	  4.22e-02	0.00000e+00
  7.77e-02	  4.27e-02	0.00000e+00
  7.77e-02	  4.32e-02	0.00000e+00
  7.77e-02	  4.37e-02	0.00000e+00
  7.77e-02	  4.43e-02	0.00000e+00
  7.77e-02	  4.48e-02	0.00000e+00
  7.77e-02	  4.53e-02	0.00000e+00
  7.77e-02	  4.58e-02	0.00000e+00
  7.77e-02	  4.64e-02	0.00000e+00
  7.77e-02	  4.69e-02	0.00000e+00
  7.77e-02	  4.74e-02	0.00000e+00
  7.77e-02	  4.79e-02	0.00000e+00
  7.77e-02	  4.84e-02	0.00000e+00
  7.77e-02	  4.90e-02	0.00000e+00
  7.77e-02	  4.95e-02	0.00000e+00

  7.85e-02	  0.00e+00	0.00000e+00
  7.85e-02	  5.21e-04	0.00000e+00
  7.85e-02	  1.04e-03	0.00000e+00
  7.85e-02	  1.56e-03	0.00000e+00
  7.85e-02	  2.08e-03	0.00000e+00
  7.85e-02	  2.60e-03	0.00000e+00
  7.85e-02	  3.12e-03	0.00000e+00
  7.85e-02	  3.65e-03	0.00000e+00
  7.85e-02	  4.17e-03	0.00000e+00
  7.85e-02	  4.69e-03	0.00000e+00
  7.85e-02	  5.21e-03	0.00000e+00
  7.85e-02	  5.73e-03	0.00000e+00
  7.85e-02	  6.25e-03	0.00000e+00
  7.85e-02	  6.77e-03	0.00000e+00
  7.85e-02	  7.29e-03	0.00000e+00
  7.85e-02	  7.81e-03	0.00000e+00
  7.85e-02	  8.33e-03	0.00000e+00
  7.85e-02	  8.85e-03	0.00000e+00
  7.85e-02	  9.37e-03	0.00000e+00
  7.85e-02	  9.90e-03	0.00000e+00
  7.85e-02	  1.04e-02	0.00000e+00
  7.85e-02	  1.09e-02	0.00000e+00
  7.85e-02	  1.15e-02	0.00000e+00
  7.85e-02	  1.20e-02	0.00000e+00
  7.85e-02	  1.25e-02	-3.50207e-31
  7.85e-02	  1.30e-02	-8.16752e-06
  7.85e-02	  1.35e-02	-1.83362e-05
  7.85e-02	  1.41e-02	-2.70427e-05
  7.85e-02	  1.46e-02	-3.12829e-05
  7.85e-02	  1.51e-02	-2.96871e-05
  7.85e-02	  1.56e-02	-2.30204e-05
  7.85e-02	  1.61e-02	-1.37739e-05
  7.85e-02	  1.67e-02	-5.04688e-06
  7.85e-02	  1.72e-02	7.47980e-07
  7.85e-02	  1.77e-02	2.76786e-06
  7.85e-02	  1.82e-02	1.86175e-06
  7.85e-02	  1.88e-02	3.50133e-31
  7.85e-02	  1.93e-02	0.00000e+00
  7.85e-02	  1.98e-02	0.00000e+00
  7.85e-02	  2.03e-02	0.00000e+00
  7.85e-02	  2.08e-02	0.00000e+00
  7.85e-02	  2.14e-02	-5.13146e-31
  7.85e-02	  2.19e-02	-3.07801e-04
  7.85e-02	  2.24e-02	-5.78480e-04
  7.85e-02	  2.29e-02	-6.65916e-04
  7.85e-02	  2.34e-02	-6.37688e-04
  7.85e-02	  2.40e-02	-5.25478e-04
  7.85e-02	  2.45e-02	-3.54885e-04
  7.85e-02	  2.50e-02	-1.51996e-04
  7.85e-02	  2.55e-02	5.47909e-05
  7.85e-02	  2.60e-02	2.32754e-04
  7.85e-02	  2.66e-02	3.46269e-04
  7.85e-02	  2.71e-02	3.57314e-04
  7.85e-02	  2.76e-02	2.04815e-04
  7.85e-02	  2.81e-02	5.13453e-31
  7.85e-02	  2.86e-02	0.00000e+00
  7.85e-02	  2.92e-02	0.00000e+00
  7.85e-02	  2.97e-02	0.00000e+00
  7.85e-02	  3.02e-02	0.00000e+00
  7.85e-02	  3.07e-02	-4.04978e-31
  7.85e-02	  3.13e-02	-1.20181e-04
  7.85e-02	  3.18e-02	-2.44883e-04
  7.85e-02	  3.23e-02	-3.07506e-04
  7.85e-02	  3.28e-02	-2.50338e-04
  7.85e-02	  3.33e-02	-5.19972e-05
  7.85e-02	  3.39e-02	2.46873e-04
  7.85e-02	  3.44e-02	5.51171e-04
  7.85e-02	  3.49e-02	7.57952e-04
  7.85e-02	  3.54e-02	8.05132e-04
  7.85e-02	  3.59e-02	6.92267e-04
  7.85e-02	  3.65e-02	4.69774e-04
  7.85e-02	  3.70e-02	2.12827e-04
  7.85e-02	  3.75e-02	4.05535e-31
  7.85e-02	  3.80e-02	0.00000e+00
  7.85e-02	  3.85e-02	0.00000e+00
  7.85e-02	  3.91e-02	0.00000e+00
  7.85e-02	  3.96e-02	0.00000e+00
  7.85e-02	  4.01e-02	0.00000e+00
  7.85e-02	  4.06e-02	0.00000e+00
  7.85e-02	  4.11e-02	0.00000e+00
  7.85e-02	  4.17e-02	0.00000e+00
  7.85e-02	  4.22e-02	0.00000e+00
  7.85e-02	  4.27e-02	0.00000e+00
  7.85e-02	  4.32e-02	0.00000e+00
  7.85e-02	  4.37e-02	0.00000e+00
  7.85e-02	  4.43e-02	0.00000e+00
  7.85e-02	  4.48e-02	0.00000e+00
  7.85e-02	  4.53e-02	0.00000e+00
  7.85e-02	  4.58e-02	0.00000e+00
  7.85e-02	  4.64e-02	0.00000e+00
  7.85e-02	  4.69e-02	0.00000e+00
  7.85e-02	  4.74e-02	0.00000e+00
  7.85e-02	  4.79e-02	0.00000e+00
  7.85e-02	  4.84e-02	0.00000e+00
  7.85e-02	  4.90e-02	0.00000e+00
  7.85e-02	  4.95e-02	0.00000e+00

  7.93e-02	  0.00e+00	0.00000e+00
  7.93e-02	  5.21e-04	0.00000e+00
  7.93e-02	  1.04e-03	0.00000e+00
  7.93e-02	  1.56e-03	0.00000e+00
  7.93e-02	  2.08e-03	0.00000e+00
  7.93e-02	  2.60e-03	0.00000e+00
  7.93e-02	  3.12e-03	0.00000e+00
  7.93e-02	  3.65e-03	0.00000e+00
  7.93e-02	  4.17e-03	0.00000e+00
  7.93e-02	  4.69e-03	0.00000e+00
  7.93e-02	  5.21e-03	0.00000e+00
  7.93e-02	  5.73e-03	0.00000e+00
  7.93e-02	  6.25e-03	0.00000e+00
  7.93e-02	  6.77e-03	0.00000e+00
  7.93e-02	  7.29e-03	0.00000e+00
  7.93e-02	  7.81e-03	0.00000e+00
  7.93e-02	  8.33e-03	0.00000e+00
  7.93e-02	  8.85e-03	0.00000e+00
  7.93e-02	  9.37e-03	0.00000e+00
  7.93e-02	  9.90e-03	0.00000e+00
  7.93e-02	  1.04e-02	0.00000e+00
  7.93e-02	  1.09e-02	0.00000e+00
  7.93e-02	  1.15e-02	0.00000e+00
  7.93e-02	  1.20e-02	0.00000e+00
  7.93e-02	  1.25e-02	-2.77129e-31
  7.93e-02	  1.30e-02	-5.39627e-06
  7.93e-02	  1.35e-02	-1.21822e-05
  7.93e-02	  1.41e-02	-1.80343e-05
  7.93e-02	  1.46e-02	-2.09108e-05
  7.93e-02	  1.51e-02	-1.98591e-05
  7.93e-02	  1.56e-02	-1.53725e-05
  7.93e-02	  1.61e-02	-9.12569e-06
  7.93e-02	  1.67e-02	-3.22201e-06
  7.93e-02	  1.72e-02	6.88047e-07
  7.93e-02	  1.77e-02	2.01565e-06
  7.93e-02	  1.82e-02	1.33118e-06
  7.93e-02	  1.88e-02	2.77074e-31
  7.93e-02	  1.93e-02	0.00000e+00
  7.93e-02	  1.98e-02	0.00000e+00
  7.93e-02	  2.03e-02	0.00000e+00
  7.93e-02	  2.08e-02	0.00000e+00
  7.93e-02	  2.14e-02	-4.35373e-31
  7.93e-02	  2.19e-02	-4.18615e-04
  7.93e-02	  2.24e-02	-7.88633e-04
  7.93e-02	  2.29e-02	-8.76063e-04
  7.93e-02	  2.34e-02	-7.91538e-04
  7.93e-02	  2.40e-02	-6.09567e-04
  7.93e-02	  2.45e-02	-3.69958e-04
  7.93e-02	  2.50e-02	-1.01107e-04
  7.93e-02	  2.55e-02	1.69950e-04
  7.93e-02	  2.60e-02	4.09952e-04
  7.93e-02	  2.66e-02	5.73105e-04
  7.93e-02	  2.71e-02	5.88497e-04
  7.93e-02	  2.76e-02	3.31388e-04
  7.93e-02	  2.81e-02	4.35539e-31
  7.93e-02	  2.86e-02	0.00000e+00
  7.93e-02	  2.92e-02	0.00000e+00
  7.93e-02	  2.97e-02	0.00000e+00
  7.93e-02	  3.02e-02	0.00000e+00
  7.93e-02	  3.07e-02	-3.30139e-31
  7.93e-02	  3.13e-02	-9.00835e-05
  7.93e-02	  3.18e-02	-1.81724e-04
  7.93e-02	  3.23e-02	-2.23373e-04
  7.93e-02	  3.28e-02	-1.74349e-04
  7.93e-02	  3.33e-02	-2.33606e-05
  7.93e-02	  3.39e-02	1.98119e-04
  7.93e-02	  3.44e-02	4.22943e-04
  7.93e-02	  3.49e-02	5.77714e-04
  7.93e-02	  3.54e-02	6.15473e-04
  7.93e-02	  3.59e-02	5.32265e-04
  7.93e-02	  3.65e-02	3.62901e-04
  7.93e-02	  3.70e-02	1.64657e-04
  7.93e-02	  3.75e-02	3.30618e-31
  7.93e-02	  3.80e-02	0.00000e+00
  7.93e-02	  3.85e-02	0.00000e+00
  7.93e-02	  3.91e-02	0.00000e+00
  7.93e-02	  3.96e-02	0.00000e+00
  7.93e-02	  4.01e-02	0.00000e+00
  7.93e-02	  4.06e-02	0.00000e+00
  7.93e-02	  4.11e-02	0.00000e+00
  7.93e-02	  4.17e-02	0.00000e+00
  7.93e-02	  4.22e-02	0.00000e+00
  7.93e-02	  4.27e-02	0.00000e+00
  7.93e-02	  4.32e-02	0.00000e+00
  7.93e-02	  4.37e-02	0.00000e+00
  7.93e-02	  4.43e-02	0.00000e+00
  7.93e-02	  4.48e-02	0.00000e+00
  7.93e-02	  4.53e-02	0.00000e+00
  7.93e-02	  4.58e-02	0.00000e+00
  7.93e-02	  4.64e-02	0.00000e+00
  7.93e-02	  4.69e-02	0.00000e+00
  7.93e-02	  4.74e-02	0.00000e+00
  7.93e-02	  4.79e-02	0.00000e+00
  7.93e-02	  4.84e-02	0.00000e+00
  7.93e-02	  4.90e-02	0.00000e+00
  7.93e-02	  4.95e-02	0.00000e+00

  8.01e-02	  0.00e+00	0.00000e+00
  8.01e-02	  5.21e-04	0.00000e+00
  8.01e-02	  1.04e-03	0.00000e+00
  8.01e-02	  1.56e-03	0.00000e+00
  8.01e-02	  2.08e-03	0.00000e+00
  8.01e-02	  2.60e-03	0.00000e+00
  8.01e-02	  3.12e-03	0.00000e+00
  8.01e-02	  3.65e-03	0.00000e+00
  8.01e-02	  4.17e-03	0.00000e+00
  8.01e-02	  4.69e-03	0.00000e+00
  8.01e-02	  5.21e-03	0.00000e+00
  8.01e-02	  5.73e-03	0.00000e+00
  8.01e-02	  6.25e-03	0.00000e+00
  8.01e-02	  6.77e-03	0.00000e+00
  8.01e-02	  7.29e-03	0.00000e+00
  8.01e-02	  7.81e-03	0.00000e+00
  8.01e-02	  8.33e-03	0.00000e+00
  8.01e-02	  8.85e-03	0.00000e+00
  8.01e-02	  9.37e-03	0.00000e+00
  8.01e-02	  9.90e-03	0.00000e+00
  8.01e-02	  1.04e-02	0.00000e+00
  8.01e-02	  1.09e-02	0.00000e+00
  8.01e-02	  1.15e-02	0.00000e+00
  8.01e-02	  1.20e-02	0.00000e+00
  8.01e-02	  1.25e-02	-2.04053e-31
  8.01e-02	  1.30e-02	-3.56483e-06
  8.01e-02	  1.35e-02	-8.09426e-06
  8.01e-02	  1.41e-02	-1.20187e-05
  8.01e-02	  1.46e-02	-1.39461e-05
  8.01e-02	  1.51e-02	-1.32161e-05
  8.01e-02	  1.56e-02	-1.01546e-05
  8.01e-02	  1.61e-02	-5.90091e-06
  8.01e-02	  1.67e-02	-1.89517e-06
  8.01e-02	  1.72e-02	7.26523e-07
  8.01e-02	  1.77e-02	1.55632e-06
  8.01e-02	  1.82e-02	9.91074e-07
  8.01e-02	  1.88e-02	2.04013e-31
  8.01e-02	  1.93e-02	0.00000e+00
  8.01e-02	  1.98e-02	0.00000e+00
  8.01e-02	  2.03e-02	0.00000e+00
  8.01e-02	  2.08e-02	0.00000e+00
  8.01e-02	  2.14e-02	-3.58104e-31
  8.01e-02	  2.19e-02	-4.29807e-04
  8.01e-02	  2.24e-02	-8.82974e-04
  8.01e-02	  2.29e-02	-1.05240e-03
  8.01e-02	  2.34e-02	-9.44060e-04
  8.01e-02	  2.40e-02	-6.99091e-04
  8.01e-02	  2.45e-02	-3.86346e-04
  8.01e-02	  2.50e-02	-4.37154e-05
  8.01e-02	  2.55e-02	2.98717e-04
  8.01e-02	  2.60e-02	6.00815e-04
  8.01e-02	  2.66e-02	7.92466e-04
  8.01e-02	  2.71e-02	7.35081e-04
  8.01e-02	  2.76e-02	3.76972e-04
  8.01e-02	  2.81e-02	3.58022e-31
  8.01e-02	  2.86e-02	0.00000e+00
  8.01e-02	  2.92e-02	0.00000e+00
  8.01e-02	  2.97e-02	0.00000e+00
  8.01e-02	  3.02e-02	0.00000e+00
  8.01e-02	  3.07e-02	-2.55225e-31
  8.01e-02	  3.13e-02	-6.60202e-05
  8.01e-02	  3.18e-02	-1.32212e-04
  8.01e-02	  3.23e-02	-1.59663e-04
  8.01e-02	  3.28e-02	-1.19421e-04
  8.01e-02	  3.33e-02	-5.42670e-06
  8.01e-02	  3.39e-02	1.58273e-04
  8.01e-02	  3.44e-02	3.23657e-04
  8.01e-02	  3.49e-02	4.38159e-04
  8.01e-02	  3.54e-02	4.66754e-04
  8.01e-02	  3.59e-02	4.04685e-04
  8.01e-02	  3.65e-02	2.76494e-04
  8.01e-02	  3.70e-02	1.25443e-04
  8.01e-02	  3.75e-02	2.55631e-31
  8.01e-02	  3.80e-02	0.00000e+00
  8.01e-02	  3.85e-02	0.00000e+00
  8.01e-02	  3.91e-02	0.00000e+00
  8.01e-02	  3.96e-02	0.00000e+00
  8.01e-02	  4.01e-02	0.00000e+00
  8.01e-02	  4.06e-02	0.00000e+00
  8.01e-02	  4.11e-02	0.00000e+00
  8.01e-02	  4.17e-02	0.00000e+00
  8.01e-02	  4.22e-02	0.00000e+00
  8.01e-02	  4.27e-02	0.00000e+00
  8.01e-02	  4.32e-02	0.00000e+00
  8.01e-02	  4.37e-02	0.00000e+00
  8.01e-02	  4.43e-02	0.00000e+00
  8.01e-02	  4.48e-02	0.00000e+00
  8.01e-02	  4.53e-02	0.00000e+00
  8.01e-02	  4.58e-02	0.00000e+00
  8.01e-02	  4.64e-02	0.00000e+00
  8.01e-02	  4.69e-02	0.00000e+00
  8.01e-02	  4.74e-02	0.00000e+00
  8.01e-02	  4.79e-02	0.00000e+00
  8.01e-02	  4.84e-02	0.00000e+00
  8.01e-02	  4.90e-02	0.00000e+00
  8.01e-02	  4.95e-02	0.00000e+00

  8.09e-02	  0.00e+00	0.00000e+00
  8.09e-02	  5.21e-04	0.00000e+00
  8.09e-02	  1.04e-03	0.00000e+00
  8.09e-02	  1.56e-03	0.00000e+00
  8.09e-02	  2.08e-03	0.00000e+00
  8.09e-02	  2.60e-03	0.00000e+00
  8.09e-02	  3.12e-03	0.00000e+00
  8.09e-02	  3.65e-03	0.00000e+00
  8.09e-02	  4.17e-03	0.00000e+00
  8.09e-02	  4.69e-03	0.00000e+00
  8.09e-02	  5.21e-03	0.00000e+00
  8.09e-02	  5.73e-03	0.00000e+00
  8.09e-02	  6.25e-03	0.00000e+00
  8.09e-02	  6.77e-03	0.00000e+00
  8.09e-02	  7.29e-03	0.00000e+00
  8.09e-02	  7.81e-03	0.00000e+00
  8.09e-02	  8.33e-03	0.00000e+00
  8.09e-02	  8.85e-03	0.00000e+00
  8.09e-02	  9.37e-03	0.00000e+00
  8.09e-02	  9.90e-03	0.00000e+00
  8.09e-02	  1.04e-02	0.00000e+00
  8.09e-02	  1.09e-02	0.00000e+00
  8.09e-02	  1.15e-02	0.00000e+00
  8.09e-02	  1.20e-02	0.00000e+00
  8.09e-02	  1.25e-02	-1.30978e-31
  8.09e-02	  1.30e-02	-2.35778e-06
  8.09e-02	  1.35e-02	-5.38792e-06
  8.09e-02	  1.41e-02	-8.02020e-06
  8.09e-02	  1.46e-02	-9.30082e-06
  8.09e-02	  1.51e-02	-8.77253e-06
  8.09e-02	  1.56e-02	-6.65630e-06
  8.09e-02	  1.61e-02	-3.73615e-06
  8.09e-02	  1.67e-02	-1.00746e-06
  8.09e-02	  1.72e-02	7.42996e-07
  8.09e-02	  1.77e-02	1.23477e-06
  8.09e-02	  1.82e-02	7.52828e-07
  8.09e-02	  1.88e-02	1.30949e-31
  8.09e-02	  1.93e-02	0.00000e+00
  8.09e-02	  1.98e-02	0.00000e+00
  8.09e-02	  2.03e-02	0.00000e+00
  8.09e-02	  2.08e-02	0.00000e+00
  8.09e-02	  2.14e-02	-2.80975e-31
  8.09e-02	  2.19e-02	-3.79609e-04
  8.09e-02	  2.24e-02	-8.70333e-04
  8.09e-02	  2.29e-02	-1.14035e-03
  8.09e-02	  2.34e-02	-1.05384e-03
  8.09e-02	  2.40e-02	-7.70954e-04
  8.09e-02	  2.45e-02	-3.96730e-04
  8.09e-02	  2.50e-02	1.28950e-05
  8.09e-02	  2.55e-02	4.16542e-04
  8.09e-02	  2.60e-02	7.57469e-04
  8.09e-02	  2.66e-02	9.32566e-04
  8.09e-02	  2.71e-02	7.62695e-04
  8.09e-02	  2.76e-02	3.41419e-04
  8.09e-02	  2.81e-02	2.80813e-31
  8.09e-02	  2.86e-02	0.00000e+00
  8.09e-02	  2.92e-02	0.00000e+00
  8.09e-02	  2.97e-02	0.00000e+00
  8.09e-02	  3.02e-02	0.00000e+00
  8.09e-02	  3.07e-02	-1.80261e-31
  8.09e-02	  3.13e-02	-4.78655e-05
  8.09e-02	  3.18e-02	-9.52964e-05
  8.09e-02	  3.23e-02	-1.13324e-04
  8.09e-02	  3.28e-02	-8.11649e-05
  8.09e-02	  3.33e-02	4.55231e-06
  8.09e-02	  3.39e-02	1.25648e-04
  8.09e-02	  3.44e-02	2.47347e-04
  8.09e-02	  3.49e-02	3.31638e-04
  8.09e-02	  3.54e-02	3.52560e-04
  8.09e-02	  3.59e-02	3.05785e-04
  8.09e-02	  3.65e-02	2.08984e-04
  8.09e-02	  3.70e-02	9.47116e-05
  8.09e-02	  3.75e-02	1.80602e-31
  8.09e-02	  3.80e-02	0.00000e+00
  8.09e-02	  3.85e-02	0.00000e+00
  8.09e-02	  3.91e-02	0.00000e+00
  8.09e-02	  3.96e-02	0.00000e+00
  8.09e-02	  4.01e-02	0.00000e+00
  8.09e-02	  4.06e-02	0.00000e+00
  8.09e-02	  4.11e-02	0.00000e+00
  8.09e-02	  4.17e-02	0.00000e+00
  8.09e-02	  4.22e-02	0.00000e+00
  8.09e-02	  4.27e-02	0.00000e+00
  8.09e-02	  4.32e-02	0.00000e+00
  8.09e-02	  4.37e-02	0.00000e+00
  8.09e-02	  4.43e-02	0.00000e+00
  8.09e-02	  4.48e-02	0.00000e+00
  8.09e-02	  4.53e-02	0.00000e+00
  8.09e-02	  4.58e-02	0.00000e+00
  8.09e-02	  4.64e-02	0.00000e+00
  8.09e-02	  4.69e-02	0.00000e+00
  8.09e-02	  4.74e-02	0.00000e+00
  8.09e-02	  4.79e-02	0.00000e+00
  8.09e-02	  4.84e-02	0.00000e+00
  8.09e-02	  4.90e-02	0.00000e+00
  8.09e-02	  4.95e-02	0.00000e+00

  8.16e-02	  0.00e+00	0.00000e+00
  8.16e-02	  5.21e-04	0.00000e+00
  8.16e-02	  1.04e-03	0.00000e+00
  8.16e-02	  1.56e-03	0.00000e+00
  8.16e-02	  2.08e-03	0.00000e+00
  8.16e-02	  2.60e-03	0.00000e+00
  8.16e-02	  3.12e-03	0.00000e+00
  8.16e-02	  3.65e-03	0.00000e+00
  8.16e-02	  4.17e-03	0.00000e+00
  8.16e-02	  4.69e-03	0.00000e+00
  8.16e-02	  5.21e-03	0.00000e+00
  8.16e-02	  5.73e-03	0.00000e+00
  8.16e-02	  6.25e-03	0.00000e+00
  8.16e-02	  6.77e-03	0.00000e+00
  8.16e-02	  7.29e-03	0.00000e+00
  8.16e-02	  7.81e-03	0.00000e+00
  8.16e-02	  8.33e-03	0.00000e+00
  8.16e-02	  8.85e-03	0.00000e+00
  8.16e-02	  9.37e-03	0.00000e+00
  8.16e-02	  9.90e-03	0.00000e+00
  8.16e-02	  1.04e-02	0.00000e+00
  8.16e-02	  1.09e-02	0.00000e+00
  8.16e-02	  1.15e-02	0.00000e+00
  8.16e-02	  1.20e-02	0.00000e+00
  8.16e-02	  1.25e-02	-5.79047e-32
  8.16e-02	  1.30e-02	-1.56349e-06
  8.16e-02	  1.35e-02	-3.60047e-06
  8.16e-02	  1.41e-02	-5.37265e-06
  8.16e-02	  1.46e-02	-6.22212e-06
  8.16e-02	  1.51e-02	-5.83156e-06
  8.16e-02	  1.56e-02	-4.35376e-06
  8.16e-02	  1.61e-02	-2.33405e-06
  8.16e-02	  1.67e-02	-4.66164e-07
  8.16e-02	  1.72e-02	7.01738e-07
  8.16e-02	  1.77e-02	9.77705e-07
  8.16e-02	  1.82e-02	5.71024e-07
  8.16e-02	  1.88e-02	5.78837e-32
  8.16e-02	  1.93e-02	0.00000e+00
  8.16e-02	  1.98e-02	0.00000e+00
  8.16e-02	  2.03e-02	0.00000e+00
  8.16e-02	  2.08e-02	0.00000e+00
  8.16e-02	  2.14e-02	-2.03681e-31
  8.16e-02	  2.19e-02	-3.39081e-04
  8.16e-02	  2.24e-02	-7.87956e-04
  8.16e-02	  2.29e-02	-1.11584e-03
  8.16e-02	  2.34e-02	-1.10126e-03
  8.16e-02	  2.40e-02	-8.12543e-04
  8.16e-02	  2.45e-02	-3.97479e-04
  8.16e-02	  2.50e-02	6.23833e-05
  8.16e-02	  2.55e-02	5.06951e-04
  8.16e-02	  2.60e-02	8.54492e-04
  8.16e-02	  2.66e-02	9.55889e-04
  8.16e-02	  2.71e-02	7.06950e-04
  8.16e-02	  2.76e-02	3.04461e-04
  8.16e-02	  2.81e-02	2.03507e-31
  8.16e-02	  2.86e-02	0.00000e+00
  8.16e-02	  2.92e-02	0.00000e+00
  8.16e-02	  2.97e-02	0.00000e+00
  8.16e-02	  3.02e-02	0.00000e+00
  8.16e-02	  3.07e-02	-1.05263e-31
  8.16e-02	  3.13e-02	-3.46309e-05
  8.16e-02	  3.18e-02	-6.85946e-05
  8.16e-02	  3.23e-02	-8.04408e-05
  8.16e-02	  3.28e-02	-5.51296e-05
  8.16e-02	  3.33e-02	9.28770e-06
  8.16e-02	  3.39e-02	9.91268e-05
  8.16e-02	  3.44e-02	1.88937e-04
  8.16e-02	  3.49e-02	2.50965e-04
  8.16e-02	  3.54e-02	2.65988e-04
  8.16e-02	  3.59e-02	2.30481e-04
  8.16e-02	  3.65e-02	1.57395e-04
  8.16e-02	  3.70e-02	7.12165e-05
  8.16e-02	  3.75e-02	1.05546e-31
  8.16e-02	  3.80e-02	0.00000e+00
  8.16e-02	  3.85e-02	0.00000e+00
  8.16e-02	  3.91e-02	0.00000e+00
  8.16e-02	  3.96e-02	0.00000e+00
  8.16e-02	  4.01e-02	0.00000e+00
  8.16e-02	  4.06e-02	0.00000e+00
  8.16e-02	  4.11e-02	0.00000e+00
  8.16e-02	  4.17e-02	0.00000e+00
  8.16e-02	  4.22e-02	0.00000e+00
  8.16e-02	  4.27e-02	0.00000e+00
  8.16e-02	  4.32e-02	0.00000e+00
  8.16e-02	  4.37e-02	0.00000e+00
  8.16e-02	  4.43e-02	0.00000e+00
  8.16e-02	  4.48e-02	0.00000e+00
  8.16e-02	  4.53e-02	0.00000e+00
  8.16e-02	  4.58e-02	0.00000e+00
  8.16e-02	  4.64e-02	0.00000e+00
  8.16e-02	  4.69e-02	0.00000e+00
  8.16e-02	  4.74e-02	0.00000e+00
  8.16e-02	  4.79e-02	0.00000e+00
  8.16e-02	  4.84e-02	0.00000e+00
  8.16e-02	  4.90e-02	0.00000e+00
  8.16e-02	  4.95e-02	0.00000e+00

  8.24e-02	  0.00e+00	0.00000e+00
  8.24e-02	  5.21e-04	0.00000e+00
  8.24e-02	  1.04e-03	0.00000e+00
  8.24e-02	  1.56e-03	0.00000e+00
  8.24e-02	  2.08e-03	0.00000e+00
  8.24e-02	  2.60e-03	0.00000e+00
  8.24e-02	  3.12e-03	0.00000e+00
  8.24e-02	  3.65e-03	0.00000e+00
  8.24e-02	  4.17e-03	0.00000e+00
  8.24e-02	  4.69e-03	0.00000e+00
  8.24e-02	  5.21e-03	0.00000e+00
  8.24e-02	  5.73e-03	0.00000e+00
  8.24e-02	  6.25e-03	0.00000e+00
  8.24e-02	  6.77e-03	0.00000e+00
  8.24e-02	  7.29e-03	0.00000e+00
  8.24e-02	  7.81e-03	0.00000e+00
  8.24e-02	  8.33e-03	0.00000e+00
  8.24e-02	  8.85e-03	0.00000e+00
  8.24e-02	  9.37e-03	0.00000e+00
  8.24e-02	  9.90e-03	0.00000e+00
  8.24e-02	  1.04e-02	0.00000e+00
  8.24e-02	  1.09e-02	0.00000e+00
  8.24e-02	  1.15e-02	0.00000e+00
  8.24e-02	  1.20e-02	0.00000e+00
  8.24e-02	  1.25e-02	1.51682e-32
  8.24e-02	  1.30e-02	-1.04057e-06
  8.24e-02	  1.35e-02	-2.42063e-06
  8.24e-02	  1.41e-02	-3.62377e-06
  8.24e-02	  1.46e-02	-4.19249e-06
  8.24e-02	  1.51e-02	-3.90491e-06
  8.24e-02	  1.56e-02	-2.86763e-06
  8.24e-02	  1.61e-02	-1.46274e-06
  8.24e-02	  1.67e-02	-1.76923e-07
  8.24e-02	  1.72e-02	6.05821e-07
  8.24e-02	  1.77e-02	7.54162e-07
  8.24e-02	  1.82e-02	4.23369e-07
  8.24e-02	  1.88e-02	-1.51832e-32
  8.24e-02	  1.93e-02	0.00000e+00
  8.24e-02	  1.98e-02	0.00000e+00
  8.24e-02	  2.03e-02	0.00000e+00
  8.24e-02	  2.08e-02	0.00000e+00
  8.24e-02	  2.14e-02	-1.26239e-31
  8.24e-02	  2.19e-02	-2.99439e-04
  8.24e-02	  2.24e-02	-6.75559e-04
  8.24e-02	  2.29e-02	-1.01330e-03
  8.24e-02	  2.34e-02	-1.07666e-03
  8.24e-02	  2.40e-02	-8.17014e-04
  8.24e-02	  2.45e-02	-3.86940e-04
  8.24e-02	  2.50e-02	1.00131e-04
  8.24e-02	  2.55e-02	5.59368e-04
  8.24e-02	  2.60e-02	8.78441e-04
  8.24e-02	  2.66e-02	8.89681e-04
  8.24e-02	  2.71e-02	6.08984e-04
  8.24e-02	  2.76e-02	2.70463e-04
  8.24e-02	  2.81e-02	1.26064e-31
  8.24e-02	  2.86e-02	0.00000e+00
  8.24e-02	  2.92e-02	0.00000e+00
  8.24e-02	  2.97e-02	0.00000e+00
  8.24e-02	  3.02e-02	0.00000e+00
  8.24e-02	  3.07e-02	-3.02415e-32
  8.24e-02	  3.13e-02	-2.51553e-05
  8.24e-02	  3.18e-02	-4.95900e-05
  8.24e-02	  3.23e-02	-5.74127e-05
  8.24e-02	  3.28e-02	-3.76534e-05
  8.24e-02	  3.33e-02	1.08487e-05
  8.24e-02	  3.39e-02	7.77910e-05
  8.24e-02	  3.44e-02	1.44375e-04
  8.24e-02	  3.49e-02	1.90152e-04
  8.24e-02	  3.54e-02	2.00858e-04
  8.24e-02	  3.59e-02	1.73767e-04
  8.24e-02	  3.65e-02	1.18508e-04
  8.24e-02	  3.70e-02	5.35230e-05
  8.24e-02	  3.75e-02	3.04744e-32
  8.24e-02	  3.80e-02	0.00000e+00
  8.24e-02	  3.85e-02	0.00000e+00
  8.24e-02	  3.91e-02	0.00000e+00
  8.24e-02	  3.96e-02	0.00000e+00
  8.24e-02	  4.01e-02	0.00000e+00
  8.24e-02	  4.06e-02	0.00000e+00
  8.24e-02	  4.11e-02	0.00000e+00
  8.24e-02	  4.17e-02	0.00000e+00
  8.24e-02	  4.22e-02	0.00000e+00
  8.24e-02	  4.27e-02	0.00000e+00
  8.24e-02	  4.32e-02	0.00000e+00
  8.24e-02	  4.37e-02	0.00000e+00
  8.24e-02	  4.43e-02	0.00000e+00
  8.24e-02	  4.48e-02	0.00000e+00
  8.24e-02	  4.53e-02	0.00000e+00
  8.24e-02	  4.58e-02	0.00000e+00
  8.24e-02	  4.64e-02	0.00000e+00
  8.24e-02	  4.69e-02	0.00000e+00
  8.24e-02	  4.74e-02	0.00000e+00
  8.24e-02	  4.79e-02	0.00000e+00
  8.24e-02	  4.84e-02	0.00000e+00
  8.24e-02	  4.90e-02	0.00000e+00
  8.24e-02	  4.95e-02	0.00000e+00

  8.32e-02	  0.00e+00	0.00000e+00
  8.32e-02	  5.21e-04	0.00000e+00
  8.32e-02	  1.04e-03	0.00000e+00
  8.32e-02	  1.56e-03	0.00000e+00
  8.32e-02	  2.08e-03	0.00000e+00
  8.32e-02	  2.60e-03	0.00000e+00
  8.32e-02	  3.12e-03	0.00000e+00
  8.32e-02	  3.65e-03	0.00000e+00
  8.32e-02	  4.17e-03	0.00000e+00
  8.32e-02	  4.69e-03	0.00000e+00
  8.32e-02	  5.21e-03	0.00000e+00
  8.32e-02	  5.73e-03	0.00000e+00
  8.32e-02	  6.25e-03	0.00000e+00
  8.32e-02	  6.77e-03	0.00000e+00
  8.32e-02	  7.29e-03	0.00000e+00
  8.32e-02	  7.81e-03	0.00000e+00
  8.32e-02	  8.33e-03	0.00000e+00
  8.32e-02	  8.85e-03	0.00000e+00
  8.32e-02	  9.37e-03	0.00000e+00
  8.32e-02	  9.90e-03	0.00000e+00
  8.32e-02	  1.04e-02	0.00000e+00
  8.32e-02	  1.09e-02	0.00000e+00
  8.32e-02	  1.15e-02	0.00000e+00
  8.32e-02	  1.20e-02	0.00000e+00
  8.32e-02	  1.25e-02	8.82404e-32
  8.32e-02	  1.30e-02	-6.94903e-07
  8.32e-02	  1.35e-02	-1.63978e-06
  8.32e-02	  1.41e-02	-2.46798e-06
  8.32e-02	  1.46e-02	-2.85832e-06
  8.32e-02	  1.51e-02	-2.65364e-06
  8.32e-02	  1.56e-02	-1.92755e-06
  8.32e-02	  1.61e-02	-9.48217e-07
  8.32e-02	  1.67e-02	-5.81756e-08
  8.32e-02	  1.72e-02	4.72511e-07
  8.32e-02	  1.77e-02	5.53447e-07
  8.32e-02	  1.82e-02	2.99329e-07
  8.32e-02	  1.88e-02	-8.82511e-32
  8.32e-02	  1.93e-02	0.00000e+00
  8.32e-02	  1.98e-02	0.00000e+00
  8.32e-02	  2.03e-02	0.00000e+00
  8.32e-02	  2.08e-02	0.00000e+00
  8.32e-02	  2.14e-02	-4.86312e-32
  8.32e-02	  2.19e-02	-2.58388e-04
  8.32e-02	  2.24e-02	-5.78120e-04
  8.32e-02	  2.29e-02	-8.72062e-04
  8.32e-02	  2.34e-02	-9.77303e-04
  8.32e-02	  2.40e-02	-7.78663e-04
  8.32e-02	  2.45e-02	-3.64097e-04
  8.32e-02	  2.50e-02	1.23540e-04
  8.32e-02	  2.55e-02	5.67220e-04
  8.32e-02	  2.60e-02	8.20796e-04
  8.32e-02	  2.66e-02	7.72473e-04
  8.32e-02	  2.71e-02	5.19942e-04
  8.32e-02	  2.76e-02	2.34024e-04
  8.32e-02	  2.81e-02	4.84712e-32
  8.32e-02	  2.86e-02	0.00000e+00
  8.32e-02	  2.92e-02	0.00000e+00
  8.32e-02	  2.97e-02	0.00000e+00
  8.32e-02	  3.02e-02	0.00000e+00
  8.32e-02	  3.07e-02	4.47972e-32
  8.32e-02	  3.13e-02	-1.84153e-05
  8.32e-02	  3.18e-02	-3.61419e-05
  8.32e-02	  3.23e-02	-4.13550e-05
  8.32e-02	  3.28e-02	-2.59878e-05
  8.32e-02	  3.33e-02	1.06645e-05
  8.32e-02	  3.39e-02	6.08201e-05
  8.32e-02	  3.44e-02	1.10474e-04
  8.32e-02	  3.49e-02	1.44432e-04
  8.32e-02	  3.54e-02	1.52065e-04
  8.32e-02	  3.59e-02	1.31315e-04
  8.32e-02	  3.65e-02	8.94182e-05
  8.32e-02	  3.70e-02	4.03103e-05
  8.32e-02	  3.75e-02	-4.46073e-32
  8.32e-02	  3.80e-02	0.00000e+00
  8.32e-02	  3.85e-02	0.00000e+00
  8.32e-02	  3.91e-02	0.00000e+00
  8.32e-02	  3.96e-02	0.00000e+00
  8.32e-02	  4.01e-02	0.00000e+00
  8.32e-02	  4.06e-02	0.00000e+00
  8.32e-02	  4.11e-02	0.00000e+00
  8.32e-02	  4.17e-02	0.00000e+00
  8.32e-02	  4.22e-02	0.00000e+00
  8.32e-02	  4.27e-02	0.00000e+00
  8.32e-02	  4.32e-02	0.00000e+00
  8.32e-02	  4.37e-02	0.00000e+00
  8.32e-02	  4.43e-02	0.00000e+00
  8.32e-02	  4.48e-02	0.00000e+00
  8.32e-02	  4.53e-02	0.00000e+00
  8.32e-02	  4.58e-02	0.00000e+00
  8.32e-02	  4.64e-02	0.00000e+00
  8.32e-02	  4.69e-02	0.00000e+00
  8.32e-02	  4.74e-02	0.00000e+00
  8.32e-02	  4.79e-02	0.00000e+00
  8.32e-02	  4.84e-02	0.00000e+00
  8.32e-02	  4.90e-02	0.00000e+00
  8.32e-02	  4.95e-02	0.00000e+00

  8.40e-02	  0.00e+00	0.00000e+00
  8.40e-02	  5.21e-04	0.00000e+00
  8.40e-02	  1.04e-03	0.00000e+00
  8.40e-02	  1.56e-03	0.00000e+00
  8.40e-02	  2.08e-03	0.00000e+00
  8.40e-02	  2.60e-03	0.00000e+00
  8.40e-02	  3.12e-03	0.00000e+00
  8.40e-02	  3.65e-03	0.00000e+00
  8.40e-02	  4.17e-03	0.00000e+00
  8.40e-02	  4.69e-03	0.00000e+00
  8.40e-02	  5.21e-03	0.00000e+00
  8.40e-02	  5.73e-03	0.00000e+00
  8.40e-02	  6.25e-03	0.00000e+00
  8.40e-02	  6.77e-03	0.00000e+00
  8.40e-02	  7.29e-03	0.00000e+00
  8.40e-02	  7.81e-03	0.00000e+00
  8.40e-02	  8.33e-03	0.00000e+00
  8.40e-02	  8.85e-03	0.00000e+00
  8.40e-02	  9.37e-03	0.00000e+00
  8.40e-02	  9.90e-03	0.00000e+00
  8.40e-02	  1.04e-02	0.00000e+00
  8.40e-02	  1.09e-02	0.00000e+00
  8.40e-02	  1.15e-02	0.00000e+00
  8.40e-02	  1.20e-02	0.00000e+00
  8.40e-02	  1.25e-02	1.61312e-31
  8.40e-02	  1.30e-02	-4.64092e-07
  8.40e-02	  1.35e-02	-1.11872e-06
  8.40e-02	  1.41e-02	-1.69975e-06
  8.40e-02	  1.46e-02	-1.97960e-06
  8.40e-02	  1.51e-02	-1.84468e-06
  8.40e-02	  1.56e-02	-1.34387e-06
  8.40e-02	  1.61e-02	-6.64008e-07
  8.40e-02	  1.67e-02	-4.55923e-08
  8.40e-02	  1.72e-02	3.21271e-07
  8.40e-02	  1.77e-02	3.73475e-07
  8.40e-02	  1.82e-02	1.93997e-07
  8.40e-02	  1.88e-02	-1.61320e-31
  8.40e-02	  1.93e-02	0.00000e+00
  8.40e-02	  1.98e-02	0.00000e+00
  8.40e-02	  2.03e-02	0.00000e+00
  8.40e-02	  2.08e-02	0.00000e+00
  8.40e-02	  2.14e-02	2.91208e-32
  8.40e-02	  2.19e-02	-2.21868e-04
  8.40e-02	  2.24e-02	-4.92448e-04
  8.40e-02	  2.29e-02	-7.28813e-04
  8.40e-02	  2.34e-02	-8.31673e-04
  8.40e-02	  2.40e-02	-6.92528e-04
  8.40e-02	  2.45e-02	-3.27076e-04
  8.40e-02	  2.50e-02	1.29495e-04
  8.40e-02	  2.55e-02	5.22795e-04
  8.40e-02	  2.60e-02	7.05941e-04
  8.40e-02	  2.66e-02	6.44996e-04
  8.40e-02	  2.71e-02	4.43422e-04
  8.40e-02	  2.76e-02	2.01470e-04
  8.40e-02	  2.81e-02	-2.92622e-32
  8.40e-02	  2.86e-02	0.00000e+00
  8.40e-02	  2.92e-02	0.00000e+00
  8.40e-02	  2.97e-02	0.00000e+00
  8.40e-02	  3.02e-02	0.00000e+00
  8.40e-02	  3.07e-02	1.19849e-31
  8.40e-02	  3.13e-02	-1.36120e-05
  8.40e-02	  3.18e-02	-2.66053e-05
  8.40e-02	  3.23e-02	-3.01214e-05
  8.40e-02	  3.28e-02	-1.81783e-05
  8.40e-02	  3.33e-02	9.65472e-06
  8.40e-02	  3.39e-02	4.74699e-05
  8.40e-02	  3.44e-02	8.47478e-05
  8.40e-02	  3.49e-02	1.10106e-04
  8.40e-02	  3.54e-02	1.15575e-04
  8.40e-02	  3.59e-02	9.96226e-05
  8.40e-02	  3.65e-02	6.77330e-05
  8.40e-02	  3.70e-02	3.04804e-05
  8.40e-02	  3.75e-02	-1.19695e-31
  8.40e-02	  3.80e-02	0.00000e+00
  8.40e-02	  3.85e-02	0.00000e+00
  8.40e-02	  3.91e-02	0.00000e+00
  8.40e-02	  3.96e-02	0.00000e+00
  8.40e-02	  4.01e-02	0.00000e+00
  8.40e-02	  4.06e-02	0.00000e+00
  8.40e-02	  4.11e-02	0.00000e+00
  8.40e-02	  4.17e-02	0.00000e+00
  8.40e-02	  4.22e-02	0.00000e+00
  8.40e-02	  4.27e-02	0.00000e+00
  8.40e-02	  4.32e-02	0.00000e+00
  8.40e-02	  4.37e-02	0.00000e+00
  8.40e-02	  4.43e-02	0.00000e+00
  8.40e-02	  4.48e-02	0.00000e+00
  8.40e-02	  4.53e-02	0.00000e+00
  8.40e-02	  4.58e-02	0.00000e+00
  8.40e-02	  4.64e-02	0.00000e+00
  8.40e-02	  4.69e-02	0.00000e+00
  8.40e-02	  4.74e-02	0.00000e+00
  8.40e-02	  4.79e-02	0.00000e+00
  8.40e-02	  4.84e-02	0.00000e+00
  8.40e-02	  4.90e-02	0.00000e+00
  8.40e-02	  4.95e-02	0.00000e+00

  8.48e-02	  0.00e+00	0.00000e+00
  8.48e-02	  5.21e-04	0.00000e+00
  8.48e-02	  1.04e-03	0.00000e+00
  8.48e-02	  1.56e-03	0.00000e+00
  8.48e-02	  2.08e-03	0.00000e+00
  8.48e-02	  2.60e-03	0.00000e+00
  8.48e-02	  3.12e-03	0.00000e+00
  8.48e-02	  3.65e-03	0.00000e+00
  8.48e-02	  4.17e-03	0.00000e+00
  8.48e-02	  4.69e-03	0.00000e+00
  8.48e-02	  5.21e-03	0.00000e+00
  8.48e-02	  5.73e-03	0.00000e+00
  8.48e-02	  6.25e-03	0.00000e+00
  8.48e-02	  6.77e-03	0.00000e+00
  8.48e-02	  7.29e-03	0.00000e+00
  8.48e-02	  7.81e-03	0.00000e+00
  8.48e-02	  8.33e-03	0.00000e+00
  8.48e-02	  8.85e-03	0.00000e+00
  8.48e-02	  9.37e-03	0.00000e+00
  8.48e-02	  9.90e-03	0.00000e+00
  8.48e-02	  1.04e-02	0.00000e+00
  8.48e-02	  1.09e-02	0.00000e+00
  8.48e-02	  1.15e-02	0.00000e+00
  8.48e-02	  1.20e-02	0.00000e+00
  8.48e-02	  1.25e-02	2.34384e-31
  8.48e-02	  1.30e-02	-3.06864e-07
  8.48e-02	  1.35e-02	-7.64865e-07
  8.48e-02	  1.41e-02	-1.18149e-06
  8.48e-02	  1.46e-02	-1.39434e-06
  8.48e-02	  1.51e-02	-1.31915e-06
  8.48e-02	  1.56e-02	-9.85417e-07
  8.48e-02	  1.61e-02	-5.20551e-07
  8.48e-02	  1.67e-02	-9.13930e-08
  8.48e-02	  1.72e-02	1.68855e-07
  8.48e-02	  1.77e-02	2.15142e-07
  8.48e-02	  1.82e-02	1.04999e-07
  8.48e-02	  1.88e-02	-2.34389e-31
  8.48e-02	  1.93e-02	0.00000e+00
  8.48e-02	  1.98e-02	0.00000e+00
  8.48e-02	  2.03e-02	0.00000e+00
  8.48e-02	  2.08e-02	0.00000e+00
  8.48e-02	  2.14e-02	1.07003e-31
  8.48e-02	  2.19e-02	-1.87778e-04
  8.48e-02	  2.24e-02	-4.13881e-04
  8.48e-02	  2.29e-02	-6.05222e-04
  8.48e-02	  2.34e-02	-6.81382e-04
  8.48e-02	  2.40e-02	-5.72992e-04
  8.48e-02	  2.45e-02	-2.73691e-04
  8.48e-02	  2.50e-02	1.14488e-04
  8.48e-02	  2.55e-02	4.36602e-04
  8.48e-02	  2.60e-02	5.78337e-04
  8.48e-02	  2.66e-02	5.34983e-04
  8.48e-02	  2.71e-02	3.72976e-04
  8.48e-02	  2.76e-02	1.70909e-04
  8.48e-02	  2.81e-02	-1.07124e-31
  8.48e-02	  2.86e-02	0.00000e+00
  8.48e-02	  2.92e-02	0.00000e+00
  8.48e-02	  2.97e-02	0.00000e+00
  8.48e-02	  3.02e-02	0.00000e+00
  8.48e-02	  3.07e-02	1.94910e-31
  8.48e-02	  3.13e-02	-1.01615e-05
  8.48e-02	  3.18e-02	-1.97862e-05
  8.48e-02	  3.23e-02	-2.21860e-05
  8.48e-02	  3.28e-02	-1.28878e-05
  8.48e-02	  3.33e-02	8.37006e-06
  8.48e-02	  3.39e-02	3.70747e-05
  8.48e-02	  3.44e-02	6.52615e-05
  8.48e-02	  3.49e-02	8.43352e-05
  8.48e-02	  3.54e-02	8.82844e-05
  8.48e-02	  3.59e-02	7.59671e-05
  8.48e-02	  3.65e-02	5.15738e-05
  8.48e-02	  3.70e-02	2.31699e-05
  8.48e-02	  3.75e-02	-1.94786e-31
  8.48e-02	  3.80e-02	0.00000e+00
  8.48e-02	  3.85e-02	0.00000e+00
  8.48e-02	  3.91e-02	0.00000e+00
  8.48e-02	  3.96e-02	0.00000e+00
  8.48e-02	  4.01e-02	0.00000e+00
  8.48e-02	  4.06e-02	0.00000e+00
  8.48e-02	  4.11e-02	0.00000e+00
  8.48e-02	  4.17e-02	0.00000e+00
  8.48e-02	  4.22e-02	0.00000e+00
  8.48e-02	  4.27e-02	0.00000e+00
  8.48e-02	  4.32e-02	0.00000e+00
  8.48e-02	  4.37e-02	0.00000e+00
  8.48e-02	  4.43e-02	0.00000e+00
  8.48e-02	  4.48e-02	0.00000e+00
  8.48e-02	  4.53e-02	0.00000e+00
  8.48e-02	  4.58e-02	0.00000e+00
  8.48e-02	  4.64e-02	0.00000e+00
  8.48e-02	  4.69e-02	0.00000e+00
  8.48e-02	  4.74e-02	0.00000e+00
  8.48e-02	  4.79e-02	0.00000e+00
  8.48e-02	  4.84e-02	0.00000e+00
  8.48e-02	  4.90e-02	0.00000e+00
  8.48e-02	  4.95e-02	0.00000e+00

  8.55e-02	  0.00e+00	0.00000e+00
  8.55e-02	  5.21e-04	0.00000e+00
  8.55e-02	  1.04e-03	0.00000e+00
  8.55e-02	  1.56e-03	0.00000e+00
  8.55e-02	  2.08e-03	0.00000e+00
  8.55e-02	  2.60e-03	0.00000e+00
  8.55e-02	  3.12e-03	0.00000e+00
  8.55e-02	  3.65e-03	0.00000e+00
  8.55e-02	  4.17e-03	0.00000e+00
  8.55e-02	  4.69e-03	0.00000e+00
  8.55e-02	  5.21e-03	0.00000e+00
  8.55e-02	  5.73e-03	0.00000e+00
  8.55e-02	  6.25e-03	0.00000e+00
  8.55e-02	  6.77e-03	0.00000e+00
  8.55e-02	  7.29e-03	0.00000e+00
  8.55e-02	  7.81e-03	0.00000e+00
  8.55e-02	  8.33e-03	0.00000e+00
  8.55e-02	  8.85e-03	0.00000e+00
  8.55e-02	  9.37e-03	0.00000e+00
  8.55e-02	  9.90e-03	0.00000e+00
  8.55e-02	  1.04e-02	0.00000e+00
  8.55e-02	  1.09e-02	0.00000e+00
  8.55e-02	  1.15e-02	0.00000e+00
  8.55e-02	  1.20e-02	0.00000e+00
  8.55e-02	  1.25e-02	3.07455e-31
  8.55e-02	  1.30e-02	-1.95956e-07
  8.55e-02	  1.35e-02	-5.16697e-07
  8.55e-02	  1.41e-02	-8.21243e-07
  8.55e-02	  1.46e-02	-9.93571e-07
  8.55e-02	  1.51e-02	-9.69323e-07
  8.55e-02	  1.56e-02	-7.62344e-07
  8.55e-02	  1.61e-02	-4.55512e-07
  8.55e-02	  1.67e-02	-1.61375e-07
  8.55e-02	  1.72e-02	2.81429e-08
  8.55e-02	  1.77e-02	7.99866e-08
  8.55e-02	  1.82e-02	3.10710e-08
  8.55e-02	  1.88e-02	-3.07459e-31
  8.55e-02	  1.93e-02	0.00000e+00
  8.55e-02	  1.98e-02	0.00000e+00
  8.55e-02	  2.03e-02	0.00000e+00
  8.55e-02	  2.08e-02	0.00000e+00
  8.55e-02	  2.14e-02	1.84993e-31
  8.55e-02	  2.19e-02	-1.56362e-04
  8.55e-02	  2.24e-02	-3.42709e-04
  8.55e-02	  2.29e-02	-4.95781e-04
  8.55e-02	  2.34e-02	-5.50106e-04
  8.55e-02	  2.40e-02	-4.56551e-04
  8.55e-02	  2.45e-02	-2.17184e-04
  8.55e-02	  2.50e-02	8.99653e-05
  8.55e-02	  2.55e-02	3.46081e-04
  8.55e-02	  2.60e-02	4.65155e-04
  8.55e-02	  2.66e-02	4.37574e-04
  8.55e-02	  2.71e-02	3.08919e-04
  8.55e-02	  2.76e-02	1.42513e-04
  8.55e-02	  2.81e-02	-1.85096e-31
  8.55e-02	  2.86e-02	0.00000e+00
  8.55e-02	  2.92e-02	0.00000e+00
  8.55e-02	  2.97e-02	0.00000e+00
  8.55e-02	  3.02e-02	0.00000e+00
  8.55e-02	  3.07e-02	2.69979e-31
  8.55e-02	  3.13e-02	-7.65171e-06
  8.55e-02	  3.18e-02	-1.48471e-05
  8.55e-02	  3.23e-02	-1.64965e-05
  8.55e-02	  3.28e-02	-9.22854e-06
  8.55e-02	  3.33e-02	7.11112e-06
  8.55e-02	  3.39e-02	2.90522e-05
  8.55e-02	  3.44e-02	5.05180e-05
  8.55e-02	  3.49e-02	6.49687e-05
  8.55e-02	  3.54e-02	6.78389e-05
  8.55e-02	  3.59e-02	5.82778e-05
  8.55e-02	  3.65e-02	3.95093e-05
  8.55e-02	  3.70e-02	1.77213e-05
  8.55e-02	  3.75e-02	-2.69880e-31
  8.55e-02	  3.80e-02	0.00000e+00
  8.55e-02	  3.85e-02	0.00000e+00
  8.55e-02	  3.91e-02	0.00000e+00
  8.55e-02	  3.96e-02	0.00000e+00
  8.55e-02	  4.01e-02	0.00000e+00
  8.55e-02	  4.06e-02	0.00000e+00
  8.55e-02	  4.11e-02	0.00000e+00
  8.55e-02	  4.17e-02	0.00000e+00
  8.55e-02	  4.22e-02	0.00000e+00
  8.55e-02	  4.27e-02	0.00000e+00
  8.55e-02	  4.32e-02	0.00000e+00
  8.55e-02	  4.37e-02	0.00000e+00
  8.55e-02	  4.43e-02	0.00000e+00
  8.55e-02	  4.48e-02	0.00000e+00
  8.55e-02	  4.53e-02	0.00000e+00
  8.55e-02	  4.58e-02	0.00000e+00
  8.55e-02	  4.64e-02	0.00000e+00
  8.55e-02	  4.69e-02	0.00000e+00
  8.55e-02	  4.74e-02	0.00000e+00
  8.55e-02	  4.79e-02	0.00000e+00
  8.55e-02	  4.84e-02	0.00000e+00
  8.55e-02	  4.90e-02	0.00000e+00
  8.55e-02	  4.95e-02	0.00000e+00

  8.63e-02	  0.00e+00	0.00000e+00
  8.63e-02	  5.21e-04	0.00000e+00
  8.63e-02	  1.04e-03	0.00000e+00
  8.63e-02	  1.56e-03	0.00000e+00
  8.63e-02	  2.08e-03	0.00000e+00
  8.63e-02	  2.60e-03	0.00000e+00
  8.63e-02	  3.12e-03	0.00000e+00
  8.63e-02	  3.65e-03	0.00000e+00
  8.63e-02	  4.17e-03	0.00000e+00
  8.63e-02	  4.69e-03	0.00000e+00
  8.63e-02	  5.21e-03	0.00000e+00
  8.63e-02	  5.73e-03	0.00000e+00
  8.63e-02	  6.25e-03	0.00000e+00
  8.63e-02	  6.77e-03	0.00000e+00
  8.63e-02	  7.29e-03	0.00000e+00
  8.63e-02	  7.81e-03	0.00000e+00
  8.63e-02	  8.33e-03	0.00000e+00
  8.63e-02	  8.85e-03	0.00000e+00
  8.63e-02	  9.37e-03	0.00000e+00
  8.63e-02	  9.90e-03	0.00000e+00
  8.63e-02	  1.04e-02	0.00000e+00
  8.63e-02	  1.09e-02	0.00000e+00
  8.63e-02	  1.15e-02	0.00000e+00
  8.63e-02	  1.20e-02	0.00000e+00
  8.63e-02	  1.25e-02	3.80526e-31
  8.63e-02	  1.30e-02	-1.13255e-07
  8.63e-02	  1.35e-02	-3.33157e-07
  8.63e-02	  1.41e-02	-5.57292e-07
  8.63e-02	  1.46e-02	-7.03728e-07
  8.63e-02	  1.51e-02	-7.21940e-07
  8.63e-02	  1.56e-02	-6.12966e-07
  8.63e-02	  1.61e-02	-4.25527e-07
  8.63e-02	  1.67e-02	-2.31193e-07
  8.63e-02	  1.72e-02	-9.12096e-08
  8.63e-02	  1.77e-02	-3.04037e-08
  8.63e-02	  1.82e-02	-2.84473e-08
  8.63e-02	  1.88e-02	-3.80529e-31
  8.63e-02	  1.93e-02	0.00000e+00
  8.63e-02	  1.98e-02	0.00000e+00
  8.63e-02	  2.03e-02	0.00000e+00
  8.63e-02	  2.08e-02	0.00000e+00
  8.63e-02	  2.14e-02	2.63069e-31
  8.63e-02	  2.19e-02	-1.28237e-04
  8.63e-02	  2.24e-02	-2.79846e-04
  8.63e-02	  2.29e-02	-4.01165e-04
  8.63e-02	  2.34e-02	-4.39573e-04
  8.63e-02	  2.40e-02	-3.60452e-04
  8.63e-02	  2.45e-02	-1.70824e-04
  8.63e-02	  2.50e-02	6.89643e-05
  8.63e-02	  2.55e-02	2.70956e-04
  8.63e-02	  2.60e-02	3.69824e-04
  8.63e-02	  2.66e-02	3.53127e-04
  8.63e-02	  2.71e-02	2.51991e-04
  8.63e-02	  2.76e-02	1.16865e-04
  8.63e-02	  2.81e-02	-2.63156e-31
  8.63e-02	  2.86e-02	0.00000e+00
  8.63e-02	  2.92e-02	0.00000e+00
  8.63e-02	  2.97e-02	0.00000e+00
  8.63e-02	  3.02e-02	0.00000e+00
  8.63e-02	  3.07e-02	3.45054e-31
  8.63e-02	  3.13e-02	-5.79872e-06
  8.63e-02	  3.18e-02	-1.12129e-05
  8.63e-02	  3.23e-02	-1.23414e-05
  8.63e-02	  3.28e-02	-6.62574e-06
  8.63e-02	  3.33e-02	6.01868e-06
  8.63e-02	  3.39e-02	2.29050e-05
  8.63e-02	  3.44e-02	3.93634e-05
  8.63e-02	  3.49e-02	5.03832e-05
  8.63e-02	  3.54e-02	5.24748e-05
  8.63e-02	  3.59e-02	4.50035e-05
  8.63e-02	  3.65e-02	3.04674e-05
  8.63e-02	  3.70e-02	1.36438e-05
  8.63e-02	  3.75e-02	-3.44975e-31
  8.63e-02	  3.80e-02	0.00000e+00
  8.63e-02	  3.85e-02	0.00000e+00
  8.63e-02	  3.91e-02	0.00000e+00
  8.63e-02	  3.96e-02	0.00000e+00
  8.63e-02	  4.01e-02	0.00000e+00
  8.63e-02	  4.06e-02	0.00000e+00
  8.63e-02	  4.11e-02	0.00000e+00
  8.63e-02	  4.17e-02	0.00000e+00
  8.63e-02	  4.22e-02	0.00000e+00
  8.63e-02	  4.27e-02	0.00000e+00
  8.63e-02	  4.32e-02	0.00000e+00
  8.63e-02	  4.37e-02	0.00000e+00
  8.63e-02	  4.43e-02	0.00000e+00
  8.63e-02	  4.48e-02	0.00000e+00
  8.63e-02	  4.53e-02	0.00000e+00
  8.63e-02	  4.58e-02	0.00000e+00
  8.63e-02	  4.64e-02	0.00000e+00
  8.63e-02	  4.69e-02	0.00000e+00
  8.63e-02	  4.74e-02	0.00000e+00
  8.63e-02	  4.79e-02	0.00000e+00
  8.63e-02	  4.84e-02	0.00000e+00
  8.63e-02	  4.90e-02	0.00000e+00
  8.63e-02	  4.95e-02	0.00000e+00

  8.71e-02	  0.00e+00	0.00000e+00
  8.71e-02	  5.21e-04	0.00000e+00
  8.71e-02	  1.04e-03	0.00000e+00
  8.71e-02	  1.56e-03	0.00000e+00
  8.71e-02	  2.08e-03	0.00000e+00
  8.71e-02	  2.60e-03	0.00000e+00
  8.71e-02	  3.12e-03	0.00000e+00
  8.71e-02	  3.65e-03	0.00000e+00
  8.71e-02	  4.17e-03	0.00000e+00
  8.71e-02	  4.69e-03	0.00000e+00
  8.71e-02	  5.21e-03	0.00000e+00
  8.71e-02	  5.73e-03	0.00000e+00
  8.71e-02	  6.25e-03	0.00000e+00
  8.71e-02	  6.77e-03	0.00000e+00
  8.71e-02	  7.29e-03	0.00000e+00
  8.71e-02	  7.81e-03	0.00000e+00
  8.71e-02	  8.33e-03	0.00000e+00
  8.71e-02	  8.85e-03	0.00000e+00
  8.71e-02	  9.37e-03	0.00000e+00
  8.71e-02	  9.90e-03	0.00000e+00
  8.71e-02	  1.04e-02	0.00000e+00
  8.71e-02	  1.09e-02	0.00000e+00
  8.71e-02	  1.15e-02	0.00000e+00
  8.71e-02	  1.20e-02	0.00000e+00
  8.71e-02	  1.25e-02	4.53596e-31
  8.71e-02	  1.30e-02	-4.64738e-08
  8.71e-02	  1.35e-02	-1.86279e-07
  8.71e-02	  1.41e-02	-3.47381e-07
  8.71e-02	  1.46e-02	-4.74084e-07
  8.71e-02	  1.51e-02	-5.26021e-07
  8.71e-02	  1.56e-02	-4.93774e-07
  8.71e-02	  1.61e-02	-3.99350e-07
  8.71e-02	  1.67e-02	-2.82624e-07
  8.71e-02	  1.72e-02	-1.81313e-07
  8.71e-02	  1.77e-02	-1.14121e-07
  8.71e-02	  1.82e-02	-7.36632e-08
  8.71e-02	  1.88e-02	-4.53599e-31
  8.71e-02	  1.93e-02	0.00000e+00
  8.71e-02	  1.98e-02	0.00000e+00
  8.71e-02	  2.03e-02	0.00000e+00
  8.71e-02	  2.08e-02	0.00000e+00
  8.71e-02	  2.14e-02	3.41208e-31
  8.71e-02	  2.19e-02	-1.03955e-04
  8.71e-02	  2.24e-02	-2.26153e-04
  8.71e-02	  2.29e-02	-3.21953e-04
  8.71e-02	  2.34e-02	-3.49496e-04
  8.71e-02	  2.40e-02	-2.84121e-04
  8.71e-02	  2.45e-02	-1.34468e-04
  8.71e-02	  2.50e-02	5.26428e-05
  8.71e-02	  2.55e-02	2.11628e-04
  8.71e-02	  2.60e-02	2.92437e-04
  8.71e-02	  2.66e-02	2.82438e-04
  8.71e-02	  2.71e-02	2.03223e-04
  8.71e-02	  2.76e-02	9.46097e-05
  8.71e-02	  2.81e-02	-3.41281e-31
  8.71e-02	  2.86e-02	0.00000e+00
  8.71e-02	  2.92e-02	0.00000e+00
  8.71e-02	  2.97e-02	0.00000e+00
  8.71e-02	  3.02e-02	0.00000e+00
  8.71e-02	  3.07e-02	4.20134e-31
  8.71e-02	  3.13e-02	-4.40889e-06
  8.71e-02	  3.18e-02	-8.49368e-06
  8.71e-02	  3.23e-02	-9.24629e-06
  8.71e-02	  3.28e-02	-4.71525e-06
  8.71e-02	  3.33e-02	5.13754e-06
  8.71e-02	  3.39e-02	1.82176e-05
  8.71e-02	  3.44e-02	3.09130e-05
  8.71e-02	  3.49e-02	3.93601e-05
  8.71e-02	  3.54e-02	4.08776e-05
  8.71e-02	  3.59e-02	3.49923e-05
  8.71e-02	  3.65e-02	2.36542e-05
  8.71e-02	  3.70e-02	1.05744e-05
  8.71e-02	  3.75e-02	-4.20071e-31
  8.71e-02	  3.80e-02	0.00000e+00
  8.71e-02	  3.85e-02	0.00000e+00
  8.71e-02	  3.91e-02	0.00000e+00
  8.71e-02	  3.96e-02	0.00000e+00
  8.71e-02	  4.01e-02	0.00000e+00
  8.71e-02	  4.06e-02	0.00000e+00
  8.71e-02	  4.11e-02	0.00000e+00
  8.71e-02	  4.17e-02	0.00000e+00
  8.71e-02	  4.22e-02	0.00000e+00
  8.71e-02	  4.27e-02	0.00000e+00
  8.71e-02	  4.32e-02	0.00000e+00
  8.71e-02	  4.37e-02	0.00000e+00
  8.71e-02	  4.43e-02	0.00000e+00
  8.71e-02	  4.48e-02	0.00000e+00
  8.71e-02	  4.53e-02	0.00000e+00
  8.71e-02	  4.58e-02	0.00000e+00
  8.71e-02	  4.64e-02	0.00000e+00
  8.71e-02	  4.69e-02	0.00000e+00
  8.71e-02	  4.74e-02	0.00000e+00
  8.71e-02	  4.79e-02	0.00000e+00
  8.71e-02	  4.84e-02	0.00000e+00
  8.71e-02	  4.90e-02	0.00000e+00
  8.71e-02	  4.95e-02	0.00000e+00

  8.79e-02	  0.00e+00	0.00000e+00
  8.79e-02	  5.21e-04	0.00000e+00
  8.79e-02	  1.04e-03	0.00000e+00
  8.79e-02	  1.56e-03	0.00000e+00
  8.79e-02	  2.08e-03	0.00000e+00
  8.79e-02	  2.60e-03	0.00000e+00
  8.79e-02	  3.12e-03	0.00000e+00
  8.79e-02	  3.65e-03	0.00000e+00
  8.79e-02	  4.17e-03	0.00000e+00
  8.79e-02	  4.69e-03	0.00000e+00
  8.79e-02	  5.21e-03	0.00000e+00
  8.79e-02	  5.73e-03	0.00000e+00
  8.79e-02	  6.25e-03	0.00000e+00
  8.79e-02	  6.77e-03	0.00000e+00
  8.79e-02	  7.29e-03	0.00000e+00
  8.79e-02	  7.81e-03	0.00000e+00
  8.79e-02	  8.33e-03	0.00000e+00
  8.79e-02	  8.85e-03	0.00000e+00
  8.79e-02	  9.37e-03	0.00000e+00
  8.79e-02	  9.90e-03	0.00000e+00
  8.79e-02	  1.04e-02	0.00000e+00
  8.79e-02	  1.09e-02	0.00000e+00
  8.79e-02	  1.15e-02	0.00000e+00
  8.79e-02	  1.20e-02	0.00000e+00
  8.79e-02	  1.25e-02	5.26667e-31
  8.79e-02	  1.30e-02	1.31904e-08
  8.79e-02	  1.35e-02	-5.59891e-08
  8.79e-02	  1.41e-02	-1.61007e-07
  8.79e-02	  1.46e-02	-2.67648e-07
  8.79e-02	  1.51e-02	-3.43770e-07
  8.79e-02	  1.56e-02	-3.71665e-07
  8.79e-02	  1.61e-02	-3.52168e-07
  8.79e-02	  1.67e-02	-3.00051e-07
  8.79e-02	  1.72e-02	-2.34264e-07
  8.79e-02	  1.77e-02	-1.68227e-07
  8.79e-02	  1.82e-02	-1.03924e-07
  8.79e-02	  1.88e-02	-5.26669e-31
  8.79e-02	  1.93e-02	0.00000e+00
  8.79e-02	  1.98e-02	0.00000e+00
  8.79e-02	  2.03e-02	0.00000e+00
  8.79e-02	  2.08e-02	0.00000e+00
  8.79e-02	  2.14e-02	4.19393e-31
  8.79e-02	  2.19e-02	-8.36100e-05
  8.79e-02	  2.24e-02	-1.81511e-04
  8.79e-02	  2.29e-02	-2.57118e-04
  8.79e-02	  2.34e-02	-2.77287e-04
  8.79e-02	  2.40e-02	-2.24132e-04
  8.79e-02	  2.45e-02	-1.06144e-04
  8.79e-02	  2.50e-02	4.02334e-05
  8.79e-02	  2.55e-02	1.65406e-04
  8.79e-02	  2.60e-02	2.30727e-04
  8.79e-02	  2.66e-02	2.24712e-04
  8.79e-02	  2.71e-02	1.62672e-04
  8.79e-02	  2.76e-02	7.59349e-05
  8.79e-02	  2.81e-02	-4.19454e-31
  8.79e-02	  2.86e-02	0.00000e+00
  8.79e-02	  2.92e-02	0.00000e+00
  8.79e-02	  2.97e-02	0.00000e+00
  8.79e-02	  3.02e-02	0.00000e+00
  8.79e-02	  3.07e-02	4.95218e-31
  8.79e-02	  3.13e-02	-3.35098e-06
  8.79e-02	  3.18e-02	-6.42676e-06
  8.79e-02	  3.23e-02	-6.89774e-06
  8.79e-02	  3.28e-02	-3.27096e-06
  8.79e-02	  3.33e-02	4.45925e-06
  8.79e-02	  3.39e-02	1.46497e-05
  8.79e-02	  3.44e-02	2.44905e-05
  8.79e-02	  3.49e-02	3.09876e-05
  8.79e-02	  3.54e-02	3.20718e-05
  8.79e-02	  3.59e-02	2.73930e-05
  8.79e-02	  3.65e-02	1.84843e-05
  8.79e-02	  3.70e-02	8.24671e-06
  8.79e-02	  3.75e-02	-4.95167e-31
  8.79e-02	  3.80e-02	0.00000e+00
  8.79e-02	  3.85e-02	0.00000e+00
  8.79e-02	  3.91e-02	0.00000e+00
  8.79e-02	  3.96e-02	0.00000e+00
  8.79e-02	  4.01e-02	0.00000e+00
  8.79e-02	  4.06e-02	0.00000e+00
  8.79e-02	  4.11e-02	0.00000e+00
  8.79e-02	  4.17e-02	0.00000e+00
  8.79e-02	  4.22e-02	0.00000e+00
  8.79e-02	  4.27e-02	0.00000e+00
  8.79e-02	  4.32e-02	0.00000e+00
  8.79e-02	  4.37e-02	0.00000e+00
  8.79e-02	  4.43e-02	0.00000e+00
  8.79e-02	  4.48e-02	0.00000e+00
  8.79e-02	  4.53e-02	0.00000e+00
  8.79e-02	  4.58e-02	0.00000e+00
  8.79e-02	  4.64e-02	0.00000e+00
  8.79e-02	  4.69e-02	0.00000e+00
  8.79e-02	  4.74e-02	0.00000e+00
  8.79e-02	  4.79e-02	0.00000e+00
  8.79e-02	  4.84e-02	0.00000e+00
  8.79e-02	  4.90e-02	0.00000e+00
  8.79e-02	  4.95e-02	0.00000e+00

  8.87e-02	  0.00e+00	0.00000e+00
  8.87e-02	  5.21e-04	0.00000e+00
  8.87e-02	  1.04e-03	0.00000e+00
  8.87e-02	  1.56e-03	0.00000e+00
  8.87e-02	  2.08e-03	0.00000e+00
  8.87e-02	  2.60e-03	0.00000e+00
  8.87e-02	  3.12e-03	0.00000e+00
  8.87e-02	  3.65e-03	0.00000e+00
  8.87e-02	  4.17e-03	0.00000e+00
  8.87e-02	  4.69e-03	0.00000e+00
  8.87e-02	  5.21e-03	0.00000e+00
  8.87e-02	  5.73e-03	0.00000e+00
  8.87e-02	  6.25e-03	0.00000e+00
  8.87e-02	  6.77e-03	0.00000e+00
  8.87e-02	  7.29e-03	0.00000e+00
  8.87e-02	  7.81e-03	0.00000e+00
  8.87e-02	  8.33e-03	0.00000e+00
  8.87e-02	  8.85e-03	0.00000e+00
  8.87e-02	  9.37e-03	0.00000e+00
  8.87e-02	  9.90e-03	0.00000e+00
  8.87e-02	  1.04e-02	0.00000e+00
  8.87e-02	  1.09e-02	0.00000e+00
  8.87e-02	  1.15e-02	0.00000e+00
  8.87e-02	  1.20e-02	0.00000e+00
  8.87e-02	  1.25e-02	5.99738e-31
  8.87e-02	  1.30e-02	7.27883e-08
  8.87e-02	  1.35e-02	7.37575e-08
  8.87e-02	  1.41e-02	2.63649e-08
  8.87e-02	  1.46e-02	-5.42035e-08
  8.87e-02	  1.51e-02	-1.43462e-07
  8.87e-02	  1.56e-02	-2.17606e-07
  8.87e-02	  1.61e-02	-2.60671e-07
  8.87e-02	  1.67e-02	-2.67110e-07
  8.87e-02	  1.72e-02	-2.40167e-07
  8.87e-02	  1.77e-02	-1.87767e-07
  8.87e-02	  1.82e-02	-1.17455e-07
  8.87e-02	  1.88e-02	-5.99740e-31
  8.87e-02	  1.93e-02	0.00000e+00
  8.87e-02	  1.98e-02	0.00000e+00
  8.87e-02	  2.03e-02	0.00000e+00
  8.87e-02	  2.08e-02	0.00000e+00
  8.87e-02	  2.14e-02	4.97611e-31
  8.87e-02	  2.19e-02	-6.69064e-05
  8.87e-02	  2.24e-02	-1.45048e-04
  8.87e-02	  2.29e-02	-2.04757e-04
  8.87e-02	  2.34e-02	-2.19828e-04
  8.87e-02	  2.40e-02	-1.77042e-04
  8.87e-02	  2.45e-02	-8.39997e-05
  8.87e-02	  2.50e-02	3.08337e-05
  8.87e-02	  2.55e-02	1.29488e-04
  8.87e-02	  2.60e-02	1.81926e-04
  8.87e-02	  2.66e-02	1.78268e-04
  8.87e-02	  2.71e-02	1.29619e-04
  8.87e-02	  2.76e-02	6.06188e-05
  8.87e-02	  2.81e-02	-4.97662e-31
  8.87e-02	  2.86e-02	0.00000e+00
  8.87e-02	  2.92e-02	0.00000e+00
  8.87e-02	  2.97e-02	0.00000e+00
  8.87e-02	  3.02e-02	0.00000e+00
  8.87e-02	  3.07e-02	5.70306e-31
  8.87e-02	  3.13e-02	-2.53612e-06
  8.87e-02	  3.18e-02	-4.83556e-06
  8.87e-02	  3.23e-02	-5.08942e-06
  8.87e-02	  3.28e-02	-2.15519e-06
  8.87e-02	  3.33e-02	3.94927e-06
  8.87e-02	  3.39e-02	1.19270e-05
  8.87e-02	  3.44e-02	1.95818e-05
  8.87e-02	  3.49e-02	2.45845e-05
  8.87e-02	  3.54e-02	2.53350e-05
  8.87e-02	  3.59e-02	2.15779e-05
  8.87e-02	  3.65e-02	1.45280e-05
  8.87e-02	  3.70e-02	6.46557e-06
  8.87e-02	  3.75e-02	-5.70264e-31
  8.87e-02	  3.80e-02	0.00000e+00
  8.87e-02	  3.85e-02	0.00000e+00
  8.87e-02	  3.91e-02	0.00000e+00
  8.87e-02	  3.96e-02	0.00000e+00
  8.87e-02	  4.01e-02	0.00000e+00
  8.87e-02	  4.06e-02	0.00000e+00
  8.87e-02	  4.11e-02	0.00000e+00
  8.87e-02	  4.17e-02	0.00000e+00
  8.87e-02	  4.22e-02	0.00000e+00
  8.87e-02	  4.27e-02	0.00000e+00
  8.87e-02	  4.32e-02	0.00000e+00
  8.87e-02	  4.37e-02	0.00000e+00
  8.87e-02	  4.43e-02	0.00000e+00
  8.87e-02	  4.48e-02	0.00000e+00
  8.87e-02	  4.53e-02	0.00000e+00
  8.87e-02	  4.58e-02	0.00000e+00
  8.87e-02	  4.64e-02	0.00000e+00
  8.87e-02	  4.69e-02	0.00000e+00
  8.87e-02	  4.74e-02	0.00000e+00
  8.87e-02	  4.79e-02	0.00000e+00
  8.87e-02	  4.84e-02	0.00000e+00
  8.87e-02	  4.90e-02	0.00000e+00
  8.87e-02	  4.95e-02	0.00000e+00

  8.95e-02	  0.00e+00	0.00000e+00
  8.95e-02	  5.21e-04	0.00000e+00
  8.95e-02	  1.04e-03	0.00000e+00
  8.95e-02	  1.56e-03	0.00000e+00
  8.95e-02	  2.08e-03	0.00000e+00
  8.95e-02	  2.60e-03	0.00000e+00
  8.95e-02	  3.12e-03	0.00000e+00
  8.95e-02	  3.65e-03	0.00000e+00
  8.95e-02	  4.17e-03	0.00000e+00
  8.95e-02	  4.69e-03	0.00000e+00
  8.95e-02	  5.21e-03	0.00000e+00
  8.95e-02	  5.73e-03	0.00000e+00
  8.95e-02	  6.25e-03	0.00000e+00
  8.95e-02	  6.77e-03	0.00000e+00
  8.95e-02	  7.29e-03	0.00000e+00
  8.95e-02	  7.81e-03	0.00000e+00
  8.95e-02	  8.33e-03	0.00000e+00
  8.95e-02	  8.85e-03	0.00000e+00
  8.95e-02	  9.37e-03	0.00000e+00
  8.95e-02	  9.90e-03	0.00000e+00
  8.95e-02	  1.04e-02	0.00000e+00
  8.95e-02	  1.09e-02	0.00000e+00
  8.95e-02	  1.15e-02	0.00000e+00
  8.95e-02	  1.20e-02	0.00000e+00
  8.95e-02	  1.25e-02	6.72808e-31
  8.95e-02	  1.30e-02	1.39038e-07
  8.95e-02	  1.35e-02	2.18152e-07
  8.95e-02	  1.41e-02	2.38079e-07
  8.95e-02	  1.46e-02	1.95529e-07
  8.95e-02	  1.51e-02	1.06686e-07
  8.95e-02	  1.56e-02	-9.71591e-10
  8.95e-02	  1.61e-02	-9.83835e-08
  8.95e-02	  1.67e-02	-1.63250e-07
  8.95e-02	  1.72e-02	-1.84888e-07
  8.95e-02	  1.77e-02	-1.64520e-07
  8.95e-02	  1.82e-02	-1.10846e-07
  8.95e-02	  1.88e-02	-6.72811e-31
  8.95e-02	  1.93e-02	0.00000e+00
  8.95e-02	  1.98e-02	0.00000e+00
  8.95e-02	  2.03e-02	0.00000e+00
  8.95e-02	  2.08e-02	0.00000e+00
  8.95e-02	  2.14e-02	5.75852e-31
  8.95e-02	  2.19e-02	-5.33577e-05
  8.95e-02	  2.24e-02	-1.15574e-04
  8.95e-02	  2.29e-02	-1.62762e-04
  8.95e-02	  2.34e-02	-1.74208e-04
  8.95e-02	  2.40e-02	-1.39980e-04
  8.95e-02	  2.45e-02	-6.65654e-05
  8.95e-02	  2.50e-02	2.37326e-05
  8.95e-02	  2.55e-02	1.01570e-04
  8.95e-02	  2.60e-02	1.43482e-04
  8.95e-02	  2.66e-02	1.41224e-04
  8.95e-02	  2.71e-02	1.03010e-04
  8.95e-02	  2.76e-02	4.82370e-05
  8.95e-02	  2.81e-02	-5.75896e-31
  8.95e-02	  2.86e-02	0.00000e+00
  8.95e-02	  2.92e-02	0.00000e+00
  8.95e-02	  2.97e-02	0.00000e+00
  8.95e-02	  3.02e-02	0.00000e+00
  8.95e-02	  3.07e-02	6.45395e-31
  8.95e-02	  3.13e-02	-1.90403e-06
  8.95e-02	  3.18e-02	-3.60126e-06
  8.95e-02	  3.23e-02	-3.68572e-06
  8.95e-02	  3.28e-02	-1.28562e-06
  8.95e-02	  3.33e-02	3.56343e-06
  8.95e-02	  3.39e-02	9.83182e-06
  8.95e-02	  3.44e-02	1.57971e-05
  8.95e-02	  3.49e-02	1.96431e-05
  8.95e-02	  3.54e-02	2.01325e-05
  8.95e-02	  3.59e-02	1.70845e-05
  8.95e-02	  3.65e-02	1.14693e-05
  8.95e-02	  3.70e-02	5.08792e-06
  8.95e-02	  3.75e-02	-6.45361e-31
  8.95e-02	  3.80e-02	0.00000e+00
  8.95e-02	  3.85e-02	0.00000e+00
  8.95e-02	  3.91e-02	0.00000e+00
  8.95e-02	  3.96e-02	0.00000e+00
  8.95e-02	  4.01e-02	0.00000e+00
  8.95e-02	  4.06e-02	0.00000e+00
  8.95e-02	  4.11e-02	0.00000e+00
  8.95e-02	  4.17e-02	0.00000e+00
  8.95e-02	  4.22e-02	0.00000e+00
  8.95e-02	  4.27e-02	0.00000e+00
  8.95e-02	  4.32e-02	0.00000e+00
  8.95e-02	  4.37e-02	0.00000e+00
  8.95e-02	  4.43e-02	0.00000e+00
  8.95e-02	  4.48e-02	0.00000e+00
  8.95e-02	  4.53e-02	0.00000e+00
  8.95e-02	  4.58e-02	0.00000e+00
  8.95e-02	  4.64e-02	0.00000e+00
  8.95e-02	  4.69e-02	0.00000e+00
  8.95e-02	  4.74e-02	0.00000e+00
  8.95e-02	  4.79e-02	0.00000e+00
  8.95e-02	  4.84e-02	0.00000e+00
  8.95e-02	  4.90e-02	0.00000e+00
  8.95e-02	  4.95e-02	0.00000e+00

  9.02e-02	  0.00e+00	0.00000e+00
  9.02e-02	  5.21e-04	0.00000e+00
  9.02e-02	  1.04e-03	0.00000e+00
  9.02e-02	  1.56e-03	0.00000e+00
  9.02e-02	  2.08e-03	0.00000e+00
  9.02e-02	  2.60e-03	0.00000e+00
  9.02e-02	  3.12e-03	0.00000e+00
  9.02e-02	  3.65e-03	0.00000e+00
  9.02e-02	  4.17e-03	0.00000e+00
  9.02e-02	  4.69e-03	0.00000e+00
  9.02e-02	  5.21e-03	0.00000e+00
  9.02e-02	  5.73e-03	0.00000e+00
  9.02e-02	  6.25e-03	0.00000e+00
  9.02e-02	  6.77e-03	0.00000e+00
  9.02e-02	  7.29e-03	0.00000e+00
  9.02e-02	  7.81e-03	0.00000e+00
  9.02e-02	  8.33e-03	0.00000e+00
  9.02e-02	  8.85e-03	0.00000e+00
  9.02e-02	  9.37e-03	0.00000e+00
  9.02e-02	  9.90e-03	0.00000e+00
  9.02e-02	  1.04e-02	0.00000e+00
  9.02e-02	  1.09e-02	0.00000e+00
  9.02e-02	  1.15e-02	0.00000e+00
  9.02e-02	  1.20e-02	0.00000e+00
  9.02e-02	  1.25e-02	7.45879e-31
  9.02e-02	  1.30e-02	2.19690e-07
  9.02e-02	  1.35e-02	3.94556e-07
  9.02e-02	  1.41e-02	5.00863e-07
  9.02e-02	  1.46e-02	5.15539e-07
  9.02e-02	  1.51e-02	4.44575e-07
  9.02e-02	  1.56e-02	3.16244e-07
  9.02e-02	  1.61e-02	1.69326e-07
  9.02e-02	  1.67e-02	4.01573e-08
  9.02e-02	  1.72e-02	-4.73373e-08
  9.02e-02	  1.77e-02	-8.53718e-08
  9.02e-02	  1.82e-02	-7.83588e-08
  9.02e-02	  1.88e-02	-7.45881e-31
  9.02e-02	  1.93e-02	0.00000e+00
  9.02e-02	  1.98e-02	0.00000e+00
  9.02e-02	  2.03e-02	0.00000e+00
  9.02e-02	  2.08e-02	0.00000e+00
  9.02e-02	  2.14e-02	6.54112e-31
  9.02e-02	  2.19e-02	-4.24401e-05
  9.02e-02	  2.24e-02	-9.18788e-05
  9.02e-02	  2.29e-02	-1.29179e-04
  9.02e-02	  2.34e-02	-1.37965e-04
  9.02e-02	  2.40e-02	-1.10677e-04
  9.02e-02	  2.45e-02	-5.27070e-05
  9.02e-02	  2.50e-02	1.84261e-05
  9.02e-02	  2.55e-02	7.98893e-05
  9.02e-02	  2.60e-02	1.13284e-04
  9.02e-02	  2.66e-02	1.11851e-04
  9.02e-02	  2.71e-02	8.17669e-05
  9.02e-02	  2.76e-02	3.83223e-05
  9.02e-02	  2.81e-02	-6.54150e-31
  9.02e-02	  2.86e-02	0.00000e+00
  9.02e-02	  2.92e-02	0.00000e+00
  9.02e-02	  2.97e-02	0.00000e+00
  9.02e-02	  3.02e-02	0.00000e+00
  9.02e-02	  3.07e-02	7.20487e-31
  9.02e-02	  3.13e-02	-1.41361e-06
  9.02e-02	  3.18e-02	-2.64348e-06
  9.02e-02	  3.23e-02	-2.59714e-06
  9.02e-02	  3.28e-02	-6.13613e-07
  9.02e-02	  3.33e-02	3.25741e-06
  9.02e-02	  3.39e-02	8.19408e-06
  9.02e-02	  3.44e-02	1.28422e-05
  9.02e-02	  3.49e-02	1.57852e-05
  9.02e-02	  3.54e-02	1.60689e-05
  9.02e-02	  3.59e-02	1.35722e-05
  9.02e-02	  3.65e-02	9.07609e-06
  9.02e-02	  3.70e-02	4.00871e-06
  9.02e-02	  3.75e-02	-7.20458e-31
  9.02e-02	  3.80e-02	0.00000e+00
  9.02e-02	  3.85e-02	0.00000e+00
  9.02e-02	  3.91e-02	0.00000e+00
  9.02e-02	  3.96e-02	0.00000e+00
  9.02e-02	  4.01e-02	0.00000e+00
  9.02e-02	  4.06e-02	0.00000e+00
  9.02e-02	  4.11e-02	0.00000e+00
  9.02e-02	  4.17e-02	0.00000e+00
  9.02e-02	  4.22e-02	0.00000e+00
  9.02e-02	  4.27e-02	0.00000e+00
  9.02e-02	  4.32e-02	0.00000e+00
  9.02e-02	  4.37e-02	0.00000e+00
  9.02e-02	  4.43e-02	0.00000e+00
  9.02e-02	  4.48e-02	0.00000e+00
  9.02e-02	  4.53e-02	0.00000e+00
  9.02e-02	  4.58e-02	0.00000e+00
  9.02e-02	  4.64e-02	0.00000e+00
  9.02e-02	  4.69e-02	0.00000e+00
  9.02e-02	  4.74e-02	0.00000e+00
  9.02e-02	  4.79e-02	0.00000e+00
  9.02e-02	  4.84e-02	0.00000e+00
  9.02e-02	  4.90e-02	0.00000e+00
  9.02e-02	  4.95e-02	0.00000e+00

  9.10e-02	  0.00e+00	0.00000e+00
  9.10e-02	  5.21e-04	0.00000e+00
  9.10e-02	  1.04e-03	0.00000e+00
  9.10e-02	  1.56e-03	0.00000e+00
  9.10e-02	  2.08e-03	0.00000e+00
  9.10e-02	  2.60e-03	0.00000e+00
  9.10e-02	  3.12e-03	0.00000e+00
  9.10e-02	  3.65e-03	0.00000e+00
  9.10e-02	  4.17e-03	0.00000e+00
  9.10e-02	  4.69e-03	0.00000e+00
  9.10e-02	  5.21e-03	0.00000e+00
  9.10e-02	  5.73e-03	0.00000e+00
  9.10e-02	  6.25e-03	0.00000e+00
  9.10e-02	  6.77e-03	0.00000e+00
  9.10e-02	  7.29e-03	0.00000e+00
  9.10e-02	  7.81e-03	0.00000e+00
  9.10e-02	  8.33e-03	0.00000e+00
  9.10e-02	  8.85e-03	0.00000e+00
  9.10e-02	  9.37e-03	0.00000e+00
  9.10e-02	  9.90e-03	0.00000e+00
  9.10e-02	  1.04e-02	0.00000e+00
  9.10e-02	  1.09e-02	0.00000e+00
  9.10e-02	  1.15e-02	0.00000e+00
  9.10e-02	  1.20e-02	0.00000e+00
  9.10e-02	  1.25e-02	8.18949e-31
  9.10e-02	  1.30e-02	3.25086e-07
  9.10e-02	  1.35e-02	6.25951e-07
  9.10e-02	  1.41e-02	8.50022e-07
  9.10e-02	  1.46e-02	9.50959e-07
  9.10e-02	  1.51e-02	9.21180e-07
  9.10e-02	  1.56e-02	7.86196e-07
  9.10e-02	  1.61e-02	5.91224e-07
  9.10e-02	  1.67e-02	3.84630e-07
  9.10e-02	  1.72e-02	2.04007e-07
  9.10e-02	  1.77e-02	6.98311e-08
  9.10e-02	  1.82e-02	-1.09796e-08
  9.10e-02	  1.88e-02	-8.18952e-31
  9.10e-02	  1.93e-02	0.00000e+00
  9.10e-02	  1.98e-02	0.00000e+00
  9.10e-02	  2.03e-02	0.00000e+00
  9.10e-02	  2.08e-02	0.00000e+00
  9.10e-02	  2.14e-02	7.32386e-31
  9.10e-02	  2.19e-02	-3.36727e-05
  9.10e-02	  2.24e-02	-7.28787e-05
  9.10e-02	  2.29e-02	-1.02340e-04
  9.10e-02	  2.34e-02	-1.09108e-04
  9.10e-02	  2.40e-02	-8.73708e-05
  9.10e-02	  2.45e-02	-4.15411e-05
  9.10e-02	  2.50e-02	1.45850e-05
  9.10e-02	  2.55e-02	6.31502e-05
  9.10e-02	  2.60e-02	8.96860e-05
  9.10e-02	  2.66e-02	8.87133e-05
  9.10e-02	  2.71e-02	6.49425e-05
  9.10e-02	  2.76e-02	3.04506e-05
  9.10e-02	  2.81e-02	-7.32418e-31
  9.10e-02	  2.86e-02	0.00000e+00
  9.10e-02	  2.92e-02	0.00000e+00
  9.10e-02	  2.97e-02	0.00000e+00
  9.10e-02	  3.02e-02	0.00000e+00
  9.10e-02	  3.07e-02	7.95580e-31
  9.10e-02	  3.13e-02	-1.03666e-06
  9.10e-02	  3.18e-02	-1.90722e-06
  9.10e-02	  3.23e-02	-1.76350e-06
  9.10e-02	  3.28e-02	-1.09815e-07
  9.10e-02	  3.33e-02	2.99243e-06
  9.10e-02	  3.39e-02	6.88339e-06
  9.10e-02	  3.44e-02	1.04969e-05
  9.10e-02	  3.49e-02	1.27299e-05
  9.10e-02	  3.54e-02	1.28515e-05
  9.10e-02	  3.59e-02	1.07889e-05
  9.10e-02	  3.65e-02	7.17673e-06
  9.10e-02	  3.70e-02	3.15037e-06
  9.10e-02	  3.75e-02	-7.95555e-31
  9.10e-02	  3.80e-02	0.00000e+00
  9.10e-02	  3.85e-02	0.00000e+00
  9.10e-02	  3.91e-02	0.00000e+00
  9.10e-02	  3.96e-02	0.00000e+00
  9.10e-02	  4.01e-02	0.00000e+00
  9.10e-02	  4.06e-02	0.00000e+00
  9.10e-02	  4.11e-02	0.00000e+00
  9.10e-02	  4.17e-02	0.00000e+00
  9.10e-02	  4.22e-02	0.00000e+00
  9.10e-02	  4.27e-02	0.00000e+00
  9.10e-02	  4.32e-02	0.00000e+00
  9.10e-02	  4.37e-02	0.00000e+00
  9.10e-02	  4.43e-02	0.00000e+00
  9.10e-02	  4.48e-02	0.00000e+00
  9.10e-02	  4.53e-02	0.00000e+00
  9.10e-02	  4.58e-02	0.00000e+00
  9.10e-02	  4.64e-02	0.00000e+00
  9.10e-02	  4.69e-02	0.00000e+00
  9.10e-02	  4.74e-02	0.00000e+00
  9.10e-02	  4.79e-02	0.00000e+00
  9.10e-02	  4.84e-02	0.00000e+00
  9.10e-02	  4.90e-02	0.00000e+00
  9.10e-02	  4.95e-02	0.00000e+00

  9.18e-02	  0.00e+00	0.00000e+00
  9.18e-02	  5.21e-04	0.00000e+00
  9.18e-02	  1.04e-03	0.00000e+00
  9.18e-02	  1.56e-03	0.00000e+00
  9.18e-02	  2.08e-03	0.00000e+00
  9.18e-02	  2.60e-03	0.00000e+00
  9.18e-02	  3.12e-03	0.00000e+00
  9.18e-02	  3.65e-03	0.00000e+00
  9.18e-02	  4.17e-03	0.00000e+00
  9.18e-02	  4.69e-03	0.00000e+00
  9.18e-02	  5.21e-03	0.00000e+00
  9.18e-02	  5.73e-03	0.00000e+00
  9.18e-02	  6.25e-03	0.00000e+00
  9.18e-02	  6.77e-03	0.00000e+00
  9.18e-02	  7.29e-03	0.00000e+00
  9.18e-02	  7.81e-03	0.00000e+00
  9.18e-02	  8.33e-03	0.00000e+00
  9.18e-02	  8.85e-03	0.00000e+00
  9.18e-02	  9.37e-03	0.00000e+00
  9.18e-02	  9.90e-03	0.00000e+00
  9.18e-02	  1.04e-02	0.00000e+00
  9.18e-02	  1.09e-02	0.00000e+00
  9.18e-02	  1.15e-02	0.00000e+00
  9.18e-02	  1.20e-02	0.00000e+00
  9.18e-02	  1.25e-02	8.92019e-31
  9.18e-02	  1.30e-02	4.70264e-07
  9.18e-02	  1.35e-02	9.45520e-07
  9.18e-02	  1.41e-02	1.33628e-06
  9.18e-02	  1.46e-02	1.56648e-06
  9.18e-02	  1.51e-02	1.60962e-06
  9.18e-02	  1.56e-02	1.48397e-06
  9.18e-02	  1.61e-02	1.23796e-06
  9.18e-02	  1.67e-02	9.30819e-07
  9.18e-02	  1.72e-02	6.15638e-07
  9.18e-02	  1.77e-02	3.31107e-07
  9.18e-02	  1.82e-02	1.04843e-07
  9.18e-02	  1.88e-02	-8.92023e-31
  9.18e-02	  1.93e-02	0.00000e+00
  9.18e-02	  1.98e-02	0.00000e+00
  9.18e-02	  2.03e-02	0.00000e+00
  9.18e-02	  2.08e-02	0.00000e+00
  9.18e-02	  2.14e-02	8.10670e-31
  9.18e-02	  2.19e-02	-2.66480e-05
  9.18e-02	  2.24e-02	-5.76685e-05
  9.18e-02	  2.29e-02	-8.08879e-05
  9.18e-02	  2.34e-02	-8.60610e-05
  9.18e-02	  2.40e-02	-6.86897e-05
  9.18e-02	  2.45e-02	-3.23608e-05
  9.18e-02	  2.50e-02	1.20276e-05
  9.18e-02	  2.55e-02	5.04418e-05
  9.18e-02	  2.60e-02	7.14691e-05
  9.18e-02	  2.66e-02	7.06996e-05
  9.18e-02	  2.71e-02	5.17764e-05
  9.18e-02	  2.76e-02	2.42756e-05
  9.18e-02	  2.81e-02	-8.10699e-31
  9.18e-02	  2.86e-02	0.00000e+00
  9.18e-02	  2.92e-02	0.00000e+00
  9.18e-02	  2.97e-02	0.00000e+00
  9.18e-02	  3.02e-02	0.00000e+00
  9.18e-02	  3.07e-02	8.70675e-31
  9.18e-02	  3.13e-02	-7.53204e-07
  9.18e-02	  3.18e-02	-1.35325e-06
  9.18e-02	  3.23e-02	-1.14178e-06
  9.18e-02	  3.28e-02	2.46494e-07
  9.18e-02	  3.33e-02	2.73951e-06
  9.18e-02	  3.39e-02	5.80358e-06
  9.18e-02	  3.44e-02	8.59888e-06
  9.18e-02	  3.49e-02	1.02700e-05
  9.18e-02	  3.54e-02	1.02637e-05
  9.18e-02	  3.59e-02	8.54801e-06
  9.18e-02	  3.65e-02	5.64363e-06
  9.18e-02	  3.70e-02	2.45497e-06
  9.18e-02	  3.75e-02	-8.70652e-31
  9.18e-02	  3.80e-02	0.00000e+00
  9.18e-02	  3.85e-02	0.00000e+00
  9.18e-02	  3.91e-02	0.00000e+00
  9.18e-02	  3.96e-02	0.00000e+00
  9.18e-02	  4.01e-02	0.00000e+00
  9.18e-02	  4.06e-02	0.00000e+00
  9.18e-02	  4.11e-02	0.00000e+00
  9.18e-02	  4.17e-02	0.00000e+00
  9.18e-02	  4.22e-02	0.00000e+00
  9.18e-02	  4.27e-02	0.00000e+00
  9.18e-02	  4.32e-02	0.00000e+00
  9.18e-02	  4.37e-02	0.00000e+00
  9.18e-02	  4.43e-02	0.00000e+00
  9.18e-02	  4.48e-02	0.00000e+00
  9.18e-02	  4.53e-02	0.00000e+00
  9.18e-02	  4.58e-02	0.00000e+00
  9.18e-02	  4.64e-02	0.00000e+00
  9.18e-02	  4.69e-02	0.00000e+00
  9.18e-02	  4.74e-02	0.00000e+00
  9.18e-02	  4.79e-02	0.00000e+00
  9.18e-02	  4.84e-02	0.00000e+00
  9.18e-02	  4.90e-02	0.00000e+00
  9.18e-02	  4.95e-02	0.00000e+00

  9.26e-02	  0.00e+00	0.00000e+00
  9.26e-02	  5.21e-04	0.00000e+00
  9.26e-02	  1.04e-03	0.00000e+00
  9.26e-02	  1.56e-03	0.00000e+00
  9.26e-02	  2.08e-03	0.00000e+00
  9.26e-02	  2.60e-03	0.00000e+00
  9.26e-02	  3.12e-03	0.00000e+00
  9.26e-02	  3.65e-03	0.00000e+00
  9.26e-02	  4.17e-03	0.00000e+00
  9.26e-02	  4.69e-03	0.00000e+00
  9.26e-02	  5.21e-03	0.00000e+00
  9.26e-02	  5.73e-03	0.00000e+00
  9.26e-02	  6.25e-03	0.00000e+00
  9.26e-02	  6.77e-03	0.00000e+00
  9.26e-02	  7.29e-03	0.00000e+00
  9.26e-02	  7.81e-03	0.00000e+00
  9.26e-02	  8.33e-03	0.00000e+00
  9.26e-02	  8.85e-03	0.00000e+00
  9.26e-02	  9.37e-03	0.00000e+00
  9.26e-02	  9.90e-03	0.00000e+00
  9.26e-02	  1.04e-02	0.00000e+00
  9.26e-02	  1.09e-02	0.00000e+00
  9.26e-02	  1.15e-02	0.00000e+00
  9.26e-02	  1.20e-02	0.00000e+00
  9.26e-02	  1.25e-02	9.65088e-31
  9.26e-02	  1.30e-02	6.78118e-07
  9.26e-02	  1.35e-02	1.40349e-06
  9.26e-02	  1.41e-02	2.03586e-06
  9.26e-02	  1.46e-02	2.45856e-06
  9.26e-02	  1.51e-02	2.61801e-06
  9.26e-02	  1.56e-02	2.51973e-06
  9.26e-02	  1.61e-02	2.21250e-06
  9.26e-02	  1.67e-02	1.76667e-06
  9.26e-02	  1.72e-02	1.25479e-06
  9.26e-02	  1.77e-02	7.41882e-07
  9.26e-02	  1.82e-02	2.88773e-07
  9.26e-02	  1.88e-02	-9.65095e-31
  9.26e-02	  1.93e-02	0.00000e+00
  9.26e-02	  1.98e-02	0.00000e+00
  9.26e-02	  2.03e-02	0.00000e+00
  9.26e-02	  2.08e-02	0.00000e+00
  9.26e-02	  2.14e-02	8.88962e-31
  9.26e-02	  2.19e-02	-2.10346e-05
  9.26e-02	  2.24e-02	-4.55147e-05
  9.26e-02	  2.29e-02	-6.37376e-05
  9.26e-02	  2.34e-02	-6.75822e-05
  9.26e-02	  2.40e-02	-5.35522e-05
  9.26e-02	  2.45e-02	-2.45699e-05
  9.26e-02	  2.50e-02	1.07041e-05
  9.26e-02	  2.55e-02	4.11695e-05
  9.26e-02	  2.60e-02	5.77811e-05
  9.26e-02	  2.66e-02	5.70025e-05
  9.26e-02	  2.71e-02	4.17024e-05
  9.26e-02	  2.76e-02	1.95367e-05
  9.26e-02	  2.81e-02	-8.88988e-31
  9.26e-02	  2.86e-02	0.00000e+00
  9.26e-02	  2.92e-02	0.00000e+00
  9.26e-02	  2.97e-02	0.00000e+00
  9.26e-02	  3.02e-02	0.00000e+00
  9.26e-02	  3.07e-02	9.45771e-31
  9.26e-02	  3.13e-02	-5.47746e-07
  9.26e-02	  3.18e-02	-9.50084e-07
  9.26e-02	  3.23e-02	-6.95407e-07
  9.26e-02	  3.28e-02	4.77291e-07
  9.26e-02	  3.33e-02	2.48465e-06
  9.26e-02	  3.39e-02	4.89036e-06
  9.26e-02	  3.44e-02	7.03296e-06
  9.26e-02	  3.49e-02	8.25431e-06
  9.26e-02	  3.54e-02	8.14505e-06
  9.26e-02	  3.59e-02	6.70918e-06
  9.26e-02	  3.65e-02	4.37993e-06
  9.26e-02	  3.70e-02	1.87808e-06
  9.26e-02	  3.75e-02	-9.45749e-31
  9.26e-02	  3.80e-02	0.00000e+00
  9.26e-02	  3.85e-02	0.00000e+00
  9.26e-02	  3.91e-02	0.00000e+00
  9.26e-02	  3.96e-02	0.00000e+00
  9.26e-02	  4.01e-02	0.00000e+00
  9.26e-02	  4.06e-02	0.00000e+00
  9.26e-02	  4.11e-02	0.00000e+00
  9.26e-02	  4.17e-02	0.00000e+00
  9.26e-02	  4.22e-02	0.00000e+00
  9.26e-02	  4.27e-02	0.00000e+00
  9.26e-02	  4.32e-02	0.00000e+00
  9.26e-02	  4.37e-02	0.00000e+00
  9.26e-02	  4.43e-02	0.00000e+00
  9.26e-02	  4.48e-02	0.00000e+00
  9.26e-02	  4.53e-02	0.00000e+00
  9.26e-02	  4.58e-02	0.00000e+00
  9.26e-02	  4.64e-02	0.00000e+00
  9.26e-02	  4.69e-02	0.00000e+00
  9.26e-02	  4.74e-02	0.00000e+00
  9.26e-02	  4.79e-02	0.00000e+00
  9.26e-02	  4.84e-02	0.00000e+00
  9.26e-02	  4.90e-02	0.00000e+00
  9.26e-02	  4.95e-02	0.00000e+00

  9.34e-02	  0.00e+00	0.00000e+00
  9.34e-02	  5.21e-04	0.00000e+00
  9.34e-02	  1.04e-03	0.00000e+00
  9.34e-02	  1.56e-03	0.00000e+00
  9.34e-02	  2.08e-03	0.00000e+00
  9.34e-02	  2.60e-03	0.00000e+00
  9.34e-02	  3.12e-03	0.00000e+00
  9.34e-02	  3.65e-03	0.00000e+00
  9.34e-02	  4.17e-03	0.00000e+00
  9.34e-02	  4.69e-03	0.00000e+00
  9.34e-02	  5.21e-03	0.00000e+00
  9.34e-02	  5.73e-03	0.00000e+00
  9.34e-02	  6.25e-03	0.00000e+00
  9.34e-02	  6.77e-03	0.00000e+00
  9.34e-02	  7.29e-03	0.00000e+00
  9.34e-02	  7.81e-03	0.00000e+00
  9.34e-02	  8.33e-03	0.00000e+00
  9.34e-02	  8.85e-03	0.00000e+00
  9.34e-02	  9.37e-03	0.00000e+00
  9.34e-02	  9.90e-03	0.00000e+00
  9.34e-02	  1.04e-02	0.00000e+00
  9.34e-02	  1.09e-02	0.00000e+00
  9.34e-02	  1.15e-02	0.00000e+00
  9.34e-02	  1.20e-02	0.00000e+00
  9.34e-02	  1.25e-02	1.03816e-30
  9.34e-02	  1.30e-02	9.84608e-07
  9.34e-02	  1.35e-02	2.07831e-06
  9.34e-02	  1.41e-02	3.06671e-06
  9.34e-02	  1.46e-02	3.77453e-06
  9.34e-02	  1.51e-02	4.10894e-06
  9.34e-02	  1.56e-02	4.05621e-06
  9.34e-02	  1.61e-02	3.66419e-06
  9.34e-02	  1.67e-02	3.01766e-06
  9.34e-02	  1.72e-02	2.21615e-06
  9.34e-02	  1.77e-02	1.36284e-06
  9.34e-02	  1.82e-02	5.68257e-07
  9.34e-02	  1.88e-02	-1.03817e-30
  9.34e-02	  1.93e-02	0.00000e+00
  9.34e-02	  1.98e-02	0.00000e+00
  9.34e-02	  2.03e-02	0.00000e+00
  9.34e-02	  2.08e-02	0.00000e+00
  9.34e-02	  2.14e-02	9.67259e-31
  9.34e-02	  2.19e-02	-1.65632e-05
  9.34e-02	  2.24e-02	-3.58227e-05
  9.34e-02	  2.29e-02	-5.00125e-05
  9.34e-02	  2.34e-02	-5.26670e-05
  9.34e-02	  2.40e-02	-4.10646e-05
  9.34e-02	  2.45e-02	-1.76226e-05
  9.34e-02	  2.50e-02	1.06936e-05
  9.34e-02	  2.55e-02	3.50059e-05
  9.34e-02	  2.60e-02	4.80803e-05
  9.34e-02	  2.66e-02	4.70817e-05
  9.34e-02	  2.71e-02	3.43316e-05
  9.34e-02	  2.76e-02	1.60531e-05
  9.34e-02	  2.81e-02	-9.67285e-31
  9.34e-02	  2.86e-02	0.00000e+00
  9.34e-02	  2.92e-02	0.00000e+00
  9.34e-02	  2.97e-02	0.00000e+00
  9.34e-02	  3.02e-02	0.00000e+00
  9.34e-02	  3.07e-02	1.02087e-30
  9.34e-02	  3.13e-02	-4.04938e-07
  9.34e-02	  3.18e-02	-6.64648e-07
  9.34e-02	  3.23e-02	-3.81479e-07
  9.34e-02	  3.28e-02	6.18746e-07
  9.34e-02	  3.33e-02	2.23803e-06
  9.34e-02	  3.39e-02	4.11358e-06
  9.34e-02	  3.44e-02	5.72535e-06
  9.34e-02	  3.49e-02	6.57551e-06
  9.34e-02	  3.54e-02	6.37506e-06
  9.34e-02	  3.59e-02	5.16326e-06
  9.34e-02	  3.65e-02	3.30808e-06
  9.34e-02	  3.70e-02	1.38330e-06
  9.34e-02	  3.75e-02	-1.02084e-30
  9.34e-02	  3.80e-02	0.00000e+00
  9.34e-02	  3.85e-02	0.00000e+00
  9.34e-02	  3.91e-02	0.00000e+00
  9.34e-02	  3.96e-02	0.00000e+00
  9.34e-02	  4.01e-02	0.00000e+00
  9.34e-02	  4.06e-02	0.00000e+00
  9.34e-02	  4.11e-02	0.00000e+00
  9.34e-02	  4.17e-02	0.00000e+00
  9.34e-02	  4.22e-02	0.00000e+00
  9.34e-02	  4.27e-02	0.00000e+00
  9.34e-02	  4.32e-02	0.00000e+00
  9.34e-02	  4.37e-02	0.00000e+00
  9.34e-02	  4.43e-02	0.00000e+00
  9.34e-02	  4.48e-02	0.00000e+00
  9.34e-02	  4.53e-02	0.00000e+00
  9.34e-02	  4.58e-02	0.00000e+00
  9.34e-02	  4.64e-02	0.00000e+00
  9.34e-02	  4.69e-02	0.00000e+00
  9.34e-02	  4.74e-02	0.00000e+00
  9.34e-02	  4.79e-02	0.00000e+00
  9.34e-02	  4.84e-02	0.00000e+00
  9.34e-02	  4.90e-02	0.00000e+00
  9.34e-02	  4.95e-02	0.00000e+00

  9.41e-02	  0.00e+00	0.00000e+00
  9.41e-02	  5.21e-04	0.00000e+00
  9.41e-02	  1.04e-03	0.00000e+00
  9.41e-02	  1.56e-03	0.00000e+00
  9.41e-02	  2.08e-03	0.00000e+00
  9.41e-02	  2.60e-03	0.00000e+00
  9.41e-02	  3.12e-03	0.00000e+00
  9.41e-02	  3.65e-03	0.00000e+00
  9.41e-02	  4.17e-03	0.00000e+00
  9.41e-02	  4.69e-03	0.00000e+00
  9.41e-02	  5.21e-03	0.00000e+00
  9.41e-02	  5.73e-03	0.00000e+00
  9.41e-02	  6.25e-03	0.00000e+00
  9.41e-02	  6.77e-03	0.00000e+00
  9.41e-02	  7.29e-03	0.00000e+00
  9.41e-02	  7.81e-03	0.00000e+00
  9.41e-02	  8.33e-03	0.00000e+00
  9.41e-02	  8.85e-03	0.00000e+00
  9.41e-02	  9.37e-03	0.00000e+00
  9.41e-02	  9.90e-03	0.00000e+00
  9.41e-02	  1.04e-02	0.00000e+00
  9.41e-02	  1.09e-02	0.00000e+00
  9.41e-02	  1.15e-02	0.00000e+00
  9.41e-02	  1.20e-02	0.00000e+00
  9.41e-02	  1.25e-02	1.11122e-30
  9.41e-02	  1.30e-02	1.44803e-06
  9.41e-02	  1.35e-02	3.09637e-06
  9.41e-02	  1.41e-02	4.61655e-06
  9.41e-02	  1.46e-02	5.74462e-06
  9.41e-02	  1.51e-02	6.33041e-06
  9.41e-02	  1.56e-02	6.33459e-06
  9.41e-02	  1.61e-02	5.80737e-06
  9.41e-02	  1.67e-02	4.85809e-06
  9.41e-02	  1.72e-02	3.62758e-06
  9.41e-02	  1.77e-02	2.27436e-06
  9.41e-02	  1.82e-02	9.79384e-07
  9.41e-02	  1.88e-02	-1.11124e-30
  9.41e-02	  1.93e-02	0.00000e+00
  9.41e-02	  1.98e-02	0.00000e+00
  9.41e-02	  2.03e-02	0.00000e+00
  9.41e-02	  2.08e-02	0.00000e+00
  9.41e-02	  2.14e-02	1.04556e-30
  9.41e-02	  2.19e-02	-1.30043e-05
  9.41e-02	  2.24e-02	-2.80839e-05
  9.41e-02	  2.29e-02	-3.89605e-05
  9.41e-02	  2.34e-02	-4.04430e-05
  9.41e-02	  2.40e-02	-3.04195e-05
  9.41e-02	  2.45e-02	-1.09577e-05
  9.41e-02	  2.50e-02	1.22144e-05
  9.41e-02	  2.55e-02	3.18559e-05
  9.41e-02	  2.60e-02	4.20854e-05
  9.41e-02	  2.66e-02	4.06206e-05
  9.41e-02	  2.71e-02	2.94248e-05
  9.41e-02	  2.76e-02	1.37118e-05
  9.41e-02	  2.81e-02	-1.04559e-30
  9.41e-02	  2.86e-02	0.00000e+00
  9.41e-02	  2.92e-02	0.00000e+00
  9.41e-02	  2.97e-02	0.00000e+00
  9.41e-02	  3.02e-02	0.00000e+00
  9.41e-02	  3.07e-02	1.09597e-30
  9.41e-02	  3.13e-02	-3.02950e-07
  9.41e-02	  3.18e-02	-4.47831e-07
  9.41e-02	  3.23e-02	-1.30489e-07
  9.41e-02	  3.28e-02	7.42903e-07
  9.41e-02	  3.33e-02	2.05173e-06
  9.41e-02	  3.39e-02	3.48658e-06
  9.41e-02	  3.44e-02	4.64273e-06
  9.41e-02	  3.49e-02	5.15951e-06
  9.41e-02	  3.54e-02	4.85707e-06
  9.41e-02	  3.59e-02	3.81519e-06
  9.41e-02	  3.65e-02	2.35687e-06
  9.41e-02	  3.70e-02	9.35916e-07
  9.41e-02	  3.75e-02	-1.09594e-30
  9.41e-02	  3.80e-02	0.00000e+00
  9.41e-02	  3.85e-02	0.00000e+00
  9.41e-02	  3.91e-02	0.00000e+00
  9.41e-02	  3.96e-02	0.00000e+00
  9.41e-02	  4.01e-02	0.00000e+00
  9.41e-02	  4.06e-02	0.00000e+00
  9.41e-02	  4.11e-02	0.00000e+00
  9.41e-02	  4.17e-02	0.00000e+00
  9.41e-02	  4.22e-02	0.00000e+00
  9.41e-02	  4.27e-02	0.00000e+00
  9.41e-02	  4.32e-02	0.00000e+00
  9.41e-02	  4.37e-02	0.00000e+00
  9.41e-02	  4.43e-02	0.00000e+00
  9.41e-02	  4.48e-02	0.00000e+00
  9.41e-02	  4.53e-02	0.00000e+00
  9.41e-02	  4.58e-02	0.00000e+00
  9.41e-02	  4.64e-02	0.00000e+00
  9.41e-02	  4.69e-02	0.00000e+00
  9.41e-02	  4.74e-02	0.00000e+00
  9.41e-02	  4.79e-02	0.00000e+00
  9.41e-02	  4.84e-02	0.00000e+00
  9.41e-02	  4.90e-02	0.00000e+00
  9.41e-02	  4.95e-02	0.00000e+00

  9.49e-02	  0.00e+00	0.00000e+00
  9.49e-02	  5.21e-04	0.00000e+00
  9.49e-02	  1.04e-03	0.00000e+00
  9.49e-02	  1.56e-03	0.00000e+00
  9.49e-02	  2.08e-03	0.00000e+00
  9.49e-02	  2.60e-03	0.00000e+00
  9.49e-02	  3.12e-03	0.00000e+00
  9.49e-02	  3.65e-03	0.00000e+00
  9.49e-02	  4.17e-03	0.00000e+00
  9.49e-02	  4.69e-03	0.00000e+00
  9.49e-02	  5.21e-03	0.00000e+00
  9.49e-02	  5.73e-03	0.00000e+00
  9.49e-02	  6.25e-03	0.00000e+00
  9.49e-02	  6.77e-03	0.00000e+00
  9.49e-02	  7.29e-03	0.00000e+00
  9.49e-02	  7.81e-03	0.00000e+00
  9.49e-02	  8.33e-03	0.00000e+00
  9.49e-02	  8.85e-03	0.00000e+00
  9.49e-02	  9.37e-03	0.00000e+00
  9.49e-02	  9.90e-03	0.00000e+00
  9.49e-02	  1.04e-02	0.00000e+00
  9.49e-02	  1.09e-02	0.00000e+00
  9.49e-02	  1.15e-02	0.00000e+00
  9.49e-02	  1.20e-02	0.00000e+00
  9.49e-02	  1.25e-02	1.18429e-30
  9.49e-02	  1.30e-02	2.16673e-06
  9.49e-02	  1.35e-02	4.66924e-06
  9.49e-02	  1.41e-02	6.99476e-06
  9.49e-02	  1.46e-02	8.73914e-06
  9.49e-02	  1.51e-02	9.66802e-06
  9.49e-02	  1.56e-02	9.71364e-06
  9.49e-02	  1.61e-02	8.94420e-06
  9.49e-02	  1.67e-02	7.51934e-06
  9.49e-02	  1.72e-02	5.64905e-06
  9.49e-02	  1.77e-02	3.57245e-06
  9.49e-02	  1.82e-02	1.56434e-06
  9.49e-02	  1.88e-02	-1.18431e-30
  9.49e-02	  1.93e-02	0.00000e+00
  9.49e-02	  1.98e-02	0.00000e+00
  9.49e-02	  2.03e-02	0.00000e+00
  9.49e-02	  2.08e-02	0.00000e+00
  9.49e-02	  2.14e-02	1.12386e-30
  9.49e-02	  2.19e-02	-1.01347e-05
  9.49e-02	  2.24e-02	-2.18032e-05
  9.49e-02	  2.29e-02	-2.98459e-05
  9.49e-02	  2.34e-02	-3.00431e-05
  9.49e-02	  2.40e-02	-2.07774e-05
  9.49e-02	  2.45e-02	-3.91844e-06
  9.49e-02	  2.50e-02	1.56497e-05
  9.49e-02	  2.55e-02	3.18343e-05
  9.49e-02	  2.60e-02	3.97267e-05
  9.49e-02	  2.66e-02	3.74761e-05
  9.49e-02	  2.71e-02	2.68566e-05
  9.49e-02	  2.76e-02	1.24505e-05
  9.49e-02	  2.81e-02	-1.12390e-30
  9.49e-02	  2.86e-02	0.00000e+00
  9.49e-02	  2.92e-02	0.00000e+00
  9.49e-02	  2.97e-02	0.00000e+00
  9.49e-02	  3.02e-02	0.00000e+00
  9.49e-02	  3.07e-02	1.17107e-30
  9.49e-02	  3.13e-02	-2.00875e-07
  9.49e-02	  3.18e-02	-2.07401e-07
  9.49e-02	  3.23e-02	1.91537e-07
  9.49e-02	  3.28e-02	9.98430e-07
  9.49e-02	  3.33e-02	2.05420e-06
  9.49e-02	  3.39e-02	3.08690e-06
  9.49e-02	  3.44e-02	3.79542e-06
  9.49e-02	  3.49e-02	3.95264e-06
  9.49e-02	  3.54e-02	3.49463e-06
  9.49e-02	  3.59e-02	2.55789e-06
  9.49e-02	  3.65e-02	1.44067e-06
  9.49e-02	  3.70e-02	4.92470e-07
  9.49e-02	  3.75e-02	-1.17103e-30
  9.49e-02	  3.80e-02	0.00000e+00
  9.49e-02	  3.85e-02	0.00000e+00
  9.49e-02	  3.91e-02	0.00000e+00
  9.49e-02	  3.96e-02	0.00000e+00
  9.49e-02	  4.01e-02	0.00000e+00
  9.49e-02	  4.06e-02	0.00000e+00
  9.49e-02	  4.11e-02	0.00000e+00
  9.49e-02	  4.17e-02	0.00000e+00
  9.49e-02	  4.22e-02	0.00000e+00
  9.49e-02	  4.27e-02	0.00000e+00
  9.49e-02	  4.32e-02	0.00000e+00
  9.49e-02	  4.37e-02	0.00000e+00
  9.49e-02	  4.43e-02	0.00000e+00
  9.49e-02	  4.48e-02	0.00000e+00
  9.49e-02	  4.53e-02	0.00000e+00
  9.49e-02	  4.58e-02	0.00000e+00
  9.49e-02	  4.64e-02	0.00000e+00
  9.49e-02	  4.69e-02	0.00000e+00
  9.49e-02	  4.74e-02	0.00000e+00
  9.49e-02	  4.79e-02	0.00000e+00
  9.49e-02	  4.84e-02	0.00000e+00
  9.49e-02	  4.90e-02	0.00000e+00
  9.49e-02	  4.95e-02	0.00000e+00

  9.57e-02	  0.00e+00	0.00000e+00
  9.57e-02	  5.21e-04	0.00000e+00
  9.57e-02	  1.04e-03	0.00000e+00
  9.57e-02	  1.56e-03	0.00000e+00
  9.57e-02	  2.08e-03	0.00000e+00
  9.57e-02	  2.60e-03	0.00000e+00
  9.57e-02	  3.12e-03	0.00000e+00
  9.57e-02	  3.65e-03	0.00000e+00
  9.57e-02	  4.17e-03	0.00000e+00
  9.57e-02	  4.69e-03	0.00000e+00
  9.57e-02	  5.21e-03	0.00000e+00
  9.57e-02	  5.73e-03	0.00000e+00
  9.57e-02	  6.25e-03	0.00000e+00
  9.57e-02	  6.77e-03	0.00000e+00
  9.57e-02	  7.29e-03	0.00000e+00
  9.57e-02	  7.81e-03	0.00000e+00
  9.57e-02	  8.33e-03	0.00000e+00
  9.57e-02	  8.85e-03	0.00000e+00
  9.57e-02	  9.37e-03	0.00000e+00
  9.57e-02	  9.90e-03	0.00000e+00
  9.57e-02	  1.04e-02	0.00000e+00
  9.57e-02	  1.09e-02	0.00000e+00
  9.57e-02	  1.15e-02	0.00000e+00
  9.57e-02	  1.20e-02	0.00000e+00
  9.57e-02	  1.25e-02	1.25735e-30
  9.57e-02	  1.30e-02	3.31506e-06
  9.57e-02	  1.35e-02	7.16842e-06
  9.57e-02	  1.41e-02	1.07341e-05
  9.57e-02	  1.46e-02	1.33764e-05
  9.57e-02	  1.51e-02	1.47372e-05
  9.57e-02	  1.56e-02	1.47306e-05
  9.57e-02	  1.61e-02	1.34889e-05
  9.57e-02	  1.67e-02	1.12833e-05
  9.57e-02	  1.72e-02	8.44933e-06
  9.57e-02	  1.77e-02	5.34490e-06
  9.57e-02	  1.82e-02	2.35850e-06
  9.57e-02	  1.88e-02	-1.25739e-30
  9.57e-02	  1.93e-02	0.00000e+00
  9.57e-02	  1.98e-02	0.00000e+00
  9.57e-02	  2.03e-02	0.00000e+00
  9.57e-02	  2.08e-02	0.00000e+00
  9.57e-02	  2.14e-02	1.20217e-30
  9.57e-02	  2.19e-02	-7.68867e-06
  9.57e-02	  2.24e-02	-1.63926e-05
  9.57e-02	  2.29e-02	-2.17967e-05
  9.57e-02	  2.34e-02	-2.04326e-05
  9.57e-02	  2.40e-02	-1.11099e-05
  9.57e-02	  2.45e-02	4.35500e-06
  9.57e-02	  2.50e-02	2.15888e-05
  9.57e-02	  2.55e-02	3.52466e-05
  9.57e-02	  2.60e-02	4.10885e-05
  9.57e-02	  2.66e-02	3.76121e-05
  9.57e-02	  2.71e-02	2.65623e-05
  9.57e-02	  2.76e-02	1.22317e-05
  9.57e-02	  2.81e-02	-1.20221e-30
  9.57e-02	  2.86e-02	0.00000e+00
  9.57e-02	  2.92e-02	0.00000e+00
  9.57e-02	  2.97e-02	0.00000e+00
  9.57e-02	  3.02e-02	0.00000e+00
  9.57e-02	  3.07e-02	1.24617e-30
  9.57e-02	  3.13e-02	-1.27458e-08
  9.57e-02	  3.18e-02	2.46804e-07
  9.57e-02	  3.23e-02	8.58171e-07
  9.57e-02	  3.28e-02	1.69015e-06
  9.57e-02	  3.33e-02	2.51664e-06
  9.57e-02	  3.39e-02	3.09571e-06
  9.57e-02	  3.44e-02	3.24342e-06
  9.57e-02	  3.49e-02	2.89627e-06
  9.57e-02	  3.54e-02	2.14521e-06
  9.57e-02	  3.59e-02	1.22041e-06
  9.57e-02	  3.65e-02	4.17813e-07
  9.57e-02	  3.70e-02	-2.01911e-08
  9.57e-02	  3.75e-02	-1.24613e-30
  9.57e-02	  3.80e-02	0.00000e+00
  9.57e-02	  3.85e-02	0.00000e+00
  9.57e-02	  3.91e-02	0.00000e+00
  9.57e-02	  3.96e-02	0.00000e+00
  9.57e-02	  4.01e-02	0.00000e+00
  9.57e-02	  4.06e-02	0.00000e+00
  9.57e-02	  4.11e-02	0.00000e+00
  9.57e-02	  4.17e-02	0.00000e+00
  9.57e-02	  4.22e-02	0.00000e+00
  9.57e-02	  4.27e-02	0.00000e+00
  9.57e-02	  4.32e-02	0.00000e+00
  9.57e-02	  4.37e-02	0.00000e+00
  9.57e-02	  4.43e-02	0.00000e+00
  9.57e-02	  4.48e-02	0.00000e+00
  9.57e-02	  4.53e-02	0.00000e+00
  9.57e-02	  4.58e-02	0.00000e+00
  9.57e-02	  4.64e-02	0.00000e+00
  9.57e-02	  4.69e-02	0.00000e+00
  9.57e-02	  4.74e-02	0.00000e+00
  9.57e-02	  4.79e-02	0.00000e+00
  9.57e-02	  4.84e-02	0.00000e+00
  9.57e-02	  4.90e-02	0.00000e+00
  9.57e-02	  4.95e-02	0.00000e+00

  9.65e-02	  0.00e+00	0.00000e+00
  9.65e-02	  5.21e-04	0.00000e+00
  9.65e-02	  1.04e-03	0.00000e+00
  9.65e-02	  1.56e-03	0.00000e+00
  9.65e-02	  2.08e-03	0.00000e+00
  9.65e-02	  2.60e-03	0.00000e+00
  9.65e-02	  3.12e-03	0.00000e+00
  9.65e-02	  3.65e-03	0.00000e+00
  9.65e-02	  4.17e-03	0.00000e+00
  9.65e-02	  4.69e-03	0.00000e+00
  9.65e-02	  5.21e-03	0.00000e+00
  9.65e-02	  5.73e-03	0.00000e+00
  9.65e-02	  6.25e-03	0.00000e+00
  9.65e-02	  6.77e-03	0.00000e+00
  9.65e-02	  7.29e-03	0.00000e+00
  9.65e-02	  7.81e-03	0.00000e+00
  9.65e-02	  8.33e-03	0.00000e+00
  9.65e-02	  8.85e-03	0.00000e+00
  9.65e-02	  9.37e-03	0.00000e+00
  9.65e-02	  9.90e-03	0.00000e+00
  9.65e-02	  1.04e-02	0.00000e+00
  9.65e-02	  1.09e-02	0.00000e+00
  9.65e-02	  1.15e-02	0.00000e+00
  9.65e-02	  1.20e-02	0.00000e+00
  9.65e-02	  1.25e-02	1.33041e-30
  9.65e-02	  1.30e-02	5.21939e-06
  9.65e-02	  1.35e-02	1.12809e-05
  9.65e-02	  1.41e-02	1.67975e-05
  9.65e-02	  1.46e-02	2.07349e-05
  9.65e-02	  1.51e-02	2.25544e-05
  9.65e-02	  1.56e-02	2.21992e-05
  9.65e-02	  1.61e-02	1.99836e-05
  9.65e-02	  1.67e-02	1.64318e-05
  9.65e-02	  1.72e-02	1.21230e-05
  9.65e-02	  1.77e-02	7.59543e-06
  9.65e-02	  1.82e-02	3.35032e-06
  9.65e-02	  1.88e-02	-1.33047e-30
  9.65e-02	  1.93e-02	0.00000e+00
  9.65e-02	  1.98e-02	0.00000e+00
  9.65e-02	  2.03e-02	0.00000e+00
  9.65e-02	  2.08e-02	0.00000e+00
  9.65e-02	  2.14e-02	1.28047e-30
  9.65e-02	  2.19e-02	-5.27723e-06
  9.65e-02	  2.24e-02	-1.10023e-05
  9.65e-02	  2.29e-02	-1.35701e-05
  9.65e-02	  2.34e-02	-1.01534e-05
  9.65e-02	  2.40e-02	2.75623e-08
  9.65e-02	  2.45e-02	1.50816e-05
  9.65e-02	  2.50e-02	3.08898e-05
  9.65e-02	  2.55e-02	4.25618e-05
  9.65e-02	  2.60e-02	4.63216e-05
  9.65e-02	  2.66e-02	4.09896e-05
  9.65e-02	  2.71e-02	2.84477e-05
  9.65e-02	  2.76e-02	1.29968e-05
  9.65e-02	  2.81e-02	-1.28053e-30
  9.65e-02	  2.86e-02	0.00000e+00
  9.65e-02	  2.92e-02	0.00000e+00
  9.65e-02	  2.97e-02	0.00000e+00
  9.65e-02	  3.02e-02	0.00000e+00
  9.65e-02	  3.07e-02	1.32128e-30
  9.65e-02	  3.13e-02	4.47661e-07
  9.65e-02	  3.18e-02	1.31648e-06
  9.65e-02	  3.23e-02	2.43400e-06
  9.65e-02	  3.28e-02	3.43464e-06
  9.65e-02	  3.33e-02	3.97866e-06
  9.65e-02	  3.39e-02	3.86815e-06
  9.65e-02	  3.44e-02	3.10003e-06
  9.65e-02	  3.49e-02	1.86849e-06
  9.65e-02	  3.54e-02	5.19530e-07
  9.65e-02	  3.59e-02	-5.44337e-07
  9.65e-02	  3.65e-02	-1.00015e-06
  9.65e-02	  3.70e-02	-7.51163e-07
  9.65e-02	  3.75e-02	-1.32122e-30
  9.65e-02	  3.80e-02	0.00000e+00
  9.65e-02	  3.85e-02	0.00000e+00
  9.65e-02	  3.91e-02	0.00000e+00
  9.65e-02	  3.96e-02	0.00000e+00
  9.65e-02	  4.01e-02	0.00000e+00
  9.65e-02	  4.06e-02	0.00000e+00
  9.65e-02	  4.11e-02	0.00000e+00
  9.65e-02	  4.17e-02	0.00000e+00
  9.65e-02	  4.22e-02	0.00000e+00
  9.65e-02	  4.27e-02	0.00000e+00
  9.65e-02	  4.32e-02	0.00000e+00
  9.65e-02	  4.37e-02	0.00000e+00
  9.65e-02	  4.43e-02	0.00000e+00
  9.65e-02	  4.48e-02	0.00000e+00
  9.65e-02	  4.53e-02	0.00000e+00
  9.65e-02	  4.58e-02	0.00000e+00
  9.65e-02	  4.64e-02	0.00000e+00
  9.65e-02	  4.69e-02	0.00000e+00
  9.65e-02	  4.74e-02	0.00000e+00
  9.65e-02	  4.79e-02	0.00000e+00
  9.65e-02	  4.84e-02	0.00000e+00
  9.65e-02	  4.90e-02	0.00000e+00
  9.65e-02	  4.95e-02	0.00000e+00

  9.73e-02	  0.00e+00	0.00000e+00
  9.73e-02	  5.21e-04	0.00000e+00
  9.73e-02	  1.04e-03	0.00000e+00
  9.73e-02	  1.56e-03	0.00000e+00
  9.73e-02	  2.08e-03	0.00000e+00
  9.73e-02	  2.60e-03	0.00000e+00
  9.73e-02	  3.12e-03	0.00000e+00
  9.73e-02	  3.65e-03	0.00000e+00
  9.73e-02	  4.17e-03	0.00000e+00
  9.73e-02	  4.69e-03	0.00000e+00
  9.73e-02	  5.21e-03	0.00000e+00
  9.73e-02	  5.73e-03	0.00000e+00
  9.73e-02	  6.25e-03	0.00000e+00
  9.73e-02	  6.77e-03	0.00000e+00
  9.73e-02	  7.29e-03	0.00000e+00
  9.73e-02	  7.81e-03	0.00000e+00
  9.73e-02	  8.33e-03	0.00000e+00
  9.73e-02	  8.85e-03	0.00000e+00
  9.73e-02	  9.37e-03	0.00000e+00
  9.73e-02	  9.90e-03	0.00000e+00
  9.73e-02	  1.04e-02	0.00000e+00
  9.73e-02	  1.09e-02	0.00000e+00
  9.73e-02	  1.15e-02	0.00000e+00
  9.73e-02	  1.20e-02	0.00000e+00
  9.73e-02	  1.25e-02	1.40347e-30
  9.73e-02	  1.30e-02	8.52276e-06
  9.73e-02	  1.35e-02	1.83402e-05
  9.73e-02	  1.41e-02	2.70080e-05
  9.73e-02	  1.46e-02	3.27798e-05
  9.73e-02	  1.51e-02	3.48638e-05
  9.73e-02	  1.56e-02	3.33738e-05
  9.73e-02	  1.61e-02	2.90844e-05
  9.73e-02	  1.67e-02	2.30894e-05
  9.73e-02	  1.72e-02	1.64655e-05
  9.73e-02	  1.77e-02	1.00425e-05
  9.73e-02	  1.82e-02	4.37412e-06
  9.73e-02	  1.88e-02	-1.40356e-30
  9.73e-02	  1.93e-02	0.00000e+00
  9.73e-02	  1.98e-02	0.00000e+00
  9.73e-02	  2.03e-02	0.00000e+00
  9.73e-02	  2.08e-02	0.00000e+00
  9.73e-02	  2.14e-02	1.35878e-30
  9.73e-02	  2.19e-02	-2.24746e-06
  9.73e-02	  2.24e-02	-4.23234e-06
  9.73e-02	  2.29e-02	-3.16635e-06
  9.73e-02	  2.34e-02	3.08259e-06
  9.73e-02	  2.40e-02	1.48445e-05
  9.73e-02	  2.45e-02	3.00726e-05
  9.73e-02	  2.50e-02	4.47679e-05
  9.73e-02	  2.55e-02	5.43598e-05
  9.73e-02	  2.60e-02	5.54843e-05
  9.73e-02	  2.66e-02	4.73656e-05
  9.73e-02	  2.71e-02	3.22154e-05
  9.73e-02	  2.76e-02	1.45751e-05
  9.73e-02	  2.81e-02	-1.35885e-30
  9.73e-02	  2.86e-02	0.00000e+00
  9.73e-02	  2.92e-02	0.00000e+00
  9.73e-02	  2.97e-02	0.00000e+00
  9.73e-02	  3.02e-02	0.00000e+00
  9.73e-02	  3.07e-02	1.39638e-30
  9.73e-02	  3.13e-02	1.58497e-06
  9.73e-02	  3.18e-02	3.85040e-06
  9.73e-02	  3.23e-02	6.07685e-06
  9.73e-02	  3.28e-02	7.45837e-06
  9.73e-02	  3.33e-02	7.47838e-06
  9.73e-02	  3.39e-02	6.05253e-06
  9.73e-02	  3.44e-02	3.52241e-06
  9.73e-02	  3.49e-02	5.53940e-07
  9.73e-02	  3.54e-02	-2.03440e-06
  9.73e-02	  3.59e-02	-3.50249e-06
  9.73e-02	  3.65e-02	-3.44885e-06
  9.73e-02	  3.70e-02	-2.02948e-06
  9.73e-02	  3.75e-02	-1.39630e-30
  9.73e-02	  3.80e-02	0.00000e+00
  9.73e-02	  3.85e-02	0.00000e+00
  9.73e-02	  3.91e-02	0.00000e+00
  9.73e-02	  3.96e-02	0.00000e+00
  9.73e-02	  4.01e-02	0.00000e+00
  9.73e-02	  4.06e-02	0.00000e+00
  9.73e-02	  4.11e-02	0.00000e+00
  9.73e-02	  4.17e-02	0.00000e+00
  9.73e-02	  4.22e-02	0.00000e+00
  9.73e-02	  4.27e-02	0.00000e+00
  9.73e-02	  4.32e-02	0.00000e+00
  9.73e-02	  4.37e-02	0.00000e+00
  9.73e-02	  4.43e-02	0.00000e+00
  9.73e-02	  4.48e-02	0.00000e+00
  9.73e-02	  4.53e-02	0.00000e+00
  9.73e-02	  4.58e-02	0.00000e+00
  9.73e-02	  4.64e-02	0.00000e+00
  9.73e-02	  4.69e-02	0.00000e+00
  9.73e-02	  4.74e-02	0.00000e+00
  9.73e-02	  4.79e-02	0.00000e+00
  9.73e-02	  4.84e-02	0.00000e+00
  9.73e-02	  4.90e-02	0.00000e+00
  9.73e-02	  4.95e-02	0.00000e+00

  9.80e-02	  0.00e+00	0.00000e+00
  9.80e-02	  5.21e-04	0.00000e+00
  9.80e-02	  1.04e-03	0.00000e+00
  9.80e-02	  1.56e-03	0.00000e+00
  9.80e-02	  2.08e-03	0.00000e+00
  9.80e-02	  2.60e-03	0.00000e+00
  9.80e-02	  3.12e-03	0.00000e+00
  9.80e-02	  3.65e-03	0.00000e+00
  9.80e-02	  4.17e-03	0.00000e+00
  9.80e-02	  4.69e-03	0.00000e+00
  9.80e-02	  5.21e-03	0.00000e+00
  9.80e-02	  5.73e-03	0.00000e+00
  9.80e-02	  6.25e-03	0.00000e+00
  9.80e-02	  6.77e-03	0.00000e+00
  9.80e-02	  7.29e-03	0.00000e+00
  9.80e-02	  7.81e-03	0.00000e+00
  9.80e-02	  8.33e-03	0.00000e+00
  9.80e-02	  8.85e-03	0.00000e+00
  9.80e-02	  9.37e-03	0.00000e+00
  9.80e-02	  9.90e-03	0.00000e+00
  9.80e-02	  1.04e-02	0.00000e+00
  9.80e-02	  1.09e-02	0.00000e+00
  9.80e-02	  1.15e-02	0.00000e+00
  9.80e-02	  1.20e-02	0.00000e+00
  9.80e-02	  1.25e-02	1.47651e-30
  9.80e-02	  1.30e-02	1.45437e-05
  9.80e-02	  1.35e-02	3.10290e-05
  9.80e-02	  1.41e-02	4.49318e-05
  9.80e-02	  1.46e-02	5.32119e-05
  9.80e-02	  1.51e-02	5.47639e-05
  9.80e-02	  1.56e-02	5.02366e-05
  9.80e-02	  1.61e-02	4.14815e-05
  9.80e-02	  1.67e-02	3.08419e-05
  9.80e-02	  1.72e-02	2.04412e-05
  9.80e-02	  1.77e-02	1.16369e-05
  9.80e-02	  1.82e-02	4.84767e-06
  9.80e-02	  1.88e-02	-1.47665e-30
  9.80e-02	  1.93e-02	0.00000e+00
  9.80e-02	  1.98e-02	0.00000e+00
  9.80e-02	  2.03e-02	0.00000e+00
  9.80e-02	  2.08e-02	0.00000e+00
  9.80e-02	  2.14e-02	1.43708e-30
  9.80e-02	  2.19e-02	2.58600e-06
  9.80e-02	  2.24e-02	6.39147e-06
  9.80e-02	  2.29e-02	1.28328e-05
  9.80e-02	  2.34e-02	2.30501e-05
  9.80e-02	  2.40e-02	3.68549e-05
  9.80e-02	  2.45e-02	5.20840e-05
  9.80e-02	  2.50e-02	6.49256e-05
  9.80e-02	  2.55e-02	7.12346e-05
  9.80e-02	  2.60e-02	6.82557e-05
  9.80e-02	  2.66e-02	5.59056e-05
  9.80e-02	  2.71e-02	3.70114e-05
  9.80e-02	  2.76e-02	1.64889e-05
  9.80e-02	  2.81e-02	-1.43718e-30
  9.80e-02	  2.86e-02	0.00000e+00
  9.80e-02	  2.92e-02	0.00000e+00
  9.80e-02	  2.97e-02	0.00000e+00
  9.80e-02	  3.02e-02	0.00000e+00
  9.80e-02	  3.07e-02	1.47150e-30
  9.80e-02	  3.13e-02	4.27443e-06
  9.80e-02	  3.18e-02	9.62495e-06
  9.80e-02	  3.23e-02	1.41205e-05
  9.80e-02	  3.28e-02	1.61384e-05
  9.80e-02	  3.33e-02	1.49446e-05
  9.80e-02	  3.39e-02	1.07765e-05
  9.80e-02	  3.44e-02	4.67085e-06
  9.80e-02	  3.49e-02	-1.81587e-06
  9.80e-02	  3.54e-02	-6.96334e-06
  9.80e-02	  3.59e-02	-9.34361e-06
  9.80e-02	  3.65e-02	-8.34465e-06
  9.80e-02	  3.70e-02	-4.59708e-06
  9.80e-02	  3.75e-02	-1.47138e-30
  9.80e-02	  3.80e-02	0.00000e+00
  9.80e-02	  3.85e-02	0.00000e+00
  9.80e-02	  3.91e-02	0.00000e+00
  9.80e-02	  3.96e-02	0.00000e+00
  9.80e-02	  4.01e-02	0.00000e+00
  9.80e-02	  4.06e-02	0.00000e+00
  9.80e-02	  4.11e-02	0.00000e+00
  9.80e-02	  4.17e-02	0.00000e+00
  9.80e-02	  4.22e-02	0.00000e+00
  9.80e-02	  4.27e-02	0.00000e+00
  9.80e-02	  4.32e-02	0.00000e+00
  9.80e-02	  4.37e-02	0.00000e+00
  9.80e-02	  4.43e-02	0.00000e+00
  9.80e-02	  4.48e-02	0.00000e+00
  9.80e-02	  4.53e-02	0.00000e+00
  9.80e-02	  4.58e-02	0.00000e+00
  9.80e-02	  4.64e-02	0.00000e+00
  9.80e-02	  4.69e-02	0.00000e+00
  9.80e-02	  4.74e-02	0.00000e+00
  9.80e-02	  4.79e-02	0.00000e+00
  9.80e-02	  4.84e-02	0.00000e+00
  9.80e-02	  4.90e-02	0.00000e+00
  9.80e-02	  4.95e-02	0.00000e+00

  9.88e-02	  0.00e+00	0.00000e+00
  9.88e-02	  5.21e-04	0.00000e+00
  9.88e-02	  1.04e-03	0.00000e+00
  9.88e-02	  1.56e-03	0.00000e+00
  9.88e-02	  2.08e-03	0.00000e+00
  9.88e-02	  2.60e-03	0.00000e+00
  9.88e-02	  3.12e-03	0.00000e+00
  9.88e-02	  3.65e-03	0.00000e+00
  9.88e-02	  4.17e-03	0.00000e+00
  9.88e-02	  4.69e-03	0.00000e+00
  9.88e-02	  5.21e-03	0.00000e+00
  9.88e-02	  5.73e-03	0.00000e+00
  9.88e-02	  6.25e-03	0.00000e+00
  9.88e-02	  6.77e-03	0.00000e+00
  9.88e-02	  7.29e-03	0.00000e+00
  9.88e-02	  7.81e-03	0.00000e+00
  9.88e-02	  8.33e-03	0.00000e+00
  9.88e-02	  8.85e-03	0.00000e+00
  9.88e-02	  9.37e-03	0.00000e+00
  9.88e-02	  9.90e-03	0.00000e+00
  9.88e-02	  1.04e-02	0.00000e+00
  9.88e-02	  1.09e-02	0.00000e+00
  9.88e-02	  1.15e-02	0.00000e+00
  9.88e-02	  1.20e-02	0.00000e+00
  9.88e-02	  1.25e-02	1.54954e-30
  9.88e-02	  1.30e-02	2.60492e-05
  9.88e-02	  1.35e-02	5.48350e-05
  9.88e-02	  1.41e-02	7.76293e-05
  9.88e-02	  1.46e-02	8.90819e-05
  9.88e-02	  1.51e-02	8.78652e-05
  9.88e-02	  1.56e-02	7.60201e-05
  9.88e-02	  1.61e-02	5.77349e-05
  9.88e-02	  1.67e-02	3.79696e-05
  9.88e-02	  1.72e-02	2.10674e-05
  9.88e-02	  1.77e-02	9.49941e-06
  9.88e-02	  1.82e-02	3.16800e-06
  9.88e-02	  1.88e-02	-1.54975e-30
  9.88e-02	  1.93e-02	0.00000e+00
  9.88e-02	  1.98e-02	0.00000e+00
  9.88e-02	  2.03e-02	0.00000e+00
  9.88e-02	  2.08e-02	0.00000e+00
  9.88e-02	  2.14e-02	1.51537e-30
  9.88e-02	  2.19e-02	1.14789e-05
  9.88e-02	  2.24e-02	2.53940e-05
  9.88e-02	  2.29e-02	4.03866e-05
  9.88e-02	  2.34e-02	5.60193e-05
  9.88e-02	  2.40e-02	7.16484e-05
  9.88e-02	  2.45e-02	8.53239e-05
  9.88e-02	  2.50e-02	9.37812e-05
  9.88e-02	  2.55e-02	9.37004e-05
  9.88e-02	  2.60e-02	8.34921e-05
  9.88e-02	  2.66e-02	6.44787e-05
  9.88e-02	  2.71e-02	4.07052e-05
  9.88e-02	  2.76e-02	1.75252e-05
  9.88e-02	  2.81e-02	-1.51551e-30
  9.88e-02	  2.86e-02	0.00000e+00
  9.88e-02	  2.92e-02	0.00000e+00
  9.88e-02	  2.97e-02	0.00000e+00
  9.88e-02	  3.02e-02	0.00000e+00
  9.88e-02	  3.07e-02	1.54661e-30
  9.88e-02	  3.13e-02	1.03948e-05
  9.88e-02	  3.18e-02	2.22899e-05
  9.88e-02	  3.23e-02	3.11158e-05
  9.88e-02	  3.28e-02	3.38638e-05
  9.88e-02	  3.33e-02	2.97539e-05
  9.88e-02	  3.39e-02	1.98850e-05
  9.88e-02	  3.44e-02	6.63039e-06
  9.88e-02	  3.49e-02	-6.87780e-06
  9.88e-02	  3.54e-02	-1.72578e-05
  9.88e-02	  3.59e-02	-2.16434e-05
  9.88e-02	  3.65e-02	-1.87850e-05
  9.88e-02	  3.70e-02	-1.01233e-05
  9.88e-02	  3.75e-02	-1.54645e-30
  9.88e-02	  3.80e-02	0.00000e+00
  9.88e-02	  3.85e-02	0.00000e+00
  9.88e-02	  3.91e-02	0.00000e+00
  9.88e-02	  3.96e-02	0.00000e+00
  9.88e-02	  4.01e-02	0.00000e+00
  9.88e-02	  4.06e-02	0.00000e+00
  9.88e-02	  4.11e-02	0.00000e+00
  9.88e-02	  4.17e-02	0.00000e+00
  9.88e-02	  4.22e-02	0.00000e+00
  9.88e-02	  4.27e-02	0.00000e+00
  9.88e-02	  4.32e-02	0.00000e+00
  9.88e-02	  4.37e-02	0.00000e+00
  9.88e-02	  4.43e-02	0.00000e+00
  9.88e-02	  4.48e-02	0.00000e+00
  9.88e-02	  4.53e-02	0.00000e+00
  9.88e-02	  4.58e-02	0.00000e+00
  9.88e-02	  4.64e-02	0.00000e+00
  9.88e-02	  4.69e-02	0.00000e+00
  9.88e-02	  4.74e-02	0.00000e+00
  9.88e-02	  4.79e-02	0.00000e+00
  9.88e-02	  4.84e-02	0.00000e+00
  9.88e-02	  4.90e-02	0.00000e+00
  9.88e-02	  4.95e-02	0.00000e+00

  9.96e-02	  0.00e+00	0.00000e+00
  9.96e-02	  5.21e-04	0.00000e+00
  9.96e-02	  1.04e-03	0.00000e+00
  9.96e-02	  1.56e-03	0.00000e+00
  9.96e-02	  2.08e-03	0.00000e+00
  9.96e-02	  2.60e-03	0.00000e+00
  9.96e-02	  3.12e-03	0.00000e+00
  9.96e-02	  3.65e-03	0.00000e+00
  9.96e-02	  4.17e-03	0.00000e+00
  9.96e-02	  4.69e-03	0.00000e+00
  9.96e-02	  5.21e-03	0.00000e+00
  9.96e-02	  5.73e-03	0.00000e+00
  9.96e-02	  6.25e-03	0.00000e+00
  9.96e-02	  6.77e-03	0.00000e+00
  9.96e-02	  7.29e-03	0.00000e+00
  9.96e-02	  7.81e-03	0.00000e+00
  9.96e-02	  8.33e-03	0.00000e+00
  9.96e-02	  8.85e-03	0.00000e+00
  9.96e-02	  9.37e-03	0.00000e+00
  9.96e-02	  9.90e-03	0.00000e+00
  9.96e-02	  1.04e-02	0.00000e+00
  9.96e-02	  1.09e-02	0.00000e+00
  9.96e-02	  1.15e-02	0.00000e+00
  9.96e-02	  1.20e-02	0.00000e+00
  9.96e-02	  1.25e-02	1.62254e-30
  9.96e-02	  1.30e-02	4.88759e-05
  9.96e-02	  1.35e-02	1.00903e-04
  9.96e-02	  1.41e-02	1.38820e-04
  9.96e-02	  1.46e-02	1.53514e-04
  9.96e-02	  1.51e-02	1.44207e-04
  9.96e-02	  1.56e-02	1.16187e-04
  9.96e-02	  1.61e-02	7.82212e-05
  9.96e-02	  1.67e-02	4.03192e-05
  9.96e-02	  1.72e-02	1.14437e-05
  9.96e-02	  1.77e-02	-3.19567e-06
  9.96e-02	  1.82e-02	-4.59723e-06
  9.96e-02	  1.88e-02	-1.62286e-30
  9.96e-02	  1.93e-02	0.00000e+00
  9.96e-02	  1.98e-02	0.00000e+00
  9.96e-02	  2.03e-02	0.00000e+00
  9.96e-02	  2.08e-02	0.00000e+00
  9.96e-02	  2.14e-02	1.59364e-30
  9.96e-02	  2.19e-02	2.88738e-05
  9.96e-02	  2.24e-02	6.11444e-05
  9.96e-02	  2.29e-02	8.97007e-05
  9.96e-02	  2.34e-02	1.11951e-04
  9.96e-02	  2.40e-02	1.27647e-04
  9.96e-02	  2.45e-02	1.36049e-04
  9.96e-02	  2.50e-02	1.35020e-04
  9.96e-02	  2.55e-02	1.22489e-04
  9.96e-02	  2.60e-02	9.89125e-05
  9.96e-02	  2.66e-02	6.86002e-05
  9.96e-02	  2.71e-02	3.84907e-05
  9.96e-02	  2.76e-02	1.47857e-05
  9.96e-02	  2.81e-02	-1.59385e-30
  9.96e-02	  2.86e-02	0.00000e+00
  9.96e-02	  2.92e-02	0.00000e+00
  9.96e-02	  2.97e-02	0.00000e+00
  9.96e-02	  3.02e-02	0.00000e+00
  9.96e-02	  3.07e-02	1.62173e-30
  9.96e-02	  3.13e-02	2.39331e-05
  9.96e-02	  3.18e-02	4.90949e-05
  9.96e-02	  3.23e-02	6.53710e-05
  9.96e-02	  3.28e-02	6.79499e-05
  9.96e-02	  3.33e-02	5.70929e-05
  9.96e-02	  3.39e-02	3.60465e-05
  9.96e-02	  3.44e-02	9.40319e-06
  9.96e-02	  3.49e-02	-1.74267e-05
  9.96e-02	  3.54e-02	-3.83326e-05
  9.96e-02	  3.59e-02	-4.74026e-05
  9.96e-02	  3.65e-02	-4.12860e-05
  9.96e-02	  3.70e-02	-2.23178e-05
  9.96e-02	  3.75e-02	-1.62149e-30
  9.96e-02	  3.80e-02	0.00000e+00
  9.96e-02	  3.85e-02	0.00000e+00
  9.96e-02	  3.91e-02	0.00000e+00
  9.96e-02	  3.96e-02	0.00000e+00
  9.96e-02	  4.01e-02	0.00000e+00
  9.96e-02	  4.06e-02	0.00000e+00
  9.96e-02	  4.11e-02	0.00000e+00
  9.96e-02	  4.17e-02	0.00000e+00
  9.96e-02	  4.22e-02	0.00000e+00
  9.96e-02	  4.27e-02	0.00000e+00
  9.96e-02	  4.32e-02	0.00000e+00
  9.96e-02	  4.37e-02	0.00000e+00
  9.96e-02	  4.43e-02	0.00000e+00
  9.96e-02	  4.48e-02	0.00000e+00
  9.96e-02	  4.53e-02	0.00000e+00
  9.96e-02	  4.58e-02	0.00000e+00
  9.96e-02	  4.64e-02	0.00000e+00
  9.96e-02	  4.69e-02	0.00000e+00
  9.96e-02	  4.74e-02	0.00000e+00
  9.96e-02	  4.79e-02	0.00000e+00
  9.96e-02	  4.84e-02	0.00000e+00
  9.96e-02	  4.90e-02	0.00000e+00
  9.96e-02	  4.95e-02	0.00000e+00

  1.00e-01	  0.00e+00	0.00000e+00
  1.00e-01	  5.21e-04	0.00000e+00
  1.00e-01	  1.04e-03	0.00000e+00
  1.00e-01	  1.56e-03	0.00000e+00
  1.00e-01	  2.08e-03	0.00000e+00
  1.00e-01	  2.60e-03	0.00000e+00
  1.00e-01	  3.12e-03	0.00000e+00
  1.00e-01	  3.65e-03	0.00000e+00
  1.00e-01	  4.17e-03	0.00000e+00
  1.00e-01	  4.69e-03	0.00000e+00
  1.00e-01	  5.21e-03	0.00000e+00
  1.00e-01	  5.73e-03	0.00000e+00
  1.00e-01	  6.25e-03	0.00000e+00
  1.00e-01	  6.77e-03	0.00000e+00
  1.00e-01	  7.29e-03	0.00000e+00
  1.00e-01	  7.81e-03	0.00000e+00
  1.00e-01	  8.33e-03	0.00000e+00
  1.00e-01	  8.85e-03	0.00000e+00
  1.00e-01	  9.37e-03	0.00000e+00
  1.00e-01	  9.90e-03	0.00000e+00
  1.00e-01	  1.04e-02	0.00000e+00
  1.00e-01	  1.09e-02	0.00000e+00
  1.00e-01	  1.15e-02	0.00000e+00
  1.00e-01	  1.20e-02	0.00000e+00
  1.00e-01	  1.25e-02	1.69547e-30
  1.00e-01	  1.30e-02	9.51719e-05
  1.00e-01	  1.35e-02	1.91000e-04
  1.00e-01	  1.41e-02	2.53430e-04
  1.00e-01	  1.46e-02	2.68946e-04
  1.00e-01	  1.51e-02	2.40536e-04
  1.00e-01	  1.56e-02	1.80275e-04
  1.00e-01	  1.61e-02	1.04394e-04
  1.00e-01	  1.67e-02	3.11308e-05
  1.00e-01	  1.72e-02	-2.14649e-05
  1.00e-01	  1.77e-02	-4.07355e-05
  1.00e-01	  1.82e-02	-2.73403e-05
  1.00e-01	  1.88e-02	-1.69597e-30
  1.00e-01	  1.93e-02	0.00000e+00
  1.00e-01	  1.98e-02	0.00000e+00
  1.00e-01	  2.03e-02	0.00000e+00
  1.00e-01	  2.08e-02	0.00000e+00
  1.00e-01	  2.14e-02	1.67188e-30
  1.00e-01	  2.19e-02	6.37381e-05
  1.00e-01	  2.24e-02	1.28816e-04
  1.00e-01	  2.29e-02	1.76791e-04
  1.00e-01	  2.34e-02	2.04280e-04
  1.00e-01	  2.40e-02	2.15296e-04
  1.00e-01	  2.45e-02	2.12696e-04
  1.00e-01	  2.50e-02	1.95291e-04
  1.00e-01	  2.55e-02	1.61054e-04
  1.00e-01	  2.60e-02	1.12748e-04
  1.00e-01	  2.66e-02	6.09273e-05
  1.00e-01	  2.71e-02	2.05658e-05
  1.00e-01	  2.76e-02	1.60836e-06
  1.00e-01	  2.81e-02	-1.67219e-30
  1.00e-01	  2.86e-02	0.00000e+00
  1.00e-01	  2.92e-02	0.00000e+00
  1.00e-01	  2.97e-02	0.00000e+00
  1.00e-01	  3.02e-02	0.00000e+00
  1.00e-01	  3.07e-02	1.69684e-30
  1.00e-01	  3.13e-02	5.32009e-05
  1.00e-01	  3.18e-02	1.03518e-04
  1.00e-01	  3.23e-02	1.29948e-04
  1.00e-01	  3.28e-02	1.27656e-04
  1.00e-01	  3.33e-02	1.02256e-04
  1.00e-01	  3.39e-02	6.19176e-05
  1.00e-01	  3.44e-02	1.36084e-05
  1.00e-01	  3.49e-02	-3.59081e-05
  1.00e-01	  3.54e-02	-7.73143e-05
  1.00e-01	  3.59e-02	-9.83406e-05
  1.00e-01	  3.65e-02	-8.86507e-05
  1.00e-01	  3.70e-02	-4.92655e-05
  1.00e-01	  3.75e-02	-1.69649e-30
  1.00e-01	  3.80e-02	0.00000e+00
  1.00e-01	  3.85e-02	0.00000e+00
  1.00e-01	  3.91e-02	0.00000e+00
  1.00e-01	  3.96e-02	0.00000e+00
  1.00e-01	  4.01e-02	0.00000e+00
  1.00e-01	  4.06e-02	0.00000e+00
  1.00e-01	  4.11e-02	0.00000e+00
  1.00e-01	  4.17e-02	0.00000e+00
  1.00e-01	  4.22e-02	0.00000e+00
  1.00e-01	  4.27e-02	0.00000e+00
  1.00e-01	  4.32e-02	0.00000e+00
  1.00e-01	  4.37e-02	0.00000e+00
  1.00e-01	  4.43e-02	0.00000e+00
  1.00e-01	  4.48e-02	0.00000e+00
  1.00e-01	  4.53e-02	0.00000e+00
  1.00e-01	  4.58e-02	0.00000e+00
  1.00e-01	  4.64e-02	0.00000e+00
  1.00e-01	  4.69e-02	0.00000e+00
  1.00e-01	  4.74e-02	0.00000e+00
  1.00e-01	  4.79e-02	0.00000e+00
  1.00e-01	  4.84e-02	0.00000e+00
  1.00e-01	  4.90e-02	0.00000e+00
  1.00e-01	  4.95e-02	0.00000e+00

  1.01e-01	  0.00e+00	0.00000e+00
  1.01e-01	  5.21e-04	0.00000e+00
  1.01e-01	  1.04e-03	0.00000e+00
  1.01e-01	  1.56e-03	0.00000e+00
  1.01e-01	  2.08e-03	0.00000e+00
  1.01e-01	  2.60e-03	0.00000e+00
  1.01e-01	  3.12e-03	0.00000e+00
  1.01e-01	  3.65e-03	0.00000e+00
  1.01e-01	  4.17e-03	0.00000e+00
  1.01e-01	  4.69e-03	0.00000e+00
  1.01e-01	  5.21e-03	0.00000e+00
  1.01e-01	  5.73e-03	0.00000e+00
  1.01e-01	  6.25e-03	0.00000e+00
  1.01e-01	  6.77e-03	0.00000e+00
  1.01e-01	  7.29e-03	0.00000e+00
  1.01e-01	  7.81e-03	0.00000e+00
  1.01e-01	  8.33e-03	0.00000e+00
  1.01e-01	  8.85e-03	0.00000e+00
  1.01e-01	  9.37e-03	0.00000e+00
  1.01e-01	  9.90e-03	0.00000e+00
  1.01e-01	  1.04e-02	0.00000e+00
  1.01e-01	  1.09e-02	0.00000e+00
  1.01e-01	  1.15e-02	0.00000e+00
  1.01e-01	  1.20e-02	0.00000e+00
  1.01e-01	  1.25e-02	1.76828e-30
  1.01e-01	  1.30e-02	1.89342e-04
  1.01e-01	  1.35e-02	3.63719e-04
  1.01e-01	  1.41e-02	4.59378e-04
  1.01e-01	  1.46e-02	4.65377e-04
  1.01e-01	  1.51e-02	3.99367e-04
  1.01e-01	  1.56e-02	2.85319e-04
  1.01e-01	  1.61e-02	1.46339e-04
  1.01e-01	  1.67e-02	8.73282e-06
  1.01e-01	  1.72e-02	-9.39062e-05
  1.01e-01	  1.77e-02	-1.28061e-04
  1.01e-01	  1.82e-02	-8.35838e-05
  1.01e-01	  1.88e-02	-1.76904e-30
  1.01e-01	  1.93e-02	0.00000e+00
  1.01e-01	  1.98e-02	0.00000e+00
  1.01e-01	  2.03e-02	0.00000e+00
  1.01e-01	  2.08e-02	0.00000e+00
  1.01e-01	  2.14e-02	1.75004e-30
  1.01e-01	  2.19e-02	1.34330e-04
  1.01e-01	  2.24e-02	2.53475e-04
  1.01e-01	  2.29e-02	3.19831e-04
  1.01e-01	  2.34e-02	3.40843e-04
  1.01e-01	  2.40e-02	3.38321e-04
  1.01e-01	  2.45e-02	3.23192e-04
  1.01e-01	  2.50e-02	2.89858e-04
  1.01e-01	  2.55e-02	2.27133e-04
  1.01e-01	  2.60e-02	1.35282e-04
  1.01e-01	  2.66e-02	3.68016e-05
  1.01e-01	  2.71e-02	-2.98094e-05
  1.01e-01	  2.76e-02	-3.67458e-05
  1.01e-01	  2.81e-02	-1.75049e-30
  1.01e-01	  2.86e-02	0.00000e+00
  1.01e-01	  2.92e-02	0.00000e+00
  1.01e-01	  2.97e-02	0.00000e+00
  1.01e-01	  3.02e-02	0.00000e+00
  1.01e-01	  3.07e-02	1.77189e-30
  1.01e-01	  3.13e-02	1.14977e-04
  1.01e-01	  3.18e-02	2.06982e-04
  1.01e-01	  3.23e-02	2.37068e-04
  1.01e-01	  3.28e-02	2.12937e-04
  1.01e-01	  3.33e-02	1.59786e-04
  1.01e-01	  3.39e-02	9.55517e-05
  1.01e-01	  3.44e-02	2.44326e-05
  1.01e-01	  3.49e-02	-5.43961e-05
  1.01e-01	  3.54e-02	-1.32878e-04
  1.01e-01	  3.59e-02	-1.86474e-04
  1.01e-01	  3.65e-02	-1.82645e-04
  1.01e-01	  3.70e-02	-1.08052e-04
  1.01e-01	  3.75e-02	-1.77139e-30
  1.01e-01	  3.80e-02	0.00000e+00
  1.01e-01	  3.85e-02	0.00000e+00
  1.01e-01	  3.91e-02	0.00000e+00
  1.01e-01	  3.96e-02	0.00000e+00
  1.01e-01	  4.01e-02	0.00000e+00
  1.01e-01	  4.06e-02	0.00000e+00
  1.01e-01	  4.11e-02	0.00000e+00
  1.01e-01	  4.17e-02	0.00000e+00
  1.01e-01	  4.22e-02	0.00000e+00
  1.01e-01	  4.27e-02	0.00000e+00
  1.01e-01	  4.32e-02	0.00000e+00
  1.01e-01	  4.37e-02	0.00000e+00
  1.01e-01	  4.43e-02	0.00000e+00
  1.01e-01	  4.48e-02	0.00000e+00
  1.01e-01	  4.53e-02	0.00000e+00
  1.01e-01	  4.58e-02	0.00000e+00
  1.01e-01	  4.64e-02	0.00000e+00
  1.01e-01	  4.69e-02	0.00000e+00
  1.01e-01	  4.74e-02	0.00000e+00
  1.01e-01	  4.79e-02	0.00000e+00
  1.01e-01	  4.84e-02	0.00000e+00
  1.01e-01	  4.90e-02	0.00000e+00
  1.01e-01	  4.95e-02	0.00000e+00

  1.02e-01	  0.00e+00	0.00000e+00
  1.02e-01	  5.21e-04	0.00000e+00
  1.02e-01	  1.04e-03	0.00000e+00
  1.02e-01	  1.56e-03	0.00000e+00
  1.02e-01	  2.08e-03	0.00000e+00
  1.02e-01	  2.60e-03	0.00000e+00
  1.02e-01	  3.12e-03	0.00000e+00
  1.02e-01	  3.65e-03	0.00000e+00
  1.02e-01	  4.17e-03	0.00000e+00
  1.02e-01	  4.69e-03	0.00000e+00
  1.02e-01	  5.21e-03	0.00000e+00
  1.02e-01	  5.73e-03	0.00000e+00
  1.02e-01	  6.25e-03	0.00000e+00
  1.02e-01	  6.77e-03	0.00000e+00
  1.02e-01	  7.29e-03	0.00000e+00
  1.02e-01	  7.81e-03	0.00000e+00
  1.02e-01	  8.33e-03	0.00000e+00
  1.02e-01	  8.85e-03	0.00000e+00
  1.02e-01	  9.37e-03	0.00000e+00
  1.02e-01	  9.90e-03	0.00000e+00
  1.02e-01	  1.04e-02	0.00000e+00
  1.02e-01	  1.09e-02	0.00000e+00
  1.02e-01	  1.15e-02	0.00000e+00
  1.02e-01	  1.20e-02	0.00000e+00
  1.02e-01	  1.25e-02	1.84078e-30
  1.02e-01	  1.30e-02	3.76853e-04
  1.02e-01	  1.35e-02	6.71195e-04
  1.02e-01	  1.41e-02	7.84264e-04
  1.02e-01	  1.46e-02	7.49310e-04
  1.02e-01	  1.51e-02	6.29739e-04
  1.02e-01	  1.56e-02	4.61701e-04
  1.02e-01	  1.61e-02	2.53736e-04
  1.02e-01	  1.67e-02	1.89165e-05
  1.02e-01	  1.72e-02	-1.92228e-04
  1.02e-01	  1.77e-02	-2.90727e-04
  1.02e-01	  1.82e-02	-2.07348e-04
  1.02e-01	  1.88e-02	-1.84192e-30
  1.02e-01	  1.93e-02	0.00000e+00
  1.02e-01	  1.98e-02	0.00000e+00
  1.02e-01	  2.03e-02	0.00000e+00
  1.02e-01	  2.08e-02	0.00000e+00
  1.02e-01	  2.14e-02	1.82796e-30
  1.02e-01	  2.19e-02	2.76769e-04
  1.02e-01	  2.24e-02	4.63454e-04
  1.02e-01	  2.29e-02	5.06994e-04
  1.02e-01	  2.34e-02	4.78020e-04
  1.02e-01	  2.40e-02	4.55422e-04
  1.02e-01	  2.45e-02	4.61629e-04
  1.02e-01	  2.50e-02	4.60733e-04
  1.02e-01	  2.55e-02	3.95874e-04
  1.02e-01	  2.60e-02	2.39327e-04
  1.02e-01	  2.66e-02	3.02620e-05
  1.02e-01	  2.71e-02	-1.27209e-04
  1.02e-01	  2.76e-02	-1.30711e-04
  1.02e-01	  2.81e-02	-1.82862e-30
  1.02e-01	  2.86e-02	0.00000e+00
  1.02e-01	  2.92e-02	0.00000e+00
  1.02e-01	  2.97e-02	0.00000e+00
  1.02e-01	  3.02e-02	0.00000e+00
  1.02e-01	  3.07e-02	1.84676e-30
  1.02e-01	  3.13e-02	2.40696e-04
  1.02e-01	  3.18e-02	3.77574e-04
  1.02e-01	  3.23e-02	3.60180e-04
  1.02e-01	  3.28e-02	2.62992e-04
  1.02e-01	  3.33e-02	1.70560e-04
  1.02e-01	  3.39e-02	1.13614e-04
  1.02e-01	  3.44e-02	6.71967e-05
  1.02e-01	  3.49e-02	-1.35589e-05
  1.02e-01	  3.54e-02	-1.46620e-04
  1.02e-01	  3.59e-02	-2.89583e-04
  1.02e-01	  3.65e-02	-3.45701e-04
  1.02e-01	  3.70e-02	-2.32534e-04
  1.02e-01	  3.75e-02	-1.84604e-30
  1.02e-01	  3.80e-02	0.00000e+00
  1.02e-01	  3.85e-02	0.00000e+00
  1.02e-01	  3.91e-02	0.00000e+00
  1.02e-01	  3.96e-02	0.00000e+00
  1.02e-01	  4.01e-02	0.00000e+00
  1.02e-01	  4.06e-02	0.00000e+00
  1.02e-01	  4.11e-02	0.00000e+00
  1.02e-01	  4.17e-02	0.00000e+00
  1.02e-01	  4.22e-02	0.00000e+00
  1.02e-01	  4.27e-02	0.00000e+00
  1.02e-01	  4.32e-02	0.00000e+00
  1.02e-01	  4.37e-02	0.00000e+00
  1.02e-01	  4.43e-02	0.00000e+00
  1.02e-01	  4.48e-02	0.00000e+00
  1.02e-01	  4.53e-02	0.00000e+00
  1.02e-01	  4.58e-02	0.00000e+00
  1.02e-01	  4.64e-02	0.00000e+00
  1.02e-01	  4.69e-02	0.00000e+00
  1.02e-01	  4.74e-02	0.00000e+00
  1.02e-01	  4.79e-02	0.00000e+00
  1.02e-01	  4.84e-02	0.00000e+00
  1.02e-01	  4.90e-02	0.00000e+00
  1.02e-01	  4.95e-02	0.00000e+00

  1.03e-01	  0.00e+00	0.00000e+00
  1.03e-01	  5.21e-04	0.00000e+00
  1.03e-01	  1.04e-03	0.00000e+00
  1.03e-01	  1.56e-03	0.00000e+00
  1.03e-01	  2.08e-03	0.00000e+00
  1.03e-01	  2.60e-03	0.00000e+00
  1.03e-01	  3.12e-03	0.00000e+00
  1.03e-01	  3.65e-03	0.00000e+00
  1.03e-01	  4.17e-03	0.00000e+00
  1.03e-01	  4.69e-03	0.00000e+00
  1.03e-01	  5.21e-03	0.00000e+00
  1.03e-01	  5.73e-03	0.00000e+00
  1.03e-01	  6.25e-03	0.00000e+00
  1.03e-01	  6.77e-03	0.00000e+00
  1.03e-01	  7.29e-03	0.00000e+00
  1.03e-01	  7.81e-03	0.00000e+00
  1.03e-01	  8.33e-03	0.00000e+00
  1.03e-01	  8.85e-03	0.00000e+00
  1.03e-01	  9.37e-03	0.00000e+00
  1.03e-01	  9.90e-03	0.00000e+00
  1.03e-01	  1.04e-02	0.00000e+00
  1.03e-01	  1.09e-02	0.00000e+00
  1.03e-01	  1.15e-02	0.00000e+00
  1.03e-01	  1.20e-02	0.00000e+00
  1.03e-01	  1.25e-02	1.91247e-30
  1.03e-01	  1.30e-02	7.25755e-04
  1.03e-01	  1.35e-02	1.10854e-03
  1.03e-01	  1.41e-02	1.10700e-03
  1.03e-01	  1.46e-02	9.59640e-04
  1.03e-01	  1.51e-02	8.41084e-04
  1.03e-01	  1.56e-02	7.61431e-04
  1.03e-01	  1.61e-02	6.19823e-04
  1.03e-01	  1.67e-02	3.19579e-04
  1.03e-01	  1.72e-02	-1.13140e-04
  1.03e-01	  1.77e-02	-4.67273e-04
  1.03e-01	  1.82e-02	-4.41688e-04
  1.03e-01	  1.88e-02	-1.91418e-30
  1.03e-01	  1.93e-02	0.00000e+00
  1.03e-01	  1.98e-02	0.00000e+00
  1.03e-01	  2.03e-02	0.00000e+00
  1.03e-01	  2.08e-02	0.00000e+00
  1.03e-01	  2.14e-02	1.90522e-30
  1.03e-01	  2.19e-02	5.51470e-04
  1.03e-01	  2.24e-02	7.18379e-04
  1.03e-01	  2.29e-02	5.43371e-04
  1.03e-01	  2.34e-02	3.46722e-04
  1.03e-01	  2.40e-02	3.49901e-04
  1.03e-01	  2.45e-02	5.62626e-04
  1.03e-01	  2.50e-02	8.29504e-04
  1.03e-01	  2.55e-02	9.38405e-04
  1.03e-01	  2.60e-02	7.43578e-04
  1.03e-01	  2.66e-02	2.76336e-04
  1.03e-01	  2.71e-02	-2.05324e-04
  1.03e-01	  2.76e-02	-3.30107e-04
  1.03e-01	  2.81e-02	-1.90618e-30
  1.03e-01	  2.86e-02	0.00000e+00
  1.03e-01	  2.92e-02	0.00000e+00
  1.03e-01	  2.97e-02	0.00000e+00
  1.03e-01	  3.02e-02	0.00000e+00
  1.03e-01	  3.07e-02	1.92099e-30
  1.03e-01	  3.13e-02	4.74854e-04
  1.03e-01	  3.18e-02	5.44447e-04
  1.03e-01	  3.23e-02	2.66397e-04
  1.03e-01	  3.28e-02	-2.95745e-05
  1.03e-01	  3.33e-02	-1.16509e-04
  1.03e-01	  3.39e-02	2.11470e-05
  1.03e-01	  3.44e-02	2.37401e-04
  1.03e-01	  3.49e-02	3.33385e-04
  1.03e-01	  3.54e-02	1.77219e-04
  1.03e-01	  3.59e-02	-1.92025e-04
  1.03e-01	  3.65e-02	-5.23807e-04
  1.03e-01	  3.70e-02	-4.76627e-04
  1.03e-01	  3.75e-02	-1.91997e-30
  1.03e-01	  3.80e-02	0.00000e+00
  1.03e-01	  3.85e-02	0.00000e+00
  1.03e-01	  3.91e-02	0.00000e+00
  1.03e-01	  3.96e-02	0.00000e+00
  1.03e-01	  4.01e-02	0.00000e+00
  1.03e-01	  4.06e-02	0.00000e+00
  1.03e-01	  4.11e-02	0.00000e+00
  1.03e-01	  4.17e-02	0.00000e+00
  1.03e-01	  4.22e-02	0.00000e+00
  1.03e-01	  4.27e-02	0.00000e+00
  1.03e-01	  4.32e-02	0.00000e+00
  1.03e-01	  4.37e-02	0.00000e+00
  1.03e-01	  4.43e-02	0.00000e+00
  1.03e-01	  4.48e-02	0.00000e+00
  1.03e-01	  4.53e-02	0.00000e+00
  1.03e-01	  4.58e-02	0.00000e+00
  1.03e-01	  4.64e-02	0.00000e+00
  1.03e-01	  4.69e-02	0.00000e+00
  1.03e-01	  4.74e-02	0.00000e+00
  1.03e-01	  4.79e-02	0.00000e+00
  1.03e-01	  4.84e-02	0.00000e+00
  1.03e-01	  4.90e-02	0.00000e+00
  1.03e-01	  4.95e-02	0.00000e+00

  1.04e-01	  0.00e+00	0.00000e+00
  1.04e-01	  5.21e-04	0.00000e+00
  1.04e-01	  1.04e-03	0.00000e+00
  1.04e-01	  1.56e-03	0.00000e+00
  1.04e-01	  2.08e-03	0.00000e+00
  1.04e-01	  2.60e-03	0.00000e+00
  1.04e-01	  3.12e-03	0.00000e+00
  1.04e-01	  3.65e-03	0.00000e+00
  1.04e-01	  4.17e-03	0.00000e+00
  1.04e-01	  4.69e-03	0.00000e+00
  1.04e-01	  5.21e-03	0.00000e+00
  1.04e-01	  5.73e-03	0.00000e+00
  1.04e-01	  6.25e-03	0.00000e+00
  1.04e-01	  6.77e-03	0.00000e+00
  1.04e-01	  7.29e-03	0.00000e+00
  1.04e-01	  7.81e-03	0.00000e+00
  1.04e-01	  8.33e-03	0.00000e+00
  1.04e-01	  8.85e-03	0.00000e+00
  1.04e-01	  9.37e-03	0.00000e+00
  1.04e-01	  9.90e-03	0.00000e+00
  1.04e-01	  1.04e-02	0.00000e+00
  1.04e-01	  1.09e-02	0.00000e+00
  1.04e-01	  1.15e-02	0.00000e+00
  1.04e-01	  1.20e-02	0.00000e+00
  1.04e-01	  1.25e-02	1.98179e-30
  1.04e-01	  1.30e-02	1.23022e-03
  1.04e-01	  1.35e-02	1.20416e-03
  1.04e-01	  1.41e-02	5.92133e-04
  1.04e-01	  1.46e-02	2.77478e-04
  1.04e-01	  1.51e-02	5.71763e-04
  1.04e-01	  1.56e-02	1.26319e-03
  1.04e-01	  1.61e-02	1.86916e-03
  1.04e-01	  1.67e-02	1.90302e-03
  1.04e-01	  1.72e-02	1.15040e-03
  1.04e-01	  1.77e-02	-4.92225e-05
  1.04e-01	  1.82e-02	-7.14137e-04
  1.04e-01	  1.88e-02	-1.98430e-30
  1.04e-01	  1.93e-02	0.00000e+00
  1.04e-01	  1.98e-02	0.00000e+00
  1.04e-01	  2.03e-02	0.00000e+00
  1.04e-01	  2.08e-02	0.00000e+00
  1.04e-01	  2.14e-02	1.98031e-30
  1.04e-01	  2.19e-02	9.62469e-04
  1.04e-01	  2.24e-02	4.89779e-04
  1.04e-01	  2.29e-02	-5.54206e-04
  1.04e-01	  2.34e-02	-1.10205e-03
  1.04e-01	  2.40e-02	-7.33864e-04
  1.04e-01	  2.45e-02	3.79106e-04
  1.04e-01	  2.50e-02	1.72741e-03
  1.04e-01	  2.55e-02	2.69772e-03
  1.04e-01	  2.60e-02	2.78659e-03
  1.04e-01	  2.66e-02	1.84130e-03
  1.04e-01	  2.71e-02	3.25456e-04
  1.04e-01	  2.76e-02	-6.12239e-04
  1.04e-01	  2.81e-02	-1.98169e-30
  1.04e-01	  2.86e-02	0.00000e+00
  1.04e-01	  2.92e-02	0.00000e+00
  1.04e-01	  2.97e-02	0.00000e+00
  1.04e-01	  3.02e-02	0.00000e+00
  1.04e-01	  3.07e-02	1.99309e-30
  1.04e-01	  3.13e-02	7.68687e-04
  1.04e-01	  3.18e-02	9.40962e-05
  1.04e-01	  3.23e-02	-1.11640e-03
  1.04e-01	  3.28e-02	-1.78896e-03
  1.04e-01	  3.33e-02	-1.51347e-03
  1.04e-01	  3.39e-02	-4.70416e-04
  1.04e-01	  3.44e-02	8.31579e-04
  1.04e-01	  3.49e-02	1.79332e-03
  1.04e-01	  3.54e-02	1.93585e-03
  1.04e-01	  3.59e-02	1.13075e-03
  1.04e-01	  3.65e-02	-1.55981e-04
  1.04e-01	  3.70e-02	-8.23822e-04
  1.04e-01	  3.75e-02	-1.99164e-30
  1.04e-01	  3.80e-02	0.00000e+00
  1.04e-01	  3.85e-02	0.00000e+00
  1.04e-01	  3.91e-02	0.00000e+00
  1.04e-01	  3.96e-02	0.00000e+00
  1.04e-01	  4.01e-02	0.00000e+00
  1.04e-01	  4.06e-02	0.00000e+00
  1.04e-01	  4.11e-02	0.00000e+00
  1.04e-01	  4.17e-02	0.00000e+00
  1.04e-01	  4.22e-02	0.00000e+00
  1.04e-01	  4.27e-02	0.00000e+00
  1.04e-01	  4.32e-02	0.00000e+00
  1.04e-01	  4.37e-02	0.00000e+00
  1.04e-01	  4.43e-02	0.00000e+00
  1.04e-01	  4.48e-02	0.00000e+00
  1.04e-01	  4.53e-02	0.00000e+00
  1.04e-01	  4.58e-02	0.00000e+00
  1.04e-01	  4.64e-02	0.00000e+00
  1.04e-01	  4.69e-02	0.00000e+00
  1.04e-01	  4.74e-02	0.00000e+00
  1.04e-01	  4.79e-02	0.00000e+00
  1.04e-01	  4.84e-02	0.00000e+00
  1.04e-01	  4.90e-02	0.00000e+00
  1.04e-01	  4.95e-02	0.00000e+00

  1.04e-01	  0.00e+00	0.00000e+00
  1.04e-01	  5.21e-04	0.00000e+00
  1.04e-01	  1.04e-03	0.00000e+00
  1.04e-01	  1.56e-03	0.00000e+00
  1.04e-01	  2.08e-03	0.00000e+00
  1.04e-01	  2.60e-03	0.00000e+00
  1.04e-01	  3.12e-03	0.00000e+00
  1.04e-01	  3.65e-03	0.00000e+00
  1.04e-01	  4.17e-03	0.00000e+00
  1.04e-01	  4.69e-03	0.00000e+00
  1.04e-01	  5.21e-03	0.00000e+00
  1.04e-01	  5.73e-03	0.00000e+00
  1.04e-01	  6.25e-03	0.00000e+00
  1.04e-01	  6.77e-03	0.00000e+00
  1.04e-01	  7.29e-03	0.00000e+00
  1.04e-01	  7.81e-03	0.00000e+00
  1.04e-01	  8.33e-03	0.00000e+00
  1.04e-01	  8.85e-03	0.00000e+00
  1.04e-01	  9.37e-03	0.00000e+00
  1.04e-01	  9.90e-03	0.00000e+00
  1.04e-01	  1.04e-02	0.00000e+00
  1.04e-01	  1.09e-02	0.00000e+00
  1.04e-01	  1.15e-02	0.00000e+00
  1.04e-01	  1.20e-02	0.00000e+00
  1.04e-01	  1.25e-02	2.04332e-30
  1.04e-01	  1.30e-02	8.58446e-04
  1.04e-01	  1.35e-02	-1.94838e-03
  1.04e-01	  1.41e-02	-4.19449e-03
  1.04e-01	  1.46e-02	-4.03802e-03
  1.04e-01	  1.51e-02	-1.61668e-03
  1.04e-01	  1.56e-02	2.04888e-03
  1.04e-01	  1.61e-02	5.63421e-03
  1.04e-01	  1.67e-02	7.78440e-03
  1.04e-01	  1.72e-02	7.39836e-03
  1.04e-01	  1.77e-02	4.25669e-03
  1.04e-01	  1.82e-02	2.50242e-04
  1.04e-01	  1.88e-02	-2.04690e-30
  1.04e-01	  1.93e-02	0.00000e+00
  1.04e-01	  1.98e-02	0.00000e+00
  1.04e-01	  2.03e-02	0.00000e+00
  1.04e-01	  2.08e-02	0.00000e+00
  1.04e-01	  2.14e-02	2.04761e-30
  1.04e-01	  2.19e-02	4.72928e-04
  1.04e-01	  2.24e-02	-3.36226e-03
  1.04e-01	  2.29e-02	-6.61796e-03
  1.04e-01	  2.34e-02	-7.10812e-03
  1.04e-01	  2.40e-02	-4.83657e-03
  1.04e-01	  2.45e-02	-7.45298e-04
  1.04e-01	  2.50e-02	3.91941e-03
  1.04e-01	  2.55e-02	7.84466e-03
  1.04e-01	  2.60e-02	9.77402e-03
  1.04e-01	  2.66e-02	8.75371e-03
  1.04e-01	  2.71e-02	4.79176e-03
  1.04e-01	  2.76e-02	1.65325e-04
  1.04e-01	  2.81e-02	-2.04947e-30
  1.04e-01	  2.86e-02	0.00000e+00
  1.04e-01	  2.92e-02	0.00000e+00
  1.04e-01	  2.97e-02	0.00000e+00
  1.04e-01	  3.02e-02	0.00000e+00
  1.04e-01	  3.07e-02	2.05748e-30
  1.04e-01	  3.13e-02	-8.42132e-05
  1.04e-01	  3.18e-02	-4.31556e-03
  1.04e-01	  3.23e-02	-7.77850e-03
  1.04e-01	  3.28e-02	-8.35237e-03
  1.04e-01	  3.33e-02	-6.11051e-03
  1.04e-01	  3.39e-02	-2.04213e-03
  1.04e-01	  3.44e-02	2.58912e-03
  1.04e-01	  3.49e-02	6.48535e-03
  1.04e-01	  3.54e-02	8.43824e-03
  1.04e-01	  3.59e-02	7.56840e-03
  1.04e-01	  3.65e-02	3.94955e-03
  1.04e-01	  3.70e-02	-1.84577e-04
  1.04e-01	  3.75e-02	-2.05540e-30
  1.04e-01	  3.80e-02	0.00000e+00
  1.04e-01	  3.85e-02	0.00000e+00
  1.04e-01	  3.91e-02	0.00000e+00
  1.04e-01	  3.96e-02	0.00000e+00
  1.04e-01	  4.01e-02	0.00000e+00
  1.04e-01	  4.06e-02	0.00000e+00
  1.04e-01	  4.11e-02	0.00000e+00
  1.04e-01	  4.17e-02	0.00000e+00
  1.04e-01	  4.22e-02	0.00000e+00
  1.04e-01	  4.27e-02	0.00000e+00
  1.04e-01	  4.32e-02	0.00000e+00
  1.04e-01	  4.37e-02	0.00000e+00
  1.04e-01	  4.43e-02	0.00000e+00
  1.04e-01	  4.48e-02	0.00000e+00
  1.04e-01	  4.53e-02	0.00000e+00
  1.04e-01	  4.58e-02	0.00000e+00
  1.04e-01	  4.64e-02	0.00000e+00
  1.04e-01	  4.69e-02	0.00000e+00
  1.04e-01	  4.74e-02	0.00000e+00
  1.04e-01	  4.79e-02	0.00000e+00
  1.04e-01	  4.84e-02	0.00000e+00
  1.04e-01	  4.90e-02	0.00000e+00
  1.04e-01	  4.95e-02	0.00000e+00

  1.05e-01	  0.00e+00	0.00000e+00
  1.05e-01	  5.21e-04	0.00000e+00
  1.05e-01	  1.04e-03	0.00000e+00
  1.05e-01	  1.56e-03	0.00000e+00
  1.05e-01	  2.08e-03	0.00000e+00
  1.05e-01	  2.60e-03	0.00000e+00
  1.05e-01	  3.12e-03	0.00000e+00
  1.05e-01	  3.65e-03	0.00000e+00
  1.05e-01	  4.17e-03	0.00000e+00
  1.05e-01	  4.69e-03	0.00000e+00
  1.05e-01	  5.21e-03	0.00000e+00
  1.05e-01	  5.73e-03	0.00000e+00
  1.05e-01	  6.25e-03	0.00000e+00
  1.05e-01	  6.77e-03	0.00000e+00
  1.05e-01	  7.29e-03	0.00000e+00
  1.05e-01	  7.81e-03	0.00000e+00
  1.05e-01	  8.33e-03	0.00000e+00
  1.05e-01	  8.85e-03	0.00000e+00
  1.05e-01	  9.37e-03	0.00000e+00
  1.05e-01	  9.90e-03	0.00000e+00
  1.05e-01	  1.04e-02	0.00000e+00
  1.05e-01	  1.09e-02	0.00000e+00
  1.05e-01	  1.15e-02	0.00000e+00
  1.05e-01	  1.20e-02	0.00000e+00
  1.05e-01	  1.25e-02	2.07585e-30
  1.05e-01	  1.30e-02	-1.10106e-02
  1.05e-01	  1.35e-02	-2.19712e-02
  1.05e-01	  1.41e-02	-2.37756e-02
  1.05e-01	  1.46e-02	-1.83777e-02
  1.05e-01	  1.51e-02	-8.64883e-03
  1.05e-01	  1.56e-02	3.08140e-03
  1.05e-01	  1.61e-02	1.48406e-02
  1.05e-01	  1.67e-02	2.45993e-02
  1.05e-01	  1.72e-02	2.98323e-02
  1.05e-01	  1.77e-02	2.72711e-02
  1.05e-01	  1.82e-02	1.43541e-02
  1.05e-01	  1.88e-02	-2.08038e-30
  1.05e-01	  1.93e-02	0.00000e+00
  1.05e-01	  1.98e-02	0.00000e+00
  1.05e-01	  2.03e-02	0.00000e+00
  1.05e-01	  2.08e-02	0.00000e+00
  1.05e-01	  2.14e-02	2.08362e-30
  1.05e-01	  2.19e-02	-1.25983e-02
  1.05e-01	  2.24e-02	-2.60345e-02
  1.05e-01	  2.29e-02	-2.95049e-02
  1.05e-01	  2.34e-02	-2.50685e-02
  1.05e-01	  2.40e-02	-1.57735e-02
  1.05e-01	  2.45e-02	-3.94990e-03
  1.05e-01	  2.50e-02	8.62185e-03
  1.05e-01	  2.55e-02	2.03319e-02
  1.05e-01	  2.60e-02	2.93698e-02
  1.05e-01	  2.66e-02	3.33361e-02
  1.05e-01	  2.71e-02	2.90574e-02
  1.05e-01	  2.76e-02	1.43146e-02
  1.05e-01	  2.81e-02	-2.08568e-30
  1.05e-01	  2.86e-02	0.00000e+00
  1.05e-01	  2.92e-02	0.00000e+00
  1.05e-01	  2.97e-02	0.00000e+00
  1.05e-01	  3.02e-02	0.00000e+00
  1.05e-01	  3.07e-02	2.09120e-30
  1.05e-01	  3.13e-02	-1.42576e-02
  1.05e-01	  3.18e-02	-2.81681e-02
  1.05e-01	  3.23e-02	-3.16463e-02
  1.05e-01	  3.28e-02	-2.70628e-02
  1.05e-01	  3.33e-02	-1.76210e-02
  1.05e-01	  3.39e-02	-5.73261e-03
  1.05e-01	  3.44e-02	6.78436e-03
  1.05e-01	  3.49e-02	1.83232e-02
  1.05e-01	  3.54e-02	2.71302e-02
  1.05e-01	  3.59e-02	3.09512e-02
  1.05e-01	  3.65e-02	2.68918e-02
  1.05e-01	  3.70e-02	1.30820e-02
  1.05e-01	  3.75e-02	-2.08808e-30
  1.05e-01	  3.80e-02	0.00000e+00
  1.05e-01	  3.85e-02	0.00000e+00
  1.05e-01	  3.91e-02	0.00000e+00
  1.05e-01	  3.96e-02	0.00000e+00
  1.05e-01	  4.01e-02	0.00000e+00
  1.05e-01	  4.06e-02	0.00000e+00
  1.05e-01	  4.11e-02	0.00000e+00
  1.05e-01	  4.17e-02	0.00000e+00
  1.05e-01	  4.22e-02	0.00000e+00
  1.05e-01	  4.27e-02	0.00000e+00
  1.05e-01	  4.32e-02	0.00000e+00
  1.05e-01	  4.37e-02	0.00000e+00
  1.05e-01	  4.43e-02	0.00000e+00
  1.05e-01	  4.48e-02	0.00000e+00
  1.05e-01	  4.53e-02	0.00000e+00
  1.05e-01	  4.58e-02	0.00000e+00
  1.05e-01	  4.64e-02	0.00000e+00
  1.05e-01	  4.69e-02	0.00000e+00
  1.05e-01	  4.74e-02	0.00000e+00
  1.05e-01	  4.79e-02	0.00000e+00
  1.05e-01	  4.84e-02	0.00000e+00
  1.05e-01	  4.90e-02	0.00000e+00
  1.05e-01	  4.95e-02	0.00000e+00

  1.06e-01	  0.00e+00	0.00000e+00
  1.06e-01	  5.21e-04	0.00000e+00
  1.06e-01	  1.04e-03	0.00000e+00
  1.06e-01	  1.56e-03	0.00000e+00
  1.06e-01	  2.08e-03	0.00000e+00
  1.06e-01	  2.60e-03	0.00000e+00
  1.06e-01	  3.12e-03	0.00000e+00
  1.06e-01	  3.65e-03	0.00000e+00
  1.06e-01	  4.17e-03	0.00000e+00
  1.06e-01	  4.69e-03	0.00000e+00
  1.06e-01	  5.21e-03	0.00000e+00
  1.06e-01	  5.73e-03	0.00000e+00
  1.06e-01	  6.25e-03	0.00000e+00
  1.06e-01	  6.77e-03	0.00000e+00
  1.06e-01	  7.29e-03	0.00000e+00
  1.06e-01	  7.81e-03	0.00000e+00
  1.06e-01	  8.33e-03	0.00000e+00
  1.06e-01	  8.85e-03	0.00000e+00
  1.06e-01	  9.37e-03	2.45366e-30
  1.06e-01	  9.90e-03	1.05384e-02
  1.06e-01	  1.04e-02	8.41175e-03
  1.06e-01	  1.09e-02	-1.60671e-04
  1.06e-01	  1.15e-02	-2.01351e-02
  1.06e-01	  1.20e-02	-6.43343e-02
  1.06e-01	  1.25e-02	-1.63951e-01
  1.06e-01	  1.30e-02	-1.35506e-01
  1.06e-01	  1.35e-02	-1.03593e-01
  1.06e-01	  1.41e-02	-7.49509e-02
  1.06e-01	  1.46e-02	-4.82730e-02
  1.06e-01	  1.51e-02	-2.21994e-02
  1.06e-01	  1.56e-02	3.89909e-03
  1.06e-01	  1.61e-02	3.02646e-02
  1.06e-01	  1.67e-02	5.71724e-02
  1.06e-01	  1.72e-02	8.53692e-02
  1.06e-01	  1.77e-02	1.16455e-01
  1.06e-01	  1.82e-02	1.52044e-01
  1.06e-01	  1.88e-02	1.85095e-01
  1.06e-01	  1.93e-02	8.37091e-02
  1.06e-01	  1.98e-02	3.20486e-02
  1.06e-01	  2.03e-02	-8.74947e-03
  1.06e-01	  2.08e-02	-6.74889e-02
  1.06e-01	  2.14e-02	-1.88108e-01
  1.06e-01	  2.19e-02	-1.55409e-01
  1.06e-01	  2.24e-02	-1.19649e-01
  1.06e-01	  2.29e-02	-8.88803e-02
  1.06e-01	  2.34e-02	-6.13654e-02
  1.06e-01	  2.40e-02	-3.52450e-02
  1.06e-01	  2.45e-02	-9.57124e-03
  1.06e-01	  2.50e-02	1.60344e-02
  1.06e-01	  2.55e-02	4.17808e-02
  1.06e-01	  2.60e-02	6.80680e-02
  1.06e-01	  2.66e-02	9.58990e-02
  1.06e-01	  2.71e-02	1.27249e-01
  1.06e-01	  2.76e-02	1.64042e-01
  1.06e-01	  2.81e-02	1.98282e-01
  1.06e-01	  2.86e-02	7.72048e-02
  1.06e-01	  2.92e-02	1.80814e-02
  1.06e-01	  2.97e-02	-2.41926e-02
  1.06e-01	  3.02e-02	-8.03253e-02
  1.06e-01	  3.07e-02	-1.93363e-01
  1.06e-01	  3.13e-02	-1.59372e-01
  1.06e-01	  3.18e-02	-1.22917e-01
  1.06e-01	  3.23e-02	-9.16119e-02
  1.06e-01	  3.28e-02	-6.36582e-02
  1.06e-01	  3.33e-02	-3.72378e-02
  1.06e-01	  3.39e-02	-1.14655e-02
  1.06e-01	  3.44e-02	1.39720e-02
  1.06e-01	  3.49e-02	3.92088e-02
  1.06e-01	  3.54e-02	6.45434e-02
  1.06e-01	  3.59e-02	9.08215e-02
  1.06e-01	  3.65e-02	1.19782e-01
  1.06e-01	  3.70e-02	1.53151e-01
  1.06e-01	  3.75e-02	1.83707e-01
  1.06e-01	  3.80e-02	7.07721e-02
  1.06e-01	  3.85e-02	2.07662e-02
  1.06e-01	  3.91e-02	-2.14083e-03
  1.06e-01	  3.96e-02	-1.17830e-02
  1.06e-01	  4.01e-02	-2.51007e-30
  1.06e-01	  4.06e-02	0.00000e+00
  1.06e-01	  4.11e-02	0.00000e+00
  1.06e-01	  4.17e-02	0.00000e+00
  1.06e-01	  4.22e-02	0.00000e+00
  1.06e-01	  4.27e-02	0.00000e+00
  1.06e-01	  4.32e-02	0.00000e+00
  1.06e-01	  4.37e-02	0.00000e+00
  1.06e-01	  4.43e-02	0.00000e+00
  1.06e-01	  4.48e-02	0.00000e+00
  1.06e-01	  4.53e-02	0.00000e+00
  1.06e-01	  4.58e-02	0.00000e+00
  1.06e-01	  4.64e-02	0.00000e+00
  1.06e-01	  4.69e-02	0.00000e+00
  1.06e-01	  4.74e-02	0.00000e+00
  1.06e-01	  4.79e-02	0.00000e+00
  1.06e-01	  4.84e-02	0.00000e+00
  1.06e-01	  4.90e-02	0.00000e+00
  1.06e-01	  4.95e-02	0.00000e+00

  1.07e-01	  0.00e+00	0.00000e+00
  1.07e-01	  5.21e-04	0.00000e+00
  1.07e-01	  1.04e-03	0.00000e+00
  1.07e-01	  1.56e-03	0.00000e+00
  1.07e-01	  2.08e-03	0.00000e+00
  1.07e-01	  2.60e-03	0.00000e+00
  1.07e-01	  3.12e-03	0.00000e+00
  1.07e-01	  3.65e-03	0.00000e+00
  1.07e-01	  4.17e-03	0.00000e+00
  1.07e-01	  4.69e-03	0.00000e+00
  1.07e-01	  5.21e-03	0.00000e+00
  1.07e-01	  5.73e-03	0.00000e+00
  1.07e-01	  6.25e-03	0.00000e+00
  1.07e-01	  6.77e-03	0.00000e+00
  1.07e-01	  7.29e-03	0.00000e+00
  1.07e-01	  7.81e-03	0.00000e+00
  1.07e-01	  8.33e-03	0.00000e+00
  1.07e-01	  8.85e-03	0.00000e+00
  1.07e-01	  9.37e-03	2.43398e-30
  1.07e-01	  9.90e-03	-4.04680e-03
  1.07e-01	  1.04e-02	-1.55739e-02
  1.07e-01	  1.09e-02	-3.45853e-02
  1.07e-01	  1.15e-02	-6.48332e-02
  1.07e-01	  1.20e-02	-1.08515e-01
  1.07e-01	  1.25e-02	-1.57322e-01
  1.07e-01	  1.30e-02	-1.57809e-01
  1.07e-01	  1.35e-02	-1.35115e-01
  1.07e-01	  1.41e-02	-1.03384e-01
  1.07e-01	  1.46e-02	-6.85556e-02
  1.07e-01	  1.51e-02	-3.27401e-02
  1.07e-01	  1.56e-02	3.44282e-03
  1.07e-01	  1.61e-02	3.98191e-02
  1.07e-01	  1.67e-02	7.61835e-02
  1.07e-01	  1.72e-02	1.11801e-01
  1.07e-01	  1.77e-02	1.44249e-01
  1.07e-01	  1.82e-02	1.66661e-01
  1.07e-01	  1.88e-02	1.62544e-01
  1.07e-01	  1.93e-02	1.03053e-01
  1.07e-01	  1.98e-02	3.91445e-02
  1.07e-01	  2.03e-02	-2.50737e-02
  1.07e-01	  2.08e-02	-9.48355e-02
  1.07e-01	  2.14e-02	-1.64153e-01
  1.07e-01	  2.19e-02	-1.72482e-01
  1.07e-01	  2.24e-02	-1.51731e-01
  1.07e-01	  2.29e-02	-1.20133e-01
  1.07e-01	  2.34e-02	-8.52317e-02
  1.07e-01	  2.40e-02	-4.95935e-02
  1.07e-01	  2.45e-02	-1.38805e-02
  1.07e-01	  2.50e-02	2.18711e-02
  1.07e-01	  2.55e-02	5.77682e-02
  1.07e-01	  2.60e-02	9.37870e-02
  1.07e-01	  2.66e-02	1.29280e-01
  1.07e-01	  2.71e-02	1.61663e-01
  1.07e-01	  2.76e-02	1.83250e-01
  1.07e-01	  2.81e-02	1.75343e-01
  1.07e-01	  2.86e-02	1.05104e-01
  1.07e-01	  2.92e-02	3.33945e-02
  1.07e-01	  2.97e-02	-3.42224e-02
  1.07e-01	  3.02e-02	-1.03504e-01
  1.07e-01	  3.07e-02	-1.69754e-01
  1.07e-01	  3.13e-02	-1.76268e-01
  1.07e-01	  3.18e-02	-1.54422e-01
  1.07e-01	  3.23e-02	-1.22098e-01
  1.07e-01	  3.28e-02	-8.66897e-02
  1.07e-01	  3.33e-02	-5.07280e-02
  1.07e-01	  3.39e-02	-1.48914e-02
  1.07e-01	  3.44e-02	2.07554e-02
  1.07e-01	  3.49e-02	5.62991e-02
  1.07e-01	  3.54e-02	9.17378e-02
  1.07e-01	  3.59e-02	1.26556e-01
  1.07e-01	  3.65e-02	1.58577e-01
  1.07e-01	  3.70e-02	1.81217e-01
  1.07e-01	  3.75e-02	1.78425e-01
  1.07e-01	  3.80e-02	1.22065e-01
  1.07e-01	  3.85e-02	7.18346e-02
  1.07e-01	  3.91e-02	3.67937e-02
  1.07e-01	  3.96e-02	1.34734e-02
  1.07e-01	  4.01e-02	-2.47466e-30
  1.07e-01	  4.06e-02	0.00000e+00
  1.07e-01	  4.11e-02	0.00000e+00
  1.07e-01	  4.17e-02	0.00000e+00
  1.07e-01	  4.22e-02	0.00000e+00
  1.07e-01	  4.27e-02	0.00000e+00
  1.07e-01	  4.32e-02	0.00000e+00
  1.07e-01	  4.37e-02	0.00000e+00
  1.07e-01	  4.43e-02	0.00000e+00
  1.07e-01	  4.48e-02	0.00000e+00
  1.07e-01	  4.53e-02	0.00000e+00
  1.07e-01	  4.58e-02	0.00000e+00
  1.07e-01	  4.64e-02	0.00000e+00
  1.07e-01	  4.69e-02	0.00000e+00
  1.07e-01	  4.74e-02	0.00000e+00
  1.07e-01	  4.79e-02	0.00000e+00
  1.07e-01	  4.84e-02	0.00000e+00
  1.07e-01	  4.90e-02	0.00000e+00
  1.07e-01	  4.95e-02	0.00000e+00

  1.07e-01	  0.00e+00	0.00000e+00
  1.07e-01	  5.21e-04	0.00000e+00
  1.07e-01	  1.04e-03	0.00000e+00
  1.07e-01	  1.56e-03	0.00000e+00
  1.07e-01	  2.08e-03	0.00000e+00
  1.07e-01	  2.60e-03	0.00000e+00
  1.07e-01	  3.12e-03	0.00000e+00
  1.07e-01	  3.65e-03	0.00000e+00
  1.07e-01	  4.17e-03	0.00000e+00
  1.07e-01	  4.69e-03	0.00000e+00
  1.07e-01	  5.21e-03	0.00000e+00
  1.07e-01	  5.73e-03	0.00000e+00
  1.07e-01	  6.25e-03	0.00000e+00
  1.07e-01	  6.77e-03	0.00000e+00
  1.07e-01	  7.29e-03	0.00000e+00
  1.07e-01	  7.81e-03	0.00000e+00
  1.07e-01	  8.33e-03	0.00000e+00
  1.07e-01	  8.85e-03	0.00000e+00
  1.07e-01	  9.37e-03	2.40288e-30
  1.07e-01	  9.90e-03	-1.87681e-02
  1.07e-01	  1.04e-02	-3.84467e-02
  1.07e-01	  1.09e-02	-6.21058e-02
  1.07e-01	  1.15e-02	-9.08576e-02
  1.07e-01	  1.20e-02	-1.22194e-01
  1.07e-01	  1.25e-02	-1.47345e-01
  1.07e-01	  1.30e-02	-1.50888e-01
  1.07e-01	  1.35e-02	-1.35806e-01
  1.07e-01	  1.41e-02	-1.08722e-01
  1.07e-01	  1.46e-02	-7.48152e-02
  1.07e-01	  1.51e-02	-3.74071e-02
  1.07e-01	  1.56e-02	1.41080e-03
  1.07e-01	  1.61e-02	4.00779e-02
  1.07e-01	  1.67e-02	7.69148e-02
  1.07e-01	  1.72e-02	1.09453e-01
  1.07e-01	  1.77e-02	1.33590e-01
  1.07e-01	  1.82e-02	1.42811e-01
  1.07e-01	  1.88e-02	1.28767e-01
  1.07e-01	  1.93e-02	8.68299e-02
  1.07e-01	  1.98e-02	3.13386e-02
  1.07e-01	  2.03e-02	-2.89108e-02
  1.07e-01	  2.08e-02	-8.77720e-02
  1.07e-01	  2.14e-02	-1.34837e-01
  1.07e-01	  2.19e-02	-1.52642e-01
  1.07e-01	  2.24e-02	-1.45590e-01
  1.07e-01	  2.29e-02	-1.22581e-01
  1.07e-01	  2.34e-02	-9.06138e-02
  1.07e-01	  2.40e-02	-5.40252e-02
  1.07e-01	  2.45e-02	-1.52806e-02
  1.07e-01	  2.50e-02	2.41402e-02
  1.07e-01	  2.55e-02	6.30523e-02
  1.07e-01	  2.60e-02	9.99603e-02
  1.07e-01	  2.66e-02	1.32351e-01
  1.07e-01	  2.71e-02	1.55771e-01
  1.07e-01	  2.76e-02	1.62979e-01
  1.07e-01	  2.81e-02	1.44681e-01
  1.07e-01	  2.86e-02	9.60476e-02
  1.07e-01	  2.92e-02	3.44864e-02
  1.07e-01	  2.97e-02	-2.95979e-02
  1.07e-01	  3.02e-02	-8.98238e-02
  1.07e-01	  3.07e-02	-1.36500e-01
  1.07e-01	  3.13e-02	-1.53561e-01
  1.07e-01	  3.18e-02	-1.45855e-01
  1.07e-01	  3.23e-02	-1.22359e-01
  1.07e-01	  3.28e-02	-9.00465e-02
  1.07e-01	  3.33e-02	-5.32109e-02
  1.07e-01	  3.39e-02	-1.42722e-02
  1.07e-01	  3.44e-02	2.53563e-02
  1.07e-01	  3.49e-02	6.46052e-02
  1.07e-01	  3.54e-02	1.02223e-01
  1.07e-01	  3.59e-02	1.36166e-01
  1.07e-01	  3.65e-02	1.62827e-01
  1.07e-01	  3.70e-02	1.76349e-01
  1.07e-01	  3.75e-02	1.69212e-01
  1.07e-01	  3.80e-02	1.38093e-01
  1.07e-01	  3.85e-02	1.00176e-01
  1.07e-01	  3.91e-02	6.46073e-02
  1.07e-01	  3.96e-02	3.27308e-02
  1.07e-01	  4.01e-02	-2.42318e-30
  1.07e-01	  4.06e-02	0.00000e+00
  1.07e-01	  4.11e-02	0.00000e+00
  1.07e-01	  4.17e-02	0.00000e+00
  1.07e-01	  4.22e-02	0.00000e+00
  1.07e-01	  4.27e-02	0.00000e+00
  1.07e-01	  4.32e-02	0.00000e+00
  1.07e-01	  4.37e-02	0.00000e+00
  1.07e-01	  4.43e-02	0.00000e+00
  1.07e-01	  4.48e-02	0.00000e+00
  1.07e-01	  4.53e-02	0.00000e+00
  1.07e-01	  4.58e-02	0.00000e+00
  1.07e-01	  4.64e-02	0.00000e+00
  1.07e-01	  4.69e-02	0.00000e+00
  1.07e-01	  4.74e-02	0.00000e+00
  1.07e-01	  4.79e-02	0.00000e+00
  1.07e-01	  4.84e-02	0.00000e+00
  1.07e-01	  4.90e-02	0.00000e+00
  1.07e-01	  4.95e-02	0.00000e+00

  1.08e-01	  0.00e+00	0.00000e+00
  1.08e-01	  5.21e-04	0.00000e+00
  1.08e-01	  1.04e-03	0.00000e+00
  1.08e-01	  1.56e-03	0.00000e+00
  1.08e-01	  2.08e-03	0.00000e+00
  1.08e-01	  2.60e-03	0.00000e+00
  1.08e-01	  3.12e-03	0.00000e+00
  1.08e-01	  3.65e-03	0.00000e+00
  1.08e-01	  4.17e-03	0.00000e+00
  1.08e-01	  4.69e-03	0.00000e+00
  1.08e-01	  5.21e-03	0.00000e+00
  1.08e-01	  5.73e-03	0.00000e+00
  1.08e-01	  6.25e-03	0.00000e+00
  1.08e-01	  6.77e-03	0.00000e+00
  1.08e-01	  7.29e-03	0.00000e+00
  1.08e-01	  7.81e-03	0.00000e+00
  1.08e-01	  8.33e-03	0.00000e+00
  1.08e-01	  8.85e-03	0.00000e+00
  1.08e-01	  9.37e-03	2.37087e-30
  1.08e-01	  9.90e-03	-2.64373e-02
  1.08e-01	  1.04e-02	-5.02886e-02
  1.08e-01	  1.09e-02	-7.45745e-02
  1.08e-01	  1.15e-02	-9.90511e-02
  1.08e-01	  1.20e-02	-1.21071e-01
  1.08e-01	  1.25e-02	-1.35582e-01
  1.08e-01	  1.30e-02	-1.37069e-01
  1.08e-01	  1.35e-02	-1.25115e-01
  1.08e-01	  1.41e-02	-1.02373e-01
  1.08e-01	  1.46e-02	-7.22415e-02
  1.08e-01	  1.51e-02	-3.77665e-02
  1.08e-01	  1.56e-02	-1.54655e-03
  1.08e-01	  1.61e-02	3.40483e-02
  1.08e-01	  1.67e-02	6.65299e-02
  1.08e-01	  1.72e-02	9.28939e-02
  1.08e-01	  1.77e-02	1.09410e-01
  1.08e-01	  1.82e-02	1.11878e-01
  1.08e-01	  1.88e-02	9.68859e-02
  1.08e-01	  1.93e-02	6.44513e-02
  1.08e-01	  1.98e-02	2.05009e-02
  1.08e-01	  2.03e-02	-2.79829e-02
  1.08e-01	  2.08e-02	-7.38728e-02
  1.08e-01	  2.14e-02	-1.09276e-01
  1.08e-01	  2.19e-02	-1.26903e-01
  1.08e-01	  2.24e-02	-1.26131e-01
  1.08e-01	  2.29e-02	-1.10371e-01
  1.08e-01	  2.34e-02	-8.40270e-02
  1.08e-01	  2.40e-02	-5.09999e-02
  1.08e-01	  2.45e-02	-1.43611e-02
  1.08e-01	  2.50e-02	2.34316e-02
  1.08e-01	  2.55e-02	6.01277e-02
  1.08e-01	  2.60e-02	9.32355e-02
  1.08e-01	  2.66e-02	1.19608e-01
  1.08e-01	  2.71e-02	1.35212e-01
  1.08e-01	  2.76e-02	1.35455e-01
  1.08e-01	  2.81e-02	1.16702e-01
  1.08e-01	  2.86e-02	7.93866e-02
  1.08e-01	  2.92e-02	3.07345e-02
  1.08e-01	  2.97e-02	-2.12805e-02
  1.08e-01	  3.02e-02	-6.92163e-02
  1.08e-01	  3.07e-02	-1.05475e-01
  1.08e-01	  3.13e-02	-1.23382e-01
  1.08e-01	  3.18e-02	-1.22701e-01
  1.08e-01	  3.23e-02	-1.06991e-01
  1.08e-01	  3.28e-02	-8.06704e-02
  1.08e-01	  3.33e-02	-4.75846e-02
  1.08e-01	  3.39e-02	-1.07049e-02
  1.08e-01	  3.44e-02	2.76723e-02
  1.08e-01	  3.49e-02	6.55656e-02
  1.08e-01	  3.54e-02	1.00875e-01
  1.08e-01	  3.59e-02	1.31019e-01
  1.08e-01	  3.65e-02	1.52728e-01
  1.08e-01	  3.70e-02	1.62252e-01
  1.08e-01	  3.75e-02	1.56589e-01
  1.08e-01	  3.80e-02	1.36150e-01
  1.08e-01	  3.85e-02	1.06928e-01
  1.08e-01	  3.91e-02	7.40465e-02
  1.08e-01	  3.96e-02	3.95482e-02
  1.08e-01	  4.01e-02	-2.37489e-30
  1.08e-01	  4.06e-02	0.00000e+00
  1.08e-01	  4.11e-02	0.00000e+00
  1.08e-01	  4.17e-02	0.00000e+00
  1.08e-01	  4.22e-02	0.00000e+00
  1.08e-01	  4.27e-02	0.00000e+00
  1.08e-01	  4.32e-02	0.00000e+00
  1.08e-01	  4.37e-02	0.00000e+00
  1.08e-01	  4.43e-02	0.00000e+00
  1.08e-01	  4.48e-02	0.00000e+00
  1.08e-01	  4.53e-02	0.00000e+00
  1.08e-01	  4.58e-02	0.00000e+00
  1.08e-01	  4.64e-02	0.00000e+00
  1.08e-01	  4.69e-02	0.00000e+00
  1.08e-01	  4.74e-02	0.00000e+00
  1.08e-01	  4.79e-02	0.00000e+00
  1.08e-01	  4.84e-02	0.00000e+00
  1.08e-01	  4.90e-02	0.00000e+00
  1.08e-01	  4.95e-02	0.00000e+00

  1.09e-01	  0.00e+00	0.00000e+00
  1.09e-01	  5.21e-04	0.00000e+00
  1.09e-01	  1.04e-03	0.00000e+00
  1.09e-01	  1.56e-03	0.00000e+00
  1.09e-01	  2.08e-03	0.00000e+00
  1.09e-01	  2.60e-03	0.00000e+00
  1.09e-01	  3.12e-03	0.00000e+00
  1.09e-01	  3.65e-03	0.00000e+00
  1.09e-01	  4.17e-03	0.00000e+00
  1.09e-01	  4.69e-03	0.00000e+00
  1.09e-01	  5.21e-03	0.00000e+00
  1.09e-01	  5.73e-03	0.00000e+00
  1.09e-01	  6.25e-03	0.00000e+00
  1.09e-01	  6.77e-03	0.00000e+00
  1.09e-01	  7.29e-03	0.00000e+00
  1.09e-01	  7.81e-03	0.00000e+00
  1.09e-01	  8.33e-03	0.00000e+00
  1.09e-01	  8.85e-03	0.00000e+00
  1.09e-01	  9.37e-03	2.34463e-30
  1.09e-01	  9.90e-03	-2.80497e-02
  1.09e-01	  1.04e-02	-5.26070e-02
  1.09e-01	  1.09e-02	-7.55983e-02
  1.09e-01	  1.15e-02	-9.62083e-02
  1.09e-01	  1.20e-02	-1.12480e-01
  1.09e-01	  1.25e-02	-1.21678e-01
  1.09e-01	  1.30e-02	-1.21397e-01
  1.09e-01	  1.35e-02	-1.11114e-01
  1.09e-01	  1.41e-02	-9.20477e-02
  1.09e-01	  1.46e-02	-6.63771e-02
  1.09e-01	  1.51e-02	-3.65929e-02
  1.09e-01	  1.56e-02	-5.22271e-03
  1.09e-01	  1.61e-02	2.51997e-02
  1.09e-01	  1.67e-02	5.20454e-02
  1.09e-01	  1.72e-02	7.25301e-02
  1.09e-01	  1.77e-02	8.38085e-02
  1.09e-01	  1.82e-02	8.33942e-02
  1.09e-01	  1.88e-02	6.99949e-02
  1.09e-01	  1.93e-02	4.45589e-02
  1.09e-01	  1.98e-02	1.07078e-02
  1.09e-01	  2.03e-02	-2.64822e-02
  1.09e-01	  2.08e-02	-6.13750e-02
  1.09e-01	  2.14e-02	-8.84240e-02
  1.09e-01	  2.19e-02	-1.03325e-01
  1.09e-01	  2.24e-02	-1.04653e-01
  1.09e-01	  2.29e-02	-9.35292e-02
  1.09e-01	  2.34e-02	-7.24753e-02
  1.09e-01	  2.40e-02	-4.44568e-02
  1.09e-01	  2.45e-02	-1.23853e-02
  1.09e-01	  2.50e-02	2.09963e-02
  1.09e-01	  2.55e-02	5.30121e-02
  1.09e-01	  2.60e-02	8.08842e-02
  1.09e-01	  2.66e-02	1.01630e-01
  1.09e-01	  2.71e-02	1.12179e-01
  1.09e-01	  2.76e-02	1.09878e-01
  1.09e-01	  2.81e-02	9.34774e-02
  1.09e-01	  2.86e-02	6.43189e-02
  1.09e-01	  2.92e-02	2.67111e-02
  1.09e-01	  2.97e-02	-1.36706e-02
  1.09e-01	  3.02e-02	-5.09109e-02
  1.09e-01	  3.07e-02	-7.95186e-02
  1.09e-01	  3.13e-02	-9.54365e-02
  1.09e-01	  3.18e-02	-9.74643e-02
  1.09e-01	  3.23e-02	-8.68396e-02
  1.09e-01	  3.28e-02	-6.60955e-02
  1.09e-01	  3.33e-02	-3.81222e-02
  1.09e-01	  3.39e-02	-5.68435e-03
  1.09e-01	  3.44e-02	2.86942e-02
  1.09e-01	  3.49e-02	6.26339e-02
  1.09e-01	  3.54e-02	9.37412e-02
  1.09e-01	  3.59e-02	1.19486e-01
  1.09e-01	  3.65e-02	1.37250e-01
  1.09e-01	  3.70e-02	1.44679e-01
  1.09e-01	  3.75e-02	1.40433e-01
  1.09e-01	  3.80e-02	1.25082e-01
  1.09e-01	  3.85e-02	1.01226e-01
  1.09e-01	  3.91e-02	7.17270e-02
  1.09e-01	  3.96e-02	3.85603e-02
  1.09e-01	  4.01e-02	-2.33878e-30
  1.09e-01	  4.06e-02	0.00000e+00
  1.09e-01	  4.11e-02	0.00000e+00
  1.09e-01	  4.17e-02	0.00000e+00
  1.09e-01	  4.22e-02	0.00000e+00
  1.09e-01	  4.27e-02	0.00000e+00
  1.09e-01	  4.32e-02	0.00000e+00
  1.09e-01	  4.37e-02	0.00000e+00
  1.09e-01	  4.43e-02	0.00000e+00
  1.09e-01	  4.48e-02	0.00000e+00
  1.09e-01	  4.53e-02	0.00000e+00
  1.09e-01	  4.58e-02	0.00000e+00
  1.09e-01	  4.64e-02	0.00000e+00
  1.09e-01	  4.69e-02	0.00000e+00
  1.09e-01	  4.74e-02	0.00000e+00
  1.09e-01	  4.79e-02	0.00000e+00
  1.09e-01	  4.84e-02	0.00000e+00
  1.09e-01	  4.90e-02	0.00000e+00
  1.09e-01	  4.95e-02	0.00000e+00

  1.10e-01	  0.00e+00	0.00000e+00
  1.10e-01	  5.21e-04	0.00000e+00
  1.10e-01	  1.04e-03	0.00000e+00
  1.10e-01	  1.56e-03	0.00000e+00
  1.10e-01	  2.08e-03	0.00000e+00
  1.10e-01	  2.60e-03	0.00000e+00
  1.10e-01	  3.12e-03	0.00000e+00
  1.10e-01	  3.65e-03	0.00000e+00
  1.10e-01	  4.17e-03	0.00000e+00
  1.10e-01	  4.69e-03	0.00000e+00
  1.10e-01	  5.21e-03	0.00000e+00
  1.10e-01	  5.73e-03	0.00000e+00
  1.10e-01	  6.25e-03	0.00000e+00
  1.10e-01	  6.77e-03	0.00000e+00
  1.10e-01	  7.29e-03	0.00000e+00
  1.10e-01	  7.81e-03	0.00000e+00
  1.10e-01	  8.33e-03	0.00000e+00
  1.10e-01	  8.85e-03	0.00000e+00
  1.10e-01	  9.37e-03	2.32591e-30
  1.10e-01	  9.90e-03	-2.62572e-02
  1.10e-01	  1.04e-02	-4.93413e-02
  1.10e-01	  1.09e-02	-7.01409e-02
  1.10e-01	  1.15e-02	-8.76135e-02
  1.10e-01	  1.20e-02	-1.00332e-01
  1.10e-01	  1.25e-02	-1.06732e-01
  1.10e-01	  1.30e-02	-1.05635e-01
  1.10e-01	  1.35e-02	-9.67898e-02
  1.10e-01	  1.41e-02	-8.09665e-02
  1.10e-01	  1.46e-02	-5.97031e-02
  1.10e-01	  1.51e-02	-3.49915e-02
  1.10e-01	  1.56e-02	-9.05099e-03
  1.10e-01	  1.61e-02	1.57945e-02
  1.10e-01	  1.67e-02	3.71841e-02
  1.10e-01	  1.72e-02	5.28139e-02
  1.10e-01	  1.77e-02	6.06315e-02
  1.10e-01	  1.82e-02	5.91811e-02
  1.10e-01	  1.88e-02	4.80698e-02
  1.10e-01	  1.93e-02	2.83777e-02
  1.10e-01	  1.98e-02	2.71428e-03
  1.10e-01	  2.03e-02	-2.52511e-02
  1.10e-01	  2.08e-02	-5.13994e-02
  1.10e-01	  2.14e-02	-7.18111e-02
  1.10e-01	  2.19e-02	-8.35037e-02
  1.10e-01	  2.24e-02	-8.50828e-02
  1.10e-01	  2.29e-02	-7.67813e-02
  1.10e-01	  2.34e-02	-6.00473e-02
  1.10e-01	  2.40e-02	-3.70344e-02
  1.10e-01	  2.45e-02	-1.02132e-02
  1.10e-01	  2.50e-02	1.78378e-02
  1.10e-01	  2.55e-02	4.45109e-02
  1.10e-01	  2.60e-02	6.71994e-02
  1.10e-01	  2.66e-02	8.33780e-02
  1.10e-01	  2.71e-02	9.08199e-02
  1.10e-01	  2.76e-02	8.79982e-02
  1.10e-01	  2.81e-02	7.46173e-02
  1.10e-01	  2.86e-02	5.20516e-02
  1.10e-01	  2.92e-02	2.33325e-02
  1.10e-01	  2.97e-02	-7.48270e-03
  1.10e-01	  3.02e-02	-3.60419e-02
  1.10e-01	  3.07e-02	-5.83707e-02
  1.10e-01	  3.13e-02	-7.15499e-02
  1.10e-01	  3.18e-02	-7.42707e-02
  1.10e-01	  3.23e-02	-6.68103e-02
  1.10e-01	  3.28e-02	-5.05947e-02
  1.10e-01	  3.33e-02	-2.76852e-02
  1.10e-01	  3.39e-02	-3.95395e-04
  1.10e-01	  3.44e-02	2.89126e-02
  1.10e-01	  3.49e-02	5.78948e-02
  1.10e-01	  3.54e-02	8.42348e-02
  1.10e-01	  3.59e-02	1.05674e-01
  1.10e-01	  3.65e-02	1.20143e-01
  1.10e-01	  3.70e-02	1.26029e-01
  1.10e-01	  3.75e-02	1.22551e-01
  1.10e-01	  3.80e-02	1.10060e-01
  1.10e-01	  3.85e-02	8.99458e-02
  1.10e-01	  3.91e-02	6.40614e-02
  1.10e-01	  3.96e-02	3.42457e-02
  1.10e-01	  4.01e-02	-2.31515e-30
  1.10e-01	  4.06e-02	0.00000e+00
  1.10e-01	  4.11e-02	0.00000e+00
  1.10e-01	  4.17e-02	0.00000e+00
  1.10e-01	  4.22e-02	0.00000e+00
  1.10e-01	  4.27e-02	0.00000e+00
  1.10e-01	  4.32e-02	0.00000e+00
  1.10e-01	  4.37e-02	0.00000e+00
  1.10e-01	  4.43e-02	0.00000e+00
  1.10e-01	  4.48e-02	0.00000e+00
  1.10e-01	  4.53e-02	0.00000e+00
  1.10e-01	  4.58e-02	0.00000e+00
  1.10e-01	  4.64e-02	0.00000e+00
  1.10e-01	  4.69e-02	0.00000e+00
  1.10e-01	  4.74e-02	0.00000e+00
  1.10e-01	  4.79e-02	0.00000e+00
  1.10e-01	  4.84e-02	0.00000e+00
  1.10e-01	  4.90e-02	0.00000e+00
  1.10e-01	  4.95e-02	0.00000e+00

  1.11e-01	  0.00e+00	0.00000e+00
  1.11e-01	  5.21e-04	0.00000e+00
  1.11e-01	  1.04e-03	0.00000e+00
  1.11e-01	  1.56e-03	0.00000e+00
  1.11e-01	  2.08e-03	0.00000e+00
  1.11e-01	  2.60e-03	0.00000e+00
  1.11e-01	  3.12e-03	0.00000e+00
  1.11e-01	  3.65e-03	0.00000e+00
  1.11e-01	  4.17e-03	0.00000e+00
  1.11e-01	  4.69e-03	0.00000e+00
  1.11e-01	  5.21e-03	0.00000e+00
  1.11e-01	  5.73e-03	0.00000e+00
  1.11e-01	  6.25e-03	0.00000e+00
  1.11e-01	  6.77e-03	0.00000e+00
  1.11e-01	  7.29e-03	0.00000e+00
  1.11e-01	  7.81e-03	0.00000e+00
  1.11e-01	  8.33e-03	0.00000e+00
  1.11e-01	  8.85e-03	0.00000e+00
  1.11e-01	  9.37e-03	2.31374e-30
  1.11e-01	  9.90e-03	-2.30333e-02
  1.11e-01	  1.04e-02	-4.35986e-02
  1.11e-01	  1.09e-02	-6.18506e-02
  1.11e-01	  1.15e-02	-7.67063e-02
  1.11e-01	  1.20e-02	-8.70665e-02
  1.11e-01	  1.25e-02	-9.19498e-02
  1.11e-01	  1.30e-02	-9.07331e-02
  1.11e-01	  1.35e-02	-8.33782e-02
  1.11e-01	  1.41e-02	-7.05028e-02
  1.11e-01	  1.46e-02	-5.32959e-02
  1.11e-01	  1.51e-02	-3.33592e-02
  1.11e-01	  1.56e-02	-1.25456e-02
  1.11e-01	  1.61e-02	7.17757e-03
  1.11e-01	  1.67e-02	2.38534e-02
  1.11e-01	  1.72e-02	3.56798e-02
  1.11e-01	  1.77e-02	4.12027e-02
  1.11e-01	  1.82e-02	3.95598e-02
  1.11e-01	  1.88e-02	3.07331e-02
  1.11e-01	  1.93e-02	1.57133e-02
  1.11e-01	  1.98e-02	-3.53310e-03
  1.11e-01	  2.03e-02	-2.43304e-02
  1.11e-01	  2.08e-02	-4.37003e-02
  1.11e-01	  2.14e-02	-5.88308e-02
  1.11e-01	  2.19e-02	-6.75473e-02
  1.11e-01	  2.24e-02	-6.86710e-02
  1.11e-01	  2.29e-02	-6.21188e-02
  1.11e-01	  2.34e-02	-4.87608e-02
  1.11e-01	  2.40e-02	-3.01594e-02
  1.11e-01	  2.45e-02	-8.30636e-03
  1.11e-01	  2.50e-02	1.45843e-02
  1.11e-01	  2.55e-02	3.62250e-02
  1.11e-01	  2.60e-02	5.43819e-02
  1.11e-01	  2.66e-02	6.70276e-02
  1.11e-01	  2.71e-02	7.25559e-02
  1.11e-01	  2.76e-02	7.00573e-02
  1.11e-01	  2.81e-02	5.95965e-02
  1.11e-01	  2.86e-02	4.23715e-02
  1.11e-01	  2.92e-02	2.06296e-02
  1.11e-01	  2.97e-02	-2.68165e-03
  1.11e-01	  3.02e-02	-2.43866e-02
  1.11e-01	  3.07e-02	-4.15706e-02
  1.11e-01	  3.13e-02	-5.20262e-02
  1.11e-01	  3.18e-02	-5.45680e-02
  1.11e-01	  3.23e-02	-4.90917e-02
  1.11e-01	  3.28e-02	-3.64099e-02
  1.11e-01	  3.33e-02	-1.79814e-02
  1.11e-01	  3.39e-02	4.34976e-03
  1.11e-01	  3.44e-02	2.85510e-02
  1.11e-01	  3.49e-02	5.25300e-02
  1.11e-01	  3.54e-02	7.42268e-02
  1.11e-01	  3.59e-02	9.17120e-02
  1.11e-01	  3.65e-02	1.03325e-01
  1.11e-01	  3.70e-02	1.07857e-01
  1.11e-01	  3.75e-02	1.04748e-01
  1.11e-01	  3.80e-02	9.41934e-02
  1.11e-01	  3.85e-02	7.70917e-02
  1.11e-01	  3.91e-02	5.48240e-02
  1.11e-01	  3.96e-02	2.90544e-02
  1.11e-01	  4.01e-02	-2.30110e-30
  1.11e-01	  4.06e-02	0.00000e+00
  1.11e-01	  4.11e-02	0.00000e+00
  1.11e-01	  4.17e-02	0.00000e+00
  1.11e-01	  4.22e-02	0.00000e+00
  1.11e-01	  4.27e-02	0.00000e+00
  1.11e-01	  4.32e-02	0.00000e+00
  1.11e-01	  4.37e-02	0.00000e+00
  1.11e-01	  4.43e-02	0.00000e+00
  1.11e-01	  4.48e-02	0.00000e+00
  1.11e-01	  4.53e-02	0.00000e+00
  1.11e-01	  4.58e-02	0.00000e+00
  1.11e-01	  4.64e-02	0.00000e+00
  1.11e-01	  4.69e-02	0.00000e+00
  1.11e-01	  4.74e-02	0.00000e+00
  1.11e-01	  4.79e-02	0.00000e+00
  1.11e-01	  4.84e-02	0.00000e+00
  1.11e-01	  4.90e-02	0.00000e+00
  1.11e-01	  4.95e-02	0.00000e+00

  1.11e-01	  0.00e+00	0.00000e+00
  1.11e-01	  5.21e-04	0.00000e+00
  1.11e-01	  1.04e-03	0.00000e+00
  1.11e-01	  1.56e-03	0.00000e+00
  1.11e-01	  2.08e-03	0.00000e+00
  1.11e-01	  2.60e-03	0.00000e+00
  1.11e-01	  3.12e-03	0.00000e+00
  1.11e-01	  3.65e-03	0.00000e+00
  1.11e-01	  4.17e-03	0.00000e+00
  1.11e-01	  4.69e-03	0.00000e+00
  1.11e-01	  5.21e-03	0.00000e+00
  1.11e-01	  5.73e-03	0.00000e+00
  1.11e-01	  6.25e-03	0.00000e+00
  1.11e-01	  6.77e-03	0.00000e+00
  1.11e-01	  7.29e-03	0.00000e+00
  1.11e-01	  7.81e-03	0.00000e+00
  1.11e-01	  8.33e-03	0.00000e+00
  1.11e-01	  8.85e-03	0.00000e+00
  1.11e-01	  9.37e-03	2.30636e-30
  1.11e-01	  9.90e-03	-1.95152e-02
  1.11e-01	  1.04e-02	-3.72294e-02
  1.11e-01	  1.09e-02	-5.29016e-02
  1.11e-01	  1.15e-02	-6.55092e-02
  1.11e-01	  1.20e-02	-7.41648e-02
  1.11e-01	  1.25e-02	-7.81913e-02
  1.11e-01	  1.30e-02	-7.72369e-02
  1.11e-01	  1.35e-02	-7.13771e-02
  1.11e-01	  1.41e-02	-6.11506e-02
  1.11e-01	  1.46e-02	-4.75197e-02
  1.11e-01	  1.51e-02	-3.17768e-02
  1.11e-01	  1.56e-02	-1.54274e-02
  1.11e-01	  1.61e-02	-6.57246e-05
  1.11e-01	  1.67e-02	1.27544e-02
  1.11e-01	  1.72e-02	2.16629e-02
  1.11e-01	  1.77e-02	2.56324e-02
  1.11e-01	  1.82e-02	2.41440e-02
  1.11e-01	  1.88e-02	1.73261e-02
  1.11e-01	  1.93e-02	6.01812e-03
  1.11e-01	  1.98e-02	-8.28432e-03
  1.11e-01	  2.03e-02	-2.36120e-02
  1.11e-01	  2.08e-02	-3.77986e-02
  1.11e-01	  2.14e-02	-4.88020e-02
  1.11e-01	  2.19e-02	-5.50154e-02
  1.11e-01	  2.24e-02	-5.55015e-02
  1.11e-01	  2.29e-02	-5.00908e-02
  1.11e-01	  2.34e-02	-3.93406e-02
  1.11e-01	  2.40e-02	-2.43995e-02
  1.11e-01	  2.45e-02	-6.83196e-03
  1.11e-01	  2.50e-02	1.15551e-02
  1.11e-01	  2.55e-02	2.88723e-02
  1.11e-01	  2.60e-02	4.33014e-02
  1.11e-01	  2.66e-02	5.32582e-02
  1.11e-01	  2.71e-02	5.75743e-02
  1.11e-01	  2.76e-02	5.56814e-02
  1.11e-01	  2.81e-02	4.77595e-02
  1.11e-01	  2.86e-02	3.47886e-02
  1.11e-01	  2.92e-02	1.84595e-02
  1.11e-01	  2.97e-02	9.42961e-04
  1.11e-01	  3.02e-02	-1.54247e-02
  1.11e-01	  3.07e-02	-2.84796e-02
  1.11e-01	  3.13e-02	-3.65326e-02
  1.11e-01	  3.18e-02	-3.85833e-02
  1.11e-01	  3.23e-02	-3.43968e-02
  1.11e-01	  3.28e-02	-2.44478e-02
  1.11e-01	  3.33e-02	-9.77860e-03
  1.11e-01	  3.39e-02	8.17346e-03
  1.11e-01	  3.44e-02	2.77374e-02
  1.11e-01	  3.49e-02	4.71454e-02
  1.11e-01	  3.54e-02	6.46517e-02
  1.11e-01	  3.59e-02	7.86483e-02
  1.11e-01	  3.65e-02	8.77903e-02
  1.11e-01	  3.70e-02	9.11273e-02
  1.11e-01	  3.75e-02	8.82163e-02
  1.11e-01	  3.80e-02	7.91797e-02
  1.11e-01	  3.85e-02	6.46804e-02
  1.11e-01	  3.91e-02	4.58297e-02
  1.11e-01	  3.96e-02	2.40847e-02
  1.11e-01	  4.01e-02	-2.29347e-30
  1.11e-01	  4.06e-02	0.00000e+00
  1.11e-01	  4.11e-02	0.00000e+00
  1.11e-01	  4.17e-02	0.00000e+00
  1.11e-01	  4.22e-02	0.00000e+00
  1.11e-01	  4.27e-02	0.00000e+00
  1.11e-01	  4.32e-02	0.00000e+00
  1.11e-01	  4.37e-02	0.00000e+00
  1.11e-01	  4.43e-02	0.00000e+00
  1.11e-01	  4.48e-02	0.00000e+00
  1.11e-01	  4.53e-02	0.00000e+00
  1.11e-01	  4.58e-02	0.00000e+00
  1.11e-01	  4.64e-02	0.00000e+00
  1.11e-01	  4.69e-02	0.00000e+00
  1.11e-01	  4.74e-02	0.00000e+00
  1.11e-01	  4.79e-02	0.00000e+00
  1.11e-01	  4.84e-02	0.00000e+00
  1.11e-01	  4.90e-02	0.00000e+00
  1.11e-01	  4.95e-02	0.00000e+00

  1.12e-01	  0.00e+00	0.00000e+00
  1.12e-01	  5.21e-04	0.00000e+00
  1.12e-01	  1.04e-03	0.00000e+00
  1.12e-01	  1.56e-03	0.00000e+00
  1.12e-01	  2.08e-03	0.00000e+00
  1.12e-01	  2.60e-03	0.00000e+00
  1.12e-01	  3.12e-03	0.00000e+00
  1.12e-01	  3.65e-03	0.00000e+00
  1.12e-01	  4.17e-03	0.00000e+00
  1.12e-01	  4.69e-03	0.00000e+00
  1.12e-01	  5.21e-03	0.00000e+00
  1.12e-01	  5.73e-03	0.00000e+00
  1.12e-01	  6.25e-03	0.00000e+00
  1.12e-01	  6.77e-03	0.00000e+00
  1.12e-01	  7.29e-03	0.00000e+00
  1.12e-01	  7.81e-03	0.00000e+00
  1.12e-01	  8.33e-03	0.00000e+00
  1.12e-01	  8.85e-03	0.00000e+00
  1.12e-01	  9.37e-03	2.30214e-30
  1.12e-01	  9.90e-03	-1.62207e-02
  1.12e-01	  1.04e-02	-3.11694e-02
  1.12e-01	  1.09e-02	-4.44294e-02
  1.12e-01	  1.15e-02	-5.50924e-02
  1.12e-01	  1.20e-02	-6.24282e-02
  1.12e-01	  1.25e-02	-6.59342e-02
  1.12e-01	  1.30e-02	-6.53963e-02
  1.12e-01	  1.35e-02	-6.09353e-02
  1.12e-01	  1.41e-02	-5.30202e-02
  1.12e-01	  1.46e-02	-4.24382e-02
  1.12e-01	  1.51e-02	-3.02292e-02
  1.12e-01	  1.56e-02	-1.75957e-02
  1.12e-01	  1.61e-02	-5.79868e-03
  1.12e-01	  1.67e-02	3.95713e-03
  1.12e-01	  1.72e-02	1.06441e-02
  1.12e-01	  1.77e-02	1.35345e-02
  1.12e-01	  1.82e-02	1.23119e-02
  1.12e-01	  1.88e-02	7.14983e-03
  1.12e-01	  1.93e-02	-1.26819e-03
  1.12e-01	  1.98e-02	-1.18037e-02
  1.12e-01	  2.03e-02	-2.29969e-02
  1.12e-01	  2.08e-02	-3.32595e-02
  1.12e-01	  2.14e-02	-4.10964e-02
  1.12e-01	  2.19e-02	-4.53181e-02
  1.12e-01	  2.24e-02	-4.52045e-02
  1.12e-01	  2.29e-02	-4.05880e-02
  1.12e-01	  2.34e-02	-3.18505e-02
  1.12e-01	  2.40e-02	-1.98485e-02
  1.12e-01	  2.45e-02	-5.79499e-03
  1.12e-01	  2.50e-02	8.87838e-03
  1.12e-01	  2.55e-02	2.26651e-02
  1.12e-01	  2.60e-02	3.41287e-02
  1.12e-01	  2.66e-02	4.20496e-02
  1.12e-01	  2.71e-02	4.55685e-02
  1.12e-01	  2.76e-02	4.43126e-02
  1.12e-01	  2.81e-02	3.84780e-02
  1.12e-01	  2.86e-02	2.88408e-02
  1.12e-01	  2.92e-02	1.66779e-02
  1.12e-01	  2.97e-02	3.60428e-03
  1.12e-01	  3.02e-02	-8.64464e-03
  1.12e-01	  3.07e-02	-1.84474e-02
  1.12e-01	  3.13e-02	-2.45091e-02
  1.12e-01	  3.18e-02	-2.60161e-02
  1.12e-01	  3.23e-02	-2.27105e-02
  1.12e-01	  3.28e-02	-1.48790e-02
  1.12e-01	  3.33e-02	-3.27683e-03
  1.12e-01	  3.39e-02	1.09862e-02
  1.12e-01	  3.44e-02	2.65707e-02
  1.12e-01	  3.49e-02	4.20304e-02
  1.12e-01	  3.54e-02	5.59281e-02
  1.12e-01	  3.59e-02	6.69467e-02
  1.12e-01	  3.65e-02	7.39976e-02
  1.12e-01	  3.70e-02	7.63200e-02
  1.12e-01	  3.75e-02	7.35587e-02
  1.12e-01	  3.80e-02	6.58037e-02
  1.12e-01	  3.85e-02	5.35826e-02
  1.12e-01	  3.91e-02	3.78122e-02
  1.12e-01	  3.96e-02	1.97326e-02
  1.12e-01	  4.01e-02	-2.28980e-30
  1.12e-01	  4.06e-02	0.00000e+00
  1.12e-01	  4.11e-02	0.00000e+00
  1.12e-01	  4.17e-02	0.00000e+00
  1.12e-01	  4.22e-02	0.00000e+00
  1.12e-01	  4.27e-02	0.00000e+00
  1.12e-01	  4.32e-02	0.00000e+00
  1.12e-01	  4.37e-02	0.00000e+00
  1.12e-01	  4.43e-02	0.00000e+00
  1.12e-01	  4.48e-02	0.00000e+00
  1.12e-01	  4.53e-02	0.00000e+00
  1.12e-01	  4.58e-02	0.00000e+00
  1.12e-01	  4.64e-02	0.00000e+00
  1.12e-01	  4.69e-02	0.00000e+00
  1.12e-01	  4.74e-02	0.00000e+00
  1.12e-01	  4.79e-02	0.00000e+00
  1.12e-01	  4.84e-02	0.00000e+00
  1.12e-01	  4.90e-02	0.00000e+00
  1.12e-01	  4.95e-02	0.00000e+00

  1.13e-01	  0.00e+00	0.00000e+00
  1.13e-01	  5.21e-04	0.00000e+00
  1.13e-01	  1.04e-03	0.00000e+00
  1.13e-01	  1.56e-03	0.00000e+00
  1.13e-01	  2.08e-03	0.00000e+00
  1.13e-01	  2.60e-03	0.00000e+00
  1.13e-01	  3.12e-03	0.00000e+00
  1.13e-01	  3.65e-03	0.00000e+00
  1.13e-01	  4.17e-03	0.00000e+00
  1.13e-01	  4.69e-03	0.00000e+00
  1.13e-01	  5.21e-03	0.00000e+00
  1.13e-01	  5.73e-03	0.00000e+00
  1.13e-01	  6.25e-03	0.00000e+00
  1.13e-01	  6.77e-03	0.00000e+00
  1.13e-01	  7.29e-03	0.00000e+00
  1.13e-01	  7.81e-03	0.00000e+00
  1.13e-01	  8.33e-03	0.00000e+00
  1.13e-01	  8.85e-03	0.00000e+00
  1.13e-01	  9.37e-03	2.29988e-30
  1.13e-01	  9.90e-03	-1.33477e-02
  1.13e-01	  1.04e-02	-2.58139e-02
  1.13e-01	  1.09e-02	-3.69320e-02
  1.13e-01	  1.15e-02	-4.59268e-02
  1.13e-01	  1.20e-02	-5.21970e-02
  1.13e-01	  1.25e-02	-5.53526e-02
  1.13e-01	  1.30e-02	-5.52516e-02
  1.13e-01	  1.35e-02	-5.20217e-02
  1.13e-01	  1.41e-02	-4.60604e-02
  1.13e-01	  1.46e-02	-3.80077e-02
  1.13e-01	  1.51e-02	-2.86943e-02
  1.13e-01	  1.56e-02	-1.90696e-02
  1.13e-01	  1.61e-02	-1.01163e-02
  1.13e-01	  1.67e-02	-2.75708e-03
  1.13e-01	  1.72e-02	2.24221e-03
  1.13e-01	  1.77e-02	4.36373e-03
  1.13e-01	  1.82e-02	3.41293e-03
  1.13e-01	  1.88e-02	-4.36110e-04
  1.13e-01	  1.93e-02	-6.63868e-03
  1.13e-01	  1.98e-02	-1.43288e-02
  1.13e-01	  2.03e-02	-2.24187e-02
  1.13e-01	  2.08e-02	-2.97364e-02
  1.13e-01	  2.14e-02	-3.51819e-02
  1.13e-01	  2.19e-02	-3.78757e-02
  1.13e-01	  2.24e-02	-3.72769e-02
  1.13e-01	  2.29e-02	-3.32490e-02
  1.13e-01	  2.34e-02	-2.60692e-02
  1.13e-01	  2.40e-02	-1.63846e-02
  1.13e-01	  2.45e-02	-5.12980e-03
  1.13e-01	  2.50e-02	6.57987e-03
  1.13e-01	  2.55e-02	1.75674e-02
  1.13e-01	  2.60e-02	2.67174e-02
  1.13e-01	  2.66e-02	3.30981e-02
  1.13e-01	  2.71e-02	3.60716e-02
  1.13e-01	  2.76e-02	3.53827e-02
  1.13e-01	  2.81e-02	3.12073e-02
  1.13e-01	  2.86e-02	2.41485e-02
  1.13e-01	  2.92e-02	1.51719e-02
  1.13e-01	  2.97e-02	5.48729e-03
  1.13e-01	  3.02e-02	-3.60588e-03
  1.13e-01	  3.07e-02	-1.08853e-02
  1.13e-01	  3.13e-02	-1.53580e-02
  1.13e-01	  3.18e-02	-1.63770e-02
  1.13e-01	  3.23e-02	-1.37049e-02
  1.13e-01	  3.28e-02	-7.52150e-03
  1.13e-01	  3.33e-02	1.61811e-03
  1.13e-01	  3.39e-02	1.28596e-02
  1.13e-01	  3.44e-02	2.51446e-02
  1.13e-01	  3.49e-02	3.73122e-02
  1.13e-01	  3.54e-02	4.82010e-02
  1.13e-01	  3.59e-02	5.67466e-02
  1.13e-01	  3.65e-02	6.20728e-02
  1.13e-01	  3.70e-02	6.35711e-02
  1.13e-01	  3.75e-02	6.09596e-02
  1.13e-01	  3.80e-02	5.43141e-02
  1.13e-01	  3.85e-02	4.40668e-02
  1.13e-01	  3.91e-02	3.09756e-02
  1.13e-01	  3.96e-02	1.60716e-02
  1.13e-01	  4.01e-02	-2.28848e-30
  1.13e-01	  4.06e-02	0.00000e+00
  1.13e-01	  4.11e-02	0.00000e+00
  1.13e-01	  4.17e-02	0.00000e+00
  1.13e-01	  4.22e-02	0.00000e+00
  1.13e-01	  4.27e-02	0.00000e+00
  1.13e-01	  4.32e-02	0.00000e+00
  1.13e-01	  4.37e-02	0.00000e+00
  1.13e-01	  4.43e-02	0.00000e+00
  1.13e-01	  4.48e-02	0.00000e+00
  1.13e-01	  4.53e-02	0.00000e+00
  1.13e-01	  4.58e-02	0.00000e+00
  1.13e-01	  4.64e-02	0.00000e+00
  1.13e-01	  4.69e-02	0.00000e+00
  1.13e-01	  4.74e-02	0.00000e+00
  1.13e-01	  4.79e-02	0.00000e+00
  1.13e-01	  4.84e-02	0.00000e+00
  1.13e-01	  4.90e-02	0.00000e+00
  1.13e-01	  4.95e-02	0.00000e+00

  1.14e-01	  0.00e+00	0.00000e+00
  1.14e-01	  5.21e-04	0.00000e+00
  1.14e-01	  1.04e-03	0.00000e+00
  1.14e-01	  1.56e-03	0.00000e+00
  1.14e-01	  2.08e-03	0.00000e+00
  1.14e-01	  2.60e-03	0.00000e+00
  1.14e-01	  3.12e-03	0.00000e+00
  1.14e-01	  3.65e-03	0.00000e+00
  1.14e-01	  4.17e-03	0.00000e+00
  1.14e-01	  4.69e-03	0.00000e+00
  1.14e-01	  5.21e-03	0.00000e+00
  1.14e-01	  5.73e-03	0.00000e+00
  1.14e-01	  6.25e-03	0.00000e+00
  1.14e-01	  6.77e-03	0.00000e+00
  1.14e-01	  7.29e-03	0.00000e+00
  1.14e-01	  7.81e-03	0.00000e+00
  1.14e-01	  8.33e-03	0.00000e+00
  1.14e-01	  8.85e-03	0.00000e+00
  1.14e-01	  9.37e-03	2.29879e-30
  1.14e-01	  9.90e-03	-1.09372e-02
  1.14e-01	  1.04e-02	-2.12724e-02
  1.14e-01	  1.09e-02	-3.05532e-02
  1.14e-01	  1.15e-02	-3.81360e-02
  1.14e-01	  1.20e-02	-4.35281e-02
  1.14e-01	  1.25e-02	-4.64202e-02
  1.14e-01	  1.30e-02	-4.67098e-02
  1.14e-01	  1.35e-02	-4.45128e-02
  1.14e-01	  1.41e-02	-4.01566e-02
  1.14e-01	  1.46e-02	-3.41553e-02
  1.14e-01	  1.51e-02	-2.71664e-02
  1.14e-01	  1.56e-02	-1.99328e-02
  1.14e-01	  1.61e-02	-1.32137e-02
  1.14e-01	  1.67e-02	-7.71085e-03
  1.14e-01	  1.72e-02	-3.99370e-03
  1.14e-01	  1.77e-02	-2.43265e-03
  1.14e-01	  1.82e-02	-3.14764e-03
  1.14e-01	  1.88e-02	-5.98163e-03
  1.14e-01	  1.93e-02	-1.05062e-02
  1.14e-01	  1.98e-02	-1.60630e-02
  1.14e-01	  2.03e-02	-2.18385e-02
  1.14e-01	  2.08e-02	-2.69641e-02
  1.14e-01	  2.14e-02	-3.06279e-02
  1.14e-01	  2.19e-02	-3.21814e-02
  1.14e-01	  2.24e-02	-3.12243e-02
  1.14e-01	  2.29e-02	-2.76563e-02
  1.14e-01	  2.34e-02	-2.16879e-02
  1.14e-01	  2.40e-02	-1.38134e-02
  1.14e-01	  2.45e-02	-4.75118e-03
  1.14e-01	  2.50e-02	4.63724e-03
  1.14e-01	  2.55e-02	1.34425e-02
  1.14e-01	  2.60e-02	2.08067e-02
  1.14e-01	  2.66e-02	2.60202e-02
  1.14e-01	  2.71e-02	2.86062e-02
  1.14e-01	  2.76e-02	2.83834e-02
  1.14e-01	  2.81e-02	2.54977e-02
  1.14e-01	  2.86e-02	2.04126e-02
  1.14e-01	  2.92e-02	1.38591e-02
  1.14e-01	  2.97e-02	6.74794e-03
  1.14e-01	  3.02e-02	5.76285e-05
  1.14e-01	  3.07e-02	-5.28626e-03
  1.14e-01	  3.13e-02	-8.52302e-03
  1.14e-01	  3.18e-02	-9.14473e-03
  1.14e-01	  3.23e-02	-6.94928e-03
  1.14e-01	  3.28e-02	-2.05396e-03
  1.14e-01	  3.33e-02	5.12771e-03
  1.14e-01	  3.39e-02	1.39383e-02
  1.14e-01	  3.44e-02	2.35478e-02
  1.14e-01	  3.49e-02	3.30353e-02
  1.14e-01	  3.54e-02	4.14736e-02
  1.14e-01	  3.59e-02	4.80115e-02
  1.14e-01	  3.65e-02	5.19494e-02
  1.14e-01	  3.70e-02	5.28040e-02
  1.14e-01	  3.75e-02	5.03549e-02
  1.14e-01	  3.80e-02	4.46702e-02
  1.14e-01	  3.85e-02	3.61069e-02
  1.14e-01	  3.91e-02	2.52876e-02
  1.14e-01	  3.96e-02	1.30567e-02
  1.14e-01	  4.01e-02	-2.28845e-30
  1.14e-01	  4.06e-02	0.00000e+00
  1.14e-01	  4.11e-02	0.00000e+00
  1.14e-01	  4.17e-02	0.00000e+00
  1.14e-01	  4.22e-02	0.00000e+00
  1.14e-01	  4.27e-02	0.00000e+00
  1.14e-01	  4.32e-02	0.00000e+00
  1.14e-01	  4.37e-02	0.00000e+00
  1.14e-01	  4.43e-02	0.00000e+00
  1.14e-01	  4.48e-02	0.00000e+00
  1.14e-01	  4.53e-02	0.00000e+00
  1.14e-01	  4.58e-02	0.00000e+00
  1.14e-01	  4.64e-02	0.00000e+00
  1.14e-01	  4.69e-02	0.00000e+00
  1.14e-01	  4.74e-02	0.00000e+00
  1.14e-01	  4.79e-02	0.00000e+00
  1.14e-01	  4.84e-02	0.00000e+00
  1.14e-01	  4.90e-02	0.00000e+00
  1.14e-01	  4.95e-02	0.00000e+00

  1.14e-01	  0.00e+00	0.00000e+00
  1.14e-01	  5.21e-04	0.00000e+00
  1.14e-01	  1.04e-03	0.00000e+00
  1.14e-01	  1.56e-03	0.00000e+00
  1.14e-01	  2.08e-03	0.00000e+00
  1.14e-01	  2.60e-03	0.00000e+00
  1.14e-01	  3.12e-03	0.00000e+00
  1.14e-01	  3.65e-03	0.00000e+00
  1.14e-01	  4.17e-03	0.00000e+00
  1.14e-01	  4.69e-03	0.00000e+00
  1.14e-01	  5.21e-03	0.00000e+00
  1.14e-01	  5.73e-03	0.00000e+00
  1.14e-01	  6.25e-03	0.00000e+00
  1.14e-01	  6.77e-03	0.00000e+00
  1.14e-01	  7.29e-03	0.00000e+00
  1.14e-01	  7.81e-03	0.00000e+00
  1.14e-01	  8.33e-03	0.00000e+00
  1.14e-01	  8.85e-03	0.00000e+00
  1.14e-01	  9.37e-03	2.29835e-30
  1.14e-01	  9.90e-03	-8.96010e-03
  1.14e-01	  1.04e-02	-1.75157e-02
  1.14e-01	  1.09e-02	-2.52572e-02
  1.14e-01	  1.15e-02	-3.16596e-02
  1.14e-01	  1.20e-02	-3.63225e-02
  1.14e-01	  1.25e-02	-3.89975e-02
  1.14e-01	  1.30e-02	-3.96057e-02
  1.14e-01	  1.35e-02	-3.82436e-02
  1.14e-01	  1.41e-02	-3.51745e-02
  1.14e-01	  1.46e-02	-3.08060e-02
  1.14e-01	  1.51e-02	-2.56539e-02
  1.14e-01	  1.56e-02	-2.02952e-02
  1.14e-01	  1.61e-02	-1.53130e-02
  1.14e-01	  1.67e-02	-1.12390e-02
  1.14e-01	  1.72e-02	-8.49665e-03
  1.14e-01	  1.77e-02	-7.35197e-03
  1.14e-01	  1.82e-02	-7.87864e-03
  1.14e-01	  1.88e-02	-9.94220e-03
  1.14e-01	  1.93e-02	-1.32083e-02
  1.14e-01	  1.98e-02	-1.71764e-02
  1.14e-01	  2.03e-02	-2.12367e-02
  1.14e-01	  2.08e-02	-2.47433e-02
  1.14e-01	  2.14e-02	-2.70962e-02
  1.14e-01	  2.19e-02	-2.78179e-02
  1.14e-01	  2.24e-02	-2.66161e-02
  1.14e-01	  2.29e-02	-2.34225e-02
  1.14e-01	  2.34e-02	-1.84024e-02
  1.14e-01	  2.40e-02	-1.19368e-02
  1.14e-01	  2.45e-02	-4.57850e-03
  1.14e-01	  2.50e-02	3.00950e-03
  1.14e-01	  2.55e-02	1.01282e-02
  1.14e-01	  2.60e-02	1.61204e-02
  1.14e-01	  2.66e-02	2.04460e-02
  1.14e-01	  2.71e-02	2.27459e-02
  1.14e-01	  2.76e-02	2.28884e-02
  1.14e-01	  2.81e-02	2.09891e-02
  1.14e-01	  2.86e-02	1.74024e-02
  1.14e-01	  2.92e-02	1.26823e-02
  1.14e-01	  2.97e-02	7.51677e-03
  1.14e-01	  3.02e-02	2.64601e-03
  1.14e-01	  3.07e-02	-1.22699e-03
  1.14e-01	  3.13e-02	-3.51953e-03
  1.14e-01	  3.18e-02	-3.83629e-03
  1.14e-01	  3.23e-02	-2.01214e-03
  1.14e-01	  3.28e-02	1.87323e-03
  1.14e-01	  3.33e-02	7.50832e-03
  1.14e-01	  3.39e-02	1.43864e-02
  1.14e-01	  3.44e-02	2.18594e-02
  1.14e-01	  3.49e-02	2.92018e-02
  1.14e-01	  3.54e-02	3.56794e-02
  1.14e-01	  3.59e-02	4.06171e-02
  1.14e-01	  3.65e-02	4.34606e-02
  1.14e-01	  3.70e-02	4.38291e-02
  1.14e-01	  3.75e-02	4.15530e-02
  1.14e-01	  3.80e-02	3.66946e-02
  1.14e-01	  3.85e-02	2.95487e-02
  1.14e-01	  3.91e-02	2.06234e-02
  1.14e-01	  3.96e-02	1.06032e-02
  1.14e-01	  4.01e-02	-2.28909e-30
  1.14e-01	  4.06e-02	0.00000e+00
  1.14e-01	  4.11e-02	0.00000e+00
  1.14e-01	  4.17e-02	0.00000e+00
  1.14e-01	  4.22e-02	0.00000e+00
  1.14e-01	  4.27e-02	0.00000e+00
  1.14e-01	  4.32e-02	0.00000e+00
  1.14e-01	  4.37e-02	0.00000e+00
  1.14e-01	  4.43e-02	0.00000e+00
  1.14e-01	  4.48e-02	0.00000e+00
  1.14e-01	  4.53e-02	0.00000e+00
  1.14e-01	  4.58e-02	0.00000e+00
  1.14e-01	  4.64e-02	0.00000e+00
  1.14e-01	  4.69e-02	0.00000e+00
  1.14e-01	  4.74e-02	0.00000e+00
  1.14e-01	  4.79e-02	0.00000e+00
  1.14e-01	  4.84e-02	0.00000e+00
  1.14e-01	  4.90e-02	0.00000e+00
  1.14e-01	  4.95e-02	0.00000e+00

  1.15e-01	  0.00e+00	0.00000e+00
  1.15e-01	  5.21e-04	0.00000e+00
  1.15e-01	  1.04e-03	0.00000e+00
  1.15e-01	  1.56e-03	0.00000e+00
  1.15e-01	  2.08e-03	0.00000e+00
  1.15e-01	  2.60e-03	0.00000e+00
  1.15e-01	  3.12e-03	0.00000e+00
  1.15e-01	  3.65e-03	0.00000e+00
  1.15e-01	  4.17e-03	0.00000e+00
  1.15e-01	  4.69e-03	0.00000e+00
  1.15e-01	  5.21e-03	0.00000e+00
  1.15e-01	  5.73e-03	0.00000e+00
  1.15e-01	  6.25e-03	0.00000e+00
  1.15e-01	  6.77e-03	0.00000e+00
  1.15e-01	  7.29e-03	0.00000e+00
  1.15e-01	  7.81e-03	0.00000e+00
  1.15e-01	  8.33e-03	0.00000e+00
  1.15e-01	  8.85e-03	0.00000e+00
  1.15e-01	  9.37e-03	2.29825e-30
  1.15e-01	  9.90e-03	-7.36041e-03
  1.15e-01	  1.04e-02	-1.44554e-02
  1.15e-01	  1.09e-02	-2.09275e-02
  1.15e-01	  1.15e-02	-2.63530e-02
  1.15e-01	  1.20e-02	-3.04087e-02
  1.15e-01	  1.25e-02	-3.28941e-02
  1.15e-01	  1.30e-02	-3.37453e-02
  1.15e-01	  1.35e-02	-3.30383e-02
  1.15e-01	  1.41e-02	-3.09805e-02
  1.15e-01	  1.46e-02	-2.78914e-02
  1.15e-01	  1.51e-02	-2.41722e-02
  1.15e-01	  1.56e-02	-2.02684e-02
  1.15e-01	  1.61e-02	-1.66260e-02
  1.15e-01	  1.67e-02	-1.36469e-02
  1.15e-01	  1.72e-02	-1.16460e-02
  1.15e-01	  1.77e-02	-1.08153e-02
  1.15e-01	  1.82e-02	-1.11994e-02
  1.15e-01	  1.88e-02	-1.26864e-02
  1.15e-01	  1.93e-02	-1.50165e-02
  1.15e-01	  1.98e-02	-1.78093e-02
  1.15e-01	  2.03e-02	-2.06064e-02
  1.15e-01	  2.08e-02	-2.29268e-02
  1.15e-01	  2.14e-02	-2.43266e-02
  1.15e-01	  2.19e-02	-2.44551e-02
  1.15e-01	  2.24e-02	-2.31012e-02
  1.15e-01	  2.29e-02	-2.02218e-02
  1.15e-01	  2.34e-02	-1.59501e-02
  1.15e-01	  2.40e-02	-1.05821e-02
  1.15e-01	  2.45e-02	-4.54481e-03
  1.15e-01	  2.50e-02	1.65172e-03
  1.15e-01	  2.55e-02	7.47065e-03
  1.15e-01	  2.60e-02	1.24088e-02
  1.15e-01	  2.66e-02	1.60545e-02
  1.15e-01	  2.71e-02	1.81356e-02
  1.15e-01	  2.76e-02	1.85540e-02
  1.15e-01	  2.81e-02	1.73996e-02
  1.15e-01	  2.86e-02	1.49425e-02
  1.15e-01	  2.92e-02	1.16030e-02
  1.15e-01	  2.97e-02	7.90251e-03
  1.15e-01	  3.02e-02	4.40284e-03
  1.15e-01	  3.07e-02	1.63930e-03
  1.15e-01	  3.13e-02	5.82878e-05
  1.15e-01	  3.18e-02	-3.41097e-05
  1.15e-01	  3.23e-02	1.49378e-03
  1.15e-01	  3.28e-02	4.58567e-03
  1.15e-01	  3.33e-02	9.00469e-03
  1.15e-01	  3.39e-02	1.43595e-02
  1.15e-01	  3.44e-02	2.01447e-02
  1.15e-01	  3.49e-02	2.57915e-02
  1.15e-01	  3.54e-02	3.07216e-02
  1.15e-01	  3.59e-02	3.44028e-02
  1.15e-01	  3.65e-02	3.63988e-02
  1.15e-01	  3.70e-02	3.64118e-02
  1.15e-01	  3.75e-02	3.43133e-02
  1.15e-01	  3.80e-02	3.01602e-02
  1.15e-01	  3.85e-02	2.41953e-02
  1.15e-01	  3.91e-02	1.68312e-02
  1.15e-01	  3.96e-02	8.62004e-03
  1.15e-01	  4.01e-02	-2.29005e-30
  1.15e-01	  4.06e-02	0.00000e+00
  1.15e-01	  4.11e-02	0.00000e+00
  1.15e-01	  4.17e-02	0.00000e+00
  1.15e-01	  4.22e-02	0.00000e+00
  1.15e-01	  4.27e-02	0.00000e+00
  1.15e-01	  4.32e-02	0.00000e+00
  1.15e-01	  4.37e-02	0.00000e+00
  1.15e-01	  4.43e-02	0.00000e+00
  1.15e-01	  4.48e-02	0.00000e+00
  1.15e-01	  4.53e-02	0.00000e+00
  1.15e-01	  4.58e-02	0.00000e+00
  1.15e-01	  4.64e-02	0.00000e+00
  1.15e-01	  4.69e-02	0.00000e+00
  1.15e-01	  4.74e-02	0.00000e+00
  1.15e-01	  4.79e-02	0.00000e+00
  1.15e-01	  4.84e-02	0.00000e+00
  1.15e-01	  4.90e-02	0.00000e+00
  1.15e-01	  4.95e-02	0.00000e+00

  1.16e-01	  0.00e+00	0.00000e+00
  1.16e-01	  5.21e-04	0.00000e+00
  1.16e-01	  1.04e-03	0.00000e+00
  1.16e-01	  1.56e-03	0.00000e+00
  1.16e-01	  2.08e-03	0.00000e+00
  1.16e-01	  2.60e-03	0.00000e+00
  1.16e-01	  3.12e-03	0.00000e+00
  1.16e-01	  3.65e-03	0.00000e+00
  1.16e-01	  4.17e-03	0.00000e+00
  1.16e-01	  4.69e-03	0.00000e+00
  1.16e-01	  5.21e-03	0.00000e+00
  1.16e-01	  5.73e-03	0.00000e+00
  1.16e-01	  6.25e-03	0.00000e+00
  1.16e-01	  6.77e-03	0.00000e+00
  1.16e-01	  7.29e-03	0.00000e+00
  1.16e-01	  7.81e-03	0.00000e+00
  1.16e-01	  8.33e-03	0.00000e+00
  1.16e-01	  8.85e-03	0.00000e+00
  1.16e-01	  9.37e-03	2.29832e-30
  1.16e-01	  9.90e-03	-6.07622e-03
  1.16e-01	  1.04e-02	-1.19853e-02
  1.16e-01	  1.09e-02	-1.74209e-02
  1.16e-01	  1.15e-02	-2.20437e-02
  1.16e-01	  1.20e-02	-2.55935e-02
  1.16e-01	  1.25e-02	-2.79078e-02
  1.16e-01	  1.30e-02	-2.89334e-02
  1.16e-01	  1.35e-02	-2.87275e-02
  1.16e-01	  1.41e-02	-2.74508e-02
  1.16e-01	  1.46e-02	-2.53508e-02
  1.16e-01	  1.51e-02	-2.27376e-02
  1.16e-01	  1.56e-02	-1.99531e-02
  1.16e-01	  1.61e-02	-1.73376e-02
  1.16e-01	  1.67e-02	-1.51944e-02
  1.16e-01	  1.72e-02	-1.37577e-02
  1.16e-01	  1.77e-02	-1.31664e-02
  1.16e-01	  1.82e-02	-1.34468e-02
  1.16e-01	  1.88e-02	-1.45073e-02
  1.16e-01	  1.93e-02	-1.61466e-02
  1.16e-01	  1.98e-02	-1.80753e-02
  1.16e-01	  2.03e-02	-1.99484e-02
  1.16e-01	  2.08e-02	-2.14071e-02
  1.16e-01	  2.14e-02	-2.21227e-02
  1.16e-01	  2.19e-02	-2.18386e-02
  1.16e-01	  2.24e-02	-2.04036e-02
  1.16e-01	  2.29e-02	-1.77939e-02
  1.16e-01	  2.34e-02	-1.41185e-02
  1.16e-01	  2.40e-02	-9.60972e-03
  1.16e-01	  2.45e-02	-4.59844e-03
  1.16e-01	  2.50e-02	5.21592e-04
  1.16e-01	  2.55e-02	5.33739e-03
  1.16e-01	  2.60e-02	9.46290e-03
  1.16e-01	  2.66e-02	1.25830e-02
  1.16e-01	  2.71e-02	1.44904e-02
  1.16e-01	  2.76e-02	1.51105e-02
  1.16e-01	  2.81e-02	1.45123e-02
  1.16e-01	  2.86e-02	1.29013e-02
  1.16e-01	  2.92e-02	1.05967e-02
  1.16e-01	  2.97e-02	7.99508e-03
  1.16e-01	  3.02e-02	5.52401e-03
  1.16e-01	  3.07e-02	3.59204e-03
  1.16e-01	  3.13e-02	2.54138e-03
  1.16e-01	  3.18e-02	2.60830e-03
  1.16e-01	  3.23e-02	3.89622e-03
  1.16e-01	  3.28e-02	6.36395e-03
  1.16e-01	  3.33e-02	9.82995e-03
  1.16e-01	  3.39e-02	1.39912e-02
  1.16e-01	  3.44e-02	1.84539e-02
  1.16e-01	  3.49e-02	2.27729e-02
  1.16e-01	  3.54e-02	2.64946e-02
  1.16e-01	  3.59e-02	2.92011e-02
  1.16e-01	  3.65e-02	3.05510e-02
  1.16e-01	  3.70e-02	3.03129e-02
  1.16e-01	  3.75e-02	2.83907e-02
  1.16e-01	  3.80e-02	2.48359e-02
  1.16e-01	  3.85e-02	1.98485e-02
  1.16e-01	  3.91e-02	1.37627e-02
  1.16e-01	  3.96e-02	7.02260e-03
  1.16e-01	  4.01e-02	-2.29110e-30
  1.16e-01	  4.06e-02	0.00000e+00
  1.16e-01	  4.11e-02	0.00000e+00
  1.16e-01	  4.17e-02	0.00000e+00
  1.16e-01	  4.22e-02	0.00000e+00
  1.16e-01	  4.27e-02	0.00000e+00
  1.16e-01	  4.32e-02	0.00000e+00
  1.16e-01	  4.37e-02	0.00000e+00
  1.16e-01	  4.43e-02	0.00000e+00
  1.16e-01	  4.48e-02	0.00000e+00
  1.16e-01	  4.53e-02	0.00000e+00
  1.16e-01	  4.58e-02	0.00000e+00
  1.16e-01	  4.64e-02	0.00000e+00
  1.16e-01	  4.69e-02	0.00000e+00
  1.16e-01	  4.74e-02	0.00000e+00
  1.16e-01	  4.79e-02	0.00000e+00
  1.16e-01	  4.84e-02	0.00000e+00
  1.16e-01	  4.90e-02	0.00000e+00
  1.16e-01	  4.95e-02	0.00000e+00

  1.17e-01	  0.00e+00	0.00000e+00
  1.17e-01	  5.21e-04	0.00000e+00
  1.17e-01	  1.04e-03	0.00000e+00
  1.17e-01	  1.56e-03	0.00000e+00
  1.17e-01	  2.08e-03	0.00000e+00
  1.17e-01	  2.60e-03	0.00000e+00
  1.17e-01	  3.12e-03	0.00000e+00
  1.17e-01	  3.65e-03	0.00000e+00
  1.17e-01	  4.17e-03	0.00000e+00
  1.17e-01	  4.69e-03	0.00000e+00
  1.17e-01	  5.21e-03	0.00000e+00
  1.17e-01	  5.73e-03	0.00000e+00
  1.17e-01	  6.25e-03	0.00000e+00
  1.17e-01	  6.77e-03	0.00000e+00
  1.17e-01	  7.29e-03	0.00000e+00
  1.17e-01	  7.81e-03	0.00000e+00
  1.17e-01	  8.33e-03	0.00000e+00
  1.17e-01	  8.85e-03	0.00000e+00
  1.17e-01	  9.37e-03	2.29845e-30
  1.17e-01	  9.90e-03	-5.04928e-03
  1.17e-01	  1.04e-02	-1.00012e-02
  1.17e-01	  1.09e-02	-1.45955e-02
  1.17e-01	  1.15e-02	-1.85612e-02
  1.17e-01	  1.20e-02	-2.16890e-02
  1.17e-01	  1.25e-02	-2.38471e-02
  1.17e-01	  1.30e-02	-2.49896e-02
  1.17e-01	  1.35e-02	-2.51582e-02
  1.17e-01	  1.41e-02	-2.44753e-02
  1.17e-01	  1.46e-02	-2.31311e-02
  1.17e-01	  1.51e-02	-2.13635e-02
  1.17e-01	  1.56e-02	-1.94341e-02
  1.17e-01	  1.61e-02	-1.76014e-02
  1.17e-01	  1.67e-02	-1.60941e-02
  1.17e-01	  1.72e-02	-1.50865e-02
  1.17e-01	  1.77e-02	-1.46792e-02
  1.17e-01	  1.82e-02	-1.48868e-02
  1.17e-01	  1.88e-02	-1.56351e-02
  1.17e-01	  1.93e-02	-1.67683e-02
  1.17e-01	  1.98e-02	-1.80658e-02
  1.17e-01	  2.03e-02	-1.92680e-02
  1.17e-01	  2.08e-02	-2.01066e-02
  1.17e-01	  2.14e-02	-2.03383e-02
  1.17e-01	  2.19e-02	-1.97759e-02
  1.17e-01	  2.24e-02	-1.83125e-02
  1.17e-01	  2.29e-02	-1.59381e-02
  1.17e-01	  2.34e-02	-1.27433e-02
  1.17e-01	  2.40e-02	-8.91166e-03
  1.17e-01	  2.45e-02	-4.70151e-03
  1.17e-01	  2.50e-02	-4.18056e-04
  1.17e-01	  2.55e-02	3.61969e-03
  1.17e-01	  2.60e-02	7.11431e-03
  1.17e-01	  2.66e-02	9.82348e-03
  1.17e-01	  2.71e-02	1.15879e-02
  1.17e-01	  2.76e-02	1.23502e-02
  1.17e-01	  2.81e-02	1.21624e-02
  1.17e-01	  2.86e-02	1.11808e-02
  1.17e-01	  2.92e-02	9.64869e-03
  1.17e-01	  2.97e-02	7.86816e-03
  1.17e-01	  3.02e-02	6.16555e-03
  1.17e-01	  3.07e-02	4.85345e-03
  1.17e-01	  3.13e-02	4.19444e-03
  1.17e-01	  3.18e-02	4.37063e-03
  1.17e-01	  3.23e-02	5.46248e-03
  1.17e-01	  3.28e-02	7.43893e-03
  1.17e-01	  3.33e-02	1.01599e-02
  1.17e-01	  3.39e-02	1.33901e-02
  1.17e-01	  3.44e-02	1.68227e-02
  1.17e-01	  3.49e-02	2.01095e-02
  1.17e-01	  3.54e-02	2.28956e-02
  1.17e-01	  3.59e-02	2.48540e-02
  1.17e-01	  3.65e-02	2.57184e-02
  1.17e-01	  3.70e-02	2.53101e-02
  1.17e-01	  3.75e-02	2.35581e-02
  1.17e-01	  3.80e-02	2.05093e-02
  1.17e-01	  3.85e-02	1.63279e-02
  1.17e-01	  3.91e-02	1.12849e-02
  1.17e-01	  3.96e-02	5.73727e-03
  1.17e-01	  4.01e-02	-2.29213e-30
  1.17e-01	  4.06e-02	0.00000e+00
  1.17e-01	  4.11e-02	0.00000e+00
  1.17e-01	  4.17e-02	0.00000e+00
  1.17e-01	  4.22e-02	0.00000e+00
  1.17e-01	  4.27e-02	0.00000e+00
  1.17e-01	  4.32e-02	0.00000e+00
  1.17e-01	  4.37e-02	0.00000e+00
  1.17e-01	  4.43e-02	0.00000e+00
  1.17e-01	  4.48e-02	0.00000e+00
  1.17e-01	  4.53e-02	0.00000e+00
  1.17e-01	  4.58e-02	0.00000e+00
  1.17e-01	  4.64e-02	0.00000e+00
  1.17e-01	  4.69e-02	0.00000e+00
  1.17e-01	  4.74e-02	0.00000e+00
  1.17e-01	  4.79e-02	0.00000e+00
  1.17e-01	  4.84e-02	0.00000e+00
  1.17e-01	  4.90e-02	0.00000e+00
  1.17e-01	  4.95e-02	0.00000e+00

  1.18e-01	  0.00e+00	0.00000e+00
  1.18e-01	  5.21e-04	0.00000e+00
  1.18e-01	  1.04e-03	0.00000e+00
  1.18e-01	  1.56e-03	0.00000e+00
  1.18e-01	  2.08e-03	0.00000e+00
  1.18e-01	  2.60e-03	0.00000e+00
  1.18e-01	  3.12e-03	0.00000e+00
  1.18e-01	  3.65e-03	0.00000e+00
  1.18e-01	  4.17e-03	0.00000e+00
  1.18e-01	  4.69e-03	0.00000e+00
  1.18e-01	  5.21e-03	0.00000e+00
  1.18e-01	  5.73e-03	0.00000e+00
  1.18e-01	  6.25e-03	0.00000e+00
  1.18e-01	  6.77e-03	0.00000e+00
  1.18e-01	  7.29e-03	0.00000e+00
  1.18e-01	  7.81e-03	0.00000e+00
  1.18e-01	  8.33e-03	0.00000e+00
  1.18e-01	  8.85e-03	0.00000e+00
  1.18e-01	  9.37e-03	2.29859e-30
  1.18e-01	  9.90e-03	-4.22870e-03
  1.18e-01	  1.04e-02	-8.41019e-03
  1.18e-01	  1.09e-02	-1.23233e-02
  1.18e-01	  1.15e-02	-1.57516e-02
  1.18e-01	  1.20e-02	-1.85268e-02
  1.18e-01	  1.25e-02	-2.05412e-02
  1.18e-01	  1.30e-02	-2.17550e-02
  1.18e-01	  1.35e-02	-2.21968e-02
  1.18e-01	  1.41e-02	-2.19589e-02
  1.18e-01	  1.46e-02	-2.11860e-02
  1.18e-01	  1.51e-02	-2.00596e-02
  1.18e-01	  1.56e-02	-1.87789e-02
  1.18e-01	  1.61e-02	-1.75400e-02
  1.18e-01	  1.67e-02	-1.65150e-02
  1.18e-01	  1.72e-02	-1.58335e-02
  1.18e-01	  1.77e-02	-1.55683e-02
  1.18e-01	  1.82e-02	-1.57265e-02
  1.18e-01	  1.88e-02	-1.62485e-02
  1.18e-01	  1.93e-02	-1.70135e-02
  1.18e-01	  1.98e-02	-1.78535e-02
  1.18e-01	  2.03e-02	-1.85724e-02
  1.18e-01	  2.08e-02	-1.89698e-02
  1.18e-01	  2.14e-02	-1.88656e-02
  1.18e-01	  2.19e-02	-1.81236e-02
  1.18e-01	  2.24e-02	-1.66696e-02
  1.18e-01	  2.29e-02	-1.45030e-02
  1.18e-01	  2.34e-02	-1.17000e-02
  1.18e-01	  2.40e-02	-8.40710e-03
  1.18e-01	  2.45e-02	-4.82733e-03
  1.18e-01	  2.50e-02	-1.19874e-03
  1.18e-01	  2.55e-02	2.23089e-03
  1.18e-01	  2.60e-02	5.23109e-03
  1.18e-01	  2.66e-02	7.61433e-03
  1.18e-01	  2.71e-02	9.25719e-03
  1.18e-01	  2.76e-02	1.01147e-02
  1.18e-01	  2.81e-02	1.02258e-02
  1.18e-01	  2.86e-02	9.70937e-03
  1.18e-01	  2.92e-02	8.75096e-03
  1.18e-01	  2.97e-02	7.58148e-03
  1.18e-01	  3.02e-02	6.45067e-03
  1.18e-01	  3.07e-02	5.59824e-03
  1.18e-01	  3.13e-02	5.22598e-03
  1.18e-01	  3.18e-02	5.47422e-03
  1.18e-01	  3.23e-02	6.40513e-03
  1.18e-01	  3.28e-02	7.99475e-03
  1.18e-01	  3.33e-02	1.01343e-02
  1.18e-01	  3.39e-02	1.26408e-02
  1.18e-01	  3.44e-02	1.52745e-02
  1.18e-01	  3.49e-02	1.77636e-02
  1.18e-01	  3.54e-02	1.98305e-02
  1.18e-01	  3.59e-02	2.12199e-02
  1.18e-01	  3.65e-02	2.17246e-02
  1.18e-01	  3.70e-02	2.12074e-02
  1.18e-01	  3.75e-02	1.96169e-02
  1.18e-01	  3.80e-02	1.69951e-02
  1.18e-01	  3.85e-02	1.34775e-02
  1.18e-01	  3.91e-02	9.28410e-03
  1.18e-01	  3.96e-02	4.70235e-03
  1.18e-01	  4.01e-02	-2.29310e-30
  1.18e-01	  4.06e-02	0.00000e+00
  1.18e-01	  4.11e-02	0.00000e+00
  1.18e-01	  4.17e-02	0.00000e+00
  1.18e-01	  4.22e-02	0.00000e+00
  1.18e-01	  4.27e-02	0.00000e+00
  1.18e-01	  4.32e-02	0.00000e+00
  1.18e-01	  4.37e-02	0.00000e+00
  1.18e-01	  4.43e-02	0.00000e+00
  1.18e-01	  4.48e-02	0.00000e+00
  1.18e-01	  4.53e-02	0.00000e+00
  1.18e-01	  4.58e-02	0.00000e+00
  1.18e-01	  4.64e-02	0.00000e+00
  1.18e-01	  4.69e-02	0.00000e+00
  1.18e-01	  4.74e-02	0.00000e+00
  1.18e-01	  4.79e-02	0.00000e+00
  1.18e-01	  4.84e-02	0.00000e+00
  1.18e-01	  4.90e-02	0.00000e+00
  1.18e-01	  4.95e-02	0.00000e+00

  1.18e-01	  0.00e+00	0.00000e+00
  1.18e-01	  5.21e-04	0.00000e+00
  1.18e-01	  1.04e-03	0.00000e+00
  1.18e-01	  1.56e-03	0.00000e+00
  1.18e-01	  2.08e-03	0.00000e+00
  1.18e-01	  2.60e-03	0.00000e+00
  1.18e-01	  3.12e-03	0.00000e+00
  1.18e-01	  3.65e-03	0.00000e+00
  1.18e-01	  4.17e-03	0.00000e+00
  1.18e-01	  4.69e-03	0.00000e+00
  1.18e-01	  5.21e-03	0.00000e+00
  1.18e-01	  5.73e-03	0.00000e+00
  1.18e-01	  6.25e-03	0.00000e+00
  1.18e-01	  6.77e-03	0.00000e+00
  1.18e-01	  7.29e-03	0.00000e+00
  1.18e-01	  7.81e-03	0.00000e+00
  1.18e-01	  8.33e-03	0.00000e+00
  1.18e-01	  8.85e-03	0.00000e+00
  1.18e-01	  9.37e-03	2.29872e-30
  1.18e-01	  9.90e-03	-3.57193e-03
  1.18e-01	  1.04e-02	-7.13308e-03
  1.18e-01	  1.09e-02	-1.04945e-02
  1.18e-01	  1.15e-02	-1.34829e-02
  1.18e-01	  1.20e-02	-1.59624e-02
  1.18e-01	  1.25e-02	-1.78447e-02
  1.18e-01	  1.30e-02	-1.90945e-02
  1.18e-01	  1.35e-02	-1.97306e-02
  1.18e-01	  1.41e-02	-1.98212e-02
  1.18e-01	  1.46e-02	-1.94755e-02
  1.18e-01	  1.51e-02	-1.88313e-02
  1.18e-01	  1.56e-02	-1.80398e-02
  1.18e-01	  1.61e-02	-1.72491e-02
  1.18e-01	  1.67e-02	-1.65885e-02
  1.18e-01	  1.72e-02	-1.61543e-02
  1.18e-01	  1.77e-02	-1.59991e-02
  1.18e-01	  1.82e-02	-1.61253e-02
  1.18e-01	  1.88e-02	-1.64849e-02
  1.18e-01	  1.93e-02	-1.69844e-02
  1.18e-01	  1.98e-02	-1.74954e-02
  1.18e-01	  2.03e-02	-1.78698e-02
  1.18e-01	  2.08e-02	-1.79576e-02
  1.18e-01	  2.14e-02	-1.76259e-02
  1.18e-01	  2.19e-02	-1.67760e-02
  1.18e-01	  2.24e-02	-1.53573e-02
  1.18e-01	  2.29e-02	-1.33760e-02
  1.18e-01	  2.34e-02	-1.08964e-02
  1.18e-01	  2.40e-02	-8.03676e-03
  1.18e-01	  2.45e-02	-4.95785e-03
  1.18e-01	  2.50e-02	-1.84670e-03
  1.18e-01	  2.55e-02	1.10290e-03
  1.18e-01	  2.60e-02	3.71112e-03
  1.18e-01	  2.66e-02	5.83172e-03
  1.18e-01	  2.71e-02	7.36819e-03
  1.18e-01	  2.76e-02	8.28462e-03
  1.18e-01	  2.81e-02	8.60983e-03
  1.18e-01	  2.86e-02	8.43424e-03
  1.18e-01	  2.92e-02	7.89963e-03
  1.18e-01	  2.97e-02	7.18291e-03
  1.18e-01	  3.02e-02	6.47577e-03
  1.18e-01	  3.07e-02	5.96246e-03
  1.18e-01	  3.13e-02	5.79835e-03
  1.18e-01	  3.18e-02	6.09161e-03
  1.18e-01	  3.23e-02	6.89014e-03
  1.18e-01	  3.28e-02	8.17508e-03
  1.18e-01	  3.33e-02	9.86159e-03
  1.18e-01	  3.39e-02	1.18067e-02
  1.18e-01	  3.44e-02	1.38233e-02
  1.18e-01	  3.49e-02	1.56988e-02
  1.18e-01	  3.54e-02	1.72162e-02
  1.18e-01	  3.59e-02	1.81763e-02
  1.18e-01	  3.65e-02	1.84187e-02
  1.18e-01	  3.70e-02	1.78382e-02
  1.18e-01	  3.75e-02	1.63984e-02
  1.18e-01	  3.80e-02	1.41372e-02
  1.18e-01	  3.85e-02	1.11667e-02
  1.18e-01	  3.91e-02	7.66586e-03
  1.18e-01	  3.96e-02	3.86726e-03
  1.18e-01	  4.01e-02	-2.29397e-30
  1.18e-01	  4.06e-02	0.00000e+00
  1.18e-01	  4.11e-02	0.00000e+00
  1.18e-01	  4.17e-02	0.00000e+00
  1.18e-01	  4.22e-02	0.00000e+00
  1.18e-01	  4.27e-02	0.00000e+00
  1.18e-01	  4.32e-02	0.00000e+00
  1.18e-01	  4.37e-02	0.00000e+00
  1.18e-01	  4.43e-02	0.00000e+00
  1.18e-01	  4.48e-02	0.00000e+00
  1.18e-01	  4.53e-02	0.00000e+00
  1.18e-01	  4.58e-02	0.00000e+00
  1.18e-01	  4.64e-02	0.00000e+00
  1.18e-01	  4.69e-02	0.00000e+00
  1.18e-01	  4.74e-02	0.00000e+00
  1.18e-01	  4.79e-02	0.00000e+00
  1.18e-01	  4.84e-02	0.00000e+00
  1.18e-01	  4.90e-02	0.00000e+00
  1.18e-01	  4.95e-02	0.00000e+00

  1.19e-01	  0.00e+00	0.00000e+00
  1.19e-01	  5.21e-04	0.00000e+00
  1.19e-01	  1.04e-03	0.00000e+00
  1.19e-01	  1.56e-03	0.00000e+00
  1.19e-01	  2.08e-03	0.00000e+00
  1.19e-01	  2.60e-03	0.00000e+00
  1.19e-01	  3.12e-03	0.00000e+00
  1.19e-01	  3.65e-03	0.00000e+00
  1.19e-01	  4.17e-03	0.00000e+00
  1.19e-01	  4.69e-03	0.00000e+00
  1.19e-01	  5.21e-03	0.00000e+00
  1.19e-01	  5.73e-03	0.00000e+00
  1.19e-01	  6.25e-03	0.00000e+00
  1.19e-01	  6.77e-03	0.00000e+00
  1.19e-01	  7.29e-03	0.00000e+00
  1.19e-01	  7.81e-03	0.00000e+00
  1.19e-01	  8.33e-03	0.00000e+00
  1.19e-01	  8.85e-03	0.00000e+00
  1.19e-01	  9.37e-03	2.29882e-30
  1.19e-01	  9.90e-03	-3.04431e-03
  1.19e-01	  1.04e-02	-6.10469e-03
  1.19e-01	  1.09e-02	-9.01812e-03
  1.19e-01	  1.15e-02	-1.16452e-02
  1.19e-01	  1.20e-02	-1.38757e-02
  1.19e-01	  1.25e-02	-1.56365e-02
  1.19e-01	  1.30e-02	-1.68963e-02
  1.19e-01	  1.35e-02	-1.76658e-02
  1.19e-01	  1.41e-02	-1.79949e-02
  1.19e-01	  1.46e-02	-1.79652e-02
  1.19e-01	  1.51e-02	-1.76807e-02
  1.19e-01	  1.56e-02	-1.72556e-02
  1.19e-01	  1.61e-02	-1.68014e-02
  1.19e-01	  1.67e-02	-1.64152e-02
  1.19e-01	  1.72e-02	-1.61682e-02
  1.19e-01	  1.77e-02	-1.60982e-02
  1.19e-01	  1.82e-02	-1.62047e-02
  1.19e-01	  1.88e-02	-1.64491e-02
  1.19e-01	  1.93e-02	-1.67588e-02
  1.19e-01	  1.98e-02	-1.70357e-02
  1.19e-01	  2.03e-02	-1.71676e-02
  1.19e-01	  2.08e-02	-1.70423e-02
  1.19e-01	  2.14e-02	-1.65619e-02
  1.19e-01	  2.19e-02	-1.56554e-02
  1.19e-01	  2.24e-02	-1.42894e-02
  1.19e-01	  2.29e-02	-1.24743e-02
  1.19e-01	  2.34e-02	-1.02650e-02
  1.19e-01	  2.40e-02	-7.75791e-03
  1.19e-01	  2.45e-02	-5.08137e-03
  1.19e-01	  2.50e-02	-2.38357e-03
  1.19e-01	  2.55e-02	1.82714e-04
  1.19e-01	  2.60e-02	2.47605e-03
  1.19e-01	  2.66e-02	4.38141e-03
  1.19e-01	  2.71e-02	5.82254e-03
  1.19e-01	  2.76e-02	6.77022e-03
  1.19e-01	  2.81e-02	7.24547e-03
  1.19e-01	  2.86e-02	7.31699e-03
  1.19e-01	  2.92e-02	7.09333e-03
  1.19e-01	  2.97e-02	6.71036e-03
  1.19e-01	  3.02e-02	6.31559e-03
  1.19e-01	  3.07e-02	6.05104e-03
  1.19e-01	  3.13e-02	6.03659e-03
  1.19e-01	  3.18e-02	6.35571e-03
  1.19e-01	  3.23e-02	7.04522e-03
  1.19e-01	  3.28e-02	8.09006e-03
  1.19e-01	  3.33e-02	9.42377e-03
  1.19e-01	  3.39e-02	1.09344e-02
  1.19e-01	  3.44e-02	1.24756e-02
  1.19e-01	  3.49e-02	1.38809e-02
  1.19e-01	  3.54e-02	1.49807e-02
  1.19e-01	  3.59e-02	1.56199e-02
  1.19e-01	  3.65e-02	1.56742e-02
  1.19e-01	  3.70e-02	1.50637e-02
  1.19e-01	  3.75e-02	1.37632e-02
  1.19e-01	  3.80e-02	1.18069e-02
  1.19e-01	  3.85e-02	9.28812e-03
  1.19e-01	  3.91e-02	6.35325e-03
  1.19e-01	  3.96e-02	3.19116e-03
  1.19e-01	  4.01e-02	-2.29474e-30
  1.19e-01	  4.06e-02	0.00000e+00
  1.19e-01	  4.11e-02	0.00000e+00
  1.19e-01	  4.17e-02	0.00000e+00
  1.19e-01	  4.22e-02	0.00000e+00
  1.19e-01	  4.27e-02	0.00000e+00
  1.19e-01	  4.32e-02	0.00000e+00
  1.19e-01	  4.37e-02	0.00000e+00
  1.19e-01	  4.43e-02	0.00000e+00
  1.19e-01	  4.48e-02	0.00000e+00
  1.19e-01	  4.53e-02	0.00000e+00
  1.19e-01	  4.58e-02	0.00000e+00
  1.19e-01	  4.64e-02	0.00000e+00
  1.19e-01	  4.69e-02	0.00000e+00
  1.19e-01	  4.74e-02	0.00000e+00
  1.19e-01	  4.79e-02	0.00000e+00
  1.19e-01	  4.84e-02	0.00000e+00
  1.19e-01	  4.90e-02	0.00000e+00
  1.19e-01	  4.95e-02	0.00000e+00

  1.20e-01	  0.00e+00	0.00000e+00
  1.20e-01	  5.21e-04	0.00000e+00
  1.20e-01	  1.04e-03	0.00000e+00
  1.20e-01	  1.56e-03	0.00000e+00
  1.20e-01	  2.08e-03	0.00000e+00
  1.20e-01	  2.60e-03	0.00000e+00
  1.20e-01	  3.12e-03	0.00000e+00
  1.20e-01	  3.65e-03	0.00000e+00
  1.20e-01	  4.17e-03	0.00000e+00
  1.20e-01	  4.69e-03	0.00000e+00
  1.20e-01	  5.21e-03	0.00000e+00
  1.20e-01	  5.73e-03	0.00000e+00
  1.20e-01	  6.25e-03	0.00000e+00
  1.20e-01	  6.77e-03	0.00000e+00
  1.20e-01	  7.29e-03	0.00000e+00
  1.20e-01	  7.81e-03	0.00000e+00
  1.20e-01	  8.33e-03	0.00000e+00
  1.20e-01	  8.85e-03	0.00000e+00
  1.20e-01	  9.37e-03	2.29890e-30
  1.20e-01	  9.90e-03	-2.61811e-03
  1.20e-01	  1.04e-02	-5.27242e-03
  1.20e-01	  1.09e-02	-7.82043e-03
  1.20e-01	  1.15e-02	-1.01493e-02
  1.20e-01	  1.20e-02	-1.21688e-02
  1.20e-01	  1.25e-02	-1.38181e-02
  1.20e-01	  1.30e-02	-1.50688e-02
  1.20e-01	  1.35e-02	-1.59258e-02
  1.20e-01	  1.41e-02	-1.64246e-02
  1.20e-01	  1.46e-02	-1.66258e-02
  1.20e-01	  1.51e-02	-1.66071e-02
  1.20e-01	  1.56e-02	-1.64544e-02
  1.20e-01	  1.61e-02	-1.62516e-02
  1.20e-01	  1.67e-02	-1.60710e-02
  1.20e-01	  1.72e-02	-1.59653e-02
  1.20e-01	  1.77e-02	-1.59612e-02
  1.20e-01	  1.82e-02	-1.60567e-02
  1.20e-01	  1.88e-02	-1.62205e-02
  1.20e-01	  1.93e-02	-1.63961e-02
  1.20e-01	  1.98e-02	-1.65085e-02
  1.20e-01	  2.03e-02	-1.64726e-02
  1.20e-01	  2.08e-02	-1.62046e-02
  1.20e-01	  2.14e-02	-1.56323e-02
  1.20e-01	  2.19e-02	-1.47055e-02
  1.20e-01	  2.24e-02	-1.34029e-02
  1.20e-01	  2.29e-02	-1.17376e-02
  1.20e-01	  2.34e-02	-9.75697e-03
  1.20e-01	  2.40e-02	-7.54016e-03
  1.20e-01	  2.45e-02	-5.19075e-03
  1.20e-01	  2.50e-02	-2.82713e-03
  1.20e-01	  2.55e-02	-5.70820e-04
  1.20e-01	  2.60e-02	1.46598e-03
  1.20e-01	  2.66e-02	3.19191e-03
  1.20e-01	  2.71e-02	4.54603e-03
  1.20e-01	  2.76e-02	5.50416e-03
  1.20e-01	  2.81e-02	6.08125e-03
  1.20e-01	  2.86e-02	6.32945e-03
  1.20e-01	  2.92e-02	6.33197e-03
  1.20e-01	  2.97e-02	6.19342e-03
  1.20e-01	  3.02e-02	6.02761e-03
  1.20e-01	  3.07e-02	5.94430e-03
  1.20e-01	  3.13e-02	6.03619e-03
  1.20e-01	  3.18e-02	6.36783e-03
  1.20e-01	  3.23e-02	6.96748e-03
  1.20e-01	  3.28e-02	7.82300e-03
  1.20e-01	  3.33e-02	8.88209e-03
  1.20e-01	  3.39e-02	1.00569e-02
  1.20e-01	  3.44e-02	1.12326e-02
  1.20e-01	  3.49e-02	1.22789e-02
  1.20e-01	  3.54e-02	1.30631e-02
  1.20e-01	  3.59e-02	1.34645e-02
  1.20e-01	  3.65e-02	1.33869e-02
  1.20e-01	  3.70e-02	1.27701e-02
  1.20e-01	  3.75e-02	1.15974e-02
  1.20e-01	  3.80e-02	9.89975e-03
  1.20e-01	  3.85e-02	7.75518e-03
  1.20e-01	  3.91e-02	5.28428e-03
  1.20e-01	  3.96e-02	2.64140e-03
  1.20e-01	  4.01e-02	-2.29541e-30
  1.20e-01	  4.06e-02	0.00000e+00
  1.20e-01	  4.11e-02	0.00000e+00
  1.20e-01	  4.17e-02	0.00000e+00
  1.20e-01	  4.22e-02	0.00000e+00
  1.20e-01	  4.27e-02	0.00000e+00
  1.20e-01	  4.32e-02	0.00000e+00
  1.20e-01	  4.37e-02	0.00000e+00
  1.20e-01	  4.43e-02	0.00000e+00
  1.20e-01	  4.48e-02	0.00000e+00
  1.20e-01	  4.53e-02	0.00000e+00
  1.20e-01	  4.58e-02	0.00000e+00
  1.20e-01	  4.64e-02	0.00000e+00
  1.20e-01	  4.69e-02	0.00000e+00
  1.20e-01	  4.74e-02	0.00000e+00
  1.20e-01	  4.79e-02	0.00000e+00
  1.20e-01	  4.84e-02	0.00000e+00
  1.20e-01	  4.90e-02	0.00000e+00
  1.20e-01	  4.95e-02	0.00000e+00

  1.21e-01	  0.00e+00	0.00000e+00
  1.21e-01	  5.21e-04	0.00000e+00
  1.21e-01	  1.04e-03	0.00000e+00
  1.21e-01	  1.56e-03	0.00000e+00
  1.21e-01	  2.08e-03	0.00000e+00
  1.21e-01	  2.60e-03	0.00000e+00
  1.21e-01	  3.12e-03	0.00000e+00
  1.21e-01	  3.65e-03	0.00000e+00
  1.21e-01	  4.17e-03	0.00000e+00
  1.21e-01	  4.69e-03	0.00000e+00
  1.21e-01	  5.21e-03	0.00000e+00
  1.21e-01	  5.73e-03	0.00000e+00
  1.21e-01	  6.25e-03	0.00000e+00
  1.21e-01	  6.77e-03	0.00000e+00
  1.21e-01	  7.29e-03	0.00000e+00
  1.21e-01	  7.81e-03	0.00000e+00
  1.21e-01	  8.33e-03	0.00000e+00
  1.21e-01	  8.85e-03	0.00000e+00
  1.21e-01	  9.37e-03	2.29896e-30
  1.21e-01	  9.90e-03	-2.27141e-03
  1.21e-01	  1.04e-02	-4.59440e-03
  1.21e-01	  1.09e-02	-6.84255e-03
  1.21e-01	  1.15e-02	-8.92363e-03
  1.21e-01	  1.20e-02	-1.07633e-02
  1.21e-01	  1.25e-02	-1.23101e-02
  1.21e-01	  1.30e-02	-1.35384e-02
  1.21e-01	  1.35e-02	-1.44486e-02
  1.21e-01	  1.41e-02	-1.50651e-02
  1.21e-01	  1.46e-02	-1.54324e-02
  1.21e-01	  1.51e-02	-1.56080e-02
  1.21e-01	  1.56e-02	-1.56563e-02
  1.21e-01	  1.61e-02	-1.56399e-02
  1.21e-01	  1.67e-02	-1.56126e-02
  1.21e-01	  1.72e-02	-1.56130e-02
  1.21e-01	  1.77e-02	-1.56600e-02
  1.21e-01	  1.82e-02	-1.57502e-02
  1.21e-01	  1.88e-02	-1.58585e-02
  1.21e-01	  1.93e-02	-1.59409e-02
  1.21e-01	  1.98e-02	-1.59397e-02
  1.21e-01	  2.03e-02	-1.57904e-02
  1.21e-01	  2.08e-02	-1.54305e-02
  1.21e-01	  2.14e-02	-1.48072e-02
  1.21e-01	  2.19e-02	-1.38850e-02
  1.21e-01	  2.24e-02	-1.26518e-02
  1.21e-01	  2.29e-02	-1.11221e-02
  1.21e-01	  2.34e-02	-9.33699e-03
  1.21e-01	  2.40e-02	-7.36218e-03
  1.21e-01	  2.45e-02	-5.28200e-03
  1.21e-01	  2.50e-02	-3.19200e-03
  1.21e-01	  2.55e-02	-1.18967e-03
  1.21e-01	  2.60e-02	6.35073e-04
  1.21e-01	  2.66e-02	2.20895e-03
  1.21e-01	  2.71e-02	3.48266e-03
  1.21e-01	  2.76e-02	4.43580e-03
  1.21e-01	  2.81e-02	5.07869e-03
  1.21e-01	  2.86e-02	5.45078e-03
  1.21e-01	  2.92e-02	5.61593e-03
  1.21e-01	  2.97e-02	5.65485e-03
  1.21e-01	  3.02e-02	5.65558e-03
  1.21e-01	  3.07e-02	5.70316e-03
  1.21e-01	  3.13e-02	5.86948e-03
  1.21e-01	  3.18e-02	6.20453e-03
  1.21e-01	  3.23e-02	6.73001e-03
  1.21e-01	  3.28e-02	7.43606e-03
  1.21e-01	  3.33e-02	8.28138e-03
  1.21e-01	  3.39e-02	9.19685e-03
  1.21e-01	  3.44e-02	1.00923e-02
  1.21e-01	  3.49e-02	1.08653e-02
  1.21e-01	  3.54e-02	1.14123e-02
  1.21e-01	  3.59e-02	1.16392e-02
  1.21e-01	  3.65e-02	1.14720e-02
  1.21e-01	  3.70e-02	1.08654e-02
  1.21e-01	  3.75e-02	9.80923e-03
  1.21e-01	  3.80e-02	8.33160e-03
  1.21e-01	  3.85e-02	6.49839e-03
  1.21e-01	  3.91e-02	4.40951e-03
  1.21e-01	  3.96e-02	2.19208e-03
  1.21e-01	  4.01e-02	-2.29600e-30
  1.21e-01	  4.06e-02	0.00000e+00
  1.21e-01	  4.11e-02	0.00000e+00
  1.21e-01	  4.17e-02	0.00000e+00
  1.21e-01	  4.22e-02	0.00000e+00
  1.21e-01	  4.27e-02	0.00000e+00
  1.21e-01	  4.32e-02	0.00000e+00
  1.21e-01	  4.37e-02	0.00000e+00
  1.21e-01	  4.43e-02	0.00000e+00
  1.21e-01	  4.48e-02	0.00000e+00
  1.21e-01	  4.53e-02	0.00000e+00
  1.21e-01	  4.58e-02	0.00000e+00
  1.21e-01	  4.64e-02	0.00000e+00
  1.21e-01	  4.69e-02	0.00000e+00
  1.21e-01	  4.74e-02	0.00000e+00
  1.21e-01	  4.79e-02	0.00000e+00
  1.21e-01	  4.84e-02	0.00000e+00
  1.21e-01	  4.90e-02	0.00000e+00
  1.21e-01	  4.95e-02	0.00000e+00

  1.21e-01	  0.00e+00	0.00000e+00
  1.21e-01	  5.21e-04	0.00000e+00
  1.21e-01	  1.04e-03	0.00000e+00
  1.21e-01	  1.56e-03	0.00000e+00
  1.21e-01	  2.08e-03	0.00000e+00
  1.21e-01	  2.60e-03	0.00000e+00
  1.21e-01	  3.12e-03	0.00000e+00
  1.21e-01	  3.65e-03	0.00000e+00
  1.21e-01	  4.17e-03	0.00000e+00
  1.21e-01	  4.69e-03	0.00000e+00
  1.21e-01	  5.21e-03	0.00000e+00
  1.21e-01	  5.73e-03	0.00000e+00
  1.21e-01	  6.25e-03	0.00000e+00
  1.21e-01	  6.77e-03	0.00000e+00
  1.21e-01	  7.29e-03	0.00000e+00
  1.21e-01	  7.81e-03	0.00000e+00
  1.21e-01	  8.33e-03	0.00000e+00
  1.21e-01	  8.85e-03	0.00000e+00
  1.21e-01	  9.37e-03	2.29900e-30
  1.21e-01	  9.90e-03	-1.98705e-03
  1.21e-01	  1.04e-02	-4.03768e-03
  1.21e-01	  1.09e-02	-6.03791e-03
  1.21e-01	  1.15e-02	-7.91160e-03
  1.21e-01	  1.20e-02	-9.59677e-03
  1.21e-01	  1.25e-02	-1.10495e-02
  1.21e-01	  1.30e-02	-1.22463e-02
  1.21e-01	  1.35e-02	-1.31842e-02
  1.21e-01	  1.41e-02	-1.38795e-02
  1.21e-01	  1.46e-02	-1.43638e-02
  1.21e-01	  1.51e-02	-1.46797e-02
  1.21e-01	  1.56e-02	-1.48747e-02
  1.21e-01	  1.61e-02	-1.49955e-02
  1.21e-01	  1.67e-02	-1.50817e-02
  1.21e-01	  1.72e-02	-1.51614e-02
  1.21e-01	  1.77e-02	-1.52477e-02
  1.21e-01	  1.82e-02	-1.53365e-02
  1.21e-01	  1.88e-02	-1.54076e-02
  1.21e-01	  1.93e-02	-1.54265e-02
  1.21e-01	  1.98e-02	-1.53487e-02
  1.21e-01	  2.03e-02	-1.51256e-02
  1.21e-01	  2.08e-02	-1.47103e-02
  1.21e-01	  2.14e-02	-1.40646e-02
  1.21e-01	  2.19e-02	-1.31640e-02
  1.21e-01	  2.24e-02	-1.20028e-02
  1.21e-01	  2.29e-02	-1.05961e-02
  1.21e-01	  2.34e-02	-8.97990e-03
  1.21e-01	  2.40e-02	-7.20918e-03
  1.21e-01	  2.45e-02	-5.35333e-03
  1.21e-01	  2.50e-02	-3.49017e-03
  1.21e-01	  2.55e-02	-1.69874e-03
  1.21e-01	  2.60e-02	-5.17855e-05
  1.21e-01	  2.66e-02	1.39126e-03
  1.21e-01	  2.71e-02	2.59001e-03
  1.21e-01	  2.76e-02	3.52696e-03
  1.21e-01	  2.81e-02	4.20882e-03
  1.21e-01	  2.86e-02	4.66536e-03
  1.21e-01	  2.92e-02	4.94558e-03
  1.21e-01	  2.97e-02	5.11185e-03
  1.21e-01	  3.02e-02	5.23246e-03
  1.21e-01	  3.07e-02	5.37347e-03
  1.21e-01	  3.13e-02	5.59077e-03
  1.21e-01	  3.18e-02	5.92314e-03
  1.21e-01	  3.23e-02	6.38728e-03
  1.21e-01	  3.28e-02	6.97512e-03
  1.21e-01	  3.33e-02	7.65395e-03
  1.21e-01	  3.39e-02	8.36925e-03
  1.21e-01	  3.44e-02	9.04997e-03
  1.21e-01	  3.49e-02	9.61580e-03
  1.21e-01	  3.54e-02	9.98557e-03
  1.21e-01	  3.59e-02	1.00861e-02
  1.21e-01	  3.65e-02	9.86050e-03
  1.21e-01	  3.70e-02	9.27522e-03
  1.21e-01	  3.75e-02	8.32499e-03
  1.21e-01	  3.80e-02	7.03537e-03
  1.21e-01	  3.85e-02	5.46243e-03
  1.21e-01	  3.91e-02	3.68971e-03
  1.21e-01	  3.96e-02	1.82272e-03
  1.21e-01	  4.01e-02	-2.29652e-30
  1.21e-01	  4.06e-02	0.00000e+00
  1.21e-01	  4.11e-02	0.00000e+00
  1.21e-01	  4.17e-02	0.00000e+00
  1.21e-01	  4.22e-02	0.00000e+00
  1.21e-01	  4.27e-02	0.00000e+00
  1.21e-01	  4.32e-02	0.00000e+00
  1.21e-01	  4.37e-02	0.00000e+00
  1.21e-01	  4.43e-02	0.00000e+00
  1.21e-01	  4.48e-02	0.00000e+00
  1.21e-01	  4.53e-02	0.00000e+00
  1.21e-01	  4.58e-02	0.00000e+00
  1.21e-01	  4.64e-02	0.00000e+00
  1.21e-01	  4.69e-02	0.00000e+00
  1.21e-01	  4.74e-02	0.00000e+00
  1.21e-01	  4.79e-02	0.00000e+00
  1.21e-01	  4.84e-02	0.00000e+00
  1.21e-01	  4.90e-02	0.00000e+00
  1.21e-01	  4.95e-02	0.00000e+00

  1.22e-01	  0.00e+00	0.00000e+00
  1.22e-01	  5.21e-04	0.00000e+00
  1.22e-01	  1.04e-03	0.00000e+00
  1.22e-01	  1.56e-03	0.00000e+00
  1.22e-01	  2.08e-03	0.00000e+00
  1.22e-01	  2.60e-03	0.00000e+00
  1.22e-01	  3.12e-03	0.00000e+00
  1.22e-01	  3.65e-03	0.00000e+00
  1.22e-01	  4.17e-03	0.00000e+00
  1.22e-01	  4.69e-03	0.00000e+00
  1.22e-01	  5.21e-03	0.00000e+00
  1.22e-01	  5.73e-03	0.00000e+00
  1.22e-01	  6.25e-03	0.00000e+00
  1.22e-01	  6.77e-03	0.00000e+00
  1.22e-01	  7.29e-03	0.00000e+00
  1.22e-01	  7.81e-03	0.00000e+00
  1.22e-01	  8.33e-03	0.00000e+00
  1.22e-01	  8.85e-03	0.00000e+00
  1.22e-01	  9.37e-03	2.29902e-30
  1.22e-01	  9.90e-03	-1.75166e-03
  1.22e-01	  1.04e-02	-3.57647e-03
  1.22e-01	  1.09e-02	-5.36998e-03
  1.22e-01	  1.15e-02	-7.06861e-03
  1.22e-01	  1.20e-02	-8.62003e-03
  1.22e-01	  1.25e-02	-9.98633e-03
  1.22e-01	  1.30e-02	-1.11457e-02
  1.22e-01	  1.35e-02	-1.20930e-02
  1.22e-01	  1.41e-02	-1.28378e-02
  1.22e-01	  1.46e-02	-1.34024e-02
  1.22e-01	  1.51e-02	-1.38177e-02
  1.22e-01	  1.56e-02	-1.41185e-02
  1.22e-01	  1.61e-02	-1.43391e-02
  1.22e-01	  1.67e-02	-1.45086e-02
  1.22e-01	  1.72e-02	-1.46473e-02
  1.22e-01	  1.77e-02	-1.47636e-02
  1.22e-01	  1.82e-02	-1.48536e-02
  1.22e-01	  1.88e-02	-1.49005e-02
  1.22e-01	  1.93e-02	-1.48773e-02
  1.22e-01	  1.98e-02	-1.47499e-02
  1.22e-01	  2.03e-02	-1.44813e-02
  1.22e-01	  2.08e-02	-1.40368e-02
  1.22e-01	  2.14e-02	-1.33886e-02
  1.22e-01	  2.19e-02	-1.25207e-02
  1.22e-01	  2.24e-02	-1.14317e-02
  1.22e-01	  2.29e-02	-1.01368e-02
  1.22e-01	  2.34e-02	-8.66775e-03
  1.22e-01	  2.40e-02	-7.07104e-03
  1.22e-01	  2.45e-02	-5.40430e-03
  1.22e-01	  2.50e-02	-3.73155e-03
  1.22e-01	  2.55e-02	-2.11751e-03
  1.22e-01	  2.60e-02	-6.21654e-04
  1.22e-01	  2.66e-02	7.07278e-04
  1.22e-01	  2.71e-02	1.83579e-03
  1.22e-01	  2.76e-02	2.74858e-03
  1.22e-01	  2.81e-02	3.44965e-03
  1.22e-01	  2.86e-02	3.96126e-03
  1.22e-01	  2.92e-02	4.32101e-03
  1.22e-01	  2.97e-02	4.57718e-03
  1.22e-01	  3.02e-02	4.78283e-03
  1.22e-01	  3.07e-02	4.98942e-03
  1.22e-01	  3.13e-02	5.24049e-03
  1.22e-01	  3.18e-02	5.56623e-03
  1.22e-01	  3.23e-02	5.97948e-03
  1.22e-01	  3.28e-02	6.47361e-03
  1.22e-01	  3.33e-02	7.02266e-03
  1.22e-01	  3.39e-02	7.58349e-03
  1.22e-01	  3.44e-02	8.10008e-03
  1.22e-01	  3.49e-02	8.50928e-03
  1.22e-01	  3.54e-02	8.74752e-03
  1.22e-01	  3.59e-02	8.75795e-03
  1.22e-01	  3.65e-02	8.49703e-03
  1.22e-01	  3.70e-02	7.94023e-03
  1.22e-01	  3.75e-02	7.08597e-03
  1.22e-01	  3.80e-02	5.95766e-03
  1.22e-01	  3.85e-02	4.60347e-03
  1.22e-01	  3.91e-02	3.09384e-03
  1.22e-01	  3.96e-02	1.51719e-03
  1.22e-01	  4.01e-02	-2.29697e-30
  1.22e-01	  4.06e-02	0.00000e+00
  1.22e-01	  4.11e-02	0.00000e+00
  1.22e-01	  4.17e-02	0.00000e+00
  1.22e-01	  4.22e-02	0.00000e+00
  1.22e-01	  4.27e-02	0.00000e+00
  1.22e-01	  4.32e-02	0.00000e+00
  1.22e-01	  4.37e-02	0.00000e+00
  1.22e-01	  4.43e-02	0.00000e+00
  1.22e-01	  4.48e-02	0.00000e+00
  1.22e-01	  4.53e-02	0.00000e+00
  1.22e-01	  4.58e-02	0.00000e+00
  1.22e-01	  4.64e-02	0.00000e+00
  1.22e-01	  4.69e-02	0.00000e+00
  1.22e-01	  4.74e-02	0.00000e+00
  1.22e-01	  4.79e-02	0.00000e+00
  1.22e-01	  4.84e-02	0.00000e+00
  1.22e-01	  4.90e-02	0.00000e+00
  1.22e-01	  4.95e-02	0.00000e+00

  1.23e-01	  0.00e+00	0.00000e+00
  1.23e-01	  5.21e-04	0.00000e+00
  1.23e-01	  1.04e-03	0.00000e+00
  1.23e-01	  1.56e-03	0.00000e+00
  1.23e-01	  2.08e-03	0.00000e+00
  1.23e-01	  2.60e-03	0.00000e+00
  1.23e-01	  3.12e-03	0.00000e+00
  1.23e-01	  3.65e-03	0.00000e+00
  1.23e-01	  4.17e-03	0.00000e+00
  1.23e-01	  4.69e-03	0.00000e+00
  1.23e-01	  5.21e-03	0.00000e+00
  1.23e-01	  5.73e-03	0.00000e+00
  1.23e-01	  6.25e-03	0.00000e+00
  1.23e-01	  6.77e-03	0.00000e+00
  1.23e-01	  7.29e-03	0.00000e+00
  1.23e-01	  7.81e-03	0.00000e+00
  1.23e-01	  8.33e-03	0.00000e+00
  1.23e-01	  8.85e-03	0.00000e+00
  1.23e-01	  9.37e-03	2.29903e-30
  1.23e-01	  9.90e-03	-1.55485e-03
  1.23e-01	  1.04e-02	-3.19066e-03
  1.23e-01	  1.09e-02	-4.81022e-03
  1.23e-01	  1.15e-02	-6.35974e-03
  1.23e-01	  1.20e-02	-7.79447e-03
  1.23e-01	  1.25e-02	-9.08124e-03
  1.23e-01	  1.30e-02	-1.01998e-02
  1.23e-01	  1.35e-02	-1.11430e-02
  1.23e-01	  1.41e-02	-1.19159e-02
  1.23e-01	  1.46e-02	-1.25334e-02
  1.23e-01	  1.51e-02	-1.30173e-02
  1.23e-01	  1.56e-02	-1.33930e-02
  1.23e-01	  1.61e-02	-1.36853e-02
  1.23e-01	  1.67e-02	-1.39153e-02
  1.23e-01	  1.72e-02	-1.40972e-02
  1.23e-01	  1.77e-02	-1.42366e-02
  1.23e-01	  1.82e-02	-1.43290e-02
  1.23e-01	  1.88e-02	-1.43611e-02
  1.23e-01	  1.93e-02	-1.43115e-02
  1.23e-01	  1.98e-02	-1.41537e-02
  1.23e-01	  2.03e-02	-1.38600e-02
  1.23e-01	  2.08e-02	-1.34044e-02
  1.23e-01	  2.14e-02	-1.27675e-02
  1.23e-01	  2.19e-02	-1.19390e-02
  1.23e-01	  2.24e-02	-1.09207e-02
  1.23e-01	  2.29e-02	-9.72758e-03
  1.23e-01	  2.34e-02	-8.38779e-03
  1.23e-01	  2.40e-02	-6.94094e-03
  1.23e-01	  2.45e-02	-5.43539e-03
  1.23e-01	  2.50e-02	-3.92435e-03
  1.23e-01	  2.55e-02	-2.46134e-03
  1.23e-01	  2.60e-02	-1.09550e-03
  1.23e-01	  2.66e-02	1.32733e-04
  1.23e-01	  2.71e-02	1.19522e-03
  1.23e-01	  2.76e-02	2.07842e-03
  1.23e-01	  2.81e-02	2.78421e-03
  1.23e-01	  2.86e-02	3.32911e-03
  1.23e-01	  2.92e-02	3.74191e-03
  1.23e-01	  2.97e-02	4.06001e-03
  1.23e-01	  3.02e-02	4.32472e-03
  1.23e-01	  3.07e-02	4.57621e-03
  1.23e-01	  3.13e-02	4.84848e-03
  1.23e-01	  3.18e-02	5.16510e-03
  1.23e-01	  3.23e-02	5.53593e-03
  1.23e-01	  3.28e-02	5.95555e-03
  1.23e-01	  3.33e-02	6.40326e-03
  1.23e-01	  3.39e-02	6.84489e-03
  1.23e-01	  3.44e-02	7.23619e-03
  1.23e-01	  3.49e-02	7.52744e-03
  1.23e-01	  3.54e-02	7.66890e-03
  1.23e-01	  3.59e-02	7.61644e-03
  1.23e-01	  3.65e-02	7.33696e-03
  1.23e-01	  3.70e-02	6.81290e-03
  1.23e-01	  3.75e-02	6.04544e-03
  1.23e-01	  3.80e-02	5.05616e-03
  1.23e-01	  3.85e-02	3.88682e-03
  1.23e-01	  3.91e-02	2.59743e-03
  1.23e-01	  3.96e-02	1.26280e-03
  1.23e-01	  4.01e-02	-2.29737e-30
  1.23e-01	  4.06e-02	0.00000e+00
  1.23e-01	  4.11e-02	0.00000e+00
  1.23e-01	  4.17e-02	0.00000e+00
  1.23e-01	  4.22e-02	0.00000e+00
  1.23e-01	  4.27e-02	0.00000e+00
  1.23e-01	  4.32e-02	0.00000e+00
  1.23e-01	  4.37e-02	0.00000e+00
  1.23e-01	  4.43e-02	0.00000e+00
  1.23e-01	  4.48e-02	0.00000e+00
  1.23e-01	  4.53e-02	0.00000e+00
  1.23e-01	  4.58e-02	0.00000e+00
  1.23e-01	  4.64e-02	0.00000e+00
  1.23e-01	  4.69e-02	0.00000e+00
  1.23e-01	  4.74e-02	0.00000e+00
  1.23e-01	  4.79e-02	0.00000e+00
  1.23e-01	  4.84e-02	0.00000e+00
  1.23e-01	  4.90e-02	0.00000e+00
  1.23e-01	  4.95e-02	0.00000e+00

  1.24e-01	  0.00e+00	0.00000e+00
  1.24e-01	  5.21e-04	0.00000e+00
  1.24e-01	  1.04e-03	0.00000e+00
  1.24e-01	  1.56e-03	0.00000e+00
  1.24e-01	  2.08e-03	0.00000e+00
  1.24e-01	  2.60e-03	0.00000e+00
  1.24e-01	  3.12e-03	0.00000e+00
  1.24e-01	  3.65e-03	0.00000e+00
  1.24e-01	  4.17e-03	0.00000e+00
  1.24e-01	  4.69e-03	0.00000e+00
  1.24e-01	  5.21e-03	0.00000e+00
  1.24e-01	  5.73e-03	0.00000e+00
  1.24e-01	  6.25e-03	0.00000e+00
  1.24e-01	  6.77e-03	0.00000e+00
  1.24e-01	  7.29e-03	0.00000e+00
  1.24e-01	  7.81e-03	0.00000e+00
  1.24e-01	  8.33e-03	0.00000e+00
  1.24e-01	  8.85e-03	0.00000e+00
  1.24e-01	  9.37e-03	2.29904e-30
  1.24e-01	  9.90e-03	-1.38857e-03
  1.24e-01	  1.04e-02	-2.86462e-03
  1.24e-01	  1.09e-02	-4.33640e-03
  1.24e-01	  1.15e-02	-5.75772e-03
  1.24e-01	  1.20e-02	-7.08984e-03
  1.24e-01	  1.25e-02	-8.30332e-03
  1.24e-01	  1.30e-02	-9.37918e-03
  1.24e-01	  1.35e-02	-1.03090e-02
  1.24e-01	  1.41e-02	-1.10942e-02
  1.24e-01	  1.46e-02	-1.17441e-02
  1.24e-01	  1.51e-02	-1.22737e-02
  1.24e-01	  1.56e-02	-1.27011e-02
  1.24e-01	  1.61e-02	-1.30439e-02
  1.24e-01	  1.67e-02	-1.33171e-02
  1.24e-01	  1.72e-02	-1.35304e-02
  1.24e-01	  1.77e-02	-1.36871e-02
  1.24e-01	  1.82e-02	-1.37830e-02
  1.24e-01	  1.88e-02	-1.38068e-02
  1.24e-01	  1.93e-02	-1.37417e-02
  1.24e-01	  1.98e-02	-1.35674e-02
  1.24e-01	  2.03e-02	-1.32628e-02
  1.24e-01	  2.08e-02	-1.28090e-02
  1.24e-01	  2.14e-02	-1.21923e-02
  1.24e-01	  2.19e-02	-1.14069e-02
  1.24e-01	  2.24e-02	-1.04568e-02
  1.24e-01	  2.29e-02	-9.35650e-03
  1.24e-01	  2.34e-02	-8.13096e-03
  1.24e-01	  2.40e-02	-6.81435e-03
  1.24e-01	  2.45e-02	-5.44760e-03
  1.24e-01	  2.50e-02	-4.07538e-03
  1.24e-01	  2.55e-02	-2.74241e-03
  1.24e-01	  2.60e-02	-1.48972e-03
  1.24e-01	  2.66e-02	-3.51218e-04
  1.24e-01	  2.71e-02	6.49145e-04
  1.24e-01	  2.76e-02	1.49921e-03
  1.24e-01	  2.81e-02	2.19927e-03
  1.24e-01	  2.86e-02	2.76139e-03
  1.24e-01	  2.92e-02	3.20757e-03
  1.24e-01	  2.97e-02	3.56675e-03
  1.24e-01	  3.02e-02	3.87116e-03
  1.24e-01	  3.07e-02	4.15221e-03
  1.24e-01	  3.13e-02	4.43653e-03
  1.24e-01	  3.18e-02	4.74251e-03
  1.24e-01	  3.23e-02	5.07780e-03
  1.24e-01	  3.28e-02	5.43791e-03
  1.24e-01	  3.33e-02	5.80633e-03
  1.24e-01	  3.39e-02	6.15594e-03
  1.24e-01	  3.44e-02	6.45174e-03
  1.24e-01	  3.49e-02	6.65457e-03
  1.24e-01	  3.54e-02	6.72552e-03
  1.24e-01	  3.59e-02	6.63047e-03
  1.24e-01	  3.65e-02	6.34445e-03
  1.24e-01	  3.70e-02	5.85529e-03
  1.24e-01	  3.75e-02	5.16626e-03
  1.24e-01	  3.80e-02	4.29733e-03
  1.24e-01	  3.85e-02	3.28508e-03
  1.24e-01	  3.91e-02	2.18116e-03
  1.24e-01	  3.96e-02	1.04954e-03
  1.24e-01	  4.01e-02	-2.29772e-30
  1.24e-01	  4.06e-02	0.00000e+00
  1.24e-01	  4.11e-02	0.00000e+00
  1.24e-01	  4.17e-02	0.00000e+00
  1.24e-01	  4.22e-02	0.00000e+00
  1.24e-01	  4.27e-02	0.00000e+00
  1.24e-01	  4.32e-02	0.00000e+00
  1.24e-01	  4.37e-02	0.00000e+00
  1.24e-01	  4.43e-02	0.00000e+00
  1.24e-01	  4.48e-02	0.00000e+00
  1.24e-01	  4.53e-02	0.00000e+00
  1.24e-01	  4.58e-02	0.00000e+00
  1.24e-01	  4.64e-02	0.00000e+00
  1.24e-01	  4.69e-02	0.00000e+00
  1.24e-01	  4.74e-02	0.00000e+00
  1.24e-01	  4.79e-02	0.00000e+00
  1.24e-01	  4.84e-02	0.00000e+00
  1.24e-01	  4.90e-02	0.00000e+00
  1.24e-01	  4.95e-02	0.00000e+00

  1.25e-01	  0.00e+00	0.00000e+00
  1.25e-01	  5.21e-04	0.00000e+00
  1.25e-01	  1.04e-03	0.00000e+00
  1.25e-01	  1.56e-03	0.00000e+00
  1.25e-01	  2.08e-03	0.00000e+00
  1.25e-01	  2.60e-03	0.00000e+00
  1.25e-01	  3.12e-03	0.00000e+00
  1.25e-01	  3.65e-03	0.00000e+00
  1.25e-01	  4.17e-03	0.00000e+00
  1.25e-01	  4.69e-03	0.00000e+00
  1.25e-01	  5.21e-03	0.00000e+00
  1.25e-01	  5.73e-03	0.00000e+00
  1.25e-01	  6.25e-03	0.00000e+00
  1.25e-01	  6.77e-03	0.00000e+00
  1.25e-01	  7.29e-03	0.00000e+00
  1.25e-01	  7.81e-03	0.00000e+00
  1.25e-01	  8.33e-03	0.00000e+00
  1.25e-01	  8.85e-03	0.00000e+00
  1.25e-01	  9.37e-03	2.29904e-30
  1.25e-01	  9.90e-03	-1.24660e-03
  1.25e-01	  1.04e-02	-2.58622e-03
  1.25e-01	  1.09e-02	-3.93118e-03
  1.25e-01	  1.15e-02	-5.24128e-03
  1.25e-01	  1.20e-02	-6.48245e-03
  1.25e-01	  1.25e-02	-7.62828e-03
  1.25e-01	  1.30e-02	-8.66085e-03
  1.25e-01	  1.35e-02	-9.57083e-03
  1.25e-01	  1.41e-02	-1.03568e-02
  1.25e-01	  1.46e-02	-1.10241e-02
  1.25e-01	  1.51e-02	-1.15824e-02
  1.25e-01	  1.56e-02	-1.20440e-02
  1.25e-01	  1.61e-02	-1.24213e-02
  1.25e-01	  1.67e-02	-1.27246e-02
  1.25e-01	  1.72e-02	-1.29604e-02
  1.25e-01	  1.77e-02	-1.31301e-02
  1.25e-01	  1.82e-02	-1.32296e-02
  1.25e-01	  1.88e-02	-1.32497e-02
  1.25e-01	  1.93e-02	-1.31771e-02
  1.25e-01	  1.98e-02	-1.29960e-02
  1.25e-01	  2.03e-02	-1.26905e-02
  1.25e-01	  2.08e-02	-1.22470e-02
  1.25e-01	  2.14e-02	-1.16563e-02
  1.25e-01	  2.19e-02	-1.09157e-02
  1.25e-01	  2.24e-02	-1.00305e-02
  1.25e-01	  2.29e-02	-9.01480e-03
  1.25e-01	  2.34e-02	-7.89086e-03
  1.25e-01	  2.40e-02	-6.68832e-03
  1.25e-01	  2.45e-02	-5.44220e-03
  1.25e-01	  2.50e-02	-4.19033e-03
  1.25e-01	  2.55e-02	-2.97045e-03
  1.25e-01	  2.60e-02	-1.81720e-03
  1.25e-01	  2.66e-02	-7.59324e-04
  1.25e-01	  2.71e-02	1.82554e-04
  1.25e-01	  2.76e-02	9.97405e-04
  1.25e-01	  2.81e-02	1.68430e-03
  1.25e-01	  2.86e-02	2.25188e-03
  1.25e-01	  2.92e-02	2.71685e-03
  1.25e-01	  2.97e-02	3.10163e-03
  1.25e-01	  3.02e-02	3.43134e-03
  1.25e-01	  3.07e-02	3.73059e-03
  1.25e-01	  3.13e-02	4.02028e-03
  1.25e-01	  3.18e-02	4.31481e-03
  1.25e-01	  3.23e-02	4.62009e-03
  1.25e-01	  3.28e-02	4.93243e-03
  1.25e-01	  3.33e-02	5.23863e-03
  1.25e-01	  3.39e-02	5.51714e-03
  1.25e-01	  3.44e-02	5.74025e-03
  1.25e-01	  3.49e-02	5.87714e-03
  1.25e-01	  3.54e-02	5.89741e-03
  1.25e-01	  3.59e-02	5.77480e-03
  1.25e-01	  3.65e-02	5.49069e-03
  1.25e-01	  3.70e-02	5.03712e-03
  1.25e-01	  3.75e-02	4.41887e-03
  1.25e-01	  3.80e-02	3.65457e-03
  1.25e-01	  3.85e-02	2.77657e-03
  1.25e-01	  3.91e-02	1.82981e-03
  1.25e-01	  3.96e-02	8.69569e-04
  1.25e-01	  4.01e-02	-2.29803e-30
  1.25e-01	  4.06e-02	0.00000e+00
  1.25e-01	  4.11e-02	0.00000e+00
  1.25e-01	  4.17e-02	0.00000e+00
  1.25e-01	  4.22e-02	0.00000e+00
  1.25e-01	  4.27e-02	0.00000e+00
  1.25e-01	  4.32e-02	0.00000e+00
  1.25e-01	  4.37e-02	0.00000e+00
  1.25e-01	  4.43e-02	0.00000e+00
  1.25e-01	  4.48e-02	0.00000e+00
  1.25e-01	  4.53e-02	0.00000e+00
  1.25e-01	  4.58e-02	0.00000e+00
  1.25e-01	  4.64e-02	0.00000e+00
  1.25e-01	  4.69e-02	0.00000e+00
  1.25e-01	  4.74e-02	0.00000e+00
  1.25e-01	  4.79e-02	0.00000e+00
  1.25e-01	  4.84e-02	0.00000e+00
  1.25e-01	  4.90e-02	0.00000e+00
  1.25e-01	  4.95e-02	0.00000e+00

  1.25e-01	  0.00e+00	0.00000e+00
  1.25e-01	  5.21e-04	0.00000e+00
  1.25e-01	  1.04e-03	0.00000e+00
  1.25e-01	  1.56e-03	0.00000e+00
  1.25e-01	  2.08e-03	0.00000e+00
  1.25e-01	  2.60e-03	0.00000e+00
  1.25e-01	  3.12e-03	0.00000e+00
  1.25e-01	  3.65e-03	0.00000e+00
  1.25e-01	  4.17e-03	0.00000e+00
  1.25e-01	  4.69e-03	0.00000e+00
  1.25e-01	  5.21e-03	0.00000e+00
  1.25e-01	  5.73e-03	0.00000e+00
  1.25e-01	  6.25e-03	0.00000e+00
  1.25e-01	  6.77e-03	0.00000e+00
  1.25e-01	  7.29e-03	0.00000e+00
  1.25e-01	  7.81e-03	0.00000e+00
  1.25e-01	  8.33e-03	0.00000e+00
  1.25e-01	  8.85e-03	0.00000e+00
  1.25e-01	  9.37e-03	2.29904e-30
  1.25e-01	  9.90e-03	-1.12408e-03
  1.25e-01	  1.04e-02	-2.34601e-03
  1.25e-01	  1.09e-02	-3.58108e-03
  1.25e-01	  1.15e-02	-4.79378e-03
  1.25e-01	  1.20e-02	-5.95376e-03
  1.25e-01	  1.25e-02	-7.03701e-03
  1.25e-01	  1.30e-02	-8.02652e-03
  1.25e-01	  1.35e-02	-8.91233e-03
  1.25e-01	  1.41e-02	-9.69100e-03
  1.25e-01	  1.46e-02	-1.03645e-02
  1.25e-01	  1.51e-02	-1.09388e-02
  1.25e-01	  1.56e-02	-1.14217e-02
  1.25e-01	  1.61e-02	-1.18216e-02
  1.25e-01	  1.67e-02	-1.21452e-02
  1.25e-01	  1.72e-02	-1.23965e-02
  1.25e-01	  1.77e-02	-1.25757e-02
  1.25e-01	  1.82e-02	-1.26790e-02
  1.25e-01	  1.88e-02	-1.26985e-02
  1.25e-01	  1.93e-02	-1.26238e-02
  1.25e-01	  1.98e-02	-1.24426e-02
  1.25e-01	  2.03e-02	-1.21432e-02
  1.25e-01	  2.08e-02	-1.17156e-02
  1.25e-01	  2.14e-02	-1.11541e-02
  1.25e-01	  2.19e-02	-1.04584e-02
  1.25e-01	  2.24e-02	-9.63459e-03
  1.25e-01	  2.29e-02	-8.69607e-03
  1.25e-01	  2.34e-02	-7.66289e-03
  1.25e-01	  2.40e-02	-6.56099e-03
  1.25e-01	  2.45e-02	-5.42055e-03
  1.25e-01	  2.50e-02	-4.27394e-03
  1.25e-01	  2.55e-02	-3.15332e-03
  1.25e-01	  2.60e-02	-2.08821e-03
  1.25e-01	  2.66e-02	-1.10325e-03
  1.25e-01	  2.71e-02	-2.16413e-04
  1.25e-01	  2.76e-02	5.62214e-04
  1.25e-01	  2.81e-02	1.23079e-03
  1.25e-01	  2.86e-02	1.79530e-03
  1.25e-01	  2.92e-02	2.26834e-03
  1.25e-01	  2.97e-02	2.66722e-03
  1.25e-01	  3.02e-02	3.01154e-03
  1.25e-01	  3.07e-02	3.32061e-03
  1.25e-01	  3.13e-02	3.61083e-03
  1.25e-01	  3.18e-02	3.89351e-03
  1.25e-01	  3.23e-02	4.17324e-03
  1.25e-01	  3.28e-02	4.44697e-03
  1.25e-01	  3.33e-02	4.70416e-03
  1.25e-01	  3.39e-02	4.92765e-03
  1.25e-01	  3.44e-02	5.09553e-03
  1.25e-01	  3.49e-02	5.18355e-03
  1.25e-01	  3.54e-02	5.16802e-03
  1.25e-01	  3.59e-02	5.02888e-03
  1.25e-01	  3.65e-02	4.75249e-03
  1.25e-01	  3.70e-02	4.33415e-03
  1.25e-01	  3.75e-02	3.77976e-03
  1.25e-01	  3.80e-02	3.10677e-03
  1.25e-01	  3.85e-02	2.34413e-03
  1.25e-01	  3.91e-02	1.53131e-03
  1.25e-01	  3.96e-02	7.16659e-04
  1.25e-01	  4.01e-02	-2.29830e-30
  1.25e-01	  4.06e-02	0.00000e+00
  1.25e-01	  4.11e-02	0.00000e+00
  1.25e-01	  4.17e-02	0.00000e+00
  1.25e-01	  4.22e-02	0.00000e+00
  1.25e-01	  4.27e-02	0.00000e+00
  1.25e-01	  4.32e-02	0.00000e+00
  1.25e-01	  4.37e-02	0.00000e+00
  1.25e-01	  4.43e-02	0.00000e+00
  1.25e-01	  4.48e-02	0.00000e+00
  1.25e-01	  4.53e-02	0.00000e+00
  1.25e-01	  4.58e-02	0.00000e+00
  1.25e-01	  4.64e-02	0.00000e+00
  1.25e-01	  4.69e-02	0.00000e+00
  1.25e-01	  4.74e-02	0.00000e+00
  1.25e-01	  4.79e-02	0.00000e+00
  1.25e-01	  4.84e-02	0.00000e+00
  1.25e-01	  4.90e-02	0.00000e+00
  1.25e-01	  4.95e-02	0.00000e+00

  1.26e-01	  0.00e+00	0.00000e+00
  1.26e-01	  5.21e-04	0.00000e+00
  1.26e-01	  1.04e-03	0.00000e+00
  1.26e-01	  1.56e-03	0.00000e+00
  1.26e-01	  2.08e-03	0.00000e+00
  1.26e-01	  2.60e-03	0.00000e+00
  1.26e-01	  3.12e-03	0.00000e+00
  1.26e-01	  3.65e-03	0.00000e+00
  1.26e-01	  4.17e-03	0.00000e+00
  1.26e-01	  4.69e-03	0.00000e+00
  1.26e-01	  5.21e-03	0.00000e+00
  1.26e-01	  5.73e-03	0.00000e+00
  1.26e-01	  6.25e-03	0.00000e+00
  1.26e-01	  6.77e-03	0.00000e+00
  1.26e-01	  7.29e-03	0.00000e+00
  1.26e-01	  7.81e-03	0.00000e+00
  1.26e-01	  8.33e-03	0.00000e+00
  1.26e-01	  8.85e-03	0.00000e+00
  1.26e-01	  9.37e-03	2.29904e-30
  1.26e-01	  9.90e-03	-1.01725e-03
  1.26e-01	  1.04e-02	-2.13663e-03
  1.26e-01	  1.09e-02	-3.27557e-03
  1.26e-01	  1.15e-02	-4.40222e-03
  1.26e-01	  1.20e-02	-5.48921e-03
  1.26e-01	  1.25e-02	-6.51445e-03
  1.26e-01	  1.30e-02	-7.46170e-03
  1.26e-01	  1.35e-02	-8.32058e-03
  1.26e-01	  1.41e-02	-9.08613e-03
  1.26e-01	  1.46e-02	-9.75790e-03
  1.26e-01	  1.51e-02	-1.03387e-02
  1.26e-01	  1.56e-02	-1.08333e-02
  1.26e-01	  1.61e-02	-1.12468e-02
  1.26e-01	  1.67e-02	-1.15834e-02
  1.26e-01	  1.72e-02	-1.18450e-02
  1.26e-01	  1.77e-02	-1.20310e-02
  1.26e-01	  1.82e-02	-1.21378e-02
  1.26e-01	  1.88e-02	-1.21589e-02
  1.26e-01	  1.93e-02	-1.20858e-02
  1.26e-01	  1.98e-02	-1.19092e-02
  1.26e-01	  2.03e-02	-1.16203e-02
  1.26e-01	  2.08e-02	-1.12122e-02
  1.26e-01	  2.14e-02	-1.06816e-02
  1.26e-01	  2.19e-02	-1.00298e-02
  1.26e-01	  2.24e-02	-9.26358e-03
  1.26e-01	  2.29e-02	-8.39554e-03
  1.26e-01	  2.34e-02	-7.44380e-03
  1.26e-01	  2.40e-02	-6.43121e-03
  1.26e-01	  2.45e-02	-5.38404e-03
  1.26e-01	  2.50e-02	-4.33020e-03
  1.26e-01	  2.55e-02	-3.29738e-03
  1.26e-01	  2.60e-02	-2.31097e-03
  1.26e-01	  2.66e-02	-1.39233e-03
  1.26e-01	  2.71e-02	-5.57249e-04
  1.26e-01	  2.76e-02	1.84945e-04
  1.26e-01	  2.81e-02	8.31739e-04
  1.26e-01	  2.86e-02	1.38707e-03
  1.26e-01	  2.92e-02	1.86033e-03
  1.26e-01	  2.97e-02	2.26483e-03
  1.26e-01	  3.02e-02	2.61586e-03
  1.26e-01	  3.07e-02	2.92855e-03
  1.26e-01	  3.13e-02	3.21582e-03
  1.26e-01	  3.18e-02	3.48655e-03
  1.26e-01	  3.23e-02	3.74430e-03
  1.26e-01	  3.28e-02	3.98659e-03
  1.26e-01	  3.33e-02	4.20497e-03
  1.26e-01	  3.39e-02	4.38581e-03
  1.26e-01	  3.44e-02	4.51177e-03
  1.26e-01	  3.49e-02	4.56383e-03
  1.26e-01	  3.54e-02	4.52363e-03
  1.26e-01	  3.59e-02	4.37596e-03
  1.26e-01	  3.65e-02	4.11112e-03
  1.26e-01	  3.70e-02	3.72693e-03
  1.26e-01	  3.75e-02	3.23013e-03
  1.26e-01	  3.80e-02	2.63716e-03
  1.26e-01	  3.85e-02	1.97413e-03
  1.26e-01	  3.91e-02	1.27612e-03
  1.26e-01	  3.96e-02	5.85896e-04
  1.26e-01	  4.01e-02	-2.29855e-30
  1.26e-01	  4.06e-02	0.00000e+00
  1.26e-01	  4.11e-02	0.00000e+00
  1.26e-01	  4.17e-02	0.00000e+00
  1.26e-01	  4.22e-02	0.00000e+00
  1.26e-01	  4.27e-02	0.00000e+00
  1.26e-01	  4.32e-02	0.00000e+00
  1.26e-01	  4.37e-02	0.00000e+00
  1.26e-01	  4.43e-02	0.00000e+00
  1.26e-01	  4.48e-02	0.00000e+00
  1.26e-01	  4.53e-02	0.00000e+00
  1.26e-01	  4.58e-02	0.00000e+00
  1.26e-01	  4.64e-02	0.00000e+00
  1.26e-01	  4.69e-02	0.00000e+00
  1.26e-01	  4.74e-02	0.00000e+00
  1.26e-01	  4.79e-02	0.00000e+00
  1.26e-01	  4.84e-02	0.00000e+00
  1.26e-01	  4.90e-02	0.00000e+00
  1.26e-01	  4.95e-02	0.00000e+00

  1.27e-01	  0.00e+00	0.00000e+00
  1.27e-01	  5.21e-04	0.00000e+00
  1.27e-01	  1.04e-03	0.00000e+00
  1.27e-01	  1.56e-03	0.00000e+00
  1.27e-01	  2.08e-03	0.00000e+00
  1.27e-01	  2.60e-03	0.00000e+00
  1.27e-01	  3.12e-03	0.00000e+00
  1.27e-01	  3.65e-03	0.00000e+00
  1.27e-01	  4.17e-03	0.00000e+00
  1.27e-01	  4.69e-03	0.00000e+00
  1.27e-01	  5.21e-03	0.00000e+00
  1.27e-01	  5.73e-03	0.00000e+00
  1.27e-01	  6.25e-03	0.00000e+00
  1.27e-01	  6.77e-03	0.00000e+00
  1.27e-01	  7.29e-03	0.00000e+00
  1.27e-01	  7.81e-03	0.00000e+00
  1.27e-01	  8.33e-03	0.00000e+00
  1.27e-01	  8.85e-03	0.00000e+00
  1.27e-01	  9.37e-03	2.29904e-30
  1.27e-01	  9.90e-03	-9.23178e-04
  1.27e-01	  1.04e-02	-1.95234e-03
  1.27e-01	  1.09e-02	-3.00639e-03
  1.27e-01	  1.15e-02	-4.05639e-03
  1.27e-01	  1.20e-02	-5.07732e-03
  1.27e-01	  1.25e-02	-6.04865e-03
  1.27e-01	  1.30e-02	-6.95483e-03
  1.27e-01	  1.35e-02	-7.78518e-03
  1.27e-01	  1.41e-02	-8.53362e-03
  1.27e-01	  1.46e-02	-9.19786e-03
  1.27e-01	  1.51e-02	-9.77844e-03
  1.27e-01	  1.56e-02	-1.02776e-02
  1.27e-01	  1.61e-02	-1.06980e-02
  1.27e-01	  1.67e-02	-1.10419e-02
  1.27e-01	  1.72e-02	-1.13098e-02
  1.27e-01	  1.77e-02	-1.15006e-02
  1.27e-01	  1.82e-02	-1.16106e-02
  1.27e-01	  1.88e-02	-1.16345e-02
  1.27e-01	  1.93e-02	-1.15655e-02
  1.27e-01	  1.98e-02	-1.13965e-02
  1.27e-01	  2.03e-02	-1.11210e-02
  1.27e-01	  2.08e-02	-1.07344e-02
  1.27e-01	  2.14e-02	-1.02351e-02
  1.27e-01	  2.19e-02	-9.62575e-03
  1.27e-01	  2.24e-02	-8.91329e-03
  1.27e-01	  2.29e-02	-8.10963e-03
  1.27e-01	  2.34e-02	-7.23121e-03
  1.27e-01	  2.40e-02	-6.29832e-03
  1.27e-01	  2.45e-02	-5.33397e-03
  1.27e-01	  2.50e-02	-4.36247e-03
  1.27e-01	  2.55e-02	-3.40784e-03
  1.27e-01	  2.60e-02	-2.49215e-03
  1.27e-01	  2.66e-02	-1.63408e-03
  1.27e-01	  2.71e-02	-8.47644e-04
  1.27e-01	  2.76e-02	-1.41514e-04
  1.27e-01	  2.81e-02	4.81307e-04
  1.27e-01	  2.86e-02	1.02317e-03
  1.27e-01	  2.92e-02	1.49096e-03
  1.27e-01	  2.97e-02	1.89486e-03
  1.27e-01	  3.02e-02	2.24677e-03
  1.27e-01	  3.07e-02	2.55854e-03
  1.27e-01	  3.13e-02	2.84035e-03
  1.27e-01	  3.18e-02	3.09920e-03
  1.27e-01	  3.23e-02	3.33784e-03
  1.27e-01	  3.28e-02	3.55427e-03
  1.27e-01	  3.33e-02	3.74173e-03
  1.27e-01	  3.39e-02	3.88940e-03
  1.27e-01	  3.44e-02	3.98359e-03
  1.27e-01	  3.49e-02	4.00943e-03
  1.27e-01	  3.54e-02	3.95278e-03
  1.27e-01	  3.59e-02	3.80231e-03
  1.27e-01	  3.65e-02	3.55141e-03
  1.27e-01	  3.70e-02	3.19984e-03
  1.27e-01	  3.75e-02	2.75495e-03
  1.27e-01	  3.80e-02	2.23230e-03
  1.27e-01	  3.85e-02	1.65570e-03
  1.27e-01	  3.91e-02	1.05664e-03
  1.27e-01	  3.96e-02	4.73375e-04
  1.27e-01	  4.01e-02	-2.29877e-30
  1.27e-01	  4.06e-02	0.00000e+00
  1.27e-01	  4.11e-02	0.00000e+00
  1.27e-01	  4.17e-02	0.00000e+00
  1.27e-01	  4.22e-02	0.00000e+00
  1.27e-01	  4.27e-02	0.00000e+00
  1.27e-01	  4.32e-02	0.00000e+00
  1.27e-01	  4.37e-02	0.00000e+00
  1.27e-01	  4.43e-02	0.00000e+00
  1.27e-01	  4.48e-02	0.00000e+00
  1.27e-01	  4.53e-02	0.00000e+00
  1.27e-01	  4.58e-02	0.00000e+00
  1.27e-01	  4.64e-02	0.00000e+00
  1.27e-01	  4.69e-02	0.00000e+00
  1.27e-01	  4.74e-02	0.00000e+00
  1.27e-01	  4.79e-02	0.00000e+00
  1.27e-01	  4.84e-02	0.00000e+00
  1.27e-01	  4.90e-02	0.00000e+00
  1.27e-01	  4.95e-02	0.00000e+00

  1.28e-01	  0.00e+00	0.00000e+00
  1.28e-01	  5.21e-04	0.00000e+00
  1.28e-01	  1.04e-03	0.00000e+00
  1.28e-01	  1.56e-03	0.00000e+00
  1.28e-01	  2.08e-03	0.00000e+00
  1.28e-01	  2.60e-03	0.00000e+00
  1.28e-01	  3.12e-03	0.00000e+00
  1.28e-01	  3.65e-03	0.00000e+00
  1.28e-01	  4.17e-03	0.00000e+00
  1.28e-01	  4.69e-03	0.00000e+00
  1.28e-01	  5.21e-03	0.00000e+00
  1.28e-01	  5.73e-03	0.00000e+00
  1.28e-01	  6.25e-03	0.00000e+00
  1.28e-01	  6.77e-03	0.00000e+00
  1.28e-01	  7.29e-03	0.00000e+00
  1.28e-01	  7.81e-03	0.00000e+00
  1.28e-01	  8.33e-03	0.00000e+00
  1.28e-01	  8.85e-03	0.00000e+00
  1.28e-01	  9.37e-03	2.29904e-30
  1.28e-01	  9.90e-03	-8.39553e-04
  1.28e-01	  1.04e-02	-1.78862e-03
  1.28e-01	  1.09e-02	-2.76706e-03
  1.28e-01	  1.15e-02	-3.74824e-03
  1.28e-01	  1.20e-02	-4.70901e-03
  1.28e-01	  1.25e-02	-5.63014e-03
  1.28e-01	  1.30e-02	-6.49664e-03
  1.28e-01	  1.35e-02	-7.29768e-03
  1.28e-01	  1.41e-02	-8.02634e-03
  1.28e-01	  1.46e-02	-8.67895e-03
  1.28e-01	  1.51e-02	-9.25430e-03
  1.28e-01	  1.56e-02	-9.75273e-03
  1.28e-01	  1.61e-02	-1.01751e-02
  1.28e-01	  1.67e-02	-1.05221e-02
  1.28e-01	  1.72e-02	-1.07934e-02
  1.28e-01	  1.77e-02	-1.09871e-02
  1.28e-01	  1.82e-02	-1.11001e-02
  1.28e-01	  1.88e-02	-1.11276e-02
  1.28e-01	  1.93e-02	-1.10644e-02
  1.28e-01	  1.98e-02	-1.09048e-02
  1.28e-01	  2.03e-02	-1.06443e-02
  1.28e-01	  2.08e-02	-1.02800e-02
  1.28e-01	  2.14e-02	-9.81180e-03
  1.28e-01	  2.19e-02	-9.24286e-03
  1.28e-01	  2.24e-02	-8.58039e-03
  1.28e-01	  2.29e-02	-7.83558e-03
  1.28e-01	  2.34e-02	-7.02339e-03
  1.28e-01	  2.40e-02	-6.16194e-03
  1.28e-01	  2.45e-02	-5.27155e-03
  1.28e-01	  2.50e-02	-4.37355e-03
  1.28e-01	  2.55e-02	-3.48899e-03
  1.28e-01	  2.60e-02	-2.63719e-03
  1.28e-01	  2.66e-02	-1.83463e-03
  1.28e-01	  2.71e-02	-1.09390e-03
  1.28e-01	  2.76e-02	-4.23052e-04
  1.28e-01	  2.81e-02	1.74535e-04
  1.28e-01	  2.86e-02	6.99988e-04
  1.28e-01	  2.92e-02	1.15824e-03
  1.28e-01	  2.97e-02	1.55702e-03
  1.28e-01	  3.02e-02	1.90553e-03
  1.28e-01	  3.07e-02	2.21307e-03
  1.28e-01	  3.13e-02	2.48765e-03
  1.28e-01	  3.18e-02	2.73478e-03
  1.28e-01	  3.23e-02	2.95662e-03
  1.28e-01	  3.28e-02	3.15154e-03
  1.28e-01	  3.33e-02	3.31416e-03
  1.28e-01	  3.39e-02	3.43591e-03
  1.28e-01	  3.44e-02	3.50604e-03
  1.28e-01	  3.49e-02	3.51297e-03
  1.28e-01	  3.54e-02	3.44594e-03
  1.28e-01	  3.59e-02	3.29668e-03
  1.28e-01	  3.65e-02	3.06101e-03
  1.28e-01	  3.70e-02	2.74023e-03
  1.28e-01	  3.75e-02	2.34211e-03
  1.28e-01	  3.80e-02	1.88146e-03
  1.28e-01	  3.85e-02	1.38017e-03
  1.28e-01	  3.91e-02	8.66812e-04
  1.28e-01	  3.96e-02	3.75979e-04
  1.28e-01	  4.01e-02	-2.29898e-30
  1.28e-01	  4.06e-02	0.00000e+00
  1.28e-01	  4.11e-02	0.00000e+00
  1.28e-01	  4.17e-02	0.00000e+00
  1.28e-01	  4.22e-02	0.00000e+00
  1.28e-01	  4.27e-02	0.00000e+00
  1.28e-01	  4.32e-02	0.00000e+00
  1.28e-01	  4.37e-02	0.00000e+00
  1.28e-01	  4.43e-02	0.00000e+00
  1.28e-01	  4.48e-02	0.00000e+00
  1.28e-01	  4.53e-02	0.00000e+00
  1.28e-01	  4.58e-02	0.00000e+00
  1.28e-01	  4.64e-02	0.00000e+00
  1.28e-01	  4.69e-02	0.00000e+00
  1.28e-01	  4.74e-02	0.00000e+00
  1.28e-01	  4.79e-02	0.00000e+00
  1.28e-01	  4.84e-02	0.00000e+00
  1.28e-01	  4.90e-02	0.00000e+00
  1.28e-01	  4.95e-02	0.00000e+00

  1.29e-01	  0.00e+00	0.00000e+00
  1.29e-01	  5.21e-04	0.00000e+00
  1.29e-01	  1.04e-03	0.00000e+00
  1.29e-01	  1.56e-03	0.00000e+00
  1.29e-01	  2.08e-03	0.00000e+00
  1.29e-01	  2.60e-03	0.00000e+00
  1.29e-01	  3.12e-03	0.00000e+00
  1.29e-01	  3.65e-03	0.00000e+00
  1.29e-01	  4.17e-03	0.00000e+00
  1.29e-01	  4.69e-03	0.00000e+00
  1.29e-01	  5.21e-03	0.00000e+00
  1.29e-01	  5.73e-03	0.00000e+00
  1.29e-01	  6.25e-03	0.00000e+00
  1.29e-01	  6.77e-03	0.00000e+00
  1.29e-01	  7.29e-03	0.00000e+00
  1.29e-01	  7.81e-03	0.00000e+00
  1.29e-01	  8.33e-03	0.00000e+00
  1.29e-01	  8.85e-03	0.00000e+00
  1.29e-01	  9.37e-03	2.29905e-30
  1.29e-01	  9.90e-03	-7.64553e-04
  1.29e-01	  1.04e-02	-1.64189e-03
  1.29e-01	  1.09e-02	-2.55243e-03
  1.29e-01	  1.15e-02	-3.47136e-03
  1.29e-01	  1.20e-02	-4.37704e-03
  1.29e-01	  1.25e-02	-5.25131e-03
  1.29e-01	  1.30e-02	-6.07965e-03
  1.29e-01	  1.35e-02	-6.85118e-03
  1.29e-01	  1.41e-02	-7.55835e-03
  1.29e-01	  1.46e-02	-8.19648e-03
  1.29e-01	  1.51e-02	-8.76303e-03
  1.29e-01	  1.56e-02	-9.25689e-03
  1.29e-01	  1.61e-02	-9.67760e-03
  1.29e-01	  1.67e-02	-1.00246e-02
  1.29e-01	  1.72e-02	-1.02968e-02
  1.29e-01	  1.77e-02	-1.04922e-02
  1.29e-01	  1.82e-02	-1.06076e-02
  1.29e-01	  1.88e-02	-1.06392e-02
  1.29e-01	  1.93e-02	-1.05826e-02
  1.29e-01	  1.98e-02	-1.04336e-02
  1.29e-01	  2.03e-02	-1.01890e-02
  1.29e-01	  2.08e-02	-9.84718e-03
  1.29e-01	  2.14e-02	-9.40903e-03
  1.29e-01	  2.19e-02	-8.87833e-03
  1.29e-01	  2.24e-02	-8.26223e-03
  1.29e-01	  2.29e-02	-7.57124e-03
  1.29e-01	  2.34e-02	-6.81903e-03
  1.29e-01	  2.40e-02	-6.02188e-03
  1.29e-01	  2.45e-02	-5.19786e-03
  1.29e-01	  2.50e-02	-4.36584e-03
  1.29e-01	  2.55e-02	-3.54438e-03
  1.29e-01	  2.60e-02	-2.75057e-03
  1.29e-01	  2.66e-02	-1.99906e-03
  1.29e-01	  2.71e-02	-1.30121e-03
  1.29e-01	  2.76e-02	-6.64604e-04
  1.29e-01	  2.81e-02	-9.28287e-05
  1.29e-01	  2.86e-02	4.14288e-04
  1.29e-01	  2.92e-02	8.60148e-04
  1.29e-01	  2.97e-02	1.25054e-03
  1.29e-01	  3.02e-02	1.59255e-03
  1.29e-01	  3.07e-02	1.89346e-03
  1.29e-01	  3.13e-02	2.15956e-03
  1.29e-01	  3.18e-02	2.39520e-03
  1.29e-01	  3.23e-02	2.60207e-03
  1.29e-01	  3.28e-02	2.77888e-03
  1.29e-01	  3.33e-02	2.92135e-03
  1.29e-01	  3.39e-02	3.02273e-03
  1.29e-01	  3.44e-02	3.07461e-03
  1.29e-01	  3.49e-02	3.06808e-03
  1.29e-01	  3.54e-02	2.99506e-03
  1.29e-01	  3.59e-02	2.84973e-03
  1.29e-01	  3.65e-02	2.62982e-03
  1.29e-01	  3.70e-02	2.33783e-03
  1.29e-01	  3.75e-02	1.98184e-03
  1.29e-01	  3.80e-02	1.57598e-03
  1.29e-01	  3.85e-02	1.14056e-03
  1.29e-01	  3.91e-02	7.01764e-04
  1.29e-01	  3.96e-02	2.91215e-04
  1.29e-01	  4.01e-02	-2.29917e-30
  1.29e-01	  4.06e-02	0.00000e+00
  1.29e-01	  4.11e-02	0.00000e+00
  1.29e-01	  4.17e-02	0.00000e+00
  1.29e-01	  4.22e-02	0.00000e+00
  1.29e-01	  4.27e-02	0.00000e+00
  1.29e-01	  4.32e-02	0.00000e+00
  1.29e-01	  4.37e-02	0.00000e+00
  1.29e-01	  4.43e-02	0.00000e+00
  1.29e-01	  4.48e-02	0.00000e+00
  1.29e-01	  4.53e-02	0.00000e+00
  1.29e-01	  4.58e-02	0.00000e+00
  1.29e-01	  4.64e-02	0.00000e+00
  1.29e-01	  4.69e-02	0.00000e+00
  1.29e-01	  4.74e-02	0.00000e+00
  1.29e-01	  4.79e-02	0.00000e+00
  1.29e-01	  4.84e-02	0.00000e+00
  1.29e-01	  4.90e-02	0.00000e+00
  1.29e-01	  4.95e-02	0.00000e+00

  1.29e-01	  0.00e+00	0.00000e+00
  1.29e-01	  5.21e-04	0.00000e+00
  1.29e-01	  1.04e-03	0.00000e+00
  1.29e-01	  1.56e-03	0.00000e+00
  1.29e-01	  2.08e-03	0.00000e+00
  1.29e-01	  2.60e-03	0.00000e+00
  1.29e-01	  3.12e-03	0.00000e+00
  1.29e-01	  3.65e-03	0.00000e+00
  1.29e-01	  4.17e-03	0.00000e+00
  1.29e-01	  4.69e-03	0.00000e+00
  1.29e-01	  5.21e-03	0.00000e+00
  1.29e-01	  5.73e-03	0.00000e+00
  1.29e-01	  6.25e-03	0.00000e+00
  1.29e-01	  6.77e-03	0.00000e+00
  1.29e-01	  7.29e-03	0.00000e+00
  1.29e-01	  7.81e-03	0.00000e+00
  1.29e-01	  8.33e-03	0.00000e+00
  1.29e-01	  8.85e-03	0.00000e+00
  1.29e-01	  9.37e-03	2.29905e-30
  1.29e-01	  9.90e-03	-6.96732e-04
  1.29e-01	  1.04e-02	-1.50931e-03
  1.29e-01	  1.09e-02	-2.35841e-03
  1.29e-01	  1.15e-02	-3.22065e-03
  1.29e-01	  1.20e-02	-4.07563e-03
  1.29e-01	  1.25e-02	-4.90603e-03
  1.29e-01	  1.30e-02	-5.69778e-03
  1.29e-01	  1.35e-02	-6.43998e-03
  1.29e-01	  1.41e-02	-7.12468e-03
  1.29e-01	  1.46e-02	-7.74639e-03
  1.29e-01	  1.51e-02	-8.30160e-03
  1.29e-01	  1.56e-02	-8.78810e-03
  1.29e-01	  1.61e-02	-9.20438e-03
  1.29e-01	  1.67e-02	-9.54909e-03
  1.29e-01	  1.72e-02	-9.82052e-03
  1.29e-01	  1.77e-02	-1.00164e-02
  1.29e-01	  1.82e-02	-1.01339e-02
  1.29e-01	  1.88e-02	-1.01696e-02
  1.29e-01	  1.93e-02	-1.01201e-02
  1.29e-01	  1.98e-02	-9.98212e-03
  1.29e-01	  2.03e-02	-9.75357e-03
  1.29e-01	  2.08e-02	-9.43387e-03
  1.29e-01	  2.14e-02	-9.02456e-03
  1.29e-01	  2.19e-02	-8.52980e-03
  1.29e-01	  2.24e-02	-7.95661e-03
  1.29e-01	  2.29e-02	-7.31487e-03
  1.29e-01	  2.34e-02	-6.61712e-03
  1.29e-01	  2.40e-02	-5.87805e-03
  1.29e-01	  2.45e-02	-5.11385e-03
  1.29e-01	  2.50e-02	-4.34132e-03
  1.29e-01	  2.55e-02	-3.57696e-03
  1.29e-01	  2.60e-02	-2.83599e-03
  1.29e-01	  2.66e-02	-2.13154e-03
  1.29e-01	  2.71e-02	-1.47395e-03
  1.29e-01	  2.76e-02	-8.70344e-04
  1.29e-01	  2.81e-02	-3.24467e-04
  1.29e-01	  2.86e-02	1.63127e-04
  1.29e-01	  2.92e-02	5.94642e-04
  1.29e-01	  2.97e-02	9.74332e-04
  1.29e-01	  3.02e-02	1.30763e-03
  1.29e-01	  3.07e-02	1.60018e-03
  1.29e-01	  3.13e-02	1.85694e-03
  1.29e-01	  3.18e-02	2.08133e-03
  1.29e-01	  3.23e-02	2.27471e-03
  1.29e-01	  3.28e-02	2.43604e-03
  1.29e-01	  3.33e-02	2.56196e-03
  1.29e-01	  3.39e-02	2.64719e-03
  1.29e-01	  3.44e-02	2.68521e-03
  1.29e-01	  3.49e-02	2.66925e-03
  1.29e-01	  3.54e-02	2.59338e-03
  1.29e-01	  3.59e-02	2.45372e-03
  1.29e-01	  3.65e-02	2.24955e-03
  1.29e-01	  3.70e-02	1.98428e-03
  1.29e-01	  3.75e-02	1.66619e-03
  1.29e-01	  3.80e-02	1.30885e-03
  1.29e-01	  3.85e-02	9.31238e-04
  1.29e-01	  3.91e-02	5.57573e-04
  1.29e-01	  3.96e-02	2.17080e-04
  1.29e-01	  4.01e-02	-2.29934e-30
  1.29e-01	  4.06e-02	0.00000e+00
  1.29e-01	  4.11e-02	0.00000e+00
  1.29e-01	  4.17e-02	0.00000e+00
  1.29e-01	  4.22e-02	0.00000e+00
  1.29e-01	  4.27e-02	0.00000e+00
  1.29e-01	  4.32e-02	0.00000e+00
  1.29e-01	  4.37e-02	0.00000e+00
  1.29e-01	  4.43e-02	0.00000e+00
  1.29e-01	  4.48e-02	0.00000e+00
  1.29e-01	  4.53e-02	0.00000e+00
  1.29e-01	  4.58e-02	0.00000e+00
  1.29e-01	  4.64e-02	0.00000e+00
  1.29e-01	  4.69e-02	0.00000e+00
  1.29e-01	  4.74e-02	0.00000e+00
  1.29e-01	  4.79e-02	0.00000e+00
  1.29e-01	  4.84e-02	0.00000e+00
  1.29e-01	  4.90e-02	0.00000e+00
  1.29e-01	  4.95e-02	0.00000e+00

  1.30e-01	  0.00e+00	0.00000e+00
  1.30e-01	  5.21e-04	0.00000e+00
  1.30e-01	  1.04e-03	0.00000e+00
  1.30e-01	  1.56e-03	0.00000e+00
  1.30e-01	  2.08e-03	0.00000e+00
  1.30e-01	  2.60e-03	0.00000e+00
  1.30e-01	  3.12e-03	0.00000e+00
  1.30e-01	  3.65e-03	0.00000e+00
  1.30e-01	  4.17e-03	0.00000e+00
  1.30e-01	  4.69e-03	0.00000e+00
  1.30e-01	  5.21e-03	0.00000e+00
  1.30e-01	  5.73e-03	0.00000e+00
  1.30e-01	  6.25e-03	0.00000e+00
  1.30e-01	  6.77e-03	0.00000e+00
  1.30e-01	  7.29e-03	0.00000e+00
  1.30e-01	  7.81e-03	0.00000e+00
  1.30e-01	  8.33e-03	0.00000e+00
  1.30e-01	  8.85e-03	0.00000e+00
  1.30e-01	  9.37e-03	2.29906e-30
  1.30e-01	  9.90e-03	-6.34927e-04
  1.30e-01	  1.04e-02	-1.38860e-03
  1.30e-01	  1.09e-02	-2.18171e-03
  1.30e-01	  1.15e-02	-2.99201e-03
  1.30e-01	  1.20e-02	-3.80007e-03
  1.30e-01	  1.25e-02	-4.58930e-03
  1.30e-01	  1.30e-02	-5.34602e-03
  1.30e-01	  1.35e-02	-6.05937e-03
  1.30e-01	  1.41e-02	-6.72108e-03
  1.30e-01	  1.46e-02	-7.32512e-03
  1.30e-01	  1.51e-02	-7.86721e-03
  1.30e-01	  1.56e-02	-8.34433e-03
  1.30e-01	  1.61e-02	-8.75421e-03
  1.30e-01	  1.67e-02	-9.09483e-03
  1.30e-01	  1.72e-02	-9.36410e-03
  1.30e-01	  1.77e-02	-9.55965e-03
  1.30e-01	  1.82e-02	-9.67877e-03
  1.30e-01	  1.88e-02	-9.71854e-03
  1.30e-01	  1.93e-02	-9.67615e-03
  1.30e-01	  1.98e-02	-9.54929e-03
  1.30e-01	  2.03e-02	-9.33661e-03
  1.30e-01	  2.08e-02	-9.03827e-03
  1.30e-01	  2.14e-02	-8.65635e-03
  1.30e-01	  2.19e-02	-8.19521e-03
  1.30e-01	  2.24e-02	-7.66167e-03
  1.30e-01	  2.29e-02	-7.06504e-03
  1.30e-01	  2.34e-02	-6.41683e-03
  1.30e-01	  2.40e-02	-5.73040e-03
  1.30e-01	  2.45e-02	-5.02033e-03
  1.30e-01	  2.50e-02	-4.30167e-03
  1.30e-01	  2.55e-02	-3.58919e-03
  1.30e-01	  2.60e-02	-2.89654e-03
  1.30e-01	  2.66e-02	-2.23559e-03
  1.30e-01	  2.71e-02	-1.61578e-03
  1.30e-01	  2.76e-02	-1.04384e-03
  1.30e-01	  2.81e-02	-5.23597e-04
  1.30e-01	  2.86e-02	-5.61651e-05
  1.30e-01	  2.92e-02	3.59723e-04
  1.30e-01	  2.97e-02	7.27113e-04
  1.30e-01	  3.02e-02	1.05011e-03
  1.30e-01	  3.07e-02	1.33309e-03
  1.30e-01	  3.13e-02	1.57993e-03
  1.30e-01	  3.18e-02	1.79334e-03
  1.30e-01	  3.23e-02	1.97439e-03
  1.30e-01	  3.28e-02	2.12229e-03
  1.30e-01	  3.33e-02	2.23442e-03
  1.30e-01	  3.39e-02	2.30670e-03
  1.30e-01	  3.44e-02	2.33414e-03
  1.30e-01	  3.49e-02	2.31168e-03
  1.30e-01	  3.54e-02	2.23515e-03
  1.30e-01	  3.59e-02	2.10220e-03
  1.30e-01	  3.65e-02	1.91334e-03
  1.30e-01	  3.70e-02	1.67270e-03
  1.30e-01	  3.75e-02	1.38868e-03
  1.30e-01	  3.80e-02	1.07436e-03
  1.30e-01	  3.85e-02	7.47589e-04
  1.30e-01	  3.91e-02	4.30987e-04
  1.30e-01	  3.96e-02	1.51830e-04
  1.30e-01	  4.01e-02	-2.29950e-30
  1.30e-01	  4.06e-02	0.00000e+00
  1.30e-01	  4.11e-02	0.00000e+00
  1.30e-01	  4.17e-02	0.00000e+00
  1.30e-01	  4.22e-02	0.00000e+00
  1.30e-01	  4.27e-02	0.00000e+00
  1.30e-01	  4.32e-02	0.00000e+00
  1.30e-01	  4.37e-02	0.00000e+00
  1.30e-01	  4.43e-02	0.00000e+00
  1.30e-01	  4.48e-02	0.00000e+00
  1.30e-01	  4.53e-02	0.00000e+00
  1.30e-01	  4.58e-02	0.00000e+00
  1.30e-01	  4.64e-02	0.00000e+00
  1.30e-01	  4.69e-02	0.00000e+00
  1.30e-01	  4.74e-02	0.00000e+00
  1.30e-01	  4.79e-02	0.00000e+00
  1.30e-01	  4.84e-02	0.00000e+00
  1.30e-01	  4.90e-02	0.00000e+00
  1.30e-01	  4.95e-02	0.00000e+00

  1.31e-01	  0.00e+00	0.00000e+00
  1.31e-01	  5.21e-04	0.00000e+00
  1.31e-01	  1.04e-03	0.00000e+00
  1.31e-01	  1.56e-03	0.00000e+00
  1.31e-01	  2.08e-03	0.00000e+00
  1.31e-01	  2.60e-03	0.00000e+00
  1.31e-01	  3.12e-03	0.00000e+00
  1.31e-01	  3.65e-03	0.00000e+00
  1.31e-01	  4.17e-03	0.00000e+00
  1.31e-01	  4.69e-03	0.00000e+00
  1.31e-01	  5.21e-03	0.00000e+00
  1.31e-01	  5.73e-03	0.00000e+00
  1.31e-01	  6.25e-03	0.00000e+00
  1.31e-01	  6.77e-03	0.00000e+00
  1.31e-01	  7.29e-03	0.00000e+00
  1.31e-01	  7.81e-03	0.00000e+00
  1.31e-01	  8.33e-03	0.00000e+00
  1.31e-01	  8.85e-03	0.00000e+00
  1.31e-01	  9.37e-03	2.29907e-30
  1.31e-01	  9.90e-03	-5.78201e-04
  1.31e-01	  1.04e-02	-1.27792e-03
  1.31e-01	  1.09e-02	-2.01967e-03
  1.31e-01	  1.15e-02	-2.78208e-03
  1.31e-01	  1.20e-02	-3.54653e-03
  1.31e-01	  1.25e-02	-4.29703e-03
  1.31e-01	  1.30e-02	-5.02023e-03
  1.31e-01	  1.35e-02	-5.70535e-03
  1.31e-01	  1.41e-02	-6.34393e-03
  1.31e-01	  1.46e-02	-6.92951e-03
  1.31e-01	  1.51e-02	-7.45728e-03
  1.31e-01	  1.56e-02	-7.92360e-03
  1.31e-01	  1.61e-02	-8.32561e-03
  1.31e-01	  1.67e-02	-8.66083e-03
  1.31e-01	  1.72e-02	-8.92688e-03
  1.31e-01	  1.77e-02	-9.12132e-03
  1.31e-01	  1.82e-02	-9.24161e-03
  1.31e-01	  1.88e-02	-9.28522e-03
  1.31e-01	  1.93e-02	-9.24987e-03
  1.31e-01	  1.98e-02	-9.13389e-03
  1.31e-01	  2.03e-02	-8.93658e-03
  1.31e-01	  2.08e-02	-8.65865e-03
  1.31e-01	  2.14e-02	-8.30255e-03
  1.31e-01	  2.19e-02	-7.87273e-03
  1.31e-01	  2.24e-02	-7.37581e-03
  1.31e-01	  2.29e-02	-6.82052e-03
  1.31e-01	  2.34e-02	-6.21749e-03
  1.31e-01	  2.40e-02	-5.57892e-03
  1.31e-01	  2.45e-02	-4.91799e-03
  1.31e-01	  2.50e-02	-4.24829e-03
  1.31e-01	  2.55e-02	-3.58312e-03
  1.31e-01	  2.60e-02	-2.93482e-03
  1.31e-01	  2.66e-02	-2.31415e-03
  1.31e-01	  2.71e-02	-1.72981e-03
  1.31e-01	  2.76e-02	-1.18815e-03
  1.31e-01	  2.81e-02	-6.93044e-04
  1.31e-01	  2.86e-02	-2.46020e-04
  1.31e-01	  2.92e-02	1.53453e-04
  1.31e-01	  2.97e-02	5.07468e-04
  1.31e-01	  3.02e-02	8.19080e-04
  1.31e-01	  3.07e-02	1.09165e-03
  1.31e-01	  3.13e-02	1.32819e-03
  1.31e-01	  3.18e-02	1.53086e-03
  1.31e-01	  3.23e-02	1.70051e-03
  1.31e-01	  3.28e-02	1.83657e-03
  1.31e-01	  3.33e-02	1.93703e-03
  1.31e-01	  3.39e-02	1.99876e-03
  1.31e-01	  3.44e-02	2.01804e-03
  1.31e-01	  3.49e-02	1.99120e-03
  1.31e-01	  3.54e-02	1.91546e-03
  1.31e-01	  3.59e-02	1.78973e-03
  1.31e-01	  3.65e-02	1.61549e-03
  1.31e-01	  3.70e-02	1.39742e-03
  1.31e-01	  3.75e-02	1.14400e-03
  1.31e-01	  3.80e-02	8.67853e-04
  1.31e-01	  3.85e-02	5.85926e-04
  1.31e-01	  3.91e-02	3.19494e-04
  1.31e-01	  3.96e-02	9.42645e-05
  1.31e-01	  4.01e-02	-2.29965e-30
  1.31e-01	  4.06e-02	0.00000e+00
  1.31e-01	  4.11e-02	0.00000e+00
  1.31e-01	  4.17e-02	0.00000e+00
  1.31e-01	  4.22e-02	0.00000e+00
  1.31e-01	  4.27e-02	0.00000e+00
  1.31e-01	  4.32e-02	0.00000e+00
  1.31e-01	  4.37e-02	0.00000e+00
  1.31e-01	  4.43e-02	0.00000e+00
  1.31e-01	  4.48e-02	0.00000e+00
  1.31e-01	  4.53e-02	0.00000e+00
  1.31e-01	  4.58e-02	0.00000e+00
  1.31e-01	  4.64e-02	0.00000e+00
  1.31e-01	  4.69e-02	0.00000e+00
  1.31e-01	  4.74e-02	0.00000e+00
  1.31e-01	  4.79e-02	0.00000e+00
  1.31e-01	  4.84e-02	0.00000e+00
  1.31e-01	  4.90e-02	0.00000e+00
  1.31e-01	  4.95e-02	0.00000e+00

  1.32e-01	  0.00e+00	0.00000e+00
  1.32e-01	  5.21e-04	0.00000e+00
  1.32e-01	  1.04e-03	0.00000e+00
  1.32e-01	  1.56e-03	0.00000e+00
  1.32e-01	  2.08e-03	0.00000e+00
  1.32e-01	  2.60e-03	0.00000e+00
  1.32e-01	  3.12e-03	0.00000e+00
  1.32e-01	  3.65e-03	0.00000e+00
  1.32e-01	  4.17e-03	0.00000e+00
  1.32e-01	  4.69e-03	0.00000e+00
  1.32e-01	  5.21e-03	0.00000e+00
  1.32e-01	  5.73e-03	0.00000e+00
  1.32e-01	  6.25e-03	0.00000e+00
  1.32e-01	  6.77e-03	0.00000e+00
  1.32e-01	  7.29e-03	0.00000e+00
  1.32e-01	  7.81e-03	0.00000e+00
  1.32e-01	  8.33e-03	0.00000e+00
  1.32e-01	  8.85e-03	0.00000e+00
  1.32e-01	  9.37e-03	2.29908e-30
  1.32e-01	  9.90e-03	-5.25784e-04
  1.32e-01	  1.04e-02	-1.17576e-03
  1.32e-01	  1.09e-02	-1.87010e-03
  1.32e-01	  1.15e-02	-2.58812e-03
  1.32e-01	  1.20e-02	-3.31185e-03
  1.32e-01	  1.25e-02	-4.02579e-03
  1.32e-01	  1.30e-02	-4.71693e-03
  1.32e-01	  1.35e-02	-5.37455e-03
  1.32e-01	  1.41e-02	-5.99008e-03
  1.32e-01	  1.46e-02	-6.55678e-03
  1.32e-01	  1.51e-02	-7.06942e-03
  1.32e-01	  1.56e-02	-7.52393e-03
  1.32e-01	  1.61e-02	-7.91700e-03
  1.32e-01	  1.67e-02	-8.24583e-03
  1.32e-01	  1.72e-02	-8.50783e-03
  1.32e-01	  1.77e-02	-8.70054e-03
  1.32e-01	  1.82e-02	-8.82155e-03
  1.32e-01	  1.88e-02	-8.86867e-03
  1.32e-01	  1.93e-02	-8.84006e-03
  1.32e-01	  1.98e-02	-8.73454e-03
  1.32e-01	  2.03e-02	-8.55193e-03
  1.32e-01	  2.08e-02	-8.29333e-03
  1.32e-01	  2.14e-02	-7.96143e-03
  1.32e-01	  2.19e-02	-7.56073e-03
  1.32e-01	  2.24e-02	-7.09759e-03
  1.32e-01	  2.29e-02	-6.58023e-03
  1.32e-01	  2.34e-02	-6.01849e-03
  1.32e-01	  2.40e-02	-5.42354e-03
  1.32e-01	  2.45e-02	-4.80738e-03
  1.32e-01	  2.50e-02	-4.18235e-03
  1.32e-01	  2.55e-02	-3.56048e-03
  1.32e-01	  2.60e-02	-2.95300e-03
  1.32e-01	  2.66e-02	-2.36971e-03
  1.32e-01	  2.71e-02	-1.81868e-03
  1.32e-01	  2.76e-02	-1.30592e-03
  1.32e-01	  2.81e-02	-8.35300e-04
  1.32e-01	  2.86e-02	-4.08651e-04
  1.32e-01	  2.92e-02	-2.60192e-05
  1.32e-01	  2.97e-02	3.13935e-04
  1.32e-01	  3.02e-02	6.13430e-04
  1.32e-01	  3.07e-02	8.75014e-04
  1.32e-01	  3.13e-02	1.10104e-03
  1.32e-01	  3.18e-02	1.29319e-03
  1.32e-01	  3.23e-02	1.45219e-03
  1.32e-01	  3.28e-02	1.57763e-03
  1.32e-01	  3.33e-02	1.66800e-03
  1.32e-01	  3.39e-02	1.72099e-03
  1.32e-01	  3.44e-02	1.73388e-03
  1.32e-01	  3.49e-02	1.70414e-03
  1.32e-01	  3.54e-02	1.63012e-03
  1.32e-01	  3.59e-02	1.51174e-03
  1.32e-01	  3.65e-02	1.35124e-03
  1.32e-01	  3.70e-02	1.15373e-03
  1.32e-01	  3.75e-02	9.27744e-04
  1.32e-01	  3.80e-02	6.85509e-04
  1.32e-01	  3.85e-02	4.43192e-04
  1.32e-01	  3.91e-02	2.20975e-04
  1.32e-01	  3.96e-02	4.32944e-05
  1.32e-01	  4.01e-02	-2.29979e-30
  1.32e-01	  4.06e-02	0.00000e+00
  1.32e-01	  4.11e-02	0.00000e+00
  1.32e-01	  4.17e-02	0.00000e+00
  1.32e-01	  4.22e-02	0.00000e+00
  1.32e-01	  4.27e-02	0.00000e+00
  1.32e-01	  4.32e-02	0.00000e+00
  1.32e-01	  4.37e-02	0.00000e+00
  1.32e-01	  4.43e-02	0.00000e+00
  1.32e-01	  4.48e-02	0.00000e+00
  1.32e-01	  4.53e-02	0.00000e+00
  1.32e-01	  4.58e-02	0.00000e+00
  1.32e-01	  4.64e-02	0.00000e+00
  1.32e-01	  4.69e-02	0.00000e+00
  1.32e-01	  4.74e-02	0.00000e+00
  1.32e-01	  4.79e-02	0.00000e+00
  1.32e-01	  4.84e-02	0.00000e+00
  1.32e-01	  4.90e-02	0.00000e+00
  1.32e-01	  4.95e-02	0.00000e+00

  1.32e-01	  0.00e+00	0.00000e+00
  1.32e-01	  5.21e-04	0.00000e+00
  1.32e-01	  1.04e-03	0.00000e+00
  1.32e-01	  1.56e-03	0.00000e+00
  1.32e-01	  2.08e-03	0.00000e+00
  1.32e-01	  2.60e-03	0.00000e+00
  1.32e-01	  3.12e-03	0.00000e+00
  1.32e-01	  3.65e-03	0.00000e+00
  1.32e-01	  4.17e-03	0.00000e+00
  1.32e-01	  4.69e-03	0.00000e+00
  1.32e-01	  5.21e-03	0.00000e+00
  1.32e-01	  5.73e-03	0.00000e+00
  1.32e-01	  6.25e-03	0.00000e+00
  1.32e-01	  6.77e-03	0.00000e+00
  1.32e-01	  7.29e-03	0.00000e+00
  1.32e-01	  7.81e-03	0.00000e+00
  1.32e-01	  8.33e-03	0.00000e+00
  1.32e-01	  8.85e-03	0.00000e+00
  1.32e-01	  9.37e-03	2.29910e-30
  1.32e-01	  9.90e-03	-4.77044e-04
  1.32e-01	  1.04e-02	-1.08088e-03
  1.32e-01	  1.09e-02	-1.73119e-03
  1.32e-01	  1.15e-02	-2.40784e-03
  1.32e-01	  1.20e-02	-3.09338e-03
  1.32e-01	  1.25e-02	-3.77273e-03
  1.32e-01	  1.30e-02	-4.43316e-03
  1.32e-01	  1.35e-02	-5.06406e-03
  1.32e-01	  1.41e-02	-5.65678e-03
  1.32e-01	  1.46e-02	-6.20441e-03
  1.32e-01	  1.51e-02	-6.70142e-03
  1.32e-01	  1.56e-02	-7.14341e-03
  1.32e-01	  1.61e-02	-7.52677e-03
  1.32e-01	  1.67e-02	-7.84845e-03
  1.32e-01	  1.72e-02	-8.10574e-03
  1.32e-01	  1.77e-02	-8.29615e-03
  1.32e-01	  1.82e-02	-8.41746e-03
  1.32e-01	  1.88e-02	-8.46770e-03
  1.32e-01	  1.93e-02	-8.44542e-03
  1.32e-01	  1.98e-02	-8.34982e-03
  1.32e-01	  2.03e-02	-8.18110e-03
  1.32e-01	  2.08e-02	-7.94067e-03
  1.32e-01	  2.14e-02	-7.63138e-03
  1.32e-01	  2.19e-02	-7.25769e-03
  1.32e-01	  2.24e-02	-6.82572e-03
  1.32e-01	  2.29e-02	-6.34319e-03
  1.32e-01	  2.34e-02	-5.81926e-03
  1.32e-01	  2.40e-02	-5.26418e-03
  1.32e-01	  2.45e-02	-4.68895e-03
  1.32e-01	  2.50e-02	-4.10480e-03
  1.32e-01	  2.55e-02	-3.52270e-03
  1.32e-01	  2.60e-02	-2.95289e-03
  1.32e-01	  2.66e-02	-2.40439e-03
  1.32e-01	  2.71e-02	-1.88468e-03
  1.32e-01	  2.76e-02	-1.39946e-03
  1.32e-01	  2.81e-02	-9.52572e-04
  1.32e-01	  2.86e-02	-5.46072e-04
  1.32e-01	  2.92e-02	-1.80448e-04
  1.32e-01	  2.97e-02	1.45042e-04
  1.32e-01	  3.02e-02	4.31954e-04
  1.32e-01	  3.07e-02	6.82191e-04
  1.32e-01	  3.13e-02	8.97567e-04
  1.32e-01	  3.18e-02	1.07942e-03
  1.32e-01	  3.23e-02	1.22835e-03
  1.32e-01	  3.28e-02	1.34410e-03
  1.32e-01	  3.33e-02	1.42559e-03
  1.32e-01	  3.39e-02	1.47117e-03
  1.32e-01	  3.44e-02	1.47894e-03
  1.32e-01	  3.49e-02	1.44730e-03
  1.32e-01	  3.54e-02	1.37551e-03
  1.32e-01	  3.59e-02	1.26432e-03
  1.32e-01	  3.65e-02	1.11656e-03
  1.32e-01	  3.70e-02	9.37703e-04
  1.32e-01	  3.75e-02	7.36259e-04
  1.32e-01	  3.80e-02	5.24135e-04
  1.32e-01	  3.85e-02	3.16835e-04
  1.32e-01	  3.91e-02	1.33642e-04
  1.32e-01	  3.96e-02	-2.02585e-06
  1.32e-01	  4.01e-02	-2.29993e-30
  1.32e-01	  4.06e-02	0.00000e+00
  1.32e-01	  4.11e-02	0.00000e+00
  1.32e-01	  4.17e-02	0.00000e+00
  1.32e-01	  4.22e-02	0.00000e+00
  1.32e-01	  4.27e-02	0.00000e+00
  1.32e-01	  4.32e-02	0.00000e+00
  1.32e-01	  4.37e-02	0.00000e+00
  1.32e-01	  4.43e-02	0.00000e+00
  1.32e-01	  4.48e-02	0.00000e+00
  1.32e-01	  4.53e-02	0.00000e+00
  1.32e-01	  4.58e-02	0.00000e+00
  1.32e-01	  4.64e-02	0.00000e+00
  1.32e-01	  4.69e-02	0.00000e+00
  1.32e-01	  4.74e-02	0.00000e+00
  1.32e-01	  4.79e-02	0.00000e+00
  1.32e-01	  4.84e-02	0.00000e+00
  1.32e-01	  4.90e-02	0.00000e+00
  1.32e-01	  4.95e-02	0.00000e+00

  1.33e-01	  0.00e+00	0.00000e+00
  1.33e-01	  5.21e-04	0.00000e+00
  1.33e-01	  1.04e-03	0.00000e+00
  1.33e-01	  1.56e-03	0.00000e+00
  1.33e-01	  2.08e-03	0.00000e+00
  1.33e-01	  2.60e-03	0.00000e+00
  1.33e-01	  3.12e-03	0.00000e+00
  1.33e-01	  3.65e-03	0.00000e+00
  1.33e-01	  4.17e-03	0.00000e+00
  1.33e-01	  4.69e-03	0.00000e+00
  1.33e-01	  5.21e-03	0.00000e+00
  1.33e-01	  5.73e-03	0.00000e+00
  1.33e-01	  6.25e-03	0.00000e+00
  1.33e-01	  6.77e-03	0.00000e+00
  1.33e-01	  7.29e-03	0.00000e+00
  1.33e-01	  7.81e-03	0.00000e+00
  1.33e-01	  8.33e-03	0.00000e+00
  1.33e-01	  8.85e-03	0.00000e+00
  1.33e-01	  9.37e-03	2.29911e-30
  1.33e-01	  9.90e-03	-4.31457e-04
  1.33e-01	  1.04e-02	-9.92227e-04
  1.33e-01	  1.09e-02	-1.60143e-03
  1.33e-01	  1.15e-02	-2.23933e-03
  1.33e-01	  1.20e-02	-2.88889e-03
  1.33e-01	  1.25e-02	-3.53540e-03
  1.33e-01	  1.30e-02	-4.16637e-03
  1.33e-01	  1.35e-02	-4.77132e-03
  1.33e-01	  1.41e-02	-5.34158e-03
  1.33e-01	  1.46e-02	-5.87010e-03
  1.33e-01	  1.51e-02	-6.35118e-03
  1.33e-01	  1.56e-02	-6.78017e-03
  1.33e-01	  1.61e-02	-7.15325e-03
  1.33e-01	  1.67e-02	-7.46720e-03
  1.33e-01	  1.72e-02	-7.71922e-03
  1.33e-01	  1.77e-02	-7.90688e-03
  1.33e-01	  1.82e-02	-8.02803e-03
  1.33e-01	  1.88e-02	-8.08098e-03
  1.33e-01	  1.93e-02	-8.06453e-03
  1.33e-01	  1.98e-02	-7.97823e-03
  1.33e-01	  2.03e-02	-7.82254e-03
  1.33e-01	  2.08e-02	-7.59910e-03
  1.33e-01	  2.14e-02	-7.31086e-03
  1.33e-01	  2.19e-02	-6.96220e-03
  1.33e-01	  2.24e-02	-6.55899e-03
  1.33e-01	  2.29e-02	-6.10851e-03
  1.33e-01	  2.34e-02	-5.61927e-03
  1.33e-01	  2.40e-02	-5.10075e-03
  1.33e-01	  2.45e-02	-4.56304e-03
  1.33e-01	  2.50e-02	-4.01643e-03
  1.33e-01	  2.55e-02	-3.47097e-03
  1.33e-01	  2.60e-02	-2.93605e-03
  1.33e-01	  2.66e-02	-2.41998e-03
  1.33e-01	  2.71e-02	-1.92976e-03
  1.33e-01	  2.76e-02	-1.47077e-03
  1.33e-01	  2.81e-02	-1.04682e-03
  1.33e-01	  2.86e-02	-6.60111e-04
  1.33e-01	  2.92e-02	-3.11483e-04
  1.33e-01	  2.97e-02	-6.55251e-07
  1.33e-01	  3.02e-02	2.73398e-04
  1.33e-01	  3.07e-02	5.12069e-04
  1.33e-01	  3.13e-02	7.16742e-04
  1.33e-01	  3.18e-02	8.88480e-04
  1.33e-01	  3.23e-02	1.02780e-03
  1.33e-01	  3.28e-02	1.13457e-03
  1.33e-01	  3.33e-02	1.20808e-03
  1.33e-01	  3.39e-02	1.24720e-03
  1.33e-01	  3.44e-02	1.25074e-03
  1.33e-01	  3.49e-02	1.21783e-03
  1.33e-01	  3.54e-02	1.14849e-03
  1.33e-01	  3.59e-02	1.04413e-03
  1.33e-01	  3.65e-02	9.08063e-04
  1.33e-01	  3.70e-02	7.46011e-04
  1.33e-01	  3.75e-02	5.66477e-04
  1.33e-01	  3.80e-02	3.81067e-04
  1.33e-01	  3.85e-02	2.04735e-04
  1.33e-01	  3.91e-02	5.60230e-05
  1.33e-01	  3.96e-02	-4.24500e-05
  1.33e-01	  4.01e-02	-2.30006e-30
  1.33e-01	  4.06e-02	0.00000e+00
  1.33e-01	  4.11e-02	0.00000e+00
  1.33e-01	  4.17e-02	0.00000e+00
  1.33e-01	  4.22e-02	0.00000e+00
  1.33e-01	  4.27e-02	0.00000e+00
  1.33e-01	  4.32e-02	0.00000e+00
  1.33e-01	  4.37e-02	0.00000e+00
  1.33e-01	  4.43e-02	0.00000e+00
  1.33e-01	  4.48e-02	0.00000e+00
  1.33e-01	  4.53e-02	0.00000e+00
  1.33e-01	  4.58e-02	0.00000e+00
  1.33e-01	  4.64e-02	0.00000e+00
  1.33e-01	  4.69e-02	0.00000e+00
  1.33e-01	  4.74e-02	0.00000e+00
  1.33e-01	  4.79e-02	0.00000e+00
  1.33e-01	  4.84e-02	0.00000e+00
  1.33e-01	  4.90e-02	0.00000e+00
  1.33e-01	  4.95e-02	0.00000e+00

  1.34e-01	  0.00e+00	0.00000e+00
  1.34e-01	  5.21e-04	0.00000e+00
  1.34e-01	  1.04e-03	0.00000e+00
  1.34e-01	  1.56e-03	0.00000e+00
  1.34e-01	  2.08e-03	0.00000e+00
  1.34e-01	  2.60e-03	0.00000e+00
  1.34e-01	  3.12e-03	0.00000e+00
  1.34e-01	  3.65e-03	0.00000e+00
  1.34e-01	  4.17e-03	0.00000e+00
  1.34e-01	  4.69e-03	0.00000e+00
  1.34e-01	  5.21e-03	0.00000e+00
  1.34e-01	  5.73e-03	0.00000e+00
  1.34e-01	  6.25e-03	0.00000e+00
  1.34e-01	  6.77e-03	0.00000e+00
  1.34e-01	  7.29e-03	0.00000e+00
  1.34e-01	  7.81e-03	0.00000e+00
  1.34e-01	  8.33e-03	0.00000e+00
  1.34e-01	  8.85e-03	0.00000e+00
  1.34e-01	  9.37e-03	2.29913e-30
  1.34e-01	  9.90e-03	-3.88516e-04
  1.34e-01	  1.04e-02	-9.08880e-04
  1.34e-01	  1.09e-02	-1.47950e-03
  1.34e-01	  1.15e-02	-2.08093e-03
  1.34e-01	  1.20e-02	-2.69645e-03
  1.34e-01	  1.25e-02	-3.31169e-03
  1.34e-01	  1.30e-02	-3.91436e-03
  1.34e-01	  1.35e-02	-4.49409e-03
  1.34e-01	  1.41e-02	-5.04227e-03
  1.34e-01	  1.46e-02	-5.55177e-03
  1.34e-01	  1.51e-02	-6.01675e-03
  1.34e-01	  1.56e-02	-6.43241e-03
  1.34e-01	  1.61e-02	-6.79478e-03
  1.34e-01	  1.67e-02	-7.10054e-03
  1.34e-01	  1.72e-02	-7.34685e-03
  1.34e-01	  1.77e-02	-7.53130e-03
  1.34e-01	  1.82e-02	-7.65188e-03
  1.34e-01	  1.88e-02	-7.70708e-03
  1.34e-01	  1.93e-02	-7.69594e-03
  1.34e-01	  1.98e-02	-7.61825e-03
  1.34e-01	  2.03e-02	-7.47471e-03
  1.34e-01	  2.08e-02	-7.26710e-03
  1.34e-01	  2.14e-02	-6.99840e-03
  1.34e-01	  2.19e-02	-6.67292e-03
  1.34e-01	  2.24e-02	-6.29627e-03
  1.34e-01	  2.29e-02	-5.87532e-03
  1.34e-01	  2.34e-02	-5.41799e-03
  1.34e-01	  2.40e-02	-4.93307e-03
  1.34e-01	  2.45e-02	-4.42987e-03
  1.34e-01	  2.50e-02	-3.91785e-03
  1.34e-01	  2.55e-02	-3.40626e-03
  1.34e-01	  2.60e-02	-2.90375e-03
  1.34e-01	  2.66e-02	-2.41802e-03
  1.34e-01	  2.71e-02	-1.95559e-03
  1.34e-01	  2.76e-02	-1.52160e-03
  1.34e-01	  2.81e-02	-1.11978e-03
  1.34e-01	  2.86e-02	-7.52433e-04
  1.34e-01	  2.92e-02	-4.20663e-04
  1.34e-01	  2.97e-02	-1.24554e-04
  1.34e-01	  3.02e-02	1.36501e-04
  1.34e-01	  3.07e-02	3.63488e-04
  1.34e-01	  3.13e-02	5.57451e-04
  1.34e-01	  3.18e-02	7.19236e-04
  1.34e-01	  3.23e-02	8.49297e-04
  1.34e-01	  3.28e-02	9.47630e-04
  1.34e-01	  3.33e-02	1.01381e-03
  1.34e-01	  3.39e-02	1.04716e-03
  1.34e-01	  3.44e-02	1.04705e-03
  1.34e-01	  3.49e-02	1.01323e-03
  1.34e-01	  3.54e-02	9.46343e-04
  1.34e-01	  3.59e-02	8.48308e-04
  1.34e-01	  3.65e-02	7.22841e-04
  1.34e-01	  3.70e-02	5.75851e-04
  1.34e-01	  3.75e-02	4.15813e-04
  1.34e-01	  3.80e-02	2.54073e-04
  1.34e-01	  3.85e-02	1.05119e-04
  1.34e-01	  3.91e-02	-1.31081e-05
  1.34e-01	  3.96e-02	-7.86047e-05
  1.34e-01	  4.01e-02	-2.30018e-30
  1.34e-01	  4.06e-02	0.00000e+00
  1.34e-01	  4.11e-02	0.00000e+00
  1.34e-01	  4.17e-02	0.00000e+00
  1.34e-01	  4.22e-02	0.00000e+00
  1.34e-01	  4.27e-02	0.00000e+00
  1.34e-01	  4.32e-02	0.00000e+00
  1.34e-01	  4.37e-02	0.00000e+00
  1.34e-01	  4.43e-02	0.00000e+00
  1.34e-01	  4.48e-02	0.00000e+00
  1.34e-01	  4.53e-02	0.00000e+00
  1.34e-01	  4.58e-02	0.00000e+00
  1.34e-01	  4.64e-02	0.00000e+00
  1.34e-01	  4.69e-02	0.00000e+00
  1.34e-01	  4.74e-02	0.00000e+00
  1.34e-01	  4.79e-02	0.00000e+00
  1.34e-01	  4.84e-02	0.00000e+00
  1.34e-01	  4.90e-02	0.00000e+00
  1.34e-01	  4.95e-02	0.00000e+00

  1.35e-01	  0.00e+00	0.00000e+00
  1.35e-01	  5.21e-04	0.00000e+00
  1.35e-01	  1.04e-03	0.00000e+00
  1.35e-01	  1.56e-03	0.00000e+00
  1.35e-01	  2.08e-03	0.00000e+00
  1.35e-01	  2.60e-03	0.00000e+00
  1.35e-01	  3.12e-03	0.00000e+00
  1.35e-01	  3.65e-03	0.00000e+00
  1.35e-01	  4.17e-03	0.00000e+00
  1.35e-01	  4.69e-03	0.00000e+00
  1.35e-01	  5.21e-03	0.00000e+00
  1.35e-01	  5.73e-03	0.00000e+00
  1.35e-01	  6.25e-03	0.00000e+00
  1.35e-01	  6.77e-03	0.00000e+00
  1.35e-01	  7.29e-03	0.00000e+00
  1.35e-01	  7.81e-03	0.00000e+00
  1.35e-01	  8.33e-03	0.00000e+00
  1.35e-01	  8.85e-03	0.00000e+00
  1.35e-01	  9.37e-03	2.29915e-30
  1.35e-01	  9.90e-03	-3.47863e-04
  1.35e-01	  1.04e-02	-8.30101e-04
  1.35e-01	  1.09e-02	-1.36431e-03
  1.35e-01	  1.15e-02	-1.93123e-03
  1.35e-01	  1.20e-02	-2.51442e-03
  1.35e-01	  1.25e-02	-3.09975e-03
  1.35e-01	  1.30e-02	-3.67515e-03
  1.35e-01	  1.35e-02	-4.23038e-03
  1.35e-01	  1.41e-02	-4.75687e-03
  1.35e-01	  1.46e-02	-5.24747e-03
  1.35e-01	  1.51e-02	-5.69627e-03
  1.35e-01	  1.56e-02	-6.09837e-03
  1.35e-01	  1.61e-02	-6.44971e-03
  1.35e-01	  1.67e-02	-6.74690e-03
  1.35e-01	  1.72e-02	-6.98710e-03
  1.35e-01	  1.77e-02	-7.16794e-03
  1.35e-01	  1.82e-02	-7.28753e-03
  1.35e-01	  1.88e-02	-7.34451e-03
  1.35e-01	  1.93e-02	-7.33812e-03
  1.35e-01	  1.98e-02	-7.26835e-03
  1.35e-01	  2.03e-02	-7.13607e-03
  1.35e-01	  2.08e-02	-6.94314e-03
  1.35e-01	  2.14e-02	-6.69258e-03
  1.35e-01	  2.19e-02	-6.38857e-03
  1.35e-01	  2.24e-02	-6.03648e-03
  1.35e-01	  2.29e-02	-5.64276e-03
  1.35e-01	  2.34e-02	-5.21486e-03
  1.35e-01	  2.40e-02	-4.76094e-03
  1.35e-01	  2.45e-02	-4.28959e-03
  1.35e-01	  2.50e-02	-3.80956e-03
  1.35e-01	  2.55e-02	-3.32940e-03
  1.35e-01	  2.60e-02	-2.85708e-03
  1.35e-01	  2.66e-02	-2.39979e-03
  1.35e-01	  2.71e-02	-1.96363e-03
  1.35e-01	  2.76e-02	-1.55349e-03
  1.35e-01	  2.81e-02	-1.17300e-03
  1.35e-01	  2.86e-02	-8.24549e-04
  1.35e-01	  2.92e-02	-5.09422e-04
  1.35e-01	  2.97e-02	-2.27992e-04
  1.35e-01	  3.02e-02	2.00206e-05
  1.35e-01	  3.07e-02	2.35275e-04
  1.35e-01	  3.13e-02	4.18551e-04
  1.35e-01	  3.18e-02	5.70520e-04
  1.35e-01	  3.23e-02	6.91598e-04
  1.35e-01	  3.28e-02	7.81882e-04
  1.35e-01	  3.33e-02	8.41198e-04
  1.35e-01	  3.39e-02	8.69245e-04
  1.35e-01	  3.44e-02	8.65849e-04
  1.35e-01	  3.49e-02	8.31286e-04
  1.35e-01	  3.54e-02	7.66675e-04
  1.35e-01	  3.59e-02	6.74376e-04
  1.35e-01	  3.65e-02	5.58411e-04
  1.35e-01	  3.70e-02	4.24835e-04
  1.35e-01	  3.75e-02	2.82082e-04
  1.35e-01	  3.80e-02	1.41268e-04
  1.35e-01	  3.85e-02	1.64947e-05
  1.35e-01	  3.91e-02	-7.47820e-05
  1.35e-01	  3.96e-02	-1.11018e-04
  1.35e-01	  4.01e-02	-2.30031e-30
  1.35e-01	  4.06e-02	0.00000e+00
  1.35e-01	  4.11e-02	0.00000e+00
  1.35e-01	  4.17e-02	0.00000e+00
  1.35e-01	  4.22e-02	0.00000e+00
  1.35e-01	  4.27e-02	0.00000e+00
  1.35e-01	  4.32e-02	0.00000e+00
  1.35e-01	  4.37e-02	0.00000e+00
  1.35e-01	  4.43e-02	0.00000e+00
  1.35e-01	  4.48e-02	0.00000e+00
  1.35e-01	  4.53e-02	0.00000e+00
  1.35e-01	  4.58e-02	0.00000e+00
  1.35e-01	  4.64e-02	0.00000e+00
  1.35e-01	  4.69e-02	0.00000e+00
  1.35e-01	  4.74e-02	0.00000e+00
  1.35e-01	  4.79e-02	0.00000e+00
  1.35e-01	  4.84e-02	0.00000e+00
  1.35e-01	  4.90e-02	0.00000e+00
  1.35e-01	  4.95e-02	0.00000e+00

  1.36e-01	  0.00e+00	0.00000e+00
  1.36e-01	  5.21e-04	0.00000e+00
  1.36e-01	  1.04e-03	0.00000e+00
  1.36e-01	  1.56e-03	0.00000e+00
  1.36e-01	  2.08e-03	0.00000e+00
  1.36e-01	  2.60e-03	0.00000e+00
  1.36e-01	  3.12e-03	0.00000e+00
  1.36e-01	  3.65e-03	0.00000e+00
  1.36e-01	  4.17e-03	0.00000e+00
  1.36e-01	  4.69e-03	0.00000e+00
  1.36e-01	  5.21e-03	0.00000e+00
  1.36e-01	  5.73e-03	0.00000e+00
  1.36e-01	  6.25e-03	0.00000e+00
  1.36e-01	  6.77e-03	0.00000e+00
  1.36e-01	  7.29e-03	0.00000e+00
  1.36e-01	  7.81e-03	0.00000e+00
  1.36e-01	  8.33e-03	0.00000e+00
  1.36e-01	  8.85e-03	0.00000e+00
  1.36e-01	  9.37e-03	2.29916e-30
  1.36e-01	  9.90e-03	-3.09208e-04
  1.36e-01	  1.04e-02	-7.55258e-04
  1.36e-01	  1.09e-02	-1.25491e-03
  1.36e-01	  1.15e-02	-1.78902e-03
  1.36e-01	  1.20e-02	-2.34133e-03
  1.36e-01	  1.25e-02	-2.89796e-03
  1.36e-01	  1.30e-02	-3.44700e-03
  1.36e-01	  1.35e-02	-3.97837e-03
  1.36e-01	  1.41e-02	-4.48355e-03
  1.36e-01	  1.46e-02	-4.95540e-03
  1.36e-01	  1.51e-02	-5.38798e-03
  1.36e-01	  1.56e-02	-5.77634e-03
  1.36e-01	  1.61e-02	-6.11639e-03
  1.36e-01	  1.67e-02	-6.40469e-03
  1.36e-01	  1.72e-02	-6.63841e-03
  1.36e-01	  1.77e-02	-6.81526e-03
  1.36e-01	  1.82e-02	-6.93344e-03
  1.36e-01	  1.88e-02	-6.99172e-03
  1.36e-01	  1.93e-02	-6.98953e-03
  1.36e-01	  1.98e-02	-6.92698e-03
  1.36e-01	  2.03e-02	-6.80508e-03
  1.36e-01	  2.08e-02	-6.62576e-03
  1.36e-01	  2.14e-02	-6.39202e-03
  1.36e-01	  2.19e-02	-6.10790e-03
  1.36e-01	  2.24e-02	-5.77853e-03
  1.36e-01	  2.29e-02	-5.41003e-03
  1.36e-01	  2.34e-02	-5.00935e-03
  1.36e-01	  2.40e-02	-4.58409e-03
  1.36e-01	  2.45e-02	-4.14225e-03
  1.36e-01	  2.50e-02	-3.69192e-03
  1.36e-01	  2.55e-02	-3.24101e-03
  1.36e-01	  2.60e-02	-2.79695e-03
  1.36e-01	  2.66e-02	-2.36641e-03
  1.36e-01	  2.71e-02	-1.95514e-03
  1.36e-01	  2.76e-02	-1.56778e-03
  1.36e-01	  2.81e-02	-1.20787e-03
  1.36e-01	  2.86e-02	-8.77835e-04
  1.36e-01	  2.92e-02	-5.79092e-04
  1.36e-01	  2.97e-02	-3.12239e-04
  1.36e-01	  3.02e-02	-7.72535e-05
  1.36e-01	  3.07e-02	1.26268e-04
  1.36e-01	  3.13e-02	2.98892e-04
  1.36e-01	  3.18e-02	4.41160e-04
  1.36e-01	  3.23e-02	5.53459e-04
  1.36e-01	  3.28e-02	6.35979e-04
  1.36e-01	  3.33e-02	6.88755e-04
  1.36e-01	  3.39e-02	7.11797e-04
  1.36e-01	  3.44e-02	7.05316e-04
  1.36e-01	  3.49e-02	6.70007e-04
  1.36e-01	  3.54e-02	6.07392e-04
  1.36e-01	  3.59e-02	5.20180e-04
  1.36e-01	  3.65e-02	4.12635e-04
  1.36e-01	  3.70e-02	2.90920e-04
  1.36e-01	  3.75e-02	1.63421e-04
  1.36e-01	  3.80e-02	4.10556e-05
  1.36e-01	  3.85e-02	-6.23990e-05
  1.36e-01	  3.91e-02	-1.29870e-04
  1.36e-01	  3.96e-02	-1.40135e-04
  1.36e-01	  4.01e-02	-2.30042e-30
  1.36e-01	  4.06e-02	0.00000e+00
  1.36e-01	  4.11e-02	0.00000e+00
  1.36e-01	  4.17e-02	0.00000e+00
  1.36e-01	  4.22e-02	0.00000e+00
  1.36e-01	  4.27e-02	0.00000e+00
  1.36e-01	  4.32e-02	0.00000e+00
  1.36e-01	  4.37e-02	0.00000e+00
  1.36e-01	  4.43e-02	0.00000e+00
  1.36e-01	  4.48e-02	0.00000e+00
  1.36e-01	  4.53e-02	0.00000e+00
  1.36e-01	  4.58e-02	0.00000e+00
  1.36e-01	  4.64e-02	0.00000e+00
  1.36e-01	  4.69e-02	0.00000e+00
  1.36e-01	  4.74e-02	0.00000e+00
  1.36e-01	  4.79e-02	0.00000e+00
  1.36e-01	  4.84e-02	0.00000e+00
  1.36e-01	  4.90e-02	0.00000e+00
  1.36e-01	  4.95e-02	0.00000e+00

  1.36e-01	  0.00e+00	0.00000e+00
  1.36e-01	  5.21e-04	0.00000e+00
  1.36e-01	  1.04e-03	0.00000e+00
  1.36e-01	  1.56e-03	0.00000e+00
  1.36e-01	  2.08e-03	0.00000e+00
  1.36e-01	  2.60e-03	0.00000e+00
  1.36e-01	  3.12e-03	0.00000e+00
  1.36e-01	  3.65e-03	0.00000e+00
  1.36e-01	  4.17e-03	0.00000e+00
  1.36e-01	  4.69e-03	0.00000e+00
  1.36e-01	  5.21e-03	0.00000e+00
  1.36e-01	  5.73e-03	0.00000e+00
  1.36e-01	  6.25e-03	0.00000e+00
  1.36e-01	  6.77e-03	0.00000e+00
  1.36e-01	  7.29e-03	0.00000e+00
  1.36e-01	  7.81e-03	0.00000e+00
  1.36e-01	  8.33e-03	0.00000e+00
  1.36e-01	  8.85e-03	0.00000e+00
  1.36e-01	  9.37e-03	2.29918e-30
  1.36e-01	  9.90e-03	-2.72215e-04
  1.36e-01	  1.04e-02	-6.83744e-04
  1.36e-01	  1.09e-02	-1.15044e-03
  1.36e-01	  1.15e-02	-1.65318e-03
  1.36e-01	  1.20e-02	-2.17588e-03
  1.36e-01	  1.25e-02	-2.70483e-03
  1.36e-01	  1.30e-02	-3.22832e-03
  1.36e-01	  1.35e-02	-3.73638e-03
  1.36e-01	  1.41e-02	-4.22058e-03
  1.36e-01	  1.46e-02	-4.67382e-03
  1.36e-01	  1.51e-02	-5.09017e-03
  1.36e-01	  1.56e-02	-5.46465e-03
  1.36e-01	  1.61e-02	-5.79317e-03
  1.36e-01	  1.67e-02	-6.07228e-03
  1.36e-01	  1.72e-02	-6.29920e-03
  1.36e-01	  1.77e-02	-6.47167e-03
  1.36e-01	  1.82e-02	-6.58802e-03
  1.36e-01	  1.88e-02	-6.64714e-03
  1.36e-01	  1.93e-02	-6.64857e-03
  1.36e-01	  1.98e-02	-6.59256e-03
  1.36e-01	  2.03e-02	-6.48021e-03
  1.36e-01	  2.08e-02	-6.31348e-03
  1.36e-01	  2.14e-02	-6.09532e-03
  1.36e-01	  2.19e-02	-5.82965e-03
  1.36e-01	  2.24e-02	-5.52138e-03
  1.36e-01	  2.29e-02	-5.17626e-03
  1.36e-01	  2.34e-02	-4.80084e-03
  1.36e-01	  2.40e-02	-4.40221e-03
  1.36e-01	  2.45e-02	-3.98782e-03
  1.36e-01	  2.50e-02	-3.56517e-03
  1.36e-01	  2.55e-02	-3.14163e-03
  1.36e-01	  2.60e-02	-2.72410e-03
  1.36e-01	  2.66e-02	-2.31883e-03
  1.36e-01	  2.71e-02	-1.93120e-03
  1.36e-01	  2.76e-02	-1.56567e-03
  1.36e-01	  2.81e-02	-1.22564e-03
  1.36e-01	  2.86e-02	-9.13545e-04
  1.36e-01	  2.92e-02	-6.30913e-04
  1.36e-01	  2.97e-02	-3.78501e-04
  1.36e-01	  3.02e-02	-1.56489e-04
  1.36e-01	  3.07e-02	3.53247e-05
  1.36e-01	  3.13e-02	1.97341e-04
  1.36e-01	  3.18e-02	3.29999e-04
  1.36e-01	  3.23e-02	4.33669e-04
  1.36e-01	  3.28e-02	5.08624e-04
  1.36e-01	  3.33e-02	5.55072e-04
  1.36e-01	  3.39e-02	5.73285e-04
  1.36e-01	  3.44e-02	5.63790e-04
  1.36e-01	  3.49e-02	5.27628e-04
  1.36e-01	  3.54e-02	4.66649e-04
  1.36e-01	  3.59e-02	3.83843e-04
  1.36e-01	  3.65e-02	2.83663e-04
  1.36e-01	  3.70e-02	1.72351e-04
  1.36e-01	  3.75e-02	5.82402e-05
  1.36e-01	  3.80e-02	-4.79247e-05
  1.36e-01	  3.85e-02	-1.32635e-04
  1.36e-01	  3.91e-02	-1.79113e-04
  1.36e-01	  3.96e-02	-1.66337e-04
  1.36e-01	  4.01e-02	-2.30054e-30
  1.36e-01	  4.06e-02	0.00000e+00
  1.36e-01	  4.11e-02	0.00000e+00
  1.36e-01	  4.17e-02	0.00000e+00
  1.36e-01	  4.22e-02	0.00000e+00
  1.36e-01	  4.27e-02	0.00000e+00
  1.36e-01	  4.32e-02	0.00000e+00
  1.36e-01	  4.37e-02	0.00000e+00
  1.36e-01	  4.43e-02	0.00000e+00
  1.36e-01	  4.48e-02	0.00000e+00
  1.36e-01	  4.53e-02	0.00000e+00
  1.36e-01	  4.58e-02	0.00000e+00
  1.36e-01	  4.64e-02	0.00000e+00
  1.36e-01	  4.69e-02	0.00000e+00
  1.36e-01	  4.74e-02	0.00000e+00
  1.36e-01	  4.79e-02	0.00000e+00
  1.36e-01	  4.84e-02	0.00000e+00
  1.36e-01	  4.90e-02	0.00000e+00
  1.36e-01	  4.95e-02	0.00000e+00

  1.37e-01	  0.00e+00	0.00000e+00
  1.37e-01	  5.21e-04	0.00000e+00
  1.37e-01	  1.04e-03	0.00000e+00
  1.37e-01	  1.56e-03	0.00000e+00
  1.37e-01	  2.08e-03	0.00000e+00
  1.37e-01	  2.60e-03	0.00000e+00
  1.37e-01	  3.12e-03	0.00000e+00
  1.37e-01	  3.65e-03	0.00000e+00
  1.37e-01	  4.17e-03	0.00000e+00
  1.37e-01	  4.69e-03	0.00000e+00
  1.37e-01	  5.21e-03	0.00000e+00
  1.37e-01	  5.73e-03	0.00000e+00
  1.37e-01	  6.25e-03	0.00000e+00
  1.37e-01	  6.77e-03	0.00000e+00
  1.37e-01	  7.29e-03	0.00000e+00
  1.37e-01	  7.81e-03	0.00000e+00
  1.37e-01	  8.33e-03	0.00000e+00
  1.37e-01	  8.85e-03	0.00000e+00
  1.37e-01	  9.37e-03	2.29920e-30
  1.37e-01	  9.90e-03	-2.36610e-04
  1.37e-01	  1.04e-02	-6.15028e-04
  1.37e-01	  1.09e-02	-1.05012e-03
  1.37e-01	  1.15e-02	-1.52273e-03
  1.37e-01	  1.20e-02	-2.01689e-03
  1.37e-01	  1.25e-02	-2.51904e-03
  1.37e-01	  1.30e-02	-3.01765e-03
  1.37e-01	  1.35e-02	-3.50287e-03
  1.37e-01	  1.41e-02	-3.96637e-03
  1.37e-01	  1.46e-02	-4.40111e-03
  1.37e-01	  1.51e-02	-4.80118e-03
  1.37e-01	  1.56e-02	-5.16165e-03
  1.37e-01	  1.61e-02	-5.47840e-03
  1.37e-01	  1.67e-02	-5.74804e-03
  1.37e-01	  1.72e-02	-5.96782e-03
  1.37e-01	  1.77e-02	-6.13556e-03
  1.37e-01	  1.82e-02	-6.24966e-03
  1.37e-01	  1.88e-02	-6.30914e-03
  1.37e-01	  1.93e-02	-6.31364e-03
  1.37e-01	  1.98e-02	-6.26351e-03
  1.37e-01	  2.03e-02	-6.15990e-03
  1.37e-01	  2.08e-02	-6.00481e-03
  1.37e-01	  2.14e-02	-5.80111e-03
  1.37e-01	  2.19e-02	-5.55260e-03
  1.37e-01	  2.24e-02	-5.26395e-03
  1.37e-01	  2.29e-02	-4.94061e-03
  1.37e-01	  2.34e-02	-4.58873e-03
  1.37e-01	  2.40e-02	-4.21494e-03
  1.37e-01	  2.45e-02	-3.82619e-03
  1.37e-01	  2.50e-02	-3.42948e-03
  1.37e-01	  2.55e-02	-3.03166e-03
  1.37e-01	  2.60e-02	-2.63916e-03
  1.37e-01	  2.66e-02	-2.25784e-03
  1.37e-01	  2.71e-02	-1.89278e-03
  1.37e-01	  2.76e-02	-1.54820e-03
  1.37e-01	  2.81e-02	-1.22742e-03
  1.37e-01	  2.86e-02	-9.32833e-04
  1.37e-01	  2.92e-02	-6.66041e-04
  1.37e-01	  2.97e-02	-4.27922e-04
  1.37e-01	  3.02e-02	-2.18814e-04
  1.37e-01	  3.07e-02	-3.86676e-05
  1.37e-01	  3.13e-02	1.12785e-04
  1.37e-01	  3.18e-02	2.35904e-04
  1.37e-01	  3.23e-02	3.31054e-04
  1.37e-01	  3.28e-02	3.98575e-04
  1.37e-01	  3.33e-02	4.38825e-04
  1.37e-01	  3.39e-02	4.52293e-04
  1.37e-01	  3.44e-02	4.39767e-04
  1.37e-01	  3.49e-02	4.02568e-04
  1.37e-01	  3.54e-02	3.42816e-04
  1.37e-01	  3.59e-02	2.63724e-04
  1.37e-01	  3.65e-02	1.69894e-04
  1.37e-01	  3.70e-02	6.76181e-05
  1.37e-01	  3.75e-02	-3.48211e-05
  1.37e-01	  3.80e-02	-1.26832e-04
  1.37e-01	  3.85e-02	-1.95124e-04
  1.37e-01	  3.91e-02	-2.23139e-04
  1.37e-01	  3.96e-02	-1.89947e-04
  1.37e-01	  4.01e-02	-2.30065e-30
  1.37e-01	  4.06e-02	0.00000e+00
  1.37e-01	  4.11e-02	0.00000e+00
  1.37e-01	  4.17e-02	0.00000e+00
  1.37e-01	  4.22e-02	0.00000e+00
  1.37e-01	  4.27e-02	0.00000e+00
  1.37e-01	  4.32e-02	0.00000e+00
  1.37e-01	  4.37e-02	0.00000e+00
  1.37e-01	  4.43e-02	0.00000e+00
  1.37e-01	  4.48e-02	0.00000e+00
  1.37e-01	  4.53e-02	0.00000e+00
  1.37e-01	  4.58e-02	0.00000e+00
  1.37e-01	  4.64e-02	0.00000e+00
  1.37e-01	  4.69e-02	0.00000e+00
  1.37e-01	  4.74e-02	0.00000e+00
  1.37e-01	  4.79e-02	0.00000e+00
  1.37e-01	  4.84e-02	0.00000e+00
  1.37e-01	  4.90e-02	0.00000e+00
  1.37e-01	  4.95e-02	0.00000e+00

  1.38e-01	  0.00e+00	0.00000e+00
  1.38e-01	  5.21e-04	0.00000e+00
  1.38e-01	  1.04e-03	0.00000e+00
  1.38e-01	  1.56e-03	0.00000e+00
  1.38e-01	  2.08e-03	0.00000e+00
  1.38e-01	  2.60e-03	0.00000e+00
  1.38e-01	  3.12e-03	0.00000e+00
  1.38e-01	  3.65e-03	0.00000e+00
  1.38e-01	  4.17e-03	0.00000e+00
  1.38e-01	  4.69e-03	0.00000e+00
  1.38e-01	  5.21e-03	0.00000e+00
  1.38e-01	  5.73e-03	0.00000e+00
  1.38e-01	  6.25e-03	0.00000e+00
  1.38e-01	  6.77e-03	0.00000e+00
  1.38e-01	  7.29e-03	0.00000e+00
  1.38e-01	  7.81e-03	0.00000e+00
  1.38e-01	  8.33e-03	0.00000e+00
  1.38e-01	  8.85e-03	0.00000e+00
  1.38e-01	  9.37e-03	2.29922e-30
  1.38e-01	  9.90e-03	-2.02150e-04
  1.38e-01	  1.04e-02	-5.48631e-04
  1.38e-01	  1.09e-02	-9.53252e-04
  1.38e-01	  1.15e-02	-1.39676e-03
  1.38e-01	  1.20e-02	-1.86326e-03
  1.38e-01	  1.25e-02	-2.33935e-03
  1.38e-01	  1.30e-02	-2.81362e-03
  1.38e-01	  1.35e-02	-3.27637e-03
  1.38e-01	  1.41e-02	-3.71937e-03
  1.38e-01	  1.46e-02	-4.13567e-03
  1.38e-01	  1.51e-02	-4.51941e-03
  1.38e-01	  1.56e-02	-4.86569e-03
  1.38e-01	  1.61e-02	-5.17044e-03
  1.38e-01	  1.67e-02	-5.43032e-03
  1.38e-01	  1.72e-02	-5.64262e-03
  1.38e-01	  1.77e-02	-5.80524e-03
  1.38e-01	  1.82e-02	-5.91668e-03
  1.38e-01	  1.88e-02	-5.97604e-03
  1.38e-01	  1.93e-02	-5.98306e-03
  1.38e-01	  1.98e-02	-5.93818e-03
  1.38e-01	  2.03e-02	-5.84257e-03
  1.38e-01	  2.08e-02	-5.69824e-03
  1.38e-01	  2.14e-02	-5.50800e-03
  1.38e-01	  2.19e-02	-5.27549e-03
  1.38e-01	  2.24e-02	-5.00517e-03
  1.38e-01	  2.29e-02	-4.70220e-03
  1.38e-01	  2.34e-02	-4.37235e-03
  1.38e-01	  2.40e-02	-4.02186e-03
  1.38e-01	  2.45e-02	-3.65720e-03
  1.38e-01	  2.50e-02	-3.28491e-03
  1.38e-01	  2.55e-02	-2.91138e-03
  1.38e-01	  2.60e-02	-2.54263e-03
  1.38e-01	  2.66e-02	-2.18413e-03
  1.38e-01	  2.71e-02	-1.84070e-03
  1.38e-01	  2.76e-02	-1.51633e-03
  1.38e-01	  2.81e-02	-1.21423e-03
  1.38e-01	  2.86e-02	-9.36768e-04
  1.38e-01	  2.92e-02	-6.85566e-04
  1.38e-01	  2.97e-02	-4.61597e-04
  1.38e-01	  3.02e-02	-2.65315e-04
  1.38e-01	  3.07e-02	-9.67940e-05
  1.38e-01	  3.13e-02	4.41349e-05
  1.38e-01	  3.18e-02	1.57771e-04
  1.38e-01	  3.23e-02	2.44475e-04
  1.38e-01	  3.28e-02	3.04648e-04
  1.38e-01	  3.33e-02	3.38772e-04
  1.38e-01	  3.39e-02	3.47513e-04
  1.38e-01	  3.44e-02	3.31876e-04
  1.38e-01	  3.49e-02	2.93410e-04
  1.38e-01	  3.54e-02	2.34452e-04
  1.38e-01	  3.59e-02	1.58390e-04
  1.38e-01	  3.65e-02	6.99391e-05
  1.38e-01	  3.70e-02	-2.45752e-05
  1.38e-01	  3.75e-02	-1.16926e-04
  1.38e-01	  3.80e-02	-1.96652e-04
  1.38e-01	  3.85e-02	-2.50639e-04
  1.38e-01	  3.91e-02	-2.62479e-04
  1.38e-01	  3.96e-02	-2.11237e-04
  1.38e-01	  4.01e-02	-2.30077e-30
  1.38e-01	  4.06e-02	0.00000e+00
  1.38e-01	  4.11e-02	0.00000e+00
  1.38e-01	  4.17e-02	0.00000e+00
  1.38e-01	  4.22e-02	0.00000e+00
  1.38e-01	  4.27e-02	0.00000e+00
  1.38e-01	  4.32e-02	0.00000e+00
  1.38e-01	  4.37e-02	0.00000e+00
  1.38e-01	  4.43e-02	0.00000e+00
  1.38e-01	  4.48e-02	0.00000e+00
  1.38e-01	  4.53e-02	0.00000e+00
  1.38e-01	  4.58e-02	0.00000e+00
  1.38e-01	  4.64e-02	0.00000e+00
  1.38e-01	  4.69e-02	0.00000e+00
  1.38e-01	  4.74e-02	0.00000e+00
  1.38e-01	  4.79e-02	0.00000e+00
  1.38e-01	  4.84e-02	0.00000e+00
  1.38e-01	  4.90e-02	0.00000e+00
  1.38e-01	  4.95e-02	0.00000e+00

  1.39e-01	  0.00e+00	0.00000e+00
  1.39e-01	  5.21e-04	0.00000e+00
  1.39e-01	  1.04e-03	0.00000e+00
  1.39e-01	  1.56e-03	0.00000e+00
  1.39e-01	  2.08e-03	0.00000e+00
  1.39e-01	  2.60e-03	0.00000e+00
  1.39e-01	  3.12e-03	0.00000e+00
  1.39e-01	  3.65e-03	0.00000e+00
  1.39e-01	  4.17e-03	0.00000e+00
  1.39e-01	  4.69e-03	0.00000e+00
  1.39e-01	  5.21e-03	0.00000e+00
  1.39e-01	  5.73e-03	0.00000e+00
  1.39e-01	  6.25e-03	0.00000e+00
  1.39e-01	  6.77e-03	0.00000e+00
  1.39e-01	  7.29e-03	0.00000e+00
  1.39e-01	  7.81e-03	0.00000e+00
  1.39e-01	  8.33e-03	0.00000e+00
  1.39e-01	  8.85e-03	0.00000e+00
  1.39e-01	  9.37e-03	2.29924e-30
  1.39e-01	  9.90e-03	-1.68615e-04
  1.39e-01	  1.04e-02	-4.84120e-04
  1.39e-01	  1.09e-02	-8.59196e-04
  1.39e-01	  1.15e-02	-1.27444e-03
  1.39e-01	  1.20e-02	-1.71401e-03
  1.39e-01	  1.25e-02	-2.16460e-03
  1.39e-01	  1.30e-02	-2.61494e-03
  1.39e-01	  1.35e-02	-3.05548e-03
  1.39e-01	  1.41e-02	-3.47811e-03
  1.39e-01	  1.46e-02	-3.87596e-03
  1.39e-01	  1.51e-02	-4.24324e-03
  1.39e-01	  1.56e-02	-4.57514e-03
  1.39e-01	  1.61e-02	-4.86762e-03
  1.39e-01	  1.67e-02	-5.11741e-03
  1.39e-01	  1.72e-02	-5.32187e-03
  1.39e-01	  1.77e-02	-5.47898e-03
  1.39e-01	  1.82e-02	-5.58733e-03
  1.39e-01	  1.88e-02	-5.64611e-03
  1.39e-01	  1.93e-02	-5.65513e-03
  1.39e-01	  1.98e-02	-5.61489e-03
  1.39e-01	  2.03e-02	-5.52660e-03
  1.39e-01	  2.08e-02	-5.39224e-03
  1.39e-01	  2.14e-02	-5.21454e-03
  1.39e-01	  2.19e-02	-4.99702e-03
  1.39e-01	  2.24e-02	-4.74390e-03
  1.39e-01	  2.29e-02	-4.46008e-03
  1.39e-01	  2.34e-02	-4.15100e-03
  1.39e-01	  2.40e-02	-3.82248e-03
  1.39e-01	  2.45e-02	-3.48059e-03
  1.39e-01	  2.50e-02	-3.13145e-03
  1.39e-01	  2.55e-02	-2.78102e-03
  1.39e-01	  2.60e-02	-2.43492e-03
  1.39e-01	  2.66e-02	-2.09831e-03
  1.39e-01	  2.71e-02	-1.77571e-03
  1.39e-01	  2.76e-02	-1.47093e-03
  1.39e-01	  2.81e-02	-1.18703e-03
  1.39e-01	  2.86e-02	-9.26355e-04
  1.39e-01	  2.92e-02	-6.90527e-04
  1.39e-01	  2.97e-02	-4.80582e-04
  1.39e-01	  3.02e-02	-2.97057e-04
  1.39e-01	  3.07e-02	-1.40119e-04
  1.39e-01	  3.13e-02	-9.67967e-06
  1.39e-01	  3.18e-02	9.45165e-05
  1.39e-01	  3.23e-02	1.72828e-04
  1.39e-01	  3.28e-02	2.25708e-04
  1.39e-01	  3.33e-02	2.53741e-04
  1.39e-01	  3.39e-02	2.57736e-04
  1.39e-01	  3.44e-02	2.38873e-04
  1.39e-01	  3.49e-02	1.98886e-04
  1.39e-01	  3.54e-02	1.40283e-04
  1.39e-01	  3.59e-02	6.65885e-05
  1.39e-01	  3.65e-02	-1.73982e-05
  1.39e-01	  3.70e-02	-1.05337e-04
  1.39e-01	  3.75e-02	-1.89056e-04
  1.39e-01	  3.80e-02	-2.58209e-04
  1.39e-01	  3.85e-02	-2.99818e-04
  1.39e-01	  3.91e-02	-2.97569e-04
  1.39e-01	  3.96e-02	-2.30431e-04
  1.39e-01	  4.01e-02	-2.30088e-30
  1.39e-01	  4.06e-02	0.00000e+00
  1.39e-01	  4.11e-02	0.00000e+00
  1.39e-01	  4.17e-02	0.00000e+00
  1.39e-01	  4.22e-02	0.00000e+00
  1.39e-01	  4.27e-02	0.00000e+00
  1.39e-01	  4.32e-02	0.00000e+00
  1.39e-01	  4.37e-02	0.00000e+00
  1.39e-01	  4.43e-02	0.00000e+00
  1.39e-01	  4.48e-02	0.00000e+00
  1.39e-01	  4.53e-02	0.00000e+00
  1.39e-01	  4.58e-02	0.00000e+00
  1.39e-01	  4.64e-02	0.00000e+00
  1.39e-01	  4.69e-02	0.00000e+00
  1.39e-01	  4.74e-02	0.00000e+00
  1.39e-01	  4.79e-02	0.00000e+00
  1.39e-01	  4.84e-02	0.00000e+00
  1.39e-01	  4.90e-02	0.00000e+00
  1.39e-01	  4.95e-02	0.00000e+00

  1.39e-01	  0.00e+00	0.00000e+00
  1.39e-01	  5.21e-04	0.00000e+00
  1.39e-01	  1.04e-03	0.00000e+00
  1.39e-01	  1.56e-03	0.00000e+00
  1.39e-01	  2.08e-03	0.00000e+00
  1.39e-01	  2.60e-03	0.00000e+00
  1.39e-01	  3.12e-03	0.00000e+00
  1.39e-01	  3.65e-03	0.00000e+00
  1.39e-01	  4.17e-03	0.00000e+00
  1.39e-01	  4.69e-03	0.00000e+00
  1.39e-01	  5.21e-03	0.00000e+00
  1.39e-01	  5.73e-03	0.00000e+00
  1.39e-01	  6.25e-03	0.00000e+00
  1.39e-01	  6.77e-03	0.00000e+00
  1.39e-01	  7.29e-03	0.00000e+00
  1.39e-01	  7.81e-03	0.00000e+00
  1.39e-01	  8.33e-03	0.00000e+00
  1.39e-01	  8.85e-03	0.00000e+00
  1.39e-01	  9.37e-03	2.29926e-30
  1.39e-01	  9.90e-03	-1.35804e-04
  1.39e-01	  1.04e-02	-4.21099e-04
  1.39e-01	  1.09e-02	-7.67371e-04
  1.39e-01	  1.15e-02	-1.15502e-03
  1.39e-01	  1.20e-02	-1.56820e-03
  1.39e-01	  1.25e-02	-1.99370e-03
  1.39e-01	  1.30e-02	-2.42041e-03
  1.39e-01	  1.35e-02	-2.83889e-03
  1.39e-01	  1.41e-02	-3.24115e-03
  1.39e-01	  1.46e-02	-3.62045e-03
  1.39e-01	  1.51e-02	-3.97109e-03
  1.39e-01	  1.56e-02	-4.28833e-03
  1.39e-01	  1.61e-02	-4.56822e-03
  1.39e-01	  1.67e-02	-4.80755e-03
  1.39e-01	  1.72e-02	-5.00378e-03
  1.39e-01	  1.77e-02	-5.15498e-03
  1.39e-01	  1.82e-02	-5.25980e-03
  1.39e-01	  1.88e-02	-5.31752e-03
  1.39e-01	  1.93e-02	-5.32803e-03
  1.39e-01	  1.98e-02	-5.29188e-03
  1.39e-01	  2.03e-02	-5.21028e-03
  1.39e-01	  2.08e-02	-5.08519e-03
  1.39e-01	  2.14e-02	-4.91925e-03
  1.39e-01	  2.19e-02	-4.71584e-03
  1.39e-01	  2.24e-02	-4.47898e-03
  1.39e-01	  2.29e-02	-4.21329e-03
  1.39e-01	  2.34e-02	-3.92390e-03
  1.39e-01	  2.40e-02	-3.61626e-03
  1.39e-01	  2.45e-02	-3.29607e-03
  1.39e-01	  2.50e-02	-2.96903e-03
  1.39e-01	  2.55e-02	-2.64072e-03
  1.39e-01	  2.60e-02	-2.31640e-03
  1.39e-01	  2.66e-02	-2.00090e-03
  1.39e-01	  2.71e-02	-1.69849e-03
  1.39e-01	  2.76e-02	-1.41278e-03
  1.39e-01	  2.81e-02	-1.14672e-03
  1.39e-01	  2.86e-02	-9.02560e-04
  1.39e-01	  2.92e-02	-6.81936e-04
  1.39e-01	  2.97e-02	-4.85912e-04
  1.39e-01	  3.02e-02	-3.15089e-04
  1.39e-01	  3.07e-02	-1.69702e-04
  1.39e-01	  3.13e-02	-4.97203e-05
  1.39e-01	  3.18e-02	4.50732e-05
  1.39e-01	  3.23e-02	1.15038e-04
  1.39e-01	  3.28e-02	1.60666e-04
  1.39e-01	  3.33e-02	1.82624e-04
  1.39e-01	  3.39e-02	1.81838e-04
  1.39e-01	  3.44e-02	1.59624e-04
  1.39e-01	  3.49e-02	1.17862e-04
  1.39e-01	  3.54e-02	5.91904e-05
  1.39e-01	  3.59e-02	-1.27615e-05
  1.39e-01	  3.65e-02	-9.31392e-05
  1.39e-01	  3.70e-02	-1.75601e-04
  1.39e-01	  3.75e-02	-2.52029e-04
  1.39e-01	  3.80e-02	-3.12175e-04
  1.39e-01	  3.85e-02	-3.43168e-04
  1.39e-01	  3.91e-02	-3.28737e-04
  1.39e-01	  3.96e-02	-2.47683e-04
  1.39e-01	  4.01e-02	-2.30099e-30
  1.39e-01	  4.06e-02	0.00000e+00
  1.39e-01	  4.11e-02	0.00000e+00
  1.39e-01	  4.17e-02	0.00000e+00
  1.39e-01	  4.22e-02	0.00000e+00
  1.39e-01	  4.27e-02	0.00000e+00
  1.39e-01	  4.32e-02	0.00000e+00
  1.39e-01	  4.37e-02	0.00000e+00
  1.39e-01	  4.43e-02	0.00000e+00
  1.39e-01	  4.48e-02	0.00000e+00
  1.39e-01	  4.53e-02	0.00000e+00
  1.39e-01	  4.58e-02	0.00000e+00
  1.39e-01	  4.64e-02	0.00000e+00
  1.39e-01	  4.69e-02	0.00000e+00
  1.39e-01	  4.74e-02	0.00000e+00
  1.39e-01	  4.79e-02	0.00000e+00
  1.39e-01	  4.84e-02	0.00000e+00
  1.39e-01	  4.90e-02	0.00000e+00
  1.39e-01	  4.95e-02	0.00000e+00

  1.40e-01	  0.00e+00	0.00000e+00
  1.40e-01	  5.21e-04	0.00000e+00
  1.40e-01	  1.04e-03	0.00000e+00
  1.40e-01	  1.56e-03	0.00000e+00
  1.40e-01	  2.08e-03	0.00000e+00
  1.40e-01	  2.60e-03	0.00000e+00
  1.40e-01	  3.12e-03	0.00000e+00
  1.40e-01	  3.65e-03	0.00000e+00
  1.40e-01	  4.17e-03	0.00000e+00
  1.40e-01	  4.69e-03	0.00000e+00
  1.40e-01	  5.21e-03	0.00000e+00
  1.40e-01	  5.73e-03	0.00000e+00
  1.40e-01	  6.25e-03	0.00000e+00
  1.40e-01	  6.77e-03	0.00000e+00
  1.40e-01	  7.29e-03	0.00000e+00
  1.40e-01	  7.81e-03	0.00000e+00
  1.40e-01	  8.33e-03	0.00000e+00
  1.40e-01	  8.85e-03	0.00000e+00
  1.40e-01	  9.37e-03	2.29927e-30
  1.40e-01	  9.90e-03	-1.03536e-04
  1.40e-01	  1.04e-02	-3.59212e-04
  1.40e-01	  1.09e-02	-6.77247e-04
  1.40e-01	  1.15e-02	-1.03779e-03
  1.40e-01	  1.20e-02	-1.42497e-03
  1.40e-01	  1.25e-02	-1.82566e-03
  1.40e-01	  1.30e-02	-2.22886e-03
  1.40e-01	  1.35e-02	-2.62529e-03
  1.40e-01	  1.41e-02	-3.00709e-03
  1.40e-01	  1.46e-02	-3.36763e-03
  1.40e-01	  1.51e-02	-3.70134e-03
  1.40e-01	  1.56e-02	-4.00357e-03
  1.40e-01	  1.61e-02	-4.27047e-03
  1.40e-01	  1.67e-02	-4.49893e-03
  1.40e-01	  1.72e-02	-4.68650e-03
  1.40e-01	  1.77e-02	-4.83132e-03
  1.40e-01	  1.82e-02	-4.93216e-03
  1.40e-01	  1.88e-02	-4.98836e-03
  1.40e-01	  1.93e-02	-4.99987e-03
  1.40e-01	  1.98e-02	-4.96728e-03
  1.40e-01	  2.03e-02	-4.89182e-03
  1.40e-01	  2.08e-02	-4.77539e-03
  1.40e-01	  2.14e-02	-4.62056e-03
  1.40e-01	  2.19e-02	-4.43053e-03
  1.40e-01	  2.24e-02	-4.20915e-03
  1.40e-01	  2.29e-02	-3.96078e-03
  1.40e-01	  2.34e-02	-3.69023e-03
  1.40e-01	  2.40e-02	-3.40262e-03
  1.40e-01	  2.45e-02	-3.10327e-03
  1.40e-01	  2.50e-02	-2.79752e-03
  1.40e-01	  2.55e-02	-2.49056e-03
  1.40e-01	  2.60e-02	-2.18734e-03
  1.40e-01	  2.66e-02	-1.89238e-03
  1.40e-01	  2.71e-02	-1.60968e-03
  1.40e-01	  2.76e-02	-1.34267e-03
  1.40e-01	  2.81e-02	-1.09416e-03
  1.40e-01	  2.86e-02	-8.66336e-04
  1.40e-01	  2.92e-02	-6.60800e-04
  1.40e-01	  2.97e-02	-4.78632e-04
  1.40e-01	  3.02e-02	-3.20473e-04
  1.40e-01	  3.07e-02	-1.86609e-04
  1.40e-01	  3.13e-02	-7.70566e-05
  1.40e-01	  3.18e-02	8.37400e-06
  1.40e-01	  3.23e-02	7.00396e-05
  1.40e-01	  3.28e-02	1.08463e-04
  1.40e-01	  3.33e-02	1.24370e-04
  1.40e-01	  3.39e-02	1.18776e-04
  1.40e-01	  3.44e-02	9.31010e-05
  1.40e-01	  3.49e-02	4.93312e-05
  1.40e-01	  3.54e-02	-9.79545e-06
  1.40e-01	  3.59e-02	-8.05803e-05
  1.40e-01	  3.65e-02	-1.58135e-04
  1.40e-01	  3.70e-02	-2.36127e-04
  1.40e-01	  3.75e-02	-3.06492e-04
  1.40e-01	  3.80e-02	-3.59061e-04
  1.40e-01	  3.85e-02	-3.81038e-04
  1.40e-01	  3.91e-02	-3.56157e-04
  1.40e-01	  3.96e-02	-2.63015e-04
  1.40e-01	  4.01e-02	-2.30110e-30
  1.40e-01	  4.06e-02	0.00000e+00
  1.40e-01	  4.11e-02	0.00000e+00
  1.40e-01	  4.17e-02	0.00000e+00
  1.40e-01	  4.22e-02	0.00000e+00
  1.40e-01	  4.27e-02	0.00000e+00
  1.40e-01	  4.32e-02	0.00000e+00
  1.40e-01	  4.37e-02	0.00000e+00
  1.40e-01	  4.43e-02	0.00000e+00
  1.40e-01	  4.48e-02	0.00000e+00
  1.40e-01	  4.53e-02	0.00000e+00
  1.40e-01	  4.58e-02	0.00000e+00
  1.40e-01	  4.64e-02	0.00000e+00
  1.40e-01	  4.69e-02	0.00000e+00
  1.40e-01	  4.74e-02	0.00000e+00
  1.40e-01	  4.79e-02	0.00000e+00
  1.40e-01	  4.84e-02	0.00000e+00
  1.40e-01	  4.90e-02	0.00000e+00
  1.40e-01	  4.95e-02	0.00000e+00

  1.41e-01	  0.00e+00	0.00000e+00
  1.41e-01	  5.21e-04	0.00000e+00
  1.41e-01	  1.04e-03	0.00000e+00
  1.41e-01	  1.56e-03	0.00000e+00
  1.41e-01	  2.08e-03	0.00000e+00
  1.41e-01	  2.60e-03	0.00000e+00
  1.41e-01	  3.12e-03	0.00000e+00
  1.41e-01	  3.65e-03	0.00000e+00
  1.41e-01	  4.17e-03	0.00000e+00
  1.41e-01	  4.69e-03	0.00000e+00
  1.41e-01	  5.21e-03	0.00000e+00
  1.41e-01	  5.73e-03	0.00000e+00
  1.41e-01	  6.25e-03	0.00000e+00
  1.41e-01	  6.77e-03	0.00000e+00
  1.41e-01	  7.29e-03	0.00000e+00
  1.41e-01	  7.81e-03	0.00000e+00
  1.41e-01	  8.33e-03	0.00000e+00
  1.41e-01	  8.85e-03	0.00000e+00
  1.41e-01	  9.37e-03	2.29928e-30
  1.41e-01	  9.90e-03	-7.16515e-05
  1.41e-01	  1.04e-02	-2.98144e-04
  1.41e-01	  1.09e-02	-5.88356e-04
  1.41e-01	  1.15e-02	-9.22129e-04
  1.41e-01	  1.20e-02	-1.28354e-03
  1.41e-01	  1.25e-02	-1.65953e-03
  1.41e-01	  1.30e-02	-2.03921e-03
  1.41e-01	  1.35e-02	-2.41345e-03
  1.41e-01	  1.41e-02	-2.77454e-03
  1.41e-01	  1.46e-02	-3.11599e-03
  1.41e-01	  1.51e-02	-3.43235e-03
  1.41e-01	  1.56e-02	-3.71911e-03
  1.41e-01	  1.61e-02	-3.97253e-03
  1.41e-01	  1.67e-02	-4.18961e-03
  1.41e-01	  1.72e-02	-4.36800e-03
  1.41e-01	  1.77e-02	-4.50596e-03
  1.41e-01	  1.82e-02	-4.60233e-03
  1.41e-01	  1.88e-02	-4.65654e-03
  1.41e-01	  1.93e-02	-4.66859e-03
  1.41e-01	  1.98e-02	-4.63911e-03
  1.41e-01	  2.03e-02	-4.56930e-03
  1.41e-01	  2.08e-02	-4.46104e-03
  1.41e-01	  2.14e-02	-4.31677e-03
  1.41e-01	  2.19e-02	-4.13959e-03
  1.41e-01	  2.24e-02	-3.93310e-03
  1.41e-01	  2.29e-02	-3.70143e-03
  1.41e-01	  2.34e-02	-3.44909e-03
  1.41e-01	  2.40e-02	-3.18088e-03
  1.41e-01	  2.45e-02	-2.90176e-03
  1.41e-01	  2.50e-02	-2.61672e-03
  1.41e-01	  2.55e-02	-2.33060e-03
  1.41e-01	  2.60e-02	-2.04802e-03
  1.41e-01	  2.66e-02	-1.77319e-03
  1.41e-01	  2.71e-02	-1.50990e-03
  1.41e-01	  2.76e-02	-1.26136e-03
  1.41e-01	  2.81e-02	-1.03025e-03
  1.41e-01	  2.86e-02	-8.18656e-04
  1.41e-01	  2.92e-02	-6.28154e-04
  1.41e-01	  2.97e-02	-4.59817e-04
  1.41e-01	  3.02e-02	-3.14307e-04
  1.41e-01	  3.07e-02	-1.91948e-04
  1.41e-01	  3.13e-02	-9.27895e-05
  1.41e-01	  3.18e-02	-1.66679e-05
  1.41e-01	  3.23e-02	3.67678e-05
  1.41e-01	  3.28e-02	6.80576e-05
  1.41e-01	  3.33e-02	7.79694e-05
  1.41e-01	  3.39e-02	6.75767e-05
  1.41e-01	  3.44e-02	3.83722e-05
  1.41e-01	  3.49e-02	-7.58504e-06
  1.41e-01	  3.54e-02	-6.74948e-05
  1.41e-01	  3.59e-02	-1.37618e-04
  1.41e-01	  3.65e-02	-2.13053e-04
  1.41e-01	  3.70e-02	-2.87492e-04
  1.41e-01	  3.75e-02	-3.52920e-04
  1.41e-01	  3.80e-02	-3.99230e-04
  1.41e-01	  3.85e-02	-4.13663e-04
  1.41e-01	  3.91e-02	-3.79905e-04
  1.41e-01	  3.96e-02	-2.76345e-04
  1.41e-01	  4.01e-02	-2.30122e-30
  1.41e-01	  4.06e-02	0.00000e+00
  1.41e-01	  4.11e-02	0.00000e+00
  1.41e-01	  4.17e-02	0.00000e+00
  1.41e-01	  4.22e-02	0.00000e+00
  1.41e-01	  4.27e-02	0.00000e+00
  1.41e-01	  4.32e-02	0.00000e+00
  1.41e-01	  4.37e-02	0.00000e+00
  1.41e-01	  4.43e-02	0.00000e+00
  1.41e-01	  4.48e-02	0.00000e+00
  1.41e-01	  4.53e-02	0.00000e+00
  1.41e-01	  4.58e-02	0.00000e+00
  1.41e-01	  4.64e-02	0.00000e+00
  1.41e-01	  4.69e-02	0.00000e+00
  1.41e-01	  4.74e-02	0.00000e+00
  1.41e-01	  4.79e-02	0.00000e+00
  1.41e-01	  4.84e-02	0.00000e+00
  1.41e-01	  4.90e-02	0.00000e+00
  1.41e-01	  4.95e-02	0.00000e+00

  1.42e-01	  0.00e+00	0.00000e+00
  1.42e-01	  5.21e-04	0.00000e+00
  1.42e-01	  1.04e-03	0.00000e+00
  1.42e-01	  1.56e-03	0.00000e+00
  1.42e-01	  2.08e-03	0.00000e+00
  1.42e-01	  2.60e-03	0.00000e+00
  1.42e-01	  3.12e-03	0.00000e+00
  1.42e-01	  3.65e-03	0.00000e+00
  1.42e-01	  4.17e-03	0.00000e+00
  1.42e-01	  4.69e-03	0.00000e+00
  1.42e-01	  5.21e-03	0.00000e+00
  1.42e-01	  5.73e-03	0.00000e+00
  1.42e-01	  6.25e-03	0.00000e+00
  1.42e-01	  6.77e-03	0.00000e+00
  1.42e-01	  7.29e-03	0.00000e+00
  1.42e-01	  7.81e-03	0.00000e+00
  1.42e-01	  8.33e-03	0.00000e+00
  1.42e-01	  8.85e-03	0.00000e+00
  1.42e-01	  9.37e-03	2.29930e-30
  1.42e-01	  9.90e-03	-4.00242e-05
  1.42e-01	  1.04e-02	-2.37644e-04
  1.42e-01	  1.09e-02	-5.00310e-04
  1.42e-01	  1.15e-02	-8.07505e-04
  1.42e-01	  1.20e-02	-1.14322e-03
  1.42e-01	  1.25e-02	-1.49445e-03
  1.42e-01	  1.30e-02	-1.85043e-03
  1.42e-01	  1.35e-02	-2.20218e-03
  1.42e-01	  1.41e-02	-2.54213e-03
  1.42e-01	  1.46e-02	-2.86398e-03
  1.42e-01	  1.51e-02	-3.16243e-03
  1.42e-01	  1.56e-02	-3.43311e-03
  1.42e-01	  1.61e-02	-3.67244e-03
  1.42e-01	  1.67e-02	-3.87753e-03
  1.42e-01	  1.72e-02	-4.04616e-03
  1.42e-01	  1.77e-02	-4.17670e-03
  1.42e-01	  1.82e-02	-4.26809e-03
  1.42e-01	  1.88e-02	-4.31982e-03
  1.42e-01	  1.93e-02	-4.33197e-03
  1.42e-01	  1.98e-02	-4.30517e-03
  1.42e-01	  2.03e-02	-4.24063e-03
  1.42e-01	  2.08e-02	-4.14015e-03
  1.42e-01	  2.14e-02	-4.00608e-03
  1.42e-01	  2.19e-02	-3.84135e-03
  1.42e-01	  2.24e-02	-3.64937e-03
  1.42e-01	  2.29e-02	-3.43401e-03
  1.42e-01	  2.34e-02	-3.19950e-03
  1.42e-01	  2.40e-02	-2.95032e-03
  1.42e-01	  2.45e-02	-2.69108e-03
  1.42e-01	  2.50e-02	-2.42642e-03
  1.42e-01	  2.55e-02	-2.16086e-03
  1.42e-01	  2.60e-02	-1.89868e-03
  1.42e-01	  2.66e-02	-1.64381e-03
  1.42e-01	  2.71e-02	-1.39979e-03
  1.42e-01	  2.76e-02	-1.16965e-03
  1.42e-01	  2.81e-02	-9.55901e-04
  1.42e-01	  2.86e-02	-7.60549e-04
  1.42e-01	  2.92e-02	-5.85100e-04
  1.42e-01	  2.97e-02	-4.30615e-04
  1.42e-01	  3.02e-02	-2.97765e-04
  1.42e-01	  3.07e-02	-1.86893e-04
  1.42e-01	  3.13e-02	-9.80812e-05
  1.42e-01	  3.18e-02	-3.11870e-05
  1.42e-01	  3.23e-02	1.41284e-05
  1.42e-01	  3.28e-02	3.84083e-05
  1.42e-01	  3.33e-02	4.24398e-05
  1.42e-01	  3.39e-02	2.73282e-05
  1.42e-01	  3.44e-02	-5.39556e-06
  1.42e-01	  3.49e-02	-5.36353e-05
  1.42e-01	  3.54e-02	-1.14564e-04
  1.42e-01	  3.59e-02	-1.84433e-04
  1.42e-01	  3.65e-02	-2.58355e-04
  1.42e-01	  3.70e-02	-3.30058e-04
  1.42e-01	  3.75e-02	-3.91580e-04
  1.42e-01	  3.80e-02	-4.32867e-04
  1.42e-01	  3.85e-02	-4.41187e-04
  1.42e-01	  3.91e-02	-4.00202e-04
  1.42e-01	  3.96e-02	-2.87992e-04
  1.42e-01	  4.01e-02	-2.30133e-30
  1.42e-01	  4.06e-02	0.00000e+00
  1.42e-01	  4.11e-02	0.00000e+00
  1.42e-01	  4.17e-02	0.00000e+00
  1.42e-01	  4.22e-02	0.00000e+00
  1.42e-01	  4.27e-02	0.00000e+00
  1.42e-01	  4.32e-02	0.00000e+00
  1.42e-01	  4.37e-02	0.00000e+00
  1.42e-01	  4.43e-02	0.00000e+00
  1.42e-01	  4.48e-02	0.00000e+00
  1.42e-01	  4.53e-02	0.00000e+00
  1.42e-01	  4.58e-02	0.00000e+00
  1.42e-01	  4.64e-02	0.00000e+00
  1.42e-01	  4.69e-02	0.00000e+00
  1.42e-01	  4.74e-02	0.00000e+00
  1.42e-01	  4.79e-02	0.00000e+00
  1.42e-01	  4.84e-02	0.00000e+00
  1.42e-01	  4.90e-02	0.00000e+00
  1.42e-01	  4.95e-02	0.00000e+00

  1.43e-01	  0.00e+00	0.00000e+00
  1.43e-01	  5.21e-04	0.00000e+00
  1.43e-01	  1.04e-03	0.00000e+00
  1.43e-01	  1.56e-03	0.00000e+00
  1.43e-01	  2.08e-03	0.00000e+00
  1.43e-01	  2.60e-03	0.00000e+00
  1.43e-01	  3.12e-03	0.00000e+00
  1.43e-01	  3.65e-03	0.00000e+00
  1.43e-01	  4.17e-03	0.00000e+00
  1.43e-01	  4.69e-03	0.00000e+00
  1.43e-01	  5.21e-03	0.00000e+00
  1.43e-01	  5.73e-03	0.00000e+00
  1.43e-01	  6.25e-03	0.00000e+00
  1.43e-01	  6.77e-03	0.00000e+00
  1.43e-01	  7.29e-03	0.00000e+00
  1.43e-01	  7.81e-03	0.00000e+00
  1.43e-01	  8.33e-03	0.00000e+00
  1.43e-01	  8.85e-03	0.00000e+00
  1.43e-01	  9.37e-03	2.29930e-30
  1.43e-01	  9.90e-03	-8.57979e-06
  1.43e-01	  1.04e-02	-1.77550e-04
  1.43e-01	  1.09e-02	-4.12845e-04
  1.43e-01	  1.15e-02	-6.93526e-04
  1.43e-01	  1.20e-02	-1.00347e-03
  1.43e-01	  1.25e-02	-1.32971e-03
  1.43e-01	  1.30e-02	-1.66160e-03
  1.43e-01	  1.35e-02	-1.99033e-03
  1.43e-01	  1.41e-02	-2.30853e-03
  1.43e-01	  1.46e-02	-2.61006e-03
  1.43e-01	  1.51e-02	-2.88983e-03
  1.43e-01	  1.56e-02	-3.14365e-03
  1.43e-01	  1.61e-02	-3.36809e-03
  1.43e-01	  1.67e-02	-3.56045e-03
  1.43e-01	  1.72e-02	-3.71862e-03
  1.43e-01	  1.77e-02	-3.84110e-03
  1.43e-01	  1.82e-02	-3.92694e-03
  1.43e-01	  1.88e-02	-3.97571e-03
  1.43e-01	  1.93e-02	-3.98754e-03
  1.43e-01	  1.98e-02	-3.96308e-03
  1.43e-01	  2.03e-02	-3.90350e-03
  1.43e-01	  2.08e-02	-3.81055e-03
  1.43e-01	  2.14e-02	-3.68647e-03
  1.43e-01	  2.19e-02	-3.53401e-03
  1.43e-01	  2.24e-02	-3.35638e-03
  1.43e-01	  2.29e-02	-3.15720e-03
  1.43e-01	  2.34e-02	-2.94041e-03
  1.43e-01	  2.40e-02	-2.71015e-03
  1.43e-01	  2.45e-02	-2.47071e-03
  1.43e-01	  2.50e-02	-2.22639e-03
  1.43e-01	  2.55e-02	-1.98136e-03
  1.43e-01	  2.60e-02	-1.73959e-03
  1.43e-01	  2.66e-02	-1.50473e-03
  1.43e-01	  2.71e-02	-1.28007e-03
  1.43e-01	  2.76e-02	-1.06842e-03
  1.43e-01	  2.81e-02	-8.72147e-04
  1.43e-01	  2.86e-02	-6.93146e-04
  1.43e-01	  2.92e-02	-5.32852e-04
  1.43e-01	  2.97e-02	-3.92293e-04
  1.43e-01	  3.02e-02	-2.72135e-04
  1.43e-01	  3.07e-02	-1.72735e-04
  1.43e-01	  3.13e-02	-9.41967e-05
  1.43e-01	  3.18e-02	-3.64022e-05
  1.43e-01	  3.23e-02	9.67577e-07
  1.43e-01	  3.28e-02	1.84435e-05
  1.43e-01	  3.33e-02	1.68086e-05
  1.43e-01	  3.39e-02	-2.83079e-06
  1.43e-01	  3.44e-02	-3.89409e-05
  1.43e-01	  3.49e-02	-8.94280e-05
  1.43e-01	  3.54e-02	-1.51477e-04
  1.43e-01	  3.59e-02	-2.21368e-04
  1.43e-01	  3.65e-02	-2.94259e-04
  1.43e-01	  3.70e-02	-3.63938e-04
  1.43e-01	  3.75e-02	-4.22511e-04
  1.43e-01	  3.80e-02	-4.59993e-04
  1.43e-01	  3.85e-02	-4.63709e-04
  1.43e-01	  3.91e-02	-4.17274e-04
  1.43e-01	  3.96e-02	-2.98241e-04
  1.43e-01	  4.01e-02	-2.30145e-30
  1.43e-01	  4.06e-02	0.00000e+00
  1.43e-01	  4.11e-02	0.00000e+00
  1.43e-01	  4.17e-02	0.00000e+00
  1.43e-01	  4.22e-02	0.00000e+00
  1.43e-01	  4.27e-02	0.00000e+00
  1.43e-01	  4.32e-02	0.00000e+00
  1.43e-01	  4.37e-02	0.00000e+00
  1.43e-01	  4.43e-02	0.00000e+00
  1.43e-01	  4.48e-02	0.00000e+00
  1.43e-01	  4.53e-02	0.00000e+00
  1.43e-01	  4.58e-02	0.00000e+00
  1.43e-01	  4.64e-02	0.00000e+00
  1.43e-01	  4.69e-02	0.00000e+00
  1.43e-01	  4.74e-02	0.00000e+00
  1.43e-01	  4.79e-02	0.00000e+00
  1.43e-01	  4.84e-02	0.00000e+00
  1.43e-01	  4.90e-02	0.00000e+00
  1.43e-01	  4.95e-02	0.00000e+00

  1.43e-01	  0.00e+00	0.00000e+00
  1.43e-01	  5.21e-04	0.00000e+00
  1.43e-01	  1.04e-03	0.00000e+00
  1.43e-01	  1.56e-03	0.00000e+00
  1.43e-01	  2.08e-03	0.00000e+00
  1.43e-01	  2.60e-03	0.00000e+00
  1.43e-01	  3.12e-03	0.00000e+00
  1.43e-01	  3.65e-03	0.00000e+00
  1.43e-01	  4.17e-03	0.00000e+00
  1.43e-01	  4.69e-03	0.00000e+00
  1.43e-01	  5.21e-03	0.00000e+00
  1.43e-01	  5.73e-03	0.00000e+00
  1.43e-01	  6.25e-03	0.00000e+00
  1.43e-01	  6.77e-03	0.00000e+00
  1.43e-01	  7.29e-03	0.00000e+00
  1.43e-01	  7.81e-03	0.00000e+00
  1.43e-01	  8.33e-03	0.00000e+00
  1.43e-01	  8.85e-03	0.00000e+00
  1.43e-01	  9.37e-03	2.29931e-30
  1.43e-01	  9.90e-03	2.26536e-05
  1.43e-01	  1.04e-02	-1.17870e-04
  1.43e-01	  1.09e-02	-3.25898e-04
  1.43e-01	  1.15e-02	-5.80012e-04
  1.43e-01	  1.20e-02	-8.63943e-04
  1.43e-01	  1.25e-02	-1.16476e-03
  1.43e-01	  1.30e-02	-1.47195e-03
  1.43e-01	  1.35e-02	-1.77688e-03
  1.43e-01	  1.41e-02	-2.07241e-03
  1.43e-01	  1.46e-02	-2.35265e-03
  1.43e-01	  1.51e-02	-2.61271e-03
  1.43e-01	  1.56e-02	-2.84863e-03
  1.43e-01	  1.61e-02	-3.05719e-03
  1.43e-01	  1.67e-02	-3.23587e-03
  1.43e-01	  1.72e-02	-3.38274e-03
  1.43e-01	  1.77e-02	-3.49643e-03
  1.43e-01	  1.82e-02	-3.57610e-03
  1.43e-01	  1.88e-02	-3.62141e-03
  1.43e-01	  1.93e-02	-3.63253e-03
  1.43e-01	  1.98e-02	-3.61012e-03
  1.43e-01	  2.03e-02	-3.55534e-03
  1.43e-01	  2.08e-02	-3.46983e-03
  1.43e-01	  2.14e-02	-3.35571e-03
  1.43e-01	  2.19e-02	-3.21557e-03
  1.43e-01	  2.24e-02	-3.05239e-03
  1.43e-01	  2.29e-02	-2.86953e-03
  1.43e-01	  2.34e-02	-2.67062e-03
  1.43e-01	  2.40e-02	-2.45950e-03
  1.43e-01	  2.45e-02	-2.24009e-03
  1.43e-01	  2.50e-02	-2.01636e-03
  1.43e-01	  2.55e-02	-1.79214e-03
  1.43e-01	  2.60e-02	-1.57107e-03
  1.43e-01	  2.66e-02	-1.35653e-03
  1.43e-01	  2.71e-02	-1.15152e-03
  1.43e-01	  2.76e-02	-9.58657e-04
  1.43e-01	  2.81e-02	-7.80141e-04
  1.43e-01	  2.86e-02	-6.17733e-04
  1.43e-01	  2.92e-02	-4.72790e-04
  1.43e-01	  2.97e-02	-3.46291e-04
  1.43e-01	  3.02e-02	-2.38884e-04
  1.43e-01	  3.07e-02	-1.50932e-04
  1.43e-01	  3.13e-02	-8.25566e-05
  1.43e-01	  3.18e-02	-3.36667e-05
  1.43e-01	  3.23e-02	-3.97283e-06
  1.43e-01	  3.28e-02	7.02610e-06
  1.43e-01	  3.33e-02	8.27392e-08
  1.43e-01	  3.39e-02	-2.37286e-05
  1.43e-01	  3.44e-02	-6.29121e-05
  1.43e-01	  3.49e-02	-1.15421e-04
  1.43e-01	  3.54e-02	-1.78502e-04
  1.43e-01	  3.59e-02	-2.48509e-04
  1.43e-01	  3.65e-02	-3.20693e-04
  1.43e-01	  3.70e-02	-3.88943e-04
  1.43e-01	  3.75e-02	-4.45475e-04
  1.43e-01	  3.80e-02	-4.80404e-04
  1.43e-01	  3.85e-02	-4.81131e-04
  1.43e-01	  3.91e-02	-4.31037e-04
  1.43e-01	  3.96e-02	-3.06938e-04
  1.43e-01	  4.01e-02	-2.30157e-30
  1.43e-01	  4.06e-02	0.00000e+00
  1.43e-01	  4.11e-02	0.00000e+00
  1.43e-01	  4.17e-02	0.00000e+00
  1.43e-01	  4.22e-02	0.00000e+00
  1.43e-01	  4.27e-02	0.00000e+00
  1.43e-01	  4.32e-02	0.00000e+00
  1.43e-01	  4.37e-02	0.00000e+00
  1.43e-01	  4.43e-02	0.00000e+00
  1.43e-01	  4.48e-02	0.00000e+00
  1.43e-01	  4.53e-02	0.00000e+00
  1.43e-01	  4.58e-02	0.00000e+00
  1.43e-01	  4.64e-02	0.00000e+00
  1.43e-01	  4.69e-02	0.00000e+00
  1.43e-01	  4.74e-02	0.00000e+00
  1.43e-01	  4.79e-02	0.00000e+00
  1.43e-01	  4.84e-02	0.00000e+00
  1.43e-01	  4.90e-02	0.00000e+00
  1.43e-01	  4.95e-02	0.00000e+00

  1.44e-01	  0.00e+00	0.00000e+00
  1.44e-01	  5.21e-04	0.00000e+00
  1.44e-01	  1.04e-03	0.00000e+00
  1.44e-01	  1.56e-03	0.00000e+00
  1.44e-01	  2.08e-03	0.00000e+00
  1.44e-01	  2.60e-03	0.00000e+00
  1.44e-01	  3.12e-03	0.00000e+00
  1.44e-01	  3.65e-03	0.00000e+00
  1.44e-01	  4.17e-03	0.00000e+00
  1.44e-01	  4.69e-03	0.00000e+00
  1.44e-01	  5.21e-03	0.00000e+00
  1.44e-01	  5.73e-03	0.00000e+00
  1.44e-01	  6.25e-03	0.00000e+00
  1.44e-01	  6.77e-03	0.00000e+00
  1.44e-01	  7.29e-03	0.00000e+00
  1.44e-01	  7.81e-03	0.00000e+00
  1.44e-01	  8.33e-03	0.00000e+00
  1.44e-01	  8.85e-03	0.00000e+00
  1.44e-01	  9.37e-03	2.29931e-30
  1.44e-01	  9.90e-03	5.34180e-05
  1.44e-01	  1.04e-02	-5.89003e-05
  1.44e-01	  1.09e-02	-2.39724e-04
  1.44e-01	  1.15e-02	-4.67120e-04
  1.44e-01	  1.20e-02	-7.24630e-04
  1.44e-01	  1.25e-02	-9.99345e-04
  1.44e-01	  1.30e-02	-1.28091e-03
  1.44e-01	  1.35e-02	-1.56093e-03
  1.44e-01	  1.41e-02	-1.83254e-03
  1.44e-01	  1.46e-02	-2.09012e-03
  1.44e-01	  1.51e-02	-2.32909e-03
  1.44e-01	  1.56e-02	-2.54576e-03
  1.44e-01	  1.61e-02	-2.73717e-03
  1.44e-01	  1.67e-02	-2.90101e-03
  1.44e-01	  1.72e-02	-3.03555e-03
  1.44e-01	  1.77e-02	-3.13958e-03
  1.44e-01	  1.82e-02	-3.21238e-03
  1.44e-01	  1.88e-02	-3.25372e-03
  1.44e-01	  1.93e-02	-3.26378e-03
  1.44e-01	  1.98e-02	-3.24324e-03
  1.44e-01	  2.03e-02	-3.19321e-03
  1.44e-01	  2.08e-02	-3.11523e-03
  1.44e-01	  2.14e-02	-3.01130e-03
  1.44e-01	  2.19e-02	-2.88379e-03
  1.44e-01	  2.24e-02	-2.73546e-03
  1.44e-01	  2.29e-02	-2.56937e-03
  1.44e-01	  2.34e-02	-2.38886e-03
  1.44e-01	  2.40e-02	-2.19742e-03
  1.44e-01	  2.45e-02	-1.99864e-03
  1.44e-01	  2.50e-02	-1.79610e-03
  1.44e-01	  2.55e-02	-1.59329e-03
  1.44e-01	  2.60e-02	-1.39353e-03
  1.44e-01	  2.66e-02	-1.19988e-03
  1.44e-01	  2.71e-02	-1.01509e-03
  1.44e-01	  2.76e-02	-8.41542e-04
  1.44e-01	  2.81e-02	-6.81243e-04
  1.44e-01	  2.86e-02	-5.35821e-04
  1.44e-01	  2.92e-02	-4.06531e-04
  1.44e-01	  2.97e-02	-2.94292e-04
  1.44e-01	  3.02e-02	-1.99723e-04
  1.44e-01	  3.07e-02	-1.23182e-04
  1.44e-01	  3.13e-02	-6.48064e-05
  1.44e-01	  3.18e-02	-2.45342e-05
  1.44e-01	  3.23e-02	-2.11636e-06
  1.44e-01	  3.28e-02	2.89914e-06
  1.44e-01	  3.33e-02	-8.79338e-06
  1.44e-01	  3.39e-02	-3.61892e-05
  1.44e-01	  3.44e-02	-7.78765e-05
  1.44e-01	  3.49e-02	-1.31910e-04
  1.44e-01	  3.54e-02	-1.95659e-04
  1.44e-01	  3.59e-02	-2.65620e-04
  1.44e-01	  3.65e-02	-3.37202e-04
  1.44e-01	  3.70e-02	-4.04469e-04
  1.44e-01	  3.75e-02	-4.59810e-04
  1.44e-01	  3.80e-02	-4.93517e-04
  1.44e-01	  3.85e-02	-4.92951e-04
  1.44e-01	  3.91e-02	-4.41056e-04
  1.44e-01	  3.96e-02	-3.13826e-04
  1.44e-01	  4.01e-02	-2.30169e-30
  1.44e-01	  4.06e-02	0.00000e+00
  1.44e-01	  4.11e-02	0.00000e+00
  1.44e-01	  4.17e-02	0.00000e+00
  1.44e-01	  4.22e-02	0.00000e+00
  1.44e-01	  4.27e-02	0.00000e+00
  1.44e-01	  4.32e-02	0.00000e+00
  1.44e-01	  4.37e-02	0.00000e+00
  1.44e-01	  4.43e-02	0.00000e+00
  1.44e-01	  4.48e-02	0.00000e+00
  1.44e-01	  4.53e-02	0.00000e+00
  1.44e-01	  4.58e-02	0.00000e+00
  1.44e-01	  4.64e-02	0.00000e+00
  1.44e-01	  4.69e-02	0.00000e+00
  1.44e-01	  4.74e-02	0.00000e+00
  1.44e-01	  4.79e-02	0.00000e+00
  1.44e-01	  4.84e-02	0.00000e+00
  1.44e-01	  4.90e-02	0.00000e+00
  1.44e-01	  4.95e-02	0.00000e+00

  1.45e-01	  0.00e+00	0.00000e+00
  1.45e-01	  5.21e-04	0.00000e+00
  1.45e-01	  1.04e-03	0.00000e+00
  1.45e-01	  1.56e-03	0.00000e+00
  1.45e-01	  2.08e-03	0.00000e+00
  1.45e-01	  2.60e-03	0.00000e+00
  1.45e-01	  3.12e-03	0.00000e+00
  1.45e-01	  3.65e-03	0.00000e+00
  1.45e-01	  4.17e-03	0.00000e+00
  1.45e-01	  4.69e-03	0.00000e+00
  1.45e-01	  5.21e-03	0.00000e+00
  1.45e-01	  5.73e-03	0.00000e+00
  1.45e-01	  6.25e-03	0.00000e+00
  1.45e-01	  6.77e-03	0.00000e+00
  1.45e-01	  7.29e-03	0.00000e+00
  1.45e-01	  7.81e-03	0.00000e+00
  1.45e-01	  8.33e-03	0.00000e+00
  1.45e-01	  8.85e-03	0.00000e+00
  1.45e-01	  9.37e-03	2.29931e-30
  1.45e-01	  9.90e-03	8.34093e-05
  1.45e-01	  1.04e-02	-1.20014e-06
  1.45e-01	  1.09e-02	-1.55038e-04
  1.45e-01	  1.15e-02	-3.55550e-04
  1.45e-01	  1.20e-02	-5.86056e-04
  1.45e-01	  1.25e-02	-8.33685e-04
  1.45e-01	  1.30e-02	-1.08830e-03
  1.45e-01	  1.35e-02	-1.34180e-03
  1.45e-01	  1.41e-02	-1.58771e-03
  1.45e-01	  1.46e-02	-1.82078e-03
  1.45e-01	  1.51e-02	-2.03682e-03
  1.45e-01	  1.56e-02	-2.23247e-03
  1.45e-01	  1.61e-02	-2.40509e-03
  1.45e-01	  1.67e-02	-2.55263e-03
  1.45e-01	  1.72e-02	-2.67359e-03
  1.45e-01	  1.77e-02	-2.76694e-03
  1.45e-01	  1.82e-02	-2.83211e-03
  1.45e-01	  1.88e-02	-2.86893e-03
  1.45e-01	  1.93e-02	-2.87764e-03
  1.45e-01	  1.98e-02	-2.85890e-03
  1.45e-01	  2.03e-02	-2.81376e-03
  1.45e-01	  2.08e-02	-2.74364e-03
  1.45e-01	  2.14e-02	-2.65037e-03
  1.45e-01	  2.19e-02	-2.53612e-03
  1.45e-01	  2.24e-02	-2.40338e-03
  1.45e-01	  2.29e-02	-2.25491e-03
  1.45e-01	  2.34e-02	-2.09371e-03
  1.45e-01	  2.40e-02	-1.92291e-03
  1.45e-01	  2.45e-02	-1.74573e-03
  1.45e-01	  2.50e-02	-1.56538e-03
  1.45e-01	  2.55e-02	-1.38498e-03
  1.45e-01	  2.60e-02	-1.20750e-03
  1.45e-01	  2.66e-02	-1.03567e-03
  1.45e-01	  2.71e-02	-8.71951e-04
  1.45e-01	  2.76e-02	-7.18490e-04
  1.45e-01	  2.81e-02	-5.77090e-04
  1.45e-01	  2.86e-02	-4.49216e-04
  1.45e-01	  2.92e-02	-3.36010e-04
  1.45e-01	  2.97e-02	-2.38312e-04
  1.45e-01	  3.02e-02	-1.56698e-04
  1.45e-01	  3.07e-02	-9.15132e-05
  1.45e-01	  3.13e-02	-4.29057e-05
  1.45e-01	  3.18e-02	-1.08461e-05
  1.45e-01	  3.23e-02	4.86458e-06
  1.45e-01	  3.28e-02	4.61011e-06
  1.45e-01	  3.33e-02	-1.10028e-05
  1.45e-01	  3.39e-02	-4.10795e-05
  1.45e-01	  3.44e-02	-8.43450e-05
  1.45e-01	  3.49e-02	-1.39022e-04
  1.45e-01	  3.54e-02	-2.02680e-04
  1.45e-01	  3.59e-02	-2.72051e-04
  1.45e-01	  3.65e-02	-3.42811e-04
  1.45e-01	  3.70e-02	-4.09319e-04
  1.45e-01	  3.75e-02	-4.64270e-04
  1.45e-01	  3.80e-02	-4.98106e-04
  1.45e-01	  3.85e-02	-4.97994e-04
  1.45e-01	  3.91e-02	-4.46396e-04
  1.45e-01	  3.96e-02	-3.18396e-04
  1.45e-01	  4.01e-02	-2.30182e-30
  1.45e-01	  4.06e-02	0.00000e+00
  1.45e-01	  4.11e-02	0.00000e+00
  1.45e-01	  4.17e-02	0.00000e+00
  1.45e-01	  4.22e-02	0.00000e+00
  1.45e-01	  4.27e-02	0.00000e+00
  1.45e-01	  4.32e-02	0.00000e+00
  1.45e-01	  4.37e-02	0.00000e+00
  1.45e-01	  4.43e-02	0.00000e+00
  1.45e-01	  4.48e-02	0.00000e+00
  1.45e-01	  4.53e-02	0.00000e+00
  1.45e-01	  4.58e-02	0.00000e+00
  1.45e-01	  4.64e-02	0.00000e+00
  1.45e-01	  4.69e-02	0.00000e+00
  1.45e-01	  4.74e-02	0.00000e+00
  1.45e-01	  4.79e-02	0.00000e+00
  1.45e-01	  4.84e-02	0.00000e+00
  1.45e-01	  4.90e-02	0.00000e+00
  1.45e-01	  4.95e-02	0.00000e+00

  1.46e-01	  0.00e+00	0.00000e+00
  1.46e-01	  5.21e-04	0.00000e+00
  1.46e-01	  1.04e-03	0.00000e+00
  1.46e-01	  1.56e-03	0.00000e+00
  1.46e-01	  2.08e-03	0.00000e+00
  1.46e-01	  2.60e-03	0.00000e+00
  1.46e-01	  3.12e-03	0.00000e+00
  1.46e-01	  3.65e-03	0.00000e+00
  1.46e-01	  4.17e-03	0.00000e+00
  1.46e-01	  4.69e-03	0.00000e+00
  1.46e-01	  5.21e-03	0.00000e+00
  1.46e-01	  5.73e-03	0.00000e+00
  1.46e-01	  6.25e-03	0.00000e+00
  1.46e-01	  6.77e-03	0.00000e+00
  1.46e-01	  7.29e-03	0.00000e+00
  1.46e-01	  7.81e-03	0.00000e+00
  1.46e-01	  8.33e-03	0.00000e+00
  1.46e-01	  8.85e-03	0.00000e+00
  1.46e-01	  9.37e-03	2.29930e-30
  1.46e-01	  9.90e-03	1.12215e-04
  1.46e-01	  1.04e-02	5.41483e-05
  1.46e-01	  1.09e-02	-7.33771e-05
  1.46e-01	  1.15e-02	-2.46922e-04
  1.46e-01	  1.20e-02	-4.49608e-04
  1.46e-01	  1.25e-02	-6.68699e-04
  1.46e-01	  1.30e-02	-8.94404e-04
  1.46e-01	  1.35e-02	-1.11911e-03
  1.46e-01	  1.41e-02	-1.33683e-03
  1.46e-01	  1.46e-02	-1.54286e-03
  1.46e-01	  1.51e-02	-1.73349e-03
  1.46e-01	  1.56e-02	-1.90579e-03
  1.46e-01	  1.61e-02	-2.05750e-03
  1.46e-01	  1.67e-02	-2.18692e-03
  1.46e-01	  1.72e-02	-2.29278e-03
  1.46e-01	  1.77e-02	-2.37426e-03
  1.46e-01	  1.82e-02	-2.43093e-03
  1.46e-01	  1.88e-02	-2.46270e-03
  1.46e-01	  1.93e-02	-2.46985e-03
  1.46e-01	  1.98e-02	-2.45299e-03
  1.46e-01	  2.03e-02	-2.41309e-03
  1.46e-01	  2.08e-02	-2.35143e-03
  1.46e-01	  2.14e-02	-2.26965e-03
  1.46e-01	  2.19e-02	-2.16967e-03
  1.46e-01	  2.24e-02	-2.05367e-03
  1.46e-01	  2.29e-02	-1.92411e-03
  1.46e-01	  2.34e-02	-1.78359e-03
  1.46e-01	  2.40e-02	-1.63487e-03
  1.46e-01	  2.45e-02	-1.48076e-03
  1.46e-01	  2.50e-02	-1.32406e-03
  1.46e-01	  2.55e-02	-1.16750e-03
  1.46e-01	  2.60e-02	-1.01367e-03
  1.46e-01	  2.66e-02	-8.64967e-04
  1.46e-01	  2.71e-02	-7.23534e-04
  1.46e-01	  2.76e-02	-5.91244e-04
  1.46e-01	  2.81e-02	-4.69678e-04
  1.46e-01	  2.86e-02	-3.60121e-04
  1.46e-01	  2.92e-02	-2.63579e-04
  1.46e-01	  2.97e-02	-1.80797e-04
  1.46e-01	  3.02e-02	-1.12295e-04
  1.46e-01	  3.07e-02	-5.83919e-05
  1.46e-01	  3.13e-02	-1.92413e-05
  1.46e-01	  3.18e-02	5.15406e-06
  1.46e-01	  3.23e-02	1.49355e-05
  1.46e-01	  3.28e-02	1.04020e-05
  1.46e-01	  3.33e-02	-7.95488e-06
  1.46e-01	  3.39e-02	-3.93914e-05
  1.46e-01	  3.44e-02	-8.28267e-05
  1.46e-01	  3.49e-02	-1.36729e-04
  1.46e-01	  3.54e-02	-1.98970e-04
  1.46e-01	  3.59e-02	-2.66651e-04
  1.46e-01	  3.65e-02	-3.35891e-04
  1.46e-01	  3.70e-02	-4.01525e-04
  1.46e-01	  3.75e-02	-4.56627e-04
  1.46e-01	  3.80e-02	-4.91763e-04
  1.46e-01	  3.85e-02	-4.93991e-04
  1.46e-01	  3.91e-02	-4.45329e-04
  1.46e-01	  3.96e-02	-3.19702e-04
  1.46e-01	  4.01e-02	-2.30195e-30
  1.46e-01	  4.06e-02	0.00000e+00
  1.46e-01	  4.11e-02	0.00000e+00
  1.46e-01	  4.17e-02	0.00000e+00
  1.46e-01	  4.22e-02	0.00000e+00
  1.46e-01	  4.27e-02	0.00000e+00
  1.46e-01	  4.32e-02	0.00000e+00
  1.46e-01	  4.37e-02	0.00000e+00
  1.46e-01	  4.43e-02	0.00000e+00
  1.46e-01	  4.48e-02	0.00000e+00
  1.46e-01	  4.53e-02	0.00000e+00
  1.46e-01	  4.58e-02	0.00000e+00
  1.46e-01	  4.64e-02	0.00000e+00
  1.46e-01	  4.69e-02	0.00000e+00
  1.46e-01	  4.74e-02	0.00000e+00
  1.46e-01	  4.79e-02	0.00000e+00
  1.46e-01	  4.84e-02	0.00000e+00
  1.46e-01	  4.90e-02	0.00000e+00
  1.46e-01	  4.95e-02	0.00000e+00

  1.46e-01	  0.00e+00	0.00000e+00
  1.46e-01	  5.21e-04	0.00000e+00
  1.46e-01	  1.04e-03	0.00000e+00
  1.46e-01	  1.56e-03	0.00000e+00
  1.46e-01	  2.08e-03	0.00000e+00
  1.46e-01	  2.60e-03	0.00000e+00
  1.46e-01	  3.12e-03	0.00000e+00
  1.46e-01	  3.65e-03	0.00000e+00
  1.46e-01	  4.17e-03	0.00000e+00
  1.46e-01	  4.69e-03	0.00000e+00
  1.46e-01	  5.21e-03	0.00000e+00
  1.46e-01	  5.73e-03	0.00000e+00
  1.46e-01	  6.25e-03	0.00000e+00
  1.46e-01	  6.77e-03	0.00000e+00
  1.46e-01	  7.29e-03	0.00000e+00
  1.46e-01	  7.81e-03	0.00000e+00
  1.46e-01	  8.33e-03	0.00000e+00
  1.46e-01	  8.85e-03	0.00000e+00
  1.46e-01	  9.37e-03	2.29929e-30
  1.46e-01	  9.90e-03	1.38466e-04
  1.46e-01	  1.04e-02	1.04679e-04
  1.46e-01	  1.09e-02	2.16387e-06
  1.46e-01	  1.15e-02	-1.44419e-04
  1.46e-01	  1.20e-02	-3.18053e-04
  1.46e-01	  1.25e-02	-5.06379e-04
  1.46e-01	  1.30e-02	-7.00251e-04
  1.46e-01	  1.35e-02	-8.92806e-04
  1.46e-01	  1.41e-02	-1.07883e-03
  1.46e-01	  1.46e-02	-1.25433e-03
  1.46e-01	  1.51e-02	-1.41623e-03
  1.46e-01	  1.56e-02	-1.56215e-03
  1.46e-01	  1.61e-02	-1.69029e-03
  1.46e-01	  1.67e-02	-1.79931e-03
  1.46e-01	  1.72e-02	-1.88824e-03
  1.46e-01	  1.77e-02	-1.95647e-03
  1.46e-01	  1.82e-02	-2.00369e-03
  1.46e-01	  1.88e-02	-2.02990e-03
  1.46e-01	  1.93e-02	-2.03538e-03
  1.46e-01	  1.98e-02	-2.02068e-03
  1.46e-01	  2.03e-02	-1.98666e-03
  1.46e-01	  2.08e-02	-1.93443e-03
  1.46e-01	  2.14e-02	-1.86537e-03
  1.46e-01	  2.19e-02	-1.78112e-03
  1.46e-01	  2.24e-02	-1.68354e-03
  1.46e-01	  2.29e-02	-1.57469e-03
  1.46e-01	  2.34e-02	-1.45678e-03
  1.46e-01	  2.40e-02	-1.33212e-03
  1.46e-01	  2.45e-02	-1.20310e-03
  1.46e-01	  2.50e-02	-1.07205e-03
  1.46e-01	  2.55e-02	-9.41293e-04
  1.46e-01	  2.60e-02	-8.12998e-04
  1.46e-01	  2.66e-02	-6.89179e-04
  1.46e-01	  2.71e-02	-5.71642e-04
  1.46e-01	  2.76e-02	-4.61962e-04
  1.46e-01	  2.81e-02	-3.61468e-04
  1.46e-01	  2.86e-02	-2.71240e-04
  1.46e-01	  2.92e-02	-1.92124e-04
  1.46e-01	  2.97e-02	-1.24754e-04
  1.46e-01	  3.02e-02	-6.95715e-05
  1.46e-01	  3.07e-02	-2.68602e-05
  1.46e-01	  3.13e-02	3.23195e-06
  1.46e-01	  3.18e-02	2.06744e-05
  1.46e-01	  3.23e-02	2.55490e-05
  1.46e-01	  3.28e-02	1.80601e-05
  1.46e-01	  3.33e-02	-1.43650e-06
  1.46e-01	  3.39e-02	-3.23837e-05
  1.46e-01	  3.44e-02	-7.39514e-05
  1.46e-01	  3.49e-02	-1.24943e-04
  1.46e-01	  3.54e-02	-1.83668e-04
  1.46e-01	  3.59e-02	-2.47778e-04
  1.46e-01	  3.65e-02	-3.14016e-04
  1.46e-01	  3.70e-02	-3.77850e-04
  1.46e-01	  3.75e-02	-4.32902e-04
  1.46e-01	  3.80e-02	-4.70166e-04
  1.46e-01	  3.85e-02	-4.76886e-04
  1.46e-01	  3.91e-02	-4.34668e-04
  1.46e-01	  3.96e-02	-3.15957e-04
  1.46e-01	  4.01e-02	-2.30209e-30
  1.46e-01	  4.06e-02	0.00000e+00
  1.46e-01	  4.11e-02	0.00000e+00
  1.46e-01	  4.17e-02	0.00000e+00
  1.46e-01	  4.22e-02	0.00000e+00
  1.46e-01	  4.27e-02	0.00000e+00
  1.46e-01	  4.32e-02	0.00000e+00
  1.46e-01	  4.37e-02	0.00000e+00
  1.46e-01	  4.43e-02	0.00000e+00
  1.46e-01	  4.48e-02	0.00000e+00
  1.46e-01	  4.53e-02	0.00000e+00
  1.46e-01	  4.58e-02	0.00000e+00
  1.46e-01	  4.64e-02	0.00000e+00
  1.46e-01	  4.69e-02	0.00000e+00
  1.46e-01	  4.74e-02	0.00000e+00
  1.46e-01	  4.79e-02	0.00000e+00
  1.46e-01	  4.84e-02	0.00000e+00
  1.46e-01	  4.90e-02	0.00000e+00
  1.46e-01	  4.95e-02	0.00000e+00

  1.47e-01	  0.00e+00	0.00000e+00
  1.47e-01	  5.21e-04	0.00000e+00
  1.47e-01	  1.04e-03	0.00000e+00
  1.47e-01	  1.56e-03	0.00000e+00
  1.47e-01	  2.08e-03	0.00000e+00
  1.47e-01	  2.60e-03	0.00000e+00
  1.47e-01	  3.12e-03	0.00000e+00
  1.47e-01	  3.65e-03	0.00000e+00
  1.47e-01	  4.17e-03	0.00000e+00
  1.47e-01	  4.69e-03	0.00000e+00
  1.47e-01	  5.21e-03	0.00000e+00
  1.47e-01	  5.73e-03	0.00000e+00
  1.47e-01	  6.25e-03	0.00000e+00
  1.47e-01	  6.77e-03	0.00000e+00
  1.47e-01	  7.29e-03	0.00000e+00
  1.47e-01	  7.81e-03	0.00000e+00
  1.47e-01	  8.33e-03	0.00000e+00
  1.47e-01	  8.85e-03	0.00000e+00
  1.47e-01	  9.37e-03	2.29928e-30
  1.47e-01	  9.90e-03	1.58920e-04
  1.47e-01	  1.04e-02	1.45130e-04
  1.47e-01	  1.09e-02	6.54277e-05
  1.47e-01	  1.15e-02	-5.40384e-05
  1.47e-01	  1.20e-02	-1.96397e-04
  1.47e-01	  1.25e-02	-3.50286e-04
  1.47e-01	  1.30e-02	-5.07785e-04
  1.47e-01	  1.35e-02	-6.63259e-04
  1.47e-01	  1.41e-02	-8.12612e-04
  1.47e-01	  1.46e-02	-9.52814e-04
  1.47e-01	  1.51e-02	-1.08159e-03
  1.47e-01	  1.56e-02	-1.19723e-03
  1.47e-01	  1.61e-02	-1.29845e-03
  1.47e-01	  1.67e-02	-1.38430e-03
  1.47e-01	  1.72e-02	-1.45413e-03
  1.47e-01	  1.77e-02	-1.50752e-03
  1.47e-01	  1.82e-02	-1.54430e-03
  1.47e-01	  1.88e-02	-1.56450e-03
  1.47e-01	  1.93e-02	-1.56838e-03
  1.47e-01	  1.98e-02	-1.55640e-03
  1.47e-01	  2.03e-02	-1.52925e-03
  1.47e-01	  2.08e-02	-1.48782e-03
  1.47e-01	  2.14e-02	-1.43321e-03
  1.47e-01	  2.19e-02	-1.36672e-03
  1.47e-01	  2.24e-02	-1.28981e-03
  1.47e-01	  2.29e-02	-1.20412e-03
  1.47e-01	  2.34e-02	-1.11139e-03
  1.47e-01	  2.40e-02	-1.01346e-03
  1.47e-01	  2.45e-02	-9.12183e-04
  1.47e-01	  2.50e-02	-8.09440e-04
  1.47e-01	  2.55e-02	-7.07050e-04
  1.47e-01	  2.60e-02	-6.06738e-04
  1.47e-01	  2.66e-02	-5.10098e-04
  1.47e-01	  2.71e-02	-4.18553e-04
  1.47e-01	  2.76e-02	-3.33346e-04
  1.47e-01	  2.81e-02	-2.55519e-04
  1.47e-01	  2.86e-02	-1.85920e-04
  1.47e-01	  2.92e-02	-1.25213e-04
  1.47e-01	  2.97e-02	-7.38925e-05
  1.47e-01	  3.02e-02	-3.23097e-05
  1.47e-01	  3.07e-02	-6.94187e-07
  1.47e-01	  3.13e-02	2.08236e-05
  1.47e-01	  3.18e-02	3.21963e-05
  1.47e-01	  3.23e-02	3.34526e-05
  1.47e-01	  3.28e-02	2.47025e-05
  1.47e-01	  3.33e-02	6.15587e-06
  1.47e-01	  3.39e-02	-2.18443e-05
  1.47e-01	  3.44e-02	-5.87701e-05
  1.47e-01	  3.49e-02	-1.03835e-04
  1.47e-01	  3.54e-02	-1.55890e-04
  1.47e-01	  3.59e-02	-2.13273e-04
  1.47e-01	  3.65e-02	-2.73536e-04
  1.47e-01	  3.70e-02	-3.33060e-04
  1.47e-01	  3.75e-02	-3.86509e-04
  1.47e-01	  3.80e-02	-4.25935e-04
  1.47e-01	  3.85e-02	-4.39349e-04
  1.47e-01	  3.91e-02	-4.08319e-04
  1.47e-01	  3.96e-02	-3.03568e-04
  1.47e-01	  4.01e-02	-2.30224e-30
  1.47e-01	  4.06e-02	0.00000e+00
  1.47e-01	  4.11e-02	0.00000e+00
  1.47e-01	  4.17e-02	0.00000e+00
  1.47e-01	  4.22e-02	0.00000e+00
  1.47e-01	  4.27e-02	0.00000e+00
  1.47e-01	  4.32e-02	0.00000e+00
  1.47e-01	  4.37e-02	0.00000e+00
  1.47e-01	  4.43e-02	0.00000e+00
  1.47e-01	  4.48e-02	0.00000e+00
  1.47e-01	  4.53e-02	0.00000e+00
  1.47e-01	  4.58e-02	0.00000e+00
  1.47e-01	  4.64e-02	0.00000e+00
  1.47e-01	  4.69e-02	0.00000e+00
  1.47e-01	  4.74e-02	0.00000e+00
  1.47e-01	  4.79e-02	0.00000e+00
  1.47e-01	  4.84e-02	0.00000e+00
  1.47e-01	  4.90e-02	0.00000e+00
  1.47e-01	  4.95e-02	0.00000e+00

  1.48e-01	  0.00e+00	0.00000e+00
  1.48e-01	  5.21e-04	0.00000e+00
  1.48e-01	  1.04e-03	0.00000e+00
  1.48e-01	  1.56e-03	0.00000e+00
  1.48e-01	  2.08e-03	0.00000e+00
  1.48e-01	  2.60e-03	0.00000e+00
  1.48e-01	  3.12e-03	0.00000e+00
  1.48e-01	  3.65e-03	0.00000e+00
  1.48e-01	  4.17e-03	0.00000e+00
  1.48e-01	  4.69e-03	0.00000e+00
  1.48e-01	  5.21e-03	0.00000e+00
  1.48e-01	  5.73e-03	0.00000e+00
  1.48e-01	  6.25e-03	0.00000e+00
  1.48e-01	  6.77e-03	0.00000e+00
  1.48e-01	  7.29e-03	0.00000e+00
  1.48e-01	  7.81e-03	0.00000e+00
  1.48e-01	  8.33e-03	0.00000e+00
  1.48e-01	  8.85e-03	0.00000e+00
  1.48e-01	  9.37e-03	2.29927e-30
  1.48e-01	  9.90e-03	1.65818e-04
  1.48e-01	  1.04e-02	1.63954e-04
  1.48e-01	  1.09e-02	1.04154e-04
  1.48e-01	  1.15e-02	1.33511e-05
  1.48e-01	  1.20e-02	-9.31071e-05
  1.48e-01	  1.25e-02	-2.06168e-04
  1.48e-01	  1.30e-02	-3.20149e-04
  1.48e-01	  1.35e-02	-4.31316e-04
  1.48e-01	  1.41e-02	-5.37110e-04
  1.48e-01	  1.46e-02	-6.35705e-04
  1.48e-01	  1.51e-02	-7.25765e-04
  1.48e-01	  1.56e-02	-8.06294e-04
  1.48e-01	  1.61e-02	-8.76551e-04
  1.48e-01	  1.67e-02	-9.35991e-04
  1.48e-01	  1.72e-02	-9.84237e-04
  1.48e-01	  1.77e-02	-1.02106e-03
  1.48e-01	  1.82e-02	-1.04637e-03
  1.48e-01	  1.88e-02	-1.06021e-03
  1.48e-01	  1.93e-02	-1.06277e-03
  1.48e-01	  1.98e-02	-1.05436e-03
  1.48e-01	  2.03e-02	-1.03547e-03
  1.48e-01	  2.08e-02	-1.00670e-03
  1.48e-01	  2.14e-02	-9.68817e-04
  1.48e-01	  2.19e-02	-9.22712e-04
  1.48e-01	  2.24e-02	-8.69404e-04
  1.48e-01	  2.29e-02	-8.10017e-04
  1.48e-01	  2.34e-02	-7.45759e-04
  1.48e-01	  2.40e-02	-6.77910e-04
  1.48e-01	  2.45e-02	-6.07788e-04
  1.48e-01	  2.50e-02	-5.36711e-04
  1.48e-01	  2.55e-02	-4.65958e-04
  1.48e-01	  2.60e-02	-3.96740e-04
  1.48e-01	  2.66e-02	-3.30174e-04
  1.48e-01	  2.71e-02	-2.67256e-04
  1.48e-01	  2.76e-02	-2.08849e-04
  1.48e-01	  2.81e-02	-1.55677e-04
  1.48e-01	  2.86e-02	-1.08323e-04
  1.48e-01	  2.92e-02	-6.72442e-05
  1.48e-01	  2.97e-02	-3.27776e-05
  1.48e-01	  3.02e-02	-5.16347e-06
  1.48e-01	  3.07e-02	1.54384e-05
  1.48e-01	  3.13e-02	2.89304e-05
  1.48e-01	  3.18e-02	3.52636e-05
  1.48e-01	  3.23e-02	3.44291e-05
  1.48e-01	  3.28e-02	2.64568e-05
  1.48e-01	  3.33e-02	1.14222e-05
  1.48e-01	  3.39e-02	-1.05376e-05
  1.48e-01	  3.44e-02	-3.91946e-05
  1.48e-01	  3.49e-02	-7.41812e-05
  1.48e-01	  3.54e-02	-1.14918e-04
  1.48e-01	  3.59e-02	-1.60492e-04
  1.48e-01	  3.65e-02	-2.09472e-04
  1.48e-01	  3.70e-02	-2.59597e-04
  1.48e-01	  3.75e-02	-3.07259e-04
  1.48e-01	  3.80e-02	-3.46588e-04
  1.48e-01	  3.85e-02	-3.67755e-04
  1.48e-01	  3.91e-02	-3.53799e-04
  1.48e-01	  3.96e-02	-2.74372e-04
  1.48e-01	  4.01e-02	-2.30240e-30
  1.48e-01	  4.06e-02	0.00000e+00
  1.48e-01	  4.11e-02	0.00000e+00
  1.48e-01	  4.17e-02	0.00000e+00
  1.48e-01	  4.22e-02	0.00000e+00
  1.48e-01	  4.27e-02	0.00000e+00
  1.48e-01	  4.32e-02	0.00000e+00
  1.48e-01	  4.37e-02	0.00000e+00
  1.48e-01	  4.43e-02	0.00000e+00
  1.48e-01	  4.48e-02	0.00000e+00
  1.48e-01	  4.53e-02	0.00000e+00
  1.48e-01	  4.58e-02	0.00000e+00
  1.48e-01	  4.64e-02	0.00000e+00
  1.48e-01	  4.69e-02	0.00000e+00
  1.48e-01	  4.74e-02	0.00000e+00
  1.48e-01	  4.79e-02	0.00000e+00
  1.48e-01	  4.84e-02	0.00000e+00
  1.48e-01	  4.90e-02	0.00000e+00
  1.48e-01	  4.95e-02	0.00000e+00

  1.49e-01	  0.00e+00	0.00000e+00
  1.49e-01	  5.21e-04	0.00000e+00
  1.49e-01	  1.04e-03	0.00000e+00
  1.49e-01	  1.56e-03	0.00000e+00
  1.49e-01	  2.08e-03	0.00000e+00
  1.49e-01	  2.60e-03	0.00000e+00
  1.49e-01	  3.12e-03	0.00000e+00
  1.49e-01	  3.65e-03	0.00000e+00
  1.49e-01	  4.17e-03	0.00000e+00
  1.49e-01	  4.69e-03	0.00000e+00
  1.49e-01	  5.21e-03	0.00000e+00
  1.49e-01	  5.73e-03	0.00000e+00
  1.49e-01	  6.25e-03	0.00000e+00
  1.49e-01	  6.77e-03	0.00000e+00
  1.49e-01	  7.29e-03	0.00000e+00
  1.49e-01	  7.81e-03	0.00000e+00
  1.49e-01	  8.33e-03	0.00000e+00
  1.49e-01	  8.85e-03	0.00000e+00
  1.49e-01	  9.37e-03	2.29926e-30
  1.49e-01	  9.90e-03	1.36946e-04
  1.49e-01	  1.04e-02	1.34430e-04
  1.49e-01	  1.09e-02	9.44081e-05
  1.49e-01	  1.15e-02	3.92187e-05
  1.49e-01	  1.20e-02	-2.13415e-05
  1.49e-01	  1.25e-02	-8.27752e-05
  1.49e-01	  1.30e-02	-1.42848e-04
  1.49e-01	  1.35e-02	-2.00260e-04
  1.49e-01	  1.41e-02	-2.54156e-04
  1.49e-01	  1.46e-02	-3.03931e-04
  1.49e-01	  1.51e-02	-3.49134e-04
  1.49e-01	  1.56e-02	-3.89419e-04
  1.49e-01	  1.61e-02	-4.24515e-04
  1.49e-01	  1.67e-02	-4.54217e-04
  1.49e-01	  1.72e-02	-4.78374e-04
  1.49e-01	  1.77e-02	-4.96888e-04
  1.49e-01	  1.82e-02	-5.09717e-04
  1.49e-01	  1.88e-02	-5.16874e-04
  1.49e-01	  1.93e-02	-5.18436e-04
  1.49e-01	  1.98e-02	-5.14545e-04
  1.49e-01	  2.03e-02	-5.05417e-04
  1.49e-01	  2.08e-02	-4.91337e-04
  1.49e-01	  2.14e-02	-4.72667e-04
  1.49e-01	  2.19e-02	-4.49836e-04
  1.49e-01	  2.24e-02	-4.23342e-04
  1.49e-01	  2.29e-02	-3.93741e-04
  1.49e-01	  2.34e-02	-3.61647e-04
  1.49e-01	  2.40e-02	-3.27711e-04
  1.49e-01	  2.45e-02	-2.92610e-04
  1.49e-01	  2.50e-02	-2.57024e-04
  1.49e-01	  2.55e-02	-2.21613e-04
  1.49e-01	  2.60e-02	-1.87001e-04
  1.49e-01	  2.66e-02	-1.53761e-04
  1.49e-01	  2.71e-02	-1.22406e-04
  1.49e-01	  2.76e-02	-9.33771e-05
  1.49e-01	  2.81e-02	-6.70409e-05
  1.49e-01	  2.86e-02	-4.36921e-05
  1.49e-01	  2.92e-02	-2.35565e-05
  1.49e-01	  2.97e-02	-6.80009e-06
  1.49e-01	  3.02e-02	6.46136e-06
  1.49e-01	  3.07e-02	1.61506e-05
  1.49e-01	  3.13e-02	2.22183e-05
  1.49e-01	  3.18e-02	2.46335e-05
  1.49e-01	  3.23e-02	2.33766e-05
  1.49e-01	  3.28e-02	1.84348e-05
  1.49e-01	  3.33e-02	9.80153e-06
  1.49e-01	  3.39e-02	-2.52050e-06
  1.49e-01	  3.44e-02	-1.85112e-05
  1.49e-01	  3.49e-02	-3.81197e-05
  1.49e-01	  3.54e-02	-6.12369e-05
  1.49e-01	  3.59e-02	-8.76505e-05
  1.49e-01	  3.65e-02	-1.16974e-04
  1.49e-01	  3.70e-02	-1.48512e-04
  1.49e-01	  3.75e-02	-1.80981e-04
  1.49e-01	  3.80e-02	-2.11904e-04
  1.49e-01	  3.85e-02	-2.36174e-04
  1.49e-01	  3.91e-02	-2.42573e-04
  1.49e-01	  3.96e-02	-2.04889e-04
  1.49e-01	  4.01e-02	-2.30259e-30
  1.49e-01	  4.06e-02	0.00000e+00
  1.49e-01	  4.11e-02	0.00000e+00
  1.49e-01	  4.17e-02	0.00000e+00
  1.49e-01	  4.22e-02	0.00000e+00
  1.49e-01	  4.27e-02	0.00000e+00
  1.49e-01	  4.32e-02	0.00000e+00
  1.49e-01	  4.37e-02	0.00000e+00
  1.49e-01	  4.43e-02	0.00000e+00
  1.49e-01	  4.48e-02	0.00000e+00
  1.49e-01	  4.53e-02	0.00000e+00
  1.49e-01	  4.58e-02	0.00000e+00
  1.49e-01	  4.64e-02	0.00000e+00
  1.49e-01	  4.69e-02	0.00000e+00
  1.49e-01	  4.74e-02	0.00000e+00
  1.49e-01	  4.79e-02	0.00000e+00
  1.49e-01	  4.84e-02	0.00000e+00
  1.49e-01	  4.90e-02	0.00000e+00
  1.49e-01	  4.95e-02	0.00000e+00

  1.50e-01	  0.00e+00	0.00000e+00
  1.50e-01	  5.21e-04	0.00000e+00
  1.50e-01	  1.04e-03	0.00000e+00
  1.50e-01	  1.56e-03	0.00000e+00
  1.50e-01	  2.08e-03	0.00000e+00
  1.50e-01	  2.60e-03	0.00000e+00
  1.50e-01	  3.12e-03	0.00000e+00
  1.50e-01	  3.65e-03	0.00000e+00
  1.50e-01	  4.17e-03	0.00000e+00
  1.50e-01	  4.69e-03	0.00000e+00
  1.50e-01	  5.21e-03	0.00000e+00
  1.50e-01	  5.73e-03	0.00000e+00
  1.50e-01	  6.25e-03	0.00000e+00
  1.50e-01	  6.77e-03	0.00000e+00
  1.50e-01	  7.29e-03	0.00000e+00
  1.50e-01	  7.81e-03	0.00000e+00
  1.50e-01	  8.33e-03	0.00000e+00
  1.50e-01	  8.85e-03	0.00000e+00
  1.50e-01	  9.37e-03	2.29929e-30
  1.50e-01	  9.90e-03	1.99951e-06
  1.50e-01	  1.04e-02	2.89073e-06
  1.50e-01	  1.09e-02	3.46983e-06
  1.50e-01	  1.15e-02	3.97721e-06
  1.50e-01	  1.20e-02	4.41740e-06
  1.50e-01	  1.25e-02	4.79511e-06
  1.50e-01	  1.30e-02	5.11633e-06
  1.50e-01	  1.35e-02	5.38677e-06
  1.50e-01	  1.41e-02	5.61089e-06
  1.50e-01	  1.46e-02	5.79199e-06
  1.50e-01	  1.51e-02	5.93249e-06
  1.50e-01	  1.56e-02	6.03421e-06
  1.50e-01	  1.61e-02	6.09858e-06
  1.50e-01	  1.67e-02	6.12680e-06
  1.50e-01	  1.72e-02	6.11992e-06
  1.50e-01	  1.77e-02	6.07890e-06
  1.50e-01	  1.82e-02	6.00473e-06
  1.50e-01	  1.88e-02	5.89843e-06
  1.50e-01	  1.93e-02	5.76106e-06
  1.50e-01	  1.98e-02	5.59373e-06
  1.50e-01	  2.03e-02	5.39759e-06
  1.50e-01	  2.08e-02	5.17379e-06
  1.50e-01	  2.14e-02	4.92356e-06
  1.50e-01	  2.19e-02	4.64842e-06
  1.50e-01	  2.24e-02	4.35054e-06
  1.50e-01	  2.29e-02	4.03268e-06
  1.50e-01	  2.34e-02	3.69814e-06
  1.50e-01	  2.40e-02	3.35066e-06
  1.50e-01	  2.45e-02	2.99383e-06
  1.50e-01	  2.50e-02	2.63076e-06
  1.50e-01	  2.55e-02	2.26439e-06
  1.50e-01	  2.60e-02	1.89761e-06
  1.50e-01	  2.66e-02	1.53313e-06
  1.50e-01	  2.71e-02	1.17347e-06
  1.50e-01	  2.76e-02	8.20821e-07
  1.50e-01	  2.81e-02	4.77139e-07
  1.50e-01	  2.86e-02	1.44088e-07
  1.50e-01	  2.92e-02	-1.76907e-07
  1.50e-01	  2.97e-02	-4.84617e-07
  1.50e-01	  3.02e-02	-7.77953e-07
  1.50e-01	  3.07e-02	-1.05590e-06
  1.50e-01	  3.13e-02	-1.31743e-06
  1.50e-01	  3.18e-02	-1.56147e-06
  1.50e-01	  3.23e-02	-1.78685e-06
  1.50e-01	  3.28e-02	-1.99225e-06
  1.50e-01	  3.33e-02	-2.17621e-06
  1.50e-01	  3.39e-02	-2.33710e-06
  1.50e-01	  3.44e-02	-2.47303e-06
  1.50e-01	  3.49e-02	-2.58201e-06
  1.50e-01	  3.54e-02	-2.66190e-06
  1.50e-01	  3.59e-02	-2.71007e-06
  1.50e-01	  3.65e-02	-2.72338e-06
  1.50e-01	  3.70e-02	-2.69815e-06
  1.50e-01	  3.75e-02	-2.62985e-06
  1.50e-01	  3.80e-02	-2.51291e-06
  1.50e-01	  3.85e-02	-2.34025e-06
  1.50e-01	  3.91e-02	-2.10134e-06
  1.50e-01	  3.96e-02	-1.56337e-06
  1.50e-01	  4.01e-02	-2.30285e-30
  1.50e-01	  4.06e-02	0.00000e+00
  1.50e-01	  4.11e-02	0.00000e+00
  1.50e-01	  4.17e-02	0.00000e+00
  1.50e-01	  4.22e-02	0.00000e+00
  1.50e-01	  4.27e-02	0.00000e+00
  1.50e-01	  4.32e-02	0.00000e+00
  1.50e-01	  4.37e-02	0.00000e+00
  1.50e-01	  4.43e-02	0.00000e+00
  1.50e-01	  4.48e-02	0.00000e+00
  1.50e-01	  4.53e-02	0.00000e+00
  1.50e-01	  4.58e-02	0.00000e+00
  1.50e-01	  4.64e-02	0.00000e+00
  1.50e-01	  4.69e-02	0.00000e+00
  1.50e-01	  4.74e-02	0.00000e+00
  1.50e-01	  4.79e-02	0.00000e+00
  1.50e-01	  4.84e-02	0.00000e+00
  1.50e-01	  4.90e-02	0.00000e+00
  1.50e-01	  4.95e-02	0.00000e+00

