  0.00e+00	  0.00e+00	0.00000e+00
  0.00e+00	  5.21e-04	0.00000e+00
  0.00e+00	  1.04e-03	0.00000e+00
  0.00e+00	  1.56e-03	0.00000e+00
  0.00e+00	  2.08e-03	0.00000e+00
  0.00e+00	  2.60e-03	0.00000e+00
  0.00e+00	  3.12e-03	0.00000e+00
  0.00e+00	  3.65e-03	0.00000e+00
  0.00e+00	  4.17e-03	0.00000e+00
  0.00e+00	  4.69e-03	0.00000e+00
  0.00e+00	  5.21e-03	0.00000e+00
  0.00e+00	  5.73e-03	0.00000e+00
  0.00e+00	  6.25e-03	0.00000e+00
  0.00e+00	  6.77e-03	0.00000e+00
  0.00e+00	  7.29e-03	0.00000e+00
  0.00e+00	  7.81e-03	0.00000e+00
  0.00e+00	  8.33e-03	0.00000e+00
  0.00e+00	  8.85e-03	0.00000e+00
  0.00e+00	  9.37e-03	-2.70501e-29
  0.00e+00	  9.90e-03	4.51122e+00
  0.00e+00	  1.04e-02	3.50047e+00
  0.00e+00	  1.09e-02	2.53648e+00
  0.00e+00	  1.15e-02	1.93235e+00
  0.00e+00	  1.20e-02	1.53992e+00
  0.00e+00	  1.25e-02	1.26085e+00
  0.00e+00	  1.30e-02	1.05448e+00
  0.00e+00	  1.35e-02	8.97660e-01
  0.00e+00	  1.41e-02	7.75042e-01
  0.00e+00	  1.46e-02	6.76593e-01
  0.00e+00	  1.51e-02	5.95733e-01
  0.00e+00	  1.56e-02	5.28028e-01
  0.00e+00	  1.61e-02	4.70393e-01
  0.00e+00	  1.67e-02	4.20614e-01
  0.00e+00	  1.72e-02	3.77060e-01
  0.00e+00	  1.77e-02	3.38504e-01
  0.00e+00	  1.82e-02	3.04000e-01
  0.00e+00	  1.88e-02	2.72808e-01
  0.00e+00	  1.93e-02	2.44336e-01
  0.00e+00	  1.98e-02	2.18108e-01
  0.00e+00	  2.03e-02	1.93731e-01
  0.00e+00	  2.08e-02	1.70878e-01
  0.00e+00	  2.14e-02	1.49272e-01
  0.00e+00	  2.19e-02	1.28675e-01
  0.00e+00	  2.24e-02	1.08879e-01
  0.00e+00	  2.29e-02	8.97013e-02
  0.00e+00	  2.34e-02	7.09738e-02
  0.00e+00	  2.40e-02	5.25427e-02
  0.00e+00	  2.45e-02	3.42627e-02
  0.00e+00	  2.50e-02	1.59935e-02
  0.00e+00	  2.55e-02	-2.40331e-03
  0.00e+00	  2.60e-02	-2.10678e-02
  0.00e+00	  2.66e-02	-4.01451e-02
  0.00e+00	  2.71e-02	-5.97888e-02
  0.00e+00	  2.76e-02	-8.01653e-02
  0.00e+00	  2.81e-02	-1.01458e-01
  0.00e+00	  2.86e-02	-1.23875e-01
  0.00e+00	  2.92e-02	-1.47651e-01
  0.00e+00	  2.97e-02	-1.73064e-01
  0.00e+00	  3.02e-02	-2.00439e-01
  0.00e+00	  3.07e-02	-2.30167e-01
  0.00e+00	  3.13e-02	-2.62726e-01
  0.00e+00	  3.18e-02	-2.98704e-01
  0.00e+00	  3.23e-02	-3.38842e-01
  0.00e+00	  3.28e-02	-3.84083e-01
  0.00e+00	  3.33e-02	-4.35656e-01
  0.00e+00	  3.39e-02	-4.95190e-01
  0.00e+00	  3.44e-02	-5.64899e-01
  0.00e+00	  3.49e-02	-6.47870e-01
  0.00e+00	  3.54e-02	-7.48538e-01
  0.00e+00	  3.59e-02	-8.73487e-01
  0.00e+00	  3.65e-02	-1.03275e+00
  0.00e+00	  3.70e-02	-1.24169e+00
  0.00e+00	  3.75e-02	-1.52342e+00
  0.00e+00	  3.80e-02	-1.91859e+00
  0.00e+00	  3.85e-02	-2.52561e+00
  0.00e+00	  3.91e-02	-3.49283e+00
  0.00e+00	  3.96e-02	-4.50735e+00
  0.00e+00	  4.01e-02	2.70241e-29
  0.00e+00	  4.06e-02	0.00000e+00
  0.00e+00	  4.11e-02	0.00000e+00
  0.00e+00	  4.17e-02	0.00000e+00
  0.00e+00	  4.22e-02	0.00000e+00
  0.00e+00	  4.27e-02	0.00000e+00
  0.00e+00	  4.32e-02	0.00000e+00
  0.00e+00	  4.37e-02	0.00000e+00
  0.00e+00	  4.43e-02	0.00000e+00
  0.00e+00	  4.48e-02	0.00000e+00
  0.00e+00	  4.53e-02	0.00000e+00
  0.00e+00	  4.58e-02	0.00000e+00
  0.00e+00	  4.64e-02	0.00000e+00
  0.00e+00	  4.69e-02	0.00000e+00
  0.00e+00	  4.74e-02	0.00000e+00
  0.00e+00	  4.79e-02	0.00000e+00
  0.00e+00	  4.84e-02	0.00000e+00
  0.00e+00	  4.90e-02	0.00000e+00
  0.00e+00	  4.95e-02	0.00000e+00

  0.00e+00	  0.00e+00	0.00000e+00
  0.00e+00	  5.21e-04	0.00000e+00
  0.00e+00	  1.04e-03	0.00000e+00
  0.00e+00	  1.56e-03	0.00000e+00
  0.00e+00	  2.08e-03	0.00000e+00
  0.00e+00	  2.60e-03	0.00000e+00
  0.00e+00	  3.12e-03	0.00000e+00
  0.00e+00	  3.65e-03	0.00000e+00
  0.00e+00	  4.17e-03	0.00000e+00
  0.00e+00	  4.69e-03	0.00000e+00
  0.00e+00	  5.21e-03	0.00000e+00
  0.00e+00	  5.73e-03	0.00000e+00
  0.00e+00	  6.25e-03	0.00000e+00
  0.00e+00	  6.77e-03	0.00000e+00
  0.00e+00	  7.29e-03	0.00000e+00
  0.00e+00	  7.81e-03	0.00000e+00
  0.00e+00	  8.33e-03	0.00000e+00
  0.00e+00	  8.85e-03	-9.60000e+01
  0.00e+00	  9.37e-03	1.00839e-31
  0.00e+00	  9.90e-03	3.51355e-01
  0.00e+00	  1.04e-02	8.33999e-01
  0.00e+00	  1.09e-02	8.32620e-01
  0.00e+00	  1.15e-02	7.33098e-01
  0.00e+00	  1.20e-02	6.34185e-01
  0.00e+00	  1.25e-02	5.49752e-01
  0.00e+00	  1.30e-02	4.76955e-01
  0.00e+00	  1.35e-02	4.15486e-01
  0.00e+00	  1.41e-02	3.64230e-01
  0.00e+00	  1.46e-02	3.21375e-01
  0.00e+00	  1.51e-02	2.85195e-01
  0.00e+00	  1.56e-02	2.54297e-01
  0.00e+00	  1.61e-02	2.27599e-01
  0.00e+00	  1.67e-02	2.04273e-01
  0.00e+00	  1.72e-02	1.83676e-01
  0.00e+00	  1.77e-02	1.65307e-01
  0.00e+00	  1.82e-02	1.48768e-01
  0.00e+00	  1.88e-02	1.33740e-01
  0.00e+00	  1.93e-02	1.19964e-01
  0.00e+00	  1.98e-02	1.07229e-01
  0.00e+00	  2.03e-02	9.53555e-02
  0.00e+00	  2.08e-02	8.41958e-02
  0.00e+00	  2.14e-02	7.36221e-02
  0.00e+00	  2.19e-02	6.35239e-02
  0.00e+00	  2.24e-02	5.38043e-02
  0.00e+00	  2.29e-02	4.43764e-02
  0.00e+00	  2.34e-02	3.51615e-02
  0.00e+00	  2.40e-02	2.60864e-02
  0.00e+00	  2.45e-02	1.70819e-02
  0.00e+00	  2.50e-02	8.08136e-03
  0.00e+00	  2.55e-02	-9.81411e-04
  0.00e+00	  2.60e-02	-1.01731e-02
  0.00e+00	  2.66e-02	-1.95628e-02
  0.00e+00	  2.71e-02	-2.92232e-02
  0.00e+00	  2.76e-02	-3.92332e-02
  0.00e+00	  2.81e-02	-4.96789e-02
  0.00e+00	  2.86e-02	-6.06571e-02
  0.00e+00	  2.92e-02	-7.22778e-02
  0.00e+00	  2.97e-02	-8.46680e-02
  0.00e+00	  3.02e-02	-9.79762e-02
  0.00e+00	  3.07e-02	-1.12379e-01
  0.00e+00	  3.13e-02	-1.28089e-01
  0.00e+00	  3.18e-02	-1.45363e-01
  0.00e+00	  3.23e-02	-1.64521e-01
  0.00e+00	  3.28e-02	-1.85959e-01
  0.00e+00	  3.33e-02	-2.10179e-01
  0.00e+00	  3.39e-02	-2.37823e-01
  0.00e+00	  3.44e-02	-2.69719e-01
  0.00e+00	  3.49e-02	-3.06948e-01
  0.00e+00	  3.54e-02	-3.50906e-01
  0.00e+00	  3.59e-02	-4.03316e-01
  0.00e+00	  3.65e-02	-4.65991e-01
  0.00e+00	  3.70e-02	-5.40042e-01
  0.00e+00	  3.75e-02	-6.25763e-01
  0.00e+00	  3.80e-02	-7.26016e-01
  0.00e+00	  3.85e-02	-8.26980e-01
  0.00e+00	  3.91e-02	-8.29998e-01
  0.00e+00	  3.96e-02	9.56507e+01
  0.00e+00	  4.01e-02	-1.00952e-31
  0.00e+00	  4.06e-02	0.00000e+00
  0.00e+00	  4.11e-02	0.00000e+00
  0.00e+00	  4.17e-02	0.00000e+00
  0.00e+00	  4.22e-02	0.00000e+00
  0.00e+00	  4.27e-02	0.00000e+00
  0.00e+00	  4.32e-02	0.00000e+00
  0.00e+00	  4.37e-02	0.00000e+00
  0.00e+00	  4.43e-02	0.00000e+00
  0.00e+00	  4.48e-02	0.00000e+00
  0.00e+00	  4.53e-02	0.00000e+00
  0.00e+00	  4.58e-02	0.00000e+00
  0.00e+00	  4.64e-02	0.00000e+00
  0.00e+00	  4.69e-02	0.00000e+00
  0.00e+00	  4.74e-02	0.00000e+00
  0.00e+00	  4.79e-02	0.00000e+00
  0.00e+00	  4.84e-02	0.00000e+00
  0.00e+00	  4.90e-02	0.00000e+00
  0.00e+00	  4.95e-02	0.00000e+00

  7.81e-04	  0.00e+00	0.00000e+00
  7.81e-04	  5.21e-04	0.00000e+00
  7.81e-04	  1.04e-03	0.00000e+00
  7.81e-04	  1.56e-03	0.00000e+00
  7.81e-04	  2.08e-03	0.00000e+00
  7.81e-04	  2.60e-03	0.00000e+00
  7.81e-04	  3.12e-03	0.00000e+00
  7.81e-04	  3.65e-03	0.00000e+00
  7.81e-04	  4.17e-03	-6.20255e-294
  7.81e-04	  4.69e-03	-4.13499e-261
  7.81e-04	  5.21e-03	-2.75664e-228
  7.81e-04	  5.73e-03	-1.83774e-195
  7.81e-04	  6.25e-03	-1.22515e-162
  7.81e-04	  6.77e-03	-8.16759e-130
  7.81e-04	  7.29e-03	-5.44501e-97
  7.81e-04	  7.81e-03	-3.62998e-64
  7.81e-04	  8.33e-03	-2.41996e-31
  7.81e-04	  8.85e-03	-9.09249e+01
  7.81e-04	  9.37e-03	-6.21222e+00
  7.81e-04	  9.90e-03	-5.17741e-03
  7.81e-04	  1.04e-02	7.65185e-01
  7.81e-04	  1.09e-02	7.32195e-01
  7.81e-04	  1.15e-02	6.27510e-01
  7.81e-04	  1.20e-02	5.52858e-01
  7.81e-04	  1.25e-02	4.90779e-01
  7.81e-04	  1.30e-02	4.35020e-01
  7.81e-04	  1.35e-02	3.85271e-01
  7.81e-04	  1.41e-02	3.41921e-01
  7.81e-04	  1.46e-02	3.04532e-01
  7.81e-04	  1.51e-02	2.72242e-01
  7.81e-04	  1.56e-02	2.44175e-01
  7.81e-04	  1.61e-02	2.19580e-01
  7.81e-04	  1.67e-02	1.97842e-01
  7.81e-04	  1.72e-02	1.78465e-01
  7.81e-04	  1.77e-02	1.61046e-01
  7.81e-04	  1.82e-02	1.45259e-01
  7.81e-04	  1.88e-02	1.30833e-01
  7.81e-04	  1.93e-02	1.17547e-01
  7.81e-04	  1.98e-02	1.05213e-01
  7.81e-04	  2.03e-02	9.36747e-02
  7.81e-04	  2.08e-02	8.27973e-02
  7.81e-04	  2.14e-02	7.24647e-02
  7.81e-04	  2.19e-02	6.25752e-02
  7.81e-04	  2.24e-02	5.30388e-02
  7.81e-04	  2.29e-02	4.37743e-02
  7.81e-04	  2.34e-02	3.47076e-02
  7.81e-04	  2.40e-02	2.57692e-02
  7.81e-04	  2.45e-02	1.68935e-02
  7.81e-04	  2.50e-02	8.01653e-03
  7.81e-04	  2.55e-02	-9.25039e-04
  7.81e-04	  2.60e-02	-9.99537e-03
  7.81e-04	  2.66e-02	-1.92609e-02
  7.81e-04	  2.71e-02	-2.87919e-02
  7.81e-04	  2.76e-02	-3.86642e-02
  7.81e-04	  2.81e-02	-4.89611e-02
  7.81e-04	  2.86e-02	-5.97758e-02
  7.81e-04	  2.92e-02	-7.12144e-02
  7.81e-04	  2.97e-02	-8.33994e-02
  7.81e-04	  3.02e-02	-9.64744e-02
  7.81e-04	  3.07e-02	-1.10610e-01
  7.81e-04	  3.13e-02	-1.26013e-01
  7.81e-04	  3.18e-02	-1.42934e-01
  7.81e-04	  3.23e-02	-1.61690e-01
  7.81e-04	  3.28e-02	-1.82677e-01
  7.81e-04	  3.33e-02	-2.06415e-01
  7.81e-04	  3.39e-02	-2.33592e-01
  7.81e-04	  3.44e-02	-2.65153e-01
  7.81e-04	  3.49e-02	-3.02420e-01
  7.81e-04	  3.54e-02	-3.47199e-01
  7.81e-04	  3.59e-02	-4.01573e-01
  7.81e-04	  3.65e-02	-4.67240e-01
  7.81e-04	  3.70e-02	-5.52657e-01
  7.81e-04	  3.75e-02	-7.00687e-01
  7.81e-04	  3.80e-02	-8.97786e-01
  7.81e-04	  3.85e-02	-5.41310e-01
  7.81e-04	  3.91e-02	5.85597e+00
  7.81e-04	  3.96e-02	9.09891e+01
  7.81e-04	  4.01e-02	1.87368e-31
  7.81e-04	  4.06e-02	3.63020e-64
  7.81e-04	  4.11e-02	5.44534e-97
  7.81e-04	  4.17e-02	8.16808e-130
  7.81e-04	  4.22e-02	1.22522e-162
  7.81e-04	  4.27e-02	1.83785e-195
  7.81e-04	  4.32e-02	2.75680e-228
  7.81e-04	  4.37e-02	4.13524e-261
  7.81e-04	  4.43e-02	6.20292e-294
  7.81e-04	  4.48e-02	0.00000e+00
  7.81e-04	  4.53e-02	0.00000e+00
  7.81e-04	  4.58e-02	0.00000e+00
  7.81e-04	  4.64e-02	0.00000e+00
  7.81e-04	  4.69e-02	0.00000e+00
  7.81e-04	  4.74e-02	0.00000e+00
  7.81e-04	  4.79e-02	0.00000e+00
  7.81e-04	  4.84e-02	0.00000e+00
  7.81e-04	  4.90e-02	0.00000e+00
  7.81e-04	  4.95e-02	0.00000e+00

  1.56e-03	  0.00e+00	0.00000e+00
  1.56e-03	  5.21e-04	0.00000e+00
  1.56e-03	  1.04e-03	0.00000e+00
  1.56e-03	  1.56e-03	0.00000e+00
  1.56e-03	  2.08e-03	0.00000e+00
  1.56e-03	  2.60e-03	0.00000e+00
  1.56e-03	  3.12e-03	0.00000e+00
  1.56e-03	  3.65e-03	0.00000e+00
  1.56e-03	  4.17e-03	-5.59543e-294
  1.56e-03	  4.69e-03	-3.73026e-261
  1.56e-03	  5.21e-03	-2.48681e-228
  1.56e-03	  5.73e-03	-1.65786e-195
  1.56e-03	  6.25e-03	-1.10523e-162
  1.56e-03	  6.77e-03	-7.36814e-130
  1.56e-03	  7.29e-03	-4.91205e-97
  1.56e-03	  7.81e-03	-3.27467e-64
  1.56e-03	  8.33e-03	-2.18309e-31
  1.56e-03	  8.85e-03	-8.50559e+01
  1.56e-03	  9.37e-03	-1.21289e+01
  1.56e-03	  9.90e-03	-1.16059e+00
  1.56e-03	  1.04e-02	7.09369e-01
  1.56e-03	  1.09e-02	7.56291e-01
  1.56e-03	  1.15e-02	6.12854e-01
  1.56e-03	  1.20e-02	5.21581e-01
  1.56e-03	  1.25e-02	4.61895e-01
  1.56e-03	  1.30e-02	4.11176e-01
  1.56e-03	  1.35e-02	3.65886e-01
  1.56e-03	  1.41e-02	3.26113e-01
  1.56e-03	  1.46e-02	2.91607e-01
  1.56e-03	  1.51e-02	2.61662e-01
  1.56e-03	  1.56e-02	2.35500e-01
  1.56e-03	  1.61e-02	2.12445e-01
  1.56e-03	  1.67e-02	1.91950e-01
  1.56e-03	  1.72e-02	1.73577e-01
  1.56e-03	  1.77e-02	1.56972e-01
  1.56e-03	  1.82e-02	1.41848e-01
  1.56e-03	  1.88e-02	1.27967e-01
  1.56e-03	  1.93e-02	1.15131e-01
  1.56e-03	  1.98e-02	1.03173e-01
  1.56e-03	  2.03e-02	9.19506e-02
  1.56e-03	  2.08e-02	8.13413e-02
  1.56e-03	  2.14e-02	7.12383e-02
  1.56e-03	  2.19e-02	6.15474e-02
  1.56e-03	  2.24e-02	5.21845e-02
  1.56e-03	  2.29e-02	4.30734e-02
  1.56e-03	  2.34e-02	3.41435e-02
  1.56e-03	  2.40e-02	2.53291e-02
  1.56e-03	  2.45e-02	1.65669e-02
  1.56e-03	  2.50e-02	7.79532e-03
  1.56e-03	  2.55e-02	-1.04709e-03
  1.56e-03	  2.60e-02	-1.00229e-02
  1.56e-03	  2.66e-02	-1.91973e-02
  1.56e-03	  2.71e-02	-2.86395e-02
  1.56e-03	  2.76e-02	-3.84246e-02
  1.56e-03	  2.81e-02	-4.86359e-02
  1.56e-03	  2.86e-02	-5.93668e-02
  1.56e-03	  2.92e-02	-7.07247e-02
  1.56e-03	  2.97e-02	-8.28349e-02
  1.56e-03	  3.02e-02	-9.58460e-02
  1.56e-03	  3.07e-02	-1.09937e-01
  1.56e-03	  3.13e-02	-1.25329e-01
  1.56e-03	  3.18e-02	-1.42298e-01
  1.56e-03	  3.23e-02	-1.61201e-01
  1.56e-03	  3.28e-02	-1.82503e-01
  1.56e-03	  3.33e-02	-2.06842e-01
  1.56e-03	  3.39e-02	-2.35101e-01
  1.56e-03	  3.44e-02	-2.68529e-01
  1.56e-03	  3.49e-02	-3.08829e-01
  1.56e-03	  3.54e-02	-3.57944e-01
  1.56e-03	  3.59e-02	-4.17215e-01
  1.56e-03	  3.65e-02	-4.89650e-01
  1.56e-03	  3.70e-02	-6.02224e-01
  1.56e-03	  3.75e-02	-8.00740e-01
  1.56e-03	  3.80e-02	-9.07484e-01
  1.56e-03	  3.85e-02	7.09235e-01
  1.56e-03	  3.91e-02	1.20126e+01
  1.56e-03	  3.96e-02	8.52480e+01
  1.56e-03	  4.01e-02	1.79748e-31
  1.56e-03	  4.06e-02	3.27528e-64
  1.56e-03	  4.11e-02	4.91296e-97
  1.56e-03	  4.17e-02	7.36951e-130
  1.56e-03	  4.22e-02	1.10544e-162
  1.56e-03	  4.27e-02	1.65817e-195
  1.56e-03	  4.32e-02	2.48727e-228
  1.56e-03	  4.37e-02	3.73094e-261
  1.56e-03	  4.43e-02	5.59646e-294
  1.56e-03	  4.48e-02	0.00000e+00
  1.56e-03	  4.53e-02	0.00000e+00
  1.56e-03	  4.58e-02	0.00000e+00
  1.56e-03	  4.64e-02	0.00000e+00
  1.56e-03	  4.69e-02	0.00000e+00
  1.56e-03	  4.74e-02	0.00000e+00
  1.56e-03	  4.79e-02	0.00000e+00
  1.56e-03	  4.84e-02	0.00000e+00
  1.56e-03	  4.90e-02	0.00000e+00
  1.56e-03	  4.95e-02	0.00000e+00

  2.34e-03	  0.00e+00	0.00000e+00
  2.34e-03	  5.21e-04	0.00000e+00
  2.34e-03	  1.04e-03	0.00000e+00
  2.34e-03	  1.56e-03	0.00000e+00
  2.34e-03	  2.08e-03	0.00000e+00
  2.34e-03	  2.60e-03	0.00000e+00
  2.34e-03	  3.12e-03	0.00000e+00
  2.34e-03	  3.65e-03	0.00000e+00
  2.34e-03	  4.17e-03	-5.14448e-294
  2.34e-03	  4.69e-03	-3.42962e-261
  2.34e-03	  5.21e-03	-2.28639e-228
  2.34e-03	  5.73e-03	-1.52425e-195
  2.34e-03	  6.25e-03	-1.01616e-162
  2.34e-03	  6.77e-03	-6.77431e-130
  2.34e-03	  7.29e-03	-4.51617e-97
  2.34e-03	  7.81e-03	-3.01075e-64
  2.34e-03	  8.33e-03	-2.00715e-31
  2.34e-03	  8.85e-03	-7.93185e+01
  2.34e-03	  9.37e-03	-1.69750e+01
  2.34e-03	  9.90e-03	-2.87299e+00
  2.34e-03	  1.04e-02	4.74613e-01
  2.34e-03	  1.09e-02	7.81027e-01
  2.34e-03	  1.15e-02	6.34875e-01
  2.34e-03	  1.20e-02	5.17805e-01
  2.34e-03	  1.25e-02	4.51818e-01
  2.34e-03	  1.30e-02	4.01593e-01
  2.34e-03	  1.35e-02	3.57060e-01
  2.34e-03	  1.41e-02	3.17829e-01
  2.34e-03	  1.46e-02	2.83915e-01
  2.34e-03	  1.51e-02	2.54685e-01
  2.34e-03	  1.56e-02	2.29303e-01
  2.34e-03	  1.61e-02	2.07021e-01
  2.34e-03	  1.67e-02	1.87246e-01
  2.34e-03	  1.72e-02	1.69518e-01
  2.34e-03	  1.77e-02	1.53478e-01
  2.34e-03	  1.82e-02	1.38843e-01
  2.34e-03	  1.88e-02	1.25382e-01
  2.34e-03	  1.93e-02	1.12907e-01
  2.34e-03	  1.98e-02	1.01259e-01
  2.34e-03	  2.03e-02	9.03027e-02
  2.34e-03	  2.08e-02	7.99232e-02
  2.34e-03	  2.14e-02	7.00192e-02
  2.34e-03	  2.19e-02	6.05015e-02
  2.34e-03	  2.24e-02	5.12899e-02
  2.34e-03	  2.29e-02	4.23117e-02
  2.34e-03	  2.34e-02	3.34992e-02
  2.34e-03	  2.40e-02	2.47886e-02
  2.34e-03	  2.45e-02	1.61186e-02
  2.34e-03	  2.50e-02	7.42888e-03
  2.34e-03	  2.55e-02	-1.34113e-03
  2.34e-03	  2.60e-02	-1.02535e-02
  2.34e-03	  2.66e-02	-1.93736e-02
  2.34e-03	  2.71e-02	-2.87711e-02
  2.34e-03	  2.76e-02	-3.85227e-02
  2.34e-03	  2.81e-02	-4.87139e-02
  2.34e-03	  2.86e-02	-5.94421e-02
  2.34e-03	  2.92e-02	-7.08205e-02
  2.34e-03	  2.97e-02	-8.29831e-02
  2.34e-03	  3.02e-02	-9.60912e-02
  2.34e-03	  3.07e-02	-1.10344e-01
  2.34e-03	  3.13e-02	-1.25989e-01
  2.34e-03	  3.18e-02	-1.43349e-01
  2.34e-03	  3.23e-02	-1.62843e-01
  2.34e-03	  3.28e-02	-1.85038e-01
  2.34e-03	  3.33e-02	-2.10717e-01
  2.34e-03	  3.39e-02	-2.40964e-01
  2.34e-03	  3.44e-02	-2.77228e-01
  2.34e-03	  3.49e-02	-3.21154e-01
  2.34e-03	  3.54e-02	-3.73810e-01
  2.34e-03	  3.59e-02	-4.35416e-01
  2.34e-03	  3.65e-02	-5.15162e-01
  2.34e-03	  3.70e-02	-6.54640e-01
  2.34e-03	  3.75e-02	-8.55740e-01
  2.34e-03	  3.80e-02	-6.83114e-01
  2.34e-03	  3.85e-02	2.52008e+00
  2.34e-03	  3.91e-02	1.69901e+01
  2.34e-03	  3.96e-02	7.95601e+01
  2.34e-03	  4.01e-02	1.70695e-31
  2.34e-03	  4.06e-02	3.01196e-64
  2.34e-03	  4.11e-02	4.51798e-97
  2.34e-03	  4.17e-02	6.77703e-130
  2.34e-03	  4.22e-02	1.01656e-162
  2.34e-03	  4.27e-02	1.52486e-195
  2.34e-03	  4.32e-02	2.28730e-228
  2.34e-03	  4.37e-02	3.43098e-261
  2.34e-03	  4.43e-02	5.14651e-294
  2.34e-03	  4.48e-02	0.00000e+00
  2.34e-03	  4.53e-02	0.00000e+00
  2.34e-03	  4.58e-02	0.00000e+00
  2.34e-03	  4.64e-02	0.00000e+00
  2.34e-03	  4.69e-02	0.00000e+00
  2.34e-03	  4.74e-02	0.00000e+00
  2.34e-03	  4.79e-02	0.00000e+00
  2.34e-03	  4.84e-02	0.00000e+00
  2.34e-03	  4.90e-02	0.00000e+00
  2.34e-03	  4.95e-02	0.00000e+00

  3.12e-03	  0.00e+00	0.00000e+00
  3.12e-03	  5.21e-04	0.00000e+00
  3.12e-03	  1.04e-03	0.00000e+00
  3.12e-03	  1.56e-03	0.00000e+00
  3.12e-03	  2.08e-03	0.00000e+00
  3.12e-03	  2.60e-03	0.00000e+00
  3.12e-03	  3.12e-03	0.00000e+00
  3.12e-03	  3.65e-03	0.00000e+00
  3.12e-03	  4.17e-03	-4.73162e-294
  3.12e-03	  4.69e-03	-3.15439e-261
  3.12e-03	  5.21e-03	-2.10290e-228
  3.12e-03	  5.73e-03	-1.40192e-195
  3.12e-03	  6.25e-03	-9.34606e-163
  3.12e-03	  6.77e-03	-6.23065e-130
  3.12e-03	  7.29e-03	-4.15372e-97
  3.12e-03	  7.81e-03	-2.76912e-64
  3.12e-03	  8.33e-03	-1.84606e-31
  3.12e-03	  8.85e-03	-7.39789e+01
  3.12e-03	  9.37e-03	-2.07536e+01
  3.12e-03	  9.90e-03	-4.86728e+00
  3.12e-03	  1.04e-02	4.36644e-02
  3.12e-03	  1.09e-02	7.62335e-01
  3.12e-03	  1.15e-02	6.63555e-01
  3.12e-03	  1.20e-02	5.27066e-01
  3.12e-03	  1.25e-02	4.50536e-01
  3.12e-03	  1.30e-02	3.99578e-01
  3.12e-03	  1.35e-02	3.55231e-01
  3.12e-03	  1.41e-02	3.15504e-01
  3.12e-03	  1.46e-02	2.80953e-01
  3.12e-03	  1.51e-02	2.51313e-01
  3.12e-03	  1.56e-02	2.25802e-01
  3.12e-03	  1.61e-02	2.03599e-01
  3.12e-03	  1.67e-02	1.84026e-01
  3.12e-03	  1.72e-02	1.66560e-01
  3.12e-03	  1.77e-02	1.50803e-01
  3.12e-03	  1.82e-02	1.36447e-01
  3.12e-03	  1.88e-02	1.23250e-01
  3.12e-03	  1.93e-02	1.11018e-01
  3.12e-03	  1.98e-02	9.95884e-02
  3.12e-03	  2.03e-02	8.88286e-02
  3.12e-03	  2.08e-02	7.86235e-02
  3.12e-03	  2.14e-02	6.88739e-02
  3.12e-03	  2.19e-02	5.94923e-02
  3.12e-03	  2.24e-02	5.04005e-02
  3.12e-03	  2.29e-02	4.15270e-02
  3.12e-03	  2.34e-02	3.28056e-02
  3.12e-03	  2.40e-02	2.41736e-02
  3.12e-03	  2.45e-02	1.55702e-02
  3.12e-03	  2.50e-02	6.93538e-03
  3.12e-03	  2.55e-02	-1.79147e-03
  3.12e-03	  2.60e-02	-1.06731e-02
  3.12e-03	  2.66e-02	-1.97761e-02
  3.12e-03	  2.71e-02	-2.91723e-02
  3.12e-03	  2.76e-02	-3.89415e-02
  3.12e-03	  2.81e-02	-4.91734e-02
  3.12e-03	  2.86e-02	-5.99720e-02
  3.12e-03	  2.92e-02	-7.14592e-02
  3.12e-03	  2.97e-02	-8.37814e-02
  3.12e-03	  3.02e-02	-9.71173e-02
  3.12e-03	  3.07e-02	-1.11690e-01
  3.12e-03	  3.13e-02	-1.27783e-01
  3.12e-03	  3.18e-02	-1.45766e-01
  3.12e-03	  3.23e-02	-1.66127e-01
  3.12e-03	  3.28e-02	-1.89529e-01
  3.12e-03	  3.33e-02	-2.16869e-01
  3.12e-03	  3.39e-02	-2.49329e-01
  3.12e-03	  3.44e-02	-2.88275e-01
  3.12e-03	  3.49e-02	-3.34703e-01
  3.12e-03	  3.54e-02	-3.88299e-01
  3.12e-03	  3.59e-02	-4.49987e-01
  3.12e-03	  3.65e-02	-5.38738e-01
  3.12e-03	  3.70e-02	-6.96827e-01
  3.12e-03	  3.75e-02	-8.48973e-01
  3.12e-03	  3.80e-02	-2.45260e-01
  3.12e-03	  3.85e-02	4.59664e+00
  3.12e-03	  3.91e-02	2.08454e+01
  3.12e-03	  3.96e-02	7.42434e+01
  3.12e-03	  4.01e-02	1.60109e-31
  3.12e-03	  4.06e-02	2.77113e-64
  3.12e-03	  4.11e-02	4.15672e-97
  3.12e-03	  4.17e-02	6.23513e-130
  3.12e-03	  4.22e-02	9.35277e-163
  3.12e-03	  4.27e-02	1.40293e-195
  3.12e-03	  4.32e-02	2.10441e-228
  3.12e-03	  4.37e-02	3.15663e-261
  3.12e-03	  4.43e-02	4.73498e-294
  3.12e-03	  4.48e-02	0.00000e+00
  3.12e-03	  4.53e-02	0.00000e+00
  3.12e-03	  4.58e-02	0.00000e+00
  3.12e-03	  4.64e-02	0.00000e+00
  3.12e-03	  4.69e-02	0.00000e+00
  3.12e-03	  4.74e-02	0.00000e+00
  3.12e-03	  4.79e-02	0.00000e+00
  3.12e-03	  4.84e-02	0.00000e+00
  3.12e-03	  4.90e-02	0.00000e+00
  3.12e-03	  4.95e-02	0.00000e+00

  3.91e-03	  0.00e+00	0.00000e+00
  3.91e-03	  5.21e-04	0.00000e+00
  3.91e-03	  1.04e-03	0.00000e+00
  3.91e-03	  1.56e-03	0.00000e+00
  3.91e-03	  2.08e-03	0.00000e+00
  3.91e-03	  2.60e-03	0.00000e+00
  3.91e-03	  3.12e-03	0.00000e+00
  3.91e-03	  3.65e-03	0.00000e+00
  3.91e-03	  4.17e-03	-4.36202e-294
  3.91e-03	  4.69e-03	-2.90799e-261
  3.91e-03	  5.21e-03	-1.93864e-228
  3.91e-03	  5.73e-03	-1.29241e-195
  3.91e-03	  6.25e-03	-8.61599e-163
  3.91e-03	  6.77e-03	-5.74393e-130
  3.91e-03	  7.29e-03	-3.82925e-97
  3.91e-03	  7.81e-03	-2.55281e-64
  3.91e-03	  8.33e-03	-1.70185e-31
  3.91e-03	  8.85e-03	-6.91186e+01
  3.91e-03	  9.37e-03	-2.35977e+01
  3.91e-03	  9.90e-03	-6.95748e+00
  3.91e-03	  1.04e-02	-5.63128e-01
  3.91e-03	  1.09e-02	6.85204e-01
  3.91e-03	  1.15e-02	6.85078e-01
  3.91e-03	  1.20e-02	5.41843e-01
  3.91e-03	  1.25e-02	4.53210e-01
  3.91e-03	  1.30e-02	4.00430e-01
  3.91e-03	  1.35e-02	3.56808e-01
  3.91e-03	  1.41e-02	3.16878e-01
  3.91e-03	  1.46e-02	2.81443e-01
  3.91e-03	  1.51e-02	2.50882e-01
  3.91e-03	  1.56e-02	2.24688e-01
  3.91e-03	  1.61e-02	2.02070e-01
  3.91e-03	  1.67e-02	1.82290e-01
  3.91e-03	  1.72e-02	1.64760e-01
  3.91e-03	  1.77e-02	1.49028e-01
  3.91e-03	  1.82e-02	1.34750e-01
  3.91e-03	  1.88e-02	1.21658e-01
  3.91e-03	  1.93e-02	1.09544e-01
  3.91e-03	  1.98e-02	9.82360e-02
  3.91e-03	  2.03e-02	8.75939e-02
  3.91e-03	  2.08e-02	7.74999e-02
  3.91e-03	  2.14e-02	6.78527e-02
  3.91e-03	  2.19e-02	5.85637e-02
  3.91e-03	  2.24e-02	4.95542e-02
  3.91e-03	  2.29e-02	4.07526e-02
  3.91e-03	  2.34e-02	3.20924e-02
  3.91e-03	  2.40e-02	2.35106e-02
  3.91e-03	  2.45e-02	1.49460e-02
  3.91e-03	  2.50e-02	6.33809e-03
  3.91e-03	  2.55e-02	-2.37497e-03
  3.91e-03	  2.60e-02	-1.12575e-02
  3.91e-03	  2.66e-02	-2.03783e-02
  3.91e-03	  2.71e-02	-2.98122e-02
  3.91e-03	  2.76e-02	-3.96432e-02
  3.91e-03	  2.81e-02	-4.99668e-02
  3.91e-03	  2.86e-02	-6.08945e-02
  3.91e-03	  2.92e-02	-7.25584e-02
  3.91e-03	  2.97e-02	-8.51184e-02
  3.91e-03	  3.02e-02	-9.87719e-02
  3.91e-03	  3.07e-02	-1.13767e-01
  3.91e-03	  3.13e-02	-1.30419e-01
  3.91e-03	  3.18e-02	-1.49144e-01
  3.91e-03	  3.23e-02	-1.70487e-01
  3.91e-03	  3.28e-02	-1.95177e-01
  3.91e-03	  3.33e-02	-2.24165e-01
  3.91e-03	  3.39e-02	-2.58574e-01
  3.91e-03	  3.44e-02	-2.99370e-01
  3.91e-03	  3.49e-02	-3.46525e-01
  3.91e-03	  3.54e-02	-3.98824e-01
  3.91e-03	  3.59e-02	-4.60572e-01
  3.91e-03	  3.65e-02	-5.59730e-01
  3.91e-03	  3.70e-02	-7.24085e-01
  3.91e-03	  3.75e-02	-7.76463e-01
  3.91e-03	  3.80e-02	3.74184e-01
  3.91e-03	  3.85e-02	6.75364e+00
  3.91e-03	  3.91e-02	2.37350e+01
  3.91e-03	  3.96e-02	6.93965e+01
  3.91e-03	  4.01e-02	1.49698e-31
  3.91e-03	  4.06e-02	2.55579e-64
  3.91e-03	  4.11e-02	3.83372e-97
  3.91e-03	  4.17e-02	5.75062e-130
  3.91e-03	  4.22e-02	8.62599e-163
  3.91e-03	  4.27e-02	1.29391e-195
  3.91e-03	  4.32e-02	1.94088e-228
  3.91e-03	  4.37e-02	2.91133e-261
  3.91e-03	  4.43e-02	4.36702e-294
  3.91e-03	  4.48e-02	0.00000e+00
  3.91e-03	  4.53e-02	0.00000e+00
  3.91e-03	  4.58e-02	0.00000e+00
  3.91e-03	  4.64e-02	0.00000e+00
  3.91e-03	  4.69e-02	0.00000e+00
  3.91e-03	  4.74e-02	0.00000e+00
  3.91e-03	  4.79e-02	0.00000e+00
  3.91e-03	  4.84e-02	0.00000e+00
  3.91e-03	  4.90e-02	0.00000e+00
  3.91e-03	  4.95e-02	0.00000e+00

  4.69e-03	  0.00e+00	0.00000e+00
  4.69e-03	  5.21e-04	0.00000e+00
  4.69e-03	  1.04e-03	0.00000e+00
  4.69e-03	  1.56e-03	0.00000e+00
  4.69e-03	  2.08e-03	0.00000e+00
  4.69e-03	  2.60e-03	0.00000e+00
  4.69e-03	  3.12e-03	0.00000e+00
  4.69e-03	  3.65e-03	0.00000e+00
  4.69e-03	  4.17e-03	-4.03496e-294
  4.69e-03	  4.69e-03	-2.68994e-261
  4.69e-03	  5.21e-03	-1.79328e-228
  4.69e-03	  5.73e-03	-1.19550e-195
  4.69e-03	  6.25e-03	-7.96994e-163
  4.69e-03	  6.77e-03	-5.31323e-130
  4.69e-03	  7.29e-03	-3.54211e-97
  4.69e-03	  7.81e-03	-2.36138e-64
  4.69e-03	  8.33e-03	-1.57424e-31
  4.69e-03	  8.85e-03	-6.47480e+01
  4.69e-03	  9.37e-03	-2.56577e+01
  4.69e-03	  9.90e-03	-9.02058e+00
  4.69e-03	  1.04e-02	-1.31634e+00
  4.69e-03	  1.09e-02	5.44063e-01
  4.69e-03	  1.15e-02	6.92237e-01
  4.69e-03	  1.20e-02	5.57965e-01
  4.69e-03	  1.25e-02	4.58026e-01
  4.69e-03	  1.30e-02	4.01925e-01
  4.69e-03	  1.35e-02	3.59347e-01
  4.69e-03	  1.41e-02	3.19989e-01
  4.69e-03	  1.46e-02	2.84036e-01
  4.69e-03	  1.51e-02	2.52524e-01
  4.69e-03	  1.56e-02	2.25425e-01
  4.69e-03	  1.61e-02	2.02112e-01
  4.69e-03	  1.67e-02	1.81856e-01
  4.69e-03	  1.72e-02	1.64023e-01
  4.69e-03	  1.77e-02	1.48114e-01
  4.69e-03	  1.82e-02	1.33746e-01
  4.69e-03	  1.88e-02	1.20622e-01
  4.69e-03	  1.93e-02	1.08513e-01
  4.69e-03	  1.98e-02	9.72331e-02
  4.69e-03	  2.03e-02	8.66324e-02
  4.69e-03	  2.08e-02	7.65860e-02
  4.69e-03	  2.14e-02	6.69878e-02
  4.69e-03	  2.19e-02	5.77463e-02
  4.69e-03	  2.24e-02	4.87801e-02
  4.69e-03	  2.29e-02	4.00158e-02
  4.69e-03	  2.34e-02	3.13855e-02
  4.69e-03	  2.40e-02	2.28249e-02
  4.69e-03	  2.45e-02	1.42715e-02
  4.69e-03	  2.50e-02	5.66317e-03
  4.69e-03	  2.55e-02	-3.06370e-03
  4.69e-03	  2.60e-02	-1.19757e-02
  4.69e-03	  2.66e-02	-2.11444e-02
  4.69e-03	  2.71e-02	-3.06485e-02
  4.69e-03	  2.76e-02	-4.05765e-02
  4.69e-03	  2.81e-02	-5.10301e-02
  4.69e-03	  2.86e-02	-6.21286e-02
  4.69e-03	  2.92e-02	-7.40144e-02
  4.69e-03	  2.97e-02	-8.68604e-02
  4.69e-03	  3.02e-02	-1.00881e-01
  4.69e-03	  3.07e-02	-1.16346e-01
  4.69e-03	  3.13e-02	-1.33601e-01
  4.69e-03	  3.18e-02	-1.53094e-01
  4.69e-03	  3.23e-02	-1.75413e-01
  4.69e-03	  3.28e-02	-2.01318e-01
  4.69e-03	  3.33e-02	-2.31728e-01
  4.69e-03	  3.39e-02	-2.67548e-01
  4.69e-03	  3.44e-02	-3.09102e-01
  4.69e-03	  3.49e-02	-3.55348e-01
  4.69e-03	  3.54e-02	-4.05348e-01
  4.69e-03	  3.59e-02	-4.68635e-01
  4.69e-03	  3.65e-02	-5.77956e-01
  4.69e-03	  3.70e-02	-7.33552e-01
  4.69e-03	  3.75e-02	-6.36919e-01
  4.69e-03	  3.80e-02	1.14169e+00
  4.69e-03	  3.85e-02	8.87054e+00
  4.69e-03	  3.91e-02	2.58213e+01
  4.69e-03	  3.96e-02	6.50371e+01
  4.69e-03	  4.01e-02	1.40036e-31
  4.69e-03	  4.06e-02	2.36554e-64
  4.69e-03	  4.11e-02	3.54833e-97
  4.69e-03	  4.17e-02	5.32253e-130
  4.69e-03	  4.22e-02	7.98384e-163
  4.69e-03	  4.27e-02	1.19758e-195
  4.69e-03	  4.32e-02	1.79639e-228
  4.69e-03	  4.37e-02	2.69459e-261
  4.69e-03	  4.43e-02	4.04191e-294
  4.69e-03	  4.48e-02	0.00000e+00
  4.69e-03	  4.53e-02	0.00000e+00
  4.69e-03	  4.58e-02	0.00000e+00
  4.69e-03	  4.64e-02	0.00000e+00
  4.69e-03	  4.69e-02	0.00000e+00
  4.69e-03	  4.74e-02	0.00000e+00
  4.69e-03	  4.79e-02	0.00000e+00
  4.69e-03	  4.84e-02	0.00000e+00
  4.69e-03	  4.90e-02	0.00000e+00
  4.69e-03	  4.95e-02	0.00000e+00

  5.47e-03	  0.00e+00	0.00000e+00
  5.47e-03	  5.21e-04	0.00000e+00
  5.47e-03	  1.04e-03	0.00000e+00
  5.47e-03	  1.56e-03	0.00000e+00
  5.47e-03	  2.08e-03	0.00000e+00
  5.47e-03	  2.60e-03	0.00000e+00
  5.47e-03	  3.12e-03	0.00000e+00
  5.47e-03	  3.65e-03	0.00000e+00
  5.47e-03	  4.17e-03	-3.74732e-294
  5.47e-03	  4.69e-03	-2.49818e-261
  5.47e-03	  5.21e-03	-1.66543e-228
  5.47e-03	  5.73e-03	-1.11027e-195
  5.47e-03	  6.25e-03	-7.40174e-163
  5.47e-03	  6.77e-03	-4.93443e-130
  5.47e-03	  7.29e-03	-3.28958e-97
  5.47e-03	  7.81e-03	-2.19302e-64
  5.47e-03	  8.33e-03	-1.46200e-31
  5.47e-03	  8.85e-03	-6.08450e+01
  5.47e-03	  9.37e-03	-2.70769e+01
  5.47e-03	  9.90e-03	-1.09762e+01
  5.47e-03	  1.04e-02	-2.18383e+00
  5.47e-03	  1.09e-02	3.37435e-01
  5.47e-03	  1.15e-02	6.80358e-01
  5.47e-03	  1.20e-02	5.72677e-01
  5.47e-03	  1.25e-02	4.64236e-01
  5.47e-03	  1.30e-02	4.03404e-01
  5.47e-03	  1.35e-02	3.61574e-01
  5.47e-03	  1.41e-02	3.23470e-01
  5.47e-03	  1.46e-02	2.87621e-01
  5.47e-03	  1.51e-02	2.55431e-01
  5.47e-03	  1.56e-02	2.27447e-01
  5.47e-03	  1.61e-02	2.03339e-01
  5.47e-03	  1.67e-02	1.82462e-01
  5.47e-03	  1.72e-02	1.64177e-01
  5.47e-03	  1.77e-02	1.47951e-01
  5.47e-03	  1.82e-02	1.33369e-01
  5.47e-03	  1.88e-02	1.20105e-01
  5.47e-03	  1.93e-02	1.07908e-01
  5.47e-03	  1.98e-02	9.65769e-02
  5.47e-03	  2.03e-02	8.59498e-02
  5.47e-03	  2.08e-02	7.58932e-02
  5.47e-03	  2.14e-02	6.62946e-02
  5.47e-03	  2.19e-02	5.70575e-02
  5.47e-03	  2.24e-02	4.80970e-02
  5.47e-03	  2.29e-02	3.93367e-02
  5.47e-03	  2.34e-02	3.07063e-02
  5.47e-03	  2.40e-02	2.21392e-02
  5.47e-03	  2.45e-02	1.35711e-02
  5.47e-03	  2.50e-02	4.93743e-03
  5.47e-03	  2.55e-02	-3.82757e-03
  5.47e-03	  2.60e-02	-1.27932e-02
  5.47e-03	  2.66e-02	-2.20343e-02
  5.47e-03	  2.71e-02	-3.16333e-02
  5.47e-03	  2.76e-02	-4.16836e-02
  5.47e-03	  2.81e-02	-5.22928e-02
  5.47e-03	  2.86e-02	-6.35876e-02
  5.47e-03	  2.92e-02	-7.57194e-02
  5.47e-03	  2.97e-02	-8.88732e-02
  5.47e-03	  3.02e-02	-1.03278e-01
  5.47e-03	  3.07e-02	-1.19220e-01
  5.47e-03	  3.13e-02	-1.37069e-01
  5.47e-03	  3.18e-02	-1.57298e-01
  5.47e-03	  3.23e-02	-1.80514e-01
  5.47e-03	  3.28e-02	-2.07467e-01
  5.47e-03	  3.33e-02	-2.38964e-01
  5.47e-03	  3.39e-02	-2.75545e-01
  5.47e-03	  3.44e-02	-3.16796e-01
  5.47e-03	  3.49e-02	-3.61032e-01
  5.47e-03	  3.54e-02	-4.08902e-01
  5.47e-03	  3.59e-02	-4.75491e-01
  5.47e-03	  3.65e-02	-5.92795e-01
  5.47e-03	  3.70e-02	-7.22604e-01
  5.47e-03	  3.75e-02	-4.30732e-01
  5.47e-03	  3.80e-02	2.02311e+00
  5.47e-03	  3.85e-02	1.08690e+01
  5.47e-03	  3.91e-02	2.72551e+01
  5.47e-03	  3.96e-02	6.11473e+01
  5.47e-03	  4.01e-02	1.31284e-31
  5.47e-03	  4.06e-02	2.19852e-64
  5.47e-03	  4.11e-02	3.29780e-97
  5.47e-03	  4.17e-02	4.94672e-130
  5.47e-03	  4.22e-02	7.42013e-163
  5.47e-03	  4.27e-02	1.11302e-195
  5.47e-03	  4.32e-02	1.66954e-228
  5.47e-03	  4.37e-02	2.50433e-261
  5.47e-03	  4.43e-02	3.75650e-294
  5.47e-03	  4.48e-02	0.00000e+00
  5.47e-03	  4.53e-02	0.00000e+00
  5.47e-03	  4.58e-02	0.00000e+00
  5.47e-03	  4.64e-02	0.00000e+00
  5.47e-03	  4.69e-02	0.00000e+00
  5.47e-03	  4.74e-02	0.00000e+00
  5.47e-03	  4.79e-02	0.00000e+00
  5.47e-03	  4.84e-02	0.00000e+00
  5.47e-03	  4.90e-02	0.00000e+00
  5.47e-03	  4.95e-02	0.00000e+00

  6.25e-03	  0.00e+00	0.00000e+00
  6.25e-03	  5.21e-04	0.00000e+00
  6.25e-03	  1.04e-03	0.00000e+00
  6.25e-03	  1.56e-03	0.00000e+00
  6.25e-03	  2.08e-03	0.00000e+00
  6.25e-03	  2.60e-03	0.00000e+00
  6.25e-03	  3.12e-03	0.00000e+00
  6.25e-03	  3.65e-03	0.00000e+00
  6.25e-03	  4.17e-03	-3.49500e-294
  6.25e-03	  4.69e-03	-2.32996e-261
  6.25e-03	  5.21e-03	-1.55329e-228
  6.25e-03	  5.73e-03	-1.03551e-195
  6.25e-03	  6.25e-03	-6.90330e-163
  6.25e-03	  6.77e-03	-4.60213e-130
  6.25e-03	  7.29e-03	-3.06804e-97
  6.25e-03	  7.81e-03	-2.04533e-64
  6.25e-03	  8.33e-03	-1.36354e-31
  6.25e-03	  8.85e-03	-5.73721e+01
  6.25e-03	  9.37e-03	-2.79848e+01
  6.25e-03	  9.90e-03	-1.27745e+01
  6.25e-03	  1.04e-02	-3.13339e+00
  6.25e-03	  1.09e-02	6.65916e-02
  6.25e-03	  1.15e-02	6.46037e-01
  6.25e-03	  1.20e-02	5.83796e-01
  6.25e-03	  1.25e-02	4.71279e-01
  6.25e-03	  1.30e-02	4.04880e-01
  6.25e-03	  1.35e-02	3.63040e-01
  6.25e-03	  1.41e-02	3.26522e-01
  6.25e-03	  1.46e-02	2.91397e-01
  6.25e-03	  1.51e-02	2.58951e-01
  6.25e-03	  1.56e-02	2.30261e-01
  6.25e-03	  1.61e-02	2.05383e-01
  6.25e-03	  1.67e-02	1.83838e-01
  6.25e-03	  1.72e-02	1.65025e-01
  6.25e-03	  1.77e-02	1.48399e-01
  6.25e-03	  1.82e-02	1.33520e-01
  6.25e-03	  1.88e-02	1.20039e-01
  6.25e-03	  1.93e-02	1.07684e-01
  6.25e-03	  1.98e-02	9.62399e-02
  6.25e-03	  2.03e-02	8.55313e-02
  6.25e-03	  2.08e-02	7.54158e-02
  6.25e-03	  2.14e-02	6.57740e-02
  6.25e-03	  2.19e-02	5.65036e-02
  6.25e-03	  2.24e-02	4.75152e-02
  6.25e-03	  2.29e-02	3.87288e-02
  6.25e-03	  2.34e-02	3.00711e-02
  6.25e-03	  2.40e-02	2.14728e-02
  6.25e-03	  2.45e-02	1.28669e-02
  6.25e-03	  2.50e-02	4.18652e-03
  6.25e-03	  2.55e-02	-4.63687e-03
  6.25e-03	  2.60e-02	-1.36754e-02
  6.25e-03	  2.66e-02	-2.30071e-02
  6.25e-03	  2.71e-02	-3.27184e-02
  6.25e-03	  2.76e-02	-4.29069e-02
  6.25e-03	  2.81e-02	-5.36859e-02
  6.25e-03	  2.86e-02	-6.51884e-02
  6.25e-03	  2.92e-02	-7.75739e-02
  6.25e-03	  2.97e-02	-9.10368e-02
  6.25e-03	  3.02e-02	-1.05818e-01
  6.25e-03	  3.07e-02	-1.22219e-01
  6.25e-03	  3.13e-02	-1.40624e-01
  6.25e-03	  3.18e-02	-1.61521e-01
  6.25e-03	  3.23e-02	-1.85517e-01
  6.25e-03	  3.28e-02	-2.13308e-01
  6.25e-03	  3.33e-02	-2.45510e-01
  6.25e-03	  3.39e-02	-2.82202e-01
  6.25e-03	  3.44e-02	-3.22287e-01
  6.25e-03	  3.49e-02	-3.64035e-01
  6.25e-03	  3.54e-02	-4.10662e-01
  6.25e-03	  3.59e-02	-4.81809e-01
  6.25e-03	  3.65e-02	-6.03209e-01
  6.25e-03	  3.70e-02	-6.88886e-01
  6.25e-03	  3.75e-02	-1.60228e-01
  6.25e-03	  3.80e-02	2.98502e+00
  6.25e-03	  3.85e-02	1.27007e+01
  6.25e-03	  3.91e-02	2.81707e+01
  6.25e-03	  3.96e-02	5.76918e+01
  6.25e-03	  4.01e-02	1.23442e-31
  6.25e-03	  4.06e-02	2.05234e-64
  6.25e-03	  4.11e-02	3.07852e-97
  6.25e-03	  4.17e-02	4.61780e-130
  6.25e-03	  4.22e-02	6.92673e-163
  6.25e-03	  4.27e-02	1.03901e-195
  6.25e-03	  4.32e-02	1.55853e-228
  6.25e-03	  4.37e-02	2.33779e-261
  6.25e-03	  4.43e-02	3.50669e-294
  6.25e-03	  4.48e-02	0.00000e+00
  6.25e-03	  4.53e-02	0.00000e+00
  6.25e-03	  4.58e-02	0.00000e+00
  6.25e-03	  4.64e-02	0.00000e+00
  6.25e-03	  4.69e-02	0.00000e+00
  6.25e-03	  4.74e-02	0.00000e+00
  6.25e-03	  4.79e-02	0.00000e+00
  6.25e-03	  4.84e-02	0.00000e+00
  6.25e-03	  4.90e-02	0.00000e+00
  6.25e-03	  4.95e-02	0.00000e+00

  7.03e-03	  0.00e+00	0.00000e+00
  7.03e-03	  5.21e-04	0.00000e+00
  7.03e-03	  1.04e-03	0.00000e+00
  7.03e-03	  1.56e-03	0.00000e+00
  7.03e-03	  2.08e-03	0.00000e+00
  7.03e-03	  2.60e-03	0.00000e+00
  7.03e-03	  3.12e-03	0.00000e+00
  7.03e-03	  3.65e-03	0.00000e+00
  7.03e-03	  4.17e-03	-3.27366e-294
  7.03e-03	  4.69e-03	-2.18240e-261
  7.03e-03	  5.21e-03	-1.45491e-228
  7.03e-03	  5.73e-03	-9.69924e-196
  7.03e-03	  6.25e-03	-6.46605e-163
  7.03e-03	  6.77e-03	-4.31063e-130
  7.03e-03	  7.29e-03	-2.87370e-97
  7.03e-03	  7.81e-03	-1.91577e-64
  7.03e-03	  8.33e-03	-1.27716e-31
  7.03e-03	  8.85e-03	-5.42847e+01
  7.03e-03	  9.37e-03	-2.84943e+01
  7.03e-03	  9.90e-03	-1.43877e+01
  7.03e-03	  1.04e-02	-4.13461e+00
  7.03e-03	  1.09e-02	-2.64959e-01
  7.03e-03	  1.15e-02	5.86815e-01
  7.03e-03	  1.20e-02	5.89418e-01
  7.03e-03	  1.25e-02	4.78551e-01
  7.03e-03	  1.30e-02	4.06524e-01
  7.03e-03	  1.35e-02	3.63751e-01
  7.03e-03	  1.41e-02	3.28774e-01
  7.03e-03	  1.46e-02	2.94851e-01
  7.03e-03	  1.51e-02	2.62604e-01
  7.03e-03	  1.56e-02	2.33471e-01
  7.03e-03	  1.61e-02	2.07933e-01
  7.03e-03	  1.67e-02	1.85742e-01
  7.03e-03	  1.72e-02	1.66379e-01
  7.03e-03	  1.77e-02	1.49314e-01
  7.03e-03	  1.82e-02	1.34090e-01
  7.03e-03	  1.88e-02	1.20343e-01
  7.03e-03	  1.93e-02	1.07784e-01
  7.03e-03	  1.98e-02	9.61806e-02
  7.03e-03	  2.03e-02	8.53489e-02
  7.03e-03	  2.08e-02	7.51366e-02
  7.03e-03	  2.14e-02	6.54169e-02
  7.03e-03	  2.19e-02	5.60819e-02
  7.03e-03	  2.24e-02	4.70374e-02
  7.03e-03	  2.29e-02	3.81995e-02
  7.03e-03	  2.34e-02	2.94914e-02
  7.03e-03	  2.40e-02	2.08408e-02
  7.03e-03	  2.45e-02	1.21781e-02
  7.03e-03	  2.50e-02	3.43348e-03
  7.03e-03	  2.55e-02	-5.46412e-03
  7.03e-03	  2.60e-02	-1.45898e-02
  7.03e-03	  2.66e-02	-2.40247e-02
  7.03e-03	  2.71e-02	-3.38586e-02
  7.03e-03	  2.76e-02	-4.41936e-02
  7.03e-03	  2.81e-02	-5.51472e-02
  7.03e-03	  2.86e-02	-6.68583e-02
  7.03e-03	  2.92e-02	-7.94929e-02
  7.03e-03	  2.97e-02	-9.32533e-02
  7.03e-03	  3.02e-02	-1.08390e-01
  7.03e-03	  3.07e-02	-1.25215e-01
  7.03e-03	  3.13e-02	-1.44122e-01
  7.03e-03	  3.18e-02	-1.65605e-01
  7.03e-03	  3.23e-02	-1.90248e-01
  7.03e-03	  3.28e-02	-2.18652e-01
  7.03e-03	  3.33e-02	-2.51171e-01
  7.03e-03	  3.39e-02	-2.87390e-01
  7.03e-03	  3.44e-02	-3.25723e-01
  7.03e-03	  3.49e-02	-3.65033e-01
  7.03e-03	  3.54e-02	-4.11558e-01
  7.03e-03	  3.59e-02	-4.87710e-01
  7.03e-03	  3.65e-02	-6.07938e-01
  7.03e-03	  3.70e-02	-6.30552e-01
  7.03e-03	  3.75e-02	1.70335e-01
  7.03e-03	  3.80e-02	3.99619e+00
  7.03e-03	  3.85e-02	1.43395e+01
  7.03e-03	  3.91e-02	2.86841e+01
  7.03e-03	  3.96e-02	5.46274e+01
  7.03e-03	  4.01e-02	1.16444e-31
  7.03e-03	  4.06e-02	1.92445e-64
  7.03e-03	  4.11e-02	2.88668e-97
  7.03e-03	  4.17e-02	4.33003e-130
  7.03e-03	  4.22e-02	6.49507e-163
  7.03e-03	  4.27e-02	9.74263e-196
  7.03e-03	  4.32e-02	1.46140e-228
  7.03e-03	  4.37e-02	2.19209e-261
  7.03e-03	  4.43e-02	3.28814e-294
  7.03e-03	  4.48e-02	0.00000e+00
  7.03e-03	  4.53e-02	0.00000e+00
  7.03e-03	  4.58e-02	0.00000e+00
  7.03e-03	  4.64e-02	0.00000e+00
  7.03e-03	  4.69e-02	0.00000e+00
  7.03e-03	  4.74e-02	0.00000e+00
  7.03e-03	  4.79e-02	0.00000e+00
  7.03e-03	  4.84e-02	0.00000e+00
  7.03e-03	  4.90e-02	0.00000e+00
  7.03e-03	  4.95e-02	0.00000e+00

  7.81e-03	  0.00e+00	0.00000e+00
  7.81e-03	  5.21e-04	0.00000e+00
  7.81e-03	  1.04e-03	0.00000e+00
  7.81e-03	  1.56e-03	0.00000e+00
  7.81e-03	  2.08e-03	0.00000e+00
  7.81e-03	  2.60e-03	0.00000e+00
  7.81e-03	  3.12e-03	0.00000e+00
  7.81e-03	  3.65e-03	0.00000e+00
  7.81e-03	  4.17e-03	-3.07911e-294
  7.81e-03	  4.69e-03	-2.05270e-261
  7.81e-03	  5.21e-03	-1.36844e-228
  7.81e-03	  5.73e-03	-9.12274e-196
  7.81e-03	  6.25e-03	-6.08171e-163
  7.81e-03	  6.77e-03	-4.05439e-130
  7.81e-03	  7.29e-03	-2.70287e-97
  7.81e-03	  7.81e-03	-1.80188e-64
  7.81e-03	  8.33e-03	-1.20123e-31
  7.81e-03	  8.85e-03	-5.15372e+01
  7.81e-03	  9.37e-03	-2.87008e+01
  7.81e-03	  9.90e-03	-1.58044e+01
  7.81e-03	  1.04e-02	-5.16013e+00
  7.81e-03	  1.09e-02	-6.51923e-01
  7.81e-03	  1.15e-02	5.01073e-01
  7.81e-03	  1.20e-02	5.87849e-01
  7.81e-03	  1.25e-02	4.85384e-01
  7.81e-03	  1.30e-02	4.08447e-01
  7.81e-03	  1.35e-02	3.63907e-01
  7.81e-03	  1.41e-02	3.30143e-01
  7.81e-03	  1.46e-02	2.97694e-01
  7.81e-03	  1.51e-02	2.66057e-01
  7.81e-03	  1.56e-02	2.36782e-01
  7.81e-03	  1.61e-02	2.10746e-01
  7.81e-03	  1.67e-02	1.87976e-01
  7.81e-03	  1.72e-02	1.68080e-01
  7.81e-03	  1.77e-02	1.50565e-01
  7.81e-03	  1.82e-02	1.34977e-01
  7.81e-03	  1.88e-02	1.20937e-01
  7.81e-03	  1.93e-02	1.08143e-01
  7.81e-03	  1.98e-02	9.63520e-02
  7.81e-03	  2.03e-02	8.53681e-02
  7.81e-03	  2.08e-02	7.50312e-02
  7.81e-03	  2.14e-02	6.52077e-02
  7.81e-03	  2.19e-02	5.57839e-02
  7.81e-03	  2.24e-02	4.66611e-02
  7.81e-03	  2.29e-02	3.77512e-02
  7.81e-03	  2.34e-02	2.89742e-02
  7.81e-03	  2.40e-02	2.02547e-02
  7.81e-03	  2.45e-02	1.15200e-02
  7.81e-03	  2.50e-02	2.69794e-03
  7.81e-03	  2.55e-02	-6.28539e-03
  7.81e-03	  2.60e-02	-1.55078e-02
  7.81e-03	  2.66e-02	-2.50533e-02
  7.81e-03	  2.71e-02	-3.50149e-02
  7.81e-03	  2.76e-02	-4.54982e-02
  7.81e-03	  2.81e-02	-5.66248e-02
  7.81e-03	  2.86e-02	-6.85381e-02
  7.81e-03	  2.92e-02	-8.14097e-02
  7.81e-03	  2.97e-02	-9.54483e-02
  7.81e-03	  3.02e-02	-1.10911e-01
  7.81e-03	  3.07e-02	-1.28120e-01
  7.81e-03	  3.13e-02	-1.47473e-01
  7.81e-03	  3.18e-02	-1.69455e-01
  7.81e-03	  3.23e-02	-1.94609e-01
  7.81e-03	  3.28e-02	-2.23397e-01
  7.81e-03	  3.33e-02	-2.55865e-01
  7.81e-03	  3.39e-02	-2.91134e-01
  7.81e-03	  3.44e-02	-3.27414e-01
  7.81e-03	  3.49e-02	-3.64696e-01
  7.81e-03	  3.54e-02	-4.12183e-01
  7.81e-03	  3.59e-02	-4.92958e-01
  7.81e-03	  3.65e-02	-6.05686e-01
  7.81e-03	  3.70e-02	-5.46420e-01
  7.81e-03	  3.75e-02	5.55071e-01
  7.81e-03	  3.80e-02	5.02880e+00
  7.81e-03	  3.85e-02	1.57755e+01
  7.81e-03	  3.91e-02	2.88936e+01
  7.81e-03	  3.96e-02	5.19093e+01
  7.81e-03	  4.01e-02	1.10204e-31
  7.81e-03	  4.06e-02	1.81239e-64
  7.81e-03	  4.11e-02	2.71859e-97
  7.81e-03	  4.17e-02	4.07789e-130
  7.81e-03	  4.22e-02	6.11684e-163
  7.81e-03	  4.27e-02	9.17526e-196
  7.81e-03	  4.32e-02	1.37629e-228
  7.81e-03	  4.37e-02	2.06443e-261
  7.81e-03	  4.43e-02	3.09663e-294
  7.81e-03	  4.48e-02	0.00000e+00
  7.81e-03	  4.53e-02	0.00000e+00
  7.81e-03	  4.58e-02	0.00000e+00
  7.81e-03	  4.64e-02	0.00000e+00
  7.81e-03	  4.69e-02	0.00000e+00
  7.81e-03	  4.74e-02	0.00000e+00
  7.81e-03	  4.79e-02	0.00000e+00
  7.81e-03	  4.84e-02	0.00000e+00
  7.81e-03	  4.90e-02	0.00000e+00
  7.81e-03	  4.95e-02	0.00000e+00

  8.59e-03	  0.00e+00	0.00000e+00
  8.59e-03	  5.21e-04	0.00000e+00
  8.59e-03	  1.04e-03	0.00000e+00
  8.59e-03	  1.56e-03	0.00000e+00
  8.59e-03	  2.08e-03	0.00000e+00
  8.59e-03	  2.60e-03	0.00000e+00
  8.59e-03	  3.12e-03	0.00000e+00
  8.59e-03	  3.65e-03	0.00000e+00
  8.59e-03	  4.17e-03	-2.90751e-294
  8.59e-03	  4.69e-03	-1.93829e-261
  8.59e-03	  5.21e-03	-1.29216e-228
  8.59e-03	  5.73e-03	-8.61422e-196
  8.59e-03	  6.25e-03	-5.74268e-163
  8.59e-03	  6.77e-03	-3.82837e-130
  8.59e-03	  7.29e-03	-2.55219e-97
  8.59e-03	  7.81e-03	-1.70142e-64
  8.59e-03	  8.33e-03	-1.13426e-31
  8.59e-03	  8.85e-03	-4.90857e+01
  8.59e-03	  9.37e-03	-2.86830e+01
  8.59e-03	  9.90e-03	-1.70248e+01
  8.59e-03	  1.04e-02	-6.18631e+00
  8.59e-03	  1.09e-02	-1.08771e+00
  8.59e-03	  1.15e-02	3.87975e-01
  8.59e-03	  1.20e-02	5.77609e-01
  8.59e-03	  1.25e-02	4.91080e-01
  8.59e-03	  1.30e-02	4.10643e-01
  8.59e-03	  1.35e-02	3.63748e-01
  8.59e-03	  1.41e-02	3.30708e-01
  8.59e-03	  1.46e-02	2.99805e-01
  8.59e-03	  1.51e-02	2.69104e-01
  8.59e-03	  1.56e-02	2.39984e-01
  8.59e-03	  1.61e-02	2.13635e-01
  8.59e-03	  1.67e-02	1.90383e-01
  8.59e-03	  1.72e-02	1.69996e-01
  8.59e-03	  1.77e-02	1.52045e-01
  8.59e-03	  1.82e-02	1.36089e-01
  8.59e-03	  1.88e-02	1.21747e-01
  8.59e-03	  1.93e-02	1.08704e-01
  8.59e-03	  1.98e-02	9.67073e-02
  8.59e-03	  2.03e-02	8.55531e-02
  8.59e-03	  2.08e-02	7.50732e-02
  8.59e-03	  2.14e-02	6.51277e-02
  8.59e-03	  2.19e-02	5.55977e-02
  8.59e-03	  2.24e-02	4.63801e-02
  8.59e-03	  2.29e-02	3.73831e-02
  8.59e-03	  2.34e-02	2.85232e-02
  8.59e-03	  2.40e-02	1.97221e-02
  8.59e-03	  2.45e-02	1.09046e-02
  8.59e-03	  2.50e-02	1.99567e-03
  8.59e-03	  2.55e-02	-7.08098e-03
  8.59e-03	  2.60e-02	-1.64057e-02
  8.59e-03	  2.66e-02	-2.60651e-02
  8.59e-03	  2.71e-02	-3.61552e-02
  8.59e-03	  2.76e-02	-4.67843e-02
  8.59e-03	  2.81e-02	-5.80777e-02
  8.59e-03	  2.86e-02	-7.01826e-02
  8.59e-03	  2.92e-02	-8.32752e-02
  8.59e-03	  2.97e-02	-9.75696e-02
  8.59e-03	  3.02e-02	-1.13329e-01
  8.59e-03	  3.07e-02	-1.30880e-01
  8.59e-03	  3.13e-02	-1.50621e-01
  8.59e-03	  3.18e-02	-1.73019e-01
  8.59e-03	  3.23e-02	-1.98548e-01
  8.59e-03	  3.28e-02	-2.27497e-01
  8.59e-03	  3.33e-02	-2.59585e-01
  8.59e-03	  3.39e-02	-2.93556e-01
  8.59e-03	  3.44e-02	-3.27732e-01
  8.59e-03	  3.49e-02	-3.63584e-01
  8.59e-03	  3.54e-02	-4.12836e-01
  8.59e-03	  3.59e-02	-4.97121e-01
  8.59e-03	  3.65e-02	-5.95249e-01
  8.59e-03	  3.70e-02	-4.36001e-01
  8.59e-03	  3.75e-02	9.86911e-01
  8.59e-03	  3.80e-02	6.05899e+00
  8.59e-03	  3.85e-02	1.70102e+01
  8.59e-03	  3.91e-02	2.88793e+01
  8.59e-03	  3.96e-02	4.94939e+01
  8.59e-03	  4.01e-02	1.04632e-31
  8.59e-03	  4.06e-02	1.71391e-64
  8.59e-03	  4.11e-02	2.57087e-97
  8.59e-03	  4.17e-02	3.85630e-130
  8.59e-03	  4.22e-02	5.78445e-163
  8.59e-03	  4.27e-02	8.67666e-196
  8.59e-03	  4.32e-02	1.30149e-228
  8.59e-03	  4.37e-02	1.95223e-261
  8.59e-03	  4.43e-02	2.92833e-294
  8.59e-03	  4.48e-02	0.00000e+00
  8.59e-03	  4.53e-02	0.00000e+00
  8.59e-03	  4.58e-02	0.00000e+00
  8.59e-03	  4.64e-02	0.00000e+00
  8.59e-03	  4.69e-02	0.00000e+00
  8.59e-03	  4.74e-02	0.00000e+00
  8.59e-03	  4.79e-02	0.00000e+00
  8.59e-03	  4.84e-02	0.00000e+00
  8.59e-03	  4.90e-02	0.00000e+00
  8.59e-03	  4.95e-02	0.00000e+00

  9.37e-03	  0.00e+00	0.00000e+00
  9.37e-03	  5.21e-04	0.00000e+00
  9.37e-03	  1.04e-03	0.00000e+00
  9.37e-03	  1.56e-03	0.00000e+00
  9.37e-03	  2.08e-03	0.00000e+00
  9.37e-03	  2.60e-03	0.00000e+00
  9.37e-03	  3.12e-03	0.00000e+00
  9.37e-03	  3.65e-03	0.00000e+00
  9.37e-03	  4.17e-03	-2.75547e-294
  9.37e-03	  4.69e-03	-1.83692e-261
  9.37e-03	  5.21e-03	-1.22458e-228
  9.37e-03	  5.73e-03	-8.16364e-196
  9.37e-03	  6.25e-03	-5.44228e-163
  9.37e-03	  6.77e-03	-3.62808e-130
  9.37e-03	  7.29e-03	-2.41866e-97
  9.37e-03	  7.81e-03	-1.61240e-64
  9.37e-03	  8.33e-03	-1.07491e-31
  9.37e-03	  8.85e-03	-4.68901e+01
  9.37e-03	  9.37e-03	-2.85039e+01
  9.37e-03	  9.90e-03	-1.80569e+01
  9.37e-03	  1.04e-02	-7.19353e+00
  9.37e-03	  1.09e-02	-1.56489e+00
  9.37e-03	  1.15e-02	2.47388e-01
  9.37e-03	  1.20e-02	5.57446e-01
  9.37e-03	  1.25e-02	4.94941e-01
  9.37e-03	  1.30e-02	4.13005e-01
  9.37e-03	  1.35e-02	3.63474e-01
  9.37e-03	  1.41e-02	3.30629e-01
  9.37e-03	  1.46e-02	3.01177e-01
  9.37e-03	  1.51e-02	2.71630e-01
  9.37e-03	  1.56e-02	2.42934e-01
  9.37e-03	  1.61e-02	2.16469e-01
  9.37e-03	  1.67e-02	1.92847e-01
  9.37e-03	  1.72e-02	1.72027e-01
  9.37e-03	  1.77e-02	1.53667e-01
  9.37e-03	  1.82e-02	1.37355e-01
  9.37e-03	  1.88e-02	1.22710e-01
  9.37e-03	  1.93e-02	1.09414e-01
  9.37e-03	  1.98e-02	9.72044e-02
  9.37e-03	  2.03e-02	8.58701e-02
  9.37e-03	  2.08e-02	7.52362e-02
  9.37e-03	  2.14e-02	6.51574e-02
  9.37e-03	  2.19e-02	5.55098e-02
  9.37e-03	  2.24e-02	4.61862e-02
  9.37e-03	  2.29e-02	3.70916e-02
  9.37e-03	  2.34e-02	2.81392e-02
  9.37e-03	  2.40e-02	1.92481e-02
  9.37e-03	  2.45e-02	1.03403e-02
  9.37e-03	  2.50e-02	1.33861e-03
  9.37e-03	  2.55e-02	-7.83562e-03
  9.37e-03	  2.60e-02	-1.72650e-02
  9.37e-03	  2.66e-02	-2.70386e-02
  9.37e-03	  2.71e-02	-3.72546e-02
  9.37e-03	  2.76e-02	-4.80243e-02
  9.37e-03	  2.81e-02	-5.94758e-02
  9.37e-03	  2.86e-02	-7.17596e-02
  9.37e-03	  2.92e-02	-8.50560e-02
  9.37e-03	  2.97e-02	-9.95835e-02
  9.37e-03	  3.02e-02	-1.15610e-01
  9.37e-03	  3.07e-02	-1.33464e-01
  9.37e-03	  3.13e-02	-1.53540e-01
  9.37e-03	  3.18e-02	-1.76273e-01
  9.37e-03	  3.23e-02	-2.02045e-01
  9.37e-03	  3.28e-02	-2.30946e-01
  9.37e-03	  3.33e-02	-2.62375e-01
  9.37e-03	  3.39e-02	-2.94832e-01
  9.37e-03	  3.44e-02	-3.27043e-01
  9.37e-03	  3.49e-02	-3.62113e-01
  9.37e-03	  3.54e-02	-4.13601e-01
  9.37e-03	  3.59e-02	-4.99676e-01
  9.37e-03	  3.65e-02	-5.75589e-01
  9.37e-03	  3.70e-02	-2.99465e-01
  9.37e-03	  3.75e-02	1.45807e+00
  9.37e-03	  3.80e-02	7.06718e+00
  9.37e-03	  3.85e-02	1.80530e+01
  9.37e-03	  3.91e-02	2.87055e+01
  9.37e-03	  3.96e-02	4.73414e+01
  9.37e-03	  4.01e-02	9.96459e-32
  9.37e-03	  4.06e-02	1.62703e-64
  9.37e-03	  4.11e-02	2.44055e-97
  9.37e-03	  4.17e-02	3.66081e-130
  9.37e-03	  4.22e-02	5.49120e-163
  9.37e-03	  4.27e-02	8.23675e-196
  9.37e-03	  4.32e-02	1.23551e-228
  9.37e-03	  4.37e-02	1.85324e-261
  9.37e-03	  4.43e-02	2.77984e-294
  9.37e-03	  4.48e-02	0.00000e+00
  9.37e-03	  4.53e-02	0.00000e+00
  9.37e-03	  4.58e-02	0.00000e+00
  9.37e-03	  4.64e-02	0.00000e+00
  9.37e-03	  4.69e-02	0.00000e+00
  9.37e-03	  4.74e-02	0.00000e+00
  9.37e-03	  4.79e-02	0.00000e+00
  9.37e-03	  4.84e-02	0.00000e+00
  9.37e-03	  4.90e-02	0.00000e+00
  9.37e-03	  4.95e-02	0.00000e+00

  1.02e-02	  0.00e+00	0.00000e+00
  1.02e-02	  5.21e-04	0.00000e+00
  1.02e-02	  1.04e-03	0.00000e+00
  1.02e-02	  1.56e-03	0.00000e+00
  1.02e-02	  2.08e-03	0.00000e+00
  1.02e-02	  2.60e-03	0.00000e+00
  1.02e-02	  3.12e-03	0.00000e+00
  1.02e-02	  3.65e-03	0.00000e+00
  1.02e-02	  4.17e-03	-2.62006e-294
  1.02e-02	  4.69e-03	-1.74664e-261
  1.02e-02	  5.21e-03	-1.16439e-228
  1.02e-02	  5.73e-03	-7.76233e-196
  1.02e-02	  6.25e-03	-5.17471e-163
  1.02e-02	  6.77e-03	-3.44970e-130
  1.02e-02	  7.29e-03	-2.29973e-97
  1.02e-02	  7.81e-03	-1.53311e-64
  1.02e-02	  8.33e-03	-1.02204e-31
  1.02e-02	  8.85e-03	-4.49151e+01
  1.02e-02	  9.37e-03	-2.82127e+01
  1.02e-02	  9.90e-03	-1.89140e+01
  1.02e-02	  1.04e-02	-8.16613e+00
  1.02e-02	  1.09e-02	-2.07567e+00
  1.02e-02	  1.15e-02	7.97973e-02
  1.02e-02	  1.20e-02	5.26341e-01
  1.02e-02	  1.25e-02	4.96292e-01
  1.02e-02	  1.30e-02	4.15352e-01
  1.02e-02	  1.35e-02	3.63223e-01
  1.02e-02	  1.41e-02	3.30086e-01
  1.02e-02	  1.46e-02	3.01873e-01
  1.02e-02	  1.51e-02	2.73593e-01
  1.02e-02	  1.56e-02	2.45543e-01
  1.02e-02	  1.61e-02	2.19151e-01
  1.02e-02	  1.67e-02	1.95283e-01
  1.02e-02	  1.72e-02	1.74100e-01
  1.02e-02	  1.77e-02	1.55366e-01
  1.02e-02	  1.82e-02	1.38715e-01
  1.02e-02	  1.88e-02	1.23777e-01
  1.02e-02	  1.93e-02	1.10230e-01
  1.02e-02	  1.98e-02	9.78073e-02
  1.02e-02	  2.03e-02	8.62896e-02
  1.02e-02	  2.08e-02	7.54969e-02
  1.02e-02	  2.14e-02	6.52787e-02
  1.02e-02	  2.19e-02	5.55069e-02
  1.02e-02	  2.24e-02	4.60709e-02
  1.02e-02	  2.29e-02	3.68722e-02
  1.02e-02	  2.34e-02	2.78213e-02
  1.02e-02	  2.40e-02	1.88349e-02
  1.02e-02	  2.45e-02	9.83262e-03
  1.02e-02	  2.50e-02	7.35173e-04
  1.02e-02	  2.55e-02	-8.53823e-03
  1.02e-02	  2.60e-02	-1.80722e-02
  1.02e-02	  2.66e-02	-2.79579e-02
  1.02e-02	  2.71e-02	-3.82957e-02
  1.02e-02	  2.76e-02	-4.91991e-02
  1.02e-02	  2.81e-02	-6.07988e-02
  1.02e-02	  2.86e-02	-7.32486e-02
  1.02e-02	  2.92e-02	-8.67320e-02
  1.02e-02	  2.97e-02	-1.01471e-01
  1.02e-02	  3.02e-02	-1.17738e-01
  1.02e-02	  3.07e-02	-1.35861e-01
  1.02e-02	  3.13e-02	-1.56221e-01
  1.02e-02	  3.18e-02	-1.79211e-01
  1.02e-02	  3.23e-02	-2.05099e-01
  1.02e-02	  3.28e-02	-2.33760e-01
  1.02e-02	  3.33e-02	-2.64310e-01
  1.02e-02	  3.39e-02	-2.95159e-01
  1.02e-02	  3.44e-02	-3.25672e-01
  1.02e-02	  3.49e-02	-3.60558e-01
  1.02e-02	  3.54e-02	-4.14418e-01
  1.02e-02	  3.59e-02	-5.00074e-01
  1.02e-02	  3.65e-02	-5.45867e-01
  1.02e-02	  3.70e-02	-1.37569e-01
  1.02e-02	  3.75e-02	1.96049e+00
  1.02e-02	  3.80e-02	8.03791e+00
  1.02e-02	  3.85e-02	1.89184e+01
  1.02e-02	  3.91e-02	2.84221e+01
  1.02e-02	  3.96e-02	4.54164e+01
  1.02e-02	  4.01e-02	9.51712e-32
  1.02e-02	  4.06e-02	1.55005e-64
  1.02e-02	  4.11e-02	2.32506e-97
  1.02e-02	  4.17e-02	3.48757e-130
  1.02e-02	  4.22e-02	5.23132e-163
  1.02e-02	  4.27e-02	7.84691e-196
  1.02e-02	  4.32e-02	1.17703e-228
  1.02e-02	  4.37e-02	1.76552e-261
  1.02e-02	  4.43e-02	2.64824e-294
  1.02e-02	  4.48e-02	0.00000e+00
  1.02e-02	  4.53e-02	0.00000e+00
  1.02e-02	  4.58e-02	0.00000e+00
  1.02e-02	  4.64e-02	0.00000e+00
  1.02e-02	  4.69e-02	0.00000e+00
  1.02e-02	  4.74e-02	0.00000e+00
  1.02e-02	  4.79e-02	0.00000e+00
  1.02e-02	  4.84e-02	0.00000e+00
  1.02e-02	  4.90e-02	0.00000e+00
  1.02e-02	  4.95e-02	0.00000e+00

  1.09e-02	  0.00e+00	0.00000e+00
  1.09e-02	  5.21e-04	0.00000e+00
  1.09e-02	  1.04e-03	0.00000e+00
  1.09e-02	  1.56e-03	0.00000e+00
  1.09e-02	  2.08e-03	0.00000e+00
  1.09e-02	  2.60e-03	0.00000e+00
  1.09e-02	  3.12e-03	0.00000e+00
  1.09e-02	  3.65e-03	0.00000e+00
  1.09e-02	  4.17e-03	-2.49881e-294
  1.09e-02	  4.69e-03	-1.66580e-261
  1.09e-02	  5.21e-03	-1.11049e-228
  1.09e-02	  5.73e-03	-7.40296e-196
  1.09e-02	  6.25e-03	-4.93511e-163
  1.09e-02	  6.77e-03	-3.28995e-130
  1.09e-02	  7.29e-03	-2.19322e-97
  1.09e-02	  7.81e-03	-1.46209e-64
  1.09e-02	  8.33e-03	-9.74697e-32
  1.09e-02	  8.85e-03	-4.31301e+01
  1.09e-02	  9.37e-03	-2.78470e+01
  1.09e-02	  9.90e-03	-1.96122e+01
  1.09e-02	  1.04e-02	-9.09218e+00
  1.09e-02	  1.09e-02	-2.61221e+00
  1.09e-02	  1.15e-02	-1.13785e-01
  1.09e-02	  1.20e-02	4.83496e-01
  1.09e-02	  1.25e-02	4.94496e-01
  1.09e-02	  1.30e-02	4.17456e-01
  1.09e-02	  1.35e-02	3.63067e-01
  1.09e-02	  1.41e-02	3.29247e-01
  1.09e-02	  1.46e-02	3.01996e-01
  1.09e-02	  1.51e-02	2.74998e-01
  1.09e-02	  1.56e-02	2.47764e-01
  1.09e-02	  1.61e-02	2.21622e-01
  1.09e-02	  1.67e-02	1.97632e-01
  1.09e-02	  1.72e-02	1.76160e-01
  1.09e-02	  1.77e-02	1.57095e-01
  1.09e-02	  1.82e-02	1.40129e-01
  1.09e-02	  1.88e-02	1.24910e-01
  1.09e-02	  1.93e-02	1.11120e-01
  1.09e-02	  1.98e-02	9.84874e-02
  1.09e-02	  2.03e-02	8.67875e-02
  1.09e-02	  2.08e-02	7.58353e-02
  1.09e-02	  2.14e-02	6.54757e-02
  1.09e-02	  2.19e-02	5.55772e-02
  1.09e-02	  2.24e-02	4.60256e-02
  1.09e-02	  2.29e-02	3.67196e-02
  1.09e-02	  2.34e-02	2.75674e-02
  1.09e-02	  2.40e-02	1.84832e-02
  1.09e-02	  2.45e-02	9.38471e-03
  1.09e-02	  2.50e-02	1.90685e-04
  1.09e-02	  2.55e-02	-9.18150e-03
  1.09e-02	  2.60e-02	-1.88183e-02
  1.09e-02	  2.66e-02	-2.88126e-02
  1.09e-02	  2.71e-02	-3.92668e-02
  1.09e-02	  2.76e-02	-5.02964e-02
  1.09e-02	  2.81e-02	-6.20347e-02
  1.09e-02	  2.86e-02	-7.46380e-02
  1.09e-02	  2.92e-02	-8.82931e-02
  1.09e-02	  2.97e-02	-1.03226e-01
  1.09e-02	  3.02e-02	-1.19709e-01
  1.09e-02	  3.07e-02	-1.38069e-01
  1.09e-02	  3.13e-02	-1.58667e-01
  1.09e-02	  3.18e-02	-1.81837e-01
  1.09e-02	  3.23e-02	-2.07720e-01
  1.09e-02	  3.28e-02	-2.35972e-01
  1.09e-02	  3.33e-02	-2.65485e-01
  1.09e-02	  3.39e-02	-2.94735e-01
  1.09e-02	  3.44e-02	-3.23883e-01
  1.09e-02	  3.49e-02	-3.59082e-01
  1.09e-02	  3.54e-02	-4.15138e-01
  1.09e-02	  3.59e-02	-4.97776e-01
  1.09e-02	  3.65e-02	-5.05460e-01
  1.09e-02	  3.70e-02	4.84280e-02
  1.09e-02	  3.75e-02	2.48614e+00
  1.09e-02	  3.80e-02	8.95955e+00
  1.09e-02	  3.85e-02	1.96235e+01
  1.09e-02	  3.91e-02	2.80672e+01
  1.09e-02	  3.96e-02	4.36880e+01
  1.09e-02	  4.01e-02	9.11431e-32
  1.09e-02	  4.06e-02	1.48150e-64
  1.09e-02	  4.11e-02	2.22224e-97
  1.09e-02	  4.17e-02	3.33333e-130
  1.09e-02	  4.22e-02	4.99994e-163
  1.09e-02	  4.27e-02	7.49982e-196
  1.09e-02	  4.32e-02	1.12496e-228
  1.09e-02	  4.37e-02	1.68741e-261
  1.09e-02	  4.43e-02	2.53107e-294
  1.09e-02	  4.48e-02	0.00000e+00
  1.09e-02	  4.53e-02	0.00000e+00
  1.09e-02	  4.58e-02	0.00000e+00
  1.09e-02	  4.64e-02	0.00000e+00
  1.09e-02	  4.69e-02	0.00000e+00
  1.09e-02	  4.74e-02	0.00000e+00
  1.09e-02	  4.79e-02	0.00000e+00
  1.09e-02	  4.84e-02	0.00000e+00
  1.09e-02	  4.90e-02	0.00000e+00
  1.09e-02	  4.95e-02	0.00000e+00

  1.17e-02	  0.00e+00	0.00000e+00
  1.17e-02	  5.21e-04	0.00000e+00
  1.17e-02	  1.04e-03	0.00000e+00
  1.17e-02	  1.56e-03	0.00000e+00
  1.17e-02	  2.08e-03	0.00000e+00
  1.17e-02	  2.60e-03	0.00000e+00
  1.17e-02	  3.12e-03	0.00000e+00
  1.17e-02	  3.65e-03	0.00000e+00
  1.17e-02	  4.17e-03	-2.38965e-294
  1.17e-02	  4.69e-03	-1.59302e-261
  1.17e-02	  5.21e-03	-1.06196e-228
  1.17e-02	  5.73e-03	-7.07939e-196
  1.17e-02	  6.25e-03	-4.71938e-163
  1.17e-02	  6.77e-03	-3.14611e-130
  1.17e-02	  7.29e-03	-2.09732e-97
  1.17e-02	  7.81e-03	-1.39815e-64
  1.17e-02	  8.33e-03	-9.32066e-32
  1.17e-02	  8.85e-03	-4.15089e+01
  1.17e-02	  9.37e-03	-2.74345e+01
  1.17e-02	  9.90e-03	-2.01690e+01
  1.17e-02	  1.04e-02	-9.96310e+00
  1.17e-02	  1.09e-02	-3.16690e+00
  1.17e-02	  1.15e-02	-3.31920e-01
  1.17e-02	  1.20e-02	4.28330e-01
  1.17e-02	  1.25e-02	4.88958e-01
  1.17e-02	  1.30e-02	4.19062e-01
  1.17e-02	  1.35e-02	3.63021e-01
  1.17e-02	  1.41e-02	3.28250e-01
  1.17e-02	  1.46e-02	3.01664e-01
  1.17e-02	  1.51e-02	2.75888e-01
  1.17e-02	  1.56e-02	2.49582e-01
  1.17e-02	  1.61e-02	2.23844e-01
  1.17e-02	  1.67e-02	1.99854e-01
  1.17e-02	  1.72e-02	1.78170e-01
  1.17e-02	  1.77e-02	1.58821e-01
  1.17e-02	  1.82e-02	1.41566e-01
  1.17e-02	  1.88e-02	1.26083e-01
  1.17e-02	  1.93e-02	1.12059e-01
  1.17e-02	  1.98e-02	9.92229e-02
  1.17e-02	  2.03e-02	8.73448e-02
  1.17e-02	  2.08e-02	7.62354e-02
  1.17e-02	  2.14e-02	6.57356e-02
  1.17e-02	  2.19e-02	5.57104e-02
  1.17e-02	  2.24e-02	4.60428e-02
  1.17e-02	  2.29e-02	3.66289e-02
  1.17e-02	  2.34e-02	2.73747e-02
  1.17e-02	  2.40e-02	1.81923e-02
  1.17e-02	  2.45e-02	8.99770e-03
  1.17e-02	  2.50e-02	-2.92072e-04
  1.17e-02	  2.55e-02	-9.76129e-03
  1.17e-02	  2.60e-02	-1.94980e-02
  1.17e-02	  2.66e-02	-2.95967e-02
  1.17e-02	  2.71e-02	-4.01617e-02
  1.17e-02	  2.76e-02	-5.13103e-02
  1.17e-02	  2.81e-02	-6.31779e-02
  1.17e-02	  2.86e-02	-7.59236e-02
  1.17e-02	  2.92e-02	-8.97371e-02
  1.17e-02	  2.97e-02	-1.04847e-01
  1.17e-02	  3.02e-02	-1.21527e-01
  1.17e-02	  3.07e-02	-1.40096e-01
  1.17e-02	  3.13e-02	-1.60887e-01
  1.17e-02	  3.18e-02	-1.84164e-01
  1.17e-02	  3.23e-02	-2.09928e-01
  1.17e-02	  3.28e-02	-2.37628e-01
  1.17e-02	  3.33e-02	-2.66005e-01
  1.17e-02	  3.39e-02	-2.93744e-01
  1.17e-02	  3.44e-02	-3.21882e-01
  1.17e-02	  3.49e-02	-3.57754e-01
  1.17e-02	  3.54e-02	-4.15560e-01
  1.17e-02	  3.59e-02	-4.92279e-01
  1.17e-02	  3.65e-02	-4.53957e-01
  1.17e-02	  3.70e-02	2.56856e-01
  1.17e-02	  3.75e-02	3.02734e+00
  1.17e-02	  3.80e-02	9.82390e+00
  1.17e-02	  3.85e-02	2.01868e+01
  1.17e-02	  3.91e-02	2.76688e+01
  1.17e-02	  3.96e-02	4.21301e+01
  1.17e-02	  4.01e-02	8.75056e-32
  1.17e-02	  4.06e-02	1.42020e-64
  1.17e-02	  4.11e-02	2.13027e-97
  1.17e-02	  4.17e-02	3.19537e-130
  1.17e-02	  4.22e-02	4.79299e-163
  1.17e-02	  4.27e-02	7.18937e-196
  1.17e-02	  4.32e-02	1.07839e-228
  1.17e-02	  4.37e-02	1.61755e-261
  1.17e-02	  4.43e-02	2.42627e-294
  1.17e-02	  4.48e-02	0.00000e+00
  1.17e-02	  4.53e-02	0.00000e+00
  1.17e-02	  4.58e-02	0.00000e+00
  1.17e-02	  4.64e-02	0.00000e+00
  1.17e-02	  4.69e-02	0.00000e+00
  1.17e-02	  4.74e-02	0.00000e+00
  1.17e-02	  4.79e-02	0.00000e+00
  1.17e-02	  4.84e-02	0.00000e+00
  1.17e-02	  4.90e-02	0.00000e+00
  1.17e-02	  4.95e-02	0.00000e+00

  1.25e-02	  0.00e+00	0.00000e+00
  1.25e-02	  5.21e-04	0.00000e+00
  1.25e-02	  1.04e-03	0.00000e+00
  1.25e-02	  1.56e-03	0.00000e+00
  1.25e-02	  2.08e-03	0.00000e+00
  1.25e-02	  2.60e-03	0.00000e+00
  1.25e-02	  3.12e-03	0.00000e+00
  1.25e-02	  3.65e-03	0.00000e+00
  1.25e-02	  4.17e-03	-2.29086e-294
  1.25e-02	  4.69e-03	-1.52714e-261
  1.25e-02	  5.21e-03	-1.01804e-228
  1.25e-02	  5.73e-03	-6.78653e-196
  1.25e-02	  6.25e-03	-4.52411e-163
  1.25e-02	  6.77e-03	-3.01591e-130
  1.25e-02	  7.29e-03	-2.01051e-97
  1.25e-02	  7.81e-03	-1.34027e-64
  1.25e-02	  8.33e-03	-8.93475e-32
  1.25e-02	  8.85e-03	-4.00295e+01
  1.25e-02	  9.37e-03	-2.69954e+01
  1.25e-02	  9.90e-03	-2.06021e+01
  1.25e-02	  1.04e-02	-1.07732e+01
  1.25e-02	  1.09e-02	-3.73261e+00
  1.25e-02	  1.15e-02	-5.72831e-01
  1.25e-02	  1.20e-02	3.60458e-01
  1.25e-02	  1.25e-02	4.79131e-01
  1.25e-02	  1.30e-02	4.19905e-01
  1.25e-02	  1.35e-02	3.63054e-01
  1.25e-02	  1.41e-02	3.27200e-01
  1.25e-02	  1.46e-02	3.00994e-01
  1.25e-02	  1.51e-02	2.76324e-01
  1.25e-02	  1.56e-02	2.51007e-01
  1.25e-02	  1.61e-02	2.25798e-01
  1.25e-02	  1.67e-02	2.01923e-01
  1.25e-02	  1.72e-02	1.80108e-01
  1.25e-02	  1.77e-02	1.60521e-01
  1.25e-02	  1.82e-02	1.43006e-01
  1.25e-02	  1.88e-02	1.27276e-01
  1.25e-02	  1.93e-02	1.13031e-01
  1.25e-02	  1.98e-02	9.99985e-02
  1.25e-02	  2.03e-02	8.79479e-02
  1.25e-02	  2.08e-02	7.66853e-02
  1.25e-02	  2.14e-02	6.60482e-02
  1.25e-02	  2.19e-02	5.58985e-02
  1.25e-02	  2.24e-02	4.61162e-02
  1.25e-02	  2.29e-02	3.65955e-02
  1.25e-02	  2.34e-02	2.72402e-02
  1.25e-02	  2.40e-02	1.79607e-02
  1.25e-02	  2.45e-02	8.67137e-03
  1.25e-02	  2.50e-02	-7.12293e-04
  1.25e-02	  2.55e-02	-1.02760e-02
  1.25e-02	  2.60e-02	-2.01092e-02
  1.25e-02	  2.66e-02	-3.03080e-02
  1.25e-02	  2.71e-02	-4.09781e-02
  1.25e-02	  2.76e-02	-5.22389e-02
  1.25e-02	  2.81e-02	-6.42279e-02
  1.25e-02	  2.86e-02	-7.71065e-02
  1.25e-02	  2.92e-02	-9.10672e-02
  1.25e-02	  2.97e-02	-1.06341e-01
  1.25e-02	  3.02e-02	-1.23199e-01
  1.25e-02	  3.07e-02	-1.41950e-01
  1.25e-02	  3.13e-02	-1.62892e-01
  1.25e-02	  3.18e-02	-1.86205e-01
  1.25e-02	  3.23e-02	-2.11746e-01
  1.25e-02	  3.28e-02	-2.38779e-01
  1.25e-02	  3.33e-02	-2.65976e-01
  1.25e-02	  3.39e-02	-2.92348e-01
  1.25e-02	  3.44e-02	-3.19814e-01
  1.25e-02	  3.49e-02	-3.56581e-01
  1.25e-02	  3.54e-02	-4.15460e-01
  1.25e-02	  3.59e-02	-4.83130e-01
  1.25e-02	  3.65e-02	-3.91151e-01
  1.25e-02	  3.70e-02	4.85727e-01
  1.25e-02	  3.75e-02	3.57692e+00
  1.25e-02	  3.80e-02	1.06257e+01
  1.25e-02	  3.85e-02	2.06264e+01
  1.25e-02	  3.91e-02	2.72471e+01
  1.25e-02	  3.96e-02	4.07207e+01
  1.25e-02	  4.01e-02	8.42106e-32
  1.25e-02	  4.06e-02	1.36513e-64
  1.25e-02	  4.11e-02	2.04766e-97
  1.25e-02	  4.17e-02	3.07144e-130
  1.25e-02	  4.22e-02	4.60708e-163
  1.25e-02	  4.27e-02	6.91048e-196
  1.25e-02	  4.32e-02	1.03655e-228
  1.25e-02	  4.37e-02	1.55478e-261
  1.25e-02	  4.43e-02	2.33211e-294
  1.25e-02	  4.48e-02	0.00000e+00
  1.25e-02	  4.53e-02	0.00000e+00
  1.25e-02	  4.58e-02	0.00000e+00
  1.25e-02	  4.64e-02	0.00000e+00
  1.25e-02	  4.69e-02	0.00000e+00
  1.25e-02	  4.74e-02	0.00000e+00
  1.25e-02	  4.79e-02	0.00000e+00
  1.25e-02	  4.84e-02	0.00000e+00
  1.25e-02	  4.90e-02	0.00000e+00
  1.25e-02	  4.95e-02	0.00000e+00

  1.33e-02	  0.00e+00	0.00000e+00
  1.33e-02	  5.21e-04	0.00000e+00
  1.33e-02	  1.04e-03	0.00000e+00
  1.33e-02	  1.56e-03	0.00000e+00
  1.33e-02	  2.08e-03	0.00000e+00
  1.33e-02	  2.60e-03	0.00000e+00
  1.33e-02	  3.12e-03	0.00000e+00
  1.33e-02	  3.65e-03	0.00000e+00
  1.33e-02	  4.17e-03	-2.20099e-294
  1.33e-02	  4.69e-03	-1.46722e-261
  1.33e-02	  5.21e-03	-9.78082e-229
  1.33e-02	  5.73e-03	-6.52011e-196
  1.33e-02	  6.25e-03	-4.34646e-163
  1.33e-02	  6.77e-03	-2.89746e-130
  1.33e-02	  7.29e-03	-1.93153e-97
  1.33e-02	  7.81e-03	-1.28761e-64
  1.33e-02	  8.33e-03	-8.58365e-32
  1.33e-02	  8.85e-03	-3.86733e+01
  1.33e-02	  9.37e-03	-2.65438e+01
  1.33e-02	  9.90e-03	-2.09282e+01
  1.33e-02	  1.04e-02	-1.15194e+01
  1.33e-02	  1.09e-02	-4.30280e+00
  1.33e-02	  1.15e-02	-8.34496e-01
  1.33e-02	  1.20e-02	2.79679e-01
  1.33e-02	  1.25e-02	4.64523e-01
  1.33e-02	  1.30e-02	4.19710e-01
  1.33e-02	  1.35e-02	3.63104e-01
  1.33e-02	  1.41e-02	3.26167e-01
  1.33e-02	  1.46e-02	3.00090e-01
  1.33e-02	  1.51e-02	2.76379e-01
  1.33e-02	  1.56e-02	2.52063e-01
  1.33e-02	  1.61e-02	2.27481e-01
  1.33e-02	  1.67e-02	2.03826e-01
  1.33e-02	  1.72e-02	1.81957e-01
  1.33e-02	  1.77e-02	1.62183e-01
  1.33e-02	  1.82e-02	1.44437e-01
  1.33e-02	  1.88e-02	1.28479e-01
  1.33e-02	  1.93e-02	1.14024e-01
  1.33e-02	  1.98e-02	1.00804e-01
  1.33e-02	  2.03e-02	8.85876e-02
  1.33e-02	  2.08e-02	7.71770e-02
  1.33e-02	  2.14e-02	6.64066e-02
  1.33e-02	  2.19e-02	5.61353e-02
  1.33e-02	  2.24e-02	4.62410e-02
  1.33e-02	  2.29e-02	3.66156e-02
  1.33e-02	  2.34e-02	2.71612e-02
  1.33e-02	  2.40e-02	1.77865e-02
  1.33e-02	  2.45e-02	8.40452e-03
  1.33e-02	  2.50e-02	-1.07063e-03
  1.33e-02	  2.55e-02	-1.07259e-02
  1.33e-02	  2.60e-02	-2.06522e-02
  1.33e-02	  2.66e-02	-3.09469e-02
  1.33e-02	  2.71e-02	-4.17172e-02
  1.33e-02	  2.76e-02	-5.30843e-02
  1.33e-02	  2.81e-02	-6.51878e-02
  1.33e-02	  2.86e-02	-7.81915e-02
  1.33e-02	  2.92e-02	-9.22903e-02
  1.33e-02	  2.97e-02	-1.07716e-01
  1.33e-02	  3.02e-02	-1.24737e-01
  1.33e-02	  3.07e-02	-1.43645e-01
  1.33e-02	  3.13e-02	-1.64695e-01
  1.33e-02	  3.18e-02	-1.87977e-01
  1.33e-02	  3.23e-02	-2.13201e-01
  1.33e-02	  3.28e-02	-2.39482e-01
  1.33e-02	  3.33e-02	-2.65502e-01
  1.33e-02	  3.39e-02	-2.90683e-01
  1.33e-02	  3.44e-02	-3.17777e-01
  1.33e-02	  3.49e-02	-3.55524e-01
  1.33e-02	  3.54e-02	-4.14608e-01
  1.33e-02	  3.59e-02	-4.69936e-01
  1.33e-02	  3.65e-02	-3.17026e-01
  1.33e-02	  3.70e-02	7.32825e-01
  1.33e-02	  3.75e-02	4.12836e+00
  1.33e-02	  3.80e-02	1.13623e+01
  1.33e-02	  3.85e-02	2.09601e+01
  1.33e-02	  3.91e-02	2.68167e+01
  1.33e-02	  3.96e-02	3.94411e+01
  1.33e-02	  4.01e-02	8.12170e-32
  1.33e-02	  4.06e-02	1.31547e-64
  1.33e-02	  4.11e-02	1.97316e-97
  1.33e-02	  4.17e-02	2.95967e-130
  1.33e-02	  4.22e-02	4.43941e-163
  1.33e-02	  4.27e-02	6.65895e-196
  1.33e-02	  4.32e-02	9.98815e-229
  1.33e-02	  4.37e-02	1.49818e-261
  1.33e-02	  4.43e-02	2.24719e-294
  1.33e-02	  4.48e-02	0.00000e+00
  1.33e-02	  4.53e-02	0.00000e+00
  1.33e-02	  4.58e-02	0.00000e+00
  1.33e-02	  4.64e-02	0.00000e+00
  1.33e-02	  4.69e-02	0.00000e+00
  1.33e-02	  4.74e-02	0.00000e+00
  1.33e-02	  4.79e-02	0.00000e+00
  1.33e-02	  4.84e-02	0.00000e+00
  1.33e-02	  4.90e-02	0.00000e+00
  1.33e-02	  4.95e-02	0.00000e+00

  1.41e-02	  0.00e+00	0.00000e+00
  1.41e-02	  5.21e-04	0.00000e+00
  1.41e-02	  1.04e-03	0.00000e+00
  1.41e-02	  1.56e-03	0.00000e+00
  1.41e-02	  2.08e-03	0.00000e+00
  1.41e-02	  2.60e-03	0.00000e+00
  1.41e-02	  3.12e-03	0.00000e+00
  1.41e-02	  3.65e-03	0.00000e+00
  1.41e-02	  4.17e-03	-2.11887e-294
  1.41e-02	  4.69e-03	-1.41246e-261
  1.41e-02	  5.21e-03	-9.41562e-229
  1.41e-02	  5.73e-03	-6.27659e-196
  1.41e-02	  6.25e-03	-4.18408e-163
  1.41e-02	  6.77e-03	-2.78919e-130
  1.41e-02	  7.29e-03	-1.85933e-97
  1.41e-02	  7.81e-03	-1.23947e-64
  1.41e-02	  8.33e-03	-8.26267e-32
  1.41e-02	  8.85e-03	-3.74247e+01
  1.41e-02	  9.37e-03	-2.60897e+01
  1.41e-02	  9.90e-03	-2.11633e+01
  1.41e-02	  1.04e-02	-1.22005e+01
  1.41e-02	  1.09e-02	-4.87161e+00
  1.41e-02	  1.15e-02	-1.11473e+00
  1.41e-02	  1.20e-02	1.85954e-01
  1.41e-02	  1.25e-02	4.44692e-01
  1.41e-02	  1.30e-02	4.18208e-01
  1.41e-02	  1.35e-02	3.63085e-01
  1.41e-02	  1.41e-02	3.25191e-01
  1.41e-02	  1.46e-02	2.99045e-01
  1.41e-02	  1.51e-02	2.76128e-01
  1.41e-02	  1.56e-02	2.52788e-01
  1.41e-02	  1.61e-02	2.28902e-01
  1.41e-02	  1.67e-02	2.05559e-01
  1.41e-02	  1.72e-02	1.83711e-01
  1.41e-02	  1.77e-02	1.63800e-01
  1.41e-02	  1.82e-02	1.45854e-01
  1.41e-02	  1.88e-02	1.29685e-01
  1.41e-02	  1.93e-02	1.15033e-01
  1.41e-02	  1.98e-02	1.01635e-01
  1.41e-02	  2.03e-02	8.92590e-02
  1.41e-02	  2.08e-02	7.77056e-02
  1.41e-02	  2.14e-02	6.68063e-02
  1.41e-02	  2.19e-02	5.64172e-02
  1.41e-02	  2.24e-02	4.64139e-02
  1.41e-02	  2.29e-02	3.66865e-02
  1.41e-02	  2.34e-02	2.71353e-02
  1.41e-02	  2.40e-02	1.76677e-02
  1.41e-02	  2.45e-02	8.19542e-03
  1.41e-02	  2.50e-02	-1.36872e-03
  1.41e-02	  2.55e-02	-1.11129e-02
  1.41e-02	  2.60e-02	-2.11290e-02
  1.41e-02	  2.66e-02	-3.15159e-02
  1.41e-02	  2.71e-02	-4.23823e-02
  1.41e-02	  2.76e-02	-5.38509e-02
  1.41e-02	  2.81e-02	-6.60635e-02
  1.41e-02	  2.86e-02	-7.91862e-02
  1.41e-02	  2.92e-02	-9.34157e-02
  1.41e-02	  2.97e-02	-1.08984e-01
  1.41e-02	  3.02e-02	-1.26154e-01
  1.41e-02	  3.07e-02	-1.45194e-01
  1.41e-02	  3.13e-02	-1.66310e-01
  1.41e-02	  3.18e-02	-1.89496e-01
  1.41e-02	  3.23e-02	-2.14323e-01
  1.41e-02	  3.28e-02	-2.39795e-01
  1.41e-02	  3.33e-02	-2.64679e-01
  1.41e-02	  3.39e-02	-2.88859e-01
  1.41e-02	  3.44e-02	-3.15827e-01
  1.41e-02	  3.49e-02	-3.54516e-01
  1.41e-02	  3.54e-02	-4.12776e-01
  1.41e-02	  3.59e-02	-4.52371e-01
  1.41e-02	  3.65e-02	-2.31738e-01
  1.41e-02	  3.70e-02	9.95784e-01
  1.41e-02	  3.75e-02	4.67587e+00
  1.41e-02	  3.80e-02	1.20328e+01
  1.41e-02	  3.85e-02	2.12039e+01
  1.41e-02	  3.91e-02	2.63872e+01
  1.41e-02	  3.96e-02	3.82758e+01
  1.41e-02	  4.01e-02	7.84894e-32
  1.41e-02	  4.06e-02	1.27051e-64
  1.41e-02	  4.11e-02	1.90572e-97
  1.41e-02	  4.17e-02	2.85851e-130
  1.41e-02	  4.22e-02	4.28764e-163
  1.41e-02	  4.27e-02	6.43126e-196
  1.41e-02	  4.32e-02	9.64657e-229
  1.41e-02	  4.37e-02	1.44693e-261
  1.41e-02	  4.43e-02	2.17031e-294
  1.41e-02	  4.48e-02	0.00000e+00
  1.41e-02	  4.53e-02	0.00000e+00
  1.41e-02	  4.58e-02	0.00000e+00
  1.41e-02	  4.64e-02	0.00000e+00
  1.41e-02	  4.69e-02	0.00000e+00
  1.41e-02	  4.74e-02	0.00000e+00
  1.41e-02	  4.79e-02	0.00000e+00
  1.41e-02	  4.84e-02	0.00000e+00
  1.41e-02	  4.90e-02	0.00000e+00
  1.41e-02	  4.95e-02	0.00000e+00

  1.48e-02	  0.00e+00	0.00000e+00
  1.48e-02	  5.21e-04	0.00000e+00
  1.48e-02	  1.04e-03	0.00000e+00
  1.48e-02	  1.56e-03	0.00000e+00
  1.48e-02	  2.08e-03	0.00000e+00
  1.48e-02	  2.60e-03	0.00000e+00
  1.48e-02	  3.12e-03	0.00000e+00
  1.48e-02	  3.65e-03	0.00000e+00
  1.48e-02	  4.17e-03	-2.04347e-294
  1.48e-02	  4.69e-03	-1.36218e-261
  1.48e-02	  5.21e-03	-9.08032e-229
  1.48e-02	  5.73e-03	-6.05299e-196
  1.48e-02	  6.25e-03	-4.03498e-163
  1.48e-02	  6.77e-03	-2.68976e-130
  1.48e-02	  7.29e-03	-1.79303e-97
  1.48e-02	  7.81e-03	-1.19527e-64
  1.48e-02	  8.33e-03	-7.96789e-32
  1.48e-02	  8.85e-03	-3.62703e+01
  1.48e-02	  9.37e-03	-2.56394e+01
  1.48e-02	  9.90e-03	-2.13217e+01
  1.48e-02	  1.04e-02	-1.28170e+01
  1.48e-02	  1.09e-02	-5.43392e+00
  1.48e-02	  1.15e-02	-1.41124e+00
  1.48e-02	  1.20e-02	7.93875e-02
  1.48e-02	  1.25e-02	4.19250e-01
  1.48e-02	  1.30e-02	4.15132e-01
  1.48e-02	  1.35e-02	3.62894e-01
  1.48e-02	  1.41e-02	3.24288e-01
  1.48e-02	  1.46e-02	2.97931e-01
  1.48e-02	  1.51e-02	2.75644e-01
  1.48e-02	  1.56e-02	2.53226e-01
  1.48e-02	  1.61e-02	2.30077e-01
  1.48e-02	  1.67e-02	2.07123e-01
  1.48e-02	  1.72e-02	1.85368e-01
  1.48e-02	  1.77e-02	1.65370e-01
  1.48e-02	  1.82e-02	1.47255e-01
  1.48e-02	  1.88e-02	1.30895e-01
  1.48e-02	  1.93e-02	1.16057e-01
  1.48e-02	  1.98e-02	1.02489e-01
  1.48e-02	  2.03e-02	8.99603e-02
  1.48e-02	  2.08e-02	7.82694e-02
  1.48e-02	  2.14e-02	6.72455e-02
  1.48e-02	  2.19e-02	5.67422e-02
  1.48e-02	  2.24e-02	4.66331e-02
  1.48e-02	  2.29e-02	3.68063e-02
  1.48e-02	  2.34e-02	2.71608e-02
  1.48e-02	  2.40e-02	1.76026e-02
  1.48e-02	  2.45e-02	8.04213e-03
  1.48e-02	  2.50e-02	-1.60876e-03
  1.48e-02	  2.55e-02	-1.14393e-02
  1.48e-02	  2.60e-02	-2.15428e-02
  1.48e-02	  2.66e-02	-3.20190e-02
  1.48e-02	  2.71e-02	-4.29781e-02
  1.48e-02	  2.76e-02	-5.45448e-02
  1.48e-02	  2.81e-02	-6.68624e-02
  1.48e-02	  2.86e-02	-8.00994e-02
  1.48e-02	  2.92e-02	-9.44540e-02
  1.48e-02	  2.97e-02	-1.10157e-01
  1.48e-02	  3.02e-02	-1.27461e-01
  1.48e-02	  3.07e-02	-1.46611e-01
  1.48e-02	  3.13e-02	-1.67752e-01
  1.48e-02	  3.18e-02	-1.90782e-01
  1.48e-02	  3.23e-02	-2.15144e-01
  1.48e-02	  3.28e-02	-2.39777e-01
  1.48e-02	  3.33e-02	-2.63592e-01
  1.48e-02	  3.39e-02	-2.86961e-01
  1.48e-02	  3.44e-02	-3.13991e-01
  1.48e-02	  3.49e-02	-3.53473e-01
  1.48e-02	  3.54e-02	-4.09750e-01
  1.48e-02	  3.59e-02	-4.30175e-01
  1.48e-02	  3.65e-02	-1.35596e-01
  1.48e-02	  3.70e-02	1.27216e+00
  1.48e-02	  3.75e-02	5.21445e+00
  1.48e-02	  3.80e-02	1.26382e+01
  1.48e-02	  3.85e-02	2.13725e+01
  1.48e-02	  3.91e-02	2.59652e+01
  1.48e-02	  3.96e-02	3.72115e+01
  1.48e-02	  4.01e-02	7.59977e-32
  1.48e-02	  4.06e-02	1.22969e-64
  1.48e-02	  4.11e-02	1.84448e-97
  1.48e-02	  4.17e-02	2.76663e-130
  1.48e-02	  4.22e-02	4.14981e-163
  1.48e-02	  4.27e-02	6.22449e-196
  1.48e-02	  4.32e-02	9.33636e-229
  1.48e-02	  4.37e-02	1.40039e-261
  1.48e-02	  4.43e-02	2.10049e-294
  1.48e-02	  4.48e-02	0.00000e+00
  1.48e-02	  4.53e-02	0.00000e+00
  1.48e-02	  4.58e-02	0.00000e+00
  1.48e-02	  4.64e-02	0.00000e+00
  1.48e-02	  4.69e-02	0.00000e+00
  1.48e-02	  4.74e-02	0.00000e+00
  1.48e-02	  4.79e-02	0.00000e+00
  1.48e-02	  4.84e-02	0.00000e+00
  1.48e-02	  4.90e-02	0.00000e+00
  1.48e-02	  4.95e-02	0.00000e+00

  1.56e-02	  0.00e+00	0.00000e+00
  1.56e-02	  5.21e-04	0.00000e+00
  1.56e-02	  1.04e-03	0.00000e+00
  1.56e-02	  1.56e-03	0.00000e+00
  1.56e-02	  2.08e-03	0.00000e+00
  1.56e-02	  2.60e-03	0.00000e+00
  1.56e-02	  3.12e-03	0.00000e+00
  1.56e-02	  3.65e-03	0.00000e+00
  1.56e-02	  4.17e-03	-1.97395e-294
  1.56e-02	  4.69e-03	-1.31581e-261
  1.56e-02	  5.21e-03	-8.77111e-229
  1.56e-02	  5.73e-03	-5.84679e-196
  1.56e-02	  6.25e-03	-3.89747e-163
  1.56e-02	  6.77e-03	-2.59806e-130
  1.56e-02	  7.29e-03	-1.73189e-97
  1.56e-02	  7.81e-03	-1.15449e-64
  1.56e-02	  8.33e-03	-7.69600e-32
  1.56e-02	  8.85e-03	-3.51987e+01
  1.56e-02	  9.37e-03	-2.51972e+01
  1.56e-02	  9.90e-03	-2.14158e+01
  1.56e-02	  1.04e-02	-1.33706e+01
  1.56e-02	  1.09e-02	-5.98535e+00
  1.56e-02	  1.15e-02	-1.72173e+00
  1.56e-02	  1.20e-02	-3.97898e-02
  1.56e-02	  1.25e-02	3.87861e-01
  1.56e-02	  1.30e-02	4.10223e-01
  1.56e-02	  1.35e-02	3.62419e-01
  1.56e-02	  1.41e-02	3.23452e-01
  1.56e-02	  1.46e-02	2.96805e-01
  1.56e-02	  1.51e-02	2.74994e-01
  1.56e-02	  1.56e-02	2.53423e-01
  1.56e-02	  1.61e-02	2.31029e-01
  1.56e-02	  1.67e-02	2.08528e-01
  1.56e-02	  1.72e-02	1.86930e-01
  1.56e-02	  1.77e-02	1.66894e-01
  1.56e-02	  1.82e-02	1.48642e-01
  1.56e-02	  1.88e-02	1.32110e-01
  1.56e-02	  1.93e-02	1.17098e-01
  1.56e-02	  1.98e-02	1.03369e-01
  1.56e-02	  2.03e-02	9.06928e-02
  1.56e-02	  2.08e-02	7.88692e-02
  1.56e-02	  2.14e-02	6.77245e-02
  1.56e-02	  2.19e-02	5.71104e-02
  1.56e-02	  2.24e-02	4.68982e-02
  1.56e-02	  2.29e-02	3.69745e-02
  1.56e-02	  2.34e-02	2.72367e-02
  1.56e-02	  2.40e-02	1.75897e-02
  1.56e-02	  2.45e-02	7.94278e-03
  1.56e-02	  2.50e-02	-1.79320e-03
  1.56e-02	  2.55e-02	-1.17085e-02
  1.56e-02	  2.60e-02	-2.18974e-02
  1.56e-02	  2.66e-02	-3.24610e-02
  1.56e-02	  2.71e-02	-4.35109e-02
  1.56e-02	  2.76e-02	-5.51731e-02
  1.56e-02	  2.81e-02	-6.75933e-02
  1.56e-02	  2.86e-02	-8.09414e-02
  1.56e-02	  2.92e-02	-9.54166e-02
  1.56e-02	  2.97e-02	-1.11246e-01
  1.56e-02	  3.02e-02	-1.28672e-01
  1.56e-02	  3.07e-02	-1.47907e-01
  1.56e-02	  3.13e-02	-1.69035e-01
  1.56e-02	  3.18e-02	-1.91853e-01
  1.56e-02	  3.23e-02	-2.15698e-01
  1.56e-02	  3.28e-02	-2.39483e-01
  1.56e-02	  3.33e-02	-2.62319e-01
  1.56e-02	  3.39e-02	-2.85054e-01
  1.56e-02	  3.44e-02	-3.12272e-01
  1.56e-02	  3.49e-02	-3.52302e-01
  1.56e-02	  3.54e-02	-4.05331e-01
  1.56e-02	  3.59e-02	-4.03154e-01
  1.56e-02	  3.65e-02	-2.90415e-02
  1.56e-02	  3.70e-02	1.55951e+00
  1.56e-02	  3.75e-02	5.73984e+00
  1.56e-02	  3.80e-02	1.31806e+01
  1.56e-02	  3.85e-02	2.14788e+01
  1.56e-02	  3.91e-02	2.55550e+01
  1.56e-02	  3.96e-02	3.62369e+01
  1.56e-02	  4.01e-02	7.37160e-32
  1.56e-02	  4.06e-02	1.19252e-64
  1.56e-02	  4.11e-02	1.78871e-97
  1.56e-02	  4.17e-02	2.68296e-130
  1.56e-02	  4.22e-02	4.02428e-163
  1.56e-02	  4.27e-02	6.03616e-196
  1.56e-02	  4.32e-02	9.05381e-229
  1.56e-02	  4.37e-02	1.35800e-261
  1.56e-02	  4.43e-02	2.03690e-294
  1.56e-02	  4.48e-02	0.00000e+00
  1.56e-02	  4.53e-02	0.00000e+00
  1.56e-02	  4.58e-02	0.00000e+00
  1.56e-02	  4.64e-02	0.00000e+00
  1.56e-02	  4.69e-02	0.00000e+00
  1.56e-02	  4.74e-02	0.00000e+00
  1.56e-02	  4.79e-02	0.00000e+00
  1.56e-02	  4.84e-02	0.00000e+00
  1.56e-02	  4.90e-02	0.00000e+00
  1.56e-02	  4.95e-02	0.00000e+00

  1.64e-02	  0.00e+00	0.00000e+00
  1.64e-02	  5.21e-04	0.00000e+00
  1.64e-02	  1.04e-03	0.00000e+00
  1.64e-02	  1.56e-03	0.00000e+00
  1.64e-02	  2.08e-03	0.00000e+00
  1.64e-02	  2.60e-03	0.00000e+00
  1.64e-02	  3.12e-03	0.00000e+00
  1.64e-02	  3.65e-03	0.00000e+00
  1.64e-02	  4.17e-03	-1.90958e-294
  1.64e-02	  4.69e-03	-1.27288e-261
  1.64e-02	  5.21e-03	-8.48478e-229
  1.64e-02	  5.73e-03	-5.65583e-196
  1.64e-02	  6.25e-03	-3.77012e-163
  1.64e-02	  6.77e-03	-2.51313e-130
  1.64e-02	  7.29e-03	-1.67525e-97
  1.64e-02	  7.81e-03	-1.11672e-64
  1.64e-02	  8.33e-03	-7.44415e-32
  1.64e-02	  8.85e-03	-3.42001e+01
  1.64e-02	  9.37e-03	-2.47655e+01
  1.64e-02	  9.90e-03	-2.14569e+01
  1.64e-02	  1.04e-02	-1.38641e+01
  1.64e-02	  1.09e-02	-6.52227e+00
  1.64e-02	  1.15e-02	-2.04390e+00
  1.64e-02	  1.20e-02	-1.71244e-01
  1.64e-02	  1.25e-02	3.50239e-01
  1.64e-02	  1.30e-02	4.03230e-01
  1.64e-02	  1.35e-02	3.61541e-01
  1.64e-02	  1.41e-02	3.22663e-01
  1.64e-02	  1.46e-02	2.95705e-01
  1.64e-02	  1.51e-02	2.74238e-01
  1.64e-02	  1.56e-02	2.53428e-01
  1.64e-02	  1.61e-02	2.31787e-01
  1.64e-02	  1.67e-02	2.09785e-01
  1.64e-02	  1.72e-02	1.88404e-01
  1.64e-02	  1.77e-02	1.68377e-01
  1.64e-02	  1.82e-02	1.50020e-01
  1.64e-02	  1.88e-02	1.33336e-01
  1.64e-02	  1.93e-02	1.18162e-01
  1.64e-02	  1.98e-02	1.04278e-01
  1.64e-02	  2.03e-02	9.14607e-02
  1.64e-02	  2.08e-02	7.95083e-02
  1.64e-02	  2.14e-02	6.82461e-02
  1.64e-02	  2.19e-02	5.75237e-02
  1.64e-02	  2.24e-02	4.72106e-02
  1.64e-02	  2.29e-02	3.71916e-02
  1.64e-02	  2.34e-02	2.73629e-02
  1.64e-02	  2.40e-02	1.76282e-02
  1.64e-02	  2.45e-02	7.89583e-03
  1.64e-02	  2.50e-02	-1.92443e-03
  1.64e-02	  2.55e-02	-1.19238e-02
  1.64e-02	  2.60e-02	-2.21974e-02
  1.64e-02	  2.66e-02	-3.28475e-02
  1.64e-02	  2.71e-02	-4.39872e-02
  1.64e-02	  2.76e-02	-5.57441e-02
  1.64e-02	  2.81e-02	-6.82654e-02
  1.64e-02	  2.86e-02	-8.17228e-02
  1.64e-02	  2.92e-02	-9.63153e-02
  1.64e-02	  2.97e-02	-1.12266e-01
  1.64e-02	  3.02e-02	-1.29801e-01
  1.64e-02	  3.07e-02	-1.49097e-01
  1.64e-02	  3.13e-02	-1.70173e-01
  1.64e-02	  3.18e-02	-1.92730e-01
  1.64e-02	  3.23e-02	-2.16020e-01
  1.64e-02	  3.28e-02	-2.38968e-01
  1.64e-02	  3.33e-02	-2.60924e-01
  1.64e-02	  3.39e-02	-2.83183e-01
  1.64e-02	  3.44e-02	-3.10659e-01
  1.64e-02	  3.49e-02	-3.50907e-01
  1.64e-02	  3.54e-02	-3.99341e-01
  1.64e-02	  3.59e-02	-3.71179e-01
  1.64e-02	  3.65e-02	8.73738e-02
  1.64e-02	  3.70e-02	1.85543e+00
  1.64e-02	  3.75e-02	6.24856e+00
  1.64e-02	  3.80e-02	1.36629e+01
  1.64e-02	  3.85e-02	2.15340e+01
  1.64e-02	  3.91e-02	2.51592e+01
  1.64e-02	  3.96e-02	3.53426e+01
  1.64e-02	  4.01e-02	7.16217e-32
  1.64e-02	  4.06e-02	1.15858e-64
  1.64e-02	  4.11e-02	1.73779e-97
  1.64e-02	  4.17e-02	2.60656e-130
  1.64e-02	  4.22e-02	3.90965e-163
  1.64e-02	  4.27e-02	5.86417e-196
  1.64e-02	  4.32e-02	8.79578e-229
  1.64e-02	  4.37e-02	1.31929e-261
  1.64e-02	  4.43e-02	1.97881e-294
  1.64e-02	  4.48e-02	0.00000e+00
  1.64e-02	  4.53e-02	0.00000e+00
  1.64e-02	  4.58e-02	0.00000e+00
  1.64e-02	  4.64e-02	0.00000e+00
  1.64e-02	  4.69e-02	0.00000e+00
  1.64e-02	  4.74e-02	0.00000e+00
  1.64e-02	  4.79e-02	0.00000e+00
  1.64e-02	  4.84e-02	0.00000e+00
  1.64e-02	  4.90e-02	0.00000e+00
  1.64e-02	  4.95e-02	0.00000e+00

  1.72e-02	  0.00e+00	0.00000e+00
  1.72e-02	  5.21e-04	0.00000e+00
  1.72e-02	  1.04e-03	0.00000e+00
  1.72e-02	  1.56e-03	0.00000e+00
  1.72e-02	  2.08e-03	0.00000e+00
  1.72e-02	  2.60e-03	0.00000e+00
  1.72e-02	  3.12e-03	0.00000e+00
  1.72e-02	  3.65e-03	0.00000e+00
  1.72e-02	  4.17e-03	-1.84973e-294
  1.72e-02	  4.69e-03	-1.23296e-261
  1.72e-02	  5.21e-03	-8.21852e-229
  1.72e-02	  5.73e-03	-5.47824e-196
  1.72e-02	  6.25e-03	-3.65168e-163
  1.72e-02	  6.77e-03	-2.43414e-130
  1.72e-02	  7.29e-03	-1.62257e-97
  1.72e-02	  7.81e-03	-1.08159e-64
  1.72e-02	  8.33e-03	-7.20989e-32
  1.72e-02	  8.85e-03	-3.32659e+01
  1.72e-02	  9.37e-03	-2.43456e+01
  1.72e-02	  9.90e-03	-2.14543e+01
  1.72e-02	  1.04e-02	-1.43009e+01
  1.72e-02	  1.09e-02	-7.04171e+00
  1.72e-02	  1.15e-02	-2.37554e+00
  1.72e-02	  1.20e-02	-3.14557e-01
  1.72e-02	  1.25e-02	3.06143e-01
  1.72e-02	  1.30e-02	3.93913e-01
  1.72e-02	  1.35e-02	3.60137e-01
  1.72e-02	  1.41e-02	3.21889e-01
  1.72e-02	  1.46e-02	2.94661e-01
  1.72e-02	  1.51e-02	2.73429e-01
  1.72e-02	  1.56e-02	2.53289e-01
  1.72e-02	  1.61e-02	2.32381e-01
  1.72e-02	  1.67e-02	2.10913e-01
  1.72e-02	  1.72e-02	1.89800e-01
  1.72e-02	  1.77e-02	1.69827e-01
  1.72e-02	  1.82e-02	1.51397e-01
  1.72e-02	  1.88e-02	1.34581e-01
  1.72e-02	  1.93e-02	1.19257e-01
  1.72e-02	  1.98e-02	1.05225e-01
  1.72e-02	  2.03e-02	9.22706e-02
  1.72e-02	  2.08e-02	8.01925e-02
  1.72e-02	  2.14e-02	6.88150e-02
  1.72e-02	  2.19e-02	5.79860e-02
  1.72e-02	  2.24e-02	4.75731e-02
  1.72e-02	  2.29e-02	3.74597e-02
  1.72e-02	  2.34e-02	2.75405e-02
  1.72e-02	  2.40e-02	1.77183e-02
  1.72e-02	  2.45e-02	7.90023e-03
  1.72e-02	  2.50e-02	-2.00458e-03
  1.72e-02	  2.55e-02	-1.20883e-02
  1.72e-02	  2.60e-02	-2.24471e-02
  1.72e-02	  2.66e-02	-3.31843e-02
  1.72e-02	  2.71e-02	-4.44143e-02
  1.72e-02	  2.76e-02	-5.62661e-02
  1.72e-02	  2.81e-02	-6.88888e-02
  1.72e-02	  2.86e-02	-8.24550e-02
  1.72e-02	  2.92e-02	-9.71625e-02
  1.72e-02	  2.97e-02	-1.13228e-01
  1.72e-02	  3.02e-02	-1.30859e-01
  1.72e-02	  3.07e-02	-1.50193e-01
  1.72e-02	  3.13e-02	-1.71182e-01
  1.72e-02	  3.18e-02	-1.93437e-01
  1.72e-02	  3.23e-02	-2.16145e-01
  1.72e-02	  3.28e-02	-2.38286e-01
  1.72e-02	  3.33e-02	-2.59463e-01
  1.72e-02	  3.39e-02	-2.81381e-01
  1.72e-02	  3.44e-02	-3.09130e-01
  1.72e-02	  3.49e-02	-3.49196e-01
  1.72e-02	  3.54e-02	-3.91625e-01
  1.72e-02	  3.59e-02	-3.34185e-01
  1.72e-02	  3.65e-02	2.13011e-01
  1.72e-02	  3.70e-02	2.15759e+00
  1.72e-02	  3.75e-02	6.73783e+00
  1.72e-02	  3.80e-02	1.40888e+01
  1.72e-02	  3.85e-02	2.15477e+01
  1.72e-02	  3.91e-02	2.47790e+01
  1.72e-02	  3.96e-02	3.45202e+01
  1.72e-02	  4.01e-02	6.96955e-32
  1.72e-02	  4.06e-02	1.12751e-64
  1.72e-02	  4.11e-02	1.69117e-97
  1.72e-02	  4.17e-02	2.53662e-130
  1.72e-02	  4.22e-02	3.80471e-163
  1.72e-02	  4.27e-02	5.70673e-196
  1.72e-02	  4.32e-02	8.55956e-229
  1.72e-02	  4.37e-02	1.28385e-261
  1.72e-02	  4.43e-02	1.92564e-294
  1.72e-02	  4.48e-02	0.00000e+00
  1.72e-02	  4.53e-02	0.00000e+00
  1.72e-02	  4.58e-02	0.00000e+00
  1.72e-02	  4.64e-02	0.00000e+00
  1.72e-02	  4.69e-02	0.00000e+00
  1.72e-02	  4.74e-02	0.00000e+00
  1.72e-02	  4.79e-02	0.00000e+00
  1.72e-02	  4.84e-02	0.00000e+00
  1.72e-02	  4.90e-02	0.00000e+00
  1.72e-02	  4.95e-02	0.00000e+00

  1.80e-02	  0.00e+00	0.00000e+00
  1.80e-02	  5.21e-04	0.00000e+00
  1.80e-02	  1.04e-03	0.00000e+00
  1.80e-02	  1.56e-03	0.00000e+00
  1.80e-02	  2.08e-03	0.00000e+00
  1.80e-02	  2.60e-03	0.00000e+00
  1.80e-02	  3.12e-03	0.00000e+00
  1.80e-02	  3.65e-03	0.00000e+00
  1.80e-02	  4.17e-03	-1.79386e-294
  1.80e-02	  4.69e-03	-1.19569e-261
  1.80e-02	  5.21e-03	-7.96990e-229
  1.80e-02	  5.73e-03	-5.31241e-196
  1.80e-02	  6.25e-03	-3.54107e-163
  1.80e-02	  6.77e-03	-2.36037e-130
  1.80e-02	  7.29e-03	-1.57337e-97
  1.80e-02	  7.81e-03	-1.04878e-64
  1.80e-02	  8.33e-03	-6.99107e-32
  1.80e-02	  8.85e-03	-3.23884e+01
  1.80e-02	  9.37e-03	-2.39382e+01
  1.80e-02	  9.90e-03	-2.14161e+01
  1.80e-02	  1.04e-02	-1.46846e+01
  1.80e-02	  1.09e-02	-7.54139e+00
  1.80e-02	  1.15e-02	-2.71454e+00
  1.80e-02	  1.20e-02	-4.69246e-01
  1.80e-02	  1.25e-02	2.55372e-01
  1.80e-02	  1.30e-02	3.82040e-01
  1.80e-02	  1.35e-02	3.58083e-01
  1.80e-02	  1.41e-02	3.21090e-01
  1.80e-02	  1.46e-02	2.93690e-01
  1.80e-02	  1.51e-02	2.72611e-01
  1.80e-02	  1.56e-02	2.53054e-01
  1.80e-02	  1.61e-02	2.32847e-01
  1.80e-02	  1.67e-02	2.11934e-01
  1.80e-02	  1.72e-02	1.91132e-01
  1.80e-02	  1.77e-02	1.71256e-01
  1.80e-02	  1.82e-02	1.52784e-01
  1.80e-02	  1.88e-02	1.35855e-01
  1.80e-02	  1.93e-02	1.20393e-01
  1.80e-02	  1.98e-02	1.06220e-01
  1.80e-02	  2.03e-02	9.31315e-02
  1.80e-02	  2.08e-02	8.09298e-02
  1.80e-02	  2.14e-02	6.94383e-02
  1.80e-02	  2.19e-02	5.85032e-02
  1.80e-02	  2.24e-02	4.79905e-02
  1.80e-02	  2.29e-02	3.77821e-02
  1.80e-02	  2.34e-02	2.77716e-02
  1.80e-02	  2.40e-02	1.78607e-02
  1.80e-02	  2.45e-02	7.95561e-03
  1.80e-02	  2.50e-02	-2.03538e-03
  1.80e-02	  2.55e-02	-1.22053e-02
  1.80e-02	  2.60e-02	-2.26511e-02
  1.80e-02	  2.66e-02	-3.34774e-02
  1.80e-02	  2.71e-02	-4.47995e-02
  1.80e-02	  2.76e-02	-5.67483e-02
  1.80e-02	  2.81e-02	-6.94739e-02
  1.80e-02	  2.86e-02	-8.31495e-02
  1.80e-02	  2.92e-02	-9.79709e-02
  1.80e-02	  2.97e-02	-1.14146e-01
  1.80e-02	  3.02e-02	-1.31861e-01
  1.80e-02	  3.07e-02	-1.51211e-01
  1.80e-02	  3.13e-02	-1.72079e-01
  1.80e-02	  3.18e-02	-1.93997e-01
  1.80e-02	  3.23e-02	-2.16111e-01
  1.80e-02	  3.28e-02	-2.37483e-01
  1.80e-02	  3.33e-02	-2.57986e-01
  1.80e-02	  3.39e-02	-2.79669e-01
  1.80e-02	  3.44e-02	-3.07656e-01
  1.80e-02	  3.49e-02	-3.47080e-01
  1.80e-02	  3.54e-02	-3.82049e-01
  1.80e-02	  3.59e-02	-2.92158e-01
  1.80e-02	  3.65e-02	3.47166e-01
  1.80e-02	  3.70e-02	2.46381e+00
  1.80e-02	  3.75e-02	7.20553e+00
  1.80e-02	  3.80e-02	1.44624e+01
  1.80e-02	  3.85e-02	2.15282e+01
  1.80e-02	  3.91e-02	2.44153e+01
  1.80e-02	  3.96e-02	3.37624e+01
  1.80e-02	  4.01e-02	6.79204e-32
  1.80e-02	  4.06e-02	1.09901e-64
  1.80e-02	  4.11e-02	1.64841e-97
  1.80e-02	  4.17e-02	2.47245e-130
  1.80e-02	  4.22e-02	3.70843e-163
  1.80e-02	  4.27e-02	5.56227e-196
  1.80e-02	  4.32e-02	8.34281e-229
  1.80e-02	  4.37e-02	1.25133e-261
  1.80e-02	  4.43e-02	1.87684e-294
  1.80e-02	  4.48e-02	0.00000e+00
  1.80e-02	  4.53e-02	0.00000e+00
  1.80e-02	  4.58e-02	0.00000e+00
  1.80e-02	  4.64e-02	0.00000e+00
  1.80e-02	  4.69e-02	0.00000e+00
  1.80e-02	  4.74e-02	0.00000e+00
  1.80e-02	  4.79e-02	0.00000e+00
  1.80e-02	  4.84e-02	0.00000e+00
  1.80e-02	  4.90e-02	0.00000e+00
  1.80e-02	  4.95e-02	0.00000e+00

  1.88e-02	  0.00e+00	0.00000e+00
  1.88e-02	  5.21e-04	0.00000e+00
  1.88e-02	  1.04e-03	0.00000e+00
  1.88e-02	  1.56e-03	0.00000e+00
  1.88e-02	  2.08e-03	0.00000e+00
  1.88e-02	  2.60e-03	0.00000e+00
  1.88e-02	  3.12e-03	0.00000e+00
  1.88e-02	  3.65e-03	0.00000e+00
  1.88e-02	  4.17e-03	-1.74148e-294
  1.88e-02	  4.69e-03	-1.16074e-261
  1.88e-02	  5.21e-03	-7.73678e-229
  1.88e-02	  5.73e-03	-5.15690e-196
  1.88e-02	  6.25e-03	-3.43734e-163
  1.88e-02	  6.77e-03	-2.29119e-130
  1.88e-02	  7.29e-03	-1.52722e-97
  1.88e-02	  7.81e-03	-1.01801e-64
  1.88e-02	  8.33e-03	-6.78582e-32
  1.88e-02	  8.85e-03	-3.15610e+01
  1.88e-02	  9.37e-03	-2.35432e+01
  1.88e-02	  9.90e-03	-2.13490e+01
  1.88e-02	  1.04e-02	-1.50194e+01
  1.88e-02	  1.09e-02	-8.01961e+00
  1.88e-02	  1.15e-02	-3.05893e+00
  1.88e-02	  1.20e-02	-6.34787e-01
  1.88e-02	  1.25e-02	1.97762e-01
  1.88e-02	  1.30e-02	3.67387e-01
  1.88e-02	  1.35e-02	3.55252e-01
  1.88e-02	  1.41e-02	3.20222e-01
  1.88e-02	  1.46e-02	2.92799e-01
  1.88e-02	  1.51e-02	2.71824e-01
  1.88e-02	  1.56e-02	2.52767e-01
  1.88e-02	  1.61e-02	2.33221e-01
  1.88e-02	  1.67e-02	2.12872e-01
  1.88e-02	  1.72e-02	1.92417e-01
  1.88e-02	  1.77e-02	1.72678e-01
  1.88e-02	  1.82e-02	1.54194e-01
  1.88e-02	  1.88e-02	1.37172e-01
  1.88e-02	  1.93e-02	1.21582e-01
  1.88e-02	  1.98e-02	1.07275e-01
  1.88e-02	  2.03e-02	9.40552e-02
  1.88e-02	  2.08e-02	8.17308e-02
  1.88e-02	  2.14e-02	7.01250e-02
  1.88e-02	  2.19e-02	5.90829e-02
  1.88e-02	  2.24e-02	4.84690e-02
  1.88e-02	  2.29e-02	3.81639e-02
  1.88e-02	  2.34e-02	2.80598e-02
  1.88e-02	  2.40e-02	1.80574e-02
  1.88e-02	  2.45e-02	8.06238e-03
  1.88e-02	  2.50e-02	-2.01798e-03
  1.88e-02	  2.55e-02	-1.22774e-02
  1.88e-02	  2.60e-02	-2.28138e-02
  1.88e-02	  2.66e-02	-3.37327e-02
  1.88e-02	  2.71e-02	-4.51507e-02
  1.88e-02	  2.76e-02	-5.71999e-02
  1.88e-02	  2.81e-02	-7.00314e-02
  1.88e-02	  2.86e-02	-8.38185e-02
  1.88e-02	  2.92e-02	-9.87536e-02
  1.88e-02	  2.97e-02	-1.15034e-01
  1.88e-02	  3.02e-02	-1.32822e-01
  1.88e-02	  3.07e-02	-1.52166e-01
  1.88e-02	  3.13e-02	-1.72884e-01
  1.88e-02	  3.18e-02	-1.94437e-01
  1.88e-02	  3.23e-02	-2.15956e-01
  1.88e-02	  3.28e-02	-2.36609e-01
  1.88e-02	  3.33e-02	-2.56533e-01
  1.88e-02	  3.39e-02	-2.78063e-01
  1.88e-02	  3.44e-02	-3.06209e-01
  1.88e-02	  3.49e-02	-3.44479e-01
  1.88e-02	  3.54e-02	-3.70503e-01
  1.88e-02	  3.59e-02	-2.45139e-01
  1.88e-02	  3.65e-02	4.89086e-01
  1.88e-02	  3.70e-02	2.77205e+00
  1.88e-02	  3.75e-02	7.65014e+00
  1.88e-02	  3.80e-02	1.47877e+01
  1.88e-02	  3.85e-02	2.14821e+01
  1.88e-02	  3.91e-02	2.40682e+01
  1.88e-02	  3.96e-02	3.30628e+01
  1.88e-02	  4.01e-02	6.62816e-32
  1.88e-02	  4.06e-02	1.07280e-64
  1.88e-02	  4.11e-02	1.60909e-97
  1.88e-02	  4.17e-02	2.41345e-130
  1.88e-02	  4.22e-02	3.61990e-163
  1.88e-02	  4.27e-02	5.42943e-196
  1.88e-02	  4.32e-02	8.14349e-229
  1.88e-02	  4.37e-02	1.22142e-261
  1.88e-02	  4.43e-02	1.83197e-294
  1.88e-02	  4.48e-02	0.00000e+00
  1.88e-02	  4.53e-02	0.00000e+00
  1.88e-02	  4.58e-02	0.00000e+00
  1.88e-02	  4.64e-02	0.00000e+00
  1.88e-02	  4.69e-02	0.00000e+00
  1.88e-02	  4.74e-02	0.00000e+00
  1.88e-02	  4.79e-02	0.00000e+00
  1.88e-02	  4.84e-02	0.00000e+00
  1.88e-02	  4.90e-02	0.00000e+00
  1.88e-02	  4.95e-02	0.00000e+00

  1.95e-02	  0.00e+00	0.00000e+00
  1.95e-02	  5.21e-04	0.00000e+00
  1.95e-02	  1.04e-03	0.00000e+00
  1.95e-02	  1.56e-03	0.00000e+00
  1.95e-02	  2.08e-03	0.00000e+00
  1.95e-02	  2.60e-03	0.00000e+00
  1.95e-02	  3.12e-03	0.00000e+00
  1.95e-02	  3.65e-03	0.00000e+00
  1.95e-02	  4.17e-03	-1.69216e-294
  1.95e-02	  4.69e-03	-1.12784e-261
  1.95e-02	  5.21e-03	-7.51724e-229
  1.95e-02	  5.73e-03	-5.01044e-196
  1.95e-02	  6.25e-03	-3.33964e-163
  1.95e-02	  6.77e-03	-2.22601e-130
  1.95e-02	  7.29e-03	-1.48375e-97
  1.95e-02	  7.81e-03	-9.89013e-65
  1.95e-02	  8.33e-03	-6.59246e-32
  1.95e-02	  8.85e-03	-3.07776e+01
  1.95e-02	  9.37e-03	-2.31602e+01
  1.95e-02	  9.90e-03	-2.12585e+01
  1.95e-02	  1.04e-02	-1.53093e+01
  1.95e-02	  1.09e-02	-8.47520e+00
  1.95e-02	  1.15e-02	-3.40689e+00
  1.95e-02	  1.20e-02	-8.10625e-01
  1.95e-02	  1.25e-02	1.33178e-01
  1.95e-02	  1.30e-02	3.49740e-01
  1.95e-02	  1.35e-02	3.51521e-01
  1.95e-02	  1.41e-02	3.19236e-01
  1.95e-02	  1.46e-02	2.91994e-01
  1.95e-02	  1.51e-02	2.71103e-01
  1.95e-02	  1.56e-02	2.52473e-01
  1.95e-02	  1.61e-02	2.33542e-01
  1.95e-02	  1.67e-02	2.13757e-01
  1.95e-02	  1.72e-02	1.93677e-01
  1.95e-02	  1.77e-02	1.74110e-01
  1.95e-02	  1.82e-02	1.55644e-01
  1.95e-02	  1.88e-02	1.38548e-01
  1.95e-02	  1.93e-02	1.22842e-01
  1.95e-02	  1.98e-02	1.08404e-01
  1.95e-02	  2.03e-02	9.50557e-02
  1.95e-02	  2.08e-02	8.26082e-02
  1.95e-02	  2.14e-02	7.08866e-02
  1.95e-02	  2.19e-02	5.97351e-02
  1.95e-02	  2.24e-02	4.90169e-02
  1.95e-02	  2.29e-02	3.86113e-02
  1.95e-02	  2.34e-02	2.84096e-02
  1.95e-02	  2.40e-02	1.83115e-02
  1.95e-02	  2.45e-02	8.22179e-03
  1.95e-02	  2.50e-02	-1.95290e-03
  1.95e-02	  2.55e-02	-1.23070e-02
  1.95e-02	  2.60e-02	-2.29394e-02
  1.95e-02	  2.66e-02	-3.39563e-02
  1.95e-02	  2.71e-02	-4.54755e-02
  1.95e-02	  2.76e-02	-5.76302e-02
  1.95e-02	  2.81e-02	-7.05724e-02
  1.95e-02	  2.86e-02	-8.44745e-02
  1.95e-02	  2.92e-02	-9.95244e-02
  1.95e-02	  2.97e-02	-1.15906e-01
  1.95e-02	  3.02e-02	-1.33756e-01
  1.95e-02	  3.07e-02	-1.53075e-01
  1.95e-02	  3.13e-02	-1.73617e-01
  1.95e-02	  3.18e-02	-1.94788e-01
  1.95e-02	  3.23e-02	-2.15719e-01
  1.95e-02	  3.28e-02	-2.35709e-01
  1.95e-02	  3.33e-02	-2.55142e-01
  1.95e-02	  3.39e-02	-2.76574e-01
  1.95e-02	  3.44e-02	-3.04760e-01
  1.95e-02	  3.49e-02	-3.41322e-01
  1.95e-02	  3.54e-02	-3.56899e-01
  1.95e-02	  3.59e-02	-1.93211e-01
  1.95e-02	  3.65e-02	6.37994e-01
  1.95e-02	  3.70e-02	3.08044e+00
  1.95e-02	  3.75e-02	8.07067e+00
  1.95e-02	  3.80e-02	1.50691e+01
  1.95e-02	  3.85e-02	2.14153e+01
  1.95e-02	  3.91e-02	2.37373e+01
  1.95e-02	  3.96e-02	3.24158e+01
  1.95e-02	  4.01e-02	6.47661e-32
  1.95e-02	  4.06e-02	1.04866e-64
  1.95e-02	  4.11e-02	1.57286e-97
  1.95e-02	  4.17e-02	2.35909e-130
  1.95e-02	  4.22e-02	3.53832e-163
  1.95e-02	  4.27e-02	5.30701e-196
  1.95e-02	  4.32e-02	7.95980e-229
  1.95e-02	  4.37e-02	1.19386e-261
  1.95e-02	  4.43e-02	1.79062e-294
  1.95e-02	  4.48e-02	0.00000e+00
  1.95e-02	  4.53e-02	0.00000e+00
  1.95e-02	  4.58e-02	0.00000e+00
  1.95e-02	  4.64e-02	0.00000e+00
  1.95e-02	  4.69e-02	0.00000e+00
  1.95e-02	  4.74e-02	0.00000e+00
  1.95e-02	  4.79e-02	0.00000e+00
  1.95e-02	  4.84e-02	0.00000e+00
  1.95e-02	  4.90e-02	0.00000e+00
  1.95e-02	  4.95e-02	0.00000e+00

  2.03e-02	  0.00e+00	0.00000e+00
  2.03e-02	  5.21e-04	0.00000e+00
  2.03e-02	  1.04e-03	0.00000e+00
  2.03e-02	  1.56e-03	0.00000e+00
  2.03e-02	  2.08e-03	0.00000e+00
  2.03e-02	  2.60e-03	0.00000e+00
  2.03e-02	  3.12e-03	0.00000e+00
  2.03e-02	  3.65e-03	0.00000e+00
  2.03e-02	  4.17e-03	-1.64553e-294
  2.03e-02	  4.69e-03	-1.09672e-261
  2.03e-02	  5.21e-03	-7.30958e-229
  2.03e-02	  5.73e-03	-4.87189e-196
  2.03e-02	  6.25e-03	-3.24720e-163
  2.03e-02	  6.77e-03	-2.16435e-130
  2.03e-02	  7.29e-03	-1.44262e-97
  2.03e-02	  7.81e-03	-9.61578e-65
  2.03e-02	  8.33e-03	-6.40948e-32
  2.03e-02	  8.85e-03	-3.00327e+01
  2.03e-02	  9.37e-03	-2.27887e+01
  2.03e-02	  9.90e-03	-2.11492e+01
  2.03e-02	  1.04e-02	-1.55584e+01
  2.03e-02	  1.09e-02	-8.90748e+00
  2.03e-02	  1.15e-02	-3.75676e+00
  2.03e-02	  1.20e-02	-9.96198e-01
  2.03e-02	  1.25e-02	6.15090e-02
  2.03e-02	  1.30e-02	3.28889e-01
  2.03e-02	  1.35e-02	3.46764e-01
  2.03e-02	  1.41e-02	3.18084e-01
  2.03e-02	  1.46e-02	2.91275e-01
  2.03e-02	  1.51e-02	2.70477e-01
  2.03e-02	  1.56e-02	2.52214e-01
  2.03e-02	  1.61e-02	2.33851e-01
  2.03e-02	  1.67e-02	2.14620e-01
  2.03e-02	  1.72e-02	1.94937e-01
  2.03e-02	  1.77e-02	1.75572e-01
  2.03e-02	  1.82e-02	1.57151e-01
  2.03e-02	  1.88e-02	1.40001e-01
  2.03e-02	  1.93e-02	1.24189e-01
  2.03e-02	  1.98e-02	1.09626e-01
  2.03e-02	  2.03e-02	9.61487e-02
  2.03e-02	  2.08e-02	8.35765e-02
  2.03e-02	  2.14e-02	7.17359e-02
  2.03e-02	  2.19e-02	6.04709e-02
  2.03e-02	  2.24e-02	4.96437e-02
  2.03e-02	  2.29e-02	3.91324e-02
  2.03e-02	  2.34e-02	2.88272e-02
  2.03e-02	  2.40e-02	1.86270e-02
  2.03e-02	  2.45e-02	8.43599e-03
  2.03e-02	  2.50e-02	-1.83995e-03
  2.03e-02	  2.55e-02	-1.22959e-02
  2.03e-02	  2.60e-02	-2.30314e-02
  2.03e-02	  2.66e-02	-3.41536e-02
  2.03e-02	  2.71e-02	-4.57814e-02
  2.03e-02	  2.76e-02	-5.80487e-02
  2.03e-02	  2.81e-02	-7.11079e-02
  2.03e-02	  2.86e-02	-8.51299e-02
  2.03e-02	  2.92e-02	-1.00297e-01
  2.03e-02	  2.97e-02	-1.16778e-01
  2.03e-02	  3.02e-02	-1.34680e-01
  2.03e-02	  3.07e-02	-1.53957e-01
  2.03e-02	  3.13e-02	-1.74303e-01
  2.03e-02	  3.18e-02	-1.95081e-01
  2.03e-02	  3.23e-02	-2.15442e-01
  2.03e-02	  3.28e-02	-2.34826e-01
  2.03e-02	  3.33e-02	-2.53848e-01
  2.03e-02	  3.39e-02	-2.75212e-01
  2.03e-02	  3.44e-02	-3.03284e-01
  2.03e-02	  3.49e-02	-3.37546e-01
  2.03e-02	  3.54e-02	-3.41171e-01
  2.03e-02	  3.59e-02	-1.36496e-01
  2.03e-02	  3.65e-02	7.93101e-01
  2.03e-02	  3.70e-02	3.38730e+00
  2.03e-02	  3.75e-02	8.46660e+00
  2.03e-02	  3.80e-02	1.53108e+01
  2.03e-02	  3.85e-02	2.13323e+01
  2.03e-02	  3.91e-02	2.34224e+01
  2.03e-02	  3.96e-02	3.18163e+01
  2.03e-02	  4.01e-02	6.33626e-32
  2.03e-02	  4.06e-02	1.02637e-64
  2.03e-02	  4.11e-02	1.53941e-97
  2.03e-02	  4.17e-02	2.30888e-130
  2.03e-02	  4.22e-02	3.46299e-163
  2.03e-02	  4.27e-02	5.19396e-196
  2.03e-02	  4.32e-02	7.79016e-229
  2.03e-02	  4.37e-02	1.16840e-261
  2.03e-02	  4.43e-02	1.75242e-294
  2.03e-02	  4.48e-02	0.00000e+00
  2.03e-02	  4.53e-02	0.00000e+00
  2.03e-02	  4.58e-02	0.00000e+00
  2.03e-02	  4.64e-02	0.00000e+00
  2.03e-02	  4.69e-02	0.00000e+00
  2.03e-02	  4.74e-02	0.00000e+00
  2.03e-02	  4.79e-02	0.00000e+00
  2.03e-02	  4.84e-02	0.00000e+00
  2.03e-02	  4.90e-02	0.00000e+00
  2.03e-02	  4.95e-02	0.00000e+00

  2.11e-02	  0.00e+00	0.00000e+00
  2.11e-02	  5.21e-04	0.00000e+00
  2.11e-02	  1.04e-03	0.00000e+00
  2.11e-02	  1.56e-03	0.00000e+00
  2.11e-02	  2.08e-03	0.00000e+00
  2.11e-02	  2.60e-03	0.00000e+00
  2.11e-02	  3.12e-03	0.00000e+00
  2.11e-02	  3.65e-03	0.00000e+00
  2.11e-02	  4.17e-03	-1.60123e-294
  2.11e-02	  4.69e-03	-1.06715e-261
  2.11e-02	  5.21e-03	-7.11226e-229
  2.11e-02	  5.73e-03	-4.74022e-196
  2.11e-02	  6.25e-03	-3.15935e-163
  2.11e-02	  6.77e-03	-2.10574e-130
  2.11e-02	  7.29e-03	-1.40353e-97
  2.11e-02	  7.81e-03	-9.35499e-65
  2.11e-02	  8.33e-03	-6.23553e-32
  2.11e-02	  8.85e-03	-2.93211e+01
  2.11e-02	  9.37e-03	-2.24279e+01
  2.11e-02	  9.90e-03	-2.10250e+01
  2.11e-02	  1.04e-02	-1.57706e+01
  2.11e-02	  1.09e-02	-9.31617e+00
  2.11e-02	  1.15e-02	-4.10708e+00
  2.11e-02	  1.20e-02	-1.19095e+00
  2.11e-02	  1.25e-02	-1.73402e-02
  2.11e-02	  1.30e-02	3.04630e-01
  2.11e-02	  1.35e-02	3.40857e-01
  2.11e-02	  1.41e-02	3.16715e-01
  2.11e-02	  1.46e-02	2.90639e-01
  2.11e-02	  1.51e-02	2.69976e-01
  2.11e-02	  1.56e-02	2.52031e-01
  2.11e-02	  1.61e-02	2.34188e-01
  2.11e-02	  1.67e-02	2.15496e-01
  2.11e-02	  1.72e-02	1.96222e-01
  2.11e-02	  1.77e-02	1.77086e-01
  2.11e-02	  1.82e-02	1.58736e-01
  2.11e-02	  1.88e-02	1.41549e-01
  2.11e-02	  1.93e-02	1.25642e-01
  2.11e-02	  1.98e-02	1.10957e-01
  2.11e-02	  2.03e-02	9.73513e-02
  2.11e-02	  2.08e-02	8.46513e-02
  2.11e-02	  2.14e-02	7.26870e-02
  2.11e-02	  2.19e-02	6.13028e-02
  2.11e-02	  2.24e-02	5.03600e-02
  2.11e-02	  2.29e-02	3.97357e-02
  2.11e-02	  2.34e-02	2.93193e-02
  2.11e-02	  2.40e-02	1.90089e-02
  2.11e-02	  2.45e-02	8.70792e-03
  2.11e-02	  2.50e-02	-1.67814e-03
  2.11e-02	  2.55e-02	-1.22450e-02
  2.11e-02	  2.60e-02	-2.30928e-02
  2.11e-02	  2.66e-02	-3.43296e-02
  2.11e-02	  2.71e-02	-4.60749e-02
  2.11e-02	  2.76e-02	-5.84635e-02
  2.11e-02	  2.81e-02	-7.16477e-02
  2.11e-02	  2.86e-02	-8.57960e-02
  2.11e-02	  2.92e-02	-1.01083e-01
  2.11e-02	  2.97e-02	-1.17662e-01
  2.11e-02	  3.02e-02	-1.35608e-01
  2.11e-02	  3.07e-02	-1.54830e-01
  2.11e-02	  3.13e-02	-1.74966e-01
  2.11e-02	  3.18e-02	-1.95347e-01
  2.11e-02	  3.23e-02	-2.15165e-01
  2.11e-02	  3.28e-02	-2.34003e-01
  2.11e-02	  3.33e-02	-2.52685e-01
  2.11e-02	  3.39e-02	-2.73987e-01
  2.11e-02	  3.44e-02	-3.01761e-01
  2.11e-02	  3.49e-02	-3.33103e-01
  2.11e-02	  3.54e-02	-3.23275e-01
  2.11e-02	  3.59e-02	-7.51485e-02
  2.11e-02	  3.65e-02	9.53621e-01
  2.11e-02	  3.70e-02	3.69114e+00
  2.11e-02	  3.75e-02	8.83782e+00
  2.11e-02	  3.80e-02	1.55167e+01
  2.11e-02	  3.85e-02	2.12370e+01
  2.11e-02	  3.91e-02	2.31227e+01
  2.11e-02	  3.96e-02	3.12597e+01
  2.11e-02	  4.01e-02	6.20608e-32
  2.11e-02	  4.06e-02	1.00575e-64
  2.11e-02	  4.11e-02	1.50845e-97
  2.11e-02	  4.17e-02	2.26242e-130
  2.11e-02	  4.22e-02	3.39326e-163
  2.11e-02	  4.27e-02	5.08932e-196
  2.11e-02	  4.32e-02	7.63313e-229
  2.11e-02	  4.37e-02	1.14484e-261
  2.11e-02	  4.43e-02	1.71707e-294
  2.11e-02	  4.48e-02	0.00000e+00
  2.11e-02	  4.53e-02	0.00000e+00
  2.11e-02	  4.58e-02	0.00000e+00
  2.11e-02	  4.64e-02	0.00000e+00
  2.11e-02	  4.69e-02	0.00000e+00
  2.11e-02	  4.74e-02	0.00000e+00
  2.11e-02	  4.79e-02	0.00000e+00
  2.11e-02	  4.84e-02	0.00000e+00
  2.11e-02	  4.90e-02	0.00000e+00
  2.11e-02	  4.95e-02	0.00000e+00

  2.19e-02	  0.00e+00	0.00000e+00
  2.19e-02	  5.21e-04	0.00000e+00
  2.19e-02	  1.04e-03	0.00000e+00
  2.19e-02	  1.56e-03	0.00000e+00
  2.19e-02	  2.08e-03	0.00000e+00
  2.19e-02	  2.60e-03	0.00000e+00
  2.19e-02	  3.12e-03	0.00000e+00
  2.19e-02	  3.65e-03	0.00000e+00
  2.19e-02	  4.17e-03	-1.55895e-294
  2.19e-02	  4.69e-03	-1.03892e-261
  2.19e-02	  5.21e-03	-6.92385e-229
  2.19e-02	  5.73e-03	-4.61448e-196
  2.19e-02	  6.25e-03	-3.07545e-163
  2.19e-02	  6.77e-03	-2.04976e-130
  2.19e-02	  7.29e-03	-1.36618e-97
  2.19e-02	  7.81e-03	-9.10587e-65
  2.19e-02	  8.33e-03	-6.06937e-32
  2.19e-02	  8.85e-03	-2.86383e+01
  2.19e-02	  9.37e-03	-2.20769e+01
  2.19e-02	  9.90e-03	-2.08886e+01
  2.19e-02	  1.04e-02	-1.59497e+01
  2.19e-02	  1.09e-02	-9.70134e+00
  2.19e-02	  1.15e-02	-4.45656e+00
  2.19e-02	  1.20e-02	-1.39433e+00
  2.19e-02	  1.25e-02	-1.03453e-01
  2.19e-02	  1.30e-02	2.76760e-01
  2.19e-02	  1.35e-02	3.33675e-01
  2.19e-02	  1.41e-02	3.15082e-01
  2.19e-02	  1.46e-02	2.90085e-01
  2.19e-02	  1.51e-02	2.69624e-01
  2.19e-02	  1.56e-02	2.51965e-01
  2.19e-02	  1.61e-02	2.34594e-01
  2.19e-02	  1.67e-02	2.16419e-01
  2.19e-02	  1.72e-02	1.97560e-01
  2.19e-02	  1.77e-02	1.78674e-01
  2.19e-02	  1.82e-02	1.60418e-01
  2.19e-02	  1.88e-02	1.43212e-01
  2.19e-02	  1.93e-02	1.27219e-01
  2.19e-02	  1.98e-02	1.12416e-01
  2.19e-02	  2.03e-02	9.86793e-02
  2.19e-02	  2.08e-02	8.58474e-02
  2.19e-02	  2.14e-02	7.37536e-02
  2.19e-02	  2.19e-02	6.22429e-02
  2.19e-02	  2.24e-02	5.11764e-02
  2.19e-02	  2.29e-02	4.04302e-02
  2.19e-02	  2.34e-02	2.98931e-02
  2.19e-02	  2.40e-02	1.94625e-02
  2.19e-02	  2.45e-02	9.04121e-03
  2.19e-02	  2.50e-02	-1.46566e-03
  2.19e-02	  2.55e-02	-1.21543e-02
  2.19e-02	  2.60e-02	-2.31254e-02
  2.19e-02	  2.66e-02	-3.44876e-02
  2.19e-02	  2.71e-02	-4.63611e-02
  2.19e-02	  2.76e-02	-5.88812e-02
  2.19e-02	  2.81e-02	-7.21996e-02
  2.19e-02	  2.86e-02	-8.64817e-02
  2.19e-02	  2.92e-02	-1.01894e-01
  2.19e-02	  2.97e-02	-1.18570e-01
  2.19e-02	  3.02e-02	-1.36555e-01
  2.19e-02	  3.07e-02	-1.55711e-01
  2.19e-02	  3.13e-02	-1.75627e-01
  2.19e-02	  3.18e-02	-1.95617e-01
  2.19e-02	  3.23e-02	-2.14926e-01
  2.19e-02	  3.28e-02	-2.33281e-01
  2.19e-02	  3.33e-02	-2.51682e-01
  2.19e-02	  3.39e-02	-2.72911e-01
  2.19e-02	  3.44e-02	-3.00177e-01
  2.19e-02	  3.49e-02	-3.27953e-01
  2.19e-02	  3.54e-02	-3.03188e-01
  2.19e-02	  3.59e-02	-9.34799e-03
  2.19e-02	  3.65e-02	1.11879e+00
  2.19e-02	  3.70e-02	3.99065e+00
  2.19e-02	  3.75e-02	9.18455e+00
  2.19e-02	  3.80e-02	1.56907e+01
  2.19e-02	  3.85e-02	2.11326e+01
  2.19e-02	  3.91e-02	2.28377e+01
  2.19e-02	  3.96e-02	3.07418e+01
  2.19e-02	  4.01e-02	6.08518e-32
  2.19e-02	  4.06e-02	9.86617e-65
  2.19e-02	  4.11e-02	1.47973e-97
  2.19e-02	  4.17e-02	2.21932e-130
  2.19e-02	  4.22e-02	3.32857e-163
  2.19e-02	  4.27e-02	4.99223e-196
  2.19e-02	  4.32e-02	7.48744e-229
  2.19e-02	  4.37e-02	1.12298e-261
  2.19e-02	  4.43e-02	1.68428e-294
  2.19e-02	  4.48e-02	0.00000e+00
  2.19e-02	  4.53e-02	0.00000e+00
  2.19e-02	  4.58e-02	0.00000e+00
  2.19e-02	  4.64e-02	0.00000e+00
  2.19e-02	  4.69e-02	0.00000e+00
  2.19e-02	  4.74e-02	0.00000e+00
  2.19e-02	  4.79e-02	0.00000e+00
  2.19e-02	  4.84e-02	0.00000e+00
  2.19e-02	  4.90e-02	0.00000e+00
  2.19e-02	  4.95e-02	0.00000e+00

  2.27e-02	  0.00e+00	0.00000e+00
  2.27e-02	  5.21e-04	0.00000e+00
  2.27e-02	  1.04e-03	0.00000e+00
  2.27e-02	  1.56e-03	0.00000e+00
  2.27e-02	  2.08e-03	0.00000e+00
  2.27e-02	  2.60e-03	0.00000e+00
  2.27e-02	  3.12e-03	0.00000e+00
  2.27e-02	  3.65e-03	0.00000e+00
  2.27e-02	  4.17e-03	-1.51839e-294
  2.27e-02	  4.69e-03	-1.01184e-261
  2.27e-02	  5.21e-03	-6.74306e-229
  2.27e-02	  5.73e-03	-4.49381e-196
  2.27e-02	  6.25e-03	-2.99492e-163
  2.27e-02	  6.77e-03	-1.99603e-130
  2.27e-02	  7.29e-03	-1.33033e-97
  2.27e-02	  7.81e-03	-8.86673e-65
  2.27e-02	  8.33e-03	-5.90986e-32
  2.27e-02	  8.85e-03	-2.79798e+01
  2.27e-02	  9.37e-03	-2.17348e+01
  2.27e-02	  9.90e-03	-2.07426e+01
  2.27e-02	  1.04e-02	-1.60991e+01
  2.27e-02	  1.09e-02	-1.00634e+01
  2.27e-02	  1.15e-02	-4.80408e+00
  2.27e-02	  1.20e-02	-1.60583e+00
  2.27e-02	  1.25e-02	-1.96910e-01
  2.27e-02	  1.30e-02	2.45075e-01
  2.27e-02	  1.35e-02	3.25093e-01
  2.27e-02	  1.41e-02	3.13135e-01
  2.27e-02	  1.46e-02	2.89611e-01
  2.27e-02	  1.51e-02	2.69446e-01
  2.27e-02	  1.56e-02	2.52050e-01
  2.27e-02	  1.61e-02	2.35105e-01
  2.27e-02	  1.67e-02	2.17418e-01
  2.27e-02	  1.72e-02	1.98974e-01
  2.27e-02	  1.77e-02	1.80353e-01
  2.27e-02	  1.82e-02	1.62210e-01
  2.27e-02	  1.88e-02	1.45001e-01
  2.27e-02	  1.93e-02	1.28932e-01
  2.27e-02	  1.98e-02	1.14013e-01
  2.27e-02	  2.03e-02	1.00145e-01
  2.27e-02	  2.08e-02	8.71769e-02
  2.27e-02	  2.14e-02	7.49468e-02
  2.27e-02	  2.19e-02	6.33016e-02
  2.27e-02	  2.24e-02	5.21021e-02
  2.27e-02	  2.29e-02	4.12242e-02
  2.27e-02	  2.34e-02	3.05556e-02
  2.27e-02	  2.40e-02	1.99934e-02
  2.27e-02	  2.45e-02	9.44000e-03
  2.27e-02	  2.50e-02	-1.19981e-03
  2.27e-02	  2.55e-02	-1.20225e-02
  2.27e-02	  2.60e-02	-2.31291e-02
  2.27e-02	  2.66e-02	-3.46288e-02
  2.27e-02	  2.71e-02	-4.66422e-02
  2.27e-02	  2.76e-02	-5.93048e-02
  2.27e-02	  2.81e-02	-7.27672e-02
  2.27e-02	  2.86e-02	-8.71910e-02
  2.27e-02	  2.92e-02	-1.02733e-01
  2.27e-02	  2.97e-02	-1.19508e-01
  2.27e-02	  3.02e-02	-1.37527e-01
  2.27e-02	  3.07e-02	-1.56608e-01
  2.27e-02	  3.13e-02	-1.76304e-01
  2.27e-02	  3.18e-02	-1.95917e-01
  2.27e-02	  3.23e-02	-2.14758e-01
  2.27e-02	  3.28e-02	-2.32694e-01
  2.27e-02	  3.33e-02	-2.50869e-01
  2.27e-02	  3.39e-02	-2.71996e-01
  2.27e-02	  3.44e-02	-2.98524e-01
  2.27e-02	  3.49e-02	-3.22069e-01
  2.27e-02	  3.54e-02	-2.80902e-01
  2.27e-02	  3.59e-02	6.07057e-02
  2.27e-02	  3.65e-02	1.28786e+00
  2.27e-02	  3.70e-02	4.28473e+00
  2.27e-02	  3.75e-02	9.50732e+00
  2.27e-02	  3.80e-02	1.58365e+01
  2.27e-02	  3.85e-02	2.10216e+01
  2.27e-02	  3.91e-02	2.25666e+01
  2.27e-02	  3.96e-02	3.02588e+01
  2.27e-02	  4.01e-02	5.97276e-32
  2.27e-02	  4.06e-02	9.68827e-65
  2.27e-02	  4.11e-02	1.45303e-97
  2.27e-02	  4.17e-02	2.17923e-130
  2.27e-02	  4.22e-02	3.26839e-163
  2.27e-02	  4.27e-02	4.90192e-196
  2.27e-02	  4.32e-02	7.35191e-229
  2.27e-02	  4.37e-02	1.10265e-261
  2.27e-02	  4.43e-02	1.65377e-294
  2.27e-02	  4.48e-02	0.00000e+00
  2.27e-02	  4.53e-02	0.00000e+00
  2.27e-02	  4.58e-02	0.00000e+00
  2.27e-02	  4.64e-02	0.00000e+00
  2.27e-02	  4.69e-02	0.00000e+00
  2.27e-02	  4.74e-02	0.00000e+00
  2.27e-02	  4.79e-02	0.00000e+00
  2.27e-02	  4.84e-02	0.00000e+00
  2.27e-02	  4.90e-02	0.00000e+00
  2.27e-02	  4.95e-02	0.00000e+00

  2.34e-02	  0.00e+00	0.00000e+00
  2.34e-02	  5.21e-04	0.00000e+00
  2.34e-02	  1.04e-03	0.00000e+00
  2.34e-02	  1.56e-03	0.00000e+00
  2.34e-02	  2.08e-03	0.00000e+00
  2.34e-02	  2.60e-03	0.00000e+00
  2.34e-02	  3.12e-03	0.00000e+00
  2.34e-02	  3.65e-03	0.00000e+00
  2.34e-02	  4.17e-03	-1.47929e-294
  2.34e-02	  4.69e-03	-9.85725e-262
  2.34e-02	  5.21e-03	-6.56867e-229
  2.34e-02	  5.73e-03	-4.37740e-196
  2.34e-02	  6.25e-03	-2.91722e-163
  2.34e-02	  6.77e-03	-1.94418e-130
  2.34e-02	  7.29e-03	-1.29574e-97
  2.34e-02	  7.81e-03	-8.63596e-65
  2.34e-02	  8.33e-03	-5.75592e-32
  2.34e-02	  8.85e-03	-2.73415e+01
  2.34e-02	  9.37e-03	-2.14004e+01
  2.34e-02	  9.90e-03	-2.05888e+01
  2.34e-02	  1.04e-02	-1.62222e+01
  2.34e-02	  1.09e-02	-1.04029e+01
  2.34e-02	  1.15e-02	-5.14871e+00
  2.34e-02	  1.20e-02	-1.82497e+00
  2.34e-02	  1.25e-02	-2.97792e-01
  2.34e-02	  1.30e-02	2.09371e-01
  2.34e-02	  1.35e-02	3.14982e-01
  2.34e-02	  1.41e-02	3.10827e-01
  2.34e-02	  1.46e-02	2.89212e-01
  2.34e-02	  1.51e-02	2.69460e-01
  2.34e-02	  1.56e-02	2.52315e-01
  2.34e-02	  1.61e-02	2.35748e-01
  2.34e-02	  1.67e-02	2.18514e-01
  2.34e-02	  1.72e-02	2.00475e-01
  2.34e-02	  1.77e-02	1.82130e-01
  2.34e-02	  1.82e-02	1.64117e-01
  2.34e-02	  1.88e-02	1.46920e-01
  2.34e-02	  1.93e-02	1.30784e-01
  2.34e-02	  1.98e-02	1.15754e-01
  2.34e-02	  2.03e-02	1.01753e-01
  2.34e-02	  2.08e-02	8.86445e-02
  2.34e-02	  2.14e-02	7.62720e-02
  2.34e-02	  2.19e-02	6.44844e-02
  2.34e-02	  2.24e-02	5.31430e-02
  2.34e-02	  2.29e-02	4.21231e-02
  2.34e-02	  2.34e-02	3.13120e-02
  2.34e-02	  2.40e-02	2.06064e-02
  2.34e-02	  2.45e-02	9.90853e-03
  2.34e-02	  2.50e-02	-8.76936e-04
  2.34e-02	  2.55e-02	-1.18465e-02
  2.34e-02	  2.60e-02	-2.31013e-02
  2.34e-02	  2.66e-02	-3.47507e-02
  2.34e-02	  2.71e-02	-4.69156e-02
  2.34e-02	  2.76e-02	-5.97313e-02
  2.34e-02	  2.81e-02	-7.33469e-02
  2.34e-02	  2.86e-02	-8.79195e-02
  2.34e-02	  2.92e-02	-1.03595e-01
  2.34e-02	  2.97e-02	-1.20468e-01
  2.34e-02	  3.02e-02	-1.38517e-01
  2.34e-02	  3.07e-02	-1.57522e-01
  2.34e-02	  3.13e-02	-1.76998e-01
  2.34e-02	  3.18e-02	-1.96258e-01
  2.34e-02	  3.23e-02	-2.14681e-01
  2.34e-02	  3.28e-02	-2.32267e-01
  2.34e-02	  3.33e-02	-2.50265e-01
  2.34e-02	  3.39e-02	-2.71254e-01
  2.34e-02	  3.44e-02	-2.96800e-01
  2.34e-02	  3.49e-02	-3.15434e-01
  2.34e-02	  3.54e-02	-2.56428e-01
  2.34e-02	  3.59e-02	1.34798e-01
  2.34e-02	  3.65e-02	1.46014e+00
  2.34e-02	  3.70e-02	4.57244e+00
  2.34e-02	  3.75e-02	9.80686e+00
  2.34e-02	  3.80e-02	1.59572e+01
  2.34e-02	  3.85e-02	2.09059e+01
  2.34e-02	  3.91e-02	2.23084e+01
  2.34e-02	  3.96e-02	2.98070e+01
  2.34e-02	  4.01e-02	5.86813e-32
  2.34e-02	  4.06e-02	9.52233e-65
  2.34e-02	  4.11e-02	1.42811e-97
  2.34e-02	  4.17e-02	2.14182e-130
  2.34e-02	  4.22e-02	3.21224e-163
  2.34e-02	  4.27e-02	4.81765e-196
  2.34e-02	  4.32e-02	7.22545e-229
  2.34e-02	  4.37e-02	1.08367e-261
  2.34e-02	  4.43e-02	1.62531e-294
  2.34e-02	  4.48e-02	0.00000e+00
  2.34e-02	  4.53e-02	0.00000e+00
  2.34e-02	  4.58e-02	0.00000e+00
  2.34e-02	  4.64e-02	0.00000e+00
  2.34e-02	  4.69e-02	0.00000e+00
  2.34e-02	  4.74e-02	0.00000e+00
  2.34e-02	  4.79e-02	0.00000e+00
  2.34e-02	  4.84e-02	0.00000e+00
  2.34e-02	  4.90e-02	0.00000e+00
  2.34e-02	  4.95e-02	0.00000e+00

  2.42e-02	  0.00e+00	0.00000e+00
  2.42e-02	  5.21e-04	0.00000e+00
  2.42e-02	  1.04e-03	0.00000e+00
  2.42e-02	  1.56e-03	0.00000e+00
  2.42e-02	  2.08e-03	0.00000e+00
  2.42e-02	  2.60e-03	0.00000e+00
  2.42e-02	  3.12e-03	0.00000e+00
  2.42e-02	  3.65e-03	0.00000e+00
  2.42e-02	  4.17e-03	-1.44138e-294
  2.42e-02	  4.69e-03	-9.60398e-262
  2.42e-02	  5.21e-03	-6.39953e-229
  2.42e-02	  5.73e-03	-4.26447e-196
  2.42e-02	  6.25e-03	-2.84185e-163
  2.42e-02	  6.77e-03	-1.89388e-130
  2.42e-02	  7.29e-03	-1.26218e-97
  2.42e-02	  7.81e-03	-8.41205e-65
  2.42e-02	  8.33e-03	-5.60657e-32
  2.42e-02	  8.85e-03	-2.67196e+01
  2.42e-02	  9.37e-03	-2.10726e+01
  2.42e-02	  9.90e-03	-2.04287e+01
  2.42e-02	  1.04e-02	-1.63219e+01
  2.42e-02	  1.09e-02	-1.07207e+01
  2.42e-02	  1.15e-02	-5.48971e+00
  2.42e-02	  1.20e-02	-2.05132e+00
  2.42e-02	  1.25e-02	-4.06185e-01
  2.42e-02	  1.30e-02	1.69436e-01
  2.42e-02	  1.35e-02	3.03213e-01
  2.42e-02	  1.41e-02	3.08108e-01
  2.42e-02	  1.46e-02	2.88883e-01
  2.42e-02	  1.51e-02	2.69678e-01
  2.42e-02	  1.56e-02	2.52776e-01
  2.42e-02	  1.61e-02	2.36536e-01
  2.42e-02	  1.67e-02	2.19711e-01
  2.42e-02	  1.72e-02	2.02057e-01
  2.42e-02	  1.77e-02	1.83991e-01
  2.42e-02	  1.82e-02	1.66122e-01
  2.42e-02	  1.88e-02	1.48952e-01
  2.42e-02	  1.93e-02	1.32760e-01
  2.42e-02	  1.98e-02	1.17625e-01
  2.42e-02	  2.03e-02	1.03494e-01
  2.42e-02	  2.08e-02	9.02433e-02
  2.42e-02	  2.14e-02	7.77245e-02
  2.42e-02	  2.19e-02	6.57890e-02
  2.42e-02	  2.24e-02	5.42985e-02
  2.42e-02	  2.29e-02	4.31280e-02
  2.42e-02	  2.34e-02	3.21647e-02
  2.42e-02	  2.40e-02	2.13048e-02
  2.42e-02	  2.45e-02	1.04508e-02
  2.42e-02	  2.50e-02	-4.92455e-04
  2.42e-02	  2.55e-02	-1.16210e-02
  2.42e-02	  2.60e-02	-2.30358e-02
  2.42e-02	  2.66e-02	-3.48459e-02
  2.42e-02	  2.71e-02	-4.71721e-02
  2.42e-02	  2.76e-02	-6.01491e-02
  2.42e-02	  2.81e-02	-7.39243e-02
  2.42e-02	  2.86e-02	-8.86495e-02
  2.42e-02	  2.92e-02	-1.04459e-01
  2.42e-02	  2.97e-02	-1.21427e-01
  2.42e-02	  3.02e-02	-1.39502e-01
  2.42e-02	  3.07e-02	-1.58426e-01
  2.42e-02	  3.13e-02	-1.77694e-01
  2.42e-02	  3.18e-02	-1.96630e-01
  2.42e-02	  3.23e-02	-2.14694e-01
  2.42e-02	  3.28e-02	-2.32006e-01
  2.42e-02	  3.33e-02	-2.49880e-01
  2.42e-02	  3.39e-02	-2.70690e-01
  2.42e-02	  3.44e-02	-2.95000e-01
  2.42e-02	  3.49e-02	-3.08037e-01
  2.42e-02	  3.54e-02	-2.29790e-01
  2.42e-02	  3.59e-02	2.12706e-01
  2.42e-02	  3.65e-02	1.63497e+00
  2.42e-02	  3.70e-02	4.85305e+00
  2.42e-02	  3.75e-02	1.00841e+01
  2.42e-02	  3.80e-02	1.60561e+01
  2.42e-02	  3.85e-02	2.07872e+01
  2.42e-02	  3.91e-02	2.20625e+01
  2.42e-02	  3.96e-02	2.93831e+01
  2.42e-02	  4.01e-02	5.77064e-32
  2.42e-02	  4.06e-02	9.36702e-65
  2.42e-02	  4.11e-02	1.40479e-97
  2.42e-02	  4.17e-02	2.10681e-130
  2.42e-02	  4.22e-02	3.15967e-163
  2.42e-02	  4.27e-02	4.73875e-196
  2.42e-02	  4.32e-02	7.10706e-229
  2.42e-02	  4.37e-02	1.06592e-261
  2.42e-02	  4.43e-02	1.59869e-294
  2.42e-02	  4.48e-02	0.00000e+00
  2.42e-02	  4.53e-02	0.00000e+00
  2.42e-02	  4.58e-02	0.00000e+00
  2.42e-02	  4.64e-02	0.00000e+00
  2.42e-02	  4.69e-02	0.00000e+00
  2.42e-02	  4.74e-02	0.00000e+00
  2.42e-02	  4.79e-02	0.00000e+00
  2.42e-02	  4.84e-02	0.00000e+00
  2.42e-02	  4.90e-02	0.00000e+00
  2.42e-02	  4.95e-02	0.00000e+00

  2.50e-02	  0.00e+00	0.00000e+00
  2.50e-02	  5.21e-04	0.00000e+00
  2.50e-02	  1.04e-03	0.00000e+00
  2.50e-02	  1.56e-03	0.00000e+00
  2.50e-02	  2.08e-03	0.00000e+00
  2.50e-02	  2.60e-03	0.00000e+00
  2.50e-02	  3.12e-03	0.00000e+00
  2.50e-02	  3.65e-03	0.00000e+00
  2.50e-02	  4.17e-03	-1.40441e-294
  2.50e-02	  4.69e-03	-9.35697e-262
  2.50e-02	  5.21e-03	-6.23453e-229
  2.50e-02	  5.73e-03	-4.15429e-196
  2.50e-02	  6.25e-03	-2.76830e-163
  2.50e-02	  6.77e-03	-1.84480e-130
  2.50e-02	  7.29e-03	-1.22943e-97
  2.50e-02	  7.81e-03	-8.19357e-65
  2.50e-02	  8.33e-03	-5.46083e-32
  2.50e-02	  8.85e-03	-2.61102e+01
  2.50e-02	  9.37e-03	-2.07503e+01
  2.50e-02	  9.90e-03	-2.02634e+01
  2.50e-02	  1.04e-02	-1.64010e+01
  2.50e-02	  1.09e-02	-1.10179e+01
  2.50e-02	  1.15e-02	-5.82646e+00
  2.50e-02	  1.20e-02	-2.28448e+00
  2.50e-02	  1.25e-02	-5.22182e-01
  2.50e-02	  1.30e-02	1.25053e-01
  2.50e-02	  1.35e-02	2.89651e-01
  2.50e-02	  1.41e-02	3.04927e-01
  2.50e-02	  1.46e-02	2.88611e-01
  2.50e-02	  1.51e-02	2.70102e-01
  2.50e-02	  1.56e-02	2.53433e-01
  2.50e-02	  1.61e-02	2.37458e-01
  2.50e-02	  1.67e-02	2.20985e-01
  2.50e-02	  1.72e-02	2.03685e-01
  2.50e-02	  1.77e-02	1.85891e-01
  2.50e-02	  1.82e-02	1.68177e-01
  2.50e-02	  1.88e-02	1.51050e-01
  2.50e-02	  1.93e-02	1.34817e-01
  2.50e-02	  1.98e-02	1.19589e-01
  2.50e-02	  2.03e-02	1.05335e-01
  2.50e-02	  2.08e-02	9.19471e-02
  2.50e-02	  2.14e-02	7.92841e-02
  2.50e-02	  2.19e-02	6.72004e-02
  2.50e-02	  2.24e-02	5.55585e-02
  2.50e-02	  2.29e-02	4.42331e-02
  2.50e-02	  2.34e-02	3.31111e-02
  2.50e-02	  2.40e-02	2.20891e-02
  2.50e-02	  2.45e-02	1.10699e-02
  2.50e-02	  2.50e-02	-4.08042e-05
  2.50e-02	  2.55e-02	-1.13381e-02
  2.50e-02	  2.60e-02	-2.29217e-02
  2.50e-02	  2.66e-02	-3.49001e-02
  2.50e-02	  2.71e-02	-4.73933e-02
  2.50e-02	  2.76e-02	-6.05349e-02
  2.50e-02	  2.81e-02	-7.44699e-02
  2.50e-02	  2.86e-02	-8.93445e-02
  2.50e-02	  2.92e-02	-1.05282e-01
  2.50e-02	  2.97e-02	-1.22336e-01
  2.50e-02	  3.02e-02	-1.40426e-01
  2.50e-02	  3.07e-02	-1.59266e-01
  2.50e-02	  3.13e-02	-1.78336e-01
  2.50e-02	  3.18e-02	-1.96988e-01
  2.50e-02	  3.23e-02	-2.14763e-01
  2.50e-02	  3.28e-02	-2.31886e-01
  2.50e-02	  3.33e-02	-2.49697e-01
  2.50e-02	  3.39e-02	-2.70293e-01
  2.50e-02	  3.44e-02	-2.93118e-01
  2.50e-02	  3.49e-02	-2.99874e-01
  2.50e-02	  3.54e-02	-2.01022e-01
  2.50e-02	  3.59e-02	2.94200e-01
  2.50e-02	  3.65e-02	1.81172e+00
  2.50e-02	  3.70e-02	5.12596e+00
  2.50e-02	  3.75e-02	1.03402e+01
  2.50e-02	  3.80e-02	1.61358e+01
  2.50e-02	  3.85e-02	2.06669e+01
  2.50e-02	  3.91e-02	2.18278e+01
  2.50e-02	  3.96e-02	2.89837e+01
  2.50e-02	  4.01e-02	5.67976e-32
  2.50e-02	  4.06e-02	9.22107e-65
  2.50e-02	  4.11e-02	1.38287e-97
  2.50e-02	  4.17e-02	2.07389e-130
  2.50e-02	  4.22e-02	3.11026e-163
  2.50e-02	  4.27e-02	4.66458e-196
  2.50e-02	  4.32e-02	6.99579e-229
  2.50e-02	  4.37e-02	1.04923e-261
  2.50e-02	  4.43e-02	1.57367e-294
  2.50e-02	  4.48e-02	0.00000e+00
  2.50e-02	  4.53e-02	0.00000e+00
  2.50e-02	  4.58e-02	0.00000e+00
  2.50e-02	  4.64e-02	0.00000e+00
  2.50e-02	  4.69e-02	0.00000e+00
  2.50e-02	  4.74e-02	0.00000e+00
  2.50e-02	  4.79e-02	0.00000e+00
  2.50e-02	  4.84e-02	0.00000e+00
  2.50e-02	  4.90e-02	0.00000e+00
  2.50e-02	  4.95e-02	0.00000e+00

  2.58e-02	  0.00e+00	0.00000e+00
  2.58e-02	  5.21e-04	0.00000e+00
  2.58e-02	  1.04e-03	0.00000e+00
  2.58e-02	  1.56e-03	0.00000e+00
  2.58e-02	  2.08e-03	0.00000e+00
  2.58e-02	  2.60e-03	0.00000e+00
  2.58e-02	  3.12e-03	0.00000e+00
  2.58e-02	  3.65e-03	0.00000e+00
  2.58e-02	  4.17e-03	-1.36815e-294
  2.58e-02	  4.69e-03	-9.11459e-262
  2.58e-02	  5.21e-03	-6.07260e-229
  2.58e-02	  5.73e-03	-4.04615e-196
  2.58e-02	  6.25e-03	-2.69610e-163
  2.58e-02	  6.77e-03	-1.79661e-130
  2.58e-02	  7.29e-03	-1.19728e-97
  2.58e-02	  7.81e-03	-7.97911e-65
  2.58e-02	  8.33e-03	-5.31780e-32
  2.58e-02	  8.85e-03	-2.55096e+01
  2.58e-02	  9.37e-03	-2.04322e+01
  2.58e-02	  9.90e-03	-2.00936e+01
  2.58e-02	  1.04e-02	-1.64619e+01
  2.58e-02	  1.09e-02	-1.12955e+01
  2.58e-02	  1.15e-02	-6.15854e+00
  2.58e-02	  1.20e-02	-2.52412e+00
  2.58e-02	  1.25e-02	-6.45887e-01
  2.58e-02	  1.30e-02	7.59996e-02
  2.58e-02	  1.35e-02	2.74155e-01
  2.58e-02	  1.41e-02	3.01228e-01
  2.58e-02	  1.46e-02	2.88377e-01
  2.58e-02	  1.51e-02	2.70712e-01
  2.58e-02	  1.56e-02	2.54254e-01
  2.58e-02	  1.61e-02	2.38466e-01
  2.58e-02	  1.67e-02	2.22266e-01
  2.58e-02	  1.72e-02	2.05273e-01
  2.58e-02	  1.77e-02	1.87737e-01
  2.58e-02	  1.82e-02	1.70186e-01
  2.58e-02	  1.88e-02	1.53121e-01
  2.58e-02	  1.93e-02	1.36870e-01
  2.58e-02	  1.98e-02	1.21570e-01
  2.58e-02	  2.03e-02	1.07212e-01
  2.58e-02	  2.08e-02	9.37021e-02
  2.58e-02	  2.14e-02	8.09078e-02
  2.58e-02	  2.19e-02	6.86858e-02
  2.58e-02	  2.24e-02	5.68993e-02
  2.58e-02	  2.29e-02	4.54227e-02
  2.58e-02	  2.34e-02	3.41427e-02
  2.58e-02	  2.40e-02	2.29564e-02
  2.58e-02	  2.45e-02	1.17678e-02
  2.58e-02	  2.50e-02	4.84524e-04
  2.58e-02	  2.55e-02	-1.09865e-02
  2.58e-02	  2.60e-02	-2.27430e-02
  2.58e-02	  2.66e-02	-3.48912e-02
  2.58e-02	  2.71e-02	-4.75496e-02
  2.58e-02	  2.76e-02	-6.08499e-02
  2.58e-02	  2.81e-02	-7.49344e-02
  2.58e-02	  2.86e-02	-8.99433e-02
  2.58e-02	  2.92e-02	-1.05988e-01
  2.58e-02	  2.97e-02	-1.23106e-01
  2.58e-02	  3.02e-02	-1.41192e-01
  2.58e-02	  3.07e-02	-1.59937e-01
  2.58e-02	  3.13e-02	-1.78820e-01
  2.58e-02	  3.18e-02	-1.97233e-01
  2.58e-02	  3.23e-02	-2.14800e-01
  2.58e-02	  3.28e-02	-2.31835e-01
  2.58e-02	  3.33e-02	-2.49663e-01
  2.58e-02	  3.39e-02	-2.70029e-01
  2.58e-02	  3.44e-02	-2.91134e-01
  2.58e-02	  3.49e-02	-2.90936e-01
  2.58e-02	  3.54e-02	-1.70166e-01
  2.58e-02	  3.59e-02	3.79048e-01
  2.58e-02	  3.65e-02	1.98985e+00
  2.58e-02	  3.70e-02	5.39076e+00
  2.58e-02	  3.75e-02	1.05763e+01
  2.58e-02	  3.80e-02	1.61990e+01
  2.58e-02	  3.85e-02	2.05458e+01
  2.58e-02	  3.91e-02	2.16035e+01
  2.58e-02	  3.96e-02	2.86057e+01
  2.58e-02	  4.01e-02	5.59499e-32
  2.58e-02	  4.06e-02	9.08323e-65
  2.58e-02	  4.11e-02	1.36216e-97
  2.58e-02	  4.17e-02	2.04280e-130
  2.58e-02	  4.22e-02	3.06357e-163
  2.58e-02	  4.27e-02	4.59452e-196
  2.58e-02	  4.32e-02	6.89068e-229
  2.58e-02	  4.37e-02	1.03347e-261
  2.58e-02	  4.43e-02	1.55007e-294
  2.58e-02	  4.48e-02	0.00000e+00
  2.58e-02	  4.53e-02	0.00000e+00
  2.58e-02	  4.58e-02	0.00000e+00
  2.58e-02	  4.64e-02	0.00000e+00
  2.58e-02	  4.69e-02	0.00000e+00
  2.58e-02	  4.74e-02	0.00000e+00
  2.58e-02	  4.79e-02	0.00000e+00
  2.58e-02	  4.84e-02	0.00000e+00
  2.58e-02	  4.90e-02	0.00000e+00
  2.58e-02	  4.95e-02	0.00000e+00

  2.66e-02	  0.00e+00	0.00000e+00
  2.66e-02	  5.21e-04	0.00000e+00
  2.66e-02	  1.04e-03	0.00000e+00
  2.66e-02	  1.56e-03	0.00000e+00
  2.66e-02	  2.08e-03	0.00000e+00
  2.66e-02	  2.60e-03	0.00000e+00
  2.66e-02	  3.12e-03	0.00000e+00
  2.66e-02	  3.65e-03	0.00000e+00
  2.66e-02	  4.17e-03	-1.33236e-294
  2.66e-02	  4.69e-03	-8.87525e-262
  2.66e-02	  5.21e-03	-5.91266e-229
  2.66e-02	  5.73e-03	-3.93933e-196
  2.66e-02	  6.25e-03	-2.62479e-163
  2.66e-02	  6.77e-03	-1.74902e-130
  2.66e-02	  7.29e-03	-1.16552e-97
  2.66e-02	  7.81e-03	-7.76730e-65
  2.66e-02	  8.33e-03	-5.17654e-32
  2.66e-02	  8.85e-03	-2.49139e+01
  2.66e-02	  9.37e-03	-2.01169e+01
  2.66e-02	  9.90e-03	-1.99199e+01
  2.66e-02	  1.04e-02	-1.65070e+01
  2.66e-02	  1.09e-02	-1.15548e+01
  2.66e-02	  1.15e-02	-6.48565e+00
  2.66e-02	  1.20e-02	-2.76992e+00
  2.66e-02	  1.25e-02	-7.77404e-01
  2.66e-02	  1.30e-02	2.20478e-02
  2.66e-02	  1.35e-02	2.56582e-01
  2.66e-02	  1.41e-02	2.96950e-01
  2.66e-02	  1.46e-02	2.88147e-01
  2.66e-02	  1.51e-02	2.71468e-01
  2.66e-02	  1.56e-02	2.55173e-01
  2.66e-02	  1.61e-02	2.39460e-01
  2.66e-02	  1.67e-02	2.23429e-01
  2.66e-02	  1.72e-02	2.06673e-01
  2.66e-02	  1.77e-02	1.89368e-01
  2.66e-02	  1.82e-02	1.71986e-01
  2.66e-02	  1.88e-02	1.55009e-01
  2.66e-02	  1.93e-02	1.38775e-01
  2.66e-02	  1.98e-02	1.23440e-01
  2.66e-02	  2.03e-02	1.09015e-01
  2.66e-02	  2.08e-02	9.54180e-02
  2.66e-02	  2.14e-02	8.25234e-02
  2.66e-02	  2.19e-02	7.01901e-02
  2.66e-02	  2.24e-02	5.82810e-02
  2.66e-02	  2.29e-02	4.66700e-02
  2.66e-02	  2.34e-02	3.52436e-02
  2.66e-02	  2.40e-02	2.39000e-02
  2.66e-02	  2.45e-02	1.25455e-02
  2.66e-02	  2.50e-02	1.09100e-03
  2.66e-02	  2.55e-02	-1.05524e-02
  2.66e-02	  2.60e-02	-2.24782e-02
  2.66e-02	  2.66e-02	-3.47888e-02
  2.66e-02	  2.71e-02	-4.75993e-02
  2.66e-02	  2.76e-02	-6.10385e-02
  2.66e-02	  2.81e-02	-7.52450e-02
  2.66e-02	  2.86e-02	-9.03535e-02
  2.66e-02	  2.92e-02	-1.06466e-01
  2.66e-02	  2.97e-02	-1.23604e-01
  2.66e-02	  3.02e-02	-1.41644e-01
  2.66e-02	  3.07e-02	-1.60269e-01
  2.66e-02	  3.13e-02	-1.78970e-01
  2.66e-02	  3.18e-02	-1.97192e-01
  2.66e-02	  3.23e-02	-2.14645e-01
  2.66e-02	  3.28e-02	-2.31717e-01
  2.66e-02	  3.33e-02	-2.49668e-01
  2.66e-02	  3.39e-02	-2.69821e-01
  2.66e-02	  3.44e-02	-2.89000e-01
  2.66e-02	  3.49e-02	-2.81207e-01
  2.66e-02	  3.54e-02	-1.37267e-01
  2.66e-02	  3.59e-02	4.67015e-01
  2.66e-02	  3.65e-02	2.16881e+00
  2.66e-02	  3.70e-02	5.64716e+00
  2.66e-02	  3.75e-02	1.07937e+01
  2.66e-02	  3.80e-02	1.62480e+01
  2.66e-02	  3.85e-02	2.04248e+01
  2.66e-02	  3.91e-02	2.13884e+01
  2.66e-02	  3.96e-02	2.82457e+01
  2.66e-02	  4.01e-02	5.51591e-32
  2.66e-02	  4.06e-02	8.95227e-65
  2.66e-02	  4.11e-02	1.34249e-97
  2.66e-02	  4.17e-02	2.01324e-130
  2.66e-02	  4.22e-02	3.01920e-163
  2.66e-02	  4.27e-02	4.52793e-196
  2.66e-02	  4.32e-02	6.79083e-229
  2.66e-02	  4.37e-02	1.01851e-261
  2.66e-02	  4.43e-02	1.52767e-294
  2.66e-02	  4.48e-02	0.00000e+00
  2.66e-02	  4.53e-02	0.00000e+00
  2.66e-02	  4.58e-02	0.00000e+00
  2.66e-02	  4.64e-02	0.00000e+00
  2.66e-02	  4.69e-02	0.00000e+00
  2.66e-02	  4.74e-02	0.00000e+00
  2.66e-02	  4.79e-02	0.00000e+00
  2.66e-02	  4.84e-02	0.00000e+00
  2.66e-02	  4.90e-02	0.00000e+00
  2.66e-02	  4.95e-02	0.00000e+00

  2.73e-02	  0.00e+00	0.00000e+00
  2.73e-02	  5.21e-04	0.00000e+00
  2.73e-02	  1.04e-03	0.00000e+00
  2.73e-02	  1.56e-03	0.00000e+00
  2.73e-02	  2.08e-03	0.00000e+00
  2.73e-02	  2.60e-03	0.00000e+00
  2.73e-02	  3.12e-03	0.00000e+00
  2.73e-02	  3.65e-03	0.00000e+00
  2.73e-02	  4.17e-03	-1.29679e-294
  2.73e-02	  4.69e-03	-8.63732e-262
  2.73e-02	  5.21e-03	-5.75363e-229
  2.73e-02	  5.73e-03	-3.83311e-196
  2.73e-02	  6.25e-03	-2.55387e-163
  2.73e-02	  6.77e-03	-1.70170e-130
  2.73e-02	  7.29e-03	-1.13396e-97
  2.73e-02	  7.81e-03	-7.55677e-65
  2.73e-02	  8.33e-03	-5.03616e-32
  2.73e-02	  8.85e-03	-2.43195e+01
  2.73e-02	  9.37e-03	-1.98032e+01
  2.73e-02	  9.90e-03	-1.97427e+01
  2.73e-02	  1.04e-02	-1.65383e+01
  2.73e-02	  1.09e-02	-1.17971e+01
  2.73e-02	  1.15e-02	-6.80767e+00
  2.73e-02	  1.20e-02	-3.02163e+00
  2.73e-02	  1.25e-02	-9.16838e-01
  2.73e-02	  1.30e-02	-3.70265e-02
  2.73e-02	  1.35e-02	2.36788e-01
  2.73e-02	  1.41e-02	2.92029e-01
  2.73e-02	  1.46e-02	2.87873e-01
  2.73e-02	  1.51e-02	2.72296e-01
  2.73e-02	  1.56e-02	2.56072e-01
  2.73e-02	  1.61e-02	2.40278e-01
  2.73e-02	  1.67e-02	2.24269e-01
  2.73e-02	  1.72e-02	2.07651e-01
  2.73e-02	  1.77e-02	1.90533e-01
  2.73e-02	  1.82e-02	1.73324e-01
  2.73e-02	  1.88e-02	1.56472e-01
  2.73e-02	  1.93e-02	1.40310e-01
  2.73e-02	  1.98e-02	1.25004e-01
  2.73e-02	  2.03e-02	1.10577e-01
  2.73e-02	  2.08e-02	9.69578e-02
  2.73e-02	  2.14e-02	8.40228e-02
  2.73e-02	  2.19e-02	7.16317e-02
  2.73e-02	  2.24e-02	5.96455e-02
  2.73e-02	  2.29e-02	4.79367e-02
  2.73e-02	  2.34e-02	3.63916e-02
  2.73e-02	  2.40e-02	2.49102e-02
  2.73e-02	  2.45e-02	1.34031e-02
  2.73e-02	  2.50e-02	1.78723e-03
  2.73e-02	  2.55e-02	-1.00190e-02
  2.73e-02	  2.60e-02	-2.21015e-02
  2.73e-02	  2.66e-02	-3.45555e-02
  2.73e-02	  2.71e-02	-4.74899e-02
  2.73e-02	  2.76e-02	-6.10283e-02
  2.73e-02	  2.81e-02	-7.53048e-02
  2.73e-02	  2.86e-02	-9.04488e-02
  2.73e-02	  2.92e-02	-1.06555e-01
  2.73e-02	  2.97e-02	-1.23635e-01
  2.73e-02	  3.02e-02	-1.41559e-01
  2.73e-02	  3.07e-02	-1.60012e-01
  2.73e-02	  3.13e-02	-1.78520e-01
  2.73e-02	  3.18e-02	-1.96596e-01
  2.73e-02	  3.23e-02	-2.14042e-01
  2.73e-02	  3.28e-02	-2.31300e-01
  2.73e-02	  3.33e-02	-2.49525e-01
  2.73e-02	  3.39e-02	-2.69530e-01
  2.73e-02	  3.44e-02	-2.86631e-01
  2.73e-02	  3.49e-02	-2.70650e-01
  2.73e-02	  3.54e-02	-1.02368e-01
  2.73e-02	  3.59e-02	5.57865e-01
  2.73e-02	  3.65e-02	2.34814e+00
  2.73e-02	  3.70e-02	5.89500e+00
  2.73e-02	  3.75e-02	1.09938e+01
  2.73e-02	  3.80e-02	1.62850e+01
  2.73e-02	  3.85e-02	2.03044e+01
  2.73e-02	  3.91e-02	2.11816e+01
  2.73e-02	  3.96e-02	2.79003e+01
  2.73e-02	  4.01e-02	5.44218e-32
  2.73e-02	  4.06e-02	8.82691e-65
  2.73e-02	  4.11e-02	1.32365e-97
  2.73e-02	  4.17e-02	1.98494e-130
  2.73e-02	  4.22e-02	2.97671e-163
  2.73e-02	  4.27e-02	4.46419e-196
  2.73e-02	  4.32e-02	6.69528e-229
  2.73e-02	  4.37e-02	1.00420e-261
  2.73e-02	  4.43e-02	1.50628e-294
  2.73e-02	  4.48e-02	0.00000e+00
  2.73e-02	  4.53e-02	0.00000e+00
  2.73e-02	  4.58e-02	0.00000e+00
  2.73e-02	  4.64e-02	0.00000e+00
  2.73e-02	  4.69e-02	0.00000e+00
  2.73e-02	  4.74e-02	0.00000e+00
  2.73e-02	  4.79e-02	0.00000e+00
  2.73e-02	  4.84e-02	0.00000e+00
  2.73e-02	  4.90e-02	0.00000e+00
  2.73e-02	  4.95e-02	0.00000e+00

  2.81e-02	  0.00e+00	0.00000e+00
  2.81e-02	  5.21e-04	0.00000e+00
  2.81e-02	  1.04e-03	0.00000e+00
  2.81e-02	  1.56e-03	0.00000e+00
  2.81e-02	  2.08e-03	0.00000e+00
  2.81e-02	  2.60e-03	0.00000e+00
  2.81e-02	  3.12e-03	0.00000e+00
  2.81e-02	  3.65e-03	0.00000e+00
  2.81e-02	  4.17e-03	-1.26120e-294
  2.81e-02	  4.69e-03	-8.39915e-262
  2.81e-02	  5.21e-03	-5.59441e-229
  2.81e-02	  5.73e-03	-3.72675e-196
  2.81e-02	  6.25e-03	-2.48287e-163
  2.81e-02	  6.77e-03	-1.65433e-130
  2.81e-02	  7.29e-03	-1.10236e-97
  2.81e-02	  7.81e-03	-7.34610e-65
  2.81e-02	  8.33e-03	-4.89572e-32
  2.81e-02	  8.85e-03	-2.37224e+01
  2.81e-02	  9.37e-03	-1.94894e+01
  2.81e-02	  9.90e-03	-1.95620e+01
  2.81e-02	  1.04e-02	-1.65577e+01
  2.81e-02	  1.09e-02	-1.20240e+01
  2.81e-02	  1.15e-02	-7.12460e+00
  2.81e-02	  1.20e-02	-3.27902e+00
  2.81e-02	  1.25e-02	-1.06428e+00
  2.81e-02	  1.30e-02	-1.01434e-01
  2.81e-02	  1.35e-02	2.14635e-01
  2.81e-02	  1.41e-02	2.86398e-01
  2.81e-02	  1.46e-02	2.87491e-01
  2.81e-02	  1.51e-02	2.73085e-01
  2.81e-02	  1.56e-02	2.56778e-01
  2.81e-02	  1.61e-02	2.40679e-01
  2.81e-02	  1.67e-02	2.24487e-01
  2.81e-02	  1.72e-02	2.07865e-01
  2.81e-02	  1.77e-02	1.90870e-01
  2.81e-02	  1.82e-02	1.73837e-01
  2.81e-02	  1.88e-02	1.57162e-01
  2.81e-02	  1.93e-02	1.41157e-01
  2.81e-02	  1.98e-02	1.25982e-01
  2.81e-02	  2.03e-02	1.11664e-01
  2.81e-02	  2.08e-02	9.81306e-02
  2.81e-02	  2.14e-02	8.52585e-02
  2.81e-02	  2.19e-02	7.29027e-02
  2.81e-02	  2.24e-02	6.09194e-02
  2.81e-02	  2.29e-02	4.91774e-02
  2.81e-02	  2.34e-02	3.75628e-02
  2.81e-02	  2.40e-02	2.59788e-02
  2.81e-02	  2.45e-02	1.43432e-02
  2.81e-02	  2.50e-02	2.58358e-03
  2.81e-02	  2.55e-02	-9.36913e-03
  2.81e-02	  2.60e-02	-2.15872e-02
  2.81e-02	  2.66e-02	-3.41530e-02
  2.81e-02	  2.71e-02	-4.71644e-02
  2.81e-02	  2.76e-02	-6.07364e-02
  2.81e-02	  2.81e-02	-7.49968e-02
  2.81e-02	  2.86e-02	-9.00705e-02
  2.81e-02	  2.92e-02	-1.06049e-01
  2.81e-02	  2.97e-02	-1.22942e-01
  2.81e-02	  3.02e-02	-1.40627e-01
  2.81e-02	  3.07e-02	-1.58816e-01
  2.81e-02	  3.13e-02	-1.77090e-01
  2.81e-02	  3.18e-02	-1.95053e-01
  2.81e-02	  3.23e-02	-2.12610e-01
  2.81e-02	  3.28e-02	-2.30238e-01
  2.81e-02	  3.33e-02	-2.48939e-01
  2.81e-02	  3.39e-02	-2.68932e-01
  2.81e-02	  3.44e-02	-2.83877e-01
  2.81e-02	  3.49e-02	-2.59196e-01
  2.81e-02	  3.54e-02	-6.55091e-02
  2.81e-02	  3.59e-02	6.51355e-01
  2.81e-02	  3.65e-02	2.52738e+00
  2.81e-02	  3.70e-02	6.13426e+00
  2.81e-02	  3.75e-02	1.11781e+01
  2.81e-02	  3.80e-02	1.63119e+01
  2.81e-02	  3.85e-02	2.01851e+01
  2.81e-02	  3.91e-02	2.09818e+01
  2.81e-02	  3.96e-02	2.75659e+01
  2.81e-02	  4.01e-02	5.37350e-32
  2.81e-02	  4.06e-02	8.70583e-65
  2.81e-02	  4.11e-02	1.30545e-97
  2.81e-02	  4.17e-02	1.95760e-130
  2.81e-02	  4.22e-02	2.93567e-163
  2.81e-02	  4.27e-02	4.40263e-196
  2.81e-02	  4.32e-02	6.60307e-229
  2.81e-02	  4.37e-02	9.90410e-262
  2.81e-02	  4.43e-02	1.48569e-294
  2.81e-02	  4.48e-02	0.00000e+00
  2.81e-02	  4.53e-02	0.00000e+00
  2.81e-02	  4.58e-02	0.00000e+00
  2.81e-02	  4.64e-02	0.00000e+00
  2.81e-02	  4.69e-02	0.00000e+00
  2.81e-02	  4.74e-02	0.00000e+00
  2.81e-02	  4.79e-02	0.00000e+00
  2.81e-02	  4.84e-02	0.00000e+00
  2.81e-02	  4.90e-02	0.00000e+00
  2.81e-02	  4.95e-02	0.00000e+00

  2.89e-02	  0.00e+00	0.00000e+00
  2.89e-02	  5.21e-04	0.00000e+00
  2.89e-02	  1.04e-03	0.00000e+00
  2.89e-02	  1.56e-03	0.00000e+00
  2.89e-02	  2.08e-03	0.00000e+00
  2.89e-02	  2.60e-03	0.00000e+00
  2.89e-02	  3.12e-03	0.00000e+00
  2.89e-02	  3.65e-03	0.00000e+00
  2.89e-02	  4.17e-03	-1.22533e-294
  2.89e-02	  4.69e-03	-8.15899e-262
  2.89e-02	  5.21e-03	-5.43382e-229
  2.89e-02	  5.73e-03	-3.61948e-196
  2.89e-02	  6.25e-03	-2.41127e-163
  2.89e-02	  6.77e-03	-1.60656e-130
  2.89e-02	  7.29e-03	-1.07051e-97
  2.89e-02	  7.81e-03	-7.13380e-65
  2.89e-02	  8.33e-03	-4.75424e-32
  2.89e-02	  8.85e-03	-2.31184e+01
  2.89e-02	  9.37e-03	-1.91738e+01
  2.89e-02	  9.90e-03	-1.93778e+01
  2.89e-02	  1.04e-02	-1.65669e+01
  2.89e-02	  1.09e-02	-1.22370e+01
  2.89e-02	  1.15e-02	-7.43662e+00
  2.89e-02	  1.20e-02	-3.54191e+00
  2.89e-02	  1.25e-02	-1.21978e+00
  2.89e-02	  1.30e-02	-1.71353e-01
  2.89e-02	  1.35e-02	1.90008e-01
  2.89e-02	  1.41e-02	2.80000e-01
  2.89e-02	  1.46e-02	2.86928e-01
  2.89e-02	  1.51e-02	2.73694e-01
  2.89e-02	  1.56e-02	2.57055e-01
  2.89e-02	  1.61e-02	2.40335e-01
  2.89e-02	  1.67e-02	2.23677e-01
  2.89e-02	  1.72e-02	2.06852e-01
  2.89e-02	  1.77e-02	1.89883e-01
  2.89e-02	  1.82e-02	1.73024e-01
  2.89e-02	  1.88e-02	1.56602e-01
  2.89e-02	  1.93e-02	1.40880e-01
  2.89e-02	  1.98e-02	1.25995e-01
  2.89e-02	  2.03e-02	1.11958e-01
  2.89e-02	  2.08e-02	9.86871e-02
  2.89e-02	  2.14e-02	8.60451e-02
  2.89e-02	  2.19e-02	7.38753e-02
  2.89e-02	  2.24e-02	6.20233e-02
  2.89e-02	  2.29e-02	5.03508e-02
  2.89e-02	  2.34e-02	3.87427e-02
  2.89e-02	  2.40e-02	2.71079e-02
  2.89e-02	  2.45e-02	1.53765e-02
  2.89e-02	  2.50e-02	3.49373e-03
  2.89e-02	  2.55e-02	-8.58752e-03
  2.89e-02	  2.60e-02	-2.09163e-02
  2.89e-02	  2.66e-02	-3.35526e-02
  2.89e-02	  2.71e-02	-4.65749e-02
  2.89e-02	  2.76e-02	-6.00837e-02
  2.89e-02	  2.81e-02	-7.41976e-02
  2.89e-02	  2.86e-02	-8.90379e-02
  2.89e-02	  2.92e-02	-1.04699e-01
  2.89e-02	  2.97e-02	-1.21203e-01
  2.89e-02	  3.02e-02	-1.38455e-01
  2.89e-02	  3.07e-02	-1.56220e-01
  2.89e-02	  3.13e-02	-1.74170e-01
  2.89e-02	  3.18e-02	-1.92031e-01
  2.89e-02	  3.23e-02	-2.09819e-01
  2.89e-02	  3.28e-02	-2.28037e-01
  2.89e-02	  3.33e-02	-2.47482e-01
  2.89e-02	  3.39e-02	-2.67692e-01
  2.89e-02	  3.44e-02	-2.80512e-01
  2.89e-02	  3.49e-02	-2.46730e-01
  2.89e-02	  3.54e-02	-2.67190e-02
  2.89e-02	  3.59e-02	7.47230e-01
  2.89e-02	  3.65e-02	2.70610e+00
  2.89e-02	  3.70e-02	6.36500e+00
  2.89e-02	  3.75e-02	1.13480e+01
  2.89e-02	  3.80e-02	1.63305e+01
  2.89e-02	  3.85e-02	2.00671e+01
  2.89e-02	  3.91e-02	2.07876e+01
  2.89e-02	  3.96e-02	2.72385e+01
  2.89e-02	  4.01e-02	5.30966e-32
  2.89e-02	  4.06e-02	8.58755e-65
  2.89e-02	  4.11e-02	1.28767e-97
  2.89e-02	  4.17e-02	1.93089e-130
  2.89e-02	  4.22e-02	2.89557e-163
  2.89e-02	  4.27e-02	4.34253e-196
  2.89e-02	  4.32e-02	6.51314e-229
  2.89e-02	  4.37e-02	9.76979e-262
  2.89e-02	  4.43e-02	1.46569e-294
  2.89e-02	  4.48e-02	0.00000e+00
  2.89e-02	  4.53e-02	0.00000e+00
  2.89e-02	  4.58e-02	0.00000e+00
  2.89e-02	  4.64e-02	0.00000e+00
  2.89e-02	  4.69e-02	0.00000e+00
  2.89e-02	  4.74e-02	0.00000e+00
  2.89e-02	  4.79e-02	0.00000e+00
  2.89e-02	  4.84e-02	0.00000e+00
  2.89e-02	  4.90e-02	0.00000e+00
  2.89e-02	  4.95e-02	0.00000e+00

  2.97e-02	  0.00e+00	0.00000e+00
  2.97e-02	  5.21e-04	0.00000e+00
  2.97e-02	  1.04e-03	0.00000e+00
  2.97e-02	  1.56e-03	0.00000e+00
  2.97e-02	  2.08e-03	0.00000e+00
  2.97e-02	  2.60e-03	0.00000e+00
  2.97e-02	  3.12e-03	0.00000e+00
  2.97e-02	  3.65e-03	0.00000e+00
  2.97e-02	  4.17e-03	-1.18891e-294
  2.97e-02	  4.69e-03	-7.91499e-262
  2.97e-02	  5.21e-03	-5.27062e-229
  2.97e-02	  5.73e-03	-3.51046e-196
  2.97e-02	  6.25e-03	-2.33852e-163
  2.97e-02	  6.77e-03	-1.55804e-130
  2.97e-02	  7.29e-03	-1.03817e-97
  2.97e-02	  7.81e-03	-6.91831e-65
  2.97e-02	  8.33e-03	-4.61069e-32
  2.97e-02	  8.85e-03	-2.25029e+01
  2.97e-02	  9.37e-03	-1.88548e+01
  2.97e-02	  9.90e-03	-1.91899e+01
  2.97e-02	  1.04e-02	-1.65677e+01
  2.97e-02	  1.09e-02	-1.24378e+01
  2.97e-02	  1.15e-02	-7.74407e+00
  2.97e-02	  1.20e-02	-3.81014e+00
  2.97e-02	  1.25e-02	-1.38337e+00
  2.97e-02	  1.30e-02	-2.46905e-01
  2.97e-02	  1.35e-02	1.62838e-01
  2.97e-02	  1.41e-02	2.72809e-01
  2.97e-02	  1.46e-02	2.86117e-01
  2.97e-02	  1.51e-02	2.73955e-01
  2.97e-02	  1.56e-02	2.56614e-01
  2.97e-02	  1.61e-02	2.38834e-01
  2.97e-02	  1.67e-02	2.21318e-01
  2.97e-02	  1.72e-02	2.04011e-01
  2.97e-02	  1.77e-02	1.86924e-01
  2.97e-02	  1.82e-02	1.70230e-01
  2.97e-02	  1.88e-02	1.54163e-01
  2.97e-02	  1.93e-02	1.38909e-01
  2.97e-02	  1.98e-02	1.24552e-01
  2.97e-02	  2.03e-02	1.11061e-01
  2.97e-02	  2.08e-02	9.83229e-02
  2.97e-02	  2.14e-02	8.61699e-02
  2.97e-02	  2.19e-02	7.44186e-02
  2.97e-02	  2.24e-02	6.28932e-02
  2.97e-02	  2.29e-02	5.14422e-02
  2.97e-02	  2.34e-02	3.99478e-02
  2.97e-02	  2.40e-02	2.83278e-02
  2.97e-02	  2.45e-02	1.65329e-02
  2.97e-02	  2.50e-02	4.53835e-03
  2.97e-02	  2.55e-02	-7.66632e-03
  2.97e-02	  2.60e-02	-2.00906e-02
  2.97e-02	  2.66e-02	-3.27563e-02
  2.97e-02	  2.71e-02	-4.57086e-02
  2.97e-02	  2.76e-02	-5.90234e-02
  2.97e-02	  2.81e-02	-7.28052e-02
  2.97e-02	  2.86e-02	-8.71735e-02
  2.97e-02	  2.92e-02	-1.02235e-01
  2.97e-02	  2.97e-02	-1.18044e-01
  2.97e-02	  3.02e-02	-1.34562e-01
  2.97e-02	  3.07e-02	-1.51650e-01
  2.97e-02	  3.13e-02	-1.69112e-01
  2.97e-02	  3.18e-02	-1.86835e-01
  2.97e-02	  3.23e-02	-2.04969e-01
  2.97e-02	  3.28e-02	-2.24031e-01
  2.97e-02	  3.33e-02	-2.44568e-01
  2.97e-02	  3.39e-02	-2.65335e-01
  2.97e-02	  3.44e-02	-2.76202e-01
  2.97e-02	  3.49e-02	-2.33078e-01
  2.97e-02	  3.54e-02	1.39862e-02
  2.97e-02	  3.59e-02	8.45221e-01
  2.97e-02	  3.65e-02	2.88390e+00
  2.97e-02	  3.70e-02	6.58737e+00
  2.97e-02	  3.75e-02	1.15051e+01
  2.97e-02	  3.80e-02	1.63427e+01
  2.97e-02	  3.85e-02	1.99505e+01
  2.97e-02	  3.91e-02	2.05975e+01
  2.97e-02	  3.96e-02	2.69134e+01
  2.97e-02	  4.01e-02	5.25053e-32
  2.97e-02	  4.06e-02	8.47044e-65
  2.97e-02	  4.11e-02	1.27006e-97
  2.97e-02	  4.17e-02	1.90444e-130
  2.97e-02	  4.22e-02	2.85589e-163
  2.97e-02	  4.27e-02	4.28310e-196
  2.97e-02	  4.32e-02	6.42431e-229
  2.97e-02	  4.37e-02	9.63740e-262
  2.97e-02	  4.43e-02	1.44602e-294
  2.97e-02	  4.48e-02	0.00000e+00
  2.97e-02	  4.53e-02	0.00000e+00
  2.97e-02	  4.58e-02	0.00000e+00
  2.97e-02	  4.64e-02	0.00000e+00
  2.97e-02	  4.69e-02	0.00000e+00
  2.97e-02	  4.74e-02	0.00000e+00
  2.97e-02	  4.79e-02	0.00000e+00
  2.97e-02	  4.84e-02	0.00000e+00
  2.97e-02	  4.90e-02	0.00000e+00
  2.97e-02	  4.95e-02	0.00000e+00

  3.05e-02	  0.00e+00	0.00000e+00
  3.05e-02	  5.21e-04	0.00000e+00
  3.05e-02	  1.04e-03	0.00000e+00
  3.05e-02	  1.56e-03	0.00000e+00
  3.05e-02	  2.08e-03	0.00000e+00
  3.05e-02	  2.60e-03	0.00000e+00
  3.05e-02	  3.12e-03	0.00000e+00
  3.05e-02	  3.65e-03	0.00000e+00
  3.05e-02	  4.17e-03	-1.15163e-294
  3.05e-02	  4.69e-03	-7.66513e-262
  3.05e-02	  5.21e-03	-5.10346e-229
  3.05e-02	  5.73e-03	-3.39879e-196
  3.05e-02	  6.25e-03	-2.26400e-163
  3.05e-02	  6.77e-03	-1.50836e-130
  3.05e-02	  7.29e-03	-1.00507e-97
  3.05e-02	  7.81e-03	-6.69789e-65
  3.05e-02	  8.33e-03	-4.46394e-32
  3.05e-02	  8.85e-03	-2.18711e+01
  3.05e-02	  9.37e-03	-1.85301e+01
  3.05e-02	  9.90e-03	-1.89980e+01
  3.05e-02	  1.04e-02	-1.65615e+01
  3.05e-02	  1.09e-02	-1.26282e+01
  3.05e-02	  1.15e-02	-8.04752e+00
  3.05e-02	  1.20e-02	-4.08360e+00
  3.05e-02	  1.25e-02	-1.55497e+00
  3.05e-02	  1.30e-02	-3.28116e-01
  3.05e-02	  1.35e-02	1.33140e-01
  3.05e-02	  1.41e-02	2.64865e-01
  3.05e-02	  1.46e-02	2.85031e-01
  3.05e-02	  1.51e-02	2.73707e-01
  3.05e-02	  1.56e-02	2.55130e-01
  3.05e-02	  1.61e-02	2.35689e-01
  3.05e-02	  1.67e-02	2.16778e-01
  3.05e-02	  1.72e-02	1.98597e-01
  3.05e-02	  1.77e-02	1.81183e-01
  3.05e-02	  1.82e-02	1.64626e-01
  3.05e-02	  1.88e-02	1.49047e-01
  3.05e-02	  1.93e-02	1.34521e-01
  3.05e-02	  1.98e-02	1.21038e-01
  3.05e-02	  2.03e-02	1.08489e-01
  3.05e-02	  2.08e-02	9.66913e-02
  3.05e-02	  2.14e-02	8.54179e-02
  3.05e-02	  2.19e-02	7.44333e-02
  3.05e-02	  2.24e-02	6.35214e-02
  3.05e-02	  2.29e-02	5.25064e-02
  3.05e-02	  2.34e-02	4.12647e-02
  3.05e-02	  2.40e-02	2.97288e-02
  3.05e-02	  2.45e-02	1.78829e-02
  3.05e-02	  2.50e-02	5.75225e-03
  3.05e-02	  2.55e-02	-6.61247e-03
  3.05e-02	  2.60e-02	-1.91546e-02
  3.05e-02	  2.66e-02	-3.18313e-02
  3.05e-02	  2.71e-02	-4.46321e-02
  3.05e-02	  2.76e-02	-5.75910e-02
  3.05e-02	  2.81e-02	-7.07902e-02
  3.05e-02	  2.86e-02	-8.43496e-02
  3.05e-02	  2.92e-02	-9.84039e-02
  3.05e-02	  2.97e-02	-1.13068e-01
  3.05e-02	  3.02e-02	-1.28405e-01
  3.05e-02	  3.07e-02	-1.44423e-01
  3.05e-02	  3.13e-02	-1.61121e-01
  3.05e-02	  3.18e-02	-1.78596e-01
  3.05e-02	  3.23e-02	-1.97165e-01
  3.05e-02	  3.28e-02	-2.17355e-01
  3.05e-02	  3.33e-02	-2.39415e-01
  3.05e-02	  3.39e-02	-2.61221e-01
  3.05e-02	  3.44e-02	-2.70484e-01
  3.05e-02	  3.49e-02	-2.17987e-01
  3.05e-02	  3.54e-02	5.66079e-02
  3.05e-02	  3.59e-02	9.45036e-01
  3.05e-02	  3.65e-02	3.06035e+00
  3.05e-02	  3.70e-02	6.80165e+00
  3.05e-02	  3.75e-02	1.16511e+01
  3.05e-02	  3.80e-02	1.63499e+01
  3.05e-02	  3.85e-02	1.98352e+01
  3.05e-02	  3.91e-02	2.04096e+01
  3.05e-02	  3.96e-02	2.65851e+01
  3.05e-02	  4.01e-02	5.19606e-32
  3.05e-02	  4.06e-02	8.35259e-65
  3.05e-02	  4.11e-02	1.25234e-97
  3.05e-02	  4.17e-02	1.87782e-130
  3.05e-02	  4.22e-02	2.81599e-163
  3.05e-02	  4.27e-02	4.22341e-196
  3.05e-02	  4.32e-02	6.33525e-229
  3.05e-02	  4.37e-02	9.50496e-262
  3.05e-02	  4.43e-02	1.42641e-294
  3.05e-02	  4.48e-02	0.00000e+00
  3.05e-02	  4.53e-02	0.00000e+00
  3.05e-02	  4.58e-02	0.00000e+00
  3.05e-02	  4.64e-02	0.00000e+00
  3.05e-02	  4.69e-02	0.00000e+00
  3.05e-02	  4.74e-02	0.00000e+00
  3.05e-02	  4.79e-02	0.00000e+00
  3.05e-02	  4.84e-02	0.00000e+00
  3.05e-02	  4.90e-02	0.00000e+00
  3.05e-02	  4.95e-02	0.00000e+00

  3.13e-02	  0.00e+00	0.00000e+00
  3.13e-02	  5.21e-04	0.00000e+00
  3.13e-02	  1.04e-03	0.00000e+00
  3.13e-02	  1.56e-03	0.00000e+00
  3.13e-02	  2.08e-03	0.00000e+00
  3.13e-02	  2.60e-03	0.00000e+00
  3.13e-02	  3.12e-03	0.00000e+00
  3.13e-02	  3.65e-03	0.00000e+00
  3.13e-02	  4.17e-03	-1.11317e-294
  3.13e-02	  4.69e-03	-7.40719e-262
  3.13e-02	  5.21e-03	-4.93083e-229
  3.13e-02	  5.73e-03	-3.28346e-196
  3.13e-02	  6.25e-03	-2.18706e-163
  3.13e-02	  6.77e-03	-1.45709e-130
  3.13e-02	  7.29e-03	-9.70924e-98
  3.13e-02	  7.81e-03	-6.47061e-65
  3.13e-02	  8.33e-03	-4.31272e-32
  3.13e-02	  8.85e-03	-2.12172e+01
  3.13e-02	  9.37e-03	-1.81974e+01
  3.13e-02	  9.90e-03	-1.88015e+01
  3.13e-02	  1.04e-02	-1.65500e+01
  3.13e-02	  1.09e-02	-1.28104e+01
  3.13e-02	  1.15e-02	-8.34780e+00
  3.13e-02	  1.20e-02	-4.36226e+00
  3.13e-02	  1.25e-02	-1.73446e+00
  3.13e-02	  1.30e-02	-4.14872e-01
  3.13e-02	  1.35e-02	1.01075e-01
  3.13e-02	  1.41e-02	2.56334e-01
  3.13e-02	  1.46e-02	2.83737e-01
  3.13e-02	  1.51e-02	2.72842e-01
  3.13e-02	  1.56e-02	2.52286e-01
  3.13e-02	  1.61e-02	2.30367e-01
  3.13e-02	  1.67e-02	2.09331e-01
  3.13e-02	  1.72e-02	1.89725e-01
  3.13e-02	  1.77e-02	1.71669e-01
  3.13e-02	  1.82e-02	1.55185e-01
  3.13e-02	  1.88e-02	1.40260e-01
  3.13e-02	  1.93e-02	1.26821e-01
  3.13e-02	  1.98e-02	1.14709e-01
  3.13e-02	  2.03e-02	1.03681e-01
  3.13e-02	  2.08e-02	9.34301e-02
  3.13e-02	  2.14e-02	8.36172e-02
  3.13e-02	  2.19e-02	7.39120e-02
  3.13e-02	  2.24e-02	6.40260e-02
  3.13e-02	  2.29e-02	5.37395e-02
  3.13e-02	  2.34e-02	4.29176e-02
  3.13e-02	  2.40e-02	3.15158e-02
  3.13e-02	  2.45e-02	1.95736e-02
  3.13e-02	  2.50e-02	7.19827e-03
  3.13e-02	  2.55e-02	-5.45845e-03
  3.13e-02	  2.60e-02	-1.82302e-02
  3.13e-02	  2.66e-02	-3.09668e-02
  3.13e-02	  2.71e-02	-4.35642e-02
  3.13e-02	  2.76e-02	-5.59869e-02
  3.13e-02	  2.81e-02	-6.82803e-02
  3.13e-02	  2.86e-02	-8.05686e-02
  3.13e-02	  2.92e-02	-9.30376e-02
  3.13e-02	  2.97e-02	-1.05907e-01
  3.13e-02	  3.02e-02	-1.19404e-01
  3.13e-02	  3.07e-02	-1.33763e-01
  3.13e-02	  3.13e-02	-1.49257e-01
  3.13e-02	  3.18e-02	-1.66262e-01
  3.13e-02	  3.23e-02	-1.85303e-01
  3.13e-02	  3.28e-02	-2.06921e-01
  3.13e-02	  3.33e-02	-2.31026e-01
  3.13e-02	  3.39e-02	-2.54510e-01
  3.13e-02	  3.44e-02	-2.62743e-01
  3.13e-02	  3.49e-02	-2.01115e-01
  3.13e-02	  3.54e-02	1.01170e-01
  3.13e-02	  3.59e-02	1.04636e+00
  3.13e-02	  3.65e-02	3.23507e+00
  3.13e-02	  3.70e-02	7.00817e+00
  3.13e-02	  3.75e-02	1.17874e+01
  3.13e-02	  3.80e-02	1.63537e+01
  3.13e-02	  3.85e-02	1.97207e+01
  3.13e-02	  3.91e-02	2.02217e+01
  3.13e-02	  3.96e-02	2.62472e+01
  3.13e-02	  4.01e-02	5.14632e-32
  3.13e-02	  4.06e-02	8.23174e-65
  3.13e-02	  4.11e-02	1.23417e-97
  3.13e-02	  4.17e-02	1.85055e-130
  3.13e-02	  4.22e-02	2.77513e-163
  3.13e-02	  4.27e-02	4.16236e-196
  3.13e-02	  4.32e-02	6.24434e-229
  3.13e-02	  4.37e-02	9.37016e-262
  3.13e-02	  4.43e-02	1.40652e-294
  3.13e-02	  4.48e-02	0.00000e+00
  3.13e-02	  4.53e-02	0.00000e+00
  3.13e-02	  4.58e-02	0.00000e+00
  3.13e-02	  4.64e-02	0.00000e+00
  3.13e-02	  4.69e-02	0.00000e+00
  3.13e-02	  4.74e-02	0.00000e+00
  3.13e-02	  4.79e-02	0.00000e+00
  3.13e-02	  4.84e-02	0.00000e+00
  3.13e-02	  4.90e-02	0.00000e+00
  3.13e-02	  4.95e-02	0.00000e+00

  3.20e-02	  0.00e+00	0.00000e+00
  3.20e-02	  5.21e-04	0.00000e+00
  3.20e-02	  1.04e-03	0.00000e+00
  3.20e-02	  1.56e-03	0.00000e+00
  3.20e-02	  2.08e-03	0.00000e+00
  3.20e-02	  2.60e-03	0.00000e+00
  3.20e-02	  3.12e-03	0.00000e+00
  3.20e-02	  3.65e-03	0.00000e+00
  3.20e-02	  4.17e-03	-1.07315e-294
  3.20e-02	  4.69e-03	-7.13861e-262
  3.20e-02	  5.21e-03	-4.75104e-229
  3.20e-02	  5.73e-03	-3.16334e-196
  3.20e-02	  6.25e-03	-2.10694e-163
  3.20e-02	  6.77e-03	-1.40371e-130
  3.20e-02	  7.29e-03	-9.35397e-98
  3.20e-02	  7.81e-03	-6.23429e-65
  3.20e-02	  8.33e-03	-4.15559e-32
  3.20e-02	  8.85e-03	-2.05347e+01
  3.20e-02	  9.37e-03	-1.78538e+01
  3.20e-02	  9.90e-03	-1.85994e+01
  3.20e-02	  1.04e-02	-1.65343e+01
  3.20e-02	  1.09e-02	-1.29866e+01
  3.20e-02	  1.15e-02	-8.64610e+00
  3.20e-02	  1.20e-02	-4.64627e+00
  3.20e-02	  1.25e-02	-1.92161e+00
  3.20e-02	  1.30e-02	-5.06862e-01
  3.20e-02	  1.35e-02	6.70318e-02
  3.20e-02	  1.41e-02	2.47604e-01
  3.20e-02	  1.46e-02	2.82491e-01
  3.20e-02	  1.51e-02	2.71388e-01
  3.20e-02	  1.56e-02	2.47835e-01
  3.20e-02	  1.61e-02	2.22338e-01
  3.20e-02	  1.67e-02	1.98175e-01
  3.20e-02	  1.72e-02	1.76368e-01
  3.20e-02	  1.77e-02	1.57193e-01
  3.20e-02	  1.82e-02	1.40646e-01
  3.20e-02	  1.88e-02	1.26572e-01
  3.20e-02	  1.93e-02	1.14707e-01
  3.20e-02	  1.98e-02	1.04675e-01
  3.20e-02	  2.03e-02	9.60154e-02
  3.20e-02	  2.08e-02	8.82068e-02
  3.20e-02	  2.14e-02	8.07147e-02
  3.20e-02	  2.19e-02	7.30403e-02
  3.20e-02	  2.24e-02	6.47674e-02
  3.20e-02	  2.29e-02	5.55986e-02
  3.20e-02	  2.34e-02	4.53785e-02
  3.20e-02	  2.40e-02	3.40991e-02
  3.20e-02	  2.45e-02	2.18898e-02
  3.20e-02	  2.50e-02	8.99227e-03
  3.20e-02	  2.55e-02	-4.27684e-03
  3.20e-02	  2.60e-02	-1.75710e-02
  3.20e-02	  2.66e-02	-3.05629e-02
  3.20e-02	  2.71e-02	-4.29927e-02
  3.20e-02	  2.76e-02	-5.47090e-02
  3.20e-02	  2.81e-02	-6.56970e-02
  3.20e-02	  2.86e-02	-7.60900e-02
  3.20e-02	  2.92e-02	-8.61611e-02
  3.20e-02	  2.97e-02	-9.63026e-02
  3.20e-02	  3.02e-02	-1.07002e-01
  3.20e-02	  3.07e-02	-1.18827e-01
  3.20e-02	  3.13e-02	-1.32435e-01
  3.20e-02	  3.18e-02	-1.48574e-01
  3.20e-02	  3.23e-02	-1.68031e-01
  3.20e-02	  3.28e-02	-1.91376e-01
  3.20e-02	  3.33e-02	-2.18141e-01
  3.20e-02	  3.39e-02	-2.44131e-01
  3.20e-02	  3.44e-02	-2.52181e-01
  3.20e-02	  3.49e-02	-1.82008e-01
  3.20e-02	  3.54e-02	1.47729e-01
  3.20e-02	  3.59e-02	1.14888e+00
  3.20e-02	  3.65e-02	3.40770e+00
  3.20e-02	  3.70e-02	7.20738e+00
  3.20e-02	  3.75e-02	1.19159e+01
  3.20e-02	  3.80e-02	1.63552e+01
  3.20e-02	  3.85e-02	1.96064e+01
  3.20e-02	  3.91e-02	2.00306e+01
  3.20e-02	  3.96e-02	2.58915e+01
  3.20e-02	  4.01e-02	5.10145e-32
  3.20e-02	  4.06e-02	8.10511e-65
  3.20e-02	  4.11e-02	1.21513e-97
  3.20e-02	  4.17e-02	1.82199e-130
  3.20e-02	  4.22e-02	2.73240e-163
  3.20e-02	  4.27e-02	4.09861e-196
  3.20e-02	  4.32e-02	6.14962e-229
  3.20e-02	  4.37e-02	9.23006e-262
  3.20e-02	  4.43e-02	1.38591e-294
  3.20e-02	  4.48e-02	0.00000e+00
  3.20e-02	  4.53e-02	0.00000e+00
  3.20e-02	  4.58e-02	0.00000e+00
  3.20e-02	  4.64e-02	0.00000e+00
  3.20e-02	  4.69e-02	0.00000e+00
  3.20e-02	  4.74e-02	0.00000e+00
  3.20e-02	  4.79e-02	0.00000e+00
  3.20e-02	  4.84e-02	0.00000e+00
  3.20e-02	  4.90e-02	0.00000e+00
  3.20e-02	  4.95e-02	0.00000e+00

  3.28e-02	  0.00e+00	0.00000e+00
  3.28e-02	  5.21e-04	0.00000e+00
  3.28e-02	  1.04e-03	0.00000e+00
  3.28e-02	  1.56e-03	0.00000e+00
  3.28e-02	  2.08e-03	0.00000e+00
  3.28e-02	  2.60e-03	0.00000e+00
  3.28e-02	  3.12e-03	0.00000e+00
  3.28e-02	  3.65e-03	0.00000e+00
  3.28e-02	  4.17e-03	-1.03111e-294
  3.28e-02	  4.69e-03	-6.85644e-262
  3.28e-02	  5.21e-03	-4.56212e-229
  3.28e-02	  5.73e-03	-3.03712e-196
  3.28e-02	  6.25e-03	-2.02276e-163
  3.28e-02	  6.77e-03	-1.34765e-130
  3.28e-02	  7.29e-03	-8.98104e-98
  3.28e-02	  7.81e-03	-5.98640e-65
  3.28e-02	  8.33e-03	-3.99088e-32
  3.28e-02	  8.85e-03	-1.98157e+01
  3.28e-02	  9.37e-03	-1.74961e+01
  3.28e-02	  9.90e-03	-1.83905e+01
  3.28e-02	  1.04e-02	-1.65158e+01
  3.28e-02	  1.09e-02	-1.31594e+01
  3.28e-02	  1.15e-02	-8.94408e+00
  3.28e-02	  1.20e-02	-4.93601e+00
  3.28e-02	  1.25e-02	-2.11617e+00
  3.28e-02	  1.30e-02	-6.03513e-01
  3.28e-02	  1.35e-02	3.17518e-02
  3.28e-02	  1.41e-02	2.39429e-01
  3.28e-02	  1.46e-02	2.81880e-01
  3.28e-02	  1.51e-02	2.69635e-01
  3.28e-02	  1.56e-02	2.41703e-01
  3.28e-02	  1.61e-02	2.11136e-01
  3.28e-02	  1.67e-02	1.82461e-01
  3.28e-02	  1.72e-02	1.57336e-01
  3.28e-02	  1.77e-02	1.36317e-01
  3.28e-02	  1.82e-02	1.19441e-01
  3.28e-02	  1.88e-02	1.06435e-01
  3.28e-02	  1.93e-02	9.68011e-02
  3.28e-02	  1.98e-02	8.98637e-02
  3.28e-02	  2.03e-02	8.48170e-02
  3.28e-02	  2.08e-02	8.07853e-02
  3.28e-02	  2.14e-02	7.68963e-02
  3.28e-02	  2.19e-02	7.23590e-02
  3.28e-02	  2.24e-02	6.65356e-02
  3.28e-02	  2.29e-02	5.89954e-02
  3.28e-02	  2.34e-02	4.95468e-02
  3.28e-02	  2.40e-02	3.82415e-02
  3.28e-02	  2.45e-02	2.53553e-02
  3.28e-02	  2.50e-02	1.13472e-02
  3.28e-02	  2.55e-02	-3.19887e-03
  3.28e-02	  2.60e-02	-1.76434e-02
  3.28e-02	  2.66e-02	-3.13688e-02
  3.28e-02	  2.71e-02	-4.38576e-02
  3.28e-02	  2.76e-02	-5.47645e-02
  3.28e-02	  2.81e-02	-6.39733e-02
  3.28e-02	  2.86e-02	-7.16316e-02
  3.28e-02	  2.92e-02	-7.81581e-02
  3.28e-02	  2.97e-02	-8.42249e-02
  3.28e-02	  3.02e-02	-9.07222e-02
  3.28e-02	  3.07e-02	-9.87163e-02
  3.28e-02	  3.13e-02	-1.09400e-01
  3.28e-02	  3.18e-02	-1.24016e-01
  3.28e-02	  3.23e-02	-1.43690e-01
  3.28e-02	  3.28e-02	-1.69039e-01
  3.28e-02	  3.33e-02	-1.99184e-01
  3.28e-02	  3.39e-02	-2.28735e-01
  3.28e-02	  3.44e-02	-2.37788e-01
  3.28e-02	  3.49e-02	-1.60087e-01
  3.28e-02	  3.54e-02	1.96387e-01
  3.28e-02	  3.59e-02	1.25230e+00
  3.28e-02	  3.65e-02	3.57797e+00
  3.28e-02	  3.70e-02	7.39991e+00
  3.28e-02	  3.75e-02	1.20380e+01
  3.28e-02	  3.80e-02	1.63553e+01
  3.28e-02	  3.85e-02	1.94908e+01
  3.28e-02	  3.91e-02	1.98325e+01
  3.28e-02	  3.96e-02	2.55074e+01
  3.28e-02	  4.01e-02	5.06172e-32
  3.28e-02	  4.06e-02	7.96919e-65
  3.28e-02	  4.11e-02	1.19471e-97
  3.28e-02	  4.17e-02	1.79138e-130
  3.28e-02	  4.22e-02	2.68664e-163
  3.28e-02	  4.27e-02	4.03046e-196
  3.28e-02	  4.32e-02	6.04853e-229
  3.28e-02	  4.37e-02	9.08086e-262
  3.28e-02	  4.43e-02	1.36402e-294
  3.28e-02	  4.48e-02	0.00000e+00
  3.28e-02	  4.53e-02	0.00000e+00
  3.28e-02	  4.58e-02	0.00000e+00
  3.28e-02	  4.64e-02	0.00000e+00
  3.28e-02	  4.69e-02	0.00000e+00
  3.28e-02	  4.74e-02	0.00000e+00
  3.28e-02	  4.79e-02	0.00000e+00
  3.28e-02	  4.84e-02	0.00000e+00
  3.28e-02	  4.90e-02	0.00000e+00
  3.28e-02	  4.95e-02	0.00000e+00

  3.36e-02	  0.00e+00	0.00000e+00
  3.36e-02	  5.21e-04	0.00000e+00
  3.36e-02	  1.04e-03	0.00000e+00
  3.36e-02	  1.56e-03	0.00000e+00
  3.36e-02	  2.08e-03	0.00000e+00
  3.36e-02	  2.60e-03	0.00000e+00
  3.36e-02	  3.12e-03	0.00000e+00
  3.36e-02	  3.65e-03	0.00000e+00
  3.36e-02	  4.17e-03	-9.86506e-295
  3.36e-02	  4.69e-03	-6.55711e-262
  3.36e-02	  5.21e-03	-4.36172e-229
  3.36e-02	  5.73e-03	-2.90325e-196
  3.36e-02	  6.25e-03	-1.93351e-163
  3.36e-02	  6.77e-03	-1.28823e-130
  3.36e-02	  7.29e-03	-8.58596e-98
  3.36e-02	  7.81e-03	-5.72393e-65
  3.36e-02	  8.33e-03	-3.81661e-32
  3.36e-02	  8.85e-03	-1.90509e+01
  3.36e-02	  9.37e-03	-1.71197e+01
  3.36e-02	  9.90e-03	-1.81728e+01
  3.36e-02	  1.04e-02	-1.64955e+01
  3.36e-02	  1.09e-02	-1.33315e+01
  3.36e-02	  1.15e-02	-9.24403e+00
  3.36e-02	  1.20e-02	-5.23233e+00
  3.36e-02	  1.25e-02	-2.31790e+00
  3.36e-02	  1.30e-02	-7.03925e-01
  3.36e-02	  1.35e-02	-3.50116e-03
  3.36e-02	  1.41e-02	2.33146e-01
  3.36e-02	  1.46e-02	2.83044e-01
  3.36e-02	  1.51e-02	2.68335e-01
  3.36e-02	  1.56e-02	2.34133e-01
  3.36e-02	  1.61e-02	1.96438e-01
  3.36e-02	  1.67e-02	1.61299e-01
  3.36e-02	  1.72e-02	1.31223e-01
  3.36e-02	  1.77e-02	1.07228e-01
  3.36e-02	  1.82e-02	8.95313e-02
  3.36e-02	  1.88e-02	7.78065e-02
  3.36e-02	  1.93e-02	7.13032e-02
  3.36e-02	  1.98e-02	6.89323e-02
  3.36e-02	  2.03e-02	6.93592e-02
  3.36e-02	  2.08e-02	7.11235e-02
  3.36e-02	  2.14e-02	7.27772e-02
  3.36e-02	  2.19e-02	7.30265e-02
  3.36e-02	  2.24e-02	7.08544e-02
  3.36e-02	  2.29e-02	6.56073e-02
  3.36e-02	  2.34e-02	5.70363e-02
  3.36e-02	  2.40e-02	4.52944e-02
  3.36e-02	  2.45e-02	3.08959e-02
  3.36e-02	  2.50e-02	1.46487e-02
  3.36e-02	  2.55e-02	-2.43592e-03
  3.36e-02	  2.60e-02	-1.92480e-02
  3.36e-02	  2.66e-02	-3.46980e-02
  3.36e-02	  2.71e-02	-4.78421e-02
  3.36e-02	  2.76e-02	-5.80072e-02
  3.36e-02	  2.81e-02	-6.49006e-02
  3.36e-02	  2.86e-02	-6.86877e-02
  3.36e-02	  2.92e-02	-7.00237e-02
  3.36e-02	  2.97e-02	-7.00332e-02
  3.36e-02	  3.02e-02	-7.02399e-02
  3.36e-02	  3.07e-02	-7.24563e-02
  3.36e-02	  3.13e-02	-7.86385e-02
  3.36e-02	  3.18e-02	-9.06907e-02
  3.36e-02	  3.23e-02	-1.10171e-01
  3.36e-02	  3.28e-02	-1.37770e-01
  3.36e-02	  3.33e-02	-1.72149e-01
  3.36e-02	  3.39e-02	-2.06612e-01
  3.36e-02	  3.44e-02	-2.18293e-01
  3.36e-02	  3.49e-02	-1.34623e-01
  3.36e-02	  3.54e-02	2.47316e-01
  3.36e-02	  3.59e-02	1.35639e+00
  3.36e-02	  3.65e-02	3.74580e+00
  3.36e-02	  3.70e-02	7.58660e+00
  3.36e-02	  3.75e-02	1.21555e+01
  3.36e-02	  3.80e-02	1.63546e+01
  3.36e-02	  3.85e-02	1.93714e+01
  3.36e-02	  3.91e-02	1.96221e+01
  3.36e-02	  3.96e-02	2.50815e+01
  3.36e-02	  4.01e-02	5.02741e-32
  3.36e-02	  4.06e-02	7.81953e-65
  3.36e-02	  4.11e-02	1.17224e-97
  3.36e-02	  4.17e-02	1.75771e-130
  3.36e-02	  4.22e-02	2.63637e-163
  3.36e-02	  4.27e-02	3.95566e-196
  3.36e-02	  4.32e-02	5.93772e-229
  3.36e-02	  4.37e-02	8.91749e-262
  3.36e-02	  4.43e-02	1.34006e-294
  3.36e-02	  4.48e-02	0.00000e+00
  3.36e-02	  4.53e-02	0.00000e+00
  3.36e-02	  4.58e-02	0.00000e+00
  3.36e-02	  4.64e-02	0.00000e+00
  3.36e-02	  4.69e-02	0.00000e+00
  3.36e-02	  4.74e-02	0.00000e+00
  3.36e-02	  4.79e-02	0.00000e+00
  3.36e-02	  4.84e-02	0.00000e+00
  3.36e-02	  4.90e-02	0.00000e+00
  3.36e-02	  4.95e-02	0.00000e+00

  3.44e-02	  0.00e+00	0.00000e+00
  3.44e-02	  5.21e-04	0.00000e+00
  3.44e-02	  1.04e-03	0.00000e+00
  3.44e-02	  1.56e-03	0.00000e+00
  3.44e-02	  2.08e-03	0.00000e+00
  3.44e-02	  2.60e-03	0.00000e+00
  3.44e-02	  3.12e-03	0.00000e+00
  3.44e-02	  3.65e-03	0.00000e+00
  3.44e-02	  4.17e-03	-9.38658e-295
  3.44e-02	  4.69e-03	-6.23621e-262
  3.44e-02	  5.21e-03	-4.14700e-229
  3.44e-02	  5.73e-03	-2.75987e-196
  3.44e-02	  6.25e-03	-1.83794e-163
  3.44e-02	  6.77e-03	-1.22464e-130
  3.44e-02	  7.29e-03	-8.16331e-98
  3.44e-02	  7.81e-03	-5.44331e-65
  3.44e-02	  8.33e-03	-3.63042e-32
  3.44e-02	  8.85e-03	-1.82288e+01
  3.44e-02	  9.37e-03	-1.67192e+01
  3.44e-02	  9.90e-03	-1.79434e+01
  3.44e-02	  1.04e-02	-1.64738e+01
  3.44e-02	  1.09e-02	-1.35061e+01
  3.44e-02	  1.15e-02	-9.54908e+00
  3.44e-02	  1.20e-02	-5.53686e+00
  3.44e-02	  1.25e-02	-2.52674e+00
  3.44e-02	  1.30e-02	-8.06812e-01
  3.44e-02	  1.35e-02	-3.67057e-02
  3.44e-02	  1.41e-02	2.31005e-01
  3.44e-02	  1.46e-02	2.88016e-01
  3.44e-02	  1.51e-02	2.68986e-01
  3.44e-02	  1.56e-02	2.25893e-01
  3.44e-02	  1.61e-02	1.78170e-01
  3.44e-02	  1.67e-02	1.33734e-01
  3.44e-02	  1.72e-02	9.62470e-02
  3.44e-02	  1.77e-02	6.74762e-02
  3.44e-02	  1.82e-02	4.80649e-02
  3.44e-02	  1.88e-02	3.77909e-02
  3.44e-02	  1.93e-02	3.56727e-02
  3.44e-02	  1.98e-02	4.00673e-02
  3.44e-02	  2.03e-02	4.88246e-02
  3.44e-02	  2.08e-02	5.95158e-02
  3.44e-02	  2.14e-02	6.97089e-02
  3.44e-02	  2.19e-02	7.72465e-02
  3.44e-02	  2.24e-02	8.04726e-02
  3.44e-02	  2.29e-02	7.83738e-02
  3.44e-02	  2.34e-02	7.06272e-02
  3.44e-02	  2.40e-02	5.75672e-02
  3.44e-02	  2.45e-02	4.00993e-02
  3.44e-02	  2.50e-02	1.95839e-02
  3.44e-02	  2.55e-02	-2.29784e-03
  3.44e-02	  2.60e-02	-2.36943e-02
  3.44e-02	  2.66e-02	-4.27557e-02
  3.44e-02	  2.71e-02	-5.78310e-02
  3.44e-02	  2.76e-02	-6.76828e-02
  3.44e-02	  2.81e-02	-7.16958e-02
  3.44e-02	  2.86e-02	-7.00408e-02
  3.44e-02	  2.92e-02	-6.37535e-02
  3.44e-02	  2.97e-02	-5.46991e-02
  3.44e-02	  3.02e-02	-4.54184e-02
  3.44e-02	  3.07e-02	-3.88764e-02
  3.44e-02	  3.13e-02	-3.81427e-02
  3.44e-02	  3.18e-02	-4.60237e-02
  3.44e-02	  3.23e-02	-6.46238e-02
  3.44e-02	  3.28e-02	-9.47098e-02
  3.44e-02	  3.33e-02	-1.34410e-01
  3.44e-02	  3.39e-02	-1.75566e-01
  3.44e-02	  3.44e-02	-1.92091e-01
  3.44e-02	  3.49e-02	-1.04694e-01
  3.44e-02	  3.54e-02	3.00806e-01
  3.44e-02	  3.59e-02	1.46113e+00
  3.44e-02	  3.65e-02	3.91147e+00
  3.44e-02	  3.70e-02	7.76863e+00
  3.44e-02	  3.75e-02	1.22698e+01
  3.44e-02	  3.80e-02	1.63527e+01
  3.44e-02	  3.85e-02	1.92445e+01
  3.44e-02	  3.91e-02	1.93920e+01
  3.44e-02	  3.96e-02	2.45962e+01
  3.44e-02	  4.01e-02	4.99868e-32
  3.44e-02	  4.06e-02	7.65030e-65
  3.44e-02	  4.11e-02	1.14684e-97
  3.44e-02	  4.17e-02	1.71969e-130
  3.44e-02	  4.22e-02	2.57961e-163
  3.44e-02	  4.27e-02	3.87125e-196
  3.44e-02	  4.32e-02	5.81266e-229
  3.44e-02	  4.37e-02	8.73302e-262
  3.44e-02	  4.43e-02	1.31297e-294
  3.44e-02	  4.48e-02	0.00000e+00
  3.44e-02	  4.53e-02	0.00000e+00
  3.44e-02	  4.58e-02	0.00000e+00
  3.44e-02	  4.64e-02	0.00000e+00
  3.44e-02	  4.69e-02	0.00000e+00
  3.44e-02	  4.74e-02	0.00000e+00
  3.44e-02	  4.79e-02	0.00000e+00
  3.44e-02	  4.84e-02	0.00000e+00
  3.44e-02	  4.90e-02	0.00000e+00
  3.44e-02	  4.95e-02	0.00000e+00

  3.52e-02	  0.00e+00	0.00000e+00
  3.52e-02	  5.21e-04	0.00000e+00
  3.52e-02	  1.04e-03	0.00000e+00
  3.52e-02	  1.56e-03	0.00000e+00
  3.52e-02	  2.08e-03	0.00000e+00
  3.52e-02	  2.60e-03	0.00000e+00
  3.52e-02	  3.12e-03	0.00000e+00
  3.52e-02	  3.65e-03	0.00000e+00
  3.52e-02	  4.17e-03	-8.86702e-295
  3.52e-02	  4.69e-03	-5.88829e-262
  3.52e-02	  5.21e-03	-3.91443e-229
  3.52e-02	  5.73e-03	-2.60469e-196
  3.52e-02	  6.25e-03	-1.73457e-163
  3.52e-02	  6.77e-03	-1.15588e-130
  3.52e-02	  7.29e-03	-7.70657e-98
  3.52e-02	  7.81e-03	-5.14020e-65
  3.52e-02	  8.33e-03	-3.42940e-32
  3.52e-02	  8.85e-03	-1.73351e+01
  3.52e-02	  9.37e-03	-1.62872e+01
  3.52e-02	  9.90e-03	-1.76976e+01
  3.52e-02	  1.04e-02	-1.64502e+01
  3.52e-02	  1.09e-02	-1.36863e+01
  3.52e-02	  1.15e-02	-9.86350e+00
  3.52e-02	  1.20e-02	-5.85238e+00
  3.52e-02	  1.25e-02	-2.74314e+00
  3.52e-02	  1.30e-02	-9.10513e-01
  3.52e-02	  1.35e-02	-6.47684e-02
  3.52e-02	  1.41e-02	2.36661e-01
  3.52e-02	  1.46e-02	3.00246e-01
  3.52e-02	  1.51e-02	2.74293e-01
  3.52e-02	  1.56e-02	2.18591e-01
  3.52e-02	  1.61e-02	1.56627e-01
  3.52e-02	  1.67e-02	9.86552e-02
  3.52e-02	  1.72e-02	4.99350e-02
  3.52e-02	  1.77e-02	1.34435e-02
  3.52e-02	  1.82e-02	-9.30520e-03
  3.52e-02	  1.88e-02	-1.80924e-02
  3.52e-02	  1.93e-02	-1.40133e-02
  3.52e-02	  1.98e-02	5.58371e-04
  3.52e-02	  2.03e-02	2.21900e-02
  3.52e-02	  2.08e-02	4.68164e-02
  3.52e-02	  2.14e-02	7.02985e-02
  3.52e-02	  2.19e-02	8.89887e-02
  3.52e-02	  2.24e-02	1.00169e-01
  3.52e-02	  2.29e-02	1.02284e-01
  3.52e-02	  2.34e-02	9.49619e-02
  3.52e-02	  2.40e-02	7.88882e-02
  3.52e-02	  2.45e-02	5.56148e-02
  3.52e-02	  2.50e-02	2.73582e-02
  3.52e-02	  2.55e-02	-3.18642e-03
  3.52e-02	  2.60e-02	-3.30327e-02
  3.52e-02	  2.66e-02	-5.91260e-02
  3.52e-02	  2.71e-02	-7.86361e-02
  3.52e-02	  2.76e-02	-8.93252e-02
  3.52e-02	  2.81e-02	-8.99515e-02
  3.52e-02	  2.86e-02	-8.06204e-02
  3.52e-02	  2.92e-02	-6.29703e-02
  3.52e-02	  2.97e-02	-4.01057e-02
  3.52e-02	  3.02e-02	-1.62629e-02
  3.52e-02	  3.07e-02	3.73471e-03
  3.52e-02	  3.13e-02	1.51228e-02
  3.52e-02	  3.18e-02	1.38373e-02
  3.52e-02	  3.23e-02	-2.88675e-03
  3.52e-02	  3.28e-02	-3.58201e-02
  3.52e-02	  3.33e-02	-8.23769e-02
  3.52e-02	  3.39e-02	-1.32695e-01
  3.52e-02	  3.44e-02	-1.57125e-01
  3.52e-02	  3.49e-02	-6.91307e-02
  3.52e-02	  3.54e-02	3.57330e-01
  3.52e-02	  3.59e-02	1.56682e+00
  3.52e-02	  3.65e-02	4.07583e+00
  3.52e-02	  3.70e-02	7.94772e+00
  3.52e-02	  3.75e-02	1.23823e+01
  3.52e-02	  3.80e-02	1.63480e+01
  3.52e-02	  3.85e-02	1.91037e+01
  3.52e-02	  3.91e-02	1.91318e+01
  3.52e-02	  3.96e-02	2.40277e+01
  3.52e-02	  4.01e-02	4.97535e-32
  3.52e-02	  4.06e-02	7.45380e-65
  3.52e-02	  4.11e-02	1.11735e-97
  3.52e-02	  4.17e-02	1.67556e-130
  3.52e-02	  4.22e-02	2.51373e-163
  3.52e-02	  4.27e-02	3.77320e-196
  3.52e-02	  4.32e-02	5.66721e-229
  3.52e-02	  4.37e-02	8.51797e-262
  3.52e-02	  4.43e-02	1.28128e-294
  3.52e-02	  4.48e-02	0.00000e+00
  3.52e-02	  4.53e-02	0.00000e+00
  3.52e-02	  4.58e-02	0.00000e+00
  3.52e-02	  4.64e-02	0.00000e+00
  3.52e-02	  4.69e-02	0.00000e+00
  3.52e-02	  4.74e-02	0.00000e+00
  3.52e-02	  4.79e-02	0.00000e+00
  3.52e-02	  4.84e-02	0.00000e+00
  3.52e-02	  4.90e-02	0.00000e+00
  3.52e-02	  4.95e-02	0.00000e+00

  3.59e-02	  0.00e+00	0.00000e+00
  3.59e-02	  5.21e-04	0.00000e+00
  3.59e-02	  1.04e-03	0.00000e+00
  3.59e-02	  1.56e-03	0.00000e+00
  3.59e-02	  2.08e-03	0.00000e+00
  3.59e-02	  2.60e-03	0.00000e+00
  3.59e-02	  3.12e-03	0.00000e+00
  3.59e-02	  3.65e-03	0.00000e+00
  3.59e-02	  4.17e-03	-8.29557e-295
  3.59e-02	  4.69e-03	-5.50648e-262
  3.59e-02	  5.21e-03	-3.65963e-229
  3.59e-02	  5.73e-03	-2.43487e-196
  3.59e-02	  6.25e-03	-1.62154e-163
  3.59e-02	  6.77e-03	-1.08075e-130
  3.59e-02	  7.29e-03	-7.20768e-98
  3.59e-02	  7.81e-03	-4.80925e-65
  3.59e-02	  8.33e-03	-3.21001e-32
  3.59e-02	  8.85e-03	-1.63515e+01
  3.59e-02	  9.37e-03	-1.58138e+01
  3.59e-02	  9.90e-03	-1.74287e+01
  3.59e-02	  1.04e-02	-1.64228e+01
  3.59e-02	  1.09e-02	-1.38753e+01
  3.59e-02	  1.15e-02	-1.01929e+01
  3.59e-02	  1.20e-02	-6.18335e+00
  3.59e-02	  1.25e-02	-2.96852e+00
  3.59e-02	  1.30e-02	-1.01332e+00
  3.59e-02	  1.35e-02	-8.30867e-02
  3.59e-02	  1.41e-02	2.55974e-01
  3.59e-02	  1.46e-02	3.25434e-01
  3.59e-02	  1.51e-02	2.88865e-01
  3.59e-02	  1.56e-02	2.15158e-01
  3.59e-02	  1.61e-02	1.32676e-01
  3.59e-02	  1.67e-02	5.46377e-02
  3.59e-02	  1.72e-02	-1.14531e-02
  3.59e-02	  1.77e-02	-6.06512e-02
  3.59e-02	  1.82e-02	-8.97447e-02
  3.59e-02	  1.88e-02	-9.73611e-02
  3.59e-02	  1.93e-02	-8.43636e-02
  3.59e-02	  1.98e-02	-5.40781e-02
  3.59e-02	  2.03e-02	-1.20337e-02
  3.59e-02	  2.08e-02	3.48357e-02
  3.59e-02	  2.14e-02	7.93450e-02
  3.59e-02	  2.19e-02	1.15242e-01
  3.59e-02	  2.24e-02	1.38085e-01
  3.59e-02	  2.29e-02	1.45603e-01
  3.59e-02	  2.34e-02	1.37570e-01
  3.59e-02	  2.40e-02	1.15406e-01
  3.59e-02	  2.45e-02	8.17395e-02
  3.59e-02	  2.50e-02	4.00599e-02
  3.59e-02	  2.55e-02	-5.49696e-03
  3.59e-02	  2.60e-02	-5.03031e-02
  3.59e-02	  2.66e-02	-8.94487e-02
  3.59e-02	  2.71e-02	-1.18127e-01
  3.59e-02	  2.76e-02	-1.32256e-01
  3.59e-02	  2.81e-02	-1.29290e-01
  3.59e-02	  2.86e-02	-1.09011e-01
  3.59e-02	  2.92e-02	-7.39851e-02
  3.59e-02	  2.97e-02	-2.94631e-02
  3.59e-02	  3.02e-02	1.73494e-02
  3.59e-02	  3.07e-02	5.84531e-02
  3.59e-02	  3.13e-02	8.63604e-02
  3.59e-02	  3.18e-02	9.52157e-02
  3.59e-02	  3.23e-02	8.15581e-02
  3.59e-02	  3.28e-02	4.49188e-02
  3.59e-02	  3.33e-02	-1.09595e-02
  3.59e-02	  3.39e-02	-7.40604e-02
  3.59e-02	  3.44e-02	-1.10698e-01
  3.59e-02	  3.49e-02	-2.63905e-02
  3.59e-02	  3.54e-02	4.17698e-01
  3.59e-02	  3.59e-02	1.67438e+00
  3.59e-02	  3.65e-02	4.24071e+00
  3.59e-02	  3.70e-02	8.12634e+00
  3.59e-02	  3.75e-02	1.24938e+01
  3.59e-02	  3.80e-02	1.63368e+01
  3.59e-02	  3.85e-02	1.89394e+01
  3.59e-02	  3.91e-02	1.88269e+01
  3.59e-02	  3.96e-02	2.33444e+01
  3.59e-02	  4.01e-02	4.95627e-32
  3.59e-02	  4.06e-02	7.21980e-65
  3.59e-02	  4.11e-02	1.08224e-97
  3.59e-02	  4.17e-02	1.62298e-130
  3.59e-02	  4.22e-02	2.43517e-163
  3.59e-02	  4.27e-02	3.65608e-196
  3.59e-02	  4.32e-02	5.49301e-229
  3.59e-02	  4.37e-02	8.25943e-262
  3.59e-02	  4.43e-02	1.24299e-294
  3.59e-02	  4.48e-02	0.00000e+00
  3.59e-02	  4.53e-02	0.00000e+00
  3.59e-02	  4.58e-02	0.00000e+00
  3.59e-02	  4.64e-02	0.00000e+00
  3.59e-02	  4.69e-02	0.00000e+00
  3.59e-02	  4.74e-02	0.00000e+00
  3.59e-02	  4.79e-02	0.00000e+00
  3.59e-02	  4.84e-02	0.00000e+00
  3.59e-02	  4.90e-02	0.00000e+00
  3.59e-02	  4.95e-02	0.00000e+00

  3.67e-02	  0.00e+00	0.00000e+00
  3.67e-02	  5.21e-04	0.00000e+00
  3.67e-02	  1.04e-03	0.00000e+00
  3.67e-02	  1.56e-03	0.00000e+00
  3.67e-02	  2.08e-03	0.00000e+00
  3.67e-02	  2.60e-03	0.00000e+00
  3.67e-02	  3.12e-03	0.00000e+00
  3.67e-02	  3.65e-03	0.00000e+00
  3.67e-02	  4.17e-03	-7.65881e-295
  3.67e-02	  4.69e-03	-5.08223e-262
  3.67e-02	  5.21e-03	-3.37712e-229
  3.67e-02	  5.73e-03	-2.24689e-196
  3.67e-02	  6.25e-03	-1.49656e-163
  3.67e-02	  6.77e-03	-9.97729e-131
  3.67e-02	  7.29e-03	-6.65672e-98
  3.67e-02	  7.81e-03	-4.44387e-65
  3.67e-02	  8.33e-03	-2.96785e-32
  3.67e-02	  8.85e-03	-1.52549e+01
  3.67e-02	  9.37e-03	-1.52851e+01
  3.67e-02	  9.90e-03	-1.71259e+01
  3.67e-02	  1.04e-02	-1.63870e+01
  3.67e-02	  1.09e-02	-1.40753e+01
  3.67e-02	  1.15e-02	-1.05439e+01
  3.67e-02	  1.20e-02	-6.53589e+00
  3.67e-02	  1.25e-02	-3.20598e+00
  3.67e-02	  1.30e-02	-1.11564e+00
  3.67e-02	  1.35e-02	-8.44799e-02
  3.67e-02	  1.41e-02	2.98494e-01
  3.67e-02	  1.46e-02	3.72821e-01
  3.67e-02	  1.51e-02	3.20239e-01
  3.67e-02	  1.56e-02	2.20602e-01
  3.67e-02	  1.61e-02	1.08158e-01
  3.67e-02	  1.67e-02	-1.80223e-04
  3.67e-02	  1.72e-02	-9.37814e-02
  3.67e-02	  1.77e-02	-1.64469e-01
  3.67e-02	  1.82e-02	-2.05723e-01
  3.67e-02	  1.88e-02	-2.13438e-01
  3.67e-02	  1.93e-02	-1.87314e-01
  3.67e-02	  1.98e-02	-1.31889e-01
  3.67e-02	  2.03e-02	-5.63308e-02
  3.67e-02	  2.08e-02	2.71301e-02
  3.67e-02	  2.14e-02	1.05637e-01
  3.67e-02	  2.19e-02	1.68281e-01
  3.67e-02	  2.24e-02	2.07929e-01
  3.67e-02	  2.29e-02	2.21690e-01
  3.67e-02	  2.34e-02	2.10226e-01
  3.67e-02	  2.40e-02	1.76585e-01
  3.67e-02	  2.45e-02	1.25189e-01
  3.67e-02	  2.50e-02	6.12732e-02
  3.67e-02	  2.55e-02	-9.23507e-03
  3.67e-02	  2.60e-02	-7.95944e-02
  3.67e-02	  2.66e-02	-1.42196e-01
  3.67e-02	  2.71e-02	-1.88914e-01
  3.67e-02	  2.76e-02	-2.12120e-01
  3.67e-02	  2.81e-02	-2.06357e-01
  3.67e-02	  2.86e-02	-1.70241e-01
  3.67e-02	  2.92e-02	-1.07714e-01
  3.67e-02	  2.97e-02	-2.79039e-02
  3.67e-02	  3.02e-02	5.64570e-02
  3.67e-02	  3.07e-02	1.31559e-01
  3.67e-02	  3.13e-02	1.85252e-01
  3.67e-02	  3.18e-02	2.09123e-01
  3.67e-02	  3.23e-02	1.99345e-01
  3.67e-02	  3.28e-02	1.56707e-01
  3.67e-02	  3.33e-02	8.71680e-02
  3.67e-02	  3.39e-02	5.74903e-03
  3.67e-02	  3.44e-02	-4.91631e-02
  3.67e-02	  3.49e-02	2.57173e-02
  3.67e-02	  3.54e-02	4.83375e-01
  3.67e-02	  3.59e-02	1.78576e+00
  3.67e-02	  3.65e-02	4.40946e+00
  3.67e-02	  3.70e-02	8.30813e+00
  3.67e-02	  3.75e-02	1.26046e+01
  3.67e-02	  3.80e-02	1.63119e+01
  3.67e-02	  3.85e-02	1.87364e+01
  3.67e-02	  3.91e-02	1.84562e+01
  3.67e-02	  3.96e-02	2.25036e+01
  3.67e-02	  4.01e-02	4.93825e-32
  3.67e-02	  4.06e-02	6.93462e-65
  3.67e-02	  4.11e-02	1.03944e-97
  3.67e-02	  4.17e-02	1.55882e-130
  3.67e-02	  4.22e-02	2.33915e-163
  3.67e-02	  4.27e-02	3.51257e-196
  3.67e-02	  4.32e-02	5.27880e-229
  3.67e-02	  4.37e-02	7.94001e-262
  3.67e-02	  4.43e-02	1.19539e-294
  3.67e-02	  4.48e-02	0.00000e+00
  3.67e-02	  4.53e-02	0.00000e+00
  3.67e-02	  4.58e-02	0.00000e+00
  3.67e-02	  4.64e-02	0.00000e+00
  3.67e-02	  4.69e-02	0.00000e+00
  3.67e-02	  4.74e-02	0.00000e+00
  3.67e-02	  4.79e-02	0.00000e+00
  3.67e-02	  4.84e-02	0.00000e+00
  3.67e-02	  4.90e-02	0.00000e+00
  3.67e-02	  4.95e-02	0.00000e+00

  3.75e-02	  0.00e+00	0.00000e+00
  3.75e-02	  5.21e-04	0.00000e+00
  3.75e-02	  1.04e-03	0.00000e+00
  3.75e-02	  1.56e-03	0.00000e+00
  3.75e-02	  2.08e-03	0.00000e+00
  3.75e-02	  2.60e-03	0.00000e+00
  3.75e-02	  3.12e-03	0.00000e+00
  3.75e-02	  3.65e-03	0.00000e+00
  3.75e-02	  4.17e-03	-6.94043e-295
  3.75e-02	  4.69e-03	-4.60511e-262
  3.75e-02	  5.21e-03	-3.06020e-229
  3.75e-02	  5.73e-03	-2.03640e-196
  3.75e-02	  6.25e-03	-1.35680e-163
  3.75e-02	  6.77e-03	-9.04971e-131
  3.75e-02	  7.29e-03	-6.04140e-98
  3.75e-02	  7.81e-03	-4.03588e-65
  3.75e-02	  8.33e-03	-2.69745e-32
  3.75e-02	  8.85e-03	-1.40155e+01
  3.75e-02	  9.37e-03	-1.46814e+01
  3.75e-02	  9.90e-03	-1.67732e+01
  3.75e-02	  1.04e-02	-1.63340e+01
  3.75e-02	  1.09e-02	-1.42869e+01
  3.75e-02	  1.15e-02	-1.09232e+01
  3.75e-02	  1.20e-02	-6.91456e+00
  3.75e-02	  1.25e-02	-3.47089e+00
  3.75e-02	  1.30e-02	-1.21183e+00
  3.75e-02	  1.35e-02	-6.22712e-02
  3.75e-02	  1.41e-02	3.79450e-01
  3.75e-02	  1.46e-02	4.56628e-01
  3.75e-02	  1.51e-02	3.79988e-01
  3.75e-02	  1.56e-02	2.43063e-01
  3.75e-02	  1.61e-02	8.68100e-02
  3.75e-02	  1.67e-02	-6.77126e-02
  3.75e-02	  1.72e-02	-2.05823e-01
  3.75e-02	  1.77e-02	-3.14087e-01
  3.75e-02	  1.82e-02	-3.79415e-01
  3.75e-02	  1.88e-02	-3.91217e-01
  3.75e-02	  1.93e-02	-3.45469e-01
  3.75e-02	  1.98e-02	-2.48155e-01
  3.75e-02	  2.03e-02	-1.15238e-01
  3.75e-02	  2.08e-02	3.06617e-02
  3.75e-02	  2.14e-02	1.65538e-01
  3.75e-02	  2.19e-02	2.69821e-01
  3.75e-02	  2.24e-02	3.32503e-01
  3.75e-02	  2.29e-02	3.51364e-01
  3.75e-02	  2.34e-02	3.30283e-01
  3.75e-02	  2.40e-02	2.75996e-01
  3.75e-02	  2.45e-02	1.95868e-01
  3.75e-02	  2.50e-02	9.71112e-02
  3.75e-02	  2.55e-02	-1.28230e-02
  3.75e-02	  2.60e-02	-1.25202e-01
  3.75e-02	  2.66e-02	-2.28975e-01
  3.75e-02	  2.71e-02	-3.10533e-01
  3.75e-02	  2.76e-02	-3.55125e-01
  3.75e-02	  2.81e-02	-3.50380e-01
  3.75e-02	  2.86e-02	-2.91181e-01
  3.75e-02	  2.92e-02	-1.83338e-01
  3.75e-02	  2.97e-02	-4.34043e-02
  3.75e-02	  3.02e-02	1.04936e-01
  3.75e-02	  3.07e-02	2.36444e-01
  3.75e-02	  3.13e-02	3.30423e-01
  3.75e-02	  3.18e-02	3.75039e-01
  3.75e-02	  3.23e-02	3.67755e-01
  3.75e-02	  3.28e-02	3.13294e-01
  3.75e-02	  3.33e-02	2.22235e-01
  3.75e-02	  3.39e-02	1.14091e-01
  3.75e-02	  3.44e-02	3.26705e-02
  3.75e-02	  3.49e-02	9.08564e-02
  3.75e-02	  3.54e-02	5.57387e-01
  3.75e-02	  3.59e-02	1.90464e+00
  3.75e-02	  3.65e-02	4.58765e+00
  3.75e-02	  3.70e-02	8.49890e+00
  3.75e-02	  3.75e-02	1.27134e+01
  3.75e-02	  3.80e-02	1.62596e+01
  3.75e-02	  3.85e-02	1.84697e+01
  3.75e-02	  3.91e-02	1.79888e+01
  3.75e-02	  3.96e-02	2.14475e+01
  3.75e-02	  4.01e-02	4.91412e-32
  3.75e-02	  4.06e-02	6.58018e-65
  3.75e-02	  4.11e-02	9.86199e-98
  3.75e-02	  4.17e-02	1.47892e-130
  3.75e-02	  4.22e-02	2.21932e-163
  3.75e-02	  4.27e-02	3.33296e-196
  3.75e-02	  4.32e-02	5.00968e-229
  3.75e-02	  4.37e-02	7.53680e-262
  3.75e-02	  4.43e-02	1.13496e-294
  3.75e-02	  4.48e-02	0.00000e+00
  3.75e-02	  4.53e-02	0.00000e+00
  3.75e-02	  4.58e-02	0.00000e+00
  3.75e-02	  4.64e-02	0.00000e+00
  3.75e-02	  4.69e-02	0.00000e+00
  3.75e-02	  4.74e-02	0.00000e+00
  3.75e-02	  4.79e-02	0.00000e+00
  3.75e-02	  4.84e-02	0.00000e+00
  3.75e-02	  4.90e-02	0.00000e+00
  3.75e-02	  4.95e-02	0.00000e+00

  3.83e-02	  0.00e+00	0.00000e+00
  3.83e-02	  5.21e-04	0.00000e+00
  3.83e-02	  1.04e-03	0.00000e+00
  3.83e-02	  1.56e-03	0.00000e+00
  3.83e-02	  2.08e-03	0.00000e+00
  3.83e-02	  2.60e-03	0.00000e+00
  3.83e-02	  3.12e-03	0.00000e+00
  3.83e-02	  3.65e-03	0.00000e+00
  3.83e-02	  4.17e-03	-6.12125e-295
  3.83e-02	  4.69e-03	-4.06267e-262
  3.83e-02	  5.21e-03	-2.70076e-229
  3.83e-02	  5.73e-03	-1.79812e-196
  3.83e-02	  6.25e-03	-1.19880e-163
  3.83e-02	  6.77e-03	-8.00196e-131
  3.83e-02	  7.29e-03	-5.34664e-98
  3.83e-02	  7.81e-03	-3.57525e-65
  3.83e-02	  8.33e-03	-2.39209e-32
  3.83e-02	  8.85e-03	-1.25947e+01
  3.83e-02	  9.37e-03	-1.39745e+01
  3.83e-02	  9.90e-03	-1.63450e+01
  3.83e-02	  1.04e-02	-1.62490e+01
  3.83e-02	  1.09e-02	-1.45097e+01
  3.83e-02	  1.15e-02	-1.13405e+01
  3.83e-02	  1.20e-02	-7.37488e+00
  3.83e-02	  1.25e-02	-3.72429e+00
  3.83e-02	  1.30e-02	-1.29383e+00
  3.83e-02	  1.35e-02	3.23340e-03
  3.83e-02	  1.41e-02	5.07969e-01
  3.83e-02	  1.46e-02	5.93121e-01
  3.83e-02	  1.51e-02	4.83263e-01
  3.83e-02	  1.56e-02	2.94818e-01
  3.83e-02	  1.61e-02	7.64410e-02
  3.83e-02	  1.67e-02	-1.47354e-01
  3.83e-02	  1.72e-02	-3.57870e-01
  3.83e-02	  1.77e-02	-5.33815e-01
  3.83e-02	  1.82e-02	-6.48967e-01
  3.83e-02	  1.88e-02	-6.76881e-01
  3.83e-02	  1.93e-02	-6.02338e-01
  3.83e-02	  1.98e-02	-4.32779e-01
  3.83e-02	  2.03e-02	-1.97805e-01
  3.83e-02	  2.08e-02	5.87392e-02
  3.83e-02	  2.14e-02	2.89650e-01
  3.83e-02	  2.19e-02	4.58012e-01
  3.83e-02	  2.24e-02	5.48350e-01
  3.83e-02	  2.29e-02	5.64530e-01
  3.83e-02	  2.34e-02	5.20260e-01
  3.83e-02	  2.40e-02	4.30445e-01
  3.83e-02	  2.45e-02	3.06914e-01
  3.83e-02	  2.50e-02	1.57951e-01
  3.83e-02	  2.55e-02	-9.73978e-03
  3.83e-02	  2.60e-02	-1.87705e-01
  3.83e-02	  2.66e-02	-3.62031e-01
  3.83e-02	  2.71e-02	-5.10677e-01
  3.83e-02	  2.76e-02	-6.04307e-01
  3.83e-02	  2.81e-02	-6.13248e-01
  3.83e-02	  2.86e-02	-5.20876e-01
  3.83e-02	  2.92e-02	-3.35395e-01
  3.83e-02	  2.97e-02	-8.85405e-02
  3.83e-02	  3.02e-02	1.73324e-01
  3.83e-02	  3.07e-02	4.01026e-01
  3.83e-02	  3.13e-02	5.56908e-01
  3.83e-02	  3.18e-02	6.25847e-01
  3.83e-02	  3.23e-02	6.12645e-01
  3.83e-02	  3.28e-02	5.32942e-01
  3.83e-02	  3.33e-02	4.06886e-01
  3.83e-02	  3.39e-02	2.60576e-01
  3.83e-02	  3.44e-02	1.43220e-01
  3.83e-02	  3.49e-02	1.77067e-01
  3.83e-02	  3.54e-02	6.47442e-01
  3.83e-02	  3.59e-02	2.03703e+00
  3.83e-02	  3.65e-02	4.78220e+00
  3.83e-02	  3.70e-02	8.71090e+00
  3.83e-02	  3.75e-02	1.28200e+01
  3.83e-02	  3.80e-02	1.61499e+01
  3.83e-02	  3.85e-02	1.80958e+01
  3.83e-02	  3.91e-02	1.73776e+01
  3.83e-02	  3.96e-02	2.00978e+01
  3.83e-02	  4.01e-02	4.86908e-32
  3.83e-02	  4.06e-02	6.13269e-65
  3.83e-02	  4.11e-02	9.18933e-98
  3.83e-02	  4.17e-02	1.37782e-130
  3.83e-02	  4.22e-02	2.06739e-163
  3.83e-02	  4.27e-02	3.10462e-196
  3.83e-02	  4.32e-02	4.66637e-229
  3.83e-02	  4.37e-02	7.02033e-262
  3.83e-02	  4.43e-02	1.05719e-294
  3.83e-02	  4.48e-02	0.00000e+00
  3.83e-02	  4.53e-02	0.00000e+00
  3.83e-02	  4.58e-02	0.00000e+00
  3.83e-02	  4.64e-02	0.00000e+00
  3.83e-02	  4.69e-02	0.00000e+00
  3.83e-02	  4.74e-02	0.00000e+00
  3.83e-02	  4.79e-02	0.00000e+00
  3.83e-02	  4.84e-02	0.00000e+00
  3.83e-02	  4.90e-02	0.00000e+00
  3.83e-02	  4.95e-02	0.00000e+00

  3.91e-02	  0.00e+00	0.00000e+00
  3.91e-02	  5.21e-04	0.00000e+00
  3.91e-02	  1.04e-03	0.00000e+00
  3.91e-02	  1.56e-03	0.00000e+00
  3.91e-02	  2.08e-03	0.00000e+00
  3.91e-02	  2.60e-03	0.00000e+00
  3.91e-02	  3.12e-03	0.00000e+00
  3.91e-02	  3.65e-03	0.00000e+00
  3.91e-02	  4.17e-03	-5.17919e-295
  3.91e-02	  4.69e-03	-3.44037e-262
  3.91e-02	  5.21e-03	-2.28925e-229
  3.91e-02	  5.73e-03	-1.52576e-196
  3.91e-02	  6.25e-03	-1.01841e-163
  3.91e-02	  6.77e-03	-6.80654e-131
  3.91e-02	  7.29e-03	-4.55416e-98
  3.91e-02	  7.81e-03	-3.04976e-65
  3.91e-02	  8.33e-03	-2.04357e-32
  3.91e-02	  8.85e-03	-1.09423e+01
  3.91e-02	  9.37e-03	-1.31229e+01
  3.91e-02	  9.90e-03	-1.57982e+01
  3.91e-02	  1.04e-02	-1.61107e+01
  3.91e-02	  1.09e-02	-1.47570e+01
  3.91e-02	  1.15e-02	-1.19020e+01
  3.91e-02	  1.20e-02	-7.81221e+00
  3.91e-02	  1.25e-02	-3.97546e+00
  3.91e-02	  1.30e-02	-1.33669e+00
  3.91e-02	  1.35e-02	1.13855e-01
  3.91e-02	  1.41e-02	7.11846e-01
  3.91e-02	  1.46e-02	7.99303e-01
  3.91e-02	  1.51e-02	6.45844e-01
  3.91e-02	  1.56e-02	3.91939e-01
  3.91e-02	  1.61e-02	9.34924e-02
  3.91e-02	  1.67e-02	-2.26097e-01
  3.91e-02	  1.72e-02	-5.49296e-01
  3.91e-02	  1.77e-02	-8.47075e-01
  3.91e-02	  1.82e-02	-1.06883e+00
  3.91e-02	  1.88e-02	-1.14869e+00
  3.91e-02	  1.93e-02	-1.03697e+00
  3.91e-02	  1.98e-02	-7.43009e-01
  3.91e-02	  2.03e-02	-3.24753e-01
  3.91e-02	  2.08e-02	1.32304e-01
  3.91e-02	  2.14e-02	5.31099e-01
  3.91e-02	  2.19e-02	7.94645e-01
  3.91e-02	  2.24e-02	9.06456e-01
  3.91e-02	  2.29e-02	8.94811e-01
  3.91e-02	  2.34e-02	8.00064e-01
  3.91e-02	  2.40e-02	6.53471e-01
  3.91e-02	  2.45e-02	4.72090e-01
  3.91e-02	  2.50e-02	2.61251e-01
  3.91e-02	  2.55e-02	2.01165e-02
  3.91e-02	  2.60e-02	-2.50840e-01
  3.91e-02	  2.66e-02	-5.40543e-01
  3.91e-02	  2.71e-02	-8.17194e-01
  3.91e-02	  2.76e-02	-1.02301e+00
  3.91e-02	  2.81e-02	-1.08386e+00
  3.91e-02	  2.86e-02	-9.47531e-01
  3.91e-02	  2.92e-02	-6.27114e-01
  3.91e-02	  2.97e-02	-1.86918e-01
  3.91e-02	  3.02e-02	2.81374e-01
  3.91e-02	  3.07e-02	6.76917e-01
  3.91e-02	  3.13e-02	9.23448e-01
  3.91e-02	  3.18e-02	1.00823e+00
  3.91e-02	  3.23e-02	9.62900e-01
  3.91e-02	  3.28e-02	8.30723e-01
  3.91e-02	  3.33e-02	6.50439e-01
  3.91e-02	  3.39e-02	4.56267e-01
  3.91e-02	  3.44e-02	2.99374e-01
  3.91e-02	  3.49e-02	3.07518e-01
  3.91e-02	  3.54e-02	7.82149e-01
  3.91e-02	  3.59e-02	2.21401e+00
  3.91e-02	  3.65e-02	5.00154e+00
  3.91e-02	  3.70e-02	8.90677e+00
  3.91e-02	  3.75e-02	1.29083e+01
  3.91e-02	  3.80e-02	1.59741e+01
  3.91e-02	  3.85e-02	1.75346e+01
  3.91e-02	  3.91e-02	1.65487e+01
  3.91e-02	  3.96e-02	1.83478e+01
  3.91e-02	  4.01e-02	4.77426e-32
  3.91e-02	  4.06e-02	5.56148e-65
  3.91e-02	  4.11e-02	8.33009e-98
  3.91e-02	  4.17e-02	1.24854e-130
  3.91e-02	  4.22e-02	1.87278e-163
  3.91e-02	  4.27e-02	2.81149e-196
  3.91e-02	  4.32e-02	4.22452e-229
  3.91e-02	  4.37e-02	6.35366e-262
  3.91e-02	  4.43e-02	9.56491e-295
  3.91e-02	  4.48e-02	0.00000e+00
  3.91e-02	  4.53e-02	0.00000e+00
  3.91e-02	  4.58e-02	0.00000e+00
  3.91e-02	  4.64e-02	0.00000e+00
  3.91e-02	  4.69e-02	0.00000e+00
  3.91e-02	  4.74e-02	0.00000e+00
  3.91e-02	  4.79e-02	0.00000e+00
  3.91e-02	  4.84e-02	0.00000e+00
  3.91e-02	  4.90e-02	0.00000e+00
  3.91e-02	  4.95e-02	0.00000e+00

  3.98e-02	  0.00e+00	0.00000e+00
  3.98e-02	  5.21e-04	0.00000e+00
  3.98e-02	  1.04e-03	0.00000e+00
  3.98e-02	  1.56e-03	0.00000e+00
  3.98e-02	  2.08e-03	0.00000e+00
  3.98e-02	  2.60e-03	0.00000e+00
  3.98e-02	  3.12e-03	0.00000e+00
  3.98e-02	  3.65e-03	0.00000e+00
  3.98e-02	  4.17e-03	-4.08952e-295
  3.98e-02	  4.69e-03	-2.72168e-262
  3.98e-02	  5.21e-03	-1.81462e-229
  3.98e-02	  5.73e-03	-1.21194e-196
  3.98e-02	  6.25e-03	-8.10708e-164
  3.98e-02	  6.77e-03	-5.43067e-131
  3.98e-02	  7.29e-03	-3.64207e-98
  3.98e-02	  7.81e-03	-2.44477e-65
  3.98e-02	  8.33e-03	-1.64209e-32
  3.98e-02	  8.85e-03	-8.99226e+00
  3.98e-02	  9.37e-03	-1.20684e+01
  3.98e-02	  9.90e-03	-1.51089e+01
  3.98e-02	  1.04e-02	-1.58966e+01
  3.98e-02	  1.09e-02	-1.51581e+01
  3.98e-02	  1.15e-02	-1.25520e+01
  3.98e-02	  1.20e-02	-8.22613e+00
  3.98e-02	  1.25e-02	-4.17493e+00
  3.98e-02	  1.30e-02	-1.28055e+00
  3.98e-02	  1.35e-02	3.24414e-01
  3.98e-02	  1.41e-02	9.86775e-01
  3.98e-02	  1.46e-02	1.06944e+00
  3.98e-02	  1.51e-02	8.66312e-01
  3.98e-02	  1.56e-02	5.47101e-01
  3.98e-02	  1.61e-02	1.75754e-01
  3.98e-02	  1.67e-02	-2.48249e-01
  3.98e-02	  1.72e-02	-7.36317e-01
  3.98e-02	  1.77e-02	-1.26865e+00
  3.98e-02	  1.82e-02	-1.74930e+00
  3.98e-02	  1.88e-02	-1.99714e+00
  3.98e-02	  1.93e-02	-1.83370e+00
  3.98e-02	  1.98e-02	-1.29416e+00
  3.98e-02	  2.03e-02	-5.13480e-01
  3.98e-02	  2.08e-02	3.44265e-01
  3.98e-02	  2.14e-02	1.06356e+00
  3.98e-02	  2.19e-02	1.44327e+00
  3.98e-02	  2.24e-02	1.50377e+00
  3.98e-02	  2.29e-02	1.37267e+00
  3.98e-02	  2.34e-02	1.16388e+00
  3.98e-02	  2.40e-02	9.33053e-01
  3.98e-02	  2.45e-02	6.93362e-01
  3.98e-02	  2.50e-02	4.33397e-01
  3.98e-02	  2.55e-02	1.28553e-01
  3.98e-02	  2.60e-02	-2.49034e-01
  3.98e-02	  2.66e-02	-7.15256e-01
  3.98e-02	  2.71e-02	-1.24379e+00
  3.98e-02	  2.76e-02	-1.72978e+00
  3.98e-02	  2.81e-02	-1.97086e+00
  3.98e-02	  2.86e-02	-1.78257e+00
  3.98e-02	  2.92e-02	-1.20736e+00
  3.98e-02	  2.97e-02	-3.89229e-01
  3.98e-02	  3.02e-02	4.97344e-01
  3.98e-02	  3.07e-02	1.22457e+00
  3.98e-02	  3.13e-02	1.58845e+00
  3.98e-02	  3.18e-02	1.61756e+00
  3.98e-02	  3.23e-02	1.44688e+00
  3.98e-02	  3.28e-02	1.19269e+00
  3.98e-02	  3.33e-02	9.28588e-01
  3.98e-02	  3.39e-02	6.93696e-01
  3.98e-02	  3.44e-02	5.27483e-01
  3.98e-02	  3.49e-02	5.44988e-01
  3.98e-02	  3.54e-02	1.06481e+00
  3.98e-02	  3.59e-02	2.53465e+00
  3.98e-02	  3.65e-02	5.21957e+00
  3.98e-02	  3.70e-02	9.00251e+00
  3.98e-02	  3.75e-02	1.28613e+01
  3.98e-02	  3.80e-02	1.56296e+01
  3.98e-02	  3.85e-02	1.67655e+01
  3.98e-02	  3.91e-02	1.54146e+01
  3.98e-02	  3.96e-02	1.60620e+01
  3.98e-02	  4.01e-02	4.57651e-32
  3.98e-02	  4.06e-02	4.82752e-65
  3.98e-02	  4.11e-02	7.22563e-98
  3.98e-02	  4.17e-02	1.08224e-130
  3.98e-02	  4.22e-02	1.62220e-163
  3.98e-02	  4.27e-02	2.43359e-196
  3.98e-02	  4.32e-02	3.65403e-229
  3.98e-02	  4.37e-02	5.49149e-262
  3.98e-02	  4.43e-02	8.26040e-295
  3.98e-02	  4.48e-02	0.00000e+00
  3.98e-02	  4.53e-02	0.00000e+00
  3.98e-02	  4.58e-02	0.00000e+00
  3.98e-02	  4.64e-02	0.00000e+00
  3.98e-02	  4.69e-02	0.00000e+00
  3.98e-02	  4.74e-02	0.00000e+00
  3.98e-02	  4.79e-02	0.00000e+00
  3.98e-02	  4.84e-02	0.00000e+00
  3.98e-02	  4.90e-02	0.00000e+00
  3.98e-02	  4.95e-02	0.00000e+00

  4.06e-02	  0.00e+00	0.00000e+00
  4.06e-02	  5.21e-04	0.00000e+00
  4.06e-02	  1.04e-03	0.00000e+00
  4.06e-02	  1.56e-03	0.00000e+00
  4.06e-02	  2.08e-03	0.00000e+00
  4.06e-02	  2.60e-03	0.00000e+00
  4.06e-02	  3.12e-03	0.00000e+00
  4.06e-02	  3.65e-03	0.00000e+00
  4.06e-02	  4.17e-03	-2.82485e-295
  4.06e-02	  4.69e-03	-1.88795e-262
  4.06e-02	  5.21e-03	-1.26428e-229
  4.06e-02	  5.73e-03	-8.48218e-197
  4.06e-02	  6.25e-03	-5.70043e-164
  4.06e-02	  6.77e-03	-3.83658e-131
  4.06e-02	  7.29e-03	-2.58520e-98
  4.06e-02	  7.81e-03	-1.74348e-65
  4.06e-02	  8.33e-03	-1.17643e-32
  4.06e-02	  8.85e-03	-6.65227e+00
  4.06e-02	  9.37e-03	-1.07583e+01
  4.06e-02	  9.90e-03	-1.42596e+01
  4.06e-02	  1.04e-02	-1.57101e+01
  4.06e-02	  1.09e-02	-1.59753e+01
  4.06e-02	  1.15e-02	-1.31204e+01
  4.06e-02	  1.20e-02	-8.63131e+00
  4.06e-02	  1.25e-02	-4.05772e+00
  4.06e-02	  1.30e-02	-9.17446e-01
  4.06e-02	  1.35e-02	6.96624e-01
  4.06e-02	  1.41e-02	1.27002e+00
  4.06e-02	  1.46e-02	1.31474e+00
  4.06e-02	  1.51e-02	1.09537e+00
  4.06e-02	  1.56e-02	8.10230e-01
  4.06e-02	  1.61e-02	4.63653e-01
  4.06e-02	  1.67e-02	-3.61008e-02
  4.06e-02	  1.72e-02	-8.02236e-01
  4.06e-02	  1.77e-02	-1.89845e+00
  4.06e-02	  1.82e-02	-3.14554e+00
  4.06e-02	  1.88e-02	-3.97960e+00
  4.06e-02	  1.93e-02	-3.59282e+00
  4.06e-02	  1.98e-02	-2.37697e+00
  4.06e-02	  2.03e-02	-7.44405e-01
  4.06e-02	  2.08e-02	1.09239e+00
  4.06e-02	  2.14e-02	2.62291e+00
  4.06e-02	  2.19e-02	3.02148e+00
  4.06e-02	  2.24e-02	2.64025e+00
  4.06e-02	  2.29e-02	2.03287e+00
  4.06e-02	  2.34e-02	1.52389e+00
  4.06e-02	  2.40e-02	1.16746e+00
  4.06e-02	  2.45e-02	9.19645e-01
  4.06e-02	  2.50e-02	7.06574e-01
  4.06e-02	  2.55e-02	4.38049e-01
  4.06e-02	  2.60e-02	1.72583e-03
  4.06e-02	  2.66e-02	-7.34818e-01
  4.06e-02	  2.71e-02	-1.83232e+00
  4.06e-02	  2.76e-02	-3.14339e+00
  4.06e-02	  2.81e-02	-4.02132e+00
  4.06e-02	  2.86e-02	-3.64957e+00
  4.06e-02	  2.92e-02	-2.41992e+00
  4.06e-02	  2.97e-02	-7.38429e-01
  4.06e-02	  3.02e-02	1.17461e+00
  4.06e-02	  3.07e-02	2.76295e+00
  4.06e-02	  3.13e-02	3.16568e+00
  4.06e-02	  3.18e-02	2.75792e+00
  4.06e-02	  3.23e-02	2.11711e+00
  4.06e-02	  3.28e-02	1.52978e+00
  4.06e-02	  3.33e-02	1.10987e+00
  4.06e-02	  3.39e-02	8.66543e-01
  4.06e-02	  3.44e-02	8.03983e-01
  4.06e-02	  3.49e-02	1.00412e+00
  4.06e-02	  3.54e-02	1.70612e+00
  4.06e-02	  3.59e-02	3.18850e+00
  4.06e-02	  3.65e-02	5.58930e+00
  4.06e-02	  3.70e-02	8.73990e+00
  4.06e-02	  3.75e-02	1.21977e+01
  4.06e-02	  3.80e-02	1.49731e+01
  4.06e-02	  3.85e-02	1.57216e+01
  4.06e-02	  3.91e-02	1.39514e+01
  4.06e-02	  3.96e-02	1.30977e+01
  4.06e-02	  4.01e-02	4.17739e-32
  4.06e-02	  4.06e-02	3.88266e-65
  4.06e-02	  4.11e-02	5.80386e-98
  4.06e-02	  4.17e-02	8.68126e-131
  4.06e-02	  4.22e-02	1.29947e-163
  4.06e-02	  4.27e-02	1.94666e-196
  4.06e-02	  4.32e-02	2.91863e-229
  4.06e-02	  4.37e-02	4.37963e-262
  4.06e-02	  4.43e-02	6.57756e-295
  4.06e-02	  4.48e-02	0.00000e+00
  4.06e-02	  4.53e-02	0.00000e+00
  4.06e-02	  4.58e-02	0.00000e+00
  4.06e-02	  4.64e-02	0.00000e+00
  4.06e-02	  4.69e-02	0.00000e+00
  4.06e-02	  4.74e-02	0.00000e+00
  4.06e-02	  4.79e-02	0.00000e+00
  4.06e-02	  4.84e-02	0.00000e+00
  4.06e-02	  4.90e-02	0.00000e+00
  4.06e-02	  4.95e-02	0.00000e+00

  4.14e-02	  0.00e+00	0.00000e+00
  4.14e-02	  5.21e-04	0.00000e+00
  4.14e-02	  1.04e-03	0.00000e+00
  4.14e-02	  1.56e-03	0.00000e+00
  4.14e-02	  2.08e-03	0.00000e+00
  4.14e-02	  2.60e-03	0.00000e+00
  4.14e-02	  3.12e-03	0.00000e+00
  4.14e-02	  3.65e-03	0.00000e+00
  4.14e-02	  4.17e-03	-1.43467e-295
  4.14e-02	  4.69e-03	-9.69693e-263
  4.14e-02	  5.21e-03	-6.56914e-230
  4.14e-02	  5.73e-03	-4.45942e-197
  4.14e-02	  6.25e-03	-3.03259e-164
  4.14e-02	  6.77e-03	-2.06514e-131
  4.14e-02	  7.29e-03	-1.40767e-98
  4.14e-02	  7.81e-03	-9.59983e-66
  4.14e-02	  8.33e-03	-6.54666e-33
  4.14e-02	  8.85e-03	-3.89859e+00
  4.14e-02	  9.37e-03	-9.01839e+00
  4.14e-02	  9.90e-03	-1.32364e+01
  4.14e-02	  1.04e-02	-1.62913e+01
  4.14e-02	  1.09e-02	-1.73043e+01
  4.14e-02	  1.15e-02	-1.43805e+01
  4.14e-02	  1.20e-02	-9.01437e+00
  4.14e-02	  1.25e-02	-2.23178e+00
  4.14e-02	  1.30e-02	4.31427e-01
  4.14e-02	  1.35e-02	1.18666e+00
  4.14e-02	  1.41e-02	1.24237e+00
  4.14e-02	  1.46e-02	1.22389e+00
  4.14e-02	  1.51e-02	1.22203e+00
  4.14e-02	  1.56e-02	1.24107e+00
  4.14e-02	  1.61e-02	1.17825e+00
  4.14e-02	  1.67e-02	8.54180e-01
  4.14e-02	  1.72e-02	-1.18381e-01
  4.14e-02	  1.77e-02	-2.32866e+00
  4.14e-02	  1.82e-02	-5.81174e+00
  4.14e-02	  1.88e-02	-9.11693e+00
  4.14e-02	  1.93e-02	-7.37184e+00
  4.14e-02	  1.98e-02	-4.42656e+00
  4.14e-02	  2.03e-02	-1.33703e+00
  4.14e-02	  2.08e-02	2.76551e+00
  4.14e-02	  2.14e-02	7.10214e+00
  4.14e-02	  2.19e-02	6.49808e+00
  4.14e-02	  2.24e-02	4.48735e+00
  4.14e-02	  2.29e-02	2.69222e+00
  4.14e-02	  2.34e-02	1.52341e+00
  4.14e-02	  2.40e-02	1.06686e+00
  4.14e-02	  2.45e-02	1.00950e+00
  4.14e-02	  2.50e-02	1.11094e+00
  4.14e-02	  2.55e-02	1.19140e+00
  4.14e-02	  2.60e-02	9.97758e-01
  4.14e-02	  2.66e-02	1.76090e-02
  4.14e-02	  2.71e-02	-2.19287e+00
  4.14e-02	  2.76e-02	-5.74849e+00
  4.14e-02	  2.81e-02	-9.21965e+00
  4.14e-02	  2.86e-02	-7.63237e+00
  4.14e-02	  2.92e-02	-4.69057e+00
  4.14e-02	  2.97e-02	-1.53335e+00
  4.14e-02	  3.02e-02	2.73981e+00
  4.14e-02	  3.07e-02	7.26502e+00
  4.14e-02	  3.13e-02	6.73523e+00
  4.14e-02	  3.18e-02	4.64203e+00
  4.14e-02	  3.23e-02	2.69517e+00
  4.14e-02	  3.28e-02	1.44033e+00
  4.14e-02	  3.33e-02	8.82326e-01
  4.14e-02	  3.39e-02	7.72842e-01
  4.14e-02	  3.44e-02	1.06533e+00
  4.14e-02	  3.49e-02	1.85404e+00
  4.14e-02	  3.54e-02	3.12342e+00
  4.14e-02	  3.59e-02	4.80716e+00
  4.14e-02	  3.65e-02	6.55602e+00
  4.14e-02	  3.70e-02	7.73748e+00
  4.14e-02	  3.75e-02	9.01647e+00
  4.14e-02	  3.80e-02	1.35135e+01
  4.14e-02	  3.85e-02	1.45916e+01
  4.14e-02	  3.91e-02	1.27455e+01
  4.14e-02	  3.96e-02	9.88799e+00
  4.14e-02	  4.01e-02	3.25298e-32
  4.14e-02	  4.06e-02	2.67919e-65
  4.14e-02	  4.11e-02	3.99377e-98
  4.14e-02	  4.17e-02	5.95638e-131
  4.14e-02	  4.22e-02	8.88880e-164
  4.14e-02	  4.27e-02	1.32739e-196
  4.14e-02	  4.32e-02	1.98368e-229
  4.14e-02	  4.37e-02	2.96672e-262
  4.14e-02	  4.43e-02	4.44034e-295
  4.14e-02	  4.48e-02	0.00000e+00
  4.14e-02	  4.53e-02	0.00000e+00
  4.14e-02	  4.58e-02	0.00000e+00
  4.14e-02	  4.64e-02	0.00000e+00
  4.14e-02	  4.69e-02	0.00000e+00
  4.14e-02	  4.74e-02	0.00000e+00
  4.14e-02	  4.79e-02	0.00000e+00
  4.14e-02	  4.84e-02	0.00000e+00
  4.14e-02	  4.90e-02	0.00000e+00
  4.14e-02	  4.95e-02	0.00000e+00

  4.22e-02	  0.00e+00	0.00000e+00
  4.22e-02	  5.21e-04	0.00000e+00
  4.22e-02	  1.04e-03	0.00000e+00
  4.22e-02	  1.56e-03	0.00000e+00
  4.22e-02	  2.08e-03	0.00000e+00
  4.22e-02	  2.60e-03	0.00000e+00
  4.22e-02	  3.12e-03	0.00000e+00
  4.22e-02	  3.65e-03	0.00000e+00
  4.22e-02	  4.17e-03	-1.40606e-296
  4.22e-02	  4.69e-03	-1.10793e-263
  4.22e-02	  5.21e-03	-8.59533e-231
  4.22e-02	  5.73e-03	-6.57954e-198
  4.22e-02	  6.25e-03	-4.97658e-165
  4.22e-02	  6.77e-03	-3.72283e-132
  4.22e-02	  7.29e-03	-2.75599e-99
  4.22e-02	  7.81e-03	-2.01976e-66
  4.22e-02	  8.33e-03	-1.46561e-33
  4.22e-02	  8.85e-03	-9.97759e-01
  4.22e-02	  9.37e-03	-6.46814e+00
  4.22e-02	  9.90e-03	-1.18793e+01
  4.22e-02	  1.04e-02	-1.79037e+01
  4.22e-02	  1.09e-02	-2.16617e+01
  4.22e-02	  1.15e-02	-2.06644e+01
  4.22e-02	  1.20e-02	-1.32671e+01
  4.22e-02	  1.25e-02	8.84732e+00
  4.22e-02	  1.30e-02	4.09634e+00
  4.22e-02	  1.35e-02	6.42856e-01
  4.22e-02	  1.41e-02	-3.26842e-01
  4.22e-02	  1.46e-02	9.69741e-02
  4.22e-02	  1.51e-02	8.41091e-01
  4.22e-02	  1.56e-02	1.61705e+00
  4.22e-02	  1.61e-02	2.39516e+00
  4.22e-02	  1.67e-02	3.01714e+00
  4.22e-02	  1.72e-02	2.94018e+00
  4.22e-02	  1.77e-02	6.17534e-01
  4.22e-02	  1.82e-02	-7.30183e+00
  4.22e-02	  1.88e-02	-2.25919e+01
  4.22e-02	  1.93e-02	-9.36082e+00
  4.22e-02	  1.98e-02	-6.60749e+00
  4.22e-02	  2.03e-02	-6.00394e+00
  4.22e-02	  2.08e-02	-1.43252e+00
  4.22e-02	  2.14e-02	1.95229e+01
  4.22e-02	  2.19e-02	1.18229e+01
  4.22e-02	  2.24e-02	5.30771e+00
  4.22e-02	  2.29e-02	1.83509e+00
  4.22e-02	  2.34e-02	4.96175e-01
  4.22e-02	  2.40e-02	2.58087e-01
  4.22e-02	  2.45e-02	7.27923e-01
  4.22e-02	  2.50e-02	1.55042e+00
  4.22e-02	  2.55e-02	2.47807e+00
  4.22e-02	  2.60e-02	3.24690e+00
  4.22e-02	  2.66e-02	3.22524e+00
  4.22e-02	  2.71e-02	9.31502e-01
  4.22e-02	  2.76e-02	-7.44951e+00
  4.22e-02	  2.81e-02	-2.32736e+01
  4.22e-02	  2.86e-02	-9.56062e+00
  4.22e-02	  2.92e-02	-6.75035e+00
  4.22e-02	  2.97e-02	-6.11313e+00
  4.22e-02	  3.02e-02	-1.28798e+00
  4.22e-02	  3.07e-02	2.03183e+01
  4.22e-02	  3.13e-02	1.23294e+01
  4.22e-02	  3.18e-02	5.42389e+00
  4.22e-02	  3.23e-02	1.86342e+00
  4.22e-02	  3.28e-02	3.08678e-01
  4.22e-02	  3.33e-02	-1.28452e-01
  4.22e-02	  3.39e-02	1.83703e-01
  4.22e-02	  3.44e-02	1.18971e+00
  4.22e-02	  3.49e-02	3.25068e+00
  4.22e-02	  3.54e-02	5.98779e+00
  4.22e-02	  3.59e-02	9.13854e+00
  4.22e-02	  3.65e-02	1.05084e+01
  4.22e-02	  3.70e-02	5.95537e+00
  4.22e-02	  3.75e-02	-5.40473e+00
  4.22e-02	  3.80e-02	1.24973e+01
  4.22e-02	  3.85e-02	1.74379e+01
  4.22e-02	  3.91e-02	1.44743e+01
  4.22e-02	  3.96e-02	6.86397e+00
  4.22e-02	  4.01e-02	2.28529e-32
  4.22e-02	  4.06e-02	1.22812e-65
  4.22e-02	  4.11e-02	1.81454e-98
  4.22e-02	  4.17e-02	2.68129e-131
  4.22e-02	  4.22e-02	3.96315e-164
  4.22e-02	  4.27e-02	5.86026e-197
  4.22e-02	  4.32e-02	8.66996e-230
  4.22e-02	  4.37e-02	1.28343e-262
  4.22e-02	  4.43e-02	1.90108e-295
  4.22e-02	  4.48e-02	0.00000e+00
  4.22e-02	  4.53e-02	0.00000e+00
  4.22e-02	  4.58e-02	0.00000e+00
  4.22e-02	  4.64e-02	0.00000e+00
  4.22e-02	  4.69e-02	0.00000e+00
  4.22e-02	  4.74e-02	0.00000e+00
  4.22e-02	  4.79e-02	0.00000e+00
  4.22e-02	  4.84e-02	0.00000e+00
  4.22e-02	  4.90e-02	0.00000e+00
  4.22e-02	  4.95e-02	0.00000e+00

  4.30e-02	  0.00e+00	0.00000e+00
  4.30e-02	  5.21e-04	0.00000e+00
  4.30e-02	  1.04e-03	0.00000e+00
  4.30e-02	  1.56e-03	0.00000e+00
  4.30e-02	  2.08e-03	0.00000e+00
  4.30e-02	  2.60e-03	0.00000e+00
  4.30e-02	  3.12e-03	0.00000e+00
  4.30e-02	  3.65e-03	0.00000e+00
  4.30e-02	  4.17e-03	6.40552e-296
  4.30e-02	  4.69e-03	4.10066e-263
  4.30e-02	  5.21e-03	2.61865e-230
  4.30e-02	  5.73e-03	1.66809e-197
  4.30e-02	  6.25e-03	1.06002e-164
  4.30e-02	  6.77e-03	6.72107e-132
  4.30e-02	  7.29e-03	4.25347e-99
  4.30e-02	  7.81e-03	2.68813e-66
  4.30e-02	  8.33e-03	1.69773e-33
  4.30e-02	  8.85e-03	1.01854e+00
  4.30e-02	  9.37e-03	-2.94830e+00
  4.30e-02	  9.90e-03	-5.68253e+00
  4.30e-02	  1.04e-02	-1.16307e+01
  4.30e-02	  1.09e-02	-1.93112e+01
  4.30e-02	  1.15e-02	-3.37622e+01
  4.30e-02	  1.20e-02	-6.34070e+01
  4.30e-02	  1.25e-02	-7.73105e+01
  4.30e-02	  1.30e-02	-4.30774e+01
  4.30e-02	  1.35e-02	-2.10503e+01
  4.30e-02	  1.41e-02	-9.49127e+00
  4.30e-02	  1.46e-02	-3.61497e+00
  4.30e-02	  1.51e-02	-5.73657e-01
  4.30e-02	  1.56e-02	1.38675e+00
  4.30e-02	  1.61e-02	3.44848e+00
  4.30e-02	  1.67e-02	7.12652e+00
  4.30e-02	  1.72e-02	1.61270e+01
  4.30e-02	  1.77e-02	3.38134e+01
  4.30e-02	  1.82e-02	6.30241e+01
  4.30e-02	  1.88e-02	6.96126e+01
  4.30e-02	  1.93e-02	2.93042e+01
  4.30e-02	  1.98e-02	5.00780e-01
  4.30e-02	  2.03e-02	-3.07598e+01
  4.30e-02	  2.08e-02	-6.91707e+01
  4.30e-02	  2.14e-02	-8.54595e+01
  4.30e-02	  2.19e-02	-4.85268e+01
  4.30e-02	  2.24e-02	-2.31310e+01
  4.30e-02	  2.29e-02	-1.03707e+01
  4.30e-02	  2.34e-02	-4.92038e+00
  4.30e-02	  2.40e-02	-2.13238e+00
  4.30e-02	  2.45e-02	-2.24832e-01
  4.30e-02	  2.50e-02	1.54459e+00
  4.30e-02	  2.55e-02	3.63499e+00
  4.30e-02	  2.60e-02	8.12465e+00
  4.30e-02	  2.66e-02	1.75334e+01
  4.30e-02	  2.71e-02	3.61877e+01
  4.30e-02	  2.76e-02	6.63763e+01
  4.30e-02	  2.81e-02	7.43028e+01
  4.30e-02	  2.86e-02	3.26443e+01
  4.30e-02	  2.92e-02	3.10519e+00
  4.30e-02	  2.97e-02	-2.89089e+01
  4.30e-02	  3.02e-02	-6.78832e+01
  4.30e-02	  3.07e-02	-8.45852e+01
  4.30e-02	  3.13e-02	-4.75439e+01
  4.30e-02	  3.18e-02	-2.23991e+01
  4.30e-02	  3.23e-02	-1.01068e+01
  4.30e-02	  3.28e-02	-5.03517e+00
  4.30e-02	  3.33e-02	-2.57255e+00
  4.30e-02	  3.39e-02	-9.88454e-01
  4.30e-02	  3.44e-02	8.51030e-01
  4.30e-02	  3.49e-02	4.40763e+00
  4.30e-02	  3.54e-02	1.05952e+01
  4.30e-02	  3.59e-02	2.15945e+01
  4.30e-02	  3.65e-02	3.99383e+01
  4.30e-02	  3.70e-02	6.61177e+01
  4.30e-02	  3.75e-02	7.52694e+01
  4.30e-02	  3.80e-02	4.37539e+01
  4.30e-02	  3.85e-02	2.33853e+01
  4.30e-02	  3.91e-02	8.97595e+00
  4.30e-02	  3.96e-02	1.90590e-01
  4.30e-02	  4.01e-02	-1.30844e-29
  4.30e-02	  4.06e-02	5.75809e-68
  4.30e-02	  4.11e-02	-1.03428e-100
  4.30e-02	  4.17e-02	-4.44590e-133
  4.30e-02	  4.22e-02	-1.10816e-165
  4.30e-02	  4.27e-02	-2.33322e-198
  4.30e-02	  4.32e-02	-4.51629e-231
  4.30e-02	  4.37e-02	-8.30854e-264
  4.30e-02	  4.43e-02	-1.47706e-296
  4.30e-02	  4.48e-02	0.00000e+00
  4.30e-02	  4.53e-02	0.00000e+00
  4.30e-02	  4.58e-02	0.00000e+00
  4.30e-02	  4.64e-02	0.00000e+00
  4.30e-02	  4.69e-02	0.00000e+00
  4.30e-02	  4.74e-02	0.00000e+00
  4.30e-02	  4.79e-02	0.00000e+00
  4.30e-02	  4.84e-02	0.00000e+00
  4.30e-02	  4.90e-02	0.00000e+00
  4.30e-02	  4.95e-02	0.00000e+00

  4.37e-02	  0.00e+00	0.00000e+00
  4.37e-02	  5.21e-04	0.00000e+00
  4.37e-02	  1.04e-03	0.00000e+00
  4.37e-02	  1.56e-03	0.00000e+00
  4.37e-02	  2.08e-03	0.00000e+00
  4.37e-02	  2.60e-03	0.00000e+00
  4.37e-02	  3.12e-03	0.00000e+00
  4.37e-02	  3.65e-03	0.00000e+00
  4.37e-02	  4.17e-03	0.00000e+00
  4.37e-02	  4.69e-03	-3.37398e-292
  4.37e-02	  5.21e-03	-2.25818e-259
  4.37e-02	  5.73e-03	-1.51129e-226
  4.37e-02	  6.25e-03	-1.01138e-193
  4.37e-02	  6.77e-03	-6.76808e-161
  4.37e-02	  7.29e-03	-4.52908e-128
  4.37e-02	  7.81e-03	-3.03079e-95
  4.37e-02	  8.33e-03	-2.02819e-62
  4.37e-02	  8.85e-03	-1.32416e-29
  4.37e-02	  9.37e-03	-6.41652e-33
  4.37e-02	  9.90e-03	-1.98805e-32
  4.37e-02	  1.04e-02	-4.05148e-32
  4.37e-02	  1.09e-02	-6.28374e-32
  4.37e-02	  1.15e-02	4.48180e-32
  4.37e-02	  1.20e-02	-1.14811e+02
  4.37e-02	  1.25e-02	-2.84938e+01
  4.37e-02	  1.30e-02	-1.65840e+01
  4.37e-02	  1.35e-02	-9.66965e+00
  4.37e-02	  1.41e-02	-5.18502e+00
  4.37e-02	  1.46e-02	-2.20172e+00
  4.37e-02	  1.51e-02	-8.15736e-01
  4.37e-02	  1.56e-02	-1.26244e-01
  4.37e-02	  1.61e-02	2.70143e-02
  4.37e-02	  1.67e-02	1.63654e+00
  4.37e-02	  1.72e-02	8.93185e+00
  4.37e-02	  1.77e-02	3.32475e+01
  4.37e-02	  1.82e-02	1.29145e+02
  4.37e-02	  1.88e-02	1.69040e-31
  4.37e-02	  1.93e-02	-5.54414e-32
  4.37e-02	  1.98e-02	1.92142e-31
  4.37e-02	  2.03e-02	4.42968e-31
  4.37e-02	  2.08e-02	-1.23652e+02
  4.37e-02	  2.14e-02	-2.82712e+01
  4.37e-02	  2.19e-02	-1.56861e+01
  4.37e-02	  2.24e-02	-9.54464e+00
  4.37e-02	  2.29e-02	-5.24078e+00
  4.37e-02	  2.34e-02	-3.12993e+00
  4.37e-02	  2.40e-02	-2.02001e+00
  4.37e-02	  2.45e-02	-1.01834e+00
  4.37e-02	  2.50e-02	-3.86195e-01
  4.37e-02	  2.55e-02	1.23779e-02
  4.37e-02	  2.60e-02	2.37125e+00
  4.37e-02	  2.66e-02	1.01606e+01
  4.37e-02	  2.71e-02	3.54965e+01
  4.37e-02	  2.76e-02	1.33299e+02
  4.37e-02	  2.81e-02	2.41428e-31
  4.37e-02	  2.86e-02	-1.00490e-31
  4.37e-02	  2.92e-02	1.61004e-31
  4.37e-02	  2.97e-02	4.29124e-31
  4.37e-02	  3.02e-02	-1.26145e+02
  4.37e-02	  3.07e-02	-2.81667e+01
  4.37e-02	  3.13e-02	-1.50221e+01
  4.37e-02	  3.18e-02	-8.88874e+00
  4.37e-02	  3.23e-02	-4.94259e+00
  4.37e-02	  3.28e-02	-3.37187e+00
  4.37e-02	  3.33e-02	-2.50668e+00
  4.37e-02	  3.39e-02	-1.68782e+00
  4.37e-02	  3.44e-02	-7.96313e-01
  4.37e-02	  3.49e-02	1.37246e+00
  4.37e-02	  3.54e-02	5.47741e+00
  4.37e-02	  3.59e-02	1.38243e+01
  4.37e-02	  3.65e-02	3.70492e+01
  4.37e-02	  3.70e-02	1.28561e+02
  4.37e-02	  3.75e-02	6.17480e-31
  4.37e-02	  3.80e-02	8.55173e-32
  4.37e-02	  3.85e-02	4.39690e-32
  4.37e-02	  3.91e-02	1.46225e-32
  4.37e-02	  3.96e-02	1.30846e-29
  4.37e-02	  4.01e-02	1.96409e-62
  4.37e-02	  4.06e-02	2.92991e-95
  4.37e-02	  4.11e-02	4.37620e-128
  4.37e-02	  4.17e-02	6.54195e-161
  4.37e-02	  4.22e-02	9.78343e-194
  4.37e-02	  4.27e-02	1.46324e-226
  4.37e-02	  4.32e-02	2.18833e-259
  4.37e-02	  4.37e-02	3.27227e-292
  4.37e-02	  4.43e-02	0.00000e+00
  4.37e-02	  4.48e-02	0.00000e+00
  4.37e-02	  4.53e-02	0.00000e+00
  4.37e-02	  4.58e-02	0.00000e+00
  4.37e-02	  4.64e-02	0.00000e+00
  4.37e-02	  4.69e-02	0.00000e+00
  4.37e-02	  4.74e-02	0.00000e+00
  4.37e-02	  4.79e-02	0.00000e+00
  4.37e-02	  4.84e-02	0.00000e+00
  4.37e-02	  4.90e-02	0.00000e+00
  4.37e-02	  4.95e-02	0.00000e+00

  4.45e-02	  0.00e+00	0.00000e+00
  4.45e-02	  5.21e-04	0.00000e+00
  4.45e-02	  1.04e-03	0.00000e+00
  4.45e-02	  1.56e-03	0.00000e+00
  4.45e-02	  2.08e-03	0.00000e+00
  4.45e-02	  2.60e-03	0.00000e+00
  4.45e-02	  3.12e-03	0.00000e+00
  4.45e-02	  3.65e-03	0.00000e+00
  4.45e-02	  4.17e-03	0.00000e+00
  4.45e-02	  4.69e-03	0.00000e+00
  4.45e-02	  5.21e-03	-1.19527e-291
  4.45e-02	  5.73e-03	-6.99610e-259
  4.45e-02	  6.25e-03	-4.01046e-226
  4.45e-02	  6.77e-03	-2.23444e-193
  4.45e-02	  7.29e-03	-1.19455e-160
  4.45e-02	  7.81e-03	-5.98158e-128
  4.45e-02	  8.33e-03	-2.65640e-95
  4.45e-02	  8.85e-03	-8.76718e-63
  4.45e-02	  9.37e-03	-4.29095e-66
  4.45e-02	  9.90e-03	-1.35315e-65
  4.45e-02	  1.04e-02	-2.78502e-65
  4.45e-02	  1.09e-02	-3.96002e-64
  4.45e-02	  1.15e-02	-2.34599e-31
  4.45e-02	  1.20e-02	-8.49859e+01
  4.45e-02	  1.25e-02	-5.24904e+01
  4.45e-02	  1.30e-02	-2.23463e+01
  4.45e-02	  1.35e-02	-9.58150e+00
  4.45e-02	  1.41e-02	-3.69515e+00
  4.45e-02	  1.46e-02	-1.05390e+00
  4.45e-02	  1.51e-02	-5.29864e-01
  4.45e-02	  1.56e-02	-3.49111e-01
  4.45e-02	  1.61e-02	1.88918e-01
  4.45e-02	  1.67e-02	4.94199e+00
  4.45e-02	  1.72e-02	2.02094e+01
  4.45e-02	  1.77e-02	4.97596e+01
  4.45e-02	  1.82e-02	9.61829e+01
  4.45e-02	  1.88e-02	6.41485e-31
  4.45e-02	  1.93e-02	7.44782e-64
  4.45e-02	  1.98e-02	-6.82068e-64
  4.45e-02	  2.03e-02	-5.45551e-31
  4.45e-02	  2.08e-02	-8.91901e+01
  4.45e-02	  2.14e-02	-5.11138e+01
  4.45e-02	  2.19e-02	-2.47792e+01
  4.45e-02	  2.24e-02	-1.02424e+01
  4.45e-02	  2.29e-02	-3.68642e+00
  4.45e-02	  2.34e-02	-1.65367e+00
  4.45e-02	  2.40e-02	-1.33545e+00
  4.45e-02	  2.45e-02	-1.05398e+00
  4.45e-02	  2.50e-02	-8.61652e-01
  4.45e-02	  2.55e-02	1.30182e-01
  4.45e-02	  2.60e-02	6.00016e+00
  4.45e-02	  2.66e-02	2.22267e+01
  4.45e-02	  2.71e-02	5.29284e+01
  4.45e-02	  2.76e-02	9.72607e+01
  4.45e-02	  2.81e-02	6.79468e-31
  4.45e-02	  2.86e-02	7.29406e-64
  4.45e-02	  2.92e-02	-7.11363e-64
  4.45e-02	  2.97e-02	-5.51412e-31
  4.45e-02	  3.02e-02	-9.22491e+01
  4.45e-02	  3.07e-02	-5.10613e+01
  4.45e-02	  3.13e-02	-2.39400e+01
  4.45e-02	  3.18e-02	-9.43727e+00
  4.45e-02	  3.23e-02	-3.29474e+00
  4.45e-02	  3.28e-02	-1.92425e+00
  4.45e-02	  3.33e-02	-1.81258e+00
  4.45e-02	  3.39e-02	-1.57115e+00
  4.45e-02	  3.44e-02	-1.09453e+00
  4.45e-02	  3.49e-02	1.28970e+00
  4.45e-02	  3.54e-02	7.78572e+00
  4.45e-02	  3.59e-02	2.21398e+01
  4.45e-02	  3.65e-02	5.74877e+01
  4.45e-02	  3.70e-02	9.43019e+01
  4.45e-02	  3.75e-02	3.97728e-31
  4.45e-02	  3.80e-02	4.08088e-64
  4.45e-02	  3.85e-02	2.97190e-65
  4.45e-02	  3.91e-02	9.81517e-66
  4.45e-02	  3.96e-02	8.66278e-63
  4.45e-02	  4.01e-02	2.59584e-95
  4.45e-02	  4.06e-02	5.82187e-128
  4.45e-02	  4.11e-02	1.16077e-160
  4.45e-02	  4.17e-02	2.17015e-193
  4.45e-02	  4.22e-02	3.89515e-226
  4.45e-02	  4.27e-02	6.79661e-259
  4.45e-02	  4.32e-02	1.16158e-291
  4.45e-02	  4.37e-02	0.00000e+00
  4.45e-02	  4.43e-02	0.00000e+00
  4.45e-02	  4.48e-02	0.00000e+00
  4.45e-02	  4.53e-02	0.00000e+00
  4.45e-02	  4.58e-02	0.00000e+00
  4.45e-02	  4.64e-02	0.00000e+00
  4.45e-02	  4.69e-02	0.00000e+00
  4.45e-02	  4.74e-02	0.00000e+00
  4.45e-02	  4.79e-02	0.00000e+00
  4.45e-02	  4.84e-02	0.00000e+00
  4.45e-02	  4.90e-02	0.00000e+00
  4.45e-02	  4.95e-02	0.00000e+00

  4.53e-02	  0.00e+00	0.00000e+00
  4.53e-02	  5.21e-04	0.00000e+00
  4.53e-02	  1.04e-03	0.00000e+00
  4.53e-02	  1.56e-03	0.00000e+00
  4.53e-02	  2.08e-03	0.00000e+00
  4.53e-02	  2.60e-03	0.00000e+00
  4.53e-02	  3.12e-03	0.00000e+00
  4.53e-02	  3.65e-03	0.00000e+00
  4.53e-02	  4.17e-03	0.00000e+00
  4.53e-02	  4.69e-03	0.00000e+00
  4.53e-02	  5.21e-03	0.00000e+00
  4.53e-02	  5.73e-03	-1.85206e-291
  4.53e-02	  6.25e-03	-9.28700e-259
  4.53e-02	  6.77e-03	-4.43345e-226
  4.53e-02	  7.29e-03	-1.97425e-193
  4.53e-02	  7.81e-03	-7.90499e-161
  4.53e-02	  8.33e-03	-2.63282e-128
  4.53e-02	  8.85e-03	-5.81909e-96
  4.53e-02	  9.37e-03	-2.86648e-99
  4.53e-02	  9.90e-03	-9.16163e-99
  4.53e-02	  1.04e-02	-5.41206e-97
  4.53e-02	  1.09e-02	-3.47374e-64
  4.53e-02	  1.15e-02	-2.31095e-31
  4.53e-02	  1.20e-02	-7.42579e+01
  4.53e-02	  1.25e-02	-5.58743e+01
  4.53e-02	  1.30e-02	-2.81809e+01
  4.53e-02	  1.35e-02	-1.16810e+01
  4.53e-02	  1.41e-02	-3.70483e+00
  4.53e-02	  1.46e-02	-6.88533e-01
  4.53e-02	  1.51e-02	-2.16287e-01
  4.53e-02	  1.56e-02	9.99483e-02
  4.53e-02	  1.61e-02	1.66794e+00
  4.53e-02	  1.67e-02	9.21759e+00
  4.53e-02	  1.72e-02	2.71982e+01
  4.53e-02	  1.77e-02	4.89343e+01
  4.53e-02	  1.82e-02	8.50310e+01
  4.53e-02	  1.88e-02	5.02605e-31
  4.53e-02	  1.93e-02	7.50773e-64
  4.53e-02	  1.98e-02	-7.52966e-64
  4.53e-02	  2.03e-02	-5.07263e-31
  4.53e-02	  2.08e-02	-7.78256e+01
  4.53e-02	  2.14e-02	-5.05594e+01
  4.53e-02	  2.19e-02	-3.18663e+01
  4.53e-02	  2.24e-02	-1.42684e+01
  4.53e-02	  2.29e-02	-4.60090e+00
  4.53e-02	  2.34e-02	-1.30867e+00
  4.53e-02	  2.40e-02	-8.58239e-01
  4.53e-02	  2.45e-02	-7.39998e-01
  4.53e-02	  2.50e-02	-4.40712e-01
  4.53e-02	  2.55e-02	1.72496e+00
  4.53e-02	  2.60e-02	1.06290e+01
  4.53e-02	  2.66e-02	2.95314e+01
  4.53e-02	  2.71e-02	5.14632e+01
  4.53e-02	  2.76e-02	8.52878e+01
  4.53e-02	  2.81e-02	5.22517e-31
  4.53e-02	  2.86e-02	7.67424e-64
  4.53e-02	  2.92e-02	-7.64617e-64
  4.53e-02	  2.97e-02	-5.15116e-31
  4.53e-02	  3.02e-02	-8.06706e+01
  4.53e-02	  3.07e-02	-5.09535e+01
  4.53e-02	  3.13e-02	-3.10833e+01
  4.53e-02	  3.18e-02	-1.33011e+01
  4.53e-02	  3.23e-02	-4.09034e+00
  4.53e-02	  3.28e-02	-1.53486e+00
  4.53e-02	  3.33e-02	-1.28884e+00
  4.53e-02	  3.39e-02	-1.14767e+00
  4.53e-02	  3.44e-02	-6.76721e-01
  4.53e-02	  3.49e-02	2.05404e+00
  4.53e-02	  3.54e-02	1.05011e+01
  4.53e-02	  3.59e-02	2.79911e+01
  4.53e-02	  3.65e-02	5.96593e+01
  4.53e-02	  3.70e-02	8.19447e+01
  4.53e-02	  3.75e-02	2.74156e-31
  4.53e-02	  3.80e-02	3.48048e-64
  4.53e-02	  3.85e-02	5.43280e-97
  4.53e-02	  3.91e-02	6.57479e-99
  4.53e-02	  3.96e-02	5.74958e-96
  4.53e-02	  4.01e-02	2.58168e-128
  4.53e-02	  4.06e-02	7.72346e-161
  4.53e-02	  4.11e-02	1.92548e-193
  4.53e-02	  4.17e-02	4.32021e-226
  4.53e-02	  4.22e-02	9.04636e-259
  4.53e-02	  4.27e-02	1.80383e-291
  4.53e-02	  4.32e-02	0.00000e+00
  4.53e-02	  4.37e-02	0.00000e+00
  4.53e-02	  4.43e-02	0.00000e+00
  4.53e-02	  4.48e-02	0.00000e+00
  4.53e-02	  4.53e-02	0.00000e+00
  4.53e-02	  4.58e-02	0.00000e+00
  4.53e-02	  4.64e-02	0.00000e+00
  4.53e-02	  4.69e-02	0.00000e+00
  4.53e-02	  4.74e-02	0.00000e+00
  4.53e-02	  4.79e-02	0.00000e+00
  4.53e-02	  4.84e-02	0.00000e+00
  4.53e-02	  4.90e-02	0.00000e+00
  4.53e-02	  4.95e-02	0.00000e+00

  4.61e-02	  0.00e+00	0.00000e+00
  4.61e-02	  5.21e-04	0.00000e+00
  4.61e-02	  1.04e-03	0.00000e+00
  4.61e-02	  1.56e-03	0.00000e+00
  4.61e-02	  2.08e-03	0.00000e+00
  4.61e-02	  2.60e-03	0.00000e+00
  4.61e-02	  3.12e-03	0.00000e+00
  4.61e-02	  3.65e-03	0.00000e+00
  4.61e-02	  4.17e-03	0.00000e+00
  4.61e-02	  4.69e-03	0.00000e+00
  4.61e-02	  5.21e-03	0.00000e+00
  4.61e-02	  5.73e-03	0.00000e+00
  4.61e-02	  6.25e-03	-1.63972e-291
  4.61e-02	  6.77e-03	-6.84841e-259
  4.61e-02	  7.29e-03	-2.61371e-226
  4.61e-02	  7.81e-03	-8.72120e-194
  4.61e-02	  8.33e-03	-2.32476e-161
  4.61e-02	  8.85e-03	-3.86238e-129
  4.61e-02	  9.37e-03	-1.91666e-132
  4.61e-02	  9.90e-03	-8.39284e-130
  4.61e-02	  1.04e-02	-5.54415e-97
  4.61e-02	  1.09e-02	-3.68903e-64
  4.61e-02	  1.15e-02	-2.45435e-31
  4.61e-02	  1.20e-02	-7.07470e+01
  4.61e-02	  1.25e-02	-5.37474e+01
  4.61e-02	  1.30e-02	-3.21406e+01
  4.61e-02	  1.35e-02	-1.38839e+01
  4.61e-02	  1.41e-02	-4.16116e+00
  4.61e-02	  1.46e-02	-6.68518e-01
  4.61e-02	  1.51e-02	8.39257e-03
  4.61e-02	  1.56e-02	6.59885e-01
  4.61e-02	  1.61e-02	3.29427e+00
  4.61e-02	  1.67e-02	1.28758e+01
  4.61e-02	  1.72e-02	3.08556e+01
  4.61e-02	  1.77e-02	4.55627e+01
  4.61e-02	  1.82e-02	8.07967e+01
  4.61e-02	  1.88e-02	4.56150e-31
  4.61e-02	  1.93e-02	7.52633e-64
  4.61e-02	  1.98e-02	-7.48381e-64
  4.61e-02	  2.03e-02	-5.04210e-31
  4.61e-02	  2.08e-02	-7.40678e+01
  4.61e-02	  2.14e-02	-4.62543e+01
  4.61e-02	  2.19e-02	-3.52066e+01
  4.61e-02	  2.24e-02	-1.81317e+01
  4.61e-02	  2.29e-02	-6.32010e+00
  4.61e-02	  2.34e-02	-1.57802e+00
  4.61e-02	  2.40e-02	-6.39951e-01
  4.61e-02	  2.45e-02	-3.99327e-01
  4.61e-02	  2.50e-02	2.07958e-01
  4.61e-02	  2.55e-02	3.54546e+00
  4.61e-02	  2.60e-02	1.45631e+01
  4.61e-02	  2.66e-02	3.31343e+01
  4.61e-02	  2.71e-02	4.73082e+01
  4.61e-02	  2.76e-02	8.10939e+01
  4.61e-02	  2.81e-02	4.69161e-31
  4.61e-02	  2.86e-02	7.75910e-64
  4.61e-02	  2.92e-02	-7.57488e-64
  4.61e-02	  2.97e-02	-5.10377e-31
  4.61e-02	  3.02e-02	-7.64613e+01
  4.61e-02	  3.07e-02	-4.69347e+01
  4.61e-02	  3.13e-02	-3.46649e+01
  4.61e-02	  3.18e-02	-1.70983e+01
  4.61e-02	  3.23e-02	-5.68566e+00
  4.61e-02	  3.28e-02	-1.73254e+00
  4.61e-02	  3.33e-02	-1.01740e+00
  4.61e-02	  3.39e-02	-7.53960e-01
  4.61e-02	  3.44e-02	-1.68348e-01
  4.61e-02	  3.49e-02	2.83077e+00
  4.61e-02	  3.54e-02	1.26927e+01
  4.61e-02	  3.59e-02	3.17698e+01
  4.61e-02	  3.65e-02	5.73446e+01
  4.61e-02	  3.70e-02	7.75540e+01
  4.61e-02	  3.75e-02	2.35700e-31
  4.61e-02	  3.80e-02	3.71670e-64
  4.61e-02	  3.85e-02	5.58666e-97
  4.61e-02	  3.91e-02	8.44079e-130
  4.61e-02	  3.96e-02	3.81608e-129
  4.61e-02	  4.01e-02	2.28397e-161
  4.61e-02	  4.06e-02	8.54188e-194
  4.61e-02	  4.11e-02	2.55553e-226
  4.61e-02	  4.17e-02	6.68924e-259
  4.61e-02	  4.22e-02	1.60066e-291
  4.61e-02	  4.27e-02	0.00000e+00
  4.61e-02	  4.32e-02	0.00000e+00
  4.61e-02	  4.37e-02	0.00000e+00
  4.61e-02	  4.43e-02	0.00000e+00
  4.61e-02	  4.48e-02	0.00000e+00
  4.61e-02	  4.53e-02	0.00000e+00
  4.61e-02	  4.58e-02	0.00000e+00
  4.61e-02	  4.64e-02	0.00000e+00
  4.61e-02	  4.69e-02	0.00000e+00
  4.61e-02	  4.74e-02	0.00000e+00
  4.61e-02	  4.79e-02	0.00000e+00
  4.61e-02	  4.84e-02	0.00000e+00
  4.61e-02	  4.90e-02	0.00000e+00
  4.61e-02	  4.95e-02	0.00000e+00

  4.69e-02	  0.00e+00	0.00000e+00
  4.69e-02	  5.21e-04	0.00000e+00
  4.69e-02	  1.04e-03	0.00000e+00
  4.69e-02	  1.56e-03	0.00000e+00
  4.69e-02	  2.08e-03	0.00000e+00
  4.69e-02	  2.60e-03	0.00000e+00
  4.69e-02	  3.12e-03	0.00000e+00
  4.69e-02	  3.65e-03	0.00000e+00
  4.69e-02	  4.17e-03	0.00000e+00
  4.69e-02	  4.69e-03	0.00000e+00
  4.69e-02	  5.21e-03	0.00000e+00
  4.69e-02	  5.73e-03	0.00000e+00
  4.69e-02	  6.25e-03	0.00000e+00
  4.69e-02	  6.77e-03	-9.07287e-292
  4.69e-02	  7.29e-03	-3.02996e-259
  4.69e-02	  7.81e-03	-8.66713e-227
  4.69e-02	  8.33e-03	-1.92618e-194
  4.69e-02	  8.85e-03	-2.56364e-162
  4.69e-02	  9.37e-03	-1.37152e-162
  4.69e-02	  9.90e-03	-9.12550e-130
  4.69e-02	  1.04e-02	-6.07545e-97
  4.69e-02	  1.09e-02	-4.04369e-64
  4.69e-02	  1.15e-02	-2.69075e-31
  4.69e-02	  1.20e-02	-7.02001e+01
  4.69e-02	  1.25e-02	-5.01720e+01
  4.69e-02	  1.30e-02	-3.47749e+01
  4.69e-02	  1.35e-02	-1.59250e+01
  4.69e-02	  1.41e-02	-4.71568e+00
  4.69e-02	  1.46e-02	-7.75737e-01
  4.69e-02	  1.51e-02	1.45580e-01
  4.69e-02	  1.56e-02	1.16328e+00
  4.69e-02	  1.61e-02	4.82141e+00
  4.69e-02	  1.67e-02	1.58874e+01
  4.69e-02	  1.72e-02	3.26325e+01
  4.69e-02	  1.77e-02	4.25843e+01
  4.69e-02	  1.82e-02	7.88957e+01
  4.69e-02	  1.88e-02	4.42960e-31
  4.69e-02	  1.93e-02	7.66910e-64
  4.69e-02	  1.98e-02	-7.65217e-64
  4.69e-02	  2.03e-02	-5.15354e-31
  4.69e-02	  2.08e-02	-7.28896e+01
  4.69e-02	  2.14e-02	-4.24657e+01
  4.69e-02	  2.19e-02	-3.62053e+01
  4.69e-02	  2.24e-02	-2.12072e+01
  4.69e-02	  2.29e-02	-8.18809e+00
  4.69e-02	  2.34e-02	-2.10213e+00
  4.69e-02	  2.40e-02	-5.91479e-01
  4.69e-02	  2.45e-02	-1.35194e-01
  4.69e-02	  2.50e-02	8.38679e-01
  4.69e-02	  2.55e-02	5.29628e+00
  4.69e-02	  2.60e-02	1.77534e+01
  4.69e-02	  2.66e-02	3.46497e+01
  4.69e-02	  2.71e-02	4.37617e+01
  4.69e-02	  2.76e-02	7.95313e+01
  4.69e-02	  2.81e-02	4.54589e-31
  4.69e-02	  2.86e-02	7.98987e-64
  4.69e-02	  2.92e-02	-7.69172e-64
  4.69e-02	  2.97e-02	-5.18083e-31
  4.69e-02	  3.02e-02	-7.47850e+01
  4.69e-02	  3.07e-02	-4.32319e+01
  4.69e-02	  3.13e-02	-3.59607e+01
  4.69e-02	  3.18e-02	-2.02129e+01
  4.69e-02	  3.23e-02	-7.44787e+00
  4.69e-02	  3.28e-02	-2.17765e+00
  4.69e-02	  3.33e-02	-9.20000e-01
  4.69e-02	  3.39e-02	-4.75503e-01
  4.69e-02	  3.44e-02	2.41639e-01
  4.69e-02	  3.49e-02	3.46973e+00
  4.69e-02	  3.54e-02	1.45300e+01
  4.69e-02	  3.59e-02	3.44295e+01
  4.69e-02	  3.65e-02	5.38693e+01
  4.69e-02	  3.70e-02	7.64738e+01
  4.69e-02	  3.75e-02	2.28491e-31
  4.69e-02	  3.80e-02	4.08854e-64
  4.69e-02	  3.85e-02	6.14393e-97
  4.69e-02	  3.91e-02	9.23112e-130
  4.69e-02	  3.96e-02	3.91948e-162
  4.69e-02	  4.01e-02	2.10294e-194
  4.69e-02	  4.06e-02	8.81577e-227
  4.69e-02	  4.11e-02	3.01470e-259
  4.69e-02	  4.17e-02	8.94771e-292
  4.69e-02	  4.22e-02	0.00000e+00
  4.69e-02	  4.27e-02	0.00000e+00
  4.69e-02	  4.32e-02	0.00000e+00
  4.69e-02	  4.37e-02	0.00000e+00
  4.69e-02	  4.43e-02	0.00000e+00
  4.69e-02	  4.48e-02	0.00000e+00
  4.69e-02	  4.53e-02	0.00000e+00
  4.69e-02	  4.58e-02	0.00000e+00
  4.69e-02	  4.64e-02	0.00000e+00
  4.69e-02	  4.69e-02	0.00000e+00
  4.69e-02	  4.74e-02	0.00000e+00
  4.69e-02	  4.79e-02	0.00000e+00
  4.69e-02	  4.84e-02	0.00000e+00
  4.69e-02	  4.90e-02	0.00000e+00
  4.69e-02	  4.95e-02	0.00000e+00

  4.77e-02	  0.00e+00	0.00000e+00
  4.77e-02	  5.21e-04	0.00000e+00
  4.77e-02	  1.04e-03	0.00000e+00
  4.77e-02	  1.56e-03	0.00000e+00
  4.77e-02	  2.08e-03	0.00000e+00
  4.77e-02	  2.60e-03	0.00000e+00
  4.77e-02	  3.12e-03	0.00000e+00
  4.77e-02	  3.65e-03	0.00000e+00
  4.77e-02	  4.17e-03	0.00000e+00
  4.77e-02	  4.69e-03	0.00000e+00
  4.77e-02	  5.21e-03	0.00000e+00
  4.77e-02	  5.73e-03	0.00000e+00
  4.77e-02	  6.25e-03	0.00000e+00
  4.77e-02	  6.77e-03	0.00000e+00
  4.77e-02	  7.29e-03	-3.28916e-292
  4.77e-02	  7.81e-03	-8.55265e-260
  4.77e-02	  8.33e-03	-1.87281e-227
  4.77e-02	  8.85e-03	-3.96961e-195
  4.77e-02	  9.37e-03	-1.51202e-162
  4.77e-02	  9.90e-03	-1.00759e-129
  4.77e-02	  1.04e-02	-6.71176e-97
  4.77e-02	  1.09e-02	-4.46918e-64
  4.77e-02	  1.15e-02	-2.97492e-31
  4.77e-02	  1.20e-02	-7.07489e+01
  4.77e-02	  1.25e-02	-4.66320e+01
  4.77e-02	  1.30e-02	-3.64338e+01
  4.77e-02	  1.35e-02	-1.78676e+01
  4.77e-02	  1.41e-02	-5.31885e+00
  4.77e-02	  1.46e-02	-9.33644e-01
  4.77e-02	  1.51e-02	2.25804e-01
  4.77e-02	  1.56e-02	1.61364e+00
  4.77e-02	  1.61e-02	6.27188e+00
  4.77e-02	  1.67e-02	1.83925e+01
  4.77e-02	  1.72e-02	3.33855e+01
  4.77e-02	  1.77e-02	4.04130e+01
  4.77e-02	  1.82e-02	7.77546e+01
  4.77e-02	  1.88e-02	4.43757e-31
  4.77e-02	  1.93e-02	7.85596e-64
  4.77e-02	  1.98e-02	-7.90754e-64
  4.77e-02	  2.03e-02	-5.32178e-31
  4.77e-02	  2.08e-02	-7.25437e+01
  4.77e-02	  2.14e-02	-3.98029e+01
  4.77e-02	  2.19e-02	-3.60251e+01
  4.77e-02	  2.24e-02	-2.35111e+01
  4.77e-02	  2.29e-02	-1.00196e+01
  4.77e-02	  2.34e-02	-2.73511e+00
  4.77e-02	  2.40e-02	-6.41571e-01
  4.77e-02	  2.45e-02	5.52312e-02
  4.77e-02	  2.50e-02	1.42466e+00
  4.77e-02	  2.55e-02	6.97652e+00
  4.77e-02	  2.60e-02	2.03376e+01
  4.77e-02	  2.66e-02	3.50688e+01
  4.77e-02	  2.71e-02	4.12584e+01
  4.77e-02	  2.76e-02	7.87928e+01
  4.77e-02	  2.81e-02	4.57125e-31
  4.77e-02	  2.86e-02	8.27087e-64
  4.77e-02	  2.92e-02	-7.88280e-64
  4.77e-02	  2.97e-02	-5.30609e-31
  4.77e-02	  3.02e-02	-7.39529e+01
  4.77e-02	  3.07e-02	-4.05350e+01
  4.77e-02	  3.13e-02	-3.60399e+01
  4.77e-02	  3.18e-02	-2.26373e+01
  4.77e-02	  3.23e-02	-9.20166e+00
  4.77e-02	  3.28e-02	-2.73173e+00
  4.77e-02	  3.33e-02	-9.28175e-01
  4.77e-02	  3.39e-02	-2.98261e-01
  4.77e-02	  3.44e-02	5.47338e-01
  4.77e-02	  3.49e-02	4.02963e+00
  4.77e-02	  3.54e-02	1.62415e+01
  4.77e-02	  3.59e-02	3.63620e+01
  4.77e-02	  3.65e-02	5.03900e+01
  4.77e-02	  3.70e-02	7.66998e+01
  4.77e-02	  3.75e-02	2.36920e-31
  4.77e-02	  3.80e-02	4.53177e-64
  4.77e-02	  3.85e-02	6.80727e-97
  4.77e-02	  3.91e-02	1.02231e-129
  4.77e-02	  3.96e-02	1.53491e-162
  4.77e-02	  4.01e-02	2.30393e-195
  4.77e-02	  4.06e-02	3.45724e-228
  4.77e-02	  4.11e-02	5.18630e-261
  4.77e-02	  4.17e-02	7.77759e-294
  4.77e-02	  4.22e-02	0.00000e+00
  4.77e-02	  4.27e-02	0.00000e+00
  4.77e-02	  4.32e-02	0.00000e+00
  4.77e-02	  4.37e-02	0.00000e+00
  4.77e-02	  4.43e-02	0.00000e+00
  4.77e-02	  4.48e-02	0.00000e+00
  4.77e-02	  4.53e-02	0.00000e+00
  4.77e-02	  4.58e-02	0.00000e+00
  4.77e-02	  4.64e-02	0.00000e+00
  4.77e-02	  4.69e-02	0.00000e+00
  4.77e-02	  4.74e-02	0.00000e+00
  4.77e-02	  4.79e-02	0.00000e+00
  4.77e-02	  4.84e-02	0.00000e+00
  4.77e-02	  4.90e-02	0.00000e+00
  4.77e-02	  4.95e-02	0.00000e+00

  4.84e-02	  0.00e+00	0.00000e+00
  4.84e-02	  5.21e-04	0.00000e+00
  4.84e-02	  1.04e-03	0.00000e+00
  4.84e-02	  1.56e-03	0.00000e+00
  4.84e-02	  2.08e-03	0.00000e+00
  4.84e-02	  2.60e-03	0.00000e+00
  4.84e-02	  3.12e-03	0.00000e+00
  4.84e-02	  3.65e-03	0.00000e+00
  4.84e-02	  4.17e-03	0.00000e+00
  4.84e-02	  4.69e-03	0.00000e+00
  4.84e-02	  5.21e-03	0.00000e+00
  4.84e-02	  5.73e-03	0.00000e+00
  4.84e-02	  6.25e-03	0.00000e+00
  4.84e-02	  6.77e-03	0.00000e+00
  4.84e-02	  7.29e-03	-8.37283e-294
  4.84e-02	  7.81e-03	-5.59463e-261
  4.84e-02	  8.33e-03	-3.73636e-228
  4.84e-02	  8.85e-03	-2.49407e-195
  4.84e-02	  9.37e-03	-1.66401e-162
  4.84e-02	  9.90e-03	-1.10968e-129
  4.84e-02	  1.04e-02	-7.39676e-97
  4.84e-02	  1.09e-02	-4.92832e-64
  4.84e-02	  1.15e-02	-3.28233e-31
  4.84e-02	  1.20e-02	-7.15550e+01
  4.84e-02	  1.25e-02	-4.36628e+01
  4.84e-02	  1.30e-02	-3.73221e+01
  4.84e-02	  1.35e-02	-1.97684e+01
  4.84e-02	  1.41e-02	-6.00118e+00
  4.84e-02	  1.46e-02	-1.12258e+00
  4.84e-02	  1.51e-02	2.77730e-01
  4.84e-02	  1.56e-02	2.05252e+00
  4.84e-02	  1.61e-02	7.70139e+00
  4.84e-02	  1.67e-02	2.04943e+01
  4.84e-02	  1.72e-02	3.35973e+01
  4.84e-02	  1.77e-02	3.88974e+01
  4.84e-02	  1.82e-02	7.68388e+01
  4.84e-02	  1.88e-02	4.50728e-31
  4.84e-02	  1.93e-02	8.05903e-64
  4.84e-02	  1.98e-02	-8.20205e-64
  4.84e-02	  2.03e-02	-5.51491e-31
  4.84e-02	  2.08e-02	-7.24288e+01
  4.84e-02	  2.14e-02	-3.80359e+01
  4.84e-02	  2.19e-02	-3.53714e+01
  4.84e-02	  2.24e-02	-2.51822e+01
  4.84e-02	  2.29e-02	-1.17741e+01
  4.84e-02	  2.34e-02	-3.43407e+00
  4.84e-02	  2.40e-02	-7.50989e-01
  4.84e-02	  2.45e-02	2.01605e-01
  4.84e-02	  2.50e-02	2.00240e+00
  4.84e-02	  2.55e-02	8.62985e+00
  4.84e-02	  2.60e-02	2.24279e+01
  4.84e-02	  2.66e-02	3.49604e+01
  4.84e-02	  2.71e-02	3.95783e+01
  4.84e-02	  2.76e-02	7.82523e+01
  4.84e-02	  2.81e-02	4.67590e-31
  4.84e-02	  2.86e-02	8.56735e-64
  4.84e-02	  2.92e-02	-8.10616e-64
  4.84e-02	  2.97e-02	-5.45171e-31
  4.84e-02	  3.02e-02	-7.33838e+01
  4.84e-02	  3.07e-02	-3.86808e+01
  4.84e-02	  3.13e-02	-3.55704e+01
  4.84e-02	  3.18e-02	-2.44773e+01
  4.84e-02	  3.23e-02	-1.09103e+01
  4.84e-02	  3.28e-02	-3.35411e+00
  4.84e-02	  3.33e-02	-1.00325e+00
  4.84e-02	  3.39e-02	-1.89279e-01
  4.84e-02	  3.44e-02	7.89043e-01
  4.84e-02	  3.49e-02	4.59757e+00
  4.84e-02	  3.54e-02	1.79673e+01
  4.84e-02	  3.59e-02	3.77091e+01
  4.84e-02	  3.65e-02	4.73484e+01
  4.84e-02	  3.70e-02	7.73006e+01
  4.84e-02	  3.75e-02	2.54234e-31
  4.84e-02	  3.80e-02	5.00939e-64
  4.84e-02	  3.85e-02	7.52081e-97
  4.84e-02	  3.91e-02	1.12883e-129
  4.84e-02	  3.96e-02	1.69381e-162
  4.84e-02	  4.01e-02	2.54080e-195
  4.84e-02	  4.06e-02	3.81007e-228
  4.84e-02	  4.11e-02	5.71150e-261
  4.84e-02	  4.17e-02	8.55883e-294
  4.84e-02	  4.22e-02	0.00000e+00
  4.84e-02	  4.27e-02	0.00000e+00
  4.84e-02	  4.32e-02	0.00000e+00
  4.84e-02	  4.37e-02	0.00000e+00
  4.84e-02	  4.43e-02	0.00000e+00
  4.84e-02	  4.48e-02	0.00000e+00
  4.84e-02	  4.53e-02	0.00000e+00
  4.84e-02	  4.58e-02	0.00000e+00
  4.84e-02	  4.64e-02	0.00000e+00
  4.84e-02	  4.69e-02	0.00000e+00
  4.84e-02	  4.74e-02	0.00000e+00
  4.84e-02	  4.79e-02	0.00000e+00
  4.84e-02	  4.84e-02	0.00000e+00
  4.84e-02	  4.90e-02	0.00000e+00
  4.84e-02	  4.95e-02	0.00000e+00

  4.92e-02	  0.00e+00	0.00000e+00
  4.92e-02	  5.21e-04	0.00000e+00
  4.92e-02	  1.04e-03	0.00000e+00
  4.92e-02	  1.56e-03	0.00000e+00
  4.92e-02	  2.08e-03	0.00000e+00
  4.92e-02	  2.60e-03	0.00000e+00
  4.92e-02	  3.12e-03	0.00000e+00
  4.92e-02	  3.65e-03	0.00000e+00
  4.92e-02	  4.17e-03	0.00000e+00
  4.92e-02	  4.69e-03	0.00000e+00
  4.92e-02	  5.21e-03	0.00000e+00
  4.92e-02	  5.73e-03	0.00000e+00
  4.92e-02	  6.25e-03	0.00000e+00
  4.92e-02	  6.77e-03	0.00000e+00
  4.92e-02	  7.29e-03	-9.12419e-294
  4.92e-02	  7.81e-03	-6.10172e-261
  4.92e-02	  8.33e-03	-4.07841e-228
  4.92e-02	  8.85e-03	-2.72465e-195
  4.92e-02	  9.37e-03	-1.81934e-162
  4.92e-02	  9.90e-03	-1.21423e-129
  4.92e-02	  1.04e-02	-8.09997e-97
  4.92e-02	  1.09e-02	-5.40086e-64
  4.92e-02	  1.15e-02	-3.59955e-31
  4.92e-02	  1.20e-02	-7.22780e+01
  4.92e-02	  1.25e-02	-4.13726e+01
  4.92e-02	  1.30e-02	-3.76062e+01
  4.92e-02	  1.35e-02	-2.16311e+01
  4.92e-02	  1.41e-02	-6.80211e+00
  4.92e-02	  1.46e-02	-1.34247e+00
  4.92e-02	  1.51e-02	3.21296e-01
  4.92e-02	  1.56e-02	2.51740e+00
  4.92e-02	  1.61e-02	9.14633e+00
  4.92e-02	  1.67e-02	2.22582e+01
  4.92e-02	  1.72e-02	3.35334e+01
  4.92e-02	  1.77e-02	3.78200e+01
  4.92e-02	  1.82e-02	7.59875e+01
  4.92e-02	  1.88e-02	4.60566e-31
  4.92e-02	  1.93e-02	8.27134e-64
  4.92e-02	  1.98e-02	-8.51920e-64
  4.92e-02	  2.03e-02	-5.72208e-31
  4.92e-02	  2.08e-02	-7.23476e+01
  4.92e-02	  2.14e-02	-3.68555e+01
  4.92e-02	  2.19e-02	-3.46067e+01
  4.92e-02	  2.24e-02	-2.63650e+01
  4.92e-02	  2.29e-02	-1.34451e+01
  4.92e-02	  2.34e-02	-4.19320e+00
  4.92e-02	  2.40e-02	-9.01337e-01
  4.92e-02	  2.45e-02	3.31315e-01
  4.92e-02	  2.50e-02	2.61272e+00
  4.92e-02	  2.55e-02	1.02836e+01
  4.92e-02	  2.60e-02	2.41064e+01
  4.92e-02	  2.66e-02	3.46321e+01
  4.92e-02	  2.71e-02	3.84362e+01
  4.92e-02	  2.76e-02	7.77162e+01
  4.92e-02	  2.81e-02	4.81868e-31
  4.92e-02	  2.86e-02	8.86977e-64
  4.92e-02	  2.92e-02	-8.34829e-64
  4.92e-02	  2.97e-02	-5.60900e-31
  4.92e-02	  3.02e-02	-7.28905e+01
  4.92e-02	  3.07e-02	-3.73947e+01
  4.92e-02	  3.13e-02	-3.49138e+01
  4.92e-02	  3.18e-02	-2.58475e+01
  4.92e-02	  3.23e-02	-1.25684e+01
  4.92e-02	  3.28e-02	-4.03976e+00
  4.92e-02	  3.33e-02	-1.12678e+00
  4.92e-02	  3.39e-02	-1.21529e-01
  4.92e-02	  3.44e-02	1.00674e+00
  4.92e-02	  3.49e-02	5.24592e+00
  4.92e-02	  3.54e-02	1.97649e+01
  4.92e-02	  3.59e-02	3.85361e+01
  4.92e-02	  3.65e-02	4.48706e+01
  4.92e-02	  3.70e-02	7.78648e+01
  4.92e-02	  3.75e-02	2.76668e-31
  4.92e-02	  3.80e-02	5.50046e-64
  4.92e-02	  3.85e-02	8.25310e-97
  4.92e-02	  3.91e-02	1.23795e-129
  4.92e-02	  3.96e-02	1.85632e-162
  4.92e-02	  4.01e-02	2.78264e-195
  4.92e-02	  4.06e-02	4.16976e-228
  4.92e-02	  4.11e-02	6.24613e-261
  4.92e-02	  4.17e-02	9.35306e-294
  4.92e-02	  4.22e-02	0.00000e+00
  4.92e-02	  4.27e-02	0.00000e+00
  4.92e-02	  4.32e-02	0.00000e+00
  4.92e-02	  4.37e-02	0.00000e+00
  4.92e-02	  4.43e-02	0.00000e+00
  4.92e-02	  4.48e-02	0.00000e+00
  4.92e-02	  4.53e-02	0.00000e+00
  4.92e-02	  4.58e-02	0.00000e+00
  4.92e-02	  4.64e-02	0.00000e+00
  4.92e-02	  4.69e-02	0.00000e+00
  4.92e-02	  4.74e-02	0.00000e+00
  4.92e-02	  4.79e-02	0.00000e+00
  4.92e-02	  4.84e-02	0.00000e+00
  4.92e-02	  4.90e-02	0.00000e+00
  4.92e-02	  4.95e-02	0.00000e+00

  5.00e-02	  0.00e+00	0.00000e+00
  5.00e-02	  5.21e-04	0.00000e+00
  5.00e-02	  1.04e-03	0.00000e+00
  5.00e-02	  1.56e-03	0.00000e+00
  5.00e-02	  2.08e-03	0.00000e+00
  5.00e-02	  2.60e-03	0.00000e+00
  5.00e-02	  3.12e-03	0.00000e+00
  5.00e-02	  3.65e-03	0.00000e+00
  5.00e-02	  4.17e-03	0.00000e+00
  5.00e-02	  4.69e-03	0.00000e+00
  5.00e-02	  5.21e-03	0.00000e+00
  5.00e-02	  5.73e-03	0.00000e+00
  5.00e-02	  6.25e-03	0.00000e+00
  5.00e-02	  6.77e-03	0.00000e+00
  5.00e-02	  7.29e-03	-9.86932e-294
  5.00e-02	  7.81e-03	-6.60515e-261
  5.00e-02	  8.33e-03	-4.41842e-228
  5.00e-02	  8.85e-03	-2.95419e-195
  5.00e-02	  9.37e-03	-1.97423e-162
  5.00e-02	  9.90e-03	-1.31870e-129
  5.00e-02	  1.04e-02	-8.80410e-97
  5.00e-02	  1.09e-02	-5.87512e-64
  5.00e-02	  1.15e-02	-3.91875e-31
  5.00e-02	  1.20e-02	-7.28150e+01
  5.00e-02	  1.25e-02	-3.96863e+01
  5.00e-02	  1.30e-02	-3.74469e+01
  5.00e-02	  1.35e-02	-2.34168e+01
  5.00e-02	  1.41e-02	-7.75062e+00
  5.00e-02	  1.46e-02	-1.59951e+00
  5.00e-02	  1.51e-02	3.69057e-01
  5.00e-02	  1.56e-02	3.03540e+00
  5.00e-02	  1.61e-02	1.06215e+01
  5.00e-02	  1.67e-02	2.37269e+01
  5.00e-02	  1.72e-02	3.33346e+01
  5.00e-02	  1.77e-02	3.70138e+01
  5.00e-02	  1.82e-02	7.51685e+01
  5.00e-02	  1.88e-02	4.71973e-31
  5.00e-02	  1.93e-02	8.49423e-64
  5.00e-02	  1.98e-02	-8.85486e-64
  5.00e-02	  2.03e-02	-5.94073e-31
  5.00e-02	  2.08e-02	-7.22440e+01
  5.00e-02	  2.14e-02	-3.60363e+01
  5.00e-02	  2.19e-02	-3.38875e+01
  5.00e-02	  2.24e-02	-2.71821e+01
  5.00e-02	  2.29e-02	-1.50295e+01
  5.00e-02	  2.34e-02	-5.01722e+00
  5.00e-02	  2.40e-02	-1.08564e+00
  5.00e-02	  2.45e-02	4.63825e-01
  5.00e-02	  2.50e-02	3.28663e+00
  5.00e-02	  2.55e-02	1.19432e+01
  5.00e-02	  2.60e-02	2.54364e+01
  5.00e-02	  2.66e-02	3.42359e+01
  5.00e-02	  2.71e-02	3.76192e+01
  5.00e-02	  2.76e-02	7.71446e+01
  5.00e-02	  2.81e-02	4.98195e-31
  5.00e-02	  2.86e-02	9.17884e-64
  5.00e-02	  2.92e-02	-8.60647e-64
  5.00e-02	  2.97e-02	-5.77649e-31
  5.00e-02	  3.02e-02	-7.24219e+01
  5.00e-02	  3.07e-02	-3.64654e+01
  5.00e-02	  3.13e-02	-3.42412e+01
  5.00e-02	  3.18e-02	-2.68471e+01
  5.00e-02	  3.23e-02	-1.41726e+01
  5.00e-02	  3.28e-02	-4.79436e+00
  5.00e-02	  3.33e-02	-1.29154e+00
  5.00e-02	  3.39e-02	-7.72750e-02
  5.00e-02	  3.44e-02	1.23060e+00
  5.00e-02	  3.49e-02	6.02787e+00
  5.00e-02	  3.54e-02	2.16283e+01
  5.00e-02	  3.59e-02	3.89019e+01
  5.00e-02	  3.65e-02	4.29351e+01
  5.00e-02	  3.70e-02	7.82420e+01
  5.00e-02	  3.75e-02	3.01939e-31
  5.00e-02	  3.80e-02	5.99339e-64
  5.00e-02	  3.85e-02	8.98680e-97
  5.00e-02	  3.91e-02	1.34709e-129
  5.00e-02	  3.96e-02	2.01858e-162
  5.00e-02	  4.01e-02	3.02373e-195
  5.00e-02	  4.06e-02	4.52781e-228
  5.00e-02	  4.11e-02	6.77760e-261
  5.00e-02	  4.17e-02	1.01416e-293
  5.00e-02	  4.22e-02	0.00000e+00
  5.00e-02	  4.27e-02	0.00000e+00
  5.00e-02	  4.32e-02	0.00000e+00
  5.00e-02	  4.37e-02	0.00000e+00
  5.00e-02	  4.43e-02	0.00000e+00
  5.00e-02	  4.48e-02	0.00000e+00
  5.00e-02	  4.53e-02	0.00000e+00
  5.00e-02	  4.58e-02	0.00000e+00
  5.00e-02	  4.64e-02	0.00000e+00
  5.00e-02	  4.69e-02	0.00000e+00
  5.00e-02	  4.74e-02	0.00000e+00
  5.00e-02	  4.79e-02	0.00000e+00
  5.00e-02	  4.84e-02	0.00000e+00
  5.00e-02	  4.90e-02	0.00000e+00
  5.00e-02	  4.95e-02	0.00000e+00

  5.08e-02	  0.00e+00	0.00000e+00
  5.08e-02	  5.21e-04	0.00000e+00
  5.08e-02	  1.04e-03	0.00000e+00
  5.08e-02	  1.56e-03	0.00000e+00
  5.08e-02	  2.08e-03	0.00000e+00
  5.08e-02	  2.60e-03	0.00000e+00
  5.08e-02	  3.12e-03	0.00000e+00
  5.08e-02	  3.65e-03	0.00000e+00
  5.08e-02	  4.17e-03	0.00000e+00
  5.08e-02	  4.69e-03	0.00000e+00
  5.08e-02	  5.21e-03	0.00000e+00
  5.08e-02	  5.73e-03	0.00000e+00
  5.08e-02	  6.25e-03	0.00000e+00
  5.08e-02	  6.77e-03	0.00000e+00
  5.08e-02	  7.29e-03	-1.05990e-293
  5.08e-02	  7.81e-03	-7.09849e-261
  5.08e-02	  8.33e-03	-4.75192e-228
  5.08e-02	  8.85e-03	-3.17959e-195
  5.08e-02	  9.37e-03	-2.12652e-162
  5.08e-02	  9.90e-03	-1.42156e-129
  5.08e-02	  1.04e-02	-9.49860e-97
  5.08e-02	  1.09e-02	-6.34381e-64
  5.08e-02	  1.15e-02	-4.23487e-31
  5.08e-02	  1.20e-02	-7.31660e+01
  5.08e-02	  1.25e-02	-3.84697e+01
  5.08e-02	  1.30e-02	-3.69975e+01
  5.08e-02	  1.35e-02	-2.50649e+01
  5.08e-02	  1.41e-02	-8.86015e+00
  5.08e-02	  1.46e-02	-1.90167e+00
  5.08e-02	  1.51e-02	4.29153e-01
  5.08e-02	  1.56e-02	3.62610e+00
  5.08e-02	  1.61e-02	1.21262e+01
  5.08e-02	  1.67e-02	2.49316e+01
  5.08e-02	  1.72e-02	3.30727e+01
  5.08e-02	  1.77e-02	3.63714e+01
  5.08e-02	  1.82e-02	7.43877e+01
  5.08e-02	  1.88e-02	4.84558e-31
  5.08e-02	  1.93e-02	8.73173e-64
  5.08e-02	  1.98e-02	-9.20959e-64
  5.08e-02	  2.03e-02	-6.17151e-31
  5.08e-02	  2.08e-02	-7.21099e+01
  5.08e-02	  2.14e-02	-3.54377e+01
  5.08e-02	  2.19e-02	-3.32645e+01
  5.08e-02	  2.24e-02	-2.77288e+01
  5.08e-02	  2.29e-02	-1.65214e+01
  5.08e-02	  2.34e-02	-5.91225e+00
  5.08e-02	  2.40e-02	-1.30309e+00
  5.08e-02	  2.45e-02	6.12206e-01
  5.08e-02	  2.50e-02	4.04534e+00
  5.08e-02	  2.55e-02	1.35973e+01
  5.08e-02	  2.60e-02	2.64693e+01
  5.08e-02	  2.66e-02	3.38385e+01
  5.08e-02	  2.71e-02	3.69929e+01
  5.08e-02	  2.76e-02	7.65474e+01
  5.08e-02	  2.81e-02	5.15919e-31
  5.08e-02	  2.86e-02	9.49891e-64
  5.08e-02	  2.92e-02	-8.88168e-64
  5.08e-02	  2.97e-02	-5.95516e-31
  5.08e-02	  3.02e-02	-7.19705e+01
  5.08e-02	  3.07e-02	-3.57579e+01
  5.08e-02	  3.13e-02	-3.36203e+01
  5.08e-02	  3.18e-02	-2.75560e+01
  5.08e-02	  3.23e-02	-1.57156e+01
  5.08e-02	  3.28e-02	-5.62574e+00
  5.08e-02	  3.33e-02	-1.49655e+00
  5.08e-02	  3.39e-02	-4.59628e-02
  5.08e-02	  3.44e-02	1.48242e+00
  5.08e-02	  3.49e-02	6.97993e+00
  5.08e-02	  3.54e-02	2.35053e+01
  5.08e-02	  3.59e-02	3.88816e+01
  5.08e-02	  3.65e-02	4.14575e+01
  5.08e-02	  3.70e-02	7.84079e+01
  5.08e-02	  3.75e-02	3.28633e-31
  5.08e-02	  3.80e-02	6.48146e-64
  5.08e-02	  3.85e-02	9.71202e-97
  5.08e-02	  3.91e-02	1.45480e-129
  5.08e-02	  3.96e-02	2.17845e-162
  5.08e-02	  4.01e-02	3.26093e-195
  5.08e-02	  4.06e-02	4.87959e-228
  5.08e-02	  4.11e-02	7.29910e-261
  5.08e-02	  4.17e-02	1.09143e-293
  5.08e-02	  4.22e-02	0.00000e+00
  5.08e-02	  4.27e-02	0.00000e+00
  5.08e-02	  4.32e-02	0.00000e+00
  5.08e-02	  4.37e-02	0.00000e+00
  5.08e-02	  4.43e-02	0.00000e+00
  5.08e-02	  4.48e-02	0.00000e+00
  5.08e-02	  4.53e-02	0.00000e+00
  5.08e-02	  4.58e-02	0.00000e+00
  5.08e-02	  4.64e-02	0.00000e+00
  5.08e-02	  4.69e-02	0.00000e+00
  5.08e-02	  4.74e-02	0.00000e+00
  5.08e-02	  4.79e-02	0.00000e+00
  5.08e-02	  4.84e-02	0.00000e+00
  5.08e-02	  4.90e-02	0.00000e+00
  5.08e-02	  4.95e-02	0.00000e+00

  5.16e-02	  0.00e+00	0.00000e+00
  5.16e-02	  5.21e-04	0.00000e+00
  5.16e-02	  1.04e-03	0.00000e+00
  5.16e-02	  1.56e-03	0.00000e+00
  5.16e-02	  2.08e-03	0.00000e+00
  5.16e-02	  2.60e-03	0.00000e+00
  5.16e-02	  3.12e-03	0.00000e+00
  5.16e-02	  3.65e-03	0.00000e+00
  5.16e-02	  4.17e-03	0.00000e+00
  5.16e-02	  4.69e-03	0.00000e+00
  5.16e-02	  5.21e-03	0.00000e+00
  5.16e-02	  5.73e-03	0.00000e+00
  5.16e-02	  6.25e-03	0.00000e+00
  5.16e-02	  6.77e-03	0.00000e+00
  5.16e-02	  7.29e-03	-1.13085e-293
  5.16e-02	  7.81e-03	-7.57841e-261
  5.16e-02	  8.33e-03	-5.07652e-228
  5.16e-02	  8.85e-03	-3.39912e-195
  5.16e-02	  9.37e-03	-2.27497e-162
  5.16e-02	  9.90e-03	-1.52193e-129
  5.16e-02	  1.04e-02	-1.01771e-96
  5.16e-02	  1.09e-02	-6.80233e-64
  5.16e-02	  1.15e-02	-4.54464e-31
  5.16e-02	  1.20e-02	-7.33674e+01
  5.16e-02	  1.25e-02	-3.75908e+01
  5.16e-02	  1.30e-02	-3.63923e+01
  5.16e-02	  1.35e-02	-2.65142e+01
  5.16e-02	  1.41e-02	-1.01274e+01
  5.16e-02	  1.46e-02	-2.25709e+00
  5.16e-02	  1.51e-02	5.07815e-01
  5.16e-02	  1.56e-02	4.30491e+00
  5.16e-02	  1.61e-02	1.36487e+01
  5.16e-02	  1.67e-02	2.58971e+01
  5.16e-02	  1.72e-02	3.27831e+01
  5.16e-02	  1.77e-02	3.58301e+01
  5.16e-02	  1.82e-02	7.36564e+01
  5.16e-02	  1.88e-02	4.98319e-31
  5.16e-02	  1.93e-02	8.98817e-64
  5.16e-02	  1.98e-02	-9.58534e-64
  5.16e-02	  2.03e-02	-6.41606e-31
  5.16e-02	  2.08e-02	-7.19525e+01
  5.16e-02	  2.14e-02	-3.49772e+01
  5.16e-02	  2.19e-02	-3.27406e+01
  5.16e-02	  2.24e-02	-2.80763e+01
  5.16e-02	  2.29e-02	-1.79116e+01
  5.16e-02	  2.34e-02	-6.88277e+00
  5.16e-02	  2.40e-02	-1.55638e+00
  5.16e-02	  2.45e-02	7.85750e-01
  5.16e-02	  2.50e-02	4.90255e+00
  5.16e-02	  2.55e-02	1.52233e+01
  5.16e-02	  2.60e-02	2.72489e+01
  5.16e-02	  2.66e-02	3.34641e+01
  5.16e-02	  2.71e-02	3.64801e+01
  5.16e-02	  2.76e-02	7.59458e+01
  5.16e-02	  2.81e-02	5.34897e-31
  5.16e-02	  2.86e-02	9.83485e-64
  5.16e-02	  2.92e-02	-9.17566e-64
  5.16e-02	  2.97e-02	-6.14648e-31
  5.16e-02	  3.02e-02	-7.15406e+01
  5.16e-02	  3.07e-02	-3.51918e+01
  5.16e-02	  3.13e-02	-3.30686e+01
  5.16e-02	  3.18e-02	-2.80362e+01
  5.16e-02	  3.23e-02	-1.71852e+01
  5.16e-02	  3.28e-02	-6.54110e+00
  5.16e-02	  3.33e-02	-1.74472e+00
  5.16e-02	  3.39e-02	-2.16982e-02
  5.16e-02	  3.44e-02	1.77888e+00
  5.16e-02	  3.49e-02	8.12313e+00
  5.16e-02	  3.54e-02	2.53167e+01
  5.16e-02	  3.59e-02	3.85674e+01
  5.16e-02	  3.65e-02	4.03359e+01
  5.16e-02	  3.70e-02	7.83924e+01
  5.16e-02	  3.75e-02	3.55865e-31
  5.16e-02	  3.80e-02	6.96040e-64
  5.16e-02	  3.85e-02	1.04226e-96
  5.16e-02	  3.91e-02	1.56017e-129
  5.16e-02	  3.96e-02	2.33465e-162
  5.16e-02	  4.01e-02	3.49239e-195
  5.16e-02	  4.06e-02	5.22244e-228
  5.16e-02	  4.11e-02	7.80677e-261
  5.16e-02	  4.17e-02	1.16658e-293
  5.16e-02	  4.22e-02	0.00000e+00
  5.16e-02	  4.27e-02	0.00000e+00
  5.16e-02	  4.32e-02	0.00000e+00
  5.16e-02	  4.37e-02	0.00000e+00
  5.16e-02	  4.43e-02	0.00000e+00
  5.16e-02	  4.48e-02	0.00000e+00
  5.16e-02	  4.53e-02	0.00000e+00
  5.16e-02	  4.58e-02	0.00000e+00
  5.16e-02	  4.64e-02	0.00000e+00
  5.16e-02	  4.69e-02	0.00000e+00
  5.16e-02	  4.74e-02	0.00000e+00
  5.16e-02	  4.79e-02	0.00000e+00
  5.16e-02	  4.84e-02	0.00000e+00
  5.16e-02	  4.90e-02	0.00000e+00
  5.16e-02	  4.95e-02	0.00000e+00

  5.23e-02	  0.00e+00	0.00000e+00
  5.23e-02	  5.21e-04	0.00000e+00
  5.23e-02	  1.04e-03	0.00000e+00
  5.23e-02	  1.56e-03	0.00000e+00
  5.23e-02	  2.08e-03	0.00000e+00
  5.23e-02	  2.60e-03	0.00000e+00
  5.23e-02	  3.12e-03	0.00000e+00
  5.23e-02	  3.65e-03	0.00000e+00
  5.23e-02	  4.17e-03	0.00000e+00
  5.23e-02	  4.69e-03	0.00000e+00
  5.23e-02	  5.21e-03	0.00000e+00
  5.23e-02	  5.73e-03	0.00000e+00
  5.23e-02	  6.25e-03	0.00000e+00
  5.23e-02	  6.77e-03	0.00000e+00
  5.23e-02	  7.29e-03	-1.19958e-293
  5.23e-02	  7.81e-03	-8.04349e-261
  5.23e-02	  8.33e-03	-5.39119e-228
  5.23e-02	  8.85e-03	-3.61201e-195
  5.23e-02	  9.37e-03	-2.41901e-162
  5.23e-02	  9.90e-03	-1.61938e-129
  5.23e-02	  1.04e-02	-1.08363e-96
  5.23e-02	  1.09e-02	-7.24822e-64
  5.23e-02	  1.15e-02	-4.84619e-31
  5.23e-02	  1.20e-02	-7.34614e+01
  5.23e-02	  1.25e-02	-3.69437e+01
  5.23e-02	  1.30e-02	-3.57359e+01
  5.23e-02	  1.35e-02	-2.77199e+01
  5.23e-02	  1.41e-02	-1.15326e+01
  5.23e-02	  1.46e-02	-2.67339e+00
  5.23e-02	  1.51e-02	6.11059e-01
  5.23e-02	  1.56e-02	5.08485e+00
  5.23e-02	  1.61e-02	1.51687e+01
  5.23e-02	  1.67e-02	2.66458e+01
  5.23e-02	  1.72e-02	3.24834e+01
  5.23e-02	  1.77e-02	3.53550e+01
  5.23e-02	  1.82e-02	7.29827e+01
  5.23e-02	  1.88e-02	5.13383e-31
  5.23e-02	  1.93e-02	9.26697e-64
  5.23e-02	  1.98e-02	-9.98380e-64
  5.23e-02	  2.03e-02	-6.67591e-31
  5.23e-02	  2.08e-02	-7.17822e+01
  5.23e-02	  2.14e-02	-3.46071e+01
  5.23e-02	  2.19e-02	-3.23022e+01
  5.23e-02	  2.24e-02	-2.82773e+01
  5.23e-02	  2.29e-02	-1.91880e+01
  5.23e-02	  2.34e-02	-7.92997e+00
  5.23e-02	  2.40e-02	-1.85039e+00
  5.23e-02	  2.45e-02	9.91963e-01
  5.23e-02	  2.50e-02	5.86589e+00
  5.23e-02	  2.55e-02	1.67917e+01
  5.23e-02	  2.60e-02	2.78138e+01
  5.23e-02	  2.66e-02	3.31176e+01
  5.23e-02	  2.71e-02	3.60388e+01
  5.23e-02	  2.76e-02	7.53596e+01
  5.23e-02	  2.81e-02	5.55178e-31
  5.23e-02	  2.86e-02	1.01906e-63
  5.23e-02	  2.92e-02	-9.48960e-64
  5.23e-02	  2.97e-02	-6.35154e-31
  5.23e-02	  3.02e-02	-7.11373e+01
  5.23e-02	  3.07e-02	-3.47204e+01
  5.23e-02	  3.13e-02	-3.25834e+01
  5.23e-02	  3.18e-02	-2.83364e+01
  5.23e-02	  3.23e-02	-1.85649e+01
  5.23e-02	  3.28e-02	-7.54544e+00
  5.23e-02	  3.33e-02	-2.04175e+00
  5.23e-02	  3.39e-02	-1.41880e-03
  5.23e-02	  3.44e-02	2.13419e+00
  5.23e-02	  3.49e-02	9.46210e+00
  5.23e-02	  3.54e-02	2.69764e+01
  5.23e-02	  3.59e-02	3.80574e+01
  5.23e-02	  3.65e-02	3.94753e+01
  5.23e-02	  3.70e-02	7.82421e+01
  5.23e-02	  3.75e-02	3.83074e-31
  5.23e-02	  3.80e-02	7.42742e-64
  5.23e-02	  3.85e-02	1.11145e-96
  5.23e-02	  3.91e-02	1.66265e-129
  5.23e-02	  3.96e-02	2.48640e-162
  5.23e-02	  4.01e-02	3.71701e-195
  5.23e-02	  4.06e-02	5.55480e-228
  5.23e-02	  4.11e-02	8.29840e-261
  5.23e-02	  4.17e-02	1.23928e-293
  5.23e-02	  4.22e-02	0.00000e+00
  5.23e-02	  4.27e-02	0.00000e+00
  5.23e-02	  4.32e-02	0.00000e+00
  5.23e-02	  4.37e-02	0.00000e+00
  5.23e-02	  4.43e-02	0.00000e+00
  5.23e-02	  4.48e-02	0.00000e+00
  5.23e-02	  4.53e-02	0.00000e+00
  5.23e-02	  4.58e-02	0.00000e+00
  5.23e-02	  4.64e-02	0.00000e+00
  5.23e-02	  4.69e-02	0.00000e+00
  5.23e-02	  4.74e-02	0.00000e+00
  5.23e-02	  4.79e-02	0.00000e+00
  5.23e-02	  4.84e-02	0.00000e+00
  5.23e-02	  4.90e-02	0.00000e+00
  5.23e-02	  4.95e-02	0.00000e+00

  5.31e-02	  0.00e+00	0.00000e+00
  5.31e-02	  5.21e-04	0.00000e+00
  5.31e-02	  1.04e-03	0.00000e+00
  5.31e-02	  1.56e-03	0.00000e+00
  5.31e-02	  2.08e-03	0.00000e+00
  5.31e-02	  2.60e-03	0.00000e+00
  5.31e-02	  3.12e-03	0.00000e+00
  5.31e-02	  3.65e-03	0.00000e+00
  5.31e-02	  4.17e-03	0.00000e+00
  5.31e-02	  4.69e-03	0.00000e+00
  5.31e-02	  5.21e-03	0.00000e+00
  5.31e-02	  5.73e-03	0.00000e+00
  5.31e-02	  6.25e-03	0.00000e+00
  5.31e-02	  6.77e-03	0.00000e+00
  5.31e-02	  7.29e-03	-1.26607e-293
  5.31e-02	  7.81e-03	-8.49355e-261
  5.31e-02	  8.33e-03	-5.69580e-228
  5.31e-02	  8.85e-03	-3.81816e-195
  5.31e-02	  9.37e-03	-2.55853e-162
  5.31e-02	  9.90e-03	-1.71380e-129
  5.31e-02	  1.04e-02	-1.14753e-96
  5.31e-02	  1.09e-02	-7.68066e-64
  5.31e-02	  1.15e-02	-5.13885e-31
  5.31e-02	  1.20e-02	-7.34852e+01
  5.31e-02	  1.25e-02	-3.64530e+01
  5.31e-02	  1.30e-02	-3.50998e+01
  5.31e-02	  1.35e-02	-2.86623e+01
  5.31e-02	  1.41e-02	-1.30414e+01
  5.31e-02	  1.46e-02	-3.15704e+00
  5.31e-02	  1.51e-02	7.45740e-01
  5.31e-02	  1.56e-02	5.97649e+00
  5.31e-02	  1.61e-02	1.66583e+01
  5.31e-02	  1.67e-02	2.72001e+01
  5.31e-02	  1.72e-02	3.21829e+01
  5.31e-02	  1.77e-02	3.49277e+01
  5.31e-02	  1.82e-02	7.23691e+01
  5.31e-02	  1.88e-02	5.29887e-31
  5.31e-02	  1.93e-02	9.57015e-64
  5.31e-02	  1.98e-02	-1.04055e-63
  5.31e-02	  2.03e-02	-6.95184e-31
  5.31e-02	  2.08e-02	-7.16086e+01
  5.31e-02	  2.14e-02	-3.42998e+01
  5.31e-02	  2.19e-02	-3.19326e+01
  5.31e-02	  2.24e-02	-2.83710e+01
  5.31e-02	  2.29e-02	-2.03367e+01
  5.31e-02	  2.34e-02	-9.05014e+00
  5.31e-02	  2.40e-02	-2.19124e+00
  5.31e-02	  2.45e-02	1.23774e+00
  5.31e-02	  2.50e-02	6.93673e+00
  5.31e-02	  2.55e-02	1.82692e+01
  5.31e-02	  2.60e-02	2.81999e+01
  5.31e-02	  2.66e-02	3.27972e+01
  5.31e-02	  2.71e-02	3.56474e+01
  5.31e-02	  2.76e-02	7.48037e+01
  5.31e-02	  2.81e-02	5.76845e-31
  5.31e-02	  2.86e-02	1.05684e-63
  5.31e-02	  2.92e-02	-9.82365e-64
  5.31e-02	  2.97e-02	-6.57067e-31
  5.31e-02	  3.02e-02	-7.07636e+01
  5.31e-02	  3.07e-02	-3.43165e+01
  5.31e-02	  3.13e-02	-3.21555e+01
  5.31e-02	  3.18e-02	-2.84958e+01
  5.31e-02	  3.23e-02	-1.98349e+01
  5.31e-02	  3.28e-02	-8.63991e+00
  5.31e-02	  3.33e-02	-2.39558e+00
  5.31e-02	  3.39e-02	1.62443e-02
  5.31e-02	  3.44e-02	2.56164e+00
  5.31e-02	  3.49e-02	1.09833e+01
  5.31e-02	  3.54e-02	2.84100e+01
  5.31e-02	  3.59e-02	3.74432e+01
  5.31e-02	  3.65e-02	3.87982e+01
  5.31e-02	  3.70e-02	7.80025e+01
  5.31e-02	  3.75e-02	4.09919e-31
  5.31e-02	  3.80e-02	7.88100e-64
  5.31e-02	  3.85e-02	1.17858e-96
  5.31e-02	  3.91e-02	1.76198e-129
  5.31e-02	  3.96e-02	2.63331e-162
  5.31e-02	  4.01e-02	3.93424e-195
  5.31e-02	  4.06e-02	5.87592e-228
  5.31e-02	  4.11e-02	8.77291e-261
  5.31e-02	  4.17e-02	1.30937e-293
  5.31e-02	  4.22e-02	0.00000e+00
  5.31e-02	  4.27e-02	0.00000e+00
  5.31e-02	  4.32e-02	0.00000e+00
  5.31e-02	  4.37e-02	0.00000e+00
  5.31e-02	  4.43e-02	0.00000e+00
  5.31e-02	  4.48e-02	0.00000e+00
  5.31e-02	  4.53e-02	0.00000e+00
  5.31e-02	  4.58e-02	0.00000e+00
  5.31e-02	  4.64e-02	0.00000e+00
  5.31e-02	  4.69e-02	0.00000e+00
  5.31e-02	  4.74e-02	0.00000e+00
  5.31e-02	  4.79e-02	0.00000e+00
  5.31e-02	  4.84e-02	0.00000e+00
  5.31e-02	  4.90e-02	0.00000e+00
  5.31e-02	  4.95e-02	0.00000e+00

  5.39e-02	  0.00e+00	0.00000e+00
  5.39e-02	  5.21e-04	0.00000e+00
  5.39e-02	  1.04e-03	0.00000e+00
  5.39e-02	  1.56e-03	0.00000e+00
  5.39e-02	  2.08e-03	0.00000e+00
  5.39e-02	  2.60e-03	0.00000e+00
  5.39e-02	  3.12e-03	0.00000e+00
  5.39e-02	  3.65e-03	0.00000e+00
  5.39e-02	  4.17e-03	0.00000e+00
  5.39e-02	  4.69e-03	0.00000e+00
  5.39e-02	  5.21e-03	0.00000e+00
  5.39e-02	  5.73e-03	0.00000e+00
  5.39e-02	  6.25e-03	0.00000e+00
  5.39e-02	  6.77e-03	0.00000e+00
  5.39e-02	  7.29e-03	-1.33039e-293
  5.39e-02	  7.81e-03	-8.92909e-261
  5.39e-02	  8.33e-03	-5.99071e-228
  5.39e-02	  8.85e-03	-4.01783e-195
  5.39e-02	  9.37e-03	-2.69370e-162
  5.39e-02	  9.90e-03	-1.80531e-129
  5.39e-02	  1.04e-02	-1.20947e-96
  5.39e-02	  1.09e-02	-8.10003e-64
  5.39e-02	  1.15e-02	-5.42276e-31
  5.39e-02	  1.20e-02	-7.34677e+01
  5.39e-02	  1.25e-02	-3.60696e+01
  5.39e-02	  1.30e-02	-3.45251e+01
  5.39e-02	  1.35e-02	-2.93477e+01
  5.39e-02	  1.41e-02	-1.46089e+01
  5.39e-02	  1.46e-02	-3.71262e+00
  5.39e-02	  1.51e-02	9.20115e-01
  5.39e-02	  1.56e-02	6.98643e+00
  5.39e-02	  1.61e-02	1.80842e+01
  5.39e-02	  1.67e-02	2.75840e+01
  5.39e-02	  1.72e-02	3.18873e+01
  5.39e-02	  1.77e-02	3.45389e+01
  5.39e-02	  1.82e-02	7.18144e+01
  5.39e-02	  1.88e-02	5.47912e-31
  5.39e-02	  1.93e-02	9.89819e-64
  5.39e-02	  1.98e-02	-1.08493e-63
  5.39e-02	  2.03e-02	-7.24354e-31
  5.39e-02	  2.08e-02	-7.14395e+01
  5.39e-02	  2.14e-02	-3.40394e+01
  5.39e-02	  2.19e-02	-3.16174e+01
  5.39e-02	  2.24e-02	-2.83877e+01
  5.39e-02	  2.29e-02	-2.13445e+01
  5.39e-02	  2.34e-02	-1.02328e+01
  5.39e-02	  2.40e-02	-2.58540e+00
  5.39e-02	  2.45e-02	1.52981e+00
  5.39e-02	  2.50e-02	8.10880e+00
  5.39e-02	  2.55e-02	1.96227e+01
  5.39e-02	  2.60e-02	2.84409e+01
  5.39e-02	  2.66e-02	3.25000e+01
  5.39e-02	  2.71e-02	3.52954e+01
  5.39e-02	  2.76e-02	7.42880e+01
  5.39e-02	  2.81e-02	5.99929e-31
  5.39e-02	  2.86e-02	1.09685e-63
  5.39e-02	  2.92e-02	-1.01767e-63
  5.39e-02	  2.97e-02	-6.80335e-31
  5.39e-02	  3.02e-02	-7.04204e+01
  5.39e-02	  3.07e-02	-3.39642e+01
  5.39e-02	  3.13e-02	-3.17754e+01
  5.39e-02	  3.18e-02	-2.85473e+01
  5.39e-02	  3.23e-02	-2.09749e+01
  5.39e-02	  3.28e-02	-9.81978e+00
  5.39e-02	  3.33e-02	-2.81584e+00
  5.39e-02	  3.39e-02	3.16084e-02
  5.39e-02	  3.44e-02	3.07408e+00
  5.39e-02	  3.49e-02	1.26544e+01
  5.39e-02	  3.54e-02	2.95688e+01
  5.39e-02	  3.59e-02	3.67990e+01
  5.39e-02	  3.65e-02	3.82478e+01
  5.39e-02	  3.70e-02	7.77111e+01
  5.39e-02	  3.75e-02	4.36208e-31
  5.39e-02	  3.80e-02	8.32076e-64
  5.39e-02	  3.85e-02	1.24360e-96
  5.39e-02	  3.91e-02	1.85809e-129
  5.39e-02	  3.96e-02	2.77533e-162
  5.39e-02	  4.01e-02	4.14402e-195
  5.39e-02	  4.06e-02	6.18567e-228
  5.39e-02	  4.11e-02	9.23007e-261
  5.39e-02	  4.17e-02	1.37681e-293
  5.39e-02	  4.22e-02	0.00000e+00
  5.39e-02	  4.27e-02	0.00000e+00
  5.39e-02	  4.32e-02	0.00000e+00
  5.39e-02	  4.37e-02	0.00000e+00
  5.39e-02	  4.43e-02	0.00000e+00
  5.39e-02	  4.48e-02	0.00000e+00
  5.39e-02	  4.53e-02	0.00000e+00
  5.39e-02	  4.58e-02	0.00000e+00
  5.39e-02	  4.64e-02	0.00000e+00
  5.39e-02	  4.69e-02	0.00000e+00
  5.39e-02	  4.74e-02	0.00000e+00
  5.39e-02	  4.79e-02	0.00000e+00
  5.39e-02	  4.84e-02	0.00000e+00
  5.39e-02	  4.90e-02	0.00000e+00
  5.39e-02	  4.95e-02	0.00000e+00

  5.47e-02	  0.00e+00	0.00000e+00
  5.47e-02	  5.21e-04	0.00000e+00
  5.47e-02	  1.04e-03	0.00000e+00
  5.47e-02	  1.56e-03	0.00000e+00
  5.47e-02	  2.08e-03	0.00000e+00
  5.47e-02	  2.60e-03	0.00000e+00
  5.47e-02	  3.12e-03	0.00000e+00
  5.47e-02	  3.65e-03	0.00000e+00
  5.47e-02	  4.17e-03	0.00000e+00
  5.47e-02	  4.69e-03	0.00000e+00
  5.47e-02	  5.21e-03	0.00000e+00
  5.47e-02	  5.73e-03	0.00000e+00
  5.47e-02	  6.25e-03	0.00000e+00
  5.47e-02	  6.77e-03	0.00000e+00
  5.47e-02	  7.29e-03	-1.39262e-293
  5.47e-02	  7.81e-03	-9.35082e-261
  5.47e-02	  8.33e-03	-6.27645e-228
  5.47e-02	  8.85e-03	-4.21140e-195
  5.47e-02	  9.37e-03	-2.82481e-162
  5.47e-02	  9.90e-03	-1.89410e-129
  5.47e-02	  1.04e-02	-1.26961e-96
  5.47e-02	  1.09e-02	-8.50722e-64
  5.47e-02	  1.15e-02	-5.69849e-31
  5.47e-02	  1.20e-02	-7.34301e+01
  5.47e-02	  1.25e-02	-3.57629e+01
  5.47e-02	  1.30e-02	-3.40296e+01
  5.47e-02	  1.35e-02	-2.98041e+01
  5.47e-02	  1.41e-02	-1.61849e+01
  5.47e-02	  1.46e-02	-4.34201e+00
  5.47e-02	  1.51e-02	1.14398e+00
  5.47e-02	  1.56e-02	8.11462e+00
  5.47e-02	  1.61e-02	1.94102e+01
  5.47e-02	  1.67e-02	2.78241e+01
  5.47e-02	  1.72e-02	3.16005e+01
  5.47e-02	  1.77e-02	3.41838e+01
  5.47e-02	  1.82e-02	7.13147e+01
  5.47e-02	  1.88e-02	5.67464e-31
  5.47e-02	  1.93e-02	1.02500e-63
  5.47e-02	  1.98e-02	-1.13121e-63
  5.47e-02	  2.03e-02	-7.54942e-31
  5.47e-02	  2.08e-02	-7.12804e+01
  5.47e-02	  2.14e-02	-3.38164e+01
  5.47e-02	  2.19e-02	-3.13464e+01
  5.47e-02	  2.24e-02	-2.83513e+01
  5.47e-02	  2.29e-02	-2.22017e+01
  5.47e-02	  2.34e-02	-1.14594e+01
  5.47e-02	  2.40e-02	-3.03857e+00
  5.47e-02	  2.45e-02	1.87446e+00
  5.47e-02	  2.50e-02	9.36654e+00
  5.47e-02	  2.55e-02	2.08235e+01
  5.47e-02	  2.60e-02	2.85689e+01
  5.47e-02	  2.66e-02	3.22237e+01
  5.47e-02	  2.71e-02	3.49779e+01
  5.47e-02	  2.76e-02	7.38181e+01
  5.47e-02	  2.81e-02	6.24372e-31
  5.47e-02	  2.86e-02	1.13891e-63
  5.47e-02	  2.92e-02	-1.05462e-63
  5.47e-02	  2.97e-02	-7.04820e-31
  5.47e-02	  3.02e-02	-7.01068e+01
  5.47e-02	  3.07e-02	-3.36535e+01
  5.47e-02	  3.13e-02	-3.14356e+01
  5.47e-02	  3.18e-02	-2.85194e+01
  5.47e-02	  3.23e-02	-2.19664e+01
  5.47e-02	  3.28e-02	-1.10724e+01
  5.47e-02	  3.33e-02	-3.31313e+00
  5.47e-02	  3.39e-02	4.42685e-02
  5.47e-02	  3.44e-02	3.68351e+00
  5.47e-02	  3.49e-02	1.44264e+01
  5.47e-02	  3.54e-02	3.04356e+01
  5.47e-02	  3.59e-02	3.61777e+01
  5.47e-02	  3.65e-02	3.77859e+01
  5.47e-02	  3.70e-02	7.73960e+01
  5.47e-02	  3.75e-02	4.61855e-31
  5.47e-02	  3.80e-02	8.74710e-64
  5.47e-02	  3.85e-02	1.30658e-96
  5.47e-02	  3.91e-02	1.95107e-129
  5.47e-02	  3.96e-02	2.91257e-162
  5.47e-02	  4.01e-02	4.34650e-195
  5.47e-02	  4.06e-02	6.48425e-228
  5.47e-02	  4.11e-02	9.67015e-261
  5.47e-02	  4.17e-02	1.44164e-293
  5.47e-02	  4.22e-02	0.00000e+00
  5.47e-02	  4.27e-02	0.00000e+00
  5.47e-02	  4.32e-02	0.00000e+00
  5.47e-02	  4.37e-02	0.00000e+00
  5.47e-02	  4.43e-02	0.00000e+00
  5.47e-02	  4.48e-02	0.00000e+00
  5.47e-02	  4.53e-02	0.00000e+00
  5.47e-02	  4.58e-02	0.00000e+00
  5.47e-02	  4.64e-02	0.00000e+00
  5.47e-02	  4.69e-02	0.00000e+00
  5.47e-02	  4.74e-02	0.00000e+00
  5.47e-02	  4.79e-02	0.00000e+00
  5.47e-02	  4.84e-02	0.00000e+00
  5.47e-02	  4.90e-02	0.00000e+00
  5.47e-02	  4.95e-02	0.00000e+00

  5.55e-02	  0.00e+00	0.00000e+00
  5.55e-02	  5.21e-04	0.00000e+00
  5.55e-02	  1.04e-03	0.00000e+00
  5.55e-02	  1.56e-03	0.00000e+00
  5.55e-02	  2.08e-03	0.00000e+00
  5.55e-02	  2.60e-03	0.00000e+00
  5.55e-02	  3.12e-03	0.00000e+00
  5.55e-02	  3.65e-03	0.00000e+00
  5.55e-02	  4.17e-03	0.00000e+00
  5.55e-02	  4.69e-03	0.00000e+00
  5.55e-02	  5.21e-03	0.00000e+00
  5.55e-02	  5.73e-03	0.00000e+00
  5.55e-02	  6.25e-03	0.00000e+00
  5.55e-02	  6.77e-03	0.00000e+00
  5.55e-02	  7.29e-03	-1.45291e-293
  5.55e-02	  7.81e-03	-9.75954e-261
  5.55e-02	  8.33e-03	-6.55354e-228
  5.55e-02	  8.85e-03	-4.39923e-195
  5.55e-02	  9.37e-03	-2.95211e-162
  5.55e-02	  9.90e-03	-1.98037e-129
  5.55e-02	  1.04e-02	-1.32805e-96
  5.55e-02	  1.09e-02	-8.90318e-64
  5.55e-02	  1.15e-02	-5.96671e-31
  5.55e-02	  1.20e-02	-7.33875e+01
  5.55e-02	  1.25e-02	-3.55140e+01
  5.55e-02	  1.30e-02	-3.36154e+01
  5.55e-02	  1.35e-02	-3.00718e+01
  5.55e-02	  1.41e-02	-1.77199e+01
  5.55e-02	  1.46e-02	-5.04357e+00
  5.55e-02	  1.51e-02	1.42830e+00
  5.55e-02	  1.56e-02	9.35126e+00
  5.55e-02	  1.61e-02	2.06017e+01
  5.55e-02	  1.67e-02	2.79488e+01
  5.55e-02	  1.72e-02	3.13258e+01
  5.55e-02	  1.77e-02	3.38603e+01
  5.55e-02	  1.82e-02	7.08656e+01
  5.55e-02	  1.88e-02	5.88465e-31
  5.55e-02	  1.93e-02	1.06232e-63
  5.55e-02	  1.98e-02	-1.17891e-63
  5.55e-02	  2.03e-02	-7.86656e-31
  5.55e-02	  2.08e-02	-7.11349e+01
  5.55e-02	  2.14e-02	-3.36252e+01
  5.55e-02	  2.19e-02	-3.11132e+01
  5.55e-02	  2.24e-02	-2.82823e+01
  5.55e-02	  2.29e-02	-2.29054e+01
  5.55e-02	  2.34e-02	-1.27031e+01
  5.55e-02	  2.40e-02	-3.55413e+00
  5.55e-02	  2.45e-02	2.27665e+00
  5.55e-02	  2.50e-02	1.06839e+01
  5.55e-02	  2.55e-02	2.18511e+01
  5.55e-02	  2.60e-02	2.86131e+01
  5.55e-02	  2.66e-02	3.19676e+01
  5.55e-02	  2.71e-02	3.46924e+01
  5.55e-02	  2.76e-02	7.33960e+01
  5.55e-02	  2.81e-02	6.50012e-31
  5.55e-02	  2.86e-02	1.18267e-63
  5.55e-02	  2.92e-02	-1.09289e-63
  5.55e-02	  2.97e-02	-7.30303e-31
  5.55e-02	  3.02e-02	-6.98209e+01
  5.55e-02	  3.07e-02	-3.33783e+01
  5.55e-02	  3.13e-02	-3.11308e+01
  5.55e-02	  3.18e-02	-2.84368e+01
  5.55e-02	  3.23e-02	-2.27971e+01
  5.55e-02	  3.28e-02	-1.23759e+01
  5.55e-02	  3.33e-02	-3.89788e+00
  5.55e-02	  3.39e-02	5.32648e-02
  5.55e-02	  3.44e-02	4.39991e+00
  5.55e-02	  3.49e-02	1.62387e+01
  5.55e-02	  3.54e-02	3.10231e+01
  5.55e-02	  3.59e-02	3.56105e+01
  5.55e-02	  3.65e-02	3.73886e+01
  5.55e-02	  3.70e-02	7.70767e+01
  5.55e-02	  3.75e-02	4.86834e-31
  5.55e-02	  3.80e-02	9.16066e-64
  5.55e-02	  3.85e-02	1.36759e-96
  5.55e-02	  3.91e-02	2.04105e-129
  5.55e-02	  3.96e-02	3.04520e-162
  5.55e-02	  4.01e-02	4.54188e-195
  5.55e-02	  4.06e-02	6.77193e-228
  5.55e-02	  4.11e-02	1.00935e-260
  5.55e-02	  4.17e-02	1.50389e-293
  5.55e-02	  4.22e-02	0.00000e+00
  5.55e-02	  4.27e-02	0.00000e+00
  5.55e-02	  4.32e-02	0.00000e+00
  5.55e-02	  4.37e-02	0.00000e+00
  5.55e-02	  4.43e-02	0.00000e+00
  5.55e-02	  4.48e-02	0.00000e+00
  5.55e-02	  4.53e-02	0.00000e+00
  5.55e-02	  4.58e-02	0.00000e+00
  5.55e-02	  4.64e-02	0.00000e+00
  5.55e-02	  4.69e-02	0.00000e+00
  5.55e-02	  4.74e-02	0.00000e+00
  5.55e-02	  4.79e-02	0.00000e+00
  5.55e-02	  4.84e-02	0.00000e+00
  5.55e-02	  4.90e-02	0.00000e+00
  5.55e-02	  4.95e-02	0.00000e+00

  5.62e-02	  0.00e+00	0.00000e+00
  5.62e-02	  5.21e-04	0.00000e+00
  5.62e-02	  1.04e-03	0.00000e+00
  5.62e-02	  1.56e-03	0.00000e+00
  5.62e-02	  2.08e-03	0.00000e+00
  5.62e-02	  2.60e-03	0.00000e+00
  5.62e-02	  3.12e-03	0.00000e+00
  5.62e-02	  3.65e-03	0.00000e+00
  5.62e-02	  4.17e-03	0.00000e+00
  5.62e-02	  4.69e-03	0.00000e+00
  5.62e-02	  5.21e-03	0.00000e+00
  5.62e-02	  5.73e-03	0.00000e+00
  5.62e-02	  6.25e-03	0.00000e+00
  5.62e-02	  6.77e-03	0.00000e+00
  5.62e-02	  7.29e-03	-1.51147e-293
  5.62e-02	  7.81e-03	-1.01563e-260
  5.62e-02	  8.33e-03	-6.82254e-228
  5.62e-02	  8.85e-03	-4.58164e-195
  5.62e-02	  9.37e-03	-3.07581e-162
  5.62e-02	  9.90e-03	-2.06424e-129
  5.62e-02	  1.04e-02	-1.38491e-96
  5.62e-02	  1.09e-02	-9.28860e-64
  5.62e-02	  1.15e-02	-6.22791e-31
  5.62e-02	  1.20e-02	-7.33498e+01
  5.62e-02	  1.25e-02	-3.53114e+01
  5.62e-02	  1.30e-02	-3.32759e+01
  5.62e-02	  1.35e-02	-3.01959e+01
  5.62e-02	  1.41e-02	-1.91698e+01
  5.62e-02	  1.46e-02	-5.81146e+00
  5.62e-02	  1.51e-02	1.78417e+00
  5.62e-02	  1.56e-02	1.06743e+01
  5.62e-02	  1.61e-02	2.16312e+01
  5.62e-02	  1.67e-02	2.79864e+01
  5.62e-02	  1.72e-02	3.10660e+01
  5.62e-02	  1.77e-02	3.35668e+01
  5.62e-02	  1.82e-02	7.04622e+01
  5.62e-02	  1.88e-02	6.10764e-31
  5.62e-02	  1.93e-02	1.10143e-63
  5.62e-02	  1.98e-02	-1.22788e-63
  5.62e-02	  2.03e-02	-8.19449e-31
  5.62e-02	  2.08e-02	-7.10050e+01
  5.62e-02	  2.14e-02	-3.34619e+01
  5.62e-02	  2.19e-02	-3.09144e+01
  5.62e-02	  2.24e-02	-2.81967e+01
  5.62e-02	  2.29e-02	-2.34605e+01
  5.62e-02	  2.34e-02	-1.39294e+01
  5.62e-02	  2.40e-02	-4.13099e+00
  5.62e-02	  2.45e-02	2.73865e+00
  5.62e-02	  2.50e-02	1.20249e+01
  5.62e-02	  2.55e-02	2.26972e+01
  5.62e-02	  2.60e-02	2.85999e+01
  5.62e-02	  2.66e-02	3.17328e+01
  5.62e-02	  2.71e-02	3.44385e+01
  5.62e-02	  2.76e-02	7.30221e+01
  5.62e-02	  2.81e-02	6.76467e-31
  5.62e-02	  2.86e-02	1.22758e-63
  5.62e-02	  2.92e-02	-1.13204e-63
  5.62e-02	  2.97e-02	-7.56505e-31
  5.62e-02	  3.02e-02	-6.95603e+01
  5.62e-02	  3.07e-02	-3.31341e+01
  5.62e-02	  3.13e-02	-3.08582e+01
  5.62e-02	  3.18e-02	-2.83214e+01
  5.62e-02	  3.23e-02	-2.34644e+01
  5.62e-02	  3.28e-02	-1.36993e+01
  5.62e-02	  3.33e-02	-4.57878e+00
  5.62e-02	  3.39e-02	5.72067e-02
  5.62e-02	  3.44e-02	5.22967e+00
  5.62e-02	  3.49e-02	1.80258e+01
  5.62e-02	  3.54e-02	3.13670e+01
  5.62e-02	  3.59e-02	3.51109e+01
  5.62e-02	  3.65e-02	3.70417e+01
  5.62e-02	  3.70e-02	7.67661e+01
  5.62e-02	  3.75e-02	5.11136e-31
  5.62e-02	  3.80e-02	9.56181e-64
  5.62e-02	  3.85e-02	1.42670e-96
  5.62e-02	  3.91e-02	2.12808e-129
  5.62e-02	  3.96e-02	3.17327e-162
  5.62e-02	  4.01e-02	4.73024e-195
  5.62e-02	  4.06e-02	7.04878e-228
  5.62e-02	  4.11e-02	1.05001e-260
  5.62e-02	  4.17e-02	1.56359e-293
  5.62e-02	  4.22e-02	0.00000e+00
  5.62e-02	  4.27e-02	0.00000e+00
  5.62e-02	  4.32e-02	0.00000e+00
  5.62e-02	  4.37e-02	0.00000e+00
  5.62e-02	  4.43e-02	0.00000e+00
  5.62e-02	  4.48e-02	0.00000e+00
  5.62e-02	  4.53e-02	0.00000e+00
  5.62e-02	  4.58e-02	0.00000e+00
  5.62e-02	  4.64e-02	0.00000e+00
  5.62e-02	  4.69e-02	0.00000e+00
  5.62e-02	  4.74e-02	0.00000e+00
  5.62e-02	  4.79e-02	0.00000e+00
  5.62e-02	  4.84e-02	0.00000e+00
  5.62e-02	  4.90e-02	0.00000e+00
  5.62e-02	  4.95e-02	0.00000e+00

  5.70e-02	  0.00e+00	0.00000e+00
  5.70e-02	  5.21e-04	0.00000e+00
  5.70e-02	  1.04e-03	0.00000e+00
  5.70e-02	  1.56e-03	0.00000e+00
  5.70e-02	  2.08e-03	0.00000e+00
  5.70e-02	  2.60e-03	0.00000e+00
  5.70e-02	  3.12e-03	0.00000e+00
  5.70e-02	  3.65e-03	0.00000e+00
  5.70e-02	  4.17e-03	0.00000e+00
  5.70e-02	  4.69e-03	0.00000e+00
  5.70e-02	  5.21e-03	0.00000e+00
  5.70e-02	  5.73e-03	0.00000e+00
  5.70e-02	  6.25e-03	0.00000e+00
  5.70e-02	  6.77e-03	0.00000e+00
  5.70e-02	  7.29e-03	-1.56873e-293
  5.70e-02	  7.81e-03	-1.05433e-260
  5.70e-02	  8.33e-03	-7.08447e-228
  5.70e-02	  8.85e-03	-4.75911e-195
  5.70e-02	  9.37e-03	-3.19612e-162
  5.70e-02	  9.90e-03	-2.14583e-129
  5.70e-02	  1.04e-02	-1.44025e-96
  5.70e-02	  1.09e-02	-9.66389e-64
  5.70e-02	  1.15e-02	-6.48240e-31
  5.70e-02	  1.20e-02	-7.33227e+01
  5.70e-02	  1.25e-02	-3.51468e+01
  5.70e-02	  1.30e-02	-3.30010e+01
  5.70e-02	  1.35e-02	-3.02191e+01
  5.70e-02	  1.41e-02	-2.04999e+01
  5.70e-02	  1.46e-02	-6.63535e+00
  5.70e-02	  1.51e-02	2.22093e+00
  5.70e-02	  1.56e-02	1.20484e+01
  5.70e-02	  1.61e-02	2.24829e+01
  5.70e-02	  1.67e-02	2.79640e+01
  5.70e-02	  1.72e-02	3.08245e+01
  5.70e-02	  1.77e-02	3.33038e+01
  5.70e-02	  1.82e-02	7.01012e+01
  5.70e-02	  1.88e-02	6.34012e-31
  5.70e-02	  1.93e-02	1.14192e-63
  5.70e-02	  1.98e-02	-1.27720e-63
  5.70e-02	  2.03e-02	-8.52695e-31
  5.70e-02	  2.08e-02	-7.08924e+01
  5.70e-02	  2.14e-02	-3.33240e+01
  5.70e-02	  2.19e-02	-3.07463e+01
  5.70e-02	  2.24e-02	-2.81047e+01
  5.70e-02	  2.29e-02	-2.38793e+01
  5.70e-02	  2.34e-02	-1.50990e+01
  5.70e-02	  2.40e-02	-4.76136e+00
  5.70e-02	  2.45e-02	3.25815e+00
  5.70e-02	  2.50e-02	1.33458e+01
  5.70e-02	  2.55e-02	2.33657e+01
  5.70e-02	  2.60e-02	2.85505e+01
  5.70e-02	  2.66e-02	3.15214e+01
  5.70e-02	  2.71e-02	3.42159e+01
  5.70e-02	  2.76e-02	7.26948e+01
  5.70e-02	  2.81e-02	7.03646e-31
  5.70e-02	  2.86e-02	1.27335e-63
  5.70e-02	  2.92e-02	-1.17193e-63
  5.70e-02	  2.97e-02	-7.83348e-31
  5.70e-02	  3.02e-02	-6.93228e+01
  5.70e-02	  3.07e-02	-3.29180e+01
  5.70e-02	  3.13e-02	-3.06161e+01
  5.70e-02	  3.18e-02	-2.81901e+01
  5.70e-02	  3.23e-02	-2.39752e+01
  5.70e-02	  3.28e-02	-1.50045e+01
  5.70e-02	  3.33e-02	-5.36043e+00
  5.70e-02	  3.39e-02	5.45515e-02
  5.70e-02	  3.44e-02	6.17407e+00
  5.70e-02	  3.49e-02	1.97255e+01
  5.70e-02	  3.54e-02	3.15160e+01
  5.70e-02	  3.59e-02	3.46804e+01
  5.70e-02	  3.65e-02	3.67370e+01
  5.70e-02	  3.70e-02	7.64718e+01
  5.70e-02	  3.75e-02	5.34746e-31
  5.70e-02	  3.80e-02	9.95043e-64
  5.70e-02	  3.85e-02	1.48386e-96
  5.70e-02	  3.91e-02	2.21211e-129
  5.70e-02	  3.96e-02	3.29672e-162
  5.70e-02	  4.01e-02	4.91149e-195
  5.70e-02	  4.06e-02	7.31474e-228
  5.70e-02	  4.11e-02	1.08902e-260
  5.70e-02	  4.17e-02	1.62079e-293
  5.70e-02	  4.22e-02	0.00000e+00
  5.70e-02	  4.27e-02	0.00000e+00
  5.70e-02	  4.32e-02	0.00000e+00
  5.70e-02	  4.37e-02	0.00000e+00
  5.70e-02	  4.43e-02	0.00000e+00
  5.70e-02	  4.48e-02	0.00000e+00
  5.70e-02	  4.53e-02	0.00000e+00
  5.70e-02	  4.58e-02	0.00000e+00
  5.70e-02	  4.64e-02	0.00000e+00
  5.70e-02	  4.69e-02	0.00000e+00
  5.70e-02	  4.74e-02	0.00000e+00
  5.70e-02	  4.79e-02	0.00000e+00
  5.70e-02	  4.84e-02	0.00000e+00
  5.70e-02	  4.90e-02	0.00000e+00
  5.70e-02	  4.95e-02	0.00000e+00

  5.78e-02	  0.00e+00	0.00000e+00
  5.78e-02	  5.21e-04	0.00000e+00
  5.78e-02	  1.04e-03	0.00000e+00
  5.78e-02	  1.56e-03	0.00000e+00
  5.78e-02	  2.08e-03	0.00000e+00
  5.78e-02	  2.60e-03	0.00000e+00
  5.78e-02	  3.12e-03	0.00000e+00
  5.78e-02	  3.65e-03	0.00000e+00
  5.78e-02	  4.17e-03	0.00000e+00
  5.78e-02	  4.69e-03	0.00000e+00
  5.78e-02	  5.21e-03	0.00000e+00
  5.78e-02	  5.73e-03	0.00000e+00
  5.78e-02	  6.25e-03	0.00000e+00
  5.78e-02	  6.77e-03	0.00000e+00
  5.78e-02	  7.29e-03	-1.62548e-293
  5.78e-02	  7.81e-03	-1.09246e-260
  5.78e-02	  8.33e-03	-7.34138e-228
  5.78e-02	  8.85e-03	-4.93263e-195
  5.78e-02	  9.37e-03	-3.31352e-162
  5.78e-02	  9.90e-03	-2.22536e-129
  5.78e-02	  1.04e-02	-1.49416e-96
  5.78e-02	  1.09e-02	-1.00295e-63
  5.78e-02	  1.15e-02	-6.73039e-31
  5.78e-02	  1.20e-02	-7.33091e+01
  5.78e-02	  1.25e-02	-3.50140e+01
  5.78e-02	  1.30e-02	-3.27795e+01
  5.78e-02	  1.35e-02	-3.01778e+01
  5.78e-02	  1.41e-02	-2.16865e+01
  5.78e-02	  1.46e-02	-7.50064e+00
  5.78e-02	  1.51e-02	2.74341e+00
  5.78e-02	  1.56e-02	1.34274e+01
  5.78e-02	  1.61e-02	2.31551e+01
  5.78e-02	  1.67e-02	2.79049e+01
  5.78e-02	  1.72e-02	3.06048e+01
  5.78e-02	  1.77e-02	3.30711e+01
  5.78e-02	  1.82e-02	6.97799e+01
  5.78e-02	  1.88e-02	6.58296e-31
  5.78e-02	  1.93e-02	1.18376e-63
  5.78e-02	  1.98e-02	-1.32525e-63
  5.78e-02	  2.03e-02	-8.85304e-31
  5.78e-02	  2.08e-02	-7.07989e+01
  5.78e-02	  2.14e-02	-3.32098e+01
  5.78e-02	  2.19e-02	-3.06055e+01
  5.78e-02	  2.24e-02	-2.80142e+01
  5.78e-02	  2.29e-02	-2.41808e+01
  5.78e-02	  2.34e-02	-1.61741e+01
  5.78e-02	  2.40e-02	-5.42962e+00
  5.78e-02	  2.45e-02	3.82639e+00
  5.78e-02	  2.50e-02	1.46006e+01
  5.78e-02	  2.55e-02	2.38720e+01
  5.78e-02	  2.60e-02	2.84810e+01
  5.78e-02	  2.66e-02	3.13336e+01
  5.78e-02	  2.71e-02	3.40222e+01
  5.78e-02	  2.76e-02	7.24104e+01
  5.78e-02	  2.81e-02	7.31335e-31
  5.78e-02	  2.86e-02	1.31919e-63
  5.78e-02	  2.92e-02	-1.21193e-63
  5.78e-02	  2.97e-02	-8.10392e-31
  5.78e-02	  3.02e-02	-6.91072e+01
  5.78e-02	  3.07e-02	-3.27278e+01
  5.78e-02	  3.13e-02	-3.04024e+01
  5.78e-02	  3.18e-02	-2.80544e+01
  5.78e-02	  3.23e-02	-2.43458e+01
  5.78e-02	  3.28e-02	-1.62497e+01
  5.78e-02	  3.33e-02	-6.24100e+00
  5.78e-02	  3.39e-02	4.39119e-02
  5.78e-02	  3.44e-02	7.22790e+00
  5.78e-02	  3.49e-02	2.12852e+01
  5.78e-02	  3.54e-02	3.15221e+01
  5.78e-02	  3.59e-02	3.43136e+01
  5.78e-02	  3.65e-02	3.64690e+01
  5.78e-02	  3.70e-02	7.61979e+01
  5.78e-02	  3.75e-02	5.57627e-31
  5.78e-02	  3.80e-02	1.03259e-63
  5.78e-02	  3.85e-02	1.53899e-96
  5.78e-02	  3.91e-02	2.29303e-129
  5.78e-02	  3.96e-02	3.41541e-162
  5.78e-02	  4.01e-02	5.08552e-195
  5.78e-02	  4.06e-02	7.56985e-228
  5.78e-02	  4.11e-02	1.12642e-260
  5.78e-02	  4.17e-02	1.67565e-293
  5.78e-02	  4.22e-02	0.00000e+00
  5.78e-02	  4.27e-02	0.00000e+00
  5.78e-02	  4.32e-02	0.00000e+00
  5.78e-02	  4.37e-02	0.00000e+00
  5.78e-02	  4.43e-02	0.00000e+00
  5.78e-02	  4.48e-02	0.00000e+00
  5.78e-02	  4.53e-02	0.00000e+00
  5.78e-02	  4.58e-02	0.00000e+00
  5.78e-02	  4.64e-02	0.00000e+00
  5.78e-02	  4.69e-02	0.00000e+00
  5.78e-02	  4.74e-02	0.00000e+00
  5.78e-02	  4.79e-02	0.00000e+00
  5.78e-02	  4.84e-02	0.00000e+00
  5.78e-02	  4.90e-02	0.00000e+00
  5.78e-02	  4.95e-02	0.00000e+00

  5.86e-02	  0.00e+00	0.00000e+00
  5.86e-02	  5.21e-04	0.00000e+00
  5.86e-02	  1.04e-03	0.00000e+00
  5.86e-02	  1.56e-03	0.00000e+00
  5.86e-02	  2.08e-03	0.00000e+00
  5.86e-02	  2.60e-03	0.00000e+00
  5.86e-02	  3.12e-03	0.00000e+00
  5.86e-02	  3.65e-03	0.00000e+00
  5.86e-02	  4.17e-03	0.00000e+00
  5.86e-02	  4.69e-03	0.00000e+00
  5.86e-02	  5.21e-03	0.00000e+00
  5.86e-02	  5.73e-03	0.00000e+00
  5.86e-02	  6.25e-03	0.00000e+00
  5.86e-02	  6.77e-03	0.00000e+00
  5.86e-02	  7.29e-03	-1.68303e-293
  5.86e-02	  7.81e-03	-1.13073e-260
  5.86e-02	  8.33e-03	-7.59715e-228
  5.86e-02	  8.85e-03	-5.10424e-195
  5.86e-02	  9.37e-03	-3.42905e-162
  5.86e-02	  9.90e-03	-2.30333e-129
  5.86e-02	  1.04e-02	-1.54689e-96
  5.86e-02	  1.09e-02	-1.03865e-63
  5.86e-02	  1.15e-02	-6.97238e-31
  5.86e-02	  1.20e-02	-7.33089e+01
  5.86e-02	  1.25e-02	-3.49075e+01
  5.86e-02	  1.30e-02	-3.26011e+01
  5.86e-02	  1.35e-02	-3.01002e+01
  5.86e-02	  1.41e-02	-2.27168e+01
  5.86e-02	  1.46e-02	-8.38915e+00
  5.86e-02	  1.51e-02	3.34890e+00
  5.86e-02	  1.56e-02	1.47587e+01
  5.86e-02	  1.61e-02	2.36602e+01
  5.86e-02	  1.67e-02	2.78265e+01
  5.86e-02	  1.72e-02	3.04081e+01
  5.86e-02	  1.77e-02	3.28667e+01
  5.86e-02	  1.82e-02	6.94964e+01
  5.86e-02	  1.88e-02	6.83515e-31
  5.86e-02	  1.93e-02	1.22648e-63
  5.86e-02	  1.98e-02	-1.37120e-63
  5.86e-02	  2.03e-02	-9.16684e-31
  5.86e-02	  2.08e-02	-7.07253e+01
  5.86e-02	  2.14e-02	-3.31181e+01
  5.86e-02	  2.19e-02	-3.04899e+01
  5.86e-02	  2.24e-02	-2.79296e+01
  5.86e-02	  2.29e-02	-2.43879e+01
  5.86e-02	  2.34e-02	-1.71229e+01
  5.86e-02	  2.40e-02	-6.11202e+00
  5.86e-02	  2.45e-02	4.42719e+00
  5.86e-02	  2.50e-02	1.57463e+01
  5.86e-02	  2.55e-02	2.42393e+01
  5.86e-02	  2.60e-02	2.84023e+01
  5.86e-02	  2.66e-02	3.11685e+01
  5.86e-02	  2.71e-02	3.38551e+01
  5.86e-02	  2.76e-02	7.21678e+01
  5.86e-02	  2.81e-02	7.58565e-31
  5.86e-02	  2.86e-02	1.36375e-63
  5.86e-02	  2.92e-02	-1.25111e-63
  5.86e-02	  2.97e-02	-8.36953e-31
  5.86e-02	  3.02e-02	-6.89141e+01
  5.86e-02	  3.07e-02	-3.25614e+01
  5.86e-02	  3.13e-02	-3.02151e+01
  5.86e-02	  3.18e-02	-2.79223e+01
  5.86e-02	  3.23e-02	-2.45996e+01
  5.86e-02	  3.28e-02	-1.73961e+01
  5.86e-02	  3.33e-02	-7.21042e+00
  5.86e-02	  3.39e-02	2.43741e-02
  5.86e-02	  3.44e-02	8.37883e+00
  5.86e-02	  3.49e-02	2.26671e+01
  5.86e-02	  3.54e-02	3.14335e+01
  5.86e-02	  3.59e-02	3.40015e+01
  5.86e-02	  3.65e-02	3.62338e+01
  5.86e-02	  3.70e-02	7.59459e+01
  5.86e-02	  3.75e-02	5.79728e-31
  5.86e-02	  3.80e-02	1.06874e-63
  5.86e-02	  3.85e-02	1.59201e-96
  5.86e-02	  3.91e-02	2.37074e-129
  5.86e-02	  3.96e-02	3.52931e-162
  5.86e-02	  4.01e-02	5.25250e-195
  5.86e-02	  4.06e-02	7.81479e-228
  5.86e-02	  4.11e-02	1.16239e-260
  5.86e-02	  4.17e-02	1.72855e-293
  5.86e-02	  4.22e-02	0.00000e+00
  5.86e-02	  4.27e-02	0.00000e+00
  5.86e-02	  4.32e-02	0.00000e+00
  5.86e-02	  4.37e-02	0.00000e+00
  5.86e-02	  4.43e-02	0.00000e+00
  5.86e-02	  4.48e-02	0.00000e+00
  5.86e-02	  4.53e-02	0.00000e+00
  5.86e-02	  4.58e-02	0.00000e+00
  5.86e-02	  4.64e-02	0.00000e+00
  5.86e-02	  4.69e-02	0.00000e+00
  5.86e-02	  4.74e-02	0.00000e+00
  5.86e-02	  4.79e-02	0.00000e+00
  5.86e-02	  4.84e-02	0.00000e+00
  5.86e-02	  4.90e-02	0.00000e+00
  5.86e-02	  4.95e-02	0.00000e+00

  5.94e-02	  0.00e+00	0.00000e+00
  5.94e-02	  5.21e-04	0.00000e+00
  5.94e-02	  1.04e-03	0.00000e+00
  5.94e-02	  1.56e-03	0.00000e+00
  5.94e-02	  2.08e-03	0.00000e+00
  5.94e-02	  2.60e-03	0.00000e+00
  5.94e-02	  3.12e-03	0.00000e+00
  5.94e-02	  3.65e-03	0.00000e+00
  5.94e-02	  4.17e-03	0.00000e+00
  5.94e-02	  4.69e-03	0.00000e+00
  5.94e-02	  5.21e-03	0.00000e+00
  5.94e-02	  5.73e-03	0.00000e+00
  5.94e-02	  6.25e-03	0.00000e+00
  5.94e-02	  6.77e-03	0.00000e+00
  5.94e-02	  7.29e-03	-1.74327e-293
  5.94e-02	  7.81e-03	-1.17026e-260
  5.94e-02	  8.33e-03	-7.85811e-228
  5.94e-02	  8.85e-03	-5.27747e-195
  5.94e-02	  9.37e-03	-3.54461e-162
  5.94e-02	  9.90e-03	-2.38076e-129
  5.94e-02	  1.04e-02	-1.59895e-96
  5.94e-02	  1.09e-02	-1.07376e-63
  5.94e-02	  1.15e-02	-7.20964e-31
  5.94e-02	  1.20e-02	-7.33201e+01
  5.94e-02	  1.25e-02	-3.48216e+01
  5.94e-02	  1.30e-02	-3.24564e+01
  5.94e-02	  1.35e-02	-3.00066e+01
  5.94e-02	  1.41e-02	-2.35884e+01
  5.94e-02	  1.46e-02	-9.28047e+00
  5.94e-02	  1.51e-02	4.02441e+00
  5.94e-02	  1.56e-02	1.59912e+01
  5.94e-02	  1.61e-02	2.40212e+01
  5.94e-02	  1.67e-02	2.77409e+01
  5.94e-02	  1.72e-02	3.02345e+01
  5.94e-02	  1.77e-02	3.26897e+01
  5.94e-02	  1.82e-02	6.92531e+01
  5.94e-02	  1.88e-02	7.08963e-31
  5.94e-02	  1.93e-02	1.26926e-63
  5.94e-02	  1.98e-02	-1.41440e-63
  5.94e-02	  2.03e-02	-9.46366e-31
  5.94e-02	  2.08e-02	-7.06718e+01
  5.94e-02	  2.14e-02	-3.30474e+01
  5.94e-02	  2.19e-02	-3.03978e+01
  5.94e-02	  2.24e-02	-2.78538e+01
  5.94e-02	  2.29e-02	-2.45228e+01
  5.94e-02	  2.34e-02	-1.79242e+01
  5.94e-02	  2.40e-02	-6.77827e+00
  5.94e-02	  2.45e-02	5.03752e+00
  5.94e-02	  2.50e-02	1.67490e+01
  5.94e-02	  2.55e-02	2.44939e+01
  5.94e-02	  2.60e-02	2.83210e+01
  5.94e-02	  2.66e-02	3.10254e+01
  5.94e-02	  2.71e-02	3.37138e+01
  5.94e-02	  2.76e-02	7.19643e+01
  5.94e-02	  2.81e-02	7.84734e-31
  5.94e-02	  2.86e-02	1.40614e-63
  5.94e-02	  2.92e-02	-1.28910e-63
  5.94e-02	  2.97e-02	-8.62785e-31
  5.94e-02	  3.02e-02	-6.87438e+01
  5.94e-02	  3.07e-02	-3.24180e+01
  5.94e-02	  3.13e-02	-3.00529e+01
  5.94e-02	  3.18e-02	-2.77987e+01
  5.94e-02	  3.23e-02	-2.47630e+01
  5.94e-02	  3.28e-02	-1.84131e+01
  5.94e-02	  3.33e-02	-8.24941e+00
  5.94e-02	  3.39e-02	-3.94549e-03
  5.94e-02	  3.44e-02	9.60756e+00
  5.94e-02	  3.49e-02	2.38494e+01
  5.94e-02	  3.54e-02	3.12901e+01
  5.94e-02	  3.59e-02	3.37348e+01
  5.94e-02	  3.65e-02	3.60273e+01
  5.94e-02	  3.70e-02	7.57152e+01
  5.94e-02	  3.75e-02	6.01000e-31
  5.94e-02	  3.80e-02	1.10347e-63
  5.94e-02	  3.85e-02	1.64291e-96
  5.94e-02	  3.91e-02	2.44536e-129
  5.94e-02	  3.96e-02	3.63880e-162
  5.94e-02	  4.01e-02	5.41333e-195
  5.94e-02	  4.06e-02	8.05149e-228
  5.94e-02	  4.11e-02	1.19731e-260
  5.94e-02	  4.17e-02	1.78025e-293
  5.94e-02	  4.22e-02	0.00000e+00
  5.94e-02	  4.27e-02	0.00000e+00
  5.94e-02	  4.32e-02	0.00000e+00
  5.94e-02	  4.37e-02	0.00000e+00
  5.94e-02	  4.43e-02	0.00000e+00
  5.94e-02	  4.48e-02	0.00000e+00
  5.94e-02	  4.53e-02	0.00000e+00
  5.94e-02	  4.58e-02	0.00000e+00
  5.94e-02	  4.64e-02	0.00000e+00
  5.94e-02	  4.69e-02	0.00000e+00
  5.94e-02	  4.74e-02	0.00000e+00
  5.94e-02	  4.79e-02	0.00000e+00
  5.94e-02	  4.84e-02	0.00000e+00
  5.94e-02	  4.90e-02	0.00000e+00
  5.94e-02	  4.95e-02	0.00000e+00

  6.02e-02	  0.00e+00	0.00000e+00
  6.02e-02	  5.21e-04	0.00000e+00
  6.02e-02	  1.04e-03	0.00000e+00
  6.02e-02	  1.56e-03	0.00000e+00
  6.02e-02	  2.08e-03	0.00000e+00
  6.02e-02	  2.60e-03	0.00000e+00
  6.02e-02	  3.12e-03	0.00000e+00
  6.02e-02	  3.65e-03	0.00000e+00
  6.02e-02	  4.17e-03	0.00000e+00
  6.02e-02	  4.69e-03	0.00000e+00
  6.02e-02	  5.21e-03	0.00000e+00
  6.02e-02	  5.73e-03	0.00000e+00
  6.02e-02	  6.25e-03	0.00000e+00
  6.02e-02	  6.77e-03	0.00000e+00
  6.02e-02	  7.29e-03	-1.80849e-293
  6.02e-02	  7.81e-03	-1.21250e-260
  6.02e-02	  8.33e-03	-8.13315e-228
  6.02e-02	  8.85e-03	-5.45761e-195
  6.02e-02	  9.37e-03	-3.66330e-162
  6.02e-02	  9.90e-03	-2.45939e-129
  6.02e-02	  1.04e-02	-1.65132e-96
  6.02e-02	  1.09e-02	-1.10879e-63
  6.02e-02	  1.15e-02	-7.44489e-31
  6.02e-02	  1.20e-02	-7.33396e+01
  6.02e-02	  1.25e-02	-3.47508e+01
  6.02e-02	  1.30e-02	-3.23366e+01
  6.02e-02	  1.35e-02	-2.99099e+01
  6.02e-02	  1.41e-02	-2.43065e+01
  6.02e-02	  1.46e-02	-1.01539e+01
  6.02e-02	  1.51e-02	4.74494e+00
  6.02e-02	  1.56e-02	1.70821e+01
  6.02e-02	  1.61e-02	2.42663e+01
  6.02e-02	  1.67e-02	2.76553e+01
  6.02e-02	  1.72e-02	3.00846e+01
  6.02e-02	  1.77e-02	3.25408e+01
  6.02e-02	  1.82e-02	6.90519e+01
  6.02e-02	  1.88e-02	7.34436e-31
  6.02e-02	  1.93e-02	1.31187e-63
  6.02e-02	  1.98e-02	-1.45442e-63
  6.02e-02	  2.03e-02	-9.74000e-31
  6.02e-02	  2.08e-02	-7.06379e+01
  6.02e-02	  2.14e-02	-3.29960e+01
  6.02e-02	  2.19e-02	-3.03272e+01
  6.02e-02	  2.24e-02	-2.77885e+01
  6.02e-02	  2.29e-02	-2.46053e+01
  6.02e-02	  2.34e-02	-1.85691e+01
  6.02e-02	  2.40e-02	-7.39520e+00
  6.02e-02	  2.45e-02	5.62979e+00
  6.02e-02	  2.50e-02	1.75875e+01
  6.02e-02	  2.55e-02	2.46615e+01
  6.02e-02	  2.60e-02	2.82416e+01
  6.02e-02	  2.66e-02	3.09037e+01
  6.02e-02	  2.71e-02	3.35968e+01
  6.02e-02	  2.76e-02	7.17967e+01
  6.02e-02	  2.81e-02	8.09472e-31
  6.02e-02	  2.86e-02	1.44589e-63
  6.02e-02	  2.92e-02	-1.32582e-63
  6.02e-02	  2.97e-02	-8.87778e-31
  6.02e-02	  3.02e-02	-6.85977e+01
  6.02e-02	  3.07e-02	-3.22968e+01
  6.02e-02	  3.13e-02	-2.99149e+01
  6.02e-02	  3.18e-02	-2.76867e+01
  6.02e-02	  3.23e-02	-2.48617e+01
  6.02e-02	  3.28e-02	-1.92825e+01
  6.02e-02	  3.33e-02	-9.32996e+00
  6.02e-02	  3.39e-02	-3.91677e-02
  6.02e-02	  3.44e-02	1.08891e+01
  6.02e-02	  3.49e-02	2.48266e+01
  6.02e-02	  3.54e-02	3.11218e+01
  6.02e-02	  3.59e-02	3.35049e+01
  6.02e-02	  3.65e-02	3.58454e+01
  6.02e-02	  3.70e-02	7.55043e+01
  6.02e-02	  3.75e-02	6.21436e-31
  6.02e-02	  3.80e-02	1.13685e-63
  6.02e-02	  3.85e-02	1.69190e-96
  6.02e-02	  3.91e-02	2.51737e-129
  6.02e-02	  3.96e-02	3.74486e-162
  6.02e-02	  4.01e-02	5.56998e-195
  6.02e-02	  4.06e-02	8.28368e-228
  6.02e-02	  4.11e-02	1.23187e-260
  6.02e-02	  4.17e-02	1.83194e-293
  6.02e-02	  4.22e-02	0.00000e+00
  6.02e-02	  4.27e-02	0.00000e+00
  6.02e-02	  4.32e-02	0.00000e+00
  6.02e-02	  4.37e-02	0.00000e+00
  6.02e-02	  4.43e-02	0.00000e+00
  6.02e-02	  4.48e-02	0.00000e+00
  6.02e-02	  4.53e-02	0.00000e+00
  6.02e-02	  4.58e-02	0.00000e+00
  6.02e-02	  4.64e-02	0.00000e+00
  6.02e-02	  4.69e-02	0.00000e+00
  6.02e-02	  4.74e-02	0.00000e+00
  6.02e-02	  4.79e-02	0.00000e+00
  6.02e-02	  4.84e-02	0.00000e+00
  6.02e-02	  4.90e-02	0.00000e+00
  6.02e-02	  4.95e-02	0.00000e+00

  6.09e-02	  0.00e+00	0.00000e+00
  6.09e-02	  5.21e-04	0.00000e+00
  6.09e-02	  1.04e-03	0.00000e+00
  6.09e-02	  1.56e-03	0.00000e+00
  6.09e-02	  2.08e-03	0.00000e+00
  6.09e-02	  2.60e-03	0.00000e+00
  6.09e-02	  3.12e-03	0.00000e+00
  6.09e-02	  3.65e-03	0.00000e+00
  6.09e-02	  4.17e-03	0.00000e+00
  6.09e-02	  4.69e-03	0.00000e+00
  6.09e-02	  5.21e-03	0.00000e+00
  6.09e-02	  5.73e-03	0.00000e+00
  6.09e-02	  6.25e-03	0.00000e+00
  6.09e-02	  6.77e-03	0.00000e+00
  6.09e-02	  7.29e-03	-1.88106e-293
  6.09e-02	  7.81e-03	-1.25907e-260
  6.09e-02	  8.33e-03	-8.43294e-228
  6.09e-02	  8.85e-03	-5.65147e-195
  6.09e-02	  9.37e-03	-3.78930e-162
  6.09e-02	  9.90e-03	-2.54176e-129
  6.09e-02	  1.04e-02	-1.70547e-96
  6.09e-02	  1.09e-02	-1.14460e-63
  6.09e-02	  1.15e-02	-7.68289e-31
  6.09e-02	  1.20e-02	-7.33632e+01
  6.09e-02	  1.25e-02	-3.46889e+01
  6.09e-02	  1.30e-02	-3.22338e+01
  6.09e-02	  1.35e-02	-2.98169e+01
  6.09e-02	  1.41e-02	-2.48822e+01
  6.09e-02	  1.46e-02	-1.09910e+01
  6.09e-02	  1.51e-02	5.47372e+00
  6.09e-02	  1.56e-02	1.80022e+01
  6.09e-02	  1.61e-02	2.44239e+01
  6.09e-02	  1.67e-02	2.75743e+01
  6.09e-02	  1.72e-02	2.99589e+01
  6.09e-02	  1.77e-02	3.24200e+01
  6.09e-02	  1.82e-02	6.88961e+01
  6.09e-02	  1.88e-02	7.59914e-31
  6.09e-02	  1.93e-02	1.35445e-63
  6.09e-02	  1.98e-02	-1.49103e-63
  6.09e-02	  2.03e-02	-9.99382e-31
  6.09e-02	  2.08e-02	-7.06231e+01
  6.09e-02	  2.14e-02	-3.29617e+01
  6.09e-02	  2.19e-02	-3.02761e+01
  6.09e-02	  2.24e-02	-2.77341e+01
  6.09e-02	  2.29e-02	-2.46511e+01
  6.09e-02	  2.34e-02	-1.90602e+01
  6.09e-02	  2.40e-02	-7.93182e+00
  6.09e-02	  2.45e-02	6.17591e+00
  6.09e-02	  2.50e-02	1.82546e+01
  6.09e-02	  2.55e-02	2.47643e+01
  6.09e-02	  2.60e-02	2.81669e+01
  6.09e-02	  2.66e-02	3.08024e+01
  6.09e-02	  2.71e-02	3.35020e+01
  6.09e-02	  2.76e-02	7.16618e+01
  6.09e-02	  2.81e-02	8.32509e-31
  6.09e-02	  2.86e-02	1.48267e-63
  6.09e-02	  2.92e-02	-1.36137e-63
  6.09e-02	  2.97e-02	-9.11948e-31
  6.09e-02	  3.02e-02	-6.84774e+01
  6.09e-02	  3.07e-02	-3.21966e+01
  6.09e-02	  3.13e-02	-2.98000e+01
  6.09e-02	  3.18e-02	-2.75881e+01
  6.09e-02	  3.23e-02	-2.49177e+01
  6.09e-02	  3.28e-02	-1.99996e+01
  6.09e-02	  3.33e-02	-1.04175e+01
  6.09e-02	  3.39e-02	-7.68307e-02
  6.09e-02	  3.44e-02	1.21948e+01
  6.09e-02	  3.49e-02	2.56070e+01
  6.09e-02	  3.54e-02	3.09491e+01
  6.09e-02	  3.59e-02	3.33041e+01
  6.09e-02	  3.65e-02	3.56837e+01
  6.09e-02	  3.70e-02	7.53103e+01
  6.09e-02	  3.75e-02	6.41112e-31
  6.09e-02	  3.80e-02	1.16915e-63
  6.09e-02	  3.85e-02	1.73951e-96
  6.09e-02	  3.91e-02	2.58777e-129
  6.09e-02	  3.96e-02	3.84935e-162
  6.09e-02	  4.01e-02	5.72575e-195
  6.09e-02	  4.06e-02	8.51705e-228
  6.09e-02	  4.11e-02	1.26703e-260
  6.09e-02	  4.17e-02	1.88518e-293
  6.09e-02	  4.22e-02	0.00000e+00
  6.09e-02	  4.27e-02	0.00000e+00
  6.09e-02	  4.32e-02	0.00000e+00
  6.09e-02	  4.37e-02	0.00000e+00
  6.09e-02	  4.43e-02	0.00000e+00
  6.09e-02	  4.48e-02	0.00000e+00
  6.09e-02	  4.53e-02	0.00000e+00
  6.09e-02	  4.58e-02	0.00000e+00
  6.09e-02	  4.64e-02	0.00000e+00
  6.09e-02	  4.69e-02	0.00000e+00
  6.09e-02	  4.74e-02	0.00000e+00
  6.09e-02	  4.79e-02	0.00000e+00
  6.09e-02	  4.84e-02	0.00000e+00
  6.09e-02	  4.90e-02	0.00000e+00
  6.09e-02	  4.95e-02	0.00000e+00

  6.17e-02	  0.00e+00	0.00000e+00
  6.17e-02	  5.21e-04	0.00000e+00
  6.17e-02	  1.04e-03	0.00000e+00
  6.17e-02	  1.56e-03	0.00000e+00
  6.17e-02	  2.08e-03	0.00000e+00
  6.17e-02	  2.60e-03	0.00000e+00
  6.17e-02	  3.12e-03	0.00000e+00
  6.17e-02	  3.65e-03	0.00000e+00
  6.17e-02	  4.17e-03	0.00000e+00
  6.17e-02	  4.69e-03	0.00000e+00
  6.17e-02	  5.21e-03	0.00000e+00
  6.17e-02	  5.73e-03	0.00000e+00
  6.17e-02	  6.25e-03	0.00000e+00
  6.17e-02	  6.77e-03	0.00000e+00
  6.17e-02	  7.29e-03	-1.96269e-293
  6.17e-02	  7.81e-03	-1.31134e-260
  6.17e-02	  8.33e-03	-8.76779e-228
  6.17e-02	  8.85e-03	-5.86628e-195
  6.17e-02	  9.37e-03	-3.92749e-162
  6.17e-02	  9.90e-03	-2.63100e-129
  6.17e-02	  1.04e-02	-1.76339e-96
  6.17e-02	  1.09e-02	-1.18239e-63
  6.17e-02	  1.15e-02	-7.93082e-31
  6.17e-02	  1.20e-02	-7.33865e+01
  6.17e-02	  1.25e-02	-3.46300e+01
  6.17e-02	  1.30e-02	-3.21400e+01
  6.17e-02	  1.35e-02	-2.97297e+01
  6.17e-02	  1.41e-02	-2.53290e+01
  6.17e-02	  1.46e-02	-1.17773e+01
  6.17e-02	  1.51e-02	6.16477e+00
  6.17e-02	  1.56e-02	1.87376e+01
  6.17e-02	  1.61e-02	2.45178e+01
  6.17e-02	  1.67e-02	2.75003e+01
  6.17e-02	  1.72e-02	2.98570e+01
  6.17e-02	  1.77e-02	3.23271e+01
  6.17e-02	  1.82e-02	6.87896e+01
  6.17e-02	  1.88e-02	7.85498e-31
  6.17e-02	  1.93e-02	1.39724e-63
  6.17e-02	  1.98e-02	-1.52417e-63
  6.17e-02	  2.03e-02	-1.02242e-30
  6.17e-02	  2.08e-02	-7.06261e+01
  6.17e-02	  2.14e-02	-3.29424e+01
  6.17e-02	  2.19e-02	-3.02418e+01
  6.17e-02	  2.24e-02	-2.76907e+01
  6.17e-02	  2.29e-02	-2.46712e+01
  6.17e-02	  2.34e-02	-1.94096e+01
  6.17e-02	  2.40e-02	-8.36441e+00
  6.17e-02	  2.45e-02	6.65179e+00
  6.17e-02	  2.50e-02	1.87558e+01
  6.17e-02	  2.55e-02	2.48199e+01
  6.17e-02	  2.60e-02	2.80987e+01
  6.17e-02	  2.66e-02	3.07200e+01
  6.17e-02	  2.71e-02	3.34270e+01
  6.17e-02	  2.76e-02	7.15563e+01
  6.17e-02	  2.81e-02	8.53702e-31
  6.17e-02	  2.86e-02	1.51637e-63
  6.17e-02	  2.92e-02	-1.39598e-63
  6.17e-02	  2.97e-02	-9.35426e-31
  6.17e-02	  3.02e-02	-6.83852e+01
  6.17e-02	  3.07e-02	-3.21166e+01
  6.17e-02	  3.13e-02	-2.97067e+01
  6.17e-02	  3.18e-02	-2.75039e+01
  6.17e-02	  3.23e-02	-2.49480e+01
  6.17e-02	  3.28e-02	-2.05718e+01
  6.17e-02	  3.33e-02	-1.14747e+01
  6.17e-02	  3.39e-02	-1.09105e-01
  6.17e-02	  3.44e-02	1.34950e+01
  6.17e-02	  3.49e-02	2.62087e+01
  6.17e-02	  3.54e-02	3.07842e+01
  6.17e-02	  3.59e-02	3.31259e+01
  6.17e-02	  3.65e-02	3.55375e+01
  6.17e-02	  3.70e-02	7.51302e+01
  6.17e-02	  3.75e-02	6.60229e-31
  6.17e-02	  3.80e-02	1.20086e-63
  6.17e-02	  3.85e-02	1.78665e-96
  6.17e-02	  3.91e-02	2.65817e-129
  6.17e-02	  3.96e-02	3.95499e-162
  6.17e-02	  4.01e-02	5.88516e-195
  6.17e-02	  4.06e-02	8.75890e-228
  6.17e-02	  4.11e-02	1.30391e-260
  6.17e-02	  4.17e-02	1.94169e-293
  6.17e-02	  4.22e-02	0.00000e+00
  6.17e-02	  4.27e-02	0.00000e+00
  6.17e-02	  4.32e-02	0.00000e+00
  6.17e-02	  4.37e-02	0.00000e+00
  6.17e-02	  4.43e-02	0.00000e+00
  6.17e-02	  4.48e-02	0.00000e+00
  6.17e-02	  4.53e-02	0.00000e+00
  6.17e-02	  4.58e-02	0.00000e+00
  6.17e-02	  4.64e-02	0.00000e+00
  6.17e-02	  4.69e-02	0.00000e+00
  6.17e-02	  4.74e-02	0.00000e+00
  6.17e-02	  4.79e-02	0.00000e+00
  6.17e-02	  4.84e-02	0.00000e+00
  6.17e-02	  4.90e-02	0.00000e+00
  6.17e-02	  4.95e-02	0.00000e+00

  6.25e-02	  0.00e+00	0.00000e+00
  6.25e-02	  5.21e-04	0.00000e+00
  6.25e-02	  1.04e-03	0.00000e+00
  6.25e-02	  1.56e-03	0.00000e+00
  6.25e-02	  2.08e-03	0.00000e+00
  6.25e-02	  2.60e-03	0.00000e+00
  6.25e-02	  3.12e-03	0.00000e+00
  6.25e-02	  3.65e-03	0.00000e+00
  6.25e-02	  4.17e-03	0.00000e+00
  6.25e-02	  4.69e-03	0.00000e+00
  6.25e-02	  5.21e-03	0.00000e+00
  6.25e-02	  5.73e-03	0.00000e+00
  6.25e-02	  6.25e-03	0.00000e+00
  6.25e-02	  6.77e-03	0.00000e+00
  6.25e-02	  7.29e-03	-2.05361e-293
  6.25e-02	  7.81e-03	-1.36995e-260
  6.25e-02	  8.33e-03	-9.14433e-228
  6.25e-02	  8.85e-03	-6.10776e-195
  6.25e-02	  9.37e-03	-4.08229e-162
  6.25e-02	  9.90e-03	-2.73032e-129
  6.25e-02	  1.04e-02	-1.82725e-96
  6.25e-02	  1.09e-02	-1.22359e-63
  6.25e-02	  1.15e-02	-8.19781e-31
  6.25e-02	  1.20e-02	-7.34057e+01
  6.25e-02	  1.25e-02	-3.45687e+01
  6.25e-02	  1.30e-02	-3.20479e+01
  6.25e-02	  1.35e-02	-2.96465e+01
  6.25e-02	  1.41e-02	-2.56608e+01
  6.25e-02	  1.46e-02	-1.25034e+01
  6.25e-02	  1.51e-02	6.76709e+00
  6.25e-02	  1.56e-02	1.92879e+01
  6.25e-02	  1.61e-02	2.45659e+01
  6.25e-02	  1.67e-02	2.74337e+01
  6.25e-02	  1.72e-02	2.97775e+01
  6.25e-02	  1.77e-02	3.22615e+01
  6.25e-02	  1.82e-02	6.87366e+01
  6.25e-02	  1.88e-02	8.11250e-31
  6.25e-02	  1.93e-02	1.44044e-63
  6.25e-02	  1.98e-02	-1.55398e-63
  6.25e-02	  2.03e-02	-1.04319e-30
  6.25e-02	  2.08e-02	-7.06458e+01
  6.25e-02	  2.14e-02	-3.29357e+01
  6.25e-02	  2.19e-02	-3.02218e+01
  6.25e-02	  2.24e-02	-2.76574e+01
  6.25e-02	  2.29e-02	-2.46732e+01
  6.25e-02	  2.34e-02	-1.96343e+01
  6.25e-02	  2.40e-02	-8.68005e+00
  6.25e-02	  2.45e-02	7.04113e+00
  6.25e-02	  2.50e-02	1.91059e+01
  6.25e-02	  2.55e-02	2.48412e+01
  6.25e-02	  2.60e-02	2.80378e+01
  6.25e-02	  2.66e-02	3.06543e+01
  6.25e-02	  2.71e-02	3.33691e+01
  6.25e-02	  2.76e-02	7.14773e+01
  6.25e-02	  2.81e-02	8.72992e-31
  6.25e-02	  2.86e-02	1.54700e-63
  6.25e-02	  2.92e-02	-1.42993e-63
  6.25e-02	  2.97e-02	-9.58378e-31
  6.25e-02	  3.02e-02	-6.83241e+01
  6.25e-02	  3.07e-02	-3.20562e+01
  6.25e-02	  3.13e-02	-2.96336e+01
  6.25e-02	  3.18e-02	-2.74346e+01
  6.25e-02	  3.23e-02	-2.49646e+01
  6.25e-02	  3.28e-02	-2.10151e+01
  6.25e-02	  3.33e-02	-1.24653e+01
  6.25e-02	  3.39e-02	-1.24238e-01
  6.25e-02	  3.44e-02	1.47615e+01
  6.25e-02	  3.49e-02	2.66563e+01
  6.25e-02	  3.54e-02	3.06333e+01
  6.25e-02	  3.59e-02	3.29645e+01
  6.25e-02	  3.65e-02	3.54020e+01
  6.25e-02	  3.70e-02	7.49604e+01
  6.25e-02	  3.75e-02	6.79143e-31
  6.25e-02	  3.80e-02	1.23275e-63
  6.25e-02	  3.85e-02	1.83460e-96
  6.25e-02	  3.91e-02	2.73065e-129
  6.25e-02	  3.96e-02	4.06513e-162
  6.25e-02	  4.01e-02	6.05335e-195
  6.25e-02	  4.06e-02	9.01683e-228
  6.25e-02	  4.11e-02	1.34360e-260
  6.25e-02	  4.17e-02	2.00292e-293
  6.25e-02	  4.22e-02	0.00000e+00
  6.25e-02	  4.27e-02	0.00000e+00
  6.25e-02	  4.32e-02	0.00000e+00
  6.25e-02	  4.37e-02	0.00000e+00
  6.25e-02	  4.43e-02	0.00000e+00
  6.25e-02	  4.48e-02	0.00000e+00
  6.25e-02	  4.53e-02	0.00000e+00
  6.25e-02	  4.58e-02	0.00000e+00
  6.25e-02	  4.64e-02	0.00000e+00
  6.25e-02	  4.69e-02	0.00000e+00
  6.25e-02	  4.74e-02	0.00000e+00
  6.25e-02	  4.79e-02	0.00000e+00
  6.25e-02	  4.84e-02	0.00000e+00
  6.25e-02	  4.90e-02	0.00000e+00
  6.25e-02	  4.95e-02	0.00000e+00

  6.33e-02	  0.00e+00	0.00000e+00
  6.33e-02	  5.21e-04	0.00000e+00
  6.33e-02	  1.04e-03	0.00000e+00
  6.33e-02	  1.56e-03	0.00000e+00
  6.33e-02	  2.08e-03	0.00000e+00
  6.33e-02	  2.60e-03	0.00000e+00
  6.33e-02	  3.12e-03	0.00000e+00
  6.33e-02	  3.65e-03	0.00000e+00
  6.33e-02	  4.17e-03	0.00000e+00
  6.33e-02	  4.69e-03	0.00000e+00
  6.33e-02	  5.21e-03	0.00000e+00
  6.33e-02	  5.73e-03	0.00000e+00
  6.33e-02	  6.25e-03	0.00000e+00
  6.33e-02	  6.77e-03	0.00000e+00
  6.33e-02	  7.29e-03	-2.15261e-293
  6.33e-02	  7.81e-03	-1.43462e-260
  6.33e-02	  8.33e-03	-9.56424e-228
  6.33e-02	  8.85e-03	-6.37905e-195
  6.33e-02	  9.37e-03	-4.25690e-162
  6.33e-02	  9.90e-03	-2.84243e-129
  6.33e-02	  1.04e-02	-1.89916e-96
  6.33e-02	  1.09e-02	-1.26972e-63
  6.33e-02	  1.15e-02	-8.49434e-31
  6.33e-02	  1.20e-02	-7.34171e+01
  6.33e-02	  1.25e-02	-3.45005e+01
  6.33e-02	  1.30e-02	-3.19520e+01
  6.33e-02	  1.35e-02	-2.95642e+01
  6.33e-02	  1.41e-02	-2.58899e+01
  6.33e-02	  1.46e-02	-1.31649e+01
  6.33e-02	  1.51e-02	7.22980e+00
  6.33e-02	  1.56e-02	1.96616e+01
  6.33e-02	  1.61e-02	2.45786e+01
  6.33e-02	  1.67e-02	2.73739e+01
  6.33e-02	  1.72e-02	2.97188e+01
  6.33e-02	  1.77e-02	3.22230e+01
  6.33e-02	  1.82e-02	6.87414e+01
  6.33e-02	  1.88e-02	8.37205e-31
  6.33e-02	  1.93e-02	1.48415e-63
  6.33e-02	  1.98e-02	-1.58073e-63
  6.33e-02	  2.03e-02	-1.06188e-30
  6.33e-02	  2.08e-02	-7.06804e+01
  6.33e-02	  2.14e-02	-3.29395e+01
  6.33e-02	  2.19e-02	-3.02136e+01
  6.33e-02	  2.24e-02	-2.76330e+01
  6.33e-02	  2.29e-02	-2.46614e+01
  6.33e-02	  2.34e-02	-1.97539e+01
  6.33e-02	  2.40e-02	-8.87763e+00
  6.33e-02	  2.45e-02	7.33725e+00
  6.33e-02	  2.50e-02	1.93252e+01
  6.33e-02	  2.55e-02	2.48371e+01
  6.33e-02	  2.60e-02	2.79843e+01
  6.33e-02	  2.66e-02	3.06029e+01
  6.33e-02	  2.71e-02	3.33258e+01
  6.33e-02	  2.76e-02	7.14217e+01
  6.33e-02	  2.81e-02	8.90404e-31
  6.33e-02	  2.86e-02	1.57466e-63
  6.33e-02	  2.92e-02	-1.46354e-63
  6.33e-02	  2.97e-02	-9.81038e-31
  6.33e-02	  3.02e-02	-6.82966e+01
  6.33e-02	  3.07e-02	-3.20150e+01
  6.33e-02	  3.13e-02	-2.95795e+01
  6.33e-02	  3.18e-02	-2.73802e+01
  6.33e-02	  3.23e-02	-2.49748e+01
  6.33e-02	  3.28e-02	-2.13499e+01
  6.33e-02	  3.33e-02	-1.33577e+01
  6.33e-02	  3.39e-02	-1.06420e-01
  6.33e-02	  3.44e-02	1.59698e+01
  6.33e-02	  3.49e-02	2.69765e+01
  6.33e-02	  3.54e-02	3.04980e+01
  6.33e-02	  3.59e-02	3.28150e+01
  6.33e-02	  3.65e-02	3.52726e+01
  6.33e-02	  3.70e-02	7.47974e+01
  6.33e-02	  3.75e-02	6.98369e-31
  6.33e-02	  3.80e-02	1.26579e-63
  6.33e-02	  3.85e-02	1.88488e-96
  6.33e-02	  3.91e-02	2.80751e-129
  6.33e-02	  3.96e-02	4.18310e-162
  6.33e-02	  4.01e-02	6.23493e-195
  6.33e-02	  4.06e-02	9.29684e-228
  6.33e-02	  4.11e-02	1.38681e-260
  6.33e-02	  4.17e-02	2.06954e-293
  6.33e-02	  4.22e-02	0.00000e+00
  6.33e-02	  4.27e-02	0.00000e+00
  6.33e-02	  4.32e-02	0.00000e+00
  6.33e-02	  4.37e-02	0.00000e+00
  6.33e-02	  4.43e-02	0.00000e+00
  6.33e-02	  4.48e-02	0.00000e+00
  6.33e-02	  4.53e-02	0.00000e+00
  6.33e-02	  4.58e-02	0.00000e+00
  6.33e-02	  4.64e-02	0.00000e+00
  6.33e-02	  4.69e-02	0.00000e+00
  6.33e-02	  4.74e-02	0.00000e+00
  6.33e-02	  4.79e-02	0.00000e+00
  6.33e-02	  4.84e-02	0.00000e+00
  6.33e-02	  4.90e-02	0.00000e+00
  6.33e-02	  4.95e-02	0.00000e+00

  6.41e-02	  0.00e+00	0.00000e+00
  6.41e-02	  5.21e-04	0.00000e+00
  6.41e-02	  1.04e-03	0.00000e+00
  6.41e-02	  1.56e-03	0.00000e+00
  6.41e-02	  2.08e-03	0.00000e+00
  6.41e-02	  2.60e-03	0.00000e+00
  6.41e-02	  3.12e-03	0.00000e+00
  6.41e-02	  3.65e-03	0.00000e+00
  6.41e-02	  4.17e-03	0.00000e+00
  6.41e-02	  4.69e-03	0.00000e+00
  6.41e-02	  5.21e-03	0.00000e+00
  6.41e-02	  5.73e-03	0.00000e+00
  6.41e-02	  6.25e-03	0.00000e+00
  6.41e-02	  6.77e-03	0.00000e+00
  6.41e-02	  7.29e-03	-2.25580e-293
  6.41e-02	  7.81e-03	-1.50347e-260
  6.41e-02	  8.33e-03	-1.00198e-227
  6.41e-02	  8.85e-03	-6.67829e-195
  6.41e-02	  9.37e-03	-4.45215e-162
  6.41e-02	  9.90e-03	-2.96911e-129
  6.41e-02	  1.04e-02	-1.98098e-96
  6.41e-02	  1.09e-02	-1.32241e-63
  6.41e-02	  1.15e-02	-8.83283e-31
  6.41e-02	  1.20e-02	-7.34181e+01
  6.41e-02	  1.25e-02	-3.44232e+01
  6.41e-02	  1.30e-02	-3.18494e+01
  6.41e-02	  1.35e-02	-2.94773e+01
  6.41e-02	  1.41e-02	-2.60238e+01
  6.41e-02	  1.46e-02	-1.37575e+01
  6.41e-02	  1.51e-02	7.50812e+00
  6.41e-02	  1.56e-02	1.98709e+01
  6.41e-02	  1.61e-02	2.45607e+01
  6.41e-02	  1.67e-02	2.73190e+01
  6.41e-02	  1.72e-02	2.96790e+01
  6.41e-02	  1.77e-02	3.22108e+01
  6.41e-02	  1.82e-02	6.88073e+01
  6.41e-02	  1.88e-02	8.63406e-31
  6.41e-02	  1.93e-02	1.52833e-63
  6.41e-02	  1.98e-02	-1.60461e-63
  6.41e-02	  2.03e-02	-1.07859e-30
  6.41e-02	  2.08e-02	-7.07280e+01
  6.41e-02	  2.14e-02	-3.29518e+01
  6.41e-02	  2.19e-02	-3.02149e+01
  6.41e-02	  2.24e-02	-2.76156e+01
  6.41e-02	  2.29e-02	-2.46381e+01
  6.41e-02	  2.34e-02	-1.97874e+01
  6.41e-02	  2.40e-02	-8.96636e+00
  6.41e-02	  2.45e-02	7.54269e+00
  6.41e-02	  2.50e-02	1.94362e+01
  6.41e-02	  2.55e-02	2.48135e+01
  6.41e-02	  2.60e-02	2.79372e+01
  6.41e-02	  2.66e-02	3.05637e+01
  6.41e-02	  2.71e-02	3.32949e+01
  6.41e-02	  2.76e-02	7.13867e+01
  6.41e-02	  2.81e-02	9.06052e-31
  6.41e-02	  2.86e-02	1.59953e-63
  6.41e-02	  2.92e-02	-1.49705e-63
  6.41e-02	  2.97e-02	-1.00361e-30
  6.41e-02	  3.02e-02	-6.83058e+01
  6.41e-02	  3.07e-02	-3.19930e+01
  6.41e-02	  3.13e-02	-2.95436e+01
  6.41e-02	  3.18e-02	-2.73401e+01
  6.41e-02	  3.23e-02	-2.49823e+01
  6.41e-02	  3.28e-02	-2.15964e+01
  6.41e-02	  3.33e-02	-1.41271e+01
  6.41e-02	  3.39e-02	-3.62875e-02
  6.41e-02	  3.44e-02	1.70995e+01
  6.41e-02	  3.49e-02	2.71951e+01
  6.41e-02	  3.54e-02	3.03772e+01
  6.41e-02	  3.59e-02	3.26735e+01
  6.41e-02	  3.65e-02	3.51463e+01
  6.41e-02	  3.70e-02	7.46381e+01
  6.41e-02	  3.75e-02	7.18410e-31
  6.41e-02	  3.80e-02	1.30098e-63
  6.41e-02	  3.85e-02	1.93890e-96
  6.41e-02	  3.91e-02	2.89066e-129
  6.41e-02	  3.96e-02	4.31124e-162
  6.41e-02	  4.01e-02	6.43242e-195
  6.41e-02	  4.06e-02	9.60083e-228
  6.41e-02	  4.11e-02	1.43349e-260
  6.41e-02	  4.17e-02	2.14095e-293
  6.41e-02	  4.22e-02	0.00000e+00
  6.41e-02	  4.27e-02	0.00000e+00
  6.41e-02	  4.32e-02	0.00000e+00
  6.41e-02	  4.37e-02	0.00000e+00
  6.41e-02	  4.43e-02	0.00000e+00
  6.41e-02	  4.48e-02	0.00000e+00
  6.41e-02	  4.53e-02	0.00000e+00
  6.41e-02	  4.58e-02	0.00000e+00
  6.41e-02	  4.64e-02	0.00000e+00
  6.41e-02	  4.69e-02	0.00000e+00
  6.41e-02	  4.74e-02	0.00000e+00
  6.41e-02	  4.79e-02	0.00000e+00
  6.41e-02	  4.84e-02	0.00000e+00
  6.41e-02	  4.90e-02	0.00000e+00
  6.41e-02	  4.95e-02	0.00000e+00

  6.48e-02	  0.00e+00	0.00000e+00
  6.48e-02	  5.21e-04	0.00000e+00
  6.48e-02	  1.04e-03	0.00000e+00
  6.48e-02	  1.56e-03	0.00000e+00
  6.48e-02	  2.08e-03	0.00000e+00
  6.48e-02	  2.60e-03	0.00000e+00
  6.48e-02	  3.12e-03	0.00000e+00
  6.48e-02	  3.65e-03	0.00000e+00
  6.48e-02	  4.17e-03	0.00000e+00
  6.48e-02	  4.69e-03	0.00000e+00
  6.48e-02	  5.21e-03	0.00000e+00
  6.48e-02	  5.73e-03	0.00000e+00
  6.48e-02	  6.25e-03	0.00000e+00
  6.48e-02	  6.77e-03	0.00000e+00
  6.48e-02	  7.29e-03	-2.35524e-293
  6.48e-02	  7.81e-03	-1.57158e-260
  6.48e-02	  8.33e-03	-1.04818e-227
  6.48e-02	  8.85e-03	-6.98883e-195
  6.48e-02	  9.37e-03	-4.65910e-162
  6.48e-02	  9.90e-03	-3.10594e-129
  6.48e-02	  1.04e-02	-2.07080e-96
  6.48e-02	  1.09e-02	-1.38099e-63
  6.48e-02	  1.15e-02	-9.21293e-31
  6.48e-02	  1.20e-02	-7.34072e+01
  6.48e-02	  1.25e-02	-3.43379e+01
  6.48e-02	  1.30e-02	-3.17384e+01
  6.48e-02	  1.35e-02	-2.93778e+01
  6.48e-02	  1.41e-02	-2.60635e+01
  6.48e-02	  1.46e-02	-1.42722e+01
  6.48e-02	  1.51e-02	7.56947e+00
  6.48e-02	  1.56e-02	1.99281e+01
  6.48e-02	  1.61e-02	2.45125e+01
  6.48e-02	  1.67e-02	2.72667e+01
  6.48e-02	  1.72e-02	2.96563e+01
  6.48e-02	  1.77e-02	3.22245e+01
  6.48e-02	  1.82e-02	6.89359e+01
  6.48e-02	  1.88e-02	8.89638e-31
  6.48e-02	  1.93e-02	1.57252e-63
  6.48e-02	  1.98e-02	-1.62573e-63
  6.48e-02	  2.03e-02	-1.09343e-30
  6.48e-02	  2.08e-02	-7.07866e+01
  6.48e-02	  2.14e-02	-3.29710e+01
  6.48e-02	  2.19e-02	-3.02234e+01
  6.48e-02	  2.24e-02	-2.76034e+01
  6.48e-02	  2.29e-02	-2.46046e+01
  6.48e-02	  2.34e-02	-1.97525e+01
  6.48e-02	  2.40e-02	-8.96263e+00
  6.48e-02	  2.45e-02	7.66707e+00
  6.48e-02	  2.50e-02	1.94608e+01
  6.48e-02	  2.55e-02	2.47742e+01
  6.48e-02	  2.60e-02	2.78957e+01
  6.48e-02	  2.66e-02	3.05345e+01
  6.48e-02	  2.71e-02	3.32743e+01
  6.48e-02	  2.76e-02	7.13693e+01
  6.48e-02	  2.81e-02	9.20026e-31
  6.48e-02	  2.86e-02	1.62171e-63
  6.48e-02	  2.92e-02	-1.53035e-63
  6.48e-02	  2.97e-02	-1.02608e-30
  6.48e-02	  3.02e-02	-6.83539e+01
  6.48e-02	  3.07e-02	-3.19905e+01
  6.48e-02	  3.13e-02	-2.95252e+01
  6.48e-02	  3.18e-02	-2.73131e+01
  6.48e-02	  3.23e-02	-2.49882e+01
  6.48e-02	  3.28e-02	-2.17719e+01
  6.48e-02	  3.33e-02	-1.47557e+01
  6.48e-02	  3.39e-02	1.07610e-01
  6.48e-02	  3.44e-02	1.81337e+01
  6.48e-02	  3.49e-02	2.73340e+01
  6.48e-02	  3.54e-02	3.02677e+01
  6.48e-02	  3.59e-02	3.25375e+01
  6.48e-02	  3.65e-02	3.50209e+01
  6.48e-02	  3.70e-02	7.44795e+01
  6.48e-02	  3.75e-02	7.40072e-31
  6.48e-02	  3.80e-02	1.33937e-63
  6.48e-02	  3.85e-02	1.99799e-96
  6.48e-02	  3.91e-02	2.98154e-129
  6.48e-02	  3.96e-02	4.45079e-162
  6.48e-02	  4.01e-02	6.64605e-195
  6.48e-02	  4.06e-02	9.92653e-228
  6.48e-02	  4.11e-02	1.48288e-260
  6.48e-02	  4.17e-02	2.21540e-293
  6.48e-02	  4.22e-02	0.00000e+00
  6.48e-02	  4.27e-02	0.00000e+00
  6.48e-02	  4.32e-02	0.00000e+00
  6.48e-02	  4.37e-02	0.00000e+00
  6.48e-02	  4.43e-02	0.00000e+00
  6.48e-02	  4.48e-02	0.00000e+00
  6.48e-02	  4.53e-02	0.00000e+00
  6.48e-02	  4.58e-02	0.00000e+00
  6.48e-02	  4.64e-02	0.00000e+00
  6.48e-02	  4.69e-02	0.00000e+00
  6.48e-02	  4.74e-02	0.00000e+00
  6.48e-02	  4.79e-02	0.00000e+00
  6.48e-02	  4.84e-02	0.00000e+00
  6.48e-02	  4.90e-02	0.00000e+00
  6.48e-02	  4.95e-02	0.00000e+00

  6.56e-02	  0.00e+00	0.00000e+00
  6.56e-02	  5.21e-04	0.00000e+00
  6.56e-02	  1.04e-03	0.00000e+00
  6.56e-02	  1.56e-03	0.00000e+00
  6.56e-02	  2.08e-03	0.00000e+00
  6.56e-02	  2.60e-03	0.00000e+00
  6.56e-02	  3.12e-03	0.00000e+00
  6.56e-02	  3.65e-03	0.00000e+00
  6.56e-02	  4.17e-03	0.00000e+00
  6.56e-02	  4.69e-03	0.00000e+00
  6.56e-02	  5.21e-03	0.00000e+00
  6.56e-02	  5.73e-03	0.00000e+00
  6.56e-02	  6.25e-03	0.00000e+00
  6.56e-02	  6.77e-03	0.00000e+00
  6.56e-02	  7.29e-03	-2.44298e-293
  6.56e-02	  7.81e-03	-1.63341e-260
  6.56e-02	  8.33e-03	-1.09128e-227
  6.56e-02	  8.85e-03	-7.28616e-195
  6.56e-02	  9.37e-03	-4.86223e-162
  6.56e-02	  9.90e-03	-3.24344e-129
  6.56e-02	  1.04e-02	-2.16306e-96
  6.56e-02	  1.09e-02	-1.44239e-63
  6.56e-02	  1.15e-02	-9.61855e-31
  6.56e-02	  1.20e-02	-7.33856e+01
  6.56e-02	  1.25e-02	-3.42494e+01
  6.56e-02	  1.30e-02	-3.16197e+01
  6.56e-02	  1.35e-02	-2.92578e+01
  6.56e-02	  1.41e-02	-2.60065e+01
  6.56e-02	  1.46e-02	-1.46929e+01
  6.56e-02	  1.51e-02	7.39863e+00
  6.56e-02	  1.56e-02	1.98433e+01
  6.56e-02	  1.61e-02	2.44324e+01
  6.56e-02	  1.67e-02	2.72147e+01
  6.56e-02	  1.72e-02	2.96493e+01
  6.56e-02	  1.77e-02	3.22634e+01
  6.56e-02	  1.82e-02	6.91262e+01
  6.56e-02	  1.88e-02	9.15390e-31
  6.56e-02	  1.93e-02	1.61573e-63
  6.56e-02	  1.98e-02	-1.64409e-63
  6.56e-02	  2.03e-02	-1.10642e-30
  6.56e-02	  2.08e-02	-7.08541e+01
  6.56e-02	  2.14e-02	-3.29957e+01
  6.56e-02	  2.19e-02	-3.02374e+01
  6.56e-02	  2.24e-02	-2.75944e+01
  6.56e-02	  2.29e-02	-2.45615e+01
  6.56e-02	  2.34e-02	-1.96644e+01
  6.56e-02	  2.40e-02	-8.88626e+00
  6.56e-02	  2.45e-02	7.72411e+00
  6.56e-02	  2.50e-02	1.94190e+01
  6.56e-02	  2.55e-02	2.47217e+01
  6.56e-02	  2.60e-02	2.78582e+01
  6.56e-02	  2.66e-02	3.05135e+01
  6.56e-02	  2.71e-02	3.32622e+01
  6.56e-02	  2.76e-02	7.13667e+01
  6.56e-02	  2.81e-02	9.32338e-31
  6.56e-02	  2.86e-02	1.64116e-63
  6.56e-02	  2.92e-02	-1.56306e-63
  6.56e-02	  2.97e-02	-1.04826e-30
  6.56e-02	  3.02e-02	-6.84427e+01
  6.56e-02	  3.07e-02	-3.20083e+01
  6.56e-02	  3.13e-02	-2.95239e+01
  6.56e-02	  3.18e-02	-2.72981e+01
  6.56e-02	  3.23e-02	-2.49919e+01
  6.56e-02	  3.28e-02	-2.18895e+01
  6.56e-02	  3.33e-02	-1.52315e+01
  6.56e-02	  3.39e-02	3.46301e-01
  6.56e-02	  3.44e-02	1.90570e+01
  6.56e-02	  3.49e-02	2.74098e+01
  6.56e-02	  3.54e-02	3.01643e+01
  6.56e-02	  3.59e-02	3.24043e+01
  6.56e-02	  3.65e-02	3.48951e+01
  6.56e-02	  3.70e-02	7.43191e+01
  6.56e-02	  3.75e-02	7.63841e-31
  6.56e-02	  3.80e-02	1.38115e-63
  6.56e-02	  3.85e-02	2.06198e-96
  6.56e-02	  3.91e-02	3.07919e-129
  6.56e-02	  3.96e-02	4.59909e-162
  6.56e-02	  4.01e-02	6.87002e-195
  6.56e-02	  4.06e-02	1.02625e-227
  6.56e-02	  4.11e-02	1.53292e-260
  6.56e-02	  4.17e-02	2.28931e-293
  6.56e-02	  4.22e-02	0.00000e+00
  6.56e-02	  4.27e-02	0.00000e+00
  6.56e-02	  4.32e-02	0.00000e+00
  6.56e-02	  4.37e-02	0.00000e+00
  6.56e-02	  4.43e-02	0.00000e+00
  6.56e-02	  4.48e-02	0.00000e+00
  6.56e-02	  4.53e-02	0.00000e+00
  6.56e-02	  4.58e-02	0.00000e+00
  6.56e-02	  4.64e-02	0.00000e+00
  6.56e-02	  4.69e-02	0.00000e+00
  6.56e-02	  4.74e-02	0.00000e+00
  6.56e-02	  4.79e-02	0.00000e+00
  6.56e-02	  4.84e-02	0.00000e+00
  6.56e-02	  4.90e-02	0.00000e+00
  6.56e-02	  4.95e-02	0.00000e+00

  6.64e-02	  0.00e+00	0.00000e+00
  6.64e-02	  5.21e-04	0.00000e+00
  6.64e-02	  1.04e-03	0.00000e+00
  6.64e-02	  1.56e-03	0.00000e+00
  6.64e-02	  2.08e-03	0.00000e+00
  6.64e-02	  2.60e-03	0.00000e+00
  6.64e-02	  3.12e-03	0.00000e+00
  6.64e-02	  3.65e-03	0.00000e+00
  6.64e-02	  4.17e-03	0.00000e+00
  6.64e-02	  4.69e-03	0.00000e+00
  6.64e-02	  5.21e-03	0.00000e+00
  6.64e-02	  5.73e-03	0.00000e+00
  6.64e-02	  6.25e-03	0.00000e+00
  6.64e-02	  6.77e-03	0.00000e+00
  6.64e-02	  7.29e-03	-2.51419e-293
  6.64e-02	  7.81e-03	-1.68522e-260
  6.64e-02	  8.33e-03	-1.12851e-227
  6.64e-02	  8.85e-03	-7.55046e-195
  6.64e-02	  9.37e-03	-5.04783e-162
  6.64e-02	  9.90e-03	-3.37242e-129
  6.64e-02	  1.04e-02	-2.25183e-96
  6.64e-02	  1.09e-02	-1.50291e-63
  6.64e-02	  1.15e-02	-1.00275e-30
  6.64e-02	  1.20e-02	-7.33558e+01
  6.64e-02	  1.25e-02	-3.41642e+01
  6.64e-02	  1.30e-02	-3.14973e+01
  6.64e-02	  1.35e-02	-2.91116e+01
  6.64e-02	  1.41e-02	-2.58510e+01
  6.64e-02	  1.46e-02	-1.49974e+01
  6.64e-02	  1.51e-02	7.00248e+00
  6.64e-02	  1.56e-02	1.96246e+01
  6.64e-02	  1.61e-02	2.43183e+01
  6.64e-02	  1.67e-02	2.71617e+01
  6.64e-02	  1.72e-02	2.96571e+01
  6.64e-02	  1.77e-02	3.23265e+01
  6.64e-02	  1.82e-02	6.93745e+01
  6.64e-02	  1.88e-02	9.39940e-31
  6.64e-02	  1.93e-02	1.65668e-63
  6.64e-02	  1.98e-02	-1.65960e-63
  6.64e-02	  2.03e-02	-1.11752e-30
  6.64e-02	  2.08e-02	-7.09280e+01
  6.64e-02	  2.14e-02	-3.30247e+01
  6.64e-02	  2.19e-02	-3.02555e+01
  6.64e-02	  2.24e-02	-2.75871e+01
  6.64e-02	  2.29e-02	-2.45093e+01
  6.64e-02	  2.34e-02	-1.95364e+01
  6.64e-02	  2.40e-02	-8.75729e+00
  6.64e-02	  2.45e-02	7.72882e+00
  6.64e-02	  2.50e-02	1.93277e+01
  6.64e-02	  2.55e-02	2.46580e+01
  6.64e-02	  2.60e-02	2.78236e+01
  6.64e-02	  2.66e-02	3.04989e+01
  6.64e-02	  2.71e-02	3.32574e+01
  6.64e-02	  2.76e-02	7.13761e+01
  6.64e-02	  2.81e-02	9.42949e-31
  6.64e-02	  2.86e-02	1.65773e-63
  6.64e-02	  2.92e-02	-1.59450e-63
  6.64e-02	  2.97e-02	-1.06974e-30
  6.64e-02	  3.02e-02	-6.85729e+01
  6.64e-02	  3.07e-02	-3.20466e+01
  6.64e-02	  3.13e-02	-2.95397e+01
  6.64e-02	  3.18e-02	-2.72939e+01
  6.64e-02	  3.23e-02	-2.49922e+01
  6.64e-02	  3.28e-02	-2.19579e+01
  6.64e-02	  3.33e-02	-1.55469e+01
  6.64e-02	  3.39e-02	6.96690e-01
  6.64e-02	  3.44e-02	1.98535e+01
  6.64e-02	  3.49e-02	2.74324e+01
  6.64e-02	  3.54e-02	3.00604e+01
  6.64e-02	  3.59e-02	3.22718e+01
  6.64e-02	  3.65e-02	3.47694e+01
  6.64e-02	  3.70e-02	7.41561e+01
  6.64e-02	  3.75e-02	7.89315e-31
  6.64e-02	  3.80e-02	1.42510e-63
  6.64e-02	  3.85e-02	2.12846e-96
  6.64e-02	  3.91e-02	3.17912e-129
  6.64e-02	  3.96e-02	4.74827e-162
  6.64e-02	  4.01e-02	7.09098e-195
  6.64e-02	  4.06e-02	1.05871e-227
  6.64e-02	  4.11e-02	1.58016e-260
  6.64e-02	  4.17e-02	2.35740e-293
  6.64e-02	  4.22e-02	0.00000e+00
  6.64e-02	  4.27e-02	0.00000e+00
  6.64e-02	  4.32e-02	0.00000e+00
  6.64e-02	  4.37e-02	0.00000e+00
  6.64e-02	  4.43e-02	0.00000e+00
  6.64e-02	  4.48e-02	0.00000e+00
  6.64e-02	  4.53e-02	0.00000e+00
  6.64e-02	  4.58e-02	0.00000e+00
  6.64e-02	  4.64e-02	0.00000e+00
  6.64e-02	  4.69e-02	0.00000e+00
  6.64e-02	  4.74e-02	0.00000e+00
  6.64e-02	  4.79e-02	0.00000e+00
  6.64e-02	  4.84e-02	0.00000e+00
  6.64e-02	  4.90e-02	0.00000e+00
  6.64e-02	  4.95e-02	0.00000e+00

  6.72e-02	  0.00e+00	0.00000e+00
  6.72e-02	  5.21e-04	0.00000e+00
  6.72e-02	  1.04e-03	0.00000e+00
  6.72e-02	  1.56e-03	0.00000e+00
  6.72e-02	  2.08e-03	0.00000e+00
  6.72e-02	  2.60e-03	0.00000e+00
  6.72e-02	  3.12e-03	0.00000e+00
  6.72e-02	  3.65e-03	0.00000e+00
  6.72e-02	  4.17e-03	0.00000e+00
  6.72e-02	  4.69e-03	0.00000e+00
  6.72e-02	  5.21e-03	0.00000e+00
  6.72e-02	  5.73e-03	0.00000e+00
  6.72e-02	  6.25e-03	0.00000e+00
  6.72e-02	  6.77e-03	0.00000e+00
  6.72e-02	  7.29e-03	-2.56662e-293
  6.72e-02	  7.81e-03	-1.72488e-260
  6.72e-02	  8.33e-03	-1.15802e-227
  6.72e-02	  8.85e-03	-7.76700e-195
  6.72e-02	  9.37e-03	-5.20462e-162
  6.72e-02	  9.90e-03	-3.48459e-129
  6.72e-02	  1.04e-02	-2.33119e-96
  6.72e-02	  1.09e-02	-1.55848e-63
  6.72e-02	  1.15e-02	-1.04127e-30
  6.72e-02	  1.20e-02	-7.33219e+01
  6.72e-02	  1.25e-02	-3.40886e+01
  6.72e-02	  1.30e-02	-3.13771e+01
  6.72e-02	  1.35e-02	-2.89382e+01
  6.72e-02	  1.41e-02	-2.56007e+01
  6.72e-02	  1.46e-02	-1.51657e+01
  6.72e-02	  1.51e-02	6.41241e+00
  6.72e-02	  1.56e-02	1.92803e+01
  6.72e-02	  1.61e-02	2.41694e+01
  6.72e-02	  1.67e-02	2.71076e+01
  6.72e-02	  1.72e-02	2.96793e+01
  6.72e-02	  1.77e-02	3.24122e+01
  6.72e-02	  1.82e-02	6.96732e+01
  6.72e-02	  1.88e-02	9.62444e-31
  6.72e-02	  1.93e-02	1.69393e-63
  6.72e-02	  1.98e-02	-1.67208e-63
  6.72e-02	  2.03e-02	-1.12663e-30
  6.72e-02	  2.08e-02	-7.10059e+01
  6.72e-02	  2.14e-02	-3.30571e+01
  6.72e-02	  2.19e-02	-3.02766e+01
  6.72e-02	  2.24e-02	-2.75805e+01
  6.72e-02	  2.29e-02	-2.44490e+01
  6.72e-02	  2.34e-02	-1.93796e+01
  6.72e-02	  2.40e-02	-8.59378e+00
  6.72e-02	  2.45e-02	7.69537e+00
  6.72e-02	  2.50e-02	1.92013e+01
  6.72e-02	  2.55e-02	2.45850e+01
  6.72e-02	  2.60e-02	2.77909e+01
  6.72e-02	  2.66e-02	3.04898e+01
  6.72e-02	  2.71e-02	3.32586e+01
  6.72e-02	  2.76e-02	7.13948e+01
  6.72e-02	  2.81e-02	9.51765e-31
  6.72e-02	  2.86e-02	1.67123e-63
  6.72e-02	  2.92e-02	-1.62381e-63
  6.72e-02	  2.97e-02	-1.09001e-30
  6.72e-02	  3.02e-02	-6.87435e+01
  6.72e-02	  3.07e-02	-3.21056e+01
  6.72e-02	  3.13e-02	-2.95724e+01
  6.72e-02	  3.18e-02	-2.72995e+01
  6.72e-02	  3.23e-02	-2.49877e+01
  6.72e-02	  3.28e-02	-2.19817e+01
  6.72e-02	  3.33e-02	-1.56973e+01
  6.72e-02	  3.39e-02	1.16674e+00
  6.72e-02	  3.44e-02	2.05064e+01
  6.72e-02	  3.49e-02	2.74069e+01
  6.72e-02	  3.54e-02	2.99496e+01
  6.72e-02	  3.59e-02	3.21399e+01
  6.72e-02	  3.65e-02	3.46464e+01
  6.72e-02	  3.70e-02	7.39905e+01
  6.72e-02	  3.75e-02	8.15684e-31
  6.72e-02	  3.80e-02	1.46926e-63
  6.72e-02	  3.85e-02	2.19398e-96
  6.72e-02	  3.91e-02	3.27559e-129
  6.72e-02	  3.96e-02	4.88905e-162
  6.72e-02	  4.01e-02	7.29455e-195
  6.72e-02	  4.06e-02	1.08786e-227
  6.72e-02	  4.11e-02	1.62145e-260
  6.72e-02	  4.17e-02	2.41524e-293
  6.72e-02	  4.22e-02	0.00000e+00
  6.72e-02	  4.27e-02	0.00000e+00
  6.72e-02	  4.32e-02	0.00000e+00
  6.72e-02	  4.37e-02	0.00000e+00
  6.72e-02	  4.43e-02	0.00000e+00
  6.72e-02	  4.48e-02	0.00000e+00
  6.72e-02	  4.53e-02	0.00000e+00
  6.72e-02	  4.58e-02	0.00000e+00
  6.72e-02	  4.64e-02	0.00000e+00
  6.72e-02	  4.69e-02	0.00000e+00
  6.72e-02	  4.74e-02	0.00000e+00
  6.72e-02	  4.79e-02	0.00000e+00
  6.72e-02	  4.84e-02	0.00000e+00
  6.72e-02	  4.90e-02	0.00000e+00
  6.72e-02	  4.95e-02	0.00000e+00

  6.80e-02	  0.00e+00	0.00000e+00
  6.80e-02	  5.21e-04	0.00000e+00
  6.80e-02	  1.04e-03	0.00000e+00
  6.80e-02	  1.56e-03	0.00000e+00
  6.80e-02	  2.08e-03	0.00000e+00
  6.80e-02	  2.60e-03	0.00000e+00
  6.80e-02	  3.12e-03	0.00000e+00
  6.80e-02	  3.65e-03	0.00000e+00
  6.80e-02	  4.17e-03	0.00000e+00
  6.80e-02	  4.69e-03	0.00000e+00
  6.80e-02	  5.21e-03	0.00000e+00
  6.80e-02	  5.73e-03	0.00000e+00
  6.80e-02	  6.25e-03	0.00000e+00
  6.80e-02	  6.77e-03	0.00000e+00
  6.80e-02	  7.29e-03	-2.60055e-293
  6.80e-02	  7.81e-03	-1.75202e-260
  6.80e-02	  8.33e-03	-1.17919e-227
  6.80e-02	  8.85e-03	-7.92874e-195
  6.80e-02	  9.37e-03	-5.32607e-162
  6.80e-02	  9.90e-03	-3.57443e-129
  6.80e-02	  1.04e-02	-2.39674e-96
  6.80e-02	  1.09e-02	-1.60573e-63
  6.80e-02	  1.15e-02	-1.07494e-30
  6.80e-02	  1.20e-02	-7.32884e+01
  6.80e-02	  1.25e-02	-3.40270e+01
  6.80e-02	  1.30e-02	-3.12642e+01
  6.80e-02	  1.35e-02	-2.87412e+01
  6.80e-02	  1.41e-02	-2.52676e+01
  6.80e-02	  1.46e-02	-1.51892e+01
  6.80e-02	  1.51e-02	5.68233e+00
  6.80e-02	  1.56e-02	1.88219e+01
  6.80e-02	  1.61e-02	2.39866e+01
  6.80e-02	  1.67e-02	2.70534e+01
  6.80e-02	  1.72e-02	2.97158e+01
  6.80e-02	  1.77e-02	3.25179e+01
  6.80e-02	  1.82e-02	7.00121e+01
  6.80e-02	  1.88e-02	9.82066e-31
  6.80e-02	  1.93e-02	1.72609e-63
  6.80e-02	  1.98e-02	-1.68134e-63
  6.80e-02	  2.03e-02	-1.13364e-30
  6.80e-02	  2.08e-02	-7.10853e+01
  6.80e-02	  2.14e-02	-3.30920e+01
  6.80e-02	  2.19e-02	-3.03000e+01
  6.80e-02	  2.24e-02	-2.75740e+01
  6.80e-02	  2.29e-02	-2.43817e+01
  6.80e-02	  2.34e-02	-1.92035e+01
  6.80e-02	  2.40e-02	-8.41071e+00
  6.80e-02	  2.45e-02	7.63591e+00
  6.80e-02	  2.50e-02	1.90513e+01
  6.80e-02	  2.55e-02	2.45045e+01
  6.80e-02	  2.60e-02	2.77596e+01
  6.80e-02	  2.66e-02	3.04852e+01
  6.80e-02	  2.71e-02	3.32648e+01
  6.80e-02	  2.76e-02	7.14202e+01
  6.80e-02	  2.81e-02	9.58670e-31
  6.80e-02	  2.86e-02	1.68142e-63
  6.80e-02	  2.92e-02	-1.65010e-63
  6.80e-02	  2.97e-02	-1.10846e-30
  6.80e-02	  3.02e-02	-6.89518e+01
  6.80e-02	  3.07e-02	-3.21845e+01
  6.80e-02	  3.13e-02	-2.96218e+01
  6.80e-02	  3.18e-02	-2.73143e+01
  6.80e-02	  3.23e-02	-2.49773e+01
  6.80e-02	  3.28e-02	-2.19628e+01
  6.80e-02	  3.33e-02	-1.56802e+01
  6.80e-02	  3.39e-02	1.75063e+00
  6.80e-02	  3.44e-02	2.09996e+01
  6.80e-02	  3.49e-02	2.73348e+01
  6.80e-02	  3.54e-02	2.98275e+01
  6.80e-02	  3.59e-02	3.20102e+01
  6.80e-02	  3.65e-02	3.45293e+01
  6.80e-02	  3.70e-02	7.38230e+01
  6.80e-02	  3.75e-02	8.41645e-31
  6.80e-02	  3.80e-02	1.51119e-63
  6.80e-02	  3.85e-02	2.25477e-96
  6.80e-02	  3.91e-02	3.36290e-129
  6.80e-02	  3.96e-02	5.01321e-162
  6.80e-02	  4.01e-02	7.46920e-195
  6.80e-02	  4.06e-02	1.11214e-227
  6.80e-02	  4.11e-02	1.65479e-260
  6.80e-02	  4.17e-02	2.46037e-293
  6.80e-02	  4.22e-02	0.00000e+00
  6.80e-02	  4.27e-02	0.00000e+00
  6.80e-02	  4.32e-02	0.00000e+00
  6.80e-02	  4.37e-02	0.00000e+00
  6.80e-02	  4.43e-02	0.00000e+00
  6.80e-02	  4.48e-02	0.00000e+00
  6.80e-02	  4.53e-02	0.00000e+00
  6.80e-02	  4.58e-02	0.00000e+00
  6.80e-02	  4.64e-02	0.00000e+00
  6.80e-02	  4.69e-02	0.00000e+00
  6.80e-02	  4.74e-02	0.00000e+00
  6.80e-02	  4.79e-02	0.00000e+00
  6.80e-02	  4.84e-02	0.00000e+00
  6.80e-02	  4.90e-02	0.00000e+00
  6.80e-02	  4.95e-02	0.00000e+00

  6.87e-02	  0.00e+00	0.00000e+00
  6.87e-02	  5.21e-04	0.00000e+00
  6.87e-02	  1.04e-03	0.00000e+00
  6.87e-02	  1.56e-03	0.00000e+00
  6.87e-02	  2.08e-03	0.00000e+00
  6.87e-02	  2.60e-03	0.00000e+00
  6.87e-02	  3.12e-03	0.00000e+00
  6.87e-02	  3.65e-03	0.00000e+00
  6.87e-02	  4.17e-03	0.00000e+00
  6.87e-02	  4.69e-03	0.00000e+00
  6.87e-02	  5.21e-03	0.00000e+00
  6.87e-02	  5.73e-03	0.00000e+00
  6.87e-02	  6.25e-03	0.00000e+00
  6.87e-02	  6.77e-03	0.00000e+00
  6.87e-02	  7.29e-03	-2.61813e-293
  6.87e-02	  7.81e-03	-1.76768e-260
  6.87e-02	  8.33e-03	-1.19240e-227
  6.87e-02	  8.85e-03	-8.03604e-195
  6.87e-02	  9.37e-03	-5.41080e-162
  6.87e-02	  9.90e-03	-3.63983e-129
  6.87e-02	  1.04e-02	-2.44629e-96
  6.87e-02	  1.09e-02	-1.64268e-63
  6.87e-02	  1.15e-02	-1.10211e-30
  6.87e-02	  1.20e-02	-7.32595e+01
  6.87e-02	  1.25e-02	-3.39809e+01
  6.87e-02	  1.30e-02	-3.11624e+01
  6.87e-02	  1.35e-02	-2.85287e+01
  6.87e-02	  1.41e-02	-2.48724e+01
  6.87e-02	  1.46e-02	-1.50781e+01
  6.87e-02	  1.51e-02	4.88014e+00
  6.87e-02	  1.56e-02	1.82674e+01
  6.87e-02	  1.61e-02	2.37730e+01
  6.87e-02	  1.67e-02	2.70005e+01
  6.87e-02	  1.72e-02	2.97659e+01
  6.87e-02	  1.77e-02	3.26401e+01
  6.87e-02	  1.82e-02	7.03783e+01
  6.87e-02	  1.88e-02	9.98106e-31
  6.87e-02	  1.93e-02	1.75205e-63
  6.87e-02	  1.98e-02	-1.68723e-63
  6.87e-02	  2.03e-02	-1.13842e-30
  6.87e-02	  2.08e-02	-7.11637e+01
  6.87e-02	  2.14e-02	-3.31285e+01
  6.87e-02	  2.19e-02	-3.03254e+01
  6.87e-02	  2.24e-02	-2.75674e+01
  6.87e-02	  2.29e-02	-2.43093e+01
  6.87e-02	  2.34e-02	-1.90162e+01
  6.87e-02	  2.40e-02	-8.21988e+00
  6.87e-02	  2.45e-02	7.56018e+00
  6.87e-02	  2.50e-02	1.88871e+01
  6.87e-02	  2.55e-02	2.44188e+01
  6.87e-02	  2.60e-02	2.77296e+01
  6.87e-02	  2.66e-02	3.04846e+01
  6.87e-02	  2.71e-02	3.32753e+01
  6.87e-02	  2.76e-02	7.14496e+01
  6.87e-02	  2.81e-02	9.63551e-31
  6.87e-02	  2.86e-02	1.68812e-63
  6.87e-02	  2.92e-02	-1.67251e-63
  6.87e-02	  2.97e-02	-1.12452e-30
  6.87e-02	  3.02e-02	-6.91934e+01
  6.87e-02	  3.07e-02	-3.22818e+01
  6.87e-02	  3.13e-02	-2.96869e+01
  6.87e-02	  3.18e-02	-2.73378e+01
  6.87e-02	  3.23e-02	-2.49605e+01
  6.87e-02	  3.28e-02	-2.19013e+01
  6.87e-02	  3.33e-02	-1.54971e+01
  6.87e-02	  3.39e-02	2.42586e+00
  6.87e-02	  3.44e-02	2.13229e+01
  6.87e-02	  3.49e-02	2.72183e+01
  6.87e-02	  3.54e-02	2.96931e+01
  6.87e-02	  3.59e-02	3.18854e+01
  6.87e-02	  3.65e-02	3.44209e+01
  6.87e-02	  3.70e-02	7.36552e+01
  6.87e-02	  3.75e-02	8.65669e-31
  6.87e-02	  3.80e-02	1.54843e-63
  6.87e-02	  3.85e-02	2.30736e-96
  6.87e-02	  3.91e-02	3.43634e-129
  6.87e-02	  3.96e-02	5.11456e-162
  6.87e-02	  4.01e-02	7.60724e-195
  6.87e-02	  4.06e-02	1.13067e-227
  6.87e-02	  4.11e-02	1.67925e-260
  6.87e-02	  4.17e-02	2.49206e-293
  6.87e-02	  4.22e-02	0.00000e+00
  6.87e-02	  4.27e-02	0.00000e+00
  6.87e-02	  4.32e-02	0.00000e+00
  6.87e-02	  4.37e-02	0.00000e+00
  6.87e-02	  4.43e-02	0.00000e+00
  6.87e-02	  4.48e-02	0.00000e+00
  6.87e-02	  4.53e-02	0.00000e+00
  6.87e-02	  4.58e-02	0.00000e+00
  6.87e-02	  4.64e-02	0.00000e+00
  6.87e-02	  4.69e-02	0.00000e+00
  6.87e-02	  4.74e-02	0.00000e+00
  6.87e-02	  4.79e-02	0.00000e+00
  6.87e-02	  4.84e-02	0.00000e+00
  6.87e-02	  4.90e-02	0.00000e+00
  6.87e-02	  4.95e-02	0.00000e+00

  6.95e-02	  0.00e+00	0.00000e+00
  6.95e-02	  5.21e-04	0.00000e+00
  6.95e-02	  1.04e-03	0.00000e+00
  6.95e-02	  1.56e-03	0.00000e+00
  6.95e-02	  2.08e-03	0.00000e+00
  6.95e-02	  2.60e-03	0.00000e+00
  6.95e-02	  3.12e-03	0.00000e+00
  6.95e-02	  3.65e-03	0.00000e+00
  6.95e-02	  4.17e-03	0.00000e+00
  6.95e-02	  4.69e-03	0.00000e+00
  6.95e-02	  5.21e-03	0.00000e+00
  6.95e-02	  5.73e-03	0.00000e+00
  6.95e-02	  6.25e-03	0.00000e+00
  6.95e-02	  6.77e-03	0.00000e+00
  6.95e-02	  7.29e-03	-2.62259e-293
  6.95e-02	  7.81e-03	-1.77379e-260
  6.95e-02	  8.33e-03	-1.19876e-227
  6.95e-02	  8.85e-03	-8.09484e-195
  6.95e-02	  9.37e-03	-5.46163e-162
  6.95e-02	  9.90e-03	-3.68186e-129
  6.95e-02	  1.04e-02	-2.47994e-96
  6.95e-02	  1.09e-02	-1.66894e-63
  6.95e-02	  1.15e-02	-1.12221e-30
  6.95e-02	  1.20e-02	-7.32374e+01
  6.95e-02	  1.25e-02	-3.39493e+01
  6.95e-02	  1.30e-02	-3.10736e+01
  6.95e-02	  1.35e-02	-2.83101e+01
  6.95e-02	  1.41e-02	-2.44404e+01
  6.95e-02	  1.46e-02	-1.48603e+01
  6.95e-02	  1.51e-02	4.07438e+00
  6.95e-02	  1.56e-02	1.76422e+01
  6.95e-02	  1.61e-02	2.35338e+01
  6.95e-02	  1.67e-02	2.69506e+01
  6.95e-02	  1.72e-02	2.98282e+01
  6.95e-02	  1.77e-02	3.27743e+01
  6.95e-02	  1.82e-02	7.07577e+01
  6.95e-02	  1.88e-02	1.01010e-30
  6.95e-02	  1.93e-02	1.77111e-63
  6.95e-02	  1.98e-02	-1.68971e-63
  6.95e-02	  2.03e-02	-1.14093e-30
  6.95e-02	  2.08e-02	-7.12385e+01
  6.95e-02	  2.14e-02	-3.31657e+01
  6.95e-02	  2.19e-02	-3.03523e+01
  6.95e-02	  2.24e-02	-2.75613e+01
  6.95e-02	  2.29e-02	-2.42339e+01
  6.95e-02	  2.34e-02	-1.88249e+01
  6.95e-02	  2.40e-02	-8.03016e+00
  6.95e-02	  2.45e-02	7.47566e+00
  6.95e-02	  2.50e-02	1.87165e+01
  6.95e-02	  2.55e-02	2.43304e+01
  6.95e-02	  2.60e-02	2.77016e+01
  6.95e-02	  2.66e-02	3.04878e+01
  6.95e-02	  2.71e-02	3.32892e+01
  6.95e-02	  2.76e-02	7.14806e+01
  6.95e-02	  2.81e-02	9.66341e-31
  6.95e-02	  2.86e-02	1.69125e-63
  6.95e-02	  2.92e-02	-1.69042e-63
  6.95e-02	  2.97e-02	-1.13771e-30
  6.95e-02	  3.02e-02	-6.94619e+01
  6.95e-02	  3.07e-02	-3.23948e+01
  6.95e-02	  3.13e-02	-2.97665e+01
  6.95e-02	  3.18e-02	-2.73697e+01
  6.95e-02	  3.23e-02	-2.49374e+01
  6.95e-02	  3.28e-02	-2.17969e+01
  6.95e-02	  3.33e-02	-1.51555e+01
  6.95e-02	  3.39e-02	3.15472e+00
  6.95e-02	  3.44e-02	2.14777e+01
  6.95e-02	  3.49e-02	2.70617e+01
  6.95e-02	  3.54e-02	2.95492e+01
  6.95e-02	  3.59e-02	3.17685e+01
  6.95e-02	  3.65e-02	3.43233e+01
  6.95e-02	  3.70e-02	7.34891e+01
  6.95e-02	  3.75e-02	8.86393e-31
  6.95e-02	  3.80e-02	1.57912e-63
  6.95e-02	  3.85e-02	2.34939e-96
  6.95e-02	  3.91e-02	3.49313e-129
  6.95e-02	  3.96e-02	5.19011e-162
  6.95e-02	  4.01e-02	7.70600e-195
  6.95e-02	  4.06e-02	1.14331e-227
  6.95e-02	  4.11e-02	1.69504e-260
  6.95e-02	  4.17e-02	2.51115e-293
  6.95e-02	  4.22e-02	0.00000e+00
  6.95e-02	  4.27e-02	0.00000e+00
  6.95e-02	  4.32e-02	0.00000e+00
  6.95e-02	  4.37e-02	0.00000e+00
  6.95e-02	  4.43e-02	0.00000e+00
  6.95e-02	  4.48e-02	0.00000e+00
  6.95e-02	  4.53e-02	0.00000e+00
  6.95e-02	  4.58e-02	0.00000e+00
  6.95e-02	  4.64e-02	0.00000e+00
  6.95e-02	  4.69e-02	0.00000e+00
  6.95e-02	  4.74e-02	0.00000e+00
  6.95e-02	  4.79e-02	0.00000e+00
  6.95e-02	  4.84e-02	0.00000e+00
  6.95e-02	  4.90e-02	0.00000e+00
  6.95e-02	  4.95e-02	0.00000e+00

  7.03e-02	  0.00e+00	0.00000e+00
  7.03e-02	  5.21e-04	0.00000e+00
  7.03e-02	  1.04e-03	0.00000e+00
  7.03e-02	  1.56e-03	0.00000e+00
  7.03e-02	  2.08e-03	0.00000e+00
  7.03e-02	  2.60e-03	0.00000e+00
  7.03e-02	  3.12e-03	0.00000e+00
  7.03e-02	  3.65e-03	0.00000e+00
  7.03e-02	  4.17e-03	0.00000e+00
  7.03e-02	  4.69e-03	0.00000e+00
  7.03e-02	  5.21e-03	0.00000e+00
  7.03e-02	  5.73e-03	0.00000e+00
  7.03e-02	  6.25e-03	0.00000e+00
  7.03e-02	  6.77e-03	0.00000e+00
  7.03e-02	  7.29e-03	-2.61749e-293
  7.03e-02	  7.81e-03	-1.77267e-260
  7.03e-02	  8.33e-03	-1.19974e-227
  7.03e-02	  8.85e-03	-8.11425e-195
  7.03e-02	  9.37e-03	-5.48402e-162
  7.03e-02	  9.90e-03	-3.70363e-129
  7.03e-02	  1.04e-02	-2.49933e-96
  7.03e-02	  1.09e-02	-1.68532e-63
  7.03e-02	  1.15e-02	-1.13552e-30
  7.03e-02	  1.20e-02	-7.32226e+01
  7.03e-02	  1.25e-02	-3.39295e+01
  7.03e-02	  1.30e-02	-3.09977e+01
  7.03e-02	  1.35e-02	-2.80947e+01
  7.03e-02	  1.41e-02	-2.39978e+01
  7.03e-02	  1.46e-02	-1.45740e+01
  7.03e-02	  1.51e-02	3.32075e+00
  7.03e-02	  1.56e-02	1.69782e+01
  7.03e-02	  1.61e-02	2.32760e+01
  7.03e-02	  1.67e-02	2.69047e+01
  7.03e-02	  1.72e-02	2.99005e+01
  7.03e-02	  1.77e-02	3.29156e+01
  7.03e-02	  1.82e-02	7.11364e+01
  7.03e-02	  1.88e-02	1.01787e-30
  7.03e-02	  1.93e-02	1.78304e-63
  7.03e-02	  1.98e-02	-1.68885e-63
  7.03e-02	  2.03e-02	-1.14120e-30
  7.03e-02	  2.08e-02	-7.13075e+01
  7.03e-02	  2.14e-02	-3.32027e+01
  7.03e-02	  2.19e-02	-3.03804e+01
  7.03e-02	  2.24e-02	-2.75562e+01
  7.03e-02	  2.29e-02	-2.41582e+01
  7.03e-02	  2.34e-02	-1.86358e+01
  7.03e-02	  2.40e-02	-7.84810e+00
  7.03e-02	  2.45e-02	7.38796e+00
  7.03e-02	  2.50e-02	1.85461e+01
  7.03e-02	  2.55e-02	2.42423e+01
  7.03e-02	  2.60e-02	2.76762e+01
  7.03e-02	  2.66e-02	3.04945e+01
  7.03e-02	  2.71e-02	3.33055e+01
  7.03e-02	  2.76e-02	7.15107e+01
  7.03e-02	  2.81e-02	9.67045e-31
  7.03e-02	  2.86e-02	1.69090e-63
  7.03e-02	  2.92e-02	-1.70345e-63
  7.03e-02	  2.97e-02	-1.14771e-30
  7.03e-02	  3.02e-02	-6.97499e+01
  7.03e-02	  3.07e-02	-3.25203e+01
  7.03e-02	  3.13e-02	-2.98586e+01
  7.03e-02	  3.18e-02	-2.74095e+01
  7.03e-02	  3.23e-02	-2.49084e+01
  7.03e-02	  3.28e-02	-2.16494e+01
  7.03e-02	  3.33e-02	-1.46715e+01
  7.03e-02	  3.39e-02	3.89083e+00
  7.03e-02	  3.44e-02	2.14794e+01
  7.03e-02	  3.49e-02	2.68726e+01
  7.03e-02	  3.54e-02	2.94011e+01
  7.03e-02	  3.59e-02	3.16619e+01
  7.03e-02	  3.65e-02	3.42370e+01
  7.03e-02	  3.70e-02	7.33269e+01
  7.03e-02	  3.75e-02	9.02919e-31
  7.03e-02	  3.80e-02	1.60232e-63
  7.03e-02	  3.85e-02	2.37998e-96
  7.03e-02	  3.91e-02	3.53270e-129
  7.03e-02	  3.96e-02	5.24015e-162
  7.03e-02	  4.01e-02	7.76753e-195
  7.03e-02	  4.06e-02	1.15060e-227
  7.03e-02	  4.11e-02	1.70323e-260
  7.03e-02	  4.17e-02	2.51964e-293
  7.03e-02	  4.22e-02	0.00000e+00
  7.03e-02	  4.27e-02	0.00000e+00
  7.03e-02	  4.32e-02	0.00000e+00
  7.03e-02	  4.37e-02	0.00000e+00
  7.03e-02	  4.43e-02	0.00000e+00
  7.03e-02	  4.48e-02	0.00000e+00
  7.03e-02	  4.53e-02	0.00000e+00
  7.03e-02	  4.58e-02	0.00000e+00
  7.03e-02	  4.64e-02	0.00000e+00
  7.03e-02	  4.69e-02	0.00000e+00
  7.03e-02	  4.74e-02	0.00000e+00
  7.03e-02	  4.79e-02	0.00000e+00
  7.03e-02	  4.84e-02	0.00000e+00
  7.03e-02	  4.90e-02	0.00000e+00
  7.03e-02	  4.95e-02	0.00000e+00

  7.11e-02	  0.00e+00	0.00000e+00
  7.11e-02	  5.21e-04	0.00000e+00
  7.11e-02	  1.04e-03	0.00000e+00
  7.11e-02	  1.56e-03	0.00000e+00
  7.11e-02	  2.08e-03	0.00000e+00
  7.11e-02	  2.60e-03	0.00000e+00
  7.11e-02	  3.12e-03	0.00000e+00
  7.11e-02	  3.65e-03	0.00000e+00
  7.11e-02	  4.17e-03	0.00000e+00
  7.11e-02	  4.69e-03	0.00000e+00
  7.11e-02	  5.21e-03	0.00000e+00
  7.11e-02	  5.73e-03	0.00000e+00
  7.11e-02	  6.25e-03	0.00000e+00
  7.11e-02	  6.77e-03	0.00000e+00
  7.11e-02	  7.29e-03	-2.60629e-293
  7.11e-02	  7.81e-03	-1.76664e-260
  7.11e-02	  8.33e-03	-1.19688e-227
  7.11e-02	  8.85e-03	-8.10436e-195
  7.11e-02	  9.37e-03	-5.48444e-162
  7.11e-02	  9.90e-03	-3.70917e-129
  7.11e-02	  1.04e-02	-2.50691e-96
  7.11e-02	  1.09e-02	-1.69320e-63
  7.11e-02	  1.15e-02	-1.14281e-30
  7.11e-02	  1.20e-02	-7.32131e+01
  7.11e-02	  1.25e-02	-3.39182e+01
  7.11e-02	  1.30e-02	-3.09336e+01
  7.11e-02	  1.35e-02	-2.78907e+01
  7.11e-02	  1.41e-02	-2.35682e+01
  7.11e-02	  1.46e-02	-1.42586e+01
  7.11e-02	  1.51e-02	2.65397e+00
  7.11e-02	  1.56e-02	1.63089e+01
  7.11e-02	  1.61e-02	2.30084e+01
  7.11e-02	  1.67e-02	2.68637e+01
  7.11e-02	  1.72e-02	2.99800e+01
  7.11e-02	  1.77e-02	3.30591e+01
  7.11e-02	  1.82e-02	7.15021e+01
  7.11e-02	  1.88e-02	1.02151e-30
  7.11e-02	  1.93e-02	1.78809e-63
  7.11e-02	  1.98e-02	-1.68491e-63
  7.11e-02	  2.03e-02	-1.13934e-30
  7.11e-02	  2.08e-02	-7.13685e+01
  7.11e-02	  2.14e-02	-3.32386e+01
  7.11e-02	  2.19e-02	-3.04094e+01
  7.11e-02	  2.24e-02	-2.75532e+01
  7.11e-02	  2.29e-02	-2.40854e+01
  7.11e-02	  2.34e-02	-1.84547e+01
  7.11e-02	  2.40e-02	-7.67849e+00
  7.11e-02	  2.45e-02	7.30135e+00
  7.11e-02	  2.50e-02	1.83816e+01
  7.11e-02	  2.55e-02	2.41576e+01
  7.11e-02	  2.60e-02	2.76545e+01
  7.11e-02	  2.66e-02	3.05044e+01
  7.11e-02	  2.71e-02	3.33233e+01
  7.11e-02	  2.76e-02	7.15379e+01
  7.11e-02	  2.81e-02	9.65759e-31
  7.11e-02	  2.86e-02	1.68730e-63
  7.11e-02	  2.92e-02	-1.71152e-63
  7.11e-02	  2.97e-02	-1.15441e-30
  7.11e-02	  3.02e-02	-7.00490e+01
  7.11e-02	  3.07e-02	-3.26543e+01
  7.11e-02	  3.13e-02	-2.99606e+01
  7.11e-02	  3.18e-02	-2.74565e+01
  7.11e-02	  3.23e-02	-2.48743e+01
  7.11e-02	  3.28e-02	-2.14606e+01
  7.11e-02	  3.33e-02	-1.40706e+01
  7.11e-02	  3.39e-02	4.58916e+00
  7.11e-02	  3.44e-02	2.13567e+01
  7.11e-02	  3.49e-02	2.66610e+01
  7.11e-02	  3.54e-02	2.92547e+01
  7.11e-02	  3.59e-02	3.15669e+01
  7.11e-02	  3.65e-02	3.41616e+01
  7.11e-02	  3.70e-02	7.31708e+01
  7.11e-02	  3.75e-02	9.14918e-31
  7.11e-02	  3.80e-02	1.61804e-63
  7.11e-02	  3.85e-02	2.39960e-96
  7.11e-02	  3.91e-02	3.55641e-129
  7.11e-02	  3.96e-02	5.26759e-162
  7.11e-02	  4.01e-02	7.79731e-195
  7.11e-02	  4.06e-02	1.15350e-227
  7.11e-02	  4.11e-02	1.70545e-260
  7.11e-02	  4.17e-02	2.52013e-293
  7.11e-02	  4.22e-02	0.00000e+00
  7.11e-02	  4.27e-02	0.00000e+00
  7.11e-02	  4.32e-02	0.00000e+00
  7.11e-02	  4.37e-02	0.00000e+00
  7.11e-02	  4.43e-02	0.00000e+00
  7.11e-02	  4.48e-02	0.00000e+00
  7.11e-02	  4.53e-02	0.00000e+00
  7.11e-02	  4.58e-02	0.00000e+00
  7.11e-02	  4.64e-02	0.00000e+00
  7.11e-02	  4.69e-02	0.00000e+00
  7.11e-02	  4.74e-02	0.00000e+00
  7.11e-02	  4.79e-02	0.00000e+00
  7.11e-02	  4.84e-02	0.00000e+00
  7.11e-02	  4.90e-02	0.00000e+00
  7.11e-02	  4.95e-02	0.00000e+00

  7.19e-02	  0.00e+00	0.00000e+00
  7.19e-02	  5.21e-04	0.00000e+00
  7.19e-02	  1.04e-03	0.00000e+00
  7.19e-02	  1.56e-03	0.00000e+00
  7.19e-02	  2.08e-03	0.00000e+00
  7.19e-02	  2.60e-03	0.00000e+00
  7.19e-02	  3.12e-03	0.00000e+00
  7.19e-02	  3.65e-03	0.00000e+00
  7.19e-02	  4.17e-03	0.00000e+00
  7.19e-02	  4.69e-03	0.00000e+00
  7.19e-02	  5.21e-03	0.00000e+00
  7.19e-02	  5.73e-03	0.00000e+00
  7.19e-02	  6.25e-03	0.00000e+00
  7.19e-02	  6.77e-03	0.00000e+00
  7.19e-02	  7.29e-03	-2.59198e-293
  7.19e-02	  7.81e-03	-1.75781e-260
  7.19e-02	  8.33e-03	-1.19165e-227
  7.19e-02	  8.85e-03	-8.07506e-195
  7.19e-02	  9.37e-03	-5.46949e-162
  7.19e-02	  9.90e-03	-3.70285e-129
  7.19e-02	  1.04e-02	-2.50552e-96
  7.19e-02	  1.09e-02	-1.69441e-63
  7.19e-02	  1.15e-02	-1.14520e-30
  7.19e-02	  1.20e-02	-7.32058e+01
  7.19e-02	  1.25e-02	-3.39117e+01
  7.19e-02	  1.30e-02	-3.08794e+01
  7.19e-02	  1.35e-02	-2.77040e+01
  7.19e-02	  1.41e-02	-2.31703e+01
  7.19e-02	  1.46e-02	-1.39475e+01
  7.19e-02	  1.51e-02	2.08709e+00
  7.19e-02	  1.56e-02	1.56650e+01
  7.19e-02	  1.61e-02	2.27409e+01
  7.19e-02	  1.67e-02	2.68281e+01
  7.19e-02	  1.72e-02	3.00637e+01
  7.19e-02	  1.77e-02	3.32002e+01
  7.19e-02	  1.82e-02	7.18448e+01
  7.19e-02	  1.88e-02	1.02135e-30
  7.19e-02	  1.93e-02	1.78689e-63
  7.19e-02	  1.98e-02	-1.67828e-63
  7.19e-02	  2.03e-02	-1.13560e-30
  7.19e-02	  2.08e-02	-7.14198e+01
  7.19e-02	  2.14e-02	-3.32724e+01
  7.19e-02	  2.19e-02	-3.04388e+01
  7.19e-02	  2.24e-02	-2.75531e+01
  7.19e-02	  2.29e-02	-2.40182e+01
  7.19e-02	  2.34e-02	-1.82867e+01
  7.19e-02	  2.40e-02	-7.52479e+00
  7.19e-02	  2.45e-02	7.21908e+00
  7.19e-02	  2.50e-02	1.82278e+01
  7.19e-02	  2.55e-02	2.40794e+01
  7.19e-02	  2.60e-02	2.76375e+01
  7.19e-02	  2.66e-02	3.05172e+01
  7.19e-02	  2.71e-02	3.33417e+01
  7.19e-02	  2.76e-02	7.15603e+01
  7.19e-02	  2.81e-02	9.62673e-31
  7.19e-02	  2.86e-02	1.68084e-63
  7.19e-02	  2.92e-02	-1.71485e-63
  7.19e-02	  2.97e-02	-1.15788e-30
  7.19e-02	  3.02e-02	-7.03510e+01
  7.19e-02	  3.07e-02	-3.27930e+01
  7.19e-02	  3.13e-02	-3.00698e+01
  7.19e-02	  3.18e-02	-2.75096e+01
  7.19e-02	  3.23e-02	-2.48359e+01
  7.19e-02	  3.28e-02	-2.12342e+01
  7.19e-02	  3.33e-02	-1.33869e+01
  7.19e-02	  3.39e-02	5.21533e+00
  7.19e-02	  3.44e-02	2.11453e+01
  7.19e-02	  3.49e-02	2.64379e+01
  7.19e-02	  3.54e-02	2.91153e+01
  7.19e-02	  3.59e-02	3.14836e+01
  7.19e-02	  3.65e-02	3.40956e+01
  7.19e-02	  3.70e-02	7.30222e+01
  7.19e-02	  3.75e-02	9.22622e-31
  7.19e-02	  3.80e-02	1.62708e-63
  7.19e-02	  3.85e-02	2.40977e-96
  7.19e-02	  3.91e-02	3.56697e-129
  7.19e-02	  3.96e-02	5.27700e-162
  7.19e-02	  4.01e-02	7.80277e-195
  7.19e-02	  4.06e-02	1.15318e-227
  7.19e-02	  4.11e-02	1.70351e-260
  7.19e-02	  4.17e-02	2.51538e-293
  7.19e-02	  4.22e-02	0.00000e+00
  7.19e-02	  4.27e-02	0.00000e+00
  7.19e-02	  4.32e-02	0.00000e+00
  7.19e-02	  4.37e-02	0.00000e+00
  7.19e-02	  4.43e-02	0.00000e+00
  7.19e-02	  4.48e-02	0.00000e+00
  7.19e-02	  4.53e-02	0.00000e+00
  7.19e-02	  4.58e-02	0.00000e+00
  7.19e-02	  4.64e-02	0.00000e+00
  7.19e-02	  4.69e-02	0.00000e+00
  7.19e-02	  4.74e-02	0.00000e+00
  7.19e-02	  4.79e-02	0.00000e+00
  7.19e-02	  4.84e-02	0.00000e+00
  7.19e-02	  4.90e-02	0.00000e+00
  7.19e-02	  4.95e-02	0.00000e+00

  7.27e-02	  0.00e+00	0.00000e+00
  7.27e-02	  5.21e-04	0.00000e+00
  7.27e-02	  1.04e-03	0.00000e+00
  7.27e-02	  1.56e-03	0.00000e+00
  7.27e-02	  2.08e-03	0.00000e+00
  7.27e-02	  2.60e-03	0.00000e+00
  7.27e-02	  3.12e-03	0.00000e+00
  7.27e-02	  3.65e-03	0.00000e+00
  7.27e-02	  4.17e-03	0.00000e+00
  7.27e-02	  4.69e-03	0.00000e+00
  7.27e-02	  5.21e-03	0.00000e+00
  7.27e-02	  5.73e-03	0.00000e+00
  7.27e-02	  6.25e-03	0.00000e+00
  7.27e-02	  6.77e-03	0.00000e+00
  7.27e-02	  7.29e-03	-2.57704e-293
  7.27e-02	  7.81e-03	-1.74794e-260
  7.27e-02	  8.33e-03	-1.18529e-227
  7.27e-02	  8.85e-03	-8.03518e-195
  7.27e-02	  9.37e-03	-5.44533e-162
  7.27e-02	  9.90e-03	-3.68889e-129
  7.27e-02	  1.04e-02	-2.49800e-96
  7.27e-02	  1.09e-02	-1.69083e-63
  7.27e-02	  1.15e-02	-1.14394e-30
  7.27e-02	  1.20e-02	-7.31963e+01
  7.27e-02	  1.25e-02	-3.39067e+01
  7.27e-02	  1.30e-02	-3.08332e+01
  7.27e-02	  1.35e-02	-2.75389e+01
  7.27e-02	  1.41e-02	-2.28174e+01
  7.27e-02	  1.46e-02	-1.36653e+01
  7.27e-02	  1.51e-02	1.61647e+00
  7.27e-02	  1.56e-02	1.50694e+01
  7.27e-02	  1.61e-02	2.24831e+01
  7.27e-02	  1.67e-02	2.67984e+01
  7.27e-02	  1.72e-02	3.01487e+01
  7.27e-02	  1.77e-02	3.33351e+01
  7.27e-02	  1.82e-02	7.21574e+01
  7.27e-02	  1.88e-02	1.01792e-30
  7.27e-02	  1.93e-02	1.78038e-63
  7.27e-02	  1.98e-02	-1.66948e-63
  7.27e-02	  2.03e-02	-1.13028e-30
  7.27e-02	  2.08e-02	-7.14600e+01
  7.27e-02	  2.14e-02	-3.33030e+01
  7.27e-02	  2.19e-02	-3.04682e+01
  7.27e-02	  2.24e-02	-2.75566e+01
  7.27e-02	  2.29e-02	-2.39597e+01
  7.27e-02	  2.34e-02	-1.81363e+01
  7.27e-02	  2.40e-02	-7.38947e+00
  7.27e-02	  2.45e-02	7.14378e+00
  7.27e-02	  2.50e-02	1.80890e+01
  7.27e-02	  2.55e-02	2.40105e+01
  7.27e-02	  2.60e-02	2.76260e+01
  7.27e-02	  2.66e-02	3.05323e+01
  7.27e-02	  2.71e-02	3.33596e+01
  7.27e-02	  2.76e-02	7.15763e+01
  7.27e-02	  2.81e-02	9.58060e-31
  7.27e-02	  2.86e-02	1.67205e-63
  7.27e-02	  2.92e-02	-1.71391e-63
  7.27e-02	  2.97e-02	-1.15838e-30
  7.27e-02	  3.02e-02	-7.06481e+01
  7.27e-02	  3.07e-02	-3.29324e+01
  7.27e-02	  3.13e-02	-3.01831e+01
  7.27e-02	  3.18e-02	-2.75676e+01
  7.27e-02	  3.23e-02	-2.47945e+01
  7.27e-02	  3.28e-02	-2.09772e+01
  7.27e-02	  3.33e-02	-1.26579e+01
  7.27e-02	  3.39e-02	5.75084e+00
  7.27e-02	  3.44e-02	2.08822e+01
  7.27e-02	  3.49e-02	2.62142e+01
  7.27e-02	  3.54e-02	2.89868e+01
  7.27e-02	  3.59e-02	3.14114e+01
  7.27e-02	  3.65e-02	3.40373e+01
  7.27e-02	  3.70e-02	7.28816e+01
  7.27e-02	  3.75e-02	9.26653e-31
  7.27e-02	  3.80e-02	1.63073e-63
  7.27e-02	  3.85e-02	2.41261e-96
  7.27e-02	  3.91e-02	3.56773e-129
  7.27e-02	  3.96e-02	5.27359e-162
  7.27e-02	  4.01e-02	7.79187e-195
  7.27e-02	  4.06e-02	1.15083e-227
  7.27e-02	  4.11e-02	1.69915e-260
  7.27e-02	  4.17e-02	2.50792e-293
  7.27e-02	  4.22e-02	0.00000e+00
  7.27e-02	  4.27e-02	0.00000e+00
  7.27e-02	  4.32e-02	0.00000e+00
  7.27e-02	  4.37e-02	0.00000e+00
  7.27e-02	  4.43e-02	0.00000e+00
  7.27e-02	  4.48e-02	0.00000e+00
  7.27e-02	  4.53e-02	0.00000e+00
  7.27e-02	  4.58e-02	0.00000e+00
  7.27e-02	  4.64e-02	0.00000e+00
  7.27e-02	  4.69e-02	0.00000e+00
  7.27e-02	  4.74e-02	0.00000e+00
  7.27e-02	  4.79e-02	0.00000e+00
  7.27e-02	  4.84e-02	0.00000e+00
  7.27e-02	  4.90e-02	0.00000e+00
  7.27e-02	  4.95e-02	0.00000e+00

  7.34e-02	  0.00e+00	0.00000e+00
  7.34e-02	  5.21e-04	0.00000e+00
  7.34e-02	  1.04e-03	0.00000e+00
  7.34e-02	  1.56e-03	0.00000e+00
  7.34e-02	  2.08e-03	0.00000e+00
  7.34e-02	  2.60e-03	0.00000e+00
  7.34e-02	  3.12e-03	0.00000e+00
  7.34e-02	  3.65e-03	0.00000e+00
  7.34e-02	  4.17e-03	0.00000e+00
  7.34e-02	  4.69e-03	0.00000e+00
  7.34e-02	  5.21e-03	0.00000e+00
  7.34e-02	  5.73e-03	0.00000e+00
  7.34e-02	  6.25e-03	0.00000e+00
  7.34e-02	  6.77e-03	0.00000e+00
  7.34e-02	  7.29e-03	-2.56328e-293
  7.34e-02	  7.81e-03	-1.73843e-260
  7.34e-02	  8.33e-03	-1.17882e-227
  7.34e-02	  8.85e-03	-7.99209e-195
  7.34e-02	  9.37e-03	-5.41722e-162
  7.34e-02	  9.90e-03	-3.67100e-129
  7.34e-02	  1.04e-02	-2.48695e-96
  7.34e-02	  1.09e-02	-1.68427e-63
  7.34e-02	  1.15e-02	-1.14026e-30
  7.34e-02	  1.20e-02	-7.31806e+01
  7.34e-02	  1.25e-02	-3.39002e+01
  7.34e-02	  1.30e-02	-3.07934e+01
  7.34e-02	  1.35e-02	-2.73976e+01
  7.34e-02	  1.41e-02	-2.25176e+01
  7.34e-02	  1.46e-02	-1.34277e+01
  7.34e-02	  1.51e-02	1.22870e+00
  7.34e-02	  1.56e-02	1.45364e+01
  7.34e-02	  1.61e-02	2.22440e+01
  7.34e-02	  1.67e-02	2.67755e+01
  7.34e-02	  1.72e-02	3.02326e+01
  7.34e-02	  1.77e-02	3.34609e+01
  7.34e-02	  1.82e-02	7.24358e+01
  7.34e-02	  1.88e-02	1.01183e-30
  7.34e-02	  1.93e-02	1.76965e-63
  7.34e-02	  1.98e-02	-1.65913e-63
  7.34e-02	  2.03e-02	-1.12377e-30
  7.34e-02	  2.08e-02	-7.14880e+01
  7.34e-02	  2.14e-02	-3.33296e+01
  7.34e-02	  2.19e-02	-3.04970e+01
  7.34e-02	  2.24e-02	-2.75646e+01
  7.34e-02	  2.29e-02	-2.39124e+01
  7.34e-02	  2.34e-02	-1.80072e+01
  7.34e-02	  2.40e-02	-7.27423e+00
  7.34e-02	  2.45e-02	7.07755e+00
  7.34e-02	  2.50e-02	1.79689e+01
  7.34e-02	  2.55e-02	2.39536e+01
  7.34e-02	  2.60e-02	2.76209e+01
  7.34e-02	  2.66e-02	3.05493e+01
  7.34e-02	  2.71e-02	3.33761e+01
  7.34e-02	  2.76e-02	7.15848e+01
  7.34e-02	  2.81e-02	9.52262e-31
  7.34e-02	  2.86e-02	1.66155e-63
  7.34e-02	  2.92e-02	-1.70935e-63
  7.34e-02	  2.97e-02	-1.15629e-30
  7.34e-02	  3.02e-02	-7.09334e+01
  7.34e-02	  3.07e-02	-3.30690e+01
  7.34e-02	  3.13e-02	-3.02978e+01
  7.34e-02	  3.18e-02	-2.76295e+01
  7.34e-02	  3.23e-02	-2.47519e+01
  7.34e-02	  3.28e-02	-2.06990e+01
  7.34e-02	  3.33e-02	-1.19205e+01
  7.34e-02	  3.39e-02	6.19306e+00
  7.34e-02	  3.44e-02	2.06000e+01
  7.34e-02	  3.49e-02	2.59993e+01
  7.34e-02	  3.54e-02	2.88715e+01
  7.34e-02	  3.59e-02	3.13487e+01
  7.34e-02	  3.65e-02	3.39849e+01
  7.34e-02	  3.70e-02	7.27492e+01
  7.34e-02	  3.75e-02	9.27826e-31
  7.34e-02	  3.80e-02	1.63045e-63
  7.34e-02	  3.85e-02	2.41039e-96
  7.34e-02	  3.91e-02	3.56214e-129
  7.34e-02	  3.96e-02	5.26247e-162
  7.34e-02	  4.01e-02	7.77205e-195
  7.34e-02	  4.06e-02	1.14753e-227
  7.34e-02	  4.11e-02	1.69388e-260
  7.34e-02	  4.17e-02	2.49983e-293
  7.34e-02	  4.22e-02	0.00000e+00
  7.34e-02	  4.27e-02	0.00000e+00
  7.34e-02	  4.32e-02	0.00000e+00
  7.34e-02	  4.37e-02	0.00000e+00
  7.34e-02	  4.43e-02	0.00000e+00
  7.34e-02	  4.48e-02	0.00000e+00
  7.34e-02	  4.53e-02	0.00000e+00
  7.34e-02	  4.58e-02	0.00000e+00
  7.34e-02	  4.64e-02	0.00000e+00
  7.34e-02	  4.69e-02	0.00000e+00
  7.34e-02	  4.74e-02	0.00000e+00
  7.34e-02	  4.79e-02	0.00000e+00
  7.34e-02	  4.84e-02	0.00000e+00
  7.34e-02	  4.90e-02	0.00000e+00
  7.34e-02	  4.95e-02	0.00000e+00

  7.42e-02	  0.00e+00	0.00000e+00
  7.42e-02	  5.21e-04	0.00000e+00
  7.42e-02	  1.04e-03	0.00000e+00
  7.42e-02	  1.56e-03	0.00000e+00
  7.42e-02	  2.08e-03	0.00000e+00
  7.42e-02	  2.60e-03	0.00000e+00
  7.42e-02	  3.12e-03	0.00000e+00
  7.42e-02	  3.65e-03	0.00000e+00
  7.42e-02	  4.17e-03	0.00000e+00
  7.42e-02	  4.69e-03	0.00000e+00
  7.42e-02	  5.21e-03	0.00000e+00
  7.42e-02	  5.73e-03	0.00000e+00
  7.42e-02	  6.25e-03	0.00000e+00
  7.42e-02	  6.77e-03	0.00000e+00
  7.42e-02	  7.29e-03	-2.55192e-293
  7.42e-02	  7.81e-03	-1.73022e-260
  7.42e-02	  8.33e-03	-1.17300e-227
  7.42e-02	  8.85e-03	-7.95145e-195
  7.42e-02	  9.37e-03	-5.38936e-162
  7.42e-02	  9.90e-03	-3.65224e-129
  7.42e-02	  1.04e-02	-2.47457e-96
  7.42e-02	  1.09e-02	-1.67629e-63
  7.42e-02	  1.15e-02	-1.13524e-30
  7.42e-02	  1.20e-02	-7.31553e+01
  7.42e-02	  1.25e-02	-3.38902e+01
  7.42e-02	  1.30e-02	-3.07583e+01
  7.42e-02	  1.35e-02	-2.72807e+01
  7.42e-02	  1.41e-02	-2.22740e+01
  7.42e-02	  1.46e-02	-1.32428e+01
  7.42e-02	  1.51e-02	9.06808e-01
  7.42e-02	  1.56e-02	1.40723e+01
  7.42e-02	  1.61e-02	2.20303e+01
  7.42e-02	  1.67e-02	2.67601e+01
  7.42e-02	  1.72e-02	3.03136e+01
  7.42e-02	  1.77e-02	3.35758e+01
  7.42e-02	  1.82e-02	7.26786e+01
  7.42e-02	  1.88e-02	1.00375e-30
  7.42e-02	  1.93e-02	1.75589e-63
  7.42e-02	  1.98e-02	-1.64787e-63
  7.42e-02	  2.03e-02	-1.11650e-30
  7.42e-02	  2.08e-02	-7.15036e+01
  7.42e-02	  2.14e-02	-3.33515e+01
  7.42e-02	  2.19e-02	-3.05245e+01
  7.42e-02	  2.24e-02	-2.75772e+01
  7.42e-02	  2.29e-02	-2.38782e+01
  7.42e-02	  2.34e-02	-1.79024e+01
  7.42e-02	  2.40e-02	-7.18011e+00
  7.42e-02	  2.45e-02	7.02211e+00
  7.42e-02	  2.50e-02	1.78705e+01
  7.42e-02	  2.55e-02	2.39106e+01
  7.42e-02	  2.60e-02	2.76223e+01
  7.42e-02	  2.66e-02	3.05672e+01
  7.42e-02	  2.71e-02	3.33902e+01
  7.42e-02	  2.76e-02	7.15851e+01
  7.42e-02	  2.81e-02	9.45660e-31
  7.42e-02	  2.86e-02	1.65002e-63
  7.42e-02	  2.92e-02	-1.70193e-63
  7.42e-02	  2.97e-02	-1.15212e-30
  7.42e-02	  3.02e-02	-7.12015e+01
  7.42e-02	  3.07e-02	-3.31997e+01
  7.42e-02	  3.13e-02	-3.04111e+01
  7.42e-02	  3.18e-02	-2.76940e+01
  7.42e-02	  3.23e-02	-2.47100e+01
  7.42e-02	  3.28e-02	-2.04108e+01
  7.42e-02	  3.33e-02	-1.12054e+01
  7.42e-02	  3.39e-02	6.55117e+00
  7.42e-02	  3.44e-02	2.03242e+01
  7.42e-02	  3.49e-02	2.58010e+01
  7.42e-02	  3.54e-02	2.87704e+01
  7.42e-02	  3.59e-02	3.12940e+01
  7.42e-02	  3.65e-02	3.39366e+01
  7.42e-02	  3.70e-02	7.26246e+01
  7.42e-02	  3.75e-02	9.27034e-31
  7.42e-02	  3.80e-02	1.62773e-63
  7.42e-02	  3.85e-02	2.40528e-96
  7.42e-02	  3.91e-02	3.55333e-129
  7.42e-02	  3.96e-02	5.24809e-162
  7.42e-02	  4.01e-02	7.74955e-195
  7.42e-02	  4.06e-02	1.14412e-227
  7.42e-02	  4.11e-02	1.68886e-260
  7.42e-02	  4.17e-02	2.49261e-293
  7.42e-02	  4.22e-02	0.00000e+00
  7.42e-02	  4.27e-02	0.00000e+00
  7.42e-02	  4.32e-02	0.00000e+00
  7.42e-02	  4.37e-02	0.00000e+00
  7.42e-02	  4.43e-02	0.00000e+00
  7.42e-02	  4.48e-02	0.00000e+00
  7.42e-02	  4.53e-02	0.00000e+00
  7.42e-02	  4.58e-02	0.00000e+00
  7.42e-02	  4.64e-02	0.00000e+00
  7.42e-02	  4.69e-02	0.00000e+00
  7.42e-02	  4.74e-02	0.00000e+00
  7.42e-02	  4.79e-02	0.00000e+00
  7.42e-02	  4.84e-02	0.00000e+00
  7.42e-02	  4.90e-02	0.00000e+00
  7.42e-02	  4.95e-02	0.00000e+00

  7.50e-02	  0.00e+00	0.00000e+00
  7.50e-02	  5.21e-04	0.00000e+00
  7.50e-02	  1.04e-03	0.00000e+00
  7.50e-02	  1.56e-03	0.00000e+00
  7.50e-02	  2.08e-03	0.00000e+00
  7.50e-02	  2.60e-03	0.00000e+00
  7.50e-02	  3.12e-03	0.00000e+00
  7.50e-02	  3.65e-03	0.00000e+00
  7.50e-02	  4.17e-03	0.00000e+00
  7.50e-02	  4.69e-03	0.00000e+00
  7.50e-02	  5.21e-03	0.00000e+00
  7.50e-02	  5.73e-03	0.00000e+00
  7.50e-02	  6.25e-03	0.00000e+00
  7.50e-02	  6.77e-03	0.00000e+00
  7.50e-02	  7.29e-03	-2.54357e-293
  7.50e-02	  7.81e-03	-1.72389e-260
  7.50e-02	  8.33e-03	-1.16830e-227
  7.50e-02	  8.85e-03	-7.91715e-195
  7.50e-02	  9.37e-03	-5.36479e-162
  7.50e-02	  9.90e-03	-3.63493e-129
  7.50e-02	  1.04e-02	-2.46260e-96
  7.50e-02	  1.09e-02	-1.66814e-63
  7.50e-02	  1.15e-02	-1.12981e-30
  7.50e-02	  1.20e-02	-7.31187e+01
  7.50e-02	  1.25e-02	-3.38753e+01
  7.50e-02	  1.30e-02	-3.07265e+01
  7.50e-02	  1.35e-02	-2.71873e+01
  7.50e-02	  1.41e-02	-2.20860e+01
  7.50e-02	  1.46e-02	-1.31130e+01
  7.50e-02	  1.51e-02	6.34471e-01
  7.50e-02	  1.56e-02	1.36768e+01
  7.50e-02	  1.61e-02	2.18468e+01
  7.50e-02	  1.67e-02	2.67530e+01
  7.50e-02	  1.72e-02	3.03904e+01
  7.50e-02	  1.77e-02	3.36785e+01
  7.50e-02	  1.82e-02	7.28864e+01
  7.50e-02	  1.88e-02	9.94351e-31
  7.50e-02	  1.93e-02	1.74025e-63
  7.50e-02	  1.98e-02	-1.63637e-63
  7.50e-02	  2.03e-02	-1.10891e-30
  7.50e-02	  2.08e-02	-7.15068e+01
  7.50e-02	  2.14e-02	-3.33682e+01
  7.50e-02	  2.19e-02	-3.05500e+01
  7.50e-02	  2.24e-02	-2.75946e+01
  7.50e-02	  2.29e-02	-2.38588e+01
  7.50e-02	  2.34e-02	-1.78241e+01
  7.50e-02	  2.40e-02	-7.10757e+00
  7.50e-02	  2.45e-02	6.97883e+00
  7.50e-02	  2.50e-02	1.77961e+01
  7.50e-02	  2.55e-02	2.38832e+01
  7.50e-02	  2.60e-02	2.76305e+01
  7.50e-02	  2.66e-02	3.05855e+01
  7.50e-02	  2.71e-02	3.34012e+01
  7.50e-02	  2.76e-02	7.15768e+01
  7.50e-02	  2.81e-02	9.38651e-31
  7.50e-02	  2.86e-02	1.63814e-63
  7.50e-02	  2.92e-02	-1.69250e-63
  7.50e-02	  2.97e-02	-1.14638e-30
  7.50e-02	  3.02e-02	-7.14481e+01
  7.50e-02	  3.07e-02	-3.33221e+01
  7.50e-02	  3.13e-02	-3.05209e+01
  7.50e-02	  3.18e-02	-2.77601e+01
  7.50e-02	  3.23e-02	-2.46713e+01
  7.50e-02	  3.28e-02	-2.01245e+01
  7.50e-02	  3.33e-02	-1.05356e+01
  7.50e-02	  3.39e-02	6.84081e+00
  7.50e-02	  3.44e-02	2.00727e+01
  7.50e-02	  3.49e-02	2.56247e+01
  7.50e-02	  3.54e-02	2.86835e+01
  7.50e-02	  3.59e-02	3.12455e+01
  7.50e-02	  3.65e-02	3.38911e+01
  7.50e-02	  3.70e-02	7.25070e+01
  7.50e-02	  3.75e-02	9.25127e-31
  7.50e-02	  3.80e-02	1.62389e-63
  7.50e-02	  3.85e-02	2.39914e-96
  7.50e-02	  3.91e-02	3.54386e-129
  7.50e-02	  3.96e-02	5.23396e-162
  7.50e-02	  4.01e-02	7.72900e-195
  7.50e-02	  4.06e-02	1.14121e-227
  7.50e-02	  4.11e-02	1.68483e-260
  7.50e-02	  4.17e-02	2.48719e-293
  7.50e-02	  4.22e-02	0.00000e+00
  7.50e-02	  4.27e-02	0.00000e+00
  7.50e-02	  4.32e-02	0.00000e+00
  7.50e-02	  4.37e-02	0.00000e+00
  7.50e-02	  4.43e-02	0.00000e+00
  7.50e-02	  4.48e-02	0.00000e+00
  7.50e-02	  4.53e-02	0.00000e+00
  7.50e-02	  4.58e-02	0.00000e+00
  7.50e-02	  4.64e-02	0.00000e+00
  7.50e-02	  4.69e-02	0.00000e+00
  7.50e-02	  4.74e-02	0.00000e+00
  7.50e-02	  4.79e-02	0.00000e+00
  7.50e-02	  4.84e-02	0.00000e+00
  7.50e-02	  4.90e-02	0.00000e+00
  7.50e-02	  4.95e-02	0.00000e+00

  7.58e-02	  0.00e+00	0.00000e+00
  7.58e-02	  5.21e-04	0.00000e+00
  7.58e-02	  1.04e-03	0.00000e+00
  7.58e-02	  1.56e-03	0.00000e+00
  7.58e-02	  2.08e-03	0.00000e+00
  7.58e-02	  2.60e-03	0.00000e+00
  7.58e-02	  3.12e-03	0.00000e+00
  7.58e-02	  3.65e-03	0.00000e+00
  7.58e-02	  4.17e-03	0.00000e+00
  7.58e-02	  4.69e-03	0.00000e+00
  7.58e-02	  5.21e-03	0.00000e+00
  7.58e-02	  5.73e-03	0.00000e+00
  7.58e-02	  6.25e-03	0.00000e+00
  7.58e-02	  6.77e-03	0.00000e+00
  7.58e-02	  7.29e-03	-2.53834e-293
  7.58e-02	  7.81e-03	-1.71964e-260
  7.58e-02	  8.33e-03	-1.16494e-227
  7.58e-02	  8.85e-03	-7.89137e-195
  7.58e-02	  9.37e-03	-5.34540e-162
  7.58e-02	  9.90e-03	-3.62064e-129
  7.58e-02	  1.04e-02	-2.45225e-96
  7.58e-02	  1.09e-02	-1.66079e-63
  7.58e-02	  1.15e-02	-1.12467e-30
  7.58e-02	  1.20e-02	-7.30702e+01
  7.58e-02	  1.25e-02	-3.38550e+01
  7.58e-02	  1.30e-02	-3.06967e+01
  7.58e-02	  1.35e-02	-2.71155e+01
  7.58e-02	  1.41e-02	-2.19499e+01
  7.58e-02	  1.46e-02	-1.30363e+01
  7.58e-02	  1.51e-02	3.98276e-01
  7.58e-02	  1.56e-02	1.33464e+01
  7.58e-02	  1.61e-02	2.16961e+01
  7.58e-02	  1.67e-02	2.67549e+01
  7.58e-02	  1.72e-02	3.04623e+01
  7.58e-02	  1.77e-02	3.37687e+01
  7.58e-02	  1.82e-02	7.30607e+01
  7.58e-02	  1.88e-02	9.84268e-31
  7.58e-02	  1.93e-02	1.72381e-63
  7.58e-02	  1.98e-02	-1.62521e-63
  7.58e-02	  2.03e-02	-1.10140e-30
  7.58e-02	  2.08e-02	-7.14981e+01
  7.58e-02	  2.14e-02	-3.33792e+01
  7.58e-02	  2.19e-02	-3.05731e+01
  7.58e-02	  2.24e-02	-2.76165e+01
  7.58e-02	  2.29e-02	-2.38548e+01
  7.58e-02	  2.34e-02	-1.77736e+01
  7.58e-02	  2.40e-02	-7.05659e+00
  7.58e-02	  2.45e-02	6.94878e+00
  7.58e-02	  2.50e-02	1.77471e+01
  7.58e-02	  2.55e-02	2.38720e+01
  7.58e-02	  2.60e-02	2.76451e+01
  7.58e-02	  2.66e-02	3.06032e+01
  7.58e-02	  2.71e-02	3.34084e+01
  7.58e-02	  2.76e-02	7.15600e+01
  7.58e-02	  2.81e-02	9.31622e-31
  7.58e-02	  2.86e-02	1.62653e-63
  7.58e-02	  2.92e-02	-1.68185e-63
  7.58e-02	  2.97e-02	-1.13963e-30
  7.58e-02	  3.02e-02	-7.16704e+01
  7.58e-02	  3.07e-02	-3.34343e+01
  7.58e-02	  3.13e-02	-3.06251e+01
  7.58e-02	  3.18e-02	-2.78270e+01
  7.58e-02	  3.23e-02	-2.46382e+01
  7.58e-02	  3.28e-02	-1.98510e+01
  7.58e-02	  3.33e-02	-9.92541e+00
  7.58e-02	  3.39e-02	7.07915e+00
  7.58e-02	  3.44e-02	1.98565e+01
  7.58e-02	  3.49e-02	2.54735e+01
  7.58e-02	  3.54e-02	2.86098e+01
  7.58e-02	  3.59e-02	3.12017e+01
  7.58e-02	  3.65e-02	3.38474e+01
  7.58e-02	  3.70e-02	7.23960e+01
  7.58e-02	  3.75e-02	9.22835e-31
  7.58e-02	  3.80e-02	1.61997e-63
  7.58e-02	  3.85e-02	2.39338e-96
  7.58e-02	  3.91e-02	3.53562e-129
  7.58e-02	  3.96e-02	5.22246e-162
  7.58e-02	  4.01e-02	7.71338e-195
  7.58e-02	  4.06e-02	1.13914e-227
  7.58e-02	  4.11e-02	1.68219e-260
  7.58e-02	  4.17e-02	2.48394e-293
  7.58e-02	  4.22e-02	0.00000e+00
  7.58e-02	  4.27e-02	0.00000e+00
  7.58e-02	  4.32e-02	0.00000e+00
  7.58e-02	  4.37e-02	0.00000e+00
  7.58e-02	  4.43e-02	0.00000e+00
  7.58e-02	  4.48e-02	0.00000e+00
  7.58e-02	  4.53e-02	0.00000e+00
  7.58e-02	  4.58e-02	0.00000e+00
  7.58e-02	  4.64e-02	0.00000e+00
  7.58e-02	  4.69e-02	0.00000e+00
  7.58e-02	  4.74e-02	0.00000e+00
  7.58e-02	  4.79e-02	0.00000e+00
  7.58e-02	  4.84e-02	0.00000e+00
  7.58e-02	  4.90e-02	0.00000e+00
  7.58e-02	  4.95e-02	0.00000e+00

  7.66e-02	  0.00e+00	0.00000e+00
  7.66e-02	  5.21e-04	0.00000e+00
  7.66e-02	  1.04e-03	0.00000e+00
  7.66e-02	  1.56e-03	0.00000e+00
  7.66e-02	  2.08e-03	0.00000e+00
  7.66e-02	  2.60e-03	0.00000e+00
  7.66e-02	  3.12e-03	0.00000e+00
  7.66e-02	  3.65e-03	0.00000e+00
  7.66e-02	  4.17e-03	0.00000e+00
  7.66e-02	  4.69e-03	0.00000e+00
  7.66e-02	  5.21e-03	0.00000e+00
  7.66e-02	  5.73e-03	0.00000e+00
  7.66e-02	  6.25e-03	0.00000e+00
  7.66e-02	  6.77e-03	0.00000e+00
  7.66e-02	  7.29e-03	-2.53591e-293
  7.66e-02	  7.81e-03	-1.71736e-260
  7.66e-02	  8.33e-03	-1.16295e-227
  7.66e-02	  8.85e-03	-7.87475e-195
  7.66e-02	  9.37e-03	-5.33203e-162
  7.66e-02	  9.90e-03	-3.61020e-129
  7.66e-02	  1.04e-02	-2.44429e-96
  7.66e-02	  1.09e-02	-1.65485e-63
  7.66e-02	  1.15e-02	-1.12032e-30
  7.66e-02	  1.20e-02	-7.30110e+01
  7.66e-02	  1.25e-02	-3.38297e+01
  7.66e-02	  1.30e-02	-3.06682e+01
  7.66e-02	  1.35e-02	-2.70624e+01
  7.66e-02	  1.41e-02	-2.18600e+01
  7.66e-02	  1.46e-02	-1.30077e+01
  7.66e-02	  1.51e-02	1.88619e-01
  7.66e-02	  1.56e-02	1.30757e+01
  7.66e-02	  1.61e-02	2.15789e+01
  7.66e-02	  1.67e-02	2.67659e+01
  7.66e-02	  1.72e-02	3.05286e+01
  7.66e-02	  1.77e-02	3.38461e+01
  7.66e-02	  1.82e-02	7.32042e+01
  7.66e-02	  1.88e-02	9.74071e-31
  7.66e-02	  1.93e-02	1.70753e-63
  7.66e-02	  1.98e-02	-1.61492e-63
  7.66e-02	  2.03e-02	-1.09434e-30
  7.66e-02	  2.08e-02	-7.14786e+01
  7.66e-02	  2.14e-02	-3.33845e+01
  7.66e-02	  2.19e-02	-3.05929e+01
  7.66e-02	  2.24e-02	-2.76423e+01
  7.66e-02	  2.29e-02	-2.38663e+01
  7.66e-02	  2.34e-02	-1.77511e+01
  7.66e-02	  2.40e-02	-7.02669e+00
  7.66e-02	  2.45e-02	6.93269e+00
  7.66e-02	  2.50e-02	1.77243e+01
  7.66e-02	  2.55e-02	2.38773e+01
  7.66e-02	  2.60e-02	2.76653e+01
  7.66e-02	  2.66e-02	3.06195e+01
  7.66e-02	  2.71e-02	3.34114e+01
  7.66e-02	  2.76e-02	7.15350e+01
  7.66e-02	  2.81e-02	9.24920e-31
  7.66e-02	  2.86e-02	1.61574e-63
  7.66e-02	  2.92e-02	-1.67075e-63
  7.66e-02	  2.97e-02	-1.13239e-30
  7.66e-02	  3.02e-02	-7.18666e+01
  7.66e-02	  3.07e-02	-3.35349e+01
  7.66e-02	  3.13e-02	-3.07222e+01
  7.66e-02	  3.18e-02	-2.78941e+01
  7.66e-02	  3.23e-02	-2.46134e+01
  7.66e-02	  3.28e-02	-1.95999e+01
  7.66e-02	  3.33e-02	-9.38220e+00
  7.66e-02	  3.39e-02	7.28158e+00
  7.66e-02	  3.44e-02	1.96809e+01
  7.66e-02	  3.49e-02	2.53483e+01
  7.66e-02	  3.54e-02	2.85480e+01
  7.66e-02	  3.59e-02	3.11613e+01
  7.66e-02	  3.65e-02	3.38050e+01
  7.66e-02	  3.70e-02	7.22913e+01
  7.66e-02	  3.75e-02	9.20717e-31
  7.66e-02	  3.80e-02	1.61673e-63
  7.66e-02	  3.85e-02	2.38894e-96
  7.66e-02	  3.91e-02	3.52972e-129
  7.66e-02	  3.96e-02	5.21488e-162
  7.66e-02	  4.01e-02	7.70403e-195
  7.66e-02	  4.06e-02	1.13804e-227
  7.66e-02	  4.11e-02	1.68099e-260
  7.66e-02	  4.17e-02	2.48278e-293
  7.66e-02	  4.22e-02	0.00000e+00
  7.66e-02	  4.27e-02	0.00000e+00
  7.66e-02	  4.32e-02	0.00000e+00
  7.66e-02	  4.37e-02	0.00000e+00
  7.66e-02	  4.43e-02	0.00000e+00
  7.66e-02	  4.48e-02	0.00000e+00
  7.66e-02	  4.53e-02	0.00000e+00
  7.66e-02	  4.58e-02	0.00000e+00
  7.66e-02	  4.64e-02	0.00000e+00
  7.66e-02	  4.69e-02	0.00000e+00
  7.66e-02	  4.74e-02	0.00000e+00
  7.66e-02	  4.79e-02	0.00000e+00
  7.66e-02	  4.84e-02	0.00000e+00
  7.66e-02	  4.90e-02	0.00000e+00
  7.66e-02	  4.95e-02	0.00000e+00

  7.73e-02	  0.00e+00	0.00000e+00
  7.73e-02	  5.21e-04	0.00000e+00
  7.73e-02	  1.04e-03	0.00000e+00
  7.73e-02	  1.56e-03	0.00000e+00
  7.73e-02	  2.08e-03	0.00000e+00
  7.73e-02	  2.60e-03	0.00000e+00
  7.73e-02	  3.12e-03	0.00000e+00
  7.73e-02	  3.65e-03	0.00000e+00
  7.73e-02	  4.17e-03	0.00000e+00
  7.73e-02	  4.69e-03	0.00000e+00
  7.73e-02	  5.21e-03	0.00000e+00
  7.73e-02	  5.73e-03	0.00000e+00
  7.73e-02	  6.25e-03	0.00000e+00
  7.73e-02	  6.77e-03	0.00000e+00
  7.73e-02	  7.29e-03	-2.53567e-293
  7.73e-02	  7.81e-03	-1.71673e-260
  7.73e-02	  8.33e-03	-1.16216e-227
  7.73e-02	  8.85e-03	-7.86666e-195
  7.73e-02	  9.37e-03	-5.32459e-162
  7.73e-02	  9.90e-03	-3.60378e-129
  7.73e-02	  1.04e-02	-2.43901e-96
  7.73e-02	  1.09e-02	-1.65064e-63
  7.73e-02	  1.15e-02	-1.11706e-30
  7.73e-02	  1.20e-02	-7.29438e+01
  7.73e-02	  1.25e-02	-3.38005e+01
  7.73e-02	  1.30e-02	-3.06406e+01
  7.73e-02	  1.35e-02	-2.70249e+01
  7.73e-02	  1.41e-02	-2.18091e+01
  7.73e-02	  1.46e-02	-1.30200e+01
  7.73e-02	  1.51e-02	-2.93722e-04
  7.73e-02	  1.56e-02	1.28592e+01
  7.73e-02	  1.61e-02	2.14949e+01
  7.73e-02	  1.67e-02	2.67860e+01
  7.73e-02	  1.72e-02	3.05891e+01
  7.73e-02	  1.77e-02	3.39109e+01
  7.73e-02	  1.82e-02	7.33192e+01
  7.73e-02	  1.88e-02	9.64252e-31
  7.73e-02	  1.93e-02	1.69220e-63
  7.73e-02	  1.98e-02	-1.60588e-63
  7.73e-02	  2.03e-02	-1.08802e-30
  7.73e-02	  2.08e-02	-7.14496e+01
  7.73e-02	  2.14e-02	-3.33842e+01
  7.73e-02	  2.19e-02	-3.06093e+01
  7.73e-02	  2.24e-02	-2.76714e+01
  7.73e-02	  2.29e-02	-2.38925e+01
  7.73e-02	  2.34e-02	-1.77560e+01
  7.73e-02	  2.40e-02	-7.01694e+00
  7.73e-02	  2.45e-02	6.93100e+00
  7.73e-02	  2.50e-02	1.77276e+01
  7.73e-02	  2.55e-02	2.38985e+01
  7.73e-02	  2.60e-02	2.76904e+01
  7.73e-02	  2.66e-02	3.06337e+01
  7.73e-02	  2.71e-02	3.34099e+01
  7.73e-02	  2.76e-02	7.15025e+01
  7.73e-02	  2.81e-02	9.18830e-31
  7.73e-02	  2.86e-02	1.60619e-63
  7.73e-02	  2.92e-02	-1.65984e-63
  7.73e-02	  2.97e-02	-1.12512e-30
  7.73e-02	  3.02e-02	-7.20359e+01
  7.73e-02	  3.07e-02	-3.36229e+01
  7.73e-02	  3.13e-02	-3.08108e+01
  7.73e-02	  3.18e-02	-2.79607e+01
  7.73e-02	  3.23e-02	-2.45989e+01
  7.73e-02	  3.28e-02	-1.93785e+01
  7.73e-02	  3.33e-02	-8.90805e+00
  7.73e-02	  3.39e-02	7.46003e+00
  7.73e-02	  3.44e-02	1.95464e+01
  7.73e-02	  3.49e-02	2.52480e+01
  7.73e-02	  3.54e-02	2.84963e+01
  7.73e-02	  3.59e-02	3.11236e+01
  7.73e-02	  3.65e-02	3.37637e+01
  7.73e-02	  3.70e-02	7.21930e+01
  7.73e-02	  3.75e-02	9.19142e-31
  7.73e-02	  3.80e-02	1.61459e-63
  7.73e-02	  3.85e-02	2.38630e-96
  7.73e-02	  3.91e-02	3.52663e-129
  7.73e-02	  3.96e-02	5.21155e-162
  7.73e-02	  4.01e-02	7.70090e-195
  7.73e-02	  4.06e-02	1.13783e-227
  7.73e-02	  4.11e-02	1.68103e-260
  7.73e-02	  4.17e-02	2.48328e-293
  7.73e-02	  4.22e-02	0.00000e+00
  7.73e-02	  4.27e-02	0.00000e+00
  7.73e-02	  4.32e-02	0.00000e+00
  7.73e-02	  4.37e-02	0.00000e+00
  7.73e-02	  4.43e-02	0.00000e+00
  7.73e-02	  4.48e-02	0.00000e+00
  7.73e-02	  4.53e-02	0.00000e+00
  7.73e-02	  4.58e-02	0.00000e+00
  7.73e-02	  4.64e-02	0.00000e+00
  7.73e-02	  4.69e-02	0.00000e+00
  7.73e-02	  4.74e-02	0.00000e+00
  7.73e-02	  4.79e-02	0.00000e+00
  7.73e-02	  4.84e-02	0.00000e+00
  7.73e-02	  4.90e-02	0.00000e+00
  7.73e-02	  4.95e-02	0.00000e+00

  7.81e-02	  0.00e+00	0.00000e+00
  7.81e-02	  5.21e-04	0.00000e+00
  7.81e-02	  1.04e-03	0.00000e+00
  7.81e-02	  1.56e-03	0.00000e+00
  7.81e-02	  2.08e-03	0.00000e+00
  7.81e-02	  2.60e-03	0.00000e+00
  7.81e-02	  3.12e-03	0.00000e+00
  7.81e-02	  3.65e-03	0.00000e+00
  7.81e-02	  4.17e-03	0.00000e+00
  7.81e-02	  4.69e-03	0.00000e+00
  7.81e-02	  5.21e-03	0.00000e+00
  7.81e-02	  5.73e-03	0.00000e+00
  7.81e-02	  6.25e-03	0.00000e+00
  7.81e-02	  6.77e-03	0.00000e+00
  7.81e-02	  7.29e-03	-2.53686e-293
  7.81e-02	  7.81e-03	-1.71725e-260
  7.81e-02	  8.33e-03	-1.16227e-227
  7.81e-02	  8.85e-03	-7.86549e-195
  7.81e-02	  9.37e-03	-5.32226e-162
  7.81e-02	  9.90e-03	-3.60104e-129
  7.81e-02	  1.04e-02	-2.43630e-96
  7.81e-02	  1.09e-02	-1.64820e-63
  7.81e-02	  1.15e-02	-1.11499e-30
  7.81e-02	  1.20e-02	-7.28722e+01
  7.81e-02	  1.25e-02	-3.37689e+01
  7.81e-02	  1.30e-02	-3.06140e+01
  7.81e-02	  1.35e-02	-2.69995e+01
  7.81e-02	  1.41e-02	-2.17891e+01
  7.81e-02	  1.46e-02	-1.30643e+01
  7.81e-02	  1.51e-02	-1.70924e-01
  7.81e-02	  1.56e-02	1.26921e+01
  7.81e-02	  1.61e-02	2.14426e+01
  7.81e-02	  1.67e-02	2.68144e+01
  7.81e-02	  1.72e-02	3.06433e+01
  7.81e-02	  1.77e-02	3.39633e+01
  7.81e-02	  1.82e-02	7.34081e+01
  7.81e-02	  1.88e-02	9.55209e-31
  7.81e-02	  1.93e-02	1.67844e-63
  7.81e-02	  1.98e-02	-1.59831e-63
  7.81e-02	  2.03e-02	-1.08262e-30
  7.81e-02	  2.08e-02	-7.14126e+01
  7.81e-02	  2.14e-02	-3.33787e+01
  7.81e-02	  2.19e-02	-3.06219e+01
  7.81e-02	  2.24e-02	-2.77026e+01
  7.81e-02	  2.29e-02	-2.39321e+01
  7.81e-02	  2.34e-02	-1.77870e+01
  7.81e-02	  2.40e-02	-7.02604e+00
  7.81e-02	  2.45e-02	6.94383e+00
  7.81e-02	  2.50e-02	1.77562e+01
  7.81e-02	  2.55e-02	2.39343e+01
  7.81e-02	  2.60e-02	2.77192e+01
  7.81e-02	  2.66e-02	3.06452e+01
  7.81e-02	  2.71e-02	3.34039e+01
  7.81e-02	  2.76e-02	7.14634e+01
  7.81e-02	  2.81e-02	9.13559e-31
  7.81e-02	  2.86e-02	1.59814e-63
  7.81e-02	  2.92e-02	-1.64964e-63
  7.81e-02	  2.97e-02	-1.11819e-30
  7.81e-02	  3.02e-02	-7.21781e+01
  7.81e-02	  3.07e-02	-3.36977e+01
  7.81e-02	  3.13e-02	-3.08901e+01
  7.81e-02	  3.18e-02	-2.80261e+01
  7.81e-02	  3.23e-02	-2.45961e+01
  7.81e-02	  3.28e-02	-1.91919e+01
  7.81e-02	  3.33e-02	-8.50186e+00
  7.81e-02	  3.39e-02	7.62242e+00
  7.81e-02	  3.44e-02	1.94506e+01
  7.81e-02	  3.49e-02	2.51703e+01
  7.81e-02	  3.54e-02	2.84530e+01
  7.81e-02	  3.59e-02	3.10880e+01
  7.81e-02	  3.65e-02	3.37239e+01
  7.81e-02	  3.70e-02	7.21016e+01
  7.81e-02	  3.75e-02	9.18293e-31
  7.81e-02	  3.80e-02	1.61368e-63
  7.81e-02	  3.85e-02	2.38550e-96
  7.81e-02	  3.91e-02	3.52621e-129
  7.81e-02	  3.96e-02	5.21197e-162
  7.81e-02	  4.01e-02	7.70290e-195
  7.81e-02	  4.06e-02	1.13831e-227
  7.81e-02	  4.11e-02	1.68194e-260
  7.81e-02	  4.17e-02	2.48485e-293
  7.81e-02	  4.22e-02	0.00000e+00
  7.81e-02	  4.27e-02	0.00000e+00
  7.81e-02	  4.32e-02	0.00000e+00
  7.81e-02	  4.37e-02	0.00000e+00
  7.81e-02	  4.43e-02	0.00000e+00
  7.81e-02	  4.48e-02	0.00000e+00
  7.81e-02	  4.53e-02	0.00000e+00
  7.81e-02	  4.58e-02	0.00000e+00
  7.81e-02	  4.64e-02	0.00000e+00
  7.81e-02	  4.69e-02	0.00000e+00
  7.81e-02	  4.74e-02	0.00000e+00
  7.81e-02	  4.79e-02	0.00000e+00
  7.81e-02	  4.84e-02	0.00000e+00
  7.81e-02	  4.90e-02	0.00000e+00
  7.81e-02	  4.95e-02	0.00000e+00

  7.89e-02	  0.00e+00	0.00000e+00
  7.89e-02	  5.21e-04	0.00000e+00
  7.89e-02	  1.04e-03	0.00000e+00
  7.89e-02	  1.56e-03	0.00000e+00
  7.89e-02	  2.08e-03	0.00000e+00
  7.89e-02	  2.60e-03	0.00000e+00
  7.89e-02	  3.12e-03	0.00000e+00
  7.89e-02	  3.65e-03	0.00000e+00
  7.89e-02	  4.17e-03	0.00000e+00
  7.89e-02	  4.69e-03	0.00000e+00
  7.89e-02	  5.21e-03	0.00000e+00
  7.89e-02	  5.73e-03	0.00000e+00
  7.89e-02	  6.25e-03	0.00000e+00
  7.89e-02	  6.77e-03	0.00000e+00
  7.89e-02	  7.29e-03	-2.53865e-293
  7.89e-02	  7.81e-03	-1.71841e-260
  7.89e-02	  8.33e-03	-1.16296e-227
  7.89e-02	  8.85e-03	-7.86907e-195
  7.89e-02	  9.37e-03	-5.32372e-162
  7.89e-02	  9.90e-03	-3.60122e-129
  7.89e-02	  1.04e-02	-2.43577e-96
  7.89e-02	  1.09e-02	-1.64734e-63
  7.89e-02	  1.15e-02	-1.11404e-30
  7.89e-02	  1.20e-02	-7.28003e+01
  7.89e-02	  1.25e-02	-3.37372e+01
  7.89e-02	  1.30e-02	-3.05888e+01
  7.89e-02	  1.35e-02	-2.69832e+01
  7.89e-02	  1.41e-02	-2.17920e+01
  7.89e-02	  1.46e-02	-1.31313e+01
  7.89e-02	  1.51e-02	-3.23150e-01
  7.89e-02	  1.56e-02	1.25701e+01
  7.89e-02	  1.61e-02	2.14198e+01
  7.89e-02	  1.67e-02	2.68502e+01
  7.89e-02	  1.72e-02	3.06910e+01
  7.89e-02	  1.77e-02	3.40037e+01
  7.89e-02	  1.82e-02	7.34726e+01
  7.89e-02	  1.88e-02	9.47235e-31
  7.89e-02	  1.93e-02	1.66664e-63
  7.89e-02	  1.98e-02	-1.59227e-63
  7.89e-02	  2.03e-02	-1.07825e-30
  7.89e-02	  2.08e-02	-7.13693e+01
  7.89e-02	  2.14e-02	-3.33687e+01
  7.89e-02	  2.19e-02	-3.06307e+01
  7.89e-02	  2.24e-02	-2.77349e+01
  7.89e-02	  2.29e-02	-2.39833e+01
  7.89e-02	  2.34e-02	-1.78416e+01
  7.89e-02	  2.40e-02	-7.05228e+00
  7.89e-02	  2.45e-02	6.97096e+00
  7.89e-02	  2.50e-02	1.78085e+01
  7.89e-02	  2.55e-02	2.39829e+01
  7.89e-02	  2.60e-02	2.77503e+01
  7.89e-02	  2.66e-02	3.06536e+01
  7.89e-02	  2.71e-02	3.33937e+01
  7.89e-02	  2.76e-02	7.14187e+01
  7.89e-02	  2.81e-02	9.09217e-31
  7.89e-02	  2.86e-02	1.59169e-63
  7.89e-02	  2.92e-02	-1.64051e-63
  7.89e-02	  2.97e-02	-1.11187e-30
  7.89e-02	  3.02e-02	-7.22931e+01
  7.89e-02	  3.07e-02	-3.37590e+01
  7.89e-02	  3.13e-02	-3.09592e+01
  7.89e-02	  3.18e-02	-2.80898e+01
  7.89e-02	  3.23e-02	-2.46060e+01
  7.89e-02	  3.28e-02	-1.90433e+01
  7.89e-02	  3.33e-02	-8.16089e+00
  7.89e-02	  3.39e-02	7.77307e+00
  7.89e-02	  3.44e-02	1.93887e+01
  7.89e-02	  3.49e-02	2.51117e+01
  7.89e-02	  3.54e-02	2.84163e+01
  7.89e-02	  3.59e-02	3.10545e+01
  7.89e-02	  3.65e-02	3.36862e+01
  7.89e-02	  3.70e-02	7.20178e+01
  7.89e-02	  3.75e-02	9.18188e-31
  7.89e-02	  3.80e-02	1.61391e-63
  7.89e-02	  3.85e-02	2.38626e-96
  7.89e-02	  3.91e-02	3.52790e-129
  7.89e-02	  3.96e-02	5.21512e-162
  7.89e-02	  4.01e-02	7.70828e-195
  7.89e-02	  4.06e-02	1.13917e-227
  7.89e-02	  4.11e-02	1.68325e-260
  7.89e-02	  4.17e-02	2.48677e-293
  7.89e-02	  4.22e-02	0.00000e+00
  7.89e-02	  4.27e-02	0.00000e+00
  7.89e-02	  4.32e-02	0.00000e+00
  7.89e-02	  4.37e-02	0.00000e+00
  7.89e-02	  4.43e-02	0.00000e+00
  7.89e-02	  4.48e-02	0.00000e+00
  7.89e-02	  4.53e-02	0.00000e+00
  7.89e-02	  4.58e-02	0.00000e+00
  7.89e-02	  4.64e-02	0.00000e+00
  7.89e-02	  4.69e-02	0.00000e+00
  7.89e-02	  4.74e-02	0.00000e+00
  7.89e-02	  4.79e-02	0.00000e+00
  7.89e-02	  4.84e-02	0.00000e+00
  7.89e-02	  4.90e-02	0.00000e+00
  7.89e-02	  4.95e-02	0.00000e+00

  7.97e-02	  0.00e+00	0.00000e+00
  7.97e-02	  5.21e-04	0.00000e+00
  7.97e-02	  1.04e-03	0.00000e+00
  7.97e-02	  1.56e-03	0.00000e+00
  7.97e-02	  2.08e-03	0.00000e+00
  7.97e-02	  2.60e-03	0.00000e+00
  7.97e-02	  3.12e-03	0.00000e+00
  7.97e-02	  3.65e-03	0.00000e+00
  7.97e-02	  4.17e-03	0.00000e+00
  7.97e-02	  4.69e-03	0.00000e+00
  7.97e-02	  5.21e-03	0.00000e+00
  7.97e-02	  5.73e-03	0.00000e+00
  7.97e-02	  6.25e-03	0.00000e+00
  7.97e-02	  6.77e-03	0.00000e+00
  7.97e-02	  7.29e-03	-2.54031e-293
  7.97e-02	  7.81e-03	-1.71966e-260
  7.97e-02	  8.33e-03	-1.16384e-227
  7.97e-02	  8.85e-03	-7.87499e-195
  7.97e-02	  9.37e-03	-5.32741e-162
  7.97e-02	  9.90e-03	-3.60332e-129
  7.97e-02	  1.04e-02	-2.43680e-96
  7.97e-02	  1.09e-02	-1.64770e-63
  7.97e-02	  1.15e-02	-1.11401e-30
  7.97e-02	  1.20e-02	-7.27324e+01
  7.97e-02	  1.25e-02	-3.37073e+01
  7.97e-02	  1.30e-02	-3.05660e+01
  7.97e-02	  1.35e-02	-2.69735e+01
  7.97e-02	  1.41e-02	-2.18104e+01
  7.97e-02	  1.46e-02	-1.32114e+01
  7.97e-02	  1.51e-02	-4.55139e-01
  7.97e-02	  1.56e-02	1.24899e+01
  7.97e-02	  1.61e-02	2.14237e+01
  7.97e-02	  1.67e-02	2.68920e+01
  7.97e-02	  1.72e-02	3.07319e+01
  7.97e-02	  1.77e-02	3.40325e+01
  7.97e-02	  1.82e-02	7.35144e+01
  7.97e-02	  1.88e-02	9.40511e-31
  7.97e-02	  1.93e-02	1.65699e-63
  7.97e-02	  1.98e-02	-1.58768e-63
  7.97e-02	  2.03e-02	-1.07486e-30
  7.97e-02	  2.08e-02	-7.13212e+01
  7.97e-02	  2.14e-02	-3.33551e+01
  7.97e-02	  2.19e-02	-3.06360e+01
  7.97e-02	  2.24e-02	-2.77674e+01
  7.97e-02	  2.29e-02	-2.40437e+01
  7.97e-02	  2.34e-02	-1.79169e+01
  7.97e-02	  2.40e-02	-7.09368e+00
  7.97e-02	  2.45e-02	7.01183e+00
  7.97e-02	  2.50e-02	1.78821e+01
  7.97e-02	  2.55e-02	2.40421e+01
  7.97e-02	  2.60e-02	2.77825e+01
  7.97e-02	  2.66e-02	3.06586e+01
  7.97e-02	  2.71e-02	3.33797e+01
  7.97e-02	  2.76e-02	7.13693e+01
  7.97e-02	  2.81e-02	9.05815e-31
  7.97e-02	  2.86e-02	1.58676e-63
  7.97e-02	  2.92e-02	-1.63262e-63
  7.97e-02	  2.97e-02	-1.10633e-30
  7.97e-02	  3.02e-02	-7.23815e+01
  7.97e-02	  3.07e-02	-3.38069e+01
  7.97e-02	  3.13e-02	-3.10178e+01
  7.97e-02	  3.18e-02	-2.81509e+01
  7.97e-02	  3.23e-02	-2.46284e+01
  7.97e-02	  3.28e-02	-1.89336e+01
  7.97e-02	  3.33e-02	-7.88177e+00
  7.97e-02	  3.39e-02	7.91340e+00
  7.97e-02	  3.44e-02	1.93549e+01
  7.97e-02	  3.49e-02	2.50687e+01
  7.97e-02	  3.54e-02	2.83848e+01
  7.97e-02	  3.59e-02	3.10232e+01
  7.97e-02	  3.65e-02	3.36515e+01
  7.97e-02	  3.70e-02	7.19425e+01
  7.97e-02	  3.75e-02	9.18711e-31
  7.97e-02	  3.80e-02	1.61499e-63
  7.97e-02	  3.85e-02	2.38811e-96
  7.97e-02	  3.91e-02	3.53087e-129
  7.97e-02	  3.96e-02	5.21968e-162
  7.97e-02	  4.01e-02	7.71499e-195
  7.97e-02	  4.06e-02	1.14012e-227
  7.97e-02	  4.11e-02	1.68453e-260
  7.97e-02	  4.17e-02	2.48840e-293
  7.97e-02	  4.22e-02	0.00000e+00
  7.97e-02	  4.27e-02	0.00000e+00
  7.97e-02	  4.32e-02	0.00000e+00
  7.97e-02	  4.37e-02	0.00000e+00
  7.97e-02	  4.43e-02	0.00000e+00
  7.97e-02	  4.48e-02	0.00000e+00
  7.97e-02	  4.53e-02	0.00000e+00
  7.97e-02	  4.58e-02	0.00000e+00
  7.97e-02	  4.64e-02	0.00000e+00
  7.97e-02	  4.69e-02	0.00000e+00
  7.97e-02	  4.74e-02	0.00000e+00
  7.97e-02	  4.79e-02	0.00000e+00
  7.97e-02	  4.84e-02	0.00000e+00
  7.97e-02	  4.90e-02	0.00000e+00
  7.97e-02	  4.95e-02	0.00000e+00

  8.05e-02	  0.00e+00	0.00000e+00
  8.05e-02	  5.21e-04	0.00000e+00
  8.05e-02	  1.04e-03	0.00000e+00
  8.05e-02	  1.56e-03	0.00000e+00
  8.05e-02	  2.08e-03	0.00000e+00
  8.05e-02	  2.60e-03	0.00000e+00
  8.05e-02	  3.12e-03	0.00000e+00
  8.05e-02	  3.65e-03	0.00000e+00
  8.05e-02	  4.17e-03	0.00000e+00
  8.05e-02	  4.69e-03	0.00000e+00
  8.05e-02	  5.21e-03	0.00000e+00
  8.05e-02	  5.73e-03	0.00000e+00
  8.05e-02	  6.25e-03	0.00000e+00
  8.05e-02	  6.77e-03	0.00000e+00
  8.05e-02	  7.29e-03	-2.54118e-293
  8.05e-02	  7.81e-03	-1.72055e-260
  8.05e-02	  8.33e-03	-1.16461e-227
  8.05e-02	  8.85e-03	-7.88093e-195
  8.05e-02	  9.37e-03	-5.33173e-162
  8.05e-02	  9.90e-03	-3.60628e-129
  8.05e-02	  1.04e-02	-2.43871e-96
  8.05e-02	  1.09e-02	-1.64884e-63
  8.05e-02	  1.15e-02	-1.11462e-30
  8.05e-02	  1.20e-02	-7.26720e+01
  8.05e-02	  1.25e-02	-3.36813e+01
  8.05e-02	  1.30e-02	-3.05465e+01
  8.05e-02	  1.35e-02	-2.69687e+01
  8.05e-02	  1.41e-02	-2.18378e+01
  8.05e-02	  1.46e-02	-1.32961e+01
  8.05e-02	  1.51e-02	-5.64266e-01
  8.05e-02	  1.56e-02	1.24481e+01
  8.05e-02	  1.61e-02	2.14509e+01
  8.05e-02	  1.67e-02	2.69378e+01
  8.05e-02	  1.72e-02	3.07658e+01
  8.05e-02	  1.77e-02	3.40504e+01
  8.05e-02	  1.82e-02	7.35345e+01
  8.05e-02	  1.88e-02	9.35096e-31
  8.05e-02	  1.93e-02	1.64948e-63
  8.05e-02	  1.98e-02	-1.58431e-63
  8.05e-02	  2.03e-02	-1.07234e-30
  8.05e-02	  2.08e-02	-7.12697e+01
  8.05e-02	  2.14e-02	-3.33387e+01
  8.05e-02	  2.19e-02	-3.06381e+01
  8.05e-02	  2.24e-02	-2.77993e+01
  8.05e-02	  2.29e-02	-2.41109e+01
  8.05e-02	  2.34e-02	-1.80096e+01
  8.05e-02	  2.40e-02	-7.14801e+00
  8.05e-02	  2.45e-02	7.06555e+00
  8.05e-02	  2.50e-02	1.79742e+01
  8.05e-02	  2.55e-02	2.41093e+01
  8.05e-02	  2.60e-02	2.78145e+01
  8.05e-02	  2.66e-02	3.06606e+01
  8.05e-02	  2.71e-02	3.33626e+01
  8.05e-02	  2.76e-02	7.13162e+01
  8.05e-02	  2.81e-02	9.03275e-31
  8.05e-02	  2.86e-02	1.58314e-63
  8.05e-02	  2.92e-02	-1.62601e-63
  8.05e-02	  2.97e-02	-1.10164e-30
  8.05e-02	  3.02e-02	-7.24439e+01
  8.05e-02	  3.07e-02	-3.38416e+01
  8.05e-02	  3.13e-02	-3.10658e+01
  8.05e-02	  3.18e-02	-2.82088e+01
  8.05e-02	  3.23e-02	-2.46627e+01
  8.05e-02	  3.28e-02	-1.88626e+01
  8.05e-02	  3.33e-02	-7.66102e+00
  8.05e-02	  3.39e-02	8.04293e+00
  8.05e-02	  3.44e-02	1.93429e+01
  8.05e-02	  3.49e-02	2.50379e+01
  8.05e-02	  3.54e-02	2.83576e+01
  8.05e-02	  3.59e-02	3.09948e+01
  8.05e-02	  3.65e-02	3.36205e+01
  8.05e-02	  3.70e-02	7.18766e+01
  8.05e-02	  3.75e-02	9.19657e-31
  8.05e-02	  3.80e-02	1.61655e-63
  8.05e-02	  3.85e-02	2.39043e-96
  8.05e-02	  3.91e-02	3.53420e-129
  8.05e-02	  3.96e-02	5.22426e-162
  8.05e-02	  4.01e-02	7.72099e-195
  8.05e-02	  4.06e-02	1.14085e-227
  8.05e-02	  4.11e-02	1.68535e-260
  8.05e-02	  4.17e-02	2.48917e-293
  8.05e-02	  4.22e-02	0.00000e+00
  8.05e-02	  4.27e-02	0.00000e+00
  8.05e-02	  4.32e-02	0.00000e+00
  8.05e-02	  4.37e-02	0.00000e+00
  8.05e-02	  4.43e-02	0.00000e+00
  8.05e-02	  4.48e-02	0.00000e+00
  8.05e-02	  4.53e-02	0.00000e+00
  8.05e-02	  4.58e-02	0.00000e+00
  8.05e-02	  4.64e-02	0.00000e+00
  8.05e-02	  4.69e-02	0.00000e+00
  8.05e-02	  4.74e-02	0.00000e+00
  8.05e-02	  4.79e-02	0.00000e+00
  8.05e-02	  4.84e-02	0.00000e+00
  8.05e-02	  4.90e-02	0.00000e+00
  8.05e-02	  4.95e-02	0.00000e+00

  8.12e-02	  0.00e+00	0.00000e+00
  8.12e-02	  5.21e-04	0.00000e+00
  8.12e-02	  1.04e-03	0.00000e+00
  8.12e-02	  1.56e-03	0.00000e+00
  8.12e-02	  2.08e-03	0.00000e+00
  8.12e-02	  2.60e-03	0.00000e+00
  8.12e-02	  3.12e-03	0.00000e+00
  8.12e-02	  3.65e-03	0.00000e+00
  8.12e-02	  4.17e-03	0.00000e+00
  8.12e-02	  4.69e-03	0.00000e+00
  8.12e-02	  5.21e-03	0.00000e+00
  8.12e-02	  5.73e-03	0.00000e+00
  8.12e-02	  6.25e-03	0.00000e+00
  8.12e-02	  6.77e-03	0.00000e+00
  8.12e-02	  7.29e-03	-2.54079e-293
  8.12e-02	  7.81e-03	-1.72070e-260
  8.12e-02	  8.33e-03	-1.16496e-227
  8.12e-02	  8.85e-03	-7.88485e-195
  8.12e-02	  9.37e-03	-5.33522e-162
  8.12e-02	  9.90e-03	-3.60906e-129
  8.12e-02	  1.04e-02	-2.44077e-96
  8.12e-02	  1.09e-02	-1.65028e-63
  8.12e-02	  1.15e-02	-1.11557e-30
  8.12e-02	  1.20e-02	-7.26220e+01
  8.12e-02	  1.25e-02	-3.36605e+01
  8.12e-02	  1.30e-02	-3.05313e+01
  8.12e-02	  1.35e-02	-2.69676e+01
  8.12e-02	  1.41e-02	-2.18694e+01
  8.12e-02	  1.46e-02	-1.33779e+01
  8.12e-02	  1.51e-02	-6.47985e-01
  8.12e-02	  1.56e-02	1.24415e+01
  8.12e-02	  1.61e-02	2.14977e+01
  8.12e-02	  1.67e-02	2.69859e+01
  8.12e-02	  1.72e-02	3.07928e+01
  8.12e-02	  1.77e-02	3.40583e+01
  8.12e-02	  1.82e-02	7.35343e+01
  8.12e-02	  1.88e-02	9.30941e-31
  8.12e-02	  1.93e-02	1.64390e-63
  8.12e-02	  1.98e-02	-1.58182e-63
  8.12e-02	  2.03e-02	-1.07050e-30
  8.12e-02	  2.08e-02	-7.12160e+01
  8.12e-02	  2.14e-02	-3.33204e+01
  8.12e-02	  2.19e-02	-3.06379e+01
  8.12e-02	  2.24e-02	-2.78299e+01
  8.12e-02	  2.29e-02	-2.41826e+01
  8.12e-02	  2.34e-02	-1.81161e+01
  8.12e-02	  2.40e-02	-7.21294e+00
  8.12e-02	  2.45e-02	7.13096e+00
  8.12e-02	  2.50e-02	1.80815e+01
  8.12e-02	  2.55e-02	2.41820e+01
  8.12e-02	  2.60e-02	2.78455e+01
  8.12e-02	  2.66e-02	3.06596e+01
  8.12e-02	  2.71e-02	3.33430e+01
  8.12e-02	  2.76e-02	7.12601e+01
  8.12e-02	  2.81e-02	9.01437e-31
  8.12e-02	  2.86e-02	1.58051e-63
  8.12e-02	  2.92e-02	-1.62055e-63
  8.12e-02	  2.97e-02	-1.09774e-30
  8.12e-02	  3.02e-02	-7.24811e+01
  8.12e-02	  3.07e-02	-3.38639e+01
  8.12e-02	  3.13e-02	-3.11036e+01
  8.12e-02	  3.18e-02	-2.82627e+01
  8.12e-02	  3.23e-02	-2.47076e+01
  8.12e-02	  3.28e-02	-1.88284e+01
  8.12e-02	  3.33e-02	-7.49521e+00
  8.12e-02	  3.39e-02	8.16016e+00
  8.12e-02	  3.44e-02	1.93472e+01
  8.12e-02	  3.49e-02	2.50167e+01
  8.12e-02	  3.54e-02	2.83344e+01
  8.12e-02	  3.59e-02	3.09698e+01
  8.12e-02	  3.65e-02	3.35939e+01
  8.12e-02	  3.70e-02	7.18206e+01
  8.12e-02	  3.75e-02	9.20775e-31
  8.12e-02	  3.80e-02	1.61817e-63
  8.12e-02	  3.85e-02	2.39262e-96
  8.12e-02	  3.91e-02	3.53700e-129
  8.12e-02	  3.96e-02	5.22760e-162
  8.12e-02	  4.01e-02	7.72452e-195
  8.12e-02	  4.06e-02	1.14114e-227
  8.12e-02	  4.11e-02	1.68541e-260
  8.12e-02	  4.17e-02	2.48866e-293
  8.12e-02	  4.22e-02	0.00000e+00
  8.12e-02	  4.27e-02	0.00000e+00
  8.12e-02	  4.32e-02	0.00000e+00
  8.12e-02	  4.37e-02	0.00000e+00
  8.12e-02	  4.43e-02	0.00000e+00
  8.12e-02	  4.48e-02	0.00000e+00
  8.12e-02	  4.53e-02	0.00000e+00
  8.12e-02	  4.58e-02	0.00000e+00
  8.12e-02	  4.64e-02	0.00000e+00
  8.12e-02	  4.69e-02	0.00000e+00
  8.12e-02	  4.74e-02	0.00000e+00
  8.12e-02	  4.79e-02	0.00000e+00
  8.12e-02	  4.84e-02	0.00000e+00
  8.12e-02	  4.90e-02	0.00000e+00
  8.12e-02	  4.95e-02	0.00000e+00

  8.20e-02	  0.00e+00	0.00000e+00
  8.20e-02	  5.21e-04	0.00000e+00
  8.20e-02	  1.04e-03	0.00000e+00
  8.20e-02	  1.56e-03	0.00000e+00
  8.20e-02	  2.08e-03	0.00000e+00
  8.20e-02	  2.60e-03	0.00000e+00
  8.20e-02	  3.12e-03	0.00000e+00
  8.20e-02	  3.65e-03	0.00000e+00
  8.20e-02	  4.17e-03	0.00000e+00
  8.20e-02	  4.69e-03	0.00000e+00
  8.20e-02	  5.21e-03	0.00000e+00
  8.20e-02	  5.73e-03	0.00000e+00
  8.20e-02	  6.25e-03	0.00000e+00
  8.20e-02	  6.77e-03	0.00000e+00
  8.20e-02	  7.29e-03	-2.53884e-293
  8.20e-02	  7.81e-03	-1.71986e-260
  8.20e-02	  8.33e-03	-1.16471e-227
  8.20e-02	  8.85e-03	-7.88517e-195
  8.20e-02	  9.37e-03	-5.33669e-162
  8.20e-02	  9.90e-03	-3.61080e-129
  8.20e-02	  1.04e-02	-2.44236e-96
  8.20e-02	  1.09e-02	-1.65157e-63
  8.20e-02	  1.15e-02	-1.11654e-30
  8.20e-02	  1.20e-02	-7.25839e+01
  8.20e-02	  1.25e-02	-3.36461e+01
  8.20e-02	  1.30e-02	-3.05213e+01
  8.20e-02	  1.35e-02	-2.69699e+01
  8.20e-02	  1.41e-02	-2.19017e+01
  8.20e-02	  1.46e-02	-1.34514e+01
  8.20e-02	  1.51e-02	-7.04562e-01
  8.20e-02	  1.56e-02	1.24665e+01
  8.20e-02	  1.61e-02	2.15597e+01
  8.20e-02	  1.67e-02	2.70342e+01
  8.20e-02	  1.72e-02	3.08129e+01
  8.20e-02	  1.77e-02	3.40571e+01
  8.20e-02	  1.82e-02	7.35152e+01
  8.20e-02	  1.88e-02	9.27896e-31
  8.20e-02	  1.93e-02	1.63991e-63
  8.20e-02	  1.98e-02	-1.57985e-63
  8.20e-02	  2.03e-02	-1.06910e-30
  8.20e-02	  2.08e-02	-7.11609e+01
  8.20e-02	  2.14e-02	-3.33011e+01
  8.20e-02	  2.19e-02	-3.06360e+01
  8.20e-02	  2.24e-02	-2.78591e+01
  8.20e-02	  2.29e-02	-2.42568e+01
  8.20e-02	  2.34e-02	-1.82328e+01
  8.20e-02	  2.40e-02	-7.28619e+00
  8.20e-02	  2.45e-02	7.20665e+00
  8.20e-02	  2.50e-02	1.82007e+01
  8.20e-02	  2.55e-02	2.42579e+01
  8.20e-02	  2.60e-02	2.78749e+01
  8.20e-02	  2.66e-02	3.06564e+01
  8.20e-02	  2.71e-02	3.33218e+01
  8.20e-02	  2.76e-02	7.12017e+01
  8.20e-02	  2.81e-02	9.00093e-31
  8.20e-02	  2.86e-02	1.57848e-63
  8.20e-02	  2.92e-02	-1.61603e-63
  8.20e-02	  2.97e-02	-1.09451e-30
  8.20e-02	  3.02e-02	-7.24943e+01
  8.20e-02	  3.07e-02	-3.38747e+01
  8.20e-02	  3.13e-02	-3.11315e+01
  8.20e-02	  3.18e-02	-2.83122e+01
  8.20e-02	  3.23e-02	-2.47614e+01
  8.20e-02	  3.28e-02	-1.88284e+01
  8.20e-02	  3.33e-02	-7.38089e+00
  8.20e-02	  3.39e-02	8.26357e+00
  8.20e-02	  3.44e-02	1.93631e+01
  8.20e-02	  3.49e-02	2.50031e+01
  8.20e-02	  3.54e-02	2.83152e+01
  8.20e-02	  3.59e-02	3.09490e+01
  8.20e-02	  3.65e-02	3.35722e+01
  8.20e-02	  3.70e-02	7.17745e+01
  8.20e-02	  3.75e-02	9.21808e-31
  8.20e-02	  3.80e-02	1.61946e-63
  8.20e-02	  3.85e-02	2.39412e-96
  8.20e-02	  3.91e-02	3.53850e-129
  8.20e-02	  3.96e-02	5.22865e-162
  8.20e-02	  4.01e-02	7.72419e-195
  8.20e-02	  4.06e-02	1.14080e-227
  8.20e-02	  4.11e-02	1.68446e-260
  8.20e-02	  4.17e-02	2.48660e-293
  8.20e-02	  4.22e-02	0.00000e+00
  8.20e-02	  4.27e-02	0.00000e+00
  8.20e-02	  4.32e-02	0.00000e+00
  8.20e-02	  4.37e-02	0.00000e+00
  8.20e-02	  4.43e-02	0.00000e+00
  8.20e-02	  4.48e-02	0.00000e+00
  8.20e-02	  4.53e-02	0.00000e+00
  8.20e-02	  4.58e-02	0.00000e+00
  8.20e-02	  4.64e-02	0.00000e+00
  8.20e-02	  4.69e-02	0.00000e+00
  8.20e-02	  4.74e-02	0.00000e+00
  8.20e-02	  4.79e-02	0.00000e+00
  8.20e-02	  4.84e-02	0.00000e+00
  8.20e-02	  4.90e-02	0.00000e+00
  8.20e-02	  4.95e-02	0.00000e+00

  8.28e-02	  0.00e+00	0.00000e+00
  8.28e-02	  5.21e-04	0.00000e+00
  8.28e-02	  1.04e-03	0.00000e+00
  8.28e-02	  1.56e-03	0.00000e+00
  8.28e-02	  2.08e-03	0.00000e+00
  8.28e-02	  2.60e-03	0.00000e+00
  8.28e-02	  3.12e-03	0.00000e+00
  8.28e-02	  3.65e-03	0.00000e+00
  8.28e-02	  4.17e-03	0.00000e+00
  8.28e-02	  4.69e-03	0.00000e+00
  8.28e-02	  5.21e-03	0.00000e+00
  8.28e-02	  5.73e-03	0.00000e+00
  8.28e-02	  6.25e-03	0.00000e+00
  8.28e-02	  6.77e-03	0.00000e+00
  8.28e-02	  7.29e-03	-2.53515e-293
  8.28e-02	  7.81e-03	-1.71787e-260
  8.28e-02	  8.33e-03	-1.16372e-227
  8.28e-02	  8.85e-03	-7.88079e-195
  8.28e-02	  9.37e-03	-5.33524e-162
  8.28e-02	  9.90e-03	-3.61079e-129
  8.28e-02	  1.04e-02	-2.44295e-96
  8.28e-02	  1.09e-02	-1.65233e-63
  8.28e-02	  1.15e-02	-1.11725e-30
  8.28e-02	  1.20e-02	-7.25580e+01
  8.28e-02	  1.25e-02	-3.36382e+01
  8.28e-02	  1.30e-02	-3.05171e+01
  8.28e-02	  1.35e-02	-2.69756e+01
  8.28e-02	  1.41e-02	-2.19333e+01
  8.28e-02	  1.46e-02	-1.35134e+01
  8.28e-02	  1.51e-02	-7.33600e-01
  8.28e-02	  1.56e-02	1.25188e+01
  8.28e-02	  1.61e-02	2.16329e+01
  8.28e-02	  1.67e-02	2.70812e+01
  8.28e-02	  1.72e-02	3.08268e+01
  8.28e-02	  1.77e-02	3.40482e+01
  8.28e-02	  1.82e-02	7.34786e+01
  8.28e-02	  1.88e-02	9.25737e-31
  8.28e-02	  1.93e-02	1.63707e-63
  8.28e-02	  1.98e-02	-1.57803e-63
  8.28e-02	  2.03e-02	-1.06788e-30
  8.28e-02	  2.08e-02	-7.11048e+01
  8.28e-02	  2.14e-02	-3.32815e+01
  8.28e-02	  2.19e-02	-3.06331e+01
  8.28e-02	  2.24e-02	-2.78869e+01
  8.28e-02	  2.29e-02	-2.43320e+01
  8.28e-02	  2.34e-02	-1.83567e+01
  8.28e-02	  2.40e-02	-7.36575e+00
  8.28e-02	  2.45e-02	7.29113e+00
  8.28e-02	  2.50e-02	1.83286e+01
  8.28e-02	  2.55e-02	2.43351e+01
  8.28e-02	  2.60e-02	2.79025e+01
  8.28e-02	  2.66e-02	3.06517e+01
  8.28e-02	  2.71e-02	3.32995e+01
  8.28e-02	  2.76e-02	7.11413e+01
  8.28e-02	  2.81e-02	8.99010e-31
  8.28e-02	  2.86e-02	1.57667e-63
  8.28e-02	  2.92e-02	-1.61216e-63
  8.28e-02	  2.97e-02	-1.09178e-30
  8.28e-02	  3.02e-02	-7.24850e+01
  8.28e-02	  3.07e-02	-3.38752e+01
  8.28e-02	  3.13e-02	-3.11506e+01
  8.28e-02	  3.18e-02	-2.83570e+01
  8.28e-02	  3.23e-02	-2.48221e+01
  8.28e-02	  3.28e-02	-1.88594e+01
  8.28e-02	  3.33e-02	-7.31445e+00
  8.28e-02	  3.39e-02	8.35220e+00
  8.28e-02	  3.44e-02	1.93876e+01
  8.28e-02	  3.49e-02	2.49966e+01
  8.28e-02	  3.54e-02	2.83006e+01
  8.28e-02	  3.59e-02	3.09327e+01
  8.28e-02	  3.65e-02	3.35553e+01
  8.28e-02	  3.70e-02	7.17379e+01
  8.28e-02	  3.75e-02	9.22523e-31
  8.28e-02	  3.80e-02	1.62009e-63
  8.28e-02	  3.85e-02	2.39448e-96
  8.28e-02	  3.91e-02	3.53812e-129
  8.28e-02	  3.96e-02	5.22666e-162
  8.28e-02	  4.01e-02	7.71909e-195
  8.28e-02	  4.06e-02	1.13972e-227
  8.28e-02	  4.11e-02	1.68239e-260
  8.28e-02	  4.17e-02	2.48287e-293
  8.28e-02	  4.22e-02	0.00000e+00
  8.28e-02	  4.27e-02	0.00000e+00
  8.28e-02	  4.32e-02	0.00000e+00
  8.28e-02	  4.37e-02	0.00000e+00
  8.28e-02	  4.43e-02	0.00000e+00
  8.28e-02	  4.48e-02	0.00000e+00
  8.28e-02	  4.53e-02	0.00000e+00
  8.28e-02	  4.58e-02	0.00000e+00
  8.28e-02	  4.64e-02	0.00000e+00
  8.28e-02	  4.69e-02	0.00000e+00
  8.28e-02	  4.74e-02	0.00000e+00
  8.28e-02	  4.79e-02	0.00000e+00
  8.28e-02	  4.84e-02	0.00000e+00
  8.28e-02	  4.90e-02	0.00000e+00
  8.28e-02	  4.95e-02	0.00000e+00

  8.36e-02	  0.00e+00	0.00000e+00
  8.36e-02	  5.21e-04	0.00000e+00
  8.36e-02	  1.04e-03	0.00000e+00
  8.36e-02	  1.56e-03	0.00000e+00
  8.36e-02	  2.08e-03	0.00000e+00
  8.36e-02	  2.60e-03	0.00000e+00
  8.36e-02	  3.12e-03	0.00000e+00
  8.36e-02	  3.65e-03	0.00000e+00
  8.36e-02	  4.17e-03	0.00000e+00
  8.36e-02	  4.69e-03	0.00000e+00
  8.36e-02	  5.21e-03	0.00000e+00
  8.36e-02	  5.73e-03	0.00000e+00
  8.36e-02	  6.25e-03	0.00000e+00
  8.36e-02	  6.77e-03	0.00000e+00
  8.36e-02	  7.29e-03	-2.52971e-293
  8.36e-02	  7.81e-03	-1.71470e-260
  8.36e-02	  8.33e-03	-1.16192e-227
  8.36e-02	  8.85e-03	-7.87108e-195
  8.36e-02	  9.37e-03	-5.33034e-162
  8.36e-02	  9.90e-03	-3.60857e-129
  8.36e-02	  1.04e-02	-2.44217e-96
  8.36e-02	  1.09e-02	-1.65225e-63
  8.36e-02	  1.15e-02	-1.11748e-30
  8.36e-02	  1.20e-02	-7.25432e+01
  8.36e-02	  1.25e-02	-3.36365e+01
  8.36e-02	  1.30e-02	-3.05188e+01
  8.36e-02	  1.35e-02	-2.69854e+01
  8.36e-02	  1.41e-02	-2.19638e+01
  8.36e-02	  1.46e-02	-1.35629e+01
  8.36e-02	  1.51e-02	-7.36288e-01
  8.36e-02	  1.56e-02	1.25941e+01
  8.36e-02	  1.61e-02	2.17133e+01
  8.36e-02	  1.67e-02	2.71256e+01
  8.36e-02	  1.72e-02	3.08351e+01
  8.36e-02	  1.77e-02	3.40327e+01
  8.36e-02	  1.82e-02	7.34265e+01
  8.36e-02	  1.88e-02	9.24200e-31
  8.36e-02	  1.93e-02	1.63491e-63
  8.36e-02	  1.98e-02	-1.57601e-63
  8.36e-02	  2.03e-02	-1.06662e-30
  8.36e-02	  2.08e-02	-7.10479e+01
  8.36e-02	  2.14e-02	-3.32620e+01
  8.36e-02	  2.19e-02	-3.06299e+01
  8.36e-02	  2.24e-02	-2.79136e+01
  8.36e-02	  2.29e-02	-2.44074e+01
  8.36e-02	  2.34e-02	-1.84854e+01
  8.36e-02	  2.40e-02	-7.45000e+00
  8.36e-02	  2.45e-02	7.38296e+00
  8.36e-02	  2.50e-02	1.84625e+01
  8.36e-02	  2.55e-02	2.44124e+01
  8.36e-02	  2.60e-02	2.79284e+01
  8.36e-02	  2.66e-02	3.06459e+01
  8.36e-02	  2.71e-02	3.32769e+01
  8.36e-02	  2.76e-02	7.10790e+01
  8.36e-02	  2.81e-02	8.97964e-31
  8.36e-02	  2.86e-02	1.57472e-63
  8.36e-02	  2.92e-02	-1.60863e-63
  8.36e-02	  2.97e-02	-1.08935e-30
  8.36e-02	  3.02e-02	-7.24550e+01
  8.36e-02	  3.07e-02	-3.38666e+01
  8.36e-02	  3.13e-02	-3.11618e+01
  8.36e-02	  3.18e-02	-2.83971e+01
  8.36e-02	  3.23e-02	-2.48883e+01
  8.36e-02	  3.28e-02	-1.89179e+01
  8.36e-02	  3.33e-02	-7.29206e+00
  8.36e-02	  3.39e-02	8.42622e+00
  8.36e-02	  3.44e-02	1.94193e+01
  8.36e-02	  3.49e-02	2.49970e+01
  8.36e-02	  3.54e-02	2.82912e+01
  8.36e-02	  3.59e-02	3.09214e+01
  8.36e-02	  3.65e-02	3.35430e+01
  8.36e-02	  3.70e-02	7.17094e+01
  8.36e-02	  3.75e-02	9.22734e-31
  8.36e-02	  3.80e-02	1.61981e-63
  8.36e-02	  3.85e-02	2.39339e-96
  8.36e-02	  3.91e-02	3.53547e-129
  8.36e-02	  3.96e-02	5.22119e-162
  8.36e-02	  4.01e-02	7.70872e-195
  8.36e-02	  4.06e-02	1.13786e-227
  8.36e-02	  4.11e-02	1.67918e-260
  8.36e-02	  4.17e-02	2.47746e-293
  8.36e-02	  4.22e-02	0.00000e+00
  8.36e-02	  4.27e-02	0.00000e+00
  8.36e-02	  4.32e-02	0.00000e+00
  8.36e-02	  4.37e-02	0.00000e+00
  8.36e-02	  4.43e-02	0.00000e+00
  8.36e-02	  4.48e-02	0.00000e+00
  8.36e-02	  4.53e-02	0.00000e+00
  8.36e-02	  4.58e-02	0.00000e+00
  8.36e-02	  4.64e-02	0.00000e+00
  8.36e-02	  4.69e-02	0.00000e+00
  8.36e-02	  4.74e-02	0.00000e+00
  8.36e-02	  4.79e-02	0.00000e+00
  8.36e-02	  4.84e-02	0.00000e+00
  8.36e-02	  4.90e-02	0.00000e+00
  8.36e-02	  4.95e-02	0.00000e+00

  8.44e-02	  0.00e+00	0.00000e+00
  8.44e-02	  5.21e-04	0.00000e+00
  8.44e-02	  1.04e-03	0.00000e+00
  8.44e-02	  1.56e-03	0.00000e+00
  8.44e-02	  2.08e-03	0.00000e+00
  8.44e-02	  2.60e-03	0.00000e+00
  8.44e-02	  3.12e-03	0.00000e+00
  8.44e-02	  3.65e-03	0.00000e+00
  8.44e-02	  4.17e-03	0.00000e+00
  8.44e-02	  4.69e-03	0.00000e+00
  8.44e-02	  5.21e-03	0.00000e+00
  8.44e-02	  5.73e-03	0.00000e+00
  8.44e-02	  6.25e-03	0.00000e+00
  8.44e-02	  6.77e-03	0.00000e+00
  8.44e-02	  7.29e-03	-2.52260e-293
  8.44e-02	  7.81e-03	-1.71035e-260
  8.44e-02	  8.33e-03	-1.15932e-227
  8.44e-02	  8.85e-03	-7.85586e-195
  8.44e-02	  9.37e-03	-5.32172e-162
  8.44e-02	  9.90e-03	-3.60389e-129
  8.44e-02	  1.04e-02	-2.43978e-96
  8.44e-02	  1.09e-02	-1.65116e-63
  8.44e-02	  1.15e-02	-1.11707e-30
  8.44e-02	  1.20e-02	-7.25374e+01
  8.44e-02	  1.25e-02	-3.36400e+01
  8.44e-02	  1.30e-02	-3.05262e+01
  8.44e-02	  1.35e-02	-2.69997e+01
  8.44e-02	  1.41e-02	-2.19942e+01
  8.44e-02	  1.46e-02	-1.36010e+01
  8.44e-02	  1.51e-02	-7.15365e-01
  8.44e-02	  1.56e-02	1.26877e+01
  8.44e-02	  1.61e-02	2.17977e+01
  8.44e-02	  1.67e-02	2.71667e+01
  8.44e-02	  1.72e-02	3.08386e+01
  8.44e-02	  1.77e-02	3.40121e+01
  8.44e-02	  1.82e-02	7.33611e+01
  8.44e-02	  1.88e-02	9.23010e-31
  8.44e-02	  1.93e-02	1.63298e-63
  8.44e-02	  1.98e-02	-1.57353e-63
  8.44e-02	  2.03e-02	-1.06511e-30
  8.44e-02	  2.08e-02	-7.09901e+01
  8.44e-02	  2.14e-02	-3.32427e+01
  8.44e-02	  2.19e-02	-3.06269e+01
  8.44e-02	  2.24e-02	-2.79398e+01
  8.44e-02	  2.29e-02	-2.44826e+01
  8.44e-02	  2.34e-02	-1.86174e+01
  8.44e-02	  2.40e-02	-7.53790e+00
  8.44e-02	  2.45e-02	7.48092e+00
  8.44e-02	  2.50e-02	1.86006e+01
  8.44e-02	  2.55e-02	2.44893e+01
  8.44e-02	  2.60e-02	2.79532e+01
  8.44e-02	  2.66e-02	3.06399e+01
  8.44e-02	  2.71e-02	3.32541e+01
  8.44e-02	  2.76e-02	7.10150e+01
  8.44e-02	  2.81e-02	8.96758e-31
  8.44e-02	  2.86e-02	1.57235e-63
  8.44e-02	  2.92e-02	-1.60517e-63
  8.44e-02	  2.97e-02	-1.08703e-30
  8.44e-02	  3.02e-02	-7.24066e+01
  8.44e-02	  3.07e-02	-3.38503e+01
  8.44e-02	  3.13e-02	-3.11663e+01
  8.44e-02	  3.18e-02	-2.84328e+01
  8.44e-02	  3.23e-02	-2.49583e+01
  8.44e-02	  3.28e-02	-1.90002e+01
  8.44e-02	  3.33e-02	-7.30955e+00
  8.44e-02	  3.39e-02	8.48707e+00
  8.44e-02	  3.44e-02	1.94582e+01
  8.44e-02	  3.49e-02	2.50052e+01
  8.44e-02	  3.54e-02	2.82878e+01
  8.44e-02	  3.59e-02	3.09149e+01
  8.44e-02	  3.65e-02	3.35347e+01
  8.44e-02	  3.70e-02	7.16873e+01
  8.44e-02	  3.75e-02	9.22310e-31
  8.44e-02	  3.80e-02	1.61847e-63
  8.44e-02	  3.85e-02	2.39067e-96
  8.44e-02	  3.91e-02	3.53036e-129
  8.44e-02	  3.96e-02	5.21208e-162
  8.44e-02	  4.01e-02	7.69302e-195
  8.44e-02	  4.06e-02	1.13523e-227
  8.44e-02	  4.11e-02	1.67485e-260
  8.44e-02	  4.17e-02	2.47048e-293
  8.44e-02	  4.22e-02	0.00000e+00
  8.44e-02	  4.27e-02	0.00000e+00
  8.44e-02	  4.32e-02	0.00000e+00
  8.44e-02	  4.37e-02	0.00000e+00
  8.44e-02	  4.43e-02	0.00000e+00
  8.44e-02	  4.48e-02	0.00000e+00
  8.44e-02	  4.53e-02	0.00000e+00
  8.44e-02	  4.58e-02	0.00000e+00
  8.44e-02	  4.64e-02	0.00000e+00
  8.44e-02	  4.69e-02	0.00000e+00
  8.44e-02	  4.74e-02	0.00000e+00
  8.44e-02	  4.79e-02	0.00000e+00
  8.44e-02	  4.84e-02	0.00000e+00
  8.44e-02	  4.90e-02	0.00000e+00
  8.44e-02	  4.95e-02	0.00000e+00

  8.52e-02	  0.00e+00	0.00000e+00
  8.52e-02	  5.21e-04	0.00000e+00
  8.52e-02	  1.04e-03	0.00000e+00
  8.52e-02	  1.56e-03	0.00000e+00
  8.52e-02	  2.08e-03	0.00000e+00
  8.52e-02	  2.60e-03	0.00000e+00
  8.52e-02	  3.12e-03	0.00000e+00
  8.52e-02	  3.65e-03	0.00000e+00
  8.52e-02	  4.17e-03	0.00000e+00
  8.52e-02	  4.69e-03	0.00000e+00
  8.52e-02	  5.21e-03	0.00000e+00
  8.52e-02	  5.73e-03	0.00000e+00
  8.52e-02	  6.25e-03	0.00000e+00
  8.52e-02	  6.77e-03	0.00000e+00
  8.52e-02	  7.29e-03	-2.51400e-293
  8.52e-02	  7.81e-03	-1.70494e-260
  8.52e-02	  8.33e-03	-1.15596e-227
  8.52e-02	  8.85e-03	-7.83531e-195
  8.52e-02	  9.37e-03	-5.30940e-162
  8.52e-02	  9.90e-03	-3.59669e-129
  8.52e-02	  1.04e-02	-2.43570e-96
  8.52e-02	  1.09e-02	-1.64893e-63
  8.52e-02	  1.15e-02	-1.11593e-30
  8.52e-02	  1.20e-02	-7.25377e+01
  8.52e-02	  1.25e-02	-3.36476e+01
  8.52e-02	  1.30e-02	-3.05389e+01
  8.52e-02	  1.35e-02	-2.70192e+01
  8.52e-02	  1.41e-02	-2.20261e+01
  8.52e-02	  1.46e-02	-1.36305e+01
  8.52e-02	  1.51e-02	-6.74834e-01
  8.52e-02	  1.56e-02	1.27951e+01
  8.52e-02	  1.61e-02	2.18836e+01
  8.52e-02	  1.67e-02	2.72044e+01
  8.52e-02	  1.72e-02	3.08385e+01
  8.52e-02	  1.77e-02	3.39877e+01
  8.52e-02	  1.82e-02	7.32850e+01
  8.52e-02	  1.88e-02	9.21917e-31
  8.52e-02	  1.93e-02	1.63092e-63
  8.52e-02	  1.98e-02	-1.57042e-63
  8.52e-02	  2.03e-02	-1.06320e-30
  8.52e-02	  2.08e-02	-7.09310e+01
  8.52e-02	  2.14e-02	-3.32238e+01
  8.52e-02	  2.19e-02	-3.06245e+01
  8.52e-02	  2.24e-02	-2.79659e+01
  8.52e-02	  2.29e-02	-2.45578e+01
  8.52e-02	  2.34e-02	-1.87522e+01
  8.52e-02	  2.40e-02	-7.62906e+00
  8.52e-02	  2.45e-02	7.58414e+00
  8.52e-02	  2.50e-02	1.87417e+01
  8.52e-02	  2.55e-02	2.45657e+01
  8.52e-02	  2.60e-02	2.79774e+01
  8.52e-02	  2.66e-02	3.06340e+01
  8.52e-02	  2.71e-02	3.32314e+01
  8.52e-02	  2.76e-02	7.09492e+01
  8.52e-02	  2.81e-02	8.95243e-31
  8.52e-02	  2.86e-02	1.56935e-63
  8.52e-02	  2.92e-02	-1.60154e-63
  8.52e-02	  2.97e-02	-1.08465e-30
  8.52e-02	  3.02e-02	-7.23422e+01
  8.52e-02	  3.07e-02	-3.38277e+01
  8.52e-02	  3.13e-02	-3.11653e+01
  8.52e-02	  3.18e-02	-2.84646e+01
  8.52e-02	  3.23e-02	-2.50311e+01
  8.52e-02	  3.28e-02	-1.91031e+01
  8.52e-02	  3.33e-02	-7.36258e+00
  8.52e-02	  3.39e-02	8.53752e+00
  8.52e-02	  3.44e-02	1.95054e+01
  8.52e-02	  3.49e-02	2.50223e+01
  8.52e-02	  3.54e-02	2.82908e+01
  8.52e-02	  3.59e-02	3.09130e+01
  8.52e-02	  3.65e-02	3.35295e+01
  8.52e-02	  3.70e-02	7.16694e+01
  8.52e-02	  3.75e-02	9.21182e-31
  8.52e-02	  3.80e-02	1.61600e-63
  8.52e-02	  3.85e-02	2.38627e-96
  8.52e-02	  3.91e-02	3.52280e-129
  8.52e-02	  3.96e-02	5.19941e-162
  8.52e-02	  4.01e-02	7.67224e-195
  8.52e-02	  4.06e-02	1.13188e-227
  8.52e-02	  4.11e-02	1.66952e-260
  8.52e-02	  4.17e-02	2.46210e-293
  8.52e-02	  4.22e-02	0.00000e+00
  8.52e-02	  4.27e-02	0.00000e+00
  8.52e-02	  4.32e-02	0.00000e+00
  8.52e-02	  4.37e-02	0.00000e+00
  8.52e-02	  4.43e-02	0.00000e+00
  8.52e-02	  4.48e-02	0.00000e+00
  8.52e-02	  4.53e-02	0.00000e+00
  8.52e-02	  4.58e-02	0.00000e+00
  8.52e-02	  4.64e-02	0.00000e+00
  8.52e-02	  4.69e-02	0.00000e+00
  8.52e-02	  4.74e-02	0.00000e+00
  8.52e-02	  4.79e-02	0.00000e+00
  8.52e-02	  4.84e-02	0.00000e+00
  8.52e-02	  4.90e-02	0.00000e+00
  8.52e-02	  4.95e-02	0.00000e+00

  8.59e-02	  0.00e+00	0.00000e+00
  8.59e-02	  5.21e-04	0.00000e+00
  8.59e-02	  1.04e-03	0.00000e+00
  8.59e-02	  1.56e-03	0.00000e+00
  8.59e-02	  2.08e-03	0.00000e+00
  8.59e-02	  2.60e-03	0.00000e+00
  8.59e-02	  3.12e-03	0.00000e+00
  8.59e-02	  3.65e-03	0.00000e+00
  8.59e-02	  4.17e-03	0.00000e+00
  8.59e-02	  4.69e-03	0.00000e+00
  8.59e-02	  5.21e-03	0.00000e+00
  8.59e-02	  5.73e-03	0.00000e+00
  8.59e-02	  6.25e-03	0.00000e+00
  8.59e-02	  6.77e-03	0.00000e+00
  8.59e-02	  7.29e-03	-2.50413e-293
  8.59e-02	  7.81e-03	-1.69859e-260
  8.59e-02	  8.33e-03	-1.15192e-227
  8.59e-02	  8.85e-03	-7.80990e-195
  8.59e-02	  9.37e-03	-5.29364e-162
  8.59e-02	  9.90e-03	-3.58706e-129
  8.59e-02	  1.04e-02	-2.42993e-96
  8.59e-02	  1.09e-02	-1.64555e-63
  8.59e-02	  1.15e-02	-1.11400e-30
  8.59e-02	  1.20e-02	-7.25408e+01
  8.59e-02	  1.25e-02	-3.36577e+01
  8.59e-02	  1.30e-02	-3.05559e+01
  8.59e-02	  1.35e-02	-2.70442e+01
  8.59e-02	  1.41e-02	-2.20616e+01
  8.59e-02	  1.46e-02	-1.36551e+01
  8.59e-02	  1.51e-02	-6.19501e-01
  8.59e-02	  1.56e-02	1.29127e+01
  8.59e-02	  1.61e-02	2.19698e+01
  8.59e-02	  1.67e-02	2.72391e+01
  8.59e-02	  1.72e-02	3.08356e+01
  8.59e-02	  1.77e-02	3.39606e+01
  8.59e-02	  1.82e-02	7.32005e+01
  8.59e-02	  1.88e-02	9.20716e-31
  8.59e-02	  1.93e-02	1.62843e-63
  8.59e-02	  1.98e-02	-1.56656e-63
  8.59e-02	  2.03e-02	-1.06082e-30
  8.59e-02	  2.08e-02	-7.08701e+01
  8.59e-02	  2.14e-02	-3.32050e+01
  8.59e-02	  2.19e-02	-3.06226e+01
  8.59e-02	  2.24e-02	-2.79926e+01
  8.59e-02	  2.29e-02	-2.46338e+01
  8.59e-02	  2.34e-02	-1.88899e+01
  8.59e-02	  2.40e-02	-7.72371e+00
  8.59e-02	  2.45e-02	7.69224e+00
  8.59e-02	  2.50e-02	1.88858e+01
  8.59e-02	  2.55e-02	2.46423e+01
  8.59e-02	  2.60e-02	2.80016e+01
  8.59e-02	  2.66e-02	3.06286e+01
  8.59e-02	  2.71e-02	3.32088e+01
  8.59e-02	  2.76e-02	7.08813e+01
  8.59e-02	  2.81e-02	8.93323e-31
  8.59e-02	  2.86e-02	1.56562e-63
  8.59e-02	  2.92e-02	-1.59759e-63
  8.59e-02	  2.97e-02	-1.08208e-30
  8.59e-02	  3.02e-02	-7.22646e+01
  8.59e-02	  3.07e-02	-3.38001e+01
  8.59e-02	  3.13e-02	-3.11599e+01
  8.59e-02	  3.18e-02	-2.84931e+01
  8.59e-02	  3.23e-02	-2.51061e+01
  8.59e-02	  3.28e-02	-1.92237e+01
  8.59e-02	  3.33e-02	-7.44671e+00
  8.59e-02	  3.39e-02	8.58134e+00
  8.59e-02	  3.44e-02	1.95630e+01
  8.59e-02	  3.49e-02	2.50493e+01
  8.59e-02	  3.54e-02	2.83006e+01
  8.59e-02	  3.59e-02	3.09151e+01
  8.59e-02	  3.65e-02	3.35263e+01
  8.59e-02	  3.70e-02	7.16532e+01
  8.59e-02	  3.75e-02	9.19333e-31
  8.59e-02	  3.80e-02	1.61240e-63
  8.59e-02	  3.85e-02	2.38024e-96
  8.59e-02	  3.91e-02	3.51292e-129
  8.59e-02	  3.96e-02	5.18347e-162
  8.59e-02	  4.01e-02	7.64688e-195
  8.59e-02	  4.06e-02	1.12789e-227
  8.59e-02	  4.11e-02	1.66332e-260
  8.59e-02	  4.17e-02	2.45255e-293
  8.59e-02	  4.22e-02	0.00000e+00
  8.59e-02	  4.27e-02	0.00000e+00
  8.59e-02	  4.32e-02	0.00000e+00
  8.59e-02	  4.37e-02	0.00000e+00
  8.59e-02	  4.43e-02	0.00000e+00
  8.59e-02	  4.48e-02	0.00000e+00
  8.59e-02	  4.53e-02	0.00000e+00
  8.59e-02	  4.58e-02	0.00000e+00
  8.59e-02	  4.64e-02	0.00000e+00
  8.59e-02	  4.69e-02	0.00000e+00
  8.59e-02	  4.74e-02	0.00000e+00
  8.59e-02	  4.79e-02	0.00000e+00
  8.59e-02	  4.84e-02	0.00000e+00
  8.59e-02	  4.90e-02	0.00000e+00
  8.59e-02	  4.95e-02	0.00000e+00

  8.67e-02	  0.00e+00	0.00000e+00
  8.67e-02	  5.21e-04	0.00000e+00
  8.67e-02	  1.04e-03	0.00000e+00
  8.67e-02	  1.56e-03	0.00000e+00
  8.67e-02	  2.08e-03	0.00000e+00
  8.67e-02	  2.60e-03	0.00000e+00
  8.67e-02	  3.12e-03	0.00000e+00
  8.67e-02	  3.65e-03	0.00000e+00
  8.67e-02	  4.17e-03	0.00000e+00
  8.67e-02	  4.69e-03	0.00000e+00
  8.67e-02	  5.21e-03	0.00000e+00
  8.67e-02	  5.73e-03	0.00000e+00
  8.67e-02	  6.25e-03	0.00000e+00
  8.67e-02	  6.77e-03	0.00000e+00
  8.67e-02	  7.29e-03	-2.49326e-293
  8.67e-02	  7.81e-03	-1.69148e-260
  8.67e-02	  8.33e-03	-1.14731e-227
  8.67e-02	  8.85e-03	-7.78029e-195
  8.67e-02	  9.37e-03	-5.27481e-162
  8.67e-02	  9.90e-03	-3.57523e-129
  8.67e-02	  1.04e-02	-2.42259e-96
  8.67e-02	  1.09e-02	-1.64107e-63
  8.67e-02	  1.15e-02	-1.11132e-30
  8.67e-02	  1.20e-02	-7.25432e+01
  8.67e-02	  1.25e-02	-3.36687e+01
  8.67e-02	  1.30e-02	-3.05762e+01
  8.67e-02	  1.35e-02	-2.70749e+01
  8.67e-02	  1.41e-02	-2.21029e+01
  8.67e-02	  1.46e-02	-1.36794e+01
  8.67e-02	  1.51e-02	-5.54442e-01
  8.67e-02	  1.56e-02	1.30373e+01
  8.67e-02	  1.61e-02	2.20557e+01
  8.67e-02	  1.67e-02	2.72716e+01
  8.67e-02	  1.72e-02	3.08311e+01
  8.67e-02	  1.77e-02	3.39319e+01
  8.67e-02	  1.82e-02	7.31103e+01
  8.67e-02	  1.88e-02	9.19256e-31
  8.67e-02	  1.93e-02	1.62536e-63
  8.67e-02	  1.98e-02	-1.56196e-63
  8.67e-02	  2.03e-02	-1.05793e-30
  8.67e-02	  2.08e-02	-7.08071e+01
  8.67e-02	  2.14e-02	-3.31859e+01
  8.67e-02	  2.19e-02	-3.06212e+01
  8.67e-02	  2.24e-02	-2.80202e+01
  8.67e-02	  2.29e-02	-2.47113e+01
  8.67e-02	  2.34e-02	-1.90316e+01
  8.67e-02	  2.40e-02	-7.82269e+00
  8.67e-02	  2.45e-02	7.80530e+00
  8.67e-02	  2.50e-02	1.90333e+01
  8.67e-02	  2.55e-02	2.47197e+01
  8.67e-02	  2.60e-02	2.80266e+01
  8.67e-02	  2.66e-02	3.06237e+01
  8.67e-02	  2.71e-02	3.31861e+01
  8.67e-02	  2.76e-02	7.08111e+01
  8.67e-02	  2.81e-02	8.90956e-31
  8.67e-02	  2.86e-02	1.56113e-63
  8.67e-02	  2.92e-02	-1.59322e-63
  8.67e-02	  2.97e-02	-1.07924e-30
  8.67e-02	  3.02e-02	-7.21766e+01
  8.67e-02	  3.07e-02	-3.37687e+01
  8.67e-02	  3.13e-02	-3.11511e+01
  8.67e-02	  3.18e-02	-2.85190e+01
  8.67e-02	  3.23e-02	-2.51831e+01
  8.67e-02	  3.28e-02	-1.93599e+01
  8.67e-02	  3.33e-02	-7.55766e+00
  8.67e-02	  3.39e-02	8.62303e+00
  8.67e-02	  3.44e-02	1.96334e+01
  8.67e-02	  3.49e-02	2.50873e+01
  8.67e-02	  3.54e-02	2.83171e+01
  8.67e-02	  3.59e-02	3.09204e+01
  8.67e-02	  3.65e-02	3.35238e+01
  8.67e-02	  3.70e-02	7.16362e+01
  8.67e-02	  3.75e-02	9.16796e-31
  8.67e-02	  3.80e-02	1.60774e-63
  8.67e-02	  3.85e-02	2.37273e-96
  8.67e-02	  3.91e-02	3.50097e-129
  8.67e-02	  3.96e-02	5.16468e-162
  8.67e-02	  4.01e-02	7.61765e-195
  8.67e-02	  4.06e-02	1.12339e-227
  8.67e-02	  4.11e-02	1.65643e-260
  8.67e-02	  4.17e-02	2.44210e-293
  8.67e-02	  4.22e-02	0.00000e+00
  8.67e-02	  4.27e-02	0.00000e+00
  8.67e-02	  4.32e-02	0.00000e+00
  8.67e-02	  4.37e-02	0.00000e+00
  8.67e-02	  4.43e-02	0.00000e+00
  8.67e-02	  4.48e-02	0.00000e+00
  8.67e-02	  4.53e-02	0.00000e+00
  8.67e-02	  4.58e-02	0.00000e+00
  8.67e-02	  4.64e-02	0.00000e+00
  8.67e-02	  4.69e-02	0.00000e+00
  8.67e-02	  4.74e-02	0.00000e+00
  8.67e-02	  4.79e-02	0.00000e+00
  8.67e-02	  4.84e-02	0.00000e+00
  8.67e-02	  4.90e-02	0.00000e+00
  8.67e-02	  4.95e-02	0.00000e+00

  8.75e-02	  0.00e+00	0.00000e+00
  8.75e-02	  5.21e-04	0.00000e+00
  8.75e-02	  1.04e-03	0.00000e+00
  8.75e-02	  1.56e-03	0.00000e+00
  8.75e-02	  2.08e-03	0.00000e+00
  8.75e-02	  2.60e-03	0.00000e+00
  8.75e-02	  3.12e-03	0.00000e+00
  8.75e-02	  3.65e-03	0.00000e+00
  8.75e-02	  4.17e-03	0.00000e+00
  8.75e-02	  4.69e-03	0.00000e+00
  8.75e-02	  5.21e-03	0.00000e+00
  8.75e-02	  5.73e-03	0.00000e+00
  8.75e-02	  6.25e-03	0.00000e+00
  8.75e-02	  6.77e-03	0.00000e+00
  8.75e-02	  7.29e-03	-2.48167e-293
  8.75e-02	  7.81e-03	-1.68380e-260
  8.75e-02	  8.33e-03	-1.14226e-227
  8.75e-02	  8.85e-03	-7.74730e-195
  8.75e-02	  9.37e-03	-5.25345e-162
  8.75e-02	  9.90e-03	-3.56153e-129
  8.75e-02	  1.04e-02	-2.41389e-96
  8.75e-02	  1.09e-02	-1.63561e-63
  8.75e-02	  1.15e-02	-1.10793e-30
  8.75e-02	  1.20e-02	-7.25420e+01
  8.75e-02	  1.25e-02	-3.36791e+01
  8.75e-02	  1.30e-02	-3.05988e+01
  8.75e-02	  1.35e-02	-2.71113e+01
  8.75e-02	  1.41e-02	-2.21517e+01
  8.75e-02	  1.46e-02	-1.37078e+01
  8.75e-02	  1.51e-02	-4.84511e-01
  8.75e-02	  1.56e-02	1.31670e+01
  8.75e-02	  1.61e-02	2.21415e+01
  8.75e-02	  1.67e-02	2.73028e+01
  8.75e-02	  1.72e-02	3.08257e+01
  8.75e-02	  1.77e-02	3.39025e+01
  8.75e-02	  1.82e-02	7.30165e+01
  8.75e-02	  1.88e-02	9.17447e-31
  8.75e-02	  1.93e-02	1.62161e-63
  8.75e-02	  1.98e-02	-1.55665e-63
  8.75e-02	  2.03e-02	-1.05454e-30
  8.75e-02	  2.08e-02	-7.07414e+01
  8.75e-02	  2.14e-02	-3.31663e+01
  8.75e-02	  2.19e-02	-3.06201e+01
  8.75e-02	  2.24e-02	-2.80490e+01
  8.75e-02	  2.29e-02	-2.47912e+01
  8.75e-02	  2.34e-02	-1.91785e+01
  8.75e-02	  2.40e-02	-7.92727e+00
  8.75e-02	  2.45e-02	7.92391e+00
  8.75e-02	  2.50e-02	1.91853e+01
  8.75e-02	  2.55e-02	2.47989e+01
  8.75e-02	  2.60e-02	2.80525e+01
  8.75e-02	  2.66e-02	3.06193e+01
  8.75e-02	  2.71e-02	3.31632e+01
  8.75e-02	  2.76e-02	7.07386e+01
  8.75e-02	  2.81e-02	8.88147e-31
  8.75e-02	  2.86e-02	1.55592e-63
  8.75e-02	  2.92e-02	-1.58840e-63
  8.75e-02	  2.97e-02	-1.07611e-30
  8.75e-02	  3.02e-02	-7.20809e+01
  8.75e-02	  3.07e-02	-3.37346e+01
  8.75e-02	  3.13e-02	-3.11398e+01
  8.75e-02	  3.18e-02	-2.85431e+01
  8.75e-02	  3.23e-02	-2.52619e+01
  8.75e-02	  3.28e-02	-1.95098e+01
  8.75e-02	  3.33e-02	-7.69143e+00
  8.75e-02	  3.39e-02	8.66735e+00
  8.75e-02	  3.44e-02	1.97189e+01
  8.75e-02	  3.49e-02	2.51366e+01
  8.75e-02	  3.54e-02	2.83399e+01
  8.75e-02	  3.59e-02	3.09279e+01
  8.75e-02	  3.65e-02	3.35211e+01
  8.75e-02	  3.70e-02	7.16159e+01
  8.75e-02	  3.75e-02	9.13638e-31
  8.75e-02	  3.80e-02	1.60215e-63
  8.75e-02	  3.85e-02	2.36393e-96
  8.75e-02	  3.91e-02	3.48727e-129
  8.75e-02	  3.96e-02	5.14356e-162
  8.75e-02	  4.01e-02	7.58537e-195
  8.75e-02	  4.06e-02	1.11849e-227
  8.75e-02	  4.11e-02	1.64904e-260
  8.75e-02	  4.17e-02	2.43102e-293
  8.75e-02	  4.22e-02	0.00000e+00
  8.75e-02	  4.27e-02	0.00000e+00
  8.75e-02	  4.32e-02	0.00000e+00
  8.75e-02	  4.37e-02	0.00000e+00
  8.75e-02	  4.43e-02	0.00000e+00
  8.75e-02	  4.48e-02	0.00000e+00
  8.75e-02	  4.53e-02	0.00000e+00
  8.75e-02	  4.58e-02	0.00000e+00
  8.75e-02	  4.64e-02	0.00000e+00
  8.75e-02	  4.69e-02	0.00000e+00
  8.75e-02	  4.74e-02	0.00000e+00
  8.75e-02	  4.79e-02	0.00000e+00
  8.75e-02	  4.84e-02	0.00000e+00
  8.75e-02	  4.90e-02	0.00000e+00
  8.75e-02	  4.95e-02	0.00000e+00

  8.83e-02	  0.00e+00	0.00000e+00
  8.83e-02	  5.21e-04	0.00000e+00
  8.83e-02	  1.04e-03	0.00000e+00
  8.83e-02	  1.56e-03	0.00000e+00
  8.83e-02	  2.08e-03	0.00000e+00
  8.83e-02	  2.60e-03	0.00000e+00
  8.83e-02	  3.12e-03	0.00000e+00
  8.83e-02	  3.65e-03	0.00000e+00
  8.83e-02	  4.17e-03	0.00000e+00
  8.83e-02	  4.69e-03	0.00000e+00
  8.83e-02	  5.21e-03	0.00000e+00
  8.83e-02	  5.73e-03	0.00000e+00
  8.83e-02	  6.25e-03	0.00000e+00
  8.83e-02	  6.77e-03	0.00000e+00
  8.83e-02	  7.29e-03	-2.46964e-293
  8.83e-02	  7.81e-03	-1.67575e-260
  8.83e-02	  8.33e-03	-1.13689e-227
  8.83e-02	  8.85e-03	-7.71182e-195
  8.83e-02	  9.37e-03	-5.23013e-162
  8.83e-02	  9.90e-03	-3.54631e-129
  8.83e-02	  1.04e-02	-2.40405e-96
  8.83e-02	  1.09e-02	-1.62930e-63
  8.83e-02	  1.15e-02	-1.10393e-30
  8.83e-02	  1.20e-02	-7.25345e+01
  8.83e-02	  1.25e-02	-3.36877e+01
  8.83e-02	  1.30e-02	-3.06225e+01
  8.83e-02	  1.35e-02	-2.71529e+01
  8.83e-02	  1.41e-02	-2.22094e+01
  8.83e-02	  1.46e-02	-1.37442e+01
  8.83e-02	  1.51e-02	-4.13957e-01
  8.83e-02	  1.56e-02	1.33003e+01
  8.83e-02	  1.61e-02	2.22280e+01
  8.83e-02	  1.67e-02	2.73338e+01
  8.83e-02	  1.72e-02	3.08203e+01
  8.83e-02	  1.77e-02	3.38729e+01
  8.83e-02	  1.82e-02	7.29212e+01
  8.83e-02	  1.88e-02	9.15252e-31
  8.83e-02	  1.93e-02	1.61718e-63
  8.83e-02	  1.98e-02	-1.55075e-63
  8.83e-02	  2.03e-02	-1.05072e-30
  8.83e-02	  2.08e-02	-7.06728e+01
  8.83e-02	  2.14e-02	-3.31457e+01
  8.83e-02	  2.19e-02	-3.06190e+01
  8.83e-02	  2.24e-02	-2.80790e+01
  8.83e-02	  2.29e-02	-2.48741e+01
  8.83e-02	  2.34e-02	-1.93323e+01
  8.83e-02	  2.40e-02	-8.03902e+00
  8.83e-02	  2.45e-02	8.04900e+00
  8.83e-02	  2.50e-02	1.93431e+01
  8.83e-02	  2.55e-02	2.48806e+01
  8.83e-02	  2.60e-02	2.80798e+01
  8.83e-02	  2.66e-02	3.06152e+01
  8.83e-02	  2.71e-02	3.31397e+01
  8.83e-02	  2.76e-02	7.06637e+01
  8.83e-02	  2.81e-02	8.84942e-31
  8.83e-02	  2.86e-02	1.55011e-63
  8.83e-02	  2.92e-02	-1.58316e-63
  8.83e-02	  2.97e-02	-1.07269e-30
  8.83e-02	  3.02e-02	-7.19803e+01
  8.83e-02	  3.07e-02	-3.36988e+01
  8.83e-02	  3.13e-02	-3.11267e+01
  8.83e-02	  3.18e-02	-2.85659e+01
  8.83e-02	  3.23e-02	-2.53427e+01
  8.83e-02	  3.28e-02	-1.96720e+01
  8.83e-02	  3.33e-02	-7.84454e+00
  8.83e-02	  3.39e-02	8.71893e+00
  8.83e-02	  3.44e-02	1.98214e+01
  8.83e-02	  3.49e-02	2.51973e+01
  8.83e-02	  3.54e-02	2.83682e+01
  8.83e-02	  3.59e-02	3.09366e+01
  8.83e-02	  3.65e-02	3.35170e+01
  8.83e-02	  3.70e-02	7.15903e+01
  8.83e-02	  3.75e-02	9.09957e-31
  8.83e-02	  3.80e-02	1.59577e-63
  8.83e-02	  3.85e-02	2.35410e-96
  8.83e-02	  3.91e-02	3.47223e-129
  8.83e-02	  3.96e-02	5.12072e-162
  8.83e-02	  4.01e-02	7.55092e-195
  8.83e-02	  4.06e-02	1.11332e-227
  8.83e-02	  4.11e-02	1.64135e-260
  8.83e-02	  4.17e-02	2.41960e-293
  8.83e-02	  4.22e-02	0.00000e+00
  8.83e-02	  4.27e-02	0.00000e+00
  8.83e-02	  4.32e-02	0.00000e+00
  8.83e-02	  4.37e-02	0.00000e+00
  8.83e-02	  4.43e-02	0.00000e+00
  8.83e-02	  4.48e-02	0.00000e+00
  8.83e-02	  4.53e-02	0.00000e+00
  8.83e-02	  4.58e-02	0.00000e+00
  8.83e-02	  4.64e-02	0.00000e+00
  8.83e-02	  4.69e-02	0.00000e+00
  8.83e-02	  4.74e-02	0.00000e+00
  8.83e-02	  4.79e-02	0.00000e+00
  8.83e-02	  4.84e-02	0.00000e+00
  8.83e-02	  4.90e-02	0.00000e+00
  8.83e-02	  4.95e-02	0.00000e+00

  8.91e-02	  0.00e+00	0.00000e+00
  8.91e-02	  5.21e-04	0.00000e+00
  8.91e-02	  1.04e-03	0.00000e+00
  8.91e-02	  1.56e-03	0.00000e+00
  8.91e-02	  2.08e-03	0.00000e+00
  8.91e-02	  2.60e-03	0.00000e+00
  8.91e-02	  3.12e-03	0.00000e+00
  8.91e-02	  3.65e-03	0.00000e+00
  8.91e-02	  4.17e-03	0.00000e+00
  8.91e-02	  4.69e-03	0.00000e+00
  8.91e-02	  5.21e-03	0.00000e+00
  8.91e-02	  5.73e-03	0.00000e+00
  8.91e-02	  6.25e-03	0.00000e+00
  8.91e-02	  6.77e-03	0.00000e+00
  8.91e-02	  7.29e-03	-2.45746e-293
  8.91e-02	  7.81e-03	-1.66751e-260
  8.91e-02	  8.33e-03	-1.13135e-227
  8.91e-02	  8.85e-03	-7.67474e-195
  8.91e-02	  9.37e-03	-5.20546e-162
  8.91e-02	  9.90e-03	-3.53001e-129
  8.91e-02	  1.04e-02	-2.39334e-96
  8.91e-02	  1.09e-02	-1.62233e-63
  8.91e-02	  1.15e-02	-1.09943e-30
  8.91e-02	  1.20e-02	-7.25188e+01
  8.91e-02	  1.25e-02	-3.36935e+01
  8.91e-02	  1.30e-02	-3.06464e+01
  8.91e-02	  1.35e-02	-2.71992e+01
  8.91e-02	  1.41e-02	-2.22770e+01
  8.91e-02	  1.46e-02	-1.37921e+01
  8.91e-02	  1.51e-02	-3.46184e-01
  8.91e-02	  1.56e-02	1.34369e+01
  8.91e-02	  1.61e-02	2.23163e+01
  8.91e-02	  1.67e-02	2.73654e+01
  8.91e-02	  1.72e-02	3.08153e+01
  8.91e-02	  1.77e-02	3.38438e+01
  8.91e-02	  1.82e-02	7.28260e+01
  8.91e-02	  1.88e-02	9.12678e-31
  8.91e-02	  1.93e-02	1.61215e-63
  8.91e-02	  1.98e-02	-1.54439e-63
  8.91e-02	  2.03e-02	-1.04655e-30
  8.91e-02	  2.08e-02	-7.06012e+01
  8.91e-02	  2.14e-02	-3.31240e+01
  8.91e-02	  2.19e-02	-3.06174e+01
  8.91e-02	  2.24e-02	-2.81100e+01
  8.91e-02	  2.29e-02	-2.49605e+01
  8.91e-02	  2.34e-02	-1.94944e+01
  8.91e-02	  2.40e-02	-8.15958e+00
  8.91e-02	  2.45e-02	8.18175e+00
  8.91e-02	  2.50e-02	1.95082e+01
  8.91e-02	  2.55e-02	2.49655e+01
  8.91e-02	  2.60e-02	2.81082e+01
  8.91e-02	  2.66e-02	3.06110e+01
  8.91e-02	  2.71e-02	3.31155e+01
  8.91e-02	  2.76e-02	7.05863e+01
  8.91e-02	  2.81e-02	8.81413e-31
  8.91e-02	  2.86e-02	1.54382e-63
  8.91e-02	  2.92e-02	-1.57758e-63
  8.91e-02	  2.97e-02	-1.06901e-30
  8.91e-02	  3.02e-02	-7.18770e+01
  8.91e-02	  3.07e-02	-3.36620e+01
  8.91e-02	  3.13e-02	-3.11124e+01
  8.91e-02	  3.18e-02	-2.85878e+01
  8.91e-02	  3.23e-02	-2.54255e+01
  8.91e-02	  3.28e-02	-1.98454e+01
  8.91e-02	  3.33e-02	-8.01403e+00
  8.91e-02	  3.39e-02	8.78195e+00
  8.91e-02	  3.44e-02	1.99422e+01
  8.91e-02	  3.49e-02	2.52689e+01
  8.91e-02	  3.54e-02	2.84010e+01
  8.91e-02	  3.59e-02	3.09455e+01
  8.91e-02	  3.65e-02	3.35107e+01
  8.91e-02	  3.70e-02	7.15580e+01
  8.91e-02	  3.75e-02	9.05869e-31
  8.91e-02	  3.80e-02	1.58880e-63
  8.91e-02	  3.85e-02	2.34351e-96
  8.91e-02	  3.91e-02	3.45625e-129
  8.91e-02	  3.96e-02	5.09676e-162
  8.91e-02	  4.01e-02	7.51520e-195
  8.91e-02	  4.06e-02	1.10803e-227
  8.91e-02	  4.11e-02	1.63353e-260
  8.91e-02	  4.17e-02	2.40811e-293
  8.91e-02	  4.22e-02	0.00000e+00
  8.91e-02	  4.27e-02	0.00000e+00
  8.91e-02	  4.32e-02	0.00000e+00
  8.91e-02	  4.37e-02	0.00000e+00
  8.91e-02	  4.43e-02	0.00000e+00
  8.91e-02	  4.48e-02	0.00000e+00
  8.91e-02	  4.53e-02	0.00000e+00
  8.91e-02	  4.58e-02	0.00000e+00
  8.91e-02	  4.64e-02	0.00000e+00
  8.91e-02	  4.69e-02	0.00000e+00
  8.91e-02	  4.74e-02	0.00000e+00
  8.91e-02	  4.79e-02	0.00000e+00
  8.91e-02	  4.84e-02	0.00000e+00
  8.91e-02	  4.90e-02	0.00000e+00
  8.91e-02	  4.95e-02	0.00000e+00

  8.98e-02	  0.00e+00	0.00000e+00
  8.98e-02	  5.21e-04	0.00000e+00
  8.98e-02	  1.04e-03	0.00000e+00
  8.98e-02	  1.56e-03	0.00000e+00
  8.98e-02	  2.08e-03	0.00000e+00
  8.98e-02	  2.60e-03	0.00000e+00
  8.98e-02	  3.12e-03	0.00000e+00
  8.98e-02	  3.65e-03	0.00000e+00
  8.98e-02	  4.17e-03	0.00000e+00
  8.98e-02	  4.69e-03	0.00000e+00
  8.98e-02	  5.21e-03	0.00000e+00
  8.98e-02	  5.73e-03	0.00000e+00
  8.98e-02	  6.25e-03	0.00000e+00
  8.98e-02	  6.77e-03	0.00000e+00
  8.98e-02	  7.29e-03	-2.44538e-293
  8.98e-02	  7.81e-03	-1.65928e-260
  8.98e-02	  8.33e-03	-1.12576e-227
  8.98e-02	  8.85e-03	-7.63697e-195
  8.98e-02	  9.37e-03	-5.18007e-162
  8.98e-02	  9.90e-03	-3.51304e-129
  8.98e-02	  1.04e-02	-2.38206e-96
  8.98e-02	  1.09e-02	-1.61488e-63
  8.98e-02	  1.15e-02	-1.09454e-30
  8.98e-02	  1.20e-02	-7.24938e+01
  8.98e-02	  1.25e-02	-3.36958e+01
  8.98e-02	  1.30e-02	-3.06695e+01
  8.98e-02	  1.35e-02	-2.72494e+01
  8.98e-02	  1.41e-02	-2.23547e+01
  8.98e-02	  1.46e-02	-1.38537e+01
  8.98e-02	  1.51e-02	-2.83681e-01
  8.98e-02	  1.56e-02	1.35765e+01
  8.98e-02	  1.61e-02	2.24071e+01
  8.98e-02	  1.67e-02	2.73984e+01
  8.98e-02	  1.72e-02	3.08112e+01
  8.98e-02	  1.77e-02	3.38155e+01
  8.98e-02	  1.82e-02	7.27324e+01
  8.98e-02	  1.88e-02	9.09769e-31
  8.98e-02	  1.93e-02	1.60661e-63
  8.98e-02	  1.98e-02	-1.53773e-63
  8.98e-02	  2.03e-02	-1.04214e-30
  8.98e-02	  2.08e-02	-7.05267e+01
  8.98e-02	  2.14e-02	-3.31008e+01
  8.98e-02	  2.19e-02	-3.06149e+01
  8.98e-02	  2.24e-02	-2.81417e+01
  8.98e-02	  2.29e-02	-2.50505e+01
  8.98e-02	  2.34e-02	-1.96659e+01
  8.98e-02	  2.40e-02	-8.29054e+00
  8.98e-02	  2.45e-02	8.32343e+00
  8.98e-02	  2.50e-02	1.96816e+01
  8.98e-02	  2.55e-02	2.50538e+01
  8.98e-02	  2.60e-02	2.81377e+01
  8.98e-02	  2.66e-02	3.06066e+01
  8.98e-02	  2.71e-02	3.30904e+01
  8.98e-02	  2.76e-02	7.05067e+01
  8.98e-02	  2.81e-02	8.77651e-31
  8.98e-02	  2.86e-02	1.53723e-63
  8.98e-02	  2.92e-02	-1.57175e-63
  8.98e-02	  2.97e-02	-1.06513e-30
  8.98e-02	  3.02e-02	-7.17732e+01
  8.98e-02	  3.07e-02	-3.36248e+01
  8.98e-02	  3.13e-02	-3.10973e+01
  8.98e-02	  3.18e-02	-2.86091e+01
  8.98e-02	  3.23e-02	-2.55102e+01
  8.98e-02	  3.28e-02	-2.00292e+01
  8.98e-02	  3.33e-02	-8.19750e+00
  8.98e-02	  3.39e-02	8.85988e+00
  8.98e-02	  3.44e-02	2.00817e+01
  8.98e-02	  3.49e-02	2.53503e+01
  8.98e-02	  3.54e-02	2.84370e+01
  8.98e-02	  3.59e-02	3.09537e+01
  8.98e-02	  3.65e-02	3.35015e+01
  8.98e-02	  3.70e-02	7.15178e+01
  8.98e-02	  3.75e-02	9.01497e-31
  8.98e-02	  3.80e-02	1.58143e-63
  8.98e-02	  3.85e-02	2.33244e-96
  8.98e-02	  3.91e-02	3.43975e-129
  8.98e-02	  3.96e-02	5.07229e-162
  8.98e-02	  4.01e-02	7.47910e-195
  8.98e-02	  4.06e-02	1.10272e-227
  8.98e-02	  4.11e-02	1.62578e-260
  8.98e-02	  4.17e-02	2.39681e-293
  8.98e-02	  4.22e-02	0.00000e+00
  8.98e-02	  4.27e-02	0.00000e+00
  8.98e-02	  4.32e-02	0.00000e+00
  8.98e-02	  4.37e-02	0.00000e+00
  8.98e-02	  4.43e-02	0.00000e+00
  8.98e-02	  4.48e-02	0.00000e+00
  8.98e-02	  4.53e-02	0.00000e+00
  8.98e-02	  4.58e-02	0.00000e+00
  8.98e-02	  4.64e-02	0.00000e+00
  8.98e-02	  4.69e-02	0.00000e+00
  8.98e-02	  4.74e-02	0.00000e+00
  8.98e-02	  4.79e-02	0.00000e+00
  8.98e-02	  4.84e-02	0.00000e+00
  8.98e-02	  4.90e-02	0.00000e+00
  8.98e-02	  4.95e-02	0.00000e+00

  9.06e-02	  0.00e+00	0.00000e+00
  9.06e-02	  5.21e-04	0.00000e+00
  9.06e-02	  1.04e-03	0.00000e+00
  9.06e-02	  1.56e-03	0.00000e+00
  9.06e-02	  2.08e-03	0.00000e+00
  9.06e-02	  2.60e-03	0.00000e+00
  9.06e-02	  3.12e-03	0.00000e+00
  9.06e-02	  3.65e-03	0.00000e+00
  9.06e-02	  4.17e-03	0.00000e+00
  9.06e-02	  4.69e-03	0.00000e+00
  9.06e-02	  5.21e-03	0.00000e+00
  9.06e-02	  5.73e-03	0.00000e+00
  9.06e-02	  6.25e-03	0.00000e+00
  9.06e-02	  6.77e-03	0.00000e+00
  9.06e-02	  7.29e-03	-2.43364e-293
  9.06e-02	  7.81e-03	-1.65121e-260
  9.06e-02	  8.33e-03	-1.12024e-227
  9.06e-02	  8.85e-03	-7.59934e-195
  9.06e-02	  9.37e-03	-5.15454e-162
  9.06e-02	  9.90e-03	-3.49580e-129
  9.06e-02	  1.04e-02	-2.37049e-96
  9.06e-02	  1.09e-02	-1.60715e-63
  9.06e-02	  1.15e-02	-1.08941e-30
  9.06e-02	  1.20e-02	-7.24590e+01
  9.06e-02	  1.25e-02	-3.36942e+01
  9.06e-02	  1.30e-02	-3.06910e+01
  9.06e-02	  1.35e-02	-2.73027e+01
  9.06e-02	  1.41e-02	-2.24423e+01
  9.06e-02	  1.46e-02	-1.39306e+01
  9.06e-02	  1.51e-02	-2.28063e-01
  9.06e-02	  1.56e-02	1.37195e+01
  9.06e-02	  1.61e-02	2.25013e+01
  9.06e-02	  1.67e-02	2.74332e+01
  9.06e-02	  1.72e-02	3.08081e+01
  9.06e-02	  1.77e-02	3.37882e+01
  9.06e-02	  1.82e-02	7.26413e+01
  9.06e-02	  1.88e-02	9.06589e-31
  9.06e-02	  1.93e-02	1.60072e-63
  9.06e-02	  1.98e-02	-1.53094e-63
  9.06e-02	  2.03e-02	-1.03758e-30
  9.06e-02	  2.08e-02	-7.04496e+01
  9.06e-02	  2.14e-02	-3.30762e+01
  9.06e-02	  2.19e-02	-3.06113e+01
  9.06e-02	  2.24e-02	-2.81738e+01
  9.06e-02	  2.29e-02	-2.51439e+01
  9.06e-02	  2.34e-02	-1.98475e+01
  9.06e-02	  2.40e-02	-8.43325e+00
  9.06e-02	  2.45e-02	8.47524e+00
  9.06e-02	  2.50e-02	1.98641e+01
  9.06e-02	  2.55e-02	2.51453e+01
  9.06e-02	  2.60e-02	2.81678e+01
  9.06e-02	  2.66e-02	3.06014e+01
  9.06e-02	  2.71e-02	3.30643e+01
  9.06e-02	  2.76e-02	7.04252e+01
  9.06e-02	  2.81e-02	8.73758e-31
  9.06e-02	  2.86e-02	1.53050e-63
  9.06e-02	  2.92e-02	-1.56580e-63
  9.06e-02	  2.97e-02	-1.06114e-30
  9.06e-02	  3.02e-02	-7.16709e+01
  9.06e-02	  3.07e-02	-3.35880e+01
  9.06e-02	  3.13e-02	-3.10817e+01
  9.06e-02	  3.18e-02	-2.86300e+01
  9.06e-02	  3.23e-02	-2.55966e+01
  9.06e-02	  3.28e-02	-2.02222e+01
  9.06e-02	  3.33e-02	-8.39301e+00
  9.06e-02	  3.39e-02	8.95534e+00
  9.06e-02	  3.44e-02	2.02398e+01
  9.06e-02	  3.49e-02	2.54400e+01
  9.06e-02	  3.54e-02	2.84751e+01
  9.06e-02	  3.59e-02	3.09602e+01
  9.06e-02	  3.65e-02	3.34890e+01
  9.06e-02	  3.70e-02	7.14693e+01
  9.06e-02	  3.75e-02	8.96967e-31
  9.06e-02	  3.80e-02	1.57384e-63
  9.06e-02	  3.85e-02	2.32118e-96
  9.06e-02	  3.91e-02	3.42313e-129
  9.06e-02	  3.96e-02	5.04789e-162
  9.06e-02	  4.01e-02	7.44343e-195
  9.06e-02	  4.06e-02	1.09753e-227
  9.06e-02	  4.11e-02	1.61824e-260
  9.06e-02	  4.17e-02	2.38593e-293
  9.06e-02	  4.22e-02	0.00000e+00
  9.06e-02	  4.27e-02	0.00000e+00
  9.06e-02	  4.32e-02	0.00000e+00
  9.06e-02	  4.37e-02	0.00000e+00
  9.06e-02	  4.43e-02	0.00000e+00
  9.06e-02	  4.48e-02	0.00000e+00
  9.06e-02	  4.53e-02	0.00000e+00
  9.06e-02	  4.58e-02	0.00000e+00
  9.06e-02	  4.64e-02	0.00000e+00
  9.06e-02	  4.69e-02	0.00000e+00
  9.06e-02	  4.74e-02	0.00000e+00
  9.06e-02	  4.79e-02	0.00000e+00
  9.06e-02	  4.84e-02	0.00000e+00
  9.06e-02	  4.90e-02	0.00000e+00
  9.06e-02	  4.95e-02	0.00000e+00

  9.14e-02	  0.00e+00	0.00000e+00
  9.14e-02	  5.21e-04	0.00000e+00
  9.14e-02	  1.04e-03	0.00000e+00
  9.14e-02	  1.56e-03	0.00000e+00
  9.14e-02	  2.08e-03	0.00000e+00
  9.14e-02	  2.60e-03	0.00000e+00
  9.14e-02	  3.12e-03	0.00000e+00
  9.14e-02	  3.65e-03	0.00000e+00
  9.14e-02	  4.17e-03	0.00000e+00
  9.14e-02	  4.69e-03	0.00000e+00
  9.14e-02	  5.21e-03	0.00000e+00
  9.14e-02	  5.73e-03	0.00000e+00
  9.14e-02	  6.25e-03	0.00000e+00
  9.14e-02	  6.77e-03	0.00000e+00
  9.14e-02	  7.29e-03	-2.42244e-293
  9.14e-02	  7.81e-03	-1.64346e-260
  9.14e-02	  8.33e-03	-1.11489e-227
  9.14e-02	  8.85e-03	-7.56260e-195
  9.14e-02	  9.37e-03	-5.12940e-162
  9.14e-02	  9.90e-03	-3.47867e-129
  9.14e-02	  1.04e-02	-2.35887e-96
  9.14e-02	  1.09e-02	-1.59931e-63
  9.14e-02	  1.15e-02	-1.08416e-30
  9.14e-02	  1.20e-02	-7.24146e+01
  9.14e-02	  1.25e-02	-3.36885e+01
  9.14e-02	  1.30e-02	-3.07104e+01
  9.14e-02	  1.35e-02	-2.73580e+01
  9.14e-02	  1.41e-02	-2.25390e+01
  9.14e-02	  1.46e-02	-1.40232e+01
  9.14e-02	  1.51e-02	-1.80205e-01
  9.14e-02	  1.56e-02	1.38660e+01
  9.14e-02	  1.61e-02	2.25992e+01
  9.14e-02	  1.67e-02	2.74700e+01
  9.14e-02	  1.72e-02	3.08061e+01
  9.14e-02	  1.77e-02	3.37622e+01
  9.14e-02	  1.82e-02	7.25537e+01
  9.14e-02	  1.88e-02	9.03222e-31
  9.14e-02	  1.93e-02	1.59461e-63
  9.14e-02	  1.98e-02	-1.52419e-63
  9.14e-02	  2.03e-02	-1.03301e-30
  9.14e-02	  2.08e-02	-7.03703e+01
  9.14e-02	  2.14e-02	-3.30501e+01
  9.14e-02	  2.19e-02	-3.06063e+01
  9.14e-02	  2.24e-02	-2.82055e+01
  9.14e-02	  2.29e-02	-2.52400e+01
  9.14e-02	  2.34e-02	-2.00393e+01
  9.14e-02	  2.40e-02	-8.58874e+00
  9.14e-02	  2.45e-02	8.63820e+00
  9.14e-02	  2.50e-02	2.00559e+01
  9.14e-02	  2.55e-02	2.52396e+01
  9.14e-02	  2.60e-02	2.81980e+01
  9.14e-02	  2.66e-02	3.05953e+01
  9.14e-02	  2.71e-02	3.30371e+01
  9.14e-02	  2.76e-02	7.03423e+01
  9.14e-02	  2.81e-02	8.69834e-31
  9.14e-02	  2.86e-02	1.52378e-63
  9.14e-02	  2.92e-02	-1.55984e-63
  9.14e-02	  2.97e-02	-1.05711e-30
  9.14e-02	  3.02e-02	-7.15715e+01
  9.14e-02	  3.07e-02	-3.35519e+01
  9.14e-02	  3.13e-02	-3.10659e+01
  9.14e-02	  3.18e-02	-2.86504e+01
  9.14e-02	  3.23e-02	-2.56843e+01
  9.14e-02	  3.28e-02	-2.04232e+01
  9.14e-02	  3.33e-02	-8.59898e+00
  9.14e-02	  3.39e-02	9.07006e+00
  9.14e-02	  3.44e-02	2.04152e+01
  9.14e-02	  3.49e-02	2.55362e+01
  9.14e-02	  3.54e-02	2.85137e+01
  9.14e-02	  3.59e-02	3.09644e+01
  9.14e-02	  3.65e-02	3.34730e+01
  9.14e-02	  3.70e-02	7.14127e+01
  9.14e-02	  3.75e-02	8.92403e-31
  9.14e-02	  3.80e-02	1.56621e-63
  9.14e-02	  3.85e-02	2.30998e-96
  9.14e-02	  3.91e-02	3.40677e-129
  9.14e-02	  3.96e-02	5.02409e-162
  9.14e-02	  4.01e-02	7.40893e-195
  9.14e-02	  4.06e-02	1.09255e-227
  9.14e-02	  4.11e-02	1.61108e-260
  9.14e-02	  4.17e-02	2.37565e-293
  9.14e-02	  4.22e-02	0.00000e+00
  9.14e-02	  4.27e-02	0.00000e+00
  9.14e-02	  4.32e-02	0.00000e+00
  9.14e-02	  4.37e-02	0.00000e+00
  9.14e-02	  4.43e-02	0.00000e+00
  9.14e-02	  4.48e-02	0.00000e+00
  9.14e-02	  4.53e-02	0.00000e+00
  9.14e-02	  4.58e-02	0.00000e+00
  9.14e-02	  4.64e-02	0.00000e+00
  9.14e-02	  4.69e-02	0.00000e+00
  9.14e-02	  4.74e-02	0.00000e+00
  9.14e-02	  4.79e-02	0.00000e+00
  9.14e-02	  4.84e-02	0.00000e+00
  9.14e-02	  4.90e-02	0.00000e+00
  9.14e-02	  4.95e-02	0.00000e+00

  9.22e-02	  0.00e+00	0.00000e+00
  9.22e-02	  5.21e-04	0.00000e+00
  9.22e-02	  1.04e-03	0.00000e+00
  9.22e-02	  1.56e-03	0.00000e+00
  9.22e-02	  2.08e-03	0.00000e+00
  9.22e-02	  2.60e-03	0.00000e+00
  9.22e-02	  3.12e-03	0.00000e+00
  9.22e-02	  3.65e-03	0.00000e+00
  9.22e-02	  4.17e-03	0.00000e+00
  9.22e-02	  4.69e-03	0.00000e+00
  9.22e-02	  5.21e-03	0.00000e+00
  9.22e-02	  5.73e-03	0.00000e+00
  9.22e-02	  6.25e-03	0.00000e+00
  9.22e-02	  6.77e-03	0.00000e+00
  9.22e-02	  7.29e-03	-2.41194e-293
  9.22e-02	  7.81e-03	-1.63614e-260
  9.22e-02	  8.33e-03	-1.10981e-227
  9.22e-02	  8.85e-03	-7.52737e-195
  9.22e-02	  9.37e-03	-5.10510e-162
  9.22e-02	  9.90e-03	-3.46198e-129
  9.22e-02	  1.04e-02	-2.34746e-96
  9.22e-02	  1.09e-02	-1.59155e-63
  9.22e-02	  1.15e-02	-1.07890e-30
  9.22e-02	  1.20e-02	-7.23611e+01
  9.22e-02	  1.25e-02	-3.36789e+01
  9.22e-02	  1.30e-02	-3.07272e+01
  9.22e-02	  1.35e-02	-2.74143e+01
  9.22e-02	  1.41e-02	-2.26436e+01
  9.22e-02	  1.46e-02	-1.41313e+01
  9.22e-02	  1.51e-02	-1.40425e-01
  9.22e-02	  1.56e-02	1.40161e+01
  9.22e-02	  1.61e-02	2.27008e+01
  9.22e-02	  1.67e-02	2.75088e+01
  9.22e-02	  1.72e-02	3.08052e+01
  9.22e-02	  1.77e-02	3.37376e+01
  9.22e-02	  1.82e-02	7.24703e+01
  9.22e-02	  1.88e-02	8.99755e-31
  9.22e-02	  1.93e-02	1.58846e-63
  9.22e-02	  1.98e-02	-1.51762e-63
  9.22e-02	  2.03e-02	-1.02852e-30
  9.22e-02	  2.08e-02	-7.02897e+01
  9.22e-02	  2.14e-02	-3.30227e+01
  9.22e-02	  2.19e-02	-3.05997e+01
  9.22e-02	  2.24e-02	-2.82364e+01
  9.22e-02	  2.29e-02	-2.53381e+01
  9.22e-02	  2.34e-02	-2.02408e+01
  9.22e-02	  2.40e-02	-8.75760e+00
  9.22e-02	  2.45e-02	8.81298e+00
  9.22e-02	  2.50e-02	2.02566e+01
  9.22e-02	  2.55e-02	2.53360e+01
  9.22e-02	  2.60e-02	2.82278e+01
  9.22e-02	  2.66e-02	3.05880e+01
  9.22e-02	  2.71e-02	3.30090e+01
  9.22e-02	  2.76e-02	7.02585e+01
  9.22e-02	  2.81e-02	8.65977e-31
  9.22e-02	  2.86e-02	1.51725e-63
  9.22e-02	  2.92e-02	-1.55400e-63
  9.22e-02	  2.97e-02	-1.05313e-30
  9.22e-02	  3.02e-02	-7.14764e+01
  9.22e-02	  3.07e-02	-3.35169e+01
  9.22e-02	  3.13e-02	-3.10501e+01
  9.22e-02	  3.18e-02	-2.86703e+01
  9.22e-02	  3.23e-02	-2.57725e+01
  9.22e-02	  3.28e-02	-2.06309e+01
  9.22e-02	  3.33e-02	-8.81402e+00
  9.22e-02	  3.39e-02	9.20488e+00
  9.22e-02	  3.44e-02	2.06061e+01
  9.22e-02	  3.49e-02	2.56368e+01
  9.22e-02	  3.54e-02	2.85518e+01
  9.22e-02	  3.59e-02	3.09658e+01
  9.22e-02	  3.65e-02	3.34536e+01
  9.22e-02	  3.70e-02	7.13484e+01
  9.22e-02	  3.75e-02	8.87916e-31
  9.22e-02	  3.80e-02	1.55873e-63
  9.22e-02	  3.85e-02	2.29909e-96
  9.22e-02	  3.91e-02	3.39099e-129
  9.22e-02	  3.96e-02	5.00131e-162
  9.22e-02	  4.01e-02	7.37620e-195
  9.22e-02	  4.06e-02	1.08786e-227
  9.22e-02	  4.11e-02	1.60438e-260
  9.22e-02	  4.17e-02	2.36611e-293
  9.22e-02	  4.22e-02	0.00000e+00
  9.22e-02	  4.27e-02	0.00000e+00
  9.22e-02	  4.32e-02	0.00000e+00
  9.22e-02	  4.37e-02	0.00000e+00
  9.22e-02	  4.43e-02	0.00000e+00
  9.22e-02	  4.48e-02	0.00000e+00
  9.22e-02	  4.53e-02	0.00000e+00
  9.22e-02	  4.58e-02	0.00000e+00
  9.22e-02	  4.64e-02	0.00000e+00
  9.22e-02	  4.69e-02	0.00000e+00
  9.22e-02	  4.74e-02	0.00000e+00
  9.22e-02	  4.79e-02	0.00000e+00
  9.22e-02	  4.84e-02	0.00000e+00
  9.22e-02	  4.90e-02	0.00000e+00
  9.22e-02	  4.95e-02	0.00000e+00

  9.30e-02	  0.00e+00	0.00000e+00
  9.30e-02	  5.21e-04	0.00000e+00
  9.30e-02	  1.04e-03	0.00000e+00
  9.30e-02	  1.56e-03	0.00000e+00
  9.30e-02	  2.08e-03	0.00000e+00
  9.30e-02	  2.60e-03	0.00000e+00
  9.30e-02	  3.12e-03	0.00000e+00
  9.30e-02	  3.65e-03	0.00000e+00
  9.30e-02	  4.17e-03	0.00000e+00
  9.30e-02	  4.69e-03	0.00000e+00
  9.30e-02	  5.21e-03	0.00000e+00
  9.30e-02	  5.73e-03	0.00000e+00
  9.30e-02	  6.25e-03	0.00000e+00
  9.30e-02	  6.77e-03	0.00000e+00
  9.30e-02	  7.29e-03	-2.40224e-293
  9.30e-02	  7.81e-03	-1.62933e-260
  9.30e-02	  8.33e-03	-1.10504e-227
  9.30e-02	  8.85e-03	-7.49417e-195
  9.30e-02	  9.37e-03	-5.08203e-162
  9.30e-02	  9.90e-03	-3.44602e-129
  9.30e-02	  1.04e-02	-2.33646e-96
  9.30e-02	  1.09e-02	-1.58399e-63
  9.30e-02	  1.15e-02	-1.07374e-30
  9.30e-02	  1.20e-02	-7.22995e+01
  9.30e-02	  1.25e-02	-3.36656e+01
  9.30e-02	  1.30e-02	-3.07410e+01
  9.30e-02	  1.35e-02	-2.74706e+01
  9.30e-02	  1.41e-02	-2.27545e+01
  9.30e-02	  1.46e-02	-1.42538e+01
  9.30e-02	  1.51e-02	-1.08677e-01
  9.30e-02	  1.56e-02	1.41696e+01
  9.30e-02	  1.61e-02	2.28059e+01
  9.30e-02	  1.67e-02	2.75494e+01
  9.30e-02	  1.72e-02	3.08055e+01
  9.30e-02	  1.77e-02	3.37145e+01
  9.30e-02	  1.82e-02	7.23920e+01
  9.30e-02	  1.88e-02	8.96281e-31
  9.30e-02	  1.93e-02	1.58243e-63
  9.30e-02	  1.98e-02	-1.51138e-63
  9.30e-02	  2.03e-02	-1.02420e-30
  9.30e-02	  2.08e-02	-7.02086e+01
  9.30e-02	  2.14e-02	-3.29943e+01
  9.30e-02	  2.19e-02	-3.05914e+01
  9.30e-02	  2.24e-02	-2.82660e+01
  9.30e-02	  2.29e-02	-2.54369e+01
  9.30e-02	  2.34e-02	-2.04507e+01
  9.30e-02	  2.40e-02	-8.93992e+00
  9.30e-02	  2.45e-02	8.99989e+00
  9.30e-02	  2.50e-02	2.04651e+01
  9.30e-02	  2.55e-02	2.54332e+01
  9.30e-02	  2.60e-02	2.82565e+01
  9.30e-02	  2.66e-02	3.05793e+01
  9.30e-02	  2.71e-02	3.29801e+01
  9.30e-02	  2.76e-02	7.01745e+01
  9.30e-02	  2.81e-02	8.62277e-31
  9.30e-02	  2.86e-02	1.51102e-63
  9.30e-02	  2.92e-02	-1.54842e-63
  9.30e-02	  2.97e-02	-1.04929e-30
  9.30e-02	  3.02e-02	-7.13868e+01
  9.30e-02	  3.07e-02	-3.34834e+01
  9.30e-02	  3.13e-02	-3.10344e+01
  9.30e-02	  3.18e-02	-2.86893e+01
  9.30e-02	  3.23e-02	-2.58604e+01
  9.30e-02	  3.28e-02	-2.08434e+01
  9.30e-02	  3.33e-02	-9.03673e+00
  9.30e-02	  3.39e-02	9.35978e+00
  9.30e-02	  3.44e-02	2.08098e+01
  9.30e-02	  3.49e-02	2.57396e+01
  9.30e-02	  3.54e-02	2.85879e+01
  9.30e-02	  3.59e-02	3.09640e+01
  9.30e-02	  3.65e-02	3.34307e+01
  9.30e-02	  3.70e-02	7.12771e+01
  9.30e-02	  3.75e-02	8.83607e-31
  9.30e-02	  3.80e-02	1.55152e-63
  9.30e-02	  3.85e-02	2.28869e-96
  9.30e-02	  3.91e-02	3.37605e-129
  9.30e-02	  3.96e-02	4.97993e-162
  9.30e-02	  4.01e-02	7.34570e-195
  9.30e-02	  4.06e-02	1.08352e-227
  9.30e-02	  4.11e-02	1.59823e-260
  9.30e-02	  4.17e-02	2.35742e-293
  9.30e-02	  4.22e-02	0.00000e+00
  9.30e-02	  4.27e-02	0.00000e+00
  9.30e-02	  4.32e-02	0.00000e+00
  9.30e-02	  4.37e-02	0.00000e+00
  9.30e-02	  4.43e-02	0.00000e+00
  9.30e-02	  4.48e-02	0.00000e+00
  9.30e-02	  4.53e-02	0.00000e+00
  9.30e-02	  4.58e-02	0.00000e+00
  9.30e-02	  4.64e-02	0.00000e+00
  9.30e-02	  4.69e-02	0.00000e+00
  9.30e-02	  4.74e-02	0.00000e+00
  9.30e-02	  4.79e-02	0.00000e+00
  9.30e-02	  4.84e-02	0.00000e+00
  9.30e-02	  4.90e-02	0.00000e+00
  9.30e-02	  4.95e-02	0.00000e+00

  9.37e-02	  0.00e+00	0.00000e+00
  9.37e-02	  5.21e-04	0.00000e+00
  9.37e-02	  1.04e-03	0.00000e+00
  9.37e-02	  1.56e-03	0.00000e+00
  9.37e-02	  2.08e-03	0.00000e+00
  9.37e-02	  2.60e-03	0.00000e+00
  9.37e-02	  3.12e-03	0.00000e+00
  9.37e-02	  3.65e-03	0.00000e+00
  9.37e-02	  4.17e-03	0.00000e+00
  9.37e-02	  4.69e-03	0.00000e+00
  9.37e-02	  5.21e-03	0.00000e+00
  9.37e-02	  5.73e-03	0.00000e+00
  9.37e-02	  6.25e-03	0.00000e+00
  9.37e-02	  6.77e-03	0.00000e+00
  9.37e-02	  7.29e-03	-2.39340e-293
  9.37e-02	  7.81e-03	-1.62309e-260
  9.37e-02	  8.33e-03	-1.10065e-227
  9.37e-02	  8.85e-03	-7.46332e-195
  9.37e-02	  9.37e-03	-5.06046e-162
  9.37e-02	  9.90e-03	-3.43098e-129
  9.37e-02	  1.04e-02	-2.32602e-96
  9.37e-02	  1.09e-02	-1.57677e-63
  9.37e-02	  1.15e-02	-1.06876e-30
  9.37e-02	  1.20e-02	-7.22305e+01
  9.37e-02	  1.25e-02	-3.36488e+01
  9.37e-02	  1.30e-02	-3.07518e+01
  9.37e-02	  1.35e-02	-2.75258e+01
  9.37e-02	  1.41e-02	-2.28701e+01
  9.37e-02	  1.46e-02	-1.43894e+01
  9.37e-02	  1.51e-02	-8.47325e-02
  9.37e-02	  1.56e-02	1.43259e+01
  9.37e-02	  1.61e-02	2.29137e+01
  9.37e-02	  1.67e-02	2.75913e+01
  9.37e-02	  1.72e-02	3.08069e+01
  9.37e-02	  1.77e-02	3.36932e+01
  9.37e-02	  1.82e-02	7.23196e+01
  9.37e-02	  1.88e-02	8.92885e-31
  9.37e-02	  1.93e-02	1.57666e-63
  9.37e-02	  1.98e-02	-1.50557e-63
  9.37e-02	  2.03e-02	-1.02016e-30
  9.37e-02	  2.08e-02	-7.01279e+01
  9.37e-02	  2.14e-02	-3.29651e+01
  9.37e-02	  2.19e-02	-3.05815e+01
  9.37e-02	  2.24e-02	-2.82935e+01
  9.37e-02	  2.29e-02	-2.55353e+01
  9.37e-02	  2.34e-02	-2.06673e+01
  9.37e-02	  2.40e-02	-9.13528e+00
  9.37e-02	  2.45e-02	9.19872e+00
  9.37e-02	  2.50e-02	2.06800e+01
  9.37e-02	  2.55e-02	2.55302e+01
  9.37e-02	  2.60e-02	2.82836e+01
  9.37e-02	  2.66e-02	3.05691e+01
  9.37e-02	  2.71e-02	3.29505e+01
  9.37e-02	  2.76e-02	7.00911e+01
  9.37e-02	  2.81e-02	8.58807e-31
  9.37e-02	  2.86e-02	1.50521e-63
  9.37e-02	  2.92e-02	-1.54319e-63
  9.37e-02	  2.97e-02	-1.04567e-30
  9.37e-02	  3.02e-02	-7.13037e+01
  9.37e-02	  3.07e-02	-3.34517e+01
  9.37e-02	  3.13e-02	-3.10190e+01
  9.37e-02	  3.18e-02	-2.87075e+01
  9.37e-02	  3.23e-02	-2.59472e+01
  9.37e-02	  3.28e-02	-2.10588e+01
  9.37e-02	  3.33e-02	-9.26553e+00
  9.37e-02	  3.39e-02	9.53403e+00
  9.37e-02	  3.44e-02	2.10233e+01
  9.37e-02	  3.49e-02	2.58424e+01
  9.37e-02	  3.54e-02	2.86212e+01
  9.37e-02	  3.59e-02	3.09588e+01
  9.37e-02	  3.65e-02	3.34048e+01
  9.37e-02	  3.70e-02	7.11999e+01
  9.37e-02	  3.75e-02	8.79557e-31
  9.37e-02	  3.80e-02	1.54471e-63
  9.37e-02	  3.85e-02	2.27895e-96
  9.37e-02	  3.91e-02	3.36216e-129
  9.37e-02	  3.96e-02	4.96019e-162
  9.37e-02	  4.01e-02	7.31774e-195
  9.37e-02	  4.06e-02	1.07958e-227
  9.37e-02	  4.11e-02	1.59267e-260
  9.37e-02	  4.17e-02	2.34961e-293
  9.37e-02	  4.22e-02	0.00000e+00
  9.37e-02	  4.27e-02	0.00000e+00
  9.37e-02	  4.32e-02	0.00000e+00
  9.37e-02	  4.37e-02	0.00000e+00
  9.37e-02	  4.43e-02	0.00000e+00
  9.37e-02	  4.48e-02	0.00000e+00
  9.37e-02	  4.53e-02	0.00000e+00
  9.37e-02	  4.58e-02	0.00000e+00
  9.37e-02	  4.64e-02	0.00000e+00
  9.37e-02	  4.69e-02	0.00000e+00
  9.37e-02	  4.74e-02	0.00000e+00
  9.37e-02	  4.79e-02	0.00000e+00
  9.37e-02	  4.84e-02	0.00000e+00
  9.37e-02	  4.90e-02	0.00000e+00
  9.37e-02	  4.95e-02	0.00000e+00

  9.45e-02	  0.00e+00	0.00000e+00
  9.45e-02	  5.21e-04	0.00000e+00
  9.45e-02	  1.04e-03	0.00000e+00
  9.45e-02	  1.56e-03	0.00000e+00
  9.45e-02	  2.08e-03	0.00000e+00
  9.45e-02	  2.60e-03	0.00000e+00
  9.45e-02	  3.12e-03	0.00000e+00
  9.45e-02	  3.65e-03	0.00000e+00
  9.45e-02	  4.17e-03	0.00000e+00
  9.45e-02	  4.69e-03	0.00000e+00
  9.45e-02	  5.21e-03	0.00000e+00
  9.45e-02	  5.73e-03	0.00000e+00
  9.45e-02	  6.25e-03	0.00000e+00
  9.45e-02	  6.77e-03	0.00000e+00
  9.45e-02	  7.29e-03	-2.38542e-293
  9.45e-02	  7.81e-03	-1.61743e-260
  9.45e-02	  8.33e-03	-1.09664e-227
  9.45e-02	  8.85e-03	-7.43503e-195
  9.45e-02	  9.37e-03	-5.04054e-162
  9.45e-02	  9.90e-03	-3.41701e-129
  9.45e-02	  1.04e-02	-2.31625e-96
  9.45e-02	  1.09e-02	-1.56997e-63
  9.45e-02	  1.15e-02	-1.06404e-30
  9.45e-02	  1.20e-02	-7.21550e+01
  9.45e-02	  1.25e-02	-3.36288e+01
  9.45e-02	  1.30e-02	-3.07592e+01
  9.45e-02	  1.35e-02	-2.75791e+01
  9.45e-02	  1.41e-02	-2.29885e+01
  9.45e-02	  1.46e-02	-1.45360e+01
  9.45e-02	  1.51e-02	-6.83474e-02
  9.45e-02	  1.56e-02	1.44840e+01
  9.45e-02	  1.61e-02	2.30232e+01
  9.45e-02	  1.67e-02	2.76342e+01
  9.45e-02	  1.72e-02	3.08094e+01
  9.45e-02	  1.77e-02	3.36741e+01
  9.45e-02	  1.82e-02	7.22541e+01
  9.45e-02	  1.88e-02	8.89646e-31
  9.45e-02	  1.93e-02	1.57128e-63
  9.45e-02	  1.98e-02	-1.50029e-63
  9.45e-02	  2.03e-02	-1.01643e-30
  9.45e-02	  2.08e-02	-7.00485e+01
  9.45e-02	  2.14e-02	-3.29356e+01
  9.45e-02	  2.19e-02	-3.05700e+01
  9.45e-02	  2.24e-02	-2.83187e+01
  9.45e-02	  2.29e-02	-2.56318e+01
  9.45e-02	  2.34e-02	-2.08883e+01
  9.45e-02	  2.40e-02	-9.34265e+00
  9.45e-02	  2.45e-02	9.40877e+00
  9.45e-02	  2.50e-02	2.08991e+01
  9.45e-02	  2.55e-02	2.56256e+01
  9.45e-02	  2.60e-02	2.83084e+01
  9.45e-02	  2.66e-02	3.05576e+01
  9.45e-02	  2.71e-02	3.29207e+01
  9.45e-02	  2.76e-02	7.00090e+01
  9.45e-02	  2.81e-02	8.55627e-31
  9.45e-02	  2.86e-02	1.49990e-63
  9.45e-02	  2.92e-02	-1.53842e-63
  9.45e-02	  2.97e-02	-1.04232e-30
  9.45e-02	  3.02e-02	-7.12284e+01
  9.45e-02	  3.07e-02	-3.34223e+01
  9.45e-02	  3.13e-02	-3.10041e+01
  9.45e-02	  3.18e-02	-2.87245e+01
  9.45e-02	  3.23e-02	-2.60318e+01
  9.45e-02	  3.28e-02	-2.12748e+01
  9.45e-02	  3.33e-02	-9.49852e+00
  9.45e-02	  3.39e-02	9.72624e+00
  9.45e-02	  3.44e-02	2.12431e+01
  9.45e-02	  3.49e-02	2.59429e+01
  9.45e-02	  3.54e-02	2.86508e+01
  9.45e-02	  3.59e-02	3.09502e+01
  9.45e-02	  3.65e-02	3.33762e+01
  9.45e-02	  3.70e-02	7.11175e+01
  9.45e-02	  3.75e-02	8.75829e-31
  9.45e-02	  3.80e-02	1.53838e-63
  9.45e-02	  3.85e-02	2.26995e-96
  9.45e-02	  3.91e-02	3.34943e-129
  9.45e-02	  3.96e-02	4.94223e-162
  9.45e-02	  4.01e-02	7.29247e-195
  9.45e-02	  4.06e-02	1.07603e-227
  9.45e-02	  4.11e-02	1.58771e-260
  9.45e-02	  4.17e-02	2.34269e-293
  9.45e-02	  4.22e-02	0.00000e+00
  9.45e-02	  4.27e-02	0.00000e+00
  9.45e-02	  4.32e-02	0.00000e+00
  9.45e-02	  4.37e-02	0.00000e+00
  9.45e-02	  4.43e-02	0.00000e+00
  9.45e-02	  4.48e-02	0.00000e+00
  9.45e-02	  4.53e-02	0.00000e+00
  9.45e-02	  4.58e-02	0.00000e+00
  9.45e-02	  4.64e-02	0.00000e+00
  9.45e-02	  4.69e-02	0.00000e+00
  9.45e-02	  4.74e-02	0.00000e+00
  9.45e-02	  4.79e-02	0.00000e+00
  9.45e-02	  4.84e-02	0.00000e+00
  9.45e-02	  4.90e-02	0.00000e+00
  9.45e-02	  4.95e-02	0.00000e+00

  9.53e-02	  0.00e+00	0.00000e+00
  9.53e-02	  5.21e-04	0.00000e+00
  9.53e-02	  1.04e-03	0.00000e+00
  9.53e-02	  1.56e-03	0.00000e+00
  9.53e-02	  2.08e-03	0.00000e+00
  9.53e-02	  2.60e-03	0.00000e+00
  9.53e-02	  3.12e-03	0.00000e+00
  9.53e-02	  3.65e-03	0.00000e+00
  9.53e-02	  4.17e-03	0.00000e+00
  9.53e-02	  4.69e-03	0.00000e+00
  9.53e-02	  5.21e-03	0.00000e+00
  9.53e-02	  5.73e-03	0.00000e+00
  9.53e-02	  6.25e-03	0.00000e+00
  9.53e-02	  6.77e-03	0.00000e+00
  9.53e-02	  7.29e-03	-2.37827e-293
  9.53e-02	  7.81e-03	-1.61233e-260
  9.53e-02	  8.33e-03	-1.09301e-227
  9.53e-02	  8.85e-03	-7.40927e-195
  9.53e-02	  9.37e-03	-5.02232e-162
  9.53e-02	  9.90e-03	-3.40415e-129
  9.53e-02	  1.04e-02	-2.30721e-96
  9.53e-02	  1.09e-02	-1.56363e-63
  9.53e-02	  1.15e-02	-1.05962e-30
  9.53e-02	  1.20e-02	-7.20737e+01
  9.53e-02	  1.25e-02	-3.36059e+01
  9.53e-02	  1.30e-02	-3.07633e+01
  9.53e-02	  1.35e-02	-2.76296e+01
  9.53e-02	  1.41e-02	-2.31078e+01
  9.53e-02	  1.46e-02	-1.46918e+01
  9.53e-02	  1.51e-02	-5.94100e-02
  9.53e-02	  1.56e-02	1.46426e+01
  9.53e-02	  1.61e-02	2.31333e+01
  9.53e-02	  1.67e-02	2.76777e+01
  9.53e-02	  1.72e-02	3.08131e+01
  9.53e-02	  1.77e-02	3.36576e+01
  9.53e-02	  1.82e-02	7.21970e+01
  9.53e-02	  1.88e-02	8.86633e-31
  9.53e-02	  1.93e-02	1.56644e-63
  9.53e-02	  1.98e-02	-1.49558e-63
  9.53e-02	  2.03e-02	-1.01309e-30
  9.53e-02	  2.08e-02	-6.99717e+01
  9.53e-02	  2.14e-02	-3.29062e+01
  9.53e-02	  2.19e-02	-3.05572e+01
  9.53e-02	  2.24e-02	-2.83411e+01
  9.53e-02	  2.29e-02	-2.57250e+01
  9.53e-02	  2.34e-02	-2.11111e+01
  9.53e-02	  2.40e-02	-9.56046e+00
  9.53e-02	  2.45e-02	9.62877e+00
  9.53e-02	  2.50e-02	2.11200e+01
  9.53e-02	  2.55e-02	2.57179e+01
  9.53e-02	  2.60e-02	2.83307e+01
  9.53e-02	  2.66e-02	3.05447e+01
  9.53e-02	  2.71e-02	3.28909e+01
  9.53e-02	  2.76e-02	6.99290e+01
  9.53e-02	  2.81e-02	8.52778e-31
  9.53e-02	  2.86e-02	1.49515e-63
  9.53e-02	  2.92e-02	-1.53419e-63
  9.53e-02	  2.97e-02	-1.03933e-30
  9.53e-02	  3.02e-02	-7.11618e+01
  9.53e-02	  3.07e-02	-3.33956e+01
  9.53e-02	  3.13e-02	-3.09900e+01
  9.53e-02	  3.18e-02	-2.87403e+01
  9.53e-02	  3.23e-02	-2.61132e+01
  9.53e-02	  3.28e-02	-2.14887e+01
  9.53e-02	  3.33e-02	-9.73335e+00
  9.53e-02	  3.39e-02	9.93452e+00
  9.53e-02	  3.44e-02	2.14657e+01
  9.53e-02	  3.49e-02	2.60393e+01
  9.53e-02	  3.54e-02	2.86759e+01
  9.53e-02	  3.59e-02	3.09381e+01
  9.53e-02	  3.65e-02	3.33450e+01
  9.53e-02	  3.70e-02	7.10308e+01
  9.53e-02	  3.75e-02	8.72466e-31
  9.53e-02	  3.80e-02	1.53257e-63
  9.53e-02	  3.85e-02	2.26176e-96
  9.53e-02	  3.91e-02	3.33790e-129
  9.53e-02	  3.96e-02	4.92607e-162
  9.53e-02	  4.01e-02	7.26986e-195
  9.53e-02	  4.06e-02	1.07288e-227
  9.53e-02	  4.11e-02	1.58332e-260
  9.53e-02	  4.17e-02	2.33658e-293
  9.53e-02	  4.22e-02	0.00000e+00
  9.53e-02	  4.27e-02	0.00000e+00
  9.53e-02	  4.32e-02	0.00000e+00
  9.53e-02	  4.37e-02	0.00000e+00
  9.53e-02	  4.43e-02	0.00000e+00
  9.53e-02	  4.48e-02	0.00000e+00
  9.53e-02	  4.53e-02	0.00000e+00
  9.53e-02	  4.58e-02	0.00000e+00
  9.53e-02	  4.64e-02	0.00000e+00
  9.53e-02	  4.69e-02	0.00000e+00
  9.53e-02	  4.74e-02	0.00000e+00
  9.53e-02	  4.79e-02	0.00000e+00
  9.53e-02	  4.84e-02	0.00000e+00
  9.53e-02	  4.90e-02	0.00000e+00
  9.53e-02	  4.95e-02	0.00000e+00

  9.61e-02	  0.00e+00	0.00000e+00
  9.61e-02	  5.21e-04	0.00000e+00
  9.61e-02	  1.04e-03	0.00000e+00
  9.61e-02	  1.56e-03	0.00000e+00
  9.61e-02	  2.08e-03	0.00000e+00
  9.61e-02	  2.60e-03	0.00000e+00
  9.61e-02	  3.12e-03	0.00000e+00
  9.61e-02	  3.65e-03	0.00000e+00
  9.61e-02	  4.17e-03	0.00000e+00
  9.61e-02	  4.69e-03	0.00000e+00
  9.61e-02	  5.21e-03	0.00000e+00
  9.61e-02	  5.73e-03	0.00000e+00
  9.61e-02	  6.25e-03	0.00000e+00
  9.61e-02	  6.77e-03	0.00000e+00
  9.61e-02	  7.29e-03	-2.37183e-293
  9.61e-02	  7.81e-03	-1.60772e-260
  9.61e-02	  8.33e-03	-1.08973e-227
  9.61e-02	  8.85e-03	-7.38589e-195
  9.61e-02	  9.37e-03	-5.00571e-162
  9.61e-02	  9.90e-03	-3.39238e-129
  9.61e-02	  1.04e-02	-2.29889e-96
  9.61e-02	  1.09e-02	-1.55778e-63
  9.61e-02	  1.15e-02	-1.05551e-30
  9.61e-02	  1.20e-02	-7.19864e+01
  9.61e-02	  1.25e-02	-3.35803e+01
  9.61e-02	  1.30e-02	-3.07640e+01
  9.61e-02	  1.35e-02	-2.76766e+01
  9.61e-02	  1.41e-02	-2.32262e+01
  9.61e-02	  1.46e-02	-1.48547e+01
  9.61e-02	  1.51e-02	-5.80730e-02
  9.61e-02	  1.56e-02	1.47997e+01
  9.61e-02	  1.61e-02	2.32427e+01
  9.61e-02	  1.67e-02	2.77213e+01
  9.61e-02	  1.72e-02	3.08185e+01
  9.61e-02	  1.77e-02	3.36444e+01
  9.61e-02	  1.82e-02	7.21501e+01
  9.61e-02	  1.88e-02	8.83898e-31
  9.61e-02	  1.93e-02	1.56223e-63
  9.61e-02	  1.98e-02	-1.49148e-63
  9.61e-02	  2.03e-02	-1.01015e-30
  9.61e-02	  2.08e-02	-6.98982e+01
  9.61e-02	  2.14e-02	-3.28775e+01
  9.61e-02	  2.19e-02	-3.05433e+01
  9.61e-02	  2.24e-02	-2.83605e+01
  9.61e-02	  2.29e-02	-2.58138e+01
  9.61e-02	  2.34e-02	-2.13327e+01
  9.61e-02	  2.40e-02	-9.78656e+00
  9.61e-02	  2.45e-02	9.85691e+00
  9.61e-02	  2.50e-02	2.13398e+01
  9.61e-02	  2.55e-02	2.58059e+01
  9.61e-02	  2.60e-02	2.83499e+01
  9.61e-02	  2.66e-02	3.05306e+01
  9.61e-02	  2.71e-02	3.28615e+01
  9.61e-02	  2.76e-02	6.98517e+01
  9.61e-02	  2.81e-02	8.50284e-31
  9.61e-02	  2.86e-02	1.49097e-63
  9.61e-02	  2.92e-02	-1.53057e-63
  9.61e-02	  2.97e-02	-1.03674e-30
  9.61e-02	  3.02e-02	-7.11053e+01
  9.61e-02	  3.07e-02	-3.33720e+01
  9.61e-02	  3.13e-02	-3.09770e+01
  9.61e-02	  3.18e-02	-2.87548e+01
  9.61e-02	  3.23e-02	-2.61907e+01
  9.61e-02	  3.28e-02	-2.16980e+01
  9.61e-02	  3.33e-02	-9.96713e+00
  9.61e-02	  3.39e-02	1.01566e+01
  9.61e-02	  3.44e-02	2.16873e+01
  9.61e-02	  3.49e-02	2.61296e+01
  9.61e-02	  3.54e-02	2.86960e+01
  9.61e-02	  3.59e-02	3.09226e+01
  9.61e-02	  3.65e-02	3.33117e+01
  9.61e-02	  3.70e-02	7.09403e+01
  9.61e-02	  3.75e-02	8.69488e-31
  9.61e-02	  3.80e-02	1.52730e-63
  9.61e-02	  3.85e-02	2.25436e-96
  9.61e-02	  3.91e-02	3.32755e-129
  9.61e-02	  3.96e-02	4.91162e-162
  9.61e-02	  4.01e-02	7.24974e-195
  9.61e-02	  4.06e-02	1.07008e-227
  9.61e-02	  4.11e-02	1.57944e-260
  9.61e-02	  4.17e-02	2.33121e-293
  9.61e-02	  4.22e-02	0.00000e+00
  9.61e-02	  4.27e-02	0.00000e+00
  9.61e-02	  4.32e-02	0.00000e+00
  9.61e-02	  4.37e-02	0.00000e+00
  9.61e-02	  4.43e-02	0.00000e+00
  9.61e-02	  4.48e-02	0.00000e+00
  9.61e-02	  4.53e-02	0.00000e+00
  9.61e-02	  4.58e-02	0.00000e+00
  9.61e-02	  4.64e-02	0.00000e+00
  9.61e-02	  4.69e-02	0.00000e+00
  9.61e-02	  4.74e-02	0.00000e+00
  9.61e-02	  4.79e-02	0.00000e+00
  9.61e-02	  4.84e-02	0.00000e+00
  9.61e-02	  4.90e-02	0.00000e+00
  9.61e-02	  4.95e-02	0.00000e+00

  9.69e-02	  0.00e+00	0.00000e+00
  9.69e-02	  5.21e-04	0.00000e+00
  9.69e-02	  1.04e-03	0.00000e+00
  9.69e-02	  1.56e-03	0.00000e+00
  9.69e-02	  2.08e-03	0.00000e+00
  9.69e-02	  2.60e-03	0.00000e+00
  9.69e-02	  3.12e-03	0.00000e+00
  9.69e-02	  3.65e-03	0.00000e+00
  9.69e-02	  4.17e-03	0.00000e+00
  9.69e-02	  4.69e-03	0.00000e+00
  9.69e-02	  5.21e-03	0.00000e+00
  9.69e-02	  5.73e-03	0.00000e+00
  9.69e-02	  6.25e-03	0.00000e+00
  9.69e-02	  6.77e-03	0.00000e+00
  9.69e-02	  7.29e-03	-2.36594e-293
  9.69e-02	  7.81e-03	-1.60352e-260
  9.69e-02	  8.33e-03	-1.08673e-227
  9.69e-02	  8.85e-03	-7.36452e-195
  9.69e-02	  9.37e-03	-4.99050e-162
  9.69e-02	  9.90e-03	-3.38159e-129
  9.69e-02	  1.04e-02	-2.29124e-96
  9.69e-02	  1.09e-02	-1.55237e-63
  9.69e-02	  1.15e-02	-1.05169e-30
  9.69e-02	  1.20e-02	-7.18927e+01
  9.69e-02	  1.25e-02	-3.35519e+01
  9.69e-02	  1.30e-02	-3.07612e+01
  9.69e-02	  1.35e-02	-2.77195e+01
  9.69e-02	  1.41e-02	-2.33421e+01
  9.69e-02	  1.46e-02	-1.50226e+01
  9.69e-02	  1.51e-02	-6.48885e-02
  9.69e-02	  1.56e-02	1.49534e+01
  9.69e-02	  1.61e-02	2.33502e+01
  9.69e-02	  1.67e-02	2.77651e+01
  9.69e-02	  1.72e-02	3.08261e+01
  9.69e-02	  1.77e-02	3.36354e+01
  9.69e-02	  1.82e-02	7.21157e+01
  9.69e-02	  1.88e-02	8.81480e-31
  9.69e-02	  1.93e-02	1.55875e-63
  9.69e-02	  1.98e-02	-1.48799e-63
  9.69e-02	  2.03e-02	-1.00762e-30
  9.69e-02	  2.08e-02	-6.98293e+01
  9.69e-02	  2.14e-02	-3.28499e+01
  9.69e-02	  2.19e-02	-3.05289e+01
  9.69e-02	  2.24e-02	-2.83770e+01
  9.69e-02	  2.29e-02	-2.58970e+01
  9.69e-02	  2.34e-02	-2.15503e+01
  9.69e-02	  2.40e-02	-1.00183e+01
  9.69e-02	  2.45e-02	1.00908e+01
  9.69e-02	  2.50e-02	2.15556e+01
  9.69e-02	  2.55e-02	2.58884e+01
  9.69e-02	  2.60e-02	2.83661e+01
  9.69e-02	  2.66e-02	3.05158e+01
  9.69e-02	  2.71e-02	3.28329e+01
  9.69e-02	  2.76e-02	6.97780e+01
  9.69e-02	  2.81e-02	8.48148e-31
  9.69e-02	  2.86e-02	1.48737e-63
  9.69e-02	  2.92e-02	-1.52762e-63
  9.69e-02	  2.97e-02	-1.03459e-30
  9.69e-02	  3.02e-02	-7.10605e+01
  9.69e-02	  3.07e-02	-3.33520e+01
  9.69e-02	  3.13e-02	-3.09656e+01
  9.69e-02	  3.18e-02	-2.87681e+01
  9.69e-02	  3.23e-02	-2.62635e+01
  9.69e-02	  3.28e-02	-2.19001e+01
  9.69e-02	  3.33e-02	-1.01964e+01
  9.69e-02	  3.39e-02	1.03899e+01
  9.69e-02	  3.44e-02	2.19044e+01
  9.69e-02	  3.49e-02	2.62126e+01
  9.69e-02	  3.54e-02	2.87107e+01
  9.69e-02	  3.59e-02	3.09038e+01
  9.69e-02	  3.65e-02	3.32762e+01
  9.69e-02	  3.70e-02	7.08460e+01
  9.69e-02	  3.75e-02	8.66895e-31
  9.69e-02	  3.80e-02	1.52253e-63
  9.69e-02	  3.85e-02	2.24770e-96
  9.69e-02	  3.91e-02	3.31826e-129
  9.69e-02	  3.96e-02	4.89869e-162
  9.69e-02	  4.01e-02	7.23176e-195
  9.69e-02	  4.06e-02	1.06758e-227
  9.69e-02	  4.11e-02	1.57598e-260
  9.69e-02	  4.17e-02	2.32641e-293
  9.69e-02	  4.22e-02	0.00000e+00
  9.69e-02	  4.27e-02	0.00000e+00
  9.69e-02	  4.32e-02	0.00000e+00
  9.69e-02	  4.37e-02	0.00000e+00
  9.69e-02	  4.43e-02	0.00000e+00
  9.69e-02	  4.48e-02	0.00000e+00
  9.69e-02	  4.53e-02	0.00000e+00
  9.69e-02	  4.58e-02	0.00000e+00
  9.69e-02	  4.64e-02	0.00000e+00
  9.69e-02	  4.69e-02	0.00000e+00
  9.69e-02	  4.74e-02	0.00000e+00
  9.69e-02	  4.79e-02	0.00000e+00
  9.69e-02	  4.84e-02	0.00000e+00
  9.69e-02	  4.90e-02	0.00000e+00
  9.69e-02	  4.95e-02	0.00000e+00

  9.77e-02	  0.00e+00	0.00000e+00
  9.77e-02	  5.21e-04	0.00000e+00
  9.77e-02	  1.04e-03	0.00000e+00
  9.77e-02	  1.56e-03	0.00000e+00
  9.77e-02	  2.08e-03	0.00000e+00
  9.77e-02	  2.60e-03	0.00000e+00
  9.77e-02	  3.12e-03	0.00000e+00
  9.77e-02	  3.65e-03	0.00000e+00
  9.77e-02	  4.17e-03	0.00000e+00
  9.77e-02	  4.69e-03	0.00000e+00
  9.77e-02	  5.21e-03	0.00000e+00
  9.77e-02	  5.73e-03	0.00000e+00
  9.77e-02	  6.25e-03	0.00000e+00
  9.77e-02	  6.77e-03	0.00000e+00
  9.77e-02	  7.29e-03	-2.36041e-293
  9.77e-02	  7.81e-03	-1.59959e-260
  9.77e-02	  8.33e-03	-1.08393e-227
  9.77e-02	  8.85e-03	-7.34462e-195
  9.77e-02	  9.37e-03	-4.97637e-162
  9.77e-02	  9.90e-03	-3.37155e-129
  9.77e-02	  1.04e-02	-2.28413e-96
  9.77e-02	  1.09e-02	-1.54733e-63
  9.77e-02	  1.15e-02	-1.04814e-30
  9.77e-02	  1.20e-02	-7.17910e+01
  9.77e-02	  1.25e-02	-3.35205e+01
  9.77e-02	  1.30e-02	-3.07548e+01
  9.77e-02	  1.35e-02	-2.77578e+01
  9.77e-02	  1.41e-02	-2.34543e+01
  9.77e-02	  1.46e-02	-1.51941e+01
  9.77e-02	  1.51e-02	-8.09650e-02
  9.77e-02	  1.56e-02	1.51009e+01
  9.77e-02	  1.61e-02	2.34546e+01
  9.77e-02	  1.67e-02	2.78091e+01
  9.77e-02	  1.72e-02	3.08367e+01
  9.77e-02	  1.77e-02	3.36321e+01
  9.77e-02	  1.82e-02	7.20971e+01
  9.77e-02	  1.88e-02	8.79398e-31
  9.77e-02	  1.93e-02	1.55609e-63
  9.77e-02	  1.98e-02	-1.48511e-63
  9.77e-02	  2.03e-02	-1.00550e-30
  9.77e-02	  2.08e-02	-6.97659e+01
  9.77e-02	  2.14e-02	-3.28238e+01
  9.77e-02	  2.19e-02	-3.05142e+01
  9.77e-02	  2.24e-02	-2.83905e+01
  9.77e-02	  2.29e-02	-2.59740e+01
  9.77e-02	  2.34e-02	-2.17609e+01
  9.77e-02	  2.40e-02	-1.02527e+01
  9.77e-02	  2.45e-02	1.03277e+01
  9.77e-02	  2.50e-02	2.17645e+01
  9.77e-02	  2.55e-02	2.59646e+01
  9.77e-02	  2.60e-02	2.83793e+01
  9.77e-02	  2.66e-02	3.05006e+01
  9.77e-02	  2.71e-02	3.28057e+01
  9.77e-02	  2.76e-02	6.97083e+01
  9.77e-02	  2.81e-02	8.46355e-31
  9.77e-02	  2.86e-02	1.48431e-63
  9.77e-02	  2.92e-02	-1.52537e-63
  9.77e-02	  2.97e-02	-1.03292e-30
  9.77e-02	  3.02e-02	-7.10294e+01
  9.77e-02	  3.07e-02	-3.33364e+01
  9.77e-02	  3.13e-02	-3.09563e+01
  9.77e-02	  3.18e-02	-2.87806e+01
  9.77e-02	  3.23e-02	-2.63311e+01
  9.77e-02	  3.28e-02	-2.20925e+01
  9.77e-02	  3.33e-02	-1.04172e+01
  9.77e-02	  3.39e-02	1.06320e+01
  9.77e-02	  3.44e-02	2.21137e+01
  9.77e-02	  3.49e-02	2.62870e+01
  9.77e-02	  3.54e-02	2.87199e+01
  9.77e-02	  3.59e-02	3.08818e+01
  9.77e-02	  3.65e-02	3.32387e+01
  9.77e-02	  3.70e-02	7.07474e+01
  9.77e-02	  3.75e-02	8.64665e-31
  9.77e-02	  3.80e-02	1.51820e-63
  9.77e-02	  3.85e-02	2.24166e-96
  9.77e-02	  3.91e-02	3.30985e-129
  9.77e-02	  3.96e-02	4.88698e-162
  9.77e-02	  4.01e-02	7.21548e-195
  9.77e-02	  4.06e-02	1.06532e-227
  9.77e-02	  4.11e-02	1.57283e-260
  9.77e-02	  4.17e-02	2.32202e-293
  9.77e-02	  4.22e-02	0.00000e+00
  9.77e-02	  4.27e-02	0.00000e+00
  9.77e-02	  4.32e-02	0.00000e+00
  9.77e-02	  4.37e-02	0.00000e+00
  9.77e-02	  4.43e-02	0.00000e+00
  9.77e-02	  4.48e-02	0.00000e+00
  9.77e-02	  4.53e-02	0.00000e+00
  9.77e-02	  4.58e-02	0.00000e+00
  9.77e-02	  4.64e-02	0.00000e+00
  9.77e-02	  4.69e-02	0.00000e+00
  9.77e-02	  4.74e-02	0.00000e+00
  9.77e-02	  4.79e-02	0.00000e+00
  9.77e-02	  4.84e-02	0.00000e+00
  9.77e-02	  4.90e-02	0.00000e+00
  9.77e-02	  4.95e-02	0.00000e+00

  9.84e-02	  0.00e+00	0.00000e+00
  9.84e-02	  5.21e-04	0.00000e+00
  9.84e-02	  1.04e-03	0.00000e+00
  9.84e-02	  1.56e-03	0.00000e+00
  9.84e-02	  2.08e-03	0.00000e+00
  9.84e-02	  2.60e-03	0.00000e+00
  9.84e-02	  3.12e-03	0.00000e+00
  9.84e-02	  3.65e-03	0.00000e+00
  9.84e-02	  4.17e-03	0.00000e+00
  9.84e-02	  4.69e-03	0.00000e+00
  9.84e-02	  5.21e-03	0.00000e+00
  9.84e-02	  5.73e-03	0.00000e+00
  9.84e-02	  6.25e-03	0.00000e+00
  9.84e-02	  6.77e-03	0.00000e+00
  9.84e-02	  7.29e-03	-2.35499e-293
  9.84e-02	  7.81e-03	-1.59576e-260
  9.84e-02	  8.33e-03	-1.08122e-227
  9.84e-02	  8.85e-03	-7.32549e-195
  9.84e-02	  9.37e-03	-4.96284e-162
  9.84e-02	  9.90e-03	-3.36198e-129
  9.84e-02	  1.04e-02	-2.27736e-96
  9.84e-02	  1.09e-02	-1.54256e-63
  9.84e-02	  1.15e-02	-1.04477e-30
  9.84e-02	  1.20e-02	-7.16788e+01
  9.84e-02	  1.25e-02	-3.34854e+01
  9.84e-02	  1.30e-02	-3.07445e+01
  9.84e-02	  1.35e-02	-2.77913e+01
  9.84e-02	  1.41e-02	-2.35618e+01
  9.84e-02	  1.46e-02	-1.53681e+01
  9.84e-02	  1.51e-02	-1.08182e-01
  9.84e-02	  1.56e-02	1.52393e+01
  9.84e-02	  1.61e-02	2.35548e+01
  9.84e-02	  1.67e-02	2.78538e+01
  9.84e-02	  1.72e-02	3.08519e+01
  9.84e-02	  1.77e-02	3.36362e+01
  9.84e-02	  1.82e-02	7.20987e+01
  9.84e-02	  1.88e-02	8.77652e-31
  9.84e-02	  1.93e-02	1.55433e-63
  9.84e-02	  1.98e-02	-1.48279e-63
  9.84e-02	  2.03e-02	-1.00378e-30
  9.84e-02	  2.08e-02	-6.97092e+01
  9.84e-02	  2.14e-02	-3.27997e+01
  9.84e-02	  2.19e-02	-3.04999e+01
  9.84e-02	  2.24e-02	-2.84016e+01
  9.84e-02	  2.29e-02	-2.60443e+01
  9.84e-02	  2.34e-02	-2.19622e+01
  9.84e-02	  2.40e-02	-1.04864e+01
  9.84e-02	  2.45e-02	1.05641e+01
  9.84e-02	  2.50e-02	2.19637e+01
  9.84e-02	  2.55e-02	2.60339e+01
  9.84e-02	  2.60e-02	2.83899e+01
  9.84e-02	  2.66e-02	3.04859e+01
  9.84e-02	  2.71e-02	3.27804e+01
  9.84e-02	  2.76e-02	6.96437e+01
  9.84e-02	  2.81e-02	8.44871e-31
  9.84e-02	  2.86e-02	1.48177e-63
  9.84e-02	  2.92e-02	-1.52389e-63
  9.84e-02	  2.97e-02	-1.03177e-30
  9.84e-02	  3.02e-02	-7.10146e+01
  9.84e-02	  3.07e-02	-3.33259e+01
  9.84e-02	  3.13e-02	-3.09497e+01
  9.84e-02	  3.18e-02	-2.87927e+01
  9.84e-02	  3.23e-02	-2.63935e+01
  9.84e-02	  3.28e-02	-2.22731e+01
  9.84e-02	  3.33e-02	-1.06252e+01
  9.84e-02	  3.39e-02	1.08803e+01
  9.84e-02	  3.44e-02	2.23123e+01
  9.84e-02	  3.49e-02	2.63520e+01
  9.84e-02	  3.54e-02	2.87236e+01
  9.84e-02	  3.59e-02	3.08568e+01
  9.84e-02	  3.65e-02	3.31991e+01
  9.84e-02	  3.70e-02	7.06436e+01
  9.84e-02	  3.75e-02	8.62754e-31
  9.84e-02	  3.80e-02	1.51422e-63
  9.84e-02	  3.85e-02	2.23610e-96
  9.84e-02	  3.91e-02	3.30208e-129
  9.84e-02	  3.96e-02	4.87612e-162
  9.84e-02	  4.01e-02	7.20030e-195
  9.84e-02	  4.06e-02	1.06319e-227
  9.84e-02	  4.11e-02	1.56985e-260
  9.84e-02	  4.17e-02	2.31785e-293
  9.84e-02	  4.22e-02	0.00000e+00
  9.84e-02	  4.27e-02	0.00000e+00
  9.84e-02	  4.32e-02	0.00000e+00
  9.84e-02	  4.37e-02	0.00000e+00
  9.84e-02	  4.43e-02	0.00000e+00
  9.84e-02	  4.48e-02	0.00000e+00
  9.84e-02	  4.53e-02	0.00000e+00
  9.84e-02	  4.58e-02	0.00000e+00
  9.84e-02	  4.64e-02	0.00000e+00
  9.84e-02	  4.69e-02	0.00000e+00
  9.84e-02	  4.74e-02	0.00000e+00
  9.84e-02	  4.79e-02	0.00000e+00
  9.84e-02	  4.84e-02	0.00000e+00
  9.84e-02	  4.90e-02	0.00000e+00
  9.84e-02	  4.95e-02	0.00000e+00

  9.92e-02	  0.00e+00	0.00000e+00
  9.92e-02	  5.21e-04	0.00000e+00
  9.92e-02	  1.04e-03	0.00000e+00
  9.92e-02	  1.56e-03	0.00000e+00
  9.92e-02	  2.08e-03	0.00000e+00
  9.92e-02	  2.60e-03	0.00000e+00
  9.92e-02	  3.12e-03	0.00000e+00
  9.92e-02	  3.65e-03	0.00000e+00
  9.92e-02	  4.17e-03	0.00000e+00
  9.92e-02	  4.69e-03	0.00000e+00
  9.92e-02	  5.21e-03	0.00000e+00
  9.92e-02	  5.73e-03	0.00000e+00
  9.92e-02	  6.25e-03	0.00000e+00
  9.92e-02	  6.77e-03	0.00000e+00
  9.92e-02	  7.29e-03	-2.34939e-293
  9.92e-02	  7.81e-03	-1.59184e-260
  9.92e-02	  8.33e-03	-1.07848e-227
  9.92e-02	  8.85e-03	-7.30624e-195
  9.92e-02	  9.37e-03	-4.94933e-162
  9.92e-02	  9.90e-03	-3.35250e-129
  9.92e-02	  1.04e-02	-2.27070e-96
  9.92e-02	  1.09e-02	-1.53787e-63
  9.92e-02	  1.15e-02	-1.04148e-30
  9.92e-02	  1.20e-02	-7.15525e+01
  9.92e-02	  1.25e-02	-3.34458e+01
  9.92e-02	  1.30e-02	-3.07299e+01
  9.92e-02	  1.35e-02	-2.78197e+01
  9.92e-02	  1.41e-02	-2.36644e+01
  9.92e-02	  1.46e-02	-1.55446e+01
  9.92e-02	  1.51e-02	-1.49531e-01
  9.92e-02	  1.56e-02	1.53654e+01
  9.92e-02	  1.61e-02	2.36503e+01
  9.92e-02	  1.67e-02	2.79005e+01
  9.92e-02	  1.72e-02	3.08738e+01
  9.92e-02	  1.77e-02	3.36506e+01
  9.92e-02	  1.82e-02	7.21266e+01
  9.92e-02	  1.88e-02	8.76220e-31
  9.92e-02	  1.93e-02	1.55358e-63
  9.92e-02	  1.98e-02	-1.48100e-63
  9.92e-02	  2.03e-02	-1.00244e-30
  9.92e-02	  2.08e-02	-6.96608e+01
  9.92e-02	  2.14e-02	-3.27781e+01
  9.92e-02	  2.19e-02	-3.04865e+01
  9.92e-02	  2.24e-02	-2.84108e+01
  9.92e-02	  2.29e-02	-2.61084e+01
  9.92e-02	  2.34e-02	-2.21524e+01
  9.92e-02	  2.40e-02	-1.07166e+01
  9.92e-02	  2.45e-02	1.07963e+01
  9.92e-02	  2.50e-02	2.21507e+01
  9.92e-02	  2.55e-02	2.60961e+01
  9.92e-02	  2.60e-02	2.83988e+01
  9.92e-02	  2.66e-02	3.04728e+01
  9.92e-02	  2.71e-02	3.27584e+01
  9.92e-02	  2.76e-02	6.95855e+01
  9.92e-02	  2.81e-02	8.43635e-31
  9.92e-02	  2.86e-02	1.47969e-63
  9.92e-02	  2.92e-02	-1.52321e-63
  9.92e-02	  2.97e-02	-1.03117e-30
  9.92e-02	  3.02e-02	-7.10199e+01
  9.92e-02	  3.07e-02	-3.33216e+01
  9.92e-02	  3.13e-02	-3.09467e+01
  9.92e-02	  3.18e-02	-2.88052e+01
  9.92e-02	  3.23e-02	-2.64510e+01
  9.92e-02	  3.28e-02	-2.24403e+01
  9.92e-02	  3.33e-02	-1.08158e+01
  9.92e-02	  3.39e-02	1.11327e+01
  9.92e-02	  3.44e-02	2.24979e+01
  9.92e-02	  3.49e-02	2.64073e+01
  9.92e-02	  3.54e-02	2.87221e+01
  9.92e-02	  3.59e-02	3.08290e+01
  9.92e-02	  3.65e-02	3.31574e+01
  9.92e-02	  3.70e-02	7.05331e+01
  9.92e-02	  3.75e-02	8.61095e-31
  9.92e-02	  3.80e-02	1.51047e-63
  9.92e-02	  3.85e-02	2.23083e-96
  9.92e-02	  3.91e-02	3.29466e-129
  9.92e-02	  3.96e-02	4.86568e-162
  9.92e-02	  4.01e-02	7.18558e-195
  9.92e-02	  4.06e-02	1.06112e-227
  9.92e-02	  4.11e-02	1.56691e-260
  9.92e-02	  4.17e-02	2.31368e-293
  9.92e-02	  4.22e-02	0.00000e+00
  9.92e-02	  4.27e-02	0.00000e+00
  9.92e-02	  4.32e-02	0.00000e+00
  9.92e-02	  4.37e-02	0.00000e+00
  9.92e-02	  4.43e-02	0.00000e+00
  9.92e-02	  4.48e-02	0.00000e+00
  9.92e-02	  4.53e-02	0.00000e+00
  9.92e-02	  4.58e-02	0.00000e+00
  9.92e-02	  4.64e-02	0.00000e+00
  9.92e-02	  4.69e-02	0.00000e+00
  9.92e-02	  4.74e-02	0.00000e+00
  9.92e-02	  4.79e-02	0.00000e+00
  9.92e-02	  4.84e-02	0.00000e+00
  9.92e-02	  4.90e-02	0.00000e+00
  9.92e-02	  4.95e-02	0.00000e+00

  1.00e-01	  0.00e+00	0.00000e+00
  1.00e-01	  5.21e-04	0.00000e+00
  1.00e-01	  1.04e-03	0.00000e+00
  1.00e-01	  1.56e-03	0.00000e+00
  1.00e-01	  2.08e-03	0.00000e+00
  1.00e-01	  2.60e-03	0.00000e+00
  1.00e-01	  3.12e-03	0.00000e+00
  1.00e-01	  3.65e-03	0.00000e+00
  1.00e-01	  4.17e-03	0.00000e+00
  1.00e-01	  4.69e-03	0.00000e+00
  1.00e-01	  5.21e-03	0.00000e+00
  1.00e-01	  5.73e-03	0.00000e+00
  1.00e-01	  6.25e-03	0.00000e+00
  1.00e-01	  6.77e-03	0.00000e+00
  1.00e-01	  7.29e-03	-2.34325e-293
  1.00e-01	  7.81e-03	-1.58759e-260
  1.00e-01	  8.33e-03	-1.07554e-227
  1.00e-01	  8.85e-03	-7.28583e-195
  1.00e-01	  9.37e-03	-4.93515e-162
  1.00e-01	  9.90e-03	-3.34263e-129
  1.00e-01	  1.04e-02	-2.26383e-96
  1.00e-01	  1.09e-02	-1.53308e-63
  1.00e-01	  1.15e-02	-1.03814e-30
  1.00e-01	  1.20e-02	-7.14070e+01
  1.00e-01	  1.25e-02	-3.33999e+01
  1.00e-01	  1.30e-02	-3.07105e+01
  1.00e-01	  1.35e-02	-2.78433e+01
  1.00e-01	  1.41e-02	-2.37625e+01
  1.00e-01	  1.46e-02	-1.57248e+01
  1.00e-01	  1.51e-02	-2.09710e-01
  1.00e-01	  1.56e-02	1.54748e+01
  1.00e-01	  1.61e-02	2.37406e+01
  1.00e-01	  1.67e-02	2.79514e+01
  1.00e-01	  1.72e-02	3.09060e+01
  1.00e-01	  1.77e-02	3.36796e+01
  1.00e-01	  1.82e-02	7.21898e+01
  1.00e-01	  1.88e-02	8.75041e-31
  1.00e-01	  1.93e-02	1.55399e-63
  1.00e-01	  1.98e-02	-1.47974e-63
  1.00e-01	  2.03e-02	-1.00146e-30
  1.00e-01	  2.08e-02	-6.96232e+01
  1.00e-01	  2.14e-02	-3.27593e+01
  1.00e-01	  2.19e-02	-3.04748e+01
  1.00e-01	  2.24e-02	-2.84197e+01
  1.00e-01	  2.29e-02	-2.61675e+01
  1.00e-01	  2.34e-02	-2.23311e+01
  1.00e-01	  2.40e-02	-1.09408e+01
  1.00e-01	  2.45e-02	1.10199e+01
  1.00e-01	  2.50e-02	2.23230e+01
  1.00e-01	  2.55e-02	2.61518e+01
  1.00e-01	  2.60e-02	2.84080e+01
  1.00e-01	  2.66e-02	3.04637e+01
  1.00e-01	  2.71e-02	3.27416e+01
  1.00e-01	  2.76e-02	6.95361e+01
  1.00e-01	  2.81e-02	8.42553e-31
  1.00e-01	  2.86e-02	1.47803e-63
  1.00e-01	  2.92e-02	-1.52342e-63
  1.00e-01	  2.97e-02	-1.03118e-30
  1.00e-01	  3.02e-02	-7.10505e+01
  1.00e-01	  3.07e-02	-3.33246e+01
  1.00e-01	  3.13e-02	-3.09487e+01
  1.00e-01	  3.18e-02	-2.88197e+01
  1.00e-01	  3.23e-02	-2.65052e+01
  1.00e-01	  3.28e-02	-2.25938e+01
  1.00e-01	  3.33e-02	-1.09846e+01
  1.00e-01	  3.39e-02	1.13874e+01
  1.00e-01	  3.44e-02	2.26687e+01
  1.00e-01	  3.49e-02	2.64531e+01
  1.00e-01	  3.54e-02	2.87162e+01
  1.00e-01	  3.59e-02	3.07994e+01
  1.00e-01	  3.65e-02	3.31137e+01
  1.00e-01	  3.70e-02	7.04143e+01
  1.00e-01	  3.75e-02	8.59589e-31
  1.00e-01	  3.80e-02	1.50680e-63
  1.00e-01	  3.85e-02	2.22562e-96
  1.00e-01	  3.91e-02	3.28727e-129
  1.00e-01	  3.96e-02	4.85517e-162
  1.00e-01	  4.01e-02	7.17059e-195
  1.00e-01	  4.06e-02	1.05897e-227
  1.00e-01	  4.11e-02	1.56384e-260
  1.00e-01	  4.17e-02	2.30928e-293
  1.00e-01	  4.22e-02	0.00000e+00
  1.00e-01	  4.27e-02	0.00000e+00
  1.00e-01	  4.32e-02	0.00000e+00
  1.00e-01	  4.37e-02	0.00000e+00
  1.00e-01	  4.43e-02	0.00000e+00
  1.00e-01	  4.48e-02	0.00000e+00
  1.00e-01	  4.53e-02	0.00000e+00
  1.00e-01	  4.58e-02	0.00000e+00
  1.00e-01	  4.64e-02	0.00000e+00
  1.00e-01	  4.69e-02	0.00000e+00
  1.00e-01	  4.74e-02	0.00000e+00
  1.00e-01	  4.79e-02	0.00000e+00
  1.00e-01	  4.84e-02	0.00000e+00
  1.00e-01	  4.90e-02	0.00000e+00
  1.00e-01	  4.95e-02	0.00000e+00

  1.01e-01	  0.00e+00	0.00000e+00
  1.01e-01	  5.21e-04	0.00000e+00
  1.01e-01	  1.04e-03	0.00000e+00
  1.01e-01	  1.56e-03	0.00000e+00
  1.01e-01	  2.08e-03	0.00000e+00
  1.01e-01	  2.60e-03	0.00000e+00
  1.01e-01	  3.12e-03	0.00000e+00
  1.01e-01	  3.65e-03	0.00000e+00
  1.01e-01	  4.17e-03	0.00000e+00
  1.01e-01	  4.69e-03	0.00000e+00
  1.01e-01	  5.21e-03	0.00000e+00
  1.01e-01	  5.73e-03	0.00000e+00
  1.01e-01	  6.25e-03	0.00000e+00
  1.01e-01	  6.77e-03	0.00000e+00
  1.01e-01	  7.29e-03	-2.33620e-293
  1.01e-01	  7.81e-03	-1.58276e-260
  1.01e-01	  8.33e-03	-1.07222e-227
  1.01e-01	  8.85e-03	-7.26304e-195
  1.01e-01	  9.37e-03	-4.91947e-162
  1.01e-01	  9.90e-03	-3.33183e-129
  1.01e-01	  1.04e-02	-2.25638e-96
  1.01e-01	  1.09e-02	-1.52794e-63
  1.01e-01	  1.15e-02	-1.03459e-30
  1.01e-01	  1.20e-02	-7.12358e+01
  1.01e-01	  1.25e-02	-3.33457e+01
  1.01e-01	  1.30e-02	-3.06855e+01
  1.01e-01	  1.35e-02	-2.78625e+01
  1.01e-01	  1.41e-02	-2.38580e+01
  1.01e-01	  1.46e-02	-1.59125e+01
  1.01e-01	  1.51e-02	-2.96256e-01
  1.01e-01	  1.56e-02	1.55619e+01
  1.01e-01	  1.61e-02	2.38256e+01
  1.01e-01	  1.67e-02	2.80102e+01
  1.01e-01	  1.72e-02	3.09549e+01
  1.01e-01	  1.77e-02	3.37306e+01
  1.01e-01	  1.82e-02	7.23021e+01
  1.01e-01	  1.88e-02	8.73993e-31
  1.01e-01	  1.93e-02	1.55576e-63
  1.01e-01	  1.98e-02	-1.47900e-63
  1.01e-01	  2.03e-02	-1.00086e-30
  1.01e-01	  2.08e-02	-6.96009e+01
  1.01e-01	  2.14e-02	-3.27437e+01
  1.01e-01	  2.19e-02	-3.04662e+01
  1.01e-01	  2.24e-02	-2.84308e+01
  1.01e-01	  2.29e-02	-2.62250e+01
  1.01e-01	  2.34e-02	-2.25003e+01
  1.01e-01	  2.40e-02	-1.11589e+01
  1.01e-01	  2.45e-02	1.12293e+01
  1.01e-01	  2.50e-02	2.24785e+01
  1.01e-01	  2.55e-02	2.62028e+01
  1.01e-01	  2.60e-02	2.84212e+01
  1.01e-01	  2.66e-02	3.04634e+01
  1.01e-01	  2.71e-02	3.27348e+01
  1.01e-01	  2.76e-02	6.95013e+01
  1.01e-01	  2.81e-02	8.41465e-31
  1.01e-01	  2.86e-02	1.47679e-63
  1.01e-01	  2.92e-02	-1.52465e-63
  1.01e-01	  2.97e-02	-1.03190e-30
  1.01e-01	  3.02e-02	-7.11148e+01
  1.01e-01	  3.07e-02	-3.33366e+01
  1.01e-01	  3.13e-02	-3.09574e+01
  1.01e-01	  3.18e-02	-2.88388e+01
  1.01e-01	  3.23e-02	-2.65591e+01
  1.01e-01	  3.28e-02	-2.27349e+01
  1.01e-01	  3.33e-02	-1.11282e+01
  1.01e-01	  3.39e-02	1.16426e+01
  1.01e-01	  3.44e-02	2.28237e+01
  1.01e-01	  3.49e-02	2.64908e+01
  1.01e-01	  3.54e-02	2.87083e+01
  1.01e-01	  3.59e-02	3.07701e+01
  1.01e-01	  3.65e-02	3.30694e+01
  1.01e-01	  3.70e-02	7.02865e+01
  1.01e-01	  3.75e-02	8.58094e-31
  1.01e-01	  3.80e-02	1.50307e-63
  1.01e-01	  3.85e-02	2.22028e-96
  1.01e-01	  3.91e-02	3.27959e-129
  1.01e-01	  3.96e-02	4.84411e-162
  1.01e-01	  4.01e-02	7.15463e-195
  1.01e-01	  4.06e-02	1.05667e-227
  1.01e-01	  4.11e-02	1.56050e-260
  1.01e-01	  4.17e-02	2.30442e-293
  1.01e-01	  4.22e-02	0.00000e+00
  1.01e-01	  4.27e-02	0.00000e+00
  1.01e-01	  4.32e-02	0.00000e+00
  1.01e-01	  4.37e-02	0.00000e+00
  1.01e-01	  4.43e-02	0.00000e+00
  1.01e-01	  4.48e-02	0.00000e+00
  1.01e-01	  4.53e-02	0.00000e+00
  1.01e-01	  4.58e-02	0.00000e+00
  1.01e-01	  4.64e-02	0.00000e+00
  1.01e-01	  4.69e-02	0.00000e+00
  1.01e-01	  4.74e-02	0.00000e+00
  1.01e-01	  4.79e-02	0.00000e+00
  1.01e-01	  4.84e-02	0.00000e+00
  1.01e-01	  4.90e-02	0.00000e+00
  1.01e-01	  4.95e-02	0.00000e+00

  1.02e-01	  0.00e+00	0.00000e+00
  1.02e-01	  5.21e-04	0.00000e+00
  1.02e-01	  1.04e-03	0.00000e+00
  1.02e-01	  1.56e-03	0.00000e+00
  1.02e-01	  2.08e-03	0.00000e+00
  1.02e-01	  2.60e-03	0.00000e+00
  1.02e-01	  3.12e-03	0.00000e+00
  1.02e-01	  3.65e-03	0.00000e+00
  1.02e-01	  4.17e-03	0.00000e+00
  1.02e-01	  4.69e-03	0.00000e+00
  1.02e-01	  5.21e-03	0.00000e+00
  1.02e-01	  5.73e-03	0.00000e+00
  1.02e-01	  6.25e-03	0.00000e+00
  1.02e-01	  6.77e-03	0.00000e+00
  1.02e-01	  7.29e-03	-5.27666e-293
  1.02e-01	  7.81e-03	-2.35393e-260
  1.02e-01	  8.33e-03	-1.22338e-227
  1.02e-01	  8.85e-03	-7.41581e-195
  1.02e-01	  9.37e-03	-4.90140e-162
  1.02e-01	  9.90e-03	-3.31950e-129
  1.02e-01	  1.04e-02	-2.24795e-96
  1.02e-01	  1.09e-02	-1.52217e-63
  1.02e-01	  1.15e-02	-1.03064e-30
  1.02e-01	  1.20e-02	-7.10318e+01
  1.02e-01	  1.25e-02	-3.32802e+01
  1.02e-01	  1.30e-02	-3.06532e+01
  1.02e-01	  1.35e-02	-2.78787e+01
  1.02e-01	  1.41e-02	-2.39551e+01
  1.02e-01	  1.46e-02	-1.61154e+01
  1.02e-01	  1.51e-02	-4.21776e-01
  1.02e-01	  1.56e-02	1.56175e+01
  1.02e-01	  1.61e-02	2.39050e+01
  1.02e-01	  1.67e-02	2.80841e+01
  1.02e-01	  1.72e-02	3.10323e+01
  1.02e-01	  1.77e-02	3.38172e+01
  1.02e-01	  1.82e-02	7.24862e+01
  1.02e-01	  1.88e-02	8.72822e-31
  1.02e-01	  1.93e-02	1.55924e-63
  1.02e-01	  1.98e-02	-1.47890e-63
  1.02e-01	  2.03e-02	-1.00072e-30
  1.02e-01	  2.08e-02	-6.96027e+01
  1.02e-01	  2.14e-02	-3.27318e+01
  1.02e-01	  2.19e-02	-3.04627e+01
  1.02e-01	  2.24e-02	-2.84494e+01
  1.02e-01	  2.29e-02	-2.62887e+01
  1.02e-01	  2.34e-02	-2.26665e+01
  1.02e-01	  2.40e-02	-1.13739e+01
  1.02e-01	  2.45e-02	1.14166e+01
  1.02e-01	  2.50e-02	2.26143e+01
  1.02e-01	  2.55e-02	2.62521e+01
  1.02e-01	  2.60e-02	2.84462e+01
  1.02e-01	  2.66e-02	3.04823e+01
  1.02e-01	  2.71e-02	3.27479e+01
  1.02e-01	  2.76e-02	6.94929e+01
  1.02e-01	  2.81e-02	8.40086e-31
  1.02e-01	  2.86e-02	1.47602e-63
  1.02e-01	  2.92e-02	-1.52715e-63
  1.02e-01	  2.97e-02	-1.03348e-30
  1.02e-01	  3.02e-02	-7.12264e+01
  1.02e-01	  3.07e-02	-3.33596e+01
  1.02e-01	  3.13e-02	-3.09758e+01
  1.02e-01	  3.18e-02	-2.88683e+01
  1.02e-01	  3.23e-02	-2.66199e+01
  1.02e-01	  3.28e-02	-2.28690e+01
  1.02e-01	  3.33e-02	-1.12452e+01
  1.02e-01	  3.39e-02	1.18966e+01
  1.02e-01	  3.44e-02	2.29624e+01
  1.02e-01	  3.49e-02	2.65234e+01
  1.02e-01	  3.54e-02	2.87036e+01
  1.02e-01	  3.59e-02	3.07466e+01
  1.02e-01	  3.65e-02	3.30283e+01
  1.02e-01	  3.70e-02	7.01509e+01
  1.02e-01	  3.75e-02	8.56393e-31
  1.02e-01	  3.80e-02	1.49915e-63
  1.02e-01	  3.85e-02	2.21459e-96
  1.02e-01	  3.91e-02	3.27134e-129
  1.02e-01	  3.96e-02	4.83210e-162
  1.02e-01	  4.01e-02	7.13711e-195
  1.02e-01	  4.06e-02	1.05411e-227
  1.02e-01	  4.11e-02	1.55675e-260
  1.02e-01	  4.17e-02	2.29893e-293
  1.02e-01	  4.22e-02	0.00000e+00
  1.02e-01	  4.27e-02	0.00000e+00
  1.02e-01	  4.32e-02	0.00000e+00
  1.02e-01	  4.37e-02	0.00000e+00
  1.02e-01	  4.43e-02	0.00000e+00
  1.02e-01	  4.48e-02	0.00000e+00
  1.02e-01	  4.53e-02	0.00000e+00
  1.02e-01	  4.58e-02	0.00000e+00
  1.02e-01	  4.64e-02	0.00000e+00
  1.02e-01	  4.69e-02	0.00000e+00
  1.02e-01	  4.74e-02	0.00000e+00
  1.02e-01	  4.79e-02	0.00000e+00
  1.02e-01	  4.84e-02	0.00000e+00
  1.02e-01	  4.90e-02	0.00000e+00
  1.02e-01	  4.95e-02	0.00000e+00

  1.02e-01	  0.00e+00	0.00000e+00
  1.02e-01	  5.21e-04	0.00000e+00
  1.02e-01	  1.04e-03	0.00000e+00
  1.02e-01	  1.56e-03	0.00000e+00
  1.02e-01	  2.08e-03	0.00000e+00
  1.02e-01	  2.60e-03	0.00000e+00
  1.02e-01	  3.12e-03	0.00000e+00
  1.02e-01	  3.65e-03	0.00000e+00
  1.02e-01	  4.17e-03	0.00000e+00
  1.02e-01	  4.69e-03	0.00000e+00
  1.02e-01	  5.21e-03	0.00000e+00
  1.02e-01	  5.73e-03	0.00000e+00
  1.02e-01	  6.25e-03	0.00000e+00
  1.02e-01	  6.77e-03	-8.36059e-293
  1.02e-01	  7.29e-03	-2.94206e-260
  1.02e-01	  7.81e-03	-8.82788e-228
  1.02e-01	  8.33e-03	-2.04785e-195
  1.02e-01	  8.85e-03	-2.82708e-163
  1.02e-01	  9.37e-03	-4.88126e-162
  1.02e-01	  9.90e-03	-3.30502e-129
  1.02e-01	  1.04e-02	-2.23814e-96
  1.02e-01	  1.09e-02	-1.51551e-63
  1.02e-01	  1.15e-02	-1.02611e-30
  1.02e-01	  1.20e-02	-7.07885e+01
  1.02e-01	  1.25e-02	-3.32002e+01
  1.02e-01	  1.30e-02	-3.06082e+01
  1.02e-01	  1.35e-02	-2.78936e+01
  1.02e-01	  1.41e-02	-2.40635e+01
  1.02e-01	  1.46e-02	-1.63493e+01
  1.02e-01	  1.51e-02	-6.08207e-01
  1.02e-01	  1.56e-02	1.56250e+01
  1.02e-01	  1.61e-02	2.39763e+01
  1.02e-01	  1.67e-02	2.81853e+01
  1.02e-01	  1.72e-02	3.11625e+01
  1.02e-01	  1.77e-02	3.39674e+01
  1.02e-01	  1.82e-02	7.27809e+01
  1.02e-01	  1.88e-02	8.71031e-31
  1.02e-01	  1.93e-02	1.56500e-63
  1.02e-01	  1.98e-02	-1.47972e-63
  1.02e-01	  2.03e-02	-1.00120e-30
  1.02e-01	  2.08e-02	-6.96473e+01
  1.02e-01	  2.14e-02	-3.27247e+01
  1.02e-01	  2.19e-02	-3.04667e+01
  1.02e-01	  2.24e-02	-2.84875e+01
  1.02e-01	  2.29e-02	-2.63755e+01
  1.02e-01	  2.34e-02	-2.28446e+01
  1.02e-01	  2.40e-02	-1.15950e+01
  1.02e-01	  2.45e-02	1.15701e+01
  1.02e-01	  2.50e-02	2.27254e+01
  1.02e-01	  2.55e-02	2.63042e+01
  1.02e-01	  2.60e-02	2.84975e+01
  1.02e-01	  2.66e-02	3.05427e+01
  1.02e-01	  2.71e-02	3.28038e+01
  1.02e-01	  2.76e-02	6.95354e+01
  1.02e-01	  2.81e-02	8.37938e-31
  1.02e-01	  2.86e-02	1.47595e-63
  1.02e-01	  2.92e-02	-1.53136e-63
  1.02e-01	  2.97e-02	-1.03623e-30
  1.02e-01	  3.02e-02	-7.14093e+01
  1.02e-01	  3.07e-02	-3.33966e+01
  1.02e-01	  3.13e-02	-3.10076e+01
  1.02e-01	  3.18e-02	-2.89204e+01
  1.02e-01	  3.23e-02	-2.67044e+01
  1.02e-01	  3.28e-02	-2.30088e+01
  1.02e-01	  3.33e-02	-1.13382e+01
  1.02e-01	  3.39e-02	1.21466e+01
  1.02e-01	  3.44e-02	2.30851e+01
  1.02e-01	  3.49e-02	2.65574e+01
  1.02e-01	  3.54e-02	2.87138e+01
  1.02e-01	  3.59e-02	3.07430e+01
  1.02e-01	  3.65e-02	3.30005e+01
  1.02e-01	  3.70e-02	7.00117e+01
  1.02e-01	  3.75e-02	8.54231e-31
  1.02e-01	  3.80e-02	1.49499e-63
  1.02e-01	  3.85e-02	2.20850e-96
  1.02e-01	  3.91e-02	3.26239e-129
  1.02e-01	  3.96e-02	5.12068e-162
  1.02e-01	  4.01e-02	9.31238e-195
  1.02e-01	  4.06e-02	2.00076e-227
  1.02e-01	  4.11e-02	4.72810e-260
  1.02e-01	  4.17e-02	1.13491e-292
  1.02e-01	  4.22e-02	0.00000e+00
  1.02e-01	  4.27e-02	0.00000e+00
  1.02e-01	  4.32e-02	0.00000e+00
  1.02e-01	  4.37e-02	0.00000e+00
  1.02e-01	  4.43e-02	0.00000e+00
  1.02e-01	  4.48e-02	0.00000e+00
  1.02e-01	  4.53e-02	0.00000e+00
  1.02e-01	  4.58e-02	0.00000e+00
  1.02e-01	  4.64e-02	0.00000e+00
  1.02e-01	  4.69e-02	0.00000e+00
  1.02e-01	  4.74e-02	0.00000e+00
  1.02e-01	  4.79e-02	0.00000e+00
  1.02e-01	  4.84e-02	0.00000e+00
  1.02e-01	  4.90e-02	0.00000e+00
  1.02e-01	  4.95e-02	0.00000e+00

  1.03e-01	  0.00e+00	0.00000e+00
  1.03e-01	  5.21e-04	0.00000e+00
  1.03e-01	  1.04e-03	0.00000e+00
  1.03e-01	  1.56e-03	0.00000e+00
  1.03e-01	  2.08e-03	0.00000e+00
  1.03e-01	  2.60e-03	0.00000e+00
  1.03e-01	  3.12e-03	0.00000e+00
  1.03e-01	  3.65e-03	0.00000e+00
  1.03e-01	  4.17e-03	0.00000e+00
  1.03e-01	  4.69e-03	0.00000e+00
  1.03e-01	  5.21e-03	0.00000e+00
  1.03e-01	  5.73e-03	0.00000e+00
  1.03e-01	  6.25e-03	-1.51564e-292
  1.03e-01	  6.77e-03	-6.67936e-260
  1.03e-01	  7.29e-03	-2.67859e-227
  1.03e-01	  7.81e-03	-9.35032e-195
  1.03e-01	  8.33e-03	-2.59383e-162
  1.03e-01	  8.85e-03	-4.44908e-130
  1.03e-01	  9.37e-03	-1.87992e-132
  1.03e-01	  9.90e-03	-3.29781e-129
  1.03e-01	  1.04e-02	-2.22651e-96
  1.03e-01	  1.09e-02	-1.50766e-63
  1.03e-01	  1.15e-02	-1.02081e-30
  1.03e-01	  1.20e-02	-7.05023e+01
  1.03e-01	  1.25e-02	-3.31057e+01
  1.03e-01	  1.30e-02	-3.05217e+01
  1.03e-01	  1.35e-02	-2.79083e+01
  1.03e-01	  1.41e-02	-2.42057e+01
  1.03e-01	  1.46e-02	-1.66443e+01
  1.03e-01	  1.51e-02	-8.92938e-01
  1.03e-01	  1.56e-02	1.55515e+01
  1.03e-01	  1.61e-02	2.40258e+01
  1.03e-01	  1.67e-02	2.83304e+01
  1.03e-01	  1.72e-02	3.13967e+01
  1.03e-01	  1.77e-02	3.42458e+01
  1.03e-01	  1.82e-02	7.32495e+01
  1.03e-01	  1.88e-02	8.68233e-31
  1.03e-01	  1.93e-02	1.57391e-63
  1.03e-01	  1.98e-02	-1.48192e-63
  1.03e-01	  2.03e-02	-1.00264e-30
  1.03e-01	  2.08e-02	-6.97728e+01
  1.03e-01	  2.14e-02	-3.27259e+01
  1.03e-01	  2.19e-02	-3.04713e+01
  1.03e-01	  2.24e-02	-2.85726e+01
  1.03e-01	  2.29e-02	-2.65241e+01
  1.03e-01	  2.34e-02	-2.30620e+01
  1.03e-01	  2.40e-02	-1.18369e+01
  1.03e-01	  2.45e-02	1.16733e+01
  1.03e-01	  2.50e-02	2.27997e+01
  1.03e-01	  2.55e-02	2.63594e+01
  1.03e-01	  2.60e-02	2.85976e+01
  1.03e-01	  2.66e-02	3.06929e+01
  1.03e-01	  2.71e-02	3.29567e+01
  1.03e-01	  2.76e-02	6.96711e+01
  1.03e-01	  2.81e-02	8.34837e-31
  1.03e-01	  2.86e-02	1.47700e-63
  1.03e-01	  2.92e-02	-1.53797e-63
  1.03e-01	  2.97e-02	-1.04061e-30
  1.03e-01	  3.02e-02	-7.17080e+01
  1.03e-01	  3.07e-02	-3.34531e+01
  1.03e-01	  3.13e-02	-3.10475e+01
  1.03e-01	  3.18e-02	-2.90245e+01
  1.03e-01	  3.23e-02	-2.68514e+01
  1.03e-01	  3.28e-02	-2.31794e+01
  1.03e-01	  3.33e-02	-1.14130e+01
  1.03e-01	  3.39e-02	1.23895e+01
  1.03e-01	  3.44e-02	2.31912e+01
  1.03e-01	  3.49e-02	2.66017e+01
  1.03e-01	  3.54e-02	2.87621e+01
  1.03e-01	  3.59e-02	3.07940e+01
  1.03e-01	  3.65e-02	3.30111e+01
  1.03e-01	  3.70e-02	6.98651e+01
  1.03e-01	  3.75e-02	8.52029e-31
  1.03e-01	  3.80e-02	1.49060e-63
  1.03e-01	  3.85e-02	2.20202e-96
  1.03e-01	  3.91e-02	3.25583e-129
  1.03e-01	  3.96e-02	4.73892e-130
  1.03e-01	  4.01e-02	2.77476e-162
  1.03e-01	  4.06e-02	1.00377e-194
  1.03e-01	  4.11e-02	2.88482e-227
  1.03e-01	  4.17e-02	7.21660e-260
  1.03e-01	  4.22e-02	1.64294e-292
  1.03e-01	  4.27e-02	0.00000e+00
  1.03e-01	  4.32e-02	0.00000e+00
  1.03e-01	  4.37e-02	0.00000e+00
  1.03e-01	  4.43e-02	0.00000e+00
  1.03e-01	  4.48e-02	0.00000e+00
  1.03e-01	  4.53e-02	0.00000e+00
  1.03e-01	  4.58e-02	0.00000e+00
  1.03e-01	  4.64e-02	0.00000e+00
  1.03e-01	  4.69e-02	0.00000e+00
  1.03e-01	  4.74e-02	0.00000e+00
  1.03e-01	  4.79e-02	0.00000e+00
  1.03e-01	  4.84e-02	0.00000e+00
  1.03e-01	  4.90e-02	0.00000e+00
  1.03e-01	  4.95e-02	0.00000e+00

  1.04e-01	  0.00e+00	0.00000e+00
  1.04e-01	  5.21e-04	0.00000e+00
  1.04e-01	  1.04e-03	0.00000e+00
  1.04e-01	  1.56e-03	0.00000e+00
  1.04e-01	  2.08e-03	0.00000e+00
  1.04e-01	  2.60e-03	0.00000e+00
  1.04e-01	  3.12e-03	0.00000e+00
  1.04e-01	  3.65e-03	0.00000e+00
  1.04e-01	  4.17e-03	0.00000e+00
  1.04e-01	  4.69e-03	0.00000e+00
  1.04e-01	  5.21e-03	0.00000e+00
  1.04e-01	  5.73e-03	-1.71420e-292
  1.04e-01	  6.25e-03	-9.08436e-260
  1.04e-01	  6.77e-03	-4.56545e-227
  1.04e-01	  7.29e-03	-2.13200e-194
  1.04e-01	  7.81e-03	-8.91366e-162
  1.04e-01	  8.33e-03	-3.08164e-129
  1.04e-01	  8.85e-03	-6.98888e-97
  1.04e-01	  9.37e-03	-2.88974e-99
  1.04e-01	  9.90e-03	-1.52472e-98
  1.04e-01	  1.04e-02	-2.24204e-96
  1.04e-01	  1.09e-02	-1.49683e-63
  1.04e-01	  1.15e-02	-1.01344e-30
  1.04e-01	  1.20e-02	-7.01703e+01
  1.04e-01	  1.25e-02	-3.30210e+01
  1.04e-01	  1.30e-02	-3.02176e+01
  1.04e-01	  1.35e-02	-2.79471e+01
  1.04e-01	  1.41e-02	-2.44463e+01
  1.04e-01	  1.46e-02	-1.70479e+01
  1.04e-01	  1.51e-02	-1.32598e+00
  1.04e-01	  1.56e-02	1.53348e+01
  1.04e-01	  1.61e-02	2.39952e+01
  1.04e-01	  1.67e-02	2.85100e+01
  1.04e-01	  1.72e-02	3.18431e+01
  1.04e-01	  1.77e-02	3.48659e+01
  1.04e-01	  1.82e-02	7.39568e+01
  1.04e-01	  1.88e-02	8.64288e-31
  1.04e-01	  1.93e-02	1.58534e-63
  1.04e-01	  1.98e-02	-1.48406e-63
  1.04e-01	  2.03e-02	-1.00391e-30
  1.04e-01	  2.08e-02	-7.00570e+01
  1.04e-01	  2.14e-02	-3.27546e+01
  1.04e-01	  2.19e-02	-3.03913e+01
  1.04e-01	  2.24e-02	-2.88192e+01
  1.04e-01	  2.29e-02	-2.68312e+01
  1.04e-01	  2.34e-02	-2.33506e+01
  1.04e-01	  2.40e-02	-1.21003e+01
  1.04e-01	  2.45e-02	1.17129e+01
  1.04e-01	  2.50e-02	2.28052e+01
  1.04e-01	  2.55e-02	2.63821e+01
  1.04e-01	  2.60e-02	2.87508e+01
  1.04e-01	  2.66e-02	3.10393e+01
  1.04e-01	  2.71e-02	3.33973e+01
  1.04e-01	  2.76e-02	6.99244e+01
  1.04e-01	  2.81e-02	8.30973e-31
  1.04e-01	  2.86e-02	1.47756e-63
  1.04e-01	  2.92e-02	-1.54591e-63
  1.04e-01	  2.97e-02	-1.04577e-30
  1.04e-01	  3.02e-02	-7.22072e+01
  1.04e-01	  3.07e-02	-3.35503e+01
  1.04e-01	  3.13e-02	-3.10123e+01
  1.04e-01	  3.18e-02	-2.93005e+01
  1.04e-01	  3.23e-02	-2.71597e+01
  1.04e-01	  3.28e-02	-2.34101e+01
  1.04e-01	  3.33e-02	-1.14600e+01
  1.04e-01	  3.39e-02	1.26293e+01
  1.04e-01	  3.44e-02	2.32713e+01
  1.04e-01	  3.49e-02	2.66491e+01
  1.04e-01	  3.54e-02	2.88756e+01
  1.04e-01	  3.59e-02	3.09929e+01
  1.04e-01	  3.65e-02	3.31703e+01
  1.04e-01	  3.70e-02	6.95971e+01
  1.04e-01	  3.75e-02	8.53695e-31
  1.04e-01	  3.80e-02	1.48442e-63
  1.04e-01	  3.85e-02	2.22646e-96
  1.04e-01	  3.91e-02	4.30335e-99
  1.04e-01	  3.96e-02	7.43038e-97
  1.04e-01	  4.01e-02	3.29215e-129
  1.04e-01	  4.06e-02	9.55483e-162
  1.04e-01	  4.11e-02	2.29204e-194
  1.04e-01	  4.17e-02	4.92183e-227
  1.04e-01	  4.22e-02	9.82102e-260
  1.04e-01	  4.27e-02	1.85865e-292
  1.04e-01	  4.32e-02	0.00000e+00
  1.04e-01	  4.37e-02	0.00000e+00
  1.04e-01	  4.43e-02	0.00000e+00
  1.04e-01	  4.48e-02	0.00000e+00
  1.04e-01	  4.53e-02	0.00000e+00
  1.04e-01	  4.58e-02	0.00000e+00
  1.04e-01	  4.64e-02	0.00000e+00
  1.04e-01	  4.69e-02	0.00000e+00
  1.04e-01	  4.74e-02	0.00000e+00
  1.04e-01	  4.79e-02	0.00000e+00
  1.04e-01	  4.84e-02	0.00000e+00
  1.04e-01	  4.90e-02	0.00000e+00
  1.04e-01	  4.95e-02	0.00000e+00

  1.05e-01	  0.00e+00	0.00000e+00
  1.05e-01	  5.21e-04	0.00000e+00
  1.05e-01	  1.04e-03	0.00000e+00
  1.05e-01	  1.56e-03	0.00000e+00
  1.05e-01	  2.08e-03	0.00000e+00
  1.05e-01	  2.60e-03	0.00000e+00
  1.05e-01	  3.12e-03	0.00000e+00
  1.05e-01	  3.65e-03	0.00000e+00
  1.05e-01	  4.17e-03	0.00000e+00
  1.05e-01	  4.69e-03	0.00000e+00
  1.05e-01	  5.21e-03	-1.10307e-292
  1.05e-01	  5.73e-03	-6.83857e-260
  1.05e-01	  6.25e-03	-4.13694e-227
  1.05e-01	  6.77e-03	-2.42403e-194
  1.05e-01	  7.29e-03	-1.35819e-161
  1.05e-01	  7.81e-03	-7.09906e-129
  1.05e-01	  8.33e-03	-3.26937e-96
  1.05e-01	  8.85e-03	-1.09607e-63
  1.05e-01	  9.37e-03	1.77191e-30
  1.05e-01	  9.90e-03	4.31711e+00
  1.05e-01	  1.04e-02	8.57098e+00
  1.05e-01	  1.09e-02	1.12006e+01
  1.05e-01	  1.15e-02	1.13494e+01
  1.05e-01	  1.20e-02	-6.22625e+01
  1.05e-01	  1.25e-02	-3.73573e+01
  1.05e-01	  1.30e-02	-3.38963e+01
  1.05e-01	  1.35e-02	-2.96816e+01
  1.05e-01	  1.41e-02	-2.51999e+01
  1.05e-01	  1.46e-02	-1.75932e+01
  1.05e-01	  1.51e-02	-1.91254e+00
  1.05e-01	  1.56e-02	1.48871e+01
  1.05e-01	  1.61e-02	2.36938e+01
  1.05e-01	  1.67e-02	2.85442e+01
  1.05e-01	  1.72e-02	3.29394e+01
  1.05e-01	  1.77e-02	3.86339e+01
  1.05e-01	  1.82e-02	8.25991e+01
  1.05e-01	  1.88e-02	1.17659e+01
  1.05e-01	  1.93e-02	1.29789e+00
  1.05e-01	  1.98e-02	-6.84825e-01
  1.05e-01	  2.03e-02	-1.97752e-01
  1.05e-01	  2.08e-02	-7.24285e+01
  1.05e-01	  2.14e-02	-4.41840e+01
  1.05e-01	  2.19e-02	-3.73940e+01
  1.05e-01	  2.24e-02	-3.17422e+01
  1.05e-01	  2.29e-02	-2.78341e+01
  1.05e-01	  2.34e-02	-2.36941e+01
  1.05e-01	  2.40e-02	-1.23004e+01
  1.05e-01	  2.45e-02	1.17106e+01
  1.05e-01	  2.50e-02	2.26734e+01
  1.05e-01	  2.55e-02	2.62106e+01
  1.05e-01	  2.60e-02	2.88247e+01
  1.05e-01	  2.66e-02	3.20742e+01
  1.05e-01	  2.71e-02	3.69035e+01
  1.05e-01	  2.76e-02	7.76437e+01
  1.05e-01	  2.81e-02	1.10443e+01
  1.05e-01	  2.86e-02	1.65285e+00
  1.05e-01	  2.92e-02	7.95910e-02
  1.05e-01	  2.97e-02	6.02617e-01
  1.05e-01	  3.02e-02	-7.42965e+01
  1.05e-01	  3.07e-02	-4.51535e+01
  1.05e-01	  3.13e-02	-3.81179e+01
  1.05e-01	  3.18e-02	-3.22543e+01
  1.05e-01	  3.23e-02	-2.81499e+01
  1.05e-01	  3.28e-02	-2.36749e+01
  1.05e-01	  3.33e-02	-1.13878e+01
  1.05e-01	  3.39e-02	1.28990e+01
  1.05e-01	  3.44e-02	2.32845e+01
  1.05e-01	  3.49e-02	2.65959e+01
  1.05e-01	  3.54e-02	2.89982e+01
  1.05e-01	  3.59e-02	3.17903e+01
  1.05e-01	  3.65e-02	3.55875e+01
  1.05e-01	  3.70e-02	7.39942e+01
  1.05e-01	  3.75e-02	5.44396e+00
  1.05e-01	  3.80e-02	-6.04235e+00
  1.05e-01	  3.85e-02	-9.47787e+00
  1.05e-01	  3.91e-02	-8.70896e+00
  1.05e-01	  3.96e-02	-5.29523e+00
  1.05e-01	  4.01e-02	-1.88054e-30
  1.05e-01	  4.06e-02	7.60286e-129
  1.05e-01	  4.11e-02	1.45810e-161
  1.05e-01	  4.17e-02	2.60814e-194
  1.05e-01	  4.22e-02	4.46096e-227
  1.05e-01	  4.27e-02	7.39083e-260
  1.05e-01	  4.32e-02	1.19499e-292
  1.05e-01	  4.37e-02	0.00000e+00
  1.05e-01	  4.43e-02	0.00000e+00
  1.05e-01	  4.48e-02	0.00000e+00
  1.05e-01	  4.53e-02	0.00000e+00
  1.05e-01	  4.58e-02	0.00000e+00
  1.05e-01	  4.64e-02	0.00000e+00
  1.05e-01	  4.69e-02	0.00000e+00
  1.05e-01	  4.74e-02	0.00000e+00
  1.05e-01	  4.79e-02	0.00000e+00
  1.05e-01	  4.84e-02	0.00000e+00
  1.05e-01	  4.90e-02	0.00000e+00
  1.05e-01	  4.95e-02	0.00000e+00

  1.05e-01	  0.00e+00	0.00000e+00
  1.05e-01	  5.21e-04	0.00000e+00
  1.05e-01	  1.04e-03	0.00000e+00
  1.05e-01	  1.56e-03	0.00000e+00
  1.05e-01	  2.08e-03	0.00000e+00
  1.05e-01	  2.60e-03	0.00000e+00
  1.05e-01	  3.12e-03	0.00000e+00
  1.05e-01	  3.65e-03	0.00000e+00
  1.05e-01	  4.17e-03	0.00000e+00
  1.05e-01	  4.69e-03	-3.05182e-293
  1.05e-01	  5.21e-03	-2.17395e-260
  1.05e-01	  5.73e-03	-1.54273e-227
  1.05e-01	  6.25e-03	-1.09119e-194
  1.05e-01	  6.77e-03	-7.69611e-162
  1.05e-01	  7.29e-03	-5.41443e-129
  1.05e-01	  7.81e-03	-3.80078e-96
  1.05e-01	  8.33e-03	-2.66278e-63
  1.05e-01	  8.85e-03	-1.75713e-30
  1.05e-01	  9.37e-03	2.09527e-33
  1.05e-01	  9.90e-03	-6.97434e-01
  1.05e-01	  1.04e-02	-1.97887e+00
  1.05e-01	  1.09e-02	-3.43665e+00
  1.05e-01	  1.15e-02	-4.72799e+00
  1.05e-01	  1.20e-02	-7.33695e+01
  1.05e-01	  1.25e-02	-3.29440e+01
  1.05e-01	  1.30e-02	-2.98172e+01
  1.05e-01	  1.35e-02	-2.76590e+01
  1.05e-01	  1.41e-02	-2.44244e+01
  1.05e-01	  1.46e-02	-1.75715e+01
  1.05e-01	  1.51e-02	-2.41635e+00
  1.05e-01	  1.56e-02	1.42009e+01
  1.05e-01	  1.61e-02	2.27167e+01
  1.05e-01	  1.67e-02	2.69522e+01
  1.05e-01	  1.72e-02	3.06471e+01
  1.05e-01	  1.77e-02	3.74673e+01
  1.05e-01	  1.82e-02	7.78970e+01
  1.05e-01	  1.88e-02	-1.31604e+00
  1.05e-01	  1.93e-02	4.17325e+00
  1.05e-01	  1.98e-02	2.07929e+00
  1.05e-01	  2.03e-02	-1.60127e+00
  1.05e-01	  2.08e-02	-7.53477e+01
  1.05e-01	  2.14e-02	-3.27674e+01
  1.05e-01	  2.19e-02	-2.99751e+01
  1.05e-01	  2.24e-02	-2.83413e+01
  1.05e-01	  2.29e-02	-2.63859e+01
  1.05e-01	  2.34e-02	-2.30852e+01
  1.05e-01	  2.40e-02	-1.21144e+01
  1.05e-01	  2.45e-02	1.17686e+01
  1.05e-01	  2.50e-02	2.23591e+01
  1.05e-01	  2.55e-02	2.54439e+01
  1.05e-01	  2.60e-02	2.73990e+01
  1.05e-01	  2.66e-02	2.99521e+01
  1.05e-01	  2.71e-02	3.57862e+01
  1.05e-01	  2.76e-02	7.24809e+01
  1.05e-01	  2.81e-02	-1.30152e+00
  1.05e-01	  2.86e-02	3.72504e+00
  1.05e-01	  2.92e-02	1.64310e+00
  1.05e-01	  2.97e-02	-1.95665e+00
  1.05e-01	  3.02e-02	-7.83545e+01
  1.05e-01	  3.07e-02	-3.37150e+01
  1.05e-01	  3.13e-02	-3.06596e+01
  1.05e-01	  3.18e-02	-2.88336e+01
  1.05e-01	  3.23e-02	-2.66721e+01
  1.05e-01	  3.28e-02	-2.29751e+01
  1.05e-01	  3.33e-02	-1.08912e+01
  1.05e-01	  3.39e-02	1.32752e+01
  1.05e-01	  3.44e-02	2.31706e+01
  1.05e-01	  3.49e-02	2.60960e+01
  1.05e-01	  3.54e-02	2.80411e+01
  1.05e-01	  3.59e-02	3.05103e+01
  1.05e-01	  3.65e-02	3.57016e+01
  1.05e-01	  3.70e-02	6.99989e+01
  1.05e-01	  3.75e-02	-1.16239e+00
  1.05e-01	  3.80e-02	5.23117e+00
  1.05e-01	  3.85e-02	5.33573e+00
  1.05e-01	  3.91e-02	3.92677e+00
  1.05e-01	  3.96e-02	2.16227e+00
  1.05e-01	  4.01e-02	8.69953e-33
  1.05e-01	  4.06e-02	4.07056e-96
  1.05e-01	  4.11e-02	5.80504e-129
  1.05e-01	  4.17e-02	8.26001e-162
  1.05e-01	  4.22e-02	1.17234e-194
  1.05e-01	  4.27e-02	1.65907e-227
  1.05e-01	  4.32e-02	2.34012e-260
  1.05e-01	  4.37e-02	3.28813e-293
  1.05e-01	  4.43e-02	0.00000e+00
  1.05e-01	  4.48e-02	0.00000e+00
  1.05e-01	  4.53e-02	0.00000e+00
  1.05e-01	  4.58e-02	0.00000e+00
  1.05e-01	  4.64e-02	0.00000e+00
  1.05e-01	  4.69e-02	0.00000e+00
  1.05e-01	  4.74e-02	0.00000e+00
  1.05e-01	  4.79e-02	0.00000e+00
  1.05e-01	  4.84e-02	0.00000e+00
  1.05e-01	  4.90e-02	0.00000e+00
  1.05e-01	  4.95e-02	0.00000e+00

  1.06e-01	  0.00e+00	0.00000e+00
  1.06e-01	  5.21e-04	0.00000e+00
  1.06e-01	  1.04e-03	0.00000e+00
  1.06e-01	  1.56e-03	0.00000e+00
  1.06e-01	  2.08e-03	0.00000e+00
  1.06e-01	  2.60e-03	0.00000e+00
  1.06e-01	  3.12e-03	0.00000e+00
  1.06e-01	  3.65e-03	0.00000e+00
  1.06e-01	  4.17e-03	4.02178e-295
  1.06e-01	  4.69e-03	2.72487e-262
  1.06e-01	  5.21e-03	1.84545e-229
  1.06e-01	  5.73e-03	1.24938e-196
  1.06e-01	  6.25e-03	8.45516e-164
  1.06e-01	  6.77e-03	5.71976e-131
  1.06e-01	  7.29e-03	3.86768e-98
  1.06e-01	  7.81e-03	2.61411e-65
  1.06e-01	  8.33e-03	1.76595e-32
  1.06e-01	  8.85e-03	9.71350e+00
  1.06e-01	  9.37e-03	-1.42304e-01
  1.06e-01	  9.90e-03	-5.21164e+00
  1.06e-01	  1.04e-02	-8.87653e+00
  1.06e-01	  1.09e-02	-1.33811e+01
  1.06e-01	  1.15e-02	-2.19910e+01
  1.06e-01	  1.20e-02	-4.29121e+01
  1.06e-01	  1.25e-02	-3.41585e+01
  1.06e-01	  1.30e-02	-2.98752e+01
  1.06e-01	  1.35e-02	-2.71357e+01
  1.06e-01	  1.41e-02	-2.39852e+01
  1.06e-01	  1.46e-02	-1.75278e+01
  1.06e-01	  1.51e-02	-2.82818e+00
  1.06e-01	  1.56e-02	1.37517e+01
  1.06e-01	  1.61e-02	2.24452e+01
  1.06e-01	  1.67e-02	2.71173e+01
  1.06e-01	  1.72e-02	3.16308e+01
  1.06e-01	  1.77e-02	3.79445e+01
  1.06e-01	  1.82e-02	4.50590e+01
  1.06e-01	  1.88e-02	1.76118e+01
  1.06e-01	  1.93e-02	5.97337e+00
  1.06e-01	  1.98e-02	-4.09381e+00
  1.06e-01	  2.03e-02	-1.78670e+01
  1.06e-01	  2.08e-02	-4.29798e+01
  1.06e-01	  2.14e-02	-3.45559e+01
  1.06e-01	  2.19e-02	-2.99464e+01
  1.06e-01	  2.24e-02	-2.75096e+01
  1.06e-01	  2.29e-02	-2.56055e+01
  1.06e-01	  2.34e-02	-2.25650e+01
  1.06e-01	  2.40e-02	-1.18510e+01
  1.06e-01	  2.45e-02	1.19404e+01
  1.06e-01	  2.50e-02	2.23222e+01
  1.06e-01	  2.55e-02	2.53961e+01
  1.06e-01	  2.60e-02	2.76741e+01
  1.06e-01	  2.66e-02	3.09135e+01
  1.06e-01	  2.71e-02	3.61016e+01
  1.06e-01	  2.76e-02	4.19476e+01
  1.06e-01	  2.81e-02	1.60758e+01
  1.06e-01	  2.86e-02	4.87007e+00
  1.06e-01	  2.92e-02	-5.11962e+00
  1.06e-01	  2.97e-02	-1.90870e+01
  1.06e-01	  3.02e-02	-4.48439e+01
  1.06e-01	  3.07e-02	-3.56931e+01
  1.06e-01	  3.13e-02	-3.06953e+01
  1.06e-01	  3.18e-02	-2.80140e+01
  1.06e-01	  3.23e-02	-2.58737e+01
  1.06e-01	  3.28e-02	-2.23749e+01
  1.06e-01	  3.33e-02	-1.03241e+01
  1.06e-01	  3.39e-02	1.37204e+01
  1.06e-01	  3.44e-02	2.31951e+01
  1.06e-01	  3.49e-02	2.59764e+01
  1.06e-01	  3.54e-02	2.79853e+01
  1.06e-01	  3.59e-02	3.06498e+01
  1.06e-01	  3.65e-02	3.48319e+01
  1.06e-01	  3.70e-02	4.07073e+01
  1.06e-01	  3.75e-02	1.82952e+01
  1.06e-01	  3.80e-02	1.24556e+01
  1.06e-01	  3.85e-02	1.02177e+01
  1.06e-01	  3.91e-02	8.13764e+00
  1.06e-01	  3.96e-02	-9.61716e+00
  1.06e-01	  4.01e-02	4.08061e-32
  1.06e-01	  4.06e-02	-3.30465e-65
  1.06e-01	  4.11e-02	-4.93942e-98
  1.06e-01	  4.17e-02	-7.38176e-131
  1.06e-01	  4.22e-02	-1.10300e-163
  1.06e-01	  4.27e-02	-1.64786e-196
  1.06e-01	  4.32e-02	-2.46144e-229
  1.06e-01	  4.37e-02	-3.67601e-262
  1.06e-01	  4.43e-02	-5.48880e-295
  1.06e-01	  4.48e-02	0.00000e+00
  1.06e-01	  4.53e-02	0.00000e+00
  1.06e-01	  4.58e-02	0.00000e+00
  1.06e-01	  4.64e-02	0.00000e+00
  1.06e-01	  4.69e-02	0.00000e+00
  1.06e-01	  4.74e-02	0.00000e+00
  1.06e-01	  4.79e-02	0.00000e+00
  1.06e-01	  4.84e-02	0.00000e+00
  1.06e-01	  4.90e-02	0.00000e+00
  1.06e-01	  4.95e-02	0.00000e+00

  1.07e-01	  0.00e+00	0.00000e+00
  1.07e-01	  5.21e-04	0.00000e+00
  1.07e-01	  1.04e-03	0.00000e+00
  1.07e-01	  1.56e-03	0.00000e+00
  1.07e-01	  2.08e-03	0.00000e+00
  1.07e-01	  2.60e-03	0.00000e+00
  1.07e-01	  3.12e-03	0.00000e+00
  1.07e-01	  3.65e-03	0.00000e+00
  1.07e-01	  4.17e-03	8.26641e-295
  1.07e-01	  4.69e-03	5.57018e-262
  1.07e-01	  5.21e-03	3.75211e-229
  1.07e-01	  5.73e-03	2.52665e-196
  1.07e-01	  6.25e-03	1.70093e-163
  1.07e-01	  6.77e-03	1.14474e-130
  1.07e-01	  7.29e-03	7.70213e-98
  1.07e-01	  7.81e-03	5.18092e-65
  1.07e-01	  8.33e-03	3.48418e-32
  1.07e-01	  8.85e-03	1.78455e+01
  1.07e-01	  9.37e-03	-1.59479e+00
  1.07e-01	  9.90e-03	-9.03241e+00
  1.07e-01	  1.04e-02	-1.32383e+01
  1.07e-01	  1.09e-02	-1.79173e+01
  1.07e-01	  1.15e-02	-2.41454e+01
  1.07e-01	  1.20e-02	-3.17346e+01
  1.07e-01	  1.25e-02	-3.10205e+01
  1.07e-01	  1.30e-02	-2.89056e+01
  1.07e-01	  1.35e-02	-2.66442e+01
  1.07e-01	  1.41e-02	-2.36647e+01
  1.07e-01	  1.46e-02	-1.74941e+01
  1.07e-01	  1.51e-02	-3.18295e+00
  1.07e-01	  1.56e-02	1.34355e+01
  1.07e-01	  1.61e-02	2.23672e+01
  1.07e-01	  1.67e-02	2.71648e+01
  1.07e-01	  1.72e-02	3.10157e+01
  1.07e-01	  1.77e-02	3.39569e+01
  1.07e-01	  1.82e-02	3.25732e+01
  1.07e-01	  1.88e-02	1.97723e+01
  1.07e-01	  1.93e-02	6.89648e+00
  1.07e-01	  1.98e-02	-5.96974e+00
  1.07e-01	  2.03e-02	-1.89487e+01
  1.07e-01	  2.08e-02	-3.07468e+01
  1.07e-01	  2.14e-02	-3.16152e+01
  1.07e-01	  2.19e-02	-2.95419e+01
  1.07e-01	  2.24e-02	-2.73582e+01
  1.07e-01	  2.29e-02	-2.53581e+01
  1.07e-01	  2.34e-02	-2.23004e+01
  1.07e-01	  2.40e-02	-1.16501e+01
  1.07e-01	  2.45e-02	1.21399e+01
  1.07e-01	  2.50e-02	2.24238e+01
  1.07e-01	  2.55e-02	2.55407e+01
  1.07e-01	  2.60e-02	2.78287e+01
  1.07e-01	  2.66e-02	3.03473e+01
  1.07e-01	  2.71e-02	3.22886e+01
  1.07e-01	  2.76e-02	3.02809e+01
  1.07e-01	  2.81e-02	1.78114e+01
  1.07e-01	  2.86e-02	5.22593e+00
  1.07e-01	  2.92e-02	-7.48030e+00
  1.07e-01	  2.97e-02	-2.04326e+01
  1.07e-01	  3.02e-02	-3.22365e+01
  1.07e-01	  3.07e-02	-3.27368e+01
  1.07e-01	  3.13e-02	-3.03156e+01
  1.07e-01	  3.18e-02	-2.78708e+01
  1.07e-01	  3.23e-02	-2.56126e+01
  1.07e-01	  3.28e-02	-2.20451e+01
  1.07e-01	  3.33e-02	-9.84960e+00
  1.07e-01	  3.39e-02	1.41212e+01
  1.07e-01	  3.44e-02	2.32307e+01
  1.07e-01	  3.49e-02	2.58590e+01
  1.07e-01	  3.54e-02	2.76432e+01
  1.07e-01	  3.59e-02	2.95083e+01
  1.07e-01	  3.65e-02	3.11459e+01
  1.07e-01	  3.70e-02	3.06624e+01
  1.07e-01	  3.75e-02	2.24942e+01
  1.07e-01	  3.80e-02	1.70745e+01
  1.07e-01	  3.85e-02	1.33987e+01
  1.07e-01	  3.91e-02	9.77150e+00
  1.07e-01	  3.96e-02	-1.76151e+01
  1.07e-01	  4.01e-02	6.37315e-32
  1.07e-01	  4.06e-02	-5.60926e-65
  1.07e-01	  4.11e-02	-8.40372e-98
  1.07e-01	  4.17e-02	-1.25893e-130
  1.07e-01	  4.22e-02	-1.88579e-163
  1.07e-01	  4.27e-02	-2.82451e-196
  1.07e-01	  4.32e-02	-4.23013e-229
  1.07e-01	  4.37e-02	-6.33464e-262
  1.07e-01	  4.43e-02	-9.48515e-295
  1.07e-01	  4.48e-02	0.00000e+00
  1.07e-01	  4.53e-02	0.00000e+00
  1.07e-01	  4.58e-02	0.00000e+00
  1.07e-01	  4.64e-02	0.00000e+00
  1.07e-01	  4.69e-02	0.00000e+00
  1.07e-01	  4.74e-02	0.00000e+00
  1.07e-01	  4.79e-02	0.00000e+00
  1.07e-01	  4.84e-02	0.00000e+00
  1.07e-01	  4.90e-02	0.00000e+00
  1.07e-01	  4.95e-02	0.00000e+00

  1.08e-01	  0.00e+00	0.00000e+00
  1.08e-01	  5.21e-04	0.00000e+00
  1.08e-01	  1.04e-03	0.00000e+00
  1.08e-01	  1.56e-03	0.00000e+00
  1.08e-01	  2.08e-03	0.00000e+00
  1.08e-01	  2.60e-03	0.00000e+00
  1.08e-01	  3.12e-03	0.00000e+00
  1.08e-01	  3.65e-03	0.00000e+00
  1.08e-01	  4.17e-03	1.10894e-294
  1.08e-01	  4.69e-03	7.44545e-262
  1.08e-01	  5.21e-03	4.99751e-229
  1.08e-01	  5.73e-03	3.35356e-196
  1.08e-01	  6.25e-03	2.24985e-163
  1.08e-01	  6.77e-03	1.50905e-130
  1.08e-01	  7.29e-03	1.01194e-97
  1.08e-01	  7.81e-03	6.78437e-65
  1.08e-01	  8.33e-03	4.54744e-32
  1.08e-01	  8.85e-03	2.24818e+01
  1.08e-01	  9.37e-03	-3.45546e+00
  1.08e-01	  9.90e-03	-1.10612e+01
  1.08e-01	  1.04e-02	-1.51619e+01
  1.08e-01	  1.09e-02	-1.92732e+01
  1.08e-01	  1.15e-02	-2.34928e+01
  1.08e-01	  1.20e-02	-2.72633e+01
  1.08e-01	  1.25e-02	-2.81341e+01
  1.08e-01	  1.30e-02	-2.74246e+01
  1.08e-01	  1.35e-02	-2.58806e+01
  1.08e-01	  1.41e-02	-2.32498e+01
  1.08e-01	  1.46e-02	-1.73998e+01
  1.08e-01	  1.51e-02	-3.48947e+00
  1.08e-01	  1.56e-02	1.31198e+01
  1.08e-01	  1.61e-02	2.21477e+01
  1.08e-01	  1.67e-02	2.66948e+01
  1.08e-01	  1.72e-02	2.94698e+01
  1.08e-01	  1.77e-02	3.01865e+01
  1.08e-01	  1.82e-02	2.69100e+01
  1.08e-01	  1.88e-02	1.80833e+01
  1.08e-01	  1.93e-02	6.64640e+00
  1.08e-01	  1.98e-02	-5.57063e+00
  1.08e-01	  2.03e-02	-1.68503e+01
  1.08e-01	  2.08e-02	-2.52788e+01
  1.08e-01	  2.14e-02	-2.84558e+01
  1.08e-01	  2.19e-02	-2.83751e+01
  1.08e-01	  2.24e-02	-2.70007e+01
  1.08e-01	  2.29e-02	-2.51880e+01
  1.08e-01	  2.34e-02	-2.21479e+01
  1.08e-01	  2.40e-02	-1.15068e+01
  1.08e-01	  2.45e-02	1.22995e+01
  1.08e-01	  2.50e-02	2.24863e+01
  1.08e-01	  2.55e-02	2.55194e+01
  1.08e-01	  2.60e-02	2.74607e+01
  1.08e-01	  2.66e-02	2.88870e+01
  1.08e-01	  2.71e-02	2.86999e+01
  1.08e-01	  2.76e-02	2.49015e+01
  1.08e-01	  2.81e-02	1.59966e+01
  1.08e-01	  2.86e-02	4.66830e+00
  1.08e-01	  2.92e-02	-7.38077e+00
  1.08e-01	  2.97e-02	-1.84840e+01
  1.08e-01	  3.02e-02	-2.66950e+01
  1.08e-01	  3.07e-02	-2.95546e+01
  1.08e-01	  3.13e-02	-2.91467e+01
  1.08e-01	  3.18e-02	-2.75129e+01
  1.08e-01	  3.23e-02	-2.54304e+01
  1.08e-01	  3.28e-02	-2.18425e+01
  1.08e-01	  3.33e-02	-9.47518e+00
  1.08e-01	  3.39e-02	1.44147e+01
  1.08e-01	  3.44e-02	2.31730e+01
  1.08e-01	  3.49e-02	2.55835e+01
  1.08e-01	  3.54e-02	2.69847e+01
  1.08e-01	  3.59e-02	2.80361e+01
  1.08e-01	  3.65e-02	2.83341e+01
  1.08e-01	  3.70e-02	2.69031e+01
  1.08e-01	  3.75e-02	2.27880e+01
  1.08e-01	  3.80e-02	1.85815e+01
  1.08e-01	  3.85e-02	1.44741e+01
  1.08e-01	  3.91e-02	1.03510e+01
  1.08e-01	  3.96e-02	-2.02031e+01
  1.08e-01	  4.01e-02	7.28898e-32
  1.08e-01	  4.06e-02	-6.30503e-65
  1.08e-01	  4.11e-02	-9.47377e-98
  1.08e-01	  4.17e-02	-1.42348e-130
  1.08e-01	  4.22e-02	-2.13882e-163
  1.08e-01	  4.27e-02	-3.21358e-196
  1.08e-01	  4.32e-02	-4.82828e-229
  1.08e-01	  4.37e-02	-7.25411e-262
  1.08e-01	  4.43e-02	-1.08983e-294
  1.08e-01	  4.48e-02	0.00000e+00
  1.08e-01	  4.53e-02	0.00000e+00
  1.08e-01	  4.58e-02	0.00000e+00
  1.08e-01	  4.64e-02	0.00000e+00
  1.08e-01	  4.69e-02	0.00000e+00
  1.08e-01	  4.74e-02	0.00000e+00
  1.08e-01	  4.79e-02	0.00000e+00
  1.08e-01	  4.84e-02	0.00000e+00
  1.08e-01	  4.90e-02	0.00000e+00
  1.08e-01	  4.95e-02	0.00000e+00

  1.09e-01	  0.00e+00	0.00000e+00
  1.09e-01	  5.21e-04	0.00000e+00
  1.09e-01	  1.04e-03	0.00000e+00
  1.09e-01	  1.56e-03	0.00000e+00
  1.09e-01	  2.08e-03	0.00000e+00
  1.09e-01	  2.60e-03	0.00000e+00
  1.09e-01	  3.12e-03	0.00000e+00
  1.09e-01	  3.65e-03	0.00000e+00
  1.09e-01	  4.17e-03	1.23489e-294
  1.09e-01	  4.69e-03	8.26655e-262
  1.09e-01	  5.21e-03	5.53242e-229
  1.09e-01	  5.73e-03	3.70178e-196
  1.09e-01	  6.25e-03	2.47638e-163
  1.09e-01	  6.77e-03	1.65630e-130
  1.09e-01	  7.29e-03	1.10759e-97
  1.09e-01	  7.81e-03	7.40514e-65
  1.09e-01	  8.33e-03	4.94997e-32
  1.09e-01	  8.85e-03	2.41260e+01
  1.09e-01	  9.37e-03	-4.84456e+00
  1.09e-01	  9.90e-03	-1.18593e+01
  1.09e-01	  1.04e-02	-1.57135e+01
  1.09e-01	  1.09e-02	-1.93326e+01
  1.09e-01	  1.15e-02	-2.25197e+01
  1.09e-01	  1.20e-02	-2.49948e+01
  1.09e-01	  1.25e-02	-2.61022e+01
  1.09e-01	  1.30e-02	-2.60282e+01
  1.09e-01	  1.35e-02	-2.50141e+01
  1.09e-01	  1.41e-02	-2.27415e+01
  1.09e-01	  1.46e-02	-1.72245e+01
  1.09e-01	  1.51e-02	-3.73780e+00
  1.09e-01	  1.56e-02	1.27698e+01
  1.09e-01	  1.61e-02	2.17443e+01
  1.09e-01	  1.67e-02	2.58833e+01
  1.09e-01	  1.72e-02	2.77267e+01
  1.09e-01	  1.77e-02	2.72365e+01
  1.09e-01	  1.82e-02	2.35411e+01
  1.09e-01	  1.88e-02	1.61265e+01
  1.09e-01	  1.93e-02	6.13208e+00
  1.09e-01	  1.98e-02	-4.76351e+00
  1.09e-01	  2.03e-02	-1.46933e+01
  1.09e-01	  2.08e-02	-2.20269e+01
  1.09e-01	  2.14e-02	-2.58656e+01
  1.09e-01	  2.19e-02	-2.69349e+01
  1.09e-01	  2.24e-02	-2.63656e+01
  1.09e-01	  2.29e-02	-2.49133e+01
  1.09e-01	  2.34e-02	-2.19938e+01
  1.09e-01	  2.40e-02	-1.13852e+01
  1.09e-01	  2.45e-02	1.23992e+01
  1.09e-01	  2.50e-02	2.24410e+01
  1.09e-01	  2.55e-02	2.52713e+01
  1.09e-01	  2.60e-02	2.67299e+01
  1.09e-01	  2.66e-02	2.72196e+01
  1.09e-01	  2.71e-02	2.58821e+01
  1.09e-01	  2.76e-02	2.16534e+01
  1.09e-01	  2.81e-02	1.40201e+01
  1.09e-01	  2.86e-02	4.01058e+00
  1.09e-01	  2.92e-02	-6.74122e+00
  1.09e-01	  2.97e-02	-1.64259e+01
  1.09e-01	  3.02e-02	-2.34495e+01
  1.09e-01	  3.07e-02	-2.69380e+01
  1.09e-01	  3.13e-02	-2.77079e+01
  1.09e-01	  3.18e-02	-2.68821e+01
  1.09e-01	  3.23e-02	-2.51500e+01
  1.09e-01	  3.28e-02	-2.16569e+01
  1.09e-01	  3.33e-02	-9.17766e+00
  1.09e-01	  3.39e-02	1.45872e+01
  1.09e-01	  3.44e-02	2.30070e+01
  1.09e-01	  3.49e-02	2.51803e+01
  1.09e-01	  3.54e-02	2.62212e+01
  1.09e-01	  3.59e-02	2.67263e+01
  1.09e-01	  3.65e-02	2.64544e+01
  1.09e-01	  3.70e-02	2.49801e+01
  1.09e-01	  3.75e-02	2.21396e+01
  1.09e-01	  3.80e-02	1.85815e+01
  1.09e-01	  3.85e-02	1.43905e+01
  1.09e-01	  3.91e-02	1.04219e+01
  1.09e-01	  3.96e-02	-1.94689e+01
  1.09e-01	  4.01e-02	7.32764e-32
  1.09e-01	  4.06e-02	-5.97586e-65
  1.09e-01	  4.11e-02	-9.01020e-98
  1.09e-01	  4.17e-02	-1.35853e-130
  1.09e-01	  4.22e-02	-2.04835e-163
  1.09e-01	  4.27e-02	-3.08845e-196
  1.09e-01	  4.32e-02	-4.65666e-229
  1.09e-01	  4.37e-02	-7.02102e-262
  1.09e-01	  4.43e-02	-1.05855e-294
  1.09e-01	  4.48e-02	0.00000e+00
  1.09e-01	  4.53e-02	0.00000e+00
  1.09e-01	  4.58e-02	0.00000e+00
  1.09e-01	  4.64e-02	0.00000e+00
  1.09e-01	  4.69e-02	0.00000e+00
  1.09e-01	  4.74e-02	0.00000e+00
  1.09e-01	  4.79e-02	0.00000e+00
  1.09e-01	  4.84e-02	0.00000e+00
  1.09e-01	  4.90e-02	0.00000e+00
  1.09e-01	  4.95e-02	0.00000e+00

  1.09e-01	  0.00e+00	0.00000e+00
  1.09e-01	  5.21e-04	0.00000e+00
  1.09e-01	  1.04e-03	0.00000e+00
  1.09e-01	  1.56e-03	0.00000e+00
  1.09e-01	  2.08e-03	0.00000e+00
  1.09e-01	  2.60e-03	0.00000e+00
  1.09e-01	  3.12e-03	0.00000e+00
  1.09e-01	  3.65e-03	0.00000e+00
  1.09e-01	  4.17e-03	1.24765e-294
  1.09e-01	  4.69e-03	8.32987e-262
  1.09e-01	  5.21e-03	5.56019e-229
  1.09e-01	  5.73e-03	3.71066e-196
  1.09e-01	  6.25e-03	2.47587e-163
  1.09e-01	  6.77e-03	1.65167e-130
  1.09e-01	  7.29e-03	1.10162e-97
  1.09e-01	  7.81e-03	7.34606e-65
  1.09e-01	  8.33e-03	4.89765e-32
  1.09e-01	  8.85e-03	2.38166e+01
  1.09e-01	  9.37e-03	-5.68117e+00
  1.09e-01	  9.90e-03	-1.19838e+01
  1.09e-01	  1.04e-02	-1.56243e+01
  1.09e-01	  1.09e-02	-1.89089e+01
  1.09e-01	  1.15e-02	-2.15979e+01
  1.09e-01	  1.20e-02	-2.35678e+01
  1.09e-01	  1.25e-02	-2.46718e+01
  1.09e-01	  1.30e-02	-2.48727e+01
  1.09e-01	  1.35e-02	-2.41863e+01
  1.09e-01	  1.41e-02	-2.22001e+01
  1.09e-01	  1.46e-02	-1.69825e+01
  1.09e-01	  1.51e-02	-3.91556e+00
  1.09e-01	  1.56e-02	1.24032e+01
  1.09e-01	  1.61e-02	2.12175e+01
  1.09e-01	  1.67e-02	2.49315e+01
  1.09e-01	  1.72e-02	2.60880e+01
  1.09e-01	  1.77e-02	2.49550e+01
  1.09e-01	  1.82e-02	2.11746e+01
  1.09e-01	  1.88e-02	1.45298e+01
  1.09e-01	  1.93e-02	5.66069e+00
  1.09e-01	  1.98e-02	-4.04999e+00
  1.09e-01	  2.03e-02	-1.29615e+01
  1.09e-01	  2.08e-02	-1.97335e+01
  1.09e-01	  2.14e-02	-2.37717e+01
  1.09e-01	  2.19e-02	-2.55037e+01
  1.09e-01	  2.24e-02	-2.55735e+01
  1.09e-01	  2.29e-02	-2.45191e+01
  1.09e-01	  2.34e-02	-2.17928e+01
  1.09e-01	  2.40e-02	-1.12586e+01
  1.09e-01	  2.45e-02	1.24449e+01
  1.09e-01	  2.50e-02	2.22882e+01
  1.09e-01	  2.55e-02	2.48510e+01
  1.09e-01	  2.60e-02	2.58345e+01
  1.09e-01	  2.66e-02	2.56357e+01
  1.09e-01	  2.71e-02	2.36785e+01
  1.09e-01	  2.76e-02	1.93767e+01
  1.09e-01	  2.81e-02	1.24136e+01
  1.09e-01	  2.86e-02	3.46027e+00
  1.09e-01	  2.92e-02	-6.12530e+00
  1.09e-01	  2.97e-02	-1.47589e+01
  1.09e-01	  3.02e-02	-2.11643e+01
  1.09e-01	  3.07e-02	-2.48565e+01
  1.09e-01	  3.13e-02	-2.62864e+01
  1.09e-01	  3.18e-02	-2.60968e+01
  1.09e-01	  3.23e-02	-2.47552e+01
  1.09e-01	  3.28e-02	-2.14455e+01
  1.09e-01	  3.33e-02	-8.94273e+00
  1.09e-01	  3.39e-02	1.46474e+01
  1.09e-01	  3.44e-02	2.27582e+01
  1.09e-01	  3.49e-02	2.47150e+01
  1.09e-01	  3.54e-02	2.54753e+01
  1.09e-01	  3.59e-02	2.56436e+01
  1.09e-01	  3.65e-02	2.51088e+01
  1.09e-01	  3.70e-02	2.36606e+01
  1.09e-01	  3.75e-02	2.12586e+01
  1.09e-01	  3.80e-02	1.80135e+01
  1.09e-01	  3.85e-02	1.38658e+01
  1.09e-01	  3.91e-02	1.02617e+01
  1.09e-01	  3.96e-02	-1.71227e+01
  1.09e-01	  4.01e-02	6.98649e-32
  1.09e-01	  4.06e-02	-5.16780e-65
  1.09e-01	  4.11e-02	-7.82504e-98
  1.09e-01	  4.17e-02	-1.18480e-130
  1.09e-01	  4.22e-02	-1.79384e-163
  1.09e-01	  4.27e-02	-2.71581e-196
  1.09e-01	  4.32e-02	-4.11139e-229
  1.09e-01	  4.37e-02	-6.22372e-262
  1.09e-01	  4.43e-02	-9.42053e-295
  1.09e-01	  4.48e-02	0.00000e+00
  1.09e-01	  4.53e-02	0.00000e+00
  1.09e-01	  4.58e-02	0.00000e+00
  1.09e-01	  4.64e-02	0.00000e+00
  1.09e-01	  4.69e-02	0.00000e+00
  1.09e-01	  4.74e-02	0.00000e+00
  1.09e-01	  4.79e-02	0.00000e+00
  1.09e-01	  4.84e-02	0.00000e+00
  1.09e-01	  4.90e-02	0.00000e+00
  1.09e-01	  4.95e-02	0.00000e+00

  1.10e-01	  0.00e+00	0.00000e+00
  1.10e-01	  5.21e-04	0.00000e+00
  1.10e-01	  1.04e-03	0.00000e+00
  1.10e-01	  1.56e-03	0.00000e+00
  1.10e-01	  2.08e-03	0.00000e+00
  1.10e-01	  2.60e-03	0.00000e+00
  1.10e-01	  3.12e-03	0.00000e+00
  1.10e-01	  3.65e-03	0.00000e+00
  1.10e-01	  4.17e-03	1.19269e-294
  1.10e-01	  4.69e-03	7.94253e-262
  1.10e-01	  5.21e-03	5.28808e-229
  1.10e-01	  5.73e-03	3.52003e-196
  1.10e-01	  6.25e-03	2.34264e-163
  1.10e-01	  6.77e-03	1.55874e-130
  1.10e-01	  7.29e-03	1.03693e-97
  1.10e-01	  7.81e-03	6.89659e-65
  1.10e-01	  8.33e-03	4.58584e-32
  1.10e-01	  8.85e-03	2.24039e+01
  1.10e-01	  9.37e-03	-6.13414e+00
  1.10e-01	  9.90e-03	-1.17865e+01
  1.10e-01	  1.04e-02	-1.52594e+01
  1.10e-01	  1.09e-02	-1.83213e+01
  1.10e-01	  1.15e-02	-2.07592e+01
  1.10e-01	  1.20e-02	-2.25189e+01
  1.10e-01	  1.25e-02	-2.36022e+01
  1.10e-01	  1.30e-02	-2.39364e+01
  1.10e-01	  1.35e-02	-2.34488e+01
  1.10e-01	  1.41e-02	-2.16700e+01
  1.10e-01	  1.46e-02	-1.66950e+01
  1.10e-01	  1.51e-02	-4.01480e+00
  1.10e-01	  1.56e-02	1.20512e+01
  1.10e-01	  1.61e-02	2.06370e+01
  1.10e-01	  1.67e-02	2.39619e+01
  1.10e-01	  1.72e-02	2.46286e+01
  1.10e-01	  1.77e-02	2.31365e+01
  1.10e-01	  1.82e-02	1.93792e+01
  1.10e-01	  1.88e-02	1.32670e+01
  1.10e-01	  1.93e-02	5.26364e+00
  1.10e-01	  1.98e-02	-3.50038e+00
  1.10e-01	  2.03e-02	-1.16229e+01
  1.10e-01	  2.08e-02	-1.79778e+01
  1.10e-01	  2.14e-02	-2.20859e+01
  1.10e-01	  2.19e-02	-2.41945e+01
  1.10e-01	  2.24e-02	-2.47297e+01
  1.10e-01	  2.29e-02	-2.40401e+01
  1.10e-01	  2.34e-02	-2.15383e+01
  1.10e-01	  2.40e-02	-1.11140e+01
  1.10e-01	  2.45e-02	1.24498e+01
  1.10e-01	  2.50e-02	2.20524e+01
  1.10e-01	  2.55e-02	2.43287e+01
  1.10e-01	  2.60e-02	2.49015e+01
  1.10e-01	  2.66e-02	2.42230e+01
  1.10e-01	  2.71e-02	2.19299e+01
  1.10e-01	  2.76e-02	1.76454e+01
  1.10e-01	  2.81e-02	1.11718e+01
  1.10e-01	  2.86e-02	3.03789e+00
  1.10e-01	  2.92e-02	-5.61849e+00
  1.10e-01	  2.97e-02	-1.34542e+01
  1.10e-01	  3.02e-02	-1.94228e+01
  1.10e-01	  3.07e-02	-2.31751e+01
  1.10e-01	  3.13e-02	-2.49812e+01
  1.10e-01	  3.18e-02	-2.52567e+01
  1.10e-01	  3.23e-02	-2.42787e+01
  1.10e-01	  3.28e-02	-2.12033e+01
  1.10e-01	  3.33e-02	-8.76620e+00
  1.10e-01	  3.39e-02	1.46108e+01
  1.10e-01	  3.44e-02	2.24574e+01
  1.10e-01	  3.49e-02	2.42345e+01
  1.10e-01	  3.54e-02	2.47868e+01
  1.10e-01	  3.59e-02	2.47372e+01
  1.10e-01	  3.65e-02	2.40481e+01
  1.10e-01	  3.70e-02	2.25952e+01
  1.10e-01	  3.75e-02	2.03572e+01
  1.10e-01	  3.80e-02	1.72852e+01
  1.10e-01	  3.85e-02	1.32314e+01
  1.10e-01	  3.91e-02	1.00369e+01
  1.10e-01	  3.96e-02	-1.41545e+01
  1.10e-01	  4.01e-02	6.54572e-32
  1.10e-01	  4.06e-02	-4.20328e-65
  1.10e-01	  4.11e-02	-6.40006e-98
  1.10e-01	  4.17e-02	-9.74311e-131
  1.10e-01	  4.22e-02	-1.48296e-163
  1.10e-01	  4.27e-02	-2.25674e-196
  1.10e-01	  4.32e-02	-3.43361e-229
  1.10e-01	  4.37e-02	-5.22313e-262
  1.10e-01	  4.43e-02	-7.94363e-295
  1.10e-01	  4.48e-02	0.00000e+00
  1.10e-01	  4.53e-02	0.00000e+00
  1.10e-01	  4.58e-02	0.00000e+00
  1.10e-01	  4.64e-02	0.00000e+00
  1.10e-01	  4.69e-02	0.00000e+00
  1.10e-01	  4.74e-02	0.00000e+00
  1.10e-01	  4.79e-02	0.00000e+00
  1.10e-01	  4.84e-02	0.00000e+00
  1.10e-01	  4.90e-02	0.00000e+00
  1.10e-01	  4.95e-02	0.00000e+00

  1.11e-01	  0.00e+00	0.00000e+00
  1.11e-01	  5.21e-04	0.00000e+00
  1.11e-01	  1.04e-03	0.00000e+00
  1.11e-01	  1.56e-03	0.00000e+00
  1.11e-01	  2.08e-03	0.00000e+00
  1.11e-01	  2.60e-03	0.00000e+00
  1.11e-01	  3.12e-03	0.00000e+00
  1.11e-01	  3.65e-03	0.00000e+00
  1.11e-01	  4.17e-03	1.10213e-294
  1.11e-01	  4.69e-03	7.31960e-262
  1.11e-01	  5.21e-03	4.86032e-229
  1.11e-01	  5.73e-03	3.22670e-196
  1.11e-01	  6.25e-03	2.14173e-163
  1.11e-01	  6.77e-03	1.42127e-130
  1.11e-01	  7.29e-03	9.42950e-98
  1.11e-01	  7.81e-03	6.25449e-65
  1.11e-01	  8.33e-03	4.14741e-32
  1.11e-01	  8.85e-03	2.04376e+01
  1.11e-01	  9.37e-03	-6.37256e+00
  1.11e-01	  9.90e-03	-1.14495e+01
  1.11e-01	  1.04e-02	-1.47919e+01
  1.11e-01	  1.09e-02	-1.76975e+01
  1.11e-01	  1.15e-02	-1.99970e+01
  1.11e-01	  1.20e-02	-2.16671e+01
  1.11e-01	  1.25e-02	-2.27487e+01
  1.11e-01	  1.30e-02	-2.31649e+01
  1.11e-01	  1.35e-02	-2.28057e+01
  1.11e-01	  1.41e-02	-2.11719e+01
  1.11e-01	  1.46e-02	-1.63787e+01
  1.11e-01	  1.51e-02	-4.03275e+00
  1.11e-01	  1.56e-02	1.17414e+01
  1.11e-01	  1.61e-02	2.00555e+01
  1.11e-01	  1.67e-02	2.30373e+01
  1.11e-01	  1.72e-02	2.33504e+01
  1.11e-01	  1.77e-02	2.16446e+01
  1.11e-01	  1.82e-02	1.79449e+01
  1.11e-01	  1.88e-02	1.22540e+01
  1.11e-01	  1.93e-02	4.91467e+00
  1.11e-01	  1.98e-02	-3.09757e+00
  1.11e-01	  2.03e-02	-1.05886e+01
  1.11e-01	  2.08e-02	-1.65986e+01
  1.11e-01	  2.14e-02	-2.06887e+01
  1.11e-01	  2.19e-02	-2.30216e+01
  1.11e-01	  2.24e-02	-2.38928e+01
  1.11e-01	  2.29e-02	-2.35145e+01
  1.11e-01	  2.34e-02	-2.12397e+01
  1.11e-01	  2.40e-02	-1.09480e+01
  1.11e-01	  2.45e-02	1.24276e+01
  1.11e-01	  2.50e-02	2.17619e+01
  1.11e-01	  2.55e-02	2.37599e+01
  1.11e-01	  2.60e-02	2.39965e+01
  1.11e-01	  2.66e-02	2.29854e+01
  1.11e-01	  2.71e-02	2.05025e+01
  1.11e-01	  2.76e-02	1.62772e+01
  1.11e-01	  2.81e-02	1.01966e+01
  1.11e-01	  2.86e-02	2.71498e+00
  1.11e-01	  2.92e-02	-5.20523e+00
  1.11e-01	  2.97e-02	-1.24207e+01
  1.11e-01	  3.02e-02	-1.80392e+01
  1.11e-01	  3.07e-02	-2.17688e+01
  1.11e-01	  3.13e-02	-2.38047e+01
  1.11e-01	  3.18e-02	-2.44204e+01
  1.11e-01	  3.23e-02	-2.37592e+01
  1.11e-01	  3.28e-02	-2.09409e+01
  1.11e-01	  3.33e-02	-8.64879e+00
  1.11e-01	  3.39e-02	1.44937e+01
  1.11e-01	  3.44e-02	2.21293e+01
  1.11e-01	  3.49e-02	2.37638e+01
  1.11e-01	  3.54e-02	2.41601e+01
  1.11e-01	  3.59e-02	2.39551e+01
  1.11e-01	  3.65e-02	2.31535e+01
  1.11e-01	  3.70e-02	2.16755e+01
  1.11e-01	  3.75e-02	1.95110e+01
  1.11e-01	  3.80e-02	1.65580e+01
  1.11e-01	  3.85e-02	1.26146e+01
  1.11e-01	  3.91e-02	9.82298e+00
  1.11e-01	  3.96e-02	-1.10629e+01
  1.11e-01	  4.01e-02	6.12430e-32
  1.11e-01	  4.06e-02	-3.23992e-65
  1.11e-01	  4.11e-02	-4.97142e-98
  1.11e-01	  4.17e-02	-7.62450e-131
  1.11e-01	  4.22e-02	-1.16879e-163
  1.11e-01	  4.27e-02	-1.79083e-196
  1.11e-01	  4.32e-02	-2.74266e-229
  1.11e-01	  4.37e-02	-4.19844e-262
  1.11e-01	  4.43e-02	-6.42397e-295
  1.11e-01	  4.48e-02	0.00000e+00
  1.11e-01	  4.53e-02	0.00000e+00
  1.11e-01	  4.58e-02	0.00000e+00
  1.11e-01	  4.64e-02	0.00000e+00
  1.11e-01	  4.69e-02	0.00000e+00
  1.11e-01	  4.74e-02	0.00000e+00
  1.11e-01	  4.79e-02	0.00000e+00
  1.11e-01	  4.84e-02	0.00000e+00
  1.11e-01	  4.90e-02	0.00000e+00
  1.11e-01	  4.95e-02	0.00000e+00

  1.12e-01	  0.00e+00	0.00000e+00
  1.12e-01	  5.21e-04	0.00000e+00
  1.12e-01	  1.04e-03	0.00000e+00
  1.12e-01	  1.56e-03	0.00000e+00
  1.12e-01	  2.08e-03	0.00000e+00
  1.12e-01	  2.60e-03	0.00000e+00
  1.12e-01	  3.12e-03	0.00000e+00
  1.12e-01	  3.65e-03	0.00000e+00
  1.12e-01	  4.17e-03	9.95737e-295
  1.12e-01	  4.69e-03	6.59283e-262
  1.12e-01	  5.21e-03	4.36476e-229
  1.12e-01	  5.73e-03	2.88929e-196
  1.12e-01	  6.25e-03	1.91226e-163
  1.12e-01	  6.77e-03	1.26534e-130
  1.12e-01	  7.29e-03	8.37063e-98
  1.12e-01	  7.81e-03	5.53581e-65
  1.12e-01	  8.33e-03	3.65982e-32
  1.12e-01	  8.85e-03	1.82331e+01
  1.12e-01	  9.37e-03	-6.50357e+00
  1.12e-01	  9.90e-03	-1.10648e+01
  1.12e-01	  1.04e-02	-1.43017e+01
  1.12e-01	  1.09e-02	-1.70894e+01
  1.12e-01	  1.15e-02	-1.93039e+01
  1.12e-01	  1.20e-02	-2.09346e+01
  1.12e-01	  1.25e-02	-2.20317e+01
  1.12e-01	  1.30e-02	-2.25120e+01
  1.12e-01	  1.35e-02	-2.22439e+01
  1.12e-01	  1.41e-02	-2.07115e+01
  1.12e-01	  1.46e-02	-1.60448e+01
  1.12e-01	  1.51e-02	-3.97063e+00
  1.12e-01	  1.56e-02	1.14929e+01
  1.12e-01	  1.61e-02	1.95058e+01
  1.12e-01	  1.67e-02	2.21835e+01
  1.12e-01	  1.72e-02	2.22331e+01
  1.12e-01	  1.77e-02	2.03964e+01
  1.12e-01	  1.82e-02	1.67696e+01
  1.12e-01	  1.88e-02	1.14172e+01
  1.12e-01	  1.93e-02	4.60294e+00
  1.12e-01	  1.98e-02	-2.79542e+00
  1.12e-01	  2.03e-02	-9.78031e+00
  1.12e-01	  2.08e-02	-1.54722e+01
  1.12e-01	  2.14e-02	-1.95213e+01
  1.12e-01	  2.19e-02	-2.19881e+01
  1.12e-01	  2.24e-02	-2.30990e+01
  1.12e-01	  2.29e-02	-2.29750e+01
  1.12e-01	  2.34e-02	-2.09126e+01
  1.12e-01	  2.40e-02	-1.07626e+01
  1.12e-01	  2.45e-02	1.23904e+01
  1.12e-01	  2.50e-02	2.14416e+01
  1.12e-01	  2.55e-02	2.31824e+01
  1.12e-01	  2.60e-02	2.31493e+01
  1.12e-01	  2.66e-02	2.19041e+01
  1.12e-01	  2.71e-02	1.93110e+01
  1.12e-01	  2.76e-02	1.51622e+01
  1.12e-01	  2.81e-02	9.41910e+00
  1.12e-01	  2.86e-02	2.46188e+00
  1.12e-01	  2.92e-02	-4.86046e+00
  1.12e-01	  2.97e-02	-1.15841e+01
  1.12e-01	  3.02e-02	-1.68900e+01
  1.12e-01	  3.07e-02	-2.05878e+01
  1.12e-01	  3.13e-02	-2.27623e+01
  1.12e-01	  3.18e-02	-2.36240e+01
  1.12e-01	  3.23e-02	-2.32292e+01
  1.12e-01	  3.28e-02	-2.06733e+01
  1.12e-01	  3.33e-02	-8.59232e+00
  1.12e-01	  3.39e-02	1.43111e+01
  1.12e-01	  3.44e-02	2.17908e+01
  1.12e-01	  3.49e-02	2.33144e+01
  1.12e-01	  3.54e-02	2.35891e+01
  1.12e-01	  3.59e-02	2.32629e+01
  1.12e-01	  3.65e-02	2.23701e+01
  1.12e-01	  3.70e-02	2.08633e+01
  1.12e-01	  3.75e-02	1.87446e+01
  1.12e-01	  3.80e-02	1.58881e+01
  1.12e-01	  3.85e-02	1.20534e+01
  1.12e-01	  3.91e-02	9.63508e+00
  1.12e-01	  3.96e-02	-8.08548e+00
  1.12e-01	  4.01e-02	5.80455e-32
  1.12e-01	  4.06e-02	-2.34382e-65
  1.12e-01	  4.11e-02	-3.63870e-98
  1.12e-01	  4.17e-02	-5.64223e-131
  1.12e-01	  4.22e-02	-8.73918e-164
  1.12e-01	  4.27e-02	-1.35216e-196
  1.12e-01	  4.32e-02	-2.09000e-229
  1.12e-01	  4.37e-02	-3.22730e-262
  1.12e-01	  4.43e-02	-4.97884e-295
  1.12e-01	  4.48e-02	0.00000e+00
  1.12e-01	  4.53e-02	0.00000e+00
  1.12e-01	  4.58e-02	0.00000e+00
  1.12e-01	  4.64e-02	0.00000e+00
  1.12e-01	  4.69e-02	0.00000e+00
  1.12e-01	  4.74e-02	0.00000e+00
  1.12e-01	  4.79e-02	0.00000e+00
  1.12e-01	  4.84e-02	0.00000e+00
  1.12e-01	  4.90e-02	0.00000e+00
  1.12e-01	  4.95e-02	0.00000e+00

  1.12e-01	  0.00e+00	0.00000e+00
  1.12e-01	  5.21e-04	0.00000e+00
  1.12e-01	  1.04e-03	0.00000e+00
  1.12e-01	  1.56e-03	0.00000e+00
  1.12e-01	  2.08e-03	0.00000e+00
  1.12e-01	  2.60e-03	0.00000e+00
  1.12e-01	  3.12e-03	0.00000e+00
  1.12e-01	  3.65e-03	0.00000e+00
  1.12e-01	  4.17e-03	8.85004e-295
  1.12e-01	  4.69e-03	5.83771e-262
  1.12e-01	  5.21e-03	3.85104e-229
  1.12e-01	  5.73e-03	2.54045e-196
  1.12e-01	  6.25e-03	1.67572e-163
  1.12e-01	  6.77e-03	1.10513e-130
  1.12e-01	  7.29e-03	7.28645e-98
  1.12e-01	  7.81e-03	4.80259e-65
  1.12e-01	  8.33e-03	3.16418e-32
  1.12e-01	  8.85e-03	1.59591e+01
  1.12e-01	  9.37e-03	-6.58631e+00
  1.12e-01	  9.90e-03	-1.06741e+01
  1.12e-01	  1.04e-02	-1.38240e+01
  1.12e-01	  1.09e-02	-1.65174e+01
  1.12e-01	  1.15e-02	-1.86721e+01
  1.12e-01	  1.20e-02	-2.02869e+01
  1.12e-01	  1.25e-02	-2.14081e+01
  1.12e-01	  1.30e-02	-2.19452e+01
  1.12e-01	  1.35e-02	-2.17483e+01
  1.12e-01	  1.41e-02	-2.02870e+01
  1.12e-01	  1.46e-02	-1.56998e+01
  1.12e-01	  1.51e-02	-3.83167e+00
  1.12e-01	  1.56e-02	1.13165e+01
  1.12e-01	  1.61e-02	1.90049e+01
  1.12e-01	  1.67e-02	2.14064e+01
  1.12e-01	  1.72e-02	2.12502e+01
  1.12e-01	  1.77e-02	1.93294e+01
  1.12e-01	  1.82e-02	1.57829e+01
  1.12e-01	  1.88e-02	1.06847e+01
  1.12e-01	  1.93e-02	4.31201e+00
  1.12e-01	  1.98e-02	-2.57700e+00
  1.12e-01	  2.03e-02	-9.12935e+00
  1.12e-01	  2.08e-02	-1.45427e+01
  1.12e-01	  2.14e-02	-1.85285e+01
  1.12e-01	  2.19e-02	-2.10757e+01
  1.12e-01	  2.24e-02	-2.23610e+01
  1.12e-01	  2.29e-02	-2.24425e+01
  1.12e-01	  2.34e-02	-2.05718e+01
  1.12e-01	  2.40e-02	-1.05626e+01
  1.12e-01	  2.45e-02	1.23481e+01
  1.12e-01	  2.50e-02	2.11105e+01
  1.12e-01	  2.55e-02	2.26186e+01
  1.12e-01	  2.60e-02	2.23692e+01
  1.12e-01	  2.66e-02	2.09567e+01
  1.12e-01	  2.71e-02	1.83023e+01
  1.12e-01	  2.76e-02	1.42382e+01
  1.12e-01	  2.81e-02	8.78294e+00
  1.12e-01	  2.86e-02	2.25516e+00
  1.12e-01	  2.92e-02	-4.57059e+00
  1.12e-01	  2.97e-02	-1.08775e+01
  1.12e-01	  3.02e-02	-1.59336e+01
  1.12e-01	  3.07e-02	-1.95691e+01
  1.12e-01	  3.13e-02	-2.18312e+01
  1.12e-01	  3.18e-02	-2.28776e+01
  1.12e-01	  3.23e-02	-2.27078e+01
  1.12e-01	  3.28e-02	-2.04125e+01
  1.12e-01	  3.33e-02	-8.59720e+00
  1.12e-01	  3.39e-02	1.40759e+01
  1.12e-01	  3.44e-02	2.14528e+01
  1.12e-01	  3.49e-02	2.28906e+01
  1.12e-01	  3.54e-02	2.30667e+01
  1.12e-01	  3.59e-02	2.26412e+01
  1.12e-01	  3.65e-02	2.16731e+01
  1.12e-01	  3.70e-02	2.01414e+01
  1.12e-01	  3.75e-02	1.80641e+01
  1.12e-01	  3.80e-02	1.52882e+01
  1.12e-01	  3.85e-02	1.15607e+01
  1.12e-01	  3.91e-02	9.48901e+00
  1.12e-01	  3.96e-02	-5.26515e+00
  1.12e-01	  4.01e-02	5.48114e-32
  1.12e-01	  4.06e-02	-1.53641e-65
  1.12e-01	  4.11e-02	-2.43423e-98
  1.12e-01	  4.17e-02	-3.84545e-131
  1.12e-01	  4.22e-02	-6.05867e-164
  1.12e-01	  4.27e-02	-9.52247e-197
  1.12e-01	  4.32e-02	-1.49330e-229
  1.12e-01	  4.37e-02	-2.33693e-262
  1.12e-01	  4.43e-02	-3.65022e-295
  1.12e-01	  4.48e-02	0.00000e+00
  1.12e-01	  4.53e-02	0.00000e+00
  1.12e-01	  4.58e-02	0.00000e+00
  1.12e-01	  4.64e-02	0.00000e+00
  1.12e-01	  4.69e-02	0.00000e+00
  1.12e-01	  4.74e-02	0.00000e+00
  1.12e-01	  4.79e-02	0.00000e+00
  1.12e-01	  4.84e-02	0.00000e+00
  1.12e-01	  4.90e-02	0.00000e+00
  1.12e-01	  4.95e-02	0.00000e+00

  1.13e-01	  0.00e+00	0.00000e+00
  1.13e-01	  5.21e-04	0.00000e+00
  1.13e-01	  1.04e-03	0.00000e+00
  1.13e-01	  1.56e-03	0.00000e+00
  1.13e-01	  2.08e-03	0.00000e+00
  1.13e-01	  2.60e-03	0.00000e+00
  1.13e-01	  3.12e-03	0.00000e+00
  1.13e-01	  3.65e-03	0.00000e+00
  1.13e-01	  4.17e-03	7.76465e-295
  1.13e-01	  4.69e-03	5.09629e-262
  1.13e-01	  5.21e-03	3.34622e-229
  1.13e-01	  5.73e-03	2.19763e-196
  1.13e-01	  6.25e-03	1.44341e-163
  1.13e-01	  6.77e-03	9.47968e-131
  1.13e-01	  7.29e-03	6.22459e-98
  1.13e-01	  7.81e-03	4.08588e-65
  1.13e-01	  8.33e-03	2.68080e-32
  1.13e-01	  8.85e-03	1.36991e+01
  1.13e-01	  9.37e-03	-6.64807e+00
  1.13e-01	  9.90e-03	-1.02951e+01
  1.13e-01	  1.04e-02	-1.33729e+01
  1.13e-01	  1.09e-02	-1.59878e+01
  1.13e-01	  1.15e-02	-1.80958e+01
  1.13e-01	  1.20e-02	-1.97062e+01
  1.13e-01	  1.25e-02	-2.08547e+01
  1.13e-01	  1.30e-02	-2.14437e+01
  1.13e-01	  1.35e-02	-2.13058e+01
  1.13e-01	  1.41e-02	-1.98945e+01
  1.13e-01	  1.46e-02	-1.53465e+01
  1.13e-01	  1.51e-02	-3.61924e+00
  1.13e-01	  1.56e-02	1.12169e+01
  1.13e-01	  1.61e-02	1.85605e+01
  1.13e-01	  1.67e-02	2.07043e+01
  1.13e-01	  1.72e-02	2.03803e+01
  1.13e-01	  1.77e-02	1.84035e+01
  1.13e-01	  1.82e-02	1.49334e+01
  1.13e-01	  1.88e-02	1.00393e+01
  1.13e-01	  1.93e-02	4.04881e+00
  1.13e-01	  1.98e-02	-2.43180e+00
  1.13e-01	  2.03e-02	-8.58127e+00
  1.13e-01	  2.08e-02	-1.37810e+01
  1.13e-01	  2.14e-02	-1.76849e+01
  1.13e-01	  2.19e-02	-2.02723e+01
  1.13e-01	  2.24e-02	-2.16833e+01
  1.13e-01	  2.29e-02	-2.19303e+01
  1.13e-01	  2.34e-02	-2.02293e+01
  1.13e-01	  2.40e-02	-1.03526e+01
  1.13e-01	  2.45e-02	1.23085e+01
  1.13e-01	  2.50e-02	2.07821e+01
  1.13e-01	  2.55e-02	2.20803e+01
  1.13e-01	  2.60e-02	2.16562e+01
  1.13e-01	  2.66e-02	2.01221e+01
  1.13e-01	  2.71e-02	1.74381e+01
  1.13e-01	  2.76e-02	1.34669e+01
  1.13e-01	  2.81e-02	8.23895e+00
  1.13e-01	  2.86e-02	2.09058e+00
  1.13e-01	  2.92e-02	-4.33232e+00
  1.13e-01	  2.97e-02	-1.02507e+01
  1.13e-01	  3.02e-02	-1.51189e+01
  1.13e-01	  3.07e-02	-1.86864e+01
  1.13e-01	  3.13e-02	-2.10000e+01
  1.13e-01	  3.18e-02	-2.21861e+01
  1.13e-01	  3.23e-02	-2.22074e+01
  1.13e-01	  3.28e-02	-2.01670e+01
  1.13e-01	  3.33e-02	-8.66235e+00
  1.13e-01	  3.39e-02	1.37987e+01
  1.13e-01	  3.44e-02	2.11219e+01
  1.13e-01	  3.49e-02	2.24933e+01
  1.13e-01	  3.54e-02	2.25871e+01
  1.13e-01	  3.59e-02	2.20784e+01
  1.13e-01	  3.65e-02	2.10490e+01
  1.13e-01	  3.70e-02	1.95006e+01
  1.13e-01	  3.75e-02	1.74537e+01
  1.13e-01	  3.80e-02	1.47493e+01
  1.13e-01	  3.85e-02	1.11220e+01
  1.13e-01	  3.91e-02	9.41161e+00
  1.13e-01	  3.96e-02	-2.68255e+00
  1.13e-01	  4.01e-02	5.22979e-32
  1.13e-01	  4.06e-02	-8.31874e-66
  1.13e-01	  4.11e-02	-1.37785e-98
  1.13e-01	  4.17e-02	-2.26142e-131
  1.13e-01	  4.22e-02	-3.68355e-164
  1.13e-01	  4.27e-02	-5.96151e-197
  1.13e-01	  4.32e-02	-9.59502e-230
  1.13e-01	  4.37e-02	-1.53695e-262
  1.13e-01	  4.43e-02	-2.45175e-295
  1.13e-01	  4.48e-02	0.00000e+00
  1.13e-01	  4.53e-02	0.00000e+00
  1.13e-01	  4.58e-02	0.00000e+00
  1.13e-01	  4.64e-02	0.00000e+00
  1.13e-01	  4.69e-02	0.00000e+00
  1.13e-01	  4.74e-02	0.00000e+00
  1.13e-01	  4.79e-02	0.00000e+00
  1.13e-01	  4.84e-02	0.00000e+00
  1.13e-01	  4.90e-02	0.00000e+00
  1.13e-01	  4.95e-02	0.00000e+00

  1.14e-01	  0.00e+00	0.00000e+00
  1.14e-01	  5.21e-04	0.00000e+00
  1.14e-01	  1.04e-03	0.00000e+00
  1.14e-01	  1.56e-03	0.00000e+00
  1.14e-01	  2.08e-03	0.00000e+00
  1.14e-01	  2.60e-03	0.00000e+00
  1.14e-01	  3.12e-03	0.00000e+00
  1.14e-01	  3.65e-03	0.00000e+00
  1.14e-01	  4.17e-03	6.73980e-295
  1.14e-01	  4.69e-03	4.39271e-262
  1.14e-01	  5.21e-03	2.86539e-229
  1.14e-01	  5.73e-03	1.87026e-196
  1.14e-01	  6.25e-03	1.22120e-163
  1.14e-01	  6.77e-03	7.97529e-131
  1.14e-01	  7.29e-03	5.20815e-98
  1.14e-01	  7.81e-03	3.40024e-65
  1.14e-01	  8.33e-03	2.21889e-32
  1.14e-01	  8.85e-03	1.14913e+01
  1.14e-01	  9.37e-03	-6.69959e+00
  1.14e-01	  9.90e-03	-9.93441e+00
  1.14e-01	  1.04e-02	-1.29527e+01
  1.14e-01	  1.09e-02	-1.55004e+01
  1.14e-01	  1.15e-02	-1.75698e+01
  1.14e-01	  1.20e-02	-1.91814e+01
  1.14e-01	  1.25e-02	-2.03583e+01
  1.14e-01	  1.30e-02	-2.09952e+01
  1.14e-01	  1.35e-02	-2.09077e+01
  1.14e-01	  1.41e-02	-1.95299e+01
  1.14e-01	  1.46e-02	-1.49857e+01
  1.14e-01	  1.51e-02	-3.33563e+00
  1.14e-01	  1.56e-02	1.11949e+01
  1.14e-01	  1.61e-02	1.81731e+01
  1.14e-01	  1.67e-02	2.00702e+01
  1.14e-01	  1.72e-02	1.96022e+01
  1.14e-01	  1.77e-02	1.75847e+01
  1.14e-01	  1.82e-02	1.41867e+01
  1.14e-01	  1.88e-02	9.48240e+00
  1.14e-01	  1.93e-02	3.78786e+00
  1.14e-01	  1.98e-02	-2.31374e+00
  1.14e-01	  2.03e-02	-8.15164e+00
  1.14e-01	  2.08e-02	-1.31511e+01
  1.14e-01	  2.14e-02	-1.69639e+01
  1.14e-01	  2.19e-02	-1.95645e+01
  1.14e-01	  2.24e-02	-2.10656e+01
  1.14e-01	  2.29e-02	-2.14456e+01
  1.14e-01	  2.34e-02	-1.98941e+01
  1.14e-01	  2.40e-02	-1.01367e+01
  1.14e-01	  2.45e-02	1.22774e+01
  1.14e-01	  2.50e-02	2.04654e+01
  1.14e-01	  2.55e-02	2.15737e+01
  1.14e-01	  2.60e-02	2.10067e+01
  1.14e-01	  2.66e-02	1.93837e+01
  1.14e-01	  2.71e-02	1.66913e+01
  1.14e-01	  2.76e-02	1.28144e+01
  1.14e-01	  2.81e-02	7.78506e+00
  1.14e-01	  2.86e-02	1.95548e+00
  1.14e-01	  2.92e-02	-4.09655e+00
  1.14e-01	  2.97e-02	-9.72969e+00
  1.14e-01	  3.02e-02	-1.44192e+01
  1.14e-01	  3.07e-02	-1.79143e+01
  1.14e-01	  3.13e-02	-2.02558e+01
  1.14e-01	  3.18e-02	-2.15490e+01
  1.14e-01	  3.23e-02	-2.17344e+01
  1.14e-01	  3.28e-02	-1.99421e+01
  1.14e-01	  3.33e-02	-8.78540e+00
  1.14e-01	  3.39e-02	1.34871e+01
  1.14e-01	  3.44e-02	2.08019e+01
  1.14e-01	  3.49e-02	2.21220e+01
  1.14e-01	  3.54e-02	2.21460e+01
  1.14e-01	  3.59e-02	2.15671e+01
  1.14e-01	  3.65e-02	2.04889e+01
  1.14e-01	  3.70e-02	1.89295e+01
  1.14e-01	  3.75e-02	1.69053e+01
  1.14e-01	  3.80e-02	1.42696e+01
  1.14e-01	  3.85e-02	1.07419e+01
  1.14e-01	  3.91e-02	9.34791e+00
  1.14e-01	  3.96e-02	-3.54923e-01
  1.14e-01	  4.01e-02	5.02205e-32
  1.14e-01	  4.06e-02	-2.26903e-66
  1.14e-01	  4.11e-02	-4.65607e-99
  1.14e-01	  4.17e-02	-8.86768e-132
  1.14e-01	  4.22e-02	-1.61336e-164
  1.14e-01	  4.27e-02	-2.84542e-197
  1.14e-01	  4.32e-02	-4.90656e-230
  1.14e-01	  4.37e-02	-8.31826e-263
  1.14e-01	  4.43e-02	-1.39182e-295
  1.14e-01	  4.48e-02	0.00000e+00
  1.14e-01	  4.53e-02	0.00000e+00
  1.14e-01	  4.58e-02	0.00000e+00
  1.14e-01	  4.64e-02	0.00000e+00
  1.14e-01	  4.69e-02	0.00000e+00
  1.14e-01	  4.74e-02	0.00000e+00
  1.14e-01	  4.79e-02	0.00000e+00
  1.14e-01	  4.84e-02	0.00000e+00
  1.14e-01	  4.90e-02	0.00000e+00
  1.14e-01	  4.95e-02	0.00000e+00

  1.15e-01	  0.00e+00	0.00000e+00
  1.15e-01	  5.21e-04	0.00000e+00
  1.15e-01	  1.04e-03	0.00000e+00
  1.15e-01	  1.56e-03	0.00000e+00
  1.15e-01	  2.08e-03	0.00000e+00
  1.15e-01	  2.60e-03	0.00000e+00
  1.15e-01	  3.12e-03	0.00000e+00
  1.15e-01	  3.65e-03	0.00000e+00
  1.15e-01	  4.17e-03	5.80044e-295
  1.15e-01	  4.69e-03	3.74232e-262
  1.15e-01	  5.21e-03	2.41789e-229
  1.15e-01	  5.73e-03	1.56396e-196
  1.15e-01	  6.25e-03	1.01248e-163
  1.15e-01	  6.77e-03	6.55824e-131
  1.15e-01	  7.29e-03	4.24902e-98
  1.15e-01	  7.81e-03	2.75269e-65
  1.15e-01	  8.33e-03	1.78260e-32
  1.15e-01	  8.85e-03	9.35215e+00
  1.15e-01	  9.37e-03	-6.74337e+00
  1.15e-01	  9.90e-03	-9.59184e+00
  1.15e-01	  1.04e-02	-1.25625e+01
  1.15e-01	  1.09e-02	-1.50528e+01
  1.15e-01	  1.15e-02	-1.70904e+01
  1.15e-01	  1.20e-02	-1.87078e+01
  1.15e-01	  1.25e-02	-1.99124e+01
  1.15e-01	  1.30e-02	-2.05931e+01
  1.15e-01	  1.35e-02	-2.05484e+01
  1.15e-01	  1.41e-02	-1.91899e+01
  1.15e-01	  1.46e-02	-1.46160e+01
  1.15e-01	  1.51e-02	-2.98112e+00
  1.15e-01	  1.56e-02	1.12485e+01
  1.15e-01	  1.61e-02	1.78397e+01
  1.15e-01	  1.67e-02	1.94953e+01
  1.15e-01	  1.72e-02	1.88987e+01
  1.15e-01	  1.77e-02	1.68495e+01
  1.15e-01	  1.82e-02	1.35195e+01
  1.15e-01	  1.88e-02	8.98602e+00
  1.15e-01	  1.93e-02	3.54958e+00
  1.15e-01	  1.98e-02	-2.24644e+00
  1.15e-01	  2.03e-02	-7.81429e+00
  1.15e-01	  2.08e-02	-1.26232e+01
  1.15e-01	  2.14e-02	-1.63418e+01
  1.15e-01	  2.19e-02	-1.89382e+01
  1.15e-01	  2.24e-02	-2.05040e+01
  1.15e-01	  2.29e-02	-2.09919e+01
  1.15e-01	  2.34e-02	-1.95721e+01
  1.15e-01	  2.40e-02	-9.91724e+00
  1.15e-01	  2.45e-02	1.22589e+01
  1.15e-01	  2.50e-02	2.01661e+01
  1.15e-01	  2.55e-02	2.11005e+01
  1.15e-01	  2.60e-02	2.04148e+01
  1.15e-01	  2.66e-02	1.87257e+01
  1.15e-01	  2.71e-02	1.60384e+01
  1.15e-01	  2.76e-02	1.22549e+01
  1.15e-01	  2.81e-02	7.41342e+00
  1.15e-01	  2.86e-02	1.85377e+00
  1.15e-01	  2.92e-02	-3.89725e+00
  1.15e-01	  2.97e-02	-9.28243e+00
  1.15e-01	  3.02e-02	-1.38061e+01
  1.15e-01	  3.07e-02	-1.72290e+01
  1.15e-01	  3.13e-02	-1.95845e+01
  1.15e-01	  3.18e-02	-2.09623e+01
  1.15e-01	  3.23e-02	-2.12910e+01
  1.15e-01	  3.28e-02	-1.97402e+01
  1.15e-01	  3.33e-02	-8.96299e+00
  1.15e-01	  3.39e-02	1.31464e+01
  1.15e-01	  3.44e-02	2.04949e+01
  1.15e-01	  3.49e-02	2.17759e+01
  1.15e-01	  3.54e-02	2.17401e+01
  1.15e-01	  3.59e-02	2.11017e+01
  1.15e-01	  3.65e-02	1.99838e+01
  1.15e-01	  3.70e-02	1.84166e+01
  1.15e-01	  3.75e-02	1.64110e+01
  1.15e-01	  3.80e-02	1.38461e+01
  1.15e-01	  3.85e-02	1.04676e+01
  1.15e-01	  3.91e-02	9.26604e+00
  1.15e-01	  3.96e-02	1.83560e+00
  1.15e-01	  4.01e-02	4.79192e-32
  1.15e-01	  4.06e-02	2.99883e-66
  1.15e-01	  4.11e-02	3.23321e-99
  1.15e-01	  4.17e-02	2.99172e-132
  1.15e-01	  4.22e-02	1.73382e-165
  1.15e-01	  4.27e-02	-1.50237e-198
  1.15e-01	  4.32e-02	-8.39161e-231
  1.15e-01	  4.37e-02	-2.18082e-263
  1.15e-01	  4.43e-02	-4.66357e-296
  1.15e-01	  4.48e-02	0.00000e+00
  1.15e-01	  4.53e-02	0.00000e+00
  1.15e-01	  4.58e-02	0.00000e+00
  1.15e-01	  4.64e-02	0.00000e+00
  1.15e-01	  4.69e-02	0.00000e+00
  1.15e-01	  4.74e-02	0.00000e+00
  1.15e-01	  4.79e-02	0.00000e+00
  1.15e-01	  4.84e-02	0.00000e+00
  1.15e-01	  4.90e-02	0.00000e+00
  1.15e-01	  4.95e-02	0.00000e+00

  1.16e-01	  0.00e+00	0.00000e+00
  1.16e-01	  5.21e-04	0.00000e+00
  1.16e-01	  1.04e-03	0.00000e+00
  1.16e-01	  1.56e-03	0.00000e+00
  1.16e-01	  2.08e-03	0.00000e+00
  1.16e-01	  2.60e-03	0.00000e+00
  1.16e-01	  3.12e-03	0.00000e+00
  1.16e-01	  3.65e-03	0.00000e+00
  1.16e-01	  4.17e-03	4.96463e-295
  1.16e-01	  4.69e-03	3.15642e-262
  1.16e-01	  5.21e-03	2.01060e-229
  1.16e-01	  5.73e-03	1.28287e-196
  1.16e-01	  6.25e-03	8.19655e-164
  1.16e-01	  6.77e-03	5.24226e-131
  1.16e-01	  7.29e-03	3.35482e-98
  1.16e-01	  7.81e-03	2.14729e-65
  1.16e-01	  8.33e-03	1.37395e-32
  1.16e-01	  8.85e-03	7.28852e+00
  1.16e-01	  9.37e-03	-6.77615e+00
  1.16e-01	  9.90e-03	-9.26336e+00
  1.16e-01	  1.04e-02	-1.22006e+01
  1.16e-01	  1.09e-02	-1.46444e+01
  1.16e-01	  1.15e-02	-1.66570e+01
  1.16e-01	  1.20e-02	-1.82834e+01
  1.16e-01	  1.25e-02	-1.95147e+01
  1.16e-01	  1.30e-02	-2.02345e+01
  1.16e-01	  1.35e-02	-2.02251e+01
  1.16e-01	  1.41e-02	-1.88719e+01
  1.16e-01	  1.46e-02	-1.42337e+01
  1.16e-01	  1.51e-02	-2.55323e+00
  1.16e-01	  1.56e-02	1.13748e+01
  1.16e-01	  1.61e-02	1.75548e+01
  1.16e-01	  1.67e-02	1.89708e+01
  1.16e-01	  1.72e-02	1.82557e+01
  1.16e-01	  1.77e-02	1.61807e+01
  1.16e-01	  1.82e-02	1.29142e+01
  1.16e-01	  1.88e-02	8.53298e+00
  1.16e-01	  1.93e-02	3.32095e+00
  1.16e-01	  1.98e-02	-2.21811e+00
  1.16e-01	  2.03e-02	-7.54861e+00
  1.16e-01	  2.08e-02	-1.21799e+01
  1.16e-01	  2.14e-02	-1.58028e+01
  1.16e-01	  2.19e-02	-1.83828e+01
  1.16e-01	  2.24e-02	-1.99944e+01
  1.16e-01	  2.29e-02	-2.05705e+01
  1.16e-01	  2.34e-02	-1.92672e+01
  1.16e-01	  2.40e-02	-9.69559e+00
  1.16e-01	  2.45e-02	1.22557e+01
  1.16e-01	  2.50e-02	1.98874e+01
  1.16e-01	  2.55e-02	2.06611e+01
  1.16e-01	  2.60e-02	1.98750e+01
  1.16e-01	  2.66e-02	1.81368e+01
  1.16e-01	  2.71e-02	1.54638e+01
  1.16e-01	  2.76e-02	1.17720e+01
  1.16e-01	  2.81e-02	7.10283e+00
  1.16e-01	  2.86e-02	1.77570e+00
  1.16e-01	  2.92e-02	-3.72463e+00
  1.16e-01	  2.97e-02	-8.89136e+00
  1.16e-01	  3.02e-02	-1.32632e+01
  1.16e-01	  3.07e-02	-1.66150e+01
  1.16e-01	  3.13e-02	-1.89749e+01
  1.16e-01	  3.18e-02	-2.04213e+01
  1.16e-01	  3.23e-02	-2.08773e+01
  1.16e-01	  3.28e-02	-1.95615e+01
  1.16e-01	  3.33e-02	-9.19121e+00
  1.16e-01	  3.39e-02	1.27797e+01
  1.16e-01	  3.44e-02	2.02020e+01
  1.16e-01	  3.49e-02	2.14542e+01
  1.16e-01	  3.54e-02	2.13666e+01
  1.16e-01	  3.59e-02	2.06769e+01
  1.16e-01	  3.65e-02	1.95248e+01
  1.16e-01	  3.70e-02	1.79486e+01
  1.16e-01	  3.75e-02	1.59574e+01
  1.16e-01	  3.80e-02	1.34618e+01
  1.16e-01	  3.85e-02	1.02776e+01
  1.16e-01	  3.91e-02	9.26599e+00
  1.16e-01	  3.96e-02	3.80572e+00
  1.16e-01	  4.01e-02	4.63042e-32
  1.16e-01	  4.06e-02	8.16514e-66
  1.16e-01	  4.11e-02	1.08852e-98
  1.16e-01	  4.17e-02	1.43200e-131
  1.16e-01	  4.22e-02	1.85198e-164
  1.16e-01	  4.27e-02	2.34129e-197
  1.16e-01	  4.32e-02	2.86640e-230
  1.16e-01	  4.37e-02	3.34075e-263
  1.16e-01	  4.43e-02	3.57598e-296
  1.16e-01	  4.48e-02	0.00000e+00
  1.16e-01	  4.53e-02	0.00000e+00
  1.16e-01	  4.58e-02	0.00000e+00
  1.16e-01	  4.64e-02	0.00000e+00
  1.16e-01	  4.69e-02	0.00000e+00
  1.16e-01	  4.74e-02	0.00000e+00
  1.16e-01	  4.79e-02	0.00000e+00
  1.16e-01	  4.84e-02	0.00000e+00
  1.16e-01	  4.90e-02	0.00000e+00
  1.16e-01	  4.95e-02	0.00000e+00

  1.16e-01	  0.00e+00	0.00000e+00
  1.16e-01	  5.21e-04	0.00000e+00
  1.16e-01	  1.04e-03	0.00000e+00
  1.16e-01	  1.56e-03	0.00000e+00
  1.16e-01	  2.08e-03	0.00000e+00
  1.16e-01	  2.60e-03	0.00000e+00
  1.16e-01	  3.12e-03	0.00000e+00
  1.16e-01	  3.65e-03	0.00000e+00
  1.16e-01	  4.17e-03	4.24557e-295
  1.16e-01	  4.69e-03	2.64377e-262
  1.16e-01	  5.21e-03	1.64915e-229
  1.16e-01	  5.73e-03	1.03043e-196
  1.16e-01	  6.25e-03	6.44781e-164
  1.16e-01	  6.77e-03	4.03936e-131
  1.16e-01	  7.29e-03	2.53247e-98
  1.16e-01	  7.81e-03	1.58815e-65
  1.16e-01	  8.33e-03	9.95624e-33
  1.16e-01	  8.85e-03	5.31041e+00
  1.16e-01	  9.37e-03	-6.79831e+00
  1.16e-01	  9.90e-03	-8.97166e+00
  1.16e-01	  1.04e-02	-1.18794e+01
  1.16e-01	  1.09e-02	-1.42813e+01
  1.16e-01	  1.15e-02	-1.62724e+01
  1.16e-01	  1.20e-02	-1.79085e+01
  1.16e-01	  1.25e-02	-1.91650e+01
  1.16e-01	  1.30e-02	-1.99194e+01
  1.16e-01	  1.35e-02	-1.99371e+01
  1.16e-01	  1.41e-02	-1.85732e+01
  1.16e-01	  1.46e-02	-1.38327e+01
  1.16e-01	  1.51e-02	-2.04619e+00
  1.16e-01	  1.56e-02	1.15703e+01
  1.16e-01	  1.61e-02	1.73121e+01
  1.16e-01	  1.67e-02	1.84883e+01
  1.16e-01	  1.72e-02	1.76615e+01
  1.16e-01	  1.77e-02	1.55644e+01
  1.16e-01	  1.82e-02	1.23558e+01
  1.16e-01	  1.88e-02	8.11002e+00
  1.16e-01	  1.93e-02	3.09452e+00
  1.16e-01	  1.98e-02	-2.22103e+00
  1.16e-01	  2.03e-02	-7.34006e+00
  1.16e-01	  2.08e-02	-1.18069e+01
  1.16e-01	  2.14e-02	-1.53350e+01
  1.16e-01	  2.19e-02	-1.78899e+01
  1.16e-01	  2.24e-02	-1.95330e+01
  1.16e-01	  2.29e-02	-2.01815e+01
  1.16e-01	  2.34e-02	-1.89812e+01
  1.16e-01	  2.40e-02	-9.47164e+00
  1.16e-01	  2.45e-02	1.22690e+01
  1.16e-01	  2.50e-02	1.96311e+01
  1.16e-01	  2.55e-02	2.02545e+01
  1.16e-01	  2.60e-02	1.93826e+01
  1.16e-01	  2.66e-02	1.76075e+01
  1.16e-01	  2.71e-02	1.49552e+01
  1.16e-01	  2.76e-02	1.13516e+01
  1.16e-01	  2.81e-02	6.83829e+00
  1.16e-01	  2.86e-02	1.71433e+00
  1.16e-01	  2.92e-02	-3.56983e+00
  1.16e-01	  2.97e-02	-8.54378e+00
  1.16e-01	  3.02e-02	-1.27775e+01
  1.16e-01	  3.07e-02	-1.60606e+01
  1.16e-01	  3.13e-02	-1.84182e+01
  1.16e-01	  3.18e-02	-1.99210e+01
  1.16e-01	  3.23e-02	-2.04919e+01
  1.16e-01	  3.28e-02	-1.94050e+01
  1.16e-01	  3.33e-02	-9.46597e+00
  1.16e-01	  3.39e-02	1.23876e+01
  1.16e-01	  3.44e-02	1.99235e+01
  1.16e-01	  3.49e-02	2.11564e+01
  1.16e-01	  3.54e-02	2.10236e+01
  1.16e-01	  3.59e-02	2.02882e+01
  1.16e-01	  3.65e-02	1.91040e+01
  1.16e-01	  3.70e-02	1.75158e+01
  1.16e-01	  3.75e-02	1.55355e+01
  1.16e-01	  3.80e-02	1.31157e+01
  1.16e-01	  3.85e-02	1.01520e+01
  1.16e-01	  3.91e-02	9.36230e+00
  1.16e-01	  3.96e-02	5.55281e+00
  1.16e-01	  4.01e-02	4.52600e-32
  1.16e-01	  4.06e-02	1.30254e-65
  1.16e-01	  4.11e-02	1.81550e-98
  1.16e-01	  4.17e-02	2.51849e-131
  1.16e-01	  4.22e-02	3.47389e-164
  1.16e-01	  4.27e-02	4.75849e-197
  1.16e-01	  4.32e-02	6.46131e-230
  1.16e-01	  4.37e-02	8.67425e-263
  1.16e-01	  4.43e-02	1.14682e-295
  1.16e-01	  4.48e-02	0.00000e+00
  1.16e-01	  4.53e-02	0.00000e+00
  1.16e-01	  4.58e-02	0.00000e+00
  1.16e-01	  4.64e-02	0.00000e+00
  1.16e-01	  4.69e-02	0.00000e+00
  1.16e-01	  4.74e-02	0.00000e+00
  1.16e-01	  4.79e-02	0.00000e+00
  1.16e-01	  4.84e-02	0.00000e+00
  1.16e-01	  4.90e-02	0.00000e+00
  1.16e-01	  4.95e-02	0.00000e+00

  1.17e-01	  0.00e+00	0.00000e+00
  1.17e-01	  5.21e-04	0.00000e+00
  1.17e-01	  1.04e-03	0.00000e+00
  1.17e-01	  1.56e-03	0.00000e+00
  1.17e-01	  2.08e-03	0.00000e+00
  1.17e-01	  2.60e-03	0.00000e+00
  1.17e-01	  3.12e-03	0.00000e+00
  1.17e-01	  3.65e-03	0.00000e+00
  1.17e-01	  4.17e-03	3.65215e-295
  1.17e-01	  4.69e-03	2.21167e-262
  1.17e-01	  5.21e-03	1.33915e-229
  1.17e-01	  5.73e-03	8.10821e-197
  1.17e-01	  6.25e-03	4.90909e-164
  1.17e-01	  6.77e-03	2.97143e-131
  1.17e-01	  7.29e-03	1.79733e-98
  1.17e-01	  7.81e-03	1.08562e-65
  1.17e-01	  8.33e-03	6.54136e-33
  1.17e-01	  8.85e-03	3.44790e+00
  1.17e-01	  9.37e-03	-6.83603e+00
  1.17e-01	  9.90e-03	-8.71197e+00
  1.17e-01	  1.04e-02	-1.15967e+01
  1.17e-01	  1.09e-02	-1.39645e+01
  1.17e-01	  1.15e-02	-1.59386e+01
  1.17e-01	  1.20e-02	-1.75858e+01
  1.17e-01	  1.25e-02	-1.88660e+01
  1.17e-01	  1.30e-02	-1.96495e+01
  1.17e-01	  1.35e-02	-1.96844e+01
  1.17e-01	  1.41e-02	-1.82908e+01
  1.17e-01	  1.46e-02	-1.34034e+01
  1.17e-01	  1.51e-02	-1.45056e+00
  1.17e-01	  1.56e-02	1.18308e+01
  1.17e-01	  1.61e-02	1.71044e+01
  1.17e-01	  1.67e-02	1.80395e+01
  1.17e-01	  1.72e-02	1.71061e+01
  1.17e-01	  1.77e-02	1.49886e+01
  1.17e-01	  1.82e-02	1.18326e+01
  1.17e-01	  1.88e-02	7.70738e+00
  1.17e-01	  1.93e-02	2.86604e+00
  1.17e-01	  1.98e-02	-2.25079e+00
  1.17e-01	  2.03e-02	-7.17876e+00
  1.17e-01	  2.08e-02	-1.14930e+01
  1.17e-01	  2.14e-02	-1.49283e+01
  1.17e-01	  2.19e-02	-1.74522e+01
  1.17e-01	  2.24e-02	-1.91159e+01
  1.17e-01	  2.29e-02	-1.98241e+01
  1.17e-01	  2.34e-02	-1.87149e+01
  1.17e-01	  2.40e-02	-9.24426e+00
  1.17e-01	  2.45e-02	1.22989e+01
  1.17e-01	  2.50e-02	1.93975e+01
  1.17e-01	  2.55e-02	1.98794e+01
  1.17e-01	  2.60e-02	1.89328e+01
  1.17e-01	  2.66e-02	1.71302e+01
  1.17e-01	  2.71e-02	1.45022e+01
  1.17e-01	  2.76e-02	1.09820e+01
  1.17e-01	  2.81e-02	6.60984e+00
  1.17e-01	  2.86e-02	1.66587e+00
  1.17e-01	  2.92e-02	-3.42790e+00
  1.17e-01	  2.97e-02	-8.23040e+00
  1.17e-01	  3.02e-02	-1.23387e+01
  1.17e-01	  3.07e-02	-1.55562e+01
  1.17e-01	  3.13e-02	-1.79069e+01
  1.17e-01	  3.18e-02	-1.94570e+01
  1.17e-01	  3.23e-02	-2.01326e+01
  1.17e-01	  3.28e-02	-1.92684e+01
  1.17e-01	  3.33e-02	-9.78326e+00
  1.17e-01	  3.39e-02	1.19687e+01
  1.17e-01	  3.44e-02	1.96591e+01
  1.17e-01	  3.49e-02	2.08823e+01
  1.17e-01	  3.54e-02	2.07099e+01
  1.17e-01	  3.59e-02	1.99325e+01
  1.17e-01	  3.65e-02	1.87171e+01
  1.17e-01	  3.70e-02	1.71140e+01
  1.17e-01	  3.75e-02	1.51415e+01
  1.17e-01	  3.80e-02	1.28096e+01
  1.17e-01	  3.85e-02	1.00729e+01
  1.17e-01	  3.91e-02	9.52702e+00
  1.17e-01	  3.96e-02	7.10330e+00
  1.17e-01	  4.01e-02	4.45247e-32
  1.17e-01	  4.06e-02	1.75158e-65
  1.17e-01	  4.11e-02	2.48919e-98
  1.17e-01	  4.17e-02	3.52868e-131
  1.17e-01	  4.22e-02	4.98713e-164
  1.17e-01	  4.27e-02	7.02160e-197
  1.17e-01	  4.32e-02	9.83799e-230
  1.17e-01	  4.37e-02	1.36968e-262
  1.17e-01	  4.43e-02	1.89100e-295
  1.17e-01	  4.48e-02	0.00000e+00
  1.17e-01	  4.53e-02	0.00000e+00
  1.17e-01	  4.58e-02	0.00000e+00
  1.17e-01	  4.64e-02	0.00000e+00
  1.17e-01	  4.69e-02	0.00000e+00
  1.17e-01	  4.74e-02	0.00000e+00
  1.17e-01	  4.79e-02	0.00000e+00
  1.17e-01	  4.84e-02	0.00000e+00
  1.17e-01	  4.90e-02	0.00000e+00
  1.17e-01	  4.95e-02	0.00000e+00

  1.18e-01	  0.00e+00	0.00000e+00
  1.18e-01	  5.21e-04	0.00000e+00
  1.18e-01	  1.04e-03	0.00000e+00
  1.18e-01	  1.56e-03	0.00000e+00
  1.18e-01	  2.08e-03	0.00000e+00
  1.18e-01	  2.60e-03	0.00000e+00
  1.18e-01	  3.12e-03	0.00000e+00
  1.18e-01	  3.65e-03	0.00000e+00
  1.18e-01	  4.17e-03	3.18683e-295
  1.18e-01	  4.69e-03	1.86387e-262
  1.18e-01	  5.21e-03	1.08406e-229
  1.18e-01	  5.73e-03	6.26727e-197
  1.18e-01	  6.25e-03	3.59867e-164
  1.18e-01	  6.77e-03	2.04974e-131
  1.18e-01	  7.29e-03	1.15581e-98
  1.18e-01	  7.81e-03	6.43198e-66
  1.18e-01	  8.33e-03	3.51497e-33
  1.18e-01	  8.85e-03	1.71032e+00
  1.18e-01	  9.37e-03	-6.88185e+00
  1.18e-01	  9.90e-03	-8.49650e+00
  1.18e-01	  1.04e-02	-1.13584e+01
  1.18e-01	  1.09e-02	-1.36999e+01
  1.18e-01	  1.15e-02	-1.56615e+01
  1.18e-01	  1.20e-02	-1.73209e+01
  1.18e-01	  1.25e-02	-1.86219e+01
  1.18e-01	  1.30e-02	-1.94275e+01
  1.18e-01	  1.35e-02	-1.94673e+01
  1.18e-01	  1.41e-02	-1.80200e+01
  1.18e-01	  1.46e-02	-1.29318e+01
  1.18e-01	  1.51e-02	-7.53228e-01
  1.18e-01	  1.56e-02	1.21515e+01
  1.18e-01	  1.61e-02	1.69242e+01
  1.18e-01	  1.67e-02	1.76167e+01
  1.18e-01	  1.72e-02	1.65804e+01
  1.18e-01	  1.77e-02	1.44435e+01
  1.18e-01	  1.82e-02	1.13349e+01
  1.18e-01	  1.88e-02	7.31769e+00
  1.18e-01	  1.93e-02	2.63254e+00
  1.18e-01	  1.98e-02	-2.30479e+00
  1.18e-01	  2.03e-02	-7.05784e+00
  1.18e-01	  2.08e-02	-1.12294e+01
  1.18e-01	  2.14e-02	-1.45744e+01
  1.18e-01	  2.19e-02	-1.70635e+01
  1.18e-01	  2.24e-02	-1.87396e+01
  1.18e-01	  2.29e-02	-1.94973e+01
  1.18e-01	  2.34e-02	-1.84679e+01
  1.18e-01	  2.40e-02	-9.01148e+00
  1.18e-01	  2.45e-02	1.23443e+01
  1.18e-01	  2.50e-02	1.91860e+01
  1.18e-01	  2.55e-02	1.95338e+01
  1.18e-01	  2.60e-02	1.85216e+01
  1.18e-01	  2.66e-02	1.66982e+01
  1.18e-01	  2.71e-02	1.40964e+01
  1.18e-01	  2.76e-02	1.06546e+01
  1.18e-01	  2.81e-02	6.41064e+00
  1.18e-01	  2.86e-02	1.62800e+00
  1.18e-01	  2.92e-02	-3.29573e+00
  1.18e-01	  2.97e-02	-7.94430e+00
  1.18e-01	  3.02e-02	-1.19383e+01
  1.18e-01	  3.07e-02	-1.50934e+01
  1.18e-01	  3.13e-02	-1.74342e+01
  1.18e-01	  3.18e-02	-1.90246e+01
  1.18e-01	  3.23e-02	-1.97969e+01
  1.18e-01	  3.28e-02	-1.91491e+01
  1.18e-01	  3.33e-02	-1.01393e+01
  1.18e-01	  3.39e-02	1.15192e+01
  1.18e-01	  3.44e-02	1.94078e+01
  1.18e-01	  3.49e-02	2.06317e+01
  1.18e-01	  3.54e-02	2.04246e+01
  1.18e-01	  3.59e-02	1.96078e+01
  1.18e-01	  3.65e-02	1.83607e+01
  1.18e-01	  3.70e-02	1.67416e+01
  1.18e-01	  3.75e-02	1.47813e+01
  1.18e-01	  3.80e-02	1.25293e+01
  1.18e-01	  3.85e-02	1.00312e+01
  1.18e-01	  3.91e-02	9.74611e+00
  1.18e-01	  3.96e-02	8.49185e+00
  1.18e-01	  4.01e-02	4.39156e-32
  1.18e-01	  4.06e-02	2.16518e-65
  1.18e-01	  4.11e-02	3.11072e-98
  1.18e-01	  4.17e-02	4.46124e-131
  1.18e-01	  4.22e-02	6.38362e-164
  1.18e-01	  4.27e-02	9.10766e-197
  1.18e-01	  4.32e-02	1.29444e-229
  1.18e-01	  4.37e-02	1.83049e-262
  1.18e-01	  4.43e-02	2.57133e-295
  1.18e-01	  4.48e-02	0.00000e+00
  1.18e-01	  4.53e-02	0.00000e+00
  1.18e-01	  4.58e-02	0.00000e+00
  1.18e-01	  4.64e-02	0.00000e+00
  1.18e-01	  4.69e-02	0.00000e+00
  1.18e-01	  4.74e-02	0.00000e+00
  1.18e-01	  4.79e-02	0.00000e+00
  1.18e-01	  4.84e-02	0.00000e+00
  1.18e-01	  4.90e-02	0.00000e+00
  1.18e-01	  4.95e-02	0.00000e+00

  1.19e-01	  0.00e+00	0.00000e+00
  1.19e-01	  5.21e-04	0.00000e+00
  1.19e-01	  1.04e-03	0.00000e+00
  1.19e-01	  1.56e-03	0.00000e+00
  1.19e-01	  2.08e-03	0.00000e+00
  1.19e-01	  2.60e-03	0.00000e+00
  1.19e-01	  3.12e-03	0.00000e+00
  1.19e-01	  3.65e-03	0.00000e+00
  1.19e-01	  4.17e-03	2.84014e-295
  1.19e-01	  4.69e-03	1.59661e-262
  1.19e-01	  5.21e-03	8.82834e-230
  1.19e-01	  5.73e-03	4.78232e-197
  1.19e-01	  6.25e-03	2.52186e-164
  1.19e-01	  6.77e-03	1.28077e-131
  1.19e-01	  7.29e-03	6.14121e-99
  1.19e-01	  7.81e-03	2.66278e-66
  1.19e-01	  8.33e-03	9.21067e-34
  1.19e-01	  8.85e-03	1.06060e-01
  1.19e-01	  9.37e-03	-6.92607e+00
  1.19e-01	  9.90e-03	-8.30830e+00
  1.19e-01	  1.04e-02	-1.11724e+01
  1.19e-01	  1.09e-02	-1.34988e+01
  1.19e-01	  1.15e-02	-1.54520e+01
  1.19e-01	  1.20e-02	-1.71192e+01
  1.19e-01	  1.25e-02	-1.84366e+01
  1.19e-01	  1.30e-02	-1.92557e+01
  1.19e-01	  1.35e-02	-1.92851e+01
  1.19e-01	  1.41e-02	-1.77530e+01
  1.19e-01	  1.46e-02	-1.23979e+01
  1.19e-01	  1.51e-02	6.19444e-02
  1.19e-01	  1.56e-02	1.25261e+01
  1.19e-01	  1.61e-02	1.67637e+01
  1.19e-01	  1.67e-02	1.72130e+01
  1.19e-01	  1.72e-02	1.60769e+01
  1.19e-01	  1.77e-02	1.39210e+01
  1.19e-01	  1.82e-02	1.08549e+01
  1.19e-01	  1.88e-02	6.93518e+00
  1.19e-01	  1.93e-02	2.39164e+00
  1.19e-01	  1.98e-02	-2.38139e+00
  1.19e-01	  2.03e-02	-6.97228e+00
  1.19e-01	  2.08e-02	-1.10093e+01
  1.19e-01	  2.14e-02	-1.42666e+01
  1.19e-01	  2.19e-02	-1.67183e+01
  1.19e-01	  2.24e-02	-1.84006e+01
  1.19e-01	  2.29e-02	-1.91994e+01
  1.19e-01	  2.34e-02	-1.82388e+01
  1.19e-01	  2.40e-02	-8.77061e+00
  1.19e-01	  2.45e-02	1.24032e+01
  1.19e-01	  2.50e-02	1.89956e+01
  1.19e-01	  2.55e-02	1.92159e+01
  1.19e-01	  2.60e-02	1.81452e+01
  1.19e-01	  2.66e-02	1.63059e+01
  1.19e-01	  2.71e-02	1.37311e+01
  1.19e-01	  2.76e-02	1.03627e+01
  1.19e-01	  2.81e-02	6.23588e+00
  1.19e-01	  2.86e-02	1.59925e+00
  1.19e-01	  2.92e-02	-3.17098e+00
  1.19e-01	  2.97e-02	-7.68012e+00
  1.19e-01	  3.02e-02	-1.15692e+01
  1.19e-01	  3.07e-02	-1.46651e+01
  1.19e-01	  3.13e-02	-1.69940e+01
  1.19e-01	  3.18e-02	-1.86193e+01
  1.19e-01	  3.23e-02	-1.94817e+01
  1.19e-01	  3.28e-02	-1.90441e+01
  1.19e-01	  3.33e-02	-1.05308e+01
  1.19e-01	  3.39e-02	1.10331e+01
  1.19e-01	  3.44e-02	1.91675e+01
  1.19e-01	  3.49e-02	2.04048e+01
  1.19e-01	  3.54e-02	2.01675e+01
  1.19e-01	  3.59e-02	1.93130e+01
  1.19e-01	  3.65e-02	1.80339e+01
  1.19e-01	  3.70e-02	1.63979e+01
  1.19e-01	  3.75e-02	1.44506e+01
  1.19e-01	  3.80e-02	1.22725e+01
  1.19e-01	  3.85e-02	1.00196e+01
  1.19e-01	  3.91e-02	1.00081e+01
  1.19e-01	  3.96e-02	9.73627e+00
  1.19e-01	  4.01e-02	4.35024e-32
  1.19e-01	  4.06e-02	2.54425e-65
  1.19e-01	  4.11e-02	3.67995e-98
  1.19e-01	  4.17e-02	5.31418e-131
  1.19e-01	  4.22e-02	7.65804e-164
  1.19e-01	  4.27e-02	1.10050e-196
  1.19e-01	  4.32e-02	1.57566e-229
  1.19e-01	  4.37e-02	2.24514e-262
  1.19e-01	  4.43e-02	3.17901e-295
  1.19e-01	  4.48e-02	0.00000e+00
  1.19e-01	  4.53e-02	0.00000e+00
  1.19e-01	  4.58e-02	0.00000e+00
  1.19e-01	  4.64e-02	0.00000e+00
  1.19e-01	  4.69e-02	0.00000e+00
  1.19e-01	  4.74e-02	0.00000e+00
  1.19e-01	  4.79e-02	0.00000e+00
  1.19e-01	  4.84e-02	0.00000e+00
  1.19e-01	  4.90e-02	0.00000e+00
  1.19e-01	  4.95e-02	0.00000e+00

  1.20e-01	  0.00e+00	0.00000e+00
  1.20e-01	  5.21e-04	0.00000e+00
  1.20e-01	  1.04e-03	0.00000e+00
  1.20e-01	  1.56e-03	0.00000e+00
  1.20e-01	  2.08e-03	0.00000e+00
  1.20e-01	  2.60e-03	0.00000e+00
  1.20e-01	  3.12e-03	0.00000e+00
  1.20e-01	  3.65e-03	0.00000e+00
  1.20e-01	  4.17e-03	2.59227e-295
  1.20e-01	  4.69e-03	1.39994e-262
  1.20e-01	  5.21e-03	7.30775e-230
  1.20e-01	  5.73e-03	3.63345e-197
  1.20e-01	  6.25e-03	1.67129e-164
  1.20e-01	  6.77e-03	6.61955e-132
  1.20e-01	  7.29e-03	1.70250e-99
  1.20e-01	  7.81e-03	-4.88800e-67
  1.20e-01	  8.33e-03	-1.30502e-33
  1.20e-01	  8.85e-03	-1.36503e+00
  1.20e-01	  9.37e-03	-6.93768e+00
  1.20e-01	  9.90e-03	-8.20976e+00
  1.20e-01	  1.04e-02	-1.10658e+01
  1.20e-01	  1.09e-02	-1.33767e+01
  1.20e-01	  1.15e-02	-1.53156e+01
  1.20e-01	  1.20e-02	-1.69903e+01
  1.20e-01	  1.25e-02	-1.83162e+01
  1.20e-01	  1.30e-02	-1.91363e+01
  1.20e-01	  1.35e-02	-1.91346e+01
  1.20e-01	  1.41e-02	-1.74776e+01
  1.20e-01	  1.46e-02	-1.17745e+01
  1.20e-01	  1.51e-02	1.01248e+00
  1.20e-01	  1.56e-02	1.29453e+01
  1.20e-01	  1.61e-02	1.66151e+01
  1.20e-01	  1.67e-02	1.68219e+01
  1.20e-01	  1.72e-02	1.55889e+01
  1.20e-01	  1.77e-02	1.34142e+01
  1.20e-01	  1.82e-02	1.03864e+01
  1.20e-01	  1.88e-02	6.55522e+00
  1.20e-01	  1.93e-02	2.14134e+00
  1.20e-01	  1.98e-02	-2.47948e+00
  1.20e-01	  2.03e-02	-6.91824e+00
  1.20e-01	  2.08e-02	-1.08273e+01
  1.20e-01	  2.14e-02	-1.39992e+01
  1.20e-01	  2.19e-02	-1.64118e+01
  1.20e-01	  2.24e-02	-1.80955e+01
  1.20e-01	  2.29e-02	-1.89286e+01
  1.20e-01	  2.34e-02	-1.80255e+01
  1.20e-01	  2.40e-02	-8.51856e+00
  1.20e-01	  2.45e-02	1.24726e+01
  1.20e-01	  2.50e-02	1.88246e+01
  1.20e-01	  2.55e-02	1.89236e+01
  1.20e-01	  2.60e-02	1.78001e+01
  1.20e-01	  2.66e-02	1.59484e+01
  1.20e-01	  2.71e-02	1.34006e+01
  1.20e-01	  2.76e-02	1.01009e+01
  1.20e-01	  2.81e-02	6.08205e+00
  1.20e-01	  2.86e-02	1.57875e+00
  1.20e-01	  2.92e-02	-3.05166e+00
  1.20e-01	  2.97e-02	-7.43342e+00
  1.20e-01	  3.02e-02	-1.12255e+01
  1.20e-01	  3.07e-02	-1.42654e+01
  1.20e-01	  3.13e-02	-1.65809e+01
  1.20e-01	  3.18e-02	-1.82368e+01
  1.20e-01	  3.23e-02	-1.91837e+01
  1.20e-01	  3.28e-02	-1.89500e+01
  1.20e-01	  3.33e-02	-1.09549e+01
  1.20e-01	  3.39e-02	1.05014e+01
  1.20e-01	  3.44e-02	1.89350e+01
  1.20e-01	  3.49e-02	2.02017e+01
  1.20e-01	  3.54e-02	1.99393e+01
  1.20e-01	  3.59e-02	1.90487e+01
  1.20e-01	  3.65e-02	1.77371e+01
  1.20e-01	  3.70e-02	1.60827e+01
  1.20e-01	  3.75e-02	1.41458e+01
  1.20e-01	  3.80e-02	1.20384e+01
  1.20e-01	  3.85e-02	1.00298e+01
  1.20e-01	  3.91e-02	1.03002e+01
  1.20e-01	  3.96e-02	1.08604e+01
  1.20e-01	  4.01e-02	4.32425e-32
  1.20e-01	  4.06e-02	2.89103e-65
  1.20e-01	  4.11e-02	4.19885e-98
  1.20e-01	  4.17e-02	6.08795e-131
  1.20e-01	  4.22e-02	8.80714e-164
  1.20e-01	  4.27e-02	1.27032e-196
  1.20e-01	  4.32e-02	1.82524e-229
  1.20e-01	  4.37e-02	2.60954e-262
  1.20e-01	  4.43e-02	3.70716e-295
  1.20e-01	  4.48e-02	0.00000e+00
  1.20e-01	  4.53e-02	0.00000e+00
  1.20e-01	  4.58e-02	0.00000e+00
  1.20e-01	  4.64e-02	0.00000e+00
  1.20e-01	  4.69e-02	0.00000e+00
  1.20e-01	  4.74e-02	0.00000e+00
  1.20e-01	  4.79e-02	0.00000e+00
  1.20e-01	  4.84e-02	0.00000e+00
  1.20e-01	  4.90e-02	0.00000e+00
  1.20e-01	  4.95e-02	0.00000e+00

  1.20e-01	  0.00e+00	0.00000e+00
  1.20e-01	  5.21e-04	0.00000e+00
  1.20e-01	  1.04e-03	0.00000e+00
  1.20e-01	  1.56e-03	0.00000e+00
  1.20e-01	  2.08e-03	0.00000e+00
  1.20e-01	  2.60e-03	0.00000e+00
  1.20e-01	  3.12e-03	0.00000e+00
  1.20e-01	  3.65e-03	0.00000e+00
  1.20e-01	  4.17e-03	2.41389e-295
  1.20e-01	  4.69e-03	1.25726e-262
  1.20e-01	  5.21e-03	6.18368e-230
  1.20e-01	  5.73e-03	2.76316e-197
  1.20e-01	  6.25e-03	1.00815e-164
  1.20e-01	  6.77e-03	1.62889e-132
  1.20e-01	  7.29e-03	-2.02282e-99
  1.20e-01	  7.81e-03	-3.25599e-66
  1.20e-01	  8.33e-03	-3.34949e-33
  1.20e-01	  8.85e-03	-2.65210e+00
  1.20e-01	  9.37e-03	-6.98042e+00
  1.20e-01	  9.90e-03	-8.20499e+00
  1.20e-01	  1.04e-02	-1.10368e+01
  1.20e-01	  1.09e-02	-1.33331e+01
  1.20e-01	  1.15e-02	-1.52648e+01
  1.20e-01	  1.20e-02	-1.69378e+01
  1.20e-01	  1.25e-02	-1.82618e+01
  1.20e-01	  1.30e-02	-1.90674e+01
  1.20e-01	  1.35e-02	-1.90085e+01
  1.20e-01	  1.41e-02	-1.71748e+01
  1.20e-01	  1.46e-02	-1.10266e+01
  1.20e-01	  1.51e-02	2.11407e+00
  1.20e-01	  1.56e-02	1.33957e+01
  1.20e-01	  1.61e-02	1.64703e+01
  1.20e-01	  1.67e-02	1.64376e+01
  1.20e-01	  1.72e-02	1.51112e+01
  1.20e-01	  1.77e-02	1.29179e+01
  1.20e-01	  1.82e-02	9.92444e+00
  1.20e-01	  1.88e-02	6.17413e+00
  1.20e-01	  1.93e-02	1.88009e+00
  1.20e-01	  1.98e-02	-2.59812e+00
  1.20e-01	  2.03e-02	-6.89256e+00
  1.20e-01	  2.08e-02	-1.06788e+01
  1.20e-01	  2.14e-02	-1.37672e+01
  1.20e-01	  2.19e-02	-1.61396e+01
  1.20e-01	  2.24e-02	-1.78213e+01
  1.20e-01	  2.29e-02	-1.86830e+01
  1.20e-01	  2.34e-02	-1.78253e+01
  1.20e-01	  2.40e-02	-8.25200e+00
  1.20e-01	  2.45e-02	1.25484e+01
  1.20e-01	  2.50e-02	1.86708e+01
  1.20e-01	  2.55e-02	1.86549e+01
  1.20e-01	  2.60e-02	1.74833e+01
  1.20e-01	  2.66e-02	1.56218e+01
  1.20e-01	  2.71e-02	1.31005e+01
  1.20e-01	  2.76e-02	9.86552e+00
  1.20e-01	  2.81e-02	5.94663e+00
  1.20e-01	  2.86e-02	1.56612e+00
  1.20e-01	  2.92e-02	-2.93585e+00
  1.20e-01	  2.97e-02	-7.20035e+00
  1.20e-01	  3.02e-02	-1.09024e+01
  1.20e-01	  3.07e-02	-1.38887e+01
  1.20e-01	  3.13e-02	-1.61899e+01
  1.20e-01	  3.18e-02	-1.78730e+01
  1.20e-01	  3.23e-02	-1.88996e+01
  1.20e-01	  3.28e-02	-1.88632e+01
  1.20e-01	  3.33e-02	-1.14088e+01
  1.20e-01	  3.39e-02	9.91203e+00
  1.20e-01	  3.44e-02	1.87050e+01
  1.20e-01	  3.49e-02	2.00223e+01
  1.20e-01	  3.54e-02	1.97410e+01
  1.20e-01	  3.59e-02	1.88164e+01
  1.20e-01	  3.65e-02	1.74725e+01
  1.20e-01	  3.70e-02	1.57987e+01
  1.20e-01	  3.75e-02	1.38702e+01
  1.20e-01	  3.80e-02	1.18276e+01
  1.20e-01	  3.85e-02	1.00637e+01
  1.20e-01	  3.91e-02	1.06038e+01
  1.20e-01	  3.96e-02	1.18748e+01
  1.20e-01	  4.01e-02	4.30704e-32
  1.20e-01	  4.06e-02	3.20596e-65
  1.20e-01	  4.11e-02	4.66737e-98
  1.20e-01	  4.17e-02	6.78152e-131
  1.20e-01	  4.22e-02	9.82801e-164
  1.20e-01	  4.27e-02	1.41962e-196
  1.20e-01	  4.32e-02	2.04199e-229
  1.20e-01	  4.37e-02	2.92172e-262
  1.20e-01	  4.43e-02	4.15284e-295
  1.20e-01	  4.48e-02	0.00000e+00
  1.20e-01	  4.53e-02	0.00000e+00
  1.20e-01	  4.58e-02	0.00000e+00
  1.20e-01	  4.64e-02	0.00000e+00
  1.20e-01	  4.69e-02	0.00000e+00
  1.20e-01	  4.74e-02	0.00000e+00
  1.20e-01	  4.79e-02	0.00000e+00
  1.20e-01	  4.84e-02	0.00000e+00
  1.20e-01	  4.90e-02	0.00000e+00
  1.20e-01	  4.95e-02	0.00000e+00

  1.21e-01	  0.00e+00	0.00000e+00
  1.21e-01	  5.21e-04	0.00000e+00
  1.21e-01	  1.04e-03	0.00000e+00
  1.21e-01	  1.56e-03	0.00000e+00
  1.21e-01	  2.08e-03	0.00000e+00
  1.21e-01	  2.60e-03	0.00000e+00
  1.21e-01	  3.12e-03	0.00000e+00
  1.21e-01	  3.65e-03	0.00000e+00
  1.21e-01	  4.17e-03	2.26858e-295
  1.21e-01	  4.69e-03	1.14670e-262
  1.21e-01	  5.21e-03	5.32471e-230
  1.21e-01	  5.73e-03	2.09184e-197
  1.21e-01	  6.25e-03	4.84582e-165
  1.21e-01	  6.77e-03	-2.42988e-132
  1.21e-01	  7.29e-03	-5.14127e-99
  1.21e-01	  7.81e-03	-5.62128e-66
  1.21e-01	  8.33e-03	-5.11189e-33
  1.21e-01	  8.85e-03	-3.73282e+00
  1.21e-01	  9.37e-03	-7.09408e+00
  1.21e-01	  9.90e-03	-8.27921e+00
  1.21e-01	  1.04e-02	-1.10888e+01
  1.21e-01	  1.09e-02	-1.33749e+01
  1.21e-01	  1.15e-02	-1.53012e+01
  1.21e-01	  1.20e-02	-1.69640e+01
  1.21e-01	  1.25e-02	-1.82722e+01
  1.21e-01	  1.30e-02	-1.90431e+01
  1.21e-01	  1.35e-02	-1.88939e+01
  1.21e-01	  1.41e-02	-1.68174e+01
  1.21e-01	  1.46e-02	-1.01115e+01
  1.21e-01	  1.51e-02	3.37555e+00
  1.21e-01	  1.56e-02	1.38589e+01
  1.21e-01	  1.61e-02	1.63209e+01
  1.21e-01	  1.67e-02	1.60552e+01
  1.21e-01	  1.72e-02	1.46392e+01
  1.21e-01	  1.77e-02	1.24277e+01
  1.21e-01	  1.82e-02	9.46524e+00
  1.21e-01	  1.88e-02	5.78910e+00
  1.21e-01	  1.93e-02	1.60680e+00
  1.21e-01	  1.98e-02	-2.73635e+00
  1.21e-01	  2.03e-02	-6.89242e+00
  1.21e-01	  2.08e-02	-1.05598e+01
  1.21e-01	  2.14e-02	-1.35664e+01
  1.21e-01	  2.19e-02	-1.58980e+01
  1.21e-01	  2.24e-02	-1.75749e+01
  1.21e-01	  2.29e-02	-1.84604e+01
  1.21e-01	  2.34e-02	-1.76350e+01
  1.21e-01	  2.40e-02	-7.96763e+00
  1.21e-01	  2.45e-02	1.26260e+01
  1.21e-01	  2.50e-02	1.85320e+01
  1.21e-01	  2.55e-02	1.84078e+01
  1.21e-01	  2.60e-02	1.71921e+01
  1.21e-01	  2.66e-02	1.53227e+01
  1.21e-01	  2.71e-02	1.28272e+01
  1.21e-01	  2.76e-02	9.65333e+00
  1.21e-01	  2.81e-02	5.82784e+00
  1.21e-01	  2.86e-02	1.56138e+00
  1.21e-01	  2.92e-02	-2.82165e+00
  1.21e-01	  2.97e-02	-6.97745e+00
  1.21e-01	  3.02e-02	-1.05952e+01
  1.21e-01	  3.07e-02	-1.35303e+01
  1.21e-01	  3.13e-02	-1.58164e+01
  1.21e-01	  3.18e-02	-1.75237e+01
  1.21e-01	  3.23e-02	-1.86259e+01
  1.21e-01	  3.28e-02	-1.87801e+01
  1.21e-01	  3.33e-02	-1.18899e+01
  1.21e-01	  3.39e-02	9.25014e+00
  1.21e-01	  3.44e-02	1.84695e+01
  1.21e-01	  3.49e-02	1.98658e+01
  1.21e-01	  3.54e-02	1.95736e+01
  1.21e-01	  3.59e-02	1.86181e+01
  1.21e-01	  3.65e-02	1.72427e+01
  1.21e-01	  3.70e-02	1.55494e+01
  1.21e-01	  3.75e-02	1.36296e+01
  1.21e-01	  3.80e-02	1.16563e+01
  1.21e-01	  3.85e-02	1.01054e+01
  1.21e-01	  3.91e-02	1.09204e+01
  1.21e-01	  3.96e-02	1.27845e+01
  1.21e-01	  4.01e-02	4.28525e-32
  1.21e-01	  4.06e-02	3.48958e-65
  1.21e-01	  4.11e-02	5.08540e-98
  1.21e-01	  4.17e-02	7.39358e-131
  1.21e-01	  4.22e-02	1.07176e-163
  1.21e-01	  4.27e-02	1.54785e-196
  1.21e-01	  4.32e-02	2.22521e-229
  1.21e-01	  4.37e-02	3.18099e-262
  1.21e-01	  4.43e-02	4.51607e-295
  1.21e-01	  4.48e-02	0.00000e+00
  1.21e-01	  4.53e-02	0.00000e+00
  1.21e-01	  4.58e-02	0.00000e+00
  1.21e-01	  4.64e-02	0.00000e+00
  1.21e-01	  4.69e-02	0.00000e+00
  1.21e-01	  4.74e-02	0.00000e+00
  1.21e-01	  4.79e-02	0.00000e+00
  1.21e-01	  4.84e-02	0.00000e+00
  1.21e-01	  4.90e-02	0.00000e+00
  1.21e-01	  4.95e-02	0.00000e+00

  1.22e-01	  0.00e+00	0.00000e+00
  1.22e-01	  5.21e-04	0.00000e+00
  1.22e-01	  1.04e-03	0.00000e+00
  1.22e-01	  1.56e-03	0.00000e+00
  1.22e-01	  2.08e-03	0.00000e+00
  1.22e-01	  2.60e-03	0.00000e+00
  1.22e-01	  3.12e-03	0.00000e+00
  1.22e-01	  3.65e-03	0.00000e+00
  1.22e-01	  4.17e-03	2.11750e-295
  1.22e-01	  4.69e-03	1.04479e-262
  1.22e-01	  5.21e-03	4.59345e-230
  1.22e-01	  5.73e-03	1.54352e-197
  1.22e-01	  6.25e-03	6.29431e-166
  1.22e-01	  6.77e-03	-5.70298e-132
  1.22e-01	  7.29e-03	-7.67528e-99
  1.22e-01	  7.81e-03	-7.56014e-66
  1.22e-01	  8.33e-03	-6.56956e-33
  1.22e-01	  8.85e-03	-4.61756e+00
  1.22e-01	  9.37e-03	-7.28191e+00
  1.22e-01	  9.90e-03	-8.43168e+00
  1.22e-01	  1.04e-02	-1.12245e+01
  1.22e-01	  1.09e-02	-1.35044e+01
  1.22e-01	  1.15e-02	-1.54239e+01
  1.22e-01	  1.20e-02	-1.70659e+01
  1.22e-01	  1.25e-02	-1.83410e+01
  1.22e-01	  1.30e-02	-1.90520e+01
  1.22e-01	  1.35e-02	-1.87707e+01
  1.22e-01	  1.41e-02	-1.63686e+01
  1.22e-01	  1.46e-02	-8.98186e+00
  1.22e-01	  1.51e-02	4.79222e+00
  1.22e-01	  1.56e-02	1.43112e+01
  1.22e-01	  1.61e-02	1.61592e+01
  1.22e-01	  1.67e-02	1.56703e+01
  1.22e-01	  1.72e-02	1.41697e+01
  1.22e-01	  1.77e-02	1.19405e+01
  1.22e-01	  1.82e-02	9.00590e+00
  1.22e-01	  1.88e-02	5.39815e+00
  1.22e-01	  1.93e-02	1.32098e+00
  1.22e-01	  1.98e-02	-2.89292e+00
  1.22e-01	  2.03e-02	-6.91515e+00
  1.22e-01	  2.08e-02	-1.04668e+01
  1.22e-01	  2.14e-02	-1.33932e+01
  1.22e-01	  2.19e-02	-1.56835e+01
  1.22e-01	  2.24e-02	-1.73536e+01
  1.22e-01	  2.29e-02	-1.82586e+01
  1.22e-01	  2.34e-02	-1.74505e+01
  1.22e-01	  2.40e-02	-7.66241e+00
  1.22e-01	  2.45e-02	1.26995e+01
  1.22e-01	  2.50e-02	1.84054e+01
  1.22e-01	  2.55e-02	1.81804e+01
  1.22e-01	  2.60e-02	1.69240e+01
  1.22e-01	  2.66e-02	1.50481e+01
  1.22e-01	  2.71e-02	1.25779e+01
  1.22e-01	  2.76e-02	9.46203e+00
  1.22e-01	  2.81e-02	5.72450e+00
  1.22e-01	  2.86e-02	1.56489e+00
  1.22e-01	  2.92e-02	-2.70713e+00
  1.22e-01	  2.97e-02	-6.76150e+00
  1.22e-01	  3.02e-02	-1.03000e+01
  1.22e-01	  3.07e-02	-1.31861e+01
  1.22e-01	  3.13e-02	-1.54565e+01
  1.22e-01	  3.18e-02	-1.71854e+01
  1.22e-01	  3.23e-02	-1.83593e+01
  1.22e-01	  3.28e-02	-1.86967e+01
  1.22e-01	  3.33e-02	-1.23948e+01
  1.22e-01	  3.39e-02	8.49792e+00
  1.22e-01	  3.44e-02	1.82170e+01
  1.22e-01	  3.49e-02	1.97298e+01
  1.22e-01	  3.54e-02	1.94376e+01
  1.22e-01	  3.59e-02	1.84557e+01
  1.22e-01	  3.65e-02	1.70514e+01
  1.22e-01	  3.70e-02	1.53404e+01
  1.22e-01	  3.75e-02	1.34304e+01
  1.22e-01	  3.80e-02	1.15252e+01
  1.22e-01	  3.85e-02	1.01740e+01
  1.22e-01	  3.91e-02	1.12203e+01
  1.22e-01	  3.96e-02	1.36074e+01
  1.22e-01	  4.01e-02	4.26911e-32
  1.22e-01	  4.06e-02	3.74237e-65
  1.22e-01	  4.11e-02	5.45289e-98
  1.22e-01	  4.17e-02	7.92342e-131
  1.22e-01	  4.22e-02	1.14746e-163
  1.22e-01	  4.27e-02	1.65496e-196
  1.22e-01	  4.32e-02	2.37517e-229
  1.22e-01	  4.37e-02	3.38866e-262
  1.22e-01	  4.43e-02	4.80057e-295
  1.22e-01	  4.48e-02	0.00000e+00
  1.22e-01	  4.53e-02	0.00000e+00
  1.22e-01	  4.58e-02	0.00000e+00
  1.22e-01	  4.64e-02	0.00000e+00
  1.22e-01	  4.69e-02	0.00000e+00
  1.22e-01	  4.74e-02	0.00000e+00
  1.22e-01	  4.79e-02	0.00000e+00
  1.22e-01	  4.84e-02	0.00000e+00
  1.22e-01	  4.90e-02	0.00000e+00
  1.22e-01	  4.95e-02	0.00000e+00

  1.23e-01	  0.00e+00	0.00000e+00
  1.23e-01	  5.21e-04	0.00000e+00
  1.23e-01	  1.04e-03	0.00000e+00
  1.23e-01	  1.56e-03	0.00000e+00
  1.23e-01	  2.08e-03	0.00000e+00
  1.23e-01	  2.60e-03	0.00000e+00
  1.23e-01	  3.12e-03	0.00000e+00
  1.23e-01	  3.65e-03	0.00000e+00
  1.23e-01	  4.17e-03	1.92285e-295
  1.23e-01	  4.69e-03	9.28009e-263
  1.23e-01	  5.21e-03	3.84820e-230
  1.23e-01	  5.73e-03	1.03601e-197
  1.23e-01	  6.25e-03	-3.02282e-165
  1.23e-01	  6.77e-03	-8.42977e-132
  1.23e-01	  7.29e-03	-9.74560e-99
  1.23e-01	  7.81e-03	-9.13293e-66
  1.23e-01	  8.33e-03	-7.75297e-33
  1.23e-01	  8.85e-03	-5.33143e+00
  1.23e-01	  9.37e-03	-7.54338e+00
  1.23e-01	  9.90e-03	-8.66074e+00
  1.23e-01	  1.04e-02	-1.14418e+01
  1.23e-01	  1.09e-02	-1.37181e+01
  1.23e-01	  1.15e-02	-1.56260e+01
  1.23e-01	  1.20e-02	-1.72346e+01
  1.23e-01	  1.25e-02	-1.84559e+01
  1.23e-01	  1.30e-02	-1.90765e+01
  1.23e-01	  1.35e-02	-1.86112e+01
  1.23e-01	  1.41e-02	-1.57814e+01
  1.23e-01	  1.46e-02	-7.59168e+00
  1.23e-01	  1.51e-02	6.33897e+00
  1.23e-01	  1.56e-02	1.47254e+01
  1.23e-01	  1.61e-02	1.59780e+01
  1.23e-01	  1.67e-02	1.52798e+01
  1.23e-01	  1.72e-02	1.37001e+01
  1.23e-01	  1.77e-02	1.14541e+01
  1.23e-01	  1.82e-02	8.54451e+00
  1.23e-01	  1.88e-02	5.00017e+00
  1.23e-01	  1.93e-02	1.02281e+00
  1.23e-01	  1.98e-02	-3.06627e+00
  1.23e-01	  2.03e-02	-6.95810e+00
  1.23e-01	  2.08e-02	-1.03966e+01
  1.23e-01	  2.14e-02	-1.32441e+01
  1.23e-01	  2.19e-02	-1.54931e+01
  1.23e-01	  2.24e-02	-1.71548e+01
  1.23e-01	  2.29e-02	-1.80756e+01
  1.23e-01	  2.34e-02	-1.72675e+01
  1.23e-01	  2.40e-02	-7.33383e+00
  1.23e-01	  2.45e-02	1.27629e+01
  1.23e-01	  2.50e-02	1.82884e+01
  1.23e-01	  2.55e-02	1.79709e+01
  1.23e-01	  2.60e-02	1.66768e+01
  1.23e-01	  2.66e-02	1.47957e+01
  1.23e-01	  2.71e-02	1.23502e+01
  1.23e-01	  2.76e-02	9.28983e+00
  1.23e-01	  2.81e-02	5.63591e+00
  1.23e-01	  2.86e-02	1.57731e+00
  1.23e-01	  2.92e-02	-2.59033e+00
  1.23e-01	  2.97e-02	-6.54955e+00
  1.23e-01	  3.02e-02	-1.00133e+01
  1.23e-01	  3.07e-02	-1.28523e+01
  1.23e-01	  3.13e-02	-1.51065e+01
  1.23e-01	  3.18e-02	-1.68547e+01
  1.23e-01	  3.23e-02	-1.80965e+01
  1.23e-01	  3.28e-02	-1.86091e+01
  1.23e-01	  3.33e-02	-1.29185e+01
  1.23e-01	  3.39e-02	7.63601e+00
  1.23e-01	  3.44e-02	1.79313e+01
  1.23e-01	  3.49e-02	1.96101e+01
  1.23e-01	  3.54e-02	1.93323e+01
  1.23e-01	  3.59e-02	1.83314e+01
  1.23e-01	  3.65e-02	1.69033e+01
  1.23e-01	  3.70e-02	1.51785e+01
  1.23e-01	  3.75e-02	1.32805e+01
  1.23e-01	  3.80e-02	1.14395e+01
  1.23e-01	  3.85e-02	1.02684e+01
  1.23e-01	  3.91e-02	1.15119e+01
  1.23e-01	  3.96e-02	1.43371e+01
  1.23e-01	  4.01e-02	4.25979e-32
  1.23e-01	  4.06e-02	3.96240e-65
  1.23e-01	  4.11e-02	5.76767e-98
  1.23e-01	  4.17e-02	8.36906e-131
  1.23e-01	  4.22e-02	1.20984e-163
  1.23e-01	  4.27e-02	1.74127e-196
  1.23e-01	  4.32e-02	2.49315e-229
  1.23e-01	  4.37e-02	3.54811e-262
  1.23e-01	  4.43e-02	5.01401e-295
  1.23e-01	  4.48e-02	0.00000e+00
  1.23e-01	  4.53e-02	0.00000e+00
  1.23e-01	  4.58e-02	0.00000e+00
  1.23e-01	  4.64e-02	0.00000e+00
  1.23e-01	  4.69e-02	0.00000e+00
  1.23e-01	  4.74e-02	0.00000e+00
  1.23e-01	  4.79e-02	0.00000e+00
  1.23e-01	  4.84e-02	0.00000e+00
  1.23e-01	  4.90e-02	0.00000e+00
  1.23e-01	  4.95e-02	0.00000e+00

  1.23e-01	  0.00e+00	0.00000e+00
  1.23e-01	  5.21e-04	0.00000e+00
  1.23e-01	  1.04e-03	0.00000e+00
  1.23e-01	  1.56e-03	0.00000e+00
  1.23e-01	  2.08e-03	0.00000e+00
  1.23e-01	  2.60e-03	0.00000e+00
  1.23e-01	  3.12e-03	0.00000e+00
  1.23e-01	  3.65e-03	0.00000e+00
  1.23e-01	  4.17e-03	1.65073e-295
  1.23e-01	  4.69e-03	7.74095e-263
  1.23e-01	  5.21e-03	2.94694e-230
  1.23e-01	  5.73e-03	4.80980e-198
  1.23e-01	  6.25e-03	-6.64854e-165
  1.23e-01	  6.77e-03	-1.09318e-131
  1.23e-01	  7.29e-03	-1.15420e-98
  1.23e-01	  7.81e-03	-1.04503e-65
  1.23e-01	  8.33e-03	-8.72536e-33
  1.23e-01	  8.85e-03	-5.90954e+00
  1.23e-01	  9.37e-03	-7.87961e+00
  1.23e-01	  9.90e-03	-8.96342e+00
  1.23e-01	  1.04e-02	-1.17330e+01
  1.23e-01	  1.09e-02	-1.40058e+01
  1.23e-01	  1.15e-02	-1.58958e+01
  1.23e-01	  1.20e-02	-1.74548e+01
  1.23e-01	  1.25e-02	-1.85984e+01
  1.23e-01	  1.30e-02	-1.90924e+01
  1.23e-01	  1.35e-02	-1.83797e+01
  1.23e-01	  1.41e-02	-1.50010e+01
  1.23e-01	  1.46e-02	-5.90642e+00
  1.23e-01	  1.51e-02	7.96557e+00
  1.23e-01	  1.56e-02	1.50744e+01
  1.23e-01	  1.61e-02	1.57717e+01
  1.23e-01	  1.67e-02	1.48814e+01
  1.23e-01	  1.72e-02	1.32291e+01
  1.23e-01	  1.77e-02	1.09671e+01
  1.23e-01	  1.82e-02	8.08008e+00
  1.23e-01	  1.88e-02	4.59488e+00
  1.23e-01	  1.93e-02	7.13177e-01
  1.23e-01	  1.98e-02	-3.25443e+00
  1.23e-01	  2.03e-02	-7.01862e+00
  1.23e-01	  2.08e-02	-1.03464e+01
  1.23e-01	  2.14e-02	-1.31164e+01
  1.23e-01	  2.19e-02	-1.53243e+01
  1.23e-01	  2.24e-02	-1.69762e+01
  1.23e-01	  2.29e-02	-1.79091e+01
  1.23e-01	  2.34e-02	-1.70806e+01
  1.23e-01	  2.40e-02	-6.98010e+00
  1.23e-01	  2.45e-02	1.28093e+01
  1.23e-01	  2.50e-02	1.81778e+01
  1.23e-01	  2.55e-02	1.77776e+01
  1.23e-01	  2.60e-02	1.64488e+01
  1.23e-01	  2.66e-02	1.45634e+01
  1.23e-01	  2.71e-02	1.21422e+01
  1.23e-01	  2.76e-02	9.13546e+00
  1.23e-01	  2.81e-02	5.56174e+00
  1.23e-01	  2.86e-02	1.59945e+00
  1.23e-01	  2.92e-02	-2.46935e+00
  1.23e-01	  2.97e-02	-6.33890e+00
  1.23e-01	  3.02e-02	-9.73203e+00
  1.23e-01	  3.07e-02	-1.25258e+01
  1.23e-01	  3.13e-02	-1.47635e+01
  1.23e-01	  3.18e-02	-1.65288e+01
  1.23e-01	  3.23e-02	-1.78346e+01
  1.23e-01	  3.28e-02	-1.85131e+01
  1.23e-01	  3.33e-02	-1.34534e+01
  1.23e-01	  3.39e-02	6.64551e+00
  1.23e-01	  3.44e-02	1.75912e+01
  1.23e-01	  3.49e-02	1.94994e+01
  1.23e-01	  3.54e-02	1.92558e+01
  1.23e-01	  3.59e-02	1.82461e+01
  1.23e-01	  3.65e-02	1.68023e+01
  1.23e-01	  3.70e-02	1.50702e+01
  1.23e-01	  3.75e-02	1.31870e+01
  1.23e-01	  3.80e-02	1.14051e+01
  1.23e-01	  3.85e-02	1.03916e+01
  1.23e-01	  3.91e-02	1.17995e+01
  1.23e-01	  3.96e-02	1.49687e+01
  1.23e-01	  4.01e-02	4.25631e-32
  1.23e-01	  4.06e-02	4.14714e-65
  1.23e-01	  4.11e-02	6.02669e-98
  1.23e-01	  4.17e-02	8.72770e-131
  1.23e-01	  4.22e-02	1.25885e-163
  1.23e-01	  4.27e-02	1.80735e-196
  1.23e-01	  4.32e-02	2.58118e-229
  1.23e-01	  4.37e-02	3.66430e-262
  1.23e-01	  4.43e-02	5.16693e-295
  1.23e-01	  4.48e-02	0.00000e+00
  1.23e-01	  4.53e-02	0.00000e+00
  1.23e-01	  4.58e-02	0.00000e+00
  1.23e-01	  4.64e-02	0.00000e+00
  1.23e-01	  4.69e-02	0.00000e+00
  1.23e-01	  4.74e-02	0.00000e+00
  1.23e-01	  4.79e-02	0.00000e+00
  1.23e-01	  4.84e-02	0.00000e+00
  1.23e-01	  4.90e-02	0.00000e+00
  1.23e-01	  4.95e-02	0.00000e+00

  1.24e-01	  0.00e+00	0.00000e+00
  1.24e-01	  5.21e-04	0.00000e+00
  1.24e-01	  1.04e-03	0.00000e+00
  1.24e-01	  1.56e-03	0.00000e+00
  1.24e-01	  2.08e-03	0.00000e+00
  1.24e-01	  2.60e-03	0.00000e+00
  1.24e-01	  3.12e-03	0.00000e+00
  1.24e-01	  3.65e-03	0.00000e+00
  1.24e-01	  4.17e-03	1.27492e-295
  1.24e-01	  4.69e-03	5.64101e-263
  1.24e-01	  5.21e-03	1.75841e-230
  1.24e-01	  5.73e-03	-2.09503e-198
  1.24e-01	  6.25e-03	-1.08206e-164
  1.24e-01	  6.77e-03	-1.35735e-131
  1.24e-01	  7.29e-03	-1.32918e-98
  1.24e-01	  7.81e-03	-1.16514e-65
  1.24e-01	  8.33e-03	-9.57037e-33
  1.24e-01	  8.85e-03	-6.39390e+00
  1.24e-01	  9.37e-03	-8.29291e+00
  1.24e-01	  9.90e-03	-9.33810e+00
  1.24e-01	  1.04e-02	-1.20924e+01
  1.24e-01	  1.09e-02	-1.43577e+01
  1.24e-01	  1.15e-02	-1.62108e+01
  1.24e-01	  1.20e-02	-1.77037e+01
  1.24e-01	  1.25e-02	-1.87443e+01
  1.24e-01	  1.30e-02	-1.90702e+01
  1.24e-01	  1.35e-02	-1.80334e+01
  1.24e-01	  1.41e-02	-1.39692e+01
  1.24e-01	  1.46e-02	-3.91667e+00
  1.24e-01	  1.51e-02	9.59767e+00
  1.24e-01	  1.56e-02	1.53355e+01
  1.24e-01	  1.61e-02	1.55367e+01
  1.24e-01	  1.67e-02	1.44741e+01
  1.24e-01	  1.72e-02	1.27561e+01
  1.24e-01	  1.77e-02	1.04793e+01
  1.24e-01	  1.82e-02	7.61249e+00
  1.24e-01	  1.88e-02	4.18288e+00
  1.24e-01	  1.93e-02	3.93607e-01
  1.24e-01	  1.98e-02	-3.45512e+00
  1.24e-01	  2.03e-02	-7.09416e+00
  1.24e-01	  2.08e-02	-1.03135e+01
  1.24e-01	  2.14e-02	-1.30077e+01
  1.24e-01	  2.19e-02	-1.51749e+01
  1.24e-01	  2.24e-02	-1.68159e+01
  1.24e-01	  2.29e-02	-1.77569e+01
  1.24e-01	  2.34e-02	-1.68844e+01
  1.24e-01	  2.40e-02	-6.60035e+00
  1.24e-01	  2.45e-02	1.28319e+01
  1.24e-01	  2.50e-02	1.80704e+01
  1.24e-01	  2.55e-02	1.75988e+01
  1.24e-01	  2.60e-02	1.62382e+01
  1.24e-01	  2.66e-02	1.43496e+01
  1.24e-01	  2.71e-02	1.19526e+01
  1.24e-01	  2.76e-02	8.99804e+00
  1.24e-01	  2.81e-02	5.50195e+00
  1.24e-01	  2.86e-02	1.63224e+00
  1.24e-01	  2.92e-02	-2.34242e+00
  1.24e-01	  2.97e-02	-6.12721e+00
  1.24e-01	  3.02e-02	-9.45358e+00
  1.24e-01	  3.07e-02	-1.22041e+01
  1.24e-01	  3.13e-02	-1.44254e+01
  1.24e-01	  3.18e-02	-1.62057e+01
  1.24e-01	  3.23e-02	-1.75712e+01
  1.24e-01	  3.28e-02	-1.84046e+01
  1.24e-01	  3.33e-02	-1.39883e+01
  1.24e-01	  3.39e-02	5.51134e+00
  1.24e-01	  3.44e-02	1.71698e+01
  1.24e-01	  3.49e-02	1.93867e+01
  1.24e-01	  3.54e-02	1.92034e+01
  1.24e-01	  3.59e-02	1.81995e+01
  1.24e-01	  3.65e-02	1.67511e+01
  1.24e-01	  3.70e-02	1.50204e+01
  1.24e-01	  3.75e-02	1.31559e+01
  1.24e-01	  3.80e-02	1.14275e+01
  1.24e-01	  3.85e-02	1.05487e+01
  1.24e-01	  3.91e-02	1.20858e+01
  1.24e-01	  3.96e-02	1.54989e+01
  1.24e-01	  4.01e-02	4.25788e-32
  1.24e-01	  4.06e-02	4.29548e-65
  1.24e-01	  4.11e-02	6.22942e-98
  1.24e-01	  4.17e-02	9.00076e-131
  1.24e-01	  4.22e-02	1.29511e-163
  1.24e-01	  4.27e-02	1.85487e-196
  1.24e-01	  4.32e-02	2.64295e-229
  1.24e-01	  4.37e-02	3.74469e-262
  1.24e-01	  4.43e-02	5.27353e-295
  1.24e-01	  4.48e-02	0.00000e+00
  1.24e-01	  4.53e-02	0.00000e+00
  1.24e-01	  4.58e-02	0.00000e+00
  1.24e-01	  4.64e-02	0.00000e+00
  1.24e-01	  4.69e-02	0.00000e+00
  1.24e-01	  4.74e-02	0.00000e+00
  1.24e-01	  4.79e-02	0.00000e+00
  1.24e-01	  4.84e-02	0.00000e+00
  1.24e-01	  4.90e-02	0.00000e+00
  1.24e-01	  4.95e-02	0.00000e+00

  1.25e-01	  0.00e+00	0.00000e+00
  1.25e-01	  5.21e-04	0.00000e+00
  1.25e-01	  1.04e-03	0.00000e+00
  1.25e-01	  1.56e-03	0.00000e+00
  1.25e-01	  2.08e-03	0.00000e+00
  1.25e-01	  2.60e-03	0.00000e+00
  1.25e-01	  3.12e-03	0.00000e+00
  1.25e-01	  3.65e-03	0.00000e+00
  1.25e-01	  4.17e-03	7.82889e-296
  1.25e-01	  4.69e-03	2.86191e-263
  1.25e-01	  5.21e-03	1.83992e-231
  1.25e-01	  5.73e-03	-1.11130e-197
  1.25e-01	  6.25e-03	-1.60876e-164
  1.25e-01	  6.77e-03	-1.67317e-131
  1.25e-01	  7.29e-03	-1.52426e-98
  1.25e-01	  7.81e-03	-1.28933e-65
  1.25e-01	  8.33e-03	-1.03849e-32
  1.25e-01	  8.85e-03	-6.83045e+00
  1.25e-01	  9.37e-03	-8.78426e+00
  1.25e-01	  9.90e-03	-9.77562e+00
  1.25e-01	  1.04e-02	-1.25086e+01
  1.25e-01	  1.09e-02	-1.47437e+01
  1.25e-01	  1.15e-02	-1.65565e+01
  1.25e-01	  1.20e-02	-1.79627e+01
  1.25e-01	  1.25e-02	-1.88693e+01
  1.25e-01	  1.30e-02	-1.89776e+01
  1.25e-01	  1.35e-02	-1.75256e+01
  1.25e-01	  1.41e-02	-1.26336e+01
  1.25e-01	  1.46e-02	-1.65208e+00
  1.25e-01	  1.51e-02	1.11459e+01
  1.25e-01	  1.56e-02	1.54955e+01
  1.25e-01	  1.61e-02	1.52723e+01
  1.25e-01	  1.67e-02	1.40584e+01
  1.25e-01	  1.72e-02	1.22818e+01
  1.25e-01	  1.77e-02	9.99113e+00
  1.25e-01	  1.82e-02	7.14247e+00
  1.25e-01	  1.88e-02	3.76551e+00
  1.25e-01	  1.93e-02	6.61743e-02
  1.25e-01	  1.98e-02	-3.66595e+00
  1.25e-01	  2.03e-02	-7.18240e+00
  1.25e-01	  2.08e-02	-1.02960e+01
  1.25e-01	  2.14e-02	-1.29164e+01
  1.25e-01	  2.19e-02	-1.50435e+01
  1.25e-01	  2.24e-02	-1.66724e+01
  1.25e-01	  2.29e-02	-1.76168e+01
  1.25e-01	  2.34e-02	-1.66724e+01
  1.25e-01	  2.40e-02	-6.19478e+00
  1.25e-01	  2.45e-02	1.28240e+01
  1.25e-01	  2.50e-02	1.79630e+01
  1.25e-01	  2.55e-02	1.74331e+01
  1.25e-01	  2.60e-02	1.60436e+01
  1.25e-01	  2.66e-02	1.41531e+01
  1.25e-01	  2.71e-02	1.17803e+01
  1.25e-01	  2.76e-02	8.87709e+00
  1.25e-01	  2.81e-02	5.45672e+00
  1.25e-01	  2.86e-02	1.67661e+00
  1.25e-01	  2.92e-02	-2.20796e+00
  1.25e-01	  2.97e-02	-5.91254e+00
  1.25e-01	  3.02e-02	-9.17605e+00
  1.25e-01	  3.07e-02	-1.18857e+01
  1.25e-01	  3.13e-02	-1.40907e+01
  1.25e-01	  3.18e-02	-1.58841e+01
  1.25e-01	  3.23e-02	-1.73049e+01
  1.25e-01	  3.28e-02	-1.82804e+01
  1.25e-01	  3.33e-02	-1.45081e+01
  1.25e-01	  3.39e-02	4.22665e+00
  1.25e-01	  3.44e-02	1.66360e+01
  1.25e-01	  3.49e-02	1.92568e+01
  1.25e-01	  3.54e-02	1.91681e+01
  1.25e-01	  3.59e-02	1.81885e+01
  1.25e-01	  3.65e-02	1.67500e+01
  1.25e-01	  3.70e-02	1.50315e+01
  1.25e-01	  3.75e-02	1.31904e+01
  1.25e-01	  3.80e-02	1.15104e+01
  1.25e-01	  3.85e-02	1.07442e+01
  1.25e-01	  3.91e-02	1.23738e+01
  1.25e-01	  3.96e-02	1.59271e+01
  1.25e-01	  4.01e-02	4.26401e-32
  1.25e-01	  4.06e-02	4.40817e-65
  1.25e-01	  4.11e-02	6.37854e-98
  1.25e-01	  4.17e-02	9.19495e-131
  1.25e-01	  4.22e-02	1.32006e-163
  1.25e-01	  4.27e-02	1.88673e-196
  1.25e-01	  4.32e-02	2.68395e-229
  1.25e-01	  4.37e-02	3.79930e-262
  1.25e-01	  4.43e-02	5.35140e-295
  1.25e-01	  4.48e-02	0.00000e+00
  1.25e-01	  4.53e-02	0.00000e+00
  1.25e-01	  4.58e-02	0.00000e+00
  1.25e-01	  4.64e-02	0.00000e+00
  1.25e-01	  4.69e-02	0.00000e+00
  1.25e-01	  4.74e-02	0.00000e+00
  1.25e-01	  4.79e-02	0.00000e+00
  1.25e-01	  4.84e-02	0.00000e+00
  1.25e-01	  4.90e-02	0.00000e+00
  1.25e-01	  4.95e-02	0.00000e+00

  1.26e-01	  0.00e+00	0.00000e+00
  1.26e-01	  5.21e-04	0.00000e+00
  1.26e-01	  1.04e-03	0.00000e+00
  1.26e-01	  1.56e-03	0.00000e+00
  1.26e-01	  2.08e-03	0.00000e+00
  1.26e-01	  2.60e-03	0.00000e+00
  1.26e-01	  3.12e-03	0.00000e+00
  1.26e-01	  3.65e-03	0.00000e+00
  1.26e-01	  4.17e-03	1.75183e-296
  1.26e-01	  4.69e-03	-6.43243e-264
  1.26e-01	  5.21e-03	-1.83637e-230
  1.26e-01	  5.73e-03	-2.27983e-197
  1.26e-01	  6.25e-03	-2.28945e-164
  1.26e-01	  6.77e-03	-2.07362e-131
  1.26e-01	  7.29e-03	-1.76269e-98
  1.26e-01	  7.81e-03	-1.43346e-65
  1.26e-01	  8.33e-03	-1.12745e-32
  1.26e-01	  8.85e-03	-7.27063e+00
  1.26e-01	  9.37e-03	-9.35125e+00
  1.26e-01	  9.90e-03	-1.02654e+01
  1.26e-01	  1.04e-02	-1.29552e+01
  1.26e-01	  1.09e-02	-1.51575e+01
  1.26e-01	  1.15e-02	-1.69085e+01
  1.26e-01	  1.20e-02	-1.82051e+01
  1.26e-01	  1.25e-02	-1.89447e+01
  1.26e-01	  1.30e-02	-1.87794e+01
  1.26e-01	  1.35e-02	-1.68082e+01
  1.26e-01	  1.41e-02	-1.09597e+01
  1.26e-01	  1.46e-02	8.10086e-01
  1.26e-01	  1.51e-02	1.25223e+01
  1.26e-01	  1.56e-02	1.55532e+01
  1.26e-01	  1.61e-02	1.49806e+01
  1.26e-01	  1.67e-02	1.36365e+01
  1.26e-01	  1.72e-02	1.18078e+01
  1.26e-01	  1.77e-02	9.50405e+00
  1.26e-01	  1.82e-02	6.67153e+00
  1.26e-01	  1.88e-02	3.34473e+00
  1.26e-01	  1.93e-02	-2.66742e-01
  1.26e-01	  1.98e-02	-3.88459e+00
  1.26e-01	  2.03e-02	-7.28153e+00
  1.26e-01	  2.08e-02	-1.02926e+01
  1.26e-01	  2.14e-02	-1.28416e+01
  1.26e-01	  2.19e-02	-1.49293e+01
  1.26e-01	  2.24e-02	-1.65445e+01
  1.26e-01	  2.29e-02	-1.74862e+01
  1.26e-01	  2.34e-02	-1.64376e+01
  1.26e-01	  2.40e-02	-5.76472e+00
  1.26e-01	  2.45e-02	1.27792e+01
  1.26e-01	  2.50e-02	1.78519e+01
  1.26e-01	  2.55e-02	1.72793e+01
  1.26e-01	  2.60e-02	1.58642e+01
  1.26e-01	  2.66e-02	1.39731e+01
  1.26e-01	  2.71e-02	1.16248e+01
  1.26e-01	  2.76e-02	8.77242e+00
  1.26e-01	  2.81e-02	5.42641e+00
  1.26e-01	  2.86e-02	1.73342e+00
  1.26e-01	  2.92e-02	-2.06474e+00
  1.26e-01	  2.97e-02	-5.69354e+00
  1.26e-01	  3.02e-02	-8.89825e+00
  1.26e-01	  3.07e-02	-1.15696e+01
  1.26e-01	  3.13e-02	-1.37591e+01
  1.26e-01	  3.18e-02	-1.55640e+01
  1.26e-01	  3.23e-02	-1.70351e+01
  1.26e-01	  3.28e-02	-1.81380e+01
  1.26e-01	  3.33e-02	-1.49946e+01
  1.26e-01	  3.39e-02	2.79777e+00
  1.26e-01	  3.44e-02	1.59564e+01
  1.26e-01	  3.49e-02	1.90892e+01
  1.26e-01	  3.54e-02	1.91396e+01
  1.26e-01	  3.59e-02	1.82078e+01
  1.26e-01	  3.65e-02	1.67962e+01
  1.26e-01	  3.70e-02	1.51022e+01
  1.26e-01	  3.75e-02	1.32905e+01
  1.26e-01	  3.80e-02	1.16551e+01
  1.26e-01	  3.85e-02	1.09817e+01
  1.26e-01	  3.91e-02	1.26667e+01
  1.26e-01	  3.96e-02	1.62564e+01
  1.26e-01	  4.01e-02	4.27421e-32
  1.26e-01	  4.06e-02	4.48792e-65
  1.26e-01	  4.11e-02	6.47996e-98
  1.26e-01	  4.17e-02	9.32213e-131
  1.26e-01	  4.22e-02	1.33595e-163
  1.26e-01	  4.27e-02	1.90700e-196
  1.26e-01	  4.32e-02	2.71138e-229
  1.26e-01	  4.37e-02	3.84040e-262
  1.26e-01	  4.43e-02	5.42098e-295
  1.26e-01	  4.48e-02	0.00000e+00
  1.26e-01	  4.53e-02	0.00000e+00
  1.26e-01	  4.58e-02	0.00000e+00
  1.26e-01	  4.64e-02	0.00000e+00
  1.26e-01	  4.69e-02	0.00000e+00
  1.26e-01	  4.74e-02	0.00000e+00
  1.26e-01	  4.79e-02	0.00000e+00
  1.26e-01	  4.84e-02	0.00000e+00
  1.26e-01	  4.90e-02	0.00000e+00
  1.26e-01	  4.95e-02	0.00000e+00

  1.27e-01	  0.00e+00	0.00000e+00
  1.27e-01	  5.21e-04	0.00000e+00
  1.27e-01	  1.04e-03	0.00000e+00
  1.27e-01	  1.56e-03	0.00000e+00
  1.27e-01	  2.08e-03	0.00000e+00
  1.27e-01	  2.60e-03	0.00000e+00
  1.27e-01	  3.12e-03	0.00000e+00
  1.27e-01	  3.65e-03	0.00000e+00
  1.27e-01	  4.17e-03	-5.47866e-296
  1.27e-01	  4.69e-03	-4.91664e-263
  1.27e-01	  5.21e-03	-4.35432e-230
  1.27e-01	  5.73e-03	-3.76018e-197
  1.27e-01	  6.25e-03	-3.15839e-164
  1.27e-01	  6.77e-03	-2.58326e-131
  1.27e-01	  7.29e-03	-2.06190e-98
  1.27e-01	  7.81e-03	-1.60998e-65
  1.27e-01	  8.33e-03	-1.23273e-32
  1.27e-01	  8.85e-03	-7.75911e+00
  1.27e-01	  9.37e-03	-9.99111e+00
  1.27e-01	  9.90e-03	-1.08126e+01
  1.27e-01	  1.04e-02	-1.34296e+01
  1.27e-01	  1.09e-02	-1.55745e+01
  1.27e-01	  1.15e-02	-1.72400e+01
  1.27e-01	  1.20e-02	-1.84042e+01
  1.27e-01	  1.25e-02	-1.89424e+01
  1.27e-01	  1.30e-02	-1.84409e+01
  1.27e-01	  1.35e-02	-1.58389e+01
  1.27e-01	  1.41e-02	-8.94631e+00
  1.27e-01	  1.46e-02	3.34836e+00
  1.27e-01	  1.51e-02	1.36599e+01
  1.27e-01	  1.56e-02	1.55186e+01
  1.27e-01	  1.61e-02	1.46666e+01
  1.27e-01	  1.67e-02	1.32119e+01
  1.27e-01	  1.72e-02	1.13370e+01
  1.27e-01	  1.77e-02	9.02028e+00
  1.27e-01	  1.82e-02	6.20179e+00
  1.27e-01	  1.88e-02	2.92291e+00
  1.27e-01	  1.93e-02	-6.02751e-01
  1.27e-01	  1.98e-02	-4.10919e+00
  1.27e-01	  2.03e-02	-7.39046e+00
  1.27e-01	  2.08e-02	-1.03030e+01
  1.27e-01	  2.14e-02	-1.27833e+01
  1.27e-01	  2.19e-02	-1.48322e+01
  1.27e-01	  2.24e-02	-1.64317e+01
  1.27e-01	  2.29e-02	-1.73626e+01
  1.27e-01	  2.34e-02	-1.61723e+01
  1.27e-01	  2.40e-02	-5.31263e+00
  1.27e-01	  2.45e-02	1.26921e+01
  1.27e-01	  2.50e-02	1.77334e+01
  1.27e-01	  2.55e-02	1.71362e+01
  1.27e-01	  2.60e-02	1.56993e+01
  1.27e-01	  2.66e-02	1.38091e+01
  1.27e-01	  2.71e-02	1.14859e+01
  1.27e-01	  2.76e-02	8.68417e+00
  1.27e-01	  2.81e-02	5.41141e+00
  1.27e-01	  2.86e-02	1.80333e+00
  1.27e-01	  2.92e-02	-1.91195e+00
  1.27e-01	  2.97e-02	-5.46948e+00
  1.27e-01	  3.02e-02	-8.61986e+00
  1.27e-01	  3.07e-02	-1.12562e+01
  1.27e-01	  3.13e-02	-1.34315e+01
  1.27e-01	  3.18e-02	-1.52466e+01
  1.27e-01	  3.23e-02	-1.67628e+01
  1.27e-01	  3.28e-02	-1.79767e+01
  1.27e-01	  3.33e-02	-1.54283e+01
  1.27e-01	  3.39e-02	1.24844e+00
  1.27e-01	  3.44e-02	1.50996e+01
  1.27e-01	  3.49e-02	1.88591e+01
  1.27e-01	  3.54e-02	1.91042e+01
  1.27e-01	  3.59e-02	1.82486e+01
  1.27e-01	  3.65e-02	1.68835e+01
  1.27e-01	  3.70e-02	1.52279e+01
  1.27e-01	  3.75e-02	1.34524e+01
  1.27e-01	  3.80e-02	1.18598e+01
  1.27e-01	  3.85e-02	1.12630e+01
  1.27e-01	  3.91e-02	1.29681e+01
  1.27e-01	  3.96e-02	1.64942e+01
  1.27e-01	  4.01e-02	4.28792e-32
  1.27e-01	  4.06e-02	4.53940e-65
  1.27e-01	  4.11e-02	6.54262e-98
  1.27e-01	  4.17e-02	9.39857e-131
  1.27e-01	  4.22e-02	1.34566e-163
  1.27e-01	  4.27e-02	1.92059e-196
  1.27e-01	  4.32e-02	2.73337e-229
  1.27e-01	  4.37e-02	3.88120e-262
  1.27e-01	  4.43e-02	5.50313e-295
  1.27e-01	  4.48e-02	0.00000e+00
  1.27e-01	  4.53e-02	0.00000e+00
  1.27e-01	  4.58e-02	0.00000e+00
  1.27e-01	  4.64e-02	0.00000e+00
  1.27e-01	  4.69e-02	0.00000e+00
  1.27e-01	  4.74e-02	0.00000e+00
  1.27e-01	  4.79e-02	0.00000e+00
  1.27e-01	  4.84e-02	0.00000e+00
  1.27e-01	  4.90e-02	0.00000e+00
  1.27e-01	  4.95e-02	0.00000e+00

  1.27e-01	  0.00e+00	0.00000e+00
  1.27e-01	  5.21e-04	0.00000e+00
  1.27e-01	  1.04e-03	0.00000e+00
  1.27e-01	  1.56e-03	0.00000e+00
  1.27e-01	  2.08e-03	0.00000e+00
  1.27e-01	  2.60e-03	0.00000e+00
  1.27e-01	  3.12e-03	0.00000e+00
  1.27e-01	  3.65e-03	0.00000e+00
  1.27e-01	  4.17e-03	-1.42831e-295
  1.27e-01	  4.69e-03	-1.01959e-262
  1.27e-01	  5.21e-03	-7.50169e-230
  1.27e-01	  5.73e-03	-5.62496e-197
  1.27e-01	  6.25e-03	-4.25620e-164
  1.27e-01	  6.77e-03	-3.22578e-131
  1.27e-01	  7.29e-03	-2.43647e-98
  1.27e-01	  7.81e-03	-1.82828e-65
  1.27e-01	  8.33e-03	-1.36060e-32
  1.27e-01	  8.85e-03	-8.32605e+00
  1.27e-01	  9.37e-03	-1.07038e+01
  1.27e-01	  9.90e-03	-1.14123e+01
  1.27e-01	  1.04e-02	-1.38987e+01
  1.27e-01	  1.09e-02	-1.59740e+01
  1.27e-01	  1.15e-02	-1.75331e+01
  1.27e-01	  1.20e-02	-1.85396e+01
  1.27e-01	  1.25e-02	-1.88386e+01
  1.27e-01	  1.30e-02	-1.79324e+01
  1.27e-01	  1.35e-02	-1.45904e+01
  1.27e-01	  1.41e-02	-6.63887e+00
  1.27e-01	  1.46e-02	5.81625e+00
  1.27e-01	  1.51e-02	1.45267e+01
  1.27e-01	  1.56e-02	1.54100e+01
  1.27e-01	  1.61e-02	1.43381e+01
  1.27e-01	  1.67e-02	1.27899e+01
  1.27e-01	  1.72e-02	1.08731e+01
  1.27e-01	  1.77e-02	8.54276e+00
  1.27e-01	  1.82e-02	5.73588e+00
  1.27e-01	  1.88e-02	2.50258e+00
  1.27e-01	  1.93e-02	-9.39781e-01
  1.27e-01	  1.98e-02	-4.33858e+00
  1.27e-01	  2.03e-02	-7.50903e+00
  1.27e-01	  2.08e-02	-1.03276e+01
  1.27e-01	  2.14e-02	-1.27421e+01
  1.27e-01	  2.19e-02	-1.47528e+01
  1.27e-01	  2.24e-02	-1.63334e+01
  1.27e-01	  2.29e-02	-1.72424e+01
  1.27e-01	  2.34e-02	-1.58683e+01
  1.27e-01	  2.40e-02	-4.84201e+00
  1.27e-01	  2.45e-02	1.25578e+01
  1.27e-01	  2.50e-02	1.76034e+01
  1.27e-01	  2.55e-02	1.70027e+01
  1.27e-01	  2.60e-02	1.55486e+01
  1.27e-01	  2.66e-02	1.36613e+01
  1.27e-01	  2.71e-02	1.13639e+01
  1.27e-01	  2.76e-02	8.61270e+00
  1.27e-01	  2.81e-02	5.41217e+00
  1.27e-01	  2.86e-02	1.88676e+00
  1.27e-01	  2.92e-02	-1.74931e+00
  1.27e-01	  2.97e-02	-5.24045e+00
  1.27e-01	  3.02e-02	-8.34156e+00
  1.27e-01	  3.07e-02	-1.09470e+01
  1.27e-01	  3.13e-02	-1.31101e+01
  1.27e-01	  3.18e-02	-1.49346e+01
  1.27e-01	  3.23e-02	-1.64909e+01
  1.27e-01	  3.28e-02	-1.77981e+01
  1.27e-01	  3.33e-02	-1.57911e+01
  1.27e-01	  3.39e-02	-3.78203e-01
  1.27e-01	  3.44e-02	1.40427e+01
  1.27e-01	  3.49e-02	1.85375e+01
  1.27e-01	  3.54e-02	1.90453e+01
  1.27e-01	  3.59e-02	1.82996e+01
  1.27e-01	  3.65e-02	1.70026e+01
  1.27e-01	  3.70e-02	1.54000e+01
  1.27e-01	  3.75e-02	1.36690e+01
  1.27e-01	  3.80e-02	1.21194e+01
  1.27e-01	  3.85e-02	1.15880e+01
  1.27e-01	  3.91e-02	1.32815e+01
  1.27e-01	  3.96e-02	1.66525e+01
  1.27e-01	  4.01e-02	4.30440e-32
  1.27e-01	  4.06e-02	4.56906e-65
  1.27e-01	  4.11e-02	6.57793e-98
  1.27e-01	  4.17e-02	9.44394e-131
  1.27e-01	  4.22e-02	1.35248e-163
  1.27e-01	  4.27e-02	1.93290e-196
  1.27e-01	  4.32e-02	2.75856e-229
  1.27e-01	  4.37e-02	3.93514e-262
  1.27e-01	  4.43e-02	5.61817e-295
  1.27e-01	  4.48e-02	0.00000e+00
  1.27e-01	  4.53e-02	0.00000e+00
  1.27e-01	  4.58e-02	0.00000e+00
  1.27e-01	  4.64e-02	0.00000e+00
  1.27e-01	  4.69e-02	0.00000e+00
  1.27e-01	  4.74e-02	0.00000e+00
  1.27e-01	  4.79e-02	0.00000e+00
  1.27e-01	  4.84e-02	0.00000e+00
  1.27e-01	  4.90e-02	0.00000e+00
  1.27e-01	  4.95e-02	0.00000e+00

  1.28e-01	  0.00e+00	0.00000e+00
  1.28e-01	  5.21e-04	0.00000e+00
  1.28e-01	  1.04e-03	0.00000e+00
  1.28e-01	  1.56e-03	0.00000e+00
  1.28e-01	  2.08e-03	0.00000e+00
  1.28e-01	  2.60e-03	0.00000e+00
  1.28e-01	  3.12e-03	0.00000e+00
  1.28e-01	  3.65e-03	0.00000e+00
  1.28e-01	  4.17e-03	-2.47496e-295
  1.28e-01	  4.69e-03	-1.65189e-262
  1.28e-01	  5.21e-03	-1.12940e-229
  1.28e-01	  5.73e-03	-7.88408e-197
  1.28e-01	  6.25e-03	-5.59366e-164
  1.28e-01	  6.77e-03	-4.01335e-131
  1.28e-01	  7.29e-03	-2.89831e-98
  1.28e-01	  7.81e-03	-2.09849e-65
  1.28e-01	  8.33e-03	-1.51877e-32
  1.28e-01	  8.85e-03	-9.00939e+00
  1.28e-01	  9.37e-03	-1.14734e+01
  1.28e-01	  9.90e-03	-1.20498e+01
  1.28e-01	  1.04e-02	-1.43441e+01
  1.28e-01	  1.09e-02	-1.63282e+01
  1.28e-01	  1.15e-02	-1.77650e+01
  1.28e-01	  1.20e-02	-1.85922e+01
  1.28e-01	  1.25e-02	-1.86138e+01
  1.28e-01	  1.30e-02	-1.72324e+01
  1.28e-01	  1.35e-02	-1.30604e+01
  1.28e-01	  1.41e-02	-4.13530e+00
  1.28e-01	  1.46e-02	8.07341e+00
  1.28e-01	  1.51e-02	1.51290e+01
  1.28e-01	  1.56e-02	1.52496e+01
  1.28e-01	  1.61e-02	1.40048e+01
  1.28e-01	  1.67e-02	1.23768e+01
  1.28e-01	  1.72e-02	1.04208e+01
  1.28e-01	  1.77e-02	8.07510e+00
  1.28e-01	  1.82e-02	5.27674e+00
  1.28e-01	  1.88e-02	2.08613e+00
  1.28e-01	  1.93e-02	-1.27640e+00
  1.28e-01	  1.98e-02	-4.57259e+00
  1.28e-01	  2.03e-02	-7.63814e+00
  1.28e-01	  2.08e-02	-1.03679e+01
  1.28e-01	  2.14e-02	-1.27197e+01
  1.28e-01	  2.19e-02	-1.46922e+01
  1.28e-01	  2.24e-02	-1.62495e+01
  1.28e-01	  2.29e-02	-1.71213e+01
  1.28e-01	  2.34e-02	-1.55163e+01
  1.28e-01	  2.40e-02	-4.35729e+00
  1.28e-01	  2.45e-02	1.23729e+01
  1.28e-01	  2.50e-02	1.74577e+01
  1.28e-01	  2.55e-02	1.68780e+01
  1.28e-01	  2.60e-02	1.54121e+01
  1.28e-01	  2.66e-02	1.35301e+01
  1.28e-01	  2.71e-02	1.12595e+01
  1.28e-01	  2.76e-02	8.55864e+00
  1.28e-01	  2.81e-02	5.42911e+00
  1.28e-01	  2.86e-02	1.98377e+00
  1.28e-01	  2.92e-02	-1.57721e+00
  1.28e-01	  2.97e-02	-5.00739e+00
  1.28e-01	  3.02e-02	-8.06514e+00
  1.28e-01	  3.07e-02	-1.06446e+01
  1.28e-01	  3.13e-02	-1.27987e+01
  1.28e-01	  3.18e-02	-1.46326e+01
  1.28e-01	  3.23e-02	-1.62238e+01
  1.28e-01	  3.28e-02	-1.76063e+01
  1.28e-01	  3.33e-02	-1.60695e+01
  1.28e-01	  3.39e-02	-2.02137e+00
  1.28e-01	  3.44e-02	1.27780e+01
  1.28e-01	  3.49e-02	1.80943e+01
  1.28e-01	  3.54e-02	1.89434e+01
  1.28e-01	  3.59e-02	1.83468e+01
  1.28e-01	  3.65e-02	1.71415e+01
  1.28e-01	  3.70e-02	1.56076e+01
  1.28e-01	  3.75e-02	1.39302e+01
  1.28e-01	  3.80e-02	1.24268e+01
  1.28e-01	  3.85e-02	1.19546e+01
  1.28e-01	  3.91e-02	1.36099e+01
  1.28e-01	  3.96e-02	1.67478e+01
  1.28e-01	  4.01e-02	4.32267e-32
  1.28e-01	  4.06e-02	4.58467e-65
  1.28e-01	  4.11e-02	6.59896e-98
  1.28e-01	  4.17e-02	9.47970e-131
  1.28e-01	  4.22e-02	1.35985e-163
  1.28e-01	  4.27e-02	1.94935e-196
  1.28e-01	  4.32e-02	2.79525e-229
  1.28e-01	  4.37e-02	4.01454e-262
  1.28e-01	  4.43e-02	5.78372e-295
  1.28e-01	  4.48e-02	0.00000e+00
  1.28e-01	  4.53e-02	0.00000e+00
  1.28e-01	  4.58e-02	0.00000e+00
  1.28e-01	  4.64e-02	0.00000e+00
  1.28e-01	  4.69e-02	0.00000e+00
  1.28e-01	  4.74e-02	0.00000e+00
  1.28e-01	  4.79e-02	0.00000e+00
  1.28e-01	  4.84e-02	0.00000e+00
  1.28e-01	  4.90e-02	0.00000e+00
  1.28e-01	  4.95e-02	0.00000e+00

  1.29e-01	  0.00e+00	0.00000e+00
  1.29e-01	  5.21e-04	0.00000e+00
  1.29e-01	  1.04e-03	0.00000e+00
  1.29e-01	  1.56e-03	0.00000e+00
  1.29e-01	  2.08e-03	0.00000e+00
  1.29e-01	  2.60e-03	0.00000e+00
  1.29e-01	  3.12e-03	0.00000e+00
  1.29e-01	  3.65e-03	0.00000e+00
  1.29e-01	  4.17e-03	-3.64379e-295
  1.29e-01	  4.69e-03	-2.36831e-262
  1.29e-01	  5.21e-03	-1.56480e-229
  1.29e-01	  5.73e-03	-1.05089e-196
  1.29e-01	  6.25e-03	-7.16428e-164
  1.29e-01	  6.77e-03	-4.94694e-131
  1.29e-01	  7.29e-03	-3.45031e-98
  1.29e-01	  7.81e-03	-2.42376e-65
  1.29e-01	  8.33e-03	-1.71031e-32
  1.29e-01	  8.85e-03	-9.82840e+00
  1.29e-01	  9.37e-03	-1.23001e+01
  1.29e-01	  9.90e-03	-1.26708e+01
  1.29e-01	  1.04e-02	-1.47724e+01
  1.29e-01	  1.09e-02	-1.66315e+01
  1.29e-01	  1.15e-02	-1.79251e+01
  1.29e-01	  1.20e-02	-1.85500e+01
  1.29e-01	  1.25e-02	-1.82562e+01
  1.29e-01	  1.30e-02	-1.63335e+01
  1.29e-01	  1.35e-02	-1.12809e+01
  1.29e-01	  1.41e-02	-1.57638e+00
  1.29e-01	  1.46e-02	1.00170e+01
  1.29e-01	  1.51e-02	1.55041e+01
  1.29e-01	  1.56e-02	1.50611e+01
  1.29e-01	  1.61e-02	1.36786e+01
  1.29e-01	  1.67e-02	1.19806e+01
  1.29e-01	  1.72e-02	9.98579e+00
  1.29e-01	  1.77e-02	7.62151e+00
  1.29e-01	  1.82e-02	4.82749e+00
  1.29e-01	  1.88e-02	1.67556e+00
  1.29e-01	  1.93e-02	-1.61203e+00
  1.29e-01	  1.98e-02	-4.81209e+00
  1.29e-01	  2.03e-02	-7.77971e+00
  1.29e-01	  2.08e-02	-1.04264e+01
  1.29e-01	  2.14e-02	-1.27183e+01
  1.29e-01	  2.19e-02	-1.46518e+01
  1.29e-01	  2.24e-02	-1.61796e+01
  1.29e-01	  2.29e-02	-1.69934e+01
  1.29e-01	  2.34e-02	-1.51070e+01
  1.29e-01	  2.40e-02	-3.86376e+00
  1.29e-01	  2.45e-02	1.21347e+01
  1.29e-01	  2.50e-02	1.72912e+01
  1.29e-01	  2.55e-02	1.67610e+01
  1.29e-01	  2.60e-02	1.52904e+01
  1.29e-01	  2.66e-02	1.34165e+01
  1.29e-01	  2.71e-02	1.11736e+01
  1.29e-01	  2.76e-02	8.52277e+00
  1.29e-01	  2.81e-02	5.46255e+00
  1.29e-01	  2.86e-02	2.09404e+00
  1.29e-01	  2.92e-02	-1.39671e+00
  1.29e-01	  2.97e-02	-4.77229e+00
  1.29e-01	  3.02e-02	-7.79361e+00
  1.29e-01	  3.07e-02	-1.03533e+01
  1.29e-01	  3.13e-02	-1.25024e+01
  1.29e-01	  3.18e-02	-1.43466e+01
  1.29e-01	  3.23e-02	-1.59680e+01
  1.29e-01	  3.28e-02	-1.74076e+01
  1.29e-01	  3.33e-02	-1.62567e+01
  1.29e-01	  3.39e-02	-3.60876e+00
  1.29e-01	  3.44e-02	1.13205e+01
  1.29e-01	  3.49e-02	1.75013e+01
  1.29e-01	  3.54e-02	1.87771e+01
  1.29e-01	  3.59e-02	1.83746e+01
  1.29e-01	  3.65e-02	1.72867e+01
  1.29e-01	  3.70e-02	1.58376e+01
  1.29e-01	  3.75e-02	1.42242e+01
  1.29e-01	  3.80e-02	1.27725e+01
  1.29e-01	  3.85e-02	1.23594e+01
  1.29e-01	  3.91e-02	1.39552e+01
  1.29e-01	  3.96e-02	1.67997e+01
  1.29e-01	  4.01e-02	4.34164e-32
  1.29e-01	  4.06e-02	4.59469e-65
  1.29e-01	  4.11e-02	6.61936e-98
  1.29e-01	  4.17e-02	9.52745e-131
  1.29e-01	  4.22e-02	1.37113e-163
  1.29e-01	  4.27e-02	1.97497e-196
  1.29e-01	  4.32e-02	2.85078e-229
  1.29e-01	  4.37e-02	4.12971e-262
  1.29e-01	  4.43e-02	6.01348e-295
  1.29e-01	  4.48e-02	0.00000e+00
  1.29e-01	  4.53e-02	0.00000e+00
  1.29e-01	  4.58e-02	0.00000e+00
  1.29e-01	  4.64e-02	0.00000e+00
  1.29e-01	  4.69e-02	0.00000e+00
  1.29e-01	  4.74e-02	0.00000e+00
  1.29e-01	  4.79e-02	0.00000e+00
  1.29e-01	  4.84e-02	0.00000e+00
  1.29e-01	  4.90e-02	0.00000e+00
  1.29e-01	  4.95e-02	0.00000e+00

  1.30e-01	  0.00e+00	0.00000e+00
  1.30e-01	  5.21e-04	0.00000e+00
  1.30e-01	  1.04e-03	0.00000e+00
  1.30e-01	  1.56e-03	0.00000e+00
  1.30e-01	  2.08e-03	0.00000e+00
  1.30e-01	  2.60e-03	0.00000e+00
  1.30e-01	  3.12e-03	0.00000e+00
  1.30e-01	  3.65e-03	0.00000e+00
  1.30e-01	  4.17e-03	-4.88009e-295
  1.30e-01	  4.69e-03	-3.13905e-262
  1.30e-01	  5.21e-03	-2.04109e-229
  1.30e-01	  5.73e-03	-1.34276e-196
  1.30e-01	  6.25e-03	-8.93883e-164
  1.30e-01	  6.77e-03	-6.01840e-131
  1.30e-01	  7.29e-03	-4.09354e-98
  1.30e-01	  7.81e-03	-2.80830e-65
  1.30e-01	  8.33e-03	-1.93966e-32
  1.30e-01	  8.85e-03	-1.08063e+01
  1.30e-01	  9.37e-03	-1.31198e+01
  1.30e-01	  9.90e-03	-1.33127e+01
  1.30e-01	  1.04e-02	-1.51571e+01
  1.30e-01	  1.09e-02	-1.68681e+01
  1.30e-01	  1.15e-02	-1.80029e+01
  1.30e-01	  1.20e-02	-1.84058e+01
  1.30e-01	  1.25e-02	-1.77620e+01
  1.30e-01	  1.30e-02	-1.52479e+01
  1.30e-01	  1.35e-02	-9.32439e+00
  1.30e-01	  1.41e-02	8.81179e-01
  1.30e-01	  1.46e-02	1.15985e+01
  1.30e-01	  1.51e-02	1.57064e+01
  1.30e-01	  1.56e-02	1.48667e+01
  1.30e-01	  1.61e-02	1.33721e+01
  1.30e-01	  1.67e-02	1.16103e+01
  1.30e-01	  1.72e-02	9.57486e+00
  1.30e-01	  1.77e-02	7.18684e+00
  1.30e-01	  1.82e-02	4.39134e+00
  1.30e-01	  1.88e-02	1.27238e+00
  1.30e-01	  1.93e-02	-1.94700e+00
  1.30e-01	  1.98e-02	-5.05894e+00
  1.30e-01	  2.03e-02	-7.93645e+00
  1.30e-01	  2.08e-02	-1.05058e+01
  1.30e-01	  2.14e-02	-1.27403e+01
  1.30e-01	  2.19e-02	-1.46329e+01
  1.30e-01	  2.24e-02	-1.61223e+01
  1.30e-01	  2.29e-02	-1.68506e+01
  1.30e-01	  2.34e-02	-1.46304e+01
  1.30e-01	  2.40e-02	-3.36738e+00
  1.30e-01	  2.45e-02	1.18415e+01
  1.30e-01	  2.50e-02	1.70981e+01
  1.30e-01	  2.55e-02	1.66505e+01
  1.30e-01	  2.60e-02	1.51840e+01
  1.30e-01	  2.66e-02	1.33217e+01
  1.30e-01	  2.71e-02	1.11076e+01
  1.30e-01	  2.76e-02	8.50602e+00
  1.30e-01	  2.81e-02	5.51267e+00
  1.30e-01	  2.86e-02	2.21679e+00
  1.30e-01	  2.92e-02	-1.20970e+00
  1.30e-01	  2.97e-02	-4.53815e+00
  1.30e-01	  3.02e-02	-7.53127e+00
  1.30e-01	  3.07e-02	-1.00787e+01
  1.30e-01	  3.13e-02	-1.22282e+01
  1.30e-01	  3.18e-02	-1.40843e+01
  1.30e-01	  3.23e-02	-1.57319e+01
  1.30e-01	  3.28e-02	-1.72104e+01
  1.30e-01	  3.33e-02	-1.63525e+01
  1.30e-01	  3.39e-02	-5.06600e+00
  1.30e-01	  3.44e-02	9.71142e+00
  1.30e-01	  3.49e-02	1.67380e+01
  1.30e-01	  3.54e-02	1.85240e+01
  1.30e-01	  3.59e-02	1.83657e+01
  1.30e-01	  3.65e-02	1.74234e+01
  1.30e-01	  3.70e-02	1.60763e+01
  1.30e-01	  3.75e-02	1.45383e+01
  1.30e-01	  3.80e-02	1.31466e+01
  1.30e-01	  3.85e-02	1.27975e+01
  1.30e-01	  3.91e-02	1.43178e+01
  1.30e-01	  3.96e-02	1.68301e+01
  1.30e-01	  4.01e-02	4.36018e-32
  1.30e-01	  4.06e-02	4.60765e-65
  1.30e-01	  4.11e-02	6.65238e-98
  1.30e-01	  4.17e-02	9.60730e-131
  1.30e-01	  4.22e-02	1.38928e-163
  1.30e-01	  4.27e-02	2.01401e-196
  1.30e-01	  4.32e-02	2.93095e-229
  1.30e-01	  4.37e-02	4.28804e-262
  1.30e-01	  4.43e-02	6.31585e-295
  1.30e-01	  4.48e-02	0.00000e+00
  1.30e-01	  4.53e-02	0.00000e+00
  1.30e-01	  4.58e-02	0.00000e+00
  1.30e-01	  4.64e-02	0.00000e+00
  1.30e-01	  4.69e-02	0.00000e+00
  1.30e-01	  4.74e-02	0.00000e+00
  1.30e-01	  4.79e-02	0.00000e+00
  1.30e-01	  4.84e-02	0.00000e+00
  1.30e-01	  4.90e-02	0.00000e+00
  1.30e-01	  4.95e-02	0.00000e+00

  1.30e-01	  0.00e+00	0.00000e+00
  1.30e-01	  5.21e-04	0.00000e+00
  1.30e-01	  1.04e-03	0.00000e+00
  1.30e-01	  1.56e-03	0.00000e+00
  1.30e-01	  2.08e-03	0.00000e+00
  1.30e-01	  2.60e-03	0.00000e+00
  1.30e-01	  3.12e-03	0.00000e+00
  1.30e-01	  3.65e-03	0.00000e+00
  1.30e-01	  4.17e-03	-6.13448e-295
  1.30e-01	  4.69e-03	-3.93393e-262
  1.30e-01	  5.21e-03	-2.54040e-229
  1.30e-01	  5.73e-03	-1.65377e-196
  1.30e-01	  6.25e-03	-1.08608e-163
  1.30e-01	  6.77e-03	-7.19749e-131
  1.30e-01	  7.29e-03	-4.81233e-98
  1.30e-01	  7.81e-03	-3.24423e-65
  1.30e-01	  8.33e-03	-2.20308e-32
  1.30e-01	  8.85e-03	-1.19284e+01
  1.30e-01	  9.37e-03	-1.39307e+01
  1.30e-01	  9.90e-03	-1.39472e+01
  1.30e-01	  1.04e-02	-1.54873e+01
  1.30e-01	  1.09e-02	-1.70308e+01
  1.30e-01	  1.15e-02	-1.79942e+01
  1.30e-01	  1.20e-02	-1.81581e+01
  1.30e-01	  1.25e-02	-1.71380e+01
  1.30e-01	  1.30e-02	-1.40111e+01
  1.30e-01	  1.35e-02	-7.30121e+00
  1.30e-01	  1.41e-02	3.09987e+00
  1.30e-01	  1.46e-02	1.28201e+01
  1.30e-01	  1.51e-02	1.57943e+01
  1.30e-01	  1.56e-02	1.46876e+01
  1.30e-01	  1.61e-02	1.30995e+01
  1.30e-01	  1.67e-02	1.12764e+01
  1.30e-01	  1.72e-02	9.19584e+00
  1.30e-01	  1.77e-02	6.77661e+00
  1.30e-01	  1.82e-02	3.97160e+00
  1.30e-01	  1.88e-02	8.77624e-01
  1.30e-01	  1.93e-02	-2.28240e+00
  1.30e-01	  1.98e-02	-5.31569e+00
  1.30e-01	  2.03e-02	-8.11152e+00
  1.30e-01	  2.08e-02	-1.06093e+01
  1.30e-01	  2.14e-02	-1.27879e+01
  1.30e-01	  2.19e-02	-1.46360e+01
  1.30e-01	  2.24e-02	-1.60749e+01
  1.30e-01	  2.29e-02	-1.66819e+01
  1.30e-01	  2.34e-02	-1.40773e+01
  1.30e-01	  2.40e-02	-2.87475e+00
  1.30e-01	  2.45e-02	1.14923e+01
  1.30e-01	  2.50e-02	1.68718e+01
  1.30e-01	  2.55e-02	1.65445e+01
  1.30e-01	  2.60e-02	1.50938e+01
  1.30e-01	  2.66e-02	1.32473e+01
  1.30e-01	  2.71e-02	1.10628e+01
  1.30e-01	  2.76e-02	8.50933e+00
  1.30e-01	  2.81e-02	5.57950e+00
  1.30e-01	  2.86e-02	2.35074e+00
  1.30e-01	  2.92e-02	-1.01886e+00
  1.30e-01	  2.97e-02	-4.30913e+00
  1.30e-01	  3.02e-02	-7.28373e+00
  1.30e-01	  3.07e-02	-9.82773e+00
  1.30e-01	  3.13e-02	-1.19841e+01
  1.30e-01	  3.18e-02	-1.38549e+01
  1.30e-01	  3.23e-02	-1.55246e+01
  1.30e-01	  3.28e-02	-1.70233e+01
  1.30e-01	  3.33e-02	-1.63621e+01
  1.30e-01	  3.39e-02	-6.32702e+00
  1.30e-01	  3.44e-02	8.01758e+00
  1.30e-01	  3.49e-02	1.57972e+01
  1.30e-01	  3.54e-02	1.81626e+01
  1.30e-01	  3.59e-02	1.83025e+01
  1.30e-01	  3.65e-02	1.75366e+01
  1.30e-01	  3.70e-02	1.63100e+01
  1.30e-01	  3.75e-02	1.48599e+01
  1.30e-01	  3.80e-02	1.35385e+01
  1.30e-01	  3.85e-02	1.32631e+01
  1.30e-01	  3.91e-02	1.46967e+01
  1.30e-01	  3.96e-02	1.68609e+01
  1.30e-01	  4.01e-02	4.37744e-32
  1.30e-01	  4.06e-02	4.63153e-65
  1.30e-01	  4.11e-02	6.70991e-98
  1.30e-01	  4.17e-02	9.73648e-131
  1.30e-01	  4.22e-02	1.41670e-163
  1.30e-01	  4.27e-02	2.06963e-196
  1.30e-01	  4.32e-02	3.03957e-229
  1.30e-01	  4.37e-02	4.49341e-262
  1.30e-01	  4.43e-02	6.69333e-295
  1.30e-01	  4.48e-02	0.00000e+00
  1.30e-01	  4.53e-02	0.00000e+00
  1.30e-01	  4.58e-02	0.00000e+00
  1.30e-01	  4.64e-02	0.00000e+00
  1.30e-01	  4.69e-02	0.00000e+00
  1.30e-01	  4.74e-02	0.00000e+00
  1.30e-01	  4.79e-02	0.00000e+00
  1.30e-01	  4.84e-02	0.00000e+00
  1.30e-01	  4.90e-02	0.00000e+00
  1.30e-01	  4.95e-02	0.00000e+00

  1.31e-01	  0.00e+00	0.00000e+00
  1.31e-01	  5.21e-04	0.00000e+00
  1.31e-01	  1.04e-03	0.00000e+00
  1.31e-01	  1.56e-03	0.00000e+00
  1.31e-01	  2.08e-03	0.00000e+00
  1.31e-01	  2.60e-03	0.00000e+00
  1.31e-01	  3.12e-03	0.00000e+00
  1.31e-01	  3.65e-03	0.00000e+00
  1.31e-01	  4.17e-03	-7.36485e-295
  1.31e-01	  4.69e-03	-4.72633e-262
  1.31e-01	  5.21e-03	-3.04624e-229
  1.31e-01	  5.73e-03	-1.97392e-196
  1.31e-01	  6.25e-03	-1.28706e-163
  1.31e-01	  6.77e-03	-8.44975e-131
  1.31e-01	  7.29e-03	-5.58727e-98
  1.31e-01	  7.81e-03	-3.72101e-65
  1.31e-01	  8.33e-03	-2.49506e-32
  1.31e-01	  8.85e-03	-1.31729e+01
  1.31e-01	  9.37e-03	-1.47183e+01
  1.31e-01	  9.90e-03	-1.45547e+01
  1.31e-01	  1.04e-02	-1.57566e+01
  1.31e-01	  1.09e-02	-1.71171e+01
  1.31e-01	  1.15e-02	-1.78992e+01
  1.31e-01	  1.20e-02	-1.78116e+01
  1.31e-01	  1.25e-02	-1.64015e+01
  1.31e-01	  1.30e-02	-1.26810e+01
  1.31e-01	  1.35e-02	-5.34376e+00
  1.31e-01	  1.41e-02	4.98631e+00
  1.31e-01	  1.46e-02	1.37182e+01
  1.31e-01	  1.51e-02	1.58208e+01
  1.31e-01	  1.56e-02	1.45430e+01
  1.31e-01	  1.61e-02	1.28752e+01
  1.31e-01	  1.67e-02	1.09904e+01
  1.31e-01	  1.72e-02	8.85774e+00
  1.31e-01	  1.77e-02	6.39722e+00
  1.31e-01	  1.82e-02	3.57185e+00
  1.31e-01	  1.88e-02	4.92047e-01
  1.31e-01	  1.93e-02	-2.61980e+00
  1.31e-01	  1.98e-02	-5.58516e+00
  1.31e-01	  2.03e-02	-8.30804e+00
  1.31e-01	  2.08e-02	-1.07394e+01
  1.31e-01	  2.14e-02	-1.28626e+01
  1.31e-01	  2.19e-02	-1.46606e+01
  1.31e-01	  2.24e-02	-1.60325e+01
  1.31e-01	  2.29e-02	-1.64731e+01
  1.31e-01	  2.34e-02	-1.34395e+01
  1.31e-01	  2.40e-02	-2.39304e+00
  1.31e-01	  2.45e-02	1.10867e+01
  1.31e-01	  2.50e-02	1.66043e+01
  1.31e-01	  2.55e-02	1.64400e+01
  1.31e-01	  2.60e-02	1.50201e+01
  1.31e-01	  2.66e-02	1.31945e+01
  1.31e-01	  2.71e-02	1.10408e+01
  1.31e-01	  2.76e-02	8.53359e+00
  1.31e-01	  2.81e-02	5.66279e+00
  1.31e-01	  2.86e-02	2.49411e+00
  1.31e-01	  2.92e-02	-8.27757e-01
  1.31e-01	  2.97e-02	-4.09053e+00
  1.31e-01	  3.02e-02	-7.05789e+00
  1.31e-01	  3.07e-02	-9.60878e+00
  1.31e-01	  3.13e-02	-1.17796e+01
  1.31e-01	  3.18e-02	-1.36681e+01
  1.31e-01	  3.23e-02	-1.53557e+01
  1.31e-01	  3.28e-02	-1.68540e+01
  1.31e-01	  3.33e-02	-1.62919e+01
  1.31e-01	  3.39e-02	-7.34199e+00
  1.31e-01	  3.44e-02	6.32401e+00
  1.31e-01	  3.49e-02	1.46899e+01
  1.31e-01	  3.54e-02	1.76748e+01
  1.31e-01	  3.59e-02	1.81676e+01
  1.31e-01	  3.65e-02	1.76116e+01
  1.31e-01	  3.70e-02	1.65256e+01
  1.31e-01	  3.75e-02	1.51769e+01
  1.31e-01	  3.80e-02	1.39382e+01
  1.31e-01	  3.85e-02	1.37501e+01
  1.31e-01	  3.91e-02	1.50889e+01
  1.31e-01	  3.96e-02	1.69129e+01
  1.31e-01	  4.01e-02	4.39296e-32
  1.31e-01	  4.06e-02	4.67319e-65
  1.31e-01	  4.11e-02	6.80169e-98
  1.31e-01	  4.17e-02	9.92821e-131
  1.31e-01	  4.22e-02	1.45506e-163
  1.31e-01	  4.27e-02	2.14369e-196
  1.31e-01	  4.32e-02	3.17822e-229
  1.31e-01	  4.37e-02	4.74600e-262
  1.31e-01	  4.43e-02	7.14244e-295
  1.31e-01	  4.48e-02	0.00000e+00
  1.31e-01	  4.53e-02	0.00000e+00
  1.31e-01	  4.58e-02	0.00000e+00
  1.31e-01	  4.64e-02	0.00000e+00
  1.31e-01	  4.69e-02	0.00000e+00
  1.31e-01	  4.74e-02	0.00000e+00
  1.31e-01	  4.79e-02	0.00000e+00
  1.31e-01	  4.84e-02	0.00000e+00
  1.31e-01	  4.90e-02	0.00000e+00
  1.31e-01	  4.95e-02	0.00000e+00

  1.32e-01	  0.00e+00	0.00000e+00
  1.32e-01	  5.21e-04	0.00000e+00
  1.32e-01	  1.04e-03	0.00000e+00
  1.32e-01	  1.56e-03	0.00000e+00
  1.32e-01	  2.08e-03	0.00000e+00
  1.32e-01	  2.60e-03	0.00000e+00
  1.32e-01	  3.12e-03	0.00000e+00
  1.32e-01	  3.65e-03	0.00000e+00
  1.32e-01	  4.17e-03	-8.53096e-295
  1.32e-01	  4.69e-03	-5.48969e-262
  1.32e-01	  5.21e-03	-3.54149e-229
  1.32e-01	  5.73e-03	-2.29244e-196
  1.32e-01	  6.25e-03	-1.49020e-163
  1.32e-01	  6.77e-03	-9.73511e-131
  1.32e-01	  7.29e-03	-6.39472e-98
  1.32e-01	  7.81e-03	-4.22500e-65
  1.32e-01	  8.33e-03	-2.80793e-32
  1.32e-01	  8.85e-03	-1.45082e+01
  1.32e-01	  9.37e-03	-1.54643e+01
  1.32e-01	  9.90e-03	-1.51220e+01
  1.32e-01	  1.04e-02	-1.59636e+01
  1.32e-01	  1.09e-02	-1.71289e+01
  1.32e-01	  1.15e-02	-1.77220e+01
  1.32e-01	  1.20e-02	-1.73763e+01
  1.32e-01	  1.25e-02	-1.55806e+01
  1.32e-01	  1.30e-02	-1.13317e+01
  1.32e-01	  1.35e-02	-3.57932e+00
  1.32e-01	  1.41e-02	6.49312e+00
  1.32e-01	  1.46e-02	1.43429e+01
  1.32e-01	  1.51e-02	1.58274e+01
  1.32e-01	  1.56e-02	1.44496e+01
  1.32e-01	  1.61e-02	1.27136e+01
  1.32e-01	  1.67e-02	1.07648e+01
  1.32e-01	  1.72e-02	8.57074e+00
  1.32e-01	  1.77e-02	6.05596e+00
  1.32e-01	  1.82e-02	3.19610e+00
  1.32e-01	  1.88e-02	1.16450e-01
  1.32e-01	  1.93e-02	-2.96071e+00
  1.32e-01	  1.98e-02	-5.86991e+00
  1.32e-01	  2.03e-02	-8.52849e+00
  1.32e-01	  2.08e-02	-1.08979e+01
  1.32e-01	  2.14e-02	-1.29646e+01
  1.32e-01	  2.19e-02	-1.47039e+01
  1.32e-01	  2.24e-02	-1.59866e+01
  1.32e-01	  2.29e-02	-1.62064e+01
  1.32e-01	  2.34e-02	-1.27117e+01
  1.32e-01	  2.40e-02	-1.92989e+00
  1.32e-01	  2.45e-02	1.06252e+01
  1.32e-01	  2.50e-02	1.62863e+01
  1.32e-01	  2.55e-02	1.63324e+01
  1.32e-01	  2.60e-02	1.49628e+01
  1.32e-01	  2.66e-02	1.31647e+01
  1.32e-01	  2.71e-02	1.10428e+01
  1.32e-01	  2.76e-02	8.57951e+00
  1.32e-01	  2.81e-02	5.76205e+00
  1.32e-01	  2.86e-02	2.64460e+00
  1.32e-01	  2.92e-02	-6.40777e-01
  1.32e-01	  2.97e-02	-3.88875e+00
  1.32e-01	  3.02e-02	-6.86185e+00
  1.32e-01	  3.07e-02	-9.43113e+00
  1.32e-01	  3.13e-02	-1.16246e+01
  1.32e-01	  3.18e-02	-1.35338e+01
  1.32e-01	  3.23e-02	-1.52339e+01
  1.32e-01	  3.28e-02	-1.67070e+01
  1.32e-01	  3.33e-02	-1.61456e+01
  1.32e-01	  3.39e-02	-8.08081e+00
  1.32e-01	  3.44e-02	4.72161e+00
  1.32e-01	  3.49e-02	1.34474e+01
  1.32e-01	  3.54e-02	1.70493e+01
  1.32e-01	  3.59e-02	1.79444e+01
  1.32e-01	  3.65e-02	1.76344e+01
  1.32e-01	  3.70e-02	1.67110e+01
  1.32e-01	  3.75e-02	1.54785e+01
  1.32e-01	  3.80e-02	1.43364e+01
  1.32e-01	  3.85e-02	1.42519e+01
  1.32e-01	  3.91e-02	1.54899e+01
  1.32e-01	  3.96e-02	1.70041e+01
  1.32e-01	  4.01e-02	4.40686e-32
  1.32e-01	  4.06e-02	4.73803e-65
  1.32e-01	  4.11e-02	6.93483e-98
  1.32e-01	  4.17e-02	1.01910e-130
  1.32e-01	  4.22e-02	1.50522e-163
  1.32e-01	  4.27e-02	2.23669e-196
  1.32e-01	  4.32e-02	3.34621e-229
  1.32e-01	  4.37e-02	5.04241e-262
  1.32e-01	  4.43e-02	7.65420e-295
  1.32e-01	  4.48e-02	0.00000e+00
  1.32e-01	  4.53e-02	0.00000e+00
  1.32e-01	  4.58e-02	0.00000e+00
  1.32e-01	  4.64e-02	0.00000e+00
  1.32e-01	  4.69e-02	0.00000e+00
  1.32e-01	  4.74e-02	0.00000e+00
  1.32e-01	  4.79e-02	0.00000e+00
  1.32e-01	  4.84e-02	0.00000e+00
  1.32e-01	  4.90e-02	0.00000e+00
  1.32e-01	  4.95e-02	0.00000e+00

  1.33e-01	  0.00e+00	0.00000e+00
  1.33e-01	  5.21e-04	0.00000e+00
  1.33e-01	  1.04e-03	0.00000e+00
  1.33e-01	  1.56e-03	0.00000e+00
  1.33e-01	  2.08e-03	0.00000e+00
  1.33e-01	  2.60e-03	0.00000e+00
  1.33e-01	  3.12e-03	0.00000e+00
  1.33e-01	  3.65e-03	0.00000e+00
  1.33e-01	  4.17e-03	-9.59790e-295
  1.33e-01	  4.69e-03	-6.19971e-262
  1.33e-01	  5.21e-03	-4.00972e-229
  1.33e-01	  5.73e-03	-2.59847e-196
  1.33e-01	  6.25e-03	-1.68850e-163
  1.33e-01	  6.77e-03	-1.10094e-130
  1.33e-01	  7.29e-03	-7.20742e-98
  1.33e-01	  7.81e-03	-4.73969e-65
  1.33e-01	  8.33e-03	-3.13192e-32
  1.33e-01	  8.85e-03	-1.58939e+01
  1.33e-01	  9.37e-03	-1.61524e+01
  1.33e-01	  9.90e-03	-1.56412e+01
  1.33e-01	  1.04e-02	-1.61115e+01
  1.33e-01	  1.09e-02	-1.70707e+01
  1.33e-01	  1.15e-02	-1.74697e+01
  1.33e-01	  1.20e-02	-1.68662e+01
  1.33e-01	  1.25e-02	-1.47109e+01
  1.33e-01	  1.30e-02	-1.00421e+01
  1.33e-01	  1.35e-02	-2.10609e+00
  1.33e-01	  1.41e-02	7.60574e+00
  1.33e-01	  1.46e-02	1.47417e+01
  1.33e-01	  1.51e-02	1.58408e+01
  1.33e-01	  1.56e-02	1.44202e+01
  1.33e-01	  1.61e-02	1.26276e+01
  1.33e-01	  1.67e-02	1.06121e+01
  1.33e-01	  1.72e-02	8.34576e+00
  1.33e-01	  1.77e-02	5.76102e+00
  1.33e-01	  1.82e-02	2.84901e+00
  1.33e-01	  1.88e-02	-2.47936e-01
  1.33e-01	  1.93e-02	-3.30616e+00
  1.33e-01	  1.98e-02	-6.17169e+00
  1.33e-01	  2.03e-02	-8.77421e+00
  1.33e-01	  2.08e-02	-1.10848e+01
  1.33e-01	  2.14e-02	-1.30921e+01
  1.33e-01	  2.19e-02	-1.47606e+01
  1.33e-01	  2.24e-02	-1.59250e+01
  1.33e-01	  2.29e-02	-1.58614e+01
  1.33e-01	  2.34e-02	-1.18930e+01
  1.33e-01	  2.40e-02	-1.49317e+00
  1.33e-01	  2.45e-02	1.01092e+01
  1.33e-01	  2.50e-02	1.59073e+01
  1.33e-01	  2.55e-02	1.62150e+01
  1.33e-01	  2.60e-02	1.49207e+01
  1.33e-01	  2.66e-02	1.31583e+01
  1.33e-01	  2.71e-02	1.10698e+01
  1.33e-01	  2.76e-02	8.64748e+00
  1.33e-01	  2.81e-02	5.87640e+00
  1.33e-01	  2.86e-02	2.79941e+00
  1.33e-01	  2.92e-02	-4.63126e-01
  1.33e-01	  2.97e-02	-3.71123e+00
  1.33e-01	  3.02e-02	-6.70463e+00
  1.33e-01	  3.07e-02	-9.30467e+00
  1.33e-01	  3.13e-02	-1.15291e+01
  1.33e-01	  3.18e-02	-1.34608e+01
  1.33e-01	  3.23e-02	-1.51649e+01
  1.33e-01	  3.28e-02	-1.65809e+01
  1.33e-01	  3.33e-02	-1.59198e+01
  1.33e-01	  3.39e-02	-8.53203e+00
  1.33e-01	  3.44e-02	3.29279e+00
  1.33e-01	  3.49e-02	1.21189e+01
  1.33e-01	  3.54e-02	1.62840e+01
  1.33e-01	  3.59e-02	1.76186e+01
  1.33e-01	  3.65e-02	1.75915e+01
  1.33e-01	  3.70e-02	1.68550e+01
  1.33e-01	  3.75e-02	1.57550e+01
  1.33e-01	  3.80e-02	1.47249e+01
  1.33e-01	  3.85e-02	1.47615e+01
  1.33e-01	  3.91e-02	1.58941e+01
  1.33e-01	  3.96e-02	1.71490e+01
  1.33e-01	  4.01e-02	4.41984e-32
  1.33e-01	  4.06e-02	4.82974e-65
  1.33e-01	  4.11e-02	7.11342e-98
  1.33e-01	  4.17e-02	1.05282e-130
  1.33e-01	  4.22e-02	1.56719e-163
  1.33e-01	  4.27e-02	2.34774e-196
  1.33e-01	  4.32e-02	3.54073e-229
  1.33e-01	  4.37e-02	5.37603e-262
  1.33e-01	  4.43e-02	8.21519e-295
  1.33e-01	  4.48e-02	0.00000e+00
  1.33e-01	  4.53e-02	0.00000e+00
  1.33e-01	  4.58e-02	0.00000e+00
  1.33e-01	  4.64e-02	0.00000e+00
  1.33e-01	  4.69e-02	0.00000e+00
  1.33e-01	  4.74e-02	0.00000e+00
  1.33e-01	  4.79e-02	0.00000e+00
  1.33e-01	  4.84e-02	0.00000e+00
  1.33e-01	  4.90e-02	0.00000e+00
  1.33e-01	  4.95e-02	0.00000e+00

  1.34e-01	  0.00e+00	0.00000e+00
  1.34e-01	  5.21e-04	0.00000e+00
  1.34e-01	  1.04e-03	0.00000e+00
  1.34e-01	  1.56e-03	0.00000e+00
  1.34e-01	  2.08e-03	0.00000e+00
  1.34e-01	  2.60e-03	0.00000e+00
  1.34e-01	  3.12e-03	0.00000e+00
  1.34e-01	  3.65e-03	0.00000e+00
  1.34e-01	  4.17e-03	-1.05390e-294
  1.34e-01	  4.69e-03	-6.83663e-262
  1.34e-01	  5.21e-03	-4.43677e-229
  1.34e-01	  5.73e-03	-2.88218e-196
  1.34e-01	  6.25e-03	-1.87530e-163
  1.34e-01	  6.77e-03	-1.22290e-130
  1.34e-01	  7.29e-03	-7.99711e-98
  1.34e-01	  7.81e-03	-5.24724e-65
  1.34e-01	  8.33e-03	-3.45596e-32
  1.34e-01	  8.85e-03	-1.72838e+01
  1.34e-01	  9.37e-03	-1.67698e+01
  1.34e-01	  9.90e-03	-1.61083e+01
  1.34e-01	  1.04e-02	-1.62069e+01
  1.34e-01	  1.09e-02	-1.69498e+01
  1.34e-01	  1.15e-02	-1.71516e+01
  1.34e-01	  1.20e-02	-1.62982e+01
  1.34e-01	  1.25e-02	-1.38302e+01
  1.34e-01	  1.30e-02	-8.88161e+00
  1.34e-01	  1.35e-02	-9.82021e-01
  1.34e-01	  1.41e-02	8.32782e+00
  1.34e-01	  1.46e-02	1.49477e+01
  1.34e-01	  1.51e-02	1.58716e+01
  1.34e-01	  1.56e-02	1.44615e+01
  1.34e-01	  1.61e-02	1.26271e+01
  1.34e-01	  1.67e-02	1.05435e+01
  1.34e-01	  1.72e-02	8.19370e+00
  1.34e-01	  1.77e-02	5.52119e+00
  1.34e-01	  1.82e-02	2.53598e+00
  1.34e-01	  1.88e-02	-5.99110e-01
  1.34e-01	  1.93e-02	-3.65623e+00
  1.34e-01	  1.98e-02	-6.49100e+00
  1.34e-01	  2.03e-02	-9.04498e+00
  1.34e-01	  2.08e-02	-1.12985e+01
  1.34e-01	  2.14e-02	-1.32408e+01
  1.34e-01	  2.19e-02	-1.48220e+01
  1.34e-01	  2.24e-02	-1.58303e+01
  1.34e-01	  2.29e-02	-1.54159e+01
  1.34e-01	  2.34e-02	-1.09883e+01
  1.34e-01	  2.40e-02	-1.09060e+00
  1.34e-01	  2.45e-02	9.54108e+00
  1.34e-01	  2.50e-02	1.54564e+01
  1.34e-01	  2.55e-02	1.60784e+01
  1.34e-01	  2.60e-02	1.48907e+01
  1.34e-01	  2.66e-02	1.31748e+01
  1.34e-01	  2.71e-02	1.11219e+01
  1.34e-01	  2.76e-02	8.73741e+00
  1.34e-01	  2.81e-02	6.00459e+00
  1.34e-01	  2.86e-02	2.95520e+00
  1.34e-01	  2.92e-02	-3.00755e-01
  1.34e-01	  2.97e-02	-3.56627e+00
  1.34e-01	  3.02e-02	-6.59589e+00
  1.34e-01	  3.07e-02	-9.23922e+00
  1.34e-01	  3.13e-02	-1.15016e+01
  1.34e-01	  3.18e-02	-1.34552e+01
  1.34e-01	  3.23e-02	-1.51496e+01
  1.34e-01	  3.28e-02	-1.64659e+01
  1.34e-01	  3.33e-02	-1.56025e+01
  1.34e-01	  3.39e-02	-8.69923e+00
  1.34e-01	  3.44e-02	2.09900e+00
  1.34e-01	  3.49e-02	1.07646e+01
  1.34e-01	  3.54e-02	1.53891e+01
  1.34e-01	  3.59e-02	1.71799e+01
  1.34e-01	  3.65e-02	1.74709e+01
  1.34e-01	  3.70e-02	1.69478e+01
  1.34e-01	  3.75e-02	1.59980e+01
  1.34e-01	  3.80e-02	1.50966e+01
  1.34e-01	  3.85e-02	1.52719e+01
  1.34e-01	  3.91e-02	1.62951e+01
  1.34e-01	  3.96e-02	1.73578e+01
  1.34e-01	  4.01e-02	4.43305e-32
  1.34e-01	  4.06e-02	4.95015e-65
  1.34e-01	  4.11e-02	7.33853e-98
  1.34e-01	  4.17e-02	1.09383e-130
  1.34e-01	  4.22e-02	1.64015e-163
  1.34e-01	  4.27e-02	2.47470e-196
  1.34e-01	  4.32e-02	3.75714e-229
  1.34e-01	  4.37e-02	5.73775e-262
  1.34e-01	  4.43e-02	8.80878e-295
  1.34e-01	  4.48e-02	0.00000e+00
  1.34e-01	  4.53e-02	0.00000e+00
  1.34e-01	  4.58e-02	0.00000e+00
  1.34e-01	  4.64e-02	0.00000e+00
  1.34e-01	  4.69e-02	0.00000e+00
  1.34e-01	  4.74e-02	0.00000e+00
  1.34e-01	  4.79e-02	0.00000e+00
  1.34e-01	  4.84e-02	0.00000e+00
  1.34e-01	  4.90e-02	0.00000e+00
  1.34e-01	  4.95e-02	0.00000e+00

  1.34e-01	  0.00e+00	0.00000e+00
  1.34e-01	  5.21e-04	0.00000e+00
  1.34e-01	  1.04e-03	0.00000e+00
  1.34e-01	  1.56e-03	0.00000e+00
  1.34e-01	  2.08e-03	0.00000e+00
  1.34e-01	  2.60e-03	0.00000e+00
  1.34e-01	  3.12e-03	0.00000e+00
  1.34e-01	  3.65e-03	0.00000e+00
  1.34e-01	  4.17e-03	-1.13375e-294
  1.34e-01	  4.69e-03	-7.38658e-262
  1.34e-01	  5.21e-03	-4.81190e-229
  1.34e-01	  5.73e-03	-3.13564e-196
  1.34e-01	  6.25e-03	-2.04497e-163
  1.34e-01	  6.77e-03	-1.33545e-130
  1.34e-01	  7.29e-03	-8.73738e-98
  1.34e-01	  7.81e-03	-5.73024e-65
  1.34e-01	  8.33e-03	-3.76880e-32
  1.34e-01	  8.85e-03	-1.86309e+01
  1.34e-01	  9.37e-03	-1.73083e+01
  1.34e-01	  9.90e-03	-1.65223e+01
  1.34e-01	  1.04e-02	-1.62586e+01
  1.34e-01	  1.09e-02	-1.67753e+01
  1.34e-01	  1.15e-02	-1.67783e+01
  1.34e-01	  1.20e-02	-1.56903e+01
  1.34e-01	  1.25e-02	-1.29727e+01
  1.34e-01	  1.30e-02	-7.89826e+00
  1.34e-01	  1.35e-02	-2.24591e-01
  1.34e-01	  1.41e-02	8.67214e+00
  1.34e-01	  1.46e-02	1.49741e+01
  1.34e-01	  1.51e-02	1.59135e+01
  1.34e-01	  1.56e-02	1.45718e+01
  1.34e-01	  1.61e-02	1.27164e+01
  1.34e-01	  1.67e-02	1.05672e+01
  1.34e-01	  1.72e-02	8.12431e+00
  1.34e-01	  1.77e-02	5.34531e+00
  1.34e-01	  1.82e-02	2.26308e+00
  1.34e-01	  1.88e-02	-9.34095e-01
  1.34e-01	  1.93e-02	-4.00975e+00
  1.34e-01	  1.98e-02	-6.82683e+00
  1.34e-01	  2.03e-02	-9.33872e+00
  1.34e-01	  2.08e-02	-1.15350e+01
  1.34e-01	  2.14e-02	-1.34036e+01
  1.34e-01	  2.19e-02	-1.48754e+01
  1.34e-01	  2.24e-02	-1.56809e+01
  1.34e-01	  2.29e-02	-1.48496e+01
  1.34e-01	  2.34e-02	-1.00099e+01
  1.34e-01	  2.40e-02	-7.29224e-01
  1.34e-01	  2.45e-02	8.92555e+00
  1.34e-01	  2.50e-02	1.49229e+01
  1.34e-01	  2.55e-02	1.59099e+01
  1.34e-01	  2.60e-02	1.48678e+01
  1.34e-01	  2.66e-02	1.32126e+01
  1.34e-01	  2.71e-02	1.11986e+01
  1.34e-01	  2.76e-02	8.84861e+00
  1.34e-01	  2.81e-02	6.14486e+00
  1.34e-01	  2.86e-02	3.10813e+00
  1.34e-01	  2.92e-02	-1.60250e-01
  1.34e-01	  2.97e-02	-3.46273e+00
  1.34e-01	  3.02e-02	-6.54535e+00
  1.34e-01	  3.07e-02	-9.24366e+00
  1.34e-01	  3.13e-02	-1.15488e+01
  1.34e-01	  3.18e-02	-1.35191e+01
  1.34e-01	  3.23e-02	-1.51821e+01
  1.34e-01	  3.28e-02	-1.63415e+01
  1.34e-01	  3.33e-02	-1.51726e+01
  1.34e-01	  3.39e-02	-8.59731e+00
  1.34e-01	  3.44e-02	1.17326e+00
  1.34e-01	  3.49e-02	9.44631e+00
  1.34e-01	  3.54e-02	1.43868e+01
  1.34e-01	  3.59e-02	1.66237e+01
  1.34e-01	  3.65e-02	1.72627e+01
  1.34e-01	  3.70e-02	1.69808e+01
  1.34e-01	  3.75e-02	1.62008e+01
  1.34e-01	  3.80e-02	1.54455e+01
  1.34e-01	  3.85e-02	1.57757e+01
  1.34e-01	  3.91e-02	1.66859e+01
  1.34e-01	  3.96e-02	1.76365e+01
  1.34e-01	  4.01e-02	4.44782e-32
  1.34e-01	  4.06e-02	5.09934e-65
  1.34e-01	  4.11e-02	7.60825e-98
  1.34e-01	  4.17e-02	1.14150e-130
  1.34e-01	  4.22e-02	1.72259e-163
  1.34e-01	  4.27e-02	2.61442e-196
  1.34e-01	  4.32e-02	3.98939e-229
  1.34e-01	  4.37e-02	6.11679e-262
  1.34e-01	  4.43e-02	9.41669e-295
  1.34e-01	  4.48e-02	0.00000e+00
  1.34e-01	  4.53e-02	0.00000e+00
  1.34e-01	  4.58e-02	0.00000e+00
  1.34e-01	  4.64e-02	0.00000e+00
  1.34e-01	  4.69e-02	0.00000e+00
  1.34e-01	  4.74e-02	0.00000e+00
  1.34e-01	  4.79e-02	0.00000e+00
  1.34e-01	  4.84e-02	0.00000e+00
  1.34e-01	  4.90e-02	0.00000e+00
  1.34e-01	  4.95e-02	0.00000e+00

  1.35e-01	  0.00e+00	0.00000e+00
  1.35e-01	  5.21e-04	0.00000e+00
  1.35e-01	  1.04e-03	0.00000e+00
  1.35e-01	  1.56e-03	0.00000e+00
  1.35e-01	  2.08e-03	0.00000e+00
  1.35e-01	  2.60e-03	0.00000e+00
  1.35e-01	  3.12e-03	0.00000e+00
  1.35e-01	  3.65e-03	0.00000e+00
  1.35e-01	  4.17e-03	-1.19865e-294
  1.35e-01	  4.69e-03	-7.84214e-262
  1.35e-01	  5.21e-03	-5.12843e-229
  1.35e-01	  5.73e-03	-3.35337e-196
  1.35e-01	  6.25e-03	-2.19326e-163
  1.35e-01	  6.77e-03	-1.43548e-130
  1.35e-01	  7.29e-03	-9.40604e-98
  1.35e-01	  7.81e-03	-6.17338e-65
  1.35e-01	  8.33e-03	-4.06015e-32
  1.35e-01	  8.85e-03	-1.98922e+01
  1.35e-01	  9.37e-03	-1.77635e+01
  1.35e-01	  9.90e-03	-1.68844e+01
  1.35e-01	  1.04e-02	-1.62766e+01
  1.35e-01	  1.09e-02	-1.65576e+01
  1.35e-01	  1.15e-02	-1.63617e+01
  1.35e-01	  1.20e-02	-1.50599e+01
  1.35e-01	  1.25e-02	-1.21647e+01
  1.35e-01	  1.30e-02	-7.11317e+00
  1.35e-01	  1.35e-02	1.83678e-01
  1.35e-01	  1.41e-02	8.65825e+00
  1.35e-01	  1.46e-02	1.48148e+01
  1.35e-01	  1.51e-02	1.59433e+01
  1.35e-01	  1.56e-02	1.47390e+01
  1.35e-01	  1.61e-02	1.28929e+01
  1.35e-01	  1.67e-02	1.06867e+01
  1.35e-01	  1.72e-02	8.14462e+00
  1.35e-01	  1.77e-02	5.24135e+00
  1.35e-01	  1.82e-02	2.03674e+00
  1.35e-01	  1.88e-02	-1.24894e+00
  1.35e-01	  1.93e-02	-4.36429e+00
  1.35e-01	  1.98e-02	-7.17656e+00
  1.35e-01	  2.03e-02	-9.65146e+00
  1.35e-01	  2.08e-02	-1.17880e+01
  1.35e-01	  2.14e-02	-1.35705e+01
  1.35e-01	  2.19e-02	-1.49040e+01
  1.35e-01	  2.24e-02	-1.54509e+01
  1.35e-01	  2.29e-02	-1.41468e+01
  1.35e-01	  2.34e-02	-8.97769e+00
  1.35e-01	  2.40e-02	-4.14699e-01
  1.35e-01	  2.45e-02	8.26951e+00
  1.35e-01	  2.50e-02	1.42980e+01
  1.35e-01	  2.55e-02	1.56943e+01
  1.35e-01	  2.60e-02	1.48443e+01
  1.35e-01	  2.66e-02	1.32682e+01
  1.35e-01	  2.71e-02	1.12981e+01
  1.35e-01	  2.76e-02	8.97960e+00
  1.35e-01	  2.81e-02	6.29491e+00
  1.35e-01	  2.86e-02	3.25387e+00
  1.35e-01	  2.92e-02	-4.86883e-02
  1.35e-01	  2.97e-02	-3.40968e+00
  1.35e-01	  3.02e-02	-6.56200e+00
  1.35e-01	  3.07e-02	-9.32479e+00
  1.35e-01	  3.13e-02	-1.16731e+01
  1.35e-01	  3.18e-02	-1.36482e+01
  1.35e-01	  3.23e-02	-1.52466e+01
  1.35e-01	  3.28e-02	-1.61757e+01
  1.35e-01	  3.33e-02	-1.46042e+01
  1.35e-01	  3.39e-02	-8.25061e+00
  1.35e-01	  3.44e-02	5.18807e-01
  1.35e-01	  3.49e-02	8.21695e+00
  1.35e-01	  3.54e-02	1.33094e+01
  1.35e-01	  3.59e-02	1.59529e+01
  1.35e-01	  3.65e-02	1.69598e+01
  1.35e-01	  3.70e-02	1.69468e+01
  1.35e-01	  3.75e-02	1.63577e+01
  1.35e-01	  3.80e-02	1.57668e+01
  1.35e-01	  3.85e-02	1.62653e+01
  1.35e-01	  3.91e-02	1.70604e+01
  1.35e-01	  3.96e-02	1.79866e+01
  1.35e-01	  4.01e-02	4.46538e-32
  1.35e-01	  4.06e-02	5.27565e-65
  1.35e-01	  4.11e-02	7.91798e-98
  1.35e-01	  4.17e-02	1.19478e-130
  1.35e-01	  4.22e-02	1.81243e-163
  1.35e-01	  4.27e-02	2.76299e-196
  1.35e-01	  4.32e-02	4.23063e-229
  1.35e-01	  4.37e-02	6.50169e-262
  1.35e-01	  4.43e-02	1.00206e-294
  1.35e-01	  4.48e-02	0.00000e+00
  1.35e-01	  4.53e-02	0.00000e+00
  1.35e-01	  4.58e-02	0.00000e+00
  1.35e-01	  4.64e-02	0.00000e+00
  1.35e-01	  4.69e-02	0.00000e+00
  1.35e-01	  4.74e-02	0.00000e+00
  1.35e-01	  4.79e-02	0.00000e+00
  1.35e-01	  4.84e-02	0.00000e+00
  1.35e-01	  4.90e-02	0.00000e+00
  1.35e-01	  4.95e-02	0.00000e+00

  1.36e-01	  0.00e+00	0.00000e+00
  1.36e-01	  5.21e-04	0.00000e+00
  1.36e-01	  1.04e-03	0.00000e+00
  1.36e-01	  1.56e-03	0.00000e+00
  1.36e-01	  2.08e-03	0.00000e+00
  1.36e-01	  2.60e-03	0.00000e+00
  1.36e-01	  3.12e-03	0.00000e+00
  1.36e-01	  3.65e-03	0.00000e+00
  1.36e-01	  4.17e-03	-1.24882e-294
  1.36e-01	  4.69e-03	-8.20205e-262
  1.36e-01	  5.21e-03	-5.38372e-229
  1.36e-01	  5.73e-03	-3.53245e-196
  1.36e-01	  6.25e-03	-2.31755e-163
  1.36e-01	  6.77e-03	-1.52086e-130
  1.36e-01	  7.29e-03	-9.98674e-98
  1.36e-01	  7.81e-03	-6.56463e-65
  1.36e-01	  8.33e-03	-4.32147e-32
  1.36e-01	  8.85e-03	-2.10315e+01
  1.36e-01	  9.37e-03	-1.81350e+01
  1.36e-01	  9.90e-03	-1.71969e+01
  1.36e-01	  1.04e-02	-1.62708e+01
  1.36e-01	  1.09e-02	-1.63083e+01
  1.36e-01	  1.15e-02	-1.59144e+01
  1.36e-01	  1.20e-02	-1.44231e+01
  1.36e-01	  1.25e-02	-1.14224e+01
  1.36e-01	  1.30e-02	-6.52134e+00
  1.36e-01	  1.35e-02	2.87547e-01
  1.36e-01	  1.41e-02	8.31520e+00
  1.36e-01	  1.46e-02	1.44510e+01
  1.36e-01	  1.51e-02	1.59234e+01
  1.36e-01	  1.56e-02	1.49397e+01
  1.36e-01	  1.61e-02	1.31451e+01
  1.36e-01	  1.67e-02	1.08991e+01
  1.36e-01	  1.72e-02	8.25750e+00
  1.36e-01	  1.77e-02	5.21533e+00
  1.36e-01	  1.82e-02	1.86321e+00
  1.36e-01	  1.88e-02	-1.53894e+00
  1.36e-01	  1.93e-02	-4.71619e+00
  1.36e-01	  1.98e-02	-7.53613e+00
  1.36e-01	  2.03e-02	-9.97742e+00
  1.36e-01	  2.08e-02	-1.20490e+01
  1.36e-01	  2.14e-02	-1.37282e+01
  1.36e-01	  2.19e-02	-1.48869e+01
  1.36e-01	  2.24e-02	-1.51134e+01
  1.36e-01	  2.29e-02	-1.33015e+01
  1.36e-01	  2.34e-02	-7.91833e+00
  1.36e-01	  2.40e-02	-1.50649e-01
  1.36e-01	  2.45e-02	7.58264e+00
  1.36e-01	  2.50e-02	1.35768e+01
  1.36e-01	  2.55e-02	1.54140e+01
  1.36e-01	  2.60e-02	1.48092e+01
  1.36e-01	  2.66e-02	1.33362e+01
  1.36e-01	  2.71e-02	1.14174e+01
  1.36e-01	  2.76e-02	9.12807e+00
  1.36e-01	  2.81e-02	6.45182e+00
  1.36e-01	  2.86e-02	3.38761e+00
  1.36e-01	  2.92e-02	2.65942e-02
  1.36e-01	  2.97e-02	-3.41573e+00
  1.36e-01	  3.02e-02	-6.65318e+00
  1.36e-01	  3.07e-02	-9.48609e+00
  1.36e-01	  3.13e-02	-1.18719e+01
  1.36e-01	  3.18e-02	-1.38308e+01
  1.36e-01	  3.23e-02	-1.53166e+01
  1.36e-01	  3.28e-02	-1.59256e+01
  1.36e-01	  3.33e-02	-1.38723e+01
  1.36e-01	  3.39e-02	-7.69295e+00
  1.36e-01	  3.44e-02	1.13090e-01
  1.36e-01	  3.49e-02	7.11405e+00
  1.36e-01	  3.54e-02	1.21951e+01
  1.36e-01	  3.59e-02	1.51788e+01
  1.36e-01	  3.65e-02	1.65594e+01
  1.36e-01	  3.70e-02	1.68410e+01
  1.36e-01	  3.75e-02	1.64648e+01
  1.36e-01	  3.80e-02	1.60569e+01
  1.36e-01	  3.85e-02	1.67335e+01
  1.36e-01	  3.91e-02	1.74127e+01
  1.36e-01	  3.96e-02	1.84058e+01
  1.36e-01	  4.01e-02	4.48650e-32
  1.36e-01	  4.06e-02	5.47595e-65
  1.36e-01	  4.11e-02	8.26092e-98
  1.36e-01	  4.17e-02	1.25233e-130
  1.36e-01	  4.22e-02	1.90717e-163
  1.36e-01	  4.27e-02	2.91610e-196
  1.36e-01	  4.32e-02	4.47372e-229
  1.36e-01	  4.37e-02	6.88117e-262
  1.36e-01	  4.43e-02	1.06035e-294
  1.36e-01	  4.48e-02	0.00000e+00
  1.36e-01	  4.53e-02	0.00000e+00
  1.36e-01	  4.58e-02	0.00000e+00
  1.36e-01	  4.64e-02	0.00000e+00
  1.36e-01	  4.69e-02	0.00000e+00
  1.36e-01	  4.74e-02	0.00000e+00
  1.36e-01	  4.79e-02	0.00000e+00
  1.36e-01	  4.84e-02	0.00000e+00
  1.36e-01	  4.90e-02	0.00000e+00
  1.36e-01	  4.95e-02	0.00000e+00

  1.37e-01	  0.00e+00	0.00000e+00
  1.37e-01	  5.21e-04	0.00000e+00
  1.37e-01	  1.04e-03	0.00000e+00
  1.37e-01	  1.56e-03	0.00000e+00
  1.37e-01	  2.08e-03	0.00000e+00
  1.37e-01	  2.60e-03	0.00000e+00
  1.37e-01	  3.12e-03	0.00000e+00
  1.37e-01	  3.65e-03	0.00000e+00
  1.37e-01	  4.17e-03	-1.28523e-294
  1.37e-01	  4.69e-03	-8.47032e-262
  1.37e-01	  5.21e-03	-5.57878e-229
  1.37e-01	  5.73e-03	-3.67251e-196
  1.37e-01	  6.25e-03	-2.41689e-163
  1.37e-01	  6.77e-03	-1.59051e-130
  1.37e-01	  7.29e-03	-1.04696e-97
  1.37e-01	  7.81e-03	-6.89597e-65
  1.37e-01	  8.33e-03	-4.54662e-32
  1.37e-01	  8.85e-03	-2.20224e+01
  1.37e-01	  9.37e-03	-1.84250e+01
  1.37e-01	  9.90e-03	-1.74624e+01
  1.37e-01	  1.04e-02	-1.62507e+01
  1.37e-01	  1.09e-02	-1.60390e+01
  1.37e-01	  1.15e-02	-1.54490e+01
  1.37e-01	  1.20e-02	-1.37934e+01
  1.37e-01	  1.25e-02	-1.07522e+01
  1.37e-01	  1.30e-02	-6.09795e+00
  1.37e-01	  1.35e-02	1.50377e-01
  1.37e-01	  1.41e-02	7.68606e+00
  1.37e-01	  1.46e-02	1.38616e+01
  1.37e-01	  1.51e-02	1.58052e+01
  1.37e-01	  1.56e-02	1.51395e+01
  1.37e-01	  1.61e-02	1.34527e+01
  1.37e-01	  1.67e-02	1.11940e+01
  1.37e-01	  1.72e-02	8.46052e+00
  1.37e-01	  1.77e-02	5.27030e+00
  1.37e-01	  1.82e-02	1.74785e+00
  1.37e-01	  1.88e-02	-1.79908e+00
  1.37e-01	  1.93e-02	-5.06097e+00
  1.37e-01	  1.98e-02	-7.90019e+00
  1.37e-01	  2.03e-02	-1.03092e+01
  1.37e-01	  2.08e-02	-1.23071e+01
  1.37e-01	  2.14e-02	-1.38605e+01
  1.37e-01	  2.19e-02	-1.47999e+01
  1.37e-01	  2.24e-02	-1.46436e+01
  1.37e-01	  2.29e-02	-1.23202e+01
  1.37e-01	  2.34e-02	-6.86260e+00
  1.37e-01	  2.40e-02	6.17933e-02
  1.37e-01	  2.45e-02	6.87720e+00
  1.37e-01	  2.50e-02	1.27601e+01
  1.37e-01	  2.55e-02	1.50506e+01
  1.37e-01	  2.60e-02	1.47487e+01
  1.37e-01	  2.66e-02	1.34092e+01
  1.37e-01	  2.71e-02	1.15520e+01
  1.37e-01	  2.76e-02	9.29072e+00
  1.37e-01	  2.81e-02	6.61199e+00
  1.37e-01	  2.86e-02	3.50408e+00
  1.37e-01	  2.92e-02	5.83176e-02
  1.37e-01	  2.97e-02	-3.48835e+00
  1.37e-01	  3.02e-02	-6.82338e+00
  1.37e-01	  3.07e-02	-9.72641e+00
  1.37e-01	  3.13e-02	-1.21361e+01
  1.37e-01	  3.18e-02	-1.40457e+01
  1.37e-01	  3.23e-02	-1.53539e+01
  1.37e-01	  3.28e-02	-1.55428e+01
  1.37e-01	  3.33e-02	-1.29625e+01
  1.37e-01	  3.39e-02	-6.96801e+00
  1.37e-01	  3.44e-02	-8.46985e-02
  1.37e-01	  3.49e-02	6.15680e+00
  1.37e-01	  3.54e-02	1.10826e+01
  1.37e-01	  3.59e-02	1.43207e+01
  1.37e-01	  3.65e-02	1.60642e+01
  1.37e-01	  3.70e-02	1.66610e+01
  1.37e-01	  3.75e-02	1.65199e+01
  1.37e-01	  3.80e-02	1.63132e+01
  1.37e-01	  3.85e-02	1.71728e+01
  1.37e-01	  3.91e-02	1.77388e+01
  1.37e-01	  3.96e-02	1.88881e+01
  1.37e-01	  4.01e-02	4.51135e-32
  1.37e-01	  4.06e-02	5.69589e-65
  1.37e-01	  4.11e-02	8.62852e-98
  1.37e-01	  4.17e-02	1.31260e-130
  1.37e-01	  4.22e-02	2.00414e-163
  1.37e-01	  4.27e-02	3.06936e-196
  1.37e-01	  4.32e-02	4.71183e-229
  1.37e-01	  4.37e-02	7.24508e-262
  1.37e-01	  4.43e-02	1.11510e-294
  1.37e-01	  4.48e-02	0.00000e+00
  1.37e-01	  4.53e-02	0.00000e+00
  1.37e-01	  4.58e-02	0.00000e+00
  1.37e-01	  4.64e-02	0.00000e+00
  1.37e-01	  4.69e-02	0.00000e+00
  1.37e-01	  4.74e-02	0.00000e+00
  1.37e-01	  4.79e-02	0.00000e+00
  1.37e-01	  4.84e-02	0.00000e+00
  1.37e-01	  4.90e-02	0.00000e+00
  1.37e-01	  4.95e-02	0.00000e+00

  1.37e-01	  0.00e+00	0.00000e+00
  1.37e-01	  5.21e-04	0.00000e+00
  1.37e-01	  1.04e-03	0.00000e+00
  1.37e-01	  1.56e-03	0.00000e+00
  1.37e-01	  2.08e-03	0.00000e+00
  1.37e-01	  2.60e-03	0.00000e+00
  1.37e-01	  3.12e-03	0.00000e+00
  1.37e-01	  3.65e-03	0.00000e+00
  1.37e-01	  4.17e-03	-1.30938e-294
  1.37e-01	  4.69e-03	-8.65505e-262
  1.37e-01	  5.21e-03	-5.71766e-229
  1.37e-01	  5.73e-03	-3.77525e-196
  1.37e-01	  6.25e-03	-2.49177e-163
  1.37e-01	  6.77e-03	-1.64432e-130
  1.37e-01	  7.29e-03	-1.08514e-97
  1.37e-01	  7.81e-03	-7.16352e-65
  1.37e-01	  8.33e-03	-4.73203e-32
  1.37e-01	  8.85e-03	-2.28491e+01
  1.37e-01	  9.37e-03	-1.86386e+01
  1.37e-01	  9.90e-03	-1.76836e+01
  1.37e-01	  1.04e-02	-1.62244e+01
  1.37e-01	  1.09e-02	-1.57614e+01
  1.37e-01	  1.15e-02	-1.49777e+01
  1.37e-01	  1.20e-02	-1.31823e+01
  1.37e-01	  1.25e-02	-1.01533e+01
  1.37e-01	  1.30e-02	-5.80702e+00
  1.37e-01	  1.35e-02	-1.55370e-01
  1.37e-01	  1.41e-02	6.83035e+00
  1.37e-01	  1.46e-02	1.30355e+01
  1.37e-01	  1.51e-02	1.55365e+01
  1.37e-01	  1.56e-02	1.52947e+01
  1.37e-01	  1.61e-02	1.37873e+01
  1.37e-01	  1.67e-02	1.15546e+01
  1.37e-01	  1.72e-02	8.74567e+00
  1.37e-01	  1.77e-02	5.40553e+00
  1.37e-01	  1.82e-02	1.69438e+00
  1.37e-01	  1.88e-02	-2.02449e+00
  1.37e-01	  1.93e-02	-5.39358e+00
  1.37e-01	  1.98e-02	-8.26250e+00
  1.37e-01	  2.03e-02	-1.06382e+01
  1.37e-01	  2.08e-02	-1.25498e+01
  1.37e-01	  2.14e-02	-1.39484e+01
  1.37e-01	  2.19e-02	-1.46175e+01
  1.37e-01	  2.24e-02	-1.40235e+01
  1.37e-01	  2.29e-02	-1.12239e+01
  1.37e-01	  2.34e-02	-5.84204e+00
  1.37e-01	  2.40e-02	2.24120e-01
  1.37e-01	  2.45e-02	6.16744e+00
  1.37e-01	  2.50e-02	1.18560e+01
  1.37e-01	  2.55e-02	1.45875e+01
  1.37e-01	  2.60e-02	1.46461e+01
  1.37e-01	  2.66e-02	1.34773e+01
  1.37e-01	  2.71e-02	1.16963e+01
  1.37e-01	  2.76e-02	9.46328e+00
  1.37e-01	  2.81e-02	6.77116e+00
  1.37e-01	  2.86e-02	3.59770e+00
  1.37e-01	  2.92e-02	3.97098e-02
  1.37e-01	  2.97e-02	-3.63287e+00
  1.37e-01	  3.02e-02	-7.07319e+00
  1.37e-01	  3.07e-02	-1.00390e+01
  1.37e-01	  3.13e-02	-1.24490e+01
  1.37e-01	  3.18e-02	-1.42623e+01
  1.37e-01	  3.23e-02	-1.53105e+01
  1.37e-01	  3.28e-02	-1.49812e+01
  1.37e-01	  3.33e-02	-1.18785e+01
  1.37e-01	  3.39e-02	-6.12812e+00
  1.37e-01	  3.44e-02	-1.24738e-01
  1.37e-01	  3.49e-02	5.34745e+00
  1.37e-01	  3.54e-02	1.00064e+01
  1.37e-01	  3.59e-02	1.34043e+01
  1.37e-01	  3.65e-02	1.54826e+01
  1.37e-01	  3.70e-02	1.64078e+01
  1.37e-01	  3.75e-02	1.65230e+01
  1.37e-01	  3.80e-02	1.65344e+01
  1.37e-01	  3.85e-02	1.75770e+01
  1.37e-01	  3.91e-02	1.80356e+01
  1.37e-01	  3.96e-02	1.94249e+01
  1.37e-01	  4.01e-02	4.53934e-32
  1.37e-01	  4.06e-02	5.93018e-65
  1.37e-01	  4.11e-02	9.01123e-98
  1.37e-01	  4.17e-02	1.37394e-130
  1.37e-01	  4.22e-02	2.10068e-163
  1.37e-01	  4.27e-02	3.21868e-196
  1.37e-01	  4.32e-02	4.93894e-229
  1.37e-01	  4.37e-02	7.58499e-262
  1.37e-01	  4.43e-02	1.16520e-294
  1.37e-01	  4.48e-02	0.00000e+00
  1.37e-01	  4.53e-02	0.00000e+00
  1.37e-01	  4.58e-02	0.00000e+00
  1.37e-01	  4.64e-02	0.00000e+00
  1.37e-01	  4.69e-02	0.00000e+00
  1.37e-01	  4.74e-02	0.00000e+00
  1.37e-01	  4.79e-02	0.00000e+00
  1.37e-01	  4.84e-02	0.00000e+00
  1.37e-01	  4.90e-02	0.00000e+00
  1.37e-01	  4.95e-02	0.00000e+00

  1.38e-01	  0.00e+00	0.00000e+00
  1.38e-01	  5.21e-04	0.00000e+00
  1.38e-01	  1.04e-03	0.00000e+00
  1.38e-01	  1.56e-03	0.00000e+00
  1.38e-01	  2.08e-03	0.00000e+00
  1.38e-01	  2.60e-03	0.00000e+00
  1.38e-01	  3.12e-03	0.00000e+00
  1.38e-01	  3.65e-03	0.00000e+00
  1.38e-01	  4.17e-03	-1.32310e-294
  1.38e-01	  4.69e-03	-8.76722e-262
  1.38e-01	  5.21e-03	-5.80662e-229
  1.38e-01	  5.73e-03	-3.84407e-196
  1.38e-01	  6.25e-03	-2.54389e-163
  1.38e-01	  6.77e-03	-1.68306e-130
  1.38e-01	  7.29e-03	-1.11345e-97
  1.38e-01	  7.81e-03	-7.36733e-65
  1.38e-01	  8.33e-03	-4.87672e-32
  1.38e-01	  8.85e-03	-2.35060e+01
  1.38e-01	  9.37e-03	-1.87825e+01
  1.38e-01	  9.90e-03	-1.78633e+01
  1.38e-01	  1.04e-02	-1.61982e+01
  1.38e-01	  1.09e-02	-1.54865e+01
  1.38e-01	  1.15e-02	-1.45121e+01
  1.38e-01	  1.20e-02	-1.25985e+01
  1.38e-01	  1.25e-02	-9.62016e+00
  1.38e-01	  1.30e-02	-5.60993e+00
  1.38e-01	  1.35e-02	-5.57782e-01
  1.38e-01	  1.41e-02	5.82185e+00
  1.38e-01	  1.46e-02	1.19828e+01
  1.38e-01	  1.51e-02	1.50705e+01
  1.38e-01	  1.56e-02	1.53560e+01
  1.38e-01	  1.61e-02	1.41138e+01
  1.38e-01	  1.67e-02	1.19583e+01
  1.38e-01	  1.72e-02	9.09987e+00
  1.38e-01	  1.77e-02	5.61636e+00
  1.38e-01	  1.82e-02	1.70436e+00
  1.38e-01	  1.88e-02	-2.21090e+00
  1.38e-01	  1.93e-02	-5.70870e+00
  1.38e-01	  1.98e-02	-8.61607e+00
  1.38e-01	  2.03e-02	-1.09545e+01
  1.38e-01	  2.08e-02	-1.27629e+01
  1.38e-01	  2.14e-02	-1.39714e+01
  1.38e-01	  2.19e-02	-1.43155e+01
  1.38e-01	  2.24e-02	-1.32472e+01
  1.38e-01	  2.29e-02	-1.00466e+01
  1.38e-01	  2.34e-02	-4.88525e+00
  1.38e-01	  2.40e-02	3.40192e-01
  1.38e-01	  2.45e-02	5.46850e+00
  1.38e-01	  2.50e-02	1.08802e+01
  1.38e-01	  2.55e-02	1.40124e+01
  1.38e-01	  2.60e-02	1.44832e+01
  1.38e-01	  2.66e-02	1.35288e+01
  1.38e-01	  2.71e-02	1.18428e+01
  1.38e-01	  2.76e-02	9.64054e+00
  1.38e-01	  2.81e-02	6.92442e+00
  1.38e-01	  2.86e-02	3.66273e+00
  1.38e-01	  2.92e-02	-3.49092e-02
  1.38e-01	  2.97e-02	-3.85163e+00
  1.38e-01	  3.02e-02	-7.39839e+00
  1.38e-01	  3.07e-02	-1.04111e+01
  1.38e-01	  3.13e-02	-1.27863e+01
  1.38e-01	  3.18e-02	-1.44410e+01
  1.38e-01	  3.23e-02	-1.51329e+01
  1.38e-01	  3.28e-02	-1.42079e+01
  1.38e-01	  3.33e-02	-1.06471e+01
  1.38e-01	  3.39e-02	-5.23042e+00
  1.38e-01	  3.44e-02	-5.82485e-02
  1.38e-01	  3.49e-02	4.67554e+00
  1.38e-01	  3.54e-02	8.99367e+00
  1.38e-01	  3.59e-02	1.24583e+01
  1.38e-01	  3.65e-02	1.48288e+01
  1.38e-01	  3.70e-02	1.60861e+01
  1.38e-01	  3.75e-02	1.64759e+01
  1.38e-01	  3.80e-02	1.67201e+01
  1.38e-01	  3.85e-02	1.79405e+01
  1.38e-01	  3.91e-02	1.83020e+01
  1.38e-01	  3.96e-02	2.00053e+01
  1.38e-01	  4.01e-02	4.56925e-32
  1.38e-01	  4.06e-02	6.17302e-65
  1.38e-01	  4.11e-02	9.39913e-98
  1.38e-01	  4.17e-02	1.43476e-130
  1.38e-01	  4.22e-02	2.19435e-163
  1.38e-01	  4.27e-02	3.36050e-196
  1.38e-01	  4.32e-02	5.15018e-229
  1.38e-01	  4.37e-02	7.89474e-262
  1.38e-01	  4.43e-02	1.20994e-294
  1.38e-01	  4.48e-02	0.00000e+00
  1.38e-01	  4.53e-02	0.00000e+00
  1.38e-01	  4.58e-02	0.00000e+00
  1.38e-01	  4.64e-02	0.00000e+00
  1.38e-01	  4.69e-02	0.00000e+00
  1.38e-01	  4.74e-02	0.00000e+00
  1.38e-01	  4.79e-02	0.00000e+00
  1.38e-01	  4.84e-02	0.00000e+00
  1.38e-01	  4.90e-02	0.00000e+00
  1.38e-01	  4.95e-02	0.00000e+00

  1.39e-01	  0.00e+00	0.00000e+00
  1.39e-01	  5.21e-04	0.00000e+00
  1.39e-01	  1.04e-03	0.00000e+00
  1.39e-01	  1.56e-03	0.00000e+00
  1.39e-01	  2.08e-03	0.00000e+00
  1.39e-01	  2.60e-03	0.00000e+00
  1.39e-01	  3.12e-03	0.00000e+00
  1.39e-01	  3.65e-03	0.00000e+00
  1.39e-01	  4.17e-03	-1.32842e-294
  1.39e-01	  4.69e-03	-8.81940e-262
  1.39e-01	  5.21e-03	-5.85334e-229
  1.39e-01	  5.73e-03	-3.88354e-196
  1.39e-01	  6.25e-03	-2.57587e-163
  1.39e-01	  6.77e-03	-1.70816e-130
  1.39e-01	  7.29e-03	-1.13264e-97
  1.39e-01	  7.81e-03	-7.51081e-65
  1.39e-01	  8.33e-03	-4.98201e-32
  1.39e-01	  8.85e-03	-2.39971e+01
  1.39e-01	  9.37e-03	-1.88649e+01
  1.39e-01	  9.90e-03	-1.80044e+01
  1.39e-01	  1.04e-02	-1.61765e+01
  1.39e-01	  1.09e-02	-1.52234e+01
  1.39e-01	  1.15e-02	-1.40622e+01
  1.39e-01	  1.20e-02	-1.20482e+01
  1.39e-01	  1.25e-02	-9.14505e+00
  1.39e-01	  1.30e-02	-5.47171e+00
  1.39e-01	  1.35e-02	-9.93799e-01
  1.39e-01	  1.41e-02	4.74115e+00
  1.39e-01	  1.46e-02	1.07401e+01
  1.39e-01	  1.51e-02	1.43763e+01
  1.39e-01	  1.56e-02	1.52733e+01
  1.39e-01	  1.61e-02	1.43927e+01
  1.39e-01	  1.67e-02	1.23782e+01
  1.39e-01	  1.72e-02	9.50622e+00
  1.39e-01	  1.77e-02	5.89451e+00
  1.39e-01	  1.82e-02	1.77691e+00
  1.39e-01	  1.88e-02	-2.35490e+00
  1.39e-01	  1.93e-02	-6.00093e+00
  1.39e-01	  1.98e-02	-8.95336e+00
  1.39e-01	  2.03e-02	-1.12474e+01
  1.39e-01	  2.08e-02	-1.29310e+01
  1.39e-01	  2.14e-02	-1.39085e+01
  1.39e-01	  2.19e-02	-1.38751e+01
  1.39e-01	  2.24e-02	-1.23236e+01
  1.39e-01	  2.29e-02	-8.83139e+00
  1.39e-01	  2.34e-02	-4.01458e+00
  1.39e-01	  2.40e-02	4.15672e-01
  1.39e-01	  2.45e-02	4.79499e+00
  1.39e-01	  2.50e-02	9.85572e+00
  1.39e-01	  2.55e-02	1.33203e+01
  1.39e-01	  2.60e-02	1.42416e+01
  1.39e-01	  2.66e-02	1.35500e+01
  1.39e-01	  2.71e-02	1.19830e+01
  1.39e-01	  2.76e-02	9.81638e+00
  1.39e-01	  2.81e-02	7.06630e+00
  1.39e-01	  2.86e-02	3.69357e+00
  1.39e-01	  2.92e-02	-1.69438e-01
  1.39e-01	  2.97e-02	-4.14308e+00
  1.39e-01	  3.02e-02	-7.78959e+00
  1.39e-01	  3.07e-02	-1.08237e+01
  1.39e-01	  3.13e-02	-1.31169e+01
  1.39e-01	  3.18e-02	-1.45349e+01
  1.39e-01	  3.23e-02	-1.47711e+01
  1.39e-01	  3.28e-02	-1.32139e+01
  1.39e-01	  3.33e-02	-9.31758e+00
  1.39e-01	  3.39e-02	-4.33069e+00
  1.39e-01	  3.44e-02	6.89211e-02
  1.39e-01	  3.49e-02	4.12302e+00
  1.39e-01	  3.54e-02	8.06214e+00
  1.39e-01	  3.59e-02	1.15115e+01
  1.39e-01	  3.65e-02	1.41215e+01
  1.39e-01	  3.70e-02	1.57042e+01
  1.39e-01	  3.75e-02	1.63826e+01
  1.39e-01	  3.80e-02	1.68713e+01
  1.39e-01	  3.85e-02	1.82597e+01
  1.39e-01	  3.91e-02	1.85381e+01
  1.39e-01	  3.96e-02	2.06168e+01
  1.39e-01	  4.01e-02	4.59941e-32
  1.39e-01	  4.06e-02	6.41849e-65
  1.39e-01	  4.11e-02	9.78269e-98
  1.39e-01	  4.17e-02	1.49361e-130
  1.39e-01	  4.22e-02	2.28308e-163
  1.39e-01	  4.27e-02	3.49206e-196
  1.39e-01	  4.32e-02	5.34214e-229
  1.39e-01	  4.37e-02	8.17054e-262
  1.39e-01	  4.43e-02	1.24898e-294
  1.39e-01	  4.48e-02	0.00000e+00
  1.39e-01	  4.53e-02	0.00000e+00
  1.39e-01	  4.58e-02	0.00000e+00
  1.39e-01	  4.64e-02	0.00000e+00
  1.39e-01	  4.69e-02	0.00000e+00
  1.39e-01	  4.74e-02	0.00000e+00
  1.39e-01	  4.79e-02	0.00000e+00
  1.39e-01	  4.84e-02	0.00000e+00
  1.39e-01	  4.90e-02	0.00000e+00
  1.39e-01	  4.95e-02	0.00000e+00

  1.40e-01	  0.00e+00	0.00000e+00
  1.40e-01	  5.21e-04	0.00000e+00
  1.40e-01	  1.04e-03	0.00000e+00
  1.40e-01	  1.56e-03	0.00000e+00
  1.40e-01	  2.08e-03	0.00000e+00
  1.40e-01	  2.60e-03	0.00000e+00
  1.40e-01	  3.12e-03	0.00000e+00
  1.40e-01	  3.65e-03	0.00000e+00
  1.40e-01	  4.17e-03	-1.32736e-294
  1.40e-01	  4.69e-03	-8.82475e-262
  1.40e-01	  5.21e-03	-5.86622e-229
  1.40e-01	  5.73e-03	-3.89889e-196
  1.40e-01	  6.25e-03	-2.59091e-163
  1.40e-01	  6.77e-03	-1.72150e-130
  1.40e-01	  7.29e-03	-1.14379e-97
  1.40e-01	  7.81e-03	-7.60001e-65
  1.40e-01	  8.33e-03	-5.05108e-32
  1.40e-01	  8.85e-03	-2.43341e+01
  1.40e-01	  9.37e-03	-1.88949e+01
  1.40e-01	  9.90e-03	-1.81102e+01
  1.40e-01	  1.04e-02	-1.61620e+01
  1.40e-01	  1.09e-02	-1.49797e+01
  1.40e-01	  1.15e-02	-1.36359e+01
  1.40e-01	  1.20e-02	-1.15353e+01
  1.40e-01	  1.25e-02	-8.71947e+00
  1.40e-01	  1.30e-02	-5.36435e+00
  1.40e-01	  1.35e-02	-1.41461e+00
  1.40e-01	  1.41e-02	3.66519e+00
  1.40e-01	  1.46e-02	9.36884e+00
  1.40e-01	  1.51e-02	1.34479e+01
  1.40e-01	  1.56e-02	1.50027e+01
  1.40e-01	  1.61e-02	1.45821e+01
  1.40e-01	  1.67e-02	1.27848e+01
  1.40e-01	  1.72e-02	9.94522e+00
  1.40e-01	  1.77e-02	6.22887e+00
  1.40e-01	  1.82e-02	1.90884e+00
  1.40e-01	  1.88e-02	-2.45402e+00
  1.40e-01	  1.93e-02	-6.26474e+00
  1.40e-01	  1.98e-02	-9.26636e+00
  1.40e-01	  2.03e-02	-1.15058e+01
  1.40e-01	  2.08e-02	-1.30383e+01
  1.40e-01	  2.14e-02	-1.37403e+01
  1.40e-01	  2.19e-02	-1.32869e+01
  1.40e-01	  2.24e-02	-1.12775e+01
  1.40e-01	  2.29e-02	-7.62428e+00
  1.40e-01	  2.34e-02	-3.24429e+00
  1.40e-01	  2.40e-02	4.57287e-01
  1.40e-01	  2.45e-02	4.15970e+00
  1.40e-01	  2.50e-02	8.81019e+00
  1.40e-01	  2.55e-02	1.25155e+01
  1.40e-01	  2.60e-02	1.39053e+01
  1.40e-01	  2.66e-02	1.35265e+01
  1.40e-01	  2.71e-02	1.21073e+01
  1.40e-01	  2.76e-02	9.98397e+00
  1.40e-01	  2.81e-02	7.19097e+00
  1.40e-01	  2.86e-02	3.68516e+00
  1.40e-01	  2.92e-02	-3.65300e-01
  1.40e-01	  2.97e-02	-4.50142e+00
  1.40e-01	  3.02e-02	-8.23236e+00
  1.40e-01	  3.07e-02	-1.12527e+01
  1.40e-01	  3.13e-02	-1.34034e+01
  1.40e-01	  3.18e-02	-1.44948e+01
  1.40e-01	  3.23e-02	-1.41879e+01
  1.40e-01	  3.28e-02	-1.20203e+01
  1.40e-01	  3.33e-02	-7.95344e+00
  1.40e-01	  3.39e-02	-3.47693e+00
  1.40e-01	  3.44e-02	2.20102e-01
  1.40e-01	  3.49e-02	3.66887e+00
  1.40e-01	  3.54e-02	7.22091e+00
  1.40e-01	  3.59e-02	1.05897e+01
  1.40e-01	  3.65e-02	1.33821e+01
  1.40e-01	  3.70e-02	1.52734e+01
  1.40e-01	  3.75e-02	1.62491e+01
  1.40e-01	  3.80e-02	1.69895e+01
  1.40e-01	  3.85e-02	1.85326e+01
  1.40e-01	  3.91e-02	1.87454e+01
  1.40e-01	  3.96e-02	2.12464e+01
  1.40e-01	  4.01e-02	4.62796e-32
  1.40e-01	  4.06e-02	6.66096e-65
  1.40e-01	  4.11e-02	1.01534e-97
  1.40e-01	  4.17e-02	1.54929e-130
  1.40e-01	  4.22e-02	2.36530e-163
  1.40e-01	  4.27e-02	3.61150e-196
  1.40e-01	  4.32e-02	5.51292e-229
  1.40e-01	  4.37e-02	8.41109e-262
  1.40e-01	  4.43e-02	1.28238e-294
  1.40e-01	  4.48e-02	0.00000e+00
  1.40e-01	  4.53e-02	0.00000e+00
  1.40e-01	  4.58e-02	0.00000e+00
  1.40e-01	  4.64e-02	0.00000e+00
  1.40e-01	  4.69e-02	0.00000e+00
  1.40e-01	  4.74e-02	0.00000e+00
  1.40e-01	  4.79e-02	0.00000e+00
  1.40e-01	  4.84e-02	0.00000e+00
  1.40e-01	  4.90e-02	0.00000e+00
  1.40e-01	  4.95e-02	0.00000e+00

  1.41e-01	  0.00e+00	0.00000e+00
  1.41e-01	  5.21e-04	0.00000e+00
  1.41e-01	  1.04e-03	0.00000e+00
  1.41e-01	  1.56e-03	0.00000e+00
  1.41e-01	  2.08e-03	0.00000e+00
  1.41e-01	  2.60e-03	0.00000e+00
  1.41e-01	  3.12e-03	0.00000e+00
  1.41e-01	  3.65e-03	0.00000e+00
  1.41e-01	  4.17e-03	-1.32185e-294
  1.41e-01	  4.69e-03	-8.79621e-262
  1.41e-01	  5.21e-03	-5.85374e-229
  1.41e-01	  5.73e-03	-3.89561e-196
  1.41e-01	  6.25e-03	-2.59248e-163
  1.41e-01	  6.77e-03	-1.72528e-130
  1.41e-01	  7.29e-03	-1.14823e-97
  1.41e-01	  7.81e-03	-7.64286e-65
  1.41e-01	  8.33e-03	-5.08855e-32
  1.41e-01	  8.85e-03	-2.45345e+01
  1.41e-01	  9.37e-03	-1.88821e+01
  1.41e-01	  9.90e-03	-1.81849e+01
  1.41e-01	  1.04e-02	-1.61555e+01
  1.41e-01	  1.09e-02	-1.47603e+01
  1.41e-01	  1.15e-02	-1.32389e+01
  1.41e-01	  1.20e-02	-1.10613e+01
  1.41e-01	  1.25e-02	-8.33514e+00
  1.41e-01	  1.30e-02	-5.26764e+00
  1.41e-01	  1.35e-02	-1.78743e+00
  1.41e-01	  1.41e-02	2.65753e+00
  1.41e-01	  1.46e-02	7.94579e+00
  1.41e-01	  1.51e-02	1.23090e+01
  1.41e-01	  1.56e-02	1.45135e+01
  1.41e-01	  1.61e-02	1.46410e+01
  1.41e-01	  1.67e-02	1.31469e+01
  1.41e-01	  1.72e-02	1.03959e+01
  1.41e-01	  1.77e-02	6.60642e+00
  1.41e-01	  1.82e-02	2.09498e+00
  1.41e-01	  1.88e-02	-2.50670e+00
  1.41e-01	  1.93e-02	-6.49455e+00
  1.41e-01	  1.98e-02	-9.54676e+00
  1.41e-01	  2.03e-02	-1.17183e+01
  1.41e-01	  2.08e-02	-1.30699e+01
  1.41e-01	  2.14e-02	-1.34524e+01
  1.41e-01	  2.19e-02	-1.25544e+01
  1.41e-01	  2.24e-02	-1.01468e+01
  1.41e-01	  2.29e-02	-6.46805e+00
  1.41e-01	  2.34e-02	-2.58015e+00
  1.41e-01	  2.40e-02	4.72091e-01
  1.41e-01	  2.45e-02	3.57247e+00
  1.41e-01	  2.50e-02	7.77315e+00
  1.41e-01	  2.55e-02	1.16128e+01
  1.41e-01	  2.60e-02	1.34630e+01
  1.41e-01	  2.66e-02	1.34434e+01
  1.41e-01	  2.71e-02	1.22053e+01
  1.41e-01	  2.76e-02	1.01359e+01
  1.41e-01	  2.81e-02	7.29246e+00
  1.41e-01	  2.86e-02	3.63352e+00
  1.41e-01	  2.92e-02	-6.20886e-01
  1.41e-01	  2.97e-02	-4.91656e+00
  1.41e-01	  3.02e-02	-8.70797e+00
  1.41e-01	  3.07e-02	-1.16693e+01
  1.41e-01	  3.13e-02	-1.36049e+01
  1.41e-01	  3.18e-02	-1.42754e+01
  1.41e-01	  3.23e-02	-1.33698e+01
  1.41e-01	  3.28e-02	-1.06778e+01
  1.41e-01	  3.33e-02	-6.62144e+00
  1.41e-01	  3.39e-02	-2.70447e+00
  1.41e-01	  3.44e-02	3.69069e-01
  1.41e-01	  3.49e-02	3.29256e+00
  1.41e-01	  3.54e-02	6.47158e+00
  1.41e-01	  3.59e-02	9.71312e+00
  1.41e-01	  3.65e-02	1.26323e+01
  1.41e-01	  3.70e-02	1.48074e+01
  1.41e-01	  3.75e-02	1.60826e+01
  1.41e-01	  3.80e-02	1.70773e+01
  1.41e-01	  3.85e-02	1.87595e+01
  1.41e-01	  3.91e-02	1.89263e+01
  1.41e-01	  3.96e-02	2.18808e+01
  1.41e-01	  4.01e-02	4.65319e-32
  1.41e-01	  4.06e-02	6.89546e-65
  1.41e-01	  4.11e-02	1.05045e-97
  1.41e-01	  4.17e-02	1.60094e-130
  1.41e-01	  4.22e-02	2.44002e-163
  1.41e-01	  4.27e-02	3.71788e-196
  1.41e-01	  4.32e-02	5.66210e-229
  1.41e-01	  4.37e-02	8.61723e-262
  1.41e-01	  4.43e-02	1.31046e-294
  1.41e-01	  4.48e-02	0.00000e+00
  1.41e-01	  4.53e-02	0.00000e+00
  1.41e-01	  4.58e-02	0.00000e+00
  1.41e-01	  4.64e-02	0.00000e+00
  1.41e-01	  4.69e-02	0.00000e+00
  1.41e-01	  4.74e-02	0.00000e+00
  1.41e-01	  4.79e-02	0.00000e+00
  1.41e-01	  4.84e-02	0.00000e+00
  1.41e-01	  4.90e-02	0.00000e+00
  1.41e-01	  4.95e-02	0.00000e+00

  1.41e-01	  0.00e+00	0.00000e+00
  1.41e-01	  5.21e-04	0.00000e+00
  1.41e-01	  1.04e-03	0.00000e+00
  1.41e-01	  1.56e-03	0.00000e+00
  1.41e-01	  2.08e-03	0.00000e+00
  1.41e-01	  2.60e-03	0.00000e+00
  1.41e-01	  3.12e-03	0.00000e+00
  1.41e-01	  3.65e-03	0.00000e+00
  1.41e-01	  4.17e-03	-1.31366e-294
  1.41e-01	  4.69e-03	-8.74586e-262
  1.41e-01	  5.21e-03	-5.82407e-229
  1.41e-01	  5.73e-03	-3.87913e-196
  1.41e-01	  6.25e-03	-2.58415e-163
  1.41e-01	  6.77e-03	-1.72177e-130
  1.41e-01	  7.29e-03	-1.14741e-97
  1.41e-01	  7.81e-03	-7.64839e-65
  1.41e-01	  8.33e-03	-5.09996e-32
  1.41e-01	  8.85e-03	-2.46202e+01
  1.41e-01	  9.37e-03	-1.88362e+01
  1.41e-01	  9.90e-03	-1.82333e+01
  1.41e-01	  1.04e-02	-1.61567e+01
  1.41e-01	  1.09e-02	-1.45674e+01
  1.41e-01	  1.15e-02	-1.28741e+01
  1.41e-01	  1.20e-02	-1.06255e+01
  1.41e-01	  1.25e-02	-7.98430e+00
  1.41e-01	  1.30e-02	-5.16820e+00
  1.41e-01	  1.35e-02	-2.09413e+00
  1.41e-01	  1.41e-02	1.76225e+00
  1.41e-01	  1.46e-02	6.54931e+00
  1.41e-01	  1.51e-02	1.10115e+01
  1.41e-01	  1.56e-02	1.37959e+01
  1.41e-01	  1.61e-02	1.45331e+01
  1.41e-01	  1.67e-02	1.34328e+01
  1.41e-01	  1.72e-02	1.08361e+01
  1.41e-01	  1.77e-02	7.01290e+00
  1.41e-01	  1.82e-02	2.32869e+00
  1.41e-01	  1.88e-02	-2.51209e+00
  1.41e-01	  1.93e-02	-6.68470e+00
  1.41e-01	  1.98e-02	-9.78615e+00
  1.41e-01	  2.03e-02	-1.18739e+01
  1.41e-01	  2.08e-02	-1.30128e+01
  1.41e-01	  2.14e-02	-1.30375e+01
  1.41e-01	  2.19e-02	-1.16948e+01
  1.41e-01	  2.24e-02	-8.97692e+00
  1.41e-01	  2.29e-02	-5.39684e+00
  1.41e-01	  2.34e-02	-2.02033e+00
  1.41e-01	  2.40e-02	4.66870e-01
  1.41e-01	  2.45e-02	3.03970e+00
  1.41e-01	  2.50e-02	6.77250e+00
  1.41e-01	  2.55e-02	1.06358e+01
  1.41e-01	  2.60e-02	1.29105e+01
  1.41e-01	  2.66e-02	1.32875e+01
  1.41e-01	  2.71e-02	1.22663e+01
  1.41e-01	  2.76e-02	1.02646e+01
  1.41e-01	  2.81e-02	7.36499e+00
  1.41e-01	  2.86e-02	3.53618e+00
  1.41e-01	  2.92e-02	-9.31288e-01
  1.41e-01	  2.97e-02	-5.37469e+00
  1.41e-01	  3.02e-02	-9.19436e+00
  1.41e-01	  3.07e-02	-1.20419e+01
  1.41e-01	  3.13e-02	-1.36801e+01
  1.41e-01	  3.18e-02	-1.38441e+01
  1.41e-01	  3.23e-02	-1.23332e+01
  1.41e-01	  3.28e-02	-9.25675e+00
  1.41e-01	  3.33e-02	-5.37968e+00
  1.41e-01	  3.39e-02	-2.03414e+00
  1.41e-01	  3.44e-02	4.99366e-01
  1.41e-01	  3.49e-02	2.97598e+00
  1.41e-01	  3.54e-02	5.81028e+00
  1.41e-01	  3.59e-02	8.89607e+00
  1.41e-01	  3.65e-02	1.18922e+01
  1.41e-01	  3.70e-02	1.43207e+01
  1.41e-01	  3.75e-02	1.58913e+01
  1.41e-01	  3.80e-02	1.71374e+01
  1.41e-01	  3.85e-02	1.89425e+01
  1.41e-01	  3.91e-02	1.90833e+01
  1.41e-01	  3.96e-02	2.25079e+01
  1.41e-01	  4.01e-02	4.67380e-32
  1.41e-01	  4.06e-02	7.11801e-65
  1.41e-01	  4.11e-02	1.08309e-97
  1.41e-01	  4.17e-02	1.64800e-130
  1.41e-01	  4.22e-02	2.50680e-163
  1.41e-01	  4.27e-02	3.81120e-196
  1.41e-01	  4.32e-02	5.79059e-229
  1.41e-01	  4.37e-02	8.79170e-262
  1.41e-01	  4.43e-02	1.33384e-294
  1.41e-01	  4.48e-02	0.00000e+00
  1.41e-01	  4.53e-02	0.00000e+00
  1.41e-01	  4.58e-02	0.00000e+00
  1.41e-01	  4.64e-02	0.00000e+00
  1.41e-01	  4.69e-02	0.00000e+00
  1.41e-01	  4.74e-02	0.00000e+00
  1.41e-01	  4.79e-02	0.00000e+00
  1.41e-01	  4.84e-02	0.00000e+00
  1.41e-01	  4.90e-02	0.00000e+00
  1.41e-01	  4.95e-02	0.00000e+00

  1.42e-01	  0.00e+00	0.00000e+00
  1.42e-01	  5.21e-04	0.00000e+00
  1.42e-01	  1.04e-03	0.00000e+00
  1.42e-01	  1.56e-03	0.00000e+00
  1.42e-01	  2.08e-03	0.00000e+00
  1.42e-01	  2.60e-03	0.00000e+00
  1.42e-01	  3.12e-03	0.00000e+00
  1.42e-01	  3.65e-03	0.00000e+00
  1.42e-01	  4.17e-03	-1.30433e-294
  1.42e-01	  4.69e-03	-8.68453e-262
  1.42e-01	  5.21e-03	-5.78467e-229
  1.42e-01	  5.73e-03	-3.85454e-196
  1.42e-01	  6.25e-03	-2.56932e-163
  1.42e-01	  6.77e-03	-1.71323e-130
  1.42e-01	  7.29e-03	-1.14281e-97
  1.42e-01	  7.81e-03	-7.62610e-65
  1.42e-01	  8.33e-03	-5.09133e-32
  1.42e-01	  8.85e-03	-2.46154e+01
  1.42e-01	  9.37e-03	-1.87670e+01
  1.42e-01	  9.90e-03	-1.82607e+01
  1.42e-01	  1.04e-02	-1.61644e+01
  1.42e-01	  1.09e-02	-1.44011e+01
  1.42e-01	  1.15e-02	-1.25420e+01
  1.42e-01	  1.20e-02	-1.02253e+01
  1.42e-01	  1.25e-02	-7.65967e+00
  1.42e-01	  1.30e-02	-5.05786e+00
  1.42e-01	  1.35e-02	-2.32797e+00
  1.42e-01	  1.41e-02	1.00291e+00
  1.42e-01	  1.46e-02	5.24639e+00
  1.42e-01	  1.51e-02	9.62603e+00
  1.42e-01	  1.56e-02	1.28650e+01
  1.42e-01	  1.61e-02	1.42318e+01
  1.42e-01	  1.67e-02	1.36111e+01
  1.42e-01	  1.72e-02	1.12432e+01
  1.42e-01	  1.77e-02	7.43329e+00
  1.42e-01	  1.82e-02	2.60229e+00
  1.42e-01	  1.88e-02	-2.47000e+00
  1.42e-01	  1.93e-02	-6.82962e+00
  1.42e-01	  1.98e-02	-9.97643e+00
  1.42e-01	  2.03e-02	-1.19630e+01
  1.42e-01	  2.08e-02	-1.28581e+01
  1.42e-01	  2.14e-02	-1.24981e+01
  1.42e-01	  2.19e-02	-1.07375e+01
  1.42e-01	  2.24e-02	-7.81387e+00
  1.42e-01	  2.29e-02	-4.43329e+00
  1.42e-01	  2.34e-02	-1.55720e+00
  1.42e-01	  2.40e-02	4.47769e-01
  1.42e-01	  2.45e-02	2.56428e+00
  1.42e-01	  2.50e-02	5.83155e+00
  1.42e-01	  2.55e-02	9.61485e+00
  1.42e-01	  2.60e-02	1.22523e+01
  1.42e-01	  2.66e-02	1.30483e+01
  1.42e-01	  2.71e-02	1.22802e+01
  1.42e-01	  2.76e-02	1.03623e+01
  1.42e-01	  2.81e-02	7.40325e+00
  1.42e-01	  2.86e-02	3.39260e+00
  1.42e-01	  2.92e-02	-1.28842e+00
  1.42e-01	  2.97e-02	-5.85910e+00
  1.42e-01	  3.02e-02	-9.66728e+00
  1.42e-01	  3.07e-02	-1.23376e+01
  1.42e-01	  3.13e-02	-1.35926e+01
  1.42e-01	  3.18e-02	-1.31887e+01
  1.42e-01	  3.23e-02	-1.11230e+01
  1.42e-01	  3.28e-02	-7.83418e+00
  1.42e-01	  3.33e-02	-4.26949e+00
  1.42e-01	  3.39e-02	-1.47322e+00
  1.42e-01	  3.44e-02	6.02531e-01
  1.42e-01	  3.49e-02	2.70433e+00
  1.42e-01	  3.54e-02	5.22959e+00
  1.42e-01	  3.59e-02	8.14652e+00
  1.42e-01	  3.65e-02	1.11782e+01
  1.42e-01	  3.70e-02	1.38276e+01
  1.42e-01	  3.75e-02	1.56830e+01
  1.42e-01	  3.80e-02	1.71730e+01
  1.42e-01	  3.85e-02	1.90853e+01
  1.42e-01	  3.91e-02	1.92196e+01
  1.42e-01	  3.96e-02	2.31170e+01
  1.42e-01	  4.01e-02	4.68914e-32
  1.42e-01	  4.06e-02	7.32581e-65
  1.42e-01	  4.11e-02	1.11298e-97
  1.42e-01	  4.17e-02	1.69031e-130
  1.42e-01	  4.22e-02	2.56577e-163
  1.42e-01	  4.27e-02	3.89220e-196
  1.42e-01	  4.32e-02	5.90036e-229
  1.42e-01	  4.37e-02	8.93856e-262
  1.42e-01	  4.43e-02	1.35326e-294
  1.42e-01	  4.48e-02	0.00000e+00
  1.42e-01	  4.53e-02	0.00000e+00
  1.42e-01	  4.58e-02	0.00000e+00
  1.42e-01	  4.64e-02	0.00000e+00
  1.42e-01	  4.69e-02	0.00000e+00
  1.42e-01	  4.74e-02	0.00000e+00
  1.42e-01	  4.79e-02	0.00000e+00
  1.42e-01	  4.84e-02	0.00000e+00
  1.42e-01	  4.90e-02	0.00000e+00
  1.42e-01	  4.95e-02	1.06244e-318

  1.43e-01	  0.00e+00	0.00000e+00
  1.43e-01	  5.21e-04	-1.53114e-301
  1.43e-01	  1.04e-03	4.37467e-301
  1.43e-01	  1.56e-03	0.00000e+00
  1.43e-01	  2.08e-03	0.00000e+00
  1.43e-01	  2.60e-03	0.00000e+00
  1.43e-01	  3.12e-03	-7.87441e-301
  1.43e-01	  3.65e-03	7.87441e-301
  1.43e-01	  4.17e-03	-1.29517e-294
  1.43e-01	  4.69e-03	-8.62149e-262
  1.43e-01	  5.21e-03	-5.74213e-229
  1.43e-01	  5.73e-03	-3.82642e-196
  1.43e-01	  6.25e-03	-2.55116e-163
  1.43e-01	  6.77e-03	-1.70181e-130
  1.43e-01	  7.29e-03	-1.13585e-97
  1.43e-01	  7.81e-03	-7.58542e-65
  1.43e-01	  8.33e-03	-5.06879e-32
  1.43e-01	  8.85e-03	-2.45452e+01
  1.43e-01	  9.37e-03	-1.86838e+01
  1.43e-01	  9.90e-03	-1.82728e+01
  1.43e-01	  1.04e-02	-1.61769e+01
  1.43e-01	  1.09e-02	-1.42590e+01
  1.43e-01	  1.15e-02	-1.22403e+01
  1.43e-01	  1.20e-02	-9.85632e+00
  1.43e-01	  1.25e-02	-7.35430e+00
  1.43e-01	  1.30e-02	-4.93193e+00
  1.43e-01	  1.35e-02	-2.48983e+00
  1.43e-01	  1.41e-02	3.85523e-01
  1.43e-01	  1.46e-02	4.08416e+00
  1.43e-01	  1.51e-02	8.22926e+00
  1.43e-01	  1.56e-02	1.17603e+01
  1.43e-01	  1.61e-02	1.37252e+01
  1.43e-01	  1.67e-02	1.36532e+01
  1.43e-01	  1.72e-02	1.15938e+01
  1.43e-01	  1.77e-02	7.85183e+00
  1.43e-01	  1.82e-02	2.90737e+00
  1.43e-01	  1.88e-02	-2.38083e+00
  1.43e-01	  1.93e-02	-6.92404e+00
  1.43e-01	  1.98e-02	-1.01103e+01
  1.43e-01	  2.03e-02	-1.19782e+01
  1.43e-01	  2.08e-02	-1.26024e+01
  1.43e-01	  2.14e-02	-1.18468e+01
  1.43e-01	  2.19e-02	-9.71977e+00
  1.43e-01	  2.24e-02	-6.69811e+00
  1.43e-01	  2.29e-02	-3.58799e+00
  1.43e-01	  2.34e-02	-1.17937e+00
  1.43e-01	  2.40e-02	4.20140e-01
  1.43e-01	  2.45e-02	2.14613e+00
  1.43e-01	  2.50e-02	4.96718e+00
  1.43e-01	  2.55e-02	8.58249e+00
  1.43e-01	  2.60e-02	1.15014e+01
  1.43e-01	  2.66e-02	1.27196e+01
  1.43e-01	  2.71e-02	1.22374e+01
  1.43e-01	  2.76e-02	1.04216e+01
  1.43e-01	  2.81e-02	7.40264e+00
  1.43e-01	  2.86e-02	3.20437e+00
  1.43e-01	  2.92e-02	-1.68150e+00
  1.43e-01	  2.97e-02	-6.35126e+00
  1.43e-01	  3.02e-02	-1.01016e+01
  1.43e-01	  3.07e-02	-1.25248e+01
  1.43e-01	  3.13e-02	-1.33169e+01
  1.43e-01	  3.18e-02	-1.23222e+01
  1.43e-01	  3.23e-02	-9.80491e+00
  1.43e-01	  3.28e-02	-6.47899e+00
  1.43e-01	  3.33e-02	-3.31246e+00
  1.43e-01	  3.39e-02	-1.01840e+00
  1.43e-01	  3.44e-02	6.75981e-01
  1.43e-01	  3.49e-02	2.46614e+00
  1.43e-01	  3.54e-02	4.72025e+00
  1.43e-01	  3.59e-02	7.46697e+00
  1.43e-01	  3.65e-02	1.05025e+01
  1.43e-01	  3.70e-02	1.33400e+01
  1.43e-01	  3.75e-02	1.54651e+01
  1.43e-01	  3.80e-02	1.71871e+01
  1.43e-01	  3.85e-02	1.91927e+01
  1.43e-01	  3.91e-02	1.93378e+01
  1.43e-01	  3.96e-02	2.36991e+01
  1.43e-01	  4.01e-02	4.69935e-32
  1.43e-01	  4.06e-02	7.51727e-65
  1.43e-01	  4.11e-02	1.14003e-97
  1.43e-01	  4.17e-02	1.72797e-130
  1.43e-01	  4.22e-02	2.61746e-163
  1.43e-01	  4.27e-02	3.96224e-196
  1.43e-01	  4.32e-02	5.99411e-229
  1.43e-01	  4.37e-02	9.06272e-262
  1.43e-01	  4.43e-02	1.36955e-294
  1.43e-01	  4.48e-02	0.00000e+00
  1.43e-01	  4.53e-02	0.00000e+00
  1.43e-01	  4.58e-02	0.00000e+00
  1.43e-01	  4.64e-02	0.00000e+00
  1.43e-01	  4.69e-02	0.00000e+00
  1.43e-01	  4.74e-02	0.00000e+00
  1.43e-01	  4.79e-02	0.00000e+00
  1.43e-01	  4.84e-02	0.00000e+00
  1.43e-01	  4.90e-02	0.00000e+00
  1.43e-01	  4.95e-02	2.25537e-286

  1.44e-01	  0.00e+00	0.00000e+00
  1.44e-01	  5.21e-04	-2.48441e-269
  1.44e-01	  1.04e-03	7.80814e-269
  1.44e-01	  1.56e-03	0.00000e+00
  1.44e-01	  2.08e-03	0.00000e+00
  1.44e-01	  2.60e-03	0.00000e+00
  1.44e-01	  3.12e-03	-1.20671e-268
  1.44e-01	  3.65e-03	1.20671e-268
  1.44e-01	  4.17e-03	0.00000e+00
  1.44e-01	  4.69e-03	-8.56434e-262
  1.44e-01	  5.21e-03	-5.70194e-229
  1.44e-01	  5.73e-03	-3.79870e-196
  1.44e-01	  6.25e-03	-2.53243e-163
  1.44e-01	  6.77e-03	-1.68943e-130
  1.44e-01	  7.29e-03	-1.12786e-97
  1.44e-01	  7.81e-03	-7.53522e-65
  1.44e-01	  8.33e-03	-5.03826e-32
  1.44e-01	  8.85e-03	-2.44344e+01
  1.44e-01	  9.37e-03	-1.85955e+01
  1.44e-01	  9.90e-03	-1.82753e+01
  1.44e-01	  1.04e-02	-1.61920e+01
  1.44e-01	  1.09e-02	-1.41367e+01
  1.44e-01	  1.15e-02	-1.19645e+01
  1.44e-01	  1.20e-02	-9.51254e+00
  1.44e-01	  1.25e-02	-7.06151e+00
  1.44e-01	  1.30e-02	-4.78774e+00
  1.44e-01	  1.35e-02	-2.58481e+00
  1.44e-01	  1.41e-02	-9.63264e-02
  1.44e-01	  1.46e-02	3.08750e+00
  1.44e-01	  1.51e-02	6.89021e+00
  1.44e-01	  1.56e-02	1.05396e+01
  1.44e-01	  1.61e-02	1.30202e+01
  1.44e-01	  1.67e-02	1.35365e+01
  1.44e-01	  1.72e-02	1.18642e+01
  1.44e-01	  1.77e-02	8.25193e+00
  1.44e-01	  1.82e-02	3.23467e+00
  1.44e-01	  1.88e-02	-2.24569e+00
  1.44e-01	  1.93e-02	-6.96333e+00
  1.44e-01	  1.98e-02	-1.01817e+01
  1.44e-01	  2.03e-02	-1.19150e+01
  1.44e-01	  2.08e-02	-1.22490e+01
  1.44e-01	  2.14e-02	-1.11054e+01
  1.44e-01	  2.19e-02	-8.68128e+00
  1.44e-01	  2.24e-02	-5.66008e+00
  1.44e-01	  2.29e-02	-2.86088e+00
  1.44e-01	  2.34e-02	-8.73432e-01
  1.44e-01	  2.40e-02	3.88590e-01
  1.44e-01	  2.45e-02	1.78292e+00
  1.44e-01	  2.50e-02	4.18927e+00
  1.44e-01	  2.55e-02	7.56994e+00
  1.44e-01	  2.60e-02	1.06780e+01
  1.44e-01	  2.66e-02	1.23004e+01
  1.44e-01	  2.71e-02	1.21300e+01
  1.44e-01	  2.76e-02	1.04353e+01
  1.44e-01	  2.81e-02	7.35942e+00
  1.44e-01	  2.86e-02	2.97501e+00
  1.44e-01	  2.92e-02	-2.09788e+00
  1.44e-01	  2.97e-02	-6.83193e+00
  1.44e-01	  3.02e-02	-1.04726e+01
  1.44e-01	  3.07e-02	-1.25770e+01
  1.44e-01	  3.13e-02	-1.28435e+01
  1.44e-01	  3.18e-02	-1.12819e+01
  1.44e-01	  3.23e-02	-8.45200e+00
  1.44e-01	  3.28e-02	-5.24211e+00
  1.44e-01	  3.33e-02	-2.51197e+00
  1.44e-01	  3.39e-02	-6.59190e-01
  1.44e-01	  3.44e-02	7.21083e-01
  1.44e-01	  3.49e-02	2.25296e+00
  1.44e-01	  3.54e-02	4.27240e+00
  1.44e-01	  3.59e-02	6.85557e+00
  1.44e-01	  3.65e-02	9.87239e+00
  1.44e-01	  3.70e-02	1.28675e+01
  1.44e-01	  3.75e-02	1.52431e+01
  1.44e-01	  3.80e-02	1.71823e+01
  1.44e-01	  3.85e-02	1.92702e+01
  1.44e-01	  3.91e-02	1.94406e+01
  1.44e-01	  3.96e-02	2.42475e+01
  1.44e-01	  4.01e-02	4.70545e-32
  1.44e-01	  4.06e-02	7.69189e-65
  1.44e-01	  4.11e-02	1.16434e-97
  1.44e-01	  4.17e-02	1.76135e-130
  1.44e-01	  4.22e-02	2.66275e-163
  1.44e-01	  4.27e-02	4.02302e-196
  1.44e-01	  4.32e-02	6.07493e-229
  1.44e-01	  4.37e-02	9.16940e-262
  1.44e-01	  4.43e-02	0.00000e+00
  1.44e-01	  4.48e-02	0.00000e+00
  1.44e-01	  4.53e-02	0.00000e+00
  1.44e-01	  4.58e-02	0.00000e+00
  1.44e-01	  4.64e-02	0.00000e+00
  1.44e-01	  4.69e-02	0.00000e+00
  1.44e-01	  4.74e-02	0.00000e+00
  1.44e-01	  4.79e-02	0.00000e+00
  1.44e-01	  4.84e-02	0.00000e+00
  1.44e-01	  4.90e-02	0.00000e+00
  1.44e-01	  4.95e-02	4.26475e-254

  1.45e-01	  0.00e+00	0.00000e+00
  1.45e-01	  5.21e-04	-4.60707e-237
  1.45e-01	  1.04e-03	9.79002e-237
  1.45e-01	  1.56e-03	0.00000e+00
  1.45e-01	  2.08e-03	0.00000e+00
  1.45e-01	  2.60e-03	0.00000e+00
  1.45e-01	  3.12e-03	-1.67006e-236
  1.45e-01	  3.65e-03	1.67006e-236
  1.45e-01	  4.17e-03	0.00000e+00
  1.45e-01	  4.69e-03	0.00000e+00
  1.45e-01	  5.21e-03	-5.66840e-229
  1.45e-01	  5.73e-03	-3.77455e-196
  1.45e-01	  6.25e-03	-2.51542e-163
  1.45e-01	  6.77e-03	-1.67772e-130
  1.45e-01	  7.29e-03	-1.11998e-97
  1.45e-01	  7.81e-03	-7.48347e-65
  1.45e-01	  8.33e-03	-5.00517e-32
  1.45e-01	  8.85e-03	-2.43061e+01
  1.45e-01	  9.37e-03	-1.85103e+01
  1.45e-01	  9.90e-03	-1.82731e+01
  1.45e-01	  1.04e-02	-1.62074e+01
  1.45e-01	  1.09e-02	-1.40287e+01
  1.45e-01	  1.15e-02	-1.17085e+01
  1.45e-01	  1.20e-02	-9.18701e+00
  1.45e-01	  1.25e-02	-6.77477e+00
  1.45e-01	  1.30e-02	-4.62361e+00
  1.45e-01	  1.35e-02	-2.61969e+00
  1.45e-01	  1.41e-02	-4.56096e-01
  1.45e-01	  1.46e-02	2.26180e+00
  1.45e-01	  1.51e-02	5.66120e+00
  1.45e-01	  1.56e-02	9.26807e+00
  1.45e-01	  1.61e-02	1.21419e+01
  1.45e-01	  1.67e-02	1.32471e+01
  1.45e-01	  1.72e-02	1.20318e+01
  1.45e-01	  1.77e-02	8.61590e+00
  1.45e-01	  1.82e-02	3.57387e+00
  1.45e-01	  1.88e-02	-2.06673e+00
  1.45e-01	  1.93e-02	-6.94383e+00
  1.45e-01	  1.98e-02	-1.01864e+01
  1.45e-01	  2.03e-02	-1.17727e+01
  1.45e-01	  2.08e-02	-1.18072e+01
  1.45e-01	  2.14e-02	-1.03014e+01
  1.45e-01	  2.19e-02	-7.65846e+00
  1.45e-01	  2.24e-02	-4.71820e+00
  1.45e-01	  2.29e-02	-2.24366e+00
  1.45e-01	  2.34e-02	-6.25352e-01
  1.45e-01	  2.40e-02	3.57179e-01
  1.45e-01	  2.45e-02	1.47095e+00
  1.45e-01	  2.50e-02	3.50122e+00
  1.45e-01	  2.55e-02	6.60357e+00
  1.45e-01	  2.60e-02	9.80725e+00
  1.45e-01	  2.66e-02	1.17953e+01
  1.45e-01	  2.71e-02	1.19522e+01
  1.45e-01	  2.76e-02	1.03969e+01
  1.45e-01	  2.81e-02	7.27052e+00
  1.45e-01	  2.86e-02	2.70956e+00
  1.45e-01	  2.92e-02	-2.52402e+00
  1.45e-01	  2.97e-02	-7.28228e+00
  1.45e-01	  3.02e-02	-1.07583e+01
  1.45e-01	  3.07e-02	-1.24760e+01
  1.45e-01	  3.13e-02	-1.21825e+01
  1.45e-01	  3.18e-02	-1.01225e+01
  1.45e-01	  3.23e-02	-7.13124e+00
  1.45e-01	  3.28e-02	-4.15221e+00
  1.45e-01	  3.33e-02	-1.85749e+00
  1.45e-01	  3.39e-02	-3.81100e-01
  1.45e-01	  3.44e-02	7.41656e-01
  1.45e-01	  3.49e-02	2.05885e+00
  1.45e-01	  3.54e-02	3.87646e+00
  1.45e-01	  3.59e-02	6.30734e+00
  1.45e-01	  3.65e-02	9.29063e+00
  1.45e-01	  3.70e-02	1.24160e+01
  1.45e-01	  3.75e-02	1.50207e+01
  1.45e-01	  3.80e-02	1.71608e+01
  1.45e-01	  3.85e-02	1.93228e+01
  1.45e-01	  3.91e-02	1.95299e+01
  1.45e-01	  3.96e-02	2.47572e+01
  1.45e-01	  4.01e-02	4.70944e-32
  1.45e-01	  4.06e-02	7.85000e-65
  1.45e-01	  4.11e-02	1.18610e-97
  1.45e-01	  4.17e-02	1.79095e-130
  1.45e-01	  4.22e-02	2.70264e-163
  1.45e-01	  4.27e-02	4.07636e-196
  1.45e-01	  4.32e-02	6.14587e-229
  1.45e-01	  4.37e-02	0.00000e+00
  1.45e-01	  4.43e-02	0.00000e+00
  1.45e-01	  4.48e-02	0.00000e+00
  1.45e-01	  4.53e-02	0.00000e+00
  1.45e-01	  4.58e-02	0.00000e+00
  1.45e-01	  4.64e-02	0.00000e+00
  1.45e-01	  4.69e-02	0.00000e+00
  1.45e-01	  4.74e-02	0.00000e+00
  1.45e-01	  4.79e-02	0.00000e+00
  1.45e-01	  4.84e-02	0.00000e+00
  1.45e-01	  4.90e-02	0.00000e+00
  1.45e-01	  4.95e-02	7.08538e-222

  1.45e-01	  0.00e+00	0.00000e+00
  1.45e-01	  5.21e-04	-9.34425e-205
  1.45e-01	  1.04e-03	1.30819e-204
  1.45e-01	  1.56e-03	0.00000e+00
  1.45e-01	  2.08e-03	0.00000e+00
  1.45e-01	  2.60e-03	0.00000e+00
  1.45e-01	  3.12e-03	-1.77541e-204
  1.45e-01	  3.65e-03	1.77541e-204
  1.45e-01	  4.17e-03	0.00000e+00
  1.45e-01	  4.69e-03	0.00000e+00
  1.45e-01	  5.21e-03	0.00000e+00
  1.45e-01	  5.73e-03	-3.75628e-196
  1.45e-01	  6.25e-03	-2.50189e-163
  1.45e-01	  6.77e-03	-1.66797e-130
  1.45e-01	  7.29e-03	-1.11315e-97
  1.45e-01	  7.81e-03	-7.43684e-65
  1.45e-01	  8.33e-03	-4.97419e-32
  1.45e-01	  8.85e-03	-2.41810e+01
  1.45e-01	  9.37e-03	-1.84348e+01
  1.45e-01	  9.90e-03	-1.82703e+01
  1.45e-01	  1.04e-02	-1.62207e+01
  1.45e-01	  1.09e-02	-1.39286e+01
  1.45e-01	  1.15e-02	-1.14652e+01
  1.45e-01	  1.20e-02	-8.87217e+00
  1.45e-01	  1.25e-02	-6.48772e+00
  1.45e-01	  1.30e-02	-4.43804e+00
  1.45e-01	  1.35e-02	-2.60105e+00
  1.45e-01	  1.41e-02	-7.09747e-01
  1.45e-01	  1.46e-02	1.59858e+00
  1.45e-01	  1.51e-02	4.57419e+00
  1.45e-01	  1.56e-02	8.00832e+00
  1.45e-01	  1.61e-02	1.11309e+01
  1.45e-01	  1.67e-02	1.27830e+01
  1.45e-01	  1.72e-02	1.20758e+01
  1.45e-01	  1.77e-02	8.92465e+00
  1.45e-01	  1.82e-02	3.91293e+00
  1.45e-01	  1.88e-02	-1.84748e+00
  1.45e-01	  1.93e-02	-6.86303e+00
  1.45e-01	  1.98e-02	-1.01217e+01
  1.45e-01	  2.03e-02	-1.15541e+01
  1.45e-01	  2.08e-02	-1.12918e+01
  1.45e-01	  2.14e-02	-9.46433e+00
  1.45e-01	  2.19e-02	-6.68026e+00
  1.45e-01	  2.24e-02	-3.87916e+00
  1.45e-01	  2.29e-02	-1.72243e+00
  1.45e-01	  2.34e-02	-4.21250e-01
  1.45e-01	  2.40e-02	3.29715e-01
  1.45e-01	  2.45e-02	1.20602e+00
  1.45e-01	  2.50e-02	2.90139e+00
  1.45e-01	  2.55e-02	5.70305e+00
  1.45e-01	  2.60e-02	8.91571e+00
  1.45e-01	  2.66e-02	1.12143e+01
  1.45e-01	  2.71e-02	1.17002e+01
  1.45e-01	  2.76e-02	1.02997e+01
  1.45e-01	  2.81e-02	7.13315e+00
  1.45e-01	  2.86e-02	2.41361e+00
  1.45e-01	  2.92e-02	-2.94672e+00
  1.45e-01	  2.97e-02	-7.68525e+00
  1.45e-01	  3.02e-02	-1.09412e+01
  1.45e-01	  3.07e-02	-1.22161e+01
  1.45e-01	  3.13e-02	-1.13621e+01
  1.45e-01	  3.18e-02	-8.90539e+00
  1.45e-01	  3.23e-02	-5.89352e+00
  1.45e-01	  3.28e-02	-3.21669e+00
  1.45e-01	  3.33e-02	-1.32940e+00
  1.45e-01	  3.39e-02	-1.67929e-01
  1.45e-01	  3.44e-02	7.42924e-01
  1.45e-01	  3.49e-02	1.87987e+00
  1.45e-01	  3.54e-02	3.52358e+00
  1.45e-01	  3.59e-02	5.81521e+00
  1.45e-01	  3.65e-02	8.75614e+00
  1.45e-01	  3.70e-02	1.19880e+01
  1.45e-01	  3.75e-02	1.47996e+01
  1.45e-01	  3.80e-02	1.71239e+01
  1.45e-01	  3.85e-02	1.93547e+01
  1.45e-01	  3.91e-02	1.96069e+01
  1.45e-01	  3.96e-02	2.52239e+01
  1.45e-01	  4.01e-02	4.71439e-32
  1.45e-01	  4.06e-02	7.99230e-65
  1.45e-01	  4.11e-02	1.20554e-97
  1.45e-01	  4.17e-02	1.81728e-130
  1.45e-01	  4.22e-02	2.73809e-163
  1.45e-01	  4.27e-02	4.12390e-196
  1.45e-01	  4.32e-02	0.00000e+00
  1.45e-01	  4.37e-02	0.00000e+00
  1.45e-01	  4.43e-02	0.00000e+00
  1.45e-01	  4.48e-02	0.00000e+00
  1.45e-01	  4.53e-02	0.00000e+00
  1.45e-01	  4.58e-02	0.00000e+00
  1.45e-01	  4.64e-02	0.00000e+00
  1.45e-01	  4.69e-02	0.00000e+00
  1.45e-01	  4.74e-02	0.00000e+00
  1.45e-01	  4.79e-02	0.00000e+00
  1.45e-01	  4.84e-02	0.00000e+00
  1.45e-01	  4.90e-02	0.00000e+00
  1.45e-01	  4.95e-02	1.01316e-189

  1.46e-01	  0.00e+00	0.00000e+00
  1.46e-01	  5.21e-04	-7.58095e-173
  1.46e-01	  1.04e-03	1.44038e-172
  1.46e-01	  1.56e-03	0.00000e+00
  1.46e-01	  2.08e-03	0.00000e+00
  1.46e-01	  2.60e-03	0.00000e+00
  1.46e-01	  3.12e-03	-1.51619e-172
  1.46e-01	  3.65e-03	1.51619e-172
  1.46e-01	  4.17e-03	0.00000e+00
  1.46e-01	  4.69e-03	0.00000e+00
  1.46e-01	  5.21e-03	0.00000e+00
  1.46e-01	  5.73e-03	0.00000e+00
  1.46e-01	  6.25e-03	-2.49291e-163
  1.46e-01	  6.77e-03	-1.66106e-130
  1.46e-01	  7.29e-03	-1.10803e-97
  1.46e-01	  7.81e-03	-7.40028e-65
  1.46e-01	  8.33e-03	-4.94894e-32
  1.46e-01	  8.85e-03	-2.40754e+01
  1.46e-01	  9.37e-03	-1.83745e+01
  1.46e-01	  9.90e-03	-1.82696e+01
  1.46e-01	  1.04e-02	-1.62297e+01
  1.46e-01	  1.09e-02	-1.38302e+01
  1.46e-01	  1.15e-02	-1.12272e+01
  1.46e-01	  1.20e-02	-8.56049e+00
  1.46e-01	  1.25e-02	-6.19411e+00
  1.46e-01	  1.30e-02	-4.22898e+00
  1.46e-01	  1.35e-02	-2.53391e+00
  1.46e-01	  1.41e-02	-8.72238e-01
  1.46e-01	  1.46e-02	1.08195e+00
  1.46e-01	  1.51e-02	3.64242e+00
  1.46e-01	  1.56e-02	6.81137e+00
  1.46e-01	  1.61e-02	1.00361e+01
  1.46e-01	  1.67e-02	1.21541e+01
  1.46e-01	  1.72e-02	1.19789e+01
  1.46e-01	  1.77e-02	9.15712e+00
  1.46e-01	  1.82e-02	4.23740e+00
  1.46e-01	  1.88e-02	-1.59311e+00
  1.46e-01	  1.93e-02	-6.71929e+00
  1.46e-01	  1.98e-02	-9.98619e+00
  1.46e-01	  2.03e-02	-1.12644e+01
  1.46e-01	  2.08e-02	-1.07203e+01
  1.46e-01	  2.14e-02	-8.62141e+00
  1.46e-01	  2.19e-02	-5.76579e+00
  1.46e-01	  2.24e-02	-3.13953e+00
  1.46e-01	  2.29e-02	-1.27986e+00
  1.46e-01	  2.34e-02	-2.47719e-01
  1.46e-01	  2.40e-02	3.10106e-01
  1.46e-01	  2.45e-02	9.84274e-01
  1.46e-01	  2.50e-02	2.38485e+00
  1.46e-01	  2.55e-02	4.88094e+00
  1.46e-01	  2.60e-02	8.02857e+00
  1.46e-01	  2.66e-02	1.05705e+01
  1.46e-01	  2.71e-02	1.13723e+01
  1.46e-01	  2.76e-02	1.01371e+01
  1.46e-01	  2.81e-02	6.94382e+00
  1.46e-01	  2.86e-02	2.09196e+00
  1.46e-01	  2.92e-02	-3.35461e+00
  1.46e-01	  2.97e-02	-8.02712e+00
  1.46e-01	  3.02e-02	-1.10108e+01
  1.46e-01	  3.07e-02	-1.18049e+01
  1.46e-01	  3.13e-02	-1.04239e+01
  1.46e-01	  3.18e-02	-7.68743e+00
  1.46e-01	  3.23e-02	-4.76859e+00
  1.46e-01	  3.28e-02	-2.42562e+00
  1.46e-01	  3.33e-02	-9.03166e-01
  1.46e-01	  3.39e-02	-3.17278e-03
  1.46e-01	  3.44e-02	7.30811e-01
  1.46e-01	  3.49e-02	1.71353e+00
  1.46e-01	  3.54e-02	3.20576e+00
  1.46e-01	  3.59e-02	5.37085e+00
  1.46e-01	  3.65e-02	8.26462e+00
  1.46e-01	  3.70e-02	1.15829e+01
  1.46e-01	  3.75e-02	1.45792e+01
  1.46e-01	  3.80e-02	1.70721e+01
  1.46e-01	  3.85e-02	1.93691e+01
  1.46e-01	  3.91e-02	1.96719e+01
  1.46e-01	  3.96e-02	2.56429e+01
  1.46e-01	  4.01e-02	4.72449e-32
  1.46e-01	  4.06e-02	8.11921e-65
  1.46e-01	  4.11e-02	1.22283e-97
  1.46e-01	  4.17e-02	1.84072e-130
  1.46e-01	  4.22e-02	2.76978e-163
  1.46e-01	  4.27e-02	0.00000e+00
  1.46e-01	  4.32e-02	0.00000e+00
  1.46e-01	  4.37e-02	0.00000e+00
  1.46e-01	  4.43e-02	0.00000e+00
  1.46e-01	  4.48e-02	0.00000e+00
  1.46e-01	  4.53e-02	0.00000e+00
  1.46e-01	  4.58e-02	0.00000e+00
  1.46e-01	  4.64e-02	0.00000e+00
  1.46e-01	  4.69e-02	0.00000e+00
  1.46e-01	  4.74e-02	0.00000e+00
  1.46e-01	  4.79e-02	0.00000e+00
  1.46e-01	  4.84e-02	0.00000e+00
  1.46e-01	  4.90e-02	0.00000e+00
  1.46e-01	  4.95e-02	1.21233e-157

  1.47e-01	  0.00e+00	0.00000e+00
  1.47e-01	  5.21e-04	-8.61056e-141
  1.47e-01	  1.04e-03	9.84064e-141
  1.47e-01	  1.56e-03	0.00000e+00
  1.47e-01	  2.08e-03	0.00000e+00
  1.47e-01	  2.60e-03	0.00000e+00
  1.47e-01	  3.12e-03	-9.84064e-141
  1.47e-01	  3.65e-03	9.84064e-141
  1.47e-01	  4.17e-03	0.00000e+00
  1.47e-01	  4.69e-03	0.00000e+00
  1.47e-01	  5.21e-03	0.00000e+00
  1.47e-01	  5.73e-03	0.00000e+00
  1.47e-01	  6.25e-03	0.00000e+00
  1.47e-01	  6.77e-03	-1.65729e-130
  1.47e-01	  7.29e-03	-1.10493e-97
  1.47e-01	  7.81e-03	-7.37649e-65
  1.47e-01	  8.33e-03	-4.93158e-32
  1.47e-01	  8.85e-03	-2.40003e+01
  1.47e-01	  9.37e-03	-1.83320e+01
  1.47e-01	  9.90e-03	-1.82727e+01
  1.47e-01	  1.04e-02	-1.62327e+01
  1.47e-01	  1.09e-02	-1.37289e+01
  1.47e-01	  1.15e-02	-1.09886e+01
  1.47e-01	  1.20e-02	-8.24522e+00
  1.47e-01	  1.25e-02	-5.88765e+00
  1.47e-01	  1.30e-02	-3.99306e+00
  1.47e-01	  1.35e-02	-2.42031e+00
  1.47e-01	  1.41e-02	-9.54671e-01
  1.47e-01	  1.46e-02	6.94793e-01
  1.47e-01	  1.51e-02	2.86579e+00
  1.47e-01	  1.56e-02	5.71298e+00
  1.47e-01	  1.61e-02	8.90645e+00
  1.47e-01	  1.67e-02	1.13796e+01
  1.47e-01	  1.72e-02	1.17264e+01
  1.47e-01	  1.77e-02	9.28895e+00
  1.47e-01	  1.82e-02	4.52923e+00
  1.47e-01	  1.88e-02	-1.31007e+00
  1.47e-01	  1.93e-02	-6.51028e+00
  1.47e-01	  1.98e-02	-9.77764e+00
  1.47e-01	  2.03e-02	-1.09095e+01
  1.47e-01	  2.08e-02	-1.01102e+01
  1.47e-01	  2.14e-02	-7.79459e+00
  1.47e-01	  2.19e-02	-4.92370e+00
  1.47e-01	  2.24e-02	-2.48801e+00
  1.47e-01	  2.29e-02	-8.96866e-01
  1.47e-01	  2.34e-02	-9.18584e-02
  1.47e-01	  2.40e-02	3.02697e-01
  1.47e-01	  2.45e-02	8.02940e-01
  1.47e-01	  2.50e-02	1.94547e+00
  1.47e-01	  2.55e-02	4.14374e+00
  1.47e-01	  2.60e-02	7.16759e+00
  1.47e-01	  2.66e-02	9.87951e+00
  1.47e-01	  2.71e-02	1.09681e+01
  1.47e-01	  2.76e-02	9.90098e+00
  1.47e-01	  2.81e-02	6.69686e+00
  1.47e-01	  2.86e-02	1.74657e+00
  1.47e-01	  2.92e-02	-3.74015e+00
  1.47e-01	  2.97e-02	-8.29971e+00
  1.47e-01	  3.02e-02	-1.09665e+01
  1.47e-01	  3.07e-02	-1.12638e+01
  1.47e-01	  3.13e-02	-9.41489e+00
  1.47e-01	  3.18e-02	-6.51156e+00
  1.47e-01	  3.23e-02	-3.76401e+00
  1.47e-01	  3.28e-02	-1.75619e+00
  1.47e-01	  3.33e-02	-5.52088e-01
  1.47e-01	  3.39e-02	1.29128e-01
  1.47e-01	  3.44e-02	7.11328e-01
  1.47e-01	  3.49e-02	1.55821e+00
  1.47e-01	  3.54e-02	2.91574e+00
  1.47e-01	  3.59e-02	4.96515e+00
  1.47e-01	  3.65e-02	7.80922e+00
  1.47e-01	  3.70e-02	1.11967e+01
  1.47e-01	  3.75e-02	1.43571e+01
  1.47e-01	  3.80e-02	1.70049e+01
  1.47e-01	  3.85e-02	1.93681e+01
  1.47e-01	  3.91e-02	1.97243e+01
  1.47e-01	  3.96e-02	2.60074e+01
  1.47e-01	  4.01e-02	4.74512e-32
  1.47e-01	  4.06e-02	8.23013e-65
  1.47e-01	  4.11e-02	1.23796e-97
  1.47e-01	  4.17e-02	1.86133e-130
  1.47e-01	  4.22e-02	0.00000e+00
  1.47e-01	  4.27e-02	0.00000e+00
  1.47e-01	  4.32e-02	0.00000e+00
  1.47e-01	  4.37e-02	0.00000e+00
  1.47e-01	  4.43e-02	0.00000e+00
  1.47e-01	  4.48e-02	0.00000e+00
  1.47e-01	  4.53e-02	0.00000e+00
  1.47e-01	  4.58e-02	0.00000e+00
  1.47e-01	  4.64e-02	0.00000e+00
  1.47e-01	  4.69e-02	0.00000e+00
  1.47e-01	  4.74e-02	0.00000e+00
  1.47e-01	  4.79e-02	0.00000e+00
  1.47e-01	  4.84e-02	0.00000e+00
  1.47e-01	  4.90e-02	0.00000e+00
  1.47e-01	  4.95e-02	1.16537e-125

  1.48e-01	  0.00e+00	0.00000e+00
  1.48e-01	  5.21e-04	-2.99388e-109
  1.48e-01	  1.04e-03	5.48878e-109
  1.48e-01	  1.56e-03	0.00000e+00
  1.48e-01	  2.08e-03	0.00000e+00
  1.48e-01	  2.60e-03	0.00000e+00
  1.48e-01	  3.12e-03	-9.48061e-109
  1.48e-01	  3.65e-03	9.48061e-109
  1.48e-01	  4.17e-03	0.00000e+00
  1.48e-01	  4.69e-03	0.00000e+00
  1.48e-01	  5.21e-03	0.00000e+00
  1.48e-01	  5.73e-03	0.00000e+00
  1.48e-01	  6.25e-03	0.00000e+00
  1.48e-01	  6.77e-03	0.00000e+00
  1.48e-01	  7.29e-03	-1.10374e-97
  1.48e-01	  7.81e-03	-7.36528e-65
  1.48e-01	  8.33e-03	-4.92240e-32
  1.48e-01	  8.85e-03	-2.39585e+01
  1.48e-01	  9.37e-03	-1.83076e+01
  1.48e-01	  9.90e-03	-1.82799e+01
  1.48e-01	  1.04e-02	-1.62301e+01
  1.48e-01	  1.09e-02	-1.36236e+01
  1.48e-01	  1.15e-02	-1.07469e+01
  1.48e-01	  1.20e-02	-7.92131e+00
  1.48e-01	  1.25e-02	-5.56165e+00
  1.48e-01	  1.30e-02	-3.72426e+00
  1.48e-01	  1.35e-02	-2.25749e+00
  1.48e-01	  1.41e-02	-9.61403e-01
  1.48e-01	  1.46e-02	4.24851e-01
  1.48e-01	  1.51e-02	2.23882e+00
  1.48e-01	  1.56e-02	4.73522e+00
  1.48e-01	  1.61e-02	7.78405e+00
  1.48e-01	  1.67e-02	1.04816e+01
  1.48e-01	  1.72e-02	1.13025e+01
  1.48e-01	  1.77e-02	9.28838e+00
  1.48e-01	  1.82e-02	4.76482e+00
  1.48e-01	  1.88e-02	-1.00412e+00
  1.48e-01	  1.93e-02	-6.22792e+00
  1.48e-01	  1.98e-02	-9.48775e+00
  1.48e-01	  2.03e-02	-1.04925e+01
  1.48e-01	  2.08e-02	-9.47723e+00
  1.48e-01	  2.14e-02	-6.99925e+00
  1.48e-01	  2.19e-02	-4.15309e+00
  1.48e-01	  2.24e-02	-1.90731e+00
  1.48e-01	  2.29e-02	-5.53576e-01
  1.48e-01	  2.34e-02	5.85152e-02
  1.48e-01	  2.40e-02	3.12256e-01
  1.48e-01	  2.45e-02	6.61147e-01
  1.48e-01	  2.50e-02	1.57845e+00
  1.48e-01	  2.55e-02	3.49476e+00
  1.48e-01	  2.60e-02	6.35055e+00
  1.48e-01	  2.66e-02	9.15608e+00
  1.48e-01	  2.71e-02	1.04867e+01
  1.48e-01	  2.76e-02	9.58111e+00
  1.48e-01	  2.81e-02	6.38270e+00
  1.48e-01	  2.86e-02	1.37361e+00
  1.48e-01	  2.92e-02	-4.10311e+00
  1.48e-01	  2.97e-02	-8.50396e+00
  1.48e-01	  3.02e-02	-1.08198e+01
  1.48e-01	  3.07e-02	-1.06249e+01
  1.48e-01	  3.13e-02	-8.37808e+00
  1.48e-01	  3.18e-02	-5.39929e+00
  1.48e-01	  3.23e-02	-2.86547e+00
  1.48e-01	  3.28e-02	-1.17610e+00
  1.48e-01	  3.33e-02	-2.49236e-01
  1.48e-01	  3.39e-02	2.43275e-01
  1.48e-01	  3.44e-02	6.89593e-01
  1.48e-01	  3.49e-02	1.41249e+00
  1.48e-01	  3.54e-02	2.64684e+00
  1.48e-01	  3.59e-02	4.58850e+00
  1.48e-01	  3.65e-02	7.38067e+00
  1.48e-01	  3.70e-02	1.08221e+01
  1.48e-01	  3.75e-02	1.41279e+01
  1.48e-01	  3.80e-02	1.69211e+01
  1.48e-01	  3.85e-02	1.93532e+01
  1.48e-01	  3.91e-02	1.97636e+01
  1.48e-01	  3.96e-02	2.63073e+01
  1.48e-01	  4.01e-02	4.78242e-32
  1.48e-01	  4.06e-02	8.32254e-65
  1.48e-01	  4.11e-02	1.25061e-97
  1.48e-01	  4.17e-02	0.00000e+00
  1.48e-01	  4.22e-02	0.00000e+00
  1.48e-01	  4.27e-02	0.00000e+00
  1.48e-01	  4.32e-02	0.00000e+00
  1.48e-01	  4.37e-02	0.00000e+00
  1.48e-01	  4.43e-02	0.00000e+00
  1.48e-01	  4.48e-02	0.00000e+00
  1.48e-01	  4.53e-02	0.00000e+00
  1.48e-01	  4.58e-02	0.00000e+00
  1.48e-01	  4.64e-02	0.00000e+00
  1.48e-01	  4.69e-02	0.00000e+00
  1.48e-01	  4.74e-02	0.00000e+00
  1.48e-01	  4.79e-02	0.00000e+00
  1.48e-01	  4.84e-02	0.00000e+00
  1.48e-01	  4.90e-02	0.00000e+00
  1.48e-01	  4.95e-02	8.43710e-94

  1.48e-01	  0.00e+00	0.00000e+00
  1.48e-01	  5.21e-04	-1.21446e-77
  1.48e-01	  1.04e-03	3.23856e-77
  1.48e-01	  1.56e-03	0.00000e+00
  1.48e-01	  2.08e-03	0.00000e+00
  1.48e-01	  2.60e-03	0.00000e+00
  1.48e-01	  3.12e-03	-4.04820e-77
  1.48e-01	  3.65e-03	4.04820e-77
  1.48e-01	  4.17e-03	0.00000e+00
  1.48e-01	  4.69e-03	0.00000e+00
  1.48e-01	  5.21e-03	0.00000e+00
  1.48e-01	  5.73e-03	0.00000e+00
  1.48e-01	  6.25e-03	0.00000e+00
  1.48e-01	  6.77e-03	0.00000e+00
  1.48e-01	  7.29e-03	-4.45302e-77
  1.48e-01	  7.81e-03	-7.36296e-65
  1.48e-01	  8.33e-03	-4.91932e-32
  1.48e-01	  8.85e-03	-2.39429e+01
  1.48e-01	  9.37e-03	-1.82981e+01
  1.48e-01	  9.90e-03	-1.82883e+01
  1.48e-01	  1.04e-02	-1.62261e+01
  1.48e-01	  1.09e-02	-1.35223e+01
  1.48e-01	  1.15e-02	-1.05072e+01
  1.48e-01	  1.20e-02	-7.58642e+00
  1.48e-01	  1.25e-02	-5.20734e+00
  1.48e-01	  1.30e-02	-3.41178e+00
  1.48e-01	  1.35e-02	-2.03604e+00
  1.48e-01	  1.41e-02	-8.87754e-01
  1.48e-01	  1.46e-02	2.69575e-01
  1.48e-01	  1.51e-02	1.75868e+00
  1.48e-01	  1.56e-02	3.89005e+00
  1.48e-01	  1.61e-02	6.69536e+00
  1.48e-01	  1.67e-02	9.46888e+00
  1.48e-01	  1.72e-02	1.06766e+01
  1.48e-01	  1.77e-02	9.11065e+00
  1.48e-01	  1.82e-02	4.91882e+00
  1.48e-01	  1.88e-02	-6.66860e-01
  1.48e-01	  1.93e-02	-5.83866e+00
  1.48e-01	  1.98e-02	-9.08705e+00
  1.48e-01	  2.03e-02	-1.00106e+01
  1.48e-01	  2.08e-02	-8.83776e+00
  1.48e-01	  2.14e-02	-6.24493e+00
  1.48e-01	  2.19e-02	-3.44025e+00
  1.48e-01	  2.24e-02	-1.36924e+00
  1.48e-01	  2.29e-02	-2.25277e-01
  1.48e-01	  2.34e-02	2.16304e-01
  1.48e-01	  2.40e-02	3.43722e-01
  1.48e-01	  2.45e-02	5.60337e-01
  1.48e-01	  2.50e-02	1.28289e+00
  1.48e-01	  2.55e-02	2.93680e+00
  1.48e-01	  2.60e-02	5.58820e+00
  1.48e-01	  2.66e-02	8.40612e+00
  1.48e-01	  2.71e-02	9.92054e+00
  1.48e-01	  2.76e-02	9.16499e+00
  1.48e-01	  2.81e-02	5.98846e+00
  1.48e-01	  2.86e-02	9.57154e-01
  1.48e-01	  2.92e-02	-4.46280e+00
  1.48e-01	  2.97e-02	-8.66399e+00
  1.48e-01	  3.02e-02	-1.06073e+01
  1.48e-01	  3.07e-02	-9.93527e+00
  1.48e-01	  3.13e-02	-7.34350e+00
  1.48e-01	  3.18e-02	-4.33771e+00
  1.48e-01	  3.23e-02	-2.02804e+00
  1.48e-01	  3.28e-02	-6.38774e-01
  1.48e-01	  3.33e-02	3.44307e-02
  1.48e-01	  3.39e-02	3.51685e-01
  1.48e-01	  3.44e-02	6.69119e-01
  1.48e-01	  3.49e-02	1.27470e+00
  1.48e-01	  3.54e-02	2.39249e+00
  1.48e-01	  3.59e-02	4.22971e+00
  1.48e-01	  3.65e-02	6.96474e+00
  1.48e-01	  3.70e-02	1.04441e+01
  1.48e-01	  3.75e-02	1.38795e+01
  1.48e-01	  3.80e-02	1.68165e+01
  1.48e-01	  3.85e-02	1.93283e+01
  1.48e-01	  3.91e-02	1.97933e+01
  1.48e-01	  3.96e-02	2.65303e+01
  1.48e-01	  4.01e-02	4.84191e-32
  1.48e-01	  4.06e-02	8.39133e-65
  1.48e-01	  4.11e-02	0.00000e+00
  1.48e-01	  4.17e-02	0.00000e+00
  1.48e-01	  4.22e-02	0.00000e+00
  1.48e-01	  4.27e-02	0.00000e+00
  1.48e-01	  4.32e-02	0.00000e+00
  1.48e-01	  4.37e-02	0.00000e+00
  1.48e-01	  4.43e-02	0.00000e+00
  1.48e-01	  4.48e-02	0.00000e+00
  1.48e-01	  4.53e-02	0.00000e+00
  1.48e-01	  4.58e-02	0.00000e+00
  1.48e-01	  4.64e-02	0.00000e+00
  1.48e-01	  4.69e-02	0.00000e+00
  1.48e-01	  4.74e-02	0.00000e+00
  1.48e-01	  4.79e-02	0.00000e+00
  1.48e-01	  4.84e-02	0.00000e+00
  1.48e-01	  4.90e-02	0.00000e+00
  1.48e-01	  4.95e-02	4.08946e-62

  1.49e-01	  0.00e+00	0.00000e+00
  1.49e-01	  5.21e-04	0.00000e+00
  1.49e-01	  1.04e-03	0.00000e+00
  1.49e-01	  1.56e-03	0.00000e+00
  1.49e-01	  2.08e-03	0.00000e+00
  1.49e-01	  2.60e-03	0.00000e+00
  1.49e-01	  3.12e-03	0.00000e+00
  1.49e-01	  3.65e-03	0.00000e+00
  1.49e-01	  4.17e-03	0.00000e+00
  1.49e-01	  4.69e-03	0.00000e+00
  1.49e-01	  5.21e-03	0.00000e+00
  1.49e-01	  5.73e-03	0.00000e+00
  1.49e-01	  6.25e-03	0.00000e+00
  1.49e-01	  6.77e-03	0.00000e+00
  1.49e-01	  7.29e-03	0.00000e+00
  1.49e-01	  7.81e-03	0.00000e+00
  1.49e-01	  8.33e-03	-4.91774e-32
  1.49e-01	  8.85e-03	-2.39346e+01
  1.49e-01	  9.37e-03	-1.82970e+01
  1.49e-01	  9.90e-03	-1.83252e+01
  1.49e-01	  1.04e-02	-1.62698e+01
  1.49e-01	  1.09e-02	-1.35266e+01
  1.49e-01	  1.15e-02	-1.04618e+01
  1.49e-01	  1.20e-02	-7.51249e+00
  1.49e-01	  1.25e-02	-5.10222e+00
  1.49e-01	  1.30e-02	-3.23401e+00
  1.49e-01	  1.35e-02	-1.73329e+00
  1.49e-01	  1.41e-02	-4.22037e-01
  1.49e-01	  1.46e-02	9.04604e-01
  1.49e-01	  1.51e-02	2.52841e+00
  1.49e-01	  1.56e-02	4.73699e+00
  1.49e-01	  1.61e-02	7.57984e+00
  1.49e-01	  1.67e-02	1.03968e+01
  1.49e-01	  1.72e-02	1.16092e+01
  1.49e-01	  1.77e-02	9.87539e+00
  1.49e-01	  1.82e-02	5.35440e+00
  1.49e-01	  1.88e-02	-6.13916e-01
  1.49e-01	  1.93e-02	-6.16458e+00
  1.49e-01	  1.98e-02	-9.71251e+00
  1.49e-01	  2.03e-02	-1.07922e+01
  1.49e-01	  2.08e-02	-9.67434e+00
  1.49e-01	  2.14e-02	-7.12585e+00
  1.49e-01	  2.19e-02	-4.37544e+00
  1.49e-01	  2.24e-02	-2.30176e+00
  1.49e-01	  2.29e-02	-1.04447e+00
  1.49e-01	  2.34e-02	-3.81436e-01
  1.49e-01	  2.40e-02	2.81137e-02
  1.49e-01	  2.45e-02	5.30390e-01
  1.49e-01	  2.50e-02	1.49772e+00
  1.49e-01	  2.55e-02	3.33325e+00
  1.49e-01	  2.60e-02	6.14122e+00
  1.49e-01	  2.66e-02	9.14039e+00
  1.49e-01	  2.71e-02	1.07888e+01
  1.49e-01	  2.76e-02	9.99390e+00
  1.49e-01	  2.81e-02	6.62343e+00
  1.49e-01	  2.86e-02	1.36009e+00
  1.49e-01	  2.92e-02	-4.27790e+00
  1.49e-01	  2.97e-02	-8.68892e+00
  1.49e-01	  3.02e-02	-1.08160e+01
  1.49e-01	  3.07e-02	-1.03211e+01
  1.49e-01	  3.13e-02	-7.98346e+00
  1.49e-01	  3.18e-02	-5.28717e+00
  1.49e-01	  3.23e-02	-3.19560e+00
  1.49e-01	  3.28e-02	-1.84460e+00
  1.49e-01	  3.33e-02	-1.04441e+00
  1.49e-01	  3.39e-02	-5.03933e-01
  1.49e-01	  3.44e-02	6.21545e-02
  1.49e-01	  3.49e-02	9.01295e-01
  1.49e-01	  3.54e-02	2.22183e+00
  1.49e-01	  3.59e-02	4.22457e+00
  1.49e-01	  3.65e-02	7.09078e+00
  1.49e-01	  3.70e-02	1.06782e+01
  1.49e-01	  3.75e-02	1.41882e+01
  1.49e-01	  3.80e-02	1.71335e+01
  1.49e-01	  3.85e-02	1.95738e+01
  1.49e-01	  3.91e-02	1.99606e+01
  1.49e-01	  3.96e-02	2.67136e+01
  1.49e-01	  4.01e-02	1.40230e-31
  1.49e-01	  4.06e-02	0.00000e+00
  1.49e-01	  4.11e-02	0.00000e+00
  1.49e-01	  4.17e-02	0.00000e+00
  1.49e-01	  4.22e-02	0.00000e+00
  1.49e-01	  4.27e-02	0.00000e+00
  1.49e-01	  4.32e-02	0.00000e+00
  1.49e-01	  4.37e-02	0.00000e+00
  1.49e-01	  4.43e-02	0.00000e+00
  1.49e-01	  4.48e-02	0.00000e+00
  1.49e-01	  4.53e-02	0.00000e+00
  1.49e-01	  4.58e-02	0.00000e+00
  1.49e-01	  4.64e-02	0.00000e+00
  1.49e-01	  4.69e-02	0.00000e+00
  1.49e-01	  4.74e-02	0.00000e+00
  1.49e-01	  4.79e-02	0.00000e+00
  1.49e-01	  4.84e-02	0.00000e+00
  1.49e-01	  4.90e-02	0.00000e+00
  1.49e-01	  4.95e-02	9.95302e-31

