  0.00e+00	  0.00e+00	0.00000e+00
  0.00e+00	  5.21e-04	0.00000e+00
  0.00e+00	  1.04e-03	0.00000e+00
  0.00e+00	  1.56e-03	0.00000e+00
  0.00e+00	  2.08e-03	0.00000e+00
  0.00e+00	  2.60e-03	0.00000e+00
  0.00e+00	  3.12e-03	0.00000e+00
  0.00e+00	  3.65e-03	0.00000e+00
  0.00e+00	  4.17e-03	0.00000e+00
  0.00e+00	  4.69e-03	0.00000e+00
  0.00e+00	  5.21e-03	0.00000e+00
  0.00e+00	  5.73e-03	0.00000e+00
  0.00e+00	  6.25e-03	0.00000e+00
  0.00e+00	  6.77e-03	0.00000e+00
  0.00e+00	  7.29e-03	0.00000e+00
  0.00e+00	  7.81e-03	0.00000e+00
  0.00e+00	  8.33e-03	0.00000e+00
  0.00e+00	  8.85e-03	0.00000e+00
  0.00e+00	  9.37e-03	-3.39845e-27
  0.00e+00	  9.90e-03	7.24448e+00
  0.00e+00	  1.04e-02	5.19486e+00
  0.00e+00	  1.09e-02	3.80934e+00
  0.00e+00	  1.15e-02	2.95749e+00
  0.00e+00	  1.20e-02	2.38944e+00
  0.00e+00	  1.25e-02	1.99478e+00
  0.00e+00	  1.30e-02	1.70907e+00
  0.00e+00	  1.35e-02	1.49369e+00
  0.00e+00	  1.41e-02	1.32558e+00
  0.00e+00	  1.46e-02	1.19057e+00
  0.00e+00	  1.51e-02	1.07953e+00
  0.00e+00	  1.56e-02	9.86342e-01
  0.00e+00	  1.61e-02	9.06761e-01
  0.00e+00	  1.67e-02	8.37731e-01
  0.00e+00	  1.72e-02	7.76999e-01
  0.00e+00	  1.77e-02	7.22859e-01
  0.00e+00	  1.82e-02	6.73994e-01
  0.00e+00	  1.88e-02	6.29367e-01
  0.00e+00	  1.93e-02	5.88147e-01
  0.00e+00	  1.98e-02	5.49657e-01
  0.00e+00	  2.03e-02	5.13338e-01
  0.00e+00	  2.08e-02	4.78719e-01
  0.00e+00	  2.14e-02	4.45401e-01
  0.00e+00	  2.19e-02	4.13037e-01
  0.00e+00	  2.24e-02	3.81324e-01
  0.00e+00	  2.29e-02	3.49990e-01
  0.00e+00	  2.34e-02	3.18789e-01
  0.00e+00	  2.40e-02	2.87494e-01
  0.00e+00	  2.45e-02	2.55888e-01
  0.00e+00	  2.50e-02	2.23766e-01
  0.00e+00	  2.55e-02	1.90924e-01
  0.00e+00	  2.60e-02	1.57158e-01
  0.00e+00	  2.66e-02	1.22256e-01
  0.00e+00	  2.71e-02	8.59967e-02
  0.00e+00	  2.76e-02	4.81433e-02
  0.00e+00	  2.81e-02	8.43482e-03
  0.00e+00	  2.86e-02	-3.34200e-02
  0.00e+00	  2.92e-02	-7.77524e-02
  0.00e+00	  2.97e-02	-1.24946e-01
  0.00e+00	  3.02e-02	-1.75452e-01
  0.00e+00	  3.07e-02	-2.29808e-01
  0.00e+00	  3.13e-02	-2.88671e-01
  0.00e+00	  3.18e-02	-3.52847e-01
  0.00e+00	  3.23e-02	-4.23347e-01
  0.00e+00	  3.28e-02	-5.01461e-01
  0.00e+00	  3.33e-02	-5.88867e-01
  0.00e+00	  3.39e-02	-6.87789e-01
  0.00e+00	  3.44e-02	-8.01252e-01
  0.00e+00	  3.49e-02	-9.33479e-01
  0.00e+00	  3.54e-02	-1.09056e+00
  0.00e+00	  3.59e-02	-1.28158e+00
  0.00e+00	  3.65e-02	-1.52072e+00
  0.00e+00	  3.70e-02	-1.83101e+00
  0.00e+00	  3.75e-02	-2.25105e+00
  0.00e+00	  3.80e-02	-2.84519e+00
  0.00e+00	  3.85e-02	-3.72350e+00
  0.00e+00	  3.91e-02	-5.13589e+00
  0.00e+00	  3.96e-02	-7.21449e+00
  0.00e+00	  4.01e-02	3.39749e-27
  0.00e+00	  4.06e-02	0.00000e+00
  0.00e+00	  4.11e-02	0.00000e+00
  0.00e+00	  4.17e-02	0.00000e+00
  0.00e+00	  4.22e-02	0.00000e+00
  0.00e+00	  4.27e-02	0.00000e+00
  0.00e+00	  4.32e-02	0.00000e+00
  0.00e+00	  4.37e-02	0.00000e+00
  0.00e+00	  4.43e-02	0.00000e+00
  0.00e+00	  4.48e-02	0.00000e+00
  0.00e+00	  4.53e-02	0.00000e+00
  0.00e+00	  4.58e-02	0.00000e+00
  0.00e+00	  4.64e-02	0.00000e+00
  0.00e+00	  4.69e-02	0.00000e+00
  0.00e+00	  4.74e-02	0.00000e+00
  0.00e+00	  4.79e-02	0.00000e+00
  0.00e+00	  4.84e-02	0.00000e+00
  0.00e+00	  4.90e-02	0.00000e+00
  0.00e+00	  4.95e-02	0.00000e+00

  0.00e+00	  0.00e+00	0.00000e+00
  0.00e+00	  5.21e-04	0.00000e+00
  0.00e+00	  1.04e-03	0.00000e+00
  0.00e+00	  1.56e-03	0.00000e+00
  0.00e+00	  2.08e-03	0.00000e+00
  0.00e+00	  2.60e-03	0.00000e+00
  0.00e+00	  3.12e-03	0.00000e+00
  0.00e+00	  3.65e-03	0.00000e+00
  0.00e+00	  4.17e-03	0.00000e+00
  0.00e+00	  4.69e-03	0.00000e+00
  0.00e+00	  5.21e-03	0.00000e+00
  0.00e+00	  5.73e-03	0.00000e+00
  0.00e+00	  6.25e-03	0.00000e+00
  0.00e+00	  6.77e-03	0.00000e+00
  0.00e+00	  7.29e-03	0.00000e+00
  0.00e+00	  7.81e-03	0.00000e+00
  0.00e+00	  8.33e-03	0.00000e+00
  0.00e+00	  8.85e-03	-3.84000e+02
  0.00e+00	  9.37e-03	5.93136e-31
  0.00e+00	  9.90e-03	7.89389e-01
  0.00e+00	  1.04e-02	1.29144e+00
  0.00e+00	  1.09e-02	1.25530e+00
  0.00e+00	  1.15e-02	1.13505e+00
  0.00e+00	  1.20e-02	1.00456e+00
  0.00e+00	  1.25e-02	8.84856e-01
  0.00e+00	  1.30e-02	7.83301e-01
  0.00e+00	  1.35e-02	6.99168e-01
  0.00e+00	  1.41e-02	6.29437e-01
  0.00e+00	  1.46e-02	5.71113e-01
  0.00e+00	  1.51e-02	5.21747e-01
  0.00e+00	  1.56e-02	4.79439e-01
  0.00e+00	  1.61e-02	4.42728e-01
  0.00e+00	  1.67e-02	4.10488e-01
  0.00e+00	  1.72e-02	3.81844e-01
  0.00e+00	  1.77e-02	3.56106e-01
  0.00e+00	  1.82e-02	3.32723e-01
  0.00e+00	  1.88e-02	3.11251e-01
  0.00e+00	  1.93e-02	2.91328e-01
  0.00e+00	  1.98e-02	2.72651e-01
  0.00e+00	  2.03e-02	2.54969e-01
  0.00e+00	  2.08e-02	2.38067e-01
  0.00e+00	  2.14e-02	2.21761e-01
  0.00e+00	  2.19e-02	2.05889e-01
  0.00e+00	  2.24e-02	1.90310e-01
  0.00e+00	  2.29e-02	1.74895e-01
  0.00e+00	  2.34e-02	1.59527e-01
  0.00e+00	  2.40e-02	1.44100e-01
  0.00e+00	  2.45e-02	1.28509e-01
  0.00e+00	  2.50e-02	1.12656e-01
  0.00e+00	  2.55e-02	9.64452e-02
  0.00e+00	  2.60e-02	7.97773e-02
  0.00e+00	  2.66e-02	6.25526e-02
  0.00e+00	  2.71e-02	4.46660e-02
  0.00e+00	  2.76e-02	2.60051e-02
  0.00e+00	  2.81e-02	6.44744e-03
  0.00e+00	  2.86e-02	-1.41430e-02
  0.00e+00	  2.92e-02	-3.59196e-02
  0.00e+00	  2.97e-02	-5.90586e-02
  0.00e+00	  3.02e-02	-8.37650e-02
  0.00e+00	  3.07e-02	-1.10281e-01
  0.00e+00	  3.13e-02	-1.38896e-01
  0.00e+00	  3.18e-02	-1.69961e-01
  0.00e+00	  3.23e-02	-2.03908e-01
  0.00e+00	  3.28e-02	-2.41273e-01
  0.00e+00	  3.33e-02	-2.82731e-01
  0.00e+00	  3.39e-02	-3.29144e-01
  0.00e+00	  3.44e-02	-3.81622e-01
  0.00e+00	  3.49e-02	-4.41610e-01
  0.00e+00	  3.54e-02	-5.10994e-01
  0.00e+00	  3.59e-02	-5.92206e-01
  0.00e+00	  3.65e-02	-6.88226e-01
  0.00e+00	  3.70e-02	-8.02053e-01
  0.00e+00	  3.75e-02	-9.34367e-01
  0.00e+00	  3.80e-02	-1.07771e+00
  0.00e+00	  3.85e-02	-1.21101e+00
  0.00e+00	  3.91e-02	-1.26074e+00
  0.00e+00	  3.96e-02	3.83226e+02
  0.00e+00	  4.01e-02	-5.96621e-31
  0.00e+00	  4.06e-02	0.00000e+00
  0.00e+00	  4.11e-02	0.00000e+00
  0.00e+00	  4.17e-02	0.00000e+00
  0.00e+00	  4.22e-02	0.00000e+00
  0.00e+00	  4.27e-02	0.00000e+00
  0.00e+00	  4.32e-02	0.00000e+00
  0.00e+00	  4.37e-02	0.00000e+00
  0.00e+00	  4.43e-02	0.00000e+00
  0.00e+00	  4.48e-02	0.00000e+00
  0.00e+00	  4.53e-02	0.00000e+00
  0.00e+00	  4.58e-02	0.00000e+00
  0.00e+00	  4.64e-02	0.00000e+00
  0.00e+00	  4.69e-02	0.00000e+00
  0.00e+00	  4.74e-02	0.00000e+00
  0.00e+00	  4.79e-02	0.00000e+00
  0.00e+00	  4.84e-02	0.00000e+00
  0.00e+00	  4.90e-02	0.00000e+00
  0.00e+00	  4.95e-02	0.00000e+00

  7.81e-04	  0.00e+00	0.00000e+00
  7.81e-04	  5.21e-04	0.00000e+00
  7.81e-04	  1.04e-03	0.00000e+00
  7.81e-04	  1.56e-03	0.00000e+00
  7.81e-04	  2.08e-03	0.00000e+00
  7.81e-04	  2.60e-03	0.00000e+00
  7.81e-04	  3.12e-03	0.00000e+00
  7.81e-04	  3.65e-03	0.00000e+00
  7.81e-04	  4.17e-03	-3.75639e-293
  7.81e-04	  4.69e-03	-2.50424e-260
  7.81e-04	  5.21e-03	-1.66948e-227
  7.81e-04	  5.73e-03	-1.11297e-194
  7.81e-04	  6.25e-03	-7.41976e-162
  7.81e-04	  6.77e-03	-4.94646e-129
  7.81e-04	  7.29e-03	-3.29761e-96
  7.81e-04	  7.81e-03	-2.19839e-63
  7.81e-04	  8.33e-03	-1.46558e-30
  7.81e-04	  8.85e-03	-3.75850e+02
  7.81e-04	  9.37e-03	-1.04559e+01
  7.81e-04	  9.90e-03	9.49182e-01
  7.81e-04	  1.04e-02	1.27705e+00
  7.81e-04	  1.09e-02	1.10704e+00
  7.81e-04	  1.15e-02	9.96447e-01
  7.81e-04	  1.20e-02	8.96851e-01
  7.81e-04	  1.25e-02	8.05511e-01
  7.81e-04	  1.30e-02	7.25373e-01
  7.81e-04	  1.35e-02	6.56568e-01
  7.81e-04	  1.41e-02	5.97703e-01
  7.81e-04	  1.46e-02	5.47122e-01
  7.81e-04	  1.51e-02	5.03338e-01
  7.81e-04	  1.56e-02	4.65117e-01
  7.81e-04	  1.61e-02	4.31449e-01
  7.81e-04	  1.67e-02	4.01515e-01
  7.81e-04	  1.72e-02	3.74647e-01
  7.81e-04	  1.77e-02	3.50298e-01
  7.81e-04	  1.82e-02	3.28020e-01
  7.81e-04	  1.88e-02	3.07439e-01
  7.81e-04	  1.93e-02	2.88243e-01
  7.81e-04	  1.98e-02	2.70170e-01
  7.81e-04	  2.03e-02	2.52993e-01
  7.81e-04	  2.08e-02	2.36521e-01
  7.81e-04	  2.14e-02	2.20585e-01
  7.81e-04	  2.19e-02	2.05036e-01
  7.81e-04	  2.24e-02	1.89742e-01
  7.81e-04	  2.29e-02	1.74583e-01
  7.81e-04	  2.34e-02	1.59449e-01
  7.81e-04	  2.40e-02	1.44237e-01
  7.81e-04	  2.45e-02	1.28850e-01
  7.81e-04	  2.50e-02	1.13193e-01
  7.81e-04	  2.55e-02	9.71730e-02
  7.81e-04	  2.60e-02	8.06956e-02
  7.81e-04	  2.66e-02	6.36645e-02
  7.81e-04	  2.71e-02	4.59785e-02
  7.81e-04	  2.76e-02	2.75295e-02
  7.81e-04	  2.81e-02	8.19933e-03
  7.81e-04	  2.86e-02	-1.21427e-02
  7.81e-04	  2.92e-02	-3.36442e-02
  7.81e-04	  2.97e-02	-5.64744e-02
  7.81e-04	  3.02e-02	-8.08306e-02
  7.81e-04	  3.07e-02	-1.06946e-01
  7.81e-04	  3.13e-02	-1.35099e-01
  7.81e-04	  3.18e-02	-1.65633e-01
  7.81e-04	  3.23e-02	-1.98968e-01
  7.81e-04	  3.28e-02	-2.35641e-01
  7.81e-04	  3.33e-02	-2.76342e-01
  7.81e-04	  3.39e-02	-3.21992e-01
  7.81e-04	  3.44e-02	-3.73859e-01
  7.81e-04	  3.49e-02	-4.33779e-01
  7.81e-04	  3.54e-02	-5.04546e-01
  7.81e-04	  3.59e-02	-5.90593e-01
  7.81e-04	  3.65e-02	-6.98779e-01
  7.81e-04	  3.70e-02	-8.37690e-01
  7.81e-04	  3.75e-02	-1.02201e+00
  7.81e-04	  3.80e-02	-1.34308e+00
  7.81e-04	  3.85e-02	-1.49124e+00
  7.81e-04	  3.91e-02	9.81023e+00
  7.81e-04	  3.96e-02	3.75698e+02
  7.81e-04	  4.01e-02	1.15976e-30
  7.81e-04	  4.06e-02	2.19866e-63
  7.81e-04	  4.11e-02	3.29802e-96
  7.81e-04	  4.17e-02	4.94707e-129
  7.81e-04	  4.22e-02	7.42068e-162
  7.81e-04	  4.27e-02	1.11311e-194
  7.81e-04	  4.32e-02	1.66968e-227
  7.81e-04	  4.37e-02	2.50455e-260
  7.81e-04	  4.43e-02	3.75685e-293
  7.81e-04	  4.48e-02	0.00000e+00
  7.81e-04	  4.53e-02	0.00000e+00
  7.81e-04	  4.58e-02	0.00000e+00
  7.81e-04	  4.64e-02	0.00000e+00
  7.81e-04	  4.69e-02	0.00000e+00
  7.81e-04	  4.74e-02	0.00000e+00
  7.81e-04	  4.79e-02	0.00000e+00
  7.81e-04	  4.84e-02	0.00000e+00
  7.81e-04	  4.90e-02	0.00000e+00
  7.81e-04	  4.95e-02	0.00000e+00

  1.56e-03	  0.00e+00	0.00000e+00
  1.56e-03	  5.21e-04	0.00000e+00
  1.56e-03	  1.04e-03	0.00000e+00
  1.56e-03	  1.56e-03	0.00000e+00
  1.56e-03	  2.08e-03	0.00000e+00
  1.56e-03	  2.60e-03	0.00000e+00
  1.56e-03	  3.12e-03	0.00000e+00
  1.56e-03	  3.65e-03	0.00000e+00
  1.56e-03	  4.17e-03	-3.48114e-293
  1.56e-03	  4.69e-03	-2.32074e-260
  1.56e-03	  5.21e-03	-1.54715e-227
  1.56e-03	  5.73e-03	-1.03143e-194
  1.56e-03	  6.25e-03	-6.87613e-162
  1.56e-03	  6.77e-03	-4.58406e-129
  1.56e-03	  7.29e-03	-3.05602e-96
  1.56e-03	  7.81e-03	-2.03733e-63
  1.56e-03	  8.33e-03	-1.35821e-30
  1.56e-03	  8.85e-03	-3.65912e+02
  1.56e-03	  9.37e-03	-2.15579e+01
  1.56e-03	  9.90e-03	2.89596e-01
  1.56e-03	  1.04e-02	1.39489e+00
  1.56e-03	  1.09e-02	1.12439e+00
  1.56e-03	  1.15e-02	9.75689e-01
  1.56e-03	  1.20e-02	8.66160e-01
  1.56e-03	  1.25e-02	7.72882e-01
  1.56e-03	  1.30e-02	6.94883e-01
  1.56e-03	  1.35e-02	6.29966e-01
  1.56e-03	  1.41e-02	5.75337e-01
  1.56e-03	  1.46e-02	5.28666e-01
  1.56e-03	  1.51e-02	4.88233e-01
  1.56e-03	  1.56e-02	4.52780e-01
  1.56e-03	  1.61e-02	4.21364e-01
  1.56e-03	  1.67e-02	3.93253e-01
  1.56e-03	  1.72e-02	3.67861e-01
  1.56e-03	  1.77e-02	3.44715e-01
  1.56e-03	  1.82e-02	3.23422e-01
  1.56e-03	  1.88e-02	3.03654e-01
  1.56e-03	  1.93e-02	2.85135e-01
  1.56e-03	  1.98e-02	2.67631e-01
  1.56e-03	  2.03e-02	2.50937e-01
  1.56e-03	  2.08e-02	2.34877e-01
  1.56e-03	  2.14e-02	2.19297e-01
  1.56e-03	  2.19e-02	2.04059e-01
  1.56e-03	  2.24e-02	1.89039e-01
  1.56e-03	  2.29e-02	1.74124e-01
  1.56e-03	  2.34e-02	1.59210e-01
  1.56e-03	  2.40e-02	1.44198e-01
  1.56e-03	  2.45e-02	1.28995e-01
  1.56e-03	  2.50e-02	1.13510e-01
  1.56e-03	  2.55e-02	9.76523e-02
  1.56e-03	  2.60e-02	8.13302e-02
  1.56e-03	  2.66e-02	6.44493e-02
  1.56e-03	  2.71e-02	4.69102e-02
  1.56e-03	  2.76e-02	2.86058e-02
  1.56e-03	  2.81e-02	9.41907e-03
  1.56e-03	  2.86e-02	-1.07809e-02
  1.56e-03	  2.92e-02	-3.21428e-02
  1.56e-03	  2.97e-02	-5.48387e-02
  1.56e-03	  3.02e-02	-7.90715e-02
  1.56e-03	  3.07e-02	-1.05084e-01
  1.56e-03	  3.13e-02	-1.33175e-01
  1.56e-03	  3.18e-02	-1.63715e-01
  1.56e-03	  3.23e-02	-1.97180e-01
  1.56e-03	  3.28e-02	-2.34193e-01
  1.56e-03	  3.33e-02	-2.75600e-01
  1.56e-03	  3.39e-02	-3.22594e-01
  1.56e-03	  3.44e-02	-3.76916e-01
  1.56e-03	  3.49e-02	-4.41227e-01
  1.56e-03	  3.54e-02	-5.19672e-01
  1.56e-03	  3.59e-02	-6.18458e-01
  1.56e-03	  3.65e-02	-7.45059e-01
  1.56e-03	  3.70e-02	-9.04640e-01
  1.56e-03	  3.75e-02	-1.12172e+00
  1.56e-03	  3.80e-02	-1.51211e+00
  1.56e-03	  3.85e-02	-7.51623e-01
  1.56e-03	  3.91e-02	2.12043e+01
  1.56e-03	  3.96e-02	3.66024e+02
  1.56e-03	  4.01e-02	1.14285e-30
  1.56e-03	  4.06e-02	2.03808e-63
  1.56e-03	  4.11e-02	3.05715e-96
  1.56e-03	  4.17e-02	4.58575e-129
  1.56e-03	  4.22e-02	6.87867e-162
  1.56e-03	  4.27e-02	1.03181e-194
  1.56e-03	  4.32e-02	1.54772e-227
  1.56e-03	  4.37e-02	2.32160e-260
  1.56e-03	  4.43e-02	3.48243e-293
  1.56e-03	  4.48e-02	0.00000e+00
  1.56e-03	  4.53e-02	0.00000e+00
  1.56e-03	  4.58e-02	0.00000e+00
  1.56e-03	  4.64e-02	0.00000e+00
  1.56e-03	  4.69e-02	0.00000e+00
  1.56e-03	  4.74e-02	0.00000e+00
  1.56e-03	  4.79e-02	0.00000e+00
  1.56e-03	  4.84e-02	0.00000e+00
  1.56e-03	  4.90e-02	0.00000e+00
  1.56e-03	  4.95e-02	0.00000e+00

  2.34e-03	  0.00e+00	0.00000e+00
  2.34e-03	  5.21e-04	0.00000e+00
  2.34e-03	  1.04e-03	0.00000e+00
  2.34e-03	  1.56e-03	0.00000e+00
  2.34e-03	  2.08e-03	0.00000e+00
  2.34e-03	  2.60e-03	0.00000e+00
  2.34e-03	  3.12e-03	0.00000e+00
  2.34e-03	  3.65e-03	0.00000e+00
  2.34e-03	  4.17e-03	-3.35375e-293
  2.34e-03	  4.69e-03	-2.23582e-260
  2.34e-03	  5.21e-03	-1.49054e-227
  2.34e-03	  5.73e-03	-9.93688e-195
  2.34e-03	  6.25e-03	-6.62455e-162
  2.34e-03	  6.77e-03	-4.41634e-129
  2.34e-03	  7.29e-03	-2.94421e-96
  2.34e-03	  7.81e-03	-1.96280e-63
  2.34e-03	  8.33e-03	-1.30852e-30
  2.34e-03	  8.85e-03	-3.55524e+02
  2.34e-03	  9.37e-03	-3.20469e+01
  2.34e-03	  9.90e-03	-1.07450e+00
  2.34e-03	  1.04e-02	1.43113e+00
  2.34e-03	  1.09e-02	1.16367e+00
  2.34e-03	  1.15e-02	9.87689e-01
  2.34e-03	  1.20e-02	8.70140e-01
  2.34e-03	  1.25e-02	7.69924e-01
  2.34e-03	  1.30e-02	6.86650e-01
  2.34e-03	  1.35e-02	6.19034e-01
  2.34e-03	  1.41e-02	5.63704e-01
  2.34e-03	  1.46e-02	5.17494e-01
  2.34e-03	  1.51e-02	4.78069e-01
  2.34e-03	  1.56e-02	4.43810e-01
  2.34e-03	  1.61e-02	4.13587e-01
  2.34e-03	  1.67e-02	3.86581e-01
  2.34e-03	  1.72e-02	3.62177e-01
  2.34e-03	  1.77e-02	3.39894e-01
  2.34e-03	  1.82e-02	3.19349e-01
  2.34e-03	  1.88e-02	3.00227e-01
  2.34e-03	  1.93e-02	2.82266e-01
  2.34e-03	  1.98e-02	2.65242e-01
  2.34e-03	  2.03e-02	2.48965e-01
  2.34e-03	  2.08e-02	2.33267e-01
  2.34e-03	  2.14e-02	2.18004e-01
  2.34e-03	  2.19e-02	2.03044e-01
  2.34e-03	  2.24e-02	1.88269e-01
  2.34e-03	  2.29e-02	1.73572e-01
  2.34e-03	  2.34e-02	1.58852e-01
  2.34e-03	  2.40e-02	1.44014e-01
  2.34e-03	  2.45e-02	1.28968e-01
  2.34e-03	  2.50e-02	1.13624e-01
  2.34e-03	  2.55e-02	9.78934e-02
  2.34e-03	  2.60e-02	8.16855e-02
  2.34e-03	  2.66e-02	6.49062e-02
  2.34e-03	  2.71e-02	4.74555e-02
  2.34e-03	  2.76e-02	2.92248e-02
  2.34e-03	  2.81e-02	1.00943e-02
  2.34e-03	  2.86e-02	-1.00713e-02
  2.34e-03	  2.92e-02	-3.14279e-02
  2.34e-03	  2.97e-02	-5.41583e-02
  2.34e-03	  3.02e-02	-7.84815e-02
  2.34e-03	  3.07e-02	-1.04665e-01
  2.34e-03	  3.13e-02	-1.33043e-01
  2.34e-03	  3.18e-02	-1.64041e-01
  2.34e-03	  3.23e-02	-1.98219e-01
  2.34e-03	  3.28e-02	-2.36330e-01
  2.34e-03	  3.33e-02	-2.79418e-01
  2.34e-03	  3.39e-02	-3.28979e-01
  2.34e-03	  3.44e-02	-3.87221e-01
  2.34e-03	  3.49e-02	-4.57442e-01
  2.34e-03	  3.54e-02	-5.44419e-01
  2.34e-03	  3.59e-02	-6.53967e-01
  2.34e-03	  3.65e-02	-7.89684e-01
  2.34e-03	  3.70e-02	-9.51068e-01
  2.34e-03	  3.75e-02	-1.17891e+00
  2.34e-03	  3.80e-02	-1.54303e+00
  2.34e-03	  3.85e-02	6.88454e-01
  2.34e-03	  3.91e-02	3.18467e+01
  2.34e-03	  3.96e-02	3.55825e+02
  2.34e-03	  4.01e-02	1.13896e-30
  2.34e-03	  4.06e-02	1.96430e-63
  2.34e-03	  4.11e-02	2.94646e-96
  2.34e-03	  4.17e-02	4.41972e-129
  2.34e-03	  4.22e-02	6.62961e-162
  2.34e-03	  4.27e-02	9.94447e-195
  2.34e-03	  4.32e-02	1.49168e-227
  2.34e-03	  4.37e-02	2.23753e-260
  2.34e-03	  4.43e-02	3.35632e-293
  2.34e-03	  4.48e-02	0.00000e+00
  2.34e-03	  4.53e-02	0.00000e+00
  2.34e-03	  4.58e-02	0.00000e+00
  2.34e-03	  4.64e-02	0.00000e+00
  2.34e-03	  4.69e-02	0.00000e+00
  2.34e-03	  4.74e-02	0.00000e+00
  2.34e-03	  4.79e-02	0.00000e+00
  2.34e-03	  4.84e-02	0.00000e+00
  2.34e-03	  4.90e-02	0.00000e+00
  2.34e-03	  4.95e-02	0.00000e+00

  3.12e-03	  0.00e+00	0.00000e+00
  3.12e-03	  5.21e-04	0.00000e+00
  3.12e-03	  1.04e-03	0.00000e+00
  3.12e-03	  1.56e-03	0.00000e+00
  3.12e-03	  2.08e-03	0.00000e+00
  3.12e-03	  2.60e-03	0.00000e+00
  3.12e-03	  3.12e-03	0.00000e+00
  3.12e-03	  3.65e-03	0.00000e+00
  3.12e-03	  4.17e-03	-3.22728e-293
  3.12e-03	  4.69e-03	-2.15151e-260
  3.12e-03	  5.21e-03	-1.43433e-227
  3.12e-03	  5.73e-03	-9.56218e-195
  3.12e-03	  6.25e-03	-6.37476e-162
  3.12e-03	  6.77e-03	-4.24982e-129
  3.12e-03	  7.29e-03	-2.83320e-96
  3.12e-03	  7.81e-03	-1.88880e-63
  3.12e-03	  8.33e-03	-1.25919e-30
  3.12e-03	  8.85e-03	-3.45121e+02
  3.12e-03	  9.37e-03	-4.17010e+01
  3.12e-03	  9.90e-03	-2.96600e+00
  3.12e-03	  1.04e-02	1.36492e+00
  3.12e-03	  1.09e-02	1.19034e+00
  3.12e-03	  1.15e-02	9.99599e-01
  3.12e-03	  1.20e-02	8.81639e-01
  3.12e-03	  1.25e-02	7.79249e-01
  3.12e-03	  1.30e-02	6.91089e-01
  3.12e-03	  1.35e-02	6.18979e-01
  3.12e-03	  1.41e-02	5.60671e-01
  3.12e-03	  1.46e-02	5.12863e-01
  3.12e-03	  1.51e-02	4.72790e-01
  3.12e-03	  1.56e-02	4.38460e-01
  3.12e-03	  1.61e-02	4.08484e-01
  3.12e-03	  1.67e-02	3.81886e-01
  3.12e-03	  1.72e-02	3.57955e-01
  3.12e-03	  1.77e-02	3.36157e-01
  3.12e-03	  1.82e-02	3.16080e-01
  3.12e-03	  1.88e-02	2.97395e-01
  3.12e-03	  1.93e-02	2.79832e-01
  3.12e-03	  1.98e-02	2.63169e-01
  3.12e-03	  2.03e-02	2.47215e-01
  3.12e-03	  2.08e-02	2.31807e-01
  3.12e-03	  2.14e-02	2.16801e-01
  3.12e-03	  2.19e-02	2.02070e-01
  3.12e-03	  2.24e-02	1.87499e-01
  3.12e-03	  2.29e-02	1.72982e-01
  3.12e-03	  2.34e-02	1.58422e-01
  3.12e-03	  2.40e-02	1.43725e-01
  3.12e-03	  2.45e-02	1.28802e-01
  3.12e-03	  2.50e-02	1.13564e-01
  3.12e-03	  2.55e-02	9.79215e-02
  3.12e-03	  2.60e-02	8.17848e-02
  3.12e-03	  2.66e-02	6.50576e-02
  3.12e-03	  2.71e-02	4.76378e-02
  3.12e-03	  2.76e-02	2.94133e-02
  3.12e-03	  2.81e-02	1.02587e-02
  3.12e-03	  2.86e-02	-9.96909e-03
  3.12e-03	  2.92e-02	-3.14367e-02
  3.12e-03	  2.97e-02	-5.43423e-02
  3.12e-03	  3.02e-02	-7.89264e-02
  3.12e-03	  3.07e-02	-1.05487e-01
  3.12e-03	  3.13e-02	-1.34400e-01
  3.12e-03	  3.18e-02	-1.66154e-01
  3.12e-03	  3.23e-02	-2.01394e-01
  3.12e-03	  3.28e-02	-2.40993e-01
  3.12e-03	  3.33e-02	-2.86169e-01
  3.12e-03	  3.39e-02	-3.38654e-01
  3.12e-03	  3.44e-02	-4.00946e-01
  3.12e-03	  3.49e-02	-4.76580e-01
  3.12e-03	  3.54e-02	-5.70011e-01
  3.12e-03	  3.59e-02	-6.84814e-01
  3.12e-03	  3.65e-02	-8.19264e-01
  3.12e-03	  3.70e-02	-9.71960e-01
  3.12e-03	  3.75e-02	-1.20198e+00
  3.12e-03	  3.80e-02	-1.46400e+00
  3.12e-03	  3.85e-02	2.63027e+00
  3.12e-03	  3.91e-02	4.15908e+01
  3.12e-03	  3.96e-02	3.45610e+02
  3.12e-03	  4.01e-02	1.11644e-30
  3.12e-03	  4.06e-02	1.89131e-63
  3.12e-03	  4.11e-02	2.83697e-96
  3.12e-03	  4.17e-02	4.25547e-129
  3.12e-03	  4.22e-02	6.38324e-162
  3.12e-03	  4.27e-02	9.57490e-195
  3.12e-03	  4.32e-02	1.43624e-227
  3.12e-03	  4.37e-02	2.15437e-260
  3.12e-03	  4.43e-02	3.23157e-293
  3.12e-03	  4.48e-02	0.00000e+00
  3.12e-03	  4.53e-02	0.00000e+00
  3.12e-03	  4.58e-02	0.00000e+00
  3.12e-03	  4.64e-02	0.00000e+00
  3.12e-03	  4.69e-02	0.00000e+00
  3.12e-03	  4.74e-02	0.00000e+00
  3.12e-03	  4.79e-02	0.00000e+00
  3.12e-03	  4.84e-02	0.00000e+00
  3.12e-03	  4.90e-02	0.00000e+00
  3.12e-03	  4.95e-02	0.00000e+00

  3.91e-03	  0.00e+00	0.00000e+00
  3.91e-03	  5.21e-04	0.00000e+00
  3.91e-03	  1.04e-03	0.00000e+00
  3.91e-03	  1.56e-03	0.00000e+00
  3.91e-03	  2.08e-03	0.00000e+00
  3.91e-03	  2.60e-03	0.00000e+00
  3.91e-03	  3.12e-03	0.00000e+00
  3.91e-03	  3.65e-03	0.00000e+00
  3.91e-03	  4.17e-03	-3.10407e-293
  3.91e-03	  4.69e-03	-2.06937e-260
  3.91e-03	  5.21e-03	-1.37958e-227
  3.91e-03	  5.73e-03	-9.19716e-195
  3.91e-03	  6.25e-03	-6.13142e-162
  3.91e-03	  6.77e-03	-4.08760e-129
  3.91e-03	  7.29e-03	-2.72506e-96
  3.91e-03	  7.81e-03	-1.81670e-63
  3.91e-03	  8.33e-03	-1.21113e-30
  3.91e-03	  8.85e-03	-3.34888e+02
  3.91e-03	  9.37e-03	-5.04981e+01
  3.91e-03	  9.90e-03	-5.26700e+00
  3.91e-03	  1.04e-02	1.19835e+00
  3.91e-03	  1.09e-02	1.20061e+00
  3.91e-03	  1.15e-02	1.00468e+00
  3.91e-03	  1.20e-02	8.89908e-01
  3.91e-03	  1.25e-02	7.90604e-01
  3.91e-03	  1.30e-02	7.00719e-01
  3.91e-03	  1.35e-02	6.24949e-01
  3.91e-03	  1.41e-02	5.63277e-01
  3.91e-03	  1.46e-02	5.13057e-01
  3.91e-03	  1.51e-02	4.71463e-01
  3.91e-03	  1.56e-02	4.36271e-01
  3.91e-03	  1.61e-02	4.05879e-01
  3.91e-03	  1.67e-02	3.79149e-01
  3.91e-03	  1.72e-02	3.55261e-01
  3.91e-03	  1.77e-02	3.33609e-01
  3.91e-03	  1.82e-02	3.13734e-01
  3.91e-03	  1.88e-02	2.95276e-01
  3.91e-03	  1.93e-02	2.77949e-01
  3.91e-03	  1.98e-02	2.61516e-01
  3.91e-03	  2.03e-02	2.45782e-01
  3.91e-03	  2.08e-02	2.30579e-01
  3.91e-03	  2.14e-02	2.15762e-01
  3.91e-03	  2.19e-02	2.01203e-01
  3.91e-03	  2.24e-02	1.86786e-01
  3.91e-03	  2.29e-02	1.72406e-01
  3.91e-03	  2.34e-02	1.57966e-01
  3.91e-03	  2.40e-02	1.43372e-01
  3.91e-03	  2.45e-02	1.28535e-01
  3.91e-03	  2.50e-02	1.13365e-01
  3.91e-03	  2.55e-02	9.77729e-02
  3.91e-03	  2.60e-02	8.16653e-02
  3.91e-03	  2.66e-02	6.49443e-02
  3.91e-03	  2.71e-02	4.75039e-02
  3.91e-03	  2.76e-02	2.92270e-02
  3.91e-03	  2.81e-02	9.98146e-03
  3.91e-03	  2.86e-02	-1.03851e-02
  3.91e-03	  2.92e-02	-3.20518e-02
  3.91e-03	  2.97e-02	-5.52334e-02
  3.91e-03	  3.02e-02	-8.01928e-02
  3.91e-03	  3.07e-02	-1.07258e-01
  3.91e-03	  3.13e-02	-1.36845e-01
  3.91e-03	  3.18e-02	-1.69494e-01
  3.91e-03	  3.23e-02	-2.05922e-01
  3.91e-03	  3.28e-02	-2.47098e-01
  3.91e-03	  3.33e-02	-2.94357e-01
  3.91e-03	  3.39e-02	-3.49571e-01
  3.91e-03	  3.44e-02	-4.15341e-01
  3.91e-03	  3.49e-02	-4.95044e-01
  3.91e-03	  3.54e-02	-5.92050e-01
  3.91e-03	  3.59e-02	-7.06816e-01
  3.91e-03	  3.65e-02	-8.33490e-01
  3.91e-03	  3.70e-02	-9.75448e-01
  3.91e-03	  3.75e-02	-1.20358e+00
  3.91e-03	  3.80e-02	-1.28929e+00
  3.91e-03	  3.85e-02	4.95910e+00
  3.91e-03	  3.91e-02	5.04449e+01
  3.91e-03	  3.96e-02	3.35588e+02
  3.91e-03	  4.01e-02	1.08589e-30
  3.91e-03	  4.06e-02	1.82050e-63
  3.91e-03	  4.11e-02	2.73076e-96
  3.91e-03	  4.17e-02	4.09615e-129
  3.91e-03	  4.22e-02	6.14424e-162
  3.91e-03	  4.27e-02	9.21639e-195
  3.91e-03	  4.32e-02	1.38246e-227
  3.91e-03	  4.37e-02	2.07370e-260
  3.91e-03	  4.43e-02	3.11056e-293
  3.91e-03	  4.48e-02	0.00000e+00
  3.91e-03	  4.53e-02	0.00000e+00
  3.91e-03	  4.58e-02	0.00000e+00
  3.91e-03	  4.64e-02	0.00000e+00
  3.91e-03	  4.69e-02	0.00000e+00
  3.91e-03	  4.74e-02	0.00000e+00
  3.91e-03	  4.79e-02	0.00000e+00
  3.91e-03	  4.84e-02	0.00000e+00
  3.91e-03	  4.90e-02	0.00000e+00
  3.91e-03	  4.95e-02	0.00000e+00

  4.69e-03	  0.00e+00	0.00000e+00
  4.69e-03	  5.21e-04	0.00000e+00
  4.69e-03	  1.04e-03	0.00000e+00
  4.69e-03	  1.56e-03	0.00000e+00
  4.69e-03	  2.08e-03	0.00000e+00
  4.69e-03	  2.60e-03	0.00000e+00
  4.69e-03	  3.12e-03	0.00000e+00
  4.69e-03	  3.65e-03	0.00000e+00
  4.69e-03	  4.17e-03	-2.98522e-293
  4.69e-03	  4.69e-03	-1.99014e-260
  4.69e-03	  5.21e-03	-1.32676e-227
  4.69e-03	  5.73e-03	-8.84504e-195
  4.69e-03	  6.25e-03	-5.89669e-162
  4.69e-03	  6.77e-03	-3.93112e-129
  4.69e-03	  7.29e-03	-2.62075e-96
  4.69e-03	  7.81e-03	-1.74716e-63
  4.69e-03	  8.33e-03	-1.16477e-30
  4.69e-03	  8.85e-03	-3.24918e+02
  4.69e-03	  9.37e-03	-5.84624e+01
  4.69e-03	  9.90e-03	-7.89269e+00
  4.69e-03	  1.04e-02	9.30896e-01
  4.69e-03	  1.09e-02	1.19552e+00
  4.69e-03	  1.15e-02	1.00385e+00
  4.69e-03	  1.20e-02	8.92605e-01
  4.69e-03	  1.25e-02	7.99467e-01
  4.69e-03	  1.30e-02	7.11118e-01
  4.69e-03	  1.35e-02	6.33473e-01
  4.69e-03	  1.41e-02	5.69026e-01
  4.69e-03	  1.46e-02	5.16361e-01
  4.69e-03	  1.51e-02	4.72950e-01
  4.69e-03	  1.56e-02	4.36517e-01
  4.69e-03	  1.61e-02	4.05325e-01
  4.69e-03	  1.67e-02	3.78113e-01
  4.69e-03	  1.72e-02	3.53962e-01
  4.69e-03	  1.77e-02	3.32196e-01
  4.69e-03	  1.82e-02	3.12306e-01
  4.69e-03	  1.88e-02	2.93896e-01
  4.69e-03	  1.93e-02	2.76656e-01
  4.69e-03	  1.98e-02	2.60332e-01
  4.69e-03	  2.03e-02	2.44717e-01
  4.69e-03	  2.08e-02	2.29635e-01
  4.69e-03	  2.14e-02	2.14937e-01
  4.69e-03	  2.19e-02	2.00489e-01
  4.69e-03	  2.24e-02	1.86175e-01
  4.69e-03	  2.29e-02	1.71887e-01
  4.69e-03	  2.34e-02	1.57525e-01
  4.69e-03	  2.40e-02	1.42996e-01
  4.69e-03	  2.45e-02	1.28208e-01
  4.69e-03	  2.50e-02	1.13070e-01
  4.69e-03	  2.55e-02	9.74912e-02
  4.69e-03	  2.60e-02	8.13749e-02
  4.69e-03	  2.66e-02	6.46201e-02
  4.69e-03	  2.71e-02	4.71164e-02
  4.69e-03	  2.76e-02	2.87410e-02
  4.69e-03	  2.81e-02	9.35464e-03
  4.69e-03	  2.86e-02	-1.12046e-02
  4.69e-03	  2.92e-02	-3.31278e-02
  4.69e-03	  2.97e-02	-5.66454e-02
  4.69e-03	  3.02e-02	-8.20400e-02
  4.69e-03	  3.07e-02	-1.09665e-01
  4.69e-03	  3.13e-02	-1.39969e-01
  4.69e-03	  3.18e-02	-1.73533e-01
  4.69e-03	  3.23e-02	-2.11126e-01
  4.69e-03	  3.28e-02	-2.53778e-01
  4.69e-03	  3.33e-02	-3.02897e-01
  4.69e-03	  3.39e-02	-3.60407e-01
  4.69e-03	  3.44e-02	-4.28853e-01
  4.69e-03	  3.49e-02	-5.11135e-01
  4.69e-03	  3.54e-02	-6.09057e-01
  4.69e-03	  3.59e-02	-7.19932e-01
  4.69e-03	  3.65e-02	-8.36160e-01
  4.69e-03	  3.70e-02	-9.69289e-01
  4.69e-03	  3.75e-02	-1.19040e+00
  4.69e-03	  3.80e-02	-1.02103e+00
  4.69e-03	  3.85e-02	7.59418e+00
  4.69e-03	  3.91e-02	5.84474e+01
  4.69e-03	  3.96e-02	3.25863e+02
  4.69e-03	  4.01e-02	1.05189e-30
  4.69e-03	  4.06e-02	1.75253e-63
  4.69e-03	  4.11e-02	2.62880e-96
  4.69e-03	  4.17e-02	3.94321e-129
  4.69e-03	  4.22e-02	5.91482e-162
  4.69e-03	  4.27e-02	8.87223e-195
  4.69e-03	  4.32e-02	1.33084e-227
  4.69e-03	  4.37e-02	1.99626e-260
  4.69e-03	  4.43e-02	2.99439e-293
  4.69e-03	  4.48e-02	0.00000e+00
  4.69e-03	  4.53e-02	0.00000e+00
  4.69e-03	  4.58e-02	0.00000e+00
  4.69e-03	  4.64e-02	0.00000e+00
  4.69e-03	  4.69e-02	0.00000e+00
  4.69e-03	  4.74e-02	0.00000e+00
  4.69e-03	  4.79e-02	0.00000e+00
  4.69e-03	  4.84e-02	0.00000e+00
  4.69e-03	  4.90e-02	0.00000e+00
  4.69e-03	  4.95e-02	0.00000e+00

  5.47e-03	  0.00e+00	0.00000e+00
  5.47e-03	  5.21e-04	0.00000e+00
  5.47e-03	  1.04e-03	0.00000e+00
  5.47e-03	  1.56e-03	0.00000e+00
  5.47e-03	  2.08e-03	0.00000e+00
  5.47e-03	  2.60e-03	0.00000e+00
  5.47e-03	  3.12e-03	0.00000e+00
  5.47e-03	  3.65e-03	0.00000e+00
  5.47e-03	  4.17e-03	-2.87125e-293
  5.47e-03	  4.69e-03	-1.91417e-260
  5.47e-03	  5.21e-03	-1.27611e-227
  5.47e-03	  5.73e-03	-8.50741e-195
  5.47e-03	  6.25e-03	-5.67161e-162
  5.47e-03	  6.77e-03	-3.78107e-129
  5.47e-03	  7.29e-03	-2.52072e-96
  5.47e-03	  7.81e-03	-1.68048e-63
  5.47e-03	  8.33e-03	-1.12032e-30
  5.47e-03	  8.85e-03	-3.15261e+02
  5.47e-03	  9.37e-03	-6.56307e+01
  5.47e-03	  9.90e-03	-1.07751e+01
  5.47e-03	  1.04e-02	5.59643e-01
  5.47e-03	  1.09e-02	1.17536e+00
  5.47e-03	  1.15e-02	9.99019e-01
  5.47e-03	  1.20e-02	8.90491e-01
  5.47e-03	  1.25e-02	8.04510e-01
  5.47e-03	  1.30e-02	7.20101e-01
  5.47e-03	  1.35e-02	6.42448e-01
  5.47e-03	  1.41e-02	5.76190e-01
  5.47e-03	  1.46e-02	5.21436e-01
  5.47e-03	  1.51e-02	4.76252e-01
  5.47e-03	  1.56e-02	4.38473e-01
  5.47e-03	  1.61e-02	4.06313e-01
  5.47e-03	  1.67e-02	3.78429e-01
  5.47e-03	  1.72e-02	3.53827e-01
  5.47e-03	  1.77e-02	3.31773e-01
  5.47e-03	  1.82e-02	3.11710e-01
  5.47e-03	  1.88e-02	2.93211e-01
  5.47e-03	  1.93e-02	2.75937e-01
  5.47e-03	  1.98e-02	2.59619e-01
  5.47e-03	  2.03e-02	2.44035e-01
  5.47e-03	  2.08e-02	2.28999e-01
  5.47e-03	  2.14e-02	2.14354e-01
  5.47e-03	  2.19e-02	1.99961e-01
  5.47e-03	  2.24e-02	1.85699e-01
  5.47e-03	  2.29e-02	1.71458e-01
  5.47e-03	  2.34e-02	1.57136e-01
  5.47e-03	  2.40e-02	1.42634e-01
  5.47e-03	  2.45e-02	1.27861e-01
  5.47e-03	  2.50e-02	1.12722e-01
  5.47e-03	  2.55e-02	9.71236e-02
  5.47e-03	  2.60e-02	8.09664e-02
  5.47e-03	  2.66e-02	6.41455e-02
  5.47e-03	  2.71e-02	4.65459e-02
  5.47e-03	  2.76e-02	2.80393e-02
  5.47e-03	  2.81e-02	8.47918e-03
  5.47e-03	  2.86e-02	-1.23047e-02
  5.47e-03	  2.92e-02	-3.45141e-02
  5.47e-03	  2.97e-02	-5.83926e-02
  5.47e-03	  3.02e-02	-8.42388e-02
  5.47e-03	  3.07e-02	-1.12425e-01
  5.47e-03	  3.13e-02	-1.43426e-01
  5.47e-03	  3.18e-02	-1.77850e-01
  5.47e-03	  3.23e-02	-2.16500e-01
  5.47e-03	  3.28e-02	-2.60445e-01
  5.47e-03	  3.33e-02	-3.11126e-01
  5.47e-03	  3.39e-02	-3.70457e-01
  5.47e-03	  3.44e-02	-4.40788e-01
  5.47e-03	  3.49e-02	-5.24300e-01
  5.47e-03	  3.54e-02	-6.21001e-01
  5.47e-03	  3.59e-02	-7.25643e-01
  5.47e-03	  3.65e-02	-8.31272e-01
  5.47e-03	  3.70e-02	-9.58306e-01
  5.47e-03	  3.75e-02	-1.16449e+00
  5.47e-03	  3.80e-02	-6.57040e-01
  5.47e-03	  3.85e-02	1.04698e+01
  5.47e-03	  3.91e-02	6.56424e+01
  5.47e-03	  3.96e-02	3.16494e+02
  5.47e-03	  4.01e-02	1.01671e-30
  5.47e-03	  4.06e-02	1.68772e-63
  5.47e-03	  4.11e-02	2.53158e-96
  5.47e-03	  4.17e-02	3.79737e-129
  5.47e-03	  4.22e-02	5.69605e-162
  5.47e-03	  4.27e-02	8.54407e-195
  5.47e-03	  4.32e-02	1.28161e-227
  5.47e-03	  4.37e-02	1.92241e-260
  5.47e-03	  4.43e-02	2.88362e-293
  5.47e-03	  4.48e-02	0.00000e+00
  5.47e-03	  4.53e-02	0.00000e+00
  5.47e-03	  4.58e-02	0.00000e+00
  5.47e-03	  4.64e-02	0.00000e+00
  5.47e-03	  4.69e-02	0.00000e+00
  5.47e-03	  4.74e-02	0.00000e+00
  5.47e-03	  4.79e-02	0.00000e+00
  5.47e-03	  4.84e-02	0.00000e+00
  5.47e-03	  4.90e-02	0.00000e+00
  5.47e-03	  4.95e-02	0.00000e+00

  6.25e-03	  0.00e+00	0.00000e+00
  6.25e-03	  5.21e-04	0.00000e+00
  6.25e-03	  1.04e-03	0.00000e+00
  6.25e-03	  1.56e-03	0.00000e+00
  6.25e-03	  2.08e-03	0.00000e+00
  6.25e-03	  2.60e-03	0.00000e+00
  6.25e-03	  3.12e-03	0.00000e+00
  6.25e-03	  3.65e-03	0.00000e+00
  6.25e-03	  4.17e-03	-2.76242e-293
  6.25e-03	  4.69e-03	-1.84161e-260
  6.25e-03	  5.21e-03	-1.22774e-227
  6.25e-03	  5.73e-03	-8.18498e-195
  6.25e-03	  6.25e-03	-5.45666e-162
  6.25e-03	  6.77e-03	-3.63779e-129
  6.25e-03	  7.29e-03	-2.42520e-96
  6.25e-03	  7.81e-03	-1.61680e-63
  6.25e-03	  8.33e-03	-1.07787e-30
  6.25e-03	  8.85e-03	-3.05946e+02
  6.25e-03	  9.37e-03	-7.20441e+01
  6.25e-03	  9.90e-03	-1.38562e+01
  6.25e-03	  1.04e-02	8.14189e-02
  6.25e-03	  1.09e-02	1.13912e+00
  6.25e-03	  1.15e-02	9.91460e-01
  6.25e-03	  1.20e-02	8.85013e-01
  6.25e-03	  1.25e-02	8.05865e-01
  6.25e-03	  1.30e-02	7.26815e-01
  6.25e-03	  1.35e-02	6.50743e-01
  6.25e-03	  1.41e-02	5.83694e-01
  6.25e-03	  1.46e-02	5.27365e-01
  6.25e-03	  1.51e-02	4.80618e-01
  6.25e-03	  1.56e-02	4.41544e-01
  6.25e-03	  1.61e-02	4.08384e-01
  6.25e-03	  1.67e-02	3.79753e-01
  6.25e-03	  1.72e-02	3.54605e-01
  6.25e-03	  1.77e-02	3.32160e-01
  6.25e-03	  1.82e-02	3.11823e-01
  6.25e-03	  1.88e-02	2.93137e-01
  6.25e-03	  1.93e-02	2.75742e-01
  6.25e-03	  1.98e-02	2.59350e-01
  6.25e-03	  2.03e-02	2.43725e-01
  6.25e-03	  2.08e-02	2.28671e-01
  6.25e-03	  2.14e-02	2.14022e-01
  6.25e-03	  2.19e-02	1.99635e-01
  6.25e-03	  2.24e-02	1.85381e-01
  6.25e-03	  2.29e-02	1.71147e-01
  6.25e-03	  2.34e-02	1.56827e-01
  6.25e-03	  2.40e-02	1.42320e-01
  6.25e-03	  2.45e-02	1.27531e-01
  6.25e-03	  2.50e-02	1.12362e-01
  6.25e-03	  2.55e-02	9.67173e-02
  6.25e-03	  2.60e-02	8.04937e-02
  6.25e-03	  2.66e-02	6.35825e-02
  6.25e-03	  2.71e-02	4.58644e-02
  6.25e-03	  2.76e-02	2.72058e-02
  6.25e-03	  2.81e-02	7.45411e-03
  6.25e-03	  2.86e-02	-1.35682e-02
  6.25e-03	  2.92e-02	-3.60716e-02
  6.25e-03	  2.97e-02	-6.03098e-02
  6.25e-03	  3.02e-02	-8.65938e-02
  6.25e-03	  3.07e-02	-1.15311e-01
  6.25e-03	  3.13e-02	-1.46950e-01
  6.25e-03	  3.18e-02	-1.82143e-01
  6.25e-03	  3.23e-02	-2.21713e-01
  6.25e-03	  3.28e-02	-2.66751e-01
  6.25e-03	  3.33e-02	-3.18704e-01
  6.25e-03	  3.39e-02	-3.79418e-01
  6.25e-03	  3.44e-02	-4.50936e-01
  6.25e-03	  3.49e-02	-5.34540e-01
  6.25e-03	  3.54e-02	-6.28437e-01
  6.25e-03	  3.59e-02	-7.25707e-01
  6.25e-03	  3.65e-02	-8.21883e-01
  6.25e-03	  3.70e-02	-9.44929e-01
  6.25e-03	  3.75e-02	-1.12542e+00
  6.25e-03	  3.80e-02	-1.94826e-01
  6.25e-03	  3.85e-02	1.35289e+01
  6.25e-03	  3.91e-02	7.20754e+01
  6.25e-03	  3.96e-02	3.07515e+02
  6.25e-03	  4.01e-02	9.81594e-31
  6.25e-03	  4.06e-02	1.62623e-63
  6.25e-03	  4.11e-02	2.43934e-96
  6.25e-03	  4.17e-02	3.65899e-129
  6.25e-03	  4.22e-02	5.48847e-162
  6.25e-03	  4.27e-02	8.23268e-195
  6.25e-03	  4.32e-02	1.23490e-227
  6.25e-03	  4.37e-02	1.85234e-260
  6.25e-03	  4.43e-02	2.77851e-293
  6.25e-03	  4.48e-02	0.00000e+00
  6.25e-03	  4.53e-02	0.00000e+00
  6.25e-03	  4.58e-02	0.00000e+00
  6.25e-03	  4.64e-02	0.00000e+00
  6.25e-03	  4.69e-02	0.00000e+00
  6.25e-03	  4.74e-02	0.00000e+00
  6.25e-03	  4.79e-02	0.00000e+00
  6.25e-03	  4.84e-02	0.00000e+00
  6.25e-03	  4.90e-02	0.00000e+00
  6.25e-03	  4.95e-02	0.00000e+00

  7.03e-03	  0.00e+00	0.00000e+00
  7.03e-03	  5.21e-04	0.00000e+00
  7.03e-03	  1.04e-03	0.00000e+00
  7.03e-03	  1.56e-03	0.00000e+00
  7.03e-03	  2.08e-03	0.00000e+00
  7.03e-03	  2.60e-03	0.00000e+00
  7.03e-03	  3.12e-03	0.00000e+00
  7.03e-03	  3.65e-03	0.00000e+00
  7.03e-03	  4.17e-03	-2.65880e-293
  7.03e-03	  4.69e-03	-1.77254e-260
  7.03e-03	  5.21e-03	-1.18170e-227
  7.03e-03	  5.73e-03	-7.87800e-195
  7.03e-03	  6.25e-03	-5.25202e-162
  7.03e-03	  6.77e-03	-3.50136e-129
  7.03e-03	  7.29e-03	-2.33425e-96
  7.03e-03	  7.81e-03	-1.55618e-63
  7.03e-03	  8.33e-03	-1.03746e-30
  7.03e-03	  8.85e-03	-2.96988e+02
  7.03e-03	  9.37e-03	-7.77448e+01
  7.03e-03	  9.90e-03	-1.70853e+01
  7.03e-03	  1.04e-02	-5.06070e-01
  7.03e-03	  1.09e-02	1.08486e+00
  7.03e-03	  1.15e-02	9.81667e-01
  7.03e-03	  1.20e-02	8.77451e-01
  7.03e-03	  1.25e-02	8.04197e-01
  7.03e-03	  1.30e-02	7.31107e-01
  7.03e-03	  1.35e-02	6.57818e-01
  7.03e-03	  1.41e-02	5.90924e-01
  7.03e-03	  1.46e-02	5.33568e-01
  7.03e-03	  1.51e-02	4.85537e-01
  7.03e-03	  1.56e-02	4.45293e-01
  7.03e-03	  1.61e-02	4.11175e-01
  7.03e-03	  1.67e-02	3.81791e-01
  7.03e-03	  1.72e-02	3.56065e-01
  7.03e-03	  1.77e-02	3.33179e-01
  7.03e-03	  1.82e-02	3.12511e-01
  7.03e-03	  1.88e-02	2.93578e-01
  7.03e-03	  1.93e-02	2.76002e-01
  7.03e-03	  1.98e-02	2.59478e-01
  7.03e-03	  2.03e-02	2.43759e-01
  7.03e-03	  2.08e-02	2.28637e-01
  7.03e-03	  2.14e-02	2.13940e-01
  7.03e-03	  2.19e-02	1.99516e-01
  7.03e-03	  2.24e-02	1.85233e-01
  7.03e-03	  2.29e-02	1.70972e-01
  7.03e-03	  2.34e-02	1.56623e-01
  7.03e-03	  2.40e-02	1.42082e-01
  7.03e-03	  2.45e-02	1.27251e-01
  7.03e-03	  2.50e-02	1.12029e-01
  7.03e-03	  2.55e-02	9.63168e-02
  7.03e-03	  2.60e-02	8.00077e-02
  7.03e-03	  2.66e-02	6.29896e-02
  7.03e-03	  2.71e-02	4.51391e-02
  7.03e-03	  2.76e-02	2.63182e-02
  7.03e-03	  2.81e-02	6.36903e-03
  7.03e-03	  2.86e-02	-1.48918e-02
  7.03e-03	  2.92e-02	-3.76815e-02
  7.03e-03	  2.97e-02	-6.22616e-02
  7.03e-03	  3.02e-02	-8.89520e-02
  7.03e-03	  3.07e-02	-1.18150e-01
  7.03e-03	  3.13e-02	-1.50358e-01
  7.03e-03	  3.18e-02	-1.86219e-01
  7.03e-03	  3.23e-02	-2.26574e-01
  7.03e-03	  3.28e-02	-2.72523e-01
  7.03e-03	  3.33e-02	-3.25495e-01
  7.03e-03	  3.39e-02	-3.87216e-01
  7.03e-03	  3.44e-02	-4.59320e-01
  7.03e-03	  3.49e-02	-5.42078e-01
  7.03e-03	  3.54e-02	-6.32073e-01
  7.03e-03	  3.59e-02	-7.21689e-01
  7.03e-03	  3.65e-02	-8.10040e-01
  7.03e-03	  3.70e-02	-9.30101e-01
  7.03e-03	  3.75e-02	-1.07159e+00
  7.03e-03	  3.80e-02	3.66871e-01
  7.03e-03	  3.85e-02	1.67210e+01
  7.03e-03	  3.91e-02	7.77919e+01
  7.03e-03	  3.96e-02	2.98945e+02
  7.03e-03	  4.01e-02	9.47230e-31
  7.03e-03	  4.06e-02	1.56811e-63
  7.03e-03	  4.11e-02	2.35215e-96
  7.03e-03	  4.17e-02	3.52821e-129
  7.03e-03	  4.22e-02	5.29229e-162
  7.03e-03	  4.27e-02	7.93840e-195
  7.03e-03	  4.32e-02	1.19075e-227
  7.03e-03	  4.37e-02	1.78612e-260
  7.03e-03	  4.43e-02	2.67917e-293
  7.03e-03	  4.48e-02	0.00000e+00
  7.03e-03	  4.53e-02	0.00000e+00
  7.03e-03	  4.58e-02	0.00000e+00
  7.03e-03	  4.64e-02	0.00000e+00
  7.03e-03	  4.69e-02	0.00000e+00
  7.03e-03	  4.74e-02	0.00000e+00
  7.03e-03	  4.79e-02	0.00000e+00
  7.03e-03	  4.84e-02	0.00000e+00
  7.03e-03	  4.90e-02	0.00000e+00
  7.03e-03	  4.95e-02	0.00000e+00

  7.81e-03	  0.00e+00	0.00000e+00
  7.81e-03	  5.21e-04	0.00000e+00
  7.81e-03	  1.04e-03	0.00000e+00
  7.81e-03	  1.56e-03	0.00000e+00
  7.81e-03	  2.08e-03	0.00000e+00
  7.81e-03	  2.60e-03	0.00000e+00
  7.81e-03	  3.12e-03	0.00000e+00
  7.81e-03	  3.65e-03	0.00000e+00
  7.81e-03	  4.17e-03	-2.56037e-293
  7.81e-03	  4.69e-03	-1.70692e-260
  7.81e-03	  5.21e-03	-1.13795e-227
  7.81e-03	  5.73e-03	-7.58640e-195
  7.81e-03	  6.25e-03	-5.05763e-162
  7.81e-03	  6.77e-03	-3.37178e-129
  7.81e-03	  7.29e-03	-2.24787e-96
  7.81e-03	  7.81e-03	-1.49859e-63
  7.81e-03	  8.33e-03	-9.99065e-31
  7.81e-03	  8.85e-03	-2.88396e+02
  7.81e-03	  9.37e-03	-8.27756e+01
  7.81e-03	  9.90e-03	-2.04172e+01
  7.81e-03	  1.04e-02	-1.20384e+00
  7.81e-03	  1.09e-02	1.01017e+00
  7.81e-03	  1.15e-02	9.69580e-01
  7.81e-03	  1.20e-02	8.68704e-01
  7.81e-03	  1.25e-02	8.00271e-01
  7.81e-03	  1.30e-02	7.33159e-01
  7.81e-03	  1.35e-02	6.63472e-01
  7.81e-03	  1.41e-02	5.97547e-01
  7.81e-03	  1.46e-02	5.39698e-01
  7.81e-03	  1.51e-02	4.90676e-01
  7.81e-03	  1.56e-02	4.49417e-01
  7.81e-03	  1.61e-02	4.14419e-01
  7.81e-03	  1.67e-02	3.84315e-01
  7.81e-03	  1.72e-02	3.58014e-01
  7.81e-03	  1.77e-02	3.34675e-01
  7.81e-03	  1.82e-02	3.13650e-01
  7.81e-03	  1.88e-02	2.94439e-01
  7.81e-03	  1.93e-02	2.76645e-01
  7.81e-03	  1.98e-02	2.59952e-01
  7.81e-03	  2.03e-02	2.44100e-01
  7.81e-03	  2.08e-02	2.28874e-01
  7.81e-03	  2.14e-02	2.14094e-01
  7.81e-03	  2.19e-02	1.99601e-01
  7.81e-03	  2.24e-02	1.85259e-01
  7.81e-03	  2.29e-02	1.70943e-01
  7.81e-03	  2.34e-02	1.56540e-01
  7.81e-03	  2.40e-02	1.41944e-01
  7.81e-03	  2.45e-02	1.27050e-01
  7.81e-03	  2.50e-02	1.11757e-01
  7.81e-03	  2.55e-02	9.59613e-02
  7.81e-03	  2.60e-02	7.95538e-02
  7.81e-03	  2.66e-02	6.24188e-02
  7.81e-03	  2.71e-02	4.44295e-02
  7.81e-03	  2.76e-02	2.54438e-02
  7.81e-03	  2.81e-02	5.29998e-03
  7.81e-03	  2.86e-02	-1.61902e-02
  7.81e-03	  2.92e-02	-3.92491e-02
  7.81e-03	  2.97e-02	-6.41442e-02
  7.81e-03	  3.02e-02	-9.12019e-02
  7.81e-03	  3.07e-02	-1.20827e-01
  7.81e-03	  3.13e-02	-1.53531e-01
  7.81e-03	  3.18e-02	-1.89969e-01
  7.81e-03	  3.23e-02	-2.30988e-01
  7.81e-03	  3.28e-02	-2.77694e-01
  7.81e-03	  3.33e-02	-3.31474e-01
  7.81e-03	  3.39e-02	-3.93882e-01
  7.81e-03	  3.44e-02	-4.66052e-01
  7.81e-03	  3.49e-02	-5.47206e-01
  7.81e-03	  3.54e-02	-6.32602e-01
  7.81e-03	  3.59e-02	-7.14835e-01
  7.81e-03	  3.65e-02	-7.96993e-01
  7.81e-03	  3.70e-02	-9.13937e-01
  7.81e-03	  3.75e-02	-1.00099e+00
  7.81e-03	  3.80e-02	1.02765e+00
  7.81e-03	  3.85e-02	2.00007e+01
  7.81e-03	  3.91e-02	8.28370e+01
  7.81e-03	  3.96e-02	2.90796e+02
  7.81e-03	  4.01e-02	9.14027e-31
  7.81e-03	  4.06e-02	1.51337e-63
  7.81e-03	  4.11e-02	2.27004e-96
  7.81e-03	  4.17e-02	3.40503e-129
  7.81e-03	  4.22e-02	5.10751e-162
  7.81e-03	  4.27e-02	7.66121e-195
  7.81e-03	  4.32e-02	1.14917e-227
  7.81e-03	  4.37e-02	1.72375e-260
  7.81e-03	  4.43e-02	2.58560e-293
  7.81e-03	  4.48e-02	0.00000e+00
  7.81e-03	  4.53e-02	0.00000e+00
  7.81e-03	  4.58e-02	0.00000e+00
  7.81e-03	  4.64e-02	0.00000e+00
  7.81e-03	  4.69e-02	0.00000e+00
  7.81e-03	  4.74e-02	0.00000e+00
  7.81e-03	  4.79e-02	0.00000e+00
  7.81e-03	  4.84e-02	0.00000e+00
  7.81e-03	  4.90e-02	0.00000e+00
  7.81e-03	  4.95e-02	0.00000e+00

  8.59e-03	  0.00e+00	0.00000e+00
  8.59e-03	  5.21e-04	0.00000e+00
  8.59e-03	  1.04e-03	0.00000e+00
  8.59e-03	  1.56e-03	0.00000e+00
  8.59e-03	  2.08e-03	0.00000e+00
  8.59e-03	  2.60e-03	0.00000e+00
  8.59e-03	  3.12e-03	0.00000e+00
  8.59e-03	  3.65e-03	0.00000e+00
  8.59e-03	  4.17e-03	-2.46704e-293
  8.59e-03	  4.69e-03	-1.64470e-260
  8.59e-03	  5.21e-03	-1.09648e-227
  8.59e-03	  5.73e-03	-7.30990e-195
  8.59e-03	  6.25e-03	-4.87331e-162
  8.59e-03	  6.77e-03	-3.24890e-129
  8.59e-03	  7.29e-03	-2.16595e-96
  8.59e-03	  7.81e-03	-1.44398e-63
  8.59e-03	  8.33e-03	-9.62662e-31
  8.59e-03	  8.85e-03	-2.80170e+02
  8.59e-03	  9.37e-03	-8.71785e+01
  8.59e-03	  9.90e-03	-2.38117e+01
  8.59e-03	  1.04e-02	-2.01157e+00
  8.59e-03	  1.09e-02	9.12376e-01
  8.59e-03	  1.15e-02	9.54778e-01
  8.59e-03	  1.20e-02	8.59317e-01
  8.59e-03	  1.25e-02	7.94772e-01
  8.59e-03	  1.30e-02	7.33294e-01
  8.59e-03	  1.35e-02	6.67696e-01
  8.59e-03	  1.41e-02	6.03406e-01
  8.59e-03	  1.46e-02	5.45554e-01
  8.59e-03	  1.51e-02	4.95834e-01
  8.59e-03	  1.56e-02	4.53722e-01
  8.59e-03	  1.61e-02	4.17933e-01
  8.59e-03	  1.67e-02	3.87160e-01
  8.59e-03	  1.72e-02	3.60309e-01
  8.59e-03	  1.77e-02	3.36523e-01
  8.59e-03	  1.82e-02	3.15137e-01
  8.59e-03	  1.88e-02	2.95633e-01
  8.59e-03	  1.93e-02	2.77603e-01
  8.59e-03	  1.98e-02	2.60718e-01
  8.59e-03	  2.03e-02	2.44710e-01
  8.59e-03	  2.08e-02	2.29356e-01
  8.59e-03	  2.14e-02	2.14468e-01
  8.59e-03	  2.19e-02	1.99883e-01
  8.59e-03	  2.24e-02	1.85458e-01
  8.59e-03	  2.29e-02	1.71067e-01
  8.59e-03	  2.34e-02	1.56592e-01
  8.59e-03	  2.40e-02	1.41922e-01
  8.59e-03	  2.45e-02	1.26951e-01
  8.59e-03	  2.50e-02	1.11574e-01
  8.59e-03	  2.55e-02	9.56842e-02
  8.59e-03	  2.60e-02	7.91706e-02
  8.59e-03	  2.66e-02	6.19142e-02
  8.59e-03	  2.71e-02	4.37850e-02
  8.59e-03	  2.76e-02	2.46381e-02
  8.59e-03	  2.81e-02	4.30806e-03
  8.59e-03	  2.86e-02	-1.73968e-02
  8.59e-03	  2.92e-02	-4.07031e-02
  8.59e-03	  2.97e-02	-6.58826e-02
  8.59e-03	  3.02e-02	-9.32670e-02
  8.59e-03	  3.07e-02	-1.23268e-01
  8.59e-03	  3.13e-02	-1.56403e-01
  8.59e-03	  3.18e-02	-1.93336e-01
  8.59e-03	  3.23e-02	-2.34923e-01
  8.59e-03	  3.28e-02	-2.82259e-01
  8.59e-03	  3.33e-02	-3.36670e-01
  8.59e-03	  3.39e-02	-3.99483e-01
  8.59e-03	  3.44e-02	-4.71265e-01
  8.59e-03	  3.49e-02	-5.50211e-01
  8.59e-03	  3.54e-02	-6.30640e-01
  8.59e-03	  3.59e-02	-7.06079e-01
  8.59e-03	  3.65e-02	-7.83438e-01
  8.59e-03	  3.70e-02	-8.96120e-01
  8.59e-03	  3.75e-02	-9.11576e-01
  8.59e-03	  3.80e-02	1.78547e+00
  8.59e-03	  3.85e-02	2.33277e+01
  8.59e-03	  3.91e-02	8.72556e+01
  8.59e-03	  3.96e-02	2.83073e+02
  8.59e-03	  4.01e-02	8.82217e-31
  8.59e-03	  4.06e-02	1.46197e-63
  8.59e-03	  4.11e-02	2.19293e-96
  8.59e-03	  4.17e-02	3.28937e-129
  8.59e-03	  4.22e-02	4.93400e-162
  8.59e-03	  4.27e-02	7.40092e-195
  8.59e-03	  4.32e-02	1.11013e-227
  8.59e-03	  4.37e-02	1.66517e-260
  8.59e-03	  4.43e-02	2.49774e-293
  8.59e-03	  4.48e-02	0.00000e+00
  8.59e-03	  4.53e-02	0.00000e+00
  8.59e-03	  4.58e-02	0.00000e+00
  8.59e-03	  4.64e-02	0.00000e+00
  8.59e-03	  4.69e-02	0.00000e+00
  8.59e-03	  4.74e-02	0.00000e+00
  8.59e-03	  4.79e-02	0.00000e+00
  8.59e-03	  4.84e-02	0.00000e+00
  8.59e-03	  4.90e-02	0.00000e+00
  8.59e-03	  4.95e-02	0.00000e+00

  9.37e-03	  0.00e+00	0.00000e+00
  9.37e-03	  5.21e-04	0.00000e+00
  9.37e-03	  1.04e-03	0.00000e+00
  9.37e-03	  1.56e-03	0.00000e+00
  9.37e-03	  2.08e-03	0.00000e+00
  9.37e-03	  2.60e-03	0.00000e+00
  9.37e-03	  3.12e-03	0.00000e+00
  9.37e-03	  3.65e-03	0.00000e+00
  9.37e-03	  4.17e-03	-2.37866e-293
  9.37e-03	  4.69e-03	-1.58579e-260
  9.37e-03	  5.21e-03	-1.05720e-227
  9.37e-03	  5.73e-03	-7.04807e-195
  9.37e-03	  6.25e-03	-4.69876e-162
  9.37e-03	  6.77e-03	-3.13254e-129
  9.37e-03	  7.29e-03	-2.08839e-96
  9.37e-03	  7.81e-03	-1.39227e-63
  9.37e-03	  8.33e-03	-9.28192e-31
  9.37e-03	  8.85e-03	-2.72306e+02
  9.37e-03	  9.37e-03	-9.09955e+01
  9.37e-03	  9.90e-03	-2.72332e+01
  9.37e-03	  1.04e-02	-2.92778e+00
  9.37e-03	  1.09e-02	7.88753e-01
  9.37e-03	  1.15e-02	9.36617e-01
  9.37e-03	  1.20e-02	8.49552e-01
  9.37e-03	  1.25e-02	7.88248e-01
  9.37e-03	  1.30e-02	7.31871e-01
  9.37e-03	  1.35e-02	6.70577e-01
  9.37e-03	  1.41e-02	6.08441e-01
  9.37e-03	  1.46e-02	5.51028e-01
  9.37e-03	  1.51e-02	5.00890e-01
  9.37e-03	  1.56e-02	4.58086e-01
  9.37e-03	  1.61e-02	4.21598e-01
  9.37e-03	  1.67e-02	3.90210e-01
  9.37e-03	  1.72e-02	3.62842e-01
  9.37e-03	  1.77e-02	3.38627e-01
  9.37e-03	  1.82e-02	3.16888e-01
  9.37e-03	  1.88e-02	2.97092e-01
  9.37e-03	  1.93e-02	2.78819e-01
  9.37e-03	  1.98e-02	2.61732e-01
  9.37e-03	  2.03e-02	2.45554e-01
  9.37e-03	  2.08e-02	2.30056e-01
  9.37e-03	  2.14e-02	2.15044e-01
  9.37e-03	  2.19e-02	2.00351e-01
  9.37e-03	  2.24e-02	1.85829e-01
  9.37e-03	  2.29e-02	1.71347e-01
  9.37e-03	  2.34e-02	1.56785e-01
  9.37e-03	  2.40e-02	1.42030e-01
  9.37e-03	  2.45e-02	1.26971e-01
  9.37e-03	  2.50e-02	1.11502e-01
  9.37e-03	  2.55e-02	9.55123e-02
  9.37e-03	  2.60e-02	7.88892e-02
  9.37e-03	  2.66e-02	6.15110e-02
  9.37e-03	  2.71e-02	4.32452e-02
  9.37e-03	  2.76e-02	2.39442e-02
  9.37e-03	  2.81e-02	3.43999e-03
  9.37e-03	  2.86e-02	-1.84623e-02
  9.37e-03	  2.92e-02	-4.19924e-02
  9.37e-03	  2.97e-02	-6.74259e-02
  9.37e-03	  3.02e-02	-9.50989e-02
  9.37e-03	  3.07e-02	-1.25428e-01
  9.37e-03	  3.13e-02	-1.58939e-01
  9.37e-03	  3.18e-02	-1.96302e-01
  9.37e-03	  3.23e-02	-2.38377e-01
  9.37e-03	  3.28e-02	-2.86242e-01
  9.37e-03	  3.33e-02	-3.41129e-01
  9.37e-03	  3.39e-02	-4.04093e-01
  9.37e-03	  3.44e-02	-4.75085e-01
  9.37e-03	  3.49e-02	-5.51361e-01
  9.37e-03	  3.54e-02	-6.26705e-01
  9.37e-03	  3.59e-02	-6.96093e-01
  9.37e-03	  3.65e-02	-7.69706e-01
  9.37e-03	  3.70e-02	-8.76135e-01
  9.37e-03	  3.75e-02	-8.01470e-01
  9.37e-03	  3.80e-02	2.63684e+00
  9.37e-03	  3.85e-02	2.66661e+01
  9.37e-03	  3.91e-02	9.10919e+01
  9.37e-03	  3.96e-02	2.75777e+02
  9.37e-03	  4.01e-02	8.51923e-31
  9.37e-03	  4.06e-02	1.41384e-63
  9.37e-03	  4.11e-02	2.12073e-96
  9.37e-03	  4.17e-02	3.18106e-129
  9.37e-03	  4.22e-02	4.77152e-162
  9.37e-03	  4.27e-02	7.15719e-195
  9.37e-03	  4.32e-02	1.07356e-227
  9.37e-03	  4.37e-02	1.61032e-260
  9.37e-03	  4.43e-02	2.41546e-293
  9.37e-03	  4.48e-02	0.00000e+00
  9.37e-03	  4.53e-02	0.00000e+00
  9.37e-03	  4.58e-02	0.00000e+00
  9.37e-03	  4.64e-02	0.00000e+00
  9.37e-03	  4.69e-02	0.00000e+00
  9.37e-03	  4.74e-02	0.00000e+00
  9.37e-03	  4.79e-02	0.00000e+00
  9.37e-03	  4.84e-02	0.00000e+00
  9.37e-03	  4.90e-02	0.00000e+00
  9.37e-03	  4.95e-02	0.00000e+00

  1.02e-02	  0.00e+00	0.00000e+00
  1.02e-02	  5.21e-04	0.00000e+00
  1.02e-02	  1.04e-03	0.00000e+00
  1.02e-02	  1.56e-03	0.00000e+00
  1.02e-02	  2.08e-03	0.00000e+00
  1.02e-02	  2.60e-03	0.00000e+00
  1.02e-02	  3.12e-03	0.00000e+00
  1.02e-02	  3.65e-03	0.00000e+00
  1.02e-02	  4.17e-03	-2.29505e-293
  1.02e-02	  4.69e-03	-1.53005e-260
  1.02e-02	  5.21e-03	-1.02005e-227
  1.02e-02	  5.73e-03	-6.80039e-195
  1.02e-02	  6.25e-03	-4.53365e-162
  1.02e-02	  6.77e-03	-3.02247e-129
  1.02e-02	  7.29e-03	-2.01501e-96
  1.02e-02	  7.81e-03	-1.34336e-63
  1.02e-02	  8.33e-03	-8.95584e-31
  1.02e-02	  8.85e-03	-2.64799e+02
  1.02e-02	  9.37e-03	-9.42677e+01
  1.02e-02	  9.90e-03	-3.06498e+01
  1.02e-02	  1.04e-02	-3.94993e+00
  1.02e-02	  1.09e-02	6.36609e-01
  1.02e-02	  1.15e-02	9.14318e-01
  1.02e-02	  1.20e-02	8.39471e-01
  1.02e-02	  1.25e-02	7.81105e-01
  1.02e-02	  1.30e-02	7.29235e-01
  1.02e-02	  1.35e-02	6.72254e-01
  1.02e-02	  1.41e-02	6.12652e-01
  1.02e-02	  1.46e-02	5.56068e-01
  1.02e-02	  1.51e-02	5.05778e-01
  1.02e-02	  1.56e-02	4.62437e-01
  1.02e-02	  1.61e-02	4.25340e-01
  1.02e-02	  1.67e-02	3.93390e-01
  1.02e-02	  1.72e-02	3.65541e-01
  1.02e-02	  1.77e-02	3.40921e-01
  1.02e-02	  1.82e-02	3.18842e-01
  1.02e-02	  1.88e-02	2.98760e-01
  1.02e-02	  1.93e-02	2.80247e-01
  1.02e-02	  1.98e-02	2.62954e-01
  1.02e-02	  2.03e-02	2.46601e-01
  1.02e-02	  2.08e-02	2.30951e-01
  1.02e-02	  2.14e-02	2.15806e-01
  1.02e-02	  2.19e-02	2.00994e-01
  1.02e-02	  2.24e-02	1.86364e-01
  1.02e-02	  2.29e-02	1.71783e-01
  1.02e-02	  2.34e-02	1.57126e-01
  1.02e-02	  2.40e-02	1.42276e-01
  1.02e-02	  2.45e-02	1.27124e-01
  1.02e-02	  2.50e-02	1.11557e-01
  1.02e-02	  2.55e-02	9.54660e-02
  1.02e-02	  2.60e-02	7.87334e-02
  1.02e-02	  2.66e-02	6.12363e-02
  1.02e-02	  2.71e-02	4.28399e-02
  1.02e-02	  2.76e-02	2.33945e-02
  1.02e-02	  2.81e-02	2.72962e-03
  1.02e-02	  2.86e-02	-1.93520e-02
  1.02e-02	  2.92e-02	-4.30829e-02
  1.02e-02	  2.97e-02	-6.87420e-02
  1.02e-02	  3.02e-02	-9.66696e-02
  1.02e-02	  3.07e-02	-1.27288e-01
  1.02e-02	  3.13e-02	-1.61128e-01
  1.02e-02	  3.18e-02	-1.98869e-01
  1.02e-02	  3.23e-02	-2.41369e-01
  1.02e-02	  3.28e-02	-2.89673e-01
  1.02e-02	  3.33e-02	-3.44897e-01
  1.02e-02	  3.39e-02	-4.07775e-01
  1.02e-02	  3.44e-02	-4.77625e-01
  1.02e-02	  3.49e-02	-5.50895e-01
  1.02e-02	  3.54e-02	-6.21226e-01
  1.02e-02	  3.59e-02	-6.85341e-01
  1.02e-02	  3.65e-02	-7.55898e-01
  1.02e-02	  3.70e-02	-8.53386e-01
  1.02e-02	  3.75e-02	-6.69062e-01
  1.02e-02	  3.80e-02	3.57701e+00
  1.02e-02	  3.85e-02	2.99838e+01
  1.02e-02	  3.91e-02	9.43897e+01
  1.02e-02	  3.96e-02	2.68905e+02
  1.02e-02	  4.01e-02	8.23196e-31
  1.02e-02	  4.06e-02	1.36889e-63
  1.02e-02	  4.11e-02	2.05331e-96
  1.02e-02	  4.17e-02	3.07991e-129
  1.02e-02	  4.22e-02	4.61979e-162
  1.02e-02	  4.27e-02	6.92957e-195
  1.02e-02	  4.32e-02	1.03942e-227
  1.02e-02	  4.37e-02	1.55910e-260
  1.02e-02	  4.43e-02	2.33862e-293
  1.02e-02	  4.48e-02	0.00000e+00
  1.02e-02	  4.53e-02	0.00000e+00
  1.02e-02	  4.58e-02	0.00000e+00
  1.02e-02	  4.64e-02	0.00000e+00
  1.02e-02	  4.69e-02	0.00000e+00
  1.02e-02	  4.74e-02	0.00000e+00
  1.02e-02	  4.79e-02	0.00000e+00
  1.02e-02	  4.84e-02	0.00000e+00
  1.02e-02	  4.90e-02	0.00000e+00
  1.02e-02	  4.95e-02	0.00000e+00

  1.09e-02	  0.00e+00	0.00000e+00
  1.09e-02	  5.21e-04	0.00000e+00
  1.09e-02	  1.04e-03	0.00000e+00
  1.09e-02	  1.56e-03	0.00000e+00
  1.09e-02	  2.08e-03	0.00000e+00
  1.09e-02	  2.60e-03	0.00000e+00
  1.09e-02	  3.12e-03	0.00000e+00
  1.09e-02	  3.65e-03	0.00000e+00
  1.09e-02	  4.17e-03	-2.21601e-293
  1.09e-02	  4.69e-03	-1.47736e-260
  1.09e-02	  5.21e-03	-9.84920e-228
  1.09e-02	  5.73e-03	-6.56623e-195
  1.09e-02	  6.25e-03	-4.37756e-162
  1.09e-02	  6.77e-03	-2.91842e-129
  1.09e-02	  7.29e-03	-1.94564e-96
  1.09e-02	  7.81e-03	-1.29712e-63
  1.09e-02	  8.33e-03	-8.64758e-31
  1.09e-02	  8.85e-03	-2.57637e+02
  1.09e-02	  9.37e-03	-9.70353e+01
  1.09e-02	  9.90e-03	-3.40334e+01
  1.09e-02	  1.04e-02	-5.07465e+00
  1.09e-02	  1.09e-02	4.53328e-01
  1.09e-02	  1.15e-02	8.87010e-01
  1.09e-02	  1.20e-02	8.28998e-01
  1.09e-02	  1.25e-02	7.73622e-01
  1.09e-02	  1.30e-02	7.25690e-01
  1.09e-02	  1.35e-02	6.72888e-01
  1.09e-02	  1.41e-02	6.16075e-01
  1.09e-02	  1.46e-02	5.60653e-01
  1.09e-02	  1.51e-02	5.10460e-01
  1.09e-02	  1.56e-02	4.66733e-01
  1.09e-02	  1.61e-02	4.29114e-01
  1.09e-02	  1.67e-02	3.96656e-01
  1.09e-02	  1.72e-02	3.68359e-01
  1.09e-02	  1.77e-02	3.43357e-01
  1.09e-02	  1.82e-02	3.20955e-01
  1.09e-02	  1.88e-02	3.00598e-01
  1.09e-02	  1.93e-02	2.81849e-01
  1.09e-02	  1.98e-02	2.64354e-01
  1.09e-02	  2.03e-02	2.47824e-01
  1.09e-02	  2.08e-02	2.32019e-01
  1.09e-02	  2.14e-02	2.16737e-01
  1.09e-02	  2.19e-02	2.01801e-01
  1.09e-02	  2.24e-02	1.87059e-01
  1.09e-02	  2.29e-02	1.72372e-01
  1.09e-02	  2.34e-02	1.57614e-01
  1.09e-02	  2.40e-02	1.42667e-01
  1.09e-02	  2.45e-02	1.27418e-01
  1.09e-02	  2.50e-02	1.11753e-01
  1.09e-02	  2.55e-02	9.55601e-02
  1.09e-02	  2.60e-02	7.87207e-02
  1.09e-02	  2.66e-02	6.11096e-02
  1.09e-02	  2.71e-02	4.25904e-02
  1.09e-02	  2.76e-02	2.30114e-02
  1.09e-02	  2.81e-02	2.20004e-03
  1.09e-02	  2.86e-02	-2.00431e-02
  1.09e-02	  2.92e-02	-4.39532e-02
  1.09e-02	  2.97e-02	-6.98124e-02
  1.09e-02	  3.02e-02	-9.79652e-02
  1.09e-02	  3.07e-02	-1.28839e-01
  1.09e-02	  3.13e-02	-1.62973e-01
  1.09e-02	  3.18e-02	-2.01048e-01
  1.09e-02	  3.23e-02	-2.43919e-01
  1.09e-02	  3.28e-02	-2.92585e-01
  1.09e-02	  3.33e-02	-3.48012e-01
  1.09e-02	  3.39e-02	-4.10581e-01
  1.09e-02	  3.44e-02	-4.78985e-01
  1.09e-02	  3.49e-02	-5.49027e-01
  1.09e-02	  3.54e-02	-6.14549e-01
  1.09e-02	  3.59e-02	-6.74127e-01
  1.09e-02	  3.65e-02	-7.41974e-01
  1.09e-02	  3.70e-02	-8.27272e-01
  1.09e-02	  3.75e-02	-5.13062e-01
  1.09e-02	  3.80e-02	4.60026e+00
  1.09e-02	  3.85e-02	3.32530e+01
  1.09e-02	  3.91e-02	9.71919e+01
  1.09e-02	  3.96e-02	2.62451e+02
  1.09e-02	  4.01e-02	7.96038e-31
  1.09e-02	  4.06e-02	1.32702e-63
  1.09e-02	  4.11e-02	1.99050e-96
  1.09e-02	  4.17e-02	2.98569e-129
  1.09e-02	  4.22e-02	4.47845e-162
  1.09e-02	  4.27e-02	6.71754e-195
  1.09e-02	  4.32e-02	1.00761e-227
  1.09e-02	  4.37e-02	1.51139e-260
  1.09e-02	  4.43e-02	2.26704e-293
  1.09e-02	  4.48e-02	0.00000e+00
  1.09e-02	  4.53e-02	0.00000e+00
  1.09e-02	  4.58e-02	0.00000e+00
  1.09e-02	  4.64e-02	0.00000e+00
  1.09e-02	  4.69e-02	0.00000e+00
  1.09e-02	  4.74e-02	0.00000e+00
  1.09e-02	  4.79e-02	0.00000e+00
  1.09e-02	  4.84e-02	0.00000e+00
  1.09e-02	  4.90e-02	0.00000e+00
  1.09e-02	  4.95e-02	0.00000e+00

  1.17e-02	  0.00e+00	0.00000e+00
  1.17e-02	  5.21e-04	0.00000e+00
  1.17e-02	  1.04e-03	0.00000e+00
  1.17e-02	  1.56e-03	0.00000e+00
  1.17e-02	  2.08e-03	0.00000e+00
  1.17e-02	  2.60e-03	0.00000e+00
  1.17e-02	  3.12e-03	0.00000e+00
  1.17e-02	  3.65e-03	0.00000e+00
  1.17e-02	  4.17e-03	-2.14131e-293
  1.17e-02	  4.69e-03	-1.42756e-260
  1.17e-02	  5.21e-03	-9.51723e-228
  1.17e-02	  5.73e-03	-6.34493e-195
  1.17e-02	  6.25e-03	-4.23003e-162
  1.17e-02	  6.77e-03	-2.82007e-129
  1.17e-02	  7.29e-03	-1.88008e-96
  1.17e-02	  7.81e-03	-1.25341e-63
  1.17e-02	  8.33e-03	-8.35624e-31
  1.17e-02	  8.85e-03	-2.50809e+02
  1.17e-02	  9.37e-03	-9.93378e+01
  1.17e-02	  9.90e-03	-3.73590e+01
  1.17e-02	  1.04e-02	-6.29788e+00
  1.17e-02	  1.09e-02	2.36392e-01
  1.17e-02	  1.15e-02	8.53759e-01
  1.17e-02	  1.20e-02	8.17958e-01
  1.17e-02	  1.25e-02	7.65977e-01
  1.17e-02	  1.30e-02	7.21497e-01
  1.17e-02	  1.35e-02	6.72645e-01
  1.17e-02	  1.41e-02	6.18767e-01
  1.17e-02	  1.46e-02	5.64784e-01
  1.17e-02	  1.51e-02	5.14920e-01
  1.17e-02	  1.56e-02	4.70955e-01
  1.17e-02	  1.61e-02	4.32899e-01
  1.17e-02	  1.67e-02	3.99982e-01
  1.17e-02	  1.72e-02	3.71268e-01
  1.17e-02	  1.77e-02	3.45907e-01
  1.17e-02	  1.82e-02	3.23197e-01
  1.17e-02	  1.88e-02	3.02577e-01
  1.17e-02	  1.93e-02	2.83601e-01
  1.17e-02	  1.98e-02	2.65908e-01
  1.17e-02	  2.03e-02	2.49204e-01
  1.17e-02	  2.08e-02	2.33245e-01
  1.17e-02	  2.14e-02	2.17824e-01
  1.17e-02	  2.19e-02	2.02763e-01
  1.17e-02	  2.24e-02	1.87905e-01
  1.17e-02	  2.29e-02	1.73111e-01
  1.17e-02	  2.34e-02	1.58251e-01
  1.17e-02	  2.40e-02	1.43205e-01
  1.17e-02	  2.45e-02	1.27858e-01
  1.17e-02	  2.50e-02	1.12096e-01
  1.17e-02	  2.55e-02	9.58043e-02
  1.17e-02	  2.60e-02	7.88624e-02
  1.17e-02	  2.66e-02	6.11439e-02
  1.17e-02	  2.71e-02	4.25107e-02
  1.17e-02	  2.76e-02	2.28094e-02
  1.17e-02	  2.81e-02	1.86567e-03
  1.17e-02	  2.86e-02	-2.05221e-02
  1.17e-02	  2.92e-02	-4.45917e-02
  1.17e-02	  2.97e-02	-7.06285e-02
  1.17e-02	  3.02e-02	-9.89814e-02
  1.17e-02	  3.07e-02	-1.30084e-01
  1.17e-02	  3.13e-02	-1.64479e-01
  1.17e-02	  3.18e-02	-2.02855e-01
  1.17e-02	  3.23e-02	-2.46050e-01
  1.17e-02	  3.28e-02	-2.95003e-01
  1.17e-02	  3.33e-02	-3.50505e-01
  1.17e-02	  3.39e-02	-4.12555e-01
  1.17e-02	  3.44e-02	-4.79253e-01
  1.17e-02	  3.49e-02	-5.45944e-01
  1.17e-02	  3.54e-02	-6.06946e-01
  1.17e-02	  3.59e-02	-6.62642e-01
  1.17e-02	  3.65e-02	-7.27813e-01
  1.17e-02	  3.70e-02	-7.97224e-01
  1.17e-02	  3.75e-02	-3.32525e-01
  1.17e-02	  3.80e-02	5.70004e+00
  1.17e-02	  3.85e-02	3.64491e+01
  1.17e-02	  3.91e-02	9.95405e+01
  1.17e-02	  3.96e-02	2.56408e+02
  1.17e-02	  4.01e-02	7.70418e-31
  1.17e-02	  4.06e-02	1.28813e-63
  1.17e-02	  4.11e-02	1.93215e-96
  1.17e-02	  4.17e-02	2.89816e-129
  1.17e-02	  4.22e-02	4.34713e-162
  1.17e-02	  4.27e-02	6.52055e-195
  1.17e-02	  4.32e-02	9.78059e-228
  1.17e-02	  4.37e-02	1.46705e-260
  1.17e-02	  4.43e-02	2.20053e-293
  1.17e-02	  4.48e-02	0.00000e+00
  1.17e-02	  4.53e-02	0.00000e+00
  1.17e-02	  4.58e-02	0.00000e+00
  1.17e-02	  4.64e-02	0.00000e+00
  1.17e-02	  4.69e-02	0.00000e+00
  1.17e-02	  4.74e-02	0.00000e+00
  1.17e-02	  4.79e-02	0.00000e+00
  1.17e-02	  4.84e-02	0.00000e+00
  1.17e-02	  4.90e-02	0.00000e+00
  1.17e-02	  4.95e-02	0.00000e+00

  1.25e-02	  0.00e+00	0.00000e+00
  1.25e-02	  5.21e-04	0.00000e+00
  1.25e-02	  1.04e-03	0.00000e+00
  1.25e-02	  1.56e-03	0.00000e+00
  1.25e-02	  2.08e-03	0.00000e+00
  1.25e-02	  2.60e-03	0.00000e+00
  1.25e-02	  3.12e-03	0.00000e+00
  1.25e-02	  3.65e-03	0.00000e+00
  1.25e-02	  4.17e-03	-2.07071e-293
  1.25e-02	  4.69e-03	-1.38049e-260
  1.25e-02	  5.21e-03	-9.20347e-228
  1.25e-02	  5.73e-03	-6.13577e-195
  1.25e-02	  6.25e-03	-4.09060e-162
  1.25e-02	  6.77e-03	-2.72712e-129
  1.25e-02	  7.29e-03	-1.81812e-96
  1.25e-02	  7.81e-03	-1.21211e-63
  1.25e-02	  8.33e-03	-8.08088e-31
  1.25e-02	  8.85e-03	-2.44299e+02
  1.25e-02	  9.37e-03	-1.01214e+02
  1.25e-02	  9.90e-03	-4.06050e+01
  1.25e-02	  1.04e-02	-7.61507e+00
  1.25e-02	  1.09e-02	-1.66214e-02
  1.25e-02	  1.15e-02	8.13583e-01
  1.25e-02	  1.20e-02	8.06111e-01
  1.25e-02	  1.25e-02	7.58264e-01
  1.25e-02	  1.30e-02	7.16866e-01
  1.25e-02	  1.35e-02	6.71686e-01
  1.25e-02	  1.41e-02	6.20800e-01
  1.25e-02	  1.46e-02	5.68478e-01
  1.25e-02	  1.51e-02	5.19155e-01
  1.25e-02	  1.56e-02	4.75095e-01
  1.25e-02	  1.61e-02	4.36684e-01
  1.25e-02	  1.67e-02	4.03355e-01
  1.25e-02	  1.72e-02	3.74254e-01
  1.25e-02	  1.77e-02	3.48553e-01
  1.25e-02	  1.82e-02	3.25551e-01
  1.25e-02	  1.88e-02	3.04679e-01
  1.25e-02	  1.93e-02	2.85484e-01
  1.25e-02	  1.98e-02	2.67600e-01
  1.25e-02	  2.03e-02	2.50726e-01
  1.25e-02	  2.08e-02	2.34616e-01
  1.25e-02	  2.14e-02	2.19058e-01
  1.25e-02	  2.19e-02	2.03871e-01
  1.25e-02	  2.24e-02	1.88898e-01
  1.25e-02	  2.29e-02	1.73996e-01
  1.25e-02	  2.34e-02	1.59034e-01
  1.25e-02	  2.40e-02	1.43890e-01
  1.25e-02	  2.45e-02	1.28448e-01
  1.25e-02	  2.50e-02	1.12591e-01
  1.25e-02	  2.55e-02	9.62039e-02
  1.25e-02	  2.60e-02	7.91652e-02
  1.25e-02	  2.66e-02	6.13467e-02
  1.25e-02	  2.71e-02	4.26089e-02
  1.25e-02	  2.76e-02	2.27967e-02
  1.25e-02	  2.81e-02	1.73414e-03
  1.25e-02	  2.86e-02	-2.07826e-02
  1.25e-02	  2.92e-02	-4.49938e-02
  1.25e-02	  2.97e-02	-7.11885e-02
  1.25e-02	  3.02e-02	-9.97199e-02
  1.25e-02	  3.07e-02	-1.31027e-01
  1.25e-02	  3.13e-02	-1.65660e-01
  1.25e-02	  3.18e-02	-2.04304e-01
  1.25e-02	  3.23e-02	-2.47780e-01
  1.25e-02	  3.28e-02	-2.96948e-01
  1.25e-02	  3.33e-02	-3.52396e-01
  1.25e-02	  3.39e-02	-4.13729e-01
  1.25e-02	  3.44e-02	-4.78513e-01
  1.25e-02	  3.49e-02	-5.41810e-01
  1.25e-02	  3.54e-02	-5.98629e-01
  1.25e-02	  3.59e-02	-6.50987e-01
  1.25e-02	  3.65e-02	-7.13252e-01
  1.25e-02	  3.70e-02	-7.62727e-01
  1.25e-02	  3.75e-02	-1.26855e-01
  1.25e-02	  3.80e-02	6.86917e+00
  1.25e-02	  3.85e-02	3.95510e+01
  1.25e-02	  3.91e-02	1.01477e+02
  1.25e-02	  3.96e-02	2.50764e+02
  1.25e-02	  4.01e-02	7.46284e-31
  1.25e-02	  4.06e-02	1.25208e-63
  1.25e-02	  4.11e-02	1.87807e-96
  1.25e-02	  4.17e-02	2.81703e-129
  1.25e-02	  4.22e-02	4.22543e-162
  1.25e-02	  4.27e-02	6.33797e-195
  1.25e-02	  4.32e-02	9.50669e-228
  1.25e-02	  4.37e-02	1.42597e-260
  1.25e-02	  4.43e-02	2.13889e-293
  1.25e-02	  4.48e-02	0.00000e+00
  1.25e-02	  4.53e-02	0.00000e+00
  1.25e-02	  4.58e-02	0.00000e+00
  1.25e-02	  4.64e-02	0.00000e+00
  1.25e-02	  4.69e-02	0.00000e+00
  1.25e-02	  4.74e-02	0.00000e+00
  1.25e-02	  4.79e-02	0.00000e+00
  1.25e-02	  4.84e-02	0.00000e+00
  1.25e-02	  4.90e-02	0.00000e+00
  1.25e-02	  4.95e-02	0.00000e+00

  1.33e-02	  0.00e+00	0.00000e+00
  1.33e-02	  5.21e-04	0.00000e+00
  1.33e-02	  1.04e-03	0.00000e+00
  1.33e-02	  1.56e-03	0.00000e+00
  1.33e-02	  2.08e-03	0.00000e+00
  1.33e-02	  2.60e-03	0.00000e+00
  1.33e-02	  3.12e-03	0.00000e+00
  1.33e-02	  3.65e-03	0.00000e+00
  1.33e-02	  4.17e-03	-2.00395e-293
  1.33e-02	  4.69e-03	-1.33599e-260
  1.33e-02	  5.21e-03	-8.90679e-228
  1.33e-02	  5.73e-03	-5.93799e-195
  1.33e-02	  6.25e-03	-3.95876e-162
  1.33e-02	  6.77e-03	-2.63923e-129
  1.33e-02	  7.29e-03	-1.75953e-96
  1.33e-02	  7.81e-03	-1.17305e-63
  1.33e-02	  8.33e-03	-7.82052e-31
  1.33e-02	  8.85e-03	-2.38093e+02
  1.33e-02	  9.37e-03	-1.02700e+02
  1.33e-02	  9.90e-03	-4.37523e+01
  1.33e-02	  1.04e-02	-9.02125e+00
  1.33e-02	  1.09e-02	-3.08058e-01
  1.33e-02	  1.15e-02	7.65448e-01
  1.33e-02	  1.20e-02	7.93167e-01
  1.33e-02	  1.25e-02	7.50515e-01
  1.33e-02	  1.30e-02	7.11964e-01
  1.33e-02	  1.35e-02	6.70165e-01
  1.33e-02	  1.41e-02	6.22254e-01
  1.33e-02	  1.46e-02	5.71760e-01
  1.33e-02	  1.51e-02	5.23170e-01
  1.33e-02	  1.56e-02	4.79153e-01
  1.33e-02	  1.61e-02	4.40470e-01
  1.33e-02	  1.67e-02	4.06775e-01
  1.33e-02	  1.72e-02	3.77313e-01
  1.33e-02	  1.77e-02	3.51290e-01
  1.33e-02	  1.82e-02	3.28008e-01
  1.33e-02	  1.88e-02	3.06895e-01
  1.33e-02	  1.93e-02	2.87489e-01
  1.33e-02	  1.98e-02	2.69419e-01
  1.33e-02	  2.03e-02	2.52380e-01
  1.33e-02	  2.08e-02	2.36121e-01
  1.33e-02	  2.14e-02	2.20429e-01
  1.33e-02	  2.19e-02	2.05119e-01
  1.33e-02	  2.24e-02	1.90032e-01
  1.33e-02	  2.29e-02	1.75023e-01
  1.33e-02	  2.34e-02	1.59960e-01
  1.33e-02	  2.40e-02	1.44720e-01
  1.33e-02	  2.45e-02	1.29185e-01
  1.33e-02	  2.50e-02	1.13238e-01
  1.33e-02	  2.55e-02	9.67607e-02
  1.33e-02	  2.60e-02	7.96316e-02
  1.33e-02	  2.66e-02	6.17210e-02
  1.33e-02	  2.71e-02	4.28881e-02
  1.33e-02	  2.76e-02	2.29763e-02
  1.33e-02	  2.81e-02	1.80793e-03
  1.33e-02	  2.86e-02	-2.08230e-02
  1.33e-02	  2.92e-02	-4.51596e-02
  1.33e-02	  2.97e-02	-7.14946e-02
  1.33e-02	  3.02e-02	-1.00186e-01
  1.33e-02	  3.07e-02	-1.31678e-01
  1.33e-02	  3.13e-02	-1.66525e-01
  1.33e-02	  3.18e-02	-2.05410e-01
  1.33e-02	  3.23e-02	-2.49124e-01
  1.33e-02	  3.28e-02	-2.98431e-01
  1.33e-02	  3.33e-02	-3.53698e-01
  1.33e-02	  3.39e-02	-4.14134e-01
  1.33e-02	  3.44e-02	-4.76839e-01
  1.33e-02	  3.49e-02	-5.36769e-01
  1.33e-02	  3.54e-02	-5.89757e-01
  1.33e-02	  3.59e-02	-6.39207e-01
  1.33e-02	  3.65e-02	-6.98110e-01
  1.33e-02	  3.70e-02	-7.23339e-01
  1.33e-02	  3.75e-02	1.04205e-01
  1.33e-02	  3.80e-02	8.10004e+00
  1.33e-02	  3.85e-02	4.25407e+01
  1.33e-02	  3.91e-02	1.03041e+02
  1.33e-02	  3.96e-02	2.45511e+02
  1.33e-02	  4.01e-02	7.23567e-31
  1.33e-02	  4.06e-02	1.21875e-63
  1.33e-02	  4.11e-02	1.82808e-96
  1.33e-02	  4.17e-02	2.74204e-129
  1.33e-02	  4.22e-02	4.11292e-162
  1.33e-02	  4.27e-02	6.16919e-195
  1.33e-02	  4.32e-02	9.25350e-228
  1.33e-02	  4.37e-02	1.38798e-260
  1.33e-02	  4.43e-02	2.08191e-293
  1.33e-02	  4.48e-02	0.00000e+00
  1.33e-02	  4.53e-02	0.00000e+00
  1.33e-02	  4.58e-02	0.00000e+00
  1.33e-02	  4.64e-02	0.00000e+00
  1.33e-02	  4.69e-02	0.00000e+00
  1.33e-02	  4.74e-02	0.00000e+00
  1.33e-02	  4.79e-02	0.00000e+00
  1.33e-02	  4.84e-02	0.00000e+00
  1.33e-02	  4.90e-02	0.00000e+00
  1.33e-02	  4.95e-02	0.00000e+00

  1.41e-02	  0.00e+00	0.00000e+00
  1.41e-02	  5.21e-04	0.00000e+00
  1.41e-02	  1.04e-03	0.00000e+00
  1.41e-02	  1.56e-03	0.00000e+00
  1.41e-02	  2.08e-03	0.00000e+00
  1.41e-02	  2.60e-03	0.00000e+00
  1.41e-02	  3.12e-03	0.00000e+00
  1.41e-02	  3.65e-03	0.00000e+00
  1.41e-02	  4.17e-03	-1.94077e-293
  1.41e-02	  4.69e-03	-1.29388e-260
  1.41e-02	  5.21e-03	-8.62604e-228
  1.41e-02	  5.73e-03	-5.75084e-195
  1.41e-02	  6.25e-03	-3.83399e-162
  1.41e-02	  6.77e-03	-2.55607e-129
  1.41e-02	  7.29e-03	-1.70409e-96
  1.41e-02	  7.81e-03	-1.13609e-63
  1.41e-02	  8.33e-03	-7.57414e-31
  1.41e-02	  8.85e-03	-2.32172e+02
  1.41e-02	  9.37e-03	-1.03832e+02
  1.41e-02	  9.90e-03	-4.67845e+01
  1.41e-02	  1.04e-02	-1.05112e+01
  1.41e-02	  1.09e-02	-6.40214e-01
  1.41e-02	  1.15e-02	7.08274e-01
  1.41e-02	  1.20e-02	7.78801e-01
  1.41e-02	  1.25e-02	7.42717e-01
  1.41e-02	  1.30e-02	7.06918e-01
  1.41e-02	  1.35e-02	6.68220e-01
  1.41e-02	  1.41e-02	6.23215e-01
  1.41e-02	  1.46e-02	5.74668e-01
  1.41e-02	  1.51e-02	5.26976e-01
  1.41e-02	  1.56e-02	4.83135e-01
  1.41e-02	  1.61e-02	4.44262e-01
  1.41e-02	  1.67e-02	4.10246e-01
  1.41e-02	  1.72e-02	3.80449e-01
  1.41e-02	  1.77e-02	3.54119e-01
  1.41e-02	  1.82e-02	3.30568e-01
  1.41e-02	  1.88e-02	3.09220e-01
  1.41e-02	  1.93e-02	2.89610e-01
  1.41e-02	  1.98e-02	2.71360e-01
  1.41e-02	  2.03e-02	2.54160e-01
  1.41e-02	  2.08e-02	2.37756e-01
  1.41e-02	  2.14e-02	2.21931e-01
  1.41e-02	  2.19e-02	2.06500e-01
  1.41e-02	  2.24e-02	1.91301e-01
  1.41e-02	  2.29e-02	1.76187e-01
  1.41e-02	  2.34e-02	1.61026e-01
  1.41e-02	  2.40e-02	1.45693e-01
  1.41e-02	  2.45e-02	1.30069e-01
  1.41e-02	  2.50e-02	1.14035e-01
  1.41e-02	  2.55e-02	9.74735e-02
  1.41e-02	  2.60e-02	8.02607e-02
  1.41e-02	  2.66e-02	6.22661e-02
  1.41e-02	  2.71e-02	4.33477e-02
  1.41e-02	  2.76e-02	2.33473e-02
  1.41e-02	  2.81e-02	2.08555e-03
  1.41e-02	  2.86e-02	-2.06458e-02
  1.41e-02	  2.92e-02	-4.50928e-02
  1.41e-02	  2.97e-02	-7.15519e-02
  1.41e-02	  3.02e-02	-1.00386e-01
  1.41e-02	  3.07e-02	-1.32045e-01
  1.41e-02	  3.13e-02	-1.67086e-01
  1.41e-02	  3.18e-02	-2.06184e-01
  1.41e-02	  3.23e-02	-2.50090e-01
  1.41e-02	  3.28e-02	-2.99461e-01
  1.41e-02	  3.33e-02	-3.54421e-01
  1.41e-02	  3.39e-02	-4.13794e-01
  1.41e-02	  3.44e-02	-4.74299e-01
  1.41e-02	  3.49e-02	-5.30941e-01
  1.41e-02	  3.54e-02	-5.80445e-01
  1.41e-02	  3.59e-02	-6.27302e-01
  1.41e-02	  3.65e-02	-6.82207e-01
  1.41e-02	  3.70e-02	-6.78692e-01
  1.41e-02	  3.75e-02	3.60582e-01
  1.41e-02	  3.80e-02	9.38467e+00
  1.41e-02	  3.85e-02	4.54029e+01
  1.41e-02	  3.91e-02	1.04270e+02
  1.41e-02	  3.96e-02	2.40634e+02
  1.41e-02	  4.01e-02	7.02189e-31
  1.41e-02	  4.06e-02	1.18803e-63
  1.41e-02	  4.11e-02	1.78199e-96
  1.41e-02	  4.17e-02	2.67289e-129
  1.41e-02	  4.22e-02	4.00920e-162
  1.41e-02	  4.27e-02	6.01358e-195
  1.41e-02	  4.32e-02	9.02005e-228
  1.41e-02	  4.37e-02	1.35296e-260
  1.41e-02	  4.43e-02	2.02937e-293
  1.41e-02	  4.48e-02	0.00000e+00
  1.41e-02	  4.53e-02	0.00000e+00
  1.41e-02	  4.58e-02	0.00000e+00
  1.41e-02	  4.64e-02	0.00000e+00
  1.41e-02	  4.69e-02	0.00000e+00
  1.41e-02	  4.74e-02	0.00000e+00
  1.41e-02	  4.79e-02	0.00000e+00
  1.41e-02	  4.84e-02	0.00000e+00
  1.41e-02	  4.90e-02	0.00000e+00
  1.41e-02	  4.95e-02	0.00000e+00

  1.48e-02	  0.00e+00	0.00000e+00
  1.48e-02	  5.21e-04	0.00000e+00
  1.48e-02	  1.04e-03	0.00000e+00
  1.48e-02	  1.56e-03	0.00000e+00
  1.48e-02	  2.08e-03	0.00000e+00
  1.48e-02	  2.60e-03	0.00000e+00
  1.48e-02	  3.12e-03	0.00000e+00
  1.48e-02	  3.65e-03	0.00000e+00
  1.48e-02	  4.17e-03	-1.88092e-293
  1.48e-02	  4.69e-03	-1.25397e-260
  1.48e-02	  5.21e-03	-8.36005e-228
  1.48e-02	  5.73e-03	-5.57352e-195
  1.48e-02	  6.25e-03	-3.71579e-162
  1.48e-02	  6.77e-03	-2.47727e-129
  1.48e-02	  7.29e-03	-1.65156e-96
  1.48e-02	  7.81e-03	-1.10108e-63
  1.48e-02	  8.33e-03	-7.34071e-31
  1.48e-02	  8.85e-03	-2.26517e+02
  1.48e-02	  9.37e-03	-1.04644e+02
  1.48e-02	  9.90e-03	-4.96876e+01
  1.48e-02	  1.04e-02	-1.20793e+01
  1.48e-02	  1.09e-02	-1.01536e+00
  1.48e-02	  1.15e-02	6.40918e-01
  1.48e-02	  1.20e-02	7.62659e-01
  1.48e-02	  1.25e-02	7.34816e-01
  1.48e-02	  1.30e-02	7.01822e-01
  1.48e-02	  1.35e-02	6.65977e-01
  1.48e-02	  1.41e-02	6.23771e-01
  1.48e-02	  1.46e-02	5.77245e-01
  1.48e-02	  1.51e-02	5.30595e-01
  1.48e-02	  1.56e-02	4.87054e-01
  1.48e-02	  1.61e-02	4.48071e-01
  1.48e-02	  1.67e-02	4.13779e-01
  1.48e-02	  1.72e-02	3.83670e-01
  1.48e-02	  1.77e-02	3.57045e-01
  1.48e-02	  1.82e-02	3.33233e-01
  1.48e-02	  1.88e-02	3.11657e-01
  1.48e-02	  1.93e-02	2.91848e-01
  1.48e-02	  1.98e-02	2.73420e-01
  1.48e-02	  2.03e-02	2.56063e-01
  1.48e-02	  2.08e-02	2.39516e-01
  1.48e-02	  2.14e-02	2.23561e-01
  1.48e-02	  2.19e-02	2.08011e-01
  1.48e-02	  2.24e-02	1.92701e-01
  1.48e-02	  2.29e-02	1.77485e-01
  1.48e-02	  2.34e-02	1.62228e-01
  1.48e-02	  2.40e-02	1.46804e-01
  1.48e-02	  2.45e-02	1.31094e-01
  1.48e-02	  2.50e-02	1.14979e-01
  1.48e-02	  2.55e-02	9.83384e-02
  1.48e-02	  2.60e-02	8.10488e-02
  1.48e-02	  2.66e-02	6.29783e-02
  1.48e-02	  2.71e-02	4.39837e-02
  1.48e-02	  2.76e-02	2.39055e-02
  1.48e-02	  2.81e-02	2.56241e-03
  1.48e-02	  2.86e-02	-2.02561e-02
  1.48e-02	  2.92e-02	-4.47992e-02
  1.48e-02	  2.97e-02	-7.13672e-02
  1.48e-02	  3.02e-02	-1.00328e-01
  1.48e-02	  3.07e-02	-1.32136e-01
  1.48e-02	  3.13e-02	-1.67350e-01
  1.48e-02	  3.18e-02	-2.06633e-01
  1.48e-02	  3.23e-02	-2.50686e-01
  1.48e-02	  3.28e-02	-3.00039e-01
  1.48e-02	  3.33e-02	-3.54569e-01
  1.48e-02	  3.39e-02	-4.12735e-01
  1.48e-02	  3.44e-02	-4.70958e-01
  1.48e-02	  3.49e-02	-5.24427e-01
  1.48e-02	  3.54e-02	-5.70772e-01
  1.48e-02	  3.59e-02	-6.15245e-01
  1.48e-02	  3.65e-02	-6.65368e-01
  1.48e-02	  3.70e-02	-6.28504e-01
  1.48e-02	  3.75e-02	6.41891e-01
  1.48e-02	  3.80e-02	1.07149e+01
  1.48e-02	  3.85e-02	4.81253e+01
  1.48e-02	  3.91e-02	1.05204e+02
  1.48e-02	  3.96e-02	2.36123e+02
  1.48e-02	  4.01e-02	6.82063e-31
  1.48e-02	  4.06e-02	1.15979e-63
  1.48e-02	  4.11e-02	1.73962e-96
  1.48e-02	  4.17e-02	2.60932e-129
  1.48e-02	  4.22e-02	3.91383e-162
  1.48e-02	  4.27e-02	5.87051e-195
  1.48e-02	  4.32e-02	8.80541e-228
  1.48e-02	  4.37e-02	1.32076e-260
  1.48e-02	  4.43e-02	1.98106e-293
  1.48e-02	  4.48e-02	0.00000e+00
  1.48e-02	  4.53e-02	0.00000e+00
  1.48e-02	  4.58e-02	0.00000e+00
  1.48e-02	  4.64e-02	0.00000e+00
  1.48e-02	  4.69e-02	0.00000e+00
  1.48e-02	  4.74e-02	0.00000e+00
  1.48e-02	  4.79e-02	0.00000e+00
  1.48e-02	  4.84e-02	0.00000e+00
  1.48e-02	  4.90e-02	0.00000e+00
  1.48e-02	  4.95e-02	0.00000e+00

  1.56e-02	  0.00e+00	0.00000e+00
  1.56e-02	  5.21e-04	0.00000e+00
  1.56e-02	  1.04e-03	0.00000e+00
  1.56e-02	  1.56e-03	0.00000e+00
  1.56e-02	  2.08e-03	0.00000e+00
  1.56e-02	  2.60e-03	0.00000e+00
  1.56e-02	  3.12e-03	0.00000e+00
  1.56e-02	  3.65e-03	0.00000e+00
  1.56e-02	  4.17e-03	-1.82411e-293
  1.56e-02	  4.69e-03	-1.21611e-260
  1.56e-02	  5.21e-03	-8.10763e-228
  1.56e-02	  5.73e-03	-5.40526e-195
  1.56e-02	  6.25e-03	-3.60362e-162
  1.56e-02	  6.77e-03	-2.40249e-129
  1.56e-02	  7.29e-03	-1.60172e-96
  1.56e-02	  7.81e-03	-1.06785e-63
  1.56e-02	  8.33e-03	-7.11920e-31
  1.56e-02	  8.85e-03	-2.21110e+02
  1.56e-02	  9.37e-03	-1.05170e+02
  1.56e-02	  9.90e-03	-5.24499e+01
  1.56e-02	  1.04e-02	-1.37202e+01
  1.56e-02	  1.09e-02	-1.43580e+00
  1.56e-02	  1.15e-02	5.62163e-01
  1.56e-02	  1.20e-02	7.44353e-01
  1.56e-02	  1.25e-02	7.26734e-01
  1.56e-02	  1.30e-02	6.96743e-01
  1.56e-02	  1.35e-02	6.63548e-01
  1.56e-02	  1.41e-02	6.24013e-01
  1.56e-02	  1.46e-02	5.79541e-01
  1.56e-02	  1.51e-02	5.34050e-01
  1.56e-02	  1.56e-02	4.90924e-01
  1.56e-02	  1.61e-02	4.51911e-01
  1.56e-02	  1.67e-02	4.17388e-01
  1.56e-02	  1.72e-02	3.86989e-01
  1.56e-02	  1.77e-02	3.60080e-01
  1.56e-02	  1.82e-02	3.36012e-01
  1.56e-02	  1.88e-02	3.14212e-01
  1.56e-02	  1.93e-02	2.94205e-01
  1.56e-02	  1.98e-02	2.75602e-01
  1.56e-02	  2.03e-02	2.58088e-01
  1.56e-02	  2.08e-02	2.41399e-01
  1.56e-02	  2.14e-02	2.25315e-01
  1.56e-02	  2.19e-02	2.09646e-01
  1.56e-02	  2.24e-02	1.94227e-01
  1.56e-02	  2.29e-02	1.78910e-01
  1.56e-02	  2.34e-02	1.63559e-01
  1.56e-02	  2.40e-02	1.48048e-01
  1.56e-02	  2.45e-02	1.32256e-01
  1.56e-02	  2.50e-02	1.16063e-01
  1.56e-02	  2.55e-02	9.93491e-02
  1.56e-02	  2.60e-02	8.19893e-02
  1.56e-02	  2.66e-02	6.38509e-02
  1.56e-02	  2.71e-02	4.47895e-02
  1.56e-02	  2.76e-02	2.46440e-02
  1.56e-02	  2.81e-02	3.23134e-03
  1.56e-02	  2.86e-02	-1.96614e-02
  1.56e-02	  2.92e-02	-4.42866e-02
  1.56e-02	  2.97e-02	-7.09487e-02
  1.56e-02	  3.02e-02	-1.00020e-01
  1.56e-02	  3.07e-02	-1.31960e-01
  1.56e-02	  3.13e-02	-1.67325e-01
  1.56e-02	  3.18e-02	-2.06761e-01
  1.56e-02	  3.23e-02	-2.50911e-01
  1.56e-02	  3.28e-02	-3.00165e-01
  1.56e-02	  3.33e-02	-3.54146e-01
  1.56e-02	  3.39e-02	-4.10977e-01
  1.56e-02	  3.44e-02	-4.66872e-01
  1.56e-02	  3.49e-02	-5.17307e-01
  1.56e-02	  3.54e-02	-5.60788e-01
  1.56e-02	  3.59e-02	-6.02988e-01
  1.56e-02	  3.65e-02	-6.47435e-01
  1.56e-02	  3.70e-02	-5.72580e-01
  1.56e-02	  3.75e-02	9.47451e-01
  1.56e-02	  3.80e-02	1.20823e+01
  1.56e-02	  3.85e-02	5.06980e+01
  1.56e-02	  3.91e-02	1.05876e+02
  1.56e-02	  3.96e-02	2.31963e+02
  1.56e-02	  4.01e-02	6.63102e-31
  1.56e-02	  4.06e-02	1.13390e-63
  1.56e-02	  4.11e-02	1.70078e-96
  1.56e-02	  4.17e-02	2.55105e-129
  1.56e-02	  4.22e-02	3.82641e-162
  1.56e-02	  4.27e-02	5.73936e-195
  1.56e-02	  4.32e-02	8.60865e-228
  1.56e-02	  4.37e-02	1.29124e-260
  1.56e-02	  4.43e-02	1.93678e-293
  1.56e-02	  4.48e-02	0.00000e+00
  1.56e-02	  4.53e-02	0.00000e+00
  1.56e-02	  4.58e-02	0.00000e+00
  1.56e-02	  4.64e-02	0.00000e+00
  1.56e-02	  4.69e-02	0.00000e+00
  1.56e-02	  4.74e-02	0.00000e+00
  1.56e-02	  4.79e-02	0.00000e+00
  1.56e-02	  4.84e-02	0.00000e+00
  1.56e-02	  4.90e-02	0.00000e+00
  1.56e-02	  4.95e-02	0.00000e+00

  1.64e-02	  0.00e+00	0.00000e+00
  1.64e-02	  5.21e-04	0.00000e+00
  1.64e-02	  1.04e-03	0.00000e+00
  1.64e-02	  1.56e-03	0.00000e+00
  1.64e-02	  2.08e-03	0.00000e+00
  1.64e-02	  2.60e-03	0.00000e+00
  1.64e-02	  3.12e-03	0.00000e+00
  1.64e-02	  3.65e-03	0.00000e+00
  1.64e-02	  4.17e-03	-1.77010e-293
  1.64e-02	  4.69e-03	-1.18010e-260
  1.64e-02	  5.21e-03	-7.86761e-228
  1.64e-02	  5.73e-03	-5.24525e-195
  1.64e-02	  6.25e-03	-3.49696e-162
  1.64e-02	  6.77e-03	-2.33139e-129
  1.64e-02	  7.29e-03	-1.55432e-96
  1.64e-02	  7.81e-03	-1.03625e-63
  1.64e-02	  8.33e-03	-6.90857e-31
  1.64e-02	  8.85e-03	-2.15929e+02
  1.64e-02	  9.37e-03	-1.05440e+02
  1.64e-02	  9.90e-03	-5.50615e+01
  1.64e-02	  1.04e-02	-1.54280e+01
  1.64e-02	  1.09e-02	-1.90389e+00
  1.64e-02	  1.15e-02	4.70703e-01
  1.64e-02	  1.20e-02	7.23468e-01
  1.64e-02	  1.25e-02	7.18368e-01
  1.64e-02	  1.30e-02	6.91726e-01
  1.64e-02	  1.35e-02	6.61035e-01
  1.64e-02	  1.41e-02	6.24031e-01
  1.64e-02	  1.46e-02	5.81615e-01
  1.64e-02	  1.51e-02	5.37374e-01
  1.64e-02	  1.56e-02	4.94768e-01
  1.64e-02	  1.61e-02	4.55801e-01
  1.64e-02	  1.67e-02	4.21090e-01
  1.64e-02	  1.72e-02	3.90423e-01
  1.64e-02	  1.77e-02	3.63239e-01
  1.64e-02	  1.82e-02	3.38918e-01
  1.64e-02	  1.88e-02	3.16893e-01
  1.64e-02	  1.93e-02	2.96687e-01
  1.64e-02	  1.98e-02	2.77909e-01
  1.64e-02	  2.03e-02	2.60237e-01
  1.64e-02	  2.08e-02	2.43405e-01
  1.64e-02	  2.14e-02	2.27191e-01
  1.64e-02	  2.19e-02	2.11404e-01
  1.64e-02	  2.24e-02	1.95875e-01
  1.64e-02	  2.29e-02	1.80457e-01
  1.64e-02	  2.34e-02	1.65013e-01
  1.64e-02	  2.40e-02	1.49417e-01
  1.64e-02	  2.45e-02	1.33545e-01
  1.64e-02	  2.50e-02	1.17279e-01
  1.64e-02	  2.55e-02	1.00497e-01
  1.64e-02	  2.60e-02	8.30734e-02
  1.64e-02	  2.66e-02	6.48748e-02
  1.64e-02	  2.71e-02	4.57555e-02
  1.64e-02	  2.76e-02	2.55532e-02
  1.64e-02	  2.81e-02	4.08281e-03
  1.64e-02	  2.86e-02	-1.88712e-02
  1.64e-02	  2.92e-02	-4.35643e-02
  1.64e-02	  2.97e-02	-7.03051e-02
  1.64e-02	  3.02e-02	-9.94708e-02
  1.64e-02	  3.07e-02	-1.31523e-01
  1.64e-02	  3.13e-02	-1.67017e-01
  1.64e-02	  3.18e-02	-2.06572e-01
  1.64e-02	  3.23e-02	-2.50765e-01
  1.64e-02	  3.28e-02	-2.99835e-01
  1.64e-02	  3.33e-02	-3.53152e-01
  1.64e-02	  3.39e-02	-4.08540e-01
  1.64e-02	  3.44e-02	-4.62091e-01
  1.64e-02	  3.49e-02	-5.09645e-01
  1.64e-02	  3.54e-02	-5.50520e-01
  1.64e-02	  3.59e-02	-5.90472e-01
  1.64e-02	  3.65e-02	-6.28272e-01
  1.64e-02	  3.70e-02	-5.10813e-01
  1.64e-02	  3.75e-02	1.27630e+00
  1.64e-02	  3.80e-02	1.34785e+01
  1.64e-02	  3.85e-02	5.31134e+01
  1.64e-02	  3.91e-02	1.06320e+02
  1.64e-02	  3.96e-02	2.28141e+02
  1.64e-02	  4.01e-02	6.45215e-31
  1.64e-02	  4.06e-02	1.11024e-63
  1.64e-02	  4.11e-02	1.66529e-96
  1.64e-02	  4.17e-02	2.49782e-129
  1.64e-02	  4.22e-02	3.74654e-162
  1.64e-02	  4.27e-02	5.61954e-195
  1.64e-02	  4.32e-02	8.42889e-228
  1.64e-02	  4.37e-02	1.26427e-260
  1.64e-02	  4.43e-02	1.89632e-293
  1.64e-02	  4.48e-02	0.00000e+00
  1.64e-02	  4.53e-02	0.00000e+00
  1.64e-02	  4.58e-02	0.00000e+00
  1.64e-02	  4.64e-02	0.00000e+00
  1.64e-02	  4.69e-02	0.00000e+00
  1.64e-02	  4.74e-02	0.00000e+00
  1.64e-02	  4.79e-02	0.00000e+00
  1.64e-02	  4.84e-02	0.00000e+00
  1.64e-02	  4.90e-02	0.00000e+00
  1.64e-02	  4.95e-02	0.00000e+00

  1.72e-02	  0.00e+00	0.00000e+00
  1.72e-02	  5.21e-04	0.00000e+00
  1.72e-02	  1.04e-03	0.00000e+00
  1.72e-02	  1.56e-03	0.00000e+00
  1.72e-02	  2.08e-03	0.00000e+00
  1.72e-02	  2.60e-03	0.00000e+00
  1.72e-02	  3.12e-03	0.00000e+00
  1.72e-02	  3.65e-03	0.00000e+00
  1.72e-02	  4.17e-03	-1.71862e-293
  1.72e-02	  4.69e-03	-1.14578e-260
  1.72e-02	  5.21e-03	-7.63881e-228
  1.72e-02	  5.73e-03	-5.09273e-195
  1.72e-02	  6.25e-03	-3.39529e-162
  1.72e-02	  6.77e-03	-2.26361e-129
  1.72e-02	  7.29e-03	-1.50914e-96
  1.72e-02	  7.81e-03	-1.00613e-63
  1.72e-02	  8.33e-03	-6.70779e-31
  1.72e-02	  8.85e-03	-2.10954e+02
  1.72e-02	  9.37e-03	-1.05484e+02
  1.72e-02	  9.90e-03	-5.75146e+01
  1.72e-02	  1.04e-02	-1.71969e+01
  1.72e-02	  1.09e-02	-2.42207e+00
  1.72e-02	  1.15e-02	3.65114e-01
  1.72e-02	  1.20e-02	6.99551e-01
  1.72e-02	  1.25e-02	7.09599e-01
  1.72e-02	  1.30e-02	6.86796e-01
  1.72e-02	  1.35e-02	6.58528e-01
  1.72e-02	  1.41e-02	6.23918e-01
  1.72e-02	  1.46e-02	5.83531e-01
  1.72e-02	  1.51e-02	5.40608e-01
  1.72e-02	  1.56e-02	4.98613e-01
  1.72e-02	  1.61e-02	4.59763e-01
  1.72e-02	  1.67e-02	4.24908e-01
  1.72e-02	  1.72e-02	3.93991e-01
  1.72e-02	  1.77e-02	3.66539e-01
  1.72e-02	  1.82e-02	3.41965e-01
  1.72e-02	  1.88e-02	3.19712e-01
  1.72e-02	  1.93e-02	2.99304e-01
  1.72e-02	  1.98e-02	2.80346e-01
  1.72e-02	  2.03e-02	2.62512e-01
  1.72e-02	  2.08e-02	2.45535e-01
  1.72e-02	  2.14e-02	2.29188e-01
  1.72e-02	  2.19e-02	2.13279e-01
  1.72e-02	  2.24e-02	1.97640e-01
  1.72e-02	  2.29e-02	1.82120e-01
  1.72e-02	  2.34e-02	1.66583e-01
  1.72e-02	  2.40e-02	1.50902e-01
  1.72e-02	  2.45e-02	1.34953e-01
  1.72e-02	  2.50e-02	1.18617e-01
  1.72e-02	  2.55e-02	1.01771e-01
  1.72e-02	  2.60e-02	8.42895e-02
  1.72e-02	  2.66e-02	6.60380e-02
  1.72e-02	  2.71e-02	4.68698e-02
  1.72e-02	  2.76e-02	2.66211e-02
  1.72e-02	  2.81e-02	5.10482e-03
  1.72e-02	  2.86e-02	-1.78970e-02
  1.72e-02	  2.92e-02	-4.26433e-02
  1.72e-02	  2.97e-02	-6.94468e-02
  1.72e-02	  3.02e-02	-9.86888e-02
  1.72e-02	  3.07e-02	-1.30833e-01
  1.72e-02	  3.13e-02	-1.66428e-01
  1.72e-02	  3.18e-02	-2.06065e-01
  1.72e-02	  3.23e-02	-2.50242e-01
  1.72e-02	  3.28e-02	-2.99043e-01
  1.72e-02	  3.33e-02	-3.51588e-01
  1.72e-02	  3.39e-02	-4.05443e-01
  1.72e-02	  3.44e-02	-4.56655e-01
  1.72e-02	  3.49e-02	-5.01487e-01
  1.72e-02	  3.54e-02	-5.39972e-01
  1.72e-02	  3.59e-02	-5.77632e-01
  1.72e-02	  3.65e-02	-6.07761e-01
  1.72e-02	  3.70e-02	-4.43186e-01
  1.72e-02	  3.75e-02	1.62723e+00
  1.72e-02	  3.80e-02	1.48950e+01
  1.72e-02	  3.85e-02	5.53661e+01
  1.72e-02	  3.91e-02	1.06569e+02
  1.72e-02	  3.96e-02	2.24646e+02
  1.72e-02	  4.01e-02	6.28309e-31
  1.72e-02	  4.06e-02	1.08872e-63
  1.72e-02	  4.11e-02	1.63300e-96
  1.72e-02	  4.17e-02	2.44937e-129
  1.72e-02	  4.22e-02	3.67385e-162
  1.72e-02	  4.27e-02	5.51048e-195
  1.72e-02	  4.32e-02	8.26527e-228
  1.72e-02	  4.37e-02	1.23972e-260
  1.72e-02	  4.43e-02	1.85949e-293
  1.72e-02	  4.48e-02	0.00000e+00
  1.72e-02	  4.53e-02	0.00000e+00
  1.72e-02	  4.58e-02	0.00000e+00
  1.72e-02	  4.64e-02	0.00000e+00
  1.72e-02	  4.69e-02	0.00000e+00
  1.72e-02	  4.74e-02	0.00000e+00
  1.72e-02	  4.79e-02	0.00000e+00
  1.72e-02	  4.84e-02	0.00000e+00
  1.72e-02	  4.90e-02	0.00000e+00
  1.72e-02	  4.95e-02	0.00000e+00

  1.80e-02	  0.00e+00	0.00000e+00
  1.80e-02	  5.21e-04	0.00000e+00
  1.80e-02	  1.04e-03	0.00000e+00
  1.80e-02	  1.56e-03	0.00000e+00
  1.80e-02	  2.08e-03	0.00000e+00
  1.80e-02	  2.60e-03	0.00000e+00
  1.80e-02	  3.12e-03	0.00000e+00
  1.80e-02	  3.65e-03	0.00000e+00
  1.80e-02	  4.17e-03	-1.66940e-293
  1.80e-02	  4.69e-03	-1.11297e-260
  1.80e-02	  5.21e-03	-7.42009e-228
  1.80e-02	  5.73e-03	-4.94692e-195
  1.80e-02	  6.25e-03	-3.29809e-162
  1.80e-02	  6.77e-03	-2.19882e-129
  1.80e-02	  7.29e-03	-1.46594e-96
  1.80e-02	  7.81e-03	-9.77337e-64
  1.80e-02	  8.33e-03	-6.51585e-31
  1.80e-02	  8.85e-03	-2.06163e+02
  1.80e-02	  9.37e-03	-1.05328e+02
  1.80e-02	  9.90e-03	-5.98030e+01
  1.80e-02	  1.04e-02	-1.90212e+01
  1.80e-02	  1.09e-02	-2.99295e+00
  1.80e-02	  1.15e-02	2.43832e-01
  1.80e-02	  1.20e-02	6.72105e-01
  1.80e-02	  1.25e-02	7.00291e-01
  1.80e-02	  1.30e-02	6.81967e-01
  1.80e-02	  1.35e-02	6.56107e-01
  1.80e-02	  1.41e-02	6.23764e-01
  1.80e-02	  1.46e-02	5.85361e-01
  1.80e-02	  1.51e-02	5.43800e-01
  1.80e-02	  1.56e-02	5.02492e-01
  1.80e-02	  1.61e-02	4.63827e-01
  1.80e-02	  1.67e-02	4.28866e-01
  1.80e-02	  1.72e-02	3.97718e-01
  1.80e-02	  1.77e-02	3.70001e-01
  1.80e-02	  1.82e-02	3.45170e-01
  1.80e-02	  1.88e-02	3.22683e-01
  1.80e-02	  1.93e-02	3.02066e-01
  1.80e-02	  1.98e-02	2.82920e-01
  1.80e-02	  2.03e-02	2.64918e-01
  1.80e-02	  2.08e-02	2.47789e-01
  1.80e-02	  2.14e-02	2.31304e-01
  1.80e-02	  2.19e-02	2.15269e-01
  1.80e-02	  2.24e-02	1.99515e-01
  1.80e-02	  2.29e-02	1.83891e-01
  1.80e-02	  2.34e-02	1.68259e-01
  1.80e-02	  2.40e-02	1.52493e-01
  1.80e-02	  2.45e-02	1.36467e-01
  1.80e-02	  2.50e-02	1.20063e-01
  1.80e-02	  2.55e-02	1.03157e-01
  1.80e-02	  2.60e-02	8.56231e-02
  1.80e-02	  2.66e-02	6.73257e-02
  1.80e-02	  2.71e-02	4.81172e-02
  1.80e-02	  2.76e-02	2.78325e-02
  1.80e-02	  2.81e-02	6.28257e-03
  1.80e-02	  2.86e-02	-1.67530e-02
  1.80e-02	  2.92e-02	-4.15367e-02
  1.80e-02	  2.97e-02	-6.83852e-02
  1.80e-02	  3.02e-02	-9.76837e-02
  1.80e-02	  3.07e-02	-1.29897e-01
  1.80e-02	  3.13e-02	-1.65563e-01
  1.80e-02	  3.18e-02	-2.05240e-01
  1.80e-02	  3.23e-02	-2.49338e-01
  1.80e-02	  3.28e-02	-2.97780e-01
  1.80e-02	  3.33e-02	-3.49451e-01
  1.80e-02	  3.39e-02	-4.01699e-01
  1.80e-02	  3.44e-02	-4.50597e-01
  1.80e-02	  3.49e-02	-4.92861e-01
  1.80e-02	  3.54e-02	-5.29133e-01
  1.80e-02	  3.59e-02	-5.64398e-01
  1.80e-02	  3.65e-02	-5.85810e-01
  1.80e-02	  3.70e-02	-3.69772e-01
  1.80e-02	  3.75e-02	1.99874e+00
  1.80e-02	  3.80e-02	1.63236e+01
  1.80e-02	  3.85e-02	5.74530e+01
  1.80e-02	  3.91e-02	1.06651e+02
  1.80e-02	  3.96e-02	2.21464e+02
  1.80e-02	  4.01e-02	6.12294e-31
  1.80e-02	  4.06e-02	1.06922e-63
  1.80e-02	  4.11e-02	1.60374e-96
  1.80e-02	  4.17e-02	2.40547e-129
  1.80e-02	  4.22e-02	3.60799e-162
  1.80e-02	  4.27e-02	5.41165e-195
  1.80e-02	  4.32e-02	8.11700e-228
  1.80e-02	  4.37e-02	1.21748e-260
  1.80e-02	  4.43e-02	1.82611e-293
  1.80e-02	  4.48e-02	0.00000e+00
  1.80e-02	  4.53e-02	0.00000e+00
  1.80e-02	  4.58e-02	0.00000e+00
  1.80e-02	  4.64e-02	0.00000e+00
  1.80e-02	  4.69e-02	0.00000e+00
  1.80e-02	  4.74e-02	0.00000e+00
  1.80e-02	  4.79e-02	0.00000e+00
  1.80e-02	  4.84e-02	0.00000e+00
  1.80e-02	  4.90e-02	0.00000e+00
  1.80e-02	  4.95e-02	0.00000e+00

  1.88e-02	  0.00e+00	0.00000e+00
  1.88e-02	  5.21e-04	0.00000e+00
  1.88e-02	  1.04e-03	0.00000e+00
  1.88e-02	  1.56e-03	0.00000e+00
  1.88e-02	  2.08e-03	0.00000e+00
  1.88e-02	  2.60e-03	0.00000e+00
  1.88e-02	  3.12e-03	0.00000e+00
  1.88e-02	  3.65e-03	0.00000e+00
  1.88e-02	  4.17e-03	-1.62219e-293
  1.88e-02	  4.69e-03	-1.08150e-260
  1.88e-02	  5.21e-03	-7.21028e-228
  1.88e-02	  5.73e-03	-4.80706e-195
  1.88e-02	  6.25e-03	-3.20485e-162
  1.88e-02	  6.77e-03	-2.13667e-129
  1.88e-02	  7.29e-03	-1.42451e-96
  1.88e-02	  7.81e-03	-9.49719e-64
  1.88e-02	  8.33e-03	-6.33174e-31
  1.88e-02	  8.85e-03	-2.01535e+02
  1.88e-02	  9.37e-03	-1.04999e+02
  1.88e-02	  9.90e-03	-6.19224e+01
  1.88e-02	  1.04e-02	-2.08948e+01
  1.88e-02	  1.09e-02	-3.61931e+00
  1.88e-02	  1.15e-02	1.05113e-01
  1.88e-02	  1.20e-02	6.40579e-01
  1.88e-02	  1.25e-02	6.90290e-01
  1.88e-02	  1.30e-02	6.77242e-01
  1.88e-02	  1.35e-02	6.53849e-01
  1.88e-02	  1.41e-02	6.23663e-01
  1.88e-02	  1.46e-02	5.87183e-01
  1.88e-02	  1.51e-02	5.47005e-01
  1.88e-02	  1.56e-02	5.06447e-01
  1.88e-02	  1.61e-02	4.68024e-01
  1.88e-02	  1.67e-02	4.32995e-01
  1.88e-02	  1.72e-02	4.01631e-01
  1.88e-02	  1.77e-02	3.73648e-01
  1.88e-02	  1.82e-02	3.48552e-01
  1.88e-02	  1.88e-02	3.25821e-01
  1.88e-02	  1.93e-02	3.04982e-01
  1.88e-02	  1.98e-02	2.85638e-01
  1.88e-02	  2.03e-02	2.67458e-01
  1.88e-02	  2.08e-02	2.50167e-01
  1.88e-02	  2.14e-02	2.33535e-01
  1.88e-02	  2.19e-02	2.17367e-01
  1.88e-02	  2.24e-02	2.01493e-01
  1.88e-02	  2.29e-02	1.85760e-01
  1.88e-02	  2.34e-02	1.70031e-01
  1.88e-02	  2.40e-02	1.54177e-01
  1.88e-02	  2.45e-02	1.38074e-01
  1.88e-02	  2.50e-02	1.21603e-01
  1.88e-02	  2.55e-02	1.04639e-01
  1.88e-02	  2.60e-02	8.70568e-02
  1.88e-02	  2.66e-02	6.87196e-02
  1.88e-02	  2.71e-02	4.94790e-02
  1.88e-02	  2.76e-02	2.91687e-02
  1.88e-02	  2.81e-02	7.59780e-03
  1.88e-02	  2.86e-02	-1.54567e-02
  1.88e-02	  2.92e-02	-4.02605e-02
  1.88e-02	  2.97e-02	-6.71343e-02
  1.88e-02	  3.02e-02	-9.64665e-02
  1.88e-02	  3.07e-02	-1.28721e-01
  1.88e-02	  3.13e-02	-1.64424e-01
  1.88e-02	  3.18e-02	-2.04092e-01
  1.88e-02	  3.23e-02	-2.48045e-01
  1.88e-02	  3.28e-02	-2.96039e-01
  1.88e-02	  3.33e-02	-3.46737e-01
  1.88e-02	  3.39e-02	-3.97318e-01
  1.88e-02	  3.44e-02	-4.43939e-01
  1.88e-02	  3.49e-02	-4.83781e-01
  1.88e-02	  3.54e-02	-5.17978e-01
  1.88e-02	  3.59e-02	-5.50696e-01
  1.88e-02	  3.65e-02	-5.62348e-01
  1.88e-02	  3.70e-02	-2.90734e-01
  1.88e-02	  3.75e-02	2.38913e+00
  1.88e-02	  3.80e-02	1.77557e+01
  1.88e-02	  3.85e-02	5.93725e+01
  1.88e-02	  3.91e-02	1.06595e+02
  1.88e-02	  3.96e-02	2.18584e+02
  1.88e-02	  4.01e-02	5.97077e-31
  1.88e-02	  4.06e-02	1.05164e-63
  1.88e-02	  4.11e-02	1.57736e-96
  1.88e-02	  4.17e-02	2.36590e-129
  1.88e-02	  4.22e-02	3.54862e-162
  1.88e-02	  4.27e-02	5.32258e-195
  1.88e-02	  4.32e-02	7.98335e-228
  1.88e-02	  4.37e-02	1.19743e-260
  1.88e-02	  4.43e-02	1.79603e-293
  1.88e-02	  4.48e-02	0.00000e+00
  1.88e-02	  4.53e-02	0.00000e+00
  1.88e-02	  4.58e-02	0.00000e+00
  1.88e-02	  4.64e-02	0.00000e+00
  1.88e-02	  4.69e-02	0.00000e+00
  1.88e-02	  4.74e-02	0.00000e+00
  1.88e-02	  4.79e-02	0.00000e+00
  1.88e-02	  4.84e-02	0.00000e+00
  1.88e-02	  4.90e-02	0.00000e+00
  1.88e-02	  4.95e-02	0.00000e+00

  1.95e-02	  0.00e+00	0.00000e+00
  1.95e-02	  5.21e-04	0.00000e+00
  1.95e-02	  1.04e-03	0.00000e+00
  1.95e-02	  1.56e-03	0.00000e+00
  1.95e-02	  2.08e-03	0.00000e+00
  1.95e-02	  2.60e-03	0.00000e+00
  1.95e-02	  3.12e-03	0.00000e+00
  1.95e-02	  3.65e-03	0.00000e+00
  1.95e-02	  4.17e-03	-1.57673e-293
  1.95e-02	  4.69e-03	-1.05120e-260
  1.95e-02	  5.21e-03	-7.00829e-228
  1.95e-02	  5.73e-03	-4.67241e-195
  1.95e-02	  6.25e-03	-3.11509e-162
  1.95e-02	  6.77e-03	-2.07683e-129
  1.95e-02	  7.29e-03	-1.38462e-96
  1.95e-02	  7.81e-03	-9.23128e-64
  1.95e-02	  8.33e-03	-6.15448e-31
  1.95e-02	  8.85e-03	-1.97047e+02
  1.95e-02	  9.37e-03	-1.04518e+02
  1.95e-02	  9.90e-03	-6.38696e+01
  1.95e-02	  1.04e-02	-2.28119e+01
  1.95e-02	  1.09e-02	-4.30416e+00
  1.95e-02	  1.15e-02	-5.30038e-02
  1.95e-02	  1.20e-02	6.04352e-01
  1.95e-02	  1.25e-02	6.79428e-01
  1.95e-02	  1.30e-02	6.72619e-01
  1.95e-02	  1.35e-02	6.51827e-01
  1.95e-02	  1.41e-02	6.23713e-01
  1.95e-02	  1.46e-02	5.89084e-01
  1.95e-02	  1.51e-02	5.50291e-01
  1.95e-02	  1.56e-02	5.10528e-01
  1.95e-02	  1.61e-02	4.72395e-01
  1.95e-02	  1.67e-02	4.37329e-01
  1.95e-02	  1.72e-02	4.05759e-01
  1.95e-02	  1.77e-02	3.77507e-01
  1.95e-02	  1.82e-02	3.52135e-01
  1.95e-02	  1.88e-02	3.29143e-01
  1.95e-02	  1.93e-02	3.08067e-01
  1.95e-02	  1.98e-02	2.88508e-01
  1.95e-02	  2.03e-02	2.70134e-01
  1.95e-02	  2.08e-02	2.52669e-01
  1.95e-02	  2.14e-02	2.35879e-01
  1.95e-02	  2.19e-02	2.19569e-01
  1.95e-02	  2.24e-02	2.03565e-01
  1.95e-02	  2.29e-02	1.87716e-01
  1.95e-02	  2.34e-02	1.71884e-01
  1.95e-02	  2.40e-02	1.55938e-01
  1.95e-02	  2.45e-02	1.39756e-01
  1.95e-02	  2.50e-02	1.23217e-01
  1.95e-02	  2.55e-02	1.06197e-01
  1.95e-02	  2.60e-02	8.85691e-02
  1.95e-02	  2.66e-02	7.01973e-02
  1.95e-02	  2.71e-02	5.09323e-02
  1.95e-02	  2.76e-02	3.06067e-02
  1.95e-02	  2.81e-02	9.02789e-03
  1.95e-02	  2.86e-02	-1.40295e-02
  1.95e-02	  2.92e-02	-3.88345e-02
  1.95e-02	  2.97e-02	-6.57112e-02
  1.95e-02	  3.02e-02	-9.50510e-02
  1.95e-02	  3.07e-02	-1.27316e-01
  1.95e-02	  3.13e-02	-1.63015e-01
  1.95e-02	  3.18e-02	-2.02620e-01
  1.95e-02	  3.23e-02	-2.46354e-01
  1.95e-02	  3.28e-02	-2.93808e-01
  1.95e-02	  3.33e-02	-3.43442e-01
  1.95e-02	  3.39e-02	-3.92305e-01
  1.95e-02	  3.44e-02	-4.36692e-01
  1.95e-02	  3.49e-02	-4.74244e-01
  1.95e-02	  3.54e-02	-5.06467e-01
  1.95e-02	  3.59e-02	-5.36453e-01
  1.95e-02	  3.65e-02	-5.37331e-01
  1.95e-02	  3.70e-02	-2.06330e-01
  1.95e-02	  3.75e-02	2.79644e+00
  1.95e-02	  3.80e-02	1.91832e+01
  1.95e-02	  3.85e-02	6.11249e+01
  1.95e-02	  3.91e-02	1.06425e+02
  1.95e-02	  3.96e-02	2.15995e+02
  1.95e-02	  4.01e-02	5.82568e-31
  1.95e-02	  4.06e-02	1.03590e-63
  1.95e-02	  4.11e-02	1.55375e-96
  1.95e-02	  4.17e-02	2.33046e-129
  1.95e-02	  4.22e-02	3.49545e-162
  1.95e-02	  4.27e-02	5.24280e-195
  1.95e-02	  4.32e-02	7.86366e-228
  1.95e-02	  4.37e-02	1.17947e-260
  1.95e-02	  4.43e-02	1.76908e-293
  1.95e-02	  4.48e-02	0.00000e+00
  1.95e-02	  4.53e-02	0.00000e+00
  1.95e-02	  4.58e-02	0.00000e+00
  1.95e-02	  4.64e-02	0.00000e+00
  1.95e-02	  4.69e-02	0.00000e+00
  1.95e-02	  4.74e-02	0.00000e+00
  1.95e-02	  4.79e-02	0.00000e+00
  1.95e-02	  4.84e-02	0.00000e+00
  1.95e-02	  4.90e-02	0.00000e+00
  1.95e-02	  4.95e-02	0.00000e+00

  2.03e-02	  0.00e+00	0.00000e+00
  2.03e-02	  5.21e-04	0.00000e+00
  2.03e-02	  1.04e-03	0.00000e+00
  2.03e-02	  1.56e-03	0.00000e+00
  2.03e-02	  2.08e-03	0.00000e+00
  2.03e-02	  2.60e-03	0.00000e+00
  2.03e-02	  3.12e-03	0.00000e+00
  2.03e-02	  3.65e-03	0.00000e+00
  2.03e-02	  4.17e-03	-1.53279e-293
  2.03e-02	  4.69e-03	-1.02190e-260
  2.03e-02	  5.21e-03	-6.81301e-228
  2.03e-02	  5.73e-03	-4.54223e-195
  2.03e-02	  6.25e-03	-3.02831e-162
  2.03e-02	  6.77e-03	-2.01898e-129
  2.03e-02	  7.29e-03	-1.34606e-96
  2.03e-02	  7.81e-03	-8.97420e-64
  2.03e-02	  8.33e-03	-5.98311e-31
  2.03e-02	  8.85e-03	-1.92679e+02
  2.03e-02	  9.37e-03	-1.03907e+02
  2.03e-02	  9.90e-03	-6.56433e+01
  2.03e-02	  1.04e-02	-2.47663e+01
  2.03e-02	  1.09e-02	-5.05081e+00
  2.03e-02	  1.15e-02	-2.32750e-01
  2.03e-02	  1.20e-02	5.62717e-01
  2.03e-02	  1.25e-02	6.67515e-01
  2.03e-02	  1.30e-02	6.68089e-01
  2.03e-02	  1.35e-02	6.50114e-01
  2.03e-02	  1.41e-02	6.24016e-01
  2.03e-02	  1.46e-02	5.91162e-01
  2.03e-02	  1.51e-02	5.53735e-01
  2.03e-02	  1.56e-02	5.14794e-01
  2.03e-02	  1.61e-02	4.76989e-01
  2.03e-02	  1.67e-02	4.41909e-01
  2.03e-02	  1.72e-02	4.10137e-01
  2.03e-02	  1.77e-02	3.81606e-01
  2.03e-02	  1.82e-02	3.55939e-01
  2.03e-02	  1.88e-02	3.32665e-01
  2.03e-02	  1.93e-02	3.11329e-01
  2.03e-02	  1.98e-02	2.91536e-01
  2.03e-02	  2.03e-02	2.72949e-01
  2.03e-02	  2.08e-02	2.55292e-01
  2.03e-02	  2.14e-02	2.38330e-01
  2.03e-02	  2.19e-02	2.21864e-01
  2.03e-02	  2.24e-02	2.05720e-01
  2.03e-02	  2.29e-02	1.89746e-01
  2.03e-02	  2.34e-02	1.73803e-01
  2.03e-02	  2.40e-02	1.57760e-01
  2.03e-02	  2.45e-02	1.41494e-01
  2.03e-02	  2.50e-02	1.24884e-01
  2.03e-02	  2.55e-02	1.07806e-01
  2.03e-02	  2.60e-02	9.01343e-02
  2.03e-02	  2.66e-02	7.17317e-02
  2.03e-02	  2.71e-02	5.24490e-02
  2.03e-02	  2.76e-02	3.21178e-02
  2.03e-02	  2.81e-02	1.05445e-02
  2.03e-02	  2.86e-02	-1.24987e-02
  2.03e-02	  2.92e-02	-3.72837e-02
  2.03e-02	  2.97e-02	-6.41379e-02
  2.03e-02	  3.02e-02	-9.34546e-02
  2.03e-02	  3.07e-02	-1.25692e-01
  2.03e-02	  3.13e-02	-1.61340e-01
  2.03e-02	  3.18e-02	-2.00821e-01
  2.03e-02	  3.23e-02	-2.44257e-01
  2.03e-02	  3.28e-02	-2.91076e-01
  2.03e-02	  3.33e-02	-3.39555e-01
  2.03e-02	  3.39e-02	-3.86658e-01
  2.03e-02	  3.44e-02	-4.28856e-01
  2.03e-02	  3.49e-02	-4.64232e-01
  2.03e-02	  3.54e-02	-4.94548e-01
  2.03e-02	  3.59e-02	-5.21592e-01
  2.03e-02	  3.65e-02	-5.10732e-01
  2.03e-02	  3.70e-02	-1.16905e-01
  2.03e-02	  3.75e-02	3.21849e+00
  2.03e-02	  3.80e-02	2.05980e+01
  2.03e-02	  3.85e-02	6.27121e+01
  2.03e-02	  3.91e-02	1.06165e+02
  2.03e-02	  3.96e-02	2.13688e+02
  2.03e-02	  4.01e-02	5.68674e-31
  2.03e-02	  4.06e-02	1.02192e-63
  2.03e-02	  4.11e-02	1.53277e-96
  2.03e-02	  4.17e-02	2.29899e-129
  2.03e-02	  4.22e-02	3.44823e-162
  2.03e-02	  4.27e-02	5.17195e-195
  2.03e-02	  4.32e-02	7.75733e-228
  2.03e-02	  4.37e-02	1.16351e-260
  2.03e-02	  4.43e-02	1.74514e-293
  2.03e-02	  4.48e-02	0.00000e+00
  2.03e-02	  4.53e-02	0.00000e+00
  2.03e-02	  4.58e-02	0.00000e+00
  2.03e-02	  4.64e-02	0.00000e+00
  2.03e-02	  4.69e-02	0.00000e+00
  2.03e-02	  4.74e-02	0.00000e+00
  2.03e-02	  4.79e-02	0.00000e+00
  2.03e-02	  4.84e-02	0.00000e+00
  2.03e-02	  4.90e-02	0.00000e+00
  2.03e-02	  4.95e-02	0.00000e+00

  2.11e-02	  0.00e+00	0.00000e+00
  2.11e-02	  5.21e-04	0.00000e+00
  2.11e-02	  1.04e-03	0.00000e+00
  2.11e-02	  1.56e-03	0.00000e+00
  2.11e-02	  2.08e-03	0.00000e+00
  2.11e-02	  2.60e-03	0.00000e+00
  2.11e-02	  3.12e-03	0.00000e+00
  2.11e-02	  3.65e-03	0.00000e+00
  2.11e-02	  4.17e-03	-1.49011e-293
  2.11e-02	  4.69e-03	-9.93453e-261
  2.11e-02	  5.21e-03	-6.62335e-228
  2.11e-02	  5.73e-03	-4.41580e-195
  2.11e-02	  6.25e-03	-2.94403e-162
  2.11e-02	  6.77e-03	-1.96280e-129
  2.11e-02	  7.29e-03	-1.30861e-96
  2.11e-02	  7.81e-03	-8.72453e-64
  2.11e-02	  8.33e-03	-5.81667e-31
  2.11e-02	  8.85e-03	-1.88406e+02
  2.11e-02	  9.37e-03	-1.03185e+02
  2.11e-02	  9.90e-03	-6.72430e+01
  2.11e-02	  1.04e-02	-2.67520e+01
  2.11e-02	  1.09e-02	-5.86286e+00
  2.11e-02	  1.15e-02	-4.36684e-01
  2.11e-02	  1.20e-02	5.14859e-01
  2.11e-02	  1.25e-02	6.54337e-01
  2.11e-02	  1.30e-02	6.63642e-01
  2.11e-02	  1.35e-02	6.48788e-01
  2.11e-02	  1.41e-02	6.24682e-01
  2.11e-02	  1.46e-02	5.93525e-01
  2.11e-02	  1.51e-02	5.57429e-01
  2.11e-02	  1.56e-02	5.19318e-01
  2.11e-02	  1.61e-02	4.81862e-01
  2.11e-02	  1.67e-02	4.46780e-01
  2.11e-02	  1.72e-02	4.14803e-01
  2.11e-02	  1.77e-02	3.85977e-01
  2.11e-02	  1.82e-02	3.59990e-01
  2.11e-02	  1.88e-02	3.36404e-01
  2.11e-02	  1.93e-02	3.14780e-01
  2.11e-02	  1.98e-02	2.94725e-01
  2.11e-02	  2.03e-02	2.75902e-01
  2.11e-02	  2.08e-02	2.58032e-01
  2.11e-02	  2.14e-02	2.40879e-01
  2.11e-02	  2.19e-02	2.24241e-01
  2.11e-02	  2.24e-02	2.07944e-01
  2.11e-02	  2.29e-02	1.91834e-01
  2.11e-02	  2.34e-02	1.75769e-01
  2.11e-02	  2.40e-02	1.59621e-01
  2.11e-02	  2.45e-02	1.43264e-01
  2.11e-02	  2.50e-02	1.26577e-01
  2.11e-02	  2.55e-02	1.09439e-01
  2.11e-02	  2.60e-02	9.17219e-02
  2.11e-02	  2.66e-02	7.32901e-02
  2.11e-02	  2.71e-02	5.39944e-02
  2.11e-02	  2.76e-02	3.36665e-02
  2.11e-02	  2.81e-02	1.21118e-02
  2.11e-02	  2.86e-02	-1.08992e-02
  2.11e-02	  2.92e-02	-3.56407e-02
  2.11e-02	  2.97e-02	-6.24432e-02
  2.11e-02	  3.02e-02	-9.17009e-02
  2.11e-02	  3.07e-02	-1.23866e-01
  2.11e-02	  3.13e-02	-1.59409e-01
  2.11e-02	  3.18e-02	-1.98695e-01
  2.11e-02	  3.23e-02	-2.41744e-01
  2.11e-02	  3.28e-02	-2.87828e-01
  2.11e-02	  3.33e-02	-3.35063e-01
  2.11e-02	  3.39e-02	-3.80367e-01
  2.11e-02	  3.44e-02	-4.20415e-01
  2.11e-02	  3.49e-02	-4.53710e-01
  2.11e-02	  3.54e-02	-4.82153e-01
  2.11e-02	  3.59e-02	-5.06034e-01
  2.11e-02	  3.65e-02	-4.82550e-01
  2.11e-02	  3.70e-02	-2.28999e-02
  2.11e-02	  3.75e-02	3.65285e+00
  2.11e-02	  3.80e-02	2.19921e+01
  2.11e-02	  3.85e-02	6.41373e+01
  2.11e-02	  3.91e-02	1.05836e+02
  2.11e-02	  3.96e-02	2.11655e+02
  2.11e-02	  4.01e-02	5.55301e-31
  2.11e-02	  4.06e-02	1.00963e-63
  2.11e-02	  4.11e-02	1.51434e-96
  2.11e-02	  4.17e-02	2.27133e-129
  2.11e-02	  4.22e-02	3.40672e-162
  2.11e-02	  4.27e-02	5.10967e-195
  2.11e-02	  4.32e-02	7.66388e-228
  2.11e-02	  4.37e-02	1.14949e-260
  2.11e-02	  4.43e-02	1.72410e-293
  2.11e-02	  4.48e-02	0.00000e+00
  2.11e-02	  4.53e-02	0.00000e+00
  2.11e-02	  4.58e-02	0.00000e+00
  2.11e-02	  4.64e-02	0.00000e+00
  2.11e-02	  4.69e-02	0.00000e+00
  2.11e-02	  4.74e-02	0.00000e+00
  2.11e-02	  4.79e-02	0.00000e+00
  2.11e-02	  4.84e-02	0.00000e+00
  2.11e-02	  4.90e-02	0.00000e+00
  2.11e-02	  4.95e-02	0.00000e+00

  2.19e-02	  0.00e+00	0.00000e+00
  2.19e-02	  5.21e-04	0.00000e+00
  2.19e-02	  1.04e-03	0.00000e+00
  2.19e-02	  1.56e-03	0.00000e+00
  2.19e-02	  2.08e-03	0.00000e+00
  2.19e-02	  2.60e-03	0.00000e+00
  2.19e-02	  3.12e-03	0.00000e+00
  2.19e-02	  3.65e-03	0.00000e+00
  2.19e-02	  4.17e-03	-1.44846e-293
  2.19e-02	  4.69e-03	-9.65687e-261
  2.19e-02	  5.21e-03	-6.43826e-228
  2.19e-02	  5.73e-03	-4.29241e-195
  2.19e-02	  6.25e-03	-2.86178e-162
  2.19e-02	  6.77e-03	-1.90797e-129
  2.19e-02	  7.29e-03	-1.27205e-96
  2.19e-02	  7.81e-03	-8.48087e-64
  2.19e-02	  8.33e-03	-5.65424e-31
  2.19e-02	  8.85e-03	-1.84208e+02
  2.19e-02	  9.37e-03	-1.02368e+02
  2.19e-02	  9.90e-03	-6.86697e+01
  2.19e-02	  1.04e-02	-2.87627e+01
  2.19e-02	  1.09e-02	-6.74428e+00
  2.19e-02	  1.15e-02	-6.67767e-01
  2.19e-02	  1.20e-02	4.59823e-01
  2.19e-02	  1.25e-02	6.39652e-01
  2.19e-02	  1.30e-02	6.59270e-01
  2.19e-02	  1.35e-02	6.47933e-01
  2.19e-02	  1.41e-02	6.25834e-01
  2.19e-02	  1.46e-02	5.96298e-01
  2.19e-02	  1.51e-02	5.61480e-01
  2.19e-02	  1.56e-02	5.24186e-01
  2.19e-02	  1.61e-02	4.87083e-01
  2.19e-02	  1.67e-02	4.51998e-01
  2.19e-02	  1.72e-02	4.19801e-01
  2.19e-02	  1.77e-02	3.90651e-01
  2.19e-02	  1.82e-02	3.64308e-01
  2.19e-02	  1.88e-02	3.40374e-01
  2.19e-02	  1.93e-02	3.18426e-01
  2.19e-02	  1.98e-02	2.98074e-01
  2.19e-02	  2.03e-02	2.78986e-01
  2.19e-02	  2.08e-02	2.60878e-01
  2.19e-02	  2.14e-02	2.43512e-01
  2.19e-02	  2.19e-02	2.26685e-01
  2.19e-02	  2.24e-02	2.10220e-01
  2.19e-02	  2.29e-02	1.93959e-01
  2.19e-02	  2.34e-02	1.77762e-01
  2.19e-02	  2.40e-02	1.61497e-01
  2.19e-02	  2.45e-02	1.45040e-01
  2.19e-02	  2.50e-02	1.28269e-01
  2.19e-02	  2.55e-02	1.11063e-01
  2.19e-02	  2.60e-02	9.32960e-02
  2.19e-02	  2.66e-02	7.48329e-02
  2.19e-02	  2.71e-02	5.55262e-02
  2.19e-02	  2.76e-02	3.52080e-02
  2.19e-02	  2.81e-02	1.36840e-02
  2.19e-02	  2.86e-02	-9.27610e-03
  2.19e-02	  2.92e-02	-3.39486e-02
  2.19e-02	  2.97e-02	-6.06658e-02
  2.19e-02	  3.02e-02	-8.98222e-02
  2.19e-02	  3.07e-02	-1.21863e-01
  2.19e-02	  3.13e-02	-1.57234e-01
  2.19e-02	  3.18e-02	-1.96244e-01
  2.19e-02	  3.23e-02	-2.38807e-01
  2.19e-02	  3.28e-02	-2.84050e-01
  2.19e-02	  3.33e-02	-3.29948e-01
  2.19e-02	  3.39e-02	-3.73410e-01
  2.19e-02	  3.44e-02	-4.11339e-01
  2.19e-02	  3.49e-02	-4.42625e-01
  2.19e-02	  3.54e-02	-4.69202e-01
  2.19e-02	  3.59e-02	-4.89693e-01
  2.19e-02	  3.65e-02	-4.52798e-01
  2.19e-02	  3.70e-02	7.51520e-02
  2.19e-02	  3.75e-02	4.09685e+00
  2.19e-02	  3.80e-02	2.33577e+01
  2.19e-02	  3.85e-02	6.54050e+01
  2.19e-02	  3.91e-02	1.05456e+02
  2.19e-02	  3.96e-02	2.09890e+02
  2.19e-02	  4.01e-02	5.42351e-31
  2.19e-02	  4.06e-02	9.98992e-64
  2.19e-02	  4.11e-02	1.49837e-96
  2.19e-02	  4.17e-02	2.24737e-129
  2.19e-02	  4.22e-02	3.37076e-162
  2.19e-02	  4.27e-02	5.05570e-195
  2.19e-02	  4.32e-02	7.58289e-228
  2.19e-02	  4.37e-02	1.13734e-260
  2.19e-02	  4.43e-02	1.70586e-293
  2.19e-02	  4.48e-02	0.00000e+00
  2.19e-02	  4.53e-02	0.00000e+00
  2.19e-02	  4.58e-02	0.00000e+00
  2.19e-02	  4.64e-02	0.00000e+00
  2.19e-02	  4.69e-02	0.00000e+00
  2.19e-02	  4.74e-02	0.00000e+00
  2.19e-02	  4.79e-02	0.00000e+00
  2.19e-02	  4.84e-02	0.00000e+00
  2.19e-02	  4.90e-02	0.00000e+00
  2.19e-02	  4.95e-02	0.00000e+00

  2.27e-02	  0.00e+00	0.00000e+00
  2.27e-02	  5.21e-04	0.00000e+00
  2.27e-02	  1.04e-03	0.00000e+00
  2.27e-02	  1.56e-03	0.00000e+00
  2.27e-02	  2.08e-03	0.00000e+00
  2.27e-02	  2.60e-03	0.00000e+00
  2.27e-02	  3.12e-03	0.00000e+00
  2.27e-02	  3.65e-03	0.00000e+00
  2.27e-02	  4.17e-03	-1.40760e-293
  2.27e-02	  4.69e-03	-9.38450e-261
  2.27e-02	  5.21e-03	-6.25668e-228
  2.27e-02	  5.73e-03	-4.17137e-195
  2.27e-02	  6.25e-03	-2.78109e-162
  2.27e-02	  6.77e-03	-1.85418e-129
  2.27e-02	  7.29e-03	-1.23620e-96
  2.27e-02	  7.81e-03	-8.24184e-64
  2.27e-02	  8.33e-03	-5.49489e-31
  2.27e-02	  8.85e-03	-1.80061e+02
  2.27e-02	  9.37e-03	-1.01472e+02
  2.27e-02	  9.90e-03	-6.99253e+01
  2.27e-02	  1.04e-02	-3.07921e+01
  2.27e-02	  1.09e-02	-7.69948e+00
  2.27e-02	  1.15e-02	-9.29450e-01
  2.27e-02	  1.20e-02	3.96477e-01
  2.27e-02	  1.25e-02	6.23179e-01
  2.27e-02	  1.30e-02	6.54963e-01
  2.27e-02	  1.35e-02	6.47649e-01
  2.27e-02	  1.41e-02	6.27611e-01
  2.27e-02	  1.46e-02	5.99623e-01
  2.27e-02	  1.51e-02	5.66013e-01
  2.27e-02	  1.56e-02	5.29498e-01
  2.27e-02	  1.61e-02	4.92729e-01
  2.27e-02	  1.67e-02	4.57622e-01
  2.27e-02	  1.72e-02	4.25175e-01
  2.27e-02	  1.77e-02	3.95660e-01
  2.27e-02	  1.82e-02	3.68914e-01
  2.27e-02	  1.88e-02	3.44583e-01
  2.27e-02	  1.93e-02	3.22264e-01
  2.27e-02	  1.98e-02	3.01577e-01
  2.27e-02	  2.03e-02	2.82188e-01
  2.27e-02	  2.08e-02	2.63814e-01
  2.27e-02	  2.14e-02	2.46212e-01
  2.27e-02	  2.19e-02	2.29176e-01
  2.27e-02	  2.24e-02	2.12526e-01
  2.27e-02	  2.29e-02	1.96102e-01
  2.27e-02	  2.34e-02	1.79759e-01
  2.27e-02	  2.40e-02	1.63366e-01
  2.27e-02	  2.45e-02	1.46796e-01
  2.27e-02	  2.50e-02	1.29928e-01
  2.27e-02	  2.55e-02	1.12643e-01
  2.27e-02	  2.60e-02	9.48149e-02
  2.27e-02	  2.66e-02	7.63132e-02
  2.27e-02	  2.71e-02	5.69920e-02
  2.27e-02	  2.76e-02	3.66861e-02
  2.27e-02	  2.81e-02	1.52024e-02
  2.27e-02	  2.86e-02	-7.68891e-03
  2.27e-02	  2.92e-02	-3.22646e-02
  2.27e-02	  2.97e-02	-5.88584e-02
  2.27e-02	  3.02e-02	-8.78637e-02
  2.27e-02	  3.07e-02	-1.19717e-01
  2.27e-02	  3.13e-02	-1.54837e-01
  2.27e-02	  3.18e-02	-1.93475e-01
  2.27e-02	  3.23e-02	-2.35442e-01
  2.27e-02	  3.28e-02	-2.79725e-01
  2.27e-02	  3.33e-02	-3.24186e-01
  2.27e-02	  3.39e-02	-3.65756e-01
  2.27e-02	  3.44e-02	-4.01581e-01
  2.27e-02	  3.49e-02	-4.30902e-01
  2.27e-02	  3.54e-02	-4.55594e-01
  2.27e-02	  3.59e-02	-4.72475e-01
  2.27e-02	  3.65e-02	-4.21507e-01
  2.27e-02	  3.70e-02	1.76623e-01
  2.27e-02	  3.75e-02	4.54757e+00
  2.27e-02	  3.80e-02	2.46872e+01
  2.27e-02	  3.85e-02	6.65207e+01
  2.27e-02	  3.91e-02	1.05043e+02
  2.27e-02	  3.96e-02	2.08387e+02
  2.27e-02	  4.01e-02	5.29723e-31
  2.27e-02	  4.06e-02	9.89950e-64
  2.27e-02	  4.11e-02	1.48480e-96
  2.27e-02	  4.17e-02	2.22700e-129
  2.27e-02	  4.22e-02	3.34020e-162
  2.27e-02	  4.27e-02	5.00983e-195
  2.27e-02	  4.32e-02	7.51405e-228
  2.27e-02	  4.37e-02	1.12700e-260
  2.27e-02	  4.43e-02	1.69035e-293
  2.27e-02	  4.48e-02	0.00000e+00
  2.27e-02	  4.53e-02	0.00000e+00
  2.27e-02	  4.58e-02	0.00000e+00
  2.27e-02	  4.64e-02	0.00000e+00
  2.27e-02	  4.69e-02	0.00000e+00
  2.27e-02	  4.74e-02	0.00000e+00
  2.27e-02	  4.79e-02	0.00000e+00
  2.27e-02	  4.84e-02	0.00000e+00
  2.27e-02	  4.90e-02	0.00000e+00
  2.27e-02	  4.95e-02	0.00000e+00

  2.34e-02	  0.00e+00	0.00000e+00
  2.34e-02	  5.21e-04	0.00000e+00
  2.34e-02	  1.04e-03	0.00000e+00
  2.34e-02	  1.56e-03	0.00000e+00
  2.34e-02	  2.08e-03	0.00000e+00
  2.34e-02	  2.60e-03	0.00000e+00
  2.34e-02	  3.12e-03	0.00000e+00
  2.34e-02	  3.65e-03	0.00000e+00
  2.34e-02	  4.17e-03	-1.36730e-293
  2.34e-02	  4.69e-03	-9.11583e-261
  2.34e-02	  5.21e-03	-6.07758e-228
  2.34e-02	  5.73e-03	-4.05198e-195
  2.34e-02	  6.25e-03	-2.70150e-162
  2.34e-02	  6.77e-03	-1.80112e-129
  2.34e-02	  7.29e-03	-1.20083e-96
  2.34e-02	  7.81e-03	-8.00606e-64
  2.34e-02	  8.33e-03	-5.33772e-31
  2.34e-02	  8.85e-03	-1.75942e+02
  2.34e-02	  9.37e-03	-1.00507e+02
  2.34e-02	  9.90e-03	-7.10128e+01
  2.34e-02	  1.04e-02	-3.28337e+01
  2.34e-02	  1.09e-02	-8.73328e+00
  2.34e-02	  1.15e-02	-1.22578e+00
  2.34e-02	  1.20e-02	3.23466e-01
  2.34e-02	  1.25e-02	6.04589e-01
  2.34e-02	  1.30e-02	6.50722e-01
  2.34e-02	  1.35e-02	6.48054e-01
  2.34e-02	  1.41e-02	6.30178e-01
  2.34e-02	  1.46e-02	6.03670e-01
  2.34e-02	  1.51e-02	5.71178e-01
  2.34e-02	  1.56e-02	5.35377e-01
  2.34e-02	  1.61e-02	4.98896e-01
  2.34e-02	  1.67e-02	4.63722e-01
  2.34e-02	  1.72e-02	4.30973e-01
  2.34e-02	  1.77e-02	4.01032e-01
  2.34e-02	  1.82e-02	3.73820e-01
  2.34e-02	  1.88e-02	3.49030e-01
  2.34e-02	  1.93e-02	3.26284e-01
  2.34e-02	  1.98e-02	3.05213e-01
  2.34e-02	  2.03e-02	2.85484e-01
  2.34e-02	  2.08e-02	2.66812e-01
  2.34e-02	  2.14e-02	2.48951e-01
  2.34e-02	  2.19e-02	2.31689e-01
  2.34e-02	  2.24e-02	2.14840e-01
  2.34e-02	  2.29e-02	1.98240e-01
  2.34e-02	  2.34e-02	1.81739e-01
  2.34e-02	  2.40e-02	1.65203e-01
  2.34e-02	  2.45e-02	1.48504e-01
  2.34e-02	  2.50e-02	1.31522e-01
  2.34e-02	  2.55e-02	1.14138e-01
  2.34e-02	  2.60e-02	9.62319e-02
  2.34e-02	  2.66e-02	7.76754e-02
  2.34e-02	  2.71e-02	5.83281e-02
  2.34e-02	  2.76e-02	3.80294e-02
  2.34e-02	  2.81e-02	1.65903e-02
  2.34e-02	  2.86e-02	-6.21648e-03
  2.34e-02	  2.92e-02	-3.06668e-02
  2.34e-02	  2.97e-02	-5.70939e-02
  2.34e-02	  3.02e-02	-8.58890e-02
  2.34e-02	  3.07e-02	-1.17479e-01
  2.34e-02	  3.13e-02	-1.52254e-01
  2.34e-02	  3.18e-02	-1.90406e-01
  2.34e-02	  3.23e-02	-2.31645e-01
  2.34e-02	  3.28e-02	-2.74833e-01
  2.34e-02	  3.33e-02	-3.17743e-01
  2.34e-02	  3.39e-02	-3.57355e-01
  2.34e-02	  3.44e-02	-3.91071e-01
  2.34e-02	  3.49e-02	-4.18443e-01
  2.34e-02	  3.54e-02	-4.41206e-01
  2.34e-02	  3.59e-02	-4.54269e-01
  2.34e-02	  3.65e-02	-3.88716e-01
  2.34e-02	  3.70e-02	2.80788e-01
  2.34e-02	  3.75e-02	5.00184e+00
  2.34e-02	  3.80e-02	2.59732e+01
  2.34e-02	  3.85e-02	6.74909e+01
  2.34e-02	  3.91e-02	1.04610e+02
  2.34e-02	  3.96e-02	2.07144e+02
  2.34e-02	  4.01e-02	5.17305e-31
  2.34e-02	  4.06e-02	9.82481e-64
  2.34e-02	  4.11e-02	1.47359e-96
  2.34e-02	  4.17e-02	2.21017e-129
  2.34e-02	  4.22e-02	3.31494e-162
  2.34e-02	  4.27e-02	4.97192e-195
  2.34e-02	  4.32e-02	7.45714e-228
  2.34e-02	  4.37e-02	1.11846e-260
  2.34e-02	  4.43e-02	1.67753e-293
  2.34e-02	  4.48e-02	0.00000e+00
  2.34e-02	  4.53e-02	0.00000e+00
  2.34e-02	  4.58e-02	0.00000e+00
  2.34e-02	  4.64e-02	0.00000e+00
  2.34e-02	  4.69e-02	0.00000e+00
  2.34e-02	  4.74e-02	0.00000e+00
  2.34e-02	  4.79e-02	0.00000e+00
  2.34e-02	  4.84e-02	0.00000e+00
  2.34e-02	  4.90e-02	0.00000e+00
  2.34e-02	  4.95e-02	0.00000e+00

  2.42e-02	  0.00e+00	0.00000e+00
  2.42e-02	  5.21e-04	0.00000e+00
  2.42e-02	  1.04e-03	0.00000e+00
  2.42e-02	  1.56e-03	0.00000e+00
  2.42e-02	  2.08e-03	0.00000e+00
  2.42e-02	  2.60e-03	0.00000e+00
  2.42e-02	  3.12e-03	0.00000e+00
  2.42e-02	  3.65e-03	0.00000e+00
  2.42e-02	  4.17e-03	-1.32732e-293
  2.42e-02	  4.69e-03	-8.84932e-261
  2.42e-02	  5.21e-03	-5.89992e-228
  2.42e-02	  5.73e-03	-3.93354e-195
  2.42e-02	  6.25e-03	-2.62254e-162
  2.42e-02	  6.77e-03	-1.74849e-129
  2.42e-02	  7.29e-03	-1.16574e-96
  2.42e-02	  7.81e-03	-7.77216e-64
  2.42e-02	  8.33e-03	-5.18180e-31
  2.42e-02	  8.85e-03	-1.71827e+02
  2.42e-02	  9.37e-03	-9.94839e+01
  2.42e-02	  9.90e-03	-7.19359e+01
  2.42e-02	  1.04e-02	-3.48808e+01
  2.42e-02	  1.09e-02	-9.85102e+00
  2.42e-02	  1.15e-02	-1.56153e+00
  2.42e-02	  1.20e-02	2.39149e-01
  2.42e-02	  1.25e-02	5.83491e-01
  2.42e-02	  1.30e-02	6.46551e-01
  2.42e-02	  1.35e-02	6.49295e-01
  2.42e-02	  1.41e-02	6.33732e-01
  2.42e-02	  1.46e-02	6.08641e-01
  2.42e-02	  1.51e-02	5.77155e-01
  2.42e-02	  1.56e-02	5.41968e-01
  2.42e-02	  1.61e-02	5.05693e-01
  2.42e-02	  1.67e-02	4.70375e-01
  2.42e-02	  1.72e-02	4.37241e-01
  2.42e-02	  1.77e-02	4.06790e-01
  2.42e-02	  1.82e-02	3.79026e-01
  2.42e-02	  1.88e-02	3.53697e-01
  2.42e-02	  1.93e-02	3.30456e-01
  2.42e-02	  1.98e-02	3.08944e-01
  2.42e-02	  2.03e-02	2.88833e-01
  2.42e-02	  2.08e-02	2.69834e-01
  2.42e-02	  2.14e-02	2.51694e-01
  2.42e-02	  2.19e-02	2.34193e-01
  2.42e-02	  2.24e-02	2.17136e-01
  2.42e-02	  2.29e-02	2.00351e-01
  2.42e-02	  2.34e-02	1.83683e-01
  2.42e-02	  2.40e-02	1.66990e-01
  2.42e-02	  2.45e-02	1.50143e-01
  2.42e-02	  2.50e-02	1.33023e-01
  2.42e-02	  2.55e-02	1.15512e-01
  2.42e-02	  2.60e-02	9.74963e-02
  2.42e-02	  2.66e-02	7.88551e-02
  2.42e-02	  2.71e-02	5.94562e-02
  2.42e-02	  2.76e-02	3.91475e-02
  2.42e-02	  2.81e-02	1.77476e-02
  2.42e-02	  2.86e-02	-4.96477e-03
  2.42e-02	  2.92e-02	-2.92617e-02
  2.42e-02	  2.97e-02	-5.54739e-02
  2.42e-02	  3.02e-02	-8.39889e-02
  2.42e-02	  3.07e-02	-1.15223e-01
  2.42e-02	  3.13e-02	-1.49536e-01
  2.42e-02	  3.18e-02	-1.87064e-01
  2.42e-02	  3.23e-02	-2.27420e-01
  2.42e-02	  3.28e-02	-2.69355e-01
  2.42e-02	  3.33e-02	-3.10576e-01
  2.42e-02	  3.39e-02	-3.48141e-01
  2.42e-02	  3.44e-02	-3.79710e-01
  2.42e-02	  3.49e-02	-4.05115e-01
  2.42e-02	  3.54e-02	-4.25883e-01
  2.42e-02	  3.59e-02	-4.34943e-01
  2.42e-02	  3.65e-02	-3.54468e-01
  2.42e-02	  3.70e-02	3.86827e-01
  2.42e-02	  3.75e-02	5.45619e+00
  2.42e-02	  3.80e-02	2.72085e+01
  2.42e-02	  3.85e-02	6.83227e+01
  2.42e-02	  3.91e-02	1.04172e+02
  2.42e-02	  3.96e-02	2.06161e+02
  2.42e-02	  4.01e-02	5.04978e-31
  2.42e-02	  4.06e-02	9.76572e-64
  2.42e-02	  4.11e-02	1.46472e-96
  2.42e-02	  4.17e-02	2.19686e-129
  2.42e-02	  4.22e-02	3.29495e-162
  2.42e-02	  4.27e-02	4.94190e-195
  2.42e-02	  4.32e-02	7.41208e-228
  2.42e-02	  4.37e-02	1.11170e-260
  2.42e-02	  4.43e-02	1.66738e-293
  2.42e-02	  4.48e-02	0.00000e+00
  2.42e-02	  4.53e-02	0.00000e+00
  2.42e-02	  4.58e-02	0.00000e+00
  2.42e-02	  4.64e-02	0.00000e+00
  2.42e-02	  4.69e-02	0.00000e+00
  2.42e-02	  4.74e-02	0.00000e+00
  2.42e-02	  4.79e-02	0.00000e+00
  2.42e-02	  4.84e-02	0.00000e+00
  2.42e-02	  4.90e-02	0.00000e+00
  2.42e-02	  4.95e-02	0.00000e+00

  2.50e-02	  0.00e+00	0.00000e+00
  2.50e-02	  5.21e-04	0.00000e+00
  2.50e-02	  1.04e-03	0.00000e+00
  2.50e-02	  1.56e-03	0.00000e+00
  2.50e-02	  2.08e-03	0.00000e+00
  2.50e-02	  2.60e-03	0.00000e+00
  2.50e-02	  3.12e-03	0.00000e+00
  2.50e-02	  3.65e-03	0.00000e+00
  2.50e-02	  4.17e-03	-1.28743e-293
  2.50e-02	  4.69e-03	-8.58340e-261
  2.50e-02	  5.21e-03	-5.72264e-228
  2.50e-02	  5.73e-03	-3.81536e-195
  2.50e-02	  6.25e-03	-2.54376e-162
  2.50e-02	  6.77e-03	-1.69597e-129
  2.50e-02	  7.29e-03	-1.13073e-96
  2.50e-02	  7.81e-03	-7.53877e-64
  2.50e-02	  8.33e-03	-5.02621e-31
  2.50e-02	  8.85e-03	-1.67691e+02
  2.50e-02	  9.37e-03	-9.84114e+01
  2.50e-02	  9.90e-03	-7.26991e+01
  2.50e-02	  1.04e-02	-3.69268e+01
  2.50e-02	  1.09e-02	-1.10586e+01
  2.50e-02	  1.15e-02	-1.94235e+00
  2.50e-02	  1.20e-02	1.41513e-01
  2.50e-02	  1.25e-02	5.59410e-01
  2.50e-02	  1.30e-02	6.42470e-01
  2.50e-02	  1.35e-02	6.51561e-01
  2.50e-02	  1.41e-02	6.38518e-01
  2.50e-02	  1.46e-02	6.14783e-01
  2.50e-02	  1.51e-02	5.84162e-01
  2.50e-02	  1.56e-02	5.49446e-01
  2.50e-02	  1.61e-02	5.13246e-01
  2.50e-02	  1.67e-02	4.77661e-01
  2.50e-02	  1.72e-02	4.44022e-01
  2.50e-02	  1.77e-02	4.12939e-01
  2.50e-02	  1.82e-02	3.84508e-01
  2.50e-02	  1.88e-02	3.58539e-01
  2.50e-02	  1.93e-02	3.34719e-01
  2.50e-02	  1.98e-02	3.12704e-01
  2.50e-02	  2.03e-02	2.92168e-01
  2.50e-02	  2.08e-02	2.72817e-01
  2.50e-02	  2.14e-02	2.54388e-01
  2.50e-02	  2.19e-02	2.36647e-01
  2.50e-02	  2.24e-02	2.19388e-01
  2.50e-02	  2.29e-02	2.02422e-01
  2.50e-02	  2.34e-02	1.85583e-01
  2.50e-02	  2.40e-02	1.68722e-01
  2.50e-02	  2.45e-02	1.51705e-01
  2.50e-02	  2.50e-02	1.34412e-01
  2.50e-02	  2.55e-02	1.16731e-01
  2.50e-02	  2.60e-02	9.85564e-02
  2.50e-02	  2.66e-02	7.97790e-02
  2.50e-02	  2.71e-02	6.02808e-02
  2.50e-02	  2.76e-02	3.99242e-02
  2.50e-02	  2.81e-02	1.85414e-02
  2.50e-02	  2.86e-02	-4.07778e-03
  2.50e-02	  2.92e-02	-2.81971e-02
  2.50e-02	  2.97e-02	-5.41419e-02
  2.50e-02	  3.02e-02	-8.22939e-02
  2.50e-02	  3.07e-02	-1.13057e-01
  2.50e-02	  3.13e-02	-1.46766e-01
  2.50e-02	  3.18e-02	-1.83496e-01
  2.50e-02	  3.23e-02	-2.22778e-01
  2.50e-02	  3.28e-02	-2.63266e-01
  2.50e-02	  3.33e-02	-3.02627e-01
  2.50e-02	  3.39e-02	-3.38020e-01
  2.50e-02	  3.44e-02	-3.67367e-01
  2.50e-02	  3.49e-02	-3.90749e-01
  2.50e-02	  3.54e-02	-4.09431e-01
  2.50e-02	  3.59e-02	-4.14334e-01
  2.50e-02	  3.65e-02	-3.18804e-01
  2.50e-02	  3.70e-02	4.93822e-01
  2.50e-02	  3.75e-02	5.90685e+00
  2.50e-02	  3.80e-02	2.83862e+01
  2.50e-02	  3.85e-02	6.90238e+01
  2.50e-02	  3.91e-02	1.03740e+02
  2.50e-02	  3.96e-02	2.05440e+02
  2.50e-02	  4.01e-02	4.92604e-31
  2.50e-02	  4.06e-02	9.72228e-64
  2.50e-02	  4.11e-02	1.45819e-96
  2.50e-02	  4.17e-02	2.18706e-129
  2.50e-02	  4.22e-02	3.28023e-162
  2.50e-02	  4.27e-02	4.91980e-195
  2.50e-02	  4.32e-02	7.37889e-228
  2.50e-02	  4.37e-02	1.10671e-260
  2.50e-02	  4.43e-02	1.65989e-293
  2.50e-02	  4.48e-02	0.00000e+00
  2.50e-02	  4.53e-02	0.00000e+00
  2.50e-02	  4.58e-02	0.00000e+00
  2.50e-02	  4.64e-02	0.00000e+00
  2.50e-02	  4.69e-02	0.00000e+00
  2.50e-02	  4.74e-02	0.00000e+00
  2.50e-02	  4.79e-02	0.00000e+00
  2.50e-02	  4.84e-02	0.00000e+00
  2.50e-02	  4.90e-02	0.00000e+00
  2.50e-02	  4.95e-02	0.00000e+00

  2.58e-02	  0.00e+00	0.00000e+00
  2.58e-02	  5.21e-04	0.00000e+00
  2.58e-02	  1.04e-03	0.00000e+00
  2.58e-02	  1.56e-03	0.00000e+00
  2.58e-02	  2.08e-03	0.00000e+00
  2.58e-02	  2.60e-03	0.00000e+00
  2.58e-02	  3.12e-03	0.00000e+00
  2.58e-02	  3.65e-03	0.00000e+00
  2.58e-02	  4.17e-03	-1.24739e-293
  2.58e-02	  4.69e-03	-8.31646e-261
  2.58e-02	  5.21e-03	-5.54469e-228
  2.58e-02	  5.73e-03	-3.69673e-195
  2.58e-02	  6.25e-03	-2.46468e-162
  2.58e-02	  6.77e-03	-1.64325e-129
  2.58e-02	  7.29e-03	-1.09559e-96
  2.58e-02	  7.81e-03	-7.30449e-64
  2.58e-02	  8.33e-03	-4.87003e-31
  2.58e-02	  8.85e-03	-1.63508e+02
  2.58e-02	  9.37e-03	-9.72952e+01
  2.58e-02	  9.90e-03	-7.33073e+01
  2.58e-02	  1.04e-02	-3.89644e+01
  2.58e-02	  1.09e-02	-1.23624e+01
  2.58e-02	  1.15e-02	-2.37502e+00
  2.58e-02	  1.20e-02	2.80650e-02
  2.58e-02	  1.25e-02	5.31764e-01
  2.58e-02	  1.30e-02	6.38520e-01
  2.58e-02	  1.35e-02	6.55101e-01
  2.58e-02	  1.41e-02	6.44849e-01
  2.58e-02	  1.46e-02	6.22406e-01
  2.58e-02	  1.51e-02	5.92471e-01
  2.58e-02	  1.56e-02	5.58023e-01
  2.58e-02	  1.61e-02	5.21703e-01
  2.58e-02	  1.67e-02	4.85666e-01
  2.58e-02	  1.72e-02	4.51343e-01
  2.58e-02	  1.77e-02	4.19458e-01
  2.58e-02	  1.82e-02	3.90207e-01
  2.58e-02	  1.88e-02	3.63468e-01
  2.58e-02	  1.93e-02	3.38967e-01
  2.58e-02	  1.98e-02	3.16380e-01
  2.58e-02	  2.03e-02	2.95382e-01
  2.58e-02	  2.08e-02	2.75670e-01
  2.58e-02	  2.14e-02	2.56963e-01
  2.58e-02	  2.19e-02	2.39008e-01
  2.58e-02	  2.24e-02	2.21573e-01
  2.58e-02	  2.29e-02	2.04451e-01
  2.58e-02	  2.34e-02	1.87454e-01
  2.58e-02	  2.40e-02	1.70420e-01
  2.58e-02	  2.45e-02	1.53208e-01
  2.58e-02	  2.50e-02	1.35695e-01
  2.58e-02	  2.55e-02	1.17779e-01
  2.58e-02	  2.60e-02	9.93660e-02
  2.58e-02	  2.66e-02	8.03668e-02
  2.58e-02	  2.71e-02	6.06859e-02
  2.58e-02	  2.76e-02	4.02098e-02
  2.58e-02	  2.81e-02	1.87934e-02
  2.58e-02	  2.86e-02	-3.75369e-03
  2.58e-02	  2.92e-02	-2.76805e-02
  2.58e-02	  2.97e-02	-5.33020e-02
  2.58e-02	  3.02e-02	-8.09921e-02
  2.58e-02	  3.07e-02	-1.11143e-01
  2.58e-02	  3.13e-02	-1.44062e-01
  2.58e-02	  3.18e-02	-1.79778e-01
  2.58e-02	  3.23e-02	-2.17744e-01
  2.58e-02	  3.28e-02	-2.56539e-01
  2.58e-02	  3.33e-02	-2.93817e-01
  2.58e-02	  3.39e-02	-3.26862e-01
  2.58e-02	  3.44e-02	-3.53861e-01
  2.58e-02	  3.49e-02	-3.75117e-01
  2.58e-02	  3.54e-02	-3.91600e-01
  2.58e-02	  3.59e-02	-3.92228e-01
  2.58e-02	  3.65e-02	-2.81745e-01
  2.58e-02	  3.70e-02	6.00756e-01
  2.58e-02	  3.75e-02	6.34971e+00
  2.58e-02	  3.80e-02	2.94994e+01
  2.58e-02	  3.85e-02	6.96021e+01
  2.58e-02	  3.91e-02	1.03324e+02
  2.58e-02	  3.96e-02	2.04984e+02
  2.58e-02	  4.01e-02	4.80029e-31
  2.58e-02	  4.06e-02	9.69470e-64
  2.58e-02	  4.11e-02	1.45405e-96
  2.58e-02	  4.17e-02	2.18083e-129
  2.58e-02	  4.22e-02	3.27087e-162
  2.58e-02	  4.27e-02	4.90573e-195
  2.58e-02	  4.32e-02	7.35773e-228
  2.58e-02	  4.37e-02	1.10353e-260
  2.58e-02	  4.43e-02	1.65511e-293
  2.58e-02	  4.48e-02	0.00000e+00
  2.58e-02	  4.53e-02	0.00000e+00
  2.58e-02	  4.58e-02	0.00000e+00
  2.58e-02	  4.64e-02	0.00000e+00
  2.58e-02	  4.69e-02	0.00000e+00
  2.58e-02	  4.74e-02	0.00000e+00
  2.58e-02	  4.79e-02	0.00000e+00
  2.58e-02	  4.84e-02	0.00000e+00
  2.58e-02	  4.90e-02	0.00000e+00
  2.58e-02	  4.95e-02	0.00000e+00

  2.66e-02	  0.00e+00	0.00000e+00
  2.66e-02	  5.21e-04	0.00000e+00
  2.66e-02	  1.04e-03	0.00000e+00
  2.66e-02	  1.56e-03	0.00000e+00
  2.66e-02	  2.08e-03	0.00000e+00
  2.66e-02	  2.60e-03	0.00000e+00
  2.66e-02	  3.12e-03	0.00000e+00
  2.66e-02	  3.65e-03	0.00000e+00
  2.66e-02	  4.17e-03	-1.20695e-293
  2.66e-02	  4.69e-03	-8.04689e-261
  2.66e-02	  5.21e-03	-5.36498e-228
  2.66e-02	  5.73e-03	-3.57693e-195
  2.66e-02	  6.25e-03	-2.38481e-162
  2.66e-02	  6.77e-03	-1.59001e-129
  2.66e-02	  7.29e-03	-1.06009e-96
  2.66e-02	  7.81e-03	-7.06788e-64
  2.66e-02	  8.33e-03	-4.71230e-31
  2.66e-02	  8.85e-03	-1.59251e+02
  2.66e-02	  9.37e-03	-9.61394e+01
  2.66e-02	  9.90e-03	-7.37659e+01
  2.66e-02	  1.04e-02	-4.09862e+01
  2.66e-02	  1.09e-02	-1.37697e+01
  2.66e-02	  1.15e-02	-2.86770e+00
  2.66e-02	  1.20e-02	-1.04319e-01
  2.66e-02	  1.25e-02	4.99838e-01
  2.66e-02	  1.30e-02	6.34783e-01
  2.66e-02	  1.35e-02	6.60253e-01
  2.66e-02	  1.41e-02	6.53134e-01
  2.66e-02	  1.46e-02	6.31907e-01
  2.66e-02	  1.51e-02	6.02421e-01
  2.66e-02	  1.56e-02	5.67958e-01
  2.66e-02	  1.61e-02	5.31236e-01
  2.66e-02	  1.67e-02	4.94472e-01
  2.66e-02	  1.72e-02	4.59206e-01
  2.66e-02	  1.77e-02	4.26282e-01
  2.66e-02	  1.82e-02	3.96003e-01
  2.66e-02	  1.88e-02	3.68325e-01
  2.66e-02	  1.93e-02	3.43024e-01
  2.66e-02	  1.98e-02	3.19794e-01
  2.66e-02	  2.03e-02	2.98311e-01
  2.66e-02	  2.08e-02	2.78256e-01
  2.66e-02	  2.14e-02	2.59322e-01
  2.66e-02	  2.19e-02	2.41220e-01
  2.66e-02	  2.24e-02	2.23683e-01
  2.66e-02	  2.29e-02	2.06466e-01
  2.66e-02	  2.34e-02	1.89352e-01
  2.66e-02	  2.40e-02	1.72154e-01
  2.66e-02	  2.45e-02	1.54718e-01
  2.66e-02	  2.50e-02	1.36921e-01
  2.66e-02	  2.55e-02	1.18670e-01
  2.66e-02	  2.60e-02	9.98944e-02
  2.66e-02	  2.66e-02	8.05341e-02
  2.66e-02	  2.71e-02	6.05305e-02
  2.66e-02	  2.76e-02	3.98088e-02
  2.66e-02	  2.81e-02	1.82616e-02
  2.66e-02	  2.86e-02	-4.26887e-03
  2.66e-02	  2.92e-02	-2.80061e-02
  2.66e-02	  2.97e-02	-5.32480e-02
  2.66e-02	  3.02e-02	-8.03570e-02
  2.66e-02	  3.07e-02	-1.09714e-01
  2.66e-02	  3.13e-02	-1.41607e-01
  2.66e-02	  3.18e-02	-1.76024e-01
  2.66e-02	  3.23e-02	-2.12359e-01
  2.66e-02	  3.28e-02	-2.49141e-01
  2.66e-02	  3.33e-02	-2.84040e-01
  2.66e-02	  3.39e-02	-3.14489e-01
  2.66e-02	  3.44e-02	-3.38946e-01
  2.66e-02	  3.49e-02	-3.57918e-01
  2.66e-02	  3.54e-02	-3.72063e-01
  2.66e-02	  3.59e-02	-3.68345e-01
  2.66e-02	  3.65e-02	-2.43277e-01
  2.66e-02	  3.70e-02	7.06521e-01
  2.66e-02	  3.75e-02	6.78030e+00
  2.66e-02	  3.80e-02	3.05414e+01
  2.66e-02	  3.85e-02	7.00657e+01
  2.66e-02	  3.91e-02	1.02932e+02
  2.66e-02	  3.96e-02	2.04803e+02
  2.66e-02	  4.01e-02	4.67070e-31
  2.66e-02	  4.06e-02	9.68341e-64
  2.66e-02	  4.11e-02	1.45235e-96
  2.66e-02	  4.17e-02	2.17827e-129
  2.66e-02	  4.22e-02	3.26700e-162
  2.66e-02	  4.27e-02	4.89990e-195
  2.66e-02	  4.32e-02	7.34894e-228
  2.66e-02	  4.37e-02	1.10221e-260
  2.66e-02	  4.43e-02	1.65311e-293
  2.66e-02	  4.48e-02	0.00000e+00
  2.66e-02	  4.53e-02	0.00000e+00
  2.66e-02	  4.58e-02	0.00000e+00
  2.66e-02	  4.64e-02	0.00000e+00
  2.66e-02	  4.69e-02	0.00000e+00
  2.66e-02	  4.74e-02	0.00000e+00
  2.66e-02	  4.79e-02	0.00000e+00
  2.66e-02	  4.84e-02	0.00000e+00
  2.66e-02	  4.90e-02	0.00000e+00
  2.66e-02	  4.95e-02	0.00000e+00

  2.73e-02	  0.00e+00	0.00000e+00
  2.73e-02	  5.21e-04	0.00000e+00
  2.73e-02	  1.04e-03	0.00000e+00
  2.73e-02	  1.56e-03	0.00000e+00
  2.73e-02	  2.08e-03	0.00000e+00
  2.73e-02	  2.60e-03	0.00000e+00
  2.73e-02	  3.12e-03	0.00000e+00
  2.73e-02	  3.65e-03	0.00000e+00
  2.73e-02	  4.17e-03	-1.16586e-293
  2.73e-02	  4.69e-03	-7.77297e-261
  2.73e-02	  5.21e-03	-5.18237e-228
  2.73e-02	  5.73e-03	-3.45519e-195
  2.73e-02	  6.25e-03	-2.30366e-162
  2.73e-02	  6.77e-03	-1.53591e-129
  2.73e-02	  7.29e-03	-1.02403e-96
  2.73e-02	  7.81e-03	-6.82746e-64
  2.73e-02	  8.33e-03	-4.55202e-31
  2.73e-02	  8.85e-03	-1.54890e+02
  2.73e-02	  9.37e-03	-9.49461e+01
  2.73e-02	  9.90e-03	-7.40805e+01
  2.73e-02	  1.04e-02	-4.29843e+01
  2.73e-02	  1.09e-02	-1.52878e+01
  2.73e-02	  1.15e-02	-3.43089e+00
  2.73e-02	  1.20e-02	-2.59476e-01
  2.73e-02	  1.25e-02	4.62811e-01
  2.73e-02	  1.30e-02	6.31427e-01
  2.73e-02	  1.35e-02	6.67494e-01
  2.73e-02	  1.41e-02	6.63920e-01
  2.73e-02	  1.46e-02	6.43802e-01
  2.73e-02	  1.51e-02	6.14445e-01
  2.73e-02	  1.56e-02	5.79573e-01
  2.73e-02	  1.61e-02	5.42039e-01
  2.73e-02	  1.67e-02	5.04153e-01
  2.73e-02	  1.72e-02	4.67570e-01
  2.73e-02	  1.77e-02	4.33270e-01
  2.73e-02	  1.82e-02	4.01677e-01
  2.73e-02	  1.88e-02	3.72842e-01
  2.73e-02	  1.93e-02	3.46595e-01
  2.73e-02	  1.98e-02	3.22657e-01
  2.73e-02	  2.03e-02	3.00699e-01
  2.73e-02	  2.08e-02	2.80373e-01
  2.73e-02	  2.14e-02	2.61329e-01
  2.73e-02	  2.19e-02	2.43224e-01
  2.73e-02	  2.24e-02	2.25731e-01
  2.73e-02	  2.29e-02	2.08546e-01
  2.73e-02	  2.34e-02	1.91402e-01
  2.73e-02	  2.40e-02	1.74074e-01
  2.73e-02	  2.45e-02	1.56387e-01
  2.73e-02	  2.50e-02	1.38215e-01
  2.73e-02	  2.55e-02	1.19480e-01
  2.73e-02	  2.60e-02	1.00145e-01
  2.73e-02	  2.66e-02	8.02001e-02
  2.73e-02	  2.71e-02	5.96435e-02
  2.73e-02	  2.76e-02	3.84630e-02
  2.73e-02	  2.81e-02	1.66119e-02
  2.73e-02	  2.86e-02	-6.01420e-03
  2.73e-02	  2.92e-02	-2.95971e-02
  2.73e-02	  2.97e-02	-5.44065e-02
  2.73e-02	  3.02e-02	-8.07895e-02
  2.73e-02	  3.07e-02	-1.09118e-01
  2.73e-02	  3.13e-02	-1.39669e-01
  2.73e-02	  3.18e-02	-1.72406e-01
  2.73e-02	  3.23e-02	-2.06688e-01
  2.73e-02	  3.28e-02	-2.41027e-01
  2.73e-02	  3.33e-02	-2.73143e-01
  2.73e-02	  3.39e-02	-3.00647e-01
  2.73e-02	  3.44e-02	-3.22278e-01
  2.73e-02	  3.49e-02	-3.38738e-01
  2.73e-02	  3.54e-02	-3.50378e-01
  2.73e-02	  3.59e-02	-3.42305e-01
  2.73e-02	  3.65e-02	-2.03327e-01
  2.73e-02	  3.70e-02	8.09919e-01
  2.73e-02	  3.75e-02	7.19375e+00
  2.73e-02	  3.80e-02	3.15056e+01
  2.73e-02	  3.85e-02	7.04227e+01
  2.73e-02	  3.91e-02	1.02574e+02
  2.73e-02	  3.96e-02	2.04908e+02
  2.73e-02	  4.01e-02	4.53509e-31
  2.73e-02	  4.06e-02	9.68908e-64
  2.73e-02	  4.11e-02	1.45319e-96
  2.73e-02	  4.17e-02	2.17951e-129
  2.73e-02	  4.22e-02	3.26885e-162
  2.73e-02	  4.27e-02	4.90265e-195
  2.73e-02	  4.32e-02	7.35301e-228
  2.73e-02	  4.37e-02	1.10281e-260
  2.73e-02	  4.43e-02	1.65401e-293
  2.73e-02	  4.48e-02	0.00000e+00
  2.73e-02	  4.53e-02	0.00000e+00
  2.73e-02	  4.58e-02	0.00000e+00
  2.73e-02	  4.64e-02	0.00000e+00
  2.73e-02	  4.69e-02	0.00000e+00
  2.73e-02	  4.74e-02	0.00000e+00
  2.73e-02	  4.79e-02	0.00000e+00
  2.73e-02	  4.84e-02	0.00000e+00
  2.73e-02	  4.90e-02	0.00000e+00
  2.73e-02	  4.95e-02	0.00000e+00

  2.81e-02	  0.00e+00	0.00000e+00
  2.81e-02	  5.21e-04	0.00000e+00
  2.81e-02	  1.04e-03	0.00000e+00
  2.81e-02	  1.56e-03	0.00000e+00
  2.81e-02	  2.08e-03	0.00000e+00
  2.81e-02	  2.60e-03	0.00000e+00
  2.81e-02	  3.12e-03	0.00000e+00
  2.81e-02	  3.65e-03	0.00000e+00
  2.81e-02	  4.17e-03	-1.12386e-293
  2.81e-02	  4.69e-03	-7.49292e-261
  2.81e-02	  5.21e-03	-4.99568e-228
  2.81e-02	  5.73e-03	-3.33073e-195
  2.81e-02	  6.25e-03	-2.22069e-162
  2.81e-02	  6.77e-03	-1.48060e-129
  2.81e-02	  7.29e-03	-9.87157e-97
  2.81e-02	  7.81e-03	-6.58165e-64
  2.81e-02	  8.33e-03	-4.38815e-31
  2.81e-02	  8.85e-03	-1.50394e+02
  2.81e-02	  9.37e-03	-9.37154e+01
  2.81e-02	  9.90e-03	-7.42570e+01
  2.81e-02	  1.04e-02	-4.49491e+01
  2.81e-02	  1.09e-02	-1.69222e+01
  2.81e-02	  1.15e-02	-4.08014e+00
  2.81e-02	  1.20e-02	-4.42291e-01
  2.81e-02	  1.25e-02	4.19741e-01
  2.81e-02	  1.30e-02	6.28750e-01
  2.81e-02	  1.35e-02	6.77481e-01
  2.81e-02	  1.41e-02	6.77934e-01
  2.81e-02	  1.46e-02	6.58768e-01
  2.81e-02	  1.51e-02	6.29101e-01
  2.81e-02	  1.56e-02	5.93267e-01
  2.81e-02	  1.61e-02	5.54337e-01
  2.81e-02	  1.67e-02	5.14754e-01
  2.81e-02	  1.72e-02	4.76316e-01
  2.81e-02	  1.77e-02	4.40161e-01
  2.81e-02	  1.82e-02	4.06861e-01
  2.81e-02	  1.88e-02	3.76577e-01
  2.81e-02	  1.93e-02	3.49214e-01
  2.81e-02	  1.98e-02	3.24518e-01
  2.81e-02	  2.03e-02	3.02150e-01
  2.81e-02	  2.08e-02	2.81716e-01
  2.81e-02	  2.14e-02	2.62795e-01
  2.81e-02	  2.19e-02	2.44956e-01
  2.81e-02	  2.24e-02	2.27776e-01
  2.81e-02	  2.29e-02	2.10858e-01
  2.81e-02	  2.34e-02	1.93854e-01
  2.81e-02	  2.40e-02	1.76476e-01
  2.81e-02	  2.45e-02	1.58513e-01
  2.81e-02	  2.50e-02	1.39834e-01
  2.81e-02	  2.55e-02	1.20387e-01
  2.81e-02	  2.60e-02	1.00187e-01
  2.81e-02	  2.66e-02	7.92999e-02
  2.81e-02	  2.71e-02	5.78173e-02
  2.81e-02	  2.76e-02	3.58260e-02
  2.81e-02	  2.81e-02	1.33762e-02
  2.81e-02	  2.86e-02	-9.55056e-03
  2.81e-02	  2.92e-02	-3.30688e-02
  2.81e-02	  2.97e-02	-5.74038e-02
  2.81e-02	  3.02e-02	-8.28809e-02
  2.81e-02	  3.07e-02	-1.09868e-01
  2.81e-02	  3.13e-02	-1.38646e-01
  2.81e-02	  3.18e-02	-1.69179e-01
  2.81e-02	  3.23e-02	-2.00830e-01
  2.81e-02	  3.28e-02	-2.32132e-01
  2.81e-02	  3.33e-02	-2.60904e-01
  2.81e-02	  3.39e-02	-2.84971e-01
  2.81e-02	  3.44e-02	-3.03370e-01
  2.81e-02	  3.49e-02	-3.17008e-01
  2.81e-02	  3.54e-02	-3.25949e-01
  2.81e-02	  3.59e-02	-3.13583e-01
  2.81e-02	  3.65e-02	-1.61727e-01
  2.81e-02	  3.70e-02	9.09680e-01
  2.81e-02	  3.75e-02	7.58470e+00
  2.81e-02	  3.80e-02	3.23856e+01
  2.81e-02	  3.85e-02	7.06808e+01
  2.81e-02	  3.91e-02	1.02255e+02
  2.81e-02	  3.96e-02	2.05314e+02
  2.81e-02	  4.01e-02	4.39084e-31
  2.81e-02	  4.06e-02	9.71262e-64
  2.81e-02	  4.11e-02	1.45671e-96
  2.81e-02	  4.17e-02	2.18478e-129
  2.81e-02	  4.22e-02	3.27674e-162
  2.81e-02	  4.27e-02	4.91444e-195
  2.81e-02	  4.32e-02	7.37065e-228
  2.81e-02	  4.37e-02	1.10545e-260
  2.81e-02	  4.43e-02	1.65795e-293
  2.81e-02	  4.48e-02	0.00000e+00
  2.81e-02	  4.53e-02	0.00000e+00
  2.81e-02	  4.58e-02	0.00000e+00
  2.81e-02	  4.64e-02	0.00000e+00
  2.81e-02	  4.69e-02	0.00000e+00
  2.81e-02	  4.74e-02	0.00000e+00
  2.81e-02	  4.79e-02	0.00000e+00
  2.81e-02	  4.84e-02	0.00000e+00
  2.81e-02	  4.90e-02	0.00000e+00
  2.81e-02	  4.95e-02	0.00000e+00

  2.89e-02	  0.00e+00	0.00000e+00
  2.89e-02	  5.21e-04	0.00000e+00
  2.89e-02	  1.04e-03	0.00000e+00
  2.89e-02	  1.56e-03	0.00000e+00
  2.89e-02	  2.08e-03	0.00000e+00
  2.89e-02	  2.60e-03	0.00000e+00
  2.89e-02	  3.12e-03	0.00000e+00
  2.89e-02	  3.65e-03	0.00000e+00
  2.89e-02	  4.17e-03	-1.08065e-293
  2.89e-02	  4.69e-03	-7.20485e-261
  2.89e-02	  5.21e-03	-4.80363e-228
  2.89e-02	  5.73e-03	-3.20271e-195
  2.89e-02	  6.25e-03	-2.13534e-162
  2.89e-02	  6.77e-03	-1.42370e-129
  2.89e-02	  7.29e-03	-9.49226e-97
  2.89e-02	  7.81e-03	-6.32878e-64
  2.89e-02	  8.33e-03	-4.21958e-31
  2.89e-02	  8.85e-03	-1.45728e+02
  2.89e-02	  9.37e-03	-9.24456e+01
  2.89e-02	  9.90e-03	-7.43020e+01
  2.89e-02	  1.04e-02	-4.68744e+01
  2.89e-02	  1.09e-02	-1.86782e+01
  2.89e-02	  1.15e-02	-4.82542e+00
  2.89e-02	  1.20e-02	-6.63769e-01
  2.89e-02	  1.25e-02	3.69050e-01
  2.89e-02	  1.30e-02	6.27085e-01
  2.89e-02	  1.35e-02	6.91060e-01
  2.89e-02	  1.41e-02	6.96132e-01
  2.89e-02	  1.46e-02	6.77696e-01
  2.89e-02	  1.51e-02	6.47120e-01
  2.89e-02	  1.56e-02	6.09551e-01
  2.89e-02	  1.61e-02	5.68390e-01
  2.89e-02	  1.67e-02	5.26278e-01
  2.89e-02	  1.72e-02	4.85206e-01
  2.89e-02	  1.77e-02	4.46509e-01
  2.89e-02	  1.82e-02	4.10944e-01
  2.89e-02	  1.88e-02	3.78822e-01
  2.89e-02	  1.93e-02	3.50136e-01
  2.89e-02	  1.98e-02	3.24668e-01
  2.89e-02	  2.03e-02	3.02053e-01
  2.89e-02	  2.08e-02	2.81825e-01
  2.89e-02	  2.14e-02	2.63449e-01
  2.89e-02	  2.19e-02	2.46353e-01
  2.89e-02	  2.24e-02	2.29959e-01
  2.89e-02	  2.29e-02	2.13722e-01
  2.89e-02	  2.34e-02	1.97161e-01
  2.89e-02	  2.40e-02	1.79888e-01
  2.89e-02	  2.45e-02	1.61635e-01
  2.89e-02	  2.50e-02	1.42260e-01
  2.89e-02	  2.55e-02	1.21749e-01
  2.89e-02	  2.60e-02	1.00202e-01
  2.89e-02	  2.66e-02	7.78066e-02
  2.89e-02	  2.71e-02	5.47990e-02
  2.89e-02	  2.76e-02	3.14245e-02
  2.89e-02	  2.81e-02	7.88728e-03
  2.89e-02	  2.86e-02	-1.56944e-02
  2.89e-02	  2.92e-02	-3.93277e-02
  2.89e-02	  2.97e-02	-6.31682e-02
  2.89e-02	  3.02e-02	-8.75106e-02
  2.89e-02	  3.07e-02	-1.12728e-01
  2.89e-02	  3.13e-02	-1.39129e-01
  2.89e-02	  3.18e-02	-1.66722e-01
  2.89e-02	  3.23e-02	-1.94924e-01
  2.89e-02	  3.28e-02	-2.22353e-01
  2.89e-02	  3.33e-02	-2.46988e-01
  2.89e-02	  3.39e-02	-2.66922e-01
  2.89e-02	  3.44e-02	-2.81521e-01
  2.89e-02	  3.49e-02	-2.91918e-01
  2.89e-02	  3.54e-02	-2.97940e-01
  2.89e-02	  3.59e-02	-2.81446e-01
  2.89e-02	  3.65e-02	-1.18162e-01
  2.89e-02	  3.70e-02	1.00448e+00
  2.89e-02	  3.75e-02	7.94731e+00
  2.89e-02	  3.80e-02	3.31744e+01
  2.89e-02	  3.85e-02	7.08474e+01
  2.89e-02	  3.91e-02	1.01982e+02
  2.89e-02	  3.96e-02	2.06043e+02
  2.89e-02	  4.01e-02	4.23477e-31
  2.89e-02	  4.06e-02	9.75529e-64
  2.89e-02	  4.11e-02	1.46310e-96
  2.89e-02	  4.17e-02	2.19436e-129
  2.89e-02	  4.22e-02	3.29107e-162
  2.89e-02	  4.27e-02	4.93591e-195
  2.89e-02	  4.32e-02	7.40280e-228
  2.89e-02	  4.37e-02	1.11026e-260
  2.89e-02	  4.43e-02	1.66516e-293
  2.89e-02	  4.48e-02	0.00000e+00
  2.89e-02	  4.53e-02	0.00000e+00
  2.89e-02	  4.58e-02	0.00000e+00
  2.89e-02	  4.64e-02	0.00000e+00
  2.89e-02	  4.69e-02	0.00000e+00
  2.89e-02	  4.74e-02	0.00000e+00
  2.89e-02	  4.79e-02	0.00000e+00
  2.89e-02	  4.84e-02	0.00000e+00
  2.89e-02	  4.90e-02	0.00000e+00
  2.89e-02	  4.95e-02	0.00000e+00

  2.97e-02	  0.00e+00	0.00000e+00
  2.97e-02	  5.21e-04	0.00000e+00
  2.97e-02	  1.04e-03	0.00000e+00
  2.97e-02	  1.56e-03	0.00000e+00
  2.97e-02	  2.08e-03	0.00000e+00
  2.97e-02	  2.60e-03	0.00000e+00
  2.97e-02	  3.12e-03	0.00000e+00
  2.97e-02	  3.65e-03	0.00000e+00
  2.97e-02	  4.17e-03	-1.03592e-293
  2.97e-02	  4.69e-03	-6.90664e-261
  2.97e-02	  5.21e-03	-4.60483e-228
  2.97e-02	  5.73e-03	-3.07017e-195
  2.97e-02	  6.25e-03	-2.04699e-162
  2.97e-02	  6.77e-03	-1.36480e-129
  2.97e-02	  7.29e-03	-9.09959e-97
  2.97e-02	  7.81e-03	-6.06701e-64
  2.97e-02	  8.33e-03	-4.04507e-31
  2.97e-02	  8.85e-03	-1.40851e+02
  2.97e-02	  9.37e-03	-9.11327e+01
  2.97e-02	  9.90e-03	-7.42208e+01
  2.97e-02	  1.04e-02	-4.87711e+01
  2.97e-02	  1.09e-02	-2.05325e+01
  2.97e-02	  1.15e-02	-5.69481e+00
  2.97e-02	  1.20e-02	-9.32847e-01
  2.97e-02	  1.25e-02	3.07962e-01
  2.97e-02	  1.30e-02	6.26450e-01
  2.97e-02	  1.35e-02	7.09209e-01
  2.97e-02	  1.41e-02	7.19763e-01
  2.97e-02	  1.46e-02	7.01792e-01
  2.97e-02	  1.51e-02	6.69491e-01
  2.97e-02	  1.56e-02	6.29102e-01
  2.97e-02	  1.61e-02	5.84510e-01
  2.97e-02	  1.67e-02	5.38661e-01
  2.97e-02	  1.72e-02	4.93814e-01
  2.97e-02	  1.77e-02	4.51575e-01
  2.97e-02	  1.82e-02	4.12950e-01
  2.97e-02	  1.88e-02	3.78449e-01
  2.97e-02	  1.93e-02	3.48190e-01
  2.97e-02	  1.98e-02	3.21997e-01
  2.97e-02	  2.03e-02	2.99463e-01
  2.97e-02	  2.08e-02	2.80004e-01
  2.97e-02	  2.14e-02	2.62902e-01
  2.97e-02	  2.19e-02	2.47361e-01
  2.97e-02	  2.24e-02	2.32558e-01
  2.97e-02	  2.29e-02	2.17706e-01
  2.97e-02	  2.34e-02	2.02111e-01
  2.97e-02	  2.40e-02	1.85226e-01
  2.97e-02	  2.45e-02	1.66687e-01
  2.97e-02	  2.50e-02	1.46335e-01
  2.97e-02	  2.55e-02	1.24219e-01
  2.97e-02	  2.60e-02	1.00570e-01
  2.97e-02	  2.66e-02	7.57666e-02
  2.97e-02	  2.71e-02	5.02783e-02
  2.97e-02	  2.76e-02	2.45993e-02
  2.97e-02	  2.81e-02	-8.21882e-04
  2.97e-02	  2.86e-02	-2.56505e-02
  2.97e-02	  2.92e-02	-4.97243e-02
  2.97e-02	  2.97e-02	-7.30891e-02
  2.97e-02	  3.02e-02	-9.59967e-02
  2.97e-02	  3.07e-02	-1.18839e-01
  2.97e-02	  3.13e-02	-1.41996e-01
  2.97e-02	  3.18e-02	-1.65584e-01
  2.97e-02	  3.23e-02	-1.89156e-01
  2.97e-02	  3.28e-02	-2.11509e-01
  2.97e-02	  3.33e-02	-2.30873e-01
  2.97e-02	  3.39e-02	-2.45682e-01
  2.97e-02	  3.44e-02	-2.55692e-01
  2.97e-02	  3.49e-02	-2.62299e-01
  2.97e-02	  3.54e-02	-2.65166e-01
  2.97e-02	  3.59e-02	-2.44858e-01
  2.97e-02	  3.65e-02	-7.20985e-02
  2.97e-02	  3.70e-02	1.09297e+00
  2.97e-02	  3.75e-02	8.27516e+00
  2.97e-02	  3.80e-02	3.38653e+01
  2.97e-02	  3.85e-02	7.09289e+01
  2.97e-02	  3.91e-02	1.01761e+02
  2.97e-02	  3.96e-02	2.07120e+02
  2.97e-02	  4.01e-02	4.06294e-31
  2.97e-02	  4.06e-02	9.81871e-64
  2.97e-02	  4.11e-02	1.47261e-96
  2.97e-02	  4.17e-02	2.20859e-129
  2.97e-02	  4.22e-02	3.31241e-162
  2.97e-02	  4.27e-02	4.96787e-195
  2.97e-02	  4.32e-02	7.45068e-228
  2.97e-02	  4.37e-02	1.11744e-260
  2.97e-02	  4.43e-02	1.67591e-293
  2.97e-02	  4.48e-02	0.00000e+00
  2.97e-02	  4.53e-02	0.00000e+00
  2.97e-02	  4.58e-02	0.00000e+00
  2.97e-02	  4.64e-02	0.00000e+00
  2.97e-02	  4.69e-02	0.00000e+00
  2.97e-02	  4.74e-02	0.00000e+00
  2.97e-02	  4.79e-02	0.00000e+00
  2.97e-02	  4.84e-02	0.00000e+00
  2.97e-02	  4.90e-02	0.00000e+00
  2.97e-02	  4.95e-02	0.00000e+00

  3.05e-02	  0.00e+00	0.00000e+00
  3.05e-02	  5.21e-04	0.00000e+00
  3.05e-02	  1.04e-03	0.00000e+00
  3.05e-02	  1.56e-03	0.00000e+00
  3.05e-02	  2.08e-03	0.00000e+00
  3.05e-02	  2.60e-03	0.00000e+00
  3.05e-02	  3.12e-03	0.00000e+00
  3.05e-02	  3.65e-03	0.00000e+00
  3.05e-02	  4.17e-03	-9.89319e-294
  3.05e-02	  4.69e-03	-6.59600e-261
  3.05e-02	  5.21e-03	-4.39773e-228
  3.05e-02	  5.73e-03	-2.93211e-195
  3.05e-02	  6.25e-03	-1.95495e-162
  3.05e-02	  6.77e-03	-1.30344e-129
  3.05e-02	  7.29e-03	-8.69054e-97
  3.05e-02	  7.81e-03	-5.79431e-64
  3.05e-02	  8.33e-03	-3.86327e-31
  3.05e-02	  8.85e-03	-1.35718e+02
  3.05e-02	  9.37e-03	-8.97702e+01
  3.05e-02	  9.90e-03	-7.40182e+01
  3.05e-02	  1.04e-02	-5.06475e+01
  3.05e-02	  1.09e-02	-2.24753e+01
  3.05e-02	  1.15e-02	-6.70107e+00
  3.05e-02	  1.20e-02	-1.26618e+00
  3.05e-02	  1.25e-02	2.30250e-01
  3.05e-02	  1.30e-02	6.26350e-01
  3.05e-02	  1.35e-02	7.33286e-01
  3.05e-02	  1.41e-02	7.50643e-01
  3.05e-02	  1.46e-02	7.32797e-01
  3.05e-02	  1.51e-02	6.97629e-01
  3.05e-02	  1.56e-02	6.52864e-01
  3.05e-02	  1.61e-02	6.03099e-01
  3.05e-02	  1.67e-02	5.51735e-01
  3.05e-02	  1.72e-02	5.01429e-01
  3.05e-02	  1.77e-02	4.54173e-01
  3.05e-02	  1.82e-02	4.11326e-01
  3.05e-02	  1.88e-02	3.73679e-01
  3.05e-02	  1.93e-02	3.41531e-01
  3.05e-02	  1.98e-02	3.14766e-01
  3.05e-02	  2.03e-02	2.92906e-01
  3.05e-02	  2.08e-02	2.75179e-01
  3.05e-02	  2.14e-02	2.60580e-01
  3.05e-02	  2.19e-02	2.47952e-01
  3.05e-02	  2.24e-02	2.36078e-01
  3.05e-02	  2.29e-02	2.23785e-01
  3.05e-02	  2.34e-02	2.10038e-01
  3.05e-02	  2.40e-02	1.94029e-01
  3.05e-02	  2.45e-02	1.75244e-01
  3.05e-02	  2.50e-02	1.53496e-01
  3.05e-02	  2.55e-02	1.28931e-01
  3.05e-02	  2.60e-02	1.01991e-01
  3.05e-02	  2.66e-02	7.33580e-02
  3.05e-02	  2.71e-02	4.38694e-02
  3.05e-02	  2.76e-02	1.44135e-02
  3.05e-02	  2.81e-02	-1.41752e-02
  3.05e-02	  2.86e-02	-4.12203e-02
  3.05e-02	  2.92e-02	-6.62922e-02
  3.05e-02	  2.97e-02	-8.92662e-02
  3.05e-02	  3.02e-02	-1.10331e-01
  3.05e-02	  3.07e-02	-1.29924e-01
  3.05e-02	  3.13e-02	-1.48561e-01
  3.05e-02	  3.18e-02	-1.66571e-01
  3.05e-02	  3.23e-02	-1.83772e-01
  3.05e-02	  3.28e-02	-1.99283e-01
  3.05e-02	  3.33e-02	-2.11724e-01
  3.05e-02	  3.39e-02	-2.19990e-01
  3.05e-02	  3.44e-02	-2.24312e-01
  3.05e-02	  3.49e-02	-2.26424e-01
  3.05e-02	  3.54e-02	-2.25915e-01
  3.05e-02	  3.59e-02	-2.02330e-01
  3.05e-02	  3.65e-02	-2.26799e-02
  3.05e-02	  3.70e-02	1.17386e+00
  3.05e-02	  3.75e-02	8.56120e+00
  3.05e-02	  3.80e-02	3.44506e+01
  3.05e-02	  3.85e-02	7.09308e+01
  3.05e-02	  3.91e-02	1.01596e+02
  3.05e-02	  3.96e-02	2.08579e+02
  3.05e-02	  4.01e-02	3.87058e-31
  3.05e-02	  4.06e-02	9.90493e-64
  3.05e-02	  4.11e-02	1.48553e-96
  3.05e-02	  4.17e-02	2.22796e-129
  3.05e-02	  4.22e-02	3.34143e-162
  3.05e-02	  4.27e-02	5.01136e-195
  3.05e-02	  4.32e-02	7.51586e-228
  3.05e-02	  4.37e-02	1.12720e-260
  3.05e-02	  4.43e-02	1.69055e-293
  3.05e-02	  4.48e-02	0.00000e+00
  3.05e-02	  4.53e-02	0.00000e+00
  3.05e-02	  4.58e-02	0.00000e+00
  3.05e-02	  4.64e-02	0.00000e+00
  3.05e-02	  4.69e-02	0.00000e+00
  3.05e-02	  4.74e-02	0.00000e+00
  3.05e-02	  4.79e-02	0.00000e+00
  3.05e-02	  4.84e-02	0.00000e+00
  3.05e-02	  4.90e-02	0.00000e+00
  3.05e-02	  4.95e-02	0.00000e+00

  3.13e-02	  0.00e+00	0.00000e+00
  3.13e-02	  5.21e-04	0.00000e+00
  3.13e-02	  1.04e-03	0.00000e+00
  3.13e-02	  1.56e-03	0.00000e+00
  3.13e-02	  2.08e-03	0.00000e+00
  3.13e-02	  2.60e-03	0.00000e+00
  3.13e-02	  3.12e-03	0.00000e+00
  3.13e-02	  3.65e-03	0.00000e+00
  3.13e-02	  4.17e-03	-9.40479e-294
  3.13e-02	  4.69e-03	-6.27040e-261
  3.13e-02	  5.21e-03	-4.18067e-228
  3.13e-02	  5.73e-03	-2.78740e-195
  3.13e-02	  6.25e-03	-1.85847e-162
  3.13e-02	  6.77e-03	-1.23912e-129
  3.13e-02	  7.29e-03	-8.26178e-97
  3.13e-02	  7.81e-03	-5.50848e-64
  3.13e-02	  8.33e-03	-3.67272e-31
  3.13e-02	  8.85e-03	-1.30277e+02
  3.13e-02	  9.37e-03	-8.83497e+01
  3.13e-02	  9.90e-03	-7.36978e+01
  3.13e-02	  1.04e-02	-5.25041e+01
  3.13e-02	  1.09e-02	-2.45162e+01
  3.13e-02	  1.15e-02	-7.83450e+00
  3.13e-02	  1.20e-02	-1.69984e+00
  3.13e-02	  1.25e-02	1.27088e-01
  3.13e-02	  1.30e-02	6.28898e-01
  3.13e-02	  1.35e-02	7.66368e-01
  3.13e-02	  1.41e-02	7.91770e-01
  3.13e-02	  1.46e-02	7.73351e-01
  3.13e-02	  1.51e-02	7.33617e-01
  3.13e-02	  1.56e-02	6.82206e-01
  3.13e-02	  1.61e-02	6.24706e-01
  3.13e-02	  1.67e-02	5.65191e-01
  3.13e-02	  1.72e-02	5.06914e-01
  3.13e-02	  1.77e-02	4.52433e-01
  3.13e-02	  1.82e-02	4.03631e-01
  3.13e-02	  1.88e-02	3.61718e-01
  3.13e-02	  1.93e-02	3.27267e-01
  3.13e-02	  1.98e-02	3.00248e-01
  3.13e-02	  2.03e-02	2.80078e-01
  3.13e-02	  2.08e-02	2.65689e-01
  3.13e-02	  2.14e-02	2.55618e-01
  3.13e-02	  2.19e-02	2.48137e-01
  3.13e-02	  2.24e-02	2.41396e-01
  3.13e-02	  2.29e-02	2.33598e-01
  3.13e-02	  2.34e-02	2.23158e-01
  3.13e-02	  2.40e-02	2.08851e-01
  3.13e-02	  2.45e-02	1.89920e-01
  3.13e-02	  2.50e-02	1.66136e-01
  3.13e-02	  2.55e-02	1.37800e-01
  3.13e-02	  2.60e-02	1.05693e-01
  3.13e-02	  2.66e-02	7.09812e-02
  3.13e-02	  2.71e-02	3.50825e-02
  3.13e-02	  2.76e-02	-4.91838e-04
  3.13e-02	  2.81e-02	-3.42997e-02
  3.13e-02	  2.86e-02	-6.51272e-02
  3.13e-02	  2.92e-02	-9.21241e-02
  3.13e-02	  2.97e-02	-1.14899e-01
  3.13e-02	  3.02e-02	-1.33548e-01
  3.13e-02	  3.07e-02	-1.48591e-01
  3.13e-02	  3.13e-02	-1.60792e-01
  3.13e-02	  3.18e-02	-1.70853e-01
  3.13e-02	  3.23e-02	-1.79068e-01
  3.13e-02	  3.28e-02	-1.85102e-01
  3.13e-02	  3.33e-02	-1.88184e-01
  3.13e-02	  3.39e-02	-1.87855e-01
  3.13e-02	  3.44e-02	-1.84968e-01
  3.13e-02	  3.49e-02	-1.81698e-01
  3.13e-02	  3.54e-02	-1.77669e-01
  3.13e-02	  3.59e-02	-1.51708e-01
  3.13e-02	  3.65e-02	3.14214e-02
  3.13e-02	  3.70e-02	1.24597e+00
  3.13e-02	  3.75e-02	8.79768e+00
  3.13e-02	  3.80e-02	3.49222e+01
  3.13e-02	  3.85e-02	7.08570e+01
  3.13e-02	  3.91e-02	1.01494e+02
  3.13e-02	  3.96e-02	2.10459e+02
  3.13e-02	  4.01e-02	3.65187e-31
  3.13e-02	  4.06e-02	1.00165e-63
  3.13e-02	  4.11e-02	1.50225e-96
  3.13e-02	  4.17e-02	2.25303e-129
  3.13e-02	  4.22e-02	3.37900e-162
  3.13e-02	  4.27e-02	5.06767e-195
  3.13e-02	  4.32e-02	7.60027e-228
  3.13e-02	  4.37e-02	1.13985e-260
  3.13e-02	  4.43e-02	1.70951e-293
  3.13e-02	  4.48e-02	0.00000e+00
  3.13e-02	  4.53e-02	0.00000e+00
  3.13e-02	  4.58e-02	0.00000e+00
  3.13e-02	  4.64e-02	0.00000e+00
  3.13e-02	  4.69e-02	0.00000e+00
  3.13e-02	  4.74e-02	0.00000e+00
  3.13e-02	  4.79e-02	0.00000e+00
  3.13e-02	  4.84e-02	0.00000e+00
  3.13e-02	  4.90e-02	0.00000e+00
  3.13e-02	  4.95e-02	0.00000e+00

  3.20e-02	  0.00e+00	0.00000e+00
  3.20e-02	  5.21e-04	0.00000e+00
  3.20e-02	  1.04e-03	0.00000e+00
  3.20e-02	  1.56e-03	0.00000e+00
  3.20e-02	  2.08e-03	0.00000e+00
  3.20e-02	  2.60e-03	0.00000e+00
  3.20e-02	  3.12e-03	0.00000e+00
  3.20e-02	  3.65e-03	0.00000e+00
  3.20e-02	  4.17e-03	-8.88980e-294
  3.20e-02	  4.69e-03	-5.92707e-261
  3.20e-02	  5.21e-03	-3.95178e-228
  3.20e-02	  5.73e-03	-2.63481e-195
  3.20e-02	  6.25e-03	-1.75675e-162
  3.20e-02	  6.77e-03	-1.17131e-129
  3.20e-02	  7.29e-03	-7.80966e-97
  3.20e-02	  7.81e-03	-5.20707e-64
  3.20e-02	  8.33e-03	-3.47178e-31
  3.20e-02	  8.85e-03	-1.24469e+02
  3.20e-02	  9.37e-03	-8.68596e+01
  3.20e-02	  9.90e-03	-7.32622e+01
  3.20e-02	  1.04e-02	-5.43419e+01
  3.20e-02	  1.09e-02	-2.66587e+01
  3.20e-02	  1.15e-02	-9.10740e+00
  3.20e-02	  1.20e-02	-2.25855e+00
  3.20e-02	  1.25e-02	-8.66804e-03
  3.20e-02	  1.30e-02	6.32007e-01
  3.20e-02	  1.35e-02	8.10772e-01
  3.20e-02	  1.41e-02	8.46787e-01
  3.20e-02	  1.46e-02	8.27106e-01
  3.20e-02	  1.51e-02	7.80471e-01
  3.20e-02	  1.56e-02	7.19142e-01
  3.20e-02	  1.61e-02	6.50129e-01
  3.20e-02	  1.67e-02	5.78526e-01
  3.20e-02	  1.72e-02	5.08487e-01
  3.20e-02	  1.77e-02	4.43438e-01
  3.20e-02	  1.82e-02	3.86052e-01
  3.20e-02	  1.88e-02	3.38189e-01
  3.20e-02	  1.93e-02	3.00847e-01
  3.20e-02	  1.98e-02	2.74146e-01
  3.20e-02	  2.03e-02	2.57347e-01
  3.20e-02	  2.08e-02	2.48922e-01
  3.20e-02	  2.14e-02	2.46690e-01
  3.20e-02	  2.19e-02	2.48001e-01
  3.20e-02	  2.24e-02	2.49993e-01
  3.20e-02	  2.29e-02	2.49856e-01
  3.20e-02	  2.34e-02	2.45118e-01
  3.20e-02	  2.40e-02	2.33880e-01
  3.20e-02	  2.45e-02	2.14999e-01
  3.20e-02	  2.50e-02	1.88182e-01
  3.20e-02	  2.55e-02	1.53989e-01
  3.20e-02	  2.60e-02	1.13749e-01
  3.20e-02	  2.66e-02	6.93995e-02
  3.20e-02	  2.71e-02	2.32776e-02
  3.20e-02	  2.76e-02	-2.21248e-02
  3.20e-02	  2.81e-02	-6.44126e-02
  3.20e-02	  2.86e-02	-1.01528e-01
  3.20e-02	  2.92e-02	-1.31962e-01
  3.20e-02	  2.97e-02	-1.54901e-01
  3.20e-02	  3.02e-02	-1.70301e-01
  3.20e-02	  3.07e-02	-1.78828e-01
  3.20e-02	  3.13e-02	-1.81661e-01
  3.20e-02	  3.18e-02	-1.80144e-01
  3.20e-02	  3.23e-02	-1.75375e-01
  3.20e-02	  3.28e-02	-1.67933e-01
  3.20e-02	  3.33e-02	-1.58006e-01
  3.20e-02	  3.39e-02	-1.46089e-01
  3.20e-02	  3.44e-02	-1.33879e-01
  3.20e-02	  3.49e-02	-1.24146e-01
  3.20e-02	  3.54e-02	-1.16669e-01
  3.20e-02	  3.59e-02	-8.98489e-02
  3.20e-02	  3.65e-02	9.22108e-02
  3.20e-02	  3.70e-02	1.30833e+00
  3.20e-02	  3.75e-02	8.97608e+00
  3.20e-02	  3.80e-02	3.52705e+01
  3.20e-02	  3.85e-02	7.07096e+01
  3.20e-02	  3.91e-02	1.01456e+02
  3.20e-02	  3.96e-02	2.12810e+02
  3.20e-02	  4.01e-02	3.39989e-31
  3.20e-02	  4.06e-02	1.01566e-63
  3.20e-02	  4.11e-02	1.52325e-96
  3.20e-02	  4.17e-02	2.28450e-129
  3.20e-02	  4.22e-02	3.42619e-162
  3.20e-02	  4.27e-02	5.13840e-195
  3.20e-02	  4.32e-02	7.70629e-228
  3.20e-02	  4.37e-02	1.15575e-260
  3.20e-02	  4.43e-02	1.73333e-293
  3.20e-02	  4.48e-02	0.00000e+00
  3.20e-02	  4.53e-02	0.00000e+00
  3.20e-02	  4.58e-02	0.00000e+00
  3.20e-02	  4.64e-02	0.00000e+00
  3.20e-02	  4.69e-02	0.00000e+00
  3.20e-02	  4.74e-02	0.00000e+00
  3.20e-02	  4.79e-02	0.00000e+00
  3.20e-02	  4.84e-02	0.00000e+00
  3.20e-02	  4.90e-02	0.00000e+00
  3.20e-02	  4.95e-02	0.00000e+00

  3.28e-02	  0.00e+00	0.00000e+00
  3.28e-02	  5.21e-04	0.00000e+00
  3.28e-02	  1.04e-03	0.00000e+00
  3.28e-02	  1.56e-03	0.00000e+00
  3.28e-02	  2.08e-03	0.00000e+00
  3.28e-02	  2.60e-03	0.00000e+00
  3.28e-02	  3.12e-03	0.00000e+00
  3.28e-02	  3.65e-03	0.00000e+00
  3.28e-02	  4.17e-03	-8.34358e-294
  3.28e-02	  4.69e-03	-5.56292e-261
  3.28e-02	  5.21e-03	-3.70901e-228
  3.28e-02	  5.73e-03	-2.47296e-195
  3.28e-02	  6.25e-03	-1.64885e-162
  3.28e-02	  6.77e-03	-1.09937e-129
  3.28e-02	  7.29e-03	-7.33012e-97
  3.28e-02	  7.81e-03	-4.88737e-64
  3.28e-02	  8.33e-03	-3.25864e-31
  3.28e-02	  8.85e-03	-1.18224e+02
  3.28e-02	  9.37e-03	-8.52849e+01
  3.28e-02	  9.90e-03	-7.27110e+01
  3.28e-02	  1.04e-02	-5.61657e+01
  3.28e-02	  1.09e-02	-2.89029e+01
  3.28e-02	  1.15e-02	-1.05495e+01
  3.28e-02	  1.20e-02	-2.94187e+00
  3.28e-02	  1.25e-02	-2.02063e-01
  3.28e-02	  1.30e-02	6.28917e-01
  3.28e-02	  1.35e-02	8.70049e-01
  3.28e-02	  1.41e-02	9.21395e-01
  3.28e-02	  1.46e-02	8.99702e-01
  3.28e-02	  1.51e-02	8.42837e-01
  3.28e-02	  1.56e-02	7.66788e-01
  3.28e-02	  1.61e-02	6.80632e-01
  3.28e-02	  1.67e-02	5.91001e-01
  3.28e-02	  1.72e-02	5.03434e-01
  3.28e-02	  1.77e-02	4.22686e-01
  3.28e-02	  1.82e-02	3.52662e-01
  3.28e-02	  1.88e-02	2.96241e-01
  3.28e-02	  1.93e-02	2.55113e-01
  3.28e-02	  1.98e-02	2.29667e-01
  3.28e-02	  2.03e-02	2.18951e-01
  3.28e-02	  2.08e-02	2.20738e-01
  3.28e-02	  2.14e-02	2.31706e-01
  3.28e-02	  2.19e-02	2.47738e-01
  3.28e-02	  2.24e-02	2.64323e-01
  3.28e-02	  2.29e-02	2.77011e-01
  3.28e-02	  2.34e-02	2.81880e-01
  3.28e-02	  2.40e-02	2.75944e-01
  3.28e-02	  2.45e-02	2.57446e-01
  3.28e-02	  2.50e-02	2.26014e-01
  3.28e-02	  2.55e-02	1.82649e-01
  3.28e-02	  2.60e-02	1.29569e-01
  3.28e-02	  2.66e-02	6.99517e-02
  3.28e-02	  2.71e-02	7.58573e-03
  3.28e-02	  2.76e-02	-5.35007e-02
  3.28e-02	  2.81e-02	-1.09425e-01
  3.28e-02	  2.86e-02	-1.56814e-01
  3.28e-02	  2.92e-02	-1.93122e-01
  3.28e-02	  2.97e-02	-2.16873e-01
  3.28e-02	  3.02e-02	-2.27792e-01
  3.28e-02	  3.07e-02	-2.26781e-01
  3.28e-02	  3.13e-02	-2.15700e-01
  3.28e-02	  3.18e-02	-1.96959e-01
  3.28e-02	  3.23e-02	-1.73004e-01
  3.28e-02	  3.28e-02	-1.45921e-01
  3.28e-02	  3.33e-02	-1.17441e-01
  3.28e-02	  3.39e-02	-8.95103e-02
  3.28e-02	  3.44e-02	-6.50367e-02
  3.28e-02	  3.49e-02	-4.75963e-02
  3.28e-02	  3.54e-02	-3.72273e-02
  3.28e-02	  3.59e-02	-1.21279e-02
  3.28e-02	  3.65e-02	1.62651e-01
  3.28e-02	  3.70e-02	1.36040e+00
  3.28e-02	  3.75e-02	9.08710e+00
  3.28e-02	  3.80e-02	3.54845e+01
  3.28e-02	  3.85e-02	7.04878e+01
  3.28e-02	  3.91e-02	1.01487e+02
  3.28e-02	  3.96e-02	2.15688e+02
  3.28e-02	  4.01e-02	3.10674e-31
  3.28e-02	  4.06e-02	1.03289e-63
  3.28e-02	  4.11e-02	1.54909e-96
  3.28e-02	  4.17e-02	2.32324e-129
  3.28e-02	  4.22e-02	3.48426e-162
  3.28e-02	  4.27e-02	5.22546e-195
  3.28e-02	  4.32e-02	7.83680e-228
  3.28e-02	  4.37e-02	1.17531e-260
  3.28e-02	  4.43e-02	1.76267e-293
  3.28e-02	  4.48e-02	0.00000e+00
  3.28e-02	  4.53e-02	0.00000e+00
  3.28e-02	  4.58e-02	0.00000e+00
  3.28e-02	  4.64e-02	0.00000e+00
  3.28e-02	  4.69e-02	0.00000e+00
  3.28e-02	  4.74e-02	0.00000e+00
  3.28e-02	  4.79e-02	0.00000e+00
  3.28e-02	  4.84e-02	0.00000e+00
  3.28e-02	  4.90e-02	0.00000e+00
  3.28e-02	  4.95e-02	0.00000e+00

  3.36e-02	  0.00e+00	0.00000e+00
  3.36e-02	  5.21e-04	0.00000e+00
  3.36e-02	  1.04e-03	0.00000e+00
  3.36e-02	  1.56e-03	0.00000e+00
  3.36e-02	  2.08e-03	0.00000e+00
  3.36e-02	  2.60e-03	0.00000e+00
  3.36e-02	  3.12e-03	0.00000e+00
  3.36e-02	  3.65e-03	0.00000e+00
  3.36e-02	  4.17e-03	-7.76096e-294
  3.36e-02	  4.69e-03	-5.17450e-261
  3.36e-02	  5.21e-03	-3.45006e-228
  3.36e-02	  5.73e-03	-2.30033e-195
  3.36e-02	  6.25e-03	-1.53376e-162
  3.36e-02	  6.77e-03	-1.02265e-129
  3.36e-02	  7.29e-03	-6.81860e-97
  3.36e-02	  7.81e-03	-4.54636e-64
  3.36e-02	  8.33e-03	-3.03130e-31
  3.36e-02	  8.85e-03	-1.11460e+02
  3.36e-02	  9.37e-03	-8.36062e+01
  3.36e-02	  9.90e-03	-7.20402e+01
  3.36e-02	  1.04e-02	-5.79836e+01
  3.36e-02	  1.09e-02	-3.12475e+01
  3.36e-02	  1.15e-02	-1.21939e+01
  3.36e-02	  1.20e-02	-3.75116e+00
  3.36e-02	  1.25e-02	-4.90693e-01
  3.36e-02	  1.30e-02	6.12288e-01
  3.36e-02	  1.35e-02	9.50784e-01
  3.36e-02	  1.41e-02	1.02475e+00
  3.36e-02	  1.46e-02	9.99960e-01
  3.36e-02	  1.51e-02	9.27986e-01
  3.36e-02	  1.56e-02	8.30084e-01
  3.36e-02	  1.61e-02	7.18320e-01
  3.36e-02	  1.67e-02	6.01631e-01
  3.36e-02	  1.72e-02	4.87683e-01
  3.36e-02	  1.77e-02	3.83292e-01
  3.36e-02	  1.82e-02	2.94283e-01
  3.36e-02	  1.88e-02	2.25165e-01
  3.36e-02	  1.93e-02	1.78779e-01
  3.36e-02	  1.98e-02	1.56018e-01
  3.36e-02	  2.03e-02	1.55677e-01
  3.36e-02	  2.08e-02	1.74477e-01
  3.36e-02	  2.14e-02	2.07306e-01
  3.36e-02	  2.19e-02	2.47685e-01
  3.36e-02	  2.24e-02	2.88413e-01
  3.36e-02	  2.29e-02	3.22342e-01
  3.36e-02	  2.34e-02	3.43171e-01
  3.36e-02	  2.40e-02	3.46142e-01
  3.36e-02	  2.45e-02	3.28541e-01
  3.36e-02	  2.50e-02	2.89922e-01
  3.36e-02	  2.55e-02	2.32058e-01
  3.36e-02	  2.60e-02	1.58649e-01
  3.36e-02	  2.66e-02	7.48602e-02
  3.36e-02	  2.71e-02	-1.32286e-02
  3.36e-02	  2.76e-02	-9.92020e-02
  3.36e-02	  2.81e-02	-1.76880e-01
  3.36e-02	  2.86e-02	-2.40851e-01
  3.36e-02	  2.92e-02	-2.86948e-01
  3.36e-02	  2.97e-02	-3.12631e-01
  3.36e-02	  3.02e-02	-3.17234e-01
  3.36e-02	  3.07e-02	-3.02006e-01
  3.36e-02	  3.13e-02	-2.69894e-01
  3.36e-02	  3.18e-02	-2.25046e-01
  3.36e-02	  3.23e-02	-1.72140e-01
  3.36e-02	  3.28e-02	-1.15763e-01
  3.36e-02	  3.33e-02	-6.01705e-02
  3.36e-02	  3.39e-02	-9.59725e-03
  3.36e-02	  3.44e-02	3.12437e-02
  3.36e-02	  3.49e-02	5.76735e-02
  3.36e-02	  3.54e-02	6.93624e-02
  3.36e-02	  3.59e-02	8.82839e-02
  3.36e-02	  3.65e-02	2.47014e-01
  3.36e-02	  3.70e-02	1.40211e+00
  3.36e-02	  3.75e-02	9.12057e+00
  3.36e-02	  3.80e-02	3.55510e+01
  3.36e-02	  3.85e-02	7.01874e+01
  3.36e-02	  3.91e-02	1.01586e+02
  3.36e-02	  3.96e-02	2.19157e+02
  3.36e-02	  4.01e-02	2.76403e-31
  3.36e-02	  4.06e-02	1.05380e-63
  3.36e-02	  4.11e-02	1.58044e-96
  3.36e-02	  4.17e-02	2.37024e-129
  3.36e-02	  4.22e-02	3.55472e-162
  3.36e-02	  4.27e-02	5.33109e-195
  3.36e-02	  4.32e-02	7.99517e-228
  3.36e-02	  4.37e-02	1.19906e-260
  3.36e-02	  4.43e-02	1.79826e-293
  3.36e-02	  4.48e-02	0.00000e+00
  3.36e-02	  4.53e-02	0.00000e+00
  3.36e-02	  4.58e-02	0.00000e+00
  3.36e-02	  4.64e-02	0.00000e+00
  3.36e-02	  4.69e-02	0.00000e+00
  3.36e-02	  4.74e-02	0.00000e+00
  3.36e-02	  4.79e-02	0.00000e+00
  3.36e-02	  4.84e-02	0.00000e+00
  3.36e-02	  4.90e-02	0.00000e+00
  3.36e-02	  4.95e-02	0.00000e+00

  3.44e-02	  0.00e+00	0.00000e+00
  3.44e-02	  5.21e-04	0.00000e+00
  3.44e-02	  1.04e-03	0.00000e+00
  3.44e-02	  1.56e-03	0.00000e+00
  3.44e-02	  2.08e-03	0.00000e+00
  3.44e-02	  2.60e-03	0.00000e+00
  3.44e-02	  3.12e-03	0.00000e+00
  3.44e-02	  3.65e-03	0.00000e+00
  3.44e-02	  4.17e-03	-7.13625e-294
  3.44e-02	  4.69e-03	-4.75802e-261
  3.44e-02	  5.21e-03	-3.17241e-228
  3.44e-02	  5.73e-03	-2.11523e-195
  3.44e-02	  6.25e-03	-1.41036e-162
  3.44e-02	  6.77e-03	-9.40378e-130
  3.44e-02	  7.29e-03	-6.27013e-97
  3.44e-02	  7.81e-03	-4.18070e-64
  3.44e-02	  8.33e-03	-2.78752e-31
  3.44e-02	  8.85e-03	-1.04080e+02
  3.44e-02	  9.37e-03	-8.17997e+01
  3.44e-02	  9.90e-03	-7.12385e+01
  3.44e-02	  1.04e-02	-5.98063e+01
  3.44e-02	  1.09e-02	-3.36915e+01
  3.44e-02	  1.15e-02	-1.40698e+01
  3.44e-02	  1.20e-02	-4.72127e+00
  3.44e-02	  1.25e-02	-8.90649e-01
  3.44e-02	  1.30e-02	5.77707e-01
  3.44e-02	  1.35e-02	1.04988e+00
  3.44e-02	  1.41e-02	1.16731e+00
  3.44e-02	  1.46e-02	1.14067e+00
  3.44e-02	  1.51e-02	1.04715e+00
  3.44e-02	  1.56e-02	9.16916e-01
  3.44e-02	  1.61e-02	7.66764e-01
  3.44e-02	  1.67e-02	6.09222e-01
  3.44e-02	  1.72e-02	4.55242e-01
  3.44e-02	  1.77e-02	3.14816e-01
  3.44e-02	  1.82e-02	1.96775e-01
  3.44e-02	  1.88e-02	1.08245e-01
  3.44e-02	  1.93e-02	5.40143e-02
  3.44e-02	  1.98e-02	3.59578e-02
  3.44e-02	  2.03e-02	5.26529e-02
  3.44e-02	  2.08e-02	9.92879e-02
  3.44e-02	  2.14e-02	1.67954e-01
  3.44e-02	  2.19e-02	2.48346e-01
  3.44e-02	  2.24e-02	3.28831e-01
  3.44e-02	  2.29e-02	3.97765e-01
  3.44e-02	  2.34e-02	4.44885e-01
  3.44e-02	  2.40e-02	4.62530e-01
  3.44e-02	  2.45e-02	4.46501e-01
  3.44e-02	  2.50e-02	3.96385e-01
  3.44e-02	  2.55e-02	3.15373e-01
  3.44e-02	  2.60e-02	2.09667e-01
  3.44e-02	  2.66e-02	8.76502e-02
  3.44e-02	  2.71e-02	-4.10115e-02
  3.44e-02	  2.76e-02	-1.66244e-01
  3.44e-02	  2.81e-02	-2.78375e-01
  3.44e-02	  2.86e-02	-3.68877e-01
  3.44e-02	  2.92e-02	-4.31050e-01
  3.44e-02	  2.97e-02	-4.60626e-01
  3.44e-02	  3.02e-02	-4.56219e-01
  3.44e-02	  3.07e-02	-4.19528e-01
  3.44e-02	  3.13e-02	-3.55170e-01
  3.44e-02	  3.18e-02	-2.70094e-01
  3.44e-02	  3.23e-02	-1.72658e-01
  3.44e-02	  3.28e-02	-7.16296e-02
  3.44e-02	  3.33e-02	2.45248e-02
  3.44e-02	  3.39e-02	1.07832e-01
  3.44e-02	  3.44e-02	1.70779e-01
  3.44e-02	  3.49e-02	2.07177e-01
  3.44e-02	  3.54e-02	2.16561e-01
  3.44e-02	  3.59e-02	2.21481e-01
  3.44e-02	  3.65e-02	3.51268e-01
  3.44e-02	  3.70e-02	1.43391e+00
  3.44e-02	  3.75e-02	9.06539e+00
  3.44e-02	  3.80e-02	3.54539e+01
  3.44e-02	  3.85e-02	6.97985e+01
  3.44e-02	  3.91e-02	1.01749e+02
  3.44e-02	  3.96e-02	2.23285e+02
  3.44e-02	  4.01e-02	2.36442e-31
  3.44e-02	  4.06e-02	1.07888e-63
  3.44e-02	  4.11e-02	1.61804e-96
  3.44e-02	  4.17e-02	2.42662e-129
  3.44e-02	  4.22e-02	3.63925e-162
  3.44e-02	  4.27e-02	5.45783e-195
  3.44e-02	  4.32e-02	8.18518e-228
  3.44e-02	  4.37e-02	1.22754e-260
  3.44e-02	  4.43e-02	1.84097e-293
  3.44e-02	  4.48e-02	0.00000e+00
  3.44e-02	  4.53e-02	0.00000e+00
  3.44e-02	  4.58e-02	0.00000e+00
  3.44e-02	  4.64e-02	0.00000e+00
  3.44e-02	  4.69e-02	0.00000e+00
  3.44e-02	  4.74e-02	0.00000e+00
  3.44e-02	  4.79e-02	0.00000e+00
  3.44e-02	  4.84e-02	0.00000e+00
  3.44e-02	  4.90e-02	0.00000e+00
  3.44e-02	  4.95e-02	0.00000e+00

  3.52e-02	  0.00e+00	0.00000e+00
  3.52e-02	  5.21e-04	0.00000e+00
  3.52e-02	  1.04e-03	0.00000e+00
  3.52e-02	  1.56e-03	0.00000e+00
  3.52e-02	  2.08e-03	0.00000e+00
  3.52e-02	  2.60e-03	0.00000e+00
  3.52e-02	  3.12e-03	0.00000e+00
  3.52e-02	  3.65e-03	0.00000e+00
  3.52e-02	  4.17e-03	-6.46332e-294
  3.52e-02	  4.69e-03	-4.30940e-261
  3.52e-02	  5.21e-03	-2.87332e-228
  3.52e-02	  5.73e-03	-1.91583e-195
  3.52e-02	  6.25e-03	-1.27742e-162
  3.52e-02	  6.77e-03	-8.51756e-130
  3.52e-02	  7.29e-03	-5.67931e-97
  3.52e-02	  7.81e-03	-3.78681e-64
  3.52e-02	  8.33e-03	-2.52492e-31
  3.52e-02	  8.85e-03	-9.59682e+01
  3.52e-02	  9.37e-03	-7.98360e+01
  3.52e-02	  9.90e-03	-7.02836e+01
  3.52e-02	  1.04e-02	-6.16461e+01
  3.52e-02	  1.09e-02	-3.62353e+01
  3.52e-02	  1.15e-02	-1.62093e+01
  3.52e-02	  1.20e-02	-5.91574e+00
  3.52e-02	  1.25e-02	-1.38270e+00
  3.52e-02	  1.30e-02	4.82812e-01
  3.52e-02	  1.35e-02	1.17010e+00
  3.52e-02	  1.41e-02	1.36685e+00
  3.52e-02	  1.46e-02	1.34279e+00
  3.52e-02	  1.51e-02	1.21860e+00
  3.52e-02	  1.56e-02	1.04018e+00
  3.52e-02	  1.61e-02	8.32119e-01
  3.52e-02	  1.67e-02	6.12553e-01
  3.52e-02	  1.72e-02	3.97451e-01
  3.52e-02	  1.77e-02	2.01622e-01
  3.52e-02	  1.82e-02	3.85277e-02
  3.52e-02	  1.88e-02	-8.05109e-02
  3.52e-02	  1.93e-02	-1.47365e-01
  3.52e-02	  1.98e-02	-1.58198e-01
  3.52e-02	  2.03e-02	-1.14356e-01
  3.52e-02	  2.08e-02	-2.27762e-02
  3.52e-02	  2.14e-02	1.04288e-01
  3.52e-02	  2.19e-02	2.50315e-01
  3.52e-02	  2.24e-02	3.96269e-01
  3.52e-02	  2.29e-02	5.22882e-01
  3.52e-02	  2.34e-02	6.13147e-01
  3.52e-02	  2.40e-02	6.54581e-01
  3.52e-02	  2.45e-02	6.40731e-01
  3.52e-02	  2.50e-02	5.71629e-01
  3.52e-02	  2.55e-02	4.53206e-01
  3.52e-02	  2.60e-02	2.96007e-01
  3.52e-02	  2.66e-02	1.13651e-01
  3.52e-02	  2.71e-02	-7.86545e-02
  3.52e-02	  2.76e-02	-2.65364e-01
  3.52e-02	  2.81e-02	-4.31646e-01
  3.52e-02	  2.86e-02	-5.64307e-01
  3.52e-02	  2.92e-02	-6.52713e-01
  3.52e-02	  2.97e-02	-6.89718e-01
  3.52e-02	  3.02e-02	-6.72522e-01
  3.52e-02	  3.07e-02	-6.03241e-01
  3.52e-02	  3.13e-02	-4.88946e-01
  3.52e-02	  3.18e-02	-3.41019e-01
  3.52e-02	  3.23e-02	-1.73877e-01
  3.52e-02	  3.28e-02	-3.33787e-03
  3.52e-02	  3.33e-02	1.54941e-01
  3.52e-02	  3.39e-02	2.86650e-01
  3.52e-02	  3.44e-02	3.79744e-01
  3.52e-02	  3.49e-02	4.25969e-01
  3.52e-02	  3.54e-02	4.25346e-01
  3.52e-02	  3.59e-02	4.02327e-01
  3.52e-02	  3.65e-02	4.83353e-01
  3.52e-02	  3.70e-02	1.45631e+00
  3.52e-02	  3.75e-02	8.90894e+00
  3.52e-02	  3.80e-02	3.51737e+01
  3.52e-02	  3.85e-02	6.93039e+01
  3.52e-02	  3.91e-02	1.01965e+02
  3.52e-02	  3.96e-02	2.28137e+02
  3.52e-02	  4.01e-02	1.90485e-31
  3.52e-02	  4.06e-02	1.10866e-63
  3.52e-02	  4.11e-02	1.66269e-96
  3.52e-02	  4.17e-02	2.49357e-129
  3.52e-02	  4.22e-02	3.73963e-162
  3.52e-02	  4.27e-02	5.60834e-195
  3.52e-02	  4.32e-02	8.41085e-228
  3.52e-02	  4.37e-02	1.26138e-260
  3.52e-02	  4.43e-02	1.89170e-293
  3.52e-02	  4.48e-02	0.00000e+00
  3.52e-02	  4.53e-02	0.00000e+00
  3.52e-02	  4.58e-02	0.00000e+00
  3.52e-02	  4.64e-02	0.00000e+00
  3.52e-02	  4.69e-02	0.00000e+00
  3.52e-02	  4.74e-02	0.00000e+00
  3.52e-02	  4.79e-02	0.00000e+00
  3.52e-02	  4.84e-02	0.00000e+00
  3.52e-02	  4.90e-02	0.00000e+00
  3.52e-02	  4.95e-02	0.00000e+00

  3.59e-02	  0.00e+00	0.00000e+00
  3.59e-02	  5.21e-04	0.00000e+00
  3.59e-02	  1.04e-03	0.00000e+00
  3.59e-02	  1.56e-03	0.00000e+00
  3.59e-02	  2.08e-03	0.00000e+00
  3.59e-02	  2.60e-03	0.00000e+00
  3.59e-02	  3.12e-03	0.00000e+00
  3.59e-02	  3.65e-03	0.00000e+00
  3.59e-02	  4.17e-03	-5.73585e-294
  3.59e-02	  4.69e-03	-3.82442e-261
  3.59e-02	  5.21e-03	-2.55000e-228
  3.59e-02	  5.73e-03	-1.70028e-195
  3.59e-02	  6.25e-03	-1.13372e-162
  3.59e-02	  6.77e-03	-7.55951e-130
  3.59e-02	  7.29e-03	-5.04059e-97
  3.59e-02	  7.81e-03	-3.36099e-64
  3.59e-02	  8.33e-03	-2.24103e-31
  3.59e-02	  8.85e-03	-8.69886e+01
  3.59e-02	  9.37e-03	-7.76773e+01
  3.59e-02	  9.90e-03	-6.91366e+01
  3.59e-02	  1.04e-02	-6.35025e+01
  3.59e-02	  1.09e-02	-3.89027e+01
  3.59e-02	  1.15e-02	-1.86474e+01
  3.59e-02	  1.20e-02	-7.39225e+00
  3.59e-02	  1.25e-02	-2.00581e+00
  3.59e-02	  1.30e-02	3.20747e-01
  3.59e-02	  1.35e-02	1.32483e+00
  3.59e-02	  1.41e-02	1.63524e+00
  3.59e-02	  1.46e-02	1.63717e+00
  3.59e-02	  1.51e-02	1.47114e+00
  3.59e-02	  1.56e-02	1.22054e+00
  3.59e-02	  1.61e-02	9.24624e-01
  3.59e-02	  1.67e-02	6.10642e-01
  3.59e-02	  1.72e-02	3.02071e-01
  3.59e-02	  1.77e-02	2.07384e-02
  3.59e-02	  1.82e-02	-2.13007e-01
  3.59e-02	  1.88e-02	-3.81188e-01
  3.59e-02	  1.93e-02	-4.69841e-01
  3.59e-02	  1.98e-02	-4.71110e-01
  3.59e-02	  2.03e-02	-3.85260e-01
  3.59e-02	  2.08e-02	-2.21916e-01
  3.59e-02	  2.14e-02	1.99551e-05
  3.59e-02	  2.19e-02	2.53888e-01
  3.59e-02	  2.24e-02	5.08119e-01
  3.59e-02	  2.29e-02	7.30201e-01
  3.59e-02	  2.34e-02	8.91311e-01
  3.59e-02	  2.40e-02	9.70722e-01
  3.59e-02	  2.45e-02	9.58701e-01
  3.59e-02	  2.50e-02	8.57018e-01
  3.59e-02	  2.55e-02	6.77206e-01
  3.59e-02	  2.60e-02	4.37616e-01
  3.59e-02	  2.66e-02	1.60405e-01
  3.59e-02	  2.71e-02	-1.30856e-01
  3.59e-02	  2.76e-02	-4.12813e-01
  3.59e-02	  2.81e-02	-6.63384e-01
  3.59e-02	  2.86e-02	-8.62639e-01
  3.59e-02	  2.92e-02	-9.93861e-01
  3.59e-02	  2.97e-02	-1.04498e+00
  3.59e-02	  3.02e-02	-1.01023e+00
  3.59e-02	  3.07e-02	-8.91630e-01
  3.59e-02	  3.13e-02	-6.99610e-01
  3.59e-02	  3.18e-02	-4.52420e-01
  3.59e-02	  3.23e-02	-1.74391e-01
  3.59e-02	  3.28e-02	1.06657e-01
  3.59e-02	  3.33e-02	3.62472e-01
  3.59e-02	  3.39e-02	5.67533e-01
  3.59e-02	  3.44e-02	7.02056e-01
  3.59e-02	  3.49e-02	7.54989e-01
  3.59e-02	  3.54e-02	7.28574e-01
  3.59e-02	  3.59e-02	6.52483e-01
  3.59e-02	  3.65e-02	6.53057e-01
  3.59e-02	  3.70e-02	1.46835e+00
  3.59e-02	  3.75e-02	8.63395e+00
  3.59e-02	  3.80e-02	3.46846e+01
  3.59e-02	  3.85e-02	6.86789e+01
  3.59e-02	  3.91e-02	1.02214e+02
  3.59e-02	  3.96e-02	2.33759e+02
  3.59e-02	  4.01e-02	1.39334e-31
  3.59e-02	  4.06e-02	1.14363e-63
  3.59e-02	  4.11e-02	1.71512e-96
  3.59e-02	  4.17e-02	2.57218e-129
  3.59e-02	  4.22e-02	3.85750e-162
  3.59e-02	  4.27e-02	5.78508e-195
  3.59e-02	  4.32e-02	8.67584e-228
  3.59e-02	  4.37e-02	1.30111e-260
  3.59e-02	  4.43e-02	1.95128e-293
  3.59e-02	  4.48e-02	0.00000e+00
  3.59e-02	  4.53e-02	0.00000e+00
  3.59e-02	  4.58e-02	0.00000e+00
  3.59e-02	  4.64e-02	0.00000e+00
  3.59e-02	  4.69e-02	0.00000e+00
  3.59e-02	  4.74e-02	0.00000e+00
  3.59e-02	  4.79e-02	0.00000e+00
  3.59e-02	  4.84e-02	0.00000e+00
  3.59e-02	  4.90e-02	0.00000e+00
  3.59e-02	  4.95e-02	0.00000e+00

  3.67e-02	  0.00e+00	0.00000e+00
  3.67e-02	  5.21e-04	0.00000e+00
  3.67e-02	  1.04e-03	0.00000e+00
  3.67e-02	  1.56e-03	0.00000e+00
  3.67e-02	  2.08e-03	0.00000e+00
  3.67e-02	  2.60e-03	0.00000e+00
  3.67e-02	  3.12e-03	0.00000e+00
  3.67e-02	  3.65e-03	0.00000e+00
  3.67e-02	  4.17e-03	-4.94775e-294
  3.67e-02	  4.69e-03	-3.29901e-261
  3.67e-02	  5.21e-03	-2.19973e-228
  3.67e-02	  5.73e-03	-1.46676e-195
  3.67e-02	  6.25e-03	-9.78038e-163
  3.67e-02	  6.77e-03	-6.52160e-130
  3.67e-02	  7.29e-03	-4.34863e-97
  3.67e-02	  7.81e-03	-2.89966e-64
  3.67e-02	  8.33e-03	-1.93346e-31
  3.67e-02	  8.85e-03	-7.69805e+01
  3.67e-02	  9.37e-03	-7.52723e+01
  3.67e-02	  9.90e-03	-6.77703e+01
  3.67e-02	  1.04e-02	-6.53770e+01
  3.67e-02	  1.09e-02	-4.16802e+01
  3.67e-02	  1.15e-02	-2.14333e+01
  3.67e-02	  1.20e-02	-9.22506e+00
  3.67e-02	  1.25e-02	-2.85135e+00
  3.67e-02	  1.30e-02	1.35212e-01
  3.67e-02	  1.35e-02	1.48918e+00
  3.67e-02	  1.41e-02	2.01882e+00
  3.67e-02	  1.46e-02	2.06777e+00
  3.67e-02	  1.51e-02	1.84765e+00
  3.67e-02	  1.56e-02	1.48937e+00
  3.67e-02	  1.61e-02	1.06012e+00
  3.67e-02	  1.67e-02	6.02952e-01
  3.67e-02	  1.72e-02	1.52368e-01
  3.67e-02	  1.77e-02	-2.60387e-01
  3.67e-02	  1.82e-02	-6.05426e-01
  3.67e-02	  1.88e-02	-8.54465e-01
  3.67e-02	  1.93e-02	-9.83119e-01
  3.67e-02	  1.98e-02	-9.75000e-01
  3.67e-02	  2.03e-02	-8.26447e-01
  3.67e-02	  2.08e-02	-5.49856e-01
  3.67e-02	  2.14e-02	-1.74117e-01
  3.67e-02	  2.19e-02	2.57639e-01
  3.67e-02	  2.24e-02	6.92443e-01
  3.67e-02	  2.29e-02	1.07415e+00
  3.67e-02	  2.34e-02	1.35226e+00
  3.67e-02	  2.40e-02	1.49127e+00
  3.67e-02	  2.45e-02	1.47699e+00
  3.67e-02	  2.50e-02	1.31679e+00
  3.67e-02	  2.55e-02	1.03436e+00
  3.67e-02	  2.60e-02	6.62570e-01
  3.67e-02	  2.66e-02	2.37476e-01
  3.67e-02	  2.71e-02	-2.05358e-01
  3.67e-02	  2.76e-02	-6.32389e-01
  3.67e-02	  2.81e-02	-1.01232e+00
  3.67e-02	  2.86e-02	-1.31611e+00
  3.67e-02	  2.92e-02	-1.51770e+00
  3.67e-02	  2.97e-02	-1.59621e+00
  3.67e-02	  3.02e-02	-1.53943e+00
  3.67e-02	  3.07e-02	-1.34738e+00
  3.67e-02	  3.13e-02	-1.03457e+00
  3.67e-02	  3.18e-02	-6.29574e-01
  3.67e-02	  3.23e-02	-1.72691e-01
  3.67e-02	  3.28e-02	2.87843e-01
  3.67e-02	  3.33e-02	7.01120e-01
  3.67e-02	  3.39e-02	1.02067e+00
  3.67e-02	  3.44e-02	1.21248e+00
  3.67e-02	  3.49e-02	1.26180e+00
  3.67e-02	  3.54e-02	1.17764e+00
  3.67e-02	  3.59e-02	1.00270e+00
  3.67e-02	  3.65e-02	8.71079e-01
  3.67e-02	  3.70e-02	1.46629e+00
  3.67e-02	  3.75e-02	8.21685e+00
  3.67e-02	  3.80e-02	3.39555e+01
  3.67e-02	  3.85e-02	6.78830e+01
  3.67e-02	  3.91e-02	1.02451e+02
  3.67e-02	  3.96e-02	2.40152e+02
  3.67e-02	  4.01e-02	8.61460e-32
  3.67e-02	  4.06e-02	1.18408e-63
  3.67e-02	  4.11e-02	1.77577e-96
  3.67e-02	  4.17e-02	2.66312e-129
  3.67e-02	  4.22e-02	3.99386e-162
  3.67e-02	  4.27e-02	5.98954e-195
  3.67e-02	  4.32e-02	8.98241e-228
  3.67e-02	  4.37e-02	1.34708e-260
  3.67e-02	  4.43e-02	2.02020e-293
  3.67e-02	  4.48e-02	0.00000e+00
  3.67e-02	  4.53e-02	0.00000e+00
  3.67e-02	  4.58e-02	0.00000e+00
  3.67e-02	  4.64e-02	0.00000e+00
  3.67e-02	  4.69e-02	0.00000e+00
  3.67e-02	  4.74e-02	0.00000e+00
  3.67e-02	  4.79e-02	0.00000e+00
  3.67e-02	  4.84e-02	0.00000e+00
  3.67e-02	  4.90e-02	0.00000e+00
  3.67e-02	  4.95e-02	0.00000e+00

  3.75e-02	  0.00e+00	0.00000e+00
  3.75e-02	  5.21e-04	0.00000e+00
  3.75e-02	  1.04e-03	0.00000e+00
  3.75e-02	  1.56e-03	0.00000e+00
  3.75e-02	  2.08e-03	0.00000e+00
  3.75e-02	  2.60e-03	0.00000e+00
  3.75e-02	  3.12e-03	0.00000e+00
  3.75e-02	  3.65e-03	0.00000e+00
  3.75e-02	  4.17e-03	-4.09348e-294
  3.75e-02	  4.69e-03	-2.72949e-261
  3.75e-02	  5.21e-03	-1.82004e-228
  3.75e-02	  5.73e-03	-1.21363e-195
  3.75e-02	  6.25e-03	-8.09280e-163
  3.75e-02	  6.77e-03	-5.39650e-130
  3.75e-02	  7.29e-03	-3.59853e-97
  3.75e-02	  7.81e-03	-2.39957e-64
  3.75e-02	  8.33e-03	-1.60005e-31
  3.75e-02	  8.85e-03	-6.57455e+01
  3.75e-02	  9.37e-03	-7.25445e+01
  3.75e-02	  9.90e-03	-6.62844e+01
  3.75e-02	  1.04e-02	-6.71168e+01
  3.75e-02	  1.09e-02	-4.45897e+01
  3.75e-02	  1.15e-02	-2.46348e+01
  3.75e-02	  1.20e-02	-1.15171e+01
  3.75e-02	  1.25e-02	-4.01000e+00
  3.75e-02	  1.30e-02	-1.18612e-01
  3.75e-02	  1.35e-02	1.73761e+00
  3.75e-02	  1.41e-02	2.56685e+00
  3.75e-02	  1.46e-02	2.69713e+00
  3.75e-02	  1.51e-02	2.41742e+00
  3.75e-02	  1.56e-02	1.89405e+00
  3.75e-02	  1.61e-02	1.26068e+00
  3.75e-02	  1.67e-02	5.88738e-01
  3.75e-02	  1.72e-02	-7.32725e-02
  3.75e-02	  1.77e-02	-6.84447e-01
  3.75e-02	  1.82e-02	-1.20401e+00
  3.75e-02	  1.88e-02	-1.58852e+00
  3.75e-02	  1.93e-02	-1.79435e+00
  3.75e-02	  1.98e-02	-1.78617e+00
  3.75e-02	  2.03e-02	-1.54886e+00
  3.75e-02	  2.08e-02	-1.09642e+00
  3.75e-02	  2.14e-02	-4.72524e-01
  3.75e-02	  2.19e-02	2.53619e-01
  3.75e-02	  2.24e-02	9.92959e-01
  3.75e-02	  2.29e-02	1.64618e+00
  3.75e-02	  2.34e-02	2.12030e+00
  3.75e-02	  2.40e-02	2.35082e+00
  3.75e-02	  2.45e-02	2.31851e+00
  3.75e-02	  2.50e-02	2.04772e+00
  3.75e-02	  2.55e-02	1.59005e+00
  3.75e-02	  2.60e-02	1.00624e+00
  3.75e-02	  2.66e-02	3.54396e-01
  3.75e-02	  2.71e-02	-3.14518e-01
  3.75e-02	  2.76e-02	-9.56241e-01
  3.75e-02	  2.81e-02	-1.53028e+00
  3.75e-02	  2.86e-02	-1.99680e+00
  3.75e-02	  2.92e-02	-2.31560e+00
  3.75e-02	  2.97e-02	-2.44928e+00
  3.75e-02	  3.02e-02	-2.37084e+00
  3.75e-02	  3.07e-02	-2.07305e+00
  3.75e-02	  3.13e-02	-1.57460e+00
  3.75e-02	  3.18e-02	-9.19066e-01
  3.75e-02	  3.23e-02	-1.71152e-01
  3.75e-02	  3.28e-02	5.87138e-01
  3.75e-02	  3.33e-02	1.26325e+00
  3.75e-02	  3.39e-02	1.76865e+00
  3.75e-02	  3.44e-02	2.04017e+00
  3.75e-02	  3.49e-02	2.05850e+00
  3.75e-02	  3.54e-02	1.85149e+00
  3.75e-02	  3.59e-02	1.49294e+00
  3.75e-02	  3.65e-02	1.14164e+00
  3.75e-02	  3.70e-02	1.43699e+00
  3.75e-02	  3.75e-02	7.62008e+00
  3.75e-02	  3.80e-02	3.29458e+01
  3.75e-02	  3.85e-02	6.68512e+01
  3.75e-02	  3.91e-02	1.02613e+02
  3.75e-02	  3.96e-02	2.47221e+02
  3.75e-02	  4.01e-02	3.88291e-32
  3.75e-02	  4.06e-02	1.22985e-63
  3.75e-02	  4.11e-02	1.84441e-96
  3.75e-02	  4.17e-02	2.76604e-129
  3.75e-02	  4.22e-02	4.14818e-162
  3.75e-02	  4.27e-02	6.22092e-195
  3.75e-02	  4.32e-02	9.32936e-228
  3.75e-02	  4.37e-02	1.39910e-260
  3.75e-02	  4.43e-02	2.09821e-293
  3.75e-02	  4.48e-02	0.00000e+00
  3.75e-02	  4.53e-02	0.00000e+00
  3.75e-02	  4.58e-02	0.00000e+00
  3.75e-02	  4.64e-02	0.00000e+00
  3.75e-02	  4.69e-02	0.00000e+00
  3.75e-02	  4.74e-02	0.00000e+00
  3.75e-02	  4.79e-02	0.00000e+00
  3.75e-02	  4.84e-02	0.00000e+00
  3.75e-02	  4.90e-02	0.00000e+00
  3.75e-02	  4.95e-02	0.00000e+00

  3.83e-02	  0.00e+00	0.00000e+00
  3.83e-02	  5.21e-04	0.00000e+00
  3.83e-02	  1.04e-03	0.00000e+00
  3.83e-02	  1.56e-03	0.00000e+00
  3.83e-02	  2.08e-03	0.00000e+00
  3.83e-02	  2.60e-03	0.00000e+00
  3.83e-02	  3.12e-03	0.00000e+00
  3.83e-02	  3.65e-03	0.00000e+00
  3.83e-02	  4.17e-03	-3.17103e-294
  3.83e-02	  4.69e-03	-2.11452e-261
  3.83e-02	  5.21e-03	-1.41005e-228
  3.83e-02	  5.73e-03	-9.40297e-196
  3.83e-02	  6.25e-03	-6.27050e-163
  3.83e-02	  6.77e-03	-4.18158e-130
  3.83e-02	  7.29e-03	-2.78854e-97
  3.83e-02	  7.81e-03	-1.85954e-64
  3.83e-02	  8.33e-03	-1.24000e-31
  3.83e-02	  8.85e-03	-5.30615e+01
  3.83e-02	  9.37e-03	-6.93899e+01
  3.83e-02	  9.90e-03	-6.48108e+01
  3.83e-02	  1.04e-02	-6.84545e+01
  3.83e-02	  1.09e-02	-4.77648e+01
  3.83e-02	  1.15e-02	-2.83399e+01
  3.83e-02	  1.20e-02	-1.44007e+01
  3.83e-02	  1.25e-02	-5.59828e+00
  3.83e-02	  1.30e-02	-5.05406e-01
  3.83e-02	  1.35e-02	2.19000e+00
  3.83e-02	  1.41e-02	3.36979e+00
  3.83e-02	  1.46e-02	3.68115e+00
  3.83e-02	  1.51e-02	3.26853e+00
  3.83e-02	  1.56e-02	2.48591e+00
  3.83e-02	  1.61e-02	1.54258e+00
  3.83e-02	  1.67e-02	5.60266e-01
  3.83e-02	  1.72e-02	-4.00614e-01
  3.83e-02	  1.77e-02	-1.29803e+00
  3.83e-02	  1.82e-02	-2.08559e+00
  3.83e-02	  1.88e-02	-2.70020e+00
  3.83e-02	  1.93e-02	-3.06124e+00
  3.83e-02	  1.98e-02	-3.08865e+00
  3.83e-02	  2.03e-02	-2.73612e+00
  3.83e-02	  2.08e-02	-2.01750e+00
  3.83e-02	  2.14e-02	-9.99359e-01
  3.83e-02	  2.19e-02	2.11573e-01
  3.83e-02	  2.24e-02	1.47012e+00
  3.83e-02	  2.29e-02	2.59788e+00
  3.83e-02	  2.34e-02	3.41069e+00
  3.83e-02	  2.40e-02	3.77768e+00
  3.83e-02	  2.45e-02	3.67738e+00
  3.83e-02	  2.50e-02	3.18608e+00
  3.83e-02	  2.55e-02	2.42300e+00
  3.83e-02	  2.60e-02	1.50228e+00
  3.83e-02	  2.66e-02	5.14084e-01
  3.83e-02	  2.71e-02	-4.76095e-01
  3.83e-02	  2.76e-02	-1.41969e+00
  3.83e-02	  2.81e-02	-2.27386e+00
  3.83e-02	  2.86e-02	-2.99045e+00
  3.83e-02	  2.92e-02	-3.50854e+00
  3.83e-02	  2.97e-02	-3.75797e+00
  3.83e-02	  3.02e-02	-3.67646e+00
  3.83e-02	  3.07e-02	-3.23559e+00
  3.83e-02	  3.13e-02	-2.45917e+00
  3.83e-02	  3.18e-02	-1.41243e+00
  3.83e-02	  3.23e-02	-1.92009e-01
  3.83e-02	  3.28e-02	1.07029e+00
  3.83e-02	  3.33e-02	2.20479e+00
  3.83e-02	  3.39e-02	3.03020e+00
  3.83e-02	  3.44e-02	3.41298e+00
  3.83e-02	  3.49e-02	3.33120e+00
  3.83e-02	  3.54e-02	2.86592e+00
  3.83e-02	  3.59e-02	2.16679e+00
  3.83e-02	  3.65e-02	1.44992e+00
  3.83e-02	  3.70e-02	1.33033e+00
  3.83e-02	  3.75e-02	6.80744e+00
  3.83e-02	  3.80e-02	3.15767e+01
  3.83e-02	  3.85e-02	6.55127e+01
  3.83e-02	  3.91e-02	1.02585e+02
  3.83e-02	  3.96e-02	2.54696e+02
  3.83e-02	  4.01e-02	1.36684e-32
  3.83e-02	  4.06e-02	1.27984e-63
  3.83e-02	  4.11e-02	1.91938e-96
  3.83e-02	  4.17e-02	2.87845e-129
  3.83e-02	  4.22e-02	4.31674e-162
  3.83e-02	  4.27e-02	6.47368e-195
  3.83e-02	  4.32e-02	9.70836e-228
  3.83e-02	  4.37e-02	1.45593e-260
  3.83e-02	  4.43e-02	2.18343e-293
  3.83e-02	  4.48e-02	0.00000e+00
  3.83e-02	  4.53e-02	0.00000e+00
  3.83e-02	  4.58e-02	0.00000e+00
  3.83e-02	  4.64e-02	0.00000e+00
  3.83e-02	  4.69e-02	0.00000e+00
  3.83e-02	  4.74e-02	0.00000e+00
  3.83e-02	  4.79e-02	0.00000e+00
  3.83e-02	  4.84e-02	0.00000e+00
  3.83e-02	  4.90e-02	0.00000e+00
  3.83e-02	  4.95e-02	0.00000e+00

  3.91e-02	  0.00e+00	0.00000e+00
  3.91e-02	  5.21e-04	0.00000e+00
  3.91e-02	  1.04e-03	0.00000e+00
  3.91e-02	  1.56e-03	0.00000e+00
  3.91e-02	  2.08e-03	0.00000e+00
  3.91e-02	  2.60e-03	0.00000e+00
  3.91e-02	  3.12e-03	0.00000e+00
  3.91e-02	  3.65e-03	0.00000e+00
  3.91e-02	  4.17e-03	-2.18891e-294
  3.91e-02	  4.69e-03	-1.45977e-261
  3.91e-02	  5.21e-03	-9.73541e-229
  3.91e-02	  5.73e-03	-6.49284e-196
  3.91e-02	  6.25e-03	-4.33034e-163
  3.91e-02	  6.77e-03	-2.88808e-130
  3.91e-02	  7.29e-03	-1.92615e-97
  3.91e-02	  7.81e-03	-1.28457e-64
  3.91e-02	  8.33e-03	-8.56658e-32
  3.91e-02	  8.85e-03	-3.87365e+01
  3.91e-02	  9.37e-03	-6.56875e+01
  3.91e-02	  9.90e-03	-6.32970e+01
  3.91e-02	  1.04e-02	-6.94551e+01
  3.91e-02	  1.09e-02	-5.12692e+01
  3.91e-02	  1.15e-02	-3.27159e+01
  3.91e-02	  1.20e-02	-1.80867e+01
  3.91e-02	  1.25e-02	-7.78075e+00
  3.91e-02	  1.30e-02	-1.03189e+00
  3.91e-02	  1.35e-02	2.97715e+00
  3.91e-02	  1.41e-02	4.80180e+00
  3.91e-02	  1.46e-02	5.20020e+00
  3.91e-02	  1.51e-02	4.52075e+00
  3.91e-02	  1.56e-02	3.29570e+00
  3.91e-02	  1.61e-02	1.88315e+00
  3.91e-02	  1.67e-02	4.83933e-01
  3.91e-02	  1.72e-02	-8.56022e-01
  3.91e-02	  1.77e-02	-2.12927e+00
  3.91e-02	  1.82e-02	-3.31129e+00
  3.91e-02	  1.88e-02	-4.32446e+00
  3.91e-02	  1.93e-02	-5.01437e+00
  3.91e-02	  1.98e-02	-5.18512e+00
  3.91e-02	  2.03e-02	-4.70068e+00
  3.91e-02	  2.08e-02	-3.58831e+00
  3.91e-02	  2.14e-02	-1.96114e+00
  3.91e-02	  2.19e-02	3.66579e-02
  3.91e-02	  2.24e-02	2.19570e+00
  3.91e-02	  2.29e-02	4.19935e+00
  3.91e-02	  2.34e-02	5.64088e+00
  3.91e-02	  2.40e-02	6.19649e+00
  3.91e-02	  2.45e-02	5.86530e+00
  3.91e-02	  2.50e-02	4.89732e+00
  3.91e-02	  2.55e-02	3.58711e+00
  3.91e-02	  2.60e-02	2.14377e+00
  3.91e-02	  2.66e-02	6.88732e-01
  3.91e-02	  2.71e-02	-7.16988e-01
  3.91e-02	  2.76e-02	-2.04618e+00
  3.91e-02	  2.81e-02	-3.27870e+00
  3.91e-02	  2.86e-02	-4.37537e+00
  3.91e-02	  2.92e-02	-5.24814e+00
  3.91e-02	  2.97e-02	-5.75717e+00
  3.91e-02	  3.02e-02	-5.74725e+00
  3.91e-02	  3.07e-02	-5.12593e+00
  3.91e-02	  3.13e-02	-3.94137e+00
  3.91e-02	  3.18e-02	-2.29878e+00
  3.91e-02	  3.23e-02	-3.17212e-01
  3.91e-02	  3.28e-02	1.82542e+00
  3.91e-02	  3.33e-02	3.81835e+00
  3.91e-02	  3.39e-02	5.25002e+00
  3.91e-02	  3.44e-02	5.77464e+00
  3.91e-02	  3.49e-02	5.39744e+00
  3.91e-02	  3.54e-02	4.36533e+00
  3.91e-02	  3.59e-02	3.03044e+00
  3.91e-02	  3.65e-02	1.71715e+00
  3.91e-02	  3.70e-02	1.03417e+00
  3.91e-02	  3.75e-02	5.68741e+00
  3.91e-02	  3.80e-02	2.97943e+01
  3.91e-02	  3.85e-02	6.37539e+01
  3.91e-02	  3.91e-02	1.02200e+02
  3.91e-02	  3.96e-02	2.62001e+02
  3.91e-02	  4.01e-02	4.12883e-32
  3.91e-02	  4.06e-02	1.33121e-63
  3.91e-02	  4.11e-02	1.99640e-96
  3.91e-02	  4.17e-02	2.99396e-129
  3.91e-02	  4.22e-02	4.48993e-162
  3.91e-02	  4.27e-02	6.73338e-195
  3.91e-02	  4.32e-02	1.00978e-227
  3.91e-02	  4.37e-02	1.51432e-260
  3.91e-02	  4.43e-02	2.27098e-293
  3.91e-02	  4.48e-02	0.00000e+00
  3.91e-02	  4.53e-02	0.00000e+00
  3.91e-02	  4.58e-02	0.00000e+00
  3.91e-02	  4.64e-02	0.00000e+00
  3.91e-02	  4.69e-02	0.00000e+00
  3.91e-02	  4.74e-02	0.00000e+00
  3.91e-02	  4.79e-02	0.00000e+00
  3.91e-02	  4.84e-02	0.00000e+00
  3.91e-02	  4.90e-02	0.00000e+00
  3.91e-02	  4.95e-02	0.00000e+00

  3.98e-02	  0.00e+00	0.00000e+00
  3.98e-02	  5.21e-04	0.00000e+00
  3.98e-02	  1.04e-03	0.00000e+00
  3.98e-02	  1.56e-03	0.00000e+00
  3.98e-02	  2.08e-03	0.00000e+00
  3.98e-02	  2.60e-03	0.00000e+00
  3.98e-02	  3.12e-03	0.00000e+00
  3.98e-02	  3.65e-03	0.00000e+00
  3.98e-02	  4.17e-03	-1.17451e-294
  3.98e-02	  4.69e-03	-7.83493e-262
  3.98e-02	  5.21e-03	-5.22680e-229
  3.98e-02	  5.73e-03	-3.48700e-196
  3.98e-02	  6.25e-03	-2.32635e-163
  3.98e-02	  6.77e-03	-1.55201e-130
  3.98e-02	  7.29e-03	-1.03537e-97
  3.98e-02	  7.81e-03	-6.90671e-65
  3.98e-02	  8.33e-03	-4.60690e-32
  3.98e-02	  8.85e-03	-2.26500e+01
  3.98e-02	  9.37e-03	-6.13613e+01
  3.98e-02	  9.90e-03	-6.26061e+01
  3.98e-02	  1.04e-02	-7.07334e+01
  3.98e-02	  1.09e-02	-5.53773e+01
  3.98e-02	  1.15e-02	-3.81104e+01
  3.98e-02	  1.20e-02	-2.29722e+01
  3.98e-02	  1.25e-02	-1.08314e+01
  3.98e-02	  1.30e-02	-1.59274e+00
  3.98e-02	  1.35e-02	4.65231e+00
  3.98e-02	  1.41e-02	7.50678e+00
  3.98e-02	  1.46e-02	7.68934e+00
  3.98e-02	  1.51e-02	6.33031e+00
  3.98e-02	  1.56e-02	4.20217e+00
  3.98e-02	  1.61e-02	2.12925e+00
  3.98e-02	  1.67e-02	2.62781e-01
  3.98e-02	  1.72e-02	-1.45631e+00
  3.98e-02	  1.77e-02	-3.14912e+00
  3.98e-02	  1.82e-02	-4.89812e+00
  3.98e-02	  1.88e-02	-6.66891e+00
  3.98e-02	  1.93e-02	-8.14793e+00
  3.98e-02	  1.98e-02	-8.78287e+00
  3.98e-02	  2.03e-02	-8.10923e+00
  3.98e-02	  2.08e-02	-6.34013e+00
  3.98e-02	  2.14e-02	-3.76054e+00
  3.98e-02	  2.19e-02	-4.76842e-01
  3.98e-02	  2.24e-02	3.32835e+00
  3.98e-02	  2.29e-02	7.15096e+00
  3.98e-02	  2.34e-02	9.96144e+00
  3.98e-02	  2.40e-02	1.06825e+01
  3.98e-02	  2.45e-02	9.48942e+00
  3.98e-02	  2.50e-02	7.31119e+00
  3.98e-02	  2.55e-02	4.94914e+00
  3.98e-02	  2.60e-02	2.72661e+00
  3.98e-02	  2.66e-02	7.12485e-01
  3.98e-02	  2.71e-02	-1.12455e+00
  3.98e-02	  2.76e-02	-2.85668e+00
  3.98e-02	  2.81e-02	-4.55245e+00
  3.98e-02	  2.86e-02	-6.24578e+00
  3.98e-02	  2.92e-02	-7.81684e+00
  3.98e-02	  2.97e-02	-8.95866e+00
  3.98e-02	  3.02e-02	-9.23675e+00
  3.98e-02	  3.07e-02	-8.31869e+00
  3.98e-02	  3.13e-02	-6.46633e+00
  3.98e-02	  3.18e-02	-3.92533e+00
  3.98e-02	  3.23e-02	-7.42675e-01
  3.98e-02	  3.28e-02	3.01318e+00
  3.98e-02	  3.33e-02	6.80286e+00
  3.98e-02	  3.39e-02	9.60559e+00
  3.98e-02	  3.44e-02	1.02086e+01
  3.98e-02	  3.49e-02	8.88996e+00
  3.98e-02	  3.54e-02	6.43700e+00
  3.98e-02	  3.59e-02	3.86392e+00
  3.98e-02	  3.65e-02	1.63183e+00
  3.98e-02	  3.70e-02	2.56883e-01
  3.98e-02	  3.75e-02	4.13505e+00
  3.98e-02	  3.80e-02	2.74879e+01
  3.98e-02	  3.85e-02	6.14643e+01
  3.98e-02	  3.91e-02	1.01235e+02
  3.98e-02	  3.96e-02	2.68058e+02
  3.98e-02	  4.01e-02	1.73084e-31
  3.98e-02	  4.06e-02	1.37801e-63
  3.98e-02	  4.11e-02	2.06658e-96
  3.98e-02	  4.17e-02	3.09918e-129
  3.98e-02	  4.22e-02	4.64772e-162
  3.98e-02	  4.27e-02	6.96996e-195
  3.98e-02	  4.32e-02	1.04525e-227
  3.98e-02	  4.37e-02	1.56752e-260
  3.98e-02	  4.43e-02	2.35074e-293
  3.98e-02	  4.48e-02	0.00000e+00
  3.98e-02	  4.53e-02	0.00000e+00
  3.98e-02	  4.58e-02	0.00000e+00
  3.98e-02	  4.64e-02	0.00000e+00
  3.98e-02	  4.69e-02	0.00000e+00
  3.98e-02	  4.74e-02	0.00000e+00
  3.98e-02	  4.79e-02	0.00000e+00
  3.98e-02	  4.84e-02	0.00000e+00
  3.98e-02	  4.90e-02	0.00000e+00
  3.98e-02	  4.95e-02	0.00000e+00

  4.06e-02	  0.00e+00	0.00000e+00
  4.06e-02	  5.21e-04	0.00000e+00
  4.06e-02	  1.04e-03	0.00000e+00
  4.06e-02	  1.56e-03	0.00000e+00
  4.06e-02	  2.08e-03	0.00000e+00
  4.06e-02	  2.60e-03	0.00000e+00
  4.06e-02	  3.12e-03	0.00000e+00
  4.06e-02	  3.65e-03	0.00000e+00
  4.06e-02	  4.17e-03	-2.21660e-295
  4.06e-02	  4.69e-03	-1.48201e-262
  4.06e-02	  5.21e-03	-9.91032e-230
  4.06e-02	  5.73e-03	-6.62774e-197
  4.06e-02	  6.25e-03	-4.43247e-164
  4.06e-02	  6.77e-03	-2.96403e-131
  4.06e-02	  7.29e-03	-1.98165e-98
  4.06e-02	  7.81e-03	-1.32444e-65
  4.06e-02	  8.33e-03	-8.84826e-33
  4.06e-02	  8.85e-03	-4.86850e+00
  4.06e-02	  9.37e-03	-5.66916e+01
  4.06e-02	  9.90e-03	-6.17889e+01
  4.06e-02	  1.04e-02	-7.22953e+01
  4.06e-02	  1.09e-02	-6.11046e+01
  4.06e-02	  1.15e-02	-4.53790e+01
  4.06e-02	  1.20e-02	-3.00317e+01
  4.06e-02	  1.25e-02	-1.54792e+01
  4.06e-02	  1.30e-02	-1.80710e+00
  4.06e-02	  1.35e-02	9.23126e+00
  4.06e-02	  1.41e-02	1.31076e+01
  4.06e-02	  1.46e-02	1.18435e+01
  4.06e-02	  1.51e-02	8.33016e+00
  4.06e-02	  1.56e-02	4.73615e+00
  4.06e-02	  1.61e-02	1.85604e+00
  4.06e-02	  1.67e-02	-3.18442e-01
  4.06e-02	  1.72e-02	-2.15741e+00
  4.06e-02	  1.77e-02	-4.10359e+00
  4.06e-02	  1.82e-02	-6.52927e+00
  4.06e-02	  1.88e-02	-9.81784e+00
  4.06e-02	  1.93e-02	-1.33799e+01
  4.06e-02	  1.98e-02	-1.55187e+01
  4.06e-02	  2.03e-02	-1.40938e+01
  4.06e-02	  2.08e-02	-1.09491e+01
  4.06e-02	  2.14e-02	-7.09411e+00
  4.06e-02	  2.19e-02	-2.07674e+00
  4.06e-02	  2.24e-02	4.90198e+00
  4.06e-02	  2.29e-02	1.25691e+01
  4.06e-02	  2.34e-02	1.91239e+01
  4.06e-02	  2.40e-02	1.95529e+01
  4.06e-02	  2.45e-02	1.57477e+01
  4.06e-02	  2.50e-02	1.04259e+01
  4.06e-02	  2.55e-02	5.81714e+00
  4.06e-02	  2.60e-02	2.57454e+00
  4.06e-02	  2.66e-02	1.43867e-01
  4.06e-02	  2.71e-02	-1.87608e+00
  4.06e-02	  2.76e-02	-3.81030e+00
  4.06e-02	  2.81e-02	-5.89364e+00
  4.06e-02	  2.86e-02	-8.48413e+00
  4.06e-02	  2.92e-02	-1.14797e+01
  4.06e-02	  2.97e-02	-1.42476e+01
  4.06e-02	  3.02e-02	-1.55409e+01
  4.06e-02	  3.07e-02	-1.36753e+01
  4.06e-02	  3.13e-02	-1.05404e+01
  4.06e-02	  3.18e-02	-6.91459e+00
  4.06e-02	  3.23e-02	-2.35375e+00
  4.06e-02	  3.28e-02	4.43004e+00
  4.06e-02	  3.33e-02	1.22997e+01
  4.06e-02	  3.39e-02	1.88745e+01
  4.06e-02	  3.44e-02	1.90740e+01
  4.06e-02	  3.49e-02	1.48957e+01
  4.06e-02	  3.54e-02	9.27630e+00
  4.06e-02	  3.59e-02	3.94571e+00
  4.06e-02	  3.65e-02	3.14667e-01
  4.06e-02	  3.70e-02	-1.63661e+00
  4.06e-02	  3.75e-02	1.79916e+00
  4.06e-02	  3.80e-02	2.46051e+01
  4.06e-02	  3.85e-02	5.86194e+01
  4.06e-02	  3.91e-02	9.93560e+01
  4.06e-02	  3.96e-02	2.70926e+02
  4.06e-02	  4.01e-02	4.81869e-31
  4.06e-02	  4.06e-02	1.40921e-63
  4.06e-02	  4.11e-02	2.11336e-96
  4.06e-02	  4.17e-02	3.16932e-129
  4.06e-02	  4.22e-02	4.75288e-162
  4.06e-02	  4.27e-02	7.12765e-195
  4.06e-02	  4.32e-02	1.06889e-227
  4.06e-02	  4.37e-02	1.60296e-260
  4.06e-02	  4.43e-02	2.40389e-293
  4.06e-02	  4.48e-02	0.00000e+00
  4.06e-02	  4.53e-02	0.00000e+00
  4.06e-02	  4.58e-02	0.00000e+00
  4.06e-02	  4.64e-02	0.00000e+00
  4.06e-02	  4.69e-02	0.00000e+00
  4.06e-02	  4.74e-02	0.00000e+00
  4.06e-02	  4.79e-02	0.00000e+00
  4.06e-02	  4.84e-02	0.00000e+00
  4.06e-02	  4.90e-02	0.00000e+00
  4.06e-02	  4.95e-02	0.00000e+00

  4.14e-02	  0.00e+00	0.00000e+00
  4.14e-02	  5.21e-04	0.00000e+00
  4.14e-02	  1.04e-03	0.00000e+00
  4.14e-02	  1.56e-03	0.00000e+00
  4.14e-02	  2.08e-03	0.00000e+00
  4.14e-02	  2.60e-03	0.00000e+00
  4.14e-02	  3.12e-03	0.00000e+00
  4.14e-02	  3.65e-03	0.00000e+00
  4.14e-02	  4.17e-03	5.52265e-295
  4.14e-02	  4.69e-03	3.67708e-262
  4.14e-02	  5.21e-03	2.44812e-229
  4.14e-02	  5.73e-03	1.62985e-196
  4.14e-02	  6.25e-03	1.08509e-163
  4.14e-02	  6.77e-03	7.22444e-131
  4.14e-02	  7.29e-03	4.81040e-98
  4.14e-02	  7.81e-03	3.20343e-65
  4.14e-02	  8.33e-03	2.13365e-32
  4.14e-02	  8.85e-03	1.16021e+01
  4.14e-02	  9.37e-03	-4.87520e+01
  4.14e-02	  9.90e-03	-5.59393e+01
  4.14e-02	  1.04e-02	-7.66439e+01
  4.14e-02	  1.09e-02	-7.11964e+01
  4.14e-02	  1.15e-02	-5.75367e+01
  4.14e-02	  1.20e-02	-4.23160e+01
  4.14e-02	  1.25e-02	-2.48753e+01
  4.14e-02	  1.30e-02	-1.72320e+00
  4.14e-02	  1.35e-02	2.53440e+01
  4.14e-02	  1.41e-02	2.63613e+01
  4.14e-02	  1.46e-02	1.76179e+01
  4.14e-02	  1.51e-02	8.88207e+00
  4.14e-02	  1.56e-02	2.83070e+00
  4.14e-02	  1.61e-02	-3.14332e-01
  4.14e-02	  1.67e-02	-1.82530e+00
  4.14e-02	  1.72e-02	-2.68315e+00
  4.14e-02	  1.77e-02	-3.90577e+00
  4.14e-02	  1.82e-02	-6.50480e+00
  4.14e-02	  1.88e-02	-1.18589e+01
  4.14e-02	  1.93e-02	-2.10467e+01
  4.14e-02	  1.98e-02	-3.03798e+01
  4.14e-02	  2.03e-02	-2.37100e+01
  4.14e-02	  2.08e-02	-1.64913e+01
  4.14e-02	  2.14e-02	-1.14990e+01
  4.14e-02	  2.19e-02	-6.81309e+00
  4.14e-02	  2.24e-02	2.40070e+00
  4.14e-02	  2.29e-02	1.95896e+01
  4.14e-02	  2.34e-02	4.15681e+01
  4.14e-02	  2.40e-02	3.77848e+01
  4.14e-02	  2.45e-02	2.49935e+01
  4.14e-02	  2.50e-02	1.27778e+01
  4.14e-02	  2.55e-02	4.38540e+00
  4.14e-02	  2.60e-02	2.13796e-01
  4.14e-02	  2.66e-02	-1.78654e+00
  4.14e-02	  2.71e-02	-3.07430e+00
  4.14e-02	  2.76e-02	-4.44840e+00
  4.14e-02	  2.81e-02	-6.23931e+00
  4.14e-02	  2.86e-02	-9.37447e+00
  4.14e-02	  2.92e-02	-1.45919e+01
  4.14e-02	  2.97e-02	-2.18287e+01
  4.14e-02	  3.02e-02	-2.71840e+01
  4.14e-02	  3.07e-02	-1.98927e+01
  4.14e-02	  3.13e-02	-1.50427e+01
  4.14e-02	  3.18e-02	-1.15191e+01
  4.14e-02	  3.23e-02	-7.38585e+00
  4.14e-02	  3.28e-02	7.27377e-01
  4.14e-02	  3.33e-02	1.82107e+01
  4.14e-02	  3.39e-02	4.15335e+01
  4.14e-02	  3.44e-02	3.70051e+01
  4.14e-02	  3.49e-02	2.39510e+01
  4.14e-02	  3.54e-02	1.08585e+01
  4.14e-02	  3.59e-02	1.72456e+00
  4.14e-02	  3.65e-02	-3.60998e+00
  4.14e-02	  3.70e-02	-5.48263e+00
  4.14e-02	  3.75e-02	-1.56190e+00
  4.14e-02	  3.80e-02	2.13262e+01
  4.14e-02	  3.85e-02	5.52476e+01
  4.14e-02	  3.91e-02	9.62788e+01
  4.14e-02	  3.96e-02	2.67093e+02
  4.14e-02	  4.01e-02	1.04513e-30
  4.14e-02	  4.06e-02	1.40598e-63
  4.14e-02	  4.11e-02	2.10851e-96
  4.14e-02	  4.17e-02	3.16205e-129
  4.14e-02	  4.22e-02	4.74195e-162
  4.14e-02	  4.27e-02	7.11122e-195
  4.14e-02	  4.32e-02	1.06642e-227
  4.14e-02	  4.37e-02	1.59925e-260
  4.14e-02	  4.43e-02	2.39831e-293
  4.14e-02	  4.48e-02	0.00000e+00
  4.14e-02	  4.53e-02	0.00000e+00
  4.14e-02	  4.58e-02	0.00000e+00
  4.14e-02	  4.64e-02	0.00000e+00
  4.14e-02	  4.69e-02	0.00000e+00
  4.14e-02	  4.74e-02	0.00000e+00
  4.14e-02	  4.79e-02	0.00000e+00
  4.14e-02	  4.84e-02	0.00000e+00
  4.14e-02	  4.90e-02	0.00000e+00
  4.14e-02	  4.95e-02	0.00000e+00

  4.22e-02	  0.00e+00	0.00000e+00
  4.22e-02	  5.21e-04	0.00000e+00
  4.22e-02	  1.04e-03	0.00000e+00
  4.22e-02	  1.56e-03	0.00000e+00
  4.22e-02	  2.08e-03	0.00000e+00
  4.22e-02	  2.60e-03	0.00000e+00
  4.22e-02	  3.12e-03	0.00000e+00
  4.22e-02	  3.65e-03	0.00000e+00
  4.22e-02	  4.17e-03	1.04726e-294
  4.22e-02	  4.69e-03	6.97716e-262
  4.22e-02	  5.21e-03	4.64823e-229
  4.22e-02	  5.73e-03	3.09662e-196
  4.22e-02	  6.25e-03	2.06293e-163
  4.22e-02	  6.77e-03	1.37432e-130
  4.22e-02	  7.29e-03	9.15596e-98
  4.22e-02	  7.81e-03	6.10018e-65
  4.22e-02	  8.33e-03	4.06455e-32
  4.22e-02	  8.85e-03	2.04199e+01
  4.22e-02	  9.37e-03	-3.15631e+01
  4.22e-02	  9.90e-03	-4.98570e+01
  4.22e-02	  1.04e-02	-7.27717e+01
  4.22e-02	  1.09e-02	-7.97639e+01
  4.22e-02	  1.15e-02	-8.13539e+01
  4.22e-02	  1.20e-02	-7.51936e+01
  4.22e-02	  1.25e-02	-6.06231e+01
  4.22e-02	  1.30e-02	-2.29550e+01
  4.22e-02	  1.35e-02	9.50903e+01
  4.22e-02	  1.41e-02	5.57611e+01
  4.22e-02	  1.46e-02	1.81382e+01
  4.22e-02	  1.51e-02	-5.51001e-01
  4.22e-02	  1.56e-02	-6.82580e+00
  4.22e-02	  1.61e-02	-6.82724e+00
  4.22e-02	  1.67e-02	-4.89170e+00
  4.22e-02	  1.72e-02	-2.33208e+00
  4.22e-02	  1.77e-02	-1.80108e-01
  4.22e-02	  1.82e-02	1.82434e+00
  4.22e-02	  1.88e-02	-1.02832e+00
  4.22e-02	  1.93e-02	-1.81632e+01
  4.22e-02	  1.98e-02	-5.69118e+01
  4.22e-02	  2.03e-02	-2.27932e+01
  4.22e-02	  2.08e-02	-1.68831e+01
  4.22e-02	  2.14e-02	-2.11940e+01
  4.22e-02	  2.19e-02	-3.18916e+01
  4.22e-02	  2.24e-02	-3.66936e+01
  4.22e-02	  2.29e-02	-1.34930e+01
  4.22e-02	  2.34e-02	9.93123e+01
  4.22e-02	  2.40e-02	6.08599e+01
  4.22e-02	  2.45e-02	2.46122e+01
  4.22e-02	  2.50e-02	3.44461e+00
  4.22e-02	  2.55e-02	-5.82768e+00
  4.22e-02	  2.60e-02	-7.21893e+00
  4.22e-02	  2.66e-02	-5.84278e+00
  4.22e-02	  2.71e-02	-4.19588e+00
  4.22e-02	  2.76e-02	-3.32757e+00
  4.22e-02	  2.81e-02	-2.80391e+00
  4.22e-02	  2.86e-02	-3.46950e+00
  4.22e-02	  2.92e-02	-8.11731e+00
  4.22e-02	  2.97e-02	-2.02360e+01
  4.22e-02	  3.02e-02	-4.28775e+01
  4.22e-02	  3.07e-02	-2.28253e+01
  4.22e-02	  3.13e-02	-1.93496e+01
  4.22e-02	  3.18e-02	-2.26053e+01
  4.22e-02	  3.23e-02	-3.35006e+01
  4.22e-02	  3.28e-02	-3.80737e+01
  4.22e-02	  3.33e-02	-1.64152e+01
  4.22e-02	  3.39e-02	9.74070e+01
  4.22e-02	  3.44e-02	5.74950e+01
  4.22e-02	  3.49e-02	2.05081e+01
  4.22e-02	  3.54e-02	1.33623e-01
  4.22e-02	  3.59e-02	-1.01813e+01
  4.22e-02	  3.65e-02	-1.29919e+01
  4.22e-02	  3.70e-02	-1.15680e+01
  4.22e-02	  3.75e-02	-4.29603e+00
  4.22e-02	  3.80e-02	1.89201e+01
  4.22e-02	  3.85e-02	5.13829e+01
  4.22e-02	  3.91e-02	8.91839e+01
  4.22e-02	  3.96e-02	2.49802e+02
  4.22e-02	  4.01e-02	2.01876e-30
  4.22e-02	  4.06e-02	1.33775e-63
  4.22e-02	  4.11e-02	2.00618e-96
  4.22e-02	  4.17e-02	3.00858e-129
  4.22e-02	  4.22e-02	4.51178e-162
  4.22e-02	  4.27e-02	6.76602e-195
  4.22e-02	  4.32e-02	1.01465e-227
  4.22e-02	  4.37e-02	1.52160e-260
  4.22e-02	  4.43e-02	2.28185e-293
  4.22e-02	  4.48e-02	0.00000e+00
  4.22e-02	  4.53e-02	0.00000e+00
  4.22e-02	  4.58e-02	0.00000e+00
  4.22e-02	  4.64e-02	0.00000e+00
  4.22e-02	  4.69e-02	0.00000e+00
  4.22e-02	  4.74e-02	0.00000e+00
  4.22e-02	  4.79e-02	0.00000e+00
  4.22e-02	  4.84e-02	0.00000e+00
  4.22e-02	  4.90e-02	0.00000e+00
  4.22e-02	  4.95e-02	0.00000e+00

  4.30e-02	  0.00e+00	0.00000e+00
  4.30e-02	  5.21e-04	0.00000e+00
  4.30e-02	  1.04e-03	0.00000e+00
  4.30e-02	  1.56e-03	0.00000e+00
  4.30e-02	  2.08e-03	0.00000e+00
  4.30e-02	  2.60e-03	0.00000e+00
  4.30e-02	  3.12e-03	0.00000e+00
  4.30e-02	  3.65e-03	0.00000e+00
  4.30e-02	  4.17e-03	9.66295e-295
  4.30e-02	  4.69e-03	6.43903e-262
  4.30e-02	  5.21e-03	4.29062e-229
  4.30e-02	  5.73e-03	2.85898e-196
  4.30e-02	  6.25e-03	1.90502e-163
  4.30e-02	  6.77e-03	1.26937e-130
  4.30e-02	  7.29e-03	8.45836e-98
  4.30e-02	  7.81e-03	5.63632e-65
  4.30e-02	  8.33e-03	3.75598e-32
  4.30e-02	  8.85e-03	1.93714e+01
  4.30e-02	  9.37e-03	-1.72977e+01
  4.30e-02	  9.90e-03	-1.11500e+01
  4.30e-02	  1.04e-02	-2.34663e+01
  4.30e-02	  1.09e-02	-4.25217e+01
  4.30e-02	  1.15e-02	-6.53124e+01
  4.30e-02	  1.20e-02	-1.18617e+02
  4.30e-02	  1.25e-02	-2.19030e+02
  4.30e-02	  1.30e-02	-3.93007e+02
  4.30e-02	  1.35e-02	-4.52531e+02
  4.30e-02	  1.41e-02	-2.63629e+02
  4.30e-02	  1.46e-02	-1.35722e+02
  4.30e-02	  1.51e-02	-6.55302e+01
  4.30e-02	  1.56e-02	-3.41418e+01
  4.30e-02	  1.61e-02	-1.82211e+01
  4.30e-02	  1.67e-02	-8.38263e+00
  4.30e-02	  1.72e-02	8.25773e-01
  4.30e-02	  1.77e-02	1.44224e+01
  4.30e-02	  1.82e-02	4.28550e+01
  4.30e-02	  1.88e-02	9.99914e+01
  4.30e-02	  1.93e-02	2.03072e+02
  4.30e-02	  1.98e-02	2.30104e+02
  4.30e-02	  2.03e-02	1.09313e+02
  4.30e-02	  2.08e-02	2.58503e+01
  4.30e-02	  2.14e-02	-4.60309e+01
  4.30e-02	  2.19e-02	-1.36965e+02
  4.30e-02	  2.24e-02	-2.48889e+02
  4.30e-02	  2.29e-02	-4.25779e+02
  4.30e-02	  2.34e-02	-4.80765e+02
  4.30e-02	  2.40e-02	-2.83189e+02
  4.30e-02	  2.45e-02	-1.39984e+02
  4.30e-02	  2.50e-02	-6.64606e+01
  4.30e-02	  2.55e-02	-3.57353e+01
  4.30e-02	  2.60e-02	-1.97134e+01
  4.30e-02	  2.66e-02	-9.92252e+00
  4.30e-02	  2.71e-02	-2.50333e+00
  4.30e-02	  2.76e-02	3.56119e+00
  4.30e-02	  2.81e-02	1.57304e+01
  4.30e-02	  2.86e-02	3.78434e+01
  4.30e-02	  2.92e-02	7.96054e+01
  4.30e-02	  2.97e-02	1.49863e+02
  4.30e-02	  3.02e-02	1.84395e+02
  4.30e-02	  3.07e-02	8.48802e+01
  4.30e-02	  3.13e-02	7.63028e+00
  4.30e-02	  3.18e-02	-6.43247e+01
  4.30e-02	  3.23e-02	-1.49515e+02
  4.30e-02	  3.28e-02	-2.68765e+02
  4.30e-02	  3.33e-02	-4.50739e+02
  4.30e-02	  3.39e-02	-5.03787e+02
  4.30e-02	  3.44e-02	-3.00271e+02
  4.30e-02	  3.49e-02	-1.54779e+02
  4.30e-02	  3.54e-02	-7.66156e+01
  4.30e-02	  3.59e-02	-4.19463e+01
  4.30e-02	  3.65e-02	-2.62970e+01
  4.30e-02	  3.70e-02	-1.52655e+01
  4.30e-02	  3.75e-02	-2.27314e+00
  4.30e-02	  3.80e-02	2.12666e+01
  4.30e-02	  3.85e-02	4.92753e+01
  4.30e-02	  3.91e-02	7.75674e+01
  4.30e-02	  3.96e-02	1.86970e+02
  4.30e-02	  4.01e-02	3.73833e-30
  4.30e-02	  4.06e-02	1.15432e-63
  4.30e-02	  4.11e-02	1.73109e-96
  4.30e-02	  4.17e-02	2.59602e-129
  4.30e-02	  4.22e-02	3.89308e-162
  4.30e-02	  4.27e-02	5.83815e-195
  4.30e-02	  4.32e-02	8.75499e-228
  4.30e-02	  4.37e-02	1.31291e-260
  4.30e-02	  4.43e-02	1.96887e-293
  4.30e-02	  4.48e-02	0.00000e+00
  4.30e-02	  4.53e-02	0.00000e+00
  4.30e-02	  4.58e-02	0.00000e+00
  4.30e-02	  4.64e-02	0.00000e+00
  4.30e-02	  4.69e-02	0.00000e+00
  4.30e-02	  4.74e-02	0.00000e+00
  4.30e-02	  4.79e-02	0.00000e+00
  4.30e-02	  4.84e-02	0.00000e+00
  4.30e-02	  4.90e-02	0.00000e+00
  4.30e-02	  4.95e-02	0.00000e+00

  4.37e-02	  0.00e+00	0.00000e+00
  4.37e-02	  5.21e-04	0.00000e+00
  4.37e-02	  1.04e-03	0.00000e+00
  4.37e-02	  1.56e-03	0.00000e+00
  4.37e-02	  2.08e-03	0.00000e+00
  4.37e-02	  2.60e-03	0.00000e+00
  4.37e-02	  3.12e-03	0.00000e+00
  4.37e-02	  3.65e-03	0.00000e+00
  4.37e-02	  4.17e-03	0.00000e+00
  4.37e-02	  4.69e-03	-4.86012e-290
  4.37e-02	  5.21e-03	-3.24234e-257
  4.37e-02	  5.73e-03	-2.16300e-224
  4.37e-02	  6.25e-03	-1.44292e-191
  4.37e-02	  6.77e-03	-9.62532e-159
  4.37e-02	  7.29e-03	-6.42060e-126
  4.37e-02	  7.81e-03	-4.28276e-93
  4.37e-02	  8.33e-03	-2.85666e-60
  4.37e-02	  8.85e-03	-1.70175e-27
  4.37e-02	  9.37e-03	-1.11269e-32
  4.37e-02	  9.90e-03	-3.64801e-31
  4.37e-02	  1.04e-02	-8.13206e-31
  4.37e-02	  1.09e-02	-1.00052e-30
  4.37e-02	  1.15e-02	-3.67317e-31
  4.37e-02	  1.20e-02	1.96137e-30
  4.37e-02	  1.25e-02	7.41208e-30
  4.37e-02	  1.30e-02	-6.57731e+02
  4.37e-02	  1.35e-02	-1.51766e+02
  4.37e-02	  1.41e-02	-9.21419e+01
  4.37e-02	  1.46e-02	-4.74518e+01
  4.37e-02	  1.51e-02	-2.57766e+01
  4.37e-02	  1.56e-02	-1.99973e+01
  4.37e-02	  1.61e-02	-1.31654e+01
  4.37e-02	  1.67e-02	-7.28607e+00
  4.37e-02	  1.72e-02	-1.23376e+00
  4.37e-02	  1.77e-02	8.50427e+00
  4.37e-02	  1.82e-02	3.03464e+01
  4.37e-02	  1.88e-02	9.59547e+01
  4.37e-02	  1.93e-02	3.45078e+02
  4.37e-02	  1.98e-02	6.25774e-30
  4.37e-02	  2.03e-02	-9.29218e-31
  4.37e-02	  2.08e-02	1.16755e-30
  4.37e-02	  2.14e-02	3.29203e-30
  4.37e-02	  2.19e-02	6.86986e-30
  4.37e-02	  2.24e-02	1.15941e-29
  4.37e-02	  2.29e-02	-6.61361e+02
  4.37e-02	  2.34e-02	-1.59399e+02
  4.37e-02	  2.40e-02	-8.62226e+01
  4.37e-02	  2.45e-02	-5.12409e+01
  4.37e-02	  2.50e-02	-2.81338e+01
  4.37e-02	  2.55e-02	-2.09588e+01
  4.37e-02	  2.60e-02	-1.40898e+01
  4.37e-02	  2.66e-02	-5.64197e+00
  4.37e-02	  2.71e-02	2.56173e+00
  4.37e-02	  2.76e-02	1.28640e+01
  4.37e-02	  2.81e-02	3.25603e+01
  4.37e-02	  2.86e-02	7.08849e+01
  4.37e-02	  2.92e-02	1.59259e+02
  4.37e-02	  2.97e-02	3.56809e+02
  4.37e-02	  3.02e-02	-1.68146e-27
  4.37e-02	  3.07e-02	-3.78081e-31
  4.37e-02	  3.13e-02	1.63404e-30
  4.37e-02	  3.18e-02	3.86980e-30
  4.37e-02	  3.23e-02	7.93301e-30
  4.37e-02	  3.28e-02	1.29570e-29
  4.37e-02	  3.33e-02	-6.77943e+02
  4.37e-02	  3.39e-02	-2.43933e+02
  4.37e-02	  3.44e-02	-1.32294e+02
  4.37e-02	  3.49e-02	-7.19361e+01
  4.37e-02	  3.54e-02	-3.77457e+01
  4.37e-02	  3.59e-02	-2.32801e+01
  4.37e-02	  3.65e-02	-1.66657e+01
  4.37e-02	  3.70e-02	-6.00511e+00
  4.37e-02	  3.75e-02	1.05488e+01
  4.37e-02	  3.80e-02	3.70587e+01
  4.37e-02	  3.85e-02	7.06474e+01
  4.37e-02	  3.91e-02	1.07605e+02
  4.37e-02	  3.96e-02	2.52792e+02
  4.37e-02	  4.01e-02	-1.68906e-27
  4.37e-02	  4.06e-02	7.53452e-64
  4.37e-02	  4.11e-02	1.12993e-96
  4.37e-02	  4.17e-02	1.69450e-129
  4.37e-02	  4.22e-02	2.54113e-162
  4.37e-02	  4.27e-02	3.81073e-195
  4.37e-02	  4.32e-02	5.71463e-228
  4.37e-02	  4.37e-02	8.56972e-261
  4.37e-02	  4.43e-02	1.28513e-293
  4.37e-02	  4.48e-02	0.00000e+00
  4.37e-02	  4.53e-02	0.00000e+00
  4.37e-02	  4.58e-02	0.00000e+00
  4.37e-02	  4.64e-02	0.00000e+00
  4.37e-02	  4.69e-02	0.00000e+00
  4.37e-02	  4.74e-02	0.00000e+00
  4.37e-02	  4.79e-02	0.00000e+00
  4.37e-02	  4.84e-02	0.00000e+00
  4.37e-02	  4.90e-02	0.00000e+00
  4.37e-02	  4.95e-02	0.00000e+00

  4.45e-02	  0.00e+00	0.00000e+00
  4.45e-02	  5.21e-04	0.00000e+00
  4.45e-02	  1.04e-03	0.00000e+00
  4.45e-02	  1.56e-03	0.00000e+00
  4.45e-02	  2.08e-03	0.00000e+00
  4.45e-02	  2.60e-03	0.00000e+00
  4.45e-02	  3.12e-03	0.00000e+00
  4.45e-02	  3.65e-03	0.00000e+00
  4.45e-02	  4.17e-03	0.00000e+00
  4.45e-02	  4.69e-03	0.00000e+00
  4.45e-02	  5.21e-03	-1.70494e-289
  4.45e-02	  5.73e-03	-9.93306e-257
  4.45e-02	  6.25e-03	-5.66508e-224
  4.45e-02	  6.77e-03	-3.13782e-191
  4.45e-02	  7.29e-03	-1.66535e-158
  4.45e-02	  7.81e-03	-8.25512e-126
  4.45e-02	  8.33e-03	-3.60298e-93
  4.45e-02	  8.85e-03	-1.13362e-60
  4.45e-02	  9.37e-03	-7.35472e-66
  4.45e-02	  9.90e-03	-2.43238e-64
  4.45e-02	  1.04e-02	-5.42275e-64
  4.45e-02	  1.09e-02	-6.67322e-64
  4.45e-02	  1.15e-02	-2.45252e-64
  4.45e-02	  1.20e-02	-8.15670e-63
  4.45e-02	  1.25e-02	-6.30923e-30
  4.45e-02	  1.30e-02	-5.68304e+02
  4.45e-02	  1.35e-02	-4.08291e+02
  4.45e-02	  1.41e-02	-1.32495e+02
  4.45e-02	  1.46e-02	-2.93320e+01
  4.45e-02	  1.51e-02	-6.56289e+00
  4.45e-02	  1.56e-02	-6.15644e+00
  4.45e-02	  1.61e-02	-1.37740e+00
  4.45e-02	  1.67e-02	6.79774e+00
  4.45e-02	  1.72e-02	2.11432e+01
  4.45e-02	  1.77e-02	5.08994e+01
  4.45e-02	  1.82e-02	1.17938e+02
  4.45e-02	  1.88e-02	1.92706e+02
  4.45e-02	  1.93e-02	2.52963e+02
  4.45e-02	  1.98e-02	-1.67190e-27
  4.45e-02	  2.03e-02	6.82829e-63
  4.45e-02	  2.08e-02	7.77110e-64
  4.45e-02	  2.14e-02	2.19508e-63
  4.45e-02	  2.19e-02	-2.41167e-62
  4.45e-02	  2.24e-02	-1.91102e-29
  4.45e-02	  2.29e-02	-5.52803e+02
  4.45e-02	  2.34e-02	-3.83999e+02
  4.45e-02	  2.40e-02	-1.72482e+02
  4.45e-02	  2.45e-02	-5.36349e+01
  4.45e-02	  2.50e-02	-9.94048e+00
  4.45e-02	  2.55e-02	-6.64680e+00
  4.45e-02	  2.60e-02	-3.16295e+00
  4.45e-02	  2.66e-02	7.67732e+00
  4.45e-02	  2.71e-02	2.16444e+01
  4.45e-02	  2.76e-02	4.42296e+01
  4.45e-02	  2.81e-02	8.77584e+01
  4.45e-02	  2.86e-02	1.90086e+02
  4.45e-02	  2.92e-02	3.90225e+02
  4.45e-02	  2.97e-02	2.92351e-29
  4.45e-02	  3.02e-02	2.58958e-59
  4.45e-02	  3.07e-02	-2.52888e-64
  4.45e-02	  3.13e-02	1.08842e-63
  4.45e-02	  3.18e-02	2.57863e-63
  4.45e-02	  3.23e-02	4.04460e-59
  4.45e-02	  3.28e-02	-7.08956e-29
  4.45e-02	  3.33e-02	-6.23015e+02
  4.45e-02	  3.39e-02	-3.09872e+02
  4.45e-02	  3.44e-02	-1.40686e+02
  4.45e-02	  3.49e-02	-4.56298e+01
  4.45e-02	  3.54e-02	-4.94598e+00
  4.45e-02	  3.59e-02	-1.77701e+00
  4.45e-02	  3.65e-02	2.09319e+00
  4.45e-02	  3.70e-02	1.43885e+01
  4.45e-02	  3.75e-02	3.45563e+01
  4.45e-02	  3.80e-02	6.49680e+01
  4.45e-02	  3.85e-02	1.13553e+02
  4.45e-02	  3.91e-02	4.14223e+02
  4.45e-02	  3.96e-02	1.35778e-29
  4.45e-02	  4.01e-02	3.45430e-60
  4.45e-02	  4.06e-02	5.17906e-93
  4.45e-02	  4.11e-02	7.76475e-126
  4.45e-02	  4.17e-02	1.16410e-158
  4.45e-02	  4.22e-02	1.74518e-191
  4.45e-02	  4.27e-02	2.61624e-224
  4.45e-02	  4.32e-02	3.92194e-257
  4.45e-02	  4.37e-02	5.87913e-290
  4.45e-02	  4.43e-02	0.00000e+00
  4.45e-02	  4.48e-02	0.00000e+00
  4.45e-02	  4.53e-02	0.00000e+00
  4.45e-02	  4.58e-02	0.00000e+00
  4.45e-02	  4.64e-02	0.00000e+00
  4.45e-02	  4.69e-02	0.00000e+00
  4.45e-02	  4.74e-02	0.00000e+00
  4.45e-02	  4.79e-02	0.00000e+00
  4.45e-02	  4.84e-02	0.00000e+00
  4.45e-02	  4.90e-02	0.00000e+00
  4.45e-02	  4.95e-02	0.00000e+00

  4.53e-02	  0.00e+00	0.00000e+00
  4.53e-02	  5.21e-04	0.00000e+00
  4.53e-02	  1.04e-03	0.00000e+00
  4.53e-02	  1.56e-03	0.00000e+00
  4.53e-02	  2.08e-03	0.00000e+00
  4.53e-02	  2.60e-03	0.00000e+00
  4.53e-02	  3.12e-03	0.00000e+00
  4.53e-02	  3.65e-03	0.00000e+00
  4.53e-02	  4.17e-03	0.00000e+00
  4.53e-02	  4.69e-03	0.00000e+00
  4.53e-02	  5.21e-03	0.00000e+00
  4.53e-02	  5.73e-03	-2.61611e-289
  4.53e-02	  6.25e-03	-1.30381e-256
  4.53e-02	  6.77e-03	-6.18006e-224
  4.53e-02	  7.29e-03	-2.72808e-191
  4.53e-02	  7.81e-03	-1.07967e-158
  4.53e-02	  8.33e-03	-3.53304e-126
  4.53e-02	  8.85e-03	-7.55342e-94
  4.53e-02	  9.37e-03	-4.87078e-99
  4.53e-02	  9.90e-03	-1.62181e-97
  4.53e-02	  1.04e-02	-3.61592e-97
  4.53e-02	  1.09e-02	-4.45030e-97
  4.53e-02	  1.15e-02	4.76828e-92
  4.53e-02	  1.20e-02	2.15971e-59
  4.53e-02	  1.25e-02	-5.26846e-29
  4.53e-02	  1.30e-02	-7.80642e+02
  4.53e-02	  1.35e-02	-2.44432e+02
  4.53e-02	  1.41e-02	-7.70742e+01
  4.53e-02	  1.46e-02	-5.69233e+00
  4.53e-02	  1.51e-02	8.08502e+00
  4.53e-02	  1.56e-02	8.86585e+00
  4.53e-02	  1.61e-02	1.71810e+01
  4.53e-02	  1.67e-02	3.36315e+01
  4.53e-02	  1.72e-02	6.28825e+01
  4.53e-02	  1.77e-02	1.20922e+02
  4.53e-02	  1.82e-02	2.07449e+02
  4.53e-02	  1.88e-02	3.46365e+02
  4.53e-02	  1.93e-02	2.75178e-29
  4.53e-02	  1.98e-02	2.91550e-59
  4.53e-02	  2.03e-02	4.37366e-92
  4.53e-02	  2.08e-02	5.17493e-97
  4.53e-02	  2.14e-02	8.67373e-92
  4.53e-02	  2.19e-02	3.83504e-59
  4.53e-02	  2.24e-02	-7.06140e-29
  4.53e-02	  2.29e-02	-6.95560e+02
  4.53e-02	  2.34e-02	-2.86514e+02
  4.53e-02	  2.40e-02	-1.42286e+02
  4.53e-02	  2.45e-02	-2.97664e+01
  4.53e-02	  2.50e-02	5.06487e+00
  4.53e-02	  2.55e-02	6.20986e+00
  4.53e-02	  2.60e-02	1.33178e+01
  4.53e-02	  2.66e-02	3.31614e+01
  4.53e-02	  2.71e-02	6.58610e+01
  4.53e-02	  2.76e-02	1.17355e+02
  4.53e-02	  2.81e-02	2.15986e+02
  4.53e-02	  2.86e-02	4.50008e+02
  4.53e-02	  2.92e-02	3.78001e-29
  4.53e-02	  2.97e-02	2.94231e-59
  4.53e-02	  3.02e-02	6.13681e-92
  4.53e-02	  3.07e-02	-1.68952e-97
  4.53e-02	  3.13e-02	1.00246e-91
  4.53e-02	  3.18e-02	4.50500e-59
  4.53e-02	  3.23e-02	-3.14185e-29
  4.53e-02	  3.28e-02	-2.36071e+02
  4.53e-02	  3.33e-02	-3.95524e+02
  4.53e-02	  3.39e-02	-3.20478e+02
  4.53e-02	  3.44e-02	-1.51332e+02
  4.53e-02	  3.49e-02	-3.15073e+01
  4.53e-02	  3.54e-02	1.01807e+01
  4.53e-02	  3.59e-02	1.51098e+01
  4.53e-02	  3.65e-02	2.67338e+01
  4.53e-02	  3.70e-02	5.15067e+01
  4.53e-02	  3.75e-02	8.50275e+01
  4.53e-02	  3.80e-02	1.32867e+02
  4.53e-02	  3.85e-02	5.46001e+02
  4.53e-02	  3.91e-02	2.95208e-29
  4.53e-02	  3.96e-02	6.36467e-60
  4.53e-02	  4.01e-02	1.18438e-92
  4.53e-02	  4.06e-02	2.12066e-125
  4.53e-02	  4.11e-02	3.69647e-158
  4.53e-02	  4.17e-02	6.31684e-191
  4.53e-02	  4.22e-02	1.06317e-223
  4.53e-02	  4.27e-02	1.76796e-256
  4.53e-02	  4.32e-02	2.91132e-289
  4.53e-02	  4.37e-02	0.00000e+00
  4.53e-02	  4.43e-02	0.00000e+00
  4.53e-02	  4.48e-02	0.00000e+00
  4.53e-02	  4.53e-02	0.00000e+00
  4.53e-02	  4.58e-02	0.00000e+00
  4.53e-02	  4.64e-02	0.00000e+00
  4.53e-02	  4.69e-02	0.00000e+00
  4.53e-02	  4.74e-02	0.00000e+00
  4.53e-02	  4.79e-02	0.00000e+00
  4.53e-02	  4.84e-02	0.00000e+00
  4.53e-02	  4.90e-02	0.00000e+00
  4.53e-02	  4.95e-02	0.00000e+00

  4.61e-02	  0.00e+00	0.00000e+00
  4.61e-02	  5.21e-04	0.00000e+00
  4.61e-02	  1.04e-03	0.00000e+00
  4.61e-02	  1.56e-03	0.00000e+00
  4.61e-02	  2.08e-03	0.00000e+00
  4.61e-02	  2.60e-03	0.00000e+00
  4.61e-02	  3.12e-03	0.00000e+00
  4.61e-02	  3.65e-03	0.00000e+00
  4.61e-02	  4.17e-03	0.00000e+00
  4.61e-02	  4.69e-03	0.00000e+00
  4.61e-02	  5.21e-03	0.00000e+00
  4.61e-02	  5.73e-03	0.00000e+00
  4.61e-02	  6.25e-03	-2.29341e-289
  4.61e-02	  6.77e-03	-9.50528e-257
  4.61e-02	  7.29e-03	-3.59440e-224
  4.61e-02	  7.81e-03	-1.18532e-191
  4.61e-02	  8.33e-03	-3.10845e-159
  4.61e-02	  8.85e-03	-5.03278e-127
  4.61e-02	  9.37e-03	-3.22552e-132
  4.61e-02	  9.90e-03	-1.08138e-130
  4.61e-02	  1.04e-02	1.13608e-124
  4.61e-02	  1.09e-02	5.10279e-92
  4.61e-02	  1.15e-02	2.29726e-59
  4.61e-02	  1.20e-02	-2.66407e-29
  4.61e-02	  1.25e-02	-3.70981e+02
  4.61e-02	  1.30e-02	-4.82458e+02
  4.61e-02	  1.35e-02	-1.92704e+02
  4.61e-02	  1.41e-02	-5.30352e+01
  4.61e-02	  1.46e-02	4.53623e+00
  4.61e-02	  1.51e-02	1.75043e+01
  4.61e-02	  1.56e-02	2.54101e+01
  4.61e-02	  1.61e-02	4.57912e+01
  4.61e-02	  1.67e-02	8.29890e+01
  4.61e-02	  1.72e-02	1.46511e+02
  4.61e-02	  1.77e-02	2.33479e+02
  4.61e-02	  1.82e-02	4.20960e+02
  4.61e-02	  1.88e-02	4.11066e-29
  4.61e-02	  1.93e-02	3.45222e-59
  4.61e-02	  1.98e-02	7.12213e-92
  4.61e-02	  2.03e-02	3.54459e-124
  4.61e-02	  2.08e-02	9.78870e-92
  4.61e-02	  2.14e-02	4.38371e-59
  4.61e-02	  2.19e-02	-3.64922e-29
  4.61e-02	  2.24e-02	-3.13422e+02
  4.61e-02	  2.29e-02	-4.31148e+02
  4.61e-02	  2.34e-02	-2.81652e+02
  4.61e-02	  2.40e-02	-1.17662e+02
  4.61e-02	  2.45e-02	-1.26181e+01
  4.61e-02	  2.50e-02	1.28190e+01
  4.61e-02	  2.55e-02	1.63389e+01
  4.61e-02	  2.60e-02	3.07863e+01
  4.61e-02	  2.66e-02	6.78469e+01
  4.61e-02	  2.71e-02	1.46126e+02
  4.61e-02	  2.76e-02	3.13013e+02
  4.61e-02	  2.81e-02	5.35176e+02
  4.61e-02	  2.86e-02	5.04363e-29
  4.61e-02	  2.92e-02	3.20104e-59
  4.61e-02	  2.97e-02	6.75956e-92
  4.61e-02	  3.02e-02	3.59376e-124
  4.61e-02	  3.07e-02	1.09219e-91
  4.61e-02	  3.13e-02	4.90874e-59
  4.61e-02	  3.18e-02	-2.21580e-29
  4.61e-02	  3.23e-02	-1.72412e+02
  4.61e-02	  3.28e-02	-2.26852e+02
  4.61e-02	  3.33e-02	-3.08569e+02
  4.61e-02	  3.39e-02	-2.78717e+02
  4.61e-02	  3.44e-02	-1.30222e+02
  4.61e-02	  3.49e-02	-1.80976e+01
  4.61e-02	  3.54e-02	1.60633e+01
  4.61e-02	  3.59e-02	2.81646e+01
  4.61e-02	  3.65e-02	5.91793e+01
  4.61e-02	  3.70e-02	1.31248e+02
  4.61e-02	  3.75e-02	2.69275e+02
  4.61e-02	  3.80e-02	6.75659e+02
  4.61e-02	  3.85e-02	4.68347e-29
  4.61e-02	  3.91e-02	7.05147e-60
  4.61e-02	  3.96e-02	1.48129e-92
  4.61e-02	  4.01e-02	3.00992e-125
  4.61e-02	  4.06e-02	5.92528e-158
  4.61e-02	  4.11e-02	1.13454e-190
  4.61e-02	  4.17e-02	2.12158e-223
  4.61e-02	  4.22e-02	3.88856e-256
  4.61e-02	  4.27e-02	7.00658e-289
  4.61e-02	  4.32e-02	0.00000e+00
  4.61e-02	  4.37e-02	0.00000e+00
  4.61e-02	  4.43e-02	0.00000e+00
  4.61e-02	  4.48e-02	0.00000e+00
  4.61e-02	  4.53e-02	0.00000e+00
  4.61e-02	  4.58e-02	0.00000e+00
  4.61e-02	  4.64e-02	0.00000e+00
  4.61e-02	  4.69e-02	0.00000e+00
  4.61e-02	  4.74e-02	0.00000e+00
  4.61e-02	  4.79e-02	0.00000e+00
  4.61e-02	  4.84e-02	0.00000e+00
  4.61e-02	  4.90e-02	0.00000e+00
  4.61e-02	  4.95e-02	0.00000e+00

  4.69e-02	  0.00e+00	0.00000e+00
  4.69e-02	  5.21e-04	0.00000e+00
  4.69e-02	  1.04e-03	0.00000e+00
  4.69e-02	  1.56e-03	0.00000e+00
  4.69e-02	  2.08e-03	0.00000e+00
  4.69e-02	  2.60e-03	0.00000e+00
  4.69e-02	  3.12e-03	0.00000e+00
  4.69e-02	  3.65e-03	0.00000e+00
  4.69e-02	  4.17e-03	0.00000e+00
  4.69e-02	  4.69e-03	0.00000e+00
  4.69e-02	  5.21e-03	0.00000e+00
  4.69e-02	  5.73e-03	0.00000e+00
  4.69e-02	  6.25e-03	0.00000e+00
  4.69e-02	  6.77e-03	-1.25632e-289
  4.69e-02	  7.29e-03	-4.15674e-257
  4.69e-02	  7.81e-03	-1.17551e-224
  4.69e-02	  8.33e-03	-2.57369e-192
  4.69e-02	  8.85e-03	-3.35320e-160
  4.69e-02	  9.37e-03	2.07765e-157
  4.69e-02	  9.90e-03	1.11052e-124
  4.69e-02	  1.04e-02	5.57026e-92
  4.69e-02	  1.09e-02	2.48974e-59
  4.69e-02	  1.15e-02	-1.84633e-29
  4.69e-02	  1.20e-02	-2.61569e+02
  4.69e-02	  1.25e-02	-3.36865e+02
  4.69e-02	  1.30e-02	-2.99581e+02
  4.69e-02	  1.35e-02	-1.38298e+02
  4.69e-02	  1.41e-02	-3.39980e+01
  4.69e-02	  1.46e-02	1.08546e+01
  4.69e-02	  1.51e-02	2.56650e+01
  4.69e-02	  1.56e-02	4.34946e+01
  4.69e-02	  1.61e-02	8.39589e+01
  4.69e-02	  1.67e-02	1.69282e+02
  4.69e-02	  1.72e-02	3.22567e+02
  4.69e-02	  1.77e-02	5.01346e+02
  4.69e-02	  1.82e-02	5.48804e-29
  4.69e-02	  1.88e-02	3.80597e-59
  4.69e-02	  1.93e-02	8.01101e-92
  4.69e-02	  1.98e-02	3.81803e-124
  4.69e-02	  2.03e-02	1.07584e-91
  4.69e-02	  2.08e-02	4.82380e-59
  4.69e-02	  2.14e-02	-2.65342e-29
  4.69e-02	  2.19e-02	-2.24827e+02
  4.69e-02	  2.24e-02	-2.69575e+02
  4.69e-02	  2.29e-02	-3.21433e+02
  4.69e-02	  2.34e-02	-2.36865e+02
  4.69e-02	  2.40e-02	-7.92988e+01
  4.69e-02	  2.45e-02	-1.15586e-01
  4.69e-02	  2.50e-02	2.01559e+01
  4.69e-02	  2.55e-02	2.69241e+01
  4.69e-02	  2.60e-02	4.35919e+01
  4.69e-02	  2.66e-02	8.06709e+01
  4.69e-02	  2.71e-02	1.83027e+02
  4.69e-02	  2.76e-02	5.00098e+02
  4.69e-02	  2.81e-02	1.68210e-27
  4.69e-02	  2.86e-02	3.52630e-59
  4.69e-02	  2.92e-02	7.41952e-92
  4.69e-02	  2.97e-02	2.76424e-124
  4.69e-02	  3.02e-02	8.01515e-92
  4.69e-02	  3.07e-02	5.34645e-59
  4.69e-02	  3.13e-02	1.53850e-27
  4.69e-02	  3.18e-02	-1.08561e+02
  4.69e-02	  3.23e-02	-1.42466e+02
  4.69e-02	  3.28e-02	-2.11781e+02
  4.69e-02	  3.33e-02	-2.53548e+02
  4.69e-02	  3.39e-02	-2.23052e+02
  4.69e-02	  3.44e-02	-8.85931e+01
  4.69e-02	  3.49e-02	-7.35854e+00
  4.69e-02	  3.54e-02	1.70523e+01
  4.69e-02	  3.59e-02	2.54974e+01
  4.69e-02	  3.65e-02	4.52494e+01
  4.69e-02	  3.70e-02	1.13475e+02
  4.69e-02	  3.75e-02	5.82684e+02
  4.69e-02	  3.80e-02	1.69674e-27
  4.69e-02	  3.85e-02	7.61418e-60
  4.69e-02	  3.91e-02	1.61142e-92
  4.69e-02	  3.96e-02	3.40285e-125
  4.69e-02	  4.01e-02	7.10690e-158
  4.69e-02	  4.06e-02	1.46019e-190
  4.69e-02	  4.11e-02	2.94480e-223
  4.69e-02	  4.17e-02	5.82776e-256
  4.69e-02	  4.22e-02	1.13262e-288
  4.69e-02	  4.27e-02	0.00000e+00
  4.69e-02	  4.32e-02	0.00000e+00
  4.69e-02	  4.37e-02	0.00000e+00
  4.69e-02	  4.43e-02	0.00000e+00
  4.69e-02	  4.48e-02	0.00000e+00
  4.69e-02	  4.53e-02	0.00000e+00
  4.69e-02	  4.58e-02	0.00000e+00
  4.69e-02	  4.64e-02	0.00000e+00
  4.69e-02	  4.69e-02	0.00000e+00
  4.69e-02	  4.74e-02	0.00000e+00
  4.69e-02	  4.79e-02	0.00000e+00
  4.69e-02	  4.84e-02	0.00000e+00
  4.69e-02	  4.90e-02	0.00000e+00
  4.69e-02	  4.95e-02	0.00000e+00

  4.77e-02	  0.00e+00	0.00000e+00
  4.77e-02	  5.21e-04	0.00000e+00
  4.77e-02	  1.04e-03	0.00000e+00
  4.77e-02	  1.56e-03	0.00000e+00
  4.77e-02	  2.08e-03	0.00000e+00
  4.77e-02	  2.60e-03	0.00000e+00
  4.77e-02	  3.12e-03	0.00000e+00
  4.77e-02	  3.65e-03	0.00000e+00
  4.77e-02	  4.17e-03	0.00000e+00
  4.77e-02	  4.69e-03	0.00000e+00
  4.77e-02	  5.21e-03	0.00000e+00
  4.77e-02	  5.73e-03	0.00000e+00
  4.77e-02	  6.25e-03	0.00000e+00
  4.77e-02	  6.77e-03	4.68779e-289
  4.77e-02	  7.29e-03	3.12785e-256
  4.77e-02	  7.81e-03	2.08695e-223
  4.77e-02	  8.33e-03	1.39239e-190
  4.77e-02	  8.85e-03	9.28964e-158
  4.77e-02	  9.37e-03	6.19757e-125
  4.77e-02	  9.90e-03	4.13458e-92
  4.77e-02	  1.04e-02	2.75821e-59
  4.77e-02	  1.09e-02	1.56289e-27
  4.77e-02	  1.15e-02	-1.58917e+02
  4.77e-02	  1.20e-02	-2.34706e+02
  4.77e-02	  1.25e-02	-2.62136e+02
  4.77e-02	  1.30e-02	-1.94473e+02
  4.77e-02	  1.35e-02	-8.95118e+01
  4.77e-02	  1.41e-02	-1.40120e+01
  4.77e-02	  1.46e-02	2.07048e+01
  4.77e-02	  1.51e-02	3.70262e+01
  4.77e-02	  1.56e-02	5.91182e+01
  4.77e-02	  1.61e-02	1.05524e+02
  4.77e-02	  1.67e-02	1.97577e+02
  4.77e-02	  1.72e-02	4.69765e+02
  4.77e-02	  1.77e-02	1.68013e-27
  4.77e-02	  1.82e-02	4.07680e-59
  4.77e-02	  1.88e-02	8.65280e-92
  4.77e-02	  1.93e-02	3.02098e-124
  4.77e-02	  1.98e-02	7.93131e-92
  4.77e-02	  2.03e-02	5.29046e-59
  4.77e-02	  2.08e-02	1.52679e-27
  4.77e-02	  2.14e-02	-1.39189e+02
  4.77e-02	  2.19e-02	-1.70175e+02
  4.77e-02	  2.24e-02	-2.33096e+02
  4.77e-02	  2.29e-02	-2.57540e+02
  4.77e-02	  2.34e-02	-1.70257e+02
  4.77e-02	  2.40e-02	-4.18970e+01
  4.77e-02	  2.45e-02	1.85796e+01
  4.77e-02	  2.50e-02	4.07640e+01
  4.77e-02	  2.55e-02	6.08732e+01
  4.77e-02	  2.60e-02	1.02761e+02
  4.77e-02	  2.66e-02	1.97087e+02
  4.77e-02	  2.71e-02	2.98395e+02
  4.77e-02	  2.76e-02	3.70130e+02
  4.77e-02	  2.81e-02	-1.60015e-27
  4.77e-02	  2.86e-02	1.53566e-62
  4.77e-02	  2.92e-02	2.30352e-95
  4.77e-02	  2.97e-02	-1.44253e-95
  4.77e-02	  3.02e-02	-9.61663e-63
  4.77e-02	  3.07e-02	-6.41083e-30
  4.77e-02	  3.13e-02	-9.32667e+01
  4.77e-02	  3.18e-02	-1.67079e+02
  4.77e-02	  3.23e-02	-1.94162e+02
  4.77e-02	  3.28e-02	-2.18449e+02
  4.77e-02	  3.33e-02	-2.25356e+02
  4.77e-02	  3.39e-02	-1.58500e+02
  4.77e-02	  3.44e-02	-4.70624e+01
  4.77e-02	  3.49e-02	1.44720e+01
  4.77e-02	  3.54e-02	4.11034e+01
  4.77e-02	  3.59e-02	6.85057e+01
  4.77e-02	  3.65e-02	1.26771e+02
  4.77e-02	  3.70e-02	2.47200e+02
  4.77e-02	  3.75e-02	5.08112e+02
  4.77e-02	  3.80e-02	-1.61319e-27
  4.77e-02	  3.85e-02	3.83837e-63
  4.77e-02	  3.91e-02	5.75729e-96
  4.77e-02	  3.96e-02	8.63549e-129
  4.77e-02	  4.01e-02	1.29525e-161
  4.77e-02	  4.06e-02	1.94277e-194
  4.77e-02	  4.11e-02	2.91398e-227
  4.77e-02	  4.17e-02	4.37071e-260
  4.77e-02	  4.22e-02	6.55567e-293
  4.77e-02	  4.27e-02	0.00000e+00
  4.77e-02	  4.32e-02	0.00000e+00
  4.77e-02	  4.37e-02	0.00000e+00
  4.77e-02	  4.43e-02	0.00000e+00
  4.77e-02	  4.48e-02	0.00000e+00
  4.77e-02	  4.53e-02	0.00000e+00
  4.77e-02	  4.58e-02	0.00000e+00
  4.77e-02	  4.64e-02	0.00000e+00
  4.77e-02	  4.69e-02	0.00000e+00
  4.77e-02	  4.74e-02	0.00000e+00
  4.77e-02	  4.79e-02	0.00000e+00
  4.77e-02	  4.84e-02	0.00000e+00
  4.77e-02	  4.90e-02	0.00000e+00
  4.77e-02	  4.95e-02	0.00000e+00

  4.84e-02	  0.00e+00	0.00000e+00
  4.84e-02	  5.21e-04	0.00000e+00
  4.84e-02	  1.04e-03	0.00000e+00
  4.84e-02	  1.56e-03	0.00000e+00
  4.84e-02	  2.08e-03	0.00000e+00
  4.84e-02	  2.60e-03	0.00000e+00
  4.84e-02	  3.12e-03	0.00000e+00
  4.84e-02	  3.65e-03	0.00000e+00
  4.84e-02	  4.17e-03	0.00000e+00
  4.84e-02	  4.69e-03	0.00000e+00
  4.84e-02	  5.21e-03	0.00000e+00
  4.84e-02	  5.73e-03	0.00000e+00
  4.84e-02	  6.25e-03	-1.08123e-292
  4.84e-02	  6.77e-03	-7.20828e-260
  4.84e-02	  7.29e-03	-4.80561e-227
  4.84e-02	  7.81e-03	-3.20382e-194
  4.84e-02	  8.33e-03	-2.13594e-161
  4.84e-02	  8.85e-03	-1.42400e-128
  4.84e-02	  9.37e-03	-9.49360e-96
  4.84e-02	  9.90e-03	-6.32922e-63
  4.84e-02	  1.04e-02	-4.21957e-30
  4.84e-02	  1.09e-02	-1.22702e+02
  4.84e-02	  1.15e-02	-2.33599e+02
  4.84e-02	  1.20e-02	-2.69880e+02
  4.84e-02	  1.25e-02	-2.10763e+02
  4.84e-02	  1.30e-02	-1.31164e+02
  4.84e-02	  1.35e-02	-4.81524e+01
  4.84e-02	  1.41e-02	1.18259e+01
  4.84e-02	  1.46e-02	4.51341e+01
  4.84e-02	  1.51e-02	7.29841e+01
  4.84e-02	  1.56e-02	1.21703e+02
  4.84e-02	  1.61e-02	2.13194e+02
  4.84e-02	  1.67e-02	2.84304e+02
  4.84e-02	  1.72e-02	3.34900e+02
  4.84e-02	  1.77e-02	-1.59571e-27
  4.84e-02	  1.82e-02	1.65960e-62
  4.84e-02	  1.88e-02	2.49027e-95
  4.84e-02	  1.93e-02	-1.70878e-95
  4.84e-02	  1.98e-02	-1.13902e-62
  4.84e-02	  2.03e-02	-7.59233e-30
  4.84e-02	  2.08e-02	-1.10759e+02
  4.84e-02	  2.14e-02	-1.88803e+02
  4.84e-02	  2.19e-02	-2.15054e+02
  4.84e-02	  2.24e-02	-2.27686e+02
  4.84e-02	  2.29e-02	-2.21302e+02
  4.84e-02	  2.34e-02	-1.09997e+02
  4.84e-02	  2.40e-02	-5.46952e+00
  4.84e-02	  2.45e-02	4.80173e+01
  4.84e-02	  2.50e-02	7.88426e+01
  4.84e-02	  2.55e-02	1.15812e+02
  4.84e-02	  2.60e-02	1.90630e+02
  4.84e-02	  2.66e-02	3.11569e+02
  4.84e-02	  2.71e-02	4.96357e+02
  4.84e-02	  2.76e-02	5.47715e-29
  4.84e-02	  2.81e-02	3.93283e-59
  4.84e-02	  2.86e-02	5.89681e-92
  4.84e-02	  2.92e-02	3.99268e-124
  4.84e-02	  2.97e-02	1.38398e-91
  4.84e-02	  3.02e-02	6.17041e-59
  4.84e-02	  3.07e-02	-3.26244e-29
  4.84e-02	  3.13e-02	-2.37160e+02
  4.84e-02	  3.18e-02	-1.48564e+02
  4.84e-02	  3.23e-02	-1.70805e+02
  4.84e-02	  3.28e-02	-1.85602e+02
  4.84e-02	  3.33e-02	-1.82287e+02
  4.84e-02	  3.39e-02	-8.88357e+01
  4.84e-02	  3.44e-02	-2.30662e+00
  4.84e-02	  3.49e-02	4.94165e+01
  4.84e-02	  3.54e-02	8.00657e+01
  4.84e-02	  3.59e-02	1.21130e+02
  4.84e-02	  3.65e-02	2.08729e+02
  4.84e-02	  3.70e-02	7.01310e+02
  4.84e-02	  3.75e-02	3.45296e-29
  4.84e-02	  3.80e-02	8.87315e-60
  4.84e-02	  3.85e-02	1.33057e-92
  4.84e-02	  3.91e-02	1.99518e-125
  4.84e-02	  3.96e-02	2.99169e-158
  4.84e-02	  4.01e-02	4.48576e-191
  4.84e-02	  4.06e-02	6.72579e-224
  4.84e-02	  4.11e-02	1.00841e-256
  4.84e-02	  4.17e-02	1.51188e-289
  4.84e-02	  4.22e-02	0.00000e+00
  4.84e-02	  4.27e-02	0.00000e+00
  4.84e-02	  4.32e-02	0.00000e+00
  4.84e-02	  4.37e-02	0.00000e+00
  4.84e-02	  4.43e-02	0.00000e+00
  4.84e-02	  4.48e-02	0.00000e+00
  4.84e-02	  4.53e-02	0.00000e+00
  4.84e-02	  4.58e-02	0.00000e+00
  4.84e-02	  4.64e-02	0.00000e+00
  4.84e-02	  4.69e-02	0.00000e+00
  4.84e-02	  4.74e-02	0.00000e+00
  4.84e-02	  4.79e-02	0.00000e+00
  4.84e-02	  4.84e-02	0.00000e+00
  4.84e-02	  4.90e-02	0.00000e+00
  4.84e-02	  4.95e-02	0.00000e+00

  4.92e-02	  0.00e+00	0.00000e+00
  4.92e-02	  5.21e-04	0.00000e+00
  4.92e-02	  1.04e-03	0.00000e+00
  4.92e-02	  1.56e-03	0.00000e+00
  4.92e-02	  2.08e-03	0.00000e+00
  4.92e-02	  2.60e-03	0.00000e+00
  4.92e-02	  3.12e-03	0.00000e+00
  4.92e-02	  3.65e-03	0.00000e+00
  4.92e-02	  4.17e-03	0.00000e+00
  4.92e-02	  4.69e-03	0.00000e+00
  4.92e-02	  5.21e-03	0.00000e+00
  4.92e-02	  5.73e-03	0.00000e+00
  4.92e-02	  6.25e-03	6.09964e-288
  4.92e-02	  6.77e-03	3.20821e-255
  4.92e-02	  7.29e-03	1.64320e-222
  4.92e-02	  7.81e-03	8.15171e-190
  4.92e-02	  8.33e-03	3.89380e-157
  4.92e-02	  8.85e-03	1.78323e-124
  4.92e-02	  9.37e-03	7.87255e-92
  4.92e-02	  9.90e-03	3.48689e-59
  4.92e-02	  1.04e-02	-2.43822e-29
  4.92e-02	  1.09e-02	-3.03822e+02
  4.92e-02	  1.15e-02	-1.82494e+02
  4.92e-02	  1.20e-02	-2.19367e+02
  4.92e-02	  1.25e-02	-1.45865e+02
  4.92e-02	  1.30e-02	-7.61314e+01
  4.92e-02	  1.35e-02	-5.34946e+00
  4.92e-02	  1.41e-02	4.91249e+01
  4.92e-02	  1.46e-02	8.79729e+01
  4.92e-02	  1.51e-02	1.30602e+02
  4.92e-02	  1.56e-02	2.11541e+02
  4.92e-02	  1.61e-02	2.94665e+02
  4.92e-02	  1.67e-02	4.41691e+02
  4.92e-02	  1.72e-02	5.31762e-29
  4.92e-02	  1.77e-02	4.44696e-59
  4.92e-02	  1.82e-02	6.67132e-92
  4.92e-02	  1.88e-02	4.13970e-124
  4.92e-02	  1.93e-02	1.39282e-91
  4.92e-02	  1.98e-02	6.18043e-59
  4.92e-02	  2.03e-02	-3.65062e-29
  4.92e-02	  2.08e-02	-2.52881e+02
  4.92e-02	  2.14e-02	-1.57141e+02
  4.92e-02	  2.19e-02	-1.78699e+02
  4.92e-02	  2.24e-02	-1.90182e+02
  4.92e-02	  2.29e-02	-1.78417e+02
  4.92e-02	  2.34e-02	-5.73481e+01
  4.92e-02	  2.40e-02	3.53618e+01
  4.92e-02	  2.45e-02	9.77111e+01
  4.92e-02	  2.50e-02	1.55221e+02
  4.92e-02	  2.55e-02	2.31373e+02
  4.92e-02	  2.60e-02	3.26753e+02
  4.92e-02	  2.66e-02	5.95335e+02
  4.92e-02	  2.71e-02	8.07454e-29
  4.92e-02	  2.76e-02	4.67990e-59
  4.92e-02	  2.81e-02	9.63600e-92
  4.92e-02	  2.86e-02	5.32474e-124
  4.92e-02	  2.92e-02	1.55096e-91
  4.92e-02	  2.97e-02	6.88537e-59
  4.92e-02	  3.02e-02	-2.41791e-29
  4.92e-02	  3.07e-02	-1.49859e+02
  4.92e-02	  3.13e-02	-1.55170e+02
  4.92e-02	  3.18e-02	-1.51528e+02
  4.92e-02	  3.23e-02	-1.57465e+02
  4.92e-02	  3.28e-02	-1.61132e+02
  4.92e-02	  3.33e-02	-1.34381e+02
  4.92e-02	  3.39e-02	-2.77876e+01
  4.92e-02	  3.44e-02	5.39875e+01
  4.92e-02	  3.49e-02	1.12012e+02
  4.92e-02	  3.54e-02	1.51136e+02
  4.92e-02	  3.59e-02	2.07056e+02
  4.92e-02	  3.65e-02	8.17125e+02
  4.92e-02	  3.70e-02	6.52317e-29
  4.92e-02	  3.75e-02	1.12032e-59
  4.92e-02	  3.80e-02	2.27088e-92
  4.92e-02	  3.85e-02	4.29110e-125
  4.92e-02	  3.91e-02	7.76244e-158
  4.92e-02	  3.96e-02	1.36301e-190
  4.92e-02	  4.01e-02	2.34212e-223
  4.92e-02	  4.06e-02	3.95900e-256
  4.92e-02	  4.11e-02	6.60629e-289
  4.92e-02	  4.17e-02	0.00000e+00
  4.92e-02	  4.22e-02	0.00000e+00
  4.92e-02	  4.27e-02	0.00000e+00
  4.92e-02	  4.32e-02	0.00000e+00
  4.92e-02	  4.37e-02	0.00000e+00
  4.92e-02	  4.43e-02	0.00000e+00
  4.92e-02	  4.48e-02	0.00000e+00
  4.92e-02	  4.53e-02	0.00000e+00
  4.92e-02	  4.58e-02	0.00000e+00
  4.92e-02	  4.64e-02	0.00000e+00
  4.92e-02	  4.69e-02	0.00000e+00
  4.92e-02	  4.74e-02	0.00000e+00
  4.92e-02	  4.79e-02	0.00000e+00
  4.92e-02	  4.84e-02	0.00000e+00
  4.92e-02	  4.90e-02	0.00000e+00
  4.92e-02	  4.95e-02	0.00000e+00

  5.00e-02	  0.00e+00	0.00000e+00
  5.00e-02	  5.21e-04	0.00000e+00
  5.00e-02	  1.04e-03	0.00000e+00
  5.00e-02	  1.56e-03	0.00000e+00
  5.00e-02	  2.08e-03	0.00000e+00
  5.00e-02	  2.60e-03	0.00000e+00
  5.00e-02	  3.12e-03	0.00000e+00
  5.00e-02	  3.65e-03	0.00000e+00
  5.00e-02	  4.17e-03	0.00000e+00
  5.00e-02	  4.69e-03	0.00000e+00
  5.00e-02	  5.21e-03	0.00000e+00
  5.00e-02	  5.73e-03	3.30371e-288
  5.00e-02	  6.25e-03	1.93767e-255
  5.00e-02	  6.77e-03	1.11848e-222
  5.00e-02	  7.29e-03	6.32299e-190
  5.00e-02	  7.81e-03	3.47425e-157
  5.00e-02	  8.33e-03	1.83193e-124
  5.00e-02	  8.85e-03	9.05058e-92
  5.00e-02	  9.37e-03	3.96976e-59
  5.00e-02	  9.90e-03	-1.62082e-29
  5.00e-02	  1.04e-02	-1.62633e+02
  5.00e-02	  1.09e-02	-1.94406e+02
  5.00e-02	  1.15e-02	-1.82579e+02
  5.00e-02	  1.20e-02	-1.92871e+02
  5.00e-02	  1.25e-02	-1.03550e+02
  5.00e-02	  1.30e-02	-3.28944e+01
  5.00e-02	  1.35e-02	3.97297e+01
  5.00e-02	  1.41e-02	1.05397e+02
  5.00e-02	  1.46e-02	1.69986e+02
  5.00e-02	  1.51e-02	2.51505e+02
  5.00e-02	  1.56e-02	3.08509e+02
  5.00e-02	  1.61e-02	5.27939e+02
  5.00e-02	  1.67e-02	7.63039e-29
  5.00e-02	  1.72e-02	5.08988e-59
  5.00e-02	  1.77e-02	1.05973e-91
  5.00e-02	  1.82e-02	5.56705e-124
  5.00e-02	  1.88e-02	1.57748e-91
  5.00e-02	  1.93e-02	6.99840e-59
  5.00e-02	  1.98e-02	-2.50914e-29
  5.00e-02	  2.03e-02	-1.36679e+02
  5.00e-02	  2.08e-02	-1.55106e+02
  5.00e-02	  2.14e-02	-1.54236e+02
  5.00e-02	  2.19e-02	-1.61184e+02
  5.00e-02	  2.24e-02	-1.65655e+02
  5.00e-02	  2.29e-02	-1.47253e+02
  5.00e-02	  2.34e-02	-2.53905e+01
  5.00e-02	  2.40e-02	6.90768e+01
  5.00e-02	  2.45e-02	1.61425e+02
  5.00e-02	  2.50e-02	3.00843e+02
  5.00e-02	  2.55e-02	5.16100e+02
  5.00e-02	  2.60e-02	7.28562e+02
  5.00e-02	  2.66e-02	1.13412e-28
  5.00e-02	  2.71e-02	5.15155e-59
  5.00e-02	  2.76e-02	1.08405e-91
  5.00e-02	  2.81e-02	5.74612e-124
  5.00e-02	  2.86e-02	1.74355e-91
  5.00e-02	  2.92e-02	7.78135e-59
  5.00e-02	  2.97e-02	-1.98867e-29
  5.00e-02	  3.02e-02	-1.01888e+02
  5.00e-02	  3.07e-02	-1.07959e+02
  5.00e-02	  3.13e-02	-1.28033e+02
  5.00e-02	  3.18e-02	-1.39168e+02
  5.00e-02	  3.23e-02	-1.43858e+02
  5.00e-02	  3.28e-02	-1.42358e+02
  5.00e-02	  3.33e-02	-1.02271e+02
  5.00e-02	  3.39e-02	1.61302e+01
  5.00e-02	  3.44e-02	1.23468e+02
  5.00e-02	  3.49e-02	2.52676e+02
  5.00e-02	  3.54e-02	4.37238e+02
  5.00e-02	  3.59e-02	9.56899e+02
  5.00e-02	  3.65e-02	9.02370e-29
  5.00e-02	  3.70e-02	1.26762e-59
  5.00e-02	  3.75e-02	2.64698e-92
  5.00e-02	  3.80e-02	5.48150e-125
  5.00e-02	  3.85e-02	1.10768e-157
  5.00e-02	  3.91e-02	2.17773e-190
  5.00e-02	  3.96e-02	4.17269e-223
  5.00e-02	  4.01e-02	7.81537e-256
  5.00e-02	  4.06e-02	1.43527e-288
  5.00e-02	  4.11e-02	0.00000e+00
  5.00e-02	  4.17e-02	0.00000e+00
  5.00e-02	  4.22e-02	0.00000e+00
  5.00e-02	  4.27e-02	0.00000e+00
  5.00e-02	  4.32e-02	0.00000e+00
  5.00e-02	  4.37e-02	0.00000e+00
  5.00e-02	  4.43e-02	0.00000e+00
  5.00e-02	  4.48e-02	0.00000e+00
  5.00e-02	  4.53e-02	0.00000e+00
  5.00e-02	  4.58e-02	0.00000e+00
  5.00e-02	  4.64e-02	0.00000e+00
  5.00e-02	  4.69e-02	0.00000e+00
  5.00e-02	  4.74e-02	0.00000e+00
  5.00e-02	  4.79e-02	0.00000e+00
  5.00e-02	  4.84e-02	0.00000e+00
  5.00e-02	  4.90e-02	0.00000e+00
  5.00e-02	  4.95e-02	0.00000e+00

  5.08e-02	  0.00e+00	0.00000e+00
  5.08e-02	  5.21e-04	0.00000e+00
  5.08e-02	  1.04e-03	0.00000e+00
  5.08e-02	  1.56e-03	0.00000e+00
  5.08e-02	  2.08e-03	0.00000e+00
  5.08e-02	  2.60e-03	0.00000e+00
  5.08e-02	  3.12e-03	0.00000e+00
  5.08e-02	  3.65e-03	0.00000e+00
  5.08e-02	  4.17e-03	0.00000e+00
  5.08e-02	  4.69e-03	0.00000e+00
  5.08e-02	  5.21e-03	9.16371e-289
  5.08e-02	  5.73e-03	5.99432e-256
  5.08e-02	  6.25e-03	3.91942e-223
  5.08e-02	  6.77e-03	2.56159e-190
  5.08e-02	  7.29e-03	1.67338e-157
  5.08e-02	  7.81e-03	1.09262e-124
  5.08e-02	  8.33e-03	7.13061e-92
  5.08e-02	  8.85e-03	4.65111e-59
  5.08e-02	  9.37e-03	-1.46027e-29
  5.08e-02	  9.90e-03	-8.68827e+01
  5.08e-02	  1.04e-02	-1.13257e+02
  5.08e-02	  1.09e-02	-1.51232e+02
  5.08e-02	  1.15e-02	-1.66714e+02
  5.08e-02	  1.20e-02	-1.75783e+02
  5.08e-02	  1.25e-02	-8.65309e+01
  5.08e-02	  1.30e-02	-1.05601e+01
  5.08e-02	  1.35e-02	7.37444e+01
  5.08e-02	  1.41e-02	1.74847e+02
  5.08e-02	  1.46e-02	3.25439e+02
  5.08e-02	  1.51e-02	5.06841e+02
  5.08e-02	  1.56e-02	6.60744e+02
  5.08e-02	  1.61e-02	1.09614e-28
  5.08e-02	  1.67e-02	5.62448e-59
  5.08e-02	  1.72e-02	1.18253e-91
  5.08e-02	  1.77e-02	5.95540e-124
  5.08e-02	  1.82e-02	1.75385e-91
  5.08e-02	  1.88e-02	7.93033e-59
  5.08e-02	  1.93e-02	-2.11501e-29
  5.08e-02	  1.98e-02	-7.50000e+01
  5.08e-02	  2.03e-02	-9.46084e+01
  5.08e-02	  2.08e-02	-1.21115e+02
  5.08e-02	  2.14e-02	-1.36401e+02
  5.08e-02	  2.19e-02	-1.46594e+02
  5.08e-02	  2.24e-02	-1.50097e+02
  5.08e-02	  2.29e-02	-1.31498e+02
  5.08e-02	  2.34e-02	-2.26220e+01
  5.08e-02	  2.40e-02	7.43684e+01
  5.08e-02	  2.45e-02	1.80179e+02
  5.08e-02	  2.50e-02	3.50475e+02
  5.08e-02	  2.55e-02	8.63859e+02
  5.08e-02	  2.60e-02	1.61248e-27
  5.08e-02	  2.66e-02	5.52146e-59
  5.08e-02	  2.71e-02	1.17090e-91
  5.08e-02	  2.76e-02	4.42316e-124
  5.08e-02	  2.81e-02	1.29770e-91
  5.08e-02	  2.86e-02	8.65457e-59
  5.08e-02	  2.92e-02	1.54490e-27
  5.08e-02	  2.97e-02	-5.88704e+01
  5.08e-02	  3.02e-02	-7.01482e+01
  5.08e-02	  3.07e-02	-9.01267e+01
  5.08e-02	  3.13e-02	-1.08959e+02
  5.08e-02	  3.18e-02	-1.23594e+02
  5.08e-02	  3.23e-02	-1.31974e+02
  5.08e-02	  3.28e-02	-1.31799e+02
  5.08e-02	  3.33e-02	-1.04148e+02
  5.08e-02	  3.39e-02	8.23970e+00
  5.08e-02	  3.44e-02	1.06372e+02
  5.08e-02	  3.49e-02	2.79378e+02
  5.08e-02	  3.54e-02	1.01493e+03
  5.08e-02	  3.59e-02	1.61401e-27
  5.08e-02	  3.65e-02	1.46046e-59
  5.08e-02	  3.70e-02	3.03425e-92
  5.08e-02	  3.75e-02	6.31268e-125
  5.08e-02	  3.80e-02	1.31160e-157
  5.08e-02	  3.85e-02	2.70426e-190
  5.08e-02	  3.91e-02	5.50480e-223
  5.08e-02	  3.96e-02	1.10318e-255
  5.08e-02	  4.01e-02	2.17432e-288
  5.08e-02	  4.06e-02	0.00000e+00
  5.08e-02	  4.11e-02	0.00000e+00
  5.08e-02	  4.17e-02	0.00000e+00
  5.08e-02	  4.22e-02	0.00000e+00
  5.08e-02	  4.27e-02	0.00000e+00
  5.08e-02	  4.32e-02	0.00000e+00
  5.08e-02	  4.37e-02	0.00000e+00
  5.08e-02	  4.43e-02	0.00000e+00
  5.08e-02	  4.48e-02	0.00000e+00
  5.08e-02	  4.53e-02	0.00000e+00
  5.08e-02	  4.58e-02	0.00000e+00
  5.08e-02	  4.64e-02	0.00000e+00
  5.08e-02	  4.69e-02	0.00000e+00
  5.08e-02	  4.74e-02	0.00000e+00
  5.08e-02	  4.79e-02	0.00000e+00
  5.08e-02	  4.84e-02	0.00000e+00
  5.08e-02	  4.90e-02	0.00000e+00
  5.08e-02	  4.95e-02	0.00000e+00

  5.16e-02	  0.00e+00	0.00000e+00
  5.16e-02	  5.21e-04	0.00000e+00
  5.16e-02	  1.04e-03	0.00000e+00
  5.16e-02	  1.56e-03	0.00000e+00
  5.16e-02	  2.08e-03	0.00000e+00
  5.16e-02	  2.60e-03	0.00000e+00
  5.16e-02	  3.12e-03	0.00000e+00
  5.16e-02	  3.65e-03	0.00000e+00
  5.16e-02	  4.17e-03	0.00000e+00
  5.16e-02	  4.69e-03	4.02297e-290
  5.16e-02	  5.21e-03	2.68401e-257
  5.16e-02	  5.73e-03	1.79064e-224
  5.16e-02	  6.25e-03	1.19460e-191
  5.16e-02	  6.77e-03	7.96927e-159
  5.16e-02	  7.29e-03	5.31621e-126
  5.16e-02	  7.81e-03	3.54627e-93
  5.16e-02	  8.33e-03	2.36553e-60
  5.16e-02	  8.85e-03	1.57833e-27
  5.16e-02	  9.37e-03	-4.39390e+01
  5.16e-02	  9.90e-03	-8.43643e+01
  5.16e-02	  1.04e-02	-1.05192e+02
  5.16e-02	  1.09e-02	-1.29692e+02
  5.16e-02	  1.15e-02	-1.50027e+02
  5.16e-02	  1.20e-02	-1.63892e+02
  5.16e-02	  1.25e-02	-9.59007e+01
  5.16e-02	  1.30e-02	-1.65630e+01
  5.16e-02	  1.35e-02	7.43125e+01
  5.16e-02	  1.41e-02	1.95606e+02
  5.16e-02	  1.46e-02	3.87549e+02
  5.16e-02	  1.51e-02	8.93057e+02
  5.16e-02	  1.56e-02	9.60645e+01
  5.16e-02	  1.61e-02	1.38485e-27
  5.16e-02	  1.67e-02	1.27322e-91
  5.16e-02	  1.72e-02	4.60279e-124
  5.16e-02	  1.77e-02	1.27137e-91
  5.16e-02	  1.82e-02	8.48120e-59
  5.16e-02	  1.88e-02	1.55088e-27
  5.16e-02	  1.93e-02	-3.43589e+01
  5.16e-02	  1.98e-02	-7.48524e+01
  5.16e-02	  2.03e-02	-9.26203e+01
  5.16e-02	  2.08e-02	-1.08774e+02
  5.16e-02	  2.14e-02	-1.21697e+02
  5.16e-02	  2.19e-02	-1.33239e+02
  5.16e-02	  2.24e-02	-1.37783e+02
  5.16e-02	  2.29e-02	-1.21750e+02
  5.16e-02	  2.34e-02	-2.40438e+01
  5.16e-02	  2.40e-02	1.04138e+02
  5.16e-02	  2.45e-02	2.54965e+02
  5.16e-02	  2.50e-02	4.04989e+02
  5.16e-02	  2.55e-02	6.82909e+02
  5.16e-02	  2.60e-02	3.30829e-29
  5.16e-02	  2.66e-02	5.01282e-62
  5.16e-02	  2.71e-02	7.51890e-95
  5.16e-02	  2.76e-02	-7.39468e-96
  5.16e-02	  2.81e-02	-4.92909e-63
  5.16e-02	  2.86e-02	-3.28554e-30
  5.16e-02	  2.92e-02	-2.89755e+01
  5.16e-02	  2.97e-02	-5.69161e+01
  5.16e-02	  3.02e-02	-7.16141e+01
  5.16e-02	  3.07e-02	-8.58277e+01
  5.16e-02	  3.13e-02	-9.88214e+01
  5.16e-02	  3.18e-02	-1.10507e+02
  5.16e-02	  3.23e-02	-1.19839e+02
  5.16e-02	  3.28e-02	-1.20508e+02
  5.16e-02	  3.33e-02	-1.00387e+02
  5.16e-02	  3.39e-02	1.04212e+01
  5.16e-02	  3.44e-02	1.56261e+02
  5.16e-02	  3.49e-02	4.12629e+02
  5.16e-02	  3.54e-02	8.05171e+02
  5.16e-02	  3.59e-02	1.28950e-29
  5.16e-02	  3.65e-02	1.38352e-62
  5.16e-02	  3.70e-02	2.07526e-95
  5.16e-02	  3.75e-02	3.11285e-128
  5.16e-02	  3.80e-02	4.66920e-161
  5.16e-02	  3.85e-02	7.00369e-194
  5.16e-02	  3.91e-02	1.05053e-226
  5.16e-02	  3.96e-02	1.57577e-259
  5.16e-02	  4.01e-02	2.36361e-292
  5.16e-02	  4.06e-02	0.00000e+00
  5.16e-02	  4.11e-02	0.00000e+00
  5.16e-02	  4.17e-02	0.00000e+00
  5.16e-02	  4.22e-02	0.00000e+00
  5.16e-02	  4.27e-02	0.00000e+00
  5.16e-02	  4.32e-02	0.00000e+00
  5.16e-02	  4.37e-02	0.00000e+00
  5.16e-02	  4.43e-02	0.00000e+00
  5.16e-02	  4.48e-02	0.00000e+00
  5.16e-02	  4.53e-02	0.00000e+00
  5.16e-02	  4.58e-02	0.00000e+00
  5.16e-02	  4.64e-02	0.00000e+00
  5.16e-02	  4.69e-02	0.00000e+00
  5.16e-02	  4.74e-02	0.00000e+00
  5.16e-02	  4.79e-02	0.00000e+00
  5.16e-02	  4.84e-02	0.00000e+00
  5.16e-02	  4.90e-02	0.00000e+00
  5.16e-02	  4.95e-02	0.00000e+00

  5.23e-02	  0.00e+00	0.00000e+00
  5.23e-02	  5.21e-04	0.00000e+00
  5.23e-02	  1.04e-03	0.00000e+00
  5.23e-02	  1.56e-03	0.00000e+00
  5.23e-02	  2.08e-03	0.00000e+00
  5.23e-02	  2.60e-03	0.00000e+00
  5.23e-02	  3.12e-03	0.00000e+00
  5.23e-02	  3.65e-03	0.00000e+00
  5.23e-02	  4.17e-03	0.00000e+00
  5.23e-02	  4.69e-03	-4.03792e-290
  5.23e-02	  5.21e-03	-2.69398e-257
  5.23e-02	  5.73e-03	-1.79729e-224
  5.23e-02	  6.25e-03	-1.19903e-191
  5.23e-02	  6.77e-03	-7.99881e-159
  5.23e-02	  7.29e-03	-5.33591e-126
  5.23e-02	  7.81e-03	-3.55941e-93
  5.23e-02	  8.33e-03	-2.37429e-60
  5.23e-02	  8.85e-03	-1.58417e-27
  5.23e-02	  9.37e-03	-5.03048e+01
  5.23e-02	  9.90e-03	-9.50057e+01
  5.23e-02	  1.04e-02	-1.56754e+02
  5.23e-02	  1.09e-02	-1.42274e+02
  5.23e-02	  1.15e-02	-1.47131e+02
  5.23e-02	  1.20e-02	-1.59893e+02
  5.23e-02	  1.25e-02	-1.14905e+02
  5.23e-02	  1.30e-02	-3.30561e+01
  5.23e-02	  1.35e-02	7.63006e+01
  5.23e-02	  1.41e-02	2.28689e+02
  5.23e-02	  1.46e-02	4.19620e+02
  5.23e-02	  1.51e-02	7.53812e+02
  5.23e-02	  1.56e-02	3.32895e+01
  5.23e-02	  1.61e-02	6.43397e+01
  5.23e-02	  1.67e-02	1.41549e-27
  5.23e-02	  1.72e-02	-4.19397e-124
  5.23e-02	  1.77e-02	-1.28083e-91
  5.23e-02	  1.82e-02	-8.54423e-59
  5.23e-02	  1.88e-02	-1.56239e-27
  5.23e-02	  1.93e-02	-3.76588e+01
  5.23e-02	  1.98e-02	-8.22927e+01
  5.23e-02	  2.03e-02	-1.33501e+02
  5.23e-02	  2.08e-02	-1.24933e+02
  5.23e-02	  2.14e-02	-1.23188e+02
  5.23e-02	  2.19e-02	-1.28670e+02
  5.23e-02	  2.24e-02	-1.31239e+02
  5.23e-02	  2.29e-02	-1.18896e+02
  5.23e-02	  2.34e-02	-3.72512e+01
  5.23e-02	  2.40e-02	1.10739e+02
  5.23e-02	  2.45e-02	2.81439e+02
  5.23e-02	  2.50e-02	4.03133e+02
  5.23e-02	  2.55e-02	7.24295e+02
  5.23e-02	  2.60e-02	1.22865e+02
  5.23e-02	  2.66e-02	1.37208e-27
  5.23e-02	  2.71e-02	7.43410e-95
  5.23e-02	  2.76e-02	-8.36975e-96
  5.23e-02	  2.81e-02	-5.57923e-63
  5.23e-02	  2.86e-02	-3.71903e-30
  5.23e-02	  2.92e-02	-3.13093e+01
  5.23e-02	  2.97e-02	-6.27004e+01
  5.23e-02	  3.02e-02	-1.06209e+02
  5.23e-02	  3.07e-02	-1.02909e+02
  5.23e-02	  3.13e-02	-1.04413e+02
  5.23e-02	  3.18e-02	-1.07143e+02
  5.23e-02	  3.23e-02	-1.12044e+02
  5.23e-02	  3.28e-02	-1.12001e+02
  5.23e-02	  3.33e-02	-9.98166e+01
  5.23e-02	  3.39e-02	-9.58466e+00
  5.23e-02	  3.44e-02	1.58123e+02
  5.23e-02	  3.49e-02	4.24934e+02
  5.23e-02	  3.54e-02	8.22763e+02
  5.23e-02	  3.59e-02	1.40470e+02
  5.23e-02	  3.65e-02	1.39994e-27
  5.23e-02	  3.70e-02	2.29004e-95
  5.23e-02	  3.75e-02	3.43497e-128
  5.23e-02	  3.80e-02	5.15229e-161
  5.23e-02	  3.85e-02	7.72818e-194
  5.23e-02	  3.91e-02	1.15919e-226
  5.23e-02	  3.96e-02	1.73871e-259
  5.23e-02	  4.01e-02	2.60797e-292
  5.23e-02	  4.06e-02	0.00000e+00
  5.23e-02	  4.11e-02	0.00000e+00
  5.23e-02	  4.17e-02	0.00000e+00
  5.23e-02	  4.22e-02	0.00000e+00
  5.23e-02	  4.27e-02	0.00000e+00
  5.23e-02	  4.32e-02	0.00000e+00
  5.23e-02	  4.37e-02	0.00000e+00
  5.23e-02	  4.43e-02	0.00000e+00
  5.23e-02	  4.48e-02	0.00000e+00
  5.23e-02	  4.53e-02	0.00000e+00
  5.23e-02	  4.58e-02	0.00000e+00
  5.23e-02	  4.64e-02	0.00000e+00
  5.23e-02	  4.69e-02	0.00000e+00
  5.23e-02	  4.74e-02	0.00000e+00
  5.23e-02	  4.79e-02	0.00000e+00
  5.23e-02	  4.84e-02	0.00000e+00
  5.23e-02	  4.90e-02	0.00000e+00
  5.23e-02	  4.95e-02	0.00000e+00

  5.31e-02	  0.00e+00	0.00000e+00
  5.31e-02	  5.21e-04	0.00000e+00
  5.31e-02	  1.04e-03	0.00000e+00
  5.31e-02	  1.56e-03	0.00000e+00
  5.31e-02	  2.08e-03	0.00000e+00
  5.31e-02	  2.60e-03	0.00000e+00
  5.31e-02	  3.12e-03	0.00000e+00
  5.31e-02	  3.65e-03	0.00000e+00
  5.31e-02	  4.17e-03	0.00000e+00
  5.31e-02	  4.69e-03	0.00000e+00
  5.31e-02	  5.21e-03	-1.08680e-288
  5.31e-02	  5.73e-03	-7.13084e-256
  5.31e-02	  6.25e-03	-4.67729e-223
  5.31e-02	  6.77e-03	-3.06694e-190
  5.31e-02	  7.29e-03	-2.01035e-157
  5.31e-02	  7.81e-03	-1.31731e-124
  5.31e-02	  8.33e-03	-8.62871e-92
  5.31e-02	  8.85e-03	-5.64996e-59
  5.31e-02	  9.37e-03	-1.60161e-27
  5.31e-02	  9.90e-03	-1.24293e+02
  5.31e-02	  1.04e-02	-1.51408e+02
  5.31e-02	  1.09e-02	-2.26980e+02
  5.31e-02	  1.15e-02	-1.72546e+02
  5.31e-02	  1.20e-02	-1.74710e+02
  5.31e-02	  1.25e-02	-1.43280e+02
  5.31e-02	  1.30e-02	-6.30021e+01
  5.31e-02	  1.35e-02	6.13169e+01
  5.31e-02	  1.41e-02	2.30821e+02
  5.31e-02	  1.46e-02	4.06925e+02
  5.31e-02	  1.51e-02	4.77187e+02
  5.31e-02	  1.56e-02	2.59031e+02
  5.31e-02	  1.61e-02	4.74936e+01
  5.31e-02	  1.67e-02	5.37080e+01
  5.31e-02	  1.72e-02	1.42990e-27
  5.31e-02	  1.77e-02	-6.21020e-124
  5.31e-02	  1.82e-02	-1.93674e-91
  5.31e-02	  1.88e-02	-9.12222e-59
  5.31e-02	  1.93e-02	-1.58396e-27
  5.31e-02	  1.98e-02	-9.82994e+01
  5.31e-02	  2.03e-02	-1.29577e+02
  5.31e-02	  2.08e-02	-1.96773e+02
  5.31e-02	  2.14e-02	-1.53417e+02
  5.31e-02	  2.19e-02	-1.48571e+02
  5.31e-02	  2.24e-02	-1.41749e+02
  5.31e-02	  2.29e-02	-1.26327e+02
  5.31e-02	  2.34e-02	-6.51976e+01
  5.31e-02	  2.40e-02	7.50758e+01
  5.31e-02	  2.45e-02	2.37951e+02
  5.31e-02	  2.50e-02	3.58356e+02
  5.31e-02	  2.55e-02	7.61026e+02
  5.31e-02	  2.60e-02	4.13498e+01
  5.31e-02	  2.66e-02	8.71891e+01
  5.31e-02	  2.71e-02	1.39357e-27
  5.31e-02	  2.76e-02	-4.48123e-124
  5.31e-02	  2.81e-02	-1.46301e-91
  5.31e-02	  2.86e-02	-9.75641e-59
  5.31e-02	  2.92e-02	-1.58852e-27
  5.31e-02	  2.97e-02	-7.62976e+01
  5.31e-02	  3.02e-02	-1.00958e+02
  5.31e-02	  3.07e-02	-1.55796e+02
  5.31e-02	  3.13e-02	-1.32910e+02
  5.31e-02	  3.18e-02	-1.20725e+02
  5.31e-02	  3.23e-02	-1.16610e+02
  5.31e-02	  3.28e-02	-1.12832e+02
  5.31e-02	  3.33e-02	-1.04026e+02
  5.31e-02	  3.39e-02	-4.80144e+01
  5.31e-02	  3.44e-02	9.73646e+01
  5.31e-02	  3.49e-02	3.13582e+02
  5.31e-02	  3.54e-02	8.99616e+02
  5.31e-02	  3.59e-02	6.03004e+01
  5.31e-02	  3.65e-02	9.77714e+01
  5.31e-02	  3.70e-02	1.42940e-27
  5.31e-02	  3.75e-02	-1.33145e-124
  5.31e-02	  3.80e-02	-2.95878e-157
  5.31e-02	  3.85e-02	-6.53877e-190
  5.31e-02	  3.91e-02	-1.41997e-222
  5.31e-02	  3.96e-02	-3.01265e-255
  5.31e-02	  4.01e-02	-6.23559e-288
  5.31e-02	  4.06e-02	0.00000e+00
  5.31e-02	  4.11e-02	0.00000e+00
  5.31e-02	  4.17e-02	0.00000e+00
  5.31e-02	  4.22e-02	0.00000e+00
  5.31e-02	  4.27e-02	0.00000e+00
  5.31e-02	  4.32e-02	0.00000e+00
  5.31e-02	  4.37e-02	0.00000e+00
  5.31e-02	  4.43e-02	0.00000e+00
  5.31e-02	  4.48e-02	0.00000e+00
  5.31e-02	  4.53e-02	0.00000e+00
  5.31e-02	  4.58e-02	0.00000e+00
  5.31e-02	  4.64e-02	0.00000e+00
  5.31e-02	  4.69e-02	0.00000e+00
  5.31e-02	  4.74e-02	0.00000e+00
  5.31e-02	  4.79e-02	0.00000e+00
  5.31e-02	  4.84e-02	0.00000e+00
  5.31e-02	  4.90e-02	0.00000e+00
  5.31e-02	  4.95e-02	0.00000e+00

  5.39e-02	  0.00e+00	0.00000e+00
  5.39e-02	  5.21e-04	0.00000e+00
  5.39e-02	  1.04e-03	0.00000e+00
  5.39e-02	  1.56e-03	0.00000e+00
  5.39e-02	  2.08e-03	0.00000e+00
  5.39e-02	  2.60e-03	0.00000e+00
  5.39e-02	  3.12e-03	0.00000e+00
  5.39e-02	  3.65e-03	0.00000e+00
  5.39e-02	  4.17e-03	0.00000e+00
  5.39e-02	  4.69e-03	0.00000e+00
  5.39e-02	  5.21e-03	0.00000e+00
  5.39e-02	  5.73e-03	-4.24733e-288
  5.39e-02	  6.25e-03	-2.51666e-255
  5.39e-02	  6.77e-03	-1.47104e-222
  5.39e-02	  7.29e-03	-8.45021e-190
  5.39e-02	  7.81e-03	-4.74346e-157
  5.39e-02	  8.33e-03	-2.57869e-124
  5.39e-02	  8.85e-03	-1.33657e-91
  5.39e-02	  9.37e-03	-6.40403e-59
  5.39e-02	  9.90e-03	-1.61382e-27
  5.39e-02	  1.04e-02	-2.14954e+02
  5.39e-02	  1.09e-02	-2.11772e+02
  5.39e-02	  1.15e-02	-2.83836e+02
  5.39e-02	  1.20e-02	-2.37220e+02
  5.39e-02	  1.25e-02	-1.86116e+02
  5.39e-02	  1.30e-02	-1.05864e+02
  5.39e-02	  1.35e-02	2.10152e+01
  5.39e-02	  1.41e-02	1.92722e+02
  5.39e-02	  1.46e-02	3.40391e+02
  5.39e-02	  1.51e-02	3.67857e+02
  5.39e-02	  1.56e-02	2.61201e+02
  5.39e-02	  1.61e-02	1.91224e+02
  5.39e-02	  1.67e-02	4.51170e+01
  5.39e-02	  1.72e-02	4.79561e+01
  5.39e-02	  1.77e-02	1.43724e-27
  5.39e-02	  1.82e-02	-6.82501e-124
  5.39e-02	  1.88e-02	-2.10226e-91
  5.39e-02	  1.93e-02	-9.96938e-59
  5.39e-02	  1.98e-02	-1.60459e-27
  5.39e-02	  2.03e-02	-1.72416e+02
  5.39e-02	  2.08e-02	-1.87385e+02
  5.39e-02	  2.14e-02	-2.47582e+02
  5.39e-02	  2.19e-02	-2.02851e+02
  5.39e-02	  2.24e-02	-1.66470e+02
  5.39e-02	  2.29e-02	-1.39238e+02
  5.39e-02	  2.34e-02	-9.14285e+01
  5.39e-02	  2.40e-02	2.86218e+01
  5.39e-02	  2.45e-02	1.96375e+02
  5.39e-02	  2.50e-02	3.43085e+02
  5.39e-02	  2.55e-02	4.75835e+02
  5.39e-02	  2.60e-02	3.16071e+02
  5.39e-02	  2.66e-02	5.25649e+01
  5.39e-02	  2.71e-02	7.17336e+01
  5.39e-02	  2.76e-02	1.40398e-27
  5.39e-02	  2.81e-02	-6.89589e-124
  5.39e-02	  2.86e-02	-2.23541e-91
  5.39e-02	  2.92e-02	-1.05716e-58
  5.39e-02	  2.97e-02	-1.60448e-27
  5.39e-02	  3.02e-02	-1.29947e+02
  5.39e-02	  3.07e-02	-1.37758e+02
  5.39e-02	  3.13e-02	-2.06235e+02
  5.39e-02	  3.18e-02	-1.56603e+02
  5.39e-02	  3.23e-02	-1.44081e+02
  5.39e-02	  3.28e-02	-1.29946e+02
  5.39e-02	  3.33e-02	-1.13696e+02
  5.39e-02	  3.39e-02	-7.87657e+01
  5.39e-02	  3.44e-02	5.04303e+01
  5.39e-02	  3.49e-02	2.40442e+02
  5.39e-02	  3.54e-02	5.91488e+02
  5.39e-02	  3.59e-02	3.53450e+02
  5.39e-02	  3.65e-02	6.72572e+01
  5.39e-02	  3.70e-02	7.92667e+01
  5.39e-02	  3.75e-02	1.44300e-27
  5.39e-02	  3.80e-02	-1.44504e-124
  5.39e-02	  3.85e-02	-3.15695e-157
  5.39e-02	  3.91e-02	-6.60091e-190
  5.39e-02	  3.96e-02	-1.32704e-222
  5.39e-02	  4.01e-02	-2.58134e-255
  5.39e-02	  4.06e-02	-4.88599e-288
  5.39e-02	  4.11e-02	0.00000e+00
  5.39e-02	  4.17e-02	0.00000e+00
  5.39e-02	  4.22e-02	0.00000e+00
  5.39e-02	  4.27e-02	0.00000e+00
  5.39e-02	  4.32e-02	0.00000e+00
  5.39e-02	  4.37e-02	0.00000e+00
  5.39e-02	  4.43e-02	0.00000e+00
  5.39e-02	  4.48e-02	0.00000e+00
  5.39e-02	  4.53e-02	0.00000e+00
  5.39e-02	  4.58e-02	0.00000e+00
  5.39e-02	  4.64e-02	0.00000e+00
  5.39e-02	  4.69e-02	0.00000e+00
  5.39e-02	  4.74e-02	0.00000e+00
  5.39e-02	  4.79e-02	0.00000e+00
  5.39e-02	  4.84e-02	0.00000e+00
  5.39e-02	  4.90e-02	0.00000e+00
  5.39e-02	  4.95e-02	0.00000e+00

  5.47e-02	  0.00e+00	0.00000e+00
  5.47e-02	  5.21e-04	0.00000e+00
  5.47e-02	  1.04e-03	0.00000e+00
  5.47e-02	  1.56e-03	0.00000e+00
  5.47e-02	  2.08e-03	0.00000e+00
  5.47e-02	  2.60e-03	0.00000e+00
  5.47e-02	  3.12e-03	0.00000e+00
  5.47e-02	  3.65e-03	0.00000e+00
  5.47e-02	  4.17e-03	0.00000e+00
  5.47e-02	  4.69e-03	0.00000e+00
  5.47e-02	  5.21e-03	0.00000e+00
  5.47e-02	  5.73e-03	0.00000e+00
  5.47e-02	  6.25e-03	-8.69176e-288
  5.47e-02	  6.77e-03	-4.68011e-255
  5.47e-02	  7.29e-03	-2.46840e-222
  5.47e-02	  7.81e-03	-1.27110e-189
  5.47e-02	  8.33e-03	-6.37097e-157
  5.47e-02	  8.85e-03	-3.10369e-124
  5.47e-02	  9.37e-03	-1.47622e-91
  5.47e-02	  9.90e-03	-7.00026e-59
  5.47e-02	  1.04e-02	-1.62474e-27
  5.47e-02	  1.09e-02	-3.69228e+02
  5.47e-02	  1.15e-02	-1.99512e+02
  5.47e-02	  1.20e-02	-1.56626e+02
  5.47e-02	  1.25e-02	-1.49856e+02
  5.47e-02	  1.30e-02	-1.18296e+02
  5.47e-02	  1.35e-02	-1.61204e+01
  5.47e-02	  1.41e-02	1.26221e+02
  5.47e-02	  1.46e-02	2.67573e+02
  5.47e-02	  1.51e-02	2.98372e+02
  5.47e-02	  1.56e-02	2.55985e+02
  5.47e-02	  1.61e-02	1.87195e+02
  5.47e-02	  1.67e-02	1.45063e+02
  5.47e-02	  1.72e-02	8.29590e+00
  5.47e-02	  1.77e-02	1.10985e-29
  5.47e-02	  1.82e-02	-8.83880e-92
  5.47e-02	  1.88e-02	-6.18283e-124
  5.47e-02	  1.93e-02	-2.30630e-91
  5.47e-02	  1.98e-02	-1.09538e-58
  5.47e-02	  2.03e-02	-1.63155e-27
  5.47e-02	  2.08e-02	-3.12666e+02
  5.47e-02	  2.14e-02	-1.76214e+02
  5.47e-02	  2.19e-02	-1.43290e+02
  5.47e-02	  2.24e-02	-1.37418e+02
  5.47e-02	  2.29e-02	-1.25606e+02
  5.47e-02	  2.34e-02	-9.90467e+01
  5.47e-02	  2.40e-02	-1.56028e+01
  5.47e-02	  2.45e-02	1.35808e+02
  5.47e-02	  2.50e-02	2.78707e+02
  5.47e-02	  2.55e-02	3.50602e+02
  5.47e-02	  2.60e-02	2.83029e+02
  5.47e-02	  2.66e-02	2.34194e+02
  5.47e-02	  2.71e-02	4.44512e+01
  5.47e-02	  2.76e-02	5.96485e+01
  5.47e-02	  2.81e-02	1.40803e-27
  5.47e-02	  2.86e-02	-7.67428e-124
  5.47e-02	  2.92e-02	-2.41161e-91
  5.47e-02	  2.97e-02	-1.13844e-58
  5.47e-02	  3.02e-02	-1.61643e-27
  5.47e-02	  3.07e-02	-1.88351e+02
  5.47e-02	  3.13e-02	-1.83489e+02
  5.47e-02	  3.18e-02	-2.42277e+02
  5.47e-02	  3.23e-02	-1.96249e+02
  5.47e-02	  3.28e-02	-1.56985e+02
  5.47e-02	  3.33e-02	-1.27319e+02
  5.47e-02	  3.39e-02	-9.82019e+01
  5.47e-02	  3.44e-02	-8.23898e-01
  5.47e-02	  3.49e-02	1.56920e+02
  5.47e-02	  3.54e-02	3.79940e+02
  5.47e-02	  3.59e-02	3.45712e+02
  5.47e-02	  3.65e-02	2.60869e+02
  5.47e-02	  3.70e-02	5.62493e+01
  5.47e-02	  3.75e-02	6.70756e+01
  5.47e-02	  3.80e-02	1.44929e-27
  5.47e-02	  3.85e-02	-1.48680e-124
  5.47e-02	  3.91e-02	-2.80411e-157
  5.47e-02	  3.96e-02	-5.06587e-190
  5.47e-02	  4.01e-02	-8.88650e-223
  5.47e-02	  4.06e-02	-1.52583e-255
  5.47e-02	  4.11e-02	-2.57757e-288
  5.47e-02	  4.17e-02	0.00000e+00
  5.47e-02	  4.22e-02	0.00000e+00
  5.47e-02	  4.27e-02	0.00000e+00
  5.47e-02	  4.32e-02	0.00000e+00
  5.47e-02	  4.37e-02	0.00000e+00
  5.47e-02	  4.43e-02	0.00000e+00
  5.47e-02	  4.48e-02	0.00000e+00
  5.47e-02	  4.53e-02	0.00000e+00
  5.47e-02	  4.58e-02	0.00000e+00
  5.47e-02	  4.64e-02	0.00000e+00
  5.47e-02	  4.69e-02	0.00000e+00
  5.47e-02	  4.74e-02	0.00000e+00
  5.47e-02	  4.79e-02	0.00000e+00
  5.47e-02	  4.84e-02	0.00000e+00
  5.47e-02	  4.90e-02	0.00000e+00
  5.47e-02	  4.95e-02	0.00000e+00

  5.55e-02	  0.00e+00	0.00000e+00
  5.55e-02	  5.21e-04	0.00000e+00
  5.55e-02	  1.04e-03	0.00000e+00
  5.55e-02	  1.56e-03	0.00000e+00
  5.55e-02	  2.08e-03	0.00000e+00
  5.55e-02	  2.60e-03	0.00000e+00
  5.55e-02	  3.12e-03	0.00000e+00
  5.55e-02	  3.65e-03	0.00000e+00
  5.55e-02	  4.17e-03	0.00000e+00
  5.55e-02	  4.69e-03	0.00000e+00
  5.55e-02	  5.21e-03	0.00000e+00
  5.55e-02	  5.73e-03	0.00000e+00
  5.55e-02	  6.25e-03	-5.40602e-292
  5.55e-02	  6.77e-03	-3.60396e-259
  5.55e-02	  7.29e-03	-2.40261e-226
  5.55e-02	  7.81e-03	-1.60172e-193
  5.55e-02	  8.33e-03	-1.06781e-160
  5.55e-02	  8.85e-03	-7.11869e-128
  5.55e-02	  9.37e-03	-4.74578e-95
  5.55e-02	  9.90e-03	-3.16384e-62
  5.55e-02	  1.04e-02	-2.10923e-29
  5.55e-02	  1.09e-02	-2.10270e+02
  5.55e-02	  1.15e-02	-2.12471e+02
  5.55e-02	  1.20e-02	-3.04990e+02
  5.55e-02	  1.25e-02	-2.24636e+02
  5.55e-02	  1.30e-02	-1.72305e+02
  5.55e-02	  1.35e-02	-7.80252e+01
  5.55e-02	  1.41e-02	4.89810e+01
  5.55e-02	  1.46e-02	1.83260e+02
  5.55e-02	  1.51e-02	2.41247e+02
  5.55e-02	  1.56e-02	2.35512e+02
  5.55e-02	  1.61e-02	1.99298e+02
  5.55e-02	  1.67e-02	1.65147e+02
  5.55e-02	  1.72e-02	1.61109e+02
  5.55e-02	  1.77e-02	6.86301e+01
  5.55e-02	  1.82e-02	1.43066e-27
  5.55e-02	  1.88e-02	2.01755e-95
  5.55e-02	  1.93e-02	-6.10957e-95
  5.55e-02	  1.98e-02	-4.07316e-62
  5.55e-02	  2.03e-02	-2.71551e-29
  5.55e-02	  2.08e-02	-1.80102e+02
  5.55e-02	  2.14e-02	-1.87934e+02
  5.55e-02	  2.19e-02	-2.70868e+02
  5.55e-02	  2.24e-02	-2.06347e+02
  5.55e-02	  2.29e-02	-1.65859e+02
  5.55e-02	  2.34e-02	-1.25647e+02
  5.55e-02	  2.40e-02	-6.10299e+01
  5.55e-02	  2.45e-02	6.26289e+01
  5.55e-02	  2.50e-02	1.98263e+02
  5.55e-02	  2.55e-02	2.67660e+02
  5.55e-02	  2.60e-02	2.52950e+02
  5.55e-02	  2.66e-02	2.00006e+02
  5.55e-02	  2.71e-02	1.71398e+02
  5.55e-02	  2.76e-02	-6.28093e-01
  5.55e-02	  2.81e-02	1.34419e-29
  5.55e-02	  2.86e-02	-9.69085e-92
  5.55e-02	  2.92e-02	-6.93416e-124
  5.55e-02	  2.97e-02	-2.58405e-91
  5.55e-02	  3.02e-02	-1.21730e-58
  5.55e-02	  3.07e-02	-1.63436e-27
  5.55e-02	  3.13e-02	-3.04812e+02
  5.55e-02	  3.18e-02	-1.64532e+02
  5.55e-02	  3.23e-02	-1.34056e+02
  5.55e-02	  3.28e-02	-1.28043e+02
  5.55e-02	  3.33e-02	-1.16192e+02
  5.55e-02	  3.39e-02	-9.78371e+01
  5.55e-02	  3.44e-02	-4.12448e+01
  5.55e-02	  3.49e-02	8.27632e+01
  5.55e-02	  3.54e-02	2.33902e+02
  5.55e-02	  3.59e-02	2.99506e+02
  5.55e-02	  3.65e-02	2.46219e+02
  5.55e-02	  3.70e-02	1.94713e+02
  5.55e-02	  3.75e-02	5.47139e+00
  5.55e-02	  3.80e-02	8.02429e-30
  5.55e-02	  3.85e-02	-5.75806e-92
  5.55e-02	  3.91e-02	-8.63158e-125
  5.55e-02	  3.96e-02	-1.29387e-157
  5.55e-02	  4.01e-02	-1.93946e-190
  5.55e-02	  4.06e-02	-2.90709e-223
  5.55e-02	  4.11e-02	-4.35736e-256
  5.55e-02	  4.17e-02	-6.53094e-289
  5.55e-02	  4.22e-02	0.00000e+00
  5.55e-02	  4.27e-02	0.00000e+00
  5.55e-02	  4.32e-02	0.00000e+00
  5.55e-02	  4.37e-02	0.00000e+00
  5.55e-02	  4.43e-02	0.00000e+00
  5.55e-02	  4.48e-02	0.00000e+00
  5.55e-02	  4.53e-02	0.00000e+00
  5.55e-02	  4.58e-02	0.00000e+00
  5.55e-02	  4.64e-02	0.00000e+00
  5.55e-02	  4.69e-02	0.00000e+00
  5.55e-02	  4.74e-02	0.00000e+00
  5.55e-02	  4.79e-02	0.00000e+00
  5.55e-02	  4.84e-02	0.00000e+00
  5.55e-02	  4.90e-02	0.00000e+00
  5.55e-02	  4.95e-02	0.00000e+00

  5.62e-02	  0.00e+00	0.00000e+00
  5.62e-02	  5.21e-04	0.00000e+00
  5.62e-02	  1.04e-03	0.00000e+00
  5.62e-02	  1.56e-03	0.00000e+00
  5.62e-02	  2.08e-03	0.00000e+00
  5.62e-02	  2.60e-03	0.00000e+00
  5.62e-02	  3.12e-03	0.00000e+00
  5.62e-02	  3.65e-03	0.00000e+00
  5.62e-02	  4.17e-03	0.00000e+00
  5.62e-02	  4.69e-03	0.00000e+00
  5.62e-02	  5.21e-03	0.00000e+00
  5.62e-02	  5.73e-03	0.00000e+00
  5.62e-02	  6.25e-03	0.00000e+00
  5.62e-02	  6.77e-03	-1.47695e-288
  5.62e-02	  7.29e-03	-9.85166e-256
  5.62e-02	  7.81e-03	-6.57112e-223
  5.62e-02	  8.33e-03	-4.38283e-190
  5.62e-02	  8.85e-03	-2.92319e-157
  5.62e-02	  9.37e-03	-1.94959e-124
  5.62e-02	  9.90e-03	-1.30022e-91
  5.62e-02	  1.04e-02	-8.67116e-59
  5.62e-02	  1.09e-02	-1.60125e-27
  5.62e-02	  1.15e-02	-2.79868e+02
  5.62e-02	  1.20e-02	-2.34438e+02
  5.62e-02	  1.25e-02	-3.41663e+02
  5.62e-02	  1.30e-02	-2.38561e+02
  5.62e-02	  1.35e-02	-1.48887e+02
  5.62e-02	  1.41e-02	-3.44010e+01
  5.62e-02	  1.46e-02	8.99455e+01
  5.62e-02	  1.51e-02	1.71126e+02
  5.62e-02	  1.56e-02	1.86082e+02
  5.62e-02	  1.61e-02	1.76665e+02
  5.62e-02	  1.67e-02	1.63838e+02
  5.62e-02	  1.72e-02	2.57081e+02
  5.62e-02	  1.77e-02	2.50612e+01
  5.62e-02	  1.82e-02	5.14662e+01
  5.62e-02	  1.88e-02	1.43124e-27
  5.62e-02	  1.93e-02	-6.50116e-124
  5.62e-02	  1.98e-02	-1.90377e-91
  5.62e-02	  2.03e-02	-1.26978e-58
  5.62e-02	  2.08e-02	-1.60317e-27
  5.62e-02	  2.14e-02	-2.43477e+02
  5.62e-02	  2.19e-02	-2.12613e+02
  5.62e-02	  2.24e-02	-3.09437e+02
  5.62e-02	  2.29e-02	-2.26514e+02
  5.62e-02	  2.34e-02	-1.65064e+02
  5.62e-02	  2.40e-02	-1.06908e+02
  5.62e-02	  2.45e-02	-1.05685e+01
  5.62e-02	  2.50e-02	1.13765e+02
  5.62e-02	  2.55e-02	1.98255e+02
  5.62e-02	  2.60e-02	2.17037e+02
  5.62e-02	  2.66e-02	1.98893e+02
  5.62e-02	  2.71e-02	1.73761e+02
  5.62e-02	  2.76e-02	1.78948e+02
  5.62e-02	  2.81e-02	6.97503e+01
  5.62e-02	  2.86e-02	1.39436e-27
  5.62e-02	  2.92e-02	2.86348e-95
  5.62e-02	  2.97e-02	-6.10565e-95
  5.62e-02	  3.02e-02	-4.07021e-62
  5.62e-02	  3.07e-02	-2.71332e-29
  5.62e-02	  3.13e-02	-1.66964e+02
  5.62e-02	  3.18e-02	-1.72750e+02
  5.62e-02	  3.23e-02	-2.47321e+02
  5.62e-02	  3.28e-02	-1.89826e+02
  5.62e-02	  3.33e-02	-1.53274e+02
  5.62e-02	  3.39e-02	-1.19309e+02
  5.62e-02	  3.44e-02	-7.64387e+01
  5.62e-02	  3.49e-02	1.25816e+01
  5.62e-02	  3.54e-02	1.34353e+02
  5.62e-02	  3.59e-02	2.37417e+02
  5.62e-02	  3.65e-02	2.34743e+02
  5.62e-02	  3.70e-02	1.97596e+02
  5.62e-02	  3.75e-02	1.98670e+02
  5.62e-02	  3.80e-02	8.10753e+01
  5.62e-02	  3.85e-02	1.43534e-27
  5.62e-02	  3.91e-02	1.83502e-95
  5.62e-02	  3.96e-02	2.75306e-128
  5.62e-02	  4.01e-02	4.13033e-161
  5.62e-02	  4.06e-02	6.19653e-194
  5.62e-02	  4.11e-02	9.29628e-227
  5.62e-02	  4.17e-02	1.39465e-259
  5.62e-02	  4.22e-02	2.09228e-292
  5.62e-02	  4.27e-02	0.00000e+00
  5.62e-02	  4.32e-02	0.00000e+00
  5.62e-02	  4.37e-02	0.00000e+00
  5.62e-02	  4.43e-02	0.00000e+00
  5.62e-02	  4.48e-02	0.00000e+00
  5.62e-02	  4.53e-02	0.00000e+00
  5.62e-02	  4.58e-02	0.00000e+00
  5.62e-02	  4.64e-02	0.00000e+00
  5.62e-02	  4.69e-02	0.00000e+00
  5.62e-02	  4.74e-02	0.00000e+00
  5.62e-02	  4.79e-02	0.00000e+00
  5.62e-02	  4.84e-02	0.00000e+00
  5.62e-02	  4.90e-02	0.00000e+00
  5.62e-02	  4.95e-02	0.00000e+00

  5.70e-02	  0.00e+00	0.00000e+00
  5.70e-02	  5.21e-04	0.00000e+00
  5.70e-02	  1.04e-03	0.00000e+00
  5.70e-02	  1.56e-03	0.00000e+00
  5.70e-02	  2.08e-03	0.00000e+00
  5.70e-02	  2.60e-03	0.00000e+00
  5.70e-02	  3.12e-03	0.00000e+00
  5.70e-02	  3.65e-03	0.00000e+00
  5.70e-02	  4.17e-03	0.00000e+00
  5.70e-02	  4.69e-03	0.00000e+00
  5.70e-02	  5.21e-03	0.00000e+00
  5.70e-02	  5.73e-03	0.00000e+00
  5.70e-02	  6.25e-03	0.00000e+00
  5.70e-02	  6.77e-03	0.00000e+00
  5.70e-02	  7.29e-03	-6.19242e-288
  5.70e-02	  7.81e-03	-3.69334e-255
  5.70e-02	  8.33e-03	-2.17184e-222
  5.70e-02	  8.85e-03	-1.25403e-189
  5.70e-02	  9.37e-03	-7.06607e-157
  5.70e-02	  9.90e-03	-3.84694e-124
  5.70e-02	  1.04e-02	-1.98815e-91
  5.70e-02	  1.09e-02	-9.40726e-59
  5.70e-02	  1.15e-02	-1.59062e-27
  5.70e-02	  1.20e-02	-3.37207e+02
  5.70e-02	  1.25e-02	-2.69433e+02
  5.70e-02	  1.30e-02	-3.83673e+02
  5.70e-02	  1.35e-02	-2.19712e+02
  5.70e-02	  1.41e-02	-1.26898e+02
  5.70e-02	  1.46e-02	-6.41286e+00
  5.70e-02	  1.51e-02	9.40252e+01
  5.70e-02	  1.56e-02	1.38106e+02
  5.70e-02	  1.61e-02	1.52171e+02
  5.70e-02	  1.67e-02	1.55990e+02
  5.70e-02	  1.72e-02	1.65016e+02
  5.70e-02	  1.77e-02	1.56222e+02
  5.70e-02	  1.82e-02	1.36688e+01
  5.70e-02	  1.88e-02	3.51858e+01
  5.70e-02	  1.93e-02	1.43195e-27
  5.70e-02	  1.98e-02	-9.79786e-124
  5.70e-02	  2.03e-02	-2.85480e-91
  5.70e-02	  2.08e-02	-1.34002e-58
  5.70e-02	  2.14e-02	-1.59586e-27
  5.70e-02	  2.19e-02	-2.98538e+02
  5.70e-02	  2.24e-02	-2.48921e+02
  5.70e-02	  2.29e-02	-3.56761e+02
  5.70e-02	  2.34e-02	-2.22131e+02
  5.70e-02	  2.40e-02	-1.67166e+02
  5.70e-02	  2.45e-02	-8.49319e+01
  5.70e-02	  2.50e-02	2.76001e+01
  5.70e-02	  2.55e-02	1.22644e+02
  5.70e-02	  2.60e-02	1.60803e+02
  5.70e-02	  2.66e-02	1.64727e+02
  5.70e-02	  2.71e-02	1.63391e+02
  5.70e-02	  2.76e-02	2.71978e+02
  5.70e-02	  2.81e-02	1.09258e+01
  5.70e-02	  2.86e-02	4.52737e+01
  5.70e-02	  2.92e-02	1.39446e-27
  5.70e-02	  2.97e-02	-7.45064e-124
  5.70e-02	  3.02e-02	-2.02306e-91
  5.70e-02	  3.07e-02	-1.34900e-58
  5.70e-02	  3.13e-02	-1.59392e-27
  5.70e-02	  3.18e-02	-2.18693e+02
  5.70e-02	  3.23e-02	-1.91157e+02
  5.70e-02	  3.28e-02	-2.78593e+02
  5.70e-02	  3.33e-02	-2.05762e+02
  5.70e-02	  3.39e-02	-1.53219e+02
  5.70e-02	  3.44e-02	-1.10437e+02
  5.70e-02	  3.49e-02	-4.86263e+01
  5.70e-02	  3.54e-02	5.02180e+01
  5.70e-02	  3.59e-02	1.53780e+02
  5.70e-02	  3.65e-02	1.77619e+02
  5.70e-02	  3.70e-02	1.83581e+02
  5.70e-02	  3.75e-02	3.18600e+02
  5.70e-02	  3.80e-02	1.26711e+01
  5.70e-02	  3.85e-02	5.29127e+01
  5.70e-02	  3.91e-02	1.43537e-27
  5.70e-02	  3.96e-02	-3.11614e-124
  5.70e-02	  4.01e-02	-7.01164e-157
  5.70e-02	  4.06e-02	-1.49655e-189
  5.70e-02	  4.11e-02	-3.05456e-222
  5.70e-02	  4.17e-02	-6.01204e-255
  5.70e-02	  4.22e-02	-1.14894e-287
  5.70e-02	  4.27e-02	-9.48606e-321
  5.70e-02	  4.32e-02	0.00000e+00
  5.70e-02	  4.37e-02	0.00000e+00
  5.70e-02	  4.43e-02	0.00000e+00
  5.70e-02	  4.48e-02	0.00000e+00
  5.70e-02	  4.53e-02	0.00000e+00
  5.70e-02	  4.58e-02	0.00000e+00
  5.70e-02	  4.64e-02	0.00000e+00
  5.70e-02	  4.69e-02	0.00000e+00
  5.70e-02	  4.74e-02	0.00000e+00
  5.70e-02	  4.79e-02	0.00000e+00
  5.70e-02	  4.84e-02	0.00000e+00
  5.70e-02	  4.90e-02	0.00000e+00
  5.70e-02	  4.95e-02	0.00000e+00

  5.78e-02	  0.00e+00	0.00000e+00
  5.78e-02	  5.21e-04	0.00000e+00
  5.78e-02	  1.04e-03	0.00000e+00
  5.78e-02	  1.56e-03	0.00000e+00
  5.78e-02	  2.08e-03	0.00000e+00
  5.78e-02	  2.60e-03	0.00000e+00
  5.78e-02	  3.12e-03	0.00000e+00
  5.78e-02	  3.65e-03	0.00000e+00
  5.78e-02	  4.17e-03	0.00000e+00
  5.78e-02	  4.69e-03	0.00000e+00
  5.78e-02	  5.21e-03	0.00000e+00
  5.78e-02	  5.73e-03	0.00000e+00
  5.78e-02	  6.25e-03	0.00000e+00
  5.78e-02	  6.77e-03	0.00000e+00
  5.78e-02	  7.29e-03	-2.84582e-320
  5.78e-02	  7.81e-03	-1.27630e-287
  5.78e-02	  8.33e-03	-6.87322e-255
  5.78e-02	  8.85e-03	-3.61998e-222
  5.78e-02	  9.37e-03	-1.85753e-189
  5.78e-02	  9.90e-03	-9.25064e-157
  5.78e-02	  1.04e-02	-4.46092e-124
  5.78e-02	  1.09e-02	-2.09196e-91
  5.78e-02	  1.15e-02	-9.77269e-59
  5.78e-02	  1.20e-02	-1.57163e-27
  5.78e-02	  1.25e-02	-4.13562e+02
  5.78e-02	  1.30e-02	-3.39847e+02
  5.78e-02	  1.35e-02	-4.09562e+02
  5.78e-02	  1.41e-02	-2.80114e+02
  5.78e-02	  1.46e-02	-1.16721e+02
  5.78e-02	  1.51e-02	1.91903e+01
  5.78e-02	  1.56e-02	9.41207e+01
  5.78e-02	  1.61e-02	1.24852e+02
  5.78e-02	  1.67e-02	1.33952e+02
  5.78e-02	  1.72e-02	1.28377e+02
  5.78e-02	  1.77e-02	1.09357e+02
  5.78e-02	  1.82e-02	1.02293e+02
  5.78e-02	  1.88e-02	-1.74776e+00
  5.78e-02	  1.93e-02	1.77526e+01
  5.78e-02	  1.98e-02	1.43394e-27
  5.78e-02	  2.03e-02	-1.06204e-123
  5.78e-02	  2.08e-02	-2.91626e-91
  5.78e-02	  2.14e-02	-1.34981e-58
  5.78e-02	  2.19e-02	-1.57940e-27
  5.78e-02	  2.24e-02	-3.71975e+02
  5.78e-02	  2.29e-02	-3.22564e+02
  5.78e-02	  2.34e-02	-3.91412e+02
  5.78e-02	  2.40e-02	-2.96223e+02
  5.78e-02	  2.45e-02	-1.76156e+02
  5.78e-02	  2.50e-02	-5.05194e+01
  5.78e-02	  2.55e-02	5.78046e+01
  5.78e-02	  2.60e-02	1.18396e+02
  5.78e-02	  2.66e-02	1.41297e+02
  5.78e-02	  2.71e-02	1.48992e+02
  5.78e-02	  2.76e-02	1.56824e+02
  5.78e-02	  2.81e-02	1.36790e+02
  5.78e-02	  2.86e-02	-4.91500e+00
  5.78e-02	  2.92e-02	2.12072e+01
  5.78e-02	  2.97e-02	1.39768e-27
  5.78e-02	  3.02e-02	-1.11012e-123
  5.78e-02	  3.07e-02	-2.99859e-91
  5.78e-02	  3.13e-02	-1.40021e-58
  5.78e-02	  3.18e-02	-1.58722e-27
  5.78e-02	  3.23e-02	-2.64916e+02
  5.78e-02	  3.28e-02	-2.25299e+02
  5.78e-02	  3.33e-02	-3.23721e+02
  5.78e-02	  3.39e-02	-2.00583e+02
  5.78e-02	  3.44e-02	-1.59483e+02
  5.78e-02	  3.49e-02	-1.06231e+02
  5.78e-02	  3.54e-02	-2.24263e+01
  5.78e-02	  3.59e-02	8.22504e+01
  5.78e-02	  3.65e-02	1.41071e+02
  5.78e-02	  3.70e-02	1.69136e+02
  5.78e-02	  3.75e-02	1.87634e+02
  5.78e-02	  3.80e-02	1.61576e+02
  5.78e-02	  3.85e-02	-2.93437e+00
  5.78e-02	  3.91e-02	2.73539e+01
  5.78e-02	  3.96e-02	1.43630e-27
  5.78e-02	  4.01e-02	-3.50941e-124
  5.78e-02	  4.06e-02	-6.67947e-157
  5.78e-02	  4.11e-02	-1.21622e-189
  5.78e-02	  4.17e-02	-2.14876e-222
  5.78e-02	  4.22e-02	-3.71415e-255
  5.78e-02	  4.27e-02	-6.31427e-288
  5.78e-02	  4.32e-02	0.00000e+00
  5.78e-02	  4.37e-02	0.00000e+00
  5.78e-02	  4.43e-02	0.00000e+00
  5.78e-02	  4.48e-02	0.00000e+00
  5.78e-02	  4.53e-02	0.00000e+00
  5.78e-02	  4.58e-02	0.00000e+00
  5.78e-02	  4.64e-02	0.00000e+00
  5.78e-02	  4.69e-02	0.00000e+00
  5.78e-02	  4.74e-02	0.00000e+00
  5.78e-02	  4.79e-02	0.00000e+00
  5.78e-02	  4.84e-02	0.00000e+00
  5.78e-02	  4.90e-02	0.00000e+00
  5.78e-02	  4.95e-02	0.00000e+00

  5.86e-02	  0.00e+00	0.00000e+00
  5.86e-02	  5.21e-04	0.00000e+00
  5.86e-02	  1.04e-03	0.00000e+00
  5.86e-02	  1.56e-03	0.00000e+00
  5.86e-02	  2.08e-03	0.00000e+00
  5.86e-02	  2.60e-03	0.00000e+00
  5.86e-02	  3.12e-03	0.00000e+00
  5.86e-02	  3.65e-03	0.00000e+00
  5.86e-02	  4.17e-03	0.00000e+00
  5.86e-02	  4.69e-03	0.00000e+00
  5.86e-02	  5.21e-03	0.00000e+00
  5.86e-02	  5.73e-03	0.00000e+00
  5.86e-02	  6.25e-03	0.00000e+00
  5.86e-02	  6.77e-03	0.00000e+00
  5.86e-02	  7.29e-03	0.00000e+00
  5.86e-02	  7.81e-03	-2.84582e-320
  5.86e-02	  8.33e-03	-1.79486e-287
  5.86e-02	  8.85e-03	-8.91945e-255
  5.86e-02	  9.37e-03	-4.34147e-222
  5.86e-02	  9.90e-03	-2.07062e-189
  5.86e-02	  1.04e-02	-9.70124e-157
  5.86e-02	  1.09e-02	-4.48865e-124
  5.86e-02	  1.15e-02	-2.06433e-91
  5.86e-02	  1.20e-02	-9.42600e-59
  5.86e-02	  1.25e-02	-1.55637e-27
  5.86e-02	  1.30e-02	-6.77824e+02
  5.86e-02	  1.35e-02	-2.82032e+02
  5.86e-02	  1.41e-02	-1.90298e+02
  5.86e-02	  1.46e-02	-9.64384e+01
  5.86e-02	  1.51e-02	7.03481e+00
  5.86e-02	  1.56e-02	7.77807e+01
  5.86e-02	  1.61e-02	1.09164e+02
  5.86e-02	  1.67e-02	1.14978e+02
  5.86e-02	  1.72e-02	1.05126e+02
  5.86e-02	  1.77e-02	8.70900e+01
  5.86e-02	  1.82e-02	6.60360e+01
  5.86e-02	  1.88e-02	5.14293e+01
  5.86e-02	  1.93e-02	-1.65290e+01
  5.86e-02	  1.98e-02	1.17828e-29
  5.86e-02	  2.03e-02	-1.64069e-91
  5.86e-02	  2.08e-02	-8.64377e-124
  5.86e-02	  2.14e-02	-2.82936e-91
  5.86e-02	  2.19e-02	-1.28750e-58
  5.86e-02	  2.24e-02	-1.58023e-27
  5.86e-02	  2.29e-02	-6.29348e+02
  5.86e-02	  2.34e-02	-2.73593e+02
  5.86e-02	  2.40e-02	-1.97477e+02
  5.86e-02	  2.45e-02	-1.36803e+02
  5.86e-02	  2.50e-02	-5.43155e+01
  5.86e-02	  2.55e-02	3.44346e+01
  5.86e-02	  2.60e-02	9.61115e+01
  5.86e-02	  2.66e-02	1.21222e+02
  5.86e-02	  2.71e-02	1.24339e+02
  5.86e-02	  2.76e-02	1.13984e+02
  5.86e-02	  2.81e-02	8.80140e+01
  5.86e-02	  2.86e-02	6.74891e+01
  5.86e-02	  2.92e-02	-1.98960e+01
  5.86e-02	  2.97e-02	-4.49055e-17
  5.86e-02	  3.02e-02	1.41250e-27
  5.86e-02	  3.07e-02	-1.18519e-123
  5.86e-02	  3.13e-02	-3.02089e-91
  5.86e-02	  3.18e-02	-1.39234e-58
  5.86e-02	  3.23e-02	-1.57541e-27
  5.86e-02	  3.28e-02	-3.35047e+02
  5.86e-02	  3.33e-02	-3.02839e+02
  5.86e-02	  3.39e-02	-3.61225e+02
  5.86e-02	  3.44e-02	-2.78770e+02
  5.86e-02	  3.49e-02	-1.85802e+02
  5.86e-02	  3.54e-02	-8.48271e+01
  5.86e-02	  3.59e-02	2.71400e+01
  5.86e-02	  3.65e-02	1.07304e+02
  5.86e-02	  3.70e-02	1.37327e+02
  5.86e-02	  3.75e-02	1.31735e+02
  5.86e-02	  3.80e-02	9.97712e+01
  5.86e-02	  3.85e-02	7.72212e+01
  5.86e-02	  3.91e-02	-2.54561e+01
  5.86e-02	  3.96e-02	-7.81811e-17
  5.86e-02	  4.01e-02	1.45057e-27
  5.86e-02	  4.06e-02	-2.12585e-124
  5.86e-02	  4.11e-02	-3.22024e-157
  5.86e-02	  4.17e-02	-4.87733e-190
  5.86e-02	  4.22e-02	-7.38613e-223
  5.86e-02	  4.27e-02	-1.11839e-255
  5.86e-02	  4.32e-02	-1.69322e-288
  5.86e-02	  4.37e-02	0.00000e+00
  5.86e-02	  4.43e-02	0.00000e+00
  5.86e-02	  4.48e-02	0.00000e+00
  5.86e-02	  4.53e-02	0.00000e+00
  5.86e-02	  4.58e-02	0.00000e+00
  5.86e-02	  4.64e-02	0.00000e+00
  5.86e-02	  4.69e-02	0.00000e+00
  5.86e-02	  4.74e-02	0.00000e+00
  5.86e-02	  4.79e-02	0.00000e+00
  5.86e-02	  4.84e-02	0.00000e+00
  5.86e-02	  4.90e-02	0.00000e+00
  5.86e-02	  4.95e-02	0.00000e+00

  5.94e-02	  0.00e+00	0.00000e+00
  5.94e-02	  5.21e-04	0.00000e+00
  5.94e-02	  1.04e-03	0.00000e+00
  5.94e-02	  1.56e-03	0.00000e+00
  5.94e-02	  2.08e-03	0.00000e+00
  5.94e-02	  2.60e-03	0.00000e+00
  5.94e-02	  3.12e-03	0.00000e+00
  5.94e-02	  3.65e-03	0.00000e+00
  5.94e-02	  4.17e-03	0.00000e+00
  5.94e-02	  4.69e-03	0.00000e+00
  5.94e-02	  5.21e-03	0.00000e+00
  5.94e-02	  5.73e-03	0.00000e+00
  5.94e-02	  6.25e-03	0.00000e+00
  5.94e-02	  6.77e-03	0.00000e+00
  5.94e-02	  7.29e-03	0.00000e+00
  5.94e-02	  7.81e-03	0.00000e+00
  5.94e-02	  8.33e-03	-1.49971e-291
  5.94e-02	  8.85e-03	-9.99785e-259
  5.94e-02	  9.37e-03	-6.66510e-226
  5.94e-02	  9.90e-03	-4.44332e-193
  5.94e-02	  1.04e-02	-2.96217e-160
  5.94e-02	  1.09e-02	-1.97475e-127
  5.94e-02	  1.15e-02	-1.31648e-94
  5.94e-02	  1.20e-02	-8.77637e-62
  5.94e-02	  1.25e-02	-5.85082e-29
  5.94e-02	  1.30e-02	-5.63106e+02
  5.94e-02	  1.35e-02	-2.93616e+02
  5.94e-02	  1.41e-02	-2.16531e+02
  5.94e-02	  1.46e-02	-1.15827e+02
  5.94e-02	  1.51e-02	-9.24564e+00
  5.94e-02	  1.56e-02	6.46820e+01
  5.94e-02	  1.61e-02	9.64498e+01
  5.94e-02	  1.67e-02	1.00242e+02
  5.94e-02	  1.72e-02	9.17077e+01
  5.94e-02	  1.77e-02	7.78045e+01
  5.94e-02	  1.82e-02	6.09455e+01
  5.94e-02	  1.88e-02	3.92077e+01
  5.94e-02	  1.93e-02	1.97443e+01
  5.94e-02	  1.98e-02	1.92086e-29
  5.94e-02	  2.03e-02	9.46361e-63
  5.94e-02	  2.08e-02	1.41963e-95
  5.94e-02	  2.14e-02	-1.78604e-94
  5.94e-02	  2.19e-02	-1.19071e-61
  5.94e-02	  2.24e-02	-7.93813e-29
  5.94e-02	  2.29e-02	-5.42794e+02
  5.94e-02	  2.34e-02	-2.70832e+02
  5.94e-02	  2.40e-02	-2.15517e+02
  5.94e-02	  2.45e-02	-1.46845e+02
  5.94e-02	  2.50e-02	-6.40291e+01
  5.94e-02	  2.55e-02	2.05133e+01
  5.94e-02	  2.60e-02	8.03947e+01
  5.94e-02	  2.66e-02	1.04545e+02
  5.94e-02	  2.71e-02	1.07532e+02
  5.94e-02	  2.76e-02	9.78870e+01
  5.94e-02	  2.81e-02	7.92902e+01
  5.94e-02	  2.86e-02	5.48683e+01
  5.94e-02	  2.92e-02	2.38872e+01
  5.94e-02	  2.97e-02	4.49055e-17
  5.94e-02	  3.02e-02	-1.41250e-27
  5.94e-02	  3.07e-02	-1.97460e-91
  5.94e-02	  3.13e-02	-9.33831e-124
  5.94e-02	  3.18e-02	-2.91085e-91
  5.94e-02	  3.23e-02	-1.32242e-58
  5.94e-02	  3.28e-02	-1.58824e-27
  5.94e-02	  3.33e-02	-6.03505e+02
  5.94e-02	  3.39e-02	-3.74510e+02
  5.94e-02	  3.44e-02	-2.73476e+02
  5.94e-02	  3.49e-02	-1.84149e+02
  5.94e-02	  3.54e-02	-9.00584e+01
  5.94e-02	  3.59e-02	1.27208e+01
  5.94e-02	  3.65e-02	9.03160e+01
  5.94e-02	  3.70e-02	1.14346e+02
  5.94e-02	  3.75e-02	1.08065e+02
  5.94e-02	  3.80e-02	8.56619e+01
  5.94e-02	  3.85e-02	5.54789e+01
  5.94e-02	  3.91e-02	3.03977e+01
  5.94e-02	  3.96e-02	7.81811e-17
  5.94e-02	  4.01e-02	-1.45057e-27
  5.94e-02	  4.06e-02	-3.24007e-93
  5.94e-02	  4.11e-02	-4.85689e-126
  5.94e-02	  4.17e-02	-7.28031e-159
  5.94e-02	  4.22e-02	-1.09126e-191
  5.94e-02	  4.27e-02	-1.63566e-224
  5.94e-02	  4.32e-02	-2.45159e-257
  5.94e-02	  4.37e-02	-3.67442e-290
  5.94e-02	  4.43e-02	0.00000e+00
  5.94e-02	  4.48e-02	0.00000e+00
  5.94e-02	  4.53e-02	0.00000e+00
  5.94e-02	  4.58e-02	0.00000e+00
  5.94e-02	  4.64e-02	0.00000e+00
  5.94e-02	  4.69e-02	0.00000e+00
  5.94e-02	  4.74e-02	0.00000e+00
  5.94e-02	  4.79e-02	0.00000e+00
  5.94e-02	  4.84e-02	0.00000e+00
  5.94e-02	  4.90e-02	0.00000e+00
  5.94e-02	  4.95e-02	0.00000e+00

  6.02e-02	  0.00e+00	0.00000e+00
  6.02e-02	  5.21e-04	0.00000e+00
  6.02e-02	  1.04e-03	0.00000e+00
  6.02e-02	  1.56e-03	0.00000e+00
  6.02e-02	  2.08e-03	0.00000e+00
  6.02e-02	  2.60e-03	0.00000e+00
  6.02e-02	  3.12e-03	0.00000e+00
  6.02e-02	  3.65e-03	0.00000e+00
  6.02e-02	  4.17e-03	0.00000e+00
  6.02e-02	  4.69e-03	0.00000e+00
  6.02e-02	  5.21e-03	0.00000e+00
  6.02e-02	  5.73e-03	0.00000e+00
  6.02e-02	  6.25e-03	0.00000e+00
  6.02e-02	  6.77e-03	0.00000e+00
  6.02e-02	  7.29e-03	0.00000e+00
  6.02e-02	  7.81e-03	0.00000e+00
  6.02e-02	  8.33e-03	-1.50742e-291
  6.02e-02	  8.85e-03	-1.00492e-258
  6.02e-02	  9.37e-03	-6.69935e-226
  6.02e-02	  9.90e-03	-4.46614e-193
  6.02e-02	  1.04e-02	-2.97737e-160
  6.02e-02	  1.09e-02	-1.98487e-127
  6.02e-02	  1.15e-02	-1.32322e-94
  6.02e-02	  1.20e-02	-8.82130e-62
  6.02e-02	  1.25e-02	-5.88073e-29
  6.02e-02	  1.30e-02	-5.61471e+02
  6.02e-02	  1.35e-02	-3.94962e+02
  6.02e-02	  1.41e-02	-3.00974e+02
  6.02e-02	  1.46e-02	-1.59037e+02
  6.02e-02	  1.51e-02	-2.90505e+01
  6.02e-02	  1.56e-02	5.30794e+01
  6.02e-02	  1.61e-02	8.68518e+01
  6.02e-02	  1.67e-02	9.51248e+01
  6.02e-02	  1.72e-02	9.34300e+01
  6.02e-02	  1.77e-02	8.78299e+01
  6.02e-02	  1.82e-02	8.01147e+01
  6.02e-02	  1.88e-02	6.67295e+01
  6.02e-02	  1.93e-02	6.16707e+01
  6.02e-02	  1.98e-02	-1.45153e-27
  6.02e-02	  2.03e-02	1.06415e-62
  6.02e-02	  2.08e-02	1.59631e-95
  6.02e-02	  2.14e-02	-1.82457e-94
  6.02e-02	  2.19e-02	-1.21637e-61
  6.02e-02	  2.24e-02	-8.10903e-29
  6.02e-02	  2.29e-02	-5.46303e+02
  6.02e-02	  2.34e-02	-3.82660e+02
  6.02e-02	  2.40e-02	-3.06793e+02
  6.02e-02	  2.45e-02	-1.95929e+02
  6.02e-02	  2.50e-02	-8.46416e+01
  6.02e-02	  2.55e-02	9.36963e+00
  6.02e-02	  2.60e-02	7.03299e+01
  6.02e-02	  2.66e-02	1.01093e+02
  6.02e-02	  2.71e-02	1.12048e+02
  6.02e-02	  2.76e-02	1.11068e+02
  6.02e-02	  2.81e-02	9.99112e+01
  6.02e-02	  2.86e-02	8.59647e+01
  6.02e-02	  2.92e-02	7.31834e+01
  6.02e-02	  2.97e-02	-8.79860e-31
  6.02e-02	  3.02e-02	1.34265e-58
  6.02e-02	  3.07e-02	2.01313e-91
  6.02e-02	  3.13e-02	7.76154e-124
  6.02e-02	  3.18e-02	2.04848e-91
  6.02e-02	  3.23e-02	8.77663e-59
  6.02e-02	  3.28e-02	-1.93282e-28
  6.02e-02	  3.33e-02	-6.55411e+02
  6.02e-02	  3.39e-02	-3.31166e+02
  6.02e-02	  3.44e-02	-2.43047e+02
  6.02e-02	  3.49e-02	-1.57444e+02
  6.02e-02	  3.54e-02	-6.71822e+01
  6.02e-02	  3.59e-02	2.47098e+01
  6.02e-02	  3.65e-02	9.05421e+01
  6.02e-02	  3.70e-02	1.16948e+02
  6.02e-02	  3.75e-02	1.20424e+02
  6.02e-02	  3.80e-02	1.10741e+02
  6.02e-02	  3.85e-02	9.67360e+01
  6.02e-02	  3.91e-02	9.50660e+01
  6.02e-02	  3.96e-02	-4.81216e-30
  6.02e-02	  4.01e-02	2.18836e-60
  6.02e-02	  4.06e-02	3.28051e-93
  6.02e-02	  4.11e-02	4.91758e-126
  6.02e-02	  4.17e-02	7.37138e-159
  6.02e-02	  4.22e-02	1.10493e-191
  6.02e-02	  4.27e-02	1.65617e-224
  6.02e-02	  4.32e-02	2.48236e-257
  6.02e-02	  4.37e-02	3.72060e-290
  6.02e-02	  4.43e-02	0.00000e+00
  6.02e-02	  4.48e-02	0.00000e+00
  6.02e-02	  4.53e-02	0.00000e+00
  6.02e-02	  4.58e-02	0.00000e+00
  6.02e-02	  4.64e-02	0.00000e+00
  6.02e-02	  4.69e-02	0.00000e+00
  6.02e-02	  4.74e-02	0.00000e+00
  6.02e-02	  4.79e-02	0.00000e+00
  6.02e-02	  4.84e-02	0.00000e+00
  6.02e-02	  4.90e-02	0.00000e+00
  6.02e-02	  4.95e-02	0.00000e+00

  6.09e-02	  0.00e+00	0.00000e+00
  6.09e-02	  5.21e-04	0.00000e+00
  6.09e-02	  1.04e-03	0.00000e+00
  6.09e-02	  1.56e-03	0.00000e+00
  6.09e-02	  2.08e-03	0.00000e+00
  6.09e-02	  2.60e-03	0.00000e+00
  6.09e-02	  3.12e-03	0.00000e+00
  6.09e-02	  3.65e-03	0.00000e+00
  6.09e-02	  4.17e-03	0.00000e+00
  6.09e-02	  4.69e-03	0.00000e+00
  6.09e-02	  5.21e-03	0.00000e+00
  6.09e-02	  5.73e-03	0.00000e+00
  6.09e-02	  6.25e-03	0.00000e+00
  6.09e-02	  6.77e-03	0.00000e+00
  6.09e-02	  7.29e-03	0.00000e+00
  6.09e-02	  7.81e-03	3.79442e-320
  6.09e-02	  8.33e-03	1.96961e-287
  6.09e-02	  8.85e-03	9.43198e-255
  6.09e-02	  9.37e-03	4.38762e-222
  6.09e-02	  9.90e-03	1.98143e-189
  6.09e-02	  1.04e-02	8.71317e-157
  6.09e-02	  1.09e-02	3.76581e-124
  6.09e-02	  1.15e-02	1.62287e-91
  6.09e-02	  1.20e-02	6.97724e-59
  6.09e-02	  1.25e-02	-1.54432e-28
  6.09e-02	  1.30e-02	-7.23590e+02
  6.09e-02	  1.35e-02	-3.10051e+02
  6.09e-02	  1.41e-02	-2.21982e+02
  6.09e-02	  1.46e-02	-1.15256e+02
  6.09e-02	  1.51e-02	-9.12398e+00
  6.09e-02	  1.56e-02	6.05589e+01
  6.09e-02	  1.61e-02	9.43211e+01
  6.09e-02	  1.67e-02	1.11751e+02
  6.09e-02	  1.72e-02	1.20462e+02
  6.09e-02	  1.77e-02	1.23254e+02
  6.09e-02	  1.82e-02	1.27152e+02
  6.09e-02	  1.88e-02	1.45315e+02
  6.09e-02	  1.93e-02	3.50940e-29
  6.09e-02	  1.98e-02	1.27885e-58
  6.09e-02	  2.03e-02	1.91741e-91
  6.09e-02	  2.08e-02	7.65499e-124
  6.09e-02	  2.14e-02	2.05006e-91
  6.09e-02	  2.19e-02	8.70145e-59
  6.09e-02	  2.24e-02	-2.04081e-28
  6.09e-02	  2.29e-02	-7.05959e+02
  6.09e-02	  2.34e-02	-3.11110e+02
  6.09e-02	  2.40e-02	-2.32639e+02
  6.09e-02	  2.45e-02	-1.49211e+02
  6.09e-02	  2.50e-02	-5.80745e+01
  6.09e-02	  2.55e-02	2.29719e+01
  6.09e-02	  2.60e-02	8.20886e+01
  6.09e-02	  2.66e-02	1.20986e+02
  6.09e-02	  2.71e-02	1.48214e+02
  6.09e-02	  2.76e-02	1.64677e+02
  6.09e-02	  2.81e-02	1.53826e+02
  6.09e-02	  2.86e-02	1.79476e+02
  6.09e-02	  2.92e-02	4.85193e-29
  6.09e-02	  2.97e-02	1.45330e-58
  6.09e-02	  3.02e-02	3.07380e-91
  6.09e-02	  3.07e-02	1.16496e-123
  6.09e-02	  3.13e-02	2.51038e-91
  6.09e-02	  3.18e-02	1.09987e-58
  6.09e-02	  3.23e-02	-9.96608e-29
  6.09e-02	  3.28e-02	-3.34949e+02
  6.09e-02	  3.33e-02	-3.78895e+02
  6.09e-02	  3.39e-02	-3.06918e+02
  6.09e-02	  3.44e-02	-2.21987e+02
  6.09e-02	  3.49e-02	-1.28355e+02
  6.09e-02	  3.54e-02	-3.49948e+01
  6.09e-02	  3.59e-02	5.12276e+01
  6.09e-02	  3.65e-02	1.15904e+02
  6.09e-02	  3.70e-02	1.57734e+02
  6.09e-02	  3.75e-02	1.81945e+02
  6.09e-02	  3.80e-02	1.76966e+02
  6.09e-02	  3.85e-02	2.15309e+02
  6.09e-02	  3.91e-02	5.28056e-29
  6.09e-02	  3.96e-02	1.17589e-58
  6.09e-02	  4.01e-02	1.77811e-91
  6.09e-02	  4.06e-02	2.68849e-124
  6.09e-02	  4.11e-02	4.06457e-157
  6.09e-02	  4.17e-02	6.14438e-190
  6.09e-02	  4.22e-02	9.28747e-223
  6.09e-02	  4.27e-02	1.40370e-255
  6.09e-02	  4.32e-02	2.12134e-288
  6.09e-02	  4.37e-02	0.00000e+00
  6.09e-02	  4.43e-02	0.00000e+00
  6.09e-02	  4.48e-02	0.00000e+00
  6.09e-02	  4.53e-02	0.00000e+00
  6.09e-02	  4.58e-02	0.00000e+00
  6.09e-02	  4.64e-02	0.00000e+00
  6.09e-02	  4.69e-02	0.00000e+00
  6.09e-02	  4.74e-02	0.00000e+00
  6.09e-02	  4.79e-02	0.00000e+00
  6.09e-02	  4.84e-02	0.00000e+00
  6.09e-02	  4.90e-02	0.00000e+00
  6.09e-02	  4.95e-02	0.00000e+00

  6.17e-02	  0.00e+00	0.00000e+00
  6.17e-02	  5.21e-04	0.00000e+00
  6.17e-02	  1.04e-03	0.00000e+00
  6.17e-02	  1.56e-03	0.00000e+00
  6.17e-02	  2.08e-03	0.00000e+00
  6.17e-02	  2.60e-03	0.00000e+00
  6.17e-02	  3.12e-03	0.00000e+00
  6.17e-02	  3.65e-03	0.00000e+00
  6.17e-02	  4.17e-03	0.00000e+00
  6.17e-02	  4.69e-03	0.00000e+00
  6.17e-02	  5.21e-03	0.00000e+00
  6.17e-02	  5.73e-03	0.00000e+00
  6.17e-02	  6.25e-03	0.00000e+00
  6.17e-02	  6.77e-03	0.00000e+00
  6.17e-02	  7.29e-03	2.84582e-320
  6.17e-02	  7.81e-03	1.58217e-287
  6.17e-02	  8.33e-03	8.35528e-255
  6.17e-02	  8.85e-03	4.29082e-222
  6.17e-02	  9.37e-03	2.12977e-189
  6.17e-02	  9.90e-03	1.01446e-156
  6.17e-02	  1.04e-02	4.60802e-124
  6.17e-02	  1.09e-02	2.00180e-91
  6.17e-02	  1.15e-02	8.66256e-59
  6.17e-02	  1.20e-02	-8.49117e-29
  6.17e-02	  1.25e-02	-3.84249e+02
  6.17e-02	  1.30e-02	-4.13784e+02
  6.17e-02	  1.35e-02	-2.95716e+02
  6.17e-02	  1.41e-02	-1.80873e+02
  6.17e-02	  1.46e-02	-7.05368e+01
  6.17e-02	  1.51e-02	2.16616e+01
  6.17e-02	  1.56e-02	8.36741e+01
  6.17e-02	  1.61e-02	1.25092e+02
  6.17e-02	  1.67e-02	1.57822e+02
  6.17e-02	  1.72e-02	1.83708e+02
  6.17e-02	  1.77e-02	1.87528e+02
  6.17e-02	  1.82e-02	2.41805e+02
  6.17e-02	  1.88e-02	7.94787e-29
  6.17e-02	  1.93e-02	1.39973e-58
  6.17e-02	  1.98e-02	2.95074e-91
  6.17e-02	  2.03e-02	1.15380e-123
  6.17e-02	  2.08e-02	2.56495e-91
  6.17e-02	  2.14e-02	1.12019e-58
  6.17e-02	  2.19e-02	-1.19642e-28
  6.17e-02	  2.24e-02	-3.89207e+02
  6.17e-02	  2.29e-02	-3.96074e+02
  6.17e-02	  2.34e-02	-2.89660e+02
  6.17e-02	  2.40e-02	-1.93318e+02
  6.17e-02	  2.45e-02	-1.02179e+02
  6.17e-02	  2.50e-02	-1.80576e+01
  6.17e-02	  2.55e-02	5.21115e+01
  6.17e-02	  2.60e-02	1.05934e+02
  6.17e-02	  2.66e-02	1.51612e+02
  6.17e-02	  2.71e-02	2.03160e+02
  6.17e-02	  2.76e-02	2.71749e+02
  6.17e-02	  2.81e-02	3.01359e+02
  6.17e-02	  2.86e-02	1.13323e-28
  6.17e-02	  2.92e-02	1.61156e-58
  6.17e-02	  2.97e-02	3.38490e-91
  6.17e-02	  3.02e-02	1.29310e-123
  6.17e-02	  3.07e-02	2.90671e-91
  6.17e-02	  3.13e-02	1.29320e-58
  6.17e-02	  3.18e-02	-8.46745e-29
  6.17e-02	  3.23e-02	-2.81995e+02
  6.17e-02	  3.28e-02	-2.52205e+02
  6.17e-02	  3.33e-02	-2.70746e+02
  6.17e-02	  3.39e-02	-2.38397e+02
  6.17e-02	  3.44e-02	-1.69659e+02
  6.17e-02	  3.49e-02	-8.21359e+01
  6.17e-02	  3.54e-02	7.66329e+00
  6.17e-02	  3.59e-02	8.77383e+01
  6.17e-02	  3.65e-02	1.55481e+02
  6.17e-02	  3.70e-02	2.22375e+02
  6.17e-02	  3.75e-02	3.04622e+02
  6.17e-02	  3.80e-02	3.49376e+02
  6.17e-02	  3.85e-02	1.14870e-28
  6.17e-02	  3.91e-02	1.33401e-58
  6.17e-02	  3.96e-02	2.78447e-91
  6.17e-02	  4.01e-02	5.36107e-124
  6.17e-02	  4.06e-02	9.83173e-157
  6.17e-02	  4.11e-02	1.74529e-189
  6.17e-02	  4.17e-02	3.02671e-222
  6.17e-02	  4.22e-02	5.15763e-255
  6.17e-02	  4.27e-02	8.66930e-288
  6.17e-02	  4.32e-02	0.00000e+00
  6.17e-02	  4.37e-02	0.00000e+00
  6.17e-02	  4.43e-02	0.00000e+00
  6.17e-02	  4.48e-02	0.00000e+00
  6.17e-02	  4.53e-02	0.00000e+00
  6.17e-02	  4.58e-02	0.00000e+00
  6.17e-02	  4.64e-02	0.00000e+00
  6.17e-02	  4.69e-02	0.00000e+00
  6.17e-02	  4.74e-02	0.00000e+00
  6.17e-02	  4.79e-02	0.00000e+00
  6.17e-02	  4.84e-02	0.00000e+00
  6.17e-02	  4.90e-02	0.00000e+00
  6.17e-02	  4.95e-02	0.00000e+00

  6.25e-02	  0.00e+00	0.00000e+00
  6.25e-02	  5.21e-04	0.00000e+00
  6.25e-02	  1.04e-03	0.00000e+00
  6.25e-02	  1.56e-03	0.00000e+00
  6.25e-02	  2.08e-03	0.00000e+00
  6.25e-02	  2.60e-03	0.00000e+00
  6.25e-02	  3.12e-03	0.00000e+00
  6.25e-02	  3.65e-03	0.00000e+00
  6.25e-02	  4.17e-03	0.00000e+00
  6.25e-02	  4.69e-03	0.00000e+00
  6.25e-02	  5.21e-03	0.00000e+00
  6.25e-02	  5.73e-03	0.00000e+00
  6.25e-02	  6.25e-03	0.00000e+00
  6.25e-02	  6.77e-03	0.00000e+00
  6.25e-02	  7.29e-03	8.37174e-288
  6.25e-02	  7.81e-03	4.96087e-255
  6.25e-02	  8.33e-03	2.89247e-222
  6.25e-02	  8.85e-03	1.65100e-189
  6.25e-02	  9.37e-03	9.15288e-157
  6.25e-02	  9.90e-03	4.86288e-124
  6.25e-02	  1.04e-02	2.41388e-91
  6.25e-02	  1.09e-02	1.05596e-58
  6.25e-02	  1.15e-02	-7.30978e-29
  6.25e-02	  1.20e-02	-3.13840e+02
  6.25e-02	  1.25e-02	-2.80104e+02
  6.25e-02	  1.30e-02	-2.90161e+02
  6.25e-02	  1.35e-02	-2.25981e+02
  6.25e-02	  1.41e-02	-1.24388e+02
  6.25e-02	  1.46e-02	-2.36378e+01
  6.25e-02	  1.51e-02	5.55507e+01
  6.25e-02	  1.56e-02	1.12130e+02
  6.25e-02	  1.61e-02	1.60342e+02
  6.25e-02	  1.67e-02	2.16877e+02
  6.25e-02	  1.72e-02	2.93446e+02
  6.25e-02	  1.77e-02	3.43491e+02
  6.25e-02	  1.82e-02	1.31314e-28
  6.25e-02	  1.88e-02	1.51983e-58
  6.25e-02	  1.93e-02	3.21137e-91
  6.25e-02	  1.98e-02	1.27609e-123
  6.25e-02	  2.03e-02	2.99267e-91
  6.25e-02	  2.08e-02	1.33060e-58
  6.25e-02	  2.14e-02	-1.07417e-28
  6.25e-02	  2.19e-02	-3.20721e+02
  6.25e-02	  2.24e-02	-2.73692e+02
  6.25e-02	  2.29e-02	-2.72864e+02
  6.25e-02	  2.34e-02	-2.17514e+02
  6.25e-02	  2.40e-02	-1.35634e+02
  6.25e-02	  2.45e-02	-5.04814e+01
  6.25e-02	  2.50e-02	2.37432e+01
  6.25e-02	  2.55e-02	8.10064e+01
  6.25e-02	  2.60e-02	1.21901e+02
  6.25e-02	  2.66e-02	1.51356e+02
  6.25e-02	  2.71e-02	1.79921e+02
  6.25e-02	  2.76e-02	3.47607e+02
  6.25e-02	  2.81e-02	1.61519e-27
  6.25e-02	  2.86e-02	1.81189e-58
  6.25e-02	  2.92e-02	3.79085e-91
  6.25e-02	  2.97e-02	1.12034e-123
  6.25e-02	  3.02e-02	2.17813e-91
  6.25e-02	  3.07e-02	1.45363e-58
  6.25e-02	  3.13e-02	1.08457e-27
  6.25e-02	  3.18e-02	-1.92795e+02
  6.25e-02	  3.23e-02	-1.67944e+02
  6.25e-02	  3.28e-02	-1.88980e+02
  6.25e-02	  3.33e-02	-1.93850e+02
  6.25e-02	  3.39e-02	-1.64819e+02
  6.25e-02	  3.44e-02	-1.03757e+02
  6.25e-02	  3.49e-02	-2.67266e+01
  6.25e-02	  3.54e-02	4.87920e+01
  6.25e-02	  3.59e-02	1.10641e+02
  6.25e-02	  3.65e-02	1.55828e+02
  6.25e-02	  3.70e-02	1.95381e+02
  6.25e-02	  3.75e-02	3.87646e+02
  6.25e-02	  3.80e-02	1.62218e-27
  6.25e-02	  3.85e-02	1.50683e-58
  6.25e-02	  3.91e-02	3.14910e-91
  6.25e-02	  3.96e-02	6.57876e-124
  6.25e-02	  4.01e-02	1.34393e-156
  6.25e-02	  4.06e-02	2.67071e-189
  6.25e-02	  4.11e-02	5.16819e-222
  6.25e-02	  4.17e-02	9.76716e-255
  6.25e-02	  4.22e-02	1.80832e-287
  6.25e-02	  4.27e-02	1.89721e-320
  6.25e-02	  4.32e-02	0.00000e+00
  6.25e-02	  4.37e-02	0.00000e+00
  6.25e-02	  4.43e-02	0.00000e+00
  6.25e-02	  4.48e-02	0.00000e+00
  6.25e-02	  4.53e-02	0.00000e+00
  6.25e-02	  4.58e-02	0.00000e+00
  6.25e-02	  4.64e-02	0.00000e+00
  6.25e-02	  4.69e-02	0.00000e+00
  6.25e-02	  4.74e-02	0.00000e+00
  6.25e-02	  4.79e-02	0.00000e+00
  6.25e-02	  4.84e-02	0.00000e+00
  6.25e-02	  4.90e-02	0.00000e+00
  6.25e-02	  4.95e-02	0.00000e+00

  6.33e-02	  0.00e+00	0.00000e+00
  6.33e-02	  5.21e-04	0.00000e+00
  6.33e-02	  1.04e-03	0.00000e+00
  6.33e-02	  1.56e-03	0.00000e+00
  6.33e-02	  2.08e-03	0.00000e+00
  6.33e-02	  2.60e-03	0.00000e+00
  6.33e-02	  3.12e-03	0.00000e+00
  6.33e-02	  3.65e-03	0.00000e+00
  6.33e-02	  4.17e-03	0.00000e+00
  6.33e-02	  4.69e-03	0.00000e+00
  6.33e-02	  5.21e-03	0.00000e+00
  6.33e-02	  5.73e-03	0.00000e+00
  6.33e-02	  6.25e-03	0.00000e+00
  6.33e-02	  6.77e-03	2.11300e-288
  6.33e-02	  7.29e-03	1.41071e-255
  6.33e-02	  7.81e-03	9.41795e-223
  6.33e-02	  8.33e-03	6.28714e-190
  6.33e-02	  8.85e-03	4.19690e-157
  6.33e-02	  9.37e-03	2.80146e-124
  6.33e-02	  9.90e-03	1.86992e-91
  6.33e-02	  1.04e-02	1.24807e-58
  6.33e-02	  1.09e-02	1.10972e-27
  6.33e-02	  1.15e-02	-2.10097e+02
  6.33e-02	  1.20e-02	-1.83387e+02
  6.33e-02	  1.25e-02	-2.03899e+02
  6.33e-02	  1.30e-02	-1.99098e+02
  6.33e-02	  1.35e-02	-1.44691e+02
  6.33e-02	  1.41e-02	-5.94353e+01
  6.33e-02	  1.46e-02	2.33565e+01
  6.33e-02	  1.51e-02	8.43695e+01
  6.33e-02	  1.56e-02	1.26052e+02
  6.33e-02	  1.61e-02	1.56610e+02
  6.33e-02	  1.67e-02	1.88018e+02
  6.33e-02	  1.72e-02	3.64168e+02
  6.33e-02	  1.77e-02	1.60941e-27
  6.33e-02	  1.82e-02	1.64560e-58
  6.33e-02	  1.88e-02	3.47999e-91
  6.33e-02	  1.93e-02	1.07223e-123
  6.33e-02	  1.98e-02	2.24660e-91
  6.33e-02	  2.03e-02	1.49978e-58
  6.33e-02	  2.08e-02	9.70598e-28
  6.33e-02	  2.14e-02	-2.15052e+02
  6.33e-02	  2.19e-02	-1.83220e+02
  6.33e-02	  2.24e-02	-1.95186e+02
  6.33e-02	  2.29e-02	-1.85389e+02
  6.33e-02	  2.34e-02	-1.39631e+02
  6.33e-02	  2.40e-02	-6.81075e+01
  6.33e-02	  2.45e-02	8.94218e+00
  6.33e-02	  2.50e-02	7.73694e+01
  6.33e-02	  2.55e-02	1.32743e+02
  6.33e-02	  2.60e-02	1.78039e+02
  6.33e-02	  2.66e-02	2.19196e+02
  6.33e-02	  2.71e-02	2.46950e+02
  6.33e-02	  2.76e-02	2.96498e+02
  6.33e-02	  2.81e-02	-1.28707e-27
  6.33e-02	  2.86e-02	7.99493e-62
  6.33e-02	  2.92e-02	1.19945e-94
  6.33e-02	  2.97e-02	-1.05027e-94
  6.33e-02	  3.02e-02	-7.00228e-62
  6.33e-02	  3.07e-02	-4.66843e-29
  6.33e-02	  3.13e-02	-1.69370e+02
  6.33e-02	  3.18e-02	-2.62859e+02
  6.33e-02	  3.23e-02	-2.36358e+02
  6.33e-02	  3.28e-02	-1.97181e+02
  6.33e-02	  3.33e-02	-1.56565e+02
  6.33e-02	  3.39e-02	-1.03670e+02
  6.33e-02	  3.44e-02	-3.53978e+01
  6.33e-02	  3.49e-02	4.00709e+01
  6.33e-02	  3.54e-02	1.11671e+02
  6.33e-02	  3.59e-02	1.73441e+02
  6.33e-02	  3.65e-02	2.26996e+02
  6.33e-02	  3.70e-02	2.63228e+02
  6.33e-02	  3.75e-02	3.19728e+02
  6.33e-02	  3.80e-02	-1.31618e-27
  6.33e-02	  3.85e-02	7.32331e-62
  6.33e-02	  3.91e-02	1.09874e-94
  6.33e-02	  3.96e-02	1.64846e-127
  6.33e-02	  4.01e-02	2.47322e-160
  6.33e-02	  4.06e-02	3.71062e-193
  6.33e-02	  4.11e-02	5.56709e-226
  6.33e-02	  4.17e-02	8.35238e-259
  6.33e-02	  4.22e-02	1.25312e-291
  6.33e-02	  4.27e-02	0.00000e+00
  6.33e-02	  4.32e-02	0.00000e+00
  6.33e-02	  4.37e-02	0.00000e+00
  6.33e-02	  4.43e-02	0.00000e+00
  6.33e-02	  4.48e-02	0.00000e+00
  6.33e-02	  4.53e-02	0.00000e+00
  6.33e-02	  4.58e-02	0.00000e+00
  6.33e-02	  4.64e-02	0.00000e+00
  6.33e-02	  4.69e-02	0.00000e+00
  6.33e-02	  4.74e-02	0.00000e+00
  6.33e-02	  4.79e-02	0.00000e+00
  6.33e-02	  4.84e-02	0.00000e+00
  6.33e-02	  4.90e-02	0.00000e+00
  6.33e-02	  4.95e-02	0.00000e+00

  6.41e-02	  0.00e+00	0.00000e+00
  6.41e-02	  5.21e-04	0.00000e+00
  6.41e-02	  1.04e-03	0.00000e+00
  6.41e-02	  1.56e-03	0.00000e+00
  6.41e-02	  2.08e-03	0.00000e+00
  6.41e-02	  2.60e-03	0.00000e+00
  6.41e-02	  3.12e-03	0.00000e+00
  6.41e-02	  3.65e-03	0.00000e+00
  6.41e-02	  4.17e-03	0.00000e+00
  6.41e-02	  4.69e-03	0.00000e+00
  6.41e-02	  5.21e-03	0.00000e+00
  6.41e-02	  5.73e-03	0.00000e+00
  6.41e-02	  6.25e-03	-1.07301e-291
  6.41e-02	  6.77e-03	-7.15574e-259
  6.41e-02	  7.29e-03	-4.77207e-226
  6.41e-02	  7.81e-03	-3.18244e-193
  6.41e-02	  8.33e-03	-2.12233e-160
  6.41e-02	  8.85e-03	-1.41536e-127
  6.41e-02	  9.37e-03	-9.43880e-95
  6.41e-02	  9.90e-03	-6.29457e-62
  6.41e-02	  1.04e-02	-4.19772e-29
  6.41e-02	  1.09e-02	-1.79153e+02
  6.41e-02	  1.15e-02	-2.71475e+02
  6.41e-02	  1.20e-02	-2.45089e+02
  6.41e-02	  1.25e-02	-2.02501e+02
  6.41e-02	  1.30e-02	-1.50471e+02
  6.41e-02	  1.35e-02	-7.80675e+01
  6.41e-02	  1.41e-02	3.74954e+00
  6.41e-02	  1.46e-02	7.62888e+01
  6.41e-02	  1.51e-02	1.32530e+02
  6.41e-02	  1.56e-02	1.77385e+02
  6.41e-02	  1.61e-02	2.18433e+02
  6.41e-02	  1.67e-02	2.46648e+02
  6.41e-02	  1.72e-02	2.94477e+02
  6.41e-02	  1.77e-02	-1.30301e-27
  6.41e-02	  1.82e-02	7.09232e-62
  6.41e-02	  1.88e-02	1.06388e-94
  6.41e-02	  1.93e-02	-1.28277e-94
  6.41e-02	  1.98e-02	-8.55315e-62
  6.41e-02	  2.03e-02	-5.70302e-29
  6.41e-02	  2.08e-02	-1.78628e+02
  6.41e-02	  2.14e-02	-2.68516e+02
  6.41e-02	  2.19e-02	-2.39850e+02
  6.41e-02	  2.24e-02	-1.94559e+02
  6.41e-02	  2.29e-02	-1.43991e+02
  6.41e-02	  2.34e-02	-8.00558e+01
  6.41e-02	  2.40e-02	-4.21071e+00
  6.41e-02	  2.45e-02	7.32042e+01
  6.41e-02	  2.50e-02	1.41837e+02
  6.41e-02	  2.55e-02	1.95517e+02
  6.41e-02	  2.60e-02	2.36027e+02
  6.41e-02	  2.66e-02	2.83695e+02
  6.41e-02	  2.71e-02	3.82159e+02
  6.41e-02	  2.76e-02	2.13460e-28
  6.41e-02	  2.81e-02	2.01667e-58
  6.41e-02	  2.86e-02	3.02434e-91
  6.41e-02	  2.92e-02	1.22338e-123
  6.41e-02	  2.97e-02	3.41517e-91
  6.41e-02	  3.02e-02	1.50907e-58
  6.41e-02	  3.07e-02	-1.90937e-28
  6.41e-02	  3.13e-02	-4.09355e+02
  6.41e-02	  3.18e-02	-1.99564e+02
  6.41e-02	  3.23e-02	-1.66263e+02
  6.41e-02	  3.28e-02	-1.33466e+02
  6.41e-02	  3.33e-02	-8.93025e+01
  6.41e-02	  3.39e-02	-3.01957e+01
  6.41e-02	  3.44e-02	4.14000e+01
  6.41e-02	  3.49e-02	1.16170e+02
  6.41e-02	  3.54e-02	1.81881e+02
  6.41e-02	  3.59e-02	2.34059e+02
  6.41e-02	  3.65e-02	2.90423e+02
  6.41e-02	  3.70e-02	3.99185e+02
  6.41e-02	  3.75e-02	1.97165e-28
  6.41e-02	  3.80e-02	1.73908e-58
  6.41e-02	  3.85e-02	2.60846e-91
  6.41e-02	  3.91e-02	3.91235e-124
  6.41e-02	  3.96e-02	5.86786e-157
  6.41e-02	  4.01e-02	8.80057e-190
  6.41e-02	  4.06e-02	1.31987e-222
  6.41e-02	  4.11e-02	1.97942e-255
  6.41e-02	  4.17e-02	2.96849e-288
  6.41e-02	  4.22e-02	0.00000e+00
  6.41e-02	  4.27e-02	0.00000e+00
  6.41e-02	  4.32e-02	0.00000e+00
  6.41e-02	  4.37e-02	0.00000e+00
  6.41e-02	  4.43e-02	0.00000e+00
  6.41e-02	  4.48e-02	0.00000e+00
  6.41e-02	  4.53e-02	0.00000e+00
  6.41e-02	  4.58e-02	0.00000e+00
  6.41e-02	  4.64e-02	0.00000e+00
  6.41e-02	  4.69e-02	0.00000e+00
  6.41e-02	  4.74e-02	0.00000e+00
  6.41e-02	  4.79e-02	0.00000e+00
  6.41e-02	  4.84e-02	0.00000e+00
  6.41e-02	  4.90e-02	0.00000e+00
  6.41e-02	  4.95e-02	0.00000e+00

  6.48e-02	  0.00e+00	0.00000e+00
  6.48e-02	  5.21e-04	0.00000e+00
  6.48e-02	  1.04e-03	0.00000e+00
  6.48e-02	  1.56e-03	0.00000e+00
  6.48e-02	  2.08e-03	0.00000e+00
  6.48e-02	  2.60e-03	0.00000e+00
  6.48e-02	  3.12e-03	0.00000e+00
  6.48e-02	  3.65e-03	0.00000e+00
  6.48e-02	  4.17e-03	0.00000e+00
  6.48e-02	  4.69e-03	0.00000e+00
  6.48e-02	  5.21e-03	0.00000e+00
  6.48e-02	  5.73e-03	2.84582e-320
  6.48e-02	  6.25e-03	2.54615e-287
  6.48e-02	  6.77e-03	1.34682e-254
  6.48e-02	  7.29e-03	6.93309e-222
  6.48e-02	  7.81e-03	3.45312e-189
  6.48e-02	  8.33e-03	1.65291e-156
  6.48e-02	  8.85e-03	7.56033e-124
  6.48e-02	  9.37e-03	3.31384e-91
  6.48e-02	  9.90e-03	1.44504e-58
  6.48e-02	  1.04e-02	-1.76720e-28
  6.48e-02	  1.09e-02	-4.06821e+02
  6.48e-02	  1.15e-02	-1.96188e+02
  6.48e-02	  1.20e-02	-1.63618e+02
  6.48e-02	  1.25e-02	-1.27850e+02
  6.48e-02	  1.30e-02	-7.42784e+01
  6.48e-02	  1.35e-02	-2.90459e+00
  6.48e-02	  1.41e-02	7.34699e+01
  6.48e-02	  1.46e-02	1.40530e+02
  6.48e-02	  1.51e-02	1.91277e+02
  6.48e-02	  1.56e-02	2.29322e+02
  6.48e-02	  1.61e-02	2.75840e+02
  6.48e-02	  1.67e-02	3.72398e+02
  6.48e-02	  1.72e-02	1.84817e-28
  6.48e-02	  1.77e-02	1.78893e-58
  6.48e-02	  1.82e-02	2.68246e-91
  6.48e-02	  1.88e-02	1.19355e-123
  6.48e-02	  1.93e-02	3.46257e-91
  6.48e-02	  1.98e-02	1.50927e-58
  6.48e-02	  2.03e-02	-2.28671e-28
  6.48e-02	  2.08e-02	-3.93058e+02
  6.48e-02	  2.14e-02	-1.91030e+02
  6.48e-02	  2.19e-02	-1.61413e+02
  6.48e-02	  2.24e-02	-1.28408e+02
  6.48e-02	  2.29e-02	-8.06205e+01
  6.48e-02	  2.34e-02	-1.55948e+01
  6.48e-02	  2.40e-02	6.36583e+01
  6.48e-02	  2.45e-02	1.49876e+02
  6.48e-02	  2.50e-02	2.32200e+02
  6.48e-02	  2.55e-02	2.94264e+02
  6.48e-02	  2.60e-02	3.10730e+02
  6.48e-02	  2.66e-02	4.43975e+02
  6.48e-02	  2.71e-02	2.60498e-28
  6.48e-02	  2.76e-02	2.10833e-58
  6.48e-02	  2.81e-02	4.50506e-91
  6.48e-02	  2.86e-02	1.74502e-123
  6.48e-02	  2.92e-02	3.87981e-91
  6.48e-02	  2.97e-02	1.73415e-58
  6.48e-02	  3.02e-02	-1.52218e-28
  6.48e-02	  3.07e-02	-2.71957e+02
  6.48e-02	  3.13e-02	-2.25070e+02
  6.48e-02	  3.18e-02	-1.66569e+02
  6.48e-02	  3.23e-02	-1.22170e+02
  6.48e-02	  3.28e-02	-7.85093e+01
  6.48e-02	  3.33e-02	-2.49754e+01
  6.48e-02	  3.39e-02	4.36838e+01
  6.48e-02	  3.44e-02	1.26498e+02
  6.48e-02	  3.49e-02	2.13176e+02
  6.48e-02	  3.54e-02	2.83178e+02
  6.48e-02	  3.59e-02	3.08848e+02
  6.48e-02	  3.65e-02	4.49481e+02
  6.48e-02	  3.70e-02	2.34849e-28
  6.48e-02	  3.75e-02	1.83451e-58
  6.48e-02	  3.80e-02	3.91003e-91
  6.48e-02	  3.85e-02	7.60172e-124
  6.48e-02	  3.91e-02	1.40063e-156
  6.48e-02	  3.96e-02	2.49127e-189
  6.48e-02	  4.01e-02	4.32201e-222
  6.48e-02	  4.06e-02	7.36003e-255
  6.48e-02	  4.11e-02	1.23545e-287
  6.48e-02	  4.17e-02	9.48606e-321
  6.48e-02	  4.22e-02	0.00000e+00
  6.48e-02	  4.27e-02	0.00000e+00
  6.48e-02	  4.32e-02	0.00000e+00
  6.48e-02	  4.37e-02	0.00000e+00
  6.48e-02	  4.43e-02	0.00000e+00
  6.48e-02	  4.48e-02	0.00000e+00
  6.48e-02	  4.53e-02	0.00000e+00
  6.48e-02	  4.58e-02	0.00000e+00
  6.48e-02	  4.64e-02	0.00000e+00
  6.48e-02	  4.69e-02	0.00000e+00
  6.48e-02	  4.74e-02	0.00000e+00
  6.48e-02	  4.79e-02	0.00000e+00
  6.48e-02	  4.84e-02	0.00000e+00
  6.48e-02	  4.90e-02	0.00000e+00
  6.48e-02	  4.95e-02	0.00000e+00

  6.56e-02	  0.00e+00	0.00000e+00
  6.56e-02	  5.21e-04	0.00000e+00
  6.56e-02	  1.04e-03	0.00000e+00
  6.56e-02	  1.56e-03	0.00000e+00
  6.56e-02	  2.08e-03	0.00000e+00
  6.56e-02	  2.60e-03	0.00000e+00
  6.56e-02	  3.12e-03	0.00000e+00
  6.56e-02	  3.65e-03	0.00000e+00
  6.56e-02	  4.17e-03	0.00000e+00
  6.56e-02	  4.69e-03	0.00000e+00
  6.56e-02	  5.21e-03	2.84582e-320
  6.56e-02	  5.73e-03	1.34214e-287
  6.56e-02	  6.25e-03	7.94879e-255
  6.56e-02	  6.77e-03	4.63344e-222
  6.56e-02	  7.29e-03	2.64528e-189
  6.56e-02	  7.81e-03	1.46788e-156
  6.56e-02	  8.33e-03	7.81632e-124
  6.56e-02	  8.85e-03	3.89892e-91
  6.56e-02	  9.37e-03	1.72550e-58
  6.56e-02	  9.90e-03	-1.41716e-28
  6.56e-02	  1.04e-02	-2.44663e+02
  6.56e-02	  1.09e-02	-2.10585e+02
  6.56e-02	  1.15e-02	-1.57013e+02
  6.56e-02	  1.20e-02	-1.14083e+02
  6.56e-02	  1.25e-02	-6.72751e+01
  6.56e-02	  1.30e-02	-5.78045e+00
  6.56e-02	  1.35e-02	7.14593e+01
  6.56e-02	  1.41e-02	1.56150e+02
  6.56e-02	  1.46e-02	2.34452e+02
  6.56e-02	  1.51e-02	2.89206e+02
  6.56e-02	  1.56e-02	3.00078e+02
  6.56e-02	  1.61e-02	4.30886e+02
  6.56e-02	  1.67e-02	2.23097e-28
  6.56e-02	  1.72e-02	1.86249e-58
  6.56e-02	  1.77e-02	3.98415e-91
  6.56e-02	  1.82e-02	1.70681e-123
  6.56e-02	  1.88e-02	4.09805e-91
  6.56e-02	  1.93e-02	1.80585e-58
  6.56e-02	  1.98e-02	-1.74123e-28
  6.56e-02	  2.03e-02	-2.26052e+02
  6.56e-02	  2.08e-02	-2.03079e+02
  6.56e-02	  2.14e-02	-1.55792e+02
  6.56e-02	  2.19e-02	-1.19436e+02
  6.56e-02	  2.24e-02	-8.14316e+01
  6.56e-02	  2.29e-02	-3.19687e+01
  6.56e-02	  2.34e-02	3.38452e+01
  6.56e-02	  2.40e-02	1.17768e+02
  6.56e-02	  2.45e-02	2.20545e+02
  6.56e-02	  2.50e-02	3.42920e+02
  6.56e-02	  2.55e-02	4.79993e+02
  6.56e-02	  2.60e-02	5.24990e+02
  6.56e-02	  2.66e-02	3.04676e-28
  6.56e-02	  2.71e-02	2.15351e-58
  6.56e-02	  2.76e-02	4.63364e-91
  6.56e-02	  2.81e-02	1.85394e-123
  6.56e-02	  2.86e-02	4.31065e-91
  6.56e-02	  2.92e-02	1.92630e-58
  6.56e-02	  2.97e-02	-1.36750e-28
  6.56e-02	  3.02e-02	-1.93133e+02
  6.56e-02	  3.07e-02	-1.62652e+02
  6.56e-02	  3.13e-02	-1.51212e+02
  6.56e-02	  3.18e-02	-1.21043e+02
  6.56e-02	  3.23e-02	-8.31010e+01
  6.56e-02	  3.28e-02	-3.68854e+01
  6.56e-02	  3.33e-02	2.23919e+01
  6.56e-02	  3.39e-02	1.00332e+02
  6.56e-02	  3.44e-02	2.01246e+02
  6.56e-02	  3.49e-02	3.25449e+02
  6.56e-02	  3.54e-02	4.64755e+02
  6.56e-02	  3.59e-02	5.18277e+02
  6.56e-02	  3.65e-02	2.69765e-28
  6.56e-02	  3.70e-02	1.88823e-58
  6.56e-02	  3.75e-02	4.05387e-91
  6.56e-02	  3.80e-02	8.68432e-124
  6.56e-02	  3.85e-02	1.80875e-156
  6.56e-02	  3.91e-02	3.64547e-189
  6.56e-02	  3.96e-02	7.12617e-222
  6.56e-02	  4.01e-02	1.35649e-254
  6.56e-02	  4.06e-02	2.52427e-287
  6.56e-02	  4.11e-02	2.84582e-320
  6.56e-02	  4.17e-02	0.00000e+00
  6.56e-02	  4.22e-02	0.00000e+00
  6.56e-02	  4.27e-02	0.00000e+00
  6.56e-02	  4.32e-02	0.00000e+00
  6.56e-02	  4.37e-02	0.00000e+00
  6.56e-02	  4.43e-02	0.00000e+00
  6.56e-02	  4.48e-02	0.00000e+00
  6.56e-02	  4.53e-02	0.00000e+00
  6.56e-02	  4.58e-02	0.00000e+00
  6.56e-02	  4.64e-02	0.00000e+00
  6.56e-02	  4.69e-02	0.00000e+00
  6.56e-02	  4.74e-02	0.00000e+00
  6.56e-02	  4.79e-02	0.00000e+00
  6.56e-02	  4.84e-02	0.00000e+00
  6.56e-02	  4.90e-02	0.00000e+00
  6.56e-02	  4.95e-02	0.00000e+00

  6.64e-02	  0.00e+00	0.00000e+00
  6.64e-02	  5.21e-04	0.00000e+00
  6.64e-02	  1.04e-03	0.00000e+00
  6.64e-02	  1.56e-03	0.00000e+00
  6.64e-02	  2.08e-03	0.00000e+00
  6.64e-02	  2.60e-03	0.00000e+00
  6.64e-02	  3.12e-03	0.00000e+00
  6.64e-02	  3.65e-03	0.00000e+00
  6.64e-02	  4.17e-03	0.00000e+00
  6.64e-02	  4.69e-03	0.00000e+00
  6.64e-02	  5.21e-03	3.42574e-288
  6.64e-02	  5.73e-03	2.27906e-255
  6.64e-02	  6.25e-03	1.51611e-222
  6.64e-02	  6.77e-03	1.00851e-189
  6.64e-02	  7.29e-03	6.70813e-157
  6.64e-02	  7.81e-03	4.46168e-124
  6.64e-02	  8.33e-03	2.96737e-91
  6.64e-02	  8.85e-03	1.97343e-58
  6.64e-02	  9.37e-03	-1.52205e-28
  6.64e-02	  9.90e-03	-1.42897e+02
  6.64e-02	  1.04e-02	-1.37322e+02
  6.64e-02	  1.09e-02	-1.38280e+02
  6.64e-02	  1.15e-02	-1.14940e+02
  6.64e-02	  1.20e-02	-7.87833e+01
  6.64e-02	  1.25e-02	-2.87846e+01
  6.64e-02	  1.30e-02	3.97670e+01
  6.64e-02	  1.35e-02	1.29917e+02
  6.64e-02	  1.41e-02	2.41174e+02
  6.64e-02	  1.46e-02	3.67505e+02
  6.64e-02	  1.51e-02	4.92654e+02
  6.64e-02	  1.56e-02	5.16583e+02
  6.64e-02	  1.61e-02	2.62889e-28
  6.64e-02	  1.67e-02	1.90321e-58
  6.64e-02	  1.72e-02	4.09390e-91
  6.64e-02	  1.77e-02	1.83651e-123
  6.64e-02	  1.82e-02	4.76413e-91
  6.64e-02	  1.88e-02	2.09346e-58
  6.64e-02	  1.93e-02	-1.57442e-28
  6.64e-02	  1.98e-02	-1.28693e+02
  6.64e-02	  2.03e-02	-1.33834e+02
  6.64e-02	  2.08e-02	-1.38785e+02
  6.64e-02	  2.14e-02	-1.19982e+02
  6.64e-02	  2.19e-02	-9.13495e+01
  6.64e-02	  2.24e-02	-5.41280e+01
  6.64e-02	  2.29e-02	-5.72582e+00
  6.64e-02	  2.34e-02	5.56365e+01
  6.64e-02	  2.40e-02	1.29604e+02
  6.64e-02	  2.45e-02	2.14441e+02
  6.64e-02	  2.50e-02	3.17155e+02
  6.64e-02	  2.55e-02	6.65110e+02
  6.64e-02	  2.60e-02	1.54133e-27
  6.64e-02	  2.66e-02	2.32189e-58
  6.64e-02	  2.71e-02	4.91564e-91
  6.64e-02	  2.76e-02	1.52592e-123
  6.64e-02	  2.81e-02	3.20733e-91
  6.64e-02	  2.86e-02	2.14183e-58
  6.64e-02	  2.92e-02	9.52308e-28
  6.64e-02	  2.97e-02	-1.13679e+02
  6.64e-02	  3.02e-02	-1.12499e+02
  6.64e-02	  3.07e-02	-1.17085e+02
  6.64e-02	  3.13e-02	-1.09343e+02
  6.64e-02	  3.18e-02	-8.80744e+01
  6.64e-02	  3.23e-02	-5.54301e+01
  6.64e-02	  3.28e-02	-1.16528e+01
  6.64e-02	  3.33e-02	4.46386e+01
  6.64e-02	  3.39e-02	1.14872e+02
  6.64e-02	  3.44e-02	1.98995e+02
  6.64e-02	  3.49e-02	3.02651e+02
  6.64e-02	  3.54e-02	6.42785e+02
  6.64e-02	  3.59e-02	1.52110e-27
  6.64e-02	  3.65e-02	2.02704e-58
  6.64e-02	  3.70e-02	4.29717e-91
  6.64e-02	  3.75e-02	9.14382e-124
  6.64e-02	  3.80e-02	1.94959e-156
  6.64e-02	  3.85e-02	4.12825e-189
  6.64e-02	  3.91e-02	8.61856e-222
  6.64e-02	  3.96e-02	1.76700e-254
  6.64e-02	  4.01e-02	3.55306e-287
  6.64e-02	  4.06e-02	5.69164e-320
  6.64e-02	  4.11e-02	0.00000e+00
  6.64e-02	  4.17e-02	0.00000e+00
  6.64e-02	  4.22e-02	0.00000e+00
  6.64e-02	  4.27e-02	0.00000e+00
  6.64e-02	  4.32e-02	0.00000e+00
  6.64e-02	  4.37e-02	0.00000e+00
  6.64e-02	  4.43e-02	0.00000e+00
  6.64e-02	  4.48e-02	0.00000e+00
  6.64e-02	  4.53e-02	0.00000e+00
  6.64e-02	  4.58e-02	0.00000e+00
  6.64e-02	  4.64e-02	0.00000e+00
  6.64e-02	  4.69e-02	0.00000e+00
  6.64e-02	  4.74e-02	0.00000e+00
  6.64e-02	  4.79e-02	0.00000e+00
  6.64e-02	  4.84e-02	0.00000e+00
  6.64e-02	  4.90e-02	0.00000e+00
  6.64e-02	  4.95e-02	0.00000e+00

  6.72e-02	  0.00e+00	0.00000e+00
  6.72e-02	  5.21e-04	0.00000e+00
  6.72e-02	  1.04e-03	0.00000e+00
  6.72e-02	  1.56e-03	0.00000e+00
  6.72e-02	  2.08e-03	0.00000e+00
  6.72e-02	  2.60e-03	0.00000e+00
  6.72e-02	  3.12e-03	0.00000e+00
  6.72e-02	  3.65e-03	0.00000e+00
  6.72e-02	  4.17e-03	0.00000e+00
  6.72e-02	  4.69e-03	2.81700e-290
  6.72e-02	  5.21e-03	1.87974e-257
  6.72e-02	  5.73e-03	1.25427e-224
  6.72e-02	  6.25e-03	8.36884e-192
  6.72e-02	  6.77e-03	5.58370e-159
  6.72e-02	  7.29e-03	3.72531e-126
  6.72e-02	  7.81e-03	2.48534e-93
  6.72e-02	  8.33e-03	1.65804e-60
  6.72e-02	  8.85e-03	1.10649e-27
  6.72e-02	  9.37e-03	-7.18276e+01
  6.72e-02	  9.90e-03	-1.21799e+02
  6.72e-02	  1.04e-02	-1.30647e+02
  6.72e-02	  1.09e-02	-1.27065e+02
  6.72e-02	  1.15e-02	-1.06000e+02
  6.72e-02	  1.20e-02	-7.15209e+01
  6.72e-02	  1.25e-02	-2.16623e+01
  6.72e-02	  1.30e-02	4.74054e+01
  6.72e-02	  1.35e-02	1.40059e+02
  6.72e-02	  1.41e-02	2.61122e+02
  6.72e-02	  1.46e-02	4.17277e+02
  6.72e-02	  1.51e-02	8.04710e+02
  6.72e-02	  1.56e-02	1.36460e+02
  6.72e-02	  1.61e-02	7.29809e-28
  6.72e-02	  1.67e-02	4.35738e-91
  6.72e-02	  1.72e-02	1.47465e-123
  6.72e-02	  1.77e-02	3.66508e-91
  6.72e-02	  1.82e-02	2.44733e-58
  6.72e-02	  1.88e-02	9.92490e-28
  6.72e-02	  1.93e-02	-5.86532e+01
  6.72e-02	  1.98e-02	-1.15280e+02
  6.72e-02	  2.03e-02	-1.27106e+02
  6.72e-02	  2.08e-02	-1.26265e+02
  6.72e-02	  2.14e-02	-1.09415e+02
  6.72e-02	  2.19e-02	-8.17522e+01
  6.72e-02	  2.24e-02	-4.29681e+01
  6.72e-02	  2.29e-02	8.76095e+00
  6.72e-02	  2.34e-02	7.48063e+01
  6.72e-02	  2.40e-02	1.54189e+02
  6.72e-02	  2.45e-02	2.39179e+02
  6.72e-02	  2.50e-02	3.07420e+02
  6.72e-02	  2.55e-02	5.80648e+02
  6.72e-02	  2.60e-02	1.87619e-28
  6.72e-02	  2.66e-02	2.93100e-61
  6.72e-02	  2.71e-02	4.39425e-94
  6.72e-02	  2.76e-02	-5.71117e-95
  6.72e-02	  2.81e-02	-3.81134e-62
  6.72e-02	  2.86e-02	-2.54345e-29
  6.72e-02	  2.92e-02	-5.59324e+01
  6.72e-02	  2.97e-02	-9.80666e+01
  6.72e-02	  3.02e-02	-1.08852e+02
  6.72e-02	  3.07e-02	-1.10448e+02
  6.72e-02	  3.13e-02	-9.94078e+01
  6.72e-02	  3.18e-02	-7.66056e+01
  6.72e-02	  3.23e-02	-4.24803e+01
  6.72e-02	  3.28e-02	4.12864e+00
  6.72e-02	  3.33e-02	6.51164e+01
  6.72e-02	  3.39e-02	1.40866e+02
  6.72e-02	  3.44e-02	2.24593e+02
  6.72e-02	  3.49e-02	2.93252e+02
  6.72e-02	  3.54e-02	5.55367e+02
  6.72e-02	  3.59e-02	1.60945e-28
  6.72e-02	  3.65e-02	2.52672e-61
  6.72e-02	  3.70e-02	3.78732e-94
  6.72e-02	  3.75e-02	5.67678e-127
  6.72e-02	  3.80e-02	8.50878e-160
  6.72e-02	  3.85e-02	1.27534e-192
  6.72e-02	  3.91e-02	1.91154e-225
  6.72e-02	  3.96e-02	2.86508e-258
  6.72e-02	  4.01e-02	4.29424e-291
  6.72e-02	  4.06e-02	0.00000e+00
  6.72e-02	  4.11e-02	0.00000e+00
  6.72e-02	  4.17e-02	0.00000e+00
  6.72e-02	  4.22e-02	0.00000e+00
  6.72e-02	  4.27e-02	0.00000e+00
  6.72e-02	  4.32e-02	0.00000e+00
  6.72e-02	  4.37e-02	0.00000e+00
  6.72e-02	  4.43e-02	0.00000e+00
  6.72e-02	  4.48e-02	0.00000e+00
  6.72e-02	  4.53e-02	0.00000e+00
  6.72e-02	  4.58e-02	0.00000e+00
  6.72e-02	  4.64e-02	0.00000e+00
  6.72e-02	  4.69e-02	0.00000e+00
  6.72e-02	  4.74e-02	0.00000e+00
  6.72e-02	  4.79e-02	0.00000e+00
  6.72e-02	  4.84e-02	0.00000e+00
  6.72e-02	  4.90e-02	0.00000e+00
  6.72e-02	  4.95e-02	0.00000e+00

  6.80e-02	  0.00e+00	0.00000e+00
  6.80e-02	  5.21e-04	0.00000e+00
  6.80e-02	  1.04e-03	0.00000e+00
  6.80e-02	  1.56e-03	0.00000e+00
  6.80e-02	  2.08e-03	0.00000e+00
  6.80e-02	  2.60e-03	0.00000e+00
  6.80e-02	  3.12e-03	0.00000e+00
  6.80e-02	  3.65e-03	0.00000e+00
  6.80e-02	  4.17e-03	0.00000e+00
  6.80e-02	  4.69e-03	-2.96991e-290
  6.80e-02	  5.21e-03	-1.98176e-257
  6.80e-02	  5.73e-03	-1.32234e-224
  6.80e-02	  6.25e-03	-8.82296e-192
  6.80e-02	  6.77e-03	-5.88668e-159
  6.80e-02	  7.29e-03	-3.92745e-126
  6.80e-02	  7.81e-03	-2.62020e-93
  6.80e-02	  8.33e-03	-1.74801e-60
  6.80e-02	  8.85e-03	-1.16651e-27
  6.80e-02	  9.37e-03	-7.33492e+01
  6.80e-02	  9.90e-03	-1.25831e+02
  6.80e-02	  1.04e-02	-2.00278e+02
  6.80e-02	  1.09e-02	-1.68378e+02
  6.80e-02	  1.15e-02	-1.34134e+02
  6.80e-02	  1.20e-02	-9.49463e+01
  6.80e-02	  1.25e-02	-4.24354e+01
  6.80e-02	  1.30e-02	2.74405e+01
  6.80e-02	  1.35e-02	1.17938e+02
  6.80e-02	  1.41e-02	2.32184e+02
  6.80e-02	  1.46e-02	3.73331e+02
  6.80e-02	  1.51e-02	7.04853e+02
  6.80e-02	  1.56e-02	5.64199e+01
  6.80e-02	  1.61e-02	1.14488e+02
  6.80e-02	  1.67e-02	7.22064e-28
  6.80e-02	  1.72e-02	-9.58846e-124
  6.80e-02	  1.77e-02	-3.98620e-91
  6.80e-02	  1.82e-02	-2.66174e-58
  6.80e-02	  1.88e-02	-1.07940e-27
  6.80e-02	  1.93e-02	-5.97016e+01
  6.80e-02	  1.98e-02	-1.18054e+02
  6.80e-02	  2.03e-02	-1.83279e+02
  6.80e-02	  2.08e-02	-1.58382e+02
  6.80e-02	  2.14e-02	-1.30377e+02
  6.80e-02	  2.19e-02	-9.81859e+01
  6.80e-02	  2.24e-02	-5.49384e+01
  6.80e-02	  2.29e-02	1.84896e+00
  6.80e-02	  2.34e-02	7.35799e+01
  6.80e-02	  2.40e-02	1.60795e+02
  6.80e-02	  2.45e-02	2.60219e+02
  6.80e-02	  2.50e-02	3.58334e+02
  6.80e-02	  2.55e-02	6.86536e+02
  6.80e-02	  2.60e-02	1.42635e+02
  6.80e-02	  2.66e-02	5.53642e-28
  6.80e-02	  2.71e-02	4.94049e-94
  6.80e-02	  2.76e-02	-5.95863e-95
  6.80e-02	  2.81e-02	-3.97649e-62
  6.80e-02	  2.86e-02	-2.65366e-29
  6.80e-02	  2.92e-02	-5.69436e+01
  6.80e-02	  2.97e-02	-1.00811e+02
  6.80e-02	  3.02e-02	-1.62696e+02
  6.80e-02	  3.07e-02	-1.42937e+02
  6.80e-02	  3.13e-02	-1.21724e+02
  6.80e-02	  3.18e-02	-9.10441e+01
  6.80e-02	  3.23e-02	-5.17839e+01
  6.80e-02	  3.28e-02	-8.56621e-01
  6.80e-02	  3.33e-02	6.50107e+01
  6.80e-02	  3.39e-02	1.47717e+02
  6.80e-02	  3.44e-02	2.44359e+02
  6.80e-02	  3.49e-02	3.40694e+02
  6.80e-02	  3.54e-02	6.54851e+02
  6.80e-02	  3.59e-02	1.37070e+02
  6.80e-02	  3.65e-02	6.59888e-28
  6.80e-02	  3.70e-02	4.29431e-94
  6.80e-02	  3.75e-02	6.43453e-127
  6.80e-02	  3.80e-02	9.64128e-160
  6.80e-02	  3.85e-02	1.44460e-192
  6.80e-02	  3.91e-02	2.16449e-225
  6.80e-02	  3.96e-02	3.24310e-258
  6.80e-02	  4.01e-02	4.85915e-291
  6.80e-02	  4.06e-02	0.00000e+00
  6.80e-02	  4.11e-02	0.00000e+00
  6.80e-02	  4.17e-02	0.00000e+00
  6.80e-02	  4.22e-02	0.00000e+00
  6.80e-02	  4.27e-02	0.00000e+00
  6.80e-02	  4.32e-02	0.00000e+00
  6.80e-02	  4.37e-02	0.00000e+00
  6.80e-02	  4.43e-02	0.00000e+00
  6.80e-02	  4.48e-02	0.00000e+00
  6.80e-02	  4.53e-02	0.00000e+00
  6.80e-02	  4.58e-02	0.00000e+00
  6.80e-02	  4.64e-02	0.00000e+00
  6.80e-02	  4.69e-02	0.00000e+00
  6.80e-02	  4.74e-02	0.00000e+00
  6.80e-02	  4.79e-02	0.00000e+00
  6.80e-02	  4.84e-02	0.00000e+00
  6.80e-02	  4.90e-02	0.00000e+00
  6.80e-02	  4.95e-02	0.00000e+00

  6.87e-02	  0.00e+00	0.00000e+00
  6.87e-02	  5.21e-04	0.00000e+00
  6.87e-02	  1.04e-03	0.00000e+00
  6.87e-02	  1.56e-03	0.00000e+00
  6.87e-02	  2.08e-03	0.00000e+00
  6.87e-02	  2.60e-03	0.00000e+00
  6.87e-02	  3.12e-03	0.00000e+00
  6.87e-02	  3.65e-03	0.00000e+00
  6.87e-02	  4.17e-03	0.00000e+00
  6.87e-02	  4.69e-03	0.00000e+00
  6.87e-02	  5.21e-03	-4.85715e-288
  6.87e-02	  5.73e-03	-3.23439e-255
  6.87e-02	  6.25e-03	-2.15369e-222
  6.87e-02	  6.77e-03	-1.43402e-189
  6.87e-02	  7.29e-03	-9.54794e-157
  6.87e-02	  7.81e-03	-6.35690e-124
  6.87e-02	  8.33e-03	-4.23217e-91
  6.87e-02	  8.85e-03	-2.81750e-58
  6.87e-02	  9.37e-03	-1.30942e-27
  6.87e-02	  9.90e-03	-1.54530e+02
  6.87e-02	  1.04e-02	-1.81012e+02
  6.87e-02	  1.09e-02	-2.66046e+02
  6.87e-02	  1.15e-02	-1.88420e+02
  6.87e-02	  1.20e-02	-1.44998e+02
  6.87e-02	  1.25e-02	-8.39523e+01
  6.87e-02	  1.30e-02	-8.34921e+00
  6.87e-02	  1.35e-02	8.13253e+01
  6.87e-02	  1.41e-02	1.83786e+02
  6.87e-02	  1.46e-02	2.90409e+02
  6.87e-02	  1.51e-02	3.78322e+02
  6.87e-02	  1.56e-02	3.53858e+02
  6.87e-02	  1.61e-02	6.61715e+01
  6.87e-02	  1.67e-02	1.03807e+02
  6.87e-02	  1.72e-02	6.76785e-28
  6.87e-02	  1.77e-02	-1.66491e-123
  6.87e-02	  1.82e-02	-6.33586e-91
  6.87e-02	  1.88e-02	-3.04779e-58
  6.87e-02	  1.93e-02	-1.21029e-27
  6.87e-02	  1.98e-02	-1.36785e+02
  6.87e-02	  2.03e-02	-1.68413e+02
  6.87e-02	  2.08e-02	-2.49163e+02
  6.87e-02	  2.14e-02	-1.80318e+02
  6.87e-02	  2.19e-02	-1.44233e+02
  6.87e-02	  2.24e-02	-9.30220e+01
  6.87e-02	  2.29e-02	-3.11202e+01
  6.87e-02	  2.34e-02	3.99404e+01
  6.87e-02	  2.40e-02	1.20440e+02
  6.87e-02	  2.45e-02	2.12538e+02
  6.87e-02	  2.50e-02	3.29535e+02
  6.87e-02	  2.55e-02	6.83876e+02
  6.87e-02	  2.60e-02	5.72229e+01
  6.87e-02	  2.66e-02	1.19353e+02
  6.87e-02	  2.71e-02	5.20265e-28
  6.87e-02	  2.76e-02	-7.33194e-124
  6.87e-02	  2.81e-02	-4.39852e-91
  6.87e-02	  2.86e-02	-2.93730e-58
  6.87e-02	  2.92e-02	-1.24365e-27
  6.87e-02	  2.97e-02	-1.21615e+02
  6.87e-02	  3.02e-02	-1.46063e+02
  6.87e-02	  3.07e-02	-2.18287e+02
  6.87e-02	  3.13e-02	-1.72113e+02
  6.87e-02	  3.18e-02	-1.29983e+02
  6.87e-02	  3.23e-02	-8.64762e+01
  6.87e-02	  3.28e-02	-3.38402e+01
  6.87e-02	  3.33e-02	3.03182e+01
  6.87e-02	  3.39e-02	1.06638e+02
  6.87e-02	  3.44e-02	1.96523e+02
  6.87e-02	  3.49e-02	3.11571e+02
  6.87e-02	  3.54e-02	6.52714e+02
  6.87e-02	  3.59e-02	5.62527e+01
  6.87e-02	  3.65e-02	1.15701e+02
  6.87e-02	  3.70e-02	6.25909e-28
  6.87e-02	  3.75e-02	-2.53725e-124
  6.87e-02	  3.80e-02	-5.92997e-157
  6.87e-02	  3.85e-02	-1.32147e-189
  6.87e-02	  3.91e-02	-2.83563e-222
  6.87e-02	  3.96e-02	-5.89516e-255
  6.87e-02	  4.01e-02	-1.19279e-287
  6.87e-02	  4.06e-02	-9.48606e-321
  6.87e-02	  4.11e-02	0.00000e+00
  6.87e-02	  4.17e-02	0.00000e+00
  6.87e-02	  4.22e-02	0.00000e+00
  6.87e-02	  4.27e-02	0.00000e+00
  6.87e-02	  4.32e-02	0.00000e+00
  6.87e-02	  4.37e-02	0.00000e+00
  6.87e-02	  4.43e-02	0.00000e+00
  6.87e-02	  4.48e-02	0.00000e+00
  6.87e-02	  4.53e-02	0.00000e+00
  6.87e-02	  4.58e-02	0.00000e+00
  6.87e-02	  4.64e-02	0.00000e+00
  6.87e-02	  4.69e-02	0.00000e+00
  6.87e-02	  4.74e-02	0.00000e+00
  6.87e-02	  4.79e-02	0.00000e+00
  6.87e-02	  4.84e-02	0.00000e+00
  6.87e-02	  4.90e-02	0.00000e+00
  6.87e-02	  4.95e-02	0.00000e+00

  6.95e-02	  0.00e+00	0.00000e+00
  6.95e-02	  5.21e-04	0.00000e+00
  6.95e-02	  1.04e-03	0.00000e+00
  6.95e-02	  1.56e-03	0.00000e+00
  6.95e-02	  2.08e-03	0.00000e+00
  6.95e-02	  2.60e-03	0.00000e+00
  6.95e-02	  3.12e-03	0.00000e+00
  6.95e-02	  3.65e-03	0.00000e+00
  6.95e-02	  4.17e-03	0.00000e+00
  6.95e-02	  4.69e-03	0.00000e+00
  6.95e-02	  5.21e-03	-2.84582e-320
  6.95e-02	  5.73e-03	-2.02247e-287
  6.95e-02	  6.25e-03	-1.20672e-254
  6.95e-02	  6.77e-03	-7.10013e-222
  6.95e-02	  7.29e-03	-4.10329e-189
  6.95e-02	  7.81e-03	-2.31525e-156
  6.95e-02	  8.33e-03	-1.26322e-123
  6.95e-02	  8.85e-03	-6.55258e-91
  6.95e-02	  9.37e-03	-3.12232e-58
  6.95e-02	  9.90e-03	-1.38407e-27
  6.95e-02	  1.04e-02	-2.39121e+02
  6.95e-02	  1.09e-02	-2.39290e+02
  6.95e-02	  1.15e-02	-3.01129e+02
  6.95e-02	  1.20e-02	-2.16375e+02
  6.95e-02	  1.25e-02	-1.30623e+02
  6.95e-02	  1.30e-02	-4.82063e+01
  6.95e-02	  1.35e-02	3.56259e+01
  6.95e-02	  1.41e-02	1.20338e+02
  6.95e-02	  1.46e-02	1.96826e+02
  6.95e-02	  1.51e-02	2.47676e+02
  6.95e-02	  1.56e-02	2.53920e+02
  6.95e-02	  1.61e-02	2.95946e+02
  6.95e-02	  1.67e-02	5.29466e+01
  6.95e-02	  1.72e-02	8.80294e+01
  6.95e-02	  1.77e-02	6.06833e-28
  6.95e-02	  1.82e-02	-1.88913e-123
  6.95e-02	  1.88e-02	-7.14473e-91
  6.95e-02	  1.93e-02	-3.41667e-58
  6.95e-02	  1.98e-02	-1.30810e-27
  6.95e-02	  2.03e-02	-2.19268e+02
  6.95e-02	  2.08e-02	-2.29595e+02
  6.95e-02	  2.14e-02	-2.90581e+02
  6.95e-02	  2.19e-02	-2.13781e+02
  6.95e-02	  2.24e-02	-1.37584e+02
  6.95e-02	  2.29e-02	-6.62585e+01
  6.95e-02	  2.34e-02	6.12744e+00
  6.95e-02	  2.40e-02	8.43457e+01
  6.95e-02	  2.45e-02	1.71827e+02
  6.95e-02	  2.50e-02	2.69928e+02
  6.95e-02	  2.55e-02	3.69057e+02
  6.95e-02	  2.60e-02	3.64414e+02
  6.95e-02	  2.66e-02	6.40346e+01
  6.95e-02	  2.71e-02	1.05845e+02
  6.95e-02	  2.76e-02	4.56942e-28
  6.95e-02	  2.81e-02	-1.45297e-123
  6.95e-02	  2.86e-02	-6.75909e-91
  6.95e-02	  2.92e-02	-3.20878e-58
  6.95e-02	  2.97e-02	-1.31074e-27
  6.95e-02	  3.02e-02	-1.87277e+02
  6.95e-02	  3.07e-02	-1.85315e+02
  6.95e-02	  3.13e-02	-2.69906e+02
  6.95e-02	  3.18e-02	-1.87499e+02
  6.95e-02	  3.23e-02	-1.41767e+02
  6.95e-02	  3.28e-02	-8.21220e+01
  6.95e-02	  3.33e-02	-1.26726e+01
  6.95e-02	  3.39e-02	6.56234e+01
  6.95e-02	  3.44e-02	1.53910e+02
  6.95e-02	  3.49e-02	2.52541e+02
  6.95e-02	  3.54e-02	3.51603e+02
  6.95e-02	  3.59e-02	3.52204e+02
  6.95e-02	  3.65e-02	6.38552e+01
  6.95e-02	  3.70e-02	1.03958e+02
  6.95e-02	  3.75e-02	5.64376e-28
  6.95e-02	  3.80e-02	-3.18746e-124
  6.95e-02	  3.85e-02	-6.48141e-157
  6.95e-02	  3.91e-02	-1.28019e-189
  6.95e-02	  3.96e-02	-2.46192e-222
  6.95e-02	  4.01e-02	-4.62521e-255
  6.95e-02	  4.06e-02	-8.51653e-288
  6.95e-02	  4.11e-02	0.00000e+00
  6.95e-02	  4.17e-02	0.00000e+00
  6.95e-02	  4.22e-02	0.00000e+00
  6.95e-02	  4.27e-02	0.00000e+00
  6.95e-02	  4.32e-02	0.00000e+00
  6.95e-02	  4.37e-02	0.00000e+00
  6.95e-02	  4.43e-02	0.00000e+00
  6.95e-02	  4.48e-02	0.00000e+00
  6.95e-02	  4.53e-02	0.00000e+00
  6.95e-02	  4.58e-02	0.00000e+00
  6.95e-02	  4.64e-02	0.00000e+00
  6.95e-02	  4.69e-02	0.00000e+00
  6.95e-02	  4.74e-02	0.00000e+00
  6.95e-02	  4.79e-02	0.00000e+00
  6.95e-02	  4.84e-02	0.00000e+00
  6.95e-02	  4.90e-02	0.00000e+00
  6.95e-02	  4.95e-02	0.00000e+00

  7.03e-02	  0.00e+00	0.00000e+00
  7.03e-02	  5.21e-04	0.00000e+00
  7.03e-02	  1.04e-03	0.00000e+00
  7.03e-02	  1.56e-03	0.00000e+00
  7.03e-02	  2.08e-03	0.00000e+00
  7.03e-02	  2.60e-03	0.00000e+00
  7.03e-02	  3.12e-03	0.00000e+00
  7.03e-02	  3.65e-03	0.00000e+00
  7.03e-02	  4.17e-03	0.00000e+00
  7.03e-02	  4.69e-03	0.00000e+00
  7.03e-02	  5.21e-03	0.00000e+00
  7.03e-02	  5.73e-03	-7.58885e-320
  7.03e-02	  6.25e-03	-4.22171e-287
  7.03e-02	  6.77e-03	-2.28276e-254
  7.03e-02	  7.29e-03	-1.20872e-221
  7.03e-02	  7.81e-03	-6.24711e-189
  7.03e-02	  8.33e-03	-3.14220e-156
  7.03e-02	  8.85e-03	-1.53658e-123
  7.03e-02	  9.37e-03	-7.34727e-91
  7.03e-02	  9.90e-03	-3.51796e-58
  7.03e-02	  1.04e-02	-1.48194e-27
  7.03e-02	  1.09e-02	-3.93797e+02
  7.03e-02	  1.15e-02	-1.97198e+02
  7.03e-02	  1.20e-02	-1.43409e+02
  7.03e-02	  1.25e-02	-1.12175e+02
  7.03e-02	  1.30e-02	-6.43263e+01
  7.03e-02	  1.35e-02	-3.28585e+00
  7.03e-02	  1.41e-02	6.22883e+01
  7.03e-02	  1.46e-02	1.22692e+02
  7.03e-02	  1.51e-02	1.68023e+02
  7.03e-02	  1.56e-02	1.93099e+02
  7.03e-02	  1.61e-02	2.05532e+02
  7.03e-02	  1.67e-02	2.39026e+02
  7.03e-02	  1.72e-02	-6.32815e+00
  7.03e-02	  1.77e-02	8.85773e-29
  7.03e-02	  1.82e-02	-1.33406e-91
  7.03e-02	  1.88e-02	-1.89244e-123
  7.03e-02	  1.93e-02	-8.12962e-91
  7.03e-02	  1.98e-02	-3.91120e-58
  7.03e-02	  2.03e-02	-1.43551e-27
  7.03e-02	  2.08e-02	-3.76554e+02
  7.03e-02	  2.14e-02	-1.96628e+02
  7.03e-02	  2.19e-02	-1.48045e+02
  7.03e-02	  2.24e-02	-1.21464e+02
  7.03e-02	  2.29e-02	-7.90129e+01
  7.03e-02	  2.34e-02	-2.23753e+01
  7.03e-02	  2.40e-02	4.39371e+01
  7.03e-02	  2.45e-02	1.16019e+02
  7.03e-02	  2.50e-02	1.86756e+02
  7.03e-02	  2.55e-02	2.40828e+02
  7.03e-02	  2.60e-02	2.53483e+02
  7.03e-02	  2.66e-02	2.99461e+02
  7.03e-02	  2.71e-02	4.77499e+01
  7.03e-02	  2.76e-02	8.67433e+01
  7.03e-02	  2.81e-02	3.73894e-28
  7.03e-02	  2.86e-02	-1.63521e-123
  7.03e-02	  2.92e-02	-7.27782e-91
  7.03e-02	  2.97e-02	-3.43520e-58
  7.03e-02	  3.02e-02	-1.35051e-27
  7.03e-02	  3.07e-02	-2.52747e+02
  7.03e-02	  3.13e-02	-2.35115e+02
  7.03e-02	  3.18e-02	-2.95842e+02
  7.03e-02	  3.23e-02	-2.12126e+02
  7.03e-02	  3.28e-02	-1.29363e+02
  7.03e-02	  3.33e-02	-5.24971e+01
  7.03e-02	  3.39e-02	2.35004e+01
  7.03e-02	  3.44e-02	1.00436e+02
  7.03e-02	  3.49e-02	1.73930e+02
  7.03e-02	  3.54e-02	2.30270e+02
  7.03e-02	  3.59e-02	2.46386e+02
  7.03e-02	  3.65e-02	2.94543e+02
  7.03e-02	  3.70e-02	4.98371e+01
  7.03e-02	  3.75e-02	8.69356e+01
  7.03e-02	  3.80e-02	4.82382e-28
  7.03e-02	  3.85e-02	-2.54856e-124
  7.03e-02	  3.91e-02	-4.61275e-157
  7.03e-02	  3.96e-02	-8.10649e-190
  7.03e-02	  4.01e-02	-1.39442e-222
  7.03e-02	  4.06e-02	-2.35979e-255
  7.03e-02	  4.11e-02	-3.94252e-288
  7.03e-02	  4.17e-02	0.00000e+00
  7.03e-02	  4.22e-02	0.00000e+00
  7.03e-02	  4.27e-02	0.00000e+00
  7.03e-02	  4.32e-02	0.00000e+00
  7.03e-02	  4.37e-02	0.00000e+00
  7.03e-02	  4.43e-02	0.00000e+00
  7.03e-02	  4.48e-02	0.00000e+00
  7.03e-02	  4.53e-02	0.00000e+00
  7.03e-02	  4.58e-02	0.00000e+00
  7.03e-02	  4.64e-02	0.00000e+00
  7.03e-02	  4.69e-02	0.00000e+00
  7.03e-02	  4.74e-02	0.00000e+00
  7.03e-02	  4.79e-02	0.00000e+00
  7.03e-02	  4.84e-02	0.00000e+00
  7.03e-02	  4.90e-02	0.00000e+00
  7.03e-02	  4.95e-02	0.00000e+00

  7.11e-02	  0.00e+00	0.00000e+00
  7.11e-02	  5.21e-04	0.00000e+00
  7.11e-02	  1.04e-03	0.00000e+00
  7.11e-02	  1.56e-03	0.00000e+00
  7.11e-02	  2.08e-03	0.00000e+00
  7.11e-02	  2.60e-03	0.00000e+00
  7.11e-02	  3.12e-03	0.00000e+00
  7.11e-02	  3.65e-03	0.00000e+00
  7.11e-02	  4.17e-03	0.00000e+00
  7.11e-02	  4.69e-03	0.00000e+00
  7.11e-02	  5.21e-03	0.00000e+00
  7.11e-02	  5.73e-03	0.00000e+00
  7.11e-02	  6.25e-03	-2.75436e-291
  7.11e-02	  6.77e-03	-1.83810e-258
  7.11e-02	  7.29e-03	-1.22664e-225
  7.11e-02	  7.81e-03	-8.18588e-193
  7.11e-02	  8.33e-03	-5.46277e-160
  7.11e-02	  8.85e-03	-3.64553e-127
  7.11e-02	  9.37e-03	-2.43280e-94
  7.11e-02	  9.90e-03	-1.62349e-61
  7.11e-02	  1.04e-02	-1.08341e-28
  7.11e-02	  1.09e-02	-2.11989e+02
  7.11e-02	  1.15e-02	-2.05338e+02
  7.11e-02	  1.20e-02	-2.85759e+02
  7.11e-02	  1.25e-02	-2.03727e+02
  7.11e-02	  1.30e-02	-1.36705e+02
  7.11e-02	  1.35e-02	-6.79900e+01
  7.11e-02	  1.41e-02	-2.99455e+00
  7.11e-02	  1.46e-02	5.64959e+01
  7.11e-02	  1.51e-02	1.08757e+02
  7.11e-02	  1.56e-02	1.54146e+02
  7.11e-02	  1.61e-02	1.95785e+02
  7.11e-02	  1.67e-02	2.27924e+02
  7.11e-02	  1.72e-02	2.71931e+02
  7.11e-02	  1.77e-02	1.10216e+02
  7.11e-02	  1.82e-02	4.28608e-28
  7.11e-02	  1.88e-02	2.45221e-94
  7.11e-02	  1.93e-02	-2.68496e-94
  7.11e-02	  1.98e-02	-1.79194e-61
  7.11e-02	  2.03e-02	-1.19594e-28
  7.11e-02	  2.08e-02	-2.06801e+02
  7.11e-02	  2.14e-02	-2.05536e+02
  7.11e-02	  2.19e-02	-2.89663e+02
  7.11e-02	  2.24e-02	-2.11336e+02
  7.11e-02	  2.29e-02	-1.47421e+02
  7.11e-02	  2.34e-02	-8.02713e+01
  7.11e-02	  2.40e-02	-1.38237e+01
  7.11e-02	  2.45e-02	5.12878e+01
  7.11e-02	  2.50e-02	1.11166e+02
  7.11e-02	  2.55e-02	1.58215e+02
  7.11e-02	  2.60e-02	1.85907e+02
  7.11e-02	  2.66e-02	1.99746e+02
  7.11e-02	  2.71e-02	2.33133e+02
  7.11e-02	  2.76e-02	-1.18647e+01
  7.11e-02	  2.81e-02	1.01722e-28
  7.11e-02	  2.86e-02	-2.18005e-92
  7.11e-02	  2.92e-02	-1.70492e-123
  7.11e-02	  2.97e-02	-7.93625e-91
  7.11e-02	  3.02e-02	-3.77544e-58
  7.11e-02	  3.07e-02	-1.42617e-27
  7.11e-02	  3.13e-02	-3.90978e+02
  7.11e-02	  3.18e-02	-1.91353e+02
  7.11e-02	  3.23e-02	-1.39157e+02
  7.11e-02	  3.28e-02	-1.10476e+02
  7.11e-02	  3.33e-02	-6.66308e+01
  7.11e-02	  3.39e-02	-1.06070e+01
  7.11e-02	  3.44e-02	5.02887e+01
  7.11e-02	  3.49e-02	1.08455e+02
  7.11e-02	  3.54e-02	1.55189e+02
  7.11e-02	  3.59e-02	1.83784e+02
  7.11e-02	  3.65e-02	1.99188e+02
  7.11e-02	  3.70e-02	2.34269e+02
  7.11e-02	  3.75e-02	-9.20424e+00
  7.11e-02	  3.80e-02	9.41964e-29
  7.11e-02	  3.85e-02	-7.84516e-92
  7.11e-02	  3.91e-02	-1.17732e-124
  7.11e-02	  3.96e-02	-1.76676e-157
  7.11e-02	  4.01e-02	-2.65122e-190
  7.11e-02	  4.06e-02	-3.97831e-223
  7.11e-02	  4.11e-02	-5.96942e-256
  7.11e-02	  4.17e-02	-8.95656e-289
  7.11e-02	  4.22e-02	0.00000e+00
  7.11e-02	  4.27e-02	0.00000e+00
  7.11e-02	  4.32e-02	0.00000e+00
  7.11e-02	  4.37e-02	0.00000e+00
  7.11e-02	  4.43e-02	0.00000e+00
  7.11e-02	  4.48e-02	0.00000e+00
  7.11e-02	  4.53e-02	0.00000e+00
  7.11e-02	  4.58e-02	0.00000e+00
  7.11e-02	  4.64e-02	0.00000e+00
  7.11e-02	  4.69e-02	0.00000e+00
  7.11e-02	  4.74e-02	0.00000e+00
  7.11e-02	  4.79e-02	0.00000e+00
  7.11e-02	  4.84e-02	0.00000e+00
  7.11e-02	  4.90e-02	0.00000e+00
  7.11e-02	  4.95e-02	0.00000e+00

  7.19e-02	  0.00e+00	0.00000e+00
  7.19e-02	  5.21e-04	0.00000e+00
  7.19e-02	  1.04e-03	0.00000e+00
  7.19e-02	  1.56e-03	0.00000e+00
  7.19e-02	  2.08e-03	0.00000e+00
  7.19e-02	  2.60e-03	0.00000e+00
  7.19e-02	  3.12e-03	0.00000e+00
  7.19e-02	  3.65e-03	0.00000e+00
  7.19e-02	  4.17e-03	0.00000e+00
  7.19e-02	  4.69e-03	0.00000e+00
  7.19e-02	  5.21e-03	0.00000e+00
  7.19e-02	  5.73e-03	0.00000e+00
  7.19e-02	  6.25e-03	0.00000e+00
  7.19e-02	  6.77e-03	-5.52560e-288
  7.19e-02	  7.29e-03	-3.69039e-255
  7.19e-02	  7.81e-03	-2.46461e-222
  7.19e-02	  8.33e-03	-1.64590e-189
  7.19e-02	  8.85e-03	-1.09912e-156
  7.19e-02	  9.37e-03	-7.33953e-124
  7.19e-02	  9.90e-03	-4.90091e-91
  7.19e-02	  1.04e-02	-3.27243e-58
  7.19e-02	  1.09e-02	-1.25434e-27
  7.19e-02	  1.15e-02	-2.59836e+02
  7.19e-02	  1.20e-02	-2.11326e+02
  7.19e-02	  1.25e-02	-3.01511e+02
  7.19e-02	  1.30e-02	-2.14259e+02
  7.19e-02	  1.35e-02	-1.37150e+02
  7.19e-02	  1.41e-02	-7.32946e+01
  7.19e-02	  1.46e-02	-1.46124e+01
  7.19e-02	  1.51e-02	3.94842e+01
  7.19e-02	  1.56e-02	8.84413e+01
  7.19e-02	  1.61e-02	1.34804e+02
  7.19e-02	  1.67e-02	1.90668e+02
  7.19e-02	  1.72e-02	4.01158e+02
  7.19e-02	  1.77e-02	2.84494e+01
  7.19e-02	  1.82e-02	8.28096e+01
  7.19e-02	  1.88e-02	3.61237e-28
  7.19e-02	  1.93e-02	-8.00984e-124
  7.19e-02	  1.98e-02	-5.31127e-91
  7.19e-02	  2.03e-02	-3.54775e-58
  7.19e-02	  2.08e-02	-1.20687e-27
  7.19e-02	  2.14e-02	-2.59895e+02
  7.19e-02	  2.19e-02	-2.16957e+02
  7.19e-02	  2.24e-02	-3.11043e+02
  7.19e-02	  2.29e-02	-2.23853e+02
  7.19e-02	  2.34e-02	-1.45922e+02
  7.19e-02	  2.40e-02	-7.98134e+01
  7.19e-02	  2.45e-02	-1.66546e+01
  7.19e-02	  2.50e-02	4.32950e+01
  7.19e-02	  2.55e-02	9.68526e+01
  7.19e-02	  2.60e-02	1.42641e+02
  7.19e-02	  2.66e-02	1.82564e+02
  7.19e-02	  2.71e-02	2.10963e+02
  7.19e-02	  2.76e-02	2.50679e+02
  7.19e-02	  2.81e-02	9.53885e+01
  7.19e-02	  2.86e-02	1.94830e-28
  7.19e-02	  2.92e-02	2.77291e-94
  7.19e-02	  2.97e-02	-2.60339e-94
  7.19e-02	  3.02e-02	-1.73821e-61
  7.19e-02	  3.07e-02	-1.16053e-28
  7.19e-02	  3.13e-02	-2.06523e+02
  7.19e-02	  3.18e-02	-2.00212e+02
  7.19e-02	  3.23e-02	-2.78182e+02
  7.19e-02	  3.28e-02	-1.99841e+02
  7.19e-02	  3.33e-02	-1.36149e+02
  7.19e-02	  3.39e-02	-7.08551e+01
  7.19e-02	  3.44e-02	-9.24190e+00
  7.19e-02	  3.49e-02	4.75937e+01
  7.19e-02	  3.54e-02	9.84710e+01
  7.19e-02	  3.59e-02	1.43336e+02
  7.19e-02	  3.65e-02	1.84355e+02
  7.19e-02	  3.70e-02	2.15500e+02
  7.19e-02	  3.75e-02	2.58650e+02
  7.19e-02	  3.80e-02	1.01428e+02
  7.19e-02	  3.85e-02	2.91912e-28
  7.19e-02	  3.91e-02	2.65360e-94
  7.19e-02	  3.96e-02	3.97173e-127
  7.19e-02	  4.01e-02	5.94452e-160
  7.19e-02	  4.06e-02	8.89708e-193
  7.19e-02	  4.11e-02	1.33160e-225
  7.19e-02	  4.17e-02	1.99293e-258
  7.19e-02	  4.22e-02	2.98268e-291
  7.19e-02	  4.27e-02	0.00000e+00
  7.19e-02	  4.32e-02	0.00000e+00
  7.19e-02	  4.37e-02	0.00000e+00
  7.19e-02	  4.43e-02	0.00000e+00
  7.19e-02	  4.48e-02	0.00000e+00
  7.19e-02	  4.53e-02	0.00000e+00
  7.19e-02	  4.58e-02	0.00000e+00
  7.19e-02	  4.64e-02	0.00000e+00
  7.19e-02	  4.69e-02	0.00000e+00
  7.19e-02	  4.74e-02	0.00000e+00
  7.19e-02	  4.79e-02	0.00000e+00
  7.19e-02	  4.84e-02	0.00000e+00
  7.19e-02	  4.90e-02	0.00000e+00
  7.19e-02	  4.95e-02	0.00000e+00

  7.27e-02	  0.00e+00	0.00000e+00
  7.27e-02	  5.21e-04	0.00000e+00
  7.27e-02	  1.04e-03	0.00000e+00
  7.27e-02	  1.56e-03	0.00000e+00
  7.27e-02	  2.08e-03	0.00000e+00
  7.27e-02	  2.60e-03	0.00000e+00
  7.27e-02	  3.12e-03	0.00000e+00
  7.27e-02	  3.65e-03	0.00000e+00
  7.27e-02	  4.17e-03	0.00000e+00
  7.27e-02	  4.69e-03	0.00000e+00
  7.27e-02	  5.21e-03	0.00000e+00
  7.27e-02	  5.73e-03	0.00000e+00
  7.27e-02	  6.25e-03	0.00000e+00
  7.27e-02	  6.77e-03	-2.84582e-320
  7.27e-02	  7.29e-03	-2.27053e-287
  7.27e-02	  7.81e-03	-1.35281e-254
  7.27e-02	  8.33e-03	-7.94171e-222
  7.27e-02	  8.85e-03	-4.57355e-189
  7.27e-02	  9.37e-03	-2.56655e-156
  7.27e-02	  9.90e-03	-1.38816e-123
  7.27e-02	  1.04e-02	-7.09402e-91
  7.27e-02	  1.09e-02	-3.28402e-58
  7.27e-02	  1.15e-02	-1.21109e-27
  7.27e-02	  1.20e-02	-2.90184e+02
  7.27e-02	  1.25e-02	-2.32904e+02
  7.27e-02	  1.30e-02	-3.34045e+02
  7.27e-02	  1.35e-02	-2.06871e+02
  7.27e-02	  1.41e-02	-1.50730e+02
  7.27e-02	  1.46e-02	-8.70750e+01
  7.27e-02	  1.51e-02	-2.39885e+01
  7.27e-02	  1.56e-02	3.45257e+01
  7.27e-02	  1.61e-02	8.97598e+01
  7.27e-02	  1.67e-02	1.46916e+02
  7.27e-02	  1.72e-02	2.09571e+02
  7.27e-02	  1.77e-02	2.35333e+02
  7.27e-02	  1.82e-02	1.18126e+01
  7.27e-02	  1.88e-02	5.54387e+01
  7.27e-02	  1.93e-02	3.16124e-28
  7.27e-02	  1.98e-02	-1.58681e-123
  7.27e-02	  2.03e-02	-7.64994e-91
  7.27e-02	  2.08e-02	-3.53498e-58
  7.27e-02	  2.14e-02	-1.16676e-27
  7.27e-02	  2.19e-02	-2.95811e+02
  7.27e-02	  2.24e-02	-2.41284e+02
  7.27e-02	  2.29e-02	-3.46543e+02
  7.27e-02	  2.34e-02	-2.15750e+02
  7.27e-02	  2.40e-02	-1.57808e+02
  7.27e-02	  2.45e-02	-9.13940e+01
  7.27e-02	  2.50e-02	-2.58540e+01
  7.27e-02	  2.55e-02	3.23806e+01
  7.27e-02	  2.60e-02	8.13078e+01
  7.27e-02	  2.66e-02	1.23405e+02
  7.27e-02	  2.71e-02	1.70183e+02
  7.27e-02	  2.76e-02	3.59776e+02
  7.27e-02	  2.81e-02	6.62185e+00
  7.27e-02	  2.86e-02	6.10501e+01
  7.27e-02	  2.92e-02	1.49240e-28
  7.27e-02	  2.97e-02	-4.18772e-124
  7.27e-02	  3.02e-02	-4.96822e-91
  7.27e-02	  3.07e-02	-3.31949e-58
  7.27e-02	  3.13e-02	-1.16152e-27
  7.27e-02	  3.18e-02	-2.51675e+02
  7.27e-02	  3.23e-02	-2.06230e+02
  7.27e-02	  3.28e-02	-2.95106e+02
  7.27e-02	  3.33e-02	-2.11886e+02
  7.27e-02	  3.39e-02	-1.36913e+02
  7.27e-02	  3.44e-02	-7.56533e+01
  7.27e-02	  3.49e-02	-2.01951e+01
  7.27e-02	  3.54e-02	3.08543e+01
  7.27e-02	  3.59e-02	7.70805e+01
  7.27e-02	  3.65e-02	1.20384e+02
  7.27e-02	  3.70e-02	1.71774e+02
  7.27e-02	  3.75e-02	3.71900e+02
  7.27e-02	  3.80e-02	1.16764e+01
  7.27e-02	  3.85e-02	6.77512e+01
  7.27e-02	  3.91e-02	2.30230e-28
  7.27e-02	  3.96e-02	1.92195e-124
  7.27e-02	  4.01e-02	3.21395e-157
  7.27e-02	  4.06e-02	5.23975e-190
  7.27e-02	  4.11e-02	8.35048e-223
  7.27e-02	  4.17e-02	1.30250e-255
  7.27e-02	  4.22e-02	1.98852e-288
  7.27e-02	  4.27e-02	0.00000e+00
  7.27e-02	  4.32e-02	0.00000e+00
  7.27e-02	  4.37e-02	0.00000e+00
  7.27e-02	  4.43e-02	0.00000e+00
  7.27e-02	  4.48e-02	0.00000e+00
  7.27e-02	  4.53e-02	0.00000e+00
  7.27e-02	  4.58e-02	0.00000e+00
  7.27e-02	  4.64e-02	0.00000e+00
  7.27e-02	  4.69e-02	0.00000e+00
  7.27e-02	  4.74e-02	0.00000e+00
  7.27e-02	  4.79e-02	0.00000e+00
  7.27e-02	  4.84e-02	0.00000e+00
  7.27e-02	  4.90e-02	0.00000e+00
  7.27e-02	  4.95e-02	0.00000e+00

  7.34e-02	  0.00e+00	0.00000e+00
  7.34e-02	  5.21e-04	0.00000e+00
  7.34e-02	  1.04e-03	0.00000e+00
  7.34e-02	  1.56e-03	0.00000e+00
  7.34e-02	  2.08e-03	0.00000e+00
  7.34e-02	  2.60e-03	0.00000e+00
  7.34e-02	  3.12e-03	0.00000e+00
  7.34e-02	  3.65e-03	0.00000e+00
  7.34e-02	  4.17e-03	0.00000e+00
  7.34e-02	  4.69e-03	0.00000e+00
  7.34e-02	  5.21e-03	0.00000e+00
  7.34e-02	  5.73e-03	0.00000e+00
  7.34e-02	  6.25e-03	0.00000e+00
  7.34e-02	  6.77e-03	0.00000e+00
  7.34e-02	  7.29e-03	-7.58885e-320
  7.34e-02	  7.81e-03	-4.56323e-287
  7.34e-02	  8.33e-03	-2.44745e-254
  7.34e-02	  8.85e-03	-1.28214e-221
  7.34e-02	  9.37e-03	-6.53291e-189
  7.34e-02	  9.90e-03	-3.22371e-156
  7.34e-02	  1.04e-02	-1.53669e-123
  7.34e-02	  1.09e-02	-7.11339e-91
  7.34e-02	  1.15e-02	-3.29291e-58
  7.34e-02	  1.20e-02	-1.17593e-27
  7.34e-02	  1.25e-02	-3.35733e+02
  7.34e-02	  1.30e-02	-3.07422e+02
  7.34e-02	  1.35e-02	-3.50601e+02
  7.34e-02	  1.41e-02	-2.49930e+02
  7.34e-02	  1.46e-02	-1.50654e+02
  7.34e-02	  1.51e-02	-6.96116e+01
  7.34e-02	  1.56e-02	-3.67469e+00
  7.34e-02	  1.61e-02	5.14269e+01
  7.34e-02	  1.67e-02	9.74725e+01
  7.34e-02	  1.72e-02	1.30943e+02
  7.34e-02	  1.77e-02	1.38758e+02
  7.34e-02	  1.82e-02	1.54989e+02
  7.34e-02	  1.88e-02	-9.22577e+00
  7.34e-02	  1.93e-02	2.71047e+01
  7.34e-02	  1.98e-02	3.03962e-28
  7.34e-02	  2.03e-02	-1.79351e-123
  7.34e-02	  2.08e-02	-7.59715e-91
  7.34e-02	  2.14e-02	-3.50670e-58
  7.34e-02	  2.19e-02	-1.13074e-27
  7.34e-02	  2.24e-02	-3.45967e+02
  7.34e-02	  2.29e-02	-3.19358e+02
  7.34e-02	  2.34e-02	-3.64767e+02
  7.34e-02	  2.40e-02	-2.61166e+02
  7.34e-02	  2.45e-02	-1.58848e+02
  7.34e-02	  2.50e-02	-7.59138e+01
  7.34e-02	  2.55e-02	-9.82600e+00
  7.34e-02	  2.60e-02	4.38941e+01
  7.34e-02	  2.66e-02	8.99894e+01
  7.34e-02	  2.71e-02	1.34283e+02
  7.34e-02	  2.76e-02	1.79981e+02
  7.34e-02	  2.81e-02	1.79095e+02
  7.34e-02	  2.86e-02	-1.22582e+01
  7.34e-02	  2.92e-02	2.77376e+01
  7.34e-02	  2.97e-02	1.46913e-28
  7.34e-02	  3.02e-02	-1.28715e-123
  7.34e-02	  3.07e-02	-7.15957e-91
  7.34e-02	  3.13e-02	-3.31001e-58
  7.34e-02	  3.18e-02	-1.12014e-27
  7.34e-02	  3.23e-02	-2.81787e+02
  7.34e-02	  3.28e-02	-2.30179e+02
  7.34e-02	  3.33e-02	-3.32129e+02
  7.34e-02	  3.39e-02	-2.06137e+02
  7.34e-02	  3.44e-02	-1.52488e+02
  7.34e-02	  3.49e-02	-9.30814e+01
  7.34e-02	  3.54e-02	-3.34983e+01
  7.34e-02	  3.59e-02	2.22912e+01
  7.34e-02	  3.65e-02	7.43049e+01
  7.34e-02	  3.70e-02	1.26284e+02
  7.34e-02	  3.75e-02	1.80737e+02
  7.34e-02	  3.80e-02	1.91861e+02
  7.34e-02	  3.85e-02	-1.07370e+01
  7.34e-02	  3.91e-02	3.38363e+01
  7.34e-02	  3.96e-02	2.05879e-28
  7.34e-02	  4.01e-02	5.75664e-125
  7.34e-02	  4.06e-02	7.83021e-158
  7.34e-02	  4.11e-02	1.03182e-190
  7.34e-02	  4.17e-02	1.30059e-223
  7.34e-02	  4.22e-02	1.53065e-256
  7.34e-02	  4.27e-02	1.59184e-289
  7.34e-02	  4.32e-02	0.00000e+00
  7.34e-02	  4.37e-02	0.00000e+00
  7.34e-02	  4.43e-02	0.00000e+00
  7.34e-02	  4.48e-02	0.00000e+00
  7.34e-02	  4.53e-02	0.00000e+00
  7.34e-02	  4.58e-02	0.00000e+00
  7.34e-02	  4.64e-02	0.00000e+00
  7.34e-02	  4.69e-02	0.00000e+00
  7.34e-02	  4.74e-02	0.00000e+00
  7.34e-02	  4.79e-02	0.00000e+00
  7.34e-02	  4.84e-02	0.00000e+00
  7.34e-02	  4.90e-02	0.00000e+00
  7.34e-02	  4.95e-02	0.00000e+00

  7.42e-02	  0.00e+00	0.00000e+00
  7.42e-02	  5.21e-04	0.00000e+00
  7.42e-02	  1.04e-03	0.00000e+00
  7.42e-02	  1.56e-03	0.00000e+00
  7.42e-02	  2.08e-03	0.00000e+00
  7.42e-02	  2.60e-03	0.00000e+00
  7.42e-02	  3.12e-03	0.00000e+00
  7.42e-02	  3.65e-03	0.00000e+00
  7.42e-02	  4.17e-03	0.00000e+00
  7.42e-02	  4.69e-03	0.00000e+00
  7.42e-02	  5.21e-03	0.00000e+00
  7.42e-02	  5.73e-03	0.00000e+00
  7.42e-02	  6.25e-03	0.00000e+00
  7.42e-02	  6.77e-03	0.00000e+00
  7.42e-02	  7.29e-03	0.00000e+00
  7.42e-02	  7.81e-03	-1.32805e-319
  7.42e-02	  8.33e-03	-6.35757e-287
  7.42e-02	  8.85e-03	-3.16041e-254
  7.42e-02	  9.37e-03	-1.54198e-221
  7.42e-02	  9.90e-03	-7.40028e-189
  7.42e-02	  1.04e-02	-3.51244e-156
  7.42e-02	  1.09e-02	-1.66433e-123
  7.42e-02	  1.15e-02	-7.96181e-91
  7.42e-02	  1.20e-02	-3.85815e-58
  7.42e-02	  1.25e-02	-1.33975e-27
  7.42e-02	  1.30e-02	-5.88084e+02
  7.42e-02	  1.35e-02	-2.33238e+02
  7.42e-02	  1.41e-02	-1.55337e+02
  7.42e-02	  1.46e-02	-1.05813e+02
  7.42e-02	  1.51e-02	-5.75288e+01
  7.42e-02	  1.56e-02	-9.97246e+00
  7.42e-02	  1.61e-02	3.32661e+01
  7.42e-02	  1.67e-02	6.84142e+01
  7.42e-02	  1.72e-02	9.13674e+01
  7.42e-02	  1.77e-02	9.81782e+01
  7.42e-02	  1.82e-02	9.00951e+01
  7.42e-02	  1.88e-02	8.02032e+01
  7.42e-02	  1.93e-02	-2.66916e+01
  7.42e-02	  1.98e-02	6.59664e-29
  7.42e-02	  2.03e-02	-7.31164e-92
  7.42e-02	  2.08e-02	-1.89298e-123
  7.42e-02	  2.14e-02	-8.54506e-91
  7.42e-02	  2.19e-02	-4.15553e-58
  7.42e-02	  2.24e-02	-1.31571e-27
  7.42e-02	  2.29e-02	-6.10050e+02
  7.42e-02	  2.34e-02	-2.43914e+02
  7.42e-02	  2.40e-02	-1.63750e+02
  7.42e-02	  2.45e-02	-1.13108e+02
  7.42e-02	  2.50e-02	-6.37769e+01
  7.42e-02	  2.55e-02	-1.50103e+01
  7.42e-02	  2.60e-02	3.02245e+01
  7.42e-02	  2.66e-02	6.96452e+01
  7.42e-02	  2.71e-02	1.00907e+02
  7.42e-02	  2.76e-02	1.18152e+02
  7.42e-02	  2.81e-02	1.06846e+02
  7.42e-02	  2.86e-02	9.04016e+01
  7.42e-02	  2.92e-02	-2.72824e+01
  7.42e-02	  2.97e-02	1.98206e-18
  7.42e-02	  3.02e-02	2.15125e-28
  7.42e-02	  3.07e-02	-1.63166e-123
  7.42e-02	  3.13e-02	-7.17993e-91
  7.42e-02	  3.18e-02	-3.32896e-58
  7.42e-02	  3.23e-02	-1.09375e-27
  7.42e-02	  3.28e-02	-3.30422e+02
  7.42e-02	  3.33e-02	-3.15010e+02
  7.42e-02	  3.39e-02	-3.57199e+02
  7.42e-02	  3.44e-02	-2.64645e+02
  7.42e-02	  3.49e-02	-1.69809e+02
  7.42e-02	  3.54e-02	-8.68961e+01
  7.42e-02	  3.59e-02	-1.75685e+01
  7.42e-02	  3.65e-02	3.91342e+01
  7.42e-02	  3.70e-02	8.32050e+01
  7.42e-02	  3.75e-02	1.10095e+02
  7.42e-02	  3.80e-02	1.06011e+02
  7.42e-02	  3.85e-02	9.77259e+01
  7.42e-02	  3.91e-02	-3.32546e+01
  7.42e-02	  3.96e-02	1.08928e-17
  7.42e-02	  4.01e-02	2.85469e-28
  7.42e-02	  4.06e-02	-6.68433e-126
  7.42e-02	  4.11e-02	-1.19301e-158
  7.42e-02	  4.17e-02	-2.07614e-191
  7.42e-02	  4.22e-02	-3.54551e-224
  7.42e-02	  4.27e-02	-5.96647e-257
  7.42e-02	  4.32e-02	-9.92227e-290
  7.42e-02	  4.37e-02	0.00000e+00
  7.42e-02	  4.43e-02	0.00000e+00
  7.42e-02	  4.48e-02	0.00000e+00
  7.42e-02	  4.53e-02	0.00000e+00
  7.42e-02	  4.58e-02	0.00000e+00
  7.42e-02	  4.64e-02	0.00000e+00
  7.42e-02	  4.69e-02	0.00000e+00
  7.42e-02	  4.74e-02	0.00000e+00
  7.42e-02	  4.79e-02	0.00000e+00
  7.42e-02	  4.84e-02	0.00000e+00
  7.42e-02	  4.90e-02	0.00000e+00
  7.42e-02	  4.95e-02	0.00000e+00

  7.50e-02	  0.00e+00	0.00000e+00
  7.50e-02	  5.21e-04	0.00000e+00
  7.50e-02	  1.04e-03	0.00000e+00
  7.50e-02	  1.56e-03	0.00000e+00
  7.50e-02	  2.08e-03	0.00000e+00
  7.50e-02	  2.60e-03	0.00000e+00
  7.50e-02	  3.12e-03	0.00000e+00
  7.50e-02	  3.65e-03	0.00000e+00
  7.50e-02	  4.17e-03	0.00000e+00
  7.50e-02	  4.69e-03	0.00000e+00
  7.50e-02	  5.21e-03	0.00000e+00
  7.50e-02	  5.73e-03	0.00000e+00
  7.50e-02	  6.25e-03	0.00000e+00
  7.50e-02	  6.77e-03	0.00000e+00
  7.50e-02	  7.29e-03	0.00000e+00
  7.50e-02	  7.81e-03	0.00000e+00
  7.50e-02	  8.33e-03	-7.97459e-291
  7.50e-02	  8.85e-03	-5.32729e-258
  7.50e-02	  9.37e-03	-3.55879e-225
  7.50e-02	  9.90e-03	-2.37737e-192
  7.50e-02	  1.04e-02	-1.58815e-159
  7.50e-02	  1.09e-02	-1.06092e-126
  7.50e-02	  1.15e-02	-7.08712e-94
  7.50e-02	  1.20e-02	-4.73428e-61
  7.50e-02	  1.25e-02	-3.16254e-28
  7.50e-02	  1.30e-02	-5.16541e+02
  7.50e-02	  1.35e-02	-2.31551e+02
  7.50e-02	  1.41e-02	-1.78416e+02
  7.50e-02	  1.46e-02	-1.24767e+02
  7.50e-02	  1.51e-02	-7.07172e+01
  7.50e-02	  1.56e-02	-2.01047e+01
  7.50e-02	  1.61e-02	2.36257e+01
  7.50e-02	  1.67e-02	5.76885e+01
  7.50e-02	  1.72e-02	7.97913e+01
  7.50e-02	  1.77e-02	8.83176e+01
  7.50e-02	  1.82e-02	8.25067e+01
  7.50e-02	  1.88e-02	5.99014e+01
  7.50e-02	  1.93e-02	3.30544e+01
  7.50e-02	  1.98e-02	1.07182e-28
  7.50e-02	  2.03e-02	6.09213e-62
  7.50e-02	  2.08e-02	9.11832e-95
  7.50e-02	  2.14e-02	-7.91797e-94
  7.50e-02	  2.19e-02	-5.28967e-61
  7.50e-02	  2.24e-02	-3.53378e-28
  7.50e-02	  2.29e-02	-5.37138e+02
  7.50e-02	  2.34e-02	-2.42176e+02
  7.50e-02	  2.40e-02	-1.87700e+02
  7.50e-02	  2.45e-02	-1.32766e+02
  7.50e-02	  2.50e-02	-7.71036e+01
  7.50e-02	  2.55e-02	-2.41292e+01
  7.50e-02	  2.60e-02	2.31548e+01
  7.50e-02	  2.66e-02	6.21816e+01
  7.50e-02	  2.71e-02	8.99776e+01
  7.50e-02	  2.76e-02	1.02529e+02
  7.50e-02	  2.81e-02	9.60604e+01
  7.50e-02	  2.86e-02	7.28584e+01
  7.50e-02	  2.92e-02	3.37614e+01
  7.50e-02	  2.97e-02	-1.98206e-18
  7.50e-02	  3.02e-02	-2.15125e-28
  7.50e-02	  3.07e-02	-7.98675e-92
  7.50e-02	  3.13e-02	-1.84837e-123
  7.50e-02	  3.18e-02	-8.36862e-91
  7.50e-02	  3.23e-02	-4.11797e-58
  7.50e-02	  3.28e-02	-1.31632e-27
  7.50e-02	  3.33e-02	-6.11525e+02
  7.50e-02	  3.39e-02	-3.87076e+02
  7.50e-02	  3.44e-02	-2.71834e+02
  7.50e-02	  3.49e-02	-1.73080e+02
  7.50e-02	  3.54e-02	-8.97644e+01
  7.50e-02	  3.59e-02	-2.07306e+01
  7.50e-02	  3.65e-02	3.43292e+01
  7.50e-02	  3.70e-02	7.41205e+01
  7.50e-02	  3.75e-02	9.53561e+01
  7.50e-02	  3.80e-02	9.40131e+01
  7.50e-02	  3.85e-02	7.05318e+01
  7.50e-02	  3.91e-02	4.11317e+01
  7.50e-02	  3.96e-02	-1.08928e-17
  7.50e-02	  4.01e-02	-2.85469e-28
  7.50e-02	  4.06e-02	-5.27496e-94
  7.50e-02	  4.11e-02	-7.93474e-127
  7.50e-02	  4.17e-02	-1.19360e-159
  7.50e-02	  4.22e-02	-1.79554e-192
  7.50e-02	  4.27e-02	-2.70110e-225
  7.50e-02	  4.32e-02	-4.06342e-258
  7.50e-02	  4.37e-02	-6.11288e-291
  7.50e-02	  4.43e-02	0.00000e+00
  7.50e-02	  4.48e-02	0.00000e+00
  7.50e-02	  4.53e-02	0.00000e+00
  7.50e-02	  4.58e-02	0.00000e+00
  7.50e-02	  4.64e-02	0.00000e+00
  7.50e-02	  4.69e-02	0.00000e+00
  7.50e-02	  4.74e-02	0.00000e+00
  7.50e-02	  4.79e-02	0.00000e+00
  7.50e-02	  4.84e-02	0.00000e+00
  7.50e-02	  4.90e-02	0.00000e+00
  7.50e-02	  4.95e-02	0.00000e+00

  7.58e-02	  0.00e+00	0.00000e+00
  7.58e-02	  5.21e-04	0.00000e+00
  7.58e-02	  1.04e-03	0.00000e+00
  7.58e-02	  1.56e-03	0.00000e+00
  7.58e-02	  2.08e-03	0.00000e+00
  7.58e-02	  2.60e-03	0.00000e+00
  7.58e-02	  3.12e-03	0.00000e+00
  7.58e-02	  3.65e-03	0.00000e+00
  7.58e-02	  4.17e-03	0.00000e+00
  7.58e-02	  4.69e-03	0.00000e+00
  7.58e-02	  5.21e-03	0.00000e+00
  7.58e-02	  5.73e-03	0.00000e+00
  7.58e-02	  6.25e-03	0.00000e+00
  7.58e-02	  6.77e-03	0.00000e+00
  7.58e-02	  7.29e-03	0.00000e+00
  7.58e-02	  7.81e-03	0.00000e+00
  7.58e-02	  8.33e-03	-8.26740e-291
  7.58e-02	  8.85e-03	-5.52368e-258
  7.58e-02	  9.37e-03	-3.69051e-225
  7.58e-02	  9.90e-03	-2.46571e-192
  7.58e-02	  1.04e-02	-1.64739e-159
  7.58e-02	  1.09e-02	-1.10065e-126
  7.58e-02	  1.15e-02	-7.35356e-94
  7.58e-02	  1.20e-02	-4.91296e-61
  7.58e-02	  1.25e-02	-3.28235e-28
  7.58e-02	  1.30e-02	-5.15172e+02
  7.58e-02	  1.35e-02	-3.65296e+02
  7.58e-02	  1.41e-02	-2.80534e+02
  7.58e-02	  1.46e-02	-1.80183e+02
  7.58e-02	  1.51e-02	-9.49870e+01
  7.58e-02	  1.56e-02	-2.67101e+01
  7.58e-02	  1.61e-02	2.68578e+01
  7.58e-02	  1.67e-02	6.69390e+01
  7.58e-02	  1.72e-02	9.36893e+01
  7.58e-02	  1.77e-02	1.07351e+02
  7.58e-02	  1.82e-02	1.09024e+02
  7.58e-02	  1.88e-02	9.56623e+01
  7.58e-02	  1.93e-02	8.94335e+01
  7.58e-02	  1.98e-02	-3.94675e-28
  7.58e-02	  2.03e-02	6.24663e-62
  7.58e-02	  2.08e-02	9.34984e-95
  7.58e-02	  2.14e-02	-8.11835e-94
  7.58e-02	  2.19e-02	-5.42423e-61
  7.58e-02	  2.24e-02	-3.62414e-28
  7.58e-02	  2.29e-02	-5.35306e+02
  7.58e-02	  2.34e-02	-3.78557e+02
  7.58e-02	  2.40e-02	-2.92375e+02
  7.58e-02	  2.45e-02	-1.90175e+02
  7.58e-02	  2.50e-02	-1.02886e+02
  7.58e-02	  2.55e-02	-3.16837e+01
  7.58e-02	  2.60e-02	2.63310e+01
  7.58e-02	  2.66e-02	7.26117e+01
  7.58e-02	  2.71e-02	1.06089e+02
  7.58e-02	  2.76e-02	1.23238e+02
  7.58e-02	  2.81e-02	1.21052e+02
  7.58e-02	  2.86e-02	1.07995e+02
  7.58e-02	  2.92e-02	9.16271e+01
  7.58e-02	  2.97e-02	2.96985e-31
  7.58e-02	  3.02e-02	1.00276e-58
  7.58e-02	  3.07e-02	1.50208e-91
  7.58e-02	  3.13e-02	-1.30848e-123
  7.58e-02	  3.18e-02	-7.53927e-91
  7.58e-02	  3.23e-02	-3.79604e-58
  7.58e-02	  3.28e-02	-7.75088e-28
  7.58e-02	  3.33e-02	-7.06863e+02
  7.58e-02	  3.39e-02	-3.16205e+02
  7.58e-02	  3.44e-02	-2.11003e+02
  7.58e-02	  3.49e-02	-1.28117e+02
  7.58e-02	  3.54e-02	-5.61774e+01
  7.58e-02	  3.59e-02	6.76617e+00
  7.58e-02	  3.65e-02	5.99062e+01
  7.58e-02	  3.70e-02	1.00617e+02
  7.58e-02	  3.75e-02	1.24380e+02
  7.58e-02	  3.80e-02	1.27150e+02
  7.58e-02	  3.85e-02	1.15206e+02
  7.58e-02	  3.91e-02	1.11859e+02
  7.58e-02	  3.96e-02	-2.42860e-29
  7.58e-02	  4.01e-02	5.10275e-61
  7.58e-02	  4.06e-02	7.66327e-94
  7.58e-02	  4.11e-02	1.15088e-126
  7.58e-02	  4.17e-02	1.72845e-159
  7.58e-02	  4.22e-02	2.59592e-192
  7.58e-02	  4.27e-02	3.89881e-225
  7.58e-02	  4.32e-02	5.85568e-258
  7.58e-02	  4.37e-02	8.79479e-291
  7.58e-02	  4.43e-02	0.00000e+00
  7.58e-02	  4.48e-02	0.00000e+00
  7.58e-02	  4.53e-02	0.00000e+00
  7.58e-02	  4.58e-02	0.00000e+00
  7.58e-02	  4.64e-02	0.00000e+00
  7.58e-02	  4.69e-02	0.00000e+00
  7.58e-02	  4.74e-02	0.00000e+00
  7.58e-02	  4.79e-02	0.00000e+00
  7.58e-02	  4.84e-02	0.00000e+00
  7.58e-02	  4.90e-02	0.00000e+00
  7.58e-02	  4.95e-02	0.00000e+00

  7.66e-02	  0.00e+00	0.00000e+00
  7.66e-02	  5.21e-04	0.00000e+00
  7.66e-02	  1.04e-03	0.00000e+00
  7.66e-02	  1.56e-03	0.00000e+00
  7.66e-02	  2.08e-03	0.00000e+00
  7.66e-02	  2.60e-03	0.00000e+00
  7.66e-02	  3.12e-03	0.00000e+00
  7.66e-02	  3.65e-03	0.00000e+00
  7.66e-02	  4.17e-03	0.00000e+00
  7.66e-02	  4.69e-03	0.00000e+00
  7.66e-02	  5.21e-03	0.00000e+00
  7.66e-02	  5.73e-03	0.00000e+00
  7.66e-02	  6.25e-03	0.00000e+00
  7.66e-02	  6.77e-03	0.00000e+00
  7.66e-02	  7.29e-03	0.00000e+00
  7.66e-02	  7.81e-03	-8.53745e-320
  7.66e-02	  8.33e-03	-5.54932e-287
  7.66e-02	  8.85e-03	-2.74704e-254
  7.66e-02	  9.37e-03	-1.33414e-221
  7.66e-02	  9.90e-03	-6.37689e-189
  7.66e-02	  1.04e-02	-3.02181e-156
  7.66e-02	  1.09e-02	-1.43748e-123
  7.66e-02	  1.15e-02	-6.96591e-91
  7.66e-02	  1.20e-02	-3.45362e-58
  7.66e-02	  1.25e-02	-7.25839e-28
  7.66e-02	  1.30e-02	-6.91288e+02
  7.66e-02	  1.35e-02	-2.89302e+02
  7.66e-02	  1.41e-02	-2.01620e+02
  7.66e-02	  1.46e-02	-1.28778e+02
  7.66e-02	  1.51e-02	-6.00698e+01
  7.66e-02	  1.56e-02	2.83016e+00
  7.66e-02	  1.61e-02	5.78623e+01
  7.66e-02	  1.67e-02	1.02936e+02
  7.66e-02	  1.72e-02	1.35099e+02
  7.66e-02	  1.77e-02	1.52371e+02
  7.66e-02	  1.82e-02	1.63399e+02
  7.66e-02	  1.88e-02	1.89040e+02
  7.66e-02	  1.93e-02	1.92537e-28
  7.66e-02	  1.98e-02	2.06011e-58
  7.66e-02	  2.03e-02	3.08362e-91
  7.66e-02	  2.08e-02	-1.43376e-123
  7.66e-02	  2.14e-02	-9.18486e-91
  7.66e-02	  2.19e-02	-4.53837e-58
  7.66e-02	  2.24e-02	-7.91245e-28
  7.66e-02	  2.29e-02	-7.12361e+02
  7.66e-02	  2.34e-02	-2.99426e+02
  7.66e-02	  2.40e-02	-2.11697e+02
  7.66e-02	  2.45e-02	-1.38951e+02
  7.66e-02	  2.50e-02	-7.00437e+01
  7.66e-02	  2.55e-02	-6.01832e+00
  7.66e-02	  2.60e-02	5.24740e+01
  7.66e-02	  2.66e-02	1.05576e+02
  7.66e-02	  2.71e-02	1.51813e+02
  7.66e-02	  2.76e-02	1.83019e+02
  7.66e-02	  2.81e-02	1.77719e+02
  7.66e-02	  2.86e-02	2.08120e+02
  7.66e-02	  2.92e-02	2.08268e-28
  7.66e-02	  2.97e-02	1.70042e-58
  7.66e-02	  3.02e-02	3.21156e-91
  7.66e-02	  3.07e-02	-7.69790e-124
  7.66e-02	  3.13e-02	-6.16998e-91
  7.66e-02	  3.18e-02	-2.83066e-58
  7.66e-02	  3.23e-02	-4.05030e-28
  7.66e-02	  3.28e-02	-3.99523e+02
  7.66e-02	  3.33e-02	-3.80042e+02
  7.66e-02	  3.39e-02	-2.69040e+02
  7.66e-02	  3.44e-02	-1.72556e+02
  7.66e-02	  3.49e-02	-9.10489e+01
  7.66e-02	  3.54e-02	-2.00174e+01
  7.66e-02	  3.59e-02	4.39208e+01
  7.66e-02	  3.65e-02	1.02476e+02
  7.66e-02	  3.70e-02	1.54509e+02
  7.66e-02	  3.75e-02	1.91697e+02
  7.66e-02	  3.80e-02	1.92199e+02
  7.66e-02	  3.85e-02	2.32174e+02
  7.66e-02	  3.91e-02	2.56821e-28
  7.66e-02	  3.96e-02	2.04417e-58
  7.66e-02	  4.01e-02	3.06236e-91
  7.66e-02	  4.06e-02	4.58773e-124
  7.66e-02	  4.11e-02	6.87294e-157
  7.66e-02	  4.17e-02	1.02965e-189
  7.66e-02	  4.22e-02	1.54256e-222
  7.66e-02	  4.27e-02	2.31097e-255
  7.66e-02	  4.32e-02	3.46216e-288
  7.66e-02	  4.37e-02	0.00000e+00
  7.66e-02	  4.43e-02	0.00000e+00
  7.66e-02	  4.48e-02	0.00000e+00
  7.66e-02	  4.53e-02	0.00000e+00
  7.66e-02	  4.58e-02	0.00000e+00
  7.66e-02	  4.64e-02	0.00000e+00
  7.66e-02	  4.69e-02	0.00000e+00
  7.66e-02	  4.74e-02	0.00000e+00
  7.66e-02	  4.79e-02	0.00000e+00
  7.66e-02	  4.84e-02	0.00000e+00
  7.66e-02	  4.90e-02	0.00000e+00
  7.66e-02	  4.95e-02	0.00000e+00

  7.73e-02	  0.00e+00	0.00000e+00
  7.73e-02	  5.21e-04	0.00000e+00
  7.73e-02	  1.04e-03	0.00000e+00
  7.73e-02	  1.56e-03	0.00000e+00
  7.73e-02	  2.08e-03	0.00000e+00
  7.73e-02	  2.60e-03	0.00000e+00
  7.73e-02	  3.12e-03	0.00000e+00
  7.73e-02	  3.65e-03	0.00000e+00
  7.73e-02	  4.17e-03	0.00000e+00
  7.73e-02	  4.69e-03	0.00000e+00
  7.73e-02	  5.21e-03	0.00000e+00
  7.73e-02	  5.73e-03	0.00000e+00
  7.73e-02	  6.25e-03	0.00000e+00
  7.73e-02	  6.77e-03	0.00000e+00
  7.73e-02	  7.29e-03	-7.58885e-320
  7.73e-02	  7.81e-03	-4.10473e-287
  7.73e-02	  8.33e-03	-2.19512e-254
  7.73e-02	  8.85e-03	-1.14446e-221
  7.73e-02	  9.37e-03	-5.78838e-189
  7.73e-02	  9.90e-03	-2.82501e-156
  7.73e-02	  1.04e-02	-1.32573e-123
  7.73e-02	  1.09e-02	-6.01612e-91
  7.73e-02	  1.15e-02	-2.73814e-58
  7.73e-02	  1.20e-02	-4.09694e-28
  7.73e-02	  1.25e-02	-4.15093e+02
  7.73e-02	  1.30e-02	-3.72958e+02
  7.73e-02	  1.35e-02	-2.53326e+02
  7.73e-02	  1.41e-02	-1.60947e+02
  7.73e-02	  1.46e-02	-8.56086e+01
  7.73e-02	  1.51e-02	-1.83522e+01
  7.73e-02	  1.56e-02	4.48128e+01
  7.73e-02	  1.61e-02	1.05400e+02
  7.73e-02	  1.67e-02	1.62388e+02
  7.73e-02	  1.72e-02	2.08067e+02
  7.73e-02	  1.77e-02	2.21502e+02
  7.73e-02	  1.82e-02	2.87898e+02
  7.73e-02	  1.88e-02	3.58588e-28
  7.73e-02	  1.93e-02	2.41882e-58
  7.73e-02	  1.98e-02	4.98933e-91
  7.73e-02	  2.03e-02	-7.73977e-124
  7.73e-02	  2.08e-02	-7.91550e-91
  7.73e-02	  2.14e-02	-3.63855e-58
  7.73e-02	  2.19e-02	-4.37873e-28
  7.73e-02	  2.24e-02	-4.21621e+02
  7.73e-02	  2.29e-02	-3.83267e+02
  7.73e-02	  2.34e-02	-2.62241e+02
  7.73e-02	  2.40e-02	-1.69830e+02
  7.73e-02	  2.45e-02	-9.56683e+01
  7.73e-02	  2.50e-02	-3.09885e+01
  7.73e-02	  2.55e-02	2.81109e+01
  7.73e-02	  2.60e-02	8.44207e+01
  7.73e-02	  2.66e-02	1.42459e+02
  7.73e-02	  2.71e-02	2.10006e+02
  7.73e-02	  2.76e-02	2.93214e+02
  7.73e-02	  2.81e-02	3.30351e+02
  7.73e-02	  2.86e-02	4.17252e-28
  7.73e-02	  2.92e-02	2.20205e-58
  7.73e-02	  2.97e-02	4.42370e-91
  7.73e-02	  3.02e-02	-4.07934e-124
  7.73e-02	  3.07e-02	-6.49570e-91
  7.73e-02	  3.13e-02	-2.94163e-58
  7.73e-02	  3.18e-02	-3.23697e-28
  7.73e-02	  3.23e-02	-3.38879e+02
  7.73e-02	  3.28e-02	-2.70193e+02
  7.73e-02	  3.33e-02	-2.49868e+02
  7.73e-02	  3.39e-02	-1.90466e+02
  7.73e-02	  3.44e-02	-1.19576e+02
  7.73e-02	  3.49e-02	-4.95988e+01
  7.73e-02	  3.54e-02	1.59773e+01
  7.73e-02	  3.59e-02	7.83532e+01
  7.73e-02	  3.65e-02	1.42238e+02
  7.73e-02	  3.70e-02	2.16080e+02
  7.73e-02	  3.75e-02	3.06683e+02
  7.73e-02	  3.80e-02	3.54188e+02
  7.73e-02	  3.85e-02	4.61963e-28
  7.73e-02	  3.91e-02	2.45404e-58
  7.73e-02	  3.96e-02	5.03059e-91
  7.73e-02	  4.01e-02	9.56278e-124
  7.73e-02	  4.06e-02	1.73585e-156
  7.73e-02	  4.11e-02	3.05428e-189
  7.73e-02	  4.17e-02	5.25473e-222
  7.73e-02	  4.22e-02	8.88837e-255
  7.73e-02	  4.27e-02	1.48364e-287
  7.73e-02	  4.32e-02	9.48606e-321
  7.73e-02	  4.37e-02	0.00000e+00
  7.73e-02	  4.43e-02	0.00000e+00
  7.73e-02	  4.48e-02	0.00000e+00
  7.73e-02	  4.53e-02	0.00000e+00
  7.73e-02	  4.58e-02	0.00000e+00
  7.73e-02	  4.64e-02	0.00000e+00
  7.73e-02	  4.69e-02	0.00000e+00
  7.73e-02	  4.74e-02	0.00000e+00
  7.73e-02	  4.79e-02	0.00000e+00
  7.73e-02	  4.84e-02	0.00000e+00
  7.73e-02	  4.90e-02	0.00000e+00
  7.73e-02	  4.95e-02	0.00000e+00

  7.81e-02	  0.00e+00	0.00000e+00
  7.81e-02	  5.21e-04	0.00000e+00
  7.81e-02	  1.04e-03	0.00000e+00
  7.81e-02	  1.56e-03	0.00000e+00
  7.81e-02	  2.08e-03	0.00000e+00
  7.81e-02	  2.60e-03	0.00000e+00
  7.81e-02	  3.12e-03	0.00000e+00
  7.81e-02	  3.65e-03	0.00000e+00
  7.81e-02	  4.17e-03	0.00000e+00
  7.81e-02	  4.69e-03	0.00000e+00
  7.81e-02	  5.21e-03	0.00000e+00
  7.81e-02	  5.73e-03	0.00000e+00
  7.81e-02	  6.25e-03	0.00000e+00
  7.81e-02	  6.77e-03	-2.84582e-320
  7.81e-02	  7.29e-03	-2.10712e-287
  7.81e-02	  7.81e-03	-1.25739e-254
  7.81e-02	  8.33e-03	-7.38789e-222
  7.81e-02	  8.85e-03	-4.25361e-189
  7.81e-02	  9.37e-03	-2.38216e-156
  7.81e-02	  9.90e-03	-1.28177e-123
  7.81e-02	  1.04e-02	-6.47610e-91
  7.81e-02	  1.09e-02	-2.92001e-58
  7.81e-02	  1.15e-02	-3.33944e-28
  7.81e-02	  1.20e-02	-3.52418e+02
  7.81e-02	  1.25e-02	-2.74792e+02
  7.81e-02	  1.30e-02	-2.45375e+02
  7.81e-02	  1.35e-02	-1.80519e+02
  7.81e-02	  1.41e-02	-1.09633e+02
  7.81e-02	  1.46e-02	-4.22792e+01
  7.81e-02	  1.51e-02	2.08396e+01
  7.81e-02	  1.56e-02	8.23734e+01
  7.81e-02	  1.61e-02	1.47572e+02
  7.81e-02	  1.67e-02	2.25168e+02
  7.81e-02	  1.72e-02	3.22510e+02
  7.81e-02	  1.77e-02	3.84706e+02
  7.81e-02	  1.82e-02	5.16414e-28
  7.81e-02	  1.88e-02	2.62473e-58
  7.81e-02	  1.93e-02	5.53480e-91
  7.81e-02	  1.98e-02	-4.57425e-124
  7.81e-02	  2.03e-02	-8.21782e-91
  7.81e-02	  2.08e-02	-3.75322e-58
  7.81e-02	  2.14e-02	-3.52588e-28
  7.81e-02	  2.19e-02	-3.53715e+02
  7.81e-02	  2.24e-02	-2.78343e+02
  7.81e-02	  2.29e-02	-2.50691e+02
  7.81e-02	  2.34e-02	-1.85560e+02
  7.81e-02	  2.40e-02	-1.14156e+02
  7.81e-02	  2.45e-02	-4.72999e+01
  7.81e-02	  2.50e-02	1.25481e+01
  7.81e-02	  2.55e-02	6.50320e+01
  7.81e-02	  2.60e-02	1.10176e+02
  7.81e-02	  2.66e-02	1.48757e+02
  7.81e-02	  2.71e-02	1.87717e+02
  7.81e-02	  2.76e-02	3.72229e+02
  7.81e-02	  2.81e-02	8.96714e-28
  7.81e-02	  2.86e-02	2.81388e-58
  7.81e-02	  2.92e-02	5.66995e-91
  7.81e-02	  2.97e-02	4.33439e-124
  7.81e-02	  3.02e-02	-4.74877e-91
  7.81e-02	  3.07e-02	-3.18411e-58
  7.81e-02	  3.13e-02	-8.67616e-28
  7.81e-02	  3.18e-02	-2.29848e+02
  7.81e-02	  3.23e-02	-1.86121e+02
  7.81e-02	  3.28e-02	-1.84689e+02
  7.81e-02	  3.33e-02	-1.63002e+02
  7.81e-02	  3.39e-02	-1.18419e+02
  7.81e-02	  3.44e-02	-6.16406e+01
  7.81e-02	  3.49e-02	-2.35009e+00
  7.81e-02	  3.54e-02	5.35397e+01
  7.81e-02	  3.59e-02	1.03217e+02
  7.81e-02	  3.65e-02	1.46477e+02
  7.81e-02	  3.70e-02	1.90652e+02
  7.81e-02	  3.75e-02	3.85802e+02
  7.81e-02	  3.80e-02	9.38998e-28
  7.81e-02	  3.85e-02	2.94015e-58
  7.81e-02	  3.91e-02	6.02831e-91
  7.81e-02	  3.96e-02	1.23606e-123
  7.81e-02	  4.01e-02	2.48464e-156
  7.81e-02	  4.06e-02	4.87086e-189
  7.81e-02	  4.11e-02	9.31741e-222
  7.81e-02	  4.17e-02	1.74330e-254
  7.81e-02	  4.22e-02	3.19911e-287
  7.81e-02	  4.27e-02	4.74303e-320
  7.81e-02	  4.32e-02	0.00000e+00
  7.81e-02	  4.37e-02	0.00000e+00
  7.81e-02	  4.43e-02	0.00000e+00
  7.81e-02	  4.48e-02	0.00000e+00
  7.81e-02	  4.53e-02	0.00000e+00
  7.81e-02	  4.58e-02	0.00000e+00
  7.81e-02	  4.64e-02	0.00000e+00
  7.81e-02	  4.69e-02	0.00000e+00
  7.81e-02	  4.74e-02	0.00000e+00
  7.81e-02	  4.79e-02	0.00000e+00
  7.81e-02	  4.84e-02	0.00000e+00
  7.81e-02	  4.90e-02	0.00000e+00
  7.81e-02	  4.95e-02	0.00000e+00

  7.89e-02	  0.00e+00	0.00000e+00
  7.89e-02	  5.21e-04	0.00000e+00
  7.89e-02	  1.04e-03	0.00000e+00
  7.89e-02	  1.56e-03	0.00000e+00
  7.89e-02	  2.08e-03	0.00000e+00
  7.89e-02	  2.60e-03	0.00000e+00
  7.89e-02	  3.12e-03	0.00000e+00
  7.89e-02	  3.65e-03	0.00000e+00
  7.89e-02	  4.17e-03	0.00000e+00
  7.89e-02	  4.69e-03	0.00000e+00
  7.89e-02	  5.21e-03	0.00000e+00
  7.89e-02	  5.73e-03	0.00000e+00
  7.89e-02	  6.25e-03	0.00000e+00
  7.89e-02	  6.77e-03	-5.24605e-288
  7.89e-02	  7.29e-03	-3.51884e-255
  7.89e-02	  7.81e-03	-2.36042e-222
  7.89e-02	  8.33e-03	-1.58342e-189
  7.89e-02	  8.85e-03	-1.06223e-156
  7.89e-02	  9.37e-03	-7.12598e-124
  7.89e-02	  9.90e-03	-4.78047e-91
  7.89e-02	  1.04e-02	-3.20695e-58
  7.89e-02	  1.09e-02	-8.62494e-28
  7.89e-02	  1.15e-02	-2.38257e+02
  7.89e-02	  1.20e-02	-1.89833e+02
  7.89e-02	  1.25e-02	-1.84006e+02
  7.89e-02	  1.30e-02	-1.57599e+02
  7.89e-02	  1.35e-02	-1.09905e+02
  7.89e-02	  1.41e-02	-5.25874e+01
  7.89e-02	  1.46e-02	5.41824e+00
  7.89e-02	  1.51e-02	5.95822e+01
  7.89e-02	  1.56e-02	1.08196e+02
  7.89e-02	  1.61e-02	1.51562e+02
  7.89e-02	  1.67e-02	1.97156e+02
  7.89e-02	  1.72e-02	3.98454e+02
  7.89e-02	  1.77e-02	9.66954e-28
  7.89e-02	  1.82e-02	2.98326e-58
  7.89e-02	  1.88e-02	6.20629e-91
  7.89e-02	  1.93e-02	4.15715e-124
  7.89e-02	  1.98e-02	-5.89695e-91
  7.89e-02	  2.03e-02	-3.94711e-58
  7.89e-02	  2.08e-02	-1.05301e-27
  7.89e-02	  2.14e-02	-2.38041e+02
  7.89e-02	  2.19e-02	-1.91852e+02
  7.89e-02	  2.24e-02	-1.86849e+02
  7.89e-02	  2.29e-02	-1.60336e+02
  7.89e-02	  2.34e-02	-1.10829e+02
  7.89e-02	  2.40e-02	-5.00175e+01
  7.89e-02	  2.45e-02	1.27051e+01
  7.89e-02	  2.50e-02	7.20925e+01
  7.89e-02	  2.55e-02	1.26102e+02
  7.89e-02	  2.60e-02	1.75725e+02
  7.89e-02	  2.66e-02	2.23195e+02
  7.89e-02	  2.71e-02	2.55123e+02
  7.89e-02	  2.76e-02	3.07081e+02
  7.89e-02	  2.81e-02	1.87179e-28
  7.89e-02	  2.86e-02	2.37446e-61
  7.89e-02	  2.92e-02	3.55371e-94
  7.89e-02	  2.97e-02	-3.22264e-94
  7.89e-02	  3.02e-02	-2.15412e-61
  7.89e-02	  3.07e-02	-1.43986e-28
  7.89e-02	  3.13e-02	-1.95485e+02
  7.89e-02	  3.18e-02	-2.96279e+02
  7.89e-02	  3.23e-02	-2.50478e+02
  7.89e-02	  3.28e-02	-1.86981e+02
  7.89e-02	  3.33e-02	-1.25816e+02
  7.89e-02	  3.39e-02	-6.45576e+01
  7.89e-02	  3.44e-02	-2.71153e+00
  7.89e-02	  3.49e-02	5.75816e+01
  7.89e-02	  3.54e-02	1.14209e+02
  7.89e-02	  3.59e-02	1.67330e+02
  7.89e-02	  3.65e-02	2.18485e+02
  7.89e-02	  3.70e-02	2.54053e+02
  7.89e-02	  3.75e-02	3.08184e+02
  7.89e-02	  3.80e-02	1.68304e-28
  7.89e-02	  3.85e-02	2.34300e-61
  7.89e-02	  3.91e-02	3.50659e-94
  7.89e-02	  3.96e-02	5.24799e-127
  7.89e-02	  4.01e-02	7.85407e-160
  7.89e-02	  4.06e-02	1.17542e-192
  7.89e-02	  4.11e-02	1.75908e-225
  7.89e-02	  4.17e-02	2.63253e-258
  7.89e-02	  4.22e-02	3.93966e-291
  7.89e-02	  4.27e-02	0.00000e+00
  7.89e-02	  4.32e-02	0.00000e+00
  7.89e-02	  4.37e-02	0.00000e+00
  7.89e-02	  4.43e-02	0.00000e+00
  7.89e-02	  4.48e-02	0.00000e+00
  7.89e-02	  4.53e-02	0.00000e+00
  7.89e-02	  4.58e-02	0.00000e+00
  7.89e-02	  4.64e-02	0.00000e+00
  7.89e-02	  4.69e-02	0.00000e+00
  7.89e-02	  4.74e-02	0.00000e+00
  7.89e-02	  4.79e-02	0.00000e+00
  7.89e-02	  4.84e-02	0.00000e+00
  7.89e-02	  4.90e-02	0.00000e+00
  7.89e-02	  4.95e-02	0.00000e+00

  7.97e-02	  0.00e+00	0.00000e+00
  7.97e-02	  5.21e-04	0.00000e+00
  7.97e-02	  1.04e-03	0.00000e+00
  7.97e-02	  1.56e-03	0.00000e+00
  7.97e-02	  2.08e-03	0.00000e+00
  7.97e-02	  2.60e-03	0.00000e+00
  7.97e-02	  3.12e-03	0.00000e+00
  7.97e-02	  3.65e-03	0.00000e+00
  7.97e-02	  4.17e-03	0.00000e+00
  7.97e-02	  4.69e-03	0.00000e+00
  7.97e-02	  5.21e-03	0.00000e+00
  7.97e-02	  5.73e-03	0.00000e+00
  7.97e-02	  6.25e-03	-3.74881e-291
  7.97e-02	  6.77e-03	-2.50636e-258
  7.97e-02	  7.29e-03	-1.67572e-225
  7.97e-02	  7.81e-03	-1.12039e-192
  7.97e-02	  8.33e-03	-7.49112e-160
  7.97e-02	  8.85e-03	-5.00878e-127
  7.97e-02	  9.37e-03	-3.34904e-94
  7.97e-02	  9.90e-03	-2.23924e-61
  7.97e-02	  1.04e-02	-1.49706e-28
  7.97e-02	  1.09e-02	-2.00145e+02
  7.97e-02	  1.15e-02	-2.96629e+02
  7.97e-02	  1.20e-02	-2.47878e+02
  7.97e-02	  1.25e-02	-1.81455e+02
  7.97e-02	  1.30e-02	-1.17646e+02
  7.97e-02	  1.35e-02	-5.47325e+01
  7.97e-02	  1.41e-02	7.21542e+00
  7.97e-02	  1.46e-02	6.62114e+01
  7.97e-02	  1.51e-02	1.20917e+02
  7.97e-02	  1.56e-02	1.72449e+02
  7.97e-02	  1.61e-02	2.22840e+02
  7.97e-02	  1.67e-02	2.57716e+02
  7.97e-02	  1.72e-02	3.10013e+02
  7.97e-02	  1.77e-02	1.53355e-28
  7.97e-02	  1.82e-02	2.34457e-61
  7.97e-02	  1.88e-02	3.50894e-94
  7.97e-02	  1.93e-02	-3.29871e-94
  7.97e-02	  1.98e-02	-2.20374e-61
  7.97e-02	  2.03e-02	-1.47146e-28
  7.97e-02	  2.08e-02	-1.95944e+02
  7.97e-02	  2.14e-02	-2.89613e+02
  7.97e-02	  2.19e-02	-2.45518e+02
  7.97e-02	  2.24e-02	-1.83290e+02
  7.97e-02	  2.29e-02	-1.20925e+02
  7.97e-02	  2.34e-02	-5.59950e+01
  7.97e-02	  2.40e-02	1.16652e+01
  7.97e-02	  2.45e-02	7.91875e+01
  7.97e-02	  2.50e-02	1.41921e+02
  7.97e-02	  2.55e-02	1.94598e+02
  7.97e-02	  2.60e-02	2.36275e+02
  7.97e-02	  2.66e-02	2.85091e+02
  7.97e-02	  2.71e-02	3.82868e+02
  7.97e-02	  2.76e-02	5.83409e-28
  7.97e-02	  2.81e-02	1.54418e-58
  7.97e-02	  2.86e-02	2.31244e-91
  7.97e-02	  2.92e-02	-1.78962e-123
  7.97e-02	  2.97e-02	-1.01270e-90
  7.97e-02	  3.02e-02	-4.81565e-58
  7.97e-02	  3.07e-02	-5.03246e-28
  7.97e-02	  3.13e-02	-4.60623e+02
  7.97e-02	  3.18e-02	-2.11498e+02
  7.97e-02	  3.23e-02	-1.62651e+02
  7.97e-02	  3.28e-02	-1.13635e+02
  7.97e-02	  3.33e-02	-5.77634e+01
  7.97e-02	  3.39e-02	3.59694e+00
  7.97e-02	  3.44e-02	6.72871e+01
  7.97e-02	  3.49e-02	1.28541e+02
  7.97e-02	  3.54e-02	1.81719e+02
  7.97e-02	  3.59e-02	2.25238e+02
  7.97e-02	  3.65e-02	2.75643e+02
  7.97e-02	  3.70e-02	3.73824e+02
  7.97e-02	  3.75e-02	5.68271e-28
  7.97e-02	  3.80e-02	1.53055e-58
  7.97e-02	  3.85e-02	2.29307e-91
  7.97e-02	  3.91e-02	3.43560e-124
  7.97e-02	  3.96e-02	5.14758e-157
  7.97e-02	  4.01e-02	7.71294e-190
  7.97e-02	  4.06e-02	1.15572e-222
  7.97e-02	  4.11e-02	1.73179e-255
  7.97e-02	  4.17e-02	2.59506e-288
  7.97e-02	  4.22e-02	0.00000e+00
  7.97e-02	  4.27e-02	0.00000e+00
  7.97e-02	  4.32e-02	0.00000e+00
  7.97e-02	  4.37e-02	0.00000e+00
  7.97e-02	  4.43e-02	0.00000e+00
  7.97e-02	  4.48e-02	0.00000e+00
  7.97e-02	  4.53e-02	0.00000e+00
  7.97e-02	  4.58e-02	0.00000e+00
  7.97e-02	  4.64e-02	0.00000e+00
  7.97e-02	  4.69e-02	0.00000e+00
  7.97e-02	  4.74e-02	0.00000e+00
  7.97e-02	  4.79e-02	0.00000e+00
  7.97e-02	  4.84e-02	0.00000e+00
  7.97e-02	  4.90e-02	0.00000e+00
  7.97e-02	  4.95e-02	0.00000e+00

  8.05e-02	  0.00e+00	0.00000e+00
  8.05e-02	  5.21e-04	0.00000e+00
  8.05e-02	  1.04e-03	0.00000e+00
  8.05e-02	  1.56e-03	0.00000e+00
  8.05e-02	  2.08e-03	0.00000e+00
  8.05e-02	  2.60e-03	0.00000e+00
  8.05e-02	  3.12e-03	0.00000e+00
  8.05e-02	  3.65e-03	0.00000e+00
  8.05e-02	  4.17e-03	0.00000e+00
  8.05e-02	  4.69e-03	0.00000e+00
  8.05e-02	  5.21e-03	0.00000e+00
  8.05e-02	  5.73e-03	-7.58885e-320
  8.05e-02	  6.25e-03	-5.69524e-287
  8.05e-02	  6.77e-03	-3.08647e-254
  8.05e-02	  7.29e-03	-1.63787e-221
  8.05e-02	  7.81e-03	-8.48334e-189
  8.05e-02	  8.33e-03	-4.27601e-156
  8.05e-02	  8.85e-03	-2.09534e-123
  8.05e-02	  9.37e-03	-1.00386e-90
  8.05e-02	  9.90e-03	-4.81477e-58
  8.05e-02	  1.04e-02	-5.17504e-28
  8.05e-02	  1.09e-02	-4.50473e+02
  8.05e-02	  1.15e-02	-2.00535e+02
  8.05e-02	  1.20e-02	-1.51828e+02
  8.05e-02	  1.25e-02	-1.02289e+02
  8.05e-02	  1.30e-02	-4.52108e+01
  8.05e-02	  1.35e-02	1.71444e+01
  8.05e-02	  1.41e-02	8.06477e+01
  8.05e-02	  1.46e-02	1.39921e+02
  8.05e-02	  1.51e-02	1.89638e+02
  8.05e-02	  1.56e-02	2.29761e+02
  8.05e-02	  1.61e-02	2.78528e+02
  8.05e-02	  1.67e-02	3.74869e+02
  8.05e-02	  1.72e-02	5.61027e-28
  8.05e-02	  1.77e-02	1.58305e-58
  8.05e-02	  1.82e-02	2.37153e-91
  8.05e-02	  1.88e-02	-1.95276e-123
  8.05e-02	  1.93e-02	-1.10875e-90
  8.05e-02	  1.98e-02	-5.32962e-58
  8.05e-02	  2.03e-02	-5.09555e-28
  8.05e-02	  2.08e-02	-4.28164e+02
  8.05e-02	  2.14e-02	-1.96630e+02
  8.05e-02	  2.19e-02	-1.56181e+02
  8.05e-02	  2.24e-02	-1.12391e+02
  8.05e-02	  2.29e-02	-5.82845e+01
  8.05e-02	  2.34e-02	5.53259e+00
  8.05e-02	  2.40e-02	7.75266e+01
  8.05e-02	  2.45e-02	1.55038e+02
  8.05e-02	  2.50e-02	2.31668e+02
  8.05e-02	  2.55e-02	2.91582e+02
  8.05e-02	  2.60e-02	3.05749e+02
  8.05e-02	  2.66e-02	4.32214e+02
  8.05e-02	  2.71e-02	6.51890e-28
  8.05e-02	  2.76e-02	1.28447e-58
  8.05e-02	  2.81e-02	2.95363e-91
  8.05e-02	  2.86e-02	-1.40210e-123
  8.05e-02	  2.92e-02	-9.44118e-91
  8.05e-02	  2.97e-02	-4.44385e-58
  8.05e-02	  3.02e-02	-3.46490e-28
  8.05e-02	  3.07e-02	-3.01603e+02
  8.05e-02	  3.13e-02	-2.44778e+02
  8.05e-02	  3.18e-02	-1.68326e+02
  8.05e-02	  3.23e-02	-1.09365e+02
  8.05e-02	  3.28e-02	-5.42834e+01
  8.05e-02	  3.33e-02	5.09197e+00
  8.05e-02	  3.39e-02	7.14679e+01
  8.05e-02	  3.44e-02	1.43951e+02
  8.05e-02	  3.49e-02	2.16902e+02
  8.05e-02	  3.54e-02	2.75223e+02
  8.05e-02	  3.59e-02	2.91062e+02
  8.05e-02	  3.65e-02	4.13624e+02
  8.05e-02	  3.70e-02	6.19523e-28
  8.05e-02	  3.75e-02	1.23794e-58
  8.05e-02	  3.80e-02	2.87266e-91
  8.05e-02	  3.85e-02	5.82818e-124
  8.05e-02	  3.91e-02	1.10147e-156
  8.05e-02	  3.96e-02	1.99215e-189
  8.05e-02	  4.01e-02	3.49684e-222
  8.05e-02	  4.06e-02	6.00623e-255
  8.05e-02	  4.11e-02	1.01480e-287
  8.05e-02	  4.17e-02	0.00000e+00
  8.05e-02	  4.22e-02	0.00000e+00
  8.05e-02	  4.27e-02	0.00000e+00
  8.05e-02	  4.32e-02	0.00000e+00
  8.05e-02	  4.37e-02	0.00000e+00
  8.05e-02	  4.43e-02	0.00000e+00
  8.05e-02	  4.48e-02	0.00000e+00
  8.05e-02	  4.53e-02	0.00000e+00
  8.05e-02	  4.58e-02	0.00000e+00
  8.05e-02	  4.64e-02	0.00000e+00
  8.05e-02	  4.69e-02	0.00000e+00
  8.05e-02	  4.74e-02	0.00000e+00
  8.05e-02	  4.79e-02	0.00000e+00
  8.05e-02	  4.84e-02	0.00000e+00
  8.05e-02	  4.90e-02	0.00000e+00
  8.05e-02	  4.95e-02	0.00000e+00

  8.12e-02	  0.00e+00	0.00000e+00
  8.12e-02	  5.21e-04	0.00000e+00
  8.12e-02	  1.04e-03	0.00000e+00
  8.12e-02	  1.56e-03	0.00000e+00
  8.12e-02	  2.08e-03	0.00000e+00
  8.12e-02	  2.60e-03	0.00000e+00
  8.12e-02	  3.12e-03	0.00000e+00
  8.12e-02	  3.65e-03	0.00000e+00
  8.12e-02	  4.17e-03	0.00000e+00
  8.12e-02	  4.69e-03	0.00000e+00
  8.12e-02	  5.21e-03	-2.84582e-320
  8.12e-02	  5.73e-03	-2.71950e-287
  8.12e-02	  6.25e-03	-1.62626e-254
  8.12e-02	  6.77e-03	-9.58961e-222
  8.12e-02	  7.29e-03	-5.55392e-189
  8.12e-02	  7.81e-03	-3.14044e-156
  8.12e-02	  8.33e-03	-1.71711e-123
  8.12e-02	  8.85e-03	-8.92622e-91
  8.12e-02	  9.37e-03	-4.26288e-58
  8.12e-02	  9.90e-03	-3.44456e-28
  8.12e-02	  1.04e-02	-2.70170e+02
  8.12e-02	  1.09e-02	-2.25732e+02
  8.12e-02	  1.15e-02	-1.52891e+02
  8.12e-02	  1.20e-02	-9.57358e+01
  8.12e-02	  1.25e-02	-4.02402e+01
  8.12e-02	  1.30e-02	2.13964e+01
  8.12e-02	  1.35e-02	9.09394e+01
  8.12e-02	  1.41e-02	1.65551e+02
  8.12e-02	  1.46e-02	2.37002e+02
  8.12e-02	  1.51e-02	2.88562e+02
  8.12e-02	  1.56e-02	2.95438e+02
  8.12e-02	  1.61e-02	4.16665e+02
  8.12e-02	  1.67e-02	6.16671e-28
  8.12e-02	  1.72e-02	1.34256e-58
  8.12e-02	  1.77e-02	3.06387e-91
  8.12e-02	  1.82e-02	-1.41068e-123
  8.12e-02	  1.88e-02	-9.77831e-91
  8.12e-02	  1.93e-02	-4.68321e-58
  8.12e-02	  1.98e-02	-3.35979e-28
  8.12e-02	  2.03e-02	-2.44978e+02
  8.12e-02	  2.08e-02	-2.16735e+02
  8.12e-02	  2.14e-02	-1.55955e+02
  8.12e-02	  2.19e-02	-1.09192e+02
  8.12e-02	  2.24e-02	-6.33287e+01
  8.12e-02	  2.29e-02	-1.04624e+01
  8.12e-02	  2.34e-02	5.26194e+01
  8.12e-02	  2.40e-02	1.28144e+02
  8.12e-02	  2.45e-02	2.19828e+02
  8.12e-02	  2.50e-02	3.33271e+02
  8.12e-02	  2.55e-02	4.64871e+02
  8.12e-02	  2.60e-02	5.01490e+02
  8.12e-02	  2.66e-02	7.08306e-28
  8.12e-02	  2.71e-02	1.04537e-58
  8.12e-02	  2.76e-02	2.42393e-91
  8.12e-02	  2.81e-02	-1.15314e-123
  8.12e-02	  2.86e-02	-8.90956e-91
  8.12e-02	  2.92e-02	-4.24733e-58
  8.12e-02	  2.97e-02	-2.77855e-28
  8.12e-02	  3.02e-02	-2.12583e+02
  8.12e-02	  3.07e-02	-1.76473e+02
  8.12e-02	  3.13e-02	-1.57289e+02
  8.12e-02	  3.18e-02	-1.15100e+02
  8.12e-02	  3.23e-02	-6.59443e+01
  8.12e-02	  3.28e-02	-1.19619e+01
  8.12e-02	  3.33e-02	4.90631e+01
  8.12e-02	  3.39e-02	1.20429e+02
  8.12e-02	  3.44e-02	2.06754e+02
  8.12e-02	  3.49e-02	3.13979e+02
  8.12e-02	  3.54e-02	4.39017e+02
  8.12e-02	  3.59e-02	4.75030e+02
  8.12e-02	  3.65e-02	6.63026e-28
  8.12e-02	  3.70e-02	9.86674e-59
  8.12e-02	  3.75e-02	2.30248e-91
  8.12e-02	  3.80e-02	5.36188e-124
  8.12e-02	  3.85e-02	1.19123e-156
  8.12e-02	  3.91e-02	2.51772e-189
  8.12e-02	  3.96e-02	5.09766e-222
  8.12e-02	  4.01e-02	9.96391e-255
  8.12e-02	  4.06e-02	1.89236e-287
  8.12e-02	  4.11e-02	1.89721e-320
  8.12e-02	  4.17e-02	0.00000e+00
  8.12e-02	  4.22e-02	0.00000e+00
  8.12e-02	  4.27e-02	0.00000e+00
  8.12e-02	  4.32e-02	0.00000e+00
  8.12e-02	  4.37e-02	0.00000e+00
  8.12e-02	  4.43e-02	0.00000e+00
  8.12e-02	  4.48e-02	0.00000e+00
  8.12e-02	  4.53e-02	0.00000e+00
  8.12e-02	  4.58e-02	0.00000e+00
  8.12e-02	  4.64e-02	0.00000e+00
  8.12e-02	  4.69e-02	0.00000e+00
  8.12e-02	  4.74e-02	0.00000e+00
  8.12e-02	  4.79e-02	0.00000e+00
  8.12e-02	  4.84e-02	0.00000e+00
  8.12e-02	  4.90e-02	0.00000e+00
  8.12e-02	  4.95e-02	0.00000e+00

  8.20e-02	  0.00e+00	0.00000e+00
  8.20e-02	  5.21e-04	0.00000e+00
  8.20e-02	  1.04e-03	0.00000e+00
  8.20e-02	  1.56e-03	0.00000e+00
  8.20e-02	  2.08e-03	0.00000e+00
  8.20e-02	  2.60e-03	0.00000e+00
  8.20e-02	  3.12e-03	0.00000e+00
  8.20e-02	  3.65e-03	0.00000e+00
  8.20e-02	  4.17e-03	0.00000e+00
  8.20e-02	  4.69e-03	0.00000e+00
  8.20e-02	  5.21e-03	-6.47775e-288
  8.20e-02	  5.73e-03	-4.32582e-255
  8.20e-02	  6.25e-03	-2.88849e-222
  8.20e-02	  6.77e-03	-1.92859e-189
  8.20e-02	  7.29e-03	-1.28762e-156
  8.20e-02	  7.81e-03	-8.59630e-124
  8.20e-02	  8.33e-03	-5.73871e-91
  8.20e-02	  8.85e-03	-3.83083e-58
  8.20e-02	  9.37e-03	-3.19986e-28
  8.20e-02	  9.90e-03	-1.57379e+02
  8.20e-02	  1.04e-02	-1.48843e+02
  8.20e-02	  1.09e-02	-1.42351e+02
  8.20e-02	  1.15e-02	-1.06367e+02
  8.20e-02	  1.20e-02	-5.88094e+01
  8.20e-02	  1.25e-02	-2.37409e+00
  8.20e-02	  1.30e-02	6.53968e+01
  8.20e-02	  1.35e-02	1.47431e+02
  8.20e-02	  1.41e-02	2.46148e+02
  8.20e-02	  1.46e-02	3.60895e+02
  8.20e-02	  1.51e-02	4.76950e+02
  8.20e-02	  1.56e-02	4.85668e+02
  8.20e-02	  1.61e-02	6.64169e-28
  8.20e-02	  1.67e-02	1.16758e-58
  8.20e-02	  1.72e-02	2.64239e-91
  8.20e-02	  1.77e-02	-1.00920e-123
  8.20e-02	  1.82e-02	-8.49606e-91
  8.20e-02	  1.88e-02	-4.16713e-58
  8.20e-02	  1.93e-02	-2.73172e-28
  8.20e-02	  1.98e-02	-1.38997e+02
  8.20e-02	  2.03e-02	-1.43440e+02
  8.20e-02	  2.08e-02	-1.44079e+02
  8.20e-02	  2.14e-02	-1.16521e+02
  8.20e-02	  2.19e-02	-7.92863e+01
  8.20e-02	  2.24e-02	-3.56718e+01
  8.20e-02	  2.29e-02	1.51228e+01
  8.20e-02	  2.34e-02	7.34607e+01
  8.20e-02	  2.40e-02	1.38848e+02
  8.20e-02	  2.45e-02	2.12133e+02
  8.20e-02	  2.50e-02	3.06018e+02
  8.20e-02	  2.55e-02	6.39608e+02
  8.20e-02	  2.60e-02	4.83989e-28
  8.20e-02	  2.66e-02	1.77380e-58
  8.20e-02	  2.71e-02	3.34623e-91
  8.20e-02	  2.76e-02	-2.03324e-124
  8.20e-02	  2.81e-02	-5.79706e-91
  8.20e-02	  2.86e-02	-3.88340e-58
  8.20e-02	  2.92e-02	-1.03722e-27
  8.20e-02	  2.97e-02	-1.24411e+02
  8.20e-02	  3.02e-02	-1.22246e+02
  8.20e-02	  3.07e-02	-1.23452e+02
  8.20e-02	  3.13e-02	-1.08820e+02
  8.20e-02	  3.18e-02	-7.83947e+01
  8.20e-02	  3.23e-02	-3.70193e+01
  8.20e-02	  3.28e-02	1.23836e+01
  8.20e-02	  3.33e-02	6.85098e+01
  8.20e-02	  3.39e-02	1.30648e+02
  8.20e-02	  3.44e-02	1.99861e+02
  8.20e-02	  3.49e-02	2.88452e+02
  8.20e-02	  3.54e-02	6.03382e+02
  8.20e-02	  3.59e-02	4.51992e-28
  8.20e-02	  3.65e-02	1.63872e-58
  8.20e-02	  3.70e-02	3.10744e-91
  8.20e-02	  3.75e-02	6.18212e-124
  8.20e-02	  3.80e-02	1.28231e-156
  8.20e-02	  3.85e-02	2.71307e-189
  8.20e-02	  3.91e-02	5.73936e-222
  8.20e-02	  3.96e-02	1.19904e-254
  8.20e-02	  4.01e-02	2.45944e-287
  8.20e-02	  4.06e-02	3.79442e-320
  8.20e-02	  4.11e-02	0.00000e+00
  8.20e-02	  4.17e-02	0.00000e+00
  8.20e-02	  4.22e-02	0.00000e+00
  8.20e-02	  4.27e-02	0.00000e+00
  8.20e-02	  4.32e-02	0.00000e+00
  8.20e-02	  4.37e-02	0.00000e+00
  8.20e-02	  4.43e-02	0.00000e+00
  8.20e-02	  4.48e-02	0.00000e+00
  8.20e-02	  4.53e-02	0.00000e+00
  8.20e-02	  4.58e-02	0.00000e+00
  8.20e-02	  4.64e-02	0.00000e+00
  8.20e-02	  4.69e-02	0.00000e+00
  8.20e-02	  4.74e-02	0.00000e+00
  8.20e-02	  4.79e-02	0.00000e+00
  8.20e-02	  4.84e-02	0.00000e+00
  8.20e-02	  4.90e-02	0.00000e+00
  8.20e-02	  4.95e-02	0.00000e+00

  8.28e-02	  0.00e+00	0.00000e+00
  8.28e-02	  5.21e-04	0.00000e+00
  8.28e-02	  1.04e-03	0.00000e+00
  8.28e-02	  1.56e-03	0.00000e+00
  8.28e-02	  2.08e-03	0.00000e+00
  8.28e-02	  2.60e-03	0.00000e+00
  8.28e-02	  3.12e-03	0.00000e+00
  8.28e-02	  3.65e-03	0.00000e+00
  8.28e-02	  4.17e-03	0.00000e+00
  8.28e-02	  4.69e-03	-1.88863e-290
  8.28e-02	  5.21e-03	-1.26368e-257
  8.28e-02	  5.73e-03	-8.45518e-225
  8.28e-02	  6.25e-03	-5.65714e-192
  8.28e-02	  6.77e-03	-3.78491e-159
  8.28e-02	  7.29e-03	-2.53218e-126
  8.28e-02	  7.81e-03	-1.69398e-93
  8.28e-02	  8.33e-03	-1.13315e-60
  8.28e-02	  8.85e-03	-7.59259e-28
  8.28e-02	  9.37e-03	-7.87349e+01
  8.28e-02	  9.90e-03	-1.32740e+02
  8.28e-02	  1.04e-02	-1.38676e+02
  8.28e-02	  1.09e-02	-1.28408e+02
  8.28e-02	  1.15e-02	-9.73642e+01
  8.28e-02	  1.20e-02	-5.30633e+01
  8.28e-02	  1.25e-02	2.99421e+00
  8.28e-02	  1.30e-02	7.18842e+01
  8.28e-02	  1.35e-02	1.56571e+02
  8.28e-02	  1.41e-02	2.62789e+02
  8.28e-02	  1.46e-02	4.03751e+02
  8.28e-02	  1.51e-02	7.68100e+02
  8.28e-02	  1.56e-02	1.33718e+02
  8.28e-02	  1.61e-02	-1.36462e-27
  8.28e-02	  1.67e-02	3.93080e-91
  8.28e-02	  1.72e-02	3.03701e-126
  8.28e-02	  1.77e-02	-5.08772e-91
  8.28e-02	  1.82e-02	-3.40144e-58
  8.28e-02	  1.88e-02	-9.07139e-28
  8.28e-02	  1.93e-02	-6.32576e+01
  8.28e-02	  1.98e-02	-1.23798e+02
  8.28e-02	  2.03e-02	-1.34142e+02
  8.28e-02	  2.08e-02	-1.28988e+02
  8.28e-02	  2.14e-02	-1.05157e+02
  8.28e-02	  2.19e-02	-7.01036e+01
  8.28e-02	  2.24e-02	-2.56714e+01
  8.28e-02	  2.29e-02	2.81606e+01
  8.28e-02	  2.34e-02	9.13330e+01
  8.28e-02	  2.40e-02	1.62574e+02
  8.28e-02	  2.45e-02	2.37006e+02
  8.28e-02	  2.50e-02	2.98390e+02
  8.28e-02	  2.55e-02	5.60830e+02
  8.28e-02	  2.60e-02	3.90748e-28
  8.28e-02	  2.66e-02	5.96302e-61
  8.28e-02	  2.71e-02	8.92106e-94
  8.28e-02	  2.76e-02	-1.02622e-94
  8.28e-02	  2.81e-02	-6.85488e-62
  8.28e-02	  2.86e-02	-4.57597e-29
  8.28e-02	  2.92e-02	-6.09037e+01
  8.28e-02	  2.97e-02	-1.06414e+02
  8.28e-02	  3.02e-02	-1.16139e+02
  8.28e-02	  3.07e-02	-1.14300e+02
  8.28e-02	  3.13e-02	-9.71657e+01
  8.28e-02	  3.18e-02	-6.67392e+01
  8.28e-02	  3.23e-02	-2.54155e+01
  8.28e-02	  3.28e-02	2.55492e+01
  8.28e-02	  3.33e-02	8.54720e+01
  8.28e-02	  3.39e-02	1.52997e+02
  8.28e-02	  3.44e-02	2.23537e+02
  8.28e-02	  3.49e-02	2.81733e+02
  8.28e-02	  3.54e-02	5.28714e+02
  8.28e-02	  3.59e-02	3.62633e-28
  8.28e-02	  3.65e-02	5.54259e-61
  8.28e-02	  3.70e-02	8.29193e-94
  8.28e-02	  3.75e-02	1.24050e-126
  8.28e-02	  3.80e-02	1.85581e-159
  8.28e-02	  3.85e-02	2.77633e-192
  8.28e-02	  3.91e-02	4.15341e-225
  8.28e-02	  3.96e-02	6.21351e-258
  8.28e-02	  4.01e-02	9.29537e-291
  8.28e-02	  4.06e-02	0.00000e+00
  8.28e-02	  4.11e-02	0.00000e+00
  8.28e-02	  4.17e-02	0.00000e+00
  8.28e-02	  4.22e-02	0.00000e+00
  8.28e-02	  4.27e-02	0.00000e+00
  8.28e-02	  4.32e-02	0.00000e+00
  8.28e-02	  4.37e-02	0.00000e+00
  8.28e-02	  4.43e-02	0.00000e+00
  8.28e-02	  4.48e-02	0.00000e+00
  8.28e-02	  4.53e-02	0.00000e+00
  8.28e-02	  4.58e-02	0.00000e+00
  8.28e-02	  4.64e-02	0.00000e+00
  8.28e-02	  4.69e-02	0.00000e+00
  8.28e-02	  4.74e-02	0.00000e+00
  8.28e-02	  4.79e-02	0.00000e+00
  8.28e-02	  4.84e-02	0.00000e+00
  8.28e-02	  4.90e-02	0.00000e+00
  8.28e-02	  4.95e-02	0.00000e+00

  8.36e-02	  0.00e+00	0.00000e+00
  8.36e-02	  5.21e-04	0.00000e+00
  8.36e-02	  1.04e-03	0.00000e+00
  8.36e-02	  1.56e-03	0.00000e+00
  8.36e-02	  2.08e-03	0.00000e+00
  8.36e-02	  2.60e-03	0.00000e+00
  8.36e-02	  3.12e-03	0.00000e+00
  8.36e-02	  3.65e-03	0.00000e+00
  8.36e-02	  4.17e-03	0.00000e+00
  8.36e-02	  4.69e-03	1.58366e-290
  8.36e-02	  5.21e-03	1.06026e-257
  8.36e-02	  5.73e-03	7.09836e-225
  8.36e-02	  6.25e-03	4.75215e-192
  8.36e-02	  6.77e-03	3.18129e-159
  8.36e-02	  7.29e-03	2.12956e-126
  8.36e-02	  7.81e-03	1.42542e-93
  8.36e-02	  8.33e-03	9.54024e-61
  8.36e-02	  8.85e-03	6.39777e-28
  8.36e-02	  9.37e-03	-8.03293e+01
  8.36e-02	  9.90e-03	-1.35510e+02
  8.36e-02	  1.04e-02	-2.13062e+02
  8.36e-02	  1.09e-02	-1.72784e+02
  8.36e-02	  1.15e-02	-1.28868e+02
  8.36e-02	  1.20e-02	-8.03129e+01
  8.36e-02	  1.25e-02	-2.14157e+01
  8.36e-02	  1.30e-02	4.91102e+01
  8.36e-02	  1.35e-02	1.32477e+02
  8.36e-02	  1.41e-02	2.32170e+02
  8.36e-02	  1.46e-02	3.57202e+02
  8.36e-02	  1.51e-02	6.83872e+02
  8.36e-02	  1.56e-02	5.77572e+01
  8.36e-02	  1.61e-02	1.13652e+02
  8.36e-02	  1.67e-02	-1.36958e-27
  8.36e-02	  1.72e-02	4.26278e-123
  8.36e-02	  1.77e-02	4.27635e-91
  8.36e-02	  1.82e-02	2.86025e-58
  8.36e-02	  1.88e-02	7.63342e-28
  8.36e-02	  1.93e-02	-6.44257e+01
  8.36e-02	  1.98e-02	-1.25982e+02
  8.36e-02	  2.03e-02	-1.93577e+02
  8.36e-02	  2.08e-02	-1.62756e+02
  8.36e-02	  2.14e-02	-1.27895e+02
  8.36e-02	  2.19e-02	-8.87094e+01
  8.36e-02	  2.24e-02	-3.99677e+01
  8.36e-02	  2.29e-02	1.91739e+01
  8.36e-02	  2.34e-02	8.88528e+01
  8.36e-02	  2.40e-02	1.69196e+02
  8.36e-02	  2.45e-02	2.58886e+02
  8.36e-02	  2.50e-02	3.48855e+02
  8.36e-02	  2.55e-02	6.63271e+02
  8.36e-02	  2.60e-02	1.39931e+02
  8.36e-02	  2.66e-02	-1.52002e-27
  8.36e-02	  2.71e-02	8.93357e-94
  8.36e-02	  2.76e-02	-1.04462e-94
  8.36e-02	  2.81e-02	-6.97378e-62
  8.36e-02	  2.86e-02	-4.65321e-29
  8.36e-02	  2.92e-02	-6.19314e+01
  8.36e-02	  2.97e-02	-1.08276e+02
  8.36e-02	  3.02e-02	-1.73159e+02
  8.36e-02	  3.07e-02	-1.48457e+02
  8.36e-02	  3.13e-02	-1.21138e+02
  8.36e-02	  3.18e-02	-8.34076e+01
  8.36e-02	  3.23e-02	-3.77056e+01
  8.36e-02	  3.28e-02	1.71012e+01
  8.36e-02	  3.33e-02	8.21900e+01
  8.36e-02	  3.39e-02	1.58164e+02
  8.36e-02	  3.44e-02	2.43822e+02
  8.36e-02	  3.49e-02	3.30204e+02
  8.36e-02	  3.54e-02	6.27584e+02
  8.36e-02	  3.59e-02	1.34374e+02
  8.36e-02	  3.65e-02	-1.42436e-27
  8.36e-02	  3.70e-02	8.33872e-94
  8.36e-02	  3.75e-02	1.24737e-126
  8.36e-02	  3.80e-02	1.86593e-159
  8.36e-02	  3.85e-02	2.79126e-192
  8.36e-02	  3.91e-02	4.17549e-225
  8.36e-02	  3.96e-02	6.24622e-258
  8.36e-02	  4.01e-02	9.34391e-291
  8.36e-02	  4.06e-02	0.00000e+00
  8.36e-02	  4.11e-02	0.00000e+00
  8.36e-02	  4.17e-02	0.00000e+00
  8.36e-02	  4.22e-02	0.00000e+00
  8.36e-02	  4.27e-02	0.00000e+00
  8.36e-02	  4.32e-02	0.00000e+00
  8.36e-02	  4.37e-02	0.00000e+00
  8.36e-02	  4.43e-02	0.00000e+00
  8.36e-02	  4.48e-02	0.00000e+00
  8.36e-02	  4.53e-02	0.00000e+00
  8.36e-02	  4.58e-02	0.00000e+00
  8.36e-02	  4.64e-02	0.00000e+00
  8.36e-02	  4.69e-02	0.00000e+00
  8.36e-02	  4.74e-02	0.00000e+00
  8.36e-02	  4.79e-02	0.00000e+00
  8.36e-02	  4.84e-02	0.00000e+00
  8.36e-02	  4.90e-02	0.00000e+00
  8.36e-02	  4.95e-02	0.00000e+00

  8.44e-02	  0.00e+00	0.00000e+00
  8.44e-02	  5.21e-04	0.00000e+00
  8.44e-02	  1.04e-03	0.00000e+00
  8.44e-02	  1.56e-03	0.00000e+00
  8.44e-02	  2.08e-03	0.00000e+00
  8.44e-02	  2.60e-03	0.00000e+00
  8.44e-02	  3.12e-03	0.00000e+00
  8.44e-02	  3.65e-03	0.00000e+00
  8.44e-02	  4.17e-03	0.00000e+00
  8.44e-02	  4.69e-03	0.00000e+00
  8.44e-02	  5.21e-03	2.31572e-288
  8.44e-02	  5.73e-03	1.55002e-255
  8.44e-02	  6.25e-03	1.03748e-222
  8.44e-02	  6.77e-03	6.94384e-190
  8.44e-02	  7.29e-03	4.64710e-157
  8.44e-02	  7.81e-03	3.10968e-124
  8.44e-02	  8.33e-03	2.08060e-91
  8.44e-02	  8.85e-03	1.39184e-58
  8.44e-02	  9.37e-03	3.72192e-28
  8.44e-02	  9.90e-03	-1.66899e+02
  8.44e-02	  1.04e-02	-1.91088e+02
  8.44e-02	  1.09e-02	-2.77078e+02
  8.44e-02	  1.15e-02	-1.87919e+02
  8.44e-02	  1.20e-02	-1.35410e+02
  8.44e-02	  1.25e-02	-6.78657e+01
  8.44e-02	  1.30e-02	9.01244e+00
  8.44e-02	  1.35e-02	9.30366e+01
  8.44e-02	  1.41e-02	1.84009e+02
  8.44e-02	  1.46e-02	2.79996e+02
  8.44e-02	  1.51e-02	3.68496e+02
  8.44e-02	  1.56e-02	3.49200e+02
  8.44e-02	  1.61e-02	6.71217e+01
  8.44e-02	  1.67e-02	1.04000e+02
  8.44e-02	  1.72e-02	-1.43709e-27
  8.44e-02	  1.77e-02	4.35425e-123
  8.44e-02	  1.82e-02	5.01916e-91
  8.44e-02	  1.88e-02	2.08796e-58
  8.44e-02	  1.93e-02	5.56776e-28
  8.44e-02	  1.98e-02	-1.46388e+02
  8.44e-02	  2.03e-02	-1.77072e+02
  8.44e-02	  2.08e-02	-2.59183e+02
  8.44e-02	  2.14e-02	-1.81366e+02
  8.44e-02	  2.19e-02	-1.38260e+02
  8.44e-02	  2.24e-02	-8.11899e+01
  8.44e-02	  2.29e-02	-1.61591e+01
  8.44e-02	  2.34e-02	5.42420e+01
  8.44e-02	  2.40e-02	1.29885e+02
  8.44e-02	  2.45e-02	2.13475e+02
  8.44e-02	  2.50e-02	3.20138e+02
  8.44e-02	  2.55e-02	6.67528e+02
  8.44e-02	  2.60e-02	5.86874e+01
  8.44e-02	  2.66e-02	1.18434e+02
  8.44e-02	  2.71e-02	-1.55719e-27
  8.44e-02	  2.76e-02	4.37568e-123
  8.44e-02	  2.81e-02	2.89715e-91
  8.44e-02	  2.86e-02	1.94248e-58
  8.44e-02	  2.92e-02	5.20322e-28
  8.44e-02	  2.97e-02	-1.30775e+02
  8.44e-02	  3.02e-02	-1.54293e+02
  8.44e-02	  3.07e-02	-2.28333e+02
  8.44e-02	  3.13e-02	-1.74906e+02
  8.44e-02	  3.18e-02	-1.25667e+02
  8.44e-02	  3.23e-02	-7.59283e+01
  8.44e-02	  3.28e-02	-1.93185e+01
  8.44e-02	  3.33e-02	4.51006e+01
  8.44e-02	  3.39e-02	1.16894e+02
  8.44e-02	  3.44e-02	1.97817e+02
  8.44e-02	  3.49e-02	3.01485e+02
  8.44e-02	  3.54e-02	6.33680e+02
  8.44e-02	  3.59e-02	5.77880e+01
  8.44e-02	  3.65e-02	1.14851e+02
  8.44e-02	  3.70e-02	-1.46763e-27
  8.44e-02	  3.75e-02	3.72092e-123
  8.44e-02	  3.80e-02	7.90209e-156
  8.44e-02	  3.85e-02	1.67417e-188
  8.44e-02	  3.91e-02	3.50485e-221
  8.44e-02	  3.96e-02	7.21114e-254
  8.44e-02	  4.01e-02	1.45507e-286
  8.44e-02	  4.06e-02	2.75096e-319
  8.44e-02	  4.11e-02	0.00000e+00
  8.44e-02	  4.17e-02	0.00000e+00
  8.44e-02	  4.22e-02	0.00000e+00
  8.44e-02	  4.27e-02	0.00000e+00
  8.44e-02	  4.32e-02	0.00000e+00
  8.44e-02	  4.37e-02	0.00000e+00
  8.44e-02	  4.43e-02	0.00000e+00
  8.44e-02	  4.48e-02	0.00000e+00
  8.44e-02	  4.53e-02	0.00000e+00
  8.44e-02	  4.58e-02	0.00000e+00
  8.44e-02	  4.64e-02	0.00000e+00
  8.44e-02	  4.69e-02	0.00000e+00
  8.44e-02	  4.74e-02	0.00000e+00
  8.44e-02	  4.79e-02	0.00000e+00
  8.44e-02	  4.84e-02	0.00000e+00
  8.44e-02	  4.90e-02	0.00000e+00
  8.44e-02	  4.95e-02	0.00000e+00

  8.52e-02	  0.00e+00	0.00000e+00
  8.52e-02	  5.21e-04	0.00000e+00
  8.52e-02	  1.04e-03	0.00000e+00
  8.52e-02	  1.56e-03	0.00000e+00
  8.52e-02	  2.08e-03	0.00000e+00
  8.52e-02	  2.60e-03	0.00000e+00
  8.52e-02	  3.12e-03	0.00000e+00
  8.52e-02	  3.65e-03	0.00000e+00
  8.52e-02	  4.17e-03	0.00000e+00
  8.52e-02	  4.69e-03	0.00000e+00
  8.52e-02	  5.21e-03	0.00000e+00
  8.52e-02	  5.73e-03	8.67013e-288
  8.52e-02	  6.25e-03	5.13571e-255
  8.52e-02	  6.77e-03	2.98923e-222
  8.52e-02	  7.29e-03	1.69971e-189
  8.52e-02	  7.81e-03	9.35461e-157
  8.52e-02	  8.33e-03	4.90339e-124
  8.52e-02	  8.85e-03	2.37029e-91
  8.52e-02	  9.37e-03	9.74628e-59
  8.52e-02	  9.90e-03	2.61885e-28
  8.52e-02	  1.04e-02	-2.54596e+02
  8.52e-02	  1.09e-02	-2.47957e+02
  8.52e-02	  1.15e-02	-3.08020e+02
  8.52e-02	  1.20e-02	-2.13153e+02
  8.52e-02	  1.25e-02	-1.19763e+02
  8.52e-02	  1.30e-02	-3.50573e+01
  8.52e-02	  1.35e-02	4.51781e+01
  8.52e-02	  1.41e-02	1.22094e+02
  8.52e-02	  1.46e-02	1.91355e+02
  8.52e-02	  1.51e-02	2.40871e+02
  8.52e-02	  1.56e-02	2.49977e+02
  8.52e-02	  1.61e-02	2.95250e+02
  8.52e-02	  1.67e-02	5.38195e+01
  8.52e-02	  1.72e-02	8.86617e+01
  8.52e-02	  1.77e-02	-1.53520e-27
  8.52e-02	  1.82e-02	3.92790e-123
  8.52e-02	  1.88e-02	3.74519e-91
  8.52e-02	  1.93e-02	1.58160e-58
  8.52e-02	  1.98e-02	4.22639e-28
  8.52e-02	  2.03e-02	-2.32340e+02
  8.52e-02	  2.08e-02	-2.37913e+02
  8.52e-02	  2.14e-02	-2.98269e+02
  8.52e-02	  2.19e-02	-2.13056e+02
  8.52e-02	  2.24e-02	-1.29636e+02
  8.52e-02	  2.29e-02	-5.42887e+01
  8.52e-02	  2.34e-02	1.83263e+01
  8.52e-02	  2.40e-02	9.28475e+01
  8.52e-02	  2.45e-02	1.73294e+02
  8.52e-02	  2.50e-02	2.64043e+02
  8.52e-02	  2.55e-02	3.62060e+02
  8.52e-02	  2.60e-02	3.60078e+02
  8.52e-02	  2.66e-02	6.51431e+01
  8.52e-02	  2.71e-02	1.05945e+02
  8.52e-02	  2.76e-02	-1.63577e-27
  8.52e-02	  2.81e-02	4.42808e-123
  8.52e-02	  2.86e-02	3.64652e-91
  8.52e-02	  2.92e-02	1.58289e-58
  8.52e-02	  2.97e-02	4.23799e-28
  8.52e-02	  3.02e-02	-1.98960e+02
  8.52e-02	  3.07e-02	-1.92928e+02
  8.52e-02	  3.13e-02	-2.78142e+02
  8.52e-02	  3.18e-02	-1.86950e+02
  8.52e-02	  3.23e-02	-1.34939e+02
  8.52e-02	  3.28e-02	-7.10793e+01
  8.52e-02	  3.33e-02	-7.12096e-01
  8.52e-02	  3.39e-02	7.43299e+01
  8.52e-02	  3.44e-02	1.55409e+02
  8.52e-02	  3.49e-02	2.45976e+02
  8.52e-02	  3.54e-02	3.43281e+02
  8.52e-02	  3.59e-02	3.47739e+02
  8.52e-02	  3.65e-02	6.48930e+01
  8.52e-02	  3.70e-02	1.04100e+02
  8.52e-02	  3.75e-02	-1.54933e-27
  8.52e-02	  3.80e-02	3.50796e-123
  8.52e-02	  3.85e-02	7.39206e-156
  8.52e-02	  3.91e-02	1.50333e-188
  8.52e-02	  3.96e-02	2.95844e-221
  8.52e-02	  4.01e-02	5.65896e-254
  8.52e-02	  4.06e-02	1.05674e-286
  8.52e-02	  4.11e-02	1.80235e-319
  8.52e-02	  4.17e-02	0.00000e+00
  8.52e-02	  4.22e-02	0.00000e+00
  8.52e-02	  4.27e-02	0.00000e+00
  8.52e-02	  4.32e-02	0.00000e+00
  8.52e-02	  4.37e-02	0.00000e+00
  8.52e-02	  4.43e-02	0.00000e+00
  8.52e-02	  4.48e-02	0.00000e+00
  8.52e-02	  4.53e-02	0.00000e+00
  8.52e-02	  4.58e-02	0.00000e+00
  8.52e-02	  4.64e-02	0.00000e+00
  8.52e-02	  4.69e-02	0.00000e+00
  8.52e-02	  4.74e-02	0.00000e+00
  8.52e-02	  4.79e-02	0.00000e+00
  8.52e-02	  4.84e-02	0.00000e+00
  8.52e-02	  4.90e-02	0.00000e+00
  8.52e-02	  4.95e-02	0.00000e+00

  8.59e-02	  0.00e+00	0.00000e+00
  8.59e-02	  5.21e-04	0.00000e+00
  8.59e-02	  1.04e-03	0.00000e+00
  8.59e-02	  1.56e-03	0.00000e+00
  8.59e-02	  2.08e-03	0.00000e+00
  8.59e-02	  2.60e-03	0.00000e+00
  8.59e-02	  3.12e-03	0.00000e+00
  8.59e-02	  3.65e-03	0.00000e+00
  8.59e-02	  4.17e-03	0.00000e+00
  8.59e-02	  4.69e-03	0.00000e+00
  8.59e-02	  5.21e-03	0.00000e+00
  8.59e-02	  5.73e-03	2.84582e-320
  8.59e-02	  6.25e-03	1.50371e-287
  8.59e-02	  6.77e-03	7.83160e-255
  8.59e-02	  7.29e-03	3.94055e-222
  8.59e-02	  7.81e-03	1.89669e-189
  8.59e-02	  8.33e-03	8.61403e-157
  8.59e-02	  8.85e-03	3.62541e-124
  8.59e-02	  9.37e-03	1.39259e-91
  8.59e-02	  9.90e-03	5.08441e-59
  8.59e-02	  1.04e-02	1.38338e-28
  8.59e-02	  1.09e-02	-4.12500e+02
  8.59e-02	  1.15e-02	-1.99813e+02
  8.59e-02	  1.20e-02	-1.38246e+02
  8.59e-02	  1.25e-02	-1.03130e+02
  8.59e-02	  1.30e-02	-5.42624e+01
  8.59e-02	  1.35e-02	4.23753e+00
  8.59e-02	  1.41e-02	6.45800e+01
  8.59e-02	  1.46e-02	1.19761e+02
  8.59e-02	  1.51e-02	1.62841e+02
  8.59e-02	  1.56e-02	1.89027e+02
  8.59e-02	  1.61e-02	2.04304e+02
  8.59e-02	  1.67e-02	2.40620e+02
  8.59e-02	  1.72e-02	-5.46338e+00
  8.59e-02	  1.77e-02	1.22068e-28
  8.59e-02	  1.82e-02	1.08749e-90
  8.59e-02	  1.88e-02	2.25507e-123
  8.59e-02	  1.93e-02	2.53869e-91
  8.59e-02	  1.98e-02	1.00231e-58
  8.59e-02	  2.03e-02	2.69065e-28
  8.59e-02	  2.08e-02	-3.93778e+02
  8.59e-02	  2.14e-02	-2.00395e+02
  8.59e-02	  2.19e-02	-1.45019e+02
  8.59e-02	  2.24e-02	-1.14384e+02
  8.59e-02	  2.29e-02	-6.94242e+01
  8.59e-02	  2.34e-02	-1.27212e+01
  8.59e-02	  2.40e-02	5.07952e+01
  8.59e-02	  2.45e-02	1.17807e+02
  8.59e-02	  2.50e-02	1.83523e+02
  8.59e-02	  2.55e-02	2.36050e+02
  8.59e-02	  2.60e-02	2.50329e+02
  8.59e-02	  2.66e-02	2.98634e+02
  8.59e-02	  2.71e-02	4.86475e+01
  8.59e-02	  2.76e-02	8.72857e+01
  8.59e-02	  2.81e-02	-1.73568e-27
  8.59e-02	  2.86e-02	4.08433e-123
  8.59e-02	  2.92e-02	3.18126e-91
  8.59e-02	  2.97e-02	1.43256e-58
  8.59e-02	  3.02e-02	3.84123e-28
  8.59e-02	  3.07e-02	-2.65574e+02
  8.59e-02	  3.13e-02	-2.41413e+02
  8.59e-02	  3.18e-02	-3.00952e+02
  8.59e-02	  3.23e-02	-2.10011e+02
  8.59e-02	  3.28e-02	-1.21934e+02
  8.59e-02	  3.33e-02	-4.33698e+01
  8.59e-02	  3.39e-02	3.05463e+01
  8.59e-02	  3.44e-02	1.02422e+02
  8.59e-02	  3.49e-02	1.70491e+02
  8.59e-02	  3.54e-02	2.24984e+02
  8.59e-02	  3.59e-02	2.43028e+02
  8.59e-02	  3.65e-02	2.93844e+02
  8.59e-02	  3.70e-02	5.07490e+01
  8.59e-02	  3.75e-02	8.75306e+01
  8.59e-02	  3.80e-02	-1.65318e-27
  8.59e-02	  3.85e-02	3.21748e-123
  8.59e-02	  3.91e-02	5.96492e-156
  8.59e-02	  3.96e-02	1.06482e-188
  8.59e-02	  4.01e-02	1.85121e-221
  8.59e-02	  4.06e-02	3.15597e-254
  8.59e-02	  4.11e-02	5.29980e-287
  8.59e-02	  4.17e-02	7.58885e-320
  8.59e-02	  4.22e-02	0.00000e+00
  8.59e-02	  4.27e-02	0.00000e+00
  8.59e-02	  4.32e-02	0.00000e+00
  8.59e-02	  4.37e-02	0.00000e+00
  8.59e-02	  4.43e-02	0.00000e+00
  8.59e-02	  4.48e-02	0.00000e+00
  8.59e-02	  4.53e-02	0.00000e+00
  8.59e-02	  4.58e-02	0.00000e+00
  8.59e-02	  4.64e-02	0.00000e+00
  8.59e-02	  4.69e-02	0.00000e+00
  8.59e-02	  4.74e-02	0.00000e+00
  8.59e-02	  4.79e-02	0.00000e+00
  8.59e-02	  4.84e-02	0.00000e+00
  8.59e-02	  4.90e-02	0.00000e+00
  8.59e-02	  4.95e-02	0.00000e+00

  8.67e-02	  0.00e+00	0.00000e+00
  8.67e-02	  5.21e-04	0.00000e+00
  8.67e-02	  1.04e-03	0.00000e+00
  8.67e-02	  1.56e-03	0.00000e+00
  8.67e-02	  2.08e-03	0.00000e+00
  8.67e-02	  2.60e-03	0.00000e+00
  8.67e-02	  3.12e-03	0.00000e+00
  8.67e-02	  3.65e-03	0.00000e+00
  8.67e-02	  4.17e-03	0.00000e+00
  8.67e-02	  4.69e-03	0.00000e+00
  8.67e-02	  5.21e-03	0.00000e+00
  8.67e-02	  5.73e-03	0.00000e+00
  8.67e-02	  6.25e-03	-4.24191e-291
  8.67e-02	  6.77e-03	-2.82909e-258
  8.67e-02	  7.29e-03	-1.88681e-225
  8.67e-02	  7.81e-03	-1.25835e-192
  8.67e-02	  8.33e-03	-8.39209e-160
  8.67e-02	  8.85e-03	-5.59669e-127
  8.67e-02	  9.37e-03	-3.73237e-94
  8.67e-02	  9.90e-03	-2.48903e-61
  8.67e-02	  1.04e-02	-1.65984e-28
  8.67e-02	  1.09e-02	-2.20928e+02
  8.67e-02	  1.15e-02	-2.09797e+02
  8.67e-02	  1.20e-02	-2.88676e+02
  8.67e-02	  1.25e-02	-2.00587e+02
  8.67e-02	  1.30e-02	-1.30827e+02
  8.67e-02	  1.35e-02	-6.29135e+01
  8.67e-02	  1.41e-02	-1.21785e+00
  8.67e-02	  1.46e-02	5.44297e+01
  8.67e-02	  1.51e-02	1.04284e+02
  8.67e-02	  1.56e-02	1.49681e+02
  8.67e-02	  1.61e-02	1.93421e+02
  8.67e-02	  1.67e-02	2.28522e+02
  8.67e-02	  1.72e-02	2.74313e+02
  8.67e-02	  1.77e-02	1.12132e+02
  8.67e-02	  1.82e-02	-1.76318e-27
  8.67e-02	  1.88e-02	3.37138e-94
  8.67e-02	  1.93e-02	-3.64029e-94
  8.67e-02	  1.98e-02	-2.42776e-61
  8.67e-02	  2.03e-02	-1.61909e-28
  8.67e-02	  2.08e-02	-2.15520e+02
  8.67e-02	  2.14e-02	-2.10741e+02
  8.67e-02	  2.19e-02	-2.94040e+02
  8.67e-02	  2.24e-02	-2.09438e+02
  8.67e-02	  2.29e-02	-1.41804e+02
  8.67e-02	  2.34e-02	-7.37661e+01
  8.67e-02	  2.40e-02	-9.04877e+00
  8.67e-02	  2.45e-02	5.26016e+01
  8.67e-02	  2.50e-02	1.08929e+02
  8.67e-02	  2.55e-02	1.54293e+02
  8.67e-02	  2.60e-02	1.82693e+02
  8.67e-02	  2.66e-02	1.98643e+02
  8.67e-02	  2.71e-02	2.34240e+02
  8.67e-02	  2.76e-02	-1.12578e+01
  8.67e-02	  2.81e-02	1.21405e-28
  8.67e-02	  2.86e-02	1.20209e-90
  8.67e-02	  2.92e-02	2.40282e-123
  8.67e-02	  2.97e-02	2.63572e-91
  8.67e-02	  3.02e-02	1.13599e-58
  8.67e-02	  3.07e-02	3.05545e-28
  8.67e-02	  3.13e-02	-4.05458e+02
  8.67e-02	  3.18e-02	-1.93213e+02
  8.67e-02	  3.23e-02	-1.35247e+02
  8.67e-02	  3.28e-02	-1.03925e+02
  8.67e-02	  3.33e-02	-5.94342e+01
  8.67e-02	  3.39e-02	-5.10563e+00
  8.67e-02	  3.44e-02	5.22054e+01
  8.67e-02	  3.49e-02	1.06495e+02
  8.67e-02	  3.54e-02	1.51248e+02
  8.67e-02	  3.59e-02	1.80524e+02
  8.67e-02	  3.65e-02	1.98195e+02
  8.67e-02	  3.70e-02	2.35635e+02
  8.67e-02	  3.75e-02	-8.46116e+00
  8.67e-02	  3.80e-02	1.17862e-28
  8.67e-02	  3.85e-02	1.15234e-90
  8.67e-02	  3.91e-02	1.72554e-123
  8.67e-02	  3.96e-02	2.58366e-156
  8.67e-02	  4.01e-02	3.86822e-189
  8.67e-02	  4.06e-02	5.79101e-222
  8.67e-02	  4.11e-02	8.66887e-255
  8.67e-02	  4.17e-02	1.29758e-287
  8.67e-02	  4.22e-02	9.48606e-321
  8.67e-02	  4.27e-02	0.00000e+00
  8.67e-02	  4.32e-02	0.00000e+00
  8.67e-02	  4.37e-02	0.00000e+00
  8.67e-02	  4.43e-02	0.00000e+00
  8.67e-02	  4.48e-02	0.00000e+00
  8.67e-02	  4.53e-02	0.00000e+00
  8.67e-02	  4.58e-02	0.00000e+00
  8.67e-02	  4.64e-02	0.00000e+00
  8.67e-02	  4.69e-02	0.00000e+00
  8.67e-02	  4.74e-02	0.00000e+00
  8.67e-02	  4.79e-02	0.00000e+00
  8.67e-02	  4.84e-02	0.00000e+00
  8.67e-02	  4.90e-02	0.00000e+00
  8.67e-02	  4.95e-02	0.00000e+00

  8.75e-02	  0.00e+00	0.00000e+00
  8.75e-02	  5.21e-04	0.00000e+00
  8.75e-02	  1.04e-03	0.00000e+00
  8.75e-02	  1.56e-03	0.00000e+00
  8.75e-02	  2.08e-03	0.00000e+00
  8.75e-02	  2.60e-03	0.00000e+00
  8.75e-02	  3.12e-03	0.00000e+00
  8.75e-02	  3.65e-03	0.00000e+00
  8.75e-02	  4.17e-03	0.00000e+00
  8.75e-02	  4.69e-03	0.00000e+00
  8.75e-02	  5.21e-03	0.00000e+00
  8.75e-02	  5.73e-03	0.00000e+00
  8.75e-02	  6.25e-03	0.00000e+00
  8.75e-02	  6.77e-03	3.57823e-288
  8.75e-02	  7.29e-03	2.39923e-255
  8.75e-02	  7.81e-03	1.60864e-222
  8.75e-02	  8.33e-03	1.07850e-189
  8.75e-02	  8.85e-03	7.23013e-157
  8.75e-02	  9.37e-03	4.84650e-124
  8.75e-02	  9.90e-03	3.24828e-91
  8.75e-02	  1.04e-02	2.17676e-58
  8.75e-02	  1.09e-02	5.82495e-28
  8.75e-02	  1.15e-02	-2.67553e+02
  8.75e-02	  1.20e-02	-2.12803e+02
  8.75e-02	  1.25e-02	-3.01624e+02
  8.75e-02	  1.30e-02	-2.11195e+02
  8.75e-02	  1.35e-02	-1.33947e+02
  8.75e-02	  1.41e-02	-7.22294e+01
  8.75e-02	  1.46e-02	-1.65100e+01
  8.75e-02	  1.51e-02	3.52962e+01
  8.75e-02	  1.56e-02	8.35199e+01
  8.75e-02	  1.61e-02	1.30825e+02
  8.75e-02	  1.67e-02	1.88890e+02
  8.75e-02	  1.72e-02	4.06158e+02
  8.75e-02	  1.77e-02	2.89735e+01
  8.75e-02	  1.82e-02	8.44349e+01
  8.75e-02	  1.88e-02	-1.84630e-27
  8.75e-02	  1.93e-02	4.60662e-123
  8.75e-02	  1.98e-02	3.64114e-91
  8.75e-02	  2.03e-02	2.43838e-58
  8.75e-02	  2.08e-02	6.51873e-28
  8.75e-02	  2.14e-02	-2.68326e+02
  8.75e-02	  2.19e-02	-2.19539e+02
  8.75e-02	  2.24e-02	-3.12671e+02
  8.75e-02	  2.29e-02	-2.21328e+02
  8.75e-02	  2.34e-02	-1.42030e+02
  8.75e-02	  2.40e-02	-7.69353e+01
  8.75e-02	  2.45e-02	-1.62280e+01
  8.75e-02	  2.50e-02	4.11030e+01
  8.75e-02	  2.55e-02	9.31031e+01
  8.75e-02	  2.60e-02	1.39055e+02
  8.75e-02	  2.66e-02	1.80622e+02
  8.75e-02	  2.71e-02	2.11247e+02
  8.75e-02	  2.76e-02	2.52432e+02
  8.75e-02	  2.81e-02	9.66730e+01
  8.75e-02	  2.86e-02	-1.94002e-27
  8.75e-02	  2.92e-02	3.31793e-94
  8.75e-02	  2.97e-02	-3.60225e-94
  8.75e-02	  3.02e-02	-2.40257e-61
  8.75e-02	  3.07e-02	-1.60239e-28
  8.75e-02	  3.13e-02	-2.13306e+02
  8.75e-02	  3.18e-02	-2.03614e+02
  8.75e-02	  3.23e-02	-2.80314e+02
  8.75e-02	  3.28e-02	-1.97396e+02
  8.75e-02	  3.33e-02	-1.31759e+02
  8.75e-02	  3.39e-02	-6.71423e+01
  8.75e-02	  3.44e-02	-7.97727e+00
  8.75e-02	  3.49e-02	4.59588e+01
  8.75e-02	  3.54e-02	9.49265e+01
  8.75e-02	  3.59e-02	1.39745e+02
  8.75e-02	  3.65e-02	1.82433e+02
  8.75e-02	  3.70e-02	2.16002e+02
  8.75e-02	  3.75e-02	2.60745e+02
  8.75e-02	  3.80e-02	1.03009e+02
  8.75e-02	  3.85e-02	-1.87793e-27
  8.75e-02	  3.91e-02	3.32862e-94
  8.75e-02	  3.96e-02	4.99192e-127
  8.75e-02	  4.01e-02	7.48617e-160
  8.75e-02	  4.06e-02	1.12264e-192
  8.75e-02	  4.11e-02	1.68348e-225
  8.75e-02	  4.17e-02	2.52444e-258
  8.75e-02	  4.22e-02	3.78539e-291
  8.75e-02	  4.27e-02	0.00000e+00
  8.75e-02	  4.32e-02	0.00000e+00
  8.75e-02	  4.37e-02	0.00000e+00
  8.75e-02	  4.43e-02	0.00000e+00
  8.75e-02	  4.48e-02	0.00000e+00
  8.75e-02	  4.53e-02	0.00000e+00
  8.75e-02	  4.58e-02	0.00000e+00
  8.75e-02	  4.64e-02	0.00000e+00
  8.75e-02	  4.69e-02	0.00000e+00
  8.75e-02	  4.74e-02	0.00000e+00
  8.75e-02	  4.79e-02	0.00000e+00
  8.75e-02	  4.84e-02	0.00000e+00
  8.75e-02	  4.90e-02	0.00000e+00
  8.75e-02	  4.95e-02	0.00000e+00

  8.83e-02	  0.00e+00	0.00000e+00
  8.83e-02	  5.21e-04	0.00000e+00
  8.83e-02	  1.04e-03	0.00000e+00
  8.83e-02	  1.56e-03	0.00000e+00
  8.83e-02	  2.08e-03	0.00000e+00
  8.83e-02	  2.60e-03	0.00000e+00
  8.83e-02	  3.12e-03	0.00000e+00
  8.83e-02	  3.65e-03	0.00000e+00
  8.83e-02	  4.17e-03	0.00000e+00
  8.83e-02	  4.69e-03	0.00000e+00
  8.83e-02	  5.21e-03	0.00000e+00
  8.83e-02	  5.73e-03	0.00000e+00
  8.83e-02	  6.25e-03	0.00000e+00
  8.83e-02	  6.77e-03	2.84582e-320
  8.83e-02	  7.29e-03	1.53280e-287
  8.83e-02	  7.81e-03	9.20418e-255
  8.83e-02	  8.33e-03	5.45198e-222
  8.83e-02	  8.85e-03	3.17331e-189
  8.83e-02	  9.37e-03	1.80446e-156
  8.83e-02	  9.90e-03	9.93246e-124
  8.83e-02	  1.04e-02	5.20804e-91
  8.83e-02	  1.09e-02	2.51956e-58
  8.83e-02	  1.15e-02	6.72332e-28
  8.83e-02	  1.20e-02	-2.95187e+02
  8.83e-02	  1.25e-02	-2.32327e+02
  8.83e-02	  1.30e-02	-3.32054e+02
  8.83e-02	  1.35e-02	-2.04374e+02
  8.83e-02	  1.41e-02	-1.49655e+02
  8.83e-02	  1.46e-02	-8.86781e+01
  8.83e-02	  1.51e-02	-2.79306e+01
  8.83e-02	  1.56e-02	2.94397e+01
  8.83e-02	  1.61e-02	8.50630e+01
  8.83e-02	  1.67e-02	1.44240e+02
  8.83e-02	  1.72e-02	2.10789e+02
  8.83e-02	  1.77e-02	2.39325e+02
  8.83e-02	  1.82e-02	1.19966e+01
  8.83e-02	  1.88e-02	5.65779e+01
  8.83e-02	  1.93e-02	-1.89963e-27
  8.83e-02	  1.98e-02	4.99854e-123
  8.83e-02	  2.03e-02	5.69120e-91
  8.83e-02	  2.08e-02	2.72508e-58
  8.83e-02	  2.14e-02	7.26732e-28
  8.83e-02	  2.19e-02	-3.02189e+02
  8.83e-02	  2.24e-02	-2.41762e+02
  8.83e-02	  2.29e-02	-3.45801e+02
  8.83e-02	  2.34e-02	-2.13282e+02
  8.83e-02	  2.40e-02	-1.55903e+02
  8.83e-02	  2.45e-02	-9.15336e+01
  8.83e-02	  2.50e-02	-2.81554e+01
  8.83e-02	  2.55e-02	2.86774e+01
  8.83e-02	  2.60e-02	7.74208e+01
  8.83e-02	  2.66e-02	1.20502e+02
  8.83e-02	  2.71e-02	1.69061e+02
  8.83e-02	  2.76e-02	3.63552e+02
  8.83e-02	  2.81e-02	6.76957e+00
  8.83e-02	  2.86e-02	6.19553e+01
  8.83e-02	  2.92e-02	-1.98987e-27
  8.83e-02	  2.97e-02	4.84788e-123
  8.83e-02	  3.02e-02	4.16892e-91
  8.83e-02	  3.07e-02	2.79244e-58
  8.83e-02	  3.13e-02	7.46877e-28
  8.83e-02	  3.18e-02	-2.57554e+02
  8.83e-02	  3.23e-02	-2.07227e+02
  8.83e-02	  3.28e-02	-2.94961e+02
  8.83e-02	  3.33e-02	-2.09334e+02
  8.83e-02	  3.39e-02	-1.34509e+02
  8.83e-02	  3.44e-02	-7.50699e+01
  8.83e-02	  3.49e-02	-2.19773e+01
  8.83e-02	  3.54e-02	2.72839e+01
  8.83e-02	  3.59e-02	7.29993e+01
  8.83e-02	  3.65e-02	1.17181e+02
  8.83e-02	  3.70e-02	1.70495e+02
  8.83e-02	  3.75e-02	3.76425e+02
  8.83e-02	  3.80e-02	1.20403e+01
  8.83e-02	  3.85e-02	6.89694e+01
  8.83e-02	  3.91e-02	-1.94744e-27
  8.83e-02	  3.96e-02	4.17539e-123
  8.83e-02	  4.01e-02	8.65031e-156
  8.83e-02	  4.06e-02	1.73670e-188
  8.83e-02	  4.11e-02	3.38473e-221
  8.83e-02	  4.17e-02	6.42698e-254
  8.83e-02	  4.22e-02	1.19341e-286
  8.83e-02	  4.27e-02	1.99207e-319
  8.83e-02	  4.32e-02	0.00000e+00
  8.83e-02	  4.37e-02	0.00000e+00
  8.83e-02	  4.43e-02	0.00000e+00
  8.83e-02	  4.48e-02	0.00000e+00
  8.83e-02	  4.53e-02	0.00000e+00
  8.83e-02	  4.58e-02	0.00000e+00
  8.83e-02	  4.64e-02	0.00000e+00
  8.83e-02	  4.69e-02	0.00000e+00
  8.83e-02	  4.74e-02	0.00000e+00
  8.83e-02	  4.79e-02	0.00000e+00
  8.83e-02	  4.84e-02	0.00000e+00
  8.83e-02	  4.90e-02	0.00000e+00
  8.83e-02	  4.95e-02	0.00000e+00

  8.91e-02	  0.00e+00	0.00000e+00
  8.91e-02	  5.21e-04	0.00000e+00
  8.91e-02	  1.04e-03	0.00000e+00
  8.91e-02	  1.56e-03	0.00000e+00
  8.91e-02	  2.08e-03	0.00000e+00
  8.91e-02	  2.60e-03	0.00000e+00
  8.91e-02	  3.12e-03	0.00000e+00
  8.91e-02	  3.65e-03	0.00000e+00
  8.91e-02	  4.17e-03	0.00000e+00
  8.91e-02	  4.69e-03	0.00000e+00
  8.91e-02	  5.21e-03	0.00000e+00
  8.91e-02	  5.73e-03	0.00000e+00
  8.91e-02	  6.25e-03	0.00000e+00
  8.91e-02	  6.77e-03	0.00000e+00
  8.91e-02	  7.29e-03	3.79442e-320
  8.91e-02	  7.81e-03	3.25099e-287
  8.91e-02	  8.33e-03	1.76878e-254
  8.91e-02	  8.85e-03	9.42528e-222
  8.91e-02	  9.37e-03	4.90265e-189
  8.91e-02	  9.90e-03	2.48137e-156
  8.91e-02	  1.04e-02	1.22007e-123
  8.91e-02	  1.09e-02	5.85317e-91
  8.91e-02	  1.15e-02	2.79768e-58
  8.91e-02	  1.20e-02	7.46123e-28
  8.91e-02	  1.25e-02	-3.37833e+02
  8.91e-02	  1.30e-02	-3.04625e+02
  8.91e-02	  1.35e-02	-3.47623e+02
  8.91e-02	  1.41e-02	-2.48639e+02
  8.91e-02	  1.46e-02	-1.52034e+02
  8.91e-02	  1.51e-02	-7.33803e+01
  8.91e-02	  1.56e-02	-8.69861e+00
  8.91e-02	  1.61e-02	4.66229e+01
  8.91e-02	  1.67e-02	9.43495e+01
  8.91e-02	  1.72e-02	1.30485e+02
  8.91e-02	  1.77e-02	1.40466e+02
  8.91e-02	  1.82e-02	1.58077e+02
  8.91e-02	  1.88e-02	-9.37367e+00
  8.91e-02	  1.93e-02	2.76905e+01
  8.91e-02	  1.98e-02	-1.91290e-27
  8.91e-02	  2.03e-02	4.74150e-123
  8.91e-02	  2.08e-02	6.25703e-91
  8.91e-02	  2.14e-02	2.97533e-58
  8.91e-02	  2.19e-02	7.93172e-28
  8.91e-02	  2.24e-02	-3.49742e+02
  8.91e-02	  2.29e-02	-3.17546e+02
  8.91e-02	  2.34e-02	-3.62670e+02
  8.91e-02	  2.40e-02	-2.59852e+02
  8.91e-02	  2.45e-02	-1.59439e+02
  8.91e-02	  2.50e-02	-7.84349e+01
  8.91e-02	  2.55e-02	-1.35774e+01
  8.91e-02	  2.60e-02	3.99307e+01
  8.91e-02	  2.66e-02	8.68779e+01
  8.91e-02	  2.71e-02	1.32967e+02
  8.91e-02	  2.76e-02	1.81352e+02
  8.91e-02	  2.81e-02	1.81611e+02
  8.91e-02	  2.86e-02	-1.23459e+01
  8.91e-02	  2.92e-02	2.82003e+01
  8.91e-02	  2.97e-02	-1.99159e-27
  8.91e-02	  3.02e-02	5.18400e-123
  8.91e-02	  3.07e-02	6.46729e-91
  8.91e-02	  3.13e-02	3.08834e-58
  8.91e-02	  3.18e-02	8.24016e-28
  8.91e-02	  3.23e-02	-2.85555e+02
  8.91e-02	  3.28e-02	-2.29372e+02
  8.91e-02	  3.33e-02	-3.30035e+02
  8.91e-02	  3.39e-02	-2.04072e+02
  8.91e-02	  3.44e-02	-1.52021e+02
  8.91e-02	  3.49e-02	-9.50082e+01
  8.91e-02	  3.54e-02	-3.73094e+01
  8.91e-02	  3.59e-02	1.77531e+01
  8.91e-02	  3.65e-02	7.04234e+01
  8.91e-02	  3.70e-02	1.24404e+02
  8.91e-02	  3.75e-02	1.82186e+02
  8.91e-02	  3.80e-02	1.95001e+02
  8.91e-02	  3.85e-02	-1.07836e+01
  8.91e-02	  3.91e-02	3.45193e+01
  8.91e-02	  3.96e-02	-1.97372e-27
  8.91e-02	  4.01e-02	3.60306e-123
  8.91e-02	  4.06e-02	6.63427e-156
  8.91e-02	  4.11e-02	1.17912e-188
  8.91e-02	  4.17e-02	2.04388e-221
  8.91e-02	  4.22e-02	3.47737e-254
  8.91e-02	  4.27e-02	5.83135e-287
  8.91e-02	  4.32e-02	8.53745e-320
  8.91e-02	  4.37e-02	0.00000e+00
  8.91e-02	  4.43e-02	0.00000e+00
  8.91e-02	  4.48e-02	0.00000e+00
  8.91e-02	  4.53e-02	0.00000e+00
  8.91e-02	  4.58e-02	0.00000e+00
  8.91e-02	  4.64e-02	0.00000e+00
  8.91e-02	  4.69e-02	0.00000e+00
  8.91e-02	  4.74e-02	0.00000e+00
  8.91e-02	  4.79e-02	0.00000e+00
  8.91e-02	  4.84e-02	0.00000e+00
  8.91e-02	  4.90e-02	0.00000e+00
  8.91e-02	  4.95e-02	0.00000e+00

  8.98e-02	  0.00e+00	0.00000e+00
  8.98e-02	  5.21e-04	0.00000e+00
  8.98e-02	  1.04e-03	0.00000e+00
  8.98e-02	  1.56e-03	0.00000e+00
  8.98e-02	  2.08e-03	0.00000e+00
  8.98e-02	  2.60e-03	0.00000e+00
  8.98e-02	  3.12e-03	0.00000e+00
  8.98e-02	  3.65e-03	0.00000e+00
  8.98e-02	  4.17e-03	0.00000e+00
  8.98e-02	  4.69e-03	0.00000e+00
  8.98e-02	  5.21e-03	0.00000e+00
  8.98e-02	  5.73e-03	0.00000e+00
  8.98e-02	  6.25e-03	0.00000e+00
  8.98e-02	  6.77e-03	0.00000e+00
  8.98e-02	  7.29e-03	0.00000e+00
  8.98e-02	  7.81e-03	8.53745e-320
  8.98e-02	  8.33e-03	4.62471e-287
  8.98e-02	  8.85e-03	2.31145e-254
  8.98e-02	  9.37e-03	1.12921e-221
  8.98e-02	  9.90e-03	5.38368e-189
  8.98e-02	  1.04e-02	2.50259e-156
  8.98e-02	  1.09e-02	1.13367e-123
  8.98e-02	  1.15e-02	4.99061e-91
  8.98e-02	  1.20e-02	2.09906e-58
  8.98e-02	  1.25e-02	5.60436e-28
  8.98e-02	  1.30e-02	-5.85232e+02
  8.98e-02	  1.35e-02	-2.30640e+02
  8.98e-02	  1.41e-02	-1.54064e+02
  8.98e-02	  1.46e-02	-1.07221e+02
  8.98e-02	  1.51e-02	-6.12389e+01
  8.98e-02	  1.56e-02	-1.48552e+01
  8.98e-02	  1.61e-02	2.85926e+01
  8.98e-02	  1.67e-02	6.51769e+01
  8.98e-02	  1.72e-02	9.02011e+01
  8.98e-02	  1.77e-02	9.88106e+01
  8.98e-02	  1.82e-02	9.16810e+01
  8.98e-02	  1.88e-02	8.19277e+01
  8.98e-02	  1.93e-02	-2.72039e+01
  8.98e-02	  1.98e-02	7.59642e-29
  8.98e-02	  2.03e-02	1.18071e-90
  8.98e-02	  2.08e-02	2.97673e-123
  8.98e-02	  2.14e-02	5.30734e-91
  8.98e-02	  2.19e-02	2.23065e-58
  8.98e-02	  2.24e-02	5.95215e-28
  8.98e-02	  2.29e-02	-6.09522e+02
  8.98e-02	  2.34e-02	-2.41627e+02
  8.98e-02	  2.40e-02	-1.62336e+02
  8.98e-02	  2.45e-02	-1.13842e+02
  8.98e-02	  2.50e-02	-6.63976e+01
  8.98e-02	  2.55e-02	-1.87376e+01
  8.98e-02	  2.60e-02	2.63708e+01
  8.98e-02	  2.66e-02	6.66525e+01
  8.98e-02	  2.71e-02	9.95164e+01
  8.98e-02	  2.76e-02	1.18549e+02
  8.98e-02	  2.81e-02	1.08157e+02
  8.98e-02	  2.86e-02	9.18048e+01
  8.98e-02	  2.92e-02	-2.76787e+01
  8.98e-02	  2.97e-02	2.94767e-17
  8.98e-02	  3.02e-02	-1.91730e-27
  8.98e-02	  3.07e-02	4.81134e-123
  8.98e-02	  3.13e-02	6.98185e-91
  8.98e-02	  3.18e-02	3.30043e-58
  8.98e-02	  3.23e-02	8.80320e-28
  8.98e-02	  3.28e-02	-3.31736e+02
  8.98e-02	  3.33e-02	-3.11823e+02
  8.98e-02	  3.39e-02	-3.54306e+02
  8.98e-02	  3.44e-02	-2.64223e+02
  8.98e-02	  3.49e-02	-1.72047e+02
  8.98e-02	  3.54e-02	-9.11476e+01
  8.98e-02	  3.59e-02	-2.25605e+01
  8.98e-02	  3.65e-02	3.48363e+01
  8.98e-02	  3.70e-02	8.07897e+01
  8.98e-02	  3.75e-02	1.10046e+02
  8.98e-02	  3.80e-02	1.07391e+02
  8.98e-02	  3.85e-02	9.95500e+01
  8.98e-02	  3.91e-02	-3.38354e+01
  8.98e-02	  3.96e-02	9.87810e-17
  8.98e-02	  4.01e-02	-1.88532e-27
  8.98e-02	  4.06e-02	1.86217e-123
  8.98e-02	  4.11e-02	2.79255e-156
  8.98e-02	  4.17e-02	4.18742e-189
  8.98e-02	  4.22e-02	6.27852e-222
  8.98e-02	  4.27e-02	9.41309e-255
  8.98e-02	  4.32e-02	1.41115e-287
  8.98e-02	  4.37e-02	9.48606e-321
  8.98e-02	  4.43e-02	0.00000e+00
  8.98e-02	  4.48e-02	0.00000e+00
  8.98e-02	  4.53e-02	0.00000e+00
  8.98e-02	  4.58e-02	0.00000e+00
  8.98e-02	  4.64e-02	0.00000e+00
  8.98e-02	  4.69e-02	0.00000e+00
  8.98e-02	  4.74e-02	0.00000e+00
  8.98e-02	  4.79e-02	0.00000e+00
  8.98e-02	  4.84e-02	0.00000e+00
  8.98e-02	  4.90e-02	0.00000e+00
  8.98e-02	  4.95e-02	0.00000e+00

  9.06e-02	  0.00e+00	0.00000e+00
  9.06e-02	  5.21e-04	0.00000e+00
  9.06e-02	  1.04e-03	0.00000e+00
  9.06e-02	  1.56e-03	0.00000e+00
  9.06e-02	  2.08e-03	0.00000e+00
  9.06e-02	  2.60e-03	0.00000e+00
  9.06e-02	  3.12e-03	0.00000e+00
  9.06e-02	  3.65e-03	0.00000e+00
  9.06e-02	  4.17e-03	0.00000e+00
  9.06e-02	  4.69e-03	0.00000e+00
  9.06e-02	  5.21e-03	0.00000e+00
  9.06e-02	  5.73e-03	0.00000e+00
  9.06e-02	  6.25e-03	0.00000e+00
  9.06e-02	  6.77e-03	0.00000e+00
  9.06e-02	  7.29e-03	0.00000e+00
  9.06e-02	  7.81e-03	0.00000e+00
  9.06e-02	  8.33e-03	-9.81572e-291
  9.06e-02	  8.85e-03	-6.55257e-258
  9.06e-02	  9.37e-03	-4.37290e-225
  9.06e-02	  9.90e-03	-2.91748e-192
  9.06e-02	  1.04e-02	-1.94601e-159
  9.06e-02	  1.09e-02	-1.29779e-126
  9.06e-02	  1.15e-02	-8.65389e-94
  9.06e-02	  1.20e-02	-5.77012e-61
  9.06e-02	  1.25e-02	-3.84713e-28
  9.06e-02	  1.30e-02	-5.11968e+02
  9.06e-02	  1.35e-02	-2.29605e+02
  9.06e-02	  1.41e-02	-1.77538e+02
  9.06e-02	  1.46e-02	-1.26200e+02
  9.06e-02	  1.51e-02	-7.43506e+01
  9.06e-02	  1.56e-02	-2.48611e+01
  9.06e-02	  1.61e-02	1.90858e+01
  9.06e-02	  1.67e-02	5.44591e+01
  9.06e-02	  1.72e-02	7.83619e+01
  9.06e-02	  1.77e-02	8.84663e+01
  9.06e-02	  1.82e-02	8.35452e+01
  9.06e-02	  1.88e-02	6.09874e+01
  9.06e-02	  1.93e-02	3.36392e+01
  9.06e-02	  1.98e-02	1.22255e-28
  9.06e-02	  2.03e-02	7.01929e-62
  9.06e-02	  2.08e-02	1.05255e-94
  9.06e-02	  2.14e-02	-9.02773e-94
  9.06e-02	  2.19e-02	-6.02035e-61
  9.06e-02	  2.24e-02	-4.01424e-28
  9.06e-02	  2.29e-02	-5.34211e+02
  9.06e-02	  2.34e-02	-2.40745e+02
  9.06e-02	  2.40e-02	-1.86833e+02
  9.06e-02	  2.45e-02	-1.33668e+02
  9.06e-02	  2.50e-02	-7.97898e+01
  9.06e-02	  2.55e-02	-2.78570e+01
  9.06e-02	  2.60e-02	1.93732e+01
  9.06e-02	  2.66e-02	5.92747e+01
  9.06e-02	  2.71e-02	8.85200e+01
  9.06e-02	  2.76e-02	1.02504e+02
  9.06e-02	  2.81e-02	9.68665e+01
  9.06e-02	  2.86e-02	7.37698e+01
  9.06e-02	  2.92e-02	3.42064e+01
  9.06e-02	  2.97e-02	-2.94767e-17
  9.06e-02	  3.02e-02	1.91730e-27
  9.06e-02	  3.07e-02	1.11884e-90
  9.06e-02	  3.13e-02	3.00063e-123
  9.06e-02	  3.18e-02	5.77339e-91
  9.06e-02	  3.23e-02	2.40090e-58
  9.06e-02	  3.28e-02	6.41357e-28
  9.06e-02	  3.33e-02	-6.07688e+02
  9.06e-02	  3.39e-02	-3.83161e+02
  9.06e-02	  3.44e-02	-2.69946e+02
  9.06e-02	  3.49e-02	-1.74827e+02
  9.06e-02	  3.54e-02	-9.40601e+01
  9.06e-02	  3.59e-02	-2.58950e+01
  9.06e-02	  3.65e-02	2.98747e+01
  9.06e-02	  3.70e-02	7.14521e+01
  9.06e-02	  3.75e-02	9.47118e+01
  9.06e-02	  3.80e-02	9.47207e+01
  9.06e-02	  3.85e-02	7.15463e+01
  9.06e-02	  3.91e-02	4.17805e+01
  9.06e-02	  3.96e-02	-9.87810e-17
  9.06e-02	  4.01e-02	1.88532e-27
  9.06e-02	  4.06e-02	4.35342e-93
  9.06e-02	  4.11e-02	6.51758e-126
  9.06e-02	  4.17e-02	9.75675e-159
  9.06e-02	  4.22e-02	1.46045e-191
  9.06e-02	  4.27e-02	2.18590e-224
  9.06e-02	  4.32e-02	3.27142e-257
  9.06e-02	  4.37e-02	4.89558e-290
  9.06e-02	  4.43e-02	0.00000e+00
  9.06e-02	  4.48e-02	0.00000e+00
  9.06e-02	  4.53e-02	0.00000e+00
  9.06e-02	  4.58e-02	0.00000e+00
  9.06e-02	  4.64e-02	0.00000e+00
  9.06e-02	  4.69e-02	0.00000e+00
  9.06e-02	  4.74e-02	0.00000e+00
  9.06e-02	  4.79e-02	0.00000e+00
  9.06e-02	  4.84e-02	0.00000e+00
  9.06e-02	  4.90e-02	0.00000e+00
  9.06e-02	  4.95e-02	0.00000e+00

  9.14e-02	  0.00e+00	0.00000e+00
  9.14e-02	  5.21e-04	0.00000e+00
  9.14e-02	  1.04e-03	0.00000e+00
  9.14e-02	  1.56e-03	0.00000e+00
  9.14e-02	  2.08e-03	0.00000e+00
  9.14e-02	  2.60e-03	0.00000e+00
  9.14e-02	  3.12e-03	0.00000e+00
  9.14e-02	  3.65e-03	0.00000e+00
  9.14e-02	  4.17e-03	0.00000e+00
  9.14e-02	  4.69e-03	0.00000e+00
  9.14e-02	  5.21e-03	0.00000e+00
  9.14e-02	  5.73e-03	0.00000e+00
  9.14e-02	  6.25e-03	0.00000e+00
  9.14e-02	  6.77e-03	0.00000e+00
  9.14e-02	  7.29e-03	0.00000e+00
  9.14e-02	  7.81e-03	0.00000e+00
  9.14e-02	  8.33e-03	-9.77703e-291
  9.14e-02	  8.85e-03	-6.52757e-258
  9.14e-02	  9.37e-03	-4.35676e-225
  9.14e-02	  9.90e-03	-2.90702e-192
  9.14e-02	  1.04e-02	-1.93918e-159
  9.14e-02	  1.09e-02	-1.29330e-126
  9.14e-02	  1.15e-02	-8.62422e-94
  9.14e-02	  1.20e-02	-5.75041e-61
  9.14e-02	  1.25e-02	-3.83402e-28
  9.14e-02	  1.30e-02	-5.10224e+02
  9.14e-02	  1.35e-02	-3.62013e+02
  9.14e-02	  1.41e-02	-2.78273e+02
  9.14e-02	  1.46e-02	-1.80945e+02
  9.14e-02	  1.51e-02	-9.83954e+01
  9.14e-02	  1.56e-02	-3.13793e+01
  9.14e-02	  1.61e-02	2.23982e+01
  9.14e-02	  1.67e-02	6.37800e+01
  9.14e-02	  1.72e-02	9.22983e+01
  9.14e-02	  1.77e-02	1.07570e+02
  9.14e-02	  1.82e-02	1.10318e+02
  9.14e-02	  1.88e-02	9.73875e+01
  9.14e-02	  1.93e-02	9.15773e+01
  9.14e-02	  1.98e-02	1.80912e-27
  9.14e-02	  2.03e-02	7.14275e-62
  9.14e-02	  2.08e-02	1.07106e-94
  9.14e-02	  2.14e-02	-8.98638e-94
  9.14e-02	  2.19e-02	-5.99260e-61
  9.14e-02	  2.24e-02	-3.99561e-28
  9.14e-02	  2.29e-02	-5.31716e+02
  9.14e-02	  2.34e-02	-3.76164e+02
  9.14e-02	  2.40e-02	-2.90568e+02
  9.14e-02	  2.45e-02	-1.90731e+02
  9.14e-02	  2.50e-02	-1.05599e+02
  9.14e-02	  2.55e-02	-3.55327e+01
  9.14e-02	  2.60e-02	2.24729e+01
  9.14e-02	  2.66e-02	6.96819e+01
  9.14e-02	  2.71e-02	1.04611e+02
  9.14e-02	  2.76e-02	1.23180e+02
  9.14e-02	  2.81e-02	1.21964e+02
  9.14e-02	  2.86e-02	1.09396e+02
  9.14e-02	  2.92e-02	9.33478e+01
  9.14e-02	  2.97e-02	9.89430e-31
  9.14e-02	  3.02e-02	-6.92782e-58
  9.14e-02	  3.07e-02	-1.03743e-90
  9.14e-02	  3.13e-02	-7.22056e-123
  9.14e-02	  3.18e-02	-2.68145e-90
  9.14e-02	  3.23e-02	-1.28088e-57
  9.14e-02	  3.28e-02	-8.62036e-28
  9.14e-02	  3.33e-02	-7.01592e+02
  9.14e-02	  3.39e-02	-3.13268e+02
  9.14e-02	  3.44e-02	-2.11142e+02
  9.14e-02	  3.49e-02	-1.31241e+02
  9.14e-02	  3.54e-02	-6.12141e+01
  9.14e-02	  3.59e-02	1.31030e+00
  9.14e-02	  3.65e-02	5.54414e+01
  9.14e-02	  3.70e-02	9.80707e+01
  9.14e-02	  3.75e-02	1.23915e+02
  9.14e-02	  3.80e-02	1.28228e+02
  9.14e-02	  3.85e-02	1.17046e+02
  9.14e-02	  3.91e-02	1.14412e+02
  9.14e-02	  3.96e-02	-2.60294e-29
  9.14e-02	  4.01e-02	-2.73086e-60
  9.14e-02	  4.06e-02	-4.08833e-93
  9.14e-02	  4.11e-02	-6.12006e-126
  9.14e-02	  4.17e-02	-9.16066e-159
  9.14e-02	  4.22e-02	-1.37107e-191
  9.14e-02	  4.27e-02	-2.05187e-224
  9.14e-02	  4.32e-02	-3.07045e-257
  9.14e-02	  4.37e-02	-4.59425e-290
  9.14e-02	  4.43e-02	0.00000e+00
  9.14e-02	  4.48e-02	0.00000e+00
  9.14e-02	  4.53e-02	0.00000e+00
  9.14e-02	  4.58e-02	0.00000e+00
  9.14e-02	  4.64e-02	0.00000e+00
  9.14e-02	  4.69e-02	0.00000e+00
  9.14e-02	  4.74e-02	0.00000e+00
  9.14e-02	  4.79e-02	0.00000e+00
  9.14e-02	  4.84e-02	0.00000e+00
  9.14e-02	  4.90e-02	0.00000e+00
  9.14e-02	  4.95e-02	0.00000e+00

  9.22e-02	  0.00e+00	0.00000e+00
  9.22e-02	  5.21e-04	0.00000e+00
  9.22e-02	  1.04e-03	0.00000e+00
  9.22e-02	  1.56e-03	0.00000e+00
  9.22e-02	  2.08e-03	0.00000e+00
  9.22e-02	  2.60e-03	0.00000e+00
  9.22e-02	  3.12e-03	0.00000e+00
  9.22e-02	  3.65e-03	0.00000e+00
  9.22e-02	  4.17e-03	0.00000e+00
  9.22e-02	  4.69e-03	0.00000e+00
  9.22e-02	  5.21e-03	0.00000e+00
  9.22e-02	  5.73e-03	0.00000e+00
  9.22e-02	  6.25e-03	0.00000e+00
  9.22e-02	  6.77e-03	0.00000e+00
  9.22e-02	  7.29e-03	0.00000e+00
  9.22e-02	  7.81e-03	-4.36359e-319
  9.22e-02	  8.33e-03	-2.23256e-286
  9.22e-02	  8.85e-03	-1.10695e-253
  9.22e-02	  9.37e-03	-5.37721e-221
  9.22e-02	  9.90e-03	-2.56361e-188
  9.22e-02	  1.04e-02	-1.20549e-155
  9.22e-02	  1.09e-02	-5.64154e-123
  9.22e-02	  1.15e-02	-2.65612e-90
  9.22e-02	  1.20e-02	-1.26069e-57
  9.22e-02	  1.25e-02	-8.10612e-28
  9.22e-02	  1.30e-02	-6.86372e+02
  9.22e-02	  1.35e-02	-2.86057e+02
  9.22e-02	  1.41e-02	-2.01219e+02
  9.22e-02	  1.46e-02	-1.31127e+02
  9.22e-02	  1.51e-02	-6.43798e+01
  9.22e-02	  1.56e-02	-2.19502e+00
  9.22e-02	  1.61e-02	5.33961e+01
  9.22e-02	  1.67e-02	1.00005e+02
  9.22e-02	  1.72e-02	1.34157e+02
  9.22e-02	  1.77e-02	1.53354e+02
  9.22e-02	  1.82e-02	1.65999e+02
  9.22e-02	  1.88e-02	1.93477e+02
  9.22e-02	  1.93e-02	2.19566e-28
  9.22e-02	  1.98e-02	-5.88948e-58
  9.22e-02	  2.03e-02	-8.81721e-91
  9.22e-02	  2.08e-02	-7.17473e-123
  9.22e-02	  2.14e-02	-2.75985e-90
  9.22e-02	  2.19e-02	-1.31140e-57
  9.22e-02	  2.24e-02	-8.45380e-28
  9.22e-02	  2.29e-02	-7.09100e+02
  9.22e-02	  2.34e-02	-2.97132e+02
  9.22e-02	  2.40e-02	-2.11597e+02
  9.22e-02	  2.45e-02	-1.41098e+02
  9.22e-02	  2.50e-02	-7.38158e+01
  9.22e-02	  2.55e-02	-1.04551e+01
  9.22e-02	  2.60e-02	4.83797e+01
  9.22e-02	  2.66e-02	1.02690e+02
  9.22e-02	  2.71e-02	1.50679e+02
  9.22e-02	  2.76e-02	1.83683e+02
  9.22e-02	  2.81e-02	1.79762e+02
  9.22e-02	  2.86e-02	2.12048e+02
  9.22e-02	  2.92e-02	2.25122e-28
  9.22e-02	  2.97e-02	-6.16070e-58
  9.22e-02	  3.02e-02	-1.38349e-90
  9.22e-02	  3.07e-02	-8.13150e-123
  9.22e-02	  3.13e-02	-2.47769e-90
  9.22e-02	  3.18e-02	-1.14468e-57
  9.22e-02	  3.23e-02	-4.34180e-28
  9.22e-02	  3.28e-02	-3.97055e+02
  9.22e-02	  3.33e-02	-3.78005e+02
  9.22e-02	  3.39e-02	-2.67493e+02
  9.22e-02	  3.44e-02	-1.73651e+02
  9.22e-02	  3.49e-02	-9.48364e+01
  9.22e-02	  3.54e-02	-2.53667e+01
  9.22e-02	  3.59e-02	3.85001e+01
  9.22e-02	  3.65e-02	9.83781e+01
  9.22e-02	  3.70e-02	1.52702e+02
  9.22e-02	  3.75e-02	1.92426e+02
  9.22e-02	  3.80e-02	1.94931e+02
  9.22e-02	  3.85e-02	2.37411e+02
  9.22e-02	  3.91e-02	2.82635e-28
  9.22e-02	  3.96e-02	-5.87460e-58
  9.22e-02	  4.01e-02	-8.81044e-91
  9.22e-02	  4.06e-02	-1.32121e-123
  9.22e-02	  4.11e-02	-1.98108e-156
  9.22e-02	  4.17e-02	-2.97019e-189
  9.22e-02	  4.22e-02	-4.45267e-222
  9.22e-02	  4.27e-02	-6.67435e-255
  9.22e-02	  4.32e-02	-1.00035e-287
  9.22e-02	  4.37e-02	0.00000e+00
  9.22e-02	  4.43e-02	0.00000e+00
  9.22e-02	  4.48e-02	0.00000e+00
  9.22e-02	  4.53e-02	0.00000e+00
  9.22e-02	  4.58e-02	0.00000e+00
  9.22e-02	  4.64e-02	0.00000e+00
  9.22e-02	  4.69e-02	0.00000e+00
  9.22e-02	  4.74e-02	0.00000e+00
  9.22e-02	  4.79e-02	0.00000e+00
  9.22e-02	  4.84e-02	0.00000e+00
  9.22e-02	  4.90e-02	0.00000e+00
  9.22e-02	  4.95e-02	0.00000e+00

  9.30e-02	  0.00e+00	0.00000e+00
  9.30e-02	  5.21e-04	0.00000e+00
  9.30e-02	  1.04e-03	0.00000e+00
  9.30e-02	  1.56e-03	0.00000e+00
  9.30e-02	  2.08e-03	0.00000e+00
  9.30e-02	  2.60e-03	0.00000e+00
  9.30e-02	  3.12e-03	0.00000e+00
  9.30e-02	  3.65e-03	0.00000e+00
  9.30e-02	  4.17e-03	0.00000e+00
  9.30e-02	  4.69e-03	0.00000e+00
  9.30e-02	  5.21e-03	0.00000e+00
  9.30e-02	  5.73e-03	0.00000e+00
  9.30e-02	  6.25e-03	0.00000e+00
  9.30e-02	  6.77e-03	0.00000e+00
  9.30e-02	  7.29e-03	-2.65610e-319
  9.30e-02	  7.81e-03	-1.61811e-286
  9.30e-02	  8.33e-03	-8.68273e-254
  9.30e-02	  8.85e-03	-4.54731e-221
  9.30e-02	  9.37e-03	-2.31424e-188
  9.30e-02	  9.90e-03	-1.13944e-155
  9.30e-02	  1.04e-02	-5.41378e-123
  9.30e-02	  1.09e-02	-2.49614e-90
  9.30e-02	  1.15e-02	-1.15186e-57
  9.30e-02	  1.20e-02	-4.41747e-28
  9.30e-02	  1.25e-02	-4.13250e+02
  9.30e-02	  1.30e-02	-3.71536e+02
  9.30e-02	  1.35e-02	-2.52188e+02
  9.30e-02	  1.41e-02	-1.62243e+02
  9.30e-02	  1.46e-02	-8.92960e+01
  9.30e-02	  1.51e-02	-2.34253e+01
  9.30e-02	  1.56e-02	3.95960e+01
  9.30e-02	  1.61e-02	1.01236e+02
  9.30e-02	  1.67e-02	1.60257e+02
  9.30e-02	  1.72e-02	2.08503e+02
  9.30e-02	  1.77e-02	2.24471e+02
  9.30e-02	  1.82e-02	2.94359e+02
  9.30e-02	  1.88e-02	4.01211e-28
  9.30e-02	  1.93e-02	-5.52886e-58
  9.30e-02	  1.98e-02	-1.21959e-90
  9.30e-02	  2.03e-02	-8.00527e-123
  9.30e-02	  2.08e-02	-2.58410e-90
  9.30e-02	  2.14e-02	-1.19370e-57
  9.30e-02	  2.19e-02	-4.56780e-28
  9.30e-02	  2.24e-02	-4.21230e+02
  9.30e-02	  2.29e-02	-3.82985e+02
  9.30e-02	  2.34e-02	-2.62070e+02
  9.30e-02	  2.40e-02	-1.71611e+02
  9.30e-02	  2.45e-02	-9.93788e+01
  9.30e-02	  2.50e-02	-3.58264e+01
  9.30e-02	  2.55e-02	2.31180e+01
  9.30e-02	  2.60e-02	8.02375e+01
  9.30e-02	  2.66e-02	1.39984e+02
  9.30e-02	  2.71e-02	2.10095e+02
  9.30e-02	  2.76e-02	2.96501e+02
  9.30e-02	  2.81e-02	3.36452e+02
  9.30e-02	  2.86e-02	4.43750e-28
  9.30e-02	  2.92e-02	-5.65396e-58
  9.30e-02	  2.97e-02	-1.25638e-90
  9.30e-02	  3.02e-02	-7.69127e-123
  9.30e-02	  3.07e-02	-2.49010e-90
  9.30e-02	  3.13e-02	-1.14550e-57
  9.30e-02	  3.18e-02	-3.41007e-28
  9.30e-02	  3.23e-02	-3.38362e+02
  9.30e-02	  3.28e-02	-2.69595e+02
  9.30e-02	  3.33e-02	-2.49259e+02
  9.30e-02	  3.39e-02	-1.90811e+02
  9.30e-02	  3.44e-02	-1.22007e+02
  9.30e-02	  3.49e-02	-5.40546e+01
  9.30e-02	  3.54e-02	1.05031e+01
  9.30e-02	  3.59e-02	7.32641e+01
  9.30e-02	  3.65e-02	1.38978e+02
  9.30e-02	  3.70e-02	2.15979e+02
  9.30e-02	  3.75e-02	3.10685e+02
  9.30e-02	  3.80e-02	3.61797e+02
  9.30e-02	  3.85e-02	5.00073e-28
  9.30e-02	  3.91e-02	-5.46564e-58
  9.30e-02	  3.96e-02	-1.20866e-90
  9.30e-02	  4.01e-02	-2.39457e-123
  9.30e-02	  4.06e-02	-4.46148e-156
  9.30e-02	  4.11e-02	-7.99216e-189
  9.30e-02	  4.17e-02	-1.39308e-221
  9.30e-02	  4.22e-02	-2.37979e-254
  9.30e-02	  4.27e-02	-4.00303e-287
  9.30e-02	  4.32e-02	-5.69164e-320
  9.30e-02	  4.37e-02	0.00000e+00
  9.30e-02	  4.43e-02	0.00000e+00
  9.30e-02	  4.48e-02	0.00000e+00
  9.30e-02	  4.53e-02	0.00000e+00
  9.30e-02	  4.58e-02	0.00000e+00
  9.30e-02	  4.64e-02	0.00000e+00
  9.30e-02	  4.69e-02	0.00000e+00
  9.30e-02	  4.74e-02	0.00000e+00
  9.30e-02	  4.79e-02	0.00000e+00
  9.30e-02	  4.84e-02	0.00000e+00
  9.30e-02	  4.90e-02	0.00000e+00
  9.30e-02	  4.95e-02	0.00000e+00

  9.37e-02	  0.00e+00	0.00000e+00
  9.37e-02	  5.21e-04	0.00000e+00
  9.37e-02	  1.04e-03	0.00000e+00
  9.37e-02	  1.56e-03	0.00000e+00
  9.37e-02	  2.08e-03	0.00000e+00
  9.37e-02	  2.60e-03	0.00000e+00
  9.37e-02	  3.12e-03	0.00000e+00
  9.37e-02	  3.65e-03	0.00000e+00
  9.37e-02	  4.17e-03	0.00000e+00
  9.37e-02	  4.69e-03	0.00000e+00
  9.37e-02	  5.21e-03	0.00000e+00
  9.37e-02	  5.73e-03	0.00000e+00
  9.37e-02	  6.25e-03	0.00000e+00
  9.37e-02	  6.77e-03	-1.13833e-319
  9.37e-02	  7.29e-03	-8.07631e-287
  9.37e-02	  7.81e-03	-4.81868e-254
  9.37e-02	  8.33e-03	-2.83129e-221
  9.37e-02	  8.85e-03	-1.63084e-188
  9.37e-02	  9.37e-03	-9.14583e-156
  9.37e-02	  9.90e-03	-4.93806e-123
  9.37e-02	  1.04e-02	-2.51515e-90
  9.37e-02	  1.09e-02	-1.15691e-57
  9.37e-02	  1.15e-02	-3.53239e-28
  9.37e-02	  1.20e-02	-3.53015e+02
  9.37e-02	  1.25e-02	-2.76220e+02
  9.37e-02	  1.30e-02	-2.47110e+02
  9.37e-02	  1.35e-02	-1.83033e+02
  9.37e-02	  1.41e-02	-1.13703e+02
  9.37e-02	  1.46e-02	-4.76658e+01
  9.37e-02	  1.51e-02	1.50163e+01
  9.37e-02	  1.56e-02	7.71957e+01
  9.37e-02	  1.61e-02	1.44194e+02
  9.37e-02	  1.67e-02	2.24858e+02
  9.37e-02	  1.72e-02	3.26394e+02
  9.37e-02	  1.77e-02	3.92780e+02
  9.37e-02	  1.82e-02	5.66652e-28
  9.37e-02	  1.88e-02	-5.37746e-58
  9.37e-02	  1.93e-02	-1.17285e-90
  9.37e-02	  1.98e-02	-7.63755e-123
  9.37e-02	  2.03e-02	-2.59015e-90
  9.37e-02	  2.08e-02	-1.19514e-57
  9.37e-02	  2.14e-02	-3.63297e-28
  9.37e-02	  2.19e-02	-3.56072e+02
  9.37e-02	  2.24e-02	-2.81005e+02
  9.37e-02	  2.29e-02	-2.53570e+02
  9.37e-02	  2.34e-02	-1.89111e+02
  9.37e-02	  2.40e-02	-1.18915e+02
  9.37e-02	  2.45e-02	-5.30001e+01
  9.37e-02	  2.50e-02	6.56598e+00
  9.37e-02	  2.55e-02	5.95853e+01
  9.37e-02	  2.60e-02	1.06096e+02
  9.37e-02	  2.66e-02	1.46674e+02
  9.37e-02	  2.71e-02	1.88360e+02
  9.37e-02	  2.76e-02	3.78028e+02
  9.37e-02	  2.81e-02	-1.21560e-27
  9.37e-02	  2.86e-02	-5.07518e-58
  9.37e-02	  2.92e-02	-1.13583e-90
  9.37e-02	  2.97e-02	-5.14504e-123
  9.37e-02	  3.02e-02	-1.74151e-90
  9.37e-02	  3.07e-02	-1.16230e-57
  9.37e-02	  3.13e-02	-3.09229e-27
  9.37e-02	  3.18e-02	-2.29971e+02
  9.37e-02	  3.23e-02	-1.87080e+02
  9.37e-02	  3.28e-02	-1.86025e+02
  9.37e-02	  3.33e-02	-1.64766e+02
  9.37e-02	  3.39e-02	-1.21193e+02
  9.37e-02	  3.44e-02	-6.58669e+01
  9.37e-02	  3.49e-02	-7.73564e+00
  9.37e-02	  3.54e-02	4.79373e+01
  9.37e-02	  3.59e-02	9.86020e+01
  9.37e-02	  3.65e-02	1.43964e+02
  9.37e-02	  3.70e-02	1.91364e+02
  9.37e-02	  3.75e-02	3.92771e+02
  9.37e-02	  3.80e-02	-1.20071e-27
  9.37e-02	  3.85e-02	-5.00843e-58
  9.37e-02	  3.91e-02	-1.11283e-90
  9.37e-02	  3.96e-02	-2.46864e-123
  9.37e-02	  4.01e-02	-5.28536e-156
  9.37e-02	  4.06e-02	-1.08728e-188
  9.37e-02	  4.11e-02	-2.15768e-221
  9.37e-02	  4.17e-02	-4.15321e-254
  9.37e-02	  4.22e-02	-7.79308e-287
  9.37e-02	  4.27e-02	-1.32805e-319
  9.37e-02	  4.32e-02	0.00000e+00
  9.37e-02	  4.37e-02	0.00000e+00
  9.37e-02	  4.43e-02	0.00000e+00
  9.37e-02	  4.48e-02	0.00000e+00
  9.37e-02	  4.53e-02	0.00000e+00
  9.37e-02	  4.58e-02	0.00000e+00
  9.37e-02	  4.64e-02	0.00000e+00
  9.37e-02	  4.69e-02	0.00000e+00
  9.37e-02	  4.74e-02	0.00000e+00
  9.37e-02	  4.79e-02	0.00000e+00
  9.37e-02	  4.84e-02	0.00000e+00
  9.37e-02	  4.90e-02	0.00000e+00
  9.37e-02	  4.95e-02	0.00000e+00

  9.45e-02	  0.00e+00	0.00000e+00
  9.45e-02	  5.21e-04	0.00000e+00
  9.45e-02	  1.04e-03	0.00000e+00
  9.45e-02	  1.56e-03	0.00000e+00
  9.45e-02	  2.08e-03	0.00000e+00
  9.45e-02	  2.60e-03	0.00000e+00
  9.45e-02	  3.12e-03	0.00000e+00
  9.45e-02	  3.65e-03	0.00000e+00
  9.45e-02	  4.17e-03	0.00000e+00
  9.45e-02	  4.69e-03	0.00000e+00
  9.45e-02	  5.21e-03	0.00000e+00
  9.45e-02	  5.73e-03	0.00000e+00
  9.45e-02	  6.25e-03	-2.84582e-320
  9.45e-02	  6.77e-03	-1.96963e-287
  9.45e-02	  7.29e-03	-1.31832e-254
  9.45e-02	  7.81e-03	-8.82070e-222
  9.45e-02	  8.33e-03	-5.89926e-189
  9.45e-02	  8.85e-03	-3.94343e-156
  9.45e-02	  9.37e-03	-2.63464e-123
  9.45e-02	  9.90e-03	-1.75938e-90
  9.45e-02	  1.04e-02	-1.17447e-57
  9.45e-02	  1.09e-02	-3.12467e-27
  9.45e-02	  1.15e-02	-2.38952e+02
  9.45e-02	  1.20e-02	-1.93750e+02
  9.45e-02	  1.25e-02	-1.90151e+02
  9.45e-02	  1.30e-02	-1.64857e+02
  9.45e-02	  1.35e-02	-1.17763e+02
  9.45e-02	  1.41e-02	-6.06826e+01
  9.45e-02	  1.46e-02	-2.35536e+00
  9.45e-02	  1.51e-02	5.27983e+01
  9.45e-02	  1.56e-02	1.03090e+02
  9.45e-02	  1.61e-02	1.48800e+02
  9.45e-02	  1.67e-02	1.97713e+02
  9.45e-02	  1.72e-02	4.05248e+02
  9.45e-02	  1.77e-02	-1.21138e-27
  9.45e-02	  1.82e-02	-5.07815e-58
  9.45e-02	  1.88e-02	-1.11788e-90
  9.45e-02	  1.93e-02	-5.14238e-123
  9.45e-02	  1.98e-02	-1.79996e-90
  9.45e-02	  2.03e-02	-1.20479e-57
  9.45e-02	  2.08e-02	-3.21510e-27
  9.45e-02	  2.14e-02	-2.40155e+02
  9.45e-02	  2.19e-02	-1.96485e+02
  9.45e-02	  2.24e-02	-1.93675e+02
  9.45e-02	  2.29e-02	-1.68253e+02
  9.45e-02	  2.34e-02	-1.19227e+02
  9.45e-02	  2.40e-02	-5.85343e+01
  9.45e-02	  2.45e-02	4.45675e+00
  9.45e-02	  2.50e-02	6.46523e+01
  9.45e-02	  2.55e-02	1.20389e+02
  9.45e-02	  2.60e-02	1.72654e+02
  9.45e-02	  2.66e-02	2.23049e+02
  9.45e-02	  2.71e-02	2.57777e+02
  9.45e-02	  2.76e-02	3.12030e+02
  9.45e-02	  2.81e-02	2.34278e-27
  9.45e-02	  2.86e-02	2.43373e-61
  9.45e-02	  2.92e-02	3.64935e-94
  9.45e-02	  2.97e-02	-3.32814e-94
  9.45e-02	  3.02e-02	-2.21921e-61
  9.45e-02	  3.07e-02	-1.47974e-28
  9.45e-02	  3.13e-02	-1.96933e+02
  9.45e-02	  3.18e-02	-3.03136e+02
  9.45e-02	  3.23e-02	-2.57088e+02
  9.45e-02	  3.28e-02	-1.92920e+02
  9.45e-02	  3.33e-02	-1.31648e+02
  9.45e-02	  3.39e-02	-7.08421e+01
  9.45e-02	  3.44e-02	-9.54993e+00
  9.45e-02	  3.49e-02	5.07572e+01
  9.45e-02	  3.54e-02	1.08535e+02
  9.45e-02	  3.59e-02	1.64044e+02
  9.45e-02	  3.65e-02	2.18236e+02
  9.45e-02	  3.70e-02	2.56956e+02
  9.45e-02	  3.75e-02	3.13793e+02
  9.45e-02	  3.80e-02	2.37426e-27
  9.45e-02	  3.85e-02	2.44822e-61
  9.45e-02	  3.91e-02	3.67176e-94
  9.45e-02	  3.96e-02	5.50673e-127
  9.45e-02	  4.01e-02	8.25863e-160
  9.45e-02	  4.06e-02	1.23856e-192
  9.45e-02	  4.11e-02	1.85745e-225
  9.45e-02	  4.17e-02	2.78555e-258
  9.45e-02	  4.22e-02	4.17730e-291
  9.45e-02	  4.27e-02	0.00000e+00
  9.45e-02	  4.32e-02	0.00000e+00
  9.45e-02	  4.37e-02	0.00000e+00
  9.45e-02	  4.43e-02	0.00000e+00
  9.45e-02	  4.48e-02	0.00000e+00
  9.45e-02	  4.53e-02	0.00000e+00
  9.45e-02	  4.58e-02	0.00000e+00
  9.45e-02	  4.64e-02	0.00000e+00
  9.45e-02	  4.69e-02	0.00000e+00
  9.45e-02	  4.74e-02	0.00000e+00
  9.45e-02	  4.79e-02	0.00000e+00
  9.45e-02	  4.84e-02	0.00000e+00
  9.45e-02	  4.90e-02	0.00000e+00
  9.45e-02	  4.95e-02	0.00000e+00

  9.53e-02	  0.00e+00	0.00000e+00
  9.53e-02	  5.21e-04	0.00000e+00
  9.53e-02	  1.04e-03	0.00000e+00
  9.53e-02	  1.56e-03	0.00000e+00
  9.53e-02	  2.08e-03	0.00000e+00
  9.53e-02	  2.60e-03	0.00000e+00
  9.53e-02	  3.12e-03	0.00000e+00
  9.53e-02	  3.65e-03	0.00000e+00
  9.53e-02	  4.17e-03	0.00000e+00
  9.53e-02	  4.69e-03	0.00000e+00
  9.53e-02	  5.21e-03	0.00000e+00
  9.53e-02	  5.73e-03	0.00000e+00
  9.53e-02	  6.25e-03	-3.84739e-291
  9.53e-02	  6.77e-03	-2.57162e-258
  9.53e-02	  7.29e-03	-1.71881e-225
  9.53e-02	  7.81e-03	-1.14874e-192
  9.53e-02	  8.33e-03	-7.67666e-160
  9.53e-02	  8.85e-03	-5.12943e-127
  9.53e-02	  9.37e-03	-3.42695e-94
  9.53e-02	  9.90e-03	-2.28926e-61
  9.53e-02	  1.04e-02	-1.52914e-28
  9.53e-02	  1.09e-02	-2.03799e+02
  9.53e-02	  1.15e-02	-3.14563e+02
  9.53e-02	  1.20e-02	-2.66977e+02
  9.53e-02	  1.25e-02	-1.99633e+02
  9.53e-02	  1.30e-02	-1.34558e+02
  9.53e-02	  1.35e-02	-7.02004e+01
  9.53e-02	  1.41e-02	-6.37419e+00
  9.53e-02	  1.46e-02	5.51229e+01
  9.53e-02	  1.51e-02	1.13059e+02
  9.53e-02	  1.56e-02	1.68359e+02
  9.53e-02	  1.61e-02	2.22190e+02
  9.53e-02	  1.67e-02	2.60356e+02
  9.53e-02	  1.72e-02	3.15464e+02
  9.53e-02	  1.77e-02	2.40953e-27
  9.53e-02	  1.82e-02	2.46048e-61
  9.53e-02	  1.88e-02	3.68947e-94
  9.53e-02	  1.93e-02	-3.34521e-94
  9.53e-02	  1.98e-02	-2.23625e-61
  9.53e-02	  2.03e-02	-1.49500e-28
  9.53e-02	  2.08e-02	-2.01286e+02
  9.53e-02	  2.14e-02	-3.08427e+02
  9.53e-02	  2.19e-02	-2.64499e+02
  9.53e-02	  2.24e-02	-2.00570e+02
  9.53e-02	  2.29e-02	-1.36629e+02
  9.53e-02	  2.34e-02	-7.04042e+01
  9.53e-02	  2.40e-02	-1.58740e+00
  9.53e-02	  2.45e-02	6.72190e+01
  9.53e-02	  2.50e-02	1.31881e+02
  9.53e-02	  2.55e-02	1.87914e+02
  9.53e-02	  2.60e-02	2.34730e+02
  9.53e-02	  2.66e-02	2.86961e+02
  9.53e-02	  2.71e-02	3.88133e+02
  9.53e-02	  2.76e-02	5.96216e-28
  9.53e-02	  2.81e-02	-6.51267e-58
  9.53e-02	  2.86e-02	-9.75023e-91
  9.53e-02	  2.92e-02	-7.39685e-123
  9.53e-02	  2.97e-02	-2.80839e-90
  9.53e-02	  3.02e-02	-1.32876e-57
  9.53e-02	  3.07e-02	-5.30270e-28
  9.53e-02	  3.13e-02	-4.81076e+02
  9.53e-02	  3.18e-02	-2.26530e+02
  9.53e-02	  3.23e-02	-1.76034e+02
  9.53e-02	  3.28e-02	-1.25850e+02
  9.53e-02	  3.33e-02	-6.93413e+01
  9.53e-02	  3.39e-02	-7.68179e+00
  9.53e-02	  3.44e-02	5.64351e+01
  9.53e-02	  3.49e-02	1.18988e+02
  9.53e-02	  3.54e-02	1.75199e+02
  9.53e-02	  3.59e-02	2.23463e+02
  9.53e-02	  3.65e-02	2.77504e+02
  9.53e-02	  3.70e-02	3.79760e+02
  9.53e-02	  3.75e-02	5.91152e-28
  9.53e-02	  3.80e-02	-6.64556e-58
  9.53e-02	  3.85e-02	-9.94680e-91
  9.53e-02	  3.91e-02	-1.48865e-123
  9.53e-02	  3.96e-02	-2.22772e-156
  9.53e-02	  4.01e-02	-3.33339e-189
  9.53e-02	  4.06e-02	-4.98732e-222
  9.53e-02	  4.11e-02	-7.46114e-255
  9.53e-02	  4.17e-02	-1.11609e-287
  9.53e-02	  4.22e-02	0.00000e+00
  9.53e-02	  4.27e-02	0.00000e+00
  9.53e-02	  4.32e-02	0.00000e+00
  9.53e-02	  4.37e-02	0.00000e+00
  9.53e-02	  4.43e-02	0.00000e+00
  9.53e-02	  4.48e-02	0.00000e+00
  9.53e-02	  4.53e-02	0.00000e+00
  9.53e-02	  4.58e-02	0.00000e+00
  9.53e-02	  4.64e-02	0.00000e+00
  9.53e-02	  4.69e-02	0.00000e+00
  9.53e-02	  4.74e-02	0.00000e+00
  9.53e-02	  4.79e-02	0.00000e+00
  9.53e-02	  4.84e-02	0.00000e+00
  9.53e-02	  4.90e-02	0.00000e+00
  9.53e-02	  4.95e-02	0.00000e+00

  9.61e-02	  0.00e+00	0.00000e+00
  9.61e-02	  5.21e-04	0.00000e+00
  9.61e-02	  1.04e-03	0.00000e+00
  9.61e-02	  1.56e-03	0.00000e+00
  9.61e-02	  2.08e-03	0.00000e+00
  9.61e-02	  2.60e-03	0.00000e+00
  9.61e-02	  3.12e-03	0.00000e+00
  9.61e-02	  3.65e-03	0.00000e+00
  9.61e-02	  4.17e-03	0.00000e+00
  9.61e-02	  4.69e-03	0.00000e+00
  9.61e-02	  5.21e-03	0.00000e+00
  9.61e-02	  5.73e-03	-3.03554e-319
  9.61e-02	  6.25e-03	-1.67892e-286
  9.61e-02	  6.77e-03	-9.04563e-254
  9.61e-02	  7.29e-03	-4.76444e-221
  9.61e-02	  7.81e-03	-2.44401e-188
  9.61e-02	  8.33e-03	-1.21654e-155
  9.61e-02	  8.85e-03	-5.86678e-123
  9.61e-02	  9.37e-03	-2.75833e-90
  9.61e-02	  9.90e-03	-1.30129e-57
  9.61e-02	  1.04e-02	-5.33188e-28
  9.61e-02	  1.09e-02	-5.03523e+02
  9.61e-02	  1.15e-02	-2.39376e+02
  9.61e-02	  1.20e-02	-1.86057e+02
  9.61e-02	  1.25e-02	-1.32260e+02
  9.61e-02	  1.30e-02	-7.19744e+01
  9.61e-02	  1.35e-02	-6.99825e+00
  9.61e-02	  1.41e-02	5.94574e+01
  9.61e-02	  1.46e-02	1.23079e+02
  9.61e-02	  1.51e-02	1.79236e+02
  9.61e-02	  1.56e-02	2.27066e+02
  9.61e-02	  1.61e-02	2.79882e+02
  9.61e-02	  1.67e-02	3.80526e+02
  9.61e-02	  1.72e-02	5.86229e-28
  9.61e-02	  1.77e-02	-6.77316e-58
  9.61e-02	  1.82e-02	-1.01410e-90
  9.61e-02	  1.88e-02	-7.14577e-123
  9.61e-02	  1.93e-02	-2.67386e-90
  9.61e-02	  1.98e-02	-1.27209e-57
  9.61e-02	  2.03e-02	-5.22121e-28
  9.61e-02	  2.08e-02	-4.79942e+02
  9.61e-02	  2.14e-02	-2.31700e+02
  9.61e-02	  2.19e-02	-1.86429e+02
  9.61e-02	  2.24e-02	-1.38226e+02
  9.61e-02	  2.29e-02	-8.07135e+01
  9.61e-02	  2.34e-02	-1.45254e+01
  9.61e-02	  2.40e-02	5.90401e+01
  9.61e-02	  2.45e-02	1.37766e+02
  9.61e-02	  2.50e-02	2.16179e+02
  9.61e-02	  2.55e-02	2.80808e+02
  9.61e-02	  2.60e-02	3.06107e+02
  9.61e-02	  2.66e-02	4.35476e+02
  9.61e-02	  2.71e-02	6.64989e-28
  9.61e-02	  2.76e-02	-6.81884e-58
  9.61e-02	  2.81e-02	-1.45452e-90
  9.61e-02	  2.86e-02	-8.38315e-123
  9.61e-02	  2.92e-02	-2.62317e-90
  9.61e-02	  2.97e-02	-1.23766e-57
  9.61e-02	  3.02e-02	-3.65702e-28
  9.61e-02	  3.07e-02	-3.39124e+02
  9.61e-02	  3.13e-02	-2.74582e+02
  9.61e-02	  3.18e-02	-1.93033e+02
  9.61e-02	  3.23e-02	-1.30486e+02
  9.61e-02	  3.28e-02	-7.30663e+01
  9.61e-02	  3.33e-02	-1.23075e+01
  9.61e-02	  3.39e-02	5.48282e+01
  9.61e-02	  3.44e-02	1.27934e+02
  9.61e-02	  3.49e-02	2.02517e+02
  9.61e-02	  3.54e-02	2.65581e+02
  9.61e-02	  3.59e-02	2.91765e+02
  9.61e-02	  3.65e-02	4.17863e+02
  9.61e-02	  3.70e-02	6.41578e-28
  9.61e-02	  3.75e-02	-6.99848e-58
  9.61e-02	  3.80e-02	-1.48992e-90
  9.61e-02	  3.85e-02	-2.89208e-123
  9.61e-02	  3.91e-02	-5.31910e-156
  9.61e-02	  3.96e-02	6.23933e-160
  9.61e-02	  4.01e-02	4.79127e-192
  9.61e-02	  4.06e-02	2.18812e-224
  9.61e-02	  4.11e-02	7.73379e-257
  9.61e-02	  4.17e-02	2.33580e-289
  9.61e-02	  4.22e-02	0.00000e+00
  9.61e-02	  4.27e-02	0.00000e+00
  9.61e-02	  4.32e-02	0.00000e+00
  9.61e-02	  4.37e-02	0.00000e+00
  9.61e-02	  4.43e-02	0.00000e+00
  9.61e-02	  4.48e-02	0.00000e+00
  9.61e-02	  4.53e-02	0.00000e+00
  9.61e-02	  4.58e-02	0.00000e+00
  9.61e-02	  4.64e-02	0.00000e+00
  9.61e-02	  4.69e-02	0.00000e+00
  9.61e-02	  4.74e-02	0.00000e+00
  9.61e-02	  4.79e-02	0.00000e+00
  9.61e-02	  4.84e-02	0.00000e+00
  9.61e-02	  4.90e-02	0.00000e+00
  9.61e-02	  4.95e-02	0.00000e+00

  9.69e-02	  0.00e+00	0.00000e+00
  9.69e-02	  5.21e-04	0.00000e+00
  9.69e-02	  1.04e-03	0.00000e+00
  9.69e-02	  1.56e-03	0.00000e+00
  9.69e-02	  2.08e-03	0.00000e+00
  9.69e-02	  2.60e-03	0.00000e+00
  9.69e-02	  3.12e-03	0.00000e+00
  9.69e-02	  3.65e-03	0.00000e+00
  9.69e-02	  4.17e-03	0.00000e+00
  9.69e-02	  4.69e-03	0.00000e+00
  9.69e-02	  5.21e-03	-1.13833e-319
  9.69e-02	  5.73e-03	-8.28338e-287
  9.69e-02	  6.25e-03	-4.94467e-254
  9.69e-02	  6.77e-03	-2.90867e-221
  9.69e-02	  7.29e-03	-1.67883e-188
  9.69e-02	  7.81e-03	-9.44557e-156
  9.69e-02	  8.33e-03	-5.12521e-123
  9.69e-02	  8.85e-03	-2.63080e-90
  9.69e-02	  9.37e-03	-1.22679e-57
  9.69e-02	  9.90e-03	-3.33995e-28
  9.69e-02	  1.04e-02	-3.74000e+02
  9.69e-02	  1.09e-02	-2.98713e+02
  9.69e-02	  1.15e-02	-2.08034e+02
  9.69e-02	  1.20e-02	-1.39093e+02
  9.69e-02	  1.25e-02	-7.69235e+01
  9.69e-02	  1.30e-02	-1.24008e+01
  9.69e-02	  1.35e-02	5.76890e+01
  9.69e-02	  1.41e-02	1.32713e+02
  9.69e-02	  1.46e-02	2.07425e+02
  9.69e-02	  1.51e-02	2.68719e+02
  9.69e-02	  1.56e-02	2.94575e+02
  9.69e-02	  1.61e-02	4.19078e+02
  9.69e-02	  1.67e-02	6.39589e-28
  9.69e-02	  1.72e-02	-7.10336e-58
  9.69e-02	  1.77e-02	-1.51460e-90
  9.69e-02	  1.82e-02	-8.13254e-123
  9.69e-02	  1.88e-02	-2.45949e-90
  9.69e-02	  1.93e-02	-1.16469e-57
  9.69e-02	  1.98e-02	-3.47535e-28
  9.69e-02	  2.03e-02	-3.32379e+02
  9.69e-02	  2.08e-02	-2.80659e+02
  9.69e-02	  2.14e-02	-2.05176e+02
  9.69e-02	  2.19e-02	-1.47601e+02
  9.69e-02	  2.24e-02	-9.42320e+01
  9.69e-02	  2.29e-02	-3.66956e+01
  9.69e-02	  2.34e-02	2.88621e+01
  9.69e-02	  2.40e-02	1.05263e+02
  9.69e-02	  2.45e-02	1.96652e+02
  9.69e-02	  2.50e-02	3.08819e+02
  9.69e-02	  2.55e-02	4.39330e+02
  9.69e-02	  2.60e-02	4.95845e+02
  9.69e-02	  2.66e-02	7.19662e-28
  9.69e-02	  2.71e-02	-7.12285e-58
  9.69e-02	  2.76e-02	-1.52081e-90
  9.69e-02	  2.81e-02	-8.01509e-123
  9.69e-02	  2.86e-02	-2.46761e-90
  9.69e-02	  2.92e-02	-1.16649e-57
  9.69e-02	  2.97e-02	-2.89859e-28
  9.69e-02	  3.02e-02	-2.74908e+02
  9.69e-02	  3.07e-02	-2.20847e+02
  9.69e-02	  3.13e-02	-1.94664e+02
  9.69e-02	  3.18e-02	-1.46222e+02
  9.69e-02	  3.23e-02	-9.23698e+01
  9.69e-02	  3.28e-02	-3.53713e+01
  9.69e-02	  3.33e-02	2.72597e+01
  9.69e-02	  3.39e-02	9.92347e+01
  9.69e-02	  3.44e-02	1.85558e+02
  9.69e-02	  3.49e-02	2.92593e+02
  9.69e-02	  3.54e-02	4.18264e+02
  9.69e-02	  3.59e-02	4.71900e+02
  9.69e-02	  3.65e-02	6.86084e-28
  9.69e-02	  3.70e-02	-7.30566e-58
  9.69e-02	  3.75e-02	-1.55958e-90
  9.69e-02	  3.80e-02	-3.32620e-123
  9.69e-02	  3.85e-02	1.87037e-129
  9.69e-02	  3.91e-02	-2.68382e-129
  9.69e-02	  3.96e-02	9.37484e-127
  9.69e-02	  4.01e-02	5.79565e-159
  9.69e-02	  4.06e-02	2.21010e-191
  9.69e-02	  4.11e-02	6.69928e-224
  9.69e-02	  4.17e-02	1.77043e-256
  9.69e-02	  4.22e-02	4.26806e-289
  9.69e-02	  4.27e-02	0.00000e+00
  9.69e-02	  4.32e-02	0.00000e+00
  9.69e-02	  4.37e-02	0.00000e+00
  9.69e-02	  4.43e-02	0.00000e+00
  9.69e-02	  4.48e-02	0.00000e+00
  9.69e-02	  4.53e-02	0.00000e+00
  9.69e-02	  4.58e-02	0.00000e+00
  9.69e-02	  4.64e-02	0.00000e+00
  9.69e-02	  4.69e-02	0.00000e+00
  9.69e-02	  4.74e-02	0.00000e+00
  9.69e-02	  4.79e-02	0.00000e+00
  9.69e-02	  4.84e-02	0.00000e+00
  9.69e-02	  4.90e-02	0.00000e+00
  9.69e-02	  4.95e-02	0.00000e+00

  9.77e-02	  0.00e+00	0.00000e+00
  9.77e-02	  5.21e-04	0.00000e+00
  9.77e-02	  1.04e-03	0.00000e+00
  9.77e-02	  1.56e-03	0.00000e+00
  9.77e-02	  2.08e-03	0.00000e+00
  9.77e-02	  2.60e-03	0.00000e+00
  9.77e-02	  3.12e-03	0.00000e+00
  9.77e-02	  3.65e-03	0.00000e+00
  9.77e-02	  4.17e-03	0.00000e+00
  9.77e-02	  4.69e-03	-2.84582e-320
  9.77e-02	  5.21e-03	-2.02932e-287
  9.77e-02	  5.73e-03	-1.35548e-254
  9.77e-02	  6.25e-03	-9.05323e-222
  9.77e-02	  6.77e-03	-6.04623e-189
  9.77e-02	  7.29e-03	-4.03771e-156
  9.77e-02	  7.81e-03	-2.69622e-123
  9.77e-02	  8.33e-03	-1.80030e-90
  9.77e-02	  8.85e-03	-1.20200e-57
  9.77e-02	  9.37e-03	-3.94577e-28
  9.77e-02	  9.90e-03	-3.33763e+02
  9.77e-02	  1.04e-02	-2.43083e+02
  9.77e-02	  1.09e-02	-2.03676e+02
  9.77e-02	  1.15e-02	-1.48798e+02
  9.77e-02	  1.20e-02	-9.15644e+01
  9.77e-02	  1.25e-02	-3.23179e+01
  9.77e-02	  1.30e-02	3.24339e+01
  9.77e-02	  1.35e-02	1.06868e+02
  9.77e-02	  1.41e-02	1.95661e+02
  9.77e-02	  1.46e-02	3.02894e+02
  9.77e-02	  1.51e-02	4.21807e+02
  9.77e-02	  1.56e-02	4.73314e+02
  9.77e-02	  1.61e-02	6.82509e-28
  9.77e-02	  1.67e-02	-7.41897e-58
  9.77e-02	  1.72e-02	-1.58395e-90
  9.77e-02	  1.77e-02	-7.43803e-96
  9.77e-02	  1.82e-02	-2.28185e-90
  9.77e-02	  1.88e-02	-1.08324e-57
  9.77e-02	  1.93e-02	-2.83331e-28
  9.77e-02	  1.98e-02	-2.80247e+02
  9.77e-02	  2.03e-02	-2.34424e+02
  9.77e-02	  2.08e-02	-2.11288e+02
  9.77e-02	  2.14e-02	-1.65302e+02
  9.77e-02	  2.19e-02	-1.15168e+02
  9.77e-02	  2.24e-02	-6.37895e+01
  9.77e-02	  2.29e-02	-9.63538e+00
  9.77e-02	  2.34e-02	4.89239e+01
  9.77e-02	  2.40e-02	1.13029e+02
  9.77e-02	  2.45e-02	1.85076e+02
  9.77e-02	  2.50e-02	2.77436e+02
  9.77e-02	  2.55e-02	5.85965e+02
  9.77e-02	  2.60e-02	-1.75260e-27
  9.77e-02	  2.66e-02	-6.65099e-58
  9.77e-02	  2.71e-02	-1.46873e-90
  9.77e-02	  2.76e-02	-2.38337e-96
  9.77e-02	  2.81e-02	-1.63127e-90
  9.77e-02	  2.86e-02	-1.09174e-57
  9.77e-02	  2.92e-02	-3.35843e-27
  9.77e-02	  2.97e-02	-1.75863e+02
  9.77e-02	  3.02e-02	-1.62724e+02
  9.77e-02	  3.07e-02	-1.65219e+02
  9.77e-02	  3.13e-02	-1.46230e+02
  9.77e-02	  3.18e-02	-1.09862e+02
  9.77e-02	  3.23e-02	-6.38976e+01
  9.77e-02	  3.28e-02	-1.22649e+01
  9.77e-02	  3.33e-02	4.41153e+01
  9.77e-02	  3.39e-02	1.05785e+02
  9.77e-02	  3.44e-02	1.75223e+02
  9.77e-02	  3.49e-02	2.64346e+02
  9.77e-02	  3.54e-02	5.60150e+02
  9.77e-02	  3.59e-02	-1.79602e-27
  9.77e-02	  3.65e-02	-6.90291e-58
  9.77e-02	  3.70e-02	-1.52028e-90
  9.77e-02	  3.75e-02	6.27077e-96
  9.77e-02	  3.80e-02	4.07382e-96
  9.77e-02	  3.85e-02	2.81397e-96
  9.77e-02	  3.91e-02	-4.02593e-96
  9.77e-02	  3.96e-02	1.40849e-93
  9.77e-02	  4.01e-02	6.59862e-126
  9.77e-02	  4.06e-02	2.01687e-158
  9.77e-02	  4.11e-02	5.09427e-191
  9.77e-02	  4.17e-02	1.15327e-223
  9.77e-02	  4.22e-02	2.43102e-256
  9.77e-02	  4.27e-02	4.87312e-289
  9.77e-02	  4.32e-02	0.00000e+00
  9.77e-02	  4.37e-02	0.00000e+00
  9.77e-02	  4.43e-02	0.00000e+00
  9.77e-02	  4.48e-02	0.00000e+00
  9.77e-02	  4.53e-02	0.00000e+00
  9.77e-02	  4.58e-02	0.00000e+00
  9.77e-02	  4.64e-02	0.00000e+00
  9.77e-02	  4.69e-02	0.00000e+00
  9.77e-02	  4.74e-02	0.00000e+00
  9.77e-02	  4.79e-02	0.00000e+00
  9.77e-02	  4.84e-02	0.00000e+00
  9.77e-02	  4.90e-02	0.00000e+00
  9.77e-02	  4.95e-02	0.00000e+00

  9.84e-02	  0.00e+00	0.00000e+00
  9.84e-02	  5.21e-04	0.00000e+00
  9.84e-02	  1.04e-03	0.00000e+00
  9.84e-02	  1.56e-03	0.00000e+00
  9.84e-02	  2.08e-03	0.00000e+00
  9.84e-02	  2.60e-03	0.00000e+00
  9.84e-02	  3.12e-03	0.00000e+00
  9.84e-02	  3.65e-03	0.00000e+00
  9.84e-02	  4.17e-03	0.00000e+00
  9.84e-02	  4.69e-03	-1.16334e-289
  9.84e-02	  5.21e-03	-7.77140e-257
  9.84e-02	  5.73e-03	-5.19109e-224
  9.84e-02	  6.25e-03	-3.46725e-191
  9.84e-02	  6.77e-03	-2.31567e-158
  9.84e-02	  7.29e-03	-1.54645e-125
  9.84e-02	  7.81e-03	-1.03267e-92
  9.84e-02	  8.33e-03	-6.89533e-60
  9.84e-02	  8.85e-03	-3.27962e-27
  9.84e-02	  9.37e-03	-2.26803e+02
  9.84e-02	  9.90e-03	-1.29514e+02
  9.84e-02	  1.04e-02	-1.29439e+02
  9.84e-02	  1.09e-02	-1.17062e+02
  9.84e-02	  1.15e-02	-8.82647e+01
  9.84e-02	  1.20e-02	-4.83101e+01
  9.84e-02	  1.25e-02	-6.24594e-01
  9.84e-02	  1.30e-02	5.40816e+01
  9.84e-02	  1.35e-02	1.17229e+02
  9.84e-02	  1.41e-02	1.93490e+02
  9.84e-02	  1.46e-02	2.97017e+02
  9.84e-02	  1.51e-02	5.99441e+02
  9.84e-02	  1.56e-02	5.61012e+01
  9.84e-02	  1.61e-02	-6.67139e+00
  9.84e-02	  1.67e-02	-3.31554e+01
  9.84e-02	  1.72e-02	-4.62269e+01
  9.84e-02	  1.77e-02	-5.59913e+01
  9.84e-02	  1.82e-02	-6.85401e+01
  9.84e-02	  1.88e-02	-9.05042e+01
  9.84e-02	  1.93e-02	-3.10195e+02
  9.84e-02	  1.98e-02	-2.37391e+02
  9.84e-02	  2.03e-02	-2.03017e+02
  9.84e-02	  2.08e-02	-1.68647e+02
  9.84e-02	  2.14e-02	-1.28659e+02
  9.84e-02	  2.19e-02	-8.47261e+01
  9.84e-02	  2.24e-02	-3.77888e+01
  9.84e-02	  2.29e-02	1.26513e+01
  9.84e-02	  2.34e-02	6.78978e+01
  9.84e-02	  2.40e-02	1.29671e+02
  9.84e-02	  2.45e-02	1.98899e+02
  9.84e-02	  2.50e-02	2.67603e+02
  9.84e-02	  2.55e-02	5.00004e+02
  9.84e-02	  2.60e-02	6.00626e+01
  9.84e-02	  2.66e-02	-7.72184e-03
  9.84e-02	  2.71e-02	-2.57468e+01
  9.84e-02	  2.76e-02	-3.89080e+01
  9.84e-02	  2.81e-02	-4.94074e+01
  9.84e-02	  2.86e-02	-6.37791e+01
  9.84e-02	  2.92e-02	-2.25744e+02
  9.84e-02	  2.97e-02	-2.88536e+02
  9.84e-02	  3.02e-02	-2.37742e+02
  9.84e-02	  3.07e-02	-1.83415e+02
  9.84e-02	  3.13e-02	-1.36059e+02
  9.84e-02	  3.18e-02	-9.06603e+01
  9.84e-02	  3.23e-02	-4.39142e+01
  9.84e-02	  3.28e-02	5.85512e+00
  9.84e-02	  3.33e-02	6.01176e+01
  9.84e-02	  3.39e-02	1.20738e+02
  9.84e-02	  3.44e-02	1.89015e+02
  9.84e-02	  3.49e-02	2.57782e+02
  9.84e-02	  3.54e-02	4.85144e+02
  9.84e-02	  3.59e-02	6.47631e+01
  9.84e-02	  3.65e-02	6.10797e+00
  9.84e-02	  3.70e-02	-1.68260e+01
  9.84e-02	  3.75e-02	-2.43469e+01
  9.84e-02	  3.80e-02	-2.47569e+01
  9.84e-02	  3.85e-02	-2.16116e+01
  9.84e-02	  3.91e-02	-1.64456e+01
  9.84e-02	  3.96e-02	-9.79651e+00
  9.84e-02	  4.01e-02	-3.18111e-27
  9.84e-02	  4.06e-02	1.54557e-125
  9.84e-02	  4.11e-02	3.11654e-158
  9.84e-02	  4.17e-02	5.86779e-191
  9.84e-02	  4.22e-02	1.05843e-223
  9.84e-02	  4.27e-02	1.85396e-256
  9.84e-02	  4.32e-02	3.17871e-289
  9.84e-02	  4.37e-02	0.00000e+00
  9.84e-02	  4.43e-02	0.00000e+00
  9.84e-02	  4.48e-02	0.00000e+00
  9.84e-02	  4.53e-02	0.00000e+00
  9.84e-02	  4.58e-02	0.00000e+00
  9.84e-02	  4.64e-02	0.00000e+00
  9.84e-02	  4.69e-02	0.00000e+00
  9.84e-02	  4.74e-02	0.00000e+00
  9.84e-02	  4.79e-02	0.00000e+00
  9.84e-02	  4.84e-02	0.00000e+00
  9.84e-02	  4.90e-02	0.00000e+00
  9.84e-02	  4.95e-02	0.00000e+00

  9.92e-02	  0.00e+00	0.00000e+00
  9.92e-02	  5.21e-04	0.00000e+00
  9.92e-02	  1.04e-03	0.00000e+00
  9.92e-02	  1.56e-03	0.00000e+00
  9.92e-02	  2.08e-03	0.00000e+00
  9.92e-02	  2.60e-03	0.00000e+00
  9.92e-02	  3.12e-03	0.00000e+00
  9.92e-02	  3.65e-03	0.00000e+00
  9.92e-02	  4.17e-03	-1.76247e-293
  9.92e-02	  4.69e-03	-1.17543e-260
  9.92e-02	  5.21e-03	-7.83923e-228
  9.92e-02	  5.73e-03	-5.22821e-195
  9.92e-02	  6.25e-03	-3.48686e-162
  9.92e-02	  6.77e-03	-2.32551e-129
  9.92e-02	  7.29e-03	-1.55097e-96
  9.92e-02	  7.81e-03	-1.03439e-63
  9.92e-02	  8.33e-03	-6.89873e-31
  9.92e-02	  8.85e-03	-2.20546e+02
  9.92e-02	  9.37e-03	-1.23547e+02
  9.92e-02	  9.90e-03	-8.13152e+01
  9.92e-02	  1.04e-02	-8.36945e+01
  9.92e-02	  1.09e-02	-7.24490e+01
  9.92e-02	  1.15e-02	-4.98336e+01
  9.92e-02	  1.20e-02	-1.79298e+01
  9.92e-02	  1.25e-02	2.13733e+01
  9.92e-02	  1.30e-02	6.69959e+01
  9.92e-02	  1.35e-02	1.18818e+02
  9.92e-02	  1.41e-02	1.77719e+02
  9.92e-02	  1.46e-02	2.45191e+02
  9.92e-02	  1.51e-02	4.31885e+02
  9.92e-02	  1.56e-02	-1.67760e+01
  9.92e-02	  1.61e-02	1.38717e+01
  9.92e-02	  1.67e-02	9.33099e+00
  9.92e-02	  1.72e-02	-2.76387e+00
  9.92e-02	  1.77e-02	-1.52377e+01
  9.92e-02	  1.82e-02	-2.60829e+01
  9.92e-02	  1.88e-02	-1.97272e+02
  9.92e-02	  1.93e-02	-1.45002e+02
  9.92e-02	  1.98e-02	-1.45629e+02
  9.92e-02	  2.03e-02	-1.37346e+02
  9.92e-02	  2.08e-02	-1.18343e+02
  9.92e-02	  2.14e-02	-9.03191e+01
  9.92e-02	  2.19e-02	-5.58674e+01
  9.92e-02	  2.24e-02	-1.69578e+01
  9.92e-02	  2.29e-02	2.52428e+01
  9.92e-02	  2.34e-02	6.99120e+01
  9.92e-02	  2.40e-02	1.16016e+02
  9.92e-02	  2.45e-02	1.62278e+02
  9.92e-02	  2.50e-02	2.10796e+02
  9.92e-02	  2.55e-02	3.96390e+02
  9.92e-02	  2.60e-02	-2.10506e+01
  9.92e-02	  2.66e-02	9.09174e+00
  9.92e-02	  2.71e-02	5.48028e+00
  9.92e-02	  2.76e-02	-5.82739e+00
  9.92e-02	  2.81e-02	-1.79027e+01
  9.92e-02	  2.86e-02	-2.83092e+01
  9.92e-02	  2.92e-02	-2.98433e+02
  9.92e-02	  2.97e-02	-1.34984e+02
  9.92e-02	  3.02e-02	-1.29612e+02
  9.92e-02	  3.07e-02	-1.16589e+02
  9.92e-02	  3.13e-02	-9.24987e+01
  9.92e-02	  3.18e-02	-6.05886e+01
  9.92e-02	  3.23e-02	-2.33494e+01
  9.92e-02	  3.28e-02	1.77455e+01
  9.92e-02	  3.33e-02	6.17410e+01
  9.92e-02	  3.39e-02	1.07700e+02
  9.92e-02	  3.44e-02	1.54660e+02
  9.92e-02	  3.49e-02	2.05113e+02
  9.92e-02	  3.54e-02	3.95044e+02
  9.92e-02	  3.59e-02	-9.53173e+00
  9.92e-02	  3.65e-02	2.34737e+01
  9.92e-02	  3.70e-02	2.37750e+01
  9.92e-02	  3.75e-02	1.73533e+01
  9.92e-02	  3.80e-02	1.12567e+01
  9.92e-02	  3.85e-02	6.84078e+00
  9.92e-02	  3.91e-02	3.87097e+00
  9.92e-02	  3.96e-02	1.72590e+00
  9.92e-02	  4.01e-02	2.58522e-30
  9.92e-02	  4.06e-02	8.04445e-93
  9.92e-02	  4.11e-02	1.20483e-125
  9.92e-02	  4.17e-02	1.80436e-158
  9.92e-02	  4.22e-02	2.70200e-191
  9.92e-02	  4.27e-02	4.04589e-224
  9.92e-02	  4.32e-02	6.05773e-257
  9.92e-02	  4.37e-02	9.06931e-290
  9.92e-02	  4.43e-02	0.00000e+00
  9.92e-02	  4.48e-02	0.00000e+00
  9.92e-02	  4.53e-02	0.00000e+00
  9.92e-02	  4.58e-02	0.00000e+00
  9.92e-02	  4.64e-02	0.00000e+00
  9.92e-02	  4.69e-02	0.00000e+00
  9.92e-02	  4.74e-02	0.00000e+00
  9.92e-02	  4.79e-02	0.00000e+00
  9.92e-02	  4.84e-02	0.00000e+00
  9.92e-02	  4.90e-02	0.00000e+00
  9.92e-02	  4.95e-02	0.00000e+00

  1.00e-01	  0.00e+00	0.00000e+00
  1.00e-01	  5.21e-04	0.00000e+00
  1.00e-01	  1.04e-03	0.00000e+00
  1.00e-01	  1.56e-03	0.00000e+00
  1.00e-01	  2.08e-03	0.00000e+00
  1.00e-01	  2.60e-03	0.00000e+00
  1.00e-01	  3.12e-03	0.00000e+00
  1.00e-01	  3.65e-03	0.00000e+00
  1.00e-01	  4.17e-03	-3.86505e-293
  1.00e-01	  4.69e-03	-2.57754e-260
  1.00e-01	  5.21e-03	-1.71893e-227
  1.00e-01	  5.73e-03	-1.14634e-194
  1.00e-01	  6.25e-03	-7.64489e-162
  1.00e-01	  6.77e-03	-5.09836e-129
  1.00e-01	  7.29e-03	-3.40009e-96
  1.00e-01	  7.81e-03	-2.26752e-63
  1.00e-01	  8.33e-03	-1.51221e-30
  1.00e-01	  8.85e-03	-4.01777e+02
  1.00e-01	  9.37e-03	-5.16373e+01
  1.00e-01	  9.90e-03	-4.62736e+01
  1.00e-01	  1.04e-02	-5.12981e+01
  1.00e-01	  1.09e-02	-4.26213e+01
  1.00e-01	  1.15e-02	-2.38244e+01
  1.00e-01	  1.20e-02	2.80883e+00
  1.00e-01	  1.25e-02	3.55168e+01
  1.00e-01	  1.30e-02	7.28222e+01
  1.00e-01	  1.35e-02	1.13210e+02
  1.00e-01	  1.41e-02	1.54280e+02
  1.00e-01	  1.46e-02	1.90470e+02
  1.00e-01	  1.51e-02	2.07262e+02
  1.00e-01	  1.56e-02	6.84908e+01
  1.00e-01	  1.61e-02	2.85684e+01
  1.00e-01	  1.67e-02	9.95503e+00
  1.00e-01	  1.72e-02	-6.20628e+00
  1.00e-01	  1.77e-02	-2.58975e+01
  1.00e-01	  1.82e-02	-5.67028e+01
  1.00e-01	  1.88e-02	-1.19616e+02
  1.00e-01	  1.93e-02	-1.17998e+02
  1.00e-01	  1.98e-02	-1.11162e+02
  1.00e-01	  2.03e-02	-1.00447e+02
  1.00e-01	  2.08e-02	-8.39412e+01
  1.00e-01	  2.14e-02	-6.12988e+01
  1.00e-01	  2.19e-02	-3.34394e+01
  1.00e-01	  2.24e-02	-1.68975e+00
  1.00e-01	  2.29e-02	3.26308e+01
  1.00e-01	  2.34e-02	6.82274e+01
  1.00e-01	  2.40e-02	1.03713e+02
  1.00e-01	  2.45e-02	1.37566e+02
  1.00e-01	  2.50e-02	1.67817e+02
  1.00e-01	  2.55e-02	1.87363e+02
  1.00e-01	  2.60e-02	5.81164e+01
  1.00e-01	  2.66e-02	2.09582e+01
  1.00e-01	  2.71e-02	3.27645e+00
  1.00e-01	  2.76e-02	-1.30242e+01
  1.00e-01	  2.81e-02	-3.47387e+01
  1.00e-01	  2.86e-02	-7.23697e+01
  1.00e-01	  2.92e-02	-1.55737e+02
  1.00e-01	  2.97e-02	-1.23085e+02
  1.00e-01	  3.02e-02	-1.01433e+02
  1.00e-01	  3.07e-02	-8.33998e+01
  1.00e-01	  3.13e-02	-6.24984e+01
  1.00e-01	  3.18e-02	-3.69374e+01
  1.00e-01	  3.23e-02	-7.09620e+00
  1.00e-01	  3.28e-02	2.59812e+01
  1.00e-01	  3.33e-02	6.11181e+01
  1.00e-01	  3.39e-02	9.71274e+01
  1.00e-01	  3.44e-02	1.32892e+02
  1.00e-01	  3.49e-02	1.67228e+02
  1.00e-01	  3.54e-02	1.94736e+02
  1.00e-01	  3.59e-02	7.44898e+01
  1.00e-01	  3.65e-02	4.37430e+01
  1.00e-01	  3.70e-02	3.30518e+01
  1.00e-01	  3.75e-02	2.63571e+01
  1.00e-01	  3.80e-02	2.07790e+01
  1.00e-01	  3.85e-02	1.61978e+01
  1.00e-01	  3.91e-02	1.62924e+01
  1.00e-01	  3.96e-02	-1.66399e+01
  1.00e-01	  4.01e-02	5.63351e-30
  1.00e-01	  4.06e-02	-6.68021e-65
  1.00e-01	  4.11e-02	-1.00396e-97
  1.00e-01	  4.17e-02	-1.50891e-130
  1.00e-01	  4.22e-02	-2.26792e-163
  1.00e-01	  4.27e-02	-3.40887e-196
  1.00e-01	  4.32e-02	-5.12402e-229
  1.00e-01	  4.37e-02	-7.70242e-262
  1.00e-01	  4.43e-02	-1.15786e-294
  1.00e-01	  4.48e-02	0.00000e+00
  1.00e-01	  4.53e-02	0.00000e+00
  1.00e-01	  4.58e-02	0.00000e+00
  1.00e-01	  4.64e-02	0.00000e+00
  1.00e-01	  4.69e-02	0.00000e+00
  1.00e-01	  4.74e-02	0.00000e+00
  1.00e-01	  4.79e-02	0.00000e+00
  1.00e-01	  4.84e-02	0.00000e+00
  1.00e-01	  4.90e-02	0.00000e+00
  1.00e-01	  4.95e-02	0.00000e+00

  1.01e-01	  0.00e+00	0.00000e+00
  1.01e-01	  5.21e-04	0.00000e+00
  1.01e-01	  1.04e-03	0.00000e+00
  1.01e-01	  1.56e-03	0.00000e+00
  1.01e-01	  2.08e-03	0.00000e+00
  1.01e-01	  2.60e-03	0.00000e+00
  1.01e-01	  3.12e-03	0.00000e+00
  1.01e-01	  3.65e-03	0.00000e+00
  1.01e-01	  4.17e-03	-5.52809e-293
  1.01e-01	  4.69e-03	-3.68633e-260
  1.01e-01	  5.21e-03	-2.45819e-227
  1.01e-01	  5.73e-03	-1.63923e-194
  1.01e-01	  6.25e-03	-1.09311e-161
  1.01e-01	  6.77e-03	-7.28940e-129
  1.01e-01	  7.29e-03	-4.86094e-96
  1.01e-01	  7.81e-03	-3.24152e-63
  1.01e-01	  8.33e-03	-2.16161e-30
  1.01e-01	  8.85e-03	-5.25054e+02
  1.01e-01	  9.37e-03	-1.58337e+01
  1.01e-01	  9.90e-03	-2.24842e+01
  1.01e-01	  1.04e-02	-2.66761e+01
  1.01e-01	  1.09e-02	-2.01114e+01
  1.01e-01	  1.15e-02	-5.04614e+00
  1.01e-01	  1.20e-02	1.64526e+01
  1.01e-01	  1.25e-02	4.24401e+01
  1.01e-01	  1.30e-02	7.08430e+01
  1.01e-01	  1.35e-02	9.89912e+01
  1.01e-01	  1.41e-02	1.22758e+02
  1.01e-01	  1.46e-02	1.35119e+02
  1.01e-01	  1.51e-02	1.24345e+02
  1.01e-01	  1.56e-02	7.38089e+01
  1.01e-01	  1.61e-02	3.72646e+01
  1.01e-01	  1.67e-02	1.21083e+01
  1.01e-01	  1.72e-02	-8.70087e+00
  1.01e-01	  1.77e-02	-2.99963e+01
  1.01e-01	  1.82e-02	-5.45839e+01
  1.01e-01	  1.88e-02	-8.09020e+01
  1.01e-01	  1.93e-02	-8.79664e+01
  1.01e-01	  1.98e-02	-8.45821e+01
  1.01e-01	  2.03e-02	-7.49341e+01
  1.01e-01	  2.08e-02	-6.02024e+01
  1.01e-01	  2.14e-02	-4.09281e+01
  1.01e-01	  2.19e-02	-1.78661e+01
  1.01e-01	  2.24e-02	7.93659e+00
  1.01e-01	  2.29e-02	3.52107e+01
  1.01e-01	  2.34e-02	6.24390e+01
  1.01e-01	  2.40e-02	8.76650e+01
  1.01e-01	  2.45e-02	1.08011e+02
  1.01e-01	  2.50e-02	1.18472e+02
  1.01e-01	  2.55e-02	1.09166e+02
  1.01e-01	  2.60e-02	6.20871e+01
  1.01e-01	  2.66e-02	2.76898e+01
  1.01e-01	  2.71e-02	3.48257e+00
  1.01e-01	  2.76e-02	-1.74188e+01
  1.01e-01	  2.81e-02	-3.99919e+01
  1.01e-01	  2.86e-02	-6.70886e+01
  1.01e-01	  2.92e-02	-9.52680e+01
  1.01e-01	  2.97e-02	-9.19061e+01
  1.01e-01	  3.02e-02	-7.87577e+01
  1.01e-01	  3.07e-02	-6.23774e+01
  1.01e-01	  3.13e-02	-4.33423e+01
  1.01e-01	  3.18e-02	-2.13991e+01
  1.01e-01	  3.23e-02	3.22600e+00
  1.01e-01	  3.28e-02	2.97829e+01
  1.01e-01	  3.33e-02	5.71207e+01
  1.01e-01	  3.39e-02	8.36553e+01
  1.01e-01	  3.44e-02	1.06992e+02
  1.01e-01	  3.49e-02	1.22721e+02
  1.01e-01	  3.54e-02	1.21257e+02
  1.01e-01	  3.59e-02	8.27774e+01
  1.01e-01	  3.65e-02	5.66841e+01
  1.01e-01	  3.70e-02	4.15058e+01
  1.01e-01	  3.75e-02	3.19446e+01
  1.01e-01	  3.80e-02	2.50887e+01
  1.01e-01	  3.85e-02	1.98733e+01
  1.01e-01	  3.91e-02	2.37896e+01
  1.01e-01	  3.96e-02	-3.50114e+01
  1.01e-01	  4.01e-02	7.24077e-30
  1.01e-01	  4.06e-02	-1.33363e-64
  1.01e-01	  4.11e-02	-2.00582e-97
  1.01e-01	  4.17e-02	-3.01697e-130
  1.01e-01	  4.22e-02	-4.53806e-163
  1.01e-01	  4.27e-02	-6.82637e-196
  1.01e-01	  4.32e-02	-1.02690e-228
  1.01e-01	  4.37e-02	-1.54483e-261
  1.01e-01	  4.43e-02	-2.32408e-294
  1.01e-01	  4.48e-02	0.00000e+00
  1.01e-01	  4.53e-02	0.00000e+00
  1.01e-01	  4.58e-02	0.00000e+00
  1.01e-01	  4.64e-02	0.00000e+00
  1.01e-01	  4.69e-02	0.00000e+00
  1.01e-01	  4.74e-02	0.00000e+00
  1.01e-01	  4.79e-02	0.00000e+00
  1.01e-01	  4.84e-02	0.00000e+00
  1.01e-01	  4.90e-02	0.00000e+00
  1.01e-01	  4.95e-02	0.00000e+00

  1.02e-01	  0.00e+00	0.00000e+00
  1.02e-01	  5.21e-04	0.00000e+00
  1.02e-01	  1.04e-03	0.00000e+00
  1.02e-01	  1.56e-03	0.00000e+00
  1.02e-01	  2.08e-03	0.00000e+00
  1.02e-01	  2.60e-03	0.00000e+00
  1.02e-01	  3.12e-03	0.00000e+00
  1.02e-01	  3.65e-03	0.00000e+00
  1.02e-01	  4.17e-03	-6.66650e-293
  1.02e-01	  4.69e-03	-4.44512e-260
  1.02e-01	  5.21e-03	-2.96395e-227
  1.02e-01	  5.73e-03	-1.97634e-194
  1.02e-01	  6.25e-03	-1.31781e-161
  1.02e-01	  6.77e-03	-8.78711e-129
  1.02e-01	  7.29e-03	-5.85924e-96
  1.02e-01	  7.81e-03	-3.90694e-63
  1.02e-01	  8.33e-03	-2.60514e-30
  1.02e-01	  8.85e-03	-6.03114e+02
  1.02e-01	  9.37e-03	3.39357e-01
  1.02e-01	  9.90e-03	-7.82082e+00
  1.02e-01	  1.04e-02	-9.57560e+00
  1.02e-01	  1.09e-02	-3.98068e+00
  1.02e-01	  1.15e-02	7.91528e+00
  1.02e-01	  1.20e-02	2.45682e+01
  1.02e-01	  1.25e-02	4.41354e+01
  1.02e-01	  1.30e-02	6.44250e+01
  1.02e-01	  1.35e-02	8.26937e+01
  1.02e-01	  1.41e-02	9.54004e+01
  1.02e-01	  1.46e-02	9.82113e+01
  1.02e-01	  1.51e-02	8.70478e+01
  1.02e-01	  1.56e-02	6.18563e+01
  1.02e-01	  1.61e-02	3.58241e+01
  1.02e-01	  1.67e-02	1.28881e+01
  1.02e-01	  1.72e-02	-7.45032e+00
  1.02e-01	  1.77e-02	-2.64236e+01
  1.02e-01	  1.82e-02	-4.42183e+01
  1.02e-01	  1.88e-02	-5.86461e+01
  1.02e-01	  1.93e-02	-6.45852e+01
  1.02e-01	  1.98e-02	-6.28060e+01
  1.02e-01	  2.03e-02	-5.50674e+01
  1.02e-01	  2.08e-02	-4.26673e+01
  1.02e-01	  2.14e-02	-2.65608e+01
  1.02e-01	  2.19e-02	-7.66974e+00
  1.02e-01	  2.24e-02	1.29494e+01
  1.02e-01	  2.29e-02	3.40279e+01
  1.02e-01	  2.34e-02	5.40037e+01
  1.02e-01	  2.40e-02	7.08865e+01
  1.02e-01	  2.45e-02	8.20656e+01
  1.02e-01	  2.50e-02	8.41863e+01
  1.02e-01	  2.55e-02	7.37005e+01
  1.02e-01	  2.60e-02	5.00395e+01
  1.02e-01	  2.66e-02	2.54190e+01
  1.02e-01	  2.71e-02	3.45609e+00
  1.02e-01	  2.76e-02	-1.63825e+01
  1.02e-01	  2.81e-02	-3.51924e+01
  1.02e-01	  2.86e-02	-5.26607e+01
  1.02e-01	  2.92e-02	-6.53212e+01
  1.02e-01	  2.97e-02	-6.60396e+01
  1.02e-01	  3.02e-02	-5.83179e+01
  1.02e-01	  3.07e-02	-4.56009e+01
  1.02e-01	  3.13e-02	-2.96166e+01
  1.02e-01	  3.18e-02	-1.12012e+01
  1.02e-01	  3.23e-02	8.96570e+00
  1.02e-01	  3.28e-02	3.00275e+01
  1.02e-01	  3.33e-02	5.08183e+01
  1.02e-01	  3.39e-02	6.97475e+01
  1.02e-01	  3.44e-02	8.46079e+01
  1.02e-01	  3.49e-02	9.23410e+01
  1.02e-01	  3.54e-02	8.92683e+01
  1.02e-01	  3.59e-02	7.39244e+01
  1.02e-01	  3.65e-02	5.79086e+01
  1.02e-01	  3.70e-02	4.49460e+01
  1.02e-01	  3.75e-02	3.49503e+01
  1.02e-01	  3.80e-02	2.70700e+01
  1.02e-01	  3.85e-02	2.06877e+01
  1.02e-01	  3.91e-02	2.53531e+01
  1.02e-01	  3.96e-02	-4.27604e+01
  1.02e-01	  4.01e-02	7.29911e-30
  1.02e-01	  4.06e-02	-1.57693e-64
  1.02e-01	  4.11e-02	-2.37463e-97
  1.02e-01	  4.17e-02	-3.57606e-130
  1.02e-01	  4.22e-02	-5.38564e-163
  1.02e-01	  4.27e-02	-8.11131e-196
  1.02e-01	  4.32e-02	-1.22170e-228
  1.02e-01	  4.37e-02	-1.84015e-261
  1.02e-01	  4.43e-02	-2.77178e-294
  1.02e-01	  4.48e-02	0.00000e+00
  1.02e-01	  4.53e-02	0.00000e+00
  1.02e-01	  4.58e-02	0.00000e+00
  1.02e-01	  4.64e-02	0.00000e+00
  1.02e-01	  4.69e-02	0.00000e+00
  1.02e-01	  4.74e-02	0.00000e+00
  1.02e-01	  4.79e-02	0.00000e+00
  1.02e-01	  4.84e-02	0.00000e+00
  1.02e-01	  4.90e-02	0.00000e+00
  1.02e-01	  4.95e-02	0.00000e+00

  1.02e-01	  0.00e+00	0.00000e+00
  1.02e-01	  5.21e-04	0.00000e+00
  1.02e-01	  1.04e-03	0.00000e+00
  1.02e-01	  1.56e-03	0.00000e+00
  1.02e-01	  2.08e-03	0.00000e+00
  1.02e-01	  2.60e-03	0.00000e+00
  1.02e-01	  3.12e-03	0.00000e+00
  1.02e-01	  3.65e-03	0.00000e+00
  1.02e-01	  4.17e-03	-7.37489e-293
  1.02e-01	  4.69e-03	-4.91709e-260
  1.02e-01	  5.21e-03	-3.27841e-227
  1.02e-01	  5.73e-03	-2.18585e-194
  1.02e-01	  6.25e-03	-1.45740e-161
  1.02e-01	  6.77e-03	-9.71718e-129
  1.02e-01	  7.29e-03	-6.47892e-96
  1.02e-01	  7.81e-03	-4.31981e-63
  1.02e-01	  8.33e-03	-2.88023e-30
  1.02e-01	  8.85e-03	-6.49523e+02
  1.02e-01	  9.37e-03	6.88000e+00
  1.02e-01	  9.90e-03	6.24784e-01
  1.02e-01	  1.04e-02	1.29490e+00
  1.02e-01	  1.09e-02	6.56108e+00
  1.02e-01	  1.15e-02	1.60198e+01
  1.02e-01	  1.20e-02	2.86109e+01
  1.02e-01	  1.25e-02	4.28221e+01
  1.02e-01	  1.30e-02	5.67739e+01
  1.02e-01	  1.35e-02	6.82605e+01
  1.02e-01	  1.41e-02	7.48664e+01
  1.02e-01	  1.46e-02	7.43543e+01
  1.02e-01	  1.51e-02	6.55489e+01
  1.02e-01	  1.56e-02	4.96875e+01
  1.02e-01	  1.61e-02	3.10725e+01
  1.02e-01	  1.67e-02	1.25511e+01
  1.02e-01	  1.72e-02	-4.71772e+00
  1.02e-01	  1.77e-02	-2.02700e+01
  1.02e-01	  1.82e-02	-3.34428e+01
  1.02e-01	  1.88e-02	-4.29125e+01
  1.02e-01	  1.93e-02	-4.70575e+01
  1.02e-01	  1.98e-02	-4.57087e+01
  1.02e-01	  2.03e-02	-3.95413e+01
  1.02e-01	  2.08e-02	-2.94565e+01
  1.02e-01	  2.14e-02	-1.63750e+01
  1.02e-01	  2.19e-02	-1.24938e+00
  1.02e-01	  2.24e-02	1.48712e+01
  1.02e-01	  2.29e-02	3.07836e+01
  1.02e-01	  2.34e-02	4.50843e+01
  1.02e-01	  2.40e-02	5.61464e+01
  1.02e-01	  2.45e-02	6.21720e+01
  1.02e-01	  2.50e-02	6.14539e+01
  1.02e-01	  2.55e-02	5.30685e+01
  1.02e-01	  2.60e-02	3.81199e+01
  1.02e-01	  2.66e-02	2.05992e+01
  1.02e-01	  2.71e-02	3.16047e+00
  1.02e-01	  2.76e-02	-1.30771e+01
  1.02e-01	  2.81e-02	-2.75293e+01
  1.02e-01	  2.86e-02	-3.92214e+01
  1.02e-01	  2.92e-02	-4.63552e+01
  1.02e-01	  2.97e-02	-4.70014e+01
  1.02e-01	  3.02e-02	-4.17437e+01
  1.02e-01	  3.07e-02	-3.20429e+01
  1.02e-01	  3.13e-02	-1.92114e+01
  1.02e-01	  3.18e-02	-4.26398e+00
  1.02e-01	  3.23e-02	1.19165e+01
  1.02e-01	  3.28e-02	2.84037e+01
  1.02e-01	  3.33e-02	4.41143e+01
  1.02e-01	  3.39e-02	5.77445e+01
  1.02e-01	  3.44e-02	6.77668e+01
  1.02e-01	  3.49e-02	7.25783e+01
  1.02e-01	  3.54e-02	7.10390e+01
  1.02e-01	  3.59e-02	6.36869e+01
  1.02e-01	  3.65e-02	5.39546e+01
  1.02e-01	  3.70e-02	4.41484e+01
  1.02e-01	  3.75e-02	3.51385e+01
  1.02e-01	  3.80e-02	2.70395e+01
  1.02e-01	  3.85e-02	1.97077e+01
  1.02e-01	  3.91e-02	2.31144e+01
  1.02e-01	  3.96e-02	-3.88832e+01
  1.02e-01	  4.01e-02	6.42565e-30
  1.02e-01	  4.06e-02	-1.36328e-64
  1.02e-01	  4.11e-02	-2.05734e-97
  1.02e-01	  4.17e-02	-3.10497e-130
  1.02e-01	  4.22e-02	-4.68635e-163
  1.02e-01	  4.27e-02	-7.07351e-196
  1.02e-01	  4.32e-02	-1.06771e-228
  1.02e-01	  4.37e-02	-1.61172e-261
  1.02e-01	  4.43e-02	-2.43299e-294
  1.02e-01	  4.48e-02	0.00000e+00
  1.02e-01	  4.53e-02	0.00000e+00
  1.02e-01	  4.58e-02	0.00000e+00
  1.02e-01	  4.64e-02	0.00000e+00
  1.02e-01	  4.69e-02	0.00000e+00
  1.02e-01	  4.74e-02	0.00000e+00
  1.02e-01	  4.79e-02	0.00000e+00
  1.02e-01	  4.84e-02	0.00000e+00
  1.02e-01	  4.90e-02	0.00000e+00
  1.02e-01	  4.95e-02	0.00000e+00

  1.03e-01	  0.00e+00	0.00000e+00
  1.03e-01	  5.21e-04	0.00000e+00
  1.03e-01	  1.04e-03	0.00000e+00
  1.03e-01	  1.56e-03	0.00000e+00
  1.03e-01	  2.08e-03	0.00000e+00
  1.03e-01	  2.60e-03	0.00000e+00
  1.03e-01	  3.12e-03	0.00000e+00
  1.03e-01	  3.65e-03	0.00000e+00
  1.03e-01	  4.17e-03	-7.77199e-293
  1.03e-01	  4.69e-03	-5.18149e-260
  1.03e-01	  5.21e-03	-3.45445e-227
  1.03e-01	  5.73e-03	-2.30307e-194
  1.03e-01	  6.25e-03	-1.53545e-161
  1.03e-01	  6.77e-03	-1.02368e-128
  1.03e-01	  7.29e-03	-6.82492e-96
  1.03e-01	  7.81e-03	-4.55019e-63
  1.03e-01	  8.33e-03	-3.03363e-30
  1.03e-01	  8.85e-03	-6.74738e+02
  1.03e-01	  9.37e-03	8.80402e+00
  1.03e-01	  9.90e-03	5.11167e+00
  1.03e-01	  1.04e-02	7.60661e+00
  1.03e-01	  1.09e-02	1.27510e+01
  1.03e-01	  1.15e-02	2.04172e+01
  1.03e-01	  1.20e-02	2.99012e+01
  1.03e-01	  1.25e-02	4.00756e+01
  1.03e-01	  1.30e-02	4.95200e+01
  1.03e-01	  1.35e-02	5.66602e+01
  1.03e-01	  1.41e-02	5.99747e+01
  1.03e-01	  1.46e-02	5.83262e+01
  1.03e-01	  1.51e-02	5.14095e+01
  1.03e-01	  1.56e-02	4.01194e+01
  1.03e-01	  1.61e-02	2.63702e+01
  1.03e-01	  1.67e-02	1.19583e+01
  1.03e-01	  1.72e-02	-1.84287e+00
  1.03e-01	  1.77e-02	-1.41297e+01
  1.03e-01	  1.82e-02	-2.40869e+01
  1.03e-01	  1.88e-02	-3.08594e+01
  1.03e-01	  1.93e-02	-3.37332e+01
  1.03e-01	  1.98e-02	-3.25404e+01
  1.03e-01	  2.03e-02	-2.76110e+01
  1.03e-01	  2.08e-02	-1.95690e+01
  1.03e-01	  2.14e-02	-9.18803e+00
  1.03e-01	  2.19e-02	2.66373e+00
  1.03e-01	  2.24e-02	1.50289e+01
  1.03e-01	  2.29e-02	2.68530e+01
  1.03e-01	  2.34e-02	3.69888e+01
  1.03e-01	  2.40e-02	4.42415e+01
  1.03e-01	  2.45e-02	4.74895e+01
  1.03e-01	  2.50e-02	4.59275e+01
  1.03e-01	  2.55e-02	3.94348e+01
  1.03e-01	  2.60e-02	2.89191e+01
  1.03e-01	  2.66e-02	1.62074e+01
  1.03e-01	  2.71e-02	3.00904e+00
  1.03e-01	  2.76e-02	-9.43418e+00
  1.03e-01	  2.81e-02	-2.01732e+01
  1.03e-01	  2.86e-02	-2.82773e+01
  1.03e-01	  2.92e-02	-3.27683e+01
  1.03e-01	  2.97e-02	-3.29421e+01
  1.03e-01	  3.02e-02	-2.89268e+01
  1.03e-01	  3.07e-02	-2.14160e+01
  1.03e-01	  3.13e-02	-1.12856e+01
  1.03e-01	  3.18e-02	5.92238e-01
  1.03e-01	  3.23e-02	1.33706e+01
  1.03e-01	  3.28e-02	2.61873e+01
  1.03e-01	  3.33e-02	3.81262e+01
  1.03e-01	  3.39e-02	4.82129e+01
  1.03e-01	  3.44e-02	5.54727e+01
  1.03e-01	  3.49e-02	5.90881e+01
  1.03e-01	  3.54e-02	5.86924e+01
  1.03e-01	  3.59e-02	5.47249e+01
  1.03e-01	  3.65e-02	4.84592e+01
  1.03e-01	  3.70e-02	4.10772e+01
  1.03e-01	  3.75e-02	3.33097e+01
  1.03e-01	  3.80e-02	2.54954e+01
  1.03e-01	  3.85e-02	1.77192e+01
  1.03e-01	  3.91e-02	1.93356e+01
  1.03e-01	  3.96e-02	-2.68185e+01
  1.03e-01	  4.01e-02	5.22606e-30
  1.03e-01	  4.06e-02	-8.68740e-65
  1.03e-01	  4.11e-02	-1.31743e-97
  1.03e-01	  4.17e-02	-1.99797e-130
  1.03e-01	  4.22e-02	-3.03021e-163
  1.03e-01	  4.27e-02	-4.59590e-196
  1.03e-01	  4.32e-02	-6.97070e-229
  1.03e-01	  4.37e-02	-1.05727e-261
  1.03e-01	  4.43e-02	-1.60358e-294
  1.03e-01	  4.48e-02	0.00000e+00
  1.03e-01	  4.53e-02	0.00000e+00
  1.03e-01	  4.58e-02	0.00000e+00
  1.03e-01	  4.64e-02	0.00000e+00
  1.03e-01	  4.69e-02	0.00000e+00
  1.03e-01	  4.74e-02	0.00000e+00
  1.03e-01	  4.79e-02	0.00000e+00
  1.03e-01	  4.84e-02	0.00000e+00
  1.03e-01	  4.90e-02	0.00000e+00
  1.03e-01	  4.95e-02	0.00000e+00

  1.04e-01	  0.00e+00	0.00000e+00
  1.04e-01	  5.21e-04	0.00000e+00
  1.04e-01	  1.04e-03	0.00000e+00
  1.04e-01	  1.56e-03	0.00000e+00
  1.04e-01	  2.08e-03	0.00000e+00
  1.04e-01	  2.60e-03	0.00000e+00
  1.04e-01	  3.12e-03	0.00000e+00
  1.04e-01	  3.65e-03	0.00000e+00
  1.04e-01	  4.17e-03	-7.95922e-293
  1.04e-01	  4.69e-03	-5.30598e-260
  1.04e-01	  5.21e-03	-3.53723e-227
  1.04e-01	  5.73e-03	-2.35811e-194
  1.04e-01	  6.25e-03	-1.57205e-161
  1.04e-01	  6.77e-03	-1.04802e-128
  1.04e-01	  7.29e-03	-6.98672e-96
  1.04e-01	  7.81e-03	-4.65777e-63
  1.04e-01	  8.33e-03	-3.10516e-30
  1.04e-01	  8.85e-03	-6.86248e+02
  1.04e-01	  9.37e-03	8.55994e+00
  1.04e-01	  9.90e-03	7.17347e+00
  1.04e-01	  1.04e-02	1.08393e+01
  1.04e-01	  1.09e-02	1.58708e+01
  1.04e-01	  1.15e-02	2.22380e+01
  1.04e-01	  1.20e-02	2.94777e+01
  1.04e-01	  1.25e-02	3.67983e+01
  1.04e-01	  1.30e-02	4.32014e+01
  1.04e-01	  1.35e-02	4.76285e+01
  1.04e-01	  1.41e-02	4.91424e+01
  1.04e-01	  1.46e-02	4.71452e+01
  1.04e-01	  1.51e-02	4.15873e+01
  1.04e-01	  1.56e-02	3.30592e+01
  1.04e-01	  1.61e-02	2.26389e+01
  1.04e-01	  1.67e-02	1.15123e+01
  1.04e-01	  1.72e-02	7.31062e-01
  1.04e-01	  1.77e-02	-8.83153e+00
  1.04e-01	  1.82e-02	-1.64372e+01
  1.04e-01	  1.88e-02	-2.14711e+01
  1.04e-01	  1.93e-02	-2.35182e+01
  1.04e-01	  1.98e-02	-2.24771e+01
  1.04e-01	  2.03e-02	-1.85655e+01
  1.04e-01	  2.08e-02	-1.22478e+01
  1.04e-01	  2.14e-02	-4.15383e+00
  1.04e-01	  2.19e-02	4.97718e+00
  1.04e-01	  2.24e-02	1.43289e+01
  1.04e-01	  2.29e-02	2.30322e+01
  1.04e-01	  2.34e-02	3.02002e+01
  1.04e-01	  2.40e-02	3.49930e+01
  1.04e-01	  2.45e-02	3.67262e+01
  1.04e-01	  2.50e-02	3.50254e+01
  1.04e-01	  2.55e-02	2.99899e+01
  1.04e-01	  2.60e-02	2.22686e+01
  1.04e-01	  2.66e-02	1.29297e+01
  1.04e-01	  2.71e-02	3.12018e+00
  1.04e-01	  2.76e-02	-6.14101e+00
  1.04e-01	  2.81e-02	-1.39902e+01
  1.04e-01	  2.86e-02	-1.96812e+01
  1.04e-01	  2.92e-02	-2.26059e+01
  1.04e-01	  2.97e-02	-2.24180e+01
  1.04e-01	  3.02e-02	-1.91714e+01
  1.04e-01	  3.07e-02	-1.32635e+01
  1.04e-01	  3.13e-02	-5.29229e+00
  1.04e-01	  3.18e-02	4.05863e+00
  1.04e-01	  3.23e-02	1.40759e+01
  1.04e-01	  3.28e-02	2.40338e+01
  1.04e-01	  3.33e-02	3.32028e+01
  1.04e-01	  3.39e-02	4.08734e+01
  1.04e-01	  3.44e-02	4.64127e+01
  1.04e-01	  3.49e-02	4.93601e+01
  1.04e-01	  3.54e-02	4.95505e+01
  1.04e-01	  3.59e-02	4.72026e+01
  1.04e-01	  3.65e-02	4.28559e+01
  1.04e-01	  3.70e-02	3.71044e+01
  1.04e-01	  3.75e-02	3.04225e+01
  1.04e-01	  3.80e-02	2.31222e+01
  1.04e-01	  3.85e-02	1.53666e+01
  1.04e-01	  3.91e-02	1.54056e+01
  1.04e-01	  3.96e-02	-1.05694e+01
  1.04e-01	  4.01e-02	4.09018e-30
  1.04e-01	  4.06e-02	-2.94279e-65
  1.04e-01	  4.11e-02	-4.56144e-98
  1.04e-01	  4.17e-02	-7.06616e-131
  1.04e-01	  4.22e-02	-1.09398e-163
  1.04e-01	  4.27e-02	-1.69271e-196
  1.04e-01	  4.32e-02	-2.61761e-229
  1.04e-01	  4.37e-02	-4.04557e-262
  1.04e-01	  4.43e-02	-6.24891e-295
  1.04e-01	  4.48e-02	0.00000e+00
  1.04e-01	  4.53e-02	0.00000e+00
  1.04e-01	  4.58e-02	0.00000e+00
  1.04e-01	  4.64e-02	0.00000e+00
  1.04e-01	  4.69e-02	0.00000e+00
  1.04e-01	  4.74e-02	0.00000e+00
  1.04e-01	  4.79e-02	0.00000e+00
  1.04e-01	  4.84e-02	0.00000e+00
  1.04e-01	  4.90e-02	0.00000e+00
  1.04e-01	  4.95e-02	0.00000e+00

  1.05e-01	  0.00e+00	0.00000e+00
  1.05e-01	  5.21e-04	0.00000e+00
  1.05e-01	  1.04e-03	0.00000e+00
  1.05e-01	  1.56e-03	0.00000e+00
  1.05e-01	  2.08e-03	0.00000e+00
  1.05e-01	  2.60e-03	0.00000e+00
  1.05e-01	  3.12e-03	0.00000e+00
  1.05e-01	  3.65e-03	0.00000e+00
  1.05e-01	  4.17e-03	-8.01299e-293
  1.05e-01	  4.69e-03	-5.34154e-260
  1.05e-01	  5.21e-03	-3.56074e-227
  1.05e-01	  5.73e-03	-2.37365e-194
  1.05e-01	  6.25e-03	-1.58232e-161
  1.05e-01	  6.77e-03	-1.05481e-128
  1.05e-01	  7.29e-03	-7.03161e-96
  1.05e-01	  7.81e-03	-4.68744e-63
  1.05e-01	  8.33e-03	-3.12476e-30
  1.05e-01	  8.85e-03	-6.89239e+02
  1.05e-01	  9.37e-03	7.36279e+00
  1.05e-01	  9.90e-03	7.80210e+00
  1.05e-01	  1.04e-02	1.21136e+01
  1.05e-01	  1.09e-02	1.69837e+01
  1.05e-01	  1.15e-02	2.24065e+01
  1.05e-01	  1.20e-02	2.80755e+01
  1.05e-01	  1.25e-02	3.34528e+01
  1.05e-01	  1.30e-02	3.78650e+01
  1.05e-01	  1.35e-02	4.06219e+01
  1.05e-01	  1.41e-02	4.11501e+01
  1.05e-01	  1.46e-02	3.91284e+01
  1.05e-01	  1.51e-02	3.45911e+01
  1.05e-01	  1.56e-02	2.79504e+01
  1.05e-01	  1.61e-02	1.99088e+01
  1.05e-01	  1.67e-02	1.12937e+01
  1.05e-01	  1.72e-02	2.91651e+00
  1.05e-01	  1.77e-02	-4.50044e+00
  1.05e-01	  1.82e-02	-1.03517e+01
  1.05e-01	  1.88e-02	-1.41731e+01
  1.05e-01	  1.93e-02	-1.56830e+01
  1.05e-01	  1.98e-02	-1.48236e+01
  1.05e-01	  2.03e-02	-1.17642e+01
  1.05e-01	  2.08e-02	-6.86806e+00
  1.05e-01	  2.14e-02	-6.43162e-01
  1.05e-01	  2.19e-02	6.30399e+00
  1.05e-01	  2.24e-02	1.33075e+01
  1.05e-01	  2.29e-02	1.96793e+01
  1.05e-01	  2.34e-02	2.47532e+01
  1.05e-01	  2.40e-02	2.79460e+01
  1.05e-01	  2.45e-02	2.88365e+01
  1.05e-01	  2.50e-02	2.72535e+01
  1.05e-01	  2.55e-02	2.33451e+01
  1.05e-01	  2.60e-02	1.75841e+01
  1.05e-01	  2.66e-02	1.06837e+01
  1.05e-01	  2.71e-02	3.44770e+00
  1.05e-01	  2.76e-02	-3.35016e+00
  1.05e-01	  2.81e-02	-9.02634e+00
  1.05e-01	  2.86e-02	-1.30147e+01
  1.05e-01	  2.92e-02	-1.49012e+01
  1.05e-01	  2.97e-02	-1.44773e+01
  1.05e-01	  3.02e-02	-1.17804e+01
  1.05e-01	  3.07e-02	-7.07385e+00
  1.05e-01	  3.13e-02	-7.83571e-01
  1.05e-01	  3.18e-02	6.56892e+00
  1.05e-01	  3.23e-02	1.44171e+01
  1.05e-01	  3.28e-02	2.21828e+01
  1.05e-01	  3.33e-02	2.93015e+01
  1.05e-01	  3.39e-02	3.52529e+01
  1.05e-01	  3.44e-02	3.96008e+01
  1.05e-01	  3.49e-02	4.20428e+01
  1.05e-01	  3.54e-02	4.24576e+01
  1.05e-01	  3.59e-02	4.09211e+01
  1.05e-01	  3.65e-02	3.76666e+01
  1.05e-01	  3.70e-02	3.29925e+01
  1.05e-01	  3.75e-02	2.71884e+01
  1.05e-01	  3.80e-02	2.04985e+01
  1.05e-01	  3.85e-02	1.31045e+01
  1.05e-01	  3.91e-02	1.19936e+01
  1.05e-01	  3.96e-02	6.94070e+00
  1.05e-01	  4.01e-02	3.10028e-30
  1.05e-01	  4.06e-02	1.92756e-65
  1.05e-01	  4.11e-02	2.75821e-98
  1.05e-01	  4.17e-02	3.93328e-131
  1.05e-01	  4.22e-02	5.58799e-164
  1.05e-01	  4.27e-02	7.90610e-197
  1.05e-01	  4.32e-02	1.11345e-229
  1.05e-01	  4.37e-02	1.56005e-262
  1.05e-01	  4.43e-02	2.17296e-295
  1.05e-01	  4.48e-02	0.00000e+00
  1.05e-01	  4.53e-02	0.00000e+00
  1.05e-01	  4.58e-02	0.00000e+00
  1.05e-01	  4.64e-02	0.00000e+00
  1.05e-01	  4.69e-02	0.00000e+00
  1.05e-01	  4.74e-02	0.00000e+00
  1.05e-01	  4.79e-02	0.00000e+00
  1.05e-01	  4.84e-02	0.00000e+00
  1.05e-01	  4.90e-02	0.00000e+00
  1.05e-01	  4.95e-02	0.00000e+00

  1.05e-01	  0.00e+00	0.00000e+00
  1.05e-01	  5.21e-04	0.00000e+00
  1.05e-01	  1.04e-03	0.00000e+00
  1.05e-01	  1.56e-03	0.00000e+00
  1.05e-01	  2.08e-03	0.00000e+00
  1.05e-01	  2.60e-03	0.00000e+00
  1.05e-01	  3.12e-03	0.00000e+00
  1.05e-01	  3.65e-03	0.00000e+00
  1.05e-01	  4.17e-03	-7.98697e-293
  1.05e-01	  4.69e-03	-5.32394e-260
  1.05e-01	  5.21e-03	-3.54885e-227
  1.05e-01	  5.73e-03	-2.36561e-194
  1.05e-01	  6.25e-03	-1.57689e-161
  1.05e-01	  6.77e-03	-1.05114e-128
  1.05e-01	  7.29e-03	-7.00680e-96
  1.05e-01	  7.81e-03	-4.67068e-63
  1.05e-01	  8.33e-03	-3.11345e-30
  1.05e-01	  8.85e-03	-6.87199e+02
  1.05e-01	  9.37e-03	5.82034e+00
  1.05e-01	  9.90e-03	7.62309e+00
  1.05e-01	  1.04e-02	1.22105e+01
  1.05e-01	  1.09e-02	1.68713e+01
  1.05e-01	  1.15e-02	2.15968e+01
  1.05e-01	  1.20e-02	2.61799e+01
  1.05e-01	  1.25e-02	3.02606e+01
  1.05e-01	  1.30e-02	3.33948e+01
  1.05e-01	  1.35e-02	3.51404e+01
  1.05e-01	  1.41e-02	3.51501e+01
  1.05e-01	  1.46e-02	3.32559e+01
  1.05e-01	  1.51e-02	2.95249e+01
  1.05e-01	  1.56e-02	2.42654e+01
  1.05e-01	  1.61e-02	1.79764e+01
  1.05e-01	  1.67e-02	1.12594e+01
  1.05e-01	  1.72e-02	4.73119e+00
  1.05e-01	  1.77e-02	-1.04053e+00
  1.05e-01	  1.82e-02	-5.57891e+00
  1.05e-01	  1.88e-02	-8.52938e+00
  1.05e-01	  1.93e-02	-9.68839e+00
  1.05e-01	  1.98e-02	-9.02343e+00
  1.05e-01	  2.03e-02	-6.67339e+00
  1.05e-01	  2.08e-02	-2.92800e+00
  1.05e-01	  2.14e-02	1.80579e+00
  1.05e-01	  2.19e-02	7.04144e+00
  1.05e-01	  2.24e-02	1.22504e+01
  1.05e-01	  2.29e-02	1.69005e+01
  1.05e-01	  2.34e-02	2.04981e+01
  1.05e-01	  2.40e-02	2.26377e+01
  1.05e-01	  2.45e-02	2.30553e+01
  1.05e-01	  2.50e-02	2.16783e+01
  1.05e-01	  2.55e-02	1.86526e+01
  1.05e-01	  2.60e-02	1.43325e+01
  1.05e-01	  2.66e-02	9.22534e+00
  1.05e-01	  2.71e-02	3.91027e+00
  1.05e-01	  2.76e-02	-1.03817e+00
  1.05e-01	  2.81e-02	-5.10390e+00
  1.05e-01	  2.86e-02	-7.86621e+00
  1.05e-01	  2.92e-02	-9.03122e+00
  1.05e-01	  2.97e-02	-8.46018e+00
  1.05e-01	  3.02e-02	-6.18405e+00
  1.05e-01	  3.07e-02	-2.39178e+00
  1.05e-01	  3.13e-02	2.60344e+00
  1.05e-01	  3.18e-02	8.40623e+00
  1.05e-01	  3.23e-02	1.45780e+01
  1.05e-01	  3.28e-02	2.06695e+01
  1.05e-01	  3.33e-02	2.62478e+01
  1.05e-01	  3.39e-02	3.09229e+01
  1.05e-01	  3.44e-02	3.43740e+01
  1.05e-01	  3.49e-02	3.63747e+01
  1.05e-01	  3.54e-02	3.68101e+01
  1.05e-01	  3.59e-02	3.56773e+01
  1.05e-01	  3.65e-02	3.30658e+01
  1.05e-01	  3.70e-02	2.91234e+01
  1.05e-01	  3.75e-02	2.40282e+01
  1.05e-01	  3.80e-02	1.79692e+01
  1.05e-01	  3.85e-02	1.11305e+01
  1.05e-01	  3.91e-02	9.39842e+00
  1.05e-01	  3.96e-02	2.37173e+01
  1.05e-01	  4.01e-02	2.33439e-30
  1.05e-01	  4.06e-02	7.37570e-65
  1.05e-01	  4.11e-02	1.08703e-97
  1.05e-01	  4.17e-02	1.60128e-130
  1.05e-01	  4.22e-02	2.35765e-163
  1.05e-01	  4.27e-02	3.46958e-196
  1.05e-01	  4.32e-02	5.10338e-229
  1.05e-01	  4.37e-02	7.50279e-262
  1.05e-01	  4.43e-02	1.10248e-294
  1.05e-01	  4.48e-02	0.00000e+00
  1.05e-01	  4.53e-02	0.00000e+00
  1.05e-01	  4.58e-02	0.00000e+00
  1.05e-01	  4.64e-02	0.00000e+00
  1.05e-01	  4.69e-02	0.00000e+00
  1.05e-01	  4.74e-02	0.00000e+00
  1.05e-01	  4.79e-02	0.00000e+00
  1.05e-01	  4.84e-02	0.00000e+00
  1.05e-01	  4.90e-02	0.00000e+00
  1.05e-01	  4.95e-02	0.00000e+00

  1.06e-01	  0.00e+00	0.00000e+00
  1.06e-01	  5.21e-04	0.00000e+00
  1.06e-01	  1.04e-03	0.00000e+00
  1.06e-01	  1.56e-03	0.00000e+00
  1.06e-01	  2.08e-03	0.00000e+00
  1.06e-01	  2.60e-03	0.00000e+00
  1.06e-01	  3.12e-03	0.00000e+00
  1.06e-01	  3.65e-03	0.00000e+00
  1.06e-01	  4.17e-03	-7.91693e-293
  1.06e-01	  4.69e-03	-5.27705e-260
  1.06e-01	  5.21e-03	-3.51745e-227
  1.06e-01	  5.73e-03	-2.34459e-194
  1.06e-01	  6.25e-03	-1.56281e-161
  1.06e-01	  6.77e-03	-1.04171e-128
  1.06e-01	  7.29e-03	-6.94370e-96
  1.06e-01	  7.81e-03	-4.62844e-63
  1.06e-01	  8.33e-03	-3.08516e-30
  1.06e-01	  8.85e-03	-6.82404e+02
  1.06e-01	  9.37e-03	4.22945e+00
  1.06e-01	  9.90e-03	7.02133e+00
  1.06e-01	  1.04e-02	1.16455e+01
  1.06e-01	  1.09e-02	1.60661e+01
  1.06e-01	  1.15e-02	2.02644e+01
  1.06e-01	  1.20e-02	2.40958e+01
  1.06e-01	  1.25e-02	2.73195e+01
  1.06e-01	  1.30e-02	2.96456e+01
  1.06e-01	  1.35e-02	3.07954e+01
  1.06e-01	  1.41e-02	3.05631e+01
  1.06e-01	  1.46e-02	2.88702e+01
  1.06e-01	  1.51e-02	2.57984e+01
  1.06e-01	  1.56e-02	2.15906e+01
  1.06e-01	  1.61e-02	1.66206e+01
  1.06e-01	  1.67e-02	1.13394e+01
  1.06e-01	  1.72e-02	6.21685e+00
  1.06e-01	  1.77e-02	1.69210e+00
  1.06e-01	  1.82e-02	-1.86521e+00
  1.06e-01	  1.88e-02	-4.18397e+00
  1.06e-01	  1.93e-02	-5.11372e+00
  1.06e-01	  1.98e-02	-4.63708e+00
  1.06e-01	  2.03e-02	-2.86881e+00
  1.06e-01	  2.08e-02	-4.07458e-02
  1.06e-01	  2.14e-02	3.52341e+00
  1.06e-01	  2.19e-02	7.43891e+00
  1.06e-01	  2.24e-02	1.12930e+01
  1.06e-01	  2.29e-02	1.46792e+01
  1.06e-01	  2.34e-02	1.72337e+01
  1.06e-01	  2.40e-02	1.86725e+01
  1.06e-01	  2.45e-02	1.88277e+01
  1.06e-01	  2.50e-02	1.76750e+01
  1.06e-01	  2.55e-02	1.53437e+01
  1.06e-01	  2.60e-02	1.21037e+01
  1.06e-01	  2.66e-02	8.32751e+00
  1.06e-01	  2.71e-02	4.43921e+00
  1.06e-01	  2.76e-02	8.63587e-01
  1.06e-01	  2.81e-02	-2.01586e+00
  1.06e-01	  2.86e-02	-3.88906e+00
  1.06e-01	  2.92e-02	-4.54429e+00
  1.06e-01	  2.97e-02	-3.88589e+00
  1.06e-01	  3.02e-02	-1.94085e+00
  1.06e-01	  3.07e-02	1.14933e+00
  1.06e-01	  3.13e-02	5.14966e+00
  1.06e-01	  3.18e-02	9.75972e+00
  1.06e-01	  3.23e-02	1.46427e+01
  1.06e-01	  3.28e-02	1.94520e+01
  1.06e-01	  3.33e-02	2.38544e+01
  1.06e-01	  3.39e-02	2.75506e+01
  1.06e-01	  3.44e-02	3.02923e+01
  1.06e-01	  3.49e-02	3.18956e+01
  1.06e-01	  3.54e-02	3.22476e+01
  1.06e-01	  3.59e-02	3.13056e+01
  1.06e-01	  3.65e-02	2.90886e+01
  1.06e-01	  3.70e-02	2.56677e+01
  1.06e-01	  3.75e-02	2.11575e+01
  1.06e-01	  3.80e-02	1.57103e+01
  1.06e-01	  3.85e-02	9.50568e+00
  1.06e-01	  3.91e-02	7.55052e+00
  1.06e-01	  3.96e-02	3.87660e+01
  1.06e-01	  4.01e-02	1.78064e-30
  1.06e-01	  4.06e-02	1.29361e-64
  1.06e-01	  4.11e-02	1.91795e-97
  1.06e-01	  4.17e-02	2.84289e-130
  1.06e-01	  4.22e-02	4.21283e-163
  1.06e-01	  4.27e-02	6.24139e-196
  1.06e-01	  4.32e-02	9.24450e-229
  1.06e-01	  4.37e-02	1.36893e-261
  1.06e-01	  4.43e-02	2.02667e-294
  1.06e-01	  4.48e-02	0.00000e+00
  1.06e-01	  4.53e-02	0.00000e+00
  1.06e-01	  4.58e-02	0.00000e+00
  1.06e-01	  4.64e-02	0.00000e+00
  1.06e-01	  4.69e-02	0.00000e+00
  1.06e-01	  4.74e-02	0.00000e+00
  1.06e-01	  4.79e-02	0.00000e+00
  1.06e-01	  4.84e-02	0.00000e+00
  1.06e-01	  4.90e-02	0.00000e+00
  1.06e-01	  4.95e-02	0.00000e+00

  1.07e-01	  0.00e+00	0.00000e+00
  1.07e-01	  5.21e-04	0.00000e+00
  1.07e-01	  1.04e-03	0.00000e+00
  1.07e-01	  1.56e-03	0.00000e+00
  1.07e-01	  2.08e-03	0.00000e+00
  1.07e-01	  2.60e-03	0.00000e+00
  1.07e-01	  3.12e-03	0.00000e+00
  1.07e-01	  3.65e-03	0.00000e+00
  1.07e-01	  4.17e-03	-7.82568e-293
  1.07e-01	  4.69e-03	-5.21605e-260
  1.07e-01	  5.21e-03	-3.47667e-227
  1.07e-01	  5.73e-03	-2.31733e-194
  1.07e-01	  6.25e-03	-1.54459e-161
  1.07e-01	  6.77e-03	-1.02953e-128
  1.07e-01	  7.29e-03	-6.86229e-96
  1.07e-01	  7.81e-03	-4.57402e-63
  1.07e-01	  8.33e-03	-3.04879e-30
  1.07e-01	  8.85e-03	-6.76291e+02
  1.07e-01	  9.37e-03	2.72427e+00
  1.07e-01	  9.90e-03	6.22646e+00
  1.07e-01	  1.04e-02	1.07443e+01
  1.07e-01	  1.09e-02	1.49120e+01
  1.07e-01	  1.15e-02	1.87008e+01
  1.07e-01	  1.20e-02	2.20056e+01
  1.07e-01	  1.25e-02	2.46636e+01
  1.07e-01	  1.30e-02	2.64865e+01
  1.07e-01	  1.35e-02	2.73011e+01
  1.07e-01	  1.41e-02	2.69909e+01
  1.07e-01	  1.46e-02	2.55310e+01
  1.07e-01	  1.51e-02	2.30085e+01
  1.07e-01	  1.56e-02	1.96219e+01
  1.07e-01	  1.61e-02	1.56613e+01
  1.07e-01	  1.67e-02	1.14726e+01
  1.07e-01	  1.72e-02	7.41747e+00
  1.07e-01	  1.77e-02	3.83503e+00
  1.07e-01	  1.82e-02	1.01087e+00
  1.07e-01	  1.88e-02	-8.47449e-01
  1.07e-01	  1.93e-02	-1.62762e+00
  1.07e-01	  1.98e-02	-1.32130e+00
  1.07e-01	  2.03e-02	-2.26727e-02
  1.07e-01	  2.08e-02	2.08334e+00
  1.07e-01	  2.14e-02	4.74097e+00
  1.07e-01	  2.19e-02	7.64878e+00
  1.07e-01	  2.24e-02	1.04874e+01
  1.07e-01	  2.29e-02	1.29484e+01
  1.07e-01	  2.34e-02	1.47635e+01
  1.07e-01	  2.40e-02	1.57327e+01
  1.07e-01	  2.45e-02	1.57475e+01
  1.07e-01	  2.50e-02	1.48075e+01
  1.07e-01	  2.55e-02	1.30224e+01
  1.07e-01	  2.60e-02	1.05992e+01
  1.07e-01	  2.66e-02	7.81623e+00
  1.07e-01	  2.71e-02	4.98742e+00
  1.07e-01	  2.76e-02	2.42731e+00
  1.07e-01	  2.81e-02	4.19650e-01
  1.07e-01	  2.86e-02	-8.07719e-01
  1.07e-01	  2.92e-02	-1.10174e+00
  1.07e-01	  2.97e-02	-3.96209e-01
  1.07e-01	  3.02e-02	1.28460e+00
  1.07e-01	  3.07e-02	3.83190e+00
  1.07e-01	  3.13e-02	7.06660e+00
  1.07e-01	  3.18e-02	1.07589e+01
  1.07e-01	  3.23e-02	1.46497e+01
  1.07e-01	  3.28e-02	1.84708e+01
  1.07e-01	  3.33e-02	2.19631e+01
  1.07e-01	  3.39e-02	2.48921e+01
  1.07e-01	  3.44e-02	2.70588e+01
  1.07e-01	  3.49e-02	2.83081e+01
  1.07e-01	  3.54e-02	2.85320e+01
  1.07e-01	  3.59e-02	2.76703e+01
  1.07e-01	  3.65e-02	2.57087e+01
  1.07e-01	  3.70e-02	2.26793e+01
  1.07e-01	  3.75e-02	1.86617e+01
  1.07e-01	  3.80e-02	1.37831e+01
  1.07e-01	  3.85e-02	8.21338e+00
  1.07e-01	  3.91e-02	6.27534e+00
  1.07e-01	  3.96e-02	5.17325e+01
  1.07e-01	  4.01e-02	1.38964e-30
  1.07e-01	  4.06e-02	1.80824e-64
  1.07e-01	  4.11e-02	2.68737e-97
  1.07e-01	  4.17e-02	3.99319e-130
  1.07e-01	  4.22e-02	5.93248e-163
  1.07e-01	  4.27e-02	8.81207e-196
  1.07e-01	  4.32e-02	1.30872e-228
  1.07e-01	  4.37e-02	1.94334e-261
  1.07e-01	  4.43e-02	2.88524e-294
  1.07e-01	  4.48e-02	0.00000e+00
  1.07e-01	  4.53e-02	0.00000e+00
  1.07e-01	  4.58e-02	0.00000e+00
  1.07e-01	  4.64e-02	0.00000e+00
  1.07e-01	  4.69e-02	0.00000e+00
  1.07e-01	  4.74e-02	0.00000e+00
  1.07e-01	  4.79e-02	0.00000e+00
  1.07e-01	  4.84e-02	0.00000e+00
  1.07e-01	  4.90e-02	0.00000e+00
  1.07e-01	  4.95e-02	0.00000e+00

  1.08e-01	  0.00e+00	0.00000e+00
  1.08e-01	  5.21e-04	0.00000e+00
  1.08e-01	  1.04e-03	0.00000e+00
  1.08e-01	  1.56e-03	0.00000e+00
  1.08e-01	  2.08e-03	0.00000e+00
  1.08e-01	  2.60e-03	0.00000e+00
  1.08e-01	  3.12e-03	0.00000e+00
  1.08e-01	  3.65e-03	0.00000e+00
  1.08e-01	  4.17e-03	-7.72705e-293
  1.08e-01	  4.69e-03	-5.15017e-260
  1.08e-01	  5.21e-03	-3.43267e-227
  1.08e-01	  5.73e-03	-2.28793e-194
  1.08e-01	  6.25e-03	-1.52496e-161
  1.08e-01	  6.77e-03	-1.01642e-128
  1.08e-01	  7.29e-03	-6.77467e-96
  1.08e-01	  7.81e-03	-4.51549e-63
  1.08e-01	  8.33e-03	-3.00969e-30
  1.08e-01	  8.85e-03	-6.69730e+02
  1.08e-01	  9.37e-03	1.35430e+00
  1.08e-01	  9.90e-03	5.37002e+00
  1.08e-01	  1.04e-02	9.70436e+00
  1.08e-01	  1.09e-02	1.36205e+01
  1.08e-01	  1.15e-02	1.70830e+01
  1.08e-01	  1.20e-02	2.00117e+01
  1.08e-01	  1.25e-02	2.22946e+01
  1.08e-01	  1.30e-02	2.38093e+01
  1.08e-01	  1.35e-02	2.44505e+01
  1.08e-01	  1.41e-02	2.41575e+01
  1.08e-01	  1.46e-02	2.29374e+01
  1.08e-01	  1.51e-02	2.08771e+01
  1.08e-01	  1.56e-02	1.81428e+01
  1.08e-01	  1.61e-02	1.49653e+01
  1.08e-01	  1.67e-02	1.16153e+01
  1.08e-01	  1.72e-02	8.37418e+00
  1.08e-01	  1.77e-02	5.50574e+00
  1.08e-01	  1.82e-02	3.23139e+00
  1.08e-01	  1.88e-02	1.71083e+00
  1.08e-01	  1.93e-02	1.02872e+00
  1.08e-01	  1.98e-02	1.18836e+00
  1.08e-01	  2.03e-02	2.11328e+00
  1.08e-01	  2.08e-02	3.65677e+00
  1.08e-01	  2.14e-02	5.61786e+00
  1.08e-01	  2.19e-02	7.76176e+00
  1.08e-01	  2.24e-02	9.84261e+00
  1.08e-01	  2.29e-02	1.16270e+01
  1.08e-01	  2.34e-02	1.29168e+01
  1.08e-01	  2.40e-02	1.35698e+01
  1.08e-01	  2.45e-02	1.35157e+01
  1.08e-01	  2.50e-02	1.27649e+01
  1.08e-01	  2.55e-02	1.14083e+01
  1.08e-01	  2.60e-02	9.60572e+00
  1.08e-01	  2.66e-02	7.56687e+00
  1.08e-01	  2.71e-02	5.52608e+00
  1.08e-01	  2.76e-02	3.71704e+00
  1.08e-01	  2.81e-02	2.34967e+00
  1.08e-01	  2.86e-02	1.59120e+00
  1.08e-01	  2.92e-02	1.55209e+00
  1.08e-01	  2.97e-02	2.27749e+00
  1.08e-01	  3.02e-02	3.74507e+00
  1.08e-01	  3.07e-02	5.86935e+00
  1.08e-01	  3.13e-02	8.51186e+00
  1.08e-01	  3.18e-02	1.14951e+01
  1.08e-01	  3.23e-02	1.46180e+01
  1.08e-01	  3.28e-02	1.76715e+01
  1.08e-01	  3.33e-02	2.04517e+01
  1.08e-01	  3.39e-02	2.27713e+01
  1.08e-01	  3.44e-02	2.44677e+01
  1.08e-01	  3.49e-02	2.54081e+01
  1.08e-01	  3.54e-02	2.54929e+01
  1.08e-01	  3.59e-02	2.46567e+01
  1.08e-01	  3.65e-02	2.28711e+01
  1.08e-01	  3.70e-02	2.01491e+01
  1.08e-01	  3.75e-02	1.65499e+01
  1.08e-01	  3.80e-02	1.21828e+01
  1.08e-01	  3.85e-02	7.20403e+00
  1.08e-01	  3.91e-02	5.41389e+00
  1.08e-01	  3.96e-02	6.25966e+01
  1.08e-01	  4.01e-02	1.11649e-30
  1.08e-01	  4.06e-02	2.26113e-64
  1.08e-01	  4.11e-02	3.36464e-97
  1.08e-01	  4.17e-02	5.00595e-130
  1.08e-01	  4.22e-02	7.44686e-163
  1.08e-01	  4.27e-02	1.10765e-195
  1.08e-01	  4.32e-02	1.64729e-228
  1.08e-01	  4.37e-02	2.44955e-261
  1.08e-01	  4.43e-02	3.64209e-294
  1.08e-01	  4.48e-02	0.00000e+00
  1.08e-01	  4.53e-02	0.00000e+00
  1.08e-01	  4.58e-02	0.00000e+00
  1.08e-01	  4.64e-02	0.00000e+00
  1.08e-01	  4.69e-02	0.00000e+00
  1.08e-01	  4.74e-02	0.00000e+00
  1.08e-01	  4.79e-02	0.00000e+00
  1.08e-01	  4.84e-02	0.00000e+00
  1.08e-01	  4.90e-02	0.00000e+00
  1.08e-01	  4.95e-02	0.00000e+00

  1.09e-01	  0.00e+00	0.00000e+00
  1.09e-01	  5.21e-04	0.00000e+00
  1.09e-01	  1.04e-03	0.00000e+00
  1.09e-01	  1.56e-03	0.00000e+00
  1.09e-01	  2.08e-03	0.00000e+00
  1.09e-01	  2.60e-03	0.00000e+00
  1.09e-01	  3.12e-03	0.00000e+00
  1.09e-01	  3.65e-03	0.00000e+00
  1.09e-01	  4.17e-03	-7.62902e-293
  1.09e-01	  4.69e-03	-5.08472e-260
  1.09e-01	  5.21e-03	-3.38896e-227
  1.09e-01	  5.73e-03	-2.25875e-194
  1.09e-01	  6.25e-03	-1.50547e-161
  1.09e-01	  6.77e-03	-1.00341e-128
  1.09e-01	  7.29e-03	-6.68779e-96
  1.09e-01	  7.81e-03	-4.45748e-63
  1.09e-01	  8.33e-03	-2.97095e-30
  1.09e-01	  8.85e-03	-6.63223e+02
  1.09e-01	  9.37e-03	1.26896e-01
  1.09e-01	  9.90e-03	4.52317e+00
  1.09e-01	  1.04e-02	8.63962e+00
  1.09e-01	  1.09e-02	1.23156e+01
  1.09e-01	  1.15e-02	1.55122e+01
  1.09e-01	  1.20e-02	1.81658e+01
  1.09e-01	  1.25e-02	2.01975e+01
  1.09e-01	  1.30e-02	2.15274e+01
  1.09e-01	  1.35e-02	2.20935e+01
  1.09e-01	  1.41e-02	2.18697e+01
  1.09e-01	  1.46e-02	2.08812e+01
  1.09e-01	  1.51e-02	1.92117e+01
  1.09e-01	  1.56e-02	1.70021e+01
  1.09e-01	  1.61e-02	1.44397e+01
  1.09e-01	  1.67e-02	1.17398e+01
  1.09e-01	  1.72e-02	9.12435e+00
  1.09e-01	  1.77e-02	6.80057e+00
  1.09e-01	  1.82e-02	4.94159e+00
  1.09e-01	  1.88e-02	3.67147e+00
  1.09e-01	  1.93e-02	3.05501e+00
  1.09e-01	  1.98e-02	3.09311e+00
  1.09e-01	  2.03e-02	3.72448e+00
  1.09e-01	  2.08e-02	4.83343e+00
  1.09e-01	  2.14e-02	6.26275e+00
  1.09e-01	  2.19e-02	7.83026e+00
  1.09e-01	  2.24e-02	9.34720e+00
  1.09e-01	  2.29e-02	1.06370e+01
  1.09e-01	  2.34e-02	1.15527e+01
  1.09e-01	  2.40e-02	1.19927e+01
  1.09e-01	  2.45e-02	1.19111e+01
  1.09e-01	  2.50e-02	1.13227e+01
  1.09e-01	  2.55e-02	1.03018e+01
  1.09e-01	  2.60e-02	8.97211e+00
  1.09e-01	  2.66e-02	7.49263e+00
  1.09e-01	  2.71e-02	6.03930e+00
  1.09e-01	  2.76e-02	4.78636e+00
  1.09e-01	  2.81e-02	3.88929e+00
  1.09e-01	  2.86e-02	3.47068e+00
  1.09e-01	  2.92e-02	3.60984e+00
  1.09e-01	  2.97e-02	4.33663e+00
  1.09e-01	  3.02e-02	5.63010e+00
  1.09e-01	  3.07e-02	7.42173e+00
  1.09e-01	  3.13e-02	9.60277e+00
  1.09e-01	  3.18e-02	1.20343e+01
  1.09e-01	  3.23e-02	1.45589e+01
  1.09e-01	  3.28e-02	1.70113e+01
  1.09e-01	  3.33e-02	1.92293e+01
  1.09e-01	  3.39e-02	2.10611e+01
  1.09e-01	  3.44e-02	2.23723e+01
  1.09e-01	  3.49e-02	2.30489e+01
  1.09e-01	  3.54e-02	2.30010e+01
  1.09e-01	  3.59e-02	2.21653e+01
  1.09e-01	  3.65e-02	2.05090e+01
  1.09e-01	  3.70e-02	1.80358e+01
  1.09e-01	  3.75e-02	1.47929e+01
  1.09e-01	  3.80e-02	1.08750e+01
  1.09e-01	  3.85e-02	6.42275e+00
  1.09e-01	  3.91e-02	4.84249e+00
  1.09e-01	  3.96e-02	7.15054e+01
  1.09e-01	  4.01e-02	9.25688e-31
  1.09e-01	  4.06e-02	2.64578e-64
  1.09e-01	  4.11e-02	3.93988e-97
  1.09e-01	  4.17e-02	5.86620e-130
  1.09e-01	  4.22e-02	8.73330e-163
  1.09e-01	  4.27e-02	1.30001e-195
  1.09e-01	  4.32e-02	1.93495e-228
  1.09e-01	  4.37e-02	2.87968e-261
  1.09e-01	  4.43e-02	4.28523e-294
  1.09e-01	  4.48e-02	0.00000e+00
  1.09e-01	  4.53e-02	0.00000e+00
  1.09e-01	  4.58e-02	0.00000e+00
  1.09e-01	  4.64e-02	0.00000e+00
  1.09e-01	  4.69e-02	0.00000e+00
  1.09e-01	  4.74e-02	0.00000e+00
  1.09e-01	  4.79e-02	0.00000e+00
  1.09e-01	  4.84e-02	0.00000e+00
  1.09e-01	  4.90e-02	0.00000e+00
  1.09e-01	  4.95e-02	0.00000e+00

  1.09e-01	  0.00e+00	0.00000e+00
  1.09e-01	  5.21e-04	0.00000e+00
  1.09e-01	  1.04e-03	0.00000e+00
  1.09e-01	  1.56e-03	0.00000e+00
  1.09e-01	  2.08e-03	0.00000e+00
  1.09e-01	  2.60e-03	0.00000e+00
  1.09e-01	  3.12e-03	0.00000e+00
  1.09e-01	  3.65e-03	0.00000e+00
  1.09e-01	  4.17e-03	-7.53582e-293
  1.09e-01	  4.69e-03	-5.02250e-260
  1.09e-01	  5.21e-03	-3.34743e-227
  1.09e-01	  5.73e-03	-2.23102e-194
  1.09e-01	  6.25e-03	-1.48696e-161
  1.09e-01	  6.77e-03	-9.91049e-129
  1.09e-01	  7.29e-03	-6.60530e-96
  1.09e-01	  7.81e-03	-4.40241e-63
  1.09e-01	  8.33e-03	-2.93419e-30
  1.09e-01	  8.85e-03	-6.57035e+02
  1.09e-01	  9.37e-03	-9.69714e-01
  1.09e-01	  9.90e-03	3.72094e+00
  1.09e-01	  1.04e-02	7.61171e+00
  1.09e-01	  1.09e-02	1.10650e+01
  1.09e-01	  1.15e-02	1.40410e+01
  1.09e-01	  1.20e-02	1.64881e+01
  1.09e-01	  1.25e-02	1.83489e+01
  1.09e-01	  1.30e-02	1.95713e+01
  1.09e-01	  1.35e-02	2.01202e+01
  1.09e-01	  1.41e-02	1.99907e+01
  1.09e-01	  1.46e-02	1.92175e+01
  1.09e-01	  1.51e-02	1.78789e+01
  1.09e-01	  1.56e-02	1.60956e+01
  1.09e-01	  1.61e-02	1.40217e+01
  1.09e-01	  1.67e-02	1.18312e+01
  1.09e-01	  1.72e-02	9.70143e+00
  1.09e-01	  1.77e-02	7.79721e+00
  1.09e-01	  1.82e-02	6.25554e+00
  1.09e-01	  1.88e-02	5.17415e+00
  1.09e-01	  1.93e-02	4.60369e+00
  1.09e-01	  1.98e-02	4.54445e+00
  1.09e-01	  2.03e-02	4.94803e+00
  1.09e-01	  2.08e-02	5.72378e+00
  1.09e-01	  2.14e-02	6.74921e+00
  1.09e-01	  2.19e-02	7.88333e+00
  1.09e-01	  2.24e-02	8.98135e+00
  1.09e-01	  2.29e-02	9.90950e+00
  1.09e-01	  2.34e-02	1.05587e+01
  1.09e-01	  2.40e-02	1.08555e+01
  1.09e-01	  2.45e-02	1.07700e+01
  1.09e-01	  2.50e-02	1.03183e+01
  1.09e-01	  2.55e-02	9.56010e+00
  1.09e-01	  2.60e-02	8.59160e+00
  1.09e-01	  2.66e-02	7.53388e+00
  1.09e-01	  2.71e-02	6.51958e+00
  1.09e-01	  2.76e-02	5.67898e+00
  1.09e-01	  2.81e-02	5.12734e+00
  1.09e-01	  2.86e-02	4.95433e+00
  1.09e-01	  2.92e-02	5.21634e+00
  1.09e-01	  2.97e-02	5.93207e+00
  1.09e-01	  3.02e-02	7.08160e+00
  1.09e-01	  3.07e-02	8.60885e+00
  1.09e-01	  3.13e-02	1.04270e+01
  1.09e-01	  3.18e-02	1.24259e+01
  1.09e-01	  3.23e-02	1.44803e+01
  1.09e-01	  3.28e-02	1.64585e+01
  1.09e-01	  3.33e-02	1.82295e+01
  1.09e-01	  3.39e-02	1.96691e+01
  1.09e-01	  3.44e-02	2.06651e+01
  1.09e-01	  3.49e-02	2.11199e+01
  1.09e-01	  3.54e-02	2.09542e+01
  1.09e-01	  3.59e-02	2.01095e+01
  1.09e-01	  3.65e-02	1.85535e+01
  1.09e-01	  3.70e-02	1.62859e+01
  1.09e-01	  3.75e-02	1.33458e+01
  1.09e-01	  3.80e-02	9.81545e+00
  1.09e-01	  3.85e-02	5.82009e+00
  1.09e-01	  3.91e-02	4.47092e+00
  1.09e-01	  3.96e-02	7.86775e+01
  1.09e-01	  4.01e-02	7.91168e-31
  1.09e-01	  4.06e-02	2.96341e-64
  1.09e-01	  4.11e-02	4.41488e-97
  1.09e-01	  4.17e-02	6.57651e-130
  1.09e-01	  4.22e-02	9.79545e-163
  1.09e-01	  4.27e-02	1.45884e-195
  1.09e-01	  4.32e-02	2.17243e-228
  1.09e-01	  4.37e-02	3.23476e-261
  1.09e-01	  4.43e-02	4.81615e-294
  1.09e-01	  4.48e-02	0.00000e+00
  1.09e-01	  4.53e-02	0.00000e+00
  1.09e-01	  4.58e-02	0.00000e+00
  1.09e-01	  4.64e-02	0.00000e+00
  1.09e-01	  4.69e-02	0.00000e+00
  1.09e-01	  4.74e-02	0.00000e+00
  1.09e-01	  4.79e-02	0.00000e+00
  1.09e-01	  4.84e-02	0.00000e+00
  1.09e-01	  4.90e-02	0.00000e+00
  1.09e-01	  4.95e-02	0.00000e+00

  1.10e-01	  0.00e+00	0.00000e+00
  1.10e-01	  5.21e-04	0.00000e+00
  1.10e-01	  1.04e-03	0.00000e+00
  1.10e-01	  1.56e-03	0.00000e+00
  1.10e-01	  2.08e-03	0.00000e+00
  1.10e-01	  2.60e-03	0.00000e+00
  1.10e-01	  3.12e-03	0.00000e+00
  1.10e-01	  3.65e-03	0.00000e+00
  1.10e-01	  4.17e-03	-7.44937e-293
  1.10e-01	  4.69e-03	-4.96480e-260
  1.10e-01	  5.21e-03	-3.30891e-227
  1.10e-01	  5.73e-03	-2.20532e-194
  1.10e-01	  6.25e-03	-1.46980e-161
  1.10e-01	  6.77e-03	-9.79598e-129
  1.10e-01	  7.29e-03	-6.52886e-96
  1.10e-01	  7.81e-03	-4.35139e-63
  1.10e-01	  8.33e-03	-2.90014e-30
  1.10e-01	  8.85e-03	-6.51289e+02
  1.10e-01	  9.37e-03	-1.95431e+00
  1.10e-01	  9.90e-03	2.97756e+00
  1.10e-01	  1.04e-02	6.65044e+00
  1.10e-01	  1.09e-02	9.90144e+00
  1.10e-01	  1.15e-02	1.26924e+01
  1.10e-01	  1.20e-02	1.49803e+01
  1.10e-01	  1.25e-02	1.67226e+01
  1.10e-01	  1.30e-02	1.78848e+01
  1.10e-01	  1.35e-02	1.84491e+01
  1.10e-01	  1.41e-02	1.84229e+01
  1.10e-01	  1.46e-02	1.78445e+01
  1.10e-01	  1.51e-02	1.67864e+01
  1.10e-01	  1.56e-02	1.53522e+01
  1.10e-01	  1.61e-02	1.36704e+01
  1.10e-01	  1.67e-02	1.18833e+01
  1.10e-01	  1.72e-02	1.01349e+01
  1.10e-01	  1.77e-02	8.55781e+00
  1.10e-01	  1.82e-02	7.26207e+00
  1.10e-01	  1.88e-02	6.32599e+00
  1.10e-01	  1.93e-02	5.79026e+00
  1.10e-01	  1.98e-02	5.65566e+00
  1.10e-01	  2.03e-02	5.88466e+00
  1.10e-01	  2.08e-02	6.40673e+00
  1.10e-01	  2.14e-02	7.12682e+00
  1.10e-01	  2.19e-02	7.93603e+00
  1.10e-01	  2.24e-02	8.72334e+00
  1.10e-01	  2.29e-02	9.38729e+00
  1.10e-01	  2.34e-02	9.84646e+00
  1.10e-01	  2.40e-02	1.00477e+01
  1.10e-01	  2.45e-02	9.97146e+00
  1.10e-01	  2.50e-02	9.63309e+00
  1.10e-01	  2.55e-02	9.08063e+00
  1.10e-01	  2.60e-02	8.38872e+00
  1.10e-01	  2.66e-02	7.64992e+00
  1.10e-01	  2.71e-02	6.96451e+00
  1.10e-01	  2.76e-02	6.43008e+00
  1.10e-01	  2.81e-02	6.13201e+00
  1.10e-01	  2.86e-02	6.13562e+00
  1.10e-01	  2.92e-02	6.48038e+00
  1.10e-01	  2.97e-02	7.17680e+00
  1.10e-01	  3.02e-02	8.20575e+00
  1.10e-01	  3.07e-02	9.52042e+00
  1.10e-01	  3.13e-02	1.10503e+01
  1.10e-01	  3.18e-02	1.27067e+01
  1.10e-01	  3.23e-02	1.43888e+01
  1.10e-01	  3.28e-02	1.59900e+01
  1.10e-01	  3.33e-02	1.74034e+01
  1.10e-01	  3.39e-02	1.85266e+01
  1.10e-01	  3.44e-02	1.92654e+01
  1.10e-01	  3.49e-02	1.95363e+01
  1.10e-01	  3.54e-02	1.92700e+01
  1.10e-01	  3.59e-02	1.84145e+01
  1.10e-01	  3.65e-02	1.69397e+01
  1.10e-01	  3.70e-02	1.48441e+01
  1.10e-01	  3.75e-02	1.21605e+01
  1.10e-01	  3.80e-02	8.96076e+00
  1.10e-01	  3.85e-02	5.35523e+00
  1.10e-01	  3.91e-02	4.23562e+00
  1.10e-01	  3.96e-02	8.43509e+01
  1.10e-01	  4.01e-02	6.94591e-31
  1.10e-01	  4.06e-02	3.21930e-64
  1.10e-01	  4.11e-02	4.79749e-97
  1.10e-01	  4.17e-02	7.14857e-130
  1.10e-01	  4.22e-02	1.06507e-162
  1.10e-01	  4.27e-02	1.58670e-195
  1.10e-01	  4.32e-02	2.36359e-228
  1.10e-01	  4.37e-02	3.52054e-261
  1.10e-01	  4.43e-02	5.24337e-294
  1.10e-01	  4.48e-02	0.00000e+00
  1.10e-01	  4.53e-02	0.00000e+00
  1.10e-01	  4.58e-02	0.00000e+00
  1.10e-01	  4.64e-02	0.00000e+00
  1.10e-01	  4.69e-02	0.00000e+00
  1.10e-01	  4.74e-02	0.00000e+00
  1.10e-01	  4.79e-02	0.00000e+00
  1.10e-01	  4.84e-02	0.00000e+00
  1.10e-01	  4.90e-02	0.00000e+00
  1.10e-01	  4.95e-02	0.00000e+00

  1.11e-01	  0.00e+00	0.00000e+00
  1.11e-01	  5.21e-04	0.00000e+00
  1.11e-01	  1.04e-03	0.00000e+00
  1.11e-01	  1.56e-03	0.00000e+00
  1.11e-01	  2.08e-03	0.00000e+00
  1.11e-01	  2.60e-03	0.00000e+00
  1.11e-01	  3.12e-03	0.00000e+00
  1.11e-01	  3.65e-03	0.00000e+00
  1.11e-01	  4.17e-03	-7.37027e-293
  1.11e-01	  4.69e-03	-4.91201e-260
  1.11e-01	  5.21e-03	-3.27368e-227
  1.11e-01	  5.73e-03	-2.18181e-194
  1.11e-01	  6.25e-03	-1.45411e-161
  1.11e-01	  6.77e-03	-9.69124e-129
  1.11e-01	  7.29e-03	-6.45896e-96
  1.11e-01	  7.81e-03	-4.30474e-63
  1.11e-01	  8.33e-03	-2.86900e-30
  1.11e-01	  8.85e-03	-6.46022e+02
  1.11e-01	  9.37e-03	-2.84660e+00
  1.11e-01	  9.90e-03	2.29581e+00
  1.11e-01	  1.04e-02	5.76694e+00
  1.11e-01	  1.09e-02	8.83716e+00
  1.11e-01	  1.15e-02	1.14714e+01
  1.11e-01	  1.20e-02	1.36338e+01
  1.11e-01	  1.25e-02	1.52918e+01
  1.11e-01	  1.30e-02	1.64227e+01
  1.11e-01	  1.35e-02	1.70192e+01
  1.11e-01	  1.41e-02	1.70953e+01
  1.11e-01	  1.46e-02	1.66904e+01
  1.11e-01	  1.51e-02	1.58699e+01
  1.11e-01	  1.56e-02	1.47236e+01
  1.11e-01	  1.61e-02	1.33595e+01
  1.11e-01	  1.67e-02	1.18957e+01
  1.11e-01	  1.72e-02	1.04504e+01
  1.11e-01	  1.77e-02	9.13189e+00
  1.11e-01	  1.82e-02	8.03004e+00
  1.11e-01	  1.88e-02	7.20876e+00
  1.11e-01	  1.93e-02	6.70180e+00
  1.11e-01	  1.98e-02	6.51106e+00
  1.11e-01	  2.03e-02	6.60809e+00
  1.11e-01	  2.08e-02	6.93853e+00
  1.11e-01	  2.14e-02	7.42890e+00
  1.11e-01	  2.19e-02	7.99529e+00
  1.11e-01	  2.24e-02	8.55260e+00
  1.11e-01	  2.29e-02	9.02378e+00
  1.11e-01	  2.34e-02	9.34785e+00
  1.11e-01	  2.40e-02	9.48611e+00
  1.11e-01	  2.45e-02	9.42582e+00
  1.11e-01	  2.50e-02	9.18087e+00
  1.11e-01	  2.55e-02	8.78964e+00
  1.11e-01	  2.60e-02	8.31011e+00
  1.11e-01	  2.66e-02	7.81314e+00
  1.11e-01	  2.71e-02	7.37465e+00
  1.11e-01	  2.76e-02	7.06775e+00
  1.11e-01	  2.81e-02	6.95554e+00
  1.11e-01	  2.86e-02	7.08519e+00
  1.11e-01	  2.92e-02	7.48368e+00
  1.11e-01	  2.97e-02	8.15545e+00
  1.11e-01	  3.02e-02	9.08209e+00
  1.11e-01	  3.07e-02	1.02237e+01
  1.11e-01	  3.13e-02	1.15222e+01
  1.11e-01	  3.18e-02	1.29048e+01
  1.11e-01	  3.23e-02	1.42894e+01
  1.11e-01	  3.28e-02	1.55888e+01
  1.11e-01	  3.33e-02	1.67147e+01
  1.11e-01	  3.39e-02	1.75820e+01
  1.11e-01	  3.44e-02	1.81111e+01
  1.11e-01	  3.49e-02	1.82308e+01
  1.11e-01	  3.54e-02	1.78811e+01
  1.11e-01	  3.59e-02	1.70161e+01
  1.11e-01	  3.65e-02	1.56093e+01
  1.11e-01	  3.70e-02	1.36585e+01
  1.11e-01	  3.75e-02	1.11919e+01
  1.11e-01	  3.80e-02	8.27201e+00
  1.11e-01	  3.85e-02	4.99589e+00
  1.11e-01	  3.91e-02	4.09279e+00
  1.11e-01	  3.96e-02	8.87552e+01
  1.11e-01	  4.01e-02	6.23422e-31
  1.11e-01	  4.06e-02	3.42051e-64
  1.11e-01	  4.11e-02	5.09823e-97
  1.11e-01	  4.17e-02	7.59808e-130
  1.11e-01	  4.22e-02	1.13226e-162
  1.11e-01	  4.27e-02	1.68712e-195
  1.11e-01	  4.32e-02	2.51366e-228
  1.11e-01	  4.37e-02	3.74482e-261
  1.11e-01	  4.43e-02	5.57855e-294
  1.11e-01	  4.48e-02	0.00000e+00
  1.11e-01	  4.53e-02	0.00000e+00
  1.11e-01	  4.58e-02	0.00000e+00
  1.11e-01	  4.64e-02	0.00000e+00
  1.11e-01	  4.69e-02	0.00000e+00
  1.11e-01	  4.74e-02	0.00000e+00
  1.11e-01	  4.79e-02	0.00000e+00
  1.11e-01	  4.84e-02	0.00000e+00
  1.11e-01	  4.90e-02	0.00000e+00
  1.11e-01	  4.95e-02	0.00000e+00

  1.12e-01	  0.00e+00	0.00000e+00
  1.12e-01	  5.21e-04	0.00000e+00
  1.12e-01	  1.04e-03	0.00000e+00
  1.12e-01	  1.56e-03	0.00000e+00
  1.12e-01	  2.08e-03	0.00000e+00
  1.12e-01	  2.60e-03	0.00000e+00
  1.12e-01	  3.12e-03	0.00000e+00
  1.12e-01	  3.65e-03	0.00000e+00
  1.12e-01	  4.17e-03	-7.29838e-293
  1.12e-01	  4.69e-03	-4.86403e-260
  1.12e-01	  5.21e-03	-3.24167e-227
  1.12e-01	  5.73e-03	-2.16044e-194
  1.12e-01	  6.25e-03	-1.43985e-161
  1.12e-01	  6.77e-03	-9.59607e-129
  1.12e-01	  7.29e-03	-6.39544e-96
  1.12e-01	  7.81e-03	-4.26234e-63
  1.12e-01	  8.33e-03	-2.84071e-30
  1.12e-01	  8.85e-03	-6.41224e+02
  1.12e-01	  9.37e-03	-3.66458e+00
  1.12e-01	  9.90e-03	1.67259e+00
  1.12e-01	  1.04e-02	4.96196e+00
  1.12e-01	  1.09e-02	7.87254e+00
  1.12e-01	  1.15e-02	1.03735e+01
  1.12e-01	  1.20e-02	1.24346e+01
  1.12e-01	  1.25e-02	1.40311e+01
  1.12e-01	  1.30e-02	1.51478e+01
  1.12e-01	  1.35e-02	1.57837e+01
  1.12e-01	  1.41e-02	1.59563e+01
  1.12e-01	  1.46e-02	1.57036e+01
  1.12e-01	  1.51e-02	1.50847e+01
  1.12e-01	  1.56e-02	1.41773e+01
  1.12e-01	  1.61e-02	1.30731e+01
  1.12e-01	  1.67e-02	1.18712e+01
  1.12e-01	  1.72e-02	1.06698e+01
  1.12e-01	  1.77e-02	9.55886e+00
  1.12e-01	  1.82e-02	8.61273e+00
  1.12e-01	  1.88e-02	7.88476e+00
  1.12e-01	  1.93e-02	7.40384e+00
  1.12e-01	  1.98e-02	7.17330e+00
  1.12e-01	  2.03e-02	7.17225e+00
  1.12e-01	  2.08e-02	7.35923e+00
  1.12e-01	  2.14e-02	7.67782e+00
  1.12e-01	  2.19e-02	8.06349e+00
  1.12e-01	  2.24e-02	8.45107e+00
  1.12e-01	  2.29e-02	8.78198e+00
  1.12e-01	  2.34e-02	9.01045e+00
  1.12e-01	  2.40e-02	9.10816e+00
  1.12e-01	  2.45e-02	9.06685e+00
  1.12e-01	  2.50e-02	8.89863e+00
  1.12e-01	  2.55e-02	8.63402e+00
  1.12e-01	  2.60e-02	8.31803e+00
  1.12e-01	  2.66e-02	8.00491e+00
  1.12e-01	  2.71e-02	7.75213e+00
  1.12e-01	  2.76e-02	7.61434e+00
  1.12e-01	  2.81e-02	7.63793e+00
  1.12e-01	  2.86e-02	7.85648e+00
  1.12e-01	  2.92e-02	8.28769e+00
  1.12e-01	  2.97e-02	8.93156e+00
  1.12e-01	  3.02e-02	9.77028e+00
  1.12e-01	  3.07e-02	1.07693e+01
  1.12e-01	  3.13e-02	1.18798e+01
  1.12e-01	  3.18e-02	1.30415e+01
  1.12e-01	  3.23e-02	1.41865e+01
  1.12e-01	  3.28e-02	1.52424e+01
  1.12e-01	  3.33e-02	1.61359e+01
  1.12e-01	  3.39e-02	1.67955e+01
  1.12e-01	  3.44e-02	1.71538e+01
  1.12e-01	  3.49e-02	1.71500e+01
  1.12e-01	  3.54e-02	1.67321e+01
  1.12e-01	  3.59e-02	1.58605e+01
  1.12e-01	  3.65e-02	1.45116e+01
  1.12e-01	  3.70e-02	1.26833e+01
  1.12e-01	  3.75e-02	1.04001e+01
  1.12e-01	  3.80e-02	7.71634e+00
  1.12e-01	  3.85e-02	4.71717e+00
  1.12e-01	  3.91e-02	4.01266e+00
  1.12e-01	  3.96e-02	9.20990e+01
  1.12e-01	  4.01e-02	5.69249e-31
  1.12e-01	  4.06e-02	3.57452e-64
  1.12e-01	  4.11e-02	5.32832e-97
  1.12e-01	  4.17e-02	7.94180e-130
  1.12e-01	  4.22e-02	1.18360e-162
  1.12e-01	  4.27e-02	1.76382e-195
  1.12e-01	  4.32e-02	2.62823e-228
  1.12e-01	  4.37e-02	3.91597e-261
  1.12e-01	  4.43e-02	5.83419e-294
  1.12e-01	  4.48e-02	0.00000e+00
  1.12e-01	  4.53e-02	0.00000e+00
  1.12e-01	  4.58e-02	0.00000e+00
  1.12e-01	  4.64e-02	0.00000e+00
  1.12e-01	  4.69e-02	0.00000e+00
  1.12e-01	  4.74e-02	0.00000e+00
  1.12e-01	  4.79e-02	0.00000e+00
  1.12e-01	  4.84e-02	0.00000e+00
  1.12e-01	  4.90e-02	0.00000e+00
  1.12e-01	  4.95e-02	0.00000e+00

  1.12e-01	  0.00e+00	0.00000e+00
  1.12e-01	  5.21e-04	0.00000e+00
  1.12e-01	  1.04e-03	0.00000e+00
  1.12e-01	  1.56e-03	0.00000e+00
  1.12e-01	  2.08e-03	0.00000e+00
  1.12e-01	  2.60e-03	0.00000e+00
  1.12e-01	  3.12e-03	0.00000e+00
  1.12e-01	  3.65e-03	0.00000e+00
  1.12e-01	  4.17e-03	-7.23317e-293
  1.12e-01	  4.69e-03	-4.82051e-260
  1.12e-01	  5.21e-03	-3.21262e-227
  1.12e-01	  5.73e-03	-2.14105e-194
  1.12e-01	  6.25e-03	-1.42691e-161
  1.12e-01	  6.77e-03	-9.50973e-129
  1.12e-01	  7.29e-03	-6.33782e-96
  1.12e-01	  7.81e-03	-4.22389e-63
  1.12e-01	  8.33e-03	-2.81504e-30
  1.12e-01	  8.85e-03	-6.36861e+02
  1.12e-01	  9.37e-03	-4.42355e+00
  1.12e-01	  9.90e-03	1.10218e+00
  1.12e-01	  1.04e-02	4.23083e+00
  1.12e-01	  1.09e-02	7.00175e+00
  1.12e-01	  1.15e-02	9.38883e+00
  1.12e-01	  1.20e-02	1.13672e+01
  1.12e-01	  1.25e-02	1.29174e+01
  1.12e-01	  1.30e-02	1.40296e+01
  1.12e-01	  1.35e-02	1.47067e+01
  1.12e-01	  1.41e-02	1.49673e+01
  1.12e-01	  1.46e-02	1.48472e+01
  1.12e-01	  1.51e-02	1.43994e+01
  1.12e-01	  1.56e-02	1.36914e+01
  1.12e-01	  1.61e-02	1.28017e+01
  1.12e-01	  1.67e-02	1.18143e+01
  1.12e-01	  1.72e-02	1.08118e+01
  1.12e-01	  1.77e-02	9.86997e+00
  1.12e-01	  1.82e-02	9.05137e+00
  1.12e-01	  1.88e-02	8.40145e+00
  1.12e-01	  1.93e-02	7.94571e+00
  1.12e-01	  1.98e-02	7.68899e+00
  1.12e-01	  2.03e-02	7.61662e+00
  1.12e-01	  2.08e-02	7.69751e+00
  1.12e-01	  2.14e-02	7.88862e+00
  1.12e-01	  2.19e-02	8.14056e+00
  1.12e-01	  2.24e-02	8.40351e+00
  1.12e-01	  2.29e-02	8.63291e+00
  1.12e-01	  2.34e-02	8.79434e+00
  1.12e-01	  2.40e-02	8.86698e+00
  1.12e-01	  2.45e-02	8.84556e+00
  1.12e-01	  2.50e-02	8.74033e+00
  1.12e-01	  2.55e-02	8.57544e+00
  1.12e-01	  2.60e-02	8.38576e+00
  1.12e-01	  2.66e-02	8.21276e+00
  1.12e-01	  2.71e-02	8.09982e+00
  1.12e-01	  2.76e-02	8.08761e+00
  1.12e-01	  2.81e-02	8.20986e+00
  1.12e-01	  2.86e-02	8.48999e+00
  1.12e-01	  2.92e-02	8.93874e+00
  1.12e-01	  2.97e-02	9.55288e+00
  1.12e-01	  3.02e-02	1.03152e+01
  1.12e-01	  3.07e-02	1.11952e+01
  1.12e-01	  3.13e-02	1.21514e+01
  1.12e-01	  3.18e-02	1.31330e+01
  1.12e-01	  3.23e-02	1.40831e+01
  1.12e-01	  3.28e-02	1.49412e+01
  1.12e-01	  3.33e-02	1.56457e+01
  1.12e-01	  3.39e-02	1.61361e+01
  1.12e-01	  3.44e-02	1.63551e+01
  1.12e-01	  3.49e-02	1.62507e+01
  1.12e-01	  3.54e-02	1.57780e+01
  1.12e-01	  3.59e-02	1.49025e+01
  1.12e-01	  3.65e-02	1.36037e+01
  1.12e-01	  3.70e-02	1.18796e+01
  1.12e-01	  3.75e-02	9.75143e+00
  1.12e-01	  3.80e-02	7.26671e+00
  1.12e-01	  3.85e-02	4.50009e+00
  1.12e-01	  3.91e-02	3.97524e+00
  1.12e-01	  3.96e-02	9.45646e+01
  1.12e-01	  4.01e-02	5.26504e-31
  1.12e-01	  4.06e-02	3.68854e-64
  1.12e-01	  4.11e-02	5.49852e-97
  1.12e-01	  4.17e-02	8.19586e-130
  1.12e-01	  4.22e-02	1.22152e-162
  1.12e-01	  4.27e-02	1.82042e-195
  1.12e-01	  4.32e-02	2.71272e-228
  1.12e-01	  4.37e-02	4.04206e-261
  1.12e-01	  4.43e-02	6.02238e-294
  1.12e-01	  4.48e-02	0.00000e+00
  1.12e-01	  4.53e-02	0.00000e+00
  1.12e-01	  4.58e-02	0.00000e+00
  1.12e-01	  4.64e-02	0.00000e+00
  1.12e-01	  4.69e-02	0.00000e+00
  1.12e-01	  4.74e-02	0.00000e+00
  1.12e-01	  4.79e-02	0.00000e+00
  1.12e-01	  4.84e-02	0.00000e+00
  1.12e-01	  4.90e-02	0.00000e+00
  1.12e-01	  4.95e-02	0.00000e+00

  1.13e-01	  0.00e+00	0.00000e+00
  1.13e-01	  5.21e-04	0.00000e+00
  1.13e-01	  1.04e-03	0.00000e+00
  1.13e-01	  1.56e-03	0.00000e+00
  1.13e-01	  2.08e-03	0.00000e+00
  1.13e-01	  2.60e-03	0.00000e+00
  1.13e-01	  3.12e-03	0.00000e+00
  1.13e-01	  3.65e-03	0.00000e+00
  1.13e-01	  4.17e-03	-7.17395e-293
  1.13e-01	  4.69e-03	-4.78099e-260
  1.13e-01	  5.21e-03	-3.18624e-227
  1.13e-01	  5.73e-03	-2.12345e-194
  1.13e-01	  6.25e-03	-1.41516e-161
  1.13e-01	  6.77e-03	-9.43131e-129
  1.13e-01	  7.29e-03	-6.28548e-96
  1.13e-01	  7.81e-03	-4.18895e-63
  1.13e-01	  8.33e-03	-2.79173e-30
  1.13e-01	  8.85e-03	-6.32888e+02
  1.13e-01	  9.37e-03	-5.13608e+00
  1.13e-01	  9.90e-03	5.77974e-01
  1.13e-01	  1.04e-02	3.56645e+00
  1.13e-01	  1.09e-02	6.21608e+00
  1.13e-01	  1.15e-02	8.50579e+00
  1.13e-01	  1.20e-02	1.04154e+01
  1.13e-01	  1.25e-02	1.19299e+01
  1.13e-01	  1.30e-02	1.30430e+01
  1.13e-01	  1.35e-02	1.37599e+01
  1.13e-01	  1.41e-02	1.40992e+01
  1.13e-01	  1.46e-02	1.40941e+01
  1.13e-01	  1.51e-02	1.37917e+01
  1.13e-01	  1.56e-02	1.32511e+01
  1.13e-01	  1.61e-02	1.25400e+01
  1.13e-01	  1.67e-02	1.17301e+01
  1.13e-01	  1.72e-02	1.08920e+01
  1.13e-01	  1.77e-02	1.00900e+01
  1.13e-01	  1.82e-02	9.37790e+00
  1.13e-01	  1.88e-02	8.79505e+00
  1.13e-01	  1.93e-02	8.36460e+00
  1.13e-01	  1.98e-02	8.09284e+00
  1.13e-01	  2.03e-02	7.97022e+00
  1.13e-01	  2.08e-02	7.97392e+00
  1.13e-01	  2.14e-02	8.07148e+00
  1.13e-01	  2.19e-02	8.22531e+00
  1.13e-01	  2.24e-02	8.39745e+00
  1.13e-01	  2.29e-02	8.55406e+00
  1.13e-01	  2.34e-02	8.66920e+00
  1.13e-01	  2.40e-02	8.72754e+00
  1.13e-01	  2.45e-02	8.72574e+00
  1.13e-01	  2.50e-02	8.67231e+00
  1.13e-01	  2.55e-02	8.58624e+00
  1.13e-01	  2.60e-02	8.49443e+00
  1.13e-01	  2.66e-02	8.42845e+00
  1.13e-01	  2.71e-02	8.42086e+00
  1.13e-01	  2.76e-02	8.50164e+00
  1.13e-01	  2.81e-02	8.69494e+00
  1.13e-01	  2.86e-02	9.01650e+00
  1.13e-01	  2.92e-02	9.47184e+00
  1.13e-01	  2.97e-02	1.00554e+01
  1.13e-01	  3.02e-02	1.07505e+01
  1.13e-01	  3.07e-02	1.15300e+01
  1.13e-01	  3.13e-02	1.23579e+01
  1.13e-01	  3.18e-02	1.31911e+01
  1.13e-01	  3.23e-02	1.39814e+01
  1.13e-01	  3.28e-02	1.46775e+01
  1.13e-01	  3.33e-02	1.52273e+01
  1.13e-01	  3.39e-02	1.55792e+01
  1.13e-01	  3.44e-02	1.56845e+01
  1.13e-01	  3.49e-02	1.54981e+01
  1.13e-01	  3.54e-02	1.49815e+01
  1.13e-01	  3.59e-02	1.41046e+01
  1.13e-01	  3.65e-02	1.28496e+01
  1.13e-01	  3.70e-02	1.12146e+01
  1.13e-01	  3.75e-02	9.21795e+00
  1.13e-01	  3.80e-02	6.90129e+00
  1.13e-01	  3.85e-02	4.33030e+00
  1.13e-01	  3.91e-02	3.96716e+00
  1.13e-01	  3.96e-02	9.63083e+01
  1.13e-01	  4.01e-02	4.91528e-31
  1.13e-01	  4.06e-02	3.76913e-64
  1.13e-01	  4.11e-02	5.61866e-97
  1.13e-01	  4.17e-02	8.37495e-130
  1.13e-01	  4.22e-02	1.24822e-162
  1.13e-01	  4.27e-02	1.86022e-195
  1.13e-01	  4.32e-02	2.77204e-228
  1.13e-01	  4.37e-02	4.13048e-261
  1.13e-01	  4.43e-02	6.15417e-294
  1.13e-01	  4.48e-02	0.00000e+00
  1.13e-01	  4.53e-02	0.00000e+00
  1.13e-01	  4.58e-02	0.00000e+00
  1.13e-01	  4.64e-02	0.00000e+00
  1.13e-01	  4.69e-02	0.00000e+00
  1.13e-01	  4.74e-02	0.00000e+00
  1.13e-01	  4.79e-02	0.00000e+00
  1.13e-01	  4.84e-02	0.00000e+00
  1.13e-01	  4.90e-02	0.00000e+00
  1.13e-01	  4.95e-02	0.00000e+00

  1.14e-01	  0.00e+00	0.00000e+00
  1.14e-01	  5.21e-04	0.00000e+00
  1.14e-01	  1.04e-03	0.00000e+00
  1.14e-01	  1.56e-03	0.00000e+00
  1.14e-01	  2.08e-03	0.00000e+00
  1.14e-01	  2.60e-03	0.00000e+00
  1.14e-01	  3.12e-03	0.00000e+00
  1.14e-01	  3.65e-03	0.00000e+00
  1.14e-01	  4.17e-03	-7.12001e-293
  1.14e-01	  4.69e-03	-4.74498e-260
  1.14e-01	  5.21e-03	-3.16221e-227
  1.14e-01	  5.73e-03	-2.10741e-194
  1.14e-01	  6.25e-03	-1.40446e-161
  1.14e-01	  6.77e-03	-9.35985e-129
  1.14e-01	  7.29e-03	-6.23778e-96
  1.14e-01	  7.81e-03	-4.15712e-63
  1.14e-01	  8.33e-03	-2.77048e-30
  1.14e-01	  8.85e-03	-6.29258e+02
  1.14e-01	  9.37e-03	-5.81227e+00
  1.14e-01	  9.90e-03	9.34374e-02
  1.14e-01	  1.04e-02	2.96097e+00
  1.14e-01	  1.09e-02	5.50588e+00
  1.14e-01	  1.15e-02	7.71229e+00
  1.14e-01	  1.20e-02	9.56433e+00
  1.14e-01	  1.25e-02	1.10506e+01
  1.14e-01	  1.30e-02	1.21674e+01
  1.14e-01	  1.35e-02	1.29212e+01
  1.14e-01	  1.41e-02	1.33301e+01
  1.14e-01	  1.46e-02	1.34243e+01
  1.14e-01	  1.51e-02	1.32458e+01
  1.14e-01	  1.56e-02	1.28466e+01
  1.14e-01	  1.61e-02	1.22853e+01
  1.14e-01	  1.67e-02	1.16238e+01
  1.14e-01	  1.72e-02	1.09231e+01
  1.14e-01	  1.77e-02	1.02386e+01
  1.14e-01	  1.82e-02	9.61708e+00
  1.14e-01	  1.88e-02	9.09327e+00
  1.14e-01	  1.93e-02	8.68866e+00
  1.14e-01	  1.98e-02	8.41085e+00
  1.14e-01	  2.03e-02	8.25449e+00
  1.14e-01	  2.08e-02	8.20335e+00
  1.14e-01	  2.14e-02	8.23335e+00
  1.14e-01	  2.19e-02	8.31614e+00
  1.14e-01	  2.24e-02	8.42293e+00
  1.14e-01	  2.29e-02	8.52810e+00
  1.14e-01	  2.34e-02	8.61211e+00
  1.14e-01	  2.40e-02	8.66366e+00
  1.14e-01	  2.45e-02	8.68064e+00
  1.14e-01	  2.50e-02	8.66997e+00
  1.14e-01	  2.55e-02	8.64646e+00
  1.14e-01	  2.60e-02	8.63072e+00
  1.14e-01	  2.66e-02	8.64661e+00
  1.14e-01	  2.71e-02	8.71834e+00
  1.14e-01	  2.76e-02	8.86766e+00
  1.14e-01	  2.81e-02	9.11140e+00
  1.14e-01	  2.86e-02	9.45948e+00
  1.14e-01	  2.92e-02	9.91353e+00
  1.14e-01	  2.97e-02	1.04663e+01
  1.14e-01	  3.02e-02	1.11016e+01
  1.14e-01	  3.07e-02	1.17952e+01
  1.14e-01	  3.13e-02	1.25153e+01
  1.14e-01	  3.18e-02	1.32250e+01
  1.14e-01	  3.23e-02	1.38828e+01
  1.14e-01	  3.28e-02	1.44450e+01
  1.14e-01	  3.33e-02	1.48672e+01
  1.14e-01	  3.39e-02	1.51052e+01
  1.14e-01	  3.44e-02	1.51170e+01
  1.14e-01	  3.49e-02	1.48639e+01
  1.14e-01	  3.54e-02	1.43123e+01
  1.14e-01	  3.59e-02	1.34361e+01
  1.14e-01	  3.65e-02	1.22197e+01
  1.14e-01	  3.70e-02	1.06612e+01
  1.14e-01	  3.75e-02	8.77671e+00
  1.14e-01	  3.80e-02	6.60263e+00
  1.14e-01	  3.85e-02	4.19692e+00
  1.14e-01	  3.91e-02	3.97956e+00
  1.14e-01	  3.96e-02	9.74613e+01
  1.14e-01	  4.01e-02	4.61931e-31
  1.14e-01	  4.06e-02	3.82206e-64
  1.14e-01	  4.11e-02	5.69738e-97
  1.14e-01	  4.17e-02	8.49202e-130
  1.14e-01	  4.22e-02	1.26563e-162
  1.14e-01	  4.27e-02	1.88610e-195
  1.14e-01	  4.32e-02	2.81053e-228
  1.14e-01	  4.37e-02	4.18771e-261
  1.14e-01	  4.43e-02	6.23927e-294
  1.14e-01	  4.48e-02	0.00000e+00
  1.14e-01	  4.53e-02	0.00000e+00
  1.14e-01	  4.58e-02	0.00000e+00
  1.14e-01	  4.64e-02	0.00000e+00
  1.14e-01	  4.69e-02	0.00000e+00
  1.14e-01	  4.74e-02	0.00000e+00
  1.14e-01	  4.79e-02	0.00000e+00
  1.14e-01	  4.84e-02	0.00000e+00
  1.14e-01	  4.90e-02	0.00000e+00
  1.14e-01	  4.95e-02	0.00000e+00

  1.15e-01	  0.00e+00	0.00000e+00
  1.15e-01	  5.21e-04	0.00000e+00
  1.15e-01	  1.04e-03	0.00000e+00
  1.15e-01	  1.56e-03	0.00000e+00
  1.15e-01	  2.08e-03	0.00000e+00
  1.15e-01	  2.60e-03	0.00000e+00
  1.15e-01	  3.12e-03	0.00000e+00
  1.15e-01	  3.65e-03	0.00000e+00
  1.15e-01	  4.17e-03	-7.07067e-293
  1.15e-01	  4.69e-03	-4.71205e-260
  1.15e-01	  5.21e-03	-3.14023e-227
  1.15e-01	  5.73e-03	-2.09273e-194
  1.15e-01	  6.25e-03	-1.39466e-161
  1.15e-01	  6.77e-03	-9.29444e-129
  1.15e-01	  7.29e-03	-6.19412e-96
  1.15e-01	  7.81e-03	-4.12797e-63
  1.15e-01	  8.33e-03	-2.75102e-30
  1.15e-01	  8.85e-03	-6.25927e+02
  1.15e-01	  9.37e-03	-6.46019e+00
  1.15e-01	  9.90e-03	-3.57446e-01
  1.15e-01	  1.04e-02	2.40667e+00
  1.15e-01	  1.09e-02	4.86165e+00
  1.15e-01	  1.15e-02	6.99682e+00
  1.15e-01	  1.20e-02	8.80032e+00
  1.15e-01	  1.25e-02	1.02638e+01
  1.15e-01	  1.30e-02	1.13856e+01
  1.15e-01	  1.35e-02	1.21728e+01
  1.15e-01	  1.41e-02	1.26426e+01
  1.15e-01	  1.46e-02	1.28225e+01
  1.15e-01	  1.51e-02	1.27501e+01
  1.15e-01	  1.56e-02	1.24709e+01
  1.15e-01	  1.61e-02	1.20363e+01
  1.15e-01	  1.67e-02	1.15003e+01
  1.15e-01	  1.72e-02	1.09158e+01
  1.15e-01	  1.77e-02	1.03314e+01
  1.15e-01	  1.82e-02	9.78817e+00
  1.15e-01	  1.88e-02	9.31739e+00
  1.15e-01	  1.93e-02	8.93927e+00
  1.15e-01	  1.98e-02	8.66258e+00
  1.15e-01	  2.03e-02	8.48536e+00
  1.15e-01	  2.08e-02	8.39668e+00
  1.15e-01	  2.14e-02	8.37907e+00
  1.15e-01	  2.19e-02	8.41142e+00
  1.15e-01	  2.24e-02	8.47210e+00
  1.15e-01	  2.29e-02	8.54178e+00
  1.15e-01	  2.34e-02	8.60581e+00
  1.15e-01	  2.40e-02	8.65583e+00
  1.15e-01	  2.45e-02	8.69049e+00
  1.15e-01	  2.50e-02	8.71531e+00
  1.15e-01	  2.55e-02	8.74170e+00
  1.15e-01	  2.60e-02	8.78529e+00
  1.15e-01	  2.66e-02	8.86388e+00
  1.15e-01	  2.71e-02	8.99518e+00
  1.15e-01	  2.76e-02	9.19460e+00
  1.15e-01	  2.81e-02	9.47335e+00
  1.15e-01	  2.86e-02	9.83692e+00
  1.15e-01	  2.92e-02	1.02840e+01
  1.15e-01	  2.97e-02	1.08062e+01
  1.15e-01	  3.02e-02	1.13879e+01
  1.15e-01	  3.07e-02	1.20070e+01
  1.15e-01	  3.13e-02	1.26354e+01
  1.15e-01	  3.18e-02	1.32409e+01
  1.15e-01	  3.23e-02	1.37879e+01
  1.15e-01	  3.28e-02	1.42385e+01
  1.15e-01	  3.33e-02	1.45546e+01
  1.15e-01	  3.39e-02	1.46981e+01
  1.15e-01	  3.44e-02	1.46328e+01
  1.15e-01	  3.49e-02	1.43250e+01
  1.15e-01	  3.54e-02	1.37456e+01
  1.15e-01	  3.59e-02	1.28717e+01
  1.15e-01	  3.65e-02	1.16895e+01
  1.15e-01	  3.70e-02	1.01973e+01
  1.15e-01	  3.75e-02	8.40908e+00
  1.15e-01	  3.80e-02	6.35675e+00
  1.15e-01	  3.85e-02	4.09172e+00
  1.15e-01	  3.91e-02	4.00660e+00
  1.15e-01	  3.96e-02	9.81333e+01
  1.15e-01	  4.01e-02	4.36153e-31
  1.15e-01	  4.06e-02	3.85227e-64
  1.15e-01	  4.11e-02	5.74209e-97
  1.15e-01	  4.17e-02	8.55816e-130
  1.15e-01	  4.22e-02	1.27542e-162
  1.15e-01	  4.27e-02	1.90058e-195
  1.15e-01	  4.32e-02	2.83193e-228
  1.15e-01	  4.37e-02	4.21936e-261
  1.15e-01	  4.43e-02	6.28606e-294
  1.15e-01	  4.48e-02	0.00000e+00
  1.15e-01	  4.53e-02	0.00000e+00
  1.15e-01	  4.58e-02	0.00000e+00
  1.15e-01	  4.64e-02	0.00000e+00
  1.15e-01	  4.69e-02	0.00000e+00
  1.15e-01	  4.74e-02	0.00000e+00
  1.15e-01	  4.79e-02	0.00000e+00
  1.15e-01	  4.84e-02	0.00000e+00
  1.15e-01	  4.90e-02	0.00000e+00
  1.15e-01	  4.95e-02	0.00000e+00

  1.16e-01	  0.00e+00	0.00000e+00
  1.16e-01	  5.21e-04	0.00000e+00
  1.16e-01	  1.04e-03	0.00000e+00
  1.16e-01	  1.56e-03	0.00000e+00
  1.16e-01	  2.08e-03	0.00000e+00
  1.16e-01	  2.60e-03	0.00000e+00
  1.16e-01	  3.12e-03	0.00000e+00
  1.16e-01	  3.65e-03	0.00000e+00
  1.16e-01	  4.17e-03	-7.02532e-293
  1.16e-01	  4.69e-03	-4.68177e-260
  1.16e-01	  5.21e-03	-3.12001e-227
  1.16e-01	  5.73e-03	-2.07923e-194
  1.16e-01	  6.25e-03	-1.38565e-161
  1.16e-01	  6.77e-03	-9.23427e-129
  1.16e-01	  7.29e-03	-6.15395e-96
  1.16e-01	  7.81e-03	-4.10115e-63
  1.16e-01	  8.33e-03	-2.73311e-30
  1.16e-01	  8.85e-03	-6.22856e+02
  1.16e-01	  9.37e-03	-7.08627e+00
  1.16e-01	  9.90e-03	-7.80011e-01
  1.16e-01	  1.04e-02	1.89644e+00
  1.16e-01	  1.09e-02	4.27457e+00
  1.16e-01	  1.15e-02	6.34888e+00
  1.16e-01	  1.20e-02	8.11131e+00
  1.16e-01	  1.25e-02	9.55619e+00
  1.16e-01	  1.30e-02	1.06834e+01
  1.16e-01	  1.35e-02	1.15005e+01
  1.16e-01	  1.41e-02	1.20234e+01
  1.16e-01	  1.46e-02	1.22774e+01
  1.16e-01	  1.51e-02	1.22959e+01
  1.16e-01	  1.56e-02	1.21193e+01
  1.16e-01	  1.61e-02	1.17927e+01
  1.16e-01	  1.67e-02	1.13637e+01
  1.16e-01	  1.72e-02	1.08787e+01
  1.16e-01	  1.77e-02	1.03807e+01
  1.16e-01	  1.82e-02	9.90619e+00
  1.16e-01	  1.88e-02	9.48381e+00
  1.16e-01	  1.93e-02	9.13278e+00
  1.16e-01	  1.98e-02	8.86284e+00
  1.16e-01	  2.03e-02	8.67481e+00
  1.16e-01	  2.08e-02	8.56195e+00
  1.16e-01	  2.14e-02	8.51205e+00
  1.16e-01	  2.19e-02	8.50971e+00
  1.16e-01	  2.24e-02	8.53886e+00
  1.16e-01	  2.29e-02	8.58505e+00
  1.16e-01	  2.34e-02	8.63734e+00
  1.16e-01	  2.40e-02	8.68951e+00
  1.16e-01	  2.45e-02	8.74070e+00
  1.16e-01	  2.50e-02	8.79520e+00
  1.16e-01	  2.55e-02	8.86163e+00
  1.16e-01	  2.60e-02	8.95164e+00
  1.16e-01	  2.66e-02	9.07825e+00
  1.16e-01	  2.71e-02	9.25410e+00
  1.16e-01	  2.76e-02	9.48966e+00
  1.16e-01	  2.81e-02	9.79183e+00
  1.16e-01	  2.86e-02	1.01627e+01
  1.16e-01	  2.92e-02	1.05988e+01
  1.16e-01	  2.97e-02	1.10909e+01
  1.16e-01	  3.02e-02	1.16239e+01
  1.16e-01	  3.07e-02	1.21776e+01
  1.16e-01	  3.13e-02	1.27271e+01
  1.16e-01	  3.18e-02	1.32438e+01
  1.16e-01	  3.23e-02	1.36968e+01
  1.16e-01	  3.28e-02	1.40534e+01
  1.16e-01	  3.33e-02	1.42804e+01
  1.16e-01	  3.39e-02	1.43449e+01
  1.16e-01	  3.44e-02	1.42154e+01
  1.16e-01	  3.49e-02	1.38626e+01
  1.16e-01	  3.54e-02	1.32611e+01
  1.16e-01	  3.59e-02	1.23906e+01
  1.16e-01	  3.65e-02	1.12391e+01
  1.16e-01	  3.70e-02	9.80484e+00
  1.16e-01	  3.75e-02	8.09992e+00
  1.16e-01	  3.80e-02	6.15255e+00
  1.16e-01	  3.85e-02	4.00838e+00
  1.16e-01	  3.91e-02	4.04439e+00
  1.16e-01	  3.96e-02	9.84145e+01
  1.16e-01	  4.01e-02	4.13169e-31
  1.16e-01	  4.06e-02	3.86397e-64
  1.16e-01	  4.11e-02	5.75906e-97
  1.16e-01	  4.17e-02	8.58278e-130
  1.16e-01	  4.22e-02	1.27898e-162
  1.16e-01	  4.27e-02	1.90574e-195
  1.16e-01	  4.32e-02	2.83939e-228
  1.16e-01	  4.37e-02	4.23014e-261
  1.16e-01	  4.43e-02	6.30160e-294
  1.16e-01	  4.48e-02	0.00000e+00
  1.16e-01	  4.53e-02	0.00000e+00
  1.16e-01	  4.58e-02	0.00000e+00
  1.16e-01	  4.64e-02	0.00000e+00
  1.16e-01	  4.69e-02	0.00000e+00
  1.16e-01	  4.74e-02	0.00000e+00
  1.16e-01	  4.79e-02	0.00000e+00
  1.16e-01	  4.84e-02	0.00000e+00
  1.16e-01	  4.90e-02	0.00000e+00
  1.16e-01	  4.95e-02	0.00000e+00

  1.16e-01	  0.00e+00	0.00000e+00
  1.16e-01	  5.21e-04	0.00000e+00
  1.16e-01	  1.04e-03	0.00000e+00
  1.16e-01	  1.56e-03	0.00000e+00
  1.16e-01	  2.08e-03	0.00000e+00
  1.16e-01	  2.60e-03	0.00000e+00
  1.16e-01	  3.12e-03	0.00000e+00
  1.16e-01	  3.65e-03	0.00000e+00
  1.16e-01	  4.17e-03	-6.98341e-293
  1.16e-01	  4.69e-03	-4.65379e-260
  1.16e-01	  5.21e-03	-3.10132e-227
  1.16e-01	  5.73e-03	-2.06676e-194
  1.16e-01	  6.25e-03	-1.37731e-161
  1.16e-01	  6.77e-03	-9.17863e-129
  1.16e-01	  7.29e-03	-6.11679e-96
  1.16e-01	  7.81e-03	-4.07634e-63
  1.16e-01	  8.33e-03	-2.71654e-30
  1.16e-01	  8.85e-03	-6.20008e+02
  1.16e-01	  9.37e-03	-7.69568e+00
  1.16e-01	  9.90e-03	-1.17888e+00
  1.16e-01	  1.04e-02	1.42394e+00
  1.16e-01	  1.09e-02	3.73675e+00
  1.16e-01	  1.15e-02	5.75919e+00
  1.16e-01	  1.20e-02	7.48679e+00
  1.16e-01	  1.25e-02	8.91632e+00
  1.16e-01	  1.30e-02	1.00490e+01
  1.16e-01	  1.35e-02	1.08925e+01
  1.16e-01	  1.41e-02	1.14619e+01
  1.16e-01	  1.46e-02	1.17800e+01
  1.16e-01	  1.51e-02	1.18769e+01
  1.16e-01	  1.56e-02	1.17884e+01
  1.16e-01	  1.61e-02	1.15547e+01
  1.16e-01	  1.67e-02	1.12178e+01
  1.16e-01	  1.72e-02	1.08188e+01
  1.16e-01	  1.77e-02	1.03962e+01
  1.16e-01	  1.82e-02	9.98290e+00
  1.16e-01	  1.88e-02	9.60525e+00
  1.16e-01	  1.93e-02	9.28176e+00
  1.16e-01	  1.98e-02	9.02297e+00
  1.16e-01	  2.03e-02	8.83189e+00
  1.16e-01	  2.08e-02	8.70521e+00
  1.16e-01	  2.14e-02	8.63482e+00
  1.16e-01	  2.19e-02	8.60985e+00
  1.16e-01	  2.24e-02	8.61857e+00
  1.16e-01	  2.29e-02	8.65033e+00
  1.16e-01	  2.34e-02	8.69698e+00
  1.16e-01	  2.40e-02	8.75394e+00
  1.16e-01	  2.45e-02	8.82057e+00
  1.16e-01	  2.50e-02	8.90008e+00
  1.16e-01	  2.55e-02	8.99884e+00
  1.16e-01	  2.60e-02	9.12528e+00
  1.16e-01	  2.66e-02	9.28865e+00
  1.16e-01	  2.71e-02	9.49757e+00
  1.16e-01	  2.76e-02	9.75867e+00
  1.16e-01	  2.81e-02	1.00755e+01
  1.16e-01	  2.86e-02	1.04475e+01
  1.16e-01	  2.92e-02	1.08697e+01
  1.16e-01	  2.97e-02	1.13323e+01
  1.16e-01	  3.02e-02	1.18208e+01
  1.16e-01	  3.07e-02	1.23164e+01
  1.16e-01	  3.13e-02	1.27969e+01
  1.16e-01	  3.18e-02	1.32370e+01
  1.16e-01	  3.23e-02	1.36095e+01
  1.16e-01	  3.28e-02	1.38858e+01
  1.16e-01	  3.33e-02	1.40372e+01
  1.16e-01	  3.39e-02	1.40349e+01
  1.16e-01	  3.44e-02	1.38515e+01
  1.16e-01	  3.49e-02	1.34613e+01
  1.16e-01	  3.54e-02	1.28420e+01
  1.16e-01	  3.59e-02	1.19759e+01
  1.16e-01	  3.65e-02	1.08521e+01
  1.16e-01	  3.70e-02	9.46893e+00
  1.16e-01	  3.75e-02	7.83694e+00
  1.16e-01	  3.80e-02	5.98106e+00
  1.16e-01	  3.85e-02	3.94205e+00
  1.16e-01	  3.91e-02	4.09037e+00
  1.16e-01	  3.96e-02	9.83790e+01
  1.16e-01	  4.01e-02	3.92302e-31
  1.16e-01	  4.06e-02	3.86063e-64
  1.16e-01	  4.11e-02	5.75353e-97
  1.16e-01	  4.17e-02	8.57370e-130
  1.16e-01	  4.22e-02	1.27750e-162
  1.16e-01	  4.27e-02	1.90335e-195
  1.16e-01	  4.32e-02	2.83555e-228
  1.16e-01	  4.37e-02	4.22399e-261
  1.16e-01	  4.43e-02	6.29182e-294
  1.16e-01	  4.48e-02	0.00000e+00
  1.16e-01	  4.53e-02	0.00000e+00
  1.16e-01	  4.58e-02	0.00000e+00
  1.16e-01	  4.64e-02	0.00000e+00
  1.16e-01	  4.69e-02	0.00000e+00
  1.16e-01	  4.74e-02	0.00000e+00
  1.16e-01	  4.79e-02	0.00000e+00
  1.16e-01	  4.84e-02	0.00000e+00
  1.16e-01	  4.90e-02	0.00000e+00
  1.16e-01	  4.95e-02	0.00000e+00

  1.17e-01	  0.00e+00	0.00000e+00
  1.17e-01	  5.21e-04	0.00000e+00
  1.17e-01	  1.04e-03	0.00000e+00
  1.17e-01	  1.56e-03	0.00000e+00
  1.17e-01	  2.08e-03	0.00000e+00
  1.17e-01	  2.60e-03	0.00000e+00
  1.17e-01	  3.12e-03	0.00000e+00
  1.17e-01	  3.65e-03	0.00000e+00
  1.17e-01	  4.17e-03	-6.94450e-293
  1.17e-01	  4.69e-03	-4.62780e-260
  1.17e-01	  5.21e-03	-3.08397e-227
  1.17e-01	  5.73e-03	-2.05516e-194
  1.17e-01	  6.25e-03	-1.36957e-161
  1.17e-01	  6.77e-03	-9.12691e-129
  1.17e-01	  7.29e-03	-6.08224e-96
  1.17e-01	  7.81e-03	-4.05326e-63
  1.17e-01	  8.33e-03	-2.70113e-30
  1.17e-01	  8.85e-03	-6.17354e+02
  1.17e-01	  9.37e-03	-8.29258e+00
  1.17e-01	  9.90e-03	-1.55802e+00
  1.17e-01	  1.04e-02	9.83605e-01
  1.17e-01	  1.09e-02	3.24125e+00
  1.17e-01	  1.15e-02	5.21963e+00
  1.17e-01	  1.20e-02	6.91773e+00
  1.17e-01	  1.25e-02	8.33458e+00
  1.17e-01	  1.30e-02	9.47257e+00
  1.17e-01	  1.35e-02	1.03395e+01
  1.17e-01	  1.41e-02	1.09494e+01
  1.17e-01	  1.46e-02	1.13233e+01
  1.17e-01	  1.51e-02	1.14880e+01
  1.17e-01	  1.56e-02	1.14758e+01
  1.17e-01	  1.61e-02	1.13225e+01
  1.17e-01	  1.67e-02	1.10655e+01
  1.17e-01	  1.72e-02	1.07417e+01
  1.17e-01	  1.77e-02	1.03857e+01
  1.17e-01	  1.82e-02	1.00275e+01
  1.17e-01	  1.88e-02	9.69160e+00
  1.17e-01	  1.93e-02	9.39593e+00
  1.17e-01	  1.98e-02	9.15165e+00
  1.17e-01	  2.03e-02	8.96358e+00
  1.17e-01	  2.08e-02	8.83105e+00
  1.17e-01	  2.14e-02	8.74929e+00
  1.17e-01	  2.19e-02	8.71095e+00
  1.17e-01	  2.24e-02	8.70775e+00
  1.17e-01	  2.29e-02	8.73193e+00
  1.17e-01	  2.34e-02	8.77754e+00
  1.17e-01	  2.40e-02	8.84114e+00
  1.17e-01	  2.45e-02	8.92223e+00
  1.17e-01	  2.50e-02	9.02305e+00
  1.17e-01	  2.55e-02	9.14809e+00
  1.17e-01	  2.60e-02	9.30322e+00
  1.17e-01	  2.66e-02	9.49466e+00
  1.17e-01	  2.71e-02	9.72784e+00
  1.17e-01	  2.76e-02	1.00064e+01
  1.17e-01	  2.81e-02	1.03312e+01
  1.17e-01	  2.86e-02	1.06999e+01
  1.17e-01	  2.92e-02	1.11061e+01
  1.17e-01	  2.97e-02	1.15398e+01
  1.17e-01	  3.02e-02	1.19869e+01
  1.17e-01	  3.07e-02	1.24304e+01
  1.17e-01	  3.13e-02	1.28498e+01
  1.17e-01	  3.18e-02	1.32228e+01
  1.17e-01	  3.23e-02	1.35254e+01
  1.17e-01	  3.28e-02	1.37325e+01
  1.17e-01	  3.33e-02	1.38188e+01
  1.17e-01	  3.39e-02	1.37593e+01
  1.17e-01	  3.44e-02	1.35299e+01
  1.17e-01	  3.49e-02	1.31084e+01
  1.17e-01	  3.54e-02	1.24748e+01
  1.17e-01	  3.59e-02	1.16136e+01
  1.17e-01	  3.65e-02	1.05150e+01
  1.17e-01	  3.70e-02	9.17744e+00
  1.17e-01	  3.75e-02	7.61009e+00
  1.17e-01	  3.80e-02	5.83508e+00
  1.17e-01	  3.85e-02	3.88888e+00
  1.17e-01	  3.91e-02	4.14280e+00
  1.17e-01	  3.96e-02	9.80874e+01
  1.17e-01	  4.01e-02	3.73093e-31
  1.17e-01	  4.06e-02	3.84515e-64
  1.17e-01	  4.11e-02	5.72981e-97
  1.17e-01	  4.17e-02	8.53740e-130
  1.17e-01	  4.22e-02	1.27195e-162
  1.17e-01	  4.27e-02	1.89486e-195
  1.17e-01	  4.32e-02	2.82258e-228
  1.17e-01	  4.37e-02	4.20418e-261
  1.17e-01	  4.43e-02	6.26159e-294
  1.17e-01	  4.48e-02	0.00000e+00
  1.17e-01	  4.53e-02	0.00000e+00
  1.17e-01	  4.58e-02	0.00000e+00
  1.17e-01	  4.64e-02	0.00000e+00
  1.17e-01	  4.69e-02	0.00000e+00
  1.17e-01	  4.74e-02	0.00000e+00
  1.17e-01	  4.79e-02	0.00000e+00
  1.17e-01	  4.84e-02	0.00000e+00
  1.17e-01	  4.90e-02	0.00000e+00
  1.17e-01	  4.95e-02	0.00000e+00

  1.18e-01	  0.00e+00	0.00000e+00
  1.18e-01	  5.21e-04	0.00000e+00
  1.18e-01	  1.04e-03	0.00000e+00
  1.18e-01	  1.56e-03	0.00000e+00
  1.18e-01	  2.08e-03	0.00000e+00
  1.18e-01	  2.60e-03	0.00000e+00
  1.18e-01	  3.12e-03	0.00000e+00
  1.18e-01	  3.65e-03	0.00000e+00
  1.18e-01	  4.17e-03	-6.90819e-293
  1.18e-01	  4.69e-03	-4.60354e-260
  1.18e-01	  5.21e-03	-3.06776e-227
  1.18e-01	  5.73e-03	-2.04434e-194
  1.18e-01	  6.25e-03	-1.36234e-161
  1.18e-01	  6.77e-03	-9.07859e-129
  1.18e-01	  7.29e-03	-6.04996e-96
  1.18e-01	  7.81e-03	-4.03170e-63
  1.18e-01	  8.33e-03	-2.68672e-30
  1.18e-01	  8.85e-03	-6.14868e+02
  1.18e-01	  9.37e-03	-8.88044e+00
  1.18e-01	  9.90e-03	-1.92096e+00
  1.18e-01	  1.04e-02	5.70608e-01
  1.18e-01	  1.09e-02	2.78207e+00
  1.18e-01	  1.15e-02	4.72322e+00
  1.18e-01	  1.20e-02	6.39643e+00
  1.18e-01	  1.25e-02	7.80283e+00
  1.18e-01	  1.30e-02	8.94591e+00
  1.18e-01	  1.35e-02	9.83355e+00
  1.18e-01	  1.41e-02	1.04791e+01
  1.18e-01	  1.46e-02	1.09015e+01
  1.18e-01	  1.51e-02	1.11254e+01
  1.18e-01	  1.56e-02	1.11797e+01
  1.18e-01	  1.61e-02	1.10965e+01
  1.18e-01	  1.67e-02	1.09095e+01
  1.18e-01	  1.72e-02	1.06520e+01
  1.18e-01	  1.77e-02	1.03553e+01
  1.18e-01	  1.82e-02	1.00472e+01
  1.18e-01	  1.88e-02	9.75061e+00
  1.18e-01	  1.93e-02	9.48287e+00
  1.18e-01	  1.98e-02	9.25567e+00
  1.18e-01	  2.03e-02	9.07524e+00
  1.18e-01	  2.08e-02	8.94305e+00
  1.18e-01	  2.14e-02	8.85696e+00
  1.18e-01	  2.19e-02	8.81241e+00
  1.18e-01	  2.24e-02	8.80380e+00
  1.18e-01	  2.29e-02	8.82567e+00
  1.18e-01	  2.34e-02	8.87369e+00
  1.18e-01	  2.40e-02	8.94529e+00
  1.18e-01	  2.45e-02	9.03997e+00
  1.18e-01	  2.50e-02	9.15914e+00
  1.18e-01	  2.55e-02	9.30574e+00
  1.18e-01	  2.60e-02	9.48355e+00
  1.18e-01	  2.66e-02	9.69633e+00
  1.18e-01	  2.71e-02	9.94700e+00
  1.18e-01	  2.76e-02	1.02368e+01
  1.18e-01	  2.81e-02	1.05646e+01
  1.18e-01	  2.86e-02	1.09264e+01
  1.18e-01	  2.92e-02	1.13152e+01
  1.18e-01	  2.97e-02	1.17205e+01
  1.18e-01	  3.02e-02	1.21291e+01
  1.18e-01	  3.07e-02	1.25250e+01
  1.18e-01	  3.13e-02	1.28897e+01
  1.18e-01	  3.18e-02	1.32031e+01
  1.18e-01	  3.23e-02	1.34440e+01
  1.18e-01	  3.28e-02	1.35904e+01
  1.18e-01	  3.33e-02	1.36199e+01
  1.18e-01	  3.39e-02	1.35108e+01
  1.18e-01	  3.44e-02	1.32418e+01
  1.18e-01	  3.49e-02	1.27934e+01
  1.18e-01	  3.54e-02	1.21481e+01
  1.18e-01	  3.59e-02	1.12922e+01
  1.18e-01	  3.65e-02	1.02167e+01
  1.18e-01	  3.70e-02	8.92032e+00
  1.18e-01	  3.75e-02	7.41106e+00
  1.18e-01	  3.80e-02	5.70865e+00
  1.18e-01	  3.85e-02	3.84582e+00
  1.18e-01	  3.91e-02	4.20046e+00
  1.18e-01	  3.96e-02	9.75888e+01
  1.18e-01	  4.01e-02	3.55226e-31
  1.18e-01	  4.06e-02	3.81988e-64
  1.18e-01	  4.11e-02	5.69145e-97
  1.18e-01	  4.17e-02	8.47917e-130
  1.18e-01	  4.22e-02	1.26311e-162
  1.18e-01	  4.27e-02	1.88145e-195
  1.18e-01	  4.32e-02	2.80226e-228
  1.18e-01	  4.37e-02	4.17337e-261
  1.18e-01	  4.43e-02	6.21490e-294
  1.18e-01	  4.48e-02	0.00000e+00
  1.18e-01	  4.53e-02	0.00000e+00
  1.18e-01	  4.58e-02	0.00000e+00
  1.18e-01	  4.64e-02	0.00000e+00
  1.18e-01	  4.69e-02	0.00000e+00
  1.18e-01	  4.74e-02	0.00000e+00
  1.18e-01	  4.79e-02	0.00000e+00
  1.18e-01	  4.84e-02	0.00000e+00
  1.18e-01	  4.90e-02	0.00000e+00
  1.18e-01	  4.95e-02	0.00000e+00

  1.19e-01	  0.00e+00	0.00000e+00
  1.19e-01	  5.21e-04	0.00000e+00
  1.19e-01	  1.04e-03	0.00000e+00
  1.19e-01	  1.56e-03	0.00000e+00
  1.19e-01	  2.08e-03	0.00000e+00
  1.19e-01	  2.60e-03	0.00000e+00
  1.19e-01	  3.12e-03	0.00000e+00
  1.19e-01	  3.65e-03	0.00000e+00
  1.19e-01	  4.17e-03	-6.87417e-293
  1.19e-01	  4.69e-03	-4.58080e-260
  1.19e-01	  5.21e-03	-3.05257e-227
  1.19e-01	  5.73e-03	-2.03418e-194
  1.19e-01	  6.25e-03	-1.35555e-161
  1.19e-01	  6.77e-03	-9.03325e-129
  1.19e-01	  7.29e-03	-6.01966e-96
  1.19e-01	  7.81e-03	-4.01145e-63
  1.19e-01	  8.33e-03	-2.67319e-30
  1.19e-01	  8.85e-03	-6.12530e+02
  1.19e-01	  9.37e-03	-9.46219e+00
  1.19e-01	  9.90e-03	-2.27023e+00
  1.19e-01	  1.04e-02	1.81074e-01
  1.19e-01	  1.09e-02	2.35418e+00
  1.19e-01	  1.15e-02	4.26405e+00
  1.19e-01	  1.20e-02	5.91633e+00
  1.19e-01	  1.25e-02	7.31421e+00
  1.19e-01	  1.30e-02	8.46220e+00
  1.19e-01	  1.35e-02	9.36832e+00
  1.19e-01	  1.41e-02	1.00452e+01
  1.19e-01	  1.46e-02	1.05103e+01
  1.19e-01	  1.51e-02	1.07860e+01
  1.19e-01	  1.56e-02	1.08986e+01
  1.19e-01	  1.61e-02	1.08770e+01
  1.19e-01	  1.67e-02	1.07518e+01
  1.19e-01	  1.72e-02	1.05532e+01
  1.19e-01	  1.77e-02	1.03100e+01
  1.19e-01	  1.82e-02	1.00479e+01
  1.19e-01	  1.88e-02	9.78838e+00
  1.19e-01	  1.93e-02	9.54852e+00
  1.19e-01	  1.98e-02	9.34032e+00
  1.19e-01	  2.03e-02	9.17111e+00
  1.19e-01	  2.08e-02	9.04406e+00
  1.19e-01	  2.14e-02	8.95909e+00
  1.19e-01	  2.19e-02	8.91387e+00
  1.19e-01	  2.24e-02	8.90490e+00
  1.19e-01	  2.29e-02	8.92848e+00
  1.19e-01	  2.34e-02	8.98154e+00
  1.19e-01	  2.40e-02	9.06214e+00
  1.19e-01	  2.45e-02	9.16968e+00
  1.19e-01	  2.50e-02	9.30487e+00
  1.19e-01	  2.55e-02	9.46934e+00
  1.19e-01	  2.60e-02	9.66513e+00
  1.19e-01	  2.66e-02	9.89405e+00
  1.19e-01	  2.71e-02	1.01570e+01
  1.19e-01	  2.76e-02	1.04533e+01
  1.19e-01	  2.81e-02	1.07802e+01
  1.19e-01	  2.86e-02	1.11326e+01
  1.19e-01	  2.92e-02	1.15028e+01
  1.19e-01	  2.97e-02	1.18804e+01
  1.19e-01	  3.02e-02	1.22526e+01
  1.19e-01	  3.07e-02	1.26046e+01
  1.19e-01	  3.13e-02	1.29195e+01
  1.19e-01	  3.18e-02	1.31793e+01
  1.19e-01	  3.23e-02	1.33650e+01
  1.19e-01	  3.28e-02	1.34573e+01
  1.19e-01	  3.33e-02	1.34365e+01
  1.19e-01	  3.39e-02	1.32834e+01
  1.19e-01	  3.44e-02	1.29796e+01
  1.19e-01	  3.49e-02	1.25078e+01
  1.19e-01	  3.54e-02	1.18526e+01
  1.19e-01	  3.59e-02	1.10019e+01
  1.19e-01	  3.65e-02	9.94787e+00
  1.19e-01	  3.70e-02	8.68914e+00
  1.19e-01	  3.75e-02	7.23290e+00
  1.19e-01	  3.80e-02	5.59681e+00
  1.19e-01	  3.85e-02	3.81033e+00
  1.19e-01	  3.91e-02	4.26246e+00
  1.19e-01	  3.96e-02	9.69228e+01
  1.19e-01	  4.01e-02	3.38467e-31
  1.19e-01	  4.06e-02	3.78674e-64
  1.19e-01	  4.11e-02	5.64131e-97
  1.19e-01	  4.17e-02	8.40332e-130
  1.19e-01	  4.22e-02	1.25164e-162
  1.19e-01	  4.27e-02	1.86411e-195
  1.19e-01	  4.32e-02	2.77603e-228
  1.19e-01	  4.37e-02	4.13374e-261
  1.19e-01	  4.43e-02	6.15500e-294
  1.19e-01	  4.48e-02	0.00000e+00
  1.19e-01	  4.53e-02	0.00000e+00
  1.19e-01	  4.58e-02	0.00000e+00
  1.19e-01	  4.64e-02	0.00000e+00
  1.19e-01	  4.69e-02	0.00000e+00
  1.19e-01	  4.74e-02	0.00000e+00
  1.19e-01	  4.79e-02	0.00000e+00
  1.19e-01	  4.84e-02	0.00000e+00
  1.19e-01	  4.90e-02	0.00000e+00
  1.19e-01	  4.95e-02	0.00000e+00

  1.20e-01	  0.00e+00	0.00000e+00
  1.20e-01	  5.21e-04	0.00000e+00
  1.20e-01	  1.04e-03	0.00000e+00
  1.20e-01	  1.56e-03	0.00000e+00
  1.20e-01	  2.08e-03	0.00000e+00
  1.20e-01	  2.60e-03	0.00000e+00
  1.20e-01	  3.12e-03	0.00000e+00
  1.20e-01	  3.65e-03	0.00000e+00
  1.20e-01	  4.17e-03	-6.84216e-293
  1.20e-01	  4.69e-03	-4.55941e-260
  1.20e-01	  5.21e-03	-3.03826e-227
  1.20e-01	  5.73e-03	-2.02462e-194
  1.20e-01	  6.25e-03	-1.34916e-161
  1.20e-01	  6.77e-03	-8.99053e-129
  1.20e-01	  7.29e-03	-5.99111e-96
  1.20e-01	  7.81e-03	-3.99236e-63
  1.20e-01	  8.33e-03	-2.66044e-30
  1.20e-01	  8.85e-03	-6.10321e+02
  1.20e-01	  9.37e-03	-1.00400e+01
  1.20e-01	  9.90e-03	-2.60849e+00
  1.20e-01	  1.04e-02	-1.88606e-01
  1.20e-01	  1.09e-02	1.95315e+00
  1.20e-01	  1.15e-02	3.83700e+00
  1.20e-01	  1.20e-02	5.47187e+00
  1.20e-01	  1.25e-02	6.86293e+00
  1.20e-01	  1.30e-02	8.01571e+00
  1.20e-01	  1.35e-02	8.93840e+00
  1.20e-01	  1.41e-02	9.64299e+00
  1.20e-01	  1.46e-02	1.01458e+01
  1.20e-01	  1.51e-02	1.04672e+01
  1.20e-01	  1.56e-02	1.06312e+01
  1.20e-01	  1.61e-02	1.06642e+01
  1.20e-01	  1.67e-02	1.05939e+01
  1.20e-01	  1.72e-02	1.04483e+01
  1.20e-01	  1.77e-02	1.02536e+01
  1.20e-01	  1.82e-02	1.00339e+01
  1.20e-01	  1.88e-02	9.80973e+00
  1.20e-01	  1.93e-02	9.59760e+00
  1.20e-01	  1.98e-02	9.40981e+00
  1.20e-01	  2.03e-02	9.25456e+00
  1.20e-01	  2.08e-02	9.13635e+00
  1.20e-01	  2.14e-02	9.05675e+00
  1.20e-01	  2.19e-02	9.01517e+00
  1.20e-01	  2.24e-02	9.00975e+00
  1.20e-01	  2.29e-02	9.03818e+00
  1.20e-01	  2.34e-02	9.09832e+00
  1.20e-01	  2.40e-02	9.18865e+00
  1.20e-01	  2.45e-02	9.30848e+00
  1.20e-01	  2.50e-02	9.45785e+00
  1.20e-01	  2.55e-02	9.63730e+00
  1.20e-01	  2.60e-02	9.84744e+00
  1.20e-01	  2.66e-02	1.00885e+01
  1.20e-01	  2.71e-02	1.03596e+01
  1.20e-01	  2.76e-02	1.06588e+01
  1.20e-01	  2.81e-02	1.09819e+01
  1.20e-01	  2.86e-02	1.13229e+01
  1.20e-01	  2.92e-02	1.16738e+01
  1.20e-01	  2.97e-02	1.20241e+01
  1.20e-01	  3.02e-02	1.23617e+01
  1.20e-01	  3.07e-02	1.26727e+01
  1.20e-01	  3.13e-02	1.29416e+01
  1.20e-01	  3.18e-02	1.31524e+01
  1.20e-01	  3.23e-02	1.32880e+01
  1.20e-01	  3.28e-02	1.33312e+01
  1.20e-01	  3.33e-02	1.32650e+01
  1.20e-01	  3.39e-02	1.30723e+01
  1.20e-01	  3.44e-02	1.27372e+01
  1.20e-01	  3.49e-02	1.22444e+01
  1.20e-01	  3.54e-02	1.15805e+01
  1.20e-01	  3.59e-02	1.07349e+01
  1.20e-01	  3.65e-02	9.70064e+00
  1.20e-01	  3.70e-02	8.47673e+00
  1.20e-01	  3.75e-02	7.06962e+00
  1.20e-01	  3.80e-02	5.49525e+00
  1.20e-01	  3.85e-02	3.78020e+00
  1.20e-01	  3.91e-02	4.32800e+00
  1.20e-01	  3.96e-02	9.61215e+01
  1.20e-01	  4.01e-02	3.22636e-31
  1.20e-01	  4.06e-02	3.74728e-64
  1.20e-01	  4.11e-02	5.58171e-97
  1.20e-01	  4.17e-02	8.31333e-130
  1.20e-01	  4.22e-02	1.23806e-162
  1.20e-01	  4.27e-02	1.84360e-195
  1.20e-01	  4.32e-02	2.74508e-228
  1.20e-01	  4.37e-02	4.08703e-261
  1.20e-01	  4.43e-02	6.08453e-294
  1.20e-01	  4.48e-02	0.00000e+00
  1.20e-01	  4.53e-02	0.00000e+00
  1.20e-01	  4.58e-02	0.00000e+00
  1.20e-01	  4.64e-02	0.00000e+00
  1.20e-01	  4.69e-02	0.00000e+00
  1.20e-01	  4.74e-02	0.00000e+00
  1.20e-01	  4.79e-02	0.00000e+00
  1.20e-01	  4.84e-02	0.00000e+00
  1.20e-01	  4.90e-02	0.00000e+00
  1.20e-01	  4.95e-02	0.00000e+00

  1.20e-01	  0.00e+00	0.00000e+00
  1.20e-01	  5.21e-04	0.00000e+00
  1.20e-01	  1.04e-03	0.00000e+00
  1.20e-01	  1.56e-03	0.00000e+00
  1.20e-01	  2.08e-03	0.00000e+00
  1.20e-01	  2.60e-03	0.00000e+00
  1.20e-01	  3.12e-03	0.00000e+00
  1.20e-01	  3.65e-03	0.00000e+00
  1.20e-01	  4.17e-03	-6.81193e-293
  1.20e-01	  4.69e-03	-4.53920e-260
  1.20e-01	  5.21e-03	-3.02475e-227
  1.20e-01	  5.73e-03	-2.01559e-194
  1.20e-01	  6.25e-03	-1.34312e-161
  1.20e-01	  6.77e-03	-8.95014e-129
  1.20e-01	  7.29e-03	-5.96410e-96
  1.20e-01	  7.81e-03	-3.97431e-63
  1.20e-01	  8.33e-03	-2.64836e-30
  1.20e-01	  8.85e-03	-6.08228e+02
  1.20e-01	  9.37e-03	-1.06160e+01
  1.20e-01	  9.90e-03	-2.93781e+00
  1.20e-01	  1.04e-02	-5.41388e-01
  1.20e-01	  1.09e-02	1.57526e+00
  1.20e-01	  1.15e-02	3.43775e+00
  1.20e-01	  1.20e-02	5.05831e+00
  1.20e-01	  1.25e-02	6.44409e+00
  1.20e-01	  1.30e-02	7.60161e+00
  1.20e-01	  1.35e-02	8.53928e+00
  1.20e-01	  1.41e-02	9.26864e+00
  1.20e-01	  1.46e-02	9.80491e+00
  1.20e-01	  1.51e-02	1.01669e+01
  1.20e-01	  1.56e-02	1.03766e+01
  1.20e-01	  1.61e-02	1.04582e+01
  1.20e-01	  1.67e-02	1.04373e+01
  1.20e-01	  1.72e-02	1.03394e+01
  1.20e-01	  1.77e-02	1.01892e+01
  1.20e-01	  1.82e-02	1.00090e+01
  1.20e-01	  1.88e-02	9.81850e+00
  1.20e-01	  1.93e-02	9.63385e+00
  1.20e-01	  1.98e-02	9.46749e+00
  1.20e-01	  2.03e-02	9.32829e+00
  1.20e-01	  2.08e-02	9.22181e+00
  1.20e-01	  2.14e-02	9.15089e+00
  1.20e-01	  2.19e-02	9.11632e+00
  1.20e-01	  2.24e-02	9.11753e+00
  1.20e-01	  2.29e-02	9.15326e+00
  1.20e-01	  2.34e-02	9.22207e+00
  1.20e-01	  2.40e-02	9.32274e+00
  1.20e-01	  2.45e-02	9.45441e+00
  1.20e-01	  2.50e-02	9.61654e+00
  1.20e-01	  2.55e-02	9.80874e+00
  1.20e-01	  2.60e-02	1.00304e+01
  1.20e-01	  2.66e-02	1.02805e+01
  1.20e-01	  2.71e-02	1.05568e+01
  1.20e-01	  2.76e-02	1.08559e+01
  1.20e-01	  2.81e-02	1.11730e+01
  1.20e-01	  2.86e-02	1.15013e+01
  1.20e-01	  2.92e-02	1.18323e+01
  1.20e-01	  2.97e-02	1.21559e+01
  1.20e-01	  3.02e-02	1.24602e+01
  1.20e-01	  3.07e-02	1.27324e+01
  1.20e-01	  3.13e-02	1.29585e+01
  1.20e-01	  3.18e-02	1.31236e+01
  1.20e-01	  3.23e-02	1.32129e+01
  1.20e-01	  3.28e-02	1.32109e+01
  1.20e-01	  3.33e-02	1.31027e+01
  1.20e-01	  3.39e-02	1.28736e+01
  1.20e-01	  3.44e-02	1.25095e+01
  1.20e-01	  3.49e-02	1.19972e+01
  1.20e-01	  3.54e-02	1.13251e+01
  1.20e-01	  3.59e-02	1.04841e+01
  1.20e-01	  3.65e-02	9.46821e+00
  1.20e-01	  3.70e-02	8.27680e+00
  1.20e-01	  3.75e-02	6.91592e+00
  1.20e-01	  3.80e-02	5.40008e+00
  1.20e-01	  3.85e-02	3.75340e+00
  1.20e-01	  3.91e-02	4.39630e+00
  1.20e-01	  3.96e-02	9.52104e+01
  1.20e-01	  4.01e-02	3.07579e-31
  1.20e-01	  4.06e-02	3.70275e-64
  1.20e-01	  4.11e-02	5.51454e-97
  1.20e-01	  4.17e-02	8.21201e-130
  1.20e-01	  4.22e-02	1.22278e-162
  1.20e-01	  4.27e-02	1.82056e-195
  1.20e-01	  4.32e-02	2.71034e-228
  1.20e-01	  4.37e-02	4.03467e-261
  1.20e-01	  4.43e-02	6.00562e-294
  1.20e-01	  4.48e-02	0.00000e+00
  1.20e-01	  4.53e-02	0.00000e+00
  1.20e-01	  4.58e-02	0.00000e+00
  1.20e-01	  4.64e-02	0.00000e+00
  1.20e-01	  4.69e-02	0.00000e+00
  1.20e-01	  4.74e-02	0.00000e+00
  1.20e-01	  4.79e-02	0.00000e+00
  1.20e-01	  4.84e-02	0.00000e+00
  1.20e-01	  4.90e-02	0.00000e+00
  1.20e-01	  4.95e-02	0.00000e+00

  1.21e-01	  0.00e+00	0.00000e+00
  1.21e-01	  5.21e-04	0.00000e+00
  1.21e-01	  1.04e-03	0.00000e+00
  1.21e-01	  1.56e-03	0.00000e+00
  1.21e-01	  2.08e-03	0.00000e+00
  1.21e-01	  2.60e-03	0.00000e+00
  1.21e-01	  3.12e-03	0.00000e+00
  1.21e-01	  3.65e-03	0.00000e+00
  1.21e-01	  4.17e-03	-6.78330e-293
  1.21e-01	  4.69e-03	-4.52005e-260
  1.21e-01	  5.21e-03	-3.01194e-227
  1.21e-01	  5.73e-03	-2.00702e-194
  1.21e-01	  6.25e-03	-1.33739e-161
  1.21e-01	  6.77e-03	-8.91182e-129
  1.21e-01	  7.29e-03	-5.93848e-96
  1.21e-01	  7.81e-03	-3.95717e-63
  1.21e-01	  8.33e-03	-2.63690e-30
  1.21e-01	  8.85e-03	-6.06237e+02
  1.21e-01	  9.37e-03	-1.11923e+01
  1.21e-01	  9.90e-03	-3.25998e+00
  1.21e-01	  1.04e-02	-8.79768e-01
  1.21e-01	  1.09e-02	1.21735e+00
  1.21e-01	  1.15e-02	3.06264e+00
  1.21e-01	  1.20e-02	4.67166e+00
  1.21e-01	  1.25e-02	6.05354e+00
  1.21e-01	  1.30e-02	7.21583e+00
  1.21e-01	  1.35e-02	8.16719e+00
  1.21e-01	  1.41e-02	8.91882e+00
  1.21e-01	  1.46e-02	9.48504e+00
  1.21e-01	  1.51e-02	9.88332e+00
  1.21e-01	  1.56e-02	1.01340e+01
  1.21e-01	  1.61e-02	1.02593e+01
  1.21e-01	  1.67e-02	1.02829e+01
  1.21e-01	  1.72e-02	1.02285e+01
  1.21e-01	  1.77e-02	1.01192e+01
  1.21e-01	  1.82e-02	9.97598e+00
  1.21e-01	  1.88e-02	9.81776e+00
  1.21e-01	  1.93e-02	9.66027e+00
  1.21e-01	  1.98e-02	9.51607e+00
  1.21e-01	  2.03e-02	9.39452e+00
  1.21e-01	  2.08e-02	9.30200e+00
  1.21e-01	  2.14e-02	9.24237e+00
  1.21e-01	  2.19e-02	9.21747e+00
  1.21e-01	  2.24e-02	9.22774e+00
  1.21e-01	  2.29e-02	9.27272e+00
  1.21e-01	  2.34e-02	9.35149e+00
  1.21e-01	  2.40e-02	9.46300e+00
  1.21e-01	  2.45e-02	9.60619e+00
  1.21e-01	  2.50e-02	9.78002e+00
  1.21e-01	  2.55e-02	9.98328e+00
  1.21e-01	  2.60e-02	1.02144e+01
  1.21e-01	  2.66e-02	1.04711e+01
  1.21e-01	  2.71e-02	1.07502e+01
  1.21e-01	  2.76e-02	1.10473e+01
  1.21e-01	  2.81e-02	1.13567e+01
  1.21e-01	  2.86e-02	1.16712e+01
  1.21e-01	  2.92e-02	1.19820e+01
  1.21e-01	  2.97e-02	1.22792e+01
  1.21e-01	  3.02e-02	1.25515e+01
  1.21e-01	  3.07e-02	1.27868e+01
  1.21e-01	  3.13e-02	1.29722e+01
  1.21e-01	  3.18e-02	1.30944e+01
  1.21e-01	  3.23e-02	1.31401e+01
  1.21e-01	  3.28e-02	1.30956e+01
  1.21e-01	  3.33e-02	1.29480e+01
  1.21e-01	  3.39e-02	1.26843e+01
  1.21e-01	  3.44e-02	1.22926e+01
  1.21e-01	  3.49e-02	1.17614e+01
  1.21e-01	  3.54e-02	1.10810e+01
  1.21e-01	  3.59e-02	1.02436e+01
  1.21e-01	  3.65e-02	9.24457e+00
  1.21e-01	  3.70e-02	8.08366e+00
  1.21e-01	  3.75e-02	6.76685e+00
  1.21e-01	  3.80e-02	5.30758e+00
  1.21e-01	  3.85e-02	3.72786e+00
  1.21e-01	  3.91e-02	4.46634e+00
  1.21e-01	  3.96e-02	9.42102e+01
  1.21e-01	  4.01e-02	2.93150e-31
  1.21e-01	  4.06e-02	3.65417e-64
  1.21e-01	  4.11e-02	5.44130e-97
  1.21e-01	  4.17e-02	8.10163e-130
  1.21e-01	  4.22e-02	1.20614e-162
  1.21e-01	  4.27e-02	1.79550e-195
  1.21e-01	  4.32e-02	2.67259e-228
  1.21e-01	  4.37e-02	3.97782e-261
  1.21e-01	  4.43e-02	5.92000e-294
  1.21e-01	  4.48e-02	0.00000e+00
  1.21e-01	  4.53e-02	0.00000e+00
  1.21e-01	  4.58e-02	0.00000e+00
  1.21e-01	  4.64e-02	0.00000e+00
  1.21e-01	  4.69e-02	0.00000e+00
  1.21e-01	  4.74e-02	0.00000e+00
  1.21e-01	  4.79e-02	0.00000e+00
  1.21e-01	  4.84e-02	0.00000e+00
  1.21e-01	  4.90e-02	0.00000e+00
  1.21e-01	  4.95e-02	0.00000e+00

  1.22e-01	  0.00e+00	0.00000e+00
  1.22e-01	  5.21e-04	0.00000e+00
  1.22e-01	  1.04e-03	0.00000e+00
  1.22e-01	  1.56e-03	0.00000e+00
  1.22e-01	  2.08e-03	0.00000e+00
  1.22e-01	  2.60e-03	0.00000e+00
  1.22e-01	  3.12e-03	0.00000e+00
  1.22e-01	  3.65e-03	0.00000e+00
  1.22e-01	  4.17e-03	-6.75610e-293
  1.22e-01	  4.69e-03	-4.50185e-260
  1.22e-01	  5.21e-03	-2.99977e-227
  1.22e-01	  5.73e-03	-1.99888e-194
  1.22e-01	  6.25e-03	-1.33194e-161
  1.22e-01	  6.77e-03	-8.87538e-129
  1.22e-01	  7.29e-03	-5.91410e-96
  1.22e-01	  7.81e-03	-3.94086e-63
  1.22e-01	  8.33e-03	-2.62599e-30
  1.22e-01	  8.85e-03	-6.04340e+02
  1.22e-01	  9.37e-03	-1.17706e+01
  1.22e-01	  9.90e-03	-3.57655e+00
  1.22e-01	  1.04e-02	-1.20589e+00
  1.22e-01	  1.09e-02	8.76748e-01
  1.22e-01	  1.15e-02	2.70856e+00
  1.22e-01	  1.20e-02	4.30853e+00
  1.22e-01	  1.25e-02	5.68778e+00
  1.22e-01	  1.30e-02	6.85491e+00
  1.22e-01	  1.35e-02	7.81892e+00
  1.22e-01	  1.41e-02	8.59075e+00
  1.22e-01	  1.46e-02	9.18396e+00
  1.22e-01	  1.51e-02	9.61492e+00
  1.22e-01	  1.56e-02	9.90246e+00
  1.22e-01	  1.61e-02	1.00673e+01
  1.22e-01	  1.67e-02	1.01315e+01
  1.22e-01	  1.72e-02	1.01170e+01
  1.22e-01	  1.77e-02	1.00456e+01
  1.22e-01	  1.82e-02	9.93721e+00
  1.22e-01	  1.88e-02	9.80997e+00
  1.22e-01	  1.93e-02	9.67929e+00
  1.22e-01	  1.98e-02	9.55775e+00
  1.22e-01	  2.03e-02	9.45507e+00
  1.22e-01	  2.08e-02	9.37827e+00
  1.22e-01	  2.14e-02	9.33198e+00
  1.22e-01	  2.19e-02	9.31888e+00
  1.22e-01	  2.24e-02	9.34016e+00
  1.22e-01	  2.29e-02	9.39597e+00
  1.22e-01	  2.34e-02	9.48576e+00
  1.22e-01	  2.40e-02	9.60857e+00
  1.22e-01	  2.45e-02	9.76313e+00
  1.22e-01	  2.50e-02	9.94790e+00
  1.22e-01	  2.55e-02	1.01610e+01
  1.22e-01	  2.60e-02	1.03999e+01
  1.22e-01	  2.66e-02	1.06616e+01
  1.22e-01	  2.71e-02	1.09418e+01
  1.22e-01	  2.76e-02	1.12354e+01
  1.22e-01	  2.81e-02	1.15359e+01
  1.22e-01	  2.86e-02	1.18359e+01
  1.22e-01	  2.92e-02	1.21264e+01
  1.22e-01	  2.97e-02	1.23977e+01
  1.22e-01	  3.02e-02	1.26389e+01
  1.22e-01	  3.07e-02	1.28387e+01
  1.22e-01	  3.13e-02	1.29852e+01
  1.22e-01	  3.18e-02	1.30665e+01
  1.22e-01	  3.23e-02	1.30705e+01
  1.22e-01	  3.28e-02	1.29854e+01
  1.22e-01	  3.33e-02	1.27997e+01
  1.22e-01	  3.39e-02	1.25025e+01
  1.22e-01	  3.44e-02	1.20835e+01
  1.22e-01	  3.49e-02	1.15332e+01
  1.22e-01	  3.54e-02	1.08435e+01
  1.22e-01	  3.59e-02	1.00083e+01
  1.22e-01	  3.65e-02	9.02421e+00
  1.22e-01	  3.70e-02	7.89189e+00
  1.22e-01	  3.75e-02	6.61751e+00
  1.22e-01	  3.80e-02	5.21387e+00
  1.22e-01	  3.85e-02	3.70126e+00
  1.22e-01	  3.91e-02	4.53665e+00
  1.22e-01	  3.96e-02	9.31379e+01
  1.22e-01	  4.01e-02	2.79198e-31
  1.22e-01	  4.06e-02	3.60234e-64
  1.22e-01	  4.11e-02	5.36324e-97
  1.22e-01	  4.17e-02	7.98406e-130
  1.22e-01	  4.22e-02	1.18844e-162
  1.22e-01	  4.27e-02	1.76885e-195
  1.22e-01	  4.32e-02	2.63247e-228
  1.22e-01	  4.37e-02	3.91743e-261
  1.22e-01	  4.43e-02	5.82914e-294
  1.22e-01	  4.48e-02	0.00000e+00
  1.22e-01	  4.53e-02	0.00000e+00
  1.22e-01	  4.58e-02	0.00000e+00
  1.22e-01	  4.64e-02	0.00000e+00
  1.22e-01	  4.69e-02	0.00000e+00
  1.22e-01	  4.74e-02	0.00000e+00
  1.22e-01	  4.79e-02	0.00000e+00
  1.22e-01	  4.84e-02	0.00000e+00
  1.22e-01	  4.90e-02	0.00000e+00
  1.22e-01	  4.95e-02	0.00000e+00

  1.23e-01	  0.00e+00	0.00000e+00
  1.23e-01	  5.21e-04	0.00000e+00
  1.23e-01	  1.04e-03	0.00000e+00
  1.23e-01	  1.56e-03	0.00000e+00
  1.23e-01	  2.08e-03	0.00000e+00
  1.23e-01	  2.60e-03	0.00000e+00
  1.23e-01	  3.12e-03	0.00000e+00
  1.23e-01	  3.65e-03	0.00000e+00
  1.23e-01	  4.17e-03	-6.73021e-293
  1.23e-01	  4.69e-03	-4.48453e-260
  1.23e-01	  5.21e-03	-2.98818e-227
  1.23e-01	  5.73e-03	-1.99112e-194
  1.23e-01	  6.25e-03	-1.32675e-161
  1.23e-01	  6.77e-03	-8.84064e-129
  1.23e-01	  7.29e-03	-5.89085e-96
  1.23e-01	  7.81e-03	-3.92530e-63
  1.23e-01	  8.33e-03	-2.61558e-30
  1.23e-01	  8.85e-03	-6.02526e+02
  1.23e-01	  9.37e-03	-1.23523e+01
  1.23e-01	  9.90e-03	-3.88889e+00
  1.23e-01	  1.04e-02	-1.52160e+00
  1.23e-01	  1.09e-02	5.51154e-01
  1.23e-01	  1.15e-02	2.37284e+00
  1.23e-01	  1.20e-02	3.96601e+00
  1.23e-01	  1.25e-02	5.34381e+00
  1.23e-01	  1.30e-02	6.51593e+00
  1.23e-01	  1.35e-02	7.49175e+00
  1.23e-01	  1.41e-02	8.28205e+00
  1.23e-01	  1.46e-02	8.89980e+00
  1.23e-01	  1.51e-02	9.36039e+00
  1.23e-01	  1.56e-02	9.68144e+00
  1.23e-01	  1.61e-02	9.88235e+00
  1.23e-01	  1.67e-02	9.98360e+00
  1.23e-01	  1.72e-02	1.00060e+01
  1.23e-01	  1.77e-02	9.96991e+00
  1.23e-01	  1.82e-02	9.89450e+00
  1.23e-01	  1.88e-02	9.79712e+00
  1.23e-01	  1.93e-02	9.69287e+00
  1.23e-01	  1.98e-02	9.59432e+00
  1.23e-01	  2.03e-02	9.51146e+00
  1.23e-01	  2.08e-02	9.45175e+00
  1.23e-01	  2.14e-02	9.42045e+00
  1.23e-01	  2.19e-02	9.42086e+00
  1.23e-01	  2.24e-02	9.45476e+00
  1.23e-01	  2.29e-02	9.52273e+00
  1.23e-01	  2.34e-02	9.62447e+00
  1.23e-01	  2.40e-02	9.75903e+00
  1.23e-01	  2.45e-02	9.92492e+00
  1.23e-01	  2.50e-02	1.01202e+01
  1.23e-01	  2.55e-02	1.03422e+01
  1.23e-01	  2.60e-02	1.05879e+01
  1.23e-01	  2.66e-02	1.08533e+01
  1.23e-01	  2.71e-02	1.11335e+01
  1.23e-01	  2.76e-02	1.14225e+01
  1.23e-01	  2.81e-02	1.17136e+01
  1.23e-01	  2.86e-02	1.19987e+01
  1.23e-01	  2.92e-02	1.22690e+01
  1.23e-01	  2.97e-02	1.25149e+01
  1.23e-01	  3.02e-02	1.27259e+01
  1.23e-01	  3.07e-02	1.28914e+01
  1.23e-01	  3.13e-02	1.30004e+01
  1.23e-01	  3.18e-02	1.30422e+01
  1.23e-01	  3.23e-02	1.30058e+01
  1.23e-01	  3.28e-02	1.28810e+01
  1.23e-01	  3.33e-02	1.26579e+01
  1.23e-01	  3.39e-02	1.23272e+01
  1.23e-01	  3.44e-02	1.18803e+01
  1.23e-01	  3.49e-02	1.13096e+01
  1.23e-01	  3.54e-02	1.06088e+01
  1.23e-01	  3.59e-02	9.77353e+00
  1.23e-01	  3.65e-02	8.80199e+00
  1.23e-01	  3.70e-02	7.69612e+00
  1.23e-01	  3.75e-02	6.46276e+00
  1.23e-01	  3.80e-02	5.11457e+00
  1.23e-01	  3.85e-02	3.67064e+00
  1.23e-01	  3.91e-02	4.60485e+00
  1.23e-01	  3.96e-02	9.20077e+01
  1.23e-01	  4.01e-02	2.65547e-31
  1.23e-01	  4.06e-02	3.54798e-64
  1.23e-01	  4.11e-02	5.28141e-97
  1.23e-01	  4.17e-02	7.86091e-130
  1.23e-01	  4.22e-02	1.16991e-162
  1.23e-01	  4.27e-02	1.74097e-195
  1.23e-01	  4.32e-02	2.59054e-228
  1.23e-01	  4.37e-02	3.85437e-261
  1.23e-01	  4.43e-02	5.73431e-294
  1.23e-01	  4.48e-02	0.00000e+00
  1.23e-01	  4.53e-02	0.00000e+00
  1.23e-01	  4.58e-02	0.00000e+00
  1.23e-01	  4.64e-02	0.00000e+00
  1.23e-01	  4.69e-02	0.00000e+00
  1.23e-01	  4.74e-02	0.00000e+00
  1.23e-01	  4.79e-02	0.00000e+00
  1.23e-01	  4.84e-02	0.00000e+00
  1.23e-01	  4.90e-02	0.00000e+00
  1.23e-01	  4.95e-02	0.00000e+00

  1.23e-01	  0.00e+00	0.00000e+00
  1.23e-01	  5.21e-04	0.00000e+00
  1.23e-01	  1.04e-03	0.00000e+00
  1.23e-01	  1.56e-03	0.00000e+00
  1.23e-01	  2.08e-03	0.00000e+00
  1.23e-01	  2.60e-03	0.00000e+00
  1.23e-01	  3.12e-03	0.00000e+00
  1.23e-01	  3.65e-03	0.00000e+00
  1.23e-01	  4.17e-03	-6.70551e-293
  1.23e-01	  4.69e-03	-4.46799e-260
  1.23e-01	  5.21e-03	-2.97711e-227
  1.23e-01	  5.73e-03	-1.98371e-194
  1.23e-01	  6.25e-03	-1.32179e-161
  1.23e-01	  6.77e-03	-8.80744e-129
  1.23e-01	  7.29e-03	-5.86863e-96
  1.23e-01	  7.81e-03	-3.91043e-63
  1.23e-01	  8.33e-03	-2.60563e-30
  1.23e-01	  8.85e-03	-6.00789e+02
  1.23e-01	  9.37e-03	-1.29390e+01
  1.23e-01	  9.90e-03	-4.19820e+00
  1.23e-01	  1.04e-02	-1.82848e+00
  1.23e-01	  1.09e-02	2.38612e-01
  1.23e-01	  1.15e-02	2.05324e+00
  1.23e-01	  1.20e-02	3.64164e+00
  1.23e-01	  1.25e-02	5.01909e+00
  1.23e-01	  1.30e-02	6.19638e+00
  1.23e-01	  1.35e-02	7.18335e+00
  1.23e-01	  1.41e-02	7.99070e+00
  1.23e-01	  1.46e-02	8.63090e+00
  1.23e-01	  1.51e-02	9.11856e+00
  1.23e-01	  1.56e-02	9.47027e+00
  1.23e-01	  1.61e-02	9.70423e+00
  1.23e-01	  1.67e-02	9.83970e+00
  1.23e-01	  1.72e-02	9.89634e+00
  1.23e-01	  1.77e-02	9.89345e+00
  1.23e-01	  1.82e-02	9.84935e+00
  1.23e-01	  1.88e-02	9.78082e+00
  1.23e-01	  1.93e-02	9.70263e+00
  1.23e-01	  1.98e-02	9.62729e+00
  1.23e-01	  2.03e-02	9.56496e+00
  1.23e-01	  2.08e-02	9.52346e+00
  1.23e-01	  2.14e-02	9.50848e+00
  1.23e-01	  2.19e-02	9.52382e+00
  1.23e-01	  2.24e-02	9.57167e+00
  1.23e-01	  2.29e-02	9.65293e+00
  1.23e-01	  2.34e-02	9.76746e+00
  1.23e-01	  2.40e-02	9.91427e+00
  1.23e-01	  2.45e-02	1.00916e+01
  1.23e-01	  2.50e-02	1.02971e+01
  1.23e-01	  2.55e-02	1.05277e+01
  1.23e-01	  2.60e-02	1.07795e+01
  1.23e-01	  2.66e-02	1.10479e+01
  1.23e-01	  2.71e-02	1.13274e+01
  1.23e-01	  2.76e-02	1.16114e+01
  1.23e-01	  2.81e-02	1.18927e+01
  1.23e-01	  2.86e-02	1.21630e+01
  1.23e-01	  2.92e-02	1.24135e+01
  1.23e-01	  2.97e-02	1.26346e+01
  1.23e-01	  3.02e-02	1.28163e+01
  1.23e-01	  3.07e-02	1.29487e+01
  1.23e-01	  3.13e-02	1.30214e+01
  1.23e-01	  3.18e-02	1.30247e+01
  1.23e-01	  3.23e-02	1.29488e+01
  1.23e-01	  3.28e-02	1.27847e+01
  1.23e-01	  3.33e-02	1.25240e+01
  1.23e-01	  3.39e-02	1.21588e+01
  1.23e-01	  3.44e-02	1.16824e+01
  1.23e-01	  3.49e-02	1.10889e+01
  1.23e-01	  3.54e-02	1.03740e+01
  1.23e-01	  3.59e-02	9.53530e+00
  1.23e-01	  3.65e-02	8.57297e+00
  1.23e-01	  3.70e-02	7.49075e+00
  1.23e-01	  3.75e-02	6.29679e+00
  1.23e-01	  3.80e-02	5.00432e+00
  1.23e-01	  3.85e-02	3.63188e+00
  1.23e-01	  3.91e-02	4.66689e+00
  1.23e-01	  3.96e-02	9.08326e+01
  1.23e-01	  4.01e-02	2.51983e-31
  1.23e-01	  4.06e-02	3.49172e-64
  1.23e-01	  4.11e-02	5.19678e-97
  1.23e-01	  4.17e-02	7.73363e-130
  1.23e-01	  4.22e-02	1.15077e-162
  1.23e-01	  4.27e-02	1.71220e-195
  1.23e-01	  4.32e-02	2.54731e-228
  1.23e-01	  4.37e-02	3.78940e-261
  1.23e-01	  4.43e-02	5.63672e-294
  1.23e-01	  4.48e-02	0.00000e+00
  1.23e-01	  4.53e-02	0.00000e+00
  1.23e-01	  4.58e-02	0.00000e+00
  1.23e-01	  4.64e-02	0.00000e+00
  1.23e-01	  4.69e-02	0.00000e+00
  1.23e-01	  4.74e-02	0.00000e+00
  1.23e-01	  4.79e-02	0.00000e+00
  1.23e-01	  4.84e-02	0.00000e+00
  1.23e-01	  4.90e-02	0.00000e+00
  1.23e-01	  4.95e-02	0.00000e+00

  1.24e-01	  0.00e+00	0.00000e+00
  1.24e-01	  5.21e-04	0.00000e+00
  1.24e-01	  1.04e-03	0.00000e+00
  1.24e-01	  1.56e-03	0.00000e+00
  1.24e-01	  2.08e-03	0.00000e+00
  1.24e-01	  2.60e-03	0.00000e+00
  1.24e-01	  3.12e-03	0.00000e+00
  1.24e-01	  3.65e-03	0.00000e+00
  1.24e-01	  4.17e-03	-6.68189e-293
  1.24e-01	  4.69e-03	-4.45218e-260
  1.24e-01	  5.21e-03	-2.96652e-227
  1.24e-01	  5.73e-03	-1.97662e-194
  1.24e-01	  6.25e-03	-1.31705e-161
  1.24e-01	  6.77e-03	-8.77565e-129
  1.24e-01	  7.29e-03	-5.84735e-96
  1.24e-01	  7.81e-03	-3.89618e-63
  1.24e-01	  8.33e-03	-2.59609e-30
  1.24e-01	  8.85e-03	-5.99123e+02
  1.24e-01	  9.37e-03	-1.35319e+01
  1.24e-01	  9.90e-03	-4.50556e+00
  1.24e-01	  1.04e-02	-2.12789e+00
  1.24e-01	  1.09e-02	-6.25644e-02
  1.24e-01	  1.15e-02	1.74779e+00
  1.24e-01	  1.20e-02	3.33331e+00
  1.24e-01	  1.25e-02	4.71142e+00
  1.24e-01	  1.30e-02	5.89412e+00
  1.24e-01	  1.35e-02	6.89172e+00
  1.24e-01	  1.41e-02	7.71493e+00
  1.24e-01	  1.46e-02	8.37586e+00
  1.24e-01	  1.51e-02	8.88842e+00
  1.24e-01	  1.56e-02	9.26834e+00
  1.24e-01	  1.61e-02	9.53282e+00
  1.24e-01	  1.67e-02	9.70007e+00
  1.24e-01	  1.72e-02	9.78870e+00
  1.24e-01	  1.77e-02	9.81713e+00
  1.24e-01	  1.82e-02	9.80294e+00
  1.24e-01	  1.88e-02	9.76236e+00
  1.24e-01	  1.93e-02	9.70987e+00
  1.24e-01	  1.98e-02	9.65788e+00
  1.24e-01	  2.03e-02	9.61664e+00
  1.24e-01	  2.08e-02	9.59425e+00
  1.24e-01	  2.14e-02	9.59671e+00
  1.24e-01	  2.19e-02	9.62816e+00
  1.24e-01	  2.24e-02	9.69112e+00
  1.24e-01	  2.29e-02	9.78670e+00
  1.24e-01	  2.34e-02	9.91483e+00
  1.24e-01	  2.40e-02	1.00744e+01
  1.24e-01	  2.45e-02	1.02636e+01
  1.24e-01	  2.50e-02	1.04794e+01
  1.24e-01	  2.55e-02	1.07184e+01
  1.24e-01	  2.60e-02	1.09761e+01
  1.24e-01	  2.66e-02	1.12472e+01
  1.24e-01	  2.71e-02	1.15258e+01
  1.24e-01	  2.76e-02	1.18047e+01
  1.24e-01	  2.81e-02	1.20764e+01
  1.24e-01	  2.86e-02	1.23324e+01
  1.24e-01	  2.92e-02	1.25638e+01
  1.24e-01	  2.97e-02	1.27611e+01
  1.24e-01	  3.02e-02	1.29147e+01
  1.24e-01	  3.07e-02	1.30150e+01
  1.24e-01	  3.13e-02	1.30526e+01
  1.24e-01	  3.18e-02	1.30182e+01
  1.24e-01	  3.23e-02	1.29033e+01
  1.24e-01	  3.28e-02	1.26999e+01
  1.24e-01	  3.33e-02	1.24007e+01
  1.24e-01	  3.39e-02	1.19994e+01
  1.24e-01	  3.44e-02	1.14908e+01
  1.24e-01	  3.49e-02	1.08709e+01
  1.24e-01	  3.54e-02	1.01375e+01
  1.24e-01	  3.59e-02	9.29049e+00
  1.24e-01	  3.65e-02	8.33255e+00
  1.24e-01	  3.70e-02	7.26990e+00
  1.24e-01	  3.75e-02	6.11287e+00
  1.24e-01	  3.80e-02	4.87622e+00
  1.24e-01	  3.85e-02	3.57899e+00
  1.24e-01	  3.91e-02	4.71588e+00
  1.24e-01	  3.96e-02	8.96248e+01
  1.24e-01	  4.01e-02	2.38234e-31
  1.24e-01	  4.06e-02	3.43418e-64
  1.24e-01	  4.11e-02	5.11030e-97
  1.24e-01	  4.17e-02	7.60370e-130
  1.24e-01	  4.22e-02	1.13126e-162
  1.24e-01	  4.27e-02	1.68289e-195
  1.24e-01	  4.32e-02	2.50330e-228
  1.24e-01	  4.37e-02	3.72334e-261
  1.24e-01	  4.43e-02	5.53757e-294
  1.24e-01	  4.48e-02	0.00000e+00
  1.24e-01	  4.53e-02	0.00000e+00
  1.24e-01	  4.58e-02	0.00000e+00
  1.24e-01	  4.64e-02	0.00000e+00
  1.24e-01	  4.69e-02	0.00000e+00
  1.24e-01	  4.74e-02	0.00000e+00
  1.24e-01	  4.79e-02	0.00000e+00
  1.24e-01	  4.84e-02	0.00000e+00
  1.24e-01	  4.90e-02	0.00000e+00
  1.24e-01	  4.95e-02	0.00000e+00

  1.25e-01	  0.00e+00	0.00000e+00
  1.25e-01	  5.21e-04	0.00000e+00
  1.25e-01	  1.04e-03	0.00000e+00
  1.25e-01	  1.56e-03	0.00000e+00
  1.25e-01	  2.08e-03	0.00000e+00
  1.25e-01	  2.60e-03	0.00000e+00
  1.25e-01	  3.12e-03	0.00000e+00
  1.25e-01	  3.65e-03	0.00000e+00
  1.25e-01	  4.17e-03	-6.65926e-293
  1.25e-01	  4.69e-03	-4.43702e-260
  1.25e-01	  5.21e-03	-2.95637e-227
  1.25e-01	  5.73e-03	-1.96982e-194
  1.25e-01	  6.25e-03	-1.31249e-161
  1.25e-01	  6.77e-03	-8.74516e-129
  1.25e-01	  7.29e-03	-5.82693e-96
  1.25e-01	  7.81e-03	-3.88250e-63
  1.25e-01	  8.33e-03	-2.58693e-30
  1.25e-01	  8.85e-03	-5.97521e+02
  1.25e-01	  9.37e-03	-1.41325e+01
  1.25e-01	  9.90e-03	-4.81198e+00
  1.25e-01	  1.04e-02	-2.42108e+00
  1.25e-01	  1.09e-02	-3.53839e-01
  1.25e-01	  1.15e-02	1.45484e+00
  1.25e-01	  1.20e-02	3.03919e+00
  1.25e-01	  1.25e-02	4.41895e+00
  1.25e-01	  1.30e-02	5.60730e+00
  1.25e-01	  1.35e-02	6.61514e+00
  1.25e-01	  1.41e-02	7.45323e+00
  1.25e-01	  1.46e-02	8.13341e+00
  1.25e-01	  1.51e-02	8.66906e+00
  1.25e-01	  1.56e-02	9.07513e+00
  1.25e-01	  1.61e-02	9.36797e+00
  1.25e-01	  1.67e-02	9.56488e+00
  1.25e-01	  1.72e-02	9.68360e+00
  1.25e-01	  1.77e-02	9.74174e+00
  1.25e-01	  1.82e-02	9.75622e+00
  1.25e-01	  1.88e-02	9.74280e+00
  1.25e-01	  1.93e-02	9.71566e+00
  1.25e-01	  1.98e-02	9.68710e+00
  1.25e-01	  2.03e-02	9.66743e+00
  1.25e-01	  2.08e-02	9.66489e+00
  1.25e-01	  2.14e-02	9.68572e+00
  1.25e-01	  2.19e-02	9.73434e+00
  1.25e-01	  2.24e-02	9.81345e+00
  1.25e-01	  2.29e-02	9.92430e+00
  1.25e-01	  2.34e-02	1.00668e+01
  1.25e-01	  2.40e-02	1.02399e+01
  1.25e-01	  2.45e-02	1.04412e+01
  1.25e-01	  2.50e-02	1.06677e+01
  1.25e-01	  2.55e-02	1.09153e+01
  1.25e-01	  2.60e-02	1.11790e+01
  1.25e-01	  2.66e-02	1.14532e+01
  1.25e-01	  2.71e-02	1.17311e+01
  1.25e-01	  2.76e-02	1.20055e+01
  1.25e-01	  2.81e-02	1.22683e+01
  1.25e-01	  2.86e-02	1.25109e+01
  1.25e-01	  2.92e-02	1.27243e+01
  1.25e-01	  2.97e-02	1.28991e+01
  1.25e-01	  3.02e-02	1.30261e+01
  1.25e-01	  3.07e-02	1.30959e+01
  1.25e-01	  3.13e-02	1.30995e+01
  1.25e-01	  3.18e-02	1.30285e+01
  1.25e-01	  3.23e-02	1.28750e+01
  1.25e-01	  3.28e-02	1.26319e+01
  1.25e-01	  3.33e-02	1.22929e+01
  1.25e-01	  3.39e-02	1.18531e+01
  1.25e-01	  3.44e-02	1.13086e+01
  1.25e-01	  3.49e-02	1.06574e+01
  1.25e-01	  3.54e-02	9.89949e+00
  1.25e-01	  3.59e-02	9.03739e+00
  1.25e-01	  3.65e-02	8.07691e+00
  1.25e-01	  3.70e-02	7.02764e+00
  1.25e-01	  3.75e-02	5.90325e+00
  1.25e-01	  3.80e-02	4.72139e+00
  1.25e-01	  3.85e-02	3.50306e+00
  1.25e-01	  3.91e-02	4.74022e+00
  1.25e-01	  3.96e-02	8.83971e+01
  1.25e-01	  4.01e-02	2.23960e-31
  1.25e-01	  4.06e-02	3.37602e-64
  1.25e-01	  4.11e-02	5.02299e-97
  1.25e-01	  4.17e-02	7.47265e-130
  1.25e-01	  4.22e-02	1.11159e-162
  1.25e-01	  4.27e-02	1.65339e-195
  1.25e-01	  4.32e-02	2.45906e-228
  1.25e-01	  4.37e-02	3.65701e-261
  1.25e-01	  4.43e-02	5.43812e-294
  1.25e-01	  4.48e-02	0.00000e+00
  1.25e-01	  4.53e-02	0.00000e+00
  1.25e-01	  4.58e-02	0.00000e+00
  1.25e-01	  4.64e-02	0.00000e+00
  1.25e-01	  4.69e-02	0.00000e+00
  1.25e-01	  4.74e-02	0.00000e+00
  1.25e-01	  4.79e-02	0.00000e+00
  1.25e-01	  4.84e-02	0.00000e+00
  1.25e-01	  4.90e-02	0.00000e+00
  1.25e-01	  4.95e-02	0.00000e+00

  1.26e-01	  0.00e+00	0.00000e+00
  1.26e-01	  5.21e-04	0.00000e+00
  1.26e-01	  1.04e-03	0.00000e+00
  1.26e-01	  1.56e-03	0.00000e+00
  1.26e-01	  2.08e-03	0.00000e+00
  1.26e-01	  2.60e-03	0.00000e+00
  1.26e-01	  3.12e-03	0.00000e+00
  1.26e-01	  3.65e-03	0.00000e+00
  1.26e-01	  4.17e-03	-6.63754e-293
  1.26e-01	  4.69e-03	-4.42247e-260
  1.26e-01	  5.21e-03	-2.94662e-227
  1.26e-01	  5.73e-03	-1.96329e-194
  1.26e-01	  6.25e-03	-1.30812e-161
  1.26e-01	  6.77e-03	-8.71586e-129
  1.26e-01	  7.29e-03	-5.80730e-96
  1.26e-01	  7.81e-03	-3.86935e-63
  1.26e-01	  8.33e-03	-2.57812e-30
  1.26e-01	  8.85e-03	-5.95979e+02
  1.26e-01	  9.37e-03	-1.47420e+01
  1.26e-01	  9.90e-03	-5.11852e+00
  1.26e-01	  1.04e-02	-2.70914e+00
  1.26e-01	  1.09e-02	-6.36473e-01
  1.26e-01	  1.15e-02	1.17295e+00
  1.26e-01	  1.20e-02	2.75774e+00
  1.26e-01	  1.25e-02	4.14003e+00
  1.26e-01	  1.30e-02	5.33432e+00
  1.26e-01	  1.35e-02	6.35209e+00
  1.26e-01	  1.41e-02	7.20427e+00
  1.26e-01	  1.46e-02	7.90248e+00
  1.26e-01	  1.51e-02	8.45965e+00
  1.26e-01	  1.56e-02	8.89011e+00
  1.26e-01	  1.61e-02	9.20947e+00
  1.26e-01	  1.67e-02	9.43424e+00
  1.26e-01	  1.72e-02	9.58140e+00
  1.26e-01	  1.77e-02	9.66785e+00
  1.26e-01	  1.82e-02	9.70994e+00
  1.26e-01	  1.88e-02	9.72299e+00
  1.26e-01	  1.93e-02	9.72089e+00
  1.26e-01	  1.98e-02	9.71582e+00
  1.26e-01	  2.03e-02	9.71809e+00
  1.26e-01	  2.08e-02	9.73604e+00
  1.26e-01	  2.14e-02	9.77608e+00
  1.26e-01	  2.19e-02	9.84278e+00
  1.26e-01	  2.24e-02	9.93901e+00
  1.26e-01	  2.29e-02	1.00661e+01
  1.26e-01	  2.34e-02	1.02239e+01
  1.26e-01	  2.40e-02	1.04111e+01
  1.26e-01	  2.45e-02	1.06254e+01
  1.26e-01	  2.50e-02	1.08631e+01
  1.26e-01	  2.55e-02	1.11198e+01
  1.26e-01	  2.60e-02	1.13902e+01
  1.26e-01	  2.66e-02	1.16680e+01
  1.26e-01	  2.71e-02	1.19462e+01
  1.26e-01	  2.76e-02	1.22170e+01
  1.26e-01	  2.81e-02	1.24722e+01
  1.26e-01	  2.86e-02	1.27029e+01
  1.26e-01	  2.92e-02	1.29000e+01
  1.26e-01	  2.97e-02	1.30543e+01
  1.26e-01	  3.02e-02	1.31565e+01
  1.26e-01	  3.07e-02	1.31976e+01
  1.26e-01	  3.13e-02	1.31690e+01
  1.26e-01	  3.18e-02	1.30627e+01
  1.26e-01	  3.23e-02	1.28712e+01
  1.26e-01	  3.28e-02	1.25881e+01
  1.26e-01	  3.33e-02	1.22079e+01
  1.26e-01	  3.39e-02	1.17266e+01
  1.26e-01	  3.44e-02	1.11418e+01
  1.26e-01	  3.49e-02	1.04531e+01
  1.26e-01	  3.54e-02	9.66284e+00
  1.26e-01	  3.59e-02	8.77664e+00
  1.26e-01	  3.65e-02	7.80402e+00
  1.26e-01	  3.70e-02	6.75895e+00
  1.26e-01	  3.75e-02	5.65985e+00
  1.26e-01	  3.80e-02	4.52897e+00
  1.26e-01	  3.85e-02	3.39150e+00
  1.26e-01	  3.91e-02	4.72114e+00
  1.26e-01	  3.96e-02	8.71625e+01
  1.26e-01	  4.01e-02	2.08752e-31
  1.26e-01	  4.06e-02	3.31795e-64
  1.26e-01	  4.11e-02	4.93591e-97
  1.26e-01	  4.17e-02	7.34211e-130
  1.26e-01	  4.22e-02	1.09203e-162
  1.26e-01	  4.27e-02	1.62407e-195
  1.26e-01	  4.32e-02	2.41512e-228
  1.26e-01	  4.37e-02	3.59119e-261
  1.26e-01	  4.43e-02	5.33953e-294
  1.26e-01	  4.48e-02	0.00000e+00
  1.26e-01	  4.53e-02	0.00000e+00
  1.26e-01	  4.58e-02	0.00000e+00
  1.26e-01	  4.64e-02	0.00000e+00
  1.26e-01	  4.69e-02	0.00000e+00
  1.26e-01	  4.74e-02	0.00000e+00
  1.26e-01	  4.79e-02	0.00000e+00
  1.26e-01	  4.84e-02	0.00000e+00
  1.26e-01	  4.90e-02	0.00000e+00
  1.26e-01	  4.95e-02	0.00000e+00

  1.27e-01	  0.00e+00	0.00000e+00
  1.27e-01	  5.21e-04	0.00000e+00
  1.27e-01	  1.04e-03	0.00000e+00
  1.27e-01	  1.56e-03	0.00000e+00
  1.27e-01	  2.08e-03	0.00000e+00
  1.27e-01	  2.60e-03	0.00000e+00
  1.27e-01	  3.12e-03	0.00000e+00
  1.27e-01	  3.65e-03	0.00000e+00
  1.27e-01	  4.17e-03	-6.61666e-293
  1.27e-01	  4.69e-03	-4.40848e-260
  1.27e-01	  5.21e-03	-2.93725e-227
  1.27e-01	  5.73e-03	-1.95701e-194
  1.27e-01	  6.25e-03	-1.30391e-161
  1.27e-01	  6.77e-03	-8.68765e-129
  1.27e-01	  7.29e-03	-5.78840e-96
  1.27e-01	  7.81e-03	-3.85669e-63
  1.27e-01	  8.33e-03	-2.56963e-30
  1.27e-01	  8.85e-03	-5.94491e+02
  1.27e-01	  9.37e-03	-1.53613e+01
  1.27e-01	  9.90e-03	-5.42543e+00
  1.27e-01	  1.04e-02	-2.99276e+00
  1.27e-01	  1.09e-02	-9.11497e-01
  1.27e-01	  1.15e-02	9.00877e-01
  1.27e-01	  1.20e-02	2.48759e+00
  1.27e-01	  1.25e-02	3.87327e+00
  1.27e-01	  1.30e-02	5.07379e+00
  1.27e-01	  1.35e-02	6.10128e+00
  1.27e-01	  1.41e-02	6.96687e+00
  1.27e-01	  1.46e-02	7.68208e+00
  1.27e-01	  1.51e-02	8.25945e+00
  1.27e-01	  1.56e-02	8.71281e+00
  1.27e-01	  1.61e-02	9.05711e+00
  1.27e-01	  1.67e-02	9.30819e+00
  1.27e-01	  1.72e-02	9.48236e+00
  1.27e-01	  1.77e-02	9.59592e+00
  1.27e-01	  1.82e-02	9.66469e+00
  1.27e-01	  1.88e-02	9.70359e+00
  1.27e-01	  1.93e-02	9.72625e+00
  1.27e-01	  1.98e-02	9.74472e+00
  1.27e-01	  2.03e-02	9.76926e+00
  1.27e-01	  2.08e-02	9.80827e+00
  1.27e-01	  2.14e-02	9.86828e+00
  1.27e-01	  2.19e-02	9.95394e+00
  1.27e-01	  2.24e-02	1.00682e+01
  1.27e-01	  2.29e-02	1.02124e+01
  1.27e-01	  2.34e-02	1.03864e+01
  1.27e-01	  2.40e-02	1.05888e+01
  1.27e-01	  2.45e-02	1.08167e+01
  1.27e-01	  2.50e-02	1.10666e+01
  1.27e-01	  2.55e-02	1.13334e+01
  1.27e-01	  2.60e-02	1.16114e+01
  1.27e-01	  2.66e-02	1.18940e+01
  1.27e-01	  2.71e-02	1.21738e+01
  1.27e-01	  2.76e-02	1.24427e+01
  1.27e-01	  2.81e-02	1.26921e+01
  1.27e-01	  2.86e-02	1.29130e+01
  1.27e-01	  2.92e-02	1.30963e+01
  1.27e-01	  2.97e-02	1.32326e+01
  1.27e-01	  3.02e-02	1.33127e+01
  1.27e-01	  3.07e-02	1.33278e+01
  1.27e-01	  3.13e-02	1.32694e+01
  1.27e-01	  3.18e-02	1.31296e+01
  1.27e-01	  3.23e-02	1.29012e+01
  1.27e-01	  3.28e-02	1.25781e+01
  1.27e-01	  3.33e-02	1.21554e+01
  1.27e-01	  3.39e-02	1.16296e+01
  1.27e-01	  3.44e-02	1.09994e+01
  1.27e-01	  3.49e-02	1.02661e+01
  1.27e-01	  3.54e-02	9.43425e+00
  1.27e-01	  3.59e-02	8.51280e+00
  1.27e-01	  3.65e-02	7.51559e+00
  1.27e-01	  3.70e-02	6.46192e+00
  1.27e-01	  3.75e-02	5.37637e+00
  1.27e-01	  3.80e-02	4.28782e+00
  1.27e-01	  3.85e-02	3.22838e+00
  1.27e-01	  3.91e-02	4.63058e+00
  1.27e-01	  3.96e-02	8.59327e+01
  1.27e-01	  4.01e-02	1.92158e-31
  1.27e-01	  4.06e-02	3.26067e-64
  1.27e-01	  4.11e-02	4.85009e-97
  1.27e-01	  4.17e-02	7.21355e-130
  1.27e-01	  4.22e-02	1.07277e-162
  1.27e-01	  4.27e-02	1.59522e-195
  1.27e-01	  4.32e-02	2.37191e-228
  1.27e-01	  4.37e-02	3.52646e-261
  1.27e-01	  4.43e-02	5.24254e-294
  1.27e-01	  4.48e-02	0.00000e+00
  1.27e-01	  4.53e-02	0.00000e+00
  1.27e-01	  4.58e-02	0.00000e+00
  1.27e-01	  4.64e-02	0.00000e+00
  1.27e-01	  4.69e-02	0.00000e+00
  1.27e-01	  4.74e-02	0.00000e+00
  1.27e-01	  4.79e-02	0.00000e+00
  1.27e-01	  4.84e-02	0.00000e+00
  1.27e-01	  4.90e-02	0.00000e+00
  1.27e-01	  4.95e-02	0.00000e+00

  1.27e-01	  0.00e+00	0.00000e+00
  1.27e-01	  5.21e-04	0.00000e+00
  1.27e-01	  1.04e-03	0.00000e+00
  1.27e-01	  1.56e-03	0.00000e+00
  1.27e-01	  2.08e-03	0.00000e+00
  1.27e-01	  2.60e-03	0.00000e+00
  1.27e-01	  3.12e-03	0.00000e+00
  1.27e-01	  3.65e-03	0.00000e+00
  1.27e-01	  4.17e-03	-6.59655e-293
  1.27e-01	  4.69e-03	-4.39500e-260
  1.27e-01	  5.21e-03	-2.92821e-227
  1.27e-01	  5.73e-03	-1.95096e-194
  1.27e-01	  6.25e-03	-1.29985e-161
  1.27e-01	  6.77e-03	-8.66046e-129
  1.27e-01	  7.29e-03	-5.77017e-96
  1.27e-01	  7.81e-03	-3.84447e-63
  1.27e-01	  8.33e-03	-2.56145e-30
  1.27e-01	  8.85e-03	-5.93054e+02
  1.27e-01	  9.37e-03	-1.59906e+01
  1.27e-01	  9.90e-03	-5.73304e+00
  1.27e-01	  1.04e-02	-3.27252e+00
  1.27e-01	  1.09e-02	-1.17974e+00
  1.27e-01	  1.15e-02	6.37618e-01
  1.27e-01	  1.20e-02	2.22761e+00
  1.27e-01	  1.25e-02	3.61748e+00
  1.27e-01	  1.30e-02	4.82450e+00
  1.27e-01	  1.35e-02	5.86156e+00
  1.27e-01	  1.41e-02	6.74002e+00
  1.27e-01	  1.46e-02	7.47134e+00
  1.27e-01	  1.51e-02	8.06780e+00
  1.27e-01	  1.56e-02	8.54275e+00
  1.27e-01	  1.61e-02	8.91064e+00
  1.27e-01	  1.67e-02	9.18670e+00
  1.27e-01	  1.72e-02	9.38666e+00
  1.27e-01	  1.77e-02	9.52627e+00
  1.27e-01	  1.82e-02	9.62092e+00
  1.27e-01	  1.88e-02	9.68515e+00
  1.27e-01	  1.93e-02	9.73233e+00
  1.27e-01	  1.98e-02	9.77437e+00
  1.27e-01	  2.03e-02	9.82148e+00
  1.27e-01	  2.08e-02	9.88209e+00
  1.27e-01	  2.14e-02	9.96275e+00
  1.27e-01	  2.19e-02	1.00682e+01
  1.27e-01	  2.24e-02	1.02014e+01
  1.27e-01	  2.29e-02	1.03638e+01
  1.27e-01	  2.34e-02	1.05550e+01
  1.27e-01	  2.40e-02	1.07735e+01
  1.27e-01	  2.45e-02	1.10163e+01
  1.27e-01	  2.50e-02	1.12794e+01
  1.27e-01	  2.55e-02	1.15576e+01
  1.27e-01	  2.60e-02	1.18448e+01
  1.27e-01	  2.66e-02	1.21339e+01
  1.27e-01	  2.71e-02	1.24172e+01
  1.27e-01	  2.76e-02	1.26864e+01
  1.27e-01	  2.81e-02	1.29327e+01
  1.27e-01	  2.86e-02	1.31467e+01
  1.27e-01	  2.92e-02	1.33193e+01
  1.27e-01	  2.97e-02	1.34410e+01
  1.27e-01	  3.02e-02	1.35027e+01
  1.27e-01	  3.07e-02	1.34952e+01
  1.27e-01	  3.13e-02	1.34101e+01
  1.27e-01	  3.18e-02	1.32395e+01
  1.27e-01	  3.23e-02	1.29761e+01
  1.27e-01	  3.28e-02	1.26137e+01
  1.27e-01	  3.33e-02	1.21476e+01
  1.27e-01	  3.39e-02	1.15745e+01
  1.27e-01	  3.44e-02	1.08940e+01
  1.27e-01	  3.49e-02	1.01085e+01
  1.27e-01	  3.54e-02	9.22511e+00
  1.27e-01	  3.59e-02	8.25596e+00
  1.27e-01	  3.65e-02	7.21960e+00
  1.27e-01	  3.70e-02	6.14132e+00
  1.27e-01	  3.75e-02	5.05281e+00
  1.27e-01	  3.80e-02	3.99115e+00
  1.27e-01	  3.85e-02	2.99804e+00
  1.27e-01	  3.91e-02	4.43218e+00
  1.27e-01	  3.96e-02	8.47145e+01
  1.27e-01	  4.01e-02	1.73733e-31
  1.27e-01	  4.06e-02	3.20465e-64
  1.27e-01	  4.11e-02	4.76612e-97
  1.27e-01	  4.17e-02	7.08766e-130
  1.27e-01	  4.22e-02	1.05389e-162
  1.27e-01	  4.27e-02	1.56691e-195
  1.27e-01	  4.32e-02	2.32942e-228
  1.27e-01	  4.37e-02	3.46265e-261
  1.27e-01	  4.43e-02	5.14669e-294
  1.27e-01	  4.48e-02	0.00000e+00
  1.27e-01	  4.53e-02	0.00000e+00
  1.27e-01	  4.58e-02	0.00000e+00
  1.27e-01	  4.64e-02	0.00000e+00
  1.27e-01	  4.69e-02	0.00000e+00
  1.27e-01	  4.74e-02	0.00000e+00
  1.27e-01	  4.79e-02	0.00000e+00
  1.27e-01	  4.84e-02	0.00000e+00
  1.27e-01	  4.90e-02	0.00000e+00
  1.27e-01	  4.95e-02	0.00000e+00

  1.28e-01	  0.00e+00	0.00000e+00
  1.28e-01	  5.21e-04	0.00000e+00
  1.28e-01	  1.04e-03	0.00000e+00
  1.28e-01	  1.56e-03	0.00000e+00
  1.28e-01	  2.08e-03	0.00000e+00
  1.28e-01	  2.60e-03	0.00000e+00
  1.28e-01	  3.12e-03	0.00000e+00
  1.28e-01	  3.65e-03	0.00000e+00
  1.28e-01	  4.17e-03	-6.57711e-293
  1.28e-01	  4.69e-03	-4.38198e-260
  1.28e-01	  5.21e-03	-2.91948e-227
  1.28e-01	  5.73e-03	-1.94511e-194
  1.28e-01	  6.25e-03	-1.29593e-161
  1.28e-01	  6.77e-03	-8.63417e-129
  1.28e-01	  7.29e-03	-5.75255e-96
  1.28e-01	  7.81e-03	-3.83266e-63
  1.28e-01	  8.33e-03	-2.55353e-30
  1.28e-01	  8.85e-03	-5.91663e+02
  1.28e-01	  9.37e-03	-1.66305e+01
  1.28e-01	  9.90e-03	-6.04217e+00
  1.28e-01	  1.04e-02	-3.54918e+00
  1.28e-01	  1.09e-02	-1.44199e+00
  1.28e-01	  1.15e-02	3.82257e-01
  1.28e-01	  1.20e-02	1.97679e+00
  1.28e-01	  1.25e-02	3.37159e+00
  1.28e-01	  1.30e-02	4.58542e+00
  1.28e-01	  1.35e-02	5.63193e+00
  1.28e-01	  1.41e-02	6.52280e+00
  1.28e-01	  1.46e-02	7.26950e+00
  1.28e-01	  1.51e-02	7.88407e+00
  1.28e-01	  1.56e-02	8.37952e+00
  1.28e-01	  1.61e-02	8.76981e+00
  1.28e-01	  1.67e-02	9.06970e+00
  1.28e-01	  1.72e-02	9.29438e+00
  1.28e-01	  1.77e-02	9.45915e+00
  1.28e-01	  1.82e-02	9.57897e+00
  1.28e-01	  1.88e-02	9.66806e+00
  1.28e-01	  1.93e-02	9.73956e+00
  1.28e-01	  1.98e-02	9.80522e+00
  1.28e-01	  2.03e-02	9.87520e+00
  1.28e-01	  2.08e-02	9.95790e+00
  1.28e-01	  2.14e-02	1.00599e+01
  1.28e-01	  2.19e-02	1.01860e+01
  1.28e-01	  2.24e-02	1.03391e+01
  1.28e-01	  2.29e-02	1.05206e+01
  1.28e-01	  2.34e-02	1.07302e+01
  1.28e-01	  2.40e-02	1.09661e+01
  1.28e-01	  2.45e-02	1.12251e+01
  1.28e-01	  2.50e-02	1.15030e+01
  1.28e-01	  2.55e-02	1.17942e+01
  1.28e-01	  2.60e-02	1.20924e+01
  1.28e-01	  2.66e-02	1.23903e+01
  1.28e-01	  2.71e-02	1.26797e+01
  1.28e-01	  2.76e-02	1.29522e+01
  1.28e-01	  2.81e-02	1.31986e+01
  1.28e-01	  2.86e-02	1.34096e+01
  1.28e-01	  2.92e-02	1.35755e+01
  1.28e-01	  2.97e-02	1.36870e+01
  1.28e-01	  3.02e-02	1.37346e+01
  1.28e-01	  3.07e-02	1.37089e+01
  1.28e-01	  3.13e-02	1.36014e+01
  1.28e-01	  3.18e-02	1.34035e+01
  1.28e-01	  3.23e-02	1.31078e+01
  1.28e-01	  3.28e-02	1.27077e+01
  1.28e-01	  3.33e-02	1.21979e+01
  1.28e-01	  3.39e-02	1.15755e+01
  1.28e-01	  3.44e-02	1.08401e+01
  1.28e-01	  3.49e-02	9.99567e+00
  1.28e-01	  3.54e-02	9.05122e+00
  1.28e-01	  3.59e-02	8.02242e+00
  1.28e-01	  3.65e-02	6.93251e+00
  1.28e-01	  3.70e-02	5.81265e+00
  1.28e-01	  3.75e-02	4.70152e+00
  1.28e-01	  3.80e-02	3.64446e+00
  1.28e-01	  3.85e-02	2.69384e+00
  1.28e-01	  3.91e-02	4.09003e+00
  1.28e-01	  3.96e-02	8.35039e+01
  1.28e-01	  4.01e-02	1.53109e-31
  1.28e-01	  4.06e-02	3.14965e-64
  1.28e-01	  4.11e-02	4.68342e-97
  1.28e-01	  4.17e-02	6.96320e-130
  1.28e-01	  4.22e-02	1.03515e-162
  1.28e-01	  4.27e-02	1.53865e-195
  1.28e-01	  4.32e-02	2.28678e-228
  1.28e-01	  4.37e-02	3.39825e-261
  1.28e-01	  4.43e-02	5.04931e-294
  1.28e-01	  4.48e-02	0.00000e+00
  1.28e-01	  4.53e-02	0.00000e+00
  1.28e-01	  4.58e-02	0.00000e+00
  1.28e-01	  4.64e-02	0.00000e+00
  1.28e-01	  4.69e-02	0.00000e+00
  1.28e-01	  4.74e-02	0.00000e+00
  1.28e-01	  4.79e-02	0.00000e+00
  1.28e-01	  4.84e-02	0.00000e+00
  1.28e-01	  4.90e-02	0.00000e+00
  1.28e-01	  4.95e-02	0.00000e+00

  1.29e-01	  0.00e+00	0.00000e+00
  1.29e-01	  5.21e-04	0.00000e+00
  1.29e-01	  1.04e-03	0.00000e+00
  1.29e-01	  1.56e-03	0.00000e+00
  1.29e-01	  2.08e-03	0.00000e+00
  1.29e-01	  2.60e-03	0.00000e+00
  1.29e-01	  3.12e-03	0.00000e+00
  1.29e-01	  3.65e-03	0.00000e+00
  1.29e-01	  4.17e-03	-6.55827e-293
  1.29e-01	  4.69e-03	-4.36935e-260
  1.29e-01	  5.21e-03	-2.91102e-227
  1.29e-01	  5.73e-03	-1.93943e-194
  1.29e-01	  6.25e-03	-1.29213e-161
  1.29e-01	  6.77e-03	-8.60869e-129
  1.29e-01	  7.29e-03	-5.73547e-96
  1.29e-01	  7.81e-03	-3.82122e-63
  1.29e-01	  8.33e-03	-2.54586e-30
  1.29e-01	  8.85e-03	-5.90314e+02
  1.29e-01	  9.37e-03	-1.72829e+01
  1.29e-01	  9.90e-03	-6.35340e+00
  1.29e-01	  1.04e-02	-3.82317e+00
  1.29e-01	  1.09e-02	-1.69888e+00
  1.29e-01	  1.15e-02	1.34023e-01
  1.29e-01	  1.20e-02	1.73427e+00
  1.29e-01	  1.25e-02	3.13470e+00
  1.29e-01	  1.30e-02	4.35562e+00
  1.29e-01	  1.35e-02	5.41151e+00
  1.29e-01	  1.41e-02	6.31442e+00
  1.29e-01	  1.46e-02	7.07585e+00
  1.29e-01	  1.51e-02	7.70771e+00
  1.29e-01	  1.56e-02	8.22269e+00
  1.29e-01	  1.61e-02	8.63438e+00
  1.29e-01	  1.67e-02	8.95708e+00
  1.29e-01	  1.72e-02	9.20556e+00
  1.29e-01	  1.77e-02	9.39470e+00
  1.29e-01	  1.82e-02	9.53908e+00
  1.29e-01	  1.88e-02	9.65263e+00
  1.29e-01	  1.93e-02	9.74828e+00
  1.29e-01	  1.98e-02	9.83763e+00
  1.29e-01	  2.03e-02	9.93076e+00
  1.29e-01	  2.08e-02	1.00360e+01
  1.29e-01	  2.14e-02	1.01601e+01
  1.29e-01	  2.19e-02	1.03076e+01
  1.29e-01	  2.24e-02	1.04817e+01
  1.29e-01	  2.29e-02	1.06835e+01
  1.29e-01	  2.34e-02	1.09126e+01
  1.29e-01	  2.40e-02	1.11673e+01
  1.29e-01	  2.45e-02	1.14441e+01
  1.29e-01	  2.50e-02	1.17386e+01
  1.29e-01	  2.55e-02	1.20450e+01
  1.29e-01	  2.60e-02	1.23567e+01
  1.29e-01	  2.66e-02	1.26661e+01
  1.29e-01	  2.71e-02	1.29649e+01
  1.29e-01	  2.76e-02	1.32443e+01
  1.29e-01	  2.81e-02	1.34949e+01
  1.29e-01	  2.86e-02	1.37073e+01
  1.29e-01	  2.92e-02	1.38717e+01
  1.29e-01	  2.97e-02	1.39782e+01
  1.29e-01	  3.02e-02	1.40170e+01
  1.29e-01	  3.07e-02	1.39785e+01
  1.29e-01	  3.13e-02	1.38534e+01
  1.29e-01	  3.18e-02	1.36327e+01
  1.29e-01	  3.23e-02	1.33080e+01
  1.29e-01	  3.28e-02	1.28720e+01
  1.29e-01	  3.33e-02	1.23189e+01
  1.29e-01	  3.39e-02	1.16455e+01
  1.29e-01	  3.44e-02	1.08518e+01
  1.29e-01	  3.49e-02	9.94287e+00
  1.29e-01	  3.54e-02	8.93021e+00
  1.29e-01	  3.59e-02	7.83290e+00
  1.29e-01	  3.65e-02	6.67854e+00
  1.29e-01	  3.70e-02	5.50319e+00
  1.29e-01	  3.75e-02	4.35078e+00
  1.29e-01	  3.80e-02	3.27254e+00
  1.29e-01	  3.85e-02	2.32926e+00
  1.29e-01	  3.91e-02	3.58740e+00
  1.29e-01	  3.96e-02	8.22783e+01
  1.29e-01	  4.01e-02	1.30062e-31
  1.29e-01	  4.06e-02	3.09412e-64
  1.29e-01	  4.11e-02	4.59928e-97
  1.29e-01	  4.17e-02	6.83558e-130
  1.29e-01	  4.22e-02	1.01576e-162
  1.29e-01	  4.27e-02	1.50917e-195
  1.29e-01	  4.32e-02	2.24189e-228
  1.29e-01	  4.37e-02	3.32981e-261
  1.29e-01	  4.43e-02	4.94482e-294
  1.29e-01	  4.48e-02	0.00000e+00
  1.29e-01	  4.53e-02	0.00000e+00
  1.29e-01	  4.58e-02	0.00000e+00
  1.29e-01	  4.64e-02	0.00000e+00
  1.29e-01	  4.69e-02	0.00000e+00
  1.29e-01	  4.74e-02	0.00000e+00
  1.29e-01	  4.79e-02	0.00000e+00
  1.29e-01	  4.84e-02	0.00000e+00
  1.29e-01	  4.90e-02	0.00000e+00
  1.29e-01	  4.95e-02	0.00000e+00

  1.30e-01	  0.00e+00	0.00000e+00
  1.30e-01	  5.21e-04	0.00000e+00
  1.30e-01	  1.04e-03	0.00000e+00
  1.30e-01	  1.56e-03	0.00000e+00
  1.30e-01	  2.08e-03	0.00000e+00
  1.30e-01	  2.60e-03	0.00000e+00
  1.30e-01	  3.12e-03	0.00000e+00
  1.30e-01	  3.65e-03	0.00000e+00
  1.30e-01	  4.17e-03	-6.53993e-293
  1.30e-01	  4.69e-03	-4.35706e-260
  1.30e-01	  5.21e-03	-2.90279e-227
  1.30e-01	  5.73e-03	-1.93391e-194
  1.30e-01	  6.25e-03	-1.28843e-161
  1.30e-01	  6.77e-03	-8.58390e-129
  1.30e-01	  7.29e-03	-5.71885e-96
  1.30e-01	  7.81e-03	-3.81008e-63
  1.30e-01	  8.33e-03	-2.53839e-30
  1.30e-01	  8.85e-03	-5.89000e+02
  1.30e-01	  9.37e-03	-1.79499e+01
  1.30e-01	  9.90e-03	-6.66743e+00
  1.30e-01	  1.04e-02	-4.09495e+00
  1.30e-01	  1.09e-02	-1.95098e+00
  1.30e-01	  1.15e-02	-1.07750e-01
  1.30e-01	  1.20e-02	1.49930e+00
  1.30e-01	  1.25e-02	2.90599e+00
  1.30e-01	  1.30e-02	4.13429e+00
  1.30e-01	  1.35e-02	5.19952e+00
  1.30e-01	  1.41e-02	6.11414e+00
  1.30e-01	  1.46e-02	6.88977e+00
  1.30e-01	  1.51e-02	7.53819e+00
  1.30e-01	  1.56e-02	8.07187e+00
  1.30e-01	  1.61e-02	8.50407e+00
  1.30e-01	  1.67e-02	8.84871e+00
  1.30e-01	  1.72e-02	9.12019e+00
  1.30e-01	  1.77e-02	9.33300e+00
  1.30e-01	  1.82e-02	9.50141e+00
  1.30e-01	  1.88e-02	9.63909e+00
  1.30e-01	  1.93e-02	9.75875e+00
  1.30e-01	  1.98e-02	9.87188e+00
  1.30e-01	  2.03e-02	9.98845e+00
  1.30e-01	  2.08e-02	1.01168e+01
  1.30e-01	  2.14e-02	1.02635e+01
  1.30e-01	  2.19e-02	1.04334e+01
  1.30e-01	  2.24e-02	1.06294e+01
  1.30e-01	  2.29e-02	1.08527e+01
  1.30e-01	  2.34e-02	1.11029e+01
  1.30e-01	  2.40e-02	1.13779e+01
  1.30e-01	  2.45e-02	1.16745e+01
  1.30e-01	  2.50e-02	1.19877e+01
  1.30e-01	  2.55e-02	1.23118e+01
  1.30e-01	  2.60e-02	1.26399e+01
  1.30e-01	  2.66e-02	1.29642e+01
  1.30e-01	  2.71e-02	1.32762e+01
  1.30e-01	  2.76e-02	1.35668e+01
  1.30e-01	  2.81e-02	1.38267e+01
  1.30e-01	  2.86e-02	1.40459e+01
  1.30e-01	  2.92e-02	1.42143e+01
  1.30e-01	  2.97e-02	1.43217e+01
  1.30e-01	  3.02e-02	1.43579e+01
  1.30e-01	  3.07e-02	1.43123e+01
  1.30e-01	  3.13e-02	1.41749e+01
  1.30e-01	  3.18e-02	1.39357e+01
  1.30e-01	  3.23e-02	1.35851e+01
  1.30e-01	  3.28e-02	1.31149e+01
  1.30e-01	  3.33e-02	1.25185e+01
  1.30e-01	  3.39e-02	1.17925e+01
  1.30e-01	  3.44e-02	1.09378e+01
  1.30e-01	  3.49e-02	9.96109e+00
  1.30e-01	  3.54e-02	8.87673e+00
  1.30e-01	  3.59e-02	7.70737e+00
  1.30e-01	  3.65e-02	6.48423e+00
  1.30e-01	  3.70e-02	5.24638e+00
  1.30e-01	  3.75e-02	4.03974e+00
  1.30e-01	  3.80e-02	2.91697e+00
  1.30e-01	  3.85e-02	1.94142e+00
  1.30e-01	  3.91e-02	2.94714e+00
  1.30e-01	  3.96e-02	8.09876e+01
  1.30e-01	  4.01e-02	1.04579e-31
  1.30e-01	  4.06e-02	3.03472e-64
  1.30e-01	  4.11e-02	4.50836e-97
  1.30e-01	  4.17e-02	6.69623e-130
  1.30e-01	  4.22e-02	9.94382e-163
  1.30e-01	  4.27e-02	1.47634e-195
  1.30e-01	  4.32e-02	2.19142e-228
  1.30e-01	  4.37e-02	3.25215e-261
  1.30e-01	  4.43e-02	4.82526e-294
  1.30e-01	  4.48e-02	0.00000e+00
  1.30e-01	  4.53e-02	0.00000e+00
  1.30e-01	  4.58e-02	0.00000e+00
  1.30e-01	  4.64e-02	0.00000e+00
  1.30e-01	  4.69e-02	0.00000e+00
  1.30e-01	  4.74e-02	0.00000e+00
  1.30e-01	  4.79e-02	0.00000e+00
  1.30e-01	  4.84e-02	0.00000e+00
  1.30e-01	  4.90e-02	0.00000e+00
  1.30e-01	  4.95e-02	0.00000e+00

  1.30e-01	  0.00e+00	0.00000e+00
  1.30e-01	  5.21e-04	0.00000e+00
  1.30e-01	  1.04e-03	0.00000e+00
  1.30e-01	  1.56e-03	0.00000e+00
  1.30e-01	  2.08e-03	0.00000e+00
  1.30e-01	  2.60e-03	0.00000e+00
  1.30e-01	  3.12e-03	0.00000e+00
  1.30e-01	  3.65e-03	0.00000e+00
  1.30e-01	  4.17e-03	-6.52200e-293
  1.30e-01	  4.69e-03	-4.34505e-260
  1.30e-01	  5.21e-03	-2.89474e-227
  1.30e-01	  5.73e-03	-1.92852e-194
  1.30e-01	  6.25e-03	-1.28481e-161
  1.30e-01	  6.77e-03	-8.55967e-129
  1.30e-01	  7.29e-03	-5.70262e-96
  1.30e-01	  7.81e-03	-3.79920e-63
  1.30e-01	  8.33e-03	-2.53110e-30
  1.30e-01	  8.85e-03	-5.87716e+02
  1.30e-01	  9.37e-03	-1.86330e+01
  1.30e-01	  9.90e-03	-6.98506e+00
  1.30e-01	  1.04e-02	-4.36496e+00
  1.30e-01	  1.09e-02	-2.19864e+00
  1.30e-01	  1.15e-02	-3.43625e-01
  1.30e-01	  1.20e-02	1.27119e+00
  1.30e-01	  1.25e-02	2.68476e+00
  1.30e-01	  1.30e-02	3.92071e+00
  1.30e-01	  1.35e-02	4.99526e+00
  1.30e-01	  1.41e-02	5.92133e+00
  1.30e-01	  1.46e-02	6.71067e+00
  1.30e-01	  1.51e-02	7.37503e+00
  1.30e-01	  1.56e-02	7.92669e+00
  1.30e-01	  1.61e-02	8.37861e+00
  1.30e-01	  1.67e-02	8.74443e+00
  1.30e-01	  1.72e-02	9.03819e+00
  1.30e-01	  1.77e-02	9.27407e+00
  1.30e-01	  1.82e-02	9.46606e+00
  1.30e-01	  1.88e-02	9.62757e+00
  1.30e-01	  1.93e-02	9.77115e+00
  1.30e-01	  1.98e-02	9.90814e+00
  1.30e-01	  2.03e-02	1.00485e+01
  1.30e-01	  2.08e-02	1.02004e+01
  1.30e-01	  2.14e-02	1.03706e+01
  1.30e-01	  2.19e-02	1.05637e+01
  1.30e-01	  2.24e-02	1.07827e+01
  1.30e-01	  2.29e-02	1.10288e+01
  1.30e-01	  2.34e-02	1.13016e+01
  1.30e-01	  2.40e-02	1.15989e+01
  1.30e-01	  2.45e-02	1.19172e+01
  1.30e-01	  2.50e-02	1.22518e+01
  1.30e-01	  2.55e-02	1.25965e+01
  1.30e-01	  2.60e-02	1.29444e+01
  1.30e-01	  2.66e-02	1.32874e+01
  1.30e-01	  2.71e-02	1.36171e+01
  1.30e-01	  2.76e-02	1.39241e+01
  1.30e-01	  2.81e-02	1.41986e+01
  1.30e-01	  2.86e-02	1.44305e+01
  1.30e-01	  2.92e-02	1.46092e+01
  1.30e-01	  2.97e-02	1.47239e+01
  1.30e-01	  3.02e-02	1.47633e+01
  1.30e-01	  3.07e-02	1.47162e+01
  1.30e-01	  3.13e-02	1.45711e+01
  1.30e-01	  3.18e-02	1.43165e+01
  1.30e-01	  3.23e-02	1.39417e+01
  1.30e-01	  3.28e-02	1.34373e+01
  1.30e-01	  3.33e-02	1.27962e+01
  1.30e-01	  3.39e-02	1.20156e+01
  1.30e-01	  3.44e-02	1.10978e+01
  1.30e-01	  3.49e-02	1.00525e+01
  1.30e-01	  3.54e-02	8.89739e+00
  1.30e-01	  3.59e-02	7.65862e+00
  1.30e-01	  3.65e-02	6.36970e+00
  1.30e-01	  3.70e-02	5.07013e+00
  1.30e-01	  3.75e-02	3.80408e+00
  1.30e-01	  3.80e-02	2.62070e+00
  1.30e-01	  3.85e-02	1.57895e+00
  1.30e-01	  3.91e-02	2.23545e+00
  1.30e-01	  3.96e-02	7.95510e+01
  1.30e-01	  4.01e-02	7.69564e-32
  1.30e-01	  4.06e-02	2.96674e-64
  1.30e-01	  4.11e-02	4.40343e-97
  1.30e-01	  4.17e-02	6.53422e-130
  1.30e-01	  4.22e-02	9.69357e-163
  1.30e-01	  4.27e-02	1.43768e-195
  1.30e-01	  4.32e-02	2.13168e-228
  1.30e-01	  4.37e-02	3.15985e-261
  1.30e-01	  4.43e-02	4.68263e-294
  1.30e-01	  4.48e-02	0.00000e+00
  1.30e-01	  4.53e-02	0.00000e+00
  1.30e-01	  4.58e-02	0.00000e+00
  1.30e-01	  4.64e-02	0.00000e+00
  1.30e-01	  4.69e-02	0.00000e+00
  1.30e-01	  4.74e-02	0.00000e+00
  1.30e-01	  4.79e-02	0.00000e+00
  1.30e-01	  4.84e-02	0.00000e+00
  1.30e-01	  4.90e-02	0.00000e+00
  1.30e-01	  4.95e-02	0.00000e+00

  1.31e-01	  0.00e+00	0.00000e+00
  1.31e-01	  5.21e-04	0.00000e+00
  1.31e-01	  1.04e-03	0.00000e+00
  1.31e-01	  1.56e-03	0.00000e+00
  1.31e-01	  2.08e-03	0.00000e+00
  1.31e-01	  2.60e-03	0.00000e+00
  1.31e-01	  3.12e-03	0.00000e+00
  1.31e-01	  3.65e-03	0.00000e+00
  1.31e-01	  4.17e-03	-6.50438e-293
  1.31e-01	  4.69e-03	-4.33324e-260
  1.31e-01	  5.21e-03	-2.88683e-227
  1.31e-01	  5.73e-03	-1.92322e-194
  1.31e-01	  6.25e-03	-1.28127e-161
  1.31e-01	  6.77e-03	-8.53590e-129
  1.31e-01	  7.29e-03	-5.68669e-96
  1.31e-01	  7.81e-03	-3.78852e-63
  1.31e-01	  8.33e-03	-2.52395e-30
  1.31e-01	  8.85e-03	-5.86455e+02
  1.31e-01	  9.37e-03	-1.93339e+01
  1.31e-01	  9.90e-03	-7.30656e+00
  1.31e-01	  1.04e-02	-4.63362e+00
  1.31e-01	  1.09e-02	-2.44232e+00
  1.31e-01	  1.15e-02	-5.74109e-01
  1.31e-01	  1.20e-02	1.04936e+00
  1.31e-01	  1.25e-02	2.47037e+00
  1.31e-01	  1.30e-02	3.71423e+00
  1.31e-01	  1.35e-02	4.79811e+00
  1.31e-01	  1.41e-02	5.73540e+00
  1.31e-01	  1.46e-02	6.53805e+00
  1.31e-01	  1.51e-02	7.21780e+00
  1.31e-01	  1.56e-02	7.78678e+00
  1.31e-01	  1.61e-02	8.25776e+00
  1.31e-01	  1.67e-02	8.64407e+00
  1.31e-01	  1.72e-02	8.95948e+00
  1.31e-01	  1.77e-02	9.21790e+00
  1.31e-01	  1.82e-02	9.43305e+00
  1.31e-01	  1.88e-02	9.61816e+00
  1.31e-01	  1.93e-02	9.78558e+00
  1.31e-01	  1.98e-02	9.94656e+00
  1.31e-01	  2.03e-02	1.01109e+01
  1.31e-01	  2.08e-02	1.02870e+01
  1.31e-01	  2.14e-02	1.04813e+01
  1.31e-01	  2.19e-02	1.06986e+01
  1.31e-01	  2.24e-02	1.09418e+01
  1.31e-01	  2.29e-02	1.12122e+01
  1.31e-01	  2.34e-02	1.15093e+01
  1.31e-01	  2.40e-02	1.18309e+01
  1.31e-01	  2.45e-02	1.21735e+01
  1.31e-01	  2.50e-02	1.25322e+01
  1.31e-01	  2.55e-02	1.29009e+01
  1.31e-01	  2.60e-02	1.32724e+01
  1.31e-01	  2.66e-02	1.36386e+01
  1.31e-01	  2.71e-02	1.39909e+01
  1.31e-01	  2.76e-02	1.43196e+01
  1.31e-01	  2.81e-02	1.46147e+01
  1.31e-01	  2.86e-02	1.48655e+01
  1.31e-01	  2.92e-02	1.50606e+01
  1.31e-01	  2.97e-02	1.51883e+01
  1.31e-01	  3.02e-02	1.52363e+01
  1.31e-01	  3.07e-02	1.51916e+01
  1.31e-01	  3.13e-02	1.50411e+01
  1.31e-01	  3.18e-02	1.47718e+01
  1.31e-01	  3.23e-02	1.43715e+01
  1.31e-01	  3.28e-02	1.38300e+01
  1.31e-01	  3.33e-02	1.31409e+01
  1.31e-01	  3.39e-02	1.23026e+01
  1.31e-01	  3.44e-02	1.13209e+01
  1.31e-01	  3.49e-02	1.02091e+01
  1.31e-01	  3.54e-02	8.98877e+00
  1.31e-01	  3.59e-02	7.68845e+00
  1.31e-01	  3.65e-02	6.34203e+00
  1.31e-01	  3.70e-02	4.98681e+00
  1.31e-01	  3.75e-02	3.66224e+00
  1.31e-01	  3.80e-02	2.41058e+00
  1.31e-01	  3.85e-02	1.28152e+00
  1.31e-01	  3.91e-02	1.53969e+00
  1.31e-01	  3.96e-02	7.78701e+01
  1.31e-01	  4.01e-02	4.78932e-32
  1.31e-01	  4.06e-02	2.88551e-64
  1.31e-01	  4.11e-02	4.27775e-97
  1.31e-01	  4.17e-02	6.33982e-130
  1.31e-01	  4.22e-02	9.39301e-163
  1.31e-01	  4.27e-02	1.39123e-195
  1.31e-01	  4.32e-02	2.05994e-228
  1.31e-01	  4.37e-02	3.04911e-261
  1.31e-01	  4.43e-02	4.51179e-294
  1.31e-01	  4.48e-02	0.00000e+00
  1.31e-01	  4.53e-02	0.00000e+00
  1.31e-01	  4.58e-02	0.00000e+00
  1.31e-01	  4.64e-02	0.00000e+00
  1.31e-01	  4.69e-02	0.00000e+00
  1.31e-01	  4.74e-02	0.00000e+00
  1.31e-01	  4.79e-02	0.00000e+00
  1.31e-01	  4.84e-02	0.00000e+00
  1.31e-01	  4.90e-02	0.00000e+00
  1.31e-01	  4.95e-02	0.00000e+00

  1.32e-01	  0.00e+00	0.00000e+00
  1.32e-01	  5.21e-04	0.00000e+00
  1.32e-01	  1.04e-03	0.00000e+00
  1.32e-01	  1.56e-03	0.00000e+00
  1.32e-01	  2.08e-03	0.00000e+00
  1.32e-01	  2.60e-03	0.00000e+00
  1.32e-01	  3.12e-03	0.00000e+00
  1.32e-01	  3.65e-03	0.00000e+00
  1.32e-01	  4.17e-03	-6.48695e-293
  1.32e-01	  4.69e-03	-4.32157e-260
  1.32e-01	  5.21e-03	-2.87902e-227
  1.32e-01	  5.73e-03	-1.91799e-194
  1.32e-01	  6.25e-03	-1.27776e-161
  1.32e-01	  6.77e-03	-8.51243e-129
  1.32e-01	  7.29e-03	-5.67097e-96
  1.32e-01	  7.81e-03	-3.77800e-63
  1.32e-01	  8.33e-03	-2.51690e-30
  1.32e-01	  8.85e-03	-5.85212e+02
  1.32e-01	  9.37e-03	-2.00542e+01
  1.32e-01	  9.90e-03	-7.63317e+00
  1.32e-01	  1.04e-02	-4.90183e+00
  1.32e-01	  1.09e-02	-2.68256e+00
  1.32e-01	  1.15e-02	-7.99629e-01
  1.32e-01	  1.20e-02	8.33325e-01
  1.32e-01	  1.25e-02	2.26228e+00
  1.32e-01	  1.30e-02	3.51431e+00
  1.32e-01	  1.35e-02	4.60753e+00
  1.32e-01	  1.41e-02	5.55585e+00
  1.32e-01	  1.46e-02	6.37145e+00
  1.32e-01	  1.51e-02	7.06609e+00
  1.32e-01	  1.56e-02	7.65183e+00
  1.32e-01	  1.61e-02	8.14124e+00
  1.32e-01	  1.67e-02	8.54744e+00
  1.32e-01	  1.72e-02	8.88395e+00
  1.32e-01	  1.77e-02	9.16443e+00
  1.32e-01	  1.82e-02	9.40239e+00
  1.32e-01	  1.88e-02	9.61087e+00
  1.32e-01	  1.93e-02	9.80210e+00
  1.32e-01	  1.98e-02	9.98721e+00
  1.32e-01	  2.03e-02	1.01760e+01
  1.32e-01	  2.08e-02	1.03767e+01
  1.32e-01	  2.14e-02	1.05959e+01
  1.32e-01	  2.19e-02	1.08384e+01
  1.32e-01	  2.24e-02	1.11071e+01
  1.32e-01	  2.29e-02	1.14033e+01
  1.32e-01	  2.34e-02	1.17266e+01
  1.32e-01	  2.40e-02	1.20748e+01
  1.32e-01	  2.45e-02	1.24443e+01
  1.32e-01	  2.50e-02	1.28303e+01
  1.32e-01	  2.55e-02	1.32266e+01
  1.32e-01	  2.60e-02	1.36259e+01
  1.32e-01	  2.66e-02	1.40202e+01
  1.32e-01	  2.71e-02	1.44003e+01
  1.32e-01	  2.76e-02	1.47564e+01
  1.32e-01	  2.81e-02	1.50778e+01
  1.32e-01	  2.86e-02	1.53532e+01
  1.32e-01	  2.92e-02	1.55700e+01
  1.32e-01	  2.97e-02	1.57152e+01
  1.32e-01	  3.02e-02	1.57747e+01
  1.32e-01	  3.07e-02	1.57335e+01
  1.32e-01	  3.13e-02	1.55765e+01
  1.32e-01	  3.18e-02	1.52890e+01
  1.32e-01	  3.23e-02	1.48580e+01
  1.32e-01	  3.28e-02	1.42737e+01
  1.32e-01	  3.33e-02	1.35314e+01
  1.32e-01	  3.39e-02	1.26332e+01
  1.32e-01	  3.44e-02	1.15889e+01
  1.32e-01	  3.49e-02	1.04162e+01
  1.32e-01	  3.54e-02	9.13967e+00
  1.32e-01	  3.59e-02	7.78852e+00
  1.32e-01	  3.65e-02	6.39485e+00
  1.32e-01	  3.70e-02	4.99171e+00
  1.32e-01	  3.75e-02	3.61243e+00
  1.32e-01	  3.80e-02	2.29133e+00
  1.32e-01	  3.85e-02	1.06753e+00
  1.32e-01	  3.91e-02	9.34278e-01
  1.32e-01	  3.96e-02	7.58630e+01
  1.32e-01	  4.01e-02	1.84798e-32
  1.32e-01	  4.06e-02	2.78819e-64
  1.32e-01	  4.11e-02	4.12754e-97
  1.32e-01	  4.17e-02	6.10817e-130
  1.32e-01	  4.22e-02	9.03607e-163
  1.32e-01	  4.27e-02	1.33627e-195
  1.32e-01	  4.32e-02	1.97540e-228
  1.32e-01	  4.37e-02	2.91915e-261
  1.32e-01	  4.43e-02	4.31218e-294
  1.32e-01	  4.48e-02	0.00000e+00
  1.32e-01	  4.53e-02	0.00000e+00
  1.32e-01	  4.58e-02	0.00000e+00
  1.32e-01	  4.64e-02	0.00000e+00
  1.32e-01	  4.69e-02	0.00000e+00
  1.32e-01	  4.74e-02	0.00000e+00
  1.32e-01	  4.79e-02	0.00000e+00
  1.32e-01	  4.84e-02	0.00000e+00
  1.32e-01	  4.90e-02	0.00000e+00
  1.32e-01	  4.95e-02	0.00000e+00

  1.33e-01	  0.00e+00	0.00000e+00
  1.33e-01	  5.21e-04	0.00000e+00
  1.33e-01	  1.04e-03	0.00000e+00
  1.33e-01	  1.56e-03	0.00000e+00
  1.33e-01	  2.08e-03	0.00000e+00
  1.33e-01	  2.60e-03	0.00000e+00
  1.33e-01	  3.12e-03	0.00000e+00
  1.33e-01	  3.65e-03	0.00000e+00
  1.33e-01	  4.17e-03	-6.46960e-293
  1.33e-01	  4.69e-03	-4.30996e-260
  1.33e-01	  5.21e-03	-2.87125e-227
  1.33e-01	  5.73e-03	-1.91279e-194
  1.33e-01	  6.25e-03	-1.27428e-161
  1.33e-01	  6.77e-03	-8.48913e-129
  1.33e-01	  7.29e-03	-5.65537e-96
  1.33e-01	  7.81e-03	-3.76755e-63
  1.33e-01	  8.33e-03	-2.50990e-30
  1.33e-01	  8.85e-03	-5.83978e+02
  1.33e-01	  9.37e-03	-2.07974e+01
  1.33e-01	  9.90e-03	-7.96567e+00
  1.33e-01	  1.04e-02	-5.17032e+00
  1.33e-01	  1.09e-02	-2.91980e+00
  1.33e-01	  1.15e-02	-1.02042e+00
  1.33e-01	  1.20e-02	6.22780e-01
  1.33e-01	  1.25e-02	2.06006e+00
  1.33e-01	  1.30e-02	3.32047e+00
  1.33e-01	  1.35e-02	4.42306e+00
  1.33e-01	  1.41e-02	5.38223e+00
  1.33e-01	  1.46e-02	6.21045e+00
  1.33e-01	  1.51e-02	6.91955e+00
  1.33e-01	  1.56e-02	7.52152e+00
  1.33e-01	  1.61e-02	8.02881e+00
  1.33e-01	  1.67e-02	8.45435e+00
  1.33e-01	  1.72e-02	8.81145e+00
  1.33e-01	  1.77e-02	9.11357e+00
  1.33e-01	  1.82e-02	9.37404e+00
  1.33e-01	  1.88e-02	9.60572e+00
  1.33e-01	  1.93e-02	9.82073e+00
  1.33e-01	  1.98e-02	1.00301e+01
  1.33e-01	  2.03e-02	1.02437e+01
  1.33e-01	  2.08e-02	1.04696e+01
  1.33e-01	  2.14e-02	1.07145e+01
  1.33e-01	  2.19e-02	1.09832e+01
  1.33e-01	  2.24e-02	1.12788e+01
  1.33e-01	  2.29e-02	1.16025e+01
  1.33e-01	  2.34e-02	1.19540e+01
  1.33e-01	  2.40e-02	1.23312e+01
  1.33e-01	  2.45e-02	1.27306e+01
  1.33e-01	  2.50e-02	1.31473e+01
  1.33e-01	  2.55e-02	1.35751e+01
  1.33e-01	  2.60e-02	1.40067e+01
  1.33e-01	  2.66e-02	1.44338e+01
  1.33e-01	  2.71e-02	1.48470e+01
  1.33e-01	  2.76e-02	1.52358e+01
  1.33e-01	  2.81e-02	1.55888e+01
  1.33e-01	  2.86e-02	1.58932e+01
  1.33e-01	  2.92e-02	1.61352e+01
  1.33e-01	  2.97e-02	1.62995e+01
  1.33e-01	  3.02e-02	1.63698e+01
  1.33e-01	  3.07e-02	1.63289e+01
  1.33e-01	  3.13e-02	1.61596e+01
  1.33e-01	  3.18e-02	1.58463e+01
  1.33e-01	  3.23e-02	1.53762e+01
  1.33e-01	  3.28e-02	1.47417e+01
  1.33e-01	  3.33e-02	1.39419e+01
  1.33e-01	  3.39e-02	1.29837e+01
  1.33e-01	  3.44e-02	1.18817e+01
  1.33e-01	  3.49e-02	1.06570e+01
  1.33e-01	  3.54e-02	9.33525e+00
  1.33e-01	  3.59e-02	7.94441e+00
  1.33e-01	  3.65e-02	6.51296e+00
  1.33e-01	  3.70e-02	5.06884e+00
  1.33e-01	  3.75e-02	3.63930e+00
  1.33e-01	  3.80e-02	2.25156e+00
  1.33e-01	  3.85e-02	9.35587e-01
  1.33e-01	  3.91e-02	4.58793e-01
  1.33e-01	  3.96e-02	7.34951e+01
  1.33e-01	  4.01e-02	-9.99914e-33
  1.33e-01	  4.06e-02	2.67464e-64
  1.33e-01	  4.11e-02	3.95317e-97
  1.33e-01	  4.17e-02	5.84062e-130
  1.33e-01	  4.22e-02	8.62591e-163
  1.33e-01	  4.27e-02	1.27345e-195
  1.33e-01	  4.32e-02	1.87925e-228
  1.33e-01	  4.37e-02	2.77212e-261
  1.33e-01	  4.43e-02	4.08753e-294
  1.33e-01	  4.48e-02	0.00000e+00
  1.33e-01	  4.53e-02	0.00000e+00
  1.33e-01	  4.58e-02	0.00000e+00
  1.33e-01	  4.64e-02	0.00000e+00
  1.33e-01	  4.69e-02	0.00000e+00
  1.33e-01	  4.74e-02	0.00000e+00
  1.33e-01	  4.79e-02	0.00000e+00
  1.33e-01	  4.84e-02	0.00000e+00
  1.33e-01	  4.90e-02	0.00000e+00
  1.33e-01	  4.95e-02	0.00000e+00

  1.34e-01	  0.00e+00	0.00000e+00
  1.34e-01	  5.21e-04	0.00000e+00
  1.34e-01	  1.04e-03	0.00000e+00
  1.34e-01	  1.56e-03	0.00000e+00
  1.34e-01	  2.08e-03	0.00000e+00
  1.34e-01	  2.60e-03	0.00000e+00
  1.34e-01	  3.12e-03	0.00000e+00
  1.34e-01	  3.65e-03	0.00000e+00
  1.34e-01	  4.17e-03	-6.45222e-293
  1.34e-01	  4.69e-03	-4.29834e-260
  1.34e-01	  5.21e-03	-2.86347e-227
  1.34e-01	  5.73e-03	-1.90759e-194
  1.34e-01	  6.25e-03	-1.27080e-161
  1.34e-01	  6.77e-03	-8.46584e-129
  1.34e-01	  7.29e-03	-5.63978e-96
  1.34e-01	  7.81e-03	-3.75712e-63
  1.34e-01	  8.33e-03	-2.50292e-30
  1.34e-01	  8.85e-03	-5.82747e+02
  1.34e-01	  9.37e-03	-2.15668e+01
  1.34e-01	  9.90e-03	-8.30479e+00
  1.34e-01	  1.04e-02	-5.43702e+00
  1.34e-01	  1.09e-02	-3.15300e+00
  1.34e-01	  1.15e-02	-1.23618e+00
  1.34e-01	  1.20e-02	4.17675e-01
  1.34e-01	  1.25e-02	1.86344e+00
  1.34e-01	  1.30e-02	3.13227e+00
  1.34e-01	  1.35e-02	4.24422e+00
  1.34e-01	  1.41e-02	5.21413e+00
  1.34e-01	  1.46e-02	6.05468e+00
  1.34e-01	  1.51e-02	6.77783e+00
  1.34e-01	  1.56e-02	7.39558e+00
  1.34e-01	  1.61e-02	7.92025e+00
  1.34e-01	  1.67e-02	8.36463e+00
  1.34e-01	  1.72e-02	8.74187e+00
  1.34e-01	  1.77e-02	9.06524e+00
  1.34e-01	  1.82e-02	9.34792e+00
  1.34e-01	  1.88e-02	9.60265e+00
  1.34e-01	  1.93e-02	9.84145e+00
  1.34e-01	  1.98e-02	1.00753e+01
  1.34e-01	  2.03e-02	1.03140e+01
  1.34e-01	  2.08e-02	1.05657e+01
  1.34e-01	  2.14e-02	1.08372e+01
  1.34e-01	  2.19e-02	1.11332e+01
  1.34e-01	  2.24e-02	1.14571e+01
  1.34e-01	  2.29e-02	1.18101e+01
  1.34e-01	  2.34e-02	1.21920e+01
  1.34e-01	  2.40e-02	1.26008e+01
  1.34e-01	  2.45e-02	1.30331e+01
  1.34e-01	  2.50e-02	1.34840e+01
  1.34e-01	  2.55e-02	1.39474e+01
  1.34e-01	  2.60e-02	1.44158e+01
  1.34e-01	  2.66e-02	1.48804e+01
  1.34e-01	  2.71e-02	1.53313e+01
  1.34e-01	  2.76e-02	1.57573e+01
  1.34e-01	  2.81e-02	1.61454e+01
  1.34e-01	  2.86e-02	1.64813e+01
  1.34e-01	  2.92e-02	1.67487e+01
  1.34e-01	  2.97e-02	1.69299e+01
  1.34e-01	  3.02e-02	1.70058e+01
  1.34e-01	  3.07e-02	1.69572e+01
  1.34e-01	  3.13e-02	1.67655e+01
  1.34e-01	  3.18e-02	1.64156e+01
  1.34e-01	  3.23e-02	1.58969e+01
  1.34e-01	  3.28e-02	1.52061e+01
  1.34e-01	  3.33e-02	1.43476e+01
  1.34e-01	  3.39e-02	1.33334e+01
  1.34e-01	  3.44e-02	1.21821e+01
  1.34e-01	  3.49e-02	1.09162e+01
  1.34e-01	  3.54e-02	9.56046e+00
  1.34e-01	  3.59e-02	8.13968e+00
  1.34e-01	  3.65e-02	6.67796e+00
  1.34e-01	  3.70e-02	5.19827e+00
  1.34e-01	  3.75e-02	3.72274e+00
  1.34e-01	  3.80e-02	2.27316e+00
  1.34e-01	  3.85e-02	8.72788e-01
  1.34e-01	  3.91e-02	1.17886e-01
  1.34e-01	  3.96e-02	7.07871e+01
  1.34e-01	  4.01e-02	-3.63554e-32
  1.34e-01	  4.06e-02	2.54720e-64
  1.34e-01	  4.11e-02	3.75850e-97
  1.34e-01	  4.17e-02	5.54353e-130
  1.34e-01	  4.22e-02	8.17286e-163
  1.34e-01	  4.27e-02	1.20441e-195
  1.34e-01	  4.32e-02	1.77414e-228
  1.34e-01	  4.37e-02	2.61219e-261
  1.34e-01	  4.43e-02	3.84436e-294
  1.34e-01	  4.48e-02	0.00000e+00
  1.34e-01	  4.53e-02	0.00000e+00
  1.34e-01	  4.58e-02	0.00000e+00
  1.34e-01	  4.64e-02	0.00000e+00
  1.34e-01	  4.69e-02	0.00000e+00
  1.34e-01	  4.74e-02	0.00000e+00
  1.34e-01	  4.79e-02	0.00000e+00
  1.34e-01	  4.84e-02	0.00000e+00
  1.34e-01	  4.90e-02	0.00000e+00
  1.34e-01	  4.95e-02	0.00000e+00

  1.34e-01	  0.00e+00	0.00000e+00
  1.34e-01	  5.21e-04	0.00000e+00
  1.34e-01	  1.04e-03	0.00000e+00
  1.34e-01	  1.56e-03	0.00000e+00
  1.34e-01	  2.08e-03	0.00000e+00
  1.34e-01	  2.60e-03	0.00000e+00
  1.34e-01	  3.12e-03	0.00000e+00
  1.34e-01	  3.65e-03	0.00000e+00
  1.34e-01	  4.17e-03	-6.43473e-293
  1.34e-01	  4.69e-03	-4.28664e-260
  1.34e-01	  5.21e-03	-2.85565e-227
  1.34e-01	  5.73e-03	-1.90236e-194
  1.34e-01	  6.25e-03	-1.26730e-161
  1.34e-01	  6.77e-03	-8.44244e-129
  1.34e-01	  7.29e-03	-5.62414e-96
  1.34e-01	  7.81e-03	-3.74665e-63
  1.34e-01	  8.33e-03	-2.49592e-30
  1.34e-01	  8.85e-03	-5.81511e+02
  1.34e-01	  9.37e-03	-2.23663e+01
  1.34e-01	  9.90e-03	-8.64699e+00
  1.34e-01	  1.04e-02	-5.70266e+00
  1.34e-01	  1.09e-02	-3.38293e+00
  1.34e-01	  1.15e-02	-1.44728e+00
  1.34e-01	  1.20e-02	2.17898e-01
  1.34e-01	  1.25e-02	1.67217e+00
  1.34e-01	  1.30e-02	2.94938e+00
  1.34e-01	  1.35e-02	4.07056e+00
  1.34e-01	  1.41e-02	5.05107e+00
  1.34e-01	  1.46e-02	5.90375e+00
  1.34e-01	  1.51e-02	6.64063e+00
  1.34e-01	  1.56e-02	7.27372e+00
  1.34e-01	  1.61e-02	7.81532e+00
  1.34e-01	  1.67e-02	8.27809e+00
  1.34e-01	  1.72e-02	8.67505e+00
  1.34e-01	  1.77e-02	9.01933e+00
  1.34e-01	  1.82e-02	9.32398e+00
  1.34e-01	  1.88e-02	9.60163e+00
  1.34e-01	  1.93e-02	9.86424e+00
  1.34e-01	  1.98e-02	1.01228e+01
  1.34e-01	  2.03e-02	1.03870e+01
  1.34e-01	  2.08e-02	1.06651e+01
  1.34e-01	  2.14e-02	1.09640e+01
  1.34e-01	  2.19e-02	1.12886e+01
  1.34e-01	  2.24e-02	1.16422e+01
  1.34e-01	  2.29e-02	1.20263e+01
  1.34e-01	  2.34e-02	1.24409e+01
  1.34e-01	  2.40e-02	1.28840e+01
  1.34e-01	  2.45e-02	1.33524e+01
  1.34e-01	  2.50e-02	1.38411e+01
  1.34e-01	  2.55e-02	1.43440e+01
  1.34e-01	  2.60e-02	1.48531e+01
  1.34e-01	  2.66e-02	1.53594e+01
  1.34e-01	  2.71e-02	1.58518e+01
  1.34e-01	  2.76e-02	1.63176e+01
  1.34e-01	  2.81e-02	1.67420e+01
  1.34e-01	  2.86e-02	1.71083e+01
  1.34e-01	  2.92e-02	1.73974e+01
  1.34e-01	  2.97e-02	1.75885e+01
  1.34e-01	  3.02e-02	1.76602e+01
  1.34e-01	  3.07e-02	1.75916e+01
  1.34e-01	  3.13e-02	1.73650e+01
  1.34e-01	  3.18e-02	1.69673e+01
  1.34e-01	  3.23e-02	1.63927e+01
  1.34e-01	  3.28e-02	1.56434e+01
  1.34e-01	  3.33e-02	1.47296e+01
  1.34e-01	  3.39e-02	1.36675e+01
  1.34e-01	  3.44e-02	1.24774e+01
  1.34e-01	  3.49e-02	1.11815e+01
  1.34e-01	  3.54e-02	9.80156e+00
  1.34e-01	  3.59e-02	8.35855e+00
  1.34e-01	  3.65e-02	6.87214e+00
  1.34e-01	  3.70e-02	5.36107e+00
  1.34e-01	  3.75e-02	3.84357e+00
  1.34e-01	  3.80e-02	2.33773e+00
  1.34e-01	  3.85e-02	8.62462e-01
  1.34e-01	  3.91e-02	-1.05729e-01
  1.34e-01	  3.96e-02	6.78017e+01
  1.34e-01	  4.01e-02	-5.97092e-32
  1.34e-01	  4.06e-02	2.40968e-64
  1.34e-01	  4.11e-02	3.54948e-97
  1.34e-01	  4.17e-02	5.22605e-130
  1.34e-01	  4.22e-02	7.69100e-163
  1.34e-01	  4.27e-02	1.13133e-195
  1.34e-01	  4.32e-02	1.66335e-228
  1.34e-01	  4.37e-02	2.44436e-261
  1.34e-01	  4.43e-02	3.59026e-294
  1.34e-01	  4.48e-02	0.00000e+00
  1.34e-01	  4.53e-02	0.00000e+00
  1.34e-01	  4.58e-02	0.00000e+00
  1.34e-01	  4.64e-02	0.00000e+00
  1.34e-01	  4.69e-02	0.00000e+00
  1.34e-01	  4.74e-02	0.00000e+00
  1.34e-01	  4.79e-02	0.00000e+00
  1.34e-01	  4.84e-02	0.00000e+00
  1.34e-01	  4.90e-02	0.00000e+00
  1.34e-01	  4.95e-02	0.00000e+00

  1.35e-01	  0.00e+00	0.00000e+00
  1.35e-01	  5.21e-04	0.00000e+00
  1.35e-01	  1.04e-03	0.00000e+00
  1.35e-01	  1.56e-03	0.00000e+00
  1.35e-01	  2.08e-03	0.00000e+00
  1.35e-01	  2.60e-03	0.00000e+00
  1.35e-01	  3.12e-03	0.00000e+00
  1.35e-01	  3.65e-03	0.00000e+00
  1.35e-01	  4.17e-03	-6.41702e-293
  1.35e-01	  4.69e-03	-4.27481e-260
  1.35e-01	  5.21e-03	-2.84774e-227
  1.35e-01	  5.73e-03	-1.89708e-194
  1.35e-01	  6.25e-03	-1.26377e-161
  1.35e-01	  6.77e-03	-8.41883e-129
  1.35e-01	  7.29e-03	-5.60835e-96
  1.35e-01	  7.81e-03	-3.73609e-63
  1.35e-01	  8.33e-03	-2.48886e-30
  1.35e-01	  8.85e-03	-5.80265e+02
  1.35e-01	  9.37e-03	-2.31943e+01
  1.35e-01	  9.90e-03	-8.99549e+00
  1.35e-01	  1.04e-02	-5.96775e+00
  1.35e-01	  1.09e-02	-3.60913e+00
  1.35e-01	  1.15e-02	-1.65351e+00
  1.35e-01	  1.20e-02	2.34565e-02
  1.35e-01	  1.25e-02	1.48631e+00
  1.35e-01	  1.30e-02	2.77154e+00
  1.35e-01	  1.35e-02	3.90173e+00
  1.35e-01	  1.41e-02	4.89260e+00
  1.35e-01	  1.46e-02	5.75722e+00
  1.35e-01	  1.51e-02	6.50759e+00
  1.35e-01	  1.56e-02	7.15569e+00
  1.35e-01	  1.61e-02	7.71382e+00
  1.35e-01	  1.67e-02	8.19457e+00
  1.35e-01	  1.72e-02	8.61087e+00
  1.35e-01	  1.77e-02	8.97574e+00
  1.35e-01	  1.82e-02	9.30213e+00
  1.35e-01	  1.88e-02	9.60260e+00
  1.35e-01	  1.93e-02	9.88905e+00
  1.35e-01	  1.98e-02	1.01725e+01
  1.35e-01	  2.03e-02	1.04626e+01
  1.35e-01	  2.08e-02	1.07678e+01
  1.35e-01	  2.14e-02	1.10950e+01
  1.35e-01	  2.19e-02	1.14494e+01
  1.35e-01	  2.24e-02	1.18343e+01
  1.35e-01	  2.29e-02	1.22514e+01
  1.35e-01	  2.34e-02	1.27009e+01
  1.35e-01	  2.40e-02	1.31811e+01
  1.35e-01	  2.45e-02	1.36886e+01
  1.35e-01	  2.50e-02	1.42185e+01
  1.35e-01	  2.55e-02	1.47643e+01
  1.35e-01	  2.60e-02	1.53177e+01
  1.35e-01	  2.66e-02	1.58684e+01
  1.35e-01	  2.71e-02	1.64040e+01
  1.35e-01	  2.76e-02	1.69099e+01
  1.35e-01	  2.81e-02	1.73686e+01
  1.35e-01	  2.86e-02	1.77602e+01
  1.35e-01	  2.92e-02	1.80625e+01
  1.35e-01	  2.97e-02	1.82521e+01
  1.35e-01	  3.02e-02	1.83059e+01
  1.35e-01	  3.07e-02	1.82035e+01
  1.35e-01	  3.13e-02	1.79295e+01
  1.35e-01	  3.18e-02	1.74757e+01
  1.35e-01	  3.23e-02	1.68423e+01
  1.35e-01	  3.28e-02	1.60376e+01
  1.35e-01	  3.33e-02	1.50761e+01
  1.35e-01	  3.39e-02	1.39765e+01
  1.35e-01	  3.44e-02	1.27588e+01
  1.35e-01	  3.49e-02	1.14427e+01
  1.35e-01	  3.54e-02	1.00466e+01
  1.35e-01	  3.59e-02	8.58719e+00
  1.35e-01	  3.65e-02	7.08031e+00
  1.35e-01	  3.70e-02	5.54138e+00
  1.35e-01	  3.75e-02	3.98587e+00
  1.35e-01	  3.80e-02	2.42952e+00
  1.35e-01	  3.85e-02	8.88741e-01
  1.35e-01	  3.91e-02	-2.37477e-01
  1.35e-01	  3.96e-02	6.46233e+01
  1.35e-01	  4.01e-02	-7.95528e-32
  1.35e-01	  4.06e-02	2.26641e-64
  1.35e-01	  4.11e-02	3.33264e-97
  1.35e-01	  4.17e-02	4.89806e-130
  1.35e-01	  4.22e-02	7.19516e-163
  1.35e-01	  4.27e-02	1.05641e-195
  1.35e-01	  4.32e-02	1.55022e-228
  1.35e-01	  4.37e-02	2.27361e-261
  1.35e-01	  4.43e-02	3.33268e-294
  1.35e-01	  4.48e-02	0.00000e+00
  1.35e-01	  4.53e-02	0.00000e+00
  1.35e-01	  4.58e-02	0.00000e+00
  1.35e-01	  4.64e-02	0.00000e+00
  1.35e-01	  4.69e-02	0.00000e+00
  1.35e-01	  4.74e-02	0.00000e+00
  1.35e-01	  4.79e-02	0.00000e+00
  1.35e-01	  4.84e-02	0.00000e+00
  1.35e-01	  4.90e-02	0.00000e+00
  1.35e-01	  4.95e-02	0.00000e+00

  1.36e-01	  0.00e+00	0.00000e+00
  1.36e-01	  5.21e-04	0.00000e+00
  1.36e-01	  1.04e-03	0.00000e+00
  1.36e-01	  1.56e-03	0.00000e+00
  1.36e-01	  2.08e-03	0.00000e+00
  1.36e-01	  2.60e-03	0.00000e+00
  1.36e-01	  3.12e-03	0.00000e+00
  1.36e-01	  3.65e-03	0.00000e+00
  1.36e-01	  4.17e-03	-6.39900e-293
  1.36e-01	  4.69e-03	-4.26278e-260
  1.36e-01	  5.21e-03	-2.83970e-227
  1.36e-01	  5.73e-03	-1.89171e-194
  1.36e-01	  6.25e-03	-1.26018e-161
  1.36e-01	  6.77e-03	-8.39486e-129
  1.36e-01	  7.29e-03	-5.59233e-96
  1.36e-01	  7.81e-03	-3.72539e-63
  1.36e-01	  8.33e-03	-2.48171e-30
  1.36e-01	  8.85e-03	-5.79001e+02
  1.36e-01	  9.37e-03	-2.40513e+01
  1.36e-01	  9.90e-03	-9.35269e+00
  1.36e-01	  1.04e-02	-6.23107e+00
  1.36e-01	  1.09e-02	-3.83100e+00
  1.36e-01	  1.15e-02	-1.85501e+00
  1.36e-01	  1.20e-02	-1.65900e-01
  1.36e-01	  1.25e-02	1.30571e+00
  1.36e-01	  1.30e-02	2.59880e+00
  1.36e-01	  1.35e-02	3.73747e+00
  1.36e-01	  1.41e-02	4.73839e+00
  1.36e-01	  1.46e-02	5.61461e+00
  1.36e-01	  1.51e-02	6.37824e+00
  1.36e-01	  1.56e-02	7.04114e+00
  1.36e-01	  1.61e-02	7.61550e+00
  1.36e-01	  1.67e-02	8.11389e+00
  1.36e-01	  1.72e-02	8.54920e+00
  1.36e-01	  1.77e-02	8.93438e+00
  1.36e-01	  1.82e-02	9.28231e+00
  1.36e-01	  1.88e-02	9.60551e+00
  1.36e-01	  1.93e-02	9.91588e+00
  1.36e-01	  1.98e-02	1.02244e+01
  1.36e-01	  2.03e-02	1.05409e+01
  1.36e-01	  2.08e-02	1.08739e+01
  1.36e-01	  2.14e-02	1.12303e+01
  1.36e-01	  2.19e-02	1.16156e+01
  1.36e-01	  2.24e-02	1.20333e+01
  1.36e-01	  2.29e-02	1.24854e+01
  1.36e-01	  2.34e-02	1.29721e+01
  1.36e-01	  2.40e-02	1.34919e+01
  1.36e-01	  2.45e-02	1.40413e+01
  1.36e-01	  2.50e-02	1.46153e+01
  1.36e-01	  2.55e-02	1.52068e+01
  1.36e-01	  2.60e-02	1.58065e+01
  1.36e-01	  2.66e-02	1.64027e+01
  1.36e-01	  2.71e-02	1.69810e+01
  1.36e-01	  2.76e-02	1.75239e+01
  1.36e-01	  2.81e-02	1.80107e+01
  1.36e-01	  2.86e-02	1.84183e+01
  1.36e-01	  2.92e-02	1.87214e+01
  1.36e-01	  2.97e-02	1.88949e+01
  1.36e-01	  3.02e-02	1.89159e+01
  1.36e-01	  3.07e-02	1.87664e+01
  1.36e-01	  3.13e-02	1.84361e+01
  1.36e-01	  3.18e-02	1.79228e+01
  1.36e-01	  3.23e-02	1.72331e+01
  1.36e-01	  3.28e-02	1.63800e+01
  1.36e-01	  3.33e-02	1.53811e+01
  1.36e-01	  3.39e-02	1.42549e+01
  1.36e-01	  3.44e-02	1.30196e+01
  1.36e-01	  3.49e-02	1.16917e+01
  1.36e-01	  3.54e-02	1.02855e+01
  1.36e-01	  3.59e-02	8.81413e+00
  1.36e-01	  3.65e-02	7.29028e+00
  1.36e-01	  3.70e-02	5.72679e+00
  1.36e-01	  3.75e-02	4.13730e+00
  1.36e-01	  3.80e-02	2.53616e+00
  1.36e-01	  3.85e-02	9.38464e-01
  1.36e-01	  3.91e-02	-3.02208e-01
  1.36e-01	  3.96e-02	6.13409e+01
  1.36e-01	  4.01e-02	-9.57080e-32
  1.36e-01	  4.06e-02	2.12158e-64
  1.36e-01	  4.11e-02	3.11421e-97
  1.36e-01	  4.17e-02	4.56879e-130
  1.36e-01	  4.22e-02	6.69905e-163
  1.36e-01	  4.27e-02	9.81695e-196
  1.36e-01	  4.32e-02	1.43775e-228
  1.36e-01	  4.37e-02	2.10440e-261
  1.36e-01	  4.43e-02	3.07822e-294
  1.36e-01	  4.48e-02	0.00000e+00
  1.36e-01	  4.53e-02	0.00000e+00
  1.36e-01	  4.58e-02	0.00000e+00
  1.36e-01	  4.64e-02	0.00000e+00
  1.36e-01	  4.69e-02	0.00000e+00
  1.36e-01	  4.74e-02	0.00000e+00
  1.36e-01	  4.79e-02	0.00000e+00
  1.36e-01	  4.84e-02	0.00000e+00
  1.36e-01	  4.90e-02	0.00000e+00
  1.36e-01	  4.95e-02	0.00000e+00

  1.37e-01	  0.00e+00	0.00000e+00
  1.37e-01	  5.21e-04	0.00000e+00
  1.37e-01	  1.04e-03	0.00000e+00
  1.37e-01	  1.56e-03	0.00000e+00
  1.37e-01	  2.08e-03	0.00000e+00
  1.37e-01	  2.60e-03	0.00000e+00
  1.37e-01	  3.12e-03	0.00000e+00
  1.37e-01	  3.65e-03	0.00000e+00
  1.37e-01	  4.17e-03	-6.38055e-293
  1.37e-01	  4.69e-03	-4.25047e-260
  1.37e-01	  5.21e-03	-2.83149e-227
  1.37e-01	  5.73e-03	-1.88622e-194
  1.37e-01	  6.25e-03	-1.25652e-161
  1.37e-01	  6.77e-03	-8.37040e-129
  1.37e-01	  7.29e-03	-5.57600e-96
  1.37e-01	  7.81e-03	-3.71448e-63
  1.37e-01	  8.33e-03	-2.47442e-30
  1.37e-01	  8.85e-03	-5.77714e+02
  1.37e-01	  9.37e-03	-2.49383e+01
  1.37e-01	  9.90e-03	-9.71923e+00
  1.37e-01	  1.04e-02	-6.49297e+00
  1.37e-01	  1.09e-02	-4.04955e+00
  1.37e-01	  1.15e-02	-2.05157e+00
  1.37e-01	  1.20e-02	-3.49911e-01
  1.37e-01	  1.25e-02	1.13043e+00
  1.37e-01	  1.30e-02	2.43121e+00
  1.37e-01	  1.35e-02	3.57795e+00
  1.37e-01	  1.41e-02	4.58820e+00
  1.37e-01	  1.46e-02	5.47562e+00
  1.37e-01	  1.51e-02	6.25214e+00
  1.37e-01	  1.56e-02	6.92959e+00
  1.37e-01	  1.61e-02	7.52001e+00
  1.37e-01	  1.67e-02	8.03584e+00
  1.37e-01	  1.72e-02	8.48989e+00
  1.37e-01	  1.77e-02	8.89515e+00
  1.37e-01	  1.82e-02	9.26446e+00
  1.37e-01	  1.88e-02	9.61033e+00
  1.37e-01	  1.93e-02	9.94468e+00
  1.37e-01	  1.98e-02	1.02785e+01
  1.37e-01	  2.03e-02	1.06219e+01
  1.37e-01	  2.08e-02	1.09832e+01
  1.37e-01	  2.14e-02	1.13699e+01
  1.37e-01	  2.19e-02	1.17873e+01
  1.37e-01	  2.24e-02	1.22394e+01
  1.37e-01	  2.29e-02	1.27282e+01
  1.37e-01	  2.34e-02	1.32542e+01
  1.37e-01	  2.40e-02	1.38158e+01
  1.37e-01	  2.45e-02	1.44094e+01
  1.37e-01	  2.50e-02	1.50296e+01
  1.37e-01	  2.55e-02	1.56682e+01
  1.37e-01	  2.60e-02	1.63146e+01
  1.37e-01	  2.66e-02	1.69550e+01
  1.37e-01	  2.71e-02	1.75722e+01
  1.37e-01	  2.76e-02	1.81454e+01
  1.37e-01	  2.81e-02	1.86504e+01
  1.37e-01	  2.86e-02	1.90608e+01
  1.37e-01	  2.92e-02	1.93496e+01
  1.37e-01	  2.97e-02	1.94915e+01
  1.37e-01	  3.02e-02	1.94660e+01
  1.37e-01	  3.07e-02	1.92601e+01
  1.37e-01	  3.13e-02	1.88695e+01
  1.37e-01	  3.18e-02	1.82986e+01
  1.37e-01	  3.23e-02	1.75593e+01
  1.37e-01	  3.28e-02	1.66677e+01
  1.37e-01	  3.33e-02	1.56420e+01
  1.37e-01	  3.39e-02	1.44992e+01
  1.37e-01	  3.44e-02	1.32547e+01
  1.37e-01	  3.49e-02	1.19213e+01
  1.37e-01	  3.54e-02	1.05098e+01
  1.37e-01	  3.59e-02	9.03027e+00
  1.37e-01	  3.65e-02	7.49265e+00
  1.37e-01	  3.70e-02	5.90800e+00
  1.37e-01	  3.75e-02	4.28870e+00
  1.37e-01	  3.80e-02	2.64835e+00
  1.37e-01	  3.85e-02	1.00151e+00
  1.37e-01	  3.91e-02	-3.20542e-01
  1.37e-01	  3.96e-02	5.80385e+01
  1.37e-01	  4.01e-02	-1.08245e-31
  1.37e-01	  4.06e-02	1.97886e-64
  1.37e-01	  4.11e-02	2.89959e-97
  1.37e-01	  4.17e-02	4.24620e-130
  1.37e-01	  4.22e-02	6.21438e-163
  1.37e-01	  4.27e-02	9.08911e-196
  1.37e-01	  4.32e-02	1.32850e-228
  1.37e-01	  4.37e-02	1.94046e-261
  1.37e-01	  4.43e-02	2.83232e-294
  1.37e-01	  4.48e-02	0.00000e+00
  1.37e-01	  4.53e-02	0.00000e+00
  1.37e-01	  4.58e-02	0.00000e+00
  1.37e-01	  4.64e-02	0.00000e+00
  1.37e-01	  4.69e-02	0.00000e+00
  1.37e-01	  4.74e-02	0.00000e+00
  1.37e-01	  4.79e-02	0.00000e+00
  1.37e-01	  4.84e-02	0.00000e+00
  1.37e-01	  4.90e-02	0.00000e+00
  1.37e-01	  4.95e-02	0.00000e+00

  1.37e-01	  0.00e+00	0.00000e+00
  1.37e-01	  5.21e-04	0.00000e+00
  1.37e-01	  1.04e-03	0.00000e+00
  1.37e-01	  1.56e-03	0.00000e+00
  1.37e-01	  2.08e-03	0.00000e+00
  1.37e-01	  2.60e-03	0.00000e+00
  1.37e-01	  3.12e-03	0.00000e+00
  1.37e-01	  3.65e-03	0.00000e+00
  1.37e-01	  4.17e-03	-6.36158e-293
  1.37e-01	  4.69e-03	-4.23782e-260
  1.37e-01	  5.21e-03	-2.82305e-227
  1.37e-01	  5.73e-03	-1.88059e-194
  1.37e-01	  6.25e-03	-1.25276e-161
  1.37e-01	  6.77e-03	-8.34533e-129
  1.37e-01	  7.29e-03	-5.55926e-96
  1.37e-01	  7.81e-03	-3.70331e-63
  1.37e-01	  8.33e-03	-2.46696e-30
  1.37e-01	  8.85e-03	-5.76397e+02
  1.37e-01	  9.37e-03	-2.58560e+01
  1.37e-01	  9.90e-03	-1.00948e+01
  1.37e-01	  1.04e-02	-6.75638e+00
  1.37e-01	  1.09e-02	-4.26353e+00
  1.37e-01	  1.15e-02	-2.24269e+00
  1.37e-01	  1.20e-02	-5.28668e-01
  1.37e-01	  1.25e-02	9.60265e-01
  1.37e-01	  1.30e-02	2.26854e+00
  1.37e-01	  1.35e-02	3.42309e+00
  1.37e-01	  1.41e-02	4.44222e+00
  1.37e-01	  1.46e-02	5.34010e+00
  1.37e-01	  1.51e-02	6.12902e+00
  1.37e-01	  1.56e-02	6.82064e+00
  1.37e-01	  1.61e-02	7.42686e+00
  1.37e-01	  1.67e-02	7.96001e+00
  1.37e-01	  1.72e-02	8.43272e+00
  1.37e-01	  1.77e-02	8.85793e+00
  1.37e-01	  1.82e-02	9.24851e+00
  1.37e-01	  1.88e-02	9.61703e+00
  1.37e-01	  1.93e-02	9.97546e+00
  1.37e-01	  1.98e-02	1.03349e+01
  1.37e-01	  2.03e-02	1.07055e+01
  1.37e-01	  2.08e-02	1.10959e+01
  1.37e-01	  2.14e-02	1.15137e+01
  1.37e-01	  2.19e-02	1.19644e+01
  1.37e-01	  2.24e-02	1.24522e+01
  1.37e-01	  2.29e-02	1.29795e+01
  1.37e-01	  2.34e-02	1.35465e+01
  1.37e-01	  2.40e-02	1.41517e+01
  1.37e-01	  2.45e-02	1.47910e+01
  1.37e-01	  2.50e-02	1.54582e+01
  1.37e-01	  2.55e-02	1.61438e+01
  1.37e-01	  2.60e-02	1.68351e+01
  1.37e-01	  2.66e-02	1.75155e+01
  1.37e-01	  2.71e-02	1.81645e+01
  1.37e-01	  2.76e-02	1.87576e+01
  1.37e-01	  2.81e-02	1.92675e+01
  1.37e-01	  2.86e-02	1.96654e+01
  1.37e-01	  2.92e-02	1.99242e+01
  1.37e-01	  2.97e-02	2.00206e+01
  1.37e-01	  3.02e-02	1.99388e+01
  1.37e-01	  3.07e-02	1.96719e+01
  1.37e-01	  3.13e-02	1.92223e+01
  1.37e-01	  3.18e-02	1.86000e+01
  1.37e-01	  3.23e-02	1.78203e+01
  1.37e-01	  3.28e-02	1.69006e+01
  1.37e-01	  3.33e-02	1.58580e+01
  1.37e-01	  3.39e-02	1.47071e+01
  1.37e-01	  3.44e-02	1.34600e+01
  1.37e-01	  3.49e-02	1.21261e+01
  1.37e-01	  3.54e-02	1.07132e+01
  1.37e-01	  3.59e-02	9.22870e+00
  1.37e-01	  3.65e-02	7.68051e+00
  1.37e-01	  3.70e-02	6.07826e+00
  1.37e-01	  3.75e-02	4.43345e+00
  1.37e-01	  3.80e-02	2.75936e+00
  1.37e-01	  3.85e-02	1.07046e+00
  1.37e-01	  3.91e-02	-3.08244e-01
  1.37e-01	  3.96e-02	5.47898e+01
  1.37e-01	  4.01e-02	-1.17403e-31
  1.37e-01	  4.06e-02	1.84124e-64
  1.37e-01	  4.11e-02	2.69318e-97
  1.37e-01	  4.17e-02	3.93673e-130
  1.37e-01	  4.22e-02	5.75060e-163
  1.37e-01	  4.27e-02	8.39433e-196
  1.37e-01	  4.32e-02	1.22445e-228
  1.37e-01	  4.37e-02	1.78472e-261
  1.37e-01	  4.43e-02	2.59928e-294
  1.37e-01	  4.48e-02	0.00000e+00
  1.37e-01	  4.53e-02	0.00000e+00
  1.37e-01	  4.58e-02	0.00000e+00
  1.37e-01	  4.64e-02	0.00000e+00
  1.37e-01	  4.69e-02	0.00000e+00
  1.37e-01	  4.74e-02	0.00000e+00
  1.37e-01	  4.79e-02	0.00000e+00
  1.37e-01	  4.84e-02	0.00000e+00
  1.37e-01	  4.90e-02	0.00000e+00
  1.37e-01	  4.95e-02	0.00000e+00

  1.38e-01	  0.00e+00	0.00000e+00
  1.38e-01	  5.21e-04	0.00000e+00
  1.38e-01	  1.04e-03	0.00000e+00
  1.38e-01	  1.56e-03	0.00000e+00
  1.38e-01	  2.08e-03	0.00000e+00
  1.38e-01	  2.60e-03	0.00000e+00
  1.38e-01	  3.12e-03	0.00000e+00
  1.38e-01	  3.65e-03	0.00000e+00
  1.38e-01	  4.17e-03	-6.34199e-293
  1.38e-01	  4.69e-03	-4.22476e-260
  1.38e-01	  5.21e-03	-2.81434e-227
  1.38e-01	  5.73e-03	-1.87478e-194
  1.38e-01	  6.25e-03	-1.24889e-161
  1.38e-01	  6.77e-03	-8.31951e-129
  1.38e-01	  7.29e-03	-5.54204e-96
  1.38e-01	  7.81e-03	-3.69182e-63
  1.38e-01	  8.33e-03	-2.45929e-30
  1.38e-01	  8.85e-03	-5.75042e+02
  1.38e-01	  9.37e-03	-2.68052e+01
  1.38e-01	  9.90e-03	-1.04798e+01
  1.38e-01	  1.04e-02	-7.02206e+00
  1.38e-01	  1.09e-02	-4.47312e+00
  1.38e-01	  1.15e-02	-2.42892e+00
  1.38e-01	  1.20e-02	-7.02349e-01
  1.38e-01	  1.25e-02	7.95189e-01
  1.38e-01	  1.30e-02	2.11076e+00
  1.38e-01	  1.35e-02	3.27280e+00
  1.38e-01	  1.41e-02	4.30044e+00
  1.38e-01	  1.46e-02	5.20827e+00
  1.38e-01	  1.51e-02	6.00886e+00
  1.38e-01	  1.56e-02	6.71408e+00
  1.38e-01	  1.61e-02	7.33573e+00
  1.38e-01	  1.67e-02	7.88592e+00
  1.38e-01	  1.72e-02	8.37723e+00
  1.38e-01	  1.77e-02	8.82243e+00
  1.38e-01	  1.82e-02	9.23434e+00
  1.38e-01	  1.88e-02	9.62556e+00
  1.38e-01	  1.93e-02	1.00082e+01
  1.38e-01	  1.98e-02	1.03935e+01
  1.38e-01	  2.03e-02	1.07918e+01
  1.38e-01	  2.08e-02	1.12119e+01
  1.38e-01	  2.14e-02	1.16616e+01
  1.38e-01	  2.19e-02	1.21467e+01
  1.38e-01	  2.24e-02	1.26715e+01
  1.38e-01	  2.29e-02	1.32384e+01
  1.38e-01	  2.34e-02	1.38478e+01
  1.38e-01	  2.40e-02	1.44976e+01
  1.38e-01	  2.45e-02	1.51831e+01
  1.38e-01	  2.50e-02	1.58967e+01
  1.38e-01	  2.55e-02	1.66271e+01
  1.38e-01	  2.60e-02	1.73587e+01
  1.38e-01	  2.66e-02	1.80719e+01
  1.38e-01	  2.71e-02	1.87423e+01
  1.38e-01	  2.76e-02	1.93422e+01
  1.38e-01	  2.81e-02	1.98418e+01
  1.38e-01	  2.86e-02	2.02117e+01
  1.38e-01	  2.92e-02	2.04264e+01
  1.38e-01	  2.97e-02	2.04672e+01
  1.38e-01	  3.02e-02	2.03240e+01
  1.38e-01	  3.07e-02	1.99968e+01
  1.38e-01	  3.13e-02	1.94936e+01
  1.38e-01	  3.18e-02	1.88284e+01
  1.38e-01	  3.23e-02	1.80183e+01
  1.38e-01	  3.28e-02	1.70802e+01
  1.38e-01	  3.33e-02	1.60290e+01
  1.38e-01	  3.39e-02	1.48766e+01
  1.38e-01	  3.44e-02	1.36321e+01
  1.38e-01	  3.49e-02	1.23018e+01
  1.38e-01	  3.54e-02	1.08909e+01
  1.38e-01	  3.59e-02	9.40451e+00
  1.38e-01	  3.65e-02	7.84905e+00
  1.38e-01	  3.70e-02	6.23292e+00
  1.38e-01	  3.75e-02	4.56702e+00
  1.38e-01	  3.80e-02	2.86449e+00
  1.38e-01	  3.85e-02	1.14002e+00
  1.38e-01	  3.91e-02	-2.76890e-01
  1.38e-01	  3.96e-02	5.16566e+01
  1.38e-01	  4.01e-02	-1.23534e-31
  1.38e-01	  4.06e-02	1.71107e-64
  1.38e-01	  4.11e-02	2.49839e-97
  1.38e-01	  4.17e-02	3.64535e-130
  1.38e-01	  4.22e-02	5.31489e-163
  1.38e-01	  4.27e-02	7.74305e-196
  1.38e-01	  4.32e-02	1.12714e-228
  1.38e-01	  4.37e-02	1.63937e-261
  1.38e-01	  4.43e-02	2.38226e-294
  1.38e-01	  4.48e-02	0.00000e+00
  1.38e-01	  4.53e-02	0.00000e+00
  1.38e-01	  4.58e-02	0.00000e+00
  1.38e-01	  4.64e-02	0.00000e+00
  1.38e-01	  4.69e-02	0.00000e+00
  1.38e-01	  4.74e-02	0.00000e+00
  1.38e-01	  4.79e-02	0.00000e+00
  1.38e-01	  4.84e-02	0.00000e+00
  1.38e-01	  4.90e-02	0.00000e+00
  1.38e-01	  4.95e-02	0.00000e+00

  1.39e-01	  0.00e+00	0.00000e+00
  1.39e-01	  5.21e-04	0.00000e+00
  1.39e-01	  1.04e-03	0.00000e+00
  1.39e-01	  1.56e-03	0.00000e+00
  1.39e-01	  2.08e-03	0.00000e+00
  1.39e-01	  2.60e-03	0.00000e+00
  1.39e-01	  3.12e-03	0.00000e+00
  1.39e-01	  3.65e-03	0.00000e+00
  1.39e-01	  4.17e-03	-6.32170e-293
  1.39e-01	  4.69e-03	-4.21123e-260
  1.39e-01	  5.21e-03	-2.80533e-227
  1.39e-01	  5.73e-03	-1.86878e-194
  1.39e-01	  6.25e-03	-1.24489e-161
  1.39e-01	  6.77e-03	-8.29282e-129
  1.39e-01	  7.29e-03	-5.52424e-96
  1.39e-01	  7.81e-03	-3.67995e-63
  1.39e-01	  8.33e-03	-2.45138e-30
  1.39e-01	  8.85e-03	-5.73643e+02
  1.39e-01	  9.37e-03	-2.77869e+01
  1.39e-01	  9.90e-03	-1.08745e+01
  1.39e-01	  1.04e-02	-7.28971e+00
  1.39e-01	  1.09e-02	-4.68070e+00
  1.39e-01	  1.15e-02	-2.61008e+00
  1.39e-01	  1.20e-02	-8.70069e-01
  1.39e-01	  1.25e-02	6.35530e-01
  1.39e-01	  1.30e-02	1.95787e+00
  1.39e-01	  1.35e-02	3.12697e+00
  1.39e-01	  1.41e-02	4.16271e+00
  1.39e-01	  1.46e-02	5.08008e+00
  1.39e-01	  1.51e-02	5.89185e+00
  1.39e-01	  1.56e-02	6.61002e+00
  1.39e-01	  1.61e-02	7.24649e+00
  1.39e-01	  1.67e-02	7.81337e+00
  1.39e-01	  1.72e-02	8.32303e+00
  1.39e-01	  1.77e-02	8.78817e+00
  1.39e-01	  1.82e-02	9.22155e+00
  1.39e-01	  1.88e-02	9.63573e+00
  1.39e-01	  1.93e-02	1.00429e+01
  1.39e-01	  1.98e-02	1.04544e+01
  1.39e-01	  2.03e-02	1.08808e+01
  1.39e-01	  2.08e-02	1.13312e+01
  1.39e-01	  2.14e-02	1.18135e+01
  1.39e-01	  2.19e-02	1.23338e+01
  1.39e-01	  2.24e-02	1.28966e+01
  1.39e-01	  2.29e-02	1.35041e+01
  1.39e-01	  2.34e-02	1.41564e+01
  1.39e-01	  2.40e-02	1.48508e+01
  1.39e-01	  2.45e-02	1.55816e+01
  1.39e-01	  2.50e-02	1.63392e+01
  1.39e-01	  2.55e-02	1.71097e+01
  1.39e-01	  2.60e-02	1.78746e+01
  1.39e-01	  2.66e-02	1.86105e+01
  1.39e-01	  2.71e-02	1.92896e+01
  1.39e-01	  2.76e-02	1.98815e+01
  1.39e-01	  2.81e-02	2.03554e+01
  1.39e-01	  2.86e-02	2.06833e+01
  1.39e-01	  2.92e-02	2.08435e+01
  1.39e-01	  2.97e-02	2.08229e+01
  1.39e-01	  3.02e-02	2.06183e+01
  1.39e-01	  3.07e-02	2.02352e+01
  1.39e-01	  3.13e-02	1.96863e+01
  1.39e-01	  3.18e-02	1.89877e+01
  1.39e-01	  3.23e-02	1.81566e+01
  1.39e-01	  3.28e-02	1.72082e+01
  1.39e-01	  3.33e-02	1.61553e+01
  1.39e-01	  3.39e-02	1.50068e+01
  1.39e-01	  3.44e-02	1.37689e+01
  1.39e-01	  3.49e-02	1.24455e+01
  1.39e-01	  3.54e-02	1.10396e+01
  1.39e-01	  3.59e-02	9.55455e+00
  1.39e-01	  3.65e-02	7.99521e+00
  1.39e-01	  3.70e-02	6.36905e+00
  1.39e-01	  3.75e-02	4.68646e+00
  1.39e-01	  3.80e-02	2.96060e+00
  1.39e-01	  3.85e-02	1.20655e+00
  1.39e-01	  3.91e-02	-2.34824e-01
  1.39e-01	  3.96e-02	4.86887e+01
  1.39e-01	  4.01e-02	-1.27052e-31
  1.39e-01	  4.06e-02	1.59009e-64
  1.39e-01	  4.11e-02	2.31771e-97
  1.39e-01	  4.17e-02	3.37563e-130
  1.39e-01	  4.22e-02	4.91241e-163
  1.39e-01	  4.27e-02	7.14268e-196
  1.39e-01	  4.32e-02	1.03762e-228
  1.39e-01	  4.37e-02	1.50593e-261
  1.39e-01	  4.43e-02	2.18344e-294
  1.39e-01	  4.48e-02	0.00000e+00
  1.39e-01	  4.53e-02	0.00000e+00
  1.39e-01	  4.58e-02	0.00000e+00
  1.39e-01	  4.64e-02	0.00000e+00
  1.39e-01	  4.69e-02	0.00000e+00
  1.39e-01	  4.74e-02	0.00000e+00
  1.39e-01	  4.79e-02	0.00000e+00
  1.39e-01	  4.84e-02	0.00000e+00
  1.39e-01	  4.90e-02	0.00000e+00
  1.39e-01	  4.95e-02	0.00000e+00

  1.40e-01	  0.00e+00	0.00000e+00
  1.40e-01	  5.21e-04	0.00000e+00
  1.40e-01	  1.04e-03	0.00000e+00
  1.40e-01	  1.56e-03	0.00000e+00
  1.40e-01	  2.08e-03	0.00000e+00
  1.40e-01	  2.60e-03	0.00000e+00
  1.40e-01	  3.12e-03	0.00000e+00
  1.40e-01	  3.65e-03	0.00000e+00
  1.40e-01	  4.17e-03	-6.30060e-293
  1.40e-01	  4.69e-03	-4.19719e-260
  1.40e-01	  5.21e-03	-2.79597e-227
  1.40e-01	  5.73e-03	-1.86255e-194
  1.40e-01	  6.25e-03	-1.24074e-161
  1.40e-01	  6.77e-03	-8.26515e-129
  1.40e-01	  7.29e-03	-5.50581e-96
  1.40e-01	  7.81e-03	-3.66767e-63
  1.40e-01	  8.33e-03	-2.44319e-30
  1.40e-01	  8.85e-03	-5.72195e+02
  1.40e-01	  9.37e-03	-2.88018e+01
  1.40e-01	  9.90e-03	-1.12790e+01
  1.40e-01	  1.04e-02	-7.55932e+00
  1.40e-01	  1.09e-02	-4.88789e+00
  1.40e-01	  1.15e-02	-2.78515e+00
  1.40e-01	  1.20e-02	-1.03246e+00
  1.40e-01	  1.25e-02	4.80588e-01
  1.40e-01	  1.30e-02	1.80954e+00
  1.40e-01	  1.35e-02	2.98541e+00
  1.40e-01	  1.41e-02	4.02887e+00
  1.40e-01	  1.46e-02	4.95537e+00
  1.40e-01	  1.51e-02	5.77792e+00
  1.40e-01	  1.56e-02	6.50862e+00
  1.40e-01	  1.61e-02	7.15938e+00
  1.40e-01	  1.67e-02	7.74238e+00
  1.40e-01	  1.72e-02	8.27002e+00
  1.40e-01	  1.77e-02	8.75492e+00
  1.40e-01	  1.82e-02	9.20973e+00
  1.40e-01	  1.88e-02	9.64707e+00
  1.40e-01	  1.93e-02	1.00791e+01
  1.40e-01	  1.98e-02	1.05173e+01
  1.40e-01	  2.03e-02	1.09723e+01
  1.40e-01	  2.08e-02	1.14535e+01
  1.40e-01	  2.14e-02	1.19691e+01
  1.40e-01	  2.19e-02	1.25253e+01
  1.40e-01	  2.24e-02	1.31265e+01
  1.40e-01	  2.29e-02	1.37748e+01
  1.40e-01	  2.34e-02	1.44698e+01
  1.40e-01	  2.40e-02	1.52078e+01
  1.40e-01	  2.45e-02	1.59812e+01
  1.40e-01	  2.50e-02	1.67783e+01
  1.40e-01	  2.55e-02	1.75822e+01
  1.40e-01	  2.60e-02	1.83708e+01
  1.40e-01	  2.66e-02	1.91171e+01
  1.40e-01	  2.71e-02	1.97907e+01
  1.40e-01	  2.76e-02	2.03597e+01
  1.40e-01	  2.81e-02	2.07942e+01
  1.40e-01	  2.86e-02	2.10694e+01
  1.40e-01	  2.92e-02	2.11689e+01
  1.40e-01	  2.97e-02	2.10859e+01
  1.40e-01	  3.02e-02	2.08234e+01
  1.40e-01	  3.07e-02	2.03916e+01
  1.40e-01	  3.13e-02	1.98057e+01
  1.40e-01	  3.18e-02	1.90828e+01
  1.40e-01	  3.23e-02	1.82388e+01
  1.40e-01	  3.28e-02	1.72871e+01
  1.40e-01	  3.33e-02	1.62377e+01
  1.40e-01	  3.39e-02	1.50973e+01
  1.40e-01	  3.44e-02	1.38694e+01
  1.40e-01	  3.49e-02	1.25559e+01
  1.40e-01	  3.54e-02	1.11580e+01
  1.40e-01	  3.59e-02	9.67726e+00
  1.40e-01	  3.65e-02	8.11745e+00
  1.40e-01	  3.70e-02	6.48509e+00
  1.40e-01	  3.75e-02	4.79012e+00
  1.40e-01	  3.80e-02	3.04577e+00
  1.40e-01	  3.85e-02	1.26762e+00
  1.40e-01	  3.91e-02	-1.88003e-01
  1.40e-01	  3.96e-02	4.59246e+01
  1.40e-01	  4.01e-02	-1.28406e-31
  1.40e-01	  4.06e-02	1.47945e-64
  1.40e-01	  4.11e-02	2.15281e-97
  1.40e-01	  4.17e-02	3.12995e-130
  1.40e-01	  4.22e-02	4.54650e-163
  1.40e-01	  4.27e-02	6.59793e-196
  1.40e-01	  4.32e-02	9.56549e-229
  1.40e-01	  4.37e-02	1.38533e-261
  1.40e-01	  4.43e-02	2.00411e-294
  1.40e-01	  4.48e-02	0.00000e+00
  1.40e-01	  4.53e-02	0.00000e+00
  1.40e-01	  4.58e-02	0.00000e+00
  1.40e-01	  4.64e-02	0.00000e+00
  1.40e-01	  4.69e-02	0.00000e+00
  1.40e-01	  4.74e-02	0.00000e+00
  1.40e-01	  4.79e-02	0.00000e+00
  1.40e-01	  4.84e-02	0.00000e+00
  1.40e-01	  4.90e-02	0.00000e+00
  1.40e-01	  4.95e-02	0.00000e+00

  1.41e-01	  0.00e+00	0.00000e+00
  1.41e-01	  5.21e-04	0.00000e+00
  1.41e-01	  1.04e-03	0.00000e+00
  1.41e-01	  1.56e-03	0.00000e+00
  1.41e-01	  2.08e-03	0.00000e+00
  1.41e-01	  2.60e-03	0.00000e+00
  1.41e-01	  3.12e-03	0.00000e+00
  1.41e-01	  3.65e-03	0.00000e+00
  1.41e-01	  4.17e-03	-6.27865e-293
  1.41e-01	  4.69e-03	-4.18257e-260
  1.41e-01	  5.21e-03	-2.78625e-227
  1.41e-01	  5.73e-03	-1.85607e-194
  1.41e-01	  6.25e-03	-1.23642e-161
  1.41e-01	  6.77e-03	-8.23642e-129
  1.41e-01	  7.29e-03	-5.48667e-96
  1.41e-01	  7.81e-03	-3.65492e-63
  1.41e-01	  8.33e-03	-2.43470e-30
  1.41e-01	  8.85e-03	-5.70692e+02
  1.41e-01	  9.37e-03	-2.98505e+01
  1.41e-01	  9.90e-03	-1.16934e+01
  1.41e-01	  1.04e-02	-7.83104e+00
  1.41e-01	  1.09e-02	-5.09432e+00
  1.41e-01	  1.15e-02	-2.95695e+00
  1.41e-01	  1.20e-02	-1.19009e+00
  1.41e-01	  1.25e-02	3.31597e-01
  1.41e-01	  1.30e-02	1.66637e+00
  1.41e-01	  1.35e-02	2.84826e+00
  1.41e-01	  1.41e-02	3.89887e+00
  1.41e-01	  1.46e-02	4.83403e+00
  1.41e-01	  1.51e-02	5.66694e+00
  1.41e-01	  1.56e-02	6.40976e+00
  1.41e-01	  1.61e-02	7.07447e+00
  1.41e-01	  1.67e-02	7.67320e+00
  1.41e-01	  1.72e-02	8.21837e+00
  1.41e-01	  1.77e-02	8.72266e+00
  1.41e-01	  1.82e-02	9.19879e+00
  1.41e-01	  1.88e-02	9.65930e+00
  1.41e-01	  1.93e-02	1.01164e+01
  1.41e-01	  1.98e-02	1.05817e+01
  1.41e-01	  2.03e-02	1.10659e+01
  1.41e-01	  2.08e-02	1.15785e+01
  1.41e-01	  2.14e-02	1.21278e+01
  1.41e-01	  2.19e-02	1.27202e+01
  1.41e-01	  2.24e-02	1.33599e+01
  1.41e-01	  2.29e-02	1.40487e+01
  1.41e-01	  2.34e-02	1.47851e+01
  1.41e-01	  2.40e-02	1.55640e+01
  1.41e-01	  2.45e-02	1.63759e+01
  1.41e-01	  2.50e-02	1.72060e+01
  1.41e-01	  2.55e-02	1.80342e+01
  1.41e-01	  2.60e-02	1.88350e+01
  1.41e-01	  2.66e-02	1.95784e+01
  1.41e-01	  2.71e-02	2.02322e+01
  1.41e-01	  2.76e-02	2.07648e+01
  1.41e-01	  2.81e-02	2.11490e+01
  1.41e-01	  2.86e-02	2.13647e+01
  1.41e-01	  2.92e-02	2.14015e+01
  1.41e-01	  2.97e-02	2.12588e+01
  1.41e-01	  3.02e-02	2.09445e+01
  1.41e-01	  3.07e-02	2.04721e+01
  1.41e-01	  3.13e-02	1.98581e+01
  1.41e-01	  3.18e-02	1.91189e+01
  1.41e-01	  3.23e-02	1.82689e+01
  1.41e-01	  3.28e-02	1.73193e+01
  1.41e-01	  3.33e-02	1.62778e+01
  1.41e-01	  3.39e-02	1.51488e+01
  1.41e-01	  3.44e-02	1.39338e+01
  1.41e-01	  3.49e-02	1.26330e+01
  1.41e-01	  3.54e-02	1.12457e+01
  1.41e-01	  3.59e-02	9.77243e+00
  1.41e-01	  3.65e-02	8.21552e+00
  1.41e-01	  3.70e-02	6.58068e+00
  1.41e-01	  3.75e-02	4.87743e+00
  1.41e-01	  3.80e-02	3.11909e+00
  1.41e-01	  3.85e-02	1.32178e+00
  1.41e-01	  3.91e-02	-1.40627e-01
  1.41e-01	  3.96e-02	4.33922e+01
  1.41e-01	  4.01e-02	-1.28053e-31
  1.41e-01	  4.06e-02	1.37985e-64
  1.41e-01	  4.11e-02	2.00464e-97
  1.41e-01	  4.17e-02	2.90960e-130
  1.41e-01	  4.22e-02	4.21895e-163
  1.41e-01	  4.27e-02	6.11122e-196
  1.41e-01	  4.32e-02	8.84256e-229
  1.41e-01	  4.37e-02	1.27800e-261
  1.41e-01	  4.43e-02	1.84482e-294
  1.41e-01	  4.48e-02	0.00000e+00
  1.41e-01	  4.53e-02	0.00000e+00
  1.41e-01	  4.58e-02	0.00000e+00
  1.41e-01	  4.64e-02	0.00000e+00
  1.41e-01	  4.69e-02	0.00000e+00
  1.41e-01	  4.74e-02	0.00000e+00
  1.41e-01	  4.79e-02	0.00000e+00
  1.41e-01	  4.84e-02	0.00000e+00
  1.41e-01	  4.90e-02	0.00000e+00
  1.41e-01	  4.95e-02	0.00000e+00

  1.41e-01	  0.00e+00	0.00000e+00
  1.41e-01	  5.21e-04	0.00000e+00
  1.41e-01	  1.04e-03	0.00000e+00
  1.41e-01	  1.56e-03	0.00000e+00
  1.41e-01	  2.08e-03	0.00000e+00
  1.41e-01	  2.60e-03	0.00000e+00
  1.41e-01	  3.12e-03	0.00000e+00
  1.41e-01	  3.65e-03	0.00000e+00
  1.41e-01	  4.17e-03	-6.25578e-293
  1.41e-01	  4.69e-03	-4.16736e-260
  1.41e-01	  5.21e-03	-2.77612e-227
  1.41e-01	  5.73e-03	-1.84933e-194
  1.41e-01	  6.25e-03	-1.23194e-161
  1.41e-01	  6.77e-03	-8.20655e-129
  1.41e-01	  7.29e-03	-5.46678e-96
  1.41e-01	  7.81e-03	-3.64168e-63
  1.41e-01	  8.33e-03	-2.42588e-30
  1.41e-01	  8.85e-03	-5.69131e+02
  1.41e-01	  9.37e-03	-3.09336e+01
  1.41e-01	  9.90e-03	-1.21180e+01
  1.41e-01	  1.04e-02	-8.10472e+00
  1.41e-01	  1.09e-02	-5.29995e+00
  1.41e-01	  1.15e-02	-3.12772e+00
  1.41e-01	  1.20e-02	-1.34104e+00
  1.41e-01	  1.25e-02	1.87588e-01
  1.41e-01	  1.30e-02	1.52736e+00
  1.41e-01	  1.35e-02	2.71502e+00
  1.41e-01	  1.41e-02	3.77245e+00
  1.41e-01	  1.46e-02	4.71588e+00
  1.41e-01	  1.51e-02	5.55874e+00
  1.41e-01	  1.56e-02	6.31333e+00
  1.41e-01	  1.61e-02	6.99163e+00
  1.41e-01	  1.67e-02	7.60580e+00
  1.41e-01	  1.72e-02	8.16826e+00
  1.41e-01	  1.77e-02	8.69168e+00
  1.41e-01	  1.82e-02	9.18883e+00
  1.41e-01	  1.88e-02	9.67240e+00
  1.41e-01	  1.93e-02	1.01547e+01
  1.41e-01	  1.98e-02	1.06473e+01
  1.41e-01	  2.03e-02	1.11611e+01
  1.41e-01	  2.08e-02	1.17056e+01
  1.41e-01	  2.14e-02	1.22889e+01
  1.41e-01	  2.19e-02	1.29175e+01
  1.41e-01	  2.24e-02	1.35952e+01
  1.41e-01	  2.29e-02	1.43230e+01
  1.41e-01	  2.34e-02	1.50984e+01
  1.41e-01	  2.40e-02	1.59143e+01
  1.41e-01	  2.45e-02	1.67587e+01
  1.41e-01	  2.50e-02	1.76136e+01
  1.41e-01	  2.55e-02	1.84556e+01
  1.41e-01	  2.60e-02	1.92560e+01
  1.41e-01	  2.66e-02	1.99829e+01
  1.41e-01	  2.71e-02	2.06038e+01
  1.41e-01	  2.76e-02	2.10891e+01
  1.41e-01	  2.81e-02	2.14156e+01
  1.41e-01	  2.86e-02	2.15689e+01
  1.41e-01	  2.92e-02	2.15447e+01
  1.41e-01	  2.97e-02	2.13475e+01
  1.41e-01	  3.02e-02	2.09889e+01
  1.41e-01	  3.07e-02	2.04842e+01
  1.41e-01	  3.13e-02	1.98499e+01
  1.41e-01	  3.18e-02	1.91014e+01
  1.41e-01	  3.23e-02	1.82510e+01
  1.41e-01	  3.28e-02	1.73080e+01
  1.41e-01	  3.33e-02	1.62779e+01
  1.41e-01	  3.39e-02	1.51632e+01
  1.41e-01	  3.44e-02	1.39637e+01
  1.41e-01	  3.49e-02	1.26780e+01
  1.41e-01	  3.54e-02	1.13041e+01
  1.41e-01	  3.59e-02	9.84110e+00
  1.41e-01	  3.65e-02	8.29028e+00
  1.41e-01	  3.70e-02	6.65646e+00
  1.41e-01	  3.75e-02	4.94871e+00
  1.41e-01	  3.80e-02	3.18042e+00
  1.41e-01	  3.85e-02	1.36831e+00
  1.41e-01	  3.91e-02	-9.55646e-02
  1.41e-01	  3.96e-02	4.11101e+01
  1.41e-01	  4.01e-02	-1.26437e-31
  1.41e-01	  4.06e-02	1.29159e-64
  1.41e-01	  4.11e-02	1.87356e-97
  1.41e-01	  4.17e-02	2.71504e-130
  1.41e-01	  4.22e-02	3.93026e-163
  1.41e-01	  4.27e-02	5.68303e-196
  1.41e-01	  4.32e-02	8.20777e-229
  1.41e-01	  4.37e-02	1.18393e-261
  1.41e-01	  4.43e-02	1.70548e-294
  1.41e-01	  4.48e-02	0.00000e+00
  1.41e-01	  4.53e-02	0.00000e+00
  1.41e-01	  4.58e-02	0.00000e+00
  1.41e-01	  4.64e-02	0.00000e+00
  1.41e-01	  4.69e-02	0.00000e+00
  1.41e-01	  4.74e-02	0.00000e+00
  1.41e-01	  4.79e-02	0.00000e+00
  1.41e-01	  4.84e-02	0.00000e+00
  1.41e-01	  4.90e-02	0.00000e+00
  1.41e-01	  4.95e-02	0.00000e+00

  1.42e-01	  0.00e+00	0.00000e+00
  1.42e-01	  5.21e-04	0.00000e+00
  1.42e-01	  1.04e-03	0.00000e+00
  1.42e-01	  1.56e-03	0.00000e+00
  1.42e-01	  2.08e-03	0.00000e+00
  1.42e-01	  2.60e-03	0.00000e+00
  1.42e-01	  3.12e-03	0.00000e+00
  1.42e-01	  3.65e-03	0.00000e+00
  1.42e-01	  4.17e-03	-6.23198e-293
  1.42e-01	  4.69e-03	-4.15152e-260
  1.42e-01	  5.21e-03	-2.76558e-227
  1.42e-01	  5.73e-03	-1.84232e-194
  1.42e-01	  6.25e-03	-1.22727e-161
  1.42e-01	  6.77e-03	-8.17550e-129
  1.42e-01	  7.29e-03	-5.44611e-96
  1.42e-01	  7.81e-03	-3.62792e-63
  1.42e-01	  8.33e-03	-2.41672e-30
  1.42e-01	  8.85e-03	-5.67508e+02
  1.42e-01	  9.37e-03	-3.20515e+01
  1.42e-01	  9.90e-03	-1.25529e+01
  1.42e-01	  1.04e-02	-8.38048e+00
  1.42e-01	  1.09e-02	-5.50509e+00
  1.42e-01	  1.15e-02	-3.29690e+00
  1.42e-01	  1.20e-02	-1.48888e+00
  1.42e-01	  1.25e-02	4.78639e-02
  1.42e-01	  1.30e-02	1.39373e+00
  1.42e-01	  1.35e-02	2.58624e+00
  1.42e-01	  1.41e-02	3.64970e+00
  1.42e-01	  1.46e-02	4.60084e+00
  1.42e-01	  1.51e-02	5.45322e+00
  1.42e-01	  1.56e-02	6.21918e+00
  1.42e-01	  1.61e-02	6.91076e+00
  1.42e-01	  1.67e-02	7.54010e+00
  1.42e-01	  1.72e-02	8.11963e+00
  1.42e-01	  1.77e-02	8.66201e+00
  1.42e-01	  1.82e-02	9.18008e+00
  1.42e-01	  1.88e-02	9.68654e+00
  1.42e-01	  1.93e-02	1.01939e+01
  1.42e-01	  1.98e-02	1.07138e+01
  1.42e-01	  2.03e-02	1.12573e+01
  1.42e-01	  2.08e-02	1.18337e+01
  1.42e-01	  2.14e-02	1.24511e+01
  1.42e-01	  2.19e-02	1.31154e+01
  1.42e-01	  2.24e-02	1.38300e+01
  1.42e-01	  2.29e-02	1.45948e+01
  1.42e-01	  2.34e-02	1.54056e+01
  1.42e-01	  2.40e-02	1.62532e+01
  1.42e-01	  2.45e-02	1.71225e+01
  1.42e-01	  2.50e-02	1.79925e+01
  1.42e-01	  2.55e-02	1.88367e+01
  1.42e-01	  2.60e-02	1.96241e+01
  1.42e-01	  2.66e-02	2.03220e+01
  1.42e-01	  2.71e-02	2.08990e+01
  1.42e-01	  2.76e-02	2.13292e+01
  1.42e-01	  2.81e-02	2.15943e+01
  1.42e-01	  2.86e-02	2.16858e+01
  1.42e-01	  2.92e-02	2.16046e+01
  1.42e-01	  2.97e-02	2.13596e+01
  1.42e-01	  3.02e-02	2.09644e+01
  1.42e-01	  3.07e-02	2.04352e+01
  1.42e-01	  3.13e-02	1.97878e+01
  1.42e-01	  3.18e-02	1.90357e+01
  1.42e-01	  3.23e-02	1.81898e+01
  1.42e-01	  3.28e-02	1.72570e+01
  1.42e-01	  3.33e-02	1.62413e+01
  1.42e-01	  3.39e-02	1.51433e+01
  1.42e-01	  3.44e-02	1.39617e+01
  1.42e-01	  3.49e-02	1.26934e+01
  1.42e-01	  3.54e-02	1.13354e+01
  1.42e-01	  3.59e-02	9.88537e+00
  1.42e-01	  3.65e-02	8.34356e+00
  1.42e-01	  3.70e-02	6.71391e+00
  1.42e-01	  3.75e-02	5.00501e+00
  1.42e-01	  3.80e-02	3.23033e+00
  1.42e-01	  3.85e-02	1.40715e+00
  1.42e-01	  3.91e-02	-5.46439e-02
  1.42e-01	  3.96e-02	3.90881e+01
  1.42e-01	  4.01e-02	-1.23979e-31
  1.42e-01	  4.06e-02	1.21461e-64
  1.42e-01	  4.11e-02	1.75946e-97
  1.42e-01	  4.17e-02	2.54595e-130
  1.42e-01	  4.22e-02	3.67983e-163
  1.42e-01	  4.27e-02	5.31228e-196
  1.42e-01	  4.32e-02	7.65914e-229
  1.42e-01	  4.37e-02	1.10278e-261
  1.42e-01	  4.43e-02	1.58552e-294
  1.42e-01	  4.48e-02	-9.48606e-321
  1.42e-01	  4.53e-02	0.00000e+00
  1.42e-01	  4.58e-02	0.00000e+00
  1.42e-01	  4.64e-02	0.00000e+00
  1.42e-01	  4.69e-02	0.00000e+00
  1.42e-01	  4.74e-02	0.00000e+00
  1.42e-01	  4.79e-02	0.00000e+00
  1.42e-01	  4.84e-02	0.00000e+00
  1.42e-01	  4.90e-02	0.00000e+00
  1.42e-01	  4.95e-02	3.79442e-320

  1.43e-01	  0.00e+00	0.00000e+00
  1.43e-01	  5.21e-04	0.00000e+00
  1.43e-01	  1.04e-03	0.00000e+00
  1.43e-01	  1.56e-03	0.00000e+00
  1.43e-01	  2.08e-03	0.00000e+00
  1.43e-01	  2.60e-03	0.00000e+00
  1.43e-01	  3.12e-03	0.00000e+00
  1.43e-01	  3.65e-03	0.00000e+00
  1.43e-01	  4.17e-03	-6.20724e-293
  1.43e-01	  4.69e-03	-4.13506e-260
  1.43e-01	  5.21e-03	-2.75464e-227
  1.43e-01	  5.73e-03	-1.83503e-194
  1.43e-01	  6.25e-03	-1.22242e-161
  1.43e-01	  6.77e-03	-8.14326e-129
  1.43e-01	  7.29e-03	-5.42466e-96
  1.43e-01	  7.81e-03	-3.61364e-63
  1.43e-01	  8.33e-03	-2.40722e-30
  1.43e-01	  8.85e-03	-5.65823e+02
  1.43e-01	  9.37e-03	-3.32043e+01
  1.43e-01	  9.90e-03	-1.29980e+01
  1.43e-01	  1.04e-02	-8.65829e+00
  1.43e-01	  1.09e-02	-5.70974e+00
  1.43e-01	  1.15e-02	-3.46477e+00
  1.43e-01	  1.20e-02	-1.63613e+00
  1.43e-01	  1.25e-02	-8.60120e-02
  1.43e-01	  1.30e-02	1.26408e+00
  1.43e-01	  1.35e-02	2.46089e+00
  1.43e-01	  1.41e-02	3.53016e+00
  1.43e-01	  1.46e-02	4.48866e+00
  1.43e-01	  1.51e-02	5.35019e+00
  1.43e-01	  1.56e-02	6.12720e+00
  1.43e-01	  1.61e-02	6.83175e+00
  1.43e-01	  1.67e-02	7.47601e+00
  1.43e-01	  1.72e-02	8.07239e+00
  1.43e-01	  1.77e-02	8.63360e+00
  1.43e-01	  1.82e-02	9.17247e+00
  1.43e-01	  1.88e-02	9.70180e+00
  1.43e-01	  1.93e-02	1.02341e+01
  1.43e-01	  1.98e-02	1.07812e+01
  1.43e-01	  2.03e-02	1.13541e+01
  1.43e-01	  2.08e-02	1.19623e+01
  1.43e-01	  2.14e-02	1.26132e+01
  1.43e-01	  2.19e-02	1.33123e+01
  1.43e-01	  2.24e-02	1.40619e+01
  1.43e-01	  2.29e-02	1.48605e+01
  1.43e-01	  2.34e-02	1.57020e+01
  1.43e-01	  2.40e-02	1.65746e+01
  1.43e-01	  2.45e-02	1.74602e+01
  1.43e-01	  2.50e-02	1.83350e+01
  1.43e-01	  2.55e-02	1.91696e+01
  1.43e-01	  2.60e-02	1.99320e+01
  1.43e-01	  2.66e-02	2.05901e+01
  1.43e-01	  2.71e-02	2.11152e+01
  1.43e-01	  2.76e-02	2.14857e+01
  1.43e-01	  2.81e-02	2.16888e+01
  1.43e-01	  2.86e-02	2.17216e+01
  1.43e-01	  2.92e-02	2.15893e+01
  1.43e-01	  2.97e-02	2.13036e+01
  1.43e-01	  3.02e-02	2.08796e+01
  1.43e-01	  3.07e-02	2.03329e+01
  1.43e-01	  3.13e-02	1.96783e+01
  1.43e-01	  3.18e-02	1.89279e+01
  1.43e-01	  3.23e-02	1.80903e+01
  1.43e-01	  3.28e-02	1.71710e+01
  1.43e-01	  3.33e-02	1.61722e+01
  1.43e-01	  3.39e-02	1.50933e+01
  1.43e-01	  3.44e-02	1.39316e+01
  1.43e-01	  3.49e-02	1.26829e+01
  1.43e-01	  3.54e-02	1.13429e+01
  1.43e-01	  3.59e-02	9.90820e+00
  1.43e-01	  3.65e-02	8.37793e+00
  1.43e-01	  3.70e-02	6.75514e+00
  1.43e-01	  3.75e-02	5.04794e+00
  1.43e-01	  3.80e-02	3.26983e+00
  1.43e-01	  3.85e-02	1.43869e+00
  1.43e-01	  3.91e-02	-1.88734e-02
  1.43e-01	  3.96e-02	3.73291e+01
  1.43e-01	  4.01e-02	-1.21070e-31
  1.43e-01	  4.06e-02	1.14862e-64
  1.43e-01	  4.11e-02	1.66179e-97
  1.43e-01	  4.17e-02	2.40149e-130
  1.43e-01	  4.22e-02	3.46623e-163
  1.43e-01	  4.27e-02	4.99663e-196
  1.43e-01	  4.32e-02	7.19291e-229
  1.43e-01	  4.37e-02	1.03395e-261
  1.43e-01	  4.43e-02	1.48397e-294
  1.43e-01	  4.48e-02	-9.48606e-321
  1.43e-01	  4.53e-02	0.00000e+00
  1.43e-01	  4.58e-02	0.00000e+00
  1.43e-01	  4.64e-02	0.00000e+00
  1.43e-01	  4.69e-02	0.00000e+00
  1.43e-01	  4.74e-02	0.00000e+00
  1.43e-01	  4.79e-02	0.00000e+00
  1.43e-01	  4.84e-02	0.00000e+00
  1.43e-01	  4.90e-02	0.00000e+00
  1.43e-01	  4.95e-02	3.79442e-320

  1.44e-01	  0.00e+00	0.00000e+00
  1.44e-01	  5.21e-04	0.00000e+00
  1.44e-01	  1.04e-03	0.00000e+00
  1.44e-01	  1.56e-03	0.00000e+00
  1.44e-01	  2.08e-03	0.00000e+00
  1.44e-01	  2.60e-03	0.00000e+00
  1.44e-01	  3.12e-03	0.00000e+00
  1.44e-01	  3.65e-03	0.00000e+00
  1.44e-01	  4.17e-03	-6.18160e-293
  1.44e-01	  4.69e-03	-4.11801e-260
  1.44e-01	  5.21e-03	-2.74330e-227
  1.44e-01	  5.73e-03	-1.82749e-194
  1.44e-01	  6.25e-03	-1.21741e-161
  1.44e-01	  6.77e-03	-8.10988e-129
  1.44e-01	  7.29e-03	-5.40245e-96
  1.44e-01	  7.81e-03	-3.59887e-63
  1.44e-01	  8.33e-03	-2.39739e-30
  1.44e-01	  8.85e-03	-5.64078e+02
  1.44e-01	  9.37e-03	-3.43920e+01
  1.44e-01	  9.90e-03	-1.34534e+01
  1.44e-01	  1.04e-02	-8.93833e+00
  1.44e-01	  1.09e-02	-5.91439e+00
  1.44e-01	  1.15e-02	-3.63201e+00
  1.44e-01	  1.20e-02	-1.78239e+00
  1.44e-01	  1.25e-02	-2.18090e-01
  1.44e-01	  1.30e-02	1.13800e+00
  1.44e-01	  1.35e-02	2.33990e+00
  1.44e-01	  1.41e-02	3.41402e+00
  1.44e-01	  1.46e-02	4.37928e+00
  1.44e-01	  1.51e-02	5.24953e+00
  1.44e-01	  1.56e-02	6.03725e+00
  1.44e-01	  1.61e-02	6.75448e+00
  1.44e-01	  1.67e-02	7.41341e+00
  1.44e-01	  1.72e-02	8.02645e+00
  1.44e-01	  1.77e-02	8.60633e+00
  1.44e-01	  1.82e-02	9.16591e+00
  1.44e-01	  1.88e-02	9.71802e+00
  1.44e-01	  1.93e-02	1.02752e+01
  1.44e-01	  1.98e-02	1.08493e+01
  1.44e-01	  2.03e-02	1.14512e+01
  1.44e-01	  2.08e-02	1.20903e+01
  1.44e-01	  2.14e-02	1.27738e+01
  1.44e-01	  2.19e-02	1.35060e+01
  1.44e-01	  2.24e-02	1.42880e+01
  1.44e-01	  2.29e-02	1.51164e+01
  1.44e-01	  2.34e-02	1.59829e+01
  1.44e-01	  2.40e-02	1.68730e+01
  1.44e-01	  2.45e-02	1.77656e+01
  1.44e-01	  2.50e-02	1.86343e+01
  1.44e-01	  2.55e-02	1.94483e+01
  1.44e-01	  2.60e-02	2.01753e+01
  1.44e-01	  2.66e-02	2.07852e+01
  1.44e-01	  2.71e-02	2.12532e+01
  1.44e-01	  2.76e-02	2.15624e+01
  1.44e-01	  2.81e-02	2.17057e+01
  1.44e-01	  2.86e-02	2.16846e+01
  1.44e-01	  2.92e-02	2.15078e+01
  1.44e-01	  2.97e-02	2.11888e+01
  1.44e-01	  3.02e-02	2.07429e+01
  1.44e-01	  3.07e-02	2.01852e+01
  1.44e-01	  3.13e-02	1.95288e+01
  1.44e-01	  3.18e-02	1.87842e+01
  1.44e-01	  3.23e-02	1.79585e+01
  1.44e-01	  3.28e-02	1.70555e+01
  1.44e-01	  3.33e-02	1.60760e+01
  1.44e-01	  3.39e-02	1.50181e+01
  1.44e-01	  3.44e-02	1.38781e+01
  1.44e-01	  3.49e-02	1.26508e+01
  1.44e-01	  3.54e-02	1.13306e+01
  1.44e-01	  3.59e-02	9.91311e+00
  1.44e-01	  3.65e-02	8.39636e+00
  1.44e-01	  3.70e-02	6.78256e+00
  1.44e-01	  3.75e-02	5.07932e+00
  1.44e-01	  3.80e-02	3.30019e+00
  1.44e-01	  3.85e-02	1.46361e+00
  1.44e-01	  3.91e-02	1.13104e-02
  1.44e-01	  3.96e-02	3.58297e+01
  1.44e-01	  4.01e-02	-1.18080e-31
  1.44e-01	  4.06e-02	1.09311e-64
  1.44e-01	  4.11e-02	1.57977e-97
  1.44e-01	  4.17e-02	2.28036e-130
  1.44e-01	  4.22e-02	3.28744e-163
  1.44e-01	  4.27e-02	4.73287e-196
  1.44e-01	  4.32e-02	6.80400e-229
  1.44e-01	  4.37e-02	9.76643e-262
  1.44e-01	  4.43e-02	1.39956e-294
  1.44e-01	  4.48e-02	-9.48606e-321
  1.44e-01	  4.53e-02	0.00000e+00
  1.44e-01	  4.58e-02	0.00000e+00
  1.44e-01	  4.64e-02	0.00000e+00
  1.44e-01	  4.69e-02	0.00000e+00
  1.44e-01	  4.74e-02	0.00000e+00
  1.44e-01	  4.79e-02	0.00000e+00
  1.44e-01	  4.84e-02	0.00000e+00
  1.44e-01	  4.90e-02	0.00000e+00
  1.44e-01	  4.95e-02	3.79442e-320

  1.45e-01	  0.00e+00	0.00000e+00
  1.45e-01	  5.21e-04	0.00000e+00
  1.45e-01	  1.04e-03	0.00000e+00
  1.45e-01	  1.56e-03	0.00000e+00
  1.45e-01	  2.08e-03	0.00000e+00
  1.45e-01	  2.60e-03	0.00000e+00
  1.45e-01	  3.12e-03	0.00000e+00
  1.45e-01	  3.65e-03	0.00000e+00
  1.45e-01	  4.17e-03	-6.15516e-293
  1.45e-01	  4.69e-03	-4.10043e-260
  1.45e-01	  5.21e-03	-2.73161e-227
  1.45e-01	  5.73e-03	-1.81972e-194
  1.45e-01	  6.25e-03	-1.21224e-161
  1.45e-01	  6.77e-03	-8.07549e-129
  1.45e-01	  7.29e-03	-5.37957e-96
  1.45e-01	  7.81e-03	-3.58365e-63
  1.45e-01	  8.33e-03	-2.38726e-30
  1.45e-01	  8.85e-03	-5.62278e+02
  1.45e-01	  9.37e-03	-3.56138e+01
  1.45e-01	  9.90e-03	-1.39191e+01
  1.45e-01	  1.04e-02	-9.22099e+00
  1.45e-01	  1.09e-02	-6.11974e+00
  1.45e-01	  1.15e-02	-3.79941e+00
  1.45e-01	  1.20e-02	-1.92864e+00
  1.45e-01	  1.25e-02	-3.50931e-01
  1.45e-01	  1.30e-02	1.01573e+00
  1.45e-01	  1.35e-02	2.22138e+00
  1.45e-01	  1.41e-02	3.30063e+00
  1.45e-01	  1.46e-02	4.27247e+00
  1.45e-01	  1.51e-02	5.15114e+00
  1.45e-01	  1.56e-02	5.94923e+00
  1.45e-01	  1.61e-02	6.67885e+00
  1.45e-01	  1.67e-02	7.35219e+00
  1.45e-01	  1.72e-02	7.98169e+00
  1.45e-01	  1.77e-02	8.58007e+00
  1.45e-01	  1.82e-02	9.16022e+00
  1.45e-01	  1.88e-02	9.73497e+00
  1.45e-01	  1.93e-02	1.03168e+01
  1.45e-01	  1.98e-02	1.09176e+01
  1.45e-01	  2.03e-02	1.15480e+01
  1.45e-01	  2.08e-02	1.22171e+01
  1.45e-01	  2.14e-02	1.29316e+01
  1.45e-01	  2.19e-02	1.36946e+01
  1.45e-01	  2.24e-02	1.45055e+01
  1.45e-01	  2.29e-02	1.53589e+01
  1.45e-01	  2.34e-02	1.62439e+01
  1.45e-01	  2.40e-02	1.71433e+01
  1.45e-01	  2.45e-02	1.80334e+01
  1.45e-01	  2.50e-02	1.88858e+01
  1.45e-01	  2.55e-02	1.96691e+01
  1.45e-01	  2.60e-02	2.03524e+01
  1.45e-01	  2.66e-02	2.09084e+01
  1.45e-01	  2.71e-02	2.13167e+01
  1.45e-01	  2.76e-02	2.15657e+01
  1.45e-01	  2.81e-02	2.16529e+01
  1.45e-01	  2.86e-02	2.15838e+01
  1.45e-01	  2.92e-02	2.13695e+01
  1.45e-01	  2.97e-02	2.10243e+01
  1.45e-01	  3.02e-02	2.05632e+01
  1.45e-01	  3.07e-02	2.00001e+01
  1.45e-01	  3.13e-02	1.93469e+01
  1.45e-01	  3.18e-02	1.86121e+01
  1.45e-01	  3.23e-02	1.78013e+01
  1.45e-01	  3.28e-02	1.69170e+01
  1.45e-01	  3.33e-02	1.59587e+01
  1.45e-01	  3.39e-02	1.49236e+01
  1.45e-01	  3.44e-02	1.38067e+01
  1.45e-01	  3.49e-02	1.26019e+01
  1.45e-01	  3.54e-02	1.13027e+01
  1.45e-01	  3.59e-02	9.90362e+00
  1.45e-01	  3.65e-02	8.40168e+00
  1.45e-01	  3.70e-02	6.79831e+00
  1.45e-01	  3.75e-02	5.10068e+00
  1.45e-01	  3.80e-02	3.32238e+00
  1.45e-01	  3.85e-02	1.48243e+00
  1.45e-01	  3.91e-02	3.56561e-02
  1.45e-01	  3.96e-02	3.45820e+01
  1.45e-01	  4.01e-02	-1.15374e-31
  1.45e-01	  4.06e-02	1.04745e-64
  1.45e-01	  4.11e-02	1.51241e-97
  1.45e-01	  4.17e-02	2.18102e-130
  1.45e-01	  4.22e-02	3.14104e-163
  1.45e-01	  4.27e-02	4.51722e-196
  1.45e-01	  4.32e-02	6.48655e-229
  1.45e-01	  4.37e-02	9.29938e-262
  1.45e-01	  4.43e-02	1.33089e-294
  1.45e-01	  4.48e-02	-9.48606e-321
  1.45e-01	  4.53e-02	0.00000e+00
  1.45e-01	  4.58e-02	0.00000e+00
  1.45e-01	  4.64e-02	0.00000e+00
  1.45e-01	  4.69e-02	0.00000e+00
  1.45e-01	  4.74e-02	0.00000e+00
  1.45e-01	  4.79e-02	0.00000e+00
  1.45e-01	  4.84e-02	0.00000e+00
  1.45e-01	  4.90e-02	0.00000e+00
  1.45e-01	  4.95e-02	3.79442e-320

  1.45e-01	  0.00e+00	0.00000e+00
  1.45e-01	  5.21e-04	0.00000e+00
  1.45e-01	  1.04e-03	0.00000e+00
  1.45e-01	  1.56e-03	0.00000e+00
  1.45e-01	  2.08e-03	0.00000e+00
  1.45e-01	  2.60e-03	0.00000e+00
  1.45e-01	  3.12e-03	0.00000e+00
  1.45e-01	  3.65e-03	0.00000e+00
  1.45e-01	  4.17e-03	-6.12810e-293
  1.45e-01	  4.69e-03	-4.08244e-260
  1.45e-01	  5.21e-03	-2.71964e-227
  1.45e-01	  5.73e-03	-1.81176e-194
  1.45e-01	  6.25e-03	-1.20694e-161
  1.45e-01	  6.77e-03	-8.04029e-129
  1.45e-01	  7.29e-03	-5.35616e-96
  1.45e-01	  7.81e-03	-3.56807e-63
  1.45e-01	  8.33e-03	-2.37690e-30
  1.45e-01	  8.85e-03	-5.60434e+02
  1.45e-01	  9.37e-03	-3.68684e+01
  1.45e-01	  9.90e-03	-1.43952e+01
  1.45e-01	  1.04e-02	-9.50731e+00
  1.45e-01	  1.09e-02	-6.32736e+00
  1.45e-01	  1.15e-02	-3.96865e+00
  1.45e-01	  1.20e-02	-2.07637e+00
  1.45e-01	  1.25e-02	-4.84662e-01
  1.45e-01	  1.30e-02	8.93060e-01
  1.45e-01	  1.35e-02	2.10571e+00
  1.45e-01	  1.41e-02	3.19030e+00
  1.45e-01	  1.46e-02	4.16805e+00
  1.45e-01	  1.51e-02	5.05481e+00
  1.45e-01	  1.56e-02	5.86301e+00
  1.45e-01	  1.61e-02	6.60476e+00
  1.45e-01	  1.67e-02	7.29224e+00
  1.45e-01	  1.72e-02	7.93795e+00
  1.45e-01	  1.77e-02	8.55461e+00
  1.45e-01	  1.82e-02	9.15513e+00
  1.45e-01	  1.88e-02	9.75232e+00
  1.45e-01	  1.93e-02	1.03586e+01
  1.45e-01	  1.98e-02	1.09857e+01
  1.45e-01	  2.03e-02	1.16439e+01
  1.45e-01	  2.08e-02	1.23417e+01
  1.45e-01	  2.14e-02	1.30850e+01
  1.45e-01	  2.19e-02	1.38759e+01
  1.45e-01	  2.24e-02	1.47117e+01
  1.45e-01	  2.29e-02	1.55847e+01
  1.45e-01	  2.34e-02	1.64812e+01
  1.45e-01	  2.40e-02	1.73814e+01
  1.45e-01	  2.45e-02	1.82597e+01
  1.45e-01	  2.50e-02	1.90865e+01
  1.45e-01	  2.55e-02	1.98310e+01
  1.45e-01	  2.60e-02	2.04643e+01
  1.45e-01	  2.66e-02	2.09630e+01
  1.45e-01	  2.71e-02	2.13116e+01
  1.45e-01	  2.76e-02	2.15032e+01
  1.45e-01	  2.81e-02	2.15397e+01
  1.45e-01	  2.86e-02	2.14292e+01
  1.45e-01	  2.92e-02	2.11844e+01
  1.45e-01	  2.97e-02	2.08197e+01
  1.45e-01	  3.02e-02	2.03496e+01
  1.45e-01	  3.07e-02	1.97865e+01
  1.45e-01	  3.13e-02	1.91407e+01
  1.45e-01	  3.18e-02	1.84191e+01
  1.45e-01	  3.23e-02	1.76259e+01
  1.45e-01	  3.28e-02	1.67623e+01
  1.45e-01	  3.33e-02	1.58268e+01
  1.45e-01	  3.39e-02	1.48154e+01
  1.45e-01	  3.44e-02	1.37224e+01
  1.45e-01	  3.49e-02	1.25406e+01
  1.45e-01	  3.54e-02	1.12628e+01
  1.45e-01	  3.59e-02	9.88239e+00
  1.45e-01	  3.65e-02	8.39570e+00
  1.45e-01	  3.70e-02	6.80342e+00
  1.45e-01	  3.75e-02	5.11236e+00
  1.45e-01	  3.80e-02	3.33626e+00
  1.45e-01	  3.85e-02	1.49479e+00
  1.45e-01	  3.91e-02	5.33902e-02
  1.45e-01	  3.96e-02	3.35752e+01
  1.45e-01	  4.01e-02	-1.13361e-31
  1.45e-01	  4.06e-02	1.01096e-64
  1.45e-01	  4.11e-02	1.45863e-97
  1.45e-01	  4.17e-02	2.10183e-130
  1.45e-01	  4.22e-02	3.02447e-163
  1.45e-01	  4.27e-02	4.34574e-196
  1.45e-01	  4.32e-02	6.23444e-229
  1.45e-01	  4.37e-02	8.92898e-262
  1.45e-01	  4.43e-02	1.27651e-294
  1.45e-01	  4.48e-02	0.00000e+00
  1.45e-01	  4.53e-02	0.00000e+00
  1.45e-01	  4.58e-02	0.00000e+00
  1.45e-01	  4.64e-02	0.00000e+00
  1.45e-01	  4.69e-02	0.00000e+00
  1.45e-01	  4.74e-02	0.00000e+00
  1.45e-01	  4.79e-02	0.00000e+00
  1.45e-01	  4.84e-02	0.00000e+00
  1.45e-01	  4.90e-02	0.00000e+00
  1.45e-01	  4.95e-02	3.79442e-320

  1.46e-01	  0.00e+00	0.00000e+00
  1.46e-01	  5.21e-04	0.00000e+00
  1.46e-01	  1.04e-03	0.00000e+00
  1.46e-01	  1.56e-03	0.00000e+00
  1.46e-01	  2.08e-03	0.00000e+00
  1.46e-01	  2.60e-03	0.00000e+00
  1.46e-01	  3.12e-03	-2.40308e-305
  1.46e-01	  3.65e-03	2.40308e-305
  1.46e-01	  4.17e-03	-6.10069e-293
  1.46e-01	  4.69e-03	-4.06422e-260
  1.46e-01	  5.21e-03	-2.70752e-227
  1.46e-01	  5.73e-03	-1.80370e-194
  1.46e-01	  6.25e-03	-1.20159e-161
  1.46e-01	  6.77e-03	-8.00465e-129
  1.46e-01	  7.29e-03	-5.33246e-96
  1.46e-01	  7.81e-03	-3.55231e-63
  1.46e-01	  8.33e-03	-2.36642e-30
  1.46e-01	  8.85e-03	-5.58566e+02
  1.46e-01	  9.37e-03	-3.81532e+01
  1.46e-01	  9.90e-03	-1.48828e+01
  1.46e-01	  1.04e-02	-9.80027e+00
  1.46e-01	  1.09e-02	-6.54068e+00
  1.46e-01	  1.15e-02	-4.14269e+00
  1.46e-01	  1.20e-02	-2.22774e+00
  1.46e-01	  1.25e-02	-6.20889e-01
  1.46e-01	  1.30e-02	7.68388e-01
  1.46e-01	  1.35e-02	1.99160e+00
  1.46e-01	  1.41e-02	3.08155e+00
  1.46e-01	  1.46e-02	4.06627e+00
  1.46e-01	  1.51e-02	4.96082e+00
  1.46e-01	  1.56e-02	5.77870e+00
  1.46e-01	  1.61e-02	6.53216e+00
  1.46e-01	  1.67e-02	7.23342e+00
  1.46e-01	  1.72e-02	7.89500e+00
  1.46e-01	  1.77e-02	8.52965e+00
  1.46e-01	  1.82e-02	9.15026e+00
  1.46e-01	  1.88e-02	9.76959e+00
  1.46e-01	  1.93e-02	1.03999e+01
  1.46e-01	  1.98e-02	1.10527e+01
  1.46e-01	  2.03e-02	1.17377e+01
  1.46e-01	  2.08e-02	1.24628e+01
  1.46e-01	  2.14e-02	1.32327e+01
  1.46e-01	  2.19e-02	1.40480e+01
  1.46e-01	  2.24e-02	1.49041e+01
  1.46e-01	  2.29e-02	1.57906e+01
  1.46e-01	  2.34e-02	1.66914e+01
  1.46e-01	  2.40e-02	1.75842e+01
  1.46e-01	  2.45e-02	1.84421e+01
  1.46e-01	  2.50e-02	1.92353e+01
  1.46e-01	  2.55e-02	1.99344e+01
  1.46e-01	  2.60e-02	2.05136e+01
  1.46e-01	  2.66e-02	2.09539e+01
  1.46e-01	  2.71e-02	2.12446e+01
  1.46e-01	  2.76e-02	2.13831e+01
  1.46e-01	  2.81e-02	2.13748e+01
  1.46e-01	  2.86e-02	2.12298e+01
  1.46e-01	  2.92e-02	2.09616e+01
  1.46e-01	  2.97e-02	2.05843e+01
  1.46e-01	  3.02e-02	2.01109e+01
  1.46e-01	  3.07e-02	1.95527e+01
  1.46e-01	  3.13e-02	1.89182e+01
  1.46e-01	  3.18e-02	1.82128e+01
  1.46e-01	  3.23e-02	1.74393e+01
  1.46e-01	  3.28e-02	1.65978e+01
  1.46e-01	  3.33e-02	1.56856e+01
  1.46e-01	  3.39e-02	1.46980e+01
  1.46e-01	  3.44e-02	1.36285e+01
  1.46e-01	  3.49e-02	1.24692e+01
  1.46e-01	  3.54e-02	1.12121e+01
  1.46e-01	  3.59e-02	9.84977e+00
  1.46e-01	  3.65e-02	8.37785e+00
  1.46e-01	  3.70e-02	6.79645e+00
  1.46e-01	  3.75e-02	5.11222e+00
  1.46e-01	  3.80e-02	3.33926e+00
  1.46e-01	  3.85e-02	1.49814e+00
  1.46e-01	  3.91e-02	6.18189e-02
  1.46e-01	  3.96e-02	3.27967e+01
  1.46e-01	  4.01e-02	-1.12591e-31
  1.46e-01	  4.06e-02	9.82957e-65
  1.46e-01	  4.11e-02	1.41741e-97
  1.46e-01	  4.17e-02	2.04117e-130
  1.46e-01	  4.22e-02	2.93526e-163
  1.46e-01	  4.27e-02	4.21462e-196
  1.46e-01	  4.32e-02	6.04185e-229
  1.46e-01	  4.37e-02	8.64629e-262
  1.46e-01	  4.43e-02	1.23504e-294
  1.46e-01	  4.48e-02	0.00000e+00
  1.46e-01	  4.53e-02	0.00000e+00
  1.46e-01	  4.58e-02	0.00000e+00
  1.46e-01	  4.64e-02	0.00000e+00
  1.46e-01	  4.69e-02	0.00000e+00
  1.46e-01	  4.74e-02	0.00000e+00
  1.46e-01	  4.79e-02	0.00000e+00
  1.46e-01	  4.84e-02	0.00000e+00
  1.46e-01	  4.90e-02	0.00000e+00
  1.46e-01	  4.95e-02	1.50078e-290

  1.47e-01	  0.00e+00	0.00000e+00
  1.47e-01	  5.21e-04	0.00000e+00
  1.47e-01	  1.04e-03	0.00000e+00
  1.47e-01	  1.56e-03	0.00000e+00
  1.47e-01	  2.08e-03	0.00000e+00
  1.47e-01	  2.60e-03	0.00000e+00
  1.47e-01	  3.12e-03	-3.52013e-274
  1.47e-01	  3.65e-03	3.52013e-274
  1.47e-01	  4.17e-03	0.00000e+00
  1.47e-01	  4.69e-03	-4.04609e-260
  1.47e-01	  5.21e-03	-2.69547e-227
  1.47e-01	  5.73e-03	-1.79569e-194
  1.47e-01	  6.25e-03	-1.19626e-161
  1.47e-01	  6.77e-03	-7.96920e-129
  1.47e-01	  7.29e-03	-5.30889e-96
  1.47e-01	  7.81e-03	-3.53663e-63
  1.47e-01	  8.33e-03	-2.35599e-30
  1.47e-01	  8.85e-03	-5.56704e+02
  1.47e-01	  9.37e-03	-3.94622e+01
  1.47e-01	  9.90e-03	-1.53873e+01
  1.47e-01	  1.04e-02	-1.01084e+01
  1.47e-01	  1.09e-02	-6.76725e+00
  1.47e-01	  1.15e-02	-4.32667e+00
  1.47e-01	  1.20e-02	-2.38566e+00
  1.47e-01	  1.25e-02	-7.60922e-01
  1.47e-01	  1.30e-02	6.41875e-01
  1.47e-01	  1.35e-02	1.87634e+00
  1.47e-01	  1.41e-02	2.97583e+00
  1.47e-01	  1.46e-02	3.96689e+00
  1.47e-01	  1.51e-02	4.86906e+00
  1.47e-01	  1.56e-02	5.69629e+00
  1.47e-01	  1.61e-02	6.46099e+00
  1.47e-01	  1.67e-02	7.17553e+00
  1.47e-01	  1.72e-02	7.85250e+00
  1.47e-01	  1.77e-02	8.50470e+00
  1.47e-01	  1.82e-02	9.14497e+00
  1.47e-01	  1.88e-02	9.78598e+00
  1.47e-01	  1.93e-02	1.04398e+01
  1.47e-01	  1.98e-02	1.11174e+01
  1.47e-01	  2.03e-02	1.18281e+01
  1.47e-01	  2.08e-02	1.25786e+01
  1.47e-01	  2.14e-02	1.33723e+01
  1.47e-01	  2.19e-02	1.42082e+01
  1.47e-01	  2.24e-02	1.50793e+01
  1.47e-01	  2.29e-02	1.59730e+01
  1.47e-01	  2.34e-02	1.68704e+01
  1.47e-01	  2.40e-02	1.77476e+01
  1.47e-01	  2.45e-02	1.85769e+01
  1.47e-01	  2.50e-02	1.93292e+01
  1.47e-01	  2.55e-02	1.99776e+01
  1.47e-01	  2.60e-02	2.05002e+01
  1.47e-01	  2.66e-02	2.08826e+01
  1.47e-01	  2.71e-02	2.11186e+01
  1.47e-01	  2.76e-02	2.12097e+01
  1.47e-01	  2.81e-02	2.11635e+01
  1.47e-01	  2.86e-02	2.09917e+01
  1.47e-01	  2.92e-02	2.07076e+01
  1.47e-01	  2.97e-02	2.03243e+01
  1.47e-01	  3.02e-02	1.98536e+01
  1.47e-01	  3.07e-02	1.93049e+01
  1.47e-01	  3.13e-02	1.86851e+01
  1.47e-01	  3.18e-02	1.79981e+01
  1.47e-01	  3.23e-02	1.72454e+01
  1.47e-01	  3.28e-02	1.64260e+01
  1.47e-01	  3.33e-02	1.55366e+01
  1.47e-01	  3.39e-02	1.45716e+01
  1.47e-01	  3.44e-02	1.35241e+01
  1.47e-01	  3.49e-02	1.23856e+01
  1.47e-01	  3.54e-02	1.11474e+01
  1.47e-01	  3.59e-02	9.80166e+00
  1.47e-01	  3.65e-02	8.34333e+00
  1.47e-01	  3.70e-02	6.77202e+00
  1.47e-01	  3.75e-02	5.09423e+00
  1.47e-01	  3.80e-02	3.32465e+00
  1.47e-01	  3.85e-02	1.48543e+00
  1.47e-01	  3.91e-02	5.32273e-02
  1.47e-01	  3.96e-02	3.22333e+01
  1.47e-01	  4.01e-02	-1.13938e-31
  1.47e-01	  4.06e-02	9.62844e-65
  1.47e-01	  4.11e-02	1.38781e-97
  1.47e-01	  4.17e-02	1.99762e-130
  1.47e-01	  4.22e-02	2.87123e-163
  1.47e-01	  4.27e-02	4.12055e-196
  1.47e-01	  4.32e-02	5.90373e-229
  1.47e-01	  4.37e-02	8.44363e-262
  1.47e-01	  4.43e-02	0.00000e+00
  1.47e-01	  4.48e-02	0.00000e+00
  1.47e-01	  4.53e-02	0.00000e+00
  1.47e-01	  4.58e-02	0.00000e+00
  1.47e-01	  4.64e-02	0.00000e+00
  1.47e-01	  4.69e-02	0.00000e+00
  1.47e-01	  4.74e-02	0.00000e+00
  1.47e-01	  4.79e-02	0.00000e+00
  1.47e-01	  4.84e-02	0.00000e+00
  1.47e-01	  4.90e-02	0.00000e+00
  1.47e-01	  4.95e-02	2.69452e-259

  1.48e-01	  0.00e+00	0.00000e+00
  1.48e-01	  5.21e-04	-1.64762e-243
  1.48e-01	  1.04e-03	1.64762e-243
  1.48e-01	  1.56e-03	0.00000e+00
  1.48e-01	  2.08e-03	0.00000e+00
  1.48e-01	  2.60e-03	0.00000e+00
  1.48e-01	  3.12e-03	-1.64762e-243
  1.48e-01	  3.65e-03	1.64762e-243
  1.48e-01	  4.17e-03	0.00000e+00
  1.48e-01	  4.69e-03	0.00000e+00
  1.48e-01	  5.21e-03	-2.68385e-227
  1.48e-01	  5.73e-03	-1.78796e-194
  1.48e-01	  6.25e-03	-1.19112e-161
  1.48e-01	  6.77e-03	-7.93504e-129
  1.48e-01	  7.29e-03	-5.28617e-96
  1.48e-01	  7.81e-03	-3.52152e-63
  1.48e-01	  8.33e-03	-2.34594e-30
  1.48e-01	  8.85e-03	-5.54904e+02
  1.48e-01	  9.37e-03	-4.07809e+01
  1.48e-01	  9.90e-03	-1.59346e+01
  1.48e-01	  1.04e-02	-1.04572e+01
  1.48e-01	  1.09e-02	-7.02277e+00
  1.48e-01	  1.15e-02	-4.52799e+00
  1.48e-01	  1.20e-02	-2.55253e+00
  1.48e-01	  1.25e-02	-9.04747e-01
  1.48e-01	  1.30e-02	5.14398e-01
  1.48e-01	  1.35e-02	1.76146e+00
  1.48e-01	  1.41e-02	2.87196e+00
  1.48e-01	  1.46e-02	3.87058e+00
  1.48e-01	  1.51e-02	4.78032e+00
  1.48e-01	  1.56e-02	5.61599e+00
  1.48e-01	  1.61e-02	6.39107e+00
  1.48e-01	  1.67e-02	7.11803e+00
  1.48e-01	  1.72e-02	7.80953e+00
  1.48e-01	  1.77e-02	8.47840e+00
  1.48e-01	  1.82e-02	9.13739e+00
  1.48e-01	  1.88e-02	9.79897e+00
  1.48e-01	  1.93e-02	1.04749e+01
  1.48e-01	  1.98e-02	1.11755e+01
  1.48e-01	  2.03e-02	1.19093e+01
  1.48e-01	  2.08e-02	1.26818e+01
  1.48e-01	  2.14e-02	1.34947e+01
  1.48e-01	  2.19e-02	1.43450e+01
  1.48e-01	  2.24e-02	1.52235e+01
  1.48e-01	  2.29e-02	1.61150e+01
  1.48e-01	  2.34e-02	1.69989e+01
  1.48e-01	  2.40e-02	1.78500e+01
  1.48e-01	  2.45e-02	1.86409e+01
  1.48e-01	  2.50e-02	1.93446e+01
  1.48e-01	  2.55e-02	1.99376e+01
  1.48e-01	  2.60e-02	2.04027e+01
  1.48e-01	  2.66e-02	2.07300e+01
  1.48e-01	  2.71e-02	2.09175e+01
  1.48e-01	  2.76e-02	2.09696e+01
  1.48e-01	  2.81e-02	2.08957e+01
  1.48e-01	  2.86e-02	2.07073e+01
  1.48e-01	  2.92e-02	2.04170e+01
  1.48e-01	  2.97e-02	2.00362e+01
  1.48e-01	  3.02e-02	1.95750e+01
  1.48e-01	  3.07e-02	1.90407e+01
  1.48e-01	  3.13e-02	1.84387e+01
  1.48e-01	  3.18e-02	1.77716e+01
  1.48e-01	  3.23e-02	1.70397e+01
  1.48e-01	  3.28e-02	1.62413e+01
  1.48e-01	  3.33e-02	1.53726e+01
  1.48e-01	  3.39e-02	1.44276e+01
  1.48e-01	  3.44e-02	1.33992e+01
  1.48e-01	  3.49e-02	1.22787e+01
  1.48e-01	  3.54e-02	1.10572e+01
  1.48e-01	  3.59e-02	9.72643e+00
  1.48e-01	  3.65e-02	8.28084e+00
  1.48e-01	  3.70e-02	6.71936e+00
  1.48e-01	  3.75e-02	5.04787e+00
  1.48e-01	  3.80e-02	3.28093e+00
  1.48e-01	  3.85e-02	1.44246e+00
  1.48e-01	  3.91e-02	7.21461e-03
  1.48e-01	  3.96e-02	3.18662e+01
  1.48e-01	  4.01e-02	-1.18901e-31
  1.48e-01	  4.06e-02	9.50102e-65
  1.48e-01	  4.11e-02	1.36905e-97
  1.48e-01	  4.17e-02	1.97001e-130
  1.48e-01	  4.22e-02	2.83064e-163
  1.48e-01	  4.27e-02	4.06089e-196
  1.48e-01	  4.32e-02	5.81609e-229
  1.48e-01	  4.37e-02	0.00000e+00
  1.48e-01	  4.43e-02	0.00000e+00
  1.48e-01	  4.48e-02	0.00000e+00
  1.48e-01	  4.53e-02	0.00000e+00
  1.48e-01	  4.58e-02	0.00000e+00
  1.48e-01	  4.64e-02	0.00000e+00
  1.48e-01	  4.69e-02	0.00000e+00
  1.48e-01	  4.74e-02	0.00000e+00
  1.48e-01	  4.79e-02	0.00000e+00
  1.48e-01	  4.84e-02	0.00000e+00
  1.48e-01	  4.90e-02	0.00000e+00
  1.48e-01	  4.95e-02	3.63107e-228

  1.48e-01	  0.00e+00	0.00000e+00
  1.48e-01	  5.21e-04	0.00000e+00
  1.48e-01	  1.04e-03	0.00000e+00
  1.48e-01	  1.56e-03	0.00000e+00
  1.48e-01	  2.08e-03	0.00000e+00
  1.48e-01	  2.60e-03	0.00000e+00
  1.48e-01	  3.12e-03	0.00000e+00
  1.48e-01	  3.65e-03	0.00000e+00
  1.48e-01	  4.17e-03	0.00000e+00
  1.48e-01	  4.69e-03	0.00000e+00
  1.48e-01	  5.21e-03	0.00000e+00
  1.48e-01	  5.73e-03	-1.78102e-194
  1.48e-01	  6.25e-03	-1.18650e-161
  1.48e-01	  6.77e-03	-7.90434e-129
  1.48e-01	  7.29e-03	-5.26575e-96
  1.48e-01	  7.81e-03	-3.50794e-63
  1.48e-01	  8.33e-03	-2.33691e-30
  1.48e-01	  8.85e-03	-5.53275e+02
  1.48e-01	  9.37e-03	-4.20645e+01
  1.48e-01	  9.90e-03	-1.66599e+01
  1.48e-01	  1.04e-02	-1.09185e+01
  1.48e-01	  1.09e-02	-7.33174e+00
  1.48e-01	  1.15e-02	-4.75031e+00
  1.48e-01	  1.20e-02	-2.72511e+00
  1.48e-01	  1.25e-02	-1.04789e+00
  1.48e-01	  1.30e-02	3.89744e-01
  1.48e-01	  1.35e-02	1.64965e+00
  1.48e-01	  1.41e-02	2.77033e+00
  1.48e-01	  1.46e-02	3.77797e+00
  1.48e-01	  1.51e-02	4.69386e+00
  1.48e-01	  1.56e-02	5.53665e+00
  1.48e-01	  1.61e-02	6.31918e+00
  1.48e-01	  1.67e-02	7.05444e+00
  1.48e-01	  1.72e-02	7.75514e+00
  1.48e-01	  1.77e-02	8.43398e+00
  1.48e-01	  1.82e-02	9.10351e+00
  1.48e-01	  1.88e-02	9.77587e+00
  1.48e-01	  1.93e-02	1.04623e+01
  1.48e-01	  1.98e-02	1.11726e+01
  1.48e-01	  2.03e-02	1.19142e+01
  1.48e-01	  2.08e-02	1.26914e+01
  1.48e-01	  2.14e-02	1.35043e+01
  1.48e-01	  2.19e-02	1.43480e+01
  1.48e-01	  2.24e-02	1.52120e+01
  1.48e-01	  2.29e-02	1.60801e+01
  1.48e-01	  2.34e-02	1.69311e+01
  1.48e-01	  2.40e-02	1.77406e+01
  1.48e-01	  2.45e-02	1.84832e+01
  1.48e-01	  2.50e-02	1.91353e+01
  1.48e-01	  2.55e-02	1.96776e+01
  1.48e-01	  2.60e-02	2.00971e+01
  1.48e-01	  2.66e-02	2.03874e+01
  1.48e-01	  2.71e-02	2.05489e+01
  1.48e-01	  2.76e-02	2.05866e+01
  1.48e-01	  2.81e-02	2.05093e+01
  1.48e-01	  2.86e-02	2.03269e+01
  1.48e-01	  2.92e-02	2.00497e+01
  1.48e-01	  2.97e-02	1.96872e+01
  1.48e-01	  3.02e-02	1.92472e+01
  1.48e-01	  3.07e-02	1.87354e+01
  1.48e-01	  3.13e-02	1.81559e+01
  1.48e-01	  3.18e-02	1.75105e+01
  1.48e-01	  3.23e-02	1.67991e+01
  1.48e-01	  3.28e-02	1.60198e+01
  1.48e-01	  3.33e-02	1.51687e+01
  1.48e-01	  3.39e-02	1.42405e+01
  1.48e-01	  3.44e-02	1.32279e+01
  1.48e-01	  3.49e-02	1.21228e+01
  1.48e-01	  3.54e-02	1.09164e+01
  1.48e-01	  3.59e-02	9.60059e+00
  1.48e-01	  3.65e-02	8.16950e+00
  1.48e-01	  3.70e-02	6.62138e+00
  1.48e-01	  3.75e-02	4.96042e+00
  1.48e-01	  3.80e-02	3.19812e+00
  1.48e-01	  3.85e-02	1.35394e+00
  1.48e-01	  3.91e-02	-1.22046e-01
  1.48e-01	  3.96e-02	3.16258e+01
  1.48e-01	  4.01e-02	-1.28930e-31
  1.48e-01	  4.06e-02	9.44216e-65
  1.48e-01	  4.11e-02	1.36037e-97
  1.48e-01	  4.17e-02	1.95724e-130
  1.48e-01	  4.22e-02	2.81184e-163
  1.48e-01	  4.27e-02	4.03323e-196
  1.48e-01	  4.32e-02	0.00000e+00
  1.48e-01	  4.37e-02	0.00000e+00
  1.48e-01	  4.43e-02	0.00000e+00
  1.48e-01	  4.48e-02	0.00000e+00
  1.48e-01	  4.53e-02	0.00000e+00
  1.48e-01	  4.58e-02	0.00000e+00
  1.48e-01	  4.64e-02	0.00000e+00
  1.48e-01	  4.69e-02	0.00000e+00
  1.48e-01	  4.74e-02	0.00000e+00
  1.48e-01	  4.79e-02	0.00000e+00
  1.48e-01	  4.84e-02	0.00000e+00
  1.48e-01	  4.90e-02	0.00000e+00
  1.48e-01	  4.95e-02	3.26456e-197

  1.49e-01	  0.00e+00	0.00000e+00
  1.49e-01	  5.21e-04	0.00000e+00
  1.49e-01	  1.04e-03	0.00000e+00
  1.49e-01	  1.56e-03	0.00000e+00
  1.49e-01	  2.08e-03	0.00000e+00
  1.49e-01	  2.60e-03	0.00000e+00
  1.49e-01	  3.12e-03	0.00000e+00
  1.49e-01	  3.65e-03	0.00000e+00
  1.49e-01	  4.17e-03	0.00000e+00
  1.49e-01	  4.69e-03	0.00000e+00
  1.49e-01	  5.21e-03	0.00000e+00
  1.49e-01	  5.73e-03	0.00000e+00
  1.49e-01	  6.25e-03	-1.18321e-161
  1.49e-01	  6.77e-03	-7.88242e-129
  1.49e-01	  7.29e-03	-5.25117e-96
  1.49e-01	  7.81e-03	-3.49825e-63
  1.49e-01	  8.33e-03	-2.33046e-30
  1.49e-01	  8.85e-03	-5.52073e+02
  1.49e-01	  9.37e-03	-4.31378e+01
  1.49e-01	  9.90e-03	-1.63508e+01
  1.49e-01	  1.04e-02	-1.03686e+01
  1.49e-01	  1.09e-02	-6.77688e+00
  1.49e-01	  1.15e-02	-4.24936e+00
  1.49e-01	  1.20e-02	-2.29250e+00
  1.49e-01	  1.25e-02	-6.86719e-01
  1.49e-01	  1.30e-02	6.78471e-01
  1.49e-01	  1.35e-02	1.86451e+00
  1.49e-01	  1.41e-02	2.90898e+00
  1.49e-01	  1.46e-02	3.83729e+00
  1.49e-01	  1.51e-02	4.66908e+00
  1.49e-01	  1.56e-02	5.42278e+00
  1.49e-01	  1.61e-02	6.11292e+00
  1.49e-01	  1.67e-02	6.75168e+00
  1.49e-01	  1.72e-02	7.35192e+00
  1.49e-01	  1.77e-02	7.92708e+00
  1.49e-01	  1.82e-02	8.49090e+00
  1.49e-01	  1.88e-02	9.05707e+00
  1.49e-01	  1.93e-02	9.63877e+00
  1.49e-01	  1.98e-02	1.02480e+01
  1.49e-01	  2.03e-02	1.08946e+01
  1.49e-01	  2.08e-02	1.15856e+01
  1.49e-01	  2.14e-02	1.23238e+01
  1.49e-01	  2.19e-02	1.31069e+01
  1.49e-01	  2.24e-02	1.39268e+01
  1.49e-01	  2.29e-02	1.47691e+01
  1.49e-01	  2.34e-02	1.56139e+01
  1.49e-01	  2.40e-02	1.64368e+01
  1.49e-01	  2.45e-02	1.72121e+01
  1.49e-01	  2.50e-02	1.79147e+01
  1.49e-01	  2.55e-02	1.85226e+01
  1.49e-01	  2.60e-02	1.90193e+01
  1.49e-01	  2.66e-02	1.93945e+01
  1.49e-01	  2.71e-02	1.96441e+01
  1.49e-01	  2.76e-02	1.97692e+01
  1.49e-01	  2.81e-02	1.97752e+01
  1.49e-01	  2.86e-02	1.96694e+01
  1.49e-01	  2.92e-02	1.94607e+01
  1.49e-01	  2.97e-02	1.91577e+01
  1.49e-01	  3.02e-02	1.87682e+01
  1.49e-01	  3.07e-02	1.82987e+01
  1.49e-01	  3.13e-02	1.77539e+01
  1.49e-01	  3.18e-02	1.71371e+01
  1.49e-01	  3.23e-02	1.64492e+01
  1.49e-01	  3.28e-02	1.56897e+01
  1.49e-01	  3.33e-02	1.48560e+01
  1.49e-01	  3.39e-02	1.39436e+01
  1.49e-01	  3.44e-02	1.29466e+01
  1.49e-01	  3.49e-02	1.18577e+01
  1.49e-01	  3.54e-02	1.06690e+01
  1.49e-01	  3.59e-02	9.37317e+00
  1.49e-01	  3.65e-02	7.96516e+00
  1.49e-01	  3.70e-02	6.44385e+00
  1.49e-01	  3.75e-02	4.81371e+00
  1.49e-01	  3.80e-02	3.08493e+00
  1.49e-01	  3.85e-02	1.26940e+00
  1.49e-01	  3.91e-02	-2.63195e-01
  1.49e-01	  3.96e-02	3.16317e+01
  1.49e-01	  4.01e-02	4.85744e-30
  1.49e-01	  4.06e-02	9.43966e-65
  1.49e-01	  4.11e-02	1.36000e-97
  1.49e-01	  4.17e-02	1.95669e-130
  1.49e-01	  4.22e-02	2.81103e-163
  1.49e-01	  4.27e-02	0.00000e+00
  1.49e-01	  4.32e-02	0.00000e+00
  1.49e-01	  4.37e-02	0.00000e+00
  1.49e-01	  4.43e-02	0.00000e+00
  1.49e-01	  4.48e-02	0.00000e+00
  1.49e-01	  4.53e-02	0.00000e+00
  1.49e-01	  4.58e-02	0.00000e+00
  1.49e-01	  4.64e-02	0.00000e+00
  1.49e-01	  4.69e-02	0.00000e+00
  1.49e-01	  4.74e-02	0.00000e+00
  1.49e-01	  4.79e-02	0.00000e+00
  1.49e-01	  4.84e-02	0.00000e+00
  1.49e-01	  4.90e-02	0.00000e+00
  1.49e-01	  4.95e-02	1.46864e-166

