  0.00e+00	  2.60e-04	0.00000e+00
  0.00e+00	  7.81e-04	0.00000e+00
  0.00e+00	  1.30e-03	0.00000e+00
  0.00e+00	  1.82e-03	0.00000e+00
  0.00e+00	  2.34e-03	0.00000e+00
  0.00e+00	  2.86e-03	0.00000e+00
  0.00e+00	  3.39e-03	0.00000e+00
  0.00e+00	  3.91e-03	0.00000e+00
  0.00e+00	  4.43e-03	0.00000e+00
  0.00e+00	  4.95e-03	0.00000e+00
  0.00e+00	  5.47e-03	0.00000e+00
  0.00e+00	  5.99e-03	0.00000e+00
  0.00e+00	  6.51e-03	0.00000e+00
  0.00e+00	  7.03e-03	0.00000e+00
  0.00e+00	  7.55e-03	0.00000e+00
  0.00e+00	  8.07e-03	0.00000e+00
  0.00e+00	  8.59e-03	0.00000e+00
  0.00e+00	  9.11e-03	0.00000e+00
  0.00e+00	  9.64e-03	0.00000e+00
  0.00e+00	  1.02e-02	0.00000e+00
  0.00e+00	  1.07e-02	0.00000e+00
  0.00e+00	  1.12e-02	0.00000e+00
  0.00e+00	  1.17e-02	0.00000e+00
  0.00e+00	  1.22e-02	0.00000e+00
  0.00e+00	  1.28e-02	0.00000e+00
  0.00e+00	  1.33e-02	0.00000e+00
  0.00e+00	  1.38e-02	0.00000e+00
  0.00e+00	  1.43e-02	0.00000e+00
  0.00e+00	  1.48e-02	0.00000e+00
  0.00e+00	  1.54e-02	0.00000e+00
  0.00e+00	  1.59e-02	0.00000e+00
  0.00e+00	  1.64e-02	0.00000e+00
  0.00e+00	  1.69e-02	0.00000e+00
  0.00e+00	  1.74e-02	0.00000e+00
  0.00e+00	  1.80e-02	0.00000e+00
  0.00e+00	  1.85e-02	0.00000e+00
  0.00e+00	  1.90e-02	0.00000e+00
  0.00e+00	  1.95e-02	0.00000e+00
  0.00e+00	  2.01e-02	0.00000e+00
  0.00e+00	  2.06e-02	0.00000e+00
  0.00e+00	  2.11e-02	0.00000e+00
  0.00e+00	  2.16e-02	0.00000e+00
  0.00e+00	  2.21e-02	0.00000e+00
  0.00e+00	  2.27e-02	0.00000e+00
  0.00e+00	  2.32e-02	0.00000e+00
  0.00e+00	  2.37e-02	0.00000e+00
  0.00e+00	  2.42e-02	0.00000e+00
  0.00e+00	  2.47e-02	0.00000e+00
  0.00e+00	  2.53e-02	0.00000e+00
  0.00e+00	  2.58e-02	0.00000e+00
  0.00e+00	  2.63e-02	0.00000e+00
  0.00e+00	  2.68e-02	0.00000e+00
  0.00e+00	  2.73e-02	0.00000e+00
  0.00e+00	  2.79e-02	0.00000e+00
  0.00e+00	  2.84e-02	0.00000e+00
  0.00e+00	  2.89e-02	0.00000e+00
  0.00e+00	  2.94e-02	0.00000e+00
  0.00e+00	  2.99e-02	0.00000e+00
  0.00e+00	  3.05e-02	0.00000e+00
  0.00e+00	  3.10e-02	0.00000e+00
  0.00e+00	  3.15e-02	0.00000e+00
  0.00e+00	  3.20e-02	0.00000e+00
  0.00e+00	  3.26e-02	0.00000e+00
  0.00e+00	  3.31e-02	0.00000e+00
  0.00e+00	  3.36e-02	0.00000e+00
  0.00e+00	  3.41e-02	0.00000e+00
  0.00e+00	  3.46e-02	0.00000e+00
  0.00e+00	  3.52e-02	0.00000e+00
  0.00e+00	  3.57e-02	0.00000e+00
  0.00e+00	  3.62e-02	0.00000e+00
  0.00e+00	  3.67e-02	0.00000e+00
  0.00e+00	  3.72e-02	0.00000e+00
  0.00e+00	  3.78e-02	0.00000e+00
  0.00e+00	  3.83e-02	0.00000e+00
  0.00e+00	  3.88e-02	0.00000e+00
  0.00e+00	  3.93e-02	0.00000e+00
  0.00e+00	  3.98e-02	0.00000e+00
  0.00e+00	  4.04e-02	0.00000e+00
  0.00e+00	  4.09e-02	0.00000e+00
  0.00e+00	  4.14e-02	0.00000e+00
  0.00e+00	  4.19e-02	0.00000e+00
  0.00e+00	  4.24e-02	0.00000e+00
  0.00e+00	  4.30e-02	0.00000e+00
  0.00e+00	  4.35e-02	0.00000e+00
  0.00e+00	  4.40e-02	0.00000e+00
  0.00e+00	  4.45e-02	0.00000e+00
  0.00e+00	  4.51e-02	0.00000e+00
  0.00e+00	  4.56e-02	0.00000e+00
  0.00e+00	  4.61e-02	0.00000e+00
  0.00e+00	  4.66e-02	0.00000e+00
  0.00e+00	  4.71e-02	0.00000e+00
  0.00e+00	  4.77e-02	0.00000e+00
  0.00e+00	  4.82e-02	0.00000e+00
  0.00e+00	  4.87e-02	0.00000e+00
  0.00e+00	  4.92e-02	0.00000e+00
  0.00e+00	  4.97e-02	0.00000e+00

  0.00e+00	  2.60e-04	0.00000e+00
  0.00e+00	  7.81e-04	0.00000e+00
  0.00e+00	  1.30e-03	0.00000e+00
  0.00e+00	  1.82e-03	0.00000e+00
  0.00e+00	  2.34e-03	0.00000e+00
  0.00e+00	  2.86e-03	0.00000e+00
  0.00e+00	  3.39e-03	0.00000e+00
  0.00e+00	  3.91e-03	0.00000e+00
  0.00e+00	  4.43e-03	0.00000e+00
  0.00e+00	  4.95e-03	0.00000e+00
  0.00e+00	  5.47e-03	0.00000e+00
  0.00e+00	  5.99e-03	0.00000e+00
  0.00e+00	  6.51e-03	0.00000e+00
  0.00e+00	  7.03e-03	0.00000e+00
  0.00e+00	  7.55e-03	0.00000e+00
  0.00e+00	  8.07e-03	0.00000e+00
  0.00e+00	  8.59e-03	0.00000e+00
  0.00e+00	  9.11e-03	0.00000e+00
  0.00e+00	  9.64e-03	2.00000e-01
  0.00e+00	  1.02e-02	2.00000e-01
  0.00e+00	  1.07e-02	2.00000e-01
  0.00e+00	  1.12e-02	2.00000e-01
  0.00e+00	  1.17e-02	2.00000e-01
  0.00e+00	  1.22e-02	2.00000e-01
  0.00e+00	  1.28e-02	2.00000e-01
  0.00e+00	  1.33e-02	2.00000e-01
  0.00e+00	  1.38e-02	2.00000e-01
  0.00e+00	  1.43e-02	2.00000e-01
  0.00e+00	  1.48e-02	2.00000e-01
  0.00e+00	  1.54e-02	2.00000e-01
  0.00e+00	  1.59e-02	2.00000e-01
  0.00e+00	  1.64e-02	2.00000e-01
  0.00e+00	  1.69e-02	2.00000e-01
  0.00e+00	  1.74e-02	2.00000e-01
  0.00e+00	  1.80e-02	2.00000e-01
  0.00e+00	  1.85e-02	2.00000e-01
  0.00e+00	  1.90e-02	2.00000e-01
  0.00e+00	  1.95e-02	2.00000e-01
  0.00e+00	  2.01e-02	2.00000e-01
  0.00e+00	  2.06e-02	2.00000e-01
  0.00e+00	  2.11e-02	2.00000e-01
  0.00e+00	  2.16e-02	2.00000e-01
  0.00e+00	  2.21e-02	2.00000e-01
  0.00e+00	  2.27e-02	2.00000e-01
  0.00e+00	  2.32e-02	2.00000e-01
  0.00e+00	  2.37e-02	2.00000e-01
  0.00e+00	  2.42e-02	2.00000e-01
  0.00e+00	  2.47e-02	2.00000e-01
  0.00e+00	  2.53e-02	2.00000e-01
  0.00e+00	  2.58e-02	2.00000e-01
  0.00e+00	  2.63e-02	2.00000e-01
  0.00e+00	  2.68e-02	2.00000e-01
  0.00e+00	  2.73e-02	2.00000e-01
  0.00e+00	  2.79e-02	2.00000e-01
  0.00e+00	  2.84e-02	2.00000e-01
  0.00e+00	  2.89e-02	2.00000e-01
  0.00e+00	  2.94e-02	2.00000e-01
  0.00e+00	  2.99e-02	2.00000e-01
  0.00e+00	  3.05e-02	2.00000e-01
  0.00e+00	  3.10e-02	2.00000e-01
  0.00e+00	  3.15e-02	2.00000e-01
  0.00e+00	  3.20e-02	2.00000e-01
  0.00e+00	  3.26e-02	2.00000e-01
  0.00e+00	  3.31e-02	2.00000e-01
  0.00e+00	  3.36e-02	2.00000e-01
  0.00e+00	  3.41e-02	2.00000e-01
  0.00e+00	  3.46e-02	2.00000e-01
  0.00e+00	  3.52e-02	2.00000e-01
  0.00e+00	  3.57e-02	2.00000e-01
  0.00e+00	  3.62e-02	2.00000e-01
  0.00e+00	  3.67e-02	2.00000e-01
  0.00e+00	  3.72e-02	2.00000e-01
  0.00e+00	  3.78e-02	2.00000e-01
  0.00e+00	  3.83e-02	2.00000e-01
  0.00e+00	  3.88e-02	2.00000e-01
  0.00e+00	  3.93e-02	2.00000e-01
  0.00e+00	  3.98e-02	2.00000e-01
  0.00e+00	  4.04e-02	0.00000e+00
  0.00e+00	  4.09e-02	0.00000e+00
  0.00e+00	  4.14e-02	0.00000e+00
  0.00e+00	  4.19e-02	0.00000e+00
  0.00e+00	  4.24e-02	0.00000e+00
  0.00e+00	  4.30e-02	0.00000e+00
  0.00e+00	  4.35e-02	0.00000e+00
  0.00e+00	  4.40e-02	0.00000e+00
  0.00e+00	  4.45e-02	0.00000e+00
  0.00e+00	  4.51e-02	0.00000e+00
  0.00e+00	  4.56e-02	0.00000e+00
  0.00e+00	  4.61e-02	0.00000e+00
  0.00e+00	  4.66e-02	0.00000e+00
  0.00e+00	  4.71e-02	0.00000e+00
  0.00e+00	  4.77e-02	0.00000e+00
  0.00e+00	  4.82e-02	0.00000e+00
  0.00e+00	  4.87e-02	0.00000e+00
  0.00e+00	  4.92e-02	0.00000e+00
  0.00e+00	  4.97e-02	0.00000e+00

  7.81e-04	  2.60e-04	0.00000e+00
  7.81e-04	  7.81e-04	0.00000e+00
  7.81e-04	  1.30e-03	0.00000e+00
  7.81e-04	  1.82e-03	0.00000e+00
  7.81e-04	  2.34e-03	0.00000e+00
  7.81e-04	  2.86e-03	0.00000e+00
  7.81e-04	  3.39e-03	0.00000e+00
  7.81e-04	  3.91e-03	0.00000e+00
  7.81e-04	  4.43e-03	0.00000e+00
  7.81e-04	  4.95e-03	2.37545e-296
  7.81e-04	  5.47e-03	1.58362e-263
  7.81e-04	  5.99e-03	1.05574e-230
  7.81e-04	  6.51e-03	7.03818e-198
  7.81e-04	  7.03e-03	4.69208e-165
  7.81e-04	  7.55e-03	3.12802e-132
  7.81e-04	  8.07e-03	2.08533e-99
  7.81e-04	  8.59e-03	1.39021e-66
  7.81e-04	  9.11e-03	9.26797e-34
  7.81e-04	  9.64e-03	1.95193e-01
  7.81e-04	  1.02e-02	2.01446e-01
  7.81e-04	  1.07e-02	2.00961e-01
  7.81e-04	  1.12e-02	2.00584e-01
  7.81e-04	  1.17e-02	2.00378e-01
  7.81e-04	  1.22e-02	2.00255e-01
  7.81e-04	  1.28e-02	2.00182e-01
  7.81e-04	  1.33e-02	2.00135e-01
  7.81e-04	  1.38e-02	2.00105e-01
  7.81e-04	  1.43e-02	2.00084e-01
  7.81e-04	  1.48e-02	2.00069e-01
  7.81e-04	  1.54e-02	2.00058e-01
  7.81e-04	  1.59e-02	2.00050e-01
  7.81e-04	  1.64e-02	2.00043e-01
  7.81e-04	  1.69e-02	2.00038e-01
  7.81e-04	  1.74e-02	2.00034e-01
  7.81e-04	  1.80e-02	2.00031e-01
  7.81e-04	  1.85e-02	2.00028e-01
  7.81e-04	  1.90e-02	2.00026e-01
  7.81e-04	  1.95e-02	2.00024e-01
  7.81e-04	  2.01e-02	2.00023e-01
  7.81e-04	  2.06e-02	2.00022e-01
  7.81e-04	  2.11e-02	2.00021e-01
  7.81e-04	  2.16e-02	2.00020e-01
  7.81e-04	  2.21e-02	2.00020e-01
  7.81e-04	  2.27e-02	2.00019e-01
  7.81e-04	  2.32e-02	2.00019e-01
  7.81e-04	  2.37e-02	2.00019e-01
  7.81e-04	  2.42e-02	2.00019e-01
  7.81e-04	  2.47e-02	2.00019e-01
  7.81e-04	  2.53e-02	2.00019e-01
  7.81e-04	  2.58e-02	2.00020e-01
  7.81e-04	  2.63e-02	2.00020e-01
  7.81e-04	  2.68e-02	2.00021e-01
  7.81e-04	  2.73e-02	2.00022e-01
  7.81e-04	  2.79e-02	2.00023e-01
  7.81e-04	  2.84e-02	2.00024e-01
  7.81e-04	  2.89e-02	2.00025e-01
  7.81e-04	  2.94e-02	2.00027e-01
  7.81e-04	  2.99e-02	2.00029e-01
  7.81e-04	  3.05e-02	2.00031e-01
  7.81e-04	  3.10e-02	2.00033e-01
  7.81e-04	  3.15e-02	2.00036e-01
  7.81e-04	  3.20e-02	2.00040e-01
  7.81e-04	  3.26e-02	2.00044e-01
  7.81e-04	  3.31e-02	2.00050e-01
  7.81e-04	  3.36e-02	2.00057e-01
  7.81e-04	  3.41e-02	2.00065e-01
  7.81e-04	  3.46e-02	2.00077e-01
  7.81e-04	  3.52e-02	2.00092e-01
  7.81e-04	  3.57e-02	2.00113e-01
  7.81e-04	  3.62e-02	2.00144e-01
  7.81e-04	  3.67e-02	2.00190e-01
  7.81e-04	  3.72e-02	2.00264e-01
  7.81e-04	  3.78e-02	2.00387e-01
  7.81e-04	  3.83e-02	2.00594e-01
  7.81e-04	  3.88e-02	2.00970e-01
  7.81e-04	  3.93e-02	2.01456e-01
  7.81e-04	  3.98e-02	1.95203e-01
  7.81e-04	  4.04e-02	9.26864e-34
  7.81e-04	  4.09e-02	1.39031e-66
  7.81e-04	  4.14e-02	2.08548e-99
  7.81e-04	  4.19e-02	3.12825e-132
  7.81e-04	  4.24e-02	4.69241e-165
  7.81e-04	  4.30e-02	7.03869e-198
  7.81e-04	  4.35e-02	1.05581e-230
  7.81e-04	  4.40e-02	1.58373e-263
  7.81e-04	  4.45e-02	2.37562e-296
  7.81e-04	  4.51e-02	0.00000e+00
  7.81e-04	  4.56e-02	0.00000e+00
  7.81e-04	  4.61e-02	0.00000e+00
  7.81e-04	  4.66e-02	0.00000e+00
  7.81e-04	  4.71e-02	0.00000e+00
  7.81e-04	  4.77e-02	0.00000e+00
  7.81e-04	  4.82e-02	0.00000e+00
  7.81e-04	  4.87e-02	0.00000e+00
  7.81e-04	  4.92e-02	0.00000e+00
  7.81e-04	  4.97e-02	0.00000e+00

  1.56e-03	  2.60e-04	0.00000e+00
  1.56e-03	  7.81e-04	0.00000e+00
  1.56e-03	  1.30e-03	0.00000e+00
  1.56e-03	  1.82e-03	0.00000e+00
  1.56e-03	  2.34e-03	0.00000e+00
  1.56e-03	  2.86e-03	0.00000e+00
  1.56e-03	  3.39e-03	0.00000e+00
  1.56e-03	  3.91e-03	0.00000e+00
  1.56e-03	  4.43e-03	0.00000e+00
  1.56e-03	  4.95e-03	1.80504e-296
  1.56e-03	  5.47e-03	1.20335e-263
  1.56e-03	  5.99e-03	8.02227e-231
  1.56e-03	  6.51e-03	5.34813e-198
  1.56e-03	  7.03e-03	3.56539e-165
  1.56e-03	  7.55e-03	2.37690e-132
  1.56e-03	  8.07e-03	1.58459e-99
  1.56e-03	  8.59e-03	1.05638e-66
  1.56e-03	  9.11e-03	7.04249e-34
  1.56e-03	  9.64e-03	1.89918e-01
  1.56e-03	  1.02e-02	2.02012e-01
  1.56e-03	  1.07e-02	2.01845e-01
  1.56e-03	  1.12e-02	2.01264e-01
  1.56e-03	  1.17e-02	2.00899e-01
  1.56e-03	  1.22e-02	2.00652e-01
  1.56e-03	  1.28e-02	2.00485e-01
  1.56e-03	  1.33e-02	2.00373e-01
  1.56e-03	  1.38e-02	2.00295e-01
  1.56e-03	  1.43e-02	2.00239e-01
  1.56e-03	  1.48e-02	2.00198e-01
  1.56e-03	  1.54e-02	2.00167e-01
  1.56e-03	  1.59e-02	2.00144e-01
  1.56e-03	  1.64e-02	2.00125e-01
  1.56e-03	  1.69e-02	2.00111e-01
  1.56e-03	  1.74e-02	2.00099e-01
  1.56e-03	  1.80e-02	2.00089e-01
  1.56e-03	  1.85e-02	2.00082e-01
  1.56e-03	  1.90e-02	2.00076e-01
  1.56e-03	  1.95e-02	2.00070e-01
  1.56e-03	  2.01e-02	2.00066e-01
  1.56e-03	  2.06e-02	2.00063e-01
  1.56e-03	  2.11e-02	2.00060e-01
  1.56e-03	  2.16e-02	2.00058e-01
  1.56e-03	  2.21e-02	2.00057e-01
  1.56e-03	  2.27e-02	2.00056e-01
  1.56e-03	  2.32e-02	2.00055e-01
  1.56e-03	  2.37e-02	2.00055e-01
  1.56e-03	  2.42e-02	2.00055e-01
  1.56e-03	  2.47e-02	2.00056e-01
  1.56e-03	  2.53e-02	2.00057e-01
  1.56e-03	  2.58e-02	2.00058e-01
  1.56e-03	  2.63e-02	2.00059e-01
  1.56e-03	  2.68e-02	2.00061e-01
  1.56e-03	  2.73e-02	2.00064e-01
  1.56e-03	  2.79e-02	2.00066e-01
  1.56e-03	  2.84e-02	2.00070e-01
  1.56e-03	  2.89e-02	2.00073e-01
  1.56e-03	  2.94e-02	2.00078e-01
  1.56e-03	  2.99e-02	2.00083e-01
  1.56e-03	  3.05e-02	2.00090e-01
  1.56e-03	  3.10e-02	2.00097e-01
  1.56e-03	  3.15e-02	2.00106e-01
  1.56e-03	  3.20e-02	2.00116e-01
  1.56e-03	  3.26e-02	2.00129e-01
  1.56e-03	  3.31e-02	2.00145e-01
  1.56e-03	  3.36e-02	2.00164e-01
  1.56e-03	  3.41e-02	2.00189e-01
  1.56e-03	  3.46e-02	2.00220e-01
  1.56e-03	  3.52e-02	2.00262e-01
  1.56e-03	  3.57e-02	2.00319e-01
  1.56e-03	  3.62e-02	2.00398e-01
  1.56e-03	  3.67e-02	2.00511e-01
  1.56e-03	  3.72e-02	2.00679e-01
  1.56e-03	  3.78e-02	2.00926e-01
  1.56e-03	  3.83e-02	2.01292e-01
  1.56e-03	  3.88e-02	2.01873e-01
  1.56e-03	  3.93e-02	2.02043e-01
  1.56e-03	  3.98e-02	1.89950e-01
  1.56e-03	  4.04e-02	7.04406e-34
  1.56e-03	  4.09e-02	1.05662e-66
  1.56e-03	  4.14e-02	1.58494e-99
  1.56e-03	  4.19e-02	2.37743e-132
  1.56e-03	  4.24e-02	3.56618e-165
  1.56e-03	  4.30e-02	5.34932e-198
  1.56e-03	  4.35e-02	8.02405e-231
  1.56e-03	  4.40e-02	1.20362e-263
  1.56e-03	  4.45e-02	1.80544e-296
  1.56e-03	  4.51e-02	0.00000e+00
  1.56e-03	  4.56e-02	0.00000e+00
  1.56e-03	  4.61e-02	0.00000e+00
  1.56e-03	  4.66e-02	0.00000e+00
  1.56e-03	  4.71e-02	0.00000e+00
  1.56e-03	  4.77e-02	0.00000e+00
  1.56e-03	  4.82e-02	0.00000e+00
  1.56e-03	  4.87e-02	0.00000e+00
  1.56e-03	  4.92e-02	0.00000e+00
  1.56e-03	  4.97e-02	0.00000e+00

  2.34e-03	  2.60e-04	0.00000e+00
  2.34e-03	  7.81e-04	0.00000e+00
  2.34e-03	  1.30e-03	0.00000e+00
  2.34e-03	  1.82e-03	0.00000e+00
  2.34e-03	  2.34e-03	0.00000e+00
  2.34e-03	  2.86e-03	0.00000e+00
  2.34e-03	  3.39e-03	0.00000e+00
  2.34e-03	  3.91e-03	0.00000e+00
  2.34e-03	  4.43e-03	0.00000e+00
  2.34e-03	  4.95e-03	1.73879e-296
  2.34e-03	  5.47e-03	1.15918e-263
  2.34e-03	  5.99e-03	7.72782e-231
  2.34e-03	  6.51e-03	5.15183e-198
  2.34e-03	  7.03e-03	3.43452e-165
  2.34e-03	  7.55e-03	2.28966e-132
  2.34e-03	  8.07e-03	1.52643e-99
  2.34e-03	  8.59e-03	1.01761e-66
  2.34e-03	  9.11e-03	6.78400e-34
  2.34e-03	  9.64e-03	1.84511e-01
  2.34e-03	  1.02e-02	2.02012e-01
  2.34e-03	  1.07e-02	2.02568e-01
  2.34e-03	  1.12e-02	2.01904e-01
  2.34e-03	  1.17e-02	2.01439e-01
  2.34e-03	  1.22e-02	2.01101e-01
  2.34e-03	  1.28e-02	2.00853e-01
  2.34e-03	  1.33e-02	2.00674e-01
  2.34e-03	  1.38e-02	2.00544e-01
  2.34e-03	  1.43e-02	2.00448e-01
  2.34e-03	  1.48e-02	2.00376e-01
  2.34e-03	  1.54e-02	2.00321e-01
  2.34e-03	  1.59e-02	2.00277e-01
  2.34e-03	  1.64e-02	2.00243e-01
  2.34e-03	  1.69e-02	2.00216e-01
  2.34e-03	  1.74e-02	2.00194e-01
  2.34e-03	  1.80e-02	2.00176e-01
  2.34e-03	  1.85e-02	2.00161e-01
  2.34e-03	  1.90e-02	2.00149e-01
  2.34e-03	  1.95e-02	2.00140e-01
  2.34e-03	  2.01e-02	2.00132e-01
  2.34e-03	  2.06e-02	2.00125e-01
  2.34e-03	  2.11e-02	2.00120e-01
  2.34e-03	  2.16e-02	2.00117e-01
  2.34e-03	  2.21e-02	2.00114e-01
  2.34e-03	  2.27e-02	2.00112e-01
  2.34e-03	  2.32e-02	2.00111e-01
  2.34e-03	  2.37e-02	2.00110e-01
  2.34e-03	  2.42e-02	2.00110e-01
  2.34e-03	  2.47e-02	2.00111e-01
  2.34e-03	  2.53e-02	2.00113e-01
  2.34e-03	  2.58e-02	2.00115e-01
  2.34e-03	  2.63e-02	2.00118e-01
  2.34e-03	  2.68e-02	2.00122e-01
  2.34e-03	  2.73e-02	2.00127e-01
  2.34e-03	  2.79e-02	2.00132e-01
  2.34e-03	  2.84e-02	2.00139e-01
  2.34e-03	  2.89e-02	2.00146e-01
  2.34e-03	  2.94e-02	2.00155e-01
  2.34e-03	  2.99e-02	2.00165e-01
  2.34e-03	  3.05e-02	2.00177e-01
  2.34e-03	  3.10e-02	2.00192e-01
  2.34e-03	  3.15e-02	2.00209e-01
  2.34e-03	  3.20e-02	2.00229e-01
  2.34e-03	  3.26e-02	2.00253e-01
  2.34e-03	  3.31e-02	2.00282e-01
  2.34e-03	  3.36e-02	2.00318e-01
  2.34e-03	  3.41e-02	2.00364e-01
  2.34e-03	  3.46e-02	2.00421e-01
  2.34e-03	  3.52e-02	2.00495e-01
  2.34e-03	  3.57e-02	2.00593e-01
  2.34e-03	  3.62e-02	2.00724e-01
  2.34e-03	  3.67e-02	2.00905e-01
  2.34e-03	  3.72e-02	2.01154e-01
  2.34e-03	  3.78e-02	2.01494e-01
  2.34e-03	  3.83e-02	2.01960e-01
  2.34e-03	  3.88e-02	2.02625e-01
  2.34e-03	  3.93e-02	2.02075e-01
  2.34e-03	  3.98e-02	1.84576e-01
  2.34e-03	  4.04e-02	6.78713e-34
  2.34e-03	  4.09e-02	1.01808e-66
  2.34e-03	  4.14e-02	1.52713e-99
  2.34e-03	  4.19e-02	2.29071e-132
  2.34e-03	  4.24e-02	3.43610e-165
  2.34e-03	  4.30e-02	5.15420e-198
  2.34e-03	  4.35e-02	7.73136e-231
  2.34e-03	  4.40e-02	1.15971e-263
  2.34e-03	  4.45e-02	1.73959e-296
  2.34e-03	  4.51e-02	0.00000e+00
  2.34e-03	  4.56e-02	0.00000e+00
  2.34e-03	  4.61e-02	0.00000e+00
  2.34e-03	  4.66e-02	0.00000e+00
  2.34e-03	  4.71e-02	0.00000e+00
  2.34e-03	  4.77e-02	0.00000e+00
  2.34e-03	  4.82e-02	0.00000e+00
  2.34e-03	  4.87e-02	0.00000e+00
  2.34e-03	  4.92e-02	0.00000e+00
  2.34e-03	  4.97e-02	0.00000e+00

  3.12e-03	  2.60e-04	0.00000e+00
  3.12e-03	  7.81e-04	0.00000e+00
  3.12e-03	  1.30e-03	0.00000e+00
  3.12e-03	  1.82e-03	0.00000e+00
  3.12e-03	  2.34e-03	0.00000e+00
  3.12e-03	  2.86e-03	0.00000e+00
  3.12e-03	  3.39e-03	0.00000e+00
  3.12e-03	  3.91e-03	0.00000e+00
  3.12e-03	  4.43e-03	0.00000e+00
  3.12e-03	  4.95e-03	1.67344e-296
  3.12e-03	  5.47e-03	1.11562e-263
  3.12e-03	  5.99e-03	7.43737e-231
  3.12e-03	  6.51e-03	4.95820e-198
  3.12e-03	  7.03e-03	3.30544e-165
  3.12e-03	  7.55e-03	2.20361e-132
  3.12e-03	  8.07e-03	1.46906e-99
  3.12e-03	  8.59e-03	9.79362e-67
  3.12e-03	  9.11e-03	6.52902e-34
  3.12e-03	  9.64e-03	1.79129e-01
  3.12e-03	  1.02e-02	2.01583e-01
  3.12e-03	  1.07e-02	2.03141e-01
  3.12e-03	  1.12e-02	2.02475e-01
  3.12e-03	  1.17e-02	2.01950e-01
  3.12e-03	  1.22e-02	2.01552e-01
  3.12e-03	  1.28e-02	2.01243e-01
  3.12e-03	  1.33e-02	2.01007e-01
  3.12e-03	  1.38e-02	2.00829e-01
  3.12e-03	  1.43e-02	2.00693e-01
  3.12e-03	  1.48e-02	2.00588e-01
  3.12e-03	  1.54e-02	2.00507e-01
  3.12e-03	  1.59e-02	2.00442e-01
  3.12e-03	  1.64e-02	2.00390e-01
  3.12e-03	  1.69e-02	2.00348e-01
  3.12e-03	  1.74e-02	2.00314e-01
  3.12e-03	  1.80e-02	2.00286e-01
  3.12e-03	  1.85e-02	2.00263e-01
  3.12e-03	  1.90e-02	2.00245e-01
  3.12e-03	  1.95e-02	2.00229e-01
  3.12e-03	  2.01e-02	2.00217e-01
  3.12e-03	  2.06e-02	2.00207e-01
  3.12e-03	  2.11e-02	2.00199e-01
  3.12e-03	  2.16e-02	2.00193e-01
  3.12e-03	  2.21e-02	2.00188e-01
  3.12e-03	  2.27e-02	2.00185e-01
  3.12e-03	  2.32e-02	2.00183e-01
  3.12e-03	  2.37e-02	2.00183e-01
  3.12e-03	  2.42e-02	2.00183e-01
  3.12e-03	  2.47e-02	2.00185e-01
  3.12e-03	  2.53e-02	2.00188e-01
  3.12e-03	  2.58e-02	2.00192e-01
  3.12e-03	  2.63e-02	2.00197e-01
  3.12e-03	  2.68e-02	2.00203e-01
  3.12e-03	  2.73e-02	2.00210e-01
  3.12e-03	  2.79e-02	2.00219e-01
  3.12e-03	  2.84e-02	2.00229e-01
  3.12e-03	  2.89e-02	2.00241e-01
  3.12e-03	  2.94e-02	2.00256e-01
  3.12e-03	  2.99e-02	2.00272e-01
  3.12e-03	  3.05e-02	2.00291e-01
  3.12e-03	  3.10e-02	2.00314e-01
  3.12e-03	  3.15e-02	2.00341e-01
  3.12e-03	  3.20e-02	2.00372e-01
  3.12e-03	  3.26e-02	2.00410e-01
  3.12e-03	  3.31e-02	2.00455e-01
  3.12e-03	  3.36e-02	2.00510e-01
  3.12e-03	  3.41e-02	2.00579e-01
  3.12e-03	  3.46e-02	2.00663e-01
  3.12e-03	  3.52e-02	2.00771e-01
  3.12e-03	  3.57e-02	2.00910e-01
  3.12e-03	  3.62e-02	2.01091e-01
  3.12e-03	  3.67e-02	2.01329e-01
  3.12e-03	  3.72e-02	2.01641e-01
  3.12e-03	  3.78e-02	2.02041e-01
  3.12e-03	  3.83e-02	2.02568e-01
  3.12e-03	  3.88e-02	2.03237e-01
  3.12e-03	  3.93e-02	2.01689e-01
  3.12e-03	  3.98e-02	1.79239e-01
  3.12e-03	  4.04e-02	6.53426e-34
  3.12e-03	  4.09e-02	9.80147e-67
  3.12e-03	  4.14e-02	1.47023e-99
  3.12e-03	  4.19e-02	2.20537e-132
  3.12e-03	  4.24e-02	3.30808e-165
  3.12e-03	  4.30e-02	4.96216e-198
  3.12e-03	  4.35e-02	7.44330e-231
  3.12e-03	  4.40e-02	1.11650e-263
  3.12e-03	  4.45e-02	1.67477e-296
  3.12e-03	  4.51e-02	0.00000e+00
  3.12e-03	  4.56e-02	0.00000e+00
  3.12e-03	  4.61e-02	0.00000e+00
  3.12e-03	  4.66e-02	0.00000e+00
  3.12e-03	  4.71e-02	0.00000e+00
  3.12e-03	  4.77e-02	0.00000e+00
  3.12e-03	  4.82e-02	0.00000e+00
  3.12e-03	  4.87e-02	0.00000e+00
  3.12e-03	  4.92e-02	0.00000e+00
  3.12e-03	  4.97e-02	0.00000e+00

  3.91e-03	  2.60e-04	0.00000e+00
  3.91e-03	  7.81e-04	0.00000e+00
  3.91e-03	  1.30e-03	0.00000e+00
  3.91e-03	  1.82e-03	0.00000e+00
  3.91e-03	  2.34e-03	0.00000e+00
  3.91e-03	  2.86e-03	0.00000e+00
  3.91e-03	  3.39e-03	0.00000e+00
  3.91e-03	  3.91e-03	0.00000e+00
  3.91e-03	  4.43e-03	0.00000e+00
  3.91e-03	  4.95e-03	1.60996e-296
  3.91e-03	  5.47e-03	1.07329e-263
  3.91e-03	  5.99e-03	7.15523e-231
  3.91e-03	  6.51e-03	4.77011e-198
  3.91e-03	  7.03e-03	3.18004e-165
  3.91e-03	  7.55e-03	2.12001e-132
  3.91e-03	  8.07e-03	1.41332e-99
  3.91e-03	  8.59e-03	9.42208e-67
  3.91e-03	  9.11e-03	6.28133e-34
  3.91e-03	  9.64e-03	1.73849e-01
  3.91e-03	  1.02e-02	2.00809e-01
  3.91e-03	  1.07e-02	2.03582e-01
  3.91e-03	  1.12e-02	2.02980e-01
  3.91e-03	  1.17e-02	2.02419e-01
  3.91e-03	  1.22e-02	2.01983e-01
  3.91e-03	  1.28e-02	2.01630e-01
  3.91e-03	  1.33e-02	2.01349e-01
  3.91e-03	  1.38e-02	2.01130e-01
  3.91e-03	  1.43e-02	2.00958e-01
  3.91e-03	  1.48e-02	2.00823e-01
  3.91e-03	  1.54e-02	2.00715e-01
  3.91e-03	  1.59e-02	2.00629e-01
  3.91e-03	  1.64e-02	2.00559e-01
  3.91e-03	  1.69e-02	2.00502e-01
  3.91e-03	  1.74e-02	2.00455e-01
  3.91e-03	  1.80e-02	2.00417e-01
  3.91e-03	  1.85e-02	2.00385e-01
  3.91e-03	  1.90e-02	2.00359e-01
  3.91e-03	  1.95e-02	2.00337e-01
  3.91e-03	  2.01e-02	2.00320e-01
  3.91e-03	  2.06e-02	2.00305e-01
  3.91e-03	  2.11e-02	2.00294e-01
  3.91e-03	  2.16e-02	2.00286e-01
  3.91e-03	  2.21e-02	2.00279e-01
  3.91e-03	  2.27e-02	2.00275e-01
  3.91e-03	  2.32e-02	2.00273e-01
  3.91e-03	  2.37e-02	2.00272e-01
  3.91e-03	  2.42e-02	2.00273e-01
  3.91e-03	  2.47e-02	2.00275e-01
  3.91e-03	  2.53e-02	2.00279e-01
  3.91e-03	  2.58e-02	2.00285e-01
  3.91e-03	  2.63e-02	2.00292e-01
  3.91e-03	  2.68e-02	2.00301e-01
  3.91e-03	  2.73e-02	2.00312e-01
  3.91e-03	  2.79e-02	2.00325e-01
  3.91e-03	  2.84e-02	2.00340e-01
  3.91e-03	  2.89e-02	2.00358e-01
  3.91e-03	  2.94e-02	2.00378e-01
  3.91e-03	  2.99e-02	2.00402e-01
  3.91e-03	  3.05e-02	2.00429e-01
  3.91e-03	  3.10e-02	2.00461e-01
  3.91e-03	  3.15e-02	2.00498e-01
  3.91e-03	  3.20e-02	2.00543e-01
  3.91e-03	  3.26e-02	2.00595e-01
  3.91e-03	  3.31e-02	2.00657e-01
  3.91e-03	  3.36e-02	2.00732e-01
  3.91e-03	  3.41e-02	2.00824e-01
  3.91e-03	  3.46e-02	2.00936e-01
  3.91e-03	  3.52e-02	2.01075e-01
  3.91e-03	  3.57e-02	2.01252e-01
  3.91e-03	  3.62e-02	2.01475e-01
  3.91e-03	  3.67e-02	2.01760e-01
  3.91e-03	  3.72e-02	2.02117e-01
  3.91e-03	  3.78e-02	2.02555e-01
  3.91e-03	  3.83e-02	2.03119e-01
  3.91e-03	  3.88e-02	2.03727e-01
  3.91e-03	  3.93e-02	2.00972e-01
  3.91e-03	  3.98e-02	1.74018e-01
  3.91e-03	  4.04e-02	6.28925e-34
  3.91e-03	  4.09e-02	9.43394e-67
  3.91e-03	  4.14e-02	1.41510e-99
  3.91e-03	  4.19e-02	2.12267e-132
  3.91e-03	  4.24e-02	3.18403e-165
  3.91e-03	  4.30e-02	4.77609e-198
  3.91e-03	  4.35e-02	7.16419e-231
  3.91e-03	  4.40e-02	1.07464e-263
  3.91e-03	  4.45e-02	1.61197e-296
  3.91e-03	  4.51e-02	0.00000e+00
  3.91e-03	  4.56e-02	0.00000e+00
  3.91e-03	  4.61e-02	0.00000e+00
  3.91e-03	  4.66e-02	0.00000e+00
  3.91e-03	  4.71e-02	0.00000e+00
  3.91e-03	  4.77e-02	0.00000e+00
  3.91e-03	  4.82e-02	0.00000e+00
  3.91e-03	  4.87e-02	0.00000e+00
  3.91e-03	  4.92e-02	0.00000e+00
  3.91e-03	  4.97e-02	0.00000e+00

  4.69e-03	  2.60e-04	0.00000e+00
  4.69e-03	  7.81e-04	0.00000e+00
  4.69e-03	  1.30e-03	0.00000e+00
  4.69e-03	  1.82e-03	0.00000e+00
  4.69e-03	  2.34e-03	0.00000e+00
  4.69e-03	  2.86e-03	0.00000e+00
  4.69e-03	  3.39e-03	0.00000e+00
  4.69e-03	  3.91e-03	0.00000e+00
  4.69e-03	  4.43e-03	0.00000e+00
  4.69e-03	  4.95e-03	1.54883e-296
  4.69e-03	  5.47e-03	1.03254e-263
  4.69e-03	  5.99e-03	6.88354e-231
  4.69e-03	  6.51e-03	4.58898e-198
  4.69e-03	  7.03e-03	3.05929e-165
  4.69e-03	  7.55e-03	2.03951e-132
  4.69e-03	  8.07e-03	1.35966e-99
  4.69e-03	  8.59e-03	9.06430e-67
  4.69e-03	  9.11e-03	6.04281e-34
  4.69e-03	  9.64e-03	1.68714e-01
  4.69e-03	  1.02e-02	1.99749e-01
  4.69e-03	  1.07e-02	2.03904e-01
  4.69e-03	  1.12e-02	2.03425e-01
  4.69e-03	  1.17e-02	2.02846e-01
  4.69e-03	  1.22e-02	2.02386e-01
  4.69e-03	  1.28e-02	2.02004e-01
  4.69e-03	  1.33e-02	2.01689e-01
  4.69e-03	  1.38e-02	2.01435e-01
  4.69e-03	  1.43e-02	2.01232e-01
  4.69e-03	  1.48e-02	2.01070e-01
  4.69e-03	  1.54e-02	2.00938e-01
  4.69e-03	  1.59e-02	2.00832e-01
  4.69e-03	  1.64e-02	2.00744e-01
  4.69e-03	  1.69e-02	2.00672e-01
  4.69e-03	  1.74e-02	2.00613e-01
  4.69e-03	  1.80e-02	2.00563e-01
  4.69e-03	  1.85e-02	2.00522e-01
  4.69e-03	  1.90e-02	2.00489e-01
  4.69e-03	  1.95e-02	2.00461e-01
  4.69e-03	  2.01e-02	2.00438e-01
  4.69e-03	  2.06e-02	2.00420e-01
  4.69e-03	  2.11e-02	2.00405e-01
  4.69e-03	  2.16e-02	2.00394e-01
  4.69e-03	  2.21e-02	2.00386e-01
  4.69e-03	  2.27e-02	2.00380e-01
  4.69e-03	  2.32e-02	2.00377e-01
  4.69e-03	  2.37e-02	2.00376e-01
  4.69e-03	  2.42e-02	2.00378e-01
  4.69e-03	  2.47e-02	2.00381e-01
  4.69e-03	  2.53e-02	2.00387e-01
  4.69e-03	  2.58e-02	2.00395e-01
  4.69e-03	  2.63e-02	2.00405e-01
  4.69e-03	  2.68e-02	2.00417e-01
  4.69e-03	  2.73e-02	2.00432e-01
  4.69e-03	  2.79e-02	2.00449e-01
  4.69e-03	  2.84e-02	2.00469e-01
  4.69e-03	  2.89e-02	2.00493e-01
  4.69e-03	  2.94e-02	2.00520e-01
  4.69e-03	  2.99e-02	2.00551e-01
  4.69e-03	  3.05e-02	2.00587e-01
  4.69e-03	  3.10e-02	2.00629e-01
  4.69e-03	  3.15e-02	2.00678e-01
  4.69e-03	  3.20e-02	2.00735e-01
  4.69e-03	  3.26e-02	2.00803e-01
  4.69e-03	  3.31e-02	2.00882e-01
  4.69e-03	  3.36e-02	2.00977e-01
  4.69e-03	  3.41e-02	2.01090e-01
  4.69e-03	  3.46e-02	2.01228e-01
  4.69e-03	  3.52e-02	2.01397e-01
  4.69e-03	  3.57e-02	2.01606e-01
  4.69e-03	  3.62e-02	2.01866e-01
  4.69e-03	  3.67e-02	2.02186e-01
  4.69e-03	  3.72e-02	2.02573e-01
  4.69e-03	  3.78e-02	2.03037e-01
  4.69e-03	  3.83e-02	2.03621e-01
  4.69e-03	  3.88e-02	2.04109e-01
  4.69e-03	  3.93e-02	1.99982e-01
  4.69e-03	  3.98e-02	1.68955e-01
  4.69e-03	  4.04e-02	6.05400e-34
  4.69e-03	  4.09e-02	9.08107e-67
  4.69e-03	  4.14e-02	1.36217e-99
  4.69e-03	  4.19e-02	2.04327e-132
  4.69e-03	  4.24e-02	3.06493e-165
  4.69e-03	  4.30e-02	4.59743e-198
  4.69e-03	  4.35e-02	6.89620e-231
  4.69e-03	  4.40e-02	1.03444e-263
  4.69e-03	  4.45e-02	1.55167e-296
  4.69e-03	  4.51e-02	0.00000e+00
  4.69e-03	  4.56e-02	0.00000e+00
  4.69e-03	  4.61e-02	0.00000e+00
  4.69e-03	  4.66e-02	0.00000e+00
  4.69e-03	  4.71e-02	0.00000e+00
  4.69e-03	  4.77e-02	0.00000e+00
  4.69e-03	  4.82e-02	0.00000e+00
  4.69e-03	  4.87e-02	0.00000e+00
  4.69e-03	  4.92e-02	0.00000e+00
  4.69e-03	  4.97e-02	0.00000e+00

  5.47e-03	  2.60e-04	0.00000e+00
  5.47e-03	  7.81e-04	0.00000e+00
  5.47e-03	  1.30e-03	0.00000e+00
  5.47e-03	  1.82e-03	0.00000e+00
  5.47e-03	  2.34e-03	0.00000e+00
  5.47e-03	  2.86e-03	0.00000e+00
  5.47e-03	  3.39e-03	0.00000e+00
  5.47e-03	  3.91e-03	0.00000e+00
  5.47e-03	  4.43e-03	0.00000e+00
  5.47e-03	  4.95e-03	1.49029e-296
  5.47e-03	  5.47e-03	9.93519e-264
  5.47e-03	  5.99e-03	6.62340e-231
  5.47e-03	  6.51e-03	4.41555e-198
  5.47e-03	  7.03e-03	2.94367e-165
  5.47e-03	  7.55e-03	1.96243e-132
  5.47e-03	  8.07e-03	1.30827e-99
  5.47e-03	  8.59e-03	8.72174e-67
  5.47e-03	  9.11e-03	5.81443e-34
  5.47e-03	  9.64e-03	1.63747e-01
  5.47e-03	  1.02e-02	1.98448e-01
  5.47e-03	  1.07e-02	2.04115e-01
  5.47e-03	  1.12e-02	2.03819e-01
  5.47e-03	  1.17e-02	2.03234e-01
  5.47e-03	  1.22e-02	2.02759e-01
  5.47e-03	  1.28e-02	2.02358e-01
  5.47e-03	  1.33e-02	2.02018e-01
  5.47e-03	  1.38e-02	2.01737e-01
  5.47e-03	  1.43e-02	2.01508e-01
  5.47e-03	  1.48e-02	2.01322e-01
  5.47e-03	  1.54e-02	2.01169e-01
  5.47e-03	  1.59e-02	2.01044e-01
  5.47e-03	  1.64e-02	2.00940e-01
  5.47e-03	  1.69e-02	2.00854e-01
  5.47e-03	  1.74e-02	2.00783e-01
  5.47e-03	  1.80e-02	2.00723e-01
  5.47e-03	  1.85e-02	2.00673e-01
  5.47e-03	  1.90e-02	2.00632e-01
  5.47e-03	  1.95e-02	2.00598e-01
  5.47e-03	  2.01e-02	2.00570e-01
  5.47e-03	  2.06e-02	2.00547e-01
  5.47e-03	  2.11e-02	2.00529e-01
  5.47e-03	  2.16e-02	2.00516e-01
  5.47e-03	  2.21e-02	2.00506e-01
  5.47e-03	  2.27e-02	2.00499e-01
  5.47e-03	  2.32e-02	2.00496e-01
  5.47e-03	  2.37e-02	2.00495e-01
  5.47e-03	  2.42e-02	2.00497e-01
  5.47e-03	  2.47e-02	2.00502e-01
  5.47e-03	  2.53e-02	2.00510e-01
  5.47e-03	  2.58e-02	2.00520e-01
  5.47e-03	  2.63e-02	2.00533e-01
  5.47e-03	  2.68e-02	2.00549e-01
  5.47e-03	  2.73e-02	2.00568e-01
  5.47e-03	  2.79e-02	2.00590e-01
  5.47e-03	  2.84e-02	2.00616e-01
  5.47e-03	  2.89e-02	2.00645e-01
  5.47e-03	  2.94e-02	2.00679e-01
  5.47e-03	  2.99e-02	2.00719e-01
  5.47e-03	  3.05e-02	2.00764e-01
  5.47e-03	  3.10e-02	2.00816e-01
  5.47e-03	  3.15e-02	2.00877e-01
  5.47e-03	  3.20e-02	2.00947e-01
  5.47e-03	  3.26e-02	2.01029e-01
  5.47e-03	  3.31e-02	2.01125e-01
  5.47e-03	  3.36e-02	2.01238e-01
  5.47e-03	  3.41e-02	2.01372e-01
  5.47e-03	  3.46e-02	2.01534e-01
  5.47e-03	  3.52e-02	2.01728e-01
  5.47e-03	  3.57e-02	2.01966e-01
  5.47e-03	  3.62e-02	2.02254e-01
  5.47e-03	  3.67e-02	2.02601e-01
  5.47e-03	  3.72e-02	2.03009e-01
  5.47e-03	  3.78e-02	2.03489e-01
  5.47e-03	  3.83e-02	2.04080e-01
  5.47e-03	  3.88e-02	2.04392e-01
  5.47e-03	  3.93e-02	1.98765e-01
  5.47e-03	  3.98e-02	1.64076e-01
  5.47e-03	  4.04e-02	5.82952e-34
  5.47e-03	  4.09e-02	8.74434e-67
  5.47e-03	  4.14e-02	1.31166e-99
  5.47e-03	  4.19e-02	1.96750e-132
  5.47e-03	  4.24e-02	2.95128e-165
  5.47e-03	  4.30e-02	4.42695e-198
  5.47e-03	  4.35e-02	6.64047e-231
  5.47e-03	  4.40e-02	9.96078e-264
  5.47e-03	  4.45e-02	1.49413e-296
  5.47e-03	  4.51e-02	0.00000e+00
  5.47e-03	  4.56e-02	0.00000e+00
  5.47e-03	  4.61e-02	0.00000e+00
  5.47e-03	  4.66e-02	0.00000e+00
  5.47e-03	  4.71e-02	0.00000e+00
  5.47e-03	  4.77e-02	0.00000e+00
  5.47e-03	  4.82e-02	0.00000e+00
  5.47e-03	  4.87e-02	0.00000e+00
  5.47e-03	  4.92e-02	0.00000e+00
  5.47e-03	  4.97e-02	0.00000e+00

  6.25e-03	  2.60e-04	0.00000e+00
  6.25e-03	  7.81e-04	0.00000e+00
  6.25e-03	  1.30e-03	0.00000e+00
  6.25e-03	  1.82e-03	0.00000e+00
  6.25e-03	  2.34e-03	0.00000e+00
  6.25e-03	  2.86e-03	0.00000e+00
  6.25e-03	  3.39e-03	0.00000e+00
  6.25e-03	  3.91e-03	0.00000e+00
  6.25e-03	  4.43e-03	0.00000e+00
  6.25e-03	  4.95e-03	1.43448e-296
  6.25e-03	  5.47e-03	9.56308e-264
  6.25e-03	  5.99e-03	6.37532e-231
  6.25e-03	  6.51e-03	4.25017e-198
  6.25e-03	  7.03e-03	2.83342e-165
  6.25e-03	  7.55e-03	1.88893e-132
  6.25e-03	  8.07e-03	1.25927e-99
  6.25e-03	  8.59e-03	8.39505e-67
  6.25e-03	  9.11e-03	5.59664e-34
  6.25e-03	  9.64e-03	1.58964e-01
  6.25e-03	  1.02e-02	1.96942e-01
  6.25e-03	  1.07e-02	2.04220e-01
  6.25e-03	  1.12e-02	2.04165e-01
  6.25e-03	  1.17e-02	2.03587e-01
  6.25e-03	  1.22e-02	2.03104e-01
  6.25e-03	  1.28e-02	2.02690e-01
  6.25e-03	  1.33e-02	2.02332e-01
  6.25e-03	  1.38e-02	2.02030e-01
  6.25e-03	  1.43e-02	2.01780e-01
  6.25e-03	  1.48e-02	2.01573e-01
  6.25e-03	  1.54e-02	2.01403e-01
  6.25e-03	  1.59e-02	2.01261e-01
  6.25e-03	  1.64e-02	2.01143e-01
  6.25e-03	  1.69e-02	2.01044e-01
  6.25e-03	  1.74e-02	2.00961e-01
  6.25e-03	  1.80e-02	2.00892e-01
  6.25e-03	  1.85e-02	2.00834e-01
  6.25e-03	  1.90e-02	2.00786e-01
  6.25e-03	  1.95e-02	2.00746e-01
  6.25e-03	  2.01e-02	2.00713e-01
  6.25e-03	  2.06e-02	2.00687e-01
  6.25e-03	  2.11e-02	2.00666e-01
  6.25e-03	  2.16e-02	2.00650e-01
  6.25e-03	  2.21e-02	2.00638e-01
  6.25e-03	  2.27e-02	2.00631e-01
  6.25e-03	  2.32e-02	2.00627e-01
  6.25e-03	  2.37e-02	2.00627e-01
  6.25e-03	  2.42e-02	2.00630e-01
  6.25e-03	  2.47e-02	2.00636e-01
  6.25e-03	  2.53e-02	2.00646e-01
  6.25e-03	  2.58e-02	2.00659e-01
  6.25e-03	  2.63e-02	2.00675e-01
  6.25e-03	  2.68e-02	2.00695e-01
  6.25e-03	  2.73e-02	2.00718e-01
  6.25e-03	  2.79e-02	2.00745e-01
  6.25e-03	  2.84e-02	2.00777e-01
  6.25e-03	  2.89e-02	2.00813e-01
  6.25e-03	  2.94e-02	2.00855e-01
  6.25e-03	  2.99e-02	2.00902e-01
  6.25e-03	  3.05e-02	2.00957e-01
  6.25e-03	  3.10e-02	2.01019e-01
  6.25e-03	  3.15e-02	2.01091e-01
  6.25e-03	  3.20e-02	2.01174e-01
  6.25e-03	  3.26e-02	2.01270e-01
  6.25e-03	  3.31e-02	2.01381e-01
  6.25e-03	  3.36e-02	2.01511e-01
  6.25e-03	  3.41e-02	2.01665e-01
  6.25e-03	  3.46e-02	2.01847e-01
  6.25e-03	  3.52e-02	2.02065e-01
  6.25e-03	  3.57e-02	2.02325e-01
  6.25e-03	  3.62e-02	2.02637e-01
  6.25e-03	  3.67e-02	2.03004e-01
  6.25e-03	  3.72e-02	2.03426e-01
  6.25e-03	  3.78e-02	2.03917e-01
  6.25e-03	  3.83e-02	2.04503e-01
  6.25e-03	  3.88e-02	2.04581e-01
  6.25e-03	  3.93e-02	1.97359e-01
  6.25e-03	  3.98e-02	1.59396e-01
  6.25e-03	  4.04e-02	5.61627e-34
  6.25e-03	  4.09e-02	8.42445e-67
  6.25e-03	  4.14e-02	1.26368e-99
  6.25e-03	  4.19e-02	1.89553e-132
  6.25e-03	  4.24e-02	2.84331e-165
  6.25e-03	  4.30e-02	4.26499e-198
  6.25e-03	  4.35e-02	6.39753e-231
  6.25e-03	  4.40e-02	9.59636e-264
  6.25e-03	  4.45e-02	1.43946e-296
  6.25e-03	  4.51e-02	0.00000e+00
  6.25e-03	  4.56e-02	0.00000e+00
  6.25e-03	  4.61e-02	0.00000e+00
  6.25e-03	  4.66e-02	0.00000e+00
  6.25e-03	  4.71e-02	0.00000e+00
  6.25e-03	  4.77e-02	0.00000e+00
  6.25e-03	  4.82e-02	0.00000e+00
  6.25e-03	  4.87e-02	0.00000e+00
  6.25e-03	  4.92e-02	0.00000e+00
  6.25e-03	  4.97e-02	0.00000e+00

  7.03e-03	  2.60e-04	0.00000e+00
  7.03e-03	  7.81e-04	0.00000e+00
  7.03e-03	  1.30e-03	0.00000e+00
  7.03e-03	  1.82e-03	0.00000e+00
  7.03e-03	  2.34e-03	0.00000e+00
  7.03e-03	  2.86e-03	0.00000e+00
  7.03e-03	  3.39e-03	0.00000e+00
  7.03e-03	  3.91e-03	0.00000e+00
  7.03e-03	  4.43e-03	0.00000e+00
  7.03e-03	  4.95e-03	1.38141e-296
  7.03e-03	  5.47e-03	9.20930e-264
  7.03e-03	  5.99e-03	6.13946e-231
  7.03e-03	  6.51e-03	4.09293e-198
  7.03e-03	  7.03e-03	2.72859e-165
  7.03e-03	  7.55e-03	1.81904e-132
  7.03e-03	  8.07e-03	1.21268e-99
  7.03e-03	  8.59e-03	8.08446e-67
  7.03e-03	  9.11e-03	5.38958e-34
  7.03e-03	  9.64e-03	1.54371e-01
  7.03e-03	  1.02e-02	1.95260e-01
  7.03e-03	  1.07e-02	2.04222e-01
  7.03e-03	  1.12e-02	2.04468e-01
  7.03e-03	  1.17e-02	2.03910e-01
  7.03e-03	  1.22e-02	2.03421e-01
  7.03e-03	  1.28e-02	2.03000e-01
  7.03e-03	  1.33e-02	2.02630e-01
  7.03e-03	  1.38e-02	2.02313e-01
  7.03e-03	  1.43e-02	2.02045e-01
  7.03e-03	  1.48e-02	2.01821e-01
  7.03e-03	  1.54e-02	2.01635e-01
  7.03e-03	  1.59e-02	2.01479e-01
  7.03e-03	  1.64e-02	2.01348e-01
  7.03e-03	  1.69e-02	2.01238e-01
  7.03e-03	  1.74e-02	2.01146e-01
  7.03e-03	  1.80e-02	2.01068e-01
  7.03e-03	  1.85e-02	2.01002e-01
  7.03e-03	  1.90e-02	2.00948e-01
  7.03e-03	  1.95e-02	2.00903e-01
  7.03e-03	  2.01e-02	2.00866e-01
  7.03e-03	  2.06e-02	2.00836e-01
  7.03e-03	  2.11e-02	2.00812e-01
  7.03e-03	  2.16e-02	2.00794e-01
  7.03e-03	  2.21e-02	2.00781e-01
  7.03e-03	  2.27e-02	2.00773e-01
  7.03e-03	  2.32e-02	2.00770e-01
  7.03e-03	  2.37e-02	2.00770e-01
  7.03e-03	  2.42e-02	2.00775e-01
  7.03e-03	  2.47e-02	2.00783e-01
  7.03e-03	  2.53e-02	2.00795e-01
  7.03e-03	  2.58e-02	2.00811e-01
  7.03e-03	  2.63e-02	2.00830e-01
  7.03e-03	  2.68e-02	2.00854e-01
  7.03e-03	  2.73e-02	2.00882e-01
  7.03e-03	  2.79e-02	2.00915e-01
  7.03e-03	  2.84e-02	2.00952e-01
  7.03e-03	  2.89e-02	2.00995e-01
  7.03e-03	  2.94e-02	2.01044e-01
  7.03e-03	  2.99e-02	2.01099e-01
  7.03e-03	  3.05e-02	2.01163e-01
  7.03e-03	  3.10e-02	2.01235e-01
  7.03e-03	  3.15e-02	2.01318e-01
  7.03e-03	  3.20e-02	2.01413e-01
  7.03e-03	  3.26e-02	2.01522e-01
  7.03e-03	  3.31e-02	2.01648e-01
  7.03e-03	  3.36e-02	2.01794e-01
  7.03e-03	  3.41e-02	2.01964e-01
  7.03e-03	  3.46e-02	2.02165e-01
  7.03e-03	  3.52e-02	2.02402e-01
  7.03e-03	  3.57e-02	2.02683e-01
  7.03e-03	  3.62e-02	2.03013e-01
  7.03e-03	  3.67e-02	2.03394e-01
  7.03e-03	  3.72e-02	2.03825e-01
  7.03e-03	  3.78e-02	2.04322e-01
  7.03e-03	  3.83e-02	2.04893e-01
  7.03e-03	  3.88e-02	2.04682e-01
  7.03e-03	  3.93e-02	1.95794e-01
  7.03e-03	  3.98e-02	1.54923e-01
  7.03e-03	  4.04e-02	5.41441e-34
  7.03e-03	  4.09e-02	8.12166e-67
  7.03e-03	  4.14e-02	1.21826e-99
  7.03e-03	  4.19e-02	1.82739e-132
  7.03e-03	  4.24e-02	2.74111e-165
  7.03e-03	  4.30e-02	4.11169e-198
  7.03e-03	  4.35e-02	6.16757e-231
  7.03e-03	  4.40e-02	9.25141e-264
  7.03e-03	  4.45e-02	1.38772e-296
  7.03e-03	  4.51e-02	0.00000e+00
  7.03e-03	  4.56e-02	0.00000e+00
  7.03e-03	  4.61e-02	0.00000e+00
  7.03e-03	  4.66e-02	0.00000e+00
  7.03e-03	  4.71e-02	0.00000e+00
  7.03e-03	  4.77e-02	0.00000e+00
  7.03e-03	  4.82e-02	0.00000e+00
  7.03e-03	  4.87e-02	0.00000e+00
  7.03e-03	  4.92e-02	0.00000e+00
  7.03e-03	  4.97e-02	0.00000e+00

  7.81e-03	  2.60e-04	0.00000e+00
  7.81e-03	  7.81e-04	0.00000e+00
  7.81e-03	  1.30e-03	0.00000e+00
  7.81e-03	  1.82e-03	0.00000e+00
  7.81e-03	  2.34e-03	0.00000e+00
  7.81e-03	  2.86e-03	0.00000e+00
  7.81e-03	  3.39e-03	0.00000e+00
  7.81e-03	  3.91e-03	0.00000e+00
  7.81e-03	  4.43e-03	0.00000e+00
  7.81e-03	  4.95e-03	1.33108e-296
  7.81e-03	  5.47e-03	8.87374e-264
  7.81e-03	  5.99e-03	5.91576e-231
  7.81e-03	  6.51e-03	3.94379e-198
  7.81e-03	  7.03e-03	2.62917e-165
  7.81e-03	  7.55e-03	1.75276e-132
  7.81e-03	  8.07e-03	1.16849e-99
  7.81e-03	  8.59e-03	7.78985e-67
  7.81e-03	  9.11e-03	5.19318e-34
  7.81e-03	  9.64e-03	1.49972e-01
  7.81e-03	  1.02e-02	1.93428e-01
  7.81e-03	  1.07e-02	2.04125e-01
  7.81e-03	  1.12e-02	2.04730e-01
  7.81e-03	  1.17e-02	2.04203e-01
  7.81e-03	  1.22e-02	2.03714e-01
  7.81e-03	  1.28e-02	2.03288e-01
  7.81e-03	  1.33e-02	2.02911e-01
  7.81e-03	  1.38e-02	2.02582e-01
  7.81e-03	  1.43e-02	2.02301e-01
  7.81e-03	  1.48e-02	2.02063e-01
  7.81e-03	  1.54e-02	2.01863e-01
  7.81e-03	  1.59e-02	2.01696e-01
  7.81e-03	  1.64e-02	2.01554e-01
  7.81e-03	  1.69e-02	2.01434e-01
  7.81e-03	  1.74e-02	2.01333e-01
  7.81e-03	  1.80e-02	2.01248e-01
  7.81e-03	  1.85e-02	2.01176e-01
  7.81e-03	  1.90e-02	2.01116e-01
  7.81e-03	  1.95e-02	2.01066e-01
  7.81e-03	  2.01e-02	2.01026e-01
  7.81e-03	  2.06e-02	2.00993e-01
  7.81e-03	  2.11e-02	2.00967e-01
  7.81e-03	  2.16e-02	2.00948e-01
  7.81e-03	  2.21e-02	2.00934e-01
  7.81e-03	  2.27e-02	2.00926e-01
  7.81e-03	  2.32e-02	2.00923e-01
  7.81e-03	  2.37e-02	2.00924e-01
  7.81e-03	  2.42e-02	2.00930e-01
  7.81e-03	  2.47e-02	2.00940e-01
  7.81e-03	  2.53e-02	2.00955e-01
  7.81e-03	  2.58e-02	2.00974e-01
  7.81e-03	  2.63e-02	2.00997e-01
  7.81e-03	  2.68e-02	2.01025e-01
  7.81e-03	  2.73e-02	2.01058e-01
  7.81e-03	  2.79e-02	2.01096e-01
  7.81e-03	  2.84e-02	2.01139e-01
  7.81e-03	  2.89e-02	2.01189e-01
  7.81e-03	  2.94e-02	2.01245e-01
  7.81e-03	  2.99e-02	2.01308e-01
  7.81e-03	  3.05e-02	2.01381e-01
  7.81e-03	  3.10e-02	2.01463e-01
  7.81e-03	  3.15e-02	2.01556e-01
  7.81e-03	  3.20e-02	2.01662e-01
  7.81e-03	  3.26e-02	2.01783e-01
  7.81e-03	  3.31e-02	2.01922e-01
  7.81e-03	  3.36e-02	2.02083e-01
  7.81e-03	  3.41e-02	2.02269e-01
  7.81e-03	  3.46e-02	2.02486e-01
  7.81e-03	  3.52e-02	2.02740e-01
  7.81e-03	  3.57e-02	2.03037e-01
  7.81e-03	  3.62e-02	2.03381e-01
  7.81e-03	  3.67e-02	2.03772e-01
  7.81e-03	  3.72e-02	2.04209e-01
  7.81e-03	  3.78e-02	2.04710e-01
  7.81e-03	  3.83e-02	2.05252e-01
  7.81e-03	  3.88e-02	2.04697e-01
  7.81e-03	  3.93e-02	1.94099e-01
  7.81e-03	  3.98e-02	1.50663e-01
  7.81e-03	  4.04e-02	5.22391e-34
  7.81e-03	  4.09e-02	7.83591e-67
  7.81e-03	  4.14e-02	1.17539e-99
  7.81e-03	  4.19e-02	1.76310e-132
  7.81e-03	  4.24e-02	2.64466e-165
  7.81e-03	  4.30e-02	3.96701e-198
  7.81e-03	  4.35e-02	5.95055e-231
  7.81e-03	  4.40e-02	8.92588e-264
  7.81e-03	  4.45e-02	1.33889e-296
  7.81e-03	  4.51e-02	0.00000e+00
  7.81e-03	  4.56e-02	0.00000e+00
  7.81e-03	  4.61e-02	0.00000e+00
  7.81e-03	  4.66e-02	0.00000e+00
  7.81e-03	  4.71e-02	0.00000e+00
  7.81e-03	  4.77e-02	0.00000e+00
  7.81e-03	  4.82e-02	0.00000e+00
  7.81e-03	  4.87e-02	0.00000e+00
  7.81e-03	  4.92e-02	0.00000e+00
  7.81e-03	  4.97e-02	0.00000e+00

  8.59e-03	  2.60e-04	0.00000e+00
  8.59e-03	  7.81e-04	0.00000e+00
  8.59e-03	  1.30e-03	0.00000e+00
  8.59e-03	  1.82e-03	0.00000e+00
  8.59e-03	  2.34e-03	0.00000e+00
  8.59e-03	  2.86e-03	0.00000e+00
  8.59e-03	  3.39e-03	0.00000e+00
  8.59e-03	  3.91e-03	0.00000e+00
  8.59e-03	  4.43e-03	0.00000e+00
  8.59e-03	  4.95e-03	1.28342e-296
  8.59e-03	  5.47e-03	8.55606e-264
  8.59e-03	  5.99e-03	5.70397e-231
  8.59e-03	  6.51e-03	3.80260e-198
  8.59e-03	  7.03e-03	2.53504e-165
  8.59e-03	  7.55e-03	1.69001e-132
  8.59e-03	  8.07e-03	1.12666e-99
  8.59e-03	  8.59e-03	7.51095e-67
  8.59e-03	  9.11e-03	5.00724e-34
  8.59e-03	  9.64e-03	1.45768e-01
  8.59e-03	  1.02e-02	1.91469e-01
  8.59e-03	  1.07e-02	2.03929e-01
  8.59e-03	  1.12e-02	2.04951e-01
  8.59e-03	  1.17e-02	2.04470e-01
  8.59e-03	  1.22e-02	2.03982e-01
  8.59e-03	  1.28e-02	2.03556e-01
  8.59e-03	  1.33e-02	2.03175e-01
  8.59e-03	  1.38e-02	2.02837e-01
  8.59e-03	  1.43e-02	2.02545e-01
  8.59e-03	  1.48e-02	2.02297e-01
  8.59e-03	  1.54e-02	2.02086e-01
  8.59e-03	  1.59e-02	2.01908e-01
  8.59e-03	  1.64e-02	2.01758e-01
  8.59e-03	  1.69e-02	2.01630e-01
  8.59e-03	  1.74e-02	2.01522e-01
  8.59e-03	  1.80e-02	2.01430e-01
  8.59e-03	  1.85e-02	2.01353e-01
  8.59e-03	  1.90e-02	2.01289e-01
  8.59e-03	  1.95e-02	2.01235e-01
  8.59e-03	  2.01e-02	2.01191e-01
  8.59e-03	  2.06e-02	2.01156e-01
  8.59e-03	  2.11e-02	2.01129e-01
  8.59e-03	  2.16e-02	2.01109e-01
  8.59e-03	  2.21e-02	2.01095e-01
  8.59e-03	  2.27e-02	2.01087e-01
  8.59e-03	  2.32e-02	2.01084e-01
  8.59e-03	  2.37e-02	2.01087e-01
  8.59e-03	  2.42e-02	2.01095e-01
  8.59e-03	  2.47e-02	2.01108e-01
  8.59e-03	  2.53e-02	2.01125e-01
  8.59e-03	  2.58e-02	2.01147e-01
  8.59e-03	  2.63e-02	2.01175e-01
  8.59e-03	  2.68e-02	2.01207e-01
  8.59e-03	  2.73e-02	2.01245e-01
  8.59e-03	  2.79e-02	2.01288e-01
  8.59e-03	  2.84e-02	2.01337e-01
  8.59e-03	  2.89e-02	2.01393e-01
  8.59e-03	  2.94e-02	2.01456e-01
  8.59e-03	  2.99e-02	2.01528e-01
  8.59e-03	  3.05e-02	2.01608e-01
  8.59e-03	  3.10e-02	2.01699e-01
  8.59e-03	  3.15e-02	2.01802e-01
  8.59e-03	  3.20e-02	2.01919e-01
  8.59e-03	  3.26e-02	2.02051e-01
  8.59e-03	  3.31e-02	2.02203e-01
  8.59e-03	  3.36e-02	2.02376e-01
  8.59e-03	  3.41e-02	2.02576e-01
  8.59e-03	  3.46e-02	2.02807e-01
  8.59e-03	  3.52e-02	2.03076e-01
  8.59e-03	  3.57e-02	2.03386e-01
  8.59e-03	  3.62e-02	2.03742e-01
  8.59e-03	  3.67e-02	2.04139e-01
  8.59e-03	  3.72e-02	2.04580e-01
  8.59e-03	  3.78e-02	2.05081e-01
  8.59e-03	  3.83e-02	2.05584e-01
  8.59e-03	  3.88e-02	2.04630e-01
  8.59e-03	  3.93e-02	1.92297e-01
  8.59e-03	  3.98e-02	1.46616e-01
  8.59e-03	  4.04e-02	5.04462e-34
  8.59e-03	  4.09e-02	7.56696e-67
  8.59e-03	  4.14e-02	1.13505e-99
  8.59e-03	  4.19e-02	1.70258e-132
  8.59e-03	  4.24e-02	2.55388e-165
  8.59e-03	  4.30e-02	3.83084e-198
  8.59e-03	  4.35e-02	5.74628e-231
  8.59e-03	  4.40e-02	8.61947e-264
  8.59e-03	  4.45e-02	1.29293e-296
  8.59e-03	  4.51e-02	0.00000e+00
  8.59e-03	  4.56e-02	0.00000e+00
  8.59e-03	  4.61e-02	0.00000e+00
  8.59e-03	  4.66e-02	0.00000e+00
  8.59e-03	  4.71e-02	0.00000e+00
  8.59e-03	  4.77e-02	0.00000e+00
  8.59e-03	  4.82e-02	0.00000e+00
  8.59e-03	  4.87e-02	0.00000e+00
  8.59e-03	  4.92e-02	0.00000e+00
  8.59e-03	  4.97e-02	0.00000e+00

  9.37e-03	  2.60e-04	0.00000e+00
  9.37e-03	  7.81e-04	0.00000e+00
  9.37e-03	  1.30e-03	0.00000e+00
  9.37e-03	  1.82e-03	0.00000e+00
  9.37e-03	  2.34e-03	0.00000e+00
  9.37e-03	  2.86e-03	0.00000e+00
  9.37e-03	  3.39e-03	0.00000e+00
  9.37e-03	  3.91e-03	0.00000e+00
  9.37e-03	  4.43e-03	0.00000e+00
  9.37e-03	  4.95e-03	1.23838e-296
  9.37e-03	  5.47e-03	8.25577e-264
  9.37e-03	  5.99e-03	5.50378e-231
  9.37e-03	  6.51e-03	3.66914e-198
  9.37e-03	  7.03e-03	2.44606e-165
  9.37e-03	  7.55e-03	1.63069e-132
  9.37e-03	  8.07e-03	1.08711e-99
  9.37e-03	  8.59e-03	7.24731e-67
  9.37e-03	  9.11e-03	4.83148e-34
  9.37e-03	  9.64e-03	1.41758e-01
  9.37e-03	  1.02e-02	1.89402e-01
  9.37e-03	  1.07e-02	2.03637e-01
  9.37e-03	  1.12e-02	2.05133e-01
  9.37e-03	  1.17e-02	2.04711e-01
  9.37e-03	  1.22e-02	2.04229e-01
  9.37e-03	  1.28e-02	2.03804e-01
  9.37e-03	  1.33e-02	2.03421e-01
  9.37e-03	  1.38e-02	2.03078e-01
  9.37e-03	  1.43e-02	2.02779e-01
  9.37e-03	  1.48e-02	2.02521e-01
  9.37e-03	  1.54e-02	2.02302e-01
  9.37e-03	  1.59e-02	2.02116e-01
  9.37e-03	  1.64e-02	2.01958e-01
  9.37e-03	  1.69e-02	2.01824e-01
  9.37e-03	  1.74e-02	2.01710e-01
  9.37e-03	  1.80e-02	2.01613e-01
  9.37e-03	  1.85e-02	2.01532e-01
  9.37e-03	  1.90e-02	2.01464e-01
  9.37e-03	  1.95e-02	2.01408e-01
  9.37e-03	  2.01e-02	2.01362e-01
  9.37e-03	  2.06e-02	2.01325e-01
  9.37e-03	  2.11e-02	2.01297e-01
  9.37e-03	  2.16e-02	2.01276e-01
  9.37e-03	  2.21e-02	2.01262e-01
  9.37e-03	  2.27e-02	2.01255e-01
  9.37e-03	  2.32e-02	2.01254e-01
  9.37e-03	  2.37e-02	2.01258e-01
  9.37e-03	  2.42e-02	2.01268e-01
  9.37e-03	  2.47e-02	2.01284e-01
  9.37e-03	  2.53e-02	2.01304e-01
  9.37e-03	  2.58e-02	2.01330e-01
  9.37e-03	  2.63e-02	2.01361e-01
  9.37e-03	  2.68e-02	2.01398e-01
  9.37e-03	  2.73e-02	2.01441e-01
  9.37e-03	  2.79e-02	2.01489e-01
  9.37e-03	  2.84e-02	2.01545e-01
  9.37e-03	  2.89e-02	2.01607e-01
  9.37e-03	  2.94e-02	2.01677e-01
  9.37e-03	  2.99e-02	2.01756e-01
  9.37e-03	  3.05e-02	2.01845e-01
  9.37e-03	  3.10e-02	2.01944e-01
  9.37e-03	  3.15e-02	2.02056e-01
  9.37e-03	  3.20e-02	2.02182e-01
  9.37e-03	  3.26e-02	2.02325e-01
  9.37e-03	  3.31e-02	2.02488e-01
  9.37e-03	  3.36e-02	2.02673e-01
  9.37e-03	  3.41e-02	2.02885e-01
  9.37e-03	  3.46e-02	2.03129e-01
  9.37e-03	  3.52e-02	2.03410e-01
  9.37e-03	  3.57e-02	2.03731e-01
  9.37e-03	  3.62e-02	2.04095e-01
  9.37e-03	  3.67e-02	2.04497e-01
  9.37e-03	  3.72e-02	2.04940e-01
  9.37e-03	  3.78e-02	2.05438e-01
  9.37e-03	  3.83e-02	2.05889e-01
  9.37e-03	  3.88e-02	2.04484e-01
  9.37e-03	  3.93e-02	1.90409e-01
  9.37e-03	  3.98e-02	1.42783e-01
  9.37e-03	  4.04e-02	4.87625e-34
  9.37e-03	  4.09e-02	7.31440e-67
  9.37e-03	  4.14e-02	1.09716e-99
  9.37e-03	  4.19e-02	1.64575e-132
  9.37e-03	  4.24e-02	2.46864e-165
  9.37e-03	  4.30e-02	3.70297e-198
  9.37e-03	  4.35e-02	5.55447e-231
  9.37e-03	  4.40e-02	8.33174e-264
  9.37e-03	  4.45e-02	1.24977e-296
  9.37e-03	  4.51e-02	0.00000e+00
  9.37e-03	  4.56e-02	0.00000e+00
  9.37e-03	  4.61e-02	0.00000e+00
  9.37e-03	  4.66e-02	0.00000e+00
  9.37e-03	  4.71e-02	0.00000e+00
  9.37e-03	  4.77e-02	0.00000e+00
  9.37e-03	  4.82e-02	0.00000e+00
  9.37e-03	  4.87e-02	0.00000e+00
  9.37e-03	  4.92e-02	0.00000e+00
  9.37e-03	  4.97e-02	0.00000e+00

  1.02e-02	  2.60e-04	0.00000e+00
  1.02e-02	  7.81e-04	0.00000e+00
  1.02e-02	  1.30e-03	0.00000e+00
  1.02e-02	  1.82e-03	0.00000e+00
  1.02e-02	  2.34e-03	0.00000e+00
  1.02e-02	  2.86e-03	0.00000e+00
  1.02e-02	  3.39e-03	0.00000e+00
  1.02e-02	  3.91e-03	0.00000e+00
  1.02e-02	  4.43e-03	0.00000e+00
  1.02e-02	  4.95e-03	1.19585e-296
  1.02e-02	  5.47e-03	7.97224e-264
  1.02e-02	  5.99e-03	5.31476e-231
  1.02e-02	  6.51e-03	3.54312e-198
  1.02e-02	  7.03e-03	2.36205e-165
  1.02e-02	  7.55e-03	1.57468e-132
  1.02e-02	  8.07e-03	1.04977e-99
  1.02e-02	  8.59e-03	6.99837e-67
  1.02e-02	  9.11e-03	4.66551e-34
  1.02e-02	  9.64e-03	1.37936e-01
  1.02e-02	  1.02e-02	1.87247e-01
  1.02e-02	  1.07e-02	2.03250e-01
  1.02e-02	  1.12e-02	2.05274e-01
  1.02e-02	  1.17e-02	2.04928e-01
  1.02e-02	  1.22e-02	2.04455e-01
  1.02e-02	  1.28e-02	2.04032e-01
  1.02e-02	  1.33e-02	2.03649e-01
  1.02e-02	  1.38e-02	2.03304e-01
  1.02e-02	  1.43e-02	2.02999e-01
  1.02e-02	  1.48e-02	2.02736e-01
  1.02e-02	  1.54e-02	2.02510e-01
  1.02e-02	  1.59e-02	2.02317e-01
  1.02e-02	  1.64e-02	2.02153e-01
  1.02e-02	  1.69e-02	2.02014e-01
  1.02e-02	  1.74e-02	2.01896e-01
  1.02e-02	  1.80e-02	2.01795e-01
  1.02e-02	  1.85e-02	2.01711e-01
  1.02e-02	  1.90e-02	2.01640e-01
  1.02e-02	  1.95e-02	2.01582e-01
  1.02e-02	  2.01e-02	2.01535e-01
  1.02e-02	  2.06e-02	2.01497e-01
  1.02e-02	  2.11e-02	2.01469e-01
  1.02e-02	  2.16e-02	2.01448e-01
  1.02e-02	  2.21e-02	2.01435e-01
  1.02e-02	  2.27e-02	2.01429e-01
  1.02e-02	  2.32e-02	2.01430e-01
  1.02e-02	  2.37e-02	2.01437e-01
  1.02e-02	  2.42e-02	2.01449e-01
  1.02e-02	  2.47e-02	2.01468e-01
  1.02e-02	  2.53e-02	2.01492e-01
  1.02e-02	  2.58e-02	2.01521e-01
  1.02e-02	  2.63e-02	2.01557e-01
  1.02e-02	  2.68e-02	2.01598e-01
  1.02e-02	  2.73e-02	2.01646e-01
  1.02e-02	  2.79e-02	2.01700e-01
  1.02e-02	  2.84e-02	2.01761e-01
  1.02e-02	  2.89e-02	2.01829e-01
  1.02e-02	  2.94e-02	2.01906e-01
  1.02e-02	  2.99e-02	2.01992e-01
  1.02e-02	  3.05e-02	2.02088e-01
  1.02e-02	  3.10e-02	2.02196e-01
  1.02e-02	  3.15e-02	2.02316e-01
  1.02e-02	  3.20e-02	2.02452e-01
  1.02e-02	  3.26e-02	2.02604e-01
  1.02e-02	  3.31e-02	2.02776e-01
  1.02e-02	  3.36e-02	2.02972e-01
  1.02e-02	  3.41e-02	2.03195e-01
  1.02e-02	  3.46e-02	2.03450e-01
  1.02e-02	  3.52e-02	2.03741e-01
  1.02e-02	  3.57e-02	2.04072e-01
  1.02e-02	  3.62e-02	2.04442e-01
  1.02e-02	  3.67e-02	2.04847e-01
  1.02e-02	  3.72e-02	2.05290e-01
  1.02e-02	  3.78e-02	2.05783e-01
  1.02e-02	  3.83e-02	2.06167e-01
  1.02e-02	  3.88e-02	2.04263e-01
  1.02e-02	  3.93e-02	1.88457e-01
  1.02e-02	  3.98e-02	1.39160e-01
  1.02e-02	  4.04e-02	4.71849e-34
  1.02e-02	  4.09e-02	7.07775e-67
  1.02e-02	  4.14e-02	1.06166e-99
  1.02e-02	  4.19e-02	1.59250e-132
  1.02e-02	  4.24e-02	2.38876e-165
  1.02e-02	  4.30e-02	3.58314e-198
  1.02e-02	  4.35e-02	5.37473e-231
  1.02e-02	  4.40e-02	8.06212e-264
  1.02e-02	  4.45e-02	1.20932e-296
  1.02e-02	  4.51e-02	0.00000e+00
  1.02e-02	  4.56e-02	0.00000e+00
  1.02e-02	  4.61e-02	0.00000e+00
  1.02e-02	  4.66e-02	0.00000e+00
  1.02e-02	  4.71e-02	0.00000e+00
  1.02e-02	  4.77e-02	0.00000e+00
  1.02e-02	  4.82e-02	0.00000e+00
  1.02e-02	  4.87e-02	0.00000e+00
  1.02e-02	  4.92e-02	0.00000e+00
  1.02e-02	  4.97e-02	0.00000e+00

  1.09e-02	  2.60e-04	0.00000e+00
  1.09e-02	  7.81e-04	0.00000e+00
  1.09e-02	  1.30e-03	0.00000e+00
  1.09e-02	  1.82e-03	0.00000e+00
  1.09e-02	  2.34e-03	0.00000e+00
  1.09e-02	  2.86e-03	0.00000e+00
  1.09e-02	  3.39e-03	0.00000e+00
  1.09e-02	  3.91e-03	0.00000e+00
  1.09e-02	  4.43e-03	0.00000e+00
  1.09e-02	  4.95e-03	1.15573e-296
  1.09e-02	  5.47e-03	7.70475e-264
  1.09e-02	  5.99e-03	5.13643e-231
  1.09e-02	  6.51e-03	3.42423e-198
  1.09e-02	  7.03e-03	2.28279e-165
  1.09e-02	  7.55e-03	1.52184e-132
  1.09e-02	  8.07e-03	1.01454e-99
  1.09e-02	  8.59e-03	6.76351e-67
  1.09e-02	  9.11e-03	4.50894e-34
  1.09e-02	  9.64e-03	1.34299e-01
  1.09e-02	  1.02e-02	1.85018e-01
  1.09e-02	  1.07e-02	2.02769e-01
  1.09e-02	  1.12e-02	2.05374e-01
  1.09e-02	  1.17e-02	2.05120e-01
  1.09e-02	  1.22e-02	2.04660e-01
  1.09e-02	  1.28e-02	2.04241e-01
  1.09e-02	  1.33e-02	2.03860e-01
  1.09e-02	  1.38e-02	2.03515e-01
  1.09e-02	  1.43e-02	2.03207e-01
  1.09e-02	  1.48e-02	2.02939e-01
  1.09e-02	  1.54e-02	2.02708e-01
  1.09e-02	  1.59e-02	2.02511e-01
  1.09e-02	  1.64e-02	2.02343e-01
  1.09e-02	  1.69e-02	2.02200e-01
  1.09e-02	  1.74e-02	2.02078e-01
  1.09e-02	  1.80e-02	2.01975e-01
  1.09e-02	  1.85e-02	2.01889e-01
  1.09e-02	  1.90e-02	2.01817e-01
  1.09e-02	  1.95e-02	2.01758e-01
  1.09e-02	  2.01e-02	2.01710e-01
  1.09e-02	  2.06e-02	2.01672e-01
  1.09e-02	  2.11e-02	2.01644e-01
  1.09e-02	  2.16e-02	2.01625e-01
  1.09e-02	  2.21e-02	2.01613e-01
  1.09e-02	  2.27e-02	2.01609e-01
  1.09e-02	  2.32e-02	2.01612e-01
  1.09e-02	  2.37e-02	2.01621e-01
  1.09e-02	  2.42e-02	2.01637e-01
  1.09e-02	  2.47e-02	2.01658e-01
  1.09e-02	  2.53e-02	2.01686e-01
  1.09e-02	  2.58e-02	2.01720e-01
  1.09e-02	  2.63e-02	2.01759e-01
  1.09e-02	  2.68e-02	2.01805e-01
  1.09e-02	  2.73e-02	2.01858e-01
  1.09e-02	  2.79e-02	2.01917e-01
  1.09e-02	  2.84e-02	2.01984e-01
  1.09e-02	  2.89e-02	2.02059e-01
  1.09e-02	  2.94e-02	2.02142e-01
  1.09e-02	  2.99e-02	2.02235e-01
  1.09e-02	  3.05e-02	2.02338e-01
  1.09e-02	  3.10e-02	2.02454e-01
  1.09e-02	  3.15e-02	2.02582e-01
  1.09e-02	  3.20e-02	2.02726e-01
  1.09e-02	  3.26e-02	2.02887e-01
  1.09e-02	  3.31e-02	2.03068e-01
  1.09e-02	  3.36e-02	2.03273e-01
  1.09e-02	  3.41e-02	2.03506e-01
  1.09e-02	  3.46e-02	2.03770e-01
  1.09e-02	  3.52e-02	2.04071e-01
  1.09e-02	  3.57e-02	2.04409e-01
  1.09e-02	  3.62e-02	2.04782e-01
  1.09e-02	  3.67e-02	2.05189e-01
  1.09e-02	  3.72e-02	2.05631e-01
  1.09e-02	  3.78e-02	2.06116e-01
  1.09e-02	  3.83e-02	2.06419e-01
  1.09e-02	  3.88e-02	2.03969e-01
  1.09e-02	  3.93e-02	1.86457e-01
  1.09e-02	  3.98e-02	1.35743e-01
  1.09e-02	  4.04e-02	4.57094e-34
  1.09e-02	  4.09e-02	6.85642e-67
  1.09e-02	  4.14e-02	1.02846e-99
  1.09e-02	  4.19e-02	1.54270e-132
  1.09e-02	  4.24e-02	2.31405e-165
  1.09e-02	  4.30e-02	3.47108e-198
  1.09e-02	  4.35e-02	5.20663e-231
  1.09e-02	  4.40e-02	7.80995e-264
  1.09e-02	  4.45e-02	1.17150e-296
  1.09e-02	  4.51e-02	0.00000e+00
  1.09e-02	  4.56e-02	0.00000e+00
  1.09e-02	  4.61e-02	0.00000e+00
  1.09e-02	  4.66e-02	0.00000e+00
  1.09e-02	  4.71e-02	0.00000e+00
  1.09e-02	  4.77e-02	0.00000e+00
  1.09e-02	  4.82e-02	0.00000e+00
  1.09e-02	  4.87e-02	0.00000e+00
  1.09e-02	  4.92e-02	0.00000e+00
  1.09e-02	  4.97e-02	0.00000e+00

  1.17e-02	  2.60e-04	0.00000e+00
  1.17e-02	  7.81e-04	0.00000e+00
  1.17e-02	  1.30e-03	0.00000e+00
  1.17e-02	  1.82e-03	0.00000e+00
  1.17e-02	  2.34e-03	0.00000e+00
  1.17e-02	  2.86e-03	0.00000e+00
  1.17e-02	  3.39e-03	0.00000e+00
  1.17e-02	  3.91e-03	0.00000e+00
  1.17e-02	  4.43e-03	0.00000e+00
  1.17e-02	  4.95e-03	1.11789e-296
  1.17e-02	  5.47e-03	7.45251e-264
  1.17e-02	  5.99e-03	4.96826e-231
  1.17e-02	  6.51e-03	3.31212e-198
  1.17e-02	  7.03e-03	2.20805e-165
  1.17e-02	  7.55e-03	1.47201e-132
  1.17e-02	  8.07e-03	9.81323e-100
  1.17e-02	  8.59e-03	6.54204e-67
  1.17e-02	  9.11e-03	4.36129e-34
  1.17e-02	  9.64e-03	1.30839e-01
  1.17e-02	  1.02e-02	1.82730e-01
  1.17e-02	  1.07e-02	2.02197e-01
  1.17e-02	  1.12e-02	2.05432e-01
  1.17e-02	  1.17e-02	2.05289e-01
  1.17e-02	  1.22e-02	2.04845e-01
  1.17e-02	  1.28e-02	2.04432e-01
  1.17e-02	  1.33e-02	2.04055e-01
  1.17e-02	  1.38e-02	2.03711e-01
  1.17e-02	  1.43e-02	2.03402e-01
  1.17e-02	  1.48e-02	2.03131e-01
  1.17e-02	  1.54e-02	2.02897e-01
  1.17e-02	  1.59e-02	2.02696e-01
  1.17e-02	  1.64e-02	2.02525e-01
  1.17e-02	  1.69e-02	2.02380e-01
  1.17e-02	  1.74e-02	2.02256e-01
  1.17e-02	  1.80e-02	2.02152e-01
  1.17e-02	  1.85e-02	2.02065e-01
  1.17e-02	  1.90e-02	2.01992e-01
  1.17e-02	  1.95e-02	2.01933e-01
  1.17e-02	  2.01e-02	2.01886e-01
  1.17e-02	  2.06e-02	2.01849e-01
  1.17e-02	  2.11e-02	2.01822e-01
  1.17e-02	  2.16e-02	2.01805e-01
  1.17e-02	  2.21e-02	2.01795e-01
  1.17e-02	  2.27e-02	2.01793e-01
  1.17e-02	  2.32e-02	2.01799e-01
  1.17e-02	  2.37e-02	2.01811e-01
  1.17e-02	  2.42e-02	2.01830e-01
  1.17e-02	  2.47e-02	2.01855e-01
  1.17e-02	  2.53e-02	2.01887e-01
  1.17e-02	  2.58e-02	2.01925e-01
  1.17e-02	  2.63e-02	2.01969e-01
  1.17e-02	  2.68e-02	2.02020e-01
  1.17e-02	  2.73e-02	2.02078e-01
  1.17e-02	  2.79e-02	2.02142e-01
  1.17e-02	  2.84e-02	2.02215e-01
  1.17e-02	  2.89e-02	2.02295e-01
  1.17e-02	  2.94e-02	2.02385e-01
  1.17e-02	  2.99e-02	2.02484e-01
  1.17e-02	  3.05e-02	2.02594e-01
  1.17e-02	  3.10e-02	2.02717e-01
  1.17e-02	  3.15e-02	2.02852e-01
  1.17e-02	  3.20e-02	2.03004e-01
  1.17e-02	  3.26e-02	2.03173e-01
  1.17e-02	  3.31e-02	2.03362e-01
  1.17e-02	  3.36e-02	2.03576e-01
  1.17e-02	  3.41e-02	2.03817e-01
  1.17e-02	  3.46e-02	2.04090e-01
  1.17e-02	  3.52e-02	2.04398e-01
  1.17e-02	  3.57e-02	2.04741e-01
  1.17e-02	  3.62e-02	2.05118e-01
  1.17e-02	  3.67e-02	2.05525e-01
  1.17e-02	  3.72e-02	2.05965e-01
  1.17e-02	  3.78e-02	2.06439e-01
  1.17e-02	  3.83e-02	2.06646e-01
  1.17e-02	  3.88e-02	2.03607e-01
  1.17e-02	  3.93e-02	1.84425e-01
  1.17e-02	  3.98e-02	1.32528e-01
  1.17e-02	  4.04e-02	4.43319e-34
  1.17e-02	  4.09e-02	6.64978e-67
  1.17e-02	  4.14e-02	9.97467e-100
  1.17e-02	  4.19e-02	1.49620e-132
  1.17e-02	  4.24e-02	2.24430e-165
  1.17e-02	  4.30e-02	3.36645e-198
  1.17e-02	  4.35e-02	5.04968e-231
  1.17e-02	  4.40e-02	7.57452e-264
  1.17e-02	  4.45e-02	1.13618e-296
  1.17e-02	  4.51e-02	0.00000e+00
  1.17e-02	  4.56e-02	0.00000e+00
  1.17e-02	  4.61e-02	0.00000e+00
  1.17e-02	  4.66e-02	0.00000e+00
  1.17e-02	  4.71e-02	0.00000e+00
  1.17e-02	  4.77e-02	0.00000e+00
  1.17e-02	  4.82e-02	0.00000e+00
  1.17e-02	  4.87e-02	0.00000e+00
  1.17e-02	  4.92e-02	0.00000e+00
  1.17e-02	  4.97e-02	0.00000e+00

  1.25e-02	  2.60e-04	0.00000e+00
  1.25e-02	  7.81e-04	0.00000e+00
  1.25e-02	  1.30e-03	0.00000e+00
  1.25e-02	  1.82e-03	0.00000e+00
  1.25e-02	  2.34e-03	0.00000e+00
  1.25e-02	  2.86e-03	0.00000e+00
  1.25e-02	  3.39e-03	0.00000e+00
  1.25e-02	  3.91e-03	0.00000e+00
  1.25e-02	  4.43e-03	0.00000e+00
  1.25e-02	  4.95e-03	1.08222e-296
  1.25e-02	  5.47e-03	7.21469e-264
  1.25e-02	  5.99e-03	4.80971e-231
  1.25e-02	  6.51e-03	3.20642e-198
  1.25e-02	  7.03e-03	2.13758e-165
  1.25e-02	  7.55e-03	1.42503e-132
  1.25e-02	  8.07e-03	9.50001e-100
  1.25e-02	  8.59e-03	6.33322e-67
  1.25e-02	  9.11e-03	4.22207e-34
  1.25e-02	  9.64e-03	1.27550e-01
  1.25e-02	  1.02e-02	1.80395e-01
  1.25e-02	  1.07e-02	2.01534e-01
  1.25e-02	  1.12e-02	2.05447e-01
  1.25e-02	  1.17e-02	2.05433e-01
  1.25e-02	  1.22e-02	2.05011e-01
  1.25e-02	  1.28e-02	2.04604e-01
  1.25e-02	  1.33e-02	2.04232e-01
  1.25e-02	  1.38e-02	2.03891e-01
  1.25e-02	  1.43e-02	2.03583e-01
  1.25e-02	  1.48e-02	2.03311e-01
  1.25e-02	  1.54e-02	2.03075e-01
  1.25e-02	  1.59e-02	2.02873e-01
  1.25e-02	  1.64e-02	2.02700e-01
  1.25e-02	  1.69e-02	2.02554e-01
  1.25e-02	  1.74e-02	2.02430e-01
  1.25e-02	  1.80e-02	2.02325e-01
  1.25e-02	  1.85e-02	2.02238e-01
  1.25e-02	  1.90e-02	2.02166e-01
  1.25e-02	  1.95e-02	2.02108e-01
  1.25e-02	  2.01e-02	2.02062e-01
  1.25e-02	  2.06e-02	2.02027e-01
  1.25e-02	  2.11e-02	2.02002e-01
  1.25e-02	  2.16e-02	2.01987e-01
  1.25e-02	  2.21e-02	2.01980e-01
  1.25e-02	  2.27e-02	2.01981e-01
  1.25e-02	  2.32e-02	2.01990e-01
  1.25e-02	  2.37e-02	2.02005e-01
  1.25e-02	  2.42e-02	2.02028e-01
  1.25e-02	  2.47e-02	2.02057e-01
  1.25e-02	  2.53e-02	2.02093e-01
  1.25e-02	  2.58e-02	2.02136e-01
  1.25e-02	  2.63e-02	2.02185e-01
  1.25e-02	  2.68e-02	2.02241e-01
  1.25e-02	  2.73e-02	2.02303e-01
  1.25e-02	  2.79e-02	2.02374e-01
  1.25e-02	  2.84e-02	2.02452e-01
  1.25e-02	  2.89e-02	2.02538e-01
  1.25e-02	  2.94e-02	2.02634e-01
  1.25e-02	  2.99e-02	2.02739e-01
  1.25e-02	  3.05e-02	2.02856e-01
  1.25e-02	  3.10e-02	2.02985e-01
  1.25e-02	  3.15e-02	2.03127e-01
  1.25e-02	  3.20e-02	2.03286e-01
  1.25e-02	  3.26e-02	2.03462e-01
  1.25e-02	  3.31e-02	2.03659e-01
  1.25e-02	  3.36e-02	2.03880e-01
  1.25e-02	  3.41e-02	2.04129e-01
  1.25e-02	  3.46e-02	2.04409e-01
  1.25e-02	  3.52e-02	2.04723e-01
  1.25e-02	  3.57e-02	2.05071e-01
  1.25e-02	  3.62e-02	2.05449e-01
  1.25e-02	  3.67e-02	2.05855e-01
  1.25e-02	  3.72e-02	2.06293e-01
  1.25e-02	  3.78e-02	2.06752e-01
  1.25e-02	  3.83e-02	2.06848e-01
  1.25e-02	  3.88e-02	2.03181e-01
  1.25e-02	  3.93e-02	1.82377e-01
  1.25e-02	  3.98e-02	1.29508e-01
  1.25e-02	  4.04e-02	4.30479e-34
  1.25e-02	  4.09e-02	6.45717e-67
  1.25e-02	  4.14e-02	9.68574e-100
  1.25e-02	  4.19e-02	1.45286e-132
  1.25e-02	  4.24e-02	2.17928e-165
  1.25e-02	  4.30e-02	3.26892e-198
  1.25e-02	  4.35e-02	4.90338e-231
  1.25e-02	  4.40e-02	7.35506e-264
  1.25e-02	  4.45e-02	1.10326e-296
  1.25e-02	  4.51e-02	0.00000e+00
  1.25e-02	  4.56e-02	0.00000e+00
  1.25e-02	  4.61e-02	0.00000e+00
  1.25e-02	  4.66e-02	0.00000e+00
  1.25e-02	  4.71e-02	0.00000e+00
  1.25e-02	  4.77e-02	0.00000e+00
  1.25e-02	  4.82e-02	0.00000e+00
  1.25e-02	  4.87e-02	0.00000e+00
  1.25e-02	  4.92e-02	0.00000e+00
  1.25e-02	  4.97e-02	0.00000e+00

  1.33e-02	  2.60e-04	0.00000e+00
  1.33e-02	  7.81e-04	0.00000e+00
  1.33e-02	  1.30e-03	0.00000e+00
  1.33e-02	  1.82e-03	0.00000e+00
  1.33e-02	  2.34e-03	0.00000e+00
  1.33e-02	  2.86e-03	0.00000e+00
  1.33e-02	  3.39e-03	0.00000e+00
  1.33e-02	  3.91e-03	0.00000e+00
  1.33e-02	  4.43e-03	0.00000e+00
  1.33e-02	  4.95e-03	1.04858e-296
  1.33e-02	  5.47e-03	6.99042e-264
  1.33e-02	  5.99e-03	4.66019e-231
  1.33e-02	  6.51e-03	3.10674e-198
  1.33e-02	  7.03e-03	2.07112e-165
  1.33e-02	  7.55e-03	1.38072e-132
  1.33e-02	  8.07e-03	9.20463e-100
  1.33e-02	  8.59e-03	6.13630e-67
  1.33e-02	  9.11e-03	4.09078e-34
  1.33e-02	  9.64e-03	1.24423e-01
  1.33e-02	  1.02e-02	1.78025e-01
  1.33e-02	  1.07e-02	2.00783e-01
  1.33e-02	  1.12e-02	2.05417e-01
  1.33e-02	  1.17e-02	2.05553e-01
  1.33e-02	  1.22e-02	2.05157e-01
  1.33e-02	  1.28e-02	2.04759e-01
  1.33e-02	  1.33e-02	2.04393e-01
  1.33e-02	  1.38e-02	2.04056e-01
  1.33e-02	  1.43e-02	2.03750e-01
  1.33e-02	  1.48e-02	2.03479e-01
  1.33e-02	  1.54e-02	2.03243e-01
  1.33e-02	  1.59e-02	2.03040e-01
  1.33e-02	  1.64e-02	2.02867e-01
  1.33e-02	  1.69e-02	2.02721e-01
  1.33e-02	  1.74e-02	2.02597e-01
  1.33e-02	  1.80e-02	2.02493e-01
  1.33e-02	  1.85e-02	2.02407e-01
  1.33e-02	  1.90e-02	2.02337e-01
  1.33e-02	  1.95e-02	2.02281e-01
  1.33e-02	  2.01e-02	2.02237e-01
  1.33e-02	  2.06e-02	2.02205e-01
  1.33e-02	  2.11e-02	2.02183e-01
  1.33e-02	  2.16e-02	2.02171e-01
  1.33e-02	  2.21e-02	2.02167e-01
  1.33e-02	  2.27e-02	2.02172e-01
  1.33e-02	  2.32e-02	2.02184e-01
  1.33e-02	  2.37e-02	2.02204e-01
  1.33e-02	  2.42e-02	2.02231e-01
  1.33e-02	  2.47e-02	2.02265e-01
  1.33e-02	  2.53e-02	2.02305e-01
  1.33e-02	  2.58e-02	2.02352e-01
  1.33e-02	  2.63e-02	2.02406e-01
  1.33e-02	  2.68e-02	2.02467e-01
  1.33e-02	  2.73e-02	2.02535e-01
  1.33e-02	  2.79e-02	2.02611e-01
  1.33e-02	  2.84e-02	2.02695e-01
  1.33e-02	  2.89e-02	2.02787e-01
  1.33e-02	  2.94e-02	2.02888e-01
  1.33e-02	  2.99e-02	2.03000e-01
  1.33e-02	  3.05e-02	2.03122e-01
  1.33e-02	  3.10e-02	2.03257e-01
  1.33e-02	  3.15e-02	2.03406e-01
  1.33e-02	  3.20e-02	2.03571e-01
  1.33e-02	  3.26e-02	2.03754e-01
  1.33e-02	  3.31e-02	2.03958e-01
  1.33e-02	  3.36e-02	2.04186e-01
  1.33e-02	  3.41e-02	2.04441e-01
  1.33e-02	  3.46e-02	2.04728e-01
  1.33e-02	  3.52e-02	2.05047e-01
  1.33e-02	  3.57e-02	2.05397e-01
  1.33e-02	  3.62e-02	2.05776e-01
  1.33e-02	  3.67e-02	2.06181e-01
  1.33e-02	  3.72e-02	2.06615e-01
  1.33e-02	  3.78e-02	2.07055e-01
  1.33e-02	  3.83e-02	2.07026e-01
  1.33e-02	  3.88e-02	2.02694e-01
  1.33e-02	  3.93e-02	1.80325e-01
  1.33e-02	  3.98e-02	1.26677e-01
  1.33e-02	  4.04e-02	4.18527e-34
  1.33e-02	  4.09e-02	6.27789e-67
  1.33e-02	  4.14e-02	9.41679e-100
  1.33e-02	  4.19e-02	1.41251e-132
  1.33e-02	  4.24e-02	2.11876e-165
  1.33e-02	  4.30e-02	3.17814e-198
  1.33e-02	  4.35e-02	4.76720e-231
  1.33e-02	  4.40e-02	7.15078e-264
  1.33e-02	  4.45e-02	1.07261e-296
  1.33e-02	  4.51e-02	0.00000e+00
  1.33e-02	  4.56e-02	0.00000e+00
  1.33e-02	  4.61e-02	0.00000e+00
  1.33e-02	  4.66e-02	0.00000e+00
  1.33e-02	  4.71e-02	0.00000e+00
  1.33e-02	  4.77e-02	0.00000e+00
  1.33e-02	  4.82e-02	0.00000e+00
  1.33e-02	  4.87e-02	0.00000e+00
  1.33e-02	  4.92e-02	0.00000e+00
  1.33e-02	  4.97e-02	0.00000e+00

  1.41e-02	  2.60e-04	0.00000e+00
  1.41e-02	  7.81e-04	0.00000e+00
  1.41e-02	  1.30e-03	0.00000e+00
  1.41e-02	  1.82e-03	0.00000e+00
  1.41e-02	  2.34e-03	0.00000e+00
  1.41e-02	  2.86e-03	0.00000e+00
  1.41e-02	  3.39e-03	0.00000e+00
  1.41e-02	  3.91e-03	0.00000e+00
  1.41e-02	  4.43e-03	0.00000e+00
  1.41e-02	  4.95e-03	1.01684e-296
  1.41e-02	  5.47e-03	6.77880e-264
  1.41e-02	  5.99e-03	4.51911e-231
  1.41e-02	  6.51e-03	3.01268e-198
  1.41e-02	  7.03e-03	2.00841e-165
  1.41e-02	  7.55e-03	1.33891e-132
  1.41e-02	  8.07e-03	8.92590e-100
  1.41e-02	  8.59e-03	5.95047e-67
  1.41e-02	  9.11e-03	3.96689e-34
  1.41e-02	  9.64e-03	1.21449e-01
  1.41e-02	  1.02e-02	1.75629e-01
  1.41e-02	  1.07e-02	1.99944e-01
  1.41e-02	  1.12e-02	2.05342e-01
  1.41e-02	  1.17e-02	2.05648e-01
  1.41e-02	  1.22e-02	2.05283e-01
  1.41e-02	  1.28e-02	2.04896e-01
  1.41e-02	  1.33e-02	2.04537e-01
  1.41e-02	  1.38e-02	2.04205e-01
  1.41e-02	  1.43e-02	2.03903e-01
  1.41e-02	  1.48e-02	2.03634e-01
  1.41e-02	  1.54e-02	2.03399e-01
  1.41e-02	  1.59e-02	2.03197e-01
  1.41e-02	  1.64e-02	2.03026e-01
  1.41e-02	  1.69e-02	2.02880e-01
  1.41e-02	  1.74e-02	2.02758e-01
  1.41e-02	  1.80e-02	2.02657e-01
  1.41e-02	  1.85e-02	2.02573e-01
  1.41e-02	  1.90e-02	2.02505e-01
  1.41e-02	  1.95e-02	2.02452e-01
  1.41e-02	  2.01e-02	2.02411e-01
  1.41e-02	  2.06e-02	2.02383e-01
  1.41e-02	  2.11e-02	2.02364e-01
  1.41e-02	  2.16e-02	2.02356e-01
  1.41e-02	  2.21e-02	2.02356e-01
  1.41e-02	  2.27e-02	2.02365e-01
  1.41e-02	  2.32e-02	2.02382e-01
  1.41e-02	  2.37e-02	2.02406e-01
  1.41e-02	  2.42e-02	2.02438e-01
  1.41e-02	  2.47e-02	2.02477e-01
  1.41e-02	  2.53e-02	2.02522e-01
  1.41e-02	  2.58e-02	2.02574e-01
  1.41e-02	  2.63e-02	2.02634e-01
  1.41e-02	  2.68e-02	2.02700e-01
  1.41e-02	  2.73e-02	2.02773e-01
  1.41e-02	  2.79e-02	2.02854e-01
  1.41e-02	  2.84e-02	2.02943e-01
  1.41e-02	  2.89e-02	2.03041e-01
  1.41e-02	  2.94e-02	2.03148e-01
  1.41e-02	  2.99e-02	2.03265e-01
  1.41e-02	  3.05e-02	2.03394e-01
  1.41e-02	  3.10e-02	2.03534e-01
  1.41e-02	  3.15e-02	2.03689e-01
  1.41e-02	  3.20e-02	2.03860e-01
  1.41e-02	  3.26e-02	2.04049e-01
  1.41e-02	  3.31e-02	2.04259e-01
  1.41e-02	  3.36e-02	2.04493e-01
  1.41e-02	  3.41e-02	2.04755e-01
  1.41e-02	  3.46e-02	2.05046e-01
  1.41e-02	  3.52e-02	2.05369e-01
  1.41e-02	  3.57e-02	2.05722e-01
  1.41e-02	  3.62e-02	2.06101e-01
  1.41e-02	  3.67e-02	2.06503e-01
  1.41e-02	  3.72e-02	2.06932e-01
  1.41e-02	  3.78e-02	2.07350e-01
  1.41e-02	  3.83e-02	2.07178e-01
  1.41e-02	  3.88e-02	2.02151e-01
  1.41e-02	  3.93e-02	1.78281e-01
  1.41e-02	  3.98e-02	1.24026e-01
  1.41e-02	  4.04e-02	4.07416e-34
  1.41e-02	  4.09e-02	6.11121e-67
  1.41e-02	  4.14e-02	9.16677e-100
  1.41e-02	  4.19e-02	1.37501e-132
  1.41e-02	  4.24e-02	2.06250e-165
  1.41e-02	  4.30e-02	3.09374e-198
  1.41e-02	  4.35e-02	4.64059e-231
  1.41e-02	  4.40e-02	6.96086e-264
  1.41e-02	  4.45e-02	1.04413e-296
  1.41e-02	  4.51e-02	0.00000e+00
  1.41e-02	  4.56e-02	0.00000e+00
  1.41e-02	  4.61e-02	0.00000e+00
  1.41e-02	  4.66e-02	0.00000e+00
  1.41e-02	  4.71e-02	0.00000e+00
  1.41e-02	  4.77e-02	0.00000e+00
  1.41e-02	  4.82e-02	0.00000e+00
  1.41e-02	  4.87e-02	0.00000e+00
  1.41e-02	  4.92e-02	0.00000e+00
  1.41e-02	  4.97e-02	0.00000e+00

  1.48e-02	  2.60e-04	0.00000e+00
  1.48e-02	  7.81e-04	0.00000e+00
  1.48e-02	  1.30e-03	0.00000e+00
  1.48e-02	  1.82e-03	0.00000e+00
  1.48e-02	  2.34e-03	0.00000e+00
  1.48e-02	  2.86e-03	0.00000e+00
  1.48e-02	  3.39e-03	0.00000e+00
  1.48e-02	  3.91e-03	0.00000e+00
  1.48e-02	  4.43e-03	0.00000e+00
  1.48e-02	  4.95e-03	9.86859e-297
  1.48e-02	  5.47e-03	6.57892e-264
  1.48e-02	  5.99e-03	4.38585e-231
  1.48e-02	  6.51e-03	2.92384e-198
  1.48e-02	  7.03e-03	1.94918e-165
  1.48e-02	  7.55e-03	1.29942e-132
  1.48e-02	  8.07e-03	8.66263e-100
  1.48e-02	  8.59e-03	5.77495e-67
  1.48e-02	  9.11e-03	3.84987e-34
  1.48e-02	  9.64e-03	1.18619e-01
  1.48e-02	  1.02e-02	1.73215e-01
  1.48e-02	  1.07e-02	1.99020e-01
  1.48e-02	  1.12e-02	2.05220e-01
  1.48e-02	  1.17e-02	2.05717e-01
  1.48e-02	  1.22e-02	2.05390e-01
  1.48e-02	  1.28e-02	2.05014e-01
  1.48e-02	  1.33e-02	2.04663e-01
  1.48e-02	  1.38e-02	2.04339e-01
  1.48e-02	  1.43e-02	2.04042e-01
  1.48e-02	  1.48e-02	2.03776e-01
  1.48e-02	  1.54e-02	2.03544e-01
  1.48e-02	  1.59e-02	2.03344e-01
  1.48e-02	  1.64e-02	2.03175e-01
  1.48e-02	  1.69e-02	2.03032e-01
  1.48e-02	  1.74e-02	2.02913e-01
  1.48e-02	  1.80e-02	2.02814e-01
  1.48e-02	  1.85e-02	2.02734e-01
  1.48e-02	  1.90e-02	2.02670e-01
  1.48e-02	  1.95e-02	2.02621e-01
  1.48e-02	  2.01e-02	2.02584e-01
  1.48e-02	  2.06e-02	2.02560e-01
  1.48e-02	  2.11e-02	2.02546e-01
  1.48e-02	  2.16e-02	2.02542e-01
  1.48e-02	  2.21e-02	2.02547e-01
  1.48e-02	  2.27e-02	2.02561e-01
  1.48e-02	  2.32e-02	2.02583e-01
  1.48e-02	  2.37e-02	2.02612e-01
  1.48e-02	  2.42e-02	2.02649e-01
  1.48e-02	  2.47e-02	2.02693e-01
  1.48e-02	  2.53e-02	2.02744e-01
  1.48e-02	  2.58e-02	2.02801e-01
  1.48e-02	  2.63e-02	2.02866e-01
  1.48e-02	  2.68e-02	2.02938e-01
  1.48e-02	  2.73e-02	2.03016e-01
  1.48e-02	  2.79e-02	2.03103e-01
  1.48e-02	  2.84e-02	2.03198e-01
  1.48e-02	  2.89e-02	2.03301e-01
  1.48e-02	  2.94e-02	2.03413e-01
  1.48e-02	  2.99e-02	2.03536e-01
  1.48e-02	  3.05e-02	2.03670e-01
  1.48e-02	  3.10e-02	2.03816e-01
  1.48e-02	  3.15e-02	2.03977e-01
  1.48e-02	  3.20e-02	2.04153e-01
  1.48e-02	  3.26e-02	2.04348e-01
  1.48e-02	  3.31e-02	2.04563e-01
  1.48e-02	  3.36e-02	2.04803e-01
  1.48e-02	  3.41e-02	2.05069e-01
  1.48e-02	  3.46e-02	2.05365e-01
  1.48e-02	  3.52e-02	2.05691e-01
  1.48e-02	  3.57e-02	2.06045e-01
  1.48e-02	  3.62e-02	2.06423e-01
  1.48e-02	  3.67e-02	2.06822e-01
  1.48e-02	  3.72e-02	2.07245e-01
  1.48e-02	  3.78e-02	2.07637e-01
  1.48e-02	  3.83e-02	2.07307e-01
  1.48e-02	  3.88e-02	2.01556e-01
  1.48e-02	  3.93e-02	1.76257e-01
  1.48e-02	  3.98e-02	1.21549e-01
  1.48e-02	  4.04e-02	3.97099e-34
  1.48e-02	  4.09e-02	5.95643e-67
  1.48e-02	  4.14e-02	8.93459e-100
  1.48e-02	  4.19e-02	1.34018e-132
  1.48e-02	  4.24e-02	2.01025e-165
  1.48e-02	  4.30e-02	3.01536e-198
  1.48e-02	  4.35e-02	4.52302e-231
  1.48e-02	  4.40e-02	6.78449e-264
  1.48e-02	  4.45e-02	1.01767e-296
  1.48e-02	  4.51e-02	0.00000e+00
  1.48e-02	  4.56e-02	0.00000e+00
  1.48e-02	  4.61e-02	0.00000e+00
  1.48e-02	  4.66e-02	0.00000e+00
  1.48e-02	  4.71e-02	0.00000e+00
  1.48e-02	  4.77e-02	0.00000e+00
  1.48e-02	  4.82e-02	0.00000e+00
  1.48e-02	  4.87e-02	0.00000e+00
  1.48e-02	  4.92e-02	0.00000e+00
  1.48e-02	  4.97e-02	0.00000e+00

  1.56e-02	  2.60e-04	0.00000e+00
  1.56e-02	  7.81e-04	0.00000e+00
  1.56e-02	  1.30e-03	0.00000e+00
  1.56e-02	  1.82e-03	0.00000e+00
  1.56e-02	  2.34e-03	0.00000e+00
  1.56e-02	  2.86e-03	0.00000e+00
  1.56e-02	  3.39e-03	0.00000e+00
  1.56e-02	  3.91e-03	0.00000e+00
  1.56e-02	  4.43e-03	0.00000e+00
  1.56e-02	  4.95e-03	9.58503e-297
  1.56e-02	  5.47e-03	6.38987e-264
  1.56e-02	  5.99e-03	4.25981e-231
  1.56e-02	  6.51e-03	2.83981e-198
  1.56e-02	  7.03e-03	1.89316e-165
  1.56e-02	  7.55e-03	1.26207e-132
  1.56e-02	  8.07e-03	8.41361e-100
  1.56e-02	  8.59e-03	5.60893e-67
  1.56e-02	  9.11e-03	3.73918e-34
  1.56e-02	  9.64e-03	1.15921e-01
  1.56e-02	  1.02e-02	1.70791e-01
  1.56e-02	  1.07e-02	1.98011e-01
  1.56e-02	  1.12e-02	2.05048e-01
  1.56e-02	  1.17e-02	2.05760e-01
  1.56e-02	  1.22e-02	2.05476e-01
  1.56e-02	  1.28e-02	2.05114e-01
  1.56e-02	  1.33e-02	2.04773e-01
  1.56e-02	  1.38e-02	2.04456e-01
  1.56e-02	  1.43e-02	2.04165e-01
  1.56e-02	  1.48e-02	2.03905e-01
  1.56e-02	  1.54e-02	2.03677e-01
  1.56e-02	  1.59e-02	2.03481e-01
  1.56e-02	  1.64e-02	2.03315e-01
  1.56e-02	  1.69e-02	2.03175e-01
  1.56e-02	  1.74e-02	2.03060e-01
  1.56e-02	  1.80e-02	2.02966e-01
  1.56e-02	  1.85e-02	2.02890e-01
  1.56e-02	  1.90e-02	2.02831e-01
  1.56e-02	  1.95e-02	2.02786e-01
  1.56e-02	  2.01e-02	2.02755e-01
  1.56e-02	  2.06e-02	2.02735e-01
  1.56e-02	  2.11e-02	2.02727e-01
  1.56e-02	  2.16e-02	2.02729e-01
  1.56e-02	  2.21e-02	2.02739e-01
  1.56e-02	  2.27e-02	2.02759e-01
  1.56e-02	  2.32e-02	2.02786e-01
  1.56e-02	  2.37e-02	2.02822e-01
  1.56e-02	  2.42e-02	2.02864e-01
  1.56e-02	  2.47e-02	2.02914e-01
  1.56e-02	  2.53e-02	2.02970e-01
  1.56e-02	  2.58e-02	2.03033e-01
  1.56e-02	  2.63e-02	2.03104e-01
  1.56e-02	  2.68e-02	2.03181e-01
  1.56e-02	  2.73e-02	2.03265e-01
  1.56e-02	  2.79e-02	2.03357e-01
  1.56e-02	  2.84e-02	2.03457e-01
  1.56e-02	  2.89e-02	2.03566e-01
  1.56e-02	  2.94e-02	2.03684e-01
  1.56e-02	  2.99e-02	2.03812e-01
  1.56e-02	  3.05e-02	2.03951e-01
  1.56e-02	  3.10e-02	2.04103e-01
  1.56e-02	  3.15e-02	2.04268e-01
  1.56e-02	  3.20e-02	2.04450e-01
  1.56e-02	  3.26e-02	2.04649e-01
  1.56e-02	  3.31e-02	2.04870e-01
  1.56e-02	  3.36e-02	2.05114e-01
  1.56e-02	  3.41e-02	2.05385e-01
  1.56e-02	  3.46e-02	2.05685e-01
  1.56e-02	  3.52e-02	2.06013e-01
  1.56e-02	  3.57e-02	2.06367e-01
  1.56e-02	  3.62e-02	2.06743e-01
  1.56e-02	  3.67e-02	2.07139e-01
  1.56e-02	  3.72e-02	2.07555e-01
  1.56e-02	  3.78e-02	2.07917e-01
  1.56e-02	  3.83e-02	2.07413e-01
  1.56e-02	  3.88e-02	2.00914e-01
  1.56e-02	  3.93e-02	1.74261e-01
  1.56e-02	  3.98e-02	1.19236e-01
  1.56e-02	  4.04e-02	3.87526e-34
  1.56e-02	  4.09e-02	5.81284e-67
  1.56e-02	  4.14e-02	8.71918e-100
  1.56e-02	  4.19e-02	1.30786e-132
  1.56e-02	  4.24e-02	1.96178e-165
  1.56e-02	  4.30e-02	2.94265e-198
  1.56e-02	  4.35e-02	4.41394e-231
  1.56e-02	  4.40e-02	6.62086e-264
  1.56e-02	  4.45e-02	9.93122e-297
  1.56e-02	  4.51e-02	0.00000e+00
  1.56e-02	  4.56e-02	0.00000e+00
  1.56e-02	  4.61e-02	0.00000e+00
  1.56e-02	  4.66e-02	0.00000e+00
  1.56e-02	  4.71e-02	0.00000e+00
  1.56e-02	  4.77e-02	0.00000e+00
  1.56e-02	  4.82e-02	0.00000e+00
  1.56e-02	  4.87e-02	0.00000e+00
  1.56e-02	  4.92e-02	0.00000e+00
  1.56e-02	  4.97e-02	0.00000e+00

  1.64e-02	  2.60e-04	0.00000e+00
  1.64e-02	  7.81e-04	0.00000e+00
  1.64e-02	  1.30e-03	0.00000e+00
  1.64e-02	  1.82e-03	0.00000e+00
  1.64e-02	  2.34e-03	0.00000e+00
  1.64e-02	  2.86e-03	0.00000e+00
  1.64e-02	  3.39e-03	0.00000e+00
  1.64e-02	  3.91e-03	0.00000e+00
  1.64e-02	  4.43e-03	0.00000e+00
  1.64e-02	  4.95e-03	9.31633e-297
  1.64e-02	  5.47e-03	6.21073e-264
  1.64e-02	  5.99e-03	4.14038e-231
  1.64e-02	  6.51e-03	2.76018e-198
  1.64e-02	  7.03e-03	1.84007e-165
  1.64e-02	  7.55e-03	1.22668e-132
  1.64e-02	  8.07e-03	8.17764e-100
  1.64e-02	  8.59e-03	5.45160e-67
  1.64e-02	  9.11e-03	3.63429e-34
  1.64e-02	  9.64e-03	1.13347e-01
  1.64e-02	  1.02e-02	1.68361e-01
  1.64e-02	  1.07e-02	1.96919e-01
  1.64e-02	  1.12e-02	2.04824e-01
  1.64e-02	  1.17e-02	2.05774e-01
  1.64e-02	  1.22e-02	2.05540e-01
  1.64e-02	  1.28e-02	2.05196e-01
  1.64e-02	  1.33e-02	2.04865e-01
  1.64e-02	  1.38e-02	2.04557e-01
  1.64e-02	  1.43e-02	2.04274e-01
  1.64e-02	  1.48e-02	2.04020e-01
  1.64e-02	  1.54e-02	2.03797e-01
  1.64e-02	  1.59e-02	2.03606e-01
  1.64e-02	  1.64e-02	2.03445e-01
  1.64e-02	  1.69e-02	2.03310e-01
  1.64e-02	  1.74e-02	2.03200e-01
  1.64e-02	  1.80e-02	2.03111e-01
  1.64e-02	  1.85e-02	2.03041e-01
  1.64e-02	  1.90e-02	2.02987e-01
  1.64e-02	  1.95e-02	2.02949e-01
  1.64e-02	  2.01e-02	2.02923e-01
  1.64e-02	  2.06e-02	2.02910e-01
  1.64e-02	  2.11e-02	2.02908e-01
  1.64e-02	  2.16e-02	2.02916e-01
  1.64e-02	  2.21e-02	2.02933e-01
  1.64e-02	  2.27e-02	2.02959e-01
  1.64e-02	  2.32e-02	2.02993e-01
  1.64e-02	  2.37e-02	2.03034e-01
  1.64e-02	  2.42e-02	2.03083e-01
  1.64e-02	  2.47e-02	2.03139e-01
  1.64e-02	  2.53e-02	2.03201e-01
  1.64e-02	  2.58e-02	2.03271e-01
  1.64e-02	  2.63e-02	2.03347e-01
  1.64e-02	  2.68e-02	2.03430e-01
  1.64e-02	  2.73e-02	2.03520e-01
  1.64e-02	  2.79e-02	2.03618e-01
  1.64e-02	  2.84e-02	2.03723e-01
  1.64e-02	  2.89e-02	2.03837e-01
  1.64e-02	  2.94e-02	2.03960e-01
  1.64e-02	  2.99e-02	2.04093e-01
  1.64e-02	  3.05e-02	2.04237e-01
  1.64e-02	  3.10e-02	2.04394e-01
  1.64e-02	  3.15e-02	2.04564e-01
  1.64e-02	  3.20e-02	2.04751e-01
  1.64e-02	  3.26e-02	2.04955e-01
  1.64e-02	  3.31e-02	2.05180e-01
  1.64e-02	  3.36e-02	2.05428e-01
  1.64e-02	  3.41e-02	2.05703e-01
  1.64e-02	  3.46e-02	2.06005e-01
  1.64e-02	  3.52e-02	2.06335e-01
  1.64e-02	  3.57e-02	2.06688e-01
  1.64e-02	  3.62e-02	2.07062e-01
  1.64e-02	  3.67e-02	2.07454e-01
  1.64e-02	  3.72e-02	2.07862e-01
  1.64e-02	  3.78e-02	2.08189e-01
  1.64e-02	  3.83e-02	2.07496e-01
  1.64e-02	  3.88e-02	2.00228e-01
  1.64e-02	  3.93e-02	1.72302e-01
  1.64e-02	  3.98e-02	1.17079e-01
  1.64e-02	  4.04e-02	3.78652e-34
  1.64e-02	  4.09e-02	5.67972e-67
  1.64e-02	  4.14e-02	8.51947e-100
  1.64e-02	  4.19e-02	1.27791e-132
  1.64e-02	  4.24e-02	1.91684e-165
  1.64e-02	  4.30e-02	2.87523e-198
  1.64e-02	  4.35e-02	4.31280e-231
  1.64e-02	  4.40e-02	6.46915e-264
  1.64e-02	  4.45e-02	9.70364e-297
  1.64e-02	  4.51e-02	0.00000e+00
  1.64e-02	  4.56e-02	0.00000e+00
  1.64e-02	  4.61e-02	0.00000e+00
  1.64e-02	  4.66e-02	0.00000e+00
  1.64e-02	  4.71e-02	0.00000e+00
  1.64e-02	  4.77e-02	0.00000e+00
  1.64e-02	  4.82e-02	0.00000e+00
  1.64e-02	  4.87e-02	0.00000e+00
  1.64e-02	  4.92e-02	0.00000e+00
  1.64e-02	  4.97e-02	0.00000e+00

  1.72e-02	  2.60e-04	0.00000e+00
  1.72e-02	  7.81e-04	0.00000e+00
  1.72e-02	  1.30e-03	0.00000e+00
  1.72e-02	  1.82e-03	0.00000e+00
  1.72e-02	  2.34e-03	0.00000e+00
  1.72e-02	  2.86e-03	0.00000e+00
  1.72e-02	  3.39e-03	0.00000e+00
  1.72e-02	  3.91e-03	0.00000e+00
  1.72e-02	  4.43e-03	0.00000e+00
  1.72e-02	  4.95e-03	9.06113e-297
  1.72e-02	  5.47e-03	6.04059e-264
  1.72e-02	  5.99e-03	4.02695e-231
  1.72e-02	  6.51e-03	2.68455e-198
  1.72e-02	  7.03e-03	1.78965e-165
  1.72e-02	  7.55e-03	1.19307e-132
  1.72e-02	  8.07e-03	7.95352e-100
  1.72e-02	  8.59e-03	5.30218e-67
  1.72e-02	  9.11e-03	3.53467e-34
  1.72e-02	  9.64e-03	1.10885e-01
  1.72e-02	  1.02e-02	1.65931e-01
  1.72e-02	  1.07e-02	1.95745e-01
  1.72e-02	  1.12e-02	2.04546e-01
  1.72e-02	  1.17e-02	2.05759e-01
  1.72e-02	  1.22e-02	2.05584e-01
  1.72e-02	  1.28e-02	2.05258e-01
  1.72e-02	  1.33e-02	2.04938e-01
  1.72e-02	  1.38e-02	2.04641e-01
  1.72e-02	  1.43e-02	2.04367e-01
  1.72e-02	  1.48e-02	2.04121e-01
  1.72e-02	  1.54e-02	2.03905e-01
  1.72e-02	  1.59e-02	2.03720e-01
  1.72e-02	  1.64e-02	2.03564e-01
  1.72e-02	  1.69e-02	2.03436e-01
  1.72e-02	  1.74e-02	2.03332e-01
  1.72e-02	  1.80e-02	2.03250e-01
  1.72e-02	  1.85e-02	2.03186e-01
  1.72e-02	  1.90e-02	2.03140e-01
  1.72e-02	  1.95e-02	2.03108e-01
  1.72e-02	  2.01e-02	2.03090e-01
  1.72e-02	  2.06e-02	2.03084e-01
  1.72e-02	  2.11e-02	2.03089e-01
  1.72e-02	  2.16e-02	2.03104e-01
  1.72e-02	  2.21e-02	2.03128e-01
  1.72e-02	  2.27e-02	2.03161e-01
  1.72e-02	  2.32e-02	2.03202e-01
  1.72e-02	  2.37e-02	2.03250e-01
  1.72e-02	  2.42e-02	2.03306e-01
  1.72e-02	  2.47e-02	2.03368e-01
  1.72e-02	  2.53e-02	2.03438e-01
  1.72e-02	  2.58e-02	2.03513e-01
  1.72e-02	  2.63e-02	2.03596e-01
  1.72e-02	  2.68e-02	2.03685e-01
  1.72e-02	  2.73e-02	2.03781e-01
  1.72e-02	  2.79e-02	2.03884e-01
  1.72e-02	  2.84e-02	2.03995e-01
  1.72e-02	  2.89e-02	2.04115e-01
  1.72e-02	  2.94e-02	2.04243e-01
  1.72e-02	  2.99e-02	2.04381e-01
  1.72e-02	  3.05e-02	2.04530e-01
  1.72e-02	  3.10e-02	2.04691e-01
  1.72e-02	  3.15e-02	2.04866e-01
  1.72e-02	  3.20e-02	2.05056e-01
  1.72e-02	  3.26e-02	2.05264e-01
  1.72e-02	  3.31e-02	2.05493e-01
  1.72e-02	  3.36e-02	2.05746e-01
  1.72e-02	  3.41e-02	2.06023e-01
  1.72e-02	  3.46e-02	2.06328e-01
  1.72e-02	  3.52e-02	2.06657e-01
  1.72e-02	  3.57e-02	2.07010e-01
  1.72e-02	  3.62e-02	2.07381e-01
  1.72e-02	  3.67e-02	2.07769e-01
  1.72e-02	  3.72e-02	2.08166e-01
  1.72e-02	  3.78e-02	2.08454e-01
  1.72e-02	  3.83e-02	2.07556e-01
  1.72e-02	  3.88e-02	1.99504e-01
  1.72e-02	  3.93e-02	1.70387e-01
  1.72e-02	  3.98e-02	1.15069e-01
  1.72e-02	  4.04e-02	3.70430e-34
  1.72e-02	  4.09e-02	5.55638e-67
  1.72e-02	  4.14e-02	8.33445e-100
  1.72e-02	  4.19e-02	1.25015e-132
  1.72e-02	  4.24e-02	1.87520e-165
  1.72e-02	  4.30e-02	2.81277e-198
  1.72e-02	  4.35e-02	4.21910e-231
  1.72e-02	  4.40e-02	6.32858e-264
  1.72e-02	  4.45e-02	9.49277e-297
  1.72e-02	  4.51e-02	0.00000e+00
  1.72e-02	  4.56e-02	0.00000e+00
  1.72e-02	  4.61e-02	0.00000e+00
  1.72e-02	  4.66e-02	0.00000e+00
  1.72e-02	  4.71e-02	0.00000e+00
  1.72e-02	  4.77e-02	0.00000e+00
  1.72e-02	  4.82e-02	0.00000e+00
  1.72e-02	  4.87e-02	0.00000e+00
  1.72e-02	  4.92e-02	0.00000e+00
  1.72e-02	  4.97e-02	0.00000e+00

  1.80e-02	  2.60e-04	0.00000e+00
  1.80e-02	  7.81e-04	0.00000e+00
  1.80e-02	  1.30e-03	0.00000e+00
  1.80e-02	  1.82e-03	0.00000e+00
  1.80e-02	  2.34e-03	0.00000e+00
  1.80e-02	  2.86e-03	0.00000e+00
  1.80e-02	  3.39e-03	0.00000e+00
  1.80e-02	  3.91e-03	0.00000e+00
  1.80e-02	  4.43e-03	0.00000e+00
  1.80e-02	  4.95e-03	8.81809e-297
  1.80e-02	  5.47e-03	5.87855e-264
  1.80e-02	  5.99e-03	3.91892e-231
  1.80e-02	  6.51e-03	2.61253e-198
  1.80e-02	  7.03e-03	1.74163e-165
  1.80e-02	  7.55e-03	1.16105e-132
  1.80e-02	  8.07e-03	7.74007e-100
  1.80e-02	  8.59e-03	5.15986e-67
  1.80e-02	  9.11e-03	3.43978e-34
  1.80e-02	  9.64e-03	1.08523e-01
  1.80e-02	  1.02e-02	1.63503e-01
  1.80e-02	  1.07e-02	1.94487e-01
  1.80e-02	  1.12e-02	2.04213e-01
  1.80e-02	  1.17e-02	2.05713e-01
  1.80e-02	  1.22e-02	2.05604e-01
  1.80e-02	  1.28e-02	2.05300e-01
  1.80e-02	  1.33e-02	2.04994e-01
  1.80e-02	  1.38e-02	2.04707e-01
  1.80e-02	  1.43e-02	2.04444e-01
  1.80e-02	  1.48e-02	2.04207e-01
  1.80e-02	  1.54e-02	2.03999e-01
  1.80e-02	  1.59e-02	2.03821e-01
  1.80e-02	  1.64e-02	2.03673e-01
  1.80e-02	  1.69e-02	2.03553e-01
  1.80e-02	  1.74e-02	2.03456e-01
  1.80e-02	  1.80e-02	2.03382e-01
  1.80e-02	  1.85e-02	2.03326e-01
  1.80e-02	  1.90e-02	2.03288e-01
  1.80e-02	  1.95e-02	2.03264e-01
  1.80e-02	  2.01e-02	2.03254e-01
  1.80e-02	  2.06e-02	2.03256e-01
  1.80e-02	  2.11e-02	2.03269e-01
  1.80e-02	  2.16e-02	2.03293e-01
  1.80e-02	  2.21e-02	2.03325e-01
  1.80e-02	  2.27e-02	2.03366e-01
  1.80e-02	  2.32e-02	2.03414e-01
  1.80e-02	  2.37e-02	2.03470e-01
  1.80e-02	  2.42e-02	2.03533e-01
  1.80e-02	  2.47e-02	2.03603e-01
  1.80e-02	  2.53e-02	2.03679e-01
  1.80e-02	  2.58e-02	2.03762e-01
  1.80e-02	  2.63e-02	2.03851e-01
  1.80e-02	  2.68e-02	2.03946e-01
  1.80e-02	  2.73e-02	2.04048e-01
  1.80e-02	  2.79e-02	2.04158e-01
  1.80e-02	  2.84e-02	2.04274e-01
  1.80e-02	  2.89e-02	2.04399e-01
  1.80e-02	  2.94e-02	2.04532e-01
  1.80e-02	  2.99e-02	2.04675e-01
  1.80e-02	  3.05e-02	2.04828e-01
  1.80e-02	  3.10e-02	2.04994e-01
  1.80e-02	  3.15e-02	2.05172e-01
  1.80e-02	  3.20e-02	2.05367e-01
  1.80e-02	  3.26e-02	2.05579e-01
  1.80e-02	  3.31e-02	2.05811e-01
  1.80e-02	  3.36e-02	2.06066e-01
  1.80e-02	  3.41e-02	2.06346e-01
  1.80e-02	  3.46e-02	2.06652e-01
  1.80e-02	  3.52e-02	2.06982e-01
  1.80e-02	  3.57e-02	2.07332e-01
  1.80e-02	  3.62e-02	2.07699e-01
  1.80e-02	  3.67e-02	2.08082e-01
  1.80e-02	  3.72e-02	2.08469e-01
  1.80e-02	  3.78e-02	2.08713e-01
  1.80e-02	  3.83e-02	2.07594e-01
  1.80e-02	  3.88e-02	1.98745e-01
  1.80e-02	  3.93e-02	1.68522e-01
  1.80e-02	  3.98e-02	1.13198e-01
  1.80e-02	  4.04e-02	3.62816e-34
  1.80e-02	  4.09e-02	5.44214e-67
  1.80e-02	  4.14e-02	8.16308e-100
  1.80e-02	  4.19e-02	1.22444e-132
  1.80e-02	  4.24e-02	1.83664e-165
  1.80e-02	  4.30e-02	2.75491e-198
  1.80e-02	  4.35e-02	4.13231e-231
  1.80e-02	  4.40e-02	6.19838e-264
  1.80e-02	  4.45e-02	9.29746e-297
  1.80e-02	  4.51e-02	0.00000e+00
  1.80e-02	  4.56e-02	0.00000e+00
  1.80e-02	  4.61e-02	0.00000e+00
  1.80e-02	  4.66e-02	0.00000e+00
  1.80e-02	  4.71e-02	0.00000e+00
  1.80e-02	  4.77e-02	0.00000e+00
  1.80e-02	  4.82e-02	0.00000e+00
  1.80e-02	  4.87e-02	0.00000e+00
  1.80e-02	  4.92e-02	0.00000e+00
  1.80e-02	  4.97e-02	0.00000e+00

  1.88e-02	  2.60e-04	0.00000e+00
  1.88e-02	  7.81e-04	0.00000e+00
  1.88e-02	  1.30e-03	0.00000e+00
  1.88e-02	  1.82e-03	0.00000e+00
  1.88e-02	  2.34e-03	0.00000e+00
  1.88e-02	  2.86e-03	0.00000e+00
  1.88e-02	  3.39e-03	0.00000e+00
  1.88e-02	  3.91e-03	0.00000e+00
  1.88e-02	  4.43e-03	0.00000e+00
  1.88e-02	  4.95e-03	8.58588e-297
  1.88e-02	  5.47e-03	5.72374e-264
  1.88e-02	  5.99e-03	3.81570e-231
  1.88e-02	  6.51e-03	2.54371e-198
  1.88e-02	  7.03e-03	1.69575e-165
  1.88e-02	  7.55e-03	1.13046e-132
  1.88e-02	  8.07e-03	7.53611e-100
  1.88e-02	  8.59e-03	5.02388e-67
  1.88e-02	  9.11e-03	3.34912e-34
  1.88e-02	  9.64e-03	1.06252e-01
  1.88e-02	  1.02e-02	1.61079e-01
  1.88e-02	  1.07e-02	1.93148e-01
  1.88e-02	  1.12e-02	2.03819e-01
  1.88e-02	  1.17e-02	2.05635e-01
  1.88e-02	  1.22e-02	2.05601e-01
  1.88e-02	  1.28e-02	2.05321e-01
  1.88e-02	  1.33e-02	2.05030e-01
  1.88e-02	  1.38e-02	2.04756e-01
  1.88e-02	  1.43e-02	2.04504e-01
  1.88e-02	  1.48e-02	2.04278e-01
  1.88e-02	  1.54e-02	2.04080e-01
  1.88e-02	  1.59e-02	2.03911e-01
  1.88e-02	  1.64e-02	2.03772e-01
  1.88e-02	  1.69e-02	2.03660e-01
  1.88e-02	  1.74e-02	2.03572e-01
  1.88e-02	  1.80e-02	2.03507e-01
  1.88e-02	  1.85e-02	2.03460e-01
  1.88e-02	  1.90e-02	2.03431e-01
  1.88e-02	  1.95e-02	2.03417e-01
  1.88e-02	  2.01e-02	2.03416e-01
  1.88e-02	  2.06e-02	2.03428e-01
  1.88e-02	  2.11e-02	2.03450e-01
  1.88e-02	  2.16e-02	2.03482e-01
  1.88e-02	  2.21e-02	2.03523e-01
  1.88e-02	  2.27e-02	2.03573e-01
  1.88e-02	  2.32e-02	2.03630e-01
  1.88e-02	  2.37e-02	2.03695e-01
  1.88e-02	  2.42e-02	2.03766e-01
  1.88e-02	  2.47e-02	2.03843e-01
  1.88e-02	  2.53e-02	2.03927e-01
  1.88e-02	  2.58e-02	2.04017e-01
  1.88e-02	  2.63e-02	2.04113e-01
  1.88e-02	  2.68e-02	2.04215e-01
  1.88e-02	  2.73e-02	2.04323e-01
  1.88e-02	  2.79e-02	2.04438e-01
  1.88e-02	  2.84e-02	2.04560e-01
  1.88e-02	  2.89e-02	2.04690e-01
  1.88e-02	  2.94e-02	2.04828e-01
  1.88e-02	  2.99e-02	2.04976e-01
  1.88e-02	  3.05e-02	2.05134e-01
  1.88e-02	  3.10e-02	2.05303e-01
  1.88e-02	  3.15e-02	2.05486e-01
  1.88e-02	  3.20e-02	2.05683e-01
  1.88e-02	  3.26e-02	2.05899e-01
  1.88e-02	  3.31e-02	2.06134e-01
  1.88e-02	  3.36e-02	2.06391e-01
  1.88e-02	  3.41e-02	2.06673e-01
  1.88e-02	  3.46e-02	2.06979e-01
  1.88e-02	  3.52e-02	2.07308e-01
  1.88e-02	  3.57e-02	2.07656e-01
  1.88e-02	  3.62e-02	2.08019e-01
  1.88e-02	  3.67e-02	2.08396e-01
  1.88e-02	  3.72e-02	2.08770e-01
  1.88e-02	  3.78e-02	2.08965e-01
  1.88e-02	  3.83e-02	2.07612e-01
  1.88e-02	  3.88e-02	1.97956e-01
  1.88e-02	  3.93e-02	1.66712e-01
  1.88e-02	  3.98e-02	1.11456e-01
  1.88e-02	  4.04e-02	3.55765e-34
  1.88e-02	  4.09e-02	5.33636e-67
  1.88e-02	  4.14e-02	8.00439e-100
  1.88e-02	  4.19e-02	1.20064e-132
  1.88e-02	  4.24e-02	1.80092e-165
  1.88e-02	  4.30e-02	2.70134e-198
  1.88e-02	  4.35e-02	4.05194e-231
  1.88e-02	  4.40e-02	6.07781e-264
  1.88e-02	  4.45e-02	9.11658e-297
  1.88e-02	  4.51e-02	0.00000e+00
  1.88e-02	  4.56e-02	0.00000e+00
  1.88e-02	  4.61e-02	0.00000e+00
  1.88e-02	  4.66e-02	0.00000e+00
  1.88e-02	  4.71e-02	0.00000e+00
  1.88e-02	  4.77e-02	0.00000e+00
  1.88e-02	  4.82e-02	0.00000e+00
  1.88e-02	  4.87e-02	0.00000e+00
  1.88e-02	  4.92e-02	0.00000e+00
  1.88e-02	  4.97e-02	0.00000e+00

  1.95e-02	  2.60e-04	0.00000e+00
  1.95e-02	  7.81e-04	0.00000e+00
  1.95e-02	  1.30e-03	0.00000e+00
  1.95e-02	  1.82e-03	0.00000e+00
  1.95e-02	  2.34e-03	0.00000e+00
  1.95e-02	  2.86e-03	0.00000e+00
  1.95e-02	  3.39e-03	0.00000e+00
  1.95e-02	  3.91e-03	0.00000e+00
  1.95e-02	  4.43e-03	0.00000e+00
  1.95e-02	  4.95e-03	8.36319e-297
  1.95e-02	  5.47e-03	5.57527e-264
  1.95e-02	  5.99e-03	3.71671e-231
  1.95e-02	  6.51e-03	2.47772e-198
  1.95e-02	  7.03e-03	1.65175e-165
  1.95e-02	  7.55e-03	1.10112e-132
  1.95e-02	  8.07e-03	7.34051e-100
  1.95e-02	  8.59e-03	4.89346e-67
  1.95e-02	  9.11e-03	3.26217e-34
  1.95e-02	  9.64e-03	1.04059e-01
  1.95e-02	  1.02e-02	1.58660e-01
  1.95e-02	  1.07e-02	1.91727e-01
  1.95e-02	  1.12e-02	2.03363e-01
  1.95e-02	  1.17e-02	2.05522e-01
  1.95e-02	  1.22e-02	2.05573e-01
  1.95e-02	  1.28e-02	2.05321e-01
  1.95e-02	  1.33e-02	2.05047e-01
  1.95e-02	  1.38e-02	2.04787e-01
  1.95e-02	  1.43e-02	2.04548e-01
  1.95e-02	  1.48e-02	2.04333e-01
  1.95e-02	  1.54e-02	2.04146e-01
  1.95e-02	  1.59e-02	2.03988e-01
  1.95e-02	  1.64e-02	2.03859e-01
  1.95e-02	  1.69e-02	2.03758e-01
  1.95e-02	  1.74e-02	2.03680e-01
  1.95e-02	  1.80e-02	2.03625e-01
  1.95e-02	  1.85e-02	2.03589e-01
  1.95e-02	  1.90e-02	2.03570e-01
  1.95e-02	  1.95e-02	2.03567e-01
  1.95e-02	  2.01e-02	2.03576e-01
  1.95e-02	  2.06e-02	2.03598e-01
  1.95e-02	  2.11e-02	2.03631e-01
  1.95e-02	  2.16e-02	2.03673e-01
  1.95e-02	  2.21e-02	2.03724e-01
  1.95e-02	  2.27e-02	2.03784e-01
  1.95e-02	  2.32e-02	2.03850e-01
  1.95e-02	  2.37e-02	2.03924e-01
  1.95e-02	  2.42e-02	2.04003e-01
  1.95e-02	  2.47e-02	2.04089e-01
  1.95e-02	  2.53e-02	2.04181e-01
  1.95e-02	  2.58e-02	2.04279e-01
  1.95e-02	  2.63e-02	2.04382e-01
  1.95e-02	  2.68e-02	2.04491e-01
  1.95e-02	  2.73e-02	2.04606e-01
  1.95e-02	  2.79e-02	2.04727e-01
  1.95e-02	  2.84e-02	2.04855e-01
  1.95e-02	  2.89e-02	2.04990e-01
  1.95e-02	  2.94e-02	2.05133e-01
  1.95e-02	  2.99e-02	2.05285e-01
  1.95e-02	  3.05e-02	2.05447e-01
  1.95e-02	  3.10e-02	2.05620e-01
  1.95e-02	  3.15e-02	2.05806e-01
  1.95e-02	  3.20e-02	2.06007e-01
  1.95e-02	  3.26e-02	2.06225e-01
  1.95e-02	  3.31e-02	2.06462e-01
  1.95e-02	  3.36e-02	2.06721e-01
  1.95e-02	  3.41e-02	2.07004e-01
  1.95e-02	  3.46e-02	2.07310e-01
  1.95e-02	  3.52e-02	2.07637e-01
  1.95e-02	  3.57e-02	2.07981e-01
  1.95e-02	  3.62e-02	2.08340e-01
  1.95e-02	  3.67e-02	2.08710e-01
  1.95e-02	  3.72e-02	2.09070e-01
  1.95e-02	  3.78e-02	2.09212e-01
  1.95e-02	  3.83e-02	2.07608e-01
  1.95e-02	  3.88e-02	1.97141e-01
  1.95e-02	  3.93e-02	1.64960e-01
  1.95e-02	  3.98e-02	1.09836e-01
  1.95e-02	  4.04e-02	3.49235e-34
  1.95e-02	  4.09e-02	5.23841e-67
  1.95e-02	  4.14e-02	7.85744e-100
  1.95e-02	  4.19e-02	1.17859e-132
  1.95e-02	  4.24e-02	1.76785e-165
  1.95e-02	  4.30e-02	2.65172e-198
  1.95e-02	  4.35e-02	3.97751e-231
  1.95e-02	  4.40e-02	5.96615e-264
  1.95e-02	  4.45e-02	8.94907e-297
  1.95e-02	  4.51e-02	0.00000e+00
  1.95e-02	  4.56e-02	0.00000e+00
  1.95e-02	  4.61e-02	0.00000e+00
  1.95e-02	  4.66e-02	0.00000e+00
  1.95e-02	  4.71e-02	0.00000e+00
  1.95e-02	  4.77e-02	0.00000e+00
  1.95e-02	  4.82e-02	0.00000e+00
  1.95e-02	  4.87e-02	0.00000e+00
  1.95e-02	  4.92e-02	0.00000e+00
  1.95e-02	  4.97e-02	0.00000e+00

  2.03e-02	  2.60e-04	0.00000e+00
  2.03e-02	  7.81e-04	0.00000e+00
  2.03e-02	  1.30e-03	0.00000e+00
  2.03e-02	  1.82e-03	0.00000e+00
  2.03e-02	  2.34e-03	0.00000e+00
  2.03e-02	  2.86e-03	0.00000e+00
  2.03e-02	  3.39e-03	0.00000e+00
  2.03e-02	  3.91e-03	0.00000e+00
  2.03e-02	  4.43e-03	0.00000e+00
  2.03e-02	  4.95e-03	8.14873e-297
  2.03e-02	  5.47e-03	5.43228e-264
  2.03e-02	  5.99e-03	3.62138e-231
  2.03e-02	  6.51e-03	2.41416e-198
  2.03e-02	  7.03e-03	1.60937e-165
  2.03e-02	  7.55e-03	1.07287e-132
  2.03e-02	  8.07e-03	7.15213e-100
  2.03e-02	  8.59e-03	4.76786e-67
  2.03e-02	  9.11e-03	3.17842e-34
  2.03e-02	  9.64e-03	1.01934e-01
  2.03e-02	  1.02e-02	1.56244e-01
  2.03e-02	  1.07e-02	1.90221e-01
  2.03e-02	  1.12e-02	2.02840e-01
  2.03e-02	  1.17e-02	2.05371e-01
  2.03e-02	  1.22e-02	2.05519e-01
  2.03e-02	  1.28e-02	2.05299e-01
  2.03e-02	  1.33e-02	2.05043e-01
  2.03e-02	  1.38e-02	2.04798e-01
  2.03e-02	  1.43e-02	2.04574e-01
  2.03e-02	  1.48e-02	2.04373e-01
  2.03e-02	  1.54e-02	2.04198e-01
  2.03e-02	  1.59e-02	2.04053e-01
  2.03e-02	  1.64e-02	2.03935e-01
  2.03e-02	  1.69e-02	2.03845e-01
  2.03e-02	  1.74e-02	2.03780e-01
  2.03e-02	  1.80e-02	2.03736e-01
  2.03e-02	  1.85e-02	2.03712e-01
  2.03e-02	  1.90e-02	2.03705e-01
  2.03e-02	  1.95e-02	2.03714e-01
  2.03e-02	  2.01e-02	2.03735e-01
  2.03e-02	  2.06e-02	2.03769e-01
  2.03e-02	  2.11e-02	2.03813e-01
  2.03e-02	  2.16e-02	2.03866e-01
  2.03e-02	  2.21e-02	2.03928e-01
  2.03e-02	  2.27e-02	2.03998e-01
  2.03e-02	  2.32e-02	2.04075e-01
  2.03e-02	  2.37e-02	2.04158e-01
  2.03e-02	  2.42e-02	2.04248e-01
  2.03e-02	  2.47e-02	2.04343e-01
  2.03e-02	  2.53e-02	2.04443e-01
  2.03e-02	  2.58e-02	2.04549e-01
  2.03e-02	  2.63e-02	2.04660e-01
  2.03e-02	  2.68e-02	2.04776e-01
  2.03e-02	  2.73e-02	2.04898e-01
  2.03e-02	  2.79e-02	2.05025e-01
  2.03e-02	  2.84e-02	2.05159e-01
  2.03e-02	  2.89e-02	2.05299e-01
  2.03e-02	  2.94e-02	2.05447e-01
  2.03e-02	  2.99e-02	2.05603e-01
  2.03e-02	  3.05e-02	2.05769e-01
  2.03e-02	  3.10e-02	2.05945e-01
  2.03e-02	  3.15e-02	2.06134e-01
  2.03e-02	  3.20e-02	2.06337e-01
  2.03e-02	  3.26e-02	2.06557e-01
  2.03e-02	  3.31e-02	2.06797e-01
  2.03e-02	  3.36e-02	2.07057e-01
  2.03e-02	  3.41e-02	2.07339e-01
  2.03e-02	  3.46e-02	2.07644e-01
  2.03e-02	  3.52e-02	2.07969e-01
  2.03e-02	  3.57e-02	2.08309e-01
  2.03e-02	  3.62e-02	2.08663e-01
  2.03e-02	  3.67e-02	2.09026e-01
  2.03e-02	  3.72e-02	2.09369e-01
  2.03e-02	  3.78e-02	2.09453e-01
  2.03e-02	  3.83e-02	2.07584e-01
  2.03e-02	  3.88e-02	1.96303e-01
  2.03e-02	  3.93e-02	1.63270e-01
  2.03e-02	  3.98e-02	1.08329e-01
  2.03e-02	  4.04e-02	3.43186e-34
  2.03e-02	  4.09e-02	5.14766e-67
  2.03e-02	  4.14e-02	7.72130e-100
  2.03e-02	  4.19e-02	1.15817e-132
  2.03e-02	  4.24e-02	1.73721e-165
  2.03e-02	  4.30e-02	2.60576e-198
  2.03e-02	  4.35e-02	3.90855e-231
  2.03e-02	  4.40e-02	5.86270e-264
  2.03e-02	  4.45e-02	8.79387e-297
  2.03e-02	  4.51e-02	0.00000e+00
  2.03e-02	  4.56e-02	0.00000e+00
  2.03e-02	  4.61e-02	0.00000e+00
  2.03e-02	  4.66e-02	0.00000e+00
  2.03e-02	  4.71e-02	0.00000e+00
  2.03e-02	  4.77e-02	0.00000e+00
  2.03e-02	  4.82e-02	0.00000e+00
  2.03e-02	  4.87e-02	0.00000e+00
  2.03e-02	  4.92e-02	0.00000e+00
  2.03e-02	  4.97e-02	0.00000e+00

  2.11e-02	  2.60e-04	0.00000e+00
  2.11e-02	  7.81e-04	0.00000e+00
  2.11e-02	  1.30e-03	0.00000e+00
  2.11e-02	  1.82e-03	0.00000e+00
  2.11e-02	  2.34e-03	0.00000e+00
  2.11e-02	  2.86e-03	0.00000e+00
  2.11e-02	  3.39e-03	0.00000e+00
  2.11e-02	  3.91e-03	0.00000e+00
  2.11e-02	  4.43e-03	0.00000e+00
  2.11e-02	  4.95e-03	7.94124e-297
  2.11e-02	  5.47e-03	5.29394e-264
  2.11e-02	  5.99e-03	3.52915e-231
  2.11e-02	  6.51e-03	2.35266e-198
  2.11e-02	  7.03e-03	1.56837e-165
  2.11e-02	  7.55e-03	1.04553e-132
  2.11e-02	  8.07e-03	6.96985e-100
  2.11e-02	  8.59e-03	4.64633e-67
  2.11e-02	  9.11e-03	3.09739e-34
  2.11e-02	  9.64e-03	9.98638e-02
  2.11e-02	  1.02e-02	1.53832e-01
  2.11e-02	  1.07e-02	1.88632e-01
  2.11e-02	  1.12e-02	2.02246e-01
  2.11e-02	  1.17e-02	2.05180e-01
  2.11e-02	  1.22e-02	2.05437e-01
  2.11e-02	  1.28e-02	2.05253e-01
  2.11e-02	  1.33e-02	2.05017e-01
  2.11e-02	  1.38e-02	2.04790e-01
  2.11e-02	  1.43e-02	2.04581e-01
  2.11e-02	  1.48e-02	2.04395e-01
  2.11e-02	  1.54e-02	2.04236e-01
  2.11e-02	  1.59e-02	2.04104e-01
  2.11e-02	  1.64e-02	2.04000e-01
  2.11e-02	  1.69e-02	2.03923e-01
  2.11e-02	  1.74e-02	2.03871e-01
  2.11e-02	  1.80e-02	2.03841e-01
  2.11e-02	  1.85e-02	2.03830e-01
  2.11e-02	  1.90e-02	2.03837e-01
  2.11e-02	  1.95e-02	2.03858e-01
  2.11e-02	  2.01e-02	2.03893e-01
  2.11e-02	  2.06e-02	2.03939e-01
  2.11e-02	  2.11e-02	2.03996e-01
  2.11e-02	  2.16e-02	2.04062e-01
  2.11e-02	  2.21e-02	2.04136e-01
  2.11e-02	  2.27e-02	2.04217e-01
  2.11e-02	  2.32e-02	2.04306e-01
  2.11e-02	  2.37e-02	2.04400e-01
  2.11e-02	  2.42e-02	2.04499e-01
  2.11e-02	  2.47e-02	2.04604e-01
  2.11e-02	  2.53e-02	2.04714e-01
  2.11e-02	  2.58e-02	2.04828e-01
  2.11e-02	  2.63e-02	2.04947e-01
  2.11e-02	  2.68e-02	2.05071e-01
  2.11e-02	  2.73e-02	2.05200e-01
  2.11e-02	  2.79e-02	2.05334e-01
  2.11e-02	  2.84e-02	2.05473e-01
  2.11e-02	  2.89e-02	2.05619e-01
  2.11e-02	  2.94e-02	2.05771e-01
  2.11e-02	  2.99e-02	2.05931e-01
  2.11e-02	  3.05e-02	2.06100e-01
  2.11e-02	  3.10e-02	2.06280e-01
  2.11e-02	  3.15e-02	2.06471e-01
  2.11e-02	  3.20e-02	2.06677e-01
  2.11e-02	  3.26e-02	2.06898e-01
  2.11e-02	  3.31e-02	2.07138e-01
  2.11e-02	  3.36e-02	2.07399e-01
  2.11e-02	  3.41e-02	2.07681e-01
  2.11e-02	  3.46e-02	2.07983e-01
  2.11e-02	  3.52e-02	2.08305e-01
  2.11e-02	  3.57e-02	2.08641e-01
  2.11e-02	  3.62e-02	2.08988e-01
  2.11e-02	  3.67e-02	2.09342e-01
  2.11e-02	  3.72e-02	2.09668e-01
  2.11e-02	  3.78e-02	2.09688e-01
  2.11e-02	  3.83e-02	2.07540e-01
  2.11e-02	  3.88e-02	1.95446e-01
  2.11e-02	  3.93e-02	1.61644e-01
  2.11e-02	  3.98e-02	1.06925e-01
  2.11e-02	  4.04e-02	3.37578e-34
  2.11e-02	  4.09e-02	5.06353e-67
  2.11e-02	  4.14e-02	7.59509e-100
  2.11e-02	  4.19e-02	1.13923e-132
  2.11e-02	  4.24e-02	1.70880e-165
  2.11e-02	  4.30e-02	2.56314e-198
  2.11e-02	  4.35e-02	3.84461e-231
  2.11e-02	  4.40e-02	5.76678e-264
  2.11e-02	  4.45e-02	8.64997e-297
  2.11e-02	  4.51e-02	0.00000e+00
  2.11e-02	  4.56e-02	0.00000e+00
  2.11e-02	  4.61e-02	0.00000e+00
  2.11e-02	  4.66e-02	0.00000e+00
  2.11e-02	  4.71e-02	0.00000e+00
  2.11e-02	  4.77e-02	0.00000e+00
  2.11e-02	  4.82e-02	0.00000e+00
  2.11e-02	  4.87e-02	0.00000e+00
  2.11e-02	  4.92e-02	0.00000e+00
  2.11e-02	  4.97e-02	0.00000e+00

  2.19e-02	  2.60e-04	0.00000e+00
  2.19e-02	  7.81e-04	0.00000e+00
  2.19e-02	  1.30e-03	0.00000e+00
  2.19e-02	  1.82e-03	0.00000e+00
  2.19e-02	  2.34e-03	0.00000e+00
  2.19e-02	  2.86e-03	0.00000e+00
  2.19e-02	  3.39e-03	0.00000e+00
  2.19e-02	  3.91e-03	0.00000e+00
  2.19e-02	  4.43e-03	0.00000e+00
  2.19e-02	  4.95e-03	7.73947e-297
  2.19e-02	  5.47e-03	5.15942e-264
  2.19e-02	  5.99e-03	3.43945e-231
  2.19e-02	  6.51e-03	2.29286e-198
  2.19e-02	  7.03e-03	1.52850e-165
  2.19e-02	  7.55e-03	1.01894e-132
  2.19e-02	  8.07e-03	6.79259e-100
  2.19e-02	  8.59e-03	4.52814e-67
  2.19e-02	  9.11e-03	3.01858e-34
  2.19e-02	  9.64e-03	9.78382e-02
  2.19e-02	  1.02e-02	1.51418e-01
  2.19e-02	  1.07e-02	1.86955e-01
  2.19e-02	  1.12e-02	2.01576e-01
  2.19e-02	  1.17e-02	2.04946e-01
  2.19e-02	  1.22e-02	2.05325e-01
  2.19e-02	  1.28e-02	2.05181e-01
  2.19e-02	  1.33e-02	2.04969e-01
  2.19e-02	  1.38e-02	2.04761e-01
  2.19e-02	  1.43e-02	2.04570e-01
  2.19e-02	  1.48e-02	2.04401e-01
  2.19e-02	  1.54e-02	2.04258e-01
  2.19e-02	  1.59e-02	2.04141e-01
  2.19e-02	  1.64e-02	2.04053e-01
  2.19e-02	  1.69e-02	2.03991e-01
  2.19e-02	  1.74e-02	2.03954e-01
  2.19e-02	  1.80e-02	2.03939e-01
  2.19e-02	  1.85e-02	2.03944e-01
  2.19e-02	  1.90e-02	2.03965e-01
  2.19e-02	  1.95e-02	2.04001e-01
  2.19e-02	  2.01e-02	2.04050e-01
  2.19e-02	  2.06e-02	2.04111e-01
  2.19e-02	  2.11e-02	2.04182e-01
  2.19e-02	  2.16e-02	2.04261e-01
  2.19e-02	  2.21e-02	2.04348e-01
  2.19e-02	  2.27e-02	2.04443e-01
  2.19e-02	  2.32e-02	2.04543e-01
  2.19e-02	  2.37e-02	2.04649e-01
  2.19e-02	  2.42e-02	2.04759e-01
  2.19e-02	  2.47e-02	2.04875e-01
  2.19e-02	  2.53e-02	2.04994e-01
  2.19e-02	  2.58e-02	2.05118e-01
  2.19e-02	  2.63e-02	2.05246e-01
  2.19e-02	  2.68e-02	2.05378e-01
  2.19e-02	  2.73e-02	2.05513e-01
  2.19e-02	  2.79e-02	2.05654e-01
  2.19e-02	  2.84e-02	2.05799e-01
  2.19e-02	  2.89e-02	2.05950e-01
  2.19e-02	  2.94e-02	2.06107e-01
  2.19e-02	  2.99e-02	2.06271e-01
  2.19e-02	  3.05e-02	2.06443e-01
  2.19e-02	  3.10e-02	2.06626e-01
  2.19e-02	  3.15e-02	2.06819e-01
  2.19e-02	  3.20e-02	2.07026e-01
  2.19e-02	  3.26e-02	2.07248e-01
  2.19e-02	  3.31e-02	2.07488e-01
  2.19e-02	  3.36e-02	2.07748e-01
  2.19e-02	  3.41e-02	2.08029e-01
  2.19e-02	  3.46e-02	2.08328e-01
  2.19e-02	  3.52e-02	2.08645e-01
  2.19e-02	  3.57e-02	2.08976e-01
  2.19e-02	  3.62e-02	2.09316e-01
  2.19e-02	  3.67e-02	2.09660e-01
  2.19e-02	  3.72e-02	2.09966e-01
  2.19e-02	  3.78e-02	2.09917e-01
  2.19e-02	  3.83e-02	2.07475e-01
  2.19e-02	  3.88e-02	1.94573e-01
  2.19e-02	  3.93e-02	1.60081e-01
  2.19e-02	  3.98e-02	1.05617e-01
  2.19e-02	  4.04e-02	3.32374e-34
  2.19e-02	  4.09e-02	4.98545e-67
  2.19e-02	  4.14e-02	7.47794e-100
  2.19e-02	  4.19e-02	1.12166e-132
  2.19e-02	  4.24e-02	1.68244e-165
  2.19e-02	  4.30e-02	2.52358e-198
  2.19e-02	  4.35e-02	3.78527e-231
  2.19e-02	  4.40e-02	5.67775e-264
  2.19e-02	  4.45e-02	8.51640e-297
  2.19e-02	  4.51e-02	0.00000e+00
  2.19e-02	  4.56e-02	0.00000e+00
  2.19e-02	  4.61e-02	0.00000e+00
  2.19e-02	  4.66e-02	0.00000e+00
  2.19e-02	  4.71e-02	0.00000e+00
  2.19e-02	  4.77e-02	0.00000e+00
  2.19e-02	  4.82e-02	0.00000e+00
  2.19e-02	  4.87e-02	0.00000e+00
  2.19e-02	  4.92e-02	0.00000e+00
  2.19e-02	  4.97e-02	0.00000e+00

  2.27e-02	  2.60e-04	0.00000e+00
  2.27e-02	  7.81e-04	0.00000e+00
  2.27e-02	  1.30e-03	0.00000e+00
  2.27e-02	  1.82e-03	0.00000e+00
  2.27e-02	  2.34e-03	0.00000e+00
  2.27e-02	  2.86e-03	0.00000e+00
  2.27e-02	  3.39e-03	0.00000e+00
  2.27e-02	  3.91e-03	0.00000e+00
  2.27e-02	  4.43e-03	0.00000e+00
  2.27e-02	  4.95e-03	7.54218e-297
  2.27e-02	  5.47e-03	5.02788e-264
  2.27e-02	  5.99e-03	3.35175e-231
  2.27e-02	  6.51e-03	2.23438e-198
  2.27e-02	  7.03e-03	1.48951e-165
  2.27e-02	  7.55e-03	9.92949e-133
  2.27e-02	  8.07e-03	6.61926e-100
  2.27e-02	  8.59e-03	4.41257e-67
  2.27e-02	  9.11e-03	2.94152e-34
  2.27e-02	  9.64e-03	9.58449e-02
  2.27e-02	  1.02e-02	1.48998e-01
  2.27e-02	  1.07e-02	1.85188e-01
  2.27e-02	  1.12e-02	2.00824e-01
  2.27e-02	  1.17e-02	2.04665e-01
  2.27e-02	  1.22e-02	2.05181e-01
  2.27e-02	  1.28e-02	2.05084e-01
  2.27e-02	  1.33e-02	2.04898e-01
  2.27e-02	  1.38e-02	2.04711e-01
  2.27e-02	  1.43e-02	2.04539e-01
  2.27e-02	  1.48e-02	2.04389e-01
  2.27e-02	  1.54e-02	2.04264e-01
  2.27e-02	  1.59e-02	2.04165e-01
  2.27e-02	  1.64e-02	2.04094e-01
  2.27e-02	  1.69e-02	2.04050e-01
  2.27e-02	  1.74e-02	2.04029e-01
  2.27e-02	  1.80e-02	2.04031e-01
  2.27e-02	  1.85e-02	2.04052e-01
  2.27e-02	  1.90e-02	2.04090e-01
  2.27e-02	  1.95e-02	2.04143e-01
  2.27e-02	  2.01e-02	2.04208e-01
  2.27e-02	  2.06e-02	2.04284e-01
  2.27e-02	  2.11e-02	2.04370e-01
  2.27e-02	  2.16e-02	2.04465e-01
  2.27e-02	  2.21e-02	2.04566e-01
  2.27e-02	  2.27e-02	2.04675e-01
  2.27e-02	  2.32e-02	2.04788e-01
  2.27e-02	  2.37e-02	2.04907e-01
  2.27e-02	  2.42e-02	2.05030e-01
  2.27e-02	  2.47e-02	2.05156e-01
  2.27e-02	  2.53e-02	2.05286e-01
  2.27e-02	  2.58e-02	2.05420e-01
  2.27e-02	  2.63e-02	2.05557e-01
  2.27e-02	  2.68e-02	2.05697e-01
  2.27e-02	  2.73e-02	2.05840e-01
  2.27e-02	  2.79e-02	2.05987e-01
  2.27e-02	  2.84e-02	2.06139e-01
  2.27e-02	  2.89e-02	2.06295e-01
  2.27e-02	  2.94e-02	2.06456e-01
  2.27e-02	  2.99e-02	2.06624e-01
  2.27e-02	  3.05e-02	2.06799e-01
  2.27e-02	  3.10e-02	2.06983e-01
  2.27e-02	  3.15e-02	2.07178e-01
  2.27e-02	  3.20e-02	2.07386e-01
  2.27e-02	  3.26e-02	2.07609e-01
  2.27e-02	  3.31e-02	2.07848e-01
  2.27e-02	  3.36e-02	2.08106e-01
  2.27e-02	  3.41e-02	2.08384e-01
  2.27e-02	  3.46e-02	2.08680e-01
  2.27e-02	  3.52e-02	2.08991e-01
  2.27e-02	  3.57e-02	2.09315e-01
  2.27e-02	  3.62e-02	2.09648e-01
  2.27e-02	  3.67e-02	2.09981e-01
  2.27e-02	  3.72e-02	2.10264e-01
  2.27e-02	  3.78e-02	2.10140e-01
  2.27e-02	  3.83e-02	2.07391e-01
  2.27e-02	  3.88e-02	1.93687e-01
  2.27e-02	  3.93e-02	1.58581e-01
  2.27e-02	  3.98e-02	1.04397e-01
  2.27e-02	  4.04e-02	3.27535e-34
  2.27e-02	  4.09e-02	4.91285e-67
  2.27e-02	  4.14e-02	7.36903e-100
  2.27e-02	  4.19e-02	1.10532e-132
  2.27e-02	  4.24e-02	1.65792e-165
  2.27e-02	  4.30e-02	2.48680e-198
  2.27e-02	  4.35e-02	3.73008e-231
  2.27e-02	  4.40e-02	5.59496e-264
  2.27e-02	  4.45e-02	8.39219e-297
  2.27e-02	  4.51e-02	0.00000e+00
  2.27e-02	  4.56e-02	0.00000e+00
  2.27e-02	  4.61e-02	0.00000e+00
  2.27e-02	  4.66e-02	0.00000e+00
  2.27e-02	  4.71e-02	0.00000e+00
  2.27e-02	  4.77e-02	0.00000e+00
  2.27e-02	  4.82e-02	0.00000e+00
  2.27e-02	  4.87e-02	0.00000e+00
  2.27e-02	  4.92e-02	0.00000e+00
  2.27e-02	  4.97e-02	0.00000e+00

  2.34e-02	  2.60e-04	0.00000e+00
  2.34e-02	  7.81e-04	0.00000e+00
  2.34e-02	  1.30e-03	0.00000e+00
  2.34e-02	  1.82e-03	0.00000e+00
  2.34e-02	  2.34e-03	0.00000e+00
  2.34e-02	  2.86e-03	0.00000e+00
  2.34e-02	  3.39e-03	0.00000e+00
  2.34e-02	  3.91e-03	0.00000e+00
  2.34e-02	  4.43e-03	0.00000e+00
  2.34e-02	  4.95e-03	7.34814e-297
  2.34e-02	  5.47e-03	4.89851e-264
  2.34e-02	  5.99e-03	3.26549e-231
  2.34e-02	  6.51e-03	2.17687e-198
  2.34e-02	  7.03e-03	1.45116e-165
  2.34e-02	  7.55e-03	9.67381e-133
  2.34e-02	  8.07e-03	6.44878e-100
  2.34e-02	  8.59e-03	4.29889e-67
  2.34e-02	  9.11e-03	2.86572e-34
  2.34e-02	  9.64e-03	9.38719e-02
  2.34e-02	  1.02e-02	1.46568e-01
  2.34e-02	  1.07e-02	1.83327e-01
  2.34e-02	  1.12e-02	1.99984e-01
  2.34e-02	  1.17e-02	2.04332e-01
  2.34e-02	  1.22e-02	2.05002e-01
  2.34e-02	  1.28e-02	2.04958e-01
  2.34e-02	  1.33e-02	2.04801e-01
  2.34e-02	  1.38e-02	2.04638e-01
  2.34e-02	  1.43e-02	2.04488e-01
  2.34e-02	  1.48e-02	2.04359e-01
  2.34e-02	  1.54e-02	2.04254e-01
  2.34e-02	  1.59e-02	2.04176e-01
  2.34e-02	  1.64e-02	2.04124e-01
  2.34e-02	  1.69e-02	2.04098e-01
  2.34e-02	  1.74e-02	2.04097e-01
  2.34e-02	  1.80e-02	2.04117e-01
  2.34e-02	  1.85e-02	2.04157e-01
  2.34e-02	  1.90e-02	2.04213e-01
  2.34e-02	  1.95e-02	2.04284e-01
  2.34e-02	  2.01e-02	2.04367e-01
  2.34e-02	  2.06e-02	2.04460e-01
  2.34e-02	  2.11e-02	2.04563e-01
  2.34e-02	  2.16e-02	2.04674e-01
  2.34e-02	  2.21e-02	2.04792e-01
  2.34e-02	  2.27e-02	2.04915e-01
  2.34e-02	  2.32e-02	2.05043e-01
  2.34e-02	  2.37e-02	2.05175e-01
  2.34e-02	  2.42e-02	2.05311e-01
  2.34e-02	  2.47e-02	2.05450e-01
  2.34e-02	  2.53e-02	2.05592e-01
  2.34e-02	  2.58e-02	2.05736e-01
  2.34e-02	  2.63e-02	2.05882e-01
  2.34e-02	  2.68e-02	2.06031e-01
  2.34e-02	  2.73e-02	2.06182e-01
  2.34e-02	  2.79e-02	2.06336e-01
  2.34e-02	  2.84e-02	2.06494e-01
  2.34e-02	  2.89e-02	2.06655e-01
  2.34e-02	  2.94e-02	2.06820e-01
  2.34e-02	  2.99e-02	2.06991e-01
  2.34e-02	  3.05e-02	2.07169e-01
  2.34e-02	  3.10e-02	2.07355e-01
  2.34e-02	  3.15e-02	2.07551e-01
  2.34e-02	  3.20e-02	2.07759e-01
  2.34e-02	  3.26e-02	2.07981e-01
  2.34e-02	  3.31e-02	2.08219e-01
  2.34e-02	  3.36e-02	2.08474e-01
  2.34e-02	  3.41e-02	2.08748e-01
  2.34e-02	  3.46e-02	2.09039e-01
  2.34e-02	  3.52e-02	2.09344e-01
  2.34e-02	  3.57e-02	2.09660e-01
  2.34e-02	  3.62e-02	2.09983e-01
  2.34e-02	  3.67e-02	2.10303e-01
  2.34e-02	  3.72e-02	2.10562e-01
  2.34e-02	  3.78e-02	2.10356e-01
  2.34e-02	  3.83e-02	2.07286e-01
  2.34e-02	  3.88e-02	1.92790e-01
  2.34e-02	  3.93e-02	1.57144e-01
  2.34e-02	  3.98e-02	1.03255e-01
  2.34e-02	  4.04e-02	3.23025e-34
  2.34e-02	  4.09e-02	4.84519e-67
  2.34e-02	  4.14e-02	7.26751e-100
  2.34e-02	  4.19e-02	1.09009e-132
  2.34e-02	  4.24e-02	1.63507e-165
  2.34e-02	  4.30e-02	2.45252e-198
  2.34e-02	  4.35e-02	3.67864e-231
  2.34e-02	  4.40e-02	5.51778e-264
  2.34e-02	  4.45e-02	8.27639e-297
  2.34e-02	  4.51e-02	0.00000e+00
  2.34e-02	  4.56e-02	0.00000e+00
  2.34e-02	  4.61e-02	0.00000e+00
  2.34e-02	  4.66e-02	0.00000e+00
  2.34e-02	  4.71e-02	0.00000e+00
  2.34e-02	  4.77e-02	0.00000e+00
  2.34e-02	  4.82e-02	0.00000e+00
  2.34e-02	  4.87e-02	0.00000e+00
  2.34e-02	  4.92e-02	0.00000e+00
  2.34e-02	  4.97e-02	0.00000e+00

  2.42e-02	  2.60e-04	0.00000e+00
  2.42e-02	  7.81e-04	0.00000e+00
  2.42e-02	  1.30e-03	0.00000e+00
  2.42e-02	  1.82e-03	0.00000e+00
  2.42e-02	  2.34e-03	0.00000e+00
  2.42e-02	  2.86e-03	0.00000e+00
  2.42e-02	  3.39e-03	0.00000e+00
  2.42e-02	  3.91e-03	0.00000e+00
  2.42e-02	  4.43e-03	0.00000e+00
  2.42e-02	  4.95e-03	7.15613e-297
  2.42e-02	  5.47e-03	4.77049e-264
  2.42e-02	  5.99e-03	3.18014e-231
  2.42e-02	  6.51e-03	2.11996e-198
  2.42e-02	  7.03e-03	1.41322e-165
  2.42e-02	  7.55e-03	9.42079e-133
  2.42e-02	  8.07e-03	6.28008e-100
  2.42e-02	  8.59e-03	4.18640e-67
  2.42e-02	  9.11e-03	2.79071e-34
  2.42e-02	  9.64e-03	9.19068e-02
  2.42e-02	  1.02e-02	1.44119e-01
  2.42e-02	  1.07e-02	1.81369e-01
  2.42e-02	  1.12e-02	1.99048e-01
  2.42e-02	  1.17e-02	2.03943e-01
  2.42e-02	  1.22e-02	2.04787e-01
  2.42e-02	  1.28e-02	2.04803e-01
  2.42e-02	  1.33e-02	2.04679e-01
  2.42e-02	  1.38e-02	2.04542e-01
  2.42e-02	  1.43e-02	2.04416e-01
  2.42e-02	  1.48e-02	2.04311e-01
  2.42e-02	  1.54e-02	2.04228e-01
  2.42e-02	  1.59e-02	2.04172e-01
  2.42e-02	  1.64e-02	2.04142e-01
  2.42e-02	  1.69e-02	2.04137e-01
  2.42e-02	  1.74e-02	2.04157e-01
  2.42e-02	  1.80e-02	2.04198e-01
  2.42e-02	  1.85e-02	2.04258e-01
  2.42e-02	  1.90e-02	2.04335e-01
  2.42e-02	  1.95e-02	2.04425e-01
  2.42e-02	  2.01e-02	2.04528e-01
  2.42e-02	  2.06e-02	2.04641e-01
  2.42e-02	  2.11e-02	2.04762e-01
  2.42e-02	  2.16e-02	2.04891e-01
  2.42e-02	  2.21e-02	2.05026e-01
  2.42e-02	  2.27e-02	2.05165e-01
  2.42e-02	  2.32e-02	2.05309e-01
  2.42e-02	  2.37e-02	2.05457e-01
  2.42e-02	  2.42e-02	2.05606e-01
  2.42e-02	  2.47e-02	2.05758e-01
  2.42e-02	  2.53e-02	2.05912e-01
  2.42e-02	  2.58e-02	2.06067e-01
  2.42e-02	  2.63e-02	2.06224e-01
  2.42e-02	  2.68e-02	2.06382e-01
  2.42e-02	  2.73e-02	2.06541e-01
  2.42e-02	  2.79e-02	2.06703e-01
  2.42e-02	  2.84e-02	2.06866e-01
  2.42e-02	  2.89e-02	2.07032e-01
  2.42e-02	  2.94e-02	2.07202e-01
  2.42e-02	  2.99e-02	2.07376e-01
  2.42e-02	  3.05e-02	2.07556e-01
  2.42e-02	  3.10e-02	2.07743e-01
  2.42e-02	  3.15e-02	2.07939e-01
  2.42e-02	  3.20e-02	2.08146e-01
  2.42e-02	  3.26e-02	2.08367e-01
  2.42e-02	  3.31e-02	2.08602e-01
  2.42e-02	  3.36e-02	2.08854e-01
  2.42e-02	  3.41e-02	2.09122e-01
  2.42e-02	  3.46e-02	2.09406e-01
  2.42e-02	  3.52e-02	2.09703e-01
  2.42e-02	  3.57e-02	2.10010e-01
  2.42e-02	  3.62e-02	2.10322e-01
  2.42e-02	  3.67e-02	2.10628e-01
  2.42e-02	  3.72e-02	2.10859e-01
  2.42e-02	  3.78e-02	2.10566e-01
  2.42e-02	  3.83e-02	2.07160e-01
  2.42e-02	  3.88e-02	1.91882e-01
  2.42e-02	  3.93e-02	1.55765e-01
  2.42e-02	  3.98e-02	1.02184e-01
  2.42e-02	  4.04e-02	3.18806e-34
  2.42e-02	  4.09e-02	4.78190e-67
  2.42e-02	  4.14e-02	7.17255e-100
  2.42e-02	  4.19e-02	1.07584e-132
  2.42e-02	  4.24e-02	1.61369e-165
  2.42e-02	  4.30e-02	2.42044e-198
  2.42e-02	  4.35e-02	3.63052e-231
  2.42e-02	  4.40e-02	5.44558e-264
  2.42e-02	  4.45e-02	8.16807e-297
  2.42e-02	  4.51e-02	0.00000e+00
  2.42e-02	  4.56e-02	0.00000e+00
  2.42e-02	  4.61e-02	0.00000e+00
  2.42e-02	  4.66e-02	0.00000e+00
  2.42e-02	  4.71e-02	0.00000e+00
  2.42e-02	  4.77e-02	0.00000e+00
  2.42e-02	  4.82e-02	0.00000e+00
  2.42e-02	  4.87e-02	0.00000e+00
  2.42e-02	  4.92e-02	0.00000e+00
  2.42e-02	  4.97e-02	0.00000e+00

  2.50e-02	  2.60e-04	0.00000e+00
  2.50e-02	  7.81e-04	0.00000e+00
  2.50e-02	  1.30e-03	0.00000e+00
  2.50e-02	  1.82e-03	0.00000e+00
  2.50e-02	  2.34e-03	0.00000e+00
  2.50e-02	  2.86e-03	0.00000e+00
  2.50e-02	  3.39e-03	0.00000e+00
  2.50e-02	  3.91e-03	0.00000e+00
  2.50e-02	  4.43e-03	0.00000e+00
  2.50e-02	  4.95e-03	6.96492e-297
  2.50e-02	  5.47e-03	4.64300e-264
  2.50e-02	  5.99e-03	3.09513e-231
  2.50e-02	  6.51e-03	2.06328e-198
  2.50e-02	  7.03e-03	1.37542e-165
  2.50e-02	  7.55e-03	9.16881e-133
  2.50e-02	  8.07e-03	6.11206e-100
  2.50e-02	  8.59e-03	4.07437e-67
  2.50e-02	  9.11e-03	2.71601e-34
  2.50e-02	  9.64e-03	8.99370e-02
  2.50e-02	  1.02e-02	1.41643e-01
  2.50e-02	  1.07e-02	1.79306e-01
  2.50e-02	  1.12e-02	1.98008e-01
  2.50e-02	  1.17e-02	2.03492e-01
  2.50e-02	  1.22e-02	2.04531e-01
  2.50e-02	  1.28e-02	2.04616e-01
  2.50e-02	  1.33e-02	2.04529e-01
  2.50e-02	  1.38e-02	2.04421e-01
  2.50e-02	  1.43e-02	2.04323e-01
  2.50e-02	  1.48e-02	2.04243e-01
  2.50e-02	  1.54e-02	2.04186e-01
  2.50e-02	  1.59e-02	2.04154e-01
  2.50e-02	  1.64e-02	2.04148e-01
  2.50e-02	  1.69e-02	2.04167e-01
  2.50e-02	  1.74e-02	2.04210e-01
  2.50e-02	  1.80e-02	2.04274e-01
  2.50e-02	  1.85e-02	2.04357e-01
  2.50e-02	  1.90e-02	2.04456e-01
  2.50e-02	  1.95e-02	2.04568e-01
  2.50e-02	  2.01e-02	2.04692e-01
  2.50e-02	  2.06e-02	2.04826e-01
  2.50e-02	  2.11e-02	2.04968e-01
  2.50e-02	  2.16e-02	2.05116e-01
  2.50e-02	  2.21e-02	2.05270e-01
  2.50e-02	  2.27e-02	2.05428e-01
  2.50e-02	  2.32e-02	2.05589e-01
  2.50e-02	  2.37e-02	2.05752e-01
  2.50e-02	  2.42e-02	2.05917e-01
  2.50e-02	  2.47e-02	2.06083e-01
  2.50e-02	  2.53e-02	2.06250e-01
  2.50e-02	  2.58e-02	2.06417e-01
  2.50e-02	  2.63e-02	2.06584e-01
  2.50e-02	  2.68e-02	2.06752e-01
  2.50e-02	  2.73e-02	2.06920e-01
  2.50e-02	  2.79e-02	2.07088e-01
  2.50e-02	  2.84e-02	2.07258e-01
  2.50e-02	  2.89e-02	2.07429e-01
  2.50e-02	  2.94e-02	2.07603e-01
  2.50e-02	  2.99e-02	2.07780e-01
  2.50e-02	  3.05e-02	2.07962e-01
  2.50e-02	  3.10e-02	2.08149e-01
  2.50e-02	  3.15e-02	2.08345e-01
  2.50e-02	  3.20e-02	2.08551e-01
  2.50e-02	  3.26e-02	2.08768e-01
  2.50e-02	  3.31e-02	2.08999e-01
  2.50e-02	  3.36e-02	2.09246e-01
  2.50e-02	  3.41e-02	2.09508e-01
  2.50e-02	  3.46e-02	2.09784e-01
  2.50e-02	  3.52e-02	2.10071e-01
  2.50e-02	  3.57e-02	2.10367e-01
  2.50e-02	  3.62e-02	2.10666e-01
  2.50e-02	  3.67e-02	2.10956e-01
  2.50e-02	  3.72e-02	2.11155e-01
  2.50e-02	  3.78e-02	2.10767e-01
  2.50e-02	  3.83e-02	2.07011e-01
  2.50e-02	  3.88e-02	1.90965e-01
  2.50e-02	  3.93e-02	1.54442e-01
  2.50e-02	  3.98e-02	1.01175e-01
  2.50e-02	  4.04e-02	3.14841e-34
  2.50e-02	  4.09e-02	4.72241e-67
  2.50e-02	  4.14e-02	7.08331e-100
  2.50e-02	  4.19e-02	1.06245e-132
  2.50e-02	  4.24e-02	1.59360e-165
  2.50e-02	  4.30e-02	2.39030e-198
  2.50e-02	  4.35e-02	3.58530e-231
  2.50e-02	  4.40e-02	5.37772e-264
  2.50e-02	  4.45e-02	8.06624e-297
  2.50e-02	  4.51e-02	0.00000e+00
  2.50e-02	  4.56e-02	0.00000e+00
  2.50e-02	  4.61e-02	0.00000e+00
  2.50e-02	  4.66e-02	0.00000e+00
  2.50e-02	  4.71e-02	0.00000e+00
  2.50e-02	  4.77e-02	0.00000e+00
  2.50e-02	  4.82e-02	0.00000e+00
  2.50e-02	  4.87e-02	0.00000e+00
  2.50e-02	  4.92e-02	0.00000e+00
  2.50e-02	  4.97e-02	0.00000e+00

  2.58e-02	  2.60e-04	0.00000e+00
  2.58e-02	  7.81e-04	0.00000e+00
  2.58e-02	  1.30e-03	0.00000e+00
  2.58e-02	  1.82e-03	0.00000e+00
  2.58e-02	  2.34e-03	0.00000e+00
  2.58e-02	  2.86e-03	0.00000e+00
  2.58e-02	  3.39e-03	0.00000e+00
  2.58e-02	  3.91e-03	0.00000e+00
  2.58e-02	  4.43e-03	0.00000e+00
  2.58e-02	  4.95e-03	6.77325e-297
  2.58e-02	  5.47e-03	4.51520e-264
  2.58e-02	  5.99e-03	3.00993e-231
  2.58e-02	  6.51e-03	2.00647e-198
  2.58e-02	  7.03e-03	1.33754e-165
  2.58e-02	  7.55e-03	8.91622e-133
  2.58e-02	  8.07e-03	5.94363e-100
  2.58e-02	  8.59e-03	3.96206e-67
  2.58e-02	  9.11e-03	2.64112e-34
  2.58e-02	  9.64e-03	8.79492e-02
  2.58e-02	  1.02e-02	1.39129e-01
  2.58e-02	  1.07e-02	1.77132e-01
  2.58e-02	  1.12e-02	1.96854e-01
  2.58e-02	  1.17e-02	2.02972e-01
  2.58e-02	  1.22e-02	2.04231e-01
  2.58e-02	  1.28e-02	2.04394e-01
  2.58e-02	  1.33e-02	2.04350e-01
  2.58e-02	  1.38e-02	2.04275e-01
  2.58e-02	  1.43e-02	2.04207e-01
  2.58e-02	  1.48e-02	2.04156e-01
  2.58e-02	  1.54e-02	2.04127e-01
  2.58e-02	  1.59e-02	2.04122e-01
  2.58e-02	  1.64e-02	2.04143e-01
  2.58e-02	  1.69e-02	2.04188e-01
  2.58e-02	  1.74e-02	2.04257e-01
  2.58e-02	  1.80e-02	2.04347e-01
  2.58e-02	  1.85e-02	2.04454e-01
  2.58e-02	  1.90e-02	2.04578e-01
  2.58e-02	  1.95e-02	2.04714e-01
  2.58e-02	  2.01e-02	2.04862e-01
  2.58e-02	  2.06e-02	2.05018e-01
  2.58e-02	  2.11e-02	2.05182e-01
  2.58e-02	  2.16e-02	2.05352e-01
  2.58e-02	  2.21e-02	2.05527e-01
  2.58e-02	  2.27e-02	2.05704e-01
  2.58e-02	  2.32e-02	2.05884e-01
  2.58e-02	  2.37e-02	2.06065e-01
  2.58e-02	  2.42e-02	2.06246e-01
  2.58e-02	  2.47e-02	2.06427e-01
  2.58e-02	  2.53e-02	2.06608e-01
  2.58e-02	  2.58e-02	2.06788e-01
  2.58e-02	  2.63e-02	2.06966e-01
  2.58e-02	  2.68e-02	2.07144e-01
  2.58e-02	  2.73e-02	2.07321e-01
  2.58e-02	  2.79e-02	2.07497e-01
  2.58e-02	  2.84e-02	2.07672e-01
  2.58e-02	  2.89e-02	2.07849e-01
  2.58e-02	  2.94e-02	2.08026e-01
  2.58e-02	  2.99e-02	2.08205e-01
  2.58e-02	  3.05e-02	2.08388e-01
  2.58e-02	  3.10e-02	2.08576e-01
  2.58e-02	  3.15e-02	2.08771e-01
  2.58e-02	  3.20e-02	2.08974e-01
  2.58e-02	  3.26e-02	2.09187e-01
  2.58e-02	  3.31e-02	2.09413e-01
  2.58e-02	  3.36e-02	2.09653e-01
  2.58e-02	  3.41e-02	2.09907e-01
  2.58e-02	  3.46e-02	2.10173e-01
  2.58e-02	  3.52e-02	2.10449e-01
  2.58e-02	  3.57e-02	2.10731e-01
  2.58e-02	  3.62e-02	2.11016e-01
  2.58e-02	  3.67e-02	2.11286e-01
  2.58e-02	  3.72e-02	2.11451e-01
  2.58e-02	  3.78e-02	2.10960e-01
  2.58e-02	  3.83e-02	2.06838e-01
  2.58e-02	  3.88e-02	1.90038e-01
  2.58e-02	  3.93e-02	1.53167e-01
  2.58e-02	  3.98e-02	1.00217e-01
  2.58e-02	  4.04e-02	3.11091e-34
  2.58e-02	  4.09e-02	4.66615e-67
  2.58e-02	  4.14e-02	6.99889e-100
  2.58e-02	  4.19e-02	1.04978e-132
  2.58e-02	  4.24e-02	1.57460e-165
  2.58e-02	  4.30e-02	2.36178e-198
  2.58e-02	  4.35e-02	3.54251e-231
  2.58e-02	  4.40e-02	5.31351e-264
  2.58e-02	  4.45e-02	7.96990e-297
  2.58e-02	  4.51e-02	0.00000e+00
  2.58e-02	  4.56e-02	0.00000e+00
  2.58e-02	  4.61e-02	0.00000e+00
  2.58e-02	  4.66e-02	0.00000e+00
  2.58e-02	  4.71e-02	0.00000e+00
  2.58e-02	  4.77e-02	0.00000e+00
  2.58e-02	  4.82e-02	0.00000e+00
  2.58e-02	  4.87e-02	0.00000e+00
  2.58e-02	  4.92e-02	0.00000e+00
  2.58e-02	  4.97e-02	0.00000e+00

  2.66e-02	  2.60e-04	0.00000e+00
  2.66e-02	  7.81e-04	0.00000e+00
  2.66e-02	  1.30e-03	0.00000e+00
  2.66e-02	  1.82e-03	0.00000e+00
  2.66e-02	  2.34e-03	0.00000e+00
  2.66e-02	  2.86e-03	0.00000e+00
  2.66e-02	  3.39e-03	0.00000e+00
  2.66e-02	  3.91e-03	0.00000e+00
  2.66e-02	  4.43e-03	0.00000e+00
  2.66e-02	  4.95e-03	6.57984e-297
  2.66e-02	  5.47e-03	4.38625e-264
  2.66e-02	  5.99e-03	2.92395e-231
  2.66e-02	  6.51e-03	1.94914e-198
  2.66e-02	  7.03e-03	1.29932e-165
  2.66e-02	  7.55e-03	8.66135e-133
  2.66e-02	  8.07e-03	5.77368e-100
  2.66e-02	  8.59e-03	3.84873e-67
  2.66e-02	  9.11e-03	2.56555e-34
  2.66e-02	  9.64e-03	8.59296e-02
  2.66e-02	  1.02e-02	1.36566e-01
  2.66e-02	  1.07e-02	1.74838e-01
  2.66e-02	  1.12e-02	1.95575e-01
  2.66e-02	  1.17e-02	2.02375e-01
  2.66e-02	  1.22e-02	2.03884e-01
  2.66e-02	  1.28e-02	2.04137e-01
  2.66e-02	  1.33e-02	2.04141e-01
  2.66e-02	  1.38e-02	2.04103e-01
  2.66e-02	  1.43e-02	2.04068e-01
  2.66e-02	  1.48e-02	2.04049e-01
  2.66e-02	  1.54e-02	2.04052e-01
  2.66e-02	  1.59e-02	2.04077e-01
  2.66e-02	  1.64e-02	2.04128e-01
  2.66e-02	  1.69e-02	2.04202e-01
  2.66e-02	  1.74e-02	2.04299e-01
  2.66e-02	  1.80e-02	2.04416e-01
  2.66e-02	  1.85e-02	2.04551e-01
  2.66e-02	  1.90e-02	2.04701e-01
  2.66e-02	  1.95e-02	2.04864e-01
  2.66e-02	  2.01e-02	2.05038e-01
  2.66e-02	  2.06e-02	2.05219e-01
  2.66e-02	  2.11e-02	2.05408e-01
  2.66e-02	  2.16e-02	2.05601e-01
  2.66e-02	  2.21e-02	2.05798e-01
  2.66e-02	  2.27e-02	2.05997e-01
  2.66e-02	  2.32e-02	2.06196e-01
  2.66e-02	  2.37e-02	2.06396e-01
  2.66e-02	  2.42e-02	2.06595e-01
  2.66e-02	  2.47e-02	2.06793e-01
  2.66e-02	  2.53e-02	2.06989e-01
  2.66e-02	  2.58e-02	2.07182e-01
  2.66e-02	  2.63e-02	2.07372e-01
  2.66e-02	  2.68e-02	2.07561e-01
  2.66e-02	  2.73e-02	2.07746e-01
  2.66e-02	  2.79e-02	2.07930e-01
  2.66e-02	  2.84e-02	2.08112e-01
  2.66e-02	  2.89e-02	2.08293e-01
  2.66e-02	  2.94e-02	2.08474e-01
  2.66e-02	  2.99e-02	2.08656e-01
  2.66e-02	  3.05e-02	2.08839e-01
  2.66e-02	  3.10e-02	2.09027e-01
  2.66e-02	  3.15e-02	2.09219e-01
  2.66e-02	  3.20e-02	2.09419e-01
  2.66e-02	  3.26e-02	2.09627e-01
  2.66e-02	  3.31e-02	2.09847e-01
  2.66e-02	  3.36e-02	2.10078e-01
  2.66e-02	  3.41e-02	2.10321e-01
  2.66e-02	  3.46e-02	2.10575e-01
  2.66e-02	  3.52e-02	2.10837e-01
  2.66e-02	  3.57e-02	2.11104e-01
  2.66e-02	  3.62e-02	2.11371e-01
  2.66e-02	  3.67e-02	2.11619e-01
  2.66e-02	  3.72e-02	2.11744e-01
  2.66e-02	  3.78e-02	2.11141e-01
  2.66e-02	  3.83e-02	2.06637e-01
  2.66e-02	  3.88e-02	1.89098e-01
  2.66e-02	  3.93e-02	1.51936e-01
  2.66e-02	  3.98e-02	9.93001e-02
  2.66e-02	  4.04e-02	3.07514e-34
  2.66e-02	  4.09e-02	4.61247e-67
  2.66e-02	  4.14e-02	6.91835e-100
  2.66e-02	  4.19e-02	1.03770e-132
  2.66e-02	  4.24e-02	1.55647e-165
  2.66e-02	  4.30e-02	2.33458e-198
  2.66e-02	  4.35e-02	3.50168e-231
  2.66e-02	  4.40e-02	5.25225e-264
  2.66e-02	  4.45e-02	7.87798e-297
  2.66e-02	  4.51e-02	0.00000e+00
  2.66e-02	  4.56e-02	0.00000e+00
  2.66e-02	  4.61e-02	0.00000e+00
  2.66e-02	  4.66e-02	0.00000e+00
  2.66e-02	  4.71e-02	0.00000e+00
  2.66e-02	  4.77e-02	0.00000e+00
  2.66e-02	  4.82e-02	0.00000e+00
  2.66e-02	  4.87e-02	0.00000e+00
  2.66e-02	  4.92e-02	0.00000e+00
  2.66e-02	  4.97e-02	0.00000e+00

  2.73e-02	  2.60e-04	0.00000e+00
  2.73e-02	  7.81e-04	0.00000e+00
  2.73e-02	  1.30e-03	0.00000e+00
  2.73e-02	  1.82e-03	0.00000e+00
  2.73e-02	  2.34e-03	0.00000e+00
  2.73e-02	  2.86e-03	0.00000e+00
  2.73e-02	  3.39e-03	0.00000e+00
  2.73e-02	  3.91e-03	0.00000e+00
  2.73e-02	  4.43e-03	0.00000e+00
  2.73e-02	  4.95e-03	6.38340e-297
  2.73e-02	  5.47e-03	4.25527e-264
  2.73e-02	  5.99e-03	2.83662e-231
  2.73e-02	  6.51e-03	1.89091e-198
  2.73e-02	  7.03e-03	1.26049e-165
  2.73e-02	  7.55e-03	8.40246e-133
  2.73e-02	  8.07e-03	5.60105e-100
  2.73e-02	  8.59e-03	3.73362e-67
  2.73e-02	  9.11e-03	2.48878e-34
  2.73e-02	  9.64e-03	8.38634e-02
  2.73e-02	  1.02e-02	1.33941e-01
  2.73e-02	  1.07e-02	1.72414e-01
  2.73e-02	  1.12e-02	1.94157e-01
  2.73e-02	  1.17e-02	2.01693e-01
  2.73e-02	  1.22e-02	2.03484e-01
  2.73e-02	  1.28e-02	2.03841e-01
  2.73e-02	  1.33e-02	2.03900e-01
  2.73e-02	  1.38e-02	2.03904e-01
  2.73e-02	  1.43e-02	2.03907e-01
  2.73e-02	  1.48e-02	2.03923e-01
  2.73e-02	  1.54e-02	2.03960e-01
  2.73e-02	  1.59e-02	2.04020e-01
  2.73e-02	  1.64e-02	2.04102e-01
  2.73e-02	  1.69e-02	2.04209e-01
  2.73e-02	  1.74e-02	2.04337e-01
  2.73e-02	  1.80e-02	2.04484e-01
  2.73e-02	  1.85e-02	2.04649e-01
  2.73e-02	  1.90e-02	2.04829e-01
  2.73e-02	  1.95e-02	2.05020e-01
  2.73e-02	  2.01e-02	2.05222e-01
  2.73e-02	  2.06e-02	2.05431e-01
  2.73e-02	  2.11e-02	2.05646e-01
  2.73e-02	  2.16e-02	2.05865e-01
  2.73e-02	  2.21e-02	2.06086e-01
  2.73e-02	  2.27e-02	2.06308e-01
  2.73e-02	  2.32e-02	2.06530e-01
  2.73e-02	  2.37e-02	2.06751e-01
  2.73e-02	  2.42e-02	2.06969e-01
  2.73e-02	  2.47e-02	2.07184e-01
  2.73e-02	  2.53e-02	2.07396e-01
  2.73e-02	  2.58e-02	2.07603e-01
  2.73e-02	  2.63e-02	2.07806e-01
  2.73e-02	  2.68e-02	2.08006e-01
  2.73e-02	  2.73e-02	2.08201e-01
  2.73e-02	  2.79e-02	2.08392e-01
  2.73e-02	  2.84e-02	2.08580e-01
  2.73e-02	  2.89e-02	2.08766e-01
  2.73e-02	  2.94e-02	2.08950e-01
  2.73e-02	  2.99e-02	2.09134e-01
  2.73e-02	  3.05e-02	2.09318e-01
  2.73e-02	  3.10e-02	2.09504e-01
  2.73e-02	  3.15e-02	2.09694e-01
  2.73e-02	  3.20e-02	2.09889e-01
  2.73e-02	  3.26e-02	2.10091e-01
  2.73e-02	  3.31e-02	2.10302e-01
  2.73e-02	  3.36e-02	2.10524e-01
  2.73e-02	  3.41e-02	2.10754e-01
  2.73e-02	  3.46e-02	2.10994e-01
  2.73e-02	  3.52e-02	2.11239e-01
  2.73e-02	  3.57e-02	2.11487e-01
  2.73e-02	  3.62e-02	2.11733e-01
  2.73e-02	  3.67e-02	2.11954e-01
  2.73e-02	  3.72e-02	2.12035e-01
  2.73e-02	  3.78e-02	2.11310e-01
  2.73e-02	  3.83e-02	2.06407e-01
  2.73e-02	  3.88e-02	1.88142e-01
  2.73e-02	  3.93e-02	1.50737e-01
  2.73e-02	  3.98e-02	9.84137e-02
  2.73e-02	  4.04e-02	3.04063e-34
  2.73e-02	  4.09e-02	4.56070e-67
  2.73e-02	  4.14e-02	6.84067e-100
  2.73e-02	  4.19e-02	1.02604e-132
  2.73e-02	  4.24e-02	1.53898e-165
  2.73e-02	  4.30e-02	2.30833e-198
  2.73e-02	  4.35e-02	3.46230e-231
  2.73e-02	  4.40e-02	5.19315e-264
  2.73e-02	  4.45e-02	7.78928e-297
  2.73e-02	  4.51e-02	0.00000e+00
  2.73e-02	  4.56e-02	0.00000e+00
  2.73e-02	  4.61e-02	0.00000e+00
  2.73e-02	  4.66e-02	0.00000e+00
  2.73e-02	  4.71e-02	0.00000e+00
  2.73e-02	  4.77e-02	0.00000e+00
  2.73e-02	  4.82e-02	0.00000e+00
  2.73e-02	  4.87e-02	0.00000e+00
  2.73e-02	  4.92e-02	0.00000e+00
  2.73e-02	  4.97e-02	0.00000e+00

  2.81e-02	  2.60e-04	0.00000e+00
  2.81e-02	  7.81e-04	0.00000e+00
  2.81e-02	  1.30e-03	0.00000e+00
  2.81e-02	  1.82e-03	0.00000e+00
  2.81e-02	  2.34e-03	0.00000e+00
  2.81e-02	  2.86e-03	0.00000e+00
  2.81e-02	  3.39e-03	0.00000e+00
  2.81e-02	  3.91e-03	0.00000e+00
  2.81e-02	  4.43e-03	0.00000e+00
  2.81e-02	  4.95e-03	6.18255e-297
  2.81e-02	  5.47e-03	4.12136e-264
  2.81e-02	  5.99e-03	2.74733e-231
  2.81e-02	  6.51e-03	1.83138e-198
  2.81e-02	  7.03e-03	1.22080e-165
  2.81e-02	  7.55e-03	8.13776e-133
  2.81e-02	  8.07e-03	5.42455e-100
  2.81e-02	  8.59e-03	3.61592e-67
  2.81e-02	  9.11e-03	2.41030e-34
  2.81e-02	  9.64e-03	8.17351e-02
  2.81e-02	  1.02e-02	1.31238e-01
  2.81e-02	  1.07e-02	1.69848e-01
  2.81e-02	  1.12e-02	1.92585e-01
  2.81e-02	  1.17e-02	2.00914e-01
  2.81e-02	  1.22e-02	2.03026e-01
  2.81e-02	  1.28e-02	2.03504e-01
  2.81e-02	  1.33e-02	2.03626e-01
  2.81e-02	  1.38e-02	2.03677e-01
  2.81e-02	  1.43e-02	2.03722e-01
  2.81e-02	  1.48e-02	2.03779e-01
  2.81e-02	  1.54e-02	2.03854e-01
  2.81e-02	  1.59e-02	2.03950e-01
  2.81e-02	  1.64e-02	2.04069e-01
  2.81e-02	  1.69e-02	2.04210e-01
  2.81e-02	  1.74e-02	2.04372e-01
  2.81e-02	  1.80e-02	2.04553e-01
  2.81e-02	  1.85e-02	2.04750e-01
  2.81e-02	  1.90e-02	2.04961e-01
  2.81e-02	  1.95e-02	2.05184e-01
  2.81e-02	  2.01e-02	2.05416e-01
  2.81e-02	  2.06e-02	2.05655e-01
  2.81e-02	  2.11e-02	2.05899e-01
  2.81e-02	  2.16e-02	2.06146e-01
  2.81e-02	  2.21e-02	2.06394e-01
  2.81e-02	  2.27e-02	2.06642e-01
  2.81e-02	  2.32e-02	2.06888e-01
  2.81e-02	  2.37e-02	2.07131e-01
  2.81e-02	  2.42e-02	2.07370e-01
  2.81e-02	  2.47e-02	2.07604e-01
  2.81e-02	  2.53e-02	2.07833e-01
  2.81e-02	  2.58e-02	2.08055e-01
  2.81e-02	  2.63e-02	2.08272e-01
  2.81e-02	  2.68e-02	2.08482e-01
  2.81e-02	  2.73e-02	2.08687e-01
  2.81e-02	  2.79e-02	2.08886e-01
  2.81e-02	  2.84e-02	2.09081e-01
  2.81e-02	  2.89e-02	2.09271e-01
  2.81e-02	  2.94e-02	2.09458e-01
  2.81e-02	  2.99e-02	2.09644e-01
  2.81e-02	  3.05e-02	2.09828e-01
  2.81e-02	  3.10e-02	2.10012e-01
  2.81e-02	  3.15e-02	2.10198e-01
  2.81e-02	  3.20e-02	2.10388e-01
  2.81e-02	  3.26e-02	2.10583e-01
  2.81e-02	  3.31e-02	2.10784e-01
  2.81e-02	  3.36e-02	2.10993e-01
  2.81e-02	  3.41e-02	2.11209e-01
  2.81e-02	  3.46e-02	2.11431e-01
  2.81e-02	  3.52e-02	2.11656e-01
  2.81e-02	  3.57e-02	2.11882e-01
  2.81e-02	  3.62e-02	2.12103e-01
  2.81e-02	  3.67e-02	2.12293e-01
  2.81e-02	  3.72e-02	2.12323e-01
  2.81e-02	  3.78e-02	2.11464e-01
  2.81e-02	  3.83e-02	2.06141e-01
  2.81e-02	  3.88e-02	1.87165e-01
  2.81e-02	  3.93e-02	1.49561e-01
  2.81e-02	  3.98e-02	9.75442e-02
  2.81e-02	  4.04e-02	3.00687e-34
  2.81e-02	  4.09e-02	4.51005e-67
  2.81e-02	  4.14e-02	6.76468e-100
  2.81e-02	  4.19e-02	1.01464e-132
  2.81e-02	  4.24e-02	1.52187e-165
  2.81e-02	  4.30e-02	2.28266e-198
  2.81e-02	  4.35e-02	3.42377e-231
  2.81e-02	  4.40e-02	5.13533e-264
  2.81e-02	  4.45e-02	7.70250e-297
  2.81e-02	  4.51e-02	0.00000e+00
  2.81e-02	  4.56e-02	0.00000e+00
  2.81e-02	  4.61e-02	0.00000e+00
  2.81e-02	  4.66e-02	0.00000e+00
  2.81e-02	  4.71e-02	0.00000e+00
  2.81e-02	  4.77e-02	0.00000e+00
  2.81e-02	  4.82e-02	0.00000e+00
  2.81e-02	  4.87e-02	0.00000e+00
  2.81e-02	  4.92e-02	0.00000e+00
  2.81e-02	  4.97e-02	0.00000e+00

  2.89e-02	  2.60e-04	0.00000e+00
  2.89e-02	  7.81e-04	0.00000e+00
  2.89e-02	  1.30e-03	0.00000e+00
  2.89e-02	  1.82e-03	0.00000e+00
  2.89e-02	  2.34e-03	0.00000e+00
  2.89e-02	  2.86e-03	0.00000e+00
  2.89e-02	  3.39e-03	0.00000e+00
  2.89e-02	  3.91e-03	0.00000e+00
  2.89e-02	  4.43e-03	0.00000e+00
  2.89e-02	  4.95e-03	5.97588e-297
  2.89e-02	  5.47e-03	3.98357e-264
  2.89e-02	  5.99e-03	2.65546e-231
  2.89e-02	  6.51e-03	1.77012e-198
  2.89e-02	  7.03e-03	1.17995e-165
  2.89e-02	  7.55e-03	7.86540e-133
  2.89e-02	  8.07e-03	5.24293e-100
  2.89e-02	  8.59e-03	3.49481e-67
  2.89e-02	  9.11e-03	2.32954e-34
  2.89e-02	  9.64e-03	7.95279e-02
  2.89e-02	  1.02e-02	1.28439e-01
  2.89e-02	  1.07e-02	1.67125e-01
  2.89e-02	  1.12e-02	1.90843e-01
  2.89e-02	  1.17e-02	2.00026e-01
  2.89e-02	  1.22e-02	2.02505e-01
  2.89e-02	  1.28e-02	2.03123e-01
  2.89e-02	  1.33e-02	2.03319e-01
  2.89e-02	  1.38e-02	2.03424e-01
  2.89e-02	  1.43e-02	2.03516e-01
  2.89e-02	  1.48e-02	2.03617e-01
  2.89e-02	  1.54e-02	2.03734e-01
  2.89e-02	  1.59e-02	2.03871e-01
  2.89e-02	  1.64e-02	2.04029e-01
  2.89e-02	  1.69e-02	2.04208e-01
  2.89e-02	  1.74e-02	2.04406e-01
  2.89e-02	  1.80e-02	2.04623e-01
  2.89e-02	  1.85e-02	2.04855e-01
  2.89e-02	  1.90e-02	2.05100e-01
  2.89e-02	  1.95e-02	2.05357e-01
  2.89e-02	  2.01e-02	2.05622e-01
  2.89e-02	  2.06e-02	2.05893e-01
  2.89e-02	  2.11e-02	2.06169e-01
  2.89e-02	  2.16e-02	2.06447e-01
  2.89e-02	  2.21e-02	2.06725e-01
  2.89e-02	  2.27e-02	2.07001e-01
  2.89e-02	  2.32e-02	2.07274e-01
  2.89e-02	  2.37e-02	2.07542e-01
  2.89e-02	  2.42e-02	2.07803e-01
  2.89e-02	  2.47e-02	2.08058e-01
  2.89e-02	  2.53e-02	2.08304e-01
  2.89e-02	  2.58e-02	2.08543e-01
  2.89e-02	  2.63e-02	2.08773e-01
  2.89e-02	  2.68e-02	2.08995e-01
  2.89e-02	  2.73e-02	2.09209e-01
  2.89e-02	  2.79e-02	2.09416e-01
  2.89e-02	  2.84e-02	2.09616e-01
  2.89e-02	  2.89e-02	2.09811e-01
  2.89e-02	  2.94e-02	2.10002e-01
  2.89e-02	  2.99e-02	2.10188e-01
  2.89e-02	  3.05e-02	2.10372e-01
  2.89e-02	  3.10e-02	2.10555e-01
  2.89e-02	  3.15e-02	2.10737e-01
  2.89e-02	  3.20e-02	2.10921e-01
  2.89e-02	  3.26e-02	2.11107e-01
  2.89e-02	  3.31e-02	2.11297e-01
  2.89e-02	  3.36e-02	2.11492e-01
  2.89e-02	  3.41e-02	2.11690e-01
  2.89e-02	  3.46e-02	2.11891e-01
  2.89e-02	  3.52e-02	2.12093e-01
  2.89e-02	  3.57e-02	2.12293e-01
  2.89e-02	  3.62e-02	2.12483e-01
  2.89e-02	  3.67e-02	2.12636e-01
  2.89e-02	  3.72e-02	2.12606e-01
  2.89e-02	  3.78e-02	2.11598e-01
  2.89e-02	  3.83e-02	2.05833e-01
  2.89e-02	  3.88e-02	1.86157e-01
  2.89e-02	  3.93e-02	1.48392e-01
  2.89e-02	  3.98e-02	9.66766e-02
  2.89e-02	  4.04e-02	2.97327e-34
  2.89e-02	  4.09e-02	4.45964e-67
  2.89e-02	  4.14e-02	6.68905e-100
  2.89e-02	  4.19e-02	1.00329e-132
  2.89e-02	  4.24e-02	1.50484e-165
  2.89e-02	  4.30e-02	2.25710e-198
  2.89e-02	  4.35e-02	3.38542e-231
  2.89e-02	  4.40e-02	5.07777e-264
  2.89e-02	  4.45e-02	7.61611e-297
  2.89e-02	  4.51e-02	0.00000e+00
  2.89e-02	  4.56e-02	0.00000e+00
  2.89e-02	  4.61e-02	0.00000e+00
  2.89e-02	  4.66e-02	0.00000e+00
  2.89e-02	  4.71e-02	0.00000e+00
  2.89e-02	  4.77e-02	0.00000e+00
  2.89e-02	  4.82e-02	0.00000e+00
  2.89e-02	  4.87e-02	0.00000e+00
  2.89e-02	  4.92e-02	0.00000e+00
  2.89e-02	  4.97e-02	0.00000e+00

  2.97e-02	  2.60e-04	0.00000e+00
  2.97e-02	  7.81e-04	0.00000e+00
  2.97e-02	  1.30e-03	0.00000e+00
  2.97e-02	  1.82e-03	0.00000e+00
  2.97e-02	  2.34e-03	0.00000e+00
  2.97e-02	  2.86e-03	0.00000e+00
  2.97e-02	  3.39e-03	0.00000e+00
  2.97e-02	  3.91e-03	0.00000e+00
  2.97e-02	  4.43e-03	0.00000e+00
  2.97e-02	  4.95e-03	5.76189e-297
  2.97e-02	  5.47e-03	3.84089e-264
  2.97e-02	  5.99e-03	2.56033e-231
  2.97e-02	  6.51e-03	1.70669e-198
  2.97e-02	  7.03e-03	1.13766e-165
  2.97e-02	  7.55e-03	7.58339e-133
  2.97e-02	  8.07e-03	5.05489e-100
  2.97e-02	  8.59e-03	3.36942e-67
  2.97e-02	  9.11e-03	2.24592e-34
  2.97e-02	  9.64e-03	7.72234e-02
  2.97e-02	  1.02e-02	1.25524e-01
  2.97e-02	  1.07e-02	1.64229e-01
  2.97e-02	  1.12e-02	1.88911e-01
  2.97e-02	  1.17e-02	1.99015e-01
  2.97e-02	  1.22e-02	2.01912e-01
  2.97e-02	  1.28e-02	2.02695e-01
  2.97e-02	  1.33e-02	2.02977e-01
  2.97e-02	  1.38e-02	2.03144e-01
  2.97e-02	  1.43e-02	2.03289e-01
  2.97e-02	  1.48e-02	2.03440e-01
  2.97e-02	  1.54e-02	2.03604e-01
  2.97e-02	  1.59e-02	2.03785e-01
  2.97e-02	  1.64e-02	2.03985e-01
  2.97e-02	  1.69e-02	2.04204e-01
  2.97e-02	  1.74e-02	2.04442e-01
  2.97e-02	  1.80e-02	2.04696e-01
  2.97e-02	  1.85e-02	2.04965e-01
  2.97e-02	  1.90e-02	2.05247e-01
  2.97e-02	  1.95e-02	2.05540e-01
  2.97e-02	  2.01e-02	2.05841e-01
  2.97e-02	  2.06e-02	2.06148e-01
  2.97e-02	  2.11e-02	2.06458e-01
  2.97e-02	  2.16e-02	2.06770e-01
  2.97e-02	  2.21e-02	2.07081e-01
  2.97e-02	  2.27e-02	2.07389e-01
  2.97e-02	  2.32e-02	2.07692e-01
  2.97e-02	  2.37e-02	2.07987e-01
  2.97e-02	  2.42e-02	2.08273e-01
  2.97e-02	  2.47e-02	2.08550e-01
  2.97e-02	  2.53e-02	2.08816e-01
  2.97e-02	  2.58e-02	2.09071e-01
  2.97e-02	  2.63e-02	2.09314e-01
  2.97e-02	  2.68e-02	2.09548e-01
  2.97e-02	  2.73e-02	2.09771e-01
  2.97e-02	  2.79e-02	2.09985e-01
  2.97e-02	  2.84e-02	2.10191e-01
  2.97e-02	  2.89e-02	2.10390e-01
  2.97e-02	  2.94e-02	2.10584e-01
  2.97e-02	  2.99e-02	2.10772e-01
  2.97e-02	  3.05e-02	2.10956e-01
  2.97e-02	  3.10e-02	2.11136e-01
  2.97e-02	  3.15e-02	2.11315e-01
  2.97e-02	  3.20e-02	2.11493e-01
  2.97e-02	  3.26e-02	2.11670e-01
  2.97e-02	  3.31e-02	2.11848e-01
  2.97e-02	  3.36e-02	2.12026e-01
  2.97e-02	  3.41e-02	2.12204e-01
  2.97e-02	  3.46e-02	2.12380e-01
  2.97e-02	  3.52e-02	2.12554e-01
  2.97e-02	  3.57e-02	2.12721e-01
  2.97e-02	  3.62e-02	2.12875e-01
  2.97e-02	  3.67e-02	2.12983e-01
  2.97e-02	  3.72e-02	2.12883e-01
  2.97e-02	  3.78e-02	2.11709e-01
  2.97e-02	  3.83e-02	2.05474e-01
  2.97e-02	  3.88e-02	1.85109e-01
  2.97e-02	  3.93e-02	1.47213e-01
  2.97e-02	  3.98e-02	9.57926e-02
  2.97e-02	  4.04e-02	2.93913e-34
  2.97e-02	  4.09e-02	4.40842e-67
  2.97e-02	  4.14e-02	6.61220e-100
  2.97e-02	  4.19e-02	9.91761e-133
  2.97e-02	  4.24e-02	1.48753e-165
  2.97e-02	  4.30e-02	2.23113e-198
  2.97e-02	  4.35e-02	3.34644e-231
  2.97e-02	  4.40e-02	5.01927e-264
  2.97e-02	  4.45e-02	7.52831e-297
  2.97e-02	  4.51e-02	0.00000e+00
  2.97e-02	  4.56e-02	0.00000e+00
  2.97e-02	  4.61e-02	0.00000e+00
  2.97e-02	  4.66e-02	0.00000e+00
  2.97e-02	  4.71e-02	0.00000e+00
  2.97e-02	  4.77e-02	0.00000e+00
  2.97e-02	  4.82e-02	0.00000e+00
  2.97e-02	  4.87e-02	0.00000e+00
  2.97e-02	  4.92e-02	0.00000e+00
  2.97e-02	  4.97e-02	0.00000e+00

  3.05e-02	  2.60e-04	0.00000e+00
  3.05e-02	  7.81e-04	0.00000e+00
  3.05e-02	  1.30e-03	0.00000e+00
  3.05e-02	  1.82e-03	0.00000e+00
  3.05e-02	  2.34e-03	0.00000e+00
  3.05e-02	  2.86e-03	0.00000e+00
  3.05e-02	  3.39e-03	0.00000e+00
  3.05e-02	  3.91e-03	0.00000e+00
  3.05e-02	  4.43e-03	0.00000e+00
  3.05e-02	  4.95e-03	5.53899e-297
  3.05e-02	  5.47e-03	3.69228e-264
  3.05e-02	  5.99e-03	2.46124e-231
  3.05e-02	  6.51e-03	1.64062e-198
  3.05e-02	  7.03e-03	1.09360e-165
  3.05e-02	  7.55e-03	7.28964e-133
  3.05e-02	  8.07e-03	4.85900e-100
  3.05e-02	  8.59e-03	3.23880e-67
  3.05e-02	  9.11e-03	2.15881e-34
  3.05e-02	  9.64e-03	7.48013e-02
  3.05e-02	  1.02e-02	1.22471e-01
  3.05e-02	  1.07e-02	1.61140e-01
  3.05e-02	  1.12e-02	1.86766e-01
  3.05e-02	  1.17e-02	1.97859e-01
  3.05e-02	  1.22e-02	2.01240e-01
  3.05e-02	  1.28e-02	2.02218e-01
  3.05e-02	  1.33e-02	2.02600e-01
  3.05e-02	  1.38e-02	2.02839e-01
  3.05e-02	  1.43e-02	2.03045e-01
  3.05e-02	  1.48e-02	2.03251e-01
  3.05e-02	  1.54e-02	2.03466e-01
  3.05e-02	  1.59e-02	2.03695e-01
  3.05e-02	  1.64e-02	2.03941e-01
  3.05e-02	  1.69e-02	2.04203e-01
  3.05e-02	  1.74e-02	2.04481e-01
  3.05e-02	  1.80e-02	2.04775e-01
  3.05e-02	  1.85e-02	2.05083e-01
  3.05e-02	  1.90e-02	2.05404e-01
  3.05e-02	  1.95e-02	2.05735e-01
  3.05e-02	  2.01e-02	2.06074e-01
  3.05e-02	  2.06e-02	2.06420e-01
  3.05e-02	  2.11e-02	2.06770e-01
  3.05e-02	  2.16e-02	2.07120e-01
  3.05e-02	  2.21e-02	2.07468e-01
  3.05e-02	  2.27e-02	2.07811e-01
  3.05e-02	  2.32e-02	2.08147e-01
  3.05e-02	  2.37e-02	2.08473e-01
  3.05e-02	  2.42e-02	2.08787e-01
  3.05e-02	  2.47e-02	2.09087e-01
  3.05e-02	  2.53e-02	2.09373e-01
  3.05e-02	  2.58e-02	2.09645e-01
  3.05e-02	  2.63e-02	2.09902e-01
  3.05e-02	  2.68e-02	2.10146e-01
  3.05e-02	  2.73e-02	2.10377e-01
  3.05e-02	  2.79e-02	2.10598e-01
  3.05e-02	  2.84e-02	2.10809e-01
  3.05e-02	  2.89e-02	2.11011e-01
  3.05e-02	  2.94e-02	2.11207e-01
  3.05e-02	  2.99e-02	2.11397e-01
  3.05e-02	  3.05e-02	2.11582e-01
  3.05e-02	  3.10e-02	2.11762e-01
  3.05e-02	  3.15e-02	2.11938e-01
  3.05e-02	  3.20e-02	2.12110e-01
  3.05e-02	  3.26e-02	2.12278e-01
  3.05e-02	  3.31e-02	2.12443e-01
  3.05e-02	  3.36e-02	2.12603e-01
  3.05e-02	  3.41e-02	2.12758e-01
  3.05e-02	  3.46e-02	2.12906e-01
  3.05e-02	  3.52e-02	2.13046e-01
  3.05e-02	  3.57e-02	2.13174e-01
  3.05e-02	  3.62e-02	2.13284e-01
  3.05e-02	  3.67e-02	2.13337e-01
  3.05e-02	  3.72e-02	2.13154e-01
  3.05e-02	  3.78e-02	2.11792e-01
  3.05e-02	  3.83e-02	2.05055e-01
  3.05e-02	  3.88e-02	1.84003e-01
  3.05e-02	  3.93e-02	1.46002e-01
  3.05e-02	  3.98e-02	9.48702e-02
  3.05e-02	  4.04e-02	2.90360e-34
  3.05e-02	  4.09e-02	4.35512e-67
  3.05e-02	  4.14e-02	6.53224e-100
  3.05e-02	  4.19e-02	9.79764e-133
  3.05e-02	  4.24e-02	1.46953e-165
  3.05e-02	  4.30e-02	2.20411e-198
  3.05e-02	  4.35e-02	3.30589e-231
  3.05e-02	  4.40e-02	4.95840e-264
  3.05e-02	  4.45e-02	7.43693e-297
  3.05e-02	  4.51e-02	0.00000e+00
  3.05e-02	  4.56e-02	0.00000e+00
  3.05e-02	  4.61e-02	0.00000e+00
  3.05e-02	  4.66e-02	0.00000e+00
  3.05e-02	  4.71e-02	0.00000e+00
  3.05e-02	  4.77e-02	0.00000e+00
  3.05e-02	  4.82e-02	0.00000e+00
  3.05e-02	  4.87e-02	0.00000e+00
  3.05e-02	  4.92e-02	0.00000e+00
  3.05e-02	  4.97e-02	0.00000e+00

  3.13e-02	  2.60e-04	0.00000e+00
  3.13e-02	  7.81e-04	0.00000e+00
  3.13e-02	  1.30e-03	0.00000e+00
  3.13e-02	  1.82e-03	0.00000e+00
  3.13e-02	  2.34e-03	0.00000e+00
  3.13e-02	  2.86e-03	0.00000e+00
  3.13e-02	  3.39e-03	0.00000e+00
  3.13e-02	  3.91e-03	0.00000e+00
  3.13e-02	  4.43e-03	0.00000e+00
  3.13e-02	  4.95e-03	5.30539e-297
  3.13e-02	  5.47e-03	3.53653e-264
  3.13e-02	  5.99e-03	2.35740e-231
  3.13e-02	  6.51e-03	1.57139e-198
  3.13e-02	  7.03e-03	1.04744e-165
  3.13e-02	  7.55e-03	6.98180e-133
  3.13e-02	  8.07e-03	4.65373e-100
  3.13e-02	  8.59e-03	3.10191e-67
  3.13e-02	  9.11e-03	2.06753e-34
  3.13e-02	  9.64e-03	7.22385e-02
  3.13e-02	  1.02e-02	1.19253e-01
  3.13e-02	  1.07e-02	1.57834e-01
  3.13e-02	  1.12e-02	1.84391e-01
  3.13e-02	  1.17e-02	1.96533e-01
  3.13e-02	  1.22e-02	2.00478e-01
  3.13e-02	  1.28e-02	2.01689e-01
  3.13e-02	  1.33e-02	2.02192e-01
  3.13e-02	  1.38e-02	2.02514e-01
  3.13e-02	  1.43e-02	2.02790e-01
  3.13e-02	  1.48e-02	2.03057e-01
  3.13e-02	  1.54e-02	2.03328e-01
  3.13e-02	  1.59e-02	2.03608e-01
  3.13e-02	  1.64e-02	2.03901e-01
  3.13e-02	  1.69e-02	2.04207e-01
  3.13e-02	  1.74e-02	2.04527e-01
  3.13e-02	  1.80e-02	2.04862e-01
  3.13e-02	  1.85e-02	2.05209e-01
  3.13e-02	  1.90e-02	2.05570e-01
  3.13e-02	  1.95e-02	2.05941e-01
  3.13e-02	  2.01e-02	2.06323e-01
  3.13e-02	  2.06e-02	2.06711e-01
  3.13e-02	  2.11e-02	2.07104e-01
  3.13e-02	  2.16e-02	2.07497e-01
  3.13e-02	  2.21e-02	2.07888e-01
  3.13e-02	  2.27e-02	2.08272e-01
  3.13e-02	  2.32e-02	2.08646e-01
  3.13e-02	  2.37e-02	2.09007e-01
  3.13e-02	  2.42e-02	2.09351e-01
  3.13e-02	  2.47e-02	2.09678e-01
  3.13e-02	  2.53e-02	2.09985e-01
  3.13e-02	  2.58e-02	2.10273e-01
  3.13e-02	  2.63e-02	2.10542e-01
  3.13e-02	  2.68e-02	2.10795e-01
  3.13e-02	  2.73e-02	2.11032e-01
  3.13e-02	  2.79e-02	2.11257e-01
  3.13e-02	  2.84e-02	2.11471e-01
  3.13e-02	  2.89e-02	2.11677e-01
  3.13e-02	  2.94e-02	2.11875e-01
  3.13e-02	  2.99e-02	2.12068e-01
  3.13e-02	  3.05e-02	2.12255e-01
  3.13e-02	  3.10e-02	2.12436e-01
  3.13e-02	  3.15e-02	2.12612e-01
  3.13e-02	  3.20e-02	2.12781e-01
  3.13e-02	  3.26e-02	2.12942e-01
  3.13e-02	  3.31e-02	2.13094e-01
  3.13e-02	  3.36e-02	2.13235e-01
  3.13e-02	  3.41e-02	2.13364e-01
  3.13e-02	  3.46e-02	2.13479e-01
  3.13e-02	  3.52e-02	2.13579e-01
  3.13e-02	  3.57e-02	2.13660e-01
  3.13e-02	  3.62e-02	2.13714e-01
  3.13e-02	  3.67e-02	2.13700e-01
  3.13e-02	  3.72e-02	2.13418e-01
  3.13e-02	  3.78e-02	2.11838e-01
  3.13e-02	  3.83e-02	2.04559e-01
  3.13e-02	  3.88e-02	1.82820e-01
  3.13e-02	  3.93e-02	1.44730e-01
  3.13e-02	  3.98e-02	9.38820e-02
  3.13e-02	  4.04e-02	2.86564e-34
  3.13e-02	  4.09e-02	4.29820e-67
  3.13e-02	  4.14e-02	6.44684e-100
  3.13e-02	  4.19e-02	9.66949e-133
  3.13e-02	  4.24e-02	1.45030e-165
  3.13e-02	  4.30e-02	2.17525e-198
  3.13e-02	  4.35e-02	3.26257e-231
  3.13e-02	  4.40e-02	4.89338e-264
  3.13e-02	  4.45e-02	7.33932e-297
  3.13e-02	  4.51e-02	0.00000e+00
  3.13e-02	  4.56e-02	0.00000e+00
  3.13e-02	  4.61e-02	0.00000e+00
  3.13e-02	  4.66e-02	0.00000e+00
  3.13e-02	  4.71e-02	0.00000e+00
  3.13e-02	  4.77e-02	0.00000e+00
  3.13e-02	  4.82e-02	0.00000e+00
  3.13e-02	  4.87e-02	0.00000e+00
  3.13e-02	  4.92e-02	0.00000e+00
  3.13e-02	  4.97e-02	0.00000e+00

  3.20e-02	  2.60e-04	0.00000e+00
  3.20e-02	  7.81e-04	0.00000e+00
  3.20e-02	  1.30e-03	0.00000e+00
  3.20e-02	  1.82e-03	0.00000e+00
  3.20e-02	  2.34e-03	0.00000e+00
  3.20e-02	  2.86e-03	0.00000e+00
  3.20e-02	  3.39e-03	0.00000e+00
  3.20e-02	  3.91e-03	0.00000e+00
  3.20e-02	  4.43e-03	0.00000e+00
  3.20e-02	  4.95e-03	5.05914e-297
  3.20e-02	  5.47e-03	3.37235e-264
  3.20e-02	  5.99e-03	2.24794e-231
  3.20e-02	  6.51e-03	1.49840e-198
  3.20e-02	  7.03e-03	9.98772e-166
  3.20e-02	  7.55e-03	6.65730e-133
  3.20e-02	  8.07e-03	4.43735e-100
  3.20e-02	  8.59e-03	2.95762e-67
  3.20e-02	  9.11e-03	1.97130e-34
  3.20e-02	  9.64e-03	6.95083e-02
  3.20e-02	  1.02e-02	1.15838e-01
  3.20e-02	  1.07e-02	1.54282e-01
  3.20e-02	  1.12e-02	1.81766e-01
  3.20e-02	  1.17e-02	1.95013e-01
  3.20e-02	  1.22e-02	1.99601e-01
  3.20e-02	  1.28e-02	2.01107e-01
  3.20e-02	  1.33e-02	2.01754e-01
  3.20e-02	  1.38e-02	2.02175e-01
  3.20e-02	  1.43e-02	2.02530e-01
  3.20e-02	  1.48e-02	2.02865e-01
  3.20e-02	  1.54e-02	2.03197e-01
  3.20e-02	  1.59e-02	2.03532e-01
  3.20e-02	  1.64e-02	2.03873e-01
  3.20e-02	  1.69e-02	2.04223e-01
  3.20e-02	  1.74e-02	2.04584e-01
  3.20e-02	  1.80e-02	2.04957e-01
  3.20e-02	  1.85e-02	2.05344e-01
  3.20e-02	  1.90e-02	2.05744e-01
  3.20e-02	  1.95e-02	2.06158e-01
  3.20e-02	  2.01e-02	2.06583e-01
  3.20e-02	  2.06e-02	2.07019e-01
  3.20e-02	  2.11e-02	2.07460e-01
  3.20e-02	  2.16e-02	2.07904e-01
  3.20e-02	  2.21e-02	2.08345e-01
  3.20e-02	  2.27e-02	2.08778e-01
  3.20e-02	  2.32e-02	2.09197e-01
  3.20e-02	  2.37e-02	2.09598e-01
  3.20e-02	  2.42e-02	2.09978e-01
  3.20e-02	  2.47e-02	2.10332e-01
  3.20e-02	  2.53e-02	2.10661e-01
  3.20e-02	  2.58e-02	2.10964e-01
  3.20e-02	  2.63e-02	2.11243e-01
  3.20e-02	  2.68e-02	2.11501e-01
  3.20e-02	  2.73e-02	2.11740e-01
  3.20e-02	  2.79e-02	2.11965e-01
  3.20e-02	  2.84e-02	2.12180e-01
  3.20e-02	  2.89e-02	2.12386e-01
  3.20e-02	  2.94e-02	2.12587e-01
  3.20e-02	  2.99e-02	2.12784e-01
  3.20e-02	  3.05e-02	2.12976e-01
  3.20e-02	  3.10e-02	2.13163e-01
  3.20e-02	  3.15e-02	2.13343e-01
  3.20e-02	  3.20e-02	2.13513e-01
  3.20e-02	  3.26e-02	2.13671e-01
  3.20e-02	  3.31e-02	2.13813e-01
  3.20e-02	  3.36e-02	2.13936e-01
  3.20e-02	  3.41e-02	2.14038e-01
  3.20e-02	  3.46e-02	2.14115e-01
  3.20e-02	  3.52e-02	2.14167e-01
  3.20e-02	  3.57e-02	2.14191e-01
  3.20e-02	  3.62e-02	2.14176e-01
  3.20e-02	  3.67e-02	2.14078e-01
  3.20e-02	  3.72e-02	2.13674e-01
  3.20e-02	  3.78e-02	2.11840e-01
  3.20e-02	  3.83e-02	2.03967e-01
  3.20e-02	  3.88e-02	1.81529e-01
  3.20e-02	  3.93e-02	1.43362e-01
  3.20e-02	  3.98e-02	9.27935e-02
  3.20e-02	  4.04e-02	2.82397e-34
  3.20e-02	  4.09e-02	4.23569e-67
  3.20e-02	  4.14e-02	6.35307e-100
  3.20e-02	  4.19e-02	9.52882e-133
  3.20e-02	  4.24e-02	1.42919e-165
  3.20e-02	  4.30e-02	2.14357e-198
  3.20e-02	  4.35e-02	3.21502e-231
  3.20e-02	  4.40e-02	4.82199e-264
  3.20e-02	  4.45e-02	7.23215e-297
  3.20e-02	  4.51e-02	0.00000e+00
  3.20e-02	  4.56e-02	0.00000e+00
  3.20e-02	  4.61e-02	0.00000e+00
  3.20e-02	  4.66e-02	0.00000e+00
  3.20e-02	  4.71e-02	0.00000e+00
  3.20e-02	  4.77e-02	0.00000e+00
  3.20e-02	  4.82e-02	0.00000e+00
  3.20e-02	  4.87e-02	0.00000e+00
  3.20e-02	  4.92e-02	0.00000e+00
  3.20e-02	  4.97e-02	0.00000e+00

  3.28e-02	  2.60e-04	0.00000e+00
  3.28e-02	  7.81e-04	0.00000e+00
  3.28e-02	  1.30e-03	0.00000e+00
  3.28e-02	  1.82e-03	0.00000e+00
  3.28e-02	  2.34e-03	0.00000e+00
  3.28e-02	  2.86e-03	0.00000e+00
  3.28e-02	  3.39e-03	0.00000e+00
  3.28e-02	  3.91e-03	0.00000e+00
  3.28e-02	  4.43e-03	0.00000e+00
  3.28e-02	  4.95e-03	4.79810e-297
  3.28e-02	  5.47e-03	3.19832e-264
  3.28e-02	  5.99e-03	2.13190e-231
  3.28e-02	  6.51e-03	1.42104e-198
  3.28e-02	  7.03e-03	9.47187e-166
  3.28e-02	  7.55e-03	6.31333e-133
  3.28e-02	  8.07e-03	4.20798e-100
  3.28e-02	  8.59e-03	2.80467e-67
  3.28e-02	  9.11e-03	1.86931e-34
  3.28e-02	  9.64e-03	6.65806e-02
  3.28e-02	  1.02e-02	1.12190e-01
  3.28e-02	  1.07e-02	1.50448e-01
  3.28e-02	  1.12e-02	1.78862e-01
  3.28e-02	  1.17e-02	1.93271e-01
  3.28e-02	  1.22e-02	1.98588e-01
  3.28e-02	  1.28e-02	2.00469e-01
  3.28e-02	  1.33e-02	2.01295e-01
  3.28e-02	  1.38e-02	2.01832e-01
  3.28e-02	  1.43e-02	2.02279e-01
  3.28e-02	  1.48e-02	2.02692e-01
  3.28e-02	  1.54e-02	2.03089e-01
  3.28e-02	  1.59e-02	2.03479e-01
  3.28e-02	  1.64e-02	2.03867e-01
  3.28e-02	  1.69e-02	2.04258e-01
  3.28e-02	  1.74e-02	2.04655e-01
  3.28e-02	  1.80e-02	2.05063e-01
  3.28e-02	  1.85e-02	2.05484e-01
  3.28e-02	  1.90e-02	2.05922e-01
  3.28e-02	  1.95e-02	2.06378e-01
  3.28e-02	  2.01e-02	2.06851e-01
  3.28e-02	  2.06e-02	2.07339e-01
  3.28e-02	  2.11e-02	2.07838e-01
  3.28e-02	  2.16e-02	2.08342e-01
  3.28e-02	  2.21e-02	2.08844e-01
  3.28e-02	  2.27e-02	2.09336e-01
  3.28e-02	  2.32e-02	2.09811e-01
  3.28e-02	  2.37e-02	2.10261e-01
  3.28e-02	  2.42e-02	2.10681e-01
  3.28e-02	  2.47e-02	2.11066e-01
  3.28e-02	  2.53e-02	2.11417e-01
  3.28e-02	  2.58e-02	2.11732e-01
  3.28e-02	  2.63e-02	2.12015e-01
  3.28e-02	  2.68e-02	2.12271e-01
  3.28e-02	  2.73e-02	2.12505e-01
  3.28e-02	  2.79e-02	2.12724e-01
  3.28e-02	  2.84e-02	2.12932e-01
  3.28e-02	  2.89e-02	2.13137e-01
  3.28e-02	  2.94e-02	2.13339e-01
  3.28e-02	  2.99e-02	2.13543e-01
  3.28e-02	  3.05e-02	2.13746e-01
  3.28e-02	  3.10e-02	2.13946e-01
  3.28e-02	  3.15e-02	2.14138e-01
  3.28e-02	  3.20e-02	2.14319e-01
  3.28e-02	  3.26e-02	2.14481e-01
  3.28e-02	  3.31e-02	2.14619e-01
  3.28e-02	  3.36e-02	2.14727e-01
  3.28e-02	  3.41e-02	2.14801e-01
  3.28e-02	  3.46e-02	2.14836e-01
  3.28e-02	  3.52e-02	2.14831e-01
  3.28e-02	  3.57e-02	2.14784e-01
  3.28e-02	  3.62e-02	2.14683e-01
  3.28e-02	  3.67e-02	2.14479e-01
  3.28e-02	  3.72e-02	2.13922e-01
  3.28e-02	  3.78e-02	2.11786e-01
  3.28e-02	  3.83e-02	2.03253e-01
  3.28e-02	  3.88e-02	1.80095e-01
  3.28e-02	  3.93e-02	1.41851e-01
  3.28e-02	  3.98e-02	9.15607e-02
  3.28e-02	  4.04e-02	2.77694e-34
  3.28e-02	  4.09e-02	4.16516e-67
  3.28e-02	  4.14e-02	6.24727e-100
  3.28e-02	  4.19e-02	9.37008e-133
  3.28e-02	  4.24e-02	1.40537e-165
  3.28e-02	  4.30e-02	2.10782e-198
  3.28e-02	  4.35e-02	3.16136e-231
  3.28e-02	  4.40e-02	4.74144e-264
  3.28e-02	  4.45e-02	7.11121e-297
  3.28e-02	  4.51e-02	0.00000e+00
  3.28e-02	  4.56e-02	0.00000e+00
  3.28e-02	  4.61e-02	0.00000e+00
  3.28e-02	  4.66e-02	0.00000e+00
  3.28e-02	  4.71e-02	0.00000e+00
  3.28e-02	  4.77e-02	0.00000e+00
  3.28e-02	  4.82e-02	0.00000e+00
  3.28e-02	  4.87e-02	0.00000e+00
  3.28e-02	  4.92e-02	0.00000e+00
  3.28e-02	  4.97e-02	0.00000e+00

  3.36e-02	  2.60e-04	0.00000e+00
  3.36e-02	  7.81e-04	0.00000e+00
  3.36e-02	  1.30e-03	0.00000e+00
  3.36e-02	  1.82e-03	0.00000e+00
  3.36e-02	  2.34e-03	0.00000e+00
  3.36e-02	  2.86e-03	0.00000e+00
  3.36e-02	  3.39e-03	0.00000e+00
  3.36e-02	  3.91e-03	0.00000e+00
  3.36e-02	  4.43e-03	0.00000e+00
  3.36e-02	  4.95e-03	4.51993e-297
  3.36e-02	  5.47e-03	3.01286e-264
  3.36e-02	  5.99e-03	2.00825e-231
  3.36e-02	  6.51e-03	1.33859e-198
  3.36e-02	  7.03e-03	8.92216e-166
  3.36e-02	  7.55e-03	5.94679e-133
  3.36e-02	  8.07e-03	3.96356e-100
  3.36e-02	  8.59e-03	2.64168e-67
  3.36e-02	  9.11e-03	1.76062e-34
  3.36e-02	  9.64e-03	6.34203e-02
  3.36e-02	  1.02e-02	1.08267e-01
  3.36e-02	  1.07e-02	1.46292e-01
  3.36e-02	  1.12e-02	1.75641e-01
  3.36e-02	  1.17e-02	1.91274e-01
  3.36e-02	  1.22e-02	1.97420e-01
  3.36e-02	  1.28e-02	1.99769e-01
  3.36e-02	  1.33e-02	2.00822e-01
  3.36e-02	  1.38e-02	2.01502e-01
  3.36e-02	  1.43e-02	2.02057e-01
  3.36e-02	  1.48e-02	2.02556e-01
  3.36e-02	  1.54e-02	2.03022e-01
  3.36e-02	  1.59e-02	2.03467e-01
  3.36e-02	  1.64e-02	2.03897e-01
  3.36e-02	  1.69e-02	2.04321e-01
  3.36e-02	  1.74e-02	2.04745e-01
  3.36e-02	  1.80e-02	2.05177e-01
  3.36e-02	  1.85e-02	2.05625e-01
  3.36e-02	  1.90e-02	2.06095e-01
  3.36e-02	  1.95e-02	2.06591e-01
  3.36e-02	  2.01e-02	2.07114e-01
  3.36e-02	  2.06e-02	2.07661e-01
  3.36e-02	  2.11e-02	2.08229e-01
  3.36e-02	  2.16e-02	2.08808e-01
  3.36e-02	  2.21e-02	2.09387e-01
  3.36e-02	  2.27e-02	2.09956e-01
  3.36e-02	  2.32e-02	2.10501e-01
  3.36e-02	  2.37e-02	2.11013e-01
  3.36e-02	  2.42e-02	2.11481e-01
  3.36e-02	  2.47e-02	2.11902e-01
  3.36e-02	  2.53e-02	2.12272e-01
  3.36e-02	  2.58e-02	2.12594e-01
  3.36e-02	  2.63e-02	2.12872e-01
  3.36e-02	  2.68e-02	2.13114e-01
  3.36e-02	  2.73e-02	2.13329e-01
  3.36e-02	  2.79e-02	2.13529e-01
  3.36e-02	  2.84e-02	2.13723e-01
  3.36e-02	  2.89e-02	2.13919e-01
  3.36e-02	  2.94e-02	2.14122e-01
  3.36e-02	  2.99e-02	2.14336e-01
  3.36e-02	  3.05e-02	2.14558e-01
  3.36e-02	  3.10e-02	2.14783e-01
  3.36e-02	  3.15e-02	2.15004e-01
  3.36e-02	  3.20e-02	2.15210e-01
  3.36e-02	  3.26e-02	2.15392e-01
  3.36e-02	  3.31e-02	2.15538e-01
  3.36e-02	  3.36e-02	2.15638e-01
  3.36e-02	  3.41e-02	2.15685e-01
  3.36e-02	  3.46e-02	2.15674e-01
  3.36e-02	  3.52e-02	2.15601e-01
  3.36e-02	  3.57e-02	2.15466e-01
  3.36e-02	  3.62e-02	2.15256e-01
  3.36e-02	  3.67e-02	2.14915e-01
  3.36e-02	  3.72e-02	2.14165e-01
  3.36e-02	  3.78e-02	2.11661e-01
  3.36e-02	  3.83e-02	2.02382e-01
  3.36e-02	  3.88e-02	1.78465e-01
  3.36e-02	  3.93e-02	1.40136e-01
  3.36e-02	  3.98e-02	9.01265e-02
  3.36e-02	  4.04e-02	2.72246e-34
  3.36e-02	  4.09e-02	4.08345e-67
  3.36e-02	  4.14e-02	6.12471e-100
  3.36e-02	  4.19e-02	9.18621e-133
  3.36e-02	  4.24e-02	1.37778e-165
  3.36e-02	  4.30e-02	2.06642e-198
  3.36e-02	  4.35e-02	3.09921e-231
  3.36e-02	  4.40e-02	4.64814e-264
  3.36e-02	  4.45e-02	6.97112e-297
  3.36e-02	  4.51e-02	0.00000e+00
  3.36e-02	  4.56e-02	0.00000e+00
  3.36e-02	  4.61e-02	0.00000e+00
  3.36e-02	  4.66e-02	0.00000e+00
  3.36e-02	  4.71e-02	0.00000e+00
  3.36e-02	  4.77e-02	0.00000e+00
  3.36e-02	  4.82e-02	0.00000e+00
  3.36e-02	  4.87e-02	0.00000e+00
  3.36e-02	  4.92e-02	0.00000e+00
  3.36e-02	  4.97e-02	0.00000e+00

  3.44e-02	  2.60e-04	0.00000e+00
  3.44e-02	  7.81e-04	0.00000e+00
  3.44e-02	  1.30e-03	0.00000e+00
  3.44e-02	  1.82e-03	0.00000e+00
  3.44e-02	  2.34e-03	0.00000e+00
  3.44e-02	  2.86e-03	0.00000e+00
  3.44e-02	  3.39e-03	0.00000e+00
  3.44e-02	  3.91e-03	0.00000e+00
  3.44e-02	  4.43e-03	0.00000e+00
  3.44e-02	  4.95e-03	4.22195e-297
  3.44e-02	  5.47e-03	2.81421e-264
  3.44e-02	  5.99e-03	1.87580e-231
  3.44e-02	  6.51e-03	1.25028e-198
  3.44e-02	  7.03e-03	8.33333e-166
  3.44e-02	  7.55e-03	5.55416e-133
  3.44e-02	  8.07e-03	3.70176e-100
  3.44e-02	  8.59e-03	2.46710e-67
  3.44e-02	  9.11e-03	1.64420e-34
  3.44e-02	  9.64e-03	5.99856e-02
  3.44e-02	  1.02e-02	1.04017e-01
  3.44e-02	  1.07e-02	1.41760e-01
  3.44e-02	  1.12e-02	1.72058e-01
  3.44e-02	  1.17e-02	1.88979e-01
  3.44e-02	  1.22e-02	1.96080e-01
  3.44e-02	  1.28e-02	1.98991e-01
  3.44e-02	  1.33e-02	2.00352e-01
  3.44e-02	  1.38e-02	2.01211e-01
  3.44e-02	  1.43e-02	2.01894e-01
  3.44e-02	  1.48e-02	2.02490e-01
  3.44e-02	  1.54e-02	2.03029e-01
  3.44e-02	  1.59e-02	2.03524e-01
  3.44e-02	  1.64e-02	2.03986e-01
  3.44e-02	  1.69e-02	2.04426e-01
  3.44e-02	  1.74e-02	2.04858e-01
  3.44e-02	  1.80e-02	2.05297e-01
  3.44e-02	  1.85e-02	2.05755e-01
  3.44e-02	  1.90e-02	2.06245e-01
  3.44e-02	  1.95e-02	2.06775e-01
  3.44e-02	  2.01e-02	2.07350e-01
  3.44e-02	  2.06e-02	2.07967e-01
  3.44e-02	  2.11e-02	2.08620e-01
  3.44e-02	  2.16e-02	2.09296e-01
  3.44e-02	  2.21e-02	2.09979e-01
  3.44e-02	  2.27e-02	2.10650e-01
  3.44e-02	  2.32e-02	2.11290e-01
  3.44e-02	  2.37e-02	2.11882e-01
  3.44e-02	  2.42e-02	2.12412e-01
  3.44e-02	  2.47e-02	2.12872e-01
  3.44e-02	  2.53e-02	2.13260e-01
  3.44e-02	  2.58e-02	2.13576e-01
  3.44e-02	  2.63e-02	2.13832e-01
  3.44e-02	  2.68e-02	2.14039e-01
  3.44e-02	  2.73e-02	2.14213e-01
  3.44e-02	  2.79e-02	2.14373e-01
  3.44e-02	  2.84e-02	2.14535e-01
  3.44e-02	  2.89e-02	2.14712e-01
  3.44e-02	  2.94e-02	2.14914e-01
  3.44e-02	  2.99e-02	2.15144e-01
  3.44e-02	  3.05e-02	2.15398e-01
  3.44e-02	  3.10e-02	2.15669e-01
  3.44e-02	  3.15e-02	2.15943e-01
  3.44e-02	  3.20e-02	2.16202e-01
  3.44e-02	  3.26e-02	2.16428e-01
  3.44e-02	  3.31e-02	2.16603e-01
  3.44e-02	  3.36e-02	2.16710e-01
  3.44e-02	  3.41e-02	2.16737e-01
  3.44e-02	  3.46e-02	2.16675e-01
  3.44e-02	  3.52e-02	2.16523e-01
  3.44e-02	  3.57e-02	2.16277e-01
  3.44e-02	  3.62e-02	2.15926e-01
  3.44e-02	  3.67e-02	2.15407e-01
  3.44e-02	  3.72e-02	2.14406e-01
  3.44e-02	  3.78e-02	2.11445e-01
  3.44e-02	  3.83e-02	2.01305e-01
  3.44e-02	  3.88e-02	1.76571e-01
  3.44e-02	  3.93e-02	1.38137e-01
  3.44e-02	  3.98e-02	8.84164e-02
  3.44e-02	  4.04e-02	2.65782e-34
  3.44e-02	  4.09e-02	3.98652e-67
  3.44e-02	  4.14e-02	5.97932e-100
  3.44e-02	  4.19e-02	8.96809e-133
  3.44e-02	  4.24e-02	1.34505e-165
  3.44e-02	  4.30e-02	2.01730e-198
  3.44e-02	  4.35e-02	3.02549e-231
  3.44e-02	  4.40e-02	4.53747e-264
  3.44e-02	  4.45e-02	6.80497e-297
  3.44e-02	  4.51e-02	0.00000e+00
  3.44e-02	  4.56e-02	0.00000e+00
  3.44e-02	  4.61e-02	0.00000e+00
  3.44e-02	  4.66e-02	0.00000e+00
  3.44e-02	  4.71e-02	0.00000e+00
  3.44e-02	  4.77e-02	0.00000e+00
  3.44e-02	  4.82e-02	0.00000e+00
  3.44e-02	  4.87e-02	0.00000e+00
  3.44e-02	  4.92e-02	0.00000e+00
  3.44e-02	  4.97e-02	0.00000e+00

  3.52e-02	  2.60e-04	0.00000e+00
  3.52e-02	  7.81e-04	0.00000e+00
  3.52e-02	  1.30e-03	0.00000e+00
  3.52e-02	  1.82e-03	0.00000e+00
  3.52e-02	  2.34e-03	0.00000e+00
  3.52e-02	  2.86e-03	0.00000e+00
  3.52e-02	  3.39e-03	0.00000e+00
  3.52e-02	  3.91e-03	0.00000e+00
  3.52e-02	  4.43e-03	0.00000e+00
  3.52e-02	  4.95e-03	3.90112e-297
  3.52e-02	  5.47e-03	2.60031e-264
  3.52e-02	  5.99e-03	1.73320e-231
  3.52e-02	  6.51e-03	1.15520e-198
  3.52e-02	  7.03e-03	7.69937e-166
  3.52e-02	  7.55e-03	5.13144e-133
  3.52e-02	  8.07e-03	3.41988e-100
  3.52e-02	  8.59e-03	2.27914e-67
  3.52e-02	  9.11e-03	1.51886e-34
  3.52e-02	  9.64e-03	5.62262e-02
  3.52e-02	  1.02e-02	9.93768e-02
  3.52e-02	  1.07e-02	1.36788e-01
  3.52e-02	  1.12e-02	1.68057e-01
  3.52e-02	  1.17e-02	1.86336e-01
  3.52e-02	  1.22e-02	1.94543e-01
  3.52e-02	  1.28e-02	1.98130e-01
  3.52e-02	  1.33e-02	1.99905e-01
  3.52e-02	  1.38e-02	2.00996e-01
  3.52e-02	  1.43e-02	2.01836e-01
  3.52e-02	  1.48e-02	2.02544e-01
  3.52e-02	  1.54e-02	2.03156e-01
  3.52e-02	  1.59e-02	2.03691e-01
  3.52e-02	  1.64e-02	2.04164e-01
  3.52e-02	  1.69e-02	2.04594e-01
  3.52e-02	  1.74e-02	2.05002e-01
  3.52e-02	  1.80e-02	2.05413e-01
  3.52e-02	  1.85e-02	2.05851e-01
  3.52e-02	  1.90e-02	2.06339e-01
  3.52e-02	  1.95e-02	2.06892e-01
  3.52e-02	  2.01e-02	2.07519e-01
  3.52e-02	  2.06e-02	2.08221e-01
  3.52e-02	  2.11e-02	2.08986e-01
  3.52e-02	  2.16e-02	2.09794e-01
  3.52e-02	  2.21e-02	2.10621e-01
  3.52e-02	  2.27e-02	2.11436e-01
  3.52e-02	  2.32e-02	2.12208e-01
  3.52e-02	  2.37e-02	2.12911e-01
  3.52e-02	  2.42e-02	2.13522e-01
  3.52e-02	  2.47e-02	2.14029e-01
  3.52e-02	  2.53e-02	2.14426e-01
  3.52e-02	  2.58e-02	2.14720e-01
  3.52e-02	  2.63e-02	2.14924e-01
  3.52e-02	  2.68e-02	2.15060e-01
  3.52e-02	  2.73e-02	2.15156e-01
  3.52e-02	  2.79e-02	2.15240e-01
  3.52e-02	  2.84e-02	2.15340e-01
  3.52e-02	  2.89e-02	2.15480e-01
  3.52e-02	  2.94e-02	2.15674e-01
  3.52e-02	  2.99e-02	2.15929e-01
  3.52e-02	  3.05e-02	2.16239e-01
  3.52e-02	  3.10e-02	2.16590e-01
  3.52e-02	  3.15e-02	2.16957e-01
  3.52e-02	  3.20e-02	2.17312e-01
  3.52e-02	  3.26e-02	2.17625e-01
  3.52e-02	  3.31e-02	2.17864e-01
  3.52e-02	  3.36e-02	2.18003e-01
  3.52e-02	  3.41e-02	2.18023e-01
  3.52e-02	  3.46e-02	2.17911e-01
  3.52e-02	  3.52e-02	2.17662e-01
  3.52e-02	  3.57e-02	2.17275e-01
  3.52e-02	  3.62e-02	2.16739e-01
  3.52e-02	  3.67e-02	2.15982e-01
  3.52e-02	  3.72e-02	2.14650e-01
  3.52e-02	  3.78e-02	2.11109e-01
  3.52e-02	  3.83e-02	1.99959e-01
  3.52e-02	  3.88e-02	1.74322e-01
  3.52e-02	  3.93e-02	1.35751e-01
  3.52e-02	  3.98e-02	8.63321e-02
  3.52e-02	  4.04e-02	2.57953e-34
  3.52e-02	  4.09e-02	3.86912e-67
  3.52e-02	  4.14e-02	5.80323e-100
  3.52e-02	  4.19e-02	8.70393e-133
  3.52e-02	  4.24e-02	1.30542e-165
  3.52e-02	  4.30e-02	1.95782e-198
  3.52e-02	  4.35e-02	2.93622e-231
  3.52e-02	  4.40e-02	4.40347e-264
  3.52e-02	  4.45e-02	6.60378e-297
  3.52e-02	  4.51e-02	0.00000e+00
  3.52e-02	  4.56e-02	0.00000e+00
  3.52e-02	  4.61e-02	0.00000e+00
  3.52e-02	  4.66e-02	0.00000e+00
  3.52e-02	  4.71e-02	0.00000e+00
  3.52e-02	  4.77e-02	0.00000e+00
  3.52e-02	  4.82e-02	0.00000e+00
  3.52e-02	  4.87e-02	0.00000e+00
  3.52e-02	  4.92e-02	0.00000e+00
  3.52e-02	  4.97e-02	0.00000e+00

  3.59e-02	  2.60e-04	0.00000e+00
  3.59e-02	  7.81e-04	0.00000e+00
  3.59e-02	  1.30e-03	0.00000e+00
  3.59e-02	  1.82e-03	0.00000e+00
  3.59e-02	  2.34e-03	0.00000e+00
  3.59e-02	  2.86e-03	0.00000e+00
  3.59e-02	  3.39e-03	0.00000e+00
  3.59e-02	  3.91e-03	0.00000e+00
  3.59e-02	  4.43e-03	0.00000e+00
  3.59e-02	  4.95e-03	3.55396e-297
  3.59e-02	  5.47e-03	2.36886e-264
  3.59e-02	  5.99e-03	1.57889e-231
  3.59e-02	  6.51e-03	1.05232e-198
  3.59e-02	  7.03e-03	7.01336e-166
  3.59e-02	  7.55e-03	4.67402e-133
  3.59e-02	  8.07e-03	3.11488e-100
  3.59e-02	  8.59e-03	2.07576e-67
  3.59e-02	  9.11e-03	1.38324e-34
  3.59e-02	  9.64e-03	5.20800e-02
  3.59e-02	  1.02e-02	9.42704e-02
  3.59e-02	  1.07e-02	1.31290e-01
  3.59e-02	  1.12e-02	1.63569e-01
  3.59e-02	  1.17e-02	1.83281e-01
  3.59e-02	  1.22e-02	1.92768e-01
  3.59e-02	  1.28e-02	1.97197e-01
  3.59e-02	  1.33e-02	1.99497e-01
  3.59e-02	  1.38e-02	2.00913e-01
  3.59e-02	  1.43e-02	2.01954e-01
  3.59e-02	  1.48e-02	2.02792e-01
  3.59e-02	  1.54e-02	2.03477e-01
  3.59e-02	  1.59e-02	2.04033e-01
  3.59e-02	  1.64e-02	2.04482e-01
  3.59e-02	  1.69e-02	2.04854e-01
  3.59e-02	  1.74e-02	2.05183e-01
  3.59e-02	  1.80e-02	2.05510e-01
  3.59e-02	  1.85e-02	2.05876e-01
  3.59e-02	  1.90e-02	2.06321e-01
  3.59e-02	  1.95e-02	2.06874e-01
  3.59e-02	  2.01e-02	2.07553e-01
  3.59e-02	  2.06e-02	2.08360e-01
  3.59e-02	  2.11e-02	2.09278e-01
  3.59e-02	  2.16e-02	2.10277e-01
  3.59e-02	  2.21e-02	2.11314e-01
  3.59e-02	  2.27e-02	2.12340e-01
  3.59e-02	  2.32e-02	2.13306e-01
  3.59e-02	  2.37e-02	2.14168e-01
  3.59e-02	  2.42e-02	2.14890e-01
  3.59e-02	  2.47e-02	2.15453e-01
  3.59e-02	  2.53e-02	2.15849e-01
  3.59e-02	  2.58e-02	2.16087e-01
  3.59e-02	  2.63e-02	2.16191e-01
  3.59e-02	  2.68e-02	2.16196e-01
  3.59e-02	  2.73e-02	2.16148e-01
  3.59e-02	  2.79e-02	2.16095e-01
  3.59e-02	  2.84e-02	2.16084e-01
  3.59e-02	  2.89e-02	2.16153e-01
  3.59e-02	  2.94e-02	2.16330e-01
  3.59e-02	  2.99e-02	2.16624e-01
  3.59e-02	  3.05e-02	2.17026e-01
  3.59e-02	  3.10e-02	2.17511e-01
  3.59e-02	  3.15e-02	2.18040e-01
  3.59e-02	  3.20e-02	2.18563e-01
  3.59e-02	  3.26e-02	2.19031e-01
  3.59e-02	  3.31e-02	2.19393e-01
  3.59e-02	  3.36e-02	2.19608e-01
  3.59e-02	  3.41e-02	2.19645e-01
  3.59e-02	  3.46e-02	2.19484e-01
  3.59e-02	  3.52e-02	2.19118e-01
  3.59e-02	  3.57e-02	2.18548e-01
  3.59e-02	  3.62e-02	2.17763e-01
  3.59e-02	  3.67e-02	2.16685e-01
  3.59e-02	  3.72e-02	2.14903e-01
  3.59e-02	  3.78e-02	2.10609e-01
  3.59e-02	  3.83e-02	1.98259e-01
  3.59e-02	  3.88e-02	1.71594e-01
  3.59e-02	  3.93e-02	1.32835e-01
  3.59e-02	  3.98e-02	8.37430e-02
  3.59e-02	  4.04e-02	2.48303e-34
  3.59e-02	  4.09e-02	3.72442e-67
  3.59e-02	  4.14e-02	5.58621e-100
  3.59e-02	  4.19e-02	8.37837e-133
  3.59e-02	  4.24e-02	1.25657e-165
  3.59e-02	  4.30e-02	1.88453e-198
  3.59e-02	  4.35e-02	2.82622e-231
  3.59e-02	  4.40e-02	4.23836e-264
  3.59e-02	  4.45e-02	6.35591e-297
  3.59e-02	  4.51e-02	0.00000e+00
  3.59e-02	  4.56e-02	0.00000e+00
  3.59e-02	  4.61e-02	0.00000e+00
  3.59e-02	  4.66e-02	0.00000e+00
  3.59e-02	  4.71e-02	0.00000e+00
  3.59e-02	  4.77e-02	0.00000e+00
  3.59e-02	  4.82e-02	0.00000e+00
  3.59e-02	  4.87e-02	0.00000e+00
  3.59e-02	  4.92e-02	0.00000e+00
  3.59e-02	  4.97e-02	0.00000e+00

  3.67e-02	  2.60e-04	0.00000e+00
  3.67e-02	  7.81e-04	0.00000e+00
  3.67e-02	  1.30e-03	0.00000e+00
  3.67e-02	  1.82e-03	0.00000e+00
  3.67e-02	  2.34e-03	0.00000e+00
  3.67e-02	  2.86e-03	0.00000e+00
  3.67e-02	  3.39e-03	0.00000e+00
  3.67e-02	  3.91e-03	0.00000e+00
  3.67e-02	  4.43e-03	0.00000e+00
  3.67e-02	  4.95e-03	3.17648e-297
  3.67e-02	  5.47e-03	2.11720e-264
  3.67e-02	  5.99e-03	1.41109e-231
  3.67e-02	  6.51e-03	9.40441e-199
  3.67e-02	  7.03e-03	6.26741e-166
  3.67e-02	  7.55e-03	4.17664e-133
  3.67e-02	  8.07e-03	2.78322e-100
  3.67e-02	  8.59e-03	1.85461e-67
  3.67e-02	  9.11e-03	1.23578e-34
  3.67e-02	  9.64e-03	4.74694e-02
  3.67e-02	  1.02e-02	8.86017e-02
  3.67e-02	  1.07e-02	1.25155e-01
  3.67e-02	  1.12e-02	1.58502e-01
  3.67e-02	  1.17e-02	1.79729e-01
  3.67e-02	  1.22e-02	1.90706e-01
  3.67e-02	  1.28e-02	1.96193e-01
  3.67e-02	  1.33e-02	1.99165e-01
  3.67e-02	  1.38e-02	2.01040e-01
  3.67e-02	  1.43e-02	2.02351e-01
  3.67e-02	  1.48e-02	2.03348e-01
  3.67e-02	  1.54e-02	2.04104e-01
  3.67e-02	  1.59e-02	2.04650e-01
  3.67e-02	  1.64e-02	2.05020e-01
  3.67e-02	  1.69e-02	2.05255e-01
  3.67e-02	  1.74e-02	2.05413e-01
  3.67e-02	  1.80e-02	2.05559e-01
  3.67e-02	  1.85e-02	2.05764e-01
  3.67e-02	  1.90e-02	2.06095e-01
  3.67e-02	  1.95e-02	2.06606e-01
  3.67e-02	  2.01e-02	2.07331e-01
  3.67e-02	  2.06e-02	2.08276e-01
  3.67e-02	  2.11e-02	2.09415e-01
  3.67e-02	  2.16e-02	2.10698e-01
  3.67e-02	  2.21e-02	2.12055e-01
  3.67e-02	  2.27e-02	2.13403e-01
  3.67e-02	  2.32e-02	2.14661e-01
  3.67e-02	  2.37e-02	2.15759e-01
  3.67e-02	  2.42e-02	2.16641e-01
  3.67e-02	  2.47e-02	2.17274e-01
  3.67e-02	  2.53e-02	2.17648e-01
  3.67e-02	  2.58e-02	2.17778e-01
  3.67e-02	  2.63e-02	2.17702e-01
  3.67e-02	  2.68e-02	2.17478e-01
  3.67e-02	  2.73e-02	2.17177e-01
  3.67e-02	  2.79e-02	2.16882e-01
  3.67e-02	  2.84e-02	2.16672e-01
  3.67e-02	  2.89e-02	2.16614e-01
  3.67e-02	  2.94e-02	2.16754e-01
  3.67e-02	  2.99e-02	2.17108e-01
  3.67e-02	  3.05e-02	2.17663e-01
  3.67e-02	  3.10e-02	2.18375e-01
  3.67e-02	  3.15e-02	2.19175e-01
  3.67e-02	  3.20e-02	2.19985e-01
  3.67e-02	  3.26e-02	2.20719e-01
  3.67e-02	  3.31e-02	2.21299e-01
  3.67e-02	  3.36e-02	2.21659e-01
  3.67e-02	  3.41e-02	2.21752e-01
  3.67e-02	  3.46e-02	2.21549e-01
  3.67e-02	  3.52e-02	2.21040e-01
  3.67e-02	  3.57e-02	2.20227e-01
  3.67e-02	  3.62e-02	2.19103e-01
  3.67e-02	  3.67e-02	2.17577e-01
  3.67e-02	  3.72e-02	2.15165e-01
  3.67e-02	  3.78e-02	2.09848e-01
  3.67e-02	  3.83e-02	1.96126e-01
  3.67e-02	  3.88e-02	1.68213e-01
  3.67e-02	  3.93e-02	1.29200e-01
  3.67e-02	  3.98e-02	8.04724e-02
  3.67e-02	  4.04e-02	2.36237e-34
  3.67e-02	  4.09e-02	3.54348e-67
  3.67e-02	  4.14e-02	5.31484e-100
  3.67e-02	  4.19e-02	7.97132e-133
  3.67e-02	  4.24e-02	1.19551e-165
  3.67e-02	  4.30e-02	1.79290e-198
  3.67e-02	  4.35e-02	2.68872e-231
  3.67e-02	  4.40e-02	4.03198e-264
  3.67e-02	  4.45e-02	6.04613e-297
  3.67e-02	  4.51e-02	0.00000e+00
  3.67e-02	  4.56e-02	0.00000e+00
  3.67e-02	  4.61e-02	0.00000e+00
  3.67e-02	  4.66e-02	0.00000e+00
  3.67e-02	  4.71e-02	0.00000e+00
  3.67e-02	  4.77e-02	0.00000e+00
  3.67e-02	  4.82e-02	0.00000e+00
  3.67e-02	  4.87e-02	0.00000e+00
  3.67e-02	  4.92e-02	0.00000e+00
  3.67e-02	  4.97e-02	0.00000e+00

  3.75e-02	  2.60e-04	0.00000e+00
  3.75e-02	  7.81e-04	0.00000e+00
  3.75e-02	  1.30e-03	0.00000e+00
  3.75e-02	  1.82e-03	0.00000e+00
  3.75e-02	  2.34e-03	0.00000e+00
  3.75e-02	  2.86e-03	0.00000e+00
  3.75e-02	  3.39e-03	0.00000e+00
  3.75e-02	  3.91e-03	0.00000e+00
  3.75e-02	  4.43e-03	0.00000e+00
  3.75e-02	  4.95e-03	2.76416e-297
  3.75e-02	  5.47e-03	1.84229e-264
  3.75e-02	  5.99e-03	1.22780e-231
  3.75e-02	  6.51e-03	8.18230e-199
  3.75e-02	  7.03e-03	5.45254e-166
  3.75e-02	  7.55e-03	3.63330e-133
  3.75e-02	  8.07e-03	2.42094e-100
  3.75e-02	  8.59e-03	1.61305e-67
  3.75e-02	  9.11e-03	1.07471e-34
  3.75e-02	  9.64e-03	4.22959e-02
  3.75e-02	  1.02e-02	8.22471e-02
  3.75e-02	  1.07e-02	1.18248e-01
  3.75e-02	  1.12e-02	1.52731e-01
  3.75e-02	  1.17e-02	1.75563e-01
  3.75e-02	  1.22e-02	1.88284e-01
  3.75e-02	  1.28e-02	1.95112e-01
  3.75e-02	  1.33e-02	1.98991e-01
  3.75e-02	  1.38e-02	2.01479e-01
  3.75e-02	  1.43e-02	2.03185e-01
  3.75e-02	  1.48e-02	2.04390e-01
  3.75e-02	  1.54e-02	2.05214e-01
  3.75e-02	  1.59e-02	2.05703e-01
  3.75e-02	  1.64e-02	2.05903e-01
  3.75e-02	  1.69e-02	2.05879e-01
  3.75e-02	  1.74e-02	2.05715e-01
  3.75e-02	  1.80e-02	2.05519e-01
  3.75e-02	  1.85e-02	2.05408e-01
  3.75e-02	  1.90e-02	2.05500e-01
  3.75e-02	  1.95e-02	2.05892e-01
  3.75e-02	  2.01e-02	2.06648e-01
  3.75e-02	  2.06e-02	2.07781e-01
  3.75e-02	  2.11e-02	2.09255e-01
  3.75e-02	  2.16e-02	2.10981e-01
  3.75e-02	  2.21e-02	2.12838e-01
  3.75e-02	  2.27e-02	2.14689e-01
  3.75e-02	  2.32e-02	2.16400e-01
  3.75e-02	  2.37e-02	2.17857e-01
  3.75e-02	  2.42e-02	2.18973e-01
  3.75e-02	  2.47e-02	2.19699e-01
  3.75e-02	  2.53e-02	2.20019e-01
  3.75e-02	  2.58e-02	2.19957e-01
  3.75e-02	  2.63e-02	2.19571e-01
  3.75e-02	  2.68e-02	2.18953e-01
  3.75e-02	  2.73e-02	2.18219e-01
  3.75e-02	  2.79e-02	2.17506e-01
  3.75e-02	  2.84e-02	2.16947e-01
  3.75e-02	  2.89e-02	2.16659e-01
  3.75e-02	  2.94e-02	2.16726e-01
  3.75e-02	  2.99e-02	2.17176e-01
  3.75e-02	  3.05e-02	2.17985e-01
  3.75e-02	  3.10e-02	2.19077e-01
  3.75e-02	  3.15e-02	2.20333e-01
  3.75e-02	  3.20e-02	2.21620e-01
  3.75e-02	  3.26e-02	2.22799e-01
  3.75e-02	  3.31e-02	2.23745e-01
  3.75e-02	  3.36e-02	2.24360e-01
  3.75e-02	  3.41e-02	2.24570e-01
  3.75e-02	  3.46e-02	2.24337e-01
  3.75e-02	  3.52e-02	2.23647e-01
  3.75e-02	  3.57e-02	2.22506e-01
  3.75e-02	  3.62e-02	2.20910e-01
  3.75e-02	  3.67e-02	2.18747e-01
  3.75e-02	  3.72e-02	2.15397e-01
  3.75e-02	  3.78e-02	2.08730e-01
  3.75e-02	  3.83e-02	1.93431e-01
  3.75e-02	  3.88e-02	1.63956e-01
  3.75e-02	  3.93e-02	1.24586e-01
  3.75e-02	  3.98e-02	7.62806e-02
  3.75e-02	  4.04e-02	2.20977e-34
  3.75e-02	  4.09e-02	3.31465e-67
  3.75e-02	  4.14e-02	4.97166e-100
  3.75e-02	  4.19e-02	7.45657e-133
  3.75e-02	  4.24e-02	1.11829e-165
  3.75e-02	  4.30e-02	1.67705e-198
  3.75e-02	  4.35e-02	2.51488e-231
  3.75e-02	  4.40e-02	3.77110e-264
  3.75e-02	  4.45e-02	5.65458e-297
  3.75e-02	  4.51e-02	0.00000e+00
  3.75e-02	  4.56e-02	0.00000e+00
  3.75e-02	  4.61e-02	0.00000e+00
  3.75e-02	  4.66e-02	0.00000e+00
  3.75e-02	  4.71e-02	0.00000e+00
  3.75e-02	  4.77e-02	0.00000e+00
  3.75e-02	  4.82e-02	0.00000e+00
  3.75e-02	  4.87e-02	0.00000e+00
  3.75e-02	  4.92e-02	0.00000e+00
  3.75e-02	  4.97e-02	0.00000e+00

  3.83e-02	  2.60e-04	0.00000e+00
  3.83e-02	  7.81e-04	0.00000e+00
  3.83e-02	  1.30e-03	0.00000e+00
  3.83e-02	  1.82e-03	0.00000e+00
  3.83e-02	  2.34e-03	0.00000e+00
  3.83e-02	  2.86e-03	0.00000e+00
  3.83e-02	  3.39e-03	0.00000e+00
  3.83e-02	  3.91e-03	0.00000e+00
  3.83e-02	  4.43e-03	0.00000e+00
  3.83e-02	  4.95e-03	2.31174e-297
  3.83e-02	  5.47e-03	1.54063e-264
  3.83e-02	  5.99e-03	1.02666e-231
  3.83e-02	  6.51e-03	6.84111e-199
  3.83e-02	  7.03e-03	4.55825e-166
  3.83e-02	  7.55e-03	3.03700e-133
  3.83e-02	  8.07e-03	2.02334e-100
  3.83e-02	  8.59e-03	1.34794e-67
  3.83e-02	  9.11e-03	8.97948e-35
  3.83e-02	  9.64e-03	3.64264e-02
  3.83e-02	  1.02e-02	7.50340e-02
  3.83e-02	  1.07e-02	1.10447e-01
  3.83e-02	  1.12e-02	1.46044e-01
  3.83e-02	  1.17e-02	1.70620e-01
  3.83e-02	  1.22e-02	1.85394e-01
  3.83e-02	  1.28e-02	1.93942e-01
  3.83e-02	  1.33e-02	1.99069e-01
  3.83e-02	  1.38e-02	2.02404e-01
  3.83e-02	  1.43e-02	2.04687e-01
  3.83e-02	  1.48e-02	2.06187e-01
  3.83e-02	  1.54e-02	2.07080e-01
  3.83e-02	  1.59e-02	2.07444e-01
  3.83e-02	  1.64e-02	2.07341e-01
  3.83e-02	  1.69e-02	2.06863e-01
  3.83e-02	  1.74e-02	2.06137e-01
  3.83e-02	  1.80e-02	2.05330e-01
  3.83e-02	  1.85e-02	2.04638e-01
  3.83e-02	  1.90e-02	2.04265e-01
  3.83e-02	  1.95e-02	2.04393e-01
  3.83e-02	  2.01e-02	2.05145e-01
  3.83e-02	  2.06e-02	2.06553e-01
  3.83e-02	  2.11e-02	2.08554e-01
  3.83e-02	  2.16e-02	2.10995e-01
  3.83e-02	  2.21e-02	2.13660e-01
  3.83e-02	  2.27e-02	2.16314e-01
  3.83e-02	  2.32e-02	2.18735e-01
  3.83e-02	  2.37e-02	2.20742e-01
  3.83e-02	  2.42e-02	2.22207e-01
  3.83e-02	  2.47e-02	2.23057e-01
  3.83e-02	  2.53e-02	2.23273e-01
  3.83e-02	  2.58e-02	2.22887e-01
  3.83e-02	  2.63e-02	2.21987e-01
  3.83e-02	  2.68e-02	2.20710e-01
  3.83e-02	  2.73e-02	2.19243e-01
  3.83e-02	  2.79e-02	2.17808e-01
  3.83e-02	  2.84e-02	2.16637e-01
  3.83e-02	  2.89e-02	2.15940e-01
  3.83e-02	  2.94e-02	2.15865e-01
  3.83e-02	  2.99e-02	2.16471e-01
  3.83e-02	  3.05e-02	2.17711e-01
  3.83e-02	  3.10e-02	2.19445e-01
  3.83e-02	  3.15e-02	2.21467e-01
  3.83e-02	  3.20e-02	2.23542e-01
  3.83e-02	  3.26e-02	2.25447e-01
  3.83e-02	  3.31e-02	2.26988e-01
  3.83e-02	  3.36e-02	2.28018e-01
  3.83e-02	  3.41e-02	2.28438e-01
  3.83e-02	  3.46e-02	2.28194e-01
  3.83e-02	  3.52e-02	2.27271e-01
  3.83e-02	  3.57e-02	2.25677e-01
  3.83e-02	  3.62e-02	2.23406e-01
  3.83e-02	  3.67e-02	2.20284e-01
  3.83e-02	  3.72e-02	2.15590e-01
  3.83e-02	  3.78e-02	2.07111e-01
  3.83e-02	  3.83e-02	1.89826e-01
  3.83e-02	  3.88e-02	1.58684e-01
  3.83e-02	  3.93e-02	1.18614e-01
  3.83e-02	  3.98e-02	7.08286e-02
  3.83e-02	  4.04e-02	2.01493e-34
  3.83e-02	  4.09e-02	3.02249e-67
  3.83e-02	  4.14e-02	4.53350e-100
  3.83e-02	  4.19e-02	6.79940e-133
  3.83e-02	  4.24e-02	1.01971e-165
  3.83e-02	  4.30e-02	1.52917e-198
  3.83e-02	  4.35e-02	2.29302e-231
  3.83e-02	  4.40e-02	3.43821e-264
  3.83e-02	  4.45e-02	5.15504e-297
  3.83e-02	  4.51e-02	0.00000e+00
  3.83e-02	  4.56e-02	0.00000e+00
  3.83e-02	  4.61e-02	0.00000e+00
  3.83e-02	  4.66e-02	0.00000e+00
  3.83e-02	  4.71e-02	0.00000e+00
  3.83e-02	  4.77e-02	0.00000e+00
  3.83e-02	  4.82e-02	0.00000e+00
  3.83e-02	  4.87e-02	0.00000e+00
  3.83e-02	  4.92e-02	0.00000e+00
  3.83e-02	  4.97e-02	0.00000e+00

  3.91e-02	  2.60e-04	0.00000e+00
  3.91e-02	  7.81e-04	0.00000e+00
  3.91e-02	  1.30e-03	0.00000e+00
  3.91e-02	  1.82e-03	0.00000e+00
  3.91e-02	  2.34e-03	0.00000e+00
  3.91e-02	  2.86e-03	0.00000e+00
  3.91e-02	  3.39e-03	0.00000e+00
  3.91e-02	  3.91e-03	0.00000e+00
  3.91e-02	  4.43e-03	0.00000e+00
  3.91e-02	  4.95e-03	1.81429e-297
  3.91e-02	  5.47e-03	1.20890e-264
  3.91e-02	  5.99e-03	8.05447e-232
  3.91e-02	  6.51e-03	5.36597e-199
  3.91e-02	  7.03e-03	3.57459e-166
  3.91e-02	  7.55e-03	2.38110e-133
  3.91e-02	  8.07e-03	1.58599e-100
  3.91e-02	  8.59e-03	1.05634e-67
  3.91e-02	  9.11e-03	7.03532e-35
  3.91e-02	  9.64e-03	2.96885e-02
  3.91e-02	  1.02e-02	6.67294e-02
  3.91e-02	  1.07e-02	1.01634e-01
  3.91e-02	  1.12e-02	1.38120e-01
  3.91e-02	  1.17e-02	1.64648e-01
  3.91e-02	  1.22e-02	1.81865e-01
  3.91e-02	  1.28e-02	1.92645e-01
  3.91e-02	  1.33e-02	1.99519e-01
  3.91e-02	  1.38e-02	2.04095e-01
  3.91e-02	  1.43e-02	2.07200e-01
  3.91e-02	  1.48e-02	2.09146e-01
  3.91e-02	  1.54e-02	2.10125e-01
  3.91e-02	  1.59e-02	2.10272e-01
  3.91e-02	  1.64e-02	2.09675e-01
  3.91e-02	  1.69e-02	2.08454e-01
  3.91e-02	  1.74e-02	2.06787e-01
  3.91e-02	  1.80e-02	2.04925e-01
  3.91e-02	  1.85e-02	2.03190e-01
  3.91e-02	  1.90e-02	2.01942e-01
  3.91e-02	  1.95e-02	2.01528e-01
  3.91e-02	  2.01e-02	2.02197e-01
  3.91e-02	  2.06e-02	2.04021e-01
  3.91e-02	  2.11e-02	2.06892e-01
  3.91e-02	  2.16e-02	2.10528e-01
  3.91e-02	  2.21e-02	2.14533e-01
  3.91e-02	  2.27e-02	2.18485e-01
  3.91e-02	  2.32e-02	2.22021e-01
  3.91e-02	  2.37e-02	2.24866e-01
  3.91e-02	  2.42e-02	2.26845e-01
  3.91e-02	  2.47e-02	2.27864e-01
  3.91e-02	  2.53e-02	2.27900e-01
  3.91e-02	  2.58e-02	2.26997e-01
  3.91e-02	  2.63e-02	2.25272e-01
  3.91e-02	  2.68e-02	2.22920e-01
  3.91e-02	  2.73e-02	2.20222e-01
  3.91e-02	  2.79e-02	2.17542e-01
  3.91e-02	  2.84e-02	2.15289e-01
  3.91e-02	  2.89e-02	2.13850e-01
  3.91e-02	  2.94e-02	2.13508e-01
  3.91e-02	  2.99e-02	2.14373e-01
  3.91e-02	  3.05e-02	2.16362e-01
  3.91e-02	  3.10e-02	2.19205e-01
  3.91e-02	  3.15e-02	2.22520e-01
  3.91e-02	  3.20e-02	2.25893e-01
  3.91e-02	  3.26e-02	2.28958e-01
  3.91e-02	  3.31e-02	2.31428e-01
  3.91e-02	  3.36e-02	2.33103e-01
  3.91e-02	  3.41e-02	2.33857e-01
  3.91e-02	  3.46e-02	2.33629e-01
  3.91e-02	  3.52e-02	2.32398e-01
  3.91e-02	  3.57e-02	2.30170e-01
  3.91e-02	  3.62e-02	2.26899e-01
  3.91e-02	  3.67e-02	2.22318e-01
  3.91e-02	  3.72e-02	2.15720e-01
  3.91e-02	  3.78e-02	2.04752e-01
  3.91e-02	  3.83e-02	1.84906e-01
  3.91e-02	  3.88e-02	1.52075e-01
  3.91e-02	  3.93e-02	1.10806e-01
  3.91e-02	  3.98e-02	6.36791e-02
  3.91e-02	  4.04e-02	1.76579e-34
  3.91e-02	  4.09e-02	2.64890e-67
  3.91e-02	  4.14e-02	3.97325e-100
  3.91e-02	  4.19e-02	5.95917e-133
  3.91e-02	  4.24e-02	8.93691e-166
  3.91e-02	  4.30e-02	1.34015e-198
  3.91e-02	  4.35e-02	2.00947e-231
  3.91e-02	  4.40e-02	3.01286e-264
  3.91e-02	  4.45e-02	4.51690e-297
  3.91e-02	  4.51e-02	0.00000e+00
  3.91e-02	  4.56e-02	0.00000e+00
  3.91e-02	  4.61e-02	0.00000e+00
  3.91e-02	  4.66e-02	0.00000e+00
  3.91e-02	  4.71e-02	0.00000e+00
  3.91e-02	  4.77e-02	0.00000e+00
  3.91e-02	  4.82e-02	0.00000e+00
  3.91e-02	  4.87e-02	0.00000e+00
  3.91e-02	  4.92e-02	0.00000e+00
  3.91e-02	  4.97e-02	0.00000e+00

  3.98e-02	  2.60e-04	0.00000e+00
  3.98e-02	  7.81e-04	0.00000e+00
  3.98e-02	  1.30e-03	0.00000e+00
  3.98e-02	  1.82e-03	0.00000e+00
  3.98e-02	  2.34e-03	0.00000e+00
  3.98e-02	  2.86e-03	0.00000e+00
  3.98e-02	  3.39e-03	0.00000e+00
  3.98e-02	  3.91e-03	0.00000e+00
  3.98e-02	  4.43e-03	0.00000e+00
  3.98e-02	  4.95e-03	1.27155e-297
  3.98e-02	  5.47e-03	8.46885e-265
  3.98e-02	  5.99e-03	5.63991e-232
  3.98e-02	  6.51e-03	3.75561e-199
  3.98e-02	  7.03e-03	2.50066e-166
  3.98e-02	  7.55e-03	1.66495e-133
  3.98e-02	  8.07e-03	1.10847e-100
  3.98e-02	  8.59e-03	7.37952e-68
  3.98e-02	  9.11e-03	4.91263e-35
  3.98e-02	  9.64e-03	2.18954e-02
  3.98e-02	  1.02e-02	5.70680e-02
  3.98e-02	  1.07e-02	9.15272e-02
  3.98e-02	  1.12e-02	1.28580e-01
  3.98e-02	  1.17e-02	1.57239e-01
  3.98e-02	  1.22e-02	1.77395e-01
  3.98e-02	  1.28e-02	1.91136e-01
  3.98e-02	  1.33e-02	2.00517e-01
  3.98e-02	  1.38e-02	2.06957e-01
  3.98e-02	  1.43e-02	2.11279e-01
  3.98e-02	  1.48e-02	2.13877e-01
  3.98e-02	  1.54e-02	2.14990e-01
  3.98e-02	  1.59e-02	2.14809e-01
  3.98e-02	  1.64e-02	2.13466e-01
  3.98e-02	  1.69e-02	2.11098e-01
  3.98e-02	  1.74e-02	2.07920e-01
  3.98e-02	  1.80e-02	2.04278e-01
  3.98e-02	  1.85e-02	2.00683e-01
  3.98e-02	  1.90e-02	1.97784e-01
  3.98e-02	  1.95e-02	1.96266e-01
  3.98e-02	  2.01e-02	1.96691e-01
  3.98e-02	  2.06e-02	1.99176e-01
  3.98e-02	  2.11e-02	2.03542e-01
  3.98e-02	  2.16e-02	2.09263e-01
  3.98e-02	  2.21e-02	2.15547e-01
  3.98e-02	  2.27e-02	2.21613e-01
  3.98e-02	  2.32e-02	2.26873e-01
  3.98e-02	  2.37e-02	2.30957e-01
  3.98e-02	  2.42e-02	2.33661e-01
  3.98e-02	  2.47e-02	2.34899e-01
  3.98e-02	  2.53e-02	2.34655e-01
  3.98e-02	  2.58e-02	2.32977e-01
  3.98e-02	  2.63e-02	2.29989e-01
  3.98e-02	  2.68e-02	2.25928e-01
  3.98e-02	  2.73e-02	2.21186e-01
  3.98e-02	  2.79e-02	2.16344e-01
  3.98e-02	  2.84e-02	2.12140e-01
  3.98e-02	  2.89e-02	2.09333e-01
  3.98e-02	  2.94e-02	2.08474e-01
  3.98e-02	  2.99e-02	2.09793e-01
  3.98e-02	  3.05e-02	2.13131e-01
  3.98e-02	  3.10e-02	2.17948e-01
  3.98e-02	  3.15e-02	2.23481e-01
  3.98e-02	  3.20e-02	2.28977e-01
  3.98e-02	  3.26e-02	2.33850e-01
  3.98e-02	  3.31e-02	2.37706e-01
  3.98e-02	  3.36e-02	2.40316e-01
  3.98e-02	  3.41e-02	2.41558e-01
  3.98e-02	  3.46e-02	2.41376e-01
  3.98e-02	  3.52e-02	2.39743e-01
  3.98e-02	  3.57e-02	2.36616e-01
  3.98e-02	  3.62e-02	2.31823e-01
  3.98e-02	  3.67e-02	2.25114e-01
  3.98e-02	  3.72e-02	2.15683e-01
  3.98e-02	  3.78e-02	2.01261e-01
  3.98e-02	  3.83e-02	1.78137e-01
  3.98e-02	  3.88e-02	1.43464e-01
  3.98e-02	  3.93e-02	1.00733e-01
  3.98e-02	  3.98e-02	5.41943e-02
  3.98e-02	  4.04e-02	1.44723e-34
  3.98e-02	  4.09e-02	2.17122e-67
  3.98e-02	  4.14e-02	3.25695e-100
  3.98e-02	  4.19e-02	4.88501e-133
  3.98e-02	  4.24e-02	7.32605e-166
  3.98e-02	  4.30e-02	1.09857e-198
  3.98e-02	  4.35e-02	1.64717e-231
  3.98e-02	  4.40e-02	2.46948e-264
  3.98e-02	  4.45e-02	3.70191e-297
  3.98e-02	  4.51e-02	0.00000e+00
  3.98e-02	  4.56e-02	0.00000e+00
  3.98e-02	  4.61e-02	0.00000e+00
  3.98e-02	  4.66e-02	0.00000e+00
  3.98e-02	  4.71e-02	0.00000e+00
  3.98e-02	  4.77e-02	0.00000e+00
  3.98e-02	  4.82e-02	0.00000e+00
  3.98e-02	  4.87e-02	0.00000e+00
  3.98e-02	  4.92e-02	0.00000e+00
  3.98e-02	  4.97e-02	0.00000e+00

  4.06e-02	  2.60e-04	0.00000e+00
  4.06e-02	  7.81e-04	0.00000e+00
  4.06e-02	  1.30e-03	0.00000e+00
  4.06e-02	  1.82e-03	0.00000e+00
  4.06e-02	  2.34e-03	0.00000e+00
  4.06e-02	  2.86e-03	0.00000e+00
  4.06e-02	  3.39e-03	0.00000e+00
  4.06e-02	  3.91e-03	0.00000e+00
  4.06e-02	  4.43e-03	0.00000e+00
  4.06e-02	  4.95e-03	6.94559e-298
  4.06e-02	  5.47e-03	4.61835e-265
  4.06e-02	  5.99e-03	3.07062e-232
  4.06e-02	  6.51e-03	2.04144e-199
  4.06e-02	  7.03e-03	1.35716e-166
  4.06e-02	  7.55e-03	9.02232e-134
  4.06e-02	  8.07e-03	5.99810e-101
  4.06e-02	  8.59e-03	3.98770e-68
  4.06e-02	  9.11e-03	2.65120e-35
  4.06e-02	  9.64e-03	1.28665e-02
  4.06e-02	  1.02e-02	4.58066e-02
  4.06e-02	  1.07e-02	7.96820e-02
  4.06e-02	  1.12e-02	1.16826e-01
  4.06e-02	  1.17e-02	1.47681e-01
  4.06e-02	  1.22e-02	1.71424e-01
  4.06e-02	  1.28e-02	1.89252e-01
  4.06e-02	  1.33e-02	2.02361e-01
  4.06e-02	  1.38e-02	2.11641e-01
  4.06e-02	  1.43e-02	2.17782e-01
  4.06e-02	  1.48e-02	2.21310e-01
  4.06e-02	  1.54e-02	2.22599e-01
  4.06e-02	  1.59e-02	2.21974e-01
  4.06e-02	  1.64e-02	2.19608e-01
  4.06e-02	  1.69e-02	2.15596e-01
  4.06e-02	  1.74e-02	2.10107e-01
  4.06e-02	  1.80e-02	2.03529e-01
  4.06e-02	  1.85e-02	1.96618e-01
  4.06e-02	  1.90e-02	1.90559e-01
  4.06e-02	  1.95e-02	1.86743e-01
  4.06e-02	  2.01e-02	1.86677e-01
  4.06e-02	  2.06e-02	1.90225e-01
  4.06e-02	  2.11e-02	1.97225e-01
  4.06e-02	  2.16e-02	2.06755e-01
  4.06e-02	  2.21e-02	2.17040e-01
  4.06e-02	  2.27e-02	2.26531e-01
  4.06e-02	  2.32e-02	2.34358e-01
  4.06e-02	  2.37e-02	2.40142e-01
  4.06e-02	  2.42e-02	2.43779e-01
  4.06e-02	  2.47e-02	2.45274e-01
  4.06e-02	  2.53e-02	2.44644e-01
  4.06e-02	  2.58e-02	2.41907e-01
  4.06e-02	  2.63e-02	2.37124e-01
  4.06e-02	  2.68e-02	2.30472e-01
  4.06e-02	  2.73e-02	2.22388e-01
  4.06e-02	  2.79e-02	2.13738e-01
  4.06e-02	  2.84e-02	2.05902e-01
  4.06e-02	  2.89e-02	2.00503e-01
  4.06e-02	  2.94e-02	1.98621e-01
  4.06e-02	  2.99e-02	2.00758e-01
  4.06e-02	  3.05e-02	2.06634e-01
  4.06e-02	  3.10e-02	2.15124e-01
  4.06e-02	  3.15e-02	2.24546e-01
  4.06e-02	  3.20e-02	2.33481e-01
  4.06e-02	  3.26e-02	2.41048e-01
  4.06e-02	  3.31e-02	2.46825e-01
  4.06e-02	  3.36e-02	2.50666e-01
  4.06e-02	  3.41e-02	2.52543e-01
  4.06e-02	  3.46e-02	2.52451e-01
  4.06e-02	  3.52e-02	2.50332e-01
  4.06e-02	  3.57e-02	2.45932e-01
  4.06e-02	  3.62e-02	2.38965e-01
  4.06e-02	  3.67e-02	2.29055e-01
  4.06e-02	  3.72e-02	2.15293e-01
  4.06e-02	  3.78e-02	1.95976e-01
  4.06e-02	  3.83e-02	1.68663e-01
  4.06e-02	  3.88e-02	1.31753e-01
  4.06e-02	  3.93e-02	8.80232e-02
  4.06e-02	  3.98e-02	4.15073e-02
  4.06e-02	  4.04e-02	1.04512e-34
  4.06e-02	  4.09e-02	1.56825e-67
  4.06e-02	  4.14e-02	2.35280e-100
  4.06e-02	  4.19e-02	3.52924e-133
  4.06e-02	  4.24e-02	5.29309e-166
  4.06e-02	  4.30e-02	7.93733e-199
  4.06e-02	  4.35e-02	1.19009e-231
  4.06e-02	  4.40e-02	1.78411e-264
  4.06e-02	  4.45e-02	2.67424e-297
  4.06e-02	  4.51e-02	0.00000e+00
  4.06e-02	  4.56e-02	0.00000e+00
  4.06e-02	  4.61e-02	0.00000e+00
  4.06e-02	  4.66e-02	0.00000e+00
  4.06e-02	  4.71e-02	0.00000e+00
  4.06e-02	  4.77e-02	0.00000e+00
  4.06e-02	  4.82e-02	0.00000e+00
  4.06e-02	  4.87e-02	0.00000e+00
  4.06e-02	  4.92e-02	0.00000e+00
  4.06e-02	  4.97e-02	0.00000e+00

  4.14e-02	  2.60e-04	0.00000e+00
  4.14e-02	  7.81e-04	0.00000e+00
  4.14e-02	  1.30e-03	0.00000e+00
  4.14e-02	  1.82e-03	0.00000e+00
  4.14e-02	  2.34e-03	0.00000e+00
  4.14e-02	  2.86e-03	0.00000e+00
  4.14e-02	  3.39e-03	0.00000e+00
  4.14e-02	  3.91e-03	0.00000e+00
  4.14e-02	  4.43e-03	0.00000e+00
  4.14e-02	  4.95e-03	1.39374e-298
  4.14e-02	  5.47e-03	9.12354e-266
  4.14e-02	  5.99e-03	5.97206e-233
  4.14e-02	  6.51e-03	3.90977e-200
  4.14e-02	  7.03e-03	2.56058e-167
  4.14e-02	  7.55e-03	1.67794e-134
  4.14e-02	  8.07e-03	1.10037e-101
  4.14e-02	  8.59e-03	7.22225e-69
  4.14e-02	  9.11e-03	4.74432e-36
  4.14e-02	  9.64e-03	2.57088e-03
  4.14e-02	  1.02e-02	3.30104e-02
  4.14e-02	  1.07e-02	6.53225e-02
  4.14e-02	  1.12e-02	1.01728e-01
  4.14e-02	  1.17e-02	1.34527e-01
  4.14e-02	  1.22e-02	1.62773e-01
  4.14e-02	  1.28e-02	1.86774e-01
  4.14e-02	  1.33e-02	2.05749e-01
  4.14e-02	  1.38e-02	2.19356e-01
  4.14e-02	  1.43e-02	2.28063e-01
  4.14e-02	  1.48e-02	2.32742e-01
  4.14e-02	  1.54e-02	2.34190e-01
  4.14e-02	  1.59e-02	2.33015e-01
  4.14e-02	  1.64e-02	2.29372e-01
  4.14e-02	  1.69e-02	2.23100e-01
  4.14e-02	  1.74e-02	2.13999e-01
  4.14e-02	  1.80e-02	2.02283e-01
  4.14e-02	  1.85e-02	1.89292e-01
  4.14e-02	  1.90e-02	1.77605e-01
  4.14e-02	  1.95e-02	1.71087e-01
  4.14e-02	  2.01e-02	1.70382e-01
  4.14e-02	  2.06e-02	1.75836e-01
  4.14e-02	  2.11e-02	1.86760e-01
  4.14e-02	  2.16e-02	2.02433e-01
  4.14e-02	  2.21e-02	2.19205e-01
  4.14e-02	  2.27e-02	2.34230e-01
  4.14e-02	  2.32e-02	2.45921e-01
  4.14e-02	  2.37e-02	2.53936e-01
  4.14e-02	  2.42e-02	2.58630e-01
  4.14e-02	  2.47e-02	2.60387e-01
  4.14e-02	  2.53e-02	2.59333e-01
  4.14e-02	  2.58e-02	2.55388e-01
  4.14e-02	  2.63e-02	2.48360e-01
  4.14e-02	  2.68e-02	2.38037e-01
  4.14e-02	  2.73e-02	2.24480e-01
  4.14e-02	  2.79e-02	2.08770e-01
  4.14e-02	  2.84e-02	1.93886e-01
  4.14e-02	  2.89e-02	1.84144e-01
  4.14e-02	  2.94e-02	1.80927e-01
  4.14e-02	  2.99e-02	1.84664e-01
  4.14e-02	  3.05e-02	1.94912e-01
  4.14e-02	  3.10e-02	2.10021e-01
  4.14e-02	  3.15e-02	2.26198e-01
  4.14e-02	  3.20e-02	2.40641e-01
  4.14e-02	  3.26e-02	2.52043e-01
  4.14e-02	  3.31e-02	2.60218e-01
  4.14e-02	  3.36e-02	2.65452e-01
  4.14e-02	  3.41e-02	2.68035e-01
  4.14e-02	  3.46e-02	2.68105e-01
  4.14e-02	  3.52e-02	2.65530e-01
  4.14e-02	  3.57e-02	2.59653e-01
  4.14e-02	  3.62e-02	2.49771e-01
  4.14e-02	  3.67e-02	2.34956e-01
  4.14e-02	  3.72e-02	2.14284e-01
  4.14e-02	  3.78e-02	1.87530e-01
  4.14e-02	  3.83e-02	1.54857e-01
  4.14e-02	  3.88e-02	1.15667e-01
  4.14e-02	  3.93e-02	7.16313e-02
  4.14e-02	  3.98e-02	2.50031e-02
  4.14e-02	  4.04e-02	5.67924e-35
  4.14e-02	  4.09e-02	8.52614e-68
  4.14e-02	  4.14e-02	1.27963e-100
  4.14e-02	  4.19e-02	1.92001e-133
  4.14e-02	  4.24e-02	2.88014e-166
  4.14e-02	  4.30e-02	4.31942e-199
  4.14e-02	  4.35e-02	6.47654e-232
  4.14e-02	  4.40e-02	9.70877e-265
  4.14e-02	  4.45e-02	1.45509e-297
  4.14e-02	  4.51e-02	0.00000e+00
  4.14e-02	  4.56e-02	0.00000e+00
  4.14e-02	  4.61e-02	0.00000e+00
  4.14e-02	  4.66e-02	0.00000e+00
  4.14e-02	  4.71e-02	0.00000e+00
  4.14e-02	  4.77e-02	0.00000e+00
  4.14e-02	  4.82e-02	0.00000e+00
  4.14e-02	  4.87e-02	0.00000e+00
  4.14e-02	  4.92e-02	0.00000e+00
  4.14e-02	  4.97e-02	0.00000e+00

  4.22e-02	  2.60e-04	0.00000e+00
  4.22e-02	  7.81e-04	0.00000e+00
  4.22e-02	  1.30e-03	0.00000e+00
  4.22e-02	  1.82e-03	0.00000e+00
  4.22e-02	  2.34e-03	0.00000e+00
  4.22e-02	  2.86e-03	0.00000e+00
  4.22e-02	  3.39e-03	0.00000e+00
  4.22e-02	  3.91e-03	0.00000e+00
  4.22e-02	  4.43e-03	0.00000e+00
  4.22e-02	  4.95e-03	-2.69947e-298
  4.22e-02	  5.47e-03	-1.84530e-265
  4.22e-02	  5.99e-03	-1.25868e-232
  4.22e-02	  6.51e-03	-8.56695e-200
  4.22e-02	  7.03e-03	-5.81836e-167
  4.22e-02	  7.55e-03	-3.94322e-134
  4.22e-02	  8.07e-03	-2.66690e-101
  4.22e-02	  8.59e-03	-1.80017e-68
  4.22e-02	  9.11e-03	-1.21296e-35
  4.22e-02	  9.64e-03	-6.61574e-03
  4.22e-02	  1.02e-02	1.86941e-02
  4.22e-02	  1.07e-02	4.65095e-02
  4.22e-02	  1.12e-02	8.07857e-02
  4.22e-02	  1.17e-02	1.14297e-01
  4.22e-02	  1.22e-02	1.48384e-01
  4.22e-02	  1.28e-02	1.83919e-01
  4.22e-02	  1.33e-02	2.12873e-01
  4.22e-02	  1.38e-02	2.32655e-01
  4.22e-02	  1.43e-02	2.44259e-01
  4.22e-02	  1.48e-02	2.49778e-01
  4.22e-02	  1.54e-02	2.51060e-01
  4.22e-02	  1.59e-02	2.49216e-01
  4.22e-02	  1.64e-02	2.44290e-01
  4.22e-02	  1.69e-02	2.35541e-01
  4.22e-02	  1.74e-02	2.21660e-01
  4.22e-02	  1.80e-02	2.02180e-01
  4.22e-02	  1.85e-02	1.78698e-01
  4.22e-02	  1.90e-02	1.56108e-01
  4.22e-02	  1.95e-02	1.44224e-01
  4.22e-02	  2.01e-02	1.42395e-01
  4.22e-02	  2.06e-02	1.50534e-01
  4.22e-02	  2.11e-02	1.68573e-01
  4.22e-02	  2.16e-02	1.96919e-01
  4.22e-02	  2.21e-02	2.24884e-01
  4.22e-02	  2.27e-02	2.47674e-01
  4.22e-02	  2.32e-02	2.64040e-01
  4.22e-02	  2.37e-02	2.74291e-01
  4.22e-02	  2.42e-02	2.79664e-01
  4.22e-02	  2.47e-02	2.81494e-01
  4.22e-02	  2.53e-02	2.80176e-01
  4.22e-02	  2.58e-02	2.75388e-01
  4.22e-02	  2.63e-02	2.66515e-01
  4.22e-02	  2.68e-02	2.51890e-01
  4.22e-02	  2.73e-02	2.29797e-01
  4.22e-02	  2.79e-02	2.00974e-01
  4.22e-02	  2.84e-02	1.71122e-01
  4.22e-02	  2.89e-02	1.54445e-01
  4.22e-02	  2.94e-02	1.50124e-01
  4.22e-02	  2.99e-02	1.56517e-01
  4.22e-02	  3.05e-02	1.73863e-01
  4.22e-02	  3.10e-02	2.02919e-01
  4.22e-02	  3.15e-02	2.30970e-01
  4.22e-02	  3.20e-02	2.53365e-01
  4.22e-02	  3.26e-02	2.69310e-01
  4.22e-02	  3.31e-02	2.79670e-01
  4.22e-02	  3.36e-02	2.85922e-01
  4.22e-02	  3.41e-02	2.89090e-01
  4.22e-02	  3.46e-02	2.89541e-01
  4.22e-02	  3.52e-02	2.86944e-01
  4.22e-02	  3.57e-02	2.80183e-01
  4.22e-02	  3.62e-02	2.67233e-01
  4.22e-02	  3.67e-02	2.45348e-01
  4.22e-02	  3.72e-02	2.12838e-01
  4.22e-02	  3.78e-02	1.72281e-01
  4.22e-02	  3.83e-02	1.32851e-01
  4.22e-02	  3.88e-02	9.30702e-02
  4.22e-02	  3.93e-02	5.10998e-02
  4.22e-02	  3.98e-02	4.26730e-03
  4.22e-02	  4.04e-02	8.42641e-36
  4.22e-02	  4.09e-02	1.27177e-68
  4.22e-02	  4.14e-02	1.91666e-101
  4.22e-02	  4.19e-02	2.88489e-134
  4.22e-02	  4.24e-02	4.33739e-167
  4.22e-02	  4.30e-02	6.51459e-200
  4.22e-02	  4.35e-02	9.77517e-233
  4.22e-02	  4.40e-02	1.46535e-265
  4.22e-02	  4.45e-02	2.19446e-298
  4.22e-02	  4.51e-02	0.00000e+00
  4.22e-02	  4.56e-02	0.00000e+00
  4.22e-02	  4.61e-02	0.00000e+00
  4.22e-02	  4.66e-02	0.00000e+00
  4.22e-02	  4.71e-02	0.00000e+00
  4.22e-02	  4.77e-02	0.00000e+00
  4.22e-02	  4.82e-02	0.00000e+00
  4.22e-02	  4.87e-02	0.00000e+00
  4.22e-02	  4.92e-02	0.00000e+00
  4.22e-02	  4.97e-02	0.00000e+00

  4.30e-02	  2.60e-04	0.00000e+00
  4.30e-02	  7.81e-04	0.00000e+00
  4.30e-02	  1.30e-03	0.00000e+00
  4.30e-02	  1.82e-03	0.00000e+00
  4.30e-02	  2.34e-03	0.00000e+00
  4.30e-02	  2.86e-03	0.00000e+00
  4.30e-02	  3.39e-03	0.00000e+00
  4.30e-02	  3.91e-03	0.00000e+00
  4.30e-02	  4.43e-03	0.00000e+00
  4.30e-02	  4.95e-03	-3.56884e-298
  4.30e-02	  5.47e-03	-2.45233e-265
  4.30e-02	  5.99e-03	-1.68109e-232
  4.30e-02	  6.51e-03	-1.14953e-199
  4.30e-02	  7.03e-03	-7.84037e-167
  4.30e-02	  7.55e-03	-5.33363e-134
  4.30e-02	  8.07e-03	-3.61900e-101
  4.30e-02	  8.59e-03	-2.44949e-68
  4.30e-02	  9.11e-03	-1.65407e-35
  4.30e-02	  9.64e-03	-8.84569e-03
  4.30e-02	  1.02e-02	4.79419e-03
  4.30e-02	  1.07e-02	2.13707e-02
  4.30e-02	  1.12e-02	4.78522e-02
  4.30e-02	  1.17e-02	7.74421e-02
  4.30e-02	  1.22e-02	1.16889e-01
  4.30e-02	  1.28e-02	1.85423e-01
  4.30e-02	  1.33e-02	2.31597e-01
  4.30e-02	  1.38e-02	2.57192e-01
  4.30e-02	  1.43e-02	2.69325e-01
  4.30e-02	  1.48e-02	2.73616e-01
  4.30e-02	  1.54e-02	2.73523e-01
  4.30e-02	  1.59e-02	2.70999e-01
  4.30e-02	  1.64e-02	2.65987e-01
  4.30e-02	  1.69e-02	2.57161e-01
  4.30e-02	  1.74e-02	2.41668e-01
  4.30e-02	  1.80e-02	2.15901e-01
  4.30e-02	  1.85e-02	1.74600e-01
  4.30e-02	  1.90e-02	1.13774e-01
  4.30e-02	  1.95e-02	8.97770e-02
  4.30e-02	  2.01e-02	8.45835e-02
  4.30e-02	  2.06e-02	9.50258e-02
  4.30e-02	  2.11e-02	1.26779e-01
  4.30e-02	  2.16e-02	1.99695e-01
  4.30e-02	  2.21e-02	2.48432e-01
  4.30e-02	  2.27e-02	2.77750e-01
  4.30e-02	  2.32e-02	2.94671e-01
  4.30e-02	  2.37e-02	3.03706e-01
  4.30e-02	  2.42e-02	3.07592e-01
  4.30e-02	  2.47e-02	3.08625e-01
  4.30e-02	  2.53e-02	3.07435e-01
  4.30e-02	  2.58e-02	3.03664e-01
  4.30e-02	  2.63e-02	2.96406e-01
  4.30e-02	  2.68e-02	2.80477e-01
  4.30e-02	  2.73e-02	2.50530e-01
  4.30e-02	  2.79e-02	2.00137e-01
  4.30e-02	  2.84e-02	1.25289e-01
  4.30e-02	  2.89e-02	9.69567e-02
  4.30e-02	  2.94e-02	8.95016e-02
  4.30e-02	  2.99e-02	9.85824e-02
  4.30e-02	  3.05e-02	1.28681e-01
  4.30e-02	  3.10e-02	2.02279e-01
  4.30e-02	  3.15e-02	2.51471e-01
  4.30e-02	  3.20e-02	2.80866e-01
  4.30e-02	  3.26e-02	2.97740e-01
  4.30e-02	  3.31e-02	3.07089e-01
  4.30e-02	  3.36e-02	3.12373e-01
  4.30e-02	  3.41e-02	3.15460e-01
  4.30e-02	  3.46e-02	3.16744e-01
  4.30e-02	  3.52e-02	3.15707e-01
  4.30e-02	  3.57e-02	3.10989e-01
  4.30e-02	  3.62e-02	2.97902e-01
  4.30e-02	  3.67e-02	2.69390e-01
  4.30e-02	  3.72e-02	2.16363e-01
  4.30e-02	  3.78e-02	1.36311e-01
  4.30e-02	  3.83e-02	9.12201e-02
  4.30e-02	  3.88e-02	5.87988e-02
  4.30e-02	  3.93e-02	2.32500e-02
  4.30e-02	  3.98e-02	-1.19041e-02
  4.30e-02	  4.04e-02	-2.19711e-35
  4.30e-02	  4.09e-02	-3.28999e-68
  4.30e-02	  4.14e-02	-4.92729e-101
  4.30e-02	  4.19e-02	-7.38038e-134
  4.30e-02	  4.24e-02	-1.10559e-166
  4.30e-02	  4.30e-02	-1.65636e-199
  4.30e-02	  4.35e-02	-2.48169e-232
  4.30e-02	  4.40e-02	-3.71857e-265
  4.30e-02	  4.45e-02	-5.57234e-298
  4.30e-02	  4.51e-02	0.00000e+00
  4.30e-02	  4.56e-02	0.00000e+00
  4.30e-02	  4.61e-02	0.00000e+00
  4.30e-02	  4.66e-02	0.00000e+00
  4.30e-02	  4.71e-02	0.00000e+00
  4.30e-02	  4.77e-02	0.00000e+00
  4.30e-02	  4.82e-02	0.00000e+00
  4.30e-02	  4.87e-02	0.00000e+00
  4.30e-02	  4.92e-02	0.00000e+00
  4.30e-02	  4.97e-02	0.00000e+00

  4.37e-02	  2.60e-04	0.00000e+00
  4.37e-02	  7.81e-04	0.00000e+00
  4.37e-02	  1.30e-03	0.00000e+00
  4.37e-02	  1.82e-03	0.00000e+00
  4.37e-02	  2.34e-03	0.00000e+00
  4.37e-02	  2.86e-03	0.00000e+00
  4.37e-02	  3.39e-03	0.00000e+00
  4.37e-02	  3.91e-03	0.00000e+00
  4.37e-02	  4.43e-03	0.00000e+00
  4.37e-02	  4.95e-03	0.00000e+00
  4.37e-02	  5.47e-03	1.42622e-293
  4.37e-02	  5.99e-03	9.52179e-261
  4.37e-02	  6.51e-03	6.35624e-228
  4.37e-02	  7.03e-03	4.24256e-195
  4.37e-02	  7.55e-03	2.83140e-162
  4.37e-02	  8.07e-03	1.88938e-129
  4.37e-02	  8.59e-03	1.26062e-96
  4.37e-02	  9.11e-03	8.41016e-64
  4.37e-02	  9.64e-03	5.04036e-31
  4.37e-02	  1.02e-02	5.04108e-31
  4.37e-02	  1.07e-02	5.04418e-31
  4.37e-02	  1.12e-02	5.04955e-31
  4.37e-02	  1.17e-02	5.05404e-31
  4.37e-02	  1.22e-02	5.04581e-31
  4.37e-02	  1.28e-02	2.32195e-01
  4.37e-02	  1.33e-02	2.88447e-01
  4.37e-02	  1.38e-02	3.02695e-01
  4.37e-02	  1.43e-02	3.04505e-01
  4.37e-02	  1.48e-02	3.02353e-01
  4.37e-02	  1.54e-02	2.99018e-01
  4.37e-02	  1.59e-02	2.95914e-01
  4.37e-02	  1.64e-02	2.93134e-01
  4.37e-02	  1.69e-02	2.89783e-01
  4.37e-02	  1.74e-02	2.82946e-01
  4.37e-02	  1.80e-02	2.64509e-01
  4.37e-02	  1.85e-02	2.09478e-01
  4.37e-02	  1.90e-02	5.19720e-31
  4.37e-02	  1.95e-02	5.15763e-31
  4.37e-02	  2.01e-02	5.15564e-31
  4.37e-02	  2.06e-02	5.13618e-31
  4.37e-02	  2.11e-02	5.14701e-31
  4.37e-02	  2.16e-02	2.45911e-01
  4.37e-02	  2.21e-02	3.12284e-01
  4.37e-02	  2.27e-02	3.33967e-01
  4.37e-02	  2.32e-02	3.40356e-01
  4.37e-02	  2.37e-02	3.41213e-01
  4.37e-02	  2.42e-02	3.40097e-01
  4.37e-02	  2.47e-02	3.38944e-01
  4.37e-02	  2.53e-02	3.38467e-01
  4.37e-02	  2.58e-02	3.38882e-01
  4.37e-02	  2.63e-02	3.38919e-01
  4.37e-02	  2.68e-02	3.33295e-01
  4.37e-02	  2.73e-02	3.11563e-01
  4.37e-02	  2.79e-02	2.45367e-01
  4.37e-02	  2.84e-02	5.16974e-31
  4.37e-02	  2.89e-02	5.14344e-31
  4.37e-02	  2.94e-02	5.15269e-31
  4.37e-02	  2.99e-02	5.14278e-31
  4.37e-02	  3.05e-02	5.16650e-31
  4.37e-02	  3.10e-02	2.45531e-01
  4.37e-02	  3.15e-02	3.11294e-01
  4.37e-02	  3.20e-02	3.32746e-01
  4.37e-02	  3.26e-02	3.39284e-01
  4.37e-02	  3.31e-02	3.41064e-01
  4.37e-02	  3.36e-02	3.42139e-01
  4.37e-02	  3.41e-02	3.43967e-01
  4.37e-02	  3.46e-02	3.46486e-01
  4.37e-02	  3.52e-02	3.49878e-01
  4.37e-02	  3.57e-02	3.53412e-01
  4.37e-02	  3.62e-02	3.53275e-01
  4.37e-02	  3.67e-02	3.38849e-01
  4.37e-02	  3.72e-02	2.74357e-01
  4.37e-02	  3.78e-02	5.03410e-31
  4.37e-02	  3.83e-02	5.04485e-31
  4.37e-02	  3.88e-02	5.03719e-31
  4.37e-02	  3.93e-02	5.02771e-31
  4.37e-02	  3.98e-02	5.02462e-31
  4.37e-02	  4.04e-02	8.51535e-64
  4.37e-02	  4.09e-02	1.27682e-96
  4.37e-02	  4.14e-02	1.91451e-129
  4.37e-02	  4.19e-02	2.87070e-162
  4.37e-02	  4.24e-02	4.30447e-195
  4.37e-02	  4.30e-02	6.45435e-228
  4.37e-02	  4.35e-02	9.67800e-261
  4.37e-02	  4.40e-02	1.45117e-293
  4.37e-02	  4.45e-02	0.00000e+00
  4.37e-02	  4.51e-02	0.00000e+00
  4.37e-02	  4.56e-02	0.00000e+00
  4.37e-02	  4.61e-02	0.00000e+00
  4.37e-02	  4.66e-02	0.00000e+00
  4.37e-02	  4.71e-02	0.00000e+00
  4.37e-02	  4.77e-02	0.00000e+00
  4.37e-02	  4.82e-02	0.00000e+00
  4.37e-02	  4.87e-02	0.00000e+00
  4.37e-02	  4.92e-02	0.00000e+00
  4.37e-02	  4.97e-02	0.00000e+00

  4.45e-02	  2.60e-04	0.00000e+00
  4.45e-02	  7.81e-04	0.00000e+00
  4.45e-02	  1.30e-03	0.00000e+00
  4.45e-02	  1.82e-03	0.00000e+00
  4.45e-02	  2.34e-03	0.00000e+00
  4.45e-02	  2.86e-03	0.00000e+00
  4.45e-02	  3.39e-03	0.00000e+00
  4.45e-02	  3.91e-03	0.00000e+00
  4.45e-02	  4.43e-03	0.00000e+00
  4.45e-02	  4.95e-03	0.00000e+00
  4.45e-02	  5.47e-03	0.00000e+00
  4.45e-02	  5.99e-03	5.01013e-293
  4.45e-02	  6.51e-03	2.92122e-260
  4.45e-02	  7.03e-03	1.66726e-227
  4.45e-02	  7.55e-03	9.24115e-195
  4.45e-02	  8.07e-03	4.90799e-162
  4.45e-02	  8.59e-03	2.43482e-129
  4.45e-02	  9.11e-03	1.06398e-96
  4.45e-02	  9.64e-03	3.35885e-64
  4.45e-02	  1.02e-02	3.35934e-64
  4.45e-02	  1.07e-02	3.36141e-64
  4.45e-02	  1.12e-02	3.36496e-64
  4.45e-02	  1.17e-02	3.39357e-64
  4.45e-02	  1.22e-02	1.69686e-33
  4.45e-02	  1.28e-02	1.66255e-01
  4.45e-02	  1.33e-02	2.72559e-01
  4.45e-02	  1.38e-02	3.11810e-01
  4.45e-02	  1.43e-02	3.22558e-01
  4.45e-02	  1.48e-02	3.22674e-01
  4.45e-02	  1.54e-02	3.19560e-01
  4.45e-02	  1.59e-02	3.16571e-01
  4.45e-02	  1.64e-02	3.13800e-01
  4.45e-02	  1.69e-02	3.07936e-01
  4.45e-02	  1.74e-02	2.90879e-01
  4.45e-02	  1.80e-02	2.49406e-01
  4.45e-02	  1.85e-02	1.70958e-01
  4.45e-02	  1.90e-02	6.22647e-33
  4.45e-02	  1.95e-02	3.53175e-64
  4.45e-02	  2.01e-02	3.43625e-64
  4.45e-02	  2.06e-02	3.55032e-64
  4.45e-02	  2.11e-02	8.45062e-33
  4.45e-02	  2.16e-02	1.76227e-01
  4.45e-02	  2.21e-02	2.76473e-01
  4.45e-02	  2.27e-02	3.33924e-01
  4.45e-02	  2.32e-02	3.59069e-01
  4.45e-02	  2.37e-02	3.66821e-01
  4.45e-02	  2.42e-02	3.66934e-01
  4.45e-02	  2.47e-02	3.65419e-01
  4.45e-02	  2.53e-02	3.65015e-01
  4.45e-02	  2.58e-02	3.65625e-01
  4.45e-02	  2.63e-02	3.61718e-01
  4.45e-02	  2.68e-02	3.41239e-01
  4.45e-02	  2.73e-02	2.88771e-01
  4.45e-02	  2.79e-02	1.92022e-01
  4.45e-02	  2.84e-02	7.89604e-33
  4.45e-02	  2.89e-02	3.54785e-64
  4.45e-02	  2.94e-02	3.43504e-64
  4.45e-02	  2.99e-02	3.55050e-64
  4.45e-02	  3.05e-02	8.09180e-33
  4.45e-02	  3.10e-02	1.84342e-01
  4.45e-02	  3.15e-02	2.81683e-01
  4.45e-02	  3.20e-02	3.35491e-01
  4.45e-02	  3.26e-02	3.58047e-01
  4.45e-02	  3.31e-02	3.64857e-01
  4.45e-02	  3.36e-02	3.66429e-01
  4.45e-02	  3.41e-02	3.67927e-01
  4.45e-02	  3.46e-02	3.70456e-01
  4.45e-02	  3.52e-02	3.74181e-01
  4.45e-02	  3.57e-02	3.75845e-01
  4.45e-02	  3.62e-02	3.66445e-01
  4.45e-02	  3.67e-02	3.25418e-01
  4.45e-02	  3.72e-02	2.01153e-01
  4.45e-02	  3.78e-02	1.52033e-33
  4.45e-02	  3.83e-02	3.38464e-64
  4.45e-02	  3.88e-02	3.35672e-64
  4.45e-02	  3.93e-02	3.35041e-64
  4.45e-02	  3.98e-02	3.34835e-64
  4.45e-02	  4.04e-02	1.06960e-96
  4.45e-02	  4.09e-02	2.45480e-129
  4.45e-02	  4.14e-02	4.95688e-162
  4.45e-02	  4.19e-02	9.34597e-195
  4.45e-02	  4.24e-02	1.68829e-227
  4.45e-02	  4.30e-02	2.96173e-260
  4.45e-02	  4.35e-02	5.08607e-293
  4.45e-02	  4.40e-02	0.00000e+00
  4.45e-02	  4.45e-02	0.00000e+00
  4.45e-02	  4.51e-02	0.00000e+00
  4.45e-02	  4.56e-02	0.00000e+00
  4.45e-02	  4.61e-02	0.00000e+00
  4.45e-02	  4.66e-02	0.00000e+00
  4.45e-02	  4.71e-02	0.00000e+00
  4.45e-02	  4.77e-02	0.00000e+00
  4.45e-02	  4.82e-02	0.00000e+00
  4.45e-02	  4.87e-02	0.00000e+00
  4.45e-02	  4.92e-02	0.00000e+00
  4.45e-02	  4.97e-02	0.00000e+00

  4.53e-02	  2.60e-04	0.00000e+00
  4.53e-02	  7.81e-04	0.00000e+00
  4.53e-02	  1.30e-03	0.00000e+00
  4.53e-02	  1.82e-03	0.00000e+00
  4.53e-02	  2.34e-03	0.00000e+00
  4.53e-02	  2.86e-03	0.00000e+00
  4.53e-02	  3.39e-03	0.00000e+00
  4.53e-02	  3.91e-03	0.00000e+00
  4.53e-02	  4.43e-03	0.00000e+00
  4.53e-02	  4.95e-03	0.00000e+00
  4.53e-02	  5.47e-03	0.00000e+00
  4.53e-02	  5.99e-03	0.00000e+00
  4.53e-02	  6.51e-03	7.69856e-293
  4.53e-02	  7.03e-03	3.84001e-260
  4.53e-02	  7.55e-03	1.82165e-227
  4.53e-02	  8.07e-03	8.04813e-195
  4.53e-02	  8.59e-03	3.18819e-162
  4.53e-02	  9.11e-03	1.04463e-129
  4.53e-02	  9.64e-03	2.23864e-97
  4.53e-02	  1.02e-02	2.23897e-97
  4.53e-02	  1.07e-02	2.24035e-97
  4.53e-02	  1.12e-02	2.28293e-97
  4.53e-02	  1.17e-02	2.65961e-66
  4.53e-02	  1.22e-02	1.75922e-33
  4.53e-02	  1.28e-02	1.44380e-01
  4.53e-02	  1.33e-02	2.53535e-01
  4.53e-02	  1.38e-02	3.10830e-01
  4.53e-02	  1.43e-02	3.30965e-01
  4.53e-02	  1.48e-02	3.35286e-01
  4.53e-02	  1.54e-02	3.33760e-01
  4.53e-02	  1.59e-02	3.31149e-01
  4.53e-02	  1.64e-02	3.26940e-01
  4.53e-02	  1.69e-02	3.15634e-01
  4.53e-02	  1.74e-02	2.87820e-01
  4.53e-02	  1.80e-02	2.35145e-01
  4.53e-02	  1.85e-02	1.59516e-01
  4.53e-02	  1.90e-02	6.12941e-33
  4.53e-02	  1.95e-02	9.25977e-66
  4.53e-02	  2.01e-02	2.61010e-97
  4.53e-02	  2.06e-02	1.19403e-65
  4.53e-02	  2.11e-02	7.93266e-33
  4.53e-02	  2.16e-02	1.57405e-01
  4.53e-02	  2.21e-02	2.48330e-01
  4.53e-02	  2.27e-02	3.19502e-01
  4.53e-02	  2.32e-02	3.61413e-01
  4.53e-02	  2.37e-02	3.80305e-01
  4.53e-02	  2.42e-02	3.85559e-01
  4.53e-02	  2.47e-02	3.85436e-01
  4.53e-02	  2.53e-02	3.84822e-01
  4.53e-02	  2.58e-02	3.83105e-01
  4.53e-02	  2.63e-02	3.70950e-01
  4.53e-02	  2.68e-02	3.35524e-01
  4.53e-02	  2.73e-02	2.69096e-01
  4.53e-02	  2.79e-02	1.77802e-01
  4.53e-02	  2.84e-02	7.72292e-33
  4.53e-02	  2.89e-02	1.16423e-65
  4.53e-02	  2.94e-02	2.64050e-97
  4.53e-02	  2.99e-02	1.16131e-65
  4.53e-02	  3.05e-02	7.70132e-33
  4.53e-02	  3.10e-02	1.66471e-01
  4.53e-02	  3.15e-02	2.56642e-01
  4.53e-02	  3.20e-02	3.24152e-01
  4.53e-02	  3.26e-02	3.61985e-01
  4.53e-02	  3.31e-02	3.77946e-01
  4.53e-02	  3.36e-02	3.83035e-01
  4.53e-02	  3.41e-02	3.85177e-01
  4.53e-02	  3.46e-02	3.87158e-01
  4.53e-02	  3.52e-02	3.89270e-01
  4.53e-02	  3.57e-02	3.87021e-01
  4.53e-02	  3.62e-02	3.68599e-01
  4.53e-02	  3.67e-02	3.08990e-01
  4.53e-02	  3.72e-02	1.75818e-01
  4.53e-02	  3.78e-02	1.63713e-33
  4.53e-02	  3.83e-02	2.45844e-66
  4.53e-02	  3.88e-02	2.27413e-97
  4.53e-02	  3.93e-02	2.23301e-97
  4.53e-02	  3.98e-02	2.23163e-97
  4.53e-02	  4.04e-02	1.04750e-129
  4.53e-02	  4.09e-02	3.20676e-162
  4.53e-02	  4.14e-02	8.11212e-195
  4.53e-02	  4.19e-02	1.83928e-227
  4.53e-02	  4.24e-02	3.88317e-260
  4.53e-02	  4.30e-02	7.79666e-293
  4.53e-02	  4.35e-02	0.00000e+00
  4.53e-02	  4.40e-02	0.00000e+00
  4.53e-02	  4.45e-02	0.00000e+00
  4.53e-02	  4.51e-02	0.00000e+00
  4.53e-02	  4.56e-02	0.00000e+00
  4.53e-02	  4.61e-02	0.00000e+00
  4.53e-02	  4.66e-02	0.00000e+00
  4.53e-02	  4.71e-02	0.00000e+00
  4.53e-02	  4.77e-02	0.00000e+00
  4.53e-02	  4.82e-02	0.00000e+00
  4.53e-02	  4.87e-02	0.00000e+00
  4.53e-02	  4.92e-02	0.00000e+00
  4.53e-02	  4.97e-02	0.00000e+00

  4.61e-02	  2.60e-04	0.00000e+00
  4.61e-02	  7.81e-04	0.00000e+00
  4.61e-02	  1.30e-03	0.00000e+00
  4.61e-02	  1.82e-03	0.00000e+00
  4.61e-02	  2.34e-03	0.00000e+00
  4.61e-02	  2.86e-03	0.00000e+00
  4.61e-02	  3.39e-03	0.00000e+00
  4.61e-02	  3.91e-03	0.00000e+00
  4.61e-02	  4.43e-03	0.00000e+00
  4.61e-02	  4.95e-03	0.00000e+00
  4.61e-02	  5.47e-03	0.00000e+00
  4.61e-02	  5.99e-03	0.00000e+00
  4.61e-02	  6.51e-03	0.00000e+00
  4.61e-02	  7.03e-03	6.75868e-293
  4.61e-02	  7.55e-03	2.80373e-260
  4.61e-02	  8.07e-03	1.06120e-227
  4.61e-02	  8.59e-03	3.50305e-195
  4.61e-02	  9.11e-03	9.19811e-163
  4.61e-02	  9.64e-03	1.49203e-130
  4.61e-02	  1.02e-02	1.49225e-130
  4.61e-02	  1.07e-02	1.56034e-130
  4.61e-02	  1.12e-02	4.43998e-99
  4.61e-02	  1.17e-02	2.93594e-66
  4.61e-02	  1.22e-02	1.94202e-33
  4.61e-02	  1.28e-02	1.39024e-01
  4.61e-02	  1.33e-02	2.39652e-01
  4.61e-02	  1.38e-02	3.07348e-01
  4.61e-02	  1.43e-02	3.35450e-01
  4.61e-02	  1.48e-02	3.43388e-01
  4.61e-02	  1.54e-02	3.43267e-01
  4.61e-02	  1.59e-02	3.40872e-01
  4.61e-02	  1.64e-02	3.34647e-01
  4.61e-02	  1.69e-02	3.17813e-01
  4.61e-02	  1.74e-02	2.82476e-01
  4.61e-02	  1.80e-02	2.26079e-01
  4.61e-02	  1.85e-02	1.54933e-01
  4.61e-02	  1.90e-02	6.23876e-33
  4.61e-02	  1.95e-02	9.42695e-66
  4.61e-02	  2.01e-02	3.23565e-98
  4.61e-02	  2.06e-02	1.20321e-65
  4.61e-02	  2.11e-02	7.99333e-33
  4.61e-02	  2.16e-02	1.52236e-01
  4.61e-02	  2.21e-02	2.33293e-01
  4.61e-02	  2.27e-02	3.05940e-01
  4.61e-02	  2.32e-02	3.57457e-01
  4.61e-02	  2.37e-02	3.86166e-01
  4.61e-02	  2.42e-02	3.97600e-01
  4.61e-02	  2.47e-02	3.99803e-01
  4.61e-02	  2.53e-02	3.99036e-01
  4.61e-02	  2.58e-02	3.94087e-01
  4.61e-02	  2.63e-02	3.73539e-01
  4.61e-02	  2.68e-02	3.28148e-01
  4.61e-02	  2.73e-02	2.58082e-01
  4.61e-02	  2.79e-02	1.73854e-01
  4.61e-02	  2.84e-02	7.90449e-33
  4.61e-02	  2.89e-02	1.19092e-65
  4.61e-02	  2.94e-02	3.55458e-98
  4.61e-02	  2.99e-02	1.16771e-65
  4.61e-02	  3.05e-02	7.74371e-33
  4.61e-02	  3.10e-02	1.60163e-01
  4.61e-02	  3.15e-02	2.41836e-01
  4.61e-02	  3.20e-02	3.11991e-01
  4.61e-02	  3.26e-02	3.59328e-01
  4.61e-02	  3.31e-02	3.83853e-01
  4.61e-02	  3.36e-02	3.93378e-01
  4.61e-02	  3.41e-02	3.96724e-01
  4.61e-02	  3.46e-02	3.98249e-01
  4.61e-02	  3.52e-02	3.98717e-01
  4.61e-02	  3.57e-02	3.93695e-01
  4.61e-02	  3.62e-02	3.68291e-01
  4.61e-02	  3.67e-02	2.96960e-01
  4.61e-02	  3.72e-02	1.69072e-01
  4.61e-02	  3.78e-02	1.87425e-33
  4.61e-02	  3.83e-02	2.81589e-66
  4.61e-02	  3.88e-02	4.23132e-99
  4.61e-02	  3.93e-02	1.55186e-130
  4.61e-02	  3.98e-02	1.48735e-130
  4.61e-02	  4.04e-02	9.21162e-163
  4.61e-02	  4.09e-02	3.51850e-195
  4.61e-02	  4.14e-02	1.06825e-227
  4.61e-02	  4.19e-02	2.82765e-260
  4.61e-02	  4.24e-02	6.82806e-293
  4.61e-02	  4.30e-02	0.00000e+00
  4.61e-02	  4.35e-02	0.00000e+00
  4.61e-02	  4.40e-02	0.00000e+00
  4.61e-02	  4.45e-02	0.00000e+00
  4.61e-02	  4.51e-02	0.00000e+00
  4.61e-02	  4.56e-02	0.00000e+00
  4.61e-02	  4.61e-02	0.00000e+00
  4.61e-02	  4.66e-02	0.00000e+00
  4.61e-02	  4.71e-02	0.00000e+00
  4.61e-02	  4.77e-02	0.00000e+00
  4.61e-02	  4.82e-02	0.00000e+00
  4.61e-02	  4.87e-02	0.00000e+00
  4.61e-02	  4.92e-02	0.00000e+00
  4.61e-02	  4.97e-02	0.00000e+00

  4.69e-02	  2.60e-04	0.00000e+00
  4.69e-02	  7.81e-04	0.00000e+00
  4.69e-02	  1.30e-03	0.00000e+00
  4.69e-02	  1.82e-03	0.00000e+00
  4.69e-02	  2.34e-03	0.00000e+00
  4.69e-02	  2.86e-03	0.00000e+00
  4.69e-02	  3.39e-03	0.00000e+00
  4.69e-02	  3.91e-03	0.00000e+00
  4.69e-02	  4.43e-03	0.00000e+00
  4.69e-02	  4.95e-03	0.00000e+00
  4.69e-02	  5.47e-03	0.00000e+00
  4.69e-02	  5.99e-03	0.00000e+00
  4.69e-02	  6.51e-03	0.00000e+00
  4.69e-02	  7.03e-03	0.00000e+00
  4.69e-02	  7.55e-03	3.70788e-293
  4.69e-02	  8.07e-03	1.22800e-260
  4.69e-02	  8.59e-03	3.47632e-228
  4.69e-02	  9.11e-03	7.62031e-196
  4.69e-02	  9.64e-03	9.94414e-164
  4.69e-02	  1.02e-02	1.10946e-163
  4.69e-02	  1.07e-02	7.58983e-132
  4.69e-02	  1.12e-02	5.01650e-99
  4.69e-02	  1.17e-02	3.31716e-66
  4.69e-02	  1.22e-02	2.19432e-33
  4.69e-02	  1.28e-02	1.39976e-01
  4.69e-02	  1.33e-02	2.30754e-01
  4.69e-02	  1.38e-02	3.03803e-01
  4.69e-02	  1.43e-02	3.38492e-01
  4.69e-02	  1.48e-02	3.49135e-01
  4.69e-02	  1.54e-02	3.49921e-01
  4.69e-02	  1.59e-02	3.47372e-01
  4.69e-02	  1.64e-02	3.38848e-01
  4.69e-02	  1.69e-02	3.17213e-01
  4.69e-02	  1.74e-02	2.77219e-01
  4.69e-02	  1.80e-02	2.20146e-01
  4.69e-02	  1.85e-02	1.52062e-01
  4.69e-02	  1.90e-02	6.41715e-33
  4.69e-02	  1.95e-02	9.69862e-66
  4.69e-02	  2.01e-02	3.33859e-98
  4.69e-02	  2.06e-02	1.24419e-65
  4.69e-02	  2.11e-02	8.26582e-33
  4.69e-02	  2.16e-02	1.50911e-01
  4.69e-02	  2.21e-02	2.26022e-01
  4.69e-02	  2.27e-02	2.96317e-01
  4.69e-02	  2.32e-02	3.52100e-01
  4.69e-02	  2.37e-02	3.87978e-01
  4.69e-02	  2.42e-02	4.05293e-01
  4.69e-02	  2.47e-02	4.10224e-01
  4.69e-02	  2.53e-02	4.09403e-01
  4.69e-02	  2.58e-02	4.00911e-01
  4.69e-02	  2.63e-02	3.73162e-01
  4.69e-02	  2.68e-02	3.22088e-01
  4.69e-02	  2.73e-02	2.52280e-01
  4.69e-02	  2.79e-02	1.72544e-01
  4.69e-02	  2.84e-02	8.20337e-33
  4.69e-02	  2.89e-02	1.23540e-65
  4.69e-02	  2.94e-02	3.66665e-98
  4.69e-02	  2.99e-02	1.19800e-65
  4.69e-02	  3.05e-02	7.94427e-33
  4.69e-02	  3.10e-02	1.57086e-01
  4.69e-02	  3.15e-02	2.33238e-01
  4.69e-02	  3.20e-02	3.02113e-01
  4.69e-02	  3.26e-02	3.54309e-01
  4.69e-02	  3.31e-02	3.85514e-01
  4.69e-02	  3.36e-02	3.99438e-01
  4.69e-02	  3.41e-02	4.04307e-01
  4.69e-02	  3.46e-02	4.05695e-01
  4.69e-02	  3.52e-02	4.05068e-01
  4.69e-02	  3.57e-02	3.98547e-01
  4.69e-02	  3.62e-02	3.68010e-01
  4.69e-02	  3.67e-02	2.88811e-01
  4.69e-02	  3.72e-02	1.70111e-01
  4.69e-02	  3.78e-02	2.18747e-33
  4.69e-02	  3.83e-02	3.28806e-66
  4.69e-02	  3.88e-02	4.94345e-99
  4.69e-02	  3.93e-02	7.43407e-132
  4.69e-02	  3.98e-02	1.10313e-163
  4.69e-02	  4.04e-02	7.79408e-196
  4.69e-02	  4.09e-02	3.51382e-228
  4.69e-02	  4.14e-02	1.23887e-260
  4.69e-02	  4.19e-02	3.74226e-293
  4.69e-02	  4.24e-02	0.00000e+00
  4.69e-02	  4.30e-02	0.00000e+00
  4.69e-02	  4.35e-02	0.00000e+00
  4.69e-02	  4.40e-02	0.00000e+00
  4.69e-02	  4.45e-02	0.00000e+00
  4.69e-02	  4.51e-02	0.00000e+00
  4.69e-02	  4.56e-02	0.00000e+00
  4.69e-02	  4.61e-02	0.00000e+00
  4.69e-02	  4.66e-02	0.00000e+00
  4.69e-02	  4.71e-02	0.00000e+00
  4.69e-02	  4.77e-02	0.00000e+00
  4.69e-02	  4.82e-02	0.00000e+00
  4.69e-02	  4.87e-02	0.00000e+00
  4.69e-02	  4.92e-02	0.00000e+00
  4.69e-02	  4.97e-02	0.00000e+00

  4.77e-02	  2.60e-04	0.00000e+00
  4.77e-02	  7.81e-04	0.00000e+00
  4.77e-02	  1.30e-03	0.00000e+00
  4.77e-02	  1.82e-03	0.00000e+00
  4.77e-02	  2.34e-03	0.00000e+00
  4.77e-02	  2.86e-03	0.00000e+00
  4.77e-02	  3.39e-03	0.00000e+00
  4.77e-02	  3.91e-03	0.00000e+00
  4.77e-02	  4.43e-03	0.00000e+00
  4.77e-02	  4.95e-03	0.00000e+00
  4.77e-02	  5.47e-03	0.00000e+00
  4.77e-02	  5.99e-03	0.00000e+00
  4.77e-02	  6.51e-03	0.00000e+00
  4.77e-02	  7.03e-03	0.00000e+00
  4.77e-02	  7.55e-03	0.00000e+00
  4.77e-02	  8.07e-03	1.30858e-293
  4.77e-02	  8.59e-03	3.27187e-261
  4.77e-02	  9.11e-03	6.37128e-229
  4.77e-02	  9.64e-03	8.60286e-197
  4.77e-02	  1.02e-02	1.30336e-164
  4.77e-02	  1.07e-02	8.60677e-132
  4.77e-02	  1.12e-02	5.68722e-99
  4.77e-02	  1.17e-02	3.76014e-66
  4.77e-02	  1.22e-02	2.48723e-33
  4.77e-02	  1.28e-02	1.42913e-01
  4.77e-02	  1.33e-02	2.25724e-01
  4.77e-02	  1.38e-02	3.00761e-01
  4.77e-02	  1.43e-02	3.41144e-01
  4.77e-02	  1.48e-02	3.53706e-01
  4.77e-02	  1.54e-02	3.54942e-01
  4.77e-02	  1.59e-02	3.51831e-01
  4.77e-02	  1.64e-02	3.40834e-01
  4.77e-02	  1.69e-02	3.15256e-01
  4.77e-02	  1.74e-02	2.72516e-01
  4.77e-02	  1.80e-02	2.15729e-01
  4.77e-02	  1.85e-02	1.49576e-01
  4.77e-02	  1.90e-02	6.62680e-33
  4.77e-02	  1.95e-02	1.00173e-65
  4.77e-02	  2.01e-02	3.46778e-98
  4.77e-02	  2.06e-02	1.29802e-65
  4.77e-02	  2.11e-02	8.62428e-33
  4.77e-02	  2.16e-02	1.50739e-01
  4.77e-02	  2.21e-02	2.22568e-01
  4.77e-02	  2.27e-02	2.90132e-01
  4.77e-02	  2.32e-02	3.47250e-01
  4.77e-02	  2.37e-02	3.87888e-01
  4.77e-02	  2.42e-02	4.10321e-01
  4.77e-02	  2.47e-02	4.18117e-01
  4.77e-02	  2.53e-02	4.17255e-01
  4.77e-02	  2.58e-02	4.05075e-01
  4.77e-02	  2.63e-02	3.71593e-01
  4.77e-02	  2.68e-02	3.17564e-01
  4.77e-02	  2.73e-02	2.48952e-01
  4.77e-02	  2.79e-02	1.71772e-01
  4.77e-02	  2.84e-02	8.54219e-33
  4.77e-02	  2.89e-02	1.28602e-65
  4.77e-02	  2.94e-02	3.80294e-98
  4.77e-02	  2.99e-02	1.23813e-65
  4.77e-02	  3.05e-02	8.20988e-33
  4.77e-02	  3.10e-02	1.54949e-01
  4.77e-02	  3.15e-02	2.27753e-01
  4.77e-02	  3.20e-02	2.94558e-01
  4.77e-02	  3.26e-02	3.48816e-01
  4.77e-02	  3.31e-02	3.84797e-01
  4.77e-02	  3.36e-02	4.02745e-01
  4.77e-02	  3.41e-02	4.09359e-01
  4.77e-02	  3.46e-02	4.10945e-01
  4.77e-02	  3.52e-02	4.09755e-01
  4.77e-02	  3.57e-02	4.02593e-01
  4.77e-02	  3.62e-02	3.68291e-01
  4.77e-02	  3.67e-02	2.83655e-01
  4.77e-02	  3.72e-02	1.74022e-01
  4.77e-02	  3.78e-02	2.54762e-33
  4.77e-02	  3.83e-02	3.83160e-66
  4.77e-02	  3.88e-02	5.76460e-99
  4.77e-02	  3.93e-02	8.67633e-132
  4.77e-02	  3.98e-02	1.30654e-164
  4.77e-02	  4.04e-02	1.96869e-197
  4.77e-02	  4.09e-02	2.96861e-230
  4.77e-02	  4.14e-02	4.48030e-263
  4.77e-02	  4.19e-02	6.76852e-296
  4.77e-02	  4.24e-02	0.00000e+00
  4.77e-02	  4.30e-02	0.00000e+00
  4.77e-02	  4.35e-02	0.00000e+00
  4.77e-02	  4.40e-02	0.00000e+00
  4.77e-02	  4.45e-02	0.00000e+00
  4.77e-02	  4.51e-02	0.00000e+00
  4.77e-02	  4.56e-02	0.00000e+00
  4.77e-02	  4.61e-02	0.00000e+00
  4.77e-02	  4.66e-02	0.00000e+00
  4.77e-02	  4.71e-02	0.00000e+00
  4.77e-02	  4.77e-02	0.00000e+00
  4.77e-02	  4.82e-02	0.00000e+00
  4.77e-02	  4.87e-02	0.00000e+00
  4.77e-02	  4.92e-02	0.00000e+00
  4.77e-02	  4.97e-02	0.00000e+00

  4.84e-02	  2.60e-04	0.00000e+00
  4.84e-02	  7.81e-04	0.00000e+00
  4.84e-02	  1.30e-03	0.00000e+00
  4.84e-02	  1.82e-03	0.00000e+00
  4.84e-02	  2.34e-03	0.00000e+00
  4.84e-02	  2.86e-03	0.00000e+00
  4.84e-02	  3.39e-03	0.00000e+00
  4.84e-02	  3.91e-03	0.00000e+00
  4.84e-02	  4.43e-03	0.00000e+00
  4.84e-02	  4.95e-03	0.00000e+00
  4.84e-02	  5.47e-03	0.00000e+00
  4.84e-02	  5.99e-03	0.00000e+00
  4.84e-02	  6.51e-03	0.00000e+00
  4.84e-02	  7.03e-03	0.00000e+00
  4.84e-02	  7.55e-03	0.00000e+00
  4.84e-02	  8.07e-03	7.85352e-296
  4.84e-02	  8.59e-03	5.15931e-263
  4.84e-02	  9.11e-03	3.39368e-230
  4.84e-02	  9.64e-03	2.23489e-197
  4.84e-02	  1.02e-02	1.47333e-164
  4.84e-02	  1.07e-02	9.72193e-132
  4.84e-02	  1.12e-02	6.42044e-99
  4.84e-02	  1.17e-02	4.24317e-66
  4.84e-02	  1.22e-02	2.80598e-33
  4.84e-02	  1.28e-02	1.46086e-01
  4.84e-02	  1.33e-02	2.23392e-01
  4.84e-02	  1.38e-02	2.98347e-01
  4.84e-02	  1.43e-02	3.43705e-01
  4.84e-02	  1.48e-02	3.57636e-01
  4.84e-02	  1.54e-02	3.59012e-01
  4.84e-02	  1.59e-02	3.54976e-01
  4.84e-02	  1.64e-02	3.41434e-01
  4.84e-02	  1.69e-02	3.12711e-01
  4.84e-02	  1.74e-02	2.68363e-01
  4.84e-02	  1.80e-02	2.12057e-01
  4.84e-02	  1.85e-02	1.47204e-01
  4.84e-02	  1.90e-02	6.85616e-33
  4.84e-02	  1.95e-02	1.03647e-65
  4.84e-02	  2.01e-02	3.60951e-98
  4.84e-02	  2.06e-02	1.35750e-65
  4.84e-02	  2.11e-02	9.02068e-33
  4.84e-02	  2.16e-02	1.50902e-01
  4.84e-02	  2.21e-02	2.20912e-01
  4.84e-02	  2.27e-02	2.86312e-01
  4.84e-02	  2.32e-02	3.43456e-01
  4.84e-02	  2.37e-02	3.87076e-01
  4.84e-02	  2.42e-02	4.13746e-01
  4.84e-02	  2.47e-02	4.24379e-01
  4.84e-02	  2.53e-02	4.23396e-01
  4.84e-02	  2.58e-02	4.07517e-01
  4.84e-02	  2.63e-02	3.69678e-01
  4.84e-02	  2.68e-02	3.14181e-01
  4.84e-02	  2.73e-02	2.46689e-01
  4.84e-02	  2.79e-02	1.70977e-01
  4.84e-02	  2.84e-02	8.89549e-33
  4.84e-02	  2.89e-02	1.33886e-65
  4.84e-02	  2.94e-02	3.95003e-98
  4.84e-02	  2.99e-02	1.28321e-65
  4.84e-02	  3.05e-02	8.50856e-33
  4.84e-02	  3.10e-02	1.53114e-01
  4.84e-02	  3.15e-02	2.23792e-01
  4.84e-02	  3.20e-02	2.88736e-01
  4.84e-02	  3.26e-02	3.43618e-01
  4.84e-02	  3.31e-02	3.82839e-01
  4.84e-02	  3.36e-02	4.04317e-01
  4.84e-02	  3.41e-02	4.12837e-01
  4.84e-02	  3.46e-02	4.14910e-01
  4.84e-02	  3.52e-02	4.13515e-01
  4.84e-02	  3.57e-02	4.06039e-01
  4.84e-02	  3.62e-02	3.69126e-01
  4.84e-02	  3.67e-02	2.80851e-01
  4.84e-02	  3.72e-02	1.78533e-01
  4.84e-02	  3.78e-02	2.93824e-33
  4.84e-02	  3.83e-02	4.42302e-66
  4.84e-02	  3.88e-02	6.66185e-99
  4.84e-02	  3.93e-02	1.00408e-131
  4.84e-02	  3.98e-02	1.51461e-164
  4.84e-02	  4.04e-02	2.28687e-197
  4.84e-02	  4.09e-02	3.45660e-230
  4.84e-02	  4.14e-02	5.23088e-263
  4.84e-02	  4.19e-02	7.92611e-296
  4.84e-02	  4.24e-02	0.00000e+00
  4.84e-02	  4.30e-02	0.00000e+00
  4.84e-02	  4.35e-02	0.00000e+00
  4.84e-02	  4.40e-02	0.00000e+00
  4.84e-02	  4.45e-02	0.00000e+00
  4.84e-02	  4.51e-02	0.00000e+00
  4.84e-02	  4.56e-02	0.00000e+00
  4.84e-02	  4.61e-02	0.00000e+00
  4.84e-02	  4.66e-02	0.00000e+00
  4.84e-02	  4.71e-02	0.00000e+00
  4.84e-02	  4.77e-02	0.00000e+00
  4.84e-02	  4.82e-02	0.00000e+00
  4.84e-02	  4.87e-02	0.00000e+00
  4.84e-02	  4.92e-02	0.00000e+00
  4.84e-02	  4.97e-02	0.00000e+00

  4.92e-02	  2.60e-04	0.00000e+00
  4.92e-02	  7.81e-04	0.00000e+00
  4.92e-02	  1.30e-03	0.00000e+00
  4.92e-02	  1.82e-03	0.00000e+00
  4.92e-02	  2.34e-03	0.00000e+00
  4.92e-02	  2.86e-03	0.00000e+00
  4.92e-02	  3.39e-03	0.00000e+00
  4.92e-02	  3.91e-03	0.00000e+00
  4.92e-02	  4.43e-03	0.00000e+00
  4.92e-02	  4.95e-03	0.00000e+00
  4.92e-02	  5.47e-03	0.00000e+00
  4.92e-02	  5.99e-03	0.00000e+00
  4.92e-02	  6.51e-03	0.00000e+00
  4.92e-02	  7.03e-03	0.00000e+00
  4.92e-02	  7.55e-03	0.00000e+00
  4.92e-02	  8.07e-03	8.89073e-296
  4.92e-02	  8.59e-03	5.82953e-263
  4.92e-02	  9.11e-03	3.82764e-230
  4.92e-02	  9.64e-03	2.51654e-197
  4.92e-02	  1.02e-02	1.65660e-164
  4.92e-02	  1.07e-02	1.09176e-131
  4.92e-02	  1.12e-02	7.20261e-99
  4.92e-02	  1.17e-02	4.75614e-66
  4.92e-02	  1.22e-02	3.14320e-33
  4.92e-02	  1.28e-02	1.48893e-01
  4.92e-02	  1.33e-02	2.22779e-01
  4.92e-02	  1.38e-02	2.96593e-01
  4.92e-02	  1.43e-02	3.46088e-01
  4.92e-02	  1.48e-02	3.61113e-01
  4.92e-02	  1.54e-02	3.62465e-01
  4.92e-02	  1.59e-02	3.57239e-01
  4.92e-02	  1.64e-02	3.41204e-01
  4.92e-02	  1.69e-02	3.10016e-01
  4.92e-02	  1.74e-02	2.64703e-01
  4.92e-02	  1.80e-02	2.08851e-01
  4.92e-02	  1.85e-02	1.44971e-01
  4.92e-02	  1.90e-02	7.10013e-33
  4.92e-02	  1.95e-02	1.07331e-65
  4.92e-02	  2.01e-02	3.75821e-98
  4.92e-02	  2.06e-02	1.41964e-65
  4.92e-02	  2.11e-02	9.43514e-33
  4.92e-02	  2.16e-02	1.51136e-01
  4.92e-02	  2.21e-02	2.20120e-01
  4.92e-02	  2.27e-02	2.83999e-01
  4.92e-02	  2.32e-02	3.40723e-01
  4.92e-02	  2.37e-02	3.86146e-01
  4.92e-02	  2.42e-02	4.16195e-01
  4.92e-02	  2.47e-02	4.29492e-01
  4.92e-02	  2.53e-02	4.28258e-01
  4.92e-02	  2.58e-02	4.08843e-01
  4.92e-02	  2.63e-02	3.67800e-01
  4.92e-02	  2.68e-02	3.11556e-01
  4.92e-02	  2.73e-02	2.44879e-01
  4.92e-02	  2.79e-02	1.70067e-01
  4.92e-02	  2.84e-02	9.25190e-33
  4.92e-02	  2.89e-02	1.39216e-65
  4.92e-02	  2.94e-02	4.10235e-98
  4.92e-02	  2.99e-02	1.33139e-65
  4.92e-02	  3.05e-02	8.82813e-33
  4.92e-02	  3.10e-02	1.51428e-01
  4.92e-02	  3.15e-02	2.20650e-01
  4.92e-02	  3.20e-02	2.84127e-01
  4.92e-02	  3.26e-02	3.38983e-01
  4.92e-02	  3.31e-02	3.80329e-01
  4.92e-02	  3.36e-02	4.04817e-01
  4.92e-02	  3.41e-02	4.15335e-01
  4.92e-02	  3.46e-02	4.18118e-01
  4.92e-02	  3.52e-02	4.16698e-01
  4.92e-02	  3.57e-02	4.08828e-01
  4.92e-02	  3.62e-02	3.70260e-01
  4.92e-02	  3.67e-02	2.79915e-01
  4.92e-02	  3.72e-02	1.82733e-01
  4.92e-02	  3.78e-02	3.35325e-33
  4.92e-02	  3.83e-02	5.05520e-66
  4.92e-02	  3.88e-02	7.62771e-99
  4.92e-02	  3.93e-02	1.15210e-131
  4.92e-02	  3.98e-02	1.74211e-164
  4.92e-02	  4.04e-02	2.63752e-197
  4.92e-02	  4.09e-02	3.99839e-230
  4.92e-02	  4.14e-02	6.06970e-263
  4.92e-02	  4.19e-02	9.22683e-296
  4.92e-02	  4.24e-02	0.00000e+00
  4.92e-02	  4.30e-02	0.00000e+00
  4.92e-02	  4.35e-02	0.00000e+00
  4.92e-02	  4.40e-02	0.00000e+00
  4.92e-02	  4.45e-02	0.00000e+00
  4.92e-02	  4.51e-02	0.00000e+00
  4.92e-02	  4.56e-02	0.00000e+00
  4.92e-02	  4.61e-02	0.00000e+00
  4.92e-02	  4.66e-02	0.00000e+00
  4.92e-02	  4.71e-02	0.00000e+00
  4.92e-02	  4.77e-02	0.00000e+00
  4.92e-02	  4.82e-02	0.00000e+00
  4.92e-02	  4.87e-02	0.00000e+00
  4.92e-02	  4.92e-02	0.00000e+00
  4.92e-02	  4.97e-02	0.00000e+00

  5.00e-02	  2.60e-04	0.00000e+00
  5.00e-02	  7.81e-04	0.00000e+00
  5.00e-02	  1.30e-03	0.00000e+00
  5.00e-02	  1.82e-03	0.00000e+00
  5.00e-02	  2.34e-03	0.00000e+00
  5.00e-02	  2.86e-03	0.00000e+00
  5.00e-02	  3.39e-03	0.00000e+00
  5.00e-02	  3.91e-03	0.00000e+00
  5.00e-02	  4.43e-03	0.00000e+00
  5.00e-02	  4.95e-03	0.00000e+00
  5.00e-02	  5.47e-03	0.00000e+00
  5.00e-02	  5.99e-03	0.00000e+00
  5.00e-02	  6.51e-03	0.00000e+00
  5.00e-02	  7.03e-03	0.00000e+00
  5.00e-02	  7.55e-03	0.00000e+00
  5.00e-02	  8.07e-03	1.00315e-295
  5.00e-02	  8.59e-03	6.56346e-263
  5.00e-02	  9.11e-03	4.30033e-230
  5.00e-02	  9.64e-03	2.82146e-197
  5.00e-02	  1.02e-02	1.85369e-164
  5.00e-02	  1.07e-02	1.21947e-131
  5.00e-02	  1.12e-02	8.03230e-99
  5.00e-02	  1.17e-02	5.29672e-66
  5.00e-02	  1.22e-02	3.49645e-33
  5.00e-02	  1.28e-02	1.51199e-01
  5.00e-02	  1.33e-02	2.23161e-01
  5.00e-02	  1.38e-02	2.95466e-01
  5.00e-02	  1.43e-02	3.48034e-01
  5.00e-02	  1.48e-02	3.64166e-01
  5.00e-02	  1.54e-02	3.65451e-01
  5.00e-02	  1.59e-02	3.58894e-01
  5.00e-02	  1.64e-02	3.40539e-01
  5.00e-02	  1.69e-02	3.07442e-01
  5.00e-02	  1.74e-02	2.61529e-01
  5.00e-02	  1.80e-02	2.06063e-01
  5.00e-02	  1.85e-02	1.42961e-01
  5.00e-02	  1.90e-02	7.36119e-33
  5.00e-02	  1.95e-02	1.11267e-65
  5.00e-02	  2.01e-02	3.91289e-98
  5.00e-02	  2.06e-02	1.48330e-65
  5.00e-02	  2.11e-02	9.86003e-33
  5.00e-02	  2.16e-02	1.51363e-01
  5.00e-02	  2.21e-02	2.19766e-01
  5.00e-02	  2.27e-02	2.82636e-01
  5.00e-02	  2.32e-02	3.38880e-01
  5.00e-02	  2.37e-02	3.85380e-01
  5.00e-02	  2.42e-02	4.18033e-01
  5.00e-02	  2.47e-02	4.33686e-01
  5.00e-02	  2.53e-02	4.32064e-01
  5.00e-02	  2.58e-02	4.09464e-01
  5.00e-02	  2.63e-02	3.66113e-01
  5.00e-02	  2.68e-02	3.09437e-01
  5.00e-02	  2.73e-02	2.43298e-01
  5.00e-02	  2.79e-02	1.69084e-01
  5.00e-02	  2.84e-02	9.60914e-33
  5.00e-02	  2.89e-02	1.44564e-65
  5.00e-02	  2.94e-02	4.25873e-98
  5.00e-02	  2.99e-02	1.38206e-65
  5.00e-02	  3.05e-02	9.16470e-33
  5.00e-02	  3.10e-02	1.49890e-01
  5.00e-02	  3.15e-02	2.18042e-01
  5.00e-02	  3.20e-02	2.80396e-01
  5.00e-02	  3.26e-02	3.34975e-01
  5.00e-02	  3.31e-02	3.77692e-01
  5.00e-02	  3.36e-02	4.04687e-01
  5.00e-02	  3.41e-02	4.17215e-01
  5.00e-02	  3.46e-02	4.20860e-01
  5.00e-02	  3.52e-02	4.19463e-01
  5.00e-02	  3.57e-02	4.10928e-01
  5.00e-02	  3.62e-02	3.71285e-01
  5.00e-02	  3.67e-02	2.80385e-01
  5.00e-02	  3.72e-02	1.86396e-01
  5.00e-02	  3.78e-02	3.79431e-33
  5.00e-02	  3.83e-02	5.73254e-66
  5.00e-02	  3.88e-02	8.67099e-99
  5.00e-02	  3.93e-02	1.31320e-131
  5.00e-02	  3.98e-02	1.99140e-164
  5.00e-02	  4.04e-02	3.02388e-197
  5.00e-02	  4.09e-02	4.59780e-230
  5.00e-02	  4.14e-02	7.00005e-263
  5.00e-02	  4.19e-02	1.06707e-295
  5.00e-02	  4.24e-02	0.00000e+00
  5.00e-02	  4.30e-02	0.00000e+00
  5.00e-02	  4.35e-02	0.00000e+00
  5.00e-02	  4.40e-02	0.00000e+00
  5.00e-02	  4.45e-02	0.00000e+00
  5.00e-02	  4.51e-02	0.00000e+00
  5.00e-02	  4.56e-02	0.00000e+00
  5.00e-02	  4.61e-02	0.00000e+00
  5.00e-02	  4.66e-02	0.00000e+00
  5.00e-02	  4.71e-02	0.00000e+00
  5.00e-02	  4.77e-02	0.00000e+00
  5.00e-02	  4.82e-02	0.00000e+00
  5.00e-02	  4.87e-02	0.00000e+00
  5.00e-02	  4.92e-02	0.00000e+00
  5.00e-02	  4.97e-02	0.00000e+00

  5.08e-02	  2.60e-04	0.00000e+00
  5.08e-02	  7.81e-04	0.00000e+00
  5.08e-02	  1.30e-03	0.00000e+00
  5.08e-02	  1.82e-03	0.00000e+00
  5.08e-02	  2.34e-03	0.00000e+00
  5.08e-02	  2.86e-03	0.00000e+00
  5.08e-02	  3.39e-03	0.00000e+00
  5.08e-02	  3.91e-03	0.00000e+00
  5.08e-02	  4.43e-03	0.00000e+00
  5.08e-02	  4.95e-03	0.00000e+00
  5.08e-02	  5.47e-03	0.00000e+00
  5.08e-02	  5.99e-03	0.00000e+00
  5.08e-02	  6.51e-03	0.00000e+00
  5.08e-02	  7.03e-03	0.00000e+00
  5.08e-02	  7.55e-03	0.00000e+00
  5.08e-02	  8.07e-03	1.12845e-295
  5.08e-02	  8.59e-03	7.36778e-263
  5.08e-02	  9.11e-03	4.81666e-230
  5.08e-02	  9.64e-03	3.15307e-197
  5.08e-02	  1.02e-02	2.06686e-164
  5.08e-02	  1.07e-02	1.35670e-131
  5.08e-02	  1.12e-02	8.91755e-99
  5.08e-02	  1.17e-02	5.86915e-66
  5.08e-02	  1.22e-02	3.86764e-33
  5.08e-02	  1.28e-02	1.53037e-01
  5.08e-02	  1.33e-02	2.24037e-01
  5.08e-02	  1.38e-02	2.94823e-01
  5.08e-02	  1.43e-02	3.49276e-01
  5.08e-02	  1.48e-02	3.66754e-01
  5.08e-02	  1.54e-02	3.68045e-01
  5.08e-02	  1.59e-02	3.60148e-01
  5.08e-02	  1.64e-02	3.39736e-01
  5.08e-02	  1.69e-02	3.05176e-01
  5.08e-02	  1.74e-02	2.58875e-01
  5.08e-02	  1.80e-02	2.03732e-01
  5.08e-02	  1.85e-02	1.41259e-01
  5.08e-02	  1.90e-02	7.64249e-33
  5.08e-02	  1.95e-02	1.15507e-65
  5.08e-02	  2.01e-02	4.07398e-98
  5.08e-02	  2.06e-02	1.54817e-65
  5.08e-02	  2.11e-02	1.02932e-32
  5.08e-02	  2.16e-02	1.51573e-01
  5.08e-02	  2.21e-02	2.19658e-01
  5.08e-02	  2.27e-02	2.81885e-01
  5.08e-02	  2.32e-02	3.37732e-01
  5.08e-02	  2.37e-02	3.84880e-01
  5.08e-02	  2.42e-02	4.19469e-01
  5.08e-02	  2.47e-02	4.37060e-01
  5.08e-02	  2.53e-02	4.34942e-01
  5.08e-02	  2.58e-02	4.09656e-01
  5.08e-02	  2.63e-02	3.64665e-01
  5.08e-02	  2.68e-02	3.07690e-01
  5.08e-02	  2.73e-02	2.41889e-01
  5.08e-02	  2.79e-02	1.68100e-01
  5.08e-02	  2.84e-02	9.97113e-33
  5.08e-02	  2.89e-02	1.49989e-65
  5.08e-02	  2.94e-02	4.42031e-98
  5.08e-02	  2.99e-02	1.43541e-65
  5.08e-02	  3.05e-02	9.51918e-33
  5.08e-02	  3.10e-02	1.48539e-01
  5.08e-02	  3.15e-02	2.15869e-01
  5.08e-02	  3.20e-02	2.77360e-01
  5.08e-02	  3.26e-02	3.31596e-01
  5.08e-02	  3.31e-02	3.75195e-01
  5.08e-02	  3.36e-02	4.04245e-01
  5.08e-02	  3.41e-02	4.18717e-01
  5.08e-02	  3.46e-02	4.23304e-01
  5.08e-02	  3.52e-02	4.21908e-01
  5.08e-02	  3.57e-02	4.12396e-01
  5.08e-02	  3.62e-02	3.71783e-01
  5.08e-02	  3.67e-02	2.81732e-01
  5.08e-02	  3.72e-02	1.89560e-01
  5.08e-02	  3.78e-02	4.26746e-33
  5.08e-02	  3.83e-02	6.46444e-66
  5.08e-02	  3.88e-02	9.80495e-99
  5.08e-02	  3.93e-02	1.48907e-131
  5.08e-02	  3.98e-02	2.26428e-164
  5.08e-02	  4.04e-02	3.44723e-197
  5.08e-02	  4.09e-02	5.25417e-230
  5.08e-02	  4.14e-02	8.01660e-263
  5.08e-02	  4.19e-02	1.22429e-295
  5.08e-02	  4.24e-02	0.00000e+00
  5.08e-02	  4.30e-02	0.00000e+00
  5.08e-02	  4.35e-02	0.00000e+00
  5.08e-02	  4.40e-02	0.00000e+00
  5.08e-02	  4.45e-02	0.00000e+00
  5.08e-02	  4.51e-02	0.00000e+00
  5.08e-02	  4.56e-02	0.00000e+00
  5.08e-02	  4.61e-02	0.00000e+00
  5.08e-02	  4.66e-02	0.00000e+00
  5.08e-02	  4.71e-02	0.00000e+00
  5.08e-02	  4.77e-02	0.00000e+00
  5.08e-02	  4.82e-02	0.00000e+00
  5.08e-02	  4.87e-02	0.00000e+00
  5.08e-02	  4.92e-02	0.00000e+00
  5.08e-02	  4.97e-02	0.00000e+00

  5.16e-02	  2.60e-04	0.00000e+00
  5.16e-02	  7.81e-04	0.00000e+00
  5.16e-02	  1.30e-03	0.00000e+00
  5.16e-02	  1.82e-03	0.00000e+00
  5.16e-02	  2.34e-03	0.00000e+00
  5.16e-02	  2.86e-03	0.00000e+00
  5.16e-02	  3.39e-03	0.00000e+00
  5.16e-02	  3.91e-03	0.00000e+00
  5.16e-02	  4.43e-03	0.00000e+00
  5.16e-02	  4.95e-03	0.00000e+00
  5.16e-02	  5.47e-03	0.00000e+00
  5.16e-02	  5.99e-03	0.00000e+00
  5.16e-02	  6.51e-03	0.00000e+00
  5.16e-02	  7.03e-03	0.00000e+00
  5.16e-02	  7.55e-03	0.00000e+00
  5.16e-02	  8.07e-03	1.26609e-295
  5.16e-02	  8.59e-03	8.25022e-263
  5.16e-02	  9.11e-03	5.38220e-230
  5.16e-02	  9.64e-03	3.51542e-197
  5.16e-02	  1.02e-02	2.29903e-164
  5.16e-02	  1.07e-02	1.50552e-131
  5.16e-02	  1.12e-02	9.87215e-99
  5.16e-02	  1.17e-02	6.48234e-66
  5.16e-02	  1.22e-02	4.26228e-33
  5.16e-02	  1.28e-02	1.54462e-01
  5.16e-02	  1.33e-02	2.25040e-01
  5.16e-02	  1.38e-02	2.94397e-01
  5.16e-02	  1.43e-02	3.49644e-01
  5.16e-02	  1.48e-02	3.68810e-01
  5.16e-02	  1.54e-02	3.70290e-01
  5.16e-02	  1.59e-02	3.61178e-01
  5.16e-02	  1.64e-02	3.39032e-01
  5.16e-02	  1.69e-02	3.03364e-01
  5.16e-02	  1.74e-02	2.56807e-01
  5.16e-02	  1.80e-02	2.01923e-01
  5.16e-02	  1.85e-02	1.39941e-01
  5.16e-02	  1.90e-02	7.94938e-33
  5.16e-02	  1.95e-02	1.20141e-65
  5.16e-02	  2.01e-02	4.24341e-98
  5.16e-02	  2.06e-02	1.61458e-65
  5.16e-02	  2.11e-02	1.07366e-32
  5.16e-02	  2.16e-02	1.51775e-01
  5.16e-02	  2.21e-02	2.19704e-01
  5.16e-02	  2.27e-02	2.81542e-01
  5.16e-02	  2.32e-02	3.37107e-01
  5.16e-02	  2.37e-02	3.84652e-01
  5.16e-02	  2.42e-02	4.20615e-01
  5.16e-02	  2.47e-02	4.39663e-01
  5.16e-02	  2.53e-02	4.36989e-01
  5.16e-02	  2.58e-02	4.09596e-01
  5.16e-02	  2.63e-02	3.63459e-01
  5.16e-02	  2.68e-02	3.06251e-01
  5.16e-02	  2.73e-02	2.40654e-01
  5.16e-02	  2.79e-02	1.67183e-01
  5.16e-02	  2.84e-02	1.03421e-32
  5.16e-02	  2.89e-02	1.55551e-65
  5.16e-02	  2.94e-02	4.58913e-98
  5.16e-02	  2.99e-02	1.49214e-65
  5.16e-02	  3.05e-02	9.89602e-33
  5.16e-02	  3.10e-02	1.47419e-01
  5.16e-02	  3.15e-02	2.14111e-01
  5.16e-02	  3.20e-02	2.74934e-01
  5.16e-02	  3.26e-02	3.28839e-01
  5.16e-02	  3.31e-02	3.73015e-01
  5.16e-02	  3.36e-02	4.03728e-01
  5.16e-02	  3.41e-02	4.20013e-01
  5.16e-02	  3.46e-02	4.25564e-01
  5.16e-02	  3.52e-02	4.24111e-01
  5.16e-02	  3.57e-02	4.13317e-01
  5.16e-02	  3.62e-02	3.71489e-01
  5.16e-02	  3.67e-02	2.83379e-01
  5.16e-02	  3.72e-02	1.92279e-01
  5.16e-02	  3.78e-02	4.77872e-33
  5.16e-02	  3.83e-02	7.25783e-66
  5.16e-02	  3.88e-02	1.10359e-98
  5.16e-02	  3.93e-02	1.67992e-131
  5.16e-02	  3.98e-02	2.55984e-164
  5.16e-02	  4.04e-02	3.90424e-197
  5.16e-02	  4.09e-02	5.95954e-230
  5.16e-02	  4.14e-02	9.10316e-263
  5.16e-02	  4.19e-02	1.39132e-295
  5.16e-02	  4.24e-02	0.00000e+00
  5.16e-02	  4.30e-02	0.00000e+00
  5.16e-02	  4.35e-02	0.00000e+00
  5.16e-02	  4.40e-02	0.00000e+00
  5.16e-02	  4.45e-02	0.00000e+00
  5.16e-02	  4.51e-02	0.00000e+00
  5.16e-02	  4.56e-02	0.00000e+00
  5.16e-02	  4.61e-02	0.00000e+00
  5.16e-02	  4.66e-02	0.00000e+00
  5.16e-02	  4.71e-02	0.00000e+00
  5.16e-02	  4.77e-02	0.00000e+00
  5.16e-02	  4.82e-02	0.00000e+00
  5.16e-02	  4.87e-02	0.00000e+00
  5.16e-02	  4.92e-02	0.00000e+00
  5.16e-02	  4.97e-02	0.00000e+00

  5.23e-02	  2.60e-04	0.00000e+00
  5.23e-02	  7.81e-04	0.00000e+00
  5.23e-02	  1.30e-03	0.00000e+00
  5.23e-02	  1.82e-03	0.00000e+00
  5.23e-02	  2.34e-03	0.00000e+00
  5.23e-02	  2.86e-03	0.00000e+00
  5.23e-02	  3.39e-03	0.00000e+00
  5.23e-02	  3.91e-03	0.00000e+00
  5.23e-02	  4.43e-03	0.00000e+00
  5.23e-02	  4.95e-03	0.00000e+00
  5.23e-02	  5.47e-03	0.00000e+00
  5.23e-02	  5.99e-03	0.00000e+00
  5.23e-02	  6.51e-03	0.00000e+00
  5.23e-02	  7.03e-03	0.00000e+00
  5.23e-02	  7.55e-03	0.00000e+00
  5.23e-02	  8.07e-03	1.41921e-295
  5.23e-02	  8.59e-03	9.22735e-263
  5.23e-02	  9.11e-03	6.00603e-230
  5.23e-02	  9.64e-03	3.91385e-197
  5.23e-02	  1.02e-02	2.55357e-164
  5.23e-02	  1.07e-02	1.66817e-131
  5.23e-02	  1.12e-02	1.09118e-98
  5.23e-02	  1.17e-02	7.14713e-66
  5.23e-02	  1.22e-02	4.68771e-33
  5.23e-02	  1.28e-02	1.55485e-01
  5.23e-02	  1.33e-02	2.25867e-01
  5.23e-02	  1.38e-02	2.93857e-01
  5.23e-02	  1.43e-02	3.49082e-01
  5.23e-02	  1.48e-02	3.70274e-01
  5.23e-02	  1.54e-02	3.72234e-01
  5.23e-02	  1.59e-02	3.62152e-01
  5.23e-02	  1.64e-02	3.38628e-01
  5.23e-02	  1.69e-02	3.02136e-01
  5.23e-02	  1.74e-02	2.55400e-01
  5.23e-02	  1.80e-02	2.00704e-01
  5.23e-02	  1.85e-02	1.39065e-01
  5.23e-02	  1.90e-02	8.29432e-33
  5.23e-02	  1.95e-02	1.25367e-65
  5.23e-02	  2.01e-02	4.42496e-98
  5.23e-02	  2.06e-02	1.68290e-65
  5.23e-02	  2.11e-02	1.11929e-32
  5.23e-02	  2.16e-02	1.51983e-01
  5.23e-02	  2.21e-02	2.19860e-01
  5.23e-02	  2.27e-02	2.81480e-01
  5.23e-02	  2.32e-02	3.36871e-01
  5.23e-02	  2.37e-02	3.84661e-01
  5.23e-02	  2.42e-02	4.21532e-01
  5.23e-02	  2.47e-02	4.41538e-01
  5.23e-02	  2.53e-02	4.38304e-01
  5.23e-02	  2.58e-02	4.09390e-01
  5.23e-02	  2.63e-02	3.62481e-01
  5.23e-02	  2.68e-02	3.05089e-01
  5.23e-02	  2.73e-02	2.39614e-01
  5.23e-02	  2.79e-02	1.66381e-01
  5.23e-02	  2.84e-02	1.07251e-32
  5.23e-02	  2.89e-02	1.61295e-65
  5.23e-02	  2.94e-02	4.76710e-98
  5.23e-02	  2.99e-02	1.55306e-65
  5.23e-02	  3.05e-02	1.03004e-32
  5.23e-02	  3.10e-02	1.46570e-01
  5.23e-02	  3.15e-02	2.12776e-01
  5.23e-02	  3.20e-02	2.73085e-01
  5.23e-02	  3.26e-02	3.26705e-01
  5.23e-02	  3.31e-02	3.71269e-01
  5.23e-02	  3.36e-02	4.03320e-01
  5.23e-02	  3.41e-02	4.21242e-01
  5.23e-02	  3.46e-02	4.27726e-01
  5.23e-02	  3.52e-02	4.26130e-01
  5.23e-02	  3.57e-02	4.13749e-01
  5.23e-02	  3.62e-02	3.70329e-01
  5.23e-02	  3.67e-02	2.84785e-01
  5.23e-02	  3.72e-02	1.94505e-01
  5.23e-02	  3.78e-02	5.32999e-33
  5.23e-02	  3.83e-02	8.11201e-66
  5.23e-02	  3.88e-02	1.23573e-98
  5.23e-02	  3.93e-02	1.88392e-131
  5.23e-02	  3.98e-02	2.87413e-164
  5.23e-02	  4.04e-02	4.38737e-197
  5.23e-02	  4.09e-02	6.70055e-230
  5.23e-02	  4.14e-02	1.02372e-262
  5.23e-02	  4.19e-02	1.56449e-295
  5.23e-02	  4.24e-02	0.00000e+00
  5.23e-02	  4.30e-02	0.00000e+00
  5.23e-02	  4.35e-02	0.00000e+00
  5.23e-02	  4.40e-02	0.00000e+00
  5.23e-02	  4.45e-02	0.00000e+00
  5.23e-02	  4.51e-02	0.00000e+00
  5.23e-02	  4.56e-02	0.00000e+00
  5.23e-02	  4.61e-02	0.00000e+00
  5.23e-02	  4.66e-02	0.00000e+00
  5.23e-02	  4.71e-02	0.00000e+00
  5.23e-02	  4.77e-02	0.00000e+00
  5.23e-02	  4.82e-02	0.00000e+00
  5.23e-02	  4.87e-02	0.00000e+00
  5.23e-02	  4.92e-02	0.00000e+00
  5.23e-02	  4.97e-02	0.00000e+00

  5.31e-02	  2.60e-04	0.00000e+00
  5.31e-02	  7.81e-04	0.00000e+00
  5.31e-02	  1.30e-03	0.00000e+00
  5.31e-02	  1.82e-03	0.00000e+00
  5.31e-02	  2.34e-03	0.00000e+00
  5.31e-02	  2.86e-03	0.00000e+00
  5.31e-02	  3.39e-03	0.00000e+00
  5.31e-02	  3.91e-03	0.00000e+00
  5.31e-02	  4.43e-03	0.00000e+00
  5.31e-02	  4.95e-03	0.00000e+00
  5.31e-02	  5.47e-03	0.00000e+00
  5.31e-02	  5.99e-03	0.00000e+00
  5.31e-02	  6.51e-03	0.00000e+00
  5.31e-02	  7.03e-03	0.00000e+00
  5.31e-02	  7.55e-03	0.00000e+00
  5.31e-02	  8.07e-03	1.60440e-295
  5.31e-02	  8.59e-03	1.03885e-262
  5.31e-02	  9.11e-03	6.73411e-230
  5.31e-02	  9.64e-03	4.37105e-197
  5.31e-02	  1.02e-02	2.84138e-164
  5.31e-02	  1.07e-02	1.84988e-131
  5.31e-02	  1.12e-02	1.20625e-98
  5.31e-02	  1.17e-02	7.87776e-66
  5.31e-02	  1.22e-02	5.15254e-33
  5.31e-02	  1.28e-02	1.56048e-01
  5.31e-02	  1.33e-02	2.26231e-01
  5.31e-02	  1.38e-02	2.92873e-01
  5.31e-02	  1.43e-02	3.47609e-01
  5.31e-02	  1.48e-02	3.71105e-01
  5.31e-02	  1.54e-02	3.73933e-01
  5.31e-02	  1.59e-02	3.63236e-01
  5.31e-02	  1.64e-02	3.38702e-01
  5.31e-02	  1.69e-02	3.01608e-01
  5.31e-02	  1.74e-02	2.54723e-01
  5.31e-02	  1.80e-02	2.00127e-01
  5.31e-02	  1.85e-02	1.38681e-01
  5.31e-02	  1.90e-02	8.71450e-33
  5.31e-02	  1.95e-02	1.31777e-65
  5.31e-02	  2.01e-02	4.62970e-98
  5.31e-02	  2.06e-02	1.75416e-65
  5.31e-02	  2.11e-02	1.16680e-32
  5.31e-02	  2.16e-02	1.52199e-01
  5.31e-02	  2.21e-02	2.20095e-01
  5.31e-02	  2.27e-02	2.81620e-01
  5.31e-02	  2.32e-02	3.36921e-01
  5.31e-02	  2.37e-02	3.84854e-01
  5.31e-02	  2.42e-02	4.22248e-01
  5.31e-02	  2.47e-02	4.42749e-01
  5.31e-02	  2.53e-02	4.38993e-01
  5.31e-02	  2.58e-02	4.09099e-01
  5.31e-02	  2.63e-02	3.61713e-01
  5.31e-02	  2.68e-02	3.04185e-01
  5.31e-02	  2.73e-02	2.38780e-01
  5.31e-02	  2.79e-02	1.65722e-01
  5.31e-02	  2.84e-02	1.11248e-32
  5.31e-02	  2.89e-02	1.67295e-65
  5.31e-02	  2.94e-02	4.95617e-98
  5.31e-02	  2.99e-02	1.61871e-65
  5.31e-02	  3.05e-02	1.07358e-32
  5.31e-02	  3.10e-02	1.46014e-01
  5.31e-02	  3.15e-02	2.11889e-01
  5.31e-02	  3.20e-02	2.71810e-01
  5.31e-02	  3.26e-02	3.25200e-01
  5.31e-02	  3.31e-02	3.70039e-01
  5.31e-02	  3.36e-02	4.03160e-01
  5.31e-02	  3.41e-02	4.22516e-01
  5.31e-02	  3.46e-02	4.29852e-01
  5.31e-02	  3.52e-02	4.27992e-01
  5.31e-02	  3.57e-02	4.13699e-01
  5.31e-02	  3.62e-02	3.68363e-01
  5.31e-02	  3.67e-02	2.85543e-01
  5.31e-02	  3.72e-02	1.96107e-01
  5.31e-02	  3.78e-02	5.91760e-33
  5.31e-02	  3.83e-02	9.01804e-66
  5.31e-02	  3.88e-02	1.37509e-98
  5.31e-02	  3.93e-02	2.09778e-131
  5.31e-02	  3.98e-02	3.20152e-164
  5.31e-02	  4.04e-02	4.88746e-197
  5.31e-02	  4.09e-02	7.46282e-230
  5.31e-02	  4.14e-02	1.13969e-262
  5.31e-02	  4.19e-02	1.74062e-295
  5.31e-02	  4.24e-02	0.00000e+00
  5.31e-02	  4.30e-02	0.00000e+00
  5.31e-02	  4.35e-02	0.00000e+00
  5.31e-02	  4.40e-02	0.00000e+00
  5.31e-02	  4.45e-02	0.00000e+00
  5.31e-02	  4.51e-02	0.00000e+00
  5.31e-02	  4.56e-02	0.00000e+00
  5.31e-02	  4.61e-02	0.00000e+00
  5.31e-02	  4.66e-02	0.00000e+00
  5.31e-02	  4.71e-02	0.00000e+00
  5.31e-02	  4.77e-02	0.00000e+00
  5.31e-02	  4.82e-02	0.00000e+00
  5.31e-02	  4.87e-02	0.00000e+00
  5.31e-02	  4.92e-02	0.00000e+00
  5.31e-02	  4.97e-02	0.00000e+00

  5.39e-02	  2.60e-04	0.00000e+00
  5.39e-02	  7.81e-04	0.00000e+00
  5.39e-02	  1.30e-03	0.00000e+00
  5.39e-02	  1.82e-03	0.00000e+00
  5.39e-02	  2.34e-03	0.00000e+00
  5.39e-02	  2.86e-03	0.00000e+00
  5.39e-02	  3.39e-03	0.00000e+00
  5.39e-02	  3.91e-03	0.00000e+00
  5.39e-02	  4.43e-03	0.00000e+00
  5.39e-02	  4.95e-03	0.00000e+00
  5.39e-02	  5.47e-03	0.00000e+00
  5.39e-02	  5.99e-03	0.00000e+00
  5.39e-02	  6.51e-03	0.00000e+00
  5.39e-02	  7.03e-03	0.00000e+00
  5.39e-02	  7.55e-03	0.00000e+00
  5.39e-02	  8.07e-03	1.89736e-295
  5.39e-02	  8.59e-03	1.22085e-262
  5.39e-02	  9.11e-03	7.85712e-230
  5.39e-02	  9.64e-03	5.05914e-197
  5.39e-02	  1.02e-02	3.26016e-164
  5.39e-02	  1.07e-02	2.10329e-131
  5.39e-02	  1.12e-02	1.35899e-98
  5.39e-02	  1.17e-02	8.79777e-66
  5.39e-02	  1.22e-02	5.70909e-33
  5.39e-02	  1.28e-02	1.56029e-01
  5.39e-02	  1.33e-02	2.25848e-01
  5.39e-02	  1.38e-02	2.91153e-01
  5.39e-02	  1.43e-02	3.45262e-01
  5.39e-02	  1.48e-02	3.71297e-01
  5.39e-02	  1.54e-02	3.75474e-01
  5.39e-02	  1.59e-02	3.64603e-01
  5.39e-02	  1.64e-02	3.39420e-01
  5.39e-02	  1.69e-02	3.01878e-01
  5.39e-02	  1.74e-02	2.54817e-01
  5.39e-02	  1.80e-02	2.00236e-01
  5.39e-02	  1.85e-02	1.38851e-01
  5.39e-02	  1.90e-02	9.33752e-33
  5.39e-02	  1.95e-02	1.41382e-65
  5.39e-02	  2.01e-02	4.89607e-98
  5.39e-02	  2.06e-02	1.83251e-65
  5.39e-02	  2.11e-02	1.21875e-32
  5.39e-02	  2.16e-02	1.52425e-01
  5.39e-02	  2.21e-02	2.20378e-01
  5.39e-02	  2.27e-02	2.81894e-01
  5.39e-02	  2.32e-02	3.37174e-01
  5.39e-02	  2.37e-02	3.85180e-01
  5.39e-02	  2.42e-02	4.22784e-01
  5.39e-02	  2.47e-02	4.43387e-01
  5.39e-02	  2.53e-02	4.39175e-01
  5.39e-02	  2.58e-02	4.08759e-01
  5.39e-02	  2.63e-02	3.61135e-01
  5.39e-02	  2.68e-02	3.03519e-01
  5.39e-02	  2.73e-02	2.38149e-01
  5.39e-02	  2.79e-02	1.65212e-01
  5.39e-02	  2.84e-02	1.15493e-32
  5.39e-02	  2.89e-02	1.73674e-65
  5.39e-02	  2.94e-02	5.15981e-98
  5.39e-02	  2.99e-02	1.69007e-65
  5.39e-02	  3.05e-02	1.12085e-32
  5.39e-02	  3.10e-02	1.45770e-01
  5.39e-02	  3.15e-02	2.11457e-01
  5.39e-02	  3.20e-02	2.71111e-01
  5.39e-02	  3.26e-02	3.24335e-01
  5.39e-02	  3.31e-02	3.69381e-01
  5.39e-02	  3.36e-02	4.03352e-01
  5.39e-02	  3.41e-02	4.23921e-01
  5.39e-02	  3.46e-02	4.31980e-01
  5.39e-02	  3.52e-02	4.29682e-01
  5.39e-02	  3.57e-02	4.13136e-01
  5.39e-02	  3.62e-02	3.65694e-01
  5.39e-02	  3.67e-02	2.85417e-01
  5.39e-02	  3.72e-02	1.96939e-01
  5.39e-02	  3.78e-02	6.53374e-33
  5.39e-02	  3.83e-02	9.96214e-66
  5.39e-02	  3.88e-02	1.51941e-98
  5.39e-02	  3.93e-02	2.31791e-131
  5.39e-02	  3.98e-02	3.53661e-164
  5.39e-02	  4.04e-02	5.39663e-197
  5.39e-02	  4.09e-02	8.23532e-230
  5.39e-02	  4.14e-02	1.25674e-262
  5.39e-02	  4.19e-02	1.91779e-295
  5.39e-02	  4.24e-02	0.00000e+00
  5.39e-02	  4.30e-02	0.00000e+00
  5.39e-02	  4.35e-02	0.00000e+00
  5.39e-02	  4.40e-02	0.00000e+00
  5.39e-02	  4.45e-02	0.00000e+00
  5.39e-02	  4.51e-02	0.00000e+00
  5.39e-02	  4.56e-02	0.00000e+00
  5.39e-02	  4.61e-02	0.00000e+00
  5.39e-02	  4.66e-02	0.00000e+00
  5.39e-02	  4.71e-02	0.00000e+00
  5.39e-02	  4.77e-02	0.00000e+00
  5.39e-02	  4.82e-02	0.00000e+00
  5.39e-02	  4.87e-02	0.00000e+00
  5.39e-02	  4.92e-02	0.00000e+00
  5.39e-02	  4.97e-02	0.00000e+00

  5.47e-02	  2.60e-04	0.00000e+00
  5.47e-02	  7.81e-04	0.00000e+00
  5.47e-02	  1.30e-03	0.00000e+00
  5.47e-02	  1.82e-03	0.00000e+00
  5.47e-02	  2.34e-03	0.00000e+00
  5.47e-02	  2.86e-03	0.00000e+00
  5.47e-02	  3.39e-03	0.00000e+00
  5.47e-02	  3.91e-03	0.00000e+00
  5.47e-02	  4.43e-03	0.00000e+00
  5.47e-02	  4.95e-03	0.00000e+00
  5.47e-02	  5.47e-03	0.00000e+00
  5.47e-02	  5.99e-03	0.00000e+00
  5.47e-02	  6.51e-03	0.00000e+00
  5.47e-02	  7.03e-03	0.00000e+00
  5.47e-02	  7.55e-03	0.00000e+00
  5.47e-02	  8.07e-03	2.48679e-295
  5.47e-02	  8.59e-03	1.59480e-262
  5.47e-02	  9.11e-03	1.02150e-229
  5.47e-02	  9.64e-03	6.53575e-197
  5.47e-02	  1.02e-02	4.17818e-164
  5.47e-02	  1.07e-02	2.66971e-131
  5.47e-02	  1.12e-02	1.70580e-98
  5.47e-02	  1.17e-02	1.09052e-65
  5.47e-02	  1.22e-02	6.98009e-33
  5.47e-02	  1.28e-02	1.55311e-01
  5.47e-02	  1.33e-02	2.24390e-01
  5.47e-02	  1.38e-02	2.88442e-01
  5.47e-02	  1.43e-02	3.42060e-01
  5.47e-02	  1.48e-02	3.70884e-01
  5.47e-02	  1.54e-02	3.76974e-01
  5.47e-02	  1.59e-02	3.66424e-01
  5.47e-02	  1.64e-02	3.40911e-01
  5.47e-02	  1.69e-02	3.02997e-01
  5.47e-02	  1.74e-02	2.55690e-01
  5.47e-02	  1.80e-02	2.01094e-01
  5.47e-02	  1.85e-02	1.39686e-01
  5.47e-02	  1.90e-02	1.05335e-32
  5.47e-02	  1.95e-02	1.59953e-65
  5.47e-02	  2.01e-02	5.33433e-98
  5.47e-02	  2.06e-02	1.93064e-65
  5.47e-02	  2.11e-02	1.28308e-32
  5.47e-02	  2.16e-02	1.52659e-01
  5.47e-02	  2.21e-02	2.20671e-01
  5.47e-02	  2.27e-02	2.82234e-01
  5.47e-02	  2.32e-02	3.37558e-01
  5.47e-02	  2.37e-02	3.85596e-01
  5.47e-02	  2.42e-02	4.23173e-01
  5.47e-02	  2.47e-02	4.43576e-01
  5.47e-02	  2.53e-02	4.38983e-01
  5.47e-02	  2.58e-02	4.08400e-01
  5.47e-02	  2.63e-02	3.60725e-01
  5.47e-02	  2.68e-02	3.03058e-01
  5.47e-02	  2.73e-02	2.37694e-01
  5.47e-02	  2.79e-02	1.64837e-01
  5.47e-02	  2.84e-02	1.20203e-32
  5.47e-02	  2.89e-02	1.80787e-65
  5.47e-02	  2.94e-02	5.38782e-98
  5.47e-02	  2.99e-02	1.76970e-65
  5.47e-02	  3.05e-02	1.17346e-32
  5.47e-02	  3.10e-02	1.45844e-01
  5.47e-02	  3.15e-02	2.11479e-01
  5.47e-02	  3.20e-02	2.70984e-01
  5.47e-02	  3.26e-02	3.24113e-01
  5.47e-02	  3.31e-02	3.69331e-01
  5.47e-02	  3.36e-02	4.03967e-01
  5.47e-02	  3.41e-02	4.25516e-01
  5.47e-02	  3.46e-02	4.34119e-01
  5.47e-02	  3.52e-02	4.31148e-01
  5.47e-02	  3.57e-02	4.12009e-01
  5.47e-02	  3.62e-02	3.62420e-01
  5.47e-02	  3.67e-02	2.84323e-01
  5.47e-02	  3.72e-02	1.96914e-01
  5.47e-02	  3.78e-02	7.16949e-33
  5.47e-02	  3.83e-02	1.09308e-65
  5.47e-02	  3.88e-02	1.66672e-98
  5.47e-02	  3.93e-02	2.54159e-131
  5.47e-02	  3.98e-02	3.87582e-164
  5.47e-02	  4.04e-02	5.91051e-197
  5.47e-02	  4.09e-02	9.01329e-230
  5.47e-02	  4.14e-02	1.37447e-262
  5.47e-02	  4.19e-02	2.09597e-295
  5.47e-02	  4.24e-02	0.00000e+00
  5.47e-02	  4.30e-02	0.00000e+00
  5.47e-02	  4.35e-02	0.00000e+00
  5.47e-02	  4.40e-02	0.00000e+00
  5.47e-02	  4.45e-02	0.00000e+00
  5.47e-02	  4.51e-02	0.00000e+00
  5.47e-02	  4.56e-02	0.00000e+00
  5.47e-02	  4.61e-02	0.00000e+00
  5.47e-02	  4.66e-02	0.00000e+00
  5.47e-02	  4.71e-02	0.00000e+00
  5.47e-02	  4.77e-02	0.00000e+00
  5.47e-02	  4.82e-02	0.00000e+00
  5.47e-02	  4.87e-02	0.00000e+00
  5.47e-02	  4.92e-02	0.00000e+00
  5.47e-02	  4.97e-02	0.00000e+00

  5.55e-02	  2.60e-04	0.00000e+00
  5.55e-02	  7.81e-04	0.00000e+00
  5.55e-02	  1.30e-03	0.00000e+00
  5.55e-02	  1.82e-03	0.00000e+00
  5.55e-02	  2.34e-03	0.00000e+00
  5.55e-02	  2.86e-03	0.00000e+00
  5.55e-02	  3.39e-03	0.00000e+00
  5.55e-02	  3.91e-03	0.00000e+00
  5.55e-02	  4.43e-03	0.00000e+00
  5.55e-02	  4.95e-03	0.00000e+00
  5.55e-02	  5.47e-03	0.00000e+00
  5.55e-02	  5.99e-03	0.00000e+00
  5.55e-02	  6.51e-03	0.00000e+00
  5.55e-02	  7.03e-03	0.00000e+00
  5.55e-02	  7.55e-03	0.00000e+00
  5.55e-02	  8.07e-03	3.60091e-295
  5.55e-02	  8.59e-03	2.32181e-262
  5.55e-02	  9.11e-03	1.49478e-229
  5.55e-02	  9.64e-03	9.60816e-197
  5.55e-02	  1.02e-02	6.16611e-164
  5.55e-02	  1.07e-02	3.95090e-131
  5.55e-02	  1.12e-02	2.52766e-98
  5.55e-02	  1.17e-02	1.61482e-65
  5.55e-02	  1.22e-02	1.03032e-32
  5.55e-02	  1.28e-02	1.54324e-01
  5.55e-02	  1.33e-02	2.21962e-01
  5.55e-02	  1.38e-02	2.84299e-01
  5.55e-02	  1.43e-02	3.37641e-01
  5.55e-02	  1.48e-02	3.69683e-01
  5.55e-02	  1.54e-02	3.78426e-01
  5.55e-02	  1.59e-02	3.68733e-01
  5.55e-02	  1.64e-02	3.43126e-01
  5.55e-02	  1.69e-02	3.04860e-01
  5.55e-02	  1.74e-02	2.57436e-01
  5.55e-02	  1.80e-02	2.02992e-01
  5.55e-02	  1.85e-02	1.41373e-01
  5.55e-02	  1.90e-02	1.30389e-32
  5.55e-02	  1.95e-02	1.98775e-65
  5.55e-02	  2.01e-02	6.16957e-98
  5.55e-02	  2.06e-02	2.08154e-65
  5.55e-02	  2.11e-02	1.38056e-32
  5.55e-02	  2.16e-02	1.52924e-01
  5.55e-02	  2.21e-02	2.20950e-01
  5.55e-02	  2.27e-02	2.82569e-01
  5.55e-02	  2.32e-02	3.37996e-01
  5.55e-02	  2.37e-02	3.86060e-01
  5.55e-02	  2.42e-02	4.23456e-01
  5.55e-02	  2.47e-02	4.43465e-01
  5.55e-02	  2.53e-02	4.38565e-01
  5.55e-02	  2.58e-02	4.08056e-01
  5.55e-02	  2.63e-02	3.60451e-01
  5.55e-02	  2.68e-02	3.02736e-01
  5.55e-02	  2.73e-02	2.37357e-01
  5.55e-02	  2.79e-02	1.64576e-01
  5.55e-02	  2.84e-02	1.26280e-32
  5.55e-02	  2.89e-02	1.90095e-65
  5.55e-02	  2.94e-02	5.67433e-98
  5.55e-02	  2.99e-02	1.86421e-65
  5.55e-02	  3.05e-02	1.23560e-32
  5.55e-02	  3.10e-02	1.46239e-01
  5.55e-02	  3.15e-02	2.11939e-01
  5.55e-02	  3.20e-02	2.71406e-01
  5.55e-02	  3.26e-02	3.24524e-01
  5.55e-02	  3.31e-02	3.69903e-01
  5.55e-02	  3.36e-02	4.05053e-01
  5.55e-02	  3.41e-02	4.27342e-01
  5.55e-02	  3.46e-02	4.36256e-01
  5.55e-02	  3.52e-02	4.32311e-01
  5.55e-02	  3.57e-02	4.10265e-01
  5.55e-02	  3.62e-02	3.58613e-01
  5.55e-02	  3.67e-02	2.82290e-01
  5.55e-02	  3.72e-02	1.96022e-01
  5.55e-02	  3.78e-02	7.81790e-33
  5.55e-02	  3.83e-02	1.19151e-65
  5.55e-02	  3.88e-02	1.81599e-98
  5.55e-02	  3.93e-02	2.76783e-131
  5.55e-02	  3.98e-02	4.21867e-164
  5.55e-02	  4.04e-02	6.43024e-197
  5.55e-02	  4.09e-02	9.80173e-230
  5.55e-02	  4.14e-02	1.49422e-262
  5.55e-02	  4.19e-02	2.27808e-295
  5.55e-02	  4.24e-02	0.00000e+00
  5.55e-02	  4.30e-02	0.00000e+00
  5.55e-02	  4.35e-02	0.00000e+00
  5.55e-02	  4.40e-02	0.00000e+00
  5.55e-02	  4.45e-02	0.00000e+00
  5.55e-02	  4.51e-02	0.00000e+00
  5.55e-02	  4.56e-02	0.00000e+00
  5.55e-02	  4.61e-02	0.00000e+00
  5.55e-02	  4.66e-02	0.00000e+00
  5.55e-02	  4.71e-02	0.00000e+00
  5.55e-02	  4.77e-02	0.00000e+00
  5.55e-02	  4.82e-02	0.00000e+00
  5.55e-02	  4.87e-02	0.00000e+00
  5.55e-02	  4.92e-02	0.00000e+00
  5.55e-02	  4.97e-02	0.00000e+00

  5.62e-02	  2.60e-04	0.00000e+00
  5.62e-02	  7.81e-04	0.00000e+00
  5.62e-02	  1.30e-03	0.00000e+00
  5.62e-02	  1.82e-03	0.00000e+00
  5.62e-02	  2.34e-03	0.00000e+00
  5.62e-02	  2.86e-03	0.00000e+00
  5.62e-02	  3.39e-03	0.00000e+00
  5.62e-02	  3.91e-03	0.00000e+00
  5.62e-02	  4.43e-03	0.00000e+00
  5.62e-02	  4.95e-03	0.00000e+00
  5.62e-02	  5.47e-03	0.00000e+00
  5.62e-02	  5.99e-03	0.00000e+00
  5.62e-02	  6.51e-03	0.00000e+00
  5.62e-02	  7.03e-03	0.00000e+00
  5.62e-02	  7.55e-03	0.00000e+00
  5.62e-02	  8.07e-03	5.28110e-295
  5.62e-02	  8.59e-03	3.43632e-262
  5.62e-02	  9.11e-03	2.23367e-229
  5.62e-02	  9.64e-03	1.45032e-196
  5.62e-02	  1.02e-02	9.40571e-164
  5.62e-02	  1.07e-02	6.09196e-131
  5.62e-02	  1.12e-02	3.94022e-98
  5.62e-02	  1.17e-02	2.54475e-65
  5.62e-02	  1.22e-02	1.64100e-32
  5.62e-02	  1.28e-02	1.53629e-01
  5.62e-02	  1.33e-02	2.20029e-01
  5.62e-02	  1.38e-02	2.79612e-01
  5.62e-02	  1.43e-02	3.31249e-01
  5.62e-02	  1.48e-02	3.66349e-01
  5.62e-02	  1.54e-02	3.78884e-01
  5.62e-02	  1.59e-02	3.70876e-01
  5.62e-02	  1.64e-02	3.45578e-01
  5.62e-02	  1.69e-02	3.07532e-01
  5.62e-02	  1.74e-02	2.60749e-01
  5.62e-02	  1.80e-02	2.06364e-01
  5.62e-02	  1.85e-02	1.44001e-01
  5.62e-02	  1.90e-02	1.76578e-32
  5.62e-02	  1.95e-02	2.69735e-65
  5.62e-02	  2.01e-02	7.68446e-98
  5.62e-02	  2.06e-02	2.35444e-65
  5.62e-02	  2.11e-02	1.55571e-32
  5.62e-02	  2.16e-02	1.53314e-01
  5.62e-02	  2.21e-02	2.21298e-01
  5.62e-02	  2.27e-02	2.82857e-01
  5.62e-02	  2.32e-02	3.38355e-01
  5.62e-02	  2.37e-02	3.86478e-01
  5.62e-02	  2.42e-02	4.23648e-01
  5.62e-02	  2.47e-02	4.43193e-01
  5.62e-02	  2.53e-02	4.38059e-01
  5.62e-02	  2.58e-02	4.07751e-01
  5.62e-02	  2.63e-02	3.60247e-01
  5.62e-02	  2.68e-02	3.02448e-01
  5.62e-02	  2.73e-02	2.37069e-01
  5.62e-02	  2.79e-02	1.64438e-01
  5.62e-02	  2.84e-02	1.36674e-32
  5.62e-02	  2.89e-02	2.06316e-65
  5.62e-02	  2.94e-02	6.12162e-98
  5.62e-02	  2.99e-02	1.99060e-65
  5.62e-02	  3.05e-02	1.31802e-32
  5.62e-02	  3.10e-02	1.46954e-01
  5.62e-02	  3.15e-02	2.12814e-01
  5.62e-02	  3.20e-02	2.72339e-01
  5.62e-02	  3.26e-02	3.25535e-01
  5.62e-02	  3.31e-02	3.71093e-01
  5.62e-02	  3.36e-02	4.06636e-01
  5.62e-02	  3.41e-02	4.29424e-01
  5.62e-02	  3.46e-02	4.38366e-01
  5.62e-02	  3.52e-02	4.33081e-01
  5.62e-02	  3.57e-02	4.07870e-01
  5.62e-02	  3.62e-02	3.54320e-01
  5.62e-02	  3.67e-02	2.79403e-01
  5.62e-02	  3.72e-02	1.94318e-01
  5.62e-02	  3.78e-02	8.47676e-33
  5.62e-02	  3.83e-02	1.29155e-65
  5.62e-02	  3.88e-02	1.96807e-98
  5.62e-02	  3.93e-02	2.99945e-131
  5.62e-02	  3.98e-02	4.57231e-164
  5.62e-02	  4.04e-02	6.97172e-197
  5.62e-02	  4.09e-02	1.06332e-229
  5.62e-02	  4.14e-02	1.62222e-262
  5.62e-02	  4.19e-02	2.47553e-295
  5.62e-02	  4.24e-02	0.00000e+00
  5.62e-02	  4.30e-02	0.00000e+00
  5.62e-02	  4.35e-02	0.00000e+00
  5.62e-02	  4.40e-02	0.00000e+00
  5.62e-02	  4.45e-02	0.00000e+00
  5.62e-02	  4.51e-02	0.00000e+00
  5.62e-02	  4.56e-02	0.00000e+00
  5.62e-02	  4.61e-02	0.00000e+00
  5.62e-02	  4.66e-02	0.00000e+00
  5.62e-02	  4.71e-02	0.00000e+00
  5.62e-02	  4.77e-02	0.00000e+00
  5.62e-02	  4.82e-02	0.00000e+00
  5.62e-02	  4.87e-02	0.00000e+00
  5.62e-02	  4.92e-02	0.00000e+00
  5.62e-02	  4.97e-02	0.00000e+00

  5.70e-02	  2.60e-04	0.00000e+00
  5.70e-02	  7.81e-04	0.00000e+00
  5.70e-02	  1.30e-03	0.00000e+00
  5.70e-02	  1.82e-03	0.00000e+00
  5.70e-02	  2.34e-03	0.00000e+00
  5.70e-02	  2.86e-03	0.00000e+00
  5.70e-02	  3.39e-03	0.00000e+00
  5.70e-02	  3.91e-03	0.00000e+00
  5.70e-02	  4.43e-03	0.00000e+00
  5.70e-02	  4.95e-03	0.00000e+00
  5.70e-02	  5.47e-03	0.00000e+00
  5.70e-02	  5.99e-03	0.00000e+00
  5.70e-02	  6.51e-03	0.00000e+00
  5.70e-02	  7.03e-03	0.00000e+00
  5.70e-02	  7.55e-03	0.00000e+00
  5.70e-02	  8.07e-03	7.35532e-295
  5.70e-02	  8.59e-03	4.82068e-262
  5.70e-02	  9.11e-03	3.15779e-229
  5.70e-02	  9.64e-03	2.06731e-196
  5.70e-02	  1.02e-02	1.35256e-163
  5.70e-02	  1.07e-02	8.84326e-131
  5.70e-02	  1.12e-02	5.77755e-98
  5.70e-02	  1.17e-02	3.77156e-65
  5.70e-02	  1.22e-02	2.45987e-32
  5.70e-02	  1.28e-02	1.53506e-01
  5.70e-02	  1.33e-02	2.19554e-01
  5.70e-02	  1.38e-02	2.76957e-01
  5.70e-02	  1.43e-02	3.25132e-01
  5.70e-02	  1.48e-02	3.59683e-01
  5.70e-02	  1.54e-02	3.75117e-01
  5.70e-02	  1.59e-02	3.70533e-01
  5.70e-02	  1.64e-02	3.48124e-01
  5.70e-02	  1.69e-02	3.12029e-01
  5.70e-02	  1.74e-02	2.65861e-01
  5.70e-02	  1.80e-02	2.11004e-01
  5.70e-02	  1.85e-02	1.47347e-01
  5.70e-02	  1.90e-02	2.45793e-32
  5.70e-02	  1.95e-02	3.74986e-65
  5.70e-02	  2.01e-02	1.00436e-97
  5.70e-02	  2.06e-02	2.84441e-65
  5.70e-02	  2.11e-02	1.87169e-32
  5.70e-02	  2.16e-02	1.54019e-01
  5.70e-02	  2.21e-02	2.21999e-01
  5.70e-02	  2.27e-02	2.83264e-01
  5.70e-02	  2.32e-02	3.38553e-01
  5.70e-02	  2.37e-02	3.86635e-01
  5.70e-02	  2.42e-02	4.23597e-01
  5.70e-02	  2.47e-02	4.42749e-01
  5.70e-02	  2.53e-02	4.37474e-01
  5.70e-02	  2.58e-02	4.07387e-01
  5.70e-02	  2.63e-02	3.59952e-01
  5.70e-02	  2.68e-02	3.02093e-01
  5.70e-02	  2.73e-02	2.36889e-01
  5.70e-02	  2.79e-02	1.64539e-01
  5.70e-02	  2.84e-02	1.58232e-32
  5.70e-02	  2.89e-02	2.40118e-65
  5.70e-02	  2.94e-02	6.95753e-98
  5.70e-02	  2.99e-02	2.18835e-65
  5.70e-02	  3.05e-02	1.44590e-32
  5.70e-02	  3.10e-02	1.48018e-01
  5.70e-02	  3.15e-02	2.14114e-01
  5.70e-02	  3.20e-02	2.73743e-01
  5.70e-02	  3.26e-02	3.27073e-01
  5.70e-02	  3.31e-02	3.72863e-01
  5.70e-02	  3.36e-02	4.08723e-01
  5.70e-02	  3.41e-02	4.31784e-01
  5.70e-02	  3.46e-02	4.40431e-01
  5.70e-02	  3.52e-02	4.33390e-01
  5.70e-02	  3.57e-02	4.04824e-01
  5.70e-02	  3.62e-02	3.49564e-01
  5.70e-02	  3.67e-02	2.75744e-01
  5.70e-02	  3.72e-02	1.91877e-01
  5.70e-02	  3.78e-02	9.16934e-33
  5.70e-02	  3.83e-02	1.39913e-65
  5.70e-02	  3.88e-02	2.13608e-98
  5.70e-02	  3.93e-02	3.26288e-131
  5.70e-02	  3.98e-02	4.98639e-164
  5.70e-02	  4.04e-02	7.62348e-197
  5.70e-02	  4.09e-02	1.16594e-229
  5.70e-02	  4.14e-02	1.78373e-262
  5.70e-02	  4.19e-02	2.72947e-295
  5.70e-02	  4.24e-02	0.00000e+00
  5.70e-02	  4.30e-02	0.00000e+00
  5.70e-02	  4.35e-02	0.00000e+00
  5.70e-02	  4.40e-02	0.00000e+00
  5.70e-02	  4.45e-02	0.00000e+00
  5.70e-02	  4.51e-02	0.00000e+00
  5.70e-02	  4.56e-02	0.00000e+00
  5.70e-02	  4.61e-02	0.00000e+00
  5.70e-02	  4.66e-02	0.00000e+00
  5.70e-02	  4.71e-02	0.00000e+00
  5.70e-02	  4.77e-02	0.00000e+00
  5.70e-02	  4.82e-02	0.00000e+00
  5.70e-02	  4.87e-02	0.00000e+00
  5.70e-02	  4.92e-02	0.00000e+00
  5.70e-02	  4.97e-02	0.00000e+00

  5.78e-02	  2.60e-04	0.00000e+00
  5.78e-02	  7.81e-04	0.00000e+00
  5.78e-02	  1.30e-03	0.00000e+00
  5.78e-02	  1.82e-03	0.00000e+00
  5.78e-02	  2.34e-03	0.00000e+00
  5.78e-02	  2.86e-03	0.00000e+00
  5.78e-02	  3.39e-03	0.00000e+00
  5.78e-02	  3.91e-03	0.00000e+00
  5.78e-02	  4.43e-03	0.00000e+00
  5.78e-02	  4.95e-03	0.00000e+00
  5.78e-02	  5.47e-03	0.00000e+00
  5.78e-02	  5.99e-03	0.00000e+00
  5.78e-02	  6.51e-03	0.00000e+00
  5.78e-02	  7.03e-03	0.00000e+00
  5.78e-02	  7.55e-03	0.00000e+00
  5.78e-02	  8.07e-03	9.60205e-295
  5.78e-02	  8.59e-03	6.32392e-262
  5.78e-02	  9.11e-03	4.16377e-229
  5.78e-02	  9.64e-03	2.74067e-196
  5.78e-02	  1.02e-02	1.80338e-163
  5.78e-02	  1.07e-02	1.18623e-130
  5.78e-02	  1.12e-02	7.79993e-98
  5.78e-02	  1.17e-02	5.12670e-65
  5.78e-02	  1.22e-02	3.36819e-32
  5.78e-02	  1.28e-02	1.54024e-01
  5.78e-02	  1.33e-02	2.20059e-01
  5.78e-02	  1.38e-02	2.76217e-01
  5.78e-02	  1.43e-02	3.21703e-01
  5.78e-02	  1.48e-02	3.53815e-01
  5.78e-02	  1.54e-02	3.69481e-01
  5.78e-02	  1.59e-02	3.67587e-01
  5.78e-02	  1.64e-02	3.48951e-01
  5.78e-02	  1.69e-02	3.15802e-01
  5.78e-02	  1.74e-02	2.70791e-01
  5.78e-02	  1.80e-02	2.15651e-01
  5.78e-02	  1.85e-02	1.50762e-01
  5.78e-02	  1.90e-02	3.31145e-32
  5.78e-02	  1.95e-02	5.03609e-65
  5.78e-02	  2.01e-02	1.31746e-97
  5.78e-02	  2.06e-02	3.62175e-65
  5.78e-02	  2.11e-02	2.37771e-32
  5.78e-02	  2.16e-02	1.55266e-01
  5.78e-02	  2.21e-02	2.23512e-01
  5.78e-02	  2.27e-02	2.84455e-01
  5.78e-02	  2.32e-02	3.38907e-01
  5.78e-02	  2.37e-02	3.86249e-01
  5.78e-02	  2.42e-02	4.22752e-01
  5.78e-02	  2.47e-02	4.41595e-01
  5.78e-02	  2.53e-02	4.36316e-01
  5.78e-02	  2.58e-02	4.06497e-01
  5.78e-02	  2.63e-02	3.59276e-01
  5.78e-02	  2.68e-02	3.01871e-01
  5.78e-02	  2.73e-02	2.37313e-01
  5.78e-02	  2.79e-02	1.65137e-01
  5.78e-02	  2.84e-02	2.00779e-32
  5.78e-02	  2.89e-02	3.06194e-65
  5.78e-02	  2.94e-02	8.50662e-98
  5.78e-02	  2.99e-02	2.52616e-65
  5.78e-02	  3.05e-02	1.66388e-32
  5.78e-02	  3.10e-02	1.49507e-01
  5.78e-02	  3.15e-02	2.15932e-01
  5.78e-02	  3.20e-02	2.75636e-01
  5.78e-02	  3.26e-02	3.29048e-01
  5.78e-02	  3.31e-02	3.75113e-01
  5.78e-02	  3.36e-02	4.11266e-01
  5.78e-02	  3.41e-02	4.34418e-01
  5.78e-02	  3.46e-02	4.42437e-01
  5.78e-02	  3.52e-02	4.33207e-01
  5.78e-02	  3.57e-02	4.01167e-01
  5.78e-02	  3.62e-02	3.44338e-01
  5.78e-02	  3.67e-02	2.71332e-01
  5.78e-02	  3.72e-02	1.88741e-01
  5.78e-02	  3.78e-02	1.01791e-32
  5.78e-02	  3.83e-02	1.56222e-65
  5.78e-02	  3.88e-02	2.39888e-98
  5.78e-02	  3.93e-02	3.68547e-131
  5.78e-02	  3.98e-02	5.66460e-164
  5.78e-02	  4.04e-02	8.70978e-197
  5.78e-02	  4.09e-02	1.33958e-229
  5.78e-02	  4.14e-02	2.06068e-262
  5.78e-02	  4.19e-02	3.17021e-295
  5.78e-02	  4.24e-02	0.00000e+00
  5.78e-02	  4.30e-02	0.00000e+00
  5.78e-02	  4.35e-02	0.00000e+00
  5.78e-02	  4.40e-02	0.00000e+00
  5.78e-02	  4.45e-02	0.00000e+00
  5.78e-02	  4.51e-02	0.00000e+00
  5.78e-02	  4.56e-02	0.00000e+00
  5.78e-02	  4.61e-02	0.00000e+00
  5.78e-02	  4.66e-02	0.00000e+00
  5.78e-02	  4.71e-02	0.00000e+00
  5.78e-02	  4.77e-02	0.00000e+00
  5.78e-02	  4.82e-02	0.00000e+00
  5.78e-02	  4.87e-02	0.00000e+00
  5.78e-02	  4.92e-02	0.00000e+00
  5.78e-02	  4.97e-02	0.00000e+00

  5.86e-02	  2.60e-04	0.00000e+00
  5.86e-02	  7.81e-04	0.00000e+00
  5.86e-02	  1.30e-03	0.00000e+00
  5.86e-02	  1.82e-03	0.00000e+00
  5.86e-02	  2.34e-03	0.00000e+00
  5.86e-02	  2.86e-03	0.00000e+00
  5.86e-02	  3.39e-03	0.00000e+00
  5.86e-02	  3.91e-03	0.00000e+00
  5.86e-02	  4.43e-03	0.00000e+00
  5.86e-02	  4.95e-03	0.00000e+00
  5.86e-02	  5.47e-03	0.00000e+00
  5.86e-02	  5.99e-03	0.00000e+00
  5.86e-02	  6.51e-03	0.00000e+00
  5.86e-02	  7.03e-03	0.00000e+00
  5.86e-02	  7.55e-03	0.00000e+00
  5.86e-02	  8.07e-03	1.18369e-294
  5.86e-02	  8.59e-03	7.82184e-262
  5.86e-02	  9.11e-03	5.16783e-229
  5.86e-02	  9.64e-03	3.41377e-196
  5.86e-02	  1.02e-02	2.25467e-163
  5.86e-02	  1.07e-02	1.48885e-130
  5.86e-02	  1.12e-02	9.82954e-98
  5.86e-02	  1.17e-02	6.48821e-65
  5.86e-02	  1.22e-02	4.28174e-32
  5.86e-02	  1.28e-02	1.54911e-01
  5.86e-02	  1.33e-02	2.20976e-01
  5.86e-02	  1.38e-02	2.76189e-01
  5.86e-02	  1.43e-02	3.19785e-01
  5.86e-02	  1.48e-02	3.50044e-01
  5.86e-02	  1.54e-02	3.65246e-01
  5.86e-02	  1.59e-02	3.64626e-01
  5.86e-02	  1.64e-02	3.48417e-01
  5.86e-02	  1.69e-02	3.17706e-01
  5.86e-02	  1.74e-02	2.74152e-01
  5.86e-02	  1.80e-02	2.19230e-01
  5.86e-02	  1.85e-02	1.53563e-01
  5.86e-02	  1.90e-02	4.22076e-32
  5.86e-02	  1.95e-02	6.39762e-65
  5.86e-02	  2.01e-02	1.68330e-97
  5.86e-02	  2.06e-02	4.68671e-65
  5.86e-02	  2.11e-02	3.07736e-32
  5.86e-02	  2.16e-02	1.57222e-01
  5.86e-02	  2.21e-02	2.26151e-01
  5.86e-02	  2.27e-02	2.87057e-01
  5.86e-02	  2.32e-02	3.40510e-01
  5.86e-02	  2.37e-02	3.85913e-01
  5.86e-02	  2.42e-02	4.20371e-01
  5.86e-02	  2.47e-02	4.37976e-01
  5.86e-02	  2.53e-02	4.32833e-01
  5.86e-02	  2.58e-02	4.04293e-01
  5.86e-02	  2.63e-02	3.58759e-01
  5.86e-02	  2.68e-02	3.02825e-01
  5.86e-02	  2.73e-02	2.38848e-01
  5.86e-02	  2.79e-02	1.66382e-01
  5.86e-02	  2.84e-02	2.69835e-32
  5.86e-02	  2.89e-02	4.12021e-65
  5.86e-02	  2.94e-02	1.09889e-97
  5.86e-02	  2.99e-02	3.08461e-65
  5.86e-02	  3.05e-02	2.02572e-32
  5.86e-02	  3.10e-02	1.51527e-01
  5.86e-02	  3.15e-02	2.18482e-01
  5.86e-02	  3.20e-02	2.78265e-01
  5.86e-02	  3.26e-02	3.31521e-01
  5.86e-02	  3.31e-02	3.77649e-01
  5.86e-02	  3.36e-02	4.14051e-01
  5.86e-02	  3.41e-02	4.37188e-01
  5.86e-02	  3.46e-02	4.44295e-01
  5.86e-02	  3.52e-02	4.32463e-01
  5.86e-02	  3.57e-02	3.96841e-01
  5.86e-02	  3.62e-02	3.38513e-01
  5.86e-02	  3.67e-02	2.66216e-01
  5.86e-02	  3.72e-02	1.85126e-01
  5.86e-02	  3.78e-02	1.24155e-32
  5.86e-02	  3.83e-02	1.92346e-65
  5.86e-02	  3.88e-02	2.97920e-98
  5.86e-02	  3.93e-02	4.61320e-131
  5.86e-02	  3.98e-02	7.14129e-164
  5.86e-02	  4.04e-02	1.10511e-196
  5.86e-02	  4.09e-02	1.70949e-229
  5.86e-02	  4.14e-02	2.64324e-262
  5.86e-02	  4.19e-02	4.08503e-295
  5.86e-02	  4.24e-02	0.00000e+00
  5.86e-02	  4.30e-02	0.00000e+00
  5.86e-02	  4.35e-02	0.00000e+00
  5.86e-02	  4.40e-02	0.00000e+00
  5.86e-02	  4.45e-02	0.00000e+00
  5.86e-02	  4.51e-02	0.00000e+00
  5.86e-02	  4.56e-02	0.00000e+00
  5.86e-02	  4.61e-02	0.00000e+00
  5.86e-02	  4.66e-02	0.00000e+00
  5.86e-02	  4.71e-02	0.00000e+00
  5.86e-02	  4.77e-02	0.00000e+00
  5.86e-02	  4.82e-02	0.00000e+00
  5.86e-02	  4.87e-02	0.00000e+00
  5.86e-02	  4.92e-02	0.00000e+00
  5.86e-02	  4.97e-02	0.00000e+00

  5.94e-02	  2.60e-04	0.00000e+00
  5.94e-02	  7.81e-04	0.00000e+00
  5.94e-02	  1.30e-03	0.00000e+00
  5.94e-02	  1.82e-03	0.00000e+00
  5.94e-02	  2.34e-03	0.00000e+00
  5.94e-02	  2.86e-03	0.00000e+00
  5.94e-02	  3.39e-03	0.00000e+00
  5.94e-02	  3.91e-03	0.00000e+00
  5.94e-02	  4.43e-03	0.00000e+00
  5.94e-02	  4.95e-03	0.00000e+00
  5.94e-02	  5.47e-03	0.00000e+00
  5.94e-02	  5.99e-03	0.00000e+00
  5.94e-02	  6.51e-03	0.00000e+00
  5.94e-02	  7.03e-03	0.00000e+00
  5.94e-02	  7.55e-03	0.00000e+00
  5.94e-02	  8.07e-03	1.39358e-294
  5.94e-02	  8.59e-03	9.23073e-262
  5.94e-02	  9.11e-03	6.11357e-229
  5.94e-02	  9.64e-03	4.04863e-196
  5.94e-02	  1.02e-02	2.68086e-163
  5.94e-02	  1.07e-02	1.77496e-130
  5.94e-02	  1.12e-02	1.17504e-97
  5.94e-02	  1.17e-02	7.77795e-65
  5.94e-02	  1.22e-02	5.14779e-32
  5.94e-02	  1.28e-02	1.55819e-01
  5.94e-02	  1.33e-02	2.21917e-01
  5.94e-02	  1.38e-02	2.76459e-01
  5.94e-02	  1.43e-02	3.18807e-01
  5.94e-02	  1.48e-02	3.47840e-01
  5.94e-02	  1.54e-02	3.62545e-01
  5.94e-02	  1.59e-02	3.62431e-01
  5.94e-02	  1.64e-02	3.47539e-01
  5.94e-02	  1.69e-02	3.18411e-01
  5.94e-02	  1.74e-02	2.76050e-01
  5.94e-02	  1.80e-02	2.21536e-01
  5.94e-02	  1.85e-02	1.55487e-01
  5.94e-02	  1.90e-02	5.10143e-32
  5.94e-02	  1.95e-02	7.71101e-65
  5.94e-02	  2.01e-02	2.07254e-97
  5.94e-02	  2.06e-02	5.96772e-65
  5.94e-02	  2.11e-02	3.92551e-32
  5.94e-02	  2.16e-02	1.59812e-01
  5.94e-02	  2.21e-02	2.29708e-01
  5.94e-02	  2.27e-02	2.90796e-01
  5.94e-02	  2.32e-02	3.43318e-01
  5.94e-02	  2.37e-02	3.86273e-01
  5.94e-02	  2.42e-02	4.17060e-01
  5.94e-02	  2.47e-02	4.31697e-01
  5.94e-02	  2.53e-02	4.26520e-01
  5.94e-02	  2.58e-02	4.00956e-01
  5.94e-02	  2.63e-02	3.58854e-01
  5.94e-02	  2.68e-02	3.04822e-01
  5.94e-02	  2.73e-02	2.41196e-01
  5.94e-02	  2.79e-02	1.68128e-01
  5.94e-02	  2.84e-02	3.60691e-32
  5.94e-02	  2.89e-02	5.49627e-65
  5.94e-02	  2.94e-02	1.43453e-97
  5.94e-02	  2.99e-02	3.91619e-65
  5.94e-02	  3.05e-02	2.56846e-32
  5.94e-02	  3.10e-02	1.54167e-01
  5.94e-02	  3.15e-02	2.22005e-01
  5.94e-02	  3.20e-02	2.82070e-01
  5.94e-02	  3.26e-02	3.34986e-01
  5.94e-02	  3.31e-02	3.80468e-01
  5.94e-02	  3.36e-02	4.16633e-01
  5.94e-02	  3.41e-02	4.39540e-01
  5.94e-02	  3.46e-02	4.45458e-01
  5.94e-02	  3.52e-02	4.30592e-01
  5.94e-02	  3.57e-02	3.91329e-01
  5.94e-02	  3.62e-02	3.31936e-01
  5.94e-02	  3.67e-02	2.60987e-01
  5.94e-02	  3.72e-02	1.81959e-01
  5.94e-02	  3.78e-02	1.74025e-32
  5.94e-02	  3.83e-02	2.70193e-65
  5.94e-02	  3.88e-02	4.19120e-98
  5.94e-02	  3.93e-02	6.49534e-131
  5.94e-02	  3.98e-02	1.00569e-163
  5.94e-02	  4.04e-02	1.55570e-196
  5.94e-02	  4.09e-02	2.40434e-229
  5.94e-02	  4.14e-02	3.71260e-262
  5.94e-02	  4.19e-02	5.72778e-295
  5.94e-02	  4.24e-02	0.00000e+00
  5.94e-02	  4.30e-02	0.00000e+00
  5.94e-02	  4.35e-02	0.00000e+00
  5.94e-02	  4.40e-02	0.00000e+00
  5.94e-02	  4.45e-02	0.00000e+00
  5.94e-02	  4.51e-02	0.00000e+00
  5.94e-02	  4.56e-02	0.00000e+00
  5.94e-02	  4.61e-02	0.00000e+00
  5.94e-02	  4.66e-02	0.00000e+00
  5.94e-02	  4.71e-02	0.00000e+00
  5.94e-02	  4.77e-02	0.00000e+00
  5.94e-02	  4.82e-02	0.00000e+00
  5.94e-02	  4.87e-02	0.00000e+00
  5.94e-02	  4.92e-02	0.00000e+00
  5.94e-02	  4.97e-02	0.00000e+00

  6.02e-02	  2.60e-04	0.00000e+00
  6.02e-02	  7.81e-04	0.00000e+00
  6.02e-02	  1.30e-03	0.00000e+00
  6.02e-02	  1.82e-03	0.00000e+00
  6.02e-02	  2.34e-03	0.00000e+00
  6.02e-02	  2.86e-03	0.00000e+00
  6.02e-02	  3.39e-03	0.00000e+00
  6.02e-02	  3.91e-03	0.00000e+00
  6.02e-02	  4.43e-03	0.00000e+00
  6.02e-02	  4.95e-03	0.00000e+00
  6.02e-02	  5.47e-03	0.00000e+00
  6.02e-02	  5.99e-03	0.00000e+00
  6.02e-02	  6.51e-03	0.00000e+00
  6.02e-02	  7.03e-03	0.00000e+00
  6.02e-02	  7.55e-03	0.00000e+00
  6.02e-02	  8.07e-03	1.58304e-294
  6.02e-02	  8.59e-03	1.05043e-261
  6.02e-02	  9.11e-03	6.96962e-229
  6.02e-02	  9.64e-03	4.62401e-196
  6.02e-02	  1.02e-02	3.06758e-163
  6.02e-02	  1.07e-02	2.03488e-130
  6.02e-02	  1.12e-02	1.34973e-97
  6.02e-02	  1.17e-02	8.95196e-65
  6.02e-02	  1.22e-02	5.93683e-32
  6.02e-02	  1.28e-02	1.56577e-01
  6.02e-02	  1.33e-02	2.22714e-01
  6.02e-02	  1.38e-02	2.76816e-01
  6.02e-02	  1.43e-02	3.18372e-01
  6.02e-02	  1.48e-02	3.46621e-01
  6.02e-02	  1.54e-02	3.60928e-01
  6.02e-02	  1.59e-02	3.60978e-01
  6.02e-02	  1.64e-02	3.46756e-01
  6.02e-02	  1.69e-02	3.18557e-01
  6.02e-02	  1.74e-02	2.77004e-01
  6.02e-02	  1.80e-02	2.22862e-01
  6.02e-02	  1.85e-02	1.56657e-01
  6.02e-02	  1.90e-02	5.90635e-32
  6.02e-02	  1.95e-02	8.90859e-65
  6.02e-02	  2.01e-02	2.45847e-97
  6.02e-02	  2.06e-02	7.35237e-65
  6.02e-02	  2.11e-02	4.84798e-32
  6.02e-02	  2.16e-02	1.62619e-01
  6.02e-02	  2.21e-02	2.33452e-01
  6.02e-02	  2.27e-02	2.94607e-01
  6.02e-02	  2.32e-02	3.45988e-01
  6.02e-02	  2.37e-02	3.86460e-01
  6.02e-02	  2.42e-02	4.13934e-01
  6.02e-02	  2.47e-02	4.25933e-01
  6.02e-02	  2.53e-02	4.20556e-01
  6.02e-02	  2.58e-02	3.97454e-01
  6.02e-02	  2.63e-02	3.58461e-01
  6.02e-02	  2.68e-02	3.06429e-01
  6.02e-02	  2.73e-02	2.43386e-01
  6.02e-02	  2.79e-02	1.69859e-01
  6.02e-02	  2.84e-02	4.61734e-32
  6.02e-02	  2.89e-02	7.01350e-65
  6.02e-02	  2.94e-02	1.82912e-97
  6.02e-02	  2.99e-02	5.01443e-65
  6.02e-02	  3.05e-02	3.29089e-32
  6.02e-02	  3.10e-02	1.57444e-01
  6.02e-02	  3.15e-02	2.26554e-01
  6.02e-02	  3.20e-02	2.87247e-01
  6.02e-02	  3.26e-02	3.39996e-01
  6.02e-02	  3.31e-02	3.84420e-01
  6.02e-02	  3.36e-02	4.18890e-01
  6.02e-02	  3.41e-02	4.40049e-01
  6.02e-02	  3.46e-02	4.43779e-01
  6.02e-02	  3.52e-02	4.25766e-01
  6.02e-02	  3.57e-02	3.84477e-01
  6.02e-02	  3.62e-02	3.26114e-01
  6.02e-02	  3.67e-02	2.57520e-01
  6.02e-02	  3.72e-02	1.79872e-01
  6.02e-02	  3.78e-02	2.56956e-32
  6.02e-02	  3.83e-02	3.96331e-65
  6.02e-02	  3.88e-02	6.10751e-98
  6.02e-02	  3.93e-02	9.40359e-131
  6.02e-02	  3.98e-02	1.44665e-163
  6.02e-02	  4.04e-02	2.22374e-196
  6.02e-02	  4.09e-02	3.41565e-229
  6.02e-02	  4.14e-02	5.24258e-262
  6.02e-02	  4.19e-02	8.04112e-295
  6.02e-02	  4.24e-02	0.00000e+00
  6.02e-02	  4.30e-02	0.00000e+00
  6.02e-02	  4.35e-02	0.00000e+00
  6.02e-02	  4.40e-02	0.00000e+00
  6.02e-02	  4.45e-02	0.00000e+00
  6.02e-02	  4.51e-02	0.00000e+00
  6.02e-02	  4.56e-02	0.00000e+00
  6.02e-02	  4.61e-02	0.00000e+00
  6.02e-02	  4.66e-02	0.00000e+00
  6.02e-02	  4.71e-02	0.00000e+00
  6.02e-02	  4.77e-02	0.00000e+00
  6.02e-02	  4.82e-02	0.00000e+00
  6.02e-02	  4.87e-02	0.00000e+00
  6.02e-02	  4.92e-02	0.00000e+00
  6.02e-02	  4.97e-02	0.00000e+00

  6.09e-02	  2.60e-04	0.00000e+00
  6.09e-02	  7.81e-04	0.00000e+00
  6.09e-02	  1.30e-03	0.00000e+00
  6.09e-02	  1.82e-03	0.00000e+00
  6.09e-02	  2.34e-03	0.00000e+00
  6.09e-02	  2.86e-03	0.00000e+00
  6.09e-02	  3.39e-03	0.00000e+00
  6.09e-02	  3.91e-03	0.00000e+00
  6.09e-02	  4.43e-03	0.00000e+00
  6.09e-02	  4.95e-03	0.00000e+00
  6.09e-02	  5.47e-03	0.00000e+00
  6.09e-02	  5.99e-03	0.00000e+00
  6.09e-02	  6.51e-03	0.00000e+00
  6.09e-02	  7.03e-03	0.00000e+00
  6.09e-02	  7.55e-03	0.00000e+00
  6.09e-02	  8.07e-03	1.74940e-294
  6.09e-02	  8.59e-03	1.16239e-261
  6.09e-02	  9.11e-03	7.72314e-229
  6.09e-02	  9.64e-03	5.13108e-196
  6.09e-02	  1.02e-02	3.40878e-163
  6.09e-02	  1.07e-02	2.26446e-130
  6.09e-02	  1.12e-02	1.50419e-97
  6.09e-02	  1.17e-02	9.99114e-65
  6.09e-02	  1.22e-02	6.63592e-32
  6.09e-02	  1.28e-02	1.57145e-01
  6.09e-02	  1.33e-02	2.23320e-01
  6.09e-02	  1.38e-02	2.77149e-01
  6.09e-02	  1.43e-02	3.18213e-01
  6.09e-02	  1.48e-02	3.45967e-01
  6.09e-02	  1.54e-02	3.59987e-01
  6.09e-02	  1.59e-02	3.60062e-01
  6.09e-02	  1.64e-02	3.46172e-01
  6.09e-02	  1.69e-02	3.18495e-01
  6.09e-02	  1.74e-02	2.77444e-01
  6.09e-02	  1.80e-02	2.23571e-01
  6.09e-02	  1.85e-02	1.57314e-01
  6.09e-02	  1.90e-02	6.61700e-32
  6.09e-02	  1.95e-02	9.96440e-65
  6.09e-02	  2.01e-02	2.82088e-97
  6.09e-02	  2.06e-02	8.72880e-65
  6.09e-02	  2.11e-02	5.76936e-32
  6.09e-02	  2.16e-02	1.65192e-01
  6.09e-02	  2.21e-02	2.36766e-01
  6.09e-02	  2.27e-02	2.97818e-01
  6.09e-02	  2.32e-02	3.48062e-01
  6.09e-02	  2.37e-02	3.86462e-01
  6.09e-02	  2.42e-02	4.11519e-01
  6.09e-02	  2.47e-02	4.21753e-01
  6.09e-02	  2.53e-02	4.16143e-01
  6.09e-02	  2.58e-02	3.94468e-01
  6.09e-02	  2.63e-02	3.57616e-01
  6.09e-02	  2.68e-02	3.07258e-01
  6.09e-02	  2.73e-02	2.44901e-01
  6.09e-02	  2.79e-02	1.71176e-01
  6.09e-02	  2.84e-02	5.61819e-32
  6.09e-02	  2.89e-02	8.50763e-65
  6.09e-02	  2.94e-02	2.24791e-97
  6.09e-02	  2.99e-02	6.31261e-65
  6.09e-02	  3.05e-02	4.15116e-32
  6.09e-02	  3.10e-02	1.61142e-01
  6.09e-02	  3.15e-02	2.31696e-01
  6.09e-02	  3.20e-02	2.93150e-01
  6.09e-02	  3.26e-02	3.45743e-01
  6.09e-02	  3.31e-02	3.88774e-01
  6.09e-02	  3.36e-02	4.20439e-01
  6.09e-02	  3.41e-02	4.37958e-01
  6.09e-02	  3.46e-02	4.38239e-01
  6.09e-02	  3.52e-02	4.18405e-01
  6.09e-02	  3.57e-02	3.78460e-01
  6.09e-02	  3.62e-02	3.22989e-01
  6.09e-02	  3.67e-02	2.56161e-01
  6.09e-02	  3.72e-02	1.78966e-01
  6.09e-02	  3.78e-02	3.61497e-32
  6.09e-02	  3.83e-02	5.53246e-65
  6.09e-02	  3.88e-02	8.46200e-98
  6.09e-02	  3.93e-02	1.29354e-130
  6.09e-02	  3.98e-02	1.97628e-163
  6.09e-02	  4.04e-02	3.01779e-196
  6.09e-02	  4.09e-02	4.60589e-229
  6.09e-02	  4.14e-02	7.02639e-262
  6.09e-02	  4.19e-02	1.07141e-294
  6.09e-02	  4.24e-02	0.00000e+00
  6.09e-02	  4.30e-02	0.00000e+00
  6.09e-02	  4.35e-02	0.00000e+00
  6.09e-02	  4.40e-02	0.00000e+00
  6.09e-02	  4.45e-02	0.00000e+00
  6.09e-02	  4.51e-02	0.00000e+00
  6.09e-02	  4.56e-02	0.00000e+00
  6.09e-02	  4.61e-02	0.00000e+00
  6.09e-02	  4.66e-02	0.00000e+00
  6.09e-02	  4.71e-02	0.00000e+00
  6.09e-02	  4.77e-02	0.00000e+00
  6.09e-02	  4.82e-02	0.00000e+00
  6.09e-02	  4.87e-02	0.00000e+00
  6.09e-02	  4.92e-02	0.00000e+00
  6.09e-02	  4.97e-02	0.00000e+00

  6.17e-02	  2.60e-04	0.00000e+00
  6.17e-02	  7.81e-04	0.00000e+00
  6.17e-02	  1.30e-03	0.00000e+00
  6.17e-02	  1.82e-03	0.00000e+00
  6.17e-02	  2.34e-03	0.00000e+00
  6.17e-02	  2.86e-03	0.00000e+00
  6.17e-02	  3.39e-03	0.00000e+00
  6.17e-02	  3.91e-03	0.00000e+00
  6.17e-02	  4.43e-03	0.00000e+00
  6.17e-02	  4.95e-03	0.00000e+00
  6.17e-02	  5.47e-03	0.00000e+00
  6.17e-02	  5.99e-03	0.00000e+00
  6.17e-02	  6.51e-03	0.00000e+00
  6.17e-02	  7.03e-03	0.00000e+00
  6.17e-02	  7.55e-03	0.00000e+00
  6.17e-02	  8.07e-03	1.89256e-294
  6.17e-02	  8.59e-03	1.25886e-261
  6.17e-02	  9.11e-03	8.37310e-229
  6.17e-02	  9.64e-03	5.56897e-196
  6.17e-02	  1.02e-02	3.70376e-163
  6.17e-02	  1.07e-02	2.46314e-130
  6.17e-02	  1.12e-02	1.63801e-97
  6.17e-02	  1.17e-02	1.08924e-64
  6.17e-02	  1.22e-02	7.24281e-32
  6.17e-02	  1.28e-02	1.57541e-01
  6.17e-02	  1.33e-02	2.23752e-01
  6.17e-02	  1.38e-02	2.77415e-01
  6.17e-02	  1.43e-02	3.18176e-01
  6.17e-02	  1.48e-02	3.45620e-01
  6.17e-02	  1.54e-02	3.59443e-01
  6.17e-02	  1.59e-02	3.59498e-01
  6.17e-02	  1.64e-02	3.45771e-01
  6.17e-02	  1.69e-02	3.18384e-01
  6.17e-02	  1.74e-02	2.77632e-01
  6.17e-02	  1.80e-02	2.23938e-01
  6.17e-02	  1.85e-02	1.57669e-01
  6.17e-02	  1.90e-02	7.23114e-32
  6.17e-02	  1.95e-02	1.08759e-64
  6.17e-02	  2.01e-02	3.14745e-97
  6.17e-02	  2.06e-02	1.00142e-64
  6.17e-02	  2.11e-02	6.63290e-32
  6.17e-02	  2.16e-02	1.67286e-01
  6.17e-02	  2.21e-02	2.39393e-01
  6.17e-02	  2.27e-02	3.00274e-01
  6.17e-02	  2.32e-02	3.49580e-01
  6.17e-02	  2.37e-02	3.86466e-01
  6.17e-02	  2.42e-02	4.09902e-01
  6.17e-02	  2.47e-02	4.18990e-01
  6.17e-02	  2.53e-02	4.13147e-01
  6.17e-02	  2.58e-02	3.92222e-01
  6.17e-02	  2.63e-02	3.56670e-01
  6.17e-02	  2.68e-02	3.07486e-01
  6.17e-02	  2.73e-02	2.45732e-01
  6.17e-02	  2.79e-02	1.71987e-01
  6.17e-02	  2.84e-02	6.53878e-32
  6.17e-02	  2.89e-02	9.87667e-65
  6.17e-02	  2.94e-02	2.66039e-97
  6.17e-02	  2.99e-02	7.70641e-65
  6.17e-02	  3.05e-02	5.08061e-32
  6.17e-02	  3.10e-02	1.64800e-01
  6.17e-02	  3.15e-02	2.36651e-01
  6.17e-02	  3.20e-02	2.98615e-01
  6.17e-02	  3.26e-02	3.50651e-01
  6.17e-02	  3.31e-02	3.91850e-01
  6.17e-02	  3.36e-02	4.20544e-01
  6.17e-02	  3.41e-02	4.34698e-01
  6.17e-02	  3.46e-02	4.32383e-01
  6.17e-02	  3.52e-02	4.12135e-01
  6.17e-02	  3.57e-02	3.74198e-01
  6.17e-02	  3.62e-02	3.21147e-01
  6.17e-02	  3.67e-02	2.55679e-01
  6.17e-02	  3.72e-02	1.78771e-01
  6.17e-02	  3.78e-02	4.72184e-32
  6.17e-02	  3.83e-02	7.18356e-65
  6.17e-02	  3.88e-02	1.09246e-97
  6.17e-02	  3.93e-02	1.66081e-130
  6.17e-02	  3.98e-02	2.52397e-163
  6.17e-02	  4.04e-02	3.83448e-196
  6.17e-02	  4.09e-02	5.82364e-229
  6.17e-02	  4.14e-02	8.84206e-262
  6.17e-02	  4.19e-02	1.34212e-294
  6.17e-02	  4.24e-02	0.00000e+00
  6.17e-02	  4.30e-02	0.00000e+00
  6.17e-02	  4.35e-02	0.00000e+00
  6.17e-02	  4.40e-02	0.00000e+00
  6.17e-02	  4.45e-02	0.00000e+00
  6.17e-02	  4.51e-02	0.00000e+00
  6.17e-02	  4.56e-02	0.00000e+00
  6.17e-02	  4.61e-02	0.00000e+00
  6.17e-02	  4.66e-02	0.00000e+00
  6.17e-02	  4.71e-02	0.00000e+00
  6.17e-02	  4.77e-02	0.00000e+00
  6.17e-02	  4.82e-02	0.00000e+00
  6.17e-02	  4.87e-02	0.00000e+00
  6.17e-02	  4.92e-02	0.00000e+00
  6.17e-02	  4.97e-02	0.00000e+00

  6.25e-02	  2.60e-04	0.00000e+00
  6.25e-02	  7.81e-04	0.00000e+00
  6.25e-02	  1.30e-03	0.00000e+00
  6.25e-02	  1.82e-03	0.00000e+00
  6.25e-02	  2.34e-03	0.00000e+00
  6.25e-02	  2.86e-03	0.00000e+00
  6.25e-02	  3.39e-03	0.00000e+00
  6.25e-02	  3.91e-03	0.00000e+00
  6.25e-02	  4.43e-03	0.00000e+00
  6.25e-02	  4.95e-03	0.00000e+00
  6.25e-02	  5.47e-03	0.00000e+00
  6.25e-02	  5.99e-03	0.00000e+00
  6.25e-02	  6.51e-03	0.00000e+00
  6.25e-02	  7.03e-03	0.00000e+00
  6.25e-02	  7.55e-03	0.00000e+00
  6.25e-02	  8.07e-03	2.01388e-294
  6.25e-02	  8.59e-03	1.34070e-261
  6.25e-02	  9.11e-03	8.92514e-229
  6.25e-02	  9.64e-03	5.94127e-196
  6.25e-02	  1.02e-02	3.95483e-163
  6.25e-02	  1.07e-02	2.63244e-130
  6.25e-02	  1.12e-02	1.75215e-97
  6.25e-02	  1.17e-02	1.16618e-64
  6.25e-02	  1.22e-02	7.76149e-32
  6.25e-02	  1.28e-02	1.57806e-01
  6.25e-02	  1.33e-02	2.24043e-01
  6.25e-02	  1.38e-02	2.77606e-01
  6.25e-02	  1.43e-02	3.18182e-01
  6.25e-02	  1.48e-02	3.45433e-01
  6.25e-02	  1.54e-02	3.59126e-01
  6.25e-02	  1.59e-02	3.59153e-01
  6.25e-02	  1.64e-02	3.45508e-01
  6.25e-02	  1.69e-02	3.18283e-01
  6.25e-02	  1.74e-02	2.77709e-01
  6.25e-02	  1.80e-02	2.24128e-01
  6.25e-02	  1.85e-02	1.57862e-01
  6.25e-02	  1.90e-02	7.75419e-32
  6.25e-02	  1.95e-02	1.16515e-64
  6.25e-02	  2.01e-02	3.43275e-97
  6.25e-02	  2.06e-02	1.11615e-64
  6.25e-02	  2.11e-02	7.40576e-32
  6.25e-02	  2.16e-02	1.68860e-01
  6.25e-02	  2.21e-02	2.41338e-01
  6.25e-02	  2.27e-02	3.02061e-01
  6.25e-02	  2.32e-02	3.50681e-01
  6.25e-02	  2.37e-02	3.86535e-01
  6.25e-02	  2.42e-02	4.08913e-01
  6.25e-02	  2.47e-02	4.17249e-01
  6.25e-02	  2.53e-02	4.11190e-01
  6.25e-02	  2.58e-02	3.90630e-01
  6.25e-02	  2.63e-02	3.55821e-01
  6.25e-02	  2.68e-02	3.07386e-01
  6.25e-02	  2.73e-02	2.46078e-01
  6.25e-02	  2.79e-02	1.72393e-01
  6.25e-02	  2.84e-02	7.34718e-32
  6.25e-02	  2.89e-02	1.10758e-64
  6.25e-02	  2.94e-02	3.04461e-97
  6.25e-02	  2.99e-02	9.08985e-65
  6.25e-02	  3.05e-02	6.00767e-32
  6.25e-02	  3.10e-02	1.67994e-01
  6.25e-02	  3.15e-02	2.40845e-01
  6.25e-02	  3.20e-02	3.03007e-01
  6.25e-02	  3.26e-02	3.54255e-01
  6.25e-02	  3.31e-02	3.93688e-01
  6.25e-02	  3.36e-02	4.19985e-01
  6.25e-02	  3.41e-02	4.31778e-01
  6.25e-02	  3.46e-02	4.27910e-01
  6.25e-02	  3.52e-02	4.07613e-01
  6.25e-02	  3.57e-02	3.71093e-01
  6.25e-02	  3.62e-02	3.19785e-01
  6.25e-02	  3.67e-02	2.55395e-01
  6.25e-02	  3.72e-02	1.78773e-01
  6.25e-02	  3.78e-02	5.78146e-32
  6.25e-02	  3.83e-02	8.75891e-65
  6.25e-02	  3.88e-02	1.32666e-97
  6.25e-02	  3.93e-02	2.00896e-130
  6.25e-02	  3.98e-02	3.04150e-163
  6.25e-02	  4.04e-02	4.60376e-196
  6.25e-02	  4.09e-02	6.96708e-229
  6.25e-02	  4.14e-02	1.05416e-261
  6.25e-02	  4.19e-02	1.59469e-294
  6.25e-02	  4.24e-02	0.00000e+00
  6.25e-02	  4.30e-02	0.00000e+00
  6.25e-02	  4.35e-02	0.00000e+00
  6.25e-02	  4.40e-02	0.00000e+00
  6.25e-02	  4.45e-02	0.00000e+00
  6.25e-02	  4.51e-02	0.00000e+00
  6.25e-02	  4.56e-02	0.00000e+00
  6.25e-02	  4.61e-02	0.00000e+00
  6.25e-02	  4.66e-02	0.00000e+00
  6.25e-02	  4.71e-02	0.00000e+00
  6.25e-02	  4.77e-02	0.00000e+00
  6.25e-02	  4.82e-02	0.00000e+00
  6.25e-02	  4.87e-02	0.00000e+00
  6.25e-02	  4.92e-02	0.00000e+00
  6.25e-02	  4.97e-02	0.00000e+00

  6.33e-02	  2.60e-04	0.00000e+00
  6.33e-02	  7.81e-04	0.00000e+00
  6.33e-02	  1.30e-03	0.00000e+00
  6.33e-02	  1.82e-03	0.00000e+00
  6.33e-02	  2.34e-03	0.00000e+00
  6.33e-02	  2.86e-03	0.00000e+00
  6.33e-02	  3.39e-03	0.00000e+00
  6.33e-02	  3.91e-03	0.00000e+00
  6.33e-02	  4.43e-03	0.00000e+00
  6.33e-02	  4.95e-03	0.00000e+00
  6.33e-02	  5.47e-03	0.00000e+00
  6.33e-02	  5.99e-03	0.00000e+00
  6.33e-02	  6.51e-03	0.00000e+00
  6.33e-02	  7.03e-03	0.00000e+00
  6.33e-02	  7.55e-03	0.00000e+00
  6.33e-02	  8.07e-03	2.11541e-294
  6.33e-02	  8.59e-03	1.40927e-261
  6.33e-02	  9.11e-03	9.38809e-229
  6.33e-02	  9.64e-03	6.25383e-196
  6.33e-02	  1.02e-02	4.16582e-163
  6.33e-02	  1.07e-02	2.77485e-130
  6.33e-02	  1.12e-02	1.84827e-97
  6.33e-02	  1.17e-02	1.23105e-64
  6.33e-02	  1.22e-02	8.19915e-32
  6.33e-02	  1.28e-02	1.57977e-01
  6.33e-02	  1.33e-02	2.24233e-01
  6.33e-02	  1.38e-02	2.77735e-01
  6.33e-02	  1.43e-02	3.18195e-01
  6.33e-02	  1.48e-02	3.45326e-01
  6.33e-02	  1.54e-02	3.58937e-01
  6.33e-02	  1.59e-02	3.58942e-01
  6.33e-02	  1.64e-02	3.45339e-01
  6.33e-02	  1.69e-02	3.18209e-01
  6.33e-02	  1.74e-02	2.77742e-01
  6.33e-02	  1.80e-02	2.24232e-01
  6.33e-02	  1.85e-02	1.57971e-01
  6.33e-02	  1.90e-02	8.19459e-32
  6.33e-02	  1.95e-02	1.23041e-64
  6.33e-02	  2.01e-02	3.67625e-97
  6.33e-02	  2.06e-02	1.21528e-64
  6.33e-02	  2.11e-02	8.07494e-32
  6.33e-02	  2.16e-02	1.69983e-01
  6.33e-02	  2.21e-02	2.42719e-01
  6.33e-02	  2.27e-02	3.03326e-01
  6.33e-02	  2.32e-02	3.51479e-01
  6.33e-02	  2.37e-02	3.86654e-01
  6.33e-02	  2.42e-02	4.08345e-01
  6.33e-02	  2.47e-02	4.16181e-01
  6.33e-02	  2.53e-02	4.09935e-01
  6.33e-02	  2.58e-02	3.89534e-01
  6.33e-02	  2.63e-02	3.55132e-01
  6.33e-02	  2.68e-02	3.07151e-01
  6.33e-02	  2.73e-02	2.46148e-01
  6.33e-02	  2.79e-02	1.72546e-01
  6.33e-02	  2.84e-02	8.03657e-32
  6.33e-02	  2.89e-02	1.20964e-64
  6.33e-02	  2.94e-02	3.38796e-97
  6.33e-02	  2.99e-02	1.03832e-64
  6.33e-02	  3.05e-02	6.87744e-32
  6.33e-02	  3.10e-02	1.70537e-01
  6.33e-02	  3.15e-02	2.44099e-01
  6.33e-02	  3.20e-02	3.06276e-01
  6.33e-02	  3.26e-02	3.56767e-01
  6.33e-02	  3.31e-02	3.94792e-01
  6.33e-02	  3.36e-02	4.19379e-01
  6.33e-02	  3.41e-02	4.29625e-01
  6.33e-02	  3.46e-02	4.24819e-01
  6.33e-02	  3.52e-02	4.04522e-01
  6.33e-02	  3.57e-02	3.68859e-01
  6.33e-02	  3.62e-02	3.18669e-01
  6.33e-02	  3.67e-02	2.55059e-01
  6.33e-02	  3.72e-02	1.78716e-01
  6.33e-02	  3.78e-02	6.73729e-32
  6.33e-02	  3.83e-02	1.01770e-64
  6.33e-02	  3.88e-02	1.53703e-97
  6.33e-02	  3.93e-02	2.32103e-130
  6.33e-02	  3.98e-02	3.50440e-163
  6.33e-02	  4.04e-02	5.29036e-196
  6.33e-02	  4.09e-02	7.98538e-229
  6.33e-02	  4.14e-02	1.20517e-261
  6.33e-02	  4.19e-02	1.81862e-294
  6.33e-02	  4.24e-02	0.00000e+00
  6.33e-02	  4.30e-02	0.00000e+00
  6.33e-02	  4.35e-02	0.00000e+00
  6.33e-02	  4.40e-02	0.00000e+00
  6.33e-02	  4.45e-02	0.00000e+00
  6.33e-02	  4.51e-02	0.00000e+00
  6.33e-02	  4.56e-02	0.00000e+00
  6.33e-02	  4.61e-02	0.00000e+00
  6.33e-02	  4.66e-02	0.00000e+00
  6.33e-02	  4.71e-02	0.00000e+00
  6.33e-02	  4.77e-02	0.00000e+00
  6.33e-02	  4.82e-02	0.00000e+00
  6.33e-02	  4.87e-02	0.00000e+00
  6.33e-02	  4.92e-02	0.00000e+00
  6.33e-02	  4.97e-02	0.00000e+00

  6.41e-02	  2.60e-04	0.00000e+00
  6.41e-02	  7.81e-04	0.00000e+00
  6.41e-02	  1.30e-03	0.00000e+00
  6.41e-02	  1.82e-03	0.00000e+00
  6.41e-02	  2.34e-03	0.00000e+00
  6.41e-02	  2.86e-03	0.00000e+00
  6.41e-02	  3.39e-03	0.00000e+00
  6.41e-02	  3.91e-03	0.00000e+00
  6.41e-02	  4.43e-03	0.00000e+00
  6.41e-02	  4.95e-03	0.00000e+00
  6.41e-02	  5.47e-03	0.00000e+00
  6.41e-02	  5.99e-03	0.00000e+00
  6.41e-02	  6.51e-03	0.00000e+00
  6.41e-02	  7.03e-03	0.00000e+00
  6.41e-02	  7.55e-03	0.00000e+00
  6.41e-02	  8.07e-03	2.19944e-294
  6.41e-02	  8.59e-03	1.46607e-261
  6.41e-02	  9.11e-03	9.77203e-229
  6.41e-02	  9.64e-03	6.51331e-196
  6.41e-02	  1.02e-02	4.34117e-163
  6.41e-02	  1.07e-02	2.89333e-130
  6.41e-02	  1.12e-02	1.92831e-97
  6.41e-02	  1.17e-02	1.28511e-64
  6.41e-02	  1.22e-02	8.56434e-32
  6.41e-02	  1.28e-02	1.58084e-01
  6.41e-02	  1.33e-02	2.24352e-01
  6.41e-02	  1.38e-02	2.77815e-01
  6.41e-02	  1.43e-02	3.18204e-01
  6.41e-02	  1.48e-02	3.45261e-01
  6.41e-02	  1.54e-02	3.58820e-01
  6.41e-02	  1.59e-02	3.58810e-01
  6.41e-02	  1.64e-02	3.45234e-01
  6.41e-02	  1.69e-02	3.18161e-01
  6.41e-02	  1.74e-02	2.77761e-01
  6.41e-02	  1.80e-02	2.24296e-01
  6.41e-02	  1.85e-02	1.58038e-01
  6.41e-02	  1.90e-02	8.56165e-32
  6.41e-02	  1.95e-02	1.28474e-64
  6.41e-02	  2.01e-02	3.88031e-97
  6.41e-02	  2.06e-02	1.29890e-64
  6.41e-02	  2.11e-02	8.64041e-32
  6.41e-02	  2.16e-02	1.70760e-01
  6.41e-02	  2.21e-02	2.43673e-01
  6.41e-02	  2.27e-02	3.04207e-01
  6.41e-02	  2.32e-02	3.52053e-01
  6.41e-02	  2.37e-02	3.86789e-01
  6.41e-02	  2.42e-02	4.08035e-01
  6.41e-02	  2.47e-02	4.15534e-01
  6.41e-02	  2.53e-02	4.09136e-01
  6.41e-02	  2.58e-02	3.88790e-01
  6.41e-02	  2.63e-02	3.54606e-01
  6.41e-02	  2.68e-02	3.06893e-01
  6.41e-02	  2.73e-02	2.46090e-01
  6.41e-02	  2.79e-02	1.72565e-01
  6.41e-02	  2.84e-02	8.61308e-32
  6.41e-02	  2.89e-02	1.29486e-64
  6.41e-02	  2.94e-02	3.68552e-97
  6.41e-02	  2.99e-02	1.15404e-64
  6.41e-02	  3.05e-02	7.65768e-32
  6.41e-02	  3.10e-02	1.72441e-01
  6.41e-02	  3.15e-02	2.46500e-01
  6.41e-02	  3.20e-02	3.08628e-01
  6.41e-02	  3.26e-02	3.58513e-01
  6.41e-02	  3.31e-02	3.95521e-01
  6.41e-02	  3.36e-02	4.18943e-01
  6.41e-02	  3.41e-02	4.28177e-01
  6.41e-02	  3.46e-02	4.22766e-01
  6.41e-02	  3.52e-02	4.02433e-01
  6.41e-02	  3.57e-02	3.67248e-01
  6.41e-02	  3.62e-02	3.17736e-01
  6.41e-02	  3.67e-02	2.54656e-01
  6.41e-02	  3.72e-02	1.78555e-01
  6.41e-02	  3.78e-02	7.56846e-32
  6.41e-02	  3.83e-02	1.14082e-64
  6.41e-02	  3.88e-02	1.71939e-97
  6.41e-02	  3.93e-02	2.59112e-130
  6.41e-02	  3.98e-02	3.90439e-163
  6.41e-02	  4.04e-02	5.88264e-196
  6.41e-02	  4.09e-02	8.86233e-229
  6.41e-02	  4.14e-02	1.33499e-261
  6.41e-02	  4.19e-02	2.01079e-294
  6.41e-02	  4.24e-02	0.00000e+00
  6.41e-02	  4.30e-02	0.00000e+00
  6.41e-02	  4.35e-02	0.00000e+00
  6.41e-02	  4.40e-02	0.00000e+00
  6.41e-02	  4.45e-02	0.00000e+00
  6.41e-02	  4.51e-02	0.00000e+00
  6.41e-02	  4.56e-02	0.00000e+00
  6.41e-02	  4.61e-02	0.00000e+00
  6.41e-02	  4.66e-02	0.00000e+00
  6.41e-02	  4.71e-02	0.00000e+00
  6.41e-02	  4.77e-02	0.00000e+00
  6.41e-02	  4.82e-02	0.00000e+00
  6.41e-02	  4.87e-02	0.00000e+00
  6.41e-02	  4.92e-02	0.00000e+00
  6.41e-02	  4.97e-02	0.00000e+00

  6.48e-02	  2.60e-04	0.00000e+00
  6.48e-02	  7.81e-04	0.00000e+00
  6.48e-02	  1.30e-03	0.00000e+00
  6.48e-02	  1.82e-03	0.00000e+00
  6.48e-02	  2.34e-03	0.00000e+00
  6.48e-02	  2.86e-03	0.00000e+00
  6.48e-02	  3.39e-03	0.00000e+00
  6.48e-02	  3.91e-03	0.00000e+00
  6.48e-02	  4.43e-03	0.00000e+00
  6.48e-02	  4.95e-03	0.00000e+00
  6.48e-02	  5.47e-03	0.00000e+00
  6.48e-02	  5.99e-03	0.00000e+00
  6.48e-02	  6.51e-03	0.00000e+00
  6.48e-02	  7.03e-03	0.00000e+00
  6.48e-02	  7.55e-03	0.00000e+00
  6.48e-02	  8.07e-03	2.26826e-294
  6.48e-02	  8.59e-03	1.51264e-261
  6.48e-02	  9.11e-03	1.00872e-228
  6.48e-02	  9.64e-03	6.72651e-196
  6.48e-02	  1.02e-02	4.48539e-163
  6.48e-02	  1.07e-02	2.99087e-130
  6.48e-02	  1.12e-02	1.99428e-97
  6.48e-02	  1.17e-02	1.32972e-64
  6.48e-02	  1.22e-02	8.86594e-32
  6.48e-02	  1.28e-02	1.58150e-01
  6.48e-02	  1.33e-02	2.24424e-01
  6.48e-02	  1.38e-02	2.77863e-01
  6.48e-02	  1.43e-02	3.18207e-01
  6.48e-02	  1.48e-02	3.45218e-01
  6.48e-02	  1.54e-02	3.58745e-01
  6.48e-02	  1.59e-02	3.58728e-01
  6.48e-02	  1.64e-02	3.45168e-01
  6.48e-02	  1.69e-02	3.18133e-01
  6.48e-02	  1.74e-02	2.77776e-01
  6.48e-02	  1.80e-02	2.24340e-01
  6.48e-02	  1.85e-02	1.58084e-01
  6.48e-02	  1.90e-02	8.86459e-32
  6.48e-02	  1.95e-02	1.32955e-64
  6.48e-02	  2.01e-02	4.04878e-97
  6.48e-02	  2.06e-02	1.36815e-64
  6.48e-02	  2.11e-02	9.10939e-32
  6.48e-02	  2.16e-02	1.71286e-01
  6.48e-02	  2.21e-02	2.44322e-01
  6.48e-02	  2.27e-02	3.04812e-01
  6.48e-02	  2.32e-02	3.52462e-01
  6.48e-02	  2.37e-02	3.86915e-01
  6.48e-02	  2.42e-02	4.07872e-01
  6.48e-02	  2.47e-02	4.15144e-01
  6.48e-02	  2.53e-02	4.08626e-01
  6.48e-02	  2.58e-02	3.88289e-01
  6.48e-02	  2.63e-02	3.54219e-01
  6.48e-02	  2.68e-02	3.06664e-01
  6.48e-02	  2.73e-02	2.45989e-01
  6.48e-02	  2.79e-02	1.72529e-01
  6.48e-02	  2.84e-02	9.08827e-32
  6.48e-02	  2.89e-02	1.36501e-64
  6.48e-02	  2.94e-02	3.93751e-97
  6.48e-02	  2.99e-02	1.25433e-64
  6.48e-02	  3.05e-02	8.33524e-32
  6.48e-02	  3.10e-02	1.73818e-01
  6.48e-02	  3.15e-02	2.48222e-01
  6.48e-02	  3.20e-02	3.10300e-01
  6.48e-02	  3.26e-02	3.59747e-01
  6.48e-02	  3.31e-02	3.96051e-01
  6.48e-02	  3.36e-02	4.18690e-01
  6.48e-02	  3.41e-02	4.27249e-01
  6.48e-02	  3.46e-02	4.21419e-01
  6.48e-02	  3.52e-02	4.01015e-01
  6.48e-02	  3.57e-02	3.66078e-01
  6.48e-02	  3.62e-02	3.16966e-01
  6.48e-02	  3.67e-02	2.54232e-01
  6.48e-02	  3.72e-02	1.78330e-01
  6.48e-02	  3.78e-02	8.27433e-32
  6.48e-02	  3.83e-02	1.24524e-64
  6.48e-02	  3.88e-02	1.87386e-97
  6.48e-02	  3.93e-02	2.81959e-130
  6.48e-02	  3.98e-02	4.24226e-163
  6.48e-02	  4.04e-02	6.38226e-196
  6.48e-02	  4.09e-02	9.60101e-229
  6.48e-02	  4.14e-02	1.44419e-261
  6.48e-02	  4.19e-02	2.17220e-294
  6.48e-02	  4.24e-02	0.00000e+00
  6.48e-02	  4.30e-02	0.00000e+00
  6.48e-02	  4.35e-02	0.00000e+00
  6.48e-02	  4.40e-02	0.00000e+00
  6.48e-02	  4.45e-02	0.00000e+00
  6.48e-02	  4.51e-02	0.00000e+00
  6.48e-02	  4.56e-02	0.00000e+00
  6.48e-02	  4.61e-02	0.00000e+00
  6.48e-02	  4.66e-02	0.00000e+00
  6.48e-02	  4.71e-02	0.00000e+00
  6.48e-02	  4.77e-02	0.00000e+00
  6.48e-02	  4.82e-02	0.00000e+00
  6.48e-02	  4.87e-02	0.00000e+00
  6.48e-02	  4.92e-02	0.00000e+00
  6.48e-02	  4.97e-02	0.00000e+00

  6.56e-02	  2.60e-04	0.00000e+00
  6.56e-02	  7.81e-04	0.00000e+00
  6.56e-02	  1.30e-03	0.00000e+00
  6.56e-02	  1.82e-03	0.00000e+00
  6.56e-02	  2.34e-03	0.00000e+00
  6.56e-02	  2.86e-03	0.00000e+00
  6.56e-02	  3.39e-03	0.00000e+00
  6.56e-02	  3.91e-03	0.00000e+00
  6.56e-02	  4.43e-03	0.00000e+00
  6.56e-02	  4.95e-03	0.00000e+00
  6.56e-02	  5.47e-03	0.00000e+00
  6.56e-02	  5.99e-03	0.00000e+00
  6.56e-02	  6.51e-03	0.00000e+00
  6.56e-02	  7.03e-03	0.00000e+00
  6.56e-02	  7.55e-03	0.00000e+00
  6.56e-02	  8.07e-03	2.32405e-294
  6.56e-02	  8.59e-03	1.55044e-261
  6.56e-02	  9.11e-03	1.03432e-228
  6.56e-02	  9.64e-03	6.89990e-196
  6.56e-02	  1.02e-02	4.60280e-163
  6.56e-02	  1.07e-02	3.07037e-130
  6.56e-02	  1.12e-02	2.04810e-97
  6.56e-02	  1.17e-02	1.36615e-64
  6.56e-02	  1.22e-02	9.11251e-32
  6.56e-02	  1.28e-02	1.58190e-01
  6.56e-02	  1.33e-02	2.24467e-01
  6.56e-02	  1.38e-02	2.77889e-01
  6.56e-02	  1.43e-02	3.18204e-01
  6.56e-02	  1.48e-02	3.45186e-01
  6.56e-02	  1.54e-02	3.58696e-01
  6.56e-02	  1.59e-02	3.58675e-01
  6.56e-02	  1.64e-02	3.45128e-01
  6.56e-02	  1.69e-02	3.18119e-01
  6.56e-02	  1.74e-02	2.77791e-01
  6.56e-02	  1.80e-02	2.24373e-01
  6.56e-02	  1.85e-02	1.58117e-01
  6.56e-02	  1.90e-02	9.11214e-32
  6.56e-02	  1.95e-02	1.36612e-64
  6.56e-02	  2.01e-02	4.18605e-97
  6.56e-02	  2.06e-02	1.42462e-64
  6.56e-02	  2.11e-02	9.49243e-32
  6.56e-02	  2.16e-02	1.71637e-01
  6.56e-02	  2.21e-02	2.44759e-01
  6.56e-02	  2.27e-02	3.05223e-01
  6.56e-02	  2.32e-02	3.52749e-01
  6.56e-02	  2.37e-02	3.87020e-01
  6.56e-02	  2.42e-02	4.07789e-01
  6.56e-02	  2.47e-02	4.14907e-01
  6.56e-02	  2.53e-02	4.08301e-01
  6.56e-02	  2.58e-02	3.87953e-01
  6.56e-02	  2.63e-02	3.53943e-01
  6.56e-02	  2.68e-02	3.06481e-01
  6.56e-02	  2.73e-02	2.45890e-01
  6.56e-02	  2.79e-02	1.72479e-01
  6.56e-02	  2.84e-02	9.47527e-32
  6.56e-02	  2.89e-02	1.42207e-64
  6.56e-02	  2.94e-02	4.14706e-97
  6.56e-02	  2.99e-02	1.33922e-64
  6.56e-02	  3.05e-02	8.90962e-32
  6.56e-02	  3.10e-02	1.74793e-01
  6.56e-02	  3.15e-02	2.49443e-01
  6.56e-02	  3.20e-02	3.11484e-01
  6.56e-02	  3.26e-02	3.60631e-01
  6.56e-02	  3.31e-02	3.96459e-01
  6.56e-02	  3.36e-02	4.18571e-01
  6.56e-02	  3.41e-02	4.26668e-01
  6.56e-02	  3.46e-02	4.20535e-01
  6.56e-02	  3.52e-02	4.00043e-01
  6.56e-02	  3.57e-02	3.65223e-01
  6.56e-02	  3.62e-02	3.16342e-01
  6.56e-02	  3.67e-02	2.53835e-01
  6.56e-02	  3.72e-02	1.78089e-01
  6.56e-02	  3.78e-02	8.86401e-32
  6.56e-02	  3.83e-02	1.33237e-64
  6.56e-02	  3.88e-02	2.00259e-97
  6.56e-02	  3.93e-02	3.00975e-130
  6.56e-02	  3.98e-02	4.52314e-163
  6.56e-02	  4.04e-02	6.79707e-196
  6.56e-02	  4.09e-02	1.02135e-228
  6.56e-02	  4.14e-02	1.53462e-261
  6.56e-02	  4.19e-02	2.30568e-294
  6.56e-02	  4.24e-02	0.00000e+00
  6.56e-02	  4.30e-02	0.00000e+00
  6.56e-02	  4.35e-02	0.00000e+00
  6.56e-02	  4.40e-02	0.00000e+00
  6.56e-02	  4.45e-02	0.00000e+00
  6.56e-02	  4.51e-02	0.00000e+00
  6.56e-02	  4.56e-02	0.00000e+00
  6.56e-02	  4.61e-02	0.00000e+00
  6.56e-02	  4.66e-02	0.00000e+00
  6.56e-02	  4.71e-02	0.00000e+00
  6.56e-02	  4.77e-02	0.00000e+00
  6.56e-02	  4.82e-02	0.00000e+00
  6.56e-02	  4.87e-02	0.00000e+00
  6.56e-02	  4.92e-02	0.00000e+00
  6.56e-02	  4.97e-02	0.00000e+00

  6.64e-02	  2.60e-04	0.00000e+00
  6.64e-02	  7.81e-04	0.00000e+00
  6.64e-02	  1.30e-03	0.00000e+00
  6.64e-02	  1.82e-03	0.00000e+00
  6.64e-02	  2.34e-03	0.00000e+00
  6.64e-02	  2.86e-03	0.00000e+00
  6.64e-02	  3.39e-03	0.00000e+00
  6.64e-02	  3.91e-03	0.00000e+00
  6.64e-02	  4.43e-03	0.00000e+00
  6.64e-02	  4.95e-03	0.00000e+00
  6.64e-02	  5.47e-03	0.00000e+00
  6.64e-02	  5.99e-03	0.00000e+00
  6.64e-02	  6.51e-03	0.00000e+00
  6.64e-02	  7.03e-03	0.00000e+00
  6.64e-02	  7.55e-03	0.00000e+00
  6.64e-02	  8.07e-03	2.36878e-294
  6.64e-02	  8.59e-03	1.58078e-261
  6.64e-02	  9.11e-03	1.05489e-228
  6.64e-02	  9.64e-03	7.03941e-196
  6.64e-02	  1.02e-02	4.69738e-163
  6.64e-02	  1.07e-02	3.13449e-130
  6.64e-02	  1.12e-02	2.09155e-97
  6.64e-02	  1.17e-02	1.39560e-64
  6.64e-02	  1.22e-02	9.31204e-32
  6.64e-02	  1.28e-02	1.58213e-01
  6.64e-02	  1.33e-02	2.24491e-01
  6.64e-02	  1.38e-02	2.77902e-01
  6.64e-02	  1.43e-02	3.18198e-01
  6.64e-02	  1.48e-02	3.45163e-01
  6.64e-02	  1.54e-02	3.58662e-01
  6.64e-02	  1.59e-02	3.58641e-01
  6.64e-02	  1.64e-02	3.45105e-01
  6.64e-02	  1.69e-02	3.18113e-01
  6.64e-02	  1.74e-02	2.77805e-01
  6.64e-02	  1.80e-02	2.24399e-01
  6.64e-02	  1.85e-02	1.58143e-01
  6.64e-02	  1.90e-02	9.31234e-32
  6.64e-02	  1.95e-02	1.39566e-64
  6.64e-02	  2.01e-02	4.29654e-97
  6.64e-02	  2.06e-02	1.47007e-64
  6.64e-02	  2.11e-02	9.80110e-32
  6.64e-02	  2.16e-02	1.71870e-01
  6.64e-02	  2.21e-02	2.45049e-01
  6.64e-02	  2.27e-02	3.05499e-01
  6.64e-02	  2.32e-02	3.52947e-01
  6.64e-02	  2.37e-02	3.87101e-01
  6.64e-02	  2.42e-02	4.07747e-01
  6.64e-02	  2.47e-02	4.14763e-01
  6.64e-02	  2.53e-02	4.08092e-01
  6.64e-02	  2.58e-02	3.87729e-01
  6.64e-02	  2.63e-02	3.53749e-01
  6.64e-02	  2.68e-02	3.06344e-01
  6.64e-02	  2.73e-02	2.45807e-01
  6.64e-02	  2.79e-02	1.72432e-01
  6.64e-02	  2.84e-02	9.78693e-32
  6.64e-02	  2.89e-02	1.46796e-64
  6.64e-02	  2.94e-02	4.31868e-97
  6.64e-02	  2.99e-02	1.40974e-64
  6.64e-02	  3.05e-02	9.38746e-32
  6.64e-02	  3.10e-02	1.75478e-01
  6.64e-02	  3.15e-02	2.50302e-01
  6.64e-02	  3.20e-02	3.12324e-01
  6.64e-02	  3.26e-02	3.61270e-01
  6.64e-02	  3.31e-02	3.96778e-01
  6.64e-02	  3.36e-02	4.18532e-01
  6.64e-02	  3.41e-02	4.26308e-01
  6.64e-02	  3.46e-02	4.19951e-01
  6.64e-02	  3.52e-02	3.99369e-01
  6.64e-02	  3.57e-02	3.64597e-01
  6.64e-02	  3.62e-02	3.15849e-01
  6.64e-02	  3.67e-02	2.53490e-01
  6.64e-02	  3.72e-02	1.77866e-01
  6.64e-02	  3.78e-02	9.35039e-32
  6.64e-02	  3.83e-02	1.40416e-64
  6.64e-02	  3.88e-02	2.10853e-97
  6.64e-02	  3.93e-02	3.16605e-130
  6.64e-02	  3.98e-02	4.75373e-163
  6.64e-02	  4.04e-02	7.13718e-196
  6.64e-02	  4.09e-02	1.07151e-228
  6.64e-02	  4.14e-02	1.60858e-261
  6.64e-02	  4.19e-02	2.41473e-294
  6.64e-02	  4.24e-02	0.00000e+00
  6.64e-02	  4.30e-02	0.00000e+00
  6.64e-02	  4.35e-02	0.00000e+00
  6.64e-02	  4.40e-02	0.00000e+00
  6.64e-02	  4.45e-02	0.00000e+00
  6.64e-02	  4.51e-02	0.00000e+00
  6.64e-02	  4.56e-02	0.00000e+00
  6.64e-02	  4.61e-02	0.00000e+00
  6.64e-02	  4.66e-02	0.00000e+00
  6.64e-02	  4.71e-02	0.00000e+00
  6.64e-02	  4.77e-02	0.00000e+00
  6.64e-02	  4.82e-02	0.00000e+00
  6.64e-02	  4.87e-02	0.00000e+00
  6.64e-02	  4.92e-02	0.00000e+00
  6.64e-02	  4.97e-02	0.00000e+00

  6.72e-02	  2.60e-04	0.00000e+00
  6.72e-02	  7.81e-04	0.00000e+00
  6.72e-02	  1.30e-03	0.00000e+00
  6.72e-02	  1.82e-03	0.00000e+00
  6.72e-02	  2.34e-03	0.00000e+00
  6.72e-02	  2.86e-03	0.00000e+00
  6.72e-02	  3.39e-03	0.00000e+00
  6.72e-02	  3.91e-03	0.00000e+00
  6.72e-02	  4.43e-03	0.00000e+00
  6.72e-02	  4.95e-03	0.00000e+00
  6.72e-02	  5.47e-03	0.00000e+00
  6.72e-02	  5.99e-03	0.00000e+00
  6.72e-02	  6.51e-03	0.00000e+00
  6.72e-02	  7.03e-03	0.00000e+00
  6.72e-02	  7.55e-03	0.00000e+00
  6.72e-02	  8.07e-03	2.40423e-294
  6.72e-02	  8.59e-03	1.60485e-261
  6.72e-02	  9.11e-03	1.07124e-228
  6.72e-02	  9.64e-03	7.15039e-196
  6.72e-02	  1.02e-02	4.77272e-163
  6.72e-02	  1.07e-02	3.18562e-130
  6.72e-02	  1.12e-02	2.12625e-97
  6.72e-02	  1.17e-02	1.41914e-64
  6.72e-02	  1.22e-02	9.47173e-32
  6.72e-02	  1.28e-02	1.58227e-01
  6.72e-02	  1.33e-02	2.24504e-01
  6.72e-02	  1.38e-02	2.77907e-01
  6.72e-02	  1.43e-02	3.18191e-01
  6.72e-02	  1.48e-02	3.45145e-01
  6.72e-02	  1.54e-02	3.58638e-01
  6.72e-02	  1.59e-02	3.58619e-01
  6.72e-02	  1.64e-02	3.45091e-01
  6.72e-02	  1.69e-02	3.18112e-01
  6.72e-02	  1.74e-02	2.77818e-01
  6.72e-02	  1.80e-02	2.24420e-01
  6.72e-02	  1.85e-02	1.58163e-01
  6.72e-02	  1.90e-02	9.47246e-32
  6.72e-02	  1.95e-02	1.41926e-64
  6.72e-02	  2.01e-02	4.38441e-97
  6.72e-02	  2.06e-02	1.50618e-64
  6.72e-02	  2.11e-02	1.00467e-31
  6.72e-02	  2.16e-02	1.72024e-01
  6.72e-02	  2.21e-02	2.45241e-01
  6.72e-02	  2.27e-02	3.05684e-01
  6.72e-02	  2.32e-02	3.53081e-01
  6.72e-02	  2.37e-02	3.87160e-01
  6.72e-02	  2.42e-02	4.07726e-01
  6.72e-02	  2.47e-02	4.14673e-01
  6.72e-02	  2.53e-02	4.07957e-01
  6.72e-02	  2.58e-02	3.87580e-01
  6.72e-02	  2.63e-02	3.53617e-01
  6.72e-02	  2.68e-02	3.06247e-01
  6.72e-02	  2.73e-02	2.45745e-01
  6.72e-02	  2.79e-02	1.72396e-01
  6.72e-02	  2.84e-02	1.00351e-31
  6.72e-02	  2.89e-02	1.50446e-64
  6.72e-02	  2.94e-02	4.45732e-97
  6.72e-02	  2.99e-02	1.46742e-64
  6.72e-02	  3.05e-02	9.77884e-32
  6.72e-02	  3.10e-02	1.75957e-01
  6.72e-02	  3.15e-02	2.50906e-01
  6.72e-02	  3.20e-02	3.12920e-01
  6.72e-02	  3.26e-02	3.61733e-01
  6.72e-02	  3.31e-02	3.97025e-01
  6.72e-02	  3.36e-02	4.18534e-01
  6.72e-02	  3.41e-02	4.26084e-01
  6.72e-02	  3.46e-02	4.19560e-01
  6.72e-02	  3.52e-02	3.98899e-01
  6.72e-02	  3.57e-02	3.64139e-01
  6.72e-02	  3.62e-02	3.15470e-01
  6.72e-02	  3.67e-02	2.53209e-01
  6.72e-02	  3.72e-02	1.77678e-01
  6.72e-02	  3.78e-02	9.74716e-32
  6.72e-02	  3.83e-02	1.46265e-64
  6.72e-02	  3.88e-02	2.19474e-97
  6.72e-02	  3.93e-02	3.29310e-130
  6.72e-02	  3.98e-02	4.94093e-163
  6.72e-02	  4.04e-02	7.41297e-196
  6.72e-02	  4.09e-02	1.11213e-228
  6.72e-02	  4.14e-02	1.66841e-261
  6.72e-02	  4.19e-02	2.50281e-294
  6.72e-02	  4.24e-02	0.00000e+00
  6.72e-02	  4.30e-02	0.00000e+00
  6.72e-02	  4.35e-02	0.00000e+00
  6.72e-02	  4.40e-02	0.00000e+00
  6.72e-02	  4.45e-02	0.00000e+00
  6.72e-02	  4.51e-02	0.00000e+00
  6.72e-02	  4.56e-02	0.00000e+00
  6.72e-02	  4.61e-02	0.00000e+00
  6.72e-02	  4.66e-02	0.00000e+00
  6.72e-02	  4.71e-02	0.00000e+00
  6.72e-02	  4.77e-02	0.00000e+00
  6.72e-02	  4.82e-02	0.00000e+00
  6.72e-02	  4.87e-02	0.00000e+00
  6.72e-02	  4.92e-02	0.00000e+00
  6.72e-02	  4.97e-02	0.00000e+00

  6.80e-02	  2.60e-04	0.00000e+00
  6.80e-02	  7.81e-04	0.00000e+00
  6.80e-02	  1.30e-03	0.00000e+00
  6.80e-02	  1.82e-03	0.00000e+00
  6.80e-02	  2.34e-03	0.00000e+00
  6.80e-02	  2.86e-03	0.00000e+00
  6.80e-02	  3.39e-03	0.00000e+00
  6.80e-02	  3.91e-03	0.00000e+00
  6.80e-02	  4.43e-03	0.00000e+00
  6.80e-02	  4.95e-03	0.00000e+00
  6.80e-02	  5.47e-03	0.00000e+00
  6.80e-02	  5.99e-03	0.00000e+00
  6.80e-02	  6.51e-03	0.00000e+00
  6.80e-02	  7.03e-03	0.00000e+00
  6.80e-02	  7.55e-03	0.00000e+00
  6.80e-02	  8.07e-03	2.43196e-294
  6.80e-02	  8.59e-03	1.62371e-261
  6.80e-02	  9.11e-03	1.08406e-228
  6.80e-02	  9.64e-03	7.23758e-196
  6.80e-02	  1.02e-02	4.83198e-163
  6.80e-02	  1.07e-02	3.22590e-130
  6.80e-02	  1.12e-02	2.15362e-97
  6.80e-02	  1.17e-02	1.43773e-64
  6.80e-02	  1.22e-02	9.59803e-32
  6.80e-02	  1.28e-02	1.58234e-01
  6.80e-02	  1.33e-02	2.24510e-01
  6.80e-02	  1.38e-02	2.77908e-01
  6.80e-02	  1.43e-02	3.18184e-01
  6.80e-02	  1.48e-02	3.45131e-01
  6.80e-02	  1.54e-02	3.58622e-01
  6.80e-02	  1.59e-02	3.58605e-01
  6.80e-02	  1.64e-02	3.45083e-01
  6.80e-02	  1.69e-02	3.18114e-01
  6.80e-02	  1.74e-02	2.77829e-01
  6.80e-02	  1.80e-02	2.24437e-01
  6.80e-02	  1.85e-02	1.58178e-01
  6.80e-02	  1.90e-02	9.59900e-32
  6.80e-02	  1.95e-02	1.43789e-64
  6.80e-02	  2.01e-02	4.45340e-97
  6.80e-02	  2.06e-02	1.53451e-64
  6.80e-02	  2.11e-02	1.02397e-31
  6.80e-02	  2.16e-02	1.72124e-01
  6.80e-02	  2.21e-02	2.45367e-01
  6.80e-02	  2.27e-02	3.05806e-01
  6.80e-02	  2.32e-02	3.53171e-01
  6.80e-02	  2.37e-02	3.87202e-01
  6.80e-02	  2.42e-02	4.07715e-01
  6.80e-02	  2.47e-02	4.14616e-01
  6.80e-02	  2.53e-02	4.07869e-01
  6.80e-02	  2.58e-02	3.87481e-01
  6.80e-02	  2.63e-02	3.53527e-01
  6.80e-02	  2.68e-02	3.06180e-01
  6.80e-02	  2.73e-02	2.45700e-01
  6.80e-02	  2.79e-02	1.72369e-01
  6.80e-02	  2.84e-02	1.02303e-31
  6.80e-02	  2.89e-02	1.53312e-64
  6.80e-02	  2.94e-02	4.56787e-97
  6.80e-02	  2.99e-02	1.51395e-64
  6.80e-02	  3.05e-02	1.00950e-31
  6.80e-02	  3.10e-02	1.76290e-01
  6.80e-02	  3.15e-02	2.51330e-01
  6.80e-02	  3.20e-02	3.13343e-01
  6.80e-02	  3.26e-02	3.62068e-01
  6.80e-02	  3.31e-02	3.97214e-01
  6.80e-02	  3.36e-02	4.18554e-01
  6.80e-02	  3.41e-02	4.25944e-01
  6.80e-02	  3.46e-02	4.19296e-01
  6.80e-02	  3.52e-02	3.98569e-01
  6.80e-02	  3.57e-02	3.63807e-01
  6.80e-02	  3.62e-02	3.15183e-01
  6.80e-02	  3.67e-02	2.52989e-01
  6.80e-02	  3.72e-02	1.77527e-01
  6.80e-02	  3.78e-02	1.00674e-31
  6.80e-02	  3.83e-02	1.50980e-64
  6.80e-02	  3.88e-02	2.26415e-97
  6.80e-02	  3.93e-02	3.39527e-130
  6.80e-02	  3.98e-02	5.09127e-163
  6.80e-02	  4.04e-02	7.63417e-196
  6.80e-02	  4.09e-02	1.14467e-228
  6.80e-02	  4.14e-02	1.71627e-261
  6.80e-02	  4.19e-02	2.57319e-294
  6.80e-02	  4.24e-02	0.00000e+00
  6.80e-02	  4.30e-02	0.00000e+00
  6.80e-02	  4.35e-02	0.00000e+00
  6.80e-02	  4.40e-02	0.00000e+00
  6.80e-02	  4.45e-02	0.00000e+00
  6.80e-02	  4.51e-02	0.00000e+00
  6.80e-02	  4.56e-02	0.00000e+00
  6.80e-02	  4.61e-02	0.00000e+00
  6.80e-02	  4.66e-02	0.00000e+00
  6.80e-02	  4.71e-02	0.00000e+00
  6.80e-02	  4.77e-02	0.00000e+00
  6.80e-02	  4.82e-02	0.00000e+00
  6.80e-02	  4.87e-02	0.00000e+00
  6.80e-02	  4.92e-02	0.00000e+00
  6.80e-02	  4.97e-02	0.00000e+00

  6.87e-02	  2.60e-04	0.00000e+00
  6.87e-02	  7.81e-04	0.00000e+00
  6.87e-02	  1.30e-03	0.00000e+00
  6.87e-02	  1.82e-03	0.00000e+00
  6.87e-02	  2.34e-03	0.00000e+00
  6.87e-02	  2.86e-03	0.00000e+00
  6.87e-02	  3.39e-03	0.00000e+00
  6.87e-02	  3.91e-03	0.00000e+00
  6.87e-02	  4.43e-03	0.00000e+00
  6.87e-02	  4.95e-03	0.00000e+00
  6.87e-02	  5.47e-03	0.00000e+00
  6.87e-02	  5.99e-03	0.00000e+00
  6.87e-02	  6.51e-03	0.00000e+00
  6.87e-02	  7.03e-03	0.00000e+00
  6.87e-02	  7.55e-03	0.00000e+00
  6.87e-02	  8.07e-03	2.45332e-294
  6.87e-02	  8.59e-03	1.63826e-261
  6.87e-02	  9.11e-03	1.09398e-228
  6.87e-02	  9.64e-03	7.30508e-196
  6.87e-02	  1.02e-02	4.87794e-163
  6.87e-02	  1.07e-02	3.25718e-130
  6.87e-02	  1.12e-02	2.17490e-97
  6.87e-02	  1.17e-02	1.45222e-64
  6.87e-02	  1.22e-02	9.69657e-32
  6.87e-02	  1.28e-02	1.58237e-01
  6.87e-02	  1.33e-02	2.24513e-01
  6.87e-02	  1.38e-02	2.77907e-01
  6.87e-02	  1.43e-02	3.18177e-01
  6.87e-02	  1.48e-02	3.45120e-01
  6.87e-02	  1.54e-02	3.58610e-01
  6.87e-02	  1.59e-02	3.58596e-01
  6.87e-02	  1.64e-02	3.45079e-01
  6.87e-02	  1.69e-02	3.18117e-01
  6.87e-02	  1.74e-02	2.77839e-01
  6.87e-02	  1.80e-02	2.24450e-01
  6.87e-02	  1.85e-02	1.58190e-01
  6.87e-02	  1.90e-02	9.69762e-32
  6.87e-02	  1.95e-02	1.45238e-64
  6.87e-02	  2.01e-02	4.50682e-97
  6.87e-02	  2.06e-02	1.55643e-64
  6.87e-02	  2.11e-02	1.03892e-31
  6.87e-02	  2.16e-02	1.72190e-01
  6.87e-02	  2.21e-02	2.45450e-01
  6.87e-02	  2.27e-02	3.05886e-01
  6.87e-02	  2.32e-02	3.53231e-01
  6.87e-02	  2.37e-02	3.87230e-01
  6.87e-02	  2.42e-02	4.07710e-01
  6.87e-02	  2.47e-02	4.14581e-01
  6.87e-02	  2.53e-02	4.07812e-01
  6.87e-02	  2.58e-02	3.87416e-01
  6.87e-02	  2.63e-02	3.53467e-01
  6.87e-02	  2.68e-02	3.06134e-01
  6.87e-02	  2.73e-02	2.45670e-01
  6.87e-02	  2.79e-02	1.72351e-01
  6.87e-02	  2.84e-02	1.03819e-31
  6.87e-02	  2.89e-02	1.55534e-64
  6.87e-02	  2.94e-02	4.65486e-97
  6.87e-02	  2.99e-02	1.55098e-64
  6.87e-02	  3.05e-02	1.03469e-31
  6.87e-02	  3.10e-02	1.76523e-01
  6.87e-02	  3.15e-02	2.51626e-01
  6.87e-02	  3.20e-02	3.13641e-01
  6.87e-02	  3.26e-02	3.62309e-01
  6.87e-02	  3.31e-02	3.97356e-01
  6.87e-02	  3.36e-02	4.18579e-01
  6.87e-02	  3.41e-02	4.25855e-01
  6.87e-02	  3.46e-02	4.19116e-01
  6.87e-02	  3.52e-02	3.98337e-01
  6.87e-02	  3.57e-02	3.63566e-01
  6.87e-02	  3.62e-02	3.14970e-01
  6.87e-02	  3.67e-02	2.52822e-01
  6.87e-02	  3.72e-02	1.77412e-01
  6.87e-02	  3.78e-02	1.03231e-31
  6.87e-02	  3.83e-02	1.54740e-64
  6.87e-02	  3.88e-02	2.31942e-97
  6.87e-02	  3.93e-02	3.47651e-130
  6.87e-02	  3.98e-02	5.21066e-163
  6.87e-02	  4.04e-02	7.80959e-196
  6.87e-02	  4.09e-02	1.17044e-228
  6.87e-02	  4.14e-02	1.75411e-261
  6.87e-02	  4.19e-02	2.62877e-294
  6.87e-02	  4.24e-02	0.00000e+00
  6.87e-02	  4.30e-02	0.00000e+00
  6.87e-02	  4.35e-02	0.00000e+00
  6.87e-02	  4.40e-02	0.00000e+00
  6.87e-02	  4.45e-02	0.00000e+00
  6.87e-02	  4.51e-02	0.00000e+00
  6.87e-02	  4.56e-02	0.00000e+00
  6.87e-02	  4.61e-02	0.00000e+00
  6.87e-02	  4.66e-02	0.00000e+00
  6.87e-02	  4.71e-02	0.00000e+00
  6.87e-02	  4.77e-02	0.00000e+00
  6.87e-02	  4.82e-02	0.00000e+00
  6.87e-02	  4.87e-02	0.00000e+00
  6.87e-02	  4.92e-02	0.00000e+00
  6.87e-02	  4.97e-02	0.00000e+00

  6.95e-02	  2.60e-04	0.00000e+00
  6.95e-02	  7.81e-04	0.00000e+00
  6.95e-02	  1.30e-03	0.00000e+00
  6.95e-02	  1.82e-03	0.00000e+00
  6.95e-02	  2.34e-03	0.00000e+00
  6.95e-02	  2.86e-03	0.00000e+00
  6.95e-02	  3.39e-03	0.00000e+00
  6.95e-02	  3.91e-03	0.00000e+00
  6.95e-02	  4.43e-03	0.00000e+00
  6.95e-02	  4.95e-03	0.00000e+00
  6.95e-02	  5.47e-03	0.00000e+00
  6.95e-02	  5.99e-03	0.00000e+00
  6.95e-02	  6.51e-03	0.00000e+00
  6.95e-02	  7.03e-03	0.00000e+00
  6.95e-02	  7.55e-03	0.00000e+00
  6.95e-02	  8.07e-03	2.46947e-294
  6.95e-02	  8.59e-03	1.64929e-261
  6.95e-02	  9.11e-03	1.10150e-228
  6.95e-02	  9.64e-03	7.35643e-196
  6.95e-02	  1.02e-02	4.91296e-163
  6.95e-02	  1.07e-02	3.28106e-130
  6.95e-02	  1.12e-02	2.19119e-97
  6.95e-02	  1.17e-02	1.46332e-64
  6.95e-02	  1.22e-02	9.77222e-32
  6.95e-02	  1.28e-02	1.58238e-01
  6.95e-02	  1.33e-02	2.24513e-01
  6.95e-02	  1.38e-02	2.77904e-01
  6.95e-02	  1.43e-02	3.18171e-01
  6.95e-02	  1.48e-02	3.45112e-01
  6.95e-02	  1.54e-02	3.58602e-01
  6.95e-02	  1.59e-02	3.58590e-01
  6.95e-02	  1.64e-02	3.45077e-01
  6.95e-02	  1.69e-02	3.18121e-01
  6.95e-02	  1.74e-02	2.77847e-01
  6.95e-02	  1.80e-02	2.24460e-01
  6.95e-02	  1.85e-02	1.58199e-01
  6.95e-02	  1.90e-02	9.77326e-32
  6.95e-02	  1.95e-02	1.46348e-64
  6.95e-02	  2.01e-02	4.54754e-97
  6.95e-02	  2.06e-02	1.57314e-64
  6.95e-02	  2.11e-02	1.05035e-31
  6.95e-02	  2.16e-02	1.72232e-01
  6.95e-02	  2.21e-02	2.45504e-01
  6.95e-02	  2.27e-02	3.05939e-01
  6.95e-02	  2.32e-02	3.53270e-01
  6.95e-02	  2.37e-02	3.87249e-01
  6.95e-02	  2.42e-02	4.07707e-01
  6.95e-02	  2.47e-02	4.14558e-01
  6.95e-02	  2.53e-02	4.07775e-01
  6.95e-02	  2.58e-02	3.87373e-01
  6.95e-02	  2.63e-02	3.53428e-01
  6.95e-02	  2.68e-02	3.06104e-01
  6.95e-02	  2.73e-02	2.45650e-01
  6.95e-02	  2.79e-02	1.72339e-01
  6.95e-02	  2.84e-02	1.04978e-31
  6.95e-02	  2.89e-02	1.57231e-64
  6.95e-02	  2.94e-02	4.72235e-97
  6.95e-02	  2.99e-02	1.58007e-64
  6.95e-02	  3.05e-02	1.05452e-31
  6.95e-02	  3.10e-02	1.76685e-01
  6.95e-02	  3.15e-02	2.51834e-01
  6.95e-02	  3.20e-02	3.13853e-01
  6.95e-02	  3.26e-02	3.62482e-01
  6.95e-02	  3.31e-02	3.97461e-01
  6.95e-02	  3.36e-02	4.18603e-01
  6.95e-02	  3.41e-02	4.25798e-01
  6.95e-02	  3.46e-02	4.18992e-01
  6.95e-02	  3.52e-02	3.98173e-01
  6.95e-02	  3.57e-02	3.63393e-01
  6.95e-02	  3.62e-02	3.14815e-01
  6.95e-02	  3.67e-02	2.52698e-01
  6.95e-02	  3.72e-02	1.77326e-01
  6.95e-02	  3.78e-02	1.05248e-31
  6.95e-02	  3.83e-02	1.57702e-64
  6.95e-02	  3.88e-02	2.36290e-97
  6.95e-02	  3.93e-02	3.54033e-130
  6.95e-02	  3.98e-02	5.30431e-163
  6.95e-02	  4.04e-02	7.94699e-196
  6.95e-02	  4.09e-02	1.19060e-228
  6.95e-02	  4.14e-02	1.78367e-261
  6.95e-02	  4.19e-02	2.67210e-294
  6.95e-02	  4.24e-02	0.00000e+00
  6.95e-02	  4.30e-02	0.00000e+00
  6.95e-02	  4.35e-02	0.00000e+00
  6.95e-02	  4.40e-02	0.00000e+00
  6.95e-02	  4.45e-02	0.00000e+00
  6.95e-02	  4.51e-02	0.00000e+00
  6.95e-02	  4.56e-02	0.00000e+00
  6.95e-02	  4.61e-02	0.00000e+00
  6.95e-02	  4.66e-02	0.00000e+00
  6.95e-02	  4.71e-02	0.00000e+00
  6.95e-02	  4.77e-02	0.00000e+00
  6.95e-02	  4.82e-02	0.00000e+00
  6.95e-02	  4.87e-02	0.00000e+00
  6.95e-02	  4.92e-02	0.00000e+00
  6.95e-02	  4.97e-02	0.00000e+00

  7.03e-02	  2.60e-04	0.00000e+00
  7.03e-02	  7.81e-04	0.00000e+00
  7.03e-02	  1.30e-03	0.00000e+00
  7.03e-02	  1.82e-03	0.00000e+00
  7.03e-02	  2.34e-03	0.00000e+00
  7.03e-02	  2.86e-03	0.00000e+00
  7.03e-02	  3.39e-03	0.00000e+00
  7.03e-02	  3.91e-03	0.00000e+00
  7.03e-02	  4.43e-03	0.00000e+00
  7.03e-02	  4.95e-03	0.00000e+00
  7.03e-02	  5.47e-03	0.00000e+00
  7.03e-02	  5.99e-03	0.00000e+00
  7.03e-02	  6.51e-03	0.00000e+00
  7.03e-02	  7.03e-03	0.00000e+00
  7.03e-02	  7.55e-03	0.00000e+00
  7.03e-02	  8.07e-03	2.48141e-294
  7.03e-02	  8.59e-03	1.65746e-261
  7.03e-02	  9.11e-03	1.10709e-228
  7.03e-02	  9.64e-03	7.39464e-196
  7.03e-02	  1.02e-02	4.93909e-163
  7.03e-02	  1.07e-02	3.29892e-130
  7.03e-02	  1.12e-02	2.20339e-97
  7.03e-02	  1.17e-02	1.47166e-64
  7.03e-02	  1.22e-02	9.82917e-32
  7.03e-02	  1.28e-02	1.58238e-01
  7.03e-02	  1.33e-02	2.24511e-01
  7.03e-02	  1.38e-02	2.77901e-01
  7.03e-02	  1.43e-02	3.18166e-01
  7.03e-02	  1.48e-02	3.45106e-01
  7.03e-02	  1.54e-02	3.58597e-01
  7.03e-02	  1.59e-02	3.58587e-01
  7.03e-02	  1.64e-02	3.45077e-01
  7.03e-02	  1.69e-02	3.18124e-01
  7.03e-02	  1.74e-02	2.77854e-01
  7.03e-02	  1.80e-02	2.24468e-01
  7.03e-02	  1.85e-02	1.58205e-01
  7.03e-02	  1.90e-02	9.83013e-32
  7.03e-02	  1.95e-02	1.47181e-64
  7.03e-02	  2.01e-02	4.57797e-97
  7.03e-02	  2.06e-02	1.58565e-64
  7.03e-02	  2.11e-02	1.05891e-31
  7.03e-02	  2.16e-02	1.72259e-01
  7.03e-02	  2.21e-02	2.45538e-01
  7.03e-02	  2.27e-02	3.05973e-01
  7.03e-02	  2.32e-02	3.53296e-01
  7.03e-02	  2.37e-02	3.87262e-01
  7.03e-02	  2.42e-02	4.07706e-01
  7.03e-02	  2.47e-02	4.14544e-01
  7.03e-02	  2.53e-02	4.07752e-01
  7.03e-02	  2.58e-02	3.87345e-01
  7.03e-02	  2.63e-02	3.53401e-01
  7.03e-02	  2.68e-02	3.06083e-01
  7.03e-02	  2.73e-02	2.45636e-01
  7.03e-02	  2.79e-02	1.72331e-01
  7.03e-02	  2.84e-02	1.05849e-31
  7.03e-02	  2.89e-02	1.58502e-64
  7.03e-02	  2.94e-02	4.77391e-97
  7.03e-02	  2.99e-02	1.60260e-64
  7.03e-02	  3.05e-02	1.06990e-31
  7.03e-02	  3.10e-02	1.76798e-01
  7.03e-02	  3.15e-02	2.51980e-01
  7.03e-02	  3.20e-02	3.14002e-01
  7.03e-02	  3.26e-02	3.62605e-01
  7.03e-02	  3.31e-02	3.97539e-01
  7.03e-02	  3.36e-02	4.18623e-01
  7.03e-02	  3.41e-02	4.25761e-01
  7.03e-02	  3.46e-02	4.18907e-01
  7.03e-02	  3.52e-02	3.98057e-01
  7.03e-02	  3.57e-02	3.63269e-01
  7.03e-02	  3.62e-02	3.14701e-01
  7.03e-02	  3.67e-02	2.52607e-01
  7.03e-02	  3.72e-02	1.77262e-01
  7.03e-02	  3.78e-02	1.06819e-31
  7.03e-02	  3.83e-02	1.60005e-64
  7.03e-02	  3.88e-02	2.39666e-97
  7.03e-02	  3.93e-02	3.58979e-130
  7.03e-02	  3.98e-02	5.37677e-163
  7.03e-02	  4.04e-02	8.05312e-196
  7.03e-02	  4.09e-02	1.20614e-228
  7.03e-02	  4.14e-02	1.80642e-261
  7.03e-02	  4.19e-02	2.70539e-294
  7.03e-02	  4.24e-02	0.00000e+00
  7.03e-02	  4.30e-02	0.00000e+00
  7.03e-02	  4.35e-02	0.00000e+00
  7.03e-02	  4.40e-02	0.00000e+00
  7.03e-02	  4.45e-02	0.00000e+00
  7.03e-02	  4.51e-02	0.00000e+00
  7.03e-02	  4.56e-02	0.00000e+00
  7.03e-02	  4.61e-02	0.00000e+00
  7.03e-02	  4.66e-02	0.00000e+00
  7.03e-02	  4.71e-02	0.00000e+00
  7.03e-02	  4.77e-02	0.00000e+00
  7.03e-02	  4.82e-02	0.00000e+00
  7.03e-02	  4.87e-02	0.00000e+00
  7.03e-02	  4.92e-02	0.00000e+00
  7.03e-02	  4.97e-02	0.00000e+00

  7.11e-02	  2.60e-04	0.00000e+00
  7.11e-02	  7.81e-04	0.00000e+00
  7.11e-02	  1.30e-03	0.00000e+00
  7.11e-02	  1.82e-03	0.00000e+00
  7.11e-02	  2.34e-03	0.00000e+00
  7.11e-02	  2.86e-03	0.00000e+00
  7.11e-02	  3.39e-03	0.00000e+00
  7.11e-02	  3.91e-03	0.00000e+00
  7.11e-02	  4.43e-03	0.00000e+00
  7.11e-02	  4.95e-03	0.00000e+00
  7.11e-02	  5.47e-03	0.00000e+00
  7.11e-02	  5.99e-03	0.00000e+00
  7.11e-02	  6.51e-03	0.00000e+00
  7.11e-02	  7.03e-03	0.00000e+00
  7.11e-02	  7.55e-03	0.00000e+00
  7.11e-02	  8.07e-03	2.48994e-294
  7.11e-02	  8.59e-03	1.66332e-261
  7.11e-02	  9.11e-03	1.11111e-228
  7.11e-02	  9.64e-03	7.42227e-196
  7.11e-02	  1.02e-02	4.95804e-163
  7.11e-02	  1.07e-02	3.31192e-130
  7.11e-02	  1.12e-02	2.21230e-97
  7.11e-02	  1.17e-02	1.47776e-64
  7.11e-02	  1.22e-02	9.87096e-32
  7.11e-02	  1.28e-02	1.58237e-01
  7.11e-02	  1.33e-02	2.24509e-01
  7.11e-02	  1.38e-02	2.77898e-01
  7.11e-02	  1.43e-02	3.18161e-01
  7.11e-02	  1.48e-02	3.45101e-01
  7.11e-02	  1.54e-02	3.58593e-01
  7.11e-02	  1.59e-02	3.58585e-01
  7.11e-02	  1.64e-02	3.45078e-01
  7.11e-02	  1.69e-02	3.18127e-01
  7.11e-02	  1.74e-02	2.77859e-01
  7.11e-02	  1.80e-02	2.24473e-01
  7.11e-02	  1.85e-02	1.58210e-01
  7.11e-02	  1.90e-02	9.87182e-32
  7.11e-02	  1.95e-02	1.47789e-64
  7.11e-02	  2.01e-02	4.60017e-97
  7.11e-02	  2.06e-02	1.59480e-64
  7.11e-02	  2.11e-02	1.06520e-31
  7.11e-02	  2.16e-02	1.72277e-01
  7.11e-02	  2.21e-02	2.45561e-01
  7.11e-02	  2.27e-02	3.05995e-01
  7.11e-02	  2.32e-02	3.53313e-01
  7.11e-02	  2.37e-02	3.87271e-01
  7.11e-02	  2.42e-02	4.07706e-01
  7.11e-02	  2.47e-02	4.14536e-01
  7.11e-02	  2.53e-02	4.07737e-01
  7.11e-02	  2.58e-02	3.87327e-01
  7.11e-02	  2.63e-02	3.53384e-01
  7.11e-02	  2.68e-02	3.06070e-01
  7.11e-02	  2.73e-02	2.45627e-01
  7.11e-02	  2.79e-02	1.72325e-01
  7.11e-02	  2.84e-02	1.06489e-31
  7.11e-02	  2.89e-02	1.59434e-64
  7.11e-02	  2.94e-02	4.81258e-97
  7.11e-02	  2.99e-02	1.61977e-64
  7.11e-02	  3.05e-02	1.08164e-31
  7.11e-02	  3.10e-02	1.76877e-01
  7.11e-02	  3.15e-02	2.52082e-01
  7.11e-02	  3.20e-02	3.14107e-01
  7.11e-02	  3.26e-02	3.62694e-01
  7.11e-02	  3.31e-02	3.97595e-01
  7.11e-02	  3.36e-02	4.18640e-01
  7.11e-02	  3.41e-02	4.25738e-01
  7.11e-02	  3.46e-02	4.18849e-01
  7.11e-02	  3.52e-02	3.97975e-01
  7.11e-02	  3.57e-02	3.63180e-01
  7.11e-02	  3.62e-02	3.14619e-01
  7.11e-02	  3.67e-02	2.52540e-01
  7.11e-02	  3.72e-02	1.77216e-01
  7.11e-02	  3.78e-02	1.08024e-31
  7.11e-02	  3.83e-02	1.61768e-64
  7.11e-02	  3.88e-02	2.42246e-97
  7.11e-02	  3.93e-02	3.62753e-130
  7.11e-02	  3.98e-02	5.43195e-163
  7.11e-02	  4.04e-02	8.13377e-196
  7.11e-02	  4.09e-02	1.21792e-228
  7.11e-02	  4.14e-02	1.82364e-261
  7.11e-02	  4.19e-02	2.73054e-294
  7.11e-02	  4.24e-02	0.00000e+00
  7.11e-02	  4.30e-02	0.00000e+00
  7.11e-02	  4.35e-02	0.00000e+00
  7.11e-02	  4.40e-02	0.00000e+00
  7.11e-02	  4.45e-02	0.00000e+00
  7.11e-02	  4.51e-02	0.00000e+00
  7.11e-02	  4.56e-02	0.00000e+00
  7.11e-02	  4.61e-02	0.00000e+00
  7.11e-02	  4.66e-02	0.00000e+00
  7.11e-02	  4.71e-02	0.00000e+00
  7.11e-02	  4.77e-02	0.00000e+00
  7.11e-02	  4.82e-02	0.00000e+00
  7.11e-02	  4.87e-02	0.00000e+00
  7.11e-02	  4.92e-02	0.00000e+00
  7.11e-02	  4.97e-02	0.00000e+00

  7.19e-02	  2.60e-04	0.00000e+00
  7.19e-02	  7.81e-04	0.00000e+00
  7.19e-02	  1.30e-03	0.00000e+00
  7.19e-02	  1.82e-03	0.00000e+00
  7.19e-02	  2.34e-03	0.00000e+00
  7.19e-02	  2.86e-03	0.00000e+00
  7.19e-02	  3.39e-03	0.00000e+00
  7.19e-02	  3.91e-03	0.00000e+00
  7.19e-02	  4.43e-03	0.00000e+00
  7.19e-02	  4.95e-03	0.00000e+00
  7.19e-02	  5.47e-03	0.00000e+00
  7.19e-02	  5.99e-03	0.00000e+00
  7.19e-02	  6.51e-03	0.00000e+00
  7.19e-02	  7.03e-03	0.00000e+00
  7.19e-02	  7.55e-03	0.00000e+00
  7.19e-02	  8.07e-03	2.49577e-294
  7.19e-02	  8.59e-03	1.66735e-261
  7.19e-02	  9.11e-03	1.11389e-228
  7.19e-02	  9.64e-03	7.44142e-196
  7.19e-02	  1.02e-02	4.97125e-163
  7.19e-02	  1.07e-02	3.32101e-130
  7.19e-02	  1.12e-02	2.21856e-97
  7.19e-02	  1.17e-02	1.48207e-64
  7.19e-02	  1.22e-02	9.90058e-32
  7.19e-02	  1.28e-02	1.58236e-01
  7.19e-02	  1.33e-02	2.24507e-01
  7.19e-02	  1.38e-02	2.77895e-01
  7.19e-02	  1.43e-02	3.18158e-01
  7.19e-02	  1.48e-02	3.45098e-01
  7.19e-02	  1.54e-02	3.58591e-01
  7.19e-02	  1.59e-02	3.58584e-01
  7.19e-02	  1.64e-02	3.45079e-01
  7.19e-02	  1.69e-02	3.18130e-01
  7.19e-02	  1.74e-02	2.77863e-01
  7.19e-02	  1.80e-02	2.24478e-01
  7.19e-02	  1.85e-02	1.58214e-01
  7.19e-02	  1.90e-02	9.90132e-32
  7.19e-02	  1.95e-02	1.48218e-64
  7.19e-02	  2.01e-02	4.61582e-97
  7.19e-02	  2.06e-02	1.60130e-64
  7.19e-02	  2.11e-02	1.06968e-31
  7.19e-02	  2.16e-02	1.72288e-01
  7.19e-02	  2.21e-02	2.45575e-01
  7.19e-02	  2.27e-02	3.06009e-01
  7.19e-02	  2.32e-02	3.53324e-01
  7.19e-02	  2.37e-02	3.87277e-01
  7.19e-02	  2.42e-02	4.07706e-01
  7.19e-02	  2.47e-02	4.14531e-01
  7.19e-02	  2.53e-02	4.07727e-01
  7.19e-02	  2.58e-02	3.87315e-01
  7.19e-02	  2.63e-02	3.53372e-01
  7.19e-02	  2.68e-02	3.06060e-01
  7.19e-02	  2.73e-02	2.45620e-01
  7.19e-02	  2.79e-02	1.72321e-01
  7.19e-02	  2.84e-02	1.06946e-31
  7.19e-02	  2.89e-02	1.60097e-64
  7.19e-02	  2.94e-02	4.84094e-97
  7.19e-02	  2.99e-02	1.63263e-64
  7.19e-02	  3.05e-02	1.09045e-31
  7.19e-02	  3.10e-02	1.76931e-01
  7.19e-02	  3.15e-02	2.52153e-01
  7.19e-02	  3.20e-02	3.14181e-01
  7.19e-02	  3.26e-02	3.62757e-01
  7.19e-02	  3.31e-02	3.97637e-01
  7.19e-02	  3.36e-02	4.18654e-01
  7.19e-02	  3.41e-02	4.25723e-01
  7.19e-02	  3.46e-02	4.18808e-01
  7.19e-02	  3.52e-02	3.97917e-01
  7.19e-02	  3.57e-02	3.63116e-01
  7.19e-02	  3.62e-02	3.14559e-01
  7.19e-02	  3.67e-02	2.52491e-01
  7.19e-02	  3.72e-02	1.77182e-01
  7.19e-02	  3.78e-02	1.08933e-31
  7.19e-02	  3.83e-02	1.63095e-64
  7.19e-02	  3.88e-02	2.44182e-97
  7.19e-02	  3.93e-02	3.65578e-130
  7.19e-02	  3.98e-02	5.47316e-163
  7.19e-02	  4.04e-02	8.19388e-196
  7.19e-02	  4.09e-02	1.22668e-228
  7.19e-02	  4.14e-02	1.83641e-261
  7.19e-02	  4.19e-02	2.74914e-294
  7.19e-02	  4.24e-02	0.00000e+00
  7.19e-02	  4.30e-02	0.00000e+00
  7.19e-02	  4.35e-02	0.00000e+00
  7.19e-02	  4.40e-02	0.00000e+00
  7.19e-02	  4.45e-02	0.00000e+00
  7.19e-02	  4.51e-02	0.00000e+00
  7.19e-02	  4.56e-02	0.00000e+00
  7.19e-02	  4.61e-02	0.00000e+00
  7.19e-02	  4.66e-02	0.00000e+00
  7.19e-02	  4.71e-02	0.00000e+00
  7.19e-02	  4.77e-02	0.00000e+00
  7.19e-02	  4.82e-02	0.00000e+00
  7.19e-02	  4.87e-02	0.00000e+00
  7.19e-02	  4.92e-02	0.00000e+00
  7.19e-02	  4.97e-02	0.00000e+00

  7.27e-02	  2.60e-04	0.00000e+00
  7.27e-02	  7.81e-04	0.00000e+00
  7.27e-02	  1.30e-03	0.00000e+00
  7.27e-02	  1.82e-03	0.00000e+00
  7.27e-02	  2.34e-03	0.00000e+00
  7.27e-02	  2.86e-03	0.00000e+00
  7.27e-02	  3.39e-03	0.00000e+00
  7.27e-02	  3.91e-03	0.00000e+00
  7.27e-02	  4.43e-03	0.00000e+00
  7.27e-02	  4.95e-03	0.00000e+00
  7.27e-02	  5.47e-03	0.00000e+00
  7.27e-02	  5.99e-03	0.00000e+00
  7.27e-02	  6.51e-03	0.00000e+00
  7.27e-02	  7.03e-03	0.00000e+00
  7.27e-02	  7.55e-03	0.00000e+00
  7.27e-02	  8.07e-03	2.49947e-294
  7.27e-02	  8.59e-03	1.66992e-261
  7.27e-02	  9.11e-03	1.11568e-228
  7.27e-02	  9.64e-03	7.45388e-196
  7.27e-02	  1.02e-02	4.97989e-163
  7.27e-02	  1.07e-02	3.32701e-130
  7.27e-02	  1.12e-02	2.22272e-97
  7.27e-02	  1.17e-02	1.48495e-64
  7.27e-02	  1.22e-02	9.92051e-32
  7.27e-02	  1.28e-02	1.58234e-01
  7.27e-02	  1.33e-02	2.24505e-01
  7.27e-02	  1.38e-02	2.77892e-01
  7.27e-02	  1.43e-02	3.18155e-01
  7.27e-02	  1.48e-02	3.45096e-01
  7.27e-02	  1.54e-02	3.58590e-01
  7.27e-02	  1.59e-02	3.58585e-01
  7.27e-02	  1.64e-02	3.45080e-01
  7.27e-02	  1.69e-02	3.18132e-01
  7.27e-02	  1.74e-02	2.77866e-01
  7.27e-02	  1.80e-02	2.24481e-01
  7.27e-02	  1.85e-02	1.58216e-01
  7.27e-02	  1.90e-02	9.92114e-32
  7.27e-02	  1.95e-02	1.48504e-64
  7.27e-02	  2.01e-02	4.62633e-97
  7.27e-02	  2.06e-02	1.60572e-64
  7.27e-02	  2.11e-02	1.07275e-31
  7.27e-02	  2.16e-02	1.72295e-01
  7.27e-02	  2.21e-02	2.45583e-01
  7.27e-02	  2.27e-02	3.06018e-01
  7.27e-02	  2.32e-02	3.53331e-01
  7.27e-02	  2.37e-02	3.87281e-01
  7.27e-02	  2.42e-02	4.07708e-01
  7.27e-02	  2.47e-02	4.14529e-01
  7.27e-02	  2.53e-02	4.07722e-01
  7.27e-02	  2.58e-02	3.87308e-01
  7.27e-02	  2.63e-02	3.53364e-01
  7.27e-02	  2.68e-02	3.06053e-01
  7.27e-02	  2.73e-02	2.45614e-01
  7.27e-02	  2.79e-02	1.72318e-01
  7.27e-02	  2.84e-02	1.07259e-31
  7.27e-02	  2.89e-02	1.60549e-64
  7.27e-02	  2.94e-02	4.86113e-97
  7.27e-02	  2.99e-02	1.64203e-64
  7.27e-02	  3.05e-02	1.09692e-31
  7.27e-02	  3.10e-02	1.76970e-01
  7.27e-02	  3.15e-02	2.52203e-01
  7.27e-02	  3.20e-02	3.14234e-01
  7.27e-02	  3.26e-02	3.62803e-01
  7.27e-02	  3.31e-02	3.97668e-01
  7.27e-02	  3.36e-02	4.18666e-01
  7.27e-02	  3.41e-02	4.25714e-01
  7.27e-02	  3.46e-02	4.18780e-01
  7.27e-02	  3.52e-02	3.97876e-01
  7.27e-02	  3.57e-02	3.63069e-01
  7.27e-02	  3.62e-02	3.14515e-01
  7.27e-02	  3.67e-02	2.52455e-01
  7.27e-02	  3.72e-02	1.77156e-01
  7.27e-02	  3.78e-02	1.09603e-31
  7.27e-02	  3.83e-02	1.64070e-64
  7.27e-02	  3.88e-02	2.45602e-97
  7.27e-02	  3.93e-02	3.67644e-130
  7.27e-02	  3.98e-02	5.50322e-163
  7.27e-02	  4.04e-02	8.23758e-196
  7.27e-02	  4.09e-02	1.23304e-228
  7.27e-02	  4.14e-02	1.84563e-261
  7.27e-02	  4.19e-02	2.76254e-294
  7.27e-02	  4.24e-02	0.00000e+00
  7.27e-02	  4.30e-02	0.00000e+00
  7.27e-02	  4.35e-02	0.00000e+00
  7.27e-02	  4.40e-02	0.00000e+00
  7.27e-02	  4.45e-02	0.00000e+00
  7.27e-02	  4.51e-02	0.00000e+00
  7.27e-02	  4.56e-02	0.00000e+00
  7.27e-02	  4.61e-02	0.00000e+00
  7.27e-02	  4.66e-02	0.00000e+00
  7.27e-02	  4.71e-02	0.00000e+00
  7.27e-02	  4.77e-02	0.00000e+00
  7.27e-02	  4.82e-02	0.00000e+00
  7.27e-02	  4.87e-02	0.00000e+00
  7.27e-02	  4.92e-02	0.00000e+00
  7.27e-02	  4.97e-02	0.00000e+00

  7.34e-02	  2.60e-04	0.00000e+00
  7.34e-02	  7.81e-04	0.00000e+00
  7.34e-02	  1.30e-03	0.00000e+00
  7.34e-02	  1.82e-03	0.00000e+00
  7.34e-02	  2.34e-03	0.00000e+00
  7.34e-02	  2.86e-03	0.00000e+00
  7.34e-02	  3.39e-03	0.00000e+00
  7.34e-02	  3.91e-03	0.00000e+00
  7.34e-02	  4.43e-03	0.00000e+00
  7.34e-02	  4.95e-03	0.00000e+00
  7.34e-02	  5.47e-03	0.00000e+00
  7.34e-02	  5.99e-03	0.00000e+00
  7.34e-02	  6.51e-03	0.00000e+00
  7.34e-02	  7.03e-03	0.00000e+00
  7.34e-02	  7.55e-03	0.00000e+00
  7.34e-02	  8.07e-03	2.50149e-294
  7.34e-02	  8.59e-03	1.67136e-261
  7.34e-02	  9.11e-03	1.11670e-228
  7.34e-02	  9.64e-03	7.46107e-196
  7.34e-02	  1.02e-02	4.98497e-163
  7.34e-02	  1.07e-02	3.33058e-130
  7.34e-02	  1.12e-02	2.22522e-97
  7.34e-02	  1.17e-02	1.48670e-64
  7.34e-02	  1.22e-02	9.93280e-32
  7.34e-02	  1.28e-02	1.58232e-01
  7.34e-02	  1.33e-02	2.24502e-01
  7.34e-02	  1.38e-02	2.77890e-01
  7.34e-02	  1.43e-02	3.18153e-01
  7.34e-02	  1.48e-02	3.45094e-01
  7.34e-02	  1.54e-02	3.58590e-01
  7.34e-02	  1.59e-02	3.58585e-01
  7.34e-02	  1.64e-02	3.45082e-01
  7.34e-02	  1.69e-02	3.18134e-01
  7.34e-02	  1.74e-02	2.77869e-01
  7.34e-02	  1.80e-02	2.24483e-01
  7.34e-02	  1.85e-02	1.58218e-01
  7.34e-02	  1.90e-02	9.93332e-32
  7.34e-02	  1.95e-02	1.48678e-64
  7.34e-02	  2.01e-02	4.63283e-97
  7.34e-02	  2.06e-02	1.60854e-64
  7.34e-02	  2.11e-02	1.07472e-31
  7.34e-02	  2.16e-02	1.72299e-01
  7.34e-02	  2.21e-02	2.45589e-01
  7.34e-02	  2.27e-02	3.06024e-01
  7.34e-02	  2.32e-02	3.53336e-01
  7.34e-02	  2.37e-02	3.87285e-01
  7.34e-02	  2.42e-02	4.07709e-01
  7.34e-02	  2.47e-02	4.14528e-01
  7.34e-02	  2.53e-02	4.07719e-01
  7.34e-02	  2.58e-02	3.87303e-01
  7.34e-02	  2.63e-02	3.53359e-01
  7.34e-02	  2.68e-02	3.06048e-01
  7.34e-02	  2.73e-02	2.45610e-01
  7.34e-02	  2.79e-02	1.72315e-01
  7.34e-02	  2.84e-02	1.07460e-31
  7.34e-02	  2.89e-02	1.60837e-64
  7.34e-02	  2.94e-02	4.87493e-97
  7.34e-02	  2.99e-02	1.64871e-64
  7.34e-02	  3.05e-02	1.10153e-31
  7.34e-02	  3.10e-02	1.76997e-01
  7.34e-02	  3.15e-02	2.52239e-01
  7.34e-02	  3.20e-02	3.14272e-01
  7.34e-02	  3.26e-02	3.62836e-01
  7.34e-02	  3.31e-02	3.97691e-01
  7.34e-02	  3.36e-02	4.18676e-01
  7.34e-02	  3.41e-02	4.25708e-01
  7.34e-02	  3.46e-02	4.18761e-01
  7.34e-02	  3.52e-02	3.97847e-01
  7.34e-02	  3.57e-02	3.63036e-01
  7.34e-02	  3.62e-02	3.14483e-01
  7.34e-02	  3.67e-02	2.52427e-01
  7.34e-02	  3.72e-02	1.77136e-01
  7.34e-02	  3.78e-02	1.10083e-31
  7.34e-02	  3.83e-02	1.64767e-64
  7.34e-02	  3.88e-02	2.46613e-97
  7.34e-02	  3.93e-02	3.69110e-130
  7.34e-02	  3.98e-02	5.52445e-163
  7.34e-02	  4.04e-02	8.26832e-196
  7.34e-02	  4.09e-02	1.23749e-228
  7.34e-02	  4.14e-02	1.85207e-261
  7.34e-02	  4.19e-02	2.77184e-294
  7.34e-02	  4.24e-02	0.00000e+00
  7.34e-02	  4.30e-02	0.00000e+00
  7.34e-02	  4.35e-02	0.00000e+00
  7.34e-02	  4.40e-02	0.00000e+00
  7.34e-02	  4.45e-02	0.00000e+00
  7.34e-02	  4.51e-02	0.00000e+00
  7.34e-02	  4.56e-02	0.00000e+00
  7.34e-02	  4.61e-02	0.00000e+00
  7.34e-02	  4.66e-02	0.00000e+00
  7.34e-02	  4.71e-02	0.00000e+00
  7.34e-02	  4.77e-02	0.00000e+00
  7.34e-02	  4.82e-02	0.00000e+00
  7.34e-02	  4.87e-02	0.00000e+00
  7.34e-02	  4.92e-02	0.00000e+00
  7.34e-02	  4.97e-02	0.00000e+00

  7.42e-02	  2.60e-04	0.00000e+00
  7.42e-02	  7.81e-04	0.00000e+00
  7.42e-02	  1.30e-03	0.00000e+00
  7.42e-02	  1.82e-03	0.00000e+00
  7.42e-02	  2.34e-03	0.00000e+00
  7.42e-02	  2.86e-03	0.00000e+00
  7.42e-02	  3.39e-03	0.00000e+00
  7.42e-02	  3.91e-03	0.00000e+00
  7.42e-02	  4.43e-03	0.00000e+00
  7.42e-02	  4.95e-03	0.00000e+00
  7.42e-02	  5.47e-03	0.00000e+00
  7.42e-02	  5.99e-03	0.00000e+00
  7.42e-02	  6.51e-03	0.00000e+00
  7.42e-02	  7.03e-03	0.00000e+00
  7.42e-02	  7.55e-03	0.00000e+00
  7.42e-02	  8.07e-03	2.50223e-294
  7.42e-02	  8.59e-03	1.67192e-261
  7.42e-02	  9.11e-03	1.11712e-228
  7.42e-02	  9.64e-03	7.46420e-196
  7.42e-02	  1.02e-02	4.98726e-163
  7.42e-02	  1.07e-02	3.33226e-130
  7.42e-02	  1.12e-02	2.22644e-97
  7.42e-02	  1.17e-02	1.48758e-64
  7.42e-02	  1.22e-02	9.93913e-32
  7.42e-02	  1.28e-02	1.58231e-01
  7.42e-02	  1.33e-02	2.24500e-01
  7.42e-02	  1.38e-02	2.77887e-01
  7.42e-02	  1.43e-02	3.18151e-01
  7.42e-02	  1.48e-02	3.45094e-01
  7.42e-02	  1.54e-02	3.58590e-01
  7.42e-02	  1.59e-02	3.58586e-01
  7.42e-02	  1.64e-02	3.45083e-01
  7.42e-02	  1.69e-02	3.18136e-01
  7.42e-02	  1.74e-02	2.77870e-01
  7.42e-02	  1.80e-02	2.24484e-01
  7.42e-02	  1.85e-02	1.58219e-01
  7.42e-02	  1.90e-02	9.93955e-32
  7.42e-02	  1.95e-02	1.48765e-64
  7.42e-02	  2.01e-02	4.63624e-97
  7.42e-02	  2.06e-02	1.61012e-64
  7.42e-02	  2.11e-02	1.07584e-31
  7.42e-02	  2.16e-02	1.72301e-01
  7.42e-02	  2.21e-02	2.45592e-01
  7.42e-02	  2.27e-02	3.06028e-01
  7.42e-02	  2.32e-02	3.53339e-01
  7.42e-02	  2.37e-02	3.87288e-01
  7.42e-02	  2.42e-02	4.07711e-01
  7.42e-02	  2.47e-02	4.14529e-01
  7.42e-02	  2.53e-02	4.07718e-01
  7.42e-02	  2.58e-02	3.87300e-01
  7.42e-02	  2.63e-02	3.53355e-01
  7.42e-02	  2.68e-02	3.06044e-01
  7.42e-02	  2.73e-02	2.45607e-01
  7.42e-02	  2.79e-02	1.72312e-01
  7.42e-02	  2.84e-02	1.07576e-31
  7.42e-02	  2.89e-02	1.61000e-64
  7.42e-02	  2.94e-02	4.88376e-97
  7.42e-02	  2.99e-02	1.65326e-64
  7.42e-02	  3.05e-02	1.10468e-31
  7.42e-02	  3.10e-02	1.77016e-01
  7.42e-02	  3.15e-02	2.52264e-01
  7.42e-02	  3.20e-02	3.14299e-01
  7.42e-02	  3.26e-02	3.62860e-01
  7.42e-02	  3.31e-02	3.97708e-01
  7.42e-02	  3.36e-02	4.18684e-01
  7.42e-02	  3.41e-02	4.25706e-01
  7.42e-02	  3.46e-02	4.18748e-01
  7.42e-02	  3.52e-02	3.97826e-01
  7.42e-02	  3.57e-02	3.63011e-01
  7.42e-02	  3.62e-02	3.14458e-01
  7.42e-02	  3.67e-02	2.52406e-01
  7.42e-02	  3.72e-02	1.77121e-01
  7.42e-02	  3.78e-02	1.10414e-31
  7.42e-02	  3.83e-02	1.65245e-64
  7.42e-02	  3.88e-02	2.47303e-97
  7.42e-02	  3.93e-02	3.70104e-130
  7.42e-02	  3.98e-02	5.53878e-163
  7.42e-02	  4.04e-02	8.28895e-196
  7.42e-02	  4.09e-02	1.24045e-228
  7.42e-02	  4.14e-02	1.85633e-261
  7.42e-02	  4.19e-02	2.77796e-294
  7.42e-02	  4.24e-02	0.00000e+00
  7.42e-02	  4.30e-02	0.00000e+00
  7.42e-02	  4.35e-02	0.00000e+00
  7.42e-02	  4.40e-02	0.00000e+00
  7.42e-02	  4.45e-02	0.00000e+00
  7.42e-02	  4.51e-02	0.00000e+00
  7.42e-02	  4.56e-02	0.00000e+00
  7.42e-02	  4.61e-02	0.00000e+00
  7.42e-02	  4.66e-02	0.00000e+00
  7.42e-02	  4.71e-02	0.00000e+00
  7.42e-02	  4.77e-02	0.00000e+00
  7.42e-02	  4.82e-02	0.00000e+00
  7.42e-02	  4.87e-02	0.00000e+00
  7.42e-02	  4.92e-02	0.00000e+00
  7.42e-02	  4.97e-02	0.00000e+00

  7.50e-02	  2.60e-04	0.00000e+00
  7.50e-02	  7.81e-04	0.00000e+00
  7.50e-02	  1.30e-03	0.00000e+00
  7.50e-02	  1.82e-03	0.00000e+00
  7.50e-02	  2.34e-03	0.00000e+00
  7.50e-02	  2.86e-03	0.00000e+00
  7.50e-02	  3.39e-03	0.00000e+00
  7.50e-02	  3.91e-03	0.00000e+00
  7.50e-02	  4.43e-03	0.00000e+00
  7.50e-02	  4.95e-03	0.00000e+00
  7.50e-02	  5.47e-03	0.00000e+00
  7.50e-02	  5.99e-03	0.00000e+00
  7.50e-02	  6.51e-03	0.00000e+00
  7.50e-02	  7.03e-03	0.00000e+00
  7.50e-02	  7.55e-03	0.00000e+00
  7.50e-02	  8.07e-03	2.50199e-294
  7.50e-02	  8.59e-03	1.67181e-261
  7.50e-02	  9.11e-03	1.11709e-228
  7.50e-02	  9.64e-03	7.46420e-196
  7.50e-02	  1.02e-02	4.98744e-163
  7.50e-02	  1.07e-02	3.33249e-130
  7.50e-02	  1.12e-02	2.22667e-97
  7.50e-02	  1.17e-02	1.48779e-64
  7.50e-02	  1.22e-02	9.94087e-32
  7.50e-02	  1.28e-02	1.58229e-01
  7.50e-02	  1.33e-02	2.24498e-01
  7.50e-02	  1.38e-02	2.77885e-01
  7.50e-02	  1.43e-02	3.18150e-01
  7.50e-02	  1.48e-02	3.45093e-01
  7.50e-02	  1.54e-02	3.58590e-01
  7.50e-02	  1.59e-02	3.58587e-01
  7.50e-02	  1.64e-02	3.45085e-01
  7.50e-02	  1.69e-02	3.18138e-01
  7.50e-02	  1.74e-02	2.77872e-01
  7.50e-02	  1.80e-02	2.24485e-01
  7.50e-02	  1.85e-02	1.58219e-01
  7.50e-02	  1.90e-02	9.94121e-32
  7.50e-02	  1.95e-02	1.48784e-64
  7.50e-02	  2.01e-02	4.63730e-97
  7.50e-02	  2.06e-02	1.61076e-64
  7.50e-02	  2.11e-02	1.07632e-31
  7.50e-02	  2.16e-02	1.72302e-01
  7.50e-02	  2.21e-02	2.45593e-01
  7.50e-02	  2.27e-02	3.06030e-01
  7.50e-02	  2.32e-02	3.53342e-01
  7.50e-02	  2.37e-02	3.87290e-01
  7.50e-02	  2.42e-02	4.07713e-01
  7.50e-02	  2.47e-02	4.14530e-01
  7.50e-02	  2.53e-02	4.07718e-01
  7.50e-02	  2.58e-02	3.87299e-01
  7.50e-02	  2.63e-02	3.53353e-01
  7.50e-02	  2.68e-02	3.06041e-01
  7.50e-02	  2.73e-02	2.45604e-01
  7.50e-02	  2.79e-02	1.72310e-01
  7.50e-02	  2.84e-02	1.07627e-31
  7.50e-02	  2.89e-02	1.61068e-64
  7.50e-02	  2.94e-02	4.88879e-97
  7.50e-02	  2.99e-02	1.65615e-64
  7.50e-02	  3.05e-02	1.10671e-31
  7.50e-02	  3.10e-02	1.77029e-01
  7.50e-02	  3.15e-02	2.52282e-01
  7.50e-02	  3.20e-02	3.14319e-01
  7.50e-02	  3.26e-02	3.62878e-01
  7.50e-02	  3.31e-02	3.97722e-01
  7.50e-02	  3.36e-02	4.18691e-01
  7.50e-02	  3.41e-02	4.25705e-01
  7.50e-02	  3.46e-02	4.18740e-01
  7.50e-02	  3.52e-02	3.97811e-01
  7.50e-02	  3.57e-02	3.62992e-01
  7.50e-02	  3.62e-02	3.14440e-01
  7.50e-02	  3.67e-02	2.52390e-01
  7.50e-02	  3.72e-02	1.77109e-01
  7.50e-02	  3.78e-02	1.10629e-31
  7.50e-02	  3.83e-02	1.65554e-64
  7.50e-02	  3.88e-02	2.47744e-97
  7.50e-02	  3.93e-02	3.70735e-130
  7.50e-02	  3.98e-02	5.54777e-163
  7.50e-02	  4.04e-02	8.30176e-196
  7.50e-02	  4.09e-02	1.24227e-228
  7.50e-02	  4.14e-02	1.85892e-261
  7.50e-02	  4.19e-02	2.78163e-294
  7.50e-02	  4.24e-02	0.00000e+00
  7.50e-02	  4.30e-02	0.00000e+00
  7.50e-02	  4.35e-02	0.00000e+00
  7.50e-02	  4.40e-02	0.00000e+00
  7.50e-02	  4.45e-02	0.00000e+00
  7.50e-02	  4.51e-02	0.00000e+00
  7.50e-02	  4.56e-02	0.00000e+00
  7.50e-02	  4.61e-02	0.00000e+00
  7.50e-02	  4.66e-02	0.00000e+00
  7.50e-02	  4.71e-02	0.00000e+00
  7.50e-02	  4.77e-02	0.00000e+00
  7.50e-02	  4.82e-02	0.00000e+00
  7.50e-02	  4.87e-02	0.00000e+00
  7.50e-02	  4.92e-02	0.00000e+00
  7.50e-02	  4.97e-02	0.00000e+00

  7.58e-02	  2.60e-04	0.00000e+00
  7.58e-02	  7.81e-04	0.00000e+00
  7.58e-02	  1.30e-03	0.00000e+00
  7.58e-02	  1.82e-03	0.00000e+00
  7.58e-02	  2.34e-03	0.00000e+00
  7.58e-02	  2.86e-03	0.00000e+00
  7.58e-02	  3.39e-03	0.00000e+00
  7.58e-02	  3.91e-03	0.00000e+00
  7.58e-02	  4.43e-03	0.00000e+00
  7.58e-02	  4.95e-03	0.00000e+00
  7.58e-02	  5.47e-03	0.00000e+00
  7.58e-02	  5.99e-03	0.00000e+00
  7.58e-02	  6.51e-03	0.00000e+00
  7.58e-02	  7.03e-03	0.00000e+00
  7.58e-02	  7.55e-03	0.00000e+00
  7.58e-02	  8.07e-03	2.50101e-294
  7.58e-02	  8.59e-03	1.67120e-261
  7.58e-02	  9.11e-03	1.11671e-228
  7.58e-02	  9.64e-03	7.46186e-196
  7.58e-02	  1.02e-02	4.98600e-163
  7.58e-02	  1.07e-02	3.33162e-130
  7.58e-02	  1.12e-02	2.22616e-97
  7.58e-02	  1.17e-02	1.48749e-64
  7.58e-02	  1.22e-02	9.93911e-32
  7.58e-02	  1.28e-02	1.58227e-01
  7.58e-02	  1.33e-02	2.24496e-01
  7.58e-02	  1.38e-02	2.77884e-01
  7.58e-02	  1.43e-02	3.18149e-01
  7.58e-02	  1.48e-02	3.45093e-01
  7.58e-02	  1.54e-02	3.58591e-01
  7.58e-02	  1.59e-02	3.58589e-01
  7.58e-02	  1.64e-02	3.45086e-01
  7.58e-02	  1.69e-02	3.18139e-01
  7.58e-02	  1.74e-02	2.77873e-01
  7.58e-02	  1.80e-02	2.24485e-01
  7.58e-02	  1.85e-02	1.58219e-01
  7.58e-02	  1.90e-02	9.93938e-32
  7.58e-02	  1.95e-02	1.48753e-64
  7.58e-02	  2.01e-02	4.63660e-97
  7.58e-02	  2.06e-02	1.61071e-64
  7.58e-02	  2.11e-02	1.07633e-31
  7.58e-02	  2.16e-02	1.72302e-01
  7.58e-02	  2.21e-02	2.45594e-01
  7.58e-02	  2.27e-02	3.06031e-01
  7.58e-02	  2.32e-02	3.53343e-01
  7.58e-02	  2.37e-02	3.87292e-01
  7.58e-02	  2.42e-02	4.07715e-01
  7.58e-02	  2.47e-02	4.14532e-01
  7.58e-02	  2.53e-02	4.07719e-01
  7.58e-02	  2.58e-02	3.87298e-01
  7.58e-02	  2.63e-02	3.53351e-01
  7.58e-02	  2.68e-02	3.06039e-01
  7.58e-02	  2.73e-02	2.45601e-01
  7.58e-02	  2.79e-02	1.72308e-01
  7.58e-02	  2.84e-02	1.07629e-31
  7.58e-02	  2.89e-02	1.61066e-64
  7.58e-02	  2.94e-02	4.89094e-97
  7.58e-02	  2.99e-02	1.65779e-64
  7.58e-02	  3.05e-02	1.10787e-31
  7.58e-02	  3.10e-02	1.77039e-01
  7.58e-02	  3.15e-02	2.52294e-01
  7.58e-02	  3.20e-02	3.14333e-01
  7.58e-02	  3.26e-02	3.62891e-01
  7.58e-02	  3.31e-02	3.97733e-01
  7.58e-02	  3.36e-02	4.18697e-01
  7.58e-02	  3.41e-02	4.25706e-01
  7.58e-02	  3.46e-02	4.18734e-01
  7.58e-02	  3.52e-02	3.97801e-01
  7.58e-02	  3.57e-02	3.62978e-01
  7.58e-02	  3.62e-02	3.14425e-01
  7.58e-02	  3.67e-02	2.52377e-01
  7.58e-02	  3.72e-02	1.77100e-01
  7.58e-02	  3.78e-02	1.10756e-31
  7.58e-02	  3.83e-02	1.65732e-64
  7.58e-02	  3.88e-02	2.47995e-97
  7.58e-02	  3.93e-02	3.71086e-130
  7.58e-02	  3.98e-02	5.55269e-163
  7.58e-02	  4.04e-02	8.30862e-196
  7.58e-02	  4.09e-02	1.24323e-228
  7.58e-02	  4.14e-02	1.86024e-261
  7.58e-02	  4.19e-02	2.78344e-294
  7.58e-02	  4.24e-02	0.00000e+00
  7.58e-02	  4.30e-02	0.00000e+00
  7.58e-02	  4.35e-02	0.00000e+00
  7.58e-02	  4.40e-02	0.00000e+00
  7.58e-02	  4.45e-02	0.00000e+00
  7.58e-02	  4.51e-02	0.00000e+00
  7.58e-02	  4.56e-02	0.00000e+00
  7.58e-02	  4.61e-02	0.00000e+00
  7.58e-02	  4.66e-02	0.00000e+00
  7.58e-02	  4.71e-02	0.00000e+00
  7.58e-02	  4.77e-02	0.00000e+00
  7.58e-02	  4.82e-02	0.00000e+00
  7.58e-02	  4.87e-02	0.00000e+00
  7.58e-02	  4.92e-02	0.00000e+00
  7.58e-02	  4.97e-02	0.00000e+00

  7.66e-02	  2.60e-04	0.00000e+00
  7.66e-02	  7.81e-04	0.00000e+00
  7.66e-02	  1.30e-03	0.00000e+00
  7.66e-02	  1.82e-03	0.00000e+00
  7.66e-02	  2.34e-03	0.00000e+00
  7.66e-02	  2.86e-03	0.00000e+00
  7.66e-02	  3.39e-03	0.00000e+00
  7.66e-02	  3.91e-03	0.00000e+00
  7.66e-02	  4.43e-03	0.00000e+00
  7.66e-02	  4.95e-03	0.00000e+00
  7.66e-02	  5.47e-03	0.00000e+00
  7.66e-02	  5.99e-03	0.00000e+00
  7.66e-02	  6.51e-03	0.00000e+00
  7.66e-02	  7.03e-03	0.00000e+00
  7.66e-02	  7.55e-03	0.00000e+00
  7.66e-02	  8.07e-03	2.49948e-294
  7.66e-02	  8.59e-03	1.67021e-261
  7.66e-02	  9.11e-03	1.11607e-228
  7.66e-02	  9.64e-03	7.45777e-196
  7.66e-02	  1.02e-02	4.98337e-163
  7.66e-02	  1.07e-02	3.32993e-130
  7.66e-02	  1.12e-02	2.22508e-97
  7.66e-02	  1.17e-02	1.48680e-64
  7.66e-02	  1.22e-02	9.93474e-32
  7.66e-02	  1.28e-02	1.58225e-01
  7.66e-02	  1.33e-02	2.24494e-01
  7.66e-02	  1.38e-02	2.77882e-01
  7.66e-02	  1.43e-02	3.18148e-01
  7.66e-02	  1.48e-02	3.45093e-01
  7.66e-02	  1.54e-02	3.58592e-01
  7.66e-02	  1.59e-02	3.58590e-01
  7.66e-02	  1.64e-02	3.45088e-01
  7.66e-02	  1.69e-02	3.18140e-01
  7.66e-02	  1.74e-02	2.77873e-01
  7.66e-02	  1.80e-02	2.24486e-01
  7.66e-02	  1.85e-02	1.58219e-01
  7.66e-02	  1.90e-02	9.93496e-32
  7.66e-02	  1.95e-02	1.48683e-64
  7.66e-02	  2.01e-02	4.63460e-97
  7.66e-02	  2.06e-02	1.61015e-64
  7.66e-02	  2.11e-02	1.07599e-31
  7.66e-02	  2.16e-02	1.72302e-01
  7.66e-02	  2.21e-02	2.45593e-01
  7.66e-02	  2.27e-02	3.06031e-01
  7.66e-02	  2.32e-02	3.53345e-01
  7.66e-02	  2.37e-02	3.87294e-01
  7.66e-02	  2.42e-02	4.07718e-01
  7.66e-02	  2.47e-02	4.14534e-01
  7.66e-02	  2.53e-02	4.07720e-01
  7.66e-02	  2.58e-02	3.87298e-01
  7.66e-02	  2.63e-02	3.53350e-01
  7.66e-02	  2.68e-02	3.06037e-01
  7.66e-02	  2.73e-02	2.45598e-01
  7.66e-02	  2.79e-02	1.72305e-01
  7.66e-02	  2.84e-02	1.07596e-31
  7.66e-02	  2.89e-02	1.61011e-64
  7.66e-02	  2.94e-02	4.89096e-97
  7.66e-02	  2.99e-02	1.65847e-64
  7.66e-02	  3.05e-02	1.10838e-31
  7.66e-02	  3.10e-02	1.77045e-01
  7.66e-02	  3.15e-02	2.52303e-01
  7.66e-02	  3.20e-02	3.14343e-01
  7.66e-02	  3.26e-02	3.62902e-01
  7.66e-02	  3.31e-02	3.97741e-01
  7.66e-02	  3.36e-02	4.18703e-01
  7.66e-02	  3.41e-02	4.25707e-01
  7.66e-02	  3.46e-02	4.18731e-01
  7.66e-02	  3.52e-02	3.97793e-01
  7.66e-02	  3.57e-02	3.62968e-01
  7.66e-02	  3.62e-02	3.14413e-01
  7.66e-02	  3.67e-02	2.52366e-01
  7.66e-02	  3.72e-02	1.77092e-01
  7.66e-02	  3.78e-02	1.10814e-31
  7.66e-02	  3.83e-02	1.65812e-64
  7.66e-02	  3.88e-02	2.48102e-97
  7.66e-02	  3.93e-02	3.71228e-130
  7.66e-02	  3.98e-02	5.55456e-163
  7.66e-02	  4.04e-02	8.31102e-196
  7.66e-02	  4.09e-02	1.24353e-228
  7.66e-02	  4.14e-02	1.86060e-261
  7.66e-02	  4.19e-02	2.78387e-294
  7.66e-02	  4.24e-02	0.00000e+00
  7.66e-02	  4.30e-02	0.00000e+00
  7.66e-02	  4.35e-02	0.00000e+00
  7.66e-02	  4.40e-02	0.00000e+00
  7.66e-02	  4.45e-02	0.00000e+00
  7.66e-02	  4.51e-02	0.00000e+00
  7.66e-02	  4.56e-02	0.00000e+00
  7.66e-02	  4.61e-02	0.00000e+00
  7.66e-02	  4.66e-02	0.00000e+00
  7.66e-02	  4.71e-02	0.00000e+00
  7.66e-02	  4.77e-02	0.00000e+00
  7.66e-02	  4.82e-02	0.00000e+00
  7.66e-02	  4.87e-02	0.00000e+00
  7.66e-02	  4.92e-02	0.00000e+00
  7.66e-02	  4.97e-02	0.00000e+00

  7.73e-02	  2.60e-04	0.00000e+00
  7.73e-02	  7.81e-04	0.00000e+00
  7.73e-02	  1.30e-03	0.00000e+00
  7.73e-02	  1.82e-03	0.00000e+00
  7.73e-02	  2.34e-03	0.00000e+00
  7.73e-02	  2.86e-03	0.00000e+00
  7.73e-02	  3.39e-03	0.00000e+00
  7.73e-02	  3.91e-03	0.00000e+00
  7.73e-02	  4.43e-03	0.00000e+00
  7.73e-02	  4.95e-03	0.00000e+00
  7.73e-02	  5.47e-03	0.00000e+00
  7.73e-02	  5.99e-03	0.00000e+00
  7.73e-02	  6.51e-03	0.00000e+00
  7.73e-02	  7.03e-03	0.00000e+00
  7.73e-02	  7.55e-03	0.00000e+00
  7.73e-02	  8.07e-03	2.49757e-294
  7.73e-02	  8.59e-03	1.66896e-261
  7.73e-02	  9.11e-03	1.11525e-228
  7.73e-02	  9.64e-03	7.45242e-196
  7.73e-02	  1.02e-02	4.97988e-163
  7.73e-02	  1.07e-02	3.32766e-130
  7.73e-02	  1.12e-02	2.22359e-97
  7.73e-02	  1.17e-02	1.48583e-64
  7.73e-02	  1.22e-02	9.92846e-32
  7.73e-02	  1.28e-02	1.58224e-01
  7.73e-02	  1.33e-02	2.24492e-01
  7.73e-02	  1.38e-02	2.77881e-01
  7.73e-02	  1.43e-02	3.18148e-01
  7.73e-02	  1.48e-02	3.45093e-01
  7.73e-02	  1.54e-02	3.58593e-01
  7.73e-02	  1.59e-02	3.58591e-01
  7.73e-02	  1.64e-02	3.45089e-01
  7.73e-02	  1.69e-02	3.18141e-01
  7.73e-02	  1.74e-02	2.77874e-01
  7.73e-02	  1.80e-02	2.24485e-01
  7.73e-02	  1.85e-02	1.58219e-01
  7.73e-02	  1.90e-02	9.92864e-32
  7.73e-02	  1.95e-02	1.48586e-64
  7.73e-02	  2.01e-02	4.63167e-97
  7.73e-02	  2.06e-02	1.60922e-64
  7.73e-02	  2.11e-02	1.07539e-31
  7.73e-02	  2.16e-02	1.72301e-01
  7.73e-02	  2.21e-02	2.45593e-01
  7.73e-02	  2.27e-02	3.06031e-01
  7.73e-02	  2.32e-02	3.53345e-01
  7.73e-02	  2.37e-02	3.87296e-01
  7.73e-02	  2.42e-02	4.07720e-01
  7.73e-02	  2.47e-02	4.14536e-01
  7.73e-02	  2.53e-02	4.07721e-01
  7.73e-02	  2.58e-02	3.87298e-01
  7.73e-02	  2.63e-02	3.53349e-01
  7.73e-02	  2.68e-02	3.06035e-01
  7.73e-02	  2.73e-02	2.45596e-01
  7.73e-02	  2.79e-02	1.72303e-01
  7.73e-02	  2.84e-02	1.07537e-31
  7.73e-02	  2.89e-02	1.60920e-64
  7.73e-02	  2.94e-02	4.88941e-97
  7.73e-02	  2.99e-02	1.65845e-64
  7.73e-02	  3.05e-02	1.10841e-31
  7.73e-02	  3.10e-02	1.77050e-01
  7.73e-02	  3.15e-02	2.52309e-01
  7.73e-02	  3.20e-02	3.14351e-01
  7.73e-02	  3.26e-02	3.62909e-01
  7.73e-02	  3.31e-02	3.97748e-01
  7.73e-02	  3.36e-02	4.18707e-01
  7.73e-02	  3.41e-02	4.25709e-01
  7.73e-02	  3.46e-02	4.18729e-01
  7.73e-02	  3.52e-02	3.97787e-01
  7.73e-02	  3.57e-02	3.62960e-01
  7.73e-02	  3.62e-02	3.14404e-01
  7.73e-02	  3.67e-02	2.52357e-01
  7.73e-02	  3.72e-02	1.77085e-01
  7.73e-02	  3.78e-02	1.10823e-31
  7.73e-02	  3.83e-02	1.65818e-64
  7.73e-02	  3.88e-02	2.48102e-97
  7.73e-02	  3.93e-02	3.71215e-130
  7.73e-02	  3.98e-02	5.55415e-163
  7.73e-02	  4.04e-02	8.31012e-196
  7.73e-02	  4.09e-02	1.24335e-228
  7.73e-02	  4.14e-02	1.86028e-261
  7.73e-02	  4.19e-02	2.78329e-294
  7.73e-02	  4.24e-02	0.00000e+00
  7.73e-02	  4.30e-02	0.00000e+00
  7.73e-02	  4.35e-02	0.00000e+00
  7.73e-02	  4.40e-02	0.00000e+00
  7.73e-02	  4.45e-02	0.00000e+00
  7.73e-02	  4.51e-02	0.00000e+00
  7.73e-02	  4.56e-02	0.00000e+00
  7.73e-02	  4.61e-02	0.00000e+00
  7.73e-02	  4.66e-02	0.00000e+00
  7.73e-02	  4.71e-02	0.00000e+00
  7.73e-02	  4.77e-02	0.00000e+00
  7.73e-02	  4.82e-02	0.00000e+00
  7.73e-02	  4.87e-02	0.00000e+00
  7.73e-02	  4.92e-02	0.00000e+00
  7.73e-02	  4.97e-02	0.00000e+00

  7.81e-02	  2.60e-04	0.00000e+00
  7.81e-02	  7.81e-04	0.00000e+00
  7.81e-02	  1.30e-03	0.00000e+00
  7.81e-02	  1.82e-03	0.00000e+00
  7.81e-02	  2.34e-03	0.00000e+00
  7.81e-02	  2.86e-03	0.00000e+00
  7.81e-02	  3.39e-03	0.00000e+00
  7.81e-02	  3.91e-03	0.00000e+00
  7.81e-02	  4.43e-03	0.00000e+00
  7.81e-02	  4.95e-03	0.00000e+00
  7.81e-02	  5.47e-03	0.00000e+00
  7.81e-02	  5.99e-03	0.00000e+00
  7.81e-02	  6.51e-03	0.00000e+00
  7.81e-02	  7.03e-03	0.00000e+00
  7.81e-02	  7.55e-03	0.00000e+00
  7.81e-02	  8.07e-03	2.49539e-294
  7.81e-02	  8.59e-03	1.66753e-261
  7.81e-02	  9.11e-03	1.11431e-228
  7.81e-02	  9.64e-03	7.44620e-196
  7.81e-02	  1.02e-02	4.97579e-163
  7.81e-02	  1.07e-02	3.32496e-130
  7.81e-02	  1.12e-02	2.22182e-97
  7.81e-02	  1.17e-02	1.48467e-64
  7.81e-02	  1.22e-02	9.92082e-32
  7.81e-02	  1.28e-02	1.58223e-01
  7.81e-02	  1.33e-02	2.24490e-01
  7.81e-02	  1.38e-02	2.77880e-01
  7.81e-02	  1.43e-02	3.18147e-01
  7.81e-02	  1.48e-02	3.45094e-01
  7.81e-02	  1.54e-02	3.58594e-01
  7.81e-02	  1.59e-02	3.58593e-01
  7.81e-02	  1.64e-02	3.45090e-01
  7.81e-02	  1.69e-02	3.18142e-01
  7.81e-02	  1.74e-02	2.77874e-01
  7.81e-02	  1.80e-02	2.24485e-01
  7.81e-02	  1.85e-02	1.58219e-01
  7.81e-02	  1.90e-02	9.92096e-32
  7.81e-02	  1.95e-02	1.48469e-64
  7.81e-02	  2.01e-02	4.62808e-97
  7.81e-02	  2.06e-02	1.60804e-64
  7.81e-02	  2.11e-02	1.07462e-31
  7.81e-02	  2.16e-02	1.72300e-01
  7.81e-02	  2.21e-02	2.45592e-01
  7.81e-02	  2.27e-02	3.06031e-01
  7.81e-02	  2.32e-02	3.53346e-01
  7.81e-02	  2.37e-02	3.87297e-01
  7.81e-02	  2.42e-02	4.07722e-01
  7.81e-02	  2.47e-02	4.14538e-01
  7.81e-02	  2.53e-02	4.07723e-01
  7.81e-02	  2.58e-02	3.87299e-01
  7.81e-02	  2.63e-02	3.53348e-01
  7.81e-02	  2.68e-02	3.06033e-01
  7.81e-02	  2.73e-02	2.45594e-01
  7.81e-02	  2.79e-02	1.72302e-01
  7.81e-02	  2.84e-02	1.07461e-31
  7.81e-02	  2.89e-02	1.60802e-64
  7.81e-02	  2.94e-02	4.88675e-97
  7.81e-02	  2.99e-02	1.65791e-64
  7.81e-02	  3.05e-02	1.10809e-31
  7.81e-02	  3.10e-02	1.77053e-01
  7.81e-02	  3.15e-02	2.52314e-01
  7.81e-02	  3.20e-02	3.14356e-01
  7.81e-02	  3.26e-02	3.62915e-01
  7.81e-02	  3.31e-02	3.97754e-01
  7.81e-02	  3.36e-02	4.18712e-01
  7.81e-02	  3.41e-02	4.25711e-01
  7.81e-02	  3.46e-02	4.18728e-01
  7.81e-02	  3.52e-02	3.97784e-01
  7.81e-02	  3.57e-02	3.62954e-01
  7.81e-02	  3.62e-02	3.14397e-01
  7.81e-02	  3.67e-02	2.52350e-01
  7.81e-02	  3.72e-02	1.77080e-01
  7.81e-02	  3.78e-02	1.10795e-31
  7.81e-02	  3.83e-02	1.65771e-64
  7.81e-02	  3.88e-02	2.48025e-97
  7.81e-02	  3.93e-02	3.71089e-130
  7.81e-02	  3.98e-02	5.55212e-163
  7.81e-02	  4.04e-02	8.30685e-196
  7.81e-02	  4.09e-02	1.24283e-228
  7.81e-02	  4.14e-02	1.85945e-261
  7.81e-02	  4.19e-02	2.78198e-294
  7.81e-02	  4.24e-02	0.00000e+00
  7.81e-02	  4.30e-02	0.00000e+00
  7.81e-02	  4.35e-02	0.00000e+00
  7.81e-02	  4.40e-02	0.00000e+00
  7.81e-02	  4.45e-02	0.00000e+00
  7.81e-02	  4.51e-02	0.00000e+00
  7.81e-02	  4.56e-02	0.00000e+00
  7.81e-02	  4.61e-02	0.00000e+00
  7.81e-02	  4.66e-02	0.00000e+00
  7.81e-02	  4.71e-02	0.00000e+00
  7.81e-02	  4.77e-02	0.00000e+00
  7.81e-02	  4.82e-02	0.00000e+00
  7.81e-02	  4.87e-02	0.00000e+00
  7.81e-02	  4.92e-02	0.00000e+00
  7.81e-02	  4.97e-02	0.00000e+00

  7.89e-02	  2.60e-04	0.00000e+00
  7.89e-02	  7.81e-04	0.00000e+00
  7.89e-02	  1.30e-03	0.00000e+00
  7.89e-02	  1.82e-03	0.00000e+00
  7.89e-02	  2.34e-03	0.00000e+00
  7.89e-02	  2.86e-03	0.00000e+00
  7.89e-02	  3.39e-03	0.00000e+00
  7.89e-02	  3.91e-03	0.00000e+00
  7.89e-02	  4.43e-03	0.00000e+00
  7.89e-02	  4.95e-03	0.00000e+00
  7.89e-02	  5.47e-03	0.00000e+00
  7.89e-02	  5.99e-03	0.00000e+00
  7.89e-02	  6.51e-03	0.00000e+00
  7.89e-02	  7.03e-03	0.00000e+00
  7.89e-02	  7.55e-03	0.00000e+00
  7.89e-02	  8.07e-03	2.49304e-294
  7.89e-02	  8.59e-03	1.66597e-261
  7.89e-02	  9.11e-03	1.11328e-228
  7.89e-02	  9.64e-03	7.43938e-196
  7.89e-02	  1.02e-02	4.97128e-163
  7.89e-02	  1.07e-02	3.32199e-130
  7.89e-02	  1.12e-02	2.21986e-97
  7.89e-02	  1.17e-02	1.48337e-64
  7.89e-02	  1.22e-02	9.91225e-32
  7.89e-02	  1.28e-02	1.58221e-01
  7.89e-02	  1.33e-02	2.24489e-01
  7.89e-02	  1.38e-02	2.77879e-01
  7.89e-02	  1.43e-02	3.18147e-01
  7.89e-02	  1.48e-02	3.45094e-01
  7.89e-02	  1.54e-02	3.58595e-01
  7.89e-02	  1.59e-02	3.58594e-01
  7.89e-02	  1.64e-02	3.45091e-01
  7.89e-02	  1.69e-02	3.18143e-01
  7.89e-02	  1.74e-02	2.77874e-01
  7.89e-02	  1.80e-02	2.24485e-01
  7.89e-02	  1.85e-02	1.58218e-01
  7.89e-02	  1.90e-02	9.91235e-32
  7.89e-02	  1.95e-02	1.48339e-64
  7.89e-02	  2.01e-02	4.62406e-97
  7.89e-02	  2.06e-02	1.60669e-64
  7.89e-02	  2.11e-02	1.07373e-31
  7.89e-02	  2.16e-02	1.72299e-01
  7.89e-02	  2.21e-02	2.45591e-01
  7.89e-02	  2.27e-02	3.06030e-01
  7.89e-02	  2.32e-02	3.53346e-01
  7.89e-02	  2.37e-02	3.87299e-01
  7.89e-02	  2.42e-02	4.07724e-01
  7.89e-02	  2.47e-02	4.14540e-01
  7.89e-02	  2.53e-02	4.07724e-01
  7.89e-02	  2.58e-02	3.87299e-01
  7.89e-02	  2.63e-02	3.53347e-01
  7.89e-02	  2.68e-02	3.06031e-01
  7.89e-02	  2.73e-02	2.45592e-01
  7.89e-02	  2.79e-02	1.72300e-01
  7.89e-02	  2.84e-02	1.07372e-31
  7.89e-02	  2.89e-02	1.60668e-64
  7.89e-02	  2.94e-02	4.88331e-97
  7.89e-02	  2.99e-02	1.65702e-64
  7.89e-02	  3.05e-02	1.10751e-31
  7.89e-02	  3.10e-02	1.77054e-01
  7.89e-02	  3.15e-02	2.52317e-01
  7.89e-02	  3.20e-02	3.14360e-01
  7.89e-02	  3.26e-02	3.62920e-01
  7.89e-02	  3.31e-02	3.97758e-01
  7.89e-02	  3.36e-02	4.18716e-01
  7.89e-02	  3.41e-02	4.25713e-01
  7.89e-02	  3.46e-02	4.18728e-01
  7.89e-02	  3.52e-02	3.97781e-01
  7.89e-02	  3.57e-02	3.62949e-01
  7.89e-02	  3.62e-02	3.14391e-01
  7.89e-02	  3.67e-02	2.52344e-01
  7.89e-02	  3.72e-02	1.77075e-01
  7.89e-02	  3.78e-02	1.10741e-31
  7.89e-02	  3.83e-02	1.65687e-64
  7.89e-02	  3.88e-02	2.47893e-97
  7.89e-02	  3.93e-02	3.70883e-130
  7.89e-02	  3.98e-02	5.54892e-163
  7.89e-02	  4.04e-02	8.30190e-196
  7.89e-02	  4.09e-02	1.24206e-228
  7.89e-02	  4.14e-02	1.85827e-261
  7.89e-02	  4.19e-02	2.78016e-294
  7.89e-02	  4.24e-02	0.00000e+00
  7.89e-02	  4.30e-02	0.00000e+00
  7.89e-02	  4.35e-02	0.00000e+00
  7.89e-02	  4.40e-02	0.00000e+00
  7.89e-02	  4.45e-02	0.00000e+00
  7.89e-02	  4.51e-02	0.00000e+00
  7.89e-02	  4.56e-02	0.00000e+00
  7.89e-02	  4.61e-02	0.00000e+00
  7.89e-02	  4.66e-02	0.00000e+00
  7.89e-02	  4.71e-02	0.00000e+00
  7.89e-02	  4.77e-02	0.00000e+00
  7.89e-02	  4.82e-02	0.00000e+00
  7.89e-02	  4.87e-02	0.00000e+00
  7.89e-02	  4.92e-02	0.00000e+00
  7.89e-02	  4.97e-02	0.00000e+00

  7.97e-02	  2.60e-04	0.00000e+00
  7.97e-02	  7.81e-04	0.00000e+00
  7.97e-02	  1.30e-03	0.00000e+00
  7.97e-02	  1.82e-03	0.00000e+00
  7.97e-02	  2.34e-03	0.00000e+00
  7.97e-02	  2.86e-03	0.00000e+00
  7.97e-02	  3.39e-03	0.00000e+00
  7.97e-02	  3.91e-03	0.00000e+00
  7.97e-02	  4.43e-03	0.00000e+00
  7.97e-02	  4.95e-03	0.00000e+00
  7.97e-02	  5.47e-03	0.00000e+00
  7.97e-02	  5.99e-03	0.00000e+00
  7.97e-02	  6.51e-03	0.00000e+00
  7.97e-02	  7.03e-03	0.00000e+00
  7.97e-02	  7.55e-03	0.00000e+00
  7.97e-02	  8.07e-03	2.49058e-294
  7.97e-02	  8.59e-03	1.66434e-261
  7.97e-02	  9.11e-03	1.11219e-228
  7.97e-02	  9.64e-03	7.43220e-196
  7.97e-02	  1.02e-02	4.96652e-163
  7.97e-02	  1.07e-02	3.31883e-130
  7.97e-02	  1.12e-02	2.21776e-97
  7.97e-02	  1.17e-02	1.48198e-64
  7.97e-02	  1.22e-02	9.90306e-32
  7.97e-02	  1.28e-02	1.58220e-01
  7.97e-02	  1.33e-02	2.24488e-01
  7.97e-02	  1.38e-02	2.77878e-01
  7.97e-02	  1.43e-02	3.18147e-01
  7.97e-02	  1.48e-02	3.45095e-01
  7.97e-02	  1.54e-02	3.58596e-01
  7.97e-02	  1.59e-02	3.58595e-01
  7.97e-02	  1.64e-02	3.45093e-01
  7.97e-02	  1.69e-02	3.18144e-01
  7.97e-02	  1.74e-02	2.77874e-01
  7.97e-02	  1.80e-02	2.24484e-01
  7.97e-02	  1.85e-02	1.58217e-01
  7.97e-02	  1.90e-02	9.90315e-32
  7.97e-02	  1.95e-02	1.48200e-64
  7.97e-02	  2.01e-02	4.61977e-97
  7.97e-02	  2.06e-02	1.60524e-64
  7.97e-02	  2.11e-02	1.07277e-31
  7.97e-02	  2.16e-02	1.72298e-01
  7.97e-02	  2.21e-02	2.45589e-01
  7.97e-02	  2.27e-02	3.06030e-01
  7.97e-02	  2.32e-02	3.53347e-01
  7.97e-02	  2.37e-02	3.87300e-01
  7.97e-02	  2.42e-02	4.07726e-01
  7.97e-02	  2.47e-02	4.14542e-01
  7.97e-02	  2.53e-02	4.07726e-01
  7.97e-02	  2.58e-02	3.87300e-01
  7.97e-02	  2.63e-02	3.53347e-01
  7.97e-02	  2.68e-02	3.06030e-01
  7.97e-02	  2.73e-02	2.45590e-01
  7.97e-02	  2.79e-02	1.72298e-01
  7.97e-02	  2.84e-02	1.07276e-31
  7.97e-02	  2.89e-02	1.60523e-64
  7.97e-02	  2.94e-02	4.87937e-97
  7.97e-02	  2.99e-02	1.65587e-64
  7.97e-02	  3.05e-02	1.10676e-31
  7.97e-02	  3.10e-02	1.77055e-01
  7.97e-02	  3.15e-02	2.52318e-01
  7.97e-02	  3.20e-02	3.14363e-01
  7.97e-02	  3.26e-02	3.62923e-01
  7.97e-02	  3.31e-02	3.97762e-01
  7.97e-02	  3.36e-02	4.18719e-01
  7.97e-02	  3.41e-02	4.25715e-01
  7.97e-02	  3.46e-02	4.18728e-01
  7.97e-02	  3.52e-02	3.97779e-01
  7.97e-02	  3.57e-02	3.62945e-01
  7.97e-02	  3.62e-02	3.14386e-01
  7.97e-02	  3.67e-02	2.52339e-01
  7.97e-02	  3.72e-02	1.77071e-01
  7.97e-02	  3.78e-02	1.10669e-31
  7.97e-02	  3.83e-02	1.65575e-64
  7.97e-02	  3.88e-02	2.47722e-97
  7.97e-02	  3.93e-02	3.70623e-130
  7.97e-02	  3.98e-02	5.54495e-163
  7.97e-02	  4.04e-02	8.29583e-196
  7.97e-02	  4.09e-02	1.24114e-228
  7.97e-02	  4.14e-02	1.85685e-261
  7.97e-02	  4.19e-02	2.77801e-294
  7.97e-02	  4.24e-02	0.00000e+00
  7.97e-02	  4.30e-02	0.00000e+00
  7.97e-02	  4.35e-02	0.00000e+00
  7.97e-02	  4.40e-02	0.00000e+00
  7.97e-02	  4.45e-02	0.00000e+00
  7.97e-02	  4.51e-02	0.00000e+00
  7.97e-02	  4.56e-02	0.00000e+00
  7.97e-02	  4.61e-02	0.00000e+00
  7.97e-02	  4.66e-02	0.00000e+00
  7.97e-02	  4.71e-02	0.00000e+00
  7.97e-02	  4.77e-02	0.00000e+00
  7.97e-02	  4.82e-02	0.00000e+00
  7.97e-02	  4.87e-02	0.00000e+00
  7.97e-02	  4.92e-02	0.00000e+00
  7.97e-02	  4.97e-02	0.00000e+00

  8.05e-02	  2.60e-04	0.00000e+00
  8.05e-02	  7.81e-04	0.00000e+00
  8.05e-02	  1.30e-03	0.00000e+00
  8.05e-02	  1.82e-03	0.00000e+00
  8.05e-02	  2.34e-03	0.00000e+00
  8.05e-02	  2.86e-03	0.00000e+00
  8.05e-02	  3.39e-03	0.00000e+00
  8.05e-02	  3.91e-03	0.00000e+00
  8.05e-02	  4.43e-03	0.00000e+00
  8.05e-02	  4.95e-03	0.00000e+00
  8.05e-02	  5.47e-03	0.00000e+00
  8.05e-02	  5.99e-03	0.00000e+00
  8.05e-02	  6.51e-03	0.00000e+00
  8.05e-02	  7.03e-03	0.00000e+00
  8.05e-02	  7.55e-03	0.00000e+00
  8.05e-02	  8.07e-03	2.48807e-294
  8.05e-02	  8.59e-03	1.66267e-261
  8.05e-02	  9.11e-03	1.11108e-228
  8.05e-02	  9.64e-03	7.42482e-196
  8.05e-02	  1.02e-02	4.96162e-163
  8.05e-02	  1.07e-02	3.31557e-130
  8.05e-02	  1.12e-02	2.21560e-97
  8.05e-02	  1.17e-02	1.48055e-64
  8.05e-02	  1.22e-02	9.89353e-32
  8.05e-02	  1.28e-02	1.58219e-01
  8.05e-02	  1.33e-02	2.24486e-01
  8.05e-02	  1.38e-02	2.77877e-01
  8.05e-02	  1.43e-02	3.18147e-01
  8.05e-02	  1.48e-02	3.45095e-01
  8.05e-02	  1.54e-02	3.58597e-01
  8.05e-02	  1.59e-02	3.58597e-01
  8.05e-02	  1.64e-02	3.45094e-01
  8.05e-02	  1.69e-02	3.18144e-01
  8.05e-02	  1.74e-02	2.77874e-01
  8.05e-02	  1.80e-02	2.24484e-01
  8.05e-02	  1.85e-02	1.58217e-01
  8.05e-02	  1.90e-02	9.89359e-32
  8.05e-02	  1.95e-02	1.48056e-64
  8.05e-02	  2.01e-02	4.61533e-97
  8.05e-02	  2.06e-02	1.60373e-64
  8.05e-02	  2.11e-02	1.07177e-31
  8.05e-02	  2.16e-02	1.72297e-01
  8.05e-02	  2.21e-02	2.45588e-01
  8.05e-02	  2.27e-02	3.06029e-01
  8.05e-02	  2.32e-02	3.53347e-01
  8.05e-02	  2.37e-02	3.87301e-01
  8.05e-02	  2.42e-02	4.07727e-01
  8.05e-02	  2.47e-02	4.14544e-01
  8.05e-02	  2.53e-02	4.07727e-01
  8.05e-02	  2.58e-02	3.87301e-01
  8.05e-02	  2.63e-02	3.53347e-01
  8.05e-02	  2.68e-02	3.06029e-01
  8.05e-02	  2.73e-02	2.45588e-01
  8.05e-02	  2.79e-02	1.72297e-01
  8.05e-02	  2.84e-02	1.07176e-31
  8.05e-02	  2.89e-02	1.60372e-64
  8.05e-02	  2.94e-02	4.87510e-97
  8.05e-02	  2.99e-02	1.65455e-64
  8.05e-02	  3.05e-02	1.10590e-31
  8.05e-02	  3.10e-02	1.77056e-01
  8.05e-02	  3.15e-02	2.52319e-01
  8.05e-02	  3.20e-02	3.14365e-01
  8.05e-02	  3.26e-02	3.62926e-01
  8.05e-02	  3.31e-02	3.97765e-01
  8.05e-02	  3.36e-02	4.18722e-01
  8.05e-02	  3.41e-02	4.25717e-01
  8.05e-02	  3.46e-02	4.18729e-01
  8.05e-02	  3.52e-02	3.97778e-01
  8.05e-02	  3.57e-02	3.62943e-01
  8.05e-02	  3.62e-02	3.14382e-01
  8.05e-02	  3.67e-02	2.52335e-01
  8.05e-02	  3.72e-02	1.77068e-01
  8.05e-02	  3.78e-02	1.10584e-31
  8.05e-02	  3.83e-02	1.65447e-64
  8.05e-02	  3.88e-02	2.47527e-97
  8.05e-02	  3.93e-02	3.70327e-130
  8.05e-02	  3.98e-02	5.54046e-163
  8.05e-02	  4.04e-02	8.28902e-196
  8.05e-02	  4.09e-02	1.24011e-228
  8.05e-02	  4.14e-02	1.85529e-261
  8.05e-02	  4.19e-02	2.77565e-294
  8.05e-02	  4.24e-02	0.00000e+00
  8.05e-02	  4.30e-02	0.00000e+00
  8.05e-02	  4.35e-02	0.00000e+00
  8.05e-02	  4.40e-02	0.00000e+00
  8.05e-02	  4.45e-02	0.00000e+00
  8.05e-02	  4.51e-02	0.00000e+00
  8.05e-02	  4.56e-02	0.00000e+00
  8.05e-02	  4.61e-02	0.00000e+00
  8.05e-02	  4.66e-02	0.00000e+00
  8.05e-02	  4.71e-02	0.00000e+00
  8.05e-02	  4.77e-02	0.00000e+00
  8.05e-02	  4.82e-02	0.00000e+00
  8.05e-02	  4.87e-02	0.00000e+00
  8.05e-02	  4.92e-02	0.00000e+00
  8.05e-02	  4.97e-02	0.00000e+00

  8.12e-02	  2.60e-04	0.00000e+00
  8.12e-02	  7.81e-04	0.00000e+00
  8.12e-02	  1.30e-03	0.00000e+00
  8.12e-02	  1.82e-03	0.00000e+00
  8.12e-02	  2.34e-03	0.00000e+00
  8.12e-02	  2.86e-03	0.00000e+00
  8.12e-02	  3.39e-03	0.00000e+00
  8.12e-02	  3.91e-03	0.00000e+00
  8.12e-02	  4.43e-03	0.00000e+00
  8.12e-02	  4.95e-03	0.00000e+00
  8.12e-02	  5.47e-03	0.00000e+00
  8.12e-02	  5.99e-03	0.00000e+00
  8.12e-02	  6.51e-03	0.00000e+00
  8.12e-02	  7.03e-03	0.00000e+00
  8.12e-02	  7.55e-03	0.00000e+00
  8.12e-02	  8.07e-03	2.48554e-294
  8.12e-02	  8.59e-03	1.66098e-261
  8.12e-02	  9.11e-03	1.10996e-228
  8.12e-02	  9.64e-03	7.41737e-196
  8.12e-02	  1.02e-02	4.95666e-163
  8.12e-02	  1.07e-02	3.31227e-130
  8.12e-02	  1.12e-02	2.21341e-97
  8.12e-02	  1.17e-02	1.47909e-64
  8.12e-02	  1.22e-02	9.88381e-32
  8.12e-02	  1.28e-02	1.58218e-01
  8.12e-02	  1.33e-02	2.24485e-01
  8.12e-02	  1.38e-02	2.77876e-01
  8.12e-02	  1.43e-02	3.18147e-01
  8.12e-02	  1.48e-02	3.45096e-01
  8.12e-02	  1.54e-02	3.58598e-01
  8.12e-02	  1.59e-02	3.58598e-01
  8.12e-02	  1.64e-02	3.45095e-01
  8.12e-02	  1.69e-02	3.18145e-01
  8.12e-02	  1.74e-02	2.77874e-01
  8.12e-02	  1.80e-02	2.24483e-01
  8.12e-02	  1.85e-02	1.58216e-01
  8.12e-02	  1.90e-02	9.88386e-32
  8.12e-02	  1.95e-02	1.47909e-64
  8.12e-02	  2.01e-02	4.61083e-97
  8.12e-02	  2.06e-02	1.60220e-64
  8.12e-02	  2.11e-02	1.07075e-31
  8.12e-02	  2.16e-02	1.72296e-01
  8.12e-02	  2.21e-02	2.45587e-01
  8.12e-02	  2.27e-02	3.06028e-01
  8.12e-02	  2.32e-02	3.53347e-01
  8.12e-02	  2.37e-02	3.87302e-01
  8.12e-02	  2.42e-02	4.07729e-01
  8.12e-02	  2.47e-02	4.14546e-01
  8.12e-02	  2.53e-02	4.07729e-01
  8.12e-02	  2.58e-02	3.87302e-01
  8.12e-02	  2.63e-02	3.53347e-01
  8.12e-02	  2.68e-02	3.06028e-01
  8.12e-02	  2.73e-02	2.45587e-01
  8.12e-02	  2.79e-02	1.72295e-01
  8.12e-02	  2.84e-02	1.07075e-31
  8.12e-02	  2.89e-02	1.60220e-64
  8.12e-02	  2.94e-02	4.87067e-97
  8.12e-02	  2.99e-02	1.65314e-64
  8.12e-02	  3.05e-02	1.10496e-31
  8.12e-02	  3.10e-02	1.77056e-01
  8.12e-02	  3.15e-02	2.52320e-01
  8.12e-02	  3.20e-02	3.14366e-01
  8.12e-02	  3.26e-02	3.62928e-01
  8.12e-02	  3.31e-02	3.97768e-01
  8.12e-02	  3.36e-02	4.18725e-01
  8.12e-02	  3.41e-02	4.25719e-01
  8.12e-02	  3.46e-02	4.18730e-01
  8.12e-02	  3.52e-02	3.97777e-01
  8.12e-02	  3.57e-02	3.62940e-01
  8.12e-02	  3.62e-02	3.14379e-01
  8.12e-02	  3.67e-02	2.52332e-01
  8.12e-02	  3.72e-02	1.77065e-01
  8.12e-02	  3.78e-02	1.10492e-31
  8.12e-02	  3.83e-02	1.65308e-64
  8.12e-02	  3.88e-02	2.47317e-97
  8.12e-02	  3.93e-02	3.70010e-130
  8.12e-02	  3.98e-02	5.53566e-163
  8.12e-02	  4.04e-02	8.28179e-196
  8.12e-02	  4.09e-02	1.23902e-228
  8.12e-02	  4.14e-02	1.85365e-261
  8.12e-02	  4.19e-02	2.77316e-294
  8.12e-02	  4.24e-02	0.00000e+00
  8.12e-02	  4.30e-02	0.00000e+00
  8.12e-02	  4.35e-02	0.00000e+00
  8.12e-02	  4.40e-02	0.00000e+00
  8.12e-02	  4.45e-02	0.00000e+00
  8.12e-02	  4.51e-02	0.00000e+00
  8.12e-02	  4.56e-02	0.00000e+00
  8.12e-02	  4.61e-02	0.00000e+00
  8.12e-02	  4.66e-02	0.00000e+00
  8.12e-02	  4.71e-02	0.00000e+00
  8.12e-02	  4.77e-02	0.00000e+00
  8.12e-02	  4.82e-02	0.00000e+00
  8.12e-02	  4.87e-02	0.00000e+00
  8.12e-02	  4.92e-02	0.00000e+00
  8.12e-02	  4.97e-02	0.00000e+00

  8.20e-02	  2.60e-04	0.00000e+00
  8.20e-02	  7.81e-04	0.00000e+00
  8.20e-02	  1.30e-03	0.00000e+00
  8.20e-02	  1.82e-03	0.00000e+00
  8.20e-02	  2.34e-03	0.00000e+00
  8.20e-02	  2.86e-03	0.00000e+00
  8.20e-02	  3.39e-03	0.00000e+00
  8.20e-02	  3.91e-03	0.00000e+00
  8.20e-02	  4.43e-03	0.00000e+00
  8.20e-02	  4.95e-03	0.00000e+00
  8.20e-02	  5.47e-03	0.00000e+00
  8.20e-02	  5.99e-03	0.00000e+00
  8.20e-02	  6.51e-03	0.00000e+00
  8.20e-02	  7.03e-03	0.00000e+00
  8.20e-02	  7.55e-03	0.00000e+00
  8.20e-02	  8.07e-03	2.48302e-294
  8.20e-02	  8.59e-03	1.65931e-261
  8.20e-02	  9.11e-03	1.10885e-228
  8.20e-02	  9.64e-03	7.40993e-196
  8.20e-02	  1.02e-02	4.95170e-163
  8.20e-02	  1.07e-02	3.30897e-130
  8.20e-02	  1.12e-02	2.21121e-97
  8.20e-02	  1.17e-02	1.47762e-64
  8.20e-02	  1.22e-02	9.87407e-32
  8.20e-02	  1.28e-02	1.58217e-01
  8.20e-02	  1.33e-02	2.24484e-01
  8.20e-02	  1.38e-02	2.77876e-01
  8.20e-02	  1.43e-02	3.18147e-01
  8.20e-02	  1.48e-02	3.45097e-01
  8.20e-02	  1.54e-02	3.58599e-01
  8.20e-02	  1.59e-02	3.58599e-01
  8.20e-02	  1.64e-02	3.45095e-01
  8.20e-02	  1.69e-02	3.18145e-01
  8.20e-02	  1.74e-02	2.77874e-01
  8.20e-02	  1.80e-02	2.24482e-01
  8.20e-02	  1.85e-02	1.58216e-01
  8.20e-02	  1.90e-02	9.87410e-32
  8.20e-02	  1.95e-02	1.47763e-64
  8.20e-02	  2.01e-02	4.60633e-97
  8.20e-02	  2.06e-02	1.60067e-64
  8.20e-02	  2.11e-02	1.06973e-31
  8.20e-02	  2.16e-02	1.72294e-01
  8.20e-02	  2.21e-02	2.45586e-01
  8.20e-02	  2.27e-02	3.06028e-01
  8.20e-02	  2.32e-02	3.53347e-01
  8.20e-02	  2.37e-02	3.87303e-01
  8.20e-02	  2.42e-02	4.07731e-01
  8.20e-02	  2.47e-02	4.14548e-01
  8.20e-02	  2.53e-02	4.07731e-01
  8.20e-02	  2.58e-02	3.87303e-01
  8.20e-02	  2.63e-02	3.53347e-01
  8.20e-02	  2.68e-02	3.06027e-01
  8.20e-02	  2.73e-02	2.45585e-01
  8.20e-02	  2.79e-02	1.72294e-01
  8.20e-02	  2.84e-02	1.06973e-31
  8.20e-02	  2.89e-02	1.60067e-64
  8.20e-02	  2.94e-02	4.86617e-97
  8.20e-02	  2.99e-02	1.65168e-64
  8.20e-02	  3.05e-02	1.10399e-31
  8.20e-02	  3.10e-02	1.77056e-01
  8.20e-02	  3.15e-02	2.52320e-01
  8.20e-02	  3.20e-02	3.14367e-01
  8.20e-02	  3.26e-02	3.62930e-01
  8.20e-02	  3.31e-02	3.97770e-01
  8.20e-02	  3.36e-02	4.18727e-01
  8.20e-02	  3.41e-02	4.25721e-01
  8.20e-02	  3.46e-02	4.18731e-01
  8.20e-02	  3.52e-02	3.97777e-01
  8.20e-02	  3.57e-02	3.62939e-01
  8.20e-02	  3.62e-02	3.14376e-01
  8.20e-02	  3.67e-02	2.52329e-01
  8.20e-02	  3.72e-02	1.77062e-01
  8.20e-02	  3.78e-02	1.10396e-31
  8.20e-02	  3.83e-02	1.65163e-64
  8.20e-02	  3.88e-02	2.47099e-97
  8.20e-02	  3.93e-02	3.69681e-130
  8.20e-02	  3.98e-02	5.53071e-163
  8.20e-02	  4.04e-02	8.27434e-196
  8.20e-02	  4.09e-02	1.23789e-228
  8.20e-02	  4.14e-02	1.85196e-261
  8.20e-02	  4.19e-02	2.77063e-294
  8.20e-02	  4.24e-02	0.00000e+00
  8.20e-02	  4.30e-02	0.00000e+00
  8.20e-02	  4.35e-02	0.00000e+00
  8.20e-02	  4.40e-02	0.00000e+00
  8.20e-02	  4.45e-02	0.00000e+00
  8.20e-02	  4.51e-02	0.00000e+00
  8.20e-02	  4.56e-02	0.00000e+00
  8.20e-02	  4.61e-02	0.00000e+00
  8.20e-02	  4.66e-02	0.00000e+00
  8.20e-02	  4.71e-02	0.00000e+00
  8.20e-02	  4.77e-02	0.00000e+00
  8.20e-02	  4.82e-02	0.00000e+00
  8.20e-02	  4.87e-02	0.00000e+00
  8.20e-02	  4.92e-02	0.00000e+00
  8.20e-02	  4.97e-02	0.00000e+00

  8.28e-02	  2.60e-04	0.00000e+00
  8.28e-02	  7.81e-04	0.00000e+00
  8.28e-02	  1.30e-03	0.00000e+00
  8.28e-02	  1.82e-03	0.00000e+00
  8.28e-02	  2.34e-03	0.00000e+00
  8.28e-02	  2.86e-03	0.00000e+00
  8.28e-02	  3.39e-03	0.00000e+00
  8.28e-02	  3.91e-03	0.00000e+00
  8.28e-02	  4.43e-03	0.00000e+00
  8.28e-02	  4.95e-03	0.00000e+00
  8.28e-02	  5.47e-03	0.00000e+00
  8.28e-02	  5.99e-03	0.00000e+00
  8.28e-02	  6.51e-03	0.00000e+00
  8.28e-02	  7.03e-03	0.00000e+00
  8.28e-02	  7.55e-03	0.00000e+00
  8.28e-02	  8.07e-03	2.48054e-294
  8.28e-02	  8.59e-03	1.65765e-261
  8.28e-02	  9.11e-03	1.10774e-228
  8.28e-02	  9.64e-03	7.40256e-196
  8.28e-02	  1.02e-02	4.94679e-163
  8.28e-02	  1.07e-02	3.30570e-130
  8.28e-02	  1.12e-02	2.20903e-97
  8.28e-02	  1.17e-02	1.47617e-64
  8.28e-02	  1.22e-02	9.86438e-32
  8.28e-02	  1.28e-02	1.58216e-01
  8.28e-02	  1.33e-02	2.24483e-01
  8.28e-02	  1.38e-02	2.77875e-01
  8.28e-02	  1.43e-02	3.18147e-01
  8.28e-02	  1.48e-02	3.45097e-01
  8.28e-02	  1.54e-02	3.58600e-01
  8.28e-02	  1.59e-02	3.58600e-01
  8.28e-02	  1.64e-02	3.45096e-01
  8.28e-02	  1.69e-02	3.18145e-01
  8.28e-02	  1.74e-02	2.77874e-01
  8.28e-02	  1.80e-02	2.24482e-01
  8.28e-02	  1.85e-02	1.58215e-01
  8.28e-02	  1.90e-02	9.86440e-32
  8.28e-02	  1.95e-02	1.47617e-64
  8.28e-02	  2.01e-02	4.60189e-97
  8.28e-02	  2.06e-02	1.59916e-64
  8.28e-02	  2.11e-02	1.06873e-31
  8.28e-02	  2.16e-02	1.72293e-01
  8.28e-02	  2.21e-02	2.45585e-01
  8.28e-02	  2.27e-02	3.06027e-01
  8.28e-02	  2.32e-02	3.53347e-01
  8.28e-02	  2.37e-02	3.87304e-01
  8.28e-02	  2.42e-02	4.07732e-01
  8.28e-02	  2.47e-02	4.14549e-01
  8.28e-02	  2.53e-02	4.07732e-01
  8.28e-02	  2.58e-02	3.87303e-01
  8.28e-02	  2.63e-02	3.53347e-01
  8.28e-02	  2.68e-02	3.06026e-01
  8.28e-02	  2.73e-02	2.45584e-01
  8.28e-02	  2.79e-02	1.72293e-01
  8.28e-02	  2.84e-02	1.06872e-31
  8.28e-02	  2.89e-02	1.59916e-64
  8.28e-02	  2.94e-02	4.86168e-97
  8.28e-02	  2.99e-02	1.65019e-64
  8.28e-02	  3.05e-02	1.10300e-31
  8.28e-02	  3.10e-02	1.77056e-01
  8.28e-02	  3.15e-02	2.52320e-01
  8.28e-02	  3.20e-02	3.14367e-01
  8.28e-02	  3.26e-02	3.62931e-01
  8.28e-02	  3.31e-02	3.97772e-01
  8.28e-02	  3.36e-02	4.18729e-01
  8.28e-02	  3.41e-02	4.25723e-01
  8.28e-02	  3.46e-02	4.18732e-01
  8.28e-02	  3.52e-02	3.97777e-01
  8.28e-02	  3.57e-02	3.62938e-01
  8.28e-02	  3.62e-02	3.14374e-01
  8.28e-02	  3.67e-02	2.52326e-01
  8.28e-02	  3.72e-02	1.77060e-01
  8.28e-02	  3.78e-02	1.10298e-31
  8.28e-02	  3.83e-02	1.65015e-64
  8.28e-02	  3.88e-02	2.46877e-97
  8.28e-02	  3.93e-02	3.69348e-130
  8.28e-02	  3.98e-02	5.52571e-163
  8.28e-02	  4.04e-02	8.26683e-196
  8.28e-02	  4.09e-02	1.23677e-228
  8.28e-02	  4.14e-02	1.85027e-261
  8.28e-02	  4.19e-02	2.76809e-294
  8.28e-02	  4.24e-02	0.00000e+00
  8.28e-02	  4.30e-02	0.00000e+00
  8.28e-02	  4.35e-02	0.00000e+00
  8.28e-02	  4.40e-02	0.00000e+00
  8.28e-02	  4.45e-02	0.00000e+00
  8.28e-02	  4.51e-02	0.00000e+00
  8.28e-02	  4.56e-02	0.00000e+00
  8.28e-02	  4.61e-02	0.00000e+00
  8.28e-02	  4.66e-02	0.00000e+00
  8.28e-02	  4.71e-02	0.00000e+00
  8.28e-02	  4.77e-02	0.00000e+00
  8.28e-02	  4.82e-02	0.00000e+00
  8.28e-02	  4.87e-02	0.00000e+00
  8.28e-02	  4.92e-02	0.00000e+00
  8.28e-02	  4.97e-02	0.00000e+00

  8.36e-02	  2.60e-04	0.00000e+00
  8.36e-02	  7.81e-04	0.00000e+00
  8.36e-02	  1.30e-03	0.00000e+00
  8.36e-02	  1.82e-03	0.00000e+00
  8.36e-02	  2.34e-03	0.00000e+00
  8.36e-02	  2.86e-03	0.00000e+00
  8.36e-02	  3.39e-03	0.00000e+00
  8.36e-02	  3.91e-03	0.00000e+00
  8.36e-02	  4.43e-03	0.00000e+00
  8.36e-02	  4.95e-03	0.00000e+00
  8.36e-02	  5.47e-03	0.00000e+00
  8.36e-02	  5.99e-03	0.00000e+00
  8.36e-02	  6.51e-03	0.00000e+00
  8.36e-02	  7.03e-03	0.00000e+00
  8.36e-02	  7.55e-03	0.00000e+00
  8.36e-02	  8.07e-03	2.47809e-294
  8.36e-02	  8.59e-03	1.65602e-261
  8.36e-02	  9.11e-03	1.10665e-228
  8.36e-02	  9.64e-03	7.39531e-196
  8.36e-02	  1.02e-02	4.94196e-163
  8.36e-02	  1.07e-02	3.30247e-130
  8.36e-02	  1.12e-02	2.20687e-97
  8.36e-02	  1.17e-02	1.47473e-64
  8.36e-02	  1.22e-02	9.85481e-32
  8.36e-02	  1.28e-02	1.58215e-01
  8.36e-02	  1.33e-02	2.24482e-01
  8.36e-02	  1.38e-02	2.77875e-01
  8.36e-02	  1.43e-02	3.18147e-01
  8.36e-02	  1.48e-02	3.45098e-01
  8.36e-02	  1.54e-02	3.58601e-01
  8.36e-02	  1.59e-02	3.58601e-01
  8.36e-02	  1.64e-02	3.45097e-01
  8.36e-02	  1.69e-02	3.18146e-01
  8.36e-02	  1.74e-02	2.77873e-01
  8.36e-02	  1.80e-02	2.24481e-01
  8.36e-02	  1.85e-02	1.58214e-01
  8.36e-02	  1.90e-02	9.85483e-32
  8.36e-02	  1.95e-02	1.47474e-64
  8.36e-02	  2.01e-02	4.59752e-97
  8.36e-02	  2.06e-02	1.59768e-64
  8.36e-02	  2.11e-02	1.06774e-31
  8.36e-02	  2.16e-02	1.72292e-01
  8.36e-02	  2.21e-02	2.45584e-01
  8.36e-02	  2.27e-02	3.06026e-01
  8.36e-02	  2.32e-02	3.53348e-01
  8.36e-02	  2.37e-02	3.87305e-01
  8.36e-02	  2.42e-02	4.07734e-01
  8.36e-02	  2.47e-02	4.14551e-01
  8.36e-02	  2.53e-02	4.07733e-01
  8.36e-02	  2.58e-02	3.87304e-01
  8.36e-02	  2.63e-02	3.53347e-01
  8.36e-02	  2.68e-02	3.06025e-01
  8.36e-02	  2.73e-02	2.45583e-01
  8.36e-02	  2.79e-02	1.72292e-01
  8.36e-02	  2.84e-02	1.06774e-31
  8.36e-02	  2.89e-02	1.59768e-64
  8.36e-02	  2.94e-02	4.85723e-97
  8.36e-02	  2.99e-02	1.64871e-64
  8.36e-02	  3.05e-02	1.10201e-31
  8.36e-02	  3.10e-02	1.77055e-01
  8.36e-02	  3.15e-02	2.52319e-01
  8.36e-02	  3.20e-02	3.14368e-01
  8.36e-02	  3.26e-02	3.62932e-01
  8.36e-02	  3.31e-02	3.97774e-01
  8.36e-02	  3.36e-02	4.18731e-01
  8.36e-02	  3.41e-02	4.25725e-01
  8.36e-02	  3.46e-02	4.18733e-01
  8.36e-02	  3.52e-02	3.97777e-01
  8.36e-02	  3.57e-02	3.62937e-01
  8.36e-02	  3.62e-02	3.14372e-01
  8.36e-02	  3.67e-02	2.52324e-01
  8.36e-02	  3.72e-02	1.77058e-01
  8.36e-02	  3.78e-02	1.10199e-31
  8.36e-02	  3.83e-02	1.64868e-64
  8.36e-02	  3.88e-02	2.46656e-97
  8.36e-02	  3.93e-02	3.69016e-130
  8.36e-02	  3.98e-02	5.52073e-163
  8.36e-02	  4.04e-02	8.25935e-196
  8.36e-02	  4.09e-02	1.23565e-228
  8.36e-02	  4.14e-02	1.84859e-261
  8.36e-02	  4.19e-02	2.76557e-294
  8.36e-02	  4.24e-02	0.00000e+00
  8.36e-02	  4.30e-02	0.00000e+00
  8.36e-02	  4.35e-02	0.00000e+00
  8.36e-02	  4.40e-02	0.00000e+00
  8.36e-02	  4.45e-02	0.00000e+00
  8.36e-02	  4.51e-02	0.00000e+00
  8.36e-02	  4.56e-02	0.00000e+00
  8.36e-02	  4.61e-02	0.00000e+00
  8.36e-02	  4.66e-02	0.00000e+00
  8.36e-02	  4.71e-02	0.00000e+00
  8.36e-02	  4.77e-02	0.00000e+00
  8.36e-02	  4.82e-02	0.00000e+00
  8.36e-02	  4.87e-02	0.00000e+00
  8.36e-02	  4.92e-02	0.00000e+00
  8.36e-02	  4.97e-02	0.00000e+00

  8.44e-02	  2.60e-04	0.00000e+00
  8.44e-02	  7.81e-04	0.00000e+00
  8.44e-02	  1.30e-03	0.00000e+00
  8.44e-02	  1.82e-03	0.00000e+00
  8.44e-02	  2.34e-03	0.00000e+00
  8.44e-02	  2.86e-03	0.00000e+00
  8.44e-02	  3.39e-03	0.00000e+00
  8.44e-02	  3.91e-03	0.00000e+00
  8.44e-02	  4.43e-03	0.00000e+00
  8.44e-02	  4.95e-03	0.00000e+00
  8.44e-02	  5.47e-03	0.00000e+00
  8.44e-02	  5.99e-03	0.00000e+00
  8.44e-02	  6.51e-03	0.00000e+00
  8.44e-02	  7.03e-03	0.00000e+00
  8.44e-02	  7.55e-03	0.00000e+00
  8.44e-02	  8.07e-03	2.47570e-294
  8.44e-02	  8.59e-03	1.65442e-261
  8.44e-02	  9.11e-03	1.10559e-228
  8.44e-02	  9.64e-03	7.38820e-196
  8.44e-02	  1.02e-02	4.93721e-163
  8.44e-02	  1.07e-02	3.29931e-130
  8.44e-02	  1.12e-02	2.20476e-97
  8.44e-02	  1.17e-02	1.47332e-64
  8.44e-02	  1.22e-02	9.84540e-32
  8.44e-02	  1.28e-02	1.58214e-01
  8.44e-02	  1.33e-02	2.24482e-01
  8.44e-02	  1.38e-02	2.77874e-01
  8.44e-02	  1.43e-02	3.18147e-01
  8.44e-02	  1.48e-02	3.45099e-01
  8.44e-02	  1.54e-02	3.58602e-01
  8.44e-02	  1.59e-02	3.58602e-01
  8.44e-02	  1.64e-02	3.45098e-01
  8.44e-02	  1.69e-02	3.18146e-01
  8.44e-02	  1.74e-02	2.77873e-01
  8.44e-02	  1.80e-02	2.24481e-01
  8.44e-02	  1.85e-02	1.58214e-01
  8.44e-02	  1.90e-02	9.84541e-32
  8.44e-02	  1.95e-02	1.47333e-64
  8.44e-02	  2.01e-02	4.59324e-97
  8.44e-02	  2.06e-02	1.59624e-64
  8.44e-02	  2.11e-02	1.06677e-31
  8.44e-02	  2.16e-02	1.72291e-01
  8.44e-02	  2.21e-02	2.45583e-01
  8.44e-02	  2.27e-02	3.06026e-01
  8.44e-02	  2.32e-02	3.53348e-01
  8.44e-02	  2.37e-02	3.87306e-01
  8.44e-02	  2.42e-02	4.07735e-01
  8.44e-02	  2.47e-02	4.14552e-01
  8.44e-02	  2.53e-02	4.07735e-01
  8.44e-02	  2.58e-02	3.87305e-01
  8.44e-02	  2.63e-02	3.53347e-01
  8.44e-02	  2.68e-02	3.06025e-01
  8.44e-02	  2.73e-02	2.45582e-01
  8.44e-02	  2.79e-02	1.72291e-01
  8.44e-02	  2.84e-02	1.06677e-31
  8.44e-02	  2.89e-02	1.59624e-64
  8.44e-02	  2.94e-02	4.85287e-97
  8.44e-02	  2.99e-02	1.64724e-64
  8.44e-02	  3.05e-02	1.10103e-31
  8.44e-02	  3.10e-02	1.77054e-01
  8.44e-02	  3.15e-02	2.52319e-01
  8.44e-02	  3.20e-02	3.14368e-01
  8.44e-02	  3.26e-02	3.62933e-01
  8.44e-02	  3.31e-02	3.97775e-01
  8.44e-02	  3.36e-02	4.18733e-01
  8.44e-02	  3.41e-02	4.25727e-01
  8.44e-02	  3.46e-02	4.18734e-01
  8.44e-02	  3.52e-02	3.97777e-01
  8.44e-02	  3.57e-02	3.62936e-01
  8.44e-02	  3.62e-02	3.14371e-01
  8.44e-02	  3.67e-02	2.52322e-01
  8.44e-02	  3.72e-02	1.77057e-01
  8.44e-02	  3.78e-02	1.10102e-31
  8.44e-02	  3.83e-02	1.64722e-64
  8.44e-02	  3.88e-02	2.46437e-97
  8.44e-02	  3.93e-02	3.68688e-130
  8.44e-02	  3.98e-02	5.51582e-163
  8.44e-02	  4.04e-02	8.25199e-196
  8.44e-02	  4.09e-02	1.23454e-228
  8.44e-02	  4.14e-02	1.84693e-261
  8.44e-02	  4.19e-02	2.76309e-294
  8.44e-02	  4.24e-02	0.00000e+00
  8.44e-02	  4.30e-02	0.00000e+00
  8.44e-02	  4.35e-02	0.00000e+00
  8.44e-02	  4.40e-02	0.00000e+00
  8.44e-02	  4.45e-02	0.00000e+00
  8.44e-02	  4.51e-02	0.00000e+00
  8.44e-02	  4.56e-02	0.00000e+00
  8.44e-02	  4.61e-02	0.00000e+00
  8.44e-02	  4.66e-02	0.00000e+00
  8.44e-02	  4.71e-02	0.00000e+00
  8.44e-02	  4.77e-02	0.00000e+00
  8.44e-02	  4.82e-02	0.00000e+00
  8.44e-02	  4.87e-02	0.00000e+00
  8.44e-02	  4.92e-02	0.00000e+00
  8.44e-02	  4.97e-02	0.00000e+00

  8.52e-02	  2.60e-04	0.00000e+00
  8.52e-02	  7.81e-04	0.00000e+00
  8.52e-02	  1.30e-03	0.00000e+00
  8.52e-02	  1.82e-03	0.00000e+00
  8.52e-02	  2.34e-03	0.00000e+00
  8.52e-02	  2.86e-03	0.00000e+00
  8.52e-02	  3.39e-03	0.00000e+00
  8.52e-02	  3.91e-03	0.00000e+00
  8.52e-02	  4.43e-03	0.00000e+00
  8.52e-02	  4.95e-03	0.00000e+00
  8.52e-02	  5.47e-03	0.00000e+00
  8.52e-02	  5.99e-03	0.00000e+00
  8.52e-02	  6.51e-03	0.00000e+00
  8.52e-02	  7.03e-03	0.00000e+00
  8.52e-02	  7.55e-03	0.00000e+00
  8.52e-02	  8.07e-03	2.47336e-294
  8.52e-02	  8.59e-03	1.65286e-261
  8.52e-02	  9.11e-03	1.10455e-228
  8.52e-02	  9.64e-03	7.38123e-196
  8.52e-02	  1.02e-02	4.93256e-163
  8.52e-02	  1.07e-02	3.29620e-130
  8.52e-02	  1.12e-02	2.20269e-97
  8.52e-02	  1.17e-02	1.47194e-64
  8.52e-02	  1.22e-02	9.83617e-32
  8.52e-02	  1.28e-02	1.58214e-01
  8.52e-02	  1.33e-02	2.24481e-01
  8.52e-02	  1.38e-02	2.77874e-01
  8.52e-02	  1.43e-02	3.18147e-01
  8.52e-02	  1.48e-02	3.45099e-01
  8.52e-02	  1.54e-02	3.58603e-01
  8.52e-02	  1.59e-02	3.58603e-01
  8.52e-02	  1.64e-02	3.45099e-01
  8.52e-02	  1.69e-02	3.18146e-01
  8.52e-02	  1.74e-02	2.77873e-01
  8.52e-02	  1.80e-02	2.24480e-01
  8.52e-02	  1.85e-02	1.58213e-01
  8.52e-02	  1.90e-02	9.83618e-32
  8.52e-02	  1.95e-02	1.47194e-64
  8.52e-02	  2.01e-02	4.58906e-97
  8.52e-02	  2.06e-02	1.59483e-64
  8.52e-02	  2.11e-02	1.06583e-31
  8.52e-02	  2.16e-02	1.72290e-01
  8.52e-02	  2.21e-02	2.45582e-01
  8.52e-02	  2.27e-02	3.06025e-01
  8.52e-02	  2.32e-02	3.53348e-01
  8.52e-02	  2.37e-02	3.87306e-01
  8.52e-02	  2.42e-02	4.07736e-01
  8.52e-02	  2.47e-02	4.14554e-01
  8.52e-02	  2.53e-02	4.07736e-01
  8.52e-02	  2.58e-02	3.87306e-01
  8.52e-02	  2.63e-02	3.53347e-01
  8.52e-02	  2.68e-02	3.06024e-01
  8.52e-02	  2.73e-02	2.45581e-01
  8.52e-02	  2.79e-02	1.72290e-01
  8.52e-02	  2.84e-02	1.06583e-31
  8.52e-02	  2.89e-02	1.59483e-64
  8.52e-02	  2.94e-02	4.84861e-97
  8.52e-02	  2.99e-02	1.64580e-64
  8.52e-02	  3.05e-02	1.10007e-31
  8.52e-02	  3.10e-02	1.77054e-01
  8.52e-02	  3.15e-02	2.52318e-01
  8.52e-02	  3.20e-02	3.14368e-01
  8.52e-02	  3.26e-02	3.62933e-01
  8.52e-02	  3.31e-02	3.97776e-01
  8.52e-02	  3.36e-02	4.18734e-01
  8.52e-02	  3.41e-02	4.25728e-01
  8.52e-02	  3.46e-02	4.18735e-01
  8.52e-02	  3.52e-02	3.97778e-01
  8.52e-02	  3.57e-02	3.62935e-01
  8.52e-02	  3.62e-02	3.14370e-01
  8.52e-02	  3.67e-02	2.52320e-01
  8.52e-02	  3.72e-02	1.77055e-01
  8.52e-02	  3.78e-02	1.10006e-31
  8.52e-02	  3.83e-02	1.64579e-64
  8.52e-02	  3.88e-02	2.46222e-97
  8.52e-02	  3.93e-02	3.68366e-130
  8.52e-02	  3.98e-02	5.51099e-163
  8.52e-02	  4.04e-02	8.24477e-196
  8.52e-02	  4.09e-02	1.23346e-228
  8.52e-02	  4.14e-02	1.84531e-261
  8.52e-02	  4.19e-02	2.76066e-294
  8.52e-02	  4.24e-02	0.00000e+00
  8.52e-02	  4.30e-02	0.00000e+00
  8.52e-02	  4.35e-02	0.00000e+00
  8.52e-02	  4.40e-02	0.00000e+00
  8.52e-02	  4.45e-02	0.00000e+00
  8.52e-02	  4.51e-02	0.00000e+00
  8.52e-02	  4.56e-02	0.00000e+00
  8.52e-02	  4.61e-02	0.00000e+00
  8.52e-02	  4.66e-02	0.00000e+00
  8.52e-02	  4.71e-02	0.00000e+00
  8.52e-02	  4.77e-02	0.00000e+00
  8.52e-02	  4.82e-02	0.00000e+00
  8.52e-02	  4.87e-02	0.00000e+00
  8.52e-02	  4.92e-02	0.00000e+00
  8.52e-02	  4.97e-02	0.00000e+00

  8.59e-02	  2.60e-04	0.00000e+00
  8.59e-02	  7.81e-04	0.00000e+00
  8.59e-02	  1.30e-03	0.00000e+00
  8.59e-02	  1.82e-03	0.00000e+00
  8.59e-02	  2.34e-03	0.00000e+00
  8.59e-02	  2.86e-03	0.00000e+00
  8.59e-02	  3.39e-03	0.00000e+00
  8.59e-02	  3.91e-03	0.00000e+00
  8.59e-02	  4.43e-03	0.00000e+00
  8.59e-02	  4.95e-03	0.00000e+00
  8.59e-02	  5.47e-03	0.00000e+00
  8.59e-02	  5.99e-03	0.00000e+00
  8.59e-02	  6.51e-03	0.00000e+00
  8.59e-02	  7.03e-03	0.00000e+00
  8.59e-02	  7.55e-03	0.00000e+00
  8.59e-02	  8.07e-03	2.47107e-294
  8.59e-02	  8.59e-03	1.65133e-261
  8.59e-02	  9.11e-03	1.10352e-228
  8.59e-02	  9.64e-03	7.37441e-196
  8.59e-02	  1.02e-02	4.92800e-163
  8.59e-02	  1.07e-02	3.29316e-130
  8.59e-02	  1.12e-02	2.20066e-97
  8.59e-02	  1.17e-02	1.47059e-64
  8.59e-02	  1.22e-02	9.82712e-32
  8.59e-02	  1.28e-02	1.58213e-01
  8.59e-02	  1.33e-02	2.24480e-01
  8.59e-02	  1.38e-02	2.77874e-01
  8.59e-02	  1.43e-02	3.18147e-01
  8.59e-02	  1.48e-02	3.45100e-01
  8.59e-02	  1.54e-02	3.58604e-01
  8.59e-02	  1.59e-02	3.58604e-01
  8.59e-02	  1.64e-02	3.45099e-01
  8.59e-02	  1.69e-02	3.18147e-01
  8.59e-02	  1.74e-02	2.77873e-01
  8.59e-02	  1.80e-02	2.24480e-01
  8.59e-02	  1.85e-02	1.58212e-01
  8.59e-02	  1.90e-02	9.82713e-32
  8.59e-02	  1.95e-02	1.47059e-64
  8.59e-02	  2.01e-02	4.58498e-97
  8.59e-02	  2.06e-02	1.59346e-64
  8.59e-02	  2.11e-02	1.06492e-31
  8.59e-02	  2.16e-02	1.72290e-01
  8.59e-02	  2.21e-02	2.45581e-01
  8.59e-02	  2.27e-02	3.06025e-01
  8.59e-02	  2.32e-02	3.53348e-01
  8.59e-02	  2.37e-02	3.87307e-01
  8.59e-02	  2.42e-02	4.07737e-01
  8.59e-02	  2.47e-02	4.14555e-01
  8.59e-02	  2.53e-02	4.07737e-01
  8.59e-02	  2.58e-02	3.87306e-01
  8.59e-02	  2.63e-02	3.53347e-01
  8.59e-02	  2.68e-02	3.06024e-01
  8.59e-02	  2.73e-02	2.45580e-01
  8.59e-02	  2.79e-02	1.72289e-01
  8.59e-02	  2.84e-02	1.06492e-31
  8.59e-02	  2.89e-02	1.59346e-64
  8.59e-02	  2.94e-02	4.84445e-97
  8.59e-02	  2.99e-02	1.64439e-64
  8.59e-02	  3.05e-02	1.09913e-31
  8.59e-02	  3.10e-02	1.77053e-01
  8.59e-02	  3.15e-02	2.52318e-01
  8.59e-02	  3.20e-02	3.14367e-01
  8.59e-02	  3.26e-02	3.62934e-01
  8.59e-02	  3.31e-02	3.97777e-01
  8.59e-02	  3.36e-02	4.18736e-01
  8.59e-02	  3.41e-02	4.25730e-01
  8.59e-02	  3.46e-02	4.18736e-01
  8.59e-02	  3.52e-02	3.97778e-01
  8.59e-02	  3.57e-02	3.62935e-01
  8.59e-02	  3.62e-02	3.14369e-01
  8.59e-02	  3.67e-02	2.52319e-01
  8.59e-02	  3.72e-02	1.77054e-01
  8.59e-02	  3.78e-02	1.09912e-31
  8.59e-02	  3.83e-02	1.64438e-64
  8.59e-02	  3.88e-02	2.46012e-97
  8.59e-02	  3.93e-02	3.68051e-130
  8.59e-02	  3.98e-02	5.50628e-163
  8.59e-02	  4.04e-02	8.23771e-196
  8.59e-02	  4.09e-02	1.23240e-228
  8.59e-02	  4.14e-02	1.84373e-261
  8.59e-02	  4.19e-02	2.75829e-294
  8.59e-02	  4.24e-02	0.00000e+00
  8.59e-02	  4.30e-02	0.00000e+00
  8.59e-02	  4.35e-02	0.00000e+00
  8.59e-02	  4.40e-02	0.00000e+00
  8.59e-02	  4.45e-02	0.00000e+00
  8.59e-02	  4.51e-02	0.00000e+00
  8.59e-02	  4.56e-02	0.00000e+00
  8.59e-02	  4.61e-02	0.00000e+00
  8.59e-02	  4.66e-02	0.00000e+00
  8.59e-02	  4.71e-02	0.00000e+00
  8.59e-02	  4.77e-02	0.00000e+00
  8.59e-02	  4.82e-02	0.00000e+00
  8.59e-02	  4.87e-02	0.00000e+00
  8.59e-02	  4.92e-02	0.00000e+00
  8.59e-02	  4.97e-02	0.00000e+00

  8.67e-02	  2.60e-04	0.00000e+00
  8.67e-02	  7.81e-04	0.00000e+00
  8.67e-02	  1.30e-03	0.00000e+00
  8.67e-02	  1.82e-03	0.00000e+00
  8.67e-02	  2.34e-03	0.00000e+00
  8.67e-02	  2.86e-03	0.00000e+00
  8.67e-02	  3.39e-03	0.00000e+00
  8.67e-02	  3.91e-03	0.00000e+00
  8.67e-02	  4.43e-03	0.00000e+00
  8.67e-02	  4.95e-03	0.00000e+00
  8.67e-02	  5.47e-03	0.00000e+00
  8.67e-02	  5.99e-03	0.00000e+00
  8.67e-02	  6.51e-03	0.00000e+00
  8.67e-02	  7.03e-03	0.00000e+00
  8.67e-02	  7.55e-03	0.00000e+00
  8.67e-02	  8.07e-03	2.46882e-294
  8.67e-02	  8.59e-03	1.64983e-261
  8.67e-02	  9.11e-03	1.10252e-228
  8.67e-02	  9.64e-03	7.36772e-196
  8.67e-02	  1.02e-02	4.92354e-163
  8.67e-02	  1.07e-02	3.29018e-130
  8.67e-02	  1.12e-02	2.19867e-97
  8.67e-02	  1.17e-02	1.46926e-64
  8.67e-02	  1.22e-02	9.81825e-32
  8.67e-02	  1.28e-02	1.58212e-01
  8.67e-02	  1.33e-02	2.24480e-01
  8.67e-02	  1.38e-02	2.77873e-01
  8.67e-02	  1.43e-02	3.18147e-01
  8.67e-02	  1.48e-02	3.45100e-01
  8.67e-02	  1.54e-02	3.58605e-01
  8.67e-02	  1.59e-02	3.58605e-01
  8.67e-02	  1.64e-02	3.45100e-01
  8.67e-02	  1.69e-02	3.18147e-01
  8.67e-02	  1.74e-02	2.77873e-01
  8.67e-02	  1.80e-02	2.24479e-01
  8.67e-02	  1.85e-02	1.58212e-01
  8.67e-02	  1.90e-02	9.81825e-32
  8.67e-02	  1.95e-02	1.46926e-64
  8.67e-02	  2.01e-02	4.58099e-97
  8.67e-02	  2.06e-02	1.59213e-64
  8.67e-02	  2.11e-02	1.06403e-31
  8.67e-02	  2.16e-02	1.72289e-01
  8.67e-02	  2.21e-02	2.45580e-01
  8.67e-02	  2.27e-02	3.06024e-01
  8.67e-02	  2.32e-02	3.53348e-01
  8.67e-02	  2.37e-02	3.87308e-01
  8.67e-02	  2.42e-02	4.07738e-01
  8.67e-02	  2.47e-02	4.14556e-01
  8.67e-02	  2.53e-02	4.07738e-01
  8.67e-02	  2.58e-02	3.87307e-01
  8.67e-02	  2.63e-02	3.53347e-01
  8.67e-02	  2.68e-02	3.06023e-01
  8.67e-02	  2.73e-02	2.45579e-01
  8.67e-02	  2.79e-02	1.72288e-01
  8.67e-02	  2.84e-02	1.06403e-31
  8.67e-02	  2.89e-02	1.59213e-64
  8.67e-02	  2.94e-02	4.84040e-97
  8.67e-02	  2.99e-02	1.64301e-64
  8.67e-02	  3.05e-02	1.09821e-31
  8.67e-02	  3.10e-02	1.77052e-01
  8.67e-02	  3.15e-02	2.52317e-01
  8.67e-02	  3.20e-02	3.14367e-01
  8.67e-02	  3.26e-02	3.62934e-01
  8.67e-02	  3.31e-02	3.97778e-01
  8.67e-02	  3.36e-02	4.18737e-01
  8.67e-02	  3.41e-02	4.25731e-01
  8.67e-02	  3.46e-02	4.18737e-01
  8.67e-02	  3.52e-02	3.97779e-01
  8.67e-02	  3.57e-02	3.62935e-01
  8.67e-02	  3.62e-02	3.14368e-01
  8.67e-02	  3.67e-02	2.52318e-01
  8.67e-02	  3.72e-02	1.77053e-01
  8.67e-02	  3.78e-02	1.09821e-31
  8.67e-02	  3.83e-02	1.64301e-64
  8.67e-02	  3.88e-02	2.45806e-97
  8.67e-02	  3.93e-02	3.67743e-130
  8.67e-02	  3.98e-02	5.50167e-163
  8.67e-02	  4.04e-02	8.23081e-196
  8.67e-02	  4.09e-02	1.23137e-228
  8.67e-02	  4.14e-02	1.84219e-261
  8.67e-02	  4.19e-02	2.75598e-294
  8.67e-02	  4.24e-02	0.00000e+00
  8.67e-02	  4.30e-02	0.00000e+00
  8.67e-02	  4.35e-02	0.00000e+00
  8.67e-02	  4.40e-02	0.00000e+00
  8.67e-02	  4.45e-02	0.00000e+00
  8.67e-02	  4.51e-02	0.00000e+00
  8.67e-02	  4.56e-02	0.00000e+00
  8.67e-02	  4.61e-02	0.00000e+00
  8.67e-02	  4.66e-02	0.00000e+00
  8.67e-02	  4.71e-02	0.00000e+00
  8.67e-02	  4.77e-02	0.00000e+00
  8.67e-02	  4.82e-02	0.00000e+00
  8.67e-02	  4.87e-02	0.00000e+00
  8.67e-02	  4.92e-02	0.00000e+00
  8.67e-02	  4.97e-02	0.00000e+00

  8.75e-02	  2.60e-04	0.00000e+00
  8.75e-02	  7.81e-04	0.00000e+00
  8.75e-02	  1.30e-03	0.00000e+00
  8.75e-02	  1.82e-03	0.00000e+00
  8.75e-02	  2.34e-03	0.00000e+00
  8.75e-02	  2.86e-03	0.00000e+00
  8.75e-02	  3.39e-03	0.00000e+00
  8.75e-02	  3.91e-03	0.00000e+00
  8.75e-02	  4.43e-03	0.00000e+00
  8.75e-02	  4.95e-03	0.00000e+00
  8.75e-02	  5.47e-03	0.00000e+00
  8.75e-02	  5.99e-03	0.00000e+00
  8.75e-02	  6.51e-03	0.00000e+00
  8.75e-02	  7.03e-03	0.00000e+00
  8.75e-02	  7.55e-03	0.00000e+00
  8.75e-02	  8.07e-03	2.46661e-294
  8.75e-02	  8.59e-03	1.64836e-261
  8.75e-02	  9.11e-03	1.10154e-228
  8.75e-02	  9.64e-03	7.36115e-196
  8.75e-02	  1.02e-02	4.91915e-163
  8.75e-02	  1.07e-02	3.28725e-130
  8.75e-02	  1.12e-02	2.19671e-97
  8.75e-02	  1.17e-02	1.46795e-64
  8.75e-02	  1.22e-02	9.80953e-32
  8.75e-02	  1.28e-02	1.58212e-01
  8.75e-02	  1.33e-02	2.24479e-01
  8.75e-02	  1.38e-02	2.77873e-01
  8.75e-02	  1.43e-02	3.18148e-01
  8.75e-02	  1.48e-02	3.45101e-01
  8.75e-02	  1.54e-02	3.58606e-01
  8.75e-02	  1.59e-02	3.58605e-01
  8.75e-02	  1.64e-02	3.45100e-01
  8.75e-02	  1.69e-02	3.18147e-01
  8.75e-02	  1.74e-02	2.77873e-01
  8.75e-02	  1.80e-02	2.24479e-01
  8.75e-02	  1.85e-02	1.58211e-01
  8.75e-02	  1.90e-02	9.80953e-32
  8.75e-02	  1.95e-02	1.46795e-64
  8.75e-02	  2.01e-02	4.57708e-97
  8.75e-02	  2.06e-02	1.59082e-64
  8.75e-02	  2.11e-02	1.06316e-31
  8.75e-02	  2.16e-02	1.72288e-01
  8.75e-02	  2.21e-02	2.45579e-01
  8.75e-02	  2.27e-02	3.06024e-01
  8.75e-02	  2.32e-02	3.53348e-01
  8.75e-02	  2.37e-02	3.87308e-01
  8.75e-02	  2.42e-02	4.07739e-01
  8.75e-02	  2.47e-02	4.14557e-01
  8.75e-02	  2.53e-02	4.07739e-01
  8.75e-02	  2.58e-02	3.87308e-01
  8.75e-02	  2.63e-02	3.53347e-01
  8.75e-02	  2.68e-02	3.06023e-01
  8.75e-02	  2.73e-02	2.45578e-01
  8.75e-02	  2.79e-02	1.72287e-01
  8.75e-02	  2.84e-02	1.06316e-31
  8.75e-02	  2.89e-02	1.59082e-64
  8.75e-02	  2.94e-02	4.83643e-97
  8.75e-02	  2.99e-02	1.64167e-64
  8.75e-02	  3.05e-02	1.09731e-31
  8.75e-02	  3.10e-02	1.77052e-01
  8.75e-02	  3.15e-02	2.52316e-01
  8.75e-02	  3.20e-02	3.14367e-01
  8.75e-02	  3.26e-02	3.62934e-01
  8.75e-02	  3.31e-02	3.97779e-01
  8.75e-02	  3.36e-02	4.18738e-01
  8.75e-02	  3.41e-02	4.25732e-01
  8.75e-02	  3.46e-02	4.18738e-01
  8.75e-02	  3.52e-02	3.97779e-01
  8.75e-02	  3.57e-02	3.62935e-01
  8.75e-02	  3.62e-02	3.14367e-01
  8.75e-02	  3.67e-02	2.52317e-01
  8.75e-02	  3.72e-02	1.77052e-01
  8.75e-02	  3.78e-02	1.09731e-31
  8.75e-02	  3.83e-02	1.64166e-64
  8.75e-02	  3.88e-02	2.45605e-97
  8.75e-02	  3.93e-02	3.67442e-130
  8.75e-02	  3.98e-02	5.49716e-163
  8.75e-02	  4.04e-02	8.22407e-196
  8.75e-02	  4.09e-02	1.23036e-228
  8.75e-02	  4.14e-02	1.84068e-261
  8.75e-02	  4.19e-02	2.75372e-294
  8.75e-02	  4.24e-02	0.00000e+00
  8.75e-02	  4.30e-02	0.00000e+00
  8.75e-02	  4.35e-02	0.00000e+00
  8.75e-02	  4.40e-02	0.00000e+00
  8.75e-02	  4.45e-02	0.00000e+00
  8.75e-02	  4.51e-02	0.00000e+00
  8.75e-02	  4.56e-02	0.00000e+00
  8.75e-02	  4.61e-02	0.00000e+00
  8.75e-02	  4.66e-02	0.00000e+00
  8.75e-02	  4.71e-02	0.00000e+00
  8.75e-02	  4.77e-02	0.00000e+00
  8.75e-02	  4.82e-02	0.00000e+00
  8.75e-02	  4.87e-02	0.00000e+00
  8.75e-02	  4.92e-02	0.00000e+00
  8.75e-02	  4.97e-02	0.00000e+00

  8.83e-02	  2.60e-04	0.00000e+00
  8.83e-02	  7.81e-04	0.00000e+00
  8.83e-02	  1.30e-03	0.00000e+00
  8.83e-02	  1.82e-03	0.00000e+00
  8.83e-02	  2.34e-03	0.00000e+00
  8.83e-02	  2.86e-03	0.00000e+00
  8.83e-02	  3.39e-03	0.00000e+00
  8.83e-02	  3.91e-03	0.00000e+00
  8.83e-02	  4.43e-03	0.00000e+00
  8.83e-02	  4.95e-03	0.00000e+00
  8.83e-02	  5.47e-03	0.00000e+00
  8.83e-02	  5.99e-03	0.00000e+00
  8.83e-02	  6.51e-03	0.00000e+00
  8.83e-02	  7.03e-03	0.00000e+00
  8.83e-02	  7.55e-03	0.00000e+00
  8.83e-02	  8.07e-03	2.46444e-294
  8.83e-02	  8.59e-03	1.64691e-261
  8.83e-02	  9.11e-03	1.10057e-228
  8.83e-02	  9.64e-03	7.35468e-196
  8.83e-02	  1.02e-02	4.91483e-163
  8.83e-02	  1.07e-02	3.28436e-130
  8.83e-02	  1.12e-02	2.19478e-97
  8.83e-02	  1.17e-02	1.46666e-64
  8.83e-02	  1.22e-02	9.80093e-32
  8.83e-02	  1.28e-02	1.58211e-01
  8.83e-02	  1.33e-02	2.24479e-01
  8.83e-02	  1.38e-02	2.77873e-01
  8.83e-02	  1.43e-02	3.18148e-01
  8.83e-02	  1.48e-02	3.45101e-01
  8.83e-02	  1.54e-02	3.58606e-01
  8.83e-02	  1.59e-02	3.58606e-01
  8.83e-02	  1.64e-02	3.45101e-01
  8.83e-02	  1.69e-02	3.18147e-01
  8.83e-02	  1.74e-02	2.77872e-01
  8.83e-02	  1.80e-02	2.24478e-01
  8.83e-02	  1.85e-02	1.58211e-01
  8.83e-02	  1.90e-02	9.80092e-32
  8.83e-02	  1.95e-02	1.46666e-64
  8.83e-02	  2.01e-02	4.57324e-97
  8.83e-02	  2.06e-02	1.58955e-64
  8.83e-02	  2.11e-02	1.06230e-31
  8.83e-02	  2.16e-02	1.72287e-01
  8.83e-02	  2.21e-02	2.45578e-01
  8.83e-02	  2.27e-02	3.06023e-01
  8.83e-02	  2.32e-02	3.53348e-01
  8.83e-02	  2.37e-02	3.87309e-01
  8.83e-02	  2.42e-02	4.07740e-01
  8.83e-02	  2.47e-02	4.14558e-01
  8.83e-02	  2.53e-02	4.07740e-01
  8.83e-02	  2.58e-02	3.87308e-01
  8.83e-02	  2.63e-02	3.53347e-01
  8.83e-02	  2.68e-02	3.06022e-01
  8.83e-02	  2.73e-02	2.45577e-01
  8.83e-02	  2.79e-02	1.72286e-01
  8.83e-02	  2.84e-02	1.06230e-31
  8.83e-02	  2.89e-02	1.58955e-64
  8.83e-02	  2.94e-02	4.83254e-97
  8.83e-02	  2.99e-02	1.64035e-64
  8.83e-02	  3.05e-02	1.09643e-31
  8.83e-02	  3.10e-02	1.77051e-01
  8.83e-02	  3.15e-02	2.52315e-01
  8.83e-02	  3.20e-02	3.14366e-01
  8.83e-02	  3.26e-02	3.62935e-01
  8.83e-02	  3.31e-02	3.97780e-01
  8.83e-02	  3.36e-02	4.18739e-01
  8.83e-02	  3.41e-02	4.25733e-01
  8.83e-02	  3.46e-02	4.18739e-01
  8.83e-02	  3.52e-02	3.97780e-01
  8.83e-02	  3.57e-02	3.62935e-01
  8.83e-02	  3.62e-02	3.14367e-01
  8.83e-02	  3.67e-02	2.52316e-01
  8.83e-02	  3.72e-02	1.77051e-01
  8.83e-02	  3.78e-02	1.09643e-31
  8.83e-02	  3.83e-02	1.64034e-64
  8.83e-02	  3.88e-02	2.45408e-97
  8.83e-02	  3.93e-02	3.67147e-130
  8.83e-02	  3.98e-02	5.49274e-163
  8.83e-02	  4.04e-02	8.21745e-196
  8.83e-02	  4.09e-02	1.22937e-228
  8.83e-02	  4.14e-02	1.83919e-261
  8.83e-02	  4.19e-02	2.75151e-294
  8.83e-02	  4.24e-02	0.00000e+00
  8.83e-02	  4.30e-02	0.00000e+00
  8.83e-02	  4.35e-02	0.00000e+00
  8.83e-02	  4.40e-02	0.00000e+00
  8.83e-02	  4.45e-02	0.00000e+00
  8.83e-02	  4.51e-02	0.00000e+00
  8.83e-02	  4.56e-02	0.00000e+00
  8.83e-02	  4.61e-02	0.00000e+00
  8.83e-02	  4.66e-02	0.00000e+00
  8.83e-02	  4.71e-02	0.00000e+00
  8.83e-02	  4.77e-02	0.00000e+00
  8.83e-02	  4.82e-02	0.00000e+00
  8.83e-02	  4.87e-02	0.00000e+00
  8.83e-02	  4.92e-02	0.00000e+00
  8.83e-02	  4.97e-02	0.00000e+00

  8.91e-02	  2.60e-04	0.00000e+00
  8.91e-02	  7.81e-04	0.00000e+00
  8.91e-02	  1.30e-03	0.00000e+00
  8.91e-02	  1.82e-03	0.00000e+00
  8.91e-02	  2.34e-03	0.00000e+00
  8.91e-02	  2.86e-03	0.00000e+00
  8.91e-02	  3.39e-03	0.00000e+00
  8.91e-02	  3.91e-03	0.00000e+00
  8.91e-02	  4.43e-03	0.00000e+00
  8.91e-02	  4.95e-03	0.00000e+00
  8.91e-02	  5.47e-03	0.00000e+00
  8.91e-02	  5.99e-03	0.00000e+00
  8.91e-02	  6.51e-03	0.00000e+00
  8.91e-02	  7.03e-03	0.00000e+00
  8.91e-02	  7.55e-03	0.00000e+00
  8.91e-02	  8.07e-03	2.46229e-294
  8.91e-02	  8.59e-03	1.64547e-261
  8.91e-02	  9.11e-03	1.09961e-228
  8.91e-02	  9.64e-03	7.34826e-196
  8.91e-02	  1.02e-02	4.91054e-163
  8.91e-02	  1.07e-02	3.28150e-130
  8.91e-02	  1.12e-02	2.19287e-97
  8.91e-02	  1.17e-02	1.46539e-64
  8.91e-02	  1.22e-02	9.79240e-32
  8.91e-02	  1.28e-02	1.58211e-01
  8.91e-02	  1.33e-02	2.24478e-01
  8.91e-02	  1.38e-02	2.77873e-01
  8.91e-02	  1.43e-02	3.18148e-01
  8.91e-02	  1.48e-02	3.45102e-01
  8.91e-02	  1.54e-02	3.58607e-01
  8.91e-02	  1.59e-02	3.58607e-01
  8.91e-02	  1.64e-02	3.45102e-01
  8.91e-02	  1.69e-02	3.18148e-01
  8.91e-02	  1.74e-02	2.77872e-01
  8.91e-02	  1.80e-02	2.24478e-01
  8.91e-02	  1.85e-02	1.58210e-01
  8.91e-02	  1.90e-02	9.79239e-32
  8.91e-02	  1.95e-02	1.46539e-64
  8.91e-02	  2.01e-02	4.56945e-97
  8.91e-02	  2.06e-02	1.58829e-64
  8.91e-02	  2.11e-02	1.06146e-31
  8.91e-02	  2.16e-02	1.72287e-01
  8.91e-02	  2.21e-02	2.45578e-01
  8.91e-02	  2.27e-02	3.06023e-01
  8.91e-02	  2.32e-02	3.53348e-01
  8.91e-02	  2.37e-02	3.87310e-01
  8.91e-02	  2.42e-02	4.07741e-01
  8.91e-02	  2.47e-02	4.14559e-01
  8.91e-02	  2.53e-02	4.07741e-01
  8.91e-02	  2.58e-02	3.87309e-01
  8.91e-02	  2.63e-02	3.53347e-01
  8.91e-02	  2.68e-02	3.06022e-01
  8.91e-02	  2.73e-02	2.45577e-01
  8.91e-02	  2.79e-02	1.72286e-01
  8.91e-02	  2.84e-02	1.06146e-31
  8.91e-02	  2.89e-02	1.58829e-64
  8.91e-02	  2.94e-02	4.82871e-97
  8.91e-02	  2.99e-02	1.63905e-64
  8.91e-02	  3.05e-02	1.09556e-31
  8.91e-02	  3.10e-02	1.77050e-01
  8.91e-02	  3.15e-02	2.52315e-01
  8.91e-02	  3.20e-02	3.14366e-01
  8.91e-02	  3.26e-02	3.62935e-01
  8.91e-02	  3.31e-02	3.97780e-01
  8.91e-02	  3.36e-02	4.18740e-01
  8.91e-02	  3.41e-02	4.25734e-01
  8.91e-02	  3.46e-02	4.18740e-01
  8.91e-02	  3.52e-02	3.97780e-01
  8.91e-02	  3.57e-02	3.62935e-01
  8.91e-02	  3.62e-02	3.14366e-01
  8.91e-02	  3.67e-02	2.52315e-01
  8.91e-02	  3.72e-02	1.77050e-01
  8.91e-02	  3.78e-02	1.09556e-31
  8.91e-02	  3.83e-02	1.63905e-64
  8.91e-02	  3.88e-02	2.45213e-97
  8.91e-02	  3.93e-02	3.66856e-130
  8.91e-02	  3.98e-02	5.48839e-163
  8.91e-02	  4.04e-02	8.21094e-196
  8.91e-02	  4.09e-02	1.22840e-228
  8.91e-02	  4.14e-02	1.83774e-261
  8.91e-02	  4.19e-02	2.74932e-294
  8.91e-02	  4.24e-02	0.00000e+00
  8.91e-02	  4.30e-02	0.00000e+00
  8.91e-02	  4.35e-02	0.00000e+00
  8.91e-02	  4.40e-02	0.00000e+00
  8.91e-02	  4.45e-02	0.00000e+00
  8.91e-02	  4.51e-02	0.00000e+00
  8.91e-02	  4.56e-02	0.00000e+00
  8.91e-02	  4.61e-02	0.00000e+00
  8.91e-02	  4.66e-02	0.00000e+00
  8.91e-02	  4.71e-02	0.00000e+00
  8.91e-02	  4.77e-02	0.00000e+00
  8.91e-02	  4.82e-02	0.00000e+00
  8.91e-02	  4.87e-02	0.00000e+00
  8.91e-02	  4.92e-02	0.00000e+00
  8.91e-02	  4.97e-02	0.00000e+00

  8.98e-02	  2.60e-04	0.00000e+00
  8.98e-02	  7.81e-04	0.00000e+00
  8.98e-02	  1.30e-03	0.00000e+00
  8.98e-02	  1.82e-03	0.00000e+00
  8.98e-02	  2.34e-03	0.00000e+00
  8.98e-02	  2.86e-03	0.00000e+00
  8.98e-02	  3.39e-03	0.00000e+00
  8.98e-02	  3.91e-03	0.00000e+00
  8.98e-02	  4.43e-03	0.00000e+00
  8.98e-02	  4.95e-03	0.00000e+00
  8.98e-02	  5.47e-03	0.00000e+00
  8.98e-02	  5.99e-03	0.00000e+00
  8.98e-02	  6.51e-03	0.00000e+00
  8.98e-02	  7.03e-03	0.00000e+00
  8.98e-02	  7.55e-03	0.00000e+00
  8.98e-02	  8.07e-03	2.46014e-294
  8.98e-02	  8.59e-03	1.64403e-261
  8.98e-02	  9.11e-03	1.09865e-228
  8.98e-02	  9.64e-03	7.34186e-196
  8.98e-02	  1.02e-02	4.90627e-163
  8.98e-02	  1.07e-02	3.27865e-130
  8.98e-02	  1.12e-02	2.19097e-97
  8.98e-02	  1.17e-02	1.46411e-64
  8.98e-02	  1.22e-02	9.78390e-32
  8.98e-02	  1.28e-02	1.58210e-01
  8.98e-02	  1.33e-02	2.24478e-01
  8.98e-02	  1.38e-02	2.77873e-01
  8.98e-02	  1.43e-02	3.18148e-01
  8.98e-02	  1.48e-02	3.45103e-01
  8.98e-02	  1.54e-02	3.58608e-01
  8.98e-02	  1.59e-02	3.58607e-01
  8.98e-02	  1.64e-02	3.45102e-01
  8.98e-02	  1.69e-02	3.18148e-01
  8.98e-02	  1.74e-02	2.77872e-01
  8.98e-02	  1.80e-02	2.24477e-01
  8.98e-02	  1.85e-02	1.58210e-01
  8.98e-02	  1.90e-02	9.78388e-32
  8.98e-02	  1.95e-02	1.46411e-64
  8.98e-02	  2.01e-02	4.56567e-97
  8.98e-02	  2.06e-02	1.58704e-64
  8.98e-02	  2.11e-02	1.06063e-31
  8.98e-02	  2.16e-02	1.72286e-01
  8.98e-02	  2.21e-02	2.45577e-01
  8.98e-02	  2.27e-02	3.06023e-01
  8.98e-02	  2.32e-02	3.53349e-01
  8.98e-02	  2.37e-02	3.87310e-01
  8.98e-02	  2.42e-02	4.07742e-01
  8.98e-02	  2.47e-02	4.14560e-01
  8.98e-02	  2.53e-02	4.07741e-01
  8.98e-02	  2.58e-02	3.87309e-01
  8.98e-02	  2.63e-02	3.53347e-01
  8.98e-02	  2.68e-02	3.06022e-01
  8.98e-02	  2.73e-02	2.45576e-01
  8.98e-02	  2.79e-02	1.72285e-01
  8.98e-02	  2.84e-02	1.06063e-31
  8.98e-02	  2.89e-02	1.58704e-64
  8.98e-02	  2.94e-02	4.82492e-97
  8.98e-02	  2.99e-02	1.63776e-64
  8.98e-02	  3.05e-02	1.09470e-31
  8.98e-02	  3.10e-02	1.77049e-01
  8.98e-02	  3.15e-02	2.52314e-01
  8.98e-02	  3.20e-02	3.14366e-01
  8.98e-02	  3.26e-02	3.62935e-01
  8.98e-02	  3.31e-02	3.97781e-01
  8.98e-02	  3.36e-02	4.18741e-01
  8.98e-02	  3.41e-02	4.25735e-01
  8.98e-02	  3.46e-02	4.18741e-01
  8.98e-02	  3.52e-02	3.97781e-01
  8.98e-02	  3.57e-02	3.62935e-01
  8.98e-02	  3.62e-02	3.14366e-01
  8.98e-02	  3.67e-02	2.52314e-01
  8.98e-02	  3.72e-02	1.77050e-01
  8.98e-02	  3.78e-02	1.09470e-31
  8.98e-02	  3.83e-02	1.63776e-64
  8.98e-02	  3.88e-02	2.45021e-97
  8.98e-02	  3.93e-02	3.66568e-130
  8.98e-02	  3.98e-02	5.48409e-163
  8.98e-02	  4.04e-02	8.20450e-196
  8.98e-02	  4.09e-02	1.22743e-228
  8.98e-02	  4.14e-02	1.83629e-261
  8.98e-02	  4.19e-02	2.74716e-294
  8.98e-02	  4.24e-02	0.00000e+00
  8.98e-02	  4.30e-02	0.00000e+00
  8.98e-02	  4.35e-02	0.00000e+00
  8.98e-02	  4.40e-02	0.00000e+00
  8.98e-02	  4.45e-02	0.00000e+00
  8.98e-02	  4.51e-02	0.00000e+00
  8.98e-02	  4.56e-02	0.00000e+00
  8.98e-02	  4.61e-02	0.00000e+00
  8.98e-02	  4.66e-02	0.00000e+00
  8.98e-02	  4.71e-02	0.00000e+00
  8.98e-02	  4.77e-02	0.00000e+00
  8.98e-02	  4.82e-02	0.00000e+00
  8.98e-02	  4.87e-02	0.00000e+00
  8.98e-02	  4.92e-02	0.00000e+00
  8.98e-02	  4.97e-02	0.00000e+00

  9.06e-02	  2.60e-04	0.00000e+00
  9.06e-02	  7.81e-04	0.00000e+00
  9.06e-02	  1.30e-03	0.00000e+00
  9.06e-02	  1.82e-03	0.00000e+00
  9.06e-02	  2.34e-03	0.00000e+00
  9.06e-02	  2.86e-03	0.00000e+00
  9.06e-02	  3.39e-03	0.00000e+00
  9.06e-02	  3.91e-03	0.00000e+00
  9.06e-02	  4.43e-03	0.00000e+00
  9.06e-02	  4.95e-03	0.00000e+00
  9.06e-02	  5.47e-03	0.00000e+00
  9.06e-02	  5.99e-03	0.00000e+00
  9.06e-02	  6.51e-03	0.00000e+00
  9.06e-02	  7.03e-03	0.00000e+00
  9.06e-02	  7.55e-03	0.00000e+00
  9.06e-02	  8.07e-03	2.45798e-294
  9.06e-02	  8.59e-03	1.64259e-261
  9.06e-02	  9.11e-03	1.09769e-228
  9.06e-02	  9.64e-03	7.33543e-196
  9.06e-02	  1.02e-02	4.90197e-163
  9.06e-02	  1.07e-02	3.27577e-130
  9.06e-02	  1.12e-02	2.18905e-97
  9.06e-02	  1.17e-02	1.46283e-64
  9.06e-02	  1.22e-02	9.77534e-32
  9.06e-02	  1.28e-02	1.58210e-01
  9.06e-02	  1.33e-02	2.24478e-01
  9.06e-02	  1.38e-02	2.77873e-01
  9.06e-02	  1.43e-02	3.18149e-01
  9.06e-02	  1.48e-02	3.45103e-01
  9.06e-02	  1.54e-02	3.58608e-01
  9.06e-02	  1.59e-02	3.58608e-01
  9.06e-02	  1.64e-02	3.45102e-01
  9.06e-02	  1.69e-02	3.18148e-01
  9.06e-02	  1.74e-02	2.77872e-01
  9.06e-02	  1.80e-02	2.24477e-01
  9.06e-02	  1.85e-02	1.58209e-01
  9.06e-02	  1.90e-02	9.77531e-32
  9.06e-02	  1.95e-02	1.46283e-64
  9.06e-02	  2.01e-02	4.56189e-97
  9.06e-02	  2.06e-02	1.58580e-64
  9.06e-02	  2.11e-02	1.05980e-31
  9.06e-02	  2.16e-02	1.72286e-01
  9.06e-02	  2.21e-02	2.45577e-01
  9.06e-02	  2.27e-02	3.06023e-01
  9.06e-02	  2.32e-02	3.53349e-01
  9.06e-02	  2.37e-02	3.87311e-01
  9.06e-02	  2.42e-02	4.07743e-01
  9.06e-02	  2.47e-02	4.14561e-01
  9.06e-02	  2.53e-02	4.07742e-01
  9.06e-02	  2.58e-02	3.87310e-01
  9.06e-02	  2.63e-02	3.53347e-01
  9.06e-02	  2.68e-02	3.06021e-01
  9.06e-02	  2.73e-02	2.45575e-01
  9.06e-02	  2.79e-02	1.72285e-01
  9.06e-02	  2.84e-02	1.05980e-31
  9.06e-02	  2.89e-02	1.58580e-64
  9.06e-02	  2.94e-02	4.82114e-97
  9.06e-02	  2.99e-02	1.63648e-64
  9.06e-02	  3.05e-02	1.09384e-31
  9.06e-02	  3.10e-02	1.77049e-01
  9.06e-02	  3.15e-02	2.52313e-01
  9.06e-02	  3.20e-02	3.14365e-01
  9.06e-02	  3.26e-02	3.62935e-01
  9.06e-02	  3.31e-02	3.97781e-01
  9.06e-02	  3.36e-02	4.18742e-01
  9.06e-02	  3.41e-02	4.25736e-01
  9.06e-02	  3.46e-02	4.18742e-01
  9.06e-02	  3.52e-02	3.97782e-01
  9.06e-02	  3.57e-02	3.62935e-01
  9.06e-02	  3.62e-02	3.14366e-01
  9.06e-02	  3.67e-02	2.52314e-01
  9.06e-02	  3.72e-02	1.77049e-01
  9.06e-02	  3.78e-02	1.09385e-31
  9.06e-02	  3.83e-02	1.63648e-64
  9.06e-02	  3.88e-02	2.44830e-97
  9.06e-02	  3.93e-02	3.66282e-130
  9.06e-02	  3.98e-02	5.47980e-163
  9.06e-02	  4.04e-02	8.19808e-196
  9.06e-02	  4.09e-02	1.22647e-228
  9.06e-02	  4.14e-02	1.83486e-261
  9.06e-02	  4.19e-02	2.74501e-294
  9.06e-02	  4.24e-02	0.00000e+00
  9.06e-02	  4.30e-02	0.00000e+00
  9.06e-02	  4.35e-02	0.00000e+00
  9.06e-02	  4.40e-02	0.00000e+00
  9.06e-02	  4.45e-02	0.00000e+00
  9.06e-02	  4.51e-02	0.00000e+00
  9.06e-02	  4.56e-02	0.00000e+00
  9.06e-02	  4.61e-02	0.00000e+00
  9.06e-02	  4.66e-02	0.00000e+00
  9.06e-02	  4.71e-02	0.00000e+00
  9.06e-02	  4.77e-02	0.00000e+00
  9.06e-02	  4.82e-02	0.00000e+00
  9.06e-02	  4.87e-02	0.00000e+00
  9.06e-02	  4.92e-02	0.00000e+00
  9.06e-02	  4.97e-02	0.00000e+00

  9.14e-02	  2.60e-04	0.00000e+00
  9.14e-02	  7.81e-04	0.00000e+00
  9.14e-02	  1.30e-03	0.00000e+00
  9.14e-02	  1.82e-03	0.00000e+00
  9.14e-02	  2.34e-03	0.00000e+00
  9.14e-02	  2.86e-03	0.00000e+00
  9.14e-02	  3.39e-03	0.00000e+00
  9.14e-02	  3.91e-03	0.00000e+00
  9.14e-02	  4.43e-03	0.00000e+00
  9.14e-02	  4.95e-03	0.00000e+00
  9.14e-02	  5.47e-03	0.00000e+00
  9.14e-02	  5.99e-03	0.00000e+00
  9.14e-02	  6.51e-03	0.00000e+00
  9.14e-02	  7.03e-03	0.00000e+00
  9.14e-02	  7.55e-03	0.00000e+00
  9.14e-02	  8.07e-03	2.45578e-294
  9.14e-02	  8.59e-03	1.64112e-261
  9.14e-02	  9.11e-03	1.09671e-228
  9.14e-02	  9.64e-03	7.32887e-196
  9.14e-02	  1.02e-02	4.89759e-163
  9.14e-02	  1.07e-02	3.27285e-130
  9.14e-02	  1.12e-02	2.18709e-97
  9.14e-02	  1.17e-02	1.46153e-64
  9.14e-02	  1.22e-02	9.76661e-32
  9.14e-02	  1.28e-02	1.58210e-01
  9.14e-02	  1.33e-02	2.24478e-01
  9.14e-02	  1.38e-02	2.77873e-01
  9.14e-02	  1.43e-02	3.18149e-01
  9.14e-02	  1.48e-02	3.45104e-01
  9.14e-02	  1.54e-02	3.58609e-01
  9.14e-02	  1.59e-02	3.58608e-01
  9.14e-02	  1.64e-02	3.45102e-01
  9.14e-02	  1.69e-02	3.18148e-01
  9.14e-02	  1.74e-02	2.77871e-01
  9.14e-02	  1.80e-02	2.24476e-01
  9.14e-02	  1.85e-02	1.58209e-01
  9.14e-02	  1.90e-02	9.76657e-32
  9.14e-02	  1.95e-02	1.46152e-64
  9.14e-02	  2.01e-02	4.55806e-97
  9.14e-02	  2.06e-02	1.58454e-64
  9.14e-02	  2.11e-02	1.05896e-31
  9.14e-02	  2.16e-02	1.72285e-01
  9.14e-02	  2.21e-02	2.45576e-01
  9.14e-02	  2.27e-02	3.06023e-01
  9.14e-02	  2.32e-02	3.53349e-01
  9.14e-02	  2.37e-02	3.87311e-01
  9.14e-02	  2.42e-02	4.07743e-01
  9.14e-02	  2.47e-02	4.14562e-01
  9.14e-02	  2.53e-02	4.07743e-01
  9.14e-02	  2.58e-02	3.87310e-01
  9.14e-02	  2.63e-02	3.53347e-01
  9.14e-02	  2.68e-02	3.06021e-01
  9.14e-02	  2.73e-02	2.45575e-01
  9.14e-02	  2.79e-02	1.72284e-01
  9.14e-02	  2.84e-02	1.05896e-31
  9.14e-02	  2.89e-02	1.58454e-64
  9.14e-02	  2.94e-02	4.81733e-97
  9.14e-02	  2.99e-02	1.63519e-64
  9.14e-02	  3.05e-02	1.09298e-31
  9.14e-02	  3.10e-02	1.77048e-01
  9.14e-02	  3.15e-02	2.52313e-01
  9.14e-02	  3.20e-02	3.14365e-01
  9.14e-02	  3.26e-02	3.62935e-01
  9.14e-02	  3.31e-02	3.97782e-01
  9.14e-02	  3.36e-02	4.18742e-01
  9.14e-02	  3.41e-02	4.25737e-01
  9.14e-02	  3.46e-02	4.18743e-01
  9.14e-02	  3.52e-02	3.97782e-01
  9.14e-02	  3.57e-02	3.62936e-01
  9.14e-02	  3.62e-02	3.14366e-01
  9.14e-02	  3.67e-02	2.52313e-01
  9.14e-02	  3.72e-02	1.77049e-01
  9.14e-02	  3.78e-02	1.09299e-31
  9.14e-02	  3.83e-02	1.63519e-64
  9.14e-02	  3.88e-02	2.44637e-97
  9.14e-02	  3.93e-02	3.65993e-130
  9.14e-02	  3.98e-02	5.47548e-163
  9.14e-02	  4.04e-02	8.19162e-196
  9.14e-02	  4.09e-02	1.22551e-228
  9.14e-02	  4.14e-02	1.83341e-261
  9.14e-02	  4.19e-02	2.74284e-294
  9.14e-02	  4.24e-02	0.00000e+00
  9.14e-02	  4.30e-02	0.00000e+00
  9.14e-02	  4.35e-02	0.00000e+00
  9.14e-02	  4.40e-02	0.00000e+00
  9.14e-02	  4.45e-02	0.00000e+00
  9.14e-02	  4.51e-02	0.00000e+00
  9.14e-02	  4.56e-02	0.00000e+00
  9.14e-02	  4.61e-02	0.00000e+00
  9.14e-02	  4.66e-02	0.00000e+00
  9.14e-02	  4.71e-02	0.00000e+00
  9.14e-02	  4.77e-02	0.00000e+00
  9.14e-02	  4.82e-02	0.00000e+00
  9.14e-02	  4.87e-02	0.00000e+00
  9.14e-02	  4.92e-02	0.00000e+00
  9.14e-02	  4.97e-02	0.00000e+00

  9.22e-02	  2.60e-04	0.00000e+00
  9.22e-02	  7.81e-04	0.00000e+00
  9.22e-02	  1.30e-03	0.00000e+00
  9.22e-02	  1.82e-03	0.00000e+00
  9.22e-02	  2.34e-03	0.00000e+00
  9.22e-02	  2.86e-03	0.00000e+00
  9.22e-02	  3.39e-03	0.00000e+00
  9.22e-02	  3.91e-03	0.00000e+00
  9.22e-02	  4.43e-03	0.00000e+00
  9.22e-02	  4.95e-03	0.00000e+00
  9.22e-02	  5.47e-03	0.00000e+00
  9.22e-02	  5.99e-03	0.00000e+00
  9.22e-02	  6.51e-03	0.00000e+00
  9.22e-02	  7.03e-03	0.00000e+00
  9.22e-02	  7.55e-03	0.00000e+00
  9.22e-02	  8.07e-03	2.45351e-294
  9.22e-02	  8.59e-03	1.63960e-261
  9.22e-02	  9.11e-03	1.09569e-228
  9.22e-02	  9.64e-03	7.32210e-196
  9.22e-02	  1.02e-02	4.89306e-163
  9.22e-02	  1.07e-02	3.26982e-130
  9.22e-02	  1.12e-02	2.18507e-97
  9.22e-02	  1.17e-02	1.46018e-64
  9.22e-02	  1.22e-02	9.75758e-32
  9.22e-02	  1.28e-02	1.58210e-01
  9.22e-02	  1.33e-02	2.24478e-01
  9.22e-02	  1.38e-02	2.77874e-01
  9.22e-02	  1.43e-02	3.18150e-01
  9.22e-02	  1.48e-02	3.45104e-01
  9.22e-02	  1.54e-02	3.58609e-01
  9.22e-02	  1.59e-02	3.58608e-01
  9.22e-02	  1.64e-02	3.45102e-01
  9.22e-02	  1.69e-02	3.18147e-01
  9.22e-02	  1.74e-02	2.77871e-01
  9.22e-02	  1.80e-02	2.24476e-01
  9.22e-02	  1.85e-02	1.58208e-01
  9.22e-02	  1.90e-02	9.75751e-32
  9.22e-02	  1.95e-02	1.46017e-64
  9.22e-02	  2.01e-02	4.55411e-97
  9.22e-02	  2.06e-02	1.58326e-64
  9.22e-02	  2.11e-02	1.05810e-31
  9.22e-02	  2.16e-02	1.72285e-01
  9.22e-02	  2.21e-02	2.45576e-01
  9.22e-02	  2.27e-02	3.06023e-01
  9.22e-02	  2.32e-02	3.53349e-01
  9.22e-02	  2.37e-02	3.87312e-01
  9.22e-02	  2.42e-02	4.07744e-01
  9.22e-02	  2.47e-02	4.14562e-01
  9.22e-02	  2.53e-02	4.07743e-01
  9.22e-02	  2.58e-02	3.87310e-01
  9.22e-02	  2.63e-02	3.53347e-01
  9.22e-02	  2.68e-02	3.06021e-01
  9.22e-02	  2.73e-02	2.45574e-01
  9.22e-02	  2.79e-02	1.72284e-01
  9.22e-02	  2.84e-02	1.05810e-31
  9.22e-02	  2.89e-02	1.58326e-64
  9.22e-02	  2.94e-02	4.81344e-97
  9.22e-02	  2.99e-02	1.63387e-64
  9.22e-02	  3.05e-02	1.09210e-31
  9.22e-02	  3.10e-02	1.77047e-01
  9.22e-02	  3.15e-02	2.52312e-01
  9.22e-02	  3.20e-02	3.14364e-01
  9.22e-02	  3.26e-02	3.62935e-01
  9.22e-02	  3.31e-02	3.97782e-01
  9.22e-02	  3.36e-02	4.18743e-01
  9.22e-02	  3.41e-02	4.25737e-01
  9.22e-02	  3.46e-02	4.18743e-01
  9.22e-02	  3.52e-02	3.97783e-01
  9.22e-02	  3.57e-02	3.62936e-01
  9.22e-02	  3.62e-02	3.14366e-01
  9.22e-02	  3.67e-02	2.52313e-01
  9.22e-02	  3.72e-02	1.77049e-01
  9.22e-02	  3.78e-02	1.09211e-31
  9.22e-02	  3.83e-02	1.63388e-64
  9.22e-02	  3.88e-02	2.44440e-97
  9.22e-02	  3.93e-02	3.65699e-130
  9.22e-02	  3.98e-02	5.47108e-163
  9.22e-02	  4.04e-02	8.18503e-196
  9.22e-02	  4.09e-02	1.22452e-228
  9.22e-02	  4.14e-02	1.83193e-261
  9.22e-02	  4.19e-02	2.74064e-294
  9.22e-02	  4.24e-02	0.00000e+00
  9.22e-02	  4.30e-02	0.00000e+00
  9.22e-02	  4.35e-02	0.00000e+00
  9.22e-02	  4.40e-02	0.00000e+00
  9.22e-02	  4.45e-02	0.00000e+00
  9.22e-02	  4.51e-02	0.00000e+00
  9.22e-02	  4.56e-02	0.00000e+00
  9.22e-02	  4.61e-02	0.00000e+00
  9.22e-02	  4.66e-02	0.00000e+00
  9.22e-02	  4.71e-02	0.00000e+00
  9.22e-02	  4.77e-02	0.00000e+00
  9.22e-02	  4.82e-02	0.00000e+00
  9.22e-02	  4.87e-02	0.00000e+00
  9.22e-02	  4.92e-02	0.00000e+00
  9.22e-02	  4.97e-02	0.00000e+00

  9.30e-02	  2.60e-04	0.00000e+00
  9.30e-02	  7.81e-04	0.00000e+00
  9.30e-02	  1.30e-03	0.00000e+00
  9.30e-02	  1.82e-03	0.00000e+00
  9.30e-02	  2.34e-03	0.00000e+00
  9.30e-02	  2.86e-03	0.00000e+00
  9.30e-02	  3.39e-03	0.00000e+00
  9.30e-02	  3.91e-03	0.00000e+00
  9.30e-02	  4.43e-03	0.00000e+00
  9.30e-02	  4.95e-03	0.00000e+00
  9.30e-02	  5.47e-03	0.00000e+00
  9.30e-02	  5.99e-03	0.00000e+00
  9.30e-02	  6.51e-03	0.00000e+00
  9.30e-02	  7.03e-03	0.00000e+00
  9.30e-02	  7.55e-03	0.00000e+00
  9.30e-02	  8.07e-03	2.45112e-294
  9.30e-02	  8.59e-03	1.63801e-261
  9.30e-02	  9.11e-03	1.09462e-228
  9.30e-02	  9.64e-03	7.31496e-196
  9.30e-02	  1.02e-02	4.88829e-163
  9.30e-02	  1.07e-02	3.26663e-130
  9.30e-02	  1.12e-02	2.18294e-97
  9.30e-02	  1.17e-02	1.45875e-64
  9.30e-02	  1.22e-02	9.74805e-32
  9.30e-02	  1.28e-02	1.58211e-01
  9.30e-02	  1.33e-02	2.24479e-01
  9.30e-02	  1.38e-02	2.77875e-01
  9.30e-02	  1.43e-02	3.18151e-01
  9.30e-02	  1.48e-02	3.45105e-01
  9.30e-02	  1.54e-02	3.58609e-01
  9.30e-02	  1.59e-02	3.58608e-01
  9.30e-02	  1.64e-02	3.45102e-01
  9.30e-02	  1.69e-02	3.18147e-01
  9.30e-02	  1.74e-02	2.77870e-01
  9.30e-02	  1.80e-02	2.24475e-01
  9.30e-02	  1.85e-02	1.58208e-01
  9.30e-02	  1.90e-02	9.74795e-32
  9.30e-02	  1.95e-02	1.45873e-64
  9.30e-02	  2.01e-02	4.54998e-97
  9.30e-02	  2.06e-02	1.58193e-64
  9.30e-02	  2.11e-02	1.05721e-31
  9.30e-02	  2.16e-02	1.72285e-01
  9.30e-02	  2.21e-02	2.45576e-01
  9.30e-02	  2.27e-02	3.06023e-01
  9.30e-02	  2.32e-02	3.53350e-01
  9.30e-02	  2.37e-02	3.87312e-01
  9.30e-02	  2.42e-02	4.07744e-01
  9.30e-02	  2.47e-02	4.14563e-01
  9.30e-02	  2.53e-02	4.07743e-01
  9.30e-02	  2.58e-02	3.87310e-01
  9.30e-02	  2.63e-02	3.53347e-01
  9.30e-02	  2.68e-02	3.06021e-01
  9.30e-02	  2.73e-02	2.45574e-01
  9.30e-02	  2.79e-02	1.72283e-01
  9.30e-02	  2.84e-02	1.05721e-31
  9.30e-02	  2.89e-02	1.58192e-64
  9.30e-02	  2.94e-02	4.80940e-97
  9.30e-02	  2.99e-02	1.63250e-64
  9.30e-02	  3.05e-02	1.09119e-31
  9.30e-02	  3.10e-02	1.77047e-01
  9.30e-02	  3.15e-02	2.52311e-01
  9.30e-02	  3.20e-02	3.14364e-01
  9.30e-02	  3.26e-02	3.62934e-01
  9.30e-02	  3.31e-02	3.97781e-01
  9.30e-02	  3.36e-02	4.18743e-01
  9.30e-02	  3.41e-02	4.25738e-01
  9.30e-02	  3.46e-02	4.18744e-01
  9.30e-02	  3.52e-02	3.97784e-01
  9.30e-02	  3.57e-02	3.62937e-01
  9.30e-02	  3.62e-02	3.14367e-01
  9.30e-02	  3.67e-02	2.52314e-01
  9.30e-02	  3.72e-02	1.77049e-01
  9.30e-02	  3.78e-02	1.09120e-31
  9.30e-02	  3.83e-02	1.63252e-64
  9.30e-02	  3.88e-02	2.44237e-97
  9.30e-02	  3.93e-02	3.65395e-130
  9.30e-02	  3.98e-02	5.46652e-163
  9.30e-02	  4.04e-02	8.17822e-196
  9.30e-02	  4.09e-02	1.22350e-228
  9.30e-02	  4.14e-02	1.83041e-261
  9.30e-02	  4.19e-02	2.73835e-294
  9.30e-02	  4.24e-02	0.00000e+00
  9.30e-02	  4.30e-02	0.00000e+00
  9.30e-02	  4.35e-02	0.00000e+00
  9.30e-02	  4.40e-02	0.00000e+00
  9.30e-02	  4.45e-02	0.00000e+00
  9.30e-02	  4.51e-02	0.00000e+00
  9.30e-02	  4.56e-02	0.00000e+00
  9.30e-02	  4.61e-02	0.00000e+00
  9.30e-02	  4.66e-02	0.00000e+00
  9.30e-02	  4.71e-02	0.00000e+00
  9.30e-02	  4.77e-02	0.00000e+00
  9.30e-02	  4.82e-02	0.00000e+00
  9.30e-02	  4.87e-02	0.00000e+00
  9.30e-02	  4.92e-02	0.00000e+00
  9.30e-02	  4.97e-02	0.00000e+00

  9.37e-02	  2.60e-04	0.00000e+00
  9.37e-02	  7.81e-04	0.00000e+00
  9.37e-02	  1.30e-03	0.00000e+00
  9.37e-02	  1.82e-03	0.00000e+00
  9.37e-02	  2.34e-03	0.00000e+00
  9.37e-02	  2.86e-03	0.00000e+00
  9.37e-02	  3.39e-03	0.00000e+00
  9.37e-02	  3.91e-03	0.00000e+00
  9.37e-02	  4.43e-03	0.00000e+00
  9.37e-02	  4.95e-03	0.00000e+00
  9.37e-02	  5.47e-03	0.00000e+00
  9.37e-02	  5.99e-03	0.00000e+00
  9.37e-02	  6.51e-03	0.00000e+00
  9.37e-02	  7.03e-03	0.00000e+00
  9.37e-02	  7.55e-03	0.00000e+00
  9.37e-02	  8.07e-03	2.44855e-294
  9.37e-02	  8.59e-03	1.63629e-261
  9.37e-02	  9.11e-03	1.09347e-228
  9.37e-02	  9.64e-03	7.30727e-196
  9.37e-02	  1.02e-02	4.88315e-163
  9.37e-02	  1.07e-02	3.26319e-130
  9.37e-02	  1.12e-02	2.18064e-97
  9.37e-02	  1.17e-02	1.45721e-64
  9.37e-02	  1.22e-02	9.73775e-32
  9.37e-02	  1.28e-02	1.58212e-01
  9.37e-02	  1.33e-02	2.24480e-01
  9.37e-02	  1.38e-02	2.77876e-01
  9.37e-02	  1.43e-02	3.18152e-01
  9.37e-02	  1.48e-02	3.45105e-01
  9.37e-02	  1.54e-02	3.58609e-01
  9.37e-02	  1.59e-02	3.58608e-01
  9.37e-02	  1.64e-02	3.45101e-01
  9.37e-02	  1.69e-02	3.18146e-01
  9.37e-02	  1.74e-02	2.77869e-01
  9.37e-02	  1.80e-02	2.24474e-01
  9.37e-02	  1.85e-02	1.58207e-01
  9.37e-02	  1.90e-02	9.73758e-32
  9.37e-02	  1.95e-02	1.45718e-64
  9.37e-02	  2.01e-02	4.54555e-97
  9.37e-02	  2.06e-02	1.58052e-64
  9.37e-02	  2.11e-02	1.05627e-31
  9.37e-02	  2.16e-02	1.72285e-01
  9.37e-02	  2.21e-02	2.45577e-01
  9.37e-02	  2.27e-02	3.06024e-01
  9.37e-02	  2.32e-02	3.53350e-01
  9.37e-02	  2.37e-02	3.87313e-01
  9.37e-02	  2.42e-02	4.07744e-01
  9.37e-02	  2.47e-02	4.14562e-01
  9.37e-02	  2.53e-02	4.07743e-01
  9.37e-02	  2.58e-02	3.87310e-01
  9.37e-02	  2.63e-02	3.53347e-01
  9.37e-02	  2.68e-02	3.06020e-01
  9.37e-02	  2.73e-02	2.45574e-01
  9.37e-02	  2.79e-02	1.72283e-01
  9.37e-02	  2.84e-02	1.05626e-31
  9.37e-02	  2.89e-02	1.58051e-64
  9.37e-02	  2.94e-02	4.80511e-97
  9.37e-02	  2.99e-02	1.63105e-64
  9.37e-02	  3.05e-02	1.09022e-31
  9.37e-02	  3.10e-02	1.77046e-01
  9.37e-02	  3.15e-02	2.52310e-01
  9.37e-02	  3.20e-02	3.14363e-01
  9.37e-02	  3.26e-02	3.62933e-01
  9.37e-02	  3.31e-02	3.97781e-01
  9.37e-02	  3.36e-02	4.18742e-01
  9.37e-02	  3.41e-02	4.25737e-01
  9.37e-02	  3.46e-02	4.18744e-01
  9.37e-02	  3.52e-02	3.97784e-01
  9.37e-02	  3.57e-02	3.62938e-01
  9.37e-02	  3.62e-02	3.14368e-01
  9.37e-02	  3.67e-02	2.52315e-01
  9.37e-02	  3.72e-02	1.77050e-01
  9.37e-02	  3.78e-02	1.09023e-31
  9.37e-02	  3.83e-02	1.63108e-64
  9.37e-02	  3.88e-02	2.44021e-97
  9.37e-02	  3.93e-02	3.65072e-130
  9.37e-02	  3.98e-02	5.46170e-163
  9.37e-02	  4.04e-02	8.17100e-196
  9.37e-02	  4.09e-02	1.22242e-228
  9.37e-02	  4.14e-02	1.82879e-261
  9.37e-02	  4.19e-02	2.73594e-294
  9.37e-02	  4.24e-02	0.00000e+00
  9.37e-02	  4.30e-02	0.00000e+00
  9.37e-02	  4.35e-02	0.00000e+00
  9.37e-02	  4.40e-02	0.00000e+00
  9.37e-02	  4.45e-02	0.00000e+00
  9.37e-02	  4.51e-02	0.00000e+00
  9.37e-02	  4.56e-02	0.00000e+00
  9.37e-02	  4.61e-02	0.00000e+00
  9.37e-02	  4.66e-02	0.00000e+00
  9.37e-02	  4.71e-02	0.00000e+00
  9.37e-02	  4.77e-02	0.00000e+00
  9.37e-02	  4.82e-02	0.00000e+00
  9.37e-02	  4.87e-02	0.00000e+00
  9.37e-02	  4.92e-02	0.00000e+00
  9.37e-02	  4.97e-02	0.00000e+00

  9.45e-02	  2.60e-04	0.00000e+00
  9.45e-02	  7.81e-04	0.00000e+00
  9.45e-02	  1.30e-03	0.00000e+00
  9.45e-02	  1.82e-03	0.00000e+00
  9.45e-02	  2.34e-03	0.00000e+00
  9.45e-02	  2.86e-03	0.00000e+00
  9.45e-02	  3.39e-03	0.00000e+00
  9.45e-02	  3.91e-03	0.00000e+00
  9.45e-02	  4.43e-03	0.00000e+00
  9.45e-02	  4.95e-03	0.00000e+00
  9.45e-02	  5.47e-03	0.00000e+00
  9.45e-02	  5.99e-03	0.00000e+00
  9.45e-02	  6.51e-03	0.00000e+00
  9.45e-02	  7.03e-03	0.00000e+00
  9.45e-02	  7.55e-03	0.00000e+00
  9.45e-02	  8.07e-03	2.44570e-294
  9.45e-02	  8.59e-03	1.63438e-261
  9.45e-02	  9.11e-03	1.09220e-228
  9.45e-02	  9.64e-03	7.29874e-196
  9.45e-02	  1.02e-02	4.87744e-163
  9.45e-02	  1.07e-02	3.25937e-130
  9.45e-02	  1.12e-02	2.17808e-97
  9.45e-02	  1.17e-02	1.45550e-64
  9.45e-02	  1.22e-02	9.72631e-32
  9.45e-02	  1.28e-02	1.58214e-01
  9.45e-02	  1.33e-02	2.24483e-01
  9.45e-02	  1.38e-02	2.77879e-01
  9.45e-02	  1.43e-02	3.18154e-01
  9.45e-02	  1.48e-02	3.45106e-01
  9.45e-02	  1.54e-02	3.58609e-01
  9.45e-02	  1.59e-02	3.58607e-01
  9.45e-02	  1.64e-02	3.45100e-01
  9.45e-02	  1.69e-02	3.18144e-01
  9.45e-02	  1.74e-02	2.77868e-01
  9.45e-02	  1.80e-02	2.24473e-01
  9.45e-02	  1.85e-02	1.58206e-01
  9.45e-02	  1.90e-02	9.72605e-32
  9.45e-02	  1.95e-02	1.45546e-64
  9.45e-02	  2.01e-02	4.54067e-97
  9.45e-02	  2.06e-02	1.57898e-64
  9.45e-02	  2.11e-02	1.05524e-31
  9.45e-02	  2.16e-02	1.72286e-01
  9.45e-02	  2.21e-02	2.45578e-01
  9.45e-02	  2.27e-02	3.06025e-01
  9.45e-02	  2.32e-02	3.53351e-01
  9.45e-02	  2.37e-02	3.87313e-01
  9.45e-02	  2.42e-02	4.07744e-01
  9.45e-02	  2.47e-02	4.14562e-01
  9.45e-02	  2.53e-02	4.07743e-01
  9.45e-02	  2.58e-02	3.87310e-01
  9.45e-02	  2.63e-02	3.53347e-01
  9.45e-02	  2.68e-02	3.06020e-01
  9.45e-02	  2.73e-02	2.45573e-01
  9.45e-02	  2.79e-02	1.72283e-01
  9.45e-02	  2.84e-02	1.05523e-31
  9.45e-02	  2.89e-02	1.57897e-64
  9.45e-02	  2.94e-02	4.80044e-97
  9.45e-02	  2.99e-02	1.62948e-64
  9.45e-02	  3.05e-02	1.08916e-31
  9.45e-02	  3.10e-02	1.77045e-01
  9.45e-02	  3.15e-02	2.52309e-01
  9.45e-02	  3.20e-02	3.14362e-01
  9.45e-02	  3.26e-02	3.62932e-01
  9.45e-02	  3.31e-02	3.97780e-01
  9.45e-02	  3.36e-02	4.18741e-01
  9.45e-02	  3.41e-02	4.25737e-01
  9.45e-02	  3.46e-02	4.18744e-01
  9.45e-02	  3.52e-02	3.97786e-01
  9.45e-02	  3.57e-02	3.62940e-01
  9.45e-02	  3.62e-02	3.14370e-01
  9.45e-02	  3.67e-02	2.52317e-01
  9.45e-02	  3.72e-02	1.77051e-01
  9.45e-02	  3.78e-02	1.08918e-31
  9.45e-02	  3.83e-02	1.62951e-64
  9.45e-02	  3.88e-02	2.43787e-97
  9.45e-02	  3.93e-02	3.64722e-130
  9.45e-02	  3.98e-02	5.45646e-163
  9.45e-02	  4.04e-02	8.16317e-196
  9.45e-02	  4.09e-02	1.22125e-228
  9.45e-02	  4.14e-02	1.82704e-261
  9.45e-02	  4.19e-02	2.73332e-294
  9.45e-02	  4.24e-02	0.00000e+00
  9.45e-02	  4.30e-02	0.00000e+00
  9.45e-02	  4.35e-02	0.00000e+00
  9.45e-02	  4.40e-02	0.00000e+00
  9.45e-02	  4.45e-02	0.00000e+00
  9.45e-02	  4.51e-02	0.00000e+00
  9.45e-02	  4.56e-02	0.00000e+00
  9.45e-02	  4.61e-02	0.00000e+00
  9.45e-02	  4.66e-02	0.00000e+00
  9.45e-02	  4.71e-02	0.00000e+00
  9.45e-02	  4.77e-02	0.00000e+00
  9.45e-02	  4.82e-02	0.00000e+00
  9.45e-02	  4.87e-02	0.00000e+00
  9.45e-02	  4.92e-02	0.00000e+00
  9.45e-02	  4.97e-02	0.00000e+00

  9.53e-02	  2.60e-04	0.00000e+00
  9.53e-02	  7.81e-04	0.00000e+00
  9.53e-02	  1.30e-03	0.00000e+00
  9.53e-02	  1.82e-03	0.00000e+00
  9.53e-02	  2.34e-03	0.00000e+00
  9.53e-02	  2.86e-03	0.00000e+00
  9.53e-02	  3.39e-03	0.00000e+00
  9.53e-02	  3.91e-03	0.00000e+00
  9.53e-02	  4.43e-03	0.00000e+00
  9.53e-02	  4.95e-03	0.00000e+00
  9.53e-02	  5.47e-03	0.00000e+00
  9.53e-02	  5.99e-03	0.00000e+00
  9.53e-02	  6.51e-03	0.00000e+00
  9.53e-02	  7.03e-03	0.00000e+00
  9.53e-02	  7.55e-03	0.00000e+00
  9.53e-02	  8.07e-03	2.44246e-294
  9.53e-02	  8.59e-03	1.63221e-261
  9.53e-02	  9.11e-03	1.09074e-228
  9.53e-02	  9.64e-03	7.28900e-196
  9.53e-02	  1.02e-02	4.87092e-163
  9.53e-02	  1.07e-02	3.25501e-130
  9.53e-02	  1.12e-02	2.17516e-97
  9.53e-02	  1.17e-02	1.45354e-64
  9.53e-02	  1.22e-02	9.71320e-32
  9.53e-02	  1.28e-02	1.58216e-01
  9.53e-02	  1.33e-02	2.24487e-01
  9.53e-02	  1.38e-02	2.77883e-01
  9.53e-02	  1.43e-02	3.18157e-01
  9.53e-02	  1.48e-02	3.45108e-01
  9.53e-02	  1.54e-02	3.58609e-01
  9.53e-02	  1.59e-02	3.58606e-01
  9.53e-02	  1.64e-02	3.45098e-01
  9.53e-02	  1.69e-02	3.18142e-01
  9.53e-02	  1.74e-02	2.77865e-01
  9.53e-02	  1.80e-02	2.24470e-01
  9.53e-02	  1.85e-02	1.58204e-01
  9.53e-02	  1.90e-02	9.71280e-32
  9.53e-02	  1.95e-02	1.45348e-64
  9.53e-02	  2.01e-02	4.53514e-97
  9.53e-02	  2.06e-02	1.57726e-64
  9.53e-02	  2.11e-02	1.05409e-31
  9.53e-02	  2.16e-02	1.72287e-01
  9.53e-02	  2.21e-02	2.45579e-01
  9.53e-02	  2.27e-02	3.06026e-01
  9.53e-02	  2.32e-02	3.53352e-01
  9.53e-02	  2.37e-02	3.87313e-01
  9.53e-02	  2.42e-02	4.07744e-01
  9.53e-02	  2.47e-02	4.14561e-01
  9.53e-02	  2.53e-02	4.07742e-01
  9.53e-02	  2.58e-02	3.87309e-01
  9.53e-02	  2.63e-02	3.53346e-01
  9.53e-02	  2.68e-02	3.06020e-01
  9.53e-02	  2.73e-02	2.45573e-01
  9.53e-02	  2.79e-02	1.72282e-01
  9.53e-02	  2.84e-02	1.05407e-31
  9.53e-02	  2.89e-02	1.57723e-64
  9.53e-02	  2.94e-02	4.79520e-97
  9.53e-02	  2.99e-02	1.62770e-64
  9.53e-02	  3.05e-02	1.08797e-31
  9.53e-02	  3.10e-02	1.77044e-01
  9.53e-02	  3.15e-02	2.52308e-01
  9.53e-02	  3.20e-02	3.14360e-01
  9.53e-02	  3.26e-02	3.62930e-01
  9.53e-02	  3.31e-02	3.97778e-01
  9.53e-02	  3.36e-02	4.18740e-01
  9.53e-02	  3.41e-02	4.25736e-01
  9.53e-02	  3.46e-02	4.18745e-01
  9.53e-02	  3.52e-02	3.97787e-01
  9.53e-02	  3.57e-02	3.62943e-01
  9.53e-02	  3.62e-02	3.14373e-01
  9.53e-02	  3.67e-02	2.52320e-01
  9.53e-02	  3.72e-02	1.77053e-01
  9.53e-02	  3.78e-02	1.08801e-31
  9.53e-02	  3.83e-02	1.62775e-64
  9.53e-02	  3.88e-02	2.43524e-97
  9.53e-02	  3.93e-02	3.64329e-130
  9.53e-02	  3.98e-02	5.45059e-163
  9.53e-02	  4.04e-02	8.15440e-196
  9.53e-02	  4.09e-02	1.21994e-228
  9.53e-02	  4.14e-02	1.82508e-261
  9.53e-02	  4.19e-02	2.73040e-294
  9.53e-02	  4.24e-02	0.00000e+00
  9.53e-02	  4.30e-02	0.00000e+00
  9.53e-02	  4.35e-02	0.00000e+00
  9.53e-02	  4.40e-02	0.00000e+00
  9.53e-02	  4.45e-02	0.00000e+00
  9.53e-02	  4.51e-02	0.00000e+00
  9.53e-02	  4.56e-02	0.00000e+00
  9.53e-02	  4.61e-02	0.00000e+00
  9.53e-02	  4.66e-02	0.00000e+00
  9.53e-02	  4.71e-02	0.00000e+00
  9.53e-02	  4.77e-02	0.00000e+00
  9.53e-02	  4.82e-02	0.00000e+00
  9.53e-02	  4.87e-02	0.00000e+00
  9.53e-02	  4.92e-02	0.00000e+00
  9.53e-02	  4.97e-02	0.00000e+00

  9.61e-02	  2.60e-04	0.00000e+00
  9.61e-02	  7.81e-04	0.00000e+00
  9.61e-02	  1.30e-03	0.00000e+00
  9.61e-02	  1.82e-03	0.00000e+00
  9.61e-02	  2.34e-03	0.00000e+00
  9.61e-02	  2.86e-03	0.00000e+00
  9.61e-02	  3.39e-03	0.00000e+00
  9.61e-02	  3.91e-03	0.00000e+00
  9.61e-02	  4.43e-03	0.00000e+00
  9.61e-02	  4.95e-03	0.00000e+00
  9.61e-02	  5.47e-03	0.00000e+00
  9.61e-02	  5.99e-03	0.00000e+00
  9.61e-02	  6.51e-03	0.00000e+00
  9.61e-02	  7.03e-03	0.00000e+00
  9.61e-02	  7.55e-03	0.00000e+00
  9.61e-02	  8.07e-03	2.43863e-294
  9.61e-02	  8.59e-03	1.62965e-261
  9.61e-02	  9.11e-03	1.08903e-228
  9.61e-02	  9.64e-03	7.27751e-196
  9.61e-02	  1.02e-02	4.86322e-163
  9.61e-02	  1.07e-02	3.24985e-130
  9.61e-02	  1.12e-02	2.17171e-97
  9.61e-02	  1.17e-02	1.45123e-64
  9.61e-02	  1.22e-02	9.69772e-32
  9.61e-02	  1.28e-02	1.58221e-01
  9.61e-02	  1.33e-02	2.24492e-01
  9.61e-02	  1.38e-02	2.77888e-01
  9.61e-02	  1.43e-02	3.18161e-01
  9.61e-02	  1.48e-02	3.45110e-01
  9.61e-02	  1.54e-02	3.58609e-01
  9.61e-02	  1.59e-02	3.58603e-01
  9.61e-02	  1.64e-02	3.45094e-01
  9.61e-02	  1.69e-02	3.18137e-01
  9.61e-02	  1.74e-02	2.77861e-01
  9.61e-02	  1.80e-02	2.24466e-01
  9.61e-02	  1.85e-02	1.58201e-01
  9.61e-02	  1.90e-02	9.69713e-32
  9.61e-02	  1.95e-02	1.45114e-64
  9.61e-02	  2.01e-02	4.52866e-97
  9.61e-02	  2.06e-02	1.57526e-64
  9.61e-02	  2.11e-02	1.05275e-31
  9.61e-02	  2.16e-02	1.72288e-01
  9.61e-02	  2.21e-02	2.45581e-01
  9.61e-02	  2.27e-02	3.06028e-01
  9.61e-02	  2.32e-02	3.53354e-01
  9.61e-02	  2.37e-02	3.87314e-01
  9.61e-02	  2.42e-02	4.07744e-01
  9.61e-02	  2.47e-02	4.14560e-01
  9.61e-02	  2.53e-02	4.07740e-01
  9.61e-02	  2.58e-02	3.87308e-01
  9.61e-02	  2.63e-02	3.53346e-01
  9.61e-02	  2.68e-02	3.06019e-01
  9.61e-02	  2.73e-02	2.45573e-01
  9.61e-02	  2.79e-02	1.72282e-01
  9.61e-02	  2.84e-02	1.05273e-31
  9.61e-02	  2.89e-02	1.57523e-64
  9.61e-02	  2.94e-02	4.78912e-97
  9.61e-02	  2.99e-02	1.62563e-64
  9.61e-02	  3.05e-02	1.08659e-31
  9.61e-02	  3.10e-02	1.77042e-01
  9.61e-02	  3.15e-02	2.52305e-01
  9.61e-02	  3.20e-02	3.14357e-01
  9.61e-02	  3.26e-02	3.62927e-01
  9.61e-02	  3.31e-02	3.97774e-01
  9.61e-02	  3.36e-02	4.18737e-01
  9.61e-02	  3.41e-02	4.25735e-01
  9.61e-02	  3.46e-02	4.18745e-01
  9.61e-02	  3.52e-02	3.97789e-01
  9.61e-02	  3.57e-02	3.62946e-01
  9.61e-02	  3.62e-02	3.14378e-01
  9.61e-02	  3.67e-02	2.52324e-01
  9.61e-02	  3.72e-02	1.77056e-01
  9.61e-02	  3.78e-02	1.08664e-31
  9.61e-02	  3.83e-02	1.62570e-64
  9.61e-02	  3.88e-02	2.43218e-97
  9.61e-02	  3.93e-02	3.63872e-130
  9.61e-02	  3.98e-02	5.44377e-163
  9.61e-02	  4.04e-02	8.14422e-196
  9.61e-02	  4.09e-02	1.21842e-228
  9.61e-02	  4.14e-02	1.82281e-261
  9.61e-02	  4.19e-02	2.72701e-294
  9.61e-02	  4.24e-02	0.00000e+00
  9.61e-02	  4.30e-02	0.00000e+00
  9.61e-02	  4.35e-02	0.00000e+00
  9.61e-02	  4.40e-02	0.00000e+00
  9.61e-02	  4.45e-02	0.00000e+00
  9.61e-02	  4.51e-02	0.00000e+00
  9.61e-02	  4.56e-02	0.00000e+00
  9.61e-02	  4.61e-02	0.00000e+00
  9.61e-02	  4.66e-02	0.00000e+00
  9.61e-02	  4.71e-02	0.00000e+00
  9.61e-02	  4.77e-02	0.00000e+00
  9.61e-02	  4.82e-02	0.00000e+00
  9.61e-02	  4.87e-02	0.00000e+00
  9.61e-02	  4.92e-02	0.00000e+00
  9.61e-02	  4.97e-02	0.00000e+00

  9.69e-02	  2.60e-04	0.00000e+00
  9.69e-02	  7.81e-04	0.00000e+00
  9.69e-02	  1.30e-03	0.00000e+00
  9.69e-02	  1.82e-03	0.00000e+00
  9.69e-02	  2.34e-03	0.00000e+00
  9.69e-02	  2.86e-03	0.00000e+00
  9.69e-02	  3.39e-03	0.00000e+00
  9.69e-02	  3.91e-03	0.00000e+00
  9.69e-02	  4.43e-03	0.00000e+00
  9.69e-02	  4.95e-03	0.00000e+00
  9.69e-02	  5.47e-03	0.00000e+00
  9.69e-02	  5.99e-03	0.00000e+00
  9.69e-02	  6.51e-03	0.00000e+00
  9.69e-02	  7.03e-03	0.00000e+00
  9.69e-02	  7.55e-03	0.00000e+00
  9.69e-02	  8.07e-03	2.43399e-294
  9.69e-02	  8.59e-03	1.62654e-261
  9.69e-02	  9.11e-03	1.08694e-228
  9.69e-02	  9.64e-03	7.26355e-196
  9.69e-02	  1.02e-02	4.85387e-163
  9.69e-02	  1.07e-02	3.24359e-130
  9.69e-02	  1.12e-02	2.16751e-97
  9.69e-02	  1.17e-02	1.44842e-64
  9.69e-02	  1.22e-02	9.67887e-32
  9.69e-02	  1.28e-02	1.58227e-01
  9.69e-02	  1.33e-02	2.24501e-01
  9.69e-02	  1.38e-02	2.77897e-01
  9.69e-02	  1.43e-02	3.18168e-01
  9.69e-02	  1.48e-02	3.45114e-01
  9.69e-02	  1.54e-02	3.58610e-01
  9.69e-02	  1.59e-02	3.58601e-01
  9.69e-02	  1.64e-02	3.45089e-01
  9.69e-02	  1.69e-02	3.18131e-01
  9.69e-02	  1.74e-02	2.77854e-01
  9.69e-02	  1.80e-02	2.24460e-01
  9.69e-02	  1.85e-02	1.58196e-01
  9.69e-02	  1.90e-02	9.67801e-32
  9.69e-02	  1.95e-02	1.44829e-64
  9.69e-02	  2.01e-02	4.52081e-97
  9.69e-02	  2.06e-02	1.57285e-64
  9.69e-02	  2.11e-02	1.05114e-31
  9.69e-02	  2.16e-02	1.72290e-01
  9.69e-02	  2.21e-02	2.45584e-01
  9.69e-02	  2.27e-02	3.06031e-01
  9.69e-02	  2.32e-02	3.53356e-01
  9.69e-02	  2.37e-02	3.87315e-01
  9.69e-02	  2.42e-02	4.07744e-01
  9.69e-02	  2.47e-02	4.14559e-01
  9.69e-02	  2.53e-02	4.07739e-01
  9.69e-02	  2.58e-02	3.87306e-01
  9.69e-02	  2.63e-02	3.53344e-01
  9.69e-02	  2.68e-02	3.06018e-01
  9.69e-02	  2.73e-02	2.45572e-01
  9.69e-02	  2.79e-02	1.72281e-01
  9.69e-02	  2.84e-02	1.05111e-31
  9.69e-02	  2.89e-02	1.57281e-64
  9.69e-02	  2.94e-02	4.78179e-97
  9.69e-02	  2.99e-02	1.62314e-64
  9.69e-02	  3.05e-02	1.08492e-31
  9.69e-02	  3.10e-02	1.77039e-01
  9.69e-02	  3.15e-02	2.52301e-01
  9.69e-02	  3.20e-02	3.14352e-01
  9.69e-02	  3.26e-02	3.62922e-01
  9.69e-02	  3.31e-02	3.97770e-01
  9.69e-02	  3.36e-02	4.18734e-01
  9.69e-02	  3.41e-02	4.25733e-01
  9.69e-02	  3.46e-02	4.18746e-01
  9.69e-02	  3.52e-02	3.97793e-01
  9.69e-02	  3.57e-02	3.62952e-01
  9.69e-02	  3.62e-02	3.14385e-01
  9.69e-02	  3.67e-02	2.52331e-01
  9.69e-02	  3.72e-02	1.77061e-01
  9.69e-02	  3.78e-02	1.08498e-31
  9.69e-02	  3.83e-02	1.62323e-64
  9.69e-02	  3.88e-02	2.42849e-97
  9.69e-02	  3.93e-02	3.63322e-130
  9.69e-02	  3.98e-02	5.43555e-163
  9.69e-02	  4.04e-02	8.13195e-196
  9.69e-02	  4.09e-02	1.21659e-228
  9.69e-02	  4.14e-02	1.82008e-261
  9.69e-02	  4.19e-02	2.72293e-294
  9.69e-02	  4.24e-02	0.00000e+00
  9.69e-02	  4.30e-02	0.00000e+00
  9.69e-02	  4.35e-02	0.00000e+00
  9.69e-02	  4.40e-02	0.00000e+00
  9.69e-02	  4.45e-02	0.00000e+00
  9.69e-02	  4.51e-02	0.00000e+00
  9.69e-02	  4.56e-02	0.00000e+00
  9.69e-02	  4.61e-02	0.00000e+00
  9.69e-02	  4.66e-02	0.00000e+00
  9.69e-02	  4.71e-02	0.00000e+00
  9.69e-02	  4.77e-02	0.00000e+00
  9.69e-02	  4.82e-02	0.00000e+00
  9.69e-02	  4.87e-02	0.00000e+00
  9.69e-02	  4.92e-02	0.00000e+00
  9.69e-02	  4.97e-02	0.00000e+00

  9.77e-02	  2.60e-04	0.00000e+00
  9.77e-02	  7.81e-04	0.00000e+00
  9.77e-02	  1.30e-03	0.00000e+00
  9.77e-02	  1.82e-03	0.00000e+00
  9.77e-02	  2.34e-03	0.00000e+00
  9.77e-02	  2.86e-03	0.00000e+00
  9.77e-02	  3.39e-03	0.00000e+00
  9.77e-02	  3.91e-03	0.00000e+00
  9.77e-02	  4.43e-03	0.00000e+00
  9.77e-02	  4.95e-03	0.00000e+00
  9.77e-02	  5.47e-03	0.00000e+00
  9.77e-02	  5.99e-03	0.00000e+00
  9.77e-02	  6.51e-03	0.00000e+00
  9.77e-02	  7.03e-03	0.00000e+00
  9.77e-02	  7.55e-03	0.00000e+00
  9.77e-02	  8.07e-03	2.42819e-294
  9.77e-02	  8.59e-03	1.62265e-261
  9.77e-02	  9.11e-03	1.08434e-228
  9.77e-02	  9.64e-03	7.24610e-196
  9.77e-02	  1.02e-02	4.84218e-163
  9.77e-02	  1.07e-02	3.23575e-130
  9.77e-02	  1.12e-02	2.16226e-97
  9.77e-02	  1.17e-02	1.44490e-64
  9.77e-02	  1.22e-02	9.65529e-32
  9.77e-02	  1.28e-02	1.58236e-01
  9.77e-02	  1.33e-02	2.24513e-01
  9.77e-02	  1.38e-02	2.77909e-01
  9.77e-02	  1.43e-02	3.18179e-01
  9.77e-02	  1.48e-02	3.45121e-01
  9.77e-02	  1.54e-02	3.58611e-01
  9.77e-02	  1.59e-02	3.58598e-01
  9.77e-02	  1.64e-02	3.45082e-01
  9.77e-02	  1.69e-02	3.18121e-01
  9.77e-02	  1.74e-02	2.77843e-01
  9.77e-02	  1.80e-02	2.24449e-01
  9.77e-02	  1.85e-02	1.58187e-01
  9.77e-02	  1.90e-02	9.65410e-32
  9.77e-02	  1.95e-02	1.44472e-64
  9.77e-02	  2.01e-02	4.51103e-97
  9.77e-02	  2.06e-02	1.56987e-64
  9.77e-02	  2.11e-02	1.04914e-31
  9.77e-02	  2.16e-02	1.72292e-01
  9.77e-02	  2.21e-02	2.45587e-01
  9.77e-02	  2.27e-02	3.06034e-01
  9.77e-02	  2.32e-02	3.53359e-01
  9.77e-02	  2.37e-02	3.87317e-01
  9.77e-02	  2.42e-02	4.07745e-01
  9.77e-02	  2.47e-02	4.14559e-01
  9.77e-02	  2.53e-02	4.07738e-01
  9.77e-02	  2.58e-02	3.87305e-01
  9.77e-02	  2.63e-02	3.53342e-01
  9.77e-02	  2.68e-02	3.06016e-01
  9.77e-02	  2.73e-02	2.45569e-01
  9.77e-02	  2.79e-02	1.72278e-01
  9.77e-02	  2.84e-02	1.04910e-31
  9.77e-02	  2.89e-02	1.56981e-64
  9.77e-02	  2.94e-02	4.77266e-97
  9.77e-02	  2.99e-02	1.62002e-64
  9.77e-02	  3.05e-02	1.08283e-31
  9.77e-02	  3.10e-02	1.77033e-01
  9.77e-02	  3.15e-02	2.52294e-01
  9.77e-02	  3.20e-02	3.14345e-01
  9.77e-02	  3.26e-02	3.62915e-01
  9.77e-02	  3.31e-02	3.97764e-01
  9.77e-02	  3.36e-02	4.18730e-01
  9.77e-02	  3.41e-02	4.25732e-01
  9.77e-02	  3.46e-02	4.18749e-01
  9.77e-02	  3.52e-02	3.97799e-01
  9.77e-02	  3.57e-02	3.62960e-01
  9.77e-02	  3.62e-02	3.14394e-01
  9.77e-02	  3.67e-02	2.52339e-01
  9.77e-02	  3.72e-02	1.77067e-01
  9.77e-02	  3.78e-02	1.08291e-31
  9.77e-02	  3.83e-02	1.62014e-64
  9.77e-02	  3.88e-02	2.42388e-97
  9.77e-02	  3.93e-02	3.62634e-130
  9.77e-02	  3.98e-02	5.42529e-163
  9.77e-02	  4.04e-02	8.11663e-196
  9.77e-02	  4.09e-02	1.21430e-228
  9.77e-02	  4.14e-02	1.81667e-261
  9.77e-02	  4.19e-02	2.71784e-294
  9.77e-02	  4.24e-02	0.00000e+00
  9.77e-02	  4.30e-02	0.00000e+00
  9.77e-02	  4.35e-02	0.00000e+00
  9.77e-02	  4.40e-02	0.00000e+00
  9.77e-02	  4.45e-02	0.00000e+00
  9.77e-02	  4.51e-02	0.00000e+00
  9.77e-02	  4.56e-02	0.00000e+00
  9.77e-02	  4.61e-02	0.00000e+00
  9.77e-02	  4.66e-02	0.00000e+00
  9.77e-02	  4.71e-02	0.00000e+00
  9.77e-02	  4.77e-02	0.00000e+00
  9.77e-02	  4.82e-02	0.00000e+00
  9.77e-02	  4.87e-02	0.00000e+00
  9.77e-02	  4.92e-02	0.00000e+00
  9.77e-02	  4.97e-02	0.00000e+00

  9.84e-02	  2.60e-04	0.00000e+00
  9.84e-02	  7.81e-04	0.00000e+00
  9.84e-02	  1.30e-03	0.00000e+00
  9.84e-02	  1.82e-03	0.00000e+00
  9.84e-02	  2.34e-03	0.00000e+00
  9.84e-02	  2.86e-03	0.00000e+00
  9.84e-02	  3.39e-03	0.00000e+00
  9.84e-02	  3.91e-03	0.00000e+00
  9.84e-02	  4.43e-03	0.00000e+00
  9.84e-02	  4.95e-03	0.00000e+00
  9.84e-02	  5.47e-03	0.00000e+00
  9.84e-02	  5.99e-03	0.00000e+00
  9.84e-02	  6.51e-03	0.00000e+00
  9.84e-02	  7.03e-03	0.00000e+00
  9.84e-02	  7.55e-03	0.00000e+00
  9.84e-02	  8.07e-03	2.42076e-294
  9.84e-02	  8.59e-03	1.61767e-261
  9.84e-02	  9.11e-03	1.08100e-228
  9.84e-02	  9.64e-03	7.22375e-196
  9.84e-02	  1.02e-02	4.82720e-163
  9.84e-02	  1.07e-02	3.22572e-130
  9.84e-02	  1.12e-02	2.15553e-97
  9.84e-02	  1.17e-02	1.44039e-64
  9.84e-02	  1.22e-02	9.62510e-32
  9.84e-02	  1.28e-02	1.58247e-01
  9.84e-02	  1.33e-02	2.24528e-01
  9.84e-02	  1.38e-02	2.77927e-01
  9.84e-02	  1.43e-02	3.18195e-01
  9.84e-02	  1.48e-02	3.45133e-01
  9.84e-02	  1.54e-02	3.58617e-01
  9.84e-02	  1.59e-02	3.58596e-01
  9.84e-02	  1.64e-02	3.45073e-01
  9.84e-02	  1.69e-02	3.18107e-01
  9.84e-02	  1.74e-02	2.77825e-01
  9.84e-02	  1.80e-02	2.24431e-01
  9.84e-02	  1.85e-02	1.58172e-01
  9.84e-02	  1.90e-02	9.62355e-32
  9.84e-02	  1.95e-02	1.44016e-64
  9.84e-02	  2.01e-02	4.49851e-97
  9.84e-02	  2.06e-02	1.56604e-64
  9.84e-02	  2.11e-02	1.04658e-31
  9.84e-02	  2.16e-02	1.72292e-01
  9.84e-02	  2.21e-02	2.45588e-01
  9.84e-02	  2.27e-02	3.06037e-01
  9.84e-02	  2.32e-02	3.53363e-01
  9.84e-02	  2.37e-02	3.87322e-01
  9.84e-02	  2.42e-02	4.07749e-01
  9.84e-02	  2.47e-02	4.14563e-01
  9.84e-02	  2.53e-02	4.07740e-01
  9.84e-02	  2.58e-02	3.87304e-01
  9.84e-02	  2.63e-02	3.53339e-01
  9.84e-02	  2.68e-02	3.06011e-01
  9.84e-02	  2.73e-02	2.45563e-01
  9.84e-02	  2.79e-02	1.72272e-01
  9.84e-02	  2.84e-02	1.04654e-31
  9.84e-02	  2.89e-02	1.56598e-64
  9.84e-02	  2.94e-02	4.76095e-97
  9.84e-02	  2.99e-02	1.61601e-64
  9.84e-02	  3.05e-02	1.08014e-31
  9.84e-02	  3.10e-02	1.77022e-01
  9.84e-02	  3.15e-02	2.52281e-01
  9.84e-02	  3.20e-02	3.14332e-01
  9.84e-02	  3.26e-02	3.62905e-01
  9.84e-02	  3.31e-02	3.97758e-01
  9.84e-02	  3.36e-02	4.18728e-01
  9.84e-02	  3.41e-02	4.25735e-01
  9.84e-02	  3.46e-02	4.18755e-01
  9.84e-02	  3.52e-02	3.97809e-01
  9.84e-02	  3.57e-02	3.62972e-01
  9.84e-02	  3.62e-02	3.14405e-01
  9.84e-02	  3.67e-02	2.52348e-01
  9.84e-02	  3.72e-02	1.77073e-01
  9.84e-02	  3.78e-02	1.08024e-31
  9.84e-02	  3.83e-02	1.61615e-64
  9.84e-02	  3.88e-02	2.41793e-97
  9.84e-02	  3.93e-02	3.61746e-130
  9.84e-02	  3.98e-02	5.41204e-163
  9.84e-02	  4.04e-02	8.09687e-196
  9.84e-02	  4.09e-02	1.21135e-228
  9.84e-02	  4.14e-02	1.81227e-261
  9.84e-02	  4.19e-02	2.71127e-294
  9.84e-02	  4.24e-02	0.00000e+00
  9.84e-02	  4.30e-02	0.00000e+00
  9.84e-02	  4.35e-02	0.00000e+00
  9.84e-02	  4.40e-02	0.00000e+00
  9.84e-02	  4.45e-02	0.00000e+00
  9.84e-02	  4.51e-02	0.00000e+00
  9.84e-02	  4.56e-02	0.00000e+00
  9.84e-02	  4.61e-02	0.00000e+00
  9.84e-02	  4.66e-02	0.00000e+00
  9.84e-02	  4.71e-02	0.00000e+00
  9.84e-02	  4.77e-02	0.00000e+00
  9.84e-02	  4.82e-02	0.00000e+00
  9.84e-02	  4.87e-02	0.00000e+00
  9.84e-02	  4.92e-02	0.00000e+00
  9.84e-02	  4.97e-02	0.00000e+00

  9.92e-02	  2.60e-04	0.00000e+00
  9.92e-02	  7.81e-04	0.00000e+00
  9.92e-02	  1.30e-03	0.00000e+00
  9.92e-02	  1.82e-03	0.00000e+00
  9.92e-02	  2.34e-03	0.00000e+00
  9.92e-02	  2.86e-03	0.00000e+00
  9.92e-02	  3.39e-03	0.00000e+00
  9.92e-02	  3.91e-03	0.00000e+00
  9.92e-02	  4.43e-03	0.00000e+00
  9.92e-02	  4.95e-03	0.00000e+00
  9.92e-02	  5.47e-03	0.00000e+00
  9.92e-02	  5.99e-03	0.00000e+00
  9.92e-02	  6.51e-03	0.00000e+00
  9.92e-02	  7.03e-03	0.00000e+00
  9.92e-02	  7.55e-03	0.00000e+00
  9.92e-02	  8.07e-03	2.41105e-294
  9.92e-02	  8.59e-03	1.61117e-261
  9.92e-02	  9.11e-03	1.07664e-228
  9.92e-02	  9.64e-03	7.19453e-196
  9.92e-02	  1.02e-02	4.80763e-163
  9.92e-02	  1.07e-02	3.21260e-130
  9.92e-02	  1.12e-02	2.14675e-97
  9.92e-02	  1.17e-02	1.43451e-64
  9.92e-02	  1.22e-02	9.58567e-32
  9.92e-02	  1.28e-02	1.58259e-01
  9.92e-02	  1.33e-02	2.24546e-01
  9.92e-02	  1.38e-02	2.77949e-01
  9.92e-02	  1.43e-02	3.18219e-01
  9.92e-02	  1.48e-02	3.45154e-01
  9.92e-02	  1.54e-02	3.58631e-01
  9.92e-02	  1.59e-02	3.58600e-01
  9.92e-02	  1.64e-02	3.45065e-01
  9.92e-02	  1.69e-02	3.18087e-01
  9.92e-02	  1.74e-02	2.77797e-01
  9.92e-02	  1.80e-02	2.24399e-01
  9.92e-02	  1.85e-02	1.58145e-01
  9.92e-02	  1.90e-02	9.58385e-32
  9.92e-02	  1.95e-02	1.43423e-64
  9.92e-02	  2.01e-02	4.48215e-97
  9.92e-02	  2.06e-02	1.56101e-64
  9.92e-02	  2.11e-02	1.04321e-31
  9.92e-02	  2.16e-02	1.72285e-01
  9.92e-02	  2.21e-02	2.45583e-01
  9.92e-02	  2.27e-02	3.06037e-01
  9.92e-02	  2.32e-02	3.53369e-01
  9.92e-02	  2.37e-02	3.87332e-01
  9.92e-02	  2.42e-02	4.07762e-01
  9.92e-02	  2.47e-02	4.14575e-01
  9.92e-02	  2.53e-02	4.07749e-01
  9.92e-02	  2.58e-02	3.87308e-01
  9.92e-02	  2.63e-02	3.53336e-01
  9.92e-02	  2.68e-02	3.06001e-01
  9.92e-02	  2.73e-02	2.45548e-01
  9.92e-02	  2.79e-02	1.72258e-01
  9.92e-02	  2.84e-02	1.04317e-31
  9.92e-02	  2.89e-02	1.56095e-64
  9.92e-02	  2.94e-02	4.74555e-97
  9.92e-02	  2.99e-02	1.61072e-64
  9.92e-02	  3.05e-02	1.07660e-31
  9.92e-02	  3.10e-02	1.77001e-01
  9.92e-02	  3.15e-02	2.52256e-01
  9.92e-02	  3.20e-02	3.14311e-01
  9.92e-02	  3.26e-02	3.62891e-01
  9.92e-02	  3.31e-02	3.97752e-01
  9.92e-02	  3.36e-02	4.18731e-01
  9.92e-02	  3.41e-02	4.25745e-01
  9.92e-02	  3.46e-02	4.18771e-01
  9.92e-02	  3.52e-02	3.97827e-01
  9.92e-02	  3.57e-02	3.62989e-01
  9.92e-02	  3.62e-02	3.14418e-01
  9.92e-02	  3.67e-02	2.52356e-01
  9.92e-02	  3.72e-02	1.77076e-01
  9.92e-02	  3.78e-02	1.07669e-31
  9.92e-02	  3.83e-02	1.61086e-64
  9.92e-02	  3.88e-02	2.41004e-97
  9.92e-02	  3.93e-02	3.60569e-130
  9.92e-02	  3.98e-02	5.39448e-163
  9.92e-02	  4.04e-02	8.07067e-196
  9.92e-02	  4.09e-02	1.20744e-228
  9.92e-02	  4.14e-02	1.80644e-261
  9.92e-02	  4.19e-02	2.70257e-294
  9.92e-02	  4.24e-02	0.00000e+00
  9.92e-02	  4.30e-02	0.00000e+00
  9.92e-02	  4.35e-02	0.00000e+00
  9.92e-02	  4.40e-02	0.00000e+00
  9.92e-02	  4.45e-02	0.00000e+00
  9.92e-02	  4.51e-02	0.00000e+00
  9.92e-02	  4.56e-02	0.00000e+00
  9.92e-02	  4.61e-02	0.00000e+00
  9.92e-02	  4.66e-02	0.00000e+00
  9.92e-02	  4.71e-02	0.00000e+00
  9.92e-02	  4.77e-02	0.00000e+00
  9.92e-02	  4.82e-02	0.00000e+00
  9.92e-02	  4.87e-02	0.00000e+00
  9.92e-02	  4.92e-02	0.00000e+00
  9.92e-02	  4.97e-02	0.00000e+00

  1.00e-01	  2.60e-04	0.00000e+00
  1.00e-01	  7.81e-04	0.00000e+00
  1.00e-01	  1.30e-03	0.00000e+00
  1.00e-01	  1.82e-03	0.00000e+00
  1.00e-01	  2.34e-03	0.00000e+00
  1.00e-01	  2.86e-03	0.00000e+00
  1.00e-01	  3.39e-03	0.00000e+00
  1.00e-01	  3.91e-03	0.00000e+00
  1.00e-01	  4.43e-03	0.00000e+00
  1.00e-01	  4.95e-03	0.00000e+00
  1.00e-01	  5.47e-03	0.00000e+00
  1.00e-01	  5.99e-03	0.00000e+00
  1.00e-01	  6.51e-03	0.00000e+00
  1.00e-01	  7.03e-03	0.00000e+00
  1.00e-01	  7.55e-03	0.00000e+00
  1.00e-01	  8.07e-03	2.39812e-294
  1.00e-01	  8.59e-03	1.60251e-261
  1.00e-01	  9.11e-03	1.07084e-228
  1.00e-01	  9.64e-03	7.15568e-196
  1.00e-01	  1.02e-02	4.78160e-163
  1.00e-01	  1.07e-02	3.19517e-130
  1.00e-01	  1.12e-02	2.13507e-97
  1.00e-01	  1.17e-02	1.42669e-64
  1.00e-01	  1.22e-02	9.53329e-32
  1.00e-01	  1.28e-02	1.58265e-01
  1.00e-01	  1.33e-02	2.24562e-01
  1.00e-01	  1.38e-02	2.77977e-01
  1.00e-01	  1.43e-02	3.18256e-01
  1.00e-01	  1.48e-02	3.45193e-01
  1.00e-01	  1.54e-02	3.58663e-01
  1.00e-01	  1.59e-02	3.58618e-01
  1.00e-01	  1.64e-02	3.45063e-01
  1.00e-01	  1.69e-02	3.18063e-01
  1.00e-01	  1.74e-02	2.77753e-01
  1.00e-01	  1.80e-02	2.24345e-01
  1.00e-01	  1.85e-02	1.58097e-01
  1.00e-01	  1.90e-02	9.53160e-32
  1.00e-01	  1.95e-02	1.42643e-64
  1.00e-01	  2.01e-02	4.46042e-97
  1.00e-01	  2.06e-02	1.55426e-64
  1.00e-01	  2.11e-02	1.03868e-31
  1.00e-01	  2.16e-02	1.72265e-01
  1.00e-01	  2.21e-02	2.45566e-01
  1.00e-01	  2.27e-02	3.06032e-01
  1.00e-01	  2.32e-02	3.53379e-01
  1.00e-01	  2.37e-02	3.87354e-01
  1.00e-01	  2.42e-02	4.07790e-01
  1.00e-01	  2.47e-02	4.14603e-01
  1.00e-01	  2.53e-02	4.07773e-01
  1.00e-01	  2.58e-02	3.87322e-01
  1.00e-01	  2.63e-02	3.53335e-01
  1.00e-01	  2.68e-02	3.05983e-01
  1.00e-01	  2.73e-02	2.45518e-01
  1.00e-01	  2.79e-02	1.72227e-01
  1.00e-01	  2.84e-02	1.03867e-31
  1.00e-01	  2.89e-02	1.55423e-64
  1.00e-01	  2.94e-02	4.72491e-97
  1.00e-01	  2.99e-02	1.60361e-64
  1.00e-01	  3.05e-02	1.07183e-31
  1.00e-01	  3.10e-02	1.76959e-01
  1.00e-01	  3.15e-02	2.52212e-01
  1.00e-01	  3.20e-02	3.14276e-01
  1.00e-01	  3.26e-02	3.62872e-01
  1.00e-01	  3.31e-02	3.97751e-01
  1.00e-01	  3.36e-02	4.18745e-01
  1.00e-01	  3.41e-02	4.25771e-01
  1.00e-01	  3.46e-02	4.18804e-01
  1.00e-01	  3.52e-02	3.97860e-01
  1.00e-01	  3.57e-02	3.63016e-01
  1.00e-01	  3.62e-02	3.14432e-01
  1.00e-01	  3.67e-02	2.52356e-01
  1.00e-01	  3.72e-02	1.77068e-01
  1.00e-01	  3.78e-02	1.07189e-31
  1.00e-01	  3.83e-02	1.60370e-64
  1.00e-01	  3.88e-02	2.39936e-97
  1.00e-01	  3.93e-02	3.58974e-130
  1.00e-01	  3.98e-02	5.37068e-163
  1.00e-01	  4.04e-02	8.03515e-196
  1.00e-01	  4.09e-02	1.20214e-228
  1.00e-01	  4.14e-02	1.79853e-261
  1.00e-01	  4.19e-02	2.69077e-294
  1.00e-01	  4.24e-02	0.00000e+00
  1.00e-01	  4.30e-02	0.00000e+00
  1.00e-01	  4.35e-02	0.00000e+00
  1.00e-01	  4.40e-02	0.00000e+00
  1.00e-01	  4.45e-02	0.00000e+00
  1.00e-01	  4.51e-02	0.00000e+00
  1.00e-01	  4.56e-02	0.00000e+00
  1.00e-01	  4.61e-02	0.00000e+00
  1.00e-01	  4.66e-02	0.00000e+00
  1.00e-01	  4.71e-02	0.00000e+00
  1.00e-01	  4.77e-02	0.00000e+00
  1.00e-01	  4.82e-02	0.00000e+00
  1.00e-01	  4.87e-02	0.00000e+00
  1.00e-01	  4.92e-02	0.00000e+00
  1.00e-01	  4.97e-02	0.00000e+00

  1.01e-01	  2.60e-04	0.00000e+00
  1.01e-01	  7.81e-04	0.00000e+00
  1.01e-01	  1.30e-03	0.00000e+00
  1.01e-01	  1.82e-03	0.00000e+00
  1.01e-01	  2.34e-03	0.00000e+00
  1.01e-01	  2.86e-03	0.00000e+00
  1.01e-01	  3.39e-03	0.00000e+00
  1.01e-01	  3.91e-03	0.00000e+00
  1.01e-01	  4.43e-03	0.00000e+00
  1.01e-01	  4.95e-03	0.00000e+00
  1.01e-01	  5.47e-03	0.00000e+00
  1.01e-01	  5.99e-03	0.00000e+00
  1.01e-01	  6.51e-03	0.00000e+00
  1.01e-01	  7.03e-03	0.00000e+00
  1.01e-01	  7.55e-03	0.00000e+00
  1.01e-01	  8.07e-03	2.38065e-294
  1.01e-01	  8.59e-03	1.59081e-261
  1.01e-01	  9.11e-03	1.06301e-228
  1.01e-01	  9.64e-03	7.10322e-196
  1.01e-01	  1.02e-02	4.74647e-163
  1.01e-01	  1.07e-02	3.17165e-130
  1.01e-01	  1.12e-02	2.11932e-97
  1.01e-01	  1.17e-02	1.41614e-64
  1.01e-01	  1.22e-02	9.46267e-32
  1.01e-01	  1.28e-02	1.58251e-01
  1.01e-01	  1.33e-02	2.24566e-01
  1.01e-01	  1.38e-02	2.78010e-01
  1.01e-01	  1.43e-02	3.18313e-01
  1.01e-01	  1.48e-02	3.45262e-01
  1.01e-01	  1.54e-02	3.58728e-01
  1.01e-01	  1.59e-02	3.58664e-01
  1.01e-01	  1.64e-02	3.45077e-01
  1.01e-01	  1.69e-02	3.18037e-01
  1.01e-01	  1.74e-02	2.77687e-01
  1.01e-01	  1.80e-02	2.24253e-01
  1.01e-01	  1.85e-02	1.58008e-01
  1.01e-01	  1.90e-02	9.46219e-32
  1.01e-01	  1.95e-02	1.41606e-64
  1.01e-01	  2.01e-02	4.43118e-97
  1.01e-01	  2.06e-02	1.54505e-64
  1.01e-01	  2.11e-02	1.03252e-31
  1.01e-01	  2.16e-02	1.72213e-01
  1.01e-01	  2.21e-02	2.45522e-01
  1.01e-01	  2.27e-02	3.06017e-01
  1.01e-01	  2.32e-02	3.53396e-01
  1.01e-01	  2.37e-02	3.87396e-01
  1.01e-01	  2.42e-02	4.07845e-01
  1.01e-01	  2.47e-02	4.14661e-01
  1.01e-01	  2.53e-02	4.07824e-01
  1.01e-01	  2.58e-02	3.87356e-01
  1.01e-01	  2.63e-02	3.53341e-01
  1.01e-01	  2.68e-02	3.05954e-01
  1.01e-01	  2.73e-02	2.45460e-01
  1.01e-01	  2.79e-02	1.72163e-01
  1.01e-01	  2.84e-02	1.03257e-31
  1.01e-01	  2.89e-02	1.54512e-64
  1.01e-01	  2.94e-02	4.69684e-97
  1.01e-01	  2.99e-02	1.59392e-64
  1.01e-01	  3.05e-02	1.06535e-31
  1.01e-01	  3.10e-02	1.76880e-01
  1.01e-01	  3.15e-02	2.52133e-01
  1.01e-01	  3.20e-02	3.14223e-01
  1.01e-01	  3.26e-02	3.62854e-01
  1.01e-01	  3.31e-02	3.97764e-01
  1.01e-01	  3.36e-02	4.18783e-01
  1.01e-01	  3.41e-02	4.25825e-01
  1.01e-01	  3.46e-02	4.18866e-01
  1.01e-01	  3.52e-02	3.97920e-01
  1.01e-01	  3.57e-02	3.63058e-01
  1.01e-01	  3.62e-02	3.14446e-01
  1.01e-01	  3.67e-02	2.52339e-01
  1.01e-01	  3.72e-02	1.77036e-01
  1.01e-01	  3.78e-02	1.06529e-31
  1.01e-01	  3.83e-02	1.59385e-64
  1.01e-01	  3.88e-02	2.38464e-97
  1.01e-01	  3.93e-02	3.56778e-130
  1.01e-01	  3.98e-02	5.33789e-163
  1.01e-01	  4.04e-02	7.98621e-196
  1.01e-01	  4.09e-02	1.19484e-228
  1.01e-01	  4.14e-02	1.78762e-261
  1.01e-01	  4.19e-02	2.67449e-294
  1.01e-01	  4.24e-02	0.00000e+00
  1.01e-01	  4.30e-02	0.00000e+00
  1.01e-01	  4.35e-02	0.00000e+00
  1.01e-01	  4.40e-02	0.00000e+00
  1.01e-01	  4.45e-02	0.00000e+00
  1.01e-01	  4.51e-02	0.00000e+00
  1.01e-01	  4.56e-02	0.00000e+00
  1.01e-01	  4.61e-02	0.00000e+00
  1.01e-01	  4.66e-02	0.00000e+00
  1.01e-01	  4.71e-02	0.00000e+00
  1.01e-01	  4.77e-02	0.00000e+00
  1.01e-01	  4.82e-02	0.00000e+00
  1.01e-01	  4.87e-02	0.00000e+00
  1.01e-01	  4.92e-02	0.00000e+00
  1.01e-01	  4.97e-02	0.00000e+00

  1.02e-01	  2.60e-04	0.00000e+00
  1.02e-01	  7.81e-04	0.00000e+00
  1.02e-01	  1.30e-03	0.00000e+00
  1.02e-01	  1.82e-03	0.00000e+00
  1.02e-01	  2.34e-03	0.00000e+00
  1.02e-01	  2.86e-03	0.00000e+00
  1.02e-01	  3.39e-03	0.00000e+00
  1.02e-01	  3.91e-03	0.00000e+00
  1.02e-01	  4.43e-03	0.00000e+00
  1.02e-01	  4.95e-03	0.00000e+00
  1.02e-01	  5.47e-03	0.00000e+00
  1.02e-01	  5.99e-03	0.00000e+00
  1.02e-01	  6.51e-03	0.00000e+00
  1.02e-01	  7.03e-03	0.00000e+00
  1.02e-01	  7.55e-03	0.00000e+00
  1.02e-01	  8.07e-03	1.58174e-293
  1.02e-01	  8.59e-03	4.92237e-261
  1.02e-01	  9.11e-03	1.68501e-228
  1.02e-01	  9.64e-03	7.72620e-196
  1.02e-01	  1.02e-02	4.69840e-163
  1.02e-01	  1.07e-02	3.13947e-130
  1.02e-01	  1.12e-02	2.09778e-97
  1.02e-01	  1.17e-02	1.40172e-64
  1.02e-01	  1.22e-02	9.36618e-32
  1.02e-01	  1.28e-02	1.58188e-01
  1.02e-01	  1.33e-02	2.24538e-01
  1.02e-01	  1.38e-02	2.78047e-01
  1.02e-01	  1.43e-02	3.18406e-01
  1.02e-01	  1.48e-02	3.45381e-01
  1.02e-01	  1.54e-02	3.58846e-01
  1.02e-01	  1.59e-02	3.58757e-01
  1.02e-01	  1.64e-02	3.45127e-01
  1.02e-01	  1.69e-02	3.18025e-01
  1.02e-01	  1.74e-02	2.77599e-01
  1.02e-01	  1.80e-02	2.24100e-01
  1.02e-01	  1.85e-02	1.57844e-01
  1.02e-01	  1.90e-02	9.36931e-32
  1.02e-01	  1.95e-02	1.40218e-64
  1.02e-01	  2.01e-02	4.39148e-97
  1.02e-01	  2.06e-02	1.53236e-64
  1.02e-01	  2.11e-02	1.02402e-31
  1.02e-01	  2.16e-02	1.72099e-01
  1.02e-01	  2.21e-02	2.45434e-01
  1.02e-01	  2.27e-02	3.05995e-01
  1.02e-01	  2.32e-02	3.53435e-01
  1.02e-01	  2.37e-02	3.87472e-01
  1.02e-01	  2.42e-02	4.07936e-01
  1.02e-01	  2.47e-02	4.14755e-01
  1.02e-01	  2.53e-02	4.07913e-01
  1.02e-01	  2.58e-02	3.87427e-01
  1.02e-01	  2.63e-02	3.53372e-01
  1.02e-01	  2.68e-02	3.05920e-01
  1.02e-01	  2.73e-02	2.45357e-01
  1.02e-01	  2.79e-02	1.72036e-01
  1.02e-01	  2.84e-02	1.02422e-31
  1.02e-01	  2.89e-02	1.53266e-64
  1.02e-01	  2.94e-02	4.65834e-97
  1.02e-01	  2.99e-02	1.58062e-64
  1.02e-01	  3.05e-02	1.05644e-31
  1.02e-01	  3.10e-02	1.76731e-01
  1.02e-01	  3.15e-02	2.51999e-01
  1.02e-01	  3.20e-02	3.14153e-01
  1.02e-01	  3.26e-02	3.62849e-01
  1.02e-01	  3.31e-02	3.97805e-01
  1.02e-01	  3.36e-02	4.18851e-01
  1.02e-01	  3.41e-02	4.25914e-01
  1.02e-01	  3.46e-02	4.18968e-01
  1.02e-01	  3.52e-02	3.98022e-01
  1.02e-01	  3.57e-02	3.63135e-01
  1.02e-01	  3.62e-02	3.14465e-01
  1.02e-01	  3.67e-02	2.52288e-01
  1.02e-01	  3.72e-02	1.76948e-01
  1.02e-01	  3.78e-02	1.05610e-31
  1.02e-01	  3.83e-02	1.58013e-64
  1.02e-01	  3.88e-02	2.36415e-97
  1.02e-01	  3.93e-02	3.53718e-130
  1.02e-01	  3.98e-02	5.29220e-163
  1.02e-01	  4.04e-02	7.91797e-196
  1.02e-01	  4.09e-02	1.18465e-228
  1.02e-01	  4.14e-02	1.77241e-261
  1.02e-01	  4.19e-02	2.65176e-294
  1.02e-01	  4.24e-02	0.00000e+00
  1.02e-01	  4.30e-02	0.00000e+00
  1.02e-01	  4.35e-02	0.00000e+00
  1.02e-01	  4.40e-02	0.00000e+00
  1.02e-01	  4.45e-02	0.00000e+00
  1.02e-01	  4.51e-02	0.00000e+00
  1.02e-01	  4.56e-02	0.00000e+00
  1.02e-01	  4.61e-02	0.00000e+00
  1.02e-01	  4.66e-02	0.00000e+00
  1.02e-01	  4.71e-02	0.00000e+00
  1.02e-01	  4.77e-02	0.00000e+00
  1.02e-01	  4.82e-02	0.00000e+00
  1.02e-01	  4.87e-02	0.00000e+00
  1.02e-01	  4.92e-02	0.00000e+00
  1.02e-01	  4.97e-02	0.00000e+00

  1.02e-01	  2.60e-04	0.00000e+00
  1.02e-01	  7.81e-04	0.00000e+00
  1.02e-01	  1.30e-03	0.00000e+00
  1.02e-01	  1.82e-03	0.00000e+00
  1.02e-01	  2.34e-03	0.00000e+00
  1.02e-01	  2.86e-03	0.00000e+00
  1.02e-01	  3.39e-03	0.00000e+00
  1.02e-01	  3.91e-03	0.00000e+00
  1.02e-01	  4.43e-03	0.00000e+00
  1.02e-01	  4.95e-03	0.00000e+00
  1.02e-01	  5.47e-03	0.00000e+00
  1.02e-01	  5.99e-03	0.00000e+00
  1.02e-01	  6.51e-03	0.00000e+00
  1.02e-01	  7.03e-03	0.00000e+00
  1.02e-01	  7.55e-03	3.82424e-293
  1.02e-01	  8.07e-03	1.26999e-260
  1.02e-01	  8.59e-03	3.60792e-228
  1.02e-01	  9.11e-03	7.94686e-196
  1.02e-01	  9.64e-03	1.04433e-163
  1.02e-01	  1.02e-02	5.68286e-163
  1.02e-01	  1.07e-02	3.09494e-130
  1.02e-01	  1.12e-02	2.06799e-97
  1.02e-01	  1.17e-02	1.38179e-64
  1.02e-01	  1.22e-02	9.23282e-32
  1.02e-01	  1.28e-02	1.58019e-01
  1.02e-01	  1.33e-02	2.24463e-01
  1.02e-01	  1.38e-02	2.78113e-01
  1.02e-01	  1.43e-02	3.18564e-01
  1.02e-01	  1.48e-02	3.45565e-01
  1.02e-01	  1.54e-02	3.59015e-01
  1.02e-01	  1.59e-02	3.58898e-01
  1.02e-01	  1.64e-02	3.45231e-01
  1.02e-01	  1.69e-02	3.18059e-01
  1.02e-01	  1.74e-02	2.77514e-01
  1.02e-01	  1.80e-02	2.23870e-01
  1.02e-01	  1.85e-02	1.57550e-01
  1.02e-01	  1.90e-02	9.24457e-32
  1.02e-01	  1.95e-02	1.38353e-64
  1.02e-01	  2.01e-02	4.33733e-97
  1.02e-01	  2.06e-02	1.51478e-64
  1.02e-01	  2.11e-02	1.01226e-31
  1.02e-01	  2.16e-02	1.71871e-01
  1.02e-01	  2.21e-02	2.45295e-01
  1.02e-01	  2.27e-02	3.06002e-01
  1.02e-01	  2.32e-02	3.53534e-01
  1.02e-01	  2.37e-02	3.87591e-01
  1.02e-01	  2.42e-02	4.08040e-01
  1.02e-01	  2.47e-02	4.14849e-01
  1.02e-01	  2.53e-02	4.08019e-01
  1.02e-01	  2.58e-02	3.87550e-01
  1.02e-01	  2.63e-02	3.53472e-01
  1.02e-01	  2.68e-02	3.05923e-01
  1.02e-01	  2.73e-02	2.45210e-01
  1.02e-01	  2.79e-02	1.71797e-01
  1.02e-01	  2.84e-02	1.01278e-31
  1.02e-01	  2.89e-02	1.51556e-64
  1.02e-01	  2.94e-02	4.60541e-97
  1.02e-01	  2.99e-02	1.56230e-64
  1.02e-01	  3.05e-02	1.04418e-31
  1.02e-01	  3.10e-02	1.76459e-01
  1.02e-01	  3.15e-02	2.51806e-01
  1.02e-01	  3.20e-02	3.14104e-01
  1.02e-01	  3.26e-02	3.62896e-01
  1.02e-01	  3.31e-02	3.97883e-01
  1.02e-01	  3.36e-02	4.18928e-01
  1.02e-01	  3.41e-02	4.26000e-01
  1.02e-01	  3.46e-02	4.19089e-01
  1.02e-01	  3.52e-02	3.98183e-01
  1.02e-01	  3.57e-02	3.63291e-01
  1.02e-01	  3.62e-02	3.14533e-01
  1.02e-01	  3.67e-02	2.52203e-01
  1.02e-01	  3.72e-02	1.76757e-01
  1.02e-01	  3.78e-02	1.04325e-31
  1.02e-01	  3.83e-02	1.56093e-64
  1.02e-01	  3.88e-02	2.33546e-97
  1.02e-01	  3.93e-02	3.49432e-130
  1.02e-01	  3.98e-02	6.28945e-163
  1.02e-01	  4.04e-02	1.58928e-195
  1.02e-01	  4.09e-02	4.83288e-228
  1.02e-01	  4.14e-02	1.46394e-260
  1.02e-01	  4.19e-02	4.14217e-293
  1.02e-01	  4.24e-02	0.00000e+00
  1.02e-01	  4.30e-02	0.00000e+00
  1.02e-01	  4.35e-02	0.00000e+00
  1.02e-01	  4.40e-02	0.00000e+00
  1.02e-01	  4.45e-02	0.00000e+00
  1.02e-01	  4.51e-02	0.00000e+00
  1.02e-01	  4.56e-02	0.00000e+00
  1.02e-01	  4.61e-02	0.00000e+00
  1.02e-01	  4.66e-02	0.00000e+00
  1.02e-01	  4.71e-02	0.00000e+00
  1.02e-01	  4.77e-02	0.00000e+00
  1.02e-01	  4.82e-02	0.00000e+00
  1.02e-01	  4.87e-02	0.00000e+00
  1.02e-01	  4.92e-02	0.00000e+00
  1.02e-01	  4.97e-02	0.00000e+00

  1.03e-01	  2.60e-04	0.00000e+00
  1.03e-01	  7.81e-04	0.00000e+00
  1.03e-01	  1.30e-03	0.00000e+00
  1.03e-01	  1.82e-03	0.00000e+00
  1.03e-01	  2.34e-03	0.00000e+00
  1.03e-01	  2.86e-03	0.00000e+00
  1.03e-01	  3.39e-03	0.00000e+00
  1.03e-01	  3.91e-03	0.00000e+00
  1.03e-01	  4.43e-03	0.00000e+00
  1.03e-01	  4.95e-03	0.00000e+00
  1.03e-01	  5.47e-03	0.00000e+00
  1.03e-01	  5.99e-03	0.00000e+00
  1.03e-01	  6.51e-03	0.00000e+00
  1.03e-01	  7.03e-03	6.95274e-293
  1.03e-01	  7.55e-03	2.89041e-260
  1.03e-01	  8.07e-03	1.09703e-227
  1.03e-01	  8.59e-03	3.63473e-195
  1.03e-01	  9.11e-03	9.59459e-163
  1.03e-01	  9.64e-03	1.56968e-130
  1.03e-01	  1.02e-02	1.57974e-130
  1.03e-01	  1.07e-02	4.63034e-130
  1.03e-01	  1.12e-02	2.02659e-97
  1.03e-01	  1.17e-02	1.35410e-64
  1.03e-01	  1.22e-02	9.04764e-32
  1.03e-01	  1.28e-02	1.57664e-01
  1.03e-01	  1.33e-02	2.24392e-01
  1.03e-01	  1.38e-02	2.78316e-01
  1.03e-01	  1.43e-02	3.18839e-01
  1.03e-01	  1.48e-02	3.45763e-01
  1.03e-01	  1.54e-02	3.59118e-01
  1.03e-01	  1.59e-02	3.58974e-01
  1.03e-01	  1.64e-02	3.45349e-01
  1.03e-01	  1.69e-02	3.18208e-01
  1.03e-01	  1.74e-02	2.77559e-01
  1.03e-01	  1.80e-02	2.23631e-01
  1.03e-01	  1.85e-02	1.57051e-01
  1.03e-01	  1.90e-02	9.07793e-32
  1.03e-01	  1.95e-02	1.35861e-64
  1.03e-01	  2.01e-02	4.26390e-97
  1.03e-01	  2.06e-02	1.49060e-64
  1.03e-01	  2.11e-02	9.96086e-32
  1.03e-01	  2.16e-02	1.71466e-01
  1.03e-01	  2.21e-02	2.45196e-01
  1.03e-01	  2.27e-02	3.06191e-01
  1.03e-01	  2.32e-02	3.53776e-01
  1.03e-01	  2.37e-02	3.87707e-01
  1.03e-01	  2.42e-02	4.08000e-01
  1.03e-01	  2.47e-02	4.14747e-01
  1.03e-01	  2.53e-02	4.07992e-01
  1.03e-01	  2.58e-02	3.87688e-01
  1.03e-01	  2.63e-02	3.53742e-01
  1.03e-01	  2.68e-02	3.06136e-01
  1.03e-01	  2.73e-02	2.45122e-01
  1.03e-01	  2.79e-02	1.71392e-01
  1.03e-01	  2.84e-02	9.97235e-32
  1.03e-01	  2.89e-02	1.49232e-64
  1.03e-01	  2.94e-02	4.53330e-97
  1.03e-01	  2.99e-02	1.53731e-64
  1.03e-01	  3.05e-02	1.02746e-31
  1.03e-01	  3.10e-02	1.76001e-01
  1.03e-01	  3.15e-02	2.51649e-01
  1.03e-01	  3.20e-02	3.14238e-01
  1.03e-01	  3.26e-02	3.63087e-01
  1.03e-01	  3.31e-02	3.97954e-01
  1.03e-01	  3.36e-02	4.18856e-01
  1.03e-01	  3.41e-02	4.25885e-01
  1.03e-01	  3.46e-02	4.19076e-01
  1.03e-01	  3.52e-02	3.98361e-01
  1.03e-01	  3.57e-02	3.63623e-01
  1.03e-01	  3.62e-02	3.14820e-01
  1.03e-01	  3.67e-02	2.52183e-01
  1.03e-01	  3.72e-02	1.76399e-01
  1.03e-01	  3.78e-02	1.02535e-31
  1.03e-01	  3.83e-02	1.53416e-64
  1.03e-01	  3.88e-02	2.29547e-97
  1.03e-01	  3.93e-02	5.05678e-130
  1.03e-01	  3.98e-02	1.59516e-130
  1.03e-01	  4.04e-02	9.74227e-163
  1.03e-01	  4.09e-02	3.68893e-195
  1.03e-01	  4.14e-02	1.11305e-227
  1.03e-01	  4.19e-02	2.93203e-260
  1.03e-01	  4.24e-02	7.05184e-293
  1.03e-01	  4.30e-02	0.00000e+00
  1.03e-01	  4.35e-02	0.00000e+00
  1.03e-01	  4.40e-02	0.00000e+00
  1.03e-01	  4.45e-02	0.00000e+00
  1.03e-01	  4.51e-02	0.00000e+00
  1.03e-01	  4.56e-02	0.00000e+00
  1.03e-01	  4.61e-02	0.00000e+00
  1.03e-01	  4.66e-02	0.00000e+00
  1.03e-01	  4.71e-02	0.00000e+00
  1.03e-01	  4.77e-02	0.00000e+00
  1.03e-01	  4.82e-02	0.00000e+00
  1.03e-01	  4.87e-02	0.00000e+00
  1.03e-01	  4.92e-02	0.00000e+00
  1.03e-01	  4.97e-02	0.00000e+00

  1.04e-01	  2.60e-04	0.00000e+00
  1.04e-01	  7.81e-04	0.00000e+00
  1.04e-01	  1.30e-03	0.00000e+00
  1.04e-01	  1.82e-03	0.00000e+00
  1.04e-01	  2.34e-03	0.00000e+00
  1.04e-01	  2.86e-03	0.00000e+00
  1.04e-01	  3.39e-03	0.00000e+00
  1.04e-01	  3.91e-03	0.00000e+00
  1.04e-01	  4.43e-03	0.00000e+00
  1.04e-01	  4.95e-03	0.00000e+00
  1.04e-01	  5.47e-03	0.00000e+00
  1.04e-01	  5.99e-03	0.00000e+00
  1.04e-01	  6.51e-03	7.89957e-293
  1.04e-01	  7.03e-03	3.94651e-260
  1.04e-01	  7.55e-03	1.87595e-227
  1.04e-01	  8.07e-03	8.31005e-195
  1.04e-01	  8.59e-03	3.30418e-162
  1.04e-01	  9.11e-03	1.08889e-129
  1.04e-01	  9.64e-03	2.35927e-97
  1.04e-01	  1.02e-02	2.37444e-97
  1.04e-01	  1.07e-02	2.40083e-97
  1.04e-01	  1.12e-02	4.41102e-97
  1.04e-01	  1.17e-02	1.31640e-64
  1.04e-01	  1.22e-02	8.79559e-32
  1.04e-01	  1.28e-02	1.57116e-01
  1.04e-01	  1.33e-02	2.24730e-01
  1.04e-01	  1.38e-02	2.79012e-01
  1.04e-01	  1.43e-02	3.19244e-01
  1.04e-01	  1.48e-02	3.45650e-01
  1.04e-01	  1.54e-02	3.58635e-01
  1.04e-01	  1.59e-02	3.58468e-01
  1.04e-01	  1.64e-02	3.45171e-01
  1.04e-01	  1.69e-02	3.18515e-01
  1.04e-01	  1.74e-02	2.78131e-01
  1.04e-01	  1.80e-02	2.23829e-01
  1.04e-01	  1.85e-02	1.56365e-01
  1.04e-01	  1.90e-02	8.86386e-32
  1.04e-01	  1.95e-02	1.32658e-64
  1.04e-01	  2.01e-02	6.74123e-97
  1.04e-01	  2.06e-02	1.45867e-64
  1.04e-01	  2.11e-02	9.74743e-32
  1.04e-01	  2.16e-02	1.70919e-01
  1.04e-01	  2.21e-02	2.45647e-01
  1.04e-01	  2.27e-02	3.07037e-01
  1.04e-01	  2.32e-02	3.54261e-01
  1.04e-01	  2.37e-02	3.87521e-01
  1.04e-01	  2.42e-02	4.07255e-01
  1.04e-01	  2.47e-02	4.13800e-01
  1.04e-01	  2.53e-02	4.07276e-01
  1.04e-01	  2.58e-02	3.87558e-01
  1.04e-01	  2.63e-02	3.54302e-01
  1.04e-01	  2.68e-02	3.07064e-01
  1.04e-01	  2.73e-02	2.45640e-01
  1.04e-01	  2.79e-02	1.70877e-01
  1.04e-01	  2.84e-02	9.77127e-32
  1.04e-01	  2.89e-02	1.46224e-64
  1.04e-01	  2.94e-02	7.03900e-97
  1.04e-01	  2.99e-02	1.50470e-64
  1.04e-01	  3.05e-02	1.00567e-31
  1.04e-01	  3.10e-02	1.75398e-01
  1.04e-01	  3.15e-02	2.52060e-01
  1.04e-01	  3.20e-02	3.15049e-01
  1.04e-01	  3.26e-02	3.63530e-01
  1.04e-01	  3.31e-02	3.97719e-01
  1.04e-01	  3.36e-02	4.18066e-01
  1.04e-01	  3.41e-02	4.24912e-01
  1.04e-01	  3.46e-02	4.18364e-01
  1.04e-01	  3.52e-02	3.98271e-01
  1.04e-01	  3.57e-02	3.64254e-01
  1.04e-01	  3.62e-02	3.15829e-01
  1.04e-01	  3.67e-02	2.52767e-01
  1.04e-01	  3.72e-02	1.75917e-01
  1.04e-01	  3.78e-02	1.00127e-31
  1.04e-01	  3.83e-02	1.49816e-64
  1.04e-01	  3.88e-02	4.72981e-97
  1.04e-01	  3.93e-02	2.43836e-97
  1.04e-01	  3.98e-02	2.39757e-97
  1.04e-01	  4.04e-02	1.10535e-129
  1.04e-01	  4.09e-02	3.35238e-162
  1.04e-01	  4.14e-02	8.42878e-195
  1.04e-01	  4.19e-02	1.90240e-227
  1.04e-01	  4.24e-02	4.00164e-260
  1.04e-01	  4.30e-02	8.00924e-293
  1.04e-01	  4.35e-02	0.00000e+00
  1.04e-01	  4.40e-02	0.00000e+00
  1.04e-01	  4.45e-02	0.00000e+00
  1.04e-01	  4.51e-02	0.00000e+00
  1.04e-01	  4.56e-02	0.00000e+00
  1.04e-01	  4.61e-02	0.00000e+00
  1.04e-01	  4.66e-02	0.00000e+00
  1.04e-01	  4.71e-02	0.00000e+00
  1.04e-01	  4.77e-02	0.00000e+00
  1.04e-01	  4.82e-02	0.00000e+00
  1.04e-01	  4.87e-02	0.00000e+00
  1.04e-01	  4.92e-02	0.00000e+00
  1.04e-01	  4.97e-02	0.00000e+00

  1.05e-01	  2.60e-04	0.00000e+00
  1.05e-01	  7.81e-04	0.00000e+00
  1.05e-01	  1.30e-03	0.00000e+00
  1.05e-01	  1.82e-03	0.00000e+00
  1.05e-01	  2.34e-03	0.00000e+00
  1.05e-01	  2.86e-03	0.00000e+00
  1.05e-01	  3.39e-03	0.00000e+00
  1.05e-01	  3.91e-03	0.00000e+00
  1.05e-01	  4.43e-03	0.00000e+00
  1.05e-01	  4.95e-03	0.00000e+00
  1.05e-01	  5.47e-03	0.00000e+00
  1.05e-01	  5.99e-03	5.12824e-293
  1.05e-01	  6.51e-03	2.99321e-260
  1.05e-01	  7.03e-03	1.71059e-227
  1.05e-01	  7.55e-03	9.49719e-195
  1.05e-01	  8.07e-03	5.05527e-162
  1.05e-01	  8.59e-03	2.51605e-129
  1.05e-01	  9.11e-03	1.10574e-96
  1.05e-01	  9.64e-03	3.54601e-64
  1.05e-01	  1.02e-02	3.56887e-64
  1.05e-01	  1.07e-02	3.60855e-64
  1.05e-01	  1.12e-02	3.66867e-64
  1.05e-01	  1.17e-02	5.04600e-64
  1.05e-01	  1.22e-02	8.49956e-32
  1.05e-01	  1.28e-02	1.57235e-01
  1.05e-01	  1.33e-02	2.27164e-01
  1.05e-01	  1.38e-02	2.80857e-01
  1.05e-01	  1.43e-02	3.19267e-01
  1.05e-01	  1.48e-02	3.43977e-01
  1.05e-01	  1.54e-02	3.56003e-01
  1.05e-01	  1.59e-02	3.55815e-01
  1.05e-01	  1.64e-02	3.43445e-01
  1.05e-01	  1.69e-02	3.18478e-01
  1.05e-01	  1.74e-02	2.79939e-01
  1.05e-01	  1.80e-02	2.26252e-01
  1.05e-01	  1.85e-02	1.56436e-01
  1.05e-01	  1.90e-02	8.64651e-32
  1.05e-01	  1.95e-02	5.20049e-64
  1.05e-01	  2.01e-02	3.86739e-64
  1.05e-01	  2.06e-02	5.35631e-64
  1.05e-01	  2.11e-02	9.52564e-32
  1.05e-01	  2.16e-02	1.71222e-01
  1.05e-01	  2.21e-02	2.48608e-01
  1.05e-01	  2.27e-02	3.09411e-01
  1.05e-01	  2.32e-02	3.54605e-01
  1.05e-01	  2.37e-02	3.85861e-01
  1.05e-01	  2.42e-02	4.04261e-01
  1.05e-01	  2.47e-02	4.10360e-01
  1.05e-01	  2.53e-02	4.04323e-01
  1.05e-01	  2.58e-02	3.85984e-01
  1.05e-01	  2.63e-02	3.54783e-01
  1.05e-01	  2.68e-02	3.09623e-01
  1.05e-01	  2.73e-02	2.48802e-01
  1.05e-01	  2.79e-02	1.71318e-01
  1.05e-01	  2.84e-02	9.57489e-32
  1.05e-01	  2.89e-02	5.39375e-64
  1.05e-01	  2.94e-02	3.90721e-64
  1.05e-01	  2.99e-02	5.43645e-64
  1.05e-01	  3.05e-02	9.83629e-32
  1.05e-01	  3.10e-02	1.75684e-01
  1.05e-01	  3.15e-02	2.55068e-01
  1.05e-01	  3.20e-02	3.17440e-01
  1.05e-01	  3.26e-02	3.63831e-01
  1.05e-01	  3.31e-02	3.95972e-01
  1.05e-01	  3.36e-02	4.14976e-01
  1.05e-01	  3.41e-02	4.21396e-01
  1.05e-01	  3.46e-02	4.15382e-01
  1.05e-01	  3.52e-02	3.96726e-01
  1.05e-01	  3.57e-02	3.64817e-01
  1.05e-01	  3.62e-02	3.18494e-01
  1.05e-01	  3.67e-02	2.56004e-01
  1.05e-01	  3.72e-02	1.76350e-01
  1.05e-01	  3.78e-02	9.74867e-32
  1.05e-01	  3.83e-02	5.32358e-64
  1.05e-01	  3.88e-02	3.73993e-64
  1.05e-01	  3.93e-02	3.66501e-64
  1.05e-01	  3.98e-02	3.60359e-64
  1.05e-01	  4.04e-02	1.12184e-96
  1.05e-01	  4.09e-02	2.55141e-129
  1.05e-01	  4.14e-02	5.12510e-162
  1.05e-01	  4.19e-02	9.62712e-195
  1.05e-01	  4.24e-02	1.73386e-227
  1.05e-01	  4.30e-02	3.03377e-260
  1.05e-01	  4.35e-02	5.19758e-293
  1.05e-01	  4.40e-02	0.00000e+00
  1.05e-01	  4.45e-02	0.00000e+00
  1.05e-01	  4.51e-02	0.00000e+00
  1.05e-01	  4.56e-02	0.00000e+00
  1.05e-01	  4.61e-02	0.00000e+00
  1.05e-01	  4.66e-02	0.00000e+00
  1.05e-01	  4.71e-02	0.00000e+00
  1.05e-01	  4.77e-02	0.00000e+00
  1.05e-01	  4.82e-02	0.00000e+00
  1.05e-01	  4.87e-02	0.00000e+00
  1.05e-01	  4.92e-02	0.00000e+00
  1.05e-01	  4.97e-02	0.00000e+00

  1.05e-01	  2.60e-04	0.00000e+00
  1.05e-01	  7.81e-04	0.00000e+00
  1.05e-01	  1.30e-03	0.00000e+00
  1.05e-01	  1.82e-03	0.00000e+00
  1.05e-01	  2.34e-03	0.00000e+00
  1.05e-01	  2.86e-03	0.00000e+00
  1.05e-01	  3.39e-03	0.00000e+00
  1.05e-01	  3.91e-03	0.00000e+00
  1.05e-01	  4.43e-03	0.00000e+00
  1.05e-01	  4.95e-03	0.00000e+00
  1.05e-01	  5.47e-03	1.45634e-293
  1.05e-01	  5.99e-03	9.72798e-261
  1.05e-01	  6.51e-03	6.49801e-228
  1.05e-01	  7.03e-03	4.34045e-195
  1.05e-01	  7.55e-03	2.89924e-162
  1.05e-01	  8.07e-03	1.93656e-129
  1.05e-01	  8.59e-03	1.29352e-96
  1.05e-01	  9.11e-03	8.63992e-64
  1.05e-01	  9.64e-03	5.33553e-31
  1.05e-01	  1.02e-02	5.37007e-31
  1.05e-01	  1.07e-02	5.42975e-31
  1.05e-01	  1.12e-02	5.52019e-31
  1.05e-01	  1.17e-02	5.67848e-31
  1.05e-01	  1.22e-02	7.26055e-31
  1.05e-01	  1.28e-02	1.66217e-01
  1.05e-01	  1.33e-02	2.35143e-01
  1.05e-01	  1.38e-02	2.82277e-01
  1.05e-01	  1.43e-02	3.15607e-01
  1.05e-01	  1.48e-02	3.37254e-01
  1.05e-01	  1.54e-02	3.47852e-01
  1.05e-01	  1.59e-02	3.47619e-01
  1.05e-01	  1.64e-02	3.36604e-01
  1.05e-01	  1.69e-02	3.14685e-01
  1.05e-01	  1.74e-02	2.81322e-01
  1.05e-01	  1.80e-02	2.34437e-01
  1.05e-01	  1.85e-02	1.65854e-01
  1.05e-01	  1.90e-02	7.47443e-31
  1.05e-01	  1.95e-02	5.87796e-31
  1.05e-01	  2.01e-02	5.81925e-31
  1.05e-01	  2.06e-02	5.91468e-31
  1.05e-01	  2.11e-02	7.69588e-31
  1.05e-01	  2.16e-02	1.81348e-01
  1.05e-01	  2.21e-02	2.57997e-01
  1.05e-01	  2.27e-02	3.11787e-01
  1.05e-01	  2.32e-02	3.51463e-01
  1.05e-01	  2.37e-02	3.79275e-01
  1.05e-01	  2.42e-02	3.95849e-01
  1.05e-01	  2.47e-02	4.01383e-01
  1.05e-01	  2.53e-02	3.95932e-01
  1.05e-01	  2.58e-02	3.79454e-01
  1.05e-01	  2.63e-02	3.51763e-01
  1.05e-01	  2.68e-02	3.12243e-01
  1.05e-01	  2.73e-02	2.58627e-01
  1.05e-01	  2.79e-02	1.82043e-01
  1.05e-01	  2.84e-02	7.75561e-31
  1.05e-01	  2.89e-02	5.96003e-31
  1.05e-01	  2.94e-02	5.87929e-31
  1.05e-01	  2.99e-02	5.96584e-31
  1.05e-01	  3.05e-02	7.80546e-31
  1.05e-01	  3.10e-02	1.86195e-01
  1.05e-01	  3.15e-02	2.64715e-01
  1.05e-01	  3.20e-02	3.19805e-01
  1.05e-01	  3.26e-02	3.60504e-01
  1.05e-01	  3.31e-02	3.89126e-01
  1.05e-01	  3.36e-02	4.06297e-01
  1.05e-01	  3.41e-02	4.12197e-01
  1.05e-01	  3.46e-02	4.06847e-01
  1.05e-01	  3.52e-02	3.90156e-01
  1.05e-01	  3.57e-02	3.61870e-01
  1.05e-01	  3.62e-02	3.21284e-01
  1.05e-01	  3.67e-02	2.66029e-01
  1.05e-01	  3.72e-02	1.87117e-01
  1.05e-01	  3.78e-02	7.67388e-31
  1.05e-01	  3.83e-02	5.81560e-31
  1.05e-01	  3.88e-02	5.62753e-31
  1.05e-01	  3.93e-02	5.51480e-31
  1.05e-01	  3.98e-02	5.42219e-31
  1.05e-01	  4.04e-02	8.75220e-64
  1.05e-01	  4.09e-02	1.31036e-96
  1.05e-01	  4.14e-02	1.96182e-129
  1.05e-01	  4.19e-02	2.93714e-162
  1.05e-01	  4.24e-02	4.39728e-195
  1.05e-01	  4.30e-02	6.58326e-228
  1.05e-01	  4.35e-02	9.85583e-261
  1.05e-01	  4.40e-02	1.47551e-293
  1.05e-01	  4.45e-02	0.00000e+00
  1.05e-01	  4.51e-02	0.00000e+00
  1.05e-01	  4.56e-02	0.00000e+00
  1.05e-01	  4.61e-02	0.00000e+00
  1.05e-01	  4.66e-02	0.00000e+00
  1.05e-01	  4.71e-02	0.00000e+00
  1.05e-01	  4.77e-02	0.00000e+00
  1.05e-01	  4.82e-02	0.00000e+00
  1.05e-01	  4.87e-02	0.00000e+00
  1.05e-01	  4.92e-02	0.00000e+00
  1.05e-01	  4.97e-02	0.00000e+00

  1.06e-01	  2.60e-04	0.00000e+00
  1.06e-01	  7.81e-04	0.00000e+00
  1.06e-01	  1.30e-03	0.00000e+00
  1.06e-01	  1.82e-03	0.00000e+00
  1.06e-01	  2.34e-03	0.00000e+00
  1.06e-01	  2.86e-03	0.00000e+00
  1.06e-01	  3.39e-03	0.00000e+00
  1.06e-01	  3.91e-03	0.00000e+00
  1.06e-01	  4.43e-03	0.00000e+00
  1.06e-01	  4.95e-03	-2.21809e-298
  1.06e-01	  5.47e-03	-1.47394e-265
  1.06e-01	  5.99e-03	-9.79458e-233
  1.06e-01	  6.51e-03	-6.50872e-200
  1.06e-01	  7.03e-03	-4.32524e-167
  1.06e-01	  7.55e-03	-2.87429e-134
  1.06e-01	  8.07e-03	-1.91010e-101
  1.06e-01	  8.59e-03	-1.26937e-68
  1.06e-01	  9.11e-03	-8.43578e-36
  1.06e-01	  9.64e-03	-4.82138e-03
  1.06e-01	  1.02e-02	3.03139e-03
  1.06e-01	  1.07e-02	6.89475e-03
  1.06e-01	  1.12e-02	1.37526e-02
  1.06e-01	  1.17e-02	2.85253e-02
  1.06e-01	  1.22e-02	6.28470e-02
  1.06e-01	  1.28e-02	1.47559e-01
  1.06e-01	  1.33e-02	2.14564e-01
  1.06e-01	  1.38e-02	2.63611e-01
  1.06e-01	  1.43e-02	2.97961e-01
  1.06e-01	  1.48e-02	3.19834e-01
  1.06e-01	  1.54e-02	3.30371e-01
  1.06e-01	  1.59e-02	3.30054e-01
  1.06e-01	  1.64e-02	3.18924e-01
  1.06e-01	  1.69e-02	2.96585e-01
  1.06e-01	  1.74e-02	2.61989e-01
  1.06e-01	  1.80e-02	2.13046e-01
  1.06e-01	  1.85e-02	1.46761e-01
  1.06e-01	  1.90e-02	6.41715e-02
  1.06e-01	  1.95e-02	3.38787e-02
  1.06e-01	  2.01e-02	2.68216e-02
  1.06e-01	  2.06e-02	3.64217e-02
  1.06e-01	  2.11e-02	7.08871e-02
  1.06e-01	  2.16e-02	1.62469e-01
  1.06e-01	  2.21e-02	2.36810e-01
  1.06e-01	  2.27e-02	2.92848e-01
  1.06e-01	  2.32e-02	3.33814e-01
  1.06e-01	  2.37e-02	3.61980e-01
  1.06e-01	  2.42e-02	3.78535e-01
  1.06e-01	  2.47e-02	3.84014e-01
  1.06e-01	  2.53e-02	3.78571e-01
  1.06e-01	  2.58e-02	3.62059e-01
  1.06e-01	  2.63e-02	3.33943e-01
  1.06e-01	  2.68e-02	2.93032e-01
  1.06e-01	  2.73e-02	2.37026e-01
  1.06e-01	  2.79e-02	1.62665e-01
  1.06e-01	  2.84e-02	7.10580e-02
  1.06e-01	  2.89e-02	3.70215e-02
  1.06e-01	  2.94e-02	2.83866e-02
  1.06e-01	  2.99e-02	3.75044e-02
  1.06e-01	  3.05e-02	7.24519e-02
  1.06e-01	  3.10e-02	1.66248e-01
  1.06e-01	  3.15e-02	2.42455e-01
  1.06e-01	  3.20e-02	2.99950e-01
  1.06e-01	  3.26e-02	3.42059e-01
  1.06e-01	  3.31e-02	3.71121e-01
  1.06e-01	  3.36e-02	3.88347e-01
  1.06e-01	  3.41e-02	3.94268e-01
  1.06e-01	  3.46e-02	3.89012e-01
  1.06e-01	  3.52e-02	3.72384e-01
  1.06e-01	  3.57e-02	3.43780e-01
  1.06e-01	  3.62e-02	3.01894e-01
  1.06e-01	  3.67e-02	2.44253e-01
  1.06e-01	  3.72e-02	1.67275e-01
  1.06e-01	  3.78e-02	7.14863e-02
  1.06e-01	  3.83e-02	3.29742e-02
  1.06e-01	  3.88e-02	1.65870e-02
  1.06e-01	  3.93e-02	8.66518e-03
  1.06e-01	  3.98e-02	-4.42841e-03
  1.06e-01	  4.04e-02	-7.61141e-36
  1.06e-01	  4.09e-02	-1.14540e-68
  1.06e-01	  4.14e-02	-1.72365e-101
  1.06e-01	  4.19e-02	-2.59383e-134
  1.06e-01	  4.24e-02	-3.90331e-167
  1.06e-01	  4.30e-02	-5.87388e-200
  1.06e-01	  4.35e-02	-8.83927e-233
  1.06e-01	  4.40e-02	-1.33017e-265
  1.06e-01	  4.45e-02	-2.00168e-298
  1.06e-01	  4.51e-02	0.00000e+00
  1.06e-01	  4.56e-02	0.00000e+00
  1.06e-01	  4.61e-02	0.00000e+00
  1.06e-01	  4.66e-02	0.00000e+00
  1.06e-01	  4.71e-02	0.00000e+00
  1.06e-01	  4.77e-02	0.00000e+00
  1.06e-01	  4.82e-02	0.00000e+00
  1.06e-01	  4.87e-02	0.00000e+00
  1.06e-01	  4.92e-02	0.00000e+00
  1.06e-01	  4.97e-02	0.00000e+00

  1.07e-01	  2.60e-04	0.00000e+00
  1.07e-01	  7.81e-04	0.00000e+00
  1.07e-01	  1.30e-03	0.00000e+00
  1.07e-01	  1.82e-03	0.00000e+00
  1.07e-01	  2.34e-03	0.00000e+00
  1.07e-01	  2.86e-03	0.00000e+00
  1.07e-01	  3.39e-03	0.00000e+00
  1.07e-01	  3.91e-03	0.00000e+00
  1.07e-01	  4.43e-03	0.00000e+00
  1.07e-01	  4.95e-03	-1.14335e-299
  1.07e-01	  5.47e-03	-6.69244e-267
  1.07e-01	  5.99e-03	-3.84542e-234
  1.07e-01	  6.51e-03	-2.15534e-201
  1.07e-01	  7.03e-03	-1.16644e-168
  1.07e-01	  7.55e-03	-5.98495e-136
  1.07e-01	  8.07e-03	-2.80375e-103
  1.07e-01	  8.59e-03	-1.08379e-70
  1.07e-01	  9.11e-03	-2.02638e-38
  1.07e-01	  9.64e-03	2.78884e-06
  1.07e-01	  1.02e-02	1.20900e-02
  1.07e-01	  1.07e-02	2.04285e-02
  1.07e-01	  1.12e-02	3.40183e-02
  1.07e-01	  1.17e-02	5.67846e-02
  1.07e-01	  1.22e-02	9.36793e-02
  1.07e-01	  1.28e-02	1.47296e-01
  1.07e-01	  1.33e-02	1.99494e-01
  1.07e-01	  1.38e-02	2.42786e-01
  1.07e-01	  1.43e-02	2.75114e-01
  1.07e-01	  1.48e-02	2.96317e-01
  1.07e-01	  1.54e-02	3.06670e-01
  1.07e-01	  1.59e-02	3.06403e-01
  1.07e-01	  1.64e-02	2.95592e-01
  1.07e-01	  1.69e-02	2.74175e-01
  1.07e-01	  1.74e-02	2.42120e-01
  1.07e-01	  1.80e-02	1.99977e-01
  1.07e-01	  1.85e-02	1.50466e-01
  1.07e-01	  1.90e-02	1.02122e-01
  1.07e-01	  1.95e-02	7.44058e-02
  1.07e-01	  2.01e-02	6.70090e-02
  1.07e-01	  2.06e-02	7.90158e-02
  1.07e-01	  2.11e-02	1.12286e-01
  1.07e-01	  2.16e-02	1.67732e-01
  1.07e-01	  2.21e-02	2.24505e-01
  1.07e-01	  2.27e-02	2.73507e-01
  1.07e-01	  2.32e-02	3.11886e-01
  1.07e-01	  2.37e-02	3.39120e-01
  1.07e-01	  2.42e-02	3.55330e-01
  1.07e-01	  2.47e-02	3.60702e-01
  1.07e-01	  2.53e-02	3.55309e-01
  1.07e-01	  2.58e-02	3.39086e-01
  1.07e-01	  2.63e-02	3.11861e-01
  1.07e-01	  2.68e-02	2.73529e-01
  1.07e-01	  2.73e-02	2.24646e-01
  1.07e-01	  2.79e-02	1.68142e-01
  1.07e-01	  2.84e-02	1.13276e-01
  1.07e-01	  2.89e-02	8.11613e-02
  1.07e-01	  2.94e-02	7.11783e-02
  1.07e-01	  2.99e-02	8.19622e-02
  1.07e-01	  3.05e-02	1.15131e-01
  1.07e-01	  3.10e-02	1.71466e-01
  1.07e-01	  3.15e-02	2.29453e-01
  1.07e-01	  3.20e-02	2.79660e-01
  1.07e-01	  3.26e-02	3.19105e-01
  1.07e-01	  3.31e-02	3.47217e-01
  1.07e-01	  3.36e-02	3.64093e-01
  1.07e-01	  3.41e-02	3.69885e-01
  1.07e-01	  3.46e-02	3.64623e-01
  1.07e-01	  3.52e-02	3.48163e-01
  1.07e-01	  3.57e-02	3.20208e-01
  1.07e-01	  3.62e-02	2.80453e-01
  1.07e-01	  3.67e-02	2.29128e-01
  1.07e-01	  3.72e-02	1.68647e-01
  1.07e-01	  3.78e-02	1.07526e-01
  1.07e-01	  3.83e-02	6.59738e-02
  1.07e-01	  3.88e-02	4.07608e-02
  1.07e-01	  3.93e-02	2.59751e-02
  1.07e-01	  3.98e-02	7.55607e-03
  1.07e-01	  4.04e-02	1.47280e-35
  1.07e-01	  4.09e-02	2.19745e-68
  1.07e-01	  4.14e-02	3.27846e-101
  1.07e-01	  4.19e-02	4.89100e-134
  1.07e-01	  4.24e-02	7.29629e-167
  1.07e-01	  4.30e-02	1.08838e-199
  1.07e-01	  4.35e-02	1.62345e-232
  1.07e-01	  4.40e-02	2.42142e-265
  1.07e-01	  4.45e-02	3.61141e-298
  1.07e-01	  4.51e-02	0.00000e+00
  1.07e-01	  4.56e-02	0.00000e+00
  1.07e-01	  4.61e-02	0.00000e+00
  1.07e-01	  4.66e-02	0.00000e+00
  1.07e-01	  4.71e-02	0.00000e+00
  1.07e-01	  4.77e-02	0.00000e+00
  1.07e-01	  4.82e-02	0.00000e+00
  1.07e-01	  4.87e-02	0.00000e+00
  1.07e-01	  4.92e-02	0.00000e+00
  1.07e-01	  4.97e-02	0.00000e+00

  1.08e-01	  2.60e-04	0.00000e+00
  1.08e-01	  7.81e-04	0.00000e+00
  1.08e-01	  1.30e-03	0.00000e+00
  1.08e-01	  1.82e-03	0.00000e+00
  1.08e-01	  2.34e-03	0.00000e+00
  1.08e-01	  2.86e-03	0.00000e+00
  1.08e-01	  3.39e-03	0.00000e+00
  1.08e-01	  3.91e-03	0.00000e+00
  1.08e-01	  4.43e-03	0.00000e+00
  1.08e-01	  4.95e-03	7.18982e-298
  1.08e-01	  5.47e-03	4.81043e-265
  1.08e-01	  5.99e-03	3.21837e-232
  1.08e-01	  6.51e-03	2.15315e-199
  1.08e-01	  7.03e-03	1.44045e-166
  1.08e-01	  7.55e-03	9.63622e-134
  1.08e-01	  8.07e-03	6.44617e-101
  1.08e-01	  8.59e-03	4.31204e-68
  1.08e-01	  9.11e-03	2.88436e-35
  1.08e-01	  9.64e-03	1.38039e-02
  1.08e-01	  1.02e-02	2.60751e-02
  1.08e-01	  1.07e-02	3.66703e-02
  1.08e-01	  1.12e-02	5.31367e-02
  1.08e-01	  1.17e-02	7.71358e-02
  1.08e-01	  1.22e-02	1.09698e-01
  1.08e-01	  1.28e-02	1.49313e-01
  1.08e-01	  1.33e-02	1.89489e-01
  1.08e-01	  1.38e-02	2.25034e-01
  1.08e-01	  1.43e-02	2.53008e-01
  1.08e-01	  1.48e-02	2.72047e-01
  1.08e-01	  1.54e-02	2.81634e-01
  1.08e-01	  1.59e-02	2.81668e-01
  1.08e-01	  1.64e-02	2.72287e-01
  1.08e-01	  1.69e-02	2.53903e-01
  1.08e-01	  1.74e-02	2.27434e-01
  1.08e-01	  1.80e-02	1.94815e-01
  1.08e-01	  1.85e-02	1.59784e-01
  1.08e-01	  1.90e-02	1.28582e-01
  1.08e-01	  1.95e-02	1.08978e-01
  1.08e-01	  2.01e-02	1.04094e-01
  1.08e-01	  2.06e-02	1.14749e-01
  1.08e-01	  2.11e-02	1.40515e-01
  1.08e-01	  2.16e-02	1.78399e-01
  1.08e-01	  2.21e-02	2.20237e-01
  1.08e-01	  2.27e-02	2.59445e-01
  1.08e-01	  2.32e-02	2.92107e-01
  1.08e-01	  2.37e-02	3.16240e-01
  1.08e-01	  2.42e-02	3.30943e-01
  1.08e-01	  2.47e-02	3.35864e-01
  1.08e-01	  2.53e-02	3.30918e-01
  1.08e-01	  2.58e-02	3.16214e-01
  1.08e-01	  2.63e-02	2.92142e-01
  1.08e-01	  2.68e-02	2.59647e-01
  1.08e-01	  2.73e-02	2.20793e-01
  1.08e-01	  2.79e-02	1.79609e-01
  1.08e-01	  2.84e-02	1.42845e-01
  1.08e-01	  2.89e-02	1.18877e-01
  1.08e-01	  2.94e-02	1.10943e-01
  1.08e-01	  2.99e-02	1.19751e-01
  1.08e-01	  3.05e-02	1.44706e-01
  1.08e-01	  3.10e-02	1.82605e-01
  1.08e-01	  3.15e-02	2.24955e-01
  1.08e-01	  3.20e-02	2.64893e-01
  1.08e-01	  3.26e-02	2.98313e-01
  1.08e-01	  3.31e-02	3.23105e-01
  1.08e-01	  3.36e-02	3.38281e-01
  1.08e-01	  3.41e-02	3.43406e-01
  1.08e-01	  3.46e-02	3.38300e-01
  1.08e-01	  3.52e-02	3.22938e-01
  1.08e-01	  3.57e-02	2.97511e-01
  1.08e-01	  3.62e-02	2.62669e-01
  1.08e-01	  3.67e-02	2.20039e-01
  1.08e-01	  3.72e-02	1.73035e-01
  1.08e-01	  3.78e-02	1.27582e-01
  1.08e-01	  3.83e-02	9.09708e-02
  1.08e-01	  3.88e-02	6.48677e-02
  1.08e-01	  3.93e-02	4.82196e-02
  1.08e-01	  3.98e-02	3.10001e-02
  1.08e-01	  4.04e-02	7.38753e-35
  1.08e-01	  4.09e-02	1.10589e-67
  1.08e-01	  4.14e-02	1.65546e-100
  1.08e-01	  4.19e-02	2.47811e-133
  1.08e-01	  4.24e-02	3.70950e-166
  1.08e-01	  4.30e-02	5.55272e-199
  1.08e-01	  4.35e-02	8.31170e-232
  1.08e-01	  4.40e-02	1.24414e-264
  1.08e-01	  4.45e-02	1.86227e-297
  1.08e-01	  4.51e-02	0.00000e+00
  1.08e-01	  4.56e-02	0.00000e+00
  1.08e-01	  4.61e-02	0.00000e+00
  1.08e-01	  4.66e-02	0.00000e+00
  1.08e-01	  4.71e-02	0.00000e+00
  1.08e-01	  4.77e-02	0.00000e+00
  1.08e-01	  4.82e-02	0.00000e+00
  1.08e-01	  4.87e-02	0.00000e+00
  1.08e-01	  4.92e-02	0.00000e+00
  1.08e-01	  4.97e-02	0.00000e+00

  1.09e-01	  2.60e-04	0.00000e+00
  1.09e-01	  7.81e-04	0.00000e+00
  1.09e-01	  1.30e-03	0.00000e+00
  1.09e-01	  1.82e-03	0.00000e+00
  1.09e-01	  2.34e-03	0.00000e+00
  1.09e-01	  2.86e-03	0.00000e+00
  1.09e-01	  3.39e-03	0.00000e+00
  1.09e-01	  3.91e-03	0.00000e+00
  1.09e-01	  4.43e-03	0.00000e+00
  1.09e-01	  4.95e-03	1.92717e-297
  1.09e-01	  5.47e-03	1.28723e-264
  1.09e-01	  5.99e-03	8.59782e-232
  1.09e-01	  6.51e-03	5.74266e-199
  1.09e-01	  7.03e-03	3.83558e-166
  1.09e-01	  7.55e-03	2.56179e-133
  1.09e-01	  8.07e-03	1.71100e-100
  1.09e-01	  8.59e-03	1.14274e-67
  1.09e-01	  9.11e-03	7.63203e-35
  1.09e-01	  9.64e-03	3.18785e-02
  1.09e-01	  1.02e-02	4.23105e-02
  1.09e-01	  1.07e-02	5.29885e-02
  1.09e-01	  1.12e-02	6.93235e-02
  1.09e-01	  1.17e-02	9.14986e-02
  1.09e-01	  1.22e-02	1.19071e-01
  1.09e-01	  1.28e-02	1.50278e-01
  1.09e-01	  1.33e-02	1.81839e-01
  1.09e-01	  1.38e-02	2.10474e-01
  1.09e-01	  1.43e-02	2.33720e-01
  1.09e-01	  1.48e-02	2.50028e-01
  1.09e-01	  1.54e-02	2.58592e-01
  1.09e-01	  1.59e-02	2.59154e-01
  1.09e-01	  1.64e-02	2.51911e-01
  1.09e-01	  1.69e-02	2.37543e-01
  1.09e-01	  1.74e-02	2.17358e-01
  1.09e-01	  1.80e-02	1.93517e-01
  1.09e-01	  1.85e-02	1.69229e-01
  1.09e-01	  1.90e-02	1.48616e-01
  1.09e-01	  1.95e-02	1.35828e-01
  1.09e-01	  2.01e-02	1.33403e-01
  1.09e-01	  2.06e-02	1.42198e-01
  1.09e-01	  2.11e-02	1.61485e-01
  1.09e-01	  2.16e-02	1.88733e-01
  1.09e-01	  2.21e-02	2.19637e-01
  1.09e-01	  2.27e-02	2.49886e-01
  1.09e-01	  2.32e-02	2.76134e-01
  1.09e-01	  2.37e-02	2.96151e-01
  1.09e-01	  2.42e-02	3.08610e-01
  1.09e-01	  2.47e-02	3.12842e-01
  1.09e-01	  2.53e-02	3.08656e-01
  1.09e-01	  2.58e-02	2.96290e-01
  1.09e-01	  2.63e-02	2.76469e-01
  1.09e-01	  2.68e-02	2.50589e-01
  1.09e-01	  2.73e-02	2.20977e-01
  1.09e-01	  2.79e-02	1.91097e-01
  1.09e-01	  2.84e-02	1.65403e-01
  1.09e-01	  2.89e-02	1.48362e-01
  1.09e-01	  2.94e-02	1.42663e-01
  1.09e-01	  2.99e-02	1.49164e-01
  1.09e-01	  3.05e-02	1.67051e-01
  1.09e-01	  3.10e-02	1.93638e-01
  1.09e-01	  3.15e-02	2.24409e-01
  1.09e-01	  3.20e-02	2.54838e-01
  1.09e-01	  3.26e-02	2.81389e-01
  1.09e-01	  3.31e-02	3.01673e-01
  1.09e-01	  3.36e-02	3.14229e-01
  1.09e-01	  3.41e-02	3.18256e-01
  1.09e-01	  3.46e-02	3.13417e-01
  1.09e-01	  3.52e-02	2.99763e-01
  1.09e-01	  3.57e-02	2.77769e-01
  1.09e-01	  3.62e-02	2.48494e-01
  1.09e-01	  3.67e-02	2.13820e-01
  1.09e-01	  3.72e-02	1.76663e-01
  1.09e-01	  3.78e-02	1.40841e-01
  1.09e-01	  3.83e-02	1.10159e-01
  1.09e-01	  3.88e-02	8.67528e-02
  1.09e-01	  3.93e-02	7.14321e-02
  1.09e-01	  3.98e-02	5.77415e-02
  1.09e-01	  4.04e-02	1.56092e-34
  1.09e-01	  4.09e-02	2.33811e-67
  1.09e-01	  4.14e-02	3.50224e-100
  1.09e-01	  4.19e-02	5.24595e-133
  1.09e-01	  4.24e-02	7.85777e-166
  1.09e-01	  4.30e-02	1.17698e-198
  1.09e-01	  4.35e-02	1.76295e-231
  1.09e-01	  4.40e-02	2.64061e-264
  1.09e-01	  4.45e-02	3.95517e-297
  1.09e-01	  4.51e-02	0.00000e+00
  1.09e-01	  4.56e-02	0.00000e+00
  1.09e-01	  4.61e-02	0.00000e+00
  1.09e-01	  4.66e-02	0.00000e+00
  1.09e-01	  4.71e-02	0.00000e+00
  1.09e-01	  4.77e-02	0.00000e+00
  1.09e-01	  4.82e-02	0.00000e+00
  1.09e-01	  4.87e-02	0.00000e+00
  1.09e-01	  4.92e-02	0.00000e+00
  1.09e-01	  4.97e-02	0.00000e+00

  1.09e-01	  2.60e-04	0.00000e+00
  1.09e-01	  7.81e-04	0.00000e+00
  1.09e-01	  1.30e-03	0.00000e+00
  1.09e-01	  1.82e-03	0.00000e+00
  1.09e-01	  2.34e-03	0.00000e+00
  1.09e-01	  2.86e-03	0.00000e+00
  1.09e-01	  3.39e-03	0.00000e+00
  1.09e-01	  3.91e-03	0.00000e+00
  1.09e-01	  4.43e-03	0.00000e+00
  1.09e-01	  4.95e-03	3.35791e-297
  1.09e-01	  5.47e-03	2.24161e-264
  1.09e-01	  5.99e-03	1.49640e-231
  1.09e-01	  6.51e-03	9.98921e-199
  1.09e-01	  7.03e-03	6.66823e-166
  1.09e-01	  7.55e-03	4.45128e-133
  1.09e-01	  8.07e-03	2.97136e-100
  1.09e-01	  8.59e-03	1.98345e-67
  1.09e-01	  9.11e-03	1.32399e-34
  1.09e-01	  9.64e-03	5.04096e-02
  1.09e-01	  1.02e-02	5.85900e-02
  1.09e-01	  1.07e-02	6.81741e-02
  1.09e-01	  1.12e-02	8.28614e-02
  1.09e-01	  1.17e-02	1.02153e-01
  1.09e-01	  1.22e-02	1.25146e-01
  1.09e-01	  1.28e-02	1.50306e-01
  1.09e-01	  1.33e-02	1.75522e-01
  1.09e-01	  1.38e-02	1.98599e-01
  1.09e-01	  1.43e-02	2.17671e-01
  1.09e-01	  1.48e-02	2.31401e-01
  1.09e-01	  1.54e-02	2.39007e-01
  1.09e-01	  1.59e-02	2.40224e-01
  1.09e-01	  1.64e-02	2.35280e-01
  1.09e-01	  1.69e-02	2.24914e-01
  1.09e-01	  1.74e-02	2.10426e-01
  1.09e-01	  1.80e-02	1.93718e-01
  1.09e-01	  1.85e-02	1.77249e-01
  1.09e-01	  1.90e-02	1.63789e-01
  1.09e-01	  1.95e-02	1.55895e-01
  1.09e-01	  2.01e-02	1.55286e-01
  1.09e-01	  2.06e-02	1.62563e-01
  1.09e-01	  2.11e-02	1.77138e-01
  1.09e-01	  2.16e-02	1.97255e-01
  1.09e-01	  2.21e-02	2.20262e-01
  1.09e-01	  2.27e-02	2.43272e-01
  1.09e-01	  2.32e-02	2.63727e-01
  1.09e-01	  2.37e-02	2.79661e-01
  1.09e-01	  2.42e-02	2.89746e-01
  1.09e-01	  2.47e-02	2.93243e-01
  1.09e-01	  2.53e-02	2.89932e-01
  1.09e-01	  2.58e-02	2.80097e-01
  1.09e-01	  2.63e-02	2.64549e-01
  1.09e-01	  2.68e-02	2.44696e-01
  1.09e-01	  2.73e-02	2.22600e-01
  1.09e-01	  2.79e-02	2.00930e-01
  1.09e-01	  2.84e-02	1.82686e-01
  1.09e-01	  2.89e-02	1.70634e-01
  1.09e-01	  2.94e-02	1.66623e-01
  1.09e-01	  2.99e-02	1.71289e-01
  1.09e-01	  3.05e-02	1.84005e-01
  1.09e-01	  3.10e-02	2.02913e-01
  1.09e-01	  3.15e-02	2.25211e-01
  1.09e-01	  3.20e-02	2.47844e-01
  1.09e-01	  3.26e-02	2.68077e-01
  1.09e-01	  3.31e-02	2.83780e-01
  1.09e-01	  3.36e-02	2.93464e-01
  1.09e-01	  3.41e-02	2.96227e-01
  1.09e-01	  3.46e-02	2.91668e-01
  1.09e-01	  3.52e-02	2.79856e-01
  1.09e-01	  3.57e-02	2.61341e-01
  1.09e-01	  3.62e-02	2.37214e-01
  1.09e-01	  3.67e-02	2.09168e-01
  1.09e-01	  3.72e-02	1.79479e-01
  1.09e-01	  3.78e-02	1.50792e-01
  1.09e-01	  3.83e-02	1.25653e-01
  1.09e-01	  3.88e-02	1.05998e-01
  1.09e-01	  3.93e-02	9.31383e-02
  1.09e-01	  3.98e-02	8.29136e-02
  1.09e-01	  4.04e-02	2.44225e-34
  1.09e-01	  4.09e-02	3.65929e-67
  1.09e-01	  4.14e-02	5.48278e-100
  1.09e-01	  4.19e-02	8.21490e-133
  1.09e-01	  4.24e-02	1.23084e-165
  1.09e-01	  4.30e-02	1.84416e-198
  1.09e-01	  4.35e-02	2.76307e-231
  1.09e-01	  4.40e-02	4.13983e-264
  1.09e-01	  4.45e-02	6.20257e-297
  1.09e-01	  4.51e-02	0.00000e+00
  1.09e-01	  4.56e-02	0.00000e+00
  1.09e-01	  4.61e-02	0.00000e+00
  1.09e-01	  4.66e-02	0.00000e+00
  1.09e-01	  4.71e-02	0.00000e+00
  1.09e-01	  4.77e-02	0.00000e+00
  1.09e-01	  4.82e-02	0.00000e+00
  1.09e-01	  4.87e-02	0.00000e+00
  1.09e-01	  4.92e-02	0.00000e+00
  1.09e-01	  4.97e-02	0.00000e+00

  1.10e-01	  2.60e-04	0.00000e+00
  1.10e-01	  7.81e-04	0.00000e+00
  1.10e-01	  1.30e-03	0.00000e+00
  1.10e-01	  1.82e-03	0.00000e+00
  1.10e-01	  2.34e-03	0.00000e+00
  1.10e-01	  2.86e-03	0.00000e+00
  1.10e-01	  3.39e-03	0.00000e+00
  1.10e-01	  3.91e-03	0.00000e+00
  1.10e-01	  4.43e-03	0.00000e+00
  1.10e-01	  4.95e-03	4.80246e-297
  1.10e-01	  5.47e-03	3.20500e-264
  1.10e-01	  5.99e-03	2.13890e-231
  1.10e-01	  6.51e-03	1.42741e-198
  1.10e-01	  7.03e-03	9.52585e-166
  1.10e-01	  7.55e-03	6.35705e-133
  1.10e-01	  8.07e-03	4.24233e-100
  1.10e-01	  8.59e-03	2.83107e-67
  1.10e-01	  9.11e-03	1.88926e-34
  1.10e-01	  9.64e-03	6.73518e-02
  1.10e-01	  1.02e-02	7.35974e-02
  1.10e-01	  1.07e-02	8.17095e-02
  1.10e-01	  1.12e-02	9.42497e-02
  1.10e-01	  1.17e-02	1.10504e-01
  1.10e-01	  1.22e-02	1.29500e-01
  1.10e-01	  1.28e-02	1.49951e-01
  1.10e-01	  1.33e-02	1.70323e-01
  1.10e-01	  1.38e-02	1.89042e-01
  1.10e-01	  1.43e-02	2.04721e-01
  1.10e-01	  1.48e-02	2.16303e-01
  1.10e-01	  1.54e-02	2.23145e-01
  1.10e-01	  1.59e-02	2.25034e-01
  1.10e-01	  1.64e-02	2.22202e-01
  1.10e-01	  1.69e-02	2.15325e-01
  1.10e-01	  1.74e-02	2.05522e-01
  1.10e-01	  1.80e-02	1.94315e-01
  1.10e-01	  1.85e-02	1.83522e-01
  1.10e-01	  1.90e-02	1.75044e-01
  1.10e-01	  1.95e-02	1.70560e-01
  1.10e-01	  2.01e-02	1.71202e-01
  1.10e-01	  2.06e-02	1.77360e-01
  1.10e-01	  2.11e-02	1.88607e-01
  1.10e-01	  2.16e-02	2.03752e-01
  1.10e-01	  2.21e-02	2.21042e-01
  1.10e-01	  2.27e-02	2.38489e-01
  1.10e-01	  2.32e-02	2.54201e-01
  1.10e-01	  2.37e-02	2.66605e-01
  1.10e-01	  2.42e-02	2.74564e-01
  1.10e-01	  2.47e-02	2.77407e-01
  1.10e-01	  2.53e-02	2.74936e-01
  1.10e-01	  2.58e-02	2.67424e-01
  1.10e-01	  2.63e-02	2.55619e-01
  1.10e-01	  2.68e-02	2.40743e-01
  1.10e-01	  2.73e-02	2.24461e-01
  1.10e-01	  2.79e-02	2.08756e-01
  1.10e-01	  2.84e-02	1.95705e-01
  1.10e-01	  2.89e-02	1.87138e-01
  1.10e-01	  2.94e-02	1.84294e-01
  1.10e-01	  2.99e-02	1.87607e-01
  1.10e-01	  3.05e-02	1.96633e-01
  1.10e-01	  3.10e-02	2.10115e-01
  1.10e-01	  3.15e-02	2.26188e-01
  1.10e-01	  3.20e-02	2.42726e-01
  1.10e-01	  3.26e-02	2.57681e-01
  1.10e-01	  3.31e-02	2.69318e-01
  1.10e-01	  3.36e-02	2.76333e-01
  1.10e-01	  3.41e-02	2.77877e-01
  1.10e-01	  3.46e-02	2.73564e-01
  1.10e-01	  3.52e-02	2.63451e-01
  1.10e-01	  3.57e-02	2.48049e-01
  1.10e-01	  3.62e-02	2.28320e-01
  1.10e-01	  3.67e-02	2.05667e-01
  1.10e-01	  3.72e-02	1.81852e-01
  1.10e-01	  3.78e-02	1.58833e-01
  1.10e-01	  3.83e-02	1.38517e-01
  1.10e-01	  3.88e-02	1.22535e-01
  1.10e-01	  3.93e-02	1.12174e-01
  1.10e-01	  3.98e-02	1.04619e-01
  1.10e-01	  4.04e-02	3.27212e-34
  1.10e-01	  4.09e-02	4.90353e-67
  1.10e-01	  4.14e-02	7.34827e-100
  1.10e-01	  4.19e-02	1.10118e-132
  1.10e-01	  4.24e-02	1.65019e-165
  1.10e-01	  4.30e-02	2.47288e-198
  1.10e-01	  4.35e-02	3.70572e-231
  1.10e-01	  4.40e-02	5.55314e-264
  1.10e-01	  4.45e-02	8.32154e-297
  1.10e-01	  4.51e-02	0.00000e+00
  1.10e-01	  4.56e-02	0.00000e+00
  1.10e-01	  4.61e-02	0.00000e+00
  1.10e-01	  4.66e-02	0.00000e+00
  1.10e-01	  4.71e-02	0.00000e+00
  1.10e-01	  4.77e-02	0.00000e+00
  1.10e-01	  4.82e-02	0.00000e+00
  1.10e-01	  4.87e-02	0.00000e+00
  1.10e-01	  4.92e-02	0.00000e+00
  1.10e-01	  4.97e-02	0.00000e+00

  1.11e-01	  2.60e-04	0.00000e+00
  1.11e-01	  7.81e-04	0.00000e+00
  1.11e-01	  1.30e-03	0.00000e+00
  1.11e-01	  1.82e-03	0.00000e+00
  1.11e-01	  2.34e-03	0.00000e+00
  1.11e-01	  2.86e-03	0.00000e+00
  1.11e-01	  3.39e-03	0.00000e+00
  1.11e-01	  3.91e-03	0.00000e+00
  1.11e-01	  4.43e-03	0.00000e+00
  1.11e-01	  4.95e-03	6.13681e-297
  1.11e-01	  5.47e-03	4.09475e-264
  1.11e-01	  5.99e-03	2.73219e-231
  1.11e-01	  6.51e-03	1.82302e-198
  1.11e-01	  7.03e-03	1.21638e-165
  1.11e-01	  7.55e-03	8.11603e-133
  1.11e-01	  8.07e-03	5.41522e-100
  1.11e-01	  8.59e-03	3.61315e-67
  1.11e-01	  9.11e-03	2.41076e-34
  1.11e-01	  9.64e-03	8.19379e-02
  1.11e-01	  1.02e-02	8.67457e-02
  1.11e-01	  1.07e-02	9.34305e-02
  1.11e-01	  1.12e-02	1.03858e-01
  1.11e-01	  1.17e-02	1.17320e-01
  1.11e-01	  1.22e-02	1.32927e-01
  1.11e-01	  1.28e-02	1.49615e-01
  1.11e-01	  1.33e-02	1.66207e-01
  1.11e-01	  1.38e-02	1.81528e-01
  1.11e-01	  1.43e-02	1.94535e-01
  1.11e-01	  1.48e-02	2.04421e-01
  1.11e-01	  1.54e-02	2.10690e-01
  1.11e-01	  1.59e-02	2.13190e-01
  1.11e-01	  1.64e-02	2.12131e-01
  1.11e-01	  1.69e-02	2.08080e-01
  1.11e-01	  1.74e-02	2.01934e-01
  1.11e-01	  1.80e-02	1.94856e-01
  1.11e-01	  1.85e-02	1.88172e-01
  1.11e-01	  1.90e-02	1.83206e-01
  1.11e-01	  1.95e-02	1.81091e-01
  1.11e-01	  2.01e-02	1.82582e-01
  1.11e-01	  2.06e-02	1.87926e-01
  1.11e-01	  2.11e-02	1.96818e-01
  1.11e-01	  2.16e-02	2.08438e-01
  1.11e-01	  2.21e-02	2.21584e-01
  1.11e-01	  2.27e-02	2.34861e-01
  1.11e-01	  2.32e-02	2.46888e-01
  1.11e-01	  2.37e-02	2.56466e-01
  1.11e-01	  2.42e-02	2.62688e-01
  1.11e-01	  2.47e-02	2.65009e-01
  1.11e-01	  2.53e-02	2.63269e-01
  1.11e-01	  2.58e-02	2.57705e-01
  1.11e-01	  2.63e-02	2.48945e-01
  1.11e-01	  2.68e-02	2.37974e-01
  1.11e-01	  2.73e-02	2.26075e-01
  1.11e-01	  2.79e-02	2.14704e-01
  1.11e-01	  2.84e-02	2.05325e-01
  1.11e-01	  2.89e-02	1.99188e-01
  1.11e-01	  2.94e-02	1.97134e-01
  1.11e-01	  2.99e-02	1.99453e-01
  1.11e-01	  3.05e-02	2.05834e-01
  1.11e-01	  3.10e-02	2.15412e-01
  1.11e-01	  3.15e-02	2.26897e-01
  1.11e-01	  3.20e-02	2.38779e-01
  1.11e-01	  3.26e-02	2.49541e-01
  1.11e-01	  3.31e-02	2.57831e-01
  1.11e-01	  3.36e-02	2.62582e-01
  1.11e-01	  3.41e-02	2.63076e-01
  1.11e-01	  3.46e-02	2.58972e-01
  1.11e-01	  3.52e-02	2.50317e-01
  1.11e-01	  3.57e-02	2.37539e-01
  1.11e-01	  3.62e-02	2.21437e-01
  1.11e-01	  3.67e-02	2.03136e-01
  1.11e-01	  3.72e-02	1.84008e-01
  1.11e-01	  3.78e-02	1.65557e-01
  1.11e-01	  3.83e-02	1.49263e-01
  1.11e-01	  3.88e-02	1.36456e-01
  1.11e-01	  3.93e-02	1.28229e-01
  1.11e-01	  3.98e-02	1.22533e-01
  1.11e-01	  4.04e-02	4.00025e-34
  1.11e-01	  4.09e-02	5.99537e-67
  1.11e-01	  4.14e-02	8.98554e-100
  1.11e-01	  4.19e-02	1.34670e-132
  1.11e-01	  4.24e-02	2.01834e-165
  1.11e-01	  4.30e-02	3.02494e-198
  1.11e-01	  4.35e-02	4.53354e-231
  1.11e-01	  4.40e-02	6.79448e-264
  1.11e-01	  4.45e-02	1.01830e-296
  1.11e-01	  4.51e-02	0.00000e+00
  1.11e-01	  4.56e-02	0.00000e+00
  1.11e-01	  4.61e-02	0.00000e+00
  1.11e-01	  4.66e-02	0.00000e+00
  1.11e-01	  4.71e-02	0.00000e+00
  1.11e-01	  4.77e-02	0.00000e+00
  1.11e-01	  4.82e-02	0.00000e+00
  1.11e-01	  4.87e-02	0.00000e+00
  1.11e-01	  4.92e-02	0.00000e+00
  1.11e-01	  4.97e-02	0.00000e+00

  1.12e-01	  2.60e-04	0.00000e+00
  1.12e-01	  7.81e-04	0.00000e+00
  1.12e-01	  1.30e-03	0.00000e+00
  1.12e-01	  1.82e-03	0.00000e+00
  1.12e-01	  2.34e-03	0.00000e+00
  1.12e-01	  2.86e-03	0.00000e+00
  1.12e-01	  3.39e-03	0.00000e+00
  1.12e-01	  3.91e-03	0.00000e+00
  1.12e-01	  4.43e-03	0.00000e+00
  1.12e-01	  4.95e-03	7.30685e-297
  1.12e-01	  5.47e-03	4.87484e-264
  1.12e-01	  5.99e-03	3.25228e-231
  1.12e-01	  6.51e-03	2.16977e-198
  1.12e-01	  7.03e-03	1.44757e-165
  1.12e-01	  7.55e-03	9.65739e-133
  1.12e-01	  8.07e-03	6.44287e-100
  1.12e-01	  8.59e-03	4.29830e-67
  1.12e-01	  9.11e-03	2.86755e-34
  1.12e-01	  9.64e-03	9.40918e-02
  1.12e-01	  1.02e-02	9.79111e-02
  1.12e-01	  1.07e-02	1.03379e-01
  1.12e-01	  1.12e-02	1.11955e-01
  1.12e-01	  1.17e-02	1.23023e-01
  1.12e-01	  1.22e-02	1.35826e-01
  1.12e-01	  1.28e-02	1.49498e-01
  1.12e-01	  1.33e-02	1.63118e-01
  1.12e-01	  1.38e-02	1.75787e-01
  1.12e-01	  1.43e-02	1.86712e-01
  1.12e-01	  1.48e-02	1.95282e-01
  1.12e-01	  1.54e-02	2.01122e-01
  1.12e-01	  1.59e-02	2.04126e-01
  1.12e-01	  1.64e-02	2.04472e-01
  1.12e-01	  1.69e-02	2.02609e-01
  1.12e-01	  1.74e-02	1.99228e-01
  1.12e-01	  1.80e-02	1.95197e-01
  1.12e-01	  1.85e-02	1.91475e-01
  1.12e-01	  1.90e-02	1.88993e-01
  1.12e-01	  1.95e-02	1.88530e-01
  1.12e-01	  2.01e-02	1.90594e-01
  1.12e-01	  2.06e-02	1.95342e-01
  1.12e-01	  2.11e-02	2.02552e-01
  1.12e-01	  2.16e-02	2.11651e-01
  1.12e-01	  2.21e-02	2.21795e-01
  1.12e-01	  2.27e-02	2.31994e-01
  1.12e-01	  2.32e-02	2.41246e-01
  1.12e-01	  2.37e-02	2.48658e-01
  1.12e-01	  2.42e-02	2.53539e-01
  1.12e-01	  2.47e-02	2.55470e-01
  1.12e-01	  2.53e-02	2.54332e-01
  1.12e-01	  2.58e-02	2.50320e-01
  1.12e-01	  2.63e-02	2.43933e-01
  1.12e-01	  2.68e-02	2.35935e-01
  1.12e-01	  2.73e-02	2.27290e-01
  1.12e-01	  2.79e-02	2.19065e-01
  1.12e-01	  2.84e-02	2.12299e-01
  1.12e-01	  2.89e-02	2.07865e-01
  1.12e-01	  2.94e-02	2.06341e-01
  1.12e-01	  2.99e-02	2.07923e-01
  1.12e-01	  3.05e-02	2.12388e-01
  1.12e-01	  3.10e-02	2.19127e-01
  1.12e-01	  3.15e-02	2.27229e-01
  1.12e-01	  3.20e-02	2.35606e-01
  1.12e-01	  3.26e-02	2.43137e-01
  1.12e-01	  3.31e-02	2.48791e-01
  1.12e-01	  3.36e-02	2.51733e-01
  1.12e-01	  3.41e-02	2.51386e-01
  1.12e-01	  3.46e-02	2.47472e-01
  1.12e-01	  3.52e-02	2.40028e-01
  1.12e-01	  3.57e-02	2.29402e-01
  1.12e-01	  3.62e-02	2.16236e-01
  1.12e-01	  3.67e-02	2.01421e-01
  1.12e-01	  3.72e-02	1.86034e-01
  1.12e-01	  3.78e-02	1.71242e-01
  1.12e-01	  3.83e-02	1.58206e-01
  1.12e-01	  3.88e-02	1.47983e-01
  1.12e-01	  3.93e-02	1.41449e-01
  1.12e-01	  3.98e-02	1.36982e-01
  1.12e-01	  4.04e-02	4.61375e-34
  1.12e-01	  4.09e-02	6.91547e-67
  1.12e-01	  4.14e-02	1.03655e-99
  1.12e-01	  4.19e-02	1.55365e-132
  1.12e-01	  4.24e-02	2.32871e-165
  1.12e-01	  4.30e-02	3.49042e-198
  1.12e-01	  4.35e-02	5.23164e-231
  1.12e-01	  4.40e-02	7.84145e-264
  1.12e-01	  4.45e-02	1.17531e-296
  1.12e-01	  4.51e-02	0.00000e+00
  1.12e-01	  4.56e-02	0.00000e+00
  1.12e-01	  4.61e-02	0.00000e+00
  1.12e-01	  4.66e-02	0.00000e+00
  1.12e-01	  4.71e-02	0.00000e+00
  1.12e-01	  4.77e-02	0.00000e+00
  1.12e-01	  4.82e-02	0.00000e+00
  1.12e-01	  4.87e-02	0.00000e+00
  1.12e-01	  4.92e-02	0.00000e+00
  1.12e-01	  4.97e-02	0.00000e+00

  1.12e-01	  2.60e-04	0.00000e+00
  1.12e-01	  7.81e-04	0.00000e+00
  1.12e-01	  1.30e-03	0.00000e+00
  1.12e-01	  1.82e-03	0.00000e+00
  1.12e-01	  2.34e-03	0.00000e+00
  1.12e-01	  2.86e-03	0.00000e+00
  1.12e-01	  3.39e-03	0.00000e+00
  1.12e-01	  3.91e-03	0.00000e+00
  1.12e-01	  4.43e-03	0.00000e+00
  1.12e-01	  4.95e-03	8.30167e-297
  1.12e-01	  5.47e-03	5.53802e-264
  1.12e-01	  5.99e-03	3.69439e-231
  1.12e-01	  6.51e-03	2.46450e-198
  1.12e-01	  7.03e-03	1.64404e-165
  1.12e-01	  7.55e-03	1.09672e-132
  1.12e-01	  8.07e-03	7.31602e-100
  1.12e-01	  8.59e-03	4.88037e-67
  1.12e-01	  9.11e-03	3.25559e-34
  1.12e-01	  9.64e-03	1.04043e-01
  1.12e-01	  1.02e-02	1.07217e-01
  1.12e-01	  1.07e-02	1.11713e-01
  1.12e-01	  1.12e-02	1.18763e-01
  1.12e-01	  1.17e-02	1.27863e-01
  1.12e-01	  1.22e-02	1.38394e-01
  1.12e-01	  1.28e-02	1.49662e-01
  1.12e-01	  1.33e-02	1.60941e-01
  1.12e-01	  1.38e-02	1.71538e-01
  1.12e-01	  1.43e-02	1.80843e-01
  1.12e-01	  1.48e-02	1.88390e-01
  1.12e-01	  1.54e-02	1.93895e-01
  1.12e-01	  1.59e-02	1.97283e-01
  1.12e-01	  1.64e-02	1.98695e-01
  1.12e-01	  1.69e-02	1.98474e-01
  1.12e-01	  1.74e-02	1.97138e-01
  1.12e-01	  1.80e-02	1.95326e-01
  1.12e-01	  1.85e-02	1.93728e-01
  1.12e-01	  1.90e-02	1.93004e-01
  1.12e-01	  1.95e-02	1.93693e-01
  1.12e-01	  2.01e-02	1.96140e-01
  1.12e-01	  2.06e-02	2.00446e-01
  1.12e-01	  2.11e-02	2.06447e-01
  1.12e-01	  2.16e-02	2.13732e-01
  1.12e-01	  2.21e-02	2.21704e-01
  1.12e-01	  2.27e-02	2.29653e-01
  1.12e-01	  2.32e-02	2.36855e-01
  1.12e-01	  2.37e-02	2.42652e-01
  1.12e-01	  2.42e-02	2.46534e-01
  1.12e-01	  2.47e-02	2.48188e-01
  1.12e-01	  2.53e-02	2.47530e-01
  1.12e-01	  2.58e-02	2.44716e-01
  1.12e-01	  2.63e-02	2.40132e-01
  1.12e-01	  2.68e-02	2.34356e-01
  1.12e-01	  2.73e-02	2.28104e-01
  1.12e-01	  2.79e-02	2.22156e-01
  1.12e-01	  2.84e-02	2.17255e-01
  1.12e-01	  2.89e-02	2.14018e-01
  1.12e-01	  2.94e-02	2.12849e-01
  1.12e-01	  2.99e-02	2.13878e-01
  1.12e-01	  3.05e-02	2.16943e-01
  1.12e-01	  3.10e-02	2.21608e-01
  1.12e-01	  3.15e-02	2.27218e-01
  1.12e-01	  3.20e-02	2.32981e-01
  1.12e-01	  3.26e-02	2.38071e-01
  1.12e-01	  3.31e-02	2.41712e-01
  1.12e-01	  3.36e-02	2.43266e-01
  1.12e-01	  3.41e-02	2.42285e-01
  1.12e-01	  3.46e-02	2.38554e-01
  1.12e-01	  3.52e-02	2.32105e-01
  1.12e-01	  3.57e-02	2.23218e-01
  1.12e-01	  3.62e-02	2.12403e-01
  1.12e-01	  3.67e-02	2.00364e-01
  1.12e-01	  3.72e-02	1.87943e-01
  1.12e-01	  3.78e-02	1.76052e-01
  1.12e-01	  3.83e-02	1.65600e-01
  1.12e-01	  3.88e-02	1.57414e-01
  1.12e-01	  3.93e-02	1.52173e-01
  1.12e-01	  3.98e-02	1.48495e-01
  1.12e-01	  4.04e-02	5.11836e-34
  1.12e-01	  4.09e-02	7.67236e-67
  1.12e-01	  4.14e-02	1.15007e-99
  1.12e-01	  4.19e-02	1.72394e-132
  1.12e-01	  4.24e-02	2.58414e-165
  1.12e-01	  4.30e-02	3.87355e-198
  1.12e-01	  4.35e-02	5.80631e-231
  1.12e-01	  4.40e-02	8.70343e-264
  1.12e-01	  4.45e-02	1.30461e-296
  1.12e-01	  4.51e-02	0.00000e+00
  1.12e-01	  4.56e-02	0.00000e+00
  1.12e-01	  4.61e-02	0.00000e+00
  1.12e-01	  4.66e-02	0.00000e+00
  1.12e-01	  4.71e-02	0.00000e+00
  1.12e-01	  4.77e-02	0.00000e+00
  1.12e-01	  4.82e-02	0.00000e+00
  1.12e-01	  4.87e-02	0.00000e+00
  1.12e-01	  4.92e-02	0.00000e+00
  1.12e-01	  4.97e-02	0.00000e+00

  1.13e-01	  2.60e-04	0.00000e+00
  1.13e-01	  7.81e-04	0.00000e+00
  1.13e-01	  1.30e-03	0.00000e+00
  1.13e-01	  1.82e-03	0.00000e+00
  1.13e-01	  2.34e-03	0.00000e+00
  1.13e-01	  2.86e-03	0.00000e+00
  1.13e-01	  3.39e-03	0.00000e+00
  1.13e-01	  3.91e-03	0.00000e+00
  1.13e-01	  4.43e-03	0.00000e+00
  1.13e-01	  4.95e-03	9.13255e-297
  1.13e-01	  5.47e-03	6.09187e-264
  1.13e-01	  5.99e-03	4.06356e-231
  1.13e-01	  6.51e-03	2.71058e-198
  1.13e-01	  7.03e-03	1.80807e-165
  1.13e-01	  7.55e-03	1.20606e-132
  1.13e-01	  8.07e-03	8.04486e-100
  1.13e-01	  8.59e-03	5.36621e-67
  1.13e-01	  9.11e-03	3.57943e-34
  1.13e-01	  9.64e-03	1.12123e-01
  1.13e-01	  1.02e-02	1.14895e-01
  1.13e-01	  1.07e-02	1.18642e-01
  1.13e-01	  1.12e-02	1.24478e-01
  1.13e-01	  1.17e-02	1.32004e-01
  1.13e-01	  1.22e-02	1.40726e-01
  1.13e-01	  1.28e-02	1.50091e-01
  1.13e-01	  1.33e-02	1.59533e-01
  1.13e-01	  1.38e-02	1.68508e-01
  1.13e-01	  1.43e-02	1.76546e-01
  1.13e-01	  1.48e-02	1.83289e-01
  1.13e-01	  1.54e-02	1.88518e-01
  1.13e-01	  1.59e-02	1.92176e-01
  1.13e-01	  1.64e-02	1.94367e-01
  1.13e-01	  1.69e-02	1.95346e-01
  1.13e-01	  1.74e-02	1.95497e-01
  1.13e-01	  1.80e-02	1.95282e-01
  1.13e-01	  1.85e-02	1.95199e-01
  1.13e-01	  1.90e-02	1.95714e-01
  1.13e-01	  1.95e-02	1.97203e-01
  1.13e-01	  2.01e-02	1.99903e-01
  1.13e-01	  2.06e-02	2.03876e-01
  1.13e-01	  2.11e-02	2.08999e-01
  1.13e-01	  2.16e-02	2.14976e-01
  1.13e-01	  2.21e-02	2.21377e-01
  1.13e-01	  2.27e-02	2.27692e-01
  1.13e-01	  2.32e-02	2.33396e-01
  1.13e-01	  2.37e-02	2.38012e-01
  1.13e-01	  2.42e-02	2.41166e-01
  1.13e-01	  2.47e-02	2.42630e-01
  1.13e-01	  2.53e-02	2.42348e-01
  1.13e-01	  2.58e-02	2.40442e-01
  1.13e-01	  2.63e-02	2.37205e-01
  1.13e-01	  2.68e-02	2.33070e-01
  1.13e-01	  2.73e-02	2.28568e-01
  1.13e-01	  2.79e-02	2.24265e-01
  1.13e-01	  2.84e-02	2.20698e-01
  1.13e-01	  2.89e-02	2.18305e-01
  1.13e-01	  2.94e-02	2.17370e-01
  1.13e-01	  2.99e-02	2.17982e-01
  1.13e-01	  3.05e-02	2.20019e-01
  1.13e-01	  3.10e-02	2.23165e-01
  1.13e-01	  3.15e-02	2.26942e-01
  1.13e-01	  3.20e-02	2.30772e-01
  1.13e-01	  3.26e-02	2.34045e-01
  1.13e-01	  3.31e-02	2.36183e-01
  1.13e-01	  3.36e-02	2.36704e-01
  1.13e-01	  3.41e-02	2.35271e-01
  1.13e-01	  3.46e-02	2.31722e-01
  1.13e-01	  3.52e-02	2.26089e-01
  1.13e-01	  3.57e-02	2.18599e-01
  1.13e-01	  3.62e-02	2.09654e-01
  1.13e-01	  3.67e-02	1.99810e-01
  1.13e-01	  3.72e-02	1.89725e-01
  1.13e-01	  3.78e-02	1.80112e-01
  1.13e-01	  3.83e-02	1.71679e-01
  1.13e-01	  3.88e-02	1.65066e-01
  1.13e-01	  3.93e-02	1.60796e-01
  1.13e-01	  3.98e-02	1.57610e-01
  1.13e-01	  4.04e-02	5.52735e-34
  1.13e-01	  4.09e-02	8.28590e-67
  1.13e-01	  4.14e-02	1.24211e-99
  1.13e-01	  4.19e-02	1.86201e-132
  1.13e-01	  4.24e-02	2.79127e-165
  1.13e-01	  4.30e-02	4.18427e-198
  1.13e-01	  4.35e-02	6.27244e-231
  1.13e-01	  4.40e-02	9.40270e-264
  1.13e-01	  4.45e-02	1.40951e-296
  1.13e-01	  4.51e-02	0.00000e+00
  1.13e-01	  4.56e-02	0.00000e+00
  1.13e-01	  4.61e-02	0.00000e+00
  1.13e-01	  4.66e-02	0.00000e+00
  1.13e-01	  4.71e-02	0.00000e+00
  1.13e-01	  4.77e-02	0.00000e+00
  1.13e-01	  4.82e-02	0.00000e+00
  1.13e-01	  4.87e-02	0.00000e+00
  1.13e-01	  4.92e-02	0.00000e+00
  1.13e-01	  4.97e-02	0.00000e+00

  1.14e-01	  2.60e-04	0.00000e+00
  1.14e-01	  7.81e-04	0.00000e+00
  1.14e-01	  1.30e-03	0.00000e+00
  1.14e-01	  1.82e-03	0.00000e+00
  1.14e-01	  2.34e-03	0.00000e+00
  1.14e-01	  2.86e-03	0.00000e+00
  1.14e-01	  3.39e-03	0.00000e+00
  1.14e-01	  3.91e-03	0.00000e+00
  1.14e-01	  4.43e-03	0.00000e+00
  1.14e-01	  4.95e-03	9.82001e-297
  1.14e-01	  5.47e-03	6.55007e-264
  1.14e-01	  5.99e-03	4.36897e-231
  1.14e-01	  6.51e-03	2.91414e-198
  1.14e-01	  7.03e-03	1.94375e-165
  1.14e-01	  7.55e-03	1.29649e-132
  1.14e-01	  8.07e-03	8.64762e-100
  1.14e-01	  8.59e-03	5.76796e-67
  1.14e-01	  9.11e-03	3.84722e-34
  1.14e-01	  9.64e-03	1.18666e-01
  1.14e-01	  1.02e-02	1.21202e-01
  1.14e-01	  1.07e-02	1.24385e-01
  1.14e-01	  1.12e-02	1.29278e-01
  1.14e-01	  1.17e-02	1.35568e-01
  1.14e-01	  1.22e-02	1.42866e-01
  1.14e-01	  1.28e-02	1.50739e-01
  1.14e-01	  1.33e-02	1.58739e-01
  1.14e-01	  1.38e-02	1.66444e-01
  1.14e-01	  1.43e-02	1.73486e-01
  1.14e-01	  1.48e-02	1.79588e-01
  1.14e-01	  1.54e-02	1.84577e-01
  1.14e-01	  1.59e-02	1.88405e-01
  1.14e-01	  1.64e-02	1.91145e-01
  1.14e-01	  1.69e-02	1.92983e-01
  1.14e-01	  1.74e-02	1.94196e-01
  1.14e-01	  1.80e-02	1.95119e-01
  1.14e-01	  1.85e-02	1.96107e-01
  1.14e-01	  1.90e-02	1.97490e-01
  1.14e-01	  1.95e-02	1.99530e-01
  1.14e-01	  2.01e-02	2.02390e-01
  1.14e-01	  2.06e-02	2.06108e-01
  1.14e-01	  2.11e-02	2.10589e-01
  1.14e-01	  2.16e-02	2.15618e-01
  1.14e-01	  2.21e-02	2.20883e-01
  1.14e-01	  2.27e-02	2.26015e-01
  1.14e-01	  2.32e-02	2.30635e-01
  1.14e-01	  2.37e-02	2.34396e-01
  1.14e-01	  2.42e-02	2.37027e-01
  1.14e-01	  2.47e-02	2.38364e-01
  1.14e-01	  2.53e-02	2.38372e-01
  1.14e-01	  2.58e-02	2.37146e-01
  1.14e-01	  2.63e-02	2.34907e-01
  1.14e-01	  2.68e-02	2.31978e-01
  1.14e-01	  2.73e-02	2.28749e-01
  1.14e-01	  2.79e-02	2.25634e-01
  1.14e-01	  2.84e-02	2.23020e-01
  1.14e-01	  2.89e-02	2.21223e-01
  1.14e-01	  2.94e-02	2.20443e-01
  1.14e-01	  2.99e-02	2.20738e-01
  1.14e-01	  3.05e-02	2.22019e-01
  1.14e-01	  3.10e-02	2.24051e-01
  1.14e-01	  3.15e-02	2.26484e-01
  1.14e-01	  3.20e-02	2.28895e-01
  1.14e-01	  3.26e-02	2.30832e-01
  1.14e-01	  3.31e-02	2.31866e-01
  1.14e-01	  3.36e-02	2.31639e-01
  1.14e-01	  3.41e-02	2.29901e-01
  1.14e-01	  3.46e-02	2.26536e-01
  1.14e-01	  3.52e-02	2.21575e-01
  1.14e-01	  3.57e-02	2.15203e-01
  1.14e-01	  3.62e-02	2.07740e-01
  1.14e-01	  3.67e-02	1.99622e-01
  1.14e-01	  3.72e-02	1.91366e-01
  1.14e-01	  3.78e-02	1.83528e-01
  1.14e-01	  3.83e-02	1.76656e-01
  1.14e-01	  3.88e-02	1.71246e-01
  1.14e-01	  3.93e-02	1.67695e-01
  1.14e-01	  3.98e-02	1.64803e-01
  1.14e-01	  4.04e-02	5.85584e-34
  1.14e-01	  4.09e-02	8.77875e-67
  1.14e-01	  4.14e-02	1.31606e-99
  1.14e-01	  4.19e-02	1.97295e-132
  1.14e-01	  4.24e-02	2.95772e-165
  1.14e-01	  4.30e-02	4.43400e-198
  1.14e-01	  4.35e-02	6.64712e-231
  1.14e-01	  4.40e-02	9.96484e-264
  1.14e-01	  4.45e-02	1.49385e-296
  1.14e-01	  4.51e-02	0.00000e+00
  1.14e-01	  4.56e-02	0.00000e+00
  1.14e-01	  4.61e-02	0.00000e+00
  1.14e-01	  4.66e-02	0.00000e+00
  1.14e-01	  4.71e-02	0.00000e+00
  1.14e-01	  4.77e-02	0.00000e+00
  1.14e-01	  4.82e-02	0.00000e+00
  1.14e-01	  4.87e-02	0.00000e+00
  1.14e-01	  4.92e-02	0.00000e+00
  1.14e-01	  4.97e-02	0.00000e+00

  1.15e-01	  2.60e-04	0.00000e+00
  1.15e-01	  7.81e-04	0.00000e+00
  1.15e-01	  1.30e-03	0.00000e+00
  1.15e-01	  1.82e-03	0.00000e+00
  1.15e-01	  2.34e-03	0.00000e+00
  1.15e-01	  2.86e-03	0.00000e+00
  1.15e-01	  3.39e-03	0.00000e+00
  1.15e-01	  3.91e-03	0.00000e+00
  1.15e-01	  4.43e-03	0.00000e+00
  1.15e-01	  4.95e-03	1.03867e-296
  1.15e-01	  5.47e-03	6.92775e-264
  1.15e-01	  5.99e-03	4.62069e-231
  1.15e-01	  6.51e-03	3.08191e-198
  1.15e-01	  7.03e-03	2.05557e-165
  1.15e-01	  7.55e-03	1.37101e-132
  1.15e-01	  8.07e-03	9.14432e-100
  1.15e-01	  8.59e-03	6.09901e-67
  1.15e-01	  9.11e-03	4.06786e-34
  1.15e-01	  9.64e-03	1.23971e-01
  1.15e-01	  1.02e-02	1.26382e-01
  1.15e-01	  1.07e-02	1.29148e-01
  1.15e-01	  1.12e-02	1.33318e-01
  1.15e-01	  1.17e-02	1.38650e-01
  1.15e-01	  1.22e-02	1.44839e-01
  1.15e-01	  1.28e-02	1.51546e-01
  1.15e-01	  1.33e-02	1.58419e-01
  1.15e-01	  1.38e-02	1.65126e-01
  1.15e-01	  1.43e-02	1.71382e-01
  1.15e-01	  1.48e-02	1.76964e-01
  1.15e-01	  1.54e-02	1.81737e-01
  1.15e-01	  1.59e-02	1.85655e-01
  1.15e-01	  1.64e-02	1.88767e-01
  1.15e-01	  1.69e-02	1.91204e-01
  1.15e-01	  1.74e-02	1.93164e-01
  1.15e-01	  1.80e-02	1.94885e-01
  1.15e-01	  1.85e-02	1.96622e-01
  1.15e-01	  1.90e-02	1.98605e-01
  1.15e-01	  1.95e-02	2.01020e-01
  1.15e-01	  2.01e-02	2.03976e-01
  1.15e-01	  2.06e-02	2.07495e-01
  1.15e-01	  2.11e-02	2.11503e-01
  1.15e-01	  2.16e-02	2.15841e-01
  1.15e-01	  2.21e-02	2.20282e-01
  1.15e-01	  2.27e-02	2.24559e-01
  1.15e-01	  2.32e-02	2.28395e-01
  1.15e-01	  2.37e-02	2.31541e-01
  1.15e-01	  2.42e-02	2.33800e-01
  1.15e-01	  2.47e-02	2.35056e-01
  1.15e-01	  2.53e-02	2.35287e-01
  1.15e-01	  2.58e-02	2.34567e-01
  1.15e-01	  2.63e-02	2.33063e-01
  1.15e-01	  2.68e-02	2.31016e-01
  1.15e-01	  2.73e-02	2.28711e-01
  1.15e-01	  2.79e-02	2.26453e-01
  1.15e-01	  2.84e-02	2.24523e-01
  1.15e-01	  2.89e-02	2.23146e-01
  1.15e-01	  2.94e-02	2.22467e-01
  1.15e-01	  2.99e-02	2.22524e-01
  1.15e-01	  3.05e-02	2.23247e-01
  1.15e-01	  3.10e-02	2.24464e-01
  1.15e-01	  3.15e-02	2.25917e-01
  1.15e-01	  3.20e-02	2.27292e-01
  1.15e-01	  3.26e-02	2.28256e-01
  1.15e-01	  3.31e-02	2.28494e-01
  1.15e-01	  3.36e-02	2.27739e-01
  1.15e-01	  3.41e-02	2.25810e-01
  1.15e-01	  3.46e-02	2.22627e-01
  1.15e-01	  3.52e-02	2.18222e-01
  1.15e-01	  3.57e-02	2.12746e-01
  1.15e-01	  3.62e-02	2.06454e-01
  1.15e-01	  3.67e-02	1.99690e-01
  1.15e-01	  3.72e-02	1.92858e-01
  1.15e-01	  3.78e-02	1.86394e-01
  1.15e-01	  3.83e-02	1.80721e-01
  1.15e-01	  3.88e-02	1.76223e-01
  1.15e-01	  3.93e-02	1.73201e-01
  1.15e-01	  3.98e-02	1.70472e-01
  1.15e-01	  4.04e-02	6.11822e-34
  1.15e-01	  4.09e-02	9.17245e-67
  1.15e-01	  4.14e-02	1.37513e-99
  1.15e-01	  4.19e-02	2.06159e-132
  1.15e-01	  4.24e-02	3.09072e-165
  1.15e-01	  4.30e-02	4.63358e-198
  1.15e-01	  4.35e-02	6.94659e-231
  1.15e-01	  4.40e-02	1.04142e-263
  1.15e-01	  4.45e-02	1.56127e-296
  1.15e-01	  4.51e-02	0.00000e+00
  1.15e-01	  4.56e-02	0.00000e+00
  1.15e-01	  4.61e-02	0.00000e+00
  1.15e-01	  4.66e-02	0.00000e+00
  1.15e-01	  4.71e-02	0.00000e+00
  1.15e-01	  4.77e-02	0.00000e+00
  1.15e-01	  4.82e-02	0.00000e+00
  1.15e-01	  4.87e-02	0.00000e+00
  1.15e-01	  4.92e-02	0.00000e+00
  1.15e-01	  4.97e-02	0.00000e+00

  1.16e-01	  2.60e-04	0.00000e+00
  1.16e-01	  7.81e-04	0.00000e+00
  1.16e-01	  1.30e-03	0.00000e+00
  1.16e-01	  1.82e-03	0.00000e+00
  1.16e-01	  2.34e-03	0.00000e+00
  1.16e-01	  2.86e-03	0.00000e+00
  1.16e-01	  3.39e-03	0.00000e+00
  1.16e-01	  3.91e-03	0.00000e+00
  1.16e-01	  4.43e-03	0.00000e+00
  1.16e-01	  4.95e-03	1.08539e-296
  1.16e-01	  5.47e-03	7.23915e-264
  1.16e-01	  5.99e-03	4.82822e-231
  1.16e-01	  6.51e-03	3.22022e-198
  1.16e-01	  7.03e-03	2.14775e-165
  1.16e-01	  7.55e-03	1.43245e-132
  1.16e-01	  8.07e-03	9.55378e-100
  1.16e-01	  8.59e-03	6.37191e-67
  1.16e-01	  9.11e-03	4.24974e-34
  1.16e-01	  9.64e-03	1.28290e-01
  1.16e-01	  1.02e-02	1.30650e-01
  1.16e-01	  1.07e-02	1.33111e-01
  1.16e-01	  1.12e-02	1.36734e-01
  1.16e-01	  1.17e-02	1.41329e-01
  1.16e-01	  1.22e-02	1.46660e-01
  1.16e-01	  1.28e-02	1.52459e-01
  1.16e-01	  1.33e-02	1.58450e-01
  1.16e-01	  1.38e-02	1.64374e-01
  1.16e-01	  1.43e-02	1.70002e-01
  1.16e-01	  1.48e-02	1.75158e-01
  1.16e-01	  1.54e-02	1.79732e-01
  1.16e-01	  1.59e-02	1.83680e-01
  1.16e-01	  1.64e-02	1.87030e-01
  1.16e-01	  1.69e-02	1.89873e-01
  1.16e-01	  1.74e-02	1.92346e-01
  1.16e-01	  1.80e-02	1.94620e-01
  1.16e-01	  1.85e-02	1.96871e-01
  1.16e-01	  1.90e-02	1.99265e-01
  1.16e-01	  1.95e-02	2.01928e-01
  1.16e-01	  2.01e-02	2.04933e-01
  1.16e-01	  2.06e-02	2.08292e-01
  1.16e-01	  2.11e-02	2.11947e-01
  1.16e-01	  2.16e-02	2.15779e-01
  1.16e-01	  2.21e-02	2.19622e-01
  1.16e-01	  2.27e-02	2.23279e-01
  1.16e-01	  2.32e-02	2.26550e-01
  1.16e-01	  2.37e-02	2.29253e-01
  1.16e-01	  2.42e-02	2.31249e-01
  1.16e-01	  2.47e-02	2.32453e-01
  1.16e-01	  2.53e-02	2.32855e-01
  1.16e-01	  2.58e-02	2.32511e-01
  1.16e-01	  2.63e-02	2.31548e-01
  1.16e-01	  2.68e-02	2.30143e-01
  1.16e-01	  2.73e-02	2.28511e-01
  1.16e-01	  2.79e-02	2.26871e-01
  1.16e-01	  2.84e-02	2.25431e-01
  1.16e-01	  2.89e-02	2.24353e-01
  1.16e-01	  2.94e-02	2.23740e-01
  1.16e-01	  2.99e-02	2.23618e-01
  1.16e-01	  3.05e-02	2.23932e-01
  1.16e-01	  3.10e-02	2.24555e-01
  1.16e-01	  3.15e-02	2.25294e-01
  1.16e-01	  3.20e-02	2.25919e-01
  1.16e-01	  3.26e-02	2.26184e-01
  1.16e-01	  3.31e-02	2.25855e-01
  1.16e-01	  3.36e-02	2.24739e-01
  1.16e-01	  3.41e-02	2.22704e-01
  1.16e-01	  3.46e-02	2.19697e-01
  1.16e-01	  3.52e-02	2.15753e-01
  1.16e-01	  3.57e-02	2.10995e-01
  1.16e-01	  3.62e-02	2.05628e-01
  1.16e-01	  3.67e-02	1.99923e-01
  1.16e-01	  3.72e-02	1.94199e-01
  1.16e-01	  3.78e-02	1.88794e-01
  1.16e-01	  3.83e-02	1.84039e-01
  1.16e-01	  3.88e-02	1.80228e-01
  1.16e-01	  3.93e-02	1.77592e-01
  1.16e-01	  3.98e-02	1.74938e-01
  1.16e-01	  4.04e-02	6.32706e-34
  1.16e-01	  4.09e-02	9.48585e-67
  1.16e-01	  4.14e-02	1.42216e-99
  1.16e-01	  4.19e-02	2.13217e-132
  1.16e-01	  4.24e-02	3.19663e-165
  1.16e-01	  4.30e-02	4.79251e-198
  1.16e-01	  4.35e-02	7.18510e-231
  1.16e-01	  4.40e-02	1.07721e-263
  1.16e-01	  4.45e-02	1.61499e-296
  1.16e-01	  4.51e-02	0.00000e+00
  1.16e-01	  4.56e-02	0.00000e+00
  1.16e-01	  4.61e-02	0.00000e+00
  1.16e-01	  4.66e-02	0.00000e+00
  1.16e-01	  4.71e-02	0.00000e+00
  1.16e-01	  4.77e-02	0.00000e+00
  1.16e-01	  4.82e-02	0.00000e+00
  1.16e-01	  4.87e-02	0.00000e+00
  1.16e-01	  4.92e-02	0.00000e+00
  1.16e-01	  4.97e-02	0.00000e+00

  1.16e-01	  2.60e-04	0.00000e+00
  1.16e-01	  7.81e-04	0.00000e+00
  1.16e-01	  1.30e-03	0.00000e+00
  1.16e-01	  1.82e-03	0.00000e+00
  1.16e-01	  2.34e-03	0.00000e+00
  1.16e-01	  2.86e-03	0.00000e+00
  1.16e-01	  3.39e-03	0.00000e+00
  1.16e-01	  3.91e-03	0.00000e+00
  1.16e-01	  4.43e-03	0.00000e+00
  1.16e-01	  4.95e-03	1.12403e-296
  1.16e-01	  5.47e-03	7.49667e-264
  1.16e-01	  5.99e-03	4.99985e-231
  1.16e-01	  6.51e-03	3.33460e-198
  1.16e-01	  7.03e-03	2.22398e-165
  1.16e-01	  7.55e-03	1.48326e-132
  1.16e-01	  8.07e-03	9.89238e-100
  1.16e-01	  8.59e-03	6.59758e-67
  1.16e-01	  9.11e-03	4.40015e-34
  1.16e-01	  9.64e-03	1.31827e-01
  1.16e-01	  1.02e-02	1.34185e-01
  1.16e-01	  1.07e-02	1.36427e-01
  1.16e-01	  1.12e-02	1.39638e-01
  1.16e-01	  1.17e-02	1.43670e-01
  1.16e-01	  1.22e-02	1.48339e-01
  1.16e-01	  1.28e-02	1.53433e-01
  1.16e-01	  1.33e-02	1.58735e-01
  1.16e-01	  1.38e-02	1.64039e-01
  1.16e-01	  1.43e-02	1.69164e-01
  1.16e-01	  1.48e-02	1.73968e-01
  1.16e-01	  1.54e-02	1.78357e-01
  1.16e-01	  1.59e-02	1.82290e-01
  1.16e-01	  1.64e-02	1.85781e-01
  1.16e-01	  1.69e-02	1.88887e-01
  1.16e-01	  1.74e-02	1.91704e-01
  1.16e-01	  1.80e-02	1.94350e-01
  1.16e-01	  1.85e-02	1.96950e-01
  1.16e-01	  1.90e-02	1.99616e-01
  1.16e-01	  1.95e-02	2.02436e-01
  1.16e-01	  2.01e-02	2.05459e-01
  1.16e-01	  2.06e-02	2.08687e-01
  1.16e-01	  2.11e-02	2.12074e-01
  1.16e-01	  2.16e-02	2.15532e-01
  1.16e-01	  2.21e-02	2.18936e-01
  1.16e-01	  2.27e-02	2.22142e-01
  1.16e-01	  2.32e-02	2.25004e-01
  1.16e-01	  2.37e-02	2.27390e-01
  1.16e-01	  2.42e-02	2.29199e-01
  1.16e-01	  2.47e-02	2.30372e-01
  1.16e-01	  2.53e-02	2.30903e-01
  1.16e-01	  2.58e-02	2.30838e-01
  1.16e-01	  2.63e-02	2.30271e-01
  1.16e-01	  2.68e-02	2.29337e-01
  1.16e-01	  2.73e-02	2.28193e-01
  1.16e-01	  2.79e-02	2.27001e-01
  1.16e-01	  2.84e-02	2.25914e-01
  1.16e-01	  2.89e-02	2.25049e-01
  1.16e-01	  2.94e-02	2.24480e-01
  1.16e-01	  2.99e-02	2.24224e-01
  1.16e-01	  3.05e-02	2.24240e-01
  1.16e-01	  3.10e-02	2.24431e-01
  1.16e-01	  3.15e-02	2.24656e-01
  1.16e-01	  3.20e-02	2.24742e-01
  1.16e-01	  3.26e-02	2.24508e-01
  1.16e-01	  3.31e-02	2.23784e-01
  1.16e-01	  3.36e-02	2.22428e-01
  1.16e-01	  3.41e-02	2.20348e-01
  1.16e-01	  3.46e-02	2.17511e-01
  1.16e-01	  3.52e-02	2.13950e-01
  1.16e-01	  3.57e-02	2.09769e-01
  1.16e-01	  3.62e-02	2.05133e-01
  1.16e-01	  3.67e-02	2.00256e-01
  1.16e-01	  3.72e-02	1.95391e-01
  1.16e-01	  3.78e-02	1.90802e-01
  1.16e-01	  3.83e-02	1.86746e-01
  1.16e-01	  3.88e-02	1.83452e-01
  1.16e-01	  3.93e-02	1.81094e-01
  1.16e-01	  3.98e-02	1.78458e-01
  1.16e-01	  4.04e-02	6.49290e-34
  1.16e-01	  4.09e-02	9.73474e-67
  1.16e-01	  4.14e-02	1.45952e-99
  1.16e-01	  4.19e-02	2.18823e-132
  1.16e-01	  4.24e-02	3.28077e-165
  1.16e-01	  4.30e-02	4.91878e-198
  1.16e-01	  4.35e-02	7.37460e-231
  1.16e-01	  4.40e-02	1.10565e-263
  1.16e-01	  4.45e-02	1.65767e-296
  1.16e-01	  4.51e-02	0.00000e+00
  1.16e-01	  4.56e-02	0.00000e+00
  1.16e-01	  4.61e-02	0.00000e+00
  1.16e-01	  4.66e-02	0.00000e+00
  1.16e-01	  4.71e-02	0.00000e+00
  1.16e-01	  4.77e-02	0.00000e+00
  1.16e-01	  4.82e-02	0.00000e+00
  1.16e-01	  4.87e-02	0.00000e+00
  1.16e-01	  4.92e-02	0.00000e+00
  1.16e-01	  4.97e-02	0.00000e+00

  1.17e-01	  2.60e-04	0.00000e+00
  1.17e-01	  7.81e-04	0.00000e+00
  1.17e-01	  1.30e-03	0.00000e+00
  1.17e-01	  1.82e-03	0.00000e+00
  1.17e-01	  2.34e-03	0.00000e+00
  1.17e-01	  2.86e-03	0.00000e+00
  1.17e-01	  3.39e-03	0.00000e+00
  1.17e-01	  3.91e-03	0.00000e+00
  1.17e-01	  4.43e-03	0.00000e+00
  1.17e-01	  4.95e-03	1.15614e-296
  1.17e-01	  5.47e-03	7.71066e-264
  1.17e-01	  5.99e-03	5.14246e-231
  1.17e-01	  6.51e-03	3.42965e-198
  1.17e-01	  7.03e-03	2.28733e-165
  1.17e-01	  7.55e-03	1.52548e-132
  1.17e-01	  8.07e-03	1.01738e-99
  1.17e-01	  8.59e-03	6.78512e-67
  1.17e-01	  9.11e-03	4.52514e-34
  1.17e-01	  9.64e-03	1.34743e-01
  1.17e-01	  1.02e-02	1.37133e-01
  1.17e-01	  1.07e-02	1.39221e-01
  1.17e-01	  1.12e-02	1.42124e-01
  1.17e-01	  1.17e-02	1.45728e-01
  1.17e-01	  1.22e-02	1.49886e-01
  1.17e-01	  1.28e-02	1.54433e-01
  1.17e-01	  1.33e-02	1.59195e-01
  1.17e-01	  1.38e-02	1.64009e-01
  1.17e-01	  1.43e-02	1.68727e-01
  1.17e-01	  1.48e-02	1.73235e-01
  1.17e-01	  1.54e-02	1.77453e-01
  1.17e-01	  1.59e-02	1.81341e-01
  1.17e-01	  1.64e-02	1.84901e-01
  1.17e-01	  1.69e-02	1.88169e-01
  1.17e-01	  1.74e-02	1.91207e-01
  1.17e-01	  1.80e-02	1.94097e-01
  1.17e-01	  1.85e-02	1.96923e-01
  1.17e-01	  1.90e-02	1.99764e-01
  1.17e-01	  1.95e-02	2.02677e-01
  1.17e-01	  2.01e-02	2.05694e-01
  1.17e-01	  2.06e-02	2.08811e-01
  1.17e-01	  2.11e-02	2.11993e-01
  1.17e-01	  2.16e-02	2.15170e-01
  1.17e-01	  2.21e-02	2.18250e-01
  1.17e-01	  2.27e-02	2.21126e-01
  1.17e-01	  2.32e-02	2.23690e-01
  1.17e-01	  2.37e-02	2.25847e-01
  1.17e-01	  2.42e-02	2.27522e-01
  1.17e-01	  2.47e-02	2.28676e-01
  1.17e-01	  2.53e-02	2.29306e-01
  1.17e-01	  2.58e-02	2.29447e-01
  1.17e-01	  2.63e-02	2.29173e-01
  1.17e-01	  2.68e-02	2.28582e-01
  1.17e-01	  2.73e-02	2.27793e-01
  1.17e-01	  2.79e-02	2.26927e-01
  1.17e-01	  2.84e-02	2.26095e-01
  1.17e-01	  2.89e-02	2.25383e-01
  1.17e-01	  2.94e-02	2.24845e-01
  1.17e-01	  2.99e-02	2.24492e-01
  1.17e-01	  3.05e-02	2.24292e-01
  1.17e-01	  3.10e-02	2.24172e-01
  1.17e-01	  3.15e-02	2.24027e-01
  1.17e-01	  3.20e-02	2.23730e-01
  1.17e-01	  3.26e-02	2.23147e-01
  1.17e-01	  3.31e-02	2.22153e-01
  1.17e-01	  3.36e-02	2.20646e-01
  1.17e-01	  3.41e-02	2.18562e-01
  1.17e-01	  3.46e-02	2.15884e-01
  1.17e-01	  3.52e-02	2.12643e-01
  1.17e-01	  3.57e-02	2.08927e-01
  1.17e-01	  3.62e-02	2.04869e-01
  1.17e-01	  3.67e-02	2.00642e-01
  1.17e-01	  3.72e-02	1.96443e-01
  1.17e-01	  3.78e-02	1.92481e-01
  1.17e-01	  3.83e-02	1.88958e-01
  1.17e-01	  3.88e-02	1.86048e-01
  1.17e-01	  3.93e-02	1.83890e-01
  1.17e-01	  3.98e-02	1.81229e-01
  1.17e-01	  4.04e-02	6.62431e-34
  1.17e-01	  4.09e-02	9.93198e-67
  1.17e-01	  4.14e-02	1.48912e-99
  1.17e-01	  4.19e-02	2.23266e-132
  1.17e-01	  4.24e-02	3.34745e-165
  1.17e-01	  4.30e-02	5.01887e-198
  1.17e-01	  4.35e-02	7.52483e-231
  1.17e-01	  4.40e-02	1.12820e-263
  1.17e-01	  4.45e-02	1.69151e-296
  1.17e-01	  4.51e-02	0.00000e+00
  1.17e-01	  4.56e-02	0.00000e+00
  1.17e-01	  4.61e-02	0.00000e+00
  1.17e-01	  4.66e-02	0.00000e+00
  1.17e-01	  4.71e-02	0.00000e+00
  1.17e-01	  4.77e-02	0.00000e+00
  1.17e-01	  4.82e-02	0.00000e+00
  1.17e-01	  4.87e-02	0.00000e+00
  1.17e-01	  4.92e-02	0.00000e+00
  1.17e-01	  4.97e-02	0.00000e+00

  1.18e-01	  2.60e-04	0.00000e+00
  1.18e-01	  7.81e-04	0.00000e+00
  1.18e-01	  1.30e-03	0.00000e+00
  1.18e-01	  1.82e-03	0.00000e+00
  1.18e-01	  2.34e-03	0.00000e+00
  1.18e-01	  2.86e-03	0.00000e+00
  1.18e-01	  3.39e-03	0.00000e+00
  1.18e-01	  3.91e-03	0.00000e+00
  1.18e-01	  4.43e-03	0.00000e+00
  1.18e-01	  4.95e-03	1.18298e-296
  1.18e-01	  5.47e-03	7.88955e-264
  1.18e-01	  5.99e-03	5.26169e-231
  1.18e-01	  6.51e-03	3.50911e-198
  1.18e-01	  7.03e-03	2.34029e-165
  1.18e-01	  7.55e-03	1.56078e-132
  1.18e-01	  8.07e-03	1.04090e-99
  1.18e-01	  8.59e-03	6.94193e-67
  1.18e-01	  9.11e-03	4.62966e-34
  1.18e-01	  9.64e-03	1.37167e-01
  1.18e-01	  1.02e-02	1.39611e-01
  1.18e-01	  1.07e-02	1.41593e-01
  1.18e-01	  1.12e-02	1.44269e-01
  1.18e-01	  1.17e-02	1.47548e-01
  1.18e-01	  1.22e-02	1.51314e-01
  1.18e-01	  1.28e-02	1.55434e-01
  1.18e-01	  1.33e-02	1.59772e-01
  1.18e-01	  1.38e-02	1.64194e-01
  1.18e-01	  1.43e-02	1.68582e-01
  1.18e-01	  1.48e-02	1.72840e-01
  1.18e-01	  1.54e-02	1.76899e-01
  1.18e-01	  1.59e-02	1.80723e-01
  1.18e-01	  1.64e-02	1.84303e-01
  1.18e-01	  1.69e-02	1.87659e-01
  1.18e-01	  1.74e-02	1.90831e-01
  1.18e-01	  1.80e-02	1.93871e-01
  1.18e-01	  1.85e-02	1.96838e-01
  1.18e-01	  1.90e-02	1.99783e-01
  1.18e-01	  1.95e-02	2.02743e-01
  1.18e-01	  2.01e-02	2.05738e-01
  1.18e-01	  2.06e-02	2.08760e-01
  1.18e-01	  2.11e-02	2.11780e-01
  1.18e-01	  2.16e-02	2.14743e-01
  1.18e-01	  2.21e-02	2.17581e-01
  1.18e-01	  2.27e-02	2.20212e-01
  1.18e-01	  2.32e-02	2.22558e-01
  1.18e-01	  2.37e-02	2.24547e-01
  1.18e-01	  2.42e-02	2.26127e-01
  1.18e-01	  2.47e-02	2.27269e-01
  1.18e-01	  2.53e-02	2.27973e-01
  1.18e-01	  2.58e-02	2.28268e-01
  1.18e-01	  2.63e-02	2.28208e-01
  1.18e-01	  2.68e-02	2.27870e-01
  1.18e-01	  2.73e-02	2.27342e-01
  1.18e-01	  2.79e-02	2.26713e-01
  1.18e-01	  2.84e-02	2.26066e-01
  1.18e-01	  2.89e-02	2.25466e-01
  1.18e-01	  2.94e-02	2.24951e-01
  1.18e-01	  2.99e-02	2.24528e-01
  1.18e-01	  3.05e-02	2.24173e-01
  1.18e-01	  3.10e-02	2.23832e-01
  1.18e-01	  3.15e-02	2.23425e-01
  1.18e-01	  3.20e-02	2.22858e-01
  1.18e-01	  3.26e-02	2.22034e-01
  1.18e-01	  3.31e-02	2.20861e-01
  1.18e-01	  3.36e-02	2.19266e-01
  1.18e-01	  3.41e-02	2.17207e-01
  1.18e-01	  3.46e-02	2.14675e-01
  1.18e-01	  3.52e-02	2.11703e-01
  1.18e-01	  3.57e-02	2.08363e-01
  1.18e-01	  3.62e-02	2.04764e-01
  1.18e-01	  3.67e-02	2.01045e-01
  1.18e-01	  3.72e-02	1.97363e-01
  1.18e-01	  3.78e-02	1.93884e-01
  1.18e-01	  3.83e-02	1.90765e-01
  1.18e-01	  3.88e-02	1.88142e-01
  1.18e-01	  3.93e-02	1.86122e-01
  1.18e-01	  3.98e-02	1.83410e-01
  1.18e-01	  4.04e-02	6.72818e-34
  1.18e-01	  4.09e-02	1.00879e-66
  1.18e-01	  4.14e-02	1.51252e-99
  1.18e-01	  4.19e-02	2.26778e-132
  1.18e-01	  4.24e-02	3.40017e-165
  1.18e-01	  4.30e-02	5.09800e-198
  1.18e-01	  4.35e-02	7.64360e-231
  1.18e-01	  4.40e-02	1.14603e-263
  1.18e-01	  4.45e-02	1.71827e-296
  1.18e-01	  4.51e-02	0.00000e+00
  1.18e-01	  4.56e-02	0.00000e+00
  1.18e-01	  4.61e-02	0.00000e+00
  1.18e-01	  4.66e-02	0.00000e+00
  1.18e-01	  4.71e-02	0.00000e+00
  1.18e-01	  4.77e-02	0.00000e+00
  1.18e-01	  4.82e-02	0.00000e+00
  1.18e-01	  4.87e-02	0.00000e+00
  1.18e-01	  4.92e-02	0.00000e+00
  1.18e-01	  4.97e-02	0.00000e+00

  1.19e-01	  2.60e-04	0.00000e+00
  1.19e-01	  7.81e-04	0.00000e+00
  1.19e-01	  1.30e-03	0.00000e+00
  1.19e-01	  1.82e-03	0.00000e+00
  1.19e-01	  2.34e-03	0.00000e+00
  1.19e-01	  2.86e-03	0.00000e+00
  1.19e-01	  3.39e-03	0.00000e+00
  1.19e-01	  3.91e-03	0.00000e+00
  1.19e-01	  4.43e-03	0.00000e+00
  1.19e-01	  4.95e-03	1.20556e-296
  1.19e-01	  5.47e-03	8.04005e-264
  1.19e-01	  5.99e-03	5.36200e-231
  1.19e-01	  6.51e-03	3.57597e-198
  1.19e-01	  7.03e-03	2.38485e-165
  1.19e-01	  7.55e-03	1.59048e-132
  1.19e-01	  8.07e-03	1.06070e-99
  1.19e-01	  8.59e-03	7.07391e-67
  1.19e-01	  9.11e-03	4.71763e-34
  1.19e-01	  9.64e-03	1.39196e-01
  1.19e-01	  1.02e-02	1.41712e-01
  1.19e-01	  1.07e-02	1.43624e-01
  1.19e-01	  1.12e-02	1.46133e-01
  1.19e-01	  1.17e-02	1.49166e-01
  1.19e-01	  1.22e-02	1.52630e-01
  1.19e-01	  1.28e-02	1.56419e-01
  1.19e-01	  1.33e-02	1.60421e-01
  1.19e-01	  1.38e-02	1.64530e-01
  1.19e-01	  1.43e-02	1.68647e-01
  1.19e-01	  1.48e-02	1.72692e-01
  1.19e-01	  1.54e-02	1.76606e-01
  1.19e-01	  1.59e-02	1.80352e-01
  1.19e-01	  1.64e-02	1.83919e-01
  1.19e-01	  1.69e-02	1.87311e-01
  1.19e-01	  1.74e-02	1.90554e-01
  1.19e-01	  1.80e-02	1.93680e-01
  1.19e-01	  1.85e-02	1.96726e-01
  1.19e-01	  1.90e-02	1.99725e-01
  1.19e-01	  1.95e-02	2.02701e-01
  1.19e-01	  2.01e-02	2.05662e-01
  1.19e-01	  2.06e-02	2.08600e-01
  1.19e-01	  2.11e-02	2.11489e-01
  1.19e-01	  2.16e-02	2.14287e-01
  1.19e-01	  2.21e-02	2.16940e-01
  1.19e-01	  2.27e-02	2.19387e-01
  1.19e-01	  2.32e-02	2.21570e-01
  1.19e-01	  2.37e-02	2.23436e-01
  1.19e-01	  2.42e-02	2.24946e-01
  1.19e-01	  2.47e-02	2.26081e-01
  1.19e-01	  2.53e-02	2.26841e-01
  1.19e-01	  2.58e-02	2.27249e-01
  1.19e-01	  2.63e-02	2.27348e-01
  1.19e-01	  2.68e-02	2.27196e-01
  1.19e-01	  2.73e-02	2.26859e-01
  1.19e-01	  2.79e-02	2.26405e-01
  1.19e-01	  2.84e-02	2.25895e-01
  1.19e-01	  2.89e-02	2.25377e-01
  1.19e-01	  2.94e-02	2.24880e-01
  1.19e-01	  2.99e-02	2.24409e-01
  1.19e-01	  3.05e-02	2.23945e-01
  1.19e-01	  3.10e-02	2.23447e-01
  1.19e-01	  3.15e-02	2.22857e-01
  1.19e-01	  3.20e-02	2.22105e-01
  1.19e-01	  3.26e-02	2.21118e-01
  1.19e-01	  3.31e-02	2.19831e-01
  1.19e-01	  3.36e-02	2.18193e-01
  1.19e-01	  3.41e-02	2.16176e-01
  1.19e-01	  3.46e-02	2.13778e-01
  1.19e-01	  3.52e-02	2.11031e-01
  1.19e-01	  3.57e-02	2.07996e-01
  1.19e-01	  3.62e-02	2.04763e-01
  1.19e-01	  3.67e-02	2.01443e-01
  1.19e-01	  3.72e-02	1.98164e-01
  1.19e-01	  3.78e-02	1.95056e-01
  1.19e-01	  3.83e-02	1.92242e-01
  1.19e-01	  3.88e-02	1.89831e-01
  1.19e-01	  3.93e-02	1.87905e-01
  1.19e-01	  3.98e-02	1.85121e-01
  1.19e-01	  4.04e-02	6.80995e-34
  1.19e-01	  4.09e-02	1.02106e-66
  1.19e-01	  4.14e-02	1.53094e-99
  1.19e-01	  4.19e-02	2.29544e-132
  1.19e-01	  4.24e-02	3.44169e-165
  1.19e-01	  4.30e-02	5.16031e-198
  1.19e-01	  4.35e-02	7.73714e-231
  1.19e-01	  4.40e-02	1.16007e-263
  1.19e-01	  4.45e-02	1.73935e-296
  1.19e-01	  4.51e-02	0.00000e+00
  1.19e-01	  4.56e-02	0.00000e+00
  1.19e-01	  4.61e-02	0.00000e+00
  1.19e-01	  4.66e-02	0.00000e+00
  1.19e-01	  4.71e-02	0.00000e+00
  1.19e-01	  4.77e-02	0.00000e+00
  1.19e-01	  4.82e-02	0.00000e+00
  1.19e-01	  4.87e-02	0.00000e+00
  1.19e-01	  4.92e-02	0.00000e+00
  1.19e-01	  4.97e-02	0.00000e+00

  1.20e-01	  2.60e-04	0.00000e+00
  1.20e-01	  7.81e-04	0.00000e+00
  1.20e-01	  1.30e-03	0.00000e+00
  1.20e-01	  1.82e-03	0.00000e+00
  1.20e-01	  2.34e-03	0.00000e+00
  1.20e-01	  2.86e-03	0.00000e+00
  1.20e-01	  3.39e-03	0.00000e+00
  1.20e-01	  3.91e-03	0.00000e+00
  1.20e-01	  4.43e-03	0.00000e+00
  1.20e-01	  4.95e-03	1.22468e-296
  1.20e-01	  5.47e-03	8.16748e-264
  1.20e-01	  5.99e-03	5.44694e-231
  1.20e-01	  6.51e-03	3.63259e-198
  1.20e-01	  7.03e-03	2.42259e-165
  1.20e-01	  7.55e-03	1.61564e-132
  1.20e-01	  8.07e-03	1.07747e-99
  1.20e-01	  8.59e-03	7.18570e-67
  1.20e-01	  9.11e-03	4.79215e-34
  1.20e-01	  9.64e-03	1.40908e-01
  1.20e-01	  1.02e-02	1.43507e-01
  1.20e-01	  1.07e-02	1.45378e-01
  1.20e-01	  1.12e-02	1.47766e-01
  1.20e-01	  1.17e-02	1.50614e-01
  1.20e-01	  1.22e-02	1.53846e-01
  1.20e-01	  1.28e-02	1.57375e-01
  1.20e-01	  1.33e-02	1.61111e-01
  1.20e-01	  1.38e-02	1.64967e-01
  1.20e-01	  1.43e-02	1.68860e-01
  1.20e-01	  1.48e-02	1.72723e-01
  1.20e-01	  1.54e-02	1.76504e-01
  1.20e-01	  1.59e-02	1.80167e-01
  1.20e-01	  1.64e-02	1.83697e-01
  1.20e-01	  1.69e-02	1.87091e-01
  1.20e-01	  1.74e-02	1.90361e-01
  1.20e-01	  1.80e-02	1.93526e-01
  1.20e-01	  1.85e-02	1.96608e-01
  1.20e-01	  1.90e-02	1.99627e-01
  1.20e-01	  1.95e-02	2.02595e-01
  1.20e-01	  2.01e-02	2.05514e-01
  1.20e-01	  2.06e-02	2.08376e-01
  1.20e-01	  2.11e-02	2.11157e-01
  1.20e-01	  2.16e-02	2.13824e-01
  1.20e-01	  2.21e-02	2.16334e-01
  1.20e-01	  2.27e-02	2.18641e-01
  1.20e-01	  2.32e-02	2.20701e-01
  1.20e-01	  2.37e-02	2.22474e-01
  1.20e-01	  2.42e-02	2.23932e-01
  1.20e-01	  2.47e-02	2.25061e-01
  1.20e-01	  2.53e-02	2.25862e-01
  1.20e-01	  2.58e-02	2.26354e-01
  1.20e-01	  2.63e-02	2.26571e-01
  1.20e-01	  2.68e-02	2.26556e-01
  1.20e-01	  2.73e-02	2.26361e-01
  1.20e-01	  2.79e-02	2.26036e-01
  1.20e-01	  2.84e-02	2.25628e-01
  1.20e-01	  2.89e-02	2.25173e-01
  1.20e-01	  2.94e-02	2.24692e-01
  1.20e-01	  2.99e-02	2.24190e-01
  1.20e-01	  3.05e-02	2.23651e-01
  1.20e-01	  3.10e-02	2.23045e-01
  1.20e-01	  3.15e-02	2.22329e-01
  1.20e-01	  3.20e-02	2.21451e-01
  1.20e-01	  3.26e-02	2.20359e-01
  1.20e-01	  3.31e-02	2.19004e-01
  1.20e-01	  3.36e-02	2.17353e-01
  1.20e-01	  3.41e-02	2.15387e-01
  1.20e-01	  3.46e-02	2.13111e-01
  1.20e-01	  3.52e-02	2.10554e-01
  1.20e-01	  3.57e-02	2.07767e-01
  1.20e-01	  3.62e-02	2.04826e-01
  1.20e-01	  3.67e-02	2.01822e-01
  1.20e-01	  3.72e-02	1.98856e-01
  1.20e-01	  3.78e-02	1.96032e-01
  1.20e-01	  3.83e-02	1.93450e-01
  1.20e-01	  3.88e-02	1.91194e-01
  1.20e-01	  3.93e-02	1.89326e-01
  1.20e-01	  3.98e-02	1.86455e-01
  1.20e-01	  4.04e-02	6.87393e-34
  1.20e-01	  4.09e-02	1.03067e-66
  1.20e-01	  4.14e-02	1.54536e-99
  1.20e-01	  4.19e-02	2.31708e-132
  1.20e-01	  4.24e-02	3.47417e-165
  1.20e-01	  4.30e-02	5.20907e-198
  1.20e-01	  4.35e-02	7.81032e-231
  1.20e-01	  4.40e-02	1.17105e-263
  1.20e-01	  4.45e-02	1.75584e-296
  1.20e-01	  4.51e-02	0.00000e+00
  1.20e-01	  4.56e-02	0.00000e+00
  1.20e-01	  4.61e-02	0.00000e+00
  1.20e-01	  4.66e-02	0.00000e+00
  1.20e-01	  4.71e-02	0.00000e+00
  1.20e-01	  4.77e-02	0.00000e+00
  1.20e-01	  4.82e-02	0.00000e+00
  1.20e-01	  4.87e-02	0.00000e+00
  1.20e-01	  4.92e-02	0.00000e+00
  1.20e-01	  4.97e-02	0.00000e+00

  1.20e-01	  2.60e-04	0.00000e+00
  1.20e-01	  7.81e-04	0.00000e+00
  1.20e-01	  1.30e-03	0.00000e+00
  1.20e-01	  1.82e-03	0.00000e+00
  1.20e-01	  2.34e-03	0.00000e+00
  1.20e-01	  2.86e-03	0.00000e+00
  1.20e-01	  3.39e-03	0.00000e+00
  1.20e-01	  3.91e-03	0.00000e+00
  1.20e-01	  4.43e-03	0.00000e+00
  1.20e-01	  4.95e-03	1.24096e-296
  1.20e-01	  5.47e-03	8.27602e-264
  1.20e-01	  5.99e-03	5.51930e-231
  1.20e-01	  6.51e-03	3.68083e-198
  1.20e-01	  7.03e-03	2.45475e-165
  1.20e-01	  7.55e-03	1.63708e-132
  1.20e-01	  8.07e-03	1.09177e-99
  1.20e-01	  8.59e-03	7.28098e-67
  1.20e-01	  9.11e-03	4.85568e-34
  1.20e-01	  9.64e-03	1.42362e-01
  1.20e-01	  1.02e-02	1.45055e-01
  1.20e-01	  1.07e-02	1.46905e-01
  1.20e-01	  1.12e-02	1.49208e-01
  1.20e-01	  1.17e-02	1.51917e-01
  1.20e-01	  1.22e-02	1.54970e-01
  1.20e-01	  1.28e-02	1.58295e-01
  1.20e-01	  1.33e-02	1.61820e-01
  1.20e-01	  1.38e-02	1.65470e-01
  1.20e-01	  1.43e-02	1.69177e-01
  1.20e-01	  1.48e-02	1.72883e-01
  1.20e-01	  1.54e-02	1.76541e-01
  1.20e-01	  1.59e-02	1.80120e-01
  1.20e-01	  1.64e-02	1.83598e-01
  1.20e-01	  1.69e-02	1.86970e-01
  1.20e-01	  1.74e-02	1.90238e-01
  1.20e-01	  1.80e-02	1.93409e-01
  1.20e-01	  1.85e-02	1.96497e-01
  1.20e-01	  1.90e-02	1.99511e-01
  1.20e-01	  1.95e-02	2.02455e-01
  1.20e-01	  2.01e-02	2.05328e-01
  1.20e-01	  2.06e-02	2.08120e-01
  1.20e-01	  2.11e-02	2.10810e-01
  1.20e-01	  2.16e-02	2.13370e-01
  1.20e-01	  2.21e-02	2.15767e-01
  1.20e-01	  2.27e-02	2.17965e-01
  1.20e-01	  2.32e-02	2.19929e-01
  1.20e-01	  2.37e-02	2.21631e-01
  1.20e-01	  2.42e-02	2.23048e-01
  1.20e-01	  2.47e-02	2.24172e-01
  1.20e-01	  2.53e-02	2.25004e-01
  1.20e-01	  2.58e-02	2.25559e-01
  1.20e-01	  2.63e-02	2.25863e-01
  1.20e-01	  2.68e-02	2.25950e-01
  1.20e-01	  2.73e-02	2.25860e-01
  1.20e-01	  2.79e-02	2.25632e-01
  1.20e-01	  2.84e-02	2.25301e-01
  1.20e-01	  2.89e-02	2.24894e-01
  1.20e-01	  2.94e-02	2.24429e-01
  1.20e-01	  2.99e-02	2.23907e-01
  1.20e-01	  3.05e-02	2.23319e-01
  1.20e-01	  3.10e-02	2.22640e-01
  1.20e-01	  3.15e-02	2.21841e-01
  1.20e-01	  3.20e-02	2.20881e-01
  1.20e-01	  3.26e-02	2.19723e-01
  1.20e-01	  3.31e-02	2.18334e-01
  1.20e-01	  3.36e-02	2.16690e-01
  1.20e-01	  3.41e-02	2.14781e-01
  1.20e-01	  3.46e-02	2.12614e-01
  1.20e-01	  3.52e-02	2.10217e-01
  1.20e-01	  3.57e-02	2.07634e-01
  1.20e-01	  3.62e-02	2.04927e-01
  1.20e-01	  3.67e-02	2.02172e-01
  1.20e-01	  3.72e-02	1.99450e-01
  1.20e-01	  3.78e-02	1.96846e-01
  1.20e-01	  3.83e-02	1.94437e-01
  1.20e-01	  3.88e-02	1.92291e-01
  1.20e-01	  3.93e-02	1.90457e-01
  1.20e-01	  3.98e-02	1.87487e-01
  1.20e-01	  4.04e-02	6.92350e-34
  1.20e-01	  4.09e-02	1.03810e-66
  1.20e-01	  4.14e-02	1.55653e-99
  1.20e-01	  4.19e-02	2.33384e-132
  1.20e-01	  4.24e-02	3.49932e-165
  1.20e-01	  4.30e-02	5.24683e-198
  1.20e-01	  4.35e-02	7.86701e-231
  1.20e-01	  4.40e-02	1.17956e-263
  1.20e-01	  4.45e-02	1.76861e-296
  1.20e-01	  4.51e-02	0.00000e+00
  1.20e-01	  4.56e-02	0.00000e+00
  1.20e-01	  4.61e-02	0.00000e+00
  1.20e-01	  4.66e-02	0.00000e+00
  1.20e-01	  4.71e-02	0.00000e+00
  1.20e-01	  4.77e-02	0.00000e+00
  1.20e-01	  4.82e-02	0.00000e+00
  1.20e-01	  4.87e-02	0.00000e+00
  1.20e-01	  4.92e-02	0.00000e+00
  1.20e-01	  4.97e-02	0.00000e+00

  1.21e-01	  2.60e-04	0.00000e+00
  1.21e-01	  7.81e-04	0.00000e+00
  1.21e-01	  1.30e-03	0.00000e+00
  1.21e-01	  1.82e-03	0.00000e+00
  1.21e-01	  2.34e-03	0.00000e+00
  1.21e-01	  2.86e-03	0.00000e+00
  1.21e-01	  3.39e-03	0.00000e+00
  1.21e-01	  3.91e-03	0.00000e+00
  1.21e-01	  4.43e-03	0.00000e+00
  1.21e-01	  4.95e-03	1.25490e-296
  1.21e-01	  5.47e-03	8.36897e-264
  1.21e-01	  5.99e-03	5.58127e-231
  1.21e-01	  6.51e-03	3.72215e-198
  1.21e-01	  7.03e-03	2.48230e-165
  1.21e-01	  7.55e-03	1.65544e-132
  1.21e-01	  8.07e-03	1.10401e-99
  1.21e-01	  8.59e-03	7.36262e-67
  1.21e-01	  9.11e-03	4.91011e-34
  1.21e-01	  9.64e-03	1.43604e-01
  1.21e-01	  1.02e-02	1.46399e-01
  1.21e-01	  1.07e-02	1.48244e-01
  1.21e-01	  1.12e-02	1.50490e-01
  1.21e-01	  1.17e-02	1.53096e-01
  1.21e-01	  1.22e-02	1.56011e-01
  1.21e-01	  1.28e-02	1.59177e-01
  1.21e-01	  1.33e-02	1.62531e-01
  1.21e-01	  1.38e-02	1.66013e-01
  1.21e-01	  1.43e-02	1.69564e-01
  1.21e-01	  1.48e-02	1.73134e-01
  1.21e-01	  1.54e-02	1.76681e-01
  1.21e-01	  1.59e-02	1.80174e-01
  1.21e-01	  1.64e-02	1.83594e-01
  1.21e-01	  1.69e-02	1.86927e-01
  1.21e-01	  1.74e-02	1.90172e-01
  1.21e-01	  1.80e-02	1.93328e-01
  1.21e-01	  1.85e-02	1.96401e-01
  1.21e-01	  1.90e-02	1.99393e-01
  1.21e-01	  1.95e-02	2.02303e-01
  1.21e-01	  2.01e-02	2.05127e-01
  1.21e-01	  2.06e-02	2.07853e-01
  1.21e-01	  2.11e-02	2.10464e-01
  1.21e-01	  2.16e-02	2.12935e-01
  1.21e-01	  2.21e-02	2.15240e-01
  1.21e-01	  2.27e-02	2.17351e-01
  1.21e-01	  2.32e-02	2.19240e-01
  1.21e-01	  2.37e-02	2.20885e-01
  1.21e-01	  2.42e-02	2.22270e-01
  1.21e-01	  2.47e-02	2.23388e-01
  1.21e-01	  2.53e-02	2.24242e-01
  1.21e-01	  2.58e-02	2.24843e-01
  1.21e-01	  2.63e-02	2.25212e-01
  1.21e-01	  2.68e-02	2.25376e-01
  1.21e-01	  2.73e-02	2.25365e-01
  1.21e-01	  2.79e-02	2.25210e-01
  1.21e-01	  2.84e-02	2.24938e-01
  1.21e-01	  2.89e-02	2.24570e-01
  1.21e-01	  2.94e-02	2.24120e-01
  1.21e-01	  2.99e-02	2.23588e-01
  1.21e-01	  3.05e-02	2.22969e-01
  1.21e-01	  3.10e-02	2.22244e-01
  1.21e-01	  3.15e-02	2.21391e-01
  1.21e-01	  3.20e-02	2.20381e-01
  1.21e-01	  3.26e-02	2.19187e-01
  1.21e-01	  3.31e-02	2.17786e-01
  1.21e-01	  3.36e-02	2.16162e-01
  1.21e-01	  3.41e-02	2.14310e-01
  1.21e-01	  3.46e-02	2.12241e-01
  1.21e-01	  3.52e-02	2.09980e-01
  1.21e-01	  3.57e-02	2.07564e-01
  1.21e-01	  3.62e-02	2.05046e-01
  1.21e-01	  3.67e-02	2.02488e-01
  1.21e-01	  3.72e-02	1.99957e-01
  1.21e-01	  3.78e-02	1.97521e-01
  1.21e-01	  3.83e-02	1.95241e-01
  1.21e-01	  3.88e-02	1.93172e-01
  1.21e-01	  3.93e-02	1.91351e-01
  1.21e-01	  3.98e-02	1.88272e-01
  1.21e-01	  4.04e-02	6.96130e-34
  1.21e-01	  4.09e-02	1.04378e-66
  1.21e-01	  4.14e-02	1.56504e-99
  1.21e-01	  4.19e-02	2.34662e-132
  1.21e-01	  4.24e-02	3.51851e-165
  1.21e-01	  4.30e-02	5.27563e-198
  1.21e-01	  4.35e-02	7.91023e-231
  1.21e-01	  4.40e-02	1.18605e-263
  1.21e-01	  4.45e-02	1.77835e-296
  1.21e-01	  4.51e-02	0.00000e+00
  1.21e-01	  4.56e-02	0.00000e+00
  1.21e-01	  4.61e-02	0.00000e+00
  1.21e-01	  4.66e-02	0.00000e+00
  1.21e-01	  4.71e-02	0.00000e+00
  1.21e-01	  4.77e-02	0.00000e+00
  1.21e-01	  4.82e-02	0.00000e+00
  1.21e-01	  4.87e-02	0.00000e+00
  1.21e-01	  4.92e-02	0.00000e+00
  1.21e-01	  4.97e-02	0.00000e+00

  1.22e-01	  2.60e-04	0.00000e+00
  1.22e-01	  7.81e-04	0.00000e+00
  1.22e-01	  1.30e-03	0.00000e+00
  1.22e-01	  1.82e-03	0.00000e+00
  1.22e-01	  2.34e-03	0.00000e+00
  1.22e-01	  2.86e-03	0.00000e+00
  1.22e-01	  3.39e-03	0.00000e+00
  1.22e-01	  3.91e-03	0.00000e+00
  1.22e-01	  4.43e-03	0.00000e+00
  1.22e-01	  4.95e-03	1.26689e-296
  1.22e-01	  5.47e-03	8.44888e-264
  1.22e-01	  5.99e-03	5.63455e-231
  1.22e-01	  6.51e-03	3.75768e-198
  1.22e-01	  7.03e-03	2.50599e-165
  1.22e-01	  7.55e-03	1.67124e-132
  1.22e-01	  8.07e-03	1.11455e-99
  1.22e-01	  8.59e-03	7.43287e-67
  1.22e-01	  9.11e-03	4.95695e-34
  1.22e-01	  9.64e-03	1.44671e-01
  1.22e-01	  1.02e-02	1.47574e-01
  1.22e-01	  1.07e-02	1.49429e-01
  1.22e-01	  1.12e-02	1.51638e-01
  1.22e-01	  1.17e-02	1.54169e-01
  1.22e-01	  1.22e-02	1.56978e-01
  1.22e-01	  1.28e-02	1.60017e-01
  1.22e-01	  1.33e-02	1.63234e-01
  1.22e-01	  1.38e-02	1.66577e-01
  1.22e-01	  1.43e-02	1.69997e-01
  1.22e-01	  1.48e-02	1.73448e-01
  1.22e-01	  1.54e-02	1.76894e-01
  1.22e-01	  1.59e-02	1.80305e-01
  1.22e-01	  1.64e-02	1.83660e-01
  1.22e-01	  1.69e-02	1.86946e-01
  1.22e-01	  1.74e-02	1.90154e-01
  1.22e-01	  1.80e-02	1.93280e-01
  1.22e-01	  1.85e-02	1.96324e-01
  1.22e-01	  1.90e-02	1.99283e-01
  1.22e-01	  1.95e-02	2.02152e-01
  1.22e-01	  2.01e-02	2.04925e-01
  1.22e-01	  2.06e-02	2.07590e-01
  1.22e-01	  2.11e-02	2.10130e-01
  1.22e-01	  2.16e-02	2.12526e-01
  1.22e-01	  2.21e-02	2.14755e-01
  1.22e-01	  2.27e-02	2.16794e-01
  1.22e-01	  2.32e-02	2.18622e-01
  1.22e-01	  2.37e-02	2.20221e-01
  1.22e-01	  2.42e-02	2.21579e-01
  1.22e-01	  2.47e-02	2.22691e-01
  1.22e-01	  2.53e-02	2.23559e-01
  1.22e-01	  2.58e-02	2.24194e-01
  1.22e-01	  2.63e-02	2.24611e-01
  1.22e-01	  2.68e-02	2.24833e-01
  1.22e-01	  2.73e-02	2.24882e-01
  1.22e-01	  2.79e-02	2.24783e-01
  1.22e-01	  2.84e-02	2.24557e-01
  1.22e-01	  2.89e-02	2.24221e-01
  1.22e-01	  2.94e-02	2.23785e-01
  1.22e-01	  2.99e-02	2.23252e-01
  1.22e-01	  3.05e-02	2.22615e-01
  1.22e-01	  3.10e-02	2.21863e-01
  1.22e-01	  3.15e-02	2.20978e-01
  1.22e-01	  3.20e-02	2.19940e-01
  1.22e-01	  3.26e-02	2.18730e-01
  1.22e-01	  3.31e-02	2.17332e-01
  1.22e-01	  3.36e-02	2.15736e-01
  1.22e-01	  3.41e-02	2.13941e-01
  1.22e-01	  3.46e-02	2.11960e-01
  1.22e-01	  3.52e-02	2.09813e-01
  1.22e-01	  3.57e-02	2.07535e-01
  1.22e-01	  3.62e-02	2.05170e-01
  1.22e-01	  3.67e-02	2.02769e-01
  1.22e-01	  3.72e-02	2.00387e-01
  1.22e-01	  3.78e-02	1.98078e-01
  1.22e-01	  3.83e-02	1.95894e-01
  1.22e-01	  3.88e-02	1.93876e-01
  1.22e-01	  3.93e-02	1.92051e-01
  1.22e-01	  3.98e-02	1.88856e-01
  1.22e-01	  4.04e-02	6.98944e-34
  1.22e-01	  4.09e-02	1.04800e-66
  1.22e-01	  4.14e-02	1.57138e-99
  1.22e-01	  4.19e-02	2.35613e-132
  1.22e-01	  4.24e-02	3.53279e-165
  1.22e-01	  4.30e-02	5.29706e-198
  1.22e-01	  4.35e-02	7.94239e-231
  1.22e-01	  4.40e-02	1.19088e-263
  1.22e-01	  4.45e-02	1.78559e-296
  1.22e-01	  4.51e-02	0.00000e+00
  1.22e-01	  4.56e-02	0.00000e+00
  1.22e-01	  4.61e-02	0.00000e+00
  1.22e-01	  4.66e-02	0.00000e+00
  1.22e-01	  4.71e-02	0.00000e+00
  1.22e-01	  4.77e-02	0.00000e+00
  1.22e-01	  4.82e-02	0.00000e+00
  1.22e-01	  4.87e-02	0.00000e+00
  1.22e-01	  4.92e-02	0.00000e+00
  1.22e-01	  4.97e-02	0.00000e+00

  1.23e-01	  2.60e-04	0.00000e+00
  1.23e-01	  7.81e-04	0.00000e+00
  1.23e-01	  1.30e-03	0.00000e+00
  1.23e-01	  1.82e-03	0.00000e+00
  1.23e-01	  2.34e-03	0.00000e+00
  1.23e-01	  2.86e-03	0.00000e+00
  1.23e-01	  3.39e-03	0.00000e+00
  1.23e-01	  3.91e-03	0.00000e+00
  1.23e-01	  4.43e-03	0.00000e+00
  1.23e-01	  4.95e-03	1.27722e-296
  1.23e-01	  5.47e-03	8.51780e-264
  1.23e-01	  5.99e-03	5.68051e-231
  1.23e-01	  6.51e-03	3.78832e-198
  1.23e-01	  7.03e-03	2.52643e-165
  1.23e-01	  7.55e-03	1.68487e-132
  1.23e-01	  8.07e-03	1.12364e-99
  1.23e-01	  8.59e-03	7.49350e-67
  1.23e-01	  9.11e-03	4.99739e-34
  1.23e-01	  9.64e-03	1.45590e-01
  1.23e-01	  1.02e-02	1.48609e-01
  1.23e-01	  1.07e-02	1.50483e-01
  1.23e-01	  1.12e-02	1.52672e-01
  1.23e-01	  1.17e-02	1.55149e-01
  1.23e-01	  1.22e-02	1.57877e-01
  1.23e-01	  1.28e-02	1.60817e-01
  1.23e-01	  1.33e-02	1.63923e-01
  1.23e-01	  1.38e-02	1.67151e-01
  1.23e-01	  1.43e-02	1.70458e-01
  1.23e-01	  1.48e-02	1.73805e-01
  1.23e-01	  1.54e-02	1.77159e-01
  1.23e-01	  1.59e-02	1.80491e-01
  1.23e-01	  1.64e-02	1.83781e-01
  1.23e-01	  1.69e-02	1.87013e-01
  1.23e-01	  1.74e-02	1.90176e-01
  1.23e-01	  1.80e-02	1.93263e-01
  1.23e-01	  1.85e-02	1.96268e-01
  1.23e-01	  1.90e-02	1.99186e-01
  1.23e-01	  1.95e-02	2.02011e-01
  1.23e-01	  2.01e-02	2.04732e-01
  1.23e-01	  2.06e-02	2.07339e-01
  1.23e-01	  2.11e-02	2.09816e-01
  1.23e-01	  2.16e-02	2.12146e-01
  1.23e-01	  2.21e-02	2.14309e-01
  1.23e-01	  2.27e-02	2.16288e-01
  1.23e-01	  2.32e-02	2.18064e-01
  1.23e-01	  2.37e-02	2.19625e-01
  1.23e-01	  2.42e-02	2.20959e-01
  1.23e-01	  2.47e-02	2.22065e-01
  1.23e-01	  2.53e-02	2.22943e-01
  1.23e-01	  2.58e-02	2.23602e-01
  1.23e-01	  2.63e-02	2.24055e-01
  1.23e-01	  2.68e-02	2.24320e-01
  1.23e-01	  2.73e-02	2.24415e-01
  1.23e-01	  2.79e-02	2.24359e-01
  1.23e-01	  2.84e-02	2.24170e-01
  1.23e-01	  2.89e-02	2.23861e-01
  1.23e-01	  2.94e-02	2.23440e-01
  1.23e-01	  2.99e-02	2.22909e-01
  1.23e-01	  3.05e-02	2.22265e-01
  1.23e-01	  3.10e-02	2.21499e-01
  1.23e-01	  3.15e-02	2.20598e-01
  1.23e-01	  3.20e-02	2.19549e-01
  1.23e-01	  3.26e-02	2.18336e-01
  1.23e-01	  3.31e-02	2.16951e-01
  1.23e-01	  3.36e-02	2.15388e-01
  1.23e-01	  3.41e-02	2.13648e-01
  1.23e-01	  3.46e-02	2.11744e-01
  1.23e-01	  3.52e-02	2.09695e-01
  1.23e-01	  3.57e-02	2.07532e-01
  1.23e-01	  3.62e-02	2.05290e-01
  1.23e-01	  3.67e-02	2.03014e-01
  1.23e-01	  3.72e-02	2.00748e-01
  1.23e-01	  3.78e-02	1.98537e-01
  1.23e-01	  3.83e-02	1.96421e-01
  1.23e-01	  3.88e-02	1.94432e-01
  1.23e-01	  3.93e-02	1.92592e-01
  1.23e-01	  3.98e-02	1.89274e-01
  1.23e-01	  4.04e-02	7.00958e-34
  1.23e-01	  4.09e-02	1.05102e-66
  1.23e-01	  4.14e-02	1.57591e-99
  1.23e-01	  4.19e-02	2.36293e-132
  1.23e-01	  4.24e-02	3.54299e-165
  1.23e-01	  4.30e-02	5.31237e-198
  1.23e-01	  4.35e-02	7.96536e-231
  1.23e-01	  4.40e-02	1.19432e-263
  1.23e-01	  4.45e-02	1.79077e-296
  1.23e-01	  4.51e-02	0.00000e+00
  1.23e-01	  4.56e-02	0.00000e+00
  1.23e-01	  4.61e-02	0.00000e+00
  1.23e-01	  4.66e-02	0.00000e+00
  1.23e-01	  4.71e-02	0.00000e+00
  1.23e-01	  4.77e-02	0.00000e+00
  1.23e-01	  4.82e-02	0.00000e+00
  1.23e-01	  4.87e-02	0.00000e+00
  1.23e-01	  4.92e-02	0.00000e+00
  1.23e-01	  4.97e-02	0.00000e+00

  1.23e-01	  2.60e-04	0.00000e+00
  1.23e-01	  7.81e-04	0.00000e+00
  1.23e-01	  1.30e-03	0.00000e+00
  1.23e-01	  1.82e-03	0.00000e+00
  1.23e-01	  2.34e-03	0.00000e+00
  1.23e-01	  2.86e-03	0.00000e+00
  1.23e-01	  3.39e-03	0.00000e+00
  1.23e-01	  3.91e-03	0.00000e+00
  1.23e-01	  4.43e-03	0.00000e+00
  1.23e-01	  4.95e-03	1.28615e-296
  1.23e-01	  5.47e-03	8.57730e-264
  1.23e-01	  5.99e-03	5.72019e-231
  1.23e-01	  6.51e-03	3.81479e-198
  1.23e-01	  7.03e-03	2.54408e-165
  1.23e-01	  7.55e-03	1.69665e-132
  1.23e-01	  8.07e-03	1.13149e-99
  1.23e-01	  8.59e-03	7.54590e-67
  1.23e-01	  9.11e-03	5.03234e-34
  1.23e-01	  9.64e-03	1.46383e-01
  1.23e-01	  1.02e-02	1.49524e-01
  1.23e-01	  1.07e-02	1.51426e-01
  1.23e-01	  1.12e-02	1.53608e-01
  1.23e-01	  1.17e-02	1.56048e-01
  1.23e-01	  1.22e-02	1.58716e-01
  1.23e-01	  1.28e-02	1.61576e-01
  1.23e-01	  1.33e-02	1.64592e-01
  1.23e-01	  1.38e-02	1.67724e-01
  1.23e-01	  1.43e-02	1.70935e-01
  1.23e-01	  1.48e-02	1.74191e-01
  1.23e-01	  1.54e-02	1.77461e-01
  1.23e-01	  1.59e-02	1.80718e-01
  1.23e-01	  1.64e-02	1.83943e-01
  1.23e-01	  1.69e-02	1.87118e-01
  1.23e-01	  1.74e-02	1.90231e-01
  1.23e-01	  1.80e-02	1.93272e-01
  1.23e-01	  1.85e-02	1.96233e-01
  1.23e-01	  1.90e-02	1.99107e-01
  1.23e-01	  1.95e-02	2.01883e-01
  1.23e-01	  2.01e-02	2.04553e-01
  1.23e-01	  2.06e-02	2.07105e-01
  1.23e-01	  2.11e-02	2.09524e-01
  1.23e-01	  2.16e-02	2.11795e-01
  1.23e-01	  2.21e-02	2.13902e-01
  1.23e-01	  2.27e-02	2.15829e-01
  1.23e-01	  2.32e-02	2.17561e-01
  1.23e-01	  2.37e-02	2.19088e-01
  1.23e-01	  2.42e-02	2.20401e-01
  1.23e-01	  2.47e-02	2.21499e-01
  1.23e-01	  2.53e-02	2.22382e-01
  1.23e-01	  2.58e-02	2.23059e-01
  1.23e-01	  2.63e-02	2.23539e-01
  1.23e-01	  2.68e-02	2.23836e-01
  1.23e-01	  2.73e-02	2.23967e-01
  1.23e-01	  2.79e-02	2.23945e-01
  1.23e-01	  2.84e-02	2.23786e-01
  1.23e-01	  2.89e-02	2.23500e-01
  1.23e-01	  2.94e-02	2.23093e-01
  1.23e-01	  2.99e-02	2.22569e-01
  1.23e-01	  3.05e-02	2.21925e-01
  1.23e-01	  3.10e-02	2.21155e-01
  1.23e-01	  3.15e-02	2.20249e-01
  1.23e-01	  3.20e-02	2.19199e-01
  1.23e-01	  3.26e-02	2.17994e-01
  1.23e-01	  3.31e-02	2.16628e-01
  1.23e-01	  3.36e-02	2.15099e-01
  1.23e-01	  3.41e-02	2.13411e-01
  1.23e-01	  3.46e-02	2.11576e-01
  1.23e-01	  3.52e-02	2.09611e-01
  1.23e-01	  3.57e-02	2.07542e-01
  1.23e-01	  3.62e-02	2.05401e-01
  1.23e-01	  3.67e-02	2.03224e-01
  1.23e-01	  3.72e-02	2.01049e-01
  1.23e-01	  3.78e-02	1.98910e-01
  1.23e-01	  3.83e-02	1.96841e-01
  1.23e-01	  3.88e-02	1.94867e-01
  1.23e-01	  3.93e-02	1.93000e-01
  1.23e-01	  3.98e-02	1.89552e-01
  1.23e-01	  4.04e-02	7.02301e-34
  1.23e-01	  4.09e-02	1.05304e-66
  1.23e-01	  4.14e-02	1.57894e-99
  1.23e-01	  4.19e-02	2.36747e-132
  1.23e-01	  4.24e-02	3.54979e-165
  1.23e-01	  4.30e-02	5.32256e-198
  1.23e-01	  4.35e-02	7.98065e-231
  1.23e-01	  4.40e-02	1.19662e-263
  1.23e-01	  4.45e-02	1.79421e-296
  1.23e-01	  4.51e-02	0.00000e+00
  1.23e-01	  4.56e-02	0.00000e+00
  1.23e-01	  4.61e-02	0.00000e+00
  1.23e-01	  4.66e-02	0.00000e+00
  1.23e-01	  4.71e-02	0.00000e+00
  1.23e-01	  4.77e-02	0.00000e+00
  1.23e-01	  4.82e-02	0.00000e+00
  1.23e-01	  4.87e-02	0.00000e+00
  1.23e-01	  4.92e-02	0.00000e+00
  1.23e-01	  4.97e-02	0.00000e+00

  1.24e-01	  2.60e-04	0.00000e+00
  1.24e-01	  7.81e-04	0.00000e+00
  1.24e-01	  1.30e-03	0.00000e+00
  1.24e-01	  1.82e-03	0.00000e+00
  1.24e-01	  2.34e-03	0.00000e+00
  1.24e-01	  2.86e-03	0.00000e+00
  1.24e-01	  3.39e-03	0.00000e+00
  1.24e-01	  3.91e-03	0.00000e+00
  1.24e-01	  4.43e-03	0.00000e+00
  1.24e-01	  4.95e-03	1.29384e-296
  1.24e-01	  5.47e-03	8.62865e-264
  1.24e-01	  5.99e-03	5.75445e-231
  1.24e-01	  6.51e-03	3.83765e-198
  1.24e-01	  7.03e-03	2.55933e-165
  1.24e-01	  7.55e-03	1.70682e-132
  1.24e-01	  8.07e-03	1.13828e-99
  1.24e-01	  8.59e-03	7.59117e-67
  1.24e-01	  9.11e-03	5.06255e-34
  1.24e-01	  9.64e-03	1.47068e-01
  1.24e-01	  1.02e-02	1.50336e-01
  1.24e-01	  1.07e-02	1.52274e-01
  1.24e-01	  1.12e-02	1.54461e-01
  1.24e-01	  1.17e-02	1.56878e-01
  1.24e-01	  1.22e-02	1.59500e-01
  1.24e-01	  1.28e-02	1.62298e-01
  1.24e-01	  1.33e-02	1.65239e-01
  1.24e-01	  1.38e-02	1.68290e-01
  1.24e-01	  1.43e-02	1.71419e-01
  1.24e-01	  1.48e-02	1.74594e-01
  1.24e-01	  1.54e-02	1.77787e-01
  1.24e-01	  1.59e-02	1.80975e-01
  1.24e-01	  1.64e-02	1.84136e-01
  1.24e-01	  1.69e-02	1.87253e-01
  1.24e-01	  1.74e-02	1.90314e-01
  1.24e-01	  1.80e-02	1.93306e-01
  1.24e-01	  1.85e-02	1.96219e-01
  1.24e-01	  1.90e-02	1.99045e-01
  1.24e-01	  1.95e-02	2.01773e-01
  1.24e-01	  2.01e-02	2.04393e-01
  1.24e-01	  2.06e-02	2.06892e-01
  1.24e-01	  2.11e-02	2.09257e-01
  1.24e-01	  2.16e-02	2.11475e-01
  1.24e-01	  2.21e-02	2.13531e-01
  1.24e-01	  2.27e-02	2.15412e-01
  1.24e-01	  2.32e-02	2.17105e-01
  1.24e-01	  2.37e-02	2.18602e-01
  1.24e-01	  2.42e-02	2.19896e-01
  1.24e-01	  2.47e-02	2.20985e-01
  1.24e-01	  2.53e-02	2.21871e-01
  1.24e-01	  2.58e-02	2.22559e-01
  1.24e-01	  2.63e-02	2.23059e-01
  1.24e-01	  2.68e-02	2.23381e-01
  1.24e-01	  2.73e-02	2.23539e-01
  1.24e-01	  2.79e-02	2.23545e-01
  1.24e-01	  2.84e-02	2.23410e-01
  1.24e-01	  2.89e-02	2.23144e-01
  1.24e-01	  2.94e-02	2.22752e-01
  1.24e-01	  2.99e-02	2.22237e-01
  1.24e-01	  3.05e-02	2.21598e-01
  1.24e-01	  3.10e-02	2.20830e-01
  1.24e-01	  3.15e-02	2.19928e-01
  1.24e-01	  3.20e-02	2.18884e-01
  1.24e-01	  3.26e-02	2.17693e-01
  1.24e-01	  3.31e-02	2.16350e-01
  1.24e-01	  3.36e-02	2.14856e-01
  1.24e-01	  3.41e-02	2.13217e-01
  1.24e-01	  3.46e-02	2.11442e-01
  1.24e-01	  3.52e-02	2.09548e-01
  1.24e-01	  3.57e-02	2.07559e-01
  1.24e-01	  3.62e-02	2.05500e-01
  1.24e-01	  3.67e-02	2.03402e-01
  1.24e-01	  3.72e-02	2.01296e-01
  1.24e-01	  3.78e-02	1.99211e-01
  1.24e-01	  3.83e-02	1.97173e-01
  1.24e-01	  3.88e-02	1.95199e-01
  1.24e-01	  3.93e-02	1.93298e-01
  1.24e-01	  3.98e-02	1.89713e-01
  1.24e-01	  4.04e-02	7.03079e-34
  1.24e-01	  4.09e-02	1.05420e-66
  1.24e-01	  4.14e-02	1.58068e-99
  1.24e-01	  4.19e-02	2.37008e-132
  1.24e-01	  4.24e-02	3.55371e-165
  1.24e-01	  4.30e-02	5.32844e-198
  1.24e-01	  4.35e-02	7.98946e-231
  1.24e-01	  4.40e-02	1.19794e-263
  1.24e-01	  4.45e-02	1.79618e-296
  1.24e-01	  4.51e-02	0.00000e+00
  1.24e-01	  4.56e-02	0.00000e+00
  1.24e-01	  4.61e-02	0.00000e+00
  1.24e-01	  4.66e-02	0.00000e+00
  1.24e-01	  4.71e-02	0.00000e+00
  1.24e-01	  4.77e-02	0.00000e+00
  1.24e-01	  4.82e-02	0.00000e+00
  1.24e-01	  4.87e-02	0.00000e+00
  1.24e-01	  4.92e-02	0.00000e+00
  1.24e-01	  4.97e-02	0.00000e+00

  1.25e-01	  2.60e-04	0.00000e+00
  1.25e-01	  7.81e-04	0.00000e+00
  1.25e-01	  1.30e-03	0.00000e+00
  1.25e-01	  1.82e-03	0.00000e+00
  1.25e-01	  2.34e-03	0.00000e+00
  1.25e-01	  2.86e-03	0.00000e+00
  1.25e-01	  3.39e-03	0.00000e+00
  1.25e-01	  3.91e-03	0.00000e+00
  1.25e-01	  4.43e-03	0.00000e+00
  1.25e-01	  4.95e-03	1.30047e-296
  1.25e-01	  5.47e-03	8.67285e-264
  1.25e-01	  5.99e-03	5.78394e-231
  1.25e-01	  6.51e-03	3.85733e-198
  1.25e-01	  7.03e-03	2.57246e-165
  1.25e-01	  7.55e-03	1.71558e-132
  1.25e-01	  8.07e-03	1.14413e-99
  1.25e-01	  8.59e-03	7.63020e-67
  1.25e-01	  9.11e-03	5.08860e-34
  1.25e-01	  9.64e-03	1.47657e-01
  1.25e-01	  1.02e-02	1.51060e-01
  1.25e-01	  1.07e-02	1.53040e-01
  1.25e-01	  1.12e-02	1.55240e-01
  1.25e-01	  1.17e-02	1.57645e-01
  1.25e-01	  1.22e-02	1.60234e-01
  1.25e-01	  1.28e-02	1.62983e-01
  1.25e-01	  1.33e-02	1.65864e-01
  1.25e-01	  1.38e-02	1.68847e-01
  1.25e-01	  1.43e-02	1.71904e-01
  1.25e-01	  1.48e-02	1.75007e-01
  1.25e-01	  1.54e-02	1.78131e-01
  1.25e-01	  1.59e-02	1.81252e-01
  1.25e-01	  1.64e-02	1.84352e-01
  1.25e-01	  1.69e-02	1.87412e-01
  1.25e-01	  1.74e-02	1.90419e-01
  1.25e-01	  1.80e-02	1.93360e-01
  1.25e-01	  1.85e-02	1.96225e-01
  1.25e-01	  1.90e-02	1.99002e-01
  1.25e-01	  1.95e-02	2.01681e-01
  1.25e-01	  2.01e-02	2.04251e-01
  1.25e-01	  2.06e-02	2.06700e-01
  1.25e-01	  2.11e-02	2.09015e-01
  1.25e-01	  2.16e-02	2.11184e-01
  1.25e-01	  2.21e-02	2.13194e-01
  1.25e-01	  2.27e-02	2.15034e-01
  1.25e-01	  2.32e-02	2.16692e-01
  1.25e-01	  2.37e-02	2.18162e-01
  1.25e-01	  2.42e-02	2.19437e-01
  1.25e-01	  2.47e-02	2.20517e-01
  1.25e-01	  2.53e-02	2.21402e-01
  1.25e-01	  2.58e-02	2.22098e-01
  1.25e-01	  2.63e-02	2.22612e-01
  1.25e-01	  2.68e-02	2.22953e-01
  1.25e-01	  2.73e-02	2.23133e-01
  1.25e-01	  2.79e-02	2.23160e-01
  1.25e-01	  2.84e-02	2.23046e-01
  1.25e-01	  2.89e-02	2.22798e-01
  1.25e-01	  2.94e-02	2.22421e-01
  1.25e-01	  2.99e-02	2.21917e-01
  1.25e-01	  3.05e-02	2.21286e-01
  1.25e-01	  3.10e-02	2.20525e-01
  1.25e-01	  3.15e-02	2.19631e-01
  1.25e-01	  3.20e-02	2.18599e-01
  1.25e-01	  3.26e-02	2.17425e-01
  1.25e-01	  3.31e-02	2.16108e-01
  1.25e-01	  3.36e-02	2.14649e-01
  1.25e-01	  3.41e-02	2.13053e-01
  1.25e-01	  3.46e-02	2.11332e-01
  1.25e-01	  3.52e-02	2.09500e-01
  1.25e-01	  3.57e-02	2.07576e-01
  1.25e-01	  3.62e-02	2.05585e-01
  1.25e-01	  3.67e-02	2.03550e-01
  1.25e-01	  3.72e-02	2.01497e-01
  1.25e-01	  3.78e-02	1.99450e-01
  1.25e-01	  3.83e-02	1.97429e-01
  1.25e-01	  3.88e-02	1.95445e-01
  1.25e-01	  3.93e-02	1.93503e-01
  1.25e-01	  3.98e-02	1.89774e-01
  1.25e-01	  4.04e-02	7.03376e-34
  1.25e-01	  4.09e-02	1.05465e-66
  1.25e-01	  4.14e-02	1.58134e-99
  1.25e-01	  4.19e-02	2.37107e-132
  1.25e-01	  4.24e-02	3.55518e-165
  1.25e-01	  4.30e-02	5.33064e-198
  1.25e-01	  4.35e-02	7.99274e-231
  1.25e-01	  4.40e-02	1.19843e-263
  1.25e-01	  4.45e-02	1.79691e-296
  1.25e-01	  4.51e-02	0.00000e+00
  1.25e-01	  4.56e-02	0.00000e+00
  1.25e-01	  4.61e-02	0.00000e+00
  1.25e-01	  4.66e-02	0.00000e+00
  1.25e-01	  4.71e-02	0.00000e+00
  1.25e-01	  4.77e-02	0.00000e+00
  1.25e-01	  4.82e-02	0.00000e+00
  1.25e-01	  4.87e-02	0.00000e+00
  1.25e-01	  4.92e-02	0.00000e+00
  1.25e-01	  4.97e-02	0.00000e+00

  1.26e-01	  2.60e-04	0.00000e+00
  1.26e-01	  7.81e-04	0.00000e+00
  1.26e-01	  1.30e-03	0.00000e+00
  1.26e-01	  1.82e-03	0.00000e+00
  1.26e-01	  2.34e-03	0.00000e+00
  1.26e-01	  2.86e-03	0.00000e+00
  1.26e-01	  3.39e-03	0.00000e+00
  1.26e-01	  3.91e-03	0.00000e+00
  1.26e-01	  4.43e-03	0.00000e+00
  1.26e-01	  4.95e-03	1.30614e-296
  1.26e-01	  5.47e-03	8.71069e-264
  1.26e-01	  5.99e-03	5.80921e-231
  1.26e-01	  6.51e-03	3.87419e-198
  1.26e-01	  7.03e-03	2.58372e-165
  1.26e-01	  7.55e-03	1.72310e-132
  1.26e-01	  8.07e-03	1.14914e-99
  1.26e-01	  8.59e-03	7.66368e-67
  1.26e-01	  9.11e-03	5.11095e-34
  1.26e-01	  9.64e-03	1.48162e-01
  1.26e-01	  1.02e-02	1.51707e-01
  1.26e-01	  1.07e-02	1.53734e-01
  1.26e-01	  1.12e-02	1.55955e-01
  1.26e-01	  1.17e-02	1.58357e-01
  1.26e-01	  1.22e-02	1.60923e-01
  1.26e-01	  1.28e-02	1.63634e-01
  1.26e-01	  1.33e-02	1.66465e-01
  1.26e-01	  1.38e-02	1.69390e-01
  1.26e-01	  1.43e-02	1.72385e-01
  1.26e-01	  1.48e-02	1.75424e-01
  1.26e-01	  1.54e-02	1.78484e-01
  1.26e-01	  1.59e-02	1.81544e-01
  1.26e-01	  1.64e-02	1.84585e-01
  1.26e-01	  1.69e-02	1.87589e-01
  1.26e-01	  1.74e-02	1.90543e-01
  1.26e-01	  1.80e-02	1.93434e-01
  1.26e-01	  1.85e-02	1.96248e-01
  1.26e-01	  1.90e-02	1.98977e-01
  1.26e-01	  1.95e-02	2.01607e-01
  1.26e-01	  2.01e-02	2.04129e-01
  1.26e-01	  2.06e-02	2.06530e-01
  1.26e-01	  2.11e-02	2.08798e-01
  1.26e-01	  2.16e-02	2.10922e-01
  1.26e-01	  2.21e-02	2.12890e-01
  1.26e-01	  2.27e-02	2.14691e-01
  1.26e-01	  2.32e-02	2.16317e-01
  1.26e-01	  2.37e-02	2.17761e-01
  1.26e-01	  2.42e-02	2.19019e-01
  1.26e-01	  2.47e-02	2.20088e-01
  1.26e-01	  2.53e-02	2.20971e-01
  1.26e-01	  2.58e-02	2.21672e-01
  1.26e-01	  2.63e-02	2.22196e-01
  1.26e-01	  2.68e-02	2.22551e-01
  1.26e-01	  2.73e-02	2.22748e-01
  1.26e-01	  2.79e-02	2.22794e-01
  1.26e-01	  2.84e-02	2.22697e-01
  1.26e-01	  2.89e-02	2.22465e-01
  1.26e-01	  2.94e-02	2.22101e-01
  1.26e-01	  2.99e-02	2.21609e-01
  1.26e-01	  3.05e-02	2.20989e-01
  1.26e-01	  3.10e-02	2.20239e-01
  1.26e-01	  3.15e-02	2.19357e-01
  1.26e-01	  3.20e-02	2.18340e-01
  1.26e-01	  3.26e-02	2.17186e-01
  1.26e-01	  3.31e-02	2.15895e-01
  1.26e-01	  3.36e-02	2.14469e-01
  1.26e-01	  3.41e-02	2.12914e-01
  1.26e-01	  3.46e-02	2.11240e-01
  1.26e-01	  3.52e-02	2.09460e-01
  1.26e-01	  3.57e-02	2.07592e-01
  1.26e-01	  3.62e-02	2.05655e-01
  1.26e-01	  3.67e-02	2.03669e-01
  1.26e-01	  3.72e-02	2.01657e-01
  1.26e-01	  3.78e-02	1.99636e-01
  1.26e-01	  3.83e-02	1.97620e-01
  1.26e-01	  3.88e-02	1.95619e-01
  1.26e-01	  3.93e-02	1.93628e-01
  1.26e-01	  3.98e-02	1.89749e-01
  1.26e-01	  4.04e-02	7.03259e-34
  1.26e-01	  4.09e-02	1.05447e-66
  1.26e-01	  4.14e-02	1.58107e-99
  1.26e-01	  4.19e-02	2.37065e-132
  1.26e-01	  4.24e-02	3.55455e-165
  1.26e-01	  4.30e-02	5.32967e-198
  1.26e-01	  4.35e-02	7.99126e-231
  1.26e-01	  4.40e-02	1.19820e-263
  1.26e-01	  4.45e-02	1.79657e-296
  1.26e-01	  4.51e-02	0.00000e+00
  1.26e-01	  4.56e-02	0.00000e+00
  1.26e-01	  4.61e-02	0.00000e+00
  1.26e-01	  4.66e-02	0.00000e+00
  1.26e-01	  4.71e-02	0.00000e+00
  1.26e-01	  4.77e-02	0.00000e+00
  1.26e-01	  4.82e-02	0.00000e+00
  1.26e-01	  4.87e-02	0.00000e+00
  1.26e-01	  4.92e-02	0.00000e+00
  1.26e-01	  4.97e-02	0.00000e+00

  1.27e-01	  2.60e-04	0.00000e+00
  1.27e-01	  7.81e-04	0.00000e+00
  1.27e-01	  1.30e-03	0.00000e+00
  1.27e-01	  1.82e-03	0.00000e+00
  1.27e-01	  2.34e-03	0.00000e+00
  1.27e-01	  2.86e-03	0.00000e+00
  1.27e-01	  3.39e-03	0.00000e+00
  1.27e-01	  3.91e-03	0.00000e+00
  1.27e-01	  4.43e-03	0.00000e+00
  1.27e-01	  4.95e-03	1.31095e-296
  1.27e-01	  5.47e-03	8.74283e-264
  1.27e-01	  5.99e-03	5.83066e-231
  1.27e-01	  6.51e-03	3.88852e-198
  1.27e-01	  7.03e-03	2.59329e-165
  1.27e-01	  7.55e-03	1.72949e-132
  1.27e-01	  8.07e-03	1.15341e-99
  1.27e-01	  8.59e-03	7.69218e-67
  1.27e-01	  9.11e-03	5.12998e-34
  1.27e-01	  9.64e-03	1.48592e-01
  1.27e-01	  1.02e-02	1.52286e-01
  1.27e-01	  1.07e-02	1.54366e-01
  1.27e-01	  1.12e-02	1.56613e-01
  1.27e-01	  1.17e-02	1.59019e-01
  1.27e-01	  1.22e-02	1.61572e-01
  1.27e-01	  1.28e-02	1.64253e-01
  1.27e-01	  1.33e-02	1.67043e-01
  1.27e-01	  1.38e-02	1.69919e-01
  1.27e-01	  1.43e-02	1.72860e-01
  1.27e-01	  1.48e-02	1.75842e-01
  1.27e-01	  1.54e-02	1.78844e-01
  1.27e-01	  1.59e-02	1.81846e-01
  1.27e-01	  1.64e-02	1.84830e-01
  1.27e-01	  1.69e-02	1.87781e-01
  1.27e-01	  1.74e-02	1.90683e-01
  1.27e-01	  1.80e-02	1.93523e-01
  1.27e-01	  1.85e-02	1.96288e-01
  1.27e-01	  1.90e-02	1.98968e-01
  1.27e-01	  1.95e-02	2.01551e-01
  1.27e-01	  2.01e-02	2.04026e-01
  1.27e-01	  2.06e-02	2.06381e-01
  1.27e-01	  2.11e-02	2.08604e-01
  1.27e-01	  2.16e-02	2.10686e-01
  1.27e-01	  2.21e-02	2.12614e-01
  1.27e-01	  2.27e-02	2.14381e-01
  1.27e-01	  2.32e-02	2.15977e-01
  1.27e-01	  2.37e-02	2.17397e-01
  1.27e-01	  2.42e-02	2.18637e-01
  1.27e-01	  2.47e-02	2.19696e-01
  1.27e-01	  2.53e-02	2.20575e-01
  1.27e-01	  2.58e-02	2.21277e-01
  1.27e-01	  2.63e-02	2.21808e-01
  1.27e-01	  2.68e-02	2.22174e-01
  1.27e-01	  2.73e-02	2.22384e-01
  1.27e-01	  2.79e-02	2.22445e-01
  1.27e-01	  2.84e-02	2.22363e-01
  1.27e-01	  2.89e-02	2.22146e-01
  1.27e-01	  2.94e-02	2.21796e-01
  1.27e-01	  2.99e-02	2.21316e-01
  1.27e-01	  3.05e-02	2.20708e-01
  1.27e-01	  3.10e-02	2.19971e-01
  1.27e-01	  3.15e-02	2.19103e-01
  1.27e-01	  3.20e-02	2.18103e-01
  1.27e-01	  3.26e-02	2.16970e-01
  1.27e-01	  3.31e-02	2.15704e-01
  1.27e-01	  3.36e-02	2.14310e-01
  1.27e-01	  3.41e-02	2.12792e-01
  1.27e-01	  3.46e-02	2.11160e-01
  1.27e-01	  3.52e-02	2.09426e-01
  1.27e-01	  3.57e-02	2.07604e-01
  1.27e-01	  3.62e-02	2.05711e-01
  1.27e-01	  3.67e-02	2.03764e-01
  1.27e-01	  3.72e-02	2.01781e-01
  1.27e-01	  3.78e-02	1.99775e-01
  1.27e-01	  3.83e-02	1.97757e-01
  1.27e-01	  3.88e-02	1.95730e-01
  1.27e-01	  3.93e-02	1.93686e-01
  1.27e-01	  3.98e-02	1.89650e-01
  1.27e-01	  4.04e-02	7.02783e-34
  1.27e-01	  4.09e-02	1.05375e-66
  1.27e-01	  4.14e-02	1.57999e-99
  1.27e-01	  4.19e-02	2.36902e-132
  1.27e-01	  4.24e-02	3.55208e-165
  1.27e-01	  4.30e-02	5.32595e-198
  1.27e-01	  4.35e-02	7.98565e-231
  1.27e-01	  4.40e-02	1.19736e-263
  1.27e-01	  4.45e-02	1.79529e-296
  1.27e-01	  4.51e-02	0.00000e+00
  1.27e-01	  4.56e-02	0.00000e+00
  1.27e-01	  4.61e-02	0.00000e+00
  1.27e-01	  4.66e-02	0.00000e+00
  1.27e-01	  4.71e-02	0.00000e+00
  1.27e-01	  4.77e-02	0.00000e+00
  1.27e-01	  4.82e-02	0.00000e+00
  1.27e-01	  4.87e-02	0.00000e+00
  1.27e-01	  4.92e-02	0.00000e+00
  1.27e-01	  4.97e-02	0.00000e+00

  1.27e-01	  2.60e-04	0.00000e+00
  1.27e-01	  7.81e-04	0.00000e+00
  1.27e-01	  1.30e-03	0.00000e+00
  1.27e-01	  1.82e-03	0.00000e+00
  1.27e-01	  2.34e-03	0.00000e+00
  1.27e-01	  2.86e-03	0.00000e+00
  1.27e-01	  3.39e-03	0.00000e+00
  1.27e-01	  3.91e-03	0.00000e+00
  1.27e-01	  4.43e-03	0.00000e+00
  1.27e-01	  4.95e-03	1.31498e-296
  1.27e-01	  5.47e-03	8.76975e-264
  1.27e-01	  5.99e-03	5.84865e-231
  1.27e-01	  6.51e-03	3.90054e-198
  1.27e-01	  7.03e-03	2.60132e-165
  1.27e-01	  7.55e-03	1.73485e-132
  1.27e-01	  8.07e-03	1.15699e-99
  1.27e-01	  8.59e-03	7.71614e-67
  1.27e-01	  9.11e-03	5.14599e-34
  1.27e-01	  9.64e-03	1.48954e-01
  1.27e-01	  1.02e-02	1.52804e-01
  1.27e-01	  1.07e-02	1.54941e-01
  1.27e-01	  1.12e-02	1.57220e-01
  1.27e-01	  1.17e-02	1.59637e-01
  1.27e-01	  1.22e-02	1.62182e-01
  1.27e-01	  1.28e-02	1.64842e-01
  1.27e-01	  1.33e-02	1.67599e-01
  1.27e-01	  1.38e-02	1.70433e-01
  1.27e-01	  1.43e-02	1.73326e-01
  1.27e-01	  1.48e-02	1.76256e-01
  1.27e-01	  1.54e-02	1.79205e-01
  1.27e-01	  1.59e-02	1.82154e-01
  1.27e-01	  1.64e-02	1.85085e-01
  1.27e-01	  1.69e-02	1.87984e-01
  1.27e-01	  1.74e-02	1.90835e-01
  1.27e-01	  1.80e-02	1.93625e-01
  1.27e-01	  1.85e-02	1.96343e-01
  1.27e-01	  1.90e-02	1.98976e-01
  1.27e-01	  1.95e-02	2.01512e-01
  1.27e-01	  2.01e-02	2.03941e-01
  1.27e-01	  2.06e-02	2.06252e-01
  1.27e-01	  2.11e-02	2.08433e-01
  1.27e-01	  2.16e-02	2.10475e-01
  1.27e-01	  2.21e-02	2.12366e-01
  1.27e-01	  2.27e-02	2.14100e-01
  1.27e-01	  2.32e-02	2.15668e-01
  1.27e-01	  2.37e-02	2.17065e-01
  1.27e-01	  2.42e-02	2.18288e-01
  1.27e-01	  2.47e-02	2.19336e-01
  1.27e-01	  2.53e-02	2.20209e-01
  1.27e-01	  2.58e-02	2.20911e-01
  1.27e-01	  2.63e-02	2.21447e-01
  1.27e-01	  2.68e-02	2.21821e-01
  1.27e-01	  2.73e-02	2.22042e-01
  1.27e-01	  2.79e-02	2.22114e-01
  1.27e-01	  2.84e-02	2.22046e-01
  1.27e-01	  2.89e-02	2.21841e-01
  1.27e-01	  2.94e-02	2.21505e-01
  1.27e-01	  2.99e-02	2.21038e-01
  1.27e-01	  3.05e-02	2.20443e-01
  1.27e-01	  3.10e-02	2.19719e-01
  1.27e-01	  3.15e-02	2.18867e-01
  1.27e-01	  3.20e-02	2.17885e-01
  1.27e-01	  3.26e-02	2.16773e-01
  1.27e-01	  3.31e-02	2.15533e-01
  1.27e-01	  3.36e-02	2.14168e-01
  1.27e-01	  3.41e-02	2.12684e-01
  1.27e-01	  3.46e-02	2.11089e-01
  1.27e-01	  3.52e-02	2.09393e-01
  1.27e-01	  3.57e-02	2.07610e-01
  1.27e-01	  3.62e-02	2.05753e-01
  1.27e-01	  3.67e-02	2.03836e-01
  1.27e-01	  3.72e-02	2.01874e-01
  1.27e-01	  3.78e-02	1.99875e-01
  1.27e-01	  3.83e-02	1.97847e-01
  1.27e-01	  3.88e-02	1.95788e-01
  1.27e-01	  3.93e-02	1.93685e-01
  1.27e-01	  3.98e-02	1.89486e-01
  1.27e-01	  4.04e-02	7.01992e-34
  1.27e-01	  4.09e-02	1.05256e-66
  1.27e-01	  4.14e-02	1.57819e-99
  1.27e-01	  4.19e-02	2.36632e-132
  1.27e-01	  4.24e-02	3.54801e-165
  1.27e-01	  4.30e-02	5.31982e-198
  1.27e-01	  4.35e-02	7.97642e-231
  1.27e-01	  4.40e-02	1.19597e-263
  1.27e-01	  4.45e-02	1.79320e-296
  1.27e-01	  4.51e-02	0.00000e+00
  1.27e-01	  4.56e-02	0.00000e+00
  1.27e-01	  4.61e-02	0.00000e+00
  1.27e-01	  4.66e-02	0.00000e+00
  1.27e-01	  4.71e-02	0.00000e+00
  1.27e-01	  4.77e-02	0.00000e+00
  1.27e-01	  4.82e-02	0.00000e+00
  1.27e-01	  4.87e-02	0.00000e+00
  1.27e-01	  4.92e-02	0.00000e+00
  1.27e-01	  4.97e-02	0.00000e+00

  1.28e-01	  2.60e-04	0.00000e+00
  1.28e-01	  7.81e-04	0.00000e+00
  1.28e-01	  1.30e-03	0.00000e+00
  1.28e-01	  1.82e-03	0.00000e+00
  1.28e-01	  2.34e-03	0.00000e+00
  1.28e-01	  2.86e-03	0.00000e+00
  1.28e-01	  3.39e-03	0.00000e+00
  1.28e-01	  3.91e-03	0.00000e+00
  1.28e-01	  4.43e-03	0.00000e+00
  1.28e-01	  4.95e-03	1.31829e-296
  1.28e-01	  5.47e-03	8.79188e-264
  1.28e-01	  5.99e-03	5.86345e-231
  1.28e-01	  6.51e-03	3.91043e-198
  1.28e-01	  7.03e-03	2.60793e-165
  1.28e-01	  7.55e-03	1.73928e-132
  1.28e-01	  8.07e-03	1.15995e-99
  1.28e-01	  8.59e-03	7.73592e-67
  1.28e-01	  9.11e-03	5.15921e-34
  1.28e-01	  9.64e-03	1.49252e-01
  1.28e-01	  1.02e-02	1.53266e-01
  1.28e-01	  1.07e-02	1.55466e-01
  1.28e-01	  1.12e-02	1.57782e-01
  1.28e-01	  1.17e-02	1.60215e-01
  1.28e-01	  1.22e-02	1.62759e-01
  1.28e-01	  1.28e-02	1.65403e-01
  1.28e-01	  1.33e-02	1.68132e-01
  1.28e-01	  1.38e-02	1.70931e-01
  1.28e-01	  1.43e-02	1.73782e-01
  1.28e-01	  1.48e-02	1.76666e-01
  1.28e-01	  1.54e-02	1.79566e-01
  1.28e-01	  1.59e-02	1.82465e-01
  1.28e-01	  1.64e-02	1.85346e-01
  1.28e-01	  1.69e-02	1.88195e-01
  1.28e-01	  1.74e-02	1.90997e-01
  1.28e-01	  1.80e-02	1.93740e-01
  1.28e-01	  1.85e-02	1.96411e-01
  1.28e-01	  1.90e-02	1.98997e-01
  1.28e-01	  1.95e-02	2.01489e-01
  1.28e-01	  2.01e-02	2.03874e-01
  1.28e-01	  2.06e-02	2.06143e-01
  1.28e-01	  2.11e-02	2.08283e-01
  1.28e-01	  2.16e-02	2.10287e-01
  1.28e-01	  2.21e-02	2.12144e-01
  1.28e-01	  2.27e-02	2.13846e-01
  1.28e-01	  2.32e-02	2.15387e-01
  1.28e-01	  2.37e-02	2.16763e-01
  1.28e-01	  2.42e-02	2.17969e-01
  1.28e-01	  2.47e-02	2.19005e-01
  1.28e-01	  2.53e-02	2.19872e-01
  1.28e-01	  2.58e-02	2.20572e-01
  1.28e-01	  2.63e-02	2.21110e-01
  1.28e-01	  2.68e-02	2.21490e-01
  1.28e-01	  2.73e-02	2.21719e-01
  1.28e-01	  2.79e-02	2.21802e-01
  1.28e-01	  2.84e-02	2.21745e-01
  1.28e-01	  2.89e-02	2.21553e-01
  1.28e-01	  2.94e-02	2.21229e-01
  1.28e-01	  2.99e-02	2.20775e-01
  1.28e-01	  3.05e-02	2.20193e-01
  1.28e-01	  3.10e-02	2.19484e-01
  1.28e-01	  3.15e-02	2.18647e-01
  1.28e-01	  3.20e-02	2.17684e-01
  1.28e-01	  3.26e-02	2.16593e-01
  1.28e-01	  3.31e-02	2.15377e-01
  1.28e-01	  3.36e-02	2.14040e-01
  1.28e-01	  3.41e-02	2.12587e-01
  1.28e-01	  3.46e-02	2.11024e-01
  1.28e-01	  3.52e-02	2.09362e-01
  1.28e-01	  3.57e-02	2.07611e-01
  1.28e-01	  3.62e-02	2.05783e-01
  1.28e-01	  3.67e-02	2.03889e-01
  1.28e-01	  3.72e-02	2.01939e-01
  1.28e-01	  3.78e-02	1.99942e-01
  1.28e-01	  3.83e-02	1.97897e-01
  1.28e-01	  3.88e-02	1.95801e-01
  1.28e-01	  3.93e-02	1.93634e-01
  1.28e-01	  3.98e-02	1.89264e-01
  1.28e-01	  4.04e-02	7.00924e-34
  1.28e-01	  4.09e-02	1.05095e-66
  1.28e-01	  4.14e-02	1.57577e-99
  1.28e-01	  4.19e-02	2.36267e-132
  1.28e-01	  4.24e-02	3.54253e-165
  1.28e-01	  4.30e-02	5.31156e-198
  1.28e-01	  4.35e-02	7.96399e-231
  1.28e-01	  4.40e-02	1.19409e-263
  1.28e-01	  4.45e-02	1.79038e-296
  1.28e-01	  4.51e-02	0.00000e+00
  1.28e-01	  4.56e-02	0.00000e+00
  1.28e-01	  4.61e-02	0.00000e+00
  1.28e-01	  4.66e-02	0.00000e+00
  1.28e-01	  4.71e-02	0.00000e+00
  1.28e-01	  4.77e-02	0.00000e+00
  1.28e-01	  4.82e-02	0.00000e+00
  1.28e-01	  4.87e-02	0.00000e+00
  1.28e-01	  4.92e-02	0.00000e+00
  1.28e-01	  4.97e-02	0.00000e+00

  1.29e-01	  2.60e-04	0.00000e+00
  1.29e-01	  7.81e-04	0.00000e+00
  1.29e-01	  1.30e-03	0.00000e+00
  1.29e-01	  1.82e-03	0.00000e+00
  1.29e-01	  2.34e-03	0.00000e+00
  1.29e-01	  2.86e-03	0.00000e+00
  1.29e-01	  3.39e-03	0.00000e+00
  1.29e-01	  3.91e-03	0.00000e+00
  1.29e-01	  4.43e-03	0.00000e+00
  1.29e-01	  4.95e-03	1.32093e-296
  1.29e-01	  5.47e-03	8.80955e-264
  1.29e-01	  5.99e-03	5.87528e-231
  1.29e-01	  6.51e-03	3.91835e-198
  1.29e-01	  7.03e-03	2.61323e-165
  1.29e-01	  7.55e-03	1.74282e-132
  1.29e-01	  8.07e-03	1.16233e-99
  1.29e-01	  8.59e-03	7.75182e-67
  1.29e-01	  9.11e-03	5.16986e-34
  1.29e-01	  9.64e-03	1.49493e-01
  1.29e-01	  1.02e-02	1.53679e-01
  1.29e-01	  1.07e-02	1.55946e-01
  1.29e-01	  1.12e-02	1.58304e-01
  1.29e-01	  1.17e-02	1.60757e-01
  1.29e-01	  1.22e-02	1.63305e-01
  1.29e-01	  1.28e-02	1.65938e-01
  1.29e-01	  1.33e-02	1.68645e-01
  1.29e-01	  1.38e-02	1.71414e-01
  1.29e-01	  1.43e-02	1.74227e-01
  1.29e-01	  1.48e-02	1.77070e-01
  1.29e-01	  1.54e-02	1.79925e-01
  1.29e-01	  1.59e-02	1.82777e-01
  1.29e-01	  1.64e-02	1.85611e-01
  1.29e-01	  1.69e-02	1.88413e-01
  1.29e-01	  1.74e-02	1.91168e-01
  1.29e-01	  1.80e-02	1.93865e-01
  1.29e-01	  1.85e-02	1.96490e-01
  1.29e-01	  1.90e-02	1.99032e-01
  1.29e-01	  1.95e-02	2.01480e-01
  1.29e-01	  2.01e-02	2.03823e-01
  1.29e-01	  2.06e-02	2.06051e-01
  1.29e-01	  2.11e-02	2.08153e-01
  1.29e-01	  2.16e-02	2.10120e-01
  1.29e-01	  2.21e-02	2.11944e-01
  1.29e-01	  2.27e-02	2.13617e-01
  1.29e-01	  2.32e-02	2.15133e-01
  1.29e-01	  2.37e-02	2.16487e-01
  1.29e-01	  2.42e-02	2.17676e-01
  1.29e-01	  2.47e-02	2.18701e-01
  1.29e-01	  2.53e-02	2.19560e-01
  1.29e-01	  2.58e-02	2.20258e-01
  1.29e-01	  2.63e-02	2.20796e-01
  1.29e-01	  2.68e-02	2.21181e-01
  1.29e-01	  2.73e-02	2.21416e-01
  1.29e-01	  2.79e-02	2.21508e-01
  1.29e-01	  2.84e-02	2.21461e-01
  1.29e-01	  2.89e-02	2.21280e-01
  1.29e-01	  2.94e-02	2.20967e-01
  1.29e-01	  2.99e-02	2.20526e-01
  1.29e-01	  3.05e-02	2.19958e-01
  1.29e-01	  3.10e-02	2.19264e-01
  1.29e-01	  3.15e-02	2.18443e-01
  1.29e-01	  3.20e-02	2.17498e-01
  1.29e-01	  3.26e-02	2.16428e-01
  1.29e-01	  3.31e-02	2.15235e-01
  1.29e-01	  3.36e-02	2.13924e-01
  1.29e-01	  3.41e-02	2.12498e-01
  1.29e-01	  3.46e-02	2.10964e-01
  1.29e-01	  3.52e-02	2.09331e-01
  1.29e-01	  3.57e-02	2.07606e-01
  1.29e-01	  3.62e-02	2.05801e-01
  1.29e-01	  3.67e-02	2.03924e-01
  1.29e-01	  3.72e-02	2.01982e-01
  1.29e-01	  3.78e-02	1.99979e-01
  1.29e-01	  3.83e-02	1.97913e-01
  1.29e-01	  3.88e-02	1.95774e-01
  1.29e-01	  3.93e-02	1.93540e-01
  1.29e-01	  3.98e-02	1.88990e-01
  1.29e-01	  4.04e-02	6.99607e-34
  1.29e-01	  4.09e-02	1.04897e-66
  1.29e-01	  4.14e-02	1.57279e-99
  1.29e-01	  4.19e-02	2.35819e-132
  1.29e-01	  4.24e-02	3.53578e-165
  1.29e-01	  4.30e-02	5.30141e-198
  1.29e-01	  4.35e-02	7.94871e-231
  1.29e-01	  4.40e-02	1.19179e-263
  1.29e-01	  4.45e-02	1.78692e-296
  1.29e-01	  4.51e-02	0.00000e+00
  1.29e-01	  4.56e-02	0.00000e+00
  1.29e-01	  4.61e-02	0.00000e+00
  1.29e-01	  4.66e-02	0.00000e+00
  1.29e-01	  4.71e-02	0.00000e+00
  1.29e-01	  4.77e-02	0.00000e+00
  1.29e-01	  4.82e-02	0.00000e+00
  1.29e-01	  4.87e-02	0.00000e+00
  1.29e-01	  4.92e-02	0.00000e+00
  1.29e-01	  4.97e-02	0.00000e+00

  1.30e-01	  2.60e-04	0.00000e+00
  1.30e-01	  7.81e-04	0.00000e+00
  1.30e-01	  1.30e-03	0.00000e+00
  1.30e-01	  1.82e-03	0.00000e+00
  1.30e-01	  2.34e-03	0.00000e+00
  1.30e-01	  2.86e-03	0.00000e+00
  1.30e-01	  3.39e-03	0.00000e+00
  1.30e-01	  3.91e-03	0.00000e+00
  1.30e-01	  4.43e-03	0.00000e+00
  1.30e-01	  4.95e-03	1.32293e-296
  1.30e-01	  5.47e-03	8.82300e-264
  1.30e-01	  5.99e-03	5.88430e-231
  1.30e-01	  6.51e-03	3.92441e-198
  1.30e-01	  7.03e-03	2.61729e-165
  1.30e-01	  7.55e-03	1.74555e-132
  1.30e-01	  8.07e-03	1.16415e-99
  1.30e-01	  8.59e-03	7.76406e-67
  1.30e-01	  9.11e-03	5.17807e-34
  1.30e-01	  9.64e-03	1.49678e-01
  1.30e-01	  1.02e-02	1.54045e-01
  1.30e-01	  1.07e-02	1.56384e-01
  1.30e-01	  1.12e-02	1.58787e-01
  1.30e-01	  1.17e-02	1.61266e-01
  1.30e-01	  1.22e-02	1.63821e-01
  1.30e-01	  1.28e-02	1.66448e-01
  1.30e-01	  1.33e-02	1.69138e-01
  1.30e-01	  1.38e-02	1.71880e-01
  1.30e-01	  1.43e-02	1.74661e-01
  1.30e-01	  1.48e-02	1.77466e-01
  1.30e-01	  1.54e-02	1.80280e-01
  1.30e-01	  1.59e-02	1.83089e-01
  1.30e-01	  1.64e-02	1.85879e-01
  1.30e-01	  1.69e-02	1.88635e-01
  1.30e-01	  1.74e-02	1.91346e-01
  1.30e-01	  1.80e-02	1.93998e-01
  1.30e-01	  1.85e-02	1.96579e-01
  1.30e-01	  1.90e-02	1.99078e-01
  1.30e-01	  1.95e-02	2.01484e-01
  1.30e-01	  2.01e-02	2.03787e-01
  1.30e-01	  2.06e-02	2.05976e-01
  1.30e-01	  2.11e-02	2.08041e-01
  1.30e-01	  2.16e-02	2.09974e-01
  1.30e-01	  2.21e-02	2.11766e-01
  1.30e-01	  2.27e-02	2.13410e-01
  1.30e-01	  2.32e-02	2.14901e-01
  1.30e-01	  2.37e-02	2.16235e-01
  1.30e-01	  2.42e-02	2.17408e-01
  1.30e-01	  2.47e-02	2.18420e-01
  1.30e-01	  2.53e-02	2.19272e-01
  1.30e-01	  2.58e-02	2.19966e-01
  1.30e-01	  2.63e-02	2.20504e-01
  1.30e-01	  2.68e-02	2.20891e-01
  1.30e-01	  2.73e-02	2.21132e-01
  1.30e-01	  2.79e-02	2.21231e-01
  1.30e-01	  2.84e-02	2.21193e-01
  1.30e-01	  2.89e-02	2.21022e-01
  1.30e-01	  2.94e-02	2.20721e-01
  1.30e-01	  2.99e-02	2.20292e-01
  1.30e-01	  3.05e-02	2.19737e-01
  1.30e-01	  3.10e-02	2.19057e-01
  1.30e-01	  3.15e-02	2.18253e-01
  1.30e-01	  3.20e-02	2.17325e-01
  1.30e-01	  3.26e-02	2.16275e-01
  1.30e-01	  3.31e-02	2.15105e-01
  1.30e-01	  3.36e-02	2.13817e-01
  1.30e-01	  3.41e-02	2.12416e-01
  1.30e-01	  3.46e-02	2.10907e-01
  1.30e-01	  3.52e-02	2.09299e-01
  1.30e-01	  3.57e-02	2.07597e-01
  1.30e-01	  3.62e-02	2.05809e-01
  1.30e-01	  3.67e-02	2.03944e-01
  1.30e-01	  3.72e-02	2.02004e-01
  1.30e-01	  3.78e-02	1.99991e-01
  1.30e-01	  3.83e-02	1.97899e-01
  1.30e-01	  3.88e-02	1.95714e-01
  1.30e-01	  3.93e-02	1.93407e-01
  1.30e-01	  3.98e-02	1.88670e-01
  1.30e-01	  4.04e-02	6.98068e-34
  1.30e-01	  4.09e-02	1.04665e-66
  1.30e-01	  4.14e-02	1.56931e-99
  1.30e-01	  4.19e-02	2.35294e-132
  1.30e-01	  4.24e-02	3.52789e-165
  1.30e-01	  4.30e-02	5.28954e-198
  1.30e-01	  4.35e-02	7.93084e-231
  1.30e-01	  4.40e-02	1.18911e-263
  1.30e-01	  4.45e-02	1.78288e-296
  1.30e-01	  4.51e-02	0.00000e+00
  1.30e-01	  4.56e-02	0.00000e+00
  1.30e-01	  4.61e-02	0.00000e+00
  1.30e-01	  4.66e-02	0.00000e+00
  1.30e-01	  4.71e-02	0.00000e+00
  1.30e-01	  4.77e-02	0.00000e+00
  1.30e-01	  4.82e-02	0.00000e+00
  1.30e-01	  4.87e-02	0.00000e+00
  1.30e-01	  4.92e-02	0.00000e+00
  1.30e-01	  4.97e-02	0.00000e+00

  1.30e-01	  2.60e-04	0.00000e+00
  1.30e-01	  7.81e-04	0.00000e+00
  1.30e-01	  1.30e-03	0.00000e+00
  1.30e-01	  1.82e-03	0.00000e+00
  1.30e-01	  2.34e-03	0.00000e+00
  1.30e-01	  2.86e-03	0.00000e+00
  1.30e-01	  3.39e-03	0.00000e+00
  1.30e-01	  3.91e-03	0.00000e+00
  1.30e-01	  4.43e-03	0.00000e+00
  1.30e-01	  4.95e-03	1.32434e-296
  1.30e-01	  5.47e-03	8.83247e-264
  1.30e-01	  5.99e-03	5.89067e-231
  1.30e-01	  6.51e-03	3.92869e-198
  1.30e-01	  7.03e-03	2.62018e-165
  1.30e-01	  7.55e-03	1.74749e-132
  1.30e-01	  8.07e-03	1.16546e-99
  1.30e-01	  8.59e-03	7.77285e-67
  1.30e-01	  9.11e-03	5.18398e-34
  1.30e-01	  9.64e-03	1.49812e-01
  1.30e-01	  1.02e-02	1.54370e-01
  1.30e-01	  1.07e-02	1.56785e-01
  1.30e-01	  1.12e-02	1.59237e-01
  1.30e-01	  1.17e-02	1.61744e-01
  1.30e-01	  1.22e-02	1.64311e-01
  1.30e-01	  1.28e-02	1.66935e-01
  1.30e-01	  1.33e-02	1.69612e-01
  1.30e-01	  1.38e-02	1.72332e-01
  1.30e-01	  1.43e-02	1.75084e-01
  1.30e-01	  1.48e-02	1.77854e-01
  1.30e-01	  1.54e-02	1.80631e-01
  1.30e-01	  1.59e-02	1.83399e-01
  1.30e-01	  1.64e-02	1.86147e-01
  1.30e-01	  1.69e-02	1.88861e-01
  1.30e-01	  1.74e-02	1.91529e-01
  1.30e-01	  1.80e-02	1.94138e-01
  1.30e-01	  1.85e-02	1.96677e-01
  1.30e-01	  1.90e-02	1.99134e-01
  1.30e-01	  1.95e-02	2.01500e-01
  1.30e-01	  2.01e-02	2.03764e-01
  1.30e-01	  2.06e-02	2.05915e-01
  1.30e-01	  2.11e-02	2.07945e-01
  1.30e-01	  2.16e-02	2.09845e-01
  1.30e-01	  2.21e-02	2.11607e-01
  1.30e-01	  2.27e-02	2.13224e-01
  1.30e-01	  2.32e-02	2.14691e-01
  1.30e-01	  2.37e-02	2.16005e-01
  1.30e-01	  2.42e-02	2.17162e-01
  1.30e-01	  2.47e-02	2.18162e-01
  1.30e-01	  2.53e-02	2.19006e-01
  1.30e-01	  2.58e-02	2.19695e-01
  1.30e-01	  2.63e-02	2.20232e-01
  1.30e-01	  2.68e-02	2.20621e-01
  1.30e-01	  2.73e-02	2.20866e-01
  1.30e-01	  2.79e-02	2.20971e-01
  1.30e-01	  2.84e-02	2.20941e-01
  1.30e-01	  2.89e-02	2.20779e-01
  1.30e-01	  2.94e-02	2.20489e-01
  1.30e-01	  2.99e-02	2.20072e-01
  1.30e-01	  3.05e-02	2.19530e-01
  1.30e-01	  3.10e-02	2.18864e-01
  1.30e-01	  3.15e-02	2.18076e-01
  1.30e-01	  3.20e-02	2.17165e-01
  1.30e-01	  3.26e-02	2.16134e-01
  1.30e-01	  3.31e-02	2.14984e-01
  1.30e-01	  3.36e-02	2.13718e-01
  1.30e-01	  3.41e-02	2.12340e-01
  1.30e-01	  3.46e-02	2.10854e-01
  1.30e-01	  3.52e-02	2.09266e-01
  1.30e-01	  3.57e-02	2.07582e-01
  1.30e-01	  3.62e-02	2.05809e-01
  1.30e-01	  3.67e-02	2.03950e-01
  1.30e-01	  3.72e-02	2.02008e-01
  1.30e-01	  3.78e-02	1.99981e-01
  1.30e-01	  3.83e-02	1.97860e-01
  1.30e-01	  3.88e-02	1.95625e-01
  1.30e-01	  3.93e-02	1.93241e-01
  1.30e-01	  3.98e-02	1.88308e-01
  1.30e-01	  4.04e-02	6.96326e-34
  1.30e-01	  4.09e-02	1.04403e-66
  1.30e-01	  4.14e-02	1.56536e-99
  1.30e-01	  4.19e-02	2.34701e-132
  1.30e-01	  4.24e-02	3.51896e-165
  1.30e-01	  4.30e-02	5.27611e-198
  1.30e-01	  4.35e-02	7.91064e-231
  1.30e-01	  4.40e-02	1.18607e-263
  1.30e-01	  4.45e-02	1.77830e-296
  1.30e-01	  4.51e-02	0.00000e+00
  1.30e-01	  4.56e-02	0.00000e+00
  1.30e-01	  4.61e-02	0.00000e+00
  1.30e-01	  4.66e-02	0.00000e+00
  1.30e-01	  4.71e-02	0.00000e+00
  1.30e-01	  4.77e-02	0.00000e+00
  1.30e-01	  4.82e-02	0.00000e+00
  1.30e-01	  4.87e-02	0.00000e+00
  1.30e-01	  4.92e-02	0.00000e+00
  1.30e-01	  4.97e-02	0.00000e+00

  1.31e-01	  2.60e-04	0.00000e+00
  1.31e-01	  7.81e-04	0.00000e+00
  1.31e-01	  1.30e-03	0.00000e+00
  1.31e-01	  1.82e-03	0.00000e+00
  1.31e-01	  2.34e-03	0.00000e+00
  1.31e-01	  2.86e-03	0.00000e+00
  1.31e-01	  3.39e-03	0.00000e+00
  1.31e-01	  3.91e-03	0.00000e+00
  1.31e-01	  4.43e-03	0.00000e+00
  1.31e-01	  4.95e-03	1.32517e-296
  1.31e-01	  5.47e-03	8.83810e-264
  1.31e-01	  5.99e-03	5.89450e-231
  1.31e-01	  6.51e-03	3.93128e-198
  1.31e-01	  7.03e-03	2.62194e-165
  1.31e-01	  7.55e-03	1.74868e-132
  1.31e-01	  8.07e-03	1.16627e-99
  1.31e-01	  8.59e-03	7.77831e-67
  1.31e-01	  9.11e-03	5.18768e-34
  1.31e-01	  9.64e-03	1.49896e-01
  1.31e-01	  1.02e-02	1.54654e-01
  1.31e-01	  1.07e-02	1.57150e-01
  1.31e-01	  1.12e-02	1.59656e-01
  1.31e-01	  1.17e-02	1.62194e-01
  1.31e-01	  1.22e-02	1.64775e-01
  1.31e-01	  1.28e-02	1.67401e-01
  1.31e-01	  1.33e-02	1.70068e-01
  1.31e-01	  1.38e-02	1.72769e-01
  1.31e-01	  1.43e-02	1.75495e-01
  1.31e-01	  1.48e-02	1.78234e-01
  1.31e-01	  1.54e-02	1.80976e-01
  1.31e-01	  1.59e-02	1.83707e-01
  1.31e-01	  1.64e-02	1.86415e-01
  1.31e-01	  1.69e-02	1.89089e-01
  1.31e-01	  1.74e-02	1.91715e-01
  1.31e-01	  1.80e-02	1.94283e-01
  1.31e-01	  1.85e-02	1.96782e-01
  1.31e-01	  1.90e-02	1.99200e-01
  1.31e-01	  1.95e-02	2.01527e-01
  1.31e-01	  2.01e-02	2.03753e-01
  1.31e-01	  2.06e-02	2.05869e-01
  1.31e-01	  2.11e-02	2.07865e-01
  1.31e-01	  2.16e-02	2.09733e-01
  1.31e-01	  2.21e-02	2.11465e-01
  1.31e-01	  2.27e-02	2.13056e-01
  1.31e-01	  2.32e-02	2.14501e-01
  1.31e-01	  2.37e-02	2.15795e-01
  1.31e-01	  2.42e-02	2.16937e-01
  1.31e-01	  2.47e-02	2.17925e-01
  1.31e-01	  2.53e-02	2.18760e-01
  1.31e-01	  2.58e-02	2.19443e-01
  1.31e-01	  2.63e-02	2.19978e-01
  1.31e-01	  2.68e-02	2.20368e-01
  1.31e-01	  2.73e-02	2.20616e-01
  1.31e-01	  2.79e-02	2.20727e-01
  1.31e-01	  2.84e-02	2.20704e-01
  1.31e-01	  2.89e-02	2.20551e-01
  1.31e-01	  2.94e-02	2.20270e-01
  1.31e-01	  2.99e-02	2.19865e-01
  1.31e-01	  3.05e-02	2.19335e-01
  1.31e-01	  3.10e-02	2.18684e-01
  1.31e-01	  3.15e-02	2.17911e-01
  1.31e-01	  3.20e-02	2.17017e-01
  1.31e-01	  3.26e-02	2.16004e-01
  1.31e-01	  3.31e-02	2.14873e-01
  1.31e-01	  3.36e-02	2.13627e-01
  1.31e-01	  3.41e-02	2.12269e-01
  1.31e-01	  3.46e-02	2.10802e-01
  1.31e-01	  3.52e-02	2.09233e-01
  1.31e-01	  3.57e-02	2.07564e-01
  1.31e-01	  3.62e-02	2.05801e-01
  1.31e-01	  3.67e-02	2.03946e-01
  1.31e-01	  3.72e-02	2.01999e-01
  1.31e-01	  3.78e-02	1.99954e-01
  1.31e-01	  3.83e-02	1.97799e-01
  1.31e-01	  3.88e-02	1.95510e-01
  1.31e-01	  3.93e-02	1.93045e-01
  1.31e-01	  3.98e-02	1.87907e-01
  1.31e-01	  4.04e-02	6.94399e-34
  1.31e-01	  4.09e-02	1.04113e-66
  1.31e-01	  4.14e-02	1.56100e-99
  1.31e-01	  4.19e-02	2.34045e-132
  1.31e-01	  4.24e-02	3.50909e-165
  1.31e-01	  4.30e-02	5.26125e-198
  1.31e-01	  4.35e-02	7.88828e-231
  1.31e-01	  4.40e-02	1.18270e-263
  1.31e-01	  4.45e-02	1.77324e-296
  1.31e-01	  4.51e-02	0.00000e+00
  1.31e-01	  4.56e-02	0.00000e+00
  1.31e-01	  4.61e-02	0.00000e+00
  1.31e-01	  4.66e-02	0.00000e+00
  1.31e-01	  4.71e-02	0.00000e+00
  1.31e-01	  4.77e-02	0.00000e+00
  1.31e-01	  4.82e-02	0.00000e+00
  1.31e-01	  4.87e-02	0.00000e+00
  1.31e-01	  4.92e-02	0.00000e+00
  1.31e-01	  4.97e-02	0.00000e+00

  1.32e-01	  2.60e-04	0.00000e+00
  1.32e-01	  7.81e-04	0.00000e+00
  1.32e-01	  1.30e-03	0.00000e+00
  1.32e-01	  1.82e-03	0.00000e+00
  1.32e-01	  2.34e-03	0.00000e+00
  1.32e-01	  2.86e-03	0.00000e+00
  1.32e-01	  3.39e-03	0.00000e+00
  1.32e-01	  3.91e-03	0.00000e+00
  1.32e-01	  4.43e-03	0.00000e+00
  1.32e-01	  4.95e-03	1.32544e-296
  1.32e-01	  5.47e-03	8.84004e-264
  1.32e-01	  5.99e-03	5.89586e-231
  1.32e-01	  6.51e-03	3.93224e-198
  1.32e-01	  7.03e-03	2.62261e-165
  1.32e-01	  7.55e-03	1.74915e-132
  1.32e-01	  8.07e-03	1.16659e-99
  1.32e-01	  8.59e-03	7.78059e-67
  1.32e-01	  9.11e-03	5.18925e-34
  1.32e-01	  9.64e-03	1.49933e-01
  1.32e-01	  1.02e-02	1.54902e-01
  1.32e-01	  1.07e-02	1.57483e-01
  1.32e-01	  1.12e-02	1.60046e-01
  1.32e-01	  1.17e-02	1.62619e-01
  1.32e-01	  1.22e-02	1.65217e-01
  1.32e-01	  1.28e-02	1.67846e-01
  1.32e-01	  1.33e-02	1.70506e-01
  1.32e-01	  1.38e-02	1.73191e-01
  1.32e-01	  1.43e-02	1.75894e-01
  1.32e-01	  1.48e-02	1.78606e-01
  1.32e-01	  1.54e-02	1.81315e-01
  1.32e-01	  1.59e-02	1.84011e-01
  1.32e-01	  1.64e-02	1.86682e-01
  1.32e-01	  1.69e-02	1.89317e-01
  1.32e-01	  1.74e-02	1.91905e-01
  1.32e-01	  1.80e-02	1.94434e-01
  1.32e-01	  1.85e-02	1.96894e-01
  1.32e-01	  1.90e-02	1.99274e-01
  1.32e-01	  1.95e-02	2.01563e-01
  1.32e-01	  2.01e-02	2.03753e-01
  1.32e-01	  2.06e-02	2.05834e-01
  1.32e-01	  2.11e-02	2.07798e-01
  1.32e-01	  2.16e-02	2.09635e-01
  1.32e-01	  2.21e-02	2.11340e-01
  1.32e-01	  2.27e-02	2.12906e-01
  1.32e-01	  2.32e-02	2.14329e-01
  1.32e-01	  2.37e-02	2.15604e-01
  1.32e-01	  2.42e-02	2.16730e-01
  1.32e-01	  2.47e-02	2.17706e-01
  1.32e-01	  2.53e-02	2.18532e-01
  1.32e-01	  2.58e-02	2.19210e-01
  1.32e-01	  2.63e-02	2.19742e-01
  1.32e-01	  2.68e-02	2.20132e-01
  1.32e-01	  2.73e-02	2.20383e-01
  1.32e-01	  2.79e-02	2.20498e-01
  1.32e-01	  2.84e-02	2.20482e-01
  1.32e-01	  2.89e-02	2.20337e-01
  1.32e-01	  2.94e-02	2.20066e-01
  1.32e-01	  2.99e-02	2.19671e-01
  1.32e-01	  3.05e-02	2.19153e-01
  1.32e-01	  3.10e-02	2.18515e-01
  1.32e-01	  3.15e-02	2.17757e-01
  1.32e-01	  3.20e-02	2.16879e-01
  1.32e-01	  3.26e-02	2.15883e-01
  1.32e-01	  3.31e-02	2.14770e-01
  1.32e-01	  3.36e-02	2.13542e-01
  1.32e-01	  3.41e-02	2.12202e-01
  1.32e-01	  3.46e-02	2.10754e-01
  1.32e-01	  3.52e-02	2.09199e-01
  1.32e-01	  3.57e-02	2.07543e-01
  1.32e-01	  3.62e-02	2.05787e-01
  1.32e-01	  3.67e-02	2.03933e-01
  1.32e-01	  3.72e-02	2.01977e-01
  1.32e-01	  3.78e-02	1.99911e-01
  1.32e-01	  3.83e-02	1.97720e-01
  1.32e-01	  3.88e-02	1.95374e-01
  1.32e-01	  3.93e-02	1.92824e-01
  1.32e-01	  3.98e-02	1.87470e-01
  1.32e-01	  4.04e-02	6.92301e-34
  1.32e-01	  4.09e-02	1.03798e-66
  1.32e-01	  4.14e-02	1.55625e-99
  1.32e-01	  4.19e-02	2.33330e-132
  1.32e-01	  4.24e-02	3.49834e-165
  1.32e-01	  4.30e-02	5.24507e-198
  1.32e-01	  4.35e-02	7.86394e-231
  1.32e-01	  4.40e-02	1.17904e-263
  1.32e-01	  4.45e-02	1.76773e-296
  1.32e-01	  4.51e-02	0.00000e+00
  1.32e-01	  4.56e-02	0.00000e+00
  1.32e-01	  4.61e-02	0.00000e+00
  1.32e-01	  4.66e-02	0.00000e+00
  1.32e-01	  4.71e-02	0.00000e+00
  1.32e-01	  4.77e-02	0.00000e+00
  1.32e-01	  4.82e-02	0.00000e+00
  1.32e-01	  4.87e-02	0.00000e+00
  1.32e-01	  4.92e-02	0.00000e+00
  1.32e-01	  4.97e-02	0.00000e+00

  1.33e-01	  2.60e-04	0.00000e+00
  1.33e-01	  7.81e-04	0.00000e+00
  1.33e-01	  1.30e-03	0.00000e+00
  1.33e-01	  1.82e-03	0.00000e+00
  1.33e-01	  2.34e-03	0.00000e+00
  1.33e-01	  2.86e-03	0.00000e+00
  1.33e-01	  3.39e-03	0.00000e+00
  1.33e-01	  3.91e-03	0.00000e+00
  1.33e-01	  4.43e-03	0.00000e+00
  1.33e-01	  4.95e-03	1.32518e-296
  1.33e-01	  5.47e-03	8.83838e-264
  1.33e-01	  5.99e-03	5.89483e-231
  1.33e-01	  6.51e-03	3.93161e-198
  1.33e-01	  7.03e-03	2.62222e-165
  1.33e-01	  7.55e-03	1.74891e-132
  1.33e-01	  8.07e-03	1.16645e-99
  1.33e-01	  8.59e-03	7.77975e-67
  1.33e-01	  9.11e-03	5.18877e-34
  1.33e-01	  9.64e-03	1.49923e-01
  1.33e-01	  1.02e-02	1.55115e-01
  1.33e-01	  1.07e-02	1.57786e-01
  1.33e-01	  1.12e-02	1.60408e-01
  1.33e-01	  1.17e-02	1.63019e-01
  1.33e-01	  1.22e-02	1.65637e-01
  1.33e-01	  1.28e-02	1.68273e-01
  1.33e-01	  1.33e-02	1.70928e-01
  1.33e-01	  1.38e-02	1.73600e-01
  1.33e-01	  1.43e-02	1.76282e-01
  1.33e-01	  1.48e-02	1.78968e-01
  1.33e-01	  1.54e-02	1.81648e-01
  1.33e-01	  1.59e-02	1.84311e-01
  1.33e-01	  1.64e-02	1.86947e-01
  1.33e-01	  1.69e-02	1.89546e-01
  1.33e-01	  1.74e-02	1.92096e-01
  1.33e-01	  1.80e-02	1.94588e-01
  1.33e-01	  1.85e-02	1.97011e-01
  1.33e-01	  1.90e-02	1.99354e-01
  1.33e-01	  1.95e-02	2.01608e-01
  1.33e-01	  2.01e-02	2.03763e-01
  1.33e-01	  2.06e-02	2.05811e-01
  1.33e-01	  2.11e-02	2.07743e-01
  1.33e-01	  2.16e-02	2.09552e-01
  1.33e-01	  2.21e-02	2.11230e-01
  1.33e-01	  2.27e-02	2.12772e-01
  1.33e-01	  2.32e-02	2.14173e-01
  1.33e-01	  2.37e-02	2.15430e-01
  1.33e-01	  2.42e-02	2.16541e-01
  1.33e-01	  2.47e-02	2.17504e-01
  1.33e-01	  2.53e-02	2.18322e-01
  1.33e-01	  2.58e-02	2.18994e-01
  1.33e-01	  2.63e-02	2.19523e-01
  1.33e-01	  2.68e-02	2.19912e-01
  1.33e-01	  2.73e-02	2.20165e-01
  1.33e-01	  2.79e-02	2.20284e-01
  1.33e-01	  2.84e-02	2.20273e-01
  1.33e-01	  2.89e-02	2.20136e-01
  1.33e-01	  2.94e-02	2.19874e-01
  1.33e-01	  2.99e-02	2.19489e-01
  1.33e-01	  3.05e-02	2.18984e-01
  1.33e-01	  3.10e-02	2.18358e-01
  1.33e-01	  3.15e-02	2.17614e-01
  1.33e-01	  3.20e-02	2.16751e-01
  1.33e-01	  3.26e-02	2.15771e-01
  1.33e-01	  3.31e-02	2.14675e-01
  1.33e-01	  3.36e-02	2.13464e-01
  1.33e-01	  3.41e-02	2.12141e-01
  1.33e-01	  3.46e-02	2.10707e-01
  1.33e-01	  3.52e-02	2.09166e-01
  1.33e-01	  3.57e-02	2.07520e-01
  1.33e-01	  3.62e-02	2.05769e-01
  1.33e-01	  3.67e-02	2.03912e-01
  1.33e-01	  3.72e-02	2.01945e-01
  1.33e-01	  3.78e-02	1.99856e-01
  1.33e-01	  3.83e-02	1.97626e-01
  1.33e-01	  3.88e-02	1.95220e-01
  1.33e-01	  3.93e-02	1.92579e-01
  1.33e-01	  3.98e-02	1.86999e-01
  1.33e-01	  4.04e-02	6.90043e-34
  1.33e-01	  4.09e-02	1.03458e-66
  1.33e-01	  4.14e-02	1.55114e-99
  1.33e-01	  4.19e-02	2.32561e-132
  1.33e-01	  4.24e-02	3.48676e-165
  1.33e-01	  4.30e-02	5.22766e-198
  1.33e-01	  4.35e-02	7.83774e-231
  1.33e-01	  4.40e-02	1.17510e-263
  1.33e-01	  4.45e-02	1.76180e-296
  1.33e-01	  4.51e-02	0.00000e+00
  1.33e-01	  4.56e-02	0.00000e+00
  1.33e-01	  4.61e-02	0.00000e+00
  1.33e-01	  4.66e-02	0.00000e+00
  1.33e-01	  4.71e-02	0.00000e+00
  1.33e-01	  4.77e-02	0.00000e+00
  1.33e-01	  4.82e-02	0.00000e+00
  1.33e-01	  4.87e-02	0.00000e+00
  1.33e-01	  4.92e-02	0.00000e+00
  1.33e-01	  4.97e-02	0.00000e+00

  1.34e-01	  2.60e-04	0.00000e+00
  1.34e-01	  7.81e-04	0.00000e+00
  1.34e-01	  1.30e-03	0.00000e+00
  1.34e-01	  1.82e-03	0.00000e+00
  1.34e-01	  2.34e-03	0.00000e+00
  1.34e-01	  2.86e-03	0.00000e+00
  1.34e-01	  3.39e-03	0.00000e+00
  1.34e-01	  3.91e-03	0.00000e+00
  1.34e-01	  4.43e-03	0.00000e+00
  1.34e-01	  4.95e-03	1.32438e-296
  1.34e-01	  5.47e-03	8.83320e-264
  1.34e-01	  5.99e-03	5.89147e-231
  1.34e-01	  6.51e-03	3.92943e-198
  1.34e-01	  7.03e-03	2.62080e-165
  1.34e-01	  7.55e-03	1.74799e-132
  1.34e-01	  8.07e-03	1.16586e-99
  1.34e-01	  8.59e-03	7.77589e-67
  1.34e-01	  9.11e-03	5.18626e-34
  1.34e-01	  9.64e-03	1.49867e-01
  1.34e-01	  1.02e-02	1.55294e-01
  1.34e-01	  1.07e-02	1.58061e-01
  1.34e-01	  1.12e-02	1.60746e-01
  1.34e-01	  1.17e-02	1.63396e-01
  1.34e-01	  1.22e-02	1.66037e-01
  1.34e-01	  1.28e-02	1.68681e-01
  1.34e-01	  1.33e-02	1.71334e-01
  1.34e-01	  1.38e-02	1.73994e-01
  1.34e-01	  1.43e-02	1.76659e-01
  1.34e-01	  1.48e-02	1.79321e-01
  1.34e-01	  1.54e-02	1.81973e-01
  1.34e-01	  1.59e-02	1.84606e-01
  1.34e-01	  1.64e-02	1.87209e-01
  1.34e-01	  1.69e-02	1.89774e-01
  1.34e-01	  1.74e-02	1.92289e-01
  1.34e-01	  1.80e-02	1.94745e-01
  1.34e-01	  1.85e-02	1.97132e-01
  1.34e-01	  1.90e-02	1.99440e-01
  1.34e-01	  1.95e-02	2.01660e-01
  1.34e-01	  2.01e-02	2.03782e-01
  1.34e-01	  2.06e-02	2.05798e-01
  1.34e-01	  2.11e-02	2.07700e-01
  1.34e-01	  2.16e-02	2.09481e-01
  1.34e-01	  2.21e-02	2.11133e-01
  1.34e-01	  2.27e-02	2.12651e-01
  1.34e-01	  2.32e-02	2.14032e-01
  1.34e-01	  2.37e-02	2.15271e-01
  1.34e-01	  2.42e-02	2.16367e-01
  1.34e-01	  2.47e-02	2.17319e-01
  1.34e-01	  2.53e-02	2.18127e-01
  1.34e-01	  2.58e-02	2.18793e-01
  1.34e-01	  2.63e-02	2.19319e-01
  1.34e-01	  2.68e-02	2.19707e-01
  1.34e-01	  2.73e-02	2.19961e-01
  1.34e-01	  2.79e-02	2.20084e-01
  1.34e-01	  2.84e-02	2.20079e-01
  1.34e-01	  2.89e-02	2.19948e-01
  1.34e-01	  2.94e-02	2.19694e-01
  1.34e-01	  2.99e-02	2.19320e-01
  1.34e-01	  3.05e-02	2.18825e-01
  1.34e-01	  3.10e-02	2.18212e-01
  1.34e-01	  3.15e-02	2.17481e-01
  1.34e-01	  3.20e-02	2.16633e-01
  1.34e-01	  3.26e-02	2.15668e-01
  1.34e-01	  3.31e-02	2.14588e-01
  1.34e-01	  3.36e-02	2.13392e-01
  1.34e-01	  3.41e-02	2.12084e-01
  1.34e-01	  3.46e-02	2.10664e-01
  1.34e-01	  3.52e-02	2.09134e-01
  1.34e-01	  3.57e-02	2.07495e-01
  1.34e-01	  3.62e-02	2.05747e-01
  1.34e-01	  3.67e-02	2.03885e-01
  1.34e-01	  3.72e-02	2.01905e-01
  1.34e-01	  3.78e-02	1.99790e-01
  1.34e-01	  3.83e-02	1.97519e-01
  1.34e-01	  3.88e-02	1.95050e-01
  1.34e-01	  3.93e-02	1.92314e-01
  1.34e-01	  3.98e-02	1.86497e-01
  1.34e-01	  4.04e-02	6.87636e-34
  1.34e-01	  4.09e-02	1.03096e-66
  1.34e-01	  4.14e-02	1.54569e-99
  1.34e-01	  4.19e-02	2.31741e-132
  1.34e-01	  4.24e-02	3.47442e-165
  1.34e-01	  4.30e-02	5.20909e-198
  1.34e-01	  4.35e-02	7.80979e-231
  1.34e-01	  4.40e-02	1.17089e-263
  1.34e-01	  4.45e-02	1.75547e-296
  1.34e-01	  4.51e-02	0.00000e+00
  1.34e-01	  4.56e-02	0.00000e+00
  1.34e-01	  4.61e-02	0.00000e+00
  1.34e-01	  4.66e-02	0.00000e+00
  1.34e-01	  4.71e-02	0.00000e+00
  1.34e-01	  4.77e-02	0.00000e+00
  1.34e-01	  4.82e-02	0.00000e+00
  1.34e-01	  4.87e-02	0.00000e+00
  1.34e-01	  4.92e-02	0.00000e+00
  1.34e-01	  4.97e-02	0.00000e+00

  1.34e-01	  2.60e-04	0.00000e+00
  1.34e-01	  7.81e-04	0.00000e+00
  1.34e-01	  1.30e-03	0.00000e+00
  1.34e-01	  1.82e-03	0.00000e+00
  1.34e-01	  2.34e-03	0.00000e+00
  1.34e-01	  2.86e-03	0.00000e+00
  1.34e-01	  3.39e-03	0.00000e+00
  1.34e-01	  3.91e-03	0.00000e+00
  1.34e-01	  4.43e-03	0.00000e+00
  1.34e-01	  4.95e-03	1.32306e-296
  1.34e-01	  5.47e-03	8.82456e-264
  1.34e-01	  5.99e-03	5.88580e-231
  1.34e-01	  6.51e-03	3.92571e-198
  1.34e-01	  7.03e-03	2.61837e-165
  1.34e-01	  7.55e-03	1.74640e-132
  1.34e-01	  8.07e-03	1.16481e-99
  1.34e-01	  8.59e-03	7.76904e-67
  1.34e-01	  9.11e-03	5.18178e-34
  1.34e-01	  9.64e-03	1.49768e-01
  1.34e-01	  1.02e-02	1.55442e-01
  1.34e-01	  1.07e-02	1.58310e-01
  1.34e-01	  1.12e-02	1.61061e-01
  1.34e-01	  1.17e-02	1.63753e-01
  1.34e-01	  1.22e-02	1.66417e-01
  1.34e-01	  1.28e-02	1.69072e-01
  1.34e-01	  1.33e-02	1.71724e-01
  1.34e-01	  1.38e-02	1.74376e-01
  1.34e-01	  1.43e-02	1.77025e-01
  1.34e-01	  1.48e-02	1.79666e-01
  1.34e-01	  1.54e-02	1.82292e-01
  1.34e-01	  1.59e-02	1.84896e-01
  1.34e-01	  1.64e-02	1.87468e-01
  1.34e-01	  1.69e-02	1.90000e-01
  1.34e-01	  1.74e-02	1.92482e-01
  1.34e-01	  1.80e-02	1.94904e-01
  1.34e-01	  1.85e-02	1.97257e-01
  1.34e-01	  1.90e-02	1.99531e-01
  1.34e-01	  1.95e-02	2.01718e-01
  1.34e-01	  2.01e-02	2.03808e-01
  1.34e-01	  2.06e-02	2.05794e-01
  1.34e-01	  2.11e-02	2.07667e-01
  1.34e-01	  2.16e-02	2.09421e-01
  1.34e-01	  2.21e-02	2.11048e-01
  1.34e-01	  2.27e-02	2.12544e-01
  1.34e-01	  2.32e-02	2.13905e-01
  1.34e-01	  2.37e-02	2.15127e-01
  1.34e-01	  2.42e-02	2.16208e-01
  1.34e-01	  2.47e-02	2.17148e-01
  1.34e-01	  2.53e-02	2.17948e-01
  1.34e-01	  2.58e-02	2.18608e-01
  1.34e-01	  2.63e-02	2.19130e-01
  1.34e-01	  2.68e-02	2.19517e-01
  1.34e-01	  2.73e-02	2.19772e-01
  1.34e-01	  2.79e-02	2.19897e-01
  1.34e-01	  2.84e-02	2.19897e-01
  1.34e-01	  2.89e-02	2.19773e-01
  1.34e-01	  2.94e-02	2.19527e-01
  1.34e-01	  2.99e-02	2.19162e-01
  1.34e-01	  3.05e-02	2.18678e-01
  1.34e-01	  3.10e-02	2.18077e-01
  1.34e-01	  3.15e-02	2.17359e-01
  1.34e-01	  3.20e-02	2.16524e-01
  1.34e-01	  3.26e-02	2.15574e-01
  1.34e-01	  3.31e-02	2.14508e-01
  1.34e-01	  3.36e-02	2.13327e-01
  1.34e-01	  3.41e-02	2.12032e-01
  1.34e-01	  3.46e-02	2.10624e-01
  1.34e-01	  3.52e-02	2.09103e-01
  1.34e-01	  3.57e-02	2.07470e-01
  1.34e-01	  3.62e-02	2.05722e-01
  1.34e-01	  3.67e-02	2.03855e-01
  1.34e-01	  3.72e-02	2.01859e-01
  1.34e-01	  3.78e-02	1.99717e-01
  1.34e-01	  3.83e-02	1.97402e-01
  1.34e-01	  3.88e-02	1.94867e-01
  1.34e-01	  3.93e-02	1.92032e-01
  1.34e-01	  3.98e-02	1.85965e-01
  1.34e-01	  4.04e-02	6.85087e-34
  1.34e-01	  4.09e-02	1.02712e-66
  1.34e-01	  4.14e-02	1.53992e-99
  1.34e-01	  4.19e-02	2.30872e-132
  1.34e-01	  4.24e-02	3.46135e-165
  1.34e-01	  4.30e-02	5.18942e-198
  1.34e-01	  4.35e-02	7.78019e-231
  1.34e-01	  4.40e-02	1.16644e-263
  1.34e-01	  4.45e-02	1.74877e-296
  1.34e-01	  4.51e-02	0.00000e+00
  1.34e-01	  4.56e-02	0.00000e+00
  1.34e-01	  4.61e-02	0.00000e+00
  1.34e-01	  4.66e-02	0.00000e+00
  1.34e-01	  4.71e-02	0.00000e+00
  1.34e-01	  4.77e-02	0.00000e+00
  1.34e-01	  4.82e-02	0.00000e+00
  1.34e-01	  4.87e-02	0.00000e+00
  1.34e-01	  4.92e-02	0.00000e+00
  1.34e-01	  4.97e-02	0.00000e+00

  1.35e-01	  2.60e-04	0.00000e+00
  1.35e-01	  7.81e-04	0.00000e+00
  1.35e-01	  1.30e-03	0.00000e+00
  1.35e-01	  1.82e-03	0.00000e+00
  1.35e-01	  2.34e-03	0.00000e+00
  1.35e-01	  2.86e-03	0.00000e+00
  1.35e-01	  3.39e-03	0.00000e+00
  1.35e-01	  3.91e-03	0.00000e+00
  1.35e-01	  4.43e-03	0.00000e+00
  1.35e-01	  4.95e-03	1.32123e-296
  1.35e-01	  5.47e-03	8.81250e-264
  1.35e-01	  5.99e-03	5.87786e-231
  1.35e-01	  6.51e-03	3.92049e-198
  1.35e-01	  7.03e-03	2.61493e-165
  1.35e-01	  7.55e-03	1.74414e-132
  1.35e-01	  8.07e-03	1.16332e-99
  1.35e-01	  8.59e-03	7.75925e-67
  1.35e-01	  9.11e-03	5.17533e-34
  1.35e-01	  9.64e-03	1.49624e-01
  1.35e-01	  1.02e-02	1.55559e-01
  1.35e-01	  1.07e-02	1.58534e-01
  1.35e-01	  1.12e-02	1.61353e-01
  1.35e-01	  1.17e-02	1.64089e-01
  1.35e-01	  1.22e-02	1.66780e-01
  1.35e-01	  1.28e-02	1.69447e-01
  1.35e-01	  1.33e-02	1.72100e-01
  1.35e-01	  1.38e-02	1.74744e-01
  1.35e-01	  1.43e-02	1.77379e-01
  1.35e-01	  1.48e-02	1.80001e-01
  1.35e-01	  1.54e-02	1.82603e-01
  1.35e-01	  1.59e-02	1.85180e-01
  1.35e-01	  1.64e-02	1.87723e-01
  1.35e-01	  1.69e-02	1.90224e-01
  1.35e-01	  1.74e-02	1.92674e-01
  1.35e-01	  1.80e-02	1.95063e-01
  1.35e-01	  1.85e-02	1.97384e-01
  1.35e-01	  1.90e-02	1.99626e-01
  1.35e-01	  1.95e-02	2.01782e-01
  1.35e-01	  2.01e-02	2.03841e-01
  1.35e-01	  2.06e-02	2.05798e-01
  1.35e-01	  2.11e-02	2.07643e-01
  1.35e-01	  2.16e-02	2.09371e-01
  1.35e-01	  2.21e-02	2.10974e-01
  1.35e-01	  2.27e-02	2.12449e-01
  1.35e-01	  2.32e-02	2.13790e-01
  1.35e-01	  2.37e-02	2.14995e-01
  1.35e-01	  2.42e-02	2.16063e-01
  1.35e-01	  2.47e-02	2.16992e-01
  1.35e-01	  2.53e-02	2.17782e-01
  1.35e-01	  2.58e-02	2.18436e-01
  1.35e-01	  2.63e-02	2.18954e-01
  1.35e-01	  2.68e-02	2.19340e-01
  1.35e-01	  2.73e-02	2.19595e-01
  1.35e-01	  2.79e-02	2.19723e-01
  1.35e-01	  2.84e-02	2.19727e-01
  1.35e-01	  2.89e-02	2.19609e-01
  1.35e-01	  2.94e-02	2.19371e-01
  1.35e-01	  2.99e-02	2.19015e-01
  1.35e-01	  3.05e-02	2.18542e-01
  1.35e-01	  3.10e-02	2.17952e-01
  1.35e-01	  3.15e-02	2.17246e-01
  1.35e-01	  3.20e-02	2.16424e-01
  1.35e-01	  3.26e-02	2.15487e-01
  1.35e-01	  3.31e-02	2.14435e-01
  1.35e-01	  3.36e-02	2.13267e-01
  1.35e-01	  3.41e-02	2.11984e-01
  1.35e-01	  3.46e-02	2.10587e-01
  1.35e-01	  3.52e-02	2.09075e-01
  1.35e-01	  3.57e-02	2.07446e-01
  1.35e-01	  3.62e-02	2.05697e-01
  1.35e-01	  3.67e-02	2.03821e-01
  1.35e-01	  3.72e-02	2.01808e-01
  1.35e-01	  3.78e-02	1.99638e-01
  1.35e-01	  3.83e-02	1.97277e-01
  1.35e-01	  3.88e-02	1.94673e-01
  1.35e-01	  3.93e-02	1.91733e-01
  1.35e-01	  3.98e-02	1.85404e-01
  1.35e-01	  4.04e-02	6.82403e-34
  1.35e-01	  4.09e-02	1.02308e-66
  1.35e-01	  4.14e-02	1.53384e-99
  1.35e-01	  4.19e-02	2.29958e-132
  1.35e-01	  4.24e-02	3.44759e-165
  1.35e-01	  4.30e-02	5.16870e-198
  1.35e-01	  4.35e-02	7.74902e-231
  1.35e-01	  4.40e-02	1.16175e-263
  1.35e-01	  4.45e-02	1.74171e-296
  1.35e-01	  4.51e-02	0.00000e+00
  1.35e-01	  4.56e-02	0.00000e+00
  1.35e-01	  4.61e-02	0.00000e+00
  1.35e-01	  4.66e-02	0.00000e+00
  1.35e-01	  4.71e-02	0.00000e+00
  1.35e-01	  4.77e-02	0.00000e+00
  1.35e-01	  4.82e-02	0.00000e+00
  1.35e-01	  4.87e-02	0.00000e+00
  1.35e-01	  4.92e-02	0.00000e+00
  1.35e-01	  4.97e-02	0.00000e+00

  1.36e-01	  2.60e-04	0.00000e+00
  1.36e-01	  7.81e-04	0.00000e+00
  1.36e-01	  1.30e-03	0.00000e+00
  1.36e-01	  1.82e-03	0.00000e+00
  1.36e-01	  2.34e-03	0.00000e+00
  1.36e-01	  2.86e-03	0.00000e+00
  1.36e-01	  3.39e-03	0.00000e+00
  1.36e-01	  3.91e-03	0.00000e+00
  1.36e-01	  4.43e-03	0.00000e+00
  1.36e-01	  4.95e-03	1.31889e-296
  1.36e-01	  5.47e-03	8.79705e-264
  1.36e-01	  5.99e-03	5.86768e-231
  1.36e-01	  6.51e-03	3.91377e-198
  1.36e-01	  7.03e-03	2.61050e-165
  1.36e-01	  7.55e-03	1.74121e-132
  1.36e-01	  8.07e-03	1.16140e-99
  1.36e-01	  8.59e-03	7.74654e-67
  1.36e-01	  9.11e-03	5.16696e-34
  1.36e-01	  9.64e-03	1.49437e-01
  1.36e-01	  1.02e-02	1.55648e-01
  1.36e-01	  1.07e-02	1.58734e-01
  1.36e-01	  1.12e-02	1.61626e-01
  1.36e-01	  1.17e-02	1.64407e-01
  1.36e-01	  1.22e-02	1.67125e-01
  1.36e-01	  1.28e-02	1.69806e-01
  1.36e-01	  1.33e-02	1.72462e-01
  1.36e-01	  1.38e-02	1.75101e-01
  1.36e-01	  1.43e-02	1.77723e-01
  1.36e-01	  1.48e-02	1.80326e-01
  1.36e-01	  1.54e-02	1.82907e-01
  1.36e-01	  1.59e-02	1.85459e-01
  1.36e-01	  1.64e-02	1.87974e-01
  1.36e-01	  1.69e-02	1.90445e-01
  1.36e-01	  1.74e-02	1.92865e-01
  1.36e-01	  1.80e-02	1.95224e-01
  1.36e-01	  1.85e-02	1.97513e-01
  1.36e-01	  1.90e-02	1.99724e-01
  1.36e-01	  1.95e-02	2.01850e-01
  1.36e-01	  2.01e-02	2.03880e-01
  1.36e-01	  2.06e-02	2.05809e-01
  1.36e-01	  2.11e-02	2.07627e-01
  1.36e-01	  2.16e-02	2.09330e-01
  1.36e-01	  2.21e-02	2.10910e-01
  1.36e-01	  2.27e-02	2.12364e-01
  1.36e-01	  2.32e-02	2.13687e-01
  1.36e-01	  2.37e-02	2.14876e-01
  1.36e-01	  2.42e-02	2.15930e-01
  1.36e-01	  2.47e-02	2.16848e-01
  1.36e-01	  2.53e-02	2.17630e-01
  1.36e-01	  2.58e-02	2.18277e-01
  1.36e-01	  2.63e-02	2.18791e-01
  1.36e-01	  2.68e-02	2.19175e-01
  1.36e-01	  2.73e-02	2.19431e-01
  1.36e-01	  2.79e-02	2.19562e-01
  1.36e-01	  2.84e-02	2.19570e-01
  1.36e-01	  2.89e-02	2.19458e-01
  1.36e-01	  2.94e-02	2.19227e-01
  1.36e-01	  2.99e-02	2.18879e-01
  1.36e-01	  3.05e-02	2.18416e-01
  1.36e-01	  3.10e-02	2.17837e-01
  1.36e-01	  3.15e-02	2.17143e-01
  1.36e-01	  3.20e-02	2.16333e-01
  1.36e-01	  3.26e-02	2.15409e-01
  1.36e-01	  3.31e-02	2.14369e-01
  1.36e-01	  3.36e-02	2.13214e-01
  1.36e-01	  3.41e-02	2.11942e-01
  1.36e-01	  3.46e-02	2.10554e-01
  1.36e-01	  3.52e-02	2.09048e-01
  1.36e-01	  3.57e-02	2.07422e-01
  1.36e-01	  3.62e-02	2.05671e-01
  1.36e-01	  3.67e-02	2.03787e-01
  1.36e-01	  3.72e-02	2.01755e-01
  1.36e-01	  3.78e-02	1.99554e-01
  1.36e-01	  3.83e-02	1.97146e-01
  1.36e-01	  3.88e-02	1.94470e-01
  1.36e-01	  3.93e-02	1.91421e-01
  1.36e-01	  3.98e-02	1.84816e-01
  1.36e-01	  4.04e-02	6.79591e-34
  1.36e-01	  4.09e-02	1.01885e-66
  1.36e-01	  4.14e-02	1.52747e-99
  1.36e-01	  4.19e-02	2.28999e-132
  1.36e-01	  4.24e-02	3.43316e-165
  1.36e-01	  4.30e-02	5.14699e-198
  1.36e-01	  4.35e-02	7.71634e-231
  1.36e-01	  4.40e-02	1.15683e-263
  1.36e-01	  4.45e-02	1.73430e-296
  1.36e-01	  4.51e-02	0.00000e+00
  1.36e-01	  4.56e-02	0.00000e+00
  1.36e-01	  4.61e-02	0.00000e+00
  1.36e-01	  4.66e-02	0.00000e+00
  1.36e-01	  4.71e-02	0.00000e+00
  1.36e-01	  4.77e-02	0.00000e+00
  1.36e-01	  4.82e-02	0.00000e+00
  1.36e-01	  4.87e-02	0.00000e+00
  1.36e-01	  4.92e-02	0.00000e+00
  1.36e-01	  4.97e-02	0.00000e+00

  1.37e-01	  2.60e-04	0.00000e+00
  1.37e-01	  7.81e-04	0.00000e+00
  1.37e-01	  1.30e-03	0.00000e+00
  1.37e-01	  1.82e-03	0.00000e+00
  1.37e-01	  2.34e-03	0.00000e+00
  1.37e-01	  2.86e-03	0.00000e+00
  1.37e-01	  3.39e-03	0.00000e+00
  1.37e-01	  3.91e-03	0.00000e+00
  1.37e-01	  4.43e-03	0.00000e+00
  1.37e-01	  4.95e-03	1.31604e-296
  1.37e-01	  5.47e-03	8.77825e-264
  1.37e-01	  5.99e-03	5.85526e-231
  1.37e-01	  6.51e-03	3.90557e-198
  1.37e-01	  7.03e-03	2.60509e-165
  1.37e-01	  7.55e-03	1.73764e-132
  1.37e-01	  8.07e-03	1.15904e-99
  1.37e-01	  8.59e-03	7.73095e-67
  1.37e-01	  9.11e-03	5.15666e-34
  1.37e-01	  9.64e-03	1.49206e-01
  1.37e-01	  1.02e-02	1.55709e-01
  1.37e-01	  1.07e-02	1.58912e-01
  1.37e-01	  1.12e-02	1.61878e-01
  1.37e-01	  1.17e-02	1.64708e-01
  1.37e-01	  1.22e-02	1.67455e-01
  1.37e-01	  1.28e-02	1.70150e-01
  1.37e-01	  1.33e-02	1.72810e-01
  1.37e-01	  1.38e-02	1.75444e-01
  1.37e-01	  1.43e-02	1.78056e-01
  1.37e-01	  1.48e-02	1.80643e-01
  1.37e-01	  1.54e-02	1.83203e-01
  1.37e-01	  1.59e-02	1.85731e-01
  1.37e-01	  1.64e-02	1.88220e-01
  1.37e-01	  1.69e-02	1.90664e-01
  1.37e-01	  1.74e-02	1.93054e-01
  1.37e-01	  1.80e-02	1.95383e-01
  1.37e-01	  1.85e-02	1.97643e-01
  1.37e-01	  1.90e-02	1.99825e-01
  1.37e-01	  1.95e-02	2.01921e-01
  1.37e-01	  2.01e-02	2.03924e-01
  1.37e-01	  2.06e-02	2.05825e-01
  1.37e-01	  2.11e-02	2.07619e-01
  1.37e-01	  2.16e-02	2.09297e-01
  1.37e-01	  2.21e-02	2.10856e-01
  1.37e-01	  2.27e-02	2.12289e-01
  1.37e-01	  2.32e-02	2.13594e-01
  1.37e-01	  2.37e-02	2.14768e-01
  1.37e-01	  2.42e-02	2.15809e-01
  1.37e-01	  2.47e-02	2.16715e-01
  1.37e-01	  2.53e-02	2.17489e-01
  1.37e-01	  2.58e-02	2.18130e-01
  1.37e-01	  2.63e-02	2.18641e-01
  1.37e-01	  2.68e-02	2.19023e-01
  1.37e-01	  2.73e-02	2.19279e-01
  1.37e-01	  2.79e-02	2.19412e-01
  1.37e-01	  2.84e-02	2.19424e-01
  1.37e-01	  2.89e-02	2.19317e-01
  1.37e-01	  2.94e-02	2.19093e-01
  1.37e-01	  2.99e-02	2.18754e-01
  1.37e-01	  3.05e-02	2.18300e-01
  1.37e-01	  3.10e-02	2.17731e-01
  1.37e-01	  3.15e-02	2.17048e-01
  1.37e-01	  3.20e-02	2.16251e-01
  1.37e-01	  3.26e-02	2.15338e-01
  1.37e-01	  3.31e-02	2.14311e-01
  1.37e-01	  3.36e-02	2.13166e-01
  1.37e-01	  3.41e-02	2.11905e-01
  1.37e-01	  3.46e-02	2.10526e-01
  1.37e-01	  3.52e-02	2.09025e-01
  1.37e-01	  3.57e-02	2.07401e-01
  1.37e-01	  3.62e-02	2.05646e-01
  1.37e-01	  3.67e-02	2.03752e-01
  1.37e-01	  3.72e-02	2.01701e-01
  1.37e-01	  3.78e-02	1.99468e-01
  1.37e-01	  3.83e-02	1.97011e-01
  1.37e-01	  3.88e-02	1.94261e-01
  1.37e-01	  3.93e-02	1.91096e-01
  1.37e-01	  3.98e-02	1.84201e-01
  1.37e-01	  4.04e-02	6.76655e-34
  1.37e-01	  4.09e-02	1.01443e-66
  1.37e-01	  4.14e-02	1.52082e-99
  1.37e-01	  4.19e-02	2.27998e-132
  1.37e-01	  4.24e-02	3.41810e-165
  1.37e-01	  4.30e-02	5.12432e-198
  1.37e-01	  4.35e-02	7.68222e-231
  1.37e-01	  4.40e-02	1.15169e-263
  1.37e-01	  4.45e-02	1.72657e-296
  1.37e-01	  4.51e-02	0.00000e+00
  1.37e-01	  4.56e-02	0.00000e+00
  1.37e-01	  4.61e-02	0.00000e+00
  1.37e-01	  4.66e-02	0.00000e+00
  1.37e-01	  4.71e-02	0.00000e+00
  1.37e-01	  4.77e-02	0.00000e+00
  1.37e-01	  4.82e-02	0.00000e+00
  1.37e-01	  4.87e-02	0.00000e+00
  1.37e-01	  4.92e-02	0.00000e+00
  1.37e-01	  4.97e-02	0.00000e+00

  1.37e-01	  2.60e-04	0.00000e+00
  1.37e-01	  7.81e-04	0.00000e+00
  1.37e-01	  1.30e-03	0.00000e+00
  1.37e-01	  1.82e-03	0.00000e+00
  1.37e-01	  2.34e-03	0.00000e+00
  1.37e-01	  2.86e-03	0.00000e+00
  1.37e-01	  3.39e-03	0.00000e+00
  1.37e-01	  3.91e-03	0.00000e+00
  1.37e-01	  4.43e-03	0.00000e+00
  1.37e-01	  4.95e-03	1.31269e-296
  1.37e-01	  5.47e-03	8.75613e-264
  1.37e-01	  5.99e-03	5.84064e-231
  1.37e-01	  6.51e-03	3.89591e-198
  1.37e-01	  7.03e-03	2.59870e-165
  1.37e-01	  7.55e-03	1.73342e-132
  1.37e-01	  8.07e-03	1.15624e-99
  1.37e-01	  8.59e-03	7.71250e-67
  1.37e-01	  9.11e-03	5.14447e-34
  1.37e-01	  9.64e-03	1.48933e-01
  1.37e-01	  1.02e-02	1.55742e-01
  1.37e-01	  1.07e-02	1.59068e-01
  1.37e-01	  1.12e-02	1.62113e-01
  1.37e-01	  1.17e-02	1.64992e-01
  1.37e-01	  1.22e-02	1.67769e-01
  1.37e-01	  1.28e-02	1.70480e-01
  1.37e-01	  1.33e-02	1.73145e-01
  1.37e-01	  1.38e-02	1.75776e-01
  1.37e-01	  1.43e-02	1.78378e-01
  1.37e-01	  1.48e-02	1.80950e-01
  1.37e-01	  1.54e-02	1.83491e-01
  1.37e-01	  1.59e-02	1.85996e-01
  1.37e-01	  1.64e-02	1.88461e-01
  1.37e-01	  1.69e-02	1.90878e-01
  1.37e-01	  1.74e-02	1.93241e-01
  1.37e-01	  1.80e-02	1.95542e-01
  1.37e-01	  1.85e-02	1.97773e-01
  1.37e-01	  1.90e-02	1.99927e-01
  1.37e-01	  1.95e-02	2.01996e-01
  1.37e-01	  2.01e-02	2.03971e-01
  1.37e-01	  2.06e-02	2.05847e-01
  1.37e-01	  2.11e-02	2.07616e-01
  1.37e-01	  2.16e-02	2.09272e-01
  1.37e-01	  2.21e-02	2.10809e-01
  1.37e-01	  2.27e-02	2.12224e-01
  1.37e-01	  2.32e-02	2.13511e-01
  1.37e-01	  2.37e-02	2.14670e-01
  1.37e-01	  2.42e-02	2.15698e-01
  1.37e-01	  2.47e-02	2.16594e-01
  1.37e-01	  2.53e-02	2.17359e-01
  1.37e-01	  2.58e-02	2.17995e-01
  1.37e-01	  2.63e-02	2.18501e-01
  1.37e-01	  2.68e-02	2.18882e-01
  1.37e-01	  2.73e-02	2.19138e-01
  1.37e-01	  2.79e-02	2.19273e-01
  1.37e-01	  2.84e-02	2.19289e-01
  1.37e-01	  2.89e-02	2.19187e-01
  1.37e-01	  2.94e-02	2.18970e-01
  1.37e-01	  2.99e-02	2.18639e-01
  1.37e-01	  3.05e-02	2.18194e-01
  1.37e-01	  3.10e-02	2.17635e-01
  1.37e-01	  3.15e-02	2.16963e-01
  1.37e-01	  3.20e-02	2.16177e-01
  1.37e-01	  3.26e-02	2.15276e-01
  1.37e-01	  3.31e-02	2.14259e-01
  1.37e-01	  3.36e-02	2.13126e-01
  1.37e-01	  3.41e-02	2.11874e-01
  1.37e-01	  3.46e-02	2.10502e-01
  1.37e-01	  3.52e-02	2.09006e-01
  1.37e-01	  3.57e-02	2.07383e-01
  1.37e-01	  3.62e-02	2.05624e-01
  1.37e-01	  3.67e-02	2.03718e-01
  1.37e-01	  3.72e-02	2.01646e-01
  1.37e-01	  3.78e-02	1.99381e-01
  1.37e-01	  3.83e-02	1.96873e-01
  1.37e-01	  3.88e-02	1.94046e-01
  1.37e-01	  3.93e-02	1.90762e-01
  1.37e-01	  3.98e-02	1.83561e-01
  1.37e-01	  4.04e-02	6.73601e-34
  1.37e-01	  4.09e-02	1.00984e-66
  1.37e-01	  4.14e-02	1.51390e-99
  1.37e-01	  4.19e-02	2.26957e-132
  1.37e-01	  4.24e-02	3.40243e-165
  1.37e-01	  4.30e-02	5.10073e-198
  1.37e-01	  4.35e-02	7.64672e-231
  1.37e-01	  4.40e-02	1.14635e-263
  1.37e-01	  4.45e-02	1.71853e-296
  1.37e-01	  4.51e-02	0.00000e+00
  1.37e-01	  4.56e-02	0.00000e+00
  1.37e-01	  4.61e-02	0.00000e+00
  1.37e-01	  4.66e-02	0.00000e+00
  1.37e-01	  4.71e-02	0.00000e+00
  1.37e-01	  4.77e-02	0.00000e+00
  1.37e-01	  4.82e-02	0.00000e+00
  1.37e-01	  4.87e-02	0.00000e+00
  1.37e-01	  4.92e-02	0.00000e+00
  1.37e-01	  4.97e-02	0.00000e+00

  1.38e-01	  2.60e-04	0.00000e+00
  1.38e-01	  7.81e-04	0.00000e+00
  1.38e-01	  1.30e-03	0.00000e+00
  1.38e-01	  1.82e-03	0.00000e+00
  1.38e-01	  2.34e-03	0.00000e+00
  1.38e-01	  2.86e-03	0.00000e+00
  1.38e-01	  3.39e-03	0.00000e+00
  1.38e-01	  3.91e-03	0.00000e+00
  1.38e-01	  4.43e-03	0.00000e+00
  1.38e-01	  4.95e-03	1.30885e-296
  1.38e-01	  5.47e-03	8.73073e-264
  1.38e-01	  5.99e-03	5.82384e-231
  1.38e-01	  6.51e-03	3.88479e-198
  1.38e-01	  7.03e-03	2.59134e-165
  1.38e-01	  7.55e-03	1.72855e-132
  1.38e-01	  8.07e-03	1.15302e-99
  1.38e-01	  8.59e-03	7.69121e-67
  1.38e-01	  9.11e-03	5.13038e-34
  1.38e-01	  9.64e-03	1.48617e-01
  1.38e-01	  1.02e-02	1.55750e-01
  1.38e-01	  1.07e-02	1.59205e-01
  1.38e-01	  1.12e-02	1.62330e-01
  1.38e-01	  1.17e-02	1.65260e-01
  1.38e-01	  1.22e-02	1.68068e-01
  1.38e-01	  1.28e-02	1.70796e-01
  1.38e-01	  1.33e-02	1.73467e-01
  1.38e-01	  1.38e-02	1.76096e-01
  1.38e-01	  1.43e-02	1.78689e-01
  1.38e-01	  1.48e-02	1.81247e-01
  1.38e-01	  1.54e-02	1.83770e-01
  1.38e-01	  1.59e-02	1.86255e-01
  1.38e-01	  1.64e-02	1.88696e-01
  1.38e-01	  1.69e-02	1.91088e-01
  1.38e-01	  1.74e-02	1.93425e-01
  1.38e-01	  1.80e-02	1.95699e-01
  1.38e-01	  1.85e-02	1.97903e-01
  1.38e-01	  1.90e-02	2.00030e-01
  1.38e-01	  1.95e-02	2.02072e-01
  1.38e-01	  2.01e-02	2.04022e-01
  1.38e-01	  2.06e-02	2.05873e-01
  1.38e-01	  2.11e-02	2.07619e-01
  1.38e-01	  2.16e-02	2.09253e-01
  1.38e-01	  2.21e-02	2.10770e-01
  1.38e-01	  2.27e-02	2.12166e-01
  1.38e-01	  2.32e-02	2.13437e-01
  1.38e-01	  2.37e-02	2.14581e-01
  1.38e-01	  2.42e-02	2.15597e-01
  1.38e-01	  2.47e-02	2.16483e-01
  1.38e-01	  2.53e-02	2.17240e-01
  1.38e-01	  2.58e-02	2.17870e-01
  1.38e-01	  2.63e-02	2.18373e-01
  1.38e-01	  2.68e-02	2.18752e-01
  1.38e-01	  2.73e-02	2.19008e-01
  1.38e-01	  2.79e-02	2.19145e-01
  1.38e-01	  2.84e-02	2.19164e-01
  1.38e-01	  2.89e-02	2.19068e-01
  1.38e-01	  2.94e-02	2.18857e-01
  1.38e-01	  2.99e-02	2.18534e-01
  1.38e-01	  3.05e-02	2.18097e-01
  1.38e-01	  3.10e-02	2.17548e-01
  1.38e-01	  3.15e-02	2.16887e-01
  1.38e-01	  3.20e-02	2.16111e-01
  1.38e-01	  3.26e-02	2.15221e-01
  1.38e-01	  3.31e-02	2.14215e-01
  1.38e-01	  3.36e-02	2.13092e-01
  1.38e-01	  3.41e-02	2.11849e-01
  1.38e-01	  3.46e-02	2.10483e-01
  1.38e-01	  3.52e-02	2.08992e-01
  1.38e-01	  3.57e-02	2.07368e-01
  1.38e-01	  3.62e-02	2.05604e-01
  1.38e-01	  3.67e-02	2.03686e-01
  1.38e-01	  3.72e-02	2.01594e-01
  1.38e-01	  3.78e-02	1.99294e-01
  1.38e-01	  3.83e-02	1.96735e-01
  1.38e-01	  3.88e-02	1.93828e-01
  1.38e-01	  3.93e-02	1.90418e-01
  1.38e-01	  3.98e-02	1.82897e-01
  1.38e-01	  4.04e-02	6.70435e-34
  1.38e-01	  4.09e-02	1.00507e-66
  1.38e-01	  4.14e-02	1.50673e-99
  1.38e-01	  4.19e-02	2.25878e-132
  1.38e-01	  4.24e-02	3.38618e-165
  1.38e-01	  4.30e-02	5.07628e-198
  1.38e-01	  4.35e-02	7.60991e-231
  1.38e-01	  4.40e-02	1.14081e-263
  1.38e-01	  4.45e-02	1.71019e-296
  1.38e-01	  4.51e-02	0.00000e+00
  1.38e-01	  4.56e-02	0.00000e+00
  1.38e-01	  4.61e-02	0.00000e+00
  1.38e-01	  4.66e-02	0.00000e+00
  1.38e-01	  4.71e-02	0.00000e+00
  1.38e-01	  4.77e-02	0.00000e+00
  1.38e-01	  4.82e-02	0.00000e+00
  1.38e-01	  4.87e-02	0.00000e+00
  1.38e-01	  4.92e-02	0.00000e+00
  1.38e-01	  4.97e-02	0.00000e+00

  1.39e-01	  2.60e-04	0.00000e+00
  1.39e-01	  7.81e-04	0.00000e+00
  1.39e-01	  1.30e-03	0.00000e+00
  1.39e-01	  1.82e-03	0.00000e+00
  1.39e-01	  2.34e-03	0.00000e+00
  1.39e-01	  2.86e-03	0.00000e+00
  1.39e-01	  3.39e-03	0.00000e+00
  1.39e-01	  3.91e-03	0.00000e+00
  1.39e-01	  4.43e-03	0.00000e+00
  1.39e-01	  4.95e-03	1.30453e-296
  1.39e-01	  5.47e-03	8.70211e-264
  1.39e-01	  5.99e-03	5.80490e-231
  1.39e-01	  6.51e-03	3.87225e-198
  1.39e-01	  7.03e-03	2.58304e-165
  1.39e-01	  7.55e-03	1.72306e-132
  1.39e-01	  8.07e-03	1.14939e-99
  1.39e-01	  8.59e-03	7.66713e-67
  1.39e-01	  9.11e-03	5.11444e-34
  1.39e-01	  9.64e-03	1.48259e-01
  1.39e-01	  1.02e-02	1.55733e-01
  1.39e-01	  1.07e-02	1.59323e-01
  1.39e-01	  1.12e-02	1.62531e-01
  1.39e-01	  1.17e-02	1.65513e-01
  1.39e-01	  1.22e-02	1.68353e-01
  1.39e-01	  1.28e-02	1.71098e-01
  1.39e-01	  1.33e-02	1.73777e-01
  1.39e-01	  1.38e-02	1.76405e-01
  1.39e-01	  1.43e-02	1.78990e-01
  1.39e-01	  1.48e-02	1.81535e-01
  1.39e-01	  1.54e-02	1.84041e-01
  1.39e-01	  1.59e-02	1.86506e-01
  1.39e-01	  1.64e-02	1.88925e-01
  1.39e-01	  1.69e-02	1.91293e-01
  1.39e-01	  1.74e-02	1.93605e-01
  1.39e-01	  1.80e-02	1.95854e-01
  1.39e-01	  1.85e-02	1.98032e-01
  1.39e-01	  1.90e-02	2.00133e-01
  1.39e-01	  1.95e-02	2.02150e-01
  1.39e-01	  2.01e-02	2.04075e-01
  1.39e-01	  2.06e-02	2.05903e-01
  1.39e-01	  2.11e-02	2.07626e-01
  1.39e-01	  2.16e-02	2.09239e-01
  1.39e-01	  2.21e-02	2.10737e-01
  1.39e-01	  2.27e-02	2.12115e-01
  1.39e-01	  2.32e-02	2.13371e-01
  1.39e-01	  2.37e-02	2.14501e-01
  1.39e-01	  2.42e-02	2.15505e-01
  1.39e-01	  2.47e-02	2.16382e-01
  1.39e-01	  2.53e-02	2.17131e-01
  1.39e-01	  2.58e-02	2.17755e-01
  1.39e-01	  2.63e-02	2.18255e-01
  1.39e-01	  2.68e-02	2.18632e-01
  1.39e-01	  2.73e-02	2.18888e-01
  1.39e-01	  2.79e-02	2.19027e-01
  1.39e-01	  2.84e-02	2.19050e-01
  1.39e-01	  2.89e-02	2.18959e-01
  1.39e-01	  2.94e-02	2.18754e-01
  1.39e-01	  2.99e-02	2.18438e-01
  1.39e-01	  3.05e-02	2.18010e-01
  1.39e-01	  3.10e-02	2.17471e-01
  1.39e-01	  3.15e-02	2.16819e-01
  1.39e-01	  3.20e-02	2.16054e-01
  1.39e-01	  3.26e-02	2.15174e-01
  1.39e-01	  3.31e-02	2.14179e-01
  1.39e-01	  3.36e-02	2.13065e-01
  1.39e-01	  3.41e-02	2.11830e-01
  1.39e-01	  3.46e-02	2.10471e-01
  1.39e-01	  3.52e-02	2.08982e-01
  1.39e-01	  3.57e-02	2.07359e-01
  1.39e-01	  3.62e-02	2.05589e-01
  1.39e-01	  3.67e-02	2.03659e-01
  1.39e-01	  3.72e-02	2.01544e-01
  1.39e-01	  3.78e-02	1.99210e-01
  1.39e-01	  3.83e-02	1.96598e-01
  1.39e-01	  3.88e-02	1.93609e-01
  1.39e-01	  3.93e-02	1.90068e-01
  1.39e-01	  3.98e-02	1.82210e-01
  1.39e-01	  4.04e-02	6.67164e-34
  1.39e-01	  4.09e-02	1.00015e-66
  1.39e-01	  4.14e-02	1.49932e-99
  1.39e-01	  4.19e-02	2.24762e-132
  1.39e-01	  4.24e-02	3.36939e-165
  1.39e-01	  4.30e-02	5.05101e-198
  1.39e-01	  4.35e-02	7.57187e-231
  1.39e-01	  4.40e-02	1.13508e-263
  1.39e-01	  4.45e-02	1.70157e-296
  1.39e-01	  4.51e-02	0.00000e+00
  1.39e-01	  4.56e-02	0.00000e+00
  1.39e-01	  4.61e-02	0.00000e+00
  1.39e-01	  4.66e-02	0.00000e+00
  1.39e-01	  4.71e-02	0.00000e+00
  1.39e-01	  4.77e-02	0.00000e+00
  1.39e-01	  4.82e-02	0.00000e+00
  1.39e-01	  4.87e-02	0.00000e+00
  1.39e-01	  4.92e-02	0.00000e+00
  1.39e-01	  4.97e-02	0.00000e+00

  1.40e-01	  2.60e-04	0.00000e+00
  1.40e-01	  7.81e-04	0.00000e+00
  1.40e-01	  1.30e-03	0.00000e+00
  1.40e-01	  1.82e-03	0.00000e+00
  1.40e-01	  2.34e-03	0.00000e+00
  1.40e-01	  2.86e-03	0.00000e+00
  1.40e-01	  3.39e-03	0.00000e+00
  1.40e-01	  3.91e-03	0.00000e+00
  1.40e-01	  4.43e-03	0.00000e+00
  1.40e-01	  4.95e-03	1.29973e-296
  1.40e-01	  5.47e-03	8.67030e-264
  1.40e-01	  5.99e-03	5.78383e-231
  1.40e-01	  6.51e-03	3.85830e-198
  1.40e-01	  7.03e-03	2.57381e-165
  1.40e-01	  7.55e-03	1.71694e-132
  1.40e-01	  8.07e-03	1.14534e-99
  1.40e-01	  8.59e-03	7.64032e-67
  1.40e-01	  9.11e-03	5.09669e-34
  1.40e-01	  9.64e-03	1.47860e-01
  1.40e-01	  1.02e-02	1.55691e-01
  1.40e-01	  1.07e-02	1.59423e-01
  1.40e-01	  1.12e-02	1.62716e-01
  1.40e-01	  1.17e-02	1.65751e-01
  1.40e-01	  1.22e-02	1.68624e-01
  1.40e-01	  1.28e-02	1.71388e-01
  1.40e-01	  1.33e-02	1.74074e-01
  1.40e-01	  1.38e-02	1.76702e-01
  1.40e-01	  1.43e-02	1.79280e-01
  1.40e-01	  1.48e-02	1.81813e-01
  1.40e-01	  1.54e-02	1.84304e-01
  1.40e-01	  1.59e-02	1.86750e-01
  1.40e-01	  1.64e-02	1.89148e-01
  1.40e-01	  1.69e-02	1.91493e-01
  1.40e-01	  1.74e-02	1.93781e-01
  1.40e-01	  1.80e-02	1.96005e-01
  1.40e-01	  1.85e-02	1.98159e-01
  1.40e-01	  1.90e-02	2.00235e-01
  1.40e-01	  1.95e-02	2.02228e-01
  1.40e-01	  2.01e-02	2.04130e-01
  1.40e-01	  2.06e-02	2.05935e-01
  1.40e-01	  2.11e-02	2.07637e-01
  1.40e-01	  2.16e-02	2.09230e-01
  1.40e-01	  2.21e-02	2.10709e-01
  1.40e-01	  2.27e-02	2.12071e-01
  1.40e-01	  2.32e-02	2.13311e-01
  1.40e-01	  2.37e-02	2.14429e-01
  1.40e-01	  2.42e-02	2.15421e-01
  1.40e-01	  2.47e-02	2.16289e-01
  1.40e-01	  2.53e-02	2.17031e-01
  1.40e-01	  2.58e-02	2.17650e-01
  1.40e-01	  2.63e-02	2.18146e-01
  1.40e-01	  2.68e-02	2.18521e-01
  1.40e-01	  2.73e-02	2.18778e-01
  1.40e-01	  2.79e-02	2.18919e-01
  1.40e-01	  2.84e-02	2.18945e-01
  1.40e-01	  2.89e-02	2.18859e-01
  1.40e-01	  2.94e-02	2.18661e-01
  1.40e-01	  2.99e-02	2.18352e-01
  1.40e-01	  3.05e-02	2.17932e-01
  1.40e-01	  3.10e-02	2.17402e-01
  1.40e-01	  3.15e-02	2.16759e-01
  1.40e-01	  3.20e-02	2.16005e-01
  1.40e-01	  3.26e-02	2.15135e-01
  1.40e-01	  3.31e-02	2.14149e-01
  1.40e-01	  3.36e-02	2.13044e-01
  1.40e-01	  3.41e-02	2.11817e-01
  1.40e-01	  3.46e-02	2.10464e-01
  1.40e-01	  3.52e-02	2.08979e-01
  1.40e-01	  3.57e-02	2.07354e-01
  1.40e-01	  3.62e-02	2.05579e-01
  1.40e-01	  3.67e-02	2.03635e-01
  1.40e-01	  3.72e-02	2.01499e-01
  1.40e-01	  3.78e-02	1.99130e-01
  1.40e-01	  3.83e-02	1.96463e-01
  1.40e-01	  3.88e-02	1.93390e-01
  1.40e-01	  3.93e-02	1.89711e-01
  1.40e-01	  3.98e-02	1.81500e-01
  1.40e-01	  4.04e-02	6.63792e-34
  1.40e-01	  4.09e-02	9.95072e-67
  1.40e-01	  4.14e-02	1.49168e-99
  1.40e-01	  4.19e-02	2.23612e-132
  1.40e-01	  4.24e-02	3.35207e-165
  1.40e-01	  4.30e-02	5.02494e-198
  1.40e-01	  4.35e-02	7.53263e-231
  1.40e-01	  4.40e-02	1.12917e-263
  1.40e-01	  4.45e-02	1.69268e-296
  1.40e-01	  4.51e-02	0.00000e+00
  1.40e-01	  4.56e-02	0.00000e+00
  1.40e-01	  4.61e-02	0.00000e+00
  1.40e-01	  4.66e-02	0.00000e+00
  1.40e-01	  4.71e-02	0.00000e+00
  1.40e-01	  4.77e-02	0.00000e+00
  1.40e-01	  4.82e-02	0.00000e+00
  1.40e-01	  4.87e-02	0.00000e+00
  1.40e-01	  4.92e-02	0.00000e+00
  1.40e-01	  4.97e-02	0.00000e+00

  1.41e-01	  2.60e-04	0.00000e+00
  1.41e-01	  7.81e-04	0.00000e+00
  1.41e-01	  1.30e-03	0.00000e+00
  1.41e-01	  1.82e-03	0.00000e+00
  1.41e-01	  2.34e-03	0.00000e+00
  1.41e-01	  2.86e-03	0.00000e+00
  1.41e-01	  3.39e-03	0.00000e+00
  1.41e-01	  3.91e-03	0.00000e+00
  1.41e-01	  4.43e-03	0.00000e+00
  1.41e-01	  4.95e-03	1.29444e-296
  1.41e-01	  5.47e-03	8.63529e-264
  1.41e-01	  5.99e-03	5.76065e-231
  1.41e-01	  6.51e-03	3.84295e-198
  1.41e-01	  7.03e-03	2.56364e-165
  1.41e-01	  7.55e-03	1.71021e-132
  1.41e-01	  8.07e-03	1.14088e-99
  1.41e-01	  8.59e-03	7.61077e-67
  1.41e-01	  9.11e-03	5.07711e-34
  1.41e-01	  9.64e-03	1.47419e-01
  1.41e-01	  1.02e-02	1.55626e-01
  1.41e-01	  1.07e-02	1.59505e-01
  1.41e-01	  1.12e-02	1.62886e-01
  1.41e-01	  1.17e-02	1.65977e-01
  1.41e-01	  1.22e-02	1.68883e-01
  1.41e-01	  1.28e-02	1.71665e-01
  1.41e-01	  1.33e-02	1.74360e-01
  1.41e-01	  1.38e-02	1.76987e-01
  1.41e-01	  1.43e-02	1.79559e-01
  1.41e-01	  1.48e-02	1.82081e-01
  1.41e-01	  1.54e-02	1.84557e-01
  1.41e-01	  1.59e-02	1.86985e-01
  1.41e-01	  1.64e-02	1.89363e-01
  1.41e-01	  1.69e-02	1.91687e-01
  1.41e-01	  1.74e-02	1.93952e-01
  1.41e-01	  1.80e-02	1.96153e-01
  1.41e-01	  1.85e-02	1.98283e-01
  1.41e-01	  1.90e-02	2.00336e-01
  1.41e-01	  1.95e-02	2.02306e-01
  1.41e-01	  2.01e-02	2.04185e-01
  1.41e-01	  2.06e-02	2.05969e-01
  1.41e-01	  2.11e-02	2.07650e-01
  1.41e-01	  2.16e-02	2.09224e-01
  1.41e-01	  2.21e-02	2.10686e-01
  1.41e-01	  2.27e-02	2.12032e-01
  1.41e-01	  2.32e-02	2.13258e-01
  1.41e-01	  2.37e-02	2.14363e-01
  1.41e-01	  2.42e-02	2.15345e-01
  1.41e-01	  2.47e-02	2.16204e-01
  1.41e-01	  2.53e-02	2.16940e-01
  1.41e-01	  2.58e-02	2.17553e-01
  1.41e-01	  2.63e-02	2.18046e-01
  1.41e-01	  2.68e-02	2.18421e-01
  1.41e-01	  2.73e-02	2.18678e-01
  1.41e-01	  2.79e-02	2.18820e-01
  1.41e-01	  2.84e-02	2.18850e-01
  1.41e-01	  2.89e-02	2.18768e-01
  1.41e-01	  2.94e-02	2.18576e-01
  1.41e-01	  2.99e-02	2.18274e-01
  1.41e-01	  3.05e-02	2.17863e-01
  1.41e-01	  3.10e-02	2.17341e-01
  1.41e-01	  3.15e-02	2.16709e-01
  1.41e-01	  3.20e-02	2.15963e-01
  1.41e-01	  3.26e-02	2.15104e-01
  1.41e-01	  3.31e-02	2.14128e-01
  1.41e-01	  3.36e-02	2.13031e-01
  1.41e-01	  3.41e-02	2.11812e-01
  1.41e-01	  3.46e-02	2.10464e-01
  1.41e-01	  3.52e-02	2.08982e-01
  1.41e-01	  3.57e-02	2.07356e-01
  1.41e-01	  3.62e-02	2.05574e-01
  1.41e-01	  3.67e-02	2.03618e-01
  1.41e-01	  3.72e-02	2.01459e-01
  1.41e-01	  3.78e-02	1.99054e-01
  1.41e-01	  3.83e-02	1.96332e-01
  1.41e-01	  3.88e-02	1.93173e-01
  1.41e-01	  3.93e-02	1.89352e-01
  1.41e-01	  3.98e-02	1.80769e-01
  1.41e-01	  4.04e-02	6.60321e-34
  1.41e-01	  4.09e-02	9.89847e-67
  1.41e-01	  4.14e-02	1.48381e-99
  1.41e-01	  4.19e-02	2.22428e-132
  1.41e-01	  4.24e-02	3.33424e-165
  1.41e-01	  4.30e-02	4.99809e-198
  1.41e-01	  4.35e-02	7.49220e-231
  1.41e-01	  4.40e-02	1.12309e-263
  1.41e-01	  4.45e-02	1.68351e-296
  1.41e-01	  4.51e-02	0.00000e+00
  1.41e-01	  4.56e-02	0.00000e+00
  1.41e-01	  4.61e-02	0.00000e+00
  1.41e-01	  4.66e-02	0.00000e+00
  1.41e-01	  4.71e-02	0.00000e+00
  1.41e-01	  4.77e-02	0.00000e+00
  1.41e-01	  4.82e-02	0.00000e+00
  1.41e-01	  4.87e-02	0.00000e+00
  1.41e-01	  4.92e-02	0.00000e+00
  1.41e-01	  4.97e-02	0.00000e+00

  1.41e-01	  2.60e-04	0.00000e+00
  1.41e-01	  7.81e-04	0.00000e+00
  1.41e-01	  1.30e-03	0.00000e+00
  1.41e-01	  1.82e-03	0.00000e+00
  1.41e-01	  2.34e-03	0.00000e+00
  1.41e-01	  2.86e-03	0.00000e+00
  1.41e-01	  3.39e-03	0.00000e+00
  1.41e-01	  3.91e-03	0.00000e+00
  1.41e-01	  4.43e-03	0.00000e+00
  1.41e-01	  4.95e-03	1.28867e-296
  1.41e-01	  5.47e-03	8.59709e-264
  1.41e-01	  5.99e-03	5.73534e-231
  1.41e-01	  6.51e-03	3.82619e-198
  1.41e-01	  7.03e-03	2.55254e-165
  1.41e-01	  7.55e-03	1.70285e-132
  1.41e-01	  8.07e-03	1.13601e-99
  1.41e-01	  8.59e-03	7.57849e-67
  1.41e-01	  9.11e-03	5.05573e-34
  1.41e-01	  9.64e-03	1.46937e-01
  1.41e-01	  1.02e-02	1.55539e-01
  1.41e-01	  1.07e-02	1.59572e-01
  1.41e-01	  1.12e-02	1.63043e-01
  1.41e-01	  1.17e-02	1.66189e-01
  1.41e-01	  1.22e-02	1.69129e-01
  1.41e-01	  1.28e-02	1.71931e-01
  1.41e-01	  1.33e-02	1.74633e-01
  1.41e-01	  1.38e-02	1.77261e-01
  1.41e-01	  1.43e-02	1.79827e-01
  1.41e-01	  1.48e-02	1.82339e-01
  1.41e-01	  1.54e-02	1.84800e-01
  1.41e-01	  1.59e-02	1.87211e-01
  1.41e-01	  1.64e-02	1.89570e-01
  1.41e-01	  1.69e-02	1.91874e-01
  1.41e-01	  1.74e-02	1.94117e-01
  1.41e-01	  1.80e-02	1.96296e-01
  1.41e-01	  1.85e-02	1.98403e-01
  1.41e-01	  1.90e-02	2.00434e-01
  1.41e-01	  1.95e-02	2.02382e-01
  1.41e-01	  2.01e-02	2.04241e-01
  1.41e-01	  2.06e-02	2.06004e-01
  1.41e-01	  2.11e-02	2.07666e-01
  1.41e-01	  2.16e-02	2.09222e-01
  1.41e-01	  2.21e-02	2.10667e-01
  1.41e-01	  2.27e-02	2.11998e-01
  1.41e-01	  2.32e-02	2.13211e-01
  1.41e-01	  2.37e-02	2.14304e-01
  1.41e-01	  2.42e-02	2.15277e-01
  1.41e-01	  2.47e-02	2.16127e-01
  1.41e-01	  2.53e-02	2.16856e-01
  1.41e-01	  2.58e-02	2.17465e-01
  1.41e-01	  2.63e-02	2.17955e-01
  1.41e-01	  2.68e-02	2.18328e-01
  1.41e-01	  2.73e-02	2.18586e-01
  1.41e-01	  2.79e-02	2.18731e-01
  1.41e-01	  2.84e-02	2.18764e-01
  1.41e-01	  2.89e-02	2.18687e-01
  1.41e-01	  2.94e-02	2.18500e-01
  1.41e-01	  2.99e-02	2.18205e-01
  1.41e-01	  3.05e-02	2.17802e-01
  1.41e-01	  3.10e-02	2.17289e-01
  1.41e-01	  3.15e-02	2.16666e-01
  1.41e-01	  3.20e-02	2.15930e-01
  1.41e-01	  3.26e-02	2.15080e-01
  1.41e-01	  3.31e-02	2.14113e-01
  1.41e-01	  3.36e-02	2.13026e-01
  1.41e-01	  3.41e-02	2.11813e-01
  1.41e-01	  3.46e-02	2.10471e-01
  1.41e-01	  3.52e-02	2.08991e-01
  1.41e-01	  3.57e-02	2.07365e-01
  1.41e-01	  3.62e-02	2.05577e-01
  1.41e-01	  3.67e-02	2.03608e-01
  1.41e-01	  3.72e-02	2.01427e-01
  1.41e-01	  3.78e-02	1.98986e-01
  1.41e-01	  3.83e-02	1.96208e-01
  1.41e-01	  3.88e-02	1.92961e-01
  1.41e-01	  3.93e-02	1.88990e-01
  1.41e-01	  3.98e-02	1.80017e-01
  1.41e-01	  4.04e-02	6.56755e-34
  1.41e-01	  4.09e-02	9.84477e-67
  1.41e-01	  4.14e-02	1.47573e-99
  1.41e-01	  4.19e-02	2.21210e-132
  1.41e-01	  4.24e-02	3.31591e-165
  1.41e-01	  4.30e-02	4.97048e-198
  1.41e-01	  4.35e-02	7.45062e-231
  1.41e-01	  4.40e-02	1.11682e-263
  1.41e-01	  4.45e-02	1.67408e-296
  1.41e-01	  4.51e-02	0.00000e+00
  1.41e-01	  4.56e-02	0.00000e+00
  1.41e-01	  4.61e-02	0.00000e+00
  1.41e-01	  4.66e-02	0.00000e+00
  1.41e-01	  4.71e-02	0.00000e+00
  1.41e-01	  4.77e-02	0.00000e+00
  1.41e-01	  4.82e-02	0.00000e+00
  1.41e-01	  4.87e-02	0.00000e+00
  1.41e-01	  4.92e-02	0.00000e+00
  1.41e-01	  4.97e-02	0.00000e+00

  1.42e-01	  2.60e-04	9.88131e-324
  1.42e-01	  7.81e-04	9.88131e-324
  1.42e-01	  1.30e-03	9.88131e-324
  1.42e-01	  1.82e-03	9.88131e-324
  1.42e-01	  2.34e-03	9.88131e-324
  1.42e-01	  2.86e-03	9.88131e-324
  1.42e-01	  3.39e-03	9.88131e-324
  1.42e-01	  3.91e-03	9.88131e-324
  1.42e-01	  4.43e-03	9.88131e-324
  1.42e-01	  4.95e-03	1.28242e-296
  1.42e-01	  5.47e-03	8.55566e-264
  1.42e-01	  5.99e-03	5.70790e-231
  1.42e-01	  6.51e-03	3.80801e-198
  1.42e-01	  7.03e-03	2.54050e-165
  1.42e-01	  7.55e-03	1.69488e-132
  1.42e-01	  8.07e-03	1.13072e-99
  1.42e-01	  8.59e-03	7.54349e-67
  1.42e-01	  9.11e-03	5.03254e-34
  1.42e-01	  9.64e-03	1.46414e-01
  1.42e-01	  1.02e-02	1.55432e-01
  1.42e-01	  1.07e-02	1.59625e-01
  1.42e-01	  1.12e-02	1.63188e-01
  1.42e-01	  1.17e-02	1.66390e-01
  1.42e-01	  1.22e-02	1.69363e-01
  1.42e-01	  1.28e-02	1.72184e-01
  1.42e-01	  1.33e-02	1.74895e-01
  1.42e-01	  1.38e-02	1.77523e-01
  1.42e-01	  1.43e-02	1.80084e-01
  1.42e-01	  1.48e-02	1.82586e-01
  1.42e-01	  1.54e-02	1.85034e-01
  1.42e-01	  1.59e-02	1.87428e-01
  1.42e-01	  1.64e-02	1.89769e-01
  1.42e-01	  1.69e-02	1.92053e-01
  1.42e-01	  1.74e-02	1.94276e-01
  1.42e-01	  1.80e-02	1.96433e-01
  1.42e-01	  1.85e-02	1.98520e-01
  1.42e-01	  1.90e-02	2.00529e-01
  1.42e-01	  1.95e-02	2.02457e-01
  1.42e-01	  2.01e-02	2.04295e-01
  1.42e-01	  2.06e-02	2.06039e-01
  1.42e-01	  2.11e-02	2.07683e-01
  1.42e-01	  2.16e-02	2.09222e-01
  1.42e-01	  2.21e-02	2.10652e-01
  1.42e-01	  2.27e-02	2.11969e-01
  1.42e-01	  2.32e-02	2.13169e-01
  1.42e-01	  2.37e-02	2.14251e-01
  1.42e-01	  2.42e-02	2.15214e-01
  1.42e-01	  2.47e-02	2.16057e-01
  1.42e-01	  2.53e-02	2.16781e-01
  1.42e-01	  2.58e-02	2.17385e-01
  1.42e-01	  2.63e-02	2.17873e-01
  1.42e-01	  2.68e-02	2.18245e-01
  1.42e-01	  2.73e-02	2.18503e-01
  1.42e-01	  2.79e-02	2.18650e-01
  1.42e-01	  2.84e-02	2.18686e-01
  1.42e-01	  2.89e-02	2.18613e-01
  1.42e-01	  2.94e-02	2.18433e-01
  1.42e-01	  2.99e-02	2.18145e-01
  1.42e-01	  3.05e-02	2.17749e-01
  1.42e-01	  3.10e-02	2.17245e-01
  1.42e-01	  3.15e-02	2.16631e-01
  1.42e-01	  3.20e-02	2.15904e-01
  1.42e-01	  3.26e-02	2.15064e-01
  1.42e-01	  3.31e-02	2.14106e-01
  1.42e-01	  3.36e-02	2.13027e-01
  1.42e-01	  3.41e-02	2.11822e-01
  1.42e-01	  3.46e-02	2.10485e-01
  1.42e-01	  3.52e-02	2.09008e-01
  1.42e-01	  3.57e-02	2.07381e-01
  1.42e-01	  3.62e-02	2.05588e-01
  1.42e-01	  3.67e-02	2.03606e-01
  1.42e-01	  3.72e-02	2.01403e-01
  1.42e-01	  3.78e-02	1.98927e-01
  1.42e-01	  3.83e-02	1.96093e-01
  1.42e-01	  3.88e-02	1.92755e-01
  1.42e-01	  3.93e-02	1.88629e-01
  1.42e-01	  3.98e-02	1.79244e-01
  1.42e-01	  4.04e-02	6.53095e-34
  1.42e-01	  4.09e-02	9.78965e-67
  1.42e-01	  4.14e-02	1.46743e-99
  1.42e-01	  4.19e-02	2.19960e-132
  1.42e-01	  4.24e-02	3.29708e-165
  1.42e-01	  4.30e-02	4.94212e-198
  1.42e-01	  4.35e-02	7.40790e-231
  1.42e-01	  4.40e-02	1.11039e-263
  1.42e-01	  4.45e-02	1.66439e-296
  1.42e-01	  4.51e-02	9.88131e-324
  1.42e-01	  4.56e-02	9.88131e-324
  1.42e-01	  4.61e-02	9.88131e-324
  1.42e-01	  4.66e-02	9.88131e-324
  1.42e-01	  4.71e-02	9.88131e-324
  1.42e-01	  4.77e-02	9.88131e-324
  1.42e-01	  4.82e-02	9.88131e-324
  1.42e-01	  4.87e-02	9.88131e-324
  1.42e-01	  4.92e-02	9.88131e-324
  1.42e-01	  4.97e-02	9.88131e-324

  1.43e-01	  2.60e-04	9.88131e-324
  1.43e-01	  7.81e-04	9.88131e-324
  1.43e-01	  1.30e-03	9.88131e-324
  1.43e-01	  1.82e-03	9.88131e-324
  1.43e-01	  2.34e-03	9.88131e-324
  1.43e-01	  2.86e-03	9.88131e-324
  1.43e-01	  3.39e-03	9.88131e-324
  1.43e-01	  3.91e-03	9.88131e-324
  1.43e-01	  4.43e-03	9.88131e-324
  1.43e-01	  4.95e-03	1.27569e-296
  1.43e-01	  5.47e-03	8.51111e-264
  1.43e-01	  5.99e-03	5.67838e-231
  1.43e-01	  6.51e-03	3.78845e-198
  1.43e-01	  7.03e-03	2.52754e-165
  1.43e-01	  7.55e-03	1.68629e-132
  1.43e-01	  8.07e-03	1.12503e-99
  1.43e-01	  8.59e-03	7.50578e-67
  1.43e-01	  9.11e-03	5.00756e-34
  1.43e-01	  9.64e-03	1.45849e-01
  1.43e-01	  1.02e-02	1.55305e-01
  1.43e-01	  1.07e-02	1.59666e-01
  1.43e-01	  1.12e-02	1.63323e-01
  1.43e-01	  1.17e-02	1.66580e-01
  1.43e-01	  1.22e-02	1.69587e-01
  1.43e-01	  1.28e-02	1.72426e-01
  1.43e-01	  1.33e-02	1.75145e-01
  1.43e-01	  1.38e-02	1.77774e-01
  1.43e-01	  1.43e-02	1.80329e-01
  1.43e-01	  1.48e-02	1.82821e-01
  1.43e-01	  1.54e-02	1.85256e-01
  1.43e-01	  1.59e-02	1.87635e-01
  1.43e-01	  1.64e-02	1.89958e-01
  1.43e-01	  1.69e-02	1.92223e-01
  1.43e-01	  1.74e-02	1.94426e-01
  1.43e-01	  1.80e-02	1.96564e-01
  1.43e-01	  1.85e-02	1.98630e-01
  1.43e-01	  1.90e-02	2.00620e-01
  1.43e-01	  1.95e-02	2.02528e-01
  1.43e-01	  2.01e-02	2.04348e-01
  1.43e-01	  2.06e-02	2.06074e-01
  1.43e-01	  2.11e-02	2.07701e-01
  1.43e-01	  2.16e-02	2.09224e-01
  1.43e-01	  2.21e-02	2.10640e-01
  1.43e-01	  2.27e-02	2.11943e-01
  1.43e-01	  2.32e-02	2.13132e-01
  1.43e-01	  2.37e-02	2.14204e-01
  1.43e-01	  2.42e-02	2.15158e-01
  1.43e-01	  2.47e-02	2.15994e-01
  1.43e-01	  2.53e-02	2.16712e-01
  1.43e-01	  2.58e-02	2.17313e-01
  1.43e-01	  2.63e-02	2.17798e-01
  1.43e-01	  2.68e-02	2.18169e-01
  1.43e-01	  2.73e-02	2.18428e-01
  1.43e-01	  2.79e-02	2.18577e-01
  1.43e-01	  2.84e-02	2.18616e-01
  1.43e-01	  2.89e-02	2.18549e-01
  1.43e-01	  2.94e-02	2.18374e-01
  1.43e-01	  2.99e-02	2.18093e-01
  1.43e-01	  3.05e-02	2.17704e-01
  1.43e-01	  3.10e-02	2.17208e-01
  1.43e-01	  3.15e-02	2.16603e-01
  1.43e-01	  3.20e-02	2.15886e-01
  1.43e-01	  3.26e-02	2.15055e-01
  1.43e-01	  3.31e-02	2.14106e-01
  1.43e-01	  3.36e-02	2.13036e-01
  1.43e-01	  3.41e-02	2.11838e-01
  1.43e-01	  3.46e-02	2.10507e-01
  1.43e-01	  3.52e-02	2.09033e-01
  1.43e-01	  3.57e-02	2.07406e-01
  1.43e-01	  3.62e-02	2.05607e-01
  1.43e-01	  3.67e-02	2.03614e-01
  1.43e-01	  3.72e-02	2.01390e-01
  1.43e-01	  3.78e-02	1.98879e-01
  1.43e-01	  3.83e-02	1.95989e-01
  1.43e-01	  3.88e-02	1.92559e-01
  1.43e-01	  3.93e-02	1.88269e-01
  1.43e-01	  3.98e-02	1.78451e-01
  1.43e-01	  4.04e-02	6.49347e-34
  1.43e-01	  4.09e-02	9.73320e-67
  1.43e-01	  4.14e-02	1.45892e-99
  1.43e-01	  4.19e-02	2.18679e-132
  1.43e-01	  4.24e-02	3.27778e-165
  1.43e-01	  4.30e-02	4.91306e-198
  1.43e-01	  4.35e-02	7.36413e-231
  1.43e-01	  4.40e-02	1.10380e-263
  1.43e-01	  4.45e-02	1.65445e-296
  1.43e-01	  4.51e-02	9.88131e-324
  1.43e-01	  4.56e-02	9.88131e-324
  1.43e-01	  4.61e-02	9.88131e-324
  1.43e-01	  4.66e-02	9.88131e-324
  1.43e-01	  4.71e-02	9.88131e-324
  1.43e-01	  4.77e-02	9.88131e-324
  1.43e-01	  4.82e-02	9.88131e-324
  1.43e-01	  4.87e-02	9.88131e-324
  1.43e-01	  4.92e-02	9.88131e-324
  1.43e-01	  4.97e-02	9.88131e-324

  1.44e-01	  2.60e-04	1.68249e-315
  1.44e-01	  7.81e-04	1.68249e-315
  1.44e-01	  1.30e-03	1.68249e-315
  1.44e-01	  1.82e-03	1.68249e-315
  1.44e-01	  2.34e-03	1.68249e-315
  1.44e-01	  2.86e-03	1.68249e-315
  1.44e-01	  3.39e-03	1.68249e-315
  1.44e-01	  3.91e-03	1.68249e-315
  1.44e-01	  4.43e-03	1.68249e-315
  1.44e-01	  4.95e-03	1.26853e-296
  1.44e-01	  5.47e-03	8.46365e-264
  1.44e-01	  5.99e-03	5.64692e-231
  1.44e-01	  6.51e-03	3.76760e-198
  1.44e-01	  7.03e-03	2.51371e-165
  1.44e-01	  7.55e-03	1.67712e-132
  1.44e-01	  8.07e-03	1.11896e-99
  1.44e-01	  8.59e-03	7.46551e-67
  1.44e-01	  9.11e-03	4.98086e-34
  1.44e-01	  9.64e-03	1.45245e-01
  1.44e-01	  1.02e-02	1.55160e-01
  1.44e-01	  1.07e-02	1.59697e-01
  1.44e-01	  1.12e-02	1.63448e-01
  1.44e-01	  1.17e-02	1.66761e-01
  1.44e-01	  1.22e-02	1.69800e-01
  1.44e-01	  1.28e-02	1.72657e-01
  1.44e-01	  1.33e-02	1.75383e-01
  1.44e-01	  1.38e-02	1.78012e-01
  1.44e-01	  1.43e-02	1.80561e-01
  1.44e-01	  1.48e-02	1.83044e-01
  1.44e-01	  1.54e-02	1.85466e-01
  1.44e-01	  1.59e-02	1.87830e-01
  1.44e-01	  1.64e-02	1.90136e-01
  1.44e-01	  1.69e-02	1.92383e-01
  1.44e-01	  1.74e-02	1.94568e-01
  1.44e-01	  1.80e-02	1.96687e-01
  1.44e-01	  1.85e-02	1.98734e-01
  1.44e-01	  1.90e-02	2.00706e-01
  1.44e-01	  1.95e-02	2.02595e-01
  1.44e-01	  2.01e-02	2.04398e-01
  1.44e-01	  2.06e-02	2.06107e-01
  1.44e-01	  2.11e-02	2.07719e-01
  1.44e-01	  2.16e-02	2.09227e-01
  1.44e-01	  2.21e-02	2.10629e-01
  1.44e-01	  2.27e-02	2.11920e-01
  1.44e-01	  2.32e-02	2.13098e-01
  1.44e-01	  2.37e-02	2.14161e-01
  1.44e-01	  2.42e-02	2.15108e-01
  1.44e-01	  2.47e-02	2.15937e-01
  1.44e-01	  2.53e-02	2.16650e-01
  1.44e-01	  2.58e-02	2.17248e-01
  1.44e-01	  2.63e-02	2.17731e-01
  1.44e-01	  2.68e-02	2.18102e-01
  1.44e-01	  2.73e-02	2.18361e-01
  1.44e-01	  2.79e-02	2.18512e-01
  1.44e-01	  2.84e-02	2.18555e-01
  1.44e-01	  2.89e-02	2.18492e-01
  1.44e-01	  2.94e-02	2.18322e-01
  1.44e-01	  2.99e-02	2.18048e-01
  1.44e-01	  3.05e-02	2.17667e-01
  1.44e-01	  3.10e-02	2.17179e-01
  1.44e-01	  3.15e-02	2.16582e-01
  1.44e-01	  3.20e-02	2.15874e-01
  1.44e-01	  3.26e-02	2.15052e-01
  1.44e-01	  3.31e-02	2.14113e-01
  1.44e-01	  3.36e-02	2.13051e-01
  1.44e-01	  3.41e-02	2.11861e-01
  1.44e-01	  3.46e-02	2.10536e-01
  1.44e-01	  3.52e-02	2.09066e-01
  1.44e-01	  3.57e-02	2.07439e-01
  1.44e-01	  3.62e-02	2.05636e-01
  1.44e-01	  3.67e-02	2.03632e-01
  1.44e-01	  3.72e-02	2.01388e-01
  1.44e-01	  3.78e-02	1.98844e-01
  1.44e-01	  3.83e-02	1.95899e-01
  1.44e-01	  3.88e-02	1.92376e-01
  1.44e-01	  3.93e-02	1.87915e-01
  1.44e-01	  3.98e-02	1.77641e-01
  1.44e-01	  4.04e-02	6.45521e-34
  1.44e-01	  4.09e-02	9.67557e-67
  1.44e-01	  4.14e-02	1.45024e-99
  1.44e-01	  4.19e-02	2.17372e-132
  1.44e-01	  4.24e-02	3.25810e-165
  1.44e-01	  4.30e-02	4.88340e-198
  1.44e-01	  4.35e-02	7.31946e-231
  1.44e-01	  4.40e-02	1.09707e-263
  1.44e-01	  4.45e-02	1.64432e-296
  1.44e-01	  4.51e-02	1.68249e-315
  1.44e-01	  4.56e-02	1.68249e-315
  1.44e-01	  4.61e-02	1.68249e-315
  1.44e-01	  4.66e-02	1.68249e-315
  1.44e-01	  4.71e-02	1.68249e-315
  1.44e-01	  4.77e-02	1.68249e-315
  1.44e-01	  4.82e-02	1.68249e-315
  1.44e-01	  4.87e-02	1.68249e-315
  1.44e-01	  4.92e-02	1.68249e-315
  1.44e-01	  4.97e-02	1.68249e-315

  1.45e-01	  2.60e-04	9.52607e-284
  1.45e-01	  7.81e-04	9.52607e-284
  1.45e-01	  1.30e-03	9.52607e-284
  1.45e-01	  1.82e-03	9.52607e-284
  1.45e-01	  2.34e-03	9.52607e-284
  1.45e-01	  2.86e-03	9.52607e-284
  1.45e-01	  3.39e-03	9.52607e-284
  1.45e-01	  3.91e-03	9.52607e-284
  1.45e-01	  4.43e-03	9.52607e-284
  1.45e-01	  4.95e-03	9.52607e-284
  1.45e-01	  5.47e-03	8.41357e-264
  1.45e-01	  5.99e-03	5.61371e-231
  1.45e-01	  6.51e-03	3.74558e-198
  1.45e-01	  7.03e-03	2.49911e-165
  1.45e-01	  7.55e-03	1.66744e-132
  1.45e-01	  8.07e-03	1.11254e-99
  1.45e-01	  8.59e-03	7.42295e-67
  1.45e-01	  9.11e-03	4.95264e-34
  1.45e-01	  9.64e-03	1.44604e-01
  1.45e-01	  1.02e-02	1.55001e-01
  1.45e-01	  1.07e-02	1.59719e-01
  1.45e-01	  1.12e-02	1.63566e-01
  1.45e-01	  1.17e-02	1.66933e-01
  1.45e-01	  1.22e-02	1.70003e-01
  1.45e-01	  1.28e-02	1.72876e-01
  1.45e-01	  1.33e-02	1.75609e-01
  1.45e-01	  1.38e-02	1.78236e-01
  1.45e-01	  1.43e-02	1.80780e-01
  1.45e-01	  1.48e-02	1.83252e-01
  1.45e-01	  1.54e-02	1.85662e-01
  1.45e-01	  1.59e-02	1.88011e-01
  1.45e-01	  1.64e-02	1.90302e-01
  1.45e-01	  1.69e-02	1.92532e-01
  1.45e-01	  1.74e-02	1.94700e-01
  1.45e-01	  1.80e-02	1.96801e-01
  1.45e-01	  1.85e-02	1.98831e-01
  1.45e-01	  1.90e-02	2.00785e-01
  1.45e-01	  1.95e-02	2.02658e-01
  1.45e-01	  2.01e-02	2.04444e-01
  1.45e-01	  2.06e-02	2.06138e-01
  1.45e-01	  2.11e-02	2.07735e-01
  1.45e-01	  2.16e-02	2.09231e-01
  1.45e-01	  2.21e-02	2.10620e-01
  1.45e-01	  2.27e-02	2.11901e-01
  1.45e-01	  2.32e-02	2.13069e-01
  1.45e-01	  2.37e-02	2.14123e-01
  1.45e-01	  2.42e-02	2.15063e-01
  1.45e-01	  2.47e-02	2.15886e-01
  1.45e-01	  2.53e-02	2.16595e-01
  1.45e-01	  2.58e-02	2.17190e-01
  1.45e-01	  2.63e-02	2.17671e-01
  1.45e-01	  2.68e-02	2.18042e-01
  1.45e-01	  2.73e-02	2.18302e-01
  1.45e-01	  2.79e-02	2.18455e-01
  1.45e-01	  2.84e-02	2.18501e-01
  1.45e-01	  2.89e-02	2.18442e-01
  1.45e-01	  2.94e-02	2.18278e-01
  1.45e-01	  2.99e-02	2.18010e-01
  1.45e-01	  3.05e-02	2.17636e-01
  1.45e-01	  3.10e-02	2.17156e-01
  1.45e-01	  3.15e-02	2.16568e-01
  1.45e-01	  3.20e-02	2.15869e-01
  1.45e-01	  3.26e-02	2.15056e-01
  1.45e-01	  3.31e-02	2.14125e-01
  1.45e-01	  3.36e-02	2.13072e-01
  1.45e-01	  3.41e-02	2.11890e-01
  1.45e-01	  3.46e-02	2.10571e-01
  1.45e-01	  3.52e-02	2.09106e-01
  1.45e-01	  3.57e-02	2.07480e-01
  1.45e-01	  3.62e-02	2.05675e-01
  1.45e-01	  3.67e-02	2.03662e-01
  1.45e-01	  3.72e-02	2.01400e-01
  1.45e-01	  3.78e-02	1.98824e-01
  1.45e-01	  3.83e-02	1.95825e-01
  1.45e-01	  3.88e-02	1.92207e-01
  1.45e-01	  3.93e-02	1.87571e-01
  1.45e-01	  3.98e-02	1.76816e-01
  1.45e-01	  4.04e-02	6.41638e-34
  1.45e-01	  4.09e-02	9.61708e-67
  1.45e-01	  4.14e-02	1.44143e-99
  1.45e-01	  4.19e-02	2.16045e-132
  1.45e-01	  4.24e-02	3.23811e-165
  1.45e-01	  4.30e-02	4.85331e-198
  1.45e-01	  4.35e-02	7.27414e-231
  1.45e-01	  4.40e-02	1.09024e-263
  1.45e-01	  4.45e-02	9.52607e-284
  1.45e-01	  4.51e-02	9.52607e-284
  1.45e-01	  4.56e-02	9.52607e-284
  1.45e-01	  4.61e-02	9.52607e-284
  1.45e-01	  4.66e-02	9.52607e-284
  1.45e-01	  4.71e-02	9.52607e-284
  1.45e-01	  4.77e-02	9.52607e-284
  1.45e-01	  4.82e-02	9.52607e-284
  1.45e-01	  4.87e-02	9.52607e-284
  1.45e-01	  4.92e-02	9.52607e-284
  1.45e-01	  4.97e-02	9.52607e-284

  1.45e-01	  2.60e-04	4.62937e-252
  1.45e-01	  7.81e-04	4.62937e-252
  1.45e-01	  1.30e-03	4.62937e-252
  1.45e-01	  1.82e-03	4.62937e-252
  1.45e-01	  2.34e-03	4.62937e-252
  1.45e-01	  2.86e-03	4.62937e-252
  1.45e-01	  3.39e-03	4.62937e-252
  1.45e-01	  3.91e-03	4.62937e-252
  1.45e-01	  4.43e-03	4.62937e-252
  1.45e-01	  4.95e-03	4.62937e-252
  1.45e-01	  5.47e-03	4.62937e-252
  1.45e-01	  5.99e-03	5.57901e-231
  1.45e-01	  6.51e-03	3.72256e-198
  1.45e-01	  7.03e-03	2.48384e-165
  1.45e-01	  7.55e-03	1.65732e-132
  1.45e-01	  8.07e-03	1.10582e-99
  1.45e-01	  8.59e-03	7.37841e-67
  1.45e-01	  9.11e-03	4.92310e-34
  1.45e-01	  9.64e-03	1.43933e-01
  1.45e-01	  1.02e-02	1.54831e-01
  1.45e-01	  1.07e-02	1.59736e-01
  1.45e-01	  1.12e-02	1.63679e-01
  1.45e-01	  1.17e-02	1.67098e-01
  1.45e-01	  1.22e-02	1.70197e-01
  1.45e-01	  1.28e-02	1.73084e-01
  1.45e-01	  1.33e-02	1.75821e-01
  1.45e-01	  1.38e-02	1.78446e-01
  1.45e-01	  1.43e-02	1.80983e-01
  1.45e-01	  1.48e-02	1.83445e-01
  1.45e-01	  1.54e-02	1.85842e-01
  1.45e-01	  1.59e-02	1.88177e-01
  1.45e-01	  1.64e-02	1.90453e-01
  1.45e-01	  1.69e-02	1.92667e-01
  1.45e-01	  1.74e-02	1.94819e-01
  1.45e-01	  1.80e-02	1.96904e-01
  1.45e-01	  1.85e-02	1.98918e-01
  1.45e-01	  1.90e-02	2.00856e-01
  1.45e-01	  1.95e-02	2.02714e-01
  1.45e-01	  2.01e-02	2.04486e-01
  1.45e-01	  2.06e-02	2.06166e-01
  1.45e-01	  2.11e-02	2.07751e-01
  1.45e-01	  2.16e-02	2.09234e-01
  1.45e-01	  2.21e-02	2.10613e-01
  1.45e-01	  2.27e-02	2.11883e-01
  1.45e-01	  2.32e-02	2.13043e-01
  1.45e-01	  2.37e-02	2.14090e-01
  1.45e-01	  2.42e-02	2.15023e-01
  1.45e-01	  2.47e-02	2.15842e-01
  1.45e-01	  2.53e-02	2.16547e-01
  1.45e-01	  2.58e-02	2.17139e-01
  1.45e-01	  2.63e-02	2.17619e-01
  1.45e-01	  2.68e-02	2.17989e-01
  1.45e-01	  2.73e-02	2.18251e-01
  1.45e-01	  2.79e-02	2.18406e-01
  1.45e-01	  2.84e-02	2.18455e-01
  1.45e-01	  2.89e-02	2.18400e-01
  1.45e-01	  2.94e-02	2.18241e-01
  1.45e-01	  2.99e-02	2.17979e-01
  1.45e-01	  3.05e-02	2.17612e-01
  1.45e-01	  3.10e-02	2.17139e-01
  1.45e-01	  3.15e-02	2.16559e-01
  1.45e-01	  3.20e-02	2.15868e-01
  1.45e-01	  3.26e-02	2.15064e-01
  1.45e-01	  3.31e-02	2.14143e-01
  1.45e-01	  3.36e-02	2.13098e-01
  1.45e-01	  3.41e-02	2.11924e-01
  1.45e-01	  3.46e-02	2.10613e-01
  1.45e-01	  3.52e-02	2.09153e-01
  1.45e-01	  3.57e-02	2.07530e-01
  1.45e-01	  3.62e-02	2.05724e-01
  1.45e-01	  3.67e-02	2.03704e-01
  1.45e-01	  3.72e-02	2.01427e-01
  1.45e-01	  3.78e-02	1.98821e-01
  1.45e-01	  3.83e-02	1.95770e-01
  1.45e-01	  3.88e-02	1.92058e-01
  1.45e-01	  3.93e-02	1.87240e-01
  1.45e-01	  3.98e-02	1.75984e-01
  1.45e-01	  4.04e-02	6.37722e-34
  1.45e-01	  4.09e-02	9.55812e-67
  1.45e-01	  4.14e-02	1.43255e-99
  1.45e-01	  4.19e-02	2.14708e-132
  1.45e-01	  4.24e-02	3.21797e-165
  1.45e-01	  4.30e-02	4.82296e-198
  1.45e-01	  4.35e-02	7.22843e-231
  1.45e-01	  4.40e-02	4.62937e-252
  1.45e-01	  4.45e-02	4.62937e-252
  1.45e-01	  4.51e-02	4.62937e-252
  1.45e-01	  4.56e-02	4.62937e-252
  1.45e-01	  4.61e-02	4.62937e-252
  1.45e-01	  4.66e-02	4.62937e-252
  1.45e-01	  4.71e-02	4.62937e-252
  1.45e-01	  4.77e-02	4.62937e-252
  1.45e-01	  4.82e-02	4.62937e-252
  1.45e-01	  4.87e-02	4.62937e-252
  1.45e-01	  4.92e-02	4.62937e-252
  1.45e-01	  4.97e-02	4.62937e-252

  1.46e-01	  2.60e-04	1.87735e-220
  1.46e-01	  7.81e-04	1.87735e-220
  1.46e-01	  1.30e-03	1.87735e-220
  1.46e-01	  1.82e-03	1.87735e-220
  1.46e-01	  2.34e-03	1.87735e-220
  1.46e-01	  2.86e-03	1.87735e-220
  1.46e-01	  3.39e-03	1.87735e-220
  1.46e-01	  3.91e-03	1.87735e-220
  1.46e-01	  4.43e-03	1.87735e-220
  1.46e-01	  4.95e-03	1.87735e-220
  1.46e-01	  5.47e-03	1.87735e-220
  1.46e-01	  5.99e-03	1.87735e-220
  1.46e-01	  6.51e-03	3.69880e-198
  1.46e-01	  7.03e-03	2.46808e-165
  1.46e-01	  7.55e-03	1.64686e-132
  1.46e-01	  8.07e-03	1.09888e-99
  1.46e-01	  8.59e-03	7.33238e-67
  1.46e-01	  9.11e-03	4.89256e-34
  1.46e-01	  9.64e-03	1.43238e-01
  1.46e-01	  1.02e-02	1.54656e-01
  1.46e-01	  1.07e-02	1.59752e-01
  1.46e-01	  1.12e-02	1.63788e-01
  1.46e-01	  1.17e-02	1.67256e-01
  1.46e-01	  1.22e-02	1.70380e-01
  1.46e-01	  1.28e-02	1.73278e-01
  1.46e-01	  1.33e-02	1.76017e-01
  1.46e-01	  1.38e-02	1.78638e-01
  1.46e-01	  1.43e-02	1.81167e-01
  1.46e-01	  1.48e-02	1.83619e-01
  1.46e-01	  1.54e-02	1.86004e-01
  1.46e-01	  1.59e-02	1.88326e-01
  1.46e-01	  1.64e-02	1.90587e-01
  1.46e-01	  1.69e-02	1.92787e-01
  1.46e-01	  1.74e-02	1.94924e-01
  1.46e-01	  1.80e-02	1.96994e-01
  1.46e-01	  1.85e-02	1.98994e-01
  1.46e-01	  1.90e-02	2.00919e-01
  1.46e-01	  1.95e-02	2.02763e-01
  1.46e-01	  2.01e-02	2.04522e-01
  1.46e-01	  2.06e-02	2.06191e-01
  1.46e-01	  2.11e-02	2.07764e-01
  1.46e-01	  2.16e-02	2.09237e-01
  1.46e-01	  2.21e-02	2.10606e-01
  1.46e-01	  2.27e-02	2.11868e-01
  1.46e-01	  2.32e-02	2.13021e-01
  1.46e-01	  2.37e-02	2.14061e-01
  1.46e-01	  2.42e-02	2.14989e-01
  1.46e-01	  2.47e-02	2.15804e-01
  1.46e-01	  2.53e-02	2.16505e-01
  1.46e-01	  2.58e-02	2.17095e-01
  1.46e-01	  2.63e-02	2.17575e-01
  1.46e-01	  2.68e-02	2.17945e-01
  1.46e-01	  2.73e-02	2.18207e-01
  1.46e-01	  2.79e-02	2.18364e-01
  1.46e-01	  2.84e-02	2.18417e-01
  1.46e-01	  2.89e-02	2.18365e-01
  1.46e-01	  2.94e-02	2.18211e-01
  1.46e-01	  2.99e-02	2.17954e-01
  1.46e-01	  3.05e-02	2.17593e-01
  1.46e-01	  3.10e-02	2.17127e-01
  1.46e-01	  3.15e-02	2.16555e-01
  1.46e-01	  3.20e-02	2.15872e-01
  1.46e-01	  3.26e-02	2.15076e-01
  1.46e-01	  3.31e-02	2.14163e-01
  1.46e-01	  3.36e-02	2.13127e-01
  1.46e-01	  3.41e-02	2.11962e-01
  1.46e-01	  3.46e-02	2.10658e-01
  1.46e-01	  3.52e-02	2.09205e-01
  1.46e-01	  3.57e-02	2.07587e-01
  1.46e-01	  3.62e-02	2.05782e-01
  1.46e-01	  3.67e-02	2.03758e-01
  1.46e-01	  3.72e-02	2.01469e-01
  1.46e-01	  3.78e-02	1.98839e-01
  1.46e-01	  3.83e-02	1.95739e-01
  1.46e-01	  3.88e-02	1.91934e-01
  1.46e-01	  3.93e-02	1.86930e-01
  1.46e-01	  3.98e-02	1.75151e-01
  1.46e-01	  4.04e-02	6.33811e-34
  1.46e-01	  4.09e-02	9.49921e-67
  1.46e-01	  4.14e-02	1.42368e-99
  1.46e-01	  4.19e-02	2.13371e-132
  1.46e-01	  4.24e-02	3.19784e-165
  1.46e-01	  4.30e-02	4.79265e-198
  1.46e-01	  4.35e-02	1.87735e-220
  1.46e-01	  4.40e-02	1.87735e-220
  1.46e-01	  4.45e-02	1.87735e-220
  1.46e-01	  4.51e-02	1.87735e-220
  1.46e-01	  4.56e-02	1.87735e-220
  1.46e-01	  4.61e-02	1.87735e-220
  1.46e-01	  4.66e-02	1.87735e-220
  1.46e-01	  4.71e-02	1.87735e-220
  1.46e-01	  4.77e-02	1.87735e-220
  1.46e-01	  4.82e-02	1.87735e-220
  1.46e-01	  4.87e-02	1.87735e-220
  1.46e-01	  4.92e-02	1.87735e-220
  1.46e-01	  4.97e-02	1.87735e-220

  1.47e-01	  2.60e-04	6.09895e-189
  1.47e-01	  7.81e-04	6.09895e-189
  1.47e-01	  1.30e-03	6.09895e-189
  1.47e-01	  1.82e-03	6.09895e-189
  1.47e-01	  2.34e-03	6.09895e-189
  1.47e-01	  2.86e-03	6.09895e-189
  1.47e-01	  3.39e-03	6.09895e-189
  1.47e-01	  3.91e-03	6.09895e-189
  1.47e-01	  4.43e-03	6.09895e-189
  1.47e-01	  4.95e-03	6.09895e-189
  1.47e-01	  5.47e-03	6.09895e-189
  1.47e-01	  5.99e-03	6.09895e-189
  1.47e-01	  6.51e-03	6.09895e-189
  1.47e-01	  7.03e-03	2.45210e-165
  1.47e-01	  7.55e-03	1.63625e-132
  1.47e-01	  8.07e-03	1.09185e-99
  1.47e-01	  8.59e-03	7.28568e-67
  1.47e-01	  9.11e-03	4.86157e-34
  1.47e-01	  9.64e-03	1.42531e-01
  1.47e-01	  1.02e-02	1.54486e-01
  1.47e-01	  1.07e-02	1.59773e-01
  1.47e-01	  1.12e-02	1.63898e-01
  1.47e-01	  1.17e-02	1.67409e-01
  1.47e-01	  1.22e-02	1.70552e-01
  1.47e-01	  1.28e-02	1.73456e-01
  1.47e-01	  1.33e-02	1.76194e-01
  1.47e-01	  1.38e-02	1.78809e-01
  1.47e-01	  1.43e-02	1.81329e-01
  1.47e-01	  1.48e-02	1.83770e-01
  1.47e-01	  1.54e-02	1.86143e-01
  1.47e-01	  1.59e-02	1.88452e-01
  1.47e-01	  1.64e-02	1.90701e-01
  1.47e-01	  1.69e-02	1.92888e-01
  1.47e-01	  1.74e-02	1.95013e-01
  1.47e-01	  1.80e-02	1.97070e-01
  1.47e-01	  1.85e-02	1.99058e-01
  1.47e-01	  1.90e-02	2.00971e-01
  1.47e-01	  1.95e-02	2.02804e-01
  1.47e-01	  2.01e-02	2.04553e-01
  1.47e-01	  2.06e-02	2.06211e-01
  1.47e-01	  2.11e-02	2.07775e-01
  1.47e-01	  2.16e-02	2.09239e-01
  1.47e-01	  2.21e-02	2.10601e-01
  1.47e-01	  2.27e-02	2.11856e-01
  1.47e-01	  2.32e-02	2.13002e-01
  1.47e-01	  2.37e-02	2.14037e-01
  1.47e-01	  2.42e-02	2.14961e-01
  1.47e-01	  2.47e-02	2.15772e-01
  1.47e-01	  2.53e-02	2.16471e-01
  1.47e-01	  2.58e-02	2.17060e-01
  1.47e-01	  2.63e-02	2.17538e-01
  1.47e-01	  2.68e-02	2.17908e-01
  1.47e-01	  2.73e-02	2.18172e-01
  1.47e-01	  2.79e-02	2.18331e-01
  1.47e-01	  2.84e-02	2.18385e-01
  1.47e-01	  2.89e-02	2.18338e-01
  1.47e-01	  2.94e-02	2.18188e-01
  1.47e-01	  2.99e-02	2.17935e-01
  1.47e-01	  3.05e-02	2.17580e-01
  1.47e-01	  3.10e-02	2.17120e-01
  1.47e-01	  3.15e-02	2.16554e-01
  1.47e-01	  3.20e-02	2.15879e-01
  1.47e-01	  3.26e-02	2.15091e-01
  1.47e-01	  3.31e-02	2.14185e-01
  1.47e-01	  3.36e-02	2.13158e-01
  1.47e-01	  3.41e-02	2.12001e-01
  1.47e-01	  3.46e-02	2.10705e-01
  1.47e-01	  3.52e-02	2.09259e-01
  1.47e-01	  3.57e-02	2.07647e-01
  1.47e-01	  3.62e-02	2.05846e-01
  1.47e-01	  3.67e-02	2.03823e-01
  1.47e-01	  3.72e-02	2.01527e-01
  1.47e-01	  3.78e-02	1.98877e-01
  1.47e-01	  3.83e-02	1.95735e-01
  1.47e-01	  3.88e-02	1.91842e-01
  1.47e-01	  3.93e-02	1.86651e-01
  1.47e-01	  3.98e-02	1.74329e-01
  1.47e-01	  4.04e-02	6.29963e-34
  1.47e-01	  4.09e-02	9.44126e-67
  1.47e-01	  4.14e-02	1.41495e-99
  1.47e-01	  4.19e-02	2.12057e-132
  1.47e-01	  4.24e-02	3.17805e-165
  1.47e-01	  4.30e-02	6.09895e-189
  1.47e-01	  4.35e-02	6.09895e-189
  1.47e-01	  4.40e-02	6.09895e-189
  1.47e-01	  4.45e-02	6.09895e-189
  1.47e-01	  4.51e-02	6.09895e-189
  1.47e-01	  4.56e-02	6.09895e-189
  1.47e-01	  4.61e-02	6.09895e-189
  1.47e-01	  4.66e-02	6.09895e-189
  1.47e-01	  4.71e-02	6.09895e-189
  1.47e-01	  4.77e-02	6.09895e-189
  1.47e-01	  4.82e-02	6.09895e-189
  1.47e-01	  4.87e-02	6.09895e-189
  1.47e-01	  4.92e-02	6.09895e-189
  1.47e-01	  4.97e-02	6.09895e-189

  1.48e-01	  2.60e-04	1.48807e-157
  1.48e-01	  7.81e-04	1.48807e-157
  1.48e-01	  1.30e-03	1.48807e-157
  1.48e-01	  1.82e-03	1.48807e-157
  1.48e-01	  2.34e-03	1.48807e-157
  1.48e-01	  2.86e-03	1.48807e-157
  1.48e-01	  3.39e-03	1.48807e-157
  1.48e-01	  3.91e-03	1.48807e-157
  1.48e-01	  4.43e-03	1.48807e-157
  1.48e-01	  4.95e-03	1.48807e-157
  1.48e-01	  5.47e-03	1.48807e-157
  1.48e-01	  5.99e-03	1.48807e-157
  1.48e-01	  6.51e-03	1.48807e-157
  1.48e-01	  7.03e-03	1.48807e-157
  1.48e-01	  7.55e-03	1.62583e-132
  1.48e-01	  8.07e-03	1.08493e-99
  1.48e-01	  8.59e-03	7.23975e-67
  1.48e-01	  9.11e-03	4.83109e-34
  1.48e-01	  9.64e-03	1.41832e-01
  1.48e-01	  1.02e-02	1.54335e-01
  1.48e-01	  1.07e-02	1.59806e-01
  1.48e-01	  1.12e-02	1.64010e-01
  1.48e-01	  1.17e-02	1.67554e-01
  1.48e-01	  1.22e-02	1.70708e-01
  1.48e-01	  1.28e-02	1.73612e-01
  1.48e-01	  1.33e-02	1.76345e-01
  1.48e-01	  1.38e-02	1.78952e-01
  1.48e-01	  1.43e-02	1.81462e-01
  1.48e-01	  1.48e-02	1.83893e-01
  1.48e-01	  1.54e-02	1.86255e-01
  1.48e-01	  1.59e-02	1.88554e-01
  1.48e-01	  1.64e-02	1.90791e-01
  1.48e-01	  1.69e-02	1.92968e-01
  1.48e-01	  1.74e-02	1.95082e-01
  1.48e-01	  1.80e-02	1.97130e-01
  1.48e-01	  1.85e-02	1.99108e-01
  1.48e-01	  1.90e-02	2.01012e-01
  1.48e-01	  1.95e-02	2.02836e-01
  1.48e-01	  2.01e-02	2.04576e-01
  1.48e-01	  2.06e-02	2.06227e-01
  1.48e-01	  2.11e-02	2.07783e-01
  1.48e-01	  2.16e-02	2.09241e-01
  1.48e-01	  2.21e-02	2.10597e-01
  1.48e-01	  2.27e-02	2.11846e-01
  1.48e-01	  2.32e-02	2.12988e-01
  1.48e-01	  2.37e-02	2.14019e-01
  1.48e-01	  2.42e-02	2.14939e-01
  1.48e-01	  2.47e-02	2.15748e-01
  1.48e-01	  2.53e-02	2.16445e-01
  1.48e-01	  2.58e-02	2.17032e-01
  1.48e-01	  2.63e-02	2.17510e-01
  1.48e-01	  2.68e-02	2.17881e-01
  1.48e-01	  2.73e-02	2.18145e-01
  1.48e-01	  2.79e-02	2.18305e-01
  1.48e-01	  2.84e-02	2.18362e-01
  1.48e-01	  2.89e-02	2.18317e-01
  1.48e-01	  2.94e-02	2.18170e-01
  1.48e-01	  2.99e-02	2.17922e-01
  1.48e-01	  3.05e-02	2.17571e-01
  1.48e-01	  3.10e-02	2.17116e-01
  1.48e-01	  3.15e-02	2.16556e-01
  1.48e-01	  3.20e-02	2.15886e-01
  1.48e-01	  3.26e-02	2.15105e-01
  1.48e-01	  3.31e-02	2.14207e-01
  1.48e-01	  3.36e-02	2.13186e-01
  1.48e-01	  3.41e-02	2.12037e-01
  1.48e-01	  3.46e-02	2.10750e-01
  1.48e-01	  3.52e-02	2.09312e-01
  1.48e-01	  3.57e-02	2.07707e-01
  1.48e-01	  3.62e-02	2.05913e-01
  1.48e-01	  3.67e-02	2.03894e-01
  1.48e-01	  3.72e-02	2.01596e-01
  1.48e-01	  3.78e-02	1.98935e-01
  1.48e-01	  3.83e-02	1.95761e-01
  1.48e-01	  3.88e-02	1.91791e-01
  1.48e-01	  3.93e-02	1.86419e-01
  1.48e-01	  3.98e-02	1.73541e-01
  1.48e-01	  4.04e-02	6.26282e-34
  1.48e-01	  4.09e-02	9.38582e-67
  1.48e-01	  4.14e-02	1.40660e-99
  1.48e-01	  4.19e-02	2.10799e-132
  1.48e-01	  4.24e-02	1.48807e-157
  1.48e-01	  4.30e-02	1.48807e-157
  1.48e-01	  4.35e-02	1.48807e-157
  1.48e-01	  4.40e-02	1.48807e-157
  1.48e-01	  4.45e-02	1.48807e-157
  1.48e-01	  4.51e-02	1.48807e-157
  1.48e-01	  4.56e-02	1.48807e-157
  1.48e-01	  4.61e-02	1.48807e-157
  1.48e-01	  4.66e-02	1.48807e-157
  1.48e-01	  4.71e-02	1.48807e-157
  1.48e-01	  4.77e-02	1.48807e-157
  1.48e-01	  4.82e-02	1.48807e-157
  1.48e-01	  4.87e-02	1.48807e-157
  1.48e-01	  4.92e-02	1.48807e-157
  1.48e-01	  4.97e-02	1.48807e-157

  1.48e-01	  2.60e-04	2.42382e-126
  1.48e-01	  7.81e-04	2.42382e-126
  1.48e-01	  1.30e-03	2.42382e-126
  1.48e-01	  1.82e-03	2.42382e-126
  1.48e-01	  2.34e-03	2.42382e-126
  1.48e-01	  2.86e-03	2.42382e-126
  1.48e-01	  3.39e-03	2.42382e-126
  1.48e-01	  3.91e-03	2.42382e-126
  1.48e-01	  4.43e-03	2.42382e-126
  1.48e-01	  4.95e-03	2.42382e-126
  1.48e-01	  5.47e-03	2.42382e-126
  1.48e-01	  5.99e-03	2.42382e-126
  1.48e-01	  6.51e-03	2.42382e-126
  1.48e-01	  7.03e-03	2.42382e-126
  1.48e-01	  7.55e-03	2.42383e-126
  1.48e-01	  8.07e-03	1.07857e-99
  1.48e-01	  8.59e-03	7.19754e-67
  1.48e-01	  9.11e-03	4.80307e-34
  1.48e-01	  9.64e-03	1.41186e-01
  1.48e-01	  1.02e-02	1.54226e-01
  1.48e-01	  1.07e-02	1.59860e-01
  1.48e-01	  1.12e-02	1.64122e-01
  1.48e-01	  1.17e-02	1.67683e-01
  1.48e-01	  1.22e-02	1.70838e-01
  1.48e-01	  1.28e-02	1.73736e-01
  1.48e-01	  1.33e-02	1.76460e-01
  1.48e-01	  1.38e-02	1.79058e-01
  1.48e-01	  1.43e-02	1.81559e-01
  1.48e-01	  1.48e-02	1.83981e-01
  1.48e-01	  1.54e-02	1.86334e-01
  1.48e-01	  1.59e-02	1.88624e-01
  1.48e-01	  1.64e-02	1.90854e-01
  1.48e-01	  1.69e-02	1.93023e-01
  1.48e-01	  1.74e-02	1.95130e-01
  1.48e-01	  1.80e-02	1.97171e-01
  1.48e-01	  1.85e-02	1.99142e-01
  1.48e-01	  1.90e-02	2.01040e-01
  1.48e-01	  1.95e-02	2.02858e-01
  1.48e-01	  2.01e-02	2.04592e-01
  1.48e-01	  2.06e-02	2.06238e-01
  1.48e-01	  2.11e-02	2.07789e-01
  1.48e-01	  2.16e-02	2.09243e-01
  1.48e-01	  2.21e-02	2.10594e-01
  1.48e-01	  2.27e-02	2.11840e-01
  1.48e-01	  2.32e-02	2.12978e-01
  1.48e-01	  2.37e-02	2.14007e-01
  1.48e-01	  2.42e-02	2.14925e-01
  1.48e-01	  2.47e-02	2.15732e-01
  1.48e-01	  2.53e-02	2.16428e-01
  1.48e-01	  2.58e-02	2.17014e-01
  1.48e-01	  2.63e-02	2.17492e-01
  1.48e-01	  2.68e-02	2.17863e-01
  1.48e-01	  2.73e-02	2.18128e-01
  1.48e-01	  2.79e-02	2.18289e-01
  1.48e-01	  2.84e-02	2.18348e-01
  1.48e-01	  2.89e-02	2.18304e-01
  1.48e-01	  2.94e-02	2.18160e-01
  1.48e-01	  2.99e-02	2.17914e-01
  1.48e-01	  3.05e-02	2.17566e-01
  1.48e-01	  3.10e-02	2.17115e-01
  1.48e-01	  3.15e-02	2.16559e-01
  1.48e-01	  3.20e-02	2.15894e-01
  1.48e-01	  3.26e-02	2.15117e-01
  1.48e-01	  3.31e-02	2.14224e-01
  1.48e-01	  3.36e-02	2.13210e-01
  1.48e-01	  3.41e-02	2.12067e-01
  1.48e-01	  3.46e-02	2.10786e-01
  1.48e-01	  3.52e-02	2.09356e-01
  1.48e-01	  3.57e-02	2.07759e-01
  1.48e-01	  3.62e-02	2.05973e-01
  1.48e-01	  3.67e-02	2.03962e-01
  1.48e-01	  3.72e-02	2.01670e-01
  1.48e-01	  3.78e-02	1.99007e-01
  1.48e-01	  3.83e-02	1.95816e-01
  1.48e-01	  3.88e-02	1.91790e-01
  1.48e-01	  3.93e-02	1.86258e-01
  1.48e-01	  3.98e-02	1.72829e-01
  1.48e-01	  4.04e-02	6.22979e-34
  1.48e-01	  4.09e-02	9.33607e-67
  1.48e-01	  4.14e-02	1.39911e-99
  1.48e-01	  4.19e-02	2.42383e-126
  1.48e-01	  4.24e-02	2.42382e-126
  1.48e-01	  4.30e-02	2.42382e-126
  1.48e-01	  4.35e-02	2.42382e-126
  1.48e-01	  4.40e-02	2.42382e-126
  1.48e-01	  4.45e-02	2.42382e-126
  1.48e-01	  4.51e-02	2.42382e-126
  1.48e-01	  4.56e-02	2.42382e-126
  1.48e-01	  4.61e-02	2.42382e-126
  1.48e-01	  4.66e-02	2.42382e-126
  1.48e-01	  4.71e-02	2.42382e-126
  1.48e-01	  4.77e-02	2.42382e-126
  1.48e-01	  4.82e-02	2.42382e-126
  1.48e-01	  4.87e-02	2.42382e-126
  1.48e-01	  4.92e-02	2.42382e-126
  1.48e-01	  4.97e-02	2.42382e-126

  1.49e-01	  2.60e-04	1.97673e-95
  1.49e-01	  7.81e-04	1.97673e-95
  1.49e-01	  1.30e-03	1.97673e-95
  1.49e-01	  1.82e-03	1.97673e-95
  1.49e-01	  2.34e-03	1.97673e-95
  1.49e-01	  2.86e-03	1.97673e-95
  1.49e-01	  3.39e-03	1.97673e-95
  1.49e-01	  3.91e-03	1.97673e-95
  1.49e-01	  4.43e-03	1.97673e-95
  1.49e-01	  4.95e-03	1.97673e-95
  1.49e-01	  5.47e-03	1.97673e-95
  1.49e-01	  5.99e-03	1.97673e-95
  1.49e-01	  6.51e-03	1.97673e-95
  1.49e-01	  7.03e-03	1.97673e-95
  1.49e-01	  7.55e-03	1.97673e-95
  1.49e-01	  8.07e-03	1.97684e-95
  1.49e-01	  8.59e-03	7.16648e-67
  1.49e-01	  9.11e-03	4.78244e-34
  1.49e-01	  9.64e-03	1.40695e-01
  1.49e-01	  1.02e-02	1.54190e-01
  1.49e-01	  1.07e-02	1.59928e-01
  1.49e-01	  1.12e-02	1.64213e-01
  1.49e-01	  1.17e-02	1.67775e-01
  1.49e-01	  1.22e-02	1.70923e-01
  1.49e-01	  1.28e-02	1.73811e-01
  1.49e-01	  1.33e-02	1.76526e-01
  1.49e-01	  1.38e-02	1.79116e-01
  1.49e-01	  1.43e-02	1.81610e-01
  1.49e-01	  1.48e-02	1.84026e-01
  1.49e-01	  1.54e-02	1.86374e-01
  1.49e-01	  1.59e-02	1.88660e-01
  1.49e-01	  1.64e-02	1.90886e-01
  1.49e-01	  1.69e-02	1.93051e-01
  1.49e-01	  1.74e-02	1.95154e-01
  1.49e-01	  1.80e-02	1.97191e-01
  1.49e-01	  1.85e-02	1.99159e-01
  1.49e-01	  1.90e-02	2.01054e-01
  1.49e-01	  1.95e-02	2.02869e-01
  1.49e-01	  2.01e-02	2.04601e-01
  1.49e-01	  2.06e-02	2.06244e-01
  1.49e-01	  2.11e-02	2.07793e-01
  1.49e-01	  2.16e-02	2.09244e-01
  1.49e-01	  2.21e-02	2.10594e-01
  1.49e-01	  2.27e-02	2.11838e-01
  1.49e-01	  2.32e-02	2.12975e-01
  1.49e-01	  2.37e-02	2.14002e-01
  1.49e-01	  2.42e-02	2.14919e-01
  1.49e-01	  2.47e-02	2.15725e-01
  1.49e-01	  2.53e-02	2.16421e-01
  1.49e-01	  2.58e-02	2.17007e-01
  1.49e-01	  2.63e-02	2.17485e-01
  1.49e-01	  2.68e-02	2.17855e-01
  1.49e-01	  2.73e-02	2.18121e-01
  1.49e-01	  2.79e-02	2.18282e-01
  1.49e-01	  2.84e-02	2.18342e-01
  1.49e-01	  2.89e-02	2.18300e-01
  1.49e-01	  2.94e-02	2.18156e-01
  1.49e-01	  2.99e-02	2.17912e-01
  1.49e-01	  3.05e-02	2.17566e-01
  1.49e-01	  3.10e-02	2.17116e-01
  1.49e-01	  3.15e-02	2.16562e-01
  1.49e-01	  3.20e-02	2.15899e-01
  1.49e-01	  3.26e-02	2.15125e-01
  1.49e-01	  3.31e-02	2.14235e-01
  1.49e-01	  3.36e-02	2.13224e-01
  1.49e-01	  3.41e-02	2.12085e-01
  1.49e-01	  3.46e-02	2.10809e-01
  1.49e-01	  3.52e-02	2.09384e-01
  1.49e-01	  3.57e-02	2.07793e-01
  1.49e-01	  3.62e-02	2.06014e-01
  1.49e-01	  3.67e-02	2.04011e-01
  1.49e-01	  3.72e-02	2.01728e-01
  1.49e-01	  3.78e-02	1.99073e-01
  1.49e-01	  3.83e-02	1.95880e-01
  1.49e-01	  3.88e-02	1.91832e-01
  1.49e-01	  3.93e-02	1.86198e-01
  1.49e-01	  3.98e-02	1.72299e-01
  1.49e-01	  4.04e-02	6.20597e-34
  1.49e-01	  4.09e-02	9.30021e-67
  1.49e-01	  4.14e-02	1.97687e-95
  1.49e-01	  4.19e-02	1.97673e-95
  1.49e-01	  4.24e-02	1.97673e-95
  1.49e-01	  4.30e-02	1.97673e-95
  1.49e-01	  4.35e-02	1.97673e-95
  1.49e-01	  4.40e-02	1.97673e-95
  1.49e-01	  4.45e-02	1.97673e-95
  1.49e-01	  4.51e-02	1.97673e-95
  1.49e-01	  4.56e-02	1.97673e-95
  1.49e-01	  4.61e-02	1.97673e-95
  1.49e-01	  4.66e-02	1.97673e-95
  1.49e-01	  4.71e-02	1.97673e-95
  1.49e-01	  4.77e-02	1.97673e-95
  1.49e-01	  4.82e-02	1.97673e-95
  1.49e-01	  4.87e-02	1.97673e-95
  1.49e-01	  4.92e-02	1.97673e-95
  1.49e-01	  4.97e-02	1.97673e-95

